canonical_keyword,keyword_set_mode,keyword,video_id,title,published_at,view_count,like_count,comment_count,url,source,term,term_type,term_weight,collected_at,views,likes,comments,engagements,author,snippet,raw_payload
오버핏 셔츠,single_term_fallback,오버핏 셔츠,GpQyp3qHTsM,핏이 예술인 오버핏 셔츠 🩵,2026-06-11T09:12:33Z,323,2,0,https://www.youtube.com/watch?v=GpQyp3qHTsM,youtube,오버핏 셔츠,canonical,1.0,2026-06-11T10:36:57.857845+00:00,323,2,0,2,MinHee Archive,"Steal Minhee's Fit 🛒

루즈한 실루엣이 몸매 라인을 자연스럽게 잡아주는 오버핏 셔츠에 맥시 스커트를 매치한 레이어드 룩. 얇고 가벼운 소재감이 단독으로도, 레이어드로도 완벽하게 소화되는 데일리 필수 아이템.

#오버핏셔츠 #맥시스커트 #레이어드룩 #데일리룩 #미니멀패션

👇 Shop the Fit
https://stealmyfit.com/minhee

#GRWM #fitcheck #ootd #dailylook #kfashion #shorts","{""kind"": ""youtube#video"", ""etag"": ""80d6yVbekQq2kRfUem4oFKFNkVg"", ""id"": ""GpQyp3qHTsM"", ""snippet"": {""publishedAt"": ""2026-06-11T09:12:33Z"", ""channelId"": ""UCEdZ2WNW8lRQ8uiKZ2qu3Jw"", ""title"": ""핏이 예술인 오버핏 셔츠 🩵"", ""description"": ""Steal Minhee's Fit 🛒\n\n루즈한 실루엣이 몸매 라인을 자연스럽게 잡아주는 오버핏 셔츠에 맥시 스커트를 매치한 레이어드 룩. 얇고 가벼운 소재감이 단독으로도, 레이어드로도 완벽하게 소화되는 데일리 필수 아이템.\n\n#오버핏셔츠 #맥시스커트 #레이어드룩 #데일리룩 #미니멀패션\n\n👇 Shop the Fit\nhttps://stealmyfit.com/minhee\n\n#GRWM #fitcheck #ootd #dailylook #kfashion #shorts"", ""thumbnails"": {""default"": {""url"": ""https://i.ytimg.com/vi/GpQyp3qHTsM/default.jpg"", ""width"": 120, ""height"": 90}, ""medium"": {""url"": ""https://i.ytimg.com/vi/GpQyp3qHTsM/mqdefault.jpg"", ""width"": 320, ""height"": 180}, ""high"": {""url"": ""https://i.ytimg.com/vi/GpQyp3qHTsM/hqdefault.jpg"", ""width"": 480, ""height"": 360}, ""standard"": {""url"": ""https://i.ytimg.com/vi/GpQyp3qHTsM/sddefault.jpg"", ""width"": 640, ""height"": 480}, ""maxres"": {""url"": ""https://i.ytimg.com/vi/GpQyp3qHTsM/maxresdefault.jpg"", ""width"": 1280, ""height"": 720}}, ""channelTitle"": ""MinHee Archive"", ""categoryId"": ""26"", ""liveBroadcastContent"": ""none"", ""defaultLanguage"": ""ko"", ""localized"": {""title"": ""핏이 예술인 오버핏 셔츠 🩵"", ""description"": ""Steal Minhee's Fit 🛒\n\n루즈한 실루엣이 몸매 라인을 자연스럽게 잡아주는 오버핏 셔츠에 맥시 스커트를 매치한 레이어드 룩. 얇고 가벼운 소재감이 단독으로도, 레이어드로도 완벽하게 소화되는 데일리 필수 아이템.\n\n#오버핏셔츠 #맥시스커트 #레이어드룩 #데일리룩 #미니멀패션\n\n👇 Shop the Fit\nhttps://stealmyfit.com/minhee\n\n#GRWM #fitcheck #ootd #dailylook #kfashion #shorts""}, ""defaultAudioLanguage"": ""en""}, ""statistics"": {""viewCount"": ""323"", ""likeCount"": ""2"", ""favoriteCount"": ""0"", ""commentCount"": ""0""}}"
오버핏 셔츠,single_term_fallback,오버핏 셔츠,82yeTNhgbD4,요즘 매일 입게 되는 피그먼트 오버핏 반팔👕✨,2026-06-11T07:53:11Z,165,0,0,https://www.youtube.com/watch?v=82yeTNhgbD4,youtube,오버핏 셔츠,canonical,1.0,2026-06-11T10:36:57.857845+00:00,165,0,0,0,비버리힐즈폴로클럽,"빈티지한 피그먼트 워싱과 클래식 자수 로고 포인트✨

여유로운 오버핏으로 남녀 누구나 편하게 착용 가능합니다.

✔ 피그먼트 워싱 특유의 빈티지 감성
✔ 부담 없는 데일리 오버핏
✔ 남녀공용 착용 가능
✔ 클래식 자수 로고 포인트
✔ 여름 데일리룩 추천

비버리힐즈폴로클럽 피그먼트 반팔 티셔츠로 편안하고 멋스러운 스타일을 완성해보세요.

#비버리힐즈폴로클럽
#피그먼트티셔츠
#피그먼트반팔
#오버핏반팔
#오버핏티셔츠
#남녀공용반팔
#남녀공용티셔츠
#여름반팔
#반팔티추천
#데일리룩
#여름코디
#커플룩
#스트릿패션
#캐주얼룩
#여름패션
#쇼츠
#유튜브쇼츠
#패션쇼츠
#반팔티
#티셔츠추천","{""kind"": ""youtube#video"", ""etag"": ""p300IMvJcJngSd65WO1eprQ-CAU"", ""id"": ""82yeTNhgbD4"", ""snippet"": {""publishedAt"": ""2026-06-11T07:53:11Z"", ""channelId"": ""UCx01s-ZuYg6wQaO66PFQIXw"", ""title"": ""요즘 매일 입게 되는 피그먼트 오버핏 반팔👕✨"", ""description"": ""빈티지한 피그먼트 워싱과 클래식 자수 로고 포인트✨\n\n여유로운 오버핏으로 남녀 누구나 편하게 착용 가능합니다.\n\n✔ 피그먼트 워싱 특유의 빈티지 감성\n✔ 부담 없는 데일리 오버핏\n✔ 남녀공용 착용 가능\n✔ 클래식 자수 로고 포인트\n✔ 여름 데일리룩 추천\n\n비버리힐즈폴로클럽 피그먼트 반팔 티셔츠로 편안하고 멋스러운 스타일을 완성해보세요.\n\n#비버리힐즈폴로클럽\n#피그먼트티셔츠\n#피그먼트반팔\n#오버핏반팔\n#오버핏티셔츠\n#남녀공용반팔\n#남녀공용티셔츠\n#여름반팔\n#반팔티추천\n#데일리룩\n#여름코디\n#커플룩\n#스트릿패션\n#캐주얼룩\n#여름패션\n#쇼츠\n#유튜브쇼츠\n#패션쇼츠\n#반팔티\n#티셔츠추천"", ""thumbnails"": {""default"": {""url"": ""https://i.ytimg.com/vi/82yeTNhgbD4/default.jpg"", ""width"": 120, ""height"": 90}, ""medium"": {""url"": ""https://i.ytimg.com/vi/82yeTNhgbD4/mqdefault.jpg"", ""width"": 320, ""height"": 180}, ""high"": {""url"": ""https://i.ytimg.com/vi/82yeTNhgbD4/hqdefault.jpg"", ""width"": 480, ""height"": 360}, ""standard"": {""url"": ""https://i.ytimg.com/vi/82yeTNhgbD4/sddefault.jpg"", ""width"": 640, ""height"": 480}, ""maxres"": {""url"": ""https://i.ytimg.com/vi/82yeTNhgbD4/maxresdefault.jpg"", ""width"": 1280, ""height"": 720}}, ""channelTitle"": ""비버리힐즈폴로클럽"", ""categoryId"": ""22"", ""liveBroadcastContent"": ""none"", ""defaultLanguage"": ""ko"", ""localized"": {""title"": ""요즘 매일 입게 되는 피그먼트 오버핏 반팔👕✨"", ""description"": ""빈티지한 피그먼트 워싱과 클래식 자수 로고 포인트✨\n\n여유로운 오버핏으로 남녀 누구나 편하게 착용 가능합니다.\n\n✔ 피그먼트 워싱 특유의 빈티지 감성\n✔ 부담 없는 데일리 오버핏\n✔ 남녀공용 착용 가능\n✔ 클래식 자수 로고 포인트\n✔ 여름 데일리룩 추천\n\n비버리힐즈폴로클럽 피그먼트 반팔 티셔츠로 편안하고 멋스러운 스타일을 완성해보세요.\n\n#비버리힐즈폴로클럽\n#피그먼트티셔츠\n#피그먼트반팔\n#오버핏반팔\n#오버핏티셔츠\n#남녀공용반팔\n#남녀공용티셔츠\n#여름반팔\n#반팔티추천\n#데일리룩\n#여름코디\n#커플룩\n#스트릿패션\n#캐주얼룩\n#여름패션\n#쇼츠\n#유튜브쇼츠\n#패션쇼츠\n#반팔티\n#티셔츠추천""}, ""defaultAudioLanguage"": ""en""}, ""statistics"": {""viewCount"": ""165"", ""likeCount"": ""0"", ""favoriteCount"": ""0"", ""commentCount"": ""0""}}"
오버핏 셔츠,single_term_fallback,오버핏 셔츠,jjTjYRSJBpk,자연스럽게 멋스러운 오버핏 룩 심플한데 분위기까지 느껴지네요🏖️,2026-06-11T02:11:50Z,362,3,0,https://www.youtube.com/watch?v=jjTjYRSJBpk,youtube,오버핏 셔츠,canonical,1.0,2026-06-11T10:36:57.857845+00:00,362,3,0,3,오브미 (ovme),"👯‍♂️모델사이즈 
⭐️상의 : 66(어깨 있는 편)
⭐️하의 : 66 

👚뱅줄 티셔츠
⭐️색상 : 스트라이프,블랙
⭐️사이즈 :  F
 
‼️문의는 DM이라 카톡채널로 

#삥줄티셔츠 #스트라이프티셔츠 #오버핏티셔츠 #여름티셔츠 #데일리룩 #캐주얼룩 #편한티셔츠 #루즈핏티셔츠 #코튼티셔츠 #쫀쫀한티셔츠 #데일리코디 #심플룩 #꾸안꾸룩 #여성티셔츠 #반팔티추천 #여름코디 #스트라이프코디 #오브미 #데일리패션 #감성룩","{""kind"": ""youtube#video"", ""etag"": ""aTfH1TdmnojLqrI-6MrM7K9Qk2c"", ""id"": ""jjTjYRSJBpk"", ""snippet"": {""publishedAt"": ""2026-06-11T02:11:50Z"", ""channelId"": ""UCfnI7YZw2wrkmZoslQAlUhA"", ""title"": ""자연스럽게 멋스러운 오버핏 룩 심플한데 분위기까지 느껴지네요🏖️"", ""description"": ""👯‍♂️모델사이즈 \n⭐️상의 : 66(어깨 있는 편)\n⭐️하의 : 66 \n\n👚뱅줄 티셔츠\n⭐️색상 : 스트라이프,블랙\n⭐️사이즈 :  F\n \n‼️문의는 DM이라 카톡채널로 \n\n#삥줄티셔츠 #스트라이프티셔츠 #오버핏티셔츠 #여름티셔츠 #데일리룩 #캐주얼룩 #편한티셔츠 #루즈핏티셔츠 #코튼티셔츠 #쫀쫀한티셔츠 #데일리코디 #심플룩 #꾸안꾸룩 #여성티셔츠 #반팔티추천 #여름코디 #스트라이프코디 #오브미 #데일리패션 #감성룩"", ""thumbnails"": {""default"": {""url"": ""https://i.ytimg.com/vi/jjTjYRSJBpk/default.jpg"", ""width"": 120, ""height"": 90}, ""medium"": {""url"": ""https://i.ytimg.com/vi/jjTjYRSJBpk/mqdefault.jpg"", ""width"": 320, ""height"": 180}, ""high"": {""url"": ""https://i.ytimg.com/vi/jjTjYRSJBpk/hqdefault.jpg"", ""width"": 480, ""height"": 360}, ""standard"": {""url"": ""https://i.ytimg.com/vi/jjTjYRSJBpk/sddefault.jpg"", ""width"": 640, ""height"": 480}, ""maxres"": {""url"": ""https://i.ytimg.com/vi/jjTjYRSJBpk/maxresdefault.jpg"", ""width"": 1280, ""height"": 720}}, ""channelTitle"": ""오브미 (ovme)"", ""categoryId"": ""22"", ""liveBroadcastContent"": ""none"", ""defaultLanguage"": ""ko"", ""localized"": {""title"": ""자연스럽게 멋스러운 오버핏 룩 심플한데 분위기까지 느껴지네요🏖️"", ""description"": ""👯‍♂️모델사이즈 \n⭐️상의 : 66(어깨 있는 편)\n⭐️하의 : 66 \n\n👚뱅줄 티셔츠\n⭐️색상 : 스트라이프,블랙\n⭐️사이즈 :  F\n \n‼️문의는 DM이라 카톡채널로 \n\n#삥줄티셔츠 #스트라이프티셔츠 #오버핏티셔츠 #여름티셔츠 #데일리룩 #캐주얼룩 #편한티셔츠 #루즈핏티셔츠 #코튼티셔츠 #쫀쫀한티셔츠 #데일리코디 #심플룩 #꾸안꾸룩 #여성티셔츠 #반팔티추천 #여름코디 #스트라이프코디 #오브미 #데일리패션 #감성룩""}, ""defaultAudioLanguage"": ""ko""}, ""statistics"": {""viewCount"": ""362"", ""likeCount"": ""3"", ""favoriteCount"": ""0"", ""commentCount"": ""0""}}"
오버핏 셔츠,single_term_fallback,오버핏 셔츠,FPo_SqXA4qU,162cm 60kg FREE 사이즈 오버핏 반팔 현실핏 #반팔 #오버핏반팔,2026-06-11T00:34:37Z,1535,5,0,https://www.youtube.com/watch?v=FPo_SqXA4qU,youtube,오버핏 셔츠,canonical,1.0,2026-06-11T10:36:57.857845+00:00,1535,5,0,5,POMU,,"{""kind"": ""youtube#video"", ""etag"": ""MpFPLNcCn-fOAQ1OfikkqobJTFY"", ""id"": ""FPo_SqXA4qU"", ""snippet"": {""publishedAt"": ""2026-06-11T00:34:37Z"", ""channelId"": ""UC9ed-66HbndhxmOnD6HO65g"", ""title"": ""162cm 60kg FREE 사이즈 오버핏 반팔 현실핏 #반팔 #오버핏반팔"", ""description"": """", ""thumbnails"": {""default"": {""url"": ""https://i.ytimg.com/vi/FPo_SqXA4qU/default.jpg"", ""width"": 120, ""height"": 90}, ""medium"": {""url"": ""https://i.ytimg.com/vi/FPo_SqXA4qU/mqdefault.jpg"", ""width"": 320, ""height"": 180}, ""high"": {""url"": ""https://i.ytimg.com/vi/FPo_SqXA4qU/hqdefault.jpg"", ""width"": 480, ""height"": 360}, ""standard"": {""url"": ""https://i.ytimg.com/vi/FPo_SqXA4qU/sddefault.jpg"", ""width"": 640, ""height"": 480}, ""maxres"": {""url"": ""https://i.ytimg.com/vi/FPo_SqXA4qU/maxresdefault.jpg"", ""width"": 1280, ""height"": 720}}, ""channelTitle"": ""POMU"", ""categoryId"": ""22"", ""liveBroadcastContent"": ""none"", ""defaultLanguage"": ""ko"", ""localized"": {""title"": ""162cm 60kg FREE 사이즈 오버핏 반팔 현실핏 #반팔 #오버핏반팔"", ""description"": """"}, ""defaultAudioLanguage"": ""ko""}, ""statistics"": {""viewCount"": ""1535"", ""likeCount"": ""5"", ""favoriteCount"": ""0"", ""commentCount"": ""0""}}"
오버핏 셔츠,single_term_fallback,오버핏 셔츠,0NyaKdLpdH0,꾸민 듯 안 꾸민 듯 멋있는 남자의 셔츠 스타일 | Effortless Oversized Shirt Looks for Men,2026-06-10T20:00:29Z,3491,153,5,https://www.youtube.com/watch?v=0NyaKdLpdH0,youtube,오버핏 셔츠,canonical,1.0,2026-06-11T10:36:57.857845+00:00,3491,153,5,158,남자의 비밀옷장 | 10% men's secret closet,"오버핏 셔츠의 가장 큰 매력은 자연스러운 여유입니다. 힘을 주지 않은 듯 보이지만 실제로는 훨씬 세련되고 고급스러운 분위기를 만들어 주기 때문입니다. 이번 영상에서는 오버핏 셔츠를 활용해 편안함과 품격을 동시에 갖춘 여름 스타일링을 소개합니다.

많은 남성들이 셔츠를 입을 때 단정함에만 집중하지만, 최근에는 적당히 여유 있는 실루엣이 더욱 세련된 인상을 만들어 줍니다. 특히 오버핏 셔츠는 체형을 자연스럽게 보완하면서도 부담 없이 멋스러운 분위기를 연출할 수 있는 아이템입니다.

4050여성들이 남편이나 남자친구에게 추천하는 셔츠 스타일의 공통점은 과하지 않은 고급스러움입니다. 밝은 블루, 베이지, 아이보리, 핑크 같은 부드러운 컬러와 와이드 팬츠 조합은 여름철 가장 세련된 남성 스타일을 완성합니다.

여행지, 주말 외출, 카페 데이트, 휴양지까지 활용 가능한 오버핏 셔츠 코디. 올여름 가장 자연스럽게 멋있는 남자의 분위기를 만들어 보세요.

The true appeal of an oversized shirt lies in its effortless elegance. Relaxed silhouettes create a sophisticated look without appearing overly styled, making them one of the most versatile pieces in modern menswear.

In this video, we explore oversized shirt outfits that combine comfort, refinement, and timeless style. Soft colors, relaxed tailoring, and balanced proportions create an elevated summer wardrobe suitable for any occasion.

Whether you’re dressing for a vacation, a weekend outing, or a casual date, these oversized shirt combinations offer inspiration for looking polished while remaining comfortable.

Discover how the right oversized shirt can transform an everyday outfit into a sophisticated and confident summer look.

━━━━━━━━━━━━━━━

LOOK 1

스카이블루 오버핏 셔츠
아이보리 와이드 팬츠
다크 브라운 로퍼
유럽 감성의 클래식 시티룩

Sky Blue Oversized Shirt
Ivory Wide Trousers
Dark Brown Loafers
European Classic City Style

LOOK 2

차콜 그린 오버핏 셔츠
화이트 와이드 팬츠
다크 브라운 로퍼
고급스러운 리조트 스타일

Charcoal Green Oversized Shirt
White Wide Trousers
Dark Brown Loafers
Sophisticated Resort Style

LOOK 3

아이보리 오버핏 셔츠
다크 브라운 슬랙스
브라운 레더 클러치
조용한 럭셔리 무드

Ivory Oversized Shirt
Dark Brown Trousers
Brown Leather Clutch
Quiet Luxury Mood

LOOK 4

라이트 핑크 오버핏 셔츠
라이트 블루 데님 팬츠
블랙 로퍼
세련된 썸머 캐주얼룩

Light Pink Oversized Shirt
Light Blue Denim Pants
Black Loafers
Refined Summer Casual Style","{""kind"": ""youtube#video"", ""etag"": ""C-GB8jAd_NFtv0Jt7PNrzNWGYLI"", ""id"": ""0NyaKdLpdH0"", ""snippet"": {""publishedAt"": ""2026-06-10T20:00:29Z"", ""channelId"": ""UCiYuYulrCM0RryS5H8hAMbQ"", ""title"": ""꾸민 듯 안 꾸민 듯 멋있는 남자의 셔츠 스타일 | Effortless Oversized Shirt Looks for Men"", ""description"": ""오버핏 셔츠의 가장 큰 매력은 자연스러운 여유입니다. 힘을 주지 않은 듯 보이지만 실제로는 훨씬 세련되고 고급스러운 분위기를 만들어 주기 때문입니다. 이번 영상에서는 오버핏 셔츠를 활용해 편안함과 품격을 동시에 갖춘 여름 스타일링을 소개합니다.\n\n많은 남성들이 셔츠를 입을 때 단정함에만 집중하지만, 최근에는 적당히 여유 있는 실루엣이 더욱 세련된 인상을 만들어 줍니다. 특히 오버핏 셔츠는 체형을 자연스럽게 보완하면서도 부담 없이 멋스러운 분위기를 연출할 수 있는 아이템입니다.\n\n4050여성들이 남편이나 남자친구에게 추천하는 셔츠 스타일의 공통점은 과하지 않은 고급스러움입니다. 밝은 블루, 베이지, 아이보리, 핑크 같은 부드러운 컬러와 와이드 팬츠 조합은 여름철 가장 세련된 남성 스타일을 완성합니다.\n\n여행지, 주말 외출, 카페 데이트, 휴양지까지 활용 가능한 오버핏 셔츠 코디. 올여름 가장 자연스럽게 멋있는 남자의 분위기를 만들어 보세요.\n\nThe true appeal of an oversized shirt lies in its effortless elegance. Relaxed silhouettes create a sophisticated look without appearing overly styled, making them one of the most versatile pieces in modern menswear.\n\nIn this video, we explore oversized shirt outfits that combine comfort, refinement, and timeless style. Soft colors, relaxed tailoring, and balanced proportions create an elevated summer wardrobe suitable for any occasion.\n\nWhether you’re dressing for a vacation, a weekend outing, or a casual date, these oversized shirt combinations offer inspiration for looking polished while remaining comfortable.\n\nDiscover how the right oversized shirt can transform an everyday outfit into a sophisticated and confident summer look.\n\n━━━━━━━━━━━━━━━\n\nLOOK 1\n\n스카이블루 오버핏 셔츠\n아이보리 와이드 팬츠\n다크 브라운 로퍼\n유럽 감성의 클래식 시티룩\n\nSky Blue Oversized Shirt\nIvory Wide Trousers\nDark Brown Loafers\nEuropean Classic City Style\n\nLOOK 2\n\n차콜 그린 오버핏 셔츠\n화이트 와이드 팬츠\n다크 브라운 로퍼\n고급스러운 리조트 스타일\n\nCharcoal Green Oversized Shirt\nWhite Wide Trousers\nDark Brown Loafers\nSophisticated Resort Style\n\nLOOK 3\n\n아이보리 오버핏 셔츠\n다크 브라운 슬랙스\n브라운 레더 클러치\n조용한 럭셔리 무드\n\nIvory Oversized Shirt\nDark Brown Trousers\nBrown Leather Clutch\nQuiet Luxury Mood\n\nLOOK 4\n\n라이트 핑크 오버핏 셔츠\n라이트 블루 데님 팬츠\n블랙 로퍼\n세련된 썸머 캐주얼룩\n\nLight Pink Oversized Shirt\nLight Blue Denim Pants\nBlack Loafers\nRefined Summer Casual Style"", ""thumbnails"": {""default"": {""url"": ""https://i.ytimg.com/vi/0NyaKdLpdH0/default.jpg"", ""width"": 120, ""height"": 90}, ""medium"": {""url"": ""https://i.ytimg.com/vi/0NyaKdLpdH0/mqdefault.jpg"", ""width"": 320, ""height"": 180}, ""high"": {""url"": ""https://i.ytimg.com/vi/0NyaKdLpdH0/hqdefault.jpg"", ""width"": 480, ""height"": 360}, ""standard"": {""url"": ""https://i.ytimg.com/vi/0NyaKdLpdH0/sddefault.jpg"", ""width"": 640, ""height"": 480}, ""maxres"": {""url"": ""https://i.ytimg.com/vi/0NyaKdLpdH0/maxresdefault.jpg"", ""width"": 1280, ""height"": 720}}, ""channelTitle"": ""남자의 비밀옷장 | 10% men's secret closet"", ""tags"": [""남성패션"", ""중년남성패션"", ""오버핏셔츠"", ""셔츠코디"", ""여름셔츠코디"", ""남편패션"", ""남친룩"", ""4050패션"", ""5060패션"", ""3040여성추천"", ""와이드팬츠코디"", ""린넨셔츠"", ""올드머니룩"", ""조용한럭셔리"", ""MensFashion"", ""OversizedShirt"", ""SummerStyle"", ""OldMoneyStyle"", ""QuietLuxury"", ""Menswear""], ""categoryId"": ""26"", ""liveBroadcastContent"": ""none"", ""defaultLanguage"": ""ko"", ""localized"": {""title"": ""꾸민 듯 안 꾸민 듯 멋있는 남자의 셔츠 스타일 | Effortless Oversized Shirt Looks for Men"", ""description"": ""오버핏 셔츠의 가장 큰 매력은 자연스러운 여유입니다. 힘을 주지 않은 듯 보이지만 실제로는 훨씬 세련되고 고급스러운 분위기를 만들어 주기 때문입니다. 이번 영상에서는 오버핏 셔츠를 활용해 편안함과 품격을 동시에 갖춘 여름 스타일링을 소개합니다.\n\n많은 남성들이 셔츠를 입을 때 단정함에만 집중하지만, 최근에는 적당히 여유 있는 실루엣이 더욱 세련된 인상을 만들어 줍니다. 특히 오버핏 셔츠는 체형을 자연스럽게 보완하면서도 부담 없이 멋스러운 분위기를 연출할 수 있는 아이템입니다.\n\n4050여성들이 남편이나 남자친구에게 추천하는 셔츠 스타일의 공통점은 과하지 않은 고급스러움입니다. 밝은 블루, 베이지, 아이보리, 핑크 같은 부드러운 컬러와 와이드 팬츠 조합은 여름철 가장 세련된 남성 스타일을 완성합니다.\n\n여행지, 주말 외출, 카페 데이트, 휴양지까지 활용 가능한 오버핏 셔츠 코디. 올여름 가장 자연스럽게 멋있는 남자의 분위기를 만들어 보세요.\n\nThe true appeal of an oversized shirt lies in its effortless elegance. Relaxed silhouettes create a sophisticated look without appearing overly styled, making them one of the most versatile pieces in modern menswear.\n\nIn this video, we explore oversized shirt outfits that combine comfort, refinement, and timeless style. Soft colors, relaxed tailoring, and balanced proportions create an elevated summer wardrobe suitable for any occasion.\n\nWhether you’re dressing for a vacation, a weekend outing, or a casual date, these oversized shirt combinations offer inspiration for looking polished while remaining comfortable.\n\nDiscover how the right oversized shirt can transform an everyday outfit into a sophisticated and confident summer look.\n\n━━━━━━━━━━━━━━━\n\nLOOK 1\n\n스카이블루 오버핏 셔츠\n아이보리 와이드 팬츠\n다크 브라운 로퍼\n유럽 감성의 클래식 시티룩\n\nSky Blue Oversized Shirt\nIvory Wide Trousers\nDark Brown Loafers\nEuropean Classic City Style\n\nLOOK 2\n\n차콜 그린 오버핏 셔츠\n화이트 와이드 팬츠\n다크 브라운 로퍼\n고급스러운 리조트 스타일\n\nCharcoal Green Oversized Shirt\nWhite Wide Trousers\nDark Brown Loafers\nSophisticated Resort Style\n\nLOOK 3\n\n아이보리 오버핏 셔츠\n다크 브라운 슬랙스\n브라운 레더 클러치\n조용한 럭셔리 무드\n\nIvory Oversized Shirt\nDark Brown Trousers\nBrown Leather Clutch\nQuiet Luxury Mood\n\nLOOK 4\n\n라이트 핑크 오버핏 셔츠\n라이트 블루 데님 팬츠\n블랙 로퍼\n세련된 썸머 캐주얼룩\n\nLight Pink Oversized Shirt\nLight Blue Denim Pants\nBlack Loafers\nRefined Summer Casual Style""}, ""defaultAudioLanguage"": ""ko""}, ""statistics"": {""viewCount"": ""3491"", ""likeCount"": ""153"", ""favoriteCount"": ""0"", ""commentCount"": ""5""}}"
오버핏 셔츠,single_term_fallback,오버핏 셔츠,o8hd0bkrT8g,남녀공용 오버핏 여름 셔츠 추천,2026-06-10T13:44:20Z,1299,3,0,https://www.youtube.com/watch?v=o8hd0bkrT8g,youtube,오버핏 셔츠,canonical,1.0,2026-06-11T10:36:57.857845+00:00,1299,3,0,3,Young's review,"협찬  여름에도 긴팔 입는 사람들 공감!
에어컨 때문에 실내에서는 춥고, 햇빛은 피하고 싶은데 반팔은 애매할 때 챙기기 좋은 여름 오버핏 긴팔셔츠!
재질도 좋고, 착용감도 좋아서 자주 입게 되네요
카페, 데이트, 여행룩으로도 오케이! 오버핏이라 체형 커버도 자연스럽고 추천 드립니다.
#여름셔츠 #오버핏셔츠 #남자셔츠 #남자코디 #여름코디 #남자여름코디 #데일리룩 #꾸안꾸룩 #남친룩 #코디 #코디추천","{""kind"": ""youtube#video"", ""etag"": ""KjQqzr3Iw55xrGVYFXoq2RWrsx0"", ""id"": ""o8hd0bkrT8g"", ""snippet"": {""publishedAt"": ""2026-06-10T13:44:20Z"", ""channelId"": ""UC2kBGf-FdKuAdCKiL-tou4Q"", ""title"": ""남녀공용 오버핏 여름 셔츠 추천"", ""description"": ""협찬  여름에도 긴팔 입는 사람들 공감!\n에어컨 때문에 실내에서는 춥고, 햇빛은 피하고 싶은데 반팔은 애매할 때 챙기기 좋은 여름 오버핏 긴팔셔츠!\n재질도 좋고, 착용감도 좋아서 자주 입게 되네요\n카페, 데이트, 여행룩으로도 오케이! 오버핏이라 체형 커버도 자연스럽고 추천 드립니다.\n#여름셔츠 #오버핏셔츠 #남자셔츠 #남자코디 #여름코디 #남자여름코디 #데일리룩 #꾸안꾸룩 #남친룩 #코디 #코디추천"", ""thumbnails"": {""default"": {""url"": ""https://i.ytimg.com/vi/o8hd0bkrT8g/default.jpg"", ""width"": 120, ""height"": 90}, ""medium"": {""url"": ""https://i.ytimg.com/vi/o8hd0bkrT8g/mqdefault.jpg"", ""width"": 320, ""height"": 180}, ""high"": {""url"": ""https://i.ytimg.com/vi/o8hd0bkrT8g/hqdefault.jpg"", ""width"": 480, ""height"": 360}, ""standard"": {""url"": ""https://i.ytimg.com/vi/o8hd0bkrT8g/sddefault.jpg"", ""width"": 640, ""height"": 480}, ""maxres"": {""url"": ""https://i.ytimg.com/vi/o8hd0bkrT8g/maxresdefault.jpg"", ""width"": 1280, ""height"": 720}}, ""channelTitle"": ""Young's review"", ""categoryId"": ""22"", ""liveBroadcastContent"": ""none"", ""defaultLanguage"": ""ko"", ""localized"": {""title"": ""남녀공용 오버핏 여름 셔츠 추천"", ""description"": ""협찬  여름에도 긴팔 입는 사람들 공감!\n에어컨 때문에 실내에서는 춥고, 햇빛은 피하고 싶은데 반팔은 애매할 때 챙기기 좋은 여름 오버핏 긴팔셔츠!\n재질도 좋고, 착용감도 좋아서 자주 입게 되네요\n카페, 데이트, 여행룩으로도 오케이! 오버핏이라 체형 커버도 자연스럽고 추천 드립니다.\n#여름셔츠 #오버핏셔츠 #남자셔츠 #남자코디 #여름코디 #남자여름코디 #데일리룩 #꾸안꾸룩 #남친룩 #코디 #코디추천""}, ""defaultAudioLanguage"": ""ko""}, ""statistics"": {""viewCount"": ""1299"", ""likeCount"": ""3"", ""favoriteCount"": ""0"", ""commentCount"": ""0""}}"
오버핏 셔츠,single_term_fallback,오버핏 셔츠,GEzDX71RzZ8,얼굴이 환해지는 오버핏 롱슬리브 🌸,2026-06-10T13:36:22Z,218,0,0,https://www.youtube.com/watch?v=GEzDX71RzZ8,youtube,오버핏 셔츠,canonical,1.0,2026-06-11T10:36:57.857845+00:00,218,0,0,0,SeungEun Archive,"Steal Seungeun's Fit 🛒

부드러운 소재감에 루즈한 실루엣이 어깨라인까지 완벽하게 잡아주는 롱슬리브. 그레이 반바지와 매치하면 비율 레전드 각 나옴.

#오버핏티셔츠 #롱슬리브 #데일리룩 #여성코디 #봄코디

👇 Shop the Fit
https://stealmyfit.com/seungeun

#GRWM #fitcheck #ootd #dailylook #kfashion #shorts","{""kind"": ""youtube#video"", ""etag"": ""oj7g5q3yYN6fENa1W4Ob4E8sj30"", ""id"": ""GEzDX71RzZ8"", ""snippet"": {""publishedAt"": ""2026-06-10T13:36:22Z"", ""channelId"": ""UCjCe2cS-_27W32F97qDAlEA"", ""title"": ""얼굴이 환해지는 오버핏 롱슬리브 🌸"", ""description"": ""Steal Seungeun's Fit 🛒\n\n부드러운 소재감에 루즈한 실루엣이 어깨라인까지 완벽하게 잡아주는 롱슬리브. 그레이 반바지와 매치하면 비율 레전드 각 나옴.\n\n#오버핏티셔츠 #롱슬리브 #데일리룩 #여성코디 #봄코디\n\n👇 Shop the Fit\nhttps://stealmyfit.com/seungeun\n\n#GRWM #fitcheck #ootd #dailylook #kfashion #shorts"", ""thumbnails"": {""default"": {""url"": ""https://i.ytimg.com/vi/GEzDX71RzZ8/default.jpg"", ""width"": 120, ""height"": 90}, ""medium"": {""url"": ""https://i.ytimg.com/vi/GEzDX71RzZ8/mqdefault.jpg"", ""width"": 320, ""height"": 180}, ""high"": {""url"": ""https://i.ytimg.com/vi/GEzDX71RzZ8/hqdefault.jpg"", ""width"": 480, ""height"": 360}, ""standard"": {""url"": ""https://i.ytimg.com/vi/GEzDX71RzZ8/sddefault.jpg"", ""width"": 640, ""height"": 480}, ""maxres"": {""url"": ""https://i.ytimg.com/vi/GEzDX71RzZ8/maxresdefault.jpg"", ""width"": 1280, ""height"": 720}}, ""channelTitle"": ""SeungEun Archive"", ""categoryId"": ""26"", ""liveBroadcastContent"": ""none"", ""defaultLanguage"": ""ko"", ""localized"": {""title"": ""얼굴이 환해지는 오버핏 롱슬리브 🌸"", ""description"": ""Steal Seungeun's Fit 🛒\n\n부드러운 소재감에 루즈한 실루엣이 어깨라인까지 완벽하게 잡아주는 롱슬리브. 그레이 반바지와 매치하면 비율 레전드 각 나옴.\n\n#오버핏티셔츠 #롱슬리브 #데일리룩 #여성코디 #봄코디\n\n👇 Shop the Fit\nhttps://stealmyfit.com/seungeun\n\n#GRWM #fitcheck #ootd #dailylook #kfashion #shorts""}, ""defaultAudioLanguage"": ""en""}, ""statistics"": {""viewCount"": ""218"", ""likeCount"": ""0"", ""favoriteCount"": ""0"", ""commentCount"": ""0""}}"
오버핏 셔츠,single_term_fallback,오버핏 셔츠,yzbpHOfjvV0,오버핏 반팔티와 팬츠 조합이 중요한 이유 | Why Trousers Matter with Oversized Tees,2026-06-10T08:00:31Z,5204,235,10,https://www.youtube.com/watch?v=yzbpHOfjvV0,youtube,오버핏 셔츠,canonical,1.0,2026-06-11T10:36:57.857845+00:00,5204,235,10,245,남자의 비밀옷장 | 10% men's secret closet,"오버핏 반팔티는 여름 남성 패션에서 가장 활용도가 높은 아이템입니다. 하지만 같은 반팔티라도 어떤 팬츠와 매치하느냐에 따라 전체적인 분위기는 완전히 달라집니다. 이번 영상에서는 편안함은 유지하면서도 세련되고 고급스러운 인상을 만드는 오버핏 반팔티와 팬츠 조합을 소개합니다.

많은 남성들이 오버핏 티셔츠를 선택하지만, 팬츠의 실루엣과 컬러를 놓쳐 스타일이 평범해 보이는 경우가 많습니다. 반대로 팬츠만 잘 선택해도 체형은 더욱 균형 있게 보이고, 전체적인 분위기는 훨씬 여유롭고 세련되게 완성됩니다.

4050여성들이 남편이나 남자친구에게 추천하고 싶은 여름 코디의 공통점은 과하지 않은 자연스러움입니다. 화이트, 네이비, 카키, 브라운처럼 차분한 컬러를 활용하고 여유 있는 실루엣을 선택하면 누구나 깔끔하고 신뢰감 있는 스타일을 연출할 수 있습니다.

이번 스타일링은 여행지, 주말 외출, 카페 데이트, 휴양지까지 다양하게 활용 가능한 현실적인 여름 남성 코디입니다. 저장해 두고 올여름 스타일링에 참고해 보세요.

An oversized T-shirt is one of the most versatile pieces in a summer wardrobe. However, the overall look depends greatly on the trousers you choose. In this video, we explore how the right pants can transform a simple oversized tee into a refined and sophisticated outfit.

Many men focus on the T-shirt itself while overlooking fit, proportion, and color balance. Choosing the right trousers creates a more balanced silhouette and instantly elevates the overall appearance.

These outfit ideas focus on effortless elegance through relaxed tailoring and timeless color combinations. Whether for vacations, weekend outings, café visits, or everyday summer style, these looks offer practical inspiration for modern men.

The key is simple: pair oversized T-shirts with well-balanced trousers and clean footwear for a polished yet comfortable summer outfit.

━━━━━━━━━━━━━━━

LOOK 1

화이트 오버핏 반팔 티셔츠
네이비 와이드 팬츠
베이지 스니커즈
깔끔한 미니멀 데일리룩

White Oversized T-Shirt
Navy Wide Trousers
Beige Sneakers
Clean Minimal Daily Look

LOOK 2

네이비 오버핏 반팔 티셔츠
아이보리 쇼츠
화이트 스니커즈
세련된 리조트 캐주얼룩

Navy Oversized T-Shirt
Ivory Shorts
White Sneakers
Refined Resort Casual Look

LOOK 3

카키 오버핏 반팔 티셔츠
아이보리 와이드 팬츠
블랙 샌들
여유로운 유럽 감성 스타일

Khaki Oversized T-Shirt
Ivory Wide Trousers
Black Sandals
Relaxed European-Inspired Style

LOOK 4

베이지 오버핏 반팔 티셔츠
다크 브라운 팬츠
화이트 스니커즈
고급스러운 어스톤 코디

Beige Oversized T-Shirt
Dark Brown Trousers
White Sneakers
Sophisticated Earth-Tone Styling","{""kind"": ""youtube#video"", ""etag"": ""j7q9IIyjZHmR71ms0kC4Oqzy_xI"", ""id"": ""yzbpHOfjvV0"", ""snippet"": {""publishedAt"": ""2026-06-10T08:00:31Z"", ""channelId"": ""UCiYuYulrCM0RryS5H8hAMbQ"", ""title"": ""오버핏 반팔티와 팬츠 조합이 중요한 이유 | Why Trousers Matter with Oversized Tees"", ""description"": ""오버핏 반팔티는 여름 남성 패션에서 가장 활용도가 높은 아이템입니다. 하지만 같은 반팔티라도 어떤 팬츠와 매치하느냐에 따라 전체적인 분위기는 완전히 달라집니다. 이번 영상에서는 편안함은 유지하면서도 세련되고 고급스러운 인상을 만드는 오버핏 반팔티와 팬츠 조합을 소개합니다.\n\n많은 남성들이 오버핏 티셔츠를 선택하지만, 팬츠의 실루엣과 컬러를 놓쳐 스타일이 평범해 보이는 경우가 많습니다. 반대로 팬츠만 잘 선택해도 체형은 더욱 균형 있게 보이고, 전체적인 분위기는 훨씬 여유롭고 세련되게 완성됩니다.\n\n4050여성들이 남편이나 남자친구에게 추천하고 싶은 여름 코디의 공통점은 과하지 않은 자연스러움입니다. 화이트, 네이비, 카키, 브라운처럼 차분한 컬러를 활용하고 여유 있는 실루엣을 선택하면 누구나 깔끔하고 신뢰감 있는 스타일을 연출할 수 있습니다.\n\n이번 스타일링은 여행지, 주말 외출, 카페 데이트, 휴양지까지 다양하게 활용 가능한 현실적인 여름 남성 코디입니다. 저장해 두고 올여름 스타일링에 참고해 보세요.\n\nAn oversized T-shirt is one of the most versatile pieces in a summer wardrobe. However, the overall look depends greatly on the trousers you choose. In this video, we explore how the right pants can transform a simple oversized tee into a refined and sophisticated outfit.\n\nMany men focus on the T-shirt itself while overlooking fit, proportion, and color balance. Choosing the right trousers creates a more balanced silhouette and instantly elevates the overall appearance.\n\nThese outfit ideas focus on effortless elegance through relaxed tailoring and timeless color combinations. Whether for vacations, weekend outings, café visits, or everyday summer style, these looks offer practical inspiration for modern men.\n\nThe key is simple: pair oversized T-shirts with well-balanced trousers and clean footwear for a polished yet comfortable summer outfit.\n\n━━━━━━━━━━━━━━━\n\nLOOK 1\n\n화이트 오버핏 반팔 티셔츠\n네이비 와이드 팬츠\n베이지 스니커즈\n깔끔한 미니멀 데일리룩\n\nWhite Oversized T-Shirt\nNavy Wide Trousers\nBeige Sneakers\nClean Minimal Daily Look\n\nLOOK 2\n\n네이비 오버핏 반팔 티셔츠\n아이보리 쇼츠\n화이트 스니커즈\n세련된 리조트 캐주얼룩\n\nNavy Oversized T-Shirt\nIvory Shorts\nWhite Sneakers\nRefined Resort Casual Look\n\nLOOK 3\n\n카키 오버핏 반팔 티셔츠\n아이보리 와이드 팬츠\n블랙 샌들\n여유로운 유럽 감성 스타일\n\nKhaki Oversized T-Shirt\nIvory Wide Trousers\nBlack Sandals\nRelaxed European-Inspired Style\n\nLOOK 4\n\n베이지 오버핏 반팔 티셔츠\n다크 브라운 팬츠\n화이트 스니커즈\n고급스러운 어스톤 코디\n\nBeige Oversized T-Shirt\nDark Brown Trousers\nWhite Sneakers\nSophisticated Earth-Tone Styling"", ""thumbnails"": {""default"": {""url"": ""https://i.ytimg.com/vi/yzbpHOfjvV0/default.jpg"", ""width"": 120, ""height"": 90}, ""medium"": {""url"": ""https://i.ytimg.com/vi/yzbpHOfjvV0/mqdefault.jpg"", ""width"": 320, ""height"": 180}, ""high"": {""url"": ""https://i.ytimg.com/vi/yzbpHOfjvV0/hqdefault.jpg"", ""width"": 480, ""height"": 360}, ""standard"": {""url"": ""https://i.ytimg.com/vi/yzbpHOfjvV0/sddefault.jpg"", ""width"": 640, ""height"": 480}, ""maxres"": {""url"": ""https://i.ytimg.com/vi/yzbpHOfjvV0/maxresdefault.jpg"", ""width"": 1280, ""height"": 720}}, ""channelTitle"": ""남자의 비밀옷장 | 10% men's secret closet"", ""tags"": [""남성패션"", ""중년남성패션"", ""오버핏반팔티"", ""반팔티코디"", ""여름남성코디"", ""남편패션"", ""남친룩"", ""4050패션"", ""5060패션"", ""3040여성추천"", ""와이드팬츠코디"", ""미니멀룩"", ""MensFashion"", ""OversizedTShirt"", ""SummerStyle"", ""Menswear"", ""SmartCasual"", ""OldMoneyStyle"", ""QuietLuxury"", ""MinimalStyle""], ""categoryId"": ""26"", ""liveBroadcastContent"": ""none"", ""defaultLanguage"": ""ko"", ""localized"": {""title"": ""오버핏 반팔티와 팬츠 조합이 중요한 이유 | Why Trousers Matter with Oversized Tees"", ""description"": ""오버핏 반팔티는 여름 남성 패션에서 가장 활용도가 높은 아이템입니다. 하지만 같은 반팔티라도 어떤 팬츠와 매치하느냐에 따라 전체적인 분위기는 완전히 달라집니다. 이번 영상에서는 편안함은 유지하면서도 세련되고 고급스러운 인상을 만드는 오버핏 반팔티와 팬츠 조합을 소개합니다.\n\n많은 남성들이 오버핏 티셔츠를 선택하지만, 팬츠의 실루엣과 컬러를 놓쳐 스타일이 평범해 보이는 경우가 많습니다. 반대로 팬츠만 잘 선택해도 체형은 더욱 균형 있게 보이고, 전체적인 분위기는 훨씬 여유롭고 세련되게 완성됩니다.\n\n4050여성들이 남편이나 남자친구에게 추천하고 싶은 여름 코디의 공통점은 과하지 않은 자연스러움입니다. 화이트, 네이비, 카키, 브라운처럼 차분한 컬러를 활용하고 여유 있는 실루엣을 선택하면 누구나 깔끔하고 신뢰감 있는 스타일을 연출할 수 있습니다.\n\n이번 스타일링은 여행지, 주말 외출, 카페 데이트, 휴양지까지 다양하게 활용 가능한 현실적인 여름 남성 코디입니다. 저장해 두고 올여름 스타일링에 참고해 보세요.\n\nAn oversized T-shirt is one of the most versatile pieces in a summer wardrobe. However, the overall look depends greatly on the trousers you choose. In this video, we explore how the right pants can transform a simple oversized tee into a refined and sophisticated outfit.\n\nMany men focus on the T-shirt itself while overlooking fit, proportion, and color balance. Choosing the right trousers creates a more balanced silhouette and instantly elevates the overall appearance.\n\nThese outfit ideas focus on effortless elegance through relaxed tailoring and timeless color combinations. Whether for vacations, weekend outings, café visits, or everyday summer style, these looks offer practical inspiration for modern men.\n\nThe key is simple: pair oversized T-shirts with well-balanced trousers and clean footwear for a polished yet comfortable summer outfit.\n\n━━━━━━━━━━━━━━━\n\nLOOK 1\n\n화이트 오버핏 반팔 티셔츠\n네이비 와이드 팬츠\n베이지 스니커즈\n깔끔한 미니멀 데일리룩\n\nWhite Oversized T-Shirt\nNavy Wide Trousers\nBeige Sneakers\nClean Minimal Daily Look\n\nLOOK 2\n\n네이비 오버핏 반팔 티셔츠\n아이보리 쇼츠\n화이트 스니커즈\n세련된 리조트 캐주얼룩\n\nNavy Oversized T-Shirt\nIvory Shorts\nWhite Sneakers\nRefined Resort Casual Look\n\nLOOK 3\n\n카키 오버핏 반팔 티셔츠\n아이보리 와이드 팬츠\n블랙 샌들\n여유로운 유럽 감성 스타일\n\nKhaki Oversized T-Shirt\nIvory Wide Trousers\nBlack Sandals\nRelaxed European-Inspired Style\n\nLOOK 4\n\n베이지 오버핏 반팔 티셔츠\n다크 브라운 팬츠\n화이트 스니커즈\n고급스러운 어스톤 코디\n\nBeige Oversized T-Shirt\nDark Brown Trousers\nWhite Sneakers\nSophisticated Earth-Tone Styling""}, ""defaultAudioLanguage"": ""ko""}, ""statistics"": {""viewCount"": ""5204"", ""likeCount"": ""235"", ""favoriteCount"": ""0"", ""commentCount"": ""10""}}"
오버핏 셔츠,single_term_fallback,오버핏 셔츠,tHvWGtiSAk0,#바이다겸 #코튼티셔츠 #오버핏티셔츠 #내추럴룩 #빈티지룩 #데일리룩 #체형커버 #천연섬유 #감성코디 #린넨스타일 #핸드메이드  #여름코디 #편안한옷 #중년패션 #내추럴패션 ·.,2026-06-10T06:01:43Z,150,5,0,https://www.youtube.com/watch?v=tHvWGtiSAk0,youtube,오버핏 셔츠,canonical,1.0,2026-06-11T10:36:57.857845+00:00,150,5,0,5,바이다겸,,"{""kind"": ""youtube#video"", ""etag"": ""DvJf_qC-iXG9hD796N_ux7GBrSM"", ""id"": ""tHvWGtiSAk0"", ""snippet"": {""publishedAt"": ""2026-06-10T06:01:43Z"", ""channelId"": ""UCxMdxSahgnHevopBGaSpSxg"", ""title"": ""#바이다겸 #코튼티셔츠 #오버핏티셔츠 #내추럴룩 #빈티지룩 #데일리룩 #체형커버 #천연섬유 #감성코디 #린넨스타일 #핸드메이드  #여름코디 #편안한옷 #중년패션 #내추럴패션 ·."", ""description"": """", ""thumbnails"": {""default"": {""url"": ""https://i.ytimg.com/vi/tHvWGtiSAk0/default.jpg"", ""width"": 120, ""height"": 90}, ""medium"": {""url"": ""https://i.ytimg.com/vi/tHvWGtiSAk0/mqdefault.jpg"", ""width"": 320, ""height"": 180}, ""high"": {""url"": ""https://i.ytimg.com/vi/tHvWGtiSAk0/hqdefault.jpg"", ""width"": 480, ""height"": 360}, ""standard"": {""url"": ""https://i.ytimg.com/vi/tHvWGtiSAk0/sddefault.jpg"", ""width"": 640, ""height"": 480}, ""maxres"": {""url"": ""https://i.ytimg.com/vi/tHvWGtiSAk0/maxresdefault.jpg"", ""width"": 1280, ""height"": 720}}, ""channelTitle"": ""바이다겸"", ""categoryId"": ""22"", ""liveBroadcastContent"": ""none"", ""defaultLanguage"": ""ko"", ""localized"": {""title"": ""#바이다겸 #코튼티셔츠 #오버핏티셔츠 #내추럴룩 #빈티지룩 #데일리룩 #체형커버 #천연섬유 #감성코디 #린넨스타일 #핸드메이드  #여름코디 #편안한옷 #중년패션 #내추럴패션 ·."", ""description"": """"}, ""defaultAudioLanguage"": ""en""}, ""statistics"": {""viewCount"": ""150"", ""likeCount"": ""5"", ""favoriteCount"": ""0"", ""commentCount"": ""0""}}"
오버핏 셔츠,single_term_fallback,오버핏 셔츠,U3L4BLomuwM,피부 맑아 보이는 크링클 셔츠 🤍,2026-06-10T02:36:08Z,97,0,0,https://www.youtube.com/watch?v=U3L4BLomuwM,youtube,오버핏 셔츠,canonical,1.0,2026-06-11T10:36:57.857845+00:00,97,0,0,0,TaeRi Archive,"Steal Taeri's Fit 🛒

은은하게 비치는 크링클 소재가 피부톤을 환하게 살려주는 루즈핏 셔츠. 새틴 롱스커트와 매치하면 실루엣이 길어 보이는 효과까지 완성.

#오버핏셔츠 #새틴스커트 #롱스커트코디 #셔츠코디 #미니멀룩

👇 Shop the Fit
https://stealmyfit.com/taeri

#GRWM #fitcheck #ootd #dailylook #kfashion #shorts","{""kind"": ""youtube#video"", ""etag"": ""cYuNqpYkDi_YgWOoa8Vg2E85qDE"", ""id"": ""U3L4BLomuwM"", ""snippet"": {""publishedAt"": ""2026-06-10T02:36:08Z"", ""channelId"": ""UCKvqQAbgX1rSl6w8RRuAHnA"", ""title"": ""피부 맑아 보이는 크링클 셔츠 🤍"", ""description"": ""Steal Taeri's Fit 🛒\n\n은은하게 비치는 크링클 소재가 피부톤을 환하게 살려주는 루즈핏 셔츠. 새틴 롱스커트와 매치하면 실루엣이 길어 보이는 효과까지 완성.\n\n#오버핏셔츠 #새틴스커트 #롱스커트코디 #셔츠코디 #미니멀룩\n\n👇 Shop the Fit\nhttps://stealmyfit.com/taeri\n\n#GRWM #fitcheck #ootd #dailylook #kfashion #shorts"", ""thumbnails"": {""default"": {""url"": ""https://i.ytimg.com/vi/U3L4BLomuwM/default.jpg"", ""width"": 120, ""height"": 90}, ""medium"": {""url"": ""https://i.ytimg.com/vi/U3L4BLomuwM/mqdefault.jpg"", ""width"": 320, ""height"": 180}, ""high"": {""url"": ""https://i.ytimg.com/vi/U3L4BLomuwM/hqdefault.jpg"", ""width"": 480, ""height"": 360}, ""standard"": {""url"": ""https://i.ytimg.com/vi/U3L4BLomuwM/sddefault.jpg"", ""width"": 640, ""height"": 480}, ""maxres"": {""url"": ""https://i.ytimg.com/vi/U3L4BLomuwM/maxresdefault.jpg"", ""width"": 1280, ""height"": 720}}, ""channelTitle"": ""TaeRi Archive"", ""categoryId"": ""26"", ""liveBroadcastContent"": ""none"", ""defaultLanguage"": ""ko"", ""localized"": {""title"": ""피부 맑아 보이는 크링클 셔츠 🤍"", ""description"": ""Steal Taeri's Fit 🛒\n\n은은하게 비치는 크링클 소재가 피부톤을 환하게 살려주는 루즈핏 셔츠. 새틴 롱스커트와 매치하면 실루엣이 길어 보이는 효과까지 완성.\n\n#오버핏셔츠 #새틴스커트 #롱스커트코디 #셔츠코디 #미니멀룩\n\n👇 Shop the Fit\nhttps://stealmyfit.com/taeri\n\n#GRWM #fitcheck #ootd #dailylook #kfashion #shorts""}, ""defaultAudioLanguage"": ""en""}, ""statistics"": {""viewCount"": ""97"", ""likeCount"": ""0"", ""favoriteCount"": ""0"", ""commentCount"": ""0""}}"
오버핏 셔츠,single_term_fallback,오버핏 셔츠,jSE6jN5ALfA,핏 미친 오버핏 맨투맨 🩶,2026-06-09T22:30:10Z,8,2,0,https://www.youtube.com/watch?v=jSE6jN5ALfA,youtube,오버핏 셔츠,canonical,1.0,2026-06-11T10:36:57.857845+00:00,8,2,0,2,DaSol Archive,"Steal Dasol's Fit 🛒

루즈한 실루엣에 그래픽 프린트가 포인트인 와플 소재 맨투맨, 한 장으로 완성되는 캐주얼 룩. 와플 텍스처 특유의 입체감이 살아있어 그냥 걸쳐도 핏이 터짐.

#오버핏맨투맨 #그래픽맨투맨 #와플소재 #캐주얼룩 #데일리패션

👇 Shop the Fit
https://stealmyfit.com/dasol

#GRWM #fitcheck #ootd #dailylook #kfashion #shorts","{""kind"": ""youtube#video"", ""etag"": ""A6QH7ysa5yUuFq8lWb3oyEQi5Oc"", ""id"": ""jSE6jN5ALfA"", ""snippet"": {""publishedAt"": ""2026-06-09T22:30:10Z"", ""channelId"": ""UCV3qnaWNC0DVUEbfvgo2iWA"", ""title"": ""핏 미친 오버핏 맨투맨 🩶"", ""description"": ""Steal Dasol's Fit 🛒\n\n루즈한 실루엣에 그래픽 프린트가 포인트인 와플 소재 맨투맨, 한 장으로 완성되는 캐주얼 룩. 와플 텍스처 특유의 입체감이 살아있어 그냥 걸쳐도 핏이 터짐.\n\n#오버핏맨투맨 #그래픽맨투맨 #와플소재 #캐주얼룩 #데일리패션\n\n👇 Shop the Fit\nhttps://stealmyfit.com/dasol\n\n#GRWM #fitcheck #ootd #dailylook #kfashion #shorts"", ""thumbnails"": {""default"": {""url"": ""https://i.ytimg.com/vi/jSE6jN5ALfA/default.jpg"", ""width"": 120, ""height"": 90}, ""medium"": {""url"": ""https://i.ytimg.com/vi/jSE6jN5ALfA/mqdefault.jpg"", ""width"": 320, ""height"": 180}, ""high"": {""url"": ""https://i.ytimg.com/vi/jSE6jN5ALfA/hqdefault.jpg"", ""width"": 480, ""height"": 360}, ""standard"": {""url"": ""https://i.ytimg.com/vi/jSE6jN5ALfA/sddefault.jpg"", ""width"": 640, ""height"": 480}, ""maxres"": {""url"": ""https://i.ytimg.com/vi/jSE6jN5ALfA/maxresdefault.jpg"", ""width"": 1280, ""height"": 720}}, ""channelTitle"": ""DaSol Archive"", ""categoryId"": ""26"", ""liveBroadcastContent"": ""none"", ""defaultLanguage"": ""ko"", ""localized"": {""title"": ""핏 미친 오버핏 맨투맨 🩶"", ""description"": ""Steal Dasol's Fit 🛒\n\n루즈한 실루엣에 그래픽 프린트가 포인트인 와플 소재 맨투맨, 한 장으로 완성되는 캐주얼 룩. 와플 텍스처 특유의 입체감이 살아있어 그냥 걸쳐도 핏이 터짐.\n\n#오버핏맨투맨 #그래픽맨투맨 #와플소재 #캐주얼룩 #데일리패션\n\n👇 Shop the Fit\nhttps://stealmyfit.com/dasol\n\n#GRWM #fitcheck #ootd #dailylook #kfashion #shorts""}, ""defaultAudioLanguage"": ""en""}, ""statistics"": {""viewCount"": ""8"", ""likeCount"": ""2"", ""favoriteCount"": ""0"", ""commentCount"": ""0""}}"
오버핏 셔츠,single_term_fallback,오버핏 셔츠,XzumZumvOnA,#셔츠 #셔츠코디 #오버핏셔츠 #스트라이프셔츠#데일리룩 #꾸안꾸룩 #스트릿패션 #캐주얼룩#빈티지룩 #유니크룩 #패션스타그램#패션아이템 #미니멀룩 #시크룩#감성룩#패션코디#코디추천,2026-06-09T13:30:31Z,20,0,0,https://www.youtube.com/watch?v=XzumZumvOnA,youtube,오버핏 셔츠,canonical,1.0,2026-06-11T10:36:57.857845+00:00,20,0,0,0,비비안웨스트우드 Viviennewestwood,,"{""kind"": ""youtube#video"", ""etag"": ""52zvmdeVW8rXMKy_CZsNWqFgVEA"", ""id"": ""XzumZumvOnA"", ""snippet"": {""publishedAt"": ""2026-06-09T13:30:31Z"", ""channelId"": ""UCFgGmzYGtCYDZmCDVAraI9A"", ""title"": ""#셔츠 #셔츠코디 #오버핏셔츠 #스트라이프셔츠#데일리룩 #꾸안꾸룩 #스트릿패션 #캐주얼룩#빈티지룩 #유니크룩 #패션스타그램#패션아이템 #미니멀룩 #시크룩#감성룩#패션코디#코디추천"", ""description"": """", ""thumbnails"": {""default"": {""url"": ""https://i.ytimg.com/vi/XzumZumvOnA/default.jpg"", ""width"": 120, ""height"": 90}, ""medium"": {""url"": ""https://i.ytimg.com/vi/XzumZumvOnA/mqdefault.jpg"", ""width"": 320, ""height"": 180}, ""high"": {""url"": ""https://i.ytimg.com/vi/XzumZumvOnA/hqdefault.jpg"", ""width"": 480, ""height"": 360}, ""standard"": {""url"": ""https://i.ytimg.com/vi/XzumZumvOnA/sddefault.jpg"", ""width"": 640, ""height"": 480}, ""maxres"": {""url"": ""https://i.ytimg.com/vi/XzumZumvOnA/maxresdefault.jpg"", ""width"": 1280, ""height"": 720}}, ""channelTitle"": ""비비안웨스트우드 Viviennewestwood"", ""categoryId"": ""22"", ""liveBroadcastContent"": ""none"", ""defaultLanguage"": ""ko"", ""localized"": {""title"": ""#셔츠 #셔츠코디 #오버핏셔츠 #스트라이프셔츠#데일리룩 #꾸안꾸룩 #스트릿패션 #캐주얼룩#빈티지룩 #유니크룩 #패션스타그램#패션아이템 #미니멀룩 #시크룩#감성룩#패션코디#코디추천"", ""description"": """"}, ""defaultAudioLanguage"": ""ko""}, ""statistics"": {""viewCount"": ""20"", ""likeCount"": ""0"", ""favoriteCount"": ""0"", ""commentCount"": ""0""}}"
오버핏 셔츠,single_term_fallback,오버핏 셔츠,XjagniJj8Ys,핏 미친 오버핏 맨투맨 🩶,2026-06-09T13:00:34Z,1,0,0,https://www.youtube.com/watch?v=XjagniJj8Ys,youtube,오버핏 셔츠,canonical,1.0,2026-06-11T10:36:57.857845+00:00,1,0,0,0,YiYeon Archive,"Steal Iyeon's Fit 🛒

그래픽 프린트와 루즈한 실루엣이 만나 입는 순간 분위기가 터짐. 리브 소재 쇼츠와 세트로 입으면 핏이 그냥 작품임.

#오버핏맨투맨 #그래픽맨투맨 #리브쇼츠 #맨투맨세트 #캐주얼룩

👇 Shop the Fit
https://stealmyfit.com/iyeon

#GRWM #fitcheck #ootd #dailylook #kfashion #shorts","{""kind"": ""youtube#video"", ""etag"": ""VBDyIa07kVlkOVZRsJOht4cXtrM"", ""id"": ""XjagniJj8Ys"", ""snippet"": {""publishedAt"": ""2026-06-09T13:00:34Z"", ""channelId"": ""UC-GRbxqKGy8BMt6zVaxV82Q"", ""title"": ""핏 미친 오버핏 맨투맨 🩶"", ""description"": ""Steal Iyeon's Fit 🛒\n\n그래픽 프린트와 루즈한 실루엣이 만나 입는 순간 분위기가 터짐. 리브 소재 쇼츠와 세트로 입으면 핏이 그냥 작품임.\n\n#오버핏맨투맨 #그래픽맨투맨 #리브쇼츠 #맨투맨세트 #캐주얼룩\n\n👇 Shop the Fit\nhttps://stealmyfit.com/iyeon\n\n#GRWM #fitcheck #ootd #dailylook #kfashion #shorts"", ""thumbnails"": {""default"": {""url"": ""https://i.ytimg.com/vi/XjagniJj8Ys/default.jpg"", ""width"": 120, ""height"": 90}, ""medium"": {""url"": ""https://i.ytimg.com/vi/XjagniJj8Ys/mqdefault.jpg"", ""width"": 320, ""height"": 180}, ""high"": {""url"": ""https://i.ytimg.com/vi/XjagniJj8Ys/hqdefault.jpg"", ""width"": 480, ""height"": 360}, ""standard"": {""url"": ""https://i.ytimg.com/vi/XjagniJj8Ys/sddefault.jpg"", ""width"": 640, ""height"": 480}, ""maxres"": {""url"": ""https://i.ytimg.com/vi/XjagniJj8Ys/maxresdefault.jpg"", ""width"": 1280, ""height"": 720}}, ""channelTitle"": ""YiYeon Archive"", ""categoryId"": ""26"", ""liveBroadcastContent"": ""none"", ""defaultLanguage"": ""ko"", ""localized"": {""title"": ""핏 미친 오버핏 맨투맨 🩶"", ""description"": ""Steal Iyeon's Fit 🛒\n\n그래픽 프린트와 루즈한 실루엣이 만나 입는 순간 분위기가 터짐. 리브 소재 쇼츠와 세트로 입으면 핏이 그냥 작품임.\n\n#오버핏맨투맨 #그래픽맨투맨 #리브쇼츠 #맨투맨세트 #캐주얼룩\n\n👇 Shop the Fit\nhttps://stealmyfit.com/iyeon\n\n#GRWM #fitcheck #ootd #dailylook #kfashion #shorts""}, ""defaultAudioLanguage"": ""ko""}, ""statistics"": {""viewCount"": ""1"", ""likeCount"": ""0"", ""favoriteCount"": ""0"", ""commentCount"": ""0""}}"
오버핏 셔츠,single_term_fallback,오버핏 셔츠,5SiiZJh9TdM,꾸안꾸 갓벽한 실키 그레이 셔츠 🩶,2026-06-09T13:00:12Z,421,4,0,https://www.youtube.com/watch?v=5SiiZJh9TdM,youtube,오버핏 셔츠,canonical,1.0,2026-06-11T10:36:57.857845+00:00,421,4,0,4,Yanghee Archive,"Steal Yanghee's Fit 🛒

광택감 살짝 도는 실키한 소재에 오버핏 실루엣이라 그냥 걸쳐도 핏 나옴. 그레이 컬러가 피부 톤 다 살려주는 마법 아이템. 저장해두면 두고두고 꺼내 입는 그 느낌 맞음.

#오오티디 #꾸안꾸 #데일리룩 #오버핏셔츠 #그레이코디 #여름코디 #데일리코디

👇 Shop Yanghee's Fit
yanghee.short.gy

#GRWM #fitcheck #ootd #dailylook #outfitoftheday #fashiongram #streetstyle #lookbook #styleinspo #outfitcheck #kfashion","{""kind"": ""youtube#video"", ""etag"": ""7kMXHXIpfsDW7kZPSQAHDezT4mw"", ""id"": ""5SiiZJh9TdM"", ""snippet"": {""publishedAt"": ""2026-06-09T13:00:12Z"", ""channelId"": ""UCEfgni-BbkcYusdZbeTJoTg"", ""title"": ""꾸안꾸 갓벽한 실키 그레이 셔츠 🩶"", ""description"": ""Steal Yanghee's Fit 🛒\n\n광택감 살짝 도는 실키한 소재에 오버핏 실루엣이라 그냥 걸쳐도 핏 나옴. 그레이 컬러가 피부 톤 다 살려주는 마법 아이템. 저장해두면 두고두고 꺼내 입는 그 느낌 맞음.\n\n#오오티디 #꾸안꾸 #데일리룩 #오버핏셔츠 #그레이코디 #여름코디 #데일리코디\n\n👇 Shop Yanghee's Fit\nyanghee.short.gy\n\n#GRWM #fitcheck #ootd #dailylook #outfitoftheday #fashiongram #streetstyle #lookbook #styleinspo #outfitcheck #kfashion"", ""thumbnails"": {""default"": {""url"": ""https://i.ytimg.com/vi/5SiiZJh9TdM/default.jpg"", ""width"": 120, ""height"": 90}, ""medium"": {""url"": ""https://i.ytimg.com/vi/5SiiZJh9TdM/mqdefault.jpg"", ""width"": 320, ""height"": 180}, ""high"": {""url"": ""https://i.ytimg.com/vi/5SiiZJh9TdM/hqdefault.jpg"", ""width"": 480, ""height"": 360}, ""standard"": {""url"": ""https://i.ytimg.com/vi/5SiiZJh9TdM/sddefault.jpg"", ""width"": 640, ""height"": 480}, ""maxres"": {""url"": ""https://i.ytimg.com/vi/5SiiZJh9TdM/maxresdefault.jpg"", ""width"": 1280, ""height"": 720}}, ""channelTitle"": ""Yanghee Archive"", ""categoryId"": ""22"", ""liveBroadcastContent"": ""none"", ""defaultLanguage"": ""ko"", ""localized"": {""title"": ""꾸안꾸 갓벽한 실키 그레이 셔츠 🩶"", ""description"": ""Steal Yanghee's Fit 🛒\n\n광택감 살짝 도는 실키한 소재에 오버핏 실루엣이라 그냥 걸쳐도 핏 나옴. 그레이 컬러가 피부 톤 다 살려주는 마법 아이템. 저장해두면 두고두고 꺼내 입는 그 느낌 맞음.\n\n#오오티디 #꾸안꾸 #데일리룩 #오버핏셔츠 #그레이코디 #여름코디 #데일리코디\n\n👇 Shop Yanghee's Fit\nyanghee.short.gy\n\n#GRWM #fitcheck #ootd #dailylook #outfitoftheday #fashiongram #streetstyle #lookbook #styleinspo #outfitcheck #kfashion""}, ""defaultAudioLanguage"": ""ko""}, ""statistics"": {""viewCount"": ""421"", ""likeCount"": ""4"", ""favoriteCount"": ""0"", ""commentCount"": ""0""}}"
오버핏 셔츠,single_term_fallback,오버핏 셔츠,rsAp1DRMvyQ,셔츠 쓰면 알아요 바로,2026-06-09T09:24:48Z,0,0,1,https://www.youtube.com/watch?v=rsAp1DRMvyQ,youtube,오버핏 셔츠,canonical,1.0,2026-06-11T10:36:57.857845+00:00,0,0,1,1,비밀최저가,"이 포스팅은 쿠팡 파트너스 활동의 일환으로, 이에 따른 일정액의 수수료를 제공받습니다.
1 | 12,590 (원) | 캐럿 구김 없는 링클프리 반소매 셔츠 | https://link.coupang.com/a/erkw2LDdGm
2 | 14,900 (원) | 캐럿 남성용 링클프리 베이직 긴팔 셔츠 | https://link.coupang.com/a/erkw2RrUwm
3 | 15,900 (원) | [1+1웨어몬] 봄여름가을 WF 남성 작업 기본 체크셔츠 남방티 캐쥬얼 농사 현장 벌초 빅사이즈 | https://link.coupang.com/a/erkw3wxs3E
4 | 23,800 (원) | 해리슨 남성용 링클프리 베이직 셔츠 597 JIM1144 | https://link.coupang.com/a/erkw3oWzRY
5 | 23,800 (원) | 해리슨 남성용 링클프리 베이직 셔츠 597 JIM1144 | https://link.coupang.com/a/erkw3oWzRY
6 | 24,300 (원) | YioYcc 썸머 오버핏 반팔셔츠 반팔 얇은 셔츠 커플티 | https://link.coupang.com/a/erkw2WcOpo
7 | 24,510 (원) | 면 100% 고퀄리티 남자 오버 루즈핏 고밀도면 카라 옥스포드 셔츠 빅사이즈 | https://link.coupang.com/a/erkw3fIHtc
8 | 24,800 (원) | 가이스토리 남성용 빅사이즈 기본 무지 스판 데일리 셔츠 | https://link.coupang.com/a/erkw23Wgfc
9 | 25,800 (원) | 가이스토리 남성용 사계절 피셔 포켓 긴팔 빅사이즈 캐주얼 셔츠 | https://link.coupang.com/a/erkw2EBGlo
10 | 29,800 (원) | 테크비 1+1 남성용 반팔 링클프리 오버핏 무지 남방 | https://link.coupang.com/a/erkw28G98e

#캐럿 #링클프리 #반소매셔츠 #여름셔츠 #웨어몬 #작업셔츠 #해리슨 #베이직셔츠 #오피스룩 #YioYcc #오버핏셔츠 #고퀄리티 #옥스포드셔츠 #가이스토리 #긴팔셔츠 #테크비

※ 본 영상에 표시된 평균 가격은 영상 제작 시점에 수집된 상품 가격을 기준으로 산출한 참고값입니다. 실제 판매 가격은 재고 상황, 할인 행사, 판매자 정책 등에 따라 수시로 변동될 수 있으므로 구매 전 반드시 현재 가격을 확인하시기 바랍니다.","{""kind"": ""youtube#video"", ""etag"": ""kN5ikBySkfQUPiviE7vK_fA9xmc"", ""id"": ""rsAp1DRMvyQ"", ""snippet"": {""publishedAt"": ""2026-06-09T09:24:48Z"", ""channelId"": ""UCDwoSLQXJmEVNeEoBge_iNQ"", ""title"": ""셔츠 쓰면 알아요 바로"", ""description"": ""이 포스팅은 쿠팡 파트너스 활동의 일환으로, 이에 따른 일정액의 수수료를 제공받습니다.\n1 | 12,590 (원) | 캐럿 구김 없는 링클프리 반소매 셔츠 | https://link.coupang.com/a/erkw2LDdGm\n2 | 14,900 (원) | 캐럿 남성용 링클프리 베이직 긴팔 셔츠 | https://link.coupang.com/a/erkw2RrUwm\n3 | 15,900 (원) | [1+1웨어몬] 봄여름가을 WF 남성 작업 기본 체크셔츠 남방티 캐쥬얼 농사 현장 벌초 빅사이즈 | https://link.coupang.com/a/erkw3wxs3E\n4 | 23,800 (원) | 해리슨 남성용 링클프리 베이직 셔츠 597 JIM1144 | https://link.coupang.com/a/erkw3oWzRY\n5 | 23,800 (원) | 해리슨 남성용 링클프리 베이직 셔츠 597 JIM1144 | https://link.coupang.com/a/erkw3oWzRY\n6 | 24,300 (원) | YioYcc 썸머 오버핏 반팔셔츠 반팔 얇은 셔츠 커플티 | https://link.coupang.com/a/erkw2WcOpo\n7 | 24,510 (원) | 면 100% 고퀄리티 남자 오버 루즈핏 고밀도면 카라 옥스포드 셔츠 빅사이즈 | https://link.coupang.com/a/erkw3fIHtc\n8 | 24,800 (원) | 가이스토리 남성용 빅사이즈 기본 무지 스판 데일리 셔츠 | https://link.coupang.com/a/erkw23Wgfc\n9 | 25,800 (원) | 가이스토리 남성용 사계절 피셔 포켓 긴팔 빅사이즈 캐주얼 셔츠 | https://link.coupang.com/a/erkw2EBGlo\n10 | 29,800 (원) | 테크비 1+1 남성용 반팔 링클프리 오버핏 무지 남방 | https://link.coupang.com/a/erkw28G98e\n\n#캐럿 #링클프리 #반소매셔츠 #여름셔츠 #웨어몬 #작업셔츠 #해리슨 #베이직셔츠 #오피스룩 #YioYcc #오버핏셔츠 #고퀄리티 #옥스포드셔츠 #가이스토리 #긴팔셔츠 #테크비\n\n※ 본 영상에 표시된 평균 가격은 영상 제작 시점에 수집된 상품 가격을 기준으로 산출한 참고값입니다. 실제 판매 가격은 재고 상황, 할인 행사, 판매자 정책 등에 따라 수시로 변동될 수 있으므로 구매 전 반드시 현재 가격을 확인하시기 바랍니다."", ""thumbnails"": {""default"": {""url"": ""https://i.ytimg.com/vi/rsAp1DRMvyQ/default.jpg"", ""width"": 120, ""height"": 90}, ""medium"": {""url"": ""https://i.ytimg.com/vi/rsAp1DRMvyQ/mqdefault.jpg"", ""width"": 320, ""height"": 180}, ""high"": {""url"": ""https://i.ytimg.com/vi/rsAp1DRMvyQ/hqdefault.jpg"", ""width"": 480, ""height"": 360}, ""standard"": {""url"": ""https://i.ytimg.com/vi/rsAp1DRMvyQ/sddefault.jpg"", ""width"": 640, ""height"": 480}, ""maxres"": {""url"": ""https://i.ytimg.com/vi/rsAp1DRMvyQ/maxresdefault.jpg"", ""width"": 1280, ""height"": 720}}, ""channelTitle"": ""비밀최저가"", ""categoryId"": ""22"", ""liveBroadcastContent"": ""none"", ""defaultLanguage"": ""ko"", ""localized"": {""title"": ""셔츠 쓰면 알아요 바로"", ""description"": ""이 포스팅은 쿠팡 파트너스 활동의 일환으로, 이에 따른 일정액의 수수료를 제공받습니다.\n1 | 12,590 (원) | 캐럿 구김 없는 링클프리 반소매 셔츠 | https://link.coupang.com/a/erkw2LDdGm\n2 | 14,900 (원) | 캐럿 남성용 링클프리 베이직 긴팔 셔츠 | https://link.coupang.com/a/erkw2RrUwm\n3 | 15,900 (원) | [1+1웨어몬] 봄여름가을 WF 남성 작업 기본 체크셔츠 남방티 캐쥬얼 농사 현장 벌초 빅사이즈 | https://link.coupang.com/a/erkw3wxs3E\n4 | 23,800 (원) | 해리슨 남성용 링클프리 베이직 셔츠 597 JIM1144 | https://link.coupang.com/a/erkw3oWzRY\n5 | 23,800 (원) | 해리슨 남성용 링클프리 베이직 셔츠 597 JIM1144 | https://link.coupang.com/a/erkw3oWzRY\n6 | 24,300 (원) | YioYcc 썸머 오버핏 반팔셔츠 반팔 얇은 셔츠 커플티 | https://link.coupang.com/a/erkw2WcOpo\n7 | 24,510 (원) | 면 100% 고퀄리티 남자 오버 루즈핏 고밀도면 카라 옥스포드 셔츠 빅사이즈 | https://link.coupang.com/a/erkw3fIHtc\n8 | 24,800 (원) | 가이스토리 남성용 빅사이즈 기본 무지 스판 데일리 셔츠 | https://link.coupang.com/a/erkw23Wgfc\n9 | 25,800 (원) | 가이스토리 남성용 사계절 피셔 포켓 긴팔 빅사이즈 캐주얼 셔츠 | https://link.coupang.com/a/erkw2EBGlo\n10 | 29,800 (원) | 테크비 1+1 남성용 반팔 링클프리 오버핏 무지 남방 | https://link.coupang.com/a/erkw28G98e\n\n#캐럿 #링클프리 #반소매셔츠 #여름셔츠 #웨어몬 #작업셔츠 #해리슨 #베이직셔츠 #오피스룩 #YioYcc #오버핏셔츠 #고퀄리티 #옥스포드셔츠 #가이스토리 #긴팔셔츠 #테크비\n\n※ 본 영상에 표시된 평균 가격은 영상 제작 시점에 수집된 상품 가격을 기준으로 산출한 참고값입니다. 실제 판매 가격은 재고 상황, 할인 행사, 판매자 정책 등에 따라 수시로 변동될 수 있으므로 구매 전 반드시 현재 가격을 확인하시기 바랍니다.""}, ""defaultAudioLanguage"": ""ko""}, ""statistics"": {""viewCount"": ""0"", ""likeCount"": ""0"", ""favoriteCount"": ""0"", ""commentCount"": ""1""}}"
오버핏 셔츠,single_term_fallback,오버핏 셔츠,HXrA5q42Ras,핏이 예술인 오버핏 롱슬리브 🖤,2026-06-09T08:12:24Z,216,0,0,https://www.youtube.com/watch?v=HXrA5q42Ras,youtube,오버핏 셔츠,canonical,1.0,2026-06-11T10:36:57.857845+00:00,216,0,0,0,MinHee Archive,"Steal Minhee's Fit 🛒

루즈한 실루엣에 와이드 팬츠 조합, 입는 순간 분위기 터짐. 스트로 백 하나로 전체 룩 완성되는 마법 같은 데일리 핏.

#오버핏티셔츠 #와이드팬츠코디 #데일리룩 #미니멀패션 #롱슬리브

👇 Shop the Fit
https://stealmyfit.com/minhee

#GRWM #fitcheck #ootd #dailylook #kfashion #shorts","{""kind"": ""youtube#video"", ""etag"": ""lHkCNirKxoe2JK5IkoM7M0TqZmc"", ""id"": ""HXrA5q42Ras"", ""snippet"": {""publishedAt"": ""2026-06-09T08:12:24Z"", ""channelId"": ""UCEdZ2WNW8lRQ8uiKZ2qu3Jw"", ""title"": ""핏이 예술인 오버핏 롱슬리브 🖤"", ""description"": ""Steal Minhee's Fit 🛒\n\n루즈한 실루엣에 와이드 팬츠 조합, 입는 순간 분위기 터짐. 스트로 백 하나로 전체 룩 완성되는 마법 같은 데일리 핏.\n\n#오버핏티셔츠 #와이드팬츠코디 #데일리룩 #미니멀패션 #롱슬리브\n\n👇 Shop the Fit\nhttps://stealmyfit.com/minhee\n\n#GRWM #fitcheck #ootd #dailylook #kfashion #shorts"", ""thumbnails"": {""default"": {""url"": ""https://i.ytimg.com/vi/HXrA5q42Ras/default.jpg"", ""width"": 120, ""height"": 90}, ""medium"": {""url"": ""https://i.ytimg.com/vi/HXrA5q42Ras/mqdefault.jpg"", ""width"": 320, ""height"": 180}, ""high"": {""url"": ""https://i.ytimg.com/vi/HXrA5q42Ras/hqdefault.jpg"", ""width"": 480, ""height"": 360}, ""standard"": {""url"": ""https://i.ytimg.com/vi/HXrA5q42Ras/sddefault.jpg"", ""width"": 640, ""height"": 480}, ""maxres"": {""url"": ""https://i.ytimg.com/vi/HXrA5q42Ras/maxresdefault.jpg"", ""width"": 1280, ""height"": 720}}, ""channelTitle"": ""MinHee Archive"", ""categoryId"": ""26"", ""liveBroadcastContent"": ""none"", ""defaultLanguage"": ""ko"", ""localized"": {""title"": ""핏이 예술인 오버핏 롱슬리브 🖤"", ""description"": ""Steal Minhee's Fit 🛒\n\n루즈한 실루엣에 와이드 팬츠 조합, 입는 순간 분위기 터짐. 스트로 백 하나로 전체 룩 완성되는 마법 같은 데일리 핏.\n\n#오버핏티셔츠 #와이드팬츠코디 #데일리룩 #미니멀패션 #롱슬리브\n\n👇 Shop the Fit\nhttps://stealmyfit.com/minhee\n\n#GRWM #fitcheck #ootd #dailylook #kfashion #shorts""}, ""defaultAudioLanguage"": ""en""}, ""statistics"": {""viewCount"": ""216"", ""likeCount"": ""0"", ""favoriteCount"": ""0"", ""commentCount"": ""0""}}"
오버핏 셔츠,single_term_fallback,오버핏 셔츠,L_HZvnO7Piw,핏이 예술인 루즈핏 셔츠 🩵,2026-06-09T08:00:02Z,196,0,0,https://www.youtube.com/watch?v=L_HZvnO7Piw,youtube,오버핏 셔츠,canonical,1.0,2026-06-11T10:36:57.857845+00:00,196,0,0,0,KellyKim Archive,"Steal Kelly's Fit 🛒

살짝 걸쳐 입은 오버핏 스트라이프 셔츠에 레이스 슬립 스커트 레이어드, 이 조합 진짜 답 없음🤍 면 소재 특유의 자연스러운 드레이프감이 실루엣을 완성해줌.

#오버핏셔츠 #레이어드룩 #슬립스커트 #스트라이프셔츠 #데일리룩

👇 Shop the Fit
https://stealmyfit.com/kelly

#GRWM #fitcheck #ootd #dailylook #kfashion #shorts","{""kind"": ""youtube#video"", ""etag"": ""kNSgTbHMXtQhadiRVdSB5EZ7qaI"", ""id"": ""L_HZvnO7Piw"", ""snippet"": {""publishedAt"": ""2026-06-09T08:00:02Z"", ""channelId"": ""UCVTBDYDwOAiaOu_MF2sxmzQ"", ""title"": ""핏이 예술인 루즈핏 셔츠 🩵"", ""description"": ""Steal Kelly's Fit 🛒\n\n살짝 걸쳐 입은 오버핏 스트라이프 셔츠에 레이스 슬립 스커트 레이어드, 이 조합 진짜 답 없음🤍 면 소재 특유의 자연스러운 드레이프감이 실루엣을 완성해줌.\n\n#오버핏셔츠 #레이어드룩 #슬립스커트 #스트라이프셔츠 #데일리룩\n\n👇 Shop the Fit\nhttps://stealmyfit.com/kelly\n\n#GRWM #fitcheck #ootd #dailylook #kfashion #shorts"", ""thumbnails"": {""default"": {""url"": ""https://i.ytimg.com/vi/L_HZvnO7Piw/default.jpg"", ""width"": 120, ""height"": 90}, ""medium"": {""url"": ""https://i.ytimg.com/vi/L_HZvnO7Piw/mqdefault.jpg"", ""width"": 320, ""height"": 180}, ""high"": {""url"": ""https://i.ytimg.com/vi/L_HZvnO7Piw/hqdefault.jpg"", ""width"": 480, ""height"": 360}, ""standard"": {""url"": ""https://i.ytimg.com/vi/L_HZvnO7Piw/sddefault.jpg"", ""width"": 640, ""height"": 480}, ""maxres"": {""url"": ""https://i.ytimg.com/vi/L_HZvnO7Piw/maxresdefault.jpg"", ""width"": 1280, ""height"": 720}}, ""channelTitle"": ""KellyKim Archive"", ""categoryId"": ""26"", ""liveBroadcastContent"": ""none"", ""defaultLanguage"": ""ko"", ""localized"": {""title"": ""핏이 예술인 루즈핏 셔츠 🩵"", ""description"": ""Steal Kelly's Fit 🛒\n\n살짝 걸쳐 입은 오버핏 스트라이프 셔츠에 레이스 슬립 스커트 레이어드, 이 조합 진짜 답 없음🤍 면 소재 특유의 자연스러운 드레이프감이 실루엣을 완성해줌.\n\n#오버핏셔츠 #레이어드룩 #슬립스커트 #스트라이프셔츠 #데일리룩\n\n👇 Shop the Fit\nhttps://stealmyfit.com/kelly\n\n#GRWM #fitcheck #ootd #dailylook #kfashion #shorts""}, ""defaultAudioLanguage"": ""en""}, ""statistics"": {""viewCount"": ""196"", ""likeCount"": ""0"", ""favoriteCount"": ""0"", ""commentCount"": ""0""}}"
오버핏 셔츠,single_term_fallback,오버핏 셔츠,B_Xm__5RjJ4,핏이 예술인 오버핏 셔츠 🩶,2026-06-09T08:00:18Z,0,0,0,https://www.youtube.com/watch?v=B_Xm__5RjJ4,youtube,오버핏 셔츠,canonical,1.0,2026-06-11T10:36:57.857845+00:00,0,0,0,0,YiYeon Archive,"Steal Iyeon's Fit 🛒

루즈하게 떨어지는 스트라이프 면 소재가 레이스 미디 스커트랑 만나면 실루엣이 살아남. 레이어드 하나로 분위기 완전히 달라지는 조합 진짜 써봐.

#오버핏셔츠 #레이어드룩 #미디스커트 #스트라이프셔츠 #데일리룩

👇 Shop the Fit
https://stealmyfit.com/iyeon

#GRWM #fitcheck #ootd #dailylook #kfashion #shorts","{""kind"": ""youtube#video"", ""etag"": ""oxjw-s2vBKGbSHzl-9pJ2DUyF5k"", ""id"": ""B_Xm__5RjJ4"", ""snippet"": {""publishedAt"": ""2026-06-09T08:00:18Z"", ""channelId"": ""UC-GRbxqKGy8BMt6zVaxV82Q"", ""title"": ""핏이 예술인 오버핏 셔츠 🩶"", ""description"": ""Steal Iyeon's Fit 🛒\n\n루즈하게 떨어지는 스트라이프 면 소재가 레이스 미디 스커트랑 만나면 실루엣이 살아남. 레이어드 하나로 분위기 완전히 달라지는 조합 진짜 써봐.\n\n#오버핏셔츠 #레이어드룩 #미디스커트 #스트라이프셔츠 #데일리룩\n\n👇 Shop the Fit\nhttps://stealmyfit.com/iyeon\n\n#GRWM #fitcheck #ootd #dailylook #kfashion #shorts"", ""thumbnails"": {""default"": {""url"": ""https://i.ytimg.com/vi/B_Xm__5RjJ4/default.jpg"", ""width"": 120, ""height"": 90}, ""medium"": {""url"": ""https://i.ytimg.com/vi/B_Xm__5RjJ4/mqdefault.jpg"", ""width"": 320, ""height"": 180}, ""high"": {""url"": ""https://i.ytimg.com/vi/B_Xm__5RjJ4/hqdefault.jpg"", ""width"": 480, ""height"": 360}, ""standard"": {""url"": ""https://i.ytimg.com/vi/B_Xm__5RjJ4/sddefault.jpg"", ""width"": 640, ""height"": 480}, ""maxres"": {""url"": ""https://i.ytimg.com/vi/B_Xm__5RjJ4/maxresdefault.jpg"", ""width"": 1280, ""height"": 720}}, ""channelTitle"": ""YiYeon Archive"", ""categoryId"": ""26"", ""liveBroadcastContent"": ""none"", ""defaultLanguage"": ""ko"", ""localized"": {""title"": ""핏이 예술인 오버핏 셔츠 🩶"", ""description"": ""Steal Iyeon's Fit 🛒\n\n루즈하게 떨어지는 스트라이프 면 소재가 레이스 미디 스커트랑 만나면 실루엣이 살아남. 레이어드 하나로 분위기 완전히 달라지는 조합 진짜 써봐.\n\n#오버핏셔츠 #레이어드룩 #미디스커트 #스트라이프셔츠 #데일리룩\n\n👇 Shop the Fit\nhttps://stealmyfit.com/iyeon\n\n#GRWM #fitcheck #ootd #dailylook #kfashion #shorts""}, ""defaultAudioLanguage"": ""en""}, ""statistics"": {""viewCount"": ""0"", ""likeCount"": ""0"", ""favoriteCount"": ""0"", ""commentCount"": ""0""}}"
오버핏 셔츠,single_term_fallback,오버핏 셔츠,04ZNdOaz4po,시연 1+1 남성용 여름 쿨링 오버핏 긴팔 체크 남방 셔츠,2026-06-09T07:18:36Z,262,0,0,https://www.youtube.com/watch?v=04ZNdOaz4po,youtube,오버핏 셔츠,canonical,1.0,2026-06-11T10:36:57.857845+00:00,262,0,0,0,@REULIC_official,,"{""kind"": ""youtube#video"", ""etag"": ""2GhFSERqDwG8F1vYhZQx-rK7rcw"", ""id"": ""04ZNdOaz4po"", ""snippet"": {""publishedAt"": ""2026-06-09T07:18:36Z"", ""channelId"": ""UCO2X9i0mhpYQe5AMKupl4XQ"", ""title"": ""시연 1+1 남성용 여름 쿨링 오버핏 긴팔 체크 남방 셔츠"", ""description"": """", ""thumbnails"": {""default"": {""url"": ""https://i.ytimg.com/vi/04ZNdOaz4po/default.jpg"", ""width"": 120, ""height"": 90}, ""medium"": {""url"": ""https://i.ytimg.com/vi/04ZNdOaz4po/mqdefault.jpg"", ""width"": 320, ""height"": 180}, ""high"": {""url"": ""https://i.ytimg.com/vi/04ZNdOaz4po/hqdefault.jpg"", ""width"": 480, ""height"": 360}, ""standard"": {""url"": ""https://i.ytimg.com/vi/04ZNdOaz4po/sddefault.jpg"", ""width"": 640, ""height"": 480}, ""maxres"": {""url"": ""https://i.ytimg.com/vi/04ZNdOaz4po/maxresdefault.jpg"", ""width"": 1280, ""height"": 720}}, ""channelTitle"": ""@REULIC_official"", ""categoryId"": ""22"", ""liveBroadcastContent"": ""none"", ""defaultLanguage"": ""ko"", ""localized"": {""title"": ""시연 1+1 남성용 여름 쿨링 오버핏 긴팔 체크 남방 셔츠"", ""description"": """"}, ""defaultAudioLanguage"": ""en""}, ""statistics"": {""viewCount"": ""262"", ""favoriteCount"": ""0""}}"
오버핏 셔츠,single_term_fallback,오버핏 셔츠,yiCTFRKM_2s,시연 1+1 여성용 여름 오버핏 빅사이즈 남방 체크 셔츠 긴팔 블라우스,2026-06-09T07:17:35Z,230,0,0,https://www.youtube.com/watch?v=yiCTFRKM_2s,youtube,오버핏 셔츠,canonical,1.0,2026-06-11T10:36:57.857845+00:00,230,0,0,0,@REULIC_official,,"{""kind"": ""youtube#video"", ""etag"": ""UcB_rm7JaJexF-uFsbyKq6XWmh0"", ""id"": ""yiCTFRKM_2s"", ""snippet"": {""publishedAt"": ""2026-06-09T07:17:35Z"", ""channelId"": ""UCO2X9i0mhpYQe5AMKupl4XQ"", ""title"": ""시연 1+1 여성용 여름 오버핏 빅사이즈 남방 체크 셔츠 긴팔 블라우스"", ""description"": """", ""thumbnails"": {""default"": {""url"": ""https://i.ytimg.com/vi/yiCTFRKM_2s/default.jpg"", ""width"": 120, ""height"": 90}, ""medium"": {""url"": ""https://i.ytimg.com/vi/yiCTFRKM_2s/mqdefault.jpg"", ""width"": 320, ""height"": 180}, ""high"": {""url"": ""https://i.ytimg.com/vi/yiCTFRKM_2s/hqdefault.jpg"", ""width"": 480, ""height"": 360}, ""standard"": {""url"": ""https://i.ytimg.com/vi/yiCTFRKM_2s/sddefault.jpg"", ""width"": 640, ""height"": 480}, ""maxres"": {""url"": ""https://i.ytimg.com/vi/yiCTFRKM_2s/maxresdefault.jpg"", ""width"": 1280, ""height"": 720}}, ""channelTitle"": ""@REULIC_official"", ""categoryId"": ""22"", ""liveBroadcastContent"": ""none"", ""defaultLanguage"": ""ko"", ""localized"": {""title"": ""시연 1+1 여성용 여름 오버핏 빅사이즈 남방 체크 셔츠 긴팔 블라우스"", ""description"": """"}, ""defaultAudioLanguage"": ""en""}, ""statistics"": {""viewCount"": ""230"", ""favoriteCount"": ""0""}}"
오버핏 셔츠,single_term_fallback,오버핏 셔츠,L7p6u3aPxlM,핏 미친 오버핏 티셔츠 🥥,2026-06-09T02:30:10Z,82,1,0,https://www.youtube.com/watch?v=L7p6u3aPxlM,youtube,오버핏 셔츠,canonical,1.0,2026-06-11T10:36:57.857845+00:00,82,1,0,1,KellyKim Archive,"Steal Kelly's Fit 🛒

루즈한 실루엣에 그래픽 프린트가 포인트인 코튼 오버핏 티셔츠, 롱 스커트와 매치하면 비율이 살아나는 조합. 편하면서도 스타일 완성도 높은 데일리 무드 그 자체.

#오버핏티셔츠 #그래픽티셔츠 #롱스커트코디 #데일리룩 #여름코디

👇 Shop the Fit
https://stealmyfit.com/kelly

#GRWM #fitcheck #ootd #dailylook #kfashion #shorts","{""kind"": ""youtube#video"", ""etag"": ""TlBMqsobkFlznPhsX-np8jNEPCE"", ""id"": ""L7p6u3aPxlM"", ""snippet"": {""publishedAt"": ""2026-06-09T02:30:10Z"", ""channelId"": ""UCVTBDYDwOAiaOu_MF2sxmzQ"", ""title"": ""핏 미친 오버핏 티셔츠 🥥"", ""description"": ""Steal Kelly's Fit 🛒\n\n루즈한 실루엣에 그래픽 프린트가 포인트인 코튼 오버핏 티셔츠, 롱 스커트와 매치하면 비율이 살아나는 조합. 편하면서도 스타일 완성도 높은 데일리 무드 그 자체.\n\n#오버핏티셔츠 #그래픽티셔츠 #롱스커트코디 #데일리룩 #여름코디\n\n👇 Shop the Fit\nhttps://stealmyfit.com/kelly\n\n#GRWM #fitcheck #ootd #dailylook #kfashion #shorts"", ""thumbnails"": {""default"": {""url"": ""https://i.ytimg.com/vi/L7p6u3aPxlM/default.jpg"", ""width"": 120, ""height"": 90}, ""medium"": {""url"": ""https://i.ytimg.com/vi/L7p6u3aPxlM/mqdefault.jpg"", ""width"": 320, ""height"": 180}, ""high"": {""url"": ""https://i.ytimg.com/vi/L7p6u3aPxlM/hqdefault.jpg"", ""width"": 480, ""height"": 360}, ""standard"": {""url"": ""https://i.ytimg.com/vi/L7p6u3aPxlM/sddefault.jpg"", ""width"": 640, ""height"": 480}, ""maxres"": {""url"": ""https://i.ytimg.com/vi/L7p6u3aPxlM/maxresdefault.jpg"", ""width"": 1280, ""height"": 720}}, ""channelTitle"": ""KellyKim Archive"", ""categoryId"": ""26"", ""liveBroadcastContent"": ""none"", ""defaultLanguage"": ""ko"", ""localized"": {""title"": ""핏 미친 오버핏 티셔츠 🥥"", ""description"": ""Steal Kelly's Fit 🛒\n\n루즈한 실루엣에 그래픽 프린트가 포인트인 코튼 오버핏 티셔츠, 롱 스커트와 매치하면 비율이 살아나는 조합. 편하면서도 스타일 완성도 높은 데일리 무드 그 자체.\n\n#오버핏티셔츠 #그래픽티셔츠 #롱스커트코디 #데일리룩 #여름코디\n\n👇 Shop the Fit\nhttps://stealmyfit.com/kelly\n\n#GRWM #fitcheck #ootd #dailylook #kfashion #shorts""}, ""defaultAudioLanguage"": ""en""}, ""statistics"": {""viewCount"": ""82"", ""likeCount"": ""1"", ""favoriteCount"": ""0"", ""commentCount"": ""0""}}"
오버핏 셔츠,single_term_fallback,오버핏 셔츠,ydrXf3_SOrI,핏 미친 오버핏 맨투맨 세트 🩶,2026-06-09T02:30:00Z,100,0,0,https://www.youtube.com/watch?v=ydrXf3_SOrI,youtube,오버핏 셔츠,canonical,1.0,2026-06-11T10:36:57.857845+00:00,100,0,0,0,SeungEun Archive,"Steal Seungeun's Fit 🛒

루즈핏 그래픽 맨투맨에 와이드 숏팬츠 매치한 세트룩, 소재감이 살아있는 와플 텍스처가 포인트예요. 부츠까지 통일감 있게 맞춰서 입으면 코디 고민 제로각 🙌

#맨투맨세트 #그래픽맨투맨 #오버핏맨투맨 #세트룩코디 #숏팬츠세트

👇 Shop the Fit
https://stealmyfit.com/seungeun

#GRWM #fitcheck #ootd #dailylook #kfashion #shorts","{""kind"": ""youtube#video"", ""etag"": ""4VlTsUp_YeWkpAPSubT9i1SNu9M"", ""id"": ""ydrXf3_SOrI"", ""snippet"": {""publishedAt"": ""2026-06-09T02:30:00Z"", ""channelId"": ""UCjCe2cS-_27W32F97qDAlEA"", ""title"": ""핏 미친 오버핏 맨투맨 세트 🩶"", ""description"": ""Steal Seungeun's Fit 🛒\n\n루즈핏 그래픽 맨투맨에 와이드 숏팬츠 매치한 세트룩, 소재감이 살아있는 와플 텍스처가 포인트예요. 부츠까지 통일감 있게 맞춰서 입으면 코디 고민 제로각 🙌\n\n#맨투맨세트 #그래픽맨투맨 #오버핏맨투맨 #세트룩코디 #숏팬츠세트\n\n👇 Shop the Fit\nhttps://stealmyfit.com/seungeun\n\n#GRWM #fitcheck #ootd #dailylook #kfashion #shorts"", ""thumbnails"": {""default"": {""url"": ""https://i.ytimg.com/vi/ydrXf3_SOrI/default.jpg"", ""width"": 120, ""height"": 90}, ""medium"": {""url"": ""https://i.ytimg.com/vi/ydrXf3_SOrI/mqdefault.jpg"", ""width"": 320, ""height"": 180}, ""high"": {""url"": ""https://i.ytimg.com/vi/ydrXf3_SOrI/hqdefault.jpg"", ""width"": 480, ""height"": 360}, ""standard"": {""url"": ""https://i.ytimg.com/vi/ydrXf3_SOrI/sddefault.jpg"", ""width"": 640, ""height"": 480}, ""maxres"": {""url"": ""https://i.ytimg.com/vi/ydrXf3_SOrI/maxresdefault.jpg"", ""width"": 1280, ""height"": 720}}, ""channelTitle"": ""SeungEun Archive"", ""categoryId"": ""26"", ""liveBroadcastContent"": ""none"", ""defaultLanguage"": ""ko"", ""localized"": {""title"": ""핏 미친 오버핏 맨투맨 세트 🩶"", ""description"": ""Steal Seungeun's Fit 🛒\n\n루즈핏 그래픽 맨투맨에 와이드 숏팬츠 매치한 세트룩, 소재감이 살아있는 와플 텍스처가 포인트예요. 부츠까지 통일감 있게 맞춰서 입으면 코디 고민 제로각 🙌\n\n#맨투맨세트 #그래픽맨투맨 #오버핏맨투맨 #세트룩코디 #숏팬츠세트\n\n👇 Shop the Fit\nhttps://stealmyfit.com/seungeun\n\n#GRWM #fitcheck #ootd #dailylook #kfashion #shorts""}, ""defaultAudioLanguage"": ""ko""}, ""statistics"": {""viewCount"": ""100"", ""likeCount"": ""0"", ""favoriteCount"": ""0"", ""commentCount"": ""0""}}"
오버핏 셔츠,single_term_fallback,오버핏 셔츠,sj89sAojnXs,기획 1+1 피그먼트 반팔 !! #남자반팔티 #남자오버핏#남자쇼핑몰#남성복#남자옷,2026-06-09T00:16:59Z,1929,7,1,https://www.youtube.com/watch?v=sj89sAojnXs,youtube,오버핏 셔츠,canonical,1.0,2026-06-11T10:36:57.857845+00:00,1929,7,1,8,프롬오프,,"{""kind"": ""youtube#video"", ""etag"": ""G7m9drw8W4tnQVAJ_WLPoaXTv-0"", ""id"": ""sj89sAojnXs"", ""snippet"": {""publishedAt"": ""2026-06-09T00:16:59Z"", ""channelId"": ""UCJSFYOqP7xdel29QKqsz1jA"", ""title"": ""기획 1+1 피그먼트 반팔 !! #남자반팔티 #남자오버핏#남자쇼핑몰#남성복#남자옷"", ""description"": """", ""thumbnails"": {""default"": {""url"": ""https://i.ytimg.com/vi/sj89sAojnXs/default.jpg"", ""width"": 120, ""height"": 90}, ""medium"": {""url"": ""https://i.ytimg.com/vi/sj89sAojnXs/mqdefault.jpg"", ""width"": 320, ""height"": 180}, ""high"": {""url"": ""https://i.ytimg.com/vi/sj89sAojnXs/hqdefault.jpg"", ""width"": 480, ""height"": 360}, ""standard"": {""url"": ""https://i.ytimg.com/vi/sj89sAojnXs/sddefault.jpg"", ""width"": 640, ""height"": 480}, ""maxres"": {""url"": ""https://i.ytimg.com/vi/sj89sAojnXs/maxresdefault.jpg"", ""width"": 1280, ""height"": 720}}, ""channelTitle"": ""프롬오프"", ""categoryId"": ""22"", ""liveBroadcastContent"": ""none"", ""defaultLanguage"": ""ko"", ""localized"": {""title"": ""기획 1+1 피그먼트 반팔 !! #남자반팔티 #남자오버핏#남자쇼핑몰#남성복#남자옷"", ""description"": """"}, ""defaultAudioLanguage"": ""ko""}, ""statistics"": {""viewCount"": ""1929"", ""likeCount"": ""7"", ""favoriteCount"": ""0"", ""commentCount"": ""1""}}"
오버핏 셔츠,single_term_fallback,오버핏 셔츠,08uXC8oKJr4,여름 필수 살안템 오버핏 긴팔 셔츠,2026-06-08T23:49:11Z,290,2,0,https://www.youtube.com/watch?v=08uXC8oKJr4,youtube,오버핏 셔츠,canonical,1.0,2026-06-11T10:36:57.857845+00:00,290,2,0,2,Hey. 로로텐,"#빅사이즈코디 #데일리룩 #ootd 
가딩 살안템 루즈핏 긴팔셔츠
loloten.com","{""kind"": ""youtube#video"", ""etag"": ""E6Yg6zdcylIJ86axPjR3KZ9tIQw"", ""id"": ""08uXC8oKJr4"", ""snippet"": {""publishedAt"": ""2026-06-08T23:49:11Z"", ""channelId"": ""UC9VARXU6Vc7Jma8-zBF-DOg"", ""title"": ""여름 필수 살안템 오버핏 긴팔 셔츠"", ""description"": ""#빅사이즈코디 #데일리룩 #ootd \n가딩 살안템 루즈핏 긴팔셔츠\nloloten.com"", ""thumbnails"": {""default"": {""url"": ""https://i.ytimg.com/vi/08uXC8oKJr4/default.jpg"", ""width"": 120, ""height"": 90}, ""medium"": {""url"": ""https://i.ytimg.com/vi/08uXC8oKJr4/mqdefault.jpg"", ""width"": 320, ""height"": 180}, ""high"": {""url"": ""https://i.ytimg.com/vi/08uXC8oKJr4/hqdefault.jpg"", ""width"": 480, ""height"": 360}, ""standard"": {""url"": ""https://i.ytimg.com/vi/08uXC8oKJr4/sddefault.jpg"", ""width"": 640, ""height"": 480}, ""maxres"": {""url"": ""https://i.ytimg.com/vi/08uXC8oKJr4/maxresdefault.jpg"", ""width"": 1280, ""height"": 720}}, ""channelTitle"": ""Hey. 로로텐"", ""tags"": [""빅사이즈여성의류"", ""캐주얼룩"", ""일상룩"", ""여름코디"", ""통통코디"", ""오오티디"", ""룩북""], ""categoryId"": ""26"", ""liveBroadcastContent"": ""none"", ""defaultLanguage"": ""ko"", ""localized"": {""title"": ""여름 필수 살안템 오버핏 긴팔 셔츠"", ""description"": ""#빅사이즈코디 #데일리룩 #ootd \n가딩 살안템 루즈핏 긴팔셔츠\nloloten.com""}}, ""statistics"": {""viewCount"": ""290"", ""likeCount"": ""2"", ""favoriteCount"": ""0"", ""commentCount"": ""0""}}"
오버핏 셔츠,single_term_fallback,오버핏 셔츠,KLSBBUrK6aM,얼굴이 환해지는 오버핏 티셔츠 🤍,2026-06-08T22:30:13Z,3,0,0,https://www.youtube.com/watch?v=KLSBBUrK6aM,youtube,오버핏 셔츠,canonical,1.0,2026-06-11T10:36:57.857845+00:00,3,0,0,0,ChaeEunArchive,"Steal Chaeeun's Fit 🛒

루즈한 실루엣에 트로피컬 그래픽 프린트가 포인트인 오버핏 티셔츠, 올리브 롱스커트와 매치하면 비율이 살아남. 부드러운 코튼 소재라 입을수록 편하고 스타일은 저절로 완성됨.

#오버핏티셔츠 #그래픽티셔츠 #롱스커트코디 #여름코디 #데일리룩

👇 Shop the Fit
https://stealmyfit.com/chaeeun

#GRWM #fitcheck #ootd #dailylook #kfashion #shorts","{""kind"": ""youtube#video"", ""etag"": ""6jsQ0ztCIZTnCvAs_roZJnV_s8E"", ""id"": ""KLSBBUrK6aM"", ""snippet"": {""publishedAt"": ""2026-06-08T22:30:13Z"", ""channelId"": ""UCnTZgV71iOEdho4QpqYw7tg"", ""title"": ""얼굴이 환해지는 오버핏 티셔츠 🤍"", ""description"": ""Steal Chaeeun's Fit 🛒\n\n루즈한 실루엣에 트로피컬 그래픽 프린트가 포인트인 오버핏 티셔츠, 올리브 롱스커트와 매치하면 비율이 살아남. 부드러운 코튼 소재라 입을수록 편하고 스타일은 저절로 완성됨.\n\n#오버핏티셔츠 #그래픽티셔츠 #롱스커트코디 #여름코디 #데일리룩\n\n👇 Shop the Fit\nhttps://stealmyfit.com/chaeeun\n\n#GRWM #fitcheck #ootd #dailylook #kfashion #shorts"", ""thumbnails"": {""default"": {""url"": ""https://i.ytimg.com/vi/KLSBBUrK6aM/default.jpg"", ""width"": 120, ""height"": 90}, ""medium"": {""url"": ""https://i.ytimg.com/vi/KLSBBUrK6aM/mqdefault.jpg"", ""width"": 320, ""height"": 180}, ""high"": {""url"": ""https://i.ytimg.com/vi/KLSBBUrK6aM/hqdefault.jpg"", ""width"": 480, ""height"": 360}, ""standard"": {""url"": ""https://i.ytimg.com/vi/KLSBBUrK6aM/sddefault.jpg"", ""width"": 640, ""height"": 480}, ""maxres"": {""url"": ""https://i.ytimg.com/vi/KLSBBUrK6aM/maxresdefault.jpg"", ""width"": 1280, ""height"": 720}}, ""channelTitle"": ""ChaeEunArchive"", ""categoryId"": ""26"", ""liveBroadcastContent"": ""none"", ""defaultLanguage"": ""ko"", ""localized"": {""title"": ""얼굴이 환해지는 오버핏 티셔츠 🤍"", ""description"": ""Steal Chaeeun's Fit 🛒\n\n루즈한 실루엣에 트로피컬 그래픽 프린트가 포인트인 오버핏 티셔츠, 올리브 롱스커트와 매치하면 비율이 살아남. 부드러운 코튼 소재라 입을수록 편하고 스타일은 저절로 완성됨.\n\n#오버핏티셔츠 #그래픽티셔츠 #롱스커트코디 #여름코디 #데일리룩\n\n👇 Shop the Fit\nhttps://stealmyfit.com/chaeeun\n\n#GRWM #fitcheck #ootd #dailylook #kfashion #shorts""}}, ""statistics"": {""viewCount"": ""3"", ""likeCount"": ""0"", ""favoriteCount"": ""0"", ""commentCount"": ""0""}}"
오버핏 셔츠,single_term_fallback,오버핏 셔츠,akFpK5BbYkE,핏 미친 오버핏 티셔츠 🖤,2026-06-08T22:30:31Z,4,0,0,https://www.youtube.com/watch?v=akFpK5BbYkE,youtube,오버핏 셔츠,canonical,1.0,2026-06-11T10:36:57.857845+00:00,4,0,0,0,Naeun Archive,"Steal Naeun's Fit 🛒

묵직한 코튼 소재에 그래픽 프린트가 포인트인 루즈핏 티셔츠, 와이드 팬츠랑 매치하면 비율이 장난 아님. 그냥 걸쳐도 핏이 살아있어서 데일리로 계속 손 가는 아이템.

#오버핏티셔츠 #그래픽티 #와이드팬츠코디 #루즈핏코디 #스트릿패션

👇 Shop the Fit
https://stealmyfit.com/naeun

#GRWM #fitcheck #ootd #dailylook #kfashion #shorts","{""kind"": ""youtube#video"", ""etag"": ""RmkWCdhzbr7w1UYQlQh43cj6d2k"", ""id"": ""akFpK5BbYkE"", ""snippet"": {""publishedAt"": ""2026-06-08T22:30:31Z"", ""channelId"": ""UCMlxYPjhfXmxy49v1eBMS-A"", ""title"": ""핏 미친 오버핏 티셔츠 🖤"", ""description"": ""Steal Naeun's Fit 🛒\n\n묵직한 코튼 소재에 그래픽 프린트가 포인트인 루즈핏 티셔츠, 와이드 팬츠랑 매치하면 비율이 장난 아님. 그냥 걸쳐도 핏이 살아있어서 데일리로 계속 손 가는 아이템.\n\n#오버핏티셔츠 #그래픽티 #와이드팬츠코디 #루즈핏코디 #스트릿패션\n\n👇 Shop the Fit\nhttps://stealmyfit.com/naeun\n\n#GRWM #fitcheck #ootd #dailylook #kfashion #shorts"", ""thumbnails"": {""default"": {""url"": ""https://i.ytimg.com/vi/akFpK5BbYkE/default.jpg"", ""width"": 120, ""height"": 90}, ""medium"": {""url"": ""https://i.ytimg.com/vi/akFpK5BbYkE/mqdefault.jpg"", ""width"": 320, ""height"": 180}, ""high"": {""url"": ""https://i.ytimg.com/vi/akFpK5BbYkE/hqdefault.jpg"", ""width"": 480, ""height"": 360}, ""standard"": {""url"": ""https://i.ytimg.com/vi/akFpK5BbYkE/sddefault.jpg"", ""width"": 640, ""height"": 480}, ""maxres"": {""url"": ""https://i.ytimg.com/vi/akFpK5BbYkE/maxresdefault.jpg"", ""width"": 1280, ""height"": 720}}, ""channelTitle"": ""Naeun Archive"", ""categoryId"": ""26"", ""liveBroadcastContent"": ""none"", ""defaultLanguage"": ""ko"", ""localized"": {""title"": ""핏 미친 오버핏 티셔츠 🖤"", ""description"": ""Steal Naeun's Fit 🛒\n\n묵직한 코튼 소재에 그래픽 프린트가 포인트인 루즈핏 티셔츠, 와이드 팬츠랑 매치하면 비율이 장난 아님. 그냥 걸쳐도 핏이 살아있어서 데일리로 계속 손 가는 아이템.\n\n#오버핏티셔츠 #그래픽티 #와이드팬츠코디 #루즈핏코디 #스트릿패션\n\n👇 Shop the Fit\nhttps://stealmyfit.com/naeun\n\n#GRWM #fitcheck #ootd #dailylook #kfashion #shorts""}, ""defaultAudioLanguage"": ""ko""}, ""statistics"": {""viewCount"": ""4"", ""likeCount"": ""0"", ""favoriteCount"": ""0"", ""commentCount"": ""0""}}"
오버핏 셔츠,single_term_fallback,오버핏 셔츠,aSpy4_a4xPE,피부 맑아 보이는 루즈핏 셔츠 🤍,2026-06-08T22:30:17Z,1265,24,2,https://www.youtube.com/watch?v=aSpy4_a4xPE,youtube,오버핏 셔츠,canonical,1.0,2026-06-11T10:36:57.857845+00:00,1265,24,2,26,YuHa Archive,"Steal Yuha's Fit 🛒

부드러운 쉬폰 소재에 여유로운 실루엣이 살아있는 오버핏 셔츠, 레이스 스커트와 매치하면 진짜 레벨 다름 🫶 입는 순간 피부톤까지 환해지는 마법 아이템.

#루즈핏셔츠 #오버핏셔츠 #쉬폰셔츠 #여름셔츠 #데일리룩

👇 Shop the Fit
https://stealmyfit.com/yuha

#GRWM #fitcheck #ootd #dailylook #kfashion #shorts","{""kind"": ""youtube#video"", ""etag"": ""PpSDidrcVJKizqgbVeVSgqzLBE8"", ""id"": ""aSpy4_a4xPE"", ""snippet"": {""publishedAt"": ""2026-06-08T22:30:17Z"", ""channelId"": ""UCmqWNgblphjJyITO3F9TmYw"", ""title"": ""피부 맑아 보이는 루즈핏 셔츠 🤍"", ""description"": ""Steal Yuha's Fit 🛒\n\n부드러운 쉬폰 소재에 여유로운 실루엣이 살아있는 오버핏 셔츠, 레이스 스커트와 매치하면 진짜 레벨 다름 🫶 입는 순간 피부톤까지 환해지는 마법 아이템.\n\n#루즈핏셔츠 #오버핏셔츠 #쉬폰셔츠 #여름셔츠 #데일리룩\n\n👇 Shop the Fit\nhttps://stealmyfit.com/yuha\n\n#GRWM #fitcheck #ootd #dailylook #kfashion #shorts"", ""thumbnails"": {""default"": {""url"": ""https://i.ytimg.com/vi/aSpy4_a4xPE/default.jpg"", ""width"": 120, ""height"": 90}, ""medium"": {""url"": ""https://i.ytimg.com/vi/aSpy4_a4xPE/mqdefault.jpg"", ""width"": 320, ""height"": 180}, ""high"": {""url"": ""https://i.ytimg.com/vi/aSpy4_a4xPE/hqdefault.jpg"", ""width"": 480, ""height"": 360}, ""standard"": {""url"": ""https://i.ytimg.com/vi/aSpy4_a4xPE/sddefault.jpg"", ""width"": 640, ""height"": 480}, ""maxres"": {""url"": ""https://i.ytimg.com/vi/aSpy4_a4xPE/maxresdefault.jpg"", ""width"": 1280, ""height"": 720}}, ""channelTitle"": ""YuHa Archive"", ""categoryId"": ""26"", ""liveBroadcastContent"": ""none"", ""defaultLanguage"": ""ko"", ""localized"": {""title"": ""피부 맑아 보이는 루즈핏 셔츠 🤍"", ""description"": ""Steal Yuha's Fit 🛒\n\n부드러운 쉬폰 소재에 여유로운 실루엣이 살아있는 오버핏 셔츠, 레이스 스커트와 매치하면 진짜 레벨 다름 🫶 입는 순간 피부톤까지 환해지는 마법 아이템.\n\n#루즈핏셔츠 #오버핏셔츠 #쉬폰셔츠 #여름셔츠 #데일리룩\n\n👇 Shop the Fit\nhttps://stealmyfit.com/yuha\n\n#GRWM #fitcheck #ootd #dailylook #kfashion #shorts""}, ""defaultAudioLanguage"": ""en""}, ""statistics"": {""viewCount"": ""1265"", ""likeCount"": ""24"", ""favoriteCount"": ""0"", ""commentCount"": ""2""}}"
오버핏 셔츠,single_term_fallback,오버핏 셔츠,Ag4mawtMTS0,"[클라비스] 찰랑셔츠 1+1 특가! 기본/크롭/오버핏 3가지 핏, 7가지 컬러, 4가지 스타일",2026-06-08T22:00:49Z,1,0,1,https://www.youtube.com/watch?v=Ag4mawtMTS0,youtube,오버핏 셔츠,canonical,1.0,2026-06-11T10:36:57.857845+00:00,1,0,1,1,리뷰킹,"이 포스팅은 네이버 쇼핑 커넥트 활동의 일환으로, 판매 발생 시 수수료를 제공받습니다.
(구매하시는 가격은 동일 합니다)

안녕하세요! 오늘은 정말 역대급 혜택으로 돌아온 클라비스 찰랑셔츠를 소개해 드릴게요. 1+1 특가에 다양한 핏과 컬러, 스타일까지 갖춘 이 셔츠, 지금 바로 만나보시죠!
클라비스 찰랑셔츠는 이름처럼 정말 찰랑거리는 소재가 특징인데요. 가볍고 시원해서 봄부터 여름까지 쭉 입기 좋아요. 기본핏, 크롭핏, 오버핏 세 가지 핏으로 출시되어서 체형이나 스타일에 맞게 선택할 수 있고요. 기본 셔츠부터 스트라이프, 핀턱 디테일까지 네 가지 스타일로 다양하게 연출 가능해요. 총 일곱 가지 컬러로 준비되어 있으니 취향에 맞게 골라보세요. 모델 정보와 사이즈 정보도 꼼꼼하게 준비했으니 영상 끝까지 확인해주세요!
오늘 소개해 드린 클라비스 찰랑셔츠, 정말 매력적이지 않나요? 지금 바로 파트너 링크를 통해 1+1 특가로 만나보세요! 다음 영상에서 더 좋은 정보로 찾아뵙겠습니다. 감사합니다!

구매 : https://naver.me/G1pXbEUt

구독/좋아요 부탁드립니다.

#클라비스 #찰랑셔츠 #셔츠 #여성셔츠 #봄셔츠 #여름셔츠 #데일리룩 #오피스룩 #캐주얼룩 #1+1 #특가 #기본핏 #크롭핏 #오버핏 #7가지컬러 #4가지스타일 #패션 #스타일링","{""kind"": ""youtube#video"", ""etag"": ""0J6bwuueHMjHEFhiKFkEOzInNAI"", ""id"": ""Ag4mawtMTS0"", ""snippet"": {""publishedAt"": ""2026-06-08T22:00:49Z"", ""channelId"": ""UCX_7053gtVC7RrUsDFsODvw"", ""title"": ""[클라비스] 찰랑셔츠 1+1 특가! 기본/크롭/오버핏 3가지 핏, 7가지 컬러, 4가지 스타일"", ""description"": ""이 포스팅은 네이버 쇼핑 커넥트 활동의 일환으로, 판매 발생 시 수수료를 제공받습니다.\n(구매하시는 가격은 동일 합니다)\n\n안녕하세요! 오늘은 정말 역대급 혜택으로 돌아온 클라비스 찰랑셔츠를 소개해 드릴게요. 1+1 특가에 다양한 핏과 컬러, 스타일까지 갖춘 이 셔츠, 지금 바로 만나보시죠!\n클라비스 찰랑셔츠는 이름처럼 정말 찰랑거리는 소재가 특징인데요. 가볍고 시원해서 봄부터 여름까지 쭉 입기 좋아요. 기본핏, 크롭핏, 오버핏 세 가지 핏으로 출시되어서 체형이나 스타일에 맞게 선택할 수 있고요. 기본 셔츠부터 스트라이프, 핀턱 디테일까지 네 가지 스타일로 다양하게 연출 가능해요. 총 일곱 가지 컬러로 준비되어 있으니 취향에 맞게 골라보세요. 모델 정보와 사이즈 정보도 꼼꼼하게 준비했으니 영상 끝까지 확인해주세요!\n오늘 소개해 드린 클라비스 찰랑셔츠, 정말 매력적이지 않나요? 지금 바로 파트너 링크를 통해 1+1 특가로 만나보세요! 다음 영상에서 더 좋은 정보로 찾아뵙겠습니다. 감사합니다!\n\n구매 : https://naver.me/G1pXbEUt\n\n구독/좋아요 부탁드립니다.\n\n#클라비스 #찰랑셔츠 #셔츠 #여성셔츠 #봄셔츠 #여름셔츠 #데일리룩 #오피스룩 #캐주얼룩 #1+1 #특가 #기본핏 #크롭핏 #오버핏 #7가지컬러 #4가지스타일 #패션 #스타일링"", ""thumbnails"": {""default"": {""url"": ""https://i.ytimg.com/vi/Ag4mawtMTS0/default.jpg"", ""width"": 120, ""height"": 90}, ""medium"": {""url"": ""https://i.ytimg.com/vi/Ag4mawtMTS0/mqdefault.jpg"", ""width"": 320, ""height"": 180}, ""high"": {""url"": ""https://i.ytimg.com/vi/Ag4mawtMTS0/hqdefault.jpg"", ""width"": 480, ""height"": 360}, ""standard"": {""url"": ""https://i.ytimg.com/vi/Ag4mawtMTS0/sddefault.jpg"", ""width"": 640, ""height"": 480}, ""maxres"": {""url"": ""https://i.ytimg.com/vi/Ag4mawtMTS0/maxresdefault.jpg"", ""width"": 1280, ""height"": 720}}, ""channelTitle"": ""리뷰킹"", ""categoryId"": ""22"", ""liveBroadcastContent"": ""none"", ""defaultLanguage"": ""ko"", ""localized"": {""title"": ""[클라비스] 찰랑셔츠 1+1 특가! 기본/크롭/오버핏 3가지 핏, 7가지 컬러, 4가지 스타일"", ""description"": ""이 포스팅은 네이버 쇼핑 커넥트 활동의 일환으로, 판매 발생 시 수수료를 제공받습니다.\n(구매하시는 가격은 동일 합니다)\n\n안녕하세요! 오늘은 정말 역대급 혜택으로 돌아온 클라비스 찰랑셔츠를 소개해 드릴게요. 1+1 특가에 다양한 핏과 컬러, 스타일까지 갖춘 이 셔츠, 지금 바로 만나보시죠!\n클라비스 찰랑셔츠는 이름처럼 정말 찰랑거리는 소재가 특징인데요. 가볍고 시원해서 봄부터 여름까지 쭉 입기 좋아요. 기본핏, 크롭핏, 오버핏 세 가지 핏으로 출시되어서 체형이나 스타일에 맞게 선택할 수 있고요. 기본 셔츠부터 스트라이프, 핀턱 디테일까지 네 가지 스타일로 다양하게 연출 가능해요. 총 일곱 가지 컬러로 준비되어 있으니 취향에 맞게 골라보세요. 모델 정보와 사이즈 정보도 꼼꼼하게 준비했으니 영상 끝까지 확인해주세요!\n오늘 소개해 드린 클라비스 찰랑셔츠, 정말 매력적이지 않나요? 지금 바로 파트너 링크를 통해 1+1 특가로 만나보세요! 다음 영상에서 더 좋은 정보로 찾아뵙겠습니다. 감사합니다!\n\n구매 : https://naver.me/G1pXbEUt\n\n구독/좋아요 부탁드립니다.\n\n#클라비스 #찰랑셔츠 #셔츠 #여성셔츠 #봄셔츠 #여름셔츠 #데일리룩 #오피스룩 #캐주얼룩 #1+1 #특가 #기본핏 #크롭핏 #오버핏 #7가지컬러 #4가지스타일 #패션 #스타일링""}}, ""statistics"": {""viewCount"": ""1"", ""likeCount"": ""0"", ""favoriteCount"": ""0"", ""commentCount"": ""1""}}"
오버핏 셔츠,single_term_fallback,오버핏 셔츠,XTpde3B9zGM,"핫핑 신상! 피어니스트 셔츠, 가비진 핀턱팬츠, 썸머쿨팬츠, 레몬소울 가디건, 나나스윗 원피스",2026-06-08T20:51:49Z,0,0,1,https://www.youtube.com/watch?v=XTpde3B9zGM,youtube,오버핏 셔츠,canonical,1.0,2026-06-11T10:36:57.857845+00:00,0,0,1,1,리뷰탐정단,"이 포스팅은 쿠팡 파트너스 활동의 일환으로, 이에 따른 일정액의 수수료를 제공받습니다.

5위 : 피어니스트 여성용 바스락 오버핏 셔츠
금액 : 16940원
제품링크 : https://link.coupang.com/a/eqsJfZrrG0

4위 : 가비진 여성용 숏/롱 기장선택! 스판 좋은 핀턱 밴딩 일자 와이드 팬츠 키작녀 바지 빅사이즈까지
금액 : 15900원
제품링크 : https://link.coupang.com/a/eqsJbjKcma

3위 : 잘빠진 여성용 냉감 통기성 썸머 롱 부츠컷 밴딩 쿨 팬츠
금액 : 11900원
제품링크 : https://link.coupang.com/a/eqsI6vITx6

2위 : 레몬소울 빅사이즈 씨리티 반팔 가디건 블라우스
금액 : 17420원
제품링크 : https://link.coupang.com/a/eqsI1LllTw

1위 : 나나스윗 러블리 왕 카라 블랙 롱 원피스 빅 사이즈 오버핏
금액 : 13800원
제품링크 : https://link.coupang.com/a/eqsIW3dluK



#쇼핑 #생활용품 #내돈내산 #언박싱 #제품리뷰 #가성비템 #추천템 #유튜브쇼핑 #인기상품 #솔직리뷰","{""kind"": ""youtube#video"", ""etag"": ""8borOBKUXBOpuBhgCpGUEfv992I"", ""id"": ""XTpde3B9zGM"", ""snippet"": {""publishedAt"": ""2026-06-08T20:51:49Z"", ""channelId"": ""UCdNPjNSZB-7YqnJ9-RprY4g"", ""title"": ""핫핑 신상! 피어니스트 셔츠, 가비진 핀턱팬츠, 썸머쿨팬츠, 레몬소울 가디건, 나나스윗 원피스"", ""description"": ""이 포스팅은 쿠팡 파트너스 활동의 일환으로, 이에 따른 일정액의 수수료를 제공받습니다.\n\n5위 : 피어니스트 여성용 바스락 오버핏 셔츠\n금액 : 16940원\n제품링크 : https://link.coupang.com/a/eqsJfZrrG0\n\n4위 : 가비진 여성용 숏/롱 기장선택! 스판 좋은 핀턱 밴딩 일자 와이드 팬츠 키작녀 바지 빅사이즈까지\n금액 : 15900원\n제품링크 : https://link.coupang.com/a/eqsJbjKcma\n\n3위 : 잘빠진 여성용 냉감 통기성 썸머 롱 부츠컷 밴딩 쿨 팬츠\n금액 : 11900원\n제품링크 : https://link.coupang.com/a/eqsI6vITx6\n\n2위 : 레몬소울 빅사이즈 씨리티 반팔 가디건 블라우스\n금액 : 17420원\n제품링크 : https://link.coupang.com/a/eqsI1LllTw\n\n1위 : 나나스윗 러블리 왕 카라 블랙 롱 원피스 빅 사이즈 오버핏\n금액 : 13800원\n제품링크 : https://link.coupang.com/a/eqsIW3dluK\n\n\n\n#쇼핑 #생활용품 #내돈내산 #언박싱 #제품리뷰 #가성비템 #추천템 #유튜브쇼핑 #인기상품 #솔직리뷰"", ""thumbnails"": {""default"": {""url"": ""https://i.ytimg.com/vi/XTpde3B9zGM/default.jpg"", ""width"": 120, ""height"": 90}, ""medium"": {""url"": ""https://i.ytimg.com/vi/XTpde3B9zGM/mqdefault.jpg"", ""width"": 320, ""height"": 180}, ""high"": {""url"": ""https://i.ytimg.com/vi/XTpde3B9zGM/hqdefault.jpg"", ""width"": 480, ""height"": 360}, ""standard"": {""url"": ""https://i.ytimg.com/vi/XTpde3B9zGM/sddefault.jpg"", ""width"": 640, ""height"": 480}, ""maxres"": {""url"": ""https://i.ytimg.com/vi/XTpde3B9zGM/maxresdefault.jpg"", ""width"": 1280, ""height"": 720}}, ""channelTitle"": ""리뷰탐정단"", ""tags"": [""핫핑"", ""오버핏셔츠"", ""여름옷"", ""반팔가디건"", ""블라우스"", ""롱원피스"", ""여성쇼핑몰"", ""할인"", ""특가"", ""세일"", ""패션"", ""코디"", ""데일리룩"", ""빅사이즈"", ""편안한옷"", ""가성비"", ""득템"", ""핫딜"", ""쇼핑""], ""categoryId"": ""26"", ""liveBroadcastContent"": ""none"", ""defaultLanguage"": ""ko"", ""localized"": {""title"": ""핫핑 신상! 피어니스트 셔츠, 가비진 핀턱팬츠, 썸머쿨팬츠, 레몬소울 가디건, 나나스윗 원피스"", ""description"": ""이 포스팅은 쿠팡 파트너스 활동의 일환으로, 이에 따른 일정액의 수수료를 제공받습니다.\n\n5위 : 피어니스트 여성용 바스락 오버핏 셔츠\n금액 : 16940원\n제품링크 : https://link.coupang.com/a/eqsJfZrrG0\n\n4위 : 가비진 여성용 숏/롱 기장선택! 스판 좋은 핀턱 밴딩 일자 와이드 팬츠 키작녀 바지 빅사이즈까지\n금액 : 15900원\n제품링크 : https://link.coupang.com/a/eqsJbjKcma\n\n3위 : 잘빠진 여성용 냉감 통기성 썸머 롱 부츠컷 밴딩 쿨 팬츠\n금액 : 11900원\n제품링크 : https://link.coupang.com/a/eqsI6vITx6\n\n2위 : 레몬소울 빅사이즈 씨리티 반팔 가디건 블라우스\n금액 : 17420원\n제품링크 : https://link.coupang.com/a/eqsI1LllTw\n\n1위 : 나나스윗 러블리 왕 카라 블랙 롱 원피스 빅 사이즈 오버핏\n금액 : 13800원\n제품링크 : https://link.coupang.com/a/eqsIW3dluK\n\n\n\n#쇼핑 #생활용품 #내돈내산 #언박싱 #제품리뷰 #가성비템 #추천템 #유튜브쇼핑 #인기상품 #솔직리뷰""}}, ""statistics"": {""viewCount"": ""0"", ""likeCount"": ""0"", ""favoriteCount"": ""0"", ""commentCount"": ""1""}}"
오버핏 셔츠,single_term_fallback,오버핏 셔츠,1YArP3PkS0g,#협찬 여름에 입기 좋은 반팔 셔츠 발견! #커스텀멜로우,2026-06-08T14:14:37Z,233,2,0,https://www.youtube.com/watch?v=1YArP3PkS0g,youtube,오버핏 셔츠,canonical,1.0,2026-06-11T10:36:57.857845+00:00,233,2,0,2,제임시,"이번 여름 반팔셔츠 하나만 추천한다면?

커스텀멜로우 블랙 오버사이즈 플리츠 셔츠.
시원한 레이온·나일론 혼방 소재에 여유로운 오버핏으로 편안하게 착용 가능했습니다.

■ 전면 포켓 디테일
■ 후면 실버 로고 라벨 포인트
■ 플리츠 디테일과 사이드 슬릿으로 활동성 UP

화이트 팬츠와 로퍼로 깔끔한 미니멀룩,
카고 하프팬츠와 함께 캐주얼룩까지 다양하게 활용하기 좋더라구요.

182cm 80kg 기준 M사이즈 착용.
사이즈가 크게 나온 편이라 평소보다 1~2사이즈 다운 추천!

#커스텀멜로우 #남자반팔셔츠 #플리츠셔츠 #여름코디 #남자코디 #미니멀룩 #오버핏셔츠 #OOTD #여름패션 #셔츠추천","{""kind"": ""youtube#video"", ""etag"": ""IK2TEcsHQb2UlxKfqVq8IL-xdj8"", ""id"": ""1YArP3PkS0g"", ""snippet"": {""publishedAt"": ""2026-06-08T14:14:37Z"", ""channelId"": ""UCgLcv6_jRZ4m2U1QtMMV4Ag"", ""title"": ""#협찬 여름에 입기 좋은 반팔 셔츠 발견! #커스텀멜로우"", ""description"": ""이번 여름 반팔셔츠 하나만 추천한다면?\n\n커스텀멜로우 블랙 오버사이즈 플리츠 셔츠.\n시원한 레이온·나일론 혼방 소재에 여유로운 오버핏으로 편안하게 착용 가능했습니다.\n\n■ 전면 포켓 디테일\n■ 후면 실버 로고 라벨 포인트\n■ 플리츠 디테일과 사이드 슬릿으로 활동성 UP\n\n화이트 팬츠와 로퍼로 깔끔한 미니멀룩,\n카고 하프팬츠와 함께 캐주얼룩까지 다양하게 활용하기 좋더라구요.\n\n182cm 80kg 기준 M사이즈 착용.\n사이즈가 크게 나온 편이라 평소보다 1~2사이즈 다운 추천!\n\n#커스텀멜로우 #남자반팔셔츠 #플리츠셔츠 #여름코디 #남자코디 #미니멀룩 #오버핏셔츠 #OOTD #여름패션 #셔츠추천"", ""thumbnails"": {""default"": {""url"": ""https://i.ytimg.com/vi/1YArP3PkS0g/default.jpg"", ""width"": 120, ""height"": 90}, ""medium"": {""url"": ""https://i.ytimg.com/vi/1YArP3PkS0g/mqdefault.jpg"", ""width"": 320, ""height"": 180}, ""high"": {""url"": ""https://i.ytimg.com/vi/1YArP3PkS0g/hqdefault.jpg"", ""width"": 480, ""height"": 360}, ""standard"": {""url"": ""https://i.ytimg.com/vi/1YArP3PkS0g/sddefault.jpg"", ""width"": 640, ""height"": 480}, ""maxres"": {""url"": ""https://i.ytimg.com/vi/1YArP3PkS0g/maxresdefault.jpg"", ""width"": 1280, ""height"": 720}}, ""channelTitle"": ""제임시"", ""categoryId"": ""26"", ""liveBroadcastContent"": ""none"", ""defaultLanguage"": ""ko"", ""localized"": {""title"": ""#협찬 여름에 입기 좋은 반팔 셔츠 발견! #커스텀멜로우"", ""description"": ""이번 여름 반팔셔츠 하나만 추천한다면?\n\n커스텀멜로우 블랙 오버사이즈 플리츠 셔츠.\n시원한 레이온·나일론 혼방 소재에 여유로운 오버핏으로 편안하게 착용 가능했습니다.\n\n■ 전면 포켓 디테일\n■ 후면 실버 로고 라벨 포인트\n■ 플리츠 디테일과 사이드 슬릿으로 활동성 UP\n\n화이트 팬츠와 로퍼로 깔끔한 미니멀룩,\n카고 하프팬츠와 함께 캐주얼룩까지 다양하게 활용하기 좋더라구요.\n\n182cm 80kg 기준 M사이즈 착용.\n사이즈가 크게 나온 편이라 평소보다 1~2사이즈 다운 추천!\n\n#커스텀멜로우 #남자반팔셔츠 #플리츠셔츠 #여름코디 #남자코디 #미니멀룩 #오버핏셔츠 #OOTD #여름패션 #셔츠추천""}, ""defaultAudioLanguage"": ""zxx""}, ""statistics"": {""viewCount"": ""233"", ""likeCount"": ""2"", ""favoriteCount"": ""0"", ""commentCount"": ""0""}}"
오버핏 셔츠,single_term_fallback,오버핏 셔츠,Rc_XmJ7Pysk,핏 미친 오버핏 맨투맨 🖤,2026-06-08T13:00:09Z,183,1,0,https://www.youtube.com/watch?v=Rc_XmJ7Pysk,youtube,오버핏 셔츠,canonical,1.0,2026-06-11T10:36:57.857845+00:00,183,1,0,1,Yanghee Archive,"Steal Yanghee's Fit 🛒

빈티지 그래픽 프린트에 루즈한 실루엣이 살아있는 스웨트셔츠, 반바지 세트로 데일리 무드 완성. 두꺼운 면 소재가 볼륨감을 잡아주면서 힘 뺀 듯 스타일링 가능한 아이템.

#오버핏맨투맨 #그래픽맨투맨 #스웨트셔츠 #세트룩 #빈티지패션

👇 Shop the Fit
https://stealmyfit.com/yanghee

#GRWM #fitcheck #ootd #dailylook #kfashion #shorts","{""kind"": ""youtube#video"", ""etag"": ""FTeMqjVe-q-_kNU9kkUF1FcWrgc"", ""id"": ""Rc_XmJ7Pysk"", ""snippet"": {""publishedAt"": ""2026-06-08T13:00:09Z"", ""channelId"": ""UCEfgni-BbkcYusdZbeTJoTg"", ""title"": ""핏 미친 오버핏 맨투맨 🖤"", ""description"": ""Steal Yanghee's Fit 🛒\n\n빈티지 그래픽 프린트에 루즈한 실루엣이 살아있는 스웨트셔츠, 반바지 세트로 데일리 무드 완성. 두꺼운 면 소재가 볼륨감을 잡아주면서 힘 뺀 듯 스타일링 가능한 아이템.\n\n#오버핏맨투맨 #그래픽맨투맨 #스웨트셔츠 #세트룩 #빈티지패션\n\n👇 Shop the Fit\nhttps://stealmyfit.com/yanghee\n\n#GRWM #fitcheck #ootd #dailylook #kfashion #shorts"", ""thumbnails"": {""default"": {""url"": ""https://i.ytimg.com/vi/Rc_XmJ7Pysk/default.jpg"", ""width"": 120, ""height"": 90}, ""medium"": {""url"": ""https://i.ytimg.com/vi/Rc_XmJ7Pysk/mqdefault.jpg"", ""width"": 320, ""height"": 180}, ""high"": {""url"": ""https://i.ytimg.com/vi/Rc_XmJ7Pysk/hqdefault.jpg"", ""width"": 480, ""height"": 360}, ""standard"": {""url"": ""https://i.ytimg.com/vi/Rc_XmJ7Pysk/sddefault.jpg"", ""width"": 640, ""height"": 480}, ""maxres"": {""url"": ""https://i.ytimg.com/vi/Rc_XmJ7Pysk/maxresdefault.jpg"", ""width"": 1280, ""height"": 720}}, ""channelTitle"": ""Yanghee Archive"", ""categoryId"": ""26"", ""liveBroadcastContent"": ""none"", ""defaultLanguage"": ""ko"", ""localized"": {""title"": ""핏 미친 오버핏 맨투맨 🖤"", ""description"": ""Steal Yanghee's Fit 🛒\n\n빈티지 그래픽 프린트에 루즈한 실루엣이 살아있는 스웨트셔츠, 반바지 세트로 데일리 무드 완성. 두꺼운 면 소재가 볼륨감을 잡아주면서 힘 뺀 듯 스타일링 가능한 아이템.\n\n#오버핏맨투맨 #그래픽맨투맨 #스웨트셔츠 #세트룩 #빈티지패션\n\n👇 Shop the Fit\nhttps://stealmyfit.com/yanghee\n\n#GRWM #fitcheck #ootd #dailylook #kfashion #shorts""}}, ""statistics"": {""viewCount"": ""183"", ""likeCount"": ""1"", ""favoriteCount"": ""0"", ""commentCount"": ""0""}}"
오버핏 셔츠,single_term_fallback,오버핏 셔츠,IzHWfJ_PuJo,여름에도 긴팔 입는 이유🔥 덥지 않은 여름 셔츠 모음~! 햇빛은 피하고 분위기는 챙기자.히즈핏 #셔츠 #남자셔츠  #여름코디 #패션 #ootd #dailylook #코디,2026-06-08T11:44:38Z,273,2,0,https://www.youtube.com/watch?v=IzHWfJ_PuJo,youtube,오버핏 셔츠,canonical,1.0,2026-06-11T10:36:57.857845+00:00,273,2,0,2,히즈핏HISFIT,"✔ 여름에도 시원하게 입는 긴팔 셔츠
✔ 린넨·나일론·오버핏 셔츠 구성
✔ 햇빛 차단과 스타일 모두 챙김
✔ 출근·데이트·여행 모두 가능
✔ 체형 커버까지 가능한 실루엣

여름에도 긴팔 셔츠 찾는 사람 손 ✋

덥지 않은 여름 셔츠,
진짜 있습니다 😎

솔직히 여름이라고
매일 반팔만 입는 것도 질리잖아요.

햇빛은 뜨겁고,

실내 에어컨은 춥고,

반팔만 입으면
코디도 어딘가 심심한 느낌 😵

그래서 여름엔
가볍게 걸치기 좋은 셔츠가 정말 유용합니다.

✔ 바스락한 나일론 셔츠
✔ 시원한 린넨 셔츠
✔ 반팔 위에 툭 걸치는 오버핏 셔츠

이런 셔츠 하나만 있어도
코디 분위기가 확 달라집니다 🙌

출근룩은 깔끔하게,

데이트룩은 자연스럽게,

여행룩은 감성 있게.

하나만 있어도
활용도는 정말 최고입니다 💙

특히 오버핏 셔츠는
체형 커버까지 가능해서
여름에 더 자주 손이 갑니다.

코디 어려운 남자들을 위해

히즈핏이
여름 셔츠만 모아봤습니다 📌

올여름은

햇빛은 피하고,

분위기는 챙겨보세요 😎

여자가 코디해주는 남자 쇼핑몰
H I S F I T 💙

히즈핏 메거진 바로가기
https://hisfit.co.kr/article/magazine/5/61735/

코디 세트 링크 바로가기
https://hisfit.co.kr/category/%EC%97%AC%EB%A6%84%EC%97%90%EB%8F%84-%EA%B8%B4%ED%8C%94/525/","{""kind"": ""youtube#video"", ""etag"": ""B1hV6mskwH--V65yyDjMBUZBnl0"", ""id"": ""IzHWfJ_PuJo"", ""snippet"": {""publishedAt"": ""2026-06-08T11:44:38Z"", ""channelId"": ""UCQvUhv9ckWY5hpeGEA1hr6A"", ""title"": ""여름에도 긴팔 입는 이유🔥 덥지 않은 여름 셔츠 모음~! 햇빛은 피하고 분위기는 챙기자.히즈핏 #셔츠 #남자셔츠  #여름코디 #패션 #ootd #dailylook #코디"", ""description"": ""✔ 여름에도 시원하게 입는 긴팔 셔츠\n✔ 린넨·나일론·오버핏 셔츠 구성\n✔ 햇빛 차단과 스타일 모두 챙김\n✔ 출근·데이트·여행 모두 가능\n✔ 체형 커버까지 가능한 실루엣\n\n여름에도 긴팔 셔츠 찾는 사람 손 ✋\n\n덥지 않은 여름 셔츠,\n진짜 있습니다 😎\n\n솔직히 여름이라고\n매일 반팔만 입는 것도 질리잖아요.\n\n햇빛은 뜨겁고,\n\n실내 에어컨은 춥고,\n\n반팔만 입으면\n코디도 어딘가 심심한 느낌 😵\n\n그래서 여름엔\n가볍게 걸치기 좋은 셔츠가 정말 유용합니다.\n\n✔ 바스락한 나일론 셔츠\n✔ 시원한 린넨 셔츠\n✔ 반팔 위에 툭 걸치는 오버핏 셔츠\n\n이런 셔츠 하나만 있어도\n코디 분위기가 확 달라집니다 🙌\n\n출근룩은 깔끔하게,\n\n데이트룩은 자연스럽게,\n\n여행룩은 감성 있게.\n\n하나만 있어도\n활용도는 정말 최고입니다 💙\n\n특히 오버핏 셔츠는\n체형 커버까지 가능해서\n여름에 더 자주 손이 갑니다.\n\n코디 어려운 남자들을 위해\n\n히즈핏이\n여름 셔츠만 모아봤습니다 📌\n\n올여름은\n\n햇빛은 피하고,\n\n분위기는 챙겨보세요 😎\n\n여자가 코디해주는 남자 쇼핑몰\nH I S F I T 💙\n\n히즈핏 메거진 바로가기\nhttps://hisfit.co.kr/article/magazine/5/61735/\n\n코디 세트 링크 바로가기\nhttps://hisfit.co.kr/category/%EC%97%AC%EB%A6%84%EC%97%90%EB%8F%84-%EA%B8%B4%ED%8C%94/525/"", ""thumbnails"": {""default"": {""url"": ""https://i.ytimg.com/vi/IzHWfJ_PuJo/default.jpg"", ""width"": 120, ""height"": 90}, ""medium"": {""url"": ""https://i.ytimg.com/vi/IzHWfJ_PuJo/mqdefault.jpg"", ""width"": 320, ""height"": 180}, ""high"": {""url"": ""https://i.ytimg.com/vi/IzHWfJ_PuJo/hqdefault.jpg"", ""width"": 480, ""height"": 360}, ""standard"": {""url"": ""https://i.ytimg.com/vi/IzHWfJ_PuJo/sddefault.jpg"", ""width"": 640, ""height"": 480}, ""maxres"": {""url"": ""https://i.ytimg.com/vi/IzHWfJ_PuJo/maxresdefault.jpg"", ""width"": 1280, ""height"": 720}}, ""channelTitle"": ""히즈핏HISFIT"", ""tags"": [""남자여름셔츠"", ""린넨셔츠"", ""나일론셔츠"", ""오버핏셔츠"", ""남자긴팔셔츠"", ""남자여름코디"", ""남자데일리룩"", ""셔츠코디"", ""캐주얼코디"", ""남자코디"", ""남자패션"", ""남친룩"", ""데이트룩"", ""훈남코디"", ""설렘코디"", ""소개팅코디"", ""꾸안꾸코디"", ""출근룩"", ""여행룩"", ""바캉스룩"", ""체형커버코디"", ""대학생코디"", ""캠퍼스코디"", ""직장인코디"", ""남자스타일링"", ""남자패션추천"", ""히즈핏"", ""여자가코디해주는남자쇼핑몰"", ""남성의류쇼핑몰"", ""남자쇼핑몰"", ""outfit"", ""mensfashion"", ""mensstyle"", ""mensoutfit"", ""linenshirt"", ""nylonshirt"", ""oversizedshirt"", ""summeroutfit"", ""casualstyle"", ""dailyoutfit"", ""outfitideas"", ""koreanmensfashion"", ""koreanstyle"", ""boyfriendlook"", ""cleanlook"", ""effortlessstyle""], ""categoryId"": ""26"", ""liveBroadcastContent"": ""none"", ""defaultLanguage"": ""ko"", ""localized"": {""title"": ""여름에도 긴팔 입는 이유🔥 덥지 않은 여름 셔츠 모음~! 햇빛은 피하고 분위기는 챙기자.히즈핏 #셔츠 #남자셔츠  #여름코디 #패션 #ootd #dailylook #코디"", ""description"": ""✔ 여름에도 시원하게 입는 긴팔 셔츠\n✔ 린넨·나일론·오버핏 셔츠 구성\n✔ 햇빛 차단과 스타일 모두 챙김\n✔ 출근·데이트·여행 모두 가능\n✔ 체형 커버까지 가능한 실루엣\n\n여름에도 긴팔 셔츠 찾는 사람 손 ✋\n\n덥지 않은 여름 셔츠,\n진짜 있습니다 😎\n\n솔직히 여름이라고\n매일 반팔만 입는 것도 질리잖아요.\n\n햇빛은 뜨겁고,\n\n실내 에어컨은 춥고,\n\n반팔만 입으면\n코디도 어딘가 심심한 느낌 😵\n\n그래서 여름엔\n가볍게 걸치기 좋은 셔츠가 정말 유용합니다.\n\n✔ 바스락한 나일론 셔츠\n✔ 시원한 린넨 셔츠\n✔ 반팔 위에 툭 걸치는 오버핏 셔츠\n\n이런 셔츠 하나만 있어도\n코디 분위기가 확 달라집니다 🙌\n\n출근룩은 깔끔하게,\n\n데이트룩은 자연스럽게,\n\n여행룩은 감성 있게.\n\n하나만 있어도\n활용도는 정말 최고입니다 💙\n\n특히 오버핏 셔츠는\n체형 커버까지 가능해서\n여름에 더 자주 손이 갑니다.\n\n코디 어려운 남자들을 위해\n\n히즈핏이\n여름 셔츠만 모아봤습니다 📌\n\n올여름은\n\n햇빛은 피하고,\n\n분위기는 챙겨보세요 😎\n\n여자가 코디해주는 남자 쇼핑몰\nH I S F I T 💙\n\n히즈핏 메거진 바로가기\nhttps://hisfit.co.kr/article/magazine/5/61735/\n\n코디 세트 링크 바로가기\nhttps://hisfit.co.kr/category/%EC%97%AC%EB%A6%84%EC%97%90%EB%8F%84-%EA%B8%B4%ED%8C%94/525/""}, ""defaultAudioLanguage"": ""ko""}, ""statistics"": {""viewCount"": ""273"", ""likeCount"": ""2"", ""favoriteCount"": ""0"", ""commentCount"": ""0""}}"
오버핏 셔츠,single_term_fallback,오버핏 셔츠,zV2HdwTfv80,[클라비스] 26SS 찰랑셔츠: 반팔/기본/크롭/오버핏 다채로운 스타일링! (feat. 핏 가이드 & 컬러),2026-06-08T08:53:05Z,0,0,1,https://www.youtube.com/watch?v=zV2HdwTfv80,youtube,오버핏 셔츠,canonical,1.0,2026-06-11T10:36:57.857845+00:00,0,0,1,1,찐템리뷰,"이 포스팅은 네이버 쇼핑 커넥트 활동의 일환으로, 판매 발생 시 수수료를 제공받습니다.
(구매하시는 가격은 동일 합니다)

안녕하세요! 올여름 당신의 옷장을 책임질 클라비스 찰랑셔츠를 소개합니다. 기본부터 크롭, 오버핏까지 다양한 스타일을 만나보세요!
클라비스 26SS 찰랑셔츠는 이름처럼 입는 순간 느껴지는 부드러운 촉감과 시원한 착용감이 특징인데요. 찰랑이는 소재 덕분에 구김 걱정 없이 하루 종일 깔끔한 핏을 유지할 수 있습니다. 다양한 핏으로 출시되어 어떤 체형에도 완벽하게 어울리죠. 기본핏은 단정하면서도 편안하게, 크롭핏은 트렌디하고 발랄하게, 오버핏은 시크하고 여유로운 매력을 선사합니다. 또한, 화이트, 베이지, 블랙, 네이비 등 기본 컬러부터 파스텔톤의 민트, 핑크까지 다채로운 색상으로 준비되어 있어 어떤 하의와도 멋스러운 코디를 완성할 수 있습니이 포스팅은 네이버 쇼핑 커넥트 활동의 일환으로, 판매 발생 시 수수료를 제공받습니다.
(구매하시는 가격은 동일 합니다)

안녕하세요! 올여름 당신의 옷장을 책임질 클라비스 찰랑셔츠를 소개합니다. 기본부터 크롭, 오버핏까지 다양한 스타일을 만나보세요!
클라비스 26SS 찰랑셔츠는 이름처럼 입는 순간 느껴지는 부드러운 촉감과 시원한 착용감이 특징인데요. 찰랑이는 소재 덕분에 구김 걱정 없이 하루 종일 깔끔한 핏을 유지할 수 있습니다. 다양한 핏으로 출시되어 어떤 체형에도 완벽하게 어울리죠. 기본핏은 단정하면서도 편안하게, 크롭핏은 트렌디하고 발랄하게, 오버핏은 시크하고 여유로운 매력을 선사합니다. 또한, 화이트, 베이지, 블랙, 네이비 등 기본 컬러부터 파스텔톤의 민트, 핑크까지 다채로운 색상으로 준비되어 있어 어떤 하의와도 멋스러운 코디를 완성할 수 있습니다. 모델컷을 통해 각 핏별 스타일링 팁도 확인해보세요. (003, 004, 010, 016, 022, 029, 035 이미지 활용) 셔츠의 디테일과 원단감을 생생하게 보여주는 클로즈업 컷들도 놓치지 마세요. (006, 012, 018, 024, 031 이미지 활용) 사이즈 정보도 꼼꼼하게 확인하고 나에게 꼭 맞는 셔츠를 선택하세요. (008, 014, 020, 026, 033 이미지 활용)
올여름, 클라비스 찰랑셔츠와 함께라면 언제 어디서든 스타일리시하게! 지금 바로 만나보세요!

구매 : https://naver.me/G1pXbEUt

구독/좋아요 부탁드립니다.

#클라비스 #찰랑셔츠 #반팔셔츠 #크롭셔츠 #오버핏셔츠 #여름셔츠 #데일리룩 #꾸안꾸룩 #꾸민듯안꾸민듯 #여친룩 #캠퍼스룩 #데이트룩 #오피스룩 #캐주얼룩 #여름코디 #셔츠코디 #패션 #스타일링 #26SS","{""kind"": ""youtube#video"", ""etag"": ""kUPHBIgsVM7Qipdlh7iuD2fqml8"", ""id"": ""zV2HdwTfv80"", ""snippet"": {""publishedAt"": ""2026-06-08T08:53:05Z"", ""channelId"": ""UCzMvSfN_WZXXrPaWTzvQTjA"", ""title"": ""[클라비스] 26SS 찰랑셔츠: 반팔/기본/크롭/오버핏 다채로운 스타일링! (feat. 핏 가이드 & 컬러)"", ""description"": ""이 포스팅은 네이버 쇼핑 커넥트 활동의 일환으로, 판매 발생 시 수수료를 제공받습니다.\n(구매하시는 가격은 동일 합니다)\n\n안녕하세요! 올여름 당신의 옷장을 책임질 클라비스 찰랑셔츠를 소개합니다. 기본부터 크롭, 오버핏까지 다양한 스타일을 만나보세요!\n클라비스 26SS 찰랑셔츠는 이름처럼 입는 순간 느껴지는 부드러운 촉감과 시원한 착용감이 특징인데요. 찰랑이는 소재 덕분에 구김 걱정 없이 하루 종일 깔끔한 핏을 유지할 수 있습니다. 다양한 핏으로 출시되어 어떤 체형에도 완벽하게 어울리죠. 기본핏은 단정하면서도 편안하게, 크롭핏은 트렌디하고 발랄하게, 오버핏은 시크하고 여유로운 매력을 선사합니다. 또한, 화이트, 베이지, 블랙, 네이비 등 기본 컬러부터 파스텔톤의 민트, 핑크까지 다채로운 색상으로 준비되어 있어 어떤 하의와도 멋스러운 코디를 완성할 수 있습니이 포스팅은 네이버 쇼핑 커넥트 활동의 일환으로, 판매 발생 시 수수료를 제공받습니다.\n(구매하시는 가격은 동일 합니다)\n\n안녕하세요! 올여름 당신의 옷장을 책임질 클라비스 찰랑셔츠를 소개합니다. 기본부터 크롭, 오버핏까지 다양한 스타일을 만나보세요!\n클라비스 26SS 찰랑셔츠는 이름처럼 입는 순간 느껴지는 부드러운 촉감과 시원한 착용감이 특징인데요. 찰랑이는 소재 덕분에 구김 걱정 없이 하루 종일 깔끔한 핏을 유지할 수 있습니다. 다양한 핏으로 출시되어 어떤 체형에도 완벽하게 어울리죠. 기본핏은 단정하면서도 편안하게, 크롭핏은 트렌디하고 발랄하게, 오버핏은 시크하고 여유로운 매력을 선사합니다. 또한, 화이트, 베이지, 블랙, 네이비 등 기본 컬러부터 파스텔톤의 민트, 핑크까지 다채로운 색상으로 준비되어 있어 어떤 하의와도 멋스러운 코디를 완성할 수 있습니다. 모델컷을 통해 각 핏별 스타일링 팁도 확인해보세요. (003, 004, 010, 016, 022, 029, 035 이미지 활용) 셔츠의 디테일과 원단감을 생생하게 보여주는 클로즈업 컷들도 놓치지 마세요. (006, 012, 018, 024, 031 이미지 활용) 사이즈 정보도 꼼꼼하게 확인하고 나에게 꼭 맞는 셔츠를 선택하세요. (008, 014, 020, 026, 033 이미지 활용)\n올여름, 클라비스 찰랑셔츠와 함께라면 언제 어디서든 스타일리시하게! 지금 바로 만나보세요!\n\n구매 : https://naver.me/G1pXbEUt\n\n구독/좋아요 부탁드립니다.\n\n#클라비스 #찰랑셔츠 #반팔셔츠 #크롭셔츠 #오버핏셔츠 #여름셔츠 #데일리룩 #꾸안꾸룩 #꾸민듯안꾸민듯 #여친룩 #캠퍼스룩 #데이트룩 #오피스룩 #캐주얼룩 #여름코디 #셔츠코디 #패션 #스타일링 #26SS"", ""thumbnails"": {""default"": {""url"": ""https://i.ytimg.com/vi/zV2HdwTfv80/default.jpg"", ""width"": 120, ""height"": 90}, ""medium"": {""url"": ""https://i.ytimg.com/vi/zV2HdwTfv80/mqdefault.jpg"", ""width"": 320, ""height"": 180}, ""high"": {""url"": ""https://i.ytimg.com/vi/zV2HdwTfv80/hqdefault.jpg"", ""width"": 480, ""height"": 360}, ""standard"": {""url"": ""https://i.ytimg.com/vi/zV2HdwTfv80/sddefault.jpg"", ""width"": 640, ""height"": 480}, ""maxres"": {""url"": ""https://i.ytimg.com/vi/zV2HdwTfv80/maxresdefault.jpg"", ""width"": 1280, ""height"": 720}}, ""channelTitle"": ""찐템리뷰"", ""categoryId"": ""22"", ""liveBroadcastContent"": ""none"", ""defaultLanguage"": ""ko"", ""localized"": {""title"": ""[클라비스] 26SS 찰랑셔츠: 반팔/기본/크롭/오버핏 다채로운 스타일링! (feat. 핏 가이드 & 컬러)"", ""description"": ""이 포스팅은 네이버 쇼핑 커넥트 활동의 일환으로, 판매 발생 시 수수료를 제공받습니다.\n(구매하시는 가격은 동일 합니다)\n\n안녕하세요! 올여름 당신의 옷장을 책임질 클라비스 찰랑셔츠를 소개합니다. 기본부터 크롭, 오버핏까지 다양한 스타일을 만나보세요!\n클라비스 26SS 찰랑셔츠는 이름처럼 입는 순간 느껴지는 부드러운 촉감과 시원한 착용감이 특징인데요. 찰랑이는 소재 덕분에 구김 걱정 없이 하루 종일 깔끔한 핏을 유지할 수 있습니다. 다양한 핏으로 출시되어 어떤 체형에도 완벽하게 어울리죠. 기본핏은 단정하면서도 편안하게, 크롭핏은 트렌디하고 발랄하게, 오버핏은 시크하고 여유로운 매력을 선사합니다. 또한, 화이트, 베이지, 블랙, 네이비 등 기본 컬러부터 파스텔톤의 민트, 핑크까지 다채로운 색상으로 준비되어 있어 어떤 하의와도 멋스러운 코디를 완성할 수 있습니이 포스팅은 네이버 쇼핑 커넥트 활동의 일환으로, 판매 발생 시 수수료를 제공받습니다.\n(구매하시는 가격은 동일 합니다)\n\n안녕하세요! 올여름 당신의 옷장을 책임질 클라비스 찰랑셔츠를 소개합니다. 기본부터 크롭, 오버핏까지 다양한 스타일을 만나보세요!\n클라비스 26SS 찰랑셔츠는 이름처럼 입는 순간 느껴지는 부드러운 촉감과 시원한 착용감이 특징인데요. 찰랑이는 소재 덕분에 구김 걱정 없이 하루 종일 깔끔한 핏을 유지할 수 있습니다. 다양한 핏으로 출시되어 어떤 체형에도 완벽하게 어울리죠. 기본핏은 단정하면서도 편안하게, 크롭핏은 트렌디하고 발랄하게, 오버핏은 시크하고 여유로운 매력을 선사합니다. 또한, 화이트, 베이지, 블랙, 네이비 등 기본 컬러부터 파스텔톤의 민트, 핑크까지 다채로운 색상으로 준비되어 있어 어떤 하의와도 멋스러운 코디를 완성할 수 있습니다. 모델컷을 통해 각 핏별 스타일링 팁도 확인해보세요. (003, 004, 010, 016, 022, 029, 035 이미지 활용) 셔츠의 디테일과 원단감을 생생하게 보여주는 클로즈업 컷들도 놓치지 마세요. (006, 012, 018, 024, 031 이미지 활용) 사이즈 정보도 꼼꼼하게 확인하고 나에게 꼭 맞는 셔츠를 선택하세요. (008, 014, 020, 026, 033 이미지 활용)\n올여름, 클라비스 찰랑셔츠와 함께라면 언제 어디서든 스타일리시하게! 지금 바로 만나보세요!\n\n구매 : https://naver.me/G1pXbEUt\n\n구독/좋아요 부탁드립니다.\n\n#클라비스 #찰랑셔츠 #반팔셔츠 #크롭셔츠 #오버핏셔츠 #여름셔츠 #데일리룩 #꾸안꾸룩 #꾸민듯안꾸민듯 #여친룩 #캠퍼스룩 #데이트룩 #오피스룩 #캐주얼룩 #여름코디 #셔츠코디 #패션 #스타일링 #26SS""}}, ""statistics"": {""viewCount"": ""0"", ""likeCount"": ""0"", ""favoriteCount"": ""0"", ""commentCount"": ""1""}}"
오버핏 셔츠,single_term_fallback,오버핏 셔츠,BZctqvHwoW8,여름 신상 남여공용 오버핏 셔츠 입고‼️#여름코디 #출근룩 #고퀄의류 #명품할인,2026-06-08T08:48:30Z,220,6,0,https://www.youtube.com/watch?v=BZctqvHwoW8,youtube,오버핏 셔츠,canonical,1.0,2026-06-11T10:36:57.857845+00:00,220,6,0,6,토리홈,"버버리 크롬하츠 톰브라운 입고 완료‼️

라이브 방송 상품 소개중 문의 환영~
#버버리 #ootd #fashion #고퀄리티 #코디 #바람막이 #데일리룩 #고퀄의류","{""kind"": ""youtube#video"", ""etag"": ""dh5F9CbJzewrJ0JYu5RlMsR8D5A"", ""id"": ""BZctqvHwoW8"", ""snippet"": {""publishedAt"": ""2026-06-08T08:48:30Z"", ""channelId"": ""UCaqJnHJxZQbhd6-aJEGf-8w"", ""title"": ""여름 신상 남여공용 오버핏 셔츠 입고‼️#여름코디 #출근룩 #고퀄의류 #명품할인"", ""description"": ""버버리 크롬하츠 톰브라운 입고 완료‼️\n\n라이브 방송 상품 소개중 문의 환영~\n#버버리 #ootd #fashion #고퀄리티 #코디 #바람막이 #데일리룩 #고퀄의류"", ""thumbnails"": {""default"": {""url"": ""https://i.ytimg.com/vi/BZctqvHwoW8/default.jpg"", ""width"": 120, ""height"": 90}, ""medium"": {""url"": ""https://i.ytimg.com/vi/BZctqvHwoW8/mqdefault.jpg"", ""width"": 320, ""height"": 180}, ""high"": {""url"": ""https://i.ytimg.com/vi/BZctqvHwoW8/hqdefault.jpg"", ""width"": 480, ""height"": 360}, ""standard"": {""url"": ""https://i.ytimg.com/vi/BZctqvHwoW8/sddefault.jpg"", ""width"": 640, ""height"": 480}, ""maxres"": {""url"": ""https://i.ytimg.com/vi/BZctqvHwoW8/maxresdefault.jpg"", ""width"": 1280, ""height"": 720}}, ""channelTitle"": ""토리홈"", ""categoryId"": ""24"", ""liveBroadcastContent"": ""none"", ""defaultLanguage"": ""ko"", ""localized"": {""title"": ""여름 신상 남여공용 오버핏 셔츠 입고‼️#여름코디 #출근룩 #고퀄의류 #명품할인"", ""description"": ""버버리 크롬하츠 톰브라운 입고 완료‼️\n\n라이브 방송 상품 소개중 문의 환영~\n#버버리 #ootd #fashion #고퀄리티 #코디 #바람막이 #데일리룩 #고퀄의류""}}, ""statistics"": {""viewCount"": ""220"", ""likeCount"": ""6"", ""favoriteCount"": ""0"", ""commentCount"": ""0""}}"
오버핏 셔츠,single_term_fallback,오버핏 셔츠,G-RR-wi8t_Q,주문량 미친 절개 피그먼트 오버핏 티셔츠 !#남자반팔#오버핏반팔#반팔티#남자여름옷#남자쇼핑몰,2026-06-08T08:32:18Z,1713,13,3,https://www.youtube.com/watch?v=G-RR-wi8t_Q,youtube,오버핏 셔츠,canonical,1.0,2026-06-11T10:36:57.857845+00:00,1713,13,3,16,프롬오프,,"{""kind"": ""youtube#video"", ""etag"": ""Ji-mwjz5WZetmYmBbthpmIu0LeE"", ""id"": ""G-RR-wi8t_Q"", ""snippet"": {""publishedAt"": ""2026-06-08T08:32:18Z"", ""channelId"": ""UCJSFYOqP7xdel29QKqsz1jA"", ""title"": ""주문량 미친 절개 피그먼트 오버핏 티셔츠 !#남자반팔#오버핏반팔#반팔티#남자여름옷#남자쇼핑몰"", ""description"": """", ""thumbnails"": {""default"": {""url"": ""https://i.ytimg.com/vi/G-RR-wi8t_Q/default.jpg"", ""width"": 120, ""height"": 90}, ""medium"": {""url"": ""https://i.ytimg.com/vi/G-RR-wi8t_Q/mqdefault.jpg"", ""width"": 320, ""height"": 180}, ""high"": {""url"": ""https://i.ytimg.com/vi/G-RR-wi8t_Q/hqdefault.jpg"", ""width"": 480, ""height"": 360}, ""standard"": {""url"": ""https://i.ytimg.com/vi/G-RR-wi8t_Q/sddefault.jpg"", ""width"": 640, ""height"": 480}, ""maxres"": {""url"": ""https://i.ytimg.com/vi/G-RR-wi8t_Q/maxresdefault.jpg"", ""width"": 1280, ""height"": 720}}, ""channelTitle"": ""프롬오프"", ""categoryId"": ""22"", ""liveBroadcastContent"": ""none"", ""defaultLanguage"": ""ko"", ""localized"": {""title"": ""주문량 미친 절개 피그먼트 오버핏 티셔츠 !#남자반팔#오버핏반팔#반팔티#남자여름옷#남자쇼핑몰"", ""description"": """"}}, ""statistics"": {""viewCount"": ""1713"", ""likeCount"": ""13"", ""favoriteCount"": ""0"", ""commentCount"": ""3""}}"
오버핏 셔츠,single_term_fallback,오버핏 셔츠,EJm2h1a5TwY,핏 미친 오버핏 티셔츠 🖤,2026-06-08T08:00:23Z,202,0,0,https://www.youtube.com/watch?v=EJm2h1a5TwY,youtube,오버핏 셔츠,canonical,1.0,2026-06-11T10:36:57.857845+00:00,202,0,0,0,HaNAChoi Archive,"Steal Hana's Fit 🛒

그래픽 프린트가 포인트인 루즈핏 면 티셔츠, 입는 순간 분위기 터짐. 카고 팬츠랑 매치하면 진짜 답 없는 조합.

#오버핏티셔츠 #그래픽티 #여름티셔츠 #카고팬츠코디 #MZ패션

👇 Shop the Fit
https://stealmyfit.com/hana

#GRWM #fitcheck #ootd #dailylook #kfashion #shorts","{""kind"": ""youtube#video"", ""etag"": ""tkoQExBRmSi-J60srRyWr4U0cTA"", ""id"": ""EJm2h1a5TwY"", ""snippet"": {""publishedAt"": ""2026-06-08T08:00:23Z"", ""channelId"": ""UCDQPYC_Ur9l3YOBAT71M2HA"", ""title"": ""핏 미친 오버핏 티셔츠 🖤"", ""description"": ""Steal Hana's Fit 🛒\n\n그래픽 프린트가 포인트인 루즈핏 면 티셔츠, 입는 순간 분위기 터짐. 카고 팬츠랑 매치하면 진짜 답 없는 조합.\n\n#오버핏티셔츠 #그래픽티 #여름티셔츠 #카고팬츠코디 #MZ패션\n\n👇 Shop the Fit\nhttps://stealmyfit.com/hana\n\n#GRWM #fitcheck #ootd #dailylook #kfashion #shorts"", ""thumbnails"": {""default"": {""url"": ""https://i.ytimg.com/vi/EJm2h1a5TwY/default.jpg"", ""width"": 120, ""height"": 90}, ""medium"": {""url"": ""https://i.ytimg.com/vi/EJm2h1a5TwY/mqdefault.jpg"", ""width"": 320, ""height"": 180}, ""high"": {""url"": ""https://i.ytimg.com/vi/EJm2h1a5TwY/hqdefault.jpg"", ""width"": 480, ""height"": 360}, ""standard"": {""url"": ""https://i.ytimg.com/vi/EJm2h1a5TwY/sddefault.jpg"", ""width"": 640, ""height"": 480}, ""maxres"": {""url"": ""https://i.ytimg.com/vi/EJm2h1a5TwY/maxresdefault.jpg"", ""width"": 1280, ""height"": 720}}, ""channelTitle"": ""HaNAChoi Archive"", ""categoryId"": ""26"", ""liveBroadcastContent"": ""none"", ""defaultLanguage"": ""ko"", ""localized"": {""title"": ""핏 미친 오버핏 티셔츠 🖤"", ""description"": ""Steal Hana's Fit 🛒\n\n그래픽 프린트가 포인트인 루즈핏 면 티셔츠, 입는 순간 분위기 터짐. 카고 팬츠랑 매치하면 진짜 답 없는 조합.\n\n#오버핏티셔츠 #그래픽티 #여름티셔츠 #카고팬츠코디 #MZ패션\n\n👇 Shop the Fit\nhttps://stealmyfit.com/hana\n\n#GRWM #fitcheck #ootd #dailylook #kfashion #shorts""}}, ""statistics"": {""viewCount"": ""202"", ""likeCount"": ""0"", ""favoriteCount"": ""0"", ""commentCount"": ""0""}}"
오버핏 셔츠,single_term_fallback,오버핏 셔츠,zcYcspkJz_M,COS 오버핏셔츠 분해하기,2026-06-08T07:32:14Z,31,1,1,https://www.youtube.com/watch?v=zcYcspkJz_M,youtube,오버핏 셔츠,canonical,1.0,2026-06-11T10:36:57.857845+00:00,31,1,1,2,MDO,"COS 오버핏 셔츠의 실루엣과 구조를
패턴 관점에서 간단하게 분석해봤습니다.

뒤턱 분량, 깊은 암홀, 소매 볼륨 등
오버핏 실루엣이 어떻게 만들어지는지
실무 패턴 기준으로 정리했습니다.

MDO Pattern Development

#의류제작 #브랜드창업 #브랜드런칭 #소량생산 #성수동패턴실 #여성복 #남성복 #패턴사 #봉제공장 #fashiondesign","{""kind"": ""youtube#video"", ""etag"": ""mqmK5fxGny_wNpDdG413nYusThM"", ""id"": ""zcYcspkJz_M"", ""snippet"": {""publishedAt"": ""2026-06-08T07:32:14Z"", ""channelId"": ""UCoQ2mGNvi4k9vzVqpZZcN5A"", ""title"": ""COS 오버핏셔츠 분해하기"", ""description"": ""COS 오버핏 셔츠의 실루엣과 구조를\n패턴 관점에서 간단하게 분석해봤습니다.\n\n뒤턱 분량, 깊은 암홀, 소매 볼륨 등\n오버핏 실루엣이 어떻게 만들어지는지\n실무 패턴 기준으로 정리했습니다.\n\nMDO Pattern Development\n\n#의류제작 #브랜드창업 #브랜드런칭 #소량생산 #성수동패턴실 #여성복 #남성복 #패턴사 #봉제공장 #fashiondesign"", ""thumbnails"": {""default"": {""url"": ""https://i.ytimg.com/vi/zcYcspkJz_M/default.jpg"", ""width"": 120, ""height"": 90}, ""medium"": {""url"": ""https://i.ytimg.com/vi/zcYcspkJz_M/mqdefault.jpg"", ""width"": 320, ""height"": 180}, ""high"": {""url"": ""https://i.ytimg.com/vi/zcYcspkJz_M/hqdefault.jpg"", ""width"": 480, ""height"": 360}, ""standard"": {""url"": ""https://i.ytimg.com/vi/zcYcspkJz_M/sddefault.jpg"", ""width"": 640, ""height"": 480}, ""maxres"": {""url"": ""https://i.ytimg.com/vi/zcYcspkJz_M/maxresdefault.jpg"", ""width"": 1280, ""height"": 720}}, ""channelTitle"": ""MDO"", ""categoryId"": ""22"", ""liveBroadcastContent"": ""none"", ""defaultLanguage"": ""ko"", ""localized"": {""title"": ""COS 오버핏셔츠 분해하기"", ""description"": ""COS 오버핏 셔츠의 실루엣과 구조를\n패턴 관점에서 간단하게 분석해봤습니다.\n\n뒤턱 분량, 깊은 암홀, 소매 볼륨 등\n오버핏 실루엣이 어떻게 만들어지는지\n실무 패턴 기준으로 정리했습니다.\n\nMDO Pattern Development\n\n#의류제작 #브랜드창업 #브랜드런칭 #소량생산 #성수동패턴실 #여성복 #남성복 #패턴사 #봉제공장 #fashiondesign""}}, ""statistics"": {""viewCount"": ""31"", ""likeCount"": ""1"", ""favoriteCount"": ""0"", ""commentCount"": ""1""}}"
오버핏 셔츠,single_term_fallback,오버핏 셔츠,t_J9KCSYdH4,핏이 예술인 루즈핏 셔츠 🤍,2026-06-08T02:30:38Z,244,1,0,https://www.youtube.com/watch?v=t_J9KCSYdH4,youtube,오버핏 셔츠,canonical,1.0,2026-06-11T10:36:57.857845+00:00,244,1,0,1,Naeun Archive,"Steal Naeun's Fit 🛒

오버사이즈 실루엣에 레이스 스커트 레이어드까지, 이 조합 진짜 미쳤다 🫶 면 소재 특유의 자연스러운 드레이프가 전체 룩을 완성해줌.

#오버핏셔츠 #셔츠코디 #레이어드룩 #데일리룩 #오피스룩

👇 Shop the Fit
https://stealmyfit.com/naeun

#GRWM #fitcheck #ootd #dailylook #kfashion #shorts","{""kind"": ""youtube#video"", ""etag"": ""XzaZLbuln9cBTscfRR51qLfTAHk"", ""id"": ""t_J9KCSYdH4"", ""snippet"": {""publishedAt"": ""2026-06-08T02:30:38Z"", ""channelId"": ""UCMlxYPjhfXmxy49v1eBMS-A"", ""title"": ""핏이 예술인 루즈핏 셔츠 🤍"", ""description"": ""Steal Naeun's Fit 🛒\n\n오버사이즈 실루엣에 레이스 스커트 레이어드까지, 이 조합 진짜 미쳤다 🫶 면 소재 특유의 자연스러운 드레이프가 전체 룩을 완성해줌.\n\n#오버핏셔츠 #셔츠코디 #레이어드룩 #데일리룩 #오피스룩\n\n👇 Shop the Fit\nhttps://stealmyfit.com/naeun\n\n#GRWM #fitcheck #ootd #dailylook #kfashion #shorts"", ""thumbnails"": {""default"": {""url"": ""https://i.ytimg.com/vi/t_J9KCSYdH4/default.jpg"", ""width"": 120, ""height"": 90}, ""medium"": {""url"": ""https://i.ytimg.com/vi/t_J9KCSYdH4/mqdefault.jpg"", ""width"": 320, ""height"": 180}, ""high"": {""url"": ""https://i.ytimg.com/vi/t_J9KCSYdH4/hqdefault.jpg"", ""width"": 480, ""height"": 360}, ""standard"": {""url"": ""https://i.ytimg.com/vi/t_J9KCSYdH4/sddefault.jpg"", ""width"": 640, ""height"": 480}, ""maxres"": {""url"": ""https://i.ytimg.com/vi/t_J9KCSYdH4/maxresdefault.jpg"", ""width"": 1280, ""height"": 720}}, ""channelTitle"": ""Naeun Archive"", ""categoryId"": ""26"", ""liveBroadcastContent"": ""none"", ""defaultLanguage"": ""ko"", ""localized"": {""title"": ""핏이 예술인 루즈핏 셔츠 🤍"", ""description"": ""Steal Naeun's Fit 🛒\n\n오버사이즈 실루엣에 레이스 스커트 레이어드까지, 이 조합 진짜 미쳤다 🫶 면 소재 특유의 자연스러운 드레이프가 전체 룩을 완성해줌.\n\n#오버핏셔츠 #셔츠코디 #레이어드룩 #데일리룩 #오피스룩\n\n👇 Shop the Fit\nhttps://stealmyfit.com/naeun\n\n#GRWM #fitcheck #ootd #dailylook #kfashion #shorts""}}, ""statistics"": {""viewCount"": ""244"", ""likeCount"": ""1"", ""favoriteCount"": ""0"", ""commentCount"": ""0""}}"
오버핏 셔츠,single_term_fallback,오버핏 셔츠,Ebpzda0L41Y,핏이 예술인 루즈핏 셔츠 🤍,2026-06-07T22:30:00Z,286,0,0,https://www.youtube.com/watch?v=Ebpzda0L41Y,youtube,오버핏 셔츠,canonical,1.0,2026-06-11T10:36:57.857845+00:00,286,0,0,0,Yanghee Archive,"Steal Yanghee's Fit 🛒

살짝 여유있는 오버핏 실루엣에 부드러운 코튼 소재라 입는 순간 분위기 자체가 달라짐 🫶 레이스 스커트랑 레이어드하면 진짜 찐 여성스러움 완성.

#오버핏셔츠 #셔츠코디 #데일리룩 #오피스룩 #여성스러운코디

👇 Shop the Fit
https://stealmyfit.com/yanghee

#GRWM #fitcheck #ootd #dailylook #kfashion #shorts","{""kind"": ""youtube#video"", ""etag"": ""c9j7UWJpUNPR1hsQ64710r3Jcz0"", ""id"": ""Ebpzda0L41Y"", ""snippet"": {""publishedAt"": ""2026-06-07T22:30:00Z"", ""channelId"": ""UCEfgni-BbkcYusdZbeTJoTg"", ""title"": ""핏이 예술인 루즈핏 셔츠 🤍"", ""description"": ""Steal Yanghee's Fit 🛒\n\n살짝 여유있는 오버핏 실루엣에 부드러운 코튼 소재라 입는 순간 분위기 자체가 달라짐 🫶 레이스 스커트랑 레이어드하면 진짜 찐 여성스러움 완성.\n\n#오버핏셔츠 #셔츠코디 #데일리룩 #오피스룩 #여성스러운코디\n\n👇 Shop the Fit\nhttps://stealmyfit.com/yanghee\n\n#GRWM #fitcheck #ootd #dailylook #kfashion #shorts"", ""thumbnails"": {""default"": {""url"": ""https://i.ytimg.com/vi/Ebpzda0L41Y/default.jpg"", ""width"": 120, ""height"": 90}, ""medium"": {""url"": ""https://i.ytimg.com/vi/Ebpzda0L41Y/mqdefault.jpg"", ""width"": 320, ""height"": 180}, ""high"": {""url"": ""https://i.ytimg.com/vi/Ebpzda0L41Y/hqdefault.jpg"", ""width"": 480, ""height"": 360}, ""standard"": {""url"": ""https://i.ytimg.com/vi/Ebpzda0L41Y/sddefault.jpg"", ""width"": 640, ""height"": 480}, ""maxres"": {""url"": ""https://i.ytimg.com/vi/Ebpzda0L41Y/maxresdefault.jpg"", ""width"": 1280, ""height"": 720}}, ""channelTitle"": ""Yanghee Archive"", ""categoryId"": ""26"", ""liveBroadcastContent"": ""none"", ""defaultLanguage"": ""ko"", ""localized"": {""title"": ""핏이 예술인 루즈핏 셔츠 🤍"", ""description"": ""Steal Yanghee's Fit 🛒\n\n살짝 여유있는 오버핏 실루엣에 부드러운 코튼 소재라 입는 순간 분위기 자체가 달라짐 🫶 레이스 스커트랑 레이어드하면 진짜 찐 여성스러움 완성.\n\n#오버핏셔츠 #셔츠코디 #데일리룩 #오피스룩 #여성스러운코디\n\n👇 Shop the Fit\nhttps://stealmyfit.com/yanghee\n\n#GRWM #fitcheck #ootd #dailylook #kfashion #shorts""}}, ""statistics"": {""viewCount"": ""286"", ""likeCount"": ""0"", ""favoriteCount"": ""0"", ""commentCount"": ""0""}}"
오버핏 셔츠,single_term_fallback,오버핏 셔츠,pMHXo9Hzq6U,핏이 예술인 루즈핏 셔츠 🤍,2026-06-07T22:30:17Z,324,4,0,https://www.youtube.com/watch?v=pMHXo9Hzq6U,youtube,오버핏 셔츠,canonical,1.0,2026-06-11T10:36:57.857845+00:00,324,4,0,4,HannaKim Archive,"Steal Hanna's Fit 🛒

오버핏 실루엣이 몸매 라인을 자연스럽게 잡아주는 데일리 셔츠. 부드러운 소재감과 넉넉한 핏이 편안하면서도 세련된 무드를 완성해줘.

#오버핏셔츠 #루즈핏셔츠 #데일리룩 #여자데일리 #셔츠코디

👇 Shop the Fit
https://stealmyfit.com/hanna

#GRWM #fitcheck #ootd #dailylook #kfashion #shorts","{""kind"": ""youtube#video"", ""etag"": ""hhkzVsRzZaa93lDAXYHTFqBPLYY"", ""id"": ""pMHXo9Hzq6U"", ""snippet"": {""publishedAt"": ""2026-06-07T22:30:17Z"", ""channelId"": ""UCXcc-HOKUJgR9qKi4wGzZUQ"", ""title"": ""핏이 예술인 루즈핏 셔츠 🤍"", ""description"": ""Steal Hanna's Fit 🛒\n\n오버핏 실루엣이 몸매 라인을 자연스럽게 잡아주는 데일리 셔츠. 부드러운 소재감과 넉넉한 핏이 편안하면서도 세련된 무드를 완성해줘.\n\n#오버핏셔츠 #루즈핏셔츠 #데일리룩 #여자데일리 #셔츠코디\n\n👇 Shop the Fit\nhttps://stealmyfit.com/hanna\n\n#GRWM #fitcheck #ootd #dailylook #kfashion #shorts"", ""thumbnails"": {""default"": {""url"": ""https://i.ytimg.com/vi/pMHXo9Hzq6U/default.jpg"", ""width"": 120, ""height"": 90}, ""medium"": {""url"": ""https://i.ytimg.com/vi/pMHXo9Hzq6U/mqdefault.jpg"", ""width"": 320, ""height"": 180}, ""high"": {""url"": ""https://i.ytimg.com/vi/pMHXo9Hzq6U/hqdefault.jpg"", ""width"": 480, ""height"": 360}, ""standard"": {""url"": ""https://i.ytimg.com/vi/pMHXo9Hzq6U/sddefault.jpg"", ""width"": 640, ""height"": 480}, ""maxres"": {""url"": ""https://i.ytimg.com/vi/pMHXo9Hzq6U/maxresdefault.jpg"", ""width"": 1280, ""height"": 720}}, ""channelTitle"": ""HannaKim Archive"", ""categoryId"": ""26"", ""liveBroadcastContent"": ""none"", ""defaultLanguage"": ""ko"", ""localized"": {""title"": ""핏이 예술인 루즈핏 셔츠 🤍"", ""description"": ""Steal Hanna's Fit 🛒\n\n오버핏 실루엣이 몸매 라인을 자연스럽게 잡아주는 데일리 셔츠. 부드러운 소재감과 넉넉한 핏이 편안하면서도 세련된 무드를 완성해줘.\n\n#오버핏셔츠 #루즈핏셔츠 #데일리룩 #여자데일리 #셔츠코디\n\n👇 Shop the Fit\nhttps://stealmyfit.com/hanna\n\n#GRWM #fitcheck #ootd #dailylook #kfashion #shorts""}}, ""statistics"": {""viewCount"": ""324"", ""likeCount"": ""4"", ""favoriteCount"": ""0"", ""commentCount"": ""0""}}"
오버핏 셔츠,single_term_fallback,오버핏 셔츠,I92C2hsucjM,체형커버까지 되는 오버핏 셔츠 코디,2026-06-07T12:47:35Z,800,1,0,https://www.youtube.com/watch?v=I92C2hsucjM,youtube,오버핏 셔츠,canonical,1.0,2026-06-11T10:36:57.857845+00:00,800,1,0,1,웨이브로드,"편안하게 입기 좋은 오버핏 셔츠 코디를 소개합니다.

체형은 자연스럽게 커버하면서도 세련된 분위기를 연출할 수 있어 40~60대 여성분들께 특히 인기 있는 스타일입니다.

매일 입기 좋은 데일리룩부터 외출룩까지 다양하게 활용해 보세요.

웨이브로드와 함께 편안하고 우아한 중년 패션을 만나보세요.

#중년패션 #50대패션 #오버핏셔츠 #여름코디 #웨이브로드 #여성의류 #오오티디","{""kind"": ""youtube#video"", ""etag"": ""FNzMIyfNEi7AkPUtvHJH2tXF_G8"", ""id"": ""I92C2hsucjM"", ""snippet"": {""publishedAt"": ""2026-06-07T12:47:35Z"", ""channelId"": ""UCBj9WzauX0sqTuXnF0wJsDw"", ""title"": ""체형커버까지 되는 오버핏 셔츠 코디"", ""description"": ""편안하게 입기 좋은 오버핏 셔츠 코디를 소개합니다.\n\n체형은 자연스럽게 커버하면서도 세련된 분위기를 연출할 수 있어 40~60대 여성분들께 특히 인기 있는 스타일입니다.\n\n매일 입기 좋은 데일리룩부터 외출룩까지 다양하게 활용해 보세요.\n\n웨이브로드와 함께 편안하고 우아한 중년 패션을 만나보세요.\n\n#중년패션 #50대패션 #오버핏셔츠 #여름코디 #웨이브로드 #여성의류 #오오티디"", ""thumbnails"": {""default"": {""url"": ""https://i.ytimg.com/vi/I92C2hsucjM/default.jpg"", ""width"": 120, ""height"": 90}, ""medium"": {""url"": ""https://i.ytimg.com/vi/I92C2hsucjM/mqdefault.jpg"", ""width"": 320, ""height"": 180}, ""high"": {""url"": ""https://i.ytimg.com/vi/I92C2hsucjM/hqdefault.jpg"", ""width"": 480, ""height"": 360}, ""standard"": {""url"": ""https://i.ytimg.com/vi/I92C2hsucjM/sddefault.jpg"", ""width"": 640, ""height"": 480}, ""maxres"": {""url"": ""https://i.ytimg.com/vi/I92C2hsucjM/maxresdefault.jpg"", ""width"": 1280, ""height"": 720}}, ""channelTitle"": ""웨이브로드"", ""categoryId"": ""24"", ""liveBroadcastContent"": ""none"", ""defaultLanguage"": ""ko"", ""localized"": {""title"": ""체형커버까지 되는 오버핏 셔츠 코디"", ""description"": ""편안하게 입기 좋은 오버핏 셔츠 코디를 소개합니다.\n\n체형은 자연스럽게 커버하면서도 세련된 분위기를 연출할 수 있어 40~60대 여성분들께 특히 인기 있는 스타일입니다.\n\n매일 입기 좋은 데일리룩부터 외출룩까지 다양하게 활용해 보세요.\n\n웨이브로드와 함께 편안하고 우아한 중년 패션을 만나보세요.\n\n#중년패션 #50대패션 #오버핏셔츠 #여름코디 #웨이브로드 #여성의류 #오오티디""}, ""defaultAudioLanguage"": ""zxx""}, ""statistics"": {""viewCount"": ""800"", ""likeCount"": ""1"", ""favoriteCount"": ""0"", ""commentCount"": ""0""}}"
오버핏 셔츠,single_term_fallback,오버핏 셔츠,klucvNjVBds,체크 셔츠 써보니 진짜 좋아요,2026-06-07T10:46:36Z,0,0,1,https://www.youtube.com/watch?v=klucvNjVBds,youtube,오버핏 셔츠,canonical,1.0,2026-06-11T10:36:57.857845+00:00,0,0,1,1,와우최저가,"이 포스팅은 쿠팡 파트너스 활동의 일환으로, 이에 따른 일정액의 수수료를 제공받습니다.
1 | 13,750 (원) | 루엔나 여성용 빅사이즈 남방 체크 셔츠 긴팔 블라우스 | https://link.coupang.com/a/en6ytLSrYq
2 | 15,400 (원) | 자스민벨 리피 카라 오버핏 체크 긴팔 핑크 셔츠 | https://link.coupang.com/a/en6ytGmR2a
3 | 19,900 (원) | TIMEPURE 남녀 공용 오버핏 체크 셔츠 데일리 셔츠 코디 오버사이즈 긴팔 셔츠 실루엣 편안함 캐주얼 룩 통근 데이트 소프트 텍스처 릴랙스 핏 셔츠 | https://link.coupang.com/a/en6ytA2VtA
4 | 22,000 (원) | 르위 캐주얼 오버핏 긴팔 체크셔츠 빅사이즈 | https://link.coupang.com/a/en6ys71pim
5 | 28,320 (원) | 패션플로우 남성용 내추럴 루즈핏 체크 긴팔 셔츠 | https://link.coupang.com/a/en6ytd6buK
6 | 28,320 (원) | 패션플로우 남성용 내추럴 루즈핏 체크 긴팔 셔츠 | https://link.coupang.com/a/en6ytd6buK
7 | 29,900 (원) | 콘피아르 남성용 데일리 오버핏 체크 셔츠 TC6311 | https://link.coupang.com/a/en6ytlMRMa
8 | 34,900 (원) | 팀스핏(품질보증)남녀공용 시티보이 오버핏 긴팔 체크 셔츠 남방 빅사이즈 | https://link.coupang.com/a/en6ytpT8uq
9 | 39,700 (원) | 1+1/두장묶음 빠델 선셋 사계절 커플 가을 봄 남녀공용 체크 남방 오버핏 셔츠 | https://link.coupang.com/a/en6ytv0qsu
10 | 39,700 (원) | 1+1/두장묶음 빠델 선셋 사계절 커플 가을 봄 남녀공용 체크 남방 오버핏 셔츠 | https://link.coupang.com/a/en6ytv0qsu

#루엔나 #여성용리발 #빅사이즈 #체크셔츠 #자스민벨 #핑크체크셔츠 #오버핏 #TIMEPURE #남녀공용체크셔츠 #르위 #패션플로우 #남성용체크셔츠 #콘피아르 #팀스핏시티보이 #빠델 #체크남방

※ 본 영상에 표시된 평균 가격은 영상 제작 시점에 수집된 상품 가격을 기준으로 산출한 참고값입니다. 실제 판매 가격은 재고 상황, 할인 행사, 판매자 정책 등에 따라 수시로 변동될 수 있으므로 구매 전 반드시 현재 가격을 확인하시기 바랍니다.","{""kind"": ""youtube#video"", ""etag"": ""liZId7e1Wst-B0PA351C9qM57MU"", ""id"": ""klucvNjVBds"", ""snippet"": {""publishedAt"": ""2026-06-07T10:46:36Z"", ""channelId"": ""UCNVrtsPPzvfnOgXa0UQ07zQ"", ""title"": ""체크 셔츠 써보니 진짜 좋아요"", ""description"": ""이 포스팅은 쿠팡 파트너스 활동의 일환으로, 이에 따른 일정액의 수수료를 제공받습니다.\n1 | 13,750 (원) | 루엔나 여성용 빅사이즈 남방 체크 셔츠 긴팔 블라우스 | https://link.coupang.com/a/en6ytLSrYq\n2 | 15,400 (원) | 자스민벨 리피 카라 오버핏 체크 긴팔 핑크 셔츠 | https://link.coupang.com/a/en6ytGmR2a\n3 | 19,900 (원) | TIMEPURE 남녀 공용 오버핏 체크 셔츠 데일리 셔츠 코디 오버사이즈 긴팔 셔츠 실루엣 편안함 캐주얼 룩 통근 데이트 소프트 텍스처 릴랙스 핏 셔츠 | https://link.coupang.com/a/en6ytA2VtA\n4 | 22,000 (원) | 르위 캐주얼 오버핏 긴팔 체크셔츠 빅사이즈 | https://link.coupang.com/a/en6ys71pim\n5 | 28,320 (원) | 패션플로우 남성용 내추럴 루즈핏 체크 긴팔 셔츠 | https://link.coupang.com/a/en6ytd6buK\n6 | 28,320 (원) | 패션플로우 남성용 내추럴 루즈핏 체크 긴팔 셔츠 | https://link.coupang.com/a/en6ytd6buK\n7 | 29,900 (원) | 콘피아르 남성용 데일리 오버핏 체크 셔츠 TC6311 | https://link.coupang.com/a/en6ytlMRMa\n8 | 34,900 (원) | 팀스핏(품질보증)남녀공용 시티보이 오버핏 긴팔 체크 셔츠 남방 빅사이즈 | https://link.coupang.com/a/en6ytpT8uq\n9 | 39,700 (원) | 1+1/두장묶음 빠델 선셋 사계절 커플 가을 봄 남녀공용 체크 남방 오버핏 셔츠 | https://link.coupang.com/a/en6ytv0qsu\n10 | 39,700 (원) | 1+1/두장묶음 빠델 선셋 사계절 커플 가을 봄 남녀공용 체크 남방 오버핏 셔츠 | https://link.coupang.com/a/en6ytv0qsu\n\n#루엔나 #여성용리발 #빅사이즈 #체크셔츠 #자스민벨 #핑크체크셔츠 #오버핏 #TIMEPURE #남녀공용체크셔츠 #르위 #패션플로우 #남성용체크셔츠 #콘피아르 #팀스핏시티보이 #빠델 #체크남방\n\n※ 본 영상에 표시된 평균 가격은 영상 제작 시점에 수집된 상품 가격을 기준으로 산출한 참고값입니다. 실제 판매 가격은 재고 상황, 할인 행사, 판매자 정책 등에 따라 수시로 변동될 수 있으므로 구매 전 반드시 현재 가격을 확인하시기 바랍니다."", ""thumbnails"": {""default"": {""url"": ""https://i.ytimg.com/vi/klucvNjVBds/default.jpg"", ""width"": 120, ""height"": 90}, ""medium"": {""url"": ""https://i.ytimg.com/vi/klucvNjVBds/mqdefault.jpg"", ""width"": 320, ""height"": 180}, ""high"": {""url"": ""https://i.ytimg.com/vi/klucvNjVBds/hqdefault.jpg"", ""width"": 480, ""height"": 360}, ""standard"": {""url"": ""https://i.ytimg.com/vi/klucvNjVBds/sddefault.jpg"", ""width"": 640, ""height"": 480}, ""maxres"": {""url"": ""https://i.ytimg.com/vi/klucvNjVBds/maxresdefault.jpg"", ""width"": 1280, ""height"": 720}}, ""channelTitle"": ""와우최저가"", ""categoryId"": ""22"", ""liveBroadcastContent"": ""none"", ""defaultLanguage"": ""ko"", ""localized"": {""title"": ""체크 셔츠 써보니 진짜 좋아요"", ""description"": ""이 포스팅은 쿠팡 파트너스 활동의 일환으로, 이에 따른 일정액의 수수료를 제공받습니다.\n1 | 13,750 (원) | 루엔나 여성용 빅사이즈 남방 체크 셔츠 긴팔 블라우스 | https://link.coupang.com/a/en6ytLSrYq\n2 | 15,400 (원) | 자스민벨 리피 카라 오버핏 체크 긴팔 핑크 셔츠 | https://link.coupang.com/a/en6ytGmR2a\n3 | 19,900 (원) | TIMEPURE 남녀 공용 오버핏 체크 셔츠 데일리 셔츠 코디 오버사이즈 긴팔 셔츠 실루엣 편안함 캐주얼 룩 통근 데이트 소프트 텍스처 릴랙스 핏 셔츠 | https://link.coupang.com/a/en6ytA2VtA\n4 | 22,000 (원) | 르위 캐주얼 오버핏 긴팔 체크셔츠 빅사이즈 | https://link.coupang.com/a/en6ys71pim\n5 | 28,320 (원) | 패션플로우 남성용 내추럴 루즈핏 체크 긴팔 셔츠 | https://link.coupang.com/a/en6ytd6buK\n6 | 28,320 (원) | 패션플로우 남성용 내추럴 루즈핏 체크 긴팔 셔츠 | https://link.coupang.com/a/en6ytd6buK\n7 | 29,900 (원) | 콘피아르 남성용 데일리 오버핏 체크 셔츠 TC6311 | https://link.coupang.com/a/en6ytlMRMa\n8 | 34,900 (원) | 팀스핏(품질보증)남녀공용 시티보이 오버핏 긴팔 체크 셔츠 남방 빅사이즈 | https://link.coupang.com/a/en6ytpT8uq\n9 | 39,700 (원) | 1+1/두장묶음 빠델 선셋 사계절 커플 가을 봄 남녀공용 체크 남방 오버핏 셔츠 | https://link.coupang.com/a/en6ytv0qsu\n10 | 39,700 (원) | 1+1/두장묶음 빠델 선셋 사계절 커플 가을 봄 남녀공용 체크 남방 오버핏 셔츠 | https://link.coupang.com/a/en6ytv0qsu\n\n#루엔나 #여성용리발 #빅사이즈 #체크셔츠 #자스민벨 #핑크체크셔츠 #오버핏 #TIMEPURE #남녀공용체크셔츠 #르위 #패션플로우 #남성용체크셔츠 #콘피아르 #팀스핏시티보이 #빠델 #체크남방\n\n※ 본 영상에 표시된 평균 가격은 영상 제작 시점에 수집된 상품 가격을 기준으로 산출한 참고값입니다. 실제 판매 가격은 재고 상황, 할인 행사, 판매자 정책 등에 따라 수시로 변동될 수 있으므로 구매 전 반드시 현재 가격을 확인하시기 바랍니다.""}}, ""statistics"": {""viewCount"": ""0"", ""likeCount"": ""0"", ""favoriteCount"": ""0"", ""commentCount"": ""1""}}"
오버핏 셔츠,single_term_fallback,오버핏 셔츠,CSrJ4aLmLnE,"""하늘하늘 시원한 시어서커 체크셔츠!""",2026-06-07T06:45:38Z,417,3,1,https://www.youtube.com/watch?v=CSrJ4aLmLnE,youtube,오버핏 셔츠,canonical,1.0,2026-06-11T10:36:57.857845+00:00,417,3,1,4,남자패션 그리고지금,"구김없고 다림질 필요없는
여름 시어서커 반팔,긴팔 체크셔츠입니다.

통기성 좋고 하늘하늘한 원단으로
올 여름 가볍게 툭 걸치기 좋은 오버핏 셔츠!

반팔 - 6 color
긴팔 - 8color
사이즈 -  free

남녀공용, 데일리룩, 여행룩

#꾸안꾸#남자코디#커플룩 #여름셔츠#체크셔츠","{""kind"": ""youtube#video"", ""etag"": ""mJZ1Wieqtb-_-qZpCXzCbsr3cKI"", ""id"": ""CSrJ4aLmLnE"", ""snippet"": {""publishedAt"": ""2026-06-07T06:45:38Z"", ""channelId"": ""UCn6HVflMkLyiUuWDIsEVelg"", ""title"": ""\""하늘하늘 시원한 시어서커 체크셔츠!\"""", ""description"": ""구김없고 다림질 필요없는\n여름 시어서커 반팔,긴팔 체크셔츠입니다.\n\n통기성 좋고 하늘하늘한 원단으로\n올 여름 가볍게 툭 걸치기 좋은 오버핏 셔츠!\n\n반팔 - 6 color\n긴팔 - 8color\n사이즈 -  free\n\n남녀공용, 데일리룩, 여행룩\n\n#꾸안꾸#남자코디#커플룩 #여름셔츠#체크셔츠"", ""thumbnails"": {""default"": {""url"": ""https://i.ytimg.com/vi/CSrJ4aLmLnE/default.jpg"", ""width"": 120, ""height"": 90}, ""medium"": {""url"": ""https://i.ytimg.com/vi/CSrJ4aLmLnE/mqdefault.jpg"", ""width"": 320, ""height"": 180}, ""high"": {""url"": ""https://i.ytimg.com/vi/CSrJ4aLmLnE/hqdefault.jpg"", ""width"": 480, ""height"": 360}, ""standard"": {""url"": ""https://i.ytimg.com/vi/CSrJ4aLmLnE/sddefault.jpg"", ""width"": 640, ""height"": 480}, ""maxres"": {""url"": ""https://i.ytimg.com/vi/CSrJ4aLmLnE/maxresdefault.jpg"", ""width"": 1280, ""height"": 720}}, ""channelTitle"": ""남자패션 그리고지금"", ""categoryId"": ""22"", ""liveBroadcastContent"": ""none"", ""defaultLanguage"": ""ko"", ""localized"": {""title"": ""\""하늘하늘 시원한 시어서커 체크셔츠!\"""", ""description"": ""구김없고 다림질 필요없는\n여름 시어서커 반팔,긴팔 체크셔츠입니다.\n\n통기성 좋고 하늘하늘한 원단으로\n올 여름 가볍게 툭 걸치기 좋은 오버핏 셔츠!\n\n반팔 - 6 color\n긴팔 - 8color\n사이즈 -  free\n\n남녀공용, 데일리룩, 여행룩\n\n#꾸안꾸#남자코디#커플룩 #여름셔츠#체크셔츠""}}, ""statistics"": {""viewCount"": ""417"", ""likeCount"": ""3"", ""favoriteCount"": ""0"", ""commentCount"": ""1""}}"
오버핏 셔츠,single_term_fallback,오버핏 셔츠,NnRlsdh7lu4,빅사이즈 쿨에어핏 오버핏 반팔티 #fashion #ootd #가성비룩 #tshirt #데일리템 #데일리룩코디,2026-06-06T09:31:57Z,154,0,0,https://www.youtube.com/watch?v=NnRlsdh7lu4,youtube,오버핏 셔츠,canonical,1.0,2026-06-11T10:36:57.857845+00:00,154,0,0,0,봉구네옷장,"한여름에도 시원하게, 체형 걱정 없이 편안하게!

가볍고 쾌적한 쿨에어핏 소재로 제작된 오버핏 반팔티입니다. 넉넉한 실루엣과 부드러운 터치감으로 답답함 없이 편안하게 착용할 수 있으며, 자연스럽게 떨어지는 핏이 체형을 커버해 더욱 멋스러운 스타일을 완성해줍니다.","{""kind"": ""youtube#video"", ""etag"": ""xn8xX4GjHFgCyJomVEIkgKp-gHU"", ""id"": ""NnRlsdh7lu4"", ""snippet"": {""publishedAt"": ""2026-06-06T09:31:57Z"", ""channelId"": ""UCWoJClB5pVujMfxHrQn7oLA"", ""title"": ""빅사이즈 쿨에어핏 오버핏 반팔티 #fashion #ootd #가성비룩 #tshirt #데일리템 #데일리룩코디"", ""description"": ""한여름에도 시원하게, 체형 걱정 없이 편안하게!\n\n가볍고 쾌적한 쿨에어핏 소재로 제작된 오버핏 반팔티입니다. 넉넉한 실루엣과 부드러운 터치감으로 답답함 없이 편안하게 착용할 수 있으며, 자연스럽게 떨어지는 핏이 체형을 커버해 더욱 멋스러운 스타일을 완성해줍니다."", ""thumbnails"": {""default"": {""url"": ""https://i.ytimg.com/vi/NnRlsdh7lu4/default.jpg"", ""width"": 120, ""height"": 90}, ""medium"": {""url"": ""https://i.ytimg.com/vi/NnRlsdh7lu4/mqdefault.jpg"", ""width"": 320, ""height"": 180}, ""high"": {""url"": ""https://i.ytimg.com/vi/NnRlsdh7lu4/hqdefault.jpg"", ""width"": 480, ""height"": 360}, ""standard"": {""url"": ""https://i.ytimg.com/vi/NnRlsdh7lu4/sddefault.jpg"", ""width"": 640, ""height"": 480}, ""maxres"": {""url"": ""https://i.ytimg.com/vi/NnRlsdh7lu4/maxresdefault.jpg"", ""width"": 1280, ""height"": 720}}, ""channelTitle"": ""봉구네옷장"", ""categoryId"": ""22"", ""liveBroadcastContent"": ""none"", ""defaultLanguage"": ""ko"", ""localized"": {""title"": ""빅사이즈 쿨에어핏 오버핏 반팔티 #fashion #ootd #가성비룩 #tshirt #데일리템 #데일리룩코디"", ""description"": ""한여름에도 시원하게, 체형 걱정 없이 편안하게!\n\n가볍고 쾌적한 쿨에어핏 소재로 제작된 오버핏 반팔티입니다. 넉넉한 실루엣과 부드러운 터치감으로 답답함 없이 편안하게 착용할 수 있으며, 자연스럽게 떨어지는 핏이 체형을 커버해 더욱 멋스러운 스타일을 완성해줍니다.""}}, ""statistics"": {""viewCount"": ""154"", ""likeCount"": ""0"", ""favoriteCount"": ""0"", ""commentCount"": ""0""}}"
오버핏 셔츠,single_term_fallback,오버핏 셔츠,F3boqZnAbBw,가장 많이 팔린 남성 오버핏 셔츠 추천 Top 5,2026-06-06T08:42:55Z,11,0,1,https://www.youtube.com/watch?v=F3boqZnAbBw,youtube,오버핏 셔츠,canonical,1.0,2026-06-11T10:36:57.857845+00:00,11,0,1,1,따봉마켓,"가장 많이 팔린 남성 오버핏 셔츠
영상 속 남성 오버핏 셔츠 구매링크:
https://link.coupang.com/a/emiVpSKI5Q
이 포스팅은 쿠팡파트너스 활동의 일환으로, 이에 따른 일정액의 수수료를 제공받습니다.

1위 : AOKADA 1 | 1 남성 여름 쿨링 아이스 오버핏 카라넥 플리츠 반팔 셔츠 남방
가격 : 27,510원
링크 : https://link.coupang.com/a/emiVpSKI5Q

2위 : 해리슨 남성용 링클프리 베이직 셔츠 597 JIM1144
가격 : 23,800원
링크 : https://link.coupang.com/a/emiVp2PoSP

3위 : 해리슨 남성용 링클프리 베이직 셔츠 597 JIM1144
가격 : 23,800원
링크 : https://link.coupang.com/a/emiVp5SHZs

4위 : 팀스핏(품질보증) 남녀공용 시티보이 옥스포드 빅사이즈 오버핏 베이직 긴팔 셔츠 남방
가격 : 29,900원
링크 : https://link.coupang.com/a/emiVqcqUqi

5위 : 테크비 1 | 1 남성용 반팔 링클프리 오버핏 무지 남방
가격 : 29,800원
링크 : https://link.coupang.com/a/emiVqh01FA

감사합니다.","{""kind"": ""youtube#video"", ""etag"": ""jifchk5gZhKtwkkoYN8fH8-u1wY"", ""id"": ""F3boqZnAbBw"", ""snippet"": {""publishedAt"": ""2026-06-06T08:42:55Z"", ""channelId"": ""UCpS32G0mB3ICicXiy1gaaZA"", ""title"": ""가장 많이 팔린 남성 오버핏 셔츠 추천 Top 5"", ""description"": ""가장 많이 팔린 남성 오버핏 셔츠\n영상 속 남성 오버핏 셔츠 구매링크:\nhttps://link.coupang.com/a/emiVpSKI5Q\n이 포스팅은 쿠팡파트너스 활동의 일환으로, 이에 따른 일정액의 수수료를 제공받습니다.\n\n1위 : AOKADA 1 | 1 남성 여름 쿨링 아이스 오버핏 카라넥 플리츠 반팔 셔츠 남방\n가격 : 27,510원\n링크 : https://link.coupang.com/a/emiVpSKI5Q\n\n2위 : 해리슨 남성용 링클프리 베이직 셔츠 597 JIM1144\n가격 : 23,800원\n링크 : https://link.coupang.com/a/emiVp2PoSP\n\n3위 : 해리슨 남성용 링클프리 베이직 셔츠 597 JIM1144\n가격 : 23,800원\n링크 : https://link.coupang.com/a/emiVp5SHZs\n\n4위 : 팀스핏(품질보증) 남녀공용 시티보이 옥스포드 빅사이즈 오버핏 베이직 긴팔 셔츠 남방\n가격 : 29,900원\n링크 : https://link.coupang.com/a/emiVqcqUqi\n\n5위 : 테크비 1 | 1 남성용 반팔 링클프리 오버핏 무지 남방\n가격 : 29,800원\n링크 : https://link.coupang.com/a/emiVqh01FA\n\n감사합니다."", ""thumbnails"": {""default"": {""url"": ""https://i.ytimg.com/vi/F3boqZnAbBw/default.jpg"", ""width"": 120, ""height"": 90}, ""medium"": {""url"": ""https://i.ytimg.com/vi/F3boqZnAbBw/mqdefault.jpg"", ""width"": 320, ""height"": 180}, ""high"": {""url"": ""https://i.ytimg.com/vi/F3boqZnAbBw/hqdefault.jpg"", ""width"": 480, ""height"": 360}, ""standard"": {""url"": ""https://i.ytimg.com/vi/F3boqZnAbBw/sddefault.jpg"", ""width"": 640, ""height"": 480}, ""maxres"": {""url"": ""https://i.ytimg.com/vi/F3boqZnAbBw/maxresdefault.jpg"", ""width"": 1280, ""height"": 720}}, ""channelTitle"": ""따봉마켓"", ""tags"": [""남성 오버핏 셔츠"", ""Top5"", ""인기상품"", ""인기순위"", ""인기제품""], ""categoryId"": ""22"", ""liveBroadcastContent"": ""none"", ""defaultLanguage"": ""ko"", ""localized"": {""title"": ""가장 많이 팔린 남성 오버핏 셔츠 추천 Top 5"", ""description"": ""가장 많이 팔린 남성 오버핏 셔츠\n영상 속 남성 오버핏 셔츠 구매링크:\nhttps://link.coupang.com/a/emiVpSKI5Q\n이 포스팅은 쿠팡파트너스 활동의 일환으로, 이에 따른 일정액의 수수료를 제공받습니다.\n\n1위 : AOKADA 1 | 1 남성 여름 쿨링 아이스 오버핏 카라넥 플리츠 반팔 셔츠 남방\n가격 : 27,510원\n링크 : https://link.coupang.com/a/emiVpSKI5Q\n\n2위 : 해리슨 남성용 링클프리 베이직 셔츠 597 JIM1144\n가격 : 23,800원\n링크 : https://link.coupang.com/a/emiVp2PoSP\n\n3위 : 해리슨 남성용 링클프리 베이직 셔츠 597 JIM1144\n가격 : 23,800원\n링크 : https://link.coupang.com/a/emiVp5SHZs\n\n4위 : 팀스핏(품질보증) 남녀공용 시티보이 옥스포드 빅사이즈 오버핏 베이직 긴팔 셔츠 남방\n가격 : 29,900원\n링크 : https://link.coupang.com/a/emiVqcqUqi\n\n5위 : 테크비 1 | 1 남성용 반팔 링클프리 오버핏 무지 남방\n가격 : 29,800원\n링크 : https://link.coupang.com/a/emiVqh01FA\n\n감사합니다.""}}, ""statistics"": {""viewCount"": ""11"", ""likeCount"": ""0"", ""favoriteCount"": ""0"", ""commentCount"": ""1""}}"
오버핏 셔츠,single_term_fallback,오버핏 셔츠,Jk9sp095_0E,🤍🖤 버켓 SYDNEY 여성 오버핏 반팔티 | 데일리룩 추천,2026-06-05T13:42:24Z,17,0,0,https://www.youtube.com/watch?v=Jk9sp095_0E,youtube,오버핏 셔츠,canonical,1.0,2026-06-11T10:36:57.857845+00:00,17,0,0,0,🩷 PinkPick,"깔끔한 레터링 포인트와 편안한 오버핏이 매력적인 SYDNEY 반팔티✨

부담 없는 라운드넥 디자인으로 데일리룩, 캐주얼룩 등 다양한 코디에 활용하기 좋으며 화이트·블랙 2가지 컬러로 만나보실 수 있습니다😊
#여성반팔 #오버핏티셔츠 #여자코디 #데일리룩 #여름코디 #반팔티추천 #패션스타그램 #버켓 #SYDNEY

🩷 PinkPick 🩷

본 콘텐츠는 브랜드 홍보를 위해 제작되었습니다.

무단 복제, 재배포 및 2차 가공을 금지합니다.

Copyright ⓒ PinkPick All Rights 

Reserved.","{""kind"": ""youtube#video"", ""etag"": ""4RUdt4jwf4VsgPMQDyiCC8avz2I"", ""id"": ""Jk9sp095_0E"", ""snippet"": {""publishedAt"": ""2026-06-05T13:42:24Z"", ""channelId"": ""UCve5nzkzOJU4TbGpRRcSYpA"", ""title"": ""🤍🖤 버켓 SYDNEY 여성 오버핏 반팔티 | 데일리룩 추천"", ""description"": ""깔끔한 레터링 포인트와 편안한 오버핏이 매력적인 SYDNEY 반팔티✨\n\n부담 없는 라운드넥 디자인으로 데일리룩, 캐주얼룩 등 다양한 코디에 활용하기 좋으며 화이트·블랙 2가지 컬러로 만나보실 수 있습니다😊\n#여성반팔 #오버핏티셔츠 #여자코디 #데일리룩 #여름코디 #반팔티추천 #패션스타그램 #버켓 #SYDNEY\n\n🩷 PinkPick 🩷\n\n본 콘텐츠는 브랜드 홍보를 위해 제작되었습니다.\n\n무단 복제, 재배포 및 2차 가공을 금지합니다.\n\nCopyright ⓒ PinkPick All Rights \n\nReserved."", ""thumbnails"": {""default"": {""url"": ""https://i.ytimg.com/vi/Jk9sp095_0E/default.jpg"", ""width"": 120, ""height"": 90}, ""medium"": {""url"": ""https://i.ytimg.com/vi/Jk9sp095_0E/mqdefault.jpg"", ""width"": 320, ""height"": 180}, ""high"": {""url"": ""https://i.ytimg.com/vi/Jk9sp095_0E/hqdefault.jpg"", ""width"": 480, ""height"": 360}, ""standard"": {""url"": ""https://i.ytimg.com/vi/Jk9sp095_0E/sddefault.jpg"", ""width"": 640, ""height"": 480}, ""maxres"": {""url"": ""https://i.ytimg.com/vi/Jk9sp095_0E/maxresdefault.jpg"", ""width"": 1280, ""height"": 720}}, ""channelTitle"": ""🩷 PinkPick"", ""categoryId"": ""22"", ""liveBroadcastContent"": ""none"", ""defaultLanguage"": ""ko"", ""localized"": {""title"": ""🤍🖤 버켓 SYDNEY 여성 오버핏 반팔티 | 데일리룩 추천"", ""description"": ""깔끔한 레터링 포인트와 편안한 오버핏이 매력적인 SYDNEY 반팔티✨\n\n부담 없는 라운드넥 디자인으로 데일리룩, 캐주얼룩 등 다양한 코디에 활용하기 좋으며 화이트·블랙 2가지 컬러로 만나보실 수 있습니다😊\n#여성반팔 #오버핏티셔츠 #여자코디 #데일리룩 #여름코디 #반팔티추천 #패션스타그램 #버켓 #SYDNEY\n\n🩷 PinkPick 🩷\n\n본 콘텐츠는 브랜드 홍보를 위해 제작되었습니다.\n\n무단 복제, 재배포 및 2차 가공을 금지합니다.\n\nCopyright ⓒ PinkPick All Rights \n\nReserved.""}, ""defaultAudioLanguage"": ""en""}, ""statistics"": {""viewCount"": ""17"", ""likeCount"": ""0"", ""favoriteCount"": ""0""}}"
오버핏 셔츠,single_term_fallback,오버핏 셔츠,-rX0107S5Mw,여름 오버핏셔츠 출근룩✨ 스트레이트체형 | 6월 5일 출근룩 #데일리룩 #데일리룩코디 #15초출근룩  #출근룩코디 #출근룩,2026-06-05T13:19:22Z,7267,72,3,https://www.youtube.com/watch?v=-rX0107S5Mw,youtube,오버핏 셔츠,canonical,1.0,2026-06-11T10:36:57.857845+00:00,7267,72,3,75,라니 RANI,"여름이 슬픈 스트레이트 체형,, 오늘 유독 더 상체가 커보여서 쓱 가려줄 오버핏 셔츠 입어줬어요••! 여름에도 긴팔이 필수인 이유....✨

🖇️ 6월 5일 최저 17도 / 최고 25도 🌤️
🏷️top. 크렘므 / 라이카 슬리브리스
🏷️shirt. 스튜디오톰보이 / 투웨이 실루엣 오버핏 셔츠
🏷️pants. 르바 / Relaxed Fit Denim (s)
🏷️shoes. 흐꺙 / 하모니
🏷️bag. 알레그리 / Alle Metal Frame Bag 
🏷️earring. Hei / cones one-touch earring
🏷️necklace.  Hei / kisses pendant long necklace
🏷️ring. 르엘 주얼리 / 925 실버 에센셜 라운드 링 라지&스몰


#6월출근룩 #출근룩코디 #출근룩  #여름코디 #여름출근룩","{""kind"": ""youtube#video"", ""etag"": ""6zxgUHpL2Df2S-HUoZaweYUKD3o"", ""id"": ""-rX0107S5Mw"", ""snippet"": {""publishedAt"": ""2026-06-05T13:19:22Z"", ""channelId"": ""UCyYwqgiRTKjr_d_AJp5OIxw"", ""title"": ""여름 오버핏셔츠 출근룩✨ 스트레이트체형 | 6월 5일 출근룩 #데일리룩 #데일리룩코디 #15초출근룩  #출근룩코디 #출근룩"", ""description"": ""여름이 슬픈 스트레이트 체형,, 오늘 유독 더 상체가 커보여서 쓱 가려줄 오버핏 셔츠 입어줬어요••! 여름에도 긴팔이 필수인 이유....✨\n\n🖇️ 6월 5일 최저 17도 / 최고 25도 🌤️\n🏷️top. 크렘므 / 라이카 슬리브리스\n🏷️shirt. 스튜디오톰보이 / 투웨이 실루엣 오버핏 셔츠\n🏷️pants. 르바 / Relaxed Fit Denim (s)\n🏷️shoes. 흐꺙 / 하모니\n🏷️bag. 알레그리 / Alle Metal Frame Bag \n🏷️earring. Hei / cones one-touch earring\n🏷️necklace.  Hei / kisses pendant long necklace\n🏷️ring. 르엘 주얼리 / 925 실버 에센셜 라운드 링 라지&스몰\n\n\n#6월출근룩 #출근룩코디 #출근룩  #여름코디 #여름출근룩"", ""thumbnails"": {""default"": {""url"": ""https://i.ytimg.com/vi/-rX0107S5Mw/default.jpg"", ""width"": 120, ""height"": 90}, ""medium"": {""url"": ""https://i.ytimg.com/vi/-rX0107S5Mw/mqdefault.jpg"", ""width"": 320, ""height"": 180}, ""high"": {""url"": ""https://i.ytimg.com/vi/-rX0107S5Mw/hqdefault.jpg"", ""width"": 480, ""height"": 360}, ""standard"": {""url"": ""https://i.ytimg.com/vi/-rX0107S5Mw/sddefault.jpg"", ""width"": 640, ""height"": 480}, ""maxres"": {""url"": ""https://i.ytimg.com/vi/-rX0107S5Mw/maxresdefault.jpg"", ""width"": 1280, ""height"": 720}}, ""channelTitle"": ""라니 RANI"", ""tags"": [""오버핏셔츠"", ""스튜디오톰보이"", ""여름셔츠"", ""셔츠자켓"", ""르바"", ""르바데님"", ""연청데님"", ""알레그리"", ""흐꺙"", ""실버플랫""], ""categoryId"": ""22"", ""liveBroadcastContent"": ""none"", ""defaultLanguage"": ""ko"", ""localized"": {""title"": ""여름 오버핏셔츠 출근룩✨ 스트레이트체형 | 6월 5일 출근룩 #데일리룩 #데일리룩코디 #15초출근룩  #출근룩코디 #출근룩"", ""description"": ""여름이 슬픈 스트레이트 체형,, 오늘 유독 더 상체가 커보여서 쓱 가려줄 오버핏 셔츠 입어줬어요••! 여름에도 긴팔이 필수인 이유....✨\n\n🖇️ 6월 5일 최저 17도 / 최고 25도 🌤️\n🏷️top. 크렘므 / 라이카 슬리브리스\n🏷️shirt. 스튜디오톰보이 / 투웨이 실루엣 오버핏 셔츠\n🏷️pants. 르바 / Relaxed Fit Denim (s)\n🏷️shoes. 흐꺙 / 하모니\n🏷️bag. 알레그리 / Alle Metal Frame Bag \n🏷️earring. Hei / cones one-touch earring\n🏷️necklace.  Hei / kisses pendant long necklace\n🏷️ring. 르엘 주얼리 / 925 실버 에센셜 라운드 링 라지&스몰\n\n\n#6월출근룩 #출근룩코디 #출근룩  #여름코디 #여름출근룩""}}, ""statistics"": {""viewCount"": ""7267"", ""likeCount"": ""72"", ""favoriteCount"": ""0"", ""commentCount"": ""3""}}"
오버핏 셔츠,single_term_fallback,오버핏 셔츠,_G1HCd2zh_Y,피오갓에센셜 정품 로고패치 반팔 티셔츠사이즈 M(오버핏)4.8#피오갓에센셜 #피어오브갓 #반팔티 #남성반팔티 #패션 #데일리룩코디 《후르츠패밀리 id: cooolee》,2026-06-05T07:20:01Z,209,0,0,https://www.youtube.com/watch?v=_G1HCd2zh_Y,youtube,오버핏 셔츠,canonical,1.0,2026-06-11T10:36:57.857845+00:00,209,0,0,0,cooolee(후르츠패밀리),,"{""kind"": ""youtube#video"", ""etag"": ""b8ZMaJVa9yIMHaoi-m42qXhv0oA"", ""id"": ""_G1HCd2zh_Y"", ""snippet"": {""publishedAt"": ""2026-06-05T07:20:01Z"", ""channelId"": ""UC7i2d4kN19wOzGF8kiDylbA"", ""title"": ""피오갓에센셜 정품 로고패치 반팔 티셔츠사이즈 M(오버핏)4.8#피오갓에센셜 #피어오브갓 #반팔티 #남성반팔티 #패션 #데일리룩코디 《후르츠패밀리 id: cooolee》"", ""description"": """", ""thumbnails"": {""default"": {""url"": ""https://i.ytimg.com/vi/_G1HCd2zh_Y/default.jpg"", ""width"": 120, ""height"": 90}, ""medium"": {""url"": ""https://i.ytimg.com/vi/_G1HCd2zh_Y/mqdefault.jpg"", ""width"": 320, ""height"": 180}, ""high"": {""url"": ""https://i.ytimg.com/vi/_G1HCd2zh_Y/hqdefault.jpg"", ""width"": 480, ""height"": 360}, ""standard"": {""url"": ""https://i.ytimg.com/vi/_G1HCd2zh_Y/sddefault.jpg"", ""width"": 640, ""height"": 480}, ""maxres"": {""url"": ""https://i.ytimg.com/vi/_G1HCd2zh_Y/maxresdefault.jpg"", ""width"": 1280, ""height"": 720}}, ""channelTitle"": ""cooolee(후르츠패밀리)"", ""categoryId"": ""22"", ""liveBroadcastContent"": ""none"", ""defaultLanguage"": ""ko"", ""localized"": {""title"": ""피오갓에센셜 정품 로고패치 반팔 티셔츠사이즈 M(오버핏)4.8#피오갓에센셜 #피어오브갓 #반팔티 #남성반팔티 #패션 #데일리룩코디 《후르츠패밀리 id: cooolee》"", ""description"": """"}}, ""statistics"": {""viewCount"": ""209"", ""likeCount"": ""0"", ""favoriteCount"": ""0"", ""commentCount"": ""0""}}"
오버핏 셔츠,single_term_fallback,오버핏 셔츠,WCCdUioLFeg,가성비 오버핏 반발티 추천!! BJ어나더문/ISAY반팔티,2026-06-05T07:00:20Z,655,5,0,https://www.youtube.com/watch?v=WCCdUioLFeg,youtube,오버핏 셔츠,canonical,1.0,2026-06-11T10:36:57.857845+00:00,655,5,0,5,fitover_핏오버,가격 및 구매는 fitover 카카오톡 채널 친구 추가하신 후 문의해주세요. 사칭하는 계정이 많아 부득이하게 댓글로 답변을 드릴 수 없는 점 양해 부탁두립니다. 저희는 오픈 채팅을 운영하지 않으니 참고 바랍니다.,"{""kind"": ""youtube#video"", ""etag"": ""MWnhIueSx6udiyJ-RGvedBej-CA"", ""id"": ""WCCdUioLFeg"", ""snippet"": {""publishedAt"": ""2026-06-05T07:00:20Z"", ""channelId"": ""UCWE0JPCFEyVvDJRrxHzK9Hg"", ""title"": ""가성비 오버핏 반발티 추천!! BJ어나더문/ISAY반팔티"", ""description"": ""가격 및 구매는 fitover 카카오톡 채널 친구 추가하신 후 문의해주세요. 사칭하는 계정이 많아 부득이하게 댓글로 답변을 드릴 수 없는 점 양해 부탁두립니다. 저희는 오픈 채팅을 운영하지 않으니 참고 바랍니다."", ""thumbnails"": {""default"": {""url"": ""https://i.ytimg.com/vi/WCCdUioLFeg/default.jpg"", ""width"": 120, ""height"": 90}, ""medium"": {""url"": ""https://i.ytimg.com/vi/WCCdUioLFeg/mqdefault.jpg"", ""width"": 320, ""height"": 180}, ""high"": {""url"": ""https://i.ytimg.com/vi/WCCdUioLFeg/hqdefault.jpg"", ""width"": 480, ""height"": 360}, ""standard"": {""url"": ""https://i.ytimg.com/vi/WCCdUioLFeg/sddefault.jpg"", ""width"": 640, ""height"": 480}, ""maxres"": {""url"": ""https://i.ytimg.com/vi/WCCdUioLFeg/maxresdefault.jpg"", ""width"": 1280, ""height"": 720}}, ""channelTitle"": ""fitover_핏오버"", ""categoryId"": ""24"", ""liveBroadcastContent"": ""none"", ""defaultLanguage"": ""ko"", ""localized"": {""title"": ""가성비 오버핏 반발티 추천!! BJ어나더문/ISAY반팔티"", ""description"": ""가격 및 구매는 fitover 카카오톡 채널 친구 추가하신 후 문의해주세요. 사칭하는 계정이 많아 부득이하게 댓글로 답변을 드릴 수 없는 점 양해 부탁두립니다. 저희는 오픈 채팅을 운영하지 않으니 참고 바랍니다.""}}, ""statistics"": {""viewCount"": ""655"", ""likeCount"": ""5"", ""favoriteCount"": ""0"", ""commentCount"": ""0""}}"
오버핏 셔츠,single_term_fallback,오버핏 셔츠,A9Ueg4xfUBU,캐주얼한 데님셔츠로 멋스러운 오버핏 스타일을 연출해보세요! 흑청과 진청 셋업으로 다양한 코디가 가능해요 👕✨,2026-06-05T04:23:54Z,1,0,1,https://www.youtube.com/watch?v=A9Ueg4xfUBU,youtube,오버핏 셔츠,canonical,1.0,2026-06-11T10:36:57.857845+00:00,1,0,1,1,단비의 추천템,"이 포스팅은 쿠팡 파트너스 활동의 일환으로, 이에 따른 일정액의 수수료를 제공받습니다.
💙상품정보 및 구매링크:: https://link.coupang.com/a/ekllpe2ldQ
[00:00] 1. [룩미보이] 논페이드 데님 생지 오버핏 반팔 셔츠 흑청 진청 셋업
- 논페이드 데님으로 깔끔한 연출  
- 오버핏으로 편안한 착용감  
- 흑청과 진청 셋업으로 다양하게  
- 생지 원단으로 자연스러운 멋
[27,900]

위 제품들은 구매 시기에 따라 가격이 변동 될 수 있습니다.
지금 바로 💙구매링크💙 확인해 주세요! 
오늘도 행복한 하루 되세요.
감사합니다.

#데님셔츠","{""kind"": ""youtube#video"", ""etag"": ""BX3XX8DyvhHJeetUIIQkCA6MNOk"", ""id"": ""A9Ueg4xfUBU"", ""snippet"": {""publishedAt"": ""2026-06-05T04:23:54Z"", ""channelId"": ""UC9HUl390tM93QmyH8pTFqag"", ""title"": ""캐주얼한 데님셔츠로 멋스러운 오버핏 스타일을 연출해보세요! 흑청과 진청 셋업으로 다양한 코디가 가능해요 👕✨"", ""description"": ""이 포스팅은 쿠팡 파트너스 활동의 일환으로, 이에 따른 일정액의 수수료를 제공받습니다.\n💙상품정보 및 구매링크:: https://link.coupang.com/a/ekllpe2ldQ\n[00:00] 1. [룩미보이] 논페이드 데님 생지 오버핏 반팔 셔츠 흑청 진청 셋업\n- 논페이드 데님으로 깔끔한 연출  \n- 오버핏으로 편안한 착용감  \n- 흑청과 진청 셋업으로 다양하게  \n- 생지 원단으로 자연스러운 멋\n[27,900]\n\n위 제품들은 구매 시기에 따라 가격이 변동 될 수 있습니다.\n지금 바로 💙구매링크💙 확인해 주세요! \n오늘도 행복한 하루 되세요.\n감사합니다.\n\n#데님셔츠"", ""thumbnails"": {""default"": {""url"": ""https://i.ytimg.com/vi/A9Ueg4xfUBU/default.jpg"", ""width"": 120, ""height"": 90}, ""medium"": {""url"": ""https://i.ytimg.com/vi/A9Ueg4xfUBU/mqdefault.jpg"", ""width"": 320, ""height"": 180}, ""high"": {""url"": ""https://i.ytimg.com/vi/A9Ueg4xfUBU/hqdefault.jpg"", ""width"": 480, ""height"": 360}, ""standard"": {""url"": ""https://i.ytimg.com/vi/A9Ueg4xfUBU/sddefault.jpg"", ""width"": 640, ""height"": 480}, ""maxres"": {""url"": ""https://i.ytimg.com/vi/A9Ueg4xfUBU/maxresdefault.jpg"", ""width"": 1280, ""height"": 720}}, ""channelTitle"": ""단비의 추천템"", ""tags"": [""데님셔츠"", ""데님셔츠추천"", ""데님셔츠후기"", ""데님셔츠구매후기"", ""데님셔츠가격비교"", ""데님셔츠가격"", ""데님셔츠순위"", ""데님셔츠사용기"", ""데님셔츠잘사는법"", ""데님셔츠구매리뷰"", ""데님셔츠리뷰"", ""쿠팡데님셔츠"", ""데님셔츠쿠팡""], ""categoryId"": ""22"", ""liveBroadcastContent"": ""none"", ""defaultLanguage"": ""ko"", ""localized"": {""title"": ""캐주얼한 데님셔츠로 멋스러운 오버핏 스타일을 연출해보세요! 흑청과 진청 셋업으로 다양한 코디가 가능해요 👕✨"", ""description"": ""이 포스팅은 쿠팡 파트너스 활동의 일환으로, 이에 따른 일정액의 수수료를 제공받습니다.\n💙상품정보 및 구매링크:: https://link.coupang.com/a/ekllpe2ldQ\n[00:00] 1. [룩미보이] 논페이드 데님 생지 오버핏 반팔 셔츠 흑청 진청 셋업\n- 논페이드 데님으로 깔끔한 연출  \n- 오버핏으로 편안한 착용감  \n- 흑청과 진청 셋업으로 다양하게  \n- 생지 원단으로 자연스러운 멋\n[27,900]\n\n위 제품들은 구매 시기에 따라 가격이 변동 될 수 있습니다.\n지금 바로 💙구매링크💙 확인해 주세요! \n오늘도 행복한 하루 되세요.\n감사합니다.\n\n#데님셔츠""}, ""defaultAudioLanguage"": ""ko""}, ""statistics"": {""viewCount"": ""1"", ""likeCount"": ""0"", ""favoriteCount"": ""0"", ""commentCount"": ""1""}}"
