canonical_keyword,keyword_set_mode,keyword,title,url,published_at,description,originallink,source,term,term_type,term_weight,collected_at,views,likes,comments,engagements,author,snippet,raw_payload,bloggername,bloggerlink
콜라,single_term_fallback,콜라,"&quot;월드컵 오전 특수를 잡아라&quot;…유통가, 북중미 맞춤형 마케팅 총력전",https://www.straightnews.co.kr/news/articleView.html?idxno=303220,2026-05-23 02:00:00+00:00,"LG생활건강은 코카<b>콜라</b> 트로피 진품을 국내 전시하는 소비자 체험행사를 지원한 데 이어, 여름 수분 보충 수요를 겨냥한 '파워에이드 월드컵 스페셜 패키지'를 편의점과 마트에 전진 배치했다. 다만 업계 내부에서는 이번... ",https://www.straightnews.co.kr/news/articleView.html?idxno=303220,naver_news,콜라,canonical,1.0,2026-05-26 11:01:39.370223+00:00,0,0,0,0,,"LG생활건강은 코카<b>콜라</b> 트로피 진품을 국내 전시하는 소비자 체험행사를 지원한 데 이어, 여름 수분 보충 수요를 겨냥한 '파워에이드 월드컵 스페셜 패키지'를 편의점과 마트에 전진 배치했다. 다만 업계 내부에서는 이번... ","{""title"": ""&quot;월드컵 오전 특수를 잡아라&quot;…유통가, 북중미 맞춤형 마케팅 총력전"", ""originallink"": ""https://www.straightnews.co.kr/news/articleView.html?idxno=303220"", ""link"": ""https://www.straightnews.co.kr/news/articleView.html?idxno=303220"", ""description"": ""LG생활건강은 코카<b>콜라</b> 트로피 진품을 국내 전시하는 소비자 체험행사를 지원한 데 이어, 여름 수분 보충 수요를 겨냥한 '파워에이드 월드컵 스페셜 패키지'를 편의점과 마트에 전진 배치했다. 다만 업계 내부에서는 이번... "", ""pubDate"": ""Sat, 23 May 2026 11:00:00 +0900""}",,
콜라,single_term_fallback,콜라,“간 망가지는 중” 의사가 알려주는 가장 확실한 징후는?,https://n.news.naver.com/mnews/article/346/0000110266?sid=103,2026-05-23 02:03:00+00:00,황달이나 담즙정체가 있으면 소변이 <b>콜라</b>색처럼 짙어질 수 있다. 빌리루빈이 소변으로 배출되기 때문이다. 그러나 거품이 생기는 경우는 간질환보다는 단백뇨 등 콩팥 질환과 더 관련이 깊다. ▶황달=담즙 대사에 문제가... ,https://health.chosun.com/site/data/html_dir/2026/05/22/2026052203380.html,naver_news,콜라,canonical,1.0,2026-05-26 11:01:39.370223+00:00,0,0,0,0,,황달이나 담즙정체가 있으면 소변이 <b>콜라</b>색처럼 짙어질 수 있다. 빌리루빈이 소변으로 배출되기 때문이다. 그러나 거품이 생기는 경우는 간질환보다는 단백뇨 등 콩팥 질환과 더 관련이 깊다. ▶황달=담즙 대사에 문제가... ,"{""title"": ""“간 망가지는 중” 의사가 알려주는 가장 확실한 징후는?"", ""originallink"": ""https://health.chosun.com/site/data/html_dir/2026/05/22/2026052203380.html"", ""link"": ""https://n.news.naver.com/mnews/article/346/0000110266?sid=103"", ""description"": ""황달이나 담즙정체가 있으면 소변이 <b>콜라</b>색처럼 짙어질 수 있다. 빌리루빈이 소변으로 배출되기 때문이다. 그러나 거품이 생기는 경우는 간질환보다는 단백뇨 등 콩팥 질환과 더 관련이 깊다. ▶황달=담즙 대사에 문제가... "", ""pubDate"": ""Sat, 23 May 2026 11:03:00 +0900""}",,
콜라,single_term_fallback,콜라,"윙스톱(WING), 매출·순익 동반 성장…3억 달러 자사주 매입에 투자자 ‘...",https://www.tokenpost.kr/news/market/362626,2026-05-23 03:54:00+00:00,"‘시트러스 모조’ 소스와 함께 코카<b>콜라</b> 프리스타일 기반 음료 ‘스프라이트 로코 라임’을 선보였고, 대마초 문화와 연결된 4/20 시즌에는 한정판 ‘핫 박스’를 출시했다. 또한 베이글 브랜드와 협업해 레몬 페퍼... ",https://www.tokenpost.kr/news/market/362626,naver_news,콜라,canonical,1.0,2026-05-26 11:01:39.370223+00:00,0,0,0,0,,"‘시트러스 모조’ 소스와 함께 코카<b>콜라</b> 프리스타일 기반 음료 ‘스프라이트 로코 라임’을 선보였고, 대마초 문화와 연결된 4/20 시즌에는 한정판 ‘핫 박스’를 출시했다. 또한 베이글 브랜드와 협업해 레몬 페퍼... ","{""title"": ""윙스톱(WING), 매출·순익 동반 성장…3억 달러 자사주 매입에 투자자 ‘..."", ""originallink"": ""https://www.tokenpost.kr/news/market/362626"", ""link"": ""https://www.tokenpost.kr/news/market/362626"", ""description"": ""‘시트러스 모조’ 소스와 함께 코카<b>콜라</b> 프리스타일 기반 음료 ‘스프라이트 로코 라임’을 선보였고, 대마초 문화와 연결된 4/20 시즌에는 한정판 ‘핫 박스’를 출시했다. 또한 베이글 브랜드와 협업해 레몬 페퍼... "", ""pubDate"": ""Sat, 23 May 2026 12:54:00 +0900""}",,
콜라,single_term_fallback,콜라,앤디워홀의 '청량한 브랜드' 속으로,https://www.cctoday.co.kr/news/articleView.html?idxno=2230606,2026-05-23 04:28:00+00:00,"은색 페인트를 칠한 코카<b>콜라</b> 병에 저렴한 향수를 채운 '유어 인'(1967)도 눈길을 끈다. 당시 코카<b>콜라</b> 회사는 상표권 항의와 제작 중단을 요청했지만, 이 청량한 반전은 2017년 꼼데가르송이 동명의 향수를 출시하며... ",https://www.cctoday.co.kr/news/articleView.html?idxno=2230606,naver_news,콜라,canonical,1.0,2026-05-26 11:01:39.370223+00:00,0,0,0,0,,"은색 페인트를 칠한 코카<b>콜라</b> 병에 저렴한 향수를 채운 '유어 인'(1967)도 눈길을 끈다. 당시 코카<b>콜라</b> 회사는 상표권 항의와 제작 중단을 요청했지만, 이 청량한 반전은 2017년 꼼데가르송이 동명의 향수를 출시하며... ","{""title"": ""앤디워홀의 '청량한 브랜드' 속으로"", ""originallink"": ""https://www.cctoday.co.kr/news/articleView.html?idxno=2230606"", ""link"": ""https://www.cctoday.co.kr/news/articleView.html?idxno=2230606"", ""description"": ""은색 페인트를 칠한 코카<b>콜라</b> 병에 저렴한 향수를 채운 '유어 인'(1967)도 눈길을 끈다. 당시 코카<b>콜라</b> 회사는 상표권 항의와 제작 중단을 요청했지만, 이 청량한 반전은 2017년 꼼데가르송이 동명의 향수를 출시하며... "", ""pubDate"": ""Sat, 23 May 2026 13:28:00 +0900""}",,
콜라,single_term_fallback,콜라,"[유통체크업] 편의점, 여름 겨냥 차별화 음료 강화",http://www.the-biz.co.kr/news/articleView.html?idxno=721185,2026-05-23 05:00:00+00:00,편의점 CU는 다가오는 여름철 음료 매출 강화를 위해 '애사비 <b>콜라</b> 제로'를 출시하며 '헬씨 소다'의 영역을... 애사비 '<b>콜라</b>' 플레이버도 선보인다. 해당 제품은 헬씨 소다의 주요 인기 상품인 '애플 사이다 비네거(애사비)... ,http://www.the-biz.co.kr/news/articleView.html?idxno=721185,naver_news,콜라,canonical,1.0,2026-05-26 11:01:39.370223+00:00,0,0,0,0,,편의점 CU는 다가오는 여름철 음료 매출 강화를 위해 '애사비 <b>콜라</b> 제로'를 출시하며 '헬씨 소다'의 영역을... 애사비 '<b>콜라</b>' 플레이버도 선보인다. 해당 제품은 헬씨 소다의 주요 인기 상품인 '애플 사이다 비네거(애사비)... ,"{""title"": ""[유통체크업] 편의점, 여름 겨냥 차별화 음료 강화"", ""originallink"": ""http://www.the-biz.co.kr/news/articleView.html?idxno=721185"", ""link"": ""http://www.the-biz.co.kr/news/articleView.html?idxno=721185"", ""description"": ""편의점 CU는 다가오는 여름철 음료 매출 강화를 위해 '애사비 <b>콜라</b> 제로'를 출시하며 '헬씨 소다'의 영역을... 애사비 '<b>콜라</b>' 플레이버도 선보인다. 해당 제품은 헬씨 소다의 주요 인기 상품인 '애플 사이다 비네거(애사비)... "", ""pubDate"": ""Sat, 23 May 2026 14:00:00 +0900""}",,
콜라,single_term_fallback,콜라,"이제 진짜 설탕 끊어야 할 나이, 단 4주 만에 당 섭취 줄이는 전문가 꿀...",https://www.gqkorea.co.kr/2026/05/23/%ec%9d%b4%ec%a0%9c-%ec%a7%84%ec%a7%9c-%ec%84%a4%ed%83%95-%eb%81%8a%ec%96%b4%ec%95%bc-%ed%95%a0-%eb%82%98%ec%9d%b4-%eb%8b%a8-4%ec%a3%bc-%eb%a7%8c%ec%97%90-%eb%8b%b9-%ec%84%ad%ec%b7%a8-%ec%a4%84/?utm_source=naver&utm_medium=partnership,2026-05-23 07:37:00+00:00,"하지만 풀슈거 코카<b>콜라</b>를 끊어본 사람이라면 알겠지만, 설탕은 담배나 술 같은 중독성 물질과 상당히 비슷한 특성을 가진다. “설탕은 약물이나 술처럼 뇌의 보상 시스템을 활성화해 도파민 같은 기분 좋은 호르몬을... ",https://www.gqkorea.co.kr/2026/05/23/%ec%9d%b4%ec%a0%9c-%ec%a7%84%ec%a7%9c-%ec%84%a4%ed%83%95-%eb%81%8a%ec%96%b4%ec%95%bc-%ed%95%a0-%eb%82%98%ec%9d%b4-%eb%8b%a8-4%ec%a3%bc-%eb%a7%8c%ec%97%90-%eb%8b%b9-%ec%84%ad%ec%b7%a8-%ec%a4%84/?utm_source=naver&utm_medium=partnership,naver_news,콜라,canonical,1.0,2026-05-26 11:01:39.370223+00:00,0,0,0,0,,"하지만 풀슈거 코카<b>콜라</b>를 끊어본 사람이라면 알겠지만, 설탕은 담배나 술 같은 중독성 물질과 상당히 비슷한 특성을 가진다. “설탕은 약물이나 술처럼 뇌의 보상 시스템을 활성화해 도파민 같은 기분 좋은 호르몬을... ","{""title"": ""이제 진짜 설탕 끊어야 할 나이, 단 4주 만에 당 섭취 줄이는 전문가 꿀..."", ""originallink"": ""https://www.gqkorea.co.kr/2026/05/23/%ec%9d%b4%ec%a0%9c-%ec%a7%84%ec%a7%9c-%ec%84%a4%ed%83%95-%eb%81%8a%ec%96%b4%ec%95%bc-%ed%95%a0-%eb%82%98%ec%9d%b4-%eb%8b%a8-4%ec%a3%bc-%eb%a7%8c%ec%97%90-%eb%8b%b9-%ec%84%ad%ec%b7%a8-%ec%a4%84/?utm_source=naver&utm_medium=partnership"", ""link"": ""https://www.gqkorea.co.kr/2026/05/23/%ec%9d%b4%ec%a0%9c-%ec%a7%84%ec%a7%9c-%ec%84%a4%ed%83%95-%eb%81%8a%ec%96%b4%ec%95%bc-%ed%95%a0-%eb%82%98%ec%9d%b4-%eb%8b%a8-4%ec%a3%bc-%eb%a7%8c%ec%97%90-%eb%8b%b9-%ec%84%ad%ec%b7%a8-%ec%a4%84/?utm_source=naver&utm_medium=partnership"", ""description"": ""하지만 풀슈거 코카<b>콜라</b>를 끊어본 사람이라면 알겠지만, 설탕은 담배나 술 같은 중독성 물질과 상당히 비슷한 특성을 가진다. “설탕은 약물이나 술처럼 뇌의 보상 시스템을 활성화해 도파민 같은 기분 좋은 호르몬을... "", ""pubDate"": ""Sat, 23 May 2026 16:37:00 +0900""}",,
콜라,single_term_fallback,콜라,투자의 신이 찾아낸 절대 안 잃는 법…찰리 멍거의 엉덩이 투자법 핵심...,https://www.wikitree.co.kr/articles/1137546,2026-05-23 11:08:00+00:00,멍거의 이러한 철학적 전환이 없었다면 코카<b>콜라</b>와 애플 등 경제적 해자를 갖춘 우량 기업을 대규모로 장기 보유하는 현재의 버크셔 해서웨이 포트폴리오는 존재하지 않았다. 경제적 해자는 경쟁사가 쉽게 넘볼 수 없는... ,https://www.wikitree.co.kr/articles/1137546,naver_news,콜라,canonical,1.0,2026-05-26 11:01:39.370223+00:00,0,0,0,0,,멍거의 이러한 철학적 전환이 없었다면 코카<b>콜라</b>와 애플 등 경제적 해자를 갖춘 우량 기업을 대규모로 장기 보유하는 현재의 버크셔 해서웨이 포트폴리오는 존재하지 않았다. 경제적 해자는 경쟁사가 쉽게 넘볼 수 없는... ,"{""title"": ""투자의 신이 찾아낸 절대 안 잃는 법…찰리 멍거의 엉덩이 투자법 핵심..."", ""originallink"": ""https://www.wikitree.co.kr/articles/1137546"", ""link"": ""https://www.wikitree.co.kr/articles/1137546"", ""description"": ""멍거의 이러한 철학적 전환이 없었다면 코카<b>콜라</b>와 애플 등 경제적 해자를 갖춘 우량 기업을 대규모로 장기 보유하는 현재의 버크셔 해서웨이 포트폴리오는 존재하지 않았다. 경제적 해자는 경쟁사가 쉽게 넘볼 수 없는... "", ""pubDate"": ""Sat, 23 May 2026 20:08:00 +0900""}",,
콜라,single_term_fallback,콜라,&quot;미국 최고의 상남자&quot; 41세에 별세 충격…갑작스럽게 세상 떠난 美 레이...,https://m.sports.naver.com/general/article/477/0000610225,2026-05-23 17:36:00+00:00,"한편 일각에선 부쉬의 사망으로 NASCAR가 메이저 이벤트인 코카<b>콜라</b> 600 개최를 취소할 수 있다는 전망도 나왔지만, 오도넬 CEO는 &quot;실제로 진지하게 검토된 적은 없다&quot;고 선을 그었다. 오히려 &quot;카일 부쉬라면 우리가... ",https://www.spotvnews.co.kr/news/articleView.html?idxno=818537,naver_news,콜라,canonical,1.0,2026-05-26 11:01:39.370223+00:00,0,0,0,0,,"한편 일각에선 부쉬의 사망으로 NASCAR가 메이저 이벤트인 코카<b>콜라</b> 600 개최를 취소할 수 있다는 전망도 나왔지만, 오도넬 CEO는 &quot;실제로 진지하게 검토된 적은 없다&quot;고 선을 그었다. 오히려 &quot;카일 부쉬라면 우리가... ","{""title"": ""&quot;미국 최고의 상남자&quot; 41세에 별세 충격…갑작스럽게 세상 떠난 美 레이..."", ""originallink"": ""https://www.spotvnews.co.kr/news/articleView.html?idxno=818537"", ""link"": ""https://m.sports.naver.com/general/article/477/0000610225"", ""description"": ""한편 일각에선 부쉬의 사망으로 NASCAR가 메이저 이벤트인 코카<b>콜라</b> 600 개최를 취소할 수 있다는 전망도 나왔지만, 오도넬 CEO는 &quot;실제로 진지하게 검토된 적은 없다&quot;고 선을 그었다. 오히려 &quot;카일 부쉬라면 우리가... "", ""pubDate"": ""Sun, 24 May 2026 02:36:00 +0900""}",,
콜라,single_term_fallback,콜라,버핏 후계자도 안 팔았다…3000달러로 살 ‘버핏 주식’ 3선,https://www.g-enews.com/view.php?ud=2026052318450616979a1f309431_1,2026-05-23 18:02:00+00:00,코카<b>콜라</b>·알파벳·앨리파이낸셜 등 일부 핵심 종목은 유지하면서 장기 투자 기조를 이어가고 있어... ◇배당 강자 코카<b>콜라</b> 가장 대표적인 종목으로는 코카<b>콜라</b>를 꼽혔다. 버크셔해서웨이는 현재 코카<b>콜라</b> 주식... ,https://www.g-enews.com/view.php?ud=2026052318450616979a1f309431_1,naver_news,콜라,canonical,1.0,2026-05-26 11:01:39.370223+00:00,0,0,0,0,,코카<b>콜라</b>·알파벳·앨리파이낸셜 등 일부 핵심 종목은 유지하면서 장기 투자 기조를 이어가고 있어... ◇배당 강자 코카<b>콜라</b> 가장 대표적인 종목으로는 코카<b>콜라</b>를 꼽혔다. 버크셔해서웨이는 현재 코카<b>콜라</b> 주식... ,"{""title"": ""버핏 후계자도 안 팔았다…3000달러로 살 ‘버핏 주식’ 3선"", ""originallink"": ""https://www.g-enews.com/view.php?ud=2026052318450616979a1f309431_1"", ""link"": ""https://www.g-enews.com/view.php?ud=2026052318450616979a1f309431_1"", ""description"": ""코카<b>콜라</b>·알파벳·앨리파이낸셜 등 일부 핵심 종목은 유지하면서 장기 투자 기조를 이어가고 있어... ◇배당 강자 코카<b>콜라</b> 가장 대표적인 종목으로는 코카<b>콜라</b>를 꼽혔다. 버크셔해서웨이는 현재 코카<b>콜라</b> 주식... "", ""pubDate"": ""Sun, 24 May 2026 03:02:00 +0900""}",,
콜라,single_term_fallback,콜라,"대회 출전 앞둔 미국 최고 드라이버 카일 부시, 41세 별세",https://m.sports.naver.com/general/article/144/0001117011,2026-05-23 21:06:00+00:00,부시는 오는 25일 미국 노스캐롤라이나주 샬럿 모터스피드웨이에서 열리는 코카<b>콜라</b> 600 출전을 앞두고 있었다. AP통신은 익명을 요구한 복수 관계자를 인용해 “부시가 22일 레이싱 시뮬레이터 테스트 도중 의식을 잃었고... ,https://sports.khan.co.kr/article/202605240605003?pt=nv,naver_news,콜라,canonical,1.0,2026-05-26 11:01:39.370223+00:00,0,0,0,0,,부시는 오는 25일 미국 노스캐롤라이나주 샬럿 모터스피드웨이에서 열리는 코카<b>콜라</b> 600 출전을 앞두고 있었다. AP통신은 익명을 요구한 복수 관계자를 인용해 “부시가 22일 레이싱 시뮬레이터 테스트 도중 의식을 잃었고... ,"{""title"": ""대회 출전 앞둔 미국 최고 드라이버 카일 부시, 41세 별세"", ""originallink"": ""https://sports.khan.co.kr/article/202605240605003?pt=nv"", ""link"": ""https://m.sports.naver.com/general/article/144/0001117011"", ""description"": ""부시는 오는 25일 미국 노스캐롤라이나주 샬럿 모터스피드웨이에서 열리는 코카<b>콜라</b> 600 출전을 앞두고 있었다. AP통신은 익명을 요구한 복수 관계자를 인용해 “부시가 22일 레이싱 시뮬레이터 테스트 도중 의식을 잃었고... "", ""pubDate"": ""Sun, 24 May 2026 06:06:00 +0900""}",,
콜라,single_term_fallback,콜라,"한국 코카<b>콜라</b>, 청소년 40명에게 장학금 1억2천만원 수여",https://n.news.naver.com/mnews/article/001/0016096004?sid=101,2026-05-23 23:50:00+00:00,"한국 코카<b>콜라</b>는 지난 23일 '2026 코카-<b>콜라</b> 장학금 수여식'을 열고 전국 각지에서 선발된 청소년 40명에게 1인당 300만원씩, 모두 1억2천만원 규모의 장학금을 수여했다고 24일 밝혔다. 코카-<b>콜라</b> 장학금은 미래세대의 꿈과... ",https://www.yna.co.kr/view/AKR20260524011300030?input=1195m,naver_news,콜라,canonical,1.0,2026-05-26 11:01:39.370223+00:00,0,0,0,0,,"한국 코카<b>콜라</b>는 지난 23일 '2026 코카-<b>콜라</b> 장학금 수여식'을 열고 전국 각지에서 선발된 청소년 40명에게 1인당 300만원씩, 모두 1억2천만원 규모의 장학금을 수여했다고 24일 밝혔다. 코카-<b>콜라</b> 장학금은 미래세대의 꿈과... ","{""title"": ""한국 코카<b>콜라</b>, 청소년 40명에게 장학금 1억2천만원 수여"", ""originallink"": ""https://www.yna.co.kr/view/AKR20260524011300030?input=1195m"", ""link"": ""https://n.news.naver.com/mnews/article/001/0016096004?sid=101"", ""description"": ""한국 코카<b>콜라</b>는 지난 23일 '2026 코카-<b>콜라</b> 장학금 수여식'을 열고 전국 각지에서 선발된 청소년 40명에게 1인당 300만원씩, 모두 1억2천만원 규모의 장학금을 수여했다고 24일 밝혔다. 코카-<b>콜라</b> 장학금은 미래세대의 꿈과... "", ""pubDate"": ""Sun, 24 May 2026 08:50:00 +0900""}",,
콜라,single_term_fallback,콜라,"소비재서 중공업, 이젠 AI·반도체로…두산, 5조 빅딜로 DNA 깨웠다[시그...",https://n.news.naver.com/mnews/article/011/0004624005?sid=101,2026-05-24 00:01:00+00:00,"오비맥주를 비롯해 코카<b>콜라</b>, 3M 지분, 버거킹(두산식품), 주류사업부(처음처럼) 등 10여 개 주력 소비재 사업을 과감히 정리했다. 이때 확보한 막대한 현금은 2000년대 두산이 중공업 그룹으로 도약하는 강력한... ",https://www.sedaily.com/article/20047611?ref=naver,naver_news,콜라,canonical,1.0,2026-05-26 11:01:39.370223+00:00,0,0,0,0,,"오비맥주를 비롯해 코카<b>콜라</b>, 3M 지분, 버거킹(두산식품), 주류사업부(처음처럼) 등 10여 개 주력 소비재 사업을 과감히 정리했다. 이때 확보한 막대한 현금은 2000년대 두산이 중공업 그룹으로 도약하는 강력한... ","{""title"": ""소비재서 중공업, 이젠 AI·반도체로…두산, 5조 빅딜로 DNA 깨웠다[시그..."", ""originallink"": ""https://www.sedaily.com/article/20047611?ref=naver"", ""link"": ""https://n.news.naver.com/mnews/article/011/0004624005?sid=101"", ""description"": ""오비맥주를 비롯해 코카<b>콜라</b>, 3M 지분, 버거킹(두산식품), 주류사업부(처음처럼) 등 10여 개 주력 소비재 사업을 과감히 정리했다. 이때 확보한 막대한 현금은 2000년대 두산이 중공업 그룹으로 도약하는 강력한... "", ""pubDate"": ""Sun, 24 May 2026 09:01:00 +0900""}",,
콜라,single_term_fallback,콜라,[유통가 나눔]한국 코카-<b>콜라</b> '장학금 수여식'·배민 '응원도시락' 캠페...,https://www.slist.kr/news/articleView.html?idxno=740986,2026-05-24 00:16:00+00:00,"사진=한국 코카-<b>콜라</b>사 한국 코카-<b>콜라</b>사가 지난 23일 서울 본사에서 '2026 코카-<b>콜라</b> 장학금 수여식'을 진행했다. 전국 각지에서 선발된 40명의 청소년에게 1인당 300만 원씩, 총 1억 2,000만 원 규모의 장학금이 수여됐다.... ",https://www.slist.kr/news/articleView.html?idxno=740986,naver_news,콜라,canonical,1.0,2026-05-26 11:01:39.370223+00:00,0,0,0,0,,"사진=한국 코카-<b>콜라</b>사 한국 코카-<b>콜라</b>사가 지난 23일 서울 본사에서 '2026 코카-<b>콜라</b> 장학금 수여식'을 진행했다. 전국 각지에서 선발된 40명의 청소년에게 1인당 300만 원씩, 총 1억 2,000만 원 규모의 장학금이 수여됐다.... ","{""title"": ""[유통가 나눔]한국 코카-<b>콜라</b> '장학금 수여식'·배민 '응원도시락' 캠페..."", ""originallink"": ""https://www.slist.kr/news/articleView.html?idxno=740986"", ""link"": ""https://www.slist.kr/news/articleView.html?idxno=740986"", ""description"": ""사진=한국 코카-<b>콜라</b>사 한국 코카-<b>콜라</b>사가 지난 23일 서울 본사에서 '2026 코카-<b>콜라</b> 장학금 수여식'을 진행했다. 전국 각지에서 선발된 40명의 청소년에게 1인당 300만 원씩, 총 1억 2,000만 원 규모의 장학금이 수여됐다.... "", ""pubDate"": ""Sun, 24 May 2026 09:16:00 +0900""}",,
콜라,single_term_fallback,콜라,"[리얼푸드] 한국 코카-<b>콜라</b>, ‘2026 장학금 수여식’ …차범근 “과거 장...",https://www.realfoods.co.kr/article/10755105?ref=naver,2026-05-24 00:20:00+00:00,이준엽(왼쪽) 한국 코카-<b>콜라</b> 대표가 ‘2026 코카-<b>콜라</b> 장학금 수여식’에서 환영사를 전하고 있다. [코카<b>콜라</b> 제공] 한국 코카-<b>콜라</b>사가 ‘2026 코카-<b>콜라</b> 장학금 수여식’을 진행했다고 24일 밝혔다. 지난 23일 서울... ,https://www.realfoods.co.kr/article/10755105?ref=naver,naver_news,콜라,canonical,1.0,2026-05-26 11:01:39.370223+00:00,0,0,0,0,,이준엽(왼쪽) 한국 코카-<b>콜라</b> 대표가 ‘2026 코카-<b>콜라</b> 장학금 수여식’에서 환영사를 전하고 있다. [코카<b>콜라</b> 제공] 한국 코카-<b>콜라</b>사가 ‘2026 코카-<b>콜라</b> 장학금 수여식’을 진행했다고 24일 밝혔다. 지난 23일 서울... ,"{""title"": ""[리얼푸드] 한국 코카-<b>콜라</b>, ‘2026 장학금 수여식’ …차범근 “과거 장..."", ""originallink"": ""https://www.realfoods.co.kr/article/10755105?ref=naver"", ""link"": ""https://www.realfoods.co.kr/article/10755105?ref=naver"", ""description"": ""이준엽(왼쪽) 한국 코카-<b>콜라</b> 대표가 ‘2026 코카-<b>콜라</b> 장학금 수여식’에서 환영사를 전하고 있다. [코카<b>콜라</b> 제공] 한국 코카-<b>콜라</b>사가 ‘2026 코카-<b>콜라</b> 장학금 수여식’을 진행했다고 24일 밝혔다. 지난 23일 서울... "", ""pubDate"": ""Sun, 24 May 2026 09:20:00 +0900""}",,
콜라,single_term_fallback,콜라,월드컵 앞두고 멕시코에 등장한 거대 비빔밥…&quot;'최애 음식'이죠&quot;,https://n.news.naver.com/mnews/article/001/0016096151?sid=104,2026-05-24 02:04:00+00:00,"주멕시코 남아프리카공화국의 말로세 <b>콜라</b> 정무 참사관은 &quot;북중미 월드컵에서 남아공은 내달 11일 멕시코와 개막전을 치른다&quot;며 &quot;이번 월드컵 우승국은 남아공이다. 우리나라를 제외한, 앞으로 패배하게 될 모든 나라들에... ",https://www.yna.co.kr/view/AKR20260524016400087?input=1195m,naver_news,콜라,canonical,1.0,2026-05-26 11:01:39.370223+00:00,0,0,0,0,,"주멕시코 남아프리카공화국의 말로세 <b>콜라</b> 정무 참사관은 &quot;북중미 월드컵에서 남아공은 내달 11일 멕시코와 개막전을 치른다&quot;며 &quot;이번 월드컵 우승국은 남아공이다. 우리나라를 제외한, 앞으로 패배하게 될 모든 나라들에... ","{""title"": ""월드컵 앞두고 멕시코에 등장한 거대 비빔밥…&quot;'최애 음식'이죠&quot;"", ""originallink"": ""https://www.yna.co.kr/view/AKR20260524016400087?input=1195m"", ""link"": ""https://n.news.naver.com/mnews/article/001/0016096151?sid=104"", ""description"": ""주멕시코 남아프리카공화국의 말로세 <b>콜라</b> 정무 참사관은 &quot;북중미 월드컵에서 남아공은 내달 11일 멕시코와 개막전을 치른다&quot;며 &quot;이번 월드컵 우승국은 남아공이다. 우리나라를 제외한, 앞으로 패배하게 될 모든 나라들에... "", ""pubDate"": ""Sun, 24 May 2026 11:04:00 +0900""}",,
콜라,single_term_fallback,콜라,[현장] &quot;걸음이 기부로&quot; 맥도날드 해피워크 2억8467만 원 조성…첫 수도...,https://www.onews.tv/news/articleView.html?idxno=280614,2026-05-24 02:06:00+00:00,"매일유업, 오뚜기, 코카-<b>콜라</b>, 에쓰푸드, 델몬트, 선진FS, 가농바이오, 타이슨푸드코리아, 마틴브라워코리아, 빔보QSR 코리아, 풀무원, CJ제일제당, 하나은행 등이 공식 후원사로 참여해 이벤트 부스와 경품을 제공했다.... ",https://www.onews.tv/news/articleView.html?idxno=280614,naver_news,콜라,canonical,1.0,2026-05-26 11:01:39.370223+00:00,0,0,0,0,,"매일유업, 오뚜기, 코카-<b>콜라</b>, 에쓰푸드, 델몬트, 선진FS, 가농바이오, 타이슨푸드코리아, 마틴브라워코리아, 빔보QSR 코리아, 풀무원, CJ제일제당, 하나은행 등이 공식 후원사로 참여해 이벤트 부스와 경품을 제공했다.... ","{""title"": ""[현장] &quot;걸음이 기부로&quot; 맥도날드 해피워크 2억8467만 원 조성…첫 수도..."", ""originallink"": ""https://www.onews.tv/news/articleView.html?idxno=280614"", ""link"": ""https://www.onews.tv/news/articleView.html?idxno=280614"", ""description"": ""매일유업, 오뚜기, 코카-<b>콜라</b>, 에쓰푸드, 델몬트, 선진FS, 가농바이오, 타이슨푸드코리아, 마틴브라워코리아, 빔보QSR 코리아, 풀무원, CJ제일제당, 하나은행 등이 공식 후원사로 참여해 이벤트 부스와 경품을 제공했다.... "", ""pubDate"": ""Sun, 24 May 2026 11:06:00 +0900""}",,
콜라,single_term_fallback,콜라,"[경제소식] 한화생명, 63빌딩 수직마라톤 '63RUN' 개최",http://www.4th.kr/news/articleView.html?idxno=2112187,2026-05-24 02:18:00+00:00,"한국 코카-<b>콜라</b>가 청소년들의 꿈을 응원하는 '2026 코카-<b>콜라</b> 장학금 수여식'을 2026년 5월 23일 진행했다. 수여식에 참석한 이준엽 한국코카<b>콜라</b> 대표(오른쪽에서 세번째), 차범근 전 축구 국가대표 감독(네번째), 장학생... ",http://www.4th.kr/news/articleView.html?idxno=2112187,naver_news,콜라,canonical,1.0,2026-05-26 11:01:39.370223+00:00,0,0,0,0,,"한국 코카-<b>콜라</b>가 청소년들의 꿈을 응원하는 '2026 코카-<b>콜라</b> 장학금 수여식'을 2026년 5월 23일 진행했다. 수여식에 참석한 이준엽 한국코카<b>콜라</b> 대표(오른쪽에서 세번째), 차범근 전 축구 국가대표 감독(네번째), 장학생... ","{""title"": ""[경제소식] 한화생명, 63빌딩 수직마라톤 '63RUN' 개최"", ""originallink"": ""http://www.4th.kr/news/articleView.html?idxno=2112187"", ""link"": ""http://www.4th.kr/news/articleView.html?idxno=2112187"", ""description"": ""한국 코카-<b>콜라</b>가 청소년들의 꿈을 응원하는 '2026 코카-<b>콜라</b> 장학금 수여식'을 2026년 5월 23일 진행했다. 수여식에 참석한 이준엽 한국코카<b>콜라</b> 대표(오른쪽에서 세번째), 차범근 전 축구 국가대표 감독(네번째), 장학생... "", ""pubDate"": ""Sun, 24 May 2026 11:18:00 +0900""}",,
콜라,single_term_fallback,콜라,"한국코카<b>콜라</b>, 청소년 40명에게 장학금 총 1억 2,000만 원 전달 … 미래...",http://www.worktoday.co.kr/news/articleView.html?idxno=84913,2026-05-24 02:38:00+00:00,"한국 코카-<b>콜라</b>가 청소년들의 꿈을 응원하는 '2026 코카-<b>콜라</b> 장학금 수여식'을 23일 진행했다. 이날 '2026 코카-<b>콜라</b> 장학금 수여식'에서는 리더십, 사회통합, 환경, 다양성, 스포츠 등 5개 부문에 걸쳐 총 40명의 장학생이... ",http://www.worktoday.co.kr/news/articleView.html?idxno=84913,naver_news,콜라,canonical,1.0,2026-05-26 11:01:39.370223+00:00,0,0,0,0,,"한국 코카-<b>콜라</b>가 청소년들의 꿈을 응원하는 '2026 코카-<b>콜라</b> 장학금 수여식'을 23일 진행했다. 이날 '2026 코카-<b>콜라</b> 장학금 수여식'에서는 리더십, 사회통합, 환경, 다양성, 스포츠 등 5개 부문에 걸쳐 총 40명의 장학생이... ","{""title"": ""한국코카<b>콜라</b>, 청소년 40명에게 장학금 총 1억 2,000만 원 전달 … 미래..."", ""originallink"": ""http://www.worktoday.co.kr/news/articleView.html?idxno=84913"", ""link"": ""http://www.worktoday.co.kr/news/articleView.html?idxno=84913"", ""description"": ""한국 코카-<b>콜라</b>가 청소년들의 꿈을 응원하는 '2026 코카-<b>콜라</b> 장학금 수여식'을 23일 진행했다. 이날 '2026 코카-<b>콜라</b> 장학금 수여식'에서는 리더십, 사회통합, 환경, 다양성, 스포츠 등 5개 부문에 걸쳐 총 40명의 장학생이... "", ""pubDate"": ""Sun, 24 May 2026 11:38:00 +0900""}",,
콜라,single_term_fallback,콜라,"한국 코카<b>콜라</b>, 청소년 40명에 장학금 1억 2천만원 전달",https://n.news.naver.com/mnews/article/422/0000867935?sid=101,2026-05-24 03:05:00+00:00,한국 코카<b>콜라</b>는 지난 23일 ‘2026 코카-<b>콜라</b> 장학금 수여식’을 열고 전국 청소년 40명에게 총 1억2천만원 규모의 장학금을 전달했다고 밝혔습니다. 장학생들에게는 1인당 300만원씩 지급됐습니다. 코카-<b>콜라</b> 장학금은... ,http://www.yonhapnewstv.co.kr/news/AKR20260524120430hWS,naver_news,콜라,canonical,1.0,2026-05-26 11:01:39.370223+00:00,0,0,0,0,,한국 코카<b>콜라</b>는 지난 23일 ‘2026 코카-<b>콜라</b> 장학금 수여식’을 열고 전국 청소년 40명에게 총 1억2천만원 규모의 장학금을 전달했다고 밝혔습니다. 장학생들에게는 1인당 300만원씩 지급됐습니다. 코카-<b>콜라</b> 장학금은... ,"{""title"": ""한국 코카<b>콜라</b>, 청소년 40명에 장학금 1억 2천만원 전달"", ""originallink"": ""http://www.yonhapnewstv.co.kr/news/AKR20260524120430hWS"", ""link"": ""https://n.news.naver.com/mnews/article/422/0000867935?sid=101"", ""description"": ""한국 코카<b>콜라</b>는 지난 23일 ‘2026 코카-<b>콜라</b> 장학금 수여식’을 열고 전국 청소년 40명에게 총 1억2천만원 규모의 장학금을 전달했다고 밝혔습니다. 장학생들에게는 1인당 300만원씩 지급됐습니다. 코카-<b>콜라</b> 장학금은... "", ""pubDate"": ""Sun, 24 May 2026 12:05:00 +0900""}",,
콜라,single_term_fallback,콜라,'41세 레이서' 갑작스런 사망에도…&quot;레이스는 계속 된다&quot; 美 나스카 회장...,https://m.sports.naver.com/general/article/311/0002014702,2026-05-24 03:25:00+00:00,오도넬은 나스카가 24일 열리는 '코카<b>콜라</b> 600' 레이스 취소를 고려하는지 질문을 받았고 이에 &quot;정당한 질문이라고 생각한다&quot;라며 &quot;하지만 우리 사진과 가족 간의 최소한의 대화가 이루어졌다는 것을 보면 부시가 우리가... ,https://www.xportsnews.com/article/2152603,naver_news,콜라,canonical,1.0,2026-05-26 11:01:39.370223+00:00,0,0,0,0,,오도넬은 나스카가 24일 열리는 '코카<b>콜라</b> 600' 레이스 취소를 고려하는지 질문을 받았고 이에 &quot;정당한 질문이라고 생각한다&quot;라며 &quot;하지만 우리 사진과 가족 간의 최소한의 대화가 이루어졌다는 것을 보면 부시가 우리가... ,"{""title"": ""'41세 레이서' 갑작스런 사망에도…&quot;레이스는 계속 된다&quot; 美 나스카 회장..."", ""originallink"": ""https://www.xportsnews.com/article/2152603"", ""link"": ""https://m.sports.naver.com/general/article/311/0002014702"", ""description"": ""오도넬은 나스카가 24일 열리는 '코카<b>콜라</b> 600' 레이스 취소를 고려하는지 질문을 받았고 이에 &quot;정당한 질문이라고 생각한다&quot;라며 &quot;하지만 우리 사진과 가족 간의 최소한의 대화가 이루어졌다는 것을 보면 부시가 우리가... "", ""pubDate"": ""Sun, 24 May 2026 12:25:00 +0900""}",,
콜라,single_term_fallback,콜라,"6·3 지방선거 D-10, 여야 대표 일제히 불심 공략",https://n.news.naver.com/mnews/article/052/0002357285?sid=004,2026-05-24 03:42:00+00:00,"그런데 이제는 거기서 끝내는 것이 아니라 선거를 앞둔 이 시점에서 특정 업체, 그러니까 신세계의 정용진 회장이라든가 미국의 상징적인 회사라고 할 수 있는 스타벅스, 코카<b>콜라</b>, 애플, 이런 부분인데 지난번에 몇 달... ",https://www.ytn.co.kr/_ln/0101_202605241242281133,naver_news,콜라,canonical,1.0,2026-05-26 11:01:39.370223+00:00,0,0,0,0,,"그런데 이제는 거기서 끝내는 것이 아니라 선거를 앞둔 이 시점에서 특정 업체, 그러니까 신세계의 정용진 회장이라든가 미국의 상징적인 회사라고 할 수 있는 스타벅스, 코카<b>콜라</b>, 애플, 이런 부분인데 지난번에 몇 달... ","{""title"": ""6·3 지방선거 D-10, 여야 대표 일제히 불심 공략"", ""originallink"": ""https://www.ytn.co.kr/_ln/0101_202605241242281133"", ""link"": ""https://n.news.naver.com/mnews/article/052/0002357285?sid=004"", ""description"": ""그런데 이제는 거기서 끝내는 것이 아니라 선거를 앞둔 이 시점에서 특정 업체, 그러니까 신세계의 정용진 회장이라든가 미국의 상징적인 회사라고 할 수 있는 스타벅스, 코카<b>콜라</b>, 애플, 이런 부분인데 지난번에 몇 달... "", ""pubDate"": ""Sun, 24 May 2026 12:42:00 +0900""}",,
콜라,single_term_fallback,콜라,[르포] &quot;엄마 손 잡고 해피워크&quot; … 문학경기장 가득 메운 맥도날드 '노...,https://biz.newdaily.co.kr/site/data/html/2026/05/24/2026052400023.html,2026-05-24 03:54:00+00:00,"매일유업과 오뚜기, 코카-<b>콜라</b>, CJ제일제당, 하나은행 등 주요 협력사들은 게임과 이벤트를 운영하며 참가자들에게 음료와 간식, 굿즈 등을 제공했다. 매일유업과 오뚜기는 각각 룰렛과, 창립 55주년을 기념한 스톱워치 5.... ",https://biz.newdaily.co.kr/site/data/html/2026/05/24/2026052400023.html,naver_news,콜라,canonical,1.0,2026-05-26 11:01:39.370223+00:00,0,0,0,0,,"매일유업과 오뚜기, 코카-<b>콜라</b>, CJ제일제당, 하나은행 등 주요 협력사들은 게임과 이벤트를 운영하며 참가자들에게 음료와 간식, 굿즈 등을 제공했다. 매일유업과 오뚜기는 각각 룰렛과, 창립 55주년을 기념한 스톱워치 5.... ","{""title"": ""[르포] &quot;엄마 손 잡고 해피워크&quot; … 문학경기장 가득 메운 맥도날드 '노..."", ""originallink"": ""https://biz.newdaily.co.kr/site/data/html/2026/05/24/2026052400023.html"", ""link"": ""https://biz.newdaily.co.kr/site/data/html/2026/05/24/2026052400023.html"", ""description"": ""매일유업과 오뚜기, 코카-<b>콜라</b>, CJ제일제당, 하나은행 등 주요 협력사들은 게임과 이벤트를 운영하며 참가자들에게 음료와 간식, 굿즈 등을 제공했다. 매일유업과 오뚜기는 각각 룰렛과, 창립 55주년을 기념한 스톱워치 5.... "", ""pubDate"": ""Sun, 24 May 2026 12:54:00 +0900""}",,
콜라,single_term_fallback,콜라,온 가족 함께 걷고 기부까지…역대 최대 규모 ‘맥도날드 해피워크’ [...,https://n.news.naver.com/mnews/article/243/0000098196?sid=101,2026-05-24 04:40:00+00:00,"이날 해피워크 행사에는 올해 해피워크 앰배서더인 배우 손호준과 제프리 존스 한국 로날드 맥도날드 하우스 회장, 안수인 한국 로날드 맥도날드 하우스 대표를 비롯해 ▲매일유업 ▲오뚜기 ▲코카<b>콜라</b>... ",https://economist.co.kr/article/view/ecn202605240007,naver_news,콜라,canonical,1.0,2026-05-26 11:01:39.370223+00:00,0,0,0,0,,"이날 해피워크 행사에는 올해 해피워크 앰배서더인 배우 손호준과 제프리 존스 한국 로날드 맥도날드 하우스 회장, 안수인 한국 로날드 맥도날드 하우스 대표를 비롯해 ▲매일유업 ▲오뚜기 ▲코카<b>콜라</b>... ","{""title"": ""온 가족 함께 걷고 기부까지…역대 최대 규모 ‘맥도날드 해피워크’ [..."", ""originallink"": ""https://economist.co.kr/article/view/ecn202605240007"", ""link"": ""https://n.news.naver.com/mnews/article/243/0000098196?sid=101"", ""description"": ""이날 해피워크 행사에는 올해 해피워크 앰배서더인 배우 손호준과 제프리 존스 한국 로날드 맥도날드 하우스 회장, 안수인 한국 로날드 맥도날드 하우스 대표를 비롯해 ▲매일유업 ▲오뚜기 ▲코카<b>콜라</b>... "", ""pubDate"": ""Sun, 24 May 2026 13:40:00 +0900""}",,
콜라,single_term_fallback,콜라,"[리얼푸드] ‘중독성 강한 초가공식품’…美 대기업, 10억 달러 소송 직...",https://www.realfoods.co.kr/article/10755180?ref=naver,2026-05-24 05:04:00+00:00,"전 세계 식품 시장을 장악하고 있는 12개 대기업이 포함됐다. 크래프트 하인즈, 몬델리즈 인터내셔널, 포스트 홀딩스, 코카<b>콜라</b>, 펩시코, 제너럴 밀스, 네슬레, 켈라노바, 켈로그, 마즈, 코나그라 브랜즈, 유니레버 등이다.",https://www.realfoods.co.kr/article/10755180?ref=naver,naver_news,콜라,canonical,1.0,2026-05-26 11:01:39.370223+00:00,0,0,0,0,,"전 세계 식품 시장을 장악하고 있는 12개 대기업이 포함됐다. 크래프트 하인즈, 몬델리즈 인터내셔널, 포스트 홀딩스, 코카<b>콜라</b>, 펩시코, 제너럴 밀스, 네슬레, 켈라노바, 켈로그, 마즈, 코나그라 브랜즈, 유니레버 등이다.","{""title"": ""[리얼푸드] ‘중독성 강한 초가공식품’…美 대기업, 10억 달러 소송 직..."", ""originallink"": ""https://www.realfoods.co.kr/article/10755180?ref=naver"", ""link"": ""https://www.realfoods.co.kr/article/10755180?ref=naver"", ""description"": ""전 세계 식품 시장을 장악하고 있는 12개 대기업이 포함됐다. 크래프트 하인즈, 몬델리즈 인터내셔널, 포스트 홀딩스, 코카<b>콜라</b>, 펩시코, 제너럴 밀스, 네슬레, 켈라노바, 켈로그, 마즈, 코나그라 브랜즈, 유니레버 등이다."", ""pubDate"": ""Sun, 24 May 2026 14:04:00 +0900""}",,
콜라,single_term_fallback,콜라,"청소년 꿈 키우고 선수 응원까지...유통가, 미래세대 지원 확대",https://www.ebn.co.kr/news/articleView.html?idxno=1709973,2026-05-24 05:30:00+00:00,"◆ 한국 코카<b>콜라</b>, '2026 코카-<b>콜라</b> 장학금 수여식' 진행...청소년들의 꿈과 성장 응원 한국 코카<b>콜라</b>는 지난 23일 서울 본사에서 '2026 코카-<b>콜라</b> 장학금 수여식'을 열고 전국에서 선발된 청소년 40명에게 총 1억2000만원 규모의... ",https://www.ebn.co.kr/news/articleView.html?idxno=1709973,naver_news,콜라,canonical,1.0,2026-05-26 11:01:39.370223+00:00,0,0,0,0,,"◆ 한국 코카<b>콜라</b>, '2026 코카-<b>콜라</b> 장학금 수여식' 진행...청소년들의 꿈과 성장 응원 한국 코카<b>콜라</b>는 지난 23일 서울 본사에서 '2026 코카-<b>콜라</b> 장학금 수여식'을 열고 전국에서 선발된 청소년 40명에게 총 1억2000만원 규모의... ","{""title"": ""청소년 꿈 키우고 선수 응원까지...유통가, 미래세대 지원 확대"", ""originallink"": ""https://www.ebn.co.kr/news/articleView.html?idxno=1709973"", ""link"": ""https://www.ebn.co.kr/news/articleView.html?idxno=1709973"", ""description"": ""◆ 한국 코카<b>콜라</b>, '2026 코카-<b>콜라</b> 장학금 수여식' 진행...청소년들의 꿈과 성장 응원 한국 코카<b>콜라</b>는 지난 23일 서울 본사에서 '2026 코카-<b>콜라</b> 장학금 수여식'을 열고 전국에서 선발된 청소년 40명에게 총 1억2000만원 규모의... "", ""pubDate"": ""Sun, 24 May 2026 14:30:00 +0900""}",,
콜라,single_term_fallback,콜라,"[현장] &quot;걷고, 웃고, 기부했다&quot;…6000명 몰린 맥도날드 해피워크",http://www.ftoday.co.kr/news/articleView.html?idxno=359452,2026-05-24 05:34:00+00:00,"코카<b>콜라</b> 부스 앞에는 음료를 받으려는 참가자들의 줄이 길게 늘어섰고, 아이들은 포토존 앞에서 캐릭터 풍선을 들고 사진을 찍느라 분주했다. 델몬트코리아와 풀무원 등도 브랜드 체험 공간과 포토 이벤트를 마련해... ",http://www.ftoday.co.kr/news/articleView.html?idxno=359452,naver_news,콜라,canonical,1.0,2026-05-26 11:01:39.370223+00:00,0,0,0,0,,"코카<b>콜라</b> 부스 앞에는 음료를 받으려는 참가자들의 줄이 길게 늘어섰고, 아이들은 포토존 앞에서 캐릭터 풍선을 들고 사진을 찍느라 분주했다. 델몬트코리아와 풀무원 등도 브랜드 체험 공간과 포토 이벤트를 마련해... ","{""title"": ""[현장] &quot;걷고, 웃고, 기부했다&quot;…6000명 몰린 맥도날드 해피워크"", ""originallink"": ""http://www.ftoday.co.kr/news/articleView.html?idxno=359452"", ""link"": ""http://www.ftoday.co.kr/news/articleView.html?idxno=359452"", ""description"": ""코카<b>콜라</b> 부스 앞에는 음료를 받으려는 참가자들의 줄이 길게 늘어섰고, 아이들은 포토존 앞에서 캐릭터 풍선을 들고 사진을 찍느라 분주했다. 델몬트코리아와 풀무원 등도 브랜드 체험 공간과 포토 이벤트를 마련해... "", ""pubDate"": ""Sun, 24 May 2026 14:34:00 +0900""}",,
콜라,single_term_fallback,콜라,[가보니]온가족 걷기대회…'2026 맥도날드 해피워크',https://www.businessplus.kr/news/articleView.html?idxno=112162,2026-05-24 05:48:00+00:00,"이번 행사에는 한국맥도날드의 주요 파트너사인 매일유업, 오뚜기, 코카-<b>콜라</b>, 에쓰푸드, 델몬트, 선진FS, 가농바이오, 타이슨푸드코리아, 마틴브라워코리아, 빔보QSR 코리아, 신세계푸드, 풀무원, CJ제일제당... ",https://www.businessplus.kr/news/articleView.html?idxno=112162,naver_news,콜라,canonical,1.0,2026-05-26 11:01:39.370223+00:00,0,0,0,0,,"이번 행사에는 한국맥도날드의 주요 파트너사인 매일유업, 오뚜기, 코카-<b>콜라</b>, 에쓰푸드, 델몬트, 선진FS, 가농바이오, 타이슨푸드코리아, 마틴브라워코리아, 빔보QSR 코리아, 신세계푸드, 풀무원, CJ제일제당... ","{""title"": ""[가보니]온가족 걷기대회…'2026 맥도날드 해피워크'"", ""originallink"": ""https://www.businessplus.kr/news/articleView.html?idxno=112162"", ""link"": ""https://www.businessplus.kr/news/articleView.html?idxno=112162"", ""description"": ""이번 행사에는 한국맥도날드의 주요 파트너사인 매일유업, 오뚜기, 코카-<b>콜라</b>, 에쓰푸드, 델몬트, 선진FS, 가농바이오, 타이슨푸드코리아, 마틴브라워코리아, 빔보QSR 코리아, 신세계푸드, 풀무원, CJ제일제당... "", ""pubDate"": ""Sun, 24 May 2026 14:48:00 +0900""}",,
콜라,single_term_fallback,콜라,[현장] 6000명 모인 '맥도날드 해피워크'…2억8000만원 모금,http://www.hansbiz.co.kr/news/articleView.html?idxno=840538,2026-05-24 05:58:00+00:00,"한국맥도날드 제공 앰버서더 배우 손호준이 참여했으며, 매일유업, 오뚜기, 코카-<b>콜라</b> 등 한국맥도날드 주요 협력사들이 공식 후원사로 함께했다. 참가자들은 각 부스를 돌며 게임과 경품 이벤트를 체험했고, 일부... ",http://www.hansbiz.co.kr/news/articleView.html?idxno=840538,naver_news,콜라,canonical,1.0,2026-05-26 11:01:39.370223+00:00,0,0,0,0,,"한국맥도날드 제공 앰버서더 배우 손호준이 참여했으며, 매일유업, 오뚜기, 코카-<b>콜라</b> 등 한국맥도날드 주요 협력사들이 공식 후원사로 함께했다. 참가자들은 각 부스를 돌며 게임과 경품 이벤트를 체험했고, 일부... ","{""title"": ""[현장] 6000명 모인 '맥도날드 해피워크'…2억8000만원 모금"", ""originallink"": ""http://www.hansbiz.co.kr/news/articleView.html?idxno=840538"", ""link"": ""http://www.hansbiz.co.kr/news/articleView.html?idxno=840538"", ""description"": ""한국맥도날드 제공 앰버서더 배우 손호준이 참여했으며, 매일유업, 오뚜기, 코카-<b>콜라</b> 등 한국맥도날드 주요 협력사들이 공식 후원사로 함께했다. 참가자들은 각 부스를 돌며 게임과 경품 이벤트를 체험했고, 일부... "", ""pubDate"": ""Sun, 24 May 2026 14:58:00 +0900""}",,
콜라,single_term_fallback,콜라,"롯데칠성음료, 페스티벌 현장 체험 마케팅으로 소비자 접점 확대",https://www.lcnews.co.kr/news/articleView.html?idxno=202574,2026-05-24 06:42:00+00:00,"코카<b>콜라</b>나 펩시<b>콜라</b> 역시 음악 페스티벌과 스포츠 이벤트 등을 중심으로 체험형 브랜드 존을 운영하며 소비자 참여를 유도하는 마케팅을 강화해왔다. 업계에서는 이처럼 시음, 게임, 공간 연출 등을 결합한 방식이... ",https://www.lcnews.co.kr/news/articleView.html?idxno=202574,naver_news,콜라,canonical,1.0,2026-05-26 11:01:39.370223+00:00,0,0,0,0,,"코카<b>콜라</b>나 펩시<b>콜라</b> 역시 음악 페스티벌과 스포츠 이벤트 등을 중심으로 체험형 브랜드 존을 운영하며 소비자 참여를 유도하는 마케팅을 강화해왔다. 업계에서는 이처럼 시음, 게임, 공간 연출 등을 결합한 방식이... ","{""title"": ""롯데칠성음료, 페스티벌 현장 체험 마케팅으로 소비자 접점 확대"", ""originallink"": ""https://www.lcnews.co.kr/news/articleView.html?idxno=202574"", ""link"": ""https://www.lcnews.co.kr/news/articleView.html?idxno=202574"", ""description"": ""코카<b>콜라</b>나 펩시<b>콜라</b> 역시 음악 페스티벌과 스포츠 이벤트 등을 중심으로 체험형 브랜드 존을 운영하며 소비자 참여를 유도하는 마케팅을 강화해왔다. 업계에서는 이처럼 시음, 게임, 공간 연출 등을 결합한 방식이... "", ""pubDate"": ""Sun, 24 May 2026 15:42:00 +0900""}",,
콜라,single_term_fallback,콜라,[현장]내 한걸음이 아픈 친구들에게 휴식된다…맥도날드 해피워크 6천명...,https://n.news.naver.com/mnews/article/003/0013965010?sid=101,2026-05-24 07:05:00+00:00,또 이날 해피워크 행사에는 앰배서더인 배우 손호준과 제프리 존스 한국 로날드 맥도날드 하우스 회장을 비롯해 ▲매일유업 ▲오뚜기 ▲코카<b>콜라</b> ▲델몬트코리아 ▲풀무원 ▲하나은행 등 후원사 관계자가 참여했다．,https://www.newsis.com/view/NISX20260524_0003642432,naver_news,콜라,canonical,1.0,2026-05-26 11:01:39.370223+00:00,0,0,0,0,,또 이날 해피워크 행사에는 앰배서더인 배우 손호준과 제프리 존스 한국 로날드 맥도날드 하우스 회장을 비롯해 ▲매일유업 ▲오뚜기 ▲코카<b>콜라</b> ▲델몬트코리아 ▲풀무원 ▲하나은행 등 후원사 관계자가 참여했다．,"{""title"": ""[현장]내 한걸음이 아픈 친구들에게 휴식된다…맥도날드 해피워크 6천명..."", ""originallink"": ""https://www.newsis.com/view/NISX20260524_0003642432"", ""link"": ""https://n.news.naver.com/mnews/article/003/0013965010?sid=101"", ""description"": ""또 이날 해피워크 행사에는 앰배서더인 배우 손호준과 제프리 존스 한국 로날드 맥도날드 하우스 회장을 비롯해 ▲매일유업 ▲오뚜기 ▲코카<b>콜라</b> ▲델몬트코리아 ▲풀무원 ▲하나은행 등 후원사 관계자가 참여했다．"", ""pubDate"": ""Sun, 24 May 2026 16:05:00 +0900""}",,
콜라,single_term_fallback,콜라,[현장] 인천 문학경기장 일대 노란 물결…맥도날드 '해피워크' 6000명의...,https://www.pointe.co.kr/news/articleView.html?idxno=79825,2026-05-24 07:32:00+00:00,"이날 현장에는 올해 해피워크 앰배서더인 배우 손호준과 제프리 존스 RMHC 코리아 회장, 안수인 대표를 비롯해 △매일유업 △오뚜기 △코카<b>콜라</b> △델몬트코리아 △풀무원 △하나은행 등 주요 파트너사 관계자들이... ",https://www.pointe.co.kr/news/articleView.html?idxno=79825,naver_news,콜라,canonical,1.0,2026-05-26 11:01:39.370223+00:00,0,0,0,0,,"이날 현장에는 올해 해피워크 앰배서더인 배우 손호준과 제프리 존스 RMHC 코리아 회장, 안수인 대표를 비롯해 △매일유업 △오뚜기 △코카<b>콜라</b> △델몬트코리아 △풀무원 △하나은행 등 주요 파트너사 관계자들이... ","{""title"": ""[현장] 인천 문학경기장 일대 노란 물결…맥도날드 '해피워크' 6000명의..."", ""originallink"": ""https://www.pointe.co.kr/news/articleView.html?idxno=79825"", ""link"": ""https://www.pointe.co.kr/news/articleView.html?idxno=79825"", ""description"": ""이날 현장에는 올해 해피워크 앰배서더인 배우 손호준과 제프리 존스 RMHC 코리아 회장, 안수인 대표를 비롯해 △매일유업 △오뚜기 △코카<b>콜라</b> △델몬트코리아 △풀무원 △하나은행 등 주요 파트너사 관계자들이... "", ""pubDate"": ""Sun, 24 May 2026 16:32:00 +0900""}",,
콜라,single_term_fallback,콜라,[르포] &quot;걸으면서 기부해요&quot;…6000명 모인 '맥도날드 해피워크' 가보니,https://www.pointdaily.co.kr/news/articleView.html?idxno=305934,2026-05-24 07:36:00+00:00,"이 밖에도 참가자들은 오후 2~3시까지 오뚜기, 델몬트, 매일유업, 코카<b>콜라</b> 등 이번 해피워크 협력사들이 마련한 부스 등을 방문하며 여러 프로그램을 체험하고 경품을 받는 한편 가족 장기자랑, 패션왕 콘테스트 등... ",https://www.pointdaily.co.kr/news/articleView.html?idxno=305934,naver_news,콜라,canonical,1.0,2026-05-26 11:01:39.370223+00:00,0,0,0,0,,"이 밖에도 참가자들은 오후 2~3시까지 오뚜기, 델몬트, 매일유업, 코카<b>콜라</b> 등 이번 해피워크 협력사들이 마련한 부스 등을 방문하며 여러 프로그램을 체험하고 경품을 받는 한편 가족 장기자랑, 패션왕 콘테스트 등... ","{""title"": ""[르포] &quot;걸으면서 기부해요&quot;…6000명 모인 '맥도날드 해피워크' 가보니"", ""originallink"": ""https://www.pointdaily.co.kr/news/articleView.html?idxno=305934"", ""link"": ""https://www.pointdaily.co.kr/news/articleView.html?idxno=305934"", ""description"": ""이 밖에도 참가자들은 오후 2~3시까지 오뚜기, 델몬트, 매일유업, 코카<b>콜라</b> 등 이번 해피워크 협력사들이 마련한 부스 등을 방문하며 여러 프로그램을 체험하고 경품을 받는 한편 가족 장기자랑, 패션왕 콘테스트 등... "", ""pubDate"": ""Sun, 24 May 2026 16:36:00 +0900""}",,
콜라,single_term_fallback,콜라,차범근·이영표 뜬 '코카-<b>콜라</b> 장학금 수여식'... 청소년 40명에게 1억 2...,https://www.insight.co.kr/news/555428,2026-05-24 08:10:00+00:00,한국 코카-<b>콜라</b>사가 대한민국 미래 세대의 꿈과 도전을 지원하기 위해 대규모 장학 사업을 펼치며 지역사회에 따뜻한 온기를 불어넣었다.24일 한국 코카-<b>콜라</b>는 전날(23일) 서울 본사에서 '2026 코카-<b>콜라</b> 장학금 수여식'을... ,https://www.insight.co.kr/news/555428,naver_news,콜라,canonical,1.0,2026-05-26 11:01:39.370223+00:00,0,0,0,0,,한국 코카-<b>콜라</b>사가 대한민국 미래 세대의 꿈과 도전을 지원하기 위해 대규모 장학 사업을 펼치며 지역사회에 따뜻한 온기를 불어넣었다.24일 한국 코카-<b>콜라</b>는 전날(23일) 서울 본사에서 '2026 코카-<b>콜라</b> 장학금 수여식'을... ,"{""title"": ""차범근·이영표 뜬 '코카-<b>콜라</b> 장학금 수여식'... 청소년 40명에게 1억 2..."", ""originallink"": ""https://www.insight.co.kr/news/555428"", ""link"": ""https://www.insight.co.kr/news/555428"", ""description"": ""한국 코카-<b>콜라</b>사가 대한민국 미래 세대의 꿈과 도전을 지원하기 위해 대규모 장학 사업을 펼치며 지역사회에 따뜻한 온기를 불어넣었다.24일 한국 코카-<b>콜라</b>는 전날(23일) 서울 본사에서 '2026 코카-<b>콜라</b> 장학금 수여식'을... "", ""pubDate"": ""Sun, 24 May 2026 17:10:00 +0900""}",,
콜라,single_term_fallback,콜라,5월25일 알림,https://n.news.naver.com/mnews/article/028/0002806520?sid=102,2026-05-24 09:38:00+00:00,"◇ 한국 코카<b>콜라</b>는 지난 23일 ‘2026 코카<b>콜라</b> 장학금 수여식'을 열고 청소년 40명에게 약 1억2천만원의 장학금을 수여했다. 장학생은 밀알복지재단과 환경재단 등 기관과 협력해 리더십, 사회통합, 환경, 다양성... ",https://www.hani.co.kr/arti/society/ngo/1260196.html,naver_news,콜라,canonical,1.0,2026-05-26 11:01:39.370223+00:00,0,0,0,0,,"◇ 한국 코카<b>콜라</b>는 지난 23일 ‘2026 코카<b>콜라</b> 장학금 수여식'을 열고 청소년 40명에게 약 1억2천만원의 장학금을 수여했다. 장학생은 밀알복지재단과 환경재단 등 기관과 협력해 리더십, 사회통합, 환경, 다양성... ","{""title"": ""5월25일 알림"", ""originallink"": ""https://www.hani.co.kr/arti/society/ngo/1260196.html"", ""link"": ""https://n.news.naver.com/mnews/article/028/0002806520?sid=102"", ""description"": ""◇ 한국 코카<b>콜라</b>는 지난 23일 ‘2026 코카<b>콜라</b> 장학금 수여식'을 열고 청소년 40명에게 약 1억2천만원의 장학금을 수여했다. 장학생은 밀알복지재단과 환경재단 등 기관과 협력해 리더십, 사회통합, 환경, 다양성... "", ""pubDate"": ""Sun, 24 May 2026 18:38:00 +0900""}",,
콜라,single_term_fallback,콜라,[현장] '노란 물결' 맥도날드 해피워크…6000명 걸음으로 '강남 환아 쉼...,http://www.4th.kr/news/articleView.html?idxno=2112192,2026-05-24 10:16:00+00:00,"매일유업, 오뚜기, 코카<b>콜라</b>, 델몬트, S푸드, 선진FS, 가농바이오, 타이슨푸드코리아, 마틴브라워코리아... 코카-<b>콜라</b>·델몬트 등 음료·식품 협력사들은 시음·시식 부스를 중심으로 자사 제품을 선보였다. 하나은행은... ",http://www.4th.kr/news/articleView.html?idxno=2112192,naver_news,콜라,canonical,1.0,2026-05-26 11:01:39.370223+00:00,0,0,0,0,,"매일유업, 오뚜기, 코카<b>콜라</b>, 델몬트, S푸드, 선진FS, 가농바이오, 타이슨푸드코리아, 마틴브라워코리아... 코카-<b>콜라</b>·델몬트 등 음료·식품 협력사들은 시음·시식 부스를 중심으로 자사 제품을 선보였다. 하나은행은... ","{""title"": ""[현장] '노란 물결' 맥도날드 해피워크…6000명 걸음으로 '강남 환아 쉼..."", ""originallink"": ""http://www.4th.kr/news/articleView.html?idxno=2112192"", ""link"": ""http://www.4th.kr/news/articleView.html?idxno=2112192"", ""description"": ""매일유업, 오뚜기, 코카<b>콜라</b>, 델몬트, S푸드, 선진FS, 가농바이오, 타이슨푸드코리아, 마틴브라워코리아... 코카-<b>콜라</b>·델몬트 등 음료·식품 협력사들은 시음·시식 부스를 중심으로 자사 제품을 선보였다. 하나은행은... "", ""pubDate"": ""Sun, 24 May 2026 19:16:00 +0900""}",,
콜라,single_term_fallback,콜라,"배달 온 캔 음료, 고리를 돌려서 열어보세요…이 편한 걸 대부분 모릅니...",https://www.wikitree.co.kr/articles/1137762,2026-05-24 12:00:00+00:00,"편안하게 <b>콜라</b>를 마실 수 있다. 요동치는 배달 탄산 달래는 마법, 옆면 '두 번' 터치로 넘침 현상 사전 방지... 내부 압력이 잔뜩 올라간 상태의 <b>콜라</b>캔을 무턱대고 개봉했다가는 탄산 거품과 음료가 사방으로 강하게 뿜어져... ",https://www.wikitree.co.kr/articles/1137762,naver_news,콜라,canonical,1.0,2026-05-26 11:01:39.370223+00:00,0,0,0,0,,"편안하게 <b>콜라</b>를 마실 수 있다. 요동치는 배달 탄산 달래는 마법, 옆면 '두 번' 터치로 넘침 현상 사전 방지... 내부 압력이 잔뜩 올라간 상태의 <b>콜라</b>캔을 무턱대고 개봉했다가는 탄산 거품과 음료가 사방으로 강하게 뿜어져... ","{""title"": ""배달 온 캔 음료, 고리를 돌려서 열어보세요…이 편한 걸 대부분 모릅니..."", ""originallink"": ""https://www.wikitree.co.kr/articles/1137762"", ""link"": ""https://www.wikitree.co.kr/articles/1137762"", ""description"": ""편안하게 <b>콜라</b>를 마실 수 있다. 요동치는 배달 탄산 달래는 마법, 옆면 '두 번' 터치로 넘침 현상 사전 방지... 내부 압력이 잔뜩 올라간 상태의 <b>콜라</b>캔을 무턱대고 개봉했다가는 탄산 거품과 음료가 사방으로 강하게 뿜어져... "", ""pubDate"": ""Sun, 24 May 2026 21:00:00 +0900""}",,
콜라,single_term_fallback,콜라,"김혜준, 흰 꽃 어깨에 얹고 '최애의 사원' 출연 행보",https://www.topstarnews.net/news/articleView.html?idxno=16070305,2026-05-24 12:48:00+00:00,"음식 취향으로는 탕후루와 냉동삼겹살, 제로<b>콜라</b> 조합을 즐기는 것으로 알려져 소소한 매력을 더한다. 한편, 김혜준은 넷플릭스 시리즈 '캐셔로'에서 김민숙 역을 맡았다. 평범한 공무원이 손에 쥔 현금만큼 힘이 세지는... ",https://www.topstarnews.net/news/articleView.html?idxno=16070305,naver_news,콜라,canonical,1.0,2026-05-26 11:01:39.370223+00:00,0,0,0,0,,"음식 취향으로는 탕후루와 냉동삼겹살, 제로<b>콜라</b> 조합을 즐기는 것으로 알려져 소소한 매력을 더한다. 한편, 김혜준은 넷플릭스 시리즈 '캐셔로'에서 김민숙 역을 맡았다. 평범한 공무원이 손에 쥔 현금만큼 힘이 세지는... ","{""title"": ""김혜준, 흰 꽃 어깨에 얹고 '최애의 사원' 출연 행보"", ""originallink"": ""https://www.topstarnews.net/news/articleView.html?idxno=16070305"", ""link"": ""https://www.topstarnews.net/news/articleView.html?idxno=16070305"", ""description"": ""음식 취향으로는 탕후루와 냉동삼겹살, 제로<b>콜라</b> 조합을 즐기는 것으로 알려져 소소한 매력을 더한다. 한편, 김혜준은 넷플릭스 시리즈 '캐셔로'에서 김민숙 역을 맡았다. 평범한 공무원이 손에 쥔 현금만큼 힘이 세지는... "", ""pubDate"": ""Sun, 24 May 2026 21:48:00 +0900""}",,
콜라,single_term_fallback,콜라,"한국 코카-<b>콜라</b>, 청소년 40명에 장학금 1억2000만원 수여",https://n.news.naver.com/mnews/article/117/0004067796?sid=102,2026-05-24 13:38:00+00:00,"한국 코카-<b>콜라</b>는 지난 23일 서울 본사에서 ‘2026 코카-<b>콜라</b> 장학금 수여식’을 열고 전국 각지에서 선발된 청소년 40명에게 1인당 300만원씩, 총 1억2000만원 규모의 장학금을 수여했다고 24일 밝혔다. 코카-<b>콜라</b> 장학금은... ",https://www.mydaily.co.kr/page/view/2026052422374941522,naver_news,콜라,canonical,1.0,2026-05-26 11:01:39.370223+00:00,0,0,0,0,,"한국 코카-<b>콜라</b>는 지난 23일 서울 본사에서 ‘2026 코카-<b>콜라</b> 장학금 수여식’을 열고 전국 각지에서 선발된 청소년 40명에게 1인당 300만원씩, 총 1억2000만원 규모의 장학금을 수여했다고 24일 밝혔다. 코카-<b>콜라</b> 장학금은... ","{""title"": ""한국 코카-<b>콜라</b>, 청소년 40명에 장학금 1억2000만원 수여"", ""originallink"": ""https://www.mydaily.co.kr/page/view/2026052422374941522"", ""link"": ""https://n.news.naver.com/mnews/article/117/0004067796?sid=102"", ""description"": ""한국 코카-<b>콜라</b>는 지난 23일 서울 본사에서 ‘2026 코카-<b>콜라</b> 장학금 수여식’을 열고 전국 각지에서 선발된 청소년 40명에게 1인당 300만원씩, 총 1억2000만원 규모의 장학금을 수여했다고 24일 밝혔다. 코카-<b>콜라</b> 장학금은... "", ""pubDate"": ""Sun, 24 May 2026 22:38:00 +0900""}",,
콜라,single_term_fallback,콜라,커피 마시고 바로 먹었다간 돈 낭비…의사들이 경고하는 함께 먹으면 안...,https://www.wikitree.co.kr/articles/1137277,2026-05-24 15:30:00+00:00,"녹차, 홍차, <b>콜라</b>, 에너지음료 등 카페인이나 탄닌이 들어간 다른 음료도 커피와 마찬가지로 영양제 유효 성분을 파괴하므로 피해야 한다. 또한, 몸에 좋다고 해서 무조건 여러 가지 영양제를 한 번에 과도하게 많이 먹는... ",https://www.wikitree.co.kr/articles/1137277,naver_news,콜라,canonical,1.0,2026-05-26 11:01:39.370223+00:00,0,0,0,0,,"녹차, 홍차, <b>콜라</b>, 에너지음료 등 카페인이나 탄닌이 들어간 다른 음료도 커피와 마찬가지로 영양제 유효 성분을 파괴하므로 피해야 한다. 또한, 몸에 좋다고 해서 무조건 여러 가지 영양제를 한 번에 과도하게 많이 먹는... ","{""title"": ""커피 마시고 바로 먹었다간 돈 낭비…의사들이 경고하는 함께 먹으면 안..."", ""originallink"": ""https://www.wikitree.co.kr/articles/1137277"", ""link"": ""https://www.wikitree.co.kr/articles/1137277"", ""description"": ""녹차, 홍차, <b>콜라</b>, 에너지음료 등 카페인이나 탄닌이 들어간 다른 음료도 커피와 마찬가지로 영양제 유효 성분을 파괴하므로 피해야 한다. 또한, 몸에 좋다고 해서 무조건 여러 가지 영양제를 한 번에 과도하게 많이 먹는... "", ""pubDate"": ""Mon, 25 May 2026 00:30:00 +0900""}",,
콜라,single_term_fallback,콜라,"“췌장 계속 자극해 암 위험”… 매일 먹던 ‘이 음식’, 뭐야?",https://n.news.naver.com/mnews/article/346/0000110310?sid=103,2026-05-24 16:01:00+00:00,"▶액상과당=<b>콜라</b>, 사이다 같은 탄산음료나 카페에서 파는 달달한 음료, 시럽이 들어간 음료 등 액상과당도... 특히 식사 중 <b>콜라</b>를 마시거나, 식후에 단 음료를 습관처럼 마시는 행동은 췌장에 부담을 줄 수 있다. 고기가... ",https://health.chosun.com/site/data/html_dir/2026/05/22/2026052202425.html,naver_news,콜라,canonical,1.0,2026-05-26 11:01:39.370223+00:00,0,0,0,0,,"▶액상과당=<b>콜라</b>, 사이다 같은 탄산음료나 카페에서 파는 달달한 음료, 시럽이 들어간 음료 등 액상과당도... 특히 식사 중 <b>콜라</b>를 마시거나, 식후에 단 음료를 습관처럼 마시는 행동은 췌장에 부담을 줄 수 있다. 고기가... ","{""title"": ""“췌장 계속 자극해 암 위험”… 매일 먹던 ‘이 음식’, 뭐야?"", ""originallink"": ""https://health.chosun.com/site/data/html_dir/2026/05/22/2026052202425.html"", ""link"": ""https://n.news.naver.com/mnews/article/346/0000110310?sid=103"", ""description"": ""▶액상과당=<b>콜라</b>, 사이다 같은 탄산음료나 카페에서 파는 달달한 음료, 시럽이 들어간 음료 등 액상과당도... 특히 식사 중 <b>콜라</b>를 마시거나, 식후에 단 음료를 습관처럼 마시는 행동은 췌장에 부담을 줄 수 있다. 고기가... "", ""pubDate"": ""Mon, 25 May 2026 01:01:00 +0900""}",,
콜라,single_term_fallback,콜라,"마이클 잭슨과 한국의 사연들, 기념사진을 찍기까지 [송원섭의 와칭]",https://n.news.naver.com/mnews/article/025/0003525522?sid=103,2026-05-24 21:00:00+00:00,잭슨의 월드 투어를 후원하던 펩시<b>콜라</b>가 적극적으로 한국 공연 유치를 지원하고 나섰습니다. 하지만 김영삼 대통령의 임기 첫해. 국내 분위기는 썩 좋지 않았습니다. ‘다국적 기업의 지나친 상혼’이라거나 ‘안전이... ,https://www.joongang.co.kr/article/25431012,naver_news,콜라,canonical,1.0,2026-05-26 11:01:39.370223+00:00,0,0,0,0,,잭슨의 월드 투어를 후원하던 펩시<b>콜라</b>가 적극적으로 한국 공연 유치를 지원하고 나섰습니다. 하지만 김영삼 대통령의 임기 첫해. 국내 분위기는 썩 좋지 않았습니다. ‘다국적 기업의 지나친 상혼’이라거나 ‘안전이... ,"{""title"": ""마이클 잭슨과 한국의 사연들, 기념사진을 찍기까지 [송원섭의 와칭]"", ""originallink"": ""https://www.joongang.co.kr/article/25431012"", ""link"": ""https://n.news.naver.com/mnews/article/025/0003525522?sid=103"", ""description"": ""잭슨의 월드 투어를 후원하던 펩시<b>콜라</b>가 적극적으로 한국 공연 유치를 지원하고 나섰습니다. 하지만 김영삼 대통령의 임기 첫해. 국내 분위기는 썩 좋지 않았습니다. ‘다국적 기업의 지나친 상혼’이라거나 ‘안전이... "", ""pubDate"": ""Mon, 25 May 2026 06:00:00 +0900""}",,
콜라,single_term_fallback,콜라,“보이지 않는 탄소폭탄”…지하수 고갈이 전 세계 온실가스를 늘린다,https://www.ekn.kr/web/view.php?key=20260522022326973,2026-05-24 21:40:00+00:00,강찬수 기후환경 전문기자 kcs25@ekn.kr 지하수는 사실 ‘숨은 탄소 저장고’ <b>콜라</b>병 뚜껑 열 때 배출되는 것처럼 지하수에 녹아 있던 온실가스 배출돼 동아시아서도 지하수 탄소 배출 증가,https://www.ekn.kr/web/view.php?key=20260522022326973,naver_news,콜라,canonical,1.0,2026-05-26 11:01:39.370223+00:00,0,0,0,0,,강찬수 기후환경 전문기자 kcs25@ekn.kr 지하수는 사실 ‘숨은 탄소 저장고’ <b>콜라</b>병 뚜껑 열 때 배출되는 것처럼 지하수에 녹아 있던 온실가스 배출돼 동아시아서도 지하수 탄소 배출 증가,"{""title"": ""“보이지 않는 탄소폭탄”…지하수 고갈이 전 세계 온실가스를 늘린다"", ""originallink"": ""https://www.ekn.kr/web/view.php?key=20260522022326973"", ""link"": ""https://www.ekn.kr/web/view.php?key=20260522022326973"", ""description"": ""강찬수 기후환경 전문기자 kcs25@ekn.kr 지하수는 사실 ‘숨은 탄소 저장고’ <b>콜라</b>병 뚜껑 열 때 배출되는 것처럼 지하수에 녹아 있던 온실가스 배출돼 동아시아서도 지하수 탄소 배출 증가"", ""pubDate"": ""Mon, 25 May 2026 06:40:00 +0900""}",,
콜라,single_term_fallback,콜라,&quot;고도가 곧 스타일이다(Altitude is the style)&quot; 콜로메(Colomé) &amp; 아마라...,https://www.sommeliertimes.com/news/articleView.html?idxno=131126,2026-05-24 22:00:00+00:00,당시 살타(Salta) 지역의 스페인 총독이었던 니<b>콜라</b>스 세베로 데 이사스멘디 이 에찰라르(Nicolás Severo de... 코카<b>콜라</b>에 매각한 뒤 와인과 예술에 두 번째 인생을 건 인물이다. 아르헨티나 살타 지역의 한 시골... ,https://www.sommeliertimes.com/news/articleView.html?idxno=131126,naver_news,콜라,canonical,1.0,2026-05-26 11:01:39.370223+00:00,0,0,0,0,,당시 살타(Salta) 지역의 스페인 총독이었던 니<b>콜라</b>스 세베로 데 이사스멘디 이 에찰라르(Nicolás Severo de... 코카<b>콜라</b>에 매각한 뒤 와인과 예술에 두 번째 인생을 건 인물이다. 아르헨티나 살타 지역의 한 시골... ,"{""title"": ""&quot;고도가 곧 스타일이다(Altitude is the style)&quot; 콜로메(Colomé) &amp; 아마라..."", ""originallink"": ""https://www.sommeliertimes.com/news/articleView.html?idxno=131126"", ""link"": ""https://www.sommeliertimes.com/news/articleView.html?idxno=131126"", ""description"": ""당시 살타(Salta) 지역의 스페인 총독이었던 니<b>콜라</b>스 세베로 데 이사스멘디 이 에찰라르(Nicolás Severo de... 코카<b>콜라</b>에 매각한 뒤 와인과 예술에 두 번째 인생을 건 인물이다. 아르헨티나 살타 지역의 한 시골... "", ""pubDate"": ""Mon, 25 May 2026 07:00:00 +0900""}",,
콜라,single_term_fallback,콜라,"“돈 없어 판 것 아니다”…큐라클, 1.6조 규모 뉴코 딜의 실체",https://n.news.naver.com/mnews/article/018/0006290001?sid=101,2026-05-24 23:12:00+00:00,"올해 ARVO는 미국 <b>콜라</b>로도 덴버에서 5월 3일부터 7일 사이에 열렸다. 한편 큐라클은 현재 파트너사 요청에 따라 투자사 명단과 자금 규모, 세부 지분 구조 등에 대해 엠바고를 유지하고 있다. 관련 내용은 2~3주 내... ",https://www.edaily.co.kr/news/newspath.asp?newsid=01200486645452528,naver_news,콜라,canonical,1.0,2026-05-26 11:01:39.370223+00:00,0,0,0,0,,"올해 ARVO는 미국 <b>콜라</b>로도 덴버에서 5월 3일부터 7일 사이에 열렸다. 한편 큐라클은 현재 파트너사 요청에 따라 투자사 명단과 자금 규모, 세부 지분 구조 등에 대해 엠바고를 유지하고 있다. 관련 내용은 2~3주 내... ","{""title"": ""“돈 없어 판 것 아니다”…큐라클, 1.6조 규모 뉴코 딜의 실체"", ""originallink"": ""https://www.edaily.co.kr/news/newspath.asp?newsid=01200486645452528"", ""link"": ""https://n.news.naver.com/mnews/article/018/0006290001?sid=101"", ""description"": ""올해 ARVO는 미국 <b>콜라</b>로도 덴버에서 5월 3일부터 7일 사이에 열렸다. 한편 큐라클은 현재 파트너사 요청에 따라 투자사 명단과 자금 규모, 세부 지분 구조 등에 대해 엠바고를 유지하고 있다. 관련 내용은 2~3주 내... "", ""pubDate"": ""Mon, 25 May 2026 08:12:00 +0900""}",,
콜라,single_term_fallback,콜라,미국선 <b>콜라</b> 대신 찾는다는데…건강 탄산 '프리바이오틱 소다' 주목,https://n.news.naver.com/mnews/article/421/0008964150?sid=101,2026-05-24 23:15:00+00:00,펩시<b>콜라</b>를 제조하는 펩시코가 지난해 프리바이오틱 소다 브랜드 '포피'가 19억 5000만 달러(약 2조 9000억 원)... 업계 관계자는 &quot;북미에서는 이미 <b>콜라</b>의 대체재로 프리바이오틱 소다의 소비 영역이 구축됐다&quot;며... ,https://www.news1.kr/industry/distribution/6174626,naver_news,콜라,canonical,1.0,2026-05-26 11:01:39.370223+00:00,0,0,0,0,,펩시<b>콜라</b>를 제조하는 펩시코가 지난해 프리바이오틱 소다 브랜드 '포피'가 19억 5000만 달러(약 2조 9000억 원)... 업계 관계자는 &quot;북미에서는 이미 <b>콜라</b>의 대체재로 프리바이오틱 소다의 소비 영역이 구축됐다&quot;며... ,"{""title"": ""미국선 <b>콜라</b> 대신 찾는다는데…건강 탄산 '프리바이오틱 소다' 주목"", ""originallink"": ""https://www.news1.kr/industry/distribution/6174626"", ""link"": ""https://n.news.naver.com/mnews/article/421/0008964150?sid=101"", ""description"": ""펩시<b>콜라</b>를 제조하는 펩시코가 지난해 프리바이오틱 소다 브랜드 '포피'가 19억 5000만 달러(약 2조 9000억 원)... 업계 관계자는 &quot;북미에서는 이미 <b>콜라</b>의 대체재로 프리바이오틱 소다의 소비 영역이 구축됐다&quot;며... "", ""pubDate"": ""Mon, 25 May 2026 08:15:00 +0900""}",,
콜라,single_term_fallback,콜라,"한국 코카-<b>콜라</b>, '2026 코카-<b>콜라</b> 장학금 수여…&quot;청소년들의 꿈과 성장 ...",https://www.ngonews.kr/news/articleView.html?idxno=230202,2026-05-25 00:02:00+00:00,"한국 코카-<b>콜라</b>사가 지난 23일 서울 본사에서 '2026 코카-<b>콜라</b> 장학금 수여식'을 진행했다. 전국 각지에서 선발된 40명의 청소년에게 1인당 300만 원씩, 총 1억 2,000만 원 규모의 장학금이 수여됐다. '코카-<b>콜라</b> 장학금'은 한국... ",https://www.ngonews.kr/news/articleView.html?idxno=230202,naver_news,콜라,canonical,1.0,2026-05-26 11:01:39.370223+00:00,0,0,0,0,,"한국 코카-<b>콜라</b>사가 지난 23일 서울 본사에서 '2026 코카-<b>콜라</b> 장학금 수여식'을 진행했다. 전국 각지에서 선발된 40명의 청소년에게 1인당 300만 원씩, 총 1억 2,000만 원 규모의 장학금이 수여됐다. '코카-<b>콜라</b> 장학금'은 한국... ","{""title"": ""한국 코카-<b>콜라</b>, '2026 코카-<b>콜라</b> 장학금 수여…&quot;청소년들의 꿈과 성장 ..."", ""originallink"": ""https://www.ngonews.kr/news/articleView.html?idxno=230202"", ""link"": ""https://www.ngonews.kr/news/articleView.html?idxno=230202"", ""description"": ""한국 코카-<b>콜라</b>사가 지난 23일 서울 본사에서 '2026 코카-<b>콜라</b> 장학금 수여식'을 진행했다. 전국 각지에서 선발된 40명의 청소년에게 1인당 300만 원씩, 총 1억 2,000만 원 규모의 장학금이 수여됐다. '코카-<b>콜라</b> 장학금'은 한국... "", ""pubDate"": ""Mon, 25 May 2026 09:02:00 +0900""}",,
콜라,single_term_fallback,콜라,"한국 코카 <b>콜라</b>, '2026 장학금 수여식' 진행",https://n.news.naver.com/mnews/article/277/0005767251?sid=103,2026-05-25 00:05:00+00:00,한국 코카 <b>콜라</b>사는 지난 23일 서울 본사에서 '2026 코카 <b>콜라</b> 장학금 수여식'을 열고 전국 각지에서 선발한 청소년 40명에게 1인당 300만원씩 장학금을 수여했다고 25일 밝혔다. '코카 <b>콜라</b> 장학금'은 청소년들의 성장과... ,https://view.asiae.co.kr/article/2026052509052549648,naver_news,콜라,canonical,1.0,2026-05-26 11:01:39.370223+00:00,0,0,0,0,,한국 코카 <b>콜라</b>사는 지난 23일 서울 본사에서 '2026 코카 <b>콜라</b> 장학금 수여식'을 열고 전국 각지에서 선발한 청소년 40명에게 1인당 300만원씩 장학금을 수여했다고 25일 밝혔다. '코카 <b>콜라</b> 장학금'은 청소년들의 성장과... ,"{""title"": ""한국 코카 <b>콜라</b>, '2026 장학금 수여식' 진행"", ""originallink"": ""https://view.asiae.co.kr/article/2026052509052549648"", ""link"": ""https://n.news.naver.com/mnews/article/277/0005767251?sid=103"", ""description"": ""한국 코카 <b>콜라</b>사는 지난 23일 서울 본사에서 '2026 코카 <b>콜라</b> 장학금 수여식'을 열고 전국 각지에서 선발한 청소년 40명에게 1인당 300만원씩 장학금을 수여했다고 25일 밝혔다. '코카 <b>콜라</b> 장학금'은 청소년들의 성장과... "", ""pubDate"": ""Mon, 25 May 2026 09:05:00 +0900""}",,
콜라,single_term_fallback,콜라,차범근·이영표 뜬 ‘코카-<b>콜라</b> 장학금’ … AI·환경 인재 키운다,https://biz.newdaily.co.kr/site/data/html/2026/05/25/2026052500043.html,2026-05-25 02:06:00+00:00,뉴데일리 최신혜 기자 = “과거 코카-<b>콜라</b> 장학금을 받은 순간이 큰 힘이 되어 결국 국가대표 축구선수라는 목표를 이룰 수 있었습니다.” 차범근 팀차붐 이사장은 지난 23일 서울 종로구 한국 코카-<b>콜라</b> 본사에서 열린... ,https://biz.newdaily.co.kr/site/data/html/2026/05/25/2026052500043.html,naver_news,콜라,canonical,1.0,2026-05-26 11:01:39.370223+00:00,0,0,0,0,,뉴데일리 최신혜 기자 = “과거 코카-<b>콜라</b> 장학금을 받은 순간이 큰 힘이 되어 결국 국가대표 축구선수라는 목표를 이룰 수 있었습니다.” 차범근 팀차붐 이사장은 지난 23일 서울 종로구 한국 코카-<b>콜라</b> 본사에서 열린... ,"{""title"": ""차범근·이영표 뜬 ‘코카-<b>콜라</b> 장학금’ … AI·환경 인재 키운다"", ""originallink"": ""https://biz.newdaily.co.kr/site/data/html/2026/05/25/2026052500043.html"", ""link"": ""https://biz.newdaily.co.kr/site/data/html/2026/05/25/2026052500043.html"", ""description"": ""뉴데일리 최신혜 기자 = “과거 코카-<b>콜라</b> 장학금을 받은 순간이 큰 힘이 되어 결국 국가대표 축구선수라는 목표를 이룰 수 있었습니다.” 차범근 팀차붐 이사장은 지난 23일 서울 종로구 한국 코카-<b>콜라</b> 본사에서 열린... "", ""pubDate"": ""Mon, 25 May 2026 11:06:00 +0900""}",,
콜라,single_term_fallback,콜라,"목 마를 때 ‘이것’ 마시는 습관, 혈당 높인다… 뭐야?",https://n.news.naver.com/mnews/article/346/0000110322?sid=103,2026-05-25 03:01:00+00:00,식품의약품안전처에 따르면 <b>콜라</b> 한 캔(250㎖)에는 각설탕 일곱 개에 달하는 평균 27ｇ의 당이 들어있다. 이는 WHO가 하루 당 섭취량으로 제한한 50ｇ의 절반을 넘는 수치다. 따라서 탄산음료를 습관처럼 즐겨 마시면 우리... ,https://health.chosun.com/site/data/html_dir/2026/05/22/2026052202940.html,naver_news,콜라,canonical,1.0,2026-05-26 11:01:39.370223+00:00,0,0,0,0,,식품의약품안전처에 따르면 <b>콜라</b> 한 캔(250㎖)에는 각설탕 일곱 개에 달하는 평균 27ｇ의 당이 들어있다. 이는 WHO가 하루 당 섭취량으로 제한한 50ｇ의 절반을 넘는 수치다. 따라서 탄산음료를 습관처럼 즐겨 마시면 우리... ,"{""title"": ""목 마를 때 ‘이것’ 마시는 습관, 혈당 높인다… 뭐야?"", ""originallink"": ""https://health.chosun.com/site/data/html_dir/2026/05/22/2026052202940.html"", ""link"": ""https://n.news.naver.com/mnews/article/346/0000110322?sid=103"", ""description"": ""식품의약품안전처에 따르면 <b>콜라</b> 한 캔(250㎖)에는 각설탕 일곱 개에 달하는 평균 27ｇ의 당이 들어있다. 이는 WHO가 하루 당 섭취량으로 제한한 50ｇ의 절반을 넘는 수치다. 따라서 탄산음료를 습관처럼 즐겨 마시면 우리... "", ""pubDate"": ""Mon, 25 May 2026 12:01:00 +0900""}",,
콜라,single_term_fallback,콜라,'행복한 걸음' 풍선 들고 손잡고…6000명 걸음이 기부 됐다[르포],https://n.news.naver.com/mnews/article/018/0006290127?sid=101,2026-05-25 04:12:00+00:00,"올해 행사에는 매일유업, 오뚜기, 코카-<b>콜라</b>, 에쓰푸드, 델몬트, 선진FS, 가농바이오, 타이슨푸드코리아, 풀무원, CJ제일제당, 하나은행 등 주요 파트너사가 후원사로 참여했다. 이들 협력사는 현장에서 참가자 대상... ",https://www.edaily.co.kr/news/newspath.asp?newsid=01623606645452528,naver_news,콜라,canonical,1.0,2026-05-26 11:01:39.370223+00:00,0,0,0,0,,"올해 행사에는 매일유업, 오뚜기, 코카-<b>콜라</b>, 에쓰푸드, 델몬트, 선진FS, 가농바이오, 타이슨푸드코리아, 풀무원, CJ제일제당, 하나은행 등 주요 파트너사가 후원사로 참여했다. 이들 협력사는 현장에서 참가자 대상... ","{""title"": ""'행복한 걸음' 풍선 들고 손잡고…6000명 걸음이 기부 됐다[르포]"", ""originallink"": ""https://www.edaily.co.kr/news/newspath.asp?newsid=01623606645452528"", ""link"": ""https://n.news.naver.com/mnews/article/018/0006290127?sid=101"", ""description"": ""올해 행사에는 매일유업, 오뚜기, 코카-<b>콜라</b>, 에쓰푸드, 델몬트, 선진FS, 가농바이오, 타이슨푸드코리아, 풀무원, CJ제일제당, 하나은행 등 주요 파트너사가 후원사로 참여했다. 이들 협력사는 현장에서 참가자 대상... "", ""pubDate"": ""Mon, 25 May 2026 13:12:00 +0900""}",,
콜라,single_term_fallback,콜라,“칼로 옆구리 찌르는 통증”…여름철 3배 늘어나는 ‘이 병’,https://n.news.naver.com/mnews/article/020/0003722022?sid=103,2026-05-25 05:01:00+00:00,"김 교수는 “인산이 포함된 <b>콜라</b>는 여러 대규모 연구에서 요로결석 위험을 높이는 것으로 확인된 바 있다”... 시금치, 초콜릿, 아몬드, 땅콩, 잣, 호두, 딸기, <b>콜라</b>, 코코아, 커피, 술 등이 여기에 해당한다. 이런 음식을 자주... ",https://www.donga.com/news/Health/article/all/20260522/133944739/2,naver_news,콜라,canonical,1.0,2026-05-26 11:01:39.370223+00:00,0,0,0,0,,"김 교수는 “인산이 포함된 <b>콜라</b>는 여러 대규모 연구에서 요로결석 위험을 높이는 것으로 확인된 바 있다”... 시금치, 초콜릿, 아몬드, 땅콩, 잣, 호두, 딸기, <b>콜라</b>, 코코아, 커피, 술 등이 여기에 해당한다. 이런 음식을 자주... ","{""title"": ""“칼로 옆구리 찌르는 통증”…여름철 3배 늘어나는 ‘이 병’"", ""originallink"": ""https://www.donga.com/news/Health/article/all/20260522/133944739/2"", ""link"": ""https://n.news.naver.com/mnews/article/020/0003722022?sid=103"", ""description"": ""김 교수는 “인산이 포함된 <b>콜라</b>는 여러 대규모 연구에서 요로결석 위험을 높이는 것으로 확인된 바 있다”... 시금치, 초콜릿, 아몬드, 땅콩, 잣, 호두, 딸기, <b>콜라</b>, 코코아, 커피, 술 등이 여기에 해당한다. 이런 음식을 자주... "", ""pubDate"": ""Mon, 25 May 2026 14:01:00 +0900""}",,
콜라,single_term_fallback,콜라,&quot;가족과 걸으며 나눔 실천&quot;… '맥도날드 해피워크' 6000명 운집,https://www.ajunews.com/view/20260525125550887,2026-05-25 05:04:00+00:00,매일유업·오뚜기·코카-<b>콜라</b>·에쓰푸드·델몬트·풀무원·CJ제일제당·하나은행 등 13개 후원·파트너사들이 부스를 마련했다. 참가자들은 음료와 간식을 즐기며 잔디밭 위에서 여유로운 주말 오후의 정취를 만끽했다.... ,https://www.ajunews.com/view/20260525125550887,naver_news,콜라,canonical,1.0,2026-05-26 11:01:39.370223+00:00,0,0,0,0,,매일유업·오뚜기·코카-<b>콜라</b>·에쓰푸드·델몬트·풀무원·CJ제일제당·하나은행 등 13개 후원·파트너사들이 부스를 마련했다. 참가자들은 음료와 간식을 즐기며 잔디밭 위에서 여유로운 주말 오후의 정취를 만끽했다.... ,"{""title"": ""&quot;가족과 걸으며 나눔 실천&quot;… '맥도날드 해피워크' 6000명 운집"", ""originallink"": ""https://www.ajunews.com/view/20260525125550887"", ""link"": ""https://www.ajunews.com/view/20260525125550887"", ""description"": ""매일유업·오뚜기·코카-<b>콜라</b>·에쓰푸드·델몬트·풀무원·CJ제일제당·하나은행 등 13개 후원·파트너사들이 부스를 마련했다. 참가자들은 음료와 간식을 즐기며 잔디밭 위에서 여유로운 주말 오후의 정취를 만끽했다.... "", ""pubDate"": ""Mon, 25 May 2026 14:04:00 +0900""}",,
콜라,single_term_fallback,콜라,&quot;팬들에게 흥미로운 점일 것&quot; 130홈런 베테랑 돌아오고 에드먼 복귀 준...,https://m.sports.naver.com/wbaseball/article/109/0005540480,2026-05-25 05:21:00+00:00,"밀워키 원정을 마친 다저스는 26일부터 <b>콜라</b>로도 로키스와 3연전에 돌입한다. 이때 에르난데스가 합류할 것으로 보인다. 매체는 “에르난데스는 지금까지 2026년 시즌 전체를 결장했지만, 그의 복귀는 더할 나위 없이... ",http://www.osen.co.kr/article/G1112808043,naver_news,콜라,canonical,1.0,2026-05-26 11:01:39.370223+00:00,0,0,0,0,,"밀워키 원정을 마친 다저스는 26일부터 <b>콜라</b>로도 로키스와 3연전에 돌입한다. 이때 에르난데스가 합류할 것으로 보인다. 매체는 “에르난데스는 지금까지 2026년 시즌 전체를 결장했지만, 그의 복귀는 더할 나위 없이... ","{""title"": ""&quot;팬들에게 흥미로운 점일 것&quot; 130홈런 베테랑 돌아오고 에드먼 복귀 준..."", ""originallink"": ""http://www.osen.co.kr/article/G1112808043"", ""link"": ""https://m.sports.naver.com/wbaseball/article/109/0005540480"", ""description"": ""밀워키 원정을 마친 다저스는 26일부터 <b>콜라</b>로도 로키스와 3연전에 돌입한다. 이때 에르난데스가 합류할 것으로 보인다. 매체는 “에르난데스는 지금까지 2026년 시즌 전체를 결장했지만, 그의 복귀는 더할 나위 없이... "", ""pubDate"": ""Mon, 25 May 2026 14:21:00 +0900""}",,
콜라,single_term_fallback,콜라,"&quot;청소년의 꿈 응원&quot;... 한국 코카-<b>콜라</b>, 2026 장학금 수여식 개최",https://www.ajunews.com/view/20260525174945034,2026-05-25 08:54:00+00:00,5개 부문 40명 장학생에 총 1억 2000만 원 지원 아주경제=김현아 기자 haha@ajunews.com 한국 코카-<b>콜라</b>가 청소년들의 꿈을 응원하는 ‘2026 코카-<b>콜라</b> 장학금 수여식’을 23일 진행했다. 이날 ‘2026 코카-<b>콜라</b> 장학금 수여식’... ,https://www.ajunews.com/view/20260525174945034,naver_news,콜라,canonical,1.0,2026-05-26 11:01:39.370223+00:00,0,0,0,0,,5개 부문 40명 장학생에 총 1억 2000만 원 지원 아주경제=김현아 기자 haha@ajunews.com 한국 코카-<b>콜라</b>가 청소년들의 꿈을 응원하는 ‘2026 코카-<b>콜라</b> 장학금 수여식’을 23일 진행했다. 이날 ‘2026 코카-<b>콜라</b> 장학금 수여식’... ,"{""title"": ""&quot;청소년의 꿈 응원&quot;... 한국 코카-<b>콜라</b>, 2026 장학금 수여식 개최"", ""originallink"": ""https://www.ajunews.com/view/20260525174945034"", ""link"": ""https://www.ajunews.com/view/20260525174945034"", ""description"": ""5개 부문 40명 장학생에 총 1억 2000만 원 지원 아주경제=김현아 기자 haha@ajunews.com 한국 코카-<b>콜라</b>가 청소년들의 꿈을 응원하는 ‘2026 코카-<b>콜라</b> 장학금 수여식’을 23일 진행했다. 이날 ‘2026 코카-<b>콜라</b> 장학금 수여식’... "", ""pubDate"": ""Mon, 25 May 2026 17:54:00 +0900""}",,
콜라,single_term_fallback,콜라,"[단독] LG생건, 3000억에 해태음료 판다 [시그널]",https://n.news.naver.com/mnews/article/011/0004624276?sid=101,2026-05-25 10:32:00+00:00,"당시 해태htb, 코카<b>콜라</b> 등 여러 계열사들이 매각 후보군에 올랐고, 이번에 해태htb 매각을 결정하면서 본격적인 정리에 착수하게 됐다. LG생활건강은 F&amp;B 분야에서 성과를 낸 재무적 투자자(FI)들을 중심으로 매각을... ",https://www.sedaily.com/article/20047888?ref=naver,naver_news,콜라,canonical,1.0,2026-05-26 11:01:39.370223+00:00,0,0,0,0,,"당시 해태htb, 코카<b>콜라</b> 등 여러 계열사들이 매각 후보군에 올랐고, 이번에 해태htb 매각을 결정하면서 본격적인 정리에 착수하게 됐다. LG생활건강은 F&amp;B 분야에서 성과를 낸 재무적 투자자(FI)들을 중심으로 매각을... ","{""title"": ""[단독] LG생건, 3000억에 해태음료 판다 [시그널]"", ""originallink"": ""https://www.sedaily.com/article/20047888?ref=naver"", ""link"": ""https://n.news.naver.com/mnews/article/011/0004624276?sid=101"", ""description"": ""당시 해태htb, 코카<b>콜라</b> 등 여러 계열사들이 매각 후보군에 올랐고, 이번에 해태htb 매각을 결정하면서 본격적인 정리에 착수하게 됐다. LG생활건강은 F&amp;B 분야에서 성과를 낸 재무적 투자자(FI)들을 중심으로 매각을... "", ""pubDate"": ""Mon, 25 May 2026 19:32:00 +0900""}",,
콜라,single_term_fallback,콜라,M&amp;A 실탄으로 활용…LG생건 ‘뷰티 명가’ 되찾나 [시그널],https://n.news.naver.com/mnews/article/011/0004624277?sid=101,2026-05-25 10:34:00+00:00,"당시 해태htb, 코카<b>콜라</b> 등 여러 계열사들이 매각 후보군에 올랐고, 이번에 해태htb 매각을 결정하면서 본격적인 정리에 착수하게 됐다. LG생활건강은 F&amp;B 분야에서 성과를 낸 재무적 투자자(FI)들을 중심으로 매각을... ",https://www.sedaily.com/article/20047889?ref=naver,naver_news,콜라,canonical,1.0,2026-05-26 11:01:39.370223+00:00,0,0,0,0,,"당시 해태htb, 코카<b>콜라</b> 등 여러 계열사들이 매각 후보군에 올랐고, 이번에 해태htb 매각을 결정하면서 본격적인 정리에 착수하게 됐다. LG생활건강은 F&amp;B 분야에서 성과를 낸 재무적 투자자(FI)들을 중심으로 매각을... ","{""title"": ""M&amp;A 실탄으로 활용…LG생건 ‘뷰티 명가’ 되찾나 [시그널]"", ""originallink"": ""https://www.sedaily.com/article/20047889?ref=naver"", ""link"": ""https://n.news.naver.com/mnews/article/011/0004624277?sid=101"", ""description"": ""당시 해태htb, 코카<b>콜라</b> 등 여러 계열사들이 매각 후보군에 올랐고, 이번에 해태htb 매각을 결정하면서 본격적인 정리에 착수하게 됐다. LG생활건강은 F&amp;B 분야에서 성과를 낸 재무적 투자자(FI)들을 중심으로 매각을... "", ""pubDate"": ""Mon, 25 May 2026 19:34:00 +0900""}",,
콜라,single_term_fallback,콜라,여름철 무리한 운동에 근육 녹아요… 심하면 급성신부전 위험,https://n.news.naver.com/mnews/article/081/0003646657?sid=103,2026-05-25 10:51:00+00:00,고열·탈수 속 녹아내린 근육 세포 독성 물질이 신장 기능 망가뜨려 최악엔 회복 못해 평생 투석 신세 <b>콜라</b>색... 그런데 집에 돌아오니 온몸에 힘이 빠지는 무기력감이 몰려왔고 <b>콜라</b> 색과 비슷한 짙은 갈색 소변을 봤다.... ,https://www.seoul.co.kr/news/life/health-news/2026/05/26/20260526019001?wlog_tag3=naver,naver_news,콜라,canonical,1.0,2026-05-26 11:01:39.370223+00:00,0,0,0,0,,고열·탈수 속 녹아내린 근육 세포 독성 물질이 신장 기능 망가뜨려 최악엔 회복 못해 평생 투석 신세 <b>콜라</b>색... 그런데 집에 돌아오니 온몸에 힘이 빠지는 무기력감이 몰려왔고 <b>콜라</b> 색과 비슷한 짙은 갈색 소변을 봤다.... ,"{""title"": ""여름철 무리한 운동에 근육 녹아요… 심하면 급성신부전 위험"", ""originallink"": ""https://www.seoul.co.kr/news/life/health-news/2026/05/26/20260526019001?wlog_tag3=naver"", ""link"": ""https://n.news.naver.com/mnews/article/081/0003646657?sid=103"", ""description"": ""고열·탈수 속 녹아내린 근육 세포 독성 물질이 신장 기능 망가뜨려 최악엔 회복 못해 평생 투석 신세 <b>콜라</b>색... 그런데 집에 돌아오니 온몸에 힘이 빠지는 무기력감이 몰려왔고 <b>콜라</b> 색과 비슷한 짙은 갈색 소변을 봤다.... "", ""pubDate"": ""Mon, 25 May 2026 19:51:00 +0900""}",,
콜라,single_term_fallback,콜라,"“단일화는 하는건지 마는건지”… 5파전 평택을, 유권자도 혼돈",https://n.news.naver.com/mnews/article/023/0003978440?sid=162,2026-05-25 15:50:00+00:00,유의동 후보도 유승민 전 의원과 함께 고덕신도시에서 유세를 한 후 인근 한 호프집에서 치킨과 <b>콜라</b>를 먹었다. 조국 후보도 이날 오후 당 지도부와 함께 고덕신도시 사거리를 찾아 유세했다.,https://www.chosun.com/politics/election2026/2026/05/26/7B33CVMDINDK5A5SHSS5NVJINM/?utm_source=naver&utm_medium=referral&utm_campaign=naver-news,naver_news,콜라,canonical,1.0,2026-05-26 11:01:39.370223+00:00,0,0,0,0,,유의동 후보도 유승민 전 의원과 함께 고덕신도시에서 유세를 한 후 인근 한 호프집에서 치킨과 <b>콜라</b>를 먹었다. 조국 후보도 이날 오후 당 지도부와 함께 고덕신도시 사거리를 찾아 유세했다.,"{""title"": ""“단일화는 하는건지 마는건지”… 5파전 평택을, 유권자도 혼돈"", ""originallink"": ""https://www.chosun.com/politics/election2026/2026/05/26/7B33CVMDINDK5A5SHSS5NVJINM/?utm_source=naver&utm_medium=referral&utm_campaign=naver-news"", ""link"": ""https://n.news.naver.com/mnews/article/023/0003978440?sid=162"", ""description"": ""유의동 후보도 유승민 전 의원과 함께 고덕신도시에서 유세를 한 후 인근 한 호프집에서 치킨과 <b>콜라</b>를 먹었다. 조국 후보도 이날 오후 당 지도부와 함께 고덕신도시 사거리를 찾아 유세했다."", ""pubDate"": ""Tue, 26 May 2026 00:50:00 +0900""}",,
콜라,single_term_fallback,콜라,김동현 &quot;술은 성공하고 마셔&quot;…김응수 &quot;완전 꼰대&quot; 돌직구,https://m.entertain.naver.com/article/008/0005362448,2026-05-25 18:32:00+00:00,같은 영상을 본 이상민은 &quot;회식 자리라고 볼 수 없는 게 테이블 위에 제로 <b>콜라</b>밖에 없다&quot;고 거들었다. 그러자 김동현은 &quot;우리 팀은 술은 성공하고 먹자는 생각&quot;이라고 밝혔다. 이에 김응수는 &quot;이것도 꼰대다. 왜 술을... ,https://www.mt.co.kr/entertainment/2026/05/26/2026052603151671170,naver_news,콜라,canonical,1.0,2026-05-26 11:01:39.370223+00:00,0,0,0,0,,같은 영상을 본 이상민은 &quot;회식 자리라고 볼 수 없는 게 테이블 위에 제로 <b>콜라</b>밖에 없다&quot;고 거들었다. 그러자 김동현은 &quot;우리 팀은 술은 성공하고 먹자는 생각&quot;이라고 밝혔다. 이에 김응수는 &quot;이것도 꼰대다. 왜 술을... ,"{""title"": ""김동현 &quot;술은 성공하고 마셔&quot;…김응수 &quot;완전 꼰대&quot; 돌직구"", ""originallink"": ""https://www.mt.co.kr/entertainment/2026/05/26/2026052603151671170"", ""link"": ""https://m.entertain.naver.com/article/008/0005362448"", ""description"": ""같은 영상을 본 이상민은 &quot;회식 자리라고 볼 수 없는 게 테이블 위에 제로 <b>콜라</b>밖에 없다&quot;고 거들었다. 그러자 김동현은 &quot;우리 팀은 술은 성공하고 먹자는 생각&quot;이라고 밝혔다. 이에 김응수는 &quot;이것도 꼰대다. 왜 술을... "", ""pubDate"": ""Tue, 26 May 2026 03:32:00 +0900""}",,
콜라,single_term_fallback,콜라,"한국 코카<b>콜라</b>, 청소년 40명에 장학금 수여",https://n.news.naver.com/mnews/article/022/0004130659?sid=101,2026-05-25 21:04:00+00:00,5개 부문 1억2000만원 전달 한국 코카<b>콜라</b>가 전국 각지에서 선발된 청소년 40명에게 1인당 300만원씩 장학금을 수여했다. 차범근 팀차붐 이사장(앞줄 오른쪽 네 번째)과 이준엽 한국 코카<b>콜라</b> 대표(〃세 번째)가... ,https://www.segye.com/newsView/20260525508314?OutUrl=naver,naver_news,콜라,canonical,1.0,2026-05-26 11:01:39.370223+00:00,0,0,0,0,,5개 부문 1억2000만원 전달 한국 코카<b>콜라</b>가 전국 각지에서 선발된 청소년 40명에게 1인당 300만원씩 장학금을 수여했다. 차범근 팀차붐 이사장(앞줄 오른쪽 네 번째)과 이준엽 한국 코카<b>콜라</b> 대표(〃세 번째)가... ,"{""title"": ""한국 코카<b>콜라</b>, 청소년 40명에 장학금 수여"", ""originallink"": ""https://www.segye.com/newsView/20260525508314?OutUrl=naver"", ""link"": ""https://n.news.naver.com/mnews/article/022/0004130659?sid=101"", ""description"": ""5개 부문 1억2000만원 전달 한국 코카<b>콜라</b>가 전국 각지에서 선발된 청소년 40명에게 1인당 300만원씩 장학금을 수여했다. 차범근 팀차붐 이사장(앞줄 오른쪽 네 번째)과 이준엽 한국 코카<b>콜라</b> 대표(〃세 번째)가... "", ""pubDate"": ""Tue, 26 May 2026 06:04:00 +0900""}",,
콜라,single_term_fallback,콜라,"[BS현장] 아이 손잡고, 마음 모아… 맥도날드 해피워크 6000명 ‘나눔 완...",https://n.news.naver.com/mnews/article/396/0000745197?sid=103,2026-05-25 21:04:00+00:00,한편 이날 행사에는 ▲매일유업 ▲오뚜기 ▲코카-<b>콜라</b> ▲델몬트코리아 ▲에쓰푸드 ▲선진FS ▲가옥바이오 ▲마틴브라워코리아 ▲타이슨푸드코리아 ▲빔보QSR코리아 ▲풀무원 ▲하나은행 등이 후원사로 함께했다.,https://www.sportsworldi.com/newsView/20260526500154,naver_news,콜라,canonical,1.0,2026-05-26 11:01:39.370223+00:00,0,0,0,0,,한편 이날 행사에는 ▲매일유업 ▲오뚜기 ▲코카-<b>콜라</b> ▲델몬트코리아 ▲에쓰푸드 ▲선진FS ▲가옥바이오 ▲마틴브라워코리아 ▲타이슨푸드코리아 ▲빔보QSR코리아 ▲풀무원 ▲하나은행 등이 후원사로 함께했다.,"{""title"": ""[BS현장] 아이 손잡고, 마음 모아… 맥도날드 해피워크 6000명 ‘나눔 완..."", ""originallink"": ""https://www.sportsworldi.com/newsView/20260526500154"", ""link"": ""https://n.news.naver.com/mnews/article/396/0000745197?sid=103"", ""description"": ""한편 이날 행사에는 ▲매일유업 ▲오뚜기 ▲코카-<b>콜라</b> ▲델몬트코리아 ▲에쓰푸드 ▲선진FS ▲가옥바이오 ▲마틴브라워코리아 ▲타이슨푸드코리아 ▲빔보QSR코리아 ▲풀무원 ▲하나은행 등이 후원사로 함께했다."", ""pubDate"": ""Tue, 26 May 2026 06:04:00 +0900""}",,
콜라,single_term_fallback,콜라,"[서울데이터랩] 미국 증시, 주요 지수 일제히 상승 마감…반도체 강세 ...",https://n.news.naver.com/mnews/article/081/0003646748?sid=101,2026-05-25 21:13:00+00:00,"뱅크오브아메리카와 코카<b>콜라</b>, P＆G, 모간스탠리도 나란히 오름세를 나타냈다. 반면 뉴욕 거래소 주요 종목 중에서는 TSMC ADR이 0.65% 내렸고, 엑슨모빌은 0.24%, 비자는 0.68%, 마스터카드는 0.22%, HSBC... ",https://www.seoul.co.kr/news/economy/securities/2026/05/26/20260526500002?wlog_tag3=naver,naver_news,콜라,canonical,1.0,2026-05-26 11:01:39.370223+00:00,0,0,0,0,,"뱅크오브아메리카와 코카<b>콜라</b>, P＆G, 모간스탠리도 나란히 오름세를 나타냈다. 반면 뉴욕 거래소 주요 종목 중에서는 TSMC ADR이 0.65% 내렸고, 엑슨모빌은 0.24%, 비자는 0.68%, 마스터카드는 0.22%, HSBC... ","{""title"": ""[서울데이터랩] 미국 증시, 주요 지수 일제히 상승 마감…반도체 강세 ..."", ""originallink"": ""https://www.seoul.co.kr/news/economy/securities/2026/05/26/20260526500002?wlog_tag3=naver"", ""link"": ""https://n.news.naver.com/mnews/article/081/0003646748?sid=101"", ""description"": ""뱅크오브아메리카와 코카<b>콜라</b>, P＆G, 모간스탠리도 나란히 오름세를 나타냈다. 반면 뉴욕 거래소 주요 종목 중에서는 TSMC ADR이 0.65% 내렸고, 엑슨모빌은 0.24%, 비자는 0.68%, 마스터카드는 0.22%, HSBC... "", ""pubDate"": ""Tue, 26 May 2026 06:13:00 +0900""}",,
콜라,single_term_fallback,콜라,전남 해양관광 우수성 입증,https://www.namdonews.com/news/articleView.html?idxno=911606,2026-05-25 22:16:00+00:00,체험형 콘텐츠 부문에는 여수시의 '섬 읽는 밤'(여수 요트<b>콜라</b>)이 뽑혔다. 7월부터 11월까지 운영하는 이 상품은 여수의 섬과 밤바다를 요트 위에서 감상하며 별자리와 해상 경관 해설을 듣고 기록형 콘텐츠를 즐기는 야간... ,https://www.namdonews.com/news/articleView.html?idxno=911606,naver_news,콜라,canonical,1.0,2026-05-26 11:01:39.370223+00:00,0,0,0,0,,체험형 콘텐츠 부문에는 여수시의 '섬 읽는 밤'(여수 요트<b>콜라</b>)이 뽑혔다. 7월부터 11월까지 운영하는 이 상품은 여수의 섬과 밤바다를 요트 위에서 감상하며 별자리와 해상 경관 해설을 듣고 기록형 콘텐츠를 즐기는 야간... ,"{""title"": ""전남 해양관광 우수성 입증"", ""originallink"": ""https://www.namdonews.com/news/articleView.html?idxno=911606"", ""link"": ""https://www.namdonews.com/news/articleView.html?idxno=911606"", ""description"": ""체험형 콘텐츠 부문에는 여수시의 '섬 읽는 밤'(여수 요트<b>콜라</b>)이 뽑혔다. 7월부터 11월까지 운영하는 이 상품은 여수의 섬과 밤바다를 요트 위에서 감상하며 별자리와 해상 경관 해설을 듣고 기록형 콘텐츠를 즐기는 야간... "", ""pubDate"": ""Tue, 26 May 2026 07:16:00 +0900""}",,
콜라,single_term_fallback,콜라,"콘진원, '2026 K-웹툰 인 스페인' 성공 개최..2억 달러 규모 상담 성과",https://kpenews.com/View.aspx?No=4089596,2026-05-25 23:54:00+00:00,"에스<b>콜라</b> 조소(Escola Joso), FX 애니메이션 바르셀로나 3D필름 스쿨(FX Animation Barcelona 3DFilm School) 등 현지... 특히 에스<b>콜라</b> 조소 측은 스페인 현지 공동 프로그램 운영 가능성을 제안했으며 우수 학생 포트폴리오... ",https://kpenews.com/View.aspx?No=4089596,naver_news,콜라,canonical,1.0,2026-05-26 11:01:39.370223+00:00,0,0,0,0,,"에스<b>콜라</b> 조소(Escola Joso), FX 애니메이션 바르셀로나 3D필름 스쿨(FX Animation Barcelona 3DFilm School) 등 현지... 특히 에스<b>콜라</b> 조소 측은 스페인 현지 공동 프로그램 운영 가능성을 제안했으며 우수 학생 포트폴리오... ","{""title"": ""콘진원, '2026 K-웹툰 인 스페인' 성공 개최..2억 달러 규모 상담 성과"", ""originallink"": ""https://kpenews.com/View.aspx?No=4089596"", ""link"": ""https://kpenews.com/View.aspx?No=4089596"", ""description"": ""에스<b>콜라</b> 조소(Escola Joso), FX 애니메이션 바르셀로나 3D필름 스쿨(FX Animation Barcelona 3DFilm School) 등 현지... 특히 에스<b>콜라</b> 조소 측은 스페인 현지 공동 프로그램 운영 가능성을 제안했으며 우수 학생 포트폴리오... "", ""pubDate"": ""Tue, 26 May 2026 08:54:00 +0900""}",,
콜라,single_term_fallback,콜라,"콘진원, 스페인 웹툰행사서 2억 달러 규모 수출 상담 '성과'",https://www.newspim.com/news/view/20260526000152,2026-05-25 23:58:00+00:00,"에스<b>콜라</b> 조소, FX 애니메이션 바르셀로나 등 현지 주요 교육기관들은 공동 프로그램 운영과 공동 창작 프로젝트 연계 방안에 높은 관심을 보였다. 스페인 현지 주요 출판사 그룹 플라네타 본사를 방문해 웹소설 IP의... ",https://www.newspim.com/news/view/20260526000152,naver_news,콜라,canonical,1.0,2026-05-26 11:01:39.370223+00:00,0,0,0,0,,"에스<b>콜라</b> 조소, FX 애니메이션 바르셀로나 등 현지 주요 교육기관들은 공동 프로그램 운영과 공동 창작 프로젝트 연계 방안에 높은 관심을 보였다. 스페인 현지 주요 출판사 그룹 플라네타 본사를 방문해 웹소설 IP의... ","{""title"": ""콘진원, 스페인 웹툰행사서 2억 달러 규모 수출 상담 '성과'"", ""originallink"": ""https://www.newspim.com/news/view/20260526000152"", ""link"": ""https://www.newspim.com/news/view/20260526000152"", ""description"": ""에스<b>콜라</b> 조소, FX 애니메이션 바르셀로나 등 현지 주요 교육기관들은 공동 프로그램 운영과 공동 창작 프로젝트 연계 방안에 높은 관심을 보였다. 스페인 현지 주요 출판사 그룹 플라네타 본사를 방문해 웹소설 IP의... "", ""pubDate"": ""Tue, 26 May 2026 08:58:00 +0900""}",,
콜라,single_term_fallback,콜라,합정 분위기 좋은 술집의 기준,https://blog.naver.com/queen_cool/224297128046,2026-05-26 00:00:00+00:00,때 <b>콜라</b> 먹으면 눈치 보이고 뻘줌하거든요 블루레몬이라 청량하고 맛있어요 그야말로 초딩 입 맛인 저로서는 음료수를 먹는 느낌 청량하고 톡 쏘는 게 뭐랄까 사이다에 고급 버젼이라고 해야할까? 레몬과 톡... ,,naver_blog,콜라,canonical,1.0,2026-05-26 11:01:39.710152+00:00,0,0,0,0,"아린월드, 오늘도 새로운 설렘",때 <b>콜라</b> 먹으면 눈치 보이고 뻘줌하거든요 블루레몬이라 청량하고 맛있어요 그야말로 초딩 입 맛인 저로서는 음료수를 먹는 느낌 청량하고 톡 쏘는 게 뭐랄까 사이다에 고급 버젼이라고 해야할까? 레몬과 톡... ,"{""title"": ""합정 분위기 좋은 술집의 기준"", ""link"": ""https://blog.naver.com/queen_cool/224297128046"", ""description"": ""때 <b>콜라</b> 먹으면 눈치 보이고 뻘줌하거든요 블루레몬이라 청량하고 맛있어요 그야말로 초딩 입 맛인 저로서는 음료수를 먹는 느낌 청량하고 톡 쏘는 게 뭐랄까 사이다에 고급 버젼이라고 해야할까? 레몬과 톡... "", ""bloggername"": ""아린월드, 오늘도 새로운 설렘"", ""bloggerlink"": ""blog.naver.com/queen_cool"", ""postdate"": ""20260526""}","아린월드, 오늘도 새로운 설렘",blog.naver.com/queen_cool
콜라,single_term_fallback,콜라,"퀸스타운 3박4일 (맛집-finz, 파타고니아, Fat Badgers... ",https://blog.naver.com/290day/224295831259,2026-05-26 00:00:00+00:00,gl/F549ePjyqRYUipgZ6 주문은 피자 한 판 4만 원 이것저것 다 들어간 피자 주문 피자를 기다리는 동안 근처 아시아마트에서 내일 먹을 컵라면과 <b>콜라</b>를 샀다 피자 나왔어요! 따끈할 때 먹고 싶어서 매장... ,,naver_blog,콜라,canonical,1.0,2026-05-26 11:01:39.710152+00:00,0,0,0,0,290,gl/F549ePjyqRYUipgZ6 주문은 피자 한 판 4만 원 이것저것 다 들어간 피자 주문 피자를 기다리는 동안 근처 아시아마트에서 내일 먹을 컵라면과 <b>콜라</b>를 샀다 피자 나왔어요! 따끈할 때 먹고 싶어서 매장... ,"{""title"": ""퀸스타운 3박4일 (맛집-finz, 파타고니아, Fat Badgers... "", ""link"": ""https://blog.naver.com/290day/224295831259"", ""description"": ""gl/F549ePjyqRYUipgZ6 주문은 피자 한 판 4만 원 이것저것 다 들어간 피자 주문 피자를 기다리는 동안 근처 아시아마트에서 내일 먹을 컵라면과 <b>콜라</b>를 샀다 피자 나왔어요! 따끈할 때 먹고 싶어서 매장... "", ""bloggername"": ""290"", ""bloggerlink"": ""blog.naver.com/290day"", ""postdate"": ""20260526""}",290,blog.naver.com/290day
콜라,single_term_fallback,콜라,"《화로소저(话痨小姐)》 111장, 번외 1",https://blog.naver.com/persephone_2720/224297129139,2026-05-26 00:00:00+00:00,"&quot;나 이거 볏속까지 정밀하게 해킹해서 본사 복귀하면 주방 화력 제어 서사에 반영하겠어.&quot; &quot;가성비 훌륭한 버거 맛집이네, 전폭적인 지지를 보낸다, 지장 쾅.&quot; 투밍은 <b>콜라</b>를 들이켜며 루미가 입을 크게 벌려 대형... ",,naver_blog,콜라,canonical,1.0,2026-05-26 11:01:39.710152+00:00,0,0,0,0,내가 좋아하는..,"&quot;나 이거 볏속까지 정밀하게 해킹해서 본사 복귀하면 주방 화력 제어 서사에 반영하겠어.&quot; &quot;가성비 훌륭한 버거 맛집이네, 전폭적인 지지를 보낸다, 지장 쾅.&quot; 투밍은 <b>콜라</b>를 들이켜며 루미가 입을 크게 벌려 대형... ","{""title"": ""《화로소저(话痨小姐)》 111장, 번외 1"", ""link"": ""https://blog.naver.com/persephone_2720/224297129139"", ""description"": ""&quot;나 이거 볏속까지 정밀하게 해킹해서 본사 복귀하면 주방 화력 제어 서사에 반영하겠어.&quot; &quot;가성비 훌륭한 버거 맛집이네, 전폭적인 지지를 보낸다, 지장 쾅.&quot; 투밍은 <b>콜라</b>를 들이켜며 루미가 입을 크게 벌려 대형... "", ""bloggername"": ""내가 좋아하는.."", ""bloggerlink"": ""blog.naver.com/persephone_2720"", ""postdate"": ""20260526""}",내가 좋아하는..,blog.naver.com/persephone_2720
콜라,single_term_fallback,콜라,역삼역 양꼬치 맛집 | 양복점 역삼점,https://blog.naver.com/ssal_goo/224297128735,2026-05-26 00:00:00+00:00,"소주 + <b>콜라</b>  마늘꼬치  옥면 이거 진짜 꿀팁인데요 마늘꼬치는 무조건 추가하십셔 다섯꼬치에 3,000원이라 가성비도 엄청나요. 노릇노릇하게 구운 마늘을 양꼬치랑 같이 한 입 먹으면… 이 조합이 왜 국룰인지... ",,naver_blog,콜라,canonical,1.0,2026-05-26 11:01:39.710152+00:00,0,0,0,0,:,"소주 + <b>콜라</b>  마늘꼬치  옥면 이거 진짜 꿀팁인데요 마늘꼬치는 무조건 추가하십셔 다섯꼬치에 3,000원이라 가성비도 엄청나요. 노릇노릇하게 구운 마늘을 양꼬치랑 같이 한 입 먹으면… 이 조합이 왜 국룰인지... ","{""title"": ""역삼역 양꼬치 맛집 | 양복점 역삼점"", ""link"": ""https://blog.naver.com/ssal_goo/224297128735"", ""description"": ""소주 + <b>콜라</b>  마늘꼬치  옥면 이거 진짜 꿀팁인데요 마늘꼬치는 무조건 추가하십셔 다섯꼬치에 3,000원이라 가성비도 엄청나요. 노릇노릇하게 구운 마늘을 양꼬치랑 같이 한 입 먹으면… 이 조합이 왜 국룰인지... "", ""bloggername"": "":"", ""bloggerlink"": ""blog.naver.com/ssal_goo"", ""postdate"": ""20260526""}",:,blog.naver.com/ssal_goo
콜라,single_term_fallback,콜라,[전북 군산] 99씨엘,https://blog.naver.com/bbne2790/224297130096,2026-05-26 00:00:00+00:00,"검색창에 99씨엘 검색하고 영수증 리뷰 작성하면 <b>콜라</b>, 사이다, 환타 중 하나를 서비스로 받을 수 있어요. 이런 건 놓치면 손해잖아요? 다들 꼭 챙겨서 맛있는 음료까지 함께 즐기세요!  ✔️논밭뷰 맛집, 데이트... ",,naver_blog,콜라,canonical,1.0,2026-05-26 11:01:39.710152+00:00,0,0,0,0,복세편살,"검색창에 99씨엘 검색하고 영수증 리뷰 작성하면 <b>콜라</b>, 사이다, 환타 중 하나를 서비스로 받을 수 있어요. 이런 건 놓치면 손해잖아요? 다들 꼭 챙겨서 맛있는 음료까지 함께 즐기세요!  ✔️논밭뷰 맛집, 데이트... ","{""title"": ""[전북 군산] 99씨엘"", ""link"": ""https://blog.naver.com/bbne2790/224297130096"", ""description"": ""검색창에 99씨엘 검색하고 영수증 리뷰 작성하면 <b>콜라</b>, 사이다, 환타 중 하나를 서비스로 받을 수 있어요. 이런 건 놓치면 손해잖아요? 다들 꼭 챙겨서 맛있는 음료까지 함께 즐기세요!  ✔️논밭뷰 맛집, 데이트... "", ""bloggername"": ""복세편살"", ""bloggerlink"": ""blog.naver.com/bbne2790"", ""postdate"": ""20260526""}",복세편살,blog.naver.com/bbne2790
콜라,single_term_fallback,콜라,대전 오류동 술집 서대전네거리역 오뎅바 감성 이자카야... ,https://blog.naver.com/cksfks10042/224297130160,2026-05-26 00:00:00+00:00,"거기에 나는 소주 한 잔, 백노무사는 <b>콜라</b> 한 잔으로 ㅋ 금주 중인 사람과 한잔하는 사람이 같은 테이블에서 부담 없이 즐길 수 있다는 것도 이 집이 가진 분위기 덕분이었음. 부산집 불 떡볶이 - 매운맛으로... ",,naver_blog,콜라,canonical,1.0,2026-05-26 11:01:39.710152+00:00,0,0,0,0,찬란2와 백노무사의 맛나는 인생,"거기에 나는 소주 한 잔, 백노무사는 <b>콜라</b> 한 잔으로 ㅋ 금주 중인 사람과 한잔하는 사람이 같은 테이블에서 부담 없이 즐길 수 있다는 것도 이 집이 가진 분위기 덕분이었음. 부산집 불 떡볶이 - 매운맛으로... ","{""title"": ""대전 오류동 술집 서대전네거리역 오뎅바 감성 이자카야... "", ""link"": ""https://blog.naver.com/cksfks10042/224297130160"", ""description"": ""거기에 나는 소주 한 잔, 백노무사는 <b>콜라</b> 한 잔으로 ㅋ 금주 중인 사람과 한잔하는 사람이 같은 테이블에서 부담 없이 즐길 수 있다는 것도 이 집이 가진 분위기 덕분이었음. 부산집 불 떡볶이 - 매운맛으로... "", ""bloggername"": ""찬란2와 백노무사의 맛나는 인생"", ""bloggerlink"": ""blog.naver.com/cksfks10042"", ""postdate"": ""20260526""}",찬란2와 백노무사의 맛나는 인생,blog.naver.com/cksfks10042
콜라,single_term_fallback,콜라,우당탕탕 서울 여행 1일차 | 진옥화할매원조닭한마리 | 청계천... ,https://blog.naver.com/yskysk1119/224297130424,2026-05-26 00:00:00+00:00,아주 행복  지나가다 오빠랑 한 컷 신흥시장이랑 코카<b>콜라</b>랑 같이 행사같은 것도 하는 것 같더라구용 거리가 너무 힙하구 특색 있어서 오빠가 외국에 온 것 같다구 했어용~~ 서울 놀러오시는 분들은 해방촌... ,,naver_blog,콜라,canonical,1.0,2026-05-26 11:01:39.710152+00:00,0,0,0,0,부산에 사는 너구리탐정,아주 행복  지나가다 오빠랑 한 컷 신흥시장이랑 코카<b>콜라</b>랑 같이 행사같은 것도 하는 것 같더라구용 거리가 너무 힙하구 특색 있어서 오빠가 외국에 온 것 같다구 했어용~~ 서울 놀러오시는 분들은 해방촌... ,"{""title"": ""우당탕탕 서울 여행 1일차 | 진옥화할매원조닭한마리 | 청계천... "", ""link"": ""https://blog.naver.com/yskysk1119/224297130424"", ""description"": ""아주 행복  지나가다 오빠랑 한 컷 신흥시장이랑 코카<b>콜라</b>랑 같이 행사같은 것도 하는 것 같더라구용 거리가 너무 힙하구 특색 있어서 오빠가 외국에 온 것 같다구 했어용~~ 서울 놀러오시는 분들은 해방촌... "", ""bloggername"": ""부산에 사는 너구리탐정"", ""bloggerlink"": ""blog.naver.com/yskysk1119"", ""postdate"": ""20260526""}",부산에 사는 너구리탐정,blog.naver.com/yskysk1119
콜라,single_term_fallback,콜라,"종로5가 희희, 일요일 낮 혼밥으로 즐긴 성게알 소바와 웨이팅... ",https://blog.naver.com/su6396/224297130968,2026-05-26 00:00:00+00:00,"주류) <b>콜라</b>/사이다: 2,000원/에이드(레몬/자몽/청포도): 5,000원/ 기린 생맥주: 8,000원/ 하이볼(레몬/얼그레이): 8,000원 성게알소바 19,000 가격이 조오금 비싼편인거같기는한데 성게알이니까 ㅜㅜ 제철재료를... ",,naver_blog,콜라,canonical,1.0,2026-05-26 11:01:39.710152+00:00,0,0,0,0,뿡여사의 일상로그,"주류) <b>콜라</b>/사이다: 2,000원/에이드(레몬/자몽/청포도): 5,000원/ 기린 생맥주: 8,000원/ 하이볼(레몬/얼그레이): 8,000원 성게알소바 19,000 가격이 조오금 비싼편인거같기는한데 성게알이니까 ㅜㅜ 제철재료를... ","{""title"": ""종로5가 희희, 일요일 낮 혼밥으로 즐긴 성게알 소바와 웨이팅... "", ""link"": ""https://blog.naver.com/su6396/224297130968"", ""description"": ""주류) <b>콜라</b>/사이다: 2,000원/에이드(레몬/자몽/청포도): 5,000원/ 기린 생맥주: 8,000원/ 하이볼(레몬/얼그레이): 8,000원 성게알소바 19,000 가격이 조오금 비싼편인거같기는한데 성게알이니까 ㅜㅜ 제철재료를... "", ""bloggername"": ""뿡여사의 일상로그"", ""bloggerlink"": ""blog.naver.com/su6396"", ""postdate"": ""20260526""}",뿡여사의 일상로그,blog.naver.com/su6396
콜라,single_term_fallback,콜라,내돈내산 《밀린글털기》 [롯데슈퍼] 행복한소비 즐거운소비... ,https://blog.naver.com/bigmouthpig/224297131837,2026-05-26 00:00:00+00:00,물어봤넹 #펩시<b>콜라</b> #1플러스1 후기 : 작은애 #<b>콜라</b>쟁이 방에 한병을 그냥 들고 들어가는 포스 #포카리스웨트 #딸맹이음료 #알뜰구매코너 #저렴딱지 #대추방울토마토 작은애 방울토마토 좋아해서 #화끈한구매... ,,naver_blog,콜라,canonical,1.0,2026-05-26 11:01:39.710152+00:00,0,0,0,0,향기나무,물어봤넹 #펩시<b>콜라</b> #1플러스1 후기 : 작은애 #<b>콜라</b>쟁이 방에 한병을 그냥 들고 들어가는 포스 #포카리스웨트 #딸맹이음료 #알뜰구매코너 #저렴딱지 #대추방울토마토 작은애 방울토마토 좋아해서 #화끈한구매... ,"{""title"": ""내돈내산 《밀린글털기》 [롯데슈퍼] 행복한소비 즐거운소비... "", ""link"": ""https://blog.naver.com/bigmouthpig/224297131837"", ""description"": ""물어봤넹 #펩시<b>콜라</b> #1플러스1 후기 : 작은애 #<b>콜라</b>쟁이 방에 한병을 그냥 들고 들어가는 포스 #포카리스웨트 #딸맹이음료 #알뜰구매코너 #저렴딱지 #대추방울토마토 작은애 방울토마토 좋아해서 #화끈한구매... "", ""bloggername"": ""향기나무"", ""bloggerlink"": ""blog.naver.com/bigmouthpig"", ""postdate"": ""20260526""}",향기나무,blog.naver.com/bigmouthpig
콜라,single_term_fallback,콜라,26.5.26 Tue: 등,https://blog.naver.com/alsgml1133/224297132526,2026-05-26 00:00:00+00:00,출근이라니ㅣㅣㅣ 싸이클 25분 아침밥 김밥 반줄 닭찌 계란1 오늘따라 정신없어버려 아칩밥 찜닭 생선까스 콩자반 떡갈비 샐러드/모닝빵 미역국 아니 제로<b>콜라</b>옆에 학생때 젤 좋아하던 데미소다레몬맛!!... ,,naver_blog,콜라,canonical,1.0,2026-05-26 11:01:39.710152+00:00,0,0,0,0,운동하는 일상,출근이라니ㅣㅣㅣ 싸이클 25분 아침밥 김밥 반줄 닭찌 계란1 오늘따라 정신없어버려 아칩밥 찜닭 생선까스 콩자반 떡갈비 샐러드/모닝빵 미역국 아니 제로<b>콜라</b>옆에 학생때 젤 좋아하던 데미소다레몬맛!!... ,"{""title"": ""26.5.26 Tue: 등"", ""link"": ""https://blog.naver.com/alsgml1133/224297132526"", ""description"": ""출근이라니ㅣㅣㅣ 싸이클 25분 아침밥 김밥 반줄 닭찌 계란1 오늘따라 정신없어버려 아칩밥 찜닭 생선까스 콩자반 떡갈비 샐러드/모닝빵 미역국 아니 제로<b>콜라</b>옆에 학생때 젤 좋아하던 데미소다레몬맛!!... "", ""bloggername"": ""운동하는 일상"", ""bloggerlink"": ""blog.naver.com/alsgml1133"", ""postdate"": ""20260526""}",운동하는 일상,blog.naver.com/alsgml1133
콜라,single_term_fallback,콜라,수원 행궁동 버거맛집 프레클 내슈빌핫치킨버거 내돈내산... ,https://blog.naver.com/lel1111/224297132394,2026-05-26 00:00:00+00:00,이런 마음이 들었던 맛 · 매운맛 조절 가능 → 취향 반영 GOOD · 샐러드 + 치킨버거 조합 미침 · 양·맛·식감·소스 황금비율 · 데이트 / 가족 외식 / 친구랑 가볍게 / 혼밥 다 가능 개인적으로는 감튀 + 제로<b>콜라</b>... ,,naver_blog,콜라,canonical,1.0,2026-05-26 11:01:39.710152+00:00,0,0,0,0,토시살 공주,이런 마음이 들었던 맛 · 매운맛 조절 가능 → 취향 반영 GOOD · 샐러드 + 치킨버거 조합 미침 · 양·맛·식감·소스 황금비율 · 데이트 / 가족 외식 / 친구랑 가볍게 / 혼밥 다 가능 개인적으로는 감튀 + 제로<b>콜라</b>... ,"{""title"": ""수원 행궁동 버거맛집 프레클 내슈빌핫치킨버거 내돈내산... "", ""link"": ""https://blog.naver.com/lel1111/224297132394"", ""description"": ""이런 마음이 들었던 맛 · 매운맛 조절 가능 → 취향 반영 GOOD · 샐러드 + 치킨버거 조합 미침 · 양·맛·식감·소스 황금비율 · 데이트 / 가족 외식 / 친구랑 가볍게 / 혼밥 다 가능 개인적으로는 감튀 + 제로<b>콜라</b>... "", ""bloggername"": ""토시살 공주"", ""bloggerlink"": ""blog.naver.com/lel1111"", ""postdate"": ""20260526""}",토시살 공주,blog.naver.com/lel1111
콜라,single_term_fallback,콜라,"남양주 북한강 금남리 파스타 맛집 추천, 파솥타 메뉴&amp;주차... ",https://blog.naver.com/poppystudentc/224297132650,2026-05-26 00:00:00+00:00,"제로<b>콜라</b>(3,000원)을 하나 시켰습니다. 아메리카노랑 에이드도 있어요. 그리고 퓨전 우동 메뉴도 있습니다. 확실히 저란 간 술안주도 먹기도 괜찮을 거 같아요. 차음에 소주를 팔길래 뭐지 싶었는데 이렇게 소주... ",,naver_blog,콜라,canonical,1.0,2026-05-26 11:01:39.710152+00:00,0,0,0,0,C의 기록,"제로<b>콜라</b>(3,000원)을 하나 시켰습니다. 아메리카노랑 에이드도 있어요. 그리고 퓨전 우동 메뉴도 있습니다. 확실히 저란 간 술안주도 먹기도 괜찮을 거 같아요. 차음에 소주를 팔길래 뭐지 싶었는데 이렇게 소주... ","{""title"": ""남양주 북한강 금남리 파스타 맛집 추천, 파솥타 메뉴&amp;주차... "", ""link"": ""https://blog.naver.com/poppystudentc/224297132650"", ""description"": ""제로<b>콜라</b>(3,000원)을 하나 시켰습니다. 아메리카노랑 에이드도 있어요. 그리고 퓨전 우동 메뉴도 있습니다. 확실히 저란 간 술안주도 먹기도 괜찮을 거 같아요. 차음에 소주를 팔길래 뭐지 싶었는데 이렇게 소주... "", ""bloggername"": ""C의 기록"", ""bloggerlink"": ""blog.naver.com/poppystudentc"", ""postdate"": ""20260526""}",C의 기록,blog.naver.com/poppystudentc
콜라,single_term_fallback,콜라,내가 백만원이 없어서 그래 만 백원도 없는데 지금,https://blog.naver.com/welcometomyblue/224297133933,2026-05-26 00:00:00+00:00,콰삭킹에제로<b>콜라</b>모임가입하시길ㄱㄱ 0222 수술전마지막팬사인이벤트라 슬픔이엿는데 저분이 내히퍼 보자마자또놀림 하나사주겟다면서 혹시 언제사주시는지.. 마지막기념 마지막이아니게되었긴하지만 ..... ,,naver_blog,콜라,canonical,1.0,2026-05-26 11:01:39.710152+00:00,0,0,0,0,welcometomyblue,콰삭킹에제로<b>콜라</b>모임가입하시길ㄱㄱ 0222 수술전마지막팬사인이벤트라 슬픔이엿는데 저분이 내히퍼 보자마자또놀림 하나사주겟다면서 혹시 언제사주시는지.. 마지막기념 마지막이아니게되었긴하지만 ..... ,"{""title"": ""내가 백만원이 없어서 그래 만 백원도 없는데 지금"", ""link"": ""https://blog.naver.com/welcometomyblue/224297133933"", ""description"": ""콰삭킹에제로<b>콜라</b>모임가입하시길ㄱㄱ 0222 수술전마지막팬사인이벤트라 슬픔이엿는데 저분이 내히퍼 보자마자또놀림 하나사주겟다면서 혹시 언제사주시는지.. 마지막기념 마지막이아니게되었긴하지만 ..... "", ""bloggername"": ""welcometomyblue"", ""bloggerlink"": ""blog.naver.com/welcometomyblue"", ""postdate"": ""20260526""}",welcometomyblue,blog.naver.com/welcometomyblue
콜라,single_term_fallback,콜라,성사동족발 맛집 원당역 행님족발 내돈내산 후기,https://blog.naver.com/li9793/224297134711,2026-05-26 00:00:00+00:00,"막국수와 무김치, 부추무침, 상추, 깻잎, 청양고추, 마늘, 쌈장, 새우젓 그리고 <b>콜라</b>500ml까지 함께 구성되어 있어서 만족스러웠어요! 그리고 저희는 주먹밥까지 추가로 주문해서 더욱 든든하게 즐겨봤답니다!!... ",,naver_blog,콜라,canonical,1.0,2026-05-26 11:01:39.710152+00:00,0,0,0,0,내일은 더 행복하게,"막국수와 무김치, 부추무침, 상추, 깻잎, 청양고추, 마늘, 쌈장, 새우젓 그리고 <b>콜라</b>500ml까지 함께 구성되어 있어서 만족스러웠어요! 그리고 저희는 주먹밥까지 추가로 주문해서 더욱 든든하게 즐겨봤답니다!!... ","{""title"": ""성사동족발 맛집 원당역 행님족발 내돈내산 후기"", ""link"": ""https://blog.naver.com/li9793/224297134711"", ""description"": ""막국수와 무김치, 부추무침, 상추, 깻잎, 청양고추, 마늘, 쌈장, 새우젓 그리고 <b>콜라</b>500ml까지 함께 구성되어 있어서 만족스러웠어요! 그리고 저희는 주먹밥까지 추가로 주문해서 더욱 든든하게 즐겨봤답니다!!... "", ""bloggername"": ""내일은 더 행복하게"", ""bloggerlink"": ""blog.naver.com/li9793"", ""postdate"": ""20260526""}",내일은 더 행복하게,blog.naver.com/li9793
콜라,single_term_fallback,콜라,"✅13900원 펩시<b>콜라</b> 제로, 라임맛, 500ml, 20개",https://blog.naver.com/hj142300/224297135457,2026-05-26 00:00:00+00:00,"✅13900원 펩시<b>콜라</b> 제로, 라임맛, 500ml, 20개 https://toss.im/_m/ha93CZ9r • 멤버십 와우/네멤/유클) + 카드 할인 적용가 • 가격이 다르면 쿠폰 마감 또는 종료된 딜입니다  매번 놓치는 핫딜, 이제 그만... ",,naver_blog,콜라,canonical,1.0,2026-05-26 11:01:39.710152+00:00,0,0,0,0,알뜰살뜰 혜택모아! 똑똑한 할인·절약 꿀팁 저장,"✅13900원 펩시<b>콜라</b> 제로, 라임맛, 500ml, 20개 https://toss.im/_m/ha93CZ9r • 멤버십 와우/네멤/유클) + 카드 할인 적용가 • 가격이 다르면 쿠폰 마감 또는 종료된 딜입니다  매번 놓치는 핫딜, 이제 그만... ","{""title"": ""✅13900원 펩시<b>콜라</b> 제로, 라임맛, 500ml, 20개"", ""link"": ""https://blog.naver.com/hj142300/224297135457"", ""description"": ""✅13900원 펩시<b>콜라</b> 제로, 라임맛, 500ml, 20개 https://toss.im/_m/ha93CZ9r • 멤버십 와우/네멤/유클) + 카드 할인 적용가 • 가격이 다르면 쿠폰 마감 또는 종료된 딜입니다  매번 놓치는 핫딜, 이제 그만... "", ""bloggername"": ""알뜰살뜰 혜택모아! 똑똑한 할인·절약 꿀팁 저장"", ""bloggerlink"": ""blog.naver.com/hj142300"", ""postdate"": ""20260526""}",알뜰살뜰 혜택모아! 똑똑한 할인·절약 꿀팁 저장,blog.naver.com/hj142300
콜라,single_term_fallback,콜라,"기흥 사구체신염, 신장의 거름망이 망가지면 왜 아침마다... ",https://blog.naver.com/dk_de/224297144617,2026-05-26 00:00:00+00:00,"서울대학교병원에 따르면 거름망이 손상되면 정상적으로는 통과하지 못해야 할 적혈구가 소변으로 빠져나와 소변 색이 붉거나 <b>콜라</b>색처럼 진하게 보이는 혈뇨가 생기고, 단백질이 함께 새어 나오면 소변에... ",,naver_blog,콜라,canonical,1.0,2026-05-26 11:01:39.710152+00:00,0,0,0,0,해인부부한의원,"서울대학교병원에 따르면 거름망이 손상되면 정상적으로는 통과하지 못해야 할 적혈구가 소변으로 빠져나와 소변 색이 붉거나 <b>콜라</b>색처럼 진하게 보이는 혈뇨가 생기고, 단백질이 함께 새어 나오면 소변에... ","{""title"": ""기흥 사구체신염, 신장의 거름망이 망가지면 왜 아침마다... "", ""link"": ""https://blog.naver.com/dk_de/224297144617"", ""description"": ""서울대학교병원에 따르면 거름망이 손상되면 정상적으로는 통과하지 못해야 할 적혈구가 소변으로 빠져나와 소변 색이 붉거나 <b>콜라</b>색처럼 진하게 보이는 혈뇨가 생기고, 단백질이 함께 새어 나오면 소변에... "", ""bloggername"": ""해인부부한의원"", ""bloggerlink"": ""blog.naver.com/dk_de"", ""postdate"": ""20260526""}",해인부부한의원,blog.naver.com/dk_de
콜라,single_term_fallback,콜라,"츄라우미수족관근처점심메뉴,부모님과오키나와메뉴추천... ",https://blog.naver.com/soll1219/224297136279,2026-05-26 00:00:00+00:00,"<b>콜라</b> 얼음잔에 시원하게 나오는거 아주...굳이에용 면종류 : 가는면 굳기 : 보통 스프 : 보통 파 : 있음 매운양념 : 없음 저는 다대기도 안넣어먹는 사람이라 양념xxxxx!! 차슈 비린내, 질긴맛 없이 정말... ",,naver_blog,콜라,canonical,1.0,2026-05-26 11:01:39.710152+00:00,0,0,0,0,이모저모,"<b>콜라</b> 얼음잔에 시원하게 나오는거 아주...굳이에용 면종류 : 가는면 굳기 : 보통 스프 : 보통 파 : 있음 매운양념 : 없음 저는 다대기도 안넣어먹는 사람이라 양념xxxxx!! 차슈 비린내, 질긴맛 없이 정말... ","{""title"": ""츄라우미수족관근처점심메뉴,부모님과오키나와메뉴추천... "", ""link"": ""https://blog.naver.com/soll1219/224297136279"", ""description"": ""<b>콜라</b> 얼음잔에 시원하게 나오는거 아주...굳이에용 면종류 : 가는면 굳기 : 보통 스프 : 보통 파 : 있음 매운양념 : 없음 저는 다대기도 안넣어먹는 사람이라 양념xxxxx!! 차슈 비린내, 질긴맛 없이 정말... "", ""bloggername"": ""이모저모"", ""bloggerlink"": ""blog.naver.com/soll1219"", ""postdate"": ""20260526""}",이모저모,blog.naver.com/soll1219
콜라,single_term_fallback,콜라,5월은 아주 쉼이 끝이없네 ㅜㅜ,https://blog.naver.com/sonar4/224297136855,2026-05-26 00:00:00+00:00,이런 <b>콜라</b>.. 걍 마시찡 뚜한이 취저.. 2차는 아파트정원.. 먹고 잘치워주믄되징.. 둥이도 모시고나옴.. 겁나 얌전해!!~~~!!!/ 마시고 들어오니 뻗으시는분 빨래개키는데 저러고계심 나와라 오빠 짐싸구러.. 대체휴무..... ,,naver_blog,콜라,canonical,1.0,2026-05-26 11:01:39.710152+00:00,0,0,0,0,나답게 살아가기!!,이런 <b>콜라</b>.. 걍 마시찡 뚜한이 취저.. 2차는 아파트정원.. 먹고 잘치워주믄되징.. 둥이도 모시고나옴.. 겁나 얌전해!!~~~!!!/ 마시고 들어오니 뻗으시는분 빨래개키는데 저러고계심 나와라 오빠 짐싸구러.. 대체휴무..... ,"{""title"": ""5월은 아주 쉼이 끝이없네 ㅜㅜ"", ""link"": ""https://blog.naver.com/sonar4/224297136855"", ""description"": ""이런 <b>콜라</b>.. 걍 마시찡 뚜한이 취저.. 2차는 아파트정원.. 먹고 잘치워주믄되징.. 둥이도 모시고나옴.. 겁나 얌전해!!~~~!!!/ 마시고 들어오니 뻗으시는분 빨래개키는데 저러고계심 나와라 오빠 짐싸구러.. 대체휴무..... "", ""bloggername"": ""나답게 살아가기!!"", ""bloggerlink"": ""blog.naver.com/sonar4"", ""postdate"": ""20260526""}",나답게 살아가기!!,blog.naver.com/sonar4
콜라,single_term_fallback,콜라,(부르르멜론+사이다+자두+제로<b>콜라</b>+카페인프리+체리+수박)... ,https://blog.naver.com/sagastartup51/224297139110,2026-05-26 00:00:00+00:00,"7종의 맛 중 부르르 멜론, 사이다, 자두, 제로<b>콜라</b>, 카페인프리, 체리, 수박이 포함되어 있으며, 각... 일화 부르르 탄산음료 7종 2개씩 혼합 (부르르멜론+사이다+자두+제로<b>콜라</b>+카페인프리+체리+수박), 14개, 250ml",,naver_blog,콜라,canonical,1.0,2026-05-26 11:01:39.710152+00:00,0,0,0,0,sagastartup51님의 블로그,"7종의 맛 중 부르르 멜론, 사이다, 자두, 제로<b>콜라</b>, 카페인프리, 체리, 수박이 포함되어 있으며, 각... 일화 부르르 탄산음료 7종 2개씩 혼합 (부르르멜론+사이다+자두+제로<b>콜라</b>+카페인프리+체리+수박), 14개, 250ml","{""title"": ""(부르르멜론+사이다+자두+제로<b>콜라</b>+카페인프리+체리+수박)... "", ""link"": ""https://blog.naver.com/sagastartup51/224297139110"", ""description"": ""7종의 맛 중 부르르 멜론, 사이다, 자두, 제로<b>콜라</b>, 카페인프리, 체리, 수박이 포함되어 있으며, 각... 일화 부르르 탄산음료 7종 2개씩 혼합 (부르르멜론+사이다+자두+제로<b>콜라</b>+카페인프리+체리+수박), 14개, 250ml"", ""bloggername"": ""sagastartup51님의 블로그"", ""bloggerlink"": ""blog.naver.com/sagastartup51"", ""postdate"": ""20260526""}",sagastartup51님의 블로그,blog.naver.com/sagastartup51
콜라,single_term_fallback,콜라,인천롯데백화점 맛집 식당 :: '멘야 서울' 라멘집,https://blog.naver.com/milkysuk/224297139854,2026-05-26 00:00:00+00:00,우리는 코카<b>콜라</b> 제로를 골랐어용 인천 롯데백화점 푸드코트에서 밥 먹으면 앉을 데가 없어서 헤매게... 라멘 기름지게 먹고 나면 필요할 것 같았던 <b>콜라</b>는 생각보다 너무 깔끔한 뒷맛에 들고 집으로 갔다는... ,,naver_blog,콜라,canonical,1.0,2026-05-26 11:01:39.710152+00:00,0,0,0,0,너굴이의 육아일기,우리는 코카<b>콜라</b> 제로를 골랐어용 인천 롯데백화점 푸드코트에서 밥 먹으면 앉을 데가 없어서 헤매게... 라멘 기름지게 먹고 나면 필요할 것 같았던 <b>콜라</b>는 생각보다 너무 깔끔한 뒷맛에 들고 집으로 갔다는... ,"{""title"": ""인천롯데백화점 맛집 식당 :: '멘야 서울' 라멘집"", ""link"": ""https://blog.naver.com/milkysuk/224297139854"", ""description"": ""우리는 코카<b>콜라</b> 제로를 골랐어용 인천 롯데백화점 푸드코트에서 밥 먹으면 앉을 데가 없어서 헤매게... 라멘 기름지게 먹고 나면 필요할 것 같았던 <b>콜라</b>는 생각보다 너무 깔끔한 뒷맛에 들고 집으로 갔다는... "", ""bloggername"": ""너굴이의 육아일기"", ""bloggerlink"": ""blog.naver.com/milkysuk"", ""postdate"": ""20260526""}",너굴이의 육아일기,blog.naver.com/milkysuk
콜라,single_term_fallback,콜라,익선동_준벅,https://blog.naver.com/molela/224297141062,2026-05-26 00:00:00+00:00,"닥터페퍼, <b>콜라</b>, 제로<b>콜라</b>, 스프라이트, 생수 https://naver.me/F16SxdPz 익선동 수제버거 - 준벅 익선동 수제버거 준벅. 이곳은 이전에 양키스버거란 이름의 매장이었다. 이후에 문을 닫았다가 다시 오픈한 곳이... ",,naver_blog,콜라,canonical,1.0,2026-05-26 11:01:39.710152+00:00,0,0,0,0,몰라씨의 하루,"닥터페퍼, <b>콜라</b>, 제로<b>콜라</b>, 스프라이트, 생수 https://naver.me/F16SxdPz 익선동 수제버거 - 준벅 익선동 수제버거 준벅. 이곳은 이전에 양키스버거란 이름의 매장이었다. 이후에 문을 닫았다가 다시 오픈한 곳이... ","{""title"": ""익선동_준벅"", ""link"": ""https://blog.naver.com/molela/224297141062"", ""description"": ""닥터페퍼, <b>콜라</b>, 제로<b>콜라</b>, 스프라이트, 생수 https://naver.me/F16SxdPz 익선동 수제버거 - 준벅 익선동 수제버거 준벅. 이곳은 이전에 양키스버거란 이름의 매장이었다. 이후에 문을 닫았다가 다시 오픈한 곳이... "", ""bloggername"": ""몰라씨의 하루"", ""bloggerlink"": ""blog.naver.com/molela"", ""postdate"": ""20260526""}",몰라씨의 하루,blog.naver.com/molela
콜라,single_term_fallback,콜라,전 세계의 희귀 영상 27,https://blog.naver.com/kimcg3519/224297141216,2026-05-26 00:00:00+00:00,"1974년 펩시<b>콜라</b> 공장에 있는 L. I. 브레즈네프 14. 탱크 위의 펑크족들. 쿠데타. 모스크바, 1991년 8월 15. 유배 중인 요셉 브로드스키. 아르한겔스크 주 노린스카야 마을. 1965년. 16. 존 F. 케네디... ",,naver_blog,콜라,canonical,1.0,2026-05-26 11:01:39.710152+00:00,0,0,0,0,kimcg3519님의 블로그,"1974년 펩시<b>콜라</b> 공장에 있는 L. I. 브레즈네프 14. 탱크 위의 펑크족들. 쿠데타. 모스크바, 1991년 8월 15. 유배 중인 요셉 브로드스키. 아르한겔스크 주 노린스카야 마을. 1965년. 16. 존 F. 케네디... ","{""title"": ""전 세계의 희귀 영상 27"", ""link"": ""https://blog.naver.com/kimcg3519/224297141216"", ""description"": ""1974년 펩시<b>콜라</b> 공장에 있는 L. I. 브레즈네프 14. 탱크 위의 펑크족들. 쿠데타. 모스크바, 1991년 8월 15. 유배 중인 요셉 브로드스키. 아르한겔스크 주 노린스카야 마을. 1965년. 16. 존 F. 케네디... "", ""bloggername"": ""kimcg3519님의 블로그"", ""bloggerlink"": ""blog.naver.com/kimcg3519"", ""postdate"": ""20260526""}",kimcg3519님의 블로그,blog.naver.com/kimcg3519
콜라,single_term_fallback,콜라,[강남신세계 맛집] 나만 이제 먹어본 파이브가이즈 | 치즈버거... ,https://blog.naver.com/sssohappy819/224297142256,2026-05-26 00:00:00+00:00,"코카<b>콜라</b>로! 하나 시켜서 둘이 나눠먹었어요. 파이브가이즈 치즈버거(15,900₩) 금새 나온 뜨끈뜨끈한 햄버거~ 남자친구랑 저랑 둘다 치즈버거 올더웨이로 선택했어요. 이렇게 두개해서 31,800원에 <b>콜라</b>까지 35... ",,naver_blog,콜라,canonical,1.0,2026-05-26 11:01:39.710152+00:00,0,0,0,0,쏘- 해피DAY *⸌☻ັ⸍*,"코카<b>콜라</b>로! 하나 시켜서 둘이 나눠먹었어요. 파이브가이즈 치즈버거(15,900₩) 금새 나온 뜨끈뜨끈한 햄버거~ 남자친구랑 저랑 둘다 치즈버거 올더웨이로 선택했어요. 이렇게 두개해서 31,800원에 <b>콜라</b>까지 35... ","{""title"": ""[강남신세계 맛집] 나만 이제 먹어본 파이브가이즈 | 치즈버거... "", ""link"": ""https://blog.naver.com/sssohappy819/224297142256"", ""description"": ""코카<b>콜라</b>로! 하나 시켜서 둘이 나눠먹었어요. 파이브가이즈 치즈버거(15,900₩) 금새 나온 뜨끈뜨끈한 햄버거~ 남자친구랑 저랑 둘다 치즈버거 올더웨이로 선택했어요. 이렇게 두개해서 31,800원에 <b>콜라</b>까지 35... "", ""bloggername"": ""쏘- 해피DAY *⸌☻ັ⸍*"", ""bloggerlink"": ""blog.naver.com/sssohappy819"", ""postdate"": ""20260526""}",쏘- 해피DAY *⸌☻ັ⸍*,blog.naver.com/sssohappy819
콜라,single_term_fallback,콜라,성수동맛집 도죠｜사케동점보 제대로였던 성수동일식 후기,https://blog.naver.com/gkdud0844/224297142241,2026-05-26 00:00:00+00:00,왜 성수맛집으로 입소문 나는지 분위기부터 이해됐습니다 ㅎㅎ 주문한 메뉴 주문한 메뉴는 ✔ 사케동 점보 ✔ 감자 고로케 1개 ✔ <b>콜라</b> 였습니다 :) 사케동 점보는 연어를 좋아하는 여성분이라면 필수 입니다!... ,,naver_blog,콜라,canonical,1.0,2026-05-26 11:01:39.710152+00:00,0,0,0,0,힐링천사,왜 성수맛집으로 입소문 나는지 분위기부터 이해됐습니다 ㅎㅎ 주문한 메뉴 주문한 메뉴는 ✔ 사케동 점보 ✔ 감자 고로케 1개 ✔ <b>콜라</b> 였습니다 :) 사케동 점보는 연어를 좋아하는 여성분이라면 필수 입니다!... ,"{""title"": ""성수동맛집 도죠｜사케동점보 제대로였던 성수동일식 후기"", ""link"": ""https://blog.naver.com/gkdud0844/224297142241"", ""description"": ""왜 성수맛집으로 입소문 나는지 분위기부터 이해됐습니다 ㅎㅎ 주문한 메뉴 주문한 메뉴는 ✔ 사케동 점보 ✔ 감자 고로케 1개 ✔ <b>콜라</b> 였습니다 :) 사케동 점보는 연어를 좋아하는 여성분이라면 필수 입니다!... "", ""bloggername"": ""힐링천사"", ""bloggerlink"": ""blog.naver.com/gkdud0844"", ""postdate"": ""20260526""}",힐링천사,blog.naver.com/gkdud0844
콜라,single_term_fallback,콜라,인천서구레스토랑 청라스테이크 맛집 코지하우스... ,https://blog.naver.com/biyak/224297142034,2026-05-26 00:00:00+00:00,"이연복셰프님과 <b>콜라</b>보한 특별한 메뉴들도 만나볼 수 있어요. 비가 많이 왔는데 우산을 보관할 우산... 중식대가 이연복 셰프님과 <b>콜라</b>보한 특별한 메뉴들도 있어요. 다양한 세트메뉴 스테이크와 립, 파스타... ",,naver_blog,콜라,canonical,1.0,2026-05-26 11:01:39.710152+00:00,0,0,0,0,"사랑하고, 또 사랑받고","이연복셰프님과 <b>콜라</b>보한 특별한 메뉴들도 만나볼 수 있어요. 비가 많이 왔는데 우산을 보관할 우산... 중식대가 이연복 셰프님과 <b>콜라</b>보한 특별한 메뉴들도 있어요. 다양한 세트메뉴 스테이크와 립, 파스타... ","{""title"": ""인천서구레스토랑 청라스테이크 맛집 코지하우스... "", ""link"": ""https://blog.naver.com/biyak/224297142034"", ""description"": ""이연복셰프님과 <b>콜라</b>보한 특별한 메뉴들도 만나볼 수 있어요. 비가 많이 왔는데 우산을 보관할 우산... 중식대가 이연복 셰프님과 <b>콜라</b>보한 특별한 메뉴들도 있어요. 다양한 세트메뉴 스테이크와 립, 파스타... "", ""bloggername"": ""사랑하고, 또 사랑받고"", ""bloggerlink"": ""blog.naver.com/biyak"", ""postdate"": ""20260526""}","사랑하고, 또 사랑받고",blog.naver.com/biyak
콜라,single_term_fallback,콜라,[맛집] 대전 봉명동 삼겹살 맛집 &lt;흑백삼겹살&gt; 후기,https://blog.naver.com/itsapril25th/224296209429,2026-05-26 00:00:00+00:00,"저희는 흑돼지 250g+ 백돼지 250g와 <b>콜라</b> 2개, 리뷰 이벤트로 된장밥을 주문했어요. 고기는 앞뒤로 1분 30초, 총 3분을 굽고 자르지 않고 한 입 크게 드시는 것을 추천한다고 해요. 시간을 잴 수 있게 모래시계도... ",,naver_blog,콜라,canonical,1.0,2026-05-26 11:01:39.710152+00:00,0,0,0,0,셀이의 BLOG,"저희는 흑돼지 250g+ 백돼지 250g와 <b>콜라</b> 2개, 리뷰 이벤트로 된장밥을 주문했어요. 고기는 앞뒤로 1분 30초, 총 3분을 굽고 자르지 않고 한 입 크게 드시는 것을 추천한다고 해요. 시간을 잴 수 있게 모래시계도... ","{""title"": ""[맛집] 대전 봉명동 삼겹살 맛집 &lt;흑백삼겹살&gt; 후기"", ""link"": ""https://blog.naver.com/itsapril25th/224296209429"", ""description"": ""저희는 흑돼지 250g+ 백돼지 250g와 <b>콜라</b> 2개, 리뷰 이벤트로 된장밥을 주문했어요. 고기는 앞뒤로 1분 30초, 총 3분을 굽고 자르지 않고 한 입 크게 드시는 것을 추천한다고 해요. 시간을 잴 수 있게 모래시계도... "", ""bloggername"": ""셀이의 BLOG"", ""bloggerlink"": ""blog.naver.com/itsapril25th"", ""postdate"": ""20260526""}",셀이의 BLOG,blog.naver.com/itsapril25th
콜라,single_term_fallback,콜라,애드포스트 정산금으로 미국 배당주 쇼핑하기! 4050 가성비... ,https://blog.naver.com/nstartkkh/224296309081,2026-05-26 00:00:00+00:00,"코카<b>콜라</b> (KO) 분기 (3,6,9,12월) 60~70달러 내외 60년 이상 배당을 늘려온 배당킹 종목, 경기 변동에 강함... 코카<b>콜라</b> 1주 + 리얼티인컴 1주 + SCHD 소수점 배당성장형 ETF(SCHD)를 섞어 장기 자산 가치 상승 도모 최근... ",,naver_blog,콜라,canonical,1.0,2026-05-26 11:01:39.710152+00:00,0,0,0,0,nstart 지식,"코카<b>콜라</b> (KO) 분기 (3,6,9,12월) 60~70달러 내외 60년 이상 배당을 늘려온 배당킹 종목, 경기 변동에 강함... 코카<b>콜라</b> 1주 + 리얼티인컴 1주 + SCHD 소수점 배당성장형 ETF(SCHD)를 섞어 장기 자산 가치 상승 도모 최근... ","{""title"": ""애드포스트 정산금으로 미국 배당주 쇼핑하기! 4050 가성비... "", ""link"": ""https://blog.naver.com/nstartkkh/224296309081"", ""description"": ""코카<b>콜라</b> (KO) 분기 (3,6,9,12월) 60~70달러 내외 60년 이상 배당을 늘려온 배당킹 종목, 경기 변동에 강함... 코카<b>콜라</b> 1주 + 리얼티인컴 1주 + SCHD 소수점 배당성장형 ETF(SCHD)를 섞어 장기 자산 가치 상승 도모 최근... "", ""bloggername"": ""nstart 지식"", ""bloggerlink"": ""blog.naver.com/nstartkkh"", ""postdate"": ""20260526""}",nstart 지식,blog.naver.com/nstartkkh
콜라,single_term_fallback,콜라,군 간부 얼차려 논란…병사 신부전·부정맥 소견까지,https://blog.naver.com/ultranews1/224297144219,2026-05-26 00:00:00+00:00,"이튿날부터 극심한 통증을 호소한 A상병은 양팔을 제대로 들어 올릴 수 없는 상태에 이르렀고, 이후 의무대를 찾았다가 <b>콜라</b>색 소변 증상을 보였다. 국군포천병원 검사 결과 근육효소(CK·크레아틴키나아제)... ",,naver_blog,콜라,canonical,1.0,2026-05-26 11:01:39.710152+00:00,0,0,0,0,★★★울트라뉴스 인사이트★★★,"이튿날부터 극심한 통증을 호소한 A상병은 양팔을 제대로 들어 올릴 수 없는 상태에 이르렀고, 이후 의무대를 찾았다가 <b>콜라</b>색 소변 증상을 보였다. 국군포천병원 검사 결과 근육효소(CK·크레아틴키나아제)... ","{""title"": ""군 간부 얼차려 논란…병사 신부전·부정맥 소견까지"", ""link"": ""https://blog.naver.com/ultranews1/224297144219"", ""description"": ""이튿날부터 극심한 통증을 호소한 A상병은 양팔을 제대로 들어 올릴 수 없는 상태에 이르렀고, 이후 의무대를 찾았다가 <b>콜라</b>색 소변 증상을 보였다. 국군포천병원 검사 결과 근육효소(CK·크레아틴키나아제)... "", ""bloggername"": ""★★★울트라뉴스 인사이트★★★"", ""bloggerlink"": ""blog.naver.com/ultranews1"", ""postdate"": ""20260526""}",★★★울트라뉴스 인사이트★★★,blog.naver.com/ultranews1
콜라,single_term_fallback,콜라,산토리 펩시 빅 생 제로 <b>콜라</b> 아메리카나 600ml 24개세트,https://blog.naver.com/fromtokyo_net/224291076357,2026-05-26 00:00:00+00:00,제로<b>콜라</b> + 아메리카노 조합 “탄산도 포기 못하고 커피도 필요하다면?” 안녕하세요! 프롬도쿄입니다  오늘 소개할 제품은 일본에서 화제였던 독특한 조합   산토리 펩시 빅 생 제로 <b>콜라</b> 아메리카나 600ml... ,,naver_blog,콜라,canonical,1.0,2026-05-26 11:01:39.710152+00:00,0,0,0,0,프롬도쿄,제로<b>콜라</b> + 아메리카노 조합 “탄산도 포기 못하고 커피도 필요하다면?” 안녕하세요! 프롬도쿄입니다  오늘 소개할 제품은 일본에서 화제였던 독특한 조합   산토리 펩시 빅 생 제로 <b>콜라</b> 아메리카나 600ml... ,"{""title"": ""산토리 펩시 빅 생 제로 <b>콜라</b> 아메리카나 600ml 24개세트"", ""link"": ""https://blog.naver.com/fromtokyo_net/224291076357"", ""description"": ""제로<b>콜라</b> + 아메리카노 조합 “탄산도 포기 못하고 커피도 필요하다면?” 안녕하세요! 프롬도쿄입니다  오늘 소개할 제품은 일본에서 화제였던 독특한 조합   산토리 펩시 빅 생 제로 <b>콜라</b> 아메리카나 600ml... "", ""bloggername"": ""프롬도쿄"", ""bloggerlink"": ""blog.naver.com/fromtokyo_net"", ""postdate"": ""20260526""}",프롬도쿄,blog.naver.com/fromtokyo_net
콜라,single_term_fallback,콜라,[파주] 파주 운정골감자탕 내돈내산 리뷰ʚ♡ɞ,https://blog.naver.com/monovue/224297109426,2026-05-26 00:00:00+00:00,"아 참 그리고, 영수증 리뷰이벤트를 참여하시면 음료 증정 가능합니다 조심스럽게 제로<b>콜라</b>로 부탁드려도 흔쾌히 주셨어요 리뷰이벤트도 참여하셔서 음료수로 마무리 하시는걸 추천드립니댜 그럼 내돈내산... ",,naver_blog,콜라,canonical,1.0,2026-05-26 11:01:39.710152+00:00,0,0,0,0,monovue님의 블로그,"아 참 그리고, 영수증 리뷰이벤트를 참여하시면 음료 증정 가능합니다 조심스럽게 제로<b>콜라</b>로 부탁드려도 흔쾌히 주셨어요 리뷰이벤트도 참여하셔서 음료수로 마무리 하시는걸 추천드립니댜 그럼 내돈내산... ","{""title"": ""[파주] 파주 운정골감자탕 내돈내산 리뷰ʚ♡ɞ"", ""link"": ""https://blog.naver.com/monovue/224297109426"", ""description"": ""아 참 그리고, 영수증 리뷰이벤트를 참여하시면 음료 증정 가능합니다 조심스럽게 제로<b>콜라</b>로 부탁드려도 흔쾌히 주셨어요 리뷰이벤트도 참여하셔서 음료수로 마무리 하시는걸 추천드립니댜 그럼 내돈내산... "", ""bloggername"": ""monovue님의 블로그"", ""bloggerlink"": ""blog.naver.com/monovue"", ""postdate"": ""20260526""}",monovue님의 블로그,blog.naver.com/monovue
콜라,single_term_fallback,콜라,[부산/중구] 남포동 맛집 SBS 생활의 달인 우동 맛집... ,https://blog.naver.com/dlalwjd0292/224297135367,2026-05-26 00:00:00+00:00,"제로<b>콜라</b> 2,000원 혼밥 하는 사람들을 위한 핸드폰 거치대 〰 요즘 식당 가면 자주 보이더라고요 요긴한 것 같습니다 저도 혼밥 하면 매일 유튜브 보면서 먹거든요 ㅋ 셀프 코너 단무지와 김치, 우동국물에... ",,naver_blog,콜라,canonical,1.0,2026-05-26 11:01:39.710152+00:00,0,0,0,0,미자두,"제로<b>콜라</b> 2,000원 혼밥 하는 사람들을 위한 핸드폰 거치대 〰 요즘 식당 가면 자주 보이더라고요 요긴한 것 같습니다 저도 혼밥 하면 매일 유튜브 보면서 먹거든요 ㅋ 셀프 코너 단무지와 김치, 우동국물에... ","{""title"": ""[부산/중구] 남포동 맛집 SBS 생활의 달인 우동 맛집... "", ""link"": ""https://blog.naver.com/dlalwjd0292/224297135367"", ""description"": ""제로<b>콜라</b> 2,000원 혼밥 하는 사람들을 위한 핸드폰 거치대 〰 요즘 식당 가면 자주 보이더라고요 요긴한 것 같습니다 저도 혼밥 하면 매일 유튜브 보면서 먹거든요 ㅋ 셀프 코너 단무지와 김치, 우동국물에... "", ""bloggername"": ""미자두"", ""bloggerlink"": ""blog.naver.com/dlalwjd0292"", ""postdate"": ""20260526""}",미자두,blog.naver.com/dlalwjd0292
콜라,single_term_fallback,콜라,서면역치과병원 치아미백 후 꼭 알아야 할 관리법,https://blog.naver.com/inchae77777/224297109383,2026-05-26 00:00:00+00:00,"그래서 최소 48시간 정도는 커피, 와인, <b>콜라</b>, 카레처럼 착색이 강한 음식은 줄여주는 것이 좋습니다. 흡연 역시 치아 변색을 빠르게 유발하는 대표적인 원인 중 하나이기 때문에 미백 효과를 오래 유지하고... ",,naver_blog,콜라,canonical,1.0,2026-05-26 11:01:39.710152+00:00,0,0,0,0,❄️서면리셋치과 | 부산경남 첫 미니쉬멤버스클리닉,"그래서 최소 48시간 정도는 커피, 와인, <b>콜라</b>, 카레처럼 착색이 강한 음식은 줄여주는 것이 좋습니다. 흡연 역시 치아 변색을 빠르게 유발하는 대표적인 원인 중 하나이기 때문에 미백 효과를 오래 유지하고... ","{""title"": ""서면역치과병원 치아미백 후 꼭 알아야 할 관리법"", ""link"": ""https://blog.naver.com/inchae77777/224297109383"", ""description"": ""그래서 최소 48시간 정도는 커피, 와인, <b>콜라</b>, 카레처럼 착색이 강한 음식은 줄여주는 것이 좋습니다. 흡연 역시 치아 변색을 빠르게 유발하는 대표적인 원인 중 하나이기 때문에 미백 효과를 오래 유지하고... "", ""bloggername"": ""❄️서면리셋치과 | 부산경남 첫 미니쉬멤버스클리닉"", ""bloggerlink"": ""blog.naver.com/inchae77777"", ""postdate"": ""20260526""}",❄️서면리셋치과 | 부산경남 첫 미니쉬멤버스클리닉,blog.naver.com/inchae77777
콜라,single_term_fallback,콜라,KFC 오리지널통다리 빅그레이비 영지s pick 비추 짜도 너무 짜,https://blog.naver.com/fromj402/224297118616,2026-05-26 00:00:00+00:00,(징거+오리지널통다리2조각+빅그레이비 +살사소스+<b>콜라</b>) KFC 빅그레이비 1900원 저는 원래도 트러플치르르통다리라던지 핫그리스피통다리를 매쉬포테이토 그레이비에 찍어먹는 것을 엄청 좋아해서 이번... ,,naver_blog,콜라,canonical,1.0,2026-05-26 11:01:39.710152+00:00,0,0,0,0,beautiful you,(징거+오리지널통다리2조각+빅그레이비 +살사소스+<b>콜라</b>) KFC 빅그레이비 1900원 저는 원래도 트러플치르르통다리라던지 핫그리스피통다리를 매쉬포테이토 그레이비에 찍어먹는 것을 엄청 좋아해서 이번... ,"{""title"": ""KFC 오리지널통다리 빅그레이비 영지s pick 비추 짜도 너무 짜"", ""link"": ""https://blog.naver.com/fromj402/224297118616"", ""description"": ""(징거+오리지널통다리2조각+빅그레이비 +살사소스+<b>콜라</b>) KFC 빅그레이비 1900원 저는 원래도 트러플치르르통다리라던지 핫그리스피통다리를 매쉬포테이토 그레이비에 찍어먹는 것을 엄청 좋아해서 이번... "", ""bloggername"": ""beautiful you"", ""bloggerlink"": ""blog.naver.com/fromj402"", ""postdate"": ""20260526""}",beautiful you,blog.naver.com/fromj402
콜라,single_term_fallback,콜라,[체험 리뷰 프로젝트] 에피소드 24: 방클걸 음료 편,https://blog.naver.com/alsrudgus007/224271978774,2026-05-26 00:00:00+00:00,카호의 체리 <b>콜라</b>: 톡 쏘는 정의의 맛! 에너지가 터지는 즐거움의 클라이맥스!  나츠하의 민트 프로틴... 그럼 오늘은 방클걸 <b>콜라</b>보 음료를 하나씩 마셔 보면서 감상회를 갖도록 하자! 광고한 음료에 대해... ,,naver_blog,콜라,canonical,1.0,2026-05-26 11:01:39.710152+00:00,0,0,0,0,취미좋아,카호의 체리 <b>콜라</b>: 톡 쏘는 정의의 맛! 에너지가 터지는 즐거움의 클라이맥스!  나츠하의 민트 프로틴... 그럼 오늘은 방클걸 <b>콜라</b>보 음료를 하나씩 마셔 보면서 감상회를 갖도록 하자! 광고한 음료에 대해... ,"{""title"": ""[체험 리뷰 프로젝트] 에피소드 24: 방클걸 음료 편"", ""link"": ""https://blog.naver.com/alsrudgus007/224271978774"", ""description"": ""카호의 체리 <b>콜라</b>: 톡 쏘는 정의의 맛! 에너지가 터지는 즐거움의 클라이맥스!  나츠하의 민트 프로틴... 그럼 오늘은 방클걸 <b>콜라</b>보 음료를 하나씩 마셔 보면서 감상회를 갖도록 하자! 광고한 음료에 대해... "", ""bloggername"": ""취미좋아"", ""bloggerlink"": ""blog.naver.com/alsrudgus007"", ""postdate"": ""20260526""}",취미좋아,blog.naver.com/alsrudgus007
콜라,single_term_fallback,콜라,[맛있는 거 냠냠] 엘리스리틀이태리 / 잠실맛집 / 청모... ,https://blog.naver.com/gkdudsoed/224297146883,2026-05-26 00:00:00+00:00,&lt;메뉴&gt; 마르게리따 트러플 안심 리조또 봉골레 파스타 + 각자 <b>콜라</b>!! 피자는 씬 도우에 화덕으로... 메뉴 3개에 <b>콜라</b>까지 9마넌 대 정도 나왔는데 잠실에서 소개팅이나 맛있는 음식 대접할 때 강추 드립니다!!... ,,naver_blog,콜라,canonical,1.0,2026-05-26 11:01:39.710152+00:00,0,0,0,0,Daily haengzzii,&lt;메뉴&gt; 마르게리따 트러플 안심 리조또 봉골레 파스타 + 각자 <b>콜라</b>!! 피자는 씬 도우에 화덕으로... 메뉴 3개에 <b>콜라</b>까지 9마넌 대 정도 나왔는데 잠실에서 소개팅이나 맛있는 음식 대접할 때 강추 드립니다!!... ,"{""title"": ""[맛있는 거 냠냠] 엘리스리틀이태리 / 잠실맛집 / 청모... "", ""link"": ""https://blog.naver.com/gkdudsoed/224297146883"", ""description"": ""&lt;메뉴&gt; 마르게리따 트러플 안심 리조또 봉골레 파스타 + 각자 <b>콜라</b>!! 피자는 씬 도우에 화덕으로... 메뉴 3개에 <b>콜라</b>까지 9마넌 대 정도 나왔는데 잠실에서 소개팅이나 맛있는 음식 대접할 때 강추 드립니다!!... "", ""bloggername"": ""Daily haengzzii"", ""bloggerlink"": ""blog.naver.com/gkdudsoed"", ""postdate"": ""20260526""}",Daily haengzzii,blog.naver.com/gkdudsoed
콜라,single_term_fallback,콜라,덕수궁 야간개장 맛집 라멘 먹으러 간 멘츠루 시청점 혼밥 후기,https://blog.naver.com/light_the_universe/224297126108,2026-05-26 00:00:00+00:00,"소바는 마제소바와 모츠소바 덮밥류로는 규동과 차슈동(차슈덮밥), 미니 덮밥도 있었습니다~ 수제 가라아게, 닭껍질교자, 교자후라이가 사이드 메뉴였습니다ㅇㅇ 음료는 탄산 음료(코카<b>콜라</b>, 제로, 펩시 제로... ",,naver_blog,콜라,canonical,1.0,2026-05-26 11:01:39.710152+00:00,0,0,0,0,루의 끄적끄적 일기장,"소바는 마제소바와 모츠소바 덮밥류로는 규동과 차슈동(차슈덮밥), 미니 덮밥도 있었습니다~ 수제 가라아게, 닭껍질교자, 교자후라이가 사이드 메뉴였습니다ㅇㅇ 음료는 탄산 음료(코카<b>콜라</b>, 제로, 펩시 제로... ","{""title"": ""덕수궁 야간개장 맛집 라멘 먹으러 간 멘츠루 시청점 혼밥 후기"", ""link"": ""https://blog.naver.com/light_the_universe/224297126108"", ""description"": ""소바는 마제소바와 모츠소바 덮밥류로는 규동과 차슈동(차슈덮밥), 미니 덮밥도 있었습니다~ 수제 가라아게, 닭껍질교자, 교자후라이가 사이드 메뉴였습니다ㅇㅇ 음료는 탄산 음료(코카<b>콜라</b>, 제로, 펩시 제로... "", ""bloggername"": ""루의 끄적끄적 일기장"", ""bloggerlink"": ""blog.naver.com/light_the_universe"", ""postdate"": ""20260526""}",루의 끄적끄적 일기장,blog.naver.com/light_the_universe
콜라,single_term_fallback,콜라,[이탈리아 코모] Santa Pasta | 사장님이 직접 나와 홍보하시던... ,https://blog.naver.com/dongnesaenghwal/224297124589,2026-05-26 00:00:00+00:00,"나중에 알고 보니 코카<b>콜라</b>에서 나온 유명한 아이스티 브랜드더라구요ㅋㅋㅋㅋ  복숭아 맛은 우리가 아는 아이스티 맛에 가까워서 무난히 먹기 좋았고,  레몬 맛은 뭔가 탄산이 있었다면 더 맛있었을... ",,naver_blog,콜라,canonical,1.0,2026-05-26 11:01:39.710152+00:00,0,0,0,0,동네생활,"나중에 알고 보니 코카<b>콜라</b>에서 나온 유명한 아이스티 브랜드더라구요ㅋㅋㅋㅋ  복숭아 맛은 우리가 아는 아이스티 맛에 가까워서 무난히 먹기 좋았고,  레몬 맛은 뭔가 탄산이 있었다면 더 맛있었을... ","{""title"": ""[이탈리아 코모] Santa Pasta | 사장님이 직접 나와 홍보하시던... "", ""link"": ""https://blog.naver.com/dongnesaenghwal/224297124589"", ""description"": ""나중에 알고 보니 코카<b>콜라</b>에서 나온 유명한 아이스티 브랜드더라구요ㅋㅋㅋㅋ  복숭아 맛은 우리가 아는 아이스티 맛에 가까워서 무난히 먹기 좋았고,  레몬 맛은 뭔가 탄산이 있었다면 더 맛있었을... "", ""bloggername"": ""동네생활"", ""bloggerlink"": ""blog.naver.com/dongnesaenghwal"", ""postdate"": ""20260526""}",동네생활,blog.naver.com/dongnesaenghwal
콜라,single_term_fallback,콜라,속초 닭강정 맛집 서민갑부 시장닭집 속초 중앙시장 먹거리... ,https://blog.naver.com/silluvcozy/224297123637,2026-05-26 00:00:00+00:00,그리고 네이버 리뷰이벤트에 참여하면 제로<b>콜라</b>도 서비스로 받을 수 있으니까 꼭 참여해보시길 바랄게요 ㅎㅎ 마늘닭강정 솔직 후기 제가 알리오올리오를 해먹을 때도 최소 마늘 10알에 다진마늘 1큰술도... ,,naver_blog,콜라,canonical,1.0,2026-05-26 11:01:39.710152+00:00,0,0,0,0,시리의 집밥일기,그리고 네이버 리뷰이벤트에 참여하면 제로<b>콜라</b>도 서비스로 받을 수 있으니까 꼭 참여해보시길 바랄게요 ㅎㅎ 마늘닭강정 솔직 후기 제가 알리오올리오를 해먹을 때도 최소 마늘 10알에 다진마늘 1큰술도... ,"{""title"": ""속초 닭강정 맛집 서민갑부 시장닭집 속초 중앙시장 먹거리... "", ""link"": ""https://blog.naver.com/silluvcozy/224297123637"", ""description"": ""그리고 네이버 리뷰이벤트에 참여하면 제로<b>콜라</b>도 서비스로 받을 수 있으니까 꼭 참여해보시길 바랄게요 ㅎㅎ 마늘닭강정 솔직 후기 제가 알리오올리오를 해먹을 때도 최소 마늘 10알에 다진마늘 1큰술도... "", ""bloggername"": ""시리의 집밥일기"", ""bloggerlink"": ""blog.naver.com/silluvcozy"", ""postdate"": ""20260526""}",시리의 집밥일기,blog.naver.com/silluvcozy
콜라,single_term_fallback,콜라,릴렉스프로 팟 2% 고농도부터 기본 함량까지 맛 종류와 후기,https://blog.naver.com/apple6175/224297122806,2026-05-26 00:00:00+00:00,싶습니다 <b>콜라</b> 1% / 2% 달짝지근한 <b>콜라</b> 맛이 청량하게 입안 가득 퍼지며 깔끔한 쿨링감으로 마무리가 되는데 생각보다 단향이 물리지 않고 지속적으로 사용하기에도 좋은 것 같더라구요 파인애플 1% / 2... ,,naver_blog,콜라,canonical,1.0,2026-05-26 11:01:39.710152+00:00,0,0,0,0,원더베이프 마곡,싶습니다 <b>콜라</b> 1% / 2% 달짝지근한 <b>콜라</b> 맛이 청량하게 입안 가득 퍼지며 깔끔한 쿨링감으로 마무리가 되는데 생각보다 단향이 물리지 않고 지속적으로 사용하기에도 좋은 것 같더라구요 파인애플 1% / 2... ,"{""title"": ""릴렉스프로 팟 2% 고농도부터 기본 함량까지 맛 종류와 후기"", ""link"": ""https://blog.naver.com/apple6175/224297122806"", ""description"": ""싶습니다 <b>콜라</b> 1% / 2% 달짝지근한 <b>콜라</b> 맛이 청량하게 입안 가득 퍼지며 깔끔한 쿨링감으로 마무리가 되는데 생각보다 단향이 물리지 않고 지속적으로 사용하기에도 좋은 것 같더라구요 파인애플 1% / 2... "", ""bloggername"": ""원더베이프 마곡"", ""bloggerlink"": ""blog.naver.com/apple6175"", ""postdate"": ""20260526""}",원더베이프 마곡,blog.naver.com/apple6175
콜라,single_term_fallback,콜라,[인천 송도] 송해도 :: 중국집의 정석 자극적이지 않은 맛,https://blog.naver.com/fulfilled_foolfilled/224297122079,2026-05-26 00:00:00+00:00,"가오픈때 갔더니 사진이 등록 안되어있었는데 단품 구매시 짜장 9,000 간짜장 12,000 짬뽕 10,000 짜장밥 10,000 탕수육 소 20,000 중 32,000 음료는 제로<b>콜라</b>까지 있는 좋은곳 저는 이때 이벤트가로 짜장 짬뽕 탕수육을... ",,naver_blog,콜라,canonical,1.0,2026-05-26 11:01:39.710152+00:00,0,0,0,0,꽉 채운 블로그,"가오픈때 갔더니 사진이 등록 안되어있었는데 단품 구매시 짜장 9,000 간짜장 12,000 짬뽕 10,000 짜장밥 10,000 탕수육 소 20,000 중 32,000 음료는 제로<b>콜라</b>까지 있는 좋은곳 저는 이때 이벤트가로 짜장 짬뽕 탕수육을... ","{""title"": ""[인천 송도] 송해도 :: 중국집의 정석 자극적이지 않은 맛"", ""link"": ""https://blog.naver.com/fulfilled_foolfilled/224297122079"", ""description"": ""가오픈때 갔더니 사진이 등록 안되어있었는데 단품 구매시 짜장 9,000 간짜장 12,000 짬뽕 10,000 짜장밥 10,000 탕수육 소 20,000 중 32,000 음료는 제로<b>콜라</b>까지 있는 좋은곳 저는 이때 이벤트가로 짜장 짬뽕 탕수육을... "", ""bloggername"": ""꽉 채운 블로그"", ""bloggerlink"": ""blog.naver.com/fulfilled_foolfilled"", ""postdate"": ""20260526""}",꽉 채운 블로그,blog.naver.com/fulfilled_foolfilled
콜라,single_term_fallback,콜라,물감 얼룩빼기 얼룩 프로도 페인트 세탁법과 옷얼룩지우는법,https://www.bluelog.kr/100588,2026-05-26 00:00:00+00:00,"사이다, <b>콜라</b>, 주스 엷은 소금물에 가제를 적셔 두드리듯이 닦아내면 유화 물감 먼저 테레빈유로 닦고 다리미로 얼룩빼기 말린 , 신나로 두드리듯이 닦는다. ▷보면 옷이나 카펫, 가구 등에 커피 얼룩이... ",,naver_blog,콜라,canonical,1.0,2026-05-26 11:01:39.710152+00:00,0,0,0,0,bluelog.kr,"사이다, <b>콜라</b>, 주스 엷은 소금물에 가제를 적셔 두드리듯이 닦아내면 유화 물감 먼저 테레빈유로 닦고 다리미로 얼룩빼기 말린 , 신나로 두드리듯이 닦는다. ▷보면 옷이나 카펫, 가구 등에 커피 얼룩이... ","{""title"": ""물감 얼룩빼기 얼룩 프로도 페인트 세탁법과 옷얼룩지우는법"", ""link"": ""https://www.bluelog.kr/100588"", ""description"": ""사이다, <b>콜라</b>, 주스 엷은 소금물에 가제를 적셔 두드리듯이 닦아내면 유화 물감 먼저 테레빈유로 닦고 다리미로 얼룩빼기 말린 , 신나로 두드리듯이 닦는다. ▷보면 옷이나 카펫, 가구 등에 커피 얼룩이... "", ""bloggername"": ""bluelog.kr"", ""bloggerlink"": ""https://www.bluelog.kr/"", ""postdate"": ""20260526""}",bluelog.kr,https://www.bluelog.kr/
콜라,single_term_fallback,콜라,[상봉 맛집] 에그드랍 상봉역점 | 든든한 한 끼 가능한 샌드위치... ,https://blog.naver.com/choyh0104/224297119566,2026-05-26 00:00:00+00:00,"디즈니 <b>콜라</b>보 매장이라 외관부터 눈길이 가더라구요!! 미키마우스랑 미니마우스, 도널드덕... 디즈니 <b>콜라</b>보 굿즈도 따로 진열되어 있었어요!! ㅎㅎ 미키 키링이랑 미니 키링 같은 다양한 굿즈들이 판매되고... ",,naver_blog,콜라,canonical,1.0,2026-05-26 11:01:39.710152+00:00,0,0,0,0,"디자이너 프린이의 핫플 맛집, 꿀팁 기록:*+.","디즈니 <b>콜라</b>보 매장이라 외관부터 눈길이 가더라구요!! 미키마우스랑 미니마우스, 도널드덕... 디즈니 <b>콜라</b>보 굿즈도 따로 진열되어 있었어요!! ㅎㅎ 미키 키링이랑 미니 키링 같은 다양한 굿즈들이 판매되고... ","{""title"": ""[상봉 맛집] 에그드랍 상봉역점 | 든든한 한 끼 가능한 샌드위치... "", ""link"": ""https://blog.naver.com/choyh0104/224297119566"", ""description"": ""디즈니 <b>콜라</b>보 매장이라 외관부터 눈길이 가더라구요!! 미키마우스랑 미니마우스, 도널드덕... 디즈니 <b>콜라</b>보 굿즈도 따로 진열되어 있었어요!! ㅎㅎ 미키 키링이랑 미니 키링 같은 다양한 굿즈들이 판매되고... "", ""bloggername"": ""디자이너 프린이의 핫플 맛집, 꿀팁 기록:*+."", ""bloggerlink"": ""blog.naver.com/choyh0104"", ""postdate"": ""20260526""}","디자이너 프린이의 핫플 맛집, 꿀팁 기록:*+.",blog.naver.com/choyh0104
콜라,single_term_fallback,콜라,[강릉 여행] 중앙시장 내돈내산 먹거리 투어! (주차장 꿀팁... ,https://blog.naver.com/junwoo_91/224293678359,2026-05-26 00:00:00+00:00,"통 두 개에 한개는 <b>콜라</b>맛, 한개는 복숭아맛으로 가득 채웠어요. 더운 날씨에 시원한 슬러시 한 모금 쭉 마시니 더위가 싹 가시는 기분이었어요. 아이도 예쁜 통 덕분에 기분이 최고조에 달했답니다. (4) 비주얼... ",,naver_blog,콜라,canonical,1.0,2026-05-26 11:01:39.710152+00:00,0,0,0,0,Great hopes make great men.,"통 두 개에 한개는 <b>콜라</b>맛, 한개는 복숭아맛으로 가득 채웠어요. 더운 날씨에 시원한 슬러시 한 모금 쭉 마시니 더위가 싹 가시는 기분이었어요. 아이도 예쁜 통 덕분에 기분이 최고조에 달했답니다. (4) 비주얼... ","{""title"": ""[강릉 여행] 중앙시장 내돈내산 먹거리 투어! (주차장 꿀팁... "", ""link"": ""https://blog.naver.com/junwoo_91/224293678359"", ""description"": ""통 두 개에 한개는 <b>콜라</b>맛, 한개는 복숭아맛으로 가득 채웠어요. 더운 날씨에 시원한 슬러시 한 모금 쭉 마시니 더위가 싹 가시는 기분이었어요. 아이도 예쁜 통 덕분에 기분이 최고조에 달했답니다. (4) 비주얼... "", ""bloggername"": ""Great hopes make great men."", ""bloggerlink"": ""blog.naver.com/junwoo_91"", ""postdate"": ""20260526""}",Great hopes make great men.,blog.naver.com/junwoo_91
콜라,single_term_fallback,콜라,등촌샤브칼국수 구로점 방문후기│내돈내산│구로구청 맛집,https://blog.naver.com/nalong2307/224291281774,2026-05-26 00:00:00+00:00,"일반<b>콜라</b>, 환타, 제로<b>콜라</b>, 사이다가 있습니다. 저희는 칼국수 2인분을 시키고 당시 배가많이고파 고기 3개를 시켰습니다. 이렇게 칼국수가 나오는데 우선 국물이 끓으면 야채먼저 건져먹고 그 다음엔 고기... ",,naver_blog,콜라,canonical,1.0,2026-05-26 11:01:39.710152+00:00,0,0,0,0,항상 이따~만큼 행복하세요!,"일반<b>콜라</b>, 환타, 제로<b>콜라</b>, 사이다가 있습니다. 저희는 칼국수 2인분을 시키고 당시 배가많이고파 고기 3개를 시켰습니다. 이렇게 칼국수가 나오는데 우선 국물이 끓으면 야채먼저 건져먹고 그 다음엔 고기... ","{""title"": ""등촌샤브칼국수 구로점 방문후기│내돈내산│구로구청 맛집"", ""link"": ""https://blog.naver.com/nalong2307/224291281774"", ""description"": ""일반<b>콜라</b>, 환타, 제로<b>콜라</b>, 사이다가 있습니다. 저희는 칼국수 2인분을 시키고 당시 배가많이고파 고기 3개를 시켰습니다. 이렇게 칼국수가 나오는데 우선 국물이 끓으면 야채먼저 건져먹고 그 다음엔 고기... "", ""bloggername"": ""항상 이따~만큼 행복하세요!"", ""bloggerlink"": ""blog.naver.com/nalong2307"", ""postdate"": ""20260526""}",항상 이따~만큼 행복하세요!,blog.naver.com/nalong2307
콜라,single_term_fallback,콜라,양재역 삼겹살 맛집 식껍 서초직영점 후기 | 양재역 근처 맛집... ,https://blog.naver.com/0l04s/224296774698,2026-05-26 00:00:00+00:00,"7,0 <b>콜라</b>/사이다/토닉워트 3,0 레몬 슬라이스 2,0 [와인] 스페셜 와인 4종 세트 9,0 봄날의 꽃 처럼 29.0 / 5,9 행복한 하루 29.0 / 5,9 한걸음씩 걷다보면 29,0 / 5,9 지금이순간 29,0 / 5,9 수고했어, 오늘도 39,0 / 7,9... ",,naver_blog,콜라,canonical,1.0,2026-05-26 11:01:39.710152+00:00,0,0,0,0,다욘로그♪(´ε｀*),"7,0 <b>콜라</b>/사이다/토닉워트 3,0 레몬 슬라이스 2,0 [와인] 스페셜 와인 4종 세트 9,0 봄날의 꽃 처럼 29.0 / 5,9 행복한 하루 29.0 / 5,9 한걸음씩 걷다보면 29,0 / 5,9 지금이순간 29,0 / 5,9 수고했어, 오늘도 39,0 / 7,9... ","{""title"": ""양재역 삼겹살 맛집 식껍 서초직영점 후기 | 양재역 근처 맛집... "", ""link"": ""https://blog.naver.com/0l04s/224296774698"", ""description"": ""7,0 <b>콜라</b>/사이다/토닉워트 3,0 레몬 슬라이스 2,0 [와인] 스페셜 와인 4종 세트 9,0 봄날의 꽃 처럼 29.0 / 5,9 행복한 하루 29.0 / 5,9 한걸음씩 걷다보면 29,0 / 5,9 지금이순간 29,0 / 5,9 수고했어, 오늘도 39,0 / 7,9... "", ""bloggername"": ""다욘로그♪(´ε｀*)"", ""bloggerlink"": ""blog.naver.com/0l04s"", ""postdate"": ""20260526""}",다욘로그♪(´ε｀*),blog.naver.com/0l04s
콜라,single_term_fallback,콜라,나트랑 해산물 맛집｜동하이 씨푸드 솔직 후기 (치즈 가리비 추천),https://blog.naver.com/llk33/224295040641,2026-05-26 00:00:00+00:00,"먼저 시원하게 <b>콜라</b>랑 맥주 치즈 가리비 구이 (Grilled Scallops with Cheese) 185,000동 (약 10,000원) 가리비 위에 노란 치즈가 올라가있는데, 와... 진짜 너무 맛있었다. 이거만 또 먹으러 가고 싶은 정도... ",,naver_blog,콜라,canonical,1.0,2026-05-26 11:01:39.710152+00:00,0,0,0,0,캡망의 기록장 ✍ 일상+먹방+여행까지,"먼저 시원하게 <b>콜라</b>랑 맥주 치즈 가리비 구이 (Grilled Scallops with Cheese) 185,000동 (약 10,000원) 가리비 위에 노란 치즈가 올라가있는데, 와... 진짜 너무 맛있었다. 이거만 또 먹으러 가고 싶은 정도... ","{""title"": ""나트랑 해산물 맛집｜동하이 씨푸드 솔직 후기 (치즈 가리비 추천)"", ""link"": ""https://blog.naver.com/llk33/224295040641"", ""description"": ""먼저 시원하게 <b>콜라</b>랑 맥주 치즈 가리비 구이 (Grilled Scallops with Cheese) 185,000동 (약 10,000원) 가리비 위에 노란 치즈가 올라가있는데, 와... 진짜 너무 맛있었다. 이거만 또 먹으러 가고 싶은 정도... "", ""bloggername"": ""캡망의 기록장 ✍ 일상+먹방+여행까지"", ""bloggerlink"": ""blog.naver.com/llk33"", ""postdate"": ""20260526""}",캡망의 기록장 ✍ 일상+먹방+여행까지,blog.naver.com/llk33
콜라,single_term_fallback,콜라,로니스개러지 종로피자맛집  대구종로맛집 종로피맥추천... ,https://blog.naver.com/ownerjangg/224295797412,2026-05-26 00:00:00+00:00,"(제 픽 하나, 남편 픽 하나) 루꼴라랜치 &amp; 페퍼로니 반반 레귤러 25,000원 *도우 선택 가능 / 저는 팬도우 선택했어요ㅎㅎ 글라스 와인 1잔 7,500원 탄산음료 <b>콜라</b> 3,000원 이렇게 주문했습니다! 주문 후 가져다주신... ",,naver_blog,콜라,canonical,1.0,2026-05-26 11:01:39.710152+00:00,0,0,0,0,green_yul,"(제 픽 하나, 남편 픽 하나) 루꼴라랜치 &amp; 페퍼로니 반반 레귤러 25,000원 *도우 선택 가능 / 저는 팬도우 선택했어요ㅎㅎ 글라스 와인 1잔 7,500원 탄산음료 <b>콜라</b> 3,000원 이렇게 주문했습니다! 주문 후 가져다주신... ","{""title"": ""로니스개러지 종로피자맛집  대구종로맛집 종로피맥추천... "", ""link"": ""https://blog.naver.com/ownerjangg/224295797412"", ""description"": ""(제 픽 하나, 남편 픽 하나) 루꼴라랜치 &amp; 페퍼로니 반반 레귤러 25,000원 *도우 선택 가능 / 저는 팬도우 선택했어요ㅎㅎ 글라스 와인 1잔 7,500원 탄산음료 <b>콜라</b> 3,000원 이렇게 주문했습니다! 주문 후 가져다주신... "", ""bloggername"": ""green_yul"", ""bloggerlink"": ""blog.naver.com/ownerjangg"", ""postdate"": ""20260526""}",green_yul,blog.naver.com/ownerjangg
콜라,single_term_fallback,콜라,주식 장기투자 초보도 성공하는 전략과 주의사항,https://sibauchi.tistory.com/908,2026-05-26 00:00:00+00:00,"코카<b>콜라</b>, 버크셔 해서웨이 테슬라, 아마존 평균 수익률 (가정치) 연 8~10% 연 15~20% (변동성 높음) 💡 상황별 최적의 선택 추천 안정적인 투자를 원하는 초보 투자자 (자본금 5천만원) 초보 투자자에게는 가치 투자... ",,naver_blog,콜라,canonical,1.0,2026-05-26 11:01:39.710152+00:00,0,0,0,0,Falconer's Teatime :: 이제는 말하고 말겠다-라멘토 비평,"코카<b>콜라</b>, 버크셔 해서웨이 테슬라, 아마존 평균 수익률 (가정치) 연 8~10% 연 15~20% (변동성 높음) 💡 상황별 최적의 선택 추천 안정적인 투자를 원하는 초보 투자자 (자본금 5천만원) 초보 투자자에게는 가치 투자... ","{""title"": ""주식 장기투자 초보도 성공하는 전략과 주의사항"", ""link"": ""https://sibauchi.tistory.com/908"", ""description"": ""코카<b>콜라</b>, 버크셔 해서웨이 테슬라, 아마존 평균 수익률 (가정치) 연 8~10% 연 15~20% (변동성 높음) 💡 상황별 최적의 선택 추천 안정적인 투자를 원하는 초보 투자자 (자본금 5천만원) 초보 투자자에게는 가치 투자... "", ""bloggername"": ""Falconer's Teatime :: 이제는 말하고 말겠다-라멘토 비평"", ""bloggerlink"": ""https://sibauchi.tistory.com/"", ""postdate"": ""20260526""}",Falconer's Teatime :: 이제는 말하고 말겠다-라멘토 비평,https://sibauchi.tistory.com/
콜라,single_term_fallback,콜라,행오버 보러 혜화 간 썰 푼다,https://blog.naver.com/ihinhng/224297110059,2026-05-26 00:00:00+00:00,ㅜ (tmi 벌레가 날아다녀서 <b>콜라</b>에 입수함 따흑) 연극 전까지 시간이 뜨길래 스사도 찍음 그런데 스티커도 아니면서 왜 이름은 여전히 스사인가요 오랜만에 꾸미니까 그 시절 느낌 나고 잼있었음 벌써 이렇게... ,,naver_blog,콜라,canonical,1.0,2026-05-26 11:01:39.710152+00:00,0,0,0,0,Null,ㅜ (tmi 벌레가 날아다녀서 <b>콜라</b>에 입수함 따흑) 연극 전까지 시간이 뜨길래 스사도 찍음 그런데 스티커도 아니면서 왜 이름은 여전히 스사인가요 오랜만에 꾸미니까 그 시절 느낌 나고 잼있었음 벌써 이렇게... ,"{""title"": ""행오버 보러 혜화 간 썰 푼다"", ""link"": ""https://blog.naver.com/ihinhng/224297110059"", ""description"": ""ㅜ (tmi 벌레가 날아다녀서 <b>콜라</b>에 입수함 따흑) 연극 전까지 시간이 뜨길래 스사도 찍음 그런데 스티커도 아니면서 왜 이름은 여전히 스사인가요 오랜만에 꾸미니까 그 시절 느낌 나고 잼있었음 벌써 이렇게... "", ""bloggername"": ""Null"", ""bloggerlink"": ""blog.naver.com/ihinhng"", ""postdate"": ""20260526""}",Null,blog.naver.com/ihinhng
콜라,single_term_fallback,콜라,구래동술집 엉클조 소시지 김포구래점에서 야구도 보고 맥주도... ,https://blog.naver.com/dbqls0307/224297119394,2026-05-26 00:00:00+00:00,눈꽃치즈 올라간 감튀도 너무 맛있죠 엉클조소시지 김포구래점은 <b>콜라</b>를 시키면 병<b>콜라</b>를 줍니다! 무조건 시키세요ㅋㅋㅋ 술 못드시는 분이 계셔서 주문한 콜란데 다같이 나눠먹었습니다. 돈가스 추가주문... ,,naver_blog,콜라,canonical,1.0,2026-05-26 11:01:39.710152+00:00,0,0,0,0,땃쥐소굴,눈꽃치즈 올라간 감튀도 너무 맛있죠 엉클조소시지 김포구래점은 <b>콜라</b>를 시키면 병<b>콜라</b>를 줍니다! 무조건 시키세요ㅋㅋㅋ 술 못드시는 분이 계셔서 주문한 콜란데 다같이 나눠먹었습니다. 돈가스 추가주문... ,"{""title"": ""구래동술집 엉클조 소시지 김포구래점에서 야구도 보고 맥주도... "", ""link"": ""https://blog.naver.com/dbqls0307/224297119394"", ""description"": ""눈꽃치즈 올라간 감튀도 너무 맛있죠 엉클조소시지 김포구래점은 <b>콜라</b>를 시키면 병<b>콜라</b>를 줍니다! 무조건 시키세요ㅋㅋㅋ 술 못드시는 분이 계셔서 주문한 콜란데 다같이 나눠먹었습니다. 돈가스 추가주문... "", ""bloggername"": ""땃쥐소굴"", ""bloggerlink"": ""blog.naver.com/dbqls0307"", ""postdate"": ""20260526""}",땃쥐소굴,blog.naver.com/dbqls0307
콜라,single_term_fallback,콜라,요로결석초기증상 옆구리의 이상 신호 단순 근육통일까요 초기... ,https://blog.naver.com/clerk10969/224297118498,2026-05-26 00:00:00+00:00,"만약 소변이 핑크빛이나 <b>콜라</b>색으로 변한다면, 이는 심각한 경고 신호일 수 있으므로 즉시 체크해야 합니다. 체한 것처럼 느껴진다면 즉시 점검하세요. 또한, 요로결석이 진행되면 체한 것처럼 속이... ",,naver_blog,콜라,canonical,1.0,2026-05-26 11:01:39.710152+00:00,0,0,0,0,clerk10969님의 블로그,"만약 소변이 핑크빛이나 <b>콜라</b>색으로 변한다면, 이는 심각한 경고 신호일 수 있으므로 즉시 체크해야 합니다. 체한 것처럼 느껴진다면 즉시 점검하세요. 또한, 요로결석이 진행되면 체한 것처럼 속이... ","{""title"": ""요로결석초기증상 옆구리의 이상 신호 단순 근육통일까요 초기... "", ""link"": ""https://blog.naver.com/clerk10969/224297118498"", ""description"": ""만약 소변이 핑크빛이나 <b>콜라</b>색으로 변한다면, 이는 심각한 경고 신호일 수 있으므로 즉시 체크해야 합니다. 체한 것처럼 느껴진다면 즉시 점검하세요. 또한, 요로결석이 진행되면 체한 것처럼 속이... "", ""bloggername"": ""clerk10969님의 블로그"", ""bloggerlink"": ""blog.naver.com/clerk10969"", ""postdate"": ""20260526""}",clerk10969님의 블로그,blog.naver.com/clerk10969
콜라,single_term_fallback,콜라,수원영통 피자 파스타 양식 맛집 그로또,https://blog.naver.com/cksl7599/224297127287,2026-05-26 00:00:00+00:00,"우리가 주문한 메뉴는 2인 그로또 세트 멕시코 크림 파스타, 차돌박이 듬뿍피자 망고쥬스 ,제로<b>콜라</b> 1 2인 그로또 세트 구성은 모짜렐라 샐러드 + 파스타or리조또 + 피자 + 음료2 가격도 4만원대여서 가성비도... ",,naver_blog,콜라,canonical,1.0,2026-05-26 11:01:39.710152+00:00,0,0,0,0,:-),"우리가 주문한 메뉴는 2인 그로또 세트 멕시코 크림 파스타, 차돌박이 듬뿍피자 망고쥬스 ,제로<b>콜라</b> 1 2인 그로또 세트 구성은 모짜렐라 샐러드 + 파스타or리조또 + 피자 + 음료2 가격도 4만원대여서 가성비도... ","{""title"": ""수원영통 피자 파스타 양식 맛집 그로또"", ""link"": ""https://blog.naver.com/cksl7599/224297127287"", ""description"": ""우리가 주문한 메뉴는 2인 그로또 세트 멕시코 크림 파스타, 차돌박이 듬뿍피자 망고쥬스 ,제로<b>콜라</b> 1 2인 그로또 세트 구성은 모짜렐라 샐러드 + 파스타or리조또 + 피자 + 음료2 가격도 4만원대여서 가성비도... "", ""bloggername"": "":-)"", ""bloggerlink"": ""blog.naver.com/cksl7599"", ""postdate"": ""20260526""}",:-),blog.naver.com/cksl7599
콜라,single_term_fallback,콜라,주식 처음이면 '이것'만은 알고 시작하세요!,https://blog.naver.com/yuhighlab/224297117645,2026-05-26 00:00:00+00:00,우량주 튼튼하고 오래된 큰 기업 주식  예: 삼성전자 애플 코카<b>콜라</b> ✔ 망할 확률이 상대적으로 낮음 ✔ 초보들이 많이 시작하는 종목 .  매수 / 매도 ✔ 매수 → 주식 사는 것  “삼성전자 샀다” ✔ 매도 → 주식... ,,naver_blog,콜라,canonical,1.0,2026-05-26 11:01:39.710152+00:00,0,0,0,0,유하이랩 | 안 무너지는 돈공부,우량주 튼튼하고 오래된 큰 기업 주식  예: 삼성전자 애플 코카<b>콜라</b> ✔ 망할 확률이 상대적으로 낮음 ✔ 초보들이 많이 시작하는 종목 .  매수 / 매도 ✔ 매수 → 주식 사는 것  “삼성전자 샀다” ✔ 매도 → 주식... ,"{""title"": ""주식 처음이면 '이것'만은 알고 시작하세요!"", ""link"": ""https://blog.naver.com/yuhighlab/224297117645"", ""description"": ""우량주 튼튼하고 오래된 큰 기업 주식  예: 삼성전자 애플 코카<b>콜라</b> ✔ 망할 확률이 상대적으로 낮음 ✔ 초보들이 많이 시작하는 종목 .  매수 / 매도 ✔ 매수 → 주식 사는 것  “삼성전자 샀다” ✔ 매도 → 주식... "", ""bloggername"": ""유하이랩 | 안 무너지는 돈공부"", ""bloggerlink"": ""blog.naver.com/yuhighlab"", ""postdate"": ""20260526""}",유하이랩 | 안 무너지는 돈공부,blog.naver.com/yuhighlab
콜라,single_term_fallback,콜라,"부산 1일차 수변최고돼지국밥, 광안리 라푀유, 소품샵... ",https://blog.naver.com/yells_soap/224297117337,2026-05-26 00:00:00+00:00,히동오빠 픽 페리카나랑 준호오빠 픽 허니콤보 주문해서 우리끼리 2차~ 나도 소맥같지만 사콜(사이다<b>콜라</b>) ㅋㅋㅋ여행 내내 사콜 마시면서 소맥팸에 합류한 척 ㅜㅜ 즐겁게 수다떨다가 평택에서 구매해 온... ,,naver_blog,콜라,canonical,1.0,2026-05-26 11:01:39.710152+00:00,0,0,0,0,yells_daily,히동오빠 픽 페리카나랑 준호오빠 픽 허니콤보 주문해서 우리끼리 2차~ 나도 소맥같지만 사콜(사이다<b>콜라</b>) ㅋㅋㅋ여행 내내 사콜 마시면서 소맥팸에 합류한 척 ㅜㅜ 즐겁게 수다떨다가 평택에서 구매해 온... ,"{""title"": ""부산 1일차 수변최고돼지국밥, 광안리 라푀유, 소품샵... "", ""link"": ""https://blog.naver.com/yells_soap/224297117337"", ""description"": ""히동오빠 픽 페리카나랑 준호오빠 픽 허니콤보 주문해서 우리끼리 2차~ 나도 소맥같지만 사콜(사이다<b>콜라</b>) ㅋㅋㅋ여행 내내 사콜 마시면서 소맥팸에 합류한 척 ㅜㅜ 즐겁게 수다떨다가 평택에서 구매해 온... "", ""bloggername"": ""yells_daily"", ""bloggerlink"": ""blog.naver.com/yells_soap"", ""postdate"": ""20260526""}",yells_daily,blog.naver.com/yells_soap
콜라,single_term_fallback,콜라,"판교 맛집, 파스타가 맛있는 세렌",https://blog.naver.com/cmwcww/224297115685,2026-05-26 00:00:00+00:00,"세렌 메뉴 주문메뉴 리코타치즈샐러드 20,500원 초리조피자 24,000원 페쉐 24,000원 제로<b>콜라</b> 3,500원 먼저 리코타샐러드입니다. 상큼한 소스에 견과류까지 들어있어서 정말 맛있게 먹었어요. 샐러드와 빵이 함께... ",,naver_blog,콜라,canonical,1.0,2026-05-26 11:01:39.710152+00:00,0,0,0,0,ME로그,"세렌 메뉴 주문메뉴 리코타치즈샐러드 20,500원 초리조피자 24,000원 페쉐 24,000원 제로<b>콜라</b> 3,500원 먼저 리코타샐러드입니다. 상큼한 소스에 견과류까지 들어있어서 정말 맛있게 먹었어요. 샐러드와 빵이 함께... ","{""title"": ""판교 맛집, 파스타가 맛있는 세렌"", ""link"": ""https://blog.naver.com/cmwcww/224297115685"", ""description"": ""세렌 메뉴 주문메뉴 리코타치즈샐러드 20,500원 초리조피자 24,000원 페쉐 24,000원 제로<b>콜라</b> 3,500원 먼저 리코타샐러드입니다. 상큼한 소스에 견과류까지 들어있어서 정말 맛있게 먹었어요. 샐러드와 빵이 함께... "", ""bloggername"": ""ME로그"", ""bloggerlink"": ""blog.naver.com/cmwcww"", ""postdate"": ""20260526""}",ME로그,blog.naver.com/cmwcww
콜라,single_term_fallback,콜라,&quot;새 선장이 첫 항해에서 한 일&quot; 버크셔 해서웨이 13F [2],https://blog.naver.com/bmovaluetalks/224297114783,2026-05-26 00:00:00+00:00,참고: Q1 2026 기준 버크셔 상위 5개 종목 — 1위 애플(AAPL) 21.99% / 2위 아메리칸 익스프레스(AXP) 17.43% / 3위 코카<b>콜라</b>(KO) 11.56% / 4위 뱅크오브아메리카(BAC) 9.52% / 5위 셰브론(CVX) 6.64%. 상위 5개 합산 비중 67.14... ,,naver_blog,콜라,canonical,1.0,2026-05-26 11:01:39.710152+00:00,0,0,0,0,BMO Value Talks님의 블로그,참고: Q1 2026 기준 버크셔 상위 5개 종목 — 1위 애플(AAPL) 21.99% / 2위 아메리칸 익스프레스(AXP) 17.43% / 3위 코카<b>콜라</b>(KO) 11.56% / 4위 뱅크오브아메리카(BAC) 9.52% / 5위 셰브론(CVX) 6.64%. 상위 5개 합산 비중 67.14... ,"{""title"": ""&quot;새 선장이 첫 항해에서 한 일&quot; 버크셔 해서웨이 13F [2]"", ""link"": ""https://blog.naver.com/bmovaluetalks/224297114783"", ""description"": ""참고: Q1 2026 기준 버크셔 상위 5개 종목 — 1위 애플(AAPL) 21.99% / 2위 아메리칸 익스프레스(AXP) 17.43% / 3위 코카<b>콜라</b>(KO) 11.56% / 4위 뱅크오브아메리카(BAC) 9.52% / 5위 셰브론(CVX) 6.64%. 상위 5개 합산 비중 67.14... "", ""bloggername"": ""BMO Value Talks님의 블로그"", ""bloggerlink"": ""blog.naver.com/bmovaluetalks"", ""postdate"": ""20260526""}",BMO Value Talks님의 블로그,blog.naver.com/bmovaluetalks
콜라,single_term_fallback,콜라,맥도날드 앱쿠폰으로 할인받고 즐기는 맥날…맥도날드... ,https://blog.naver.com/tjrgus0824/224297114038,2026-05-26 00:00:00+00:00,<b>콜라</b>는 양심상 제로<b>콜라</b> <b>콜라</b>는 양심상 제로<b>콜라</b>로 주문. 햄버거 두 개 먹으면서 제로<b>콜라</b> 시키면 뭔가 양심이 살아있는 느낌 있음ㅋㅋ 이미 탄수화물과 패티와 소스를 몸에 넣고 있지만 “그래도 <b>콜라</b>는... ,,naver_blog,콜라,canonical,1.0,2026-05-26 11:01:39.710152+00:00,0,0,0,0,영서티의 생기부,<b>콜라</b>는 양심상 제로<b>콜라</b> <b>콜라</b>는 양심상 제로<b>콜라</b>로 주문. 햄버거 두 개 먹으면서 제로<b>콜라</b> 시키면 뭔가 양심이 살아있는 느낌 있음ㅋㅋ 이미 탄수화물과 패티와 소스를 몸에 넣고 있지만 “그래도 <b>콜라</b>는... ,"{""title"": ""맥도날드 앱쿠폰으로 할인받고 즐기는 맥날…맥도날드... "", ""link"": ""https://blog.naver.com/tjrgus0824/224297114038"", ""description"": ""<b>콜라</b>는 양심상 제로<b>콜라</b> <b>콜라</b>는 양심상 제로<b>콜라</b>로 주문. 햄버거 두 개 먹으면서 제로<b>콜라</b> 시키면 뭔가 양심이 살아있는 느낌 있음ㅋㅋ 이미 탄수화물과 패티와 소스를 몸에 넣고 있지만 “그래도 <b>콜라</b>는... "", ""bloggername"": ""영서티의 생기부"", ""bloggerlink"": ""blog.naver.com/tjrgus0824"", ""postdate"": ""20260526""}",영서티의 생기부,blog.naver.com/tjrgus0824
콜라,single_term_fallback,콜라,"부산 광안리 오션뷰 맛집 추천 , 나사리식당 분위기까지... ",https://blog.naver.com/dkdud1094/224297114340,2026-05-26 00:00:00+00:00,후기였습니다 #부산 #부산광안리 #광안리맛집 #데이트추천 #오션뷰맛집 #부산오션뷰맛집 #광안리오션뷰맛집 #광안대교 #광안리 #해물칼국수 #충무김밥 #해물파전 #<b>콜라</b> #간장 #후추 #점심맛집 #저녘맛집... ,,naver_blog,콜라,canonical,1.0,2026-05-26 11:01:39.710152+00:00,0,0,0,0,끄적끄적 제주기록공간,후기였습니다 #부산 #부산광안리 #광안리맛집 #데이트추천 #오션뷰맛집 #부산오션뷰맛집 #광안리오션뷰맛집 #광안대교 #광안리 #해물칼국수 #충무김밥 #해물파전 #<b>콜라</b> #간장 #후추 #점심맛집 #저녘맛집... ,"{""title"": ""부산 광안리 오션뷰 맛집 추천 , 나사리식당 분위기까지... "", ""link"": ""https://blog.naver.com/dkdud1094/224297114340"", ""description"": ""후기였습니다 #부산 #부산광안리 #광안리맛집 #데이트추천 #오션뷰맛집 #부산오션뷰맛집 #광안리오션뷰맛집 #광안대교 #광안리 #해물칼국수 #충무김밥 #해물파전 #<b>콜라</b> #간장 #후추 #점심맛집 #저녘맛집... "", ""bloggername"": ""끄적끄적 제주기록공간"", ""bloggerlink"": ""blog.naver.com/dkdud1094"", ""postdate"": ""20260526""}",끄적끄적 제주기록공간,blog.naver.com/dkdud1094
콜라,single_term_fallback,콜라,"[동탄 이자까야] 비스트로 슈토, 데이트하기 좋은 이자까야",https://blog.naver.com/bravechipmunk/224297113221,2026-05-26 00:00:00+00:00,한우암소육회 27000원 라구나스덴가꾸 22000원 마구로슈토동 22000원 와일드터키(101 8년) 하이볼 12000원 기린 생맥주 370ml 7000원 제로<b>콜라</b> 3000원 물도 레몬물로 주신다 난 안 먹었지만 하이볼도 맛있지만 특히... ,,naver_blog,콜라,canonical,1.0,2026-05-26 11:01:39.710152+00:00,0,0,0,0,다람쥐 일상,한우암소육회 27000원 라구나스덴가꾸 22000원 마구로슈토동 22000원 와일드터키(101 8년) 하이볼 12000원 기린 생맥주 370ml 7000원 제로<b>콜라</b> 3000원 물도 레몬물로 주신다 난 안 먹었지만 하이볼도 맛있지만 특히... ,"{""title"": ""[동탄 이자까야] 비스트로 슈토, 데이트하기 좋은 이자까야"", ""link"": ""https://blog.naver.com/bravechipmunk/224297113221"", ""description"": ""한우암소육회 27000원 라구나스덴가꾸 22000원 마구로슈토동 22000원 와일드터키(101 8년) 하이볼 12000원 기린 생맥주 370ml 7000원 제로<b>콜라</b> 3000원 물도 레몬물로 주신다 난 안 먹었지만 하이볼도 맛있지만 특히... "", ""bloggername"": ""다람쥐 일상"", ""bloggerlink"": ""blog.naver.com/bravechipmunk"", ""postdate"": ""20260526""}",다람쥐 일상,blog.naver.com/bravechipmunk
콜라,single_term_fallback,콜라,경기광주애견미용.행복한강아지-푸들 <b>콜라</b>~~♡♡,https://blog.naver.com/shim2916/224297113182,2026-05-26 00:00:00+00:00,,,naver_blog,콜라,canonical,1.0,2026-05-26 11:01:39.710152+00:00,0,0,0,0,행복한강아지,,"{""title"": ""경기광주애견미용.행복한강아지-푸들 <b>콜라</b>~~♡♡"", ""link"": ""https://blog.naver.com/shim2916/224297113182"", ""description"": """", ""bloggername"": ""행복한강아지"", ""bloggerlink"": ""blog.naver.com/shim2916"", ""postdate"": ""20260526""}",행복한강아지,blog.naver.com/shim2916
콜라,single_term_fallback,콜라,2026-[6] 워런 버핏 삶의 원칙,https://blog.naver.com/hi_ghest/224297112861,2026-05-26 00:00:00+00:00,언젠가는 어리석은 경영자가 나타나기 마련이니까요.&quot; 버크셔 해서웨이가 오랜 기간 보유하고 있는 코카<b>콜라</b>는 안정적인 수요를 밑바탕으로 국제시장에서 끊임없는 성장을 해왔다. 하지만 코카<b>콜라</b> 역시... ,,naver_blog,콜라,canonical,1.0,2026-05-26 11:01:39.710152+00:00,0,0,0,0,blog,언젠가는 어리석은 경영자가 나타나기 마련이니까요.&quot; 버크셔 해서웨이가 오랜 기간 보유하고 있는 코카<b>콜라</b>는 안정적인 수요를 밑바탕으로 국제시장에서 끊임없는 성장을 해왔다. 하지만 코카<b>콜라</b> 역시... ,"{""title"": ""2026-[6] 워런 버핏 삶의 원칙"", ""link"": ""https://blog.naver.com/hi_ghest/224297112861"", ""description"": ""언젠가는 어리석은 경영자가 나타나기 마련이니까요.&quot; 버크셔 해서웨이가 오랜 기간 보유하고 있는 코카<b>콜라</b>는 안정적인 수요를 밑바탕으로 국제시장에서 끊임없는 성장을 해왔다. 하지만 코카<b>콜라</b> 역시... "", ""bloggername"": ""blog"", ""bloggerlink"": ""blog.naver.com/hi_ghest"", ""postdate"": ""20260526""}",blog,blog.naver.com/hi_ghest
콜라,single_term_fallback,콜라,압구정 브런치 맛집: 마일드하이클럽,https://blog.naver.com/cksl7599/224297112027,2026-05-26 00:00:00+00:00,프라이즈 -아메리카노 -제로<b>콜라</b> 주문했습니다! 주문한 메뉴가 많아서 오래 걸릴줄알았는데 모든 메뉴가 거의 한번에 나왔어요 ㅎㅎ 전메뉴 사진찍으려고 기다리지 않아도 돼서좋더라구요 ㅎㅎ 잠봉... ,,naver_blog,콜라,canonical,1.0,2026-05-26 11:01:39.710152+00:00,0,0,0,0,:-),프라이즈 -아메리카노 -제로<b>콜라</b> 주문했습니다! 주문한 메뉴가 많아서 오래 걸릴줄알았는데 모든 메뉴가 거의 한번에 나왔어요 ㅎㅎ 전메뉴 사진찍으려고 기다리지 않아도 돼서좋더라구요 ㅎㅎ 잠봉... ,"{""title"": ""압구정 브런치 맛집: 마일드하이클럽"", ""link"": ""https://blog.naver.com/cksl7599/224297112027"", ""description"": ""프라이즈 -아메리카노 -제로<b>콜라</b> 주문했습니다! 주문한 메뉴가 많아서 오래 걸릴줄알았는데 모든 메뉴가 거의 한번에 나왔어요 ㅎㅎ 전메뉴 사진찍으려고 기다리지 않아도 돼서좋더라구요 ㅎㅎ 잠봉... "", ""bloggername"": "":-)"", ""bloggerlink"": ""blog.naver.com/cksl7599"", ""postdate"": ""20260526""}",:-),blog.naver.com/cksl7599
콜라,single_term_fallback,콜라,수원 | 행궁동 델템포 | 델템포하우스 | 양식 | 만조 크림리조또... ,https://blog.naver.com/yamico_/224297111311,2026-05-26 00:00:00+00:00,우리는 이미 <b>콜라</b>를 시켜서 착즙주스로 받음! 만조 크림리조또 평택에서도 무조건 이 리조또 시켜 먹는데 후회 절대~~~ 없어요. 리조또 뭔 맛으로 먹어~ 하시는 분들 만조 크림리조또 한입 드시면 생각이 싸악... ,,naver_blog,콜라,canonical,1.0,2026-05-26 11:01:39.710152+00:00,0,0,0,0,어찌저찌 사는 삶,우리는 이미 <b>콜라</b>를 시켜서 착즙주스로 받음! 만조 크림리조또 평택에서도 무조건 이 리조또 시켜 먹는데 후회 절대~~~ 없어요. 리조또 뭔 맛으로 먹어~ 하시는 분들 만조 크림리조또 한입 드시면 생각이 싸악... ,"{""title"": ""수원 | 행궁동 델템포 | 델템포하우스 | 양식 | 만조 크림리조또... "", ""link"": ""https://blog.naver.com/yamico_/224297111311"", ""description"": ""우리는 이미 <b>콜라</b>를 시켜서 착즙주스로 받음! 만조 크림리조또 평택에서도 무조건 이 리조또 시켜 먹는데 후회 절대~~~ 없어요. 리조또 뭔 맛으로 먹어~ 하시는 분들 만조 크림리조또 한입 드시면 생각이 싸악... "", ""bloggername"": ""어찌저찌 사는 삶"", ""bloggerlink"": ""blog.naver.com/yamico_"", ""postdate"": ""20260526""}",어찌저찌 사는 삶,blog.naver.com/yamico_
콜라,single_term_fallback,콜라,'침묵의 장기' 간이 안좋으면 나타나는 증상 TOP4,https://blog.naver.com/jongha3846/224297084938,2026-05-26 00:00:00+00:00,소변 색이 진하게 변했다 소변 색이 갑자기 진한 갈색이나 <b>콜라</b>색으로 변했다면 절대 그냥 두면 안 돼요. ✔ 소변 색이 진한 갈색이나 <b>콜라</b>색이다 ✔ 물을 충분히 마셔도 색이 옅어지지 않는다 간 기능에 문제가... ,,naver_blog,콜라,canonical,1.0,2026-05-26 11:01:39.710152+00:00,0,0,0,0,건돌이,소변 색이 진하게 변했다 소변 색이 갑자기 진한 갈색이나 <b>콜라</b>색으로 변했다면 절대 그냥 두면 안 돼요. ✔ 소변 색이 진한 갈색이나 <b>콜라</b>색이다 ✔ 물을 충분히 마셔도 색이 옅어지지 않는다 간 기능에 문제가... ,"{""title"": ""'침묵의 장기' 간이 안좋으면 나타나는 증상 TOP4"", ""link"": ""https://blog.naver.com/jongha3846/224297084938"", ""description"": ""소변 색이 진하게 변했다 소변 색이 갑자기 진한 갈색이나 <b>콜라</b>색으로 변했다면 절대 그냥 두면 안 돼요. ✔ 소변 색이 진한 갈색이나 <b>콜라</b>색이다 ✔ 물을 충분히 마셔도 색이 옅어지지 않는다 간 기능에 문제가... "", ""bloggername"": ""건돌이"", ""bloggerlink"": ""blog.naver.com/jongha3846"", ""postdate"": ""20260526""}",건돌이,blog.naver.com/jongha3846
콜라,single_term_fallback,콜라,"카페,베이커리 우유 및 휘핑크림은어디??추천",https://blog.naver.com/wys21c/224297118448,2026-05-26 00:00:00+00:00,"코카<b>콜라</b>, 롯데칠성, 동아오츠카 공식 종합음료, 쿨피스, 쥬시쿨, 캔음료, 시럽, 파우더, 스무디 베이스, 냉동과일  소모품·생수: 먹는 샘물, 행사장/체육대회/식당용 얼음물 및 얼음, 빨대 및 테이크아웃... ",,naver_blog,콜라,canonical,1.0,2026-05-26 11:01:39.710152+00:00,0,0,0,0,"하나종합물류(카페우유,치즈,식당음료,생크림,식자재","코카<b>콜라</b>, 롯데칠성, 동아오츠카 공식 종합음료, 쿨피스, 쥬시쿨, 캔음료, 시럽, 파우더, 스무디 베이스, 냉동과일  소모품·생수: 먹는 샘물, 행사장/체육대회/식당용 얼음물 및 얼음, 빨대 및 테이크아웃... ","{""title"": ""카페,베이커리 우유 및 휘핑크림은어디??추천"", ""link"": ""https://blog.naver.com/wys21c/224297118448"", ""description"": ""코카<b>콜라</b>, 롯데칠성, 동아오츠카 공식 종합음료, 쿨피스, 쥬시쿨, 캔음료, 시럽, 파우더, 스무디 베이스, 냉동과일  소모품·생수: 먹는 샘물, 행사장/체육대회/식당용 얼음물 및 얼음, 빨대 및 테이크아웃... "", ""bloggername"": ""하나종합물류(카페우유,치즈,식당음료,생크림,식자재"", ""bloggerlink"": ""blog.naver.com/wys21c"", ""postdate"": ""20260526""}","하나종합물류(카페우유,치즈,식당음료,생크림,식자재",blog.naver.com/wys21c
콜라,single_term_fallback,콜라,군부대서 강압적 팔굽혀펴기로 병사 근육 심각하게 손상... ,https://blog.naver.com/hellobaby104/224297146936,2026-05-26 00:00:00+00:00,병사가 ‘<b>콜라</b>색 소변’을 볼 정도로 근육이 심각하게 손상되는 사건이 발생했다. 26일 철원군... 색깔은 ‘<b>콜라</b>색’이었다. 곧장 국군포천병원으로 후송돼 진행한 혈액검사 결과 근육효소(CK... ,,naver_blog,콜라,canonical,1.0,2026-05-26 11:01:39.710152+00:00,0,0,0,0,hellobaby104님의 블로그,병사가 ‘<b>콜라</b>색 소변’을 볼 정도로 근육이 심각하게 손상되는 사건이 발생했다. 26일 철원군... 색깔은 ‘<b>콜라</b>색’이었다. 곧장 국군포천병원으로 후송돼 진행한 혈액검사 결과 근육효소(CK... ,"{""title"": ""군부대서 강압적 팔굽혀펴기로 병사 근육 심각하게 손상... "", ""link"": ""https://blog.naver.com/hellobaby104/224297146936"", ""description"": ""병사가 ‘<b>콜라</b>색 소변’을 볼 정도로 근육이 심각하게 손상되는 사건이 발생했다. 26일 철원군... 색깔은 ‘<b>콜라</b>색’이었다. 곧장 국군포천병원으로 후송돼 진행한 혈액검사 결과 근육효소(CK... "", ""bloggername"": ""hellobaby104님의 블로그"", ""bloggerlink"": ""blog.naver.com/hellobaby104"", ""postdate"": ""20260526""}",hellobaby104님의 블로그,blog.naver.com/hellobaby104
콜라,single_term_fallback,콜라,무계획 같아 보여도 이것도 다 내 계획(202604),https://blog.naver.com/serendipit-/224297107191,2026-05-26 00:00:00+00:00,다미가 <b>콜라</b> 서비스 줬어요 터널 첨 가보는데 생각보다 멀다 여은이랑 재홍오빠랑 경제학개론 내기 했는데 서로 견제하는게 웃김 공부 못하게 하려고 산책 하자 했지 근데 나름 페어플레이.. 라혜가 나에게... ,,naver_blog,콜라,canonical,1.0,2026-05-26 11:01:39.710152+00:00,0,0,0,0,Kitty,다미가 <b>콜라</b> 서비스 줬어요 터널 첨 가보는데 생각보다 멀다 여은이랑 재홍오빠랑 경제학개론 내기 했는데 서로 견제하는게 웃김 공부 못하게 하려고 산책 하자 했지 근데 나름 페어플레이.. 라혜가 나에게... ,"{""title"": ""무계획 같아 보여도 이것도 다 내 계획(202604)"", ""link"": ""https://blog.naver.com/serendipit-/224297107191"", ""description"": ""다미가 <b>콜라</b> 서비스 줬어요 터널 첨 가보는데 생각보다 멀다 여은이랑 재홍오빠랑 경제학개론 내기 했는데 서로 견제하는게 웃김 공부 못하게 하려고 산책 하자 했지 근데 나름 페어플레이.. 라혜가 나에게... "", ""bloggername"": ""Kitty"", ""bloggerlink"": ""blog.naver.com/serendipit-"", ""postdate"": ""20260526""}",Kitty,blog.naver.com/serendipit-
콜라,single_term_fallback,콜라,인천맛집 변사또아구찜 2호점 푸짐한 해물찜에 볶음밥까지... ,https://blog.naver.com/tial0106/224297148328,2026-05-26 00:00:00+00:00,매콤한 음식엔 빠질 수 없는 <b>콜라</b>도 함께 주문했는데 시원한 <b>콜라</b> 한입씩 마셔주니까 양념의 매운맛이 딱 잡혀서 더 맛있게 즐길 수 있었답니다. 마무리로는 볶음밥 2인분 추가했는데 이건 진짜 필수예요. 남은... ,,naver_blog,콜라,canonical,1.0,2026-05-26 11:01:39.710152+00:00,0,0,0,0,Four season,매콤한 음식엔 빠질 수 없는 <b>콜라</b>도 함께 주문했는데 시원한 <b>콜라</b> 한입씩 마셔주니까 양념의 매운맛이 딱 잡혀서 더 맛있게 즐길 수 있었답니다. 마무리로는 볶음밥 2인분 추가했는데 이건 진짜 필수예요. 남은... ,"{""title"": ""인천맛집 변사또아구찜 2호점 푸짐한 해물찜에 볶음밥까지... "", ""link"": ""https://blog.naver.com/tial0106/224297148328"", ""description"": ""매콤한 음식엔 빠질 수 없는 <b>콜라</b>도 함께 주문했는데 시원한 <b>콜라</b> 한입씩 마셔주니까 양념의 매운맛이 딱 잡혀서 더 맛있게 즐길 수 있었답니다. 마무리로는 볶음밥 2인분 추가했는데 이건 진짜 필수예요. 남은... "", ""bloggername"": ""Four season"", ""bloggerlink"": ""blog.naver.com/tial0106"", ""postdate"": ""20260526""}",Four season,blog.naver.com/tial0106
콜라,single_term_fallback,콜라,전포 멕시칸 맛집ㅣ잔둔가,https://blog.naver.com/aroorooo/224297108678,2026-05-26 00:00:00+00:00,0 <b>콜라</b> 2.0 제로<b>콜라</b> 2.0 스프라이트 2.0 하마이카 4.5 음식 리뷰 음식은 한번에 안나오고 하나씩 천천히 나와서 순차적으로 여유있게 즐길 수 있었다 제일 먼저 나온 문어 토스타다 젤 맛있었음. 상큼하고... ,,naver_blog,콜라,canonical,1.0,2026-05-26 11:01:39.710152+00:00,0,0,0,0,아루루,0 <b>콜라</b> 2.0 제로<b>콜라</b> 2.0 스프라이트 2.0 하마이카 4.5 음식 리뷰 음식은 한번에 안나오고 하나씩 천천히 나와서 순차적으로 여유있게 즐길 수 있었다 제일 먼저 나온 문어 토스타다 젤 맛있었음. 상큼하고... ,"{""title"": ""전포 멕시칸 맛집ㅣ잔둔가"", ""link"": ""https://blog.naver.com/aroorooo/224297108678"", ""description"": ""0 <b>콜라</b> 2.0 제로<b>콜라</b> 2.0 스프라이트 2.0 하마이카 4.5 음식 리뷰 음식은 한번에 안나오고 하나씩 천천히 나와서 순차적으로 여유있게 즐길 수 있었다 제일 먼저 나온 문어 토스타다 젤 맛있었음. 상큼하고... "", ""bloggername"": ""아루루"", ""bloggerlink"": ""blog.naver.com/aroorooo"", ""postdate"": ""20260526""}",아루루,blog.naver.com/aroorooo
콜라,single_term_fallback,콜라,격포바닷가&amp;해미읍성&amp;서산한우목장,https://blog.naver.com/hwasoon0483/224297166965,2026-05-26 00:00:00+00:00,언니의 해설을 들으며~~ 카카오택시로 서산 한우 목장으로 고고씽 나는 인스타에서 숏폼을 보면서 나도 해봐야겠다고 생각을 하고 있었는데 어느분께서 <b>콜라</b>로 하는거를 보고 나는 사이다로 연습을 해야겠다... ,,naver_blog,콜라,canonical,1.0,2026-05-26 11:01:39.710152+00:00,0,0,0,0,당당한 꽃순이,언니의 해설을 들으며~~ 카카오택시로 서산 한우 목장으로 고고씽 나는 인스타에서 숏폼을 보면서 나도 해봐야겠다고 생각을 하고 있었는데 어느분께서 <b>콜라</b>로 하는거를 보고 나는 사이다로 연습을 해야겠다... ,"{""title"": ""격포바닷가&amp;해미읍성&amp;서산한우목장"", ""link"": ""https://blog.naver.com/hwasoon0483/224297166965"", ""description"": ""언니의 해설을 들으며~~ 카카오택시로 서산 한우 목장으로 고고씽 나는 인스타에서 숏폼을 보면서 나도 해봐야겠다고 생각을 하고 있었는데 어느분께서 <b>콜라</b>로 하는거를 보고 나는 사이다로 연습을 해야겠다... "", ""bloggername"": ""당당한 꽃순이"", ""bloggerlink"": ""blog.naver.com/hwasoon0483"", ""postdate"": ""20260526""}",당당한 꽃순이,blog.naver.com/hwasoon0483
콜라,single_term_fallback,콜라,"기흥 수제 버거 1등 맛집, [버거비앤비 기흥역본점]에... ",https://blog.naver.com/empoweredboy/224297166771,2026-05-26 00:00:00+00:00,<b>콜라</b> 싹 땡기는 사진... 대문짝만하게 한쪽에 붙어 있꾸용 원산지도 한쪽켠에 (다소 구석탱이에) 표기되어 있습니다 소고기는 미국산이고 닭고기는 국내산/태국산을 섞어서 사용하시네요 치킨버거 패티가... ,,naver_blog,콜라,canonical,1.0,2026-05-26 11:01:39.710152+00:00,0,0,0,0,미식미식가의 미식여정,<b>콜라</b> 싹 땡기는 사진... 대문짝만하게 한쪽에 붙어 있꾸용 원산지도 한쪽켠에 (다소 구석탱이에) 표기되어 있습니다 소고기는 미국산이고 닭고기는 국내산/태국산을 섞어서 사용하시네요 치킨버거 패티가... ,"{""title"": ""기흥 수제 버거 1등 맛집, [버거비앤비 기흥역본점]에... "", ""link"": ""https://blog.naver.com/empoweredboy/224297166771"", ""description"": ""<b>콜라</b> 싹 땡기는 사진... 대문짝만하게 한쪽에 붙어 있꾸용 원산지도 한쪽켠에 (다소 구석탱이에) 표기되어 있습니다 소고기는 미국산이고 닭고기는 국내산/태국산을 섞어서 사용하시네요 치킨버거 패티가... "", ""bloggername"": ""미식미식가의 미식여정"", ""bloggerlink"": ""blog.naver.com/empoweredboy"", ""postdate"": ""20260526""}",미식미식가의 미식여정,blog.naver.com/empoweredboy
콜라,single_term_fallback,콜라,충칭 정할아버지 바베큐 후기 평일 웨이팅 丁老头烤肉,https://blog.naver.com/duswn2211/224297164715,2026-05-26 00:00:00+00:00,ㅋㅋ 저희는 코로나 맥주랑 레몬<b>콜라</b>를 추가주문했어요! <b>콜라</b>가 캔이 아니라 일회용품에 담아서 줘서 살짝 찝찝한 기분... 그리고 탄산이 뭔가 약해요 라이브공연 ✅ 공연시간 ✅ 오후 7시부터 1시간마다... ,,naver_blog,콜라,canonical,1.0,2026-05-26 11:01:39.710152+00:00,0,0,0,0,연듀부의 일기쟝,ㅋㅋ 저희는 코로나 맥주랑 레몬<b>콜라</b>를 추가주문했어요! <b>콜라</b>가 캔이 아니라 일회용품에 담아서 줘서 살짝 찝찝한 기분... 그리고 탄산이 뭔가 약해요 라이브공연 ✅ 공연시간 ✅ 오후 7시부터 1시간마다... ,"{""title"": ""충칭 정할아버지 바베큐 후기 평일 웨이팅 丁老头烤肉"", ""link"": ""https://blog.naver.com/duswn2211/224297164715"", ""description"": ""ㅋㅋ 저희는 코로나 맥주랑 레몬<b>콜라</b>를 추가주문했어요! <b>콜라</b>가 캔이 아니라 일회용품에 담아서 줘서 살짝 찝찝한 기분... 그리고 탄산이 뭔가 약해요 라이브공연 ✅ 공연시간 ✅ 오후 7시부터 1시간마다... "", ""bloggername"": ""연듀부의 일기쟝"", ""bloggerlink"": ""blog.naver.com/duswn2211"", ""postdate"": ""20260526""}",연듀부의 일기쟝,blog.naver.com/duswn2211
콜라,single_term_fallback,콜라,2026년 5월,https://blog.naver.com/zzie0n/224297163449,2026-05-26 00:00:00+00:00,한상 부러지게 차려둔 동생들 배터지게 먹고 신나게 떠들고 귀가 ㅋㅋㅋㅋㅋㅋ집 이쁘게 꾸며서 인테리어 욕구 올라옴 ㅋㅋㅋㅋ집 조타잉~~ 오늘 뜻밖의 선물들 깜쥐네가 준 미국 코카<b>콜라</b>+ 다이노탱 보틀... ,,naver_blog,콜라,canonical,1.0,2026-05-26 11:01:39.710152+00:00,0,0,0,0,moodi,한상 부러지게 차려둔 동생들 배터지게 먹고 신나게 떠들고 귀가 ㅋㅋㅋㅋㅋㅋ집 이쁘게 꾸며서 인테리어 욕구 올라옴 ㅋㅋㅋㅋ집 조타잉~~ 오늘 뜻밖의 선물들 깜쥐네가 준 미국 코카<b>콜라</b>+ 다이노탱 보틀... ,"{""title"": ""2026년 5월"", ""link"": ""https://blog.naver.com/zzie0n/224297163449"", ""description"": ""한상 부러지게 차려둔 동생들 배터지게 먹고 신나게 떠들고 귀가 ㅋㅋㅋㅋㅋㅋ집 이쁘게 꾸며서 인테리어 욕구 올라옴 ㅋㅋㅋㅋ집 조타잉~~ 오늘 뜻밖의 선물들 깜쥐네가 준 미국 코카<b>콜라</b>+ 다이노탱 보틀... "", ""bloggername"": ""moodi"", ""bloggerlink"": ""blog.naver.com/zzie0n"", ""postdate"": ""20260526""}",moodi,blog.naver.com/zzie0n
콜라,single_term_fallback,콜라,SCHD란? 미국 배당 ETF 초보도 쉽게 이해하는 투자 방법,https://blog.naver.com/money_like777/224297162721,2026-05-26 00:00:00+00:00,"애플, 코카<b>콜라</b>처럼 개별 종목을 하나씩 고르는 게 아니라 여러 기업에 분산 투자하면서 배당까지... 예를 들어: •삼성전자 1개 •애플 1개 •코카<b>콜라</b> 1개 •존슨앤존슨 1개 이걸 하나하나 사는 게 아니라... ",,naver_blog,콜라,canonical,1.0,2026-05-26 11:01:39.710152+00:00,0,0,0,0,money_like777님의 블로그,"애플, 코카<b>콜라</b>처럼 개별 종목을 하나씩 고르는 게 아니라 여러 기업에 분산 투자하면서 배당까지... 예를 들어: •삼성전자 1개 •애플 1개 •코카<b>콜라</b> 1개 •존슨앤존슨 1개 이걸 하나하나 사는 게 아니라... ","{""title"": ""SCHD란? 미국 배당 ETF 초보도 쉽게 이해하는 투자 방법"", ""link"": ""https://blog.naver.com/money_like777/224297162721"", ""description"": ""애플, 코카<b>콜라</b>처럼 개별 종목을 하나씩 고르는 게 아니라 여러 기업에 분산 투자하면서 배당까지... 예를 들어: •삼성전자 1개 •애플 1개 •코카<b>콜라</b> 1개 •존슨앤존슨 1개 이걸 하나하나 사는 게 아니라... "", ""bloggername"": ""money_like777님의 블로그"", ""bloggerlink"": ""blog.naver.com/money_like777"", ""postdate"": ""20260526""}",money_like777님의 블로그,blog.naver.com/money_like777
콜라,single_term_fallback,콜라,선릉역 맛집 이자카야 선릉 회식 데이트하기 좋은 프라이빗... ,https://blog.naver.com/pgh9700/224297161477,2026-05-26 00:00:00+00:00,"제로<b>콜라</b> 2,500원*2 으로 하나씩 주문해봤다 메인 메뉴가 나오기 전에 기본찬으로 나온 삶은 콩과 김치부터 벌써 맛있어서 하나둘씩 집어먹다 보니 금방 다 먹었다ㅎ 제로<b>콜라</b>만 주문해도 캔만 주시는... ",,naver_blog,콜라,canonical,1.0,2026-05-26 11:01:39.710152+00:00,0,0,0,0,무무,"제로<b>콜라</b> 2,500원*2 으로 하나씩 주문해봤다 메인 메뉴가 나오기 전에 기본찬으로 나온 삶은 콩과 김치부터 벌써 맛있어서 하나둘씩 집어먹다 보니 금방 다 먹었다ㅎ 제로<b>콜라</b>만 주문해도 캔만 주시는... ","{""title"": ""선릉역 맛집 이자카야 선릉 회식 데이트하기 좋은 프라이빗... "", ""link"": ""https://blog.naver.com/pgh9700/224297161477"", ""description"": ""제로<b>콜라</b> 2,500원*2 으로 하나씩 주문해봤다 메인 메뉴가 나오기 전에 기본찬으로 나온 삶은 콩과 김치부터 벌써 맛있어서 하나둘씩 집어먹다 보니 금방 다 먹었다ㅎ 제로<b>콜라</b>만 주문해도 캔만 주시는... "", ""bloggername"": ""무무"", ""bloggerlink"": ""blog.naver.com/pgh9700"", ""postdate"": ""20260526""}",무무,blog.naver.com/pgh9700
콜라,single_term_fallback,콜라,김포공항 대한항공 라운지 국제선 오사카 간사이공항 KE2117,https://blog.naver.com/private__taste/224297161666,2026-05-26 00:00:00+00:00,"아무튼 여기 lounge 주류도 적당히 있고 음료수도 다양해서, 솔직히 컵라면이랑 <b>콜라</b> 하나만 마셔도 기분이 나긴 하니까. 만약 바우처 같은 것 있으면 그냥 바로바로 쓰시는 것을 추천드린다. 아껴 쓴다고 4개나... ",,naver_blog,콜라,canonical,1.0,2026-05-26 11:01:39.710152+00:00,0,0,0,0,사적인취향,"아무튼 여기 lounge 주류도 적당히 있고 음료수도 다양해서, 솔직히 컵라면이랑 <b>콜라</b> 하나만 마셔도 기분이 나긴 하니까. 만약 바우처 같은 것 있으면 그냥 바로바로 쓰시는 것을 추천드린다. 아껴 쓴다고 4개나... ","{""title"": ""김포공항 대한항공 라운지 국제선 오사카 간사이공항 KE2117"", ""link"": ""https://blog.naver.com/private__taste/224297161666"", ""description"": ""아무튼 여기 lounge 주류도 적당히 있고 음료수도 다양해서, 솔직히 컵라면이랑 <b>콜라</b> 하나만 마셔도 기분이 나긴 하니까. 만약 바우처 같은 것 있으면 그냥 바로바로 쓰시는 것을 추천드린다. 아껴 쓴다고 4개나... "", ""bloggername"": ""사적인취향"", ""bloggerlink"": ""blog.naver.com/private__taste"", ""postdate"": ""20260526""}",사적인취향,blog.naver.com/private__taste
콜라,single_term_fallback,콜라,계양구청 맛집 - [김선하의 닭갈비 궁중누룽지탕 계산택지... ,https://blog.naver.com/1118market/224297161949,2026-05-26 00:00:00+00:00,닭갈비 2인분과 소주 / <b>콜라</b> 두개 주문했습니다^^ 병<b>콜라</b> 정말 오랜만에 봅니다. 캔<b>콜라</b>만 보다가 병<b>콜라</b>를 보니 감회가 새롭더군요 :) 레트로 감성의 테이블까지.. 무조건 취하고 가야겠습니다.../ 닭갈비와... ,,naver_blog,콜라,canonical,1.0,2026-05-26 11:01:39.710152+00:00,0,0,0,0,뚱먐미의 찐 실사용 리뷰,닭갈비 2인분과 소주 / <b>콜라</b> 두개 주문했습니다^^ 병<b>콜라</b> 정말 오랜만에 봅니다. 캔<b>콜라</b>만 보다가 병<b>콜라</b>를 보니 감회가 새롭더군요 :) 레트로 감성의 테이블까지.. 무조건 취하고 가야겠습니다.../ 닭갈비와... ,"{""title"": ""계양구청 맛집 - [김선하의 닭갈비 궁중누룽지탕 계산택지... "", ""link"": ""https://blog.naver.com/1118market/224297161949"", ""description"": ""닭갈비 2인분과 소주 / <b>콜라</b> 두개 주문했습니다^^ 병<b>콜라</b> 정말 오랜만에 봅니다. 캔<b>콜라</b>만 보다가 병<b>콜라</b>를 보니 감회가 새롭더군요 :) 레트로 감성의 테이블까지.. 무조건 취하고 가야겠습니다.../ 닭갈비와... "", ""bloggername"": ""뚱먐미의 찐 실사용 리뷰"", ""bloggerlink"": ""blog.naver.com/1118market"", ""postdate"": ""20260526""}",뚱먐미의 찐 실사용 리뷰,blog.naver.com/1118market
콜라,single_term_fallback,콜라,[성수] 다양한 책을 볼 수 있는 조용하고 분위기있는 성수... ,https://blog.naver.com/dudungha22/224297161153,2026-05-26 00:00:00+00:00,"지금까지 ‘샤넬’ 팝업스토어, ‘카카오’개발팀 워크샵, ‘코카<b>콜라</b>’파이낸셜 IT 워크샵, ‘롯데인재개발원’ 임원 강연, ‘밀리의서재’ 북콘서트, ‘아이돌 및 아티스트’ 공연 및 팬사인회 같은 각종... ",,naver_blog,콜라,canonical,1.0,2026-05-26 11:01:39.710152+00:00,0,0,0,0,재밌는 일을 찾아서 ☁️,"지금까지 ‘샤넬’ 팝업스토어, ‘카카오’개발팀 워크샵, ‘코카<b>콜라</b>’파이낸셜 IT 워크샵, ‘롯데인재개발원’ 임원 강연, ‘밀리의서재’ 북콘서트, ‘아이돌 및 아티스트’ 공연 및 팬사인회 같은 각종... ","{""title"": ""[성수] 다양한 책을 볼 수 있는 조용하고 분위기있는 성수... "", ""link"": ""https://blog.naver.com/dudungha22/224297161153"", ""description"": ""지금까지 ‘샤넬’ 팝업스토어, ‘카카오’개발팀 워크샵, ‘코카<b>콜라</b>’파이낸셜 IT 워크샵, ‘롯데인재개발원’ 임원 강연, ‘밀리의서재’ 북콘서트, ‘아이돌 및 아티스트’ 공연 및 팬사인회 같은 각종... "", ""bloggername"": ""재밌는 일을 찾아서 ☁️"", ""bloggerlink"": ""blog.naver.com/dudungha22"", ""postdate"": ""20260526""}",재밌는 일을 찾아서 ☁️,blog.naver.com/dudungha22
콜라,single_term_fallback,콜라,3교대 직장인 다이어트 마운자로 2.5mg 한달 후 5mg 증량 후기... ,https://blog.naver.com/god-dodam/224297160997,2026-05-26 00:00:00+00:00,"(?) 물 마셨어용 원래 탄산 즐겨먹는 타입도 아니라 <b>콜라</b>, 사이다도 안땡김 이슈 닭다리 1개 봉 2개 물 이렇게 먹고 아오 배불렁.... 이때부터 속이 안좋기 시작했어요 고작 치킨 3조각 먹었다고 ... 집에... ",,naver_blog,콜라,canonical,1.0,2026-05-26 11:01:39.710152+00:00,0,0,0,0,"갓도담의 먹어보던g, 떠나보던g","(?) 물 마셨어용 원래 탄산 즐겨먹는 타입도 아니라 <b>콜라</b>, 사이다도 안땡김 이슈 닭다리 1개 봉 2개 물 이렇게 먹고 아오 배불렁.... 이때부터 속이 안좋기 시작했어요 고작 치킨 3조각 먹었다고 ... 집에... ","{""title"": ""3교대 직장인 다이어트 마운자로 2.5mg 한달 후 5mg 증량 후기... "", ""link"": ""https://blog.naver.com/god-dodam/224297160997"", ""description"": ""(?) 물 마셨어용 원래 탄산 즐겨먹는 타입도 아니라 <b>콜라</b>, 사이다도 안땡김 이슈 닭다리 1개 봉 2개 물 이렇게 먹고 아오 배불렁.... 이때부터 속이 안좋기 시작했어요 고작 치킨 3조각 먹었다고 ... 집에... "", ""bloggername"": ""갓도담의 먹어보던g, 떠나보던g"", ""bloggerlink"": ""blog.naver.com/god-dodam"", ""postdate"": ""20260526""}","갓도담의 먹어보던g, 떠나보던g",blog.naver.com/god-dodam
콜라,single_term_fallback,콜라,대천 조개까는남자 내돈내산 후기,https://blog.naver.com/khyeon0902/224297160158,2026-05-26 00:00:00+00:00,"당연히 <b>콜라</b>/사이다만 있는 줄 알고 탄산만 5지게 마심~ 참고로 블루리본 12년 연속이래요... 인기 있는 이유가 있네용 약간 동남아 노포 느낌도 나고,,,,, 야장 같기도 하고... 7.8점 입니다.",,naver_blog,콜라,canonical,1.0,2026-05-26 11:01:39.710152+00:00,0,0,0,0,내 멋대로 쓰는 내 블로그,"당연히 <b>콜라</b>/사이다만 있는 줄 알고 탄산만 5지게 마심~ 참고로 블루리본 12년 연속이래요... 인기 있는 이유가 있네용 약간 동남아 노포 느낌도 나고,,,,, 야장 같기도 하고... 7.8점 입니다.","{""title"": ""대천 조개까는남자 내돈내산 후기"", ""link"": ""https://blog.naver.com/khyeon0902/224297160158"", ""description"": ""당연히 <b>콜라</b>/사이다만 있는 줄 알고 탄산만 5지게 마심~ 참고로 블루리본 12년 연속이래요... 인기 있는 이유가 있네용 약간 동남아 노포 느낌도 나고,,,,, 야장 같기도 하고... 7.8점 입니다."", ""bloggername"": ""내 멋대로 쓰는 내 블로그"", ""bloggerlink"": ""blog.naver.com/khyeon0902"", ""postdate"": ""20260526""}",내 멋대로 쓰는 내 블로그,blog.naver.com/khyeon0902
콜라,single_term_fallback,콜라,26.05.26 일기,https://blog.naver.com/sksrkal/224297159615,2026-05-26 00:00:00+00:00,자라고있는걸 보고왔다 첨봐서 신기했음 돌아와서 대충 밥먹고 두쫀쿠랑 라떼 바로 세탁 건조해서 낮잠때 덮어줬는데 아주 좋군 치킨킹 먹고 49일만에 먹어보는 얼음없는 <b>콜라</b> 너겟한개 낼 벌써 애기 50일이다..,,naver_blog,콜라,canonical,1.0,2026-05-26 11:01:39.710152+00:00,0,0,0,0,곰희의 하루,자라고있는걸 보고왔다 첨봐서 신기했음 돌아와서 대충 밥먹고 두쫀쿠랑 라떼 바로 세탁 건조해서 낮잠때 덮어줬는데 아주 좋군 치킨킹 먹고 49일만에 먹어보는 얼음없는 <b>콜라</b> 너겟한개 낼 벌써 애기 50일이다..,"{""title"": ""26.05.26 일기"", ""link"": ""https://blog.naver.com/sksrkal/224297159615"", ""description"": ""자라고있는걸 보고왔다 첨봐서 신기했음 돌아와서 대충 밥먹고 두쫀쿠랑 라떼 바로 세탁 건조해서 낮잠때 덮어줬는데 아주 좋군 치킨킹 먹고 49일만에 먹어보는 얼음없는 <b>콜라</b> 너겟한개 낼 벌써 애기 50일이다.."", ""bloggername"": ""곰희의 하루"", ""bloggerlink"": ""blog.naver.com/sksrkal"", ""postdate"": ""20260526""}",곰희의 하루,blog.naver.com/sksrkal
콜라,single_term_fallback,콜라,"유한킴벌리 하기스 맘큐 커뮤니티 상담방,육아꿀팁 :)",https://blog.naver.com/ilovecola2010/224297158566,2026-05-26 00:00:00+00:00,"<b>콜라</b>네 블로그입니다:) 오늘 제가 소개하는 어플은 육아한다면 모두가 아는, 너무나 유명한 맘큐입니다! 오늘은 그중에서도 상담방에 대해서 소개해보려고해요! 요즘 제가 진짜 자주 들어가는 곳이 있는데... ",,naver_blog,콜라,canonical,1.0,2026-05-26 11:01:39.710152+00:00,0,0,0,0,콜라네블로그 :),"<b>콜라</b>네 블로그입니다:) 오늘 제가 소개하는 어플은 육아한다면 모두가 아는, 너무나 유명한 맘큐입니다! 오늘은 그중에서도 상담방에 대해서 소개해보려고해요! 요즘 제가 진짜 자주 들어가는 곳이 있는데... ","{""title"": ""유한킴벌리 하기스 맘큐 커뮤니티 상담방,육아꿀팁 :)"", ""link"": ""https://blog.naver.com/ilovecola2010/224297158566"", ""description"": ""<b>콜라</b>네 블로그입니다:) 오늘 제가 소개하는 어플은 육아한다면 모두가 아는, 너무나 유명한 맘큐입니다! 오늘은 그중에서도 상담방에 대해서 소개해보려고해요! 요즘 제가 진짜 자주 들어가는 곳이 있는데... "", ""bloggername"": ""콜라네블로그 :)"", ""bloggerlink"": ""blog.naver.com/ilovecola2010"", ""postdate"": ""20260526""}",콜라네블로그 :),blog.naver.com/ilovecola2010
콜라,single_term_fallback,콜라,아시아문화전당 어린이문화원 점심 맛집 효정당 내돈내산,https://blog.naver.com/young_mooon/224297156916,2026-05-26 00:00:00+00:00,"뽀로로 음료, 분다버그, 제로<b>콜라</b> 등도 있습니다. 카페도 겸하고 있어서 커피도 마실 수 있어요. 효정당 돈까스, 우동 왕돈까스 진짜 커요... 어른 혼자 먹기에도 벅찰 정도의 양이랄까. 아이와 부모님 같이 나눠... ",,naver_blog,콜라,canonical,1.0,2026-05-26 11:01:39.710152+00:00,0,0,0,0,young forever,"뽀로로 음료, 분다버그, 제로<b>콜라</b> 등도 있습니다. 카페도 겸하고 있어서 커피도 마실 수 있어요. 효정당 돈까스, 우동 왕돈까스 진짜 커요... 어른 혼자 먹기에도 벅찰 정도의 양이랄까. 아이와 부모님 같이 나눠... ","{""title"": ""아시아문화전당 어린이문화원 점심 맛집 효정당 내돈내산"", ""link"": ""https://blog.naver.com/young_mooon/224297156916"", ""description"": ""뽀로로 음료, 분다버그, 제로<b>콜라</b> 등도 있습니다. 카페도 겸하고 있어서 커피도 마실 수 있어요. 효정당 돈까스, 우동 왕돈까스 진짜 커요... 어른 혼자 먹기에도 벅찰 정도의 양이랄까. 아이와 부모님 같이 나눠... "", ""bloggername"": ""young forever"", ""bloggerlink"": ""blog.naver.com/young_mooon"", ""postdate"": ""20260526""}",young forever,blog.naver.com/young_mooon
콜라,single_term_fallback,콜라,특색있는 인테리어와 신선한 숙성회를 즐길 수 있는 왕십리... ,https://blog.naver.com/j_and_y_3_7/224297155688,2026-05-26 00:00:00+00:00,"제로<b>콜라</b> : \2,000 ‘우기식당 바다점 왕십리점’은 오픈한지 얼마 안된 신상 맛집이예요! 신선한 제철... 저희는 숙성회 한상차림 소자와 별빛청하, 제로<b>콜라</b>를 주문했어요! 주문을 하면 기본 안주와 함께 술을... ",,naver_blog,콜라,canonical,1.0,2026-05-26 11:01:39.710152+00:00,0,0,0,0,"J&Y 일상, 여행 이야기","제로<b>콜라</b> : \2,000 ‘우기식당 바다점 왕십리점’은 오픈한지 얼마 안된 신상 맛집이예요! 신선한 제철... 저희는 숙성회 한상차림 소자와 별빛청하, 제로<b>콜라</b>를 주문했어요! 주문을 하면 기본 안주와 함께 술을... ","{""title"": ""특색있는 인테리어와 신선한 숙성회를 즐길 수 있는 왕십리... "", ""link"": ""https://blog.naver.com/j_and_y_3_7/224297155688"", ""description"": ""제로<b>콜라</b> : \\2,000 ‘우기식당 바다점 왕십리점’은 오픈한지 얼마 안된 신상 맛집이예요! 신선한 제철... 저희는 숙성회 한상차림 소자와 별빛청하, 제로<b>콜라</b>를 주문했어요! 주문을 하면 기본 안주와 함께 술을... "", ""bloggername"": ""J&Y 일상, 여행 이야기"", ""bloggerlink"": ""blog.naver.com/j_and_y_3_7"", ""postdate"": ""20260526""}","J&Y 일상, 여행 이야기",blog.naver.com/j_and_y_3_7
콜라,single_term_fallback,콜라,송도 오공돈까스 경양식 돈까스 전문 혼밥하기 좋은 맛집 후기,https://blog.naver.com/jsun0405/224297155016,2026-05-26 00:00:00+00:00,"주문 메뉴 오공돈까스 12,000원 치즈돈까스 14,000원 <b>콜라</b> 2,000원 저희는 제일 기본인 오공돈까스, 그리고 치즈돈까스 2가지를 주문했어요. 요즘 물가를 생각하면 음식 가격대도 합리적인 편이에요! 주문은... ",,naver_blog,콜라,canonical,1.0,2026-05-26 11:01:39.710152+00:00,0,0,0,0,비바엘라의 뷰,"주문 메뉴 오공돈까스 12,000원 치즈돈까스 14,000원 <b>콜라</b> 2,000원 저희는 제일 기본인 오공돈까스, 그리고 치즈돈까스 2가지를 주문했어요. 요즘 물가를 생각하면 음식 가격대도 합리적인 편이에요! 주문은... ","{""title"": ""송도 오공돈까스 경양식 돈까스 전문 혼밥하기 좋은 맛집 후기"", ""link"": ""https://blog.naver.com/jsun0405/224297155016"", ""description"": ""주문 메뉴 오공돈까스 12,000원 치즈돈까스 14,000원 <b>콜라</b> 2,000원 저희는 제일 기본인 오공돈까스, 그리고 치즈돈까스 2가지를 주문했어요. 요즘 물가를 생각하면 음식 가격대도 합리적인 편이에요! 주문은... "", ""bloggername"": ""비바엘라의 뷰"", ""bloggerlink"": ""blog.naver.com/jsun0405"", ""postdate"": ""20260526""}",비바엘라의 뷰,blog.naver.com/jsun0405
콜라,single_term_fallback,콜라,모르고 줬다가 큰일 날 수 있어요! 강아지가 절대 먹으면... ,https://blog.naver.com/rkdtmdalslov/224297148254,2026-05-26 00:00:00+00:00,"색이 <b>콜라</b>색이나 붉은 색으로 변합니다 강아지가 있는 집안에서는 요리, 식사시 주의가 필요해요 4.치킨 뼈 치킨 뼈는 의외로 강아지에게 주는 경우가 많은데요 익힌 뼈는 쉽게 부러지면서 날카롭게 쪼개질 수... ",,naver_blog,콜라,canonical,1.0,2026-05-26 11:01:39.710152+00:00,0,0,0,0,크레이지베이프,"색이 <b>콜라</b>색이나 붉은 색으로 변합니다 강아지가 있는 집안에서는 요리, 식사시 주의가 필요해요 4.치킨 뼈 치킨 뼈는 의외로 강아지에게 주는 경우가 많은데요 익힌 뼈는 쉽게 부러지면서 날카롭게 쪼개질 수... ","{""title"": ""모르고 줬다가 큰일 날 수 있어요! 강아지가 절대 먹으면... "", ""link"": ""https://blog.naver.com/rkdtmdalslov/224297148254"", ""description"": ""색이 <b>콜라</b>색이나 붉은 색으로 변합니다 강아지가 있는 집안에서는 요리, 식사시 주의가 필요해요 4.치킨 뼈 치킨 뼈는 의외로 강아지에게 주는 경우가 많은데요 익힌 뼈는 쉽게 부러지면서 날카롭게 쪼개질 수... "", ""bloggername"": ""크레이지베이프"", ""bloggerlink"": ""blog.naver.com/rkdtmdalslov"", ""postdate"": ""20260526""}",크레이지베이프,blog.naver.com/rkdtmdalslov
콜라,single_term_fallback,콜라,신부동 맛집 수제버거 ‘다운타우너’ 천안아산점 후기... ,https://blog.naver.com/thebest-bloger/224297148610,2026-05-26 00:00:00+00:00,대박 아닌가요 제로 <b>콜라</b>는 크지 않는 컵 사이즈에 나왔지만 카운터 옆에 있는 음료제조기에서 리필이 가능하답니당!! 제로 없으면 슬픈 사람에게 스프라이트 제로랑 코카<b>콜라</b> 제로가 함께 있는 건... ,,naver_blog,콜라,canonical,1.0,2026-05-26 11:01:39.710152+00:00,0,0,0,0,유자일기,대박 아닌가요 제로 <b>콜라</b>는 크지 않는 컵 사이즈에 나왔지만 카운터 옆에 있는 음료제조기에서 리필이 가능하답니당!! 제로 없으면 슬픈 사람에게 스프라이트 제로랑 코카<b>콜라</b> 제로가 함께 있는 건... ,"{""title"": ""신부동 맛집 수제버거 ‘다운타우너’ 천안아산점 후기... "", ""link"": ""https://blog.naver.com/thebest-bloger/224297148610"", ""description"": ""대박 아닌가요 제로 <b>콜라</b>는 크지 않는 컵 사이즈에 나왔지만 카운터 옆에 있는 음료제조기에서 리필이 가능하답니당!! 제로 없으면 슬픈 사람에게 스프라이트 제로랑 코카<b>콜라</b> 제로가 함께 있는 건... "", ""bloggername"": ""유자일기"", ""bloggerlink"": ""blog.naver.com/thebest-bloger"", ""postdate"": ""20260526""}",유자일기,blog.naver.com/thebest-bloger
콜라,single_term_fallback,콜라,거제 삼겹살 맛집 끝돈 아주점 회식장소 아주동 맛집,https://blog.naver.com/lotte4866/224297151365,2026-05-26 00:00:00+00:00,"<b>콜라</b>겐 끝판왕 돼지껍데기까지... 직원분이 딱 맞게 구워주셔서 겉은 바삭, 속은 촉촉하게 먹었어요.... 그리고 한 가지 더 얘기하고 싶은 게 있는데요 식사 중에 저희 딸이 그만 <b>콜라</b>를 쏟아버렸거든요... ",,naver_blog,콜라,canonical,1.0,2026-05-26 11:01:39.710152+00:00,0,0,0,0,Golden Ordinary,"<b>콜라</b>겐 끝판왕 돼지껍데기까지... 직원분이 딱 맞게 구워주셔서 겉은 바삭, 속은 촉촉하게 먹었어요.... 그리고 한 가지 더 얘기하고 싶은 게 있는데요 식사 중에 저희 딸이 그만 <b>콜라</b>를 쏟아버렸거든요... ","{""title"": ""거제 삼겹살 맛집 끝돈 아주점 회식장소 아주동 맛집"", ""link"": ""https://blog.naver.com/lotte4866/224297151365"", ""description"": ""<b>콜라</b>겐 끝판왕 돼지껍데기까지... 직원분이 딱 맞게 구워주셔서 겉은 바삭, 속은 촉촉하게 먹었어요.... 그리고 한 가지 더 얘기하고 싶은 게 있는데요 식사 중에 저희 딸이 그만 <b>콜라</b>를 쏟아버렸거든요... "", ""bloggername"": ""Golden Ordinary"", ""bloggerlink"": ""blog.naver.com/lotte4866"", ""postdate"": ""20260526""}",Golden Ordinary,blog.naver.com/lotte4866
콜라,single_term_fallback,콜라,수제버거 맛을 제대로 느낄 수 있는 아주대맛집 - 왓더버거... ,https://blog.naver.com/redcaptain96/224297150667,2026-05-26 00:00:00+00:00,"메가카츠버거+ 새우카츠버거 +코카<b>콜라</b> 245ml 3개 + 코카_<b>콜라</b> 굿즈가 포함된 신메뉴 팩과 ㅊㅊㅊ치킨버거를 시켰다. 버거 3개에다가 <b>콜라</b> 3개에 갈릭감자튀김에 키링이 32,000원도 안된다고? 학생들이라면... ",,naver_blog,콜라,canonical,1.0,2026-05-26 11:01:39.710152+00:00,0,0,0,0,조조교의 맛군사관학교,"메가카츠버거+ 새우카츠버거 +코카<b>콜라</b> 245ml 3개 + 코카_<b>콜라</b> 굿즈가 포함된 신메뉴 팩과 ㅊㅊㅊ치킨버거를 시켰다. 버거 3개에다가 <b>콜라</b> 3개에 갈릭감자튀김에 키링이 32,000원도 안된다고? 학생들이라면... ","{""title"": ""수제버거 맛을 제대로 느낄 수 있는 아주대맛집 - 왓더버거... "", ""link"": ""https://blog.naver.com/redcaptain96/224297150667"", ""description"": ""메가카츠버거+ 새우카츠버거 +코카<b>콜라</b> 245ml 3개 + 코카_<b>콜라</b> 굿즈가 포함된 신메뉴 팩과 ㅊㅊㅊ치킨버거를 시켰다. 버거 3개에다가 <b>콜라</b> 3개에 갈릭감자튀김에 키링이 32,000원도 안된다고? 학생들이라면... "", ""bloggername"": ""조조교의 맛군사관학교"", ""bloggerlink"": ""blog.naver.com/redcaptain96"", ""postdate"": ""20260526""}",조조교의 맛군사관학교,blog.naver.com/redcaptain96
콜라,single_term_fallback,콜라,사당역 숙성회 맛집 상어 숙성회 한판에 셀프마끼 조합 최고!,https://blog.naver.com/106904/224297151930,2026-05-26 00:00:00+00:00,"하이볼도 파는 숙성회집이라 산토리하이볼이랑 <b>콜라</b>도! 사케 , 하이볼, 소주 , 맥주, 증류주 판매하는데... 하이볼이랑 <b>콜라</b> <b>콜라</b>도 센스있게 하이볼 얼음잔에 주셨어요&gt;.&lt; <b>콜라</b>도 같이 술먹는 느낌으로다가... ",,naver_blog,콜라,canonical,1.0,2026-05-26 11:01:39.710152+00:00,0,0,0,0,소소한 일상을 특별하게ღ’ᴗ’ღ,"하이볼도 파는 숙성회집이라 산토리하이볼이랑 <b>콜라</b>도! 사케 , 하이볼, 소주 , 맥주, 증류주 판매하는데... 하이볼이랑 <b>콜라</b> <b>콜라</b>도 센스있게 하이볼 얼음잔에 주셨어요&gt;.&lt; <b>콜라</b>도 같이 술먹는 느낌으로다가... ","{""title"": ""사당역 숙성회 맛집 상어 숙성회 한판에 셀프마끼 조합 최고!"", ""link"": ""https://blog.naver.com/106904/224297151930"", ""description"": ""하이볼도 파는 숙성회집이라 산토리하이볼이랑 <b>콜라</b>도! 사케 , 하이볼, 소주 , 맥주, 증류주 판매하는데... 하이볼이랑 <b>콜라</b> <b>콜라</b>도 센스있게 하이볼 얼음잔에 주셨어요&gt;.&lt; <b>콜라</b>도 같이 술먹는 느낌으로다가... "", ""bloggername"": ""소소한 일상을 특별하게ღ’ᴗ’ღ"", ""bloggerlink"": ""blog.naver.com/106904"", ""postdate"": ""20260526""}",소소한 일상을 특별하게ღ’ᴗ’ღ,blog.naver.com/106904
콜라,single_term_fallback,콜라,"미분당 평택시청점, 평택 쌀국수 맛집 양도 맛도 미쳤음",https://blog.naver.com/do_writer/224296520536,2026-05-26 00:00:00+00:00,제로<b>콜라</b>까지 주문했다. 둘이 갔는데도 메뉴를 거의 꽉 채워서 시켰다. 스프링롤같은 짜조 말고... 짱깨끗 먼저 짜조랑 <b>콜라</b>가 나와서 튀김으로 입가심부터 시작했다. 제일 먼저 먹은 건 가리비짜조(흰색)... ,,naver_blog,콜라,canonical,1.0,2026-05-26 11:01:39.710152+00:00,0,0,0,0,도도부부,제로<b>콜라</b>까지 주문했다. 둘이 갔는데도 메뉴를 거의 꽉 채워서 시켰다. 스프링롤같은 짜조 말고... 짱깨끗 먼저 짜조랑 <b>콜라</b>가 나와서 튀김으로 입가심부터 시작했다. 제일 먼저 먹은 건 가리비짜조(흰색)... ,"{""title"": ""미분당 평택시청점, 평택 쌀국수 맛집 양도 맛도 미쳤음"", ""link"": ""https://blog.naver.com/do_writer/224296520536"", ""description"": ""제로<b>콜라</b>까지 주문했다. 둘이 갔는데도 메뉴를 거의 꽉 채워서 시켰다. 스프링롤같은 짜조 말고... 짱깨끗 먼저 짜조랑 <b>콜라</b>가 나와서 튀김으로 입가심부터 시작했다. 제일 먼저 먹은 건 가리비짜조(흰색)... "", ""bloggername"": ""도도부부"", ""bloggerlink"": ""blog.naver.com/do_writer"", ""postdate"": ""20260526""}",도도부부,blog.naver.com/do_writer
콜라,single_term_fallback,콜라,&quot;눈 감고 골라보세요&quot;…26만 시각장애인 '캔 음료 잔혹사' [스프],https://n.news.naver.com/mnews/article/055/0001359059?sid=102,2026-05-26 00:00:00+00:00,"초여름 무더위 속, 편의점 냉장고에서 시원한 <b>콜라</b>를 기대하며 캔을 집어 들지만, 손끝에 닿는 정보는 단 두 글자 '탄산'뿐입니다. 그것이 <b>콜라</b>인지, 사이다인지, 혹은 환타인지 알 길 없는 시각장애인들에게 캔 음료... ",https://news.sbs.co.kr/news/endPage.do?news_id=N1008571225&plink=ORI&cooper=NAVER,naver_news,콜라,canonical,1.0,2026-05-26 11:01:39.370223+00:00,0,0,0,0,,"초여름 무더위 속, 편의점 냉장고에서 시원한 <b>콜라</b>를 기대하며 캔을 집어 들지만, 손끝에 닿는 정보는 단 두 글자 '탄산'뿐입니다. 그것이 <b>콜라</b>인지, 사이다인지, 혹은 환타인지 알 길 없는 시각장애인들에게 캔 음료... ","{""title"": ""&quot;눈 감고 골라보세요&quot;…26만 시각장애인 '캔 음료 잔혹사' [스프]"", ""originallink"": ""https://news.sbs.co.kr/news/endPage.do?news_id=N1008571225&plink=ORI&cooper=NAVER"", ""link"": ""https://n.news.naver.com/mnews/article/055/0001359059?sid=102"", ""description"": ""초여름 무더위 속, 편의점 냉장고에서 시원한 <b>콜라</b>를 기대하며 캔을 집어 들지만, 손끝에 닿는 정보는 단 두 글자 '탄산'뿐입니다. 그것이 <b>콜라</b>인지, 사이다인지, 혹은 환타인지 알 길 없는 시각장애인들에게 캔 음료... "", ""pubDate"": ""Tue, 26 May 2026 09:00:00 +0900""}",,
콜라,single_term_fallback,콜라,"60대 부모님 노후자금 1억, 세금·건보료 폭탄 0원! 월 100만... ",https://blog.naver.com/realheidi/224297151898,2026-05-26 00:00:00+00:00,"코카<b>콜라</b>, 화이자 등 미국 최고 우량 배당성장주 기반. 원금 침식 위험이 가장 적어 은퇴 자금의 핵심 뼈대로 적합. 해외 기반 (미국 빅테크) 중개형 ISA (한도: 2천만 원) KODEX 미국AI테크TOP10+15%프리미엄... ",,naver_blog,콜라,canonical,1.0,2026-05-26 11:01:39.710152+00:00,0,0,0,0,희바희바,"코카<b>콜라</b>, 화이자 등 미국 최고 우량 배당성장주 기반. 원금 침식 위험이 가장 적어 은퇴 자금의 핵심 뼈대로 적합. 해외 기반 (미국 빅테크) 중개형 ISA (한도: 2천만 원) KODEX 미국AI테크TOP10+15%프리미엄... ","{""title"": ""60대 부모님 노후자금 1억, 세금·건보료 폭탄 0원! 월 100만... "", ""link"": ""https://blog.naver.com/realheidi/224297151898"", ""description"": ""코카<b>콜라</b>, 화이자 등 미국 최고 우량 배당성장주 기반. 원금 침식 위험이 가장 적어 은퇴 자금의 핵심 뼈대로 적합. 해외 기반 (미국 빅테크) 중개형 ISA (한도: 2천만 원) KODEX 미국AI테크TOP10+15%프리미엄... "", ""bloggername"": ""희바희바"", ""bloggerlink"": ""blog.naver.com/realheidi"", ""postdate"": ""20260526""}",희바희바,blog.naver.com/realheidi
콜라,single_term_fallback,콜라,2026년 중 절반이 지나간일에 대하여...,https://blog.naver.com/sxyyng/224297153285,2026-05-26 00:00:00+00:00,베이프 x 스타벅스 <b>콜라</b>보 장바구니인데 ㅋㅋㅋㅋㅋ 저거 받고 그냥 가방 걸이로도 안쓰고 집 서랍장에... 나는 <b>콜라</b> 선민맥주괴물은 맥주 할머니집에서 일하는 복장 일본 가기 전 계획을 짜기위해 모인 진정성... ,,naver_blog,콜라,canonical,1.0,2026-05-26 11:01:39.710152+00:00,0,0,0,0,세영,베이프 x 스타벅스 <b>콜라</b>보 장바구니인데 ㅋㅋㅋㅋㅋ 저거 받고 그냥 가방 걸이로도 안쓰고 집 서랍장에... 나는 <b>콜라</b> 선민맥주괴물은 맥주 할머니집에서 일하는 복장 일본 가기 전 계획을 짜기위해 모인 진정성... ,"{""title"": ""2026년 중 절반이 지나간일에 대하여..."", ""link"": ""https://blog.naver.com/sxyyng/224297153285"", ""description"": ""베이프 x 스타벅스 <b>콜라</b>보 장바구니인데 ㅋㅋㅋㅋㅋ 저거 받고 그냥 가방 걸이로도 안쓰고 집 서랍장에... 나는 <b>콜라</b> 선민맥주괴물은 맥주 할머니집에서 일하는 복장 일본 가기 전 계획을 짜기위해 모인 진정성... "", ""bloggername"": ""세영"", ""bloggerlink"": ""blog.naver.com/sxyyng"", ""postdate"": ""20260526""}",세영,blog.naver.com/sxyyng
콜라,single_term_fallback,콜라,당진 섭교호 여행 연휴 끝 일상 복귀,https://blog.naver.com/tnspeh6854/224297153180,2026-05-26 00:00:00+00:00,"동생은 후덕죽 싸이버거, <b>콜라</b>, 코울슬로 주문하고, 저는 화이트갈릭싸이버거 (더블햄, 통디리살, 화이트갈릭소스), 양념감자튀김 주문했어요. 화이트갈릭버거냐 화이트갈릭싸이버거냐 고민하다가 통다리살인... ",,naver_blog,콜라,canonical,1.0,2026-05-26 11:01:39.710152+00:00,0,0,0,0,박긍정 플래닛,"동생은 후덕죽 싸이버거, <b>콜라</b>, 코울슬로 주문하고, 저는 화이트갈릭싸이버거 (더블햄, 통디리살, 화이트갈릭소스), 양념감자튀김 주문했어요. 화이트갈릭버거냐 화이트갈릭싸이버거냐 고민하다가 통다리살인... ","{""title"": ""당진 섭교호 여행 연휴 끝 일상 복귀"", ""link"": ""https://blog.naver.com/tnspeh6854/224297153180"", ""description"": ""동생은 후덕죽 싸이버거, <b>콜라</b>, 코울슬로 주문하고, 저는 화이트갈릭싸이버거 (더블햄, 통디리살, 화이트갈릭소스), 양념감자튀김 주문했어요. 화이트갈릭버거냐 화이트갈릭싸이버거냐 고민하다가 통다리살인... "", ""bloggername"": ""박긍정 플래닛"", ""bloggerlink"": ""blog.naver.com/tnspeh6854"", ""postdate"": ""20260526""}",박긍정 플래닛,blog.naver.com/tnspeh6854
콜라,single_term_fallback,콜라,상암동 PC방 추천!  레벌업 PC방 상암점 다녀왔습니다. (ft.... ,https://blog.naver.com/chlisa1214/224297153402,2026-05-26 00:00:00+00:00,"대단함 -음료- 버블티, 얼박사, 아이스티, 커피, 몬스터, <b>콜라</b>, 사이다 정말 다양한 음료가 있더군요. 아니 잠만 얼박사 가격 실화임? 공깃밥, 김치, 단무지, 파김치.. 거의 뭐.... 대박.. 게임 좋아하시는 분은 살림... ",,naver_blog,콜라,canonical,1.0,2026-05-26 11:01:39.710152+00:00,0,0,0,0,게으른 하루 속에서도 정성만큼은 놓치지 않는 리뷰,"대단함 -음료- 버블티, 얼박사, 아이스티, 커피, 몬스터, <b>콜라</b>, 사이다 정말 다양한 음료가 있더군요. 아니 잠만 얼박사 가격 실화임? 공깃밥, 김치, 단무지, 파김치.. 거의 뭐.... 대박.. 게임 좋아하시는 분은 살림... ","{""title"": ""상암동 PC방 추천!  레벌업 PC방 상암점 다녀왔습니다. (ft.... "", ""link"": ""https://blog.naver.com/chlisa1214/224297153402"", ""description"": ""대단함 -음료- 버블티, 얼박사, 아이스티, 커피, 몬스터, <b>콜라</b>, 사이다 정말 다양한 음료가 있더군요. 아니 잠만 얼박사 가격 실화임? 공깃밥, 김치, 단무지, 파김치.. 거의 뭐.... 대박.. 게임 좋아하시는 분은 살림... "", ""bloggername"": ""게으른 하루 속에서도 정성만큼은 놓치지 않는 리뷰"", ""bloggerlink"": ""blog.naver.com/chlisa1214"", ""postdate"": ""20260526""}",게으른 하루 속에서도 정성만큼은 놓치지 않는 리뷰,blog.naver.com/chlisa1214
콜라,single_term_fallback,콜라,"[더타코부스 구의광장점] 구의역 점심 맛집, 런치 생활의 달인... ",https://blog.naver.com/ji042604/224297153841,2026-05-26 00:00:00+00:00,"(제로<b>콜라</b>/탄산수) 저 타코 좋아했네요,,, ♥ 아니 더타코부스 구의광장점 타코 좋아했네요... ♥ 비리아타코 : 비리아 고기를 듬뿍 넣은 비리아 타코는 수비드 기법으로 저온조리하여 부드러운 고기와... ",,naver_blog,콜라,canonical,1.0,2026-05-26 11:01:39.710152+00:00,0,0,0,0,젼또블리's Diary,"(제로<b>콜라</b>/탄산수) 저 타코 좋아했네요,,, ♥ 아니 더타코부스 구의광장점 타코 좋아했네요... ♥ 비리아타코 : 비리아 고기를 듬뿍 넣은 비리아 타코는 수비드 기법으로 저온조리하여 부드러운 고기와... ","{""title"": ""[더타코부스 구의광장점] 구의역 점심 맛집, 런치 생활의 달인... "", ""link"": ""https://blog.naver.com/ji042604/224297153841"", ""description"": ""(제로<b>콜라</b>/탄산수) 저 타코 좋아했네요,,, ♥ 아니 더타코부스 구의광장점 타코 좋아했네요... ♥ 비리아타코 : 비리아 고기를 듬뿍 넣은 비리아 타코는 수비드 기법으로 저온조리하여 부드러운 고기와... "", ""bloggername"": ""젼또블리's Diary"", ""bloggerlink"": ""blog.naver.com/ji042604"", ""postdate"": ""20260526""}",젼또블리's Diary,blog.naver.com/ji042604
콜라,single_term_fallback,콜라,안산 고잔동 맛집 점심 추천 돈까스가 맛있는 긴자료코,https://blog.naver.com/helloeurope1/224297154578,2026-05-26 00:00:00+00:00,"데미그라스 돈까스세트(15.0) 투움바파스타 우동(12.0) 펩시<b>콜라</b> 제로(2.0) 데미그라스 돈까스 세트가 준비되었어요! 돈까스세트로 주문하면 돈까스 큰 덩어리 3개와 새우튀김, 고로케 2개가 같이 나옵니다.... ",,naver_blog,콜라,canonical,1.0,2026-05-26 11:01:39.710152+00:00,0,0,0,0,뚱글투어(ddungle_tour),"데미그라스 돈까스세트(15.0) 투움바파스타 우동(12.0) 펩시<b>콜라</b> 제로(2.0) 데미그라스 돈까스 세트가 준비되었어요! 돈까스세트로 주문하면 돈까스 큰 덩어리 3개와 새우튀김, 고로케 2개가 같이 나옵니다.... ","{""title"": ""안산 고잔동 맛집 점심 추천 돈까스가 맛있는 긴자료코"", ""link"": ""https://blog.naver.com/helloeurope1/224297154578"", ""description"": ""데미그라스 돈까스세트(15.0) 투움바파스타 우동(12.0) 펩시<b>콜라</b> 제로(2.0) 데미그라스 돈까스 세트가 준비되었어요! 돈까스세트로 주문하면 돈까스 큰 덩어리 3개와 새우튀김, 고로케 2개가 같이 나옵니다.... "", ""bloggername"": ""뚱글투어(ddungle_tour)"", ""bloggerlink"": ""blog.naver.com/helloeurope1"", ""postdate"": ""20260526""}",뚱글투어(ddungle_tour),blog.naver.com/helloeurope1
콜라,single_term_fallback,콜라,"[부산 맛집] 깔끔한 돼지국밥의 정석, 맑은 국물에 반하고 온... ",https://blog.naver.com/awonalpha/224297154966,2026-05-26 00:00:00+00:00,앗 위에 나온 잔들은 못 본척해주세요 ~ ㅎㅎ 저는 음주를 안 하는 편이라 <b>콜라</b>를 시켜 먹었는데 같이 온 일행들은 국밥을 한입 먹더니 술을 안 먹을 수가 없다면서 바로 주문을 하더라고요!! 보이시나요?? 저... ,,naver_blog,콜라,canonical,1.0,2026-05-26 11:01:39.710152+00:00,0,0,0,0,아름다움을 만드는 곳 UPBEAUTY!,앗 위에 나온 잔들은 못 본척해주세요 ~ ㅎㅎ 저는 음주를 안 하는 편이라 <b>콜라</b>를 시켜 먹었는데 같이 온 일행들은 국밥을 한입 먹더니 술을 안 먹을 수가 없다면서 바로 주문을 하더라고요!! 보이시나요?? 저... ,"{""title"": ""[부산 맛집] 깔끔한 돼지국밥의 정석, 맑은 국물에 반하고 온... "", ""link"": ""https://blog.naver.com/awonalpha/224297154966"", ""description"": ""앗 위에 나온 잔들은 못 본척해주세요 ~ ㅎㅎ 저는 음주를 안 하는 편이라 <b>콜라</b>를 시켜 먹었는데 같이 온 일행들은 국밥을 한입 먹더니 술을 안 먹을 수가 없다면서 바로 주문을 하더라고요!! 보이시나요?? 저... "", ""bloggername"": ""아름다움을 만드는 곳 UPBEAUTY!"", ""bloggerlink"": ""blog.naver.com/awonalpha"", ""postdate"": ""20260526""}",아름다움을 만드는 곳 UPBEAUTY!,blog.naver.com/awonalpha
콜라,single_term_fallback,콜라,[코카-<b>콜라</b>&amp;블루리본의 색다른 만남] 레드리본 전국 맛집 2026... ,https://blog.naver.com/nyojeong2_/224297100268,2026-05-26 00:00:00+00:00,항상 궁금했었는데 한국 최초의 맛집 평가서 블루리본 서베이와 140년 역사의 코카-<b>콜라</b>가 만나 새로운... (저희 집에도 있어보게 가져다 두고 싶어요) 피자에 코카<b>콜라</b> 말. 필. 없 포폴로 피자는 나폴리에서 상... ,,naver_blog,콜라,canonical,1.0,2026-05-26 11:01:39.710152+00:00,0,0,0,0,뇨정로그,항상 궁금했었는데 한국 최초의 맛집 평가서 블루리본 서베이와 140년 역사의 코카-<b>콜라</b>가 만나 새로운... (저희 집에도 있어보게 가져다 두고 싶어요) 피자에 코카<b>콜라</b> 말. 필. 없 포폴로 피자는 나폴리에서 상... ,"{""title"": ""[코카-<b>콜라</b>&amp;블루리본의 색다른 만남] 레드리본 전국 맛집 2026... "", ""link"": ""https://blog.naver.com/nyojeong2_/224297100268"", ""description"": ""항상 궁금했었는데 한국 최초의 맛집 평가서 블루리본 서베이와 140년 역사의 코카-<b>콜라</b>가 만나 새로운... (저희 집에도 있어보게 가져다 두고 싶어요) 피자에 코카<b>콜라</b> 말. 필. 없 포폴로 피자는 나폴리에서 상... "", ""bloggername"": ""뇨정로그"", ""bloggerlink"": ""blog.naver.com/nyojeong2_"", ""postdate"": ""20260526""}",뇨정로그,blog.naver.com/nyojeong2_
콜라,single_term_fallback,콜라,"[서울/양재] 양재시민의 숲 숨은 이탈리안 맛집, da tim(다팀)",https://blog.naver.com/240129_/224297148218,2026-05-26 00:00:00+00:00,"내부 등이 넘 예뻐요 (단, 이런 조명은 오래 앉아 있으면 괜히 눈 아프고 졸림 ㅠㅠ) 메뉴 그릇과 잔 디테일에 신경 쓰신 거 같아요 <b>콜라</b>잔과 물잔이 너무 이쁘네요 비프 타르타르 ₩18,000 파가 제법 많아... ",,naver_blog,콜라,canonical,1.0,2026-05-26 11:01:39.710152+00:00,0,0,0,0,내가 사랑한 모든 공간,"내부 등이 넘 예뻐요 (단, 이런 조명은 오래 앉아 있으면 괜히 눈 아프고 졸림 ㅠㅠ) 메뉴 그릇과 잔 디테일에 신경 쓰신 거 같아요 <b>콜라</b>잔과 물잔이 너무 이쁘네요 비프 타르타르 ₩18,000 파가 제법 많아... ","{""title"": ""[서울/양재] 양재시민의 숲 숨은 이탈리안 맛집, da tim(다팀)"", ""link"": ""https://blog.naver.com/240129_/224297148218"", ""description"": ""내부 등이 넘 예뻐요 (단, 이런 조명은 오래 앉아 있으면 괜히 눈 아프고 졸림 ㅠㅠ) 메뉴 그릇과 잔 디테일에 신경 쓰신 거 같아요 <b>콜라</b>잔과 물잔이 너무 이쁘네요 비프 타르타르 ₩18,000 파가 제법 많아... "", ""bloggername"": ""내가 사랑한 모든 공간"", ""bloggerlink"": ""blog.naver.com/240129_"", ""postdate"": ""20260526""}",내가 사랑한 모든 공간,blog.naver.com/240129_
콜라,single_term_fallback,콜라,편의점에 밀렸다더니…곰고기까지 뽑아 먹는 일본의 반전 [김현주의 재...,https://n.news.naver.com/mnews/article/015/0005290991?sid=103,2026-05-26 00:18:00+00:00,1960년대 코카<b>콜라</b> 자판기가 거리에 처음 등장했을 때만 해도 이것이 하나의 문화가 되리라고는 아무도 몰랐다. 1970년대 들어 각종 캔음료가 쏟아지고 동전이 대량 유통되는 시기가 맞물리면서 자판기는 폭발적으로... ,https://www.hankyung.com/article/202605184555i,naver_news,콜라,canonical,1.0,2026-05-26 11:01:39.370223+00:00,0,0,0,0,,1960년대 코카<b>콜라</b> 자판기가 거리에 처음 등장했을 때만 해도 이것이 하나의 문화가 되리라고는 아무도 몰랐다. 1970년대 들어 각종 캔음료가 쏟아지고 동전이 대량 유통되는 시기가 맞물리면서 자판기는 폭발적으로... ,"{""title"": ""편의점에 밀렸다더니…곰고기까지 뽑아 먹는 일본의 반전 [김현주의 재..."", ""originallink"": ""https://www.hankyung.com/article/202605184555i"", ""link"": ""https://n.news.naver.com/mnews/article/015/0005290991?sid=103"", ""description"": ""1960년대 코카<b>콜라</b> 자판기가 거리에 처음 등장했을 때만 해도 이것이 하나의 문화가 되리라고는 아무도 몰랐다. 1970년대 들어 각종 캔음료가 쏟아지고 동전이 대량 유통되는 시기가 맞물리면서 자판기는 폭발적으로... "", ""pubDate"": ""Tue, 26 May 2026 09:18:00 +0900""}",,
콜라,single_term_fallback,콜라,스페인에 한국웹툰 알렸다…'K-웹툰 인 스페인' 성료,https://n.news.naver.com/mnews/article/421/0008965294?sid=103,2026-05-26 00:20:00+00:00,"콘진원은 에스<b>콜라</b> 조소와 FX 애니메이션 바르셀로나 3D&amp;필름 스쿨 등 현지 교육기관과도 협력 방안을 논의했다. 에스<b>콜라</b> 조소 측은 공동 프로그램 운영과 우수 학생 포트폴리오 공유, 공동 창작 프로젝트 연계를... ",https://www.news1.kr/life-culture/general-cultural/6177200,naver_news,콜라,canonical,1.0,2026-05-26 11:01:39.370223+00:00,0,0,0,0,,"콘진원은 에스<b>콜라</b> 조소와 FX 애니메이션 바르셀로나 3D&amp;필름 스쿨 등 현지 교육기관과도 협력 방안을 논의했다. 에스<b>콜라</b> 조소 측은 공동 프로그램 운영과 우수 학생 포트폴리오 공유, 공동 창작 프로젝트 연계를... ","{""title"": ""스페인에 한국웹툰 알렸다…'K-웹툰 인 스페인' 성료"", ""originallink"": ""https://www.news1.kr/life-culture/general-cultural/6177200"", ""link"": ""https://n.news.naver.com/mnews/article/421/0008965294?sid=103"", ""description"": ""콘진원은 에스<b>콜라</b> 조소와 FX 애니메이션 바르셀로나 3D&amp;필름 스쿨 등 현지 교육기관과도 협력 방안을 논의했다. 에스<b>콜라</b> 조소 측은 공동 프로그램 운영과 우수 학생 포트폴리오 공유, 공동 창작 프로젝트 연계를... "", ""pubDate"": ""Tue, 26 May 2026 09:20:00 +0900""}",,
콜라,single_term_fallback,콜라,"[현장] 6000명 걸음으로 모인 2억8467만원…맥도날드, 환아 가족 쉼터 넓...",https://www.getnews.co.kr/news/articleView.html?idxno=870868,2026-05-26 00:28:00+00:00,해피워크 행사에 참여한 ▲매일유업 ▲오뚜기 ▲코카<b>콜라</b> ▲델몬트코리아 ▲풀무원 ▲하나은행 등 관계사들은 체험형 부스를 운영했다. 시식·시음 이벤트와 게임 등 브랜드 체험을 앞세운 부스 앞에는 참가자들의... ,https://www.getnews.co.kr/news/articleView.html?idxno=870868,naver_news,콜라,canonical,1.0,2026-05-26 11:01:39.370223+00:00,0,0,0,0,,해피워크 행사에 참여한 ▲매일유업 ▲오뚜기 ▲코카<b>콜라</b> ▲델몬트코리아 ▲풀무원 ▲하나은행 등 관계사들은 체험형 부스를 운영했다. 시식·시음 이벤트와 게임 등 브랜드 체험을 앞세운 부스 앞에는 참가자들의... ,"{""title"": ""[현장] 6000명 걸음으로 모인 2억8467만원…맥도날드, 환아 가족 쉼터 넓..."", ""originallink"": ""https://www.getnews.co.kr/news/articleView.html?idxno=870868"", ""link"": ""https://www.getnews.co.kr/news/articleView.html?idxno=870868"", ""description"": ""해피워크 행사에 참여한 ▲매일유업 ▲오뚜기 ▲코카<b>콜라</b> ▲델몬트코리아 ▲풀무원 ▲하나은행 등 관계사들은 체험형 부스를 운영했다. 시식·시음 이벤트와 게임 등 브랜드 체험을 앞세운 부스 앞에는 참가자들의... "", ""pubDate"": ""Tue, 26 May 2026 09:28:00 +0900""}",,
콜라,single_term_fallback,콜라,"콘진원, 스페인 최대 코믹쇼서 'K-웹툰 인 스페인' 개최",https://n.news.naver.com/mnews/article/030/0003431033?sid=105,2026-05-26 00:29:00+00:00,"콘진원은 에스<b>콜라</b> 조소(Escola Joso), FX 애니메이션 바르셀로나 3D&amp;필름 스쿨 등 주요 교육기관들이 공동 프로그램 운영 가능성을 제안하는 등 높은 관심을 보였다고 전했다. 스페인 대표 출판 그룹 플라네타 본사... ",https://www.etnews.com/20260526000056,naver_news,콜라,canonical,1.0,2026-05-26 11:01:39.370223+00:00,0,0,0,0,,"콘진원은 에스<b>콜라</b> 조소(Escola Joso), FX 애니메이션 바르셀로나 3D&amp;필름 스쿨 등 주요 교육기관들이 공동 프로그램 운영 가능성을 제안하는 등 높은 관심을 보였다고 전했다. 스페인 대표 출판 그룹 플라네타 본사... ","{""title"": ""콘진원, 스페인 최대 코믹쇼서 'K-웹툰 인 스페인' 개최"", ""originallink"": ""https://www.etnews.com/20260526000056"", ""link"": ""https://n.news.naver.com/mnews/article/030/0003431033?sid=105"", ""description"": ""콘진원은 에스<b>콜라</b> 조소(Escola Joso), FX 애니메이션 바르셀로나 3D&amp;필름 스쿨 등 주요 교육기관들이 공동 프로그램 운영 가능성을 제안하는 등 높은 관심을 보였다고 전했다. 스페인 대표 출판 그룹 플라네타 본사... "", ""pubDate"": ""Tue, 26 May 2026 09:29:00 +0900""}",,
콜라,single_term_fallback,콜라,"문체부, 콘진원 ... 스페인서 'K-웹툰 경쟁력' 입증",http://www.newsworker.co.kr/news/articleView.html?idxno=428308,2026-05-26 01:06:00+00:00,"에스<b>콜라</b> 조소, FX 애니메이션 바르셀로나 3D&amp;필름 스쿨 등 현지 주요 교육기관들은 한국 웹툰 제작 시스템과... 특히 에스<b>콜라</b> 조소 측은 스페인 현지 공동 프로그램 운영 가능성을 제안했으며, 우수 학생 포트폴리오... ",http://www.newsworker.co.kr/news/articleView.html?idxno=428308,naver_news,콜라,canonical,1.0,2026-05-26 11:01:39.370223+00:00,0,0,0,0,,"에스<b>콜라</b> 조소, FX 애니메이션 바르셀로나 3D&amp;필름 스쿨 등 현지 주요 교육기관들은 한국 웹툰 제작 시스템과... 특히 에스<b>콜라</b> 조소 측은 스페인 현지 공동 프로그램 운영 가능성을 제안했으며, 우수 학생 포트폴리오... ","{""title"": ""문체부, 콘진원 ... 스페인서 'K-웹툰 경쟁력' 입증"", ""originallink"": ""http://www.newsworker.co.kr/news/articleView.html?idxno=428308"", ""link"": ""http://www.newsworker.co.kr/news/articleView.html?idxno=428308"", ""description"": ""에스<b>콜라</b> 조소, FX 애니메이션 바르셀로나 3D&amp;필름 스쿨 등 현지 주요 교육기관들은 한국 웹툰 제작 시스템과... 특히 에스<b>콜라</b> 조소 측은 스페인 현지 공동 프로그램 운영 가능성을 제안했으며, 우수 학생 포트폴리오... "", ""pubDate"": ""Tue, 26 May 2026 10:06:00 +0900""}",,
콜라,single_term_fallback,콜라,"미래의 AI 개발자부터 축구 국가대표까지…한국 코카-<b>콜라</b>, 청소년 40명...",https://cooknchefnews.com/news/view/1065584671892035,2026-05-26 01:10:00+00:00,코카-<b>콜라</b> 장학생 출신이자 이번 장학금 수여에 참여한 '팀차붐'의 수장인 차범근 전 축구 국가대표 감독이 연설 중이다. 사진= 한국 코카-<b>콜라</b> 한국 코카-<b>콜라</b>사(대표 이준엽)는 지난 23일 서울 종로구 한국 코카-<b>콜라</b>... ,https://cooknchefnews.com/news/view/1065584671892035,naver_news,콜라,canonical,1.0,2026-05-26 11:01:39.370223+00:00,0,0,0,0,,코카-<b>콜라</b> 장학생 출신이자 이번 장학금 수여에 참여한 '팀차붐'의 수장인 차범근 전 축구 국가대표 감독이 연설 중이다. 사진= 한국 코카-<b>콜라</b> 한국 코카-<b>콜라</b>사(대표 이준엽)는 지난 23일 서울 종로구 한국 코카-<b>콜라</b>... ,"{""title"": ""미래의 AI 개발자부터 축구 국가대표까지…한국 코카-<b>콜라</b>, 청소년 40명..."", ""originallink"": ""https://cooknchefnews.com/news/view/1065584671892035"", ""link"": ""https://cooknchefnews.com/news/view/1065584671892035"", ""description"": ""코카-<b>콜라</b> 장학생 출신이자 이번 장학금 수여에 참여한 '팀차붐'의 수장인 차범근 전 축구 국가대표 감독이 연설 중이다. 사진= 한국 코카-<b>콜라</b> 한국 코카-<b>콜라</b>사(대표 이준엽)는 지난 23일 서울 종로구 한국 코카-<b>콜라</b>... "", ""pubDate"": ""Tue, 26 May 2026 10:10:00 +0900""}",,
콜라,single_term_fallback,콜라,미국 소비자 사로잡은 음료·메뉴 트렌드는?… NRA 2026에서 본 미국 외...,http://dream.kotra.or.kr/kotranews/cms/news/actionKotraBoardDetail.do?SITE_NO=3&MENU_ID=110&CONTENTS_NO=1&bbsGbn=245&bbsSn=245&pNttSn=241234,2026-05-26 01:39:00+00:00,"코카<b>콜라</b>, 오틀리(Oatly), 주문·결제 플랫폼 기업인 스퀘어 스퀘어(Square)와 차우버스(Chowbus), 푸드서비스 유통업체인 CJ 슈완스(CJ Schwan's) 등이 참여했다. 또한, 우버 이츠(Uber Eats), 스팟온(SpotOn), 레스토랑365... ",http://dream.kotra.or.kr/kotranews/cms/news/actionKotraBoardDetail.do?SITE_NO=3&MENU_ID=110&CONTENTS_NO=1&bbsGbn=245&bbsSn=245&pNttSn=241234,naver_news,콜라,canonical,1.0,2026-05-26 11:01:39.370223+00:00,0,0,0,0,,"코카<b>콜라</b>, 오틀리(Oatly), 주문·결제 플랫폼 기업인 스퀘어 스퀘어(Square)와 차우버스(Chowbus), 푸드서비스 유통업체인 CJ 슈완스(CJ Schwan's) 등이 참여했다. 또한, 우버 이츠(Uber Eats), 스팟온(SpotOn), 레스토랑365... ","{""title"": ""미국 소비자 사로잡은 음료·메뉴 트렌드는?… NRA 2026에서 본 미국 외..."", ""originallink"": ""http://dream.kotra.or.kr/kotranews/cms/news/actionKotraBoardDetail.do?SITE_NO=3&MENU_ID=110&CONTENTS_NO=1&bbsGbn=245&bbsSn=245&pNttSn=241234"", ""link"": ""http://dream.kotra.or.kr/kotranews/cms/news/actionKotraBoardDetail.do?SITE_NO=3&MENU_ID=110&CONTENTS_NO=1&bbsGbn=245&bbsSn=245&pNttSn=241234"", ""description"": ""코카<b>콜라</b>, 오틀리(Oatly), 주문·결제 플랫폼 기업인 스퀘어 스퀘어(Square)와 차우버스(Chowbus), 푸드서비스 유통업체인 CJ 슈완스(CJ Schwan's) 등이 참여했다. 또한, 우버 이츠(Uber Eats), 스팟온(SpotOn), 레스토랑365... "", ""pubDate"": ""Tue, 26 May 2026 10:39:00 +0900""}",,
콜라,single_term_fallback,콜라,"콘진원, 스페인서 K-웹툰 유럽 시장 영토 넓혔다",https://daily.hankooki.com/news/articleView.html?idxno=1370516,2026-05-26 01:52:00+00:00,"이에 에스<b>콜라</b> 조소, FX 애니메이션 바르셀로나 3D·필름 스쿨 등 현지 주요 교육기관들은 한국형 제작 시스템에 큰 관심을 보이며 공동 프로젝트 및 작가 양성 과정 운영 등 구체적인 협력 방안을 제안했다. 아울러... ",https://daily.hankooki.com/news/articleView.html?idxno=1370516,naver_news,콜라,canonical,1.0,2026-05-26 11:01:39.370223+00:00,0,0,0,0,,"이에 에스<b>콜라</b> 조소, FX 애니메이션 바르셀로나 3D·필름 스쿨 등 현지 주요 교육기관들은 한국형 제작 시스템에 큰 관심을 보이며 공동 프로젝트 및 작가 양성 과정 운영 등 구체적인 협력 방안을 제안했다. 아울러... ","{""title"": ""콘진원, 스페인서 K-웹툰 유럽 시장 영토 넓혔다"", ""originallink"": ""https://daily.hankooki.com/news/articleView.html?idxno=1370516"", ""link"": ""https://daily.hankooki.com/news/articleView.html?idxno=1370516"", ""description"": ""이에 에스<b>콜라</b> 조소, FX 애니메이션 바르셀로나 3D·필름 스쿨 등 현지 주요 교육기관들은 한국형 제작 시스템에 큰 관심을 보이며 공동 프로젝트 및 작가 양성 과정 운영 등 구체적인 협력 방안을 제안했다. 아울러... "", ""pubDate"": ""Tue, 26 May 2026 10:52:00 +0900""}",,
콜라,single_term_fallback,콜라,"콘진원, 스페인서 K-웹툰 2억 달러 수출 상담 성과 달성",https://n.news.naver.com/mnews/article/092/0002424121?sid=103,2026-05-26 01:57:00+00:00,웹툰 아카데미 세션에서는 케나즈가 한국형 웹툰 제작 시스템과 현지화 사례를 소개하며 에스<b>콜라</b> 조소 등 현지 주요 교육기관과 공동 창작 프로젝트 연계 방안을 논의했다. 참가 기업들은 유럽 주요 출판 기업인 그룹... ,https://zdnet.co.kr/view/?no=20260526105631,naver_news,콜라,canonical,1.0,2026-05-26 11:01:39.370223+00:00,0,0,0,0,,웹툰 아카데미 세션에서는 케나즈가 한국형 웹툰 제작 시스템과 현지화 사례를 소개하며 에스<b>콜라</b> 조소 등 현지 주요 교육기관과 공동 창작 프로젝트 연계 방안을 논의했다. 참가 기업들은 유럽 주요 출판 기업인 그룹... ,"{""title"": ""콘진원, 스페인서 K-웹툰 2억 달러 수출 상담 성과 달성"", ""originallink"": ""https://zdnet.co.kr/view/?no=20260526105631"", ""link"": ""https://n.news.naver.com/mnews/article/092/0002424121?sid=103"", ""description"": ""웹툰 아카데미 세션에서는 케나즈가 한국형 웹툰 제작 시스템과 현지화 사례를 소개하며 에스<b>콜라</b> 조소 등 현지 주요 교육기관과 공동 창작 프로젝트 연계 방안을 논의했다. 참가 기업들은 유럽 주요 출판 기업인 그룹... "", ""pubDate"": ""Tue, 26 May 2026 10:57:00 +0900""}",,
콜라,single_term_fallback,콜라,북한산 19 peak 원샷 같은 투샷 [독자산행기],https://n.news.naver.com/mnews/article/094/0000013551?sid=103,2026-05-26 02:00:00+00:00,"습도 100%에 돌계단 오르막 <b>콜라</b>보로 시작 5분 만에 땀이 쏟아지며 힘든 하루가 예상되었다. 원효봉에서... 시간이 안 되어 못 온다고 했었는데, 짬을 내어 와주셔서 얼마나 감사한지… 시원한 <b>콜라</b>를 갖고 오신대서 <b>콜라</b>... ",http://san.chosun.com/news/articleView.html?idxno=25884,naver_news,콜라,canonical,1.0,2026-05-26 11:01:39.370223+00:00,0,0,0,0,,"습도 100%에 돌계단 오르막 <b>콜라</b>보로 시작 5분 만에 땀이 쏟아지며 힘든 하루가 예상되었다. 원효봉에서... 시간이 안 되어 못 온다고 했었는데, 짬을 내어 와주셔서 얼마나 감사한지… 시원한 <b>콜라</b>를 갖고 오신대서 <b>콜라</b>... ","{""title"": ""북한산 19 peak 원샷 같은 투샷 [독자산행기]"", ""originallink"": ""http://san.chosun.com/news/articleView.html?idxno=25884"", ""link"": ""https://n.news.naver.com/mnews/article/094/0000013551?sid=103"", ""description"": ""습도 100%에 돌계단 오르막 <b>콜라</b>보로 시작 5분 만에 땀이 쏟아지며 힘든 하루가 예상되었다. 원효봉에서... 시간이 안 되어 못 온다고 했었는데, 짬을 내어 와주셔서 얼마나 감사한지… 시원한 <b>콜라</b>를 갖고 오신대서 <b>콜라</b>... "", ""pubDate"": ""Tue, 26 May 2026 11:00:00 +0900""}",,
콜라,single_term_fallback,콜라,[백성수의 IP 인사이트] 상표. 먼저 안하면 뺏긴다 – 당신의 이름을 지...,https://www.mstoday.co.kr/news/articleView.html?idxno=101595,2026-05-26 03:04:00+00:00,"삼성 냉장고, 현대자동차, 코카<b>콜라</b> 캔. 우리가 손으로 만질 수 있는 제품들이 여기에 해당한다. 서비스상표는 무형의 서비스에 붙이는 표장이다. 맥도날드(음식 서비스), 배달의 민족(배달 중개 서비스), 하나은행(금융... ",https://www.mstoday.co.kr/news/articleView.html?idxno=101595,naver_news,콜라,canonical,1.0,2026-05-26 11:01:39.370223+00:00,0,0,0,0,,"삼성 냉장고, 현대자동차, 코카<b>콜라</b> 캔. 우리가 손으로 만질 수 있는 제품들이 여기에 해당한다. 서비스상표는 무형의 서비스에 붙이는 표장이다. 맥도날드(음식 서비스), 배달의 민족(배달 중개 서비스), 하나은행(금융... ","{""title"": ""[백성수의 IP 인사이트] 상표. 먼저 안하면 뺏긴다 – 당신의 이름을 지..."", ""originallink"": ""https://www.mstoday.co.kr/news/articleView.html?idxno=101595"", ""link"": ""https://www.mstoday.co.kr/news/articleView.html?idxno=101595"", ""description"": ""삼성 냉장고, 현대자동차, 코카<b>콜라</b> 캔. 우리가 손으로 만질 수 있는 제품들이 여기에 해당한다. 서비스상표는 무형의 서비스에 붙이는 표장이다. 맥도날드(음식 서비스), 배달의 민족(배달 중개 서비스), 하나은행(금융... "", ""pubDate"": ""Tue, 26 May 2026 12:04:00 +0900""}",,
콜라,single_term_fallback,콜라,[포토] 맥도날드 '2026 해피워크'… 인천 달군 기부행사,http://www.economytalk.kr/news/articleView.html?idxno=421553,2026-05-26 03:04:00+00:00,"현장에는 매일유업, 오뚜기, 코카<b>콜라</b>, 풀무원, CJ제일제당, 하나은행 등 여러 후원사 부스도 마련돼 축제 분위기를 더했다. '가족이 함께하는 행복한 기부'를 내건 이번 행사는 걷기 참여를 통해 환아 가족에게 힘을... ",http://www.economytalk.kr/news/articleView.html?idxno=421553,naver_news,콜라,canonical,1.0,2026-05-26 11:01:39.370223+00:00,0,0,0,0,,"현장에는 매일유업, 오뚜기, 코카<b>콜라</b>, 풀무원, CJ제일제당, 하나은행 등 여러 후원사 부스도 마련돼 축제 분위기를 더했다. '가족이 함께하는 행복한 기부'를 내건 이번 행사는 걷기 참여를 통해 환아 가족에게 힘을... ","{""title"": ""[포토] 맥도날드 '2026 해피워크'… 인천 달군 기부행사"", ""originallink"": ""http://www.economytalk.kr/news/articleView.html?idxno=421553"", ""link"": ""http://www.economytalk.kr/news/articleView.html?idxno=421553"", ""description"": ""현장에는 매일유업, 오뚜기, 코카<b>콜라</b>, 풀무원, CJ제일제당, 하나은행 등 여러 후원사 부스도 마련돼 축제 분위기를 더했다. '가족이 함께하는 행복한 기부'를 내건 이번 행사는 걷기 참여를 통해 환아 가족에게 힘을... "", ""pubDate"": ""Tue, 26 May 2026 12:04:00 +0900""}",,
콜라,single_term_fallback,콜라,"[리뷰] 스위치2 세대를 위한 플랫포머 입문서, '요시와 신기한 도감'",https://m.sports.naver.com/esports/article/442/0000192784,2026-05-26 03:30:00+00:00,"그외에 뽁뽁이를 계속 밟아서 수를 무한정 늘려 <b>콜라</b>에 멘토스 넣은 것마냥 폭발시키거나, 고추나 사과를 먹여서 성질을 변화시킨 뒤 다른 방식으로 활용하는 등 다양한 상상을 실제로 검증해보는 재미가 계속해서... ",https://www.inven.co.kr/webzine/news/?news=316772,naver_news,콜라,canonical,1.0,2026-05-26 11:01:39.370223+00:00,0,0,0,0,,"그외에 뽁뽁이를 계속 밟아서 수를 무한정 늘려 <b>콜라</b>에 멘토스 넣은 것마냥 폭발시키거나, 고추나 사과를 먹여서 성질을 변화시킨 뒤 다른 방식으로 활용하는 등 다양한 상상을 실제로 검증해보는 재미가 계속해서... ","{""title"": ""[리뷰] 스위치2 세대를 위한 플랫포머 입문서, '요시와 신기한 도감'"", ""originallink"": ""https://www.inven.co.kr/webzine/news/?news=316772"", ""link"": ""https://m.sports.naver.com/esports/article/442/0000192784"", ""description"": ""그외에 뽁뽁이를 계속 밟아서 수를 무한정 늘려 <b>콜라</b>에 멘토스 넣은 것마냥 폭발시키거나, 고추나 사과를 먹여서 성질을 변화시킨 뒤 다른 방식으로 활용하는 등 다양한 상상을 실제로 검증해보는 재미가 계속해서... "", ""pubDate"": ""Tue, 26 May 2026 12:30:00 +0900""}",,
콜라,single_term_fallback,콜라,5월 27일 자 시사상식 퀴즈,https://n.news.naver.com/mnews/article/088/0001011592?sid=103,2026-05-26 04:13:00+00:00,"템플스테이 참가자는 연간 3만명에 이르고, 이 가운데 80% 정도가 외국인이라고 한다. '이것'은?(매일신문 5월 25일 19면) ◆5월 13일 자 시사상식 정답 1. 보라매 2. 코카<b>콜라</b> 3. 함무라비법전",https://www.imaeil.com/page/view/2026052612552295585,naver_news,콜라,canonical,1.0,2026-05-26 11:01:39.370223+00:00,0,0,0,0,,"템플스테이 참가자는 연간 3만명에 이르고, 이 가운데 80% 정도가 외국인이라고 한다. '이것'은?(매일신문 5월 25일 19면) ◆5월 13일 자 시사상식 정답 1. 보라매 2. 코카<b>콜라</b> 3. 함무라비법전","{""title"": ""5월 27일 자 시사상식 퀴즈"", ""originallink"": ""https://www.imaeil.com/page/view/2026052612552295585"", ""link"": ""https://n.news.naver.com/mnews/article/088/0001011592?sid=103"", ""description"": ""템플스테이 참가자는 연간 3만명에 이르고, 이 가운데 80% 정도가 외국인이라고 한다. '이것'은?(매일신문 5월 25일 19면) ◆5월 13일 자 시사상식 정답 1. 보라매 2. 코카<b>콜라</b> 3. 함무라비법전"", ""pubDate"": ""Tue, 26 May 2026 13:13:00 +0900""}",,
콜라,single_term_fallback,콜라,"[청소년뉴스] &quot;청소년도 스타벅스 이용 중단&quot;... 한국청소년정책연대, ...",https://www.ibabynews.com/news/articleView.html?idxno=151608,2026-05-26 04:56:00+00:00,"◇ 한국 코카-<b>콜라</b>, '2026 코카-<b>콜라</b> 장학금 수여식' 진행… 청소년들의 꿈과 성장 응원 한국 코카-<b>콜라</b>가 청소년들의 꿈을 응원하는 '2026 코카-<b>콜라</b> 장학금 수여식'을 23일 진행했다. 이날 '2026 코카-<b>콜라</b> 장학금 수여식... ",https://www.ibabynews.com/news/articleView.html?idxno=151608,naver_news,콜라,canonical,1.0,2026-05-26 11:01:39.370223+00:00,0,0,0,0,,"◇ 한국 코카-<b>콜라</b>, '2026 코카-<b>콜라</b> 장학금 수여식' 진행… 청소년들의 꿈과 성장 응원 한국 코카-<b>콜라</b>가 청소년들의 꿈을 응원하는 '2026 코카-<b>콜라</b> 장학금 수여식'을 23일 진행했다. 이날 '2026 코카-<b>콜라</b> 장학금 수여식... ","{""title"": ""[청소년뉴스] &quot;청소년도 스타벅스 이용 중단&quot;... 한국청소년정책연대, ..."", ""originallink"": ""https://www.ibabynews.com/news/articleView.html?idxno=151608"", ""link"": ""https://www.ibabynews.com/news/articleView.html?idxno=151608"", ""description"": ""◇ 한국 코카-<b>콜라</b>, '2026 코카-<b>콜라</b> 장학금 수여식' 진행… 청소년들의 꿈과 성장 응원 한국 코카-<b>콜라</b>가 청소년들의 꿈을 응원하는 '2026 코카-<b>콜라</b> 장학금 수여식'을 23일 진행했다. 이날 '2026 코카-<b>콜라</b> 장학금 수여식... "", ""pubDate"": ""Tue, 26 May 2026 13:56:00 +0900""}",,
콜라,single_term_fallback,콜라,[ABC칼럼] &quot;'탱크데이' 범인은 AI였다&quot;,https://www.abcn.kr/news/articleView.html?idxno=88308,2026-05-26 05:38:00+00:00,"2023년 코카<b>콜라</b>는 생성형 AI를 활용한 글로벌 광고 캠페인을 공개했지만, 일부 이미지에서 특정 문화권이 단순화되거나 고정된 이미지로 표현된다는 지적이 제기됐다. 결국 해당 캠페인은 AI 결과물을 그대로... ",https://www.abcn.kr/news/articleView.html?idxno=88308,naver_news,콜라,canonical,1.0,2026-05-26 11:01:39.370223+00:00,0,0,0,0,,"2023년 코카<b>콜라</b>는 생성형 AI를 활용한 글로벌 광고 캠페인을 공개했지만, 일부 이미지에서 특정 문화권이 단순화되거나 고정된 이미지로 표현된다는 지적이 제기됐다. 결국 해당 캠페인은 AI 결과물을 그대로... ","{""title"": ""[ABC칼럼] &quot;'탱크데이' 범인은 AI였다&quot;"", ""originallink"": ""https://www.abcn.kr/news/articleView.html?idxno=88308"", ""link"": ""https://www.abcn.kr/news/articleView.html?idxno=88308"", ""description"": ""2023년 코카<b>콜라</b>는 생성형 AI를 활용한 글로벌 광고 캠페인을 공개했지만, 일부 이미지에서 특정 문화권이 단순화되거나 고정된 이미지로 표현된다는 지적이 제기됐다. 결국 해당 캠페인은 AI 결과물을 그대로... "", ""pubDate"": ""Tue, 26 May 2026 14:38:00 +0900""}",,
콜라,single_term_fallback,콜라,&quot;제발 멈춰달라&quot; 묵살한 강제 팔굽혀펴기…병사 근육 녹았다,https://n.news.naver.com/mnews/article/001/0016099737?sid=102,2026-05-26 06:27:00+00:00,&quot;힘들다&quot; 호소에도 간부가 들어 올렸다 내리기 약 100회 반복 <b>콜라</b>색 소변 뒤 드러난 중증 횡문근융해증... 시켜 '<b>콜라</b>색 소변'을 볼 정도로 근육이 심각하게 손상되는 사건이 일어났다. 피해 병사는 활동복을 움켜쥔 채... ,https://www.yna.co.kr/view/AKR20260526118400062?input=1195m,naver_news,콜라,canonical,1.0,2026-05-26 11:01:39.370223+00:00,0,0,0,0,,&quot;힘들다&quot; 호소에도 간부가 들어 올렸다 내리기 약 100회 반복 <b>콜라</b>색 소변 뒤 드러난 중증 횡문근융해증... 시켜 '<b>콜라</b>색 소변'을 볼 정도로 근육이 심각하게 손상되는 사건이 일어났다. 피해 병사는 활동복을 움켜쥔 채... ,"{""title"": ""&quot;제발 멈춰달라&quot; 묵살한 강제 팔굽혀펴기…병사 근육 녹았다"", ""originallink"": ""https://www.yna.co.kr/view/AKR20260526118400062?input=1195m"", ""link"": ""https://n.news.naver.com/mnews/article/001/0016099737?sid=102"", ""description"": ""&quot;힘들다&quot; 호소에도 간부가 들어 올렸다 내리기 약 100회 반복 <b>콜라</b>색 소변 뒤 드러난 중증 횡문근융해증... 시켜 '<b>콜라</b>색 소변'을 볼 정도로 근육이 심각하게 손상되는 사건이 일어났다. 피해 병사는 활동복을 움켜쥔 채... "", ""pubDate"": ""Tue, 26 May 2026 15:27:00 +0900""}",,
콜라,single_term_fallback,콜라,[트라이아웃 회고](4) 2018년 이탈리아 몬차로 무대 옮겨...남자부는 첫...,https://m.sports.naver.com/volleyball/article/472/0000040308,2026-05-26 06:56:00+00:00,"현대건설은 베키가 기대했던 활약을 보여주지 못했고, 부상까지 당하자 11월 21일 대체선수로 밀라그로스 <b>콜라</b>(스페인/등록명 마야)로 교체했다. 마야는 팀에 활력을 불어넣었지만 팀의 포스트시즌 진출까지... ",http://www.thesportstimes.co.kr/news/articleView.html?idxno=372939,naver_news,콜라,canonical,1.0,2026-05-26 11:01:39.370223+00:00,0,0,0,0,,"현대건설은 베키가 기대했던 활약을 보여주지 못했고, 부상까지 당하자 11월 21일 대체선수로 밀라그로스 <b>콜라</b>(스페인/등록명 마야)로 교체했다. 마야는 팀에 활력을 불어넣었지만 팀의 포스트시즌 진출까지... ","{""title"": ""[트라이아웃 회고](4) 2018년 이탈리아 몬차로 무대 옮겨...남자부는 첫..."", ""originallink"": ""http://www.thesportstimes.co.kr/news/articleView.html?idxno=372939"", ""link"": ""https://m.sports.naver.com/volleyball/article/472/0000040308"", ""description"": ""현대건설은 베키가 기대했던 활약을 보여주지 못했고, 부상까지 당하자 11월 21일 대체선수로 밀라그로스 <b>콜라</b>(스페인/등록명 마야)로 교체했다. 마야는 팀에 활력을 불어넣었지만 팀의 포스트시즌 진출까지... "", ""pubDate"": ""Tue, 26 May 2026 15:56:00 +0900""}",,
콜라,single_term_fallback,콜라,"LG생활건강, 해태음료 매각 공식화…뷰티 중심 재편 가속도",https://www.newsway.co.kr/news/view?ud=2026052615591513328,2026-05-26 07:08:00+00:00,"이후 외환위기 당시 해태그룹 해체 과정에서 코카<b>콜라</b> 계열로 넘어갔고, 다시 웅진식품 컨소시엄 등을 거쳐 2010년 LG생활건강에 인수됐다. 당시 LG생활건강은 코카<b>콜라</b>음료 사업과의 시너지를 기대하며 해태음료를... ",https://www.newsway.co.kr/news/view?ud=2026052615591513328,naver_news,콜라,canonical,1.0,2026-05-26 11:01:39.370223+00:00,0,0,0,0,,"이후 외환위기 당시 해태그룹 해체 과정에서 코카<b>콜라</b> 계열로 넘어갔고, 다시 웅진식품 컨소시엄 등을 거쳐 2010년 LG생활건강에 인수됐다. 당시 LG생활건강은 코카<b>콜라</b>음료 사업과의 시너지를 기대하며 해태음료를... ","{""title"": ""LG생활건강, 해태음료 매각 공식화…뷰티 중심 재편 가속도"", ""originallink"": ""https://www.newsway.co.kr/news/view?ud=2026052615591513328"", ""link"": ""https://www.newsway.co.kr/news/view?ud=2026052615591513328"", ""description"": ""이후 외환위기 당시 해태그룹 해체 과정에서 코카<b>콜라</b> 계열로 넘어갔고, 다시 웅진식품 컨소시엄 등을 거쳐 2010년 LG생활건강에 인수됐다. 당시 LG생활건강은 코카<b>콜라</b>음료 사업과의 시너지를 기대하며 해태음료를... "", ""pubDate"": ""Tue, 26 May 2026 16:08:00 +0900""}",,
콜라,single_term_fallback,콜라,"뷰티 사업 힘주는 LG생활건강, 해태htb 매각 추진",https://n.news.naver.com/mnews/article/003/0013968205?sid=101,2026-05-26 07:15:00+00:00,최근 사업 부진 등을 이유로 자회사 코카<b>콜라</b>음료와 함께 매각설이 돌았지만 코카<b>콜라</b>음료의 경우 매각을 검토한 바 없다는 입장을 알린 바 있다. 해태htb와 관련해서도 구체적으로 결정된 사항은 없다는 입장이다.... ,https://www.newsis.com/view/NISX20260526_0003644487,naver_news,콜라,canonical,1.0,2026-05-26 11:01:39.370223+00:00,0,0,0,0,,최근 사업 부진 등을 이유로 자회사 코카<b>콜라</b>음료와 함께 매각설이 돌았지만 코카<b>콜라</b>음료의 경우 매각을 검토한 바 없다는 입장을 알린 바 있다. 해태htb와 관련해서도 구체적으로 결정된 사항은 없다는 입장이다.... ,"{""title"": ""뷰티 사업 힘주는 LG생활건강, 해태htb 매각 추진"", ""originallink"": ""https://www.newsis.com/view/NISX20260526_0003644487"", ""link"": ""https://n.news.naver.com/mnews/article/003/0013968205?sid=101"", ""description"": ""최근 사업 부진 등을 이유로 자회사 코카<b>콜라</b>음료와 함께 매각설이 돌았지만 코카<b>콜라</b>음료의 경우 매각을 검토한 바 없다는 입장을 알린 바 있다. 해태htb와 관련해서도 구체적으로 결정된 사항은 없다는 입장이다.... "", ""pubDate"": ""Tue, 26 May 2026 16:15:00 +0900""}",,
콜라,single_term_fallback,콜라,&quot;너무 힘듭니다&quot; 호소 묵살하더니…결국 근육 녹아내린 병사,https://www.jnilbo.com/news/articleView.html?idxno=90000037663,2026-05-26 07:19:00+00:00,강원도 한 군부대에서 간부가 병사에게 강압적으로 팔굽혀펴기를 시켜 '<b>콜라</b>색 소변'을 볼 정도로 근육이... 정상 수치 수백 배 초과…'<b>콜라</b>색 소변'과 근육 융해 강압적인 팔굽혀펴기를 겪은 날 잠도 제대로 자지 못한 A... ,https://www.jnilbo.com/news/articleView.html?idxno=90000037663,naver_news,콜라,canonical,1.0,2026-05-26 11:01:39.370223+00:00,0,0,0,0,,강원도 한 군부대에서 간부가 병사에게 강압적으로 팔굽혀펴기를 시켜 '<b>콜라</b>색 소변'을 볼 정도로 근육이... 정상 수치 수백 배 초과…'<b>콜라</b>색 소변'과 근육 융해 강압적인 팔굽혀펴기를 겪은 날 잠도 제대로 자지 못한 A... ,"{""title"": ""&quot;너무 힘듭니다&quot; 호소 묵살하더니…결국 근육 녹아내린 병사"", ""originallink"": ""https://www.jnilbo.com/news/articleView.html?idxno=90000037663"", ""link"": ""https://www.jnilbo.com/news/articleView.html?idxno=90000037663"", ""description"": ""강원도 한 군부대에서 간부가 병사에게 강압적으로 팔굽혀펴기를 시켜 '<b>콜라</b>색 소변'을 볼 정도로 근육이... 정상 수치 수백 배 초과…'<b>콜라</b>색 소변'과 근육 융해 강압적인 팔굽혀펴기를 겪은 날 잠도 제대로 자지 못한 A... "", ""pubDate"": ""Tue, 26 May 2026 16:19:00 +0900""}",,
콜라,single_term_fallback,콜라,&quot;힘들다&quot; 호소에도 팔굽혀펴기 강제…병사 '횡문근융해증',http://www.tjb.co.kr/sub0301/bodo/view/id/98651,2026-05-26 07:38:00+00:00,"철원 15사단서 가혹행위 의혹 피해 병사, '<b>콜라</b>색 소변' 후 중환자 치료 횡문근융해증 치료를 받는 병사 모습... 11일 의무대를 찾은 뒤 링거 치료 후 처음 본 소변 색은 이른바 '<b>콜라</b>색'이었던 것으로 전해졌습니다.... ",http://www.tjb.co.kr/sub0301/bodo/view/id/98651,naver_news,콜라,canonical,1.0,2026-05-26 11:01:39.370223+00:00,0,0,0,0,,"철원 15사단서 가혹행위 의혹 피해 병사, '<b>콜라</b>색 소변' 후 중환자 치료 횡문근융해증 치료를 받는 병사 모습... 11일 의무대를 찾은 뒤 링거 치료 후 처음 본 소변 색은 이른바 '<b>콜라</b>색'이었던 것으로 전해졌습니다.... ","{""title"": ""&quot;힘들다&quot; 호소에도 팔굽혀펴기 강제…병사 '횡문근융해증'"", ""originallink"": ""http://www.tjb.co.kr/sub0301/bodo/view/id/98651"", ""link"": ""http://www.tjb.co.kr/sub0301/bodo/view/id/98651"", ""description"": ""철원 15사단서 가혹행위 의혹 피해 병사, '<b>콜라</b>색 소변' 후 중환자 치료 횡문근융해증 치료를 받는 병사 모습... 11일 의무대를 찾은 뒤 링거 치료 후 처음 본 소변 색은 이른바 '<b>콜라</b>색'이었던 것으로 전해졌습니다.... "", ""pubDate"": ""Tue, 26 May 2026 16:38:00 +0900""}",,
콜라,single_term_fallback,콜라,최전방 병사 ‘<b>콜라</b>색 소변’…100번 팔굽혀펴기 강제로 시킨 부대,https://n.news.naver.com/mnews/article/028/0002806763?sid=102,2026-05-26 08:02:00+00:00,군 간부가 병사에게 강압적으로 팔굽혀펴기를 시켜 ‘<b>콜라</b>색 소변’을 볼 정도로 근육이 심각하게 손상되는... 색깔은 ‘<b>콜라</b>색’이었다. 곧장 국군포천병원으로 후송돼 진행한 혈액검사 결과 근육효소(CK... ,https://www.hani.co.kr/arti/area/gangwon/1260451.html,naver_news,콜라,canonical,1.0,2026-05-26 11:01:39.370223+00:00,0,0,0,0,,군 간부가 병사에게 강압적으로 팔굽혀펴기를 시켜 ‘<b>콜라</b>색 소변’을 볼 정도로 근육이 심각하게 손상되는... 색깔은 ‘<b>콜라</b>색’이었다. 곧장 국군포천병원으로 후송돼 진행한 혈액검사 결과 근육효소(CK... ,"{""title"": ""최전방 병사 ‘<b>콜라</b>색 소변’…100번 팔굽혀펴기 강제로 시킨 부대"", ""originallink"": ""https://www.hani.co.kr/arti/area/gangwon/1260451.html"", ""link"": ""https://n.news.naver.com/mnews/article/028/0002806763?sid=102"", ""description"": ""군 간부가 병사에게 강압적으로 팔굽혀펴기를 시켜 ‘<b>콜라</b>색 소변’을 볼 정도로 근육이 심각하게 손상되는... 색깔은 ‘<b>콜라</b>색’이었다. 곧장 국군포천병원으로 후송돼 진행한 혈액검사 결과 근육효소(CK... "", ""pubDate"": ""Tue, 26 May 2026 17:02:00 +0900""}",,
콜라,single_term_fallback,콜라,"K-웹툰, 스페인 최대 코믹 행사서 유럽 시장 공략",https://www.asiatoday.co.kr/kn/view.php?key=20260526010007628,2026-05-26 08:10:00+00:00,"에스<b>콜라</b> 조소(Escola Joso), FX 애니메이션 바르셀로나 3D&amp;필름 스쿨(FX Animation Barcelona 3D&amp;Film School) 등은 한국 웹툰 제작 시스템과 공동 창작 프로젝트 운영에 관심을 나타냈다. 특히 에스<b>콜라</b> 조소 측은 현지 공동... ",https://www.asiatoday.co.kr/kn/view.php?key=20260526010007628,naver_news,콜라,canonical,1.0,2026-05-26 11:01:39.370223+00:00,0,0,0,0,,"에스<b>콜라</b> 조소(Escola Joso), FX 애니메이션 바르셀로나 3D&amp;필름 스쿨(FX Animation Barcelona 3D&amp;Film School) 등은 한국 웹툰 제작 시스템과 공동 창작 프로젝트 운영에 관심을 나타냈다. 특히 에스<b>콜라</b> 조소 측은 현지 공동... ","{""title"": ""K-웹툰, 스페인 최대 코믹 행사서 유럽 시장 공략"", ""originallink"": ""https://www.asiatoday.co.kr/kn/view.php?key=20260526010007628"", ""link"": ""https://www.asiatoday.co.kr/kn/view.php?key=20260526010007628"", ""description"": ""에스<b>콜라</b> 조소(Escola Joso), FX 애니메이션 바르셀로나 3D&amp;필름 스쿨(FX Animation Barcelona 3D&amp;Film School) 등은 한국 웹툰 제작 시스템과 공동 창작 프로젝트 운영에 관심을 나타냈다. 특히 에스<b>콜라</b> 조소 측은 현지 공동... "", ""pubDate"": ""Tue, 26 May 2026 17:10:00 +0900""}",,
콜라,single_term_fallback,콜라,"한국 코카-<b>콜라</b>, 청소년 40명에 장학금 1억2000만원 전달",https://www.shinailbo.co.kr/news/articleView.html?idxno=5024244,2026-05-26 08:10:00+00:00,한국 코카-<b>콜라</b>는 지난 23일 서울 본사에서 '2026 코카-<b>콜라</b> 장학금 수여식'을 열고 전국에서 선발한 청소년 40명에게 총 1억2000만원의 장학금을 전달했다고 밝혔다. 코카-<b>콜라</b> 장학금은 미래 세대의 성장과 도전을 지원하는... ,https://www.shinailbo.co.kr/news/articleView.html?idxno=5024244,naver_news,콜라,canonical,1.0,2026-05-26 11:01:39.370223+00:00,0,0,0,0,,한국 코카-<b>콜라</b>는 지난 23일 서울 본사에서 '2026 코카-<b>콜라</b> 장학금 수여식'을 열고 전국에서 선발한 청소년 40명에게 총 1억2000만원의 장학금을 전달했다고 밝혔다. 코카-<b>콜라</b> 장학금은 미래 세대의 성장과 도전을 지원하는... ,"{""title"": ""한국 코카-<b>콜라</b>, 청소년 40명에 장학금 1억2000만원 전달"", ""originallink"": ""https://www.shinailbo.co.kr/news/articleView.html?idxno=5024244"", ""link"": ""https://www.shinailbo.co.kr/news/articleView.html?idxno=5024244"", ""description"": ""한국 코카-<b>콜라</b>는 지난 23일 서울 본사에서 '2026 코카-<b>콜라</b> 장학금 수여식'을 열고 전국에서 선발한 청소년 40명에게 총 1억2000만원의 장학금을 전달했다고 밝혔다. 코카-<b>콜라</b> 장학금은 미래 세대의 성장과 도전을 지원하는... "", ""pubDate"": ""Tue, 26 May 2026 17:10:00 +0900""}",,
콜라,single_term_fallback,콜라,군부대서 강압적 팔굽혀펴기로 병사 근육 심각하게 손상…혈액검사 결...,https://n.news.naver.com/mnews/article/087/0001195497?sid=102,2026-05-26 09:01:00+00:00,강원 도내 한 군부대에서 간부의 강압적인 명령으로 병사가 ‘<b>콜라</b>색 소변’을 볼 정도로 근육이 심각하게... 색깔은 ‘<b>콜라</b>색’이었다. 곧장 국군포천병원으로 후송돼 진행한 혈액검사 결과 근육효소(CK... ,https://www.kwnews.co.kr/page/view/2026052650108000000,naver_news,콜라,canonical,1.0,2026-05-26 11:01:39.370223+00:00,0,0,0,0,,강원 도내 한 군부대에서 간부의 강압적인 명령으로 병사가 ‘<b>콜라</b>색 소변’을 볼 정도로 근육이 심각하게... 색깔은 ‘<b>콜라</b>색’이었다. 곧장 국군포천병원으로 후송돼 진행한 혈액검사 결과 근육효소(CK... ,"{""title"": ""군부대서 강압적 팔굽혀펴기로 병사 근육 심각하게 손상…혈액검사 결..."", ""originallink"": ""https://www.kwnews.co.kr/page/view/2026052650108000000"", ""link"": ""https://n.news.naver.com/mnews/article/087/0001195497?sid=102"", ""description"": ""강원 도내 한 군부대에서 간부의 강압적인 명령으로 병사가 ‘<b>콜라</b>색 소변’을 볼 정도로 근육이 심각하게... 색깔은 ‘<b>콜라</b>색’이었다. 곧장 국군포천병원으로 후송돼 진행한 혈액검사 결과 근육효소(CK... "", ""pubDate"": ""Tue, 26 May 2026 18:01:00 +0900""}",,
콜라,single_term_fallback,콜라,&quot;너무 힘듭니다&quot; 호소 묵살…결국 근육 녹은 병사,https://n.news.naver.com/mnews/article/215/0001253377?sid=102,2026-05-26 09:09:00+00:00,"그러나 소변 색깔이 '<b>콜라</b>색'으로 변하자 A 상병은 국군포천병원으로 후송됐다. 당시 혈액검사 결과 근육효소(CK·크레아틴키나아제) 수치는 4만으로, 정상 수치(50~200)의 수백 배에 달했다. 13일 민간 대학병원... ",http://www.wowtv.co.kr/NewsCenter/News/Read?articleId=A202605260358&t=NN,naver_news,콜라,canonical,1.0,2026-05-26 11:01:39.370223+00:00,0,0,0,0,,"그러나 소변 색깔이 '<b>콜라</b>색'으로 변하자 A 상병은 국군포천병원으로 후송됐다. 당시 혈액검사 결과 근육효소(CK·크레아틴키나아제) 수치는 4만으로, 정상 수치(50~200)의 수백 배에 달했다. 13일 민간 대학병원... ","{""title"": ""&quot;너무 힘듭니다&quot; 호소 묵살…결국 근육 녹은 병사"", ""originallink"": ""http://www.wowtv.co.kr/NewsCenter/News/Read?articleId=A202605260358&t=NN"", ""link"": ""https://n.news.naver.com/mnews/article/215/0001253377?sid=102"", ""description"": ""그러나 소변 색깔이 '<b>콜라</b>색'으로 변하자 A 상병은 국군포천병원으로 후송됐다. 당시 혈액검사 결과 근육효소(CK·크레아틴키나아제) 수치는 4만으로, 정상 수치(50~200)의 수백 배에 달했다. 13일 민간 대학병원... "", ""pubDate"": ""Tue, 26 May 2026 18:09:00 +0900""}",,
콜라,single_term_fallback,콜라,&quot;제발 멈춰달라&quot; 외침에도 강제 팔굽혀펴기…병사 근육 녹아 입원,https://n.news.naver.com/mnews/article/422/0000868540?sid=102,2026-05-26 09:11:00+00:00,이후 극심한 통증과 함께 <b>콜라</b>색 소변 증상이 나타난 A상병은 국군포천병원으로 후송돼 진행한 혈액검사 결과 근육효소 수치가 4만에 달하는 것으로 나타났습니다. 가족의 요청으로 민간 대학병원으로 옮겨 또다른... ,http://www.yonhapnewstv.co.kr/news/AKR20260526181011jAX,naver_news,콜라,canonical,1.0,2026-05-26 11:01:39.370223+00:00,0,0,0,0,,이후 극심한 통증과 함께 <b>콜라</b>색 소변 증상이 나타난 A상병은 국군포천병원으로 후송돼 진행한 혈액검사 결과 근육효소 수치가 4만에 달하는 것으로 나타났습니다. 가족의 요청으로 민간 대학병원으로 옮겨 또다른... ,"{""title"": ""&quot;제발 멈춰달라&quot; 외침에도 강제 팔굽혀펴기…병사 근육 녹아 입원"", ""originallink"": ""http://www.yonhapnewstv.co.kr/news/AKR20260526181011jAX"", ""link"": ""https://n.news.naver.com/mnews/article/422/0000868540?sid=102"", ""description"": ""이후 극심한 통증과 함께 <b>콜라</b>색 소변 증상이 나타난 A상병은 국군포천병원으로 후송돼 진행한 혈액검사 결과 근육효소 수치가 4만에 달하는 것으로 나타났습니다. 가족의 요청으로 민간 대학병원으로 옮겨 또다른... "", ""pubDate"": ""Tue, 26 May 2026 18:11:00 +0900""}",,
콜라,single_term_fallback,콜라,'100회' 강제 팔굽혀펴기에 '<b>콜라</b>색 소변'…병사 근육 녹았다,https://n.news.naver.com/mnews/article/015/0005291500?sid=102,2026-05-26 09:46:00+00:00,그날 아침부터 소변을 보지 못했던 A 상병이 링거를 맞고 본 소변의 색깔은 '<b>콜라</b>색'이었다. 곧장... 이후에도 <b>콜라</b>색 소변이 나올 때가 있어 병원 내원을 반복하는 등 치료 지속하고 있다. 가해자로부터 사과는커녕 부대... ,https://www.hankyung.com/article/2026052601487,naver_news,콜라,canonical,1.0,2026-05-26 11:01:39.370223+00:00,0,0,0,0,,그날 아침부터 소변을 보지 못했던 A 상병이 링거를 맞고 본 소변의 색깔은 '<b>콜라</b>색'이었다. 곧장... 이후에도 <b>콜라</b>색 소변이 나올 때가 있어 병원 내원을 반복하는 등 치료 지속하고 있다. 가해자로부터 사과는커녕 부대... ,"{""title"": ""'100회' 강제 팔굽혀펴기에 '<b>콜라</b>색 소변'…병사 근육 녹았다"", ""originallink"": ""https://www.hankyung.com/article/2026052601487"", ""link"": ""https://n.news.naver.com/mnews/article/015/0005291500?sid=102"", ""description"": ""그날 아침부터 소변을 보지 못했던 A 상병이 링거를 맞고 본 소변의 색깔은 '<b>콜라</b>색'이었다. 곧장... 이후에도 <b>콜라</b>색 소변이 나올 때가 있어 병원 내원을 반복하는 등 치료 지속하고 있다. 가해자로부터 사과는커녕 부대... "", ""pubDate"": ""Tue, 26 May 2026 18:46:00 +0900""}",,
콜라,single_term_fallback,콜라,강제로 팔굽혀 펴기 100개…근육 녹아내린 육군 상병,https://n.news.naver.com/mnews/article/021/0002793649?sid=100,2026-05-26 09:51:00+00:00,11일 의무대를 찾은 A 상병은 링거 치료를 받은 뒤 ‘<b>콜라</b>색 소변’을 본 것으로 알려졌다. 이후... 퇴원 후에도 간헐적으로 <b>콜라</b>색 소변 증상이 나타나 병원 치료를 이어가고 있다고 한다. A 상병의 누나는 “동생은... ,https://www.munhwa.com/article/11591390?ref=naver,naver_news,콜라,canonical,1.0,2026-05-26 11:01:39.370223+00:00,0,0,0,0,,11일 의무대를 찾은 A 상병은 링거 치료를 받은 뒤 ‘<b>콜라</b>색 소변’을 본 것으로 알려졌다. 이후... 퇴원 후에도 간헐적으로 <b>콜라</b>색 소변 증상이 나타나 병원 치료를 이어가고 있다고 한다. A 상병의 누나는 “동생은... ,"{""title"": ""강제로 팔굽혀 펴기 100개…근육 녹아내린 육군 상병"", ""originallink"": ""https://www.munhwa.com/article/11591390?ref=naver"", ""link"": ""https://n.news.naver.com/mnews/article/021/0002793649?sid=100"", ""description"": ""11일 의무대를 찾은 A 상병은 링거 치료를 받은 뒤 ‘<b>콜라</b>색 소변’을 본 것으로 알려졌다. 이후... 퇴원 후에도 간헐적으로 <b>콜라</b>색 소변 증상이 나타나 병원 치료를 이어가고 있다고 한다. A 상병의 누나는 “동생은... "", ""pubDate"": ""Tue, 26 May 2026 18:51:00 +0900""}",,
콜라,single_term_fallback,콜라,[동영상] 중국 ‘탕핑’ 청년들의 마음을 대변해주는 도로롱,https://game.donga.com/122690/,2026-05-26 09:54:00+00:00,"이 ‘도로롱’이 귤과 <b>콜라</b>(도로롱의 최애 음식 설정)를 들고 와서 “힘들게 하는 사람이 있으면 내가... 여기에 쓰레기를 줍고, 배달 알바를 하면서 겨우겨우 모은 돈으로 산 귤과 <b>콜라</b>에 기뻐하는 모습을 보고 ‘지친 내... ",https://game.donga.com/122690/,naver_news,콜라,canonical,1.0,2026-05-26 11:01:39.370223+00:00,0,0,0,0,,"이 ‘도로롱’이 귤과 <b>콜라</b>(도로롱의 최애 음식 설정)를 들고 와서 “힘들게 하는 사람이 있으면 내가... 여기에 쓰레기를 줍고, 배달 알바를 하면서 겨우겨우 모은 돈으로 산 귤과 <b>콜라</b>에 기뻐하는 모습을 보고 ‘지친 내... ","{""title"": ""[동영상] 중국 ‘탕핑’ 청년들의 마음을 대변해주는 도로롱"", ""originallink"": ""https://game.donga.com/122690/"", ""link"": ""https://game.donga.com/122690/"", ""description"": ""이 ‘도로롱’이 귤과 <b>콜라</b>(도로롱의 최애 음식 설정)를 들고 와서 “힘들게 하는 사람이 있으면 내가... 여기에 쓰레기를 줍고, 배달 알바를 하면서 겨우겨우 모은 돈으로 산 귤과 <b>콜라</b>에 기뻐하는 모습을 보고 ‘지친 내... "", ""pubDate"": ""Tue, 26 May 2026 18:54:00 +0900""}",,
콜라,single_term_fallback,콜라,“힘들다” 호소했는데…강제 팔굽혀펴기 ‘가혹 행위’에 병사 근육 녹...,https://n.news.naver.com/mnews/article/009/0005685272?sid=100,2026-05-26 10:21:00+00:00,강원도 한 군부대에서 간부가 병사에게 강압적으로 팔굽혀펴기를 시켜 ‘<b>콜라</b>색 소변’을 볼 정도로 근육이... 색깔은 ‘<b>콜라</b>색’이었다. 곧장 국군포천병원으로 후송돼 진행한 혈액검사 결과 근육효소(CK... ,https://www.mk.co.kr/article/12058217,naver_news,콜라,canonical,1.0,2026-05-26 11:01:39.370223+00:00,0,0,0,0,,강원도 한 군부대에서 간부가 병사에게 강압적으로 팔굽혀펴기를 시켜 ‘<b>콜라</b>색 소변’을 볼 정도로 근육이... 색깔은 ‘<b>콜라</b>색’이었다. 곧장 국군포천병원으로 후송돼 진행한 혈액검사 결과 근육효소(CK... ,"{""title"": ""“힘들다” 호소했는데…강제 팔굽혀펴기 ‘가혹 행위’에 병사 근육 녹..."", ""originallink"": ""https://www.mk.co.kr/article/12058217"", ""link"": ""https://n.news.naver.com/mnews/article/009/0005685272?sid=100"", ""description"": ""강원도 한 군부대에서 간부가 병사에게 강압적으로 팔굽혀펴기를 시켜 ‘<b>콜라</b>색 소변’을 볼 정도로 근육이... 색깔은 ‘<b>콜라</b>색’이었다. 곧장 국군포천병원으로 후송돼 진행한 혈액검사 결과 근육효소(CK... "", ""pubDate"": ""Tue, 26 May 2026 19:21:00 +0900""}",,
콜라,single_term_fallback,콜라,&quot;너무 힘듭니다&quot; 묵살한 '100회' 팔굽혀펴기…병사 근육 녹았다,https://n.news.naver.com/mnews/article/088/0001011723?sid=102,2026-05-26 10:52:00+00:00,그날 아침부터 소변을 보지 못했던 A상병이 링거를 맞고 본 소변의 색깔은 '<b>콜라</b>색'이었다. 곧장 국군포천병원으로 후송돼 진행한 혈액검사 결과 근육효소(CK·크레아틴키나아제) 수치는 4만에 달했다. 정상 수치인 50... ,https://www.imaeil.com/page/view/2026052619393350576,naver_news,콜라,canonical,1.0,2026-05-26 11:01:39.370223+00:00,0,0,0,0,,그날 아침부터 소변을 보지 못했던 A상병이 링거를 맞고 본 소변의 색깔은 '<b>콜라</b>색'이었다. 곧장 국군포천병원으로 후송돼 진행한 혈액검사 결과 근육효소(CK·크레아틴키나아제) 수치는 4만에 달했다. 정상 수치인 50... ,"{""title"": ""&quot;너무 힘듭니다&quot; 묵살한 '100회' 팔굽혀펴기…병사 근육 녹았다"", ""originallink"": ""https://www.imaeil.com/page/view/2026052619393350576"", ""link"": ""https://n.news.naver.com/mnews/article/088/0001011723?sid=102"", ""description"": ""그날 아침부터 소변을 보지 못했던 A상병이 링거를 맞고 본 소변의 색깔은 '<b>콜라</b>색'이었다. 곧장 국군포천병원으로 후송돼 진행한 혈액검사 결과 근육효소(CK·크레아틴키나아제) 수치는 4만에 달했다. 정상 수치인 50... "", ""pubDate"": ""Tue, 26 May 2026 19:52:00 +0900""}",,
콜라,single_term_fallback,콜라,&quot;힘듭니다&quot; 호소한 병사에 팔굽혀펴기 강요… &quot;근육 녹아 내렸다&quot;,https://n.news.naver.com/mnews/article/469/0000932803?sid=102,2026-05-26 10:56:00+00:00,링거를 맞은 뒤 본 소변은 '<b>콜라</b>색'이었다. 국군포천병원 혈액검사 결과 근육 효소(CK·크레아틴키나아제) 수치는 4만U/L로 나타났다. 정상 수치인 50∼200U/L를 크게 웃도는 수준이다. 가족 요청으로 민간 대학병원에서... ,https://www.hankookilbo.com/news/article/A2026052619240003084?did=NA,naver_news,콜라,canonical,1.0,2026-05-26 11:01:39.370223+00:00,0,0,0,0,,링거를 맞은 뒤 본 소변은 '<b>콜라</b>색'이었다. 국군포천병원 혈액검사 결과 근육 효소(CK·크레아틴키나아제) 수치는 4만U/L로 나타났다. 정상 수치인 50∼200U/L를 크게 웃도는 수준이다. 가족 요청으로 민간 대학병원에서... ,"{""title"": ""&quot;힘듭니다&quot; 호소한 병사에 팔굽혀펴기 강요… &quot;근육 녹아 내렸다&quot;"", ""originallink"": ""https://www.hankookilbo.com/news/article/A2026052619240003084?did=NA"", ""link"": ""https://n.news.naver.com/mnews/article/469/0000932803?sid=102"", ""description"": ""링거를 맞은 뒤 본 소변은 '<b>콜라</b>색'이었다. 국군포천병원 혈액검사 결과 근육 효소(CK·크레아틴키나아제) 수치는 4만U/L로 나타났다. 정상 수치인 50∼200U/L를 크게 웃도는 수준이다. 가족 요청으로 민간 대학병원에서... "", ""pubDate"": ""Tue, 26 May 2026 19:56:00 +0900""}",,
