source,term,term_type,term_weight,title,url,published_at,collected_at,views,likes,comments,engagements,author,snippet,raw_payload
youtube,두쫀쿠,canonical,1.0,보랏빛으로 물든 우베 두쫀쿠😁 #청담언니 #요리하는메이크업아티스트,https://www.youtube.com/watch?v=ckGCtzSvUFU,2026-04-27T11:57:53Z,2026-05-26T05:44:58.694563+00:00,7541791,87758,642,88400,청담언니,,"{""kind"": ""youtube#video"", ""etag"": ""5-Obt7T81yOulqIElZ_6sMd4438"", ""id"": ""ckGCtzSvUFU"", ""snippet"": {""publishedAt"": ""2026-04-27T11:57:53Z"", ""channelId"": ""UCWUs7iRHBk3p0YQ85Ae7OXg"", ""title"": ""보랏빛으로 물든 우베 두쫀쿠😁 #청담언니 #요리하는메이크업아티스트"", ""description"": """", ""thumbnails"": {""default"": {""url"": ""https://i.ytimg.com/vi/ckGCtzSvUFU/default.jpg"", ""width"": 120, ""height"": 90}, ""medium"": {""url"": ""https://i.ytimg.com/vi/ckGCtzSvUFU/mqdefault.jpg"", ""width"": 320, ""height"": 180}, ""high"": {""url"": ""https://i.ytimg.com/vi/ckGCtzSvUFU/hqdefault.jpg"", ""width"": 480, ""height"": 360}, ""standard"": {""url"": ""https://i.ytimg.com/vi/ckGCtzSvUFU/sddefault.jpg"", ""width"": 640, ""height"": 480}, ""maxres"": {""url"": ""https://i.ytimg.com/vi/ckGCtzSvUFU/maxresdefault.jpg"", ""width"": 1280, ""height"": 720}}, ""channelTitle"": ""청담언니"", ""categoryId"": ""22"", ""liveBroadcastContent"": ""none"", ""defaultLanguage"": ""ko"", ""localized"": {""title"": ""보랏빛으로 물든 우베 두쫀쿠😁 #청담언니 #요리하는메이크업아티스트"", ""description"": """"}, ""defaultAudioLanguage"": ""ko""}, ""statistics"": {""viewCount"": ""7541791"", ""likeCount"": ""87758"", ""favoriteCount"": ""0"", ""commentCount"": ""642""}}"
youtube,두쫀쿠,canonical,1.0,"미국 살다 한국 오면 이렇게 돼요...(두쫀쿠, 버터떡 드디어 먹어봄!!!)",https://www.youtube.com/watch?v=dsmVYG3X4Cg,2026-05-06T10:01:06Z,2026-05-26T05:44:58.694563+00:00,597116,10807,1031,11838,푸디젠 Foodie Jen,"이번 영상은 드디어!!! 한국에서 보내는 일상 브이로그입니다! 
유행했던 것들 너무 궁금했는데 한국 도착하자마자 다 먹어봤네요ㅎㅎㅎㅎㅎㅎ

영상 중간에 소개된 제품은 브랜드측에서 이벤트 준비해주셔서
내용 아래에 함께 정리해두었습니다.
많은 참여 부탁드려요!

시간관계상 이번 영상에서는 한국에서 보낸 시간들의 아주 일부만 담았는데, 
나머지 한국 브이로그는 다음편에서 또 찾아뵐게요!!

오늘도 영상 봐주셔서 감사합니다,,,💛

———————————————————————

※ 이벤트 기간 : 5/6 ~ 5/13 (단, 일주일)

📢 푸디젠 구독자 전용! 가정의 달 한정수량 비밀 특가

행사 특가로 구매하기 👉 https://m.site.naver.com/276ZY

𝙀𝙑𝙀𝙉𝙏! 미닉스가 통 크게 쏩니다, 더플렌더MAX댓글 이벤트 (참여시간 단 30초! )

𝗦𝗧𝗘𝗣𝟭 유튜브 영상 보고 댓글 달기 (좋아요 필수!)
*미닉스 더플렌더 MAX 언급시 당첨확률 UP!

𝗦𝗧𝗘𝗣𝟮 본인 댓글 캡쳐하고 구글폼 제출하면 끝!

🎁 선물 : 미닉스 더 플렌더 MAX (1명)

🔗참여링크 : https://m.site.naver.com/277nF

※ 당첨자 선정 : 익월 30일 내 문자 발표 (미 당첨자 별도 안내 X )

📌 음식물 처리기는 미닉스!

한 뼘의 공간, 강력한 분쇄 혁신. 미닉스 '더 플렌더 MAX'

✔️ 한 뼘 크기로 공간 차지 없는 3L 대용량
✔️ 닭뼈, 전복껍데기까지 가루로 만드는 강력한 분쇄력 (3세대 블레이드)
✔️ 2세대 오토케어 시스템으로 버리고 처리 효율까지 지능형으로 케어
✔️ 일상 속 불편함 ZERO. 소음 없고 냄새 없음
✔️ 국내생산, A/S 2년 무상","{""kind"": ""youtube#video"", ""etag"": ""xhLMaV3zPmngdsXdP0oS5tUB0QA"", ""id"": ""dsmVYG3X4Cg"", ""snippet"": {""publishedAt"": ""2026-05-06T10:01:06Z"", ""channelId"": ""UClrOEuBPOU5Gg60dJ_49M-g"", ""title"": ""미국 살다 한국 오면 이렇게 돼요...(두쫀쿠, 버터떡 드디어 먹어봄!!!)"", ""description"": ""이번 영상은 드디어!!! 한국에서 보내는 일상 브이로그입니다! \n유행했던 것들 너무 궁금했는데 한국 도착하자마자 다 먹어봤네요ㅎㅎㅎㅎㅎㅎ\n\n영상 중간에 소개된 제품은 브랜드측에서 이벤트 준비해주셔서\n내용 아래에 함께 정리해두었습니다.\n많은 참여 부탁드려요!\n\n시간관계상 이번 영상에서는 한국에서 보낸 시간들의 아주 일부만 담았는데, \n나머지 한국 브이로그는 다음편에서 또 찾아뵐게요!!\n\n오늘도 영상 봐주셔서 감사합니다,,,💛\n\n———————————————————————\n\n※ 이벤트 기간 : 5/6 ~ 5/13 (단, 일주일)\n\n📢 푸디젠 구독자 전용! 가정의 달 한정수량 비밀 특가\n\n행사 특가로 구매하기 👉 https://m.site.naver.com/276ZY\n\n𝙀𝙑𝙀𝙉𝙏! 미닉스가 통 크게 쏩니다, 더플렌더MAX댓글 이벤트 (참여시간 단 30초! )\n\n𝗦𝗧𝗘𝗣𝟭 유튜브 영상 보고 댓글 달기 (좋아요 필수!)\n*미닉스 더플렌더 MAX 언급시 당첨확률 UP!\n\n𝗦𝗧𝗘𝗣𝟮 본인 댓글 캡쳐하고 구글폼 제출하면 끝!\n\n🎁 선물 : 미닉스 더 플렌더 MAX (1명)\n\n🔗참여링크 : https://m.site.naver.com/277nF\n\n※ 당첨자 선정 : 익월 30일 내 문자 발표 (미 당첨자 별도 안내 X )\n\n📌 음식물 처리기는 미닉스!\n\n한 뼘의 공간, 강력한 분쇄 혁신. 미닉스 '더 플렌더 MAX'\n\n✔️ 한 뼘 크기로 공간 차지 없는 3L 대용량\n✔️ 닭뼈, 전복껍데기까지 가루로 만드는 강력한 분쇄력 (3세대 블레이드)\n✔️ 2세대 오토케어 시스템으로 버리고 처리 효율까지 지능형으로 케어\n✔️ 일상 속 불편함 ZERO. 소음 없고 냄새 없음\n✔️ 국내생산, A/S 2년 무상"", ""thumbnails"": {""default"": {""url"": ""https://i.ytimg.com/vi/dsmVYG3X4Cg/default.jpg"", ""width"": 120, ""height"": 90}, ""medium"": {""url"": ""https://i.ytimg.com/vi/dsmVYG3X4Cg/mqdefault.jpg"", ""width"": 320, ""height"": 180}, ""high"": {""url"": ""https://i.ytimg.com/vi/dsmVYG3X4Cg/hqdefault.jpg"", ""width"": 480, ""height"": 360}, ""standard"": {""url"": ""https://i.ytimg.com/vi/dsmVYG3X4Cg/sddefault.jpg"", ""width"": 640, ""height"": 480}, ""maxres"": {""url"": ""https://i.ytimg.com/vi/dsmVYG3X4Cg/maxresdefault.jpg"", ""width"": 1280, ""height"": 720}}, ""channelTitle"": ""푸디젠 Foodie Jen"", ""tags"": [""#한국브이로그"", ""#브이로그"", ""#일상브이로그"", ""#먹방"", ""#먹방브이로그"", ""#한국먹방"", ""#먹방유튜버"", ""#요즘유행"", ""#한국핫플"", ""#핫플레이스"", ""#맛집투어"", ""#한국맛집"", ""#길거리음식"", ""#집밥"", ""#간단요리"", ""#요리브이로그"", ""#신상먹방"", ""#유행먹방"", ""#두쫀쿠"", ""#디저트먹방"", ""#카페투어"", ""#카페브이로그"", ""#디저트투어"", ""#한국여행"", ""#서울브이로그"", ""#여행브이로그"", ""#먹방추천"", ""#맛집추천"", ""#핫한음식"", ""#리얼먹방"", ""#일상기록"", ""#육아브이로그"", ""#엄마브이로그"", ""#육아일상"", ""#힐링브이로그"", ""#소소한일상"", ""#일상공유"", ""#조회수폭발"", ""#인기영상"", ""#유튜브추천"", ""#오늘의영상"", ""#핫한영상"", ""#트렌드"", ""#유행"", ""#맛집브이로그"", ""#디저트맛집"", ""#간식추천"", ""#먹부림"", ""#폭식브이로그"", ""#야식추천"", ""#야식먹방"", ""#야식브이로그"", ""#혼밥"", ""#혼밥브이로그"", ""#간편요리"", ""#집콕요리"", ""#집콕일상"", ""#자취요리"", ""#자취일상"", ""#요리기록"", ""#맛집탐방"", ""#핫플투어"", ""#서울맛집"", ""#서울핫플"", ""#디저트추천"", ""#카페추천"", ""#카페맛집"", ""#먹방일상"", ""#일상먹방"", ""#오늘뭐먹지""], ""categoryId"": ""22"", ""liveBroadcastContent"": ""none"", ""defaultLanguage"": ""ko"", ""localized"": {""title"": ""미국 살다 한국 오면 이렇게 돼요...(두쫀쿠, 버터떡 드디어 먹어봄!!!)"", ""description"": ""이번 영상은 드디어!!! 한국에서 보내는 일상 브이로그입니다! \n유행했던 것들 너무 궁금했는데 한국 도착하자마자 다 먹어봤네요ㅎㅎㅎㅎㅎㅎ\n\n영상 중간에 소개된 제품은 브랜드측에서 이벤트 준비해주셔서\n내용 아래에 함께 정리해두었습니다.\n많은 참여 부탁드려요!\n\n시간관계상 이번 영상에서는 한국에서 보낸 시간들의 아주 일부만 담았는데, \n나머지 한국 브이로그는 다음편에서 또 찾아뵐게요!!\n\n오늘도 영상 봐주셔서 감사합니다,,,💛\n\n———————————————————————\n\n※ 이벤트 기간 : 5/6 ~ 5/13 (단, 일주일)\n\n📢 푸디젠 구독자 전용! 가정의 달 한정수량 비밀 특가\n\n행사 특가로 구매하기 👉 https://m.site.naver.com/276ZY\n\n𝙀𝙑𝙀𝙉𝙏! 미닉스가 통 크게 쏩니다, 더플렌더MAX댓글 이벤트 (참여시간 단 30초! )\n\n𝗦𝗧𝗘𝗣𝟭 유튜브 영상 보고 댓글 달기 (좋아요 필수!)\n*미닉스 더플렌더 MAX 언급시 당첨확률 UP!\n\n𝗦𝗧𝗘𝗣𝟮 본인 댓글 캡쳐하고 구글폼 제출하면 끝!\n\n🎁 선물 : 미닉스 더 플렌더 MAX (1명)\n\n🔗참여링크 : https://m.site.naver.com/277nF\n\n※ 당첨자 선정 : 익월 30일 내 문자 발표 (미 당첨자 별도 안내 X )\n\n📌 음식물 처리기는 미닉스!\n\n한 뼘의 공간, 강력한 분쇄 혁신. 미닉스 '더 플렌더 MAX'\n\n✔️ 한 뼘 크기로 공간 차지 없는 3L 대용량\n✔️ 닭뼈, 전복껍데기까지 가루로 만드는 강력한 분쇄력 (3세대 블레이드)\n✔️ 2세대 오토케어 시스템으로 버리고 처리 효율까지 지능형으로 케어\n✔️ 일상 속 불편함 ZERO. 소음 없고 냄새 없음\n✔️ 국내생산, A/S 2년 무상""}, ""defaultAudioLanguage"": ""ko""}, ""statistics"": {""viewCount"": ""597116"", ""likeCount"": ""10807"", ""favoriteCount"": ""0"", ""commentCount"": ""1031""}}"
youtube,두쫀쿠,canonical,1.0,어린 아들의 대처로 목숨을 구한 엄마,https://www.youtube.com/watch?v=k1F-EuE_gow,2026-05-16T08:50:00Z,2026-05-26T05:44:58.694563+00:00,1022419,16076,126,16202,두쫀쿠 중독자,,"{""kind"": ""youtube#video"", ""etag"": ""_wF30t_fcY8SZYnQal0o4fuo-v8"", ""id"": ""k1F-EuE_gow"", ""snippet"": {""publishedAt"": ""2026-05-16T08:50:00Z"", ""channelId"": ""UCLKuIxaESvLe0jY-4T3JvlA"", ""title"": ""어린 아들의 대처로 목숨을 구한 엄마"", ""description"": """", ""thumbnails"": {""default"": {""url"": ""https://i.ytimg.com/vi/k1F-EuE_gow/default.jpg"", ""width"": 120, ""height"": 90}, ""medium"": {""url"": ""https://i.ytimg.com/vi/k1F-EuE_gow/mqdefault.jpg"", ""width"": 320, ""height"": 180}, ""high"": {""url"": ""https://i.ytimg.com/vi/k1F-EuE_gow/hqdefault.jpg"", ""width"": 480, ""height"": 360}, ""standard"": {""url"": ""https://i.ytimg.com/vi/k1F-EuE_gow/sddefault.jpg"", ""width"": 640, ""height"": 480}, ""maxres"": {""url"": ""https://i.ytimg.com/vi/k1F-EuE_gow/maxresdefault.jpg"", ""width"": 1280, ""height"": 720}}, ""channelTitle"": ""두쫀쿠 중독자"", ""categoryId"": ""22"", ""liveBroadcastContent"": ""none"", ""defaultLanguage"": ""ko"", ""localized"": {""title"": ""어린 아들의 대처로 목숨을 구한 엄마"", ""description"": """"}}, ""statistics"": {""viewCount"": ""1022419"", ""likeCount"": ""16076"", ""favoriteCount"": ""0"", ""commentCount"": ""126""}}"
youtube,두쫀쿠,canonical,1.0,유행 끝난 두쫀쿠는 과연? [베이킹 도전기 28일 차],https://www.youtube.com/watch?v=nBhZmemcRsU,2026-05-19T15:56:57Z,2026-05-26T05:44:58.694563+00:00,1058590,11539,177,11716,요리에 진심인 편,,"{""kind"": ""youtube#video"", ""etag"": ""5P4-inNZn6rK2uir8No0CHqT78M"", ""id"": ""nBhZmemcRsU"", ""snippet"": {""publishedAt"": ""2026-05-19T15:56:57Z"", ""channelId"": ""UCUgp8Lli-2w9AQ0cXEqgxpg"", ""title"": ""유행 끝난 두쫀쿠는 과연? [베이킹 도전기 28일 차]"", ""description"": """", ""thumbnails"": {""default"": {""url"": ""https://i.ytimg.com/vi/nBhZmemcRsU/default.jpg"", ""width"": 120, ""height"": 90}, ""medium"": {""url"": ""https://i.ytimg.com/vi/nBhZmemcRsU/mqdefault.jpg"", ""width"": 320, ""height"": 180}, ""high"": {""url"": ""https://i.ytimg.com/vi/nBhZmemcRsU/hqdefault.jpg"", ""width"": 480, ""height"": 360}, ""standard"": {""url"": ""https://i.ytimg.com/vi/nBhZmemcRsU/sddefault.jpg"", ""width"": 640, ""height"": 480}, ""maxres"": {""url"": ""https://i.ytimg.com/vi/nBhZmemcRsU/maxresdefault.jpg"", ""width"": 1280, ""height"": 720}}, ""channelTitle"": ""요리에 진심인 편"", ""categoryId"": ""26"", ""liveBroadcastContent"": ""none"", ""defaultLanguage"": ""ko"", ""localized"": {""title"": ""유행 끝난 두쫀쿠는 과연? [베이킹 도전기 28일 차]"", ""description"": """"}, ""defaultAudioLanguage"": ""ko""}, ""statistics"": {""viewCount"": ""1058590"", ""likeCount"": ""11539"", ""favoriteCount"": ""0"", ""commentCount"": ""177""}}"
youtube,두쫀쿠,canonical,1.0,'저 전문직 집안 사람인데...' 본인의 이상형이 없자 결국엔 촬영 중단까지? l #돌싱N모솔 l #MBCevery1 l EP.4,https://www.youtube.com/watch?v=JtB6PhIZsIM,2026-05-05T14:00:29Z,2026-05-26T05:44:58.694563+00:00,393181,2198,2055,4253,MBC every1,"▶ 숨겨진 재력부터 커리어까지! 돌싱녀들의 화려한 반전 정체는? 
▶ ＂기분이 나쁘네요＂ 모솔남의 돌발 행동! 급기야 제작진까지 긴급 투입되는데... 
▶ 어떡하죠 내 심장이 고장 났나 봐♪ 인생 첫 스킨십에 버퍼링 걸린 모솔남 
▶ 만난 지 이틀 만에 ＂00까지 줄 수 있어요＂ 현장을 초토화한 충격 발언! 
▶ 자녀가 셋이어도 OK! 돌싱녀 한정 ‘OK맨’의 노 브레이크 직진

#돌싱N모솔 #돌싱 #모솔 #연프 #연애리얼리티 #채정안 #김풍 #넉살 #낙화유수 #조지 #현무 #맹꽁이 #수금지화목토천해명 #루키 #핑퐁 #카멜리아 #순무 #서울쥐 #두쫀쿠 #불나방 #연애기숙학교 #연애 #결혼 #이혼 #첫사랑 #끝사랑 #엠비씨에브리원 #MBCevery1

♥시간 순삭 꿀잼 영상!! 구독하고 챙겨보기♥
 https://bit.ly/3WwT2El
 
 --------------------------------------------------------------
 ☆KPOP 영상이 보고싶다면??!☆
ALL THE K-POP 보러 가기 : https://bit.ly/3NJTqeG
✅ 비즈니스 문의 : youtube@mbcplus.com","{""kind"": ""youtube#video"", ""etag"": ""OpqioViVpQA9GF5jO8xyEMFyP3A"", ""id"": ""JtB6PhIZsIM"", ""snippet"": {""publishedAt"": ""2026-05-05T14:00:29Z"", ""channelId"": ""UC-VbFgagk6GJGDJgRQIMpZw"", ""title"": ""'저 전문직 집안 사람인데...' 본인의 이상형이 없자 결국엔 촬영 중단까지? l #돌싱N모솔 l #MBCevery1 l EP.4"", ""description"": ""▶ 숨겨진 재력부터 커리어까지! 돌싱녀들의 화려한 반전 정체는? \n▶ ＂기분이 나쁘네요＂ 모솔남의 돌발 행동! 급기야 제작진까지 긴급 투입되는데... \n▶ 어떡하죠 내 심장이 고장 났나 봐♪ 인생 첫 스킨십에 버퍼링 걸린 모솔남 \n▶ 만난 지 이틀 만에 ＂00까지 줄 수 있어요＂ 현장을 초토화한 충격 발언! \n▶ 자녀가 셋이어도 OK! 돌싱녀 한정 ‘OK맨’의 노 브레이크 직진\n\n#돌싱N모솔 #돌싱 #모솔 #연프 #연애리얼리티 #채정안 #김풍 #넉살 #낙화유수 #조지 #현무 #맹꽁이 #수금지화목토천해명 #루키 #핑퐁 #카멜리아 #순무 #서울쥐 #두쫀쿠 #불나방 #연애기숙학교 #연애 #결혼 #이혼 #첫사랑 #끝사랑 #엠비씨에브리원 #MBCevery1\n\n♥시간 순삭 꿀잼 영상!! 구독하고 챙겨보기♥\n https://bit.ly/3WwT2El\n \n --------------------------------------------------------------\n ☆KPOP 영상이 보고싶다면??!☆\nALL THE K-POP 보러 가기 : https://bit.ly/3NJTqeG\n✅ 비즈니스 문의 : youtube@mbcplus.com"", ""thumbnails"": {""default"": {""url"": ""https://i.ytimg.com/vi/JtB6PhIZsIM/default.jpg"", ""width"": 120, ""height"": 90}, ""medium"": {""url"": ""https://i.ytimg.com/vi/JtB6PhIZsIM/mqdefault.jpg"", ""width"": 320, ""height"": 180}, ""high"": {""url"": ""https://i.ytimg.com/vi/JtB6PhIZsIM/hqdefault.jpg"", ""width"": 480, ""height"": 360}, ""standard"": {""url"": ""https://i.ytimg.com/vi/JtB6PhIZsIM/sddefault.jpg"", ""width"": 640, ""height"": 480}, ""maxres"": {""url"": ""https://i.ytimg.com/vi/JtB6PhIZsIM/maxresdefault.jpg"", ""width"": 1280, ""height"": 720}}, ""channelTitle"": ""MBC every1"", ""tags"": [""돌싱N모솔"", ""돌싱모솔"", ""돌싱"", ""모솔"", ""연프"", ""연애리얼리티"", ""채정안"", ""김풍"", ""넉살"", ""낙화유수"", ""조지"", ""현무"", ""맹꽁이"", ""수금지화목토천해명"", ""루키"", ""핑퐁"", ""카멜리아"", ""순무"", ""서울쥐"", ""두쫀쿠"", ""불나방"", ""연애기숙학교"", ""연애"", ""결혼"", ""이혼"", ""첫사랑"", ""끝사랑"", ""엠비씨에브리원"", ""MBCevery1""], ""categoryId"": ""24"", ""liveBroadcastContent"": ""none"", ""defaultLanguage"": ""ko"", ""localized"": {""title"": ""'저 전문직 집안 사람인데...' 본인의 이상형이 없자 결국엔 촬영 중단까지? l #돌싱N모솔 l #MBCevery1 l EP.4"", ""description"": ""▶ 숨겨진 재력부터 커리어까지! 돌싱녀들의 화려한 반전 정체는? \n▶ ＂기분이 나쁘네요＂ 모솔남의 돌발 행동! 급기야 제작진까지 긴급 투입되는데... \n▶ 어떡하죠 내 심장이 고장 났나 봐♪ 인생 첫 스킨십에 버퍼링 걸린 모솔남 \n▶ 만난 지 이틀 만에 ＂00까지 줄 수 있어요＂ 현장을 초토화한 충격 발언! \n▶ 자녀가 셋이어도 OK! 돌싱녀 한정 ‘OK맨’의 노 브레이크 직진\n\n#돌싱N모솔 #돌싱 #모솔 #연프 #연애리얼리티 #채정안 #김풍 #넉살 #낙화유수 #조지 #현무 #맹꽁이 #수금지화목토천해명 #루키 #핑퐁 #카멜리아 #순무 #서울쥐 #두쫀쿠 #불나방 #연애기숙학교 #연애 #결혼 #이혼 #첫사랑 #끝사랑 #엠비씨에브리원 #MBCevery1\n\n♥시간 순삭 꿀잼 영상!! 구독하고 챙겨보기♥\n https://bit.ly/3WwT2El\n \n --------------------------------------------------------------\n ☆KPOP 영상이 보고싶다면??!☆\nALL THE K-POP 보러 가기 : https://bit.ly/3NJTqeG\n✅ 비즈니스 문의 : youtube@mbcplus.com""}, ""defaultAudioLanguage"": ""ko""}, ""statistics"": {""viewCount"": ""393181"", ""likeCount"": ""2198"", ""favoriteCount"": ""0"", ""commentCount"": ""2055""}}"
youtube,두쫀쿠,canonical,1.0,"그 많던 두쫀쿠는 어디로 갔을까, 50초 안에 설명하기",https://www.youtube.com/watch?v=HHR6AWMVJS4,2026-05-12T22:00:16Z,2026-05-26T05:44:58.694563+00:00,488865,26636,802,27438,꽉TV,,"{""kind"": ""youtube#video"", ""etag"": ""J5ViwfyMgoJCYa4Q9WreSSSBSb8"", ""id"": ""HHR6AWMVJS4"", ""snippet"": {""publishedAt"": ""2026-05-12T22:00:16Z"", ""channelId"": ""UC9-FOv67-03WMjbPApziPwQ"", ""title"": ""그 많던 두쫀쿠는 어디로 갔을까, 50초 안에 설명하기"", ""description"": """", ""thumbnails"": {""default"": {""url"": ""https://i.ytimg.com/vi/HHR6AWMVJS4/default.jpg"", ""width"": 120, ""height"": 90}, ""medium"": {""url"": ""https://i.ytimg.com/vi/HHR6AWMVJS4/mqdefault.jpg"", ""width"": 320, ""height"": 180}, ""high"": {""url"": ""https://i.ytimg.com/vi/HHR6AWMVJS4/hqdefault.jpg"", ""width"": 480, ""height"": 360}, ""standard"": {""url"": ""https://i.ytimg.com/vi/HHR6AWMVJS4/sddefault.jpg"", ""width"": 640, ""height"": 480}, ""maxres"": {""url"": ""https://i.ytimg.com/vi/HHR6AWMVJS4/maxresdefault.jpg"", ""width"": 1280, ""height"": 720}}, ""channelTitle"": ""꽉TV"", ""categoryId"": ""22"", ""liveBroadcastContent"": ""none"", ""defaultLanguage"": ""ko"", ""localized"": {""title"": ""그 많던 두쫀쿠는 어디로 갔을까, 50초 안에 설명하기"", ""description"": """"}, ""defaultAudioLanguage"": ""ko""}, ""statistics"": {""viewCount"": ""488865"", ""likeCount"": ""26636"", ""favoriteCount"": ""0"", ""commentCount"": ""802""}}"
youtube,두쫀쿠,canonical,1.0,먹방브이로그) 아직도 두쫀쿠세상에 갇혀 김치항정파스타와 초코바게트와 창억떡을 먹는 중🙂‍↔️(로제엽떡새우강정/두바이맘모스/배떡로제떡볶이bbq 황금올리브 자메이카 먹방+디저트먹방,https://www.youtube.com/watch?v=rTT_T814ucU,2026-05-01T08:01:04Z,2026-05-26T05:44:58.694563+00:00,308685,2509,181,2690,가오니의 메뉴판GAONI,"*화질 설정 후 감상해주세요*

0:00 직접만든 김치항정파스타에🔥 닭강정!
5:22 [하이몬드] 동네빵집에 창억떡까지!!!🍡🥖🍫🍪
11:31 베라 두바이 아이스크림 맛있음!!! 두쫀쿠도
15:30 돈까스 쌓아두고 퍼묵기
19:09 로제엽떡에 [닭강정아] 새우강정🍤
23:55 [손수베이커리] 뽀또 땅콩 두바이 맘모스!!!맛집
28:00 [배떡] 로제떡볶이에 비비큐 황올+자메이카까지!!!!

메일💌 gaonii51030@gmail.com
키/몸무게 168/ 63.?몰라유
인스타🌟onii_g51

[출처]
Song : 샛별 - 모여주라..동물의 숲 /    • 모여주라..동물의 숲 (Royalty Free Music) | 모동...  https://youtu.be/9CdA8CdixU8?si=YiqRw7Zc7jogbkfk
[Playlist] #24 Summer Piano!|작성자 오늘의 일기 Oneul https://youtu.be/Sail0squu4Y?si=vq0Ignzmwa2u8tNw

🎵Music provided by 브금대통령

🎵Track :폴짝폴짝 -   

 • [기분 좋아지는 귀여운음악] 폴짝폴짝🐶  

🎵Track : Quiz Time -   

 • [재미있는 상황브금] Quiz Time | 알쏭달쏭한 브금  

🎵 Track : 둠칫 -   

 • [귀여운 음악] 둠칫 | 일상영상에 어울리는 음악  
🎵Track : Jellybean Splendor -    • [Royalty Free Music] Jellybean Splendor (귀...  
🎵Track : Happy Things -    • [행복한 귀요미음악] Happy Things 💕 | 행복한 상상  
🎵Track : Kitty Walk -    • [귀여운 고양이브금] Kitty Walk  
🎵Track : 치즈조각 -    • [차분하고 귀여운음악] 치즈조각 | 멍 때리는 따분함과 귀여움 그사이  
🎵Track : 우당탕탕 강아지들 -    • [동물브금] 우당탕탕 강아지들 | 밝음→졸림→골때림→밝음  
🎵Track : Troublemaker -    • 말썽의 전조  
🎵Track : 슬라임의 모험 -    • [8bit 코믹한 음악] 슬라임의 모험 | 자! 떠나볼까?  
🎵Track : 용감한 햄스터 -    • [귀여운브금] 용감한 햄스터 | 애니에서 귀여운 장면에 나오는 스타일  
🎵Track : 냥냥한 느낌 -    • [귀여운브금] 냥냥한 느낌 | 캐쥬얼 게임음악 같달까요  
🎵Track : Toy Blocks -    • [플라스틱같은 귀여운음악] Toy Blocks | 캐쥬얼게임음악 같...  
https://youtu.be/RddUQhxDrHg?si=Pmvidp0B8ImvmWB-
🎵Track : My Small Village -    • [동물의 숲 느낌 귀여운 음악] My Small Village | ...  
https://youtu.be/oohTPr_v9sU?si=bRtZqo9Y69EcQC_0
🎵Track : 말캉말캉한 BGM Playlist -    • [Playlist] 말캉말캉한 BGM Playlist | 어쩌면 몽...  
https://youtu.be/cXLfRwSkwVQ?si=FfruGDZymVvTmWeH
🎵Track : Favorite Food -   
 • [소소하게 귀여운음악] Favorite Food | 좋아 하는거 먹...  
https://youtu.be/DaPH03tAPs4?si=BImk_RzLqelHQzJq
🎵Track : FAIL -   

 • [장난스럽고 재미있는 음악] FAIL | 웃긴 상황에 쓰기 좋음😅  
https://youtu.be/h4DKi2eUnH8?si=bUkB3BVtDMOU_k3t
🎵Track : Favorite Food -   
 • [소소하게 귀여운음악] Favorite Food | 좋아 하는거 먹...  
https://youtu.be/DaPH03tAPs4?si=eqsQZZkfpqGT9OqX
🎵Track : 갸우뚱 -   [너처럼 귀여운음악] 갸우뚱 | 어? 귀...  
https://youtu.be/w1qbEToZXNg?si=6JRPAJba_COpaKez
🎵Track : 맛있는 도넛 - https://youtu.be/jGegUU9e4PM
🎵Track : 개껌 발견 - https://youtu.be/ddHPZ_Ys0Sc
🎵Track : 어리둥절해 - 
 • [고양이처럼 귀여운음악] 어리둥절해 | 응?😳  https://youtu.be/5cgMAYRky5A?si=hTyVbxVzsLOAHC-f
🎵Track : 바보브금 - 
 • 바보브금  https://youtu.be/-_Vc-fl4TX8?si=Y9ilu6srX9HgqgKN

🎵Track : 펭귄의 하루 -   
 • [펭귄만큼 귀여운음악] 펭귄의 하루 | 내 하루를 길고 외로와~ 🐧  
https://youtu.be/urk4Y8FgS3o?si=FFn5YS6HR-qLxYfI
🎵Track : Under The Sea -  
 • [니모처럼 귀여운음악] Under The Sea | 인어공주를 만날... 
https://youtu.be/dy2VXSIQ_2g?si=z_x_JsuDbuCOTFeR
🎵Track : 내가 그랬어 -    • [황당한 상황 브금] 내가 그랬어 | 너...  https://youtu.be/QKBh2YehfGM?si=R0tjVOuiZhhc4t04
🎵Track : 수사반장 2 -   • [재밌는 음악]  수사반장 2 | BGM...  
https://youtu.be/4HUKLcinlC8?si=KutvOKhqYWmvOtj","{""kind"": ""youtube#video"", ""etag"": ""AOyJKX92txK3xKK3X9VE-uBGkV4"", ""id"": ""rTT_T814ucU"", ""snippet"": {""publishedAt"": ""2026-05-01T08:01:04Z"", ""channelId"": ""UCJ66AvaHJ2pHD_-AyUailuQ"", ""title"": ""먹방브이로그) 아직도 두쫀쿠세상에 갇혀 김치항정파스타와 초코바게트와 창억떡을 먹는 중🙂‍↔️(로제엽떡새우강정/두바이맘모스/배떡로제떡볶이bbq 황금올리브 자메이카 먹방+디저트먹방"", ""description"": ""*화질 설정 후 감상해주세요*\n\n0:00 직접만든 김치항정파스타에🔥 닭강정!\n5:22 [하이몬드] 동네빵집에 창억떡까지!!!🍡🥖🍫🍪\n11:31 베라 두바이 아이스크림 맛있음!!! 두쫀쿠도\n15:30 돈까스 쌓아두고 퍼묵기\n19:09 로제엽떡에 [닭강정아] 새우강정🍤\n23:55 [손수베이커리] 뽀또 땅콩 두바이 맘모스!!!맛집\n28:00 [배떡] 로제떡볶이에 비비큐 황올+자메이카까지!!!!\n\n메일💌 gaonii51030@gmail.com\n키/몸무게 168/ 63.?몰라유\n인스타🌟onii_g51\n\n[출처]\nSong : 샛별 - 모여주라..동물의 숲 /    • 모여주라..동물의 숲 (Royalty Free Music) | 모동...  https://youtu.be/9CdA8CdixU8?si=YiqRw7Zc7jogbkfk\n[Playlist] #24 Summer Piano!|작성자 오늘의 일기 Oneul https://youtu.be/Sail0squu4Y?si=vq0Ignzmwa2u8tNw\n\n🎵Music provided by 브금대통령\n\n🎵Track :폴짝폴짝 -   \n\n • [기분 좋아지는 귀여운음악] 폴짝폴짝🐶  \n\n🎵Track : Quiz Time -   \n\n • [재미있는 상황브금] Quiz Time | 알쏭달쏭한 브금  \n\n🎵 Track : 둠칫 -   \n\n • [귀여운 음악] 둠칫 | 일상영상에 어울리는 음악  \n🎵Track : Jellybean Splendor -    • [Royalty Free Music] Jellybean Splendor (귀...  \n🎵Track : Happy Things -    • [행복한 귀요미음악] Happy Things 💕 | 행복한 상상  \n🎵Track : Kitty Walk -    • [귀여운 고양이브금] Kitty Walk  \n🎵Track : 치즈조각 -    • [차분하고 귀여운음악] 치즈조각 | 멍 때리는 따분함과 귀여움 그사이  \n🎵Track : 우당탕탕 강아지들 -    • [동물브금] 우당탕탕 강아지들 | 밝음→졸림→골때림→밝음  \n🎵Track : Troublemaker -    • 말썽의 전조  \n🎵Track : 슬라임의 모험 -    • [8bit 코믹한 음악] 슬라임의 모험 | 자! 떠나볼까?  \n🎵Track : 용감한 햄스터 -    • [귀여운브금] 용감한 햄스터 | 애니에서 귀여운 장면에 나오는 스타일  \n🎵Track : 냥냥한 느낌 -    • [귀여운브금] 냥냥한 느낌 | 캐쥬얼 게임음악 같달까요  \n🎵Track : Toy Blocks -    • [플라스틱같은 귀여운음악] Toy Blocks | 캐쥬얼게임음악 같...  \nhttps://youtu.be/RddUQhxDrHg?si=Pmvidp0B8ImvmWB-\n🎵Track : My Small Village -    • [동물의 숲 느낌 귀여운 음악] My Small Village | ...  \nhttps://youtu.be/oohTPr_v9sU?si=bRtZqo9Y69EcQC_0\n🎵Track : 말캉말캉한 BGM Playlist -    • [Playlist] 말캉말캉한 BGM Playlist | 어쩌면 몽...  \nhttps://youtu.be/cXLfRwSkwVQ?si=FfruGDZymVvTmWeH\n🎵Track : Favorite Food -   \n • [소소하게 귀여운음악] Favorite Food | 좋아 하는거 먹...  \nhttps://youtu.be/DaPH03tAPs4?si=BImk_RzLqelHQzJq\n🎵Track : FAIL -   \n\n • [장난스럽고 재미있는 음악] FAIL | 웃긴 상황에 쓰기 좋음😅  \nhttps://youtu.be/h4DKi2eUnH8?si=bUkB3BVtDMOU_k3t\n🎵Track : Favorite Food -   \n • [소소하게 귀여운음악] Favorite Food | 좋아 하는거 먹...  \nhttps://youtu.be/DaPH03tAPs4?si=eqsQZZkfpqGT9OqX\n🎵Track : 갸우뚱 -   [너처럼 귀여운음악] 갸우뚱 | 어? 귀...  \nhttps://youtu.be/w1qbEToZXNg?si=6JRPAJba_COpaKez\n🎵Track : 맛있는 도넛 - https://youtu.be/jGegUU9e4PM\n🎵Track : 개껌 발견 - https://youtu.be/ddHPZ_Ys0Sc\n🎵Track : 어리둥절해 - \n • [고양이처럼 귀여운음악] 어리둥절해 | 응?😳  https://youtu.be/5cgMAYRky5A?si=hTyVbxVzsLOAHC-f\n🎵Track : 바보브금 - \n • 바보브금  https://youtu.be/-_Vc-fl4TX8?si=Y9ilu6srX9HgqgKN\n\n🎵Track : 펭귄의 하루 -   \n • [펭귄만큼 귀여운음악] 펭귄의 하루 | 내 하루를 길고 외로와~ 🐧  \nhttps://youtu.be/urk4Y8FgS3o?si=FFn5YS6HR-qLxYfI\n🎵Track : Under The Sea -  \n • [니모처럼 귀여운음악] Under The Sea | 인어공주를 만날... \nhttps://youtu.be/dy2VXSIQ_2g?si=z_x_JsuDbuCOTFeR\n🎵Track : 내가 그랬어 -    • [황당한 상황 브금] 내가 그랬어 | 너...  https://youtu.be/QKBh2YehfGM?si=R0tjVOuiZhhc4t04\n🎵Track : 수사반장 2 -   • [재밌는 음악]  수사반장 2 | BGM...  \nhttps://youtu.be/4HUKLcinlC8?si=KutvOKhqYWmvOtj"", ""thumbnails"": {""default"": {""url"": ""https://i.ytimg.com/vi/rTT_T814ucU/default.jpg"", ""width"": 120, ""height"": 90}, ""medium"": {""url"": ""https://i.ytimg.com/vi/rTT_T814ucU/mqdefault.jpg"", ""width"": 320, ""height"": 180}, ""high"": {""url"": ""https://i.ytimg.com/vi/rTT_T814ucU/hqdefault.jpg"", ""width"": 480, ""height"": 360}, ""standard"": {""url"": ""https://i.ytimg.com/vi/rTT_T814ucU/sddefault.jpg"", ""width"": 640, ""height"": 480}, ""maxres"": {""url"": ""https://i.ytimg.com/vi/rTT_T814ucU/maxresdefault.jpg"", ""width"": 1280, ""height"": 720}}, ""channelTitle"": ""가오니의 메뉴판GAONI"", ""tags"": [""먹방"", ""디저트먹방"", ""폭식브이로그"", ""다이어트브이로그"", ""가오니"", ""가오니의메뉴"", ""엽떡먹방""], ""categoryId"": ""24"", ""liveBroadcastContent"": ""none"", ""defaultLanguage"": ""ko"", ""localized"": {""title"": ""먹방브이로그) 아직도 두쫀쿠세상에 갇혀 김치항정파스타와 초코바게트와 창억떡을 먹는 중🙂‍↔️(로제엽떡새우강정/두바이맘모스/배떡로제떡볶이bbq 황금올리브 자메이카 먹방+디저트먹방"", ""description"": ""*화질 설정 후 감상해주세요*\n\n0:00 직접만든 김치항정파스타에🔥 닭강정!\n5:22 [하이몬드] 동네빵집에 창억떡까지!!!🍡🥖🍫🍪\n11:31 베라 두바이 아이스크림 맛있음!!! 두쫀쿠도\n15:30 돈까스 쌓아두고 퍼묵기\n19:09 로제엽떡에 [닭강정아] 새우강정🍤\n23:55 [손수베이커리] 뽀또 땅콩 두바이 맘모스!!!맛집\n28:00 [배떡] 로제떡볶이에 비비큐 황올+자메이카까지!!!!\n\n메일💌 gaonii51030@gmail.com\n키/몸무게 168/ 63.?몰라유\n인스타🌟onii_g51\n\n[출처]\nSong : 샛별 - 모여주라..동물의 숲 /    • 모여주라..동물의 숲 (Royalty Free Music) | 모동...  https://youtu.be/9CdA8CdixU8?si=YiqRw7Zc7jogbkfk\n[Playlist] #24 Summer Piano!|작성자 오늘의 일기 Oneul https://youtu.be/Sail0squu4Y?si=vq0Ignzmwa2u8tNw\n\n🎵Music provided by 브금대통령\n\n🎵Track :폴짝폴짝 -   \n\n • [기분 좋아지는 귀여운음악] 폴짝폴짝🐶  \n\n🎵Track : Quiz Time -   \n\n • [재미있는 상황브금] Quiz Time | 알쏭달쏭한 브금  \n\n🎵 Track : 둠칫 -   \n\n • [귀여운 음악] 둠칫 | 일상영상에 어울리는 음악  \n🎵Track : Jellybean Splendor -    • [Royalty Free Music] Jellybean Splendor (귀...  \n🎵Track : Happy Things -    • [행복한 귀요미음악] Happy Things 💕 | 행복한 상상  \n🎵Track : Kitty Walk -    • [귀여운 고양이브금] Kitty Walk  \n🎵Track : 치즈조각 -    • [차분하고 귀여운음악] 치즈조각 | 멍 때리는 따분함과 귀여움 그사이  \n🎵Track : 우당탕탕 강아지들 -    • [동물브금] 우당탕탕 강아지들 | 밝음→졸림→골때림→밝음  \n🎵Track : Troublemaker -    • 말썽의 전조  \n🎵Track : 슬라임의 모험 -    • [8bit 코믹한 음악] 슬라임의 모험 | 자! 떠나볼까?  \n🎵Track : 용감한 햄스터 -    • [귀여운브금] 용감한 햄스터 | 애니에서 귀여운 장면에 나오는 스타일  \n🎵Track : 냥냥한 느낌 -    • [귀여운브금] 냥냥한 느낌 | 캐쥬얼 게임음악 같달까요  \n🎵Track : Toy Blocks -    • [플라스틱같은 귀여운음악] Toy Blocks | 캐쥬얼게임음악 같...  \nhttps://youtu.be/RddUQhxDrHg?si=Pmvidp0B8ImvmWB-\n🎵Track : My Small Village -    • [동물의 숲 느낌 귀여운 음악] My Small Village | ...  \nhttps://youtu.be/oohTPr_v9sU?si=bRtZqo9Y69EcQC_0\n🎵Track : 말캉말캉한 BGM Playlist -    • [Playlist] 말캉말캉한 BGM Playlist | 어쩌면 몽...  \nhttps://youtu.be/cXLfRwSkwVQ?si=FfruGDZymVvTmWeH\n🎵Track : Favorite Food -   \n • [소소하게 귀여운음악] Favorite Food | 좋아 하는거 먹...  \nhttps://youtu.be/DaPH03tAPs4?si=BImk_RzLqelHQzJq\n🎵Track : FAIL -   \n\n • [장난스럽고 재미있는 음악] FAIL | 웃긴 상황에 쓰기 좋음😅  \nhttps://youtu.be/h4DKi2eUnH8?si=bUkB3BVtDMOU_k3t\n🎵Track : Favorite Food -   \n • [소소하게 귀여운음악] Favorite Food | 좋아 하는거 먹...  \nhttps://youtu.be/DaPH03tAPs4?si=eqsQZZkfpqGT9OqX\n🎵Track : 갸우뚱 -   [너처럼 귀여운음악] 갸우뚱 | 어? 귀...  \nhttps://youtu.be/w1qbEToZXNg?si=6JRPAJba_COpaKez\n🎵Track : 맛있는 도넛 - https://youtu.be/jGegUU9e4PM\n🎵Track : 개껌 발견 - https://youtu.be/ddHPZ_Ys0Sc\n🎵Track : 어리둥절해 - \n • [고양이처럼 귀여운음악] 어리둥절해 | 응?😳  https://youtu.be/5cgMAYRky5A?si=hTyVbxVzsLOAHC-f\n🎵Track : 바보브금 - \n • 바보브금  https://youtu.be/-_Vc-fl4TX8?si=Y9ilu6srX9HgqgKN\n\n🎵Track : 펭귄의 하루 -   \n • [펭귄만큼 귀여운음악] 펭귄의 하루 | 내 하루를 길고 외로와~ 🐧  \nhttps://youtu.be/urk4Y8FgS3o?si=FFn5YS6HR-qLxYfI\n🎵Track : Under The Sea -  \n • [니모처럼 귀여운음악] Under The Sea | 인어공주를 만날... \nhttps://youtu.be/dy2VXSIQ_2g?si=z_x_JsuDbuCOTFeR\n🎵Track : 내가 그랬어 -    • [황당한 상황 브금] 내가 그랬어 | 너...  https://youtu.be/QKBh2YehfGM?si=R0tjVOuiZhhc4t04\n🎵Track : 수사반장 2 -   • [재밌는 음악]  수사반장 2 | BGM...  \nhttps://youtu.be/4HUKLcinlC8?si=KutvOKhqYWmvOtj""}, ""defaultAudioLanguage"": ""ko""}, ""statistics"": {""viewCount"": ""308685"", ""likeCount"": ""2509"", ""favoriteCount"": ""0"", ""commentCount"": ""181""}}"
youtube,두쫀쿠,canonical,1.0,동생한테 손절 당한 누나,https://www.youtube.com/watch?v=KRhha2-qbz4,2026-05-19T08:50:00Z,2026-05-26T05:44:58.694563+00:00,490880,4778,30,4808,두쫀쿠 중독자,,"{""kind"": ""youtube#video"", ""etag"": ""-P2Fkv-ZJ2PtjREqYDfnaTq7YxA"", ""id"": ""KRhha2-qbz4"", ""snippet"": {""publishedAt"": ""2026-05-19T08:50:00Z"", ""channelId"": ""UCLKuIxaESvLe0jY-4T3JvlA"", ""title"": ""동생한테 손절 당한 누나"", ""description"": """", ""thumbnails"": {""default"": {""url"": ""https://i.ytimg.com/vi/KRhha2-qbz4/default.jpg"", ""width"": 120, ""height"": 90}, ""medium"": {""url"": ""https://i.ytimg.com/vi/KRhha2-qbz4/mqdefault.jpg"", ""width"": 320, ""height"": 180}, ""high"": {""url"": ""https://i.ytimg.com/vi/KRhha2-qbz4/hqdefault.jpg"", ""width"": 480, ""height"": 360}, ""standard"": {""url"": ""https://i.ytimg.com/vi/KRhha2-qbz4/sddefault.jpg"", ""width"": 640, ""height"": 480}, ""maxres"": {""url"": ""https://i.ytimg.com/vi/KRhha2-qbz4/maxresdefault.jpg"", ""width"": 1280, ""height"": 720}}, ""channelTitle"": ""두쫀쿠 중독자"", ""categoryId"": ""22"", ""liveBroadcastContent"": ""none"", ""defaultLanguage"": ""ko"", ""localized"": {""title"": ""동생한테 손절 당한 누나"", ""description"": """"}}, ""statistics"": {""viewCount"": ""490880"", ""likeCount"": ""4778"", ""favoriteCount"": ""0"", ""commentCount"": ""30""}}"
youtube,두쫀쿠,canonical,1.0,유행은 지났지만 역대급 사운드 두쫀쿠 & 초콜렛 asmr 먹방,https://www.youtube.com/watch?v=Hr0RqUzBQ-g,2026-05-19T09:50:01Z,2026-05-26T05:44:58.694563+00:00,321041,8758,90,8848,자곰 JAGOM ASMR,#shorts,"{""kind"": ""youtube#video"", ""etag"": ""3uit4w7ZRmObbSEWSYybGaX97DA"", ""id"": ""Hr0RqUzBQ-g"", ""snippet"": {""publishedAt"": ""2026-05-19T09:50:01Z"", ""channelId"": ""UCXnv4nN5sz1CLAZeteyH90g"", ""title"": ""유행은 지났지만 역대급 사운드 두쫀쿠 & 초콜렛 asmr 먹방"", ""description"": ""#shorts"", ""thumbnails"": {""default"": {""url"": ""https://i.ytimg.com/vi/Hr0RqUzBQ-g/default.jpg"", ""width"": 120, ""height"": 90}, ""medium"": {""url"": ""https://i.ytimg.com/vi/Hr0RqUzBQ-g/mqdefault.jpg"", ""width"": 320, ""height"": 180}, ""high"": {""url"": ""https://i.ytimg.com/vi/Hr0RqUzBQ-g/hqdefault.jpg"", ""width"": 480, ""height"": 360}, ""standard"": {""url"": ""https://i.ytimg.com/vi/Hr0RqUzBQ-g/sddefault.jpg"", ""width"": 640, ""height"": 480}, ""maxres"": {""url"": ""https://i.ytimg.com/vi/Hr0RqUzBQ-g/maxresdefault.jpg"", ""width"": 1280, ""height"": 720}}, ""channelTitle"": ""자곰 JAGOM ASMR"", ""tags"": [""두바이쫀득쿠키"", ""두쫀쿠 먹방"", ""초콜릿 먹방"", ""초콜릿 먹방 asmr"", ""간식 추천"", ""간식 먹방"", ""간식 먹방 asmr"", ""초코 과자 먹방"", ""초코 먹방"", ""두바이 초콜릿 먹방""], ""categoryId"": ""22"", ""liveBroadcastContent"": ""none"", ""defaultLanguage"": ""ko"", ""localized"": {""title"": ""유행은 지났지만 역대급 사운드 두쫀쿠 & 초콜렛 asmr 먹방"", ""description"": ""#shorts""}, ""defaultAudioLanguage"": ""ko""}, ""statistics"": {""viewCount"": ""321041"", ""likeCount"": ""8758"", ""favoriteCount"": ""0"", ""commentCount"": ""90""}}"
youtube,두쫀쿠,canonical,1.0,[요약] 릴스 조회수 폭발 시킨 모솔 출연자들! 그들의 정체는 무엇일까? l #돌싱N모솔 l #MBCevery1 l EP.3,https://www.youtube.com/watch?v=ATta_qFoFI0,2026-04-29T07:00:09Z,2026-05-26T05:44:58.694563+00:00,244531,1115,825,1940,MBC every1,"도대체 뭐하시는 분들일까?
모솔남들의 자기소개 시간

#돌싱N모솔 #돌싱 #모솔 #연프 #연애리얼리티 #채정안 #김풍 #넉살 #낙화유수 #조지 #현무 #맹꽁이 #수금지화목토천해명 #루키 #핑퐁 #카멜리아 #순무 #서울쥐 #두쫀쿠 #불나방 #연애기숙학교 #연애 #결혼 #이혼 #첫사랑 #끝사랑 #엠비씨에브리원 #MBCevery1

♥시간 순삭 꿀잼 영상!! 구독하고 챙겨보기♥
 https://bit.ly/3WwT2El
 
 --------------------------------------------------------------
 ☆KPOP 영상이 보고싶다면??!☆
ALL THE K-POP 보러 가기 : https://bit.ly/3NJTqeG
✅ 비즈니스 문의 : youtube@mbcplus.com","{""kind"": ""youtube#video"", ""etag"": ""vUv9RlHpnf_ADfHMtbiWy0XBRQ4"", ""id"": ""ATta_qFoFI0"", ""snippet"": {""publishedAt"": ""2026-04-29T07:00:09Z"", ""channelId"": ""UC-VbFgagk6GJGDJgRQIMpZw"", ""title"": ""[요약] 릴스 조회수 폭발 시킨 모솔 출연자들! 그들의 정체는 무엇일까? l #돌싱N모솔 l #MBCevery1 l EP.3"", ""description"": ""도대체 뭐하시는 분들일까?\n모솔남들의 자기소개 시간\n\n#돌싱N모솔 #돌싱 #모솔 #연프 #연애리얼리티 #채정안 #김풍 #넉살 #낙화유수 #조지 #현무 #맹꽁이 #수금지화목토천해명 #루키 #핑퐁 #카멜리아 #순무 #서울쥐 #두쫀쿠 #불나방 #연애기숙학교 #연애 #결혼 #이혼 #첫사랑 #끝사랑 #엠비씨에브리원 #MBCevery1\n\n♥시간 순삭 꿀잼 영상!! 구독하고 챙겨보기♥\n https://bit.ly/3WwT2El\n \n --------------------------------------------------------------\n ☆KPOP 영상이 보고싶다면??!☆\nALL THE K-POP 보러 가기 : https://bit.ly/3NJTqeG\n✅ 비즈니스 문의 : youtube@mbcplus.com"", ""thumbnails"": {""default"": {""url"": ""https://i.ytimg.com/vi/ATta_qFoFI0/default.jpg"", ""width"": 120, ""height"": 90}, ""medium"": {""url"": ""https://i.ytimg.com/vi/ATta_qFoFI0/mqdefault.jpg"", ""width"": 320, ""height"": 180}, ""high"": {""url"": ""https://i.ytimg.com/vi/ATta_qFoFI0/hqdefault.jpg"", ""width"": 480, ""height"": 360}, ""standard"": {""url"": ""https://i.ytimg.com/vi/ATta_qFoFI0/sddefault.jpg"", ""width"": 640, ""height"": 480}, ""maxres"": {""url"": ""https://i.ytimg.com/vi/ATta_qFoFI0/maxresdefault.jpg"", ""width"": 1280, ""height"": 720}}, ""channelTitle"": ""MBC every1"", ""tags"": [""MBC every1"", ""MBCevery1"", ""MBC에브리원"", ""돌싱N모솔"", ""돌싱"", ""모솔"", ""연프"", ""연애리얼리티"", ""채정안"", ""김풍"", ""넉살"", ""낙화유수"", ""조지"", ""현무"", ""맹꽁이"", ""수금지화목토천해명"", ""루키"", ""핑퐁"", ""카멜리아"", ""순무"", ""서울쥐"", ""두쫀쿠"", ""불나방"", ""연애기숙학교"", ""연애"", ""결혼"", ""이혼"", ""첫사랑"", ""끝사랑"", ""엠비씨에브리원""], ""categoryId"": ""24"", ""liveBroadcastContent"": ""none"", ""defaultLanguage"": ""ko"", ""localized"": {""title"": ""[요약] 릴스 조회수 폭발 시킨 모솔 출연자들! 그들의 정체는 무엇일까? l #돌싱N모솔 l #MBCevery1 l EP.3"", ""description"": ""도대체 뭐하시는 분들일까?\n모솔남들의 자기소개 시간\n\n#돌싱N모솔 #돌싱 #모솔 #연프 #연애리얼리티 #채정안 #김풍 #넉살 #낙화유수 #조지 #현무 #맹꽁이 #수금지화목토천해명 #루키 #핑퐁 #카멜리아 #순무 #서울쥐 #두쫀쿠 #불나방 #연애기숙학교 #연애 #결혼 #이혼 #첫사랑 #끝사랑 #엠비씨에브리원 #MBCevery1\n\n♥시간 순삭 꿀잼 영상!! 구독하고 챙겨보기♥\n https://bit.ly/3WwT2El\n \n --------------------------------------------------------------\n ☆KPOP 영상이 보고싶다면??!☆\nALL THE K-POP 보러 가기 : https://bit.ly/3NJTqeG\n✅ 비즈니스 문의 : youtube@mbcplus.com""}, ""defaultAudioLanguage"": ""ko""}, ""statistics"": {""viewCount"": ""244531"", ""likeCount"": ""1115"", ""favoriteCount"": ""0"", ""commentCount"": ""825""}}"
youtube,두쫀쿠,canonical,1.0,7천5백원짜리 두쫀쿠 클리커 밀어내서 뽑는거에 얼마나 썼게 🤮😪😵‍💫😵 #두쫀쿠클리커 #클리커 #키링뽑기 #클리커뽑기,https://www.youtube.com/watch?v=NgXD546yYHE,2026-04-28T23:25:42Z,2026-05-26T05:44:58.694563+00:00,367428,1956,49,2005,빅플루언서 김간식,,"{""kind"": ""youtube#video"", ""etag"": ""-zOSqHRiclRATN4sBzoerhyAqwo"", ""id"": ""NgXD546yYHE"", ""snippet"": {""publishedAt"": ""2026-04-28T23:25:42Z"", ""channelId"": ""UCYADQ0de8tcBYf5IN709_Xw"", ""title"": ""7천5백원짜리 두쫀쿠 클리커 밀어내서 뽑는거에 얼마나 썼게 🤮😪😵‍💫😵 #두쫀쿠클리커 #클리커 #키링뽑기 #클리커뽑기"", ""description"": """", ""thumbnails"": {""default"": {""url"": ""https://i.ytimg.com/vi/NgXD546yYHE/default.jpg"", ""width"": 120, ""height"": 90}, ""medium"": {""url"": ""https://i.ytimg.com/vi/NgXD546yYHE/mqdefault.jpg"", ""width"": 320, ""height"": 180}, ""high"": {""url"": ""https://i.ytimg.com/vi/NgXD546yYHE/hqdefault.jpg"", ""width"": 480, ""height"": 360}, ""standard"": {""url"": ""https://i.ytimg.com/vi/NgXD546yYHE/sddefault.jpg"", ""width"": 640, ""height"": 480}, ""maxres"": {""url"": ""https://i.ytimg.com/vi/NgXD546yYHE/maxresdefault.jpg"", ""width"": 1280, ""height"": 720}}, ""channelTitle"": ""빅플루언서 김간식"", ""categoryId"": ""10"", ""liveBroadcastContent"": ""none"", ""defaultLanguage"": ""ko"", ""localized"": {""title"": ""7천5백원짜리 두쫀쿠 클리커 밀어내서 뽑는거에 얼마나 썼게 🤮😪😵‍💫😵 #두쫀쿠클리커 #클리커 #키링뽑기 #클리커뽑기"", ""description"": """"}, ""defaultAudioLanguage"": ""ko""}, ""statistics"": {""viewCount"": ""367428"", ""likeCount"": ""1956"", ""favoriteCount"": ""0"", ""commentCount"": ""49""}}"
youtube,두쫀쿠,canonical,1.0,아 안 먹어;; 데이트 못해 흑화한 조지ㅋㅋㅋ l #돌싱N모솔 l #MBCevery1 l EP.4,https://www.youtube.com/watch?v=LJWmUffcljo,2026-05-05T14:35:00Z,2026-05-26T05:44:58.694563+00:00,199305,1276,1482,2758,MBC every1,"▶ 숨겨진 재력부터 커리어까지! 돌싱녀들의 화려한 반전 정체는? 
▶ ＂기분이 나쁘네요＂ 모솔남의 돌발 행동! 급기야 제작진까지 긴급 투입되는데... 
▶ 어떡하죠 내 심장이 고장 났나 봐♪ 인생 첫 스킨십에 버퍼링 걸린 모솔남 
▶ 만난 지 이틀 만에 ＂00까지 줄 수 있어요＂ 현장을 초토화한 충격 발언! 
▶ 자녀가 셋이어도 OK! 돌싱녀 한정 ‘OK맨’의 노 브레이크 직진

#돌싱N모솔 #돌싱 #모솔 #연프 #연애리얼리티 #채정안 #김풍 #넉살 #낙화유수 #조지 #현무 #맹꽁이 #수금지화목토천해명 #루키 #핑퐁 #카멜리아 #순무 #서울쥐 #두쫀쿠 #불나방 #연애기숙학교 #연애 #결혼 #이혼 #첫사랑 #끝사랑 #엠비씨에브리원 #MBCevery1

♥시간 순삭 꿀잼 영상!! 구독하고 챙겨보기♥
 https://bit.ly/3WwT2El
 
 --------------------------------------------------------------
 ☆KPOP 영상이 보고싶다면??!☆
ALL THE K-POP 보러 가기 : https://bit.ly/3NJTqeG
✅ 비즈니스 문의 : youtube@mbcplus.com","{""kind"": ""youtube#video"", ""etag"": ""UpQcokUNTZCTfbnSwRLLBRKzyy4"", ""id"": ""LJWmUffcljo"", ""snippet"": {""publishedAt"": ""2026-05-05T14:35:00Z"", ""channelId"": ""UC-VbFgagk6GJGDJgRQIMpZw"", ""title"": ""아 안 먹어;; 데이트 못해 흑화한 조지ㅋㅋㅋ l #돌싱N모솔 l #MBCevery1 l EP.4"", ""description"": ""▶ 숨겨진 재력부터 커리어까지! 돌싱녀들의 화려한 반전 정체는? \n▶ ＂기분이 나쁘네요＂ 모솔남의 돌발 행동! 급기야 제작진까지 긴급 투입되는데... \n▶ 어떡하죠 내 심장이 고장 났나 봐♪ 인생 첫 스킨십에 버퍼링 걸린 모솔남 \n▶ 만난 지 이틀 만에 ＂00까지 줄 수 있어요＂ 현장을 초토화한 충격 발언! \n▶ 자녀가 셋이어도 OK! 돌싱녀 한정 ‘OK맨’의 노 브레이크 직진\n\n#돌싱N모솔 #돌싱 #모솔 #연프 #연애리얼리티 #채정안 #김풍 #넉살 #낙화유수 #조지 #현무 #맹꽁이 #수금지화목토천해명 #루키 #핑퐁 #카멜리아 #순무 #서울쥐 #두쫀쿠 #불나방 #연애기숙학교 #연애 #결혼 #이혼 #첫사랑 #끝사랑 #엠비씨에브리원 #MBCevery1\n\n♥시간 순삭 꿀잼 영상!! 구독하고 챙겨보기♥\n https://bit.ly/3WwT2El\n \n --------------------------------------------------------------\n ☆KPOP 영상이 보고싶다면??!☆\nALL THE K-POP 보러 가기 : https://bit.ly/3NJTqeG\n✅ 비즈니스 문의 : youtube@mbcplus.com"", ""thumbnails"": {""default"": {""url"": ""https://i.ytimg.com/vi/LJWmUffcljo/default.jpg"", ""width"": 120, ""height"": 90}, ""medium"": {""url"": ""https://i.ytimg.com/vi/LJWmUffcljo/mqdefault.jpg"", ""width"": 320, ""height"": 180}, ""high"": {""url"": ""https://i.ytimg.com/vi/LJWmUffcljo/hqdefault.jpg"", ""width"": 480, ""height"": 360}, ""standard"": {""url"": ""https://i.ytimg.com/vi/LJWmUffcljo/sddefault.jpg"", ""width"": 640, ""height"": 480}, ""maxres"": {""url"": ""https://i.ytimg.com/vi/LJWmUffcljo/maxresdefault.jpg"", ""width"": 1280, ""height"": 720}}, ""channelTitle"": ""MBC every1"", ""tags"": [""돌싱N모솔"", ""돌싱"", ""모솔"", ""연프"", ""연애리얼리티"", ""채정안"", ""김풍"", ""넉살"", ""낙화유수"", ""조지"", ""현무"", ""맹꽁이"", ""수금지화목토천해명"", ""루키"", ""핑퐁"", ""카멜리아"", ""순무"", ""서울쥐"", ""두쫀쿠"", ""불나방"", ""연애기숙학교"", ""연애"", ""결혼"", ""이혼"", ""첫사랑"", ""끝사랑"", ""엠비씨에브리원"", ""MBCevery1""], ""categoryId"": ""24"", ""liveBroadcastContent"": ""none"", ""defaultLanguage"": ""ko"", ""localized"": {""title"": ""아 안 먹어;; 데이트 못해 흑화한 조지ㅋㅋㅋ l #돌싱N모솔 l #MBCevery1 l EP.4"", ""description"": ""▶ 숨겨진 재력부터 커리어까지! 돌싱녀들의 화려한 반전 정체는? \n▶ ＂기분이 나쁘네요＂ 모솔남의 돌발 행동! 급기야 제작진까지 긴급 투입되는데... \n▶ 어떡하죠 내 심장이 고장 났나 봐♪ 인생 첫 스킨십에 버퍼링 걸린 모솔남 \n▶ 만난 지 이틀 만에 ＂00까지 줄 수 있어요＂ 현장을 초토화한 충격 발언! \n▶ 자녀가 셋이어도 OK! 돌싱녀 한정 ‘OK맨’의 노 브레이크 직진\n\n#돌싱N모솔 #돌싱 #모솔 #연프 #연애리얼리티 #채정안 #김풍 #넉살 #낙화유수 #조지 #현무 #맹꽁이 #수금지화목토천해명 #루키 #핑퐁 #카멜리아 #순무 #서울쥐 #두쫀쿠 #불나방 #연애기숙학교 #연애 #결혼 #이혼 #첫사랑 #끝사랑 #엠비씨에브리원 #MBCevery1\n\n♥시간 순삭 꿀잼 영상!! 구독하고 챙겨보기♥\n https://bit.ly/3WwT2El\n \n --------------------------------------------------------------\n ☆KPOP 영상이 보고싶다면??!☆\nALL THE K-POP 보러 가기 : https://bit.ly/3NJTqeG\n✅ 비즈니스 문의 : youtube@mbcplus.com""}, ""defaultAudioLanguage"": ""ko""}, ""statistics"": {""viewCount"": ""199305"", ""likeCount"": ""1276"", ""favoriteCount"": ""0"", ""commentCount"": ""1482""}}"
youtube,두쫀쿠,canonical,1.0,역대급 디저트 신상 아그작 두쫀쿠 출시..! #몬트쿠키 #아그작두쫀쿠 #두바이쫀득쿠키 #아그작 #왁뿌볼,https://www.youtube.com/watch?v=BroGjNEUJHk,2026-05-08T11:45:07Z,2026-05-26T05:44:58.694563+00:00,314986,2629,255,2884,몬트쿠키 | 두바이쫀득쿠키 원조🧆,"진짜 오랜만에 몬트쿠키에서
제대로 미친(p) 신메뉴 들고 왔어요..😳

저희 원조 두쫀쿠 좋아하셨던 분들은
절대 지나치면 안돼요..!!

한 입 베어 무는 순간
콰-작 깨지는 진한 초코쉘 속,
쫀득한 초코 마시멜로우와🖤
녹진함 가득 피스타치오 카다이프 페이스트💥
부드럽게 녹아내리는 촉촉 초코무스✨

겉은 아그작.
속은 쫀득.
안은 촉촉.
근데 또 바삭함까지 살아있는 미친 식감 조합…

솔직히 저희도 이거 출시하고
주문폭주 감당 가능할지 벌써 걱정돼요..🥹

특히 요즘 왁뿌볼 좋아하시는 분들이면
이건 진짜 취향 저격 제대로일 거예요..💖

긴말 필요 없이, 출시 기념 특가 오픈했으니까
궁금하신 분들은 지금 바로
프로필 링크를 확인해주세요!💌","{""kind"": ""youtube#video"", ""etag"": ""x1E-DgyGVwXFajyLmgOwRRGxebA"", ""id"": ""BroGjNEUJHk"", ""snippet"": {""publishedAt"": ""2026-05-08T11:45:07Z"", ""channelId"": ""UCAKiaMq_H1Vq8xBFYgGsj_Q"", ""title"": ""역대급 디저트 신상 아그작 두쫀쿠 출시..! #몬트쿠키 #아그작두쫀쿠 #두바이쫀득쿠키 #아그작 #왁뿌볼"", ""description"": ""진짜 오랜만에 몬트쿠키에서\n제대로 미친(p) 신메뉴 들고 왔어요..😳\n\n저희 원조 두쫀쿠 좋아하셨던 분들은\n절대 지나치면 안돼요..!!\n\n한 입 베어 무는 순간\n콰-작 깨지는 진한 초코쉘 속,\n쫀득한 초코 마시멜로우와🖤\n녹진함 가득 피스타치오 카다이프 페이스트💥\n부드럽게 녹아내리는 촉촉 초코무스✨\n\n겉은 아그작.\n속은 쫀득.\n안은 촉촉.\n근데 또 바삭함까지 살아있는 미친 식감 조합…\n\n솔직히 저희도 이거 출시하고\n주문폭주 감당 가능할지 벌써 걱정돼요..🥹\n\n특히 요즘 왁뿌볼 좋아하시는 분들이면\n이건 진짜 취향 저격 제대로일 거예요..💖\n\n긴말 필요 없이, 출시 기념 특가 오픈했으니까\n궁금하신 분들은 지금 바로\n프로필 링크를 확인해주세요!💌"", ""thumbnails"": {""default"": {""url"": ""https://i.ytimg.com/vi/BroGjNEUJHk/default.jpg"", ""width"": 120, ""height"": 90}, ""medium"": {""url"": ""https://i.ytimg.com/vi/BroGjNEUJHk/mqdefault.jpg"", ""width"": 320, ""height"": 180}, ""high"": {""url"": ""https://i.ytimg.com/vi/BroGjNEUJHk/hqdefault.jpg"", ""width"": 480, ""height"": 360}, ""standard"": {""url"": ""https://i.ytimg.com/vi/BroGjNEUJHk/sddefault.jpg"", ""width"": 640, ""height"": 480}, ""maxres"": {""url"": ""https://i.ytimg.com/vi/BroGjNEUJHk/maxresdefault.jpg"", ""width"": 1280, ""height"": 720}}, ""channelTitle"": ""몬트쿠키 | 두바이쫀득쿠키 원조🧆"", ""categoryId"": ""22"", ""liveBroadcastContent"": ""none"", ""defaultLanguage"": ""ko"", ""localized"": {""title"": ""역대급 디저트 신상 아그작 두쫀쿠 출시..! #몬트쿠키 #아그작두쫀쿠 #두바이쫀득쿠키 #아그작 #왁뿌볼"", ""description"": ""진짜 오랜만에 몬트쿠키에서\n제대로 미친(p) 신메뉴 들고 왔어요..😳\n\n저희 원조 두쫀쿠 좋아하셨던 분들은\n절대 지나치면 안돼요..!!\n\n한 입 베어 무는 순간\n콰-작 깨지는 진한 초코쉘 속,\n쫀득한 초코 마시멜로우와🖤\n녹진함 가득 피스타치오 카다이프 페이스트💥\n부드럽게 녹아내리는 촉촉 초코무스✨\n\n겉은 아그작.\n속은 쫀득.\n안은 촉촉.\n근데 또 바삭함까지 살아있는 미친 식감 조합…\n\n솔직히 저희도 이거 출시하고\n주문폭주 감당 가능할지 벌써 걱정돼요..🥹\n\n특히 요즘 왁뿌볼 좋아하시는 분들이면\n이건 진짜 취향 저격 제대로일 거예요..💖\n\n긴말 필요 없이, 출시 기념 특가 오픈했으니까\n궁금하신 분들은 지금 바로\n프로필 링크를 확인해주세요!💌""}}, ""statistics"": {""viewCount"": ""314986"", ""likeCount"": ""2629"", ""favoriteCount"": ""0"", ""commentCount"": ""255""}}"
youtube,두쫀쿠,canonical,1.0,볼카노프스키 두쫀쿠 버터떡 삼겹살 렛츠고,https://www.youtube.com/watch?v=jMqtTviIBA8,2026-05-07T12:36:41Z,2026-05-26T05:44:58.694563+00:00,264694,5989,160,6149,격투기 읽어주는 여자,,"{""kind"": ""youtube#video"", ""etag"": ""57OhHx3CFYPK1z1SMELE8VsVcew"", ""id"": ""jMqtTviIBA8"", ""snippet"": {""publishedAt"": ""2026-05-07T12:36:41Z"", ""channelId"": ""UCxSIAkxZTD9E9gcT3rn0JXA"", ""title"": ""볼카노프스키 두쫀쿠 버터떡 삼겹살 렛츠고"", ""description"": """", ""thumbnails"": {""default"": {""url"": ""https://i.ytimg.com/vi/jMqtTviIBA8/default.jpg"", ""width"": 120, ""height"": 90}, ""medium"": {""url"": ""https://i.ytimg.com/vi/jMqtTviIBA8/mqdefault.jpg"", ""width"": 320, ""height"": 180}, ""high"": {""url"": ""https://i.ytimg.com/vi/jMqtTviIBA8/hqdefault.jpg"", ""width"": 480, ""height"": 360}, ""standard"": {""url"": ""https://i.ytimg.com/vi/jMqtTviIBA8/sddefault.jpg"", ""width"": 640, ""height"": 480}, ""maxres"": {""url"": ""https://i.ytimg.com/vi/jMqtTviIBA8/maxresdefault.jpg"", ""width"": 1280, ""height"": 720}}, ""channelTitle"": ""격투기 읽어주는 여자"", ""tags"": [""격투기"", ""마카체프"", ""토푸리아"", ""p4p"", ""치마예프"", ""ufc"", ""mma"", ""복싱"", ""유도"", ""레슬링"", ""운동"", ""주짓수"", ""레슬러"", ""레슬링선수"", ""챔피언"", ""챔피언십"", ""킥복싱"", ""권투"", ""복싱선수"", ""주짓떼로"", ""격투기선수"", ""격읽녀"", ""격투기읽어주는"", ""격투기읽어주는여자"", ""격투기여자"", ""여자격투기"", ""동기부여"", ""운동자극"", ""공부자극"", ""포기"", ""노력"", ""마인드셋"", ""챔피언마인드셋"", ""알리"", ""코코볼"", ""볼카"", ""jdm"", ""잭델라마달레나"", ""마달레나마카체프"", ""마카체프마달레나"", ""델라마달레나"", ""다게스탄"", ""코너맥그리거"", ""마이클챈들러"", ""레온에드워즈"", ""션브래디"", ""이안마차도개리"", ""패디핌블렛"", ""일리아토푸리아"", ""챈들러"", ""카마루우스만"", ""메랍"", ""메랍드발리쉬빌리"", ""라운트리"", ""프로하츠카"", ""포이리에"", ""사루키안댄후커"", ""알렉산드레토푸리아"", ""댄후커사루키안"", ""이안개리"", ""샤브캇"", ""모랄레스"", ""프라테스"", ""ilia"", ""iliatopuria"", ""topuria"", ""사루키안먹방"", ""mukbang"", ""먹방"", ""유튜버"", ""션오말리"", ""페레이라"", ""볼카노프스키"", ""토푸리아인터뷰"", ""미국"", ""볼카노프스키한국"", ""볼카노프스키버터떡"", ""볼카노프스키두쫀쿠"", ""두쫀쿠"", ""볼카두쫀쿠"", ""볼카버터떡"", ""볼카삼겹살""], ""categoryId"": ""17"", ""liveBroadcastContent"": ""none"", ""defaultLanguage"": ""ko"", ""localized"": {""title"": ""볼카노프스키 두쫀쿠 버터떡 삼겹살 렛츠고"", ""description"": """"}}, ""statistics"": {""viewCount"": ""264694"", ""likeCount"": ""5989"", ""favoriteCount"": ""0"", ""commentCount"": ""160""}}"
youtube,두쫀쿠,canonical,1.0,판매 금지된 음식 직접 먹어보기,https://www.youtube.com/watch?v=jSD1jcliJyI,2026-05-09T01:52:00Z,2026-05-26T05:44:58.694563+00:00,313465,6624,67,6691,두쫀쿠 중독자,,"{""kind"": ""youtube#video"", ""etag"": ""N8zxo0Hn6cTd7gFfGAXTvSCa79M"", ""id"": ""jSD1jcliJyI"", ""snippet"": {""publishedAt"": ""2026-05-09T01:52:00Z"", ""channelId"": ""UCLKuIxaESvLe0jY-4T3JvlA"", ""title"": ""판매 금지된 음식 직접 먹어보기"", ""description"": """", ""thumbnails"": {""default"": {""url"": ""https://i.ytimg.com/vi/jSD1jcliJyI/default.jpg"", ""width"": 120, ""height"": 90}, ""medium"": {""url"": ""https://i.ytimg.com/vi/jSD1jcliJyI/mqdefault.jpg"", ""width"": 320, ""height"": 180}, ""high"": {""url"": ""https://i.ytimg.com/vi/jSD1jcliJyI/hqdefault.jpg"", ""width"": 480, ""height"": 360}, ""standard"": {""url"": ""https://i.ytimg.com/vi/jSD1jcliJyI/sddefault.jpg"", ""width"": 640, ""height"": 480}, ""maxres"": {""url"": ""https://i.ytimg.com/vi/jSD1jcliJyI/maxresdefault.jpg"", ""width"": 1280, ""height"": 720}}, ""channelTitle"": ""두쫀쿠 중독자"", ""categoryId"": ""22"", ""liveBroadcastContent"": ""none"", ""defaultLanguage"": ""ko"", ""localized"": {""title"": ""판매 금지된 음식 직접 먹어보기"", ""description"": """"}}, ""statistics"": {""viewCount"": ""313465"", ""likeCount"": ""6624"", ""favoriteCount"": ""0"", ""commentCount"": ""67""}}"
youtube,두쫀쿠,canonical,1.0,❤️‍🩹(90분) #돌싱N모솔 3~4회 몰아보기 | 장기자랑 하기 위해 자기소개하는 돌싱녀와 모솔남들 [돌싱N모솔] 매주 (화) 밤 10시 E채널 본방송,https://www.youtube.com/watch?v=yAo6nFHt61o,2026-05-07T02:00:51Z,2026-05-26T05:44:58.694563+00:00,189266,1087,770,1857,E채널,"드디어 공개된 돌싱녀와 모솔남들의 나이 & 직업😆
자기소개보다 더 길게 준비한 노래부터 춤까지
더 질문 있으신 분 ✨Please raise your hands✨

0:00:00 루키 X 불나방 데이트 (feat. 조지 & 현무)
0:03:57 낙화유수 X 핑퐁 X 순무 데이트 (feat. 조지 & 현무 again)
0:07:58 오해를 낳은 수금지화 X 두쫀쿠 X 서울쥐 데이트
0:12:51 눈치도 같이 먹은 맹꽁이 X 카멜리아 데이트
0:16:13 모솔남들의 자기소개
0:41:06 돌싱녀들의 자기소개
0:59:34 돌싱녀들의 선택
1:04:43 2 연속 0표남 조지의 눈물
1:12:31 연하 모솔남 루키 X 불나방 데이트
1:18:30 직진하는 낙화유수 X 핑퐁 데이트
1:20:51 고백 급발진하는 수금지화 X 두쫀쿠 데이트

❤️‍🩹[돌싱N모솔] 매주 (화) 밤 10시 E채널 본방송
#E채널 #MBCevery1 #공동제작

#돌싱N모솔 #연애기숙학교
#채정안 #김풍 #넉살

📺[E채널] 채널 번호 👉 지니TV 998번 | Btv 995번 | U+tv 76번 | Skylife 44번
📺[E LIKE] 채널 번호 👉 지니TV 256번 | Btv 61번 | U+tv 92번 | Skylife 147번
💝[E채널] 인스타그램 👉 @echannel_tcast

※ 출연자에 대한 무분별한 비방 및 욕설은 무통보 삭제 처리됩니다. 시청자 여러분의 양해 바랍니다.","{""kind"": ""youtube#video"", ""etag"": ""2okdntgyn3EU3FrKdaqG6kBb_9c"", ""id"": ""yAo6nFHt61o"", ""snippet"": {""publishedAt"": ""2026-05-07T02:00:51Z"", ""channelId"": ""UCjToDBf8P-4QkETw2kJ-H3g"", ""title"": ""❤️‍🩹(90분) #돌싱N모솔 3~4회 몰아보기 | 장기자랑 하기 위해 자기소개하는 돌싱녀와 모솔남들 [돌싱N모솔] 매주 (화) 밤 10시 E채널 본방송"", ""description"": ""드디어 공개된 돌싱녀와 모솔남들의 나이 & 직업😆\n자기소개보다 더 길게 준비한 노래부터 춤까지\n더 질문 있으신 분 ✨Please raise your hands✨\n\n0:00:00 루키 X 불나방 데이트 (feat. 조지 & 현무)\n0:03:57 낙화유수 X 핑퐁 X 순무 데이트 (feat. 조지 & 현무 again)\n0:07:58 오해를 낳은 수금지화 X 두쫀쿠 X 서울쥐 데이트\n0:12:51 눈치도 같이 먹은 맹꽁이 X 카멜리아 데이트\n0:16:13 모솔남들의 자기소개\n0:41:06 돌싱녀들의 자기소개\n0:59:34 돌싱녀들의 선택\n1:04:43 2 연속 0표남 조지의 눈물\n1:12:31 연하 모솔남 루키 X 불나방 데이트\n1:18:30 직진하는 낙화유수 X 핑퐁 데이트\n1:20:51 고백 급발진하는 수금지화 X 두쫀쿠 데이트\n\n❤️‍🩹[돌싱N모솔] 매주 (화) 밤 10시 E채널 본방송\n#E채널 #MBCevery1 #공동제작\n\n#돌싱N모솔 #연애기숙학교\n#채정안 #김풍 #넉살\n\n📺[E채널] 채널 번호 👉 지니TV 998번 | Btv 995번 | U+tv 76번 | Skylife 44번\n📺[E LIKE] 채널 번호 👉 지니TV 256번 | Btv 61번 | U+tv 92번 | Skylife 147번\n💝[E채널] 인스타그램 👉 @echannel_tcast\n\n※ 출연자에 대한 무분별한 비방 및 욕설은 무통보 삭제 처리됩니다. 시청자 여러분의 양해 바랍니다."", ""thumbnails"": {""default"": {""url"": ""https://i.ytimg.com/vi/yAo6nFHt61o/default.jpg"", ""width"": 120, ""height"": 90}, ""medium"": {""url"": ""https://i.ytimg.com/vi/yAo6nFHt61o/mqdefault.jpg"", ""width"": 320, ""height"": 180}, ""high"": {""url"": ""https://i.ytimg.com/vi/yAo6nFHt61o/hqdefault.jpg"", ""width"": 480, ""height"": 360}, ""standard"": {""url"": ""https://i.ytimg.com/vi/yAo6nFHt61o/sddefault.jpg"", ""width"": 640, ""height"": 480}, ""maxres"": {""url"": ""https://i.ytimg.com/vi/yAo6nFHt61o/maxresdefault.jpg"", ""width"": 1280, ""height"": 720}}, ""channelTitle"": ""E채널"", ""tags"": [""#돌싱N모솔"", ""#돌싱모솔"", ""#돌싱앤모솔"", ""#돌앤모"", ""#김풍"", ""#채정안"", ""#넉살"", ""#연애"", ""#연프"", ""#연애프로그램"", ""#사랑"", ""#커플"", ""#데이트"", ""#돌싱"", ""#모솔""], ""categoryId"": ""24"", ""liveBroadcastContent"": ""none"", ""defaultLanguage"": ""ko"", ""localized"": {""title"": ""❤️‍🩹(90분) #돌싱N모솔 3~4회 몰아보기 | 장기자랑 하기 위해 자기소개하는 돌싱녀와 모솔남들 [돌싱N모솔] 매주 (화) 밤 10시 E채널 본방송"", ""description"": ""드디어 공개된 돌싱녀와 모솔남들의 나이 & 직업😆\n자기소개보다 더 길게 준비한 노래부터 춤까지\n더 질문 있으신 분 ✨Please raise your hands✨\n\n0:00:00 루키 X 불나방 데이트 (feat. 조지 & 현무)\n0:03:57 낙화유수 X 핑퐁 X 순무 데이트 (feat. 조지 & 현무 again)\n0:07:58 오해를 낳은 수금지화 X 두쫀쿠 X 서울쥐 데이트\n0:12:51 눈치도 같이 먹은 맹꽁이 X 카멜리아 데이트\n0:16:13 모솔남들의 자기소개\n0:41:06 돌싱녀들의 자기소개\n0:59:34 돌싱녀들의 선택\n1:04:43 2 연속 0표남 조지의 눈물\n1:12:31 연하 모솔남 루키 X 불나방 데이트\n1:18:30 직진하는 낙화유수 X 핑퐁 데이트\n1:20:51 고백 급발진하는 수금지화 X 두쫀쿠 데이트\n\n❤️‍🩹[돌싱N모솔] 매주 (화) 밤 10시 E채널 본방송\n#E채널 #MBCevery1 #공동제작\n\n#돌싱N모솔 #연애기숙학교\n#채정안 #김풍 #넉살\n\n📺[E채널] 채널 번호 👉 지니TV 998번 | Btv 995번 | U+tv 76번 | Skylife 44번\n📺[E LIKE] 채널 번호 👉 지니TV 256번 | Btv 61번 | U+tv 92번 | Skylife 147번\n💝[E채널] 인스타그램 👉 @echannel_tcast\n\n※ 출연자에 대한 무분별한 비방 및 욕설은 무통보 삭제 처리됩니다. 시청자 여러분의 양해 바랍니다.""}, ""defaultAudioLanguage"": ""ko""}, ""statistics"": {""viewCount"": ""189266"", ""likeCount"": ""1087"", ""favoriteCount"": ""0"", ""commentCount"": ""770""}}"
youtube,두쫀쿠,canonical,1.0,'인성이 안 됐다' 불나방한테 불만 폭주하다 울먹거리는 현무 l #돌싱N모솔 l #MBCevery1 l EP.6,https://www.youtube.com/watch?v=RzQkP1gsBDM,2026-05-19T14:30:21Z,2026-05-26T05:44:58.694563+00:00,173026,1064,1858,2922,MBC every1,"▶ ＂사실 자녀는...＂ 두쫀쿠의 멘탈을 뒤흔든 한 모솔남의 솔직 발언
▶ 이게 무슨 운명의 장난? 랜덤 데이트가 불러온 ‘파국의 밤’
▶ ＂사랑은 원래 이런 건가요...?＂ 결국 눈물 터진 모솔남의 첫 고백

#돌싱N모솔 #돌싱 #모솔 #연프 #연애리얼리티 #채정안 #김풍 #넉살 #낙화유수 #조지 #현무 #맹꽁이 #수금지화목토천해명 #루키 #핑퐁 #카멜리아 #순무 #서울쥐 #두쫀쿠 #불나방 #연애기숙학교 #연애 #결혼 #이혼 #첫사랑 #끝사랑 #엠비씨에브리원 #MBCevery1

♥시간 순삭 꿀잼 영상!! 구독하고 챙겨보기♥
 https://bit.ly/3WwT2El
 
 --------------------------------------------------------------
 ☆KPOP 영상이 보고싶다면??!☆
ALL THE K-POP 보러 가기 : https://bit.ly/3NJTqeG
✅ 비즈니스 문의 : youtube@mbcplus.com","{""kind"": ""youtube#video"", ""etag"": ""jV-PgUu4sIuXQIMYxhrUaZuweeY"", ""id"": ""RzQkP1gsBDM"", ""snippet"": {""publishedAt"": ""2026-05-19T14:30:21Z"", ""channelId"": ""UC-VbFgagk6GJGDJgRQIMpZw"", ""title"": ""'인성이 안 됐다' 불나방한테 불만 폭주하다 울먹거리는 현무 l #돌싱N모솔 l #MBCevery1 l EP.6"", ""description"": ""▶ ＂사실 자녀는...＂ 두쫀쿠의 멘탈을 뒤흔든 한 모솔남의 솔직 발언\n▶ 이게 무슨 운명의 장난? 랜덤 데이트가 불러온 ‘파국의 밤’\n▶ ＂사랑은 원래 이런 건가요...?＂ 결국 눈물 터진 모솔남의 첫 고백\n\n#돌싱N모솔 #돌싱 #모솔 #연프 #연애리얼리티 #채정안 #김풍 #넉살 #낙화유수 #조지 #현무 #맹꽁이 #수금지화목토천해명 #루키 #핑퐁 #카멜리아 #순무 #서울쥐 #두쫀쿠 #불나방 #연애기숙학교 #연애 #결혼 #이혼 #첫사랑 #끝사랑 #엠비씨에브리원 #MBCevery1\n\n♥시간 순삭 꿀잼 영상!! 구독하고 챙겨보기♥\n https://bit.ly/3WwT2El\n \n --------------------------------------------------------------\n ☆KPOP 영상이 보고싶다면??!☆\nALL THE K-POP 보러 가기 : https://bit.ly/3NJTqeG\n✅ 비즈니스 문의 : youtube@mbcplus.com"", ""thumbnails"": {""default"": {""url"": ""https://i.ytimg.com/vi/RzQkP1gsBDM/default.jpg"", ""width"": 120, ""height"": 90}, ""medium"": {""url"": ""https://i.ytimg.com/vi/RzQkP1gsBDM/mqdefault.jpg"", ""width"": 320, ""height"": 180}, ""high"": {""url"": ""https://i.ytimg.com/vi/RzQkP1gsBDM/hqdefault.jpg"", ""width"": 480, ""height"": 360}, ""standard"": {""url"": ""https://i.ytimg.com/vi/RzQkP1gsBDM/sddefault.jpg"", ""width"": 640, ""height"": 480}, ""maxres"": {""url"": ""https://i.ytimg.com/vi/RzQkP1gsBDM/maxresdefault.jpg"", ""width"": 1280, ""height"": 720}}, ""channelTitle"": ""MBC every1"", ""tags"": [""돌싱N모솔"", ""돌싱"", ""모솔"", ""연프"", ""연애리얼리티"", ""채정안"", ""김풍"", ""넉살"", ""낙화유수"", ""조지"", ""현무"", ""맹꽁이"", ""수금지화목토천해명"", ""루키"", ""핑퐁"", ""카멜리아"", ""순무"", ""서울쥐"", ""두쫀쿠"", ""불나방"", ""연애기숙학교"", ""연애"", ""결혼"", ""이혼"", ""첫사랑"", ""끝사랑"", ""엠비씨에브리원"", ""MBCevery1""], ""categoryId"": ""24"", ""liveBroadcastContent"": ""none"", ""defaultLanguage"": ""ko"", ""localized"": {""title"": ""'인성이 안 됐다' 불나방한테 불만 폭주하다 울먹거리는 현무 l #돌싱N모솔 l #MBCevery1 l EP.6"", ""description"": ""▶ ＂사실 자녀는...＂ 두쫀쿠의 멘탈을 뒤흔든 한 모솔남의 솔직 발언\n▶ 이게 무슨 운명의 장난? 랜덤 데이트가 불러온 ‘파국의 밤’\n▶ ＂사랑은 원래 이런 건가요...?＂ 결국 눈물 터진 모솔남의 첫 고백\n\n#돌싱N모솔 #돌싱 #모솔 #연프 #연애리얼리티 #채정안 #김풍 #넉살 #낙화유수 #조지 #현무 #맹꽁이 #수금지화목토천해명 #루키 #핑퐁 #카멜리아 #순무 #서울쥐 #두쫀쿠 #불나방 #연애기숙학교 #연애 #결혼 #이혼 #첫사랑 #끝사랑 #엠비씨에브리원 #MBCevery1\n\n♥시간 순삭 꿀잼 영상!! 구독하고 챙겨보기♥\n https://bit.ly/3WwT2El\n \n --------------------------------------------------------------\n ☆KPOP 영상이 보고싶다면??!☆\nALL THE K-POP 보러 가기 : https://bit.ly/3NJTqeG\n✅ 비즈니스 문의 : youtube@mbcplus.com""}, ""defaultAudioLanguage"": ""ko""}, ""statistics"": {""viewCount"": ""173026"", ""likeCount"": ""1064"", ""favoriteCount"": ""0"", ""commentCount"": ""1858""}}"
youtube,두쫀쿠,canonical,1.0,[돌싱N모솔] 전문직 여쟈 !!! 소개 시켜줘야쥬🥴 전문직 여성이 없어 속상한 조지 모음 l #돌싱N모솔 l #MBCevery1,https://www.youtube.com/watch?v=_Faewz3FPXE,2026-05-09T11:00:57Z,2026-05-26T05:44:58.694563+00:00,160534,853,1018,1871,MBC every1,"0:00 '저 전문직 집안 사람인데...' 본인의 이상형이 없자 결국엔 촬영 중단까지?
5:01 조지에게 능숙한 모솔이 해주는 연애 조언 시간
10:36 아 안 먹어;; 데이트 못해 흑화한 조지ㅋㅋㅋ

#돌싱N모솔 #돌싱 #모솔 #연프 #연애리얼리티 #채정안 #김풍 #넉살 #낙화유수 #조지 #현무 #맹꽁이 #수금지화목토천해명 #루키 #핑퐁 #카멜리아 #순무 #서울쥐 #두쫀쿠 #불나방 #연애기숙학교 #연애 #결혼 #이혼 #첫사랑 #끝사랑 #엠비씨에브리원 #MBCevery1

♥시간 순삭 꿀잼 영상!! 구독하고 챙겨보기♥
 https://bit.ly/3WwT2El
 
 --------------------------------------------------------------
 ☆KPOP 영상이 보고싶다면??!☆
ALL THE K-POP 보러 가기 : https://bit.ly/3NJTqeG
✅ 비즈니스 문의 : youtube@mbcplus.com","{""kind"": ""youtube#video"", ""etag"": ""1bM8MHVj5pgV9lD7XZzoskXhoy4"", ""id"": ""_Faewz3FPXE"", ""snippet"": {""publishedAt"": ""2026-05-09T11:00:57Z"", ""channelId"": ""UC-VbFgagk6GJGDJgRQIMpZw"", ""title"": ""[돌싱N모솔] 전문직 여쟈 !!! 소개 시켜줘야쥬🥴 전문직 여성이 없어 속상한 조지 모음 l #돌싱N모솔 l #MBCevery1"", ""description"": ""0:00 '저 전문직 집안 사람인데...' 본인의 이상형이 없자 결국엔 촬영 중단까지?\n5:01 조지에게 능숙한 모솔이 해주는 연애 조언 시간\n10:36 아 안 먹어;; 데이트 못해 흑화한 조지ㅋㅋㅋ\n\n#돌싱N모솔 #돌싱 #모솔 #연프 #연애리얼리티 #채정안 #김풍 #넉살 #낙화유수 #조지 #현무 #맹꽁이 #수금지화목토천해명 #루키 #핑퐁 #카멜리아 #순무 #서울쥐 #두쫀쿠 #불나방 #연애기숙학교 #연애 #결혼 #이혼 #첫사랑 #끝사랑 #엠비씨에브리원 #MBCevery1\n\n♥시간 순삭 꿀잼 영상!! 구독하고 챙겨보기♥\n https://bit.ly/3WwT2El\n \n --------------------------------------------------------------\n ☆KPOP 영상이 보고싶다면??!☆\nALL THE K-POP 보러 가기 : https://bit.ly/3NJTqeG\n✅ 비즈니스 문의 : youtube@mbcplus.com"", ""thumbnails"": {""default"": {""url"": ""https://i.ytimg.com/vi/_Faewz3FPXE/default.jpg"", ""width"": 120, ""height"": 90}, ""medium"": {""url"": ""https://i.ytimg.com/vi/_Faewz3FPXE/mqdefault.jpg"", ""width"": 320, ""height"": 180}, ""high"": {""url"": ""https://i.ytimg.com/vi/_Faewz3FPXE/hqdefault.jpg"", ""width"": 480, ""height"": 360}, ""standard"": {""url"": ""https://i.ytimg.com/vi/_Faewz3FPXE/sddefault.jpg"", ""width"": 640, ""height"": 480}, ""maxres"": {""url"": ""https://i.ytimg.com/vi/_Faewz3FPXE/maxresdefault.jpg"", ""width"": 1280, ""height"": 720}}, ""channelTitle"": ""MBC every1"", ""tags"": [""MBC every1"", ""MBCevery1"", ""MBC에브리원"", ""돌싱N모솔"", ""돌싱"", ""모솔"", ""연프"", ""연애리얼리티"", ""채정안"", ""김풍"", ""넉살"", ""낙화유수"", ""조지"", ""현무"", ""맹꽁이"", ""수금지화목토천해명"", ""루키"", ""핑퐁"", ""카멜리아"", ""순무"", ""서울쥐"", ""두쫀쿠"", ""불나방"", ""연애기숙학교"", ""연애"", ""결혼"", ""이혼"", ""첫사랑"", ""끝사랑"", ""엠비씨에브리원"", ""돌싱모솔""], ""categoryId"": ""24"", ""liveBroadcastContent"": ""none"", ""defaultLanguage"": ""ko"", ""localized"": {""title"": ""[돌싱N모솔] 전문직 여쟈 !!! 소개 시켜줘야쥬🥴 전문직 여성이 없어 속상한 조지 모음 l #돌싱N모솔 l #MBCevery1"", ""description"": ""0:00 '저 전문직 집안 사람인데...' 본인의 이상형이 없자 결국엔 촬영 중단까지?\n5:01 조지에게 능숙한 모솔이 해주는 연애 조언 시간\n10:36 아 안 먹어;; 데이트 못해 흑화한 조지ㅋㅋㅋ\n\n#돌싱N모솔 #돌싱 #모솔 #연프 #연애리얼리티 #채정안 #김풍 #넉살 #낙화유수 #조지 #현무 #맹꽁이 #수금지화목토천해명 #루키 #핑퐁 #카멜리아 #순무 #서울쥐 #두쫀쿠 #불나방 #연애기숙학교 #연애 #결혼 #이혼 #첫사랑 #끝사랑 #엠비씨에브리원 #MBCevery1\n\n♥시간 순삭 꿀잼 영상!! 구독하고 챙겨보기♥\n https://bit.ly/3WwT2El\n \n --------------------------------------------------------------\n ☆KPOP 영상이 보고싶다면??!☆\nALL THE K-POP 보러 가기 : https://bit.ly/3NJTqeG\n✅ 비즈니스 문의 : youtube@mbcplus.com""}, ""defaultAudioLanguage"": ""ko""}, ""statistics"": {""viewCount"": ""160534"", ""likeCount"": ""853"", ""favoriteCount"": ""0"", ""commentCount"": ""1018""}}"
youtube,두쫀쿠,canonical,1.0,서뱅이 두꼬쿠(두쫀쿠) ASMR,https://www.youtube.com/watch?v=Zu4m-_bn0UA,2026-05-02T13:10:46Z,2026-05-26T05:44:58.694563+00:00,247485,5540,196,5736,랄랄ralral,,"{""kind"": ""youtube#video"", ""etag"": ""7_ETI9643mN6F8IxTapQsC6FHe0"", ""id"": ""Zu4m-_bn0UA"", ""snippet"": {""publishedAt"": ""2026-05-02T13:10:46Z"", ""channelId"": ""UCEX1cZB5TL7jyKejXdTXCKA"", ""title"": ""서뱅이 두꼬쿠(두쫀쿠) ASMR"", ""description"": """", ""thumbnails"": {""default"": {""url"": ""https://i.ytimg.com/vi/Zu4m-_bn0UA/default.jpg"", ""width"": 120, ""height"": 90}, ""medium"": {""url"": ""https://i.ytimg.com/vi/Zu4m-_bn0UA/mqdefault.jpg"", ""width"": 320, ""height"": 180}, ""high"": {""url"": ""https://i.ytimg.com/vi/Zu4m-_bn0UA/hqdefault.jpg"", ""width"": 480, ""height"": 360}, ""standard"": {""url"": ""https://i.ytimg.com/vi/Zu4m-_bn0UA/sddefault.jpg"", ""width"": 640, ""height"": 480}, ""maxres"": {""url"": ""https://i.ytimg.com/vi/Zu4m-_bn0UA/maxresdefault.jpg"", ""width"": 1280, ""height"": 720}}, ""channelTitle"": ""랄랄ralral"", ""categoryId"": ""24"", ""liveBroadcastContent"": ""none"", ""defaultLanguage"": ""ko"", ""localized"": {""title"": ""서뱅이 두꼬쿠(두쫀쿠) ASMR"", ""description"": """"}, ""defaultAudioLanguage"": ""ko""}, ""statistics"": {""viewCount"": ""247485"", ""likeCount"": ""5540"", ""favoriteCount"": ""0"", ""commentCount"": ""196""}}"
youtube,두쫀쿠,canonical,1.0,오늘자 학교 급식에 등장한 두쫀쿠 근황,https://www.youtube.com/watch?v=BpDpej1spTM,2026-05-08T13:58:16Z,2026-05-26T05:44:58.694563+00:00,159676,1607,227,1834,휘웅쌤,#두쫀쿠 #급식,"{""kind"": ""youtube#video"", ""etag"": ""s077LkNYQrLAWwhnkhOjPRpaA-4"", ""id"": ""BpDpej1spTM"", ""snippet"": {""publishedAt"": ""2026-05-08T13:58:16Z"", ""channelId"": ""UCEkFOYg5mfks9heVoDRIUEw"", ""title"": ""오늘자 학교 급식에 등장한 두쫀쿠 근황"", ""description"": ""#두쫀쿠 #급식"", ""thumbnails"": {""default"": {""url"": ""https://i.ytimg.com/vi/BpDpej1spTM/default.jpg"", ""width"": 120, ""height"": 90}, ""medium"": {""url"": ""https://i.ytimg.com/vi/BpDpej1spTM/mqdefault.jpg"", ""width"": 320, ""height"": 180}, ""high"": {""url"": ""https://i.ytimg.com/vi/BpDpej1spTM/hqdefault.jpg"", ""width"": 480, ""height"": 360}, ""standard"": {""url"": ""https://i.ytimg.com/vi/BpDpej1spTM/sddefault.jpg"", ""width"": 640, ""height"": 480}, ""maxres"": {""url"": ""https://i.ytimg.com/vi/BpDpej1spTM/maxresdefault.jpg"", ""width"": 1280, ""height"": 720}}, ""channelTitle"": ""휘웅쌤"", ""categoryId"": ""22"", ""liveBroadcastContent"": ""none"", ""defaultLanguage"": ""ko"", ""localized"": {""title"": ""오늘자 학교 급식에 등장한 두쫀쿠 근황"", ""description"": ""#두쫀쿠 #급식""}}, ""statistics"": {""viewCount"": ""159676"", ""likeCount"": ""1607"", ""favoriteCount"": ""0"", ""commentCount"": ""227""}}"
youtube,두쫀쿠,canonical,1.0,🚨비상.. 결국 두바이 라인 전체 가격 인하합니다..!😳 #몬트쿠키 #두바이 #두바이쫀득쿠키 #두쫀쿠 #가격인하,https://www.youtube.com/watch?v=8yM6gb5DF2E,2026-05-12T12:31:12Z,2026-05-26T05:44:58.694563+00:00,176969,1656,98,1754,몬트쿠키 | 두바이쫀득쿠키 원조🧆,"“두쫀쿠 유행 끝난 거 아니에요?”
라고 물어보시는 분들 아직 계신데요..!

저희는 요즘도 두쫀쿠 인기는 기본이고,
두바이 초코블럭, 아그작 두쫀쿠, 버터떡처럼
계속해서 두바이 신상 디저트까지 출시하고 있어요 💝

두바이 디저트는
단순 유행으로 끝난 게 아니라,
이제는 하나의 ‘장르’가 되어가고 있는 것 같아요! 🙌🏻

근데 진짜 중요한 건 지금부터에요👀

최근 피스타치오 수입과 원물 수급이 안정되면서
재료 원가가 많이 낮아졌는데,

그걸 그대로 마진으로 남기면
몬트쿠키가 아니죠 🙂‍↔️

그래서 결국 결정했습니다‼️

🤎 원조 두바이 쫀득쿠키
🤎 두바이 수건케이크
🤎 브루키
🤎 크루키
🤎 버터떡
🤎 두바이 스프레드까지

두바이 시리즈 가격 전부 인하 들어갑니다🔥

가격은 낮췄지만
100% 원물 피스타치오 페이스트와
그 미친 꾸덕함은 절대 포기할 수 없겠죠?! 😌

앞으로도 몬트쿠키는
계속 새로운 디저트와 더 좋은 가격으로
여러분들 행복하게 해드릴게요🧡

몬쿠 두바이 시리즈 궁금하신 분들은
지금 바로 프로필 링크를 참고해주세요! 💌","{""kind"": ""youtube#video"", ""etag"": ""7HU2NpQrymPhXh7zN9Ss4b6KfJw"", ""id"": ""8yM6gb5DF2E"", ""snippet"": {""publishedAt"": ""2026-05-12T12:31:12Z"", ""channelId"": ""UCAKiaMq_H1Vq8xBFYgGsj_Q"", ""title"": ""🚨비상.. 결국 두바이 라인 전체 가격 인하합니다..!😳 #몬트쿠키 #두바이 #두바이쫀득쿠키 #두쫀쿠 #가격인하"", ""description"": ""“두쫀쿠 유행 끝난 거 아니에요?”\n라고 물어보시는 분들 아직 계신데요..!\n\n저희는 요즘도 두쫀쿠 인기는 기본이고,\n두바이 초코블럭, 아그작 두쫀쿠, 버터떡처럼\n계속해서 두바이 신상 디저트까지 출시하고 있어요 💝\n\n두바이 디저트는\n단순 유행으로 끝난 게 아니라,\n이제는 하나의 ‘장르’가 되어가고 있는 것 같아요! 🙌🏻\n\n근데 진짜 중요한 건 지금부터에요👀\n\n최근 피스타치오 수입과 원물 수급이 안정되면서\n재료 원가가 많이 낮아졌는데,\n\n그걸 그대로 마진으로 남기면\n몬트쿠키가 아니죠 🙂‍↔️\n\n그래서 결국 결정했습니다‼️\n\n🤎 원조 두바이 쫀득쿠키\n🤎 두바이 수건케이크\n🤎 브루키\n🤎 크루키\n🤎 버터떡\n🤎 두바이 스프레드까지\n\n두바이 시리즈 가격 전부 인하 들어갑니다🔥\n\n가격은 낮췄지만\n100% 원물 피스타치오 페이스트와\n그 미친 꾸덕함은 절대 포기할 수 없겠죠?! 😌\n\n앞으로도 몬트쿠키는\n계속 새로운 디저트와 더 좋은 가격으로\n여러분들 행복하게 해드릴게요🧡\n\n몬쿠 두바이 시리즈 궁금하신 분들은\n지금 바로 프로필 링크를 참고해주세요! 💌"", ""thumbnails"": {""default"": {""url"": ""https://i.ytimg.com/vi/8yM6gb5DF2E/default.jpg"", ""width"": 120, ""height"": 90}, ""medium"": {""url"": ""https://i.ytimg.com/vi/8yM6gb5DF2E/mqdefault.jpg"", ""width"": 320, ""height"": 180}, ""high"": {""url"": ""https://i.ytimg.com/vi/8yM6gb5DF2E/hqdefault.jpg"", ""width"": 480, ""height"": 360}, ""standard"": {""url"": ""https://i.ytimg.com/vi/8yM6gb5DF2E/sddefault.jpg"", ""width"": 640, ""height"": 480}, ""maxres"": {""url"": ""https://i.ytimg.com/vi/8yM6gb5DF2E/maxresdefault.jpg"", ""width"": 1280, ""height"": 720}}, ""channelTitle"": ""몬트쿠키 | 두바이쫀득쿠키 원조🧆"", ""categoryId"": ""22"", ""liveBroadcastContent"": ""none"", ""defaultLanguage"": ""ko"", ""localized"": {""title"": ""🚨비상.. 결국 두바이 라인 전체 가격 인하합니다..!😳 #몬트쿠키 #두바이 #두바이쫀득쿠키 #두쫀쿠 #가격인하"", ""description"": ""“두쫀쿠 유행 끝난 거 아니에요?”\n라고 물어보시는 분들 아직 계신데요..!\n\n저희는 요즘도 두쫀쿠 인기는 기본이고,\n두바이 초코블럭, 아그작 두쫀쿠, 버터떡처럼\n계속해서 두바이 신상 디저트까지 출시하고 있어요 💝\n\n두바이 디저트는\n단순 유행으로 끝난 게 아니라,\n이제는 하나의 ‘장르’가 되어가고 있는 것 같아요! 🙌🏻\n\n근데 진짜 중요한 건 지금부터에요👀\n\n최근 피스타치오 수입과 원물 수급이 안정되면서\n재료 원가가 많이 낮아졌는데,\n\n그걸 그대로 마진으로 남기면\n몬트쿠키가 아니죠 🙂‍↔️\n\n그래서 결국 결정했습니다‼️\n\n🤎 원조 두바이 쫀득쿠키\n🤎 두바이 수건케이크\n🤎 브루키\n🤎 크루키\n🤎 버터떡\n🤎 두바이 스프레드까지\n\n두바이 시리즈 가격 전부 인하 들어갑니다🔥\n\n가격은 낮췄지만\n100% 원물 피스타치오 페이스트와\n그 미친 꾸덕함은 절대 포기할 수 없겠죠?! 😌\n\n앞으로도 몬트쿠키는\n계속 새로운 디저트와 더 좋은 가격으로\n여러분들 행복하게 해드릴게요🧡\n\n몬쿠 두바이 시리즈 궁금하신 분들은\n지금 바로 프로필 링크를 참고해주세요! 💌""}}, ""statistics"": {""viewCount"": ""176969"", ""likeCount"": ""1656"", ""favoriteCount"": ""0"", ""commentCount"": ""98""}}"
youtube,두쫀쿠,canonical,1.0,[요약] 여태껏 본 적이 없는 연애 리얼리티쇼! 김풍·채정안·넉살 두 손 두 발 다 들어버린 사연 l #돌싱N모솔 l #MBCevery1 l EP.4,https://www.youtube.com/watch?v=Xi6zZkhVJ9g,2026-05-13T07:00:22Z,2026-05-26T05:44:58.694563+00:00,102935,435,351,786,MBC every1,"여태껏 본 적이 없는 연애 리얼리티쇼!
김풍·채정안·넉살 두 손 두 발 다 들어버린 사연

0:00 제대로 착각해버린 카멜리아 ㅠㅠ
11:18 고독한 조지
13:45 조지를 위한 핑퐁의 진심 어린 조언
15:42 조언듣고 360도 달라진 조지!
16:42 채정안 입덕 부정기 (feat. 그렇게 조며듭니다)
17:04 조지의 뷰티학개론
26:47 3MC 오열 시작
30:46 내 심장을 가장 많이 뛰게 한 사람은 누구일까?

#돌싱N모솔 #돌싱 #모솔 #연프 #연애리얼리티 #채정안 #김풍 #넉살 #낙화유수 #조지 #현무 #맹꽁이 #수금지화목토천해명 #루키 #핑퐁 #카멜리아 #순무 #서울쥐 #두쫀쿠 #불나방 #연애기숙학교 #연애 #결혼 #이혼 #첫사랑 #심장 #심장박동 #부정맥 #끝사랑 #엠비씨에브리원 #MBCevery1

♥시간 순삭 꿀잼 영상!! 구독하고 챙겨보기♥
 https://bit.ly/3WwT2El
 
 --------------------------------------------------------------
 ☆KPOP 영상이 보고싶다면??!☆
ALL THE K-POP 보러 가기 : https://bit.ly/3NJTqeG
✅ 비즈니스 문의 : youtube@mbcplus.com","{""kind"": ""youtube#video"", ""etag"": ""aJ6qmMucQzYh46wC2J-IJfP3xd4"", ""id"": ""Xi6zZkhVJ9g"", ""snippet"": {""publishedAt"": ""2026-05-13T07:00:22Z"", ""channelId"": ""UC-VbFgagk6GJGDJgRQIMpZw"", ""title"": ""[요약] 여태껏 본 적이 없는 연애 리얼리티쇼! 김풍·채정안·넉살 두 손 두 발 다 들어버린 사연 l #돌싱N모솔 l #MBCevery1 l EP.4"", ""description"": ""여태껏 본 적이 없는 연애 리얼리티쇼!\n김풍·채정안·넉살 두 손 두 발 다 들어버린 사연\n\n0:00 제대로 착각해버린 카멜리아 ㅠㅠ\n11:18 고독한 조지\n13:45 조지를 위한 핑퐁의 진심 어린 조언\n15:42 조언듣고 360도 달라진 조지!\n16:42 채정안 입덕 부정기 (feat. 그렇게 조며듭니다)\n17:04 조지의 뷰티학개론\n26:47 3MC 오열 시작\n30:46 내 심장을 가장 많이 뛰게 한 사람은 누구일까?\n\n#돌싱N모솔 #돌싱 #모솔 #연프 #연애리얼리티 #채정안 #김풍 #넉살 #낙화유수 #조지 #현무 #맹꽁이 #수금지화목토천해명 #루키 #핑퐁 #카멜리아 #순무 #서울쥐 #두쫀쿠 #불나방 #연애기숙학교 #연애 #결혼 #이혼 #첫사랑 #심장 #심장박동 #부정맥 #끝사랑 #엠비씨에브리원 #MBCevery1\n\n♥시간 순삭 꿀잼 영상!! 구독하고 챙겨보기♥\n https://bit.ly/3WwT2El\n \n --------------------------------------------------------------\n ☆KPOP 영상이 보고싶다면??!☆\nALL THE K-POP 보러 가기 : https://bit.ly/3NJTqeG\n✅ 비즈니스 문의 : youtube@mbcplus.com"", ""thumbnails"": {""default"": {""url"": ""https://i.ytimg.com/vi/Xi6zZkhVJ9g/default.jpg"", ""width"": 120, ""height"": 90}, ""medium"": {""url"": ""https://i.ytimg.com/vi/Xi6zZkhVJ9g/mqdefault.jpg"", ""width"": 320, ""height"": 180}, ""high"": {""url"": ""https://i.ytimg.com/vi/Xi6zZkhVJ9g/hqdefault.jpg"", ""width"": 480, ""height"": 360}, ""standard"": {""url"": ""https://i.ytimg.com/vi/Xi6zZkhVJ9g/sddefault.jpg"", ""width"": 640, ""height"": 480}, ""maxres"": {""url"": ""https://i.ytimg.com/vi/Xi6zZkhVJ9g/maxresdefault.jpg"", ""width"": 1280, ""height"": 720}}, ""channelTitle"": ""MBC every1"", ""tags"": [""MBC every1"", ""MBCevery1"", ""MBC에브리원"", ""돌싱N모솔"", ""돌싱"", ""모솔"", ""연프"", ""연애리얼리티"", ""채정안"", ""김풍"", ""넉살"", ""낙화유수"", ""조지"", ""현무"", ""맹꽁이"", ""수금지화목토천해명"", ""루키"", ""핑퐁"", ""카멜리아"", ""순무"", ""서울쥐"", ""두쫀쿠"", ""불나방"", ""연애기숙학교"", ""연애"", ""결혼"", ""이혼"", ""첫사랑"", ""심장"", ""심장박동"", ""부정맥"", ""끝사랑"", ""엠비씨에브리원""], ""categoryId"": ""24"", ""liveBroadcastContent"": ""none"", ""defaultLanguage"": ""ko"", ""localized"": {""title"": ""[요약] 여태껏 본 적이 없는 연애 리얼리티쇼! 김풍·채정안·넉살 두 손 두 발 다 들어버린 사연 l #돌싱N모솔 l #MBCevery1 l EP.4"", ""description"": ""여태껏 본 적이 없는 연애 리얼리티쇼!\n김풍·채정안·넉살 두 손 두 발 다 들어버린 사연\n\n0:00 제대로 착각해버린 카멜리아 ㅠㅠ\n11:18 고독한 조지\n13:45 조지를 위한 핑퐁의 진심 어린 조언\n15:42 조언듣고 360도 달라진 조지!\n16:42 채정안 입덕 부정기 (feat. 그렇게 조며듭니다)\n17:04 조지의 뷰티학개론\n26:47 3MC 오열 시작\n30:46 내 심장을 가장 많이 뛰게 한 사람은 누구일까?\n\n#돌싱N모솔 #돌싱 #모솔 #연프 #연애리얼리티 #채정안 #김풍 #넉살 #낙화유수 #조지 #현무 #맹꽁이 #수금지화목토천해명 #루키 #핑퐁 #카멜리아 #순무 #서울쥐 #두쫀쿠 #불나방 #연애기숙학교 #연애 #결혼 #이혼 #첫사랑 #심장 #심장박동 #부정맥 #끝사랑 #엠비씨에브리원 #MBCevery1\n\n♥시간 순삭 꿀잼 영상!! 구독하고 챙겨보기♥\n https://bit.ly/3WwT2El\n \n --------------------------------------------------------------\n ☆KPOP 영상이 보고싶다면??!☆\nALL THE K-POP 보러 가기 : https://bit.ly/3NJTqeG\n✅ 비즈니스 문의 : youtube@mbcplus.com""}, ""defaultAudioLanguage"": ""ko""}, ""statistics"": {""viewCount"": ""102935"", ""likeCount"": ""435"", ""favoriteCount"": ""0"", ""commentCount"": ""351""}}"
youtube,두쫀쿠,canonical,1.0,지금까지의 조지는 잊어라. 멋쟁이가 된 조지~★ l #돌싱N모솔 l #MBCevery1 l EP.5,https://www.youtube.com/watch?v=RwHy91JDxIE,2026-05-12T14:30:29Z,2026-05-26T05:44:58.694563+00:00,99323,511,610,1121,MBC every1,"▶ 어서 와, 연애 교습소는 처음이지? 모솔 맞춤형 특별 강의 대공개
▶ 역대급 위기! 방송 하차 선언? 돌싱녀의 폭탄 발언과 숨겨진 진실
▶ 상처엔 노래가 약! 흥에 취한 0표남 조지의 우당탕탕 ‘노래 스틸’ 사건
▶ 이 스킨십 실화? 모솔남들 심박수 폭발시킨 심쿵 체육 수업♥
▶ 시선마저 냉랭! 불나방 앞에선 웃음기 압수한 현무의 투명한 온도차

#돌싱N모솔 #돌싱 #모솔 #연프 #연애리얼리티 #채정안 #김풍 #넉살 #낙화유수 #조지 #현무 #맹꽁이 #수금지화목토천해명 #루키 #핑퐁 #카멜리아 #순무 #서울쥐 #두쫀쿠 #불나방 #연애기숙학교 #연애 #결혼 #이혼 #첫사랑 #심장 #심장박동 #부정맥 #끝사랑 #엠비씨에브리원 #MBCevery1

♥시간 순삭 꿀잼 영상!! 구독하고 챙겨보기♥
 https://bit.ly/3WwT2El
 
 --------------------------------------------------------------
 ☆KPOP 영상이 보고싶다면??!☆
ALL THE K-POP 보러 가기 : https://bit.ly/3NJTqeG
✅ 비즈니스 문의 : youtube@mbcplus.com

========================================
저자극 강력세정으로
두피부터 모발까지 올인원 케어

우르오스 스칼프샴푸 구매하러 가기

👇👇👇
공식몰: https://brand.naver.com/ulos/products/10797621534
==========================================","{""kind"": ""youtube#video"", ""etag"": ""eTQeI1OHXXXvFMMK7mPWgi1Zkys"", ""id"": ""RwHy91JDxIE"", ""snippet"": {""publishedAt"": ""2026-05-12T14:30:29Z"", ""channelId"": ""UC-VbFgagk6GJGDJgRQIMpZw"", ""title"": ""지금까지의 조지는 잊어라. 멋쟁이가 된 조지~★ l #돌싱N모솔 l #MBCevery1 l EP.5"", ""description"": ""▶ 어서 와, 연애 교습소는 처음이지? 모솔 맞춤형 특별 강의 대공개\n▶ 역대급 위기! 방송 하차 선언? 돌싱녀의 폭탄 발언과 숨겨진 진실\n▶ 상처엔 노래가 약! 흥에 취한 0표남 조지의 우당탕탕 ‘노래 스틸’ 사건\n▶ 이 스킨십 실화? 모솔남들 심박수 폭발시킨 심쿵 체육 수업♥\n▶ 시선마저 냉랭! 불나방 앞에선 웃음기 압수한 현무의 투명한 온도차\n\n#돌싱N모솔 #돌싱 #모솔 #연프 #연애리얼리티 #채정안 #김풍 #넉살 #낙화유수 #조지 #현무 #맹꽁이 #수금지화목토천해명 #루키 #핑퐁 #카멜리아 #순무 #서울쥐 #두쫀쿠 #불나방 #연애기숙학교 #연애 #결혼 #이혼 #첫사랑 #심장 #심장박동 #부정맥 #끝사랑 #엠비씨에브리원 #MBCevery1\n\n♥시간 순삭 꿀잼 영상!! 구독하고 챙겨보기♥\n https://bit.ly/3WwT2El\n \n --------------------------------------------------------------\n ☆KPOP 영상이 보고싶다면??!☆\nALL THE K-POP 보러 가기 : https://bit.ly/3NJTqeG\n✅ 비즈니스 문의 : youtube@mbcplus.com\n\n========================================\n저자극 강력세정으로\n두피부터 모발까지 올인원 케어\n\n우르오스 스칼프샴푸 구매하러 가기\n\n👇👇👇\n공식몰: https://brand.naver.com/ulos/products/10797621534\n=========================================="", ""thumbnails"": {""default"": {""url"": ""https://i.ytimg.com/vi/RwHy91JDxIE/default.jpg"", ""width"": 120, ""height"": 90}, ""medium"": {""url"": ""https://i.ytimg.com/vi/RwHy91JDxIE/mqdefault.jpg"", ""width"": 320, ""height"": 180}, ""high"": {""url"": ""https://i.ytimg.com/vi/RwHy91JDxIE/hqdefault.jpg"", ""width"": 480, ""height"": 360}, ""standard"": {""url"": ""https://i.ytimg.com/vi/RwHy91JDxIE/sddefault.jpg"", ""width"": 640, ""height"": 480}, ""maxres"": {""url"": ""https://i.ytimg.com/vi/RwHy91JDxIE/maxresdefault.jpg"", ""width"": 1280, ""height"": 720}}, ""channelTitle"": ""MBC every1"", ""tags"": [""돌싱N모솔"", ""돌싱"", ""모솔"", ""연프"", ""연애리얼리티"", ""채정안"", ""김풍"", ""넉살"", ""낙화유수"", ""조지"", ""현무"", ""맹꽁이"", ""수금지화목토천해명"", ""루키"", ""핑퐁"", ""카멜리아"", ""순무"", ""서울쥐"", ""두쫀쿠"", ""불나방"", ""연애기숙학교"", ""연애"", ""결혼"", ""이혼"", ""첫사랑"", ""심장"", ""심장박동"", ""부정맥"", ""끝사랑"", ""엠비씨에브리원"", ""MBCevery1""], ""categoryId"": ""24"", ""liveBroadcastContent"": ""none"", ""defaultLanguage"": ""ko"", ""localized"": {""title"": ""지금까지의 조지는 잊어라. 멋쟁이가 된 조지~★ l #돌싱N모솔 l #MBCevery1 l EP.5"", ""description"": ""▶ 어서 와, 연애 교습소는 처음이지? 모솔 맞춤형 특별 강의 대공개\n▶ 역대급 위기! 방송 하차 선언? 돌싱녀의 폭탄 발언과 숨겨진 진실\n▶ 상처엔 노래가 약! 흥에 취한 0표남 조지의 우당탕탕 ‘노래 스틸’ 사건\n▶ 이 스킨십 실화? 모솔남들 심박수 폭발시킨 심쿵 체육 수업♥\n▶ 시선마저 냉랭! 불나방 앞에선 웃음기 압수한 현무의 투명한 온도차\n\n#돌싱N모솔 #돌싱 #모솔 #연프 #연애리얼리티 #채정안 #김풍 #넉살 #낙화유수 #조지 #현무 #맹꽁이 #수금지화목토천해명 #루키 #핑퐁 #카멜리아 #순무 #서울쥐 #두쫀쿠 #불나방 #연애기숙학교 #연애 #결혼 #이혼 #첫사랑 #심장 #심장박동 #부정맥 #끝사랑 #엠비씨에브리원 #MBCevery1\n\n♥시간 순삭 꿀잼 영상!! 구독하고 챙겨보기♥\n https://bit.ly/3WwT2El\n \n --------------------------------------------------------------\n ☆KPOP 영상이 보고싶다면??!☆\nALL THE K-POP 보러 가기 : https://bit.ly/3NJTqeG\n✅ 비즈니스 문의 : youtube@mbcplus.com\n\n========================================\n저자극 강력세정으로\n두피부터 모발까지 올인원 케어\n\n우르오스 스칼프샴푸 구매하러 가기\n\n👇👇👇\n공식몰: https://brand.naver.com/ulos/products/10797621534\n==========================================""}, ""defaultAudioLanguage"": ""ko""}, ""statistics"": {""viewCount"": ""99323"", ""likeCount"": ""511"", ""favoriteCount"": ""0"", ""commentCount"": ""610""}}"
youtube,두쫀쿠,canonical,1.0,두쫀쿠 다음 버터떡 뽑기 꿀팁 #인형뽑기 #인형뽑기꿀팁 #clawmachine,https://www.youtube.com/watch?v=Od4T14PwJZ4,2026-04-30T08:12:42Z,2026-05-26T05:44:58.694563+00:00,152629,1056,37,1093,뽀끼뽀끼,#키캡 #뽑기 #shorts #추천,"{""kind"": ""youtube#video"", ""etag"": ""oorVWSGQMIOi4jX5Prg04JCokmM"", ""id"": ""Od4T14PwJZ4"", ""snippet"": {""publishedAt"": ""2026-04-30T08:12:42Z"", ""channelId"": ""UCRERF-y62LCzMMRnKLGO0pg"", ""title"": ""두쫀쿠 다음 버터떡 뽑기 꿀팁 #인형뽑기 #인형뽑기꿀팁 #clawmachine"", ""description"": ""#키캡 #뽑기 #shorts #추천"", ""thumbnails"": {""default"": {""url"": ""https://i.ytimg.com/vi/Od4T14PwJZ4/default.jpg"", ""width"": 120, ""height"": 90}, ""medium"": {""url"": ""https://i.ytimg.com/vi/Od4T14PwJZ4/mqdefault.jpg"", ""width"": 320, ""height"": 180}, ""high"": {""url"": ""https://i.ytimg.com/vi/Od4T14PwJZ4/hqdefault.jpg"", ""width"": 480, ""height"": 360}, ""standard"": {""url"": ""https://i.ytimg.com/vi/Od4T14PwJZ4/sddefault.jpg"", ""width"": 640, ""height"": 480}, ""maxres"": {""url"": ""https://i.ytimg.com/vi/Od4T14PwJZ4/maxresdefault.jpg"", ""width"": 1280, ""height"": 720}}, ""channelTitle"": ""뽀끼뽀끼"", ""categoryId"": ""20"", ""liveBroadcastContent"": ""none"", ""defaultLanguage"": ""ko"", ""localized"": {""title"": ""두쫀쿠 다음 버터떡 뽑기 꿀팁 #인형뽑기 #인형뽑기꿀팁 #clawmachine"", ""description"": ""#키캡 #뽑기 #shorts #추천""}, ""defaultAudioLanguage"": ""ko""}, ""statistics"": {""viewCount"": ""152629"", ""likeCount"": ""1056"", ""favoriteCount"": ""0"", ""commentCount"": ""37""}}"
youtube,두쫀쿠,canonical,1.0,❤️‍🩹EP.6 | 사랑은 원래 이런 건가요? [돌싱N모솔] 매주 (화) 밤 10시 E채널 본방송,https://www.youtube.com/watch?v=heXVXB7nFow,2026-05-19T14:28:02Z,2026-05-26T05:44:58.694563+00:00,87332,347,487,834,E채널,"수금지화는 1000% 진심인데...
그의 사랑을 의심하는 두쫀쿠💔
3일 만에 사랑에 빠지는 게 가능한가?

6회 2026.05.19 방영

❤️‍🩹[돌싱N모솔] 매주 (화) 밤 10시 E채널 본방송
#E채널 #MBCevery1 #공동제작

#돌싱N모솔 #연애기숙학교
#채정안 #김풍 #넉살

📺[E채널] 채널 번호 👉 지니TV 998번 | Btv 995번 | U+tv 76번 | Skylife 44번
📺[E LIKE] 채널 번호 👉 지니TV 256번 | Btv 61번 | U+tv 92번 | Skylife 147번
💝[E채널] 인스타그램 👉 @echannel_tcast

※ 출연자에 대한 무분별한 비방 및 욕설은 무통보 삭제 처리됩니다. 시청자 여러분의 양해 바랍니다.","{""kind"": ""youtube#video"", ""etag"": ""wuvm1AtceRzDsVGsoGVK8oAwC9U"", ""id"": ""heXVXB7nFow"", ""snippet"": {""publishedAt"": ""2026-05-19T14:28:02Z"", ""channelId"": ""UCjToDBf8P-4QkETw2kJ-H3g"", ""title"": ""❤️‍🩹EP.6 | 사랑은 원래 이런 건가요? [돌싱N모솔] 매주 (화) 밤 10시 E채널 본방송"", ""description"": ""수금지화는 1000% 진심인데...\n그의 사랑을 의심하는 두쫀쿠💔\n3일 만에 사랑에 빠지는 게 가능한가?\n\n6회 2026.05.19 방영\n\n❤️‍🩹[돌싱N모솔] 매주 (화) 밤 10시 E채널 본방송\n#E채널 #MBCevery1 #공동제작\n\n#돌싱N모솔 #연애기숙학교\n#채정안 #김풍 #넉살\n\n📺[E채널] 채널 번호 👉 지니TV 998번 | Btv 995번 | U+tv 76번 | Skylife 44번\n📺[E LIKE] 채널 번호 👉 지니TV 256번 | Btv 61번 | U+tv 92번 | Skylife 147번\n💝[E채널] 인스타그램 👉 @echannel_tcast\n\n※ 출연자에 대한 무분별한 비방 및 욕설은 무통보 삭제 처리됩니다. 시청자 여러분의 양해 바랍니다."", ""thumbnails"": {""default"": {""url"": ""https://i.ytimg.com/vi/heXVXB7nFow/default.jpg"", ""width"": 120, ""height"": 90}, ""medium"": {""url"": ""https://i.ytimg.com/vi/heXVXB7nFow/mqdefault.jpg"", ""width"": 320, ""height"": 180}, ""high"": {""url"": ""https://i.ytimg.com/vi/heXVXB7nFow/hqdefault.jpg"", ""width"": 480, ""height"": 360}, ""standard"": {""url"": ""https://i.ytimg.com/vi/heXVXB7nFow/sddefault.jpg"", ""width"": 640, ""height"": 480}, ""maxres"": {""url"": ""https://i.ytimg.com/vi/heXVXB7nFow/maxresdefault.jpg"", ""width"": 1280, ""height"": 720}}, ""channelTitle"": ""E채널"", ""tags"": [""#돌싱N모솔"", ""#돌싱모솔"", ""#돌싱앤모솔"", ""#돌앤모"", ""#김풍"", ""#채정안"", ""#넉살"", ""#연애"", ""#연프"", ""#연애프로그램"", ""#사랑"", ""#커플"", ""#데이트"", ""#돌싱"", ""#모솔""], ""categoryId"": ""24"", ""liveBroadcastContent"": ""none"", ""defaultLanguage"": ""ko"", ""localized"": {""title"": ""❤️‍🩹EP.6 | 사랑은 원래 이런 건가요? [돌싱N모솔] 매주 (화) 밤 10시 E채널 본방송"", ""description"": ""수금지화는 1000% 진심인데...\n그의 사랑을 의심하는 두쫀쿠💔\n3일 만에 사랑에 빠지는 게 가능한가?\n\n6회 2026.05.19 방영\n\n❤️‍🩹[돌싱N모솔] 매주 (화) 밤 10시 E채널 본방송\n#E채널 #MBCevery1 #공동제작\n\n#돌싱N모솔 #연애기숙학교\n#채정안 #김풍 #넉살\n\n📺[E채널] 채널 번호 👉 지니TV 998번 | Btv 995번 | U+tv 76번 | Skylife 44번\n📺[E LIKE] 채널 번호 👉 지니TV 256번 | Btv 61번 | U+tv 92번 | Skylife 147번\n💝[E채널] 인스타그램 👉 @echannel_tcast\n\n※ 출연자에 대한 무분별한 비방 및 욕설은 무통보 삭제 처리됩니다. 시청자 여러분의 양해 바랍니다.""}, ""defaultAudioLanguage"": ""ko""}, ""statistics"": {""viewCount"": ""87332"", ""likeCount"": ""347"", ""favoriteCount"": ""0"", ""commentCount"": ""487""}}"
youtube,두쫀쿠,canonical,1.0,'왜 그동안 저를 선택 안 했어요?' 두쫀쿠에게 질문하는 조지 l #돌싱N모솔 l #MBCevery1 l EP.6,https://www.youtube.com/watch?v=QdXt5KZRvWw,2026-05-19T13:40:00Z,2026-05-26T05:44:58.694563+00:00,86636,428,386,814,MBC every1,"▶ 악의는 없는데 센스는 더 없는(?) 모솔남의 눈치 제로 말실수 대잔치 
▶ 넉살도 감탄한 돌싱녀표 마법의 유혹 기술 ☆최초 공개☆
▶ ＂사실 자녀는...＂ 두쫀쿠의 멘탈을 뒤흔든 한 모솔남의 솔직 발언
▶ 이게 무슨 운명의 장난? 랜덤 데이트가 불러온 ‘파국의 밤’
▶ ＂사랑은 원래 이런 건가요...?＂ 결국 눈물 터진 모솔남의 첫 고백

#돌싱N모솔 #돌싱 #모솔 #연프 #연애리얼리티 #채정안 #김풍 #넉살 #낙화유수 #조지 #현무 #맹꽁이 #수금지화목토천해명 #루키 #핑퐁 #카멜리아 #순무 #서울쥐 #두쫀쿠 #불나방 #연애기숙학교 #연애 #결혼 #이혼 #첫사랑 #끝사랑 #엠비씨에브리원 #MBCevery1

♥시간 순삭 꿀잼 영상!! 구독하고 챙겨보기♥
 https://bit.ly/3WwT2El
 
 --------------------------------------------------------------
 ☆KPOP 영상이 보고싶다면??!☆
ALL THE K-POP 보러 가기 : https://bit.ly/3NJTqeG
✅ 비즈니스 문의 : youtube@mbcplus.com","{""kind"": ""youtube#video"", ""etag"": ""tHKURsieh-m0PCdjXCsIP0usJEA"", ""id"": ""QdXt5KZRvWw"", ""snippet"": {""publishedAt"": ""2026-05-19T13:40:00Z"", ""channelId"": ""UC-VbFgagk6GJGDJgRQIMpZw"", ""title"": ""'왜 그동안 저를 선택 안 했어요?' 두쫀쿠에게 질문하는 조지 l #돌싱N모솔 l #MBCevery1 l EP.6"", ""description"": ""▶ 악의는 없는데 센스는 더 없는(?) 모솔남의 눈치 제로 말실수 대잔치 \n▶ 넉살도 감탄한 돌싱녀표 마법의 유혹 기술 ☆최초 공개☆\n▶ ＂사실 자녀는...＂ 두쫀쿠의 멘탈을 뒤흔든 한 모솔남의 솔직 발언\n▶ 이게 무슨 운명의 장난? 랜덤 데이트가 불러온 ‘파국의 밤’\n▶ ＂사랑은 원래 이런 건가요...?＂ 결국 눈물 터진 모솔남의 첫 고백\n\n#돌싱N모솔 #돌싱 #모솔 #연프 #연애리얼리티 #채정안 #김풍 #넉살 #낙화유수 #조지 #현무 #맹꽁이 #수금지화목토천해명 #루키 #핑퐁 #카멜리아 #순무 #서울쥐 #두쫀쿠 #불나방 #연애기숙학교 #연애 #결혼 #이혼 #첫사랑 #끝사랑 #엠비씨에브리원 #MBCevery1\n\n♥시간 순삭 꿀잼 영상!! 구독하고 챙겨보기♥\n https://bit.ly/3WwT2El\n \n --------------------------------------------------------------\n ☆KPOP 영상이 보고싶다면??!☆\nALL THE K-POP 보러 가기 : https://bit.ly/3NJTqeG\n✅ 비즈니스 문의 : youtube@mbcplus.com"", ""thumbnails"": {""default"": {""url"": ""https://i.ytimg.com/vi/QdXt5KZRvWw/default.jpg"", ""width"": 120, ""height"": 90}, ""medium"": {""url"": ""https://i.ytimg.com/vi/QdXt5KZRvWw/mqdefault.jpg"", ""width"": 320, ""height"": 180}, ""high"": {""url"": ""https://i.ytimg.com/vi/QdXt5KZRvWw/hqdefault.jpg"", ""width"": 480, ""height"": 360}, ""standard"": {""url"": ""https://i.ytimg.com/vi/QdXt5KZRvWw/sddefault.jpg"", ""width"": 640, ""height"": 480}, ""maxres"": {""url"": ""https://i.ytimg.com/vi/QdXt5KZRvWw/maxresdefault.jpg"", ""width"": 1280, ""height"": 720}}, ""channelTitle"": ""MBC every1"", ""tags"": [""돌싱N모솔"", ""돌싱"", ""모솔"", ""연프"", ""연애리얼리티"", ""채정안"", ""김풍"", ""넉살"", ""낙화유수"", ""조지"", ""현무"", ""맹꽁이"", ""수금지화목토천해명"", ""루키"", ""핑퐁"", ""카멜리아"", ""순무"", ""서울쥐"", ""두쫀쿠"", ""불나방"", ""연애기숙학교"", ""연애"", ""결혼"", ""이혼"", ""첫사랑"", ""끝사랑"", ""엠비씨에브리원"", ""MBCevery1""], ""categoryId"": ""24"", ""liveBroadcastContent"": ""none"", ""defaultLanguage"": ""ko"", ""localized"": {""title"": ""'왜 그동안 저를 선택 안 했어요?' 두쫀쿠에게 질문하는 조지 l #돌싱N모솔 l #MBCevery1 l EP.6"", ""description"": ""▶ 악의는 없는데 센스는 더 없는(?) 모솔남의 눈치 제로 말실수 대잔치 \n▶ 넉살도 감탄한 돌싱녀표 마법의 유혹 기술 ☆최초 공개☆\n▶ ＂사실 자녀는...＂ 두쫀쿠의 멘탈을 뒤흔든 한 모솔남의 솔직 발언\n▶ 이게 무슨 운명의 장난? 랜덤 데이트가 불러온 ‘파국의 밤’\n▶ ＂사랑은 원래 이런 건가요...?＂ 결국 눈물 터진 모솔남의 첫 고백\n\n#돌싱N모솔 #돌싱 #모솔 #연프 #연애리얼리티 #채정안 #김풍 #넉살 #낙화유수 #조지 #현무 #맹꽁이 #수금지화목토천해명 #루키 #핑퐁 #카멜리아 #순무 #서울쥐 #두쫀쿠 #불나방 #연애기숙학교 #연애 #결혼 #이혼 #첫사랑 #끝사랑 #엠비씨에브리원 #MBCevery1\n\n♥시간 순삭 꿀잼 영상!! 구독하고 챙겨보기♥\n https://bit.ly/3WwT2El\n \n --------------------------------------------------------------\n ☆KPOP 영상이 보고싶다면??!☆\nALL THE K-POP 보러 가기 : https://bit.ly/3NJTqeG\n✅ 비즈니스 문의 : youtube@mbcplus.com""}, ""defaultAudioLanguage"": ""ko""}, ""statistics"": {""viewCount"": ""86636"", ""likeCount"": ""428"", ""favoriteCount"": ""0"", ""commentCount"": ""386""}}"
youtube,두쫀쿠,canonical,1.0,[7회 예고] '뭐 같은 거 때문에 이혼...?' 질문 폭격기 조지가 또... | ＜돌싱N모솔＞ 5월 26일 (화) 밤 10시 MBC every1,https://www.youtube.com/watch?v=aLSNgAacpWQ,2026-05-19T14:45:00Z,2026-05-26T05:44:58.694563+00:00,79388,401,499,900,MBC every1,"기다리고 기다리던 돌싱들의 숨겨진 정보 대.공.개 ✨

결혼 시기부터 자녀 유무까지
낱낱이 밝혀진다!

눈물 없이 볼 수 없는 돌싱들의 이야기,
그리고 이어지는 조지의 거침없는 질문...

＂뭐 같은 거 때문에 이혼했어요?＂

앞으로 다가올 파장은?

＜돌싱N모솔＞
2026년 5월 26일 화요일 밤 10시 MBC every1

#돌싱N모솔 #돌싱 #모솔 #연프 #연애리얼리티 #채정안 #김풍 #넉살 #낙화유수 #조지 #현무 #맹꽁이 #수금지화목토천해명 #루키 #핑퐁 #카멜리아 #순무 #서울쥐 #두쫀쿠 #불나방 #연애기숙학교 #연애 #결혼 #이혼 #첫사랑 #끝사랑 #엠비씨에브리원 #MBCevery1","{""kind"": ""youtube#video"", ""etag"": ""8D7iH-6LpNcGJDw5FN3Sc57iGQI"", ""id"": ""aLSNgAacpWQ"", ""snippet"": {""publishedAt"": ""2026-05-19T14:45:00Z"", ""channelId"": ""UC-VbFgagk6GJGDJgRQIMpZw"", ""title"": ""[7회 예고] '뭐 같은 거 때문에 이혼...?' 질문 폭격기 조지가 또... | ＜돌싱N모솔＞ 5월 26일 (화) 밤 10시 MBC every1"", ""description"": ""기다리고 기다리던 돌싱들의 숨겨진 정보 대.공.개 ✨\n\n결혼 시기부터 자녀 유무까지\n낱낱이 밝혀진다!\n\n눈물 없이 볼 수 없는 돌싱들의 이야기,\n그리고 이어지는 조지의 거침없는 질문...\n\n＂뭐 같은 거 때문에 이혼했어요?＂\n\n앞으로 다가올 파장은?\n\n＜돌싱N모솔＞\n2026년 5월 26일 화요일 밤 10시 MBC every1\n\n#돌싱N모솔 #돌싱 #모솔 #연프 #연애리얼리티 #채정안 #김풍 #넉살 #낙화유수 #조지 #현무 #맹꽁이 #수금지화목토천해명 #루키 #핑퐁 #카멜리아 #순무 #서울쥐 #두쫀쿠 #불나방 #연애기숙학교 #연애 #결혼 #이혼 #첫사랑 #끝사랑 #엠비씨에브리원 #MBCevery1"", ""thumbnails"": {""default"": {""url"": ""https://i.ytimg.com/vi/aLSNgAacpWQ/default.jpg"", ""width"": 120, ""height"": 90}, ""medium"": {""url"": ""https://i.ytimg.com/vi/aLSNgAacpWQ/mqdefault.jpg"", ""width"": 320, ""height"": 180}, ""high"": {""url"": ""https://i.ytimg.com/vi/aLSNgAacpWQ/hqdefault.jpg"", ""width"": 480, ""height"": 360}, ""standard"": {""url"": ""https://i.ytimg.com/vi/aLSNgAacpWQ/sddefault.jpg"", ""width"": 640, ""height"": 480}, ""maxres"": {""url"": ""https://i.ytimg.com/vi/aLSNgAacpWQ/maxresdefault.jpg"", ""width"": 1280, ""height"": 720}}, ""channelTitle"": ""MBC every1"", ""tags"": [""돌싱N모솔"", ""돌싱"", ""모솔"", ""연프"", ""연애리얼리티"", ""채정안"", ""김풍"", ""넉살"", ""낙화유수"", ""조지"", ""현무"", ""맹꽁이"", ""수금지화목토천해명"", ""루키"", ""핑퐁"", ""카멜리아"", ""순무"", ""서울쥐"", ""두쫀쿠"", ""불나방"", ""연애기숙학교"", ""연애"", ""결혼"", ""이혼"", ""첫사랑"", ""끝사랑"", ""엠비씨에브리원"", ""MBCevery1""], ""categoryId"": ""24"", ""liveBroadcastContent"": ""none"", ""defaultLanguage"": ""ko"", ""localized"": {""title"": ""[7회 예고] '뭐 같은 거 때문에 이혼...?' 질문 폭격기 조지가 또... | ＜돌싱N모솔＞ 5월 26일 (화) 밤 10시 MBC every1"", ""description"": ""기다리고 기다리던 돌싱들의 숨겨진 정보 대.공.개 ✨\n\n결혼 시기부터 자녀 유무까지\n낱낱이 밝혀진다!\n\n눈물 없이 볼 수 없는 돌싱들의 이야기,\n그리고 이어지는 조지의 거침없는 질문...\n\n＂뭐 같은 거 때문에 이혼했어요?＂\n\n앞으로 다가올 파장은?\n\n＜돌싱N모솔＞\n2026년 5월 26일 화요일 밤 10시 MBC every1\n\n#돌싱N모솔 #돌싱 #모솔 #연프 #연애리얼리티 #채정안 #김풍 #넉살 #낙화유수 #조지 #현무 #맹꽁이 #수금지화목토천해명 #루키 #핑퐁 #카멜리아 #순무 #서울쥐 #두쫀쿠 #불나방 #연애기숙학교 #연애 #결혼 #이혼 #첫사랑 #끝사랑 #엠비씨에브리원 #MBCevery1""}, ""defaultAudioLanguage"": ""ko""}, ""statistics"": {""viewCount"": ""79388"", ""likeCount"": ""401"", ""favoriteCount"": ""0"", ""commentCount"": ""499""}}"
youtube,두쫀쿠,canonical,1.0,'두쫀쿠 이후' 장원영 최애의 간식이라는 우베바스크 치즈 케이크,https://www.youtube.com/watch?v=s9IHWOYOQX8,2026-05-17T02:54:01Z,2026-05-26T05:44:58.694563+00:00,155440,1091,17,1108,돌픽갤러리,"#ive #아이브 #장원영 #걸그룹 #아이돌

두쫀쿠에 빠졌던 장원영의 현재 최애의 간식이 우베바스크 치즈 케이크라는데 이또한 줄설각이 보이는군요..","{""kind"": ""youtube#video"", ""etag"": ""WEUOFMsffDibK5iA6C89lrGVg8Y"", ""id"": ""s9IHWOYOQX8"", ""snippet"": {""publishedAt"": ""2026-05-17T02:54:01Z"", ""channelId"": ""UC3mec2SJzu4NMWZepfpTzpg"", ""title"": ""'두쫀쿠 이후' 장원영 최애의 간식이라는 우베바스크 치즈 케이크"", ""description"": ""#ive #아이브 #장원영 #걸그룹 #아이돌\n\n두쫀쿠에 빠졌던 장원영의 현재 최애의 간식이 우베바스크 치즈 케이크라는데 이또한 줄설각이 보이는군요.."", ""thumbnails"": {""default"": {""url"": ""https://i.ytimg.com/vi/s9IHWOYOQX8/default.jpg"", ""width"": 120, ""height"": 90}, ""medium"": {""url"": ""https://i.ytimg.com/vi/s9IHWOYOQX8/mqdefault.jpg"", ""width"": 320, ""height"": 180}, ""high"": {""url"": ""https://i.ytimg.com/vi/s9IHWOYOQX8/hqdefault.jpg"", ""width"": 480, ""height"": 360}, ""standard"": {""url"": ""https://i.ytimg.com/vi/s9IHWOYOQX8/sddefault.jpg"", ""width"": 640, ""height"": 480}, ""maxres"": {""url"": ""https://i.ytimg.com/vi/s9IHWOYOQX8/maxresdefault.jpg"", ""width"": 1280, ""height"": 720}}, ""channelTitle"": ""돌픽갤러리"", ""categoryId"": ""22"", ""liveBroadcastContent"": ""none"", ""defaultLanguage"": ""ko"", ""localized"": {""title"": ""'두쫀쿠 이후' 장원영 최애의 간식이라는 우베바스크 치즈 케이크"", ""description"": ""#ive #아이브 #장원영 #걸그룹 #아이돌\n\n두쫀쿠에 빠졌던 장원영의 현재 최애의 간식이 우베바스크 치즈 케이크라는데 이또한 줄설각이 보이는군요..""}}, ""statistics"": {""viewCount"": ""155440"", ""likeCount"": ""1091"", ""favoriteCount"": ""0"", ""commentCount"": ""17""}}"
youtube,두쫀쿠,canonical,1.0,밥 잘해주는 예쁜 누나♥ 루키의 말에 심쿵한 핑퐁 l #돌싱N모솔 l #MBCevery1 l EP.6,https://www.youtube.com/watch?v=f-jkRW8vk44,2026-05-19T14:00:55Z,2026-05-26T05:44:58.694563+00:00,73231,402,359,761,MBC every1,"▶ 악의는 없는데 센스는 더 없는(?) 모솔남의 눈치 제로 말실수 대잔치 
▶ 넉살도 감탄한 돌싱녀표 마법의 유혹 기술 ☆최초 공개☆
▶ ＂사실 자녀는...＂ 두쫀쿠의 멘탈을 뒤흔든 한 모솔남의 솔직 발언
▶ 이게 무슨 운명의 장난? 랜덤 데이트가 불러온 ‘파국의 밤’
▶ ＂사랑은 원래 이런 건가요...?＂ 결국 눈물 터진 모솔남의 첫 고백

#돌싱N모솔 #돌싱 #모솔 #연프 #연애리얼리티 #채정안 #김풍 #넉살 #낙화유수 #조지 #현무 #맹꽁이 #수금지화목토천해명 #루키 #핑퐁 #카멜리아 #순무 #서울쥐 #두쫀쿠 #불나방 #연애기숙학교 #연애 #결혼 #이혼 #첫사랑 #끝사랑 #엠비씨에브리원 #MBCevery1

♥시간 순삭 꿀잼 영상!! 구독하고 챙겨보기♥
 https://bit.ly/3WwT2El
 
 --------------------------------------------------------------
 ☆KPOP 영상이 보고싶다면??!☆
ALL THE K-POP 보러 가기 : https://bit.ly/3NJTqeG
✅ 비즈니스 문의 : youtube@mbcplus.com","{""kind"": ""youtube#video"", ""etag"": ""oWks-tzXnIFoefqaqxFwwpazzJo"", ""id"": ""f-jkRW8vk44"", ""snippet"": {""publishedAt"": ""2026-05-19T14:00:55Z"", ""channelId"": ""UC-VbFgagk6GJGDJgRQIMpZw"", ""title"": ""밥 잘해주는 예쁜 누나♥ 루키의 말에 심쿵한 핑퐁 l #돌싱N모솔 l #MBCevery1 l EP.6"", ""description"": ""▶ 악의는 없는데 센스는 더 없는(?) 모솔남의 눈치 제로 말실수 대잔치 \n▶ 넉살도 감탄한 돌싱녀표 마법의 유혹 기술 ☆최초 공개☆\n▶ ＂사실 자녀는...＂ 두쫀쿠의 멘탈을 뒤흔든 한 모솔남의 솔직 발언\n▶ 이게 무슨 운명의 장난? 랜덤 데이트가 불러온 ‘파국의 밤’\n▶ ＂사랑은 원래 이런 건가요...?＂ 결국 눈물 터진 모솔남의 첫 고백\n\n#돌싱N모솔 #돌싱 #모솔 #연프 #연애리얼리티 #채정안 #김풍 #넉살 #낙화유수 #조지 #현무 #맹꽁이 #수금지화목토천해명 #루키 #핑퐁 #카멜리아 #순무 #서울쥐 #두쫀쿠 #불나방 #연애기숙학교 #연애 #결혼 #이혼 #첫사랑 #끝사랑 #엠비씨에브리원 #MBCevery1\n\n♥시간 순삭 꿀잼 영상!! 구독하고 챙겨보기♥\n https://bit.ly/3WwT2El\n \n --------------------------------------------------------------\n ☆KPOP 영상이 보고싶다면??!☆\nALL THE K-POP 보러 가기 : https://bit.ly/3NJTqeG\n✅ 비즈니스 문의 : youtube@mbcplus.com"", ""thumbnails"": {""default"": {""url"": ""https://i.ytimg.com/vi/f-jkRW8vk44/default.jpg"", ""width"": 120, ""height"": 90}, ""medium"": {""url"": ""https://i.ytimg.com/vi/f-jkRW8vk44/mqdefault.jpg"", ""width"": 320, ""height"": 180}, ""high"": {""url"": ""https://i.ytimg.com/vi/f-jkRW8vk44/hqdefault.jpg"", ""width"": 480, ""height"": 360}, ""standard"": {""url"": ""https://i.ytimg.com/vi/f-jkRW8vk44/sddefault.jpg"", ""width"": 640, ""height"": 480}, ""maxres"": {""url"": ""https://i.ytimg.com/vi/f-jkRW8vk44/maxresdefault.jpg"", ""width"": 1280, ""height"": 720}}, ""channelTitle"": ""MBC every1"", ""tags"": [""돌싱N모솔"", ""돌싱"", ""모솔"", ""연프"", ""연애리얼리티"", ""채정안"", ""김풍"", ""넉살"", ""낙화유수"", ""조지"", ""현무"", ""맹꽁이"", ""수금지화목토천해명"", ""루키"", ""핑퐁"", ""카멜리아"", ""순무"", ""서울쥐"", ""두쫀쿠"", ""불나방"", ""연애기숙학교"", ""연애"", ""결혼"", ""이혼"", ""첫사랑"", ""끝사랑"", ""엠비씨에브리원"", ""MBCevery1""], ""categoryId"": ""24"", ""liveBroadcastContent"": ""none"", ""defaultLanguage"": ""ko"", ""localized"": {""title"": ""밥 잘해주는 예쁜 누나♥ 루키의 말에 심쿵한 핑퐁 l #돌싱N모솔 l #MBCevery1 l EP.6"", ""description"": ""▶ 악의는 없는데 센스는 더 없는(?) 모솔남의 눈치 제로 말실수 대잔치 \n▶ 넉살도 감탄한 돌싱녀표 마법의 유혹 기술 ☆최초 공개☆\n▶ ＂사실 자녀는...＂ 두쫀쿠의 멘탈을 뒤흔든 한 모솔남의 솔직 발언\n▶ 이게 무슨 운명의 장난? 랜덤 데이트가 불러온 ‘파국의 밤’\n▶ ＂사랑은 원래 이런 건가요...?＂ 결국 눈물 터진 모솔남의 첫 고백\n\n#돌싱N모솔 #돌싱 #모솔 #연프 #연애리얼리티 #채정안 #김풍 #넉살 #낙화유수 #조지 #현무 #맹꽁이 #수금지화목토천해명 #루키 #핑퐁 #카멜리아 #순무 #서울쥐 #두쫀쿠 #불나방 #연애기숙학교 #연애 #결혼 #이혼 #첫사랑 #끝사랑 #엠비씨에브리원 #MBCevery1\n\n♥시간 순삭 꿀잼 영상!! 구독하고 챙겨보기♥\n https://bit.ly/3WwT2El\n \n --------------------------------------------------------------\n ☆KPOP 영상이 보고싶다면??!☆\nALL THE K-POP 보러 가기 : https://bit.ly/3NJTqeG\n✅ 비즈니스 문의 : youtube@mbcplus.com""}, ""defaultAudioLanguage"": ""ko""}, ""statistics"": {""viewCount"": ""73231"", ""likeCount"": ""402"", ""favoriteCount"": ""0"", ""commentCount"": ""359""}}"
youtube,두쫀쿠,canonical,1.0,돌싱앤모솔 순무 서울쥐 근황♥ #돌싱앤모솔,https://www.youtube.com/watch?v=BaiX3DmMJtU,2026-05-04T07:57:45Z,2026-05-26T05:44:58.694563+00:00,125225,341,109,450,스킨톡,"'돌싱N모솔' 출연진 라인업이 그야말로 역대급입니다! 연애기숙학교에 입소한 개성 넘치는 남녀 12명의 정체가 드디어 공개됐는데요.

가장 먼저 시선을 강탈하는 건 남자 출연자들의 반전 스펙입니다. 50톤 크레인 기사인 '맹꽁이'부터 무술 도합 10단이 넘는 특전사 출신 소방관 '낙화유수'까지, 듬직한 외모와 달리 연애 경험은 사실상 전무하다고 하네요. 특히 영국에서 박사 과정을 밟으며 가업을 잇고 있는 '조지'는 39세의 나이에도 모태솔로라고 밝혀 모두를 놀라게 했습니다.

반면 여자 출연자들은 씁쓸한 이혼의 아픔을 겪었지만, 새로운 사랑을 위해 용기를 냈습니다. 남편의 질병 은폐로 상처를 입은 '순무' 박혜경 씨부터, 이혼한 지 단 3개월밖에 되지 않은 '두쫀쿠'까지 각자의 사연을 안고 입소했는데요.

산전수전 다 겪은 돌싱들과 순수한 모솔들이 만나 펼칠 이 예측 불허 로맨스! 과연 기숙학교의 끝에서 커플이 탄생할 수 있을까요? 여러분은 어떤 출연자가 가장 응원되시나요?","{""kind"": ""youtube#video"", ""etag"": ""JWSIu5fGaf3Ljw_lRUauAL3zwv0"", ""id"": ""BaiX3DmMJtU"", ""snippet"": {""publishedAt"": ""2026-05-04T07:57:45Z"", ""channelId"": ""UCCtfMrVxYyQChSDeq8loPNw"", ""title"": ""돌싱앤모솔 순무 서울쥐 근황♥ #돌싱앤모솔"", ""description"": ""'돌싱N모솔' 출연진 라인업이 그야말로 역대급입니다! 연애기숙학교에 입소한 개성 넘치는 남녀 12명의 정체가 드디어 공개됐는데요.\n\n가장 먼저 시선을 강탈하는 건 남자 출연자들의 반전 스펙입니다. 50톤 크레인 기사인 '맹꽁이'부터 무술 도합 10단이 넘는 특전사 출신 소방관 '낙화유수'까지, 듬직한 외모와 달리 연애 경험은 사실상 전무하다고 하네요. 특히 영국에서 박사 과정을 밟으며 가업을 잇고 있는 '조지'는 39세의 나이에도 모태솔로라고 밝혀 모두를 놀라게 했습니다.\n\n반면 여자 출연자들은 씁쓸한 이혼의 아픔을 겪었지만, 새로운 사랑을 위해 용기를 냈습니다. 남편의 질병 은폐로 상처를 입은 '순무' 박혜경 씨부터, 이혼한 지 단 3개월밖에 되지 않은 '두쫀쿠'까지 각자의 사연을 안고 입소했는데요.\n\n산전수전 다 겪은 돌싱들과 순수한 모솔들이 만나 펼칠 이 예측 불허 로맨스! 과연 기숙학교의 끝에서 커플이 탄생할 수 있을까요? 여러분은 어떤 출연자가 가장 응원되시나요?"", ""thumbnails"": {""default"": {""url"": ""https://i.ytimg.com/vi/BaiX3DmMJtU/default.jpg"", ""width"": 120, ""height"": 90}, ""medium"": {""url"": ""https://i.ytimg.com/vi/BaiX3DmMJtU/mqdefault.jpg"", ""width"": 320, ""height"": 180}, ""high"": {""url"": ""https://i.ytimg.com/vi/BaiX3DmMJtU/hqdefault.jpg"", ""width"": 480, ""height"": 360}, ""standard"": {""url"": ""https://i.ytimg.com/vi/BaiX3DmMJtU/sddefault.jpg"", ""width"": 640, ""height"": 480}, ""maxres"": {""url"": ""https://i.ytimg.com/vi/BaiX3DmMJtU/maxresdefault.jpg"", ""width"": 1280, ""height"": 720}}, ""channelTitle"": ""스킨톡"", ""categoryId"": ""26"", ""liveBroadcastContent"": ""none"", ""defaultLanguage"": ""ko"", ""localized"": {""title"": ""돌싱앤모솔 순무 서울쥐 근황♥ #돌싱앤모솔"", ""description"": ""'돌싱N모솔' 출연진 라인업이 그야말로 역대급입니다! 연애기숙학교에 입소한 개성 넘치는 남녀 12명의 정체가 드디어 공개됐는데요.\n\n가장 먼저 시선을 강탈하는 건 남자 출연자들의 반전 스펙입니다. 50톤 크레인 기사인 '맹꽁이'부터 무술 도합 10단이 넘는 특전사 출신 소방관 '낙화유수'까지, 듬직한 외모와 달리 연애 경험은 사실상 전무하다고 하네요. 특히 영국에서 박사 과정을 밟으며 가업을 잇고 있는 '조지'는 39세의 나이에도 모태솔로라고 밝혀 모두를 놀라게 했습니다.\n\n반면 여자 출연자들은 씁쓸한 이혼의 아픔을 겪었지만, 새로운 사랑을 위해 용기를 냈습니다. 남편의 질병 은폐로 상처를 입은 '순무' 박혜경 씨부터, 이혼한 지 단 3개월밖에 되지 않은 '두쫀쿠'까지 각자의 사연을 안고 입소했는데요.\n\n산전수전 다 겪은 돌싱들과 순수한 모솔들이 만나 펼칠 이 예측 불허 로맨스! 과연 기숙학교의 끝에서 커플이 탄생할 수 있을까요? 여러분은 어떤 출연자가 가장 응원되시나요?""}}, ""statistics"": {""viewCount"": ""125225"", ""likeCount"": ""341"", ""favoriteCount"": ""0"", ""commentCount"": ""109""}}"
youtube,두쫀쿠,canonical,1.0,🐙 : 한우조아! 육회조아! 삼겹살조아! 두쫀쿠조아! 버터떡조아! 좀비2차전 조아!🧟🍗🥩🍔🍖🥓,https://www.youtube.com/watch?v=8EAsZwgi9BU,2026-05-07T11:05:27Z,2026-05-26T05:44:58.694563+00:00,108507,1323,118,1441, 빌랜드,,"{""kind"": ""youtube#video"", ""etag"": ""RhdIM1JT9cHqeMqaTiCLGrCiNKg"", ""id"": ""8EAsZwgi9BU"", ""snippet"": {""publishedAt"": ""2026-05-07T11:05:27Z"", ""channelId"": ""UCFaGdK5rGPXuuLyxAFCVH_w"", ""title"": ""🐙 : 한우조아! 육회조아! 삼겹살조아! 두쫀쿠조아! 버터떡조아! 좀비2차전 조아!🧟🍗🥩🍔🍖🥓"", ""description"": """", ""thumbnails"": {""default"": {""url"": ""https://i.ytimg.com/vi/8EAsZwgi9BU/default.jpg"", ""width"": 120, ""height"": 90}, ""medium"": {""url"": ""https://i.ytimg.com/vi/8EAsZwgi9BU/mqdefault.jpg"", ""width"": 320, ""height"": 180}, ""high"": {""url"": ""https://i.ytimg.com/vi/8EAsZwgi9BU/hqdefault.jpg"", ""width"": 480, ""height"": 360}, ""standard"": {""url"": ""https://i.ytimg.com/vi/8EAsZwgi9BU/sddefault.jpg"", ""width"": 640, ""height"": 480}, ""maxres"": {""url"": ""https://i.ytimg.com/vi/8EAsZwgi9BU/maxresdefault.jpg"", ""width"": 1280, ""height"": 720}}, ""channelTitle"": "" 빌랜드"", ""categoryId"": ""17"", ""liveBroadcastContent"": ""none"", ""defaultLanguage"": ""ko"", ""localized"": {""title"": ""🐙 : 한우조아! 육회조아! 삼겹살조아! 두쫀쿠조아! 버터떡조아! 좀비2차전 조아!🧟🍗🥩🍔🍖🥓"", ""description"": """"}, ""defaultAudioLanguage"": ""ko""}, ""statistics"": {""viewCount"": ""108507"", ""likeCount"": ""1323"", ""favoriteCount"": ""0"", ""commentCount"": ""118""}}"
youtube,두쫀쿠,canonical,1.0,2:1 데이트가 4:1이 되어버린 건에 대하여... 눈치 제로 조지와 현무의 두 번째 데이트 직관 현장! l #돌싱N모솔 l #MBCevery1 l EP.3,https://www.youtube.com/watch?v=NeREmV1ypfM,2026-04-28T13:50:00Z,2026-05-26T05:44:58.694563+00:00,70189,346,379,725,MBC every1,"▶ 불나방♥루키 데이트에서도 이어진 조지의 역사 강의?
▶ 낙화유수♥핑퐁, 순무 데이트에 낀 두 명의 객식구(?) 최대 인원 데이트 현장
▶ 5박 6일 설렘을 싣고 달릴 ＜연애기숙학교＞ 스쿨버스 대공개♥
▶ ＂호감 가는 여자 있었는데 없어졌습니다＂ 현무💔불나방 갈등 시작 
▶ 역대급 반전! 현장을 초토화(?) 시킨 루키의 자기소개! 

#돌싱N모솔 #돌싱 #모솔 #연프 #연애리얼리티 #채정안 #김풍 #넉살 #낙화유수 #조지 #현무 #맹꽁이 #수금지화목토천해명 #루키 #핑퐁 #카멜리아 #순무 #서울쥐 #두쫀쿠 #불나방 #연애기숙학교 #연애 #결혼 #이혼 #첫사랑 #끝사랑 #엠비씨에브리원 #MBCevery1

♥시간 순삭 꿀잼 영상!! 구독하고 챙겨보기♥
 https://bit.ly/3WwT2El
 
 --------------------------------------------------------------
 ☆KPOP 영상이 보고싶다면??!☆
ALL THE K-POP 보러 가기 : https://bit.ly/3NJTqeG
✅ 비즈니스 문의 : youtube@mbcplus.com","{""kind"": ""youtube#video"", ""etag"": ""D3Ock1XeJveqI7sLUaWJwo8pOew"", ""id"": ""NeREmV1ypfM"", ""snippet"": {""publishedAt"": ""2026-04-28T13:50:00Z"", ""channelId"": ""UC-VbFgagk6GJGDJgRQIMpZw"", ""title"": ""2:1 데이트가 4:1이 되어버린 건에 대하여... 눈치 제로 조지와 현무의 두 번째 데이트 직관 현장! l #돌싱N모솔 l #MBCevery1 l EP.3"", ""description"": ""▶ 불나방♥루키 데이트에서도 이어진 조지의 역사 강의?\n▶ 낙화유수♥핑퐁, 순무 데이트에 낀 두 명의 객식구(?) 최대 인원 데이트 현장\n▶ 5박 6일 설렘을 싣고 달릴 ＜연애기숙학교＞ 스쿨버스 대공개♥\n▶ ＂호감 가는 여자 있었는데 없어졌습니다＂ 현무💔불나방 갈등 시작 \n▶ 역대급 반전! 현장을 초토화(?) 시킨 루키의 자기소개! \n\n#돌싱N모솔 #돌싱 #모솔 #연프 #연애리얼리티 #채정안 #김풍 #넉살 #낙화유수 #조지 #현무 #맹꽁이 #수금지화목토천해명 #루키 #핑퐁 #카멜리아 #순무 #서울쥐 #두쫀쿠 #불나방 #연애기숙학교 #연애 #결혼 #이혼 #첫사랑 #끝사랑 #엠비씨에브리원 #MBCevery1\n\n♥시간 순삭 꿀잼 영상!! 구독하고 챙겨보기♥\n https://bit.ly/3WwT2El\n \n --------------------------------------------------------------\n ☆KPOP 영상이 보고싶다면??!☆\nALL THE K-POP 보러 가기 : https://bit.ly/3NJTqeG\n✅ 비즈니스 문의 : youtube@mbcplus.com"", ""thumbnails"": {""default"": {""url"": ""https://i.ytimg.com/vi/NeREmV1ypfM/default.jpg"", ""width"": 120, ""height"": 90}, ""medium"": {""url"": ""https://i.ytimg.com/vi/NeREmV1ypfM/mqdefault.jpg"", ""width"": 320, ""height"": 180}, ""high"": {""url"": ""https://i.ytimg.com/vi/NeREmV1ypfM/hqdefault.jpg"", ""width"": 480, ""height"": 360}, ""standard"": {""url"": ""https://i.ytimg.com/vi/NeREmV1ypfM/sddefault.jpg"", ""width"": 640, ""height"": 480}, ""maxres"": {""url"": ""https://i.ytimg.com/vi/NeREmV1ypfM/maxresdefault.jpg"", ""width"": 1280, ""height"": 720}}, ""channelTitle"": ""MBC every1"", ""tags"": [""돌싱N모솔"", ""돌싱"", ""모솔"", ""연프"", ""연애리얼리티"", ""채정안"", ""김풍"", ""넉살"", ""낙화유수"", ""조지"", ""현무"", ""맹꽁이"", ""수금지화목토천해명"", ""루키"", ""핑퐁"", ""카멜리아"", ""순무"", ""서울쥐"", ""두쫀쿠"", ""불나방"", ""연애기숙학교"", ""연애"", ""결혼"", ""이혼"", ""첫사랑"", ""끝사랑"", ""엠비씨에브리원"", ""MBCevery1""], ""categoryId"": ""24"", ""liveBroadcastContent"": ""none"", ""defaultLanguage"": ""ko"", ""localized"": {""title"": ""2:1 데이트가 4:1이 되어버린 건에 대하여... 눈치 제로 조지와 현무의 두 번째 데이트 직관 현장! l #돌싱N모솔 l #MBCevery1 l EP.3"", ""description"": ""▶ 불나방♥루키 데이트에서도 이어진 조지의 역사 강의?\n▶ 낙화유수♥핑퐁, 순무 데이트에 낀 두 명의 객식구(?) 최대 인원 데이트 현장\n▶ 5박 6일 설렘을 싣고 달릴 ＜연애기숙학교＞ 스쿨버스 대공개♥\n▶ ＂호감 가는 여자 있었는데 없어졌습니다＂ 현무💔불나방 갈등 시작 \n▶ 역대급 반전! 현장을 초토화(?) 시킨 루키의 자기소개! \n\n#돌싱N모솔 #돌싱 #모솔 #연프 #연애리얼리티 #채정안 #김풍 #넉살 #낙화유수 #조지 #현무 #맹꽁이 #수금지화목토천해명 #루키 #핑퐁 #카멜리아 #순무 #서울쥐 #두쫀쿠 #불나방 #연애기숙학교 #연애 #결혼 #이혼 #첫사랑 #끝사랑 #엠비씨에브리원 #MBCevery1\n\n♥시간 순삭 꿀잼 영상!! 구독하고 챙겨보기♥\n https://bit.ly/3WwT2El\n \n --------------------------------------------------------------\n ☆KPOP 영상이 보고싶다면??!☆\nALL THE K-POP 보러 가기 : https://bit.ly/3NJTqeG\n✅ 비즈니스 문의 : youtube@mbcplus.com""}, ""defaultAudioLanguage"": ""ko""}, ""statistics"": {""viewCount"": ""70189"", ""likeCount"": ""346"", ""favoriteCount"": ""0"", ""commentCount"": ""379""}}"
youtube,두쫀쿠,canonical,1.0,존예 여친이 두쫀쿠로 소원권 주면 벌어지는 일 #스케치코미디 #유머 #코미디 #개그 #두쫀쿠,https://www.youtube.com/watch?v=rTgXOEVu9PU,2026-05-15T11:25:00Z,2026-05-26T05:44:58.694563+00:00,131502,544,10,554,웃기지마요,,"{""kind"": ""youtube#video"", ""etag"": ""0OUmBMNiaiLNXReTGSiSynvQ5Vc"", ""id"": ""rTgXOEVu9PU"", ""snippet"": {""publishedAt"": ""2026-05-15T11:25:00Z"", ""channelId"": ""UCsp3QShiz_-9mLOlMkO8New"", ""title"": ""존예 여친이 두쫀쿠로 소원권 주면 벌어지는 일 #스케치코미디 #유머 #코미디 #개그 #두쫀쿠"", ""description"": """", ""thumbnails"": {""default"": {""url"": ""https://i.ytimg.com/vi/rTgXOEVu9PU/default.jpg"", ""width"": 120, ""height"": 90}, ""medium"": {""url"": ""https://i.ytimg.com/vi/rTgXOEVu9PU/mqdefault.jpg"", ""width"": 320, ""height"": 180}, ""high"": {""url"": ""https://i.ytimg.com/vi/rTgXOEVu9PU/hqdefault.jpg"", ""width"": 480, ""height"": 360}, ""standard"": {""url"": ""https://i.ytimg.com/vi/rTgXOEVu9PU/sddefault.jpg"", ""width"": 640, ""height"": 480}, ""maxres"": {""url"": ""https://i.ytimg.com/vi/rTgXOEVu9PU/maxresdefault.jpg"", ""width"": 1280, ""height"": 720}}, ""channelTitle"": ""웃기지마요"", ""categoryId"": ""17"", ""liveBroadcastContent"": ""none"", ""defaultLanguage"": ""ko"", ""localized"": {""title"": ""존예 여친이 두쫀쿠로 소원권 주면 벌어지는 일 #스케치코미디 #유머 #코미디 #개그 #두쫀쿠"", ""description"": """"}}, ""statistics"": {""viewCount"": ""131502"", ""likeCount"": ""544"", ""favoriteCount"": ""0"", ""commentCount"": ""10""}}"
youtube,두쫀쿠,canonical,1.0,'사랑은 원래 이런 건가요?' 처음 느껴보는 감정에 눈물을 흘리는 수금지화 l #돌싱N모솔 l #MBCevery1 l EP.6,https://www.youtube.com/watch?v=Tmc2kFGqy30,2026-05-19T14:40:00Z,2026-05-26T05:44:58.694563+00:00,64932,299,473,772,MBC every1,"▶ 악의는 없는데 센스는 더 없는(?) 모솔남의 눈치 제로 말실수 대잔치 
▶ 넉살도 감탄한 돌싱녀표 마법의 유혹 기술 ☆최초 공개☆
▶ ＂사실 자녀는...＂ 두쫀쿠의 멘탈을 뒤흔든 한 모솔남의 솔직 발언
▶ 이게 무슨 운명의 장난? 랜덤 데이트가 불러온 ‘파국의 밤’
▶ ＂사랑은 원래 이런 건가요...?＂ 결국 눈물 터진 모솔남의 첫 고백

#돌싱N모솔 #돌싱 #모솔 #연프 #연애리얼리티 #채정안 #김풍 #넉살 #낙화유수 #조지 #현무 #맹꽁이 #수금지화목토천해명 #루키 #핑퐁 #카멜리아 #순무 #서울쥐 #두쫀쿠 #불나방 #연애기숙학교 #연애 #결혼 #이혼 #첫사랑 #끝사랑 #엠비씨에브리원 #MBCevery1

♥시간 순삭 꿀잼 영상!! 구독하고 챙겨보기♥
 https://bit.ly/3WwT2El
 
 --------------------------------------------------------------
 ☆KPOP 영상이 보고싶다면??!☆
ALL THE K-POP 보러 가기 : https://bit.ly/3NJTqeG
✅ 비즈니스 문의 : youtube@mbcplus.com","{""kind"": ""youtube#video"", ""etag"": ""YFw-pC7mZieRy95QQXzlnclfc60"", ""id"": ""Tmc2kFGqy30"", ""snippet"": {""publishedAt"": ""2026-05-19T14:40:00Z"", ""channelId"": ""UC-VbFgagk6GJGDJgRQIMpZw"", ""title"": ""'사랑은 원래 이런 건가요?' 처음 느껴보는 감정에 눈물을 흘리는 수금지화 l #돌싱N모솔 l #MBCevery1 l EP.6"", ""description"": ""▶ 악의는 없는데 센스는 더 없는(?) 모솔남의 눈치 제로 말실수 대잔치 \n▶ 넉살도 감탄한 돌싱녀표 마법의 유혹 기술 ☆최초 공개☆\n▶ ＂사실 자녀는...＂ 두쫀쿠의 멘탈을 뒤흔든 한 모솔남의 솔직 발언\n▶ 이게 무슨 운명의 장난? 랜덤 데이트가 불러온 ‘파국의 밤’\n▶ ＂사랑은 원래 이런 건가요...?＂ 결국 눈물 터진 모솔남의 첫 고백\n\n#돌싱N모솔 #돌싱 #모솔 #연프 #연애리얼리티 #채정안 #김풍 #넉살 #낙화유수 #조지 #현무 #맹꽁이 #수금지화목토천해명 #루키 #핑퐁 #카멜리아 #순무 #서울쥐 #두쫀쿠 #불나방 #연애기숙학교 #연애 #결혼 #이혼 #첫사랑 #끝사랑 #엠비씨에브리원 #MBCevery1\n\n♥시간 순삭 꿀잼 영상!! 구독하고 챙겨보기♥\n https://bit.ly/3WwT2El\n \n --------------------------------------------------------------\n ☆KPOP 영상이 보고싶다면??!☆\nALL THE K-POP 보러 가기 : https://bit.ly/3NJTqeG\n✅ 비즈니스 문의 : youtube@mbcplus.com"", ""thumbnails"": {""default"": {""url"": ""https://i.ytimg.com/vi/Tmc2kFGqy30/default.jpg"", ""width"": 120, ""height"": 90}, ""medium"": {""url"": ""https://i.ytimg.com/vi/Tmc2kFGqy30/mqdefault.jpg"", ""width"": 320, ""height"": 180}, ""high"": {""url"": ""https://i.ytimg.com/vi/Tmc2kFGqy30/hqdefault.jpg"", ""width"": 480, ""height"": 360}, ""standard"": {""url"": ""https://i.ytimg.com/vi/Tmc2kFGqy30/sddefault.jpg"", ""width"": 640, ""height"": 480}, ""maxres"": {""url"": ""https://i.ytimg.com/vi/Tmc2kFGqy30/maxresdefault.jpg"", ""width"": 1280, ""height"": 720}}, ""channelTitle"": ""MBC every1"", ""tags"": [""돌싱N모솔"", ""돌싱"", ""모솔"", ""연프"", ""연애리얼리티"", ""채정안"", ""김풍"", ""넉살"", ""낙화유수"", ""조지"", ""현무"", ""맹꽁이"", ""수금지화목토천해명"", ""루키"", ""핑퐁"", ""카멜리아"", ""순무"", ""서울쥐"", ""두쫀쿠"", ""불나방"", ""연애기숙학교"", ""연애"", ""결혼"", ""이혼"", ""첫사랑"", ""끝사랑"", ""엠비씨에브리원"", ""MBCevery1""], ""categoryId"": ""24"", ""liveBroadcastContent"": ""none"", ""defaultLanguage"": ""ko"", ""localized"": {""title"": ""'사랑은 원래 이런 건가요?' 처음 느껴보는 감정에 눈물을 흘리는 수금지화 l #돌싱N모솔 l #MBCevery1 l EP.6"", ""description"": ""▶ 악의는 없는데 센스는 더 없는(?) 모솔남의 눈치 제로 말실수 대잔치 \n▶ 넉살도 감탄한 돌싱녀표 마법의 유혹 기술 ☆최초 공개☆\n▶ ＂사실 자녀는...＂ 두쫀쿠의 멘탈을 뒤흔든 한 모솔남의 솔직 발언\n▶ 이게 무슨 운명의 장난? 랜덤 데이트가 불러온 ‘파국의 밤’\n▶ ＂사랑은 원래 이런 건가요...?＂ 결국 눈물 터진 모솔남의 첫 고백\n\n#돌싱N모솔 #돌싱 #모솔 #연프 #연애리얼리티 #채정안 #김풍 #넉살 #낙화유수 #조지 #현무 #맹꽁이 #수금지화목토천해명 #루키 #핑퐁 #카멜리아 #순무 #서울쥐 #두쫀쿠 #불나방 #연애기숙학교 #연애 #결혼 #이혼 #첫사랑 #끝사랑 #엠비씨에브리원 #MBCevery1\n\n♥시간 순삭 꿀잼 영상!! 구독하고 챙겨보기♥\n https://bit.ly/3WwT2El\n \n --------------------------------------------------------------\n ☆KPOP 영상이 보고싶다면??!☆\nALL THE K-POP 보러 가기 : https://bit.ly/3NJTqeG\n✅ 비즈니스 문의 : youtube@mbcplus.com""}, ""defaultAudioLanguage"": ""ko""}, ""statistics"": {""viewCount"": ""64932"", ""likeCount"": ""299"", ""favoriteCount"": ""0"", ""commentCount"": ""473""}}"
youtube,두쫀쿠,canonical,1.0,여동생 화장 보고 웃참하는 오빠들,https://www.youtube.com/watch?v=B1PyXPMtMic,2026-05-18T01:25:00Z,2026-05-26T05:44:58.694563+00:00,115393,2250,8,2258,두쫀쿠 중독자,,"{""kind"": ""youtube#video"", ""etag"": ""4M1jhnCfsBGrAZ_nur_jlZkdJOI"", ""id"": ""B1PyXPMtMic"", ""snippet"": {""publishedAt"": ""2026-05-18T01:25:00Z"", ""channelId"": ""UCLKuIxaESvLe0jY-4T3JvlA"", ""title"": ""여동생 화장 보고 웃참하는 오빠들"", ""description"": """", ""thumbnails"": {""default"": {""url"": ""https://i.ytimg.com/vi/B1PyXPMtMic/default.jpg"", ""width"": 120, ""height"": 90}, ""medium"": {""url"": ""https://i.ytimg.com/vi/B1PyXPMtMic/mqdefault.jpg"", ""width"": 320, ""height"": 180}, ""high"": {""url"": ""https://i.ytimg.com/vi/B1PyXPMtMic/hqdefault.jpg"", ""width"": 480, ""height"": 360}, ""standard"": {""url"": ""https://i.ytimg.com/vi/B1PyXPMtMic/sddefault.jpg"", ""width"": 640, ""height"": 480}, ""maxres"": {""url"": ""https://i.ytimg.com/vi/B1PyXPMtMic/maxresdefault.jpg"", ""width"": 1280, ""height"": 720}}, ""channelTitle"": ""두쫀쿠 중독자"", ""categoryId"": ""22"", ""liveBroadcastContent"": ""none"", ""defaultLanguage"": ""ko"", ""localized"": {""title"": ""여동생 화장 보고 웃참하는 오빠들"", ""description"": """"}}, ""statistics"": {""viewCount"": ""115393"", ""likeCount"": ""2250"", ""favoriteCount"": ""0"", ""commentCount"": ""8""}}"
youtube,두쫀쿠,canonical,1.0,도란은 갑자기 두쫀쿠가 먹고싶다,https://www.youtube.com/watch?v=6bTh0W6DUfw,2026-05-16T02:45:00Z,2026-05-26T05:44:58.694563+00:00,131024,2905,51,2956,얘드라가자,26년 5월 14일 도란 개인방송,"{""kind"": ""youtube#video"", ""etag"": ""f-HilPStCiVhB2Epa29-0f6Hpck"", ""id"": ""6bTh0W6DUfw"", ""snippet"": {""publishedAt"": ""2026-05-16T02:45:00Z"", ""channelId"": ""UCrdd5uFiT4_OOeLi3iY9rEQ"", ""title"": ""도란은 갑자기 두쫀쿠가 먹고싶다"", ""description"": ""26년 5월 14일 도란 개인방송"", ""thumbnails"": {""default"": {""url"": ""https://i.ytimg.com/vi/6bTh0W6DUfw/default.jpg"", ""width"": 120, ""height"": 90}, ""medium"": {""url"": ""https://i.ytimg.com/vi/6bTh0W6DUfw/mqdefault.jpg"", ""width"": 320, ""height"": 180}, ""high"": {""url"": ""https://i.ytimg.com/vi/6bTh0W6DUfw/hqdefault.jpg"", ""width"": 480, ""height"": 360}, ""standard"": {""url"": ""https://i.ytimg.com/vi/6bTh0W6DUfw/sddefault.jpg"", ""width"": 640, ""height"": 480}, ""maxres"": {""url"": ""https://i.ytimg.com/vi/6bTh0W6DUfw/maxresdefault.jpg"", ""width"": 1280, ""height"": 720}}, ""channelTitle"": ""얘드라가자"", ""tags"": [""도란"", ""Doran"", ""두쫀쿠"", ""칭얼"", ""매혹란"", ""폭스란"", ""티원"", ""개인방송"", ""방송"", ""솔랭"", ""T1""], ""categoryId"": ""20"", ""liveBroadcastContent"": ""none"", ""defaultLanguage"": ""ko"", ""localized"": {""title"": ""도란은 갑자기 두쫀쿠가 먹고싶다"", ""description"": ""26년 5월 14일 도란 개인방송""}, ""defaultAudioLanguage"": ""ko""}, ""statistics"": {""viewCount"": ""131024"", ""likeCount"": ""2905"", ""favoriteCount"": ""0"", ""commentCount"": ""51""}}"
youtube,두쫀쿠,canonical,1.0,[돌싱N모솔] 스스로 인정한 모솔 사유: 눈치가 없어서?! 눈치 없는 맹꽁이를 알아보자 l #돌싱N모솔 l #MBCevery1,https://www.youtube.com/watch?v=tnS4XYOsyWg,2026-05-10T09:01:10Z,2026-05-26T05:44:58.694563+00:00,61252,274,274,548,MBC every1,"스스로가 말한 모솔 사유: 눈치가 없어서?! 
눈치 없는 맹꽁이를 알아보자

0:00 맹꽁이 첫 등장
2:01 맹꽁이 닉네임 소개
2:48 맹꽁이 첫 데이트
5:11 취미 있어요? ""있어요.""
6:55 고기 데이트 시작
9:28 데이트? 고기가 더 중요
14:14 두쫀쿠가 계산하러간다고? 응 고기 먹어야지~
16:12 힘내시고... 저... 토스트 좀 써도 되겠습니까?
18:38 맹꽁이 아침 식사 데이트
24:52 제가 나이 많을 것 같아요? ""많을 것 같아요.""
27:48 맹꽁이 나이 직업 공개!
30:45 맹꽁이 노래 시작
31:59 형님이 0표? 의자 가져가겠습니다~

#돌싱N모솔 #돌싱 #모솔 #연프 #연애리얼리티 #채정안 #김풍 #넉살 #낙화유수 #조지 #현무 #맹꽁이 #수금지화목토천해명 #루키 #핑퐁 #카멜리아 #순무 #서울쥐 #두쫀쿠 #불나방 #연애기숙학교 #연애 #결혼 #이혼 #첫사랑 #끝사랑 #엠비씨에브리원 #MBCevery1

♥시간 순삭 꿀잼 영상!! 구독하고 챙겨보기♥
 https://bit.ly/3WwT2El
 
 --------------------------------------------------------------
 ☆KPOP 영상이 보고싶다면??!☆
ALL THE K-POP 보러 가기 : https://bit.ly/3NJTqeG
✅ 비즈니스 문의 : youtube@mbcplus.com","{""kind"": ""youtube#video"", ""etag"": ""i1Gio349BtyV22BzI04aPmlXFwY"", ""id"": ""tnS4XYOsyWg"", ""snippet"": {""publishedAt"": ""2026-05-10T09:01:10Z"", ""channelId"": ""UC-VbFgagk6GJGDJgRQIMpZw"", ""title"": ""[돌싱N모솔] 스스로 인정한 모솔 사유: 눈치가 없어서?! 눈치 없는 맹꽁이를 알아보자 l #돌싱N모솔 l #MBCevery1"", ""description"": ""스스로가 말한 모솔 사유: 눈치가 없어서?! \n눈치 없는 맹꽁이를 알아보자\n\n0:00 맹꽁이 첫 등장\n2:01 맹꽁이 닉네임 소개\n2:48 맹꽁이 첫 데이트\n5:11 취미 있어요? \""있어요.\""\n6:55 고기 데이트 시작\n9:28 데이트? 고기가 더 중요\n14:14 두쫀쿠가 계산하러간다고? 응 고기 먹어야지~\n16:12 힘내시고... 저... 토스트 좀 써도 되겠습니까?\n18:38 맹꽁이 아침 식사 데이트\n24:52 제가 나이 많을 것 같아요? \""많을 것 같아요.\""\n27:48 맹꽁이 나이 직업 공개!\n30:45 맹꽁이 노래 시작\n31:59 형님이 0표? 의자 가져가겠습니다~\n\n#돌싱N모솔 #돌싱 #모솔 #연프 #연애리얼리티 #채정안 #김풍 #넉살 #낙화유수 #조지 #현무 #맹꽁이 #수금지화목토천해명 #루키 #핑퐁 #카멜리아 #순무 #서울쥐 #두쫀쿠 #불나방 #연애기숙학교 #연애 #결혼 #이혼 #첫사랑 #끝사랑 #엠비씨에브리원 #MBCevery1\n\n♥시간 순삭 꿀잼 영상!! 구독하고 챙겨보기♥\n https://bit.ly/3WwT2El\n \n --------------------------------------------------------------\n ☆KPOP 영상이 보고싶다면??!☆\nALL THE K-POP 보러 가기 : https://bit.ly/3NJTqeG\n✅ 비즈니스 문의 : youtube@mbcplus.com"", ""thumbnails"": {""default"": {""url"": ""https://i.ytimg.com/vi/tnS4XYOsyWg/default.jpg"", ""width"": 120, ""height"": 90}, ""medium"": {""url"": ""https://i.ytimg.com/vi/tnS4XYOsyWg/mqdefault.jpg"", ""width"": 320, ""height"": 180}, ""high"": {""url"": ""https://i.ytimg.com/vi/tnS4XYOsyWg/hqdefault.jpg"", ""width"": 480, ""height"": 360}, ""standard"": {""url"": ""https://i.ytimg.com/vi/tnS4XYOsyWg/sddefault.jpg"", ""width"": 640, ""height"": 480}, ""maxres"": {""url"": ""https://i.ytimg.com/vi/tnS4XYOsyWg/maxresdefault.jpg"", ""width"": 1280, ""height"": 720}}, ""channelTitle"": ""MBC every1"", ""tags"": [""MBC every1"", ""MBCevery1"", ""MBC에브리원"", ""돌싱N모솔"", ""돌싱"", ""모솔"", ""연프"", ""연애리얼리티"", ""채정안"", ""김풍"", ""넉살"", ""낙화유수"", ""조지"", ""현무"", ""맹꽁이"", ""수금지화목토천해명"", ""루키"", ""핑퐁"", ""카멜리아"", ""순무"", ""서울쥐"", ""두쫀쿠"", ""불나방"", ""연애기숙학교"", ""연애"", ""결혼"", ""이혼"", ""첫사랑"", ""끝사랑"", ""엠비씨에브리원""], ""categoryId"": ""24"", ""liveBroadcastContent"": ""none"", ""defaultLanguage"": ""ko"", ""localized"": {""title"": ""[돌싱N모솔] 스스로 인정한 모솔 사유: 눈치가 없어서?! 눈치 없는 맹꽁이를 알아보자 l #돌싱N모솔 l #MBCevery1"", ""description"": ""스스로가 말한 모솔 사유: 눈치가 없어서?! \n눈치 없는 맹꽁이를 알아보자\n\n0:00 맹꽁이 첫 등장\n2:01 맹꽁이 닉네임 소개\n2:48 맹꽁이 첫 데이트\n5:11 취미 있어요? \""있어요.\""\n6:55 고기 데이트 시작\n9:28 데이트? 고기가 더 중요\n14:14 두쫀쿠가 계산하러간다고? 응 고기 먹어야지~\n16:12 힘내시고... 저... 토스트 좀 써도 되겠습니까?\n18:38 맹꽁이 아침 식사 데이트\n24:52 제가 나이 많을 것 같아요? \""많을 것 같아요.\""\n27:48 맹꽁이 나이 직업 공개!\n30:45 맹꽁이 노래 시작\n31:59 형님이 0표? 의자 가져가겠습니다~\n\n#돌싱N모솔 #돌싱 #모솔 #연프 #연애리얼리티 #채정안 #김풍 #넉살 #낙화유수 #조지 #현무 #맹꽁이 #수금지화목토천해명 #루키 #핑퐁 #카멜리아 #순무 #서울쥐 #두쫀쿠 #불나방 #연애기숙학교 #연애 #결혼 #이혼 #첫사랑 #끝사랑 #엠비씨에브리원 #MBCevery1\n\n♥시간 순삭 꿀잼 영상!! 구독하고 챙겨보기♥\n https://bit.ly/3WwT2El\n \n --------------------------------------------------------------\n ☆KPOP 영상이 보고싶다면??!☆\nALL THE K-POP 보러 가기 : https://bit.ly/3NJTqeG\n✅ 비즈니스 문의 : youtube@mbcplus.com""}, ""defaultAudioLanguage"": ""ko""}, ""statistics"": {""viewCount"": ""61252"", ""likeCount"": ""274"", ""favoriteCount"": ""0"", ""commentCount"": ""274""}}"
youtube,두쫀쿠,canonical,1.0,품귀 대란 현상 모음 (허버칩 vs 두쫀쿠 vs 마스크),https://www.youtube.com/watch?v=6BFYezxYILY,2026-05-16T04:00:07Z,2026-05-26T05:44:58.694563+00:00,134483,2360,105,2465,1분만,"유튜브 볼 시간도 없는 바쁜 현대인을 위한 초간단 채널 ""1분만""입니다.

여러분들의 시간을 아껴드리기 위해 재미있는 사실들을 덜도 말고 더도 말고 딱 1분만에 전달드리겠습니다.

저희가 더 재미있는 영상을 제작할 수 있도록 구독과 좋아요 그리고 알림 설정을 해서 도와주시면 정말 감사하겠습

1인분들! 여러분의 성원에 힘입어 1분만 책이 시즌2로 돌아왔습니다. 딱 1분만 읽어보고 싶다면? 아래 링크를 클릭ㅎ

👇🏻
초간단 교양 1분만
교보문고 : https://product.kyobobook.co.kr/detail/S000211312648
예스24 : https://www.yes24.com/Product/Goods/123630506
알라딘 : https://www.aladin.co.kr/shop/wproduct.aspx?ItemId=328775132

1분만 미스터리 방탈출 1: 비밀의 병원
교보문고 https://url.kr/fxmytn
예스24 https://url.kr/54ncxq
알라딘 https://url.kr/d44agi

1분만 미스터리 방탈출 2 : 피라미드의 저주
교보문고 https://sbsb.kr/asDD5j
예스24  https://sbsb.kr/IHX9zE
알라딘 https://sbsb.kr/VRHYXE

1곡만
https://www.youtube.com/@JUST1MIN_MUSIC

1분만 네이버 카페
https://cafe.naver.com/just1mincafe

1인분이 되는 방법
https://www.youtube.com/channel/UCM31rBPQdifQKUmBKtwVqBg/join

-------------------------------------------------------
BGM : Music provided by 브금대통령
Track : 펭귄의 비행 - https://youtu.be/ZW_msPN4GJw
-------------------------------------------------------


*1분만 채널은 법무법인 호암과 함께하고 있습니다*
*1분만 영상은 ELBA가 만든 영상 협업 플랫폼 'YouViCo'로 제작됩니다*
→ https://youvico.com/?utm_medium=social&utm_campaign=bio_link&utm_source=youtube&utm_content=1min


#품귀현상 #품절대란 #허버칩두쫀쿠","{""kind"": ""youtube#video"", ""etag"": ""_Izco6jOTDNaURWNbMn4VlTcKPY"", ""id"": ""6BFYezxYILY"", ""snippet"": {""publishedAt"": ""2026-05-16T04:00:07Z"", ""channelId"": ""UCM31rBPQdifQKUmBKtwVqBg"", ""title"": ""품귀 대란 현상 모음 (허버칩 vs 두쫀쿠 vs 마스크)"", ""description"": ""유튜브 볼 시간도 없는 바쁜 현대인을 위한 초간단 채널 \""1분만\""입니다.\n\n여러분들의 시간을 아껴드리기 위해 재미있는 사실들을 덜도 말고 더도 말고 딱 1분만에 전달드리겠습니다.\n\n저희가 더 재미있는 영상을 제작할 수 있도록 구독과 좋아요 그리고 알림 설정을 해서 도와주시면 정말 감사하겠습\n\n1인분들! 여러분의 성원에 힘입어 1분만 책이 시즌2로 돌아왔습니다. 딱 1분만 읽어보고 싶다면? 아래 링크를 클릭ㅎ\n\n👇🏻\n초간단 교양 1분만\n교보문고 : https://product.kyobobook.co.kr/detail/S000211312648\n예스24 : https://www.yes24.com/Product/Goods/123630506\n알라딘 : https://www.aladin.co.kr/shop/wproduct.aspx?ItemId=328775132\n\n1분만 미스터리 방탈출 1: 비밀의 병원\n교보문고 https://url.kr/fxmytn\n예스24 https://url.kr/54ncxq\n알라딘 https://url.kr/d44agi\n\n1분만 미스터리 방탈출 2 : 피라미드의 저주\n교보문고 https://sbsb.kr/asDD5j\n예스24  https://sbsb.kr/IHX9zE\n알라딘 https://sbsb.kr/VRHYXE\n\n1곡만\nhttps://www.youtube.com/@JUST1MIN_MUSIC\n\n1분만 네이버 카페\nhttps://cafe.naver.com/just1mincafe\n\n1인분이 되는 방법\nhttps://www.youtube.com/channel/UCM31rBPQdifQKUmBKtwVqBg/join\n\n-------------------------------------------------------\nBGM : Music provided by 브금대통령\nTrack : 펭귄의 비행 - https://youtu.be/ZW_msPN4GJw\n-------------------------------------------------------\n\n\n*1분만 채널은 법무법인 호암과 함께하고 있습니다*\n*1분만 영상은 ELBA가 만든 영상 협업 플랫폼 'YouViCo'로 제작됩니다*\n→ https://youvico.com/?utm_medium=social&utm_campaign=bio_link&utm_source=youtube&utm_content=1min\n\n\n#품귀현상 #품절대란 #허버칩두쫀쿠"", ""thumbnails"": {""default"": {""url"": ""https://i.ytimg.com/vi/6BFYezxYILY/default.jpg"", ""width"": 120, ""height"": 90}, ""medium"": {""url"": ""https://i.ytimg.com/vi/6BFYezxYILY/mqdefault.jpg"", ""width"": 320, ""height"": 180}, ""high"": {""url"": ""https://i.ytimg.com/vi/6BFYezxYILY/hqdefault.jpg"", ""width"": 480, ""height"": 360}, ""standard"": {""url"": ""https://i.ytimg.com/vi/6BFYezxYILY/sddefault.jpg"", ""width"": 640, ""height"": 480}, ""maxres"": {""url"": ""https://i.ytimg.com/vi/6BFYezxYILY/maxresdefault.jpg"", ""width"": 1280, ""height"": 720}}, ""channelTitle"": ""1분만"", ""categoryId"": ""24"", ""liveBroadcastContent"": ""none"", ""defaultLanguage"": ""ko"", ""localized"": {""title"": ""품귀 대란 현상 모음 (허버칩 vs 두쫀쿠 vs 마스크)"", ""description"": ""유튜브 볼 시간도 없는 바쁜 현대인을 위한 초간단 채널 \""1분만\""입니다.\n\n여러분들의 시간을 아껴드리기 위해 재미있는 사실들을 덜도 말고 더도 말고 딱 1분만에 전달드리겠습니다.\n\n저희가 더 재미있는 영상을 제작할 수 있도록 구독과 좋아요 그리고 알림 설정을 해서 도와주시면 정말 감사하겠습\n\n1인분들! 여러분의 성원에 힘입어 1분만 책이 시즌2로 돌아왔습니다. 딱 1분만 읽어보고 싶다면? 아래 링크를 클릭ㅎ\n\n👇🏻\n초간단 교양 1분만\n교보문고 : https://product.kyobobook.co.kr/detail/S000211312648\n예스24 : https://www.yes24.com/Product/Goods/123630506\n알라딘 : https://www.aladin.co.kr/shop/wproduct.aspx?ItemId=328775132\n\n1분만 미스터리 방탈출 1: 비밀의 병원\n교보문고 https://url.kr/fxmytn\n예스24 https://url.kr/54ncxq\n알라딘 https://url.kr/d44agi\n\n1분만 미스터리 방탈출 2 : 피라미드의 저주\n교보문고 https://sbsb.kr/asDD5j\n예스24  https://sbsb.kr/IHX9zE\n알라딘 https://sbsb.kr/VRHYXE\n\n1곡만\nhttps://www.youtube.com/@JUST1MIN_MUSIC\n\n1분만 네이버 카페\nhttps://cafe.naver.com/just1mincafe\n\n1인분이 되는 방법\nhttps://www.youtube.com/channel/UCM31rBPQdifQKUmBKtwVqBg/join\n\n-------------------------------------------------------\nBGM : Music provided by 브금대통령\nTrack : 펭귄의 비행 - https://youtu.be/ZW_msPN4GJw\n-------------------------------------------------------\n\n\n*1분만 채널은 법무법인 호암과 함께하고 있습니다*\n*1분만 영상은 ELBA가 만든 영상 협업 플랫폼 'YouViCo'로 제작됩니다*\n→ https://youvico.com/?utm_medium=social&utm_campaign=bio_link&utm_source=youtube&utm_content=1min\n\n\n#품귀현상 #품절대란 #허버칩두쫀쿠""}, ""defaultAudioLanguage"": ""ko""}, ""statistics"": {""viewCount"": ""134483"", ""likeCount"": ""2360"", ""favoriteCount"": ""0"", ""commentCount"": ""105""}}"
youtube,두쫀쿠,canonical,1.0,[돌싱N모솔] 여자 출연자 파격 정체 폭로! 출연자 인스타 대공개! 실체 충격! #돌싱앤모솔#돌싱N모솔#돌싱n모솔#돌싱모솔#돌싱앤모솔#돌싱N모솔#돌싱n모솔#돌싱모솔,https://www.youtube.com/watch?v=qeEYzAk-n_A,2026-05-03T23:25:45Z,2026-05-26T05:44:58.694563+00:00,61415,236,173,409,이스트,#돌싱앤모솔#돌싱N모솔#돌싱n모솔#돌싱모솔#돌싱앤모솔#돌싱N모솔#돌싱n모솔#돌싱모솔#돌싱앤모솔#돌싱N모솔#돌싱n모솔#돌싱모솔#돌싱앤모솔#돌싱N모솔#돌싱n모솔#돌싱모솔#돌싱앤모솔#돌싱N모솔#돌싱n모솔#돌싱모솔#돌싱앤모솔#돌싱N모솔#돌싱n모솔#돌싱모솔#돌싱앤모솔#돌싱N모솔#돌싱n모솔#돌싱모솔#돌싱앤모솔#돌싱N모솔#돌싱n모솔#돌싱모솔#돌싱앤모솔#돌싱N모솔#돌싱n모솔#돌싱모솔,"{""kind"": ""youtube#video"", ""etag"": ""hEjQsVLDiMP4HCShxDA9J1TxOYQ"", ""id"": ""qeEYzAk-n_A"", ""snippet"": {""publishedAt"": ""2026-05-03T23:25:45Z"", ""channelId"": ""UCAInWhrD8RMHVr4VgrC7JOQ"", ""title"": ""[돌싱N모솔] 여자 출연자 파격 정체 폭로! 출연자 인스타 대공개! 실체 충격! #돌싱앤모솔#돌싱N모솔#돌싱n모솔#돌싱모솔#돌싱앤모솔#돌싱N모솔#돌싱n모솔#돌싱모솔"", ""description"": ""#돌싱앤모솔#돌싱N모솔#돌싱n모솔#돌싱모솔#돌싱앤모솔#돌싱N모솔#돌싱n모솔#돌싱모솔#돌싱앤모솔#돌싱N모솔#돌싱n모솔#돌싱모솔#돌싱앤모솔#돌싱N모솔#돌싱n모솔#돌싱모솔#돌싱앤모솔#돌싱N모솔#돌싱n모솔#돌싱모솔#돌싱앤모솔#돌싱N모솔#돌싱n모솔#돌싱모솔#돌싱앤모솔#돌싱N모솔#돌싱n모솔#돌싱모솔#돌싱앤모솔#돌싱N모솔#돌싱n모솔#돌싱모솔#돌싱앤모솔#돌싱N모솔#돌싱n모솔#돌싱모솔"", ""thumbnails"": {""default"": {""url"": ""https://i.ytimg.com/vi/qeEYzAk-n_A/default.jpg"", ""width"": 120, ""height"": 90}, ""medium"": {""url"": ""https://i.ytimg.com/vi/qeEYzAk-n_A/mqdefault.jpg"", ""width"": 320, ""height"": 180}, ""high"": {""url"": ""https://i.ytimg.com/vi/qeEYzAk-n_A/hqdefault.jpg"", ""width"": 480, ""height"": 360}, ""standard"": {""url"": ""https://i.ytimg.com/vi/qeEYzAk-n_A/sddefault.jpg"", ""width"": 640, ""height"": 480}, ""maxres"": {""url"": ""https://i.ytimg.com/vi/qeEYzAk-n_A/maxresdefault.jpg"", ""width"": 1280, ""height"": 720}}, ""channelTitle"": ""이스트"", ""categoryId"": ""24"", ""liveBroadcastContent"": ""none"", ""defaultLanguage"": ""ko"", ""localized"": {""title"": ""[돌싱N모솔] 여자 출연자 파격 정체 폭로! 출연자 인스타 대공개! 실체 충격! #돌싱앤모솔#돌싱N모솔#돌싱n모솔#돌싱모솔#돌싱앤모솔#돌싱N모솔#돌싱n모솔#돌싱모솔"", ""description"": ""#돌싱앤모솔#돌싱N모솔#돌싱n모솔#돌싱모솔#돌싱앤모솔#돌싱N모솔#돌싱n모솔#돌싱모솔#돌싱앤모솔#돌싱N모솔#돌싱n모솔#돌싱모솔#돌싱앤모솔#돌싱N모솔#돌싱n모솔#돌싱모솔#돌싱앤모솔#돌싱N모솔#돌싱n모솔#돌싱모솔#돌싱앤모솔#돌싱N모솔#돌싱n모솔#돌싱모솔#돌싱앤모솔#돌싱N모솔#돌싱n모솔#돌싱모솔#돌싱앤모솔#돌싱N모솔#돌싱n모솔#돌싱모솔#돌싱앤모솔#돌싱N모솔#돌싱n모솔#돌싱모솔""}, ""defaultAudioLanguage"": ""ko""}, ""statistics"": {""viewCount"": ""61415"", ""likeCount"": ""236"", ""favoriteCount"": ""0"", ""commentCount"": ""173""}}"
youtube,두쫀쿠,canonical,1.0,두쫀쿠 말랑이 조샤버리기!!!✂️ #말랑이자르기,https://www.youtube.com/watch?v=On4BfsBAslM,2026-05-01T09:00:39Z,2026-05-26T05:44:58.694563+00:00,125477,1790,176,1966,[ DEW ]옌린,"여러분 근데 목소리 들어가는게 더 좋아요?🥲🥲🥲



#두쫀쿠 #두쫀쿠말랑이 #말랑이자르기 #말랑이리뷰 #말랑이거래 #옌린","{""kind"": ""youtube#video"", ""etag"": ""v1hRhWm3k6uoQ7fQ3--qyAodsDY"", ""id"": ""On4BfsBAslM"", ""snippet"": {""publishedAt"": ""2026-05-01T09:00:39Z"", ""channelId"": ""UC3bq_d91cMUtwz1AZ1nHEFg"", ""title"": ""두쫀쿠 말랑이 조샤버리기!!!✂️ #말랑이자르기"", ""description"": ""여러분 근데 목소리 들어가는게 더 좋아요?🥲🥲🥲\n\n\n\n#두쫀쿠 #두쫀쿠말랑이 #말랑이자르기 #말랑이리뷰 #말랑이거래 #옌린"", ""thumbnails"": {""default"": {""url"": ""https://i.ytimg.com/vi/On4BfsBAslM/default.jpg"", ""width"": 120, ""height"": 90}, ""medium"": {""url"": ""https://i.ytimg.com/vi/On4BfsBAslM/mqdefault.jpg"", ""width"": 320, ""height"": 180}, ""high"": {""url"": ""https://i.ytimg.com/vi/On4BfsBAslM/hqdefault.jpg"", ""width"": 480, ""height"": 360}, ""standard"": {""url"": ""https://i.ytimg.com/vi/On4BfsBAslM/sddefault.jpg"", ""width"": 640, ""height"": 480}, ""maxres"": {""url"": ""https://i.ytimg.com/vi/On4BfsBAslM/maxresdefault.jpg"", ""width"": 1280, ""height"": 720}}, ""channelTitle"": ""[ DEW ]옌린"", ""tags"": [""Diy"", ""craft"", ""말랑이"", ""akffkddl"", ""몰랑이"", ""paperdiy"", ""paperplay"", ""papertoy"", ""종이놀이"", ""종이놀이 상황극"", ""액괴"", ""슬라임"", ""slime"", ""만들기"", ""Origami paper"", ""satisfying"", ""입술먹방"", ""입술"", ""먹방"", ""emoji"", ""eating"", ""mukbang"", ""ASMR"", ""asmr"", ""redfood"", ""emojichallenge"", ""dessert"", ""asmreating"", ""asmrsounds""], ""categoryId"": ""22"", ""liveBroadcastContent"": ""none"", ""defaultLanguage"": ""ko"", ""localized"": {""title"": ""두쫀쿠 말랑이 조샤버리기!!!✂️ #말랑이자르기"", ""description"": ""여러분 근데 목소리 들어가는게 더 좋아요?🥲🥲🥲\n\n\n\n#두쫀쿠 #두쫀쿠말랑이 #말랑이자르기 #말랑이리뷰 #말랑이거래 #옌린""}, ""defaultAudioLanguage"": ""ko""}, ""statistics"": {""viewCount"": ""125477"", ""likeCount"": ""1790"", ""favoriteCount"": ""0"", ""commentCount"": ""176""}}"
youtube,두쫀쿠,canonical,1.0,두친자가 각성하면 생기는 일.. 🍪 || #추천 #두쫀쿠 #대왕두쫀쿠 #알고리즘 #먹방 #두바이쿠키 #포장계 #콩녕 #eating #추천띄워주세요,https://www.youtube.com/watch?v=oyGqDCQ5AW4,2026-05-02T01:00:54Z,2026-05-26T05:44:58.694563+00:00,89831,2776,238,3014,콩녕,,"{""kind"": ""youtube#video"", ""etag"": ""hNR9io67rEbUPDm7odPRxZvUbAg"", ""id"": ""oyGqDCQ5AW4"", ""snippet"": {""publishedAt"": ""2026-05-02T01:00:54Z"", ""channelId"": ""UCquG5reWg1e_Zs6kf9TEzNQ"", ""title"": ""두친자가 각성하면 생기는 일.. 🍪 || #추천 #두쫀쿠 #대왕두쫀쿠 #알고리즘 #먹방 #두바이쿠키 #포장계 #콩녕 #eating #추천띄워주세요"", ""description"": """", ""thumbnails"": {""default"": {""url"": ""https://i.ytimg.com/vi/oyGqDCQ5AW4/default.jpg"", ""width"": 120, ""height"": 90}, ""medium"": {""url"": ""https://i.ytimg.com/vi/oyGqDCQ5AW4/mqdefault.jpg"", ""width"": 320, ""height"": 180}, ""high"": {""url"": ""https://i.ytimg.com/vi/oyGqDCQ5AW4/hqdefault.jpg"", ""width"": 480, ""height"": 360}, ""standard"": {""url"": ""https://i.ytimg.com/vi/oyGqDCQ5AW4/sddefault.jpg"", ""width"": 640, ""height"": 480}, ""maxres"": {""url"": ""https://i.ytimg.com/vi/oyGqDCQ5AW4/maxresdefault.jpg"", ""width"": 1280, ""height"": 720}}, ""channelTitle"": ""콩녕"", ""categoryId"": ""22"", ""liveBroadcastContent"": ""none"", ""defaultLanguage"": ""ko"", ""localized"": {""title"": ""두친자가 각성하면 생기는 일.. 🍪 || #추천 #두쫀쿠 #대왕두쫀쿠 #알고리즘 #먹방 #두바이쿠키 #포장계 #콩녕 #eating #추천띄워주세요"", ""description"": """"}, ""defaultAudioLanguage"": ""ko""}, ""statistics"": {""viewCount"": ""89831"", ""likeCount"": ""2776"", ""favoriteCount"": ""0"", ""commentCount"": ""238""}}"
youtube,두쫀쿠,canonical,1.0,[요약] 예상치 못한 돌싱녀의 반전 스펙에! 모솔남의 과감한 직진 플러팅까지!!O.O l #돌싱N모솔 l #MBCevery1 l EP.4,https://www.youtube.com/watch?v=7MdQzUBwOkM,2026-05-06T07:00:06Z,2026-05-26T05:44:58.694563+00:00,60439,339,316,655,MBC every1,"예상치 못한 돌싱녀의 반전 스펙에!
모솔남의 과감한 직진 플러팅까지!!O.O

00:00 직업이 영어학원 원장?! 조지의 이상형 영어 능통자 등장!
10:57 '학력하고 집안을 물어볼 생각이에요' 조지, 영어 능통자 핑퐁에 대한 호감 UP
20:53 '저 전문직 집안 사람인데...' 본인의 이상형이 없자 결국엔 촬영 중단까지?
29:16 아 안 먹어;; (연프 역대급 진상 등장) 데이트 못해 흑화한 조지ㅋㅋㅋ
36:39 자녀? 장거리? 뭐든지 OK ! 돌싱녀 두쫀쿠에게 푹 빠진 모솔남 수금지화♥️

#돌싱N모솔 #돌싱 #모솔 #연프 #연애리얼리티 #채정안 #김풍 #넉살 #연애기숙학교 #연애 #결혼 #이혼 #첫사랑 #끝사랑 #자기소개 #직업공개 #나이공개 #플러팅 #엠비씨에브리원 #mbcevery1 

♥시간 순삭 꿀잼 영상!! 구독하고 챙겨보기♥
 https://bit.ly/3WwT2El
 
 --------------------------------------------------------------
 ☆KPOP 영상이 보고싶다면??!☆
ALL THE K-POP 보러 가기 : https://bit.ly/3NJTqeG
✅ 비즈니스 문의 : youtube@mbcplus.com","{""kind"": ""youtube#video"", ""etag"": ""-9R7gOopsyG7lP82GB8jb5SF2Yc"", ""id"": ""7MdQzUBwOkM"", ""snippet"": {""publishedAt"": ""2026-05-06T07:00:06Z"", ""channelId"": ""UC-VbFgagk6GJGDJgRQIMpZw"", ""title"": ""[요약] 예상치 못한 돌싱녀의 반전 스펙에! 모솔남의 과감한 직진 플러팅까지!!O.O l #돌싱N모솔 l #MBCevery1 l EP.4"", ""description"": ""예상치 못한 돌싱녀의 반전 스펙에!\n모솔남의 과감한 직진 플러팅까지!!O.O\n\n00:00 직업이 영어학원 원장?! 조지의 이상형 영어 능통자 등장!\n10:57 '학력하고 집안을 물어볼 생각이에요' 조지, 영어 능통자 핑퐁에 대한 호감 UP\n20:53 '저 전문직 집안 사람인데...' 본인의 이상형이 없자 결국엔 촬영 중단까지?\n29:16 아 안 먹어;; (연프 역대급 진상 등장) 데이트 못해 흑화한 조지ㅋㅋㅋ\n36:39 자녀? 장거리? 뭐든지 OK ! 돌싱녀 두쫀쿠에게 푹 빠진 모솔남 수금지화♥️\n\n#돌싱N모솔 #돌싱 #모솔 #연프 #연애리얼리티 #채정안 #김풍 #넉살 #연애기숙학교 #연애 #결혼 #이혼 #첫사랑 #끝사랑 #자기소개 #직업공개 #나이공개 #플러팅 #엠비씨에브리원 #mbcevery1 \n\n♥시간 순삭 꿀잼 영상!! 구독하고 챙겨보기♥\n https://bit.ly/3WwT2El\n \n --------------------------------------------------------------\n ☆KPOP 영상이 보고싶다면??!☆\nALL THE K-POP 보러 가기 : https://bit.ly/3NJTqeG\n✅ 비즈니스 문의 : youtube@mbcplus.com"", ""thumbnails"": {""default"": {""url"": ""https://i.ytimg.com/vi/7MdQzUBwOkM/default.jpg"", ""width"": 120, ""height"": 90}, ""medium"": {""url"": ""https://i.ytimg.com/vi/7MdQzUBwOkM/mqdefault.jpg"", ""width"": 320, ""height"": 180}, ""high"": {""url"": ""https://i.ytimg.com/vi/7MdQzUBwOkM/hqdefault.jpg"", ""width"": 480, ""height"": 360}, ""standard"": {""url"": ""https://i.ytimg.com/vi/7MdQzUBwOkM/sddefault.jpg"", ""width"": 640, ""height"": 480}, ""maxres"": {""url"": ""https://i.ytimg.com/vi/7MdQzUBwOkM/maxresdefault.jpg"", ""width"": 1280, ""height"": 720}}, ""channelTitle"": ""MBC every1"", ""tags"": [""MBC every1"", ""MBCevery1"", ""MBC에브리원"", ""돌싱N모솔"", ""돌싱"", ""모솔"", ""연프"", ""연애리얼리티"", ""채정안"", ""김풍"", ""넉살"", ""낙화유수"", ""조지"", ""현무"", ""맹꽁이"", ""수금지화목토천해명"", ""루키"", ""핑퐁"", ""카멜리아"", ""순무"", ""서울쥐"", ""두쫀쿠"", ""불나방"", ""연애기숙학교"", ""연애"", ""결혼"", ""이혼"", ""첫사랑"", ""끝사랑"", ""엠비씨에브리원"", ""자기소개"", ""직업공개"", ""나이공개"", ""플러팅""], ""categoryId"": ""24"", ""liveBroadcastContent"": ""none"", ""defaultLanguage"": ""ko"", ""localized"": {""title"": ""[요약] 예상치 못한 돌싱녀의 반전 스펙에! 모솔남의 과감한 직진 플러팅까지!!O.O l #돌싱N모솔 l #MBCevery1 l EP.4"", ""description"": ""예상치 못한 돌싱녀의 반전 스펙에!\n모솔남의 과감한 직진 플러팅까지!!O.O\n\n00:00 직업이 영어학원 원장?! 조지의 이상형 영어 능통자 등장!\n10:57 '학력하고 집안을 물어볼 생각이에요' 조지, 영어 능통자 핑퐁에 대한 호감 UP\n20:53 '저 전문직 집안 사람인데...' 본인의 이상형이 없자 결국엔 촬영 중단까지?\n29:16 아 안 먹어;; (연프 역대급 진상 등장) 데이트 못해 흑화한 조지ㅋㅋㅋ\n36:39 자녀? 장거리? 뭐든지 OK ! 돌싱녀 두쫀쿠에게 푹 빠진 모솔남 수금지화♥️\n\n#돌싱N모솔 #돌싱 #모솔 #연프 #연애리얼리티 #채정안 #김풍 #넉살 #연애기숙학교 #연애 #결혼 #이혼 #첫사랑 #끝사랑 #자기소개 #직업공개 #나이공개 #플러팅 #엠비씨에브리원 #mbcevery1 \n\n♥시간 순삭 꿀잼 영상!! 구독하고 챙겨보기♥\n https://bit.ly/3WwT2El\n \n --------------------------------------------------------------\n ☆KPOP 영상이 보고싶다면??!☆\nALL THE K-POP 보러 가기 : https://bit.ly/3NJTqeG\n✅ 비즈니스 문의 : youtube@mbcplus.com""}, ""defaultAudioLanguage"": ""ko""}, ""statistics"": {""viewCount"": ""60439"", ""likeCount"": ""339"", ""favoriteCount"": ""0"", ""commentCount"": ""316""}}"
youtube,두쫀쿠,canonical,1.0,[4회 예고] '나도 사람인지라 기분 나쁩니다!' 조지의 흑화 이유는? | 돌싱N모솔 | 5월 5일 (화) 밤 10시 MBC every1,https://www.youtube.com/watch?v=z_6mYcAOkO8,2026-04-28T14:50:01Z,2026-05-26T05:44:58.694563+00:00,56953,262,312,574,MBC every1,"이어지는 돌싱녀들의 역사 시간
그리고 조지의 흑화!

＂나도 사람인지라 기분이 나쁩니다＂
끝내 터져버린 조지의 눈물까지.

그에게 도대체 무슨일이...?

돌싱N모솔
2026년 5월 5일 화요일 밤 10시 MBC every1 

#돌싱N모솔 #돌싱 #모솔 #연프 #연애리얼리티 #채정안 #김풍 #넉살 #낙화유수 #조지 #현무 #맹꽁이 #수금지화목토천해명 #루키 #핑퐁 #카멜리아 #순무 #서울쥐 #두쫀쿠 #불나방 #연애기숙학교 #연애 #결혼 #이혼 #첫사랑 #끝사랑 #엠비씨에브리원 #MBCevery1","{""kind"": ""youtube#video"", ""etag"": ""k9vZ5tcgGJS9pV1Vil_cPrYW3BY"", ""id"": ""z_6mYcAOkO8"", ""snippet"": {""publishedAt"": ""2026-04-28T14:50:01Z"", ""channelId"": ""UC-VbFgagk6GJGDJgRQIMpZw"", ""title"": ""[4회 예고] '나도 사람인지라 기분 나쁩니다!' 조지의 흑화 이유는? | 돌싱N모솔 | 5월 5일 (화) 밤 10시 MBC every1"", ""description"": ""이어지는 돌싱녀들의 역사 시간\n그리고 조지의 흑화!\n\n＂나도 사람인지라 기분이 나쁩니다＂\n끝내 터져버린 조지의 눈물까지.\n\n그에게 도대체 무슨일이...?\n\n돌싱N모솔\n2026년 5월 5일 화요일 밤 10시 MBC every1 \n\n#돌싱N모솔 #돌싱 #모솔 #연프 #연애리얼리티 #채정안 #김풍 #넉살 #낙화유수 #조지 #현무 #맹꽁이 #수금지화목토천해명 #루키 #핑퐁 #카멜리아 #순무 #서울쥐 #두쫀쿠 #불나방 #연애기숙학교 #연애 #결혼 #이혼 #첫사랑 #끝사랑 #엠비씨에브리원 #MBCevery1"", ""thumbnails"": {""default"": {""url"": ""https://i.ytimg.com/vi/z_6mYcAOkO8/default.jpg"", ""width"": 120, ""height"": 90}, ""medium"": {""url"": ""https://i.ytimg.com/vi/z_6mYcAOkO8/mqdefault.jpg"", ""width"": 320, ""height"": 180}, ""high"": {""url"": ""https://i.ytimg.com/vi/z_6mYcAOkO8/hqdefault.jpg"", ""width"": 480, ""height"": 360}, ""standard"": {""url"": ""https://i.ytimg.com/vi/z_6mYcAOkO8/sddefault.jpg"", ""width"": 640, ""height"": 480}, ""maxres"": {""url"": ""https://i.ytimg.com/vi/z_6mYcAOkO8/maxresdefault.jpg"", ""width"": 1280, ""height"": 720}}, ""channelTitle"": ""MBC every1"", ""tags"": [""돌싱N모솔"", ""돌싱"", ""모솔"", ""연프"", ""연애리얼리티"", ""채정안"", ""김풍"", ""넉살"", ""낙화유수"", ""조지"", ""현무"", ""맹꽁이"", ""수금지화목토천해명"", ""루키"", ""핑퐁"", ""카멜리아"", ""순무"", ""서울쥐"", ""두쫀쿠"", ""불나방"", ""연애기숙학교"", ""연애"", ""결혼"", ""이혼"", ""첫사랑"", ""끝사랑"", ""엠비씨에브리원"", ""MBCevery1""], ""categoryId"": ""24"", ""liveBroadcastContent"": ""none"", ""defaultLanguage"": ""ko"", ""localized"": {""title"": ""[4회 예고] '나도 사람인지라 기분 나쁩니다!' 조지의 흑화 이유는? | 돌싱N모솔 | 5월 5일 (화) 밤 10시 MBC every1"", ""description"": ""이어지는 돌싱녀들의 역사 시간\n그리고 조지의 흑화!\n\n＂나도 사람인지라 기분이 나쁩니다＂\n끝내 터져버린 조지의 눈물까지.\n\n그에게 도대체 무슨일이...?\n\n돌싱N모솔\n2026년 5월 5일 화요일 밤 10시 MBC every1 \n\n#돌싱N모솔 #돌싱 #모솔 #연프 #연애리얼리티 #채정안 #김풍 #넉살 #낙화유수 #조지 #현무 #맹꽁이 #수금지화목토천해명 #루키 #핑퐁 #카멜리아 #순무 #서울쥐 #두쫀쿠 #불나방 #연애기숙학교 #연애 #결혼 #이혼 #첫사랑 #끝사랑 #엠비씨에브리원 #MBCevery1""}, ""defaultAudioLanguage"": ""ko""}, ""statistics"": {""viewCount"": ""56953"", ""likeCount"": ""262"", ""favoriteCount"": ""0"", ""commentCount"": ""312""}}"
youtube,두쫀쿠,canonical,1.0,대형 우소우소 두쫀쿠….. 우리 사이가 원래 이렇게 멀었니?🥲,https://www.youtube.com/watch?v=2IixM73WctY,2026-05-02T03:20:00Z,2026-05-26T05:44:58.694563+00:00,106389,678,32,710,한살쀼 one ppyu,"쀼링이들 안녕하세요!!
너무너무 귀여운 우쫀쿠 뽑으러 다녀왔어요~
미니키링은 갖고 있지만
대형도 꼭 갖고 싶어요!!

과연….. 뽑기 성공했을까요?
재밌게 보셨다면 구독과 좋아요 부탁드려요🩵

#인형뽑기 #clawmachine #한살쀼 #우소우소짱 #쇼츠","{""kind"": ""youtube#video"", ""etag"": ""fYuMfcMX3BwU5T55OURPnoqZC6w"", ""id"": ""2IixM73WctY"", ""snippet"": {""publishedAt"": ""2026-05-02T03:20:00Z"", ""channelId"": ""UC34FetfixvOXZGV0x4RLh2Q"", ""title"": ""대형 우소우소 두쫀쿠….. 우리 사이가 원래 이렇게 멀었니?🥲"", ""description"": ""쀼링이들 안녕하세요!!\n너무너무 귀여운 우쫀쿠 뽑으러 다녀왔어요~\n미니키링은 갖고 있지만\n대형도 꼭 갖고 싶어요!!\n\n과연….. 뽑기 성공했을까요?\n재밌게 보셨다면 구독과 좋아요 부탁드려요🩵\n\n#인형뽑기 #clawmachine #한살쀼 #우소우소짱 #쇼츠"", ""thumbnails"": {""default"": {""url"": ""https://i.ytimg.com/vi/2IixM73WctY/default.jpg"", ""width"": 120, ""height"": 90}, ""medium"": {""url"": ""https://i.ytimg.com/vi/2IixM73WctY/mqdefault.jpg"", ""width"": 320, ""height"": 180}, ""high"": {""url"": ""https://i.ytimg.com/vi/2IixM73WctY/hqdefault.jpg"", ""width"": 480, ""height"": 360}, ""standard"": {""url"": ""https://i.ytimg.com/vi/2IixM73WctY/sddefault.jpg"", ""width"": 640, ""height"": 480}, ""maxres"": {""url"": ""https://i.ytimg.com/vi/2IixM73WctY/maxresdefault.jpg"", ""width"": 1280, ""height"": 720}}, ""channelTitle"": ""한살쀼 one ppyu"", ""tags"": [""한살쀼"", ""인형뽑기"", ""오락실"", ""Clawmachine"", ""뽑기"", ""일상"", ""우소우소"", ""Usouso"", ""두쫀쿠"", ""두쫀쿠우소우소"", ""인형"", ""Shorts"", ""쇼츠"", ""인뽑"", ""oneppyu"", ""clawmachine"", ""cranegame""], ""categoryId"": ""22"", ""liveBroadcastContent"": ""none"", ""defaultLanguage"": ""ko"", ""localized"": {""title"": ""대형 우소우소 두쫀쿠….. 우리 사이가 원래 이렇게 멀었니?🥲"", ""description"": ""쀼링이들 안녕하세요!!\n너무너무 귀여운 우쫀쿠 뽑으러 다녀왔어요~\n미니키링은 갖고 있지만\n대형도 꼭 갖고 싶어요!!\n\n과연….. 뽑기 성공했을까요?\n재밌게 보셨다면 구독과 좋아요 부탁드려요🩵\n\n#인형뽑기 #clawmachine #한살쀼 #우소우소짱 #쇼츠""}, ""defaultAudioLanguage"": ""ko""}, ""statistics"": {""viewCount"": ""106389"", ""likeCount"": ""678"", ""favoriteCount"": ""0"", ""commentCount"": ""32""}}"
youtube,두쫀쿠,canonical,1.0,대존맛 헤이즐넛 쫀득쿠키🤎 CRUNCHY NUTELLA CHEWY COOKIE ASMR #mukbang #먹방,https://www.youtube.com/watch?v=IaHsQDMZqzY,2026-04-30T12:15:03Z,2026-05-26T05:44:58.694563+00:00,75683,1801,47,1848,지지야 먹자 Let’s eat GG,"@momoslab_official 헤이즐넛 쫀득쿠키

여러분.. 모모즈랩 두쫀쿠 야무지게 말아주는 거
두입말해 입 아픈거 아시죠..?
근데 이번에 헤쫀쿠까지 신상으로 나왔더라구요..!!!!!

두쫀쿠 맛집답게 얇은 피 안에 내용물 꽉 차있고
먹을 때마다 계속 후두둑 떨어짐ㅠㅋㅋ

피는 부드럽고 말랑해서 쭉 늘어나는데
안에 헤이즐넛 스프레드가 진짜 가득이라
찐하게 고소달달한데 전혀 안 뻑뻑하고
완전 촉촉하고 녹진함…
 
게다가 카다이프는 또 초코맛임!!!! 완전 감다살이쟈놔...!♥

두친자들 모이세요...
당신들에게 새로운 애정템이 되어줄거야..♥

달달한 거 땡길 때 근처 GS25로 달려가면 됨 ㅇㅇ!!

우리동네GS 앱으로 재고 확인도 가능!

#모모즈랩 #헤이즐넛쫀득쿠키 #모모즈랩헤이즐넛쫀득쿠키 #헤쫀쿠 #GS25신상 #먹방 #mukbang #eatingsounds #asmrfood

인스타그램 : https://www.instagram.com/ggya.mukja, https://www.instagram.com/cxpybxrx 

📩비즈니스 문의 
jijikim1890@gmail.com","{""kind"": ""youtube#video"", ""etag"": ""P1OG7dpKwNAJqms53e-YFLbqaow"", ""id"": ""IaHsQDMZqzY"", ""snippet"": {""publishedAt"": ""2026-04-30T12:15:03Z"", ""channelId"": ""UCvlfhE17gFW5NgmAqLtiKAw"", ""title"": ""대존맛 헤이즐넛 쫀득쿠키🤎 CRUNCHY NUTELLA CHEWY COOKIE ASMR #mukbang #먹방"", ""description"": ""@momoslab_official 헤이즐넛 쫀득쿠키\n\n여러분.. 모모즈랩 두쫀쿠 야무지게 말아주는 거\n두입말해 입 아픈거 아시죠..?\n근데 이번에 헤쫀쿠까지 신상으로 나왔더라구요..!!!!!\n\n두쫀쿠 맛집답게 얇은 피 안에 내용물 꽉 차있고\n먹을 때마다 계속 후두둑 떨어짐ㅠㅋㅋ\n\n피는 부드럽고 말랑해서 쭉 늘어나는데\n안에 헤이즐넛 스프레드가 진짜 가득이라\n찐하게 고소달달한데 전혀 안 뻑뻑하고\n완전 촉촉하고 녹진함…\n \n게다가 카다이프는 또 초코맛임!!!! 완전 감다살이쟈놔...!♥\n\n두친자들 모이세요...\n당신들에게 새로운 애정템이 되어줄거야..♥\n\n달달한 거 땡길 때 근처 GS25로 달려가면 됨 ㅇㅇ!!\n\n우리동네GS 앱으로 재고 확인도 가능!\n\n#모모즈랩 #헤이즐넛쫀득쿠키 #모모즈랩헤이즐넛쫀득쿠키 #헤쫀쿠 #GS25신상 #먹방 #mukbang #eatingsounds #asmrfood\n\n인스타그램 : https://www.instagram.com/ggya.mukja, https://www.instagram.com/cxpybxrx \n\n📩비즈니스 문의 \njijikim1890@gmail.com"", ""thumbnails"": {""default"": {""url"": ""https://i.ytimg.com/vi/IaHsQDMZqzY/default.jpg"", ""width"": 120, ""height"": 90}, ""medium"": {""url"": ""https://i.ytimg.com/vi/IaHsQDMZqzY/mqdefault.jpg"", ""width"": 320, ""height"": 180}, ""high"": {""url"": ""https://i.ytimg.com/vi/IaHsQDMZqzY/hqdefault.jpg"", ""width"": 480, ""height"": 360}, ""standard"": {""url"": ""https://i.ytimg.com/vi/IaHsQDMZqzY/sddefault.jpg"", ""width"": 640, ""height"": 480}, ""maxres"": {""url"": ""https://i.ytimg.com/vi/IaHsQDMZqzY/maxresdefault.jpg"", ""width"": 1280, ""height"": 720}}, ""channelTitle"": ""지지야 먹자 Let’s eat GG"", ""tags"": [""#먹방"", ""#먹방ASMR"", ""#mukbang"", ""#eatingsound"", ""#eatingshow"", ""#koreanmukbang"", ""#mukbangASMR"", ""#大食い"", ""#디저트먹방"", ""#두바이쫀득쿠키"", ""#モッパン"", ""#dubaichocolate"", ""#ドバイチョコ"", ""#ドバイチョンドゥクッキ"", ""#dubai chewy cookie""], ""categoryId"": ""24"", ""liveBroadcastContent"": ""none"", ""defaultLanguage"": ""ko"", ""localized"": {""title"": ""대존맛 헤이즐넛 쫀득쿠키🤎 CRUNCHY NUTELLA CHEWY COOKIE ASMR #mukbang #먹방"", ""description"": ""@momoslab_official 헤이즐넛 쫀득쿠키\n\n여러분.. 모모즈랩 두쫀쿠 야무지게 말아주는 거\n두입말해 입 아픈거 아시죠..?\n근데 이번에 헤쫀쿠까지 신상으로 나왔더라구요..!!!!!\n\n두쫀쿠 맛집답게 얇은 피 안에 내용물 꽉 차있고\n먹을 때마다 계속 후두둑 떨어짐ㅠㅋㅋ\n\n피는 부드럽고 말랑해서 쭉 늘어나는데\n안에 헤이즐넛 스프레드가 진짜 가득이라\n찐하게 고소달달한데 전혀 안 뻑뻑하고\n완전 촉촉하고 녹진함…\n \n게다가 카다이프는 또 초코맛임!!!! 완전 감다살이쟈놔...!♥\n\n두친자들 모이세요...\n당신들에게 새로운 애정템이 되어줄거야..♥\n\n달달한 거 땡길 때 근처 GS25로 달려가면 됨 ㅇㅇ!!\n\n우리동네GS 앱으로 재고 확인도 가능!\n\n#모모즈랩 #헤이즐넛쫀득쿠키 #모모즈랩헤이즐넛쫀득쿠키 #헤쫀쿠 #GS25신상 #먹방 #mukbang #eatingsounds #asmrfood\n\n인스타그램 : https://www.instagram.com/ggya.mukja, https://www.instagram.com/cxpybxrx \n\n📩비즈니스 문의 \njijikim1890@gmail.com""}, ""defaultAudioLanguage"": ""ko""}, ""statistics"": {""viewCount"": ""75683"", ""likeCount"": ""1801"", ""favoriteCount"": ""0"", ""commentCount"": ""47""}}"
youtube,두쫀쿠,canonical,1.0,자녀? 장거리? 뭐든지 OK ! 돌싱녀 두쫀쿠에게 푹 빠진 모솔남 수금지화♥️ l #돌싱N모솔 l #MBCevery1 l EP.4,https://www.youtube.com/watch?v=9ts0rxcjMKQ,2026-05-05T14:45:03Z,2026-05-26T05:44:58.694563+00:00,54973,229,399,628,MBC every1,"▶ 숨겨진 재력부터 커리어까지! 돌싱녀들의 화려한 반전 정체는? 
▶ ＂기분이 나쁘네요＂ 모솔남의 돌발 행동! 급기야 제작진까지 긴급 투입되는데... 
▶ 어떡하죠 내 심장이 고장 났나 봐♪ 인생 첫 스킨십에 버퍼링 걸린 모솔남 
▶ 만난 지 이틀 만에 ＂00까지 줄 수 있어요＂ 현장을 초토화한 충격 발언! 
▶ 자녀가 셋이어도 OK! 돌싱녀 한정 ‘OK맨’의 노 브레이크 직진

#돌싱N모솔 #돌싱 #모솔 #연프 #연애리얼리티 #채정안 #김풍 #넉살 #낙화유수 #조지 #현무 #맹꽁이 #수금지화목토천해명 #루키 #핑퐁 #카멜리아 #순무 #서울쥐 #두쫀쿠 #불나방 #연애기숙학교 #연애 #결혼 #이혼 #첫사랑 #끝사랑 #엠비씨에브리원 #MBCevery1

♥시간 순삭 꿀잼 영상!! 구독하고 챙겨보기♥
 https://bit.ly/3WwT2El
 
 --------------------------------------------------------------
 ☆KPOP 영상이 보고싶다면??!☆
ALL THE K-POP 보러 가기 : https://bit.ly/3NJTqeG
✅ 비즈니스 문의 : youtube@mbcplus.com","{""kind"": ""youtube#video"", ""etag"": ""HIH7pgY2Lw9YN0fO6ADIEH9l3Fg"", ""id"": ""9ts0rxcjMKQ"", ""snippet"": {""publishedAt"": ""2026-05-05T14:45:03Z"", ""channelId"": ""UC-VbFgagk6GJGDJgRQIMpZw"", ""title"": ""자녀? 장거리? 뭐든지 OK ! 돌싱녀 두쫀쿠에게 푹 빠진 모솔남 수금지화♥️ l #돌싱N모솔 l #MBCevery1 l EP.4"", ""description"": ""▶ 숨겨진 재력부터 커리어까지! 돌싱녀들의 화려한 반전 정체는? \n▶ ＂기분이 나쁘네요＂ 모솔남의 돌발 행동! 급기야 제작진까지 긴급 투입되는데... \n▶ 어떡하죠 내 심장이 고장 났나 봐♪ 인생 첫 스킨십에 버퍼링 걸린 모솔남 \n▶ 만난 지 이틀 만에 ＂00까지 줄 수 있어요＂ 현장을 초토화한 충격 발언! \n▶ 자녀가 셋이어도 OK! 돌싱녀 한정 ‘OK맨’의 노 브레이크 직진\n\n#돌싱N모솔 #돌싱 #모솔 #연프 #연애리얼리티 #채정안 #김풍 #넉살 #낙화유수 #조지 #현무 #맹꽁이 #수금지화목토천해명 #루키 #핑퐁 #카멜리아 #순무 #서울쥐 #두쫀쿠 #불나방 #연애기숙학교 #연애 #결혼 #이혼 #첫사랑 #끝사랑 #엠비씨에브리원 #MBCevery1\n\n♥시간 순삭 꿀잼 영상!! 구독하고 챙겨보기♥\n https://bit.ly/3WwT2El\n \n --------------------------------------------------------------\n ☆KPOP 영상이 보고싶다면??!☆\nALL THE K-POP 보러 가기 : https://bit.ly/3NJTqeG\n✅ 비즈니스 문의 : youtube@mbcplus.com"", ""thumbnails"": {""default"": {""url"": ""https://i.ytimg.com/vi/9ts0rxcjMKQ/default.jpg"", ""width"": 120, ""height"": 90}, ""medium"": {""url"": ""https://i.ytimg.com/vi/9ts0rxcjMKQ/mqdefault.jpg"", ""width"": 320, ""height"": 180}, ""high"": {""url"": ""https://i.ytimg.com/vi/9ts0rxcjMKQ/hqdefault.jpg"", ""width"": 480, ""height"": 360}, ""standard"": {""url"": ""https://i.ytimg.com/vi/9ts0rxcjMKQ/sddefault.jpg"", ""width"": 640, ""height"": 480}, ""maxres"": {""url"": ""https://i.ytimg.com/vi/9ts0rxcjMKQ/maxresdefault.jpg"", ""width"": 1280, ""height"": 720}}, ""channelTitle"": ""MBC every1"", ""tags"": [""돌싱N모솔"", ""돌싱모솔"", ""돌싱"", ""모솔"", ""연프"", ""연애리얼리티"", ""채정안"", ""김풍"", ""넉살"", ""낙화유수"", ""조지"", ""현무"", ""맹꽁이"", ""수금지화목토천해명"", ""루키"", ""핑퐁"", ""카멜리아"", ""순무"", ""서울쥐"", ""두쫀쿠"", ""불나방"", ""연애기숙학교"", ""연애"", ""결혼"", ""이혼"", ""첫사랑"", ""끝사랑"", ""엠비씨에브리원"", ""MBCevery1""], ""categoryId"": ""24"", ""liveBroadcastContent"": ""none"", ""defaultLanguage"": ""ko"", ""localized"": {""title"": ""자녀? 장거리? 뭐든지 OK ! 돌싱녀 두쫀쿠에게 푹 빠진 모솔남 수금지화♥️ l #돌싱N모솔 l #MBCevery1 l EP.4"", ""description"": ""▶ 숨겨진 재력부터 커리어까지! 돌싱녀들의 화려한 반전 정체는? \n▶ ＂기분이 나쁘네요＂ 모솔남의 돌발 행동! 급기야 제작진까지 긴급 투입되는데... \n▶ 어떡하죠 내 심장이 고장 났나 봐♪ 인생 첫 스킨십에 버퍼링 걸린 모솔남 \n▶ 만난 지 이틀 만에 ＂00까지 줄 수 있어요＂ 현장을 초토화한 충격 발언! \n▶ 자녀가 셋이어도 OK! 돌싱녀 한정 ‘OK맨’의 노 브레이크 직진\n\n#돌싱N모솔 #돌싱 #모솔 #연프 #연애리얼리티 #채정안 #김풍 #넉살 #낙화유수 #조지 #현무 #맹꽁이 #수금지화목토천해명 #루키 #핑퐁 #카멜리아 #순무 #서울쥐 #두쫀쿠 #불나방 #연애기숙학교 #연애 #결혼 #이혼 #첫사랑 #끝사랑 #엠비씨에브리원 #MBCevery1\n\n♥시간 순삭 꿀잼 영상!! 구독하고 챙겨보기♥\n https://bit.ly/3WwT2El\n \n --------------------------------------------------------------\n ☆KPOP 영상이 보고싶다면??!☆\nALL THE K-POP 보러 가기 : https://bit.ly/3NJTqeG\n✅ 비즈니스 문의 : youtube@mbcplus.com""}, ""defaultAudioLanguage"": ""ko""}, ""statistics"": {""viewCount"": ""54973"", ""likeCount"": ""229"", ""favoriteCount"": ""0"", ""commentCount"": ""399""}}"
youtube,두쫀쿠,canonical,1.0,헤쫀쿠vs황쫀쿠 이거 어때?? ASMR Dessert Eating Sounds #shorts,https://www.youtube.com/watch?v=W67U0BMqdJc,2026-05-03T12:11:42Z,2026-05-26T05:44:58.694563+00:00,99447,1342,129,1471,Jings ASMR 징스,#편의점신상 #디저트먹방 #asmr먹방 #입술먹방 #asmreatingsounds #asmrlipstick #먹방 #썰풀기 #고민상담,"{""kind"": ""youtube#video"", ""etag"": ""YWdoiUb9sUO4YdWWj15HZw66MEc"", ""id"": ""W67U0BMqdJc"", ""snippet"": {""publishedAt"": ""2026-05-03T12:11:42Z"", ""channelId"": ""UClPfJjQ-Ywc7jaWkjJ86lAQ"", ""title"": ""헤쫀쿠vs황쫀쿠 이거 어때?? ASMR Dessert Eating Sounds #shorts"", ""description"": ""#편의점신상 #디저트먹방 #asmr먹방 #입술먹방 #asmreatingsounds #asmrlipstick #먹방 #썰풀기 #고민상담"", ""thumbnails"": {""default"": {""url"": ""https://i.ytimg.com/vi/W67U0BMqdJc/default.jpg"", ""width"": 120, ""height"": 90}, ""medium"": {""url"": ""https://i.ytimg.com/vi/W67U0BMqdJc/mqdefault.jpg"", ""width"": 320, ""height"": 180}, ""high"": {""url"": ""https://i.ytimg.com/vi/W67U0BMqdJc/hqdefault.jpg"", ""width"": 480, ""height"": 360}, ""standard"": {""url"": ""https://i.ytimg.com/vi/W67U0BMqdJc/sddefault.jpg"", ""width"": 640, ""height"": 480}, ""maxres"": {""url"": ""https://i.ytimg.com/vi/W67U0BMqdJc/maxresdefault.jpg"", ""width"": 1280, ""height"": 720}}, ""channelTitle"": ""Jings ASMR 징스"", ""tags"": [""두쫀쿠"", ""두쫀쿠먹방"", ""초콜릿"", ""초콜리먹방"", ""헤이즐넛쫀득쿠키"", ""헤쫀쿠"", ""asmr먹방"", ""먹방asmr"", ""asmreatingshow"", ""asmreatingsounds"", ""asmrmukbang"", ""입술먹방"", ""입먹방"", ""입술계"", ""썰풀기"", ""썰풀기먹방"", ""사연영상"", ""고민상담"", ""asmrlip"", ""asmrlips"", ""asmrlipstick"", ""asmrsleep"", ""박지훈 bodyelse"", ""new kpop""], ""categoryId"": ""22"", ""liveBroadcastContent"": ""none"", ""defaultLanguage"": ""ko"", ""localized"": {""title"": ""헤쫀쿠vs황쫀쿠 이거 어때?? ASMR Dessert Eating Sounds #shorts"", ""description"": ""#편의점신상 #디저트먹방 #asmr먹방 #입술먹방 #asmreatingsounds #asmrlipstick #먹방 #썰풀기 #고민상담""}, ""defaultAudioLanguage"": ""ko""}, ""statistics"": {""viewCount"": ""99447"", ""likeCount"": ""1342"", ""favoriteCount"": ""0"", ""commentCount"": ""129""}}"
youtube,두쫀쿠,canonical,1.0,스탠포드 도착한 BTS에게 팬들이 건낸 의외의 선물은?! 냉철했던 앵커가 한순간 스르륵 웃을 수밖에 없었던 뜻밖의 이유!,https://www.youtube.com/watch?v=h3C-HhEb-3k,2026-05-15T21:05:16Z,2026-05-26T05:44:58.694563+00:00,49796,1805,38,1843,두쫀쿠뉴스 • 조회수 987만회 ,"영상 나레이션은 20대 성우지망생 제 목소리로 직접 녹음하고 있습니다.
대한민국을 위한 마음을 댓글에 “자랑스럽다”라고 남겨주세요

#BTS","{""kind"": ""youtube#video"", ""etag"": ""v9RbfQ5VAwMY49hW4FgJWwGrN8M"", ""id"": ""h3C-HhEb-3k"", ""snippet"": {""publishedAt"": ""2026-05-15T21:05:16Z"", ""channelId"": ""UCtLVdqW7AA_2cyISVy1sfcg"", ""title"": ""스탠포드 도착한 BTS에게 팬들이 건낸 의외의 선물은?! 냉철했던 앵커가 한순간 스르륵 웃을 수밖에 없었던 뜻밖의 이유!"", ""description"": ""영상 나레이션은 20대 성우지망생 제 목소리로 직접 녹음하고 있습니다.\n대한민국을 위한 마음을 댓글에 “자랑스럽다”라고 남겨주세요\n\n#BTS"", ""thumbnails"": {""default"": {""url"": ""https://i.ytimg.com/vi/h3C-HhEb-3k/default.jpg"", ""width"": 120, ""height"": 90}, ""medium"": {""url"": ""https://i.ytimg.com/vi/h3C-HhEb-3k/mqdefault.jpg"", ""width"": 320, ""height"": 180}, ""high"": {""url"": ""https://i.ytimg.com/vi/h3C-HhEb-3k/hqdefault.jpg"", ""width"": 480, ""height"": 360}, ""standard"": {""url"": ""https://i.ytimg.com/vi/h3C-HhEb-3k/sddefault.jpg"", ""width"": 640, ""height"": 480}, ""maxres"": {""url"": ""https://i.ytimg.com/vi/h3C-HhEb-3k/maxresdefault.jpg"", ""width"": 1280, ""height"": 720}}, ""channelTitle"": ""두쫀쿠뉴스 • 조회수 987만회 "", ""tags"": [""해외반응"", ""미국반응"", ""외국인반응"", ""손흥민"", ""한국 축구"", ""토트넘"", ""한식"", ""한국음식"", ""국뽕"", ""해외 반응"", ""미국 반응"", ""외국인 반응"", ""한국"", ""일본"", ""일본 반응"", ""중국"", ""중국 반응"", ""한복"", ""한국군"", ""한국 해외반응"", ""해외 한국반응"", ""한국 반응"", ""해외 한국"", ""단골이슈"", ""한국 해외"", ""해외 한식"", ""한식 해외반응"", ""한식 인기"", ""해외 한식인기"", ""국제 커플"", ""국제커플"", ""국제 결혼"", ""국제결혼"", ""외국 결혼"", ""외국 커플"", ""광화문브리핑"", ""보도국 취재수첩"", ""생제르망"", ""손웅정"", ""평가전"", ""대표팀"", ""중국반응"", ""중국인 반응"", ""해외축구"", ""오프사이드"", ""야구"", ""김하성"", ""야구 중계"", ""메이저리그"", ""홈런"", ""이정후"", ""김하성 경기"", ""이정후 경기"", ""EPL"", ""챔피언스리그"", ""SPOTV"", ""월드컵"", ""올림픽"", ""밀라노올림픽최가온"", ""최가온금메달"", ""한국금메달"", ""밀라노올림픽한국"", ""최가온"", ""한국최가온"", ""최가온스노보드"", ""밀라노올림픽스노보드"", ""한국쇼트트랙"", ""K9자주포"", ""최민정"", ""김길리"", ""우상혁"", ""한국육상"", ""베트남"", ""시온티비"", ""주한미군"", ""방위비""], ""categoryId"": ""1"", ""liveBroadcastContent"": ""none"", ""defaultLanguage"": ""ko"", ""localized"": {""title"": ""스탠포드 도착한 BTS에게 팬들이 건낸 의외의 선물은?! 냉철했던 앵커가 한순간 스르륵 웃을 수밖에 없었던 뜻밖의 이유!"", ""description"": ""영상 나레이션은 20대 성우지망생 제 목소리로 직접 녹음하고 있습니다.\n대한민국을 위한 마음을 댓글에 “자랑스럽다”라고 남겨주세요\n\n#BTS""}}, ""statistics"": {""viewCount"": ""49796"", ""likeCount"": ""1805"", ""favoriteCount"": ""0"", ""commentCount"": ""38""}}"
youtube,두쫀쿠,canonical,1.0,으른의 두쫀쿠🐙✨알이 꽉찬 알배기 쭈꾸미 먹방😆쭈꾸미알 숙회 먹방 Webfoot Octopus イイダコ | Mukbang ASMR,https://www.youtube.com/watch?v=R8r3DkoWOjE,2026-04-30T12:00:00Z,2026-05-26T05:44:58.694563+00:00,47206,1510,111,1621,온화 ONHWA,"Instagram : https://www.instagram.com/0nhwa/​ 

*악의적이거나 선동적인 댓글, 타인에게 불편함을 주는 댓글은 예고 없이 삭제 될 수 있으며 계속 될 경우에는 차단될 수 있습니다. 

#쭈꾸미 #알배기쭈꾸미 #알쭈꾸미 #쭈꾸미먹방 #알쭈꾸미먹방 #먹방asmr #먹방","{""kind"": ""youtube#video"", ""etag"": ""UsUb-zQ-ThiWTURlGg9zA82fv3M"", ""id"": ""R8r3DkoWOjE"", ""snippet"": {""publishedAt"": ""2026-04-30T12:00:00Z"", ""channelId"": ""UCfTAKBeIxcAIXvGLjZGNI3Q"", ""title"": ""으른의 두쫀쿠🐙✨알이 꽉찬 알배기 쭈꾸미 먹방😆쭈꾸미알 숙회 먹방 Webfoot Octopus イイダコ | Mukbang ASMR"", ""description"": ""Instagram : https://www.instagram.com/0nhwa/​ \n\n*악의적이거나 선동적인 댓글, 타인에게 불편함을 주는 댓글은 예고 없이 삭제 될 수 있으며 계속 될 경우에는 차단될 수 있습니다. \n\n#쭈꾸미 #알배기쭈꾸미 #알쭈꾸미 #쭈꾸미먹방 #알쭈꾸미먹방 #먹방asmr #먹방"", ""thumbnails"": {""default"": {""url"": ""https://i.ytimg.com/vi/R8r3DkoWOjE/default.jpg"", ""width"": 120, ""height"": 90}, ""medium"": {""url"": ""https://i.ytimg.com/vi/R8r3DkoWOjE/mqdefault.jpg"", ""width"": 320, ""height"": 180}, ""high"": {""url"": ""https://i.ytimg.com/vi/R8r3DkoWOjE/hqdefault.jpg"", ""width"": 480, ""height"": 360}, ""standard"": {""url"": ""https://i.ytimg.com/vi/R8r3DkoWOjE/sddefault.jpg"", ""width"": 640, ""height"": 480}, ""maxres"": {""url"": ""https://i.ytimg.com/vi/R8r3DkoWOjE/maxresdefault.jpg"", ""width"": 1280, ""height"": 720}}, ""channelTitle"": ""온화 ONHWA"", ""tags"": [""알쭈꾸미"", ""쭈꾸미"", ""쭈꾸미 먹방"", ""쭈꾸미 숙회"", ""쭈꾸미 숙회 먹방"", ""어른 두쫀쿠"", ""두쫀쿠 먹방"", ""두쫀쿠"", ""활쭈꾸미"", ""제철 쭈꾸미"", ""제철 해산물 먹방"", ""제철 해산물"", ""알배기 쭈꾸미"", ""알배기 쭈꾸미 먹방"", ""온화 쭈꾸미"", ""먹방asmr"", ""yt:cc=on"", ""온화"", ""온화 먹방"", ""먹방유튜버"", ""여자먹방"", ""먹방"", ""asmr먹방"", ""mukbang"", ""asmr"", ""mukbang asmr"", ""eating show"", ""eating sounds"", ""Webfoot Octopus"", ""baby octopus"", ""boiled webfoot octopus"", ""Webfoot Octopus Full Of Roe"", ""Мукбанг"", ""ミズダコ"", ""茹でたミズダコ"", ""子ダコ"", ""モクバン"", ""モクバン asmr"", ""ปลาหมึกน้อย"", ""ปลาหมึกตัวเล็กต้ม"", ""กิน"", ""กิน asmr"", ""gurita bayi"", ""gurita bayi rebus"", ""Bạch tuộc con"", ""Bạch tuộc con luộc"", ""Ăn Asmr""], ""categoryId"": ""24"", ""liveBroadcastContent"": ""none"", ""defaultLanguage"": ""ko"", ""localized"": {""title"": ""으른의 두쫀쿠🐙✨알이 꽉찬 알배기 쭈꾸미 먹방😆쭈꾸미알 숙회 먹방 Webfoot Octopus イイダコ | Mukbang ASMR"", ""description"": ""Instagram : https://www.instagram.com/0nhwa/​ \n\n*악의적이거나 선동적인 댓글, 타인에게 불편함을 주는 댓글은 예고 없이 삭제 될 수 있으며 계속 될 경우에는 차단될 수 있습니다. \n\n#쭈꾸미 #알배기쭈꾸미 #알쭈꾸미 #쭈꾸미먹방 #알쭈꾸미먹방 #먹방asmr #먹방""}, ""defaultAudioLanguage"": ""ko""}, ""statistics"": {""viewCount"": ""47206"", ""likeCount"": ""1510"", ""favoriteCount"": ""0"", ""commentCount"": ""111""}}"
youtube,두쫀쿠,canonical,1.0,진짜 모솔 맞아요? 센스쟁이 그 자체 수금지화의 아침 데이트 준비 현장 l #돌싱N모솔 l #MBCevery1 l EP.3,https://www.youtube.com/watch?v=_HB82iMWjpM,2026-04-28T14:01:05Z,2026-05-26T05:44:58.694563+00:00,47824,208,182,390,MBC every1,"▶ 불나방♥루키 데이트에서도 이어진 조지의 역사 강의?
▶ 낙화유수♥핑퐁, 순무 데이트에 낀 두 명의 객식구(?) 최대 인원 데이트 현장
▶ 5박 6일 설렘을 싣고 달릴 ＜연애기숙학교＞ 스쿨버스 대공개♥
▶ ＂호감 가는 여자 있었는데 없어졌습니다＂ 현무💔불나방 갈등 시작 
▶ 역대급 반전! 현장을 초토화(?) 시킨 루키의 자기소개! 

#돌싱N모솔 #돌싱 #모솔 #연프 #연애리얼리티 #채정안 #김풍 #넉살 #낙화유수 #조지 #현무 #맹꽁이 #수금지화목토천해명 #루키 #핑퐁 #카멜리아 #순무 #서울쥐 #두쫀쿠 #불나방 #연애기숙학교 #연애 #결혼 #이혼 #첫사랑 #끝사랑 #엠비씨에브리원 #MBCevery1

♥시간 순삭 꿀잼 영상!! 구독하고 챙겨보기♥
 https://bit.ly/3WwT2El
 
 --------------------------------------------------------------
 ☆KPOP 영상이 보고싶다면??!☆
ALL THE K-POP 보러 가기 : https://bit.ly/3NJTqeG
✅ 비즈니스 문의 : youtube@mbcplus.com","{""kind"": ""youtube#video"", ""etag"": ""ltdky-VeiksktQwFOBadtIkt7MY"", ""id"": ""_HB82iMWjpM"", ""snippet"": {""publishedAt"": ""2026-04-28T14:01:05Z"", ""channelId"": ""UC-VbFgagk6GJGDJgRQIMpZw"", ""title"": ""진짜 모솔 맞아요? 센스쟁이 그 자체 수금지화의 아침 데이트 준비 현장 l #돌싱N모솔 l #MBCevery1 l EP.3"", ""description"": ""▶ 불나방♥루키 데이트에서도 이어진 조지의 역사 강의?\n▶ 낙화유수♥핑퐁, 순무 데이트에 낀 두 명의 객식구(?) 최대 인원 데이트 현장\n▶ 5박 6일 설렘을 싣고 달릴 ＜연애기숙학교＞ 스쿨버스 대공개♥\n▶ ＂호감 가는 여자 있었는데 없어졌습니다＂ 현무💔불나방 갈등 시작 \n▶ 역대급 반전! 현장을 초토화(?) 시킨 루키의 자기소개! \n\n#돌싱N모솔 #돌싱 #모솔 #연프 #연애리얼리티 #채정안 #김풍 #넉살 #낙화유수 #조지 #현무 #맹꽁이 #수금지화목토천해명 #루키 #핑퐁 #카멜리아 #순무 #서울쥐 #두쫀쿠 #불나방 #연애기숙학교 #연애 #결혼 #이혼 #첫사랑 #끝사랑 #엠비씨에브리원 #MBCevery1\n\n♥시간 순삭 꿀잼 영상!! 구독하고 챙겨보기♥\n https://bit.ly/3WwT2El\n \n --------------------------------------------------------------\n ☆KPOP 영상이 보고싶다면??!☆\nALL THE K-POP 보러 가기 : https://bit.ly/3NJTqeG\n✅ 비즈니스 문의 : youtube@mbcplus.com"", ""thumbnails"": {""default"": {""url"": ""https://i.ytimg.com/vi/_HB82iMWjpM/default.jpg"", ""width"": 120, ""height"": 90}, ""medium"": {""url"": ""https://i.ytimg.com/vi/_HB82iMWjpM/mqdefault.jpg"", ""width"": 320, ""height"": 180}, ""high"": {""url"": ""https://i.ytimg.com/vi/_HB82iMWjpM/hqdefault.jpg"", ""width"": 480, ""height"": 360}, ""standard"": {""url"": ""https://i.ytimg.com/vi/_HB82iMWjpM/sddefault.jpg"", ""width"": 640, ""height"": 480}, ""maxres"": {""url"": ""https://i.ytimg.com/vi/_HB82iMWjpM/maxresdefault.jpg"", ""width"": 1280, ""height"": 720}}, ""channelTitle"": ""MBC every1"", ""tags"": [""돌싱N모솔"", ""돌싱"", ""모솔"", ""연프"", ""연애리얼리티"", ""채정안"", ""김풍"", ""넉살"", ""낙화유수"", ""조지"", ""현무"", ""맹꽁이"", ""수금지화목토천해명"", ""루키"", ""핑퐁"", ""카멜리아"", ""순무"", ""서울쥐"", ""두쫀쿠"", ""불나방"", ""연애기숙학교"", ""연애"", ""결혼"", ""이혼"", ""첫사랑"", ""끝사랑"", ""엠비씨에브리원"", ""MBCevery1""], ""categoryId"": ""24"", ""liveBroadcastContent"": ""none"", ""defaultLanguage"": ""ko"", ""localized"": {""title"": ""진짜 모솔 맞아요? 센스쟁이 그 자체 수금지화의 아침 데이트 준비 현장 l #돌싱N모솔 l #MBCevery1 l EP.3"", ""description"": ""▶ 불나방♥루키 데이트에서도 이어진 조지의 역사 강의?\n▶ 낙화유수♥핑퐁, 순무 데이트에 낀 두 명의 객식구(?) 최대 인원 데이트 현장\n▶ 5박 6일 설렘을 싣고 달릴 ＜연애기숙학교＞ 스쿨버스 대공개♥\n▶ ＂호감 가는 여자 있었는데 없어졌습니다＂ 현무💔불나방 갈등 시작 \n▶ 역대급 반전! 현장을 초토화(?) 시킨 루키의 자기소개! \n\n#돌싱N모솔 #돌싱 #모솔 #연프 #연애리얼리티 #채정안 #김풍 #넉살 #낙화유수 #조지 #현무 #맹꽁이 #수금지화목토천해명 #루키 #핑퐁 #카멜리아 #순무 #서울쥐 #두쫀쿠 #불나방 #연애기숙학교 #연애 #결혼 #이혼 #첫사랑 #끝사랑 #엠비씨에브리원 #MBCevery1\n\n♥시간 순삭 꿀잼 영상!! 구독하고 챙겨보기♥\n https://bit.ly/3WwT2El\n \n --------------------------------------------------------------\n ☆KPOP 영상이 보고싶다면??!☆\nALL THE K-POP 보러 가기 : https://bit.ly/3NJTqeG\n✅ 비즈니스 문의 : youtube@mbcplus.com""}, ""defaultAudioLanguage"": ""ko""}, ""statistics"": {""viewCount"": ""47824"", ""likeCount"": ""208"", ""favoriteCount"": ""0"", ""commentCount"": ""182""}}"
