canonical_keyword,keyword_set_mode,keyword,title,url,published_at,description,bloggername,bloggerlink,source,term,term_type,term_weight,collected_at,views,likes,comments,engagements,author,snippet,raw_payload
우베,preset,우베,하트의 4월 일상 | 봄봄봄 봄이 왔슨,https://blog.naver.com/kimheart-/224297164259,20260526,왜 특식이라 하는지 알겠더라  귀요미 윤우도 함께 먹는 날이 얼른 오기를~  휴무날 텐동과 <b>우베</b> 쉐이크를 먹었습니다 오키나와 이후로 첫 <b>우베</b>인거 같네용 (여행가고 싶오!!!) 웨메에서 헬로키티랑 콜라보를... ,사랑스러운 일상을 기록해°₊·ˈ♡,blog.naver.com/kimheart-,naver_blog,우베,canonical,1.0,2026-05-26T11:02:57.061617+00:00,0,0,0,0,사랑스러운 일상을 기록해°₊·ˈ♡,왜 특식이라 하는지 알겠더라  귀요미 윤우도 함께 먹는 날이 얼른 오기를~  휴무날 텐동과 <b>우베</b> 쉐이크를 먹었습니다 오키나와 이후로 첫 <b>우베</b>인거 같네용 (여행가고 싶오!!!) 웨메에서 헬로키티랑 콜라보를... ,"{""title"": ""하트의 4월 일상 | 봄봄봄 봄이 왔슨"", ""link"": ""https://blog.naver.com/kimheart-/224297164259"", ""description"": ""왜 특식이라 하는지 알겠더라  귀요미 윤우도 함께 먹는 날이 얼른 오기를~  휴무날 텐동과 <b>우베</b> 쉐이크를 먹었습니다 오키나와 이후로 첫 <b>우베</b>인거 같네용 (여행가고 싶오!!!) 웨메에서 헬로키티랑 콜라보를... "", ""bloggername"": ""사랑스러운 일상을 기록해°₊·ˈ♡"", ""bloggerlink"": ""blog.naver.com/kimheart-"", ""postdate"": ""20260526""}"
우베,preset,우베,"건강 트렌드, 보라색 자색고구마 <b>우베</b> 효능과 영양 성분",https://blog.naver.com/heemanggonggan/224297158366,20260526,오늘 함께 알아볼 웰빙 건강 트렌드는 디저트와 음료의 인기를 끌고 있는 <b>우베</b> 성분 정보입니다. 독특한 보라색 빛깔과 부드럽고 달콤한 맛으로 최근 전 세계 많은 이들의 주목을 받고 있습니다. 필리핀이... ,희망공간 제작소,blog.naver.com/heemanggonggan,naver_blog,우베,canonical,1.0,2026-05-26T11:02:57.061617+00:00,0,0,0,0,희망공간 제작소,오늘 함께 알아볼 웰빙 건강 트렌드는 디저트와 음료의 인기를 끌고 있는 <b>우베</b> 성분 정보입니다. 독특한 보라색 빛깔과 부드럽고 달콤한 맛으로 최근 전 세계 많은 이들의 주목을 받고 있습니다. 필리핀이... ,"{""title"": ""건강 트렌드, 보라색 자색고구마 <b>우베</b> 효능과 영양 성분"", ""link"": ""https://blog.naver.com/heemanggonggan/224297158366"", ""description"": ""오늘 함께 알아볼 웰빙 건강 트렌드는 디저트와 음료의 인기를 끌고 있는 <b>우베</b> 성분 정보입니다. 독특한 보라색 빛깔과 부드럽고 달콤한 맛으로 최근 전 세계 많은 이들의 주목을 받고 있습니다. 필리핀이... "", ""bloggername"": ""희망공간 제작소"", ""bloggerlink"": ""blog.naver.com/heemanggonggan"", ""postdate"": ""20260526""}"
우베,preset,우베,2654,https://blog.naver.com/cuti_ganz2/224297156801,20260526,대만식 <b>우베</b>크림샌드 궁금해서 머거봤는데요 3600원 아끼세요 치즈불닭 소스 반만 넣은건데 매워서... 우리 가족 다 ㅇㅈ을 ㅇㅈ합니다라고 한 두쫀쿠 <b>우베</b> 바스크 치즈케이크? 이건 못 참지 하고 머겄는데 입에... ,´͈ ᵕ `͈ ♡°◌̊,blog.naver.com/cuti_ganz2,naver_blog,우베,canonical,1.0,2026-05-26T11:02:57.061617+00:00,0,0,0,0,´͈ ᵕ `͈ ♡°◌̊,대만식 <b>우베</b>크림샌드 궁금해서 머거봤는데요 3600원 아끼세요 치즈불닭 소스 반만 넣은건데 매워서... 우리 가족 다 ㅇㅈ을 ㅇㅈ합니다라고 한 두쫀쿠 <b>우베</b> 바스크 치즈케이크? 이건 못 참지 하고 머겄는데 입에... ,"{""title"": ""2654"", ""link"": ""https://blog.naver.com/cuti_ganz2/224297156801"", ""description"": ""대만식 <b>우베</b>크림샌드 궁금해서 머거봤는데요 3600원 아끼세요 치즈불닭 소스 반만 넣은건데 매워서... 우리 가족 다 ㅇㅈ을 ㅇㅈ합니다라고 한 두쫀쿠 <b>우베</b> 바스크 치즈케이크? 이건 못 참지 하고 머겄는데 입에... "", ""bloggername"": ""´͈ ᵕ `͈ ♡°◌̊"", ""bloggerlink"": ""blog.naver.com/cuti_ganz2"", ""postdate"": ""20260526""}"
우베,preset,우베,지금 가야하는 이유? 애슐리는 지금 골드키위 축제중! 평택 고덕... ,https://blog.naver.com/zzizzinini/224297156324,20260526,골드키위 특유의 달달한 과즙이 매력적인 키위 뷔페 디저트 조합이랑 너무 좋았어요 <b>우베</b> 바스크 치즈케이크 이번 신메뉴 중 인기가 많은 보라빛 <b>우베</b> 바스크 치즈케이크 색감부터 시.강 한입 먹으면 <b>우베</b>... ,찌찌니니,blog.naver.com/zzizzinini,naver_blog,우베,canonical,1.0,2026-05-26T11:02:57.061617+00:00,0,0,0,0,찌찌니니,골드키위 특유의 달달한 과즙이 매력적인 키위 뷔페 디저트 조합이랑 너무 좋았어요 <b>우베</b> 바스크 치즈케이크 이번 신메뉴 중 인기가 많은 보라빛 <b>우베</b> 바스크 치즈케이크 색감부터 시.강 한입 먹으면 <b>우베</b>... ,"{""title"": ""지금 가야하는 이유? 애슐리는 지금 골드키위 축제중! 평택 고덕... "", ""link"": ""https://blog.naver.com/zzizzinini/224297156324"", ""description"": ""골드키위 특유의 달달한 과즙이 매력적인 키위 뷔페 디저트 조합이랑 너무 좋았어요 <b>우베</b> 바스크 치즈케이크 이번 신메뉴 중 인기가 많은 보라빛 <b>우베</b> 바스크 치즈케이크 색감부터 시.강 한입 먹으면 <b>우베</b>... "", ""bloggername"": ""찌찌니니"", ""bloggerlink"": ""blog.naver.com/zzizzinini"", ""postdate"": ""20260526""}"
우베,preset,우베,전의면 맛집 베어트리파크 카페 캐러멜리,https://blog.naver.com/chanseul__/224297155744,20260526,"메뉴 *디카페인 변경 가능 캐러멜리 메뉴 요즘 핫한 <b>우베</b> 크림 라떼를 비롯해서 계절메뉴인 수박주스, 벨지움 쇼콜라라떼, 버터떡, 오렌지 아메리카노 등 특색 있고 트렌디한 디저트를 만날 수 있는 전의면... ",이웃집 찬슬,blog.naver.com/chanseul__,naver_blog,우베,canonical,1.0,2026-05-26T11:02:57.061617+00:00,0,0,0,0,이웃집 찬슬,"메뉴 *디카페인 변경 가능 캐러멜리 메뉴 요즘 핫한 <b>우베</b> 크림 라떼를 비롯해서 계절메뉴인 수박주스, 벨지움 쇼콜라라떼, 버터떡, 오렌지 아메리카노 등 특색 있고 트렌디한 디저트를 만날 수 있는 전의면... ","{""title"": ""전의면 맛집 베어트리파크 카페 캐러멜리"", ""link"": ""https://blog.naver.com/chanseul__/224297155744"", ""description"": ""메뉴 *디카페인 변경 가능 캐러멜리 메뉴 요즘 핫한 <b>우베</b> 크림 라떼를 비롯해서 계절메뉴인 수박주스, 벨지움 쇼콜라라떼, 버터떡, 오렌지 아메리카노 등 특색 있고 트렌디한 디저트를 만날 수 있는 전의면... "", ""bloggername"": ""이웃집 찬슬"", ""bloggerlink"": ""blog.naver.com/chanseul__"", ""postdate"": ""20260526""}"
우베,preset,우베,"유럽 신혼여행 8일차 - 마요르카 맛집 추천 hoyo10, 아시엔다... ",https://blog.naver.com/shansjen/224297154088,20260526,오늘도 왔습니다 ㅋㅋㅋㅋㅋㅋㅋㅋㅋㅋㅋ 여기저기 구경 중 스벅도 갔는데 무슨 <b>우베</b> 들어간 라떼가 있어서 먹었더니 걍 그럼 옷 쇼핑도 했찌요 근데 막상 사려고 오니까 살 거 없는 거 다들 알져?... ,Shanying's 여행라이프,blog.naver.com/shansjen,naver_blog,우베,canonical,1.0,2026-05-26T11:02:57.061617+00:00,0,0,0,0,Shanying's 여행라이프,오늘도 왔습니다 ㅋㅋㅋㅋㅋㅋㅋㅋㅋㅋㅋ 여기저기 구경 중 스벅도 갔는데 무슨 <b>우베</b> 들어간 라떼가 있어서 먹었더니 걍 그럼 옷 쇼핑도 했찌요 근데 막상 사려고 오니까 살 거 없는 거 다들 알져?... ,"{""title"": ""유럽 신혼여행 8일차 - 마요르카 맛집 추천 hoyo10, 아시엔다... "", ""link"": ""https://blog.naver.com/shansjen/224297154088"", ""description"": ""오늘도 왔습니다 ㅋㅋㅋㅋㅋㅋㅋㅋㅋㅋㅋ 여기저기 구경 중 스벅도 갔는데 무슨 <b>우베</b> 들어간 라떼가 있어서 먹었더니 걍 그럼 옷 쇼핑도 했찌요 근데 막상 사려고 오니까 살 거 없는 거 다들 알져?... "", ""bloggername"": ""Shanying's 여행라이프"", ""bloggerlink"": ""blog.naver.com/shansjen"", ""postdate"": ""20260526""}"
우베,preset,우베,오키나와 태교여행 3일차 ~29주 임산부~,https://blog.naver.com/5gkstha/224297147730,20260526,<b>우베</b>맛으로 먹음 ㅎㅎ 이거시 내가 쇼핑한 때샷. 난 늘 머 마니 사올거처럼 하구 마니 못사와.. 나 쇼핑 그런거 잘 못해..☆ 태교여행으로서 오키나와! 좋았다! 날씨가 더웠던거 빼곤 그리 습하지도 않아서... ,✧･ﾟ: *✧･ﾟ:*✧･ﾟ: *✧･ﾟ:*,blog.naver.com/5gkstha,naver_blog,우베,canonical,1.0,2026-05-26T11:02:57.061617+00:00,0,0,0,0,✧･ﾟ: *✧･ﾟ:*✧･ﾟ: *✧･ﾟ:*,<b>우베</b>맛으로 먹음 ㅎㅎ 이거시 내가 쇼핑한 때샷. 난 늘 머 마니 사올거처럼 하구 마니 못사와.. 나 쇼핑 그런거 잘 못해..☆ 태교여행으로서 오키나와! 좋았다! 날씨가 더웠던거 빼곤 그리 습하지도 않아서... ,"{""title"": ""오키나와 태교여행 3일차 ~29주 임산부~"", ""link"": ""https://blog.naver.com/5gkstha/224297147730"", ""description"": ""<b>우베</b>맛으로 먹음 ㅎㅎ 이거시 내가 쇼핑한 때샷. 난 늘 머 마니 사올거처럼 하구 마니 못사와.. 나 쇼핑 그런거 잘 못해..☆ 태교여행으로서 오키나와! 좋았다! 날씨가 더웠던거 빼곤 그리 습하지도 않아서... "", ""bloggername"": ""✧･ﾟ: *✧･ﾟ:*✧･ﾟ: *✧･ﾟ:*"", ""bloggerlink"": ""blog.naver.com/5gkstha"", ""postdate"": ""20260526""}"
우베,preset,우베,빽다방 신메뉴 <b>우베</b>소프트아이스크림 먹어봄,https://blog.naver.com/hanjin9n/224297147523,20260526,빽다방의 <b>우베</b> 아이스크림이라고 신메뉴가 출시 했길래 원래 아이스크림을 좋아해서 바로 먹어 보았습니다. 빽다방의 <b>우베</b>가 뭐지 ? 해서 <b>우베</b>를 검색해 보았습니다. <b>우베</b>는 필리핀의 보라색 마(자색 참마)를... ,쿠로이진,blog.naver.com/hanjin9n,naver_blog,우베,canonical,1.0,2026-05-26T11:02:57.061617+00:00,0,0,0,0,쿠로이진,빽다방의 <b>우베</b> 아이스크림이라고 신메뉴가 출시 했길래 원래 아이스크림을 좋아해서 바로 먹어 보았습니다. 빽다방의 <b>우베</b>가 뭐지 ? 해서 <b>우베</b>를 검색해 보았습니다. <b>우베</b>는 필리핀의 보라색 마(자색 참마)를... ,"{""title"": ""빽다방 신메뉴 <b>우베</b>소프트아이스크림 먹어봄"", ""link"": ""https://blog.naver.com/hanjin9n/224297147523"", ""description"": ""빽다방의 <b>우베</b> 아이스크림이라고 신메뉴가 출시 했길래 원래 아이스크림을 좋아해서 바로 먹어 보았습니다. 빽다방의 <b>우베</b>가 뭐지 ? 해서 <b>우베</b>를 검색해 보았습니다. <b>우베</b>는 필리핀의 보라색 마(자색 참마)를... "", ""bloggername"": ""쿠로이진"", ""bloggerlink"": ""blog.naver.com/hanjin9n"", ""postdate"": ""20260526""}"
우베,preset,우베,다이어트 기록일지 [13],https://blog.naver.com/mycozyday_/224297147642,20260526,"그리고 디저트39에서 쿠키슈랑 <b>우베</b>버블티, 아아 먹었는데 쿠키슈 도랐슨; <b>우베</b>라떼도 이제 먹은게 억울 . 둘다 넘 맛있어서 완전 강 력 추 천 !!  아트박스가서 수박슬라임 사서 쪼물딱하면서 바풍... ",뭉씨일기,blog.naver.com/mycozyday_,naver_blog,우베,canonical,1.0,2026-05-26T11:02:57.061617+00:00,0,0,0,0,뭉씨일기,"그리고 디저트39에서 쿠키슈랑 <b>우베</b>버블티, 아아 먹었는데 쿠키슈 도랐슨; <b>우베</b>라떼도 이제 먹은게 억울 . 둘다 넘 맛있어서 완전 강 력 추 천 !!  아트박스가서 수박슬라임 사서 쪼물딱하면서 바풍... ","{""title"": ""다이어트 기록일지 [13]"", ""link"": ""https://blog.naver.com/mycozyday_/224297147642"", ""description"": ""그리고 디저트39에서 쿠키슈랑 <b>우베</b>버블티, 아아 먹었는데 쿠키슈 도랐슨; <b>우베</b>라떼도 이제 먹은게 억울 . 둘다 넘 맛있어서 완전 강 력 추 천 !!  아트박스가서 수박슬라임 사서 쪼물딱하면서 바풍... "", ""bloggername"": ""뭉씨일기"", ""bloggerlink"": ""blog.naver.com/mycozyday_"", ""postdate"": ""20260526""}"
우베,preset,우베,6월 제주 동쪽 가볼만한 곳 망고가 제철이라 맛있는 곳,https://blog.naver.com/lilly_always/224297145197,20260526,"<b>우베</b> 관련 아이스크림이랑 음료도 있고, 베트남 명물 콩커피도 있어요. 수제 망고 아이스크림부터 메인으로 내세우는 망고빙수까지 선택지가 폭넓어서 취향에 맞게 고를 수 있어요. 4. 제주 동쪽 여행 코스... ",내일의 소정,blog.naver.com/lilly_always,naver_blog,우베,canonical,1.0,2026-05-26T11:02:57.061617+00:00,0,0,0,0,내일의 소정,"<b>우베</b> 관련 아이스크림이랑 음료도 있고, 베트남 명물 콩커피도 있어요. 수제 망고 아이스크림부터 메인으로 내세우는 망고빙수까지 선택지가 폭넓어서 취향에 맞게 고를 수 있어요. 4. 제주 동쪽 여행 코스... ","{""title"": ""6월 제주 동쪽 가볼만한 곳 망고가 제철이라 맛있는 곳"", ""link"": ""https://blog.naver.com/lilly_always/224297145197"", ""description"": ""<b>우베</b> 관련 아이스크림이랑 음료도 있고, 베트남 명물 콩커피도 있어요. 수제 망고 아이스크림부터 메인으로 내세우는 망고빙수까지 선택지가 폭넓어서 취향에 맞게 고를 수 있어요. 4. 제주 동쪽 여행 코스... "", ""bloggername"": ""내일의 소정"", ""bloggerlink"": ""blog.naver.com/lilly_always"", ""postdate"": ""20260526""}"
우베,preset,우베,트레이더스 추천템 BEST 7 Ι 갈 때마다 장바구니에 담게 되는... ,https://blog.naver.com/bogoim/224296835020,20260526,홈카페 간식 추천 <b>우베</b>크림모찌브레드 한줄 결론 카페 디저트 느낌 나는 숨은 빵 추천템 보라색... 이번 장보기 베스트 3  꿔바로우  비비고 계란옷입은 고기완자  <b>우베</b>크림모찌브레드 이 세 제품은 다음에 가도... ,주부 13년차 리시안의 살림여왕 도전기,blog.naver.com/bogoim,naver_blog,우베,canonical,1.0,2026-05-26T11:02:57.061617+00:00,0,0,0,0,주부 13년차 리시안의 살림여왕 도전기,홈카페 간식 추천 <b>우베</b>크림모찌브레드 한줄 결론 카페 디저트 느낌 나는 숨은 빵 추천템 보라색... 이번 장보기 베스트 3  꿔바로우  비비고 계란옷입은 고기완자  <b>우베</b>크림모찌브레드 이 세 제품은 다음에 가도... ,"{""title"": ""트레이더스 추천템 BEST 7 Ι 갈 때마다 장바구니에 담게 되는... "", ""link"": ""https://blog.naver.com/bogoim/224296835020"", ""description"": ""홈카페 간식 추천 <b>우베</b>크림모찌브레드 한줄 결론 카페 디저트 느낌 나는 숨은 빵 추천템 보라색... 이번 장보기 베스트 3  꿔바로우  비비고 계란옷입은 고기완자  <b>우베</b>크림모찌브레드 이 세 제품은 다음에 가도... "", ""bloggername"": ""주부 13년차 리시안의 살림여왕 도전기"", ""bloggerlink"": ""blog.naver.com/bogoim"", ""postdate"": ""20260526""}"
우베,preset,우베,순천 조례동 투썸플레이스에서 보낸 포근한 오후,https://blog.naver.com/mercy_5028/224297143513,20260526,사실은 <b>우베</b> 쉐이크를 먹어보고 싶었는데 아이스크림이 솔드아웃이라 주문이 안 된다고 해서 조금 아쉬웠어요 은근 기대하고 있었는데 타이밍이 아쉽더라구요. 그래도 그냥 돌아가기엔 아쉬워서 <b>우베</b>라떼로... ,냥이와 포근한 하루,blog.naver.com/mercy_5028,naver_blog,우베,canonical,1.0,2026-05-26T11:02:57.061617+00:00,0,0,0,0,냥이와 포근한 하루,사실은 <b>우베</b> 쉐이크를 먹어보고 싶었는데 아이스크림이 솔드아웃이라 주문이 안 된다고 해서 조금 아쉬웠어요 은근 기대하고 있었는데 타이밍이 아쉽더라구요. 그래도 그냥 돌아가기엔 아쉬워서 <b>우베</b>라떼로... ,"{""title"": ""순천 조례동 투썸플레이스에서 보낸 포근한 오후"", ""link"": ""https://blog.naver.com/mercy_5028/224297143513"", ""description"": ""사실은 <b>우베</b> 쉐이크를 먹어보고 싶었는데 아이스크림이 솔드아웃이라 주문이 안 된다고 해서 조금 아쉬웠어요 은근 기대하고 있었는데 타이밍이 아쉽더라구요. 그래도 그냥 돌아가기엔 아쉬워서 <b>우베</b>라떼로... "", ""bloggername"": ""냥이와 포근한 하루"", ""bloggerlink"": ""blog.naver.com/mercy_5028"", ""postdate"": ""20260526""}"
우베,preset,우베,"주목하는 <b>우베</b>파우더, 우리가... 필리핀산 <b>우베</b> 100% 원료 · 중국... ",https://blog.naver.com/xldpflgudrn/224297141559,20260526,"━━━━━━━━━━━━━━━━━━━━━━━━━━━━━━  요즘 왜 다들 <b>우베</b> 얘기를... 케이크, 라떼, 아이스크림, 마카롱… 그 신비로운 보라빛의 정체는 바로 <b>우베</b>(Ube) 입니다. 필리핀에서 수백... ",FORTE 무역,blog.naver.com/xldpflgudrn,naver_blog,우베,canonical,1.0,2026-05-26T11:02:57.061617+00:00,0,0,0,0,FORTE 무역,"━━━━━━━━━━━━━━━━━━━━━━━━━━━━━━  요즘 왜 다들 <b>우베</b> 얘기를... 케이크, 라떼, 아이스크림, 마카롱… 그 신비로운 보라빛의 정체는 바로 <b>우베</b>(Ube) 입니다. 필리핀에서 수백... ","{""title"": ""주목하는 <b>우베</b>파우더, 우리가... 필리핀산 <b>우베</b> 100% 원료 · 중국... "", ""link"": ""https://blog.naver.com/xldpflgudrn/224297141559"", ""description"": ""━━━━━━━━━━━━━━━━━━━━━━━━━━━━━━  요즘 왜 다들 <b>우베</b> 얘기를... 케이크, 라떼, 아이스크림, 마카롱… 그 신비로운 보라빛의 정체는 바로 <b>우베</b>(Ube) 입니다. 필리핀에서 수백... "", ""bloggername"": ""FORTE 무역"", ""bloggerlink"": ""blog.naver.com/xldpflgudrn"", ""postdate"": ""20260526""}"
우베,preset,우베,교정브이로그...,https://blog.naver.com/oh1103_/224297141871,20260526,"ㅋㅋ 얼굴 가리기 하하하 ♡ 코코로 나인 왔음 <b>우베</b>&amp;두바이 떠먹케 미쳤다 ,,,,, 위에는 <b>우베</b> 초콜릿으로 깨 먹으면 됨 요건 서비스로 주심 ㅠㅡㅠ 올 때마다 서비스 주셔서 너무 감사한 마음 수요일입니다 엄마... ",. ݁₊ ⊹ . ݁˖ . ݁ ᯓ★,blog.naver.com/oh1103_,naver_blog,우베,canonical,1.0,2026-05-26T11:02:57.061617+00:00,0,0,0,0,. ݁₊ ⊹ . ݁˖ . ݁ ᯓ★,"ㅋㅋ 얼굴 가리기 하하하 ♡ 코코로 나인 왔음 <b>우베</b>&amp;두바이 떠먹케 미쳤다 ,,,,, 위에는 <b>우베</b> 초콜릿으로 깨 먹으면 됨 요건 서비스로 주심 ㅠㅡㅠ 올 때마다 서비스 주셔서 너무 감사한 마음 수요일입니다 엄마... ","{""title"": ""교정브이로그..."", ""link"": ""https://blog.naver.com/oh1103_/224297141871"", ""description"": ""ㅋㅋ 얼굴 가리기 하하하 ♡ 코코로 나인 왔음 <b>우베</b>&amp;두바이 떠먹케 미쳤다 ,,,,, 위에는 <b>우베</b> 초콜릿으로 깨 먹으면 됨 요건 서비스로 주심 ㅠㅡㅠ 올 때마다 서비스 주셔서 너무 감사한 마음 수요일입니다 엄마... "", ""bloggername"": "". ݁₊ ⊹ . ݁˖ . ݁ ᯓ★"", ""bloggerlink"": ""blog.naver.com/oh1103_"", ""postdate"": ""20260526""}"
우베,preset,우베,"보드게임 본워즈, 18웨스트, 안드로메다의 상인",https://blog.naver.com/tolkien1973/224297140226,20260526,"본워즈&gt; 설명 28분, 4인플 2시간 <b>우베</b> 36, 메이 47, 가든 49, 프림로즈 38 --------------------------------------------- 18웨스트&gt; 설명 20분, 4인플 2시간50분 <b>우베</b> 5832, 메이 6257, 가든 7931, 모야 6054... ",메이의 개인적인 보드게임 기록,blog.naver.com/tolkien1973,naver_blog,우베,canonical,1.0,2026-05-26T11:02:57.061617+00:00,0,0,0,0,메이의 개인적인 보드게임 기록,"본워즈&gt; 설명 28분, 4인플 2시간 <b>우베</b> 36, 메이 47, 가든 49, 프림로즈 38 --------------------------------------------- 18웨스트&gt; 설명 20분, 4인플 2시간50분 <b>우베</b> 5832, 메이 6257, 가든 7931, 모야 6054... ","{""title"": ""보드게임 본워즈, 18웨스트, 안드로메다의 상인"", ""link"": ""https://blog.naver.com/tolkien1973/224297140226"", ""description"": ""본워즈&gt; 설명 28분, 4인플 2시간 <b>우베</b> 36, 메이 47, 가든 49, 프림로즈 38 --------------------------------------------- 18웨스트&gt; 설명 20분, 4인플 2시간50분 <b>우베</b> 5832, 메이 6257, 가든 7931, 모야 6054... "", ""bloggername"": ""메이의 개인적인 보드게임 기록"", ""bloggerlink"": ""blog.naver.com/tolkien1973"", ""postdate"": ""20260526""}"
우베,preset,우베,샌드베이글 맛집 온니당 택배후기,https://blog.naver.com/gywls9702/224297139523,20260526,"양쯔깐루모찌샌드, <b>우베</b>고구마모찌샌드, 딸기바닐라모찌샌드, 블루베리치케모찌, 딸기요맘때모찌샌드, 황치즈바닐라모찌샌드, 망고요거트모찌샌드, 카라향청포도요거트모찌샌드, 딸기두바이모찌샌드 제가... ",찌니Daily__❥,blog.naver.com/gywls9702,naver_blog,우베,canonical,1.0,2026-05-26T11:02:57.061617+00:00,0,0,0,0,찌니Daily__❥,"양쯔깐루모찌샌드, <b>우베</b>고구마모찌샌드, 딸기바닐라모찌샌드, 블루베리치케모찌, 딸기요맘때모찌샌드, 황치즈바닐라모찌샌드, 망고요거트모찌샌드, 카라향청포도요거트모찌샌드, 딸기두바이모찌샌드 제가... ","{""title"": ""샌드베이글 맛집 온니당 택배후기"", ""link"": ""https://blog.naver.com/gywls9702/224297139523"", ""description"": ""양쯔깐루모찌샌드, <b>우베</b>고구마모찌샌드, 딸기바닐라모찌샌드, 블루베리치케모찌, 딸기요맘때모찌샌드, 황치즈바닐라모찌샌드, 망고요거트모찌샌드, 카라향청포도요거트모찌샌드, 딸기두바이모찌샌드 제가... "", ""bloggername"": ""찌니Daily__❥"", ""bloggerlink"": ""blog.naver.com/gywls9702"", ""postdate"": ""20260526""}"
우베,preset,우베,260526,https://blog.naver.com/ekfajrsmsgka/224297137067,20260526,뽑았으니까 됐다 아 블로그는 왜이렇게 따로 시간내서는 손이 안가고 월루로 쓰고싶을가요 키키 투썸 <b>우베</b> 치즈케이크 또 투썸 케이키 신상이 나오면 참을수없지 근데 맛이 없는건 아닌데 <b>우베</b>..?의 맛?이 뭔지... ,Cosmic Railway,blog.naver.com/ekfajrsmsgka,naver_blog,우베,canonical,1.0,2026-05-26T11:02:57.061617+00:00,0,0,0,0,Cosmic Railway,뽑았으니까 됐다 아 블로그는 왜이렇게 따로 시간내서는 손이 안가고 월루로 쓰고싶을가요 키키 투썸 <b>우베</b> 치즈케이크 또 투썸 케이키 신상이 나오면 참을수없지 근데 맛이 없는건 아닌데 <b>우베</b>..?의 맛?이 뭔지... ,"{""title"": ""260526"", ""link"": ""https://blog.naver.com/ekfajrsmsgka/224297137067"", ""description"": ""뽑았으니까 됐다 아 블로그는 왜이렇게 따로 시간내서는 손이 안가고 월루로 쓰고싶을가요 키키 투썸 <b>우베</b> 치즈케이크 또 투썸 케이키 신상이 나오면 참을수없지 근데 맛이 없는건 아닌데 <b>우베</b>..?의 맛?이 뭔지... "", ""bloggername"": ""Cosmic Railway"", ""bloggerlink"": ""blog.naver.com/ekfajrsmsgka"", ""postdate"": ""20260526""}"
우베,preset,우베,투썸플레이스 X 핑구 콜라보 (시크릿키링 뽑는 법) | <b>우베</b>라떼 후기,https://blog.naver.com/haneull_piljoon/224297132395,20260526,"맨들+매끈한 질감이 진짜 펭귄 같았음 출시한 지 한 달 넘어서 늦게 맛보는 <b>우베</b>라떼..☕ 투썸 <b>우베</b> 라떼(R) 5,700원 <b>우베</b> 쉐이크(R) 6,800원 <b>우베</b> 카페 라떼(R) 6,500원 <b>우베</b>에 '바닐라빈'을 넣었다는... ","구름, 오늘",blog.naver.com/haneull_piljoon,naver_blog,우베,canonical,1.0,2026-05-26T11:02:57.061617+00:00,0,0,0,0,"구름, 오늘","맨들+매끈한 질감이 진짜 펭귄 같았음 출시한 지 한 달 넘어서 늦게 맛보는 <b>우베</b>라떼..☕ 투썸 <b>우베</b> 라떼(R) 5,700원 <b>우베</b> 쉐이크(R) 6,800원 <b>우베</b> 카페 라떼(R) 6,500원 <b>우베</b>에 '바닐라빈'을 넣었다는... ","{""title"": ""투썸플레이스 X 핑구 콜라보 (시크릿키링 뽑는 법) | <b>우베</b>라떼 후기"", ""link"": ""https://blog.naver.com/haneull_piljoon/224297132395"", ""description"": ""맨들+매끈한 질감이 진짜 펭귄 같았음 출시한 지 한 달 넘어서 늦게 맛보는 <b>우베</b>라떼..☕ 투썸 <b>우베</b> 라떼(R) 5,700원 <b>우베</b> 쉐이크(R) 6,800원 <b>우베</b> 카페 라떼(R) 6,500원 <b>우베</b>에 '바닐라빈'을 넣었다는... "", ""bloggername"": ""구름, 오늘"", ""bloggerlink"": ""blog.naver.com/haneull_piljoon"", ""postdate"": ""20260526""}"
우베,preset,우베,주안대형카페 인천야간데이트로 추천하는 24시간카페... ,https://blog.naver.com/s2goawl/224297125027,20260526,유행하는 <b>우베</b>메뉴들도 판매중이었어요 더콤마라운지 내부로 들어가면 넓직한 크기의 대형카페뷰가 펼쳐지는데요 통창유리로 꼭 호텔에서 쉬는 것 같은 느낌과 함께 푹신한 쇼파로 편히 쉴 수 있는... ,융지룽융룽,blog.naver.com/s2goawl,naver_blog,우베,canonical,1.0,2026-05-26T11:02:57.061617+00:00,0,0,0,0,융지룽융룽,유행하는 <b>우베</b>메뉴들도 판매중이었어요 더콤마라운지 내부로 들어가면 넓직한 크기의 대형카페뷰가 펼쳐지는데요 통창유리로 꼭 호텔에서 쉬는 것 같은 느낌과 함께 푹신한 쇼파로 편히 쉴 수 있는... ,"{""title"": ""주안대형카페 인천야간데이트로 추천하는 24시간카페... "", ""link"": ""https://blog.naver.com/s2goawl/224297125027"", ""description"": ""유행하는 <b>우베</b>메뉴들도 판매중이었어요 더콤마라운지 내부로 들어가면 넓직한 크기의 대형카페뷰가 펼쳐지는데요 통창유리로 꼭 호텔에서 쉬는 것 같은 느낌과 함께 푹신한 쇼파로 편히 쉴 수 있는... "", ""bloggername"": ""융지룽융룽"", ""bloggerlink"": ""blog.naver.com/s2goawl"", ""postdate"": ""20260526""}"
우베,preset,우베,~26.05.10,https://blog.naver.com/dbsjidnjs02/224297122108,20260526,팀장님이 해장국 사주신대서 먹고 고구마버블티도 먹음 아놔 근데 딱 주문하고 계산하니까 <b>우베</b>라떼가 보이는거… 그거 먹을 걸!! 울애기 이렇게 예뻐도 돼?? 귀엽고 예쁨 난 정말 왜 사람들이 반려견인스타... ,행행,blog.naver.com/dbsjidnjs02,naver_blog,우베,canonical,1.0,2026-05-26T11:02:57.061617+00:00,0,0,0,0,행행,팀장님이 해장국 사주신대서 먹고 고구마버블티도 먹음 아놔 근데 딱 주문하고 계산하니까 <b>우베</b>라떼가 보이는거… 그거 먹을 걸!! 울애기 이렇게 예뻐도 돼?? 귀엽고 예쁨 난 정말 왜 사람들이 반려견인스타... ,"{""title"": ""~26.05.10"", ""link"": ""https://blog.naver.com/dbsjidnjs02/224297122108"", ""description"": ""팀장님이 해장국 사주신대서 먹고 고구마버블티도 먹음 아놔 근데 딱 주문하고 계산하니까 <b>우베</b>라떼가 보이는거… 그거 먹을 걸!! 울애기 이렇게 예뻐도 돼?? 귀엽고 예쁨 난 정말 왜 사람들이 반려견인스타... "", ""bloggername"": ""행행"", ""bloggerlink"": ""blog.naver.com/dbsjidnjs02"", ""postdate"": ""20260526""}"
우베,preset,우베,성심당 dcc 망고시루 평일 오전 웨이팅 없이 구매 후기(보냉백... ,https://blog.naver.com/lovemei0183/224296871802,20260526,샌드위치류도 #애플브치즈 샌드위치나 #성심당잠봉뵈르 #야끼소바빵 등 유명한거 다 넉넉하게 있었구요 요새 핫한 #<b>우베</b>크로와상 나온지는 좀 되었지만 진짜 먹고 싶었떤 #성심당말차크로와상... ,가득 누리며 사는 삶,blog.naver.com/lovemei0183,naver_blog,우베,canonical,1.0,2026-05-26T11:02:57.061617+00:00,0,0,0,0,가득 누리며 사는 삶,샌드위치류도 #애플브치즈 샌드위치나 #성심당잠봉뵈르 #야끼소바빵 등 유명한거 다 넉넉하게 있었구요 요새 핫한 #<b>우베</b>크로와상 나온지는 좀 되었지만 진짜 먹고 싶었떤 #성심당말차크로와상... ,"{""title"": ""성심당 dcc 망고시루 평일 오전 웨이팅 없이 구매 후기(보냉백... "", ""link"": ""https://blog.naver.com/lovemei0183/224296871802"", ""description"": ""샌드위치류도 #애플브치즈 샌드위치나 #성심당잠봉뵈르 #야끼소바빵 등 유명한거 다 넉넉하게 있었구요 요새 핫한 #<b>우베</b>크로와상 나온지는 좀 되었지만 진짜 먹고 싶었떤 #성심당말차크로와상... "", ""bloggername"": ""가득 누리며 사는 삶"", ""bloggerlink"": ""blog.naver.com/lovemei0183"", ""postdate"": ""20260526""}"
우베,preset,우베,<b>우베</b> 보라색 열풍 그 뒤에 숨겨진 진짜 맛과 인기 비결,https://blog.naver.com/pshoewer/224296341822,20260526,"<b>우베</b> 보라색 열풍 그 뒤에 숨겨진 진짜 맛과 인기 비결 By 맨날배아파 요즘 SNS 뒤흔드는 보라색... 바로 '<b>우베</b>(Ube)'를 활용한 메뉴들인데요. 톡톡 튀는 비주얼 덕분에 사진 찍기에도 좋고, 맛도 궁금하다는 분들이... ",그래 미쳐보는거다,blog.naver.com/pshoewer,naver_blog,우베,canonical,1.0,2026-05-26T11:02:57.061617+00:00,0,0,0,0,그래 미쳐보는거다,"<b>우베</b> 보라색 열풍 그 뒤에 숨겨진 진짜 맛과 인기 비결 By 맨날배아파 요즘 SNS 뒤흔드는 보라색... 바로 '<b>우베</b>(Ube)'를 활용한 메뉴들인데요. 톡톡 튀는 비주얼 덕분에 사진 찍기에도 좋고, 맛도 궁금하다는 분들이... ","{""title"": ""<b>우베</b> 보라색 열풍 그 뒤에 숨겨진 진짜 맛과 인기 비결"", ""link"": ""https://blog.naver.com/pshoewer/224296341822"", ""description"": ""<b>우베</b> 보라색 열풍 그 뒤에 숨겨진 진짜 맛과 인기 비결 By 맨날배아파 요즘 SNS 뒤흔드는 보라색... 바로 '<b>우베</b>(Ube)'를 활용한 메뉴들인데요. 톡톡 튀는 비주얼 덕분에 사진 찍기에도 좋고, 맛도 궁금하다는 분들이... "", ""bloggername"": ""그래 미쳐보는거다"", ""bloggerlink"": ""blog.naver.com/pshoewer"", ""postdate"": ""20260526""}"
우베,preset,우베,"세종 나성동 카페, 뷰 맛집 49층 카페 플레져",https://blog.naver.com/mayzzun/224297117570,20260526,"<b>우베</b>라떼랑 화채 그릭요거트 등등 없었는데 새로 생겼다 뷰 때문에 그런가 음료 가격대는 좀 있는 편,, 다양한 빵도 판매중 케이크 먹을까 했는데 끌리는 케이크가 없기도 하고 밥을 많이 먹고 와서 디저트는... ",01,blog.naver.com/mayzzun,naver_blog,우베,canonical,1.0,2026-05-26T11:02:57.061617+00:00,0,0,0,0,01,"<b>우베</b>라떼랑 화채 그릭요거트 등등 없었는데 새로 생겼다 뷰 때문에 그런가 음료 가격대는 좀 있는 편,, 다양한 빵도 판매중 케이크 먹을까 했는데 끌리는 케이크가 없기도 하고 밥을 많이 먹고 와서 디저트는... ","{""title"": ""세종 나성동 카페, 뷰 맛집 49층 카페 플레져"", ""link"": ""https://blog.naver.com/mayzzun/224297117570"", ""description"": ""<b>우베</b>라떼랑 화채 그릭요거트 등등 없었는데 새로 생겼다 뷰 때문에 그런가 음료 가격대는 좀 있는 편,, 다양한 빵도 판매중 케이크 먹을까 했는데 끌리는 케이크가 없기도 하고 밥을 많이 먹고 와서 디저트는... "", ""bloggername"": ""01"", ""bloggerlink"": ""blog.naver.com/mayzzun"", ""postdate"": ""20260526""}"
우베,preset,우베,용산역 맛집 오르노 테라스 분위기 좋은 화덕피자 파스타 <b>우베</b>... ,https://blog.naver.com/blumentopf11/224297115735,20260526,"바로 마스카포네 스피니쉬 루꼴라 피자랑 토마토 스트라치에텔라 파스타, <b>우베</b> 페로니 생맥주를 주문했어요ㅎㅎ 깔끔하고 청량한 이탈리아 대표 맥주인 페로니 생맥주 위에, 자줏빛 도는 보라색 <b>우베</b> 크림이... ",맛있는 일상 여행,blog.naver.com/blumentopf11,naver_blog,우베,canonical,1.0,2026-05-26T11:02:57.061617+00:00,0,0,0,0,맛있는 일상 여행,"바로 마스카포네 스피니쉬 루꼴라 피자랑 토마토 스트라치에텔라 파스타, <b>우베</b> 페로니 생맥주를 주문했어요ㅎㅎ 깔끔하고 청량한 이탈리아 대표 맥주인 페로니 생맥주 위에, 자줏빛 도는 보라색 <b>우베</b> 크림이... ","{""title"": ""용산역 맛집 오르노 테라스 분위기 좋은 화덕피자 파스타 <b>우베</b>... "", ""link"": ""https://blog.naver.com/blumentopf11/224297115735"", ""description"": ""바로 마스카포네 스피니쉬 루꼴라 피자랑 토마토 스트라치에텔라 파스타, <b>우베</b> 페로니 생맥주를 주문했어요ㅎㅎ 깔끔하고 청량한 이탈리아 대표 맥주인 페로니 생맥주 위에, 자줏빛 도는 보라색 <b>우베</b> 크림이... "", ""bloggername"": ""맛있는 일상 여행"", ""bloggerlink"": ""blog.naver.com/blumentopf11"", ""postdate"": ""20260526""}"
우베,preset,우베,"5월 셋째주, 스트레스받아봤자 나만 힘들다",https://blog.naver.com/so_ra_94_03_11/224297115741,20260526,별로임 <b>우베</b> 크림이 요즘 유명하다면서요? 난 사실 처음 먹어보는데 무슨 맛인지 모르겠어 근데 다... 짜다 <b>우베</b> 크림빵도 남은 거 조금 먹어줌 이제 파바에서 시킨 빵 이것밖에 안 남았어 변똥 계약 후에 속... ,별일없음을 기록합니다,blog.naver.com/so_ra_94_03_11,naver_blog,우베,canonical,1.0,2026-05-26T11:02:57.061617+00:00,0,0,0,0,별일없음을 기록합니다,별로임 <b>우베</b> 크림이 요즘 유명하다면서요? 난 사실 처음 먹어보는데 무슨 맛인지 모르겠어 근데 다... 짜다 <b>우베</b> 크림빵도 남은 거 조금 먹어줌 이제 파바에서 시킨 빵 이것밖에 안 남았어 변똥 계약 후에 속... ,"{""title"": ""5월 셋째주, 스트레스받아봤자 나만 힘들다"", ""link"": ""https://blog.naver.com/so_ra_94_03_11/224297115741"", ""description"": ""별로임 <b>우베</b> 크림이 요즘 유명하다면서요? 난 사실 처음 먹어보는데 무슨 맛인지 모르겠어 근데 다... 짜다 <b>우베</b> 크림빵도 남은 거 조금 먹어줌 이제 파바에서 시킨 빵 이것밖에 안 남았어 변똥 계약 후에 속... "", ""bloggername"": ""별일없음을 기록합니다"", ""bloggerlink"": ""blog.naver.com/so_ra_94_03_11"", ""postdate"": ""20260526""}"
우베,preset,우베,Birch Benders- <b>우베</b>모찌 팬케이크,https://blog.naver.com/plain-86/224297114451,20260526,애들이 미국 팬케이크를 좋아해서 지난번에 엄마가 미국 다녀오실때 부탁했던 팬케이크믹스- 펌프킨맛은 진작에 먹었고 <b>우베</b>모찌맛이 남아있었는데 몇 달전부터 카페마다 <b>우베</b> 붐이 일면서 집에 있던... ,소소브이로그,blog.naver.com/plain-86,naver_blog,우베,canonical,1.0,2026-05-26T11:02:57.061617+00:00,0,0,0,0,소소브이로그,애들이 미국 팬케이크를 좋아해서 지난번에 엄마가 미국 다녀오실때 부탁했던 팬케이크믹스- 펌프킨맛은 진작에 먹었고 <b>우베</b>모찌맛이 남아있었는데 몇 달전부터 카페마다 <b>우베</b> 붐이 일면서 집에 있던... ,"{""title"": ""Birch Benders- <b>우베</b>모찌 팬케이크"", ""link"": ""https://blog.naver.com/plain-86/224297114451"", ""description"": ""애들이 미국 팬케이크를 좋아해서 지난번에 엄마가 미국 다녀오실때 부탁했던 팬케이크믹스- 펌프킨맛은 진작에 먹었고 <b>우베</b>모찌맛이 남아있었는데 몇 달전부터 카페마다 <b>우베</b> 붐이 일면서 집에 있던... "", ""bloggername"": ""소소브이로그"", ""bloggerlink"": ""blog.naver.com/plain-86"", ""postdate"": ""20260526""}"
우베,preset,우베,"금정구브런치맛집 카페와 샵, 갤러리, 레지던스가 공존하는... ",https://blog.naver.com/whale-1/224297111334,20260526,당근당근케이크랑 얼그레이 치즈케이크 <b>우베</b>바스크치즈케이크 레몬치즈케이크 !! 저희는 요새 핫하다는 <b>우베</b>바스크치즈케이크 골랐고요! 메뉴판 메뉴판 살펴보았어요! 일단 <b>우베</b>라떼랑 <b>우베</b>바스크케이크... ,즐겁게 먹고 놀기,blog.naver.com/whale-1,naver_blog,우베,canonical,1.0,2026-05-26T11:02:57.061617+00:00,0,0,0,0,즐겁게 먹고 놀기,당근당근케이크랑 얼그레이 치즈케이크 <b>우베</b>바스크치즈케이크 레몬치즈케이크 !! 저희는 요새 핫하다는 <b>우베</b>바스크치즈케이크 골랐고요! 메뉴판 메뉴판 살펴보았어요! 일단 <b>우베</b>라떼랑 <b>우베</b>바스크케이크... ,"{""title"": ""금정구브런치맛집 카페와 샵, 갤러리, 레지던스가 공존하는... "", ""link"": ""https://blog.naver.com/whale-1/224297111334"", ""description"": ""당근당근케이크랑 얼그레이 치즈케이크 <b>우베</b>바스크치즈케이크 레몬치즈케이크 !! 저희는 요새 핫하다는 <b>우베</b>바스크치즈케이크 골랐고요! 메뉴판 메뉴판 살펴보았어요! 일단 <b>우베</b>라떼랑 <b>우베</b>바스크케이크... "", ""bloggername"": ""즐겁게 먹고 놀기"", ""bloggerlink"": ""blog.naver.com/whale-1"", ""postdate"": ""20260526""}"
우베,preset,우베,SKT VIP PICK 폴 바셋 50% 할인,https://blog.naver.com/zkzltor2005/224297110325,20260526,"이번 혜택에 해당되는 음료는 총 3가지로, 라벤더 아이스크림 블루베리 라떼, <b>우베</b> 카페라떼, 그리고 폴 바셋의 시그니처 메뉴이자 가장 인기 있는 아이스크림 카페라떼가 포함되어 있습니다. 세 가지 음료... ",돌아다니자,blog.naver.com/zkzltor2005,naver_blog,우베,canonical,1.0,2026-05-26T11:02:57.061617+00:00,0,0,0,0,돌아다니자,"이번 혜택에 해당되는 음료는 총 3가지로, 라벤더 아이스크림 블루베리 라떼, <b>우베</b> 카페라떼, 그리고 폴 바셋의 시그니처 메뉴이자 가장 인기 있는 아이스크림 카페라떼가 포함되어 있습니다. 세 가지 음료... ","{""title"": ""SKT VIP PICK 폴 바셋 50% 할인"", ""link"": ""https://blog.naver.com/zkzltor2005/224297110325"", ""description"": ""이번 혜택에 해당되는 음료는 총 3가지로, 라벤더 아이스크림 블루베리 라떼, <b>우베</b> 카페라떼, 그리고 폴 바셋의 시그니처 메뉴이자 가장 인기 있는 아이스크림 카페라떼가 포함되어 있습니다. 세 가지 음료... "", ""bloggername"": ""돌아다니자"", ""bloggerlink"": ""blog.naver.com/zkzltor2005"", ""postdate"": ""20260526""}"
우베,preset,우베,인천공항2터미널 잠바주스 면세구역 카페 스무디... ,https://blog.naver.com/yebbnei_92/224297109792,20260526,비주얼 때문인지 이렇게 옆에 발라주느데 그냥 빨대로 마시면 안나와서 연약한 빨대로 저어줘야하는게 넘 불편했어요.. 결론은 아보카도바나나 드셔라~ <b>우베</b>라떼 <b>우베</b>스무디 신메뉴도 나왔네용 가격은 사진참고!,"♡배쿠와 함께 여행, 맛집 탐방♡",blog.naver.com/yebbnei_92,naver_blog,우베,canonical,1.0,2026-05-26T11:02:57.061617+00:00,0,0,0,0,"♡배쿠와 함께 여행, 맛집 탐방♡",비주얼 때문인지 이렇게 옆에 발라주느데 그냥 빨대로 마시면 안나와서 연약한 빨대로 저어줘야하는게 넘 불편했어요.. 결론은 아보카도바나나 드셔라~ <b>우베</b>라떼 <b>우베</b>스무디 신메뉴도 나왔네용 가격은 사진참고!,"{""title"": ""인천공항2터미널 잠바주스 면세구역 카페 스무디... "", ""link"": ""https://blog.naver.com/yebbnei_92/224297109792"", ""description"": ""비주얼 때문인지 이렇게 옆에 발라주느데 그냥 빨대로 마시면 안나와서 연약한 빨대로 저어줘야하는게 넘 불편했어요.. 결론은 아보카도바나나 드셔라~ <b>우베</b>라떼 <b>우베</b>스무디 신메뉴도 나왔네용 가격은 사진참고!"", ""bloggername"": ""♡배쿠와 함께 여행, 맛집 탐방♡"", ""bloggerlink"": ""blog.naver.com/yebbnei_92"", ""postdate"": ""20260526""}"
우베,preset,우베,정보 / 신상 디저트 <b>우베</b> 바스크 치즈케이크 내돈내산 후기,https://blog.naver.com/mmmingkoo/224297107922,20260526,"요즘 <b>우베</b>가 엄청 핫하잖아요...? 근데 저는 한 번도 안 먹어봐서 이번에 궁금해서 <b>우베</b> 바스크 치즈케이크 주문했습니다 ㅎㅎ 가격은 6,900원! 솔직히 아직도 <b>우베</b> 맛이 정확히 뭔지는 모르겠는데 이 케이크... ",냐밍,blog.naver.com/mmmingkoo,naver_blog,우베,canonical,1.0,2026-05-26T11:02:57.061617+00:00,0,0,0,0,냐밍,"요즘 <b>우베</b>가 엄청 핫하잖아요...? 근데 저는 한 번도 안 먹어봐서 이번에 궁금해서 <b>우베</b> 바스크 치즈케이크 주문했습니다 ㅎㅎ 가격은 6,900원! 솔직히 아직도 <b>우베</b> 맛이 정확히 뭔지는 모르겠는데 이 케이크... ","{""title"": ""정보 / 신상 디저트 <b>우베</b> 바스크 치즈케이크 내돈내산 후기"", ""link"": ""https://blog.naver.com/mmmingkoo/224297107922"", ""description"": ""요즘 <b>우베</b>가 엄청 핫하잖아요...? 근데 저는 한 번도 안 먹어봐서 이번에 궁금해서 <b>우베</b> 바스크 치즈케이크 주문했습니다 ㅎㅎ 가격은 6,900원! 솔직히 아직도 <b>우베</b> 맛이 정확히 뭔지는 모르겠는데 이 케이크... "", ""bloggername"": ""냐밍"", ""bloggerlink"": ""blog.naver.com/mmmingkoo"", ""postdate"": ""20260526""}"
우베,preset,우베,애슐리 퀸즈 창원 뉴코아점 키위시즌 내돈내산 맛평가 (예약... ,https://blog.naver.com/dbwjdsnfl0428/224297107694,20260526,"* <b>우베</b> 치즈케이크 &amp; <b>우베</b> 라떼 : 이번 시즌 의외의 복병입니다. 보랏빛 색감이 눈길을 사로잡는데, 치즈케이크의 꾸덕함과 <b>우베</b>의 은은한 향이 조화로워서 동생들도 정말 좋아했어요. 키위보다 이게 더... ",현간의 간신일상,blog.naver.com/dbwjdsnfl0428,naver_blog,우베,canonical,1.0,2026-05-26T11:02:57.061617+00:00,0,0,0,0,현간의 간신일상,"* <b>우베</b> 치즈케이크 &amp; <b>우베</b> 라떼 : 이번 시즌 의외의 복병입니다. 보랏빛 색감이 눈길을 사로잡는데, 치즈케이크의 꾸덕함과 <b>우베</b>의 은은한 향이 조화로워서 동생들도 정말 좋아했어요. 키위보다 이게 더... ","{""title"": ""애슐리 퀸즈 창원 뉴코아점 키위시즌 내돈내산 맛평가 (예약... "", ""link"": ""https://blog.naver.com/dbwjdsnfl0428/224297107694"", ""description"": ""* <b>우베</b> 치즈케이크 &amp; <b>우베</b> 라떼 : 이번 시즌 의외의 복병입니다. 보랏빛 색감이 눈길을 사로잡는데, 치즈케이크의 꾸덕함과 <b>우베</b>의 은은한 향이 조화로워서 동생들도 정말 좋아했어요. 키위보다 이게 더... "", ""bloggername"": ""현간의 간신일상"", ""bloggerlink"": ""blog.naver.com/dbwjdsnfl0428"", ""postdate"": ""20260526""}"
우베,preset,우베,서울 카페 묘몽,https://blog.naver.com/bbotum/224297106363,20260526,였습니다 <b>우베</b> 프렌치토스트 14500 여러분 요즘 <b>우베</b>가 유행인 걸 아셨나요? 전 여기 가기 직전에 메뉴보다 알았습니다 껄껄- (<b>우베</b>는 필리핀에서 많이 쓰는 보라색 마 계열 식재료) 처음 먹어보는 <b>우베</b>... ,뽀툼의 틈,blog.naver.com/bbotum,naver_blog,우베,canonical,1.0,2026-05-26T11:02:57.061617+00:00,0,0,0,0,뽀툼의 틈,였습니다 <b>우베</b> 프렌치토스트 14500 여러분 요즘 <b>우베</b>가 유행인 걸 아셨나요? 전 여기 가기 직전에 메뉴보다 알았습니다 껄껄- (<b>우베</b>는 필리핀에서 많이 쓰는 보라색 마 계열 식재료) 처음 먹어보는 <b>우베</b>... ,"{""title"": ""서울 카페 묘몽"", ""link"": ""https://blog.naver.com/bbotum/224297106363"", ""description"": ""였습니다 <b>우베</b> 프렌치토스트 14500 여러분 요즘 <b>우베</b>가 유행인 걸 아셨나요? 전 여기 가기 직전에 메뉴보다 알았습니다 껄껄- (<b>우베</b>는 필리핀에서 많이 쓰는 보라색 마 계열 식재료) 처음 먹어보는 <b>우베</b>... "", ""bloggername"": ""뽀툼의 틈"", ""bloggerlink"": ""blog.naver.com/bbotum"", ""postdate"": ""20260526""}"
우베,preset,우베,"칠곡 망정상회, 또 찾아가게 된 원목 감성 가득한 카페.",https://blog.naver.com/d0ooo0b/224297101578,20260526,엽서도 가져 갈 수 있어요 전 첨 방문때 망정상회 엽서를 가져와서 벽에 붙여뒀어요 ㅋㅋ 이건 장실 가는길에 맘에 들어서 찍은 ㅋㅋ 디저트도 많이 늘었고 이번에 신메뉴 <b>우베</b>도 있어요. 참지않고 <b>우베</b> 라떼... ,오르낭의 느린 여행 일지,blog.naver.com/d0ooo0b,naver_blog,우베,canonical,1.0,2026-05-26T11:02:57.061617+00:00,0,0,0,0,오르낭의 느린 여행 일지,엽서도 가져 갈 수 있어요 전 첨 방문때 망정상회 엽서를 가져와서 벽에 붙여뒀어요 ㅋㅋ 이건 장실 가는길에 맘에 들어서 찍은 ㅋㅋ 디저트도 많이 늘었고 이번에 신메뉴 <b>우베</b>도 있어요. 참지않고 <b>우베</b> 라떼... ,"{""title"": ""칠곡 망정상회, 또 찾아가게 된 원목 감성 가득한 카페."", ""link"": ""https://blog.naver.com/d0ooo0b/224297101578"", ""description"": ""엽서도 가져 갈 수 있어요 전 첨 방문때 망정상회 엽서를 가져와서 벽에 붙여뒀어요 ㅋㅋ 이건 장실 가는길에 맘에 들어서 찍은 ㅋㅋ 디저트도 많이 늘었고 이번에 신메뉴 <b>우베</b>도 있어요. 참지않고 <b>우베</b> 라떼... "", ""bloggername"": ""오르낭의 느린 여행 일지"", ""bloggerlink"": ""blog.naver.com/d0ooo0b"", ""postdate"": ""20260526""}"
우베,preset,우베,노티드 수원스타필드점 후기 | 노티드 신메뉴 <b>우베</b> 한정 라인업,https://blog.naver.com/99gog0/224297101521,20260526,"안녕하세요 구구고고입니다 요즘 핫한 <b>우베</b> 디저트 노티드에도 신메뉴로 <b>우베</b> 도넛, 음료가 나왔다고 해서 가봤어요 노티드 수원 스타필드점 경기 수원시 장안구 수성로 175 스타필드 수원 1층 1272호... ",구구고고의 go하는 일상,blog.naver.com/99gog0,naver_blog,우베,canonical,1.0,2026-05-26T11:02:57.061617+00:00,0,0,0,0,구구고고의 go하는 일상,"안녕하세요 구구고고입니다 요즘 핫한 <b>우베</b> 디저트 노티드에도 신메뉴로 <b>우베</b> 도넛, 음료가 나왔다고 해서 가봤어요 노티드 수원 스타필드점 경기 수원시 장안구 수성로 175 스타필드 수원 1층 1272호... ","{""title"": ""노티드 수원스타필드점 후기 | 노티드 신메뉴 <b>우베</b> 한정 라인업"", ""link"": ""https://blog.naver.com/99gog0/224297101521"", ""description"": ""안녕하세요 구구고고입니다 요즘 핫한 <b>우베</b> 디저트 노티드에도 신메뉴로 <b>우베</b> 도넛, 음료가 나왔다고 해서 가봤어요 노티드 수원 스타필드점 경기 수원시 장안구 수성로 175 스타필드 수원 1층 1272호... "", ""bloggername"": ""구구고고의 go하는 일상"", ""bloggerlink"": ""blog.naver.com/99gog0"", ""postdate"": ""20260526""}"
우베,preset,우베,"[맛보기] 황치즈가 흥이다! 해태 ‘버터링 딥황치즈맛’,청우... ",https://blog.naver.com/bto1022/224297098566,20260526,"<b>우베</b>..?가 유행하더니만 황치즈맛이 새로운게 다시 나왔다! 혹여 이것도 단종될까 바로 집어버림. 편의점과 마트에서 본 버터링과 쫀득초코칩. GS편의점을 갔는데 쫀득초코칩 황치즈맛(2,300원)이 보이길래 냉큼... ",내 마음대로,blog.naver.com/bto1022,naver_blog,우베,canonical,1.0,2026-05-26T11:02:57.061617+00:00,0,0,0,0,내 마음대로,"<b>우베</b>..?가 유행하더니만 황치즈맛이 새로운게 다시 나왔다! 혹여 이것도 단종될까 바로 집어버림. 편의점과 마트에서 본 버터링과 쫀득초코칩. GS편의점을 갔는데 쫀득초코칩 황치즈맛(2,300원)이 보이길래 냉큼... ","{""title"": ""[맛보기] 황치즈가 흥이다! 해태 ‘버터링 딥황치즈맛’,청우... "", ""link"": ""https://blog.naver.com/bto1022/224297098566"", ""description"": ""<b>우베</b>..?가 유행하더니만 황치즈맛이 새로운게 다시 나왔다! 혹여 이것도 단종될까 바로 집어버림. 편의점과 마트에서 본 버터링과 쫀득초코칩. GS편의점을 갔는데 쫀득초코칩 황치즈맛(2,300원)이 보이길래 냉큼... "", ""bloggername"": ""내 마음대로"", ""bloggerlink"": ""blog.naver.com/bto1022"", ""postdate"": ""20260526""}"
우베,preset,우베,5월간여친,https://blog.naver.com/wjd_frog/224297097842,20260526,저거 쑥 쉐이크야 ;; 무려 쑥이라고 쑥!!!!!!!! 그리고 <b>우베</b> 아박 ㄹㅈㄷ 맛있어요 아무튼 나랑 맛있는 거 먹으면서 공부할 사람 제발 살려줘 혼자 있으면 공부를 안해.. 나와 함께 해줘 공부…❤️,wjd_frog님의 블로그,blog.naver.com/wjd_frog,naver_blog,우베,canonical,1.0,2026-05-26T11:02:57.061617+00:00,0,0,0,0,wjd_frog님의 블로그,저거 쑥 쉐이크야 ;; 무려 쑥이라고 쑥!!!!!!!! 그리고 <b>우베</b> 아박 ㄹㅈㄷ 맛있어요 아무튼 나랑 맛있는 거 먹으면서 공부할 사람 제발 살려줘 혼자 있으면 공부를 안해.. 나와 함께 해줘 공부…❤️,"{""title"": ""5월간여친"", ""link"": ""https://blog.naver.com/wjd_frog/224297097842"", ""description"": ""저거 쑥 쉐이크야 ;; 무려 쑥이라고 쑥!!!!!!!! 그리고 <b>우베</b> 아박 ㄹㅈㄷ 맛있어요 아무튼 나랑 맛있는 거 먹으면서 공부할 사람 제발 살려줘 혼자 있으면 공부를 안해.. 나와 함께 해줘 공부…❤️"", ""bloggername"": ""wjd_frog님의 블로그"", ""bloggerlink"": ""blog.naver.com/wjd_frog"", ""postdate"": ""20260526""}"
우베,preset,우베,<b>우베</b> 뜻 알고 드시나요? 보라색 디저트 열풍의 진짜 이유와 맛... ,https://blog.naver.com/tmdwns04281/224297007403,20260526,"바로 '<b>우베</b>(Ube)'라는 낯선 식재료였는데요. 도대체 언제부터 이 보라색 열풍이 시작된 건지, 저처럼... 오늘은 최근 F&amp;B 시장을 강타하고 있는 <b>우베</b> 뜻부터 시작해서 그 맛과 효능까지 싹 정리해 드릴게요.... ",뚜니의 일상사전,blog.naver.com/tmdwns04281,naver_blog,우베,canonical,1.0,2026-05-26T11:02:57.061617+00:00,0,0,0,0,뚜니의 일상사전,"바로 '<b>우베</b>(Ube)'라는 낯선 식재료였는데요. 도대체 언제부터 이 보라색 열풍이 시작된 건지, 저처럼... 오늘은 최근 F&amp;B 시장을 강타하고 있는 <b>우베</b> 뜻부터 시작해서 그 맛과 효능까지 싹 정리해 드릴게요.... ","{""title"": ""<b>우베</b> 뜻 알고 드시나요? 보라색 디저트 열풍의 진짜 이유와 맛... "", ""link"": ""https://blog.naver.com/tmdwns04281/224297007403"", ""description"": ""바로 '<b>우베</b>(Ube)'라는 낯선 식재료였는데요. 도대체 언제부터 이 보라색 열풍이 시작된 건지, 저처럼... 오늘은 최근 F&amp;B 시장을 강타하고 있는 <b>우베</b> 뜻부터 시작해서 그 맛과 효능까지 싹 정리해 드릴게요.... "", ""bloggername"": ""뚜니의 일상사전"", ""bloggerlink"": ""blog.naver.com/tmdwns04281"", ""postdate"": ""20260526""}"
우베,preset,우베,꾸덕하고 쫀쫀한 <b>우베</b>크림맛 도넛 추천(<b>우베</b>밀키크림 도넛... ,https://blog.naver.com/chaomei22/224297057456,20260526,"지난번 우연히 맛 본 <b>우베</b>를 맛보고는 특유의 은은한 단맛과 고소한 맛에 호감이 올라가던 차 좋아하는 도넛 브랜드 노티드에서 <b>우베</b> 메뉴가 6개가 나와 방문하게되었다 <b>우베</b>+두바이(카다이프), 말차 등 요즘... ",꽃보다 오링이가,blog.naver.com/chaomei22,naver_blog,우베,canonical,1.0,2026-05-26T11:02:57.061617+00:00,0,0,0,0,꽃보다 오링이가,"지난번 우연히 맛 본 <b>우베</b>를 맛보고는 특유의 은은한 단맛과 고소한 맛에 호감이 올라가던 차 좋아하는 도넛 브랜드 노티드에서 <b>우베</b> 메뉴가 6개가 나와 방문하게되었다 <b>우베</b>+두바이(카다이프), 말차 등 요즘... ","{""title"": ""꾸덕하고 쫀쫀한 <b>우베</b>크림맛 도넛 추천(<b>우베</b>밀키크림 도넛... "", ""link"": ""https://blog.naver.com/chaomei22/224297057456"", ""description"": ""지난번 우연히 맛 본 <b>우베</b>를 맛보고는 특유의 은은한 단맛과 고소한 맛에 호감이 올라가던 차 좋아하는 도넛 브랜드 노티드에서 <b>우베</b> 메뉴가 6개가 나와 방문하게되었다 <b>우베</b>+두바이(카다이프), 말차 등 요즘... "", ""bloggername"": ""꽃보다 오링이가"", ""bloggerlink"": ""blog.naver.com/chaomei22"", ""postdate"": ""20260526""}"
우베,preset,우베,애슐리골드키위시즌 | 애슐리퀸즈 홈플러스 세종점 디너 메뉴... ,https://blog.naver.com/wonderland_in_cy/224297094244,20260526,"디저트만 세 접시 비우는 중 ㅎㅎ 파인 키위 더블 스파클러 리얼 키위 더블 스파클러, 토마토 에이드, <b>우베</b> 라떼. 신상 음료 셋 중 원픽은 리얼 키위 주스! 단맛이 강한 키위 주스, 더 맛있게 먹는 꿀팁!... ","반짝반짝, 지금 이 순간",blog.naver.com/wonderland_in_cy,naver_blog,우베,canonical,1.0,2026-05-26T11:02:57.061617+00:00,0,0,0,0,"반짝반짝, 지금 이 순간","디저트만 세 접시 비우는 중 ㅎㅎ 파인 키위 더블 스파클러 리얼 키위 더블 스파클러, 토마토 에이드, <b>우베</b> 라떼. 신상 음료 셋 중 원픽은 리얼 키위 주스! 단맛이 강한 키위 주스, 더 맛있게 먹는 꿀팁!... ","{""title"": ""애슐리골드키위시즌 | 애슐리퀸즈 홈플러스 세종점 디너 메뉴... "", ""link"": ""https://blog.naver.com/wonderland_in_cy/224297094244"", ""description"": ""디저트만 세 접시 비우는 중 ㅎㅎ 파인 키위 더블 스파클러 리얼 키위 더블 스파클러, 토마토 에이드, <b>우베</b> 라떼. 신상 음료 셋 중 원픽은 리얼 키위 주스! 단맛이 강한 키위 주스, 더 맛있게 먹는 꿀팁!... "", ""bloggername"": ""반짝반짝, 지금 이 순간"", ""bloggerlink"": ""blog.naver.com/wonderland_in_cy"", ""postdate"": ""20260526""}"
우베,preset,우베,"<b>우베</b> 뜻과 맛, 효능 완벽 정리! 타로 자색고구마 차이점",https://blog.naver.com/sogool/224296958740,20260526,"<b>우베</b> 뜻 필리핀 보라색 참마 천연 안토시아닌 건강 효능 썸네일 안녕하세요! 트렌디한 건강 정보와... &quot;라고 생각하시지만, 최근 디저트계를 강타한 이 보라색 식재료의 정체는 바로 '<b>우베</b>(Ube)'입니다. 도대체... ",생활지식 저장소,blog.naver.com/sogool,naver_blog,우베,canonical,1.0,2026-05-26T11:02:57.061617+00:00,0,0,0,0,생활지식 저장소,"<b>우베</b> 뜻 필리핀 보라색 참마 천연 안토시아닌 건강 효능 썸네일 안녕하세요! 트렌디한 건강 정보와... &quot;라고 생각하시지만, 최근 디저트계를 강타한 이 보라색 식재료의 정체는 바로 '<b>우베</b>(Ube)'입니다. 도대체... ","{""title"": ""<b>우베</b> 뜻과 맛, 효능 완벽 정리! 타로 자색고구마 차이점"", ""link"": ""https://blog.naver.com/sogool/224296958740"", ""description"": ""<b>우베</b> 뜻 필리핀 보라색 참마 천연 안토시아닌 건강 효능 썸네일 안녕하세요! 트렌디한 건강 정보와... &quot;라고 생각하시지만, 최근 디저트계를 강타한 이 보라색 식재료의 정체는 바로 '<b>우베</b>(Ube)'입니다. 도대체... "", ""bloggername"": ""생활지식 저장소"", ""bloggerlink"": ""blog.naver.com/sogool"", ""postdate"": ""20260526""}"
우베,preset,우베,수원 데이트 추천 까사부사노 수원권선점 유럽감성... ,https://blog.naver.com/phi0216/224297092409,20260526,"오렌지 에스프레소, 탄산 커피, <b>우베</b>라떼 같은 트렌디한 메뉴들도 많고 브런치, 디저트, 그릭요거트까지... 샌드위치&amp;룩트플레이트, <b>우베</b>베리콘파냐, 에스프레소 밤 이에요 &quot; 브런치랑 시그니처커피 조합으로... ",민블리의 행복한 맛여행,blog.naver.com/phi0216,naver_blog,우베,canonical,1.0,2026-05-26T11:02:57.061617+00:00,0,0,0,0,민블리의 행복한 맛여행,"오렌지 에스프레소, 탄산 커피, <b>우베</b>라떼 같은 트렌디한 메뉴들도 많고 브런치, 디저트, 그릭요거트까지... 샌드위치&amp;룩트플레이트, <b>우베</b>베리콘파냐, 에스프레소 밤 이에요 &quot; 브런치랑 시그니처커피 조합으로... ","{""title"": ""수원 데이트 추천 까사부사노 수원권선점 유럽감성... "", ""link"": ""https://blog.naver.com/phi0216/224297092409"", ""description"": ""오렌지 에스프레소, 탄산 커피, <b>우베</b>라떼 같은 트렌디한 메뉴들도 많고 브런치, 디저트, 그릭요거트까지... 샌드위치&amp;룩트플레이트, <b>우베</b>베리콘파냐, 에스프레소 밤 이에요 &quot; 브런치랑 시그니처커피 조합으로... "", ""bloggername"": ""민블리의 행복한 맛여행"", ""bloggerlink"": ""blog.naver.com/phi0216"", ""postdate"": ""20260526""}"
우베,preset,우베,애슐리 퀸즈 파주 운정점,https://blog.naver.com/cottoncld/224297090309,20260526,저는 배불러서 패스 ㅎㅎ 여기는 태국 음식 코너인데요 태국식 볶음면이랑 볶음밥이 맛있었어요 요즘 <b>우베</b>가 유행이라서 <b>우베</b> 밀크도 있더라고요 마셔봤는데 맛있었어요! 여기는 후식 코너인데요! 역시... ,뭉게뭉게 세계여행,blog.naver.com/cottoncld,naver_blog,우베,canonical,1.0,2026-05-26T11:02:57.061617+00:00,0,0,0,0,뭉게뭉게 세계여행,저는 배불러서 패스 ㅎㅎ 여기는 태국 음식 코너인데요 태국식 볶음면이랑 볶음밥이 맛있었어요 요즘 <b>우베</b>가 유행이라서 <b>우베</b> 밀크도 있더라고요 마셔봤는데 맛있었어요! 여기는 후식 코너인데요! 역시... ,"{""title"": ""애슐리 퀸즈 파주 운정점"", ""link"": ""https://blog.naver.com/cottoncld/224297090309"", ""description"": ""저는 배불러서 패스 ㅎㅎ 여기는 태국 음식 코너인데요 태국식 볶음면이랑 볶음밥이 맛있었어요 요즘 <b>우베</b>가 유행이라서 <b>우베</b> 밀크도 있더라고요 마셔봤는데 맛있었어요! 여기는 후식 코너인데요! 역시... "", ""bloggername"": ""뭉게뭉게 세계여행"", ""bloggerlink"": ""blog.naver.com/cottoncld"", ""postdate"": ""20260526""}"
우베,preset,우베,우리는 변화한다,https://blog.naver.com/usveax/224297087572,20260526,돗가비불쭈꾸미 송도 쭈꾸미 1황 ㅎ <b>우베</b> 찾아 떠났는데 없어서 아박에 블루베리스무디 먹구 ㅠ 다이어트 한댔는데 쭈꾸미 먹어버리기..~ 먹다가 좀 다퉜는데 지금 생각해보니 오빠가 다퉈도.. 밥 별로 못 먹은거... ,,blog.naver.com/usveax,naver_blog,우베,canonical,1.0,2026-05-26T11:02:57.061617+00:00,0,0,0,0,,돗가비불쭈꾸미 송도 쭈꾸미 1황 ㅎ <b>우베</b> 찾아 떠났는데 없어서 아박에 블루베리스무디 먹구 ㅠ 다이어트 한댔는데 쭈꾸미 먹어버리기..~ 먹다가 좀 다퉜는데 지금 생각해보니 오빠가 다퉈도.. 밥 별로 못 먹은거... ,"{""title"": ""우리는 변화한다"", ""link"": ""https://blog.naver.com/usveax/224297087572"", ""description"": ""돗가비불쭈꾸미 송도 쭈꾸미 1황 ㅎ <b>우베</b> 찾아 떠났는데 없어서 아박에 블루베리스무디 먹구 ㅠ 다이어트 한댔는데 쭈꾸미 먹어버리기..~ 먹다가 좀 다퉜는데 지금 생각해보니 오빠가 다퉈도.. 밥 별로 못 먹은거... "", ""bloggername"": """", ""bloggerlink"": ""blog.naver.com/usveax"", ""postdate"": ""20260526""}"
우베,preset,우베,수진역 맛집 야장 자리 감성 넘치는 잔잔,https://blog.naver.com/webomnal/224297003557,20260526,"신기해서 시켜본 보랏빛 <b>우베</b>맥주도 한 컷 남겨봤는데, 최고의 맥주 품질을 자랑하는 주점다웠습니다. 불향 가득한 수제 꼬치구이 7종에다가 청량감 넘치는 특별한 말차, <b>우베</b>맥주 모음샷까지 예쁘게 남겨주니... ",webomnal님의블로그,blog.naver.com/webomnal,naver_blog,우베,canonical,1.0,2026-05-26T11:02:57.061617+00:00,0,0,0,0,webomnal님의블로그,"신기해서 시켜본 보랏빛 <b>우베</b>맥주도 한 컷 남겨봤는데, 최고의 맥주 품질을 자랑하는 주점다웠습니다. 불향 가득한 수제 꼬치구이 7종에다가 청량감 넘치는 특별한 말차, <b>우베</b>맥주 모음샷까지 예쁘게 남겨주니... ","{""title"": ""수진역 맛집 야장 자리 감성 넘치는 잔잔"", ""link"": ""https://blog.naver.com/webomnal/224297003557"", ""description"": ""신기해서 시켜본 보랏빛 <b>우베</b>맥주도 한 컷 남겨봤는데, 최고의 맥주 품질을 자랑하는 주점다웠습니다. 불향 가득한 수제 꼬치구이 7종에다가 청량감 넘치는 특별한 말차, <b>우베</b>맥주 모음샷까지 예쁘게 남겨주니... "", ""bloggername"": ""webomnal님의블로그"", ""bloggerlink"": ""blog.naver.com/webomnal"", ""postdate"": ""20260526""}"
우베,preset,우베,바쁜 백숭 ㅋ,https://blog.naver.com/selin0129/224297085537,20260526,일 가기 전에 잠깐 광합성 시켰당 <b>우베</b>베구마샌드위치.... 맛있을까... 오늘도 한 시간 일찍 출그닝... 아니이거진짜마싯어 그리고 퀸아망이랑 <b>우베</b> 플랑  <b>우베</b>플랑이진짜맛나당..... 허거덩뜨 ㅜㅜ... ,자신만만 훈녀생정,blog.naver.com/selin0129,naver_blog,우베,canonical,1.0,2026-05-26T11:02:57.061617+00:00,0,0,0,0,자신만만 훈녀생정,일 가기 전에 잠깐 광합성 시켰당 <b>우베</b>베구마샌드위치.... 맛있을까... 오늘도 한 시간 일찍 출그닝... 아니이거진짜마싯어 그리고 퀸아망이랑 <b>우베</b> 플랑  <b>우베</b>플랑이진짜맛나당..... 허거덩뜨 ㅜㅜ... ,"{""title"": ""바쁜 백숭 ㅋ"", ""link"": ""https://blog.naver.com/selin0129/224297085537"", ""description"": ""일 가기 전에 잠깐 광합성 시켰당 <b>우베</b>베구마샌드위치.... 맛있을까... 오늘도 한 시간 일찍 출그닝... 아니이거진짜마싯어 그리고 퀸아망이랑 <b>우베</b> 플랑  <b>우베</b>플랑이진짜맛나당..... 허거덩뜨 ㅜㅜ... "", ""bloggername"": ""자신만만 훈녀생정"", ""bloggerlink"": ""blog.naver.com/selin0129"", ""postdate"": ""20260526""}"
우베,preset,우베,[내돈내산] 빵 버스 타고 대전 빵지순례 다녀온 솔직후기,https://blog.naver.com/syb4023/224296319846,20260526,버터떡 러버로써 두바이 버터떡과 요즘 뜨고있는 <b>우베</b> 버터떡 ..!!! 사봤는데 너무 맛있게 잘 먹었습니다 .ㅎㅎ 이전 하레하레와 비슷하지만 좀 더 신선한 느낌과 쫄깃쫀득한? 느낌이었던 미미제과점... ,유빈쓰 일기장,blog.naver.com/syb4023,naver_blog,우베,canonical,1.0,2026-05-26T11:02:57.061617+00:00,0,0,0,0,유빈쓰 일기장,버터떡 러버로써 두바이 버터떡과 요즘 뜨고있는 <b>우베</b> 버터떡 ..!!! 사봤는데 너무 맛있게 잘 먹었습니다 .ㅎㅎ 이전 하레하레와 비슷하지만 좀 더 신선한 느낌과 쫄깃쫀득한? 느낌이었던 미미제과점... ,"{""title"": ""[내돈내산] 빵 버스 타고 대전 빵지순례 다녀온 솔직후기"", ""link"": ""https://blog.naver.com/syb4023/224296319846"", ""description"": ""버터떡 러버로써 두바이 버터떡과 요즘 뜨고있는 <b>우베</b> 버터떡 ..!!! 사봤는데 너무 맛있게 잘 먹었습니다 .ㅎㅎ 이전 하레하레와 비슷하지만 좀 더 신선한 느낌과 쫄깃쫀득한? 느낌이었던 미미제과점... "", ""bloggername"": ""유빈쓰 일기장"", ""bloggerlink"": ""blog.naver.com/syb4023"", ""postdate"": ""20260526""}"
우베,preset,우베,오월의 청춘,https://blog.naver.com/naveencat/224297084671,20260526,어떻게 가능할 수 있는 겁니까 (조크) <b>우베</b>는 어쩌다 유행이 시작된 것인지 맛있긴 ☀️ 또 먹고싶은 도넛들이여 말죽거리 꽈배기가 가성비 맛도리 간식 이때 서비스로 치즈볼인가 암튼 무슨 볼을 하나 더... ,( ),blog.naver.com/naveencat,naver_blog,우베,canonical,1.0,2026-05-26T11:02:57.061617+00:00,0,0,0,0,( ),어떻게 가능할 수 있는 겁니까 (조크) <b>우베</b>는 어쩌다 유행이 시작된 것인지 맛있긴 ☀️ 또 먹고싶은 도넛들이여 말죽거리 꽈배기가 가성비 맛도리 간식 이때 서비스로 치즈볼인가 암튼 무슨 볼을 하나 더... ,"{""title"": ""오월의 청춘"", ""link"": ""https://blog.naver.com/naveencat/224297084671"", ""description"": ""어떻게 가능할 수 있는 겁니까 (조크) <b>우베</b>는 어쩌다 유행이 시작된 것인지 맛있긴 ☀️ 또 먹고싶은 도넛들이여 말죽거리 꽈배기가 가성비 맛도리 간식 이때 서비스로 치즈볼인가 암튼 무슨 볼을 하나 더... "", ""bloggername"": ""( )"", ""bloggerlink"": ""blog.naver.com/naveencat"", ""postdate"": ""20260526""}"
우베,preset,우베,해운대 카페 부드럽고 쫄깃한 식빵이 있고 주차가능한... ,https://blog.naver.com/judy0806/224297083686,20260526,피치쉐이크 <b>우베</b>크림밀크티 <b>우베</b>코코넛클라우드 시트러스스쿼시 트로피칼스쿼시 베리베리스쿼시 크리미바닐라잼밀크 베리잼밀크 너티쇼콜라잼밀크 말차잼밀크 <b>우베</b>크림밀크 <b>우베</b>코코넛클라우드... ,"순간을 소중히,",blog.naver.com/judy0806,naver_blog,우베,canonical,1.0,2026-05-26T11:02:57.061617+00:00,0,0,0,0,"순간을 소중히,",피치쉐이크 <b>우베</b>크림밀크티 <b>우베</b>코코넛클라우드 시트러스스쿼시 트로피칼스쿼시 베리베리스쿼시 크리미바닐라잼밀크 베리잼밀크 너티쇼콜라잼밀크 말차잼밀크 <b>우베</b>크림밀크 <b>우베</b>코코넛클라우드... ,"{""title"": ""해운대 카페 부드럽고 쫄깃한 식빵이 있고 주차가능한... "", ""link"": ""https://blog.naver.com/judy0806/224297083686"", ""description"": ""피치쉐이크 <b>우베</b>크림밀크티 <b>우베</b>코코넛클라우드 시트러스스쿼시 트로피칼스쿼시 베리베리스쿼시 크리미바닐라잼밀크 베리잼밀크 너티쇼콜라잼밀크 말차잼밀크 <b>우베</b>크림밀크 <b>우베</b>코코넛클라우드... "", ""bloggername"": ""순간을 소중히,"", ""bloggerlink"": ""blog.naver.com/judy0806"", ""postdate"": ""20260526""}"
우베,preset,우베,지금 좀 멈춰도 지구는 안 멈춰!,https://blog.naver.com/koinuzuha0809/224297083352,20260526,빽다방 <b>우베</b>라떼~~ 예상한 맛이랑 비슷했는데 취향은 아니라 또 사먹진 않을 거 같고 그냥 타로밀크티 마실듯 시간이 좀 나서 지구에서 한아뿐 또 읽음 진짜 좋아하는 책이라 다섯 번 넘게 읽었는데도 이장면은... ,Super Real Me,blog.naver.com/koinuzuha0809,naver_blog,우베,canonical,1.0,2026-05-26T11:02:57.061617+00:00,0,0,0,0,Super Real Me,빽다방 <b>우베</b>라떼~~ 예상한 맛이랑 비슷했는데 취향은 아니라 또 사먹진 않을 거 같고 그냥 타로밀크티 마실듯 시간이 좀 나서 지구에서 한아뿐 또 읽음 진짜 좋아하는 책이라 다섯 번 넘게 읽었는데도 이장면은... ,"{""title"": ""지금 좀 멈춰도 지구는 안 멈춰!"", ""link"": ""https://blog.naver.com/koinuzuha0809/224297083352"", ""description"": ""빽다방 <b>우베</b>라떼~~ 예상한 맛이랑 비슷했는데 취향은 아니라 또 사먹진 않을 거 같고 그냥 타로밀크티 마실듯 시간이 좀 나서 지구에서 한아뿐 또 읽음 진짜 좋아하는 책이라 다섯 번 넘게 읽었는데도 이장면은... "", ""bloggername"": ""Super Real Me"", ""bloggerlink"": ""blog.naver.com/koinuzuha0809"", ""postdate"": ""20260526""}"
우베,preset,우베,처피곤해서말이않나옴,https://blog.naver.com/94_0519/224297083427,20260526,마음에 들어서 여름 국밥 아기똥 ㅋㅋ 난 그냥 윤슬이를 쓰다듬었을 뿐인데.. 거부기 먹어버림 <b>우베</b> 핫데뷰 <b>우베</b> &lt; 몬가 고구마? 빵?? 맛 뉴티셔츠 요즘 취미 네이버 들어가묜 정리 팁 뜨면 보고 제품 캡쳐해둠,무한의 비치발리볼,blog.naver.com/94_0519,naver_blog,우베,canonical,1.0,2026-05-26T11:02:57.061617+00:00,0,0,0,0,무한의 비치발리볼,마음에 들어서 여름 국밥 아기똥 ㅋㅋ 난 그냥 윤슬이를 쓰다듬었을 뿐인데.. 거부기 먹어버림 <b>우베</b> 핫데뷰 <b>우베</b> &lt; 몬가 고구마? 빵?? 맛 뉴티셔츠 요즘 취미 네이버 들어가묜 정리 팁 뜨면 보고 제품 캡쳐해둠,"{""title"": ""처피곤해서말이않나옴"", ""link"": ""https://blog.naver.com/94_0519/224297083427"", ""description"": ""마음에 들어서 여름 국밥 아기똥 ㅋㅋ 난 그냥 윤슬이를 쓰다듬었을 뿐인데.. 거부기 먹어버림 <b>우베</b> 핫데뷰 <b>우베</b> &lt; 몬가 고구마? 빵?? 맛 뉴티셔츠 요즘 취미 네이버 들어가묜 정리 팁 뜨면 보고 제품 캡쳐해둠"", ""bloggername"": ""무한의 비치발리볼"", ""bloggerlink"": ""blog.naver.com/94_0519"", ""postdate"": ""20260526""}"
우베,preset,우베,영천맛집 연막창 영천시청점,https://blog.naver.com/jadu116/224297077937,20260526,새로나온 <b>우베</b> 삿포로! 주문과 동시에 바로 차려진 밑반찬들!ㅎㅎㅎ 직원분도 친절하셨고 빠르게... 마지막으로 <b>우베</b> 삿포로 맥주!ㅎㅎㅎㅎ 제일 기대하며 맛봤는데 ㅎㅎㅎ 어디서 많이 먹어본 맛이였는데... ,유린라이트,blog.naver.com/jadu116,naver_blog,우베,canonical,1.0,2026-05-26T11:02:57.061617+00:00,0,0,0,0,유린라이트,새로나온 <b>우베</b> 삿포로! 주문과 동시에 바로 차려진 밑반찬들!ㅎㅎㅎ 직원분도 친절하셨고 빠르게... 마지막으로 <b>우베</b> 삿포로 맥주!ㅎㅎㅎㅎ 제일 기대하며 맛봤는데 ㅎㅎㅎ 어디서 많이 먹어본 맛이였는데... ,"{""title"": ""영천맛집 연막창 영천시청점"", ""link"": ""https://blog.naver.com/jadu116/224297077937"", ""description"": ""새로나온 <b>우베</b> 삿포로! 주문과 동시에 바로 차려진 밑반찬들!ㅎㅎㅎ 직원분도 친절하셨고 빠르게... 마지막으로 <b>우베</b> 삿포로 맥주!ㅎㅎㅎㅎ 제일 기대하며 맛봤는데 ㅎㅎㅎ 어디서 많이 먹어본 맛이였는데... "", ""bloggername"": ""유린라이트"", ""bloggerlink"": ""blog.naver.com/jadu116"", ""postdate"": ""20260526""}"
우베,preset,우베,성수동 빙수 서울숲 카페 거리 핫플 추천 시즈니,https://blog.naver.com/boram55555/224297077408,20260526,유행하는 <b>우베</b>라떼와 베스트 메뉴인 바닐라빈밀크를 주문했답니다! 바스크 치즈케이크 종류도 굉장히... 제 취향이었답니다 ㅎㅎ 음료는 바닐라빈밀크와 <b>우베</b>라떼! 먼저 <b>우베</b>라떼를 먹어봤어요 먼저 잘... ,룰루랄라,blog.naver.com/boram55555,naver_blog,우베,canonical,1.0,2026-05-26T11:02:57.061617+00:00,0,0,0,0,룰루랄라,유행하는 <b>우베</b>라떼와 베스트 메뉴인 바닐라빈밀크를 주문했답니다! 바스크 치즈케이크 종류도 굉장히... 제 취향이었답니다 ㅎㅎ 음료는 바닐라빈밀크와 <b>우베</b>라떼! 먼저 <b>우베</b>라떼를 먹어봤어요 먼저 잘... ,"{""title"": ""성수동 빙수 서울숲 카페 거리 핫플 추천 시즈니"", ""link"": ""https://blog.naver.com/boram55555/224297077408"", ""description"": ""유행하는 <b>우베</b>라떼와 베스트 메뉴인 바닐라빈밀크를 주문했답니다! 바스크 치즈케이크 종류도 굉장히... 제 취향이었답니다 ㅎㅎ 음료는 바닐라빈밀크와 <b>우베</b>라떼! 먼저 <b>우베</b>라떼를 먹어봤어요 먼저 잘... "", ""bloggername"": ""룰루랄라"", ""bloggerlink"": ""blog.naver.com/boram55555"", ""postdate"": ""20260526""}"
우베,preset,우베,야무지게 다녀온 강릉 묵호 1박2일 여행_DAY2 묵호야호~,https://blog.naver.com/yunchae03/224296356584,20260526,합리적의심 사람도 많지 않고 넓고 퀘적해서 잠시나마 편하게 쉬다 왔다요 2층이 조명도 그렇고 가장 안정적인거 같아서 여기로 자리잡았어요 <b>우베</b>라떼 7000원 <b>우베</b>라는걸 처음 먹어봤는데요. 음~! 이런맛이군.... ,PLayLIst 덕질로그♥,blog.naver.com/yunchae03,naver_blog,우베,canonical,1.0,2026-05-26T11:02:57.061617+00:00,0,0,0,0,PLayLIst 덕질로그♥,합리적의심 사람도 많지 않고 넓고 퀘적해서 잠시나마 편하게 쉬다 왔다요 2층이 조명도 그렇고 가장 안정적인거 같아서 여기로 자리잡았어요 <b>우베</b>라떼 7000원 <b>우베</b>라는걸 처음 먹어봤는데요. 음~! 이런맛이군.... ,"{""title"": ""야무지게 다녀온 강릉 묵호 1박2일 여행_DAY2 묵호야호~"", ""link"": ""https://blog.naver.com/yunchae03/224296356584"", ""description"": ""합리적의심 사람도 많지 않고 넓고 퀘적해서 잠시나마 편하게 쉬다 왔다요 2층이 조명도 그렇고 가장 안정적인거 같아서 여기로 자리잡았어요 <b>우베</b>라떼 7000원 <b>우베</b>라는걸 처음 먹어봤는데요. 음~! 이런맛이군.... "", ""bloggername"": ""PLayLIst 덕질로그♥"", ""bloggerlink"": ""blog.naver.com/yunchae03"", ""postdate"": ""20260526""}"
우베,preset,우베,분위기 미쳤던 창원 가로수길 카페 ‘1997영국집’ 후기,https://blog.naver.com/genevievepopo/224297076686,20260526,"저는 이날 ✔️ <b>우베</b>라떼 ✔️ 녹차라떼 이렇게 주문했는데 둘 다 비주얼부터 합격이었습니다  <b>우베</b>라떼는 달달하면서도 고소한 맛이 진해서 디저트 없이도 만족감이 컸고, 특유의 보랏빛 컬러 덕분에 사진... ",남쪽의 취향,blog.naver.com/genevievepopo,naver_blog,우베,canonical,1.0,2026-05-26T11:02:57.061617+00:00,0,0,0,0,남쪽의 취향,"저는 이날 ✔️ <b>우베</b>라떼 ✔️ 녹차라떼 이렇게 주문했는데 둘 다 비주얼부터 합격이었습니다  <b>우베</b>라떼는 달달하면서도 고소한 맛이 진해서 디저트 없이도 만족감이 컸고, 특유의 보랏빛 컬러 덕분에 사진... ","{""title"": ""분위기 미쳤던 창원 가로수길 카페 ‘1997영국집’ 후기"", ""link"": ""https://blog.naver.com/genevievepopo/224297076686"", ""description"": ""저는 이날 ✔️ <b>우베</b>라떼 ✔️ 녹차라떼 이렇게 주문했는데 둘 다 비주얼부터 합격이었습니다  <b>우베</b>라떼는 달달하면서도 고소한 맛이 진해서 디저트 없이도 만족감이 컸고, 특유의 보랏빛 컬러 덕분에 사진... "", ""bloggername"": ""남쪽의 취향"", ""bloggerlink"": ""blog.naver.com/genevievepopo"", ""postdate"": ""20260526""}"
우베,preset,우베,"난 이미 사랑을 많이하는데, 왜 자꾸 사랑을 하래",https://blog.naver.com/oohsongju/224297073095,20260526,그 <b>우베</b> 스무디..? 그걸 먹어봄 맛있긴함 그 후로 <b>우베</b>를 먹어보지못함... 운동끝나고 집가는데 세상이 아름다워보이길래 운동특 하기전엔 진짜 짜증나는데 하고나면 그렇게 개운할수가없음 운동하는... ,어쩔어쩔요,blog.naver.com/oohsongju,naver_blog,우베,canonical,1.0,2026-05-26T11:02:57.061617+00:00,0,0,0,0,어쩔어쩔요,그 <b>우베</b> 스무디..? 그걸 먹어봄 맛있긴함 그 후로 <b>우베</b>를 먹어보지못함... 운동끝나고 집가는데 세상이 아름다워보이길래 운동특 하기전엔 진짜 짜증나는데 하고나면 그렇게 개운할수가없음 운동하는... ,"{""title"": ""난 이미 사랑을 많이하는데, 왜 자꾸 사랑을 하래"", ""link"": ""https://blog.naver.com/oohsongju/224297073095"", ""description"": ""그 <b>우베</b> 스무디..? 그걸 먹어봄 맛있긴함 그 후로 <b>우베</b>를 먹어보지못함... 운동끝나고 집가는데 세상이 아름다워보이길래 운동특 하기전엔 진짜 짜증나는데 하고나면 그렇게 개운할수가없음 운동하는... "", ""bloggername"": ""어쩔어쩔요"", ""bloggerlink"": ""blog.naver.com/oohsongju"", ""postdate"": ""20260526""}"
우베,preset,우베,"5월 경주 여행 | 풍미갈비찜, 노워즈, 우연의 무늬, 딤타오... ",https://blog.naver.com/daily_my_life/224297073036,20260526,"황리단길에 개성주악 파는 곳이 있어서 냉큼 들어왔지요 기본 하나, 솔티카라멜 하나, <b>우베</b> 하나! 친구는 솔티가 기본보다 더 맛있다고~~ @노워즈 몇 년 전 여기서 액설런트 라떼를 처음 마시고 한동안 푹 빠졌던... ",minghay,blog.naver.com/daily_my_life,naver_blog,우베,canonical,1.0,2026-05-26T11:02:57.061617+00:00,0,0,0,0,minghay,"황리단길에 개성주악 파는 곳이 있어서 냉큼 들어왔지요 기본 하나, 솔티카라멜 하나, <b>우베</b> 하나! 친구는 솔티가 기본보다 더 맛있다고~~ @노워즈 몇 년 전 여기서 액설런트 라떼를 처음 마시고 한동안 푹 빠졌던... ","{""title"": ""5월 경주 여행 | 풍미갈비찜, 노워즈, 우연의 무늬, 딤타오... "", ""link"": ""https://blog.naver.com/daily_my_life/224297073036"", ""description"": ""황리단길에 개성주악 파는 곳이 있어서 냉큼 들어왔지요 기본 하나, 솔티카라멜 하나, <b>우베</b> 하나! 친구는 솔티가 기본보다 더 맛있다고~~ @노워즈 몇 년 전 여기서 액설런트 라떼를 처음 마시고 한동안 푹 빠졌던... "", ""bloggername"": ""minghay"", ""bloggerlink"": ""blog.naver.com/daily_my_life"", ""postdate"": ""20260526""}"
우베,preset,우베,[던킨도너츠 동수원점],https://blog.naver.com/cu_03105/224297071548,20260526,"핫한 <b>우베</b>로 만든 <b>우베</b>츄이스티도 있더라구요~! 선물로 많이 하는 먼치킨컵이나 미니도넛, 버터떡까지 고르는 재미가 있는 던킨 입니다 ㅎㅎ 직장인 분들은 식사대용으로 핫도그나 머핀도 많이 드시는 것... ",동수원신용협동조합,blog.naver.com/cu_03105,naver_blog,우베,canonical,1.0,2026-05-26T11:02:57.061617+00:00,0,0,0,0,동수원신용협동조합,"핫한 <b>우베</b>로 만든 <b>우베</b>츄이스티도 있더라구요~! 선물로 많이 하는 먼치킨컵이나 미니도넛, 버터떡까지 고르는 재미가 있는 던킨 입니다 ㅎㅎ 직장인 분들은 식사대용으로 핫도그나 머핀도 많이 드시는 것... ","{""title"": ""[던킨도너츠 동수원점]"", ""link"": ""https://blog.naver.com/cu_03105/224297071548"", ""description"": ""핫한 <b>우베</b>로 만든 <b>우베</b>츄이스티도 있더라구요~! 선물로 많이 하는 먼치킨컵이나 미니도넛, 버터떡까지 고르는 재미가 있는 던킨 입니다 ㅎㅎ 직장인 분들은 식사대용으로 핫도그나 머핀도 많이 드시는 것... "", ""bloggername"": ""동수원신용협동조합"", ""bloggerlink"": ""blog.naver.com/cu_03105"", ""postdate"": ""20260526""}"
우베,preset,우베,한입 먹고 감탄한 이마트트레이더스 신상 <b>우베</b> 선데이,https://blog.naver.com/hjt_mom/224297071231,20260526,"한입 먹고 감탄한 이마트트레이더스 신상 <b>우베</b> 선데이 쇼핑 끝나고 이거 안 먹으면 집에 와서 내내 생각나서 후회해요. 트레이더스 <b>우베</b>선데이 아이스크림 / 2,500원 날씨가 더워지면 쇼핑하다가 목도 마르고... ",삼남매 하우스,blog.naver.com/hjt_mom,naver_blog,우베,canonical,1.0,2026-05-26T11:02:57.061617+00:00,0,0,0,0,삼남매 하우스,"한입 먹고 감탄한 이마트트레이더스 신상 <b>우베</b> 선데이 쇼핑 끝나고 이거 안 먹으면 집에 와서 내내 생각나서 후회해요. 트레이더스 <b>우베</b>선데이 아이스크림 / 2,500원 날씨가 더워지면 쇼핑하다가 목도 마르고... ","{""title"": ""한입 먹고 감탄한 이마트트레이더스 신상 <b>우베</b> 선데이"", ""link"": ""https://blog.naver.com/hjt_mom/224297071231"", ""description"": ""한입 먹고 감탄한 이마트트레이더스 신상 <b>우베</b> 선데이 쇼핑 끝나고 이거 안 먹으면 집에 와서 내내 생각나서 후회해요. 트레이더스 <b>우베</b>선데이 아이스크림 / 2,500원 날씨가 더워지면 쇼핑하다가 목도 마르고... "", ""bloggername"": ""삼남매 하우스"", ""bloggerlink"": ""blog.naver.com/hjt_mom"", ""postdate"": ""20260526""}"
우베,preset,우베,대구 근교 드라이브 추천 상주 낙단보뷰 낙동350 카페,https://blog.naver.com/beautifuljean/224297070732,20260526,"크림카페라떼가 시그니처인가봐요 요즘 핫한 <b>우베</b>라떼도 있네요! 커피 외에도 다양한 음료 메뉴가 많아요 수제레몬에이드, 쌍화차도 있어요 아가들이랑 와도 좋고 어르신들 모시고 와도 좋겠네요 케이크... ",초례봉독수리,blog.naver.com/beautifuljean,naver_blog,우베,canonical,1.0,2026-05-26T11:02:57.061617+00:00,0,0,0,0,초례봉독수리,"크림카페라떼가 시그니처인가봐요 요즘 핫한 <b>우베</b>라떼도 있네요! 커피 외에도 다양한 음료 메뉴가 많아요 수제레몬에이드, 쌍화차도 있어요 아가들이랑 와도 좋고 어르신들 모시고 와도 좋겠네요 케이크... ","{""title"": ""대구 근교 드라이브 추천 상주 낙단보뷰 낙동350 카페"", ""link"": ""https://blog.naver.com/beautifuljean/224297070732"", ""description"": ""크림카페라떼가 시그니처인가봐요 요즘 핫한 <b>우베</b>라떼도 있네요! 커피 외에도 다양한 음료 메뉴가 많아요 수제레몬에이드, 쌍화차도 있어요 아가들이랑 와도 좋고 어르신들 모시고 와도 좋겠네요 케이크... "", ""bloggername"": ""초례봉독수리"", ""bloggerlink"": ""blog.naver.com/beautifuljean"", ""postdate"": ""20260526""}"
우베,preset,우베,폴바셋 신메뉴 추천 2026 라벤더 퍼플 시즌 완벽 리뷰: <b>우베</b>라... ,https://blog.naver.com/bsh9656/224297069406,20260526,"비롯해 <b>우베</b>·블루베리·아사이베리까지 보라색 계열 식재료를 총동원한 신메뉴 4종이 새롭게... 가장 트렌디한 선택, <b>우베</b> 카페라떼 메뉴명 가격 칼로리 <b>우베</b> 카페라떼 6,500원 280~310 kcal 이번 폴바셋 신메뉴 중... ",있는 그대로의 나,blog.naver.com/bsh9656,naver_blog,우베,canonical,1.0,2026-05-26T11:02:57.061617+00:00,0,0,0,0,있는 그대로의 나,"비롯해 <b>우베</b>·블루베리·아사이베리까지 보라색 계열 식재료를 총동원한 신메뉴 4종이 새롭게... 가장 트렌디한 선택, <b>우베</b> 카페라떼 메뉴명 가격 칼로리 <b>우베</b> 카페라떼 6,500원 280~310 kcal 이번 폴바셋 신메뉴 중... ","{""title"": ""폴바셋 신메뉴 추천 2026 라벤더 퍼플 시즌 완벽 리뷰: <b>우베</b>라... "", ""link"": ""https://blog.naver.com/bsh9656/224297069406"", ""description"": ""비롯해 <b>우베</b>·블루베리·아사이베리까지 보라색 계열 식재료를 총동원한 신메뉴 4종이 새롭게... 가장 트렌디한 선택, <b>우베</b> 카페라떼 메뉴명 가격 칼로리 <b>우베</b> 카페라떼 6,500원 280~310 kcal 이번 폴바셋 신메뉴 중... "", ""bloggername"": ""있는 그대로의 나"", ""bloggerlink"": ""blog.naver.com/bsh9656"", ""postdate"": ""20260526""}"
우베,preset,우베,드디어 먹어봤다. 투썸플레이스 생크림아메리카노 !!! ㅋㅋㅋ,https://blog.naver.com/xkalsdjaak/224296973110,20260526,참고 ◀ 요새 투썸이 <b>우베</b>랑 생크림아메리카노 열심히 밀고 있던데 <b>우베</b>는 안 좋아하는 타민맘. 언제나처럼 크림 들어간 커피로 픽했어요. 라떼로 먹을까 아메로 먹을까 계속 고민하다가 네이버로 봤을 때는 L... ,어리숙 타민이네 ㅋㅋㅋㅋ♥,blog.naver.com/xkalsdjaak,naver_blog,우베,canonical,1.0,2026-05-26T11:02:57.061617+00:00,0,0,0,0,어리숙 타민이네 ㅋㅋㅋㅋ♥,참고 ◀ 요새 투썸이 <b>우베</b>랑 생크림아메리카노 열심히 밀고 있던데 <b>우베</b>는 안 좋아하는 타민맘. 언제나처럼 크림 들어간 커피로 픽했어요. 라떼로 먹을까 아메로 먹을까 계속 고민하다가 네이버로 봤을 때는 L... ,"{""title"": ""드디어 먹어봤다. 투썸플레이스 생크림아메리카노 !!! ㅋㅋㅋ"", ""link"": ""https://blog.naver.com/xkalsdjaak/224296973110"", ""description"": ""참고 ◀ 요새 투썸이 <b>우베</b>랑 생크림아메리카노 열심히 밀고 있던데 <b>우베</b>는 안 좋아하는 타민맘. 언제나처럼 크림 들어간 커피로 픽했어요. 라떼로 먹을까 아메로 먹을까 계속 고민하다가 네이버로 봤을 때는 L... "", ""bloggername"": ""어리숙 타민이네 ㅋㅋㅋㅋ♥"", ""bloggerlink"": ""blog.naver.com/xkalsdjaak"", ""postdate"": ""20260526""}"
우베,preset,우베,서현시범맛집거리 주차 가능 디저트카페 슬로웨이커피 서현역... ,https://blog.naver.com/rabbitbag/224296500709,20260526,"특히 요즘 유행하는 <b>우베</b> 코코넛 라떼가 있어서 매우 궁금했으나, 이날은 왠지 녹차/말차라떼 무드라서 말차라떼에 생크림을 추가해서 먹었다. (달다구리가 땡기는 날!!) 블루핸즈 예약시간이 8시 30분인데다... ",레이라의 낭만핑크라이프 ♬ :D,blog.naver.com/rabbitbag,naver_blog,우베,canonical,1.0,2026-05-26T11:02:57.061617+00:00,0,0,0,0,레이라의 낭만핑크라이프 ♬ :D,"특히 요즘 유행하는 <b>우베</b> 코코넛 라떼가 있어서 매우 궁금했으나, 이날은 왠지 녹차/말차라떼 무드라서 말차라떼에 생크림을 추가해서 먹었다. (달다구리가 땡기는 날!!) 블루핸즈 예약시간이 8시 30분인데다... ","{""title"": ""서현시범맛집거리 주차 가능 디저트카페 슬로웨이커피 서현역... "", ""link"": ""https://blog.naver.com/rabbitbag/224296500709"", ""description"": ""특히 요즘 유행하는 <b>우베</b> 코코넛 라떼가 있어서 매우 궁금했으나, 이날은 왠지 녹차/말차라떼 무드라서 말차라떼에 생크림을 추가해서 먹었다. (달다구리가 땡기는 날!!) 블루핸즈 예약시간이 8시 30분인데다... "", ""bloggername"": ""레이라의 낭만핑크라이프 ♬ :D"", ""bloggerlink"": ""blog.naver.com/rabbitbag"", ""postdate"": ""20260526""}"
우베,preset,우베,수원 스타필드 트레이더스 신상 <b>우베</b> 라떼 후기,https://blog.naver.com/j1n111/224296502100,20260526,<b>우베</b>라떼와 <b>우베</b> 선데이 아이스크림이다. 나는 정작 처음 먹어봤지만..ㅎㅎ 요즘 <b>우베</b>가 참 많이 보인다. 편하게 먹으려고 라떼로 시켰다. 직원분이 너~무 바빠 보이셔서 못 여쭤 봤지만 카페인은 없는 거 같다.... ,일상 기록용 블로그 :),blog.naver.com/j1n111,naver_blog,우베,canonical,1.0,2026-05-26T11:02:57.061617+00:00,0,0,0,0,일상 기록용 블로그 :),<b>우베</b>라떼와 <b>우베</b> 선데이 아이스크림이다. 나는 정작 처음 먹어봤지만..ㅎㅎ 요즘 <b>우베</b>가 참 많이 보인다. 편하게 먹으려고 라떼로 시켰다. 직원분이 너~무 바빠 보이셔서 못 여쭤 봤지만 카페인은 없는 거 같다.... ,"{""title"": ""수원 스타필드 트레이더스 신상 <b>우베</b> 라떼 후기"", ""link"": ""https://blog.naver.com/j1n111/224296502100"", ""description"": ""<b>우베</b>라떼와 <b>우베</b> 선데이 아이스크림이다. 나는 정작 처음 먹어봤지만..ㅎㅎ 요즘 <b>우베</b>가 참 많이 보인다. 편하게 먹으려고 라떼로 시켰다. 직원분이 너~무 바빠 보이셔서 못 여쭤 봤지만 카페인은 없는 거 같다.... "", ""bloggername"": ""일상 기록용 블로그 :)"", ""bloggerlink"": ""blog.naver.com/j1n111"", ""postdate"": ""20260526""}"
우베,preset,우베,애슐리 퀸즈 가격 할인 총정리 5월 골드키위 시즌 메뉴까지,https://blog.naver.com/xariose/224297065727,20260526,▪ 애플타르트 + 골드키위 ▪ 골드키위 로띠 ▪ 골드키위 케이크 ▪ 초코바게트 + 골드키위 ▪ 골드키위 그대로 (디너 한정) ▪ 파인탄산 골드키위 ▪ <b>우베</b> 라떼 / <b>우베</b> 치즈케이크 ▪ 골드키위 살사 (오리... ,소소한 일상 이야기,blog.naver.com/xariose,naver_blog,우베,canonical,1.0,2026-05-26T11:02:57.061617+00:00,0,0,0,0,소소한 일상 이야기,▪ 애플타르트 + 골드키위 ▪ 골드키위 로띠 ▪ 골드키위 케이크 ▪ 초코바게트 + 골드키위 ▪ 골드키위 그대로 (디너 한정) ▪ 파인탄산 골드키위 ▪ <b>우베</b> 라떼 / <b>우베</b> 치즈케이크 ▪ 골드키위 살사 (오리... ,"{""title"": ""애슐리 퀸즈 가격 할인 총정리 5월 골드키위 시즌 메뉴까지"", ""link"": ""https://blog.naver.com/xariose/224297065727"", ""description"": ""▪ 애플타르트 + 골드키위 ▪ 골드키위 로띠 ▪ 골드키위 케이크 ▪ 초코바게트 + 골드키위 ▪ 골드키위 그대로 (디너 한정) ▪ 파인탄산 골드키위 ▪ <b>우베</b> 라떼 / <b>우베</b> 치즈케이크 ▪ 골드키위 살사 (오리... "", ""bloggername"": ""소소한 일상 이야기"", ""bloggerlink"": ""blog.naver.com/xariose"", ""postdate"": ""20260526""}"
우베,preset,우베,김포 현대아울렛카페 노티드 :: 신메뉴 <b>우베</b>도넛 <b>우베</b>음료,https://blog.naver.com/m__nique/224297065633,20260526,"노티드 <b>우베</b>도넛 <b>우베</b>음료 이번 새로운 신메뉴로 나온 노티드 <b>우베</b> 도넛 , <b>우베</b> 음료 에요! <b>우베</b>란? 자색 고구마를 말합니다! <b>우베</b> 특유의 보랏빛 비주얼과 트렌디한 매력으로 시즌 한정을 넘어 새로운 스테디로... ","Eat, Play, Love",blog.naver.com/m__nique,naver_blog,우베,canonical,1.0,2026-05-26T11:02:57.061617+00:00,0,0,0,0,"Eat, Play, Love","노티드 <b>우베</b>도넛 <b>우베</b>음료 이번 새로운 신메뉴로 나온 노티드 <b>우베</b> 도넛 , <b>우베</b> 음료 에요! <b>우베</b>란? 자색 고구마를 말합니다! <b>우베</b> 특유의 보랏빛 비주얼과 트렌디한 매력으로 시즌 한정을 넘어 새로운 스테디로... ","{""title"": ""김포 현대아울렛카페 노티드 :: 신메뉴 <b>우베</b>도넛 <b>우베</b>음료"", ""link"": ""https://blog.naver.com/m__nique/224297065633"", ""description"": ""노티드 <b>우베</b>도넛 <b>우베</b>음료 이번 새로운 신메뉴로 나온 노티드 <b>우베</b> 도넛 , <b>우베</b> 음료 에요! <b>우베</b>란? 자색 고구마를 말합니다! <b>우베</b> 특유의 보랏빛 비주얼과 트렌디한 매력으로 시즌 한정을 넘어 새로운 스테디로... "", ""bloggername"": ""Eat, Play, Love"", ""bloggerlink"": ""blog.naver.com/m__nique"", ""postdate"": ""20260526""}"
우베,preset,우베,"묵호 맛집 카페 추천(바람의 언덕, 이야기 바다, 파닭 김밥, 묵호... ",https://blog.naver.com/gongribo/224297065232,20260526,콘센트 굿 <b>우베</b> 말차 라떼와 지금 안 먹으면 기차 내릴 때까지 암것도 먹을 수 없어서 배고픔에 대비한... 거 같지만 쫀득한 게 먹을만했고 달달한 거 좋아해서 <b>우베</b>말차도 맛있었다 <b>우베</b>는 타로랑 비슷하다 안녕~,양파김자반,blog.naver.com/gongribo,naver_blog,우베,canonical,1.0,2026-05-26T11:02:57.061617+00:00,0,0,0,0,양파김자반,콘센트 굿 <b>우베</b> 말차 라떼와 지금 안 먹으면 기차 내릴 때까지 암것도 먹을 수 없어서 배고픔에 대비한... 거 같지만 쫀득한 게 먹을만했고 달달한 거 좋아해서 <b>우베</b>말차도 맛있었다 <b>우베</b>는 타로랑 비슷하다 안녕~,"{""title"": ""묵호 맛집 카페 추천(바람의 언덕, 이야기 바다, 파닭 김밥, 묵호... "", ""link"": ""https://blog.naver.com/gongribo/224297065232"", ""description"": ""콘센트 굿 <b>우베</b> 말차 라떼와 지금 안 먹으면 기차 내릴 때까지 암것도 먹을 수 없어서 배고픔에 대비한... 거 같지만 쫀득한 게 먹을만했고 달달한 거 좋아해서 <b>우베</b>말차도 맛있었다 <b>우베</b>는 타로랑 비슷하다 안녕~"", ""bloggername"": ""양파김자반"", ""bloggerlink"": ""blog.naver.com/gongribo"", ""postdate"": ""20260526""}"
우베,preset,우베,투썸플레이스 홀케이크 두초생(두바이초코생크림케이크) 솔직... ,https://blog.naver.com/newspring_21/224297063943,20260526,케이크와 함께 먹기 위해 요즘 인기있는 <b>우베</b>라떼도 하나 시켰고요 쫀득쫀득 씹히는 젤리가 들어있는 망고음료도 시켰어요 드디어 두초생 개봉했습니다 직접 눈으로 보면 엥? 할 정도로 크기가 꽤 작아요... ,"새로운, 우리의 봄날",blog.naver.com/newspring_21,naver_blog,우베,canonical,1.0,2026-05-26T11:02:57.061617+00:00,0,0,0,0,"새로운, 우리의 봄날",케이크와 함께 먹기 위해 요즘 인기있는 <b>우베</b>라떼도 하나 시켰고요 쫀득쫀득 씹히는 젤리가 들어있는 망고음료도 시켰어요 드디어 두초생 개봉했습니다 직접 눈으로 보면 엥? 할 정도로 크기가 꽤 작아요... ,"{""title"": ""투썸플레이스 홀케이크 두초생(두바이초코생크림케이크) 솔직... "", ""link"": ""https://blog.naver.com/newspring_21/224297063943"", ""description"": ""케이크와 함께 먹기 위해 요즘 인기있는 <b>우베</b>라떼도 하나 시켰고요 쫀득쫀득 씹히는 젤리가 들어있는 망고음료도 시켰어요 드디어 두초생 개봉했습니다 직접 눈으로 보면 엥? 할 정도로 크기가 꽤 작아요... "", ""bloggername"": ""새로운, 우리의 봄날"", ""bloggerlink"": ""blog.naver.com/newspring_21"", ""postdate"": ""20260526""}"
우베,preset,우베,빽다방 신메뉴 아이스크림 <b>우베</b>라떼,https://blog.naver.com/anhyojin17/224297063491,20260526,"빽다방 신메뉴 아이스크림 <b>우베</b>라떼 (4300) 기본, 생크림폼, 아이스크림 버전 세종류인데 아이스크림 먹고싶어서 픽! <b>우베</b>라떼 부분은 생각보다 단편은 아니었고 은은 <b>우베</b>맛+약간의... ","신상,신제품 덕후",blog.naver.com/anhyojin17,naver_blog,우베,canonical,1.0,2026-05-26T11:02:57.061617+00:00,0,0,0,0,"신상,신제품 덕후","빽다방 신메뉴 아이스크림 <b>우베</b>라떼 (4300) 기본, 생크림폼, 아이스크림 버전 세종류인데 아이스크림 먹고싶어서 픽! <b>우베</b>라떼 부분은 생각보다 단편은 아니었고 은은 <b>우베</b>맛+약간의... ","{""title"": ""빽다방 신메뉴 아이스크림 <b>우베</b>라떼"", ""link"": ""https://blog.naver.com/anhyojin17/224297063491"", ""description"": ""빽다방 신메뉴 아이스크림 <b>우베</b>라떼 (4300) 기본, 생크림폼, 아이스크림 버전 세종류인데 아이스크림 먹고싶어서 픽! <b>우베</b>라떼 부분은 생각보다 단편은 아니었고 은은 <b>우베</b>맛+약간의... "", ""bloggername"": ""신상,신제품 덕후"", ""bloggerlink"": ""blog.naver.com/anhyojin17"", ""postdate"": ""20260526""}"
우베,preset,우베,[SFSU 교환 16주차] Tartine | 하야토 송별회 | 다니엘... ,https://blog.naver.com/happyjsh7/224297062553,20260526,게임을 선택했다 근데 아무래도 그만한 영어를 알아들을 사람이 아무도 없다보니 다니엘이 너무 답답해해서ㅋㅋㅋ 금방 다른 게임으로 갈아탔다 얘들아 꼭 결혼해야 한다~ 유카가 사온 <b>우베</b> 케이크 맛은... 그냥... ,곰의 탐방,blog.naver.com/happyjsh7,naver_blog,우베,canonical,1.0,2026-05-26T11:02:57.061617+00:00,0,0,0,0,곰의 탐방,게임을 선택했다 근데 아무래도 그만한 영어를 알아들을 사람이 아무도 없다보니 다니엘이 너무 답답해해서ㅋㅋㅋ 금방 다른 게임으로 갈아탔다 얘들아 꼭 결혼해야 한다~ 유카가 사온 <b>우베</b> 케이크 맛은... 그냥... ,"{""title"": ""[SFSU 교환 16주차] Tartine | 하야토 송별회 | 다니엘... "", ""link"": ""https://blog.naver.com/happyjsh7/224297062553"", ""description"": ""게임을 선택했다 근데 아무래도 그만한 영어를 알아들을 사람이 아무도 없다보니 다니엘이 너무 답답해해서ㅋㅋㅋ 금방 다른 게임으로 갈아탔다 얘들아 꼭 결혼해야 한다~ 유카가 사온 <b>우베</b> 케이크 맛은... 그냥... "", ""bloggername"": ""곰의 탐방"", ""bloggerlink"": ""blog.naver.com/happyjsh7"", ""postdate"": ""20260526""}"
우베,preset,우베,송현아카페 추천 분더커피바 아이스크림 커피맛집 솔직후기,https://blog.naver.com/modutube/224297061536,20260526,"크림 시리즈는 크림 말차 6,500원, 크림 <b>우베</b> 6,500원, 크림 초콜릿 6,500원이었고 슈페너 시리즈는 분더커피 6,800원, 말차슈페너 7,000원, <b>우베</b>슈페너 6,800원, 모카슈페너 6,800원으로 구성되어 있었어요. 저는 이번에... ",여행하고 리뷰하고 - 모두튜브,blog.naver.com/modutube,naver_blog,우베,canonical,1.0,2026-05-26T11:02:57.061617+00:00,0,0,0,0,여행하고 리뷰하고 - 모두튜브,"크림 시리즈는 크림 말차 6,500원, 크림 <b>우베</b> 6,500원, 크림 초콜릿 6,500원이었고 슈페너 시리즈는 분더커피 6,800원, 말차슈페너 7,000원, <b>우베</b>슈페너 6,800원, 모카슈페너 6,800원으로 구성되어 있었어요. 저는 이번에... ","{""title"": ""송현아카페 추천 분더커피바 아이스크림 커피맛집 솔직후기"", ""link"": ""https://blog.naver.com/modutube/224297061536"", ""description"": ""크림 시리즈는 크림 말차 6,500원, 크림 <b>우베</b> 6,500원, 크림 초콜릿 6,500원이었고 슈페너 시리즈는 분더커피 6,800원, 말차슈페너 7,000원, <b>우베</b>슈페너 6,800원, 모카슈페너 6,800원으로 구성되어 있었어요. 저는 이번에... "", ""bloggername"": ""여행하고 리뷰하고 - 모두튜브"", ""bloggerlink"": ""blog.naver.com/modutube"", ""postdate"": ""20260526""}"
우베,preset,우베,"오퍼 카페 | 홍대카페, 퀸아망 맛집으로 소문난 곳 ☕",https://blog.naver.com/v-v_o-o/224297061307,20260526,요즘 유행하는 <b>우베</b>라떼도 있어서 트렌디한 메뉴까지 갖추고 있어요. 취향에 맞게 골라 마실 수 있습니다ㅎㅎ 홍대베이커리 맛집으로 입소문 난 곳인 만큼 퀸아망 종류가 정말 다양하게 있어요. 퀸아망 하나만... ,미세포 자극일지,blog.naver.com/v-v_o-o,naver_blog,우베,canonical,1.0,2026-05-26T11:02:57.061617+00:00,0,0,0,0,미세포 자극일지,요즘 유행하는 <b>우베</b>라떼도 있어서 트렌디한 메뉴까지 갖추고 있어요. 취향에 맞게 골라 마실 수 있습니다ㅎㅎ 홍대베이커리 맛집으로 입소문 난 곳인 만큼 퀸아망 종류가 정말 다양하게 있어요. 퀸아망 하나만... ,"{""title"": ""오퍼 카페 | 홍대카페, 퀸아망 맛집으로 소문난 곳 ☕"", ""link"": ""https://blog.naver.com/v-v_o-o/224297061307"", ""description"": ""요즘 유행하는 <b>우베</b>라떼도 있어서 트렌디한 메뉴까지 갖추고 있어요. 취향에 맞게 골라 마실 수 있습니다ㅎㅎ 홍대베이커리 맛집으로 입소문 난 곳인 만큼 퀸아망 종류가 정말 다양하게 있어요. 퀸아망 하나만... "", ""bloggername"": ""미세포 자극일지"", ""bloggerlink"": ""blog.naver.com/v-v_o-o"", ""postdate"": ""20260526""}"
우베,preset,우베,토익의 신이여 저에게 오세오,https://blog.naver.com/monta52/224297059108,20260526,나 진짜 간다(근데 이런 생각하면 안됨 어~나가~~ 으응응~~ 해야 함) 뱅기표 살때마다 이라고 머리 싸매는데 항상 결국 제값주고 삼 경고장 ㄷㄷ 파바 신상 <b>우베</b>빵 나름..~ 공차 두 잔 먹는 권력. 흠냐리~ 너 최고야... ,마리맘의 육아 일상,blog.naver.com/monta52,naver_blog,우베,canonical,1.0,2026-05-26T11:02:57.061617+00:00,0,0,0,0,마리맘의 육아 일상,나 진짜 간다(근데 이런 생각하면 안됨 어~나가~~ 으응응~~ 해야 함) 뱅기표 살때마다 이라고 머리 싸매는데 항상 결국 제값주고 삼 경고장 ㄷㄷ 파바 신상 <b>우베</b>빵 나름..~ 공차 두 잔 먹는 권력. 흠냐리~ 너 최고야... ,"{""title"": ""토익의 신이여 저에게 오세오"", ""link"": ""https://blog.naver.com/monta52/224297059108"", ""description"": ""나 진짜 간다(근데 이런 생각하면 안됨 어~나가~~ 으응응~~ 해야 함) 뱅기표 살때마다 이라고 머리 싸매는데 항상 결국 제값주고 삼 경고장 ㄷㄷ 파바 신상 <b>우베</b>빵 나름..~ 공차 두 잔 먹는 권력. 흠냐리~ 너 최고야... "", ""bloggername"": ""마리맘의 육아 일상"", ""bloggerlink"": ""blog.naver.com/monta52"", ""postdate"": ""20260526""}"
우베,preset,우베,안산 대부도 오션뷰카페 추천 | 누워서 힐링 가능한 구봉도... ,https://blog.naver.com/rose70214/224297059575,20260526,한정으로 <b>우베</b>(Ube) 맛이 제공되고 있었어요! 자색고구마 느낌의 달달한 풍미가 특징인데 색감이 너무... 그리고 5월 한정 <b>우베</b> 아이스크림도 조금 곁들여 먹어봤는데 위에 발라먹으니까 은근 조합 좋더라구요... ,Effort,blog.naver.com/rose70214,naver_blog,우베,canonical,1.0,2026-05-26T11:02:57.061617+00:00,0,0,0,0,Effort,한정으로 <b>우베</b>(Ube) 맛이 제공되고 있었어요! 자색고구마 느낌의 달달한 풍미가 특징인데 색감이 너무... 그리고 5월 한정 <b>우베</b> 아이스크림도 조금 곁들여 먹어봤는데 위에 발라먹으니까 은근 조합 좋더라구요... ,"{""title"": ""안산 대부도 오션뷰카페 추천 | 누워서 힐링 가능한 구봉도... "", ""link"": ""https://blog.naver.com/rose70214/224297059575"", ""description"": ""한정으로 <b>우베</b>(Ube) 맛이 제공되고 있었어요! 자색고구마 느낌의 달달한 풍미가 특징인데 색감이 너무... 그리고 5월 한정 <b>우베</b> 아이스크림도 조금 곁들여 먹어봤는데 위에 발라먹으니까 은근 조합 좋더라구요... "", ""bloggername"": ""Effort"", ""bloggerlink"": ""blog.naver.com/rose70214"", ""postdate"": ""20260526""}"
우베,preset,우베,"용산맛집 | 테디뵈르하우스 용산점 평일 방문, 흑백요리사2... ",https://blog.naver.com/bsg303/224297056925,20260526,요즘 SNS에서 핫하게 떠오르는 <b>우베</b> 라떼도 메뉴에 딱 보이더라고요! 역시 유행을 선도하는 용산 맛집다운 라인업이었습니다. 아늑한 파리 감성 인테리어 속에서 독특한 <b>우베</b> 라떼 한 잔과 맛있는 디저트를... ,쑤로그,blog.naver.com/bsg303,naver_blog,우베,canonical,1.0,2026-05-26T11:02:57.061617+00:00,0,0,0,0,쑤로그,요즘 SNS에서 핫하게 떠오르는 <b>우베</b> 라떼도 메뉴에 딱 보이더라고요! 역시 유행을 선도하는 용산 맛집다운 라인업이었습니다. 아늑한 파리 감성 인테리어 속에서 독특한 <b>우베</b> 라떼 한 잔과 맛있는 디저트를... ,"{""title"": ""용산맛집 | 테디뵈르하우스 용산점 평일 방문, 흑백요리사2... "", ""link"": ""https://blog.naver.com/bsg303/224297056925"", ""description"": ""요즘 SNS에서 핫하게 떠오르는 <b>우베</b> 라떼도 메뉴에 딱 보이더라고요! 역시 유행을 선도하는 용산 맛집다운 라인업이었습니다. 아늑한 파리 감성 인테리어 속에서 독특한 <b>우베</b> 라떼 한 잔과 맛있는 디저트를... "", ""bloggername"": ""쑤로그"", ""bloggerlink"": ""blog.naver.com/bsg303"", ""postdate"": ""20260526""}"
우베,preset,우베,"뚜레쥬르, PGA '더 CJ컵'서 K-베이커리 부스 성료",https://blog.naver.com/chuny98/224297057372,20260526,"단팥빵, 진한 우유 크림빵, 클라우드 크림 도넛 등 베이커리 외에도 <b>우베</b> 라떼, 말차 라떼 등 현지 인기 음료까지 빠르게 소진될 정도로 인기를 끌었다. 현장에서는 &quot;입 안에서 녹는 듯한 부드러운 식감이... ",뉴스엔뷰(NEWS&VIEW),blog.naver.com/chuny98,naver_blog,우베,canonical,1.0,2026-05-26T11:02:57.061617+00:00,0,0,0,0,뉴스엔뷰(NEWS&VIEW),"단팥빵, 진한 우유 크림빵, 클라우드 크림 도넛 등 베이커리 외에도 <b>우베</b> 라떼, 말차 라떼 등 현지 인기 음료까지 빠르게 소진될 정도로 인기를 끌었다. 현장에서는 &quot;입 안에서 녹는 듯한 부드러운 식감이... ","{""title"": ""뚜레쥬르, PGA '더 CJ컵'서 K-베이커리 부스 성료"", ""link"": ""https://blog.naver.com/chuny98/224297057372"", ""description"": ""단팥빵, 진한 우유 크림빵, 클라우드 크림 도넛 등 베이커리 외에도 <b>우베</b> 라떼, 말차 라떼 등 현지 인기 음료까지 빠르게 소진될 정도로 인기를 끌었다. 현장에서는 &quot;입 안에서 녹는 듯한 부드러운 식감이... "", ""bloggername"": ""뉴스엔뷰(NEWS&VIEW)"", ""bloggerlink"": ""blog.naver.com/chuny98"", ""postdate"": ""20260526""}"
우베,preset,우베,2604 아프리카 청춘일까?,https://blog.naver.com/je0ngvely/224297051089,20260526,나도 <b>우베</b> 먹어봤다 뭔 맛인지 모르겠다 두쫀쿠 룩 입은 나 어떤데 칼 들었다잉 세차 끝내고 물기... 엄마랑 효주랑 나들이 더워주글뽄 #투썸<b>우베</b> 여기 <b>우베</b>도 무슨맛인지 잘 모르겠습디더 송해공원 바로 앞 투썸... ,파동의 중첩,blog.naver.com/je0ngvely,naver_blog,우베,canonical,1.0,2026-05-26T11:02:57.061617+00:00,0,0,0,0,파동의 중첩,나도 <b>우베</b> 먹어봤다 뭔 맛인지 모르겠다 두쫀쿠 룩 입은 나 어떤데 칼 들었다잉 세차 끝내고 물기... 엄마랑 효주랑 나들이 더워주글뽄 #투썸<b>우베</b> 여기 <b>우베</b>도 무슨맛인지 잘 모르겠습디더 송해공원 바로 앞 투썸... ,"{""title"": ""2604 아프리카 청춘일까?"", ""link"": ""https://blog.naver.com/je0ngvely/224297051089"", ""description"": ""나도 <b>우베</b> 먹어봤다 뭔 맛인지 모르겠다 두쫀쿠 룩 입은 나 어떤데 칼 들었다잉 세차 끝내고 물기... 엄마랑 효주랑 나들이 더워주글뽄 #투썸<b>우베</b> 여기 <b>우베</b>도 무슨맛인지 잘 모르겠습디더 송해공원 바로 앞 투썸... "", ""bloggername"": ""파동의 중첩"", ""bloggerlink"": ""blog.naver.com/je0ngvely"", ""postdate"": ""20260526""}"
우베,preset,우베,트리플에이커피 소금빵 맛집 <b>우베</b>크림라떼,https://blog.naver.com/hyeppyy_n/224297051055,20260526,자연도 소금빵보다 맛있었어요 ..ㅎㅎ (원래 최애 자연도소금빵) 소금빵과 같이 먹을 <b>우베</b>크림라떼도 시켰는데요 가격은 4200원입니당 <b>우베</b> 첫 도전 ! 한입먹고 오! 달다!! 맛있다!! 였는데 반 정도 먹으니 정말... ,빵순이말고 빵땡이,blog.naver.com/hyeppyy_n,naver_blog,우베,canonical,1.0,2026-05-26T11:02:57.061617+00:00,0,0,0,0,빵순이말고 빵땡이,자연도 소금빵보다 맛있었어요 ..ㅎㅎ (원래 최애 자연도소금빵) 소금빵과 같이 먹을 <b>우베</b>크림라떼도 시켰는데요 가격은 4200원입니당 <b>우베</b> 첫 도전 ! 한입먹고 오! 달다!! 맛있다!! 였는데 반 정도 먹으니 정말... ,"{""title"": ""트리플에이커피 소금빵 맛집 <b>우베</b>크림라떼"", ""link"": ""https://blog.naver.com/hyeppyy_n/224297051055"", ""description"": ""자연도 소금빵보다 맛있었어요 ..ㅎㅎ (원래 최애 자연도소금빵) 소금빵과 같이 먹을 <b>우베</b>크림라떼도 시켰는데요 가격은 4200원입니당 <b>우베</b> 첫 도전 ! 한입먹고 오! 달다!! 맛있다!! 였는데 반 정도 먹으니 정말... "", ""bloggername"": ""빵순이말고 빵땡이"", ""bloggerlink"": ""blog.naver.com/hyeppyy_n"", ""postdate"": ""20260526""}"
우베,preset,우베,<b>우베</b> 100% 파우더 kg 추천 10kg 써보니,https://blog.naver.com/ghdskarb6304/224297046165,20260526,"<b>우베</b> 100% 파우더 kg 찾는 분들, 보라색 디저트 만들 때 색이 애매하게 죽는 거 한 번쯤 겪어보셨죠? 저도 라떼랑 케이크 몇 번 해보다가 색소 섞인 느낌은 싫어서 <b>우베</b> 100% 파우더, 4개, 10kg 쪽으로 봤어요. 대용량... ",fresh가람,blog.naver.com/ghdskarb6304,naver_blog,우베,canonical,1.0,2026-05-26T11:02:57.061617+00:00,0,0,0,0,fresh가람,"<b>우베</b> 100% 파우더 kg 찾는 분들, 보라색 디저트 만들 때 색이 애매하게 죽는 거 한 번쯤 겪어보셨죠? 저도 라떼랑 케이크 몇 번 해보다가 색소 섞인 느낌은 싫어서 <b>우베</b> 100% 파우더, 4개, 10kg 쪽으로 봤어요. 대용량... ","{""title"": ""<b>우베</b> 100% 파우더 kg 추천 10kg 써보니"", ""link"": ""https://blog.naver.com/ghdskarb6304/224297046165"", ""description"": ""<b>우베</b> 100% 파우더 kg 찾는 분들, 보라색 디저트 만들 때 색이 애매하게 죽는 거 한 번쯤 겪어보셨죠? 저도 라떼랑 케이크 몇 번 해보다가 색소 섞인 느낌은 싫어서 <b>우베</b> 100% 파우더, 4개, 10kg 쪽으로 봤어요. 대용량... "", ""bloggername"": ""fresh가람"", ""bloggerlink"": ""blog.naver.com/ghdskarb6304"", ""postdate"": ""20260526""}"
우베,preset,우베,방학동 수제 디저트가 맛있는 카페 ueru 내돈내산 후기,https://blog.naver.com/doyoebee/224297038741,20260526,ㅋㅋㅋ <b>우베</b>가 요즘 또 유행이자나요? 근데 <b>우베</b> 바스크 치즈케이크도 있어서 놀랬어요 그치만 근본 바스크 치즈 케이크를 주문했습니다 ㅋㅋㅋ 음료도 엄청 다양하고 맥주와 하이볼도 판매하시더라구요... ,DOOBEE 두여비,blog.naver.com/doyoebee,naver_blog,우베,canonical,1.0,2026-05-26T11:02:57.061617+00:00,0,0,0,0,DOOBEE 두여비,ㅋㅋㅋ <b>우베</b>가 요즘 또 유행이자나요? 근데 <b>우베</b> 바스크 치즈케이크도 있어서 놀랬어요 그치만 근본 바스크 치즈 케이크를 주문했습니다 ㅋㅋㅋ 음료도 엄청 다양하고 맥주와 하이볼도 판매하시더라구요... ,"{""title"": ""방학동 수제 디저트가 맛있는 카페 ueru 내돈내산 후기"", ""link"": ""https://blog.naver.com/doyoebee/224297038741"", ""description"": ""ㅋㅋㅋ <b>우베</b>가 요즘 또 유행이자나요? 근데 <b>우베</b> 바스크 치즈케이크도 있어서 놀랬어요 그치만 근본 바스크 치즈 케이크를 주문했습니다 ㅋㅋㅋ 음료도 엄청 다양하고 맥주와 하이볼도 판매하시더라구요... "", ""bloggername"": ""DOOBEE 두여비"", ""bloggerlink"": ""blog.naver.com/doyoebee"", ""postdate"": ""20260526""}"
우베,preset,우베,김포 대형 카페 베이콜로지 빵학개론 샹그리나점,https://blog.naver.com/maximum_min/224295972090,20260526,<b>우베</b>? 요즘 핫하길래 시켜봤어요! 처음엔 옆에서 아이스 아메리카노 먹을거라고 노래를 부르더니... 샹그리나점 <b>우베</b>라는 맛을 처음 먹어보는데 그냥 음 타로맛..? 살짝 되게 텁텁한 맛? 베이콜로지 빵학개론... ,Daily,blog.naver.com/maximum_min,naver_blog,우베,canonical,1.0,2026-05-26T11:02:57.061617+00:00,0,0,0,0,Daily,<b>우베</b>? 요즘 핫하길래 시켜봤어요! 처음엔 옆에서 아이스 아메리카노 먹을거라고 노래를 부르더니... 샹그리나점 <b>우베</b>라는 맛을 처음 먹어보는데 그냥 음 타로맛..? 살짝 되게 텁텁한 맛? 베이콜로지 빵학개론... ,"{""title"": ""김포 대형 카페 베이콜로지 빵학개론 샹그리나점"", ""link"": ""https://blog.naver.com/maximum_min/224295972090"", ""description"": ""<b>우베</b>? 요즘 핫하길래 시켜봤어요! 처음엔 옆에서 아이스 아메리카노 먹을거라고 노래를 부르더니... 샹그리나점 <b>우베</b>라는 맛을 처음 먹어보는데 그냥 음 타로맛..? 살짝 되게 텁텁한 맛? 베이콜로지 빵학개론... "", ""bloggername"": ""Daily"", ""bloggerlink"": ""blog.naver.com/maximum_min"", ""postdate"": ""20260526""}"
우베,preset,우베,잠실 롯데월드몰 흑백요리사 베이커리 카페... ,https://blog.naver.com/mantecare0708/224297028848,20260526,5 <b>우베</b>라떼 7.5 요즘 핫한건 다 있네요 크림라떼 안먹어봤지만 맛있을거 같아요 크루아상 아몬드/우유 카스테라/에끌레어/에그타르트 말차크림 카스테라/피자빵/허니버터 마르게리타/소금빵 도넛 크룽지... ,빵만 먹고 살래,blog.naver.com/mantecare0708,naver_blog,우베,canonical,1.0,2026-05-26T11:02:57.061617+00:00,0,0,0,0,빵만 먹고 살래,5 <b>우베</b>라떼 7.5 요즘 핫한건 다 있네요 크림라떼 안먹어봤지만 맛있을거 같아요 크루아상 아몬드/우유 카스테라/에끌레어/에그타르트 말차크림 카스테라/피자빵/허니버터 마르게리타/소금빵 도넛 크룽지... ,"{""title"": ""잠실 롯데월드몰 흑백요리사 베이커리 카페... "", ""link"": ""https://blog.naver.com/mantecare0708/224297028848"", ""description"": ""5 <b>우베</b>라떼 7.5 요즘 핫한건 다 있네요 크림라떼 안먹어봤지만 맛있을거 같아요 크루아상 아몬드/우유 카스테라/에끌레어/에그타르트 말차크림 카스테라/피자빵/허니버터 마르게리타/소금빵 도넛 크룽지... "", ""bloggername"": ""빵만 먹고 살래"", ""bloggerlink"": ""blog.naver.com/mantecare0708"", ""postdate"": ""20260526""}"
우베,preset,우베,행궁동 디저트 맛집 오늘의치즈타르트 기념일 선물로 딱이자나?,https://blog.naver.com/rooney9325/224297026601,20260526,"더블 초코, 솔티드 캐러멜 고다, 허니아몬드 까망베르, 오리지널, 라즈베리 마스카포네, 애플시나몬브리, <b>우베</b>리 리코타 총 7가지의 타르트가 있는데 제가 구매한 메뉴로는 <b>우베</b>리 리코타, 애플시나몬브리... ",Always Lumin Pic,blog.naver.com/rooney9325,naver_blog,우베,canonical,1.0,2026-05-26T11:02:57.061617+00:00,0,0,0,0,Always Lumin Pic,"더블 초코, 솔티드 캐러멜 고다, 허니아몬드 까망베르, 오리지널, 라즈베리 마스카포네, 애플시나몬브리, <b>우베</b>리 리코타 총 7가지의 타르트가 있는데 제가 구매한 메뉴로는 <b>우베</b>리 리코타, 애플시나몬브리... ","{""title"": ""행궁동 디저트 맛집 오늘의치즈타르트 기념일 선물로 딱이자나?"", ""link"": ""https://blog.naver.com/rooney9325/224297026601"", ""description"": ""더블 초코, 솔티드 캐러멜 고다, 허니아몬드 까망베르, 오리지널, 라즈베리 마스카포네, 애플시나몬브리, <b>우베</b>리 리코타 총 7가지의 타르트가 있는데 제가 구매한 메뉴로는 <b>우베</b>리 리코타, 애플시나몬브리... "", ""bloggername"": ""Always Lumin Pic"", ""bloggerlink"": ""blog.naver.com/rooney9325"", ""postdate"": ""20260526""}"
우베,preset,우베,인류 최악의 감염병 ‘에볼라 바이러스’의 모든 것!,https://blog.naver.com/xmfpqkf/224297023461,20260526,"블루베리 생과를 챙겨 드시거나 최근 이색 웰빙 식재료로 떠오른 <b>우베</b>(Ube), 타로를 활용한 저당... 블루베리 <b>우베</b> 치사율 최고 90% ‘죽음의 바이러스’ 확산... WHO, 에볼라 사태 경고 매일경제 #에볼라바이러스... ",어류정,blog.naver.com/xmfpqkf,naver_blog,우베,canonical,1.0,2026-05-26T11:02:57.061617+00:00,0,0,0,0,어류정,"블루베리 생과를 챙겨 드시거나 최근 이색 웰빙 식재료로 떠오른 <b>우베</b>(Ube), 타로를 활용한 저당... 블루베리 <b>우베</b> 치사율 최고 90% ‘죽음의 바이러스’ 확산... WHO, 에볼라 사태 경고 매일경제 #에볼라바이러스... ","{""title"": ""인류 최악의 감염병 ‘에볼라 바이러스’의 모든 것!"", ""link"": ""https://blog.naver.com/xmfpqkf/224297023461"", ""description"": ""블루베리 생과를 챙겨 드시거나 최근 이색 웰빙 식재료로 떠오른 <b>우베</b>(Ube), 타로를 활용한 저당... 블루베리 <b>우베</b> 치사율 최고 90% ‘죽음의 바이러스’ 확산... WHO, 에볼라 사태 경고 매일경제 #에볼라바이러스... "", ""bloggername"": ""어류정"", ""bloggerlink"": ""blog.naver.com/xmfpqkf"", ""postdate"": ""20260526""}"
우베,preset,우베,022. 정신없이 4월을 살아낸 90년대생 늙크크의 뒤늦은 기록,https://blog.naver.com/nolgomukgo_zip/224297018757,20260526,아침에는 오빠가 끓여준 미역국에 밥 먹었고요 <b>우베</b>콜드브루 맛도리 팀홀튼 도넛 서걱서걱거리는 설탕 입자 개시름.. 낫 마이 스타일 뭐하지뭐하지 하다가 동생 블로그 보고 걍 손민수하는 나란 무계획형 인간... ,말이어멈과 외래집사의 블로그,blog.naver.com/nolgomukgo_zip,naver_blog,우베,canonical,1.0,2026-05-26T11:02:57.061617+00:00,0,0,0,0,말이어멈과 외래집사의 블로그,아침에는 오빠가 끓여준 미역국에 밥 먹었고요 <b>우베</b>콜드브루 맛도리 팀홀튼 도넛 서걱서걱거리는 설탕 입자 개시름.. 낫 마이 스타일 뭐하지뭐하지 하다가 동생 블로그 보고 걍 손민수하는 나란 무계획형 인간... ,"{""title"": ""022. 정신없이 4월을 살아낸 90년대생 늙크크의 뒤늦은 기록"", ""link"": ""https://blog.naver.com/nolgomukgo_zip/224297018757"", ""description"": ""아침에는 오빠가 끓여준 미역국에 밥 먹었고요 <b>우베</b>콜드브루 맛도리 팀홀튼 도넛 서걱서걱거리는 설탕 입자 개시름.. 낫 마이 스타일 뭐하지뭐하지 하다가 동생 블로그 보고 걍 손민수하는 나란 무계획형 인간... "", ""bloggername"": ""말이어멈과 외래집사의 블로그"", ""bloggerlink"": ""blog.naver.com/nolgomukgo_zip"", ""postdate"": ""20260526""}"
우베,preset,우베,"[서울/공릉] 공릉 카페::매버릭스테이(경춘선 숲길, 공리단길 카페)",https://blog.naver.com/hedonnia/224297018380,20260526,"☕ Coffee 스테이 시그니처 — 4,000원 스테이 스페셜 — 4,500원 에스프레소 — 4,000원 카페라떼 — 5,300원 스테이 바닐라라떼 — 5,800원 카라멜마끼아또 — 5,800원 <b>우베</b>바닐라라떼 — 6,000원 스테이... ",예쁜 카페 수집가,blog.naver.com/hedonnia,naver_blog,우베,canonical,1.0,2026-05-26T11:02:57.061617+00:00,0,0,0,0,예쁜 카페 수집가,"☕ Coffee 스테이 시그니처 — 4,000원 스테이 스페셜 — 4,500원 에스프레소 — 4,000원 카페라떼 — 5,300원 스테이 바닐라라떼 — 5,800원 카라멜마끼아또 — 5,800원 <b>우베</b>바닐라라떼 — 6,000원 스테이... ","{""title"": ""[서울/공릉] 공릉 카페::매버릭스테이(경춘선 숲길, 공리단길 카페)"", ""link"": ""https://blog.naver.com/hedonnia/224297018380"", ""description"": ""☕ Coffee 스테이 시그니처 — 4,000원 스테이 스페셜 — 4,500원 에스프레소 — 4,000원 카페라떼 — 5,300원 스테이 바닐라라떼 — 5,800원 카라멜마끼아또 — 5,800원 <b>우베</b>바닐라라떼 — 6,000원 스테이... "", ""bloggername"": ""예쁜 카페 수집가"", ""bloggerlink"": ""blog.naver.com/hedonnia"", ""postdate"": ""20260526""}"
우베,preset,우베,"[을지로3가역/중구] 연휴에 가기 좋은 힙지로 감성, 콘티뉴이티... ",https://blog.naver.com/hyun__322/224297015484,20260526,"두가지 모두 있어서 고민 없이 시켜봤어용 ✌ ☕️ 주문서 ☕ 아이스 아메리카노 5,000원 <b>우베</b>썸머라떼... 않았더라구용 #<b>우베</b>썸머라떼 의 <b>우베</b>는 자색고구마 계열인데요 해서 음료의 색도 보라색이고... ",핑공 일상 다여리,blog.naver.com/hyun__322,naver_blog,우베,canonical,1.0,2026-05-26T11:02:57.061617+00:00,0,0,0,0,핑공 일상 다여리,"두가지 모두 있어서 고민 없이 시켜봤어용 ✌ ☕️ 주문서 ☕ 아이스 아메리카노 5,000원 <b>우베</b>썸머라떼... 않았더라구용 #<b>우베</b>썸머라떼 의 <b>우베</b>는 자색고구마 계열인데요 해서 음료의 색도 보라색이고... ","{""title"": ""[을지로3가역/중구] 연휴에 가기 좋은 힙지로 감성, 콘티뉴이티... "", ""link"": ""https://blog.naver.com/hyun__322/224297015484"", ""description"": ""두가지 모두 있어서 고민 없이 시켜봤어용 ✌ ☕️ 주문서 ☕ 아이스 아메리카노 5,000원 <b>우베</b>썸머라떼... 않았더라구용 #<b>우베</b>썸머라떼 의 <b>우베</b>는 자색고구마 계열인데요 해서 음료의 색도 보라색이고... "", ""bloggername"": ""핑공 일상 다여리"", ""bloggerlink"": ""blog.naver.com/hyun__322"", ""postdate"": ""20260526""}"
우베,preset,우베,연막창 영천시청점,https://blog.naver.com/skwoqp100/224297013105,20260526,"유행하는 <b>우베</b>, 말차 맥주도 있었고 그 외에 막걸리부터 오디 수제 막창장, 마늘에 대한 설명이 적힌 포스터를 보면서 구경하는 재미가 있었습니다 구워진 단호박과 막장을 듬뿍 찍은 막창을 함께 먹으면... ",—̳͟͞͞♡,blog.naver.com/skwoqp100,naver_blog,우베,canonical,1.0,2026-05-26T11:02:57.061617+00:00,0,0,0,0,—̳͟͞͞♡,"유행하는 <b>우베</b>, 말차 맥주도 있었고 그 외에 막걸리부터 오디 수제 막창장, 마늘에 대한 설명이 적힌 포스터를 보면서 구경하는 재미가 있었습니다 구워진 단호박과 막장을 듬뿍 찍은 막창을 함께 먹으면... ","{""title"": ""연막창 영천시청점"", ""link"": ""https://blog.naver.com/skwoqp100/224297013105"", ""description"": ""유행하는 <b>우베</b>, 말차 맥주도 있었고 그 외에 막걸리부터 오디 수제 막창장, 마늘에 대한 설명이 적힌 포스터를 보면서 구경하는 재미가 있었습니다 구워진 단호박과 막장을 듬뿍 찍은 막창을 함께 먹으면... "", ""bloggername"": ""—̳͟͞͞♡"", ""bloggerlink"": ""blog.naver.com/skwoqp100"", ""postdate"": ""20260526""}"
우베,preset,우베,해운대역 해리단길 버터떡 찐맛집 스탠다드번 내돈내산 후기 주차,https://blog.naver.com/seven0408/224297012194,20260526,초코버터떡 <b>우베</b>라테 <b>우베</b>커피라텥 <b>우베</b>코코넛 상하이버터떡 두바이쫀득쿠키 딸기생크림번 얼그레이휘낭시에 플레인휘낭시에 오리지널모카번 솔트모카번 수플레번 갈릭크림치즈번 아이스크림... ,밀찡의 여행로그,blog.naver.com/seven0408,naver_blog,우베,canonical,1.0,2026-05-26T11:02:57.061617+00:00,0,0,0,0,밀찡의 여행로그,초코버터떡 <b>우베</b>라테 <b>우베</b>커피라텥 <b>우베</b>코코넛 상하이버터떡 두바이쫀득쿠키 딸기생크림번 얼그레이휘낭시에 플레인휘낭시에 오리지널모카번 솔트모카번 수플레번 갈릭크림치즈번 아이스크림... ,"{""title"": ""해운대역 해리단길 버터떡 찐맛집 스탠다드번 내돈내산 후기 주차"", ""link"": ""https://blog.naver.com/seven0408/224297012194"", ""description"": ""초코버터떡 <b>우베</b>라테 <b>우베</b>커피라텥 <b>우베</b>코코넛 상하이버터떡 두바이쫀득쿠키 딸기생크림번 얼그레이휘낭시에 플레인휘낭시에 오리지널모카번 솔트모카번 수플레번 갈릭크림치즈번 아이스크림... "", ""bloggername"": ""밀찡의 여행로그"", ""bloggerlink"": ""blog.naver.com/seven0408"", ""postdate"": ""20260526""}"
우베,preset,우베,부여 궁남지 카페 추천 분위기 좋은 카페온휴,https://blog.naver.com/so_seewty_hbro/224297008283,20260526,"먹어보자구요 <b>우베</b>는 자색고구마라고 하셔서 구황작물 좋아하시는 분들은 한번 드셔보시면 좋을것 같아요^^ 디저트류엔 크로플과 바스크 치즈케이크, 휘낭시에가 있어 당 떨어질 시간이라 같이... ",호브로와 함께 하고 싶은거 다하는 중,blog.naver.com/so_seewty_hbro,naver_blog,우베,canonical,1.0,2026-05-26T11:02:57.061617+00:00,0,0,0,0,호브로와 함께 하고 싶은거 다하는 중,"먹어보자구요 <b>우베</b>는 자색고구마라고 하셔서 구황작물 좋아하시는 분들은 한번 드셔보시면 좋을것 같아요^^ 디저트류엔 크로플과 바스크 치즈케이크, 휘낭시에가 있어 당 떨어질 시간이라 같이... ","{""title"": ""부여 궁남지 카페 추천 분위기 좋은 카페온휴"", ""link"": ""https://blog.naver.com/so_seewty_hbro/224297008283"", ""description"": ""먹어보자구요 <b>우베</b>는 자색고구마라고 하셔서 구황작물 좋아하시는 분들은 한번 드셔보시면 좋을것 같아요^^ 디저트류엔 크로플과 바스크 치즈케이크, 휘낭시에가 있어 당 떨어질 시간이라 같이... "", ""bloggername"": ""호브로와 함께 하고 싶은거 다하는 중"", ""bloggerlink"": ""blog.naver.com/so_seewty_hbro"", ""postdate"": ""20260526""}"
우베,preset,우베,던킨 <b>우베</b> 츄이스티,https://blog.naver.com/hapmi24/224297006154,20260526,전국으로 퍼지는 보라빛 달콤함 <b>우베</b> 츄이스티 전 가맹점 판매 확대! 쫀득한 식감의 츄이스티와 진한 달콤함의 <b>우베</b> 풍미가 만난 #<b>우베</b>_츄이스티 ! 예쁜 보라빛 비주얼에 달콤함까지 더해져... ,빵장‘s,blog.naver.com/hapmi24,naver_blog,우베,canonical,1.0,2026-05-26T11:02:57.061617+00:00,0,0,0,0,빵장‘s,전국으로 퍼지는 보라빛 달콤함 <b>우베</b> 츄이스티 전 가맹점 판매 확대! 쫀득한 식감의 츄이스티와 진한 달콤함의 <b>우베</b> 풍미가 만난 #<b>우베</b>_츄이스티 ! 예쁜 보라빛 비주얼에 달콤함까지 더해져... ,"{""title"": ""던킨 <b>우베</b> 츄이스티"", ""link"": ""https://blog.naver.com/hapmi24/224297006154"", ""description"": ""전국으로 퍼지는 보라빛 달콤함 <b>우베</b> 츄이스티 전 가맹점 판매 확대! 쫀득한 식감의 츄이스티와 진한 달콤함의 <b>우베</b> 풍미가 만난 #<b>우베</b>_츄이스티 ! 예쁜 보라빛 비주얼에 달콤함까지 더해져... "", ""bloggername"": ""빵장‘s"", ""bloggerlink"": ""blog.naver.com/hapmi24"", ""postdate"": ""20260526""}"
우베,preset,우베,토요일 토요일은 즐거워 | 부모님과 데이트한 날,https://blog.naver.com/stargals/224297004377,20260526,"밥 먹고 이동 없이 바로 카페 갈 수 있는 몬드리안 너무 좋음ㅋㅋ 고민하다 <b>우베</b>라떼를 시켜봤는데, 색은 정말 예쁜데 생각보다 <b>우베</b> 맛은 진하지 않아서 조금 아쉬웠다 어느 정도 쉬다가 엄마가 가고 싶어했던... ",Jiya’s Archive,blog.naver.com/stargals,naver_blog,우베,canonical,1.0,2026-05-26T11:02:57.061617+00:00,0,0,0,0,Jiya’s Archive,"밥 먹고 이동 없이 바로 카페 갈 수 있는 몬드리안 너무 좋음ㅋㅋ 고민하다 <b>우베</b>라떼를 시켜봤는데, 색은 정말 예쁜데 생각보다 <b>우베</b> 맛은 진하지 않아서 조금 아쉬웠다 어느 정도 쉬다가 엄마가 가고 싶어했던... ","{""title"": ""토요일 토요일은 즐거워 | 부모님과 데이트한 날"", ""link"": ""https://blog.naver.com/stargals/224297004377"", ""description"": ""밥 먹고 이동 없이 바로 카페 갈 수 있는 몬드리안 너무 좋음ㅋㅋ 고민하다 <b>우베</b>라떼를 시켜봤는데, 색은 정말 예쁜데 생각보다 <b>우베</b> 맛은 진하지 않아서 조금 아쉬웠다 어느 정도 쉬다가 엄마가 가고 싶어했던... "", ""bloggername"": ""Jiya’s Archive"", ""bloggerlink"": ""blog.naver.com/stargals"", ""postdate"": ""20260526""}"
우베,preset,우베,정자동 맛집 카페 수원 카페 버터떡 정자동 카페 버터떡 카페... ,https://blog.naver.com/sksksk7487/224297004646,20260526,o(*￣▽￣*)ブ <b>우베</b>가 요즘 유행이라면서요 ~??? 요즘 유행하는 음료 및 디저트는 이곳 카페 머무름에서 다 볼 수 있어서 신기하기도했어요 수제 두바이 쫀득쿠키도 있네요 o(*￣▽￣*)ブ 시나몬롤페스츄리... ,블롱그❤️,blog.naver.com/sksksk7487,naver_blog,우베,canonical,1.0,2026-05-26T11:02:57.061617+00:00,0,0,0,0,블롱그❤️,o(*￣▽￣*)ブ <b>우베</b>가 요즘 유행이라면서요 ~??? 요즘 유행하는 음료 및 디저트는 이곳 카페 머무름에서 다 볼 수 있어서 신기하기도했어요 수제 두바이 쫀득쿠키도 있네요 o(*￣▽￣*)ブ 시나몬롤페스츄리... ,"{""title"": ""정자동 맛집 카페 수원 카페 버터떡 정자동 카페 버터떡 카페... "", ""link"": ""https://blog.naver.com/sksksk7487/224297004646"", ""description"": ""o(*￣▽￣*)ブ <b>우베</b>가 요즘 유행이라면서요 ~??? 요즘 유행하는 음료 및 디저트는 이곳 카페 머무름에서 다 볼 수 있어서 신기하기도했어요 수제 두바이 쫀득쿠키도 있네요 o(*￣▽￣*)ブ 시나몬롤페스츄리... "", ""bloggername"": ""블롱그❤️"", ""bloggerlink"": ""blog.naver.com/sksksk7487"", ""postdate"": ""20260526""}"
우베,preset,우베,"언산언돈 압구정 빵 솔직후기 | 부케드뺑, 이웃집 통통이... ",https://blog.naver.com/luminouscongee/224297003480,20260526,"양즈깐루 베이글샌드랑 제철과일 <b>우베</b>맛 베이글샌드 두개를 꼽아 엄청 고민햇숩니다 부케드뺑에서 상하이 모찌를 고르고 난 뒤라 제철과일 <b>우베</b>맛 베이글 샌드를 사와달라 부탁했구요,, 완전 보라보라한 크림!!... ",햅삐한 일상 :),blog.naver.com/luminouscongee,naver_blog,우베,canonical,1.0,2026-05-26T11:02:57.061617+00:00,0,0,0,0,햅삐한 일상 :),"양즈깐루 베이글샌드랑 제철과일 <b>우베</b>맛 베이글샌드 두개를 꼽아 엄청 고민햇숩니다 부케드뺑에서 상하이 모찌를 고르고 난 뒤라 제철과일 <b>우베</b>맛 베이글 샌드를 사와달라 부탁했구요,, 완전 보라보라한 크림!!... ","{""title"": ""언산언돈 압구정 빵 솔직후기 | 부케드뺑, 이웃집 통통이... "", ""link"": ""https://blog.naver.com/luminouscongee/224297003480"", ""description"": ""양즈깐루 베이글샌드랑 제철과일 <b>우베</b>맛 베이글샌드 두개를 꼽아 엄청 고민햇숩니다 부케드뺑에서 상하이 모찌를 고르고 난 뒤라 제철과일 <b>우베</b>맛 베이글 샌드를 사와달라 부탁했구요,, 완전 보라보라한 크림!!... "", ""bloggername"": ""햅삐한 일상 :)"", ""bloggerlink"": ""blog.naver.com/luminouscongee"", ""postdate"": ""20260526""}"
우베,preset,우베,25.12 ~ 26.5 무려 반년일기,https://blog.naver.com/wls9265/224297002520,20260526,귀여워 ㅜ 옥경이네 기다리면서 지나가는 시민1일때는 개깝치면서 인터뷰 해달라니까 벙어리들 되었음 ㅋㅋㅋㅋㅋㅋㅋㅋㅋㅋㅋㅋㅋㅋㅋㅋㅋㅋㅋㅋㅋㅋㅋㅋ 옥경이네 + 스벅 <b>우베</b> 치즈케익 + 코르티짭... ,영진 블록,blog.naver.com/wls9265,naver_blog,우베,canonical,1.0,2026-05-26T11:02:57.061617+00:00,0,0,0,0,영진 블록,귀여워 ㅜ 옥경이네 기다리면서 지나가는 시민1일때는 개깝치면서 인터뷰 해달라니까 벙어리들 되었음 ㅋㅋㅋㅋㅋㅋㅋㅋㅋㅋㅋㅋㅋㅋㅋㅋㅋㅋㅋㅋㅋㅋㅋㅋ 옥경이네 + 스벅 <b>우베</b> 치즈케익 + 코르티짭... ,"{""title"": ""25.12 ~ 26.5 무려 반년일기"", ""link"": ""https://blog.naver.com/wls9265/224297002520"", ""description"": ""귀여워 ㅜ 옥경이네 기다리면서 지나가는 시민1일때는 개깝치면서 인터뷰 해달라니까 벙어리들 되었음 ㅋㅋㅋㅋㅋㅋㅋㅋㅋㅋㅋㅋㅋㅋㅋㅋㅋㅋㅋㅋㅋㅋㅋㅋ 옥경이네 + 스벅 <b>우베</b> 치즈케익 + 코르티짭... "", ""bloggername"": ""영진 블록"", ""bloggerlink"": ""blog.naver.com/wls9265"", ""postdate"": ""20260526""}"
우베,preset,우베,디저트39 <b>우베</b>버터떡 고구마 바닐라향이 은은하게 나는 바삭... ,https://blog.naver.com/munisac58/224296998478,20260526,디저트39 <b>우베</b>버터떡 고구마 바닐라향이 은은하게 나는 바삭 쫄깃한 간식 을 오랜만에 치팅데이처럼... 디저트39 <b>우베</b>버터떡 고구마 바닐라향이 은은하게 나는 바삭 쫄깃한 간식 의 단품의 금액은 7800원인데요... ,여행하며 돈버는 디지털마케터,blog.naver.com/munisac58,naver_blog,우베,canonical,1.0,2026-05-26T11:02:57.061617+00:00,0,0,0,0,여행하며 돈버는 디지털마케터,디저트39 <b>우베</b>버터떡 고구마 바닐라향이 은은하게 나는 바삭 쫄깃한 간식 을 오랜만에 치팅데이처럼... 디저트39 <b>우베</b>버터떡 고구마 바닐라향이 은은하게 나는 바삭 쫄깃한 간식 의 단품의 금액은 7800원인데요... ,"{""title"": ""디저트39 <b>우베</b>버터떡 고구마 바닐라향이 은은하게 나는 바삭... "", ""link"": ""https://blog.naver.com/munisac58/224296998478"", ""description"": ""디저트39 <b>우베</b>버터떡 고구마 바닐라향이 은은하게 나는 바삭 쫄깃한 간식 을 오랜만에 치팅데이처럼... 디저트39 <b>우베</b>버터떡 고구마 바닐라향이 은은하게 나는 바삭 쫄깃한 간식 의 단품의 금액은 7800원인데요... "", ""bloggername"": ""여행하며 돈버는 디지털마케터"", ""bloggerlink"": ""blog.naver.com/munisac58"", ""postdate"": ""20260526""}"
우베,preset,우베,5월 일상 브롱스브루잉컴퍼니 광안리BP점 까사부사노 <b>우베</b>... ,https://blog.naver.com/cheri2233/224296997758,20260526,"요즘 유행이라는 <b>우베</b>라인 주문했어요. '<b>우베</b>크림라떼'입니다. 보라색 <b>우베</b>'자색고구마'의 구수한 달콤함과 쌉싸름하고 진한 에스프레소, 그리고 위에 올라간 쫀쫀한 크림의 조화를 맛볼 수 있습니다. 빨대를... ",그림쟁이,blog.naver.com/cheri2233,naver_blog,우베,canonical,1.0,2026-05-26T11:02:57.061617+00:00,0,0,0,0,그림쟁이,"요즘 유행이라는 <b>우베</b>라인 주문했어요. '<b>우베</b>크림라떼'입니다. 보라색 <b>우베</b>'자색고구마'의 구수한 달콤함과 쌉싸름하고 진한 에스프레소, 그리고 위에 올라간 쫀쫀한 크림의 조화를 맛볼 수 있습니다. 빨대를... ","{""title"": ""5월 일상 브롱스브루잉컴퍼니 광안리BP점 까사부사노 <b>우베</b>... "", ""link"": ""https://blog.naver.com/cheri2233/224296997758"", ""description"": ""요즘 유행이라는 <b>우베</b>라인 주문했어요. '<b>우베</b>크림라떼'입니다. 보라색 <b>우베</b>'자색고구마'의 구수한 달콤함과 쌉싸름하고 진한 에스프레소, 그리고 위에 올라간 쫀쫀한 크림의 조화를 맛볼 수 있습니다. 빨대를... "", ""bloggername"": ""그림쟁이"", ""bloggerlink"": ""blog.naver.com/cheri2233"", ""postdate"": ""20260526""}"
우베,preset,우베,빽다방 신메뉴 생크림 <b>우베</b>라떼 먹어봄! <b>우베</b> 카페인 칼로리,https://blog.naver.com/louloulou_/224296995344,20260526,오늘은 빽다방 신메뉴인 생크림 <b>우베</b>라떼를 내돈내산으로 먹어봤어요! <b>우베</b>는 자색 마 종류 식재료라고 해욥 저는 <b>우베</b>가 뭔지 몰라서 일단 도전해봤는데요.. 제 개인적 취향으로는 불호였어요..ㅠㅠ... ,멍멍씨의 맛집산책,blog.naver.com/louloulou_,naver_blog,우베,canonical,1.0,2026-05-26T11:02:57.061617+00:00,0,0,0,0,멍멍씨의 맛집산책,오늘은 빽다방 신메뉴인 생크림 <b>우베</b>라떼를 내돈내산으로 먹어봤어요! <b>우베</b>는 자색 마 종류 식재료라고 해욥 저는 <b>우베</b>가 뭔지 몰라서 일단 도전해봤는데요.. 제 개인적 취향으로는 불호였어요..ㅠㅠ... ,"{""title"": ""빽다방 신메뉴 생크림 <b>우베</b>라떼 먹어봄! <b>우베</b> 카페인 칼로리"", ""link"": ""https://blog.naver.com/louloulou_/224296995344"", ""description"": ""오늘은 빽다방 신메뉴인 생크림 <b>우베</b>라떼를 내돈내산으로 먹어봤어요! <b>우베</b>는 자색 마 종류 식재료라고 해욥 저는 <b>우베</b>가 뭔지 몰라서 일단 도전해봤는데요.. 제 개인적 취향으로는 불호였어요..ㅠㅠ... "", ""bloggername"": ""멍멍씨의 맛집산책"", ""bloggerlink"": ""blog.naver.com/louloulou_"", ""postdate"": ""20260526""}"
우베,preset,우베,가장 분위기 좋게 즐길 수 있는 야장 맛집 BEST 4,https://blog.naver.com/cheeky_chicken/224296994398,20260526,"커피는 물론 <b>우베</b> 같은 트렌디한 음료부터 브런치, 피자, 와인까지 다양하게 즐길 수 있어 시간대 상관없이 방문하기 좋은 공간이다. 여기에 이탈리안 셰프 로렌조가 매장에서 직접 만드는 디저트들까지 함께... ",살아보자고,blog.naver.com/cheeky_chicken,naver_blog,우베,canonical,1.0,2026-05-26T11:02:57.061617+00:00,0,0,0,0,살아보자고,"커피는 물론 <b>우베</b> 같은 트렌디한 음료부터 브런치, 피자, 와인까지 다양하게 즐길 수 있어 시간대 상관없이 방문하기 좋은 공간이다. 여기에 이탈리안 셰프 로렌조가 매장에서 직접 만드는 디저트들까지 함께... ","{""title"": ""가장 분위기 좋게 즐길 수 있는 야장 맛집 BEST 4"", ""link"": ""https://blog.naver.com/cheeky_chicken/224296994398"", ""description"": ""커피는 물론 <b>우베</b> 같은 트렌디한 음료부터 브런치, 피자, 와인까지 다양하게 즐길 수 있어 시간대 상관없이 방문하기 좋은 공간이다. 여기에 이탈리안 셰프 로렌조가 매장에서 직접 만드는 디저트들까지 함께... "", ""bloggername"": ""살아보자고"", ""bloggerlink"": ""blog.naver.com/cheeky_chicken"", ""postdate"": ""20260526""}"
우베,preset,우베,마곡역 카페 라크레마 작업하기 좋은 숨은 카페,https://blog.naver.com/jgk02055wh/224296992364,20260526,"<b>우베</b>카페라떼 판매! 그리고 키오스크가 있어서 다양한 메뉴들을 사진을 보면서 초이스 할 수 있었어요!ㅎㅎ 마곡 카페 라크레마는 혼자 방문해서 작업하기도 좋고, 친구랑 수다 떨기에도 부담 없는... ",인생은 쀼민갱처럼 :),blog.naver.com/jgk02055wh,naver_blog,우베,canonical,1.0,2026-05-26T11:02:57.061617+00:00,0,0,0,0,인생은 쀼민갱처럼 :),"<b>우베</b>카페라떼 판매! 그리고 키오스크가 있어서 다양한 메뉴들을 사진을 보면서 초이스 할 수 있었어요!ㅎㅎ 마곡 카페 라크레마는 혼자 방문해서 작업하기도 좋고, 친구랑 수다 떨기에도 부담 없는... ","{""title"": ""마곡역 카페 라크레마 작업하기 좋은 숨은 카페"", ""link"": ""https://blog.naver.com/jgk02055wh/224296992364"", ""description"": ""<b>우베</b>카페라떼 판매! 그리고 키오스크가 있어서 다양한 메뉴들을 사진을 보면서 초이스 할 수 있었어요!ㅎㅎ 마곡 카페 라크레마는 혼자 방문해서 작업하기도 좋고, 친구랑 수다 떨기에도 부담 없는... "", ""bloggername"": ""인생은 쀼민갱처럼 :)"", ""bloggerlink"": ""blog.naver.com/jgk02055wh"", ""postdate"": ""20260526""}"
우베,preset,우베,"막걸리 프랜차이즈 창업, 막걸리가 저절로 팔리는 구조... ",https://blog.naver.com/multiple77108/224296973500,20260526,"할매기름집은 최근 <b>우베</b> 막걸리와 말차 막걸리 신메뉴를 선보였습니다. <b>우베</b>는 보라색 고구마로 알려진 재료이고, 말차는 2030 세대에게도 익숙한 트렌디한 맛입니다. 이 두 가지를 막걸리에 접목했다는 점이... ",경기가 힘들 때 버틸 수 있는 장사,blog.naver.com/multiple77108,naver_blog,우베,canonical,1.0,2026-05-26T11:02:57.061617+00:00,0,0,0,0,경기가 힘들 때 버틸 수 있는 장사,"할매기름집은 최근 <b>우베</b> 막걸리와 말차 막걸리 신메뉴를 선보였습니다. <b>우베</b>는 보라색 고구마로 알려진 재료이고, 말차는 2030 세대에게도 익숙한 트렌디한 맛입니다. 이 두 가지를 막걸리에 접목했다는 점이... ","{""title"": ""막걸리 프랜차이즈 창업, 막걸리가 저절로 팔리는 구조... "", ""link"": ""https://blog.naver.com/multiple77108/224296973500"", ""description"": ""할매기름집은 최근 <b>우베</b> 막걸리와 말차 막걸리 신메뉴를 선보였습니다. <b>우베</b>는 보라색 고구마로 알려진 재료이고, 말차는 2030 세대에게도 익숙한 트렌디한 맛입니다. 이 두 가지를 막걸리에 접목했다는 점이... "", ""bloggername"": ""경기가 힘들 때 버틸 수 있는 장사"", ""bloggerlink"": ""blog.naver.com/multiple77108"", ""postdate"": ""20260526""}"
우베,preset,ube,"✨ 지금 전 세계가 주목하는 우베파우더, 우리가 먼저... ",https://blog.naver.com/xldpflgudrn/224297141559,20260526,"케이크, 라떼, 아이스크림, 마카롱… 그 신비로운 보라빛의 정체는 바로 우베(<b>Ube</b>) 입니다. 필리핀에서... ━━━━━━━━━━━━━━━━━━━━━━━━━━━━━━ 우베(<b>Ube</b>)는 필리핀 원산의 자색... ",FORTE 무역,blog.naver.com/xldpflgudrn,naver_blog,ube,alias,1.0,2026-05-26T11:02:57.061617+00:00,0,0,0,0,FORTE 무역,"케이크, 라떼, 아이스크림, 마카롱… 그 신비로운 보라빛의 정체는 바로 우베(<b>Ube</b>) 입니다. 필리핀에서... ━━━━━━━━━━━━━━━━━━━━━━━━━━━━━━ 우베(<b>Ube</b>)는 필리핀 원산의 자색... ","{""title"": ""✨ 지금 전 세계가 주목하는 우베파우더, 우리가 먼저... "", ""link"": ""https://blog.naver.com/xldpflgudrn/224297141559"", ""description"": ""케이크, 라떼, 아이스크림, 마카롱… 그 신비로운 보라빛의 정체는 바로 우베(<b>Ube</b>) 입니다. 필리핀에서... ━━━━━━━━━━━━━━━━━━━━━━━━━━━━━━ 우베(<b>Ube</b>)는 필리핀 원산의 자색... "", ""bloggername"": ""FORTE 무역"", ""bloggerlink"": ""blog.naver.com/xldpflgudrn"", ""postdate"": ""20260526""}"
우베,preset,ube,우베 보라색 열풍 그 뒤에 숨겨진 진짜 맛과 인기 비결,https://blog.naver.com/pshoewer/224296341822,20260526,"바로 '우베(<b>Ube</b>)'를 활용한 메뉴들인데요. 톡톡 튀는 비주얼 덕분에 사진 찍기에도 좋고, 맛도 궁금하다는 분들이 많더라고요. 그런데 이 우베라는 것이 도대체 무엇인지, 왜 이렇게 갑자기 인기를 얻게 된 건지... ",그래 미쳐보는거다,blog.naver.com/pshoewer,naver_blog,ube,alias,1.0,2026-05-26T11:02:57.061617+00:00,0,0,0,0,그래 미쳐보는거다,"바로 '우베(<b>Ube</b>)'를 활용한 메뉴들인데요. 톡톡 튀는 비주얼 덕분에 사진 찍기에도 좋고, 맛도 궁금하다는 분들이 많더라고요. 그런데 이 우베라는 것이 도대체 무엇인지, 왜 이렇게 갑자기 인기를 얻게 된 건지... ","{""title"": ""우베 보라색 열풍 그 뒤에 숨겨진 진짜 맛과 인기 비결"", ""link"": ""https://blog.naver.com/pshoewer/224296341822"", ""description"": ""바로 '우베(<b>Ube</b>)'를 활용한 메뉴들인데요. 톡톡 튀는 비주얼 덕분에 사진 찍기에도 좋고, 맛도 궁금하다는 분들이 많더라고요. 그런데 이 우베라는 것이 도대체 무엇인지, 왜 이렇게 갑자기 인기를 얻게 된 건지... "", ""bloggername"": ""그래 미쳐보는거다"", ""bloggerlink"": ""blog.naver.com/pshoewer"", ""postdate"": ""20260526""}"
우베,preset,ube,"우베 뜻과 맛, 효능 완벽 정리! 타로 자색고구마 차이점",https://blog.naver.com/sogool/224296958740,20260526,"&quot;라고 생각하시지만, 최근 디저트계를 강타한 이 보라색 식재료의 정체는 바로 '우베(<b>Ube</b>)'입니다.... 우베(<b>Ube</b>)란 도대체 무슨 뜻인가요? 정답: 필리핀 등 동남아시아에서 자라는 '보라색 참마(Purple Yam)'를 뜻하는... ",생활지식 저장소,blog.naver.com/sogool,naver_blog,ube,alias,1.0,2026-05-26T11:02:57.061617+00:00,0,0,0,0,생활지식 저장소,"&quot;라고 생각하시지만, 최근 디저트계를 강타한 이 보라색 식재료의 정체는 바로 '우베(<b>Ube</b>)'입니다.... 우베(<b>Ube</b>)란 도대체 무슨 뜻인가요? 정답: 필리핀 등 동남아시아에서 자라는 '보라색 참마(Purple Yam)'를 뜻하는... ","{""title"": ""우베 뜻과 맛, 효능 완벽 정리! 타로 자색고구마 차이점"", ""link"": ""https://blog.naver.com/sogool/224296958740"", ""description"": ""&quot;라고 생각하시지만, 최근 디저트계를 강타한 이 보라색 식재료의 정체는 바로 '우베(<b>Ube</b>)'입니다.... 우베(<b>Ube</b>)란 도대체 무슨 뜻인가요? 정답: 필리핀 등 동남아시아에서 자라는 '보라색 참마(Purple Yam)'를 뜻하는... "", ""bloggername"": ""생활지식 저장소"", ""bloggerlink"": ""blog.naver.com/sogool"", ""postdate"": ""20260526""}"
우베,preset,ube,우베 뜻 알고 드시나요? 보라색 디저트 열풍의 진짜 이유와 맛... ,https://blog.naver.com/tmdwns04281/224297007403,20260526,"바로 '우베(<b>Ube</b>)'라는 낯선 식재료였는데요. 도대체 언제부터 이 보라색 열풍이 시작된 건지, 저처럼... 구분 우베 (<b>Ube</b>) 타로 (Taro) 자색고구마 분류 참마과 토란과 메꽃과 (고구마) 색상 매우 짙은 선명한 보라색... ",뚜니의 일상사전,blog.naver.com/tmdwns04281,naver_blog,ube,alias,1.0,2026-05-26T11:02:57.061617+00:00,0,0,0,0,뚜니의 일상사전,"바로 '우베(<b>Ube</b>)'라는 낯선 식재료였는데요. 도대체 언제부터 이 보라색 열풍이 시작된 건지, 저처럼... 구분 우베 (<b>Ube</b>) 타로 (Taro) 자색고구마 분류 참마과 토란과 메꽃과 (고구마) 색상 매우 짙은 선명한 보라색... ","{""title"": ""우베 뜻 알고 드시나요? 보라색 디저트 열풍의 진짜 이유와 맛... "", ""link"": ""https://blog.naver.com/tmdwns04281/224297007403"", ""description"": ""바로 '우베(<b>Ube</b>)'라는 낯선 식재료였는데요. 도대체 언제부터 이 보라색 열풍이 시작된 건지, 저처럼... 구분 우베 (<b>Ube</b>) 타로 (Taro) 자색고구마 분류 참마과 토란과 메꽃과 (고구마) 색상 매우 짙은 선명한 보라색... "", ""bloggername"": ""뚜니의 일상사전"", ""bloggerlink"": ""blog.naver.com/tmdwns04281"", ""postdate"": ""20260526""}"
우베,preset,ube,폴바셋 신메뉴 추천 2026 라벤더 퍼플 시즌 완벽 리뷰... ,https://blog.naver.com/bsh9656/224297069406,20260526,"우베(<b>Ube</b>)는 보라색 참마로, 고구마보다 단맛이 절제돼 있고 바닐라와 견과류를 섞어놓은 것 같은 독특한 향미가 매력적이에요. 기존 바닐라 라떼보다 개성이 있으면서도 과하지 않아서 적당한 달달함을 찾는... ",있는 그대로의 나,blog.naver.com/bsh9656,naver_blog,ube,alias,1.0,2026-05-26T11:02:57.061617+00:00,0,0,0,0,있는 그대로의 나,"우베(<b>Ube</b>)는 보라색 참마로, 고구마보다 단맛이 절제돼 있고 바닐라와 견과류를 섞어놓은 것 같은 독특한 향미가 매력적이에요. 기존 바닐라 라떼보다 개성이 있으면서도 과하지 않아서 적당한 달달함을 찾는... ","{""title"": ""폴바셋 신메뉴 추천 2026 라벤더 퍼플 시즌 완벽 리뷰... "", ""link"": ""https://blog.naver.com/bsh9656/224297069406"", ""description"": ""우베(<b>Ube</b>)는 보라색 참마로, 고구마보다 단맛이 절제돼 있고 바닐라와 견과류를 섞어놓은 것 같은 독특한 향미가 매력적이에요. 기존 바닐라 라떼보다 개성이 있으면서도 과하지 않아서 적당한 달달함을 찾는... "", ""bloggername"": ""있는 그대로의 나"", ""bloggerlink"": ""blog.naver.com/bsh9656"", ""postdate"": ""20260526""}"
우베,preset,ube,안산 대부도 오션뷰카페 추천 | 누워서 힐링 가능한 구봉도... ,https://blog.naver.com/rose70214/224297059575,20260526,"후기들 보니까 달달한 디저트 느낌으로 많이 드시더라구요   상하목장 아이스크림 (<b>Ube</b>) 6,000원 5월 한정으로 우베(<b>Ube</b>) 맛이 제공되고 있었어요! 자색고구마 느낌의 달달한 풍미가 특징인데 색감이 너무... ",Effort,blog.naver.com/rose70214,naver_blog,ube,alias,1.0,2026-05-26T11:02:57.061617+00:00,0,0,0,0,Effort,"후기들 보니까 달달한 디저트 느낌으로 많이 드시더라구요   상하목장 아이스크림 (<b>Ube</b>) 6,000원 5월 한정으로 우베(<b>Ube</b>) 맛이 제공되고 있었어요! 자색고구마 느낌의 달달한 풍미가 특징인데 색감이 너무... ","{""title"": ""안산 대부도 오션뷰카페 추천 | 누워서 힐링 가능한 구봉도... "", ""link"": ""https://blog.naver.com/rose70214/224297059575"", ""description"": ""후기들 보니까 달달한 디저트 느낌으로 많이 드시더라구요   상하목장 아이스크림 (<b>Ube</b>) 6,000원 5월 한정으로 우베(<b>Ube</b>) 맛이 제공되고 있었어요! 자색고구마 느낌의 달달한 풍미가 특징인데 색감이 너무... "", ""bloggername"": ""Effort"", ""bloggerlink"": ""blog.naver.com/rose70214"", ""postdate"": ""20260526""}"
우베,preset,ube,인류 최악의 감염병 ‘에볼라 바이러스’의 모든 것!,https://blog.naver.com/xmfpqkf/224297023461,20260526,"블루베리 생과를 챙겨 드시거나 최근 이색 웰빙 식재료로 떠오른 우베(<b>Ube</b>), 타로를 활용한 저당 디저트를 즐기면 세포 면역력을 높이는 데 큰 도움을 줍니다. 간 해독과 피로 예방 체내로 침투한 독소를... ",어류정,blog.naver.com/xmfpqkf,naver_blog,ube,alias,1.0,2026-05-26T11:02:57.061617+00:00,0,0,0,0,어류정,"블루베리 생과를 챙겨 드시거나 최근 이색 웰빙 식재료로 떠오른 우베(<b>Ube</b>), 타로를 활용한 저당 디저트를 즐기면 세포 면역력을 높이는 데 큰 도움을 줍니다. 간 해독과 피로 예방 체내로 침투한 독소를... ","{""title"": ""인류 최악의 감염병 ‘에볼라 바이러스’의 모든 것!"", ""link"": ""https://blog.naver.com/xmfpqkf/224297023461"", ""description"": ""블루베리 생과를 챙겨 드시거나 최근 이색 웰빙 식재료로 떠오른 우베(<b>Ube</b>), 타로를 활용한 저당 디저트를 즐기면 세포 면역력을 높이는 데 큰 도움을 줍니다. 간 해독과 피로 예방 체내로 침투한 독소를... "", ""bloggername"": ""어류정"", ""bloggerlink"": ""blog.naver.com/xmfpqkf"", ""postdate"": ""20260526""}"
우베,preset,ube,“MRI는 좁아 보이는데 꼭 수술해야 할까요?”요추... ,https://blog.naver.com/ns_hjs/224297008249,20260526,척추내시경 수술 (<b>UBE</b>) 장점: 실제 압박 구조 제거 가능 디스크/협착 직접 감압 가능 비교적 작은 절개 단점: 수술 부담 존재 회복기간 필요 마취 및 수술 관련 위험 고려 필요 중요한 것은 “MRI만 보지 않는... ,한정수의 척추이야기,blog.naver.com/ns_hjs,naver_blog,ube,alias,1.0,2026-05-26T11:02:57.061617+00:00,0,0,0,0,한정수의 척추이야기,척추내시경 수술 (<b>UBE</b>) 장점: 실제 압박 구조 제거 가능 디스크/협착 직접 감압 가능 비교적 작은 절개 단점: 수술 부담 존재 회복기간 필요 마취 및 수술 관련 위험 고려 필요 중요한 것은 “MRI만 보지 않는... ,"{""title"": ""“MRI는 좁아 보이는데 꼭 수술해야 할까요?”요추... "", ""link"": ""https://blog.naver.com/ns_hjs/224297008249"", ""description"": ""척추내시경 수술 (<b>UBE</b>) 장점: 실제 압박 구조 제거 가능 디스크/협착 직접 감압 가능 비교적 작은 절개 단점: 수술 부담 존재 회복기간 필요 마취 및 수술 관련 위험 고려 필요 중요한 것은 “MRI만 보지 않는... "", ""bloggername"": ""한정수의 척추이야기"", ""bloggerlink"": ""blog.naver.com/ns_hjs"", ""postdate"": ""20260526""}"
우베,preset,ube,우베 뜻과 효능,https://blog.naver.com/usanalove324/224296973838,20260526,우베 (<b>Ube</b>): 마과에 속하며 천연 상태 그대로 진한 자줏빛을 유지해요. 타로보다 질감이 훨씬 부드럽고... 우베 라떼 (<b>Ube</b> Latte) 우베 페이스트나 파우더를 따뜻하거나 차가운 우유와 섞어 만드는 가장 대중적인... ,유사나 헬씨 라이프,blog.naver.com/usanalove324,naver_blog,ube,alias,1.0,2026-05-26T11:02:57.061617+00:00,0,0,0,0,유사나 헬씨 라이프,우베 (<b>Ube</b>): 마과에 속하며 천연 상태 그대로 진한 자줏빛을 유지해요. 타로보다 질감이 훨씬 부드럽고... 우베 라떼 (<b>Ube</b> Latte) 우베 페이스트나 파우더를 따뜻하거나 차가운 우유와 섞어 만드는 가장 대중적인... ,"{""title"": ""우베 뜻과 효능"", ""link"": ""https://blog.naver.com/usanalove324/224296973838"", ""description"": ""우베 (<b>Ube</b>): 마과에 속하며 천연 상태 그대로 진한 자줏빛을 유지해요. 타로보다 질감이 훨씬 부드럽고... 우베 라떼 (<b>Ube</b> Latte) 우베 페이스트나 파우더를 따뜻하거나 차가운 우유와 섞어 만드는 가장 대중적인... "", ""bloggername"": ""유사나 헬씨 라이프"", ""bloggerlink"": ""blog.naver.com/usanalove324"", ""postdate"": ""20260526""}"
우베,preset,ube,"척추전담팀 이동현 원장, CASMISS서 고난도 상부 요추... ",https://blog.naver.com/snu651/224296918752,20260526,"안녕하세요. SNU서울병원입니다. 지난 5월 15일(금)부터 16(토)까지, 카자흐스탄 아스타나에서 개최된 '제4회 중앙아시아 척추 내시경 및 최소침습 학술대회(CASMISS, Central Asian Spine Endoscopy and Minimal... ",SNU서울병원 공식 블로그,blog.naver.com/snu651,naver_blog,ube,alias,1.0,2026-05-26T11:02:57.061617+00:00,0,0,0,0,SNU서울병원 공식 블로그,"안녕하세요. SNU서울병원입니다. 지난 5월 15일(금)부터 16(토)까지, 카자흐스탄 아스타나에서 개최된 '제4회 중앙아시아 척추 내시경 및 최소침습 학술대회(CASMISS, Central Asian Spine Endoscopy and Minimal... ","{""title"": ""척추전담팀 이동현 원장, CASMISS서 고난도 상부 요추... "", ""link"": ""https://blog.naver.com/snu651/224296918752"", ""description"": ""안녕하세요. SNU서울병원입니다. 지난 5월 15일(금)부터 16(토)까지, 카자흐스탄 아스타나에서 개최된 '제4회 중앙아시아 척추 내시경 및 최소침습 학술대회(CASMISS, Central Asian Spine Endoscopy and Minimal... "", ""bloggername"": ""SNU서울병원 공식 블로그"", ""bloggerlink"": ""blog.naver.com/snu651"", ""postdate"": ""20260526""}"
우베,preset,ube,GS 편의점 신상 디저트 리뷰,https://blog.naver.com/bethoumyvision91/224296866116,20260526,요즘 디저트계에서 은근 자주 보이는 “우베(<b>Ube</b>)”! 보라색 비주얼 때문에 SNS에서도 많이 보이길래 저도 궁금해서 편의점에서 하나 집어와봤어요  바로 박스케이크 우베(Boxcake <b>Ube</b>) 입니다. 제품 정보 * 제품명... ,watch and heal,blog.naver.com/bethoumyvision91,naver_blog,ube,alias,1.0,2026-05-26T11:02:57.061617+00:00,0,0,0,0,watch and heal,요즘 디저트계에서 은근 자주 보이는 “우베(<b>Ube</b>)”! 보라색 비주얼 때문에 SNS에서도 많이 보이길래 저도 궁금해서 편의점에서 하나 집어와봤어요  바로 박스케이크 우베(Boxcake <b>Ube</b>) 입니다. 제품 정보 * 제품명... ,"{""title"": ""GS 편의점 신상 디저트 리뷰"", ""link"": ""https://blog.naver.com/bethoumyvision91/224296866116"", ""description"": ""요즘 디저트계에서 은근 자주 보이는 “우베(<b>Ube</b>)”! 보라색 비주얼 때문에 SNS에서도 많이 보이길래 저도 궁금해서 편의점에서 하나 집어와봤어요  바로 박스케이크 우베(Boxcake <b>Ube</b>) 입니다. 제품 정보 * 제품명... "", ""bloggername"": ""watch and heal"", ""bloggerlink"": ""blog.naver.com/bethoumyvision91"", ""postdate"": ""20260526""}"
우베,preset,ube,우베 맛 우베 뜻 | 우베라떼 타로 차이점이 뭐에요?,https://blog.naver.com/ballonballer/224296835559,20260526,우베 뜻은 보라색 고구마 계열의 필리핀 식재료예요 우베(<b>Ube</b>)는 필리핀에서 많이 먹는 보라색 얌(yam)이에요. 겉으로 보면 자색고구마랑 비슷해 보이는데 맛은 조금 달라요. 우베 특징은. 진한 보라색 은은한... ,❤️알뜰살뜰 뚜뚱이네❤️,blog.naver.com/ballonballer,naver_blog,ube,alias,1.0,2026-05-26T11:02:57.061617+00:00,0,0,0,0,❤️알뜰살뜰 뚜뚱이네❤️,우베 뜻은 보라색 고구마 계열의 필리핀 식재료예요 우베(<b>Ube</b>)는 필리핀에서 많이 먹는 보라색 얌(yam)이에요. 겉으로 보면 자색고구마랑 비슷해 보이는데 맛은 조금 달라요. 우베 특징은. 진한 보라색 은은한... ,"{""title"": ""우베 맛 우베 뜻 | 우베라떼 타로 차이점이 뭐에요?"", ""link"": ""https://blog.naver.com/ballonballer/224296835559"", ""description"": ""우베 뜻은 보라색 고구마 계열의 필리핀 식재료예요 우베(<b>Ube</b>)는 필리핀에서 많이 먹는 보라색 얌(yam)이에요. 겉으로 보면 자색고구마랑 비슷해 보이는데 맛은 조금 달라요. 우베 특징은. 진한 보라색 은은한... "", ""bloggername"": ""❤️알뜰살뜰 뚜뚱이네❤️"", ""bloggerlink"": ""blog.naver.com/ballonballer"", ""postdate"": ""20260526""}"
우베,preset,ube,대구 이월드 폭죽 사진법. 팁. 투썸플레이스.,https://blog.naver.com/chesterlhy/224296817047,20260526,7 우베 (<b>UBE</b>) 투썸 우베 라떼 : 레귤러 5.7 / 라지 6.3 우베 카페 라떼 : 레귤러 6.5 / 라지 7.1 우베 쉐이크 : 레귤러 6.8 / 라지 7.4 빙수 (BINGSU) 애플망고 빙수 : 원 사이즈 14.5 우리 팥 빙수 : 원 사이즈 12.5... ,합격률90%10년차 기계설계자격증 및 실무 과외,blog.naver.com/chesterlhy,naver_blog,ube,alias,1.0,2026-05-26T11:02:57.061617+00:00,0,0,0,0,합격률90%10년차 기계설계자격증 및 실무 과외,7 우베 (<b>UBE</b>) 투썸 우베 라떼 : 레귤러 5.7 / 라지 6.3 우베 카페 라떼 : 레귤러 6.5 / 라지 7.1 우베 쉐이크 : 레귤러 6.8 / 라지 7.4 빙수 (BINGSU) 애플망고 빙수 : 원 사이즈 14.5 우리 팥 빙수 : 원 사이즈 12.5... ,"{""title"": ""대구 이월드 폭죽 사진법. 팁. 투썸플레이스."", ""link"": ""https://blog.naver.com/chesterlhy/224296817047"", ""description"": ""7 우베 (<b>UBE</b>) 투썸 우베 라떼 : 레귤러 5.7 / 라지 6.3 우베 카페 라떼 : 레귤러 6.5 / 라지 7.1 우베 쉐이크 : 레귤러 6.8 / 라지 7.4 빙수 (BINGSU) 애플망고 빙수 : 원 사이즈 14.5 우리 팥 빙수 : 원 사이즈 12.5... "", ""bloggername"": ""합격률90%10년차 기계설계자격증 및 실무 과외"", ""bloggerlink"": ""blog.naver.com/chesterlhy"", ""postdate"": ""20260526""}"
우베,preset,ube,“갑자기 주저앉을 정도의 허리통증”… 터진 디스크 조각... ,https://blog.naver.com/ns_hjs/224296810281,20260526,양방향 척추내시경 수술 (<b>UBE</b> Discectomy) 이번 수술은 <b>UBE</b> (Unilateral Biportal Endoscopic) Discectomy 방식으로 진행했습니다. 좌측 Paraspinal approach를 이용하여 근육 손상을 최소화하면서 디스크를 제거했습니다.... ,한정수의 척추이야기,blog.naver.com/ns_hjs,naver_blog,ube,alias,1.0,2026-05-26T11:02:57.061617+00:00,0,0,0,0,한정수의 척추이야기,양방향 척추내시경 수술 (<b>UBE</b> Discectomy) 이번 수술은 <b>UBE</b> (Unilateral Biportal Endoscopic) Discectomy 방식으로 진행했습니다. 좌측 Paraspinal approach를 이용하여 근육 손상을 최소화하면서 디스크를 제거했습니다.... ,"{""title"": ""“갑자기 주저앉을 정도의 허리통증”… 터진 디스크 조각... "", ""link"": ""https://blog.naver.com/ns_hjs/224296810281"", ""description"": ""양방향 척추내시경 수술 (<b>UBE</b> Discectomy) 이번 수술은 <b>UBE</b> (Unilateral Biportal Endoscopic) Discectomy 방식으로 진행했습니다. 좌측 Paraspinal approach를 이용하여 근육 손상을 최소화하면서 디스크를 제거했습니다.... "", ""bloggername"": ""한정수의 척추이야기"", ""bloggerlink"": ""blog.naver.com/ns_hjs"", ""postdate"": ""20260526""}"
우베,preset,ube,우베 에그타르트 레시피,https://blog.naver.com/minz_79/224296807651,20260526,com/a/dVtZTOXQSy #우베 #우베디저트 #<b>ube</b> ▶️우베 에그타르트 보러가기 https://youtu.be/hlikV8j5MbU?si=3L-OurDWk6_Tj-ul ✏️사이즈 12개분량 ✏️온도 오븐 190도 30분 에어프라이어... ,니어케이크,blog.naver.com/minz_79,naver_blog,ube,alias,1.0,2026-05-26T11:02:57.061617+00:00,0,0,0,0,니어케이크,com/a/dVtZTOXQSy #우베 #우베디저트 #<b>ube</b> ▶️우베 에그타르트 보러가기 https://youtu.be/hlikV8j5MbU?si=3L-OurDWk6_Tj-ul ✏️사이즈 12개분량 ✏️온도 오븐 190도 30분 에어프라이어... ,"{""title"": ""우베 에그타르트 레시피"", ""link"": ""https://blog.naver.com/minz_79/224296807651"", ""description"": ""com/a/dVtZTOXQSy #우베 #우베디저트 #<b>ube</b> ▶️우베 에그타르트 보러가기 https://youtu.be/hlikV8j5MbU?si=3L-OurDWk6_Tj-ul ✏️사이즈 12개분량 ✏️온도 오븐 190도 30분 에어프라이어... "", ""bloggername"": ""니어케이크"", ""bloggerlink"": ""blog.naver.com/minz_79"", ""postdate"": ""20260526""}"
우베,preset,ube,우베 효능 및 뜻 타로와의 차이점까지 한눈에 보기,https://blog.naver.com/flagging_/224296726276,20260526,구분 판단 요소 우베 (<b>Ube</b>) 타로 (Taro) 자색고구마 (Purple Yam) 식물학적 분류 마과 (Dioscorea) 참마류 천남성과 (Colocasia) 토란류 메꽃과 (Ipomoea) 고구마류 단면 천연 색상 매우 짙고 선명한 보라색 백색 또는 아주 연한... ,FLAGGING_,blog.naver.com/flagging_,naver_blog,ube,alias,1.0,2026-05-26T11:02:57.061617+00:00,0,0,0,0,FLAGGING_,구분 판단 요소 우베 (<b>Ube</b>) 타로 (Taro) 자색고구마 (Purple Yam) 식물학적 분류 마과 (Dioscorea) 참마류 천남성과 (Colocasia) 토란류 메꽃과 (Ipomoea) 고구마류 단면 천연 색상 매우 짙고 선명한 보라색 백색 또는 아주 연한... ,"{""title"": ""우베 효능 및 뜻 타로와의 차이점까지 한눈에 보기"", ""link"": ""https://blog.naver.com/flagging_/224296726276"", ""description"": ""구분 판단 요소 우베 (<b>Ube</b>) 타로 (Taro) 자색고구마 (Purple Yam) 식물학적 분류 마과 (Dioscorea) 참마류 천남성과 (Colocasia) 토란류 메꽃과 (Ipomoea) 고구마류 단면 천연 색상 매우 짙고 선명한 보라색 백색 또는 아주 연한... "", ""bloggername"": ""FLAGGING_"", ""bloggerlink"": ""blog.naver.com/flagging_"", ""postdate"": ""20260526""}"
우베,preset,ube,카페봄봄 신메뉴 우베 시리즈 <b>Ube</b> Core 함께해봄!,https://blog.naver.com/cafe-bombom/224296788831,20260526,"우베(<b>Ube</b>)  우베(<b>Ube</b>) 혹시, 요즘 핫한 ‘우베(<b>Ube</b>)’라는 식재료를 아시나요?  우베(<b>Ube</b>)는 주로 필리핀에서 재배되는 자색 마(purple yam)로 맛은 고구마와 비슷하지만 전혀 다른 식물이라고 하네요!  근데 이제...!... ",카페봄봄 공식 블로그,blog.naver.com/cafe-bombom,naver_blog,ube,alias,1.0,2026-05-26T11:02:57.061617+00:00,0,0,0,0,카페봄봄 공식 블로그,"우베(<b>Ube</b>)  우베(<b>Ube</b>) 혹시, 요즘 핫한 ‘우베(<b>Ube</b>)’라는 식재료를 아시나요?  우베(<b>Ube</b>)는 주로 필리핀에서 재배되는 자색 마(purple yam)로 맛은 고구마와 비슷하지만 전혀 다른 식물이라고 하네요!  근데 이제...!... ","{""title"": ""카페봄봄 신메뉴 우베 시리즈 <b>Ube</b> Core 함께해봄!"", ""link"": ""https://blog.naver.com/cafe-bombom/224296788831"", ""description"": ""우베(<b>Ube</b>)  우베(<b>Ube</b>) 혹시, 요즘 핫한 ‘우베(<b>Ube</b>)’라는 식재료를 아시나요?  우베(<b>Ube</b>)는 주로 필리핀에서 재배되는 자색 마(purple yam)로 맛은 고구마와 비슷하지만 전혀 다른 식물이라고 하네요!  근데 이제...!... "", ""bloggername"": ""카페봄봄 공식 블로그"", ""bloggerlink"": ""blog.naver.com/cafe-bombom"", ""postdate"": ""20260526""}"
우베,preset,ube,우베 처음 들어보셨나요 SNS 보라색 음식의 정체 공개합니다,https://blog.naver.com/jcrew7/224296715834,20260526,"우베(<b>Ube</b>)는 자색 참마(Purple Yam)의 일종으로, 학명은 Dioscorea alata입니다. 필리핀은 우베의 핵심 다양성 중심지로, 가장 다양한 품종이 이곳에서 발견됩니다. 다만 식물학 및 고고학 연구에 따르면 원산지는... ",수혜커플 블로그: ),blog.naver.com/jcrew7,naver_blog,ube,alias,1.0,2026-05-26T11:02:57.061617+00:00,0,0,0,0,수혜커플 블로그: ),"우베(<b>Ube</b>)는 자색 참마(Purple Yam)의 일종으로, 학명은 Dioscorea alata입니다. 필리핀은 우베의 핵심 다양성 중심지로, 가장 다양한 품종이 이곳에서 발견됩니다. 다만 식물학 및 고고학 연구에 따르면 원산지는... ","{""title"": ""우베 처음 들어보셨나요 SNS 보라색 음식의 정체 공개합니다"", ""link"": ""https://blog.naver.com/jcrew7/224296715834"", ""description"": ""우베(<b>Ube</b>)는 자색 참마(Purple Yam)의 일종으로, 학명은 Dioscorea alata입니다. 필리핀은 우베의 핵심 다양성 중심지로, 가장 다양한 품종이 이곳에서 발견됩니다. 다만 식물학 및 고고학 연구에 따르면 원산지는... "", ""bloggername"": ""수혜커플 블로그: )"", ""bloggerlink"": ""blog.naver.com/jcrew7"", ""postdate"": ""20260526""}"
우베,preset,ube,[편의점우베빵]신상 솔직후기! CU보다 맛있는 이마트24... ,https://blog.naver.com/79emo_kr/224296661307,20260526,"요즘 디저트 업계를 가장 뜨겁게 달구고 있는 키워드가 있다면 단연 보라보라한 매력의 '우베(<b>Ube</b>)'가... 우베(<b>Ube</b>) 정보 코너 잠깐, 여기서 꿀팁! 도대체 '우베(<b>Ube</b>)'가 무엇일까요? 우베가 뭐예요? 보라보라한... ",칠구이모의 취향,blog.naver.com/79emo_kr,naver_blog,ube,alias,1.0,2026-05-26T11:02:57.061617+00:00,0,0,0,0,칠구이모의 취향,"요즘 디저트 업계를 가장 뜨겁게 달구고 있는 키워드가 있다면 단연 보라보라한 매력의 '우베(<b>Ube</b>)'가... 우베(<b>Ube</b>) 정보 코너 잠깐, 여기서 꿀팁! 도대체 '우베(<b>Ube</b>)'가 무엇일까요? 우베가 뭐예요? 보라보라한... ","{""title"": ""[편의점우베빵]신상 솔직후기! CU보다 맛있는 이마트24... "", ""link"": ""https://blog.naver.com/79emo_kr/224296661307"", ""description"": ""요즘 디저트 업계를 가장 뜨겁게 달구고 있는 키워드가 있다면 단연 보라보라한 매력의 '우베(<b>Ube</b>)'가... 우베(<b>Ube</b>) 정보 코너 잠깐, 여기서 꿀팁! 도대체 '우베(<b>Ube</b>)'가 무엇일까요? 우베가 뭐예요? 보라보라한... "", ""bloggername"": ""칠구이모의 취향"", ""bloggerlink"": ""blog.naver.com/79emo_kr"", ""postdate"": ""20260526""}"
우베,preset,ube,"미국 뉴욕 스벅 대존맛 우베라떼 우베코코넛마끼아또 뜻, 맛 후기",https://blog.naver.com/lovely_weekday/224296631707,20260526,"우베(<b>Ube</b>)는 필리핀 디저트에 자주 쓰이는 보라색 고구마, 정확히는 퍼플 얌 종류예요. 우리가 아는 자색고구마랑 비슷해 보이지만 맛은 조금 더 부드럽고 달콤하면서 고소해요 우베코코넛 마끼아또는 코코넛까지... ",️성실한 인생 여행기,blog.naver.com/lovely_weekday,naver_blog,ube,alias,1.0,2026-05-26T11:02:57.061617+00:00,0,0,0,0,️성실한 인생 여행기,"우베(<b>Ube</b>)는 필리핀 디저트에 자주 쓰이는 보라색 고구마, 정확히는 퍼플 얌 종류예요. 우리가 아는 자색고구마랑 비슷해 보이지만 맛은 조금 더 부드럽고 달콤하면서 고소해요 우베코코넛 마끼아또는 코코넛까지... ","{""title"": ""미국 뉴욕 스벅 대존맛 우베라떼 우베코코넛마끼아또 뜻, 맛 후기"", ""link"": ""https://blog.naver.com/lovely_weekday/224296631707"", ""description"": ""우베(<b>Ube</b>)는 필리핀 디저트에 자주 쓰이는 보라색 고구마, 정확히는 퍼플 얌 종류예요. 우리가 아는 자색고구마랑 비슷해 보이지만 맛은 조금 더 부드럽고 달콤하면서 고소해요 우베코코넛 마끼아또는 코코넛까지... "", ""bloggername"": ""️성실한 인생 여행기"", ""bloggerlink"": ""blog.naver.com/lovely_weekday"", ""postdate"": ""20260526""}"
우베,preset,ube,노티드 신메뉴 우베 등장! 신메뉴 라인업과 가격... ,https://blog.naver.com/dinofamily4/224296610015,20260526,"보랏빛 유혹 &quot;우베(<b>UBE</b>)&quot; 음료 4종 &amp; 도넛 2종 솔직 후기. 안녕하세요! 트렌디한 디저트라면 어디든... 이번 노티드의 뉴 테마는 바로 “the new purple, <b>UBE</b>” 동남아 디저트에서 자주 볼 수 있는 자색 고구마 계열의... ",육아는 도돌이표다,blog.naver.com/dinofamily4,naver_blog,ube,alias,1.0,2026-05-26T11:02:57.061617+00:00,0,0,0,0,육아는 도돌이표다,"보랏빛 유혹 &quot;우베(<b>UBE</b>)&quot; 음료 4종 &amp; 도넛 2종 솔직 후기. 안녕하세요! 트렌디한 디저트라면 어디든... 이번 노티드의 뉴 테마는 바로 “the new purple, <b>UBE</b>” 동남아 디저트에서 자주 볼 수 있는 자색 고구마 계열의... ","{""title"": ""노티드 신메뉴 우베 등장! 신메뉴 라인업과 가격... "", ""link"": ""https://blog.naver.com/dinofamily4/224296610015"", ""description"": ""보랏빛 유혹 &quot;우베(<b>UBE</b>)&quot; 음료 4종 &amp; 도넛 2종 솔직 후기. 안녕하세요! 트렌디한 디저트라면 어디든... 이번 노티드의 뉴 테마는 바로 “the new purple, <b>UBE</b>” 동남아 디저트에서 자주 볼 수 있는 자색 고구마 계열의... "", ""bloggername"": ""육아는 도돌이표다"", ""bloggerlink"": ""blog.naver.com/dinofamily4"", ""postdate"": ""20260526""}"
우베,preset,ube,"우베 뜻 파리바게트 우베크림빵, 모두가 궁금해하는 그 맛의 정체",https://blog.naver.com/lastripblog/224296599276,20260526,그래서 찾아보니 우베(<b>Ube</b>)는 필리핀에서 주로 재배되고 소비되는 보라색 마(Purple Yam) 계열의 뿌리채소라고 하네요. 디저트에서 보이는 선명한 보랏빛은 인공색소가 아니라 우베 자체의 천연 색감이라고 해요.... ,반짝이네 슬기로운 육아라이프,blog.naver.com/lastripblog,naver_blog,ube,alias,1.0,2026-05-26T11:02:57.061617+00:00,0,0,0,0,반짝이네 슬기로운 육아라이프,그래서 찾아보니 우베(<b>Ube</b>)는 필리핀에서 주로 재배되고 소비되는 보라색 마(Purple Yam) 계열의 뿌리채소라고 하네요. 디저트에서 보이는 선명한 보랏빛은 인공색소가 아니라 우베 자체의 천연 색감이라고 해요.... ,"{""title"": ""우베 뜻 파리바게트 우베크림빵, 모두가 궁금해하는 그 맛의 정체"", ""link"": ""https://blog.naver.com/lastripblog/224296599276"", ""description"": ""그래서 찾아보니 우베(<b>Ube</b>)는 필리핀에서 주로 재배되고 소비되는 보라색 마(Purple Yam) 계열의 뿌리채소라고 하네요. 디저트에서 보이는 선명한 보랏빛은 인공색소가 아니라 우베 자체의 천연 색감이라고 해요.... "", ""bloggername"": ""반짝이네 슬기로운 육아라이프"", ""bloggerlink"": ""blog.naver.com/lastripblog"", ""postdate"": ""20260526""}"
우베,preset,ube,까사 부사노 해운대 데이트 코스로 딱인 에스프레소바 후기,https://blog.naver.com/mindcafe77/224296573018,20260526,여기에 요즘 카페 트렌드인 우베(<b>ube</b>)를 활용한 시즌 메뉴들도 새로 출시되어 있었어요. 보라빛이 예쁜 우베 &amp; 블루베리 웰니스 라인인데 종류도 꽤 다양해서 한참을 들여다봤어요. 커피와 간단하게 먹을 수... ,두둠칫을 사랑하는 아줌마의 힐링여행,blog.naver.com/mindcafe77,naver_blog,ube,alias,1.0,2026-05-26T11:02:57.061617+00:00,0,0,0,0,두둠칫을 사랑하는 아줌마의 힐링여행,여기에 요즘 카페 트렌드인 우베(<b>ube</b>)를 활용한 시즌 메뉴들도 새로 출시되어 있었어요. 보라빛이 예쁜 우베 &amp; 블루베리 웰니스 라인인데 종류도 꽤 다양해서 한참을 들여다봤어요. 커피와 간단하게 먹을 수... ,"{""title"": ""까사 부사노 해운대 데이트 코스로 딱인 에스프레소바 후기"", ""link"": ""https://blog.naver.com/mindcafe77/224296573018"", ""description"": ""여기에 요즘 카페 트렌드인 우베(<b>ube</b>)를 활용한 시즌 메뉴들도 새로 출시되어 있었어요. 보라빛이 예쁜 우베 &amp; 블루베리 웰니스 라인인데 종류도 꽤 다양해서 한참을 들여다봤어요. 커피와 간단하게 먹을 수... "", ""bloggername"": ""두둠칫을 사랑하는 아줌마의 힐링여행"", ""bloggerlink"": ""blog.naver.com/mindcafe77"", ""postdate"": ""20260526""}"
우베,preset,ube,수입식품부적합 - 우베 퍼플리퀴드,https://blog.naver.com/seayhanna/224296530942,20260526,"우베 퍼플리퀴드 100ml (<b>UBE</b> SYRUP) 제품구분 : 가공식품 품목명 : 당류가공품 제조국가 : 중국 제조 / 수출회사 : SHAA**I TIANZE***N BIO TECHN***GY CO., LTD. 위반내역(시험항목/기준/결과) : o 그 외 보존료... ",APPLEMANgo,blog.naver.com/seayhanna,naver_blog,ube,alias,1.0,2026-05-26T11:02:57.061617+00:00,0,0,0,0,APPLEMANgo,"우베 퍼플리퀴드 100ml (<b>UBE</b> SYRUP) 제품구분 : 가공식품 품목명 : 당류가공품 제조국가 : 중국 제조 / 수출회사 : SHAA**I TIANZE***N BIO TECHN***GY CO., LTD. 위반내역(시험항목/기준/결과) : o 그 외 보존료... ","{""title"": ""수입식품부적합 - 우베 퍼플리퀴드"", ""link"": ""https://blog.naver.com/seayhanna/224296530942"", ""description"": ""우베 퍼플리퀴드 100ml (<b>UBE</b> SYRUP) 제품구분 : 가공식품 품목명 : 당류가공품 제조국가 : 중국 제조 / 수출회사 : SHAA**I TIANZE***N BIO TECHN***GY CO., LTD. 위반내역(시험항목/기준/결과) : o 그 외 보존료... "", ""bloggername"": ""APPLEMANgo"", ""bloggerlink"": ""blog.naver.com/seayhanna"", ""postdate"": ""20260526""}"
우베,preset,ube,대전 둔산동 수플레 카페 맛있는 디저트 커피 유어사이드... ,https://blog.naver.com/dawn_of_winter/224296530496,20260526,"6,000원 <b>UBE</b> 바치케 -- 7,300원 딸기 수플레 -- 16,900원 여러 명이서 가니까 메뉴가 엄청 많죠! 못생긴 구도로 카페 사진 찍기! 수플레는 시간이 좀 걸려서 다른 메뉴 먼저 리뷰해볼게요~ 우선 우베 바치케!... ",해마's의 냠냠일상,blog.naver.com/dawn_of_winter,naver_blog,ube,alias,1.0,2026-05-26T11:02:57.061617+00:00,0,0,0,0,해마's의 냠냠일상,"6,000원 <b>UBE</b> 바치케 -- 7,300원 딸기 수플레 -- 16,900원 여러 명이서 가니까 메뉴가 엄청 많죠! 못생긴 구도로 카페 사진 찍기! 수플레는 시간이 좀 걸려서 다른 메뉴 먼저 리뷰해볼게요~ 우선 우베 바치케!... ","{""title"": ""대전 둔산동 수플레 카페 맛있는 디저트 커피 유어사이드... "", ""link"": ""https://blog.naver.com/dawn_of_winter/224296530496"", ""description"": ""6,000원 <b>UBE</b> 바치케 -- 7,300원 딸기 수플레 -- 16,900원 여러 명이서 가니까 메뉴가 엄청 많죠! 못생긴 구도로 카페 사진 찍기! 수플레는 시간이 좀 걸려서 다른 메뉴 먼저 리뷰해볼게요~ 우선 우베 바치케!... "", ""bloggername"": ""해마's의 냠냠일상"", ""bloggerlink"": ""blog.naver.com/dawn_of_winter"", ""postdate"": ""20260526""}"
우베,preset,ube,"우베 뜻 맛 효능 총정리, 2026년 말차 다음은 이 보라색 디저트",https://blog.naver.com/kjrrjk/224296420771,20260526,"이름은 우베(<b>Ube</b>). 지금 말차를 밀어내고 2026년 디저트 트렌드 1순위로 올라온 보라색의 정체를 제대로... 우베(<b>Ube</b>)란? 필리핀 타갈로그어로 '덩이줄기(뿌리식물)'를 뜻하며, 속살까지 진한 보라색인 참마(Purple... ",행복둥이의 경제 놀이터,blog.naver.com/kjrrjk,naver_blog,ube,alias,1.0,2026-05-26T11:02:57.061617+00:00,0,0,0,0,행복둥이의 경제 놀이터,"이름은 우베(<b>Ube</b>). 지금 말차를 밀어내고 2026년 디저트 트렌드 1순위로 올라온 보라색의 정체를 제대로... 우베(<b>Ube</b>)란? 필리핀 타갈로그어로 '덩이줄기(뿌리식물)'를 뜻하며, 속살까지 진한 보라색인 참마(Purple... ","{""title"": ""우베 뜻 맛 효능 총정리, 2026년 말차 다음은 이 보라색 디저트"", ""link"": ""https://blog.naver.com/kjrrjk/224296420771"", ""description"": ""이름은 우베(<b>Ube</b>). 지금 말차를 밀어내고 2026년 디저트 트렌드 1순위로 올라온 보라색의 정체를 제대로... 우베(<b>Ube</b>)란? 필리핀 타갈로그어로 '덩이줄기(뿌리식물)'를 뜻하며, 속살까지 진한 보라색인 참마(Purple... "", ""bloggername"": ""행복둥이의 경제 놀이터"", ""bloggerlink"": ""blog.naver.com/kjrrjk"", ""postdate"": ""20260526""}"
우베,preset,ube,우베 타로 차이 우베 맛과 효능 뜻 먹는법까지! 왜 대세일까?,https://blog.naver.com/albamedi12/224293723398,20260526,요즘 카페나 SNS에서 시선을 사로잡는 영롱한 보라색 디저트와 음료 ‘우베(<b>Ube</b>)’ 한 번쯤 보신 적... ‘우베(<b>Ube</b>)’는 필리핀 타갈로그어로 ‘덩이줄기’라는 뜻입니다. 이름처럼 땅속에서 자라는 뿌리 식물 중... ,플랜메디의 다양한 의학 정보,blog.naver.com/albamedi12,naver_blog,ube,alias,1.0,2026-05-26T11:02:57.061617+00:00,0,0,0,0,플랜메디의 다양한 의학 정보,요즘 카페나 SNS에서 시선을 사로잡는 영롱한 보라색 디저트와 음료 ‘우베(<b>Ube</b>)’ 한 번쯤 보신 적... ‘우베(<b>Ube</b>)’는 필리핀 타갈로그어로 ‘덩이줄기’라는 뜻입니다. 이름처럼 땅속에서 자라는 뿌리 식물 중... ,"{""title"": ""우베 타로 차이 우베 맛과 효능 뜻 먹는법까지! 왜 대세일까?"", ""link"": ""https://blog.naver.com/albamedi12/224293723398"", ""description"": ""요즘 카페나 SNS에서 시선을 사로잡는 영롱한 보라색 디저트와 음료 ‘우베(<b>Ube</b>)’ 한 번쯤 보신 적... ‘우베(<b>Ube</b>)’는 필리핀 타갈로그어로 ‘덩이줄기’라는 뜻입니다. 이름처럼 땅속에서 자라는 뿌리 식물 중... "", ""bloggername"": ""플랜메디의 다양한 의학 정보"", ""bloggerlink"": ""blog.naver.com/albamedi12"", ""postdate"": ""20260526""}"
우베,preset,ube,2026년도 5월 4주 / 메모리 가격동향 _ 마이크로웍스 코리아(주),https://blog.naver.com/mworksk/224296507074,20260526,K4<b>UBE</b>3D4AB-MGCL Samsung 5120 @ USD60 3 days GDDR7 SDRAM/SGRAM GDDR7 28Gb/s 512Mx32 (16Gb) K4VAF325ZC-SC28 Samsung 53760 @ USD42.5 Stock GDDR7 28Gb/s 512Mx32 (16Gb) MT68A512M32DF-28:A... ,Microworks Korea,blog.naver.com/mworksk,naver_blog,ube,alias,1.0,2026-05-26T11:02:57.061617+00:00,0,0,0,0,Microworks Korea,K4<b>UBE</b>3D4AB-MGCL Samsung 5120 @ USD60 3 days GDDR7 SDRAM/SGRAM GDDR7 28Gb/s 512Mx32 (16Gb) K4VAF325ZC-SC28 Samsung 53760 @ USD42.5 Stock GDDR7 28Gb/s 512Mx32 (16Gb) MT68A512M32DF-28:A... ,"{""title"": ""2026년도 5월 4주 / 메모리 가격동향 _ 마이크로웍스 코리아(주)"", ""link"": ""https://blog.naver.com/mworksk/224296507074"", ""description"": ""K4<b>UBE</b>3D4AB-MGCL Samsung 5120 @ USD60 3 days GDDR7 SDRAM/SGRAM GDDR7 28Gb/s 512Mx32 (16Gb) K4VAF325ZC-SC28 Samsung 53760 @ USD42.5 Stock GDDR7 28Gb/s 512Mx32 (16Gb) MT68A512M32DF-28:A... "", ""bloggername"": ""Microworks Korea"", ""bloggerlink"": ""blog.naver.com/mworksk"", ""postdate"": ""20260526""}"
우베,preset,ube,투썸 우베 아박 케이크 가격 칼로리 후기,https://blog.naver.com/shinvely0070/224296494889,20260526,"떠먹는 우베 아박 <b>Ube</b> Ice Cake 가격 : 7,200원 진한 보랏빛 우베 마스카포네 치즈 크림과 꾸덕꾸덕한 우베 가나슈, 달콤한 블랙 쿠키가 층층이 쌓인 떠먹는 우베 아박 매장에 가니까 먹고 싶던 우베 아박이 딱... ",Cheri + Shin = ♥,blog.naver.com/shinvely0070,naver_blog,ube,alias,1.0,2026-05-26T11:02:57.061617+00:00,0,0,0,0,Cheri + Shin = ♥,"떠먹는 우베 아박 <b>Ube</b> Ice Cake 가격 : 7,200원 진한 보랏빛 우베 마스카포네 치즈 크림과 꾸덕꾸덕한 우베 가나슈, 달콤한 블랙 쿠키가 층층이 쌓인 떠먹는 우베 아박 매장에 가니까 먹고 싶던 우베 아박이 딱... ","{""title"": ""투썸 우베 아박 케이크 가격 칼로리 후기"", ""link"": ""https://blog.naver.com/shinvely0070/224296494889"", ""description"": ""떠먹는 우베 아박 <b>Ube</b> Ice Cake 가격 : 7,200원 진한 보랏빛 우베 마스카포네 치즈 크림과 꾸덕꾸덕한 우베 가나슈, 달콤한 블랙 쿠키가 층층이 쌓인 떠먹는 우베 아박 매장에 가니까 먹고 싶던 우베 아박이 딱... "", ""bloggername"": ""Cheri + Shin = ♥"", ""bloggerlink"": ""blog.naver.com/shinvely0070"", ""postdate"": ""20260526""}"
우베,preset,ube,"우베 뜻 효능, 자색고구마 차이 뭐가 다를까",https://blog.naver.com/el512/224295666266,20260526,우베 뜻부터 정리 우베(<b>Ube</b>)는 필리핀에서 많이 재배되는 보라색 얌(yam)입니다. 고구마와 비슷해 보이지만 종 자체가 달라요. 맛은 고구마보다 더 고소하고 부드러운 편입니다. 2. 우베가 인기인 이유 색감... ,허브향 가득 퀘럼네 베란다정원,blog.naver.com/el512,naver_blog,ube,alias,1.0,2026-05-26T11:02:57.061617+00:00,0,0,0,0,허브향 가득 퀘럼네 베란다정원,우베 뜻부터 정리 우베(<b>Ube</b>)는 필리핀에서 많이 재배되는 보라색 얌(yam)입니다. 고구마와 비슷해 보이지만 종 자체가 달라요. 맛은 고구마보다 더 고소하고 부드러운 편입니다. 2. 우베가 인기인 이유 색감... ,"{""title"": ""우베 뜻 효능, 자색고구마 차이 뭐가 다를까"", ""link"": ""https://blog.naver.com/el512/224295666266"", ""description"": ""우베 뜻부터 정리 우베(<b>Ube</b>)는 필리핀에서 많이 재배되는 보라색 얌(yam)입니다. 고구마와 비슷해 보이지만 종 자체가 달라요. 맛은 고구마보다 더 고소하고 부드러운 편입니다. 2. 우베가 인기인 이유 색감... "", ""bloggername"": ""허브향 가득 퀘럼네 베란다정원"", ""bloggerlink"": ""blog.naver.com/el512"", ""postdate"": ""20260526""}"
우베,preset,ube,"우베 효능과 맛, 먹는법까지 한 번에 정리",https://blog.naver.com/hjt_mom/224296485283,20260526,"그중에서 특히 많이 보이는 재료가 바로 ‘우베(<b>Ube</b>)’입니다. 처음 보면 타로나 고구마처럼 보이는데, 사실 우베는 필리핀에서 많이 먹는 보라색 참마의 한 종류예요. 자연스러운 보라색 덕분에 디저트 재료로... ",삼남매 하우스,blog.naver.com/hjt_mom,naver_blog,ube,alias,1.0,2026-05-26T11:02:57.061617+00:00,0,0,0,0,삼남매 하우스,"그중에서 특히 많이 보이는 재료가 바로 ‘우베(<b>Ube</b>)’입니다. 처음 보면 타로나 고구마처럼 보이는데, 사실 우베는 필리핀에서 많이 먹는 보라색 참마의 한 종류예요. 자연스러운 보라색 덕분에 디저트 재료로... ","{""title"": ""우베 효능과 맛, 먹는법까지 한 번에 정리"", ""link"": ""https://blog.naver.com/hjt_mom/224296485283"", ""description"": ""그중에서 특히 많이 보이는 재료가 바로 ‘우베(<b>Ube</b>)’입니다. 처음 보면 타로나 고구마처럼 보이는데, 사실 우베는 필리핀에서 많이 먹는 보라색 참마의 한 종류예요. 자연스러운 보라색 덕분에 디저트 재료로... "", ""bloggername"": ""삼남매 하우스"", ""bloggerlink"": ""blog.naver.com/hjt_mom"", ""postdate"": ""20260526""}"
우베,preset,ube,[내돈내산]빽다방 신메뉴 우베라떼 +샷추가 후기,https://blog.naver.com/mooness0126/224296477132,20260526,보라보라한 비주얼이 귀염귀염 우베(<b>Ube</b>)가 뭐냐면요! 우베는 필리핀에서 정말 많이 먹는 “보라색 자색고구마” 필리핀에서는 우베를 활용한 디저트가 엄청 많은데 대표적으로 유명한 게 바로 “할로할로(Halo... ,"오늘도, 스리술이",blog.naver.com/mooness0126,naver_blog,ube,alias,1.0,2026-05-26T11:02:57.061617+00:00,0,0,0,0,"오늘도, 스리술이",보라보라한 비주얼이 귀염귀염 우베(<b>Ube</b>)가 뭐냐면요! 우베는 필리핀에서 정말 많이 먹는 “보라색 자색고구마” 필리핀에서는 우베를 활용한 디저트가 엄청 많은데 대표적으로 유명한 게 바로 “할로할로(Halo... ,"{""title"": ""[내돈내산]빽다방 신메뉴 우베라떼 +샷추가 후기"", ""link"": ""https://blog.naver.com/mooness0126/224296477132"", ""description"": ""보라보라한 비주얼이 귀염귀염 우베(<b>Ube</b>)가 뭐냐면요! 우베는 필리핀에서 정말 많이 먹는 “보라색 자색고구마” 필리핀에서는 우베를 활용한 디저트가 엄청 많은데 대표적으로 유명한 게 바로 “할로할로(Halo... "", ""bloggername"": ""오늘도, 스리술이"", ""bloggerlink"": ""blog.naver.com/mooness0126"", ""postdate"": ""20260526""}"
우베,preset,ube,우베 아이스크림 맛집 5월 마지막주 트레이더스 신상 및... ,https://blog.naver.com/jjocolate/224296461742,20260526,말차에 이어 우베(<b>Ube</b>)가 새로운 식물성 트렌드 원료라고 합니다. 보라색 마 계열의 식재료로 구운 고구마 향과 약간 달콤한 바나나의 맛도 납니다. 아이스크림은 진짜 추천드립니다. 맛도 있고 양도 엄청... ,The Sentimental Critic,blog.naver.com/jjocolate,naver_blog,ube,alias,1.0,2026-05-26T11:02:57.061617+00:00,0,0,0,0,The Sentimental Critic,말차에 이어 우베(<b>Ube</b>)가 새로운 식물성 트렌드 원료라고 합니다. 보라색 마 계열의 식재료로 구운 고구마 향과 약간 달콤한 바나나의 맛도 납니다. 아이스크림은 진짜 추천드립니다. 맛도 있고 양도 엄청... ,"{""title"": ""우베 아이스크림 맛집 5월 마지막주 트레이더스 신상 및... "", ""link"": ""https://blog.naver.com/jjocolate/224296461742"", ""description"": ""말차에 이어 우베(<b>Ube</b>)가 새로운 식물성 트렌드 원료라고 합니다. 보라색 마 계열의 식재료로 구운 고구마 향과 약간 달콤한 바나나의 맛도 납니다. 아이스크림은 진짜 추천드립니다. 맛도 있고 양도 엄청... "", ""bloggername"": ""The Sentimental Critic"", ""bloggerlink"": ""blog.naver.com/jjocolate"", ""postdate"": ""20260526""}"
우베,preset,ube,[인천 부평] 우베 바스크 치즈케이크 먹을 수 있는 부평역 카페... ,https://blog.naver.com/di_yeong0607/224296461300,20260526,그냥 지나가다가 진짜 이거보고 홀린듯이 들어감 ㅋㅋㅋㅋㅋㅋㅋㅋㅋㅋㅋㅋㅋ <b>UBE</b> 우베 진짜 ㅋㅋㅋㅋㅋㅋㅋㅋㅋ홍보 ㅇㅈㅋㅋㅋㅋㅋㅋㅋㅋㅋㅋㅋㅋㅋㅋㅋㅋㅋㅋㅋㅋㅋ 브라운캣(cat) 고양이라는 뜻 ^ㅅ... ,※ 배부른 뎡어리 ※,blog.naver.com/di_yeong0607,naver_blog,ube,alias,1.0,2026-05-26T11:02:57.061617+00:00,0,0,0,0,※ 배부른 뎡어리 ※,그냥 지나가다가 진짜 이거보고 홀린듯이 들어감 ㅋㅋㅋㅋㅋㅋㅋㅋㅋㅋㅋㅋㅋ <b>UBE</b> 우베 진짜 ㅋㅋㅋㅋㅋㅋㅋㅋㅋ홍보 ㅇㅈㅋㅋㅋㅋㅋㅋㅋㅋㅋㅋㅋㅋㅋㅋㅋㅋㅋㅋㅋㅋㅋ 브라운캣(cat) 고양이라는 뜻 ^ㅅ... ,"{""title"": ""[인천 부평] 우베 바스크 치즈케이크 먹을 수 있는 부평역 카페... "", ""link"": ""https://blog.naver.com/di_yeong0607/224296461300"", ""description"": ""그냥 지나가다가 진짜 이거보고 홀린듯이 들어감 ㅋㅋㅋㅋㅋㅋㅋㅋㅋㅋㅋㅋㅋ <b>UBE</b> 우베 진짜 ㅋㅋㅋㅋㅋㅋㅋㅋㅋ홍보 ㅇㅈㅋㅋㅋㅋㅋㅋㅋㅋㅋㅋㅋㅋㅋㅋㅋㅋㅋㅋㅋㅋㅋ 브라운캣(cat) 고양이라는 뜻 ^ㅅ... "", ""bloggername"": ""※ 배부른 뎡어리 ※"", ""bloggerlink"": ""blog.naver.com/di_yeong0607"", ""postdate"": ""20260526""}"
우베,preset,ube,매력에 빠져봐! 요즘 가장 핫한 슈퍼푸드우베(<b>Ube</b>)의 모든 것!,https://blog.naver.com/green_life_lab/224294806114,20260526,"마치 마법 같은 색감과 매혹적인 맛으로 전 세계인의 입맛을 사로잡고 있는 주인공, 바로 '우베(<b>Ube</b>)... ✨  본론 1: 우베(<b>Ube</b>)란 무엇인가요? – 보랏빛 매력의 정체 우베는 필리핀을 비롯한 동남아시아 지역에서... ",Green Life Lab,blog.naver.com/green_life_lab,naver_blog,ube,alias,1.0,2026-05-26T11:02:57.061617+00:00,0,0,0,0,Green Life Lab,"마치 마법 같은 색감과 매혹적인 맛으로 전 세계인의 입맛을 사로잡고 있는 주인공, 바로 '우베(<b>Ube</b>)... ✨  본론 1: 우베(<b>Ube</b>)란 무엇인가요? – 보랏빛 매력의 정체 우베는 필리핀을 비롯한 동남아시아 지역에서... ","{""title"": ""매력에 빠져봐! 요즘 가장 핫한 슈퍼푸드우베(<b>Ube</b>)의 모든 것!"", ""link"": ""https://blog.naver.com/green_life_lab/224294806114"", ""description"": ""마치 마법 같은 색감과 매혹적인 맛으로 전 세계인의 입맛을 사로잡고 있는 주인공, 바로 '우베(<b>Ube</b>)... ✨  본론 1: 우베(<b>Ube</b>)란 무엇인가요? – 보랏빛 매력의 정체 우베는 필리핀을 비롯한 동남아시아 지역에서... "", ""bloggername"": ""Green Life Lab"", ""bloggerlink"": ""blog.naver.com/green_life_lab"", ""postdate"": ""20260526""}"
우베,preset,ube,요즘 핫한 우베 뜻 맛 효능 타로 차이점 알아보기,https://blog.naver.com/s2forever11/224296321846,20260526,바로 '우베(<b>Ube</b>)'라는 친구인데요! 요즘 국내 핫한 카페나 베이커리에서도 이 보랏빛 식재료를 활용한... <b>Ube</b>는 필리핀어로 '보라색 참마(Purple Yam)'를 뜻하는 말이에요. 주로 필리핀을 비롯한 따뜻한 동남아 열대... ,궁금한 이슈 다이슈,blog.naver.com/s2forever11,naver_blog,ube,alias,1.0,2026-05-26T11:02:57.061617+00:00,0,0,0,0,궁금한 이슈 다이슈,바로 '우베(<b>Ube</b>)'라는 친구인데요! 요즘 국내 핫한 카페나 베이커리에서도 이 보랏빛 식재료를 활용한... <b>Ube</b>는 필리핀어로 '보라색 참마(Purple Yam)'를 뜻하는 말이에요. 주로 필리핀을 비롯한 따뜻한 동남아 열대... ,"{""title"": ""요즘 핫한 우베 뜻 맛 효능 타로 차이점 알아보기"", ""link"": ""https://blog.naver.com/s2forever11/224296321846"", ""description"": ""바로 '우베(<b>Ube</b>)'라는 친구인데요! 요즘 국내 핫한 카페나 베이커리에서도 이 보랏빛 식재료를 활용한... <b>Ube</b>는 필리핀어로 '보라색 참마(Purple Yam)'를 뜻하는 말이에요. 주로 필리핀을 비롯한 따뜻한 동남아 열대... "", ""bloggername"": ""궁금한 이슈 다이슈"", ""bloggerlink"": ""blog.naver.com/s2forever11"", ""postdate"": ""20260526""}"
우베,preset,ube,[은평 롯데몰 카페] 아쿠아가든카페 은평점: 환상적인 물멍과... ,https://blog.naver.com/tornado-616/224296244648,20260526,"(New) <b>Ube</b> Milk Tea 10,000 10,500 - 망고 사고펄 밀크티 (New) Mango Sago Pearl Milk Tea - 10,500 - Coffee... 스퀘어 <b>Ube</b> Cookies and cake square 9,500 쿠앤크 스퀘어 Cookies and cake square 10,000 딸기 포레누아... ",조경 및 건물관리 실무 교육,blog.naver.com/tornado-616,naver_blog,ube,alias,1.0,2026-05-26T11:02:57.061617+00:00,0,0,0,0,조경 및 건물관리 실무 교육,"(New) <b>Ube</b> Milk Tea 10,000 10,500 - 망고 사고펄 밀크티 (New) Mango Sago Pearl Milk Tea - 10,500 - Coffee... 스퀘어 <b>Ube</b> Cookies and cake square 9,500 쿠앤크 스퀘어 Cookies and cake square 10,000 딸기 포레누아... ","{""title"": ""[은평 롯데몰 카페] 아쿠아가든카페 은평점: 환상적인 물멍과... "", ""link"": ""https://blog.naver.com/tornado-616/224296244648"", ""description"": ""(New) <b>Ube</b> Milk Tea 10,000 10,500 - 망고 사고펄 밀크티 (New) Mango Sago Pearl Milk Tea - 10,500 - Coffee... 스퀘어 <b>Ube</b> Cookies and cake square 9,500 쿠앤크 스퀘어 Cookies and cake square 10,000 딸기 포레누아... "", ""bloggername"": ""조경 및 건물관리 실무 교육"", ""bloggerlink"": ""blog.naver.com/tornado-616"", ""postdate"": ""20260526""}"
우베,preset,ube,[멜론 서포터즈 16기] 2026 서울재즈페스티벌 DAY3 후기,https://blog.naver.com/z_jxx/224296286473,20260526,이 순간을 영원히 간직하기 위해서 지금 바로 멜론에서 ✨2026 서울 재즈페스티벌✨ 복습 시작해보실까요!!?? https://kko.to/<b>ubE</b>2W91oPF #서재페2026 #서재페타임테이블 #서재페 #2026서재페 #멜론 #melon #멜론서포터즈,⠀,blog.naver.com/z_jxx,naver_blog,ube,alias,1.0,2026-05-26T11:02:57.061617+00:00,0,0,0,0,⠀,이 순간을 영원히 간직하기 위해서 지금 바로 멜론에서 ✨2026 서울 재즈페스티벌✨ 복습 시작해보실까요!!?? https://kko.to/<b>ubE</b>2W91oPF #서재페2026 #서재페타임테이블 #서재페 #2026서재페 #멜론 #melon #멜론서포터즈,"{""title"": ""[멜론 서포터즈 16기] 2026 서울재즈페스티벌 DAY3 후기"", ""link"": ""https://blog.naver.com/z_jxx/224296286473"", ""description"": ""이 순간을 영원히 간직하기 위해서 지금 바로 멜론에서 ✨2026 서울 재즈페스티벌✨ 복습 시작해보실까요!!?? https://kko.to/<b>ubE</b>2W91oPF #서재페2026 #서재페타임테이블 #서재페 #2026서재페 #멜론 #melon #멜론서포터즈"", ""bloggername"": ""⠀"", ""bloggerlink"": ""blog.naver.com/z_jxx"", ""postdate"": ""20260526""}"
우베,preset,ube,"텐퍼센트커피 우베 신메뉴 솔직후기, 우베라떼 크림치즈폼... ",https://blog.naver.com/nayoni88/224296236408,20260525,"What is <b>Ube</b>? 우베가 뭔지 궁금해서 찾아봤는데, 우베는 필리핀에서 많이 먹는 자색 마 같은... 주문내역 Order History 우베라떼 4,000원 <b>Ube</b> Latte 먼저 '우베라떼' HOT / ICED 둘 다 가능한데 저는 아이스로 마셨어요.... ",요니의하루,blog.naver.com/nayoni88,naver_blog,ube,alias,1.0,2026-05-26T11:02:57.061617+00:00,0,0,0,0,요니의하루,"What is <b>Ube</b>? 우베가 뭔지 궁금해서 찾아봤는데, 우베는 필리핀에서 많이 먹는 자색 마 같은... 주문내역 Order History 우베라떼 4,000원 <b>Ube</b> Latte 먼저 '우베라떼' HOT / ICED 둘 다 가능한데 저는 아이스로 마셨어요.... ","{""title"": ""텐퍼센트커피 우베 신메뉴 솔직후기, 우베라떼 크림치즈폼... "", ""link"": ""https://blog.naver.com/nayoni88/224296236408"", ""description"": ""What is <b>Ube</b>? 우베가 뭔지 궁금해서 찾아봤는데, 우베는 필리핀에서 많이 먹는 자색 마 같은... 주문내역 Order History 우베라떼 4,000원 <b>Ube</b> Latte 먼저 '우베라떼' HOT / ICED 둘 다 가능한데 저는 아이스로 마셨어요.... "", ""bloggername"": ""요니의하루"", ""bloggerlink"": ""blog.naver.com/nayoni88"", ""postdate"": ""20260525""}"
우베,preset,ube,작가 UNDER,https://blog.naver.com/9642612/224296160905,20260525,"------------------------------------------------------------------------------------- 아트페어 / 작가참여 2026 MOAF (문래아트페어) - 문래동아트필드갤러리전관 , M스퀘어, 영등포문화재단 술술센터 2026 K-<b>UBE</b> ARTSHOW(큐브... ",노란창고,blog.naver.com/9642612,naver_blog,ube,alias,1.0,2026-05-26T11:02:57.061617+00:00,0,0,0,0,노란창고,"------------------------------------------------------------------------------------- 아트페어 / 작가참여 2026 MOAF (문래아트페어) - 문래동아트필드갤러리전관 , M스퀘어, 영등포문화재단 술술센터 2026 K-<b>UBE</b> ARTSHOW(큐브... ","{""title"": ""작가 UNDER"", ""link"": ""https://blog.naver.com/9642612/224296160905"", ""description"": ""------------------------------------------------------------------------------------- 아트페어 / 작가참여 2026 MOAF (문래아트페어) - 문래동아트필드갤러리전관 , M스퀘어, 영등포문화재단 술술센터 2026 K-<b>UBE</b> ARTSHOW(큐브... "", ""bloggername"": ""노란창고"", ""bloggerlink"": ""blog.naver.com/9642612"", ""postdate"": ""20260525""}"
우베,preset,ube,잠실롯데월드몰 카페 노티드 우베 도넛의 맛,https://blog.naver.com/yurik34/224296115769,20260525,노티드 우베(<b>Ube</b>) 시리즈 나왔다고 해서 이번에 몽땅 맛보고 왔답니다. 원래 노티드 하면 크림도넛... 우베(<b>Ube</b>)가 뭔지? 3. 노티드 우베 메뉴 가격 4. 노티드 우베 맛 5. 우베 밀키크림 도넛 &amp; 우베 두바이 퍼플... ,즐거운 강신디❤️,blog.naver.com/yurik34,naver_blog,ube,alias,1.0,2026-05-26T11:02:57.061617+00:00,0,0,0,0,즐거운 강신디❤️,노티드 우베(<b>Ube</b>) 시리즈 나왔다고 해서 이번에 몽땅 맛보고 왔답니다. 원래 노티드 하면 크림도넛... 우베(<b>Ube</b>)가 뭔지? 3. 노티드 우베 메뉴 가격 4. 노티드 우베 맛 5. 우베 밀키크림 도넛 &amp; 우베 두바이 퍼플... ,"{""title"": ""잠실롯데월드몰 카페 노티드 우베 도넛의 맛"", ""link"": ""https://blog.naver.com/yurik34/224296115769"", ""description"": ""노티드 우베(<b>Ube</b>) 시리즈 나왔다고 해서 이번에 몽땅 맛보고 왔답니다. 원래 노티드 하면 크림도넛... 우베(<b>Ube</b>)가 뭔지? 3. 노티드 우베 메뉴 가격 4. 노티드 우베 맛 5. 우베 밀키크림 도넛 &amp; 우베 두바이 퍼플... "", ""bloggername"": ""즐거운 강신디❤️"", ""bloggerlink"": ""blog.naver.com/yurik34"", ""postdate"": ""20260525""}"
우베,preset,ube,"스타벅스 모르타델라 리코타 크림치즈 샌드위치,우베 바스크... ",https://blog.naver.com/tototoyo/224296078580,20260525,"스타벅스 우베 바스크 치즈 케이크(<b>Ube</b> Basque Cheese Cake) 개인적으로 우베 바스크 치즈 케이크를 기대했는데 특별한 맛은 아니었습니다. 스타벅스 범계 로데오점 딸기주스(STRAWBERRY JUICE), 쫀득 버터... ",♡주님안에희선♡,blog.naver.com/tototoyo,naver_blog,ube,alias,1.0,2026-05-26T11:02:57.061617+00:00,0,0,0,0,♡주님안에희선♡,"스타벅스 우베 바스크 치즈 케이크(<b>Ube</b> Basque Cheese Cake) 개인적으로 우베 바스크 치즈 케이크를 기대했는데 특별한 맛은 아니었습니다. 스타벅스 범계 로데오점 딸기주스(STRAWBERRY JUICE), 쫀득 버터... ","{""title"": ""스타벅스 모르타델라 리코타 크림치즈 샌드위치,우베 바스크... "", ""link"": ""https://blog.naver.com/tototoyo/224296078580"", ""description"": ""스타벅스 우베 바스크 치즈 케이크(<b>Ube</b> Basque Cheese Cake) 개인적으로 우베 바스크 치즈 케이크를 기대했는데 특별한 맛은 아니었습니다. 스타벅스 범계 로데오점 딸기주스(STRAWBERRY JUICE), 쫀득 버터... "", ""bloggername"": ""♡주님안에희선♡"", ""bloggerlink"": ""blog.naver.com/tototoyo"", ""postdate"": ""20260525""}"
우베,preset,ube,"을지로입구카페 :: 우베 신메뉴 6종, 노티드 종각하이커",https://blog.naver.com/bilandjin/224296071995,20260525,"서울에서 디저트 좀 찾아다닌다는 분들 사이에서 요즘 가장 핫한 컬러가 보라색이에요˚ ഒ 두바이 초콜릿 이후로 디저트 시장에 또 한 번 강한 트렌드가 들어왔는데, 그 주인공이 바로 우베(<b>Ube</b>) 필리핀산 보라... ",미역같은 이지니의 삶,blog.naver.com/bilandjin,naver_blog,ube,alias,1.0,2026-05-26T11:02:57.061617+00:00,0,0,0,0,미역같은 이지니의 삶,"서울에서 디저트 좀 찾아다닌다는 분들 사이에서 요즘 가장 핫한 컬러가 보라색이에요˚ ഒ 두바이 초콜릿 이후로 디저트 시장에 또 한 번 강한 트렌드가 들어왔는데, 그 주인공이 바로 우베(<b>Ube</b>) 필리핀산 보라... ","{""title"": ""을지로입구카페 :: 우베 신메뉴 6종, 노티드 종각하이커"", ""link"": ""https://blog.naver.com/bilandjin/224296071995"", ""description"": ""서울에서 디저트 좀 찾아다닌다는 분들 사이에서 요즘 가장 핫한 컬러가 보라색이에요˚ ഒ 두바이 초콜릿 이후로 디저트 시장에 또 한 번 강한 트렌드가 들어왔는데, 그 주인공이 바로 우베(<b>Ube</b>) 필리핀산 보라... "", ""bloggername"": ""미역같은 이지니의 삶"", ""bloggerlink"": ""blog.naver.com/bilandjin"", ""postdate"": ""20260525""}"
우베,preset,ube,수원카페 노티드 우베 한정 메뉴 | 보랏빛 도넛·음료 전메뉴... ,https://blog.naver.com/dustnr0829/224296066960,20260525,"우베(<b>Ube</b>)가 생소하신 분들도 있을 텐데, 필리핀산 자색 얌을 사용한 재료로 특유의 보랏빛 컬러와 고소하고 달콤한 풍미가 특징이에요. 요즘 트렌디한 카페 디저트에서 자주 보이는 재료인데, 노티드가 이걸... ",ENTP 은서블리,blog.naver.com/dustnr0829,naver_blog,ube,alias,1.0,2026-05-26T11:02:57.061617+00:00,0,0,0,0,ENTP 은서블리,"우베(<b>Ube</b>)가 생소하신 분들도 있을 텐데, 필리핀산 자색 얌을 사용한 재료로 특유의 보랏빛 컬러와 고소하고 달콤한 풍미가 특징이에요. 요즘 트렌디한 카페 디저트에서 자주 보이는 재료인데, 노티드가 이걸... ","{""title"": ""수원카페 노티드 우베 한정 메뉴 | 보랏빛 도넛·음료 전메뉴... "", ""link"": ""https://blog.naver.com/dustnr0829/224296066960"", ""description"": ""우베(<b>Ube</b>)가 생소하신 분들도 있을 텐데, 필리핀산 자색 얌을 사용한 재료로 특유의 보랏빛 컬러와 고소하고 달콤한 풍미가 특징이에요. 요즘 트렌디한 카페 디저트에서 자주 보이는 재료인데, 노티드가 이걸... "", ""bloggername"": ""ENTP 은서블리"", ""bloggerlink"": ""blog.naver.com/dustnr0829"", ""postdate"": ""20260525""}"
우베,preset,ube,요즘 SNS 난리 난 보랏빛 디저트 ‘우베(<b>Ube</b>)’가 뭐야?... ,https://blog.naver.com/tha1201/224296067129,20260525,"‘우베(<b>Ube</b>)’입니다. 이름도 생소하고 비주얼은 자색고구마 같기도 한 이 녀석의 정체가 무엇인지, 왜 이렇게 유행하는지 깔끔하게 정리해 드릴게요! 1. 우베(<b>Ube</b>)가 대체 뭔가요? 많은 분이 보라색 외형 때문에... ",tha1201님의블로그,blog.naver.com/tha1201,naver_blog,ube,alias,1.0,2026-05-26T11:02:57.061617+00:00,0,0,0,0,tha1201님의블로그,"‘우베(<b>Ube</b>)’입니다. 이름도 생소하고 비주얼은 자색고구마 같기도 한 이 녀석의 정체가 무엇인지, 왜 이렇게 유행하는지 깔끔하게 정리해 드릴게요! 1. 우베(<b>Ube</b>)가 대체 뭔가요? 많은 분이 보라색 외형 때문에... ","{""title"": ""요즘 SNS 난리 난 보랏빛 디저트 ‘우베(<b>Ube</b>)’가 뭐야?... "", ""link"": ""https://blog.naver.com/tha1201/224296067129"", ""description"": ""‘우베(<b>Ube</b>)’입니다. 이름도 생소하고 비주얼은 자색고구마 같기도 한 이 녀석의 정체가 무엇인지, 왜 이렇게 유행하는지 깔끔하게 정리해 드릴게요! 1. 우베(<b>Ube</b>)가 대체 뭔가요? 많은 분이 보라색 외형 때문에... "", ""bloggername"": ""tha1201님의블로그"", ""bloggerlink"": ""blog.naver.com/tha1201"", ""postdate"": ""20260525""}"
우베,preset,ube,"보랏빛의 화려한 변신, 우베 바스크 치즈케이크의 매력",https://blog.naver.com/0224dh/224296007689,20260525,우베(<b>Ube</b>)는 필리핀 등지에서 주로 자라는 보라색 마를 뜻하는데요. 그 자체로도 은은한 단맛과 고소한 풍미를 가지고 있어 디저트 재료로 인기가 높습니다. 그런 우베가 꾸덕하고 진한 풍미를 자랑하는 바스크... ,후니일기,blog.naver.com/0224dh,naver_blog,ube,alias,1.0,2026-05-26T11:02:57.061617+00:00,0,0,0,0,후니일기,우베(<b>Ube</b>)는 필리핀 등지에서 주로 자라는 보라색 마를 뜻하는데요. 그 자체로도 은은한 단맛과 고소한 풍미를 가지고 있어 디저트 재료로 인기가 높습니다. 그런 우베가 꾸덕하고 진한 풍미를 자랑하는 바스크... ,"{""title"": ""보랏빛의 화려한 변신, 우베 바스크 치즈케이크의 매력"", ""link"": ""https://blog.naver.com/0224dh/224296007689"", ""description"": ""우베(<b>Ube</b>)는 필리핀 등지에서 주로 자라는 보라색 마를 뜻하는데요. 그 자체로도 은은한 단맛과 고소한 풍미를 가지고 있어 디저트 재료로 인기가 높습니다. 그런 우베가 꾸덕하고 진한 풍미를 자랑하는 바스크... "", ""bloggername"": ""후니일기"", ""bloggerlink"": ""blog.naver.com/0224dh"", ""postdate"": ""20260525""}"
우베,preset,ube,폴바셋 신메뉴 추천 우베 카페라떼,https://blog.naver.com/tiamoyo/224296004712,20260525,"우베(<b>UBE</b>)와 커피를 함께 즐기는 시즌 음료  우베는 필리핀에서 많이 사용하는 자색 참마의 한 종류인데, 은은한 고구마 같은 달콤함과 고소한 풍미가 특징! 그래서 라떼로 만들면 부드럽고 디저트 같은 느낌이... ",열매달 스물아흐레,blog.naver.com/tiamoyo,naver_blog,ube,alias,1.0,2026-05-26T11:02:57.061617+00:00,0,0,0,0,열매달 스물아흐레,"우베(<b>UBE</b>)와 커피를 함께 즐기는 시즌 음료  우베는 필리핀에서 많이 사용하는 자색 참마의 한 종류인데, 은은한 고구마 같은 달콤함과 고소한 풍미가 특징! 그래서 라떼로 만들면 부드럽고 디저트 같은 느낌이... ","{""title"": ""폴바셋 신메뉴 추천 우베 카페라떼"", ""link"": ""https://blog.naver.com/tiamoyo/224296004712"", ""description"": ""우베(<b>UBE</b>)와 커피를 함께 즐기는 시즌 음료  우베는 필리핀에서 많이 사용하는 자색 참마의 한 종류인데, 은은한 고구마 같은 달콤함과 고소한 풍미가 특징! 그래서 라떼로 만들면 부드럽고 디저트 같은 느낌이... "", ""bloggername"": ""열매달 스물아흐레"", ""bloggerlink"": ""blog.naver.com/tiamoyo"", ""postdate"": ""20260525""}"
우베,preset,ube,Q 미국 로스쿨 졸업 후 미국 변호사 시험 응시가 가능한가요?,https://blog.naver.com/jimin092/224295963865,20260525,"미국 변호사시험은 주마다 구조가 조금씩 다르며, 최근에는 <b>UBE</b>(Uniform Bar Examination)를 채택하는 주들이 증가하면서 일부 주 간 점수 이전(Score Transfer)이 가능해진 경우도 있습니다. 하지만 여전히... ",예스유학 미국 유학 성공기,blog.naver.com/jimin092,naver_blog,ube,alias,1.0,2026-05-26T11:02:57.061617+00:00,0,0,0,0,예스유학 미국 유학 성공기,"미국 변호사시험은 주마다 구조가 조금씩 다르며, 최근에는 <b>UBE</b>(Uniform Bar Examination)를 채택하는 주들이 증가하면서 일부 주 간 점수 이전(Score Transfer)이 가능해진 경우도 있습니다. 하지만 여전히... ","{""title"": ""Q 미국 로스쿨 졸업 후 미국 변호사 시험 응시가 가능한가요?"", ""link"": ""https://blog.naver.com/jimin092/224295963865"", ""description"": ""미국 변호사시험은 주마다 구조가 조금씩 다르며, 최근에는 <b>UBE</b>(Uniform Bar Examination)를 채택하는 주들이 증가하면서 일부 주 간 점수 이전(Score Transfer)이 가능해진 경우도 있습니다. 하지만 여전히... "", ""bloggername"": ""예스유학 미국 유학 성공기"", ""bloggerlink"": ""blog.naver.com/jimin092"", ""postdate"": ""20260525""}"
우베,preset,ube,시청역 인근 척추관협착증 — 중구 직장인 진료 안내,https://blog.naver.com/totalspine1/224293235777,20260525,"(N1494, <b>UBE</b>)로 단계적 접근을 검토해보시기 바랍니다. 현명신경외과의원은 시청역 도보 3분 거리... (N1494, <b>UBE</b>)을 검토합니다. 두 개의 작은 통로(약 0.7cm)를 통해 한쪽으로는 내시경, 다른 쪽으로는... ",현명 신경외과 정형외과 & 내과,blog.naver.com/totalspine1,naver_blog,ube,alias,1.0,2026-05-26T11:02:57.061617+00:00,0,0,0,0,현명 신경외과 정형외과 & 내과,"(N1494, <b>UBE</b>)로 단계적 접근을 검토해보시기 바랍니다. 현명신경외과의원은 시청역 도보 3분 거리... (N1494, <b>UBE</b>)을 검토합니다. 두 개의 작은 통로(약 0.7cm)를 통해 한쪽으로는 내시경, 다른 쪽으로는... ","{""title"": ""시청역 인근 척추관협착증 — 중구 직장인 진료 안내"", ""link"": ""https://blog.naver.com/totalspine1/224293235777"", ""description"": ""(N1494, <b>UBE</b>)로 단계적 접근을 검토해보시기 바랍니다. 현명신경외과의원은 시청역 도보 3분 거리... (N1494, <b>UBE</b>)을 검토합니다. 두 개의 작은 통로(약 0.7cm)를 통해 한쪽으로는 내시경, 다른 쪽으로는... "", ""bloggername"": ""현명 신경외과 정형외과 & 내과"", ""bloggerlink"": ""blog.naver.com/totalspine1"", ""postdate"": ""20260525""}"
우베,preset,ube,파주 눈꽃빙수가 특별한 운정 야당역 경성양과점,https://blog.naver.com/dldidldi07/224295895500,20260525,자색고구마와 비슷하면서도 특유의 고급스럽고 은은한 달콤함을 자랑하는 '우베(<b>Ube</b>)'를 활용한 라떼인데요. 강력한 항산화 작용과 식이섬유가 풍분한 우베는 필리핀에서 오랫동안 사랑받은 작물로 최근... ,경성양과점,blog.naver.com/dldidldi07,naver_blog,ube,alias,1.0,2026-05-26T11:02:57.061617+00:00,0,0,0,0,경성양과점,자색고구마와 비슷하면서도 특유의 고급스럽고 은은한 달콤함을 자랑하는 '우베(<b>Ube</b>)'를 활용한 라떼인데요. 강력한 항산화 작용과 식이섬유가 풍분한 우베는 필리핀에서 오랫동안 사랑받은 작물로 최근... ,"{""title"": ""파주 눈꽃빙수가 특별한 운정 야당역 경성양과점"", ""link"": ""https://blog.naver.com/dldidldi07/224295895500"", ""description"": ""자색고구마와 비슷하면서도 특유의 고급스럽고 은은한 달콤함을 자랑하는 '우베(<b>Ube</b>)'를 활용한 라떼인데요. 강력한 항산화 작용과 식이섬유가 풍분한 우베는 필리핀에서 오랫동안 사랑받은 작물로 최근... "", ""bloggername"": ""경성양과점"", ""bloggerlink"": ""blog.naver.com/dldidldi07"", ""postdate"": ""20260525""}"
우베,preset,ube,[미국대학생 일상] 2. 나는감정없는싸이코라그런가이런거보면... ,https://blog.naver.com/trabajador1/224295733111,20260525,<b>ube</b>만 마실테야 원래 우베를 엄청 좋아하는데 미국에선 쉽게 못 구해서 그동안 못 먹었지만 드디어 우베 열풍이 돌아서 나도 이제 어디서든 우베 음료를 즐길 수 있!다!! 다음 유행은 pandan으로 부탁드립니다... ,이것저것 주섬주섬,blog.naver.com/trabajador1,naver_blog,ube,alias,1.0,2026-05-26T11:02:57.061617+00:00,0,0,0,0,이것저것 주섬주섬,<b>ube</b>만 마실테야 원래 우베를 엄청 좋아하는데 미국에선 쉽게 못 구해서 그동안 못 먹었지만 드디어 우베 열풍이 돌아서 나도 이제 어디서든 우베 음료를 즐길 수 있!다!! 다음 유행은 pandan으로 부탁드립니다... ,"{""title"": ""[미국대학생 일상] 2. 나는감정없는싸이코라그런가이런거보면... "", ""link"": ""https://blog.naver.com/trabajador1/224295733111"", ""description"": ""<b>ube</b>만 마실테야 원래 우베를 엄청 좋아하는데 미국에선 쉽게 못 구해서 그동안 못 먹었지만 드디어 우베 열풍이 돌아서 나도 이제 어디서든 우베 음료를 즐길 수 있!다!! 다음 유행은 pandan으로 부탁드립니다... "", ""bloggername"": ""이것저것 주섬주섬"", ""bloggerlink"": ""blog.naver.com/trabajador1"", ""postdate"": ""20260525""}"
우베,preset,ube,[종각역카페] 오픈런 부르는 보랏빛 유혹! 노티드 신상 '우베... ,https://blog.naver.com/warmmoments1/224295721902,20260525,'우베(<b>Ube</b>)'는 특유의 고혹적이고 세련된 보랏빛 컬러감으로 이미 글로벌 디저트 시장에서 가장... 주차가능 [목차] '우베(<b>Ube</b>)' 한정 라인업 출시 트렌디한 감성의 공간 내부인테리어 우베 시그니처 메뉴 6종 정밀... ,경희 뷰티 생활,blog.naver.com/warmmoments1,naver_blog,ube,alias,1.0,2026-05-26T11:02:57.061617+00:00,0,0,0,0,경희 뷰티 생활,'우베(<b>Ube</b>)'는 특유의 고혹적이고 세련된 보랏빛 컬러감으로 이미 글로벌 디저트 시장에서 가장... 주차가능 [목차] '우베(<b>Ube</b>)' 한정 라인업 출시 트렌디한 감성의 공간 내부인테리어 우베 시그니처 메뉴 6종 정밀... ,"{""title"": ""[종각역카페] 오픈런 부르는 보랏빛 유혹! 노티드 신상 '우베... "", ""link"": ""https://blog.naver.com/warmmoments1/224295721902"", ""description"": ""'우베(<b>Ube</b>)'는 특유의 고혹적이고 세련된 보랏빛 컬러감으로 이미 글로벌 디저트 시장에서 가장... 주차가능 [목차] '우베(<b>Ube</b>)' 한정 라인업 출시 트렌디한 감성의 공간 내부인테리어 우베 시그니처 메뉴 6종 정밀... "", ""bloggername"": ""경희 뷰티 생활"", ""bloggerlink"": ""blog.naver.com/warmmoments1"", ""postdate"": ""20260525""}"
우베,preset,ube,"우베 뜻과 효능, 요즘 카페 디저트가 자꾸 보라색인 이유 있었어요",https://blog.naver.com/site_visit/224295714144,20260525,"우베 뜻부터 궁금해하는 분들이 많더라고요 우베(<b>Ube</b>)는 필리핀 원산의 보라색 참마입니다. 영어로는 Purple Yam이라고 부르는데, 필리핀에서는 오래전부터 디저트 재료로 정말 많이 사용돼 왔습니다. 처음 보면... ",임장하는 구들짱,blog.naver.com/site_visit,naver_blog,ube,alias,1.0,2026-05-26T11:02:57.061617+00:00,0,0,0,0,임장하는 구들짱,"우베 뜻부터 궁금해하는 분들이 많더라고요 우베(<b>Ube</b>)는 필리핀 원산의 보라색 참마입니다. 영어로는 Purple Yam이라고 부르는데, 필리핀에서는 오래전부터 디저트 재료로 정말 많이 사용돼 왔습니다. 처음 보면... ","{""title"": ""우베 뜻과 효능, 요즘 카페 디저트가 자꾸 보라색인 이유 있었어요"", ""link"": ""https://blog.naver.com/site_visit/224295714144"", ""description"": ""우베 뜻부터 궁금해하는 분들이 많더라고요 우베(<b>Ube</b>)는 필리핀 원산의 보라색 참마입니다. 영어로는 Purple Yam이라고 부르는데, 필리핀에서는 오래전부터 디저트 재료로 정말 많이 사용돼 왔습니다. 처음 보면... "", ""bloggername"": ""임장하는 구들짱"", ""bloggerlink"": ""blog.naver.com/site_visit"", ""postdate"": ""20260525""}"
우베,preset,ube,'기능성 식재료' 우베가 가진 5가지 영양 성분,https://blog.naver.com/ktkk3586/224295701200,20260525,필리핀을 비롯한 동남아시아 지역에서 디저트와 음료의 핵심 재료로 쓰이는 보라색 마(얌) 계열 식재료 '우베(<b>Ube</b>)'가 영양학적 가치로 주목받고 있다. 선명한 보랏빛 시각 효과와 특유의 부드럽고 고소한 단맛을... ,안식처의빛,blog.naver.com/ktkk3586,naver_blog,ube,alias,1.0,2026-05-26T11:02:57.061617+00:00,0,0,0,0,안식처의빛,필리핀을 비롯한 동남아시아 지역에서 디저트와 음료의 핵심 재료로 쓰이는 보라색 마(얌) 계열 식재료 '우베(<b>Ube</b>)'가 영양학적 가치로 주목받고 있다. 선명한 보랏빛 시각 효과와 특유의 부드럽고 고소한 단맛을... ,"{""title"": ""'기능성 식재료' 우베가 가진 5가지 영양 성분"", ""link"": ""https://blog.naver.com/ktkk3586/224295701200"", ""description"": ""필리핀을 비롯한 동남아시아 지역에서 디저트와 음료의 핵심 재료로 쓰이는 보라색 마(얌) 계열 식재료 '우베(<b>Ube</b>)'가 영양학적 가치로 주목받고 있다. 선명한 보랏빛 시각 효과와 특유의 부드럽고 고소한 단맛을... "", ""bloggername"": ""안식처의빛"", ""bloggerlink"": ""blog.naver.com/ktkk3586"", ""postdate"": ""20260525""}"
우베,preset,ube,우베 뜻 알고 보니 반전! 우베 타로 자색고구마랑 뭐가 다를까?,https://blog.naver.com/gkdl2242/224295700451,20260525,"우베(<b>Ube</b>)는 필리핀에서 많이 먹는 보라색 참마를 뜻해요. 영어로는 보통 퍼플얌(Purple Yam)이라고 부르는데, 속까지 진한 보라색인 게 특징입니다. 인공 색소 사용을 안해도 색이 워낙 선명해서 요즘 디저트 재료로... ",마음이 머무는 공간 기록,blog.naver.com/gkdl2242,naver_blog,ube,alias,1.0,2026-05-26T11:02:57.061617+00:00,0,0,0,0,마음이 머무는 공간 기록,"우베(<b>Ube</b>)는 필리핀에서 많이 먹는 보라색 참마를 뜻해요. 영어로는 보통 퍼플얌(Purple Yam)이라고 부르는데, 속까지 진한 보라색인 게 특징입니다. 인공 색소 사용을 안해도 색이 워낙 선명해서 요즘 디저트 재료로... ","{""title"": ""우베 뜻 알고 보니 반전! 우베 타로 자색고구마랑 뭐가 다를까?"", ""link"": ""https://blog.naver.com/gkdl2242/224295700451"", ""description"": ""우베(<b>Ube</b>)는 필리핀에서 많이 먹는 보라색 참마를 뜻해요. 영어로는 보통 퍼플얌(Purple Yam)이라고 부르는데, 속까지 진한 보라색인 게 특징입니다. 인공 색소 사용을 안해도 색이 워낙 선명해서 요즘 디저트 재료로... "", ""bloggername"": ""마음이 머무는 공간 기록"", ""bloggerlink"": ""blog.naver.com/gkdl2242"", ""postdate"": ""20260525""}"
우베,preset,ube,우베 뜻 타로 차이 비교! 빽다방 투썸 우베라떼 신메뉴... ,https://blog.naver.com/juju60606/224295696889,20260525,먼저 이름도 생소한 우베(<b>Ube</b>) 뜻부터 짚고 넘어가 볼까요?  우베(<b>Ube</b>)란? 우베 뜻: 필리핀어로 '마(Yam)'를 의미합니다. 특징: 열대 아시아 지역(특히 필리핀)에서 주로 재배되는 ‘자색마’의 일종입니다. 맛과 향... ,병원약전문가,blog.naver.com/juju60606,naver_blog,ube,alias,1.0,2026-05-26T11:02:57.061617+00:00,0,0,0,0,병원약전문가,먼저 이름도 생소한 우베(<b>Ube</b>) 뜻부터 짚고 넘어가 볼까요?  우베(<b>Ube</b>)란? 우베 뜻: 필리핀어로 '마(Yam)'를 의미합니다. 특징: 열대 아시아 지역(특히 필리핀)에서 주로 재배되는 ‘자색마’의 일종입니다. 맛과 향... ,"{""title"": ""우베 뜻 타로 차이 비교! 빽다방 투썸 우베라떼 신메뉴... "", ""link"": ""https://blog.naver.com/juju60606/224295696889"", ""description"": ""먼저 이름도 생소한 우베(<b>Ube</b>) 뜻부터 짚고 넘어가 볼까요?  우베(<b>Ube</b>)란? 우베 뜻: 필리핀어로 '마(Yam)'를 의미합니다. 특징: 열대 아시아 지역(특히 필리핀)에서 주로 재배되는 ‘자색마’의 일종입니다. 맛과 향... "", ""bloggername"": ""병원약전문가"", ""bloggerlink"": ""blog.naver.com/juju60606"", ""postdate"": ""20260525""}"
우베,preset,ube,하남 스타필드 카페 노티드 도넛 신상 우베시리즈,https://blog.naver.com/dubaisiru/224294436061,20260525,노티드에서 우베(<b>Ube</b>) 한정 라인업이 출시되어 다양한 메뉴를 먹어보고 왔다. 이번 우베 라인업은 우베 특유의 진한 보랏빛 비주얼과 트렌디한 감성이 정말 잘 살아 있었다. 단순 시즌 한정 느낌보다는 “이건... ,두바이 냥냥이 시루네,blog.naver.com/dubaisiru,naver_blog,ube,alias,1.0,2026-05-26T11:02:57.061617+00:00,0,0,0,0,두바이 냥냥이 시루네,노티드에서 우베(<b>Ube</b>) 한정 라인업이 출시되어 다양한 메뉴를 먹어보고 왔다. 이번 우베 라인업은 우베 특유의 진한 보랏빛 비주얼과 트렌디한 감성이 정말 잘 살아 있었다. 단순 시즌 한정 느낌보다는 “이건... ,"{""title"": ""하남 스타필드 카페 노티드 도넛 신상 우베시리즈"", ""link"": ""https://blog.naver.com/dubaisiru/224294436061"", ""description"": ""노티드에서 우베(<b>Ube</b>) 한정 라인업이 출시되어 다양한 메뉴를 먹어보고 왔다. 이번 우베 라인업은 우베 특유의 진한 보랏빛 비주얼과 트렌디한 감성이 정말 잘 살아 있었다. 단순 시즌 한정 느낌보다는 “이건... "", ""bloggername"": ""두바이 냥냥이 시루네"", ""bloggerlink"": ""blog.naver.com/dubaisiru"", ""postdate"": ""20260525""}"
우베,preset,ube,카페 신메뉴 우베 라떼 맛 우베 뜻? 필리핀 보라색 고구마... ,https://blog.naver.com/verdie_/224295650504,20260525,"오늘은 요즘 카페 핫플의 단골 메뉴인 우베(<b>Ube</b>)의 뜻과 맛, 그리고 자색고구마와의 차이점까지 쏙쏙 정리해 드릴게요. :) 오묘한 보라색, 우베(<b>Ube</b>) 뜻이 뭘까? 결론부터 말씀드리면, 우베는 필리핀을 비롯한... ",살구의 모험,blog.naver.com/verdie_,naver_blog,ube,alias,1.0,2026-05-26T11:02:57.061617+00:00,0,0,0,0,살구의 모험,"오늘은 요즘 카페 핫플의 단골 메뉴인 우베(<b>Ube</b>)의 뜻과 맛, 그리고 자색고구마와의 차이점까지 쏙쏙 정리해 드릴게요. :) 오묘한 보라색, 우베(<b>Ube</b>) 뜻이 뭘까? 결론부터 말씀드리면, 우베는 필리핀을 비롯한... ","{""title"": ""카페 신메뉴 우베 라떼 맛 우베 뜻? 필리핀 보라색 고구마... "", ""link"": ""https://blog.naver.com/verdie_/224295650504"", ""description"": ""오늘은 요즘 카페 핫플의 단골 메뉴인 우베(<b>Ube</b>)의 뜻과 맛, 그리고 자색고구마와의 차이점까지 쏙쏙 정리해 드릴게요. :) 오묘한 보라색, 우베(<b>Ube</b>) 뜻이 뭘까? 결론부터 말씀드리면, 우베는 필리핀을 비롯한... "", ""bloggername"": ""살구의 모험"", ""bloggerlink"": ""blog.naver.com/verdie_"", ""postdate"": ""20260525""}"
우베,preset,ube,"투썸 신상 우베 바스크 치즈 맛 후기, 호불호는?",https://blog.naver.com/choco_n_daldal/224295649375,20260525,"twosome_<b>ube</b>_showcase_display.jpg, alt: 투썸플레이스 매장 쇼케이스 안에 영롱한 보랏빛을 뽐내며 진열된 우베 바스크 치즈 케이크들, 캡션: 쇼케이스에서부터 시선을 강탈하는 투썸플레이스 우베 바스크 치즈케이크의... ",초꼬와 달달한 날들,blog.naver.com/choco_n_daldal,naver_blog,ube,alias,1.0,2026-05-26T11:02:57.061617+00:00,0,0,0,0,초꼬와 달달한 날들,"twosome_<b>ube</b>_showcase_display.jpg, alt: 투썸플레이스 매장 쇼케이스 안에 영롱한 보랏빛을 뽐내며 진열된 우베 바스크 치즈 케이크들, 캡션: 쇼케이스에서부터 시선을 강탈하는 투썸플레이스 우베 바스크 치즈케이크의... ","{""title"": ""투썸 신상 우베 바스크 치즈 맛 후기, 호불호는?"", ""link"": ""https://blog.naver.com/choco_n_daldal/224295649375"", ""description"": ""twosome_<b>ube</b>_showcase_display.jpg, alt: 투썸플레이스 매장 쇼케이스 안에 영롱한 보랏빛을 뽐내며 진열된 우베 바스크 치즈 케이크들, 캡션: 쇼케이스에서부터 시선을 강탈하는 투썸플레이스 우베 바스크 치즈케이크의... "", ""bloggername"": ""초꼬와 달달한 날들"", ""bloggerlink"": ""blog.naver.com/choco_n_daldal"", ""postdate"": ""20260525""}"
우베,preset,ube,[관악구 과천로/ 서울] 우디빈,https://blog.naver.com/75cha/224295621640,20260525,"bases, <b>ube</b> bases, beverages, and gelato. Here, they have four types of sugar specially prepared for use in... Desserts include brownies, tiramisu, Basque cheesecake (<b>Ube</b> cream, Lotus crumble), pies (cinnamon apple, cream... ",커피카페,blog.naver.com/75cha,naver_blog,ube,alias,1.0,2026-05-26T11:02:57.061617+00:00,0,0,0,0,커피카페,"bases, <b>ube</b> bases, beverages, and gelato. Here, they have four types of sugar specially prepared for use in... Desserts include brownies, tiramisu, Basque cheesecake (<b>Ube</b> cream, Lotus crumble), pies (cinnamon apple, cream... ","{""title"": ""[관악구 과천로/ 서울] 우디빈"", ""link"": ""https://blog.naver.com/75cha/224295621640"", ""description"": ""bases, <b>ube</b> bases, beverages, and gelato. Here, they have four types of sugar specially prepared for use in... Desserts include brownies, tiramisu, Basque cheesecake (<b>Ube</b> cream, Lotus crumble), pies (cinnamon apple, cream... "", ""bloggername"": ""커피카페"", ""bloggerlink"": ""blog.naver.com/75cha"", ""postdate"": ""20260525""}"
우베,preset,ube,당뇨 동반 척추관협착증 환자 — 진단과 치료 방향,https://blog.naver.com/totalspine1/224293233497,20260525,"(N1494, <b>UBE</b>)과 같은 최소침습 시술을 우선 검토하는 것이 권유됩니다. 본원에서는 CT 영상과 혈당... 양방향 내시경 척추수술 (P4, N1494, <b>UBE</b>): 7~8mm 절개 두 곳을 통해 내시경과 기구를 따로 넣어 협착... ",현명 신경외과 정형외과 & 내과,blog.naver.com/totalspine1,naver_blog,ube,alias,1.0,2026-05-26T11:02:57.061617+00:00,0,0,0,0,현명 신경외과 정형외과 & 내과,"(N1494, <b>UBE</b>)과 같은 최소침습 시술을 우선 검토하는 것이 권유됩니다. 본원에서는 CT 영상과 혈당... 양방향 내시경 척추수술 (P4, N1494, <b>UBE</b>): 7~8mm 절개 두 곳을 통해 내시경과 기구를 따로 넣어 협착... ","{""title"": ""당뇨 동반 척추관협착증 환자 — 진단과 치료 방향"", ""link"": ""https://blog.naver.com/totalspine1/224293233497"", ""description"": ""(N1494, <b>UBE</b>)과 같은 최소침습 시술을 우선 검토하는 것이 권유됩니다. 본원에서는 CT 영상과 혈당... 양방향 내시경 척추수술 (P4, N1494, <b>UBE</b>): 7~8mm 절개 두 곳을 통해 내시경과 기구를 따로 넣어 협착... "", ""bloggername"": ""현명 신경외과 정형외과 & 내과"", ""bloggerlink"": ""blog.naver.com/totalspine1"", ""postdate"": ""20260525""}"
우베,preset,ube,투썸플레이스 신메뉴 투썸 우베 카페라떼 칼로리 우베 아박 맛... ,https://blog.naver.com/junmega/224293750473,20260525,"<b>Ube</b>는 필리핀 등 동남아 지역에서 많이 재배되는 보라색 참마(Yam)의 일종입니다. 겉보기에는 자색 고구마나 타로와 비슷하게 생겼지만, 특유의 은은한 단맛과 고소한 풍미가 아주 매력적인 식재료예요. ps.... ",은하계쓰의 지구별여행,blog.naver.com/junmega,naver_blog,ube,alias,1.0,2026-05-26T11:02:57.061617+00:00,0,0,0,0,은하계쓰의 지구별여행,"<b>Ube</b>는 필리핀 등 동남아 지역에서 많이 재배되는 보라색 참마(Yam)의 일종입니다. 겉보기에는 자색 고구마나 타로와 비슷하게 생겼지만, 특유의 은은한 단맛과 고소한 풍미가 아주 매력적인 식재료예요. ps.... ","{""title"": ""투썸플레이스 신메뉴 투썸 우베 카페라떼 칼로리 우베 아박 맛... "", ""link"": ""https://blog.naver.com/junmega/224293750473"", ""description"": ""<b>Ube</b>는 필리핀 등 동남아 지역에서 많이 재배되는 보라색 참마(Yam)의 일종입니다. 겉보기에는 자색 고구마나 타로와 비슷하게 생겼지만, 특유의 은은한 단맛과 고소한 풍미가 아주 매력적인 식재료예요. ps.... "", ""bloggername"": ""은하계쓰의 지구별여행"", ""bloggerlink"": ""blog.naver.com/junmega"", ""postdate"": ""20260525""}"
우베,preset,ube,요즘 유행하는 '우베(<b>Ube</b>)' 알고 먹자! 우베의 효능과... ,https://blog.naver.com/gotittt/224295286688,20260525,"오늘은 최근 SNS와 해외에서 큰 인기를 끌고 있는 보랏빛 슈퍼푸드, '우베(<b>Ube</b>)'를 소개해 드리겠습니다. 필리핀 자색 마의 일종인 우베는 속에서부터 젊어지는 놀라운 영양 성분을 가득 담고 있는데요 그 성분이... ",건강하게 살자,blog.naver.com/gotittt,naver_blog,ube,alias,1.0,2026-05-26T11:02:57.061617+00:00,0,0,0,0,건강하게 살자,"오늘은 최근 SNS와 해외에서 큰 인기를 끌고 있는 보랏빛 슈퍼푸드, '우베(<b>Ube</b>)'를 소개해 드리겠습니다. 필리핀 자색 마의 일종인 우베는 속에서부터 젊어지는 놀라운 영양 성분을 가득 담고 있는데요 그 성분이... ","{""title"": ""요즘 유행하는 '우베(<b>Ube</b>)' 알고 먹자! 우베의 효능과... "", ""link"": ""https://blog.naver.com/gotittt/224295286688"", ""description"": ""오늘은 최근 SNS와 해외에서 큰 인기를 끌고 있는 보랏빛 슈퍼푸드, '우베(<b>Ube</b>)'를 소개해 드리겠습니다. 필리핀 자색 마의 일종인 우베는 속에서부터 젊어지는 놀라운 영양 성분을 가득 담고 있는데요 그 성분이... "", ""bloggername"": ""건강하게 살자"", ""bloggerlink"": ""blog.naver.com/gotittt"", ""postdate"": ""20260525""}"
우베,preset,ube,"광화문 투썸플레이스 여름 디저트, 애플망고 빙수 &amp; 복숭아... ",https://blog.naver.com/kh750/224295404925,20260525,우베(<b>Ube</b>) 라인업 배너가 세워져 있더라고요 카운터 한쪽에서 직장인분들이나 다이어터분들에게 희소식인 투썸 샐러드 식단 1주 프로그램 안내판도 발견했어요 광화문 근처에서 건강하고 가성비 좋은 점심... ,커피사랑 경화의 소소하고 맛깔난 이야기들,blog.naver.com/kh750,naver_blog,ube,alias,1.0,2026-05-26T11:02:57.061617+00:00,0,0,0,0,커피사랑 경화의 소소하고 맛깔난 이야기들,우베(<b>Ube</b>) 라인업 배너가 세워져 있더라고요 카운터 한쪽에서 직장인분들이나 다이어터분들에게 희소식인 투썸 샐러드 식단 1주 프로그램 안내판도 발견했어요 광화문 근처에서 건강하고 가성비 좋은 점심... ,"{""title"": ""광화문 투썸플레이스 여름 디저트, 애플망고 빙수 &amp; 복숭아... "", ""link"": ""https://blog.naver.com/kh750/224295404925"", ""description"": ""우베(<b>Ube</b>) 라인업 배너가 세워져 있더라고요 카운터 한쪽에서 직장인분들이나 다이어터분들에게 희소식인 투썸 샐러드 식단 1주 프로그램 안내판도 발견했어요 광화문 근처에서 건강하고 가성비 좋은 점심... "", ""bloggername"": ""커피사랑 경화의 소소하고 맛깔난 이야기들"", ""bloggerlink"": ""blog.naver.com/kh750"", ""postdate"": ""20260525""}"
우베,preset,ube,우베(<b>Ube</b>) 열풍 이유는? 보라색 고구마 디저트의 효능·맛·카페... ,https://blog.naver.com/hunilovej/224295574426,20260525,우베(<b>Ube</b>)란 무엇인가? 최근 SNS와 카페 디저트 시장에서 가장 빠르게 떠오르는 식재료 중 하나가 바로 ‘우베(<b>Ube</b>)’입니다. 특히 감성 카페와 프리미엄 디저트 브랜드들이 우베를 활용한 메뉴를 잇따라... ,게으름뱅이의 어느날 아침∩＿∩〃,blog.naver.com/hunilovej,naver_blog,ube,alias,1.0,2026-05-26T11:02:57.061617+00:00,0,0,0,0,게으름뱅이의 어느날 아침∩＿∩〃,우베(<b>Ube</b>)란 무엇인가? 최근 SNS와 카페 디저트 시장에서 가장 빠르게 떠오르는 식재료 중 하나가 바로 ‘우베(<b>Ube</b>)’입니다. 특히 감성 카페와 프리미엄 디저트 브랜드들이 우베를 활용한 메뉴를 잇따라... ,"{""title"": ""우베(<b>Ube</b>) 열풍 이유는? 보라색 고구마 디저트의 효능·맛·카페... "", ""link"": ""https://blog.naver.com/hunilovej/224295574426"", ""description"": ""우베(<b>Ube</b>)란 무엇인가? 최근 SNS와 카페 디저트 시장에서 가장 빠르게 떠오르는 식재료 중 하나가 바로 ‘우베(<b>Ube</b>)’입니다. 특히 감성 카페와 프리미엄 디저트 브랜드들이 우베를 활용한 메뉴를 잇따라... "", ""bloggername"": ""게으름뱅이의 어느날 아침∩＿∩〃"", ""bloggerlink"": ""blog.naver.com/hunilovej"", ""postdate"": ""20260525""}"
우베,preset,ube,4월의 잡서장,https://blog.naver.com/u_know_6th/224295489672,20260525,"요새 <b>Ube</b>가 트렌드라면서 우베를 시도해봤다!! 사실 윤서랑 서정이가 시킨 거 한 입 뺏어먹었는데, 생각보다 너무 맛있었음!! 나중에 불가리아에서 혼자 시켜먹어봤는데, ICE로 시켜서 별로였다! Hot이 훨씬... ",호준님의 블로그,blog.naver.com/u_know_6th,naver_blog,ube,alias,1.0,2026-05-26T11:02:57.061617+00:00,0,0,0,0,호준님의 블로그,"요새 <b>Ube</b>가 트렌드라면서 우베를 시도해봤다!! 사실 윤서랑 서정이가 시킨 거 한 입 뺏어먹었는데, 생각보다 너무 맛있었음!! 나중에 불가리아에서 혼자 시켜먹어봤는데, ICE로 시켜서 별로였다! Hot이 훨씬... ","{""title"": ""4월의 잡서장"", ""link"": ""https://blog.naver.com/u_know_6th/224295489672"", ""description"": ""요새 <b>Ube</b>가 트렌드라면서 우베를 시도해봤다!! 사실 윤서랑 서정이가 시킨 거 한 입 뺏어먹었는데, 생각보다 너무 맛있었음!! 나중에 불가리아에서 혼자 시켜먹어봤는데, ICE로 시켜서 별로였다! Hot이 훨씬... "", ""bloggername"": ""호준님의 블로그"", ""bloggerlink"": ""blog.naver.com/u_know_6th"", ""postdate"": ""20260525""}"
우베,preset,ube,하남스타필드카페 '노티드 하남 스타필드점' 우베 도넛 신메뉴... ,https://blog.naver.com/tjrudska82/224295437444,20260525,바로 달콤하고 이국적인 '우베(<b>Ube</b>)' 라인업이 노티드에 새롭게 떴다는 소식인데요! 워낙 주변에서 인생 도넛이라며 소문이 자자해서 방문 전부터 기대를 가득 안고 방문했습니다. 노티드 하남스타필드 주소... ,하루의 노트 | 직접 경험한 솔직한 리뷰 기록장,blog.naver.com/tjrudska82,naver_blog,ube,alias,1.0,2026-05-26T11:02:57.061617+00:00,0,0,0,0,하루의 노트 | 직접 경험한 솔직한 리뷰 기록장,바로 달콤하고 이국적인 '우베(<b>Ube</b>)' 라인업이 노티드에 새롭게 떴다는 소식인데요! 워낙 주변에서 인생 도넛이라며 소문이 자자해서 방문 전부터 기대를 가득 안고 방문했습니다. 노티드 하남스타필드 주소... ,"{""title"": ""하남스타필드카페 '노티드 하남 스타필드점' 우베 도넛 신메뉴... "", ""link"": ""https://blog.naver.com/tjrudska82/224295437444"", ""description"": ""바로 달콤하고 이국적인 '우베(<b>Ube</b>)' 라인업이 노티드에 새롭게 떴다는 소식인데요! 워낙 주변에서 인생 도넛이라며 소문이 자자해서 방문 전부터 기대를 가득 안고 방문했습니다. 노티드 하남스타필드 주소... "", ""bloggername"": ""하루의 노트 | 직접 경험한 솔직한 리뷰 기록장"", ""bloggerlink"": ""blog.naver.com/tjrudska82"", ""postdate"": ""20260525""}"
우베,preset,ube,말차 다음은 우베! 네이처티 우베 베이스로 만든 보라색... ,https://blog.naver.com/alsyffl2/224295423497,20260524,"우베(<b>Ube</b>)였어요. 사실 처음엔 “보라색 라떼 정도겠지?” 싶었는데, 막상 직접 만들어보니 색감부터 향... 우선 우베뜻부터 간단히 설명해보자면, 우베(<b>Ube</b>)는 필리핀에서 많이 먹는 자색 암(Purple Yam)이라고... ",프롬로맨스,blog.naver.com/alsyffl2,naver_blog,ube,alias,1.0,2026-05-26T11:02:57.061617+00:00,0,0,0,0,프롬로맨스,"우베(<b>Ube</b>)였어요. 사실 처음엔 “보라색 라떼 정도겠지?” 싶었는데, 막상 직접 만들어보니 색감부터 향... 우선 우베뜻부터 간단히 설명해보자면, 우베(<b>Ube</b>)는 필리핀에서 많이 먹는 자색 암(Purple Yam)이라고... ","{""title"": ""말차 다음은 우베! 네이처티 우베 베이스로 만든 보라색... "", ""link"": ""https://blog.naver.com/alsyffl2/224295423497"", ""description"": ""우베(<b>Ube</b>)였어요. 사실 처음엔 “보라색 라떼 정도겠지?” 싶었는데, 막상 직접 만들어보니 색감부터 향... 우선 우베뜻부터 간단히 설명해보자면, 우베(<b>Ube</b>)는 필리핀에서 많이 먹는 자색 암(Purple Yam)이라고... "", ""bloggername"": ""프롬로맨스"", ""bloggerlink"": ""blog.naver.com/alsyffl2"", ""postdate"": ""20260524""}"
우베,preset,ube,“말차 다음은 우베? 보라색 디저트가 인기인 이유”,https://blog.naver.com/sky2cube/224293816532,20260524,"바로 선명한 보라색 비주얼로 눈길을 끄는 우베(<b>Ube</b>)입니다. SNS와 카페를 중심으로 우베 라떼, 우베 케이크, 우베 아이스크림 등이 인기를 끌면서 “우베가 정확히 무엇인지”, “건강에도 도움이 되는지”... ",설계사가 전하는 보험이야기,blog.naver.com/sky2cube,naver_blog,ube,alias,1.0,2026-05-26T11:02:57.061617+00:00,0,0,0,0,설계사가 전하는 보험이야기,"바로 선명한 보라색 비주얼로 눈길을 끄는 우베(<b>Ube</b>)입니다. SNS와 카페를 중심으로 우베 라떼, 우베 케이크, 우베 아이스크림 등이 인기를 끌면서 “우베가 정확히 무엇인지”, “건강에도 도움이 되는지”... ","{""title"": ""“말차 다음은 우베? 보라색 디저트가 인기인 이유”"", ""link"": ""https://blog.naver.com/sky2cube/224293816532"", ""description"": ""바로 선명한 보라색 비주얼로 눈길을 끄는 우베(<b>Ube</b>)입니다. SNS와 카페를 중심으로 우베 라떼, 우베 케이크, 우베 아이스크림 등이 인기를 끌면서 “우베가 정확히 무엇인지”, “건강에도 도움이 되는지”... "", ""bloggername"": ""설계사가 전하는 보험이야기"", ""bloggerlink"": ""blog.naver.com/sky2cube"", ""postdate"": ""20260524""}"
우베,preset,ube,[성수 가볼만한곳]뚝섬역에서 이마트24 디저트랩 서울숲점... ,https://blog.naver.com/79emo_kr/224295410392,20260524,오픈런 유행의 주역인 다양한 종류의 포켓몬 빵 시리즈 이국적인 컬러감이 돋보이는 우베(<b>Ube</b>) 디저트 군 유명 셰프와의 컬래버레이션으로 탄생한 고품격 베이커리 작품들 약과를 현대적인 텍스처로 재해석한... ,칠구이모의 취향,blog.naver.com/79emo_kr,naver_blog,ube,alias,1.0,2026-05-26T11:02:57.061617+00:00,0,0,0,0,칠구이모의 취향,오픈런 유행의 주역인 다양한 종류의 포켓몬 빵 시리즈 이국적인 컬러감이 돋보이는 우베(<b>Ube</b>) 디저트 군 유명 셰프와의 컬래버레이션으로 탄생한 고품격 베이커리 작품들 약과를 현대적인 텍스처로 재해석한... ,"{""title"": ""[성수 가볼만한곳]뚝섬역에서 이마트24 디저트랩 서울숲점... "", ""link"": ""https://blog.naver.com/79emo_kr/224295410392"", ""description"": ""오픈런 유행의 주역인 다양한 종류의 포켓몬 빵 시리즈 이국적인 컬러감이 돋보이는 우베(<b>Ube</b>) 디저트 군 유명 셰프와의 컬래버레이션으로 탄생한 고품격 베이커리 작품들 약과를 현대적인 텍스처로 재해석한... "", ""bloggername"": ""칠구이모의 취향"", ""bloggerlink"": ""blog.naver.com/79emo_kr"", ""postdate"": ""20260524""}"
우베,preset,ube,[5월 일상] 넝쿨장미가 내게 말을 건네옵니다,https://blog.naver.com/suran4628/224295274185,20260524,"우베와 타로는 모두 뿌리채소인데 우베(<b>Ube</b>)는 속살까지 진한 보라색, 타로는 원래 속살이 갈색에 반점이 있는 흰색 or 회색 그래서 공차 타로의 보라색은 자색고구마 분말이나 색소를 첨가한 것이라고 한다.... ",커서의 행복한 보통날,blog.naver.com/suran4628,naver_blog,ube,alias,1.0,2026-05-26T11:02:57.061617+00:00,0,0,0,0,커서의 행복한 보통날,"우베와 타로는 모두 뿌리채소인데 우베(<b>Ube</b>)는 속살까지 진한 보라색, 타로는 원래 속살이 갈색에 반점이 있는 흰색 or 회색 그래서 공차 타로의 보라색은 자색고구마 분말이나 색소를 첨가한 것이라고 한다.... ","{""title"": ""[5월 일상] 넝쿨장미가 내게 말을 건네옵니다"", ""link"": ""https://blog.naver.com/suran4628/224295274185"", ""description"": ""우베와 타로는 모두 뿌리채소인데 우베(<b>Ube</b>)는 속살까지 진한 보라색, 타로는 원래 속살이 갈색에 반점이 있는 흰색 or 회색 그래서 공차 타로의 보라색은 자색고구마 분말이나 색소를 첨가한 것이라고 한다.... "", ""bloggername"": ""커서의 행복한 보통날"", ""bloggerlink"": ""blog.naver.com/suran4628"", ""postdate"": ""20260524""}"
우베,preset,ube,필리핀 우베 맛 칼로리 영양 성분 한 번에 정리,https://blog.naver.com/nsyncbye1004/224295267199,20260524,"필리핀 우베 맛 칼로리 영양 성분 한 번에 정리 요즘 카페나 디저트 가게에서 보라색 음료나 빵을 보다 보면 “우베(<b>Ube</b>)”라는 이름을 자주 보게 되는데요. 타로나 고구마와 헷갈리는 분들도 많지만, 우베는... ",즐거운 인플루언서 생활,blog.naver.com/nsyncbye1004,naver_blog,ube,alias,1.0,2026-05-26T11:02:57.061617+00:00,0,0,0,0,즐거운 인플루언서 생활,"필리핀 우베 맛 칼로리 영양 성분 한 번에 정리 요즘 카페나 디저트 가게에서 보라색 음료나 빵을 보다 보면 “우베(<b>Ube</b>)”라는 이름을 자주 보게 되는데요. 타로나 고구마와 헷갈리는 분들도 많지만, 우베는... ","{""title"": ""필리핀 우베 맛 칼로리 영양 성분 한 번에 정리"", ""link"": ""https://blog.naver.com/nsyncbye1004/224295267199"", ""description"": ""필리핀 우베 맛 칼로리 영양 성분 한 번에 정리 요즘 카페나 디저트 가게에서 보라색 음료나 빵을 보다 보면 “우베(<b>Ube</b>)”라는 이름을 자주 보게 되는데요. 타로나 고구마와 헷갈리는 분들도 많지만, 우베는... "", ""bloggername"": ""즐거운 인플루언서 생활"", ""bloggerlink"": ""blog.naver.com/nsyncbye1004"", ""postdate"": ""20260524""}"
우베,preset,ube,우베 아몬드 초코칩 쿠키,https://blog.naver.com/limsuk24/224295243714,20260524,우베(<b>Ube</b>)가 무엇인지 아시나요? 최근 디저트계에서 엄청난 사랑을 받고 있는 '우베'는 보라색을 띠는 참마의 일종이에요. 특유의 은은하고 부드러운 단맛과 구수한 풍미가 일품이랍니다. 무엇보다 인공색소... ,limsuk24님의블로그,blog.naver.com/limsuk24,naver_blog,ube,alias,1.0,2026-05-26T11:02:57.061617+00:00,0,0,0,0,limsuk24님의블로그,우베(<b>Ube</b>)가 무엇인지 아시나요? 최근 디저트계에서 엄청난 사랑을 받고 있는 '우베'는 보라색을 띠는 참마의 일종이에요. 특유의 은은하고 부드러운 단맛과 구수한 풍미가 일품이랍니다. 무엇보다 인공색소... ,"{""title"": ""우베 아몬드 초코칩 쿠키"", ""link"": ""https://blog.naver.com/limsuk24/224295243714"", ""description"": ""우베(<b>Ube</b>)가 무엇인지 아시나요? 최근 디저트계에서 엄청난 사랑을 받고 있는 '우베'는 보라색을 띠는 참마의 일종이에요. 특유의 은은하고 부드러운 단맛과 구수한 풍미가 일품이랍니다. 무엇보다 인공색소... "", ""bloggername"": ""limsuk24님의블로그"", ""bloggerlink"": ""blog.naver.com/limsuk24"", ""postdate"": ""20260524""}"
우베,preset,ube,편의점 우베 디저트 뭐 살까? CU 신상 3종 칼로리·맛... ,https://blog.naver.com/simply1114/224295221999,20260524,"우베(<b>Ube</b>) 가 뭐야? 필리핀에서 주로 사용되는 보라색 참마예요. 은은한 단맛과 함께 바닐라를 연상시키는 고소한 향이 특징이에요. 자색 고구마와 비슷하지만 훨씬 부드럽고 향긋한 느낌으로, 최근 2030세대... ",꿀팁 가득한 리뷰 상점,blog.naver.com/simply1114,naver_blog,ube,alias,1.0,2026-05-26T11:02:57.061617+00:00,0,0,0,0,꿀팁 가득한 리뷰 상점,"우베(<b>Ube</b>) 가 뭐야? 필리핀에서 주로 사용되는 보라색 참마예요. 은은한 단맛과 함께 바닐라를 연상시키는 고소한 향이 특징이에요. 자색 고구마와 비슷하지만 훨씬 부드럽고 향긋한 느낌으로, 최근 2030세대... ","{""title"": ""편의점 우베 디저트 뭐 살까? CU 신상 3종 칼로리·맛... "", ""link"": ""https://blog.naver.com/simply1114/224295221999"", ""description"": ""우베(<b>Ube</b>) 가 뭐야? 필리핀에서 주로 사용되는 보라색 참마예요. 은은한 단맛과 함께 바닐라를 연상시키는 고소한 향이 특징이에요. 자색 고구마와 비슷하지만 훨씬 부드럽고 향긋한 느낌으로, 최근 2030세대... "", ""bloggername"": ""꿀팁 가득한 리뷰 상점"", ""bloggerlink"": ""blog.naver.com/simply1114"", ""postdate"": ""20260524""}"
우베,preset,ube,투썸 플레이스 우베 라떼 칼로리 맛 분석 공차 타로 밀크티... ,https://blog.naver.com/sosohan405/224295216845,20260524,"'우베(<b>Ube</b>)'가 도대체 뭐야? 자색 고구마랑 다른가? 처음에 '우베 라떼'라는 이름을 들었을 때는 &quot;어? 자색... 우베(<b>Ube</b>)는 주로 필리핀 등 동남아시아에서 자라는 열대 작물로, 보라색 마(Yam)의 일종이라고 해요.... ",소소한일상,blog.naver.com/sosohan405,naver_blog,ube,alias,1.0,2026-05-26T11:02:57.061617+00:00,0,0,0,0,소소한일상,"'우베(<b>Ube</b>)'가 도대체 뭐야? 자색 고구마랑 다른가? 처음에 '우베 라떼'라는 이름을 들었을 때는 &quot;어? 자색... 우베(<b>Ube</b>)는 주로 필리핀 등 동남아시아에서 자라는 열대 작물로, 보라색 마(Yam)의 일종이라고 해요.... ","{""title"": ""투썸 플레이스 우베 라떼 칼로리 맛 분석 공차 타로 밀크티... "", ""link"": ""https://blog.naver.com/sosohan405/224295216845"", ""description"": ""'우베(<b>Ube</b>)'가 도대체 뭐야? 자색 고구마랑 다른가? 처음에 '우베 라떼'라는 이름을 들었을 때는 &quot;어? 자색... 우베(<b>Ube</b>)는 주로 필리핀 등 동남아시아에서 자라는 열대 작물로, 보라색 마(Yam)의 일종이라고 해요.... "", ""bloggername"": ""소소한일상"", ""bloggerlink"": ""blog.naver.com/sosohan405"", ""postdate"": ""20260524""}"
우베,preset,ube,연세 우베 생크림빵 미각제빵소 우베케이크 비교 맛 후기,https://blog.naver.com/msolog/224295177980,20260524,"우베 맛 우베(<b>Ube</b>)는 필리핀 등의 동남아시아에서 주로 재배되는 자색 마(Purple Yam)의 일종이다. 고구마와 풍미가 비슷하지만 차이가 있다. 고구마보다 흙내음과 견과류의 고소함이 더 섞여있고, 은은한 바닐라... ",소록노트,blog.naver.com/msolog,naver_blog,ube,alias,1.0,2026-05-26T11:02:57.061617+00:00,0,0,0,0,소록노트,"우베 맛 우베(<b>Ube</b>)는 필리핀 등의 동남아시아에서 주로 재배되는 자색 마(Purple Yam)의 일종이다. 고구마와 풍미가 비슷하지만 차이가 있다. 고구마보다 흙내음과 견과류의 고소함이 더 섞여있고, 은은한 바닐라... ","{""title"": ""연세 우베 생크림빵 미각제빵소 우베케이크 비교 맛 후기"", ""link"": ""https://blog.naver.com/msolog/224295177980"", ""description"": ""우베 맛 우베(<b>Ube</b>)는 필리핀 등의 동남아시아에서 주로 재배되는 자색 마(Purple Yam)의 일종이다. 고구마와 풍미가 비슷하지만 차이가 있다. 고구마보다 흙내음과 견과류의 고소함이 더 섞여있고, 은은한 바닐라... "", ""bloggername"": ""소록노트"", ""bloggerlink"": ""blog.naver.com/msolog"", ""postdate"": ""20260524""}"
우베,preset,ube,60대 척추관협착증 — 노인 환자 진단 시 고려사항,https://blog.naver.com/totalspine1/224293225019,20260524,"보존치료 6주에도 호전이 없거나 보행 거리가 짧아진다면 풍선확장술(SZ641, 경피적 경막외강 신경성형)이나 양방향 내시경 척추수술(N1494, <b>UBE</b>) 같은 최소침습 옵션을 단계적으로 검토해보시기... ",현명 신경외과 정형외과 & 내과,blog.naver.com/totalspine1,naver_blog,ube,alias,1.0,2026-05-26T11:02:57.061617+00:00,0,0,0,0,현명 신경외과 정형외과 & 내과,"보존치료 6주에도 호전이 없거나 보행 거리가 짧아진다면 풍선확장술(SZ641, 경피적 경막외강 신경성형)이나 양방향 내시경 척추수술(N1494, <b>UBE</b>) 같은 최소침습 옵션을 단계적으로 검토해보시기... ","{""title"": ""60대 척추관협착증 — 노인 환자 진단 시 고려사항"", ""link"": ""https://blog.naver.com/totalspine1/224293225019"", ""description"": ""보존치료 6주에도 호전이 없거나 보행 거리가 짧아진다면 풍선확장술(SZ641, 경피적 경막외강 신경성형)이나 양방향 내시경 척추수술(N1494, <b>UBE</b>) 같은 최소침습 옵션을 단계적으로 검토해보시기... "", ""bloggername"": ""현명 신경외과 정형외과 & 내과"", ""bloggerlink"": ""blog.naver.com/totalspine1"", ""postdate"": ""20260524""}"
우베,preset,ube,[후기] 대전 둔산동 카페 브루블룸(Brew Bloom) - 귀여운... ,https://blog.naver.com/zufall-/224295109502,20260524,"포장 뚜껑에도 카페 로고인 귀여운 곰돌이  그림이 그려져 있고 각각 Original, Matcha, <b>Ube</b>(자색고구마)... 풍미 <b>Ube</b> (우베)  보랏빛 유혹, 은은하고 고소한 자색고구마의 달콤함 Butter Scotchee (버터 스카치)  깊고... ",누군가에겐 도움이 되겠지◡̎,blog.naver.com/zufall-,naver_blog,ube,alias,1.0,2026-05-26T11:02:57.061617+00:00,0,0,0,0,누군가에겐 도움이 되겠지◡̎,"포장 뚜껑에도 카페 로고인 귀여운 곰돌이  그림이 그려져 있고 각각 Original, Matcha, <b>Ube</b>(자색고구마)... 풍미 <b>Ube</b> (우베)  보랏빛 유혹, 은은하고 고소한 자색고구마의 달콤함 Butter Scotchee (버터 스카치)  깊고... ","{""title"": ""[후기] 대전 둔산동 카페 브루블룸(Brew Bloom) - 귀여운... "", ""link"": ""https://blog.naver.com/zufall-/224295109502"", ""description"": ""포장 뚜껑에도 카페 로고인 귀여운 곰돌이  그림이 그려져 있고 각각 Original, Matcha, <b>Ube</b>(자색고구마)... 풍미 <b>Ube</b> (우베)  보랏빛 유혹, 은은하고 고소한 자색고구마의 달콤함 Butter Scotchee (버터 스카치)  깊고... "", ""bloggername"": ""누군가에겐 도움이 되겠지◡̎"", ""bloggerlink"": ""blog.naver.com/zufall-"", ""postdate"": ""20260524""}"
우베,preset,ube,서울 근교 숨은 꽃밭 추천  남양주 지브리 감성 꽃밭 실시간 후기,https://blog.naver.com/tomagosu/224295102557,20260524,우베(<b>Ube</b>)가 점점 인기더라고요  마침 수레국화 색감이랑 우베 라떼 컬러가 너무 잘 어울려서 테이크아웃한 우베 라떼와 함께 사진도 찍어봤어요  보라빛 꽃밭이랑 우베 특유의 컬러 조합이 생각보다 너무 예뻐서... ,토마고수 한 줌,blog.naver.com/tomagosu,naver_blog,ube,alias,1.0,2026-05-26T11:02:57.061617+00:00,0,0,0,0,토마고수 한 줌,우베(<b>Ube</b>)가 점점 인기더라고요  마침 수레국화 색감이랑 우베 라떼 컬러가 너무 잘 어울려서 테이크아웃한 우베 라떼와 함께 사진도 찍어봤어요  보라빛 꽃밭이랑 우베 특유의 컬러 조합이 생각보다 너무 예뻐서... ,"{""title"": ""서울 근교 숨은 꽃밭 추천  남양주 지브리 감성 꽃밭 실시간 후기"", ""link"": ""https://blog.naver.com/tomagosu/224295102557"", ""description"": ""우베(<b>Ube</b>)가 점점 인기더라고요  마침 수레국화 색감이랑 우베 라떼 컬러가 너무 잘 어울려서 테이크아웃한 우베 라떼와 함께 사진도 찍어봤어요  보라빛 꽃밭이랑 우베 특유의 컬러 조합이 생각보다 너무 예뻐서... "", ""bloggername"": ""토마고수 한 줌"", ""bloggerlink"": ""blog.naver.com/tomagosu"", ""postdate"": ""20260524""}"
우베,preset,ube,상왕십리카페 요즘 유행하는 보라빛 우베 빽다방... ,https://blog.naver.com/riri_park/224295060869,20260524,"특히 필리핀의 <b>Ube</b>라고 불리는 품종은 안토시아닌이 많이 함유되어 있어, 잘랐을 때 속의 단면이 짙고 선명한 보라색을 띄는 것이 특징이다. 나무위키 색감이 정말 예뻐서 요즘 디저트나 음료로 엄청 많이... ",많이 먹고 뱃살댄스,blog.naver.com/riri_park,naver_blog,ube,alias,1.0,2026-05-26T11:02:57.061617+00:00,0,0,0,0,많이 먹고 뱃살댄스,"특히 필리핀의 <b>Ube</b>라고 불리는 품종은 안토시아닌이 많이 함유되어 있어, 잘랐을 때 속의 단면이 짙고 선명한 보라색을 띄는 것이 특징이다. 나무위키 색감이 정말 예뻐서 요즘 디저트나 음료로 엄청 많이... ","{""title"": ""상왕십리카페 요즘 유행하는 보라빛 우베 빽다방... "", ""link"": ""https://blog.naver.com/riri_park/224295060869"", ""description"": ""특히 필리핀의 <b>Ube</b>라고 불리는 품종은 안토시아닌이 많이 함유되어 있어, 잘랐을 때 속의 단면이 짙고 선명한 보라색을 띄는 것이 특징이다. 나무위키 색감이 정말 예뻐서 요즘 디저트나 음료로 엄청 많이... "", ""bloggername"": ""많이 먹고 뱃살댄스"", ""bloggerlink"": ""blog.naver.com/riri_park"", ""postdate"": ""20260524""}"
우베,preset,ube,"[편의점 신상]두쫀쿠, 버터떡 다음은? ‘우베베구마 샌드위치’... ",https://blog.naver.com/stellall0214/224294995380,20260524,"도대체 우베가 뭔지, 맛은 어떤지 궁금하셨던 분들을 위해 솔직 리뷰 바로 시작합니다 잠깐, '우베(<b>Ube</b>)'가 도대체 뭐야? 처음 보시는 분들은 &quot;자색 고구마인가?&quot; 하실 텐데요, 비슷하지만 다릅니다! 필리핀을... ",부산병 있는 부산사람 블로그,blog.naver.com/stellall0214,naver_blog,ube,alias,1.0,2026-05-26T11:02:57.061617+00:00,0,0,0,0,부산병 있는 부산사람 블로그,"도대체 우베가 뭔지, 맛은 어떤지 궁금하셨던 분들을 위해 솔직 리뷰 바로 시작합니다 잠깐, '우베(<b>Ube</b>)'가 도대체 뭐야? 처음 보시는 분들은 &quot;자색 고구마인가?&quot; 하실 텐데요, 비슷하지만 다릅니다! 필리핀을... ","{""title"": ""[편의점 신상]두쫀쿠, 버터떡 다음은? ‘우베베구마 샌드위치’... "", ""link"": ""https://blog.naver.com/stellall0214/224294995380"", ""description"": ""도대체 우베가 뭔지, 맛은 어떤지 궁금하셨던 분들을 위해 솔직 리뷰 바로 시작합니다 잠깐, '우베(<b>Ube</b>)'가 도대체 뭐야? 처음 보시는 분들은 &quot;자색 고구마인가?&quot; 하실 텐데요, 비슷하지만 다릅니다! 필리핀을... "", ""bloggername"": ""부산병 있는 부산사람 블로그"", ""bloggerlink"": ""blog.naver.com/stellall0214"", ""postdate"": ""20260524""}"
우베,preset,ube,투썸플레이스 보라색 푸드 트렌드 반영 보라색 비주얼 강조한... ,https://blog.naver.com/ktkk3586/224294973204,20260524,"식음료 업계에서 보라색 식재료인 '우베(<b>Ube</b>)'를 활용한 메뉴가 트렌드로 부상하는 가운데, 디저트 카페 투썸플레이스가 이를 접목한 신메뉴를 선보였다. 투썸플레이스는 최근 우베를 활용한 커피 음료인 '우베... ",안식처의빛,blog.naver.com/ktkk3586,naver_blog,ube,alias,1.0,2026-05-26T11:02:57.061617+00:00,0,0,0,0,안식처의빛,"식음료 업계에서 보라색 식재료인 '우베(<b>Ube</b>)'를 활용한 메뉴가 트렌드로 부상하는 가운데, 디저트 카페 투썸플레이스가 이를 접목한 신메뉴를 선보였다. 투썸플레이스는 최근 우베를 활용한 커피 음료인 '우베... ","{""title"": ""투썸플레이스 보라색 푸드 트렌드 반영 보라색 비주얼 강조한... "", ""link"": ""https://blog.naver.com/ktkk3586/224294973204"", ""description"": ""식음료 업계에서 보라색 식재료인 '우베(<b>Ube</b>)'를 활용한 메뉴가 트렌드로 부상하는 가운데, 디저트 카페 투썸플레이스가 이를 접목한 신메뉴를 선보였다. 투썸플레이스는 최근 우베를 활용한 커피 음료인 '우베... "", ""bloggername"": ""안식처의빛"", ""bloggerlink"": ""blog.naver.com/ktkk3586"", ""postdate"": ""20260524""}"
우베,preset,ube,파리바게트 신상 우베생크림빵 솔직후기,https://blog.naver.com/euneun_haru/224294939084,20260524,우베(<b>Ube</b>)는 필리핀 자색마라고 하는데요. 쉽게 말하면 보라색 고구마 느낌이라고 생각하면 돼요. 그래서인지 빵 색감도 은은한 보라빛이라 처음 봤을 때부터 시선강탈! 파리바게뜨 신상빵 중에서도 비주얼이 꽤... ,생활 밀착 블log,blog.naver.com/euneun_haru,naver_blog,ube,alias,1.0,2026-05-26T11:02:57.061617+00:00,0,0,0,0,생활 밀착 블log,우베(<b>Ube</b>)는 필리핀 자색마라고 하는데요. 쉽게 말하면 보라색 고구마 느낌이라고 생각하면 돼요. 그래서인지 빵 색감도 은은한 보라빛이라 처음 봤을 때부터 시선강탈! 파리바게뜨 신상빵 중에서도 비주얼이 꽤... ,"{""title"": ""파리바게트 신상 우베생크림빵 솔직후기"", ""link"": ""https://blog.naver.com/euneun_haru/224294939084"", ""description"": ""우베(<b>Ube</b>)는 필리핀 자색마라고 하는데요. 쉽게 말하면 보라색 고구마 느낌이라고 생각하면 돼요. 그래서인지 빵 색감도 은은한 보라빛이라 처음 봤을 때부터 시선강탈! 파리바게뜨 신상빵 중에서도 비주얼이 꽤... "", ""bloggername"": ""생활 밀착 블log"", ""bloggerlink"": ""blog.naver.com/euneun_haru"", ""postdate"": ""20260524""}"
우베,preset,ube,&quot;말차 다음 주자?&quot; 출시 3일만에 1위 찍은 보라색의 정체...우베 뜻,https://blog.naver.com/likethor100/224292211511,20260524,"우베 뜻, 결론부터 말해주겠네 결론부터 말하자면 우베(<b>Ube</b>)는 필리핀 타갈로그어로 '덩이줄기'라는 뜻이라네. 쉽게 말해 보라색 자색 참마지 않겠는가. 1613년 필리핀 최초의 사전에도 'uvi'로 기록될 만큼 400년... ",백세까지 토르처럼 건강하게,blog.naver.com/likethor100,naver_blog,ube,alias,1.0,2026-05-26T11:02:57.061617+00:00,0,0,0,0,백세까지 토르처럼 건강하게,"우베 뜻, 결론부터 말해주겠네 결론부터 말하자면 우베(<b>Ube</b>)는 필리핀 타갈로그어로 '덩이줄기'라는 뜻이라네. 쉽게 말해 보라색 자색 참마지 않겠는가. 1613년 필리핀 최초의 사전에도 'uvi'로 기록될 만큼 400년... ","{""title"": ""&quot;말차 다음 주자?&quot; 출시 3일만에 1위 찍은 보라색의 정체...우베 뜻"", ""link"": ""https://blog.naver.com/likethor100/224292211511"", ""description"": ""우베 뜻, 결론부터 말해주겠네 결론부터 말하자면 우베(<b>Ube</b>)는 필리핀 타갈로그어로 '덩이줄기'라는 뜻이라네. 쉽게 말해 보라색 자색 참마지 않겠는가. 1613년 필리핀 최초의 사전에도 'uvi'로 기록될 만큼 400년... "", ""bloggername"": ""백세까지 토르처럼 건강하게"", ""bloggerlink"": ""blog.naver.com/likethor100"", ""postdate"": ""20260524""}"
우베,preset,ube,요추협착증 야간통 — 잠 못 드는 환자를 위한 진단 안내,https://blog.naver.com/totalspine1/224293221691,20260524,"(N1494, <b>UBE</b>)과 같은 최소침습 치료를 적극 검토해보시기를 권유드립니다. 야간통은 진단의... (N1494, <b>UBE</b>)을 검토하게 됩니다. <b>UBE</b>는 두 개의 작은 통로(약 7~8mm)를 통해 내시경과 수술 기구를 각각... ",현명 신경외과 정형외과 & 내과,blog.naver.com/totalspine1,naver_blog,ube,alias,1.0,2026-05-26T11:02:57.061617+00:00,0,0,0,0,현명 신경외과 정형외과 & 내과,"(N1494, <b>UBE</b>)과 같은 최소침습 치료를 적극 검토해보시기를 권유드립니다. 야간통은 진단의... (N1494, <b>UBE</b>)을 검토하게 됩니다. <b>UBE</b>는 두 개의 작은 통로(약 7~8mm)를 통해 내시경과 수술 기구를 각각... ","{""title"": ""요추협착증 야간통 — 잠 못 드는 환자를 위한 진단 안내"", ""link"": ""https://blog.naver.com/totalspine1/224293221691"", ""description"": ""(N1494, <b>UBE</b>)과 같은 최소침습 치료를 적극 검토해보시기를 권유드립니다. 야간통은 진단의... (N1494, <b>UBE</b>)을 검토하게 됩니다. <b>UBE</b>는 두 개의 작은 통로(약 7~8mm)를 통해 내시경과 수술 기구를 각각... "", ""bloggername"": ""현명 신경외과 정형외과 & 내과"", ""bloggerlink"": ""blog.naver.com/totalspine1"", ""postdate"": ""20260524""}"
우베,preset,ube,"[카페투하츠] 작지만 강한 복대동 카페, 나만 알고 싶은 감성... ",https://blog.naver.com/pwoohj/224293635547,20260524,다들 '우베(<b>Ube</b>)'가 뭔지 궁금하시죠? 자색고마와 비슷하게 생긴 필리핀의 열대 작물로 필리핀 디저트에서 빠지지 않는 인기 식재료인데요. 요즘 우리나라 디저트에도 우베를 활용한 디저트가 엄청 많잖아요!... ,더클링이사는 세상♡,blog.naver.com/pwoohj,naver_blog,ube,alias,1.0,2026-05-26T11:02:57.061617+00:00,0,0,0,0,더클링이사는 세상♡,다들 '우베(<b>Ube</b>)'가 뭔지 궁금하시죠? 자색고마와 비슷하게 생긴 필리핀의 열대 작물로 필리핀 디저트에서 빠지지 않는 인기 식재료인데요. 요즘 우리나라 디저트에도 우베를 활용한 디저트가 엄청 많잖아요!... ,"{""title"": ""[카페투하츠] 작지만 강한 복대동 카페, 나만 알고 싶은 감성... "", ""link"": ""https://blog.naver.com/pwoohj/224293635547"", ""description"": ""다들 '우베(<b>Ube</b>)'가 뭔지 궁금하시죠? 자색고마와 비슷하게 생긴 필리핀의 열대 작물로 필리핀 디저트에서 빠지지 않는 인기 식재료인데요. 요즘 우리나라 디저트에도 우베를 활용한 디저트가 엄청 많잖아요!... "", ""bloggername"": ""더클링이사는 세상♡"", ""bloggerlink"": ""blog.naver.com/pwoohj"", ""postdate"": ""20260524""}"
우베,preset,ube,gac303acn 증상 선택,http://www.bluelog.kr/13686,20260524,AME8570M-A4<b>UBE</b>308 5800 C0603C820G5GAC7867 C FWDM-16217D57ADV FWDM DSEC29-02A DSEC gac303acn IRF7805ZTRPBF IRF FFP12UP20DNTU NCV303LSN23T1G NCV KH206-810B2R KH 1779440 CY62157EV30LL... ,bluelog.kr,http://www.bluelog.kr/,naver_blog,ube,alias,1.0,2026-05-26T11:02:57.061617+00:00,0,0,0,0,bluelog.kr,AME8570M-A4<b>UBE</b>308 5800 C0603C820G5GAC7867 C FWDM-16217D57ADV FWDM DSEC29-02A DSEC gac303acn IRF7805ZTRPBF IRF FFP12UP20DNTU NCV303LSN23T1G NCV KH206-810B2R KH 1779440 CY62157EV30LL... ,"{""title"": ""gac303acn 증상 선택"", ""link"": ""http://www.bluelog.kr/13686"", ""description"": ""AME8570M-A4<b>UBE</b>308 5800 C0603C820G5GAC7867 C FWDM-16217D57ADV FWDM DSEC29-02A DSEC gac303acn IRF7805ZTRPBF IRF FFP12UP20DNTU NCV303LSN23T1G NCV KH206-810B2R KH 1779440 CY62157EV30LL... "", ""bloggername"": ""bluelog.kr"", ""bloggerlink"": ""http://www.bluelog.kr/"", ""postdate"": ""20260524""}"
우베,preset,ube,보라색 감성 폭발! 우베 메뉴가 유행하는 이유,https://blog.naver.com/samsic2016/224294768465,20260524,<b>Ube</b>)’ 열풍 이야기 요즘 카페 가보면 은근히 자주 보이는 색이 있습니다. 바로 보라색  처음엔 “포도 맛인가?” “블루베리인가?” 싶었는데 알고 보니 요즘 카페 트렌드를 장악하고 있는 건 바로 ‘우베(<b>Ube</b>)... ,삼식이네 집이에용,blog.naver.com/samsic2016,naver_blog,ube,alias,1.0,2026-05-26T11:02:57.061617+00:00,0,0,0,0,삼식이네 집이에용,<b>Ube</b>)’ 열풍 이야기 요즘 카페 가보면 은근히 자주 보이는 색이 있습니다. 바로 보라색  처음엔 “포도 맛인가?” “블루베리인가?” 싶었는데 알고 보니 요즘 카페 트렌드를 장악하고 있는 건 바로 ‘우베(<b>Ube</b>)... ,"{""title"": ""보라색 감성 폭발! 우베 메뉴가 유행하는 이유"", ""link"": ""https://blog.naver.com/samsic2016/224294768465"", ""description"": ""<b>Ube</b>)’ 열풍 이야기 요즘 카페 가보면 은근히 자주 보이는 색이 있습니다. 바로 보라색  처음엔 “포도 맛인가?” “블루베리인가?” 싶었는데 알고 보니 요즘 카페 트렌드를 장악하고 있는 건 바로 ‘우베(<b>Ube</b>)... "", ""bloggername"": ""삼식이네 집이에용"", ""bloggerlink"": ""blog.naver.com/samsic2016"", ""postdate"": ""20260524""}"
우베,preset,ube,서울우유 우베크림소금빵 gs25 우베 칼로리 가격,https://blog.naver.com/ejs2122/224294746512,20260524,'우베(<b>Ube</b>)'가 정확히 무엇일까? 이 제품의 핵심 콘셉트인 우베(<b>Ube</b>)가 낯선 분들도 계실 텐데요. 간단히 짚고 넘어가 보겠습니다. 우베(<b>Ube</b>)란? 주로 필리핀 등 동남아시아에서 흔히 볼 수 있는 자색 마(Dioscorea... ,로지쿡의 먹고 사는 이야기,blog.naver.com/ejs2122,naver_blog,ube,alias,1.0,2026-05-26T11:02:57.061617+00:00,0,0,0,0,로지쿡의 먹고 사는 이야기,'우베(<b>Ube</b>)'가 정확히 무엇일까? 이 제품의 핵심 콘셉트인 우베(<b>Ube</b>)가 낯선 분들도 계실 텐데요. 간단히 짚고 넘어가 보겠습니다. 우베(<b>Ube</b>)란? 주로 필리핀 등 동남아시아에서 흔히 볼 수 있는 자색 마(Dioscorea... ,"{""title"": ""서울우유 우베크림소금빵 gs25 우베 칼로리 가격"", ""link"": ""https://blog.naver.com/ejs2122/224294746512"", ""description"": ""'우베(<b>Ube</b>)'가 정확히 무엇일까? 이 제품의 핵심 콘셉트인 우베(<b>Ube</b>)가 낯선 분들도 계실 텐데요. 간단히 짚고 넘어가 보겠습니다. 우베(<b>Ube</b>)란? 주로 필리핀 등 동남아시아에서 흔히 볼 수 있는 자색 마(Dioscorea... "", ""bloggername"": ""로지쿡의 먹고 사는 이야기"", ""bloggerlink"": ""blog.naver.com/ejs2122"", ""postdate"": ""20260524""}"
우베,preset,ube,우베 열풍…왜 갑자기 뜨나 - 말차 이어 보라색 디저트 유행... ,https://blog.naver.com/coblebrief/224294727258,20260524,"우베 열풍…왜 갑자기 뜨나 말차 이어 보라색 디저트 유행·SNS 비주얼 소비 확산 최근 카페와 디저트 업계를 중심으로 ‘우베(<b>Ube</b>)’ 열풍이 빠르게 확산되고 있습니다. 한동안 말차와 두바이초콜릿, 버터떡... ","세상을 쉽고 빠르게 읽는 트렌드 브리핑, 코블 브리핑",blog.naver.com/coblebrief,naver_blog,ube,alias,1.0,2026-05-26T11:02:57.061617+00:00,0,0,0,0,"세상을 쉽고 빠르게 읽는 트렌드 브리핑, 코블 브리핑","우베 열풍…왜 갑자기 뜨나 말차 이어 보라색 디저트 유행·SNS 비주얼 소비 확산 최근 카페와 디저트 업계를 중심으로 ‘우베(<b>Ube</b>)’ 열풍이 빠르게 확산되고 있습니다. 한동안 말차와 두바이초콜릿, 버터떡... ","{""title"": ""우베 열풍…왜 갑자기 뜨나 - 말차 이어 보라색 디저트 유행... "", ""link"": ""https://blog.naver.com/coblebrief/224294727258"", ""description"": ""우베 열풍…왜 갑자기 뜨나 말차 이어 보라색 디저트 유행·SNS 비주얼 소비 확산 최근 카페와 디저트 업계를 중심으로 ‘우베(<b>Ube</b>)’ 열풍이 빠르게 확산되고 있습니다. 한동안 말차와 두바이초콜릿, 버터떡... "", ""bloggername"": ""세상을 쉽고 빠르게 읽는 트렌드 브리핑, 코블 브리핑"", ""bloggerlink"": ""blog.naver.com/coblebrief"", ""postdate"": ""20260524""}"
우베,preset,ube,강릉 순두부젤라또3호점 오션뷰 재방문 모임돈모임산,https://blog.naver.com/hhoo08/224294695110,20260523,"(사진은 없지만요.) 메뉴 에스프레소 젤라또커피와 잘츠커피, 젤라또 아포카토, 커피가 들어가지않은 라떼메뉴 있고 에이드 있으며 커피와 티 그리고 신메뉴인 <b>UBE</b> 있습니다. 아메리카노기준 5000원이예요.... ",그림일기의 일상 여행:D,blog.naver.com/hhoo08,naver_blog,ube,alias,1.0,2026-05-26T11:02:57.061617+00:00,0,0,0,0,그림일기의 일상 여행:D,"(사진은 없지만요.) 메뉴 에스프레소 젤라또커피와 잘츠커피, 젤라또 아포카토, 커피가 들어가지않은 라떼메뉴 있고 에이드 있으며 커피와 티 그리고 신메뉴인 <b>UBE</b> 있습니다. 아메리카노기준 5000원이예요.... ","{""title"": ""강릉 순두부젤라또3호점 오션뷰 재방문 모임돈모임산"", ""link"": ""https://blog.naver.com/hhoo08/224294695110"", ""description"": ""(사진은 없지만요.) 메뉴 에스프레소 젤라또커피와 잘츠커피, 젤라또 아포카토, 커피가 들어가지않은 라떼메뉴 있고 에이드 있으며 커피와 티 그리고 신메뉴인 <b>UBE</b> 있습니다. 아메리카노기준 5000원이예요.... "", ""bloggername"": ""그림일기의 일상 여행:D"", ""bloggerlink"": ""blog.naver.com/hhoo08"", ""postdate"": ""20260523""}"
우베,preset,ube,"광주 디저트 맛집 주월동 디저트 주월동 맛집, 마이요거트립... ",https://blog.naver.com/yjllow/224294668476,20260523,"우베(<b>Ube</b>)는 ‘퍼플 얌(Purple Yam)’이라고 불리는 자색 고구마의 한 종류로, 필리핀과 동남아 디저트에서 자주 사용되는 재료입니다 단순히 달기만 한 맛이 아니라 은은한 바닐라 향과 코코넛 향이 함께 어우러져... ",북짹한세상,blog.naver.com/yjllow,naver_blog,ube,alias,1.0,2026-05-26T11:02:57.061617+00:00,0,0,0,0,북짹한세상,"우베(<b>Ube</b>)는 ‘퍼플 얌(Purple Yam)’이라고 불리는 자색 고구마의 한 종류로, 필리핀과 동남아 디저트에서 자주 사용되는 재료입니다 단순히 달기만 한 맛이 아니라 은은한 바닐라 향과 코코넛 향이 함께 어우러져... ","{""title"": ""광주 디저트 맛집 주월동 디저트 주월동 맛집, 마이요거트립... "", ""link"": ""https://blog.naver.com/yjllow/224294668476"", ""description"": ""우베(<b>Ube</b>)는 ‘퍼플 얌(Purple Yam)’이라고 불리는 자색 고구마의 한 종류로, 필리핀과 동남아 디저트에서 자주 사용되는 재료입니다 단순히 달기만 한 맛이 아니라 은은한 바닐라 향과 코코넛 향이 함께 어우러져... "", ""bloggername"": ""북짹한세상"", ""bloggerlink"": ""blog.naver.com/yjllow"", ""postdate"": ""20260523""}"
우베,preset,ube,도산공원카페 ㅣ 노티드청담 압구정카페 오랜만이야,https://blog.naver.com/twodeers/224294654417,20260523,"노티드 청담 내부 <b>UBE</b>!! 저도~~ 우베 이거 먹으러 왔습니다 ✔️ 이번 우베 시즌 메뉴는 전체적으로 ‘달고 부드러운 고소함’ 느낌이 강했다. 보라색 컬러감이 확실해서 사진 찍으면 존재감도 좋고, 메뉴마다... ",2deers & HoHonest,blog.naver.com/twodeers,naver_blog,ube,alias,1.0,2026-05-26T11:02:57.061617+00:00,0,0,0,0,2deers & HoHonest,"노티드 청담 내부 <b>UBE</b>!! 저도~~ 우베 이거 먹으러 왔습니다 ✔️ 이번 우베 시즌 메뉴는 전체적으로 ‘달고 부드러운 고소함’ 느낌이 강했다. 보라색 컬러감이 확실해서 사진 찍으면 존재감도 좋고, 메뉴마다... ","{""title"": ""도산공원카페 ㅣ 노티드청담 압구정카페 오랜만이야"", ""link"": ""https://blog.naver.com/twodeers/224294654417"", ""description"": ""노티드 청담 내부 <b>UBE</b>!! 저도~~ 우베 이거 먹으러 왔습니다 ✔️ 이번 우베 시즌 메뉴는 전체적으로 ‘달고 부드러운 고소함’ 느낌이 강했다. 보라색 컬러감이 확실해서 사진 찍으면 존재감도 좋고, 메뉴마다... "", ""bloggername"": ""2deers & HoHonest"", ""bloggerlink"": ""blog.naver.com/twodeers"", ""postdate"": ""20260523""}"
우베,preset,ube,GS25 편의점 서울우유 우베크림소금빵 칼로리 솔직후기,https://blog.naver.com/fruits_tea/224294649712,20260523,"최근 글로벌 카페/디저트 시장을 뒤흔들고 있는 키워드 '우베(<b>Ube</b>)' 필리핀 등 동남아시아에서 자라는 보라색 참마의 일종인 우베는 은은한 단맛과 부드러운 바닐라향, 고소한 풍미가 특징이다 그리고 2026년... ",ANBU,blog.naver.com/fruits_tea,naver_blog,ube,alias,1.0,2026-05-26T11:02:57.061617+00:00,0,0,0,0,ANBU,"최근 글로벌 카페/디저트 시장을 뒤흔들고 있는 키워드 '우베(<b>Ube</b>)' 필리핀 등 동남아시아에서 자라는 보라색 참마의 일종인 우베는 은은한 단맛과 부드러운 바닐라향, 고소한 풍미가 특징이다 그리고 2026년... ","{""title"": ""GS25 편의점 서울우유 우베크림소금빵 칼로리 솔직후기"", ""link"": ""https://blog.naver.com/fruits_tea/224294649712"", ""description"": ""최근 글로벌 카페/디저트 시장을 뒤흔들고 있는 키워드 '우베(<b>Ube</b>)' 필리핀 등 동남아시아에서 자라는 보라색 참마의 일종인 우베는 은은한 단맛과 부드러운 바닐라향, 고소한 풍미가 특징이다 그리고 2026년... "", ""bloggername"": ""ANBU"", ""bloggerlink"": ""blog.naver.com/fruits_tea"", ""postdate"": ""20260523""}"
우베,preset,ube,광주 동명동 카페 우베디저트와 커피가 맛있는 리리커피 로스터리,https://blog.naver.com/njhy9497/224294621969,20260523,"디저트류도 다양한데요 요즘 유행인 버터떡, 비스코티, 바스크치즈케이크, 티라미수, 브라우니가 있어요 그중에서도 저는 신메뉴인 우베(<b>Ube</b>) 바치케 디카페인 아메리카노 바닐라빈크림라떼 오레오 초코 쿠키... ",젼의 희희낙락 ( ღ'ᴗ'ღ ),blog.naver.com/njhy9497,naver_blog,ube,alias,1.0,2026-05-26T11:02:57.061617+00:00,0,0,0,0,젼의 희희낙락 ( ღ'ᴗ'ღ ),"디저트류도 다양한데요 요즘 유행인 버터떡, 비스코티, 바스크치즈케이크, 티라미수, 브라우니가 있어요 그중에서도 저는 신메뉴인 우베(<b>Ube</b>) 바치케 디카페인 아메리카노 바닐라빈크림라떼 오레오 초코 쿠키... ","{""title"": ""광주 동명동 카페 우베디저트와 커피가 맛있는 리리커피 로스터리"", ""link"": ""https://blog.naver.com/njhy9497/224294621969"", ""description"": ""디저트류도 다양한데요 요즘 유행인 버터떡, 비스코티, 바스크치즈케이크, 티라미수, 브라우니가 있어요 그중에서도 저는 신메뉴인 우베(<b>Ube</b>) 바치케 디카페인 아메리카노 바닐라빈크림라떼 오레오 초코 쿠키... "", ""bloggername"": ""젼의 희희낙락 ( ღ'ᴗ'ღ )"", ""bloggerlink"": ""blog.naver.com/njhy9497"", ""postdate"": ""20260523""}"
우베,preset,ube,"서면 디저트 카페, 넉아웃에서 인생 생망고케이크와 우베라떼... ",https://blog.naver.com/mindempathy2022/224294593279,20260523,'우베(<b>Ube</b>)'는 자색 고구마와 비슷하면서도 특유의 고소하고 달콤한 풍미를 가진 구황작물인데요. 한 모금 마셔보니 타로 밀크티보다 훨씬 진하고 부드러운 고소함이 밀려왔습니다. 적당히 달달하면서도 묵직한... ,영혼의 안식처(마음공감심리상담센터),blog.naver.com/mindempathy2022,naver_blog,ube,alias,1.0,2026-05-26T11:02:57.061617+00:00,0,0,0,0,영혼의 안식처(마음공감심리상담센터),'우베(<b>Ube</b>)'는 자색 고구마와 비슷하면서도 특유의 고소하고 달콤한 풍미를 가진 구황작물인데요. 한 모금 마셔보니 타로 밀크티보다 훨씬 진하고 부드러운 고소함이 밀려왔습니다. 적당히 달달하면서도 묵직한... ,"{""title"": ""서면 디저트 카페, 넉아웃에서 인생 생망고케이크와 우베라떼... "", ""link"": ""https://blog.naver.com/mindempathy2022/224294593279"", ""description"": ""'우베(<b>Ube</b>)'는 자색 고구마와 비슷하면서도 특유의 고소하고 달콤한 풍미를 가진 구황작물인데요. 한 모금 마셔보니 타로 밀크티보다 훨씬 진하고 부드러운 고소함이 밀려왔습니다. 적당히 달달하면서도 묵직한... "", ""bloggername"": ""영혼의 안식처(마음공감심리상담센터)"", ""bloggerlink"": ""blog.naver.com/mindempathy2022"", ""postdate"": ""20260523""}"
우베,preset,ube,제 피엔 디피가 흐르죠,https://blog.naver.com/eivomung/224294576115,20260523,구교환 연기 너무잘함 정말…… 어케하는걸까 https://youtu.be/<b>ubE</b>8OCHW2QM?si=1sZLgVn7e0DxAxus “환경호르몬은 사실 맛있는게 아닐까?” 인생을 관통하는 명언입니다 이거 건강하지 않을수록 맛있다 :) https... ,（╹◡╹）♡˚✧₊,blog.naver.com/eivomung,naver_blog,ube,alias,1.0,2026-05-26T11:02:57.061617+00:00,0,0,0,0,（╹◡╹）♡˚✧₊,구교환 연기 너무잘함 정말…… 어케하는걸까 https://youtu.be/<b>ubE</b>8OCHW2QM?si=1sZLgVn7e0DxAxus “환경호르몬은 사실 맛있는게 아닐까?” 인생을 관통하는 명언입니다 이거 건강하지 않을수록 맛있다 :) https... ,"{""title"": ""제 피엔 디피가 흐르죠"", ""link"": ""https://blog.naver.com/eivomung/224294576115"", ""description"": ""구교환 연기 너무잘함 정말…… 어케하는걸까 https://youtu.be/<b>ubE</b>8OCHW2QM?si=1sZLgVn7e0DxAxus “환경호르몬은 사실 맛있는게 아닐까?” 인생을 관통하는 명언입니다 이거 건강하지 않을수록 맛있다 :) https... "", ""bloggername"": ""（╹◡╹）♡˚✧₊"", ""bloggerlink"": ""blog.naver.com/eivomung"", ""postdate"": ""20260523""}"
우베,preset,ube,"우베, 보라색 고구마? 진짜 맛과 영양 3분 정리!",https://blog.naver.com/life-living/224294416612,20260523,"바로 우베(<b>Ube</b>) 이야기입니다. 저도 처음에는 그저 예쁜 보라색에 이끌렸지만, 우베가 가진 진짜 매력을 알고 나니 더욱 흥미로웠습니다. 오늘은 이 신비로운 우베가 무엇인지, 어떤 영양 성분을 가지고 있으며... ",생활화학꿀팁님의 블로그,blog.naver.com/life-living,naver_blog,ube,alias,1.0,2026-05-26T11:02:57.061617+00:00,0,0,0,0,생활화학꿀팁님의 블로그,"바로 우베(<b>Ube</b>) 이야기입니다. 저도 처음에는 그저 예쁜 보라색에 이끌렸지만, 우베가 가진 진짜 매력을 알고 나니 더욱 흥미로웠습니다. 오늘은 이 신비로운 우베가 무엇인지, 어떤 영양 성분을 가지고 있으며... ","{""title"": ""우베, 보라색 고구마? 진짜 맛과 영양 3분 정리!"", ""link"": ""https://blog.naver.com/life-living/224294416612"", ""description"": ""바로 우베(<b>Ube</b>) 이야기입니다. 저도 처음에는 그저 예쁜 보라색에 이끌렸지만, 우베가 가진 진짜 매력을 알고 나니 더욱 흥미로웠습니다. 오늘은 이 신비로운 우베가 무엇인지, 어떤 영양 성분을 가지고 있으며... "", ""bloggername"": ""생활화학꿀팁님의 블로그"", ""bloggerlink"": ""blog.naver.com/life-living"", ""postdate"": ""20260523""}"
우베,preset,ube,직장인 주말 힐링 디저트 추천 우베 디저트로 떠나는 감성 카페... ,https://blog.naver.com/creamystar/224294455866,20260523,‘우베(<b>Ube</b>)’였더라고요. 덕분에 요즘은 서울 카페 투어하면서도 마치 동남아 여행 온 것 같은... 우베(<b>Ube</b>)는 필리핀에서 정말 대중적으로 먹는 보라색 자색 참마의 한 종류라고 해요. 고구마랑 비슷해... ,행복을 찾는 여행자 아셀,blog.naver.com/creamystar,naver_blog,ube,alias,1.0,2026-05-26T11:02:57.061617+00:00,0,0,0,0,행복을 찾는 여행자 아셀,‘우베(<b>Ube</b>)’였더라고요. 덕분에 요즘은 서울 카페 투어하면서도 마치 동남아 여행 온 것 같은... 우베(<b>Ube</b>)는 필리핀에서 정말 대중적으로 먹는 보라색 자색 참마의 한 종류라고 해요. 고구마랑 비슷해... ,"{""title"": ""직장인 주말 힐링 디저트 추천 우베 디저트로 떠나는 감성 카페... "", ""link"": ""https://blog.naver.com/creamystar/224294455866"", ""description"": ""‘우베(<b>Ube</b>)’였더라고요. 덕분에 요즘은 서울 카페 투어하면서도 마치 동남아 여행 온 것 같은... 우베(<b>Ube</b>)는 필리핀에서 정말 대중적으로 먹는 보라색 자색 참마의 한 종류라고 해요. 고구마랑 비슷해... "", ""bloggername"": ""행복을 찾는 여행자 아셀"", ""bloggerlink"": ""blog.naver.com/creamystar"", ""postdate"": ""20260523""}"
우베,preset,ube,[차차리뷰] 트레이더스 푸드코트 디저트 신상  우베선데이 한입... ,https://blog.naver.com/hello_sikbbang/224294449793,20260523,우베(<b>Ube</b>)란 무엇일까?! 우베에 대해 알아보자!  우베(<b>Ube</b>)란? 저도 처음엔 이름만 보고 “보라색 고구마인가…?” 싶었는데 찾아보니 필리핀에서 많이 먹는 자색 참마 같은 식재료라고 하더라구요!  달달하면서도... ,식빵이의 하루,blog.naver.com/hello_sikbbang,naver_blog,ube,alias,1.0,2026-05-26T11:02:57.061617+00:00,0,0,0,0,식빵이의 하루,우베(<b>Ube</b>)란 무엇일까?! 우베에 대해 알아보자!  우베(<b>Ube</b>)란? 저도 처음엔 이름만 보고 “보라색 고구마인가…?” 싶었는데 찾아보니 필리핀에서 많이 먹는 자색 참마 같은 식재료라고 하더라구요!  달달하면서도... ,"{""title"": ""[차차리뷰] 트레이더스 푸드코트 디저트 신상  우베선데이 한입... "", ""link"": ""https://blog.naver.com/hello_sikbbang/224294449793"", ""description"": ""우베(<b>Ube</b>)란 무엇일까?! 우베에 대해 알아보자!  우베(<b>Ube</b>)란? 저도 처음엔 이름만 보고 “보라색 고구마인가…?” 싶었는데 찾아보니 필리핀에서 많이 먹는 자색 참마 같은 식재료라고 하더라구요!  달달하면서도... "", ""bloggername"": ""식빵이의 하루"", ""bloggerlink"": ""blog.naver.com/hello_sikbbang"", ""postdate"": ""20260523""}"
우베,preset,우베 디저트,"건강 트렌드, 보라색 자색고구마 <b>우베</b> 효능과 영양 성분",https://blog.naver.com/heemanggonggan/224297158366,20260526,오늘 함께 알아볼 웰빙 건강 트렌드는 <b>디저트</b>와 음료의 인기를 끌고 있는 <b>우베</b> 성분 정보입니다. 독특한 보라색 빛깔과 부드럽고 달콤한 맛으로 최근 전 세계 많은 이들의 주목을 받고 있습니다. 필리핀이... ,희망공간 제작소,blog.naver.com/heemanggonggan,naver_blog,우베 디저트,alias,1.0,2026-05-26T11:02:57.061617+00:00,0,0,0,0,희망공간 제작소,오늘 함께 알아볼 웰빙 건강 트렌드는 <b>디저트</b>와 음료의 인기를 끌고 있는 <b>우베</b> 성분 정보입니다. 독특한 보라색 빛깔과 부드럽고 달콤한 맛으로 최근 전 세계 많은 이들의 주목을 받고 있습니다. 필리핀이... ,"{""title"": ""건강 트렌드, 보라색 자색고구마 <b>우베</b> 효능과 영양 성분"", ""link"": ""https://blog.naver.com/heemanggonggan/224297158366"", ""description"": ""오늘 함께 알아볼 웰빙 건강 트렌드는 <b>디저트</b>와 음료의 인기를 끌고 있는 <b>우베</b> 성분 정보입니다. 독특한 보라색 빛깔과 부드럽고 달콤한 맛으로 최근 전 세계 많은 이들의 주목을 받고 있습니다. 필리핀이... "", ""bloggername"": ""희망공간 제작소"", ""bloggerlink"": ""blog.naver.com/heemanggonggan"", ""postdate"": ""20260526""}"
우베,preset,우베 디저트,2654,https://blog.naver.com/cuti_ganz2/224297156801,20260526,만났으나 <b>디저트</b>도 식후경 야르렁 야르렁 난 청경채가 참 좋아 오랑지 연남 두쫀쿠가 너무 먹고싶었어요 오랑지 두쫀쿠 너무 사랑해.. 우리 가족 다 ㅇㅈ을 ㅇㅈ합니다라고 한 두쫀쿠 <b>우베</b> 바스크 치즈케이크?... ,´͈ ᵕ `͈ ♡°◌̊,blog.naver.com/cuti_ganz2,naver_blog,우베 디저트,alias,1.0,2026-05-26T11:02:57.061617+00:00,0,0,0,0,´͈ ᵕ `͈ ♡°◌̊,만났으나 <b>디저트</b>도 식후경 야르렁 야르렁 난 청경채가 참 좋아 오랑지 연남 두쫀쿠가 너무 먹고싶었어요 오랑지 두쫀쿠 너무 사랑해.. 우리 가족 다 ㅇㅈ을 ㅇㅈ합니다라고 한 두쫀쿠 <b>우베</b> 바스크 치즈케이크?... ,"{""title"": ""2654"", ""link"": ""https://blog.naver.com/cuti_ganz2/224297156801"", ""description"": ""만났으나 <b>디저트</b>도 식후경 야르렁 야르렁 난 청경채가 참 좋아 오랑지 연남 두쫀쿠가 너무 먹고싶었어요 오랑지 두쫀쿠 너무 사랑해.. 우리 가족 다 ㅇㅈ을 ㅇㅈ합니다라고 한 두쫀쿠 <b>우베</b> 바스크 치즈케이크?... "", ""bloggername"": ""´͈ ᵕ `͈ ♡°◌̊"", ""bloggerlink"": ""blog.naver.com/cuti_ganz2"", ""postdate"": ""20260526""}"
우베,preset,우베 디저트,지금 가야하는 이유? 애슐리는 지금 골드키위 축제중! 평택 고덕... ,https://blog.naver.com/zzizzinini/224297156324,20260526,골드키위 특유의 달달한 과즙이 매력적인 키위 뷔페 <b>디저트</b> 조합이랑 너무 좋았어요 <b>우베</b> 바스크 치즈케이크 이번 신메뉴 중 인기가 많은 보라빛 <b>우베</b> 바스크 치즈케이크 색감부터 시.강 한입 먹으면 <b>우베</b>... ,찌찌니니,blog.naver.com/zzizzinini,naver_blog,우베 디저트,alias,1.0,2026-05-26T11:02:57.061617+00:00,0,0,0,0,찌찌니니,골드키위 특유의 달달한 과즙이 매력적인 키위 뷔페 <b>디저트</b> 조합이랑 너무 좋았어요 <b>우베</b> 바스크 치즈케이크 이번 신메뉴 중 인기가 많은 보라빛 <b>우베</b> 바스크 치즈케이크 색감부터 시.강 한입 먹으면 <b>우베</b>... ,"{""title"": ""지금 가야하는 이유? 애슐리는 지금 골드키위 축제중! 평택 고덕... "", ""link"": ""https://blog.naver.com/zzizzinini/224297156324"", ""description"": ""골드키위 특유의 달달한 과즙이 매력적인 키위 뷔페 <b>디저트</b> 조합이랑 너무 좋았어요 <b>우베</b> 바스크 치즈케이크 이번 신메뉴 중 인기가 많은 보라빛 <b>우베</b> 바스크 치즈케이크 색감부터 시.강 한입 먹으면 <b>우베</b>... "", ""bloggername"": ""찌찌니니"", ""bloggerlink"": ""blog.naver.com/zzizzinini"", ""postdate"": ""20260526""}"
우베,preset,우베 디저트,전의면 맛집 베어트리파크 카페 캐러멜리,https://blog.naver.com/chanseul__/224297155744,20260526,"메뉴 *디카페인 변경 가능 캐러멜리 메뉴 요즘 핫한 <b>우베</b> 크림 라떼를 비롯해서 계절메뉴인 수박주스, 벨지움 쇼콜라라떼, 버터떡, 오렌지 아메리카노 등 특색 있고 트렌디한 <b>디저트</b>를 만날 수 있는 전의면... ",이웃집 찬슬,blog.naver.com/chanseul__,naver_blog,우베 디저트,alias,1.0,2026-05-26T11:02:57.061617+00:00,0,0,0,0,이웃집 찬슬,"메뉴 *디카페인 변경 가능 캐러멜리 메뉴 요즘 핫한 <b>우베</b> 크림 라떼를 비롯해서 계절메뉴인 수박주스, 벨지움 쇼콜라라떼, 버터떡, 오렌지 아메리카노 등 특색 있고 트렌디한 <b>디저트</b>를 만날 수 있는 전의면... ","{""title"": ""전의면 맛집 베어트리파크 카페 캐러멜리"", ""link"": ""https://blog.naver.com/chanseul__/224297155744"", ""description"": ""메뉴 *디카페인 변경 가능 캐러멜리 메뉴 요즘 핫한 <b>우베</b> 크림 라떼를 비롯해서 계절메뉴인 수박주스, 벨지움 쇼콜라라떼, 버터떡, 오렌지 아메리카노 등 특색 있고 트렌디한 <b>디저트</b>를 만날 수 있는 전의면... "", ""bloggername"": ""이웃집 찬슬"", ""bloggerlink"": ""blog.naver.com/chanseul__"", ""postdate"": ""20260526""}"
우베,preset,우베 디저트,다이어트 기록일지 [13],https://blog.naver.com/mycozyday_/224297147642,20260526,mycozydaily #다이어트블로그 #다이어트운동 #계단오르기 #런닝 #유산소운동 #<b>디저트</b>39메뉴 #<b>디저트</b>39쿠키슈 #<b>디저트</b>39<b>우베</b>라떼 #돼지게티 #돼지게티김치항정 #말차격불 #말차격불카페 #마라꼬치 #로컬맛집... ,뭉씨일기,blog.naver.com/mycozyday_,naver_blog,우베 디저트,alias,1.0,2026-05-26T11:02:57.061617+00:00,0,0,0,0,뭉씨일기,mycozydaily #다이어트블로그 #다이어트운동 #계단오르기 #런닝 #유산소운동 #<b>디저트</b>39메뉴 #<b>디저트</b>39쿠키슈 #<b>디저트</b>39<b>우베</b>라떼 #돼지게티 #돼지게티김치항정 #말차격불 #말차격불카페 #마라꼬치 #로컬맛집... ,"{""title"": ""다이어트 기록일지 [13]"", ""link"": ""https://blog.naver.com/mycozyday_/224297147642"", ""description"": ""mycozydaily #다이어트블로그 #다이어트운동 #계단오르기 #런닝 #유산소운동 #<b>디저트</b>39메뉴 #<b>디저트</b>39쿠키슈 #<b>디저트</b>39<b>우베</b>라떼 #돼지게티 #돼지게티김치항정 #말차격불 #말차격불카페 #마라꼬치 #로컬맛집... "", ""bloggername"": ""뭉씨일기"", ""bloggerlink"": ""blog.naver.com/mycozyday_"", ""postdate"": ""20260526""}"
우베,preset,우베 디저트,6월 제주 동쪽 가볼만한 곳 망고가 제철이라 맛있는 곳,https://blog.naver.com/lilly_always/224297145197,20260526,"5월 말부터 6월 요즘 딱 이 시기에 방문해야하는 망고데이 필리핀<b>디저트</b>카페예요. 망고 좋아하는... <b>우베</b> 관련 아이스크림이랑 음료도 있고, 베트남 명물 콩커피도 있어요. 수제 망고 아이스크림부터 메인으로... ",내일의 소정,blog.naver.com/lilly_always,naver_blog,우베 디저트,alias,1.0,2026-05-26T11:02:57.061617+00:00,0,0,0,0,내일의 소정,"5월 말부터 6월 요즘 딱 이 시기에 방문해야하는 망고데이 필리핀<b>디저트</b>카페예요. 망고 좋아하는... <b>우베</b> 관련 아이스크림이랑 음료도 있고, 베트남 명물 콩커피도 있어요. 수제 망고 아이스크림부터 메인으로... ","{""title"": ""6월 제주 동쪽 가볼만한 곳 망고가 제철이라 맛있는 곳"", ""link"": ""https://blog.naver.com/lilly_always/224297145197"", ""description"": ""5월 말부터 6월 요즘 딱 이 시기에 방문해야하는 망고데이 필리핀<b>디저트</b>카페예요. 망고 좋아하는... <b>우베</b> 관련 아이스크림이랑 음료도 있고, 베트남 명물 콩커피도 있어요. 수제 망고 아이스크림부터 메인으로... "", ""bloggername"": ""내일의 소정"", ""bloggerlink"": ""blog.naver.com/lilly_always"", ""postdate"": ""20260526""}"
우베,preset,우베 디저트,트레이더스 추천템 BEST 7 Ι 갈 때마다 장바구니에 담게 되는... ,https://blog.naver.com/bogoim/224296835020,20260526,홈카페 간식 추천 <b>우베</b>크림모찌브레드 한줄 결론 카페 <b>디저트</b> 느낌 나는 숨은 빵 추천템 보라색 비주얼이 눈에 띄는 제품. 사진 찍어도 예쁘고 커피와 함께 먹기 좋아요. 손님 왔을 때 <b>디저트</b>로 내놓기에도... ,주부 13년차 리시안의 살림여왕 도전기,blog.naver.com/bogoim,naver_blog,우베 디저트,alias,1.0,2026-05-26T11:02:57.061617+00:00,0,0,0,0,주부 13년차 리시안의 살림여왕 도전기,홈카페 간식 추천 <b>우베</b>크림모찌브레드 한줄 결론 카페 <b>디저트</b> 느낌 나는 숨은 빵 추천템 보라색 비주얼이 눈에 띄는 제품. 사진 찍어도 예쁘고 커피와 함께 먹기 좋아요. 손님 왔을 때 <b>디저트</b>로 내놓기에도... ,"{""title"": ""트레이더스 추천템 BEST 7 Ι 갈 때마다 장바구니에 담게 되는... "", ""link"": ""https://blog.naver.com/bogoim/224296835020"", ""description"": ""홈카페 간식 추천 <b>우베</b>크림모찌브레드 한줄 결론 카페 <b>디저트</b> 느낌 나는 숨은 빵 추천템 보라색 비주얼이 눈에 띄는 제품. 사진 찍어도 예쁘고 커피와 함께 먹기 좋아요. 손님 왔을 때 <b>디저트</b>로 내놓기에도... "", ""bloggername"": ""주부 13년차 리시안의 살림여왕 도전기"", ""bloggerlink"": ""blog.naver.com/bogoim"", ""postdate"": ""20260526""}"
우베,preset,우베 디저트,순천 조례동 투썸플레이스에서 보낸 포근한 오후,https://blog.naver.com/mercy_5028/224297143513,20260526,귀여운 <b>디저트</b>랑 아기자기한 굿즈들이 있어서 괜히 하나하나 구경하게 되더라구요  주문은... 사실은 <b>우베</b> 쉐이크를 먹어보고 싶었는데 아이스크림이 솔드아웃이라 주문이 안 된다고 해서 조금 아쉬웠어요 은근... ,냥이와 포근한 하루,blog.naver.com/mercy_5028,naver_blog,우베 디저트,alias,1.0,2026-05-26T11:02:57.061617+00:00,0,0,0,0,냥이와 포근한 하루,귀여운 <b>디저트</b>랑 아기자기한 굿즈들이 있어서 괜히 하나하나 구경하게 되더라구요  주문은... 사실은 <b>우베</b> 쉐이크를 먹어보고 싶었는데 아이스크림이 솔드아웃이라 주문이 안 된다고 해서 조금 아쉬웠어요 은근... ,"{""title"": ""순천 조례동 투썸플레이스에서 보낸 포근한 오후"", ""link"": ""https://blog.naver.com/mercy_5028/224297143513"", ""description"": ""귀여운 <b>디저트</b>랑 아기자기한 굿즈들이 있어서 괜히 하나하나 구경하게 되더라구요  주문은... 사실은 <b>우베</b> 쉐이크를 먹어보고 싶었는데 아이스크림이 솔드아웃이라 주문이 안 된다고 해서 조금 아쉬웠어요 은근... "", ""bloggername"": ""냥이와 포근한 하루"", ""bloggerlink"": ""blog.naver.com/mercy_5028"", ""postdate"": ""20260526""}"
우베,preset,우베 디저트,"주목하는 <b>우베</b>파우더, 우리가... 필리핀산 <b>우베</b> 100% 원료 · 중국... ",https://blog.naver.com/xldpflgudrn/224297141559,20260526,⭐ ✔ <b>우베</b> 라떼 · <b>우베</b> 스무디 · <b>우베</b> 밀크티 ✔ <b>우베</b> 케이크 · 마카롱 · 쿠키 · 머핀 ✔ <b>우베</b> 아이스크림 · 빙수 · 소르베 ✔ <b>우베</b> 떡 · 카스텔라 · 찹쌀 <b>디저트</b> ✔ <b>우베</b> 크림치즈 · 버터크림 · 가나슈... ,FORTE 무역,blog.naver.com/xldpflgudrn,naver_blog,우베 디저트,alias,1.0,2026-05-26T11:02:57.061617+00:00,0,0,0,0,FORTE 무역,⭐ ✔ <b>우베</b> 라떼 · <b>우베</b> 스무디 · <b>우베</b> 밀크티 ✔ <b>우베</b> 케이크 · 마카롱 · 쿠키 · 머핀 ✔ <b>우베</b> 아이스크림 · 빙수 · 소르베 ✔ <b>우베</b> 떡 · 카스텔라 · 찹쌀 <b>디저트</b> ✔ <b>우베</b> 크림치즈 · 버터크림 · 가나슈... ,"{""title"": ""주목하는 <b>우베</b>파우더, 우리가... 필리핀산 <b>우베</b> 100% 원료 · 중국... "", ""link"": ""https://blog.naver.com/xldpflgudrn/224297141559"", ""description"": ""⭐ ✔ <b>우베</b> 라떼 · <b>우베</b> 스무디 · <b>우베</b> 밀크티 ✔ <b>우베</b> 케이크 · 마카롱 · 쿠키 · 머핀 ✔ <b>우베</b> 아이스크림 · 빙수 · 소르베 ✔ <b>우베</b> 떡 · 카스텔라 · 찹쌀 <b>디저트</b> ✔ <b>우베</b> 크림치즈 · 버터크림 · 가나슈... "", ""bloggername"": ""FORTE 무역"", ""bloggerlink"": ""blog.naver.com/xldpflgudrn"", ""postdate"": ""20260526""}"
우베,preset,우베 디저트,주안대형카페 인천야간데이트로 추천하는 24시간카페... ,https://blog.naver.com/s2goawl/224297125027,20260526,"유행하는 <b>우베</b>메뉴들도 판매중이었어요 더콤마라운지 내부로 들어가면 넓직한 크기의 대형카페뷰가... 커피부터 <b>디저트</b>, 베이커리까지 먹거리 종류도 다양했고 수입맥주와 안주까지 즐길 수 있어서 낮과 밤... ",융지룽융룽,blog.naver.com/s2goawl,naver_blog,우베 디저트,alias,1.0,2026-05-26T11:02:57.061617+00:00,0,0,0,0,융지룽융룽,"유행하는 <b>우베</b>메뉴들도 판매중이었어요 더콤마라운지 내부로 들어가면 넓직한 크기의 대형카페뷰가... 커피부터 <b>디저트</b>, 베이커리까지 먹거리 종류도 다양했고 수입맥주와 안주까지 즐길 수 있어서 낮과 밤... ","{""title"": ""주안대형카페 인천야간데이트로 추천하는 24시간카페... "", ""link"": ""https://blog.naver.com/s2goawl/224297125027"", ""description"": ""유행하는 <b>우베</b>메뉴들도 판매중이었어요 더콤마라운지 내부로 들어가면 넓직한 크기의 대형카페뷰가... 커피부터 <b>디저트</b>, 베이커리까지 먹거리 종류도 다양했고 수입맥주와 안주까지 즐길 수 있어서 낮과 밤... "", ""bloggername"": ""융지룽융룽"", ""bloggerlink"": ""blog.naver.com/s2goawl"", ""postdate"": ""20260526""}"
우베,preset,우베 디저트,<b>우베</b> 보라색 열풍 그 뒤에 숨겨진 진짜 맛과 인기 비결,https://blog.naver.com/pshoewer/224296341822,20260526,"필리핀에서는 '우베 할라야'라는 으깬 우베에 설탕과 우유를 넣어 만든 달콤한 디저트가 유명할 정도로, 우베 자체로도 훌륭한 맛을 가지고 있답니다. 인기 폭발! <b>우베 디저트</b> 열풍의 진짜 이유 By 맨날배아파... ",그래 미쳐보는거다,blog.naver.com/pshoewer,naver_blog,우베 디저트,alias,1.0,2026-05-26T11:02:57.061617+00:00,0,0,0,0,그래 미쳐보는거다,"필리핀에서는 '우베 할라야'라는 으깬 우베에 설탕과 우유를 넣어 만든 달콤한 디저트가 유명할 정도로, 우베 자체로도 훌륭한 맛을 가지고 있답니다. 인기 폭발! <b>우베 디저트</b> 열풍의 진짜 이유 By 맨날배아파... ","{""title"": ""<b>우베</b> 보라색 열풍 그 뒤에 숨겨진 진짜 맛과 인기 비결"", ""link"": ""https://blog.naver.com/pshoewer/224296341822"", ""description"": ""필리핀에서는 '우베 할라야'라는 으깬 우베에 설탕과 우유를 넣어 만든 달콤한 디저트가 유명할 정도로, 우베 자체로도 훌륭한 맛을 가지고 있답니다. 인기 폭발! <b>우베 디저트</b> 열풍의 진짜 이유 By 맨날배아파... "", ""bloggername"": ""그래 미쳐보는거다"", ""bloggerlink"": ""blog.naver.com/pshoewer"", ""postdate"": ""20260526""}"
우베,preset,우베 디저트,"세종 나성동 카페, 뷰 맛집 49층 카페 플레져",https://blog.naver.com/mayzzun/224297117570,20260526,"<b>우베</b>라떼랑 화채 그릭요거트 등등 없었는데 새로 생겼다 뷰 때문에 그런가 음료 가격대는 좀 있는 편,, 다양한 빵도 판매중 케이크 먹을까 했는데 끌리는 케이크가 없기도 하고 밥을 많이 먹고 와서 <b>디저트</b>는... ",01,blog.naver.com/mayzzun,naver_blog,우베 디저트,alias,1.0,2026-05-26T11:02:57.061617+00:00,0,0,0,0,01,"<b>우베</b>라떼랑 화채 그릭요거트 등등 없었는데 새로 생겼다 뷰 때문에 그런가 음료 가격대는 좀 있는 편,, 다양한 빵도 판매중 케이크 먹을까 했는데 끌리는 케이크가 없기도 하고 밥을 많이 먹고 와서 <b>디저트</b>는... ","{""title"": ""세종 나성동 카페, 뷰 맛집 49층 카페 플레져"", ""link"": ""https://blog.naver.com/mayzzun/224297117570"", ""description"": ""<b>우베</b>라떼랑 화채 그릭요거트 등등 없었는데 새로 생겼다 뷰 때문에 그런가 음료 가격대는 좀 있는 편,, 다양한 빵도 판매중 케이크 먹을까 했는데 끌리는 케이크가 없기도 하고 밥을 많이 먹고 와서 <b>디저트</b>는... "", ""bloggername"": ""01"", ""bloggerlink"": ""blog.naver.com/mayzzun"", ""postdate"": ""20260526""}"
우베,preset,우베 디저트,"5월 셋째주, 스트레스받아봤자 나만 힘들다",https://blog.naver.com/so_ra_94_03_11/224297115741,20260526,으음 너무 달아요 너무 달아서 무슨 떡이나 빵처럼 <b>디저트</b> 같아요 깔깔  오늘 베토벤 2차 티켓팅이 있는... 별로임 <b>우베</b> 크림이 요즘 유명하다면서요? 난 사실 처음 먹어보는데 무슨 맛인지 모르겠어 근데 다... ,별일없음을 기록합니다,blog.naver.com/so_ra_94_03_11,naver_blog,우베 디저트,alias,1.0,2026-05-26T11:02:57.061617+00:00,0,0,0,0,별일없음을 기록합니다,으음 너무 달아요 너무 달아서 무슨 떡이나 빵처럼 <b>디저트</b> 같아요 깔깔  오늘 베토벤 2차 티켓팅이 있는... 별로임 <b>우베</b> 크림이 요즘 유명하다면서요? 난 사실 처음 먹어보는데 무슨 맛인지 모르겠어 근데 다... ,"{""title"": ""5월 셋째주, 스트레스받아봤자 나만 힘들다"", ""link"": ""https://blog.naver.com/so_ra_94_03_11/224297115741"", ""description"": ""으음 너무 달아요 너무 달아서 무슨 떡이나 빵처럼 <b>디저트</b> 같아요 깔깔  오늘 베토벤 2차 티켓팅이 있는... 별로임 <b>우베</b> 크림이 요즘 유명하다면서요? 난 사실 처음 먹어보는데 무슨 맛인지 모르겠어 근데 다... "", ""bloggername"": ""별일없음을 기록합니다"", ""bloggerlink"": ""blog.naver.com/so_ra_94_03_11"", ""postdate"": ""20260526""}"
우베,preset,우베 디저트,Birch Benders- <b>우베</b>모찌 팬케이크,https://blog.naver.com/plain-86/224297114451,20260526,"말차 가고 이제 우베 라떼, <b>우베 디저트</b>.. 그동안 사다주셨던게 트레이더조 제품들이라 이것도 당연히 트레이더조인줄 알았는데 아니구나 버터나 계란 없이 물만 넣으면 되는 레시피- 나는 믹스 절반만 넣고... ",소소브이로그,blog.naver.com/plain-86,naver_blog,우베 디저트,alias,1.0,2026-05-26T11:02:57.061617+00:00,0,0,0,0,소소브이로그,"말차 가고 이제 우베 라떼, <b>우베 디저트</b>.. 그동안 사다주셨던게 트레이더조 제품들이라 이것도 당연히 트레이더조인줄 알았는데 아니구나 버터나 계란 없이 물만 넣으면 되는 레시피- 나는 믹스 절반만 넣고... ","{""title"": ""Birch Benders- <b>우베</b>모찌 팬케이크"", ""link"": ""https://blog.naver.com/plain-86/224297114451"", ""description"": ""말차 가고 이제 우베 라떼, <b>우베 디저트</b>.. 그동안 사다주셨던게 트레이더조 제품들이라 이것도 당연히 트레이더조인줄 알았는데 아니구나 버터나 계란 없이 물만 넣으면 되는 레시피- 나는 믹스 절반만 넣고... "", ""bloggername"": ""소소브이로그"", ""bloggerlink"": ""blog.naver.com/plain-86"", ""postdate"": ""20260526""}"
우베,preset,우베 디저트,"금정구브런치맛집 카페와 샵, 갤러리, 레지던스가 공존하는... ",https://blog.naver.com/whale-1/224297111334,20260526,맛있는 <b>디저트</b>들이 정말 많더라구요! 진짜 취향저격!!! 까눌레랑 크로와상 등등 종류가 정말 다양해요  그리고 케이크도 있어요! 당근당근케이크랑 얼그레이 치즈케이크 <b>우베</b>바스크치즈케이크 레몬치즈케이크... ,즐겁게 먹고 놀기,blog.naver.com/whale-1,naver_blog,우베 디저트,alias,1.0,2026-05-26T11:02:57.061617+00:00,0,0,0,0,즐겁게 먹고 놀기,맛있는 <b>디저트</b>들이 정말 많더라구요! 진짜 취향저격!!! 까눌레랑 크로와상 등등 종류가 정말 다양해요  그리고 케이크도 있어요! 당근당근케이크랑 얼그레이 치즈케이크 <b>우베</b>바스크치즈케이크 레몬치즈케이크... ,"{""title"": ""금정구브런치맛집 카페와 샵, 갤러리, 레지던스가 공존하는... "", ""link"": ""https://blog.naver.com/whale-1/224297111334"", ""description"": ""맛있는 <b>디저트</b>들이 정말 많더라구요! 진짜 취향저격!!! 까눌레랑 크로와상 등등 종류가 정말 다양해요  그리고 케이크도 있어요! 당근당근케이크랑 얼그레이 치즈케이크 <b>우베</b>바스크치즈케이크 레몬치즈케이크... "", ""bloggername"": ""즐겁게 먹고 놀기"", ""bloggerlink"": ""blog.naver.com/whale-1"", ""postdate"": ""20260526""}"
우베,preset,우베 디저트,SKT VIP PICK 폴 바셋 50% 할인,https://blog.naver.com/zkzltor2005/224297110325,20260526,"이번 혜택에 해당되는 음료는 총 3가지로, 라벤더 아이스크림 블루베리 라떼, <b>우베</b> 카페라떼, 그리고... 후 <b>디저트</b> 겸 카페인 보충으로 이보다 완벽한 선택이 없다는 생각이 들었습니다. 동료도 연신 맛있다며... ",돌아다니자,blog.naver.com/zkzltor2005,naver_blog,우베 디저트,alias,1.0,2026-05-26T11:02:57.061617+00:00,0,0,0,0,돌아다니자,"이번 혜택에 해당되는 음료는 총 3가지로, 라벤더 아이스크림 블루베리 라떼, <b>우베</b> 카페라떼, 그리고... 후 <b>디저트</b> 겸 카페인 보충으로 이보다 완벽한 선택이 없다는 생각이 들었습니다. 동료도 연신 맛있다며... ","{""title"": ""SKT VIP PICK 폴 바셋 50% 할인"", ""link"": ""https://blog.naver.com/zkzltor2005/224297110325"", ""description"": ""이번 혜택에 해당되는 음료는 총 3가지로, 라벤더 아이스크림 블루베리 라떼, <b>우베</b> 카페라떼, 그리고... 후 <b>디저트</b> 겸 카페인 보충으로 이보다 완벽한 선택이 없다는 생각이 들었습니다. 동료도 연신 맛있다며... "", ""bloggername"": ""돌아다니자"", ""bloggerlink"": ""blog.naver.com/zkzltor2005"", ""postdate"": ""20260526""}"
우베,preset,우베 디저트,정보 / 신상 <b>디저트</b> <b>우베</b> 바스크 치즈케이크 내돈내산 후기,https://blog.naver.com/mmmingkoo/224297107922,20260526,#서이추 #서이추환영 #천호카페 #천호역카페 #강동구카페 #투썸플레이스 #투썸플레이스천호점 #우베바스크치즈케이크 #<b>우베디저트</b> #투썸신상 #천호역디저트 #카공카페 #천호신상카페 #강동구신상카페... ,냐밍,blog.naver.com/mmmingkoo,naver_blog,우베 디저트,alias,1.0,2026-05-26T11:02:57.061617+00:00,0,0,0,0,냐밍,#서이추 #서이추환영 #천호카페 #천호역카페 #강동구카페 #투썸플레이스 #투썸플레이스천호점 #우베바스크치즈케이크 #<b>우베디저트</b> #투썸신상 #천호역디저트 #카공카페 #천호신상카페 #강동구신상카페... ,"{""title"": ""정보 / 신상 <b>디저트</b> <b>우베</b> 바스크 치즈케이크 내돈내산 후기"", ""link"": ""https://blog.naver.com/mmmingkoo/224297107922"", ""description"": ""#서이추 #서이추환영 #천호카페 #천호역카페 #강동구카페 #투썸플레이스 #투썸플레이스천호점 #우베바스크치즈케이크 #<b>우베디저트</b> #투썸신상 #천호역디저트 #카공카페 #천호신상카페 #강동구신상카페... "", ""bloggername"": ""냐밍"", ""bloggerlink"": ""blog.naver.com/mmmingkoo"", ""postdate"": ""20260526""}"
우베,preset,우베 디저트,애슐리 퀸즈 창원 뉴코아점 키위시즌 내돈내산 맛평가 (예약... ,https://blog.naver.com/dbwjdsnfl0428/224297107694,20260526,"<b>디저트</b> 파라면 주목하세요! * <b>우베</b> 치즈케이크 &amp; <b>우베</b> 라떼 : 이번 시즌 의외의 복병입니다. 보랏빛 색감이 눈길을 사로잡는데, 치즈케이크의 꾸덕함과 <b>우베</b>의 은은한 향이 조화로워서 동생들도 정말 좋아했어요.... ",현간의 간신일상,blog.naver.com/dbwjdsnfl0428,naver_blog,우베 디저트,alias,1.0,2026-05-26T11:02:57.061617+00:00,0,0,0,0,현간의 간신일상,"<b>디저트</b> 파라면 주목하세요! * <b>우베</b> 치즈케이크 &amp; <b>우베</b> 라떼 : 이번 시즌 의외의 복병입니다. 보랏빛 색감이 눈길을 사로잡는데, 치즈케이크의 꾸덕함과 <b>우베</b>의 은은한 향이 조화로워서 동생들도 정말 좋아했어요.... ","{""title"": ""애슐리 퀸즈 창원 뉴코아점 키위시즌 내돈내산 맛평가 (예약... "", ""link"": ""https://blog.naver.com/dbwjdsnfl0428/224297107694"", ""description"": ""<b>디저트</b> 파라면 주목하세요! * <b>우베</b> 치즈케이크 &amp; <b>우베</b> 라떼 : 이번 시즌 의외의 복병입니다. 보랏빛 색감이 눈길을 사로잡는데, 치즈케이크의 꾸덕함과 <b>우베</b>의 은은한 향이 조화로워서 동생들도 정말 좋아했어요.... "", ""bloggername"": ""현간의 간신일상"", ""bloggerlink"": ""blog.naver.com/dbwjdsnfl0428"", ""postdate"": ""20260526""}"
우베,preset,우베 디저트,서울 카페 묘몽,https://blog.naver.com/bbotum/224297106363,20260526,『 메뉴 』 음료도 다양하고 <b>디저트</b>도 다양하고~ 내가 좋아하는 선택지 많은 카페 (결정이 어렵지만... 였습니다 <b>우베</b> 프렌치토스트 14500 여러분 요즘 <b>우베</b>가 유행인 걸 아셨나요? 전 여기 가기 직전에... ,뽀툼의 틈,blog.naver.com/bbotum,naver_blog,우베 디저트,alias,1.0,2026-05-26T11:02:57.061617+00:00,0,0,0,0,뽀툼의 틈,『 메뉴 』 음료도 다양하고 <b>디저트</b>도 다양하고~ 내가 좋아하는 선택지 많은 카페 (결정이 어렵지만... 였습니다 <b>우베</b> 프렌치토스트 14500 여러분 요즘 <b>우베</b>가 유행인 걸 아셨나요? 전 여기 가기 직전에... ,"{""title"": ""서울 카페 묘몽"", ""link"": ""https://blog.naver.com/bbotum/224297106363"", ""description"": ""『 메뉴 』 음료도 다양하고 <b>디저트</b>도 다양하고~ 내가 좋아하는 선택지 많은 카페 (결정이 어렵지만... 였습니다 <b>우베</b> 프렌치토스트 14500 여러분 요즘 <b>우베</b>가 유행인 걸 아셨나요? 전 여기 가기 직전에... "", ""bloggername"": ""뽀툼의 틈"", ""bloggerlink"": ""blog.naver.com/bbotum"", ""postdate"": ""20260526""}"
우베,preset,우베 디저트,"칠곡 망정상회, 또 찾아가게 된 원목 감성 가득한 카페.",https://blog.naver.com/d0ooo0b/224297101578,20260526,엽서도 가져 갈 수 있어요 전 첨 방문때 망정상회 엽서를 가져와서 벽에 붙여뒀어요 ㅋㅋ 이건 장실 가는길에 맘에 들어서 찍은 ㅋㅋ <b>디저트</b>도 많이 늘었고 이번에 신메뉴 <b>우베</b>도 있어요. 참지않고 <b>우베</b> 라떼... ,오르낭의 느린 여행 일지,blog.naver.com/d0ooo0b,naver_blog,우베 디저트,alias,1.0,2026-05-26T11:02:57.061617+00:00,0,0,0,0,오르낭의 느린 여행 일지,엽서도 가져 갈 수 있어요 전 첨 방문때 망정상회 엽서를 가져와서 벽에 붙여뒀어요 ㅋㅋ 이건 장실 가는길에 맘에 들어서 찍은 ㅋㅋ <b>디저트</b>도 많이 늘었고 이번에 신메뉴 <b>우베</b>도 있어요. 참지않고 <b>우베</b> 라떼... ,"{""title"": ""칠곡 망정상회, 또 찾아가게 된 원목 감성 가득한 카페."", ""link"": ""https://blog.naver.com/d0ooo0b/224297101578"", ""description"": ""엽서도 가져 갈 수 있어요 전 첨 방문때 망정상회 엽서를 가져와서 벽에 붙여뒀어요 ㅋㅋ 이건 장실 가는길에 맘에 들어서 찍은 ㅋㅋ <b>디저트</b>도 많이 늘었고 이번에 신메뉴 <b>우베</b>도 있어요. 참지않고 <b>우베</b> 라떼... "", ""bloggername"": ""오르낭의 느린 여행 일지"", ""bloggerlink"": ""blog.naver.com/d0ooo0b"", ""postdate"": ""20260526""}"
우베,preset,우베 디저트,노티드 수원스타필드점 후기 | 노티드 신메뉴 <b>우베</b> 한정 라인업,https://blog.naver.com/99gog0/224297101521,20260526,아낌없이 들어가 있어요 요새 해외에서 핫한 <b>우베 디저트</b> 이제 한국에서도 많은 곳에서 신메뉴로 나오고 있는데요 노티드 신메뉴 우베 시리즈 달콤한 디저트 좋아하시면 한번 도전해 보시는 거 추천드려요!,구구고고의 go하는 일상,blog.naver.com/99gog0,naver_blog,우베 디저트,alias,1.0,2026-05-26T11:02:57.061617+00:00,0,0,0,0,구구고고의 go하는 일상,아낌없이 들어가 있어요 요새 해외에서 핫한 <b>우베 디저트</b> 이제 한국에서도 많은 곳에서 신메뉴로 나오고 있는데요 노티드 신메뉴 우베 시리즈 달콤한 디저트 좋아하시면 한번 도전해 보시는 거 추천드려요!,"{""title"": ""노티드 수원스타필드점 후기 | 노티드 신메뉴 <b>우베</b> 한정 라인업"", ""link"": ""https://blog.naver.com/99gog0/224297101521"", ""description"": ""아낌없이 들어가 있어요 요새 해외에서 핫한 <b>우베 디저트</b> 이제 한국에서도 많은 곳에서 신메뉴로 나오고 있는데요 노티드 신메뉴 우베 시리즈 달콤한 디저트 좋아하시면 한번 도전해 보시는 거 추천드려요!"", ""bloggername"": ""구구고고의 go하는 일상"", ""bloggerlink"": ""blog.naver.com/99gog0"", ""postdate"": ""20260526""}"
우베,preset,우베 디저트,꾸덕하고 쫀쫀한 <b>우베</b>크림맛 도넛 추천(<b>우베</b>밀키크림 도넛... ,https://blog.naver.com/chaomei22/224297057456,20260526,필리핀산 <b>우베</b>로 만든 <b>디저트</b>로 맛도 비쥬얼도 보랏빛으로 아주아주 예뻤다 노티드 도넛 맛있는건 알고 있었지만 <b>우베</b> 도넛 음료 먹으러 온 김에 구경한 다른 도넛에도 눈길이 가서 먹고 싶은 식욕을 어렵사리... ,꽃보다 오링이가,blog.naver.com/chaomei22,naver_blog,우베 디저트,alias,1.0,2026-05-26T11:02:57.061617+00:00,0,0,0,0,꽃보다 오링이가,필리핀산 <b>우베</b>로 만든 <b>디저트</b>로 맛도 비쥬얼도 보랏빛으로 아주아주 예뻤다 노티드 도넛 맛있는건 알고 있었지만 <b>우베</b> 도넛 음료 먹으러 온 김에 구경한 다른 도넛에도 눈길이 가서 먹고 싶은 식욕을 어렵사리... ,"{""title"": ""꾸덕하고 쫀쫀한 <b>우베</b>크림맛 도넛 추천(<b>우베</b>밀키크림 도넛... "", ""link"": ""https://blog.naver.com/chaomei22/224297057456"", ""description"": ""필리핀산 <b>우베</b>로 만든 <b>디저트</b>로 맛도 비쥬얼도 보랏빛으로 아주아주 예뻤다 노티드 도넛 맛있는건 알고 있었지만 <b>우베</b> 도넛 음료 먹으러 온 김에 구경한 다른 도넛에도 눈길이 가서 먹고 싶은 식욕을 어렵사리... "", ""bloggername"": ""꽃보다 오링이가"", ""bloggerlink"": ""blog.naver.com/chaomei22"", ""postdate"": ""20260526""}"
우베,preset,우베 디저트,애슐리골드키위시즌 | 애슐리퀸즈 홈플러스 세종점 디너 메뉴... ,https://blog.naver.com/wonderland_in_cy/224297094244,20260526,"<b>디저트</b>만 세 접시 비우는 중 ㅎㅎ 파인 키위 더블 스파클러 리얼 키위 더블 스파클러, 토마토 에이드, <b>우베</b> 라떼. 신상 음료 셋 중 원픽은 리얼 키위 주스! 단맛이 강한 키위 주스, 더 맛있게 먹는 꿀팁!... ","반짝반짝, 지금 이 순간",blog.naver.com/wonderland_in_cy,naver_blog,우베 디저트,alias,1.0,2026-05-26T11:02:57.061617+00:00,0,0,0,0,"반짝반짝, 지금 이 순간","<b>디저트</b>만 세 접시 비우는 중 ㅎㅎ 파인 키위 더블 스파클러 리얼 키위 더블 스파클러, 토마토 에이드, <b>우베</b> 라떼. 신상 음료 셋 중 원픽은 리얼 키위 주스! 단맛이 강한 키위 주스, 더 맛있게 먹는 꿀팁!... ","{""title"": ""애슐리골드키위시즌 | 애슐리퀸즈 홈플러스 세종점 디너 메뉴... "", ""link"": ""https://blog.naver.com/wonderland_in_cy/224297094244"", ""description"": ""<b>디저트</b>만 세 접시 비우는 중 ㅎㅎ 파인 키위 더블 스파클러 리얼 키위 더블 스파클러, 토마토 에이드, <b>우베</b> 라떼. 신상 음료 셋 중 원픽은 리얼 키위 주스! 단맛이 강한 키위 주스, 더 맛있게 먹는 꿀팁!... "", ""bloggername"": ""반짝반짝, 지금 이 순간"", ""bloggerlink"": ""blog.naver.com/wonderland_in_cy"", ""postdate"": ""20260526""}"
우베,preset,우베 디저트,<b>우베</b> 뜻 알고 드시나요? 보라색 <b>디저트</b> 열풍의 진짜 이유와 맛... ,https://blog.naver.com/tmdwns04281/224297007403,20260526,"다이어트 중인데 <b>우베 디저트</b> 먹어도 괜찮을까요? A. 식재료 자체의 우베 효능은 좋지만, 카페에서 파는 디저트류에는 당분이 많이 첨가되어 있습니다. 다이어트 중이시라면 가급적 파우더 당도를 조절할 수... ",뚜니의 일상사전,blog.naver.com/tmdwns04281,naver_blog,우베 디저트,alias,1.0,2026-05-26T11:02:57.061617+00:00,0,0,0,0,뚜니의 일상사전,"다이어트 중인데 <b>우베 디저트</b> 먹어도 괜찮을까요? A. 식재료 자체의 우베 효능은 좋지만, 카페에서 파는 디저트류에는 당분이 많이 첨가되어 있습니다. 다이어트 중이시라면 가급적 파우더 당도를 조절할 수... ","{""title"": ""<b>우베</b> 뜻 알고 드시나요? 보라색 <b>디저트</b> 열풍의 진짜 이유와 맛... "", ""link"": ""https://blog.naver.com/tmdwns04281/224297007403"", ""description"": ""다이어트 중인데 <b>우베 디저트</b> 먹어도 괜찮을까요? A. 식재료 자체의 우베 효능은 좋지만, 카페에서 파는 디저트류에는 당분이 많이 첨가되어 있습니다. 다이어트 중이시라면 가급적 파우더 당도를 조절할 수... "", ""bloggername"": ""뚜니의 일상사전"", ""bloggerlink"": ""blog.naver.com/tmdwns04281"", ""postdate"": ""20260526""}"
우베,preset,우베 디저트,"<b>우베</b> 뜻과 맛, 효능 완벽 정리! 타로 자색고구마 차이점",https://blog.naver.com/sogool/224296958740,20260526,풍미 / 디저트용 밤처럼 담백한 맛 / 펄(버블) 재료 단맛이 강함 / 구황작물  5. 자주 묻는 질문 (FAQ) Q. 다이어트 중인데 <b>우베 디저트</b>를 먹어도 될까요? A. 우베 '원물' 자체는 식이섬유가 풍부해 다이어트에... ,생활지식 저장소,blog.naver.com/sogool,naver_blog,우베 디저트,alias,1.0,2026-05-26T11:02:57.061617+00:00,0,0,0,0,생활지식 저장소,풍미 / 디저트용 밤처럼 담백한 맛 / 펄(버블) 재료 단맛이 강함 / 구황작물  5. 자주 묻는 질문 (FAQ) Q. 다이어트 중인데 <b>우베 디저트</b>를 먹어도 될까요? A. 우베 '원물' 자체는 식이섬유가 풍부해 다이어트에... ,"{""title"": ""<b>우베</b> 뜻과 맛, 효능 완벽 정리! 타로 자색고구마 차이점"", ""link"": ""https://blog.naver.com/sogool/224296958740"", ""description"": ""풍미 / 디저트용 밤처럼 담백한 맛 / 펄(버블) 재료 단맛이 강함 / 구황작물  5. 자주 묻는 질문 (FAQ) Q. 다이어트 중인데 <b>우베 디저트</b>를 먹어도 될까요? A. 우베 '원물' 자체는 식이섬유가 풍부해 다이어트에... "", ""bloggername"": ""생활지식 저장소"", ""bloggerlink"": ""blog.naver.com/sogool"", ""postdate"": ""20260526""}"
우베,preset,우베 디저트,수원 데이트 추천 까사부사노 수원권선점 유럽감성... ,https://blog.naver.com/phi0216/224297092409,20260526,"오렌지 에스프레소, 탄산 커피, <b>우베</b>라떼 같은 트렌디한 메뉴들도 많고 브런치, <b>디저트</b>, 그릭요거트까지 다양하게 준비되어 있었어요. 그리고 낮에는 &quot;시그니처커피&quot; 중심의 감성카페 느낌인데 밤에는 &quot;위스키와... ",민블리의 행복한 맛여행,blog.naver.com/phi0216,naver_blog,우베 디저트,alias,1.0,2026-05-26T11:02:57.061617+00:00,0,0,0,0,민블리의 행복한 맛여행,"오렌지 에스프레소, 탄산 커피, <b>우베</b>라떼 같은 트렌디한 메뉴들도 많고 브런치, <b>디저트</b>, 그릭요거트까지 다양하게 준비되어 있었어요. 그리고 낮에는 &quot;시그니처커피&quot; 중심의 감성카페 느낌인데 밤에는 &quot;위스키와... ","{""title"": ""수원 데이트 추천 까사부사노 수원권선점 유럽감성... "", ""link"": ""https://blog.naver.com/phi0216/224297092409"", ""description"": ""오렌지 에스프레소, 탄산 커피, <b>우베</b>라떼 같은 트렌디한 메뉴들도 많고 브런치, <b>디저트</b>, 그릭요거트까지 다양하게 준비되어 있었어요. 그리고 낮에는 &quot;시그니처커피&quot; 중심의 감성카페 느낌인데 밤에는 &quot;위스키와... "", ""bloggername"": ""민블리의 행복한 맛여행"", ""bloggerlink"": ""blog.naver.com/phi0216"", ""postdate"": ""20260526""}"
우베,preset,우베 디저트,애슐리 퀸즈 파주 운정점,https://blog.naver.com/cottoncld/224297090309,20260526,유행이라서 <b>우베</b> 밀크도 있더라고요 마셔봤는데 맛있었어요! 여기는 후식 코너인데요! 역시 키위가 시즌인만큼 다양한 키위 <b>디저트</b>가 준비되어있었습니다. 과일도 신선했습니다! 저는 개인적으로 뇨끼랑... ,뭉게뭉게 세계여행,blog.naver.com/cottoncld,naver_blog,우베 디저트,alias,1.0,2026-05-26T11:02:57.061617+00:00,0,0,0,0,뭉게뭉게 세계여행,유행이라서 <b>우베</b> 밀크도 있더라고요 마셔봤는데 맛있었어요! 여기는 후식 코너인데요! 역시 키위가 시즌인만큼 다양한 키위 <b>디저트</b>가 준비되어있었습니다. 과일도 신선했습니다! 저는 개인적으로 뇨끼랑... ,"{""title"": ""애슐리 퀸즈 파주 운정점"", ""link"": ""https://blog.naver.com/cottoncld/224297090309"", ""description"": ""유행이라서 <b>우베</b> 밀크도 있더라고요 마셔봤는데 맛있었어요! 여기는 후식 코너인데요! 역시 키위가 시즌인만큼 다양한 키위 <b>디저트</b>가 준비되어있었습니다. 과일도 신선했습니다! 저는 개인적으로 뇨끼랑... "", ""bloggername"": ""뭉게뭉게 세계여행"", ""bloggerlink"": ""blog.naver.com/cottoncld"", ""postdate"": ""20260526""}"
우베,preset,우베 디저트,우리는 변화한다,https://blog.naver.com/usveax/224297087572,20260526,저희는 뭐든 빨리빨리라 <b>디저트</b>도 빨리 먹고 없애서 시간이 빨리가요.. 그래서 놀아도 놀아도 함께 할... 돗가비불쭈꾸미 송도 쭈꾸미 1황 ㅎ <b>우베</b> 찾아 떠났는데 없어서 아박에 블루베리스무디 먹구 ㅠ 다이어트... ,,blog.naver.com/usveax,naver_blog,우베 디저트,alias,1.0,2026-05-26T11:02:57.061617+00:00,0,0,0,0,,저희는 뭐든 빨리빨리라 <b>디저트</b>도 빨리 먹고 없애서 시간이 빨리가요.. 그래서 놀아도 놀아도 함께 할... 돗가비불쭈꾸미 송도 쭈꾸미 1황 ㅎ <b>우베</b> 찾아 떠났는데 없어서 아박에 블루베리스무디 먹구 ㅠ 다이어트... ,"{""title"": ""우리는 변화한다"", ""link"": ""https://blog.naver.com/usveax/224297087572"", ""description"": ""저희는 뭐든 빨리빨리라 <b>디저트</b>도 빨리 먹고 없애서 시간이 빨리가요.. 그래서 놀아도 놀아도 함께 할... 돗가비불쭈꾸미 송도 쭈꾸미 1황 ㅎ <b>우베</b> 찾아 떠났는데 없어서 아박에 블루베리스무디 먹구 ㅠ 다이어트... "", ""bloggername"": """", ""bloggerlink"": ""blog.naver.com/usveax"", ""postdate"": ""20260526""}"
우베,preset,우베 디저트,수진역 맛집 야장 자리 감성 넘치는 잔잔,https://blog.naver.com/webomnal/224297003557,20260526,"신기해서 시켜본 보랏빛 <b>우베</b>맥주도 한 컷 남겨봤는데, 최고의 맥주 품질을 자랑하는 주점다웠습니다.... 뒤이어 여심을 저격하며 등장해 온 테이블을 화사하게 만들어주는 이색 <b>디저트</b> 안주, 크림치즈곶감이... ",webomnal님의블로그,blog.naver.com/webomnal,naver_blog,우베 디저트,alias,1.0,2026-05-26T11:02:57.061617+00:00,0,0,0,0,webomnal님의블로그,"신기해서 시켜본 보랏빛 <b>우베</b>맥주도 한 컷 남겨봤는데, 최고의 맥주 품질을 자랑하는 주점다웠습니다.... 뒤이어 여심을 저격하며 등장해 온 테이블을 화사하게 만들어주는 이색 <b>디저트</b> 안주, 크림치즈곶감이... ","{""title"": ""수진역 맛집 야장 자리 감성 넘치는 잔잔"", ""link"": ""https://blog.naver.com/webomnal/224297003557"", ""description"": ""신기해서 시켜본 보랏빛 <b>우베</b>맥주도 한 컷 남겨봤는데, 최고의 맥주 품질을 자랑하는 주점다웠습니다.... 뒤이어 여심을 저격하며 등장해 온 테이블을 화사하게 만들어주는 이색 <b>디저트</b> 안주, 크림치즈곶감이... "", ""bloggername"": ""webomnal님의블로그"", ""bloggerlink"": ""blog.naver.com/webomnal"", ""postdate"": ""20260526""}"
우베,preset,우베 디저트,오월의 청춘,https://blog.naver.com/naveencat/224297084671,20260526,찍고 <b>디저트</b> 사고 또 머금 (이도림 망고빙수 개맛도리) - 냉동망고맛 xxxx 야간개장한 경복궁에 가기 위해... 어떻게 가능할 수 있는 겁니까 (조크) <b>우베</b>는 어쩌다 유행이 시작된 것인지 맛있긴 ☀️ 또 먹고싶은... ,( ),blog.naver.com/naveencat,naver_blog,우베 디저트,alias,1.0,2026-05-26T11:02:57.061617+00:00,0,0,0,0,( ),찍고 <b>디저트</b> 사고 또 머금 (이도림 망고빙수 개맛도리) - 냉동망고맛 xxxx 야간개장한 경복궁에 가기 위해... 어떻게 가능할 수 있는 겁니까 (조크) <b>우베</b>는 어쩌다 유행이 시작된 것인지 맛있긴 ☀️ 또 먹고싶은... ,"{""title"": ""오월의 청춘"", ""link"": ""https://blog.naver.com/naveencat/224297084671"", ""description"": ""찍고 <b>디저트</b> 사고 또 머금 (이도림 망고빙수 개맛도리) - 냉동망고맛 xxxx 야간개장한 경복궁에 가기 위해... 어떻게 가능할 수 있는 겁니까 (조크) <b>우베</b>는 어쩌다 유행이 시작된 것인지 맛있긴 ☀️ 또 먹고싶은... "", ""bloggername"": ""( )"", ""bloggerlink"": ""blog.naver.com/naveencat"", ""postdate"": ""20260526""}"
우베,preset,우베 디저트,해운대 카페 부드럽고 쫄깃한 식빵이 있고 주차가능한... ,https://blog.naver.com/judy0806/224297083686,20260526,해운대 카페 스탠다드브레드 다녀왔어요 부산 해리단길 카페 인데요 감성있는 내부와 맛있는 디저트들... 부산슈페너블랙 <b>우베디저트</b>도 파네요 해운대 우베맛집 ! 두바이초코프렌치토스트... ,"순간을 소중히,",blog.naver.com/judy0806,naver_blog,우베 디저트,alias,1.0,2026-05-26T11:02:57.061617+00:00,0,0,0,0,"순간을 소중히,",해운대 카페 스탠다드브레드 다녀왔어요 부산 해리단길 카페 인데요 감성있는 내부와 맛있는 디저트들... 부산슈페너블랙 <b>우베디저트</b>도 파네요 해운대 우베맛집 ! 두바이초코프렌치토스트... ,"{""title"": ""해운대 카페 부드럽고 쫄깃한 식빵이 있고 주차가능한... "", ""link"": ""https://blog.naver.com/judy0806/224297083686"", ""description"": ""해운대 카페 스탠다드브레드 다녀왔어요 부산 해리단길 카페 인데요 감성있는 내부와 맛있는 디저트들... 부산슈페너블랙 <b>우베디저트</b>도 파네요 해운대 우베맛집 ! 두바이초코프렌치토스트... "", ""bloggername"": ""순간을 소중히,"", ""bloggerlink"": ""blog.naver.com/judy0806"", ""postdate"": ""20260526""}"
우베,preset,우베 디저트,분위기 미쳤던 창원 가로수길 카페 ‘1997영국집’ 후기,https://blog.naver.com/genevievepopo/224297076686,20260526,⸻ #창원카페 #창원가로수길카페 #1997영국집 #창원감성카페 #창원데이트 #창원<b>디저트</b>카페 #<b>우베</b>라떼 #녹차라떼 #가로수길카페 #창원핫플 #창원카페추천 #감성카페 #카페투어 #창원데이트코스 #카페추천,남쪽의 취향,blog.naver.com/genevievepopo,naver_blog,우베 디저트,alias,1.0,2026-05-26T11:02:57.061617+00:00,0,0,0,0,남쪽의 취향,⸻ #창원카페 #창원가로수길카페 #1997영국집 #창원감성카페 #창원데이트 #창원<b>디저트</b>카페 #<b>우베</b>라떼 #녹차라떼 #가로수길카페 #창원핫플 #창원카페추천 #감성카페 #카페투어 #창원데이트코스 #카페추천,"{""title"": ""분위기 미쳤던 창원 가로수길 카페 ‘1997영국집’ 후기"", ""link"": ""https://blog.naver.com/genevievepopo/224297076686"", ""description"": ""⸻ #창원카페 #창원가로수길카페 #1997영국집 #창원감성카페 #창원데이트 #창원<b>디저트</b>카페 #<b>우베</b>라떼 #녹차라떼 #가로수길카페 #창원핫플 #창원카페추천 #감성카페 #카페투어 #창원데이트코스 #카페추천"", ""bloggername"": ""남쪽의 취향"", ""bloggerlink"": ""blog.naver.com/genevievepopo"", ""postdate"": ""20260526""}"
우베,preset,우베 디저트,"5월 경주 여행 | 풍미갈비찜, 노워즈, 우연의 무늬, 딤타오... ",https://blog.naver.com/daily_my_life/224297073036,20260526,"한식 <b>디저트</b>를 좋아한답니다. . 황리단길에 개성주악 파는 곳이 있어서 냉큼 들어왔지요 기본 하나, 솔티카라멜 하나, <b>우베</b> 하나! 친구는 솔티가 기본보다 더 맛있다고~~ @노워즈 몇 년 전 여기서 액설런트... ",minghay,blog.naver.com/daily_my_life,naver_blog,우베 디저트,alias,1.0,2026-05-26T11:02:57.061617+00:00,0,0,0,0,minghay,"한식 <b>디저트</b>를 좋아한답니다. . 황리단길에 개성주악 파는 곳이 있어서 냉큼 들어왔지요 기본 하나, 솔티카라멜 하나, <b>우베</b> 하나! 친구는 솔티가 기본보다 더 맛있다고~~ @노워즈 몇 년 전 여기서 액설런트... ","{""title"": ""5월 경주 여행 | 풍미갈비찜, 노워즈, 우연의 무늬, 딤타오... "", ""link"": ""https://blog.naver.com/daily_my_life/224297073036"", ""description"": ""한식 <b>디저트</b>를 좋아한답니다. . 황리단길에 개성주악 파는 곳이 있어서 냉큼 들어왔지요 기본 하나, 솔티카라멜 하나, <b>우베</b> 하나! 친구는 솔티가 기본보다 더 맛있다고~~ @노워즈 몇 년 전 여기서 액설런트... "", ""bloggername"": ""minghay"", ""bloggerlink"": ""blog.naver.com/daily_my_life"", ""postdate"": ""20260526""}"
우베,preset,우베 디저트,한입 먹고 감탄한 이마트트레이더스 신상 <b>우베</b> 선데이,https://blog.naver.com/hjt_mom/224297071231,20260526,"트레이더스 <b>우베</b>선데이 아이스크림 / 2,500원 날씨가 더워지면 쇼핑하다가 목도 마르고 달달한 <b>디저트</b>가 간절하게 당기곤 하잖아요. 이번에 푸트코트에 가니 또 신상 아이스크림이 나왔더라고요! 바로 <b>우베</b>... ",삼남매 하우스,blog.naver.com/hjt_mom,naver_blog,우베 디저트,alias,1.0,2026-05-26T11:02:57.061617+00:00,0,0,0,0,삼남매 하우스,"트레이더스 <b>우베</b>선데이 아이스크림 / 2,500원 날씨가 더워지면 쇼핑하다가 목도 마르고 달달한 <b>디저트</b>가 간절하게 당기곤 하잖아요. 이번에 푸트코트에 가니 또 신상 아이스크림이 나왔더라고요! 바로 <b>우베</b>... ","{""title"": ""한입 먹고 감탄한 이마트트레이더스 신상 <b>우베</b> 선데이"", ""link"": ""https://blog.naver.com/hjt_mom/224297071231"", ""description"": ""트레이더스 <b>우베</b>선데이 아이스크림 / 2,500원 날씨가 더워지면 쇼핑하다가 목도 마르고 달달한 <b>디저트</b>가 간절하게 당기곤 하잖아요. 이번에 푸트코트에 가니 또 신상 아이스크림이 나왔더라고요! 바로 <b>우베</b>... "", ""bloggername"": ""삼남매 하우스"", ""bloggerlink"": ""blog.naver.com/hjt_mom"", ""postdate"": ""20260526""}"
우베,preset,우베 디저트,대구 근교 드라이브 추천 상주 낙단보뷰 낙동350 카페,https://blog.naver.com/beautifuljean/224297070732,20260526,크림카페라떼가 시그니처인가봐요 요즘 핫한 <b>우베</b>라떼도 있네요! 커피 외에도 다양한 음료 메뉴가... <b>디저트</b> 후기 주문한 음료와 <b>디저트</b>가 나왔어요 늘 그렇듯 저는 아아 남친은 카페라떼 그리고 초코케이크... ,초례봉독수리,blog.naver.com/beautifuljean,naver_blog,우베 디저트,alias,1.0,2026-05-26T11:02:57.061617+00:00,0,0,0,0,초례봉독수리,크림카페라떼가 시그니처인가봐요 요즘 핫한 <b>우베</b>라떼도 있네요! 커피 외에도 다양한 음료 메뉴가... <b>디저트</b> 후기 주문한 음료와 <b>디저트</b>가 나왔어요 늘 그렇듯 저는 아아 남친은 카페라떼 그리고 초코케이크... ,"{""title"": ""대구 근교 드라이브 추천 상주 낙단보뷰 낙동350 카페"", ""link"": ""https://blog.naver.com/beautifuljean/224297070732"", ""description"": ""크림카페라떼가 시그니처인가봐요 요즘 핫한 <b>우베</b>라떼도 있네요! 커피 외에도 다양한 음료 메뉴가... <b>디저트</b> 후기 주문한 음료와 <b>디저트</b>가 나왔어요 늘 그렇듯 저는 아아 남친은 카페라떼 그리고 초코케이크... "", ""bloggername"": ""초례봉독수리"", ""bloggerlink"": ""blog.naver.com/beautifuljean"", ""postdate"": ""20260526""}"
우베,preset,우베 디저트,폴바셋 신메뉴 추천 2026 라벤더 퍼플 시즌 완벽 리뷰: <b>우베</b>라... ,https://blog.naver.com/bsh9656/224297069406,20260526,"크루아상이나 버터 스콘과 <b>디저트</b>로 페어링하면 고소함이 더욱 풍성해집니다. 3. 가장 트렌디한 선택, <b>우베</b> 카페라떼 메뉴명 가격 칼로리 <b>우베</b> 카페라떼 6,500원 280~310 kcal 이번 폴바셋 신메뉴 중 가장 트렌디한... ",있는 그대로의 나,blog.naver.com/bsh9656,naver_blog,우베 디저트,alias,1.0,2026-05-26T11:02:57.061617+00:00,0,0,0,0,있는 그대로의 나,"크루아상이나 버터 스콘과 <b>디저트</b>로 페어링하면 고소함이 더욱 풍성해집니다. 3. 가장 트렌디한 선택, <b>우베</b> 카페라떼 메뉴명 가격 칼로리 <b>우베</b> 카페라떼 6,500원 280~310 kcal 이번 폴바셋 신메뉴 중 가장 트렌디한... ","{""title"": ""폴바셋 신메뉴 추천 2026 라벤더 퍼플 시즌 완벽 리뷰: <b>우베</b>라... "", ""link"": ""https://blog.naver.com/bsh9656/224297069406"", ""description"": ""크루아상이나 버터 스콘과 <b>디저트</b>로 페어링하면 고소함이 더욱 풍성해집니다. 3. 가장 트렌디한 선택, <b>우베</b> 카페라떼 메뉴명 가격 칼로리 <b>우베</b> 카페라떼 6,500원 280~310 kcal 이번 폴바셋 신메뉴 중 가장 트렌디한... "", ""bloggername"": ""있는 그대로의 나"", ""bloggerlink"": ""blog.naver.com/bsh9656"", ""postdate"": ""20260526""}"
우베,preset,우베 디저트,서현시범맛집거리 주차 가능 <b>디저트</b>카페 슬로웨이커피 서현역... ,https://blog.naver.com/rabbitbag/224296500709,20260526,및 <b>디저트</b>들. 케익 종류가 굉장히 다양해서 어떤 걸 먹어야 할지 방앗간 앞 참새처럼 쇼케이스에 붙어서 한참을 고민했다. 음료 메뉴도 매우 다양했다. 특히 요즘 유행하는 <b>우베</b> 코코넛 라떼가 있어서 매우... ,레이라의 낭만핑크라이프 ♬ :D,blog.naver.com/rabbitbag,naver_blog,우베 디저트,alias,1.0,2026-05-26T11:02:57.061617+00:00,0,0,0,0,레이라의 낭만핑크라이프 ♬ :D,및 <b>디저트</b>들. 케익 종류가 굉장히 다양해서 어떤 걸 먹어야 할지 방앗간 앞 참새처럼 쇼케이스에 붙어서 한참을 고민했다. 음료 메뉴도 매우 다양했다. 특히 요즘 유행하는 <b>우베</b> 코코넛 라떼가 있어서 매우... ,"{""title"": ""서현시범맛집거리 주차 가능 <b>디저트</b>카페 슬로웨이커피 서현역... "", ""link"": ""https://blog.naver.com/rabbitbag/224296500709"", ""description"": ""및 <b>디저트</b>들. 케익 종류가 굉장히 다양해서 어떤 걸 먹어야 할지 방앗간 앞 참새처럼 쇼케이스에 붙어서 한참을 고민했다. 음료 메뉴도 매우 다양했다. 특히 요즘 유행하는 <b>우베</b> 코코넛 라떼가 있어서 매우... "", ""bloggername"": ""레이라의 낭만핑크라이프 ♬ :D"", ""bloggerlink"": ""blog.naver.com/rabbitbag"", ""postdate"": ""20260526""}"
우베,preset,우베 디저트,애슐리 퀸즈 가격 할인 총정리 5월 골드키위 시즌 메뉴까지,https://blog.naver.com/xariose/224297065727,20260526,"라떼 / <b>우베</b> 치즈케이크 ▪ 골드키위 살사 (오리 타코랑 페어링) 거기에 <b>디저트</b> 말고도 신메뉴가 6종 추가됐어요. 태국식 파인애플 얌운센 샐러드, 리얼 타이 카오팟 무쌉, 참깨 감자 샐러드, 들기름 메밀국수... ",소소한 일상 이야기,blog.naver.com/xariose,naver_blog,우베 디저트,alias,1.0,2026-05-26T11:02:57.061617+00:00,0,0,0,0,소소한 일상 이야기,"라떼 / <b>우베</b> 치즈케이크 ▪ 골드키위 살사 (오리 타코랑 페어링) 거기에 <b>디저트</b> 말고도 신메뉴가 6종 추가됐어요. 태국식 파인애플 얌운센 샐러드, 리얼 타이 카오팟 무쌉, 참깨 감자 샐러드, 들기름 메밀국수... ","{""title"": ""애슐리 퀸즈 가격 할인 총정리 5월 골드키위 시즌 메뉴까지"", ""link"": ""https://blog.naver.com/xariose/224297065727"", ""description"": ""라떼 / <b>우베</b> 치즈케이크 ▪ 골드키위 살사 (오리 타코랑 페어링) 거기에 <b>디저트</b> 말고도 신메뉴가 6종 추가됐어요. 태국식 파인애플 얌운센 샐러드, 리얼 타이 카오팟 무쌉, 참깨 감자 샐러드, 들기름 메밀국수... "", ""bloggername"": ""소소한 일상 이야기"", ""bloggerlink"": ""blog.naver.com/xariose"", ""postdate"": ""20260526""}"
우베,preset,우베 디저트,김포 현대아울렛카페 노티드 :: 신메뉴 <b>우베</b>도넛 <b>우베</b>음료,https://blog.naver.com/m__nique/224297065633,20260526,<b>우베</b>의 고소한 맛이 그대로 나고 논커피 음료 특유의 부담 없는 달콤함과 고소한 <b>우베</b> 풍미가 너무 좋았어요 보랏빛 컬러감과 <b>디저트</b> 같은 무드인 노티드 <b>우베</b> 라떼 <b>우베</b> 카페 라떼는 <b>우베</b>의 달콤고소한 풍미와... ,"Eat, Play, Love",blog.naver.com/m__nique,naver_blog,우베 디저트,alias,1.0,2026-05-26T11:02:57.061617+00:00,0,0,0,0,"Eat, Play, Love",<b>우베</b>의 고소한 맛이 그대로 나고 논커피 음료 특유의 부담 없는 달콤함과 고소한 <b>우베</b> 풍미가 너무 좋았어요 보랏빛 컬러감과 <b>디저트</b> 같은 무드인 노티드 <b>우베</b> 라떼 <b>우베</b> 카페 라떼는 <b>우베</b>의 달콤고소한 풍미와... ,"{""title"": ""김포 현대아울렛카페 노티드 :: 신메뉴 <b>우베</b>도넛 <b>우베</b>음료"", ""link"": ""https://blog.naver.com/m__nique/224297065633"", ""description"": ""<b>우베</b>의 고소한 맛이 그대로 나고 논커피 음료 특유의 부담 없는 달콤함과 고소한 <b>우베</b> 풍미가 너무 좋았어요 보랏빛 컬러감과 <b>디저트</b> 같은 무드인 노티드 <b>우베</b> 라떼 <b>우베</b> 카페 라떼는 <b>우베</b>의 달콤고소한 풍미와... "", ""bloggername"": ""Eat, Play, Love"", ""bloggerlink"": ""blog.naver.com/m__nique"", ""postdate"": ""20260526""}"
우베,preset,우베 디저트,빽다방 신메뉴 아이스크림 <b>우베</b>라떼,https://blog.naver.com/anhyojin17/224297063491,20260526,먹어야겠는 #빽다방 #빽다방신메뉴 #우베라떼 #아이스크림우베라떼 #신상 #신메뉴 #신상간식 #신상음료 #음료 #라떼 #<b>우베디저트</b> #une #우베 #아이스크림라떼 #latte #ubelatte #icecream #아이스크림... ,"신상,신제품 덕후",blog.naver.com/anhyojin17,naver_blog,우베 디저트,alias,1.0,2026-05-26T11:02:57.061617+00:00,0,0,0,0,"신상,신제품 덕후",먹어야겠는 #빽다방 #빽다방신메뉴 #우베라떼 #아이스크림우베라떼 #신상 #신메뉴 #신상간식 #신상음료 #음료 #라떼 #<b>우베디저트</b> #une #우베 #아이스크림라떼 #latte #ubelatte #icecream #아이스크림... ,"{""title"": ""빽다방 신메뉴 아이스크림 <b>우베</b>라떼"", ""link"": ""https://blog.naver.com/anhyojin17/224297063491"", ""description"": ""먹어야겠는 #빽다방 #빽다방신메뉴 #우베라떼 #아이스크림우베라떼 #신상 #신메뉴 #신상간식 #신상음료 #음료 #라떼 #<b>우베디저트</b> #une #우베 #아이스크림라떼 #latte #ubelatte #icecream #아이스크림... "", ""bloggername"": ""신상,신제품 덕후"", ""bloggerlink"": ""blog.naver.com/anhyojin17"", ""postdate"": ""20260526""}"
우베,preset,우베 디저트,송현아카페 추천 분더커피바 아이스크림 커피맛집 솔직후기,https://blog.naver.com/modutube/224297061536,20260526,"아이와 쇼핑나와서 밥도 먹고 괜찮은 <b>디저트</b> 카페 찾아보다가 멀리 가지 않아도 먹을 수 있는 곳이... 크림 시리즈는 크림 말차 6,500원, 크림 <b>우베</b> 6,500원, 크림 초콜릿 6,500원이었고 슈페너 시리즈는 분더커피 6... ",여행하고 리뷰하고 - 모두튜브,blog.naver.com/modutube,naver_blog,우베 디저트,alias,1.0,2026-05-26T11:02:57.061617+00:00,0,0,0,0,여행하고 리뷰하고 - 모두튜브,"아이와 쇼핑나와서 밥도 먹고 괜찮은 <b>디저트</b> 카페 찾아보다가 멀리 가지 않아도 먹을 수 있는 곳이... 크림 시리즈는 크림 말차 6,500원, 크림 <b>우베</b> 6,500원, 크림 초콜릿 6,500원이었고 슈페너 시리즈는 분더커피 6... ","{""title"": ""송현아카페 추천 분더커피바 아이스크림 커피맛집 솔직후기"", ""link"": ""https://blog.naver.com/modutube/224297061536"", ""description"": ""아이와 쇼핑나와서 밥도 먹고 괜찮은 <b>디저트</b> 카페 찾아보다가 멀리 가지 않아도 먹을 수 있는 곳이... 크림 시리즈는 크림 말차 6,500원, 크림 <b>우베</b> 6,500원, 크림 초콜릿 6,500원이었고 슈페너 시리즈는 분더커피 6... "", ""bloggername"": ""여행하고 리뷰하고 - 모두튜브"", ""bloggerlink"": ""blog.naver.com/modutube"", ""postdate"": ""20260526""}"
우베,preset,우베 디저트,안산 대부도 오션뷰카페 추천 | 누워서 힐링 가능한 구봉도... ,https://blog.naver.com/rose70214/224297059575,20260526,"후기들 보니까 달달한 <b>디저트</b> 느낌으로 많이 드시더라구요   상하목장 아이스크림 (Ube) 6,000원 5월 한정으로 <b>우베</b>(Ube) 맛이 제공되고 있었어요! 자색고구마 느낌의 달달한 풍미가 특징인데 색감이 너무... ",Effort,blog.naver.com/rose70214,naver_blog,우베 디저트,alias,1.0,2026-05-26T11:02:57.061617+00:00,0,0,0,0,Effort,"후기들 보니까 달달한 <b>디저트</b> 느낌으로 많이 드시더라구요   상하목장 아이스크림 (Ube) 6,000원 5월 한정으로 <b>우베</b>(Ube) 맛이 제공되고 있었어요! 자색고구마 느낌의 달달한 풍미가 특징인데 색감이 너무... ","{""title"": ""안산 대부도 오션뷰카페 추천 | 누워서 힐링 가능한 구봉도... "", ""link"": ""https://blog.naver.com/rose70214/224297059575"", ""description"": ""후기들 보니까 달달한 <b>디저트</b> 느낌으로 많이 드시더라구요   상하목장 아이스크림 (Ube) 6,000원 5월 한정으로 <b>우베</b>(Ube) 맛이 제공되고 있었어요! 자색고구마 느낌의 달달한 풍미가 특징인데 색감이 너무... "", ""bloggername"": ""Effort"", ""bloggerlink"": ""blog.naver.com/rose70214"", ""postdate"": ""20260526""}"
우베,preset,우베 디저트,"용산맛집 | 테디뵈르하우스 용산점 평일 방문, 흑백요리사2... ",https://blog.naver.com/bsg303/224297056925,20260526,"아늑한 파리 감성 인테리어 속에서 독특한 <b>우베</b> 라떼 한 잔과 맛있는 <b>디저트</b>를 함께 즐길 수 있어서, 빵순이들뿐만 아니라 카페 투어 좋아하시는 분들에게도 완벽한 용산 빵 맛집이에요. 꿀 정보도 함께... ",쑤로그,blog.naver.com/bsg303,naver_blog,우베 디저트,alias,1.0,2026-05-26T11:02:57.061617+00:00,0,0,0,0,쑤로그,"아늑한 파리 감성 인테리어 속에서 독특한 <b>우베</b> 라떼 한 잔과 맛있는 <b>디저트</b>를 함께 즐길 수 있어서, 빵순이들뿐만 아니라 카페 투어 좋아하시는 분들에게도 완벽한 용산 빵 맛집이에요. 꿀 정보도 함께... ","{""title"": ""용산맛집 | 테디뵈르하우스 용산점 평일 방문, 흑백요리사2... "", ""link"": ""https://blog.naver.com/bsg303/224297056925"", ""description"": ""아늑한 파리 감성 인테리어 속에서 독특한 <b>우베</b> 라떼 한 잔과 맛있는 <b>디저트</b>를 함께 즐길 수 있어서, 빵순이들뿐만 아니라 카페 투어 좋아하시는 분들에게도 완벽한 용산 빵 맛집이에요. 꿀 정보도 함께... "", ""bloggername"": ""쑤로그"", ""bloggerlink"": ""blog.naver.com/bsg303"", ""postdate"": ""20260526""}"
우베,preset,우베 디저트,<b>우베</b> 100% 파우더 kg 추천 10kg 써보니,https://blog.naver.com/ghdskarb6304/224297046165,20260526,"색감, 디저트 비주얼 강함 우베 100% 파우더, 4개, 10kg는 케이크 반죽에 넣었을 때 색이 은근하게만 도는... 요즘 <b>우베 디저트</b>가 확 올라오면서 보라색 메뉴를 찾는 분들이 많잖아요. 우베 100% 파우더 kg 단위로... ",fresh가람,blog.naver.com/ghdskarb6304,naver_blog,우베 디저트,alias,1.0,2026-05-26T11:02:57.061617+00:00,0,0,0,0,fresh가람,"색감, 디저트 비주얼 강함 우베 100% 파우더, 4개, 10kg는 케이크 반죽에 넣었을 때 색이 은근하게만 도는... 요즘 <b>우베 디저트</b>가 확 올라오면서 보라색 메뉴를 찾는 분들이 많잖아요. 우베 100% 파우더 kg 단위로... ","{""title"": ""<b>우베</b> 100% 파우더 kg 추천 10kg 써보니"", ""link"": ""https://blog.naver.com/ghdskarb6304/224297046165"", ""description"": ""색감, 디저트 비주얼 강함 우베 100% 파우더, 4개, 10kg는 케이크 반죽에 넣었을 때 색이 은근하게만 도는... 요즘 <b>우베 디저트</b>가 확 올라오면서 보라색 메뉴를 찾는 분들이 많잖아요. 우베 100% 파우더 kg 단위로... "", ""bloggername"": ""fresh가람"", ""bloggerlink"": ""blog.naver.com/ghdskarb6304"", ""postdate"": ""20260526""}"
우베,preset,우베 디저트,방학동 수제 <b>디저트</b>가 맛있는 카페 ueru 내돈내산 후기,https://blog.naver.com/doyoebee/224297038741,20260526,유행하는 <b>디저트</b>는 다있어요 ㅋㅋㅋ <b>우베</b>가 요즘 또 유행이자나요? 근데 <b>우베</b> 바스크 치즈케이크도 있어서 놀랬어요 그치만 근본 바스크 치즈 케이크를 주문했습니다 ㅋㅋㅋ 음료도 엄청 다양하고 맥주와... ,DOOBEE 두여비,blog.naver.com/doyoebee,naver_blog,우베 디저트,alias,1.0,2026-05-26T11:02:57.061617+00:00,0,0,0,0,DOOBEE 두여비,유행하는 <b>디저트</b>는 다있어요 ㅋㅋㅋ <b>우베</b>가 요즘 또 유행이자나요? 근데 <b>우베</b> 바스크 치즈케이크도 있어서 놀랬어요 그치만 근본 바스크 치즈 케이크를 주문했습니다 ㅋㅋㅋ 음료도 엄청 다양하고 맥주와... ,"{""title"": ""방학동 수제 <b>디저트</b>가 맛있는 카페 ueru 내돈내산 후기"", ""link"": ""https://blog.naver.com/doyoebee/224297038741"", ""description"": ""유행하는 <b>디저트</b>는 다있어요 ㅋㅋㅋ <b>우베</b>가 요즘 또 유행이자나요? 근데 <b>우베</b> 바스크 치즈케이크도 있어서 놀랬어요 그치만 근본 바스크 치즈 케이크를 주문했습니다 ㅋㅋㅋ 음료도 엄청 다양하고 맥주와... "", ""bloggername"": ""DOOBEE 두여비"", ""bloggerlink"": ""blog.naver.com/doyoebee"", ""postdate"": ""20260526""}"
우베,preset,우베 디저트,행궁동 <b>디저트</b> 맛집 오늘의치즈타르트 기념일 선물로 딱이자나?,https://blog.naver.com/rooney9325/224297026601,20260526,"요즘 배드민턴 끝나고 행궁동을 자주 놀러오는데 놀러오면 항상 느끼는 것 중 하나가 <b>디저트</b> 집들이... 애플시나몬브리, <b>우베</b>리 리코타 총 7가지의 타르트가 있는데 제가 구매한 메뉴로는 <b>우베</b>리 리코타... ",Always Lumin Pic,blog.naver.com/rooney9325,naver_blog,우베 디저트,alias,1.0,2026-05-26T11:02:57.061617+00:00,0,0,0,0,Always Lumin Pic,"요즘 배드민턴 끝나고 행궁동을 자주 놀러오는데 놀러오면 항상 느끼는 것 중 하나가 <b>디저트</b> 집들이... 애플시나몬브리, <b>우베</b>리 리코타 총 7가지의 타르트가 있는데 제가 구매한 메뉴로는 <b>우베</b>리 리코타... ","{""title"": ""행궁동 <b>디저트</b> 맛집 오늘의치즈타르트 기념일 선물로 딱이자나?"", ""link"": ""https://blog.naver.com/rooney9325/224297026601"", ""description"": ""요즘 배드민턴 끝나고 행궁동을 자주 놀러오는데 놀러오면 항상 느끼는 것 중 하나가 <b>디저트</b> 집들이... 애플시나몬브리, <b>우베</b>리 리코타 총 7가지의 타르트가 있는데 제가 구매한 메뉴로는 <b>우베</b>리 리코타... "", ""bloggername"": ""Always Lumin Pic"", ""bloggerlink"": ""blog.naver.com/rooney9325"", ""postdate"": ""20260526""}"
우베,preset,우베 디저트,인류 최악의 감염병 ‘에볼라 바이러스’의 모든 것!,https://blog.naver.com/xmfpqkf/224297023461,20260526,"블루베리 생과를 챙겨 드시거나 최근 이색 웰빙 식재료로 떠오른 <b>우베</b>(Ube), 타로를 활용한 저당 <b>디저트</b>를 즐기면 세포 면역력을 높이는 데 큰 도움을 줍니다. 간 해독과 피로 예방 체내로 침투한 독소를... ",어류정,blog.naver.com/xmfpqkf,naver_blog,우베 디저트,alias,1.0,2026-05-26T11:02:57.061617+00:00,0,0,0,0,어류정,"블루베리 생과를 챙겨 드시거나 최근 이색 웰빙 식재료로 떠오른 <b>우베</b>(Ube), 타로를 활용한 저당 <b>디저트</b>를 즐기면 세포 면역력을 높이는 데 큰 도움을 줍니다. 간 해독과 피로 예방 체내로 침투한 독소를... ","{""title"": ""인류 최악의 감염병 ‘에볼라 바이러스’의 모든 것!"", ""link"": ""https://blog.naver.com/xmfpqkf/224297023461"", ""description"": ""블루베리 생과를 챙겨 드시거나 최근 이색 웰빙 식재료로 떠오른 <b>우베</b>(Ube), 타로를 활용한 저당 <b>디저트</b>를 즐기면 세포 면역력을 높이는 데 큰 도움을 줍니다. 간 해독과 피로 예방 체내로 침투한 독소를... "", ""bloggername"": ""어류정"", ""bloggerlink"": ""blog.naver.com/xmfpqkf"", ""postdate"": ""20260526""}"
우베,preset,우베 디저트,"[서울/공릉] 공릉 카페::매버릭스테이(경춘선 숲길, 공리단길 카페)",https://blog.naver.com/hedonnia/224297018380,20260526,"카페, <b>디저트</b> 맛집 찾는 분들께 추천! 공릉 쪽 카페 찾다가 방문했는데 날씨가 진짜 좋아서 그런지... 5,800원 <b>우베</b>바닐라라떼 — 6,000원 스테이 바나나헤이즐넛라떼 — 6,000원  Non Coffee 리얼딸기라떼 — 6... ",예쁜 카페 수집가,blog.naver.com/hedonnia,naver_blog,우베 디저트,alias,1.0,2026-05-26T11:02:57.061617+00:00,0,0,0,0,예쁜 카페 수집가,"카페, <b>디저트</b> 맛집 찾는 분들께 추천! 공릉 쪽 카페 찾다가 방문했는데 날씨가 진짜 좋아서 그런지... 5,800원 <b>우베</b>바닐라라떼 — 6,000원 스테이 바나나헤이즐넛라떼 — 6,000원  Non Coffee 리얼딸기라떼 — 6... ","{""title"": ""[서울/공릉] 공릉 카페::매버릭스테이(경춘선 숲길, 공리단길 카페)"", ""link"": ""https://blog.naver.com/hedonnia/224297018380"", ""description"": ""카페, <b>디저트</b> 맛집 찾는 분들께 추천! 공릉 쪽 카페 찾다가 방문했는데 날씨가 진짜 좋아서 그런지... 5,800원 <b>우베</b>바닐라라떼 — 6,000원 스테이 바나나헤이즐넛라떼 — 6,000원  Non Coffee 리얼딸기라떼 — 6... "", ""bloggername"": ""예쁜 카페 수집가"", ""bloggerlink"": ""blog.naver.com/hedonnia"", ""postdate"": ""20260526""}"
우베,preset,우베 디저트,"[을지로3가역/중구] 연휴에 가기 좋은 힙지로 감성, 콘티뉴이티... ",https://blog.naver.com/hyun__322/224297015484,20260526,(이때 좀 무서웠음) #아이스아메리카노 는 산미 없이 고소해 <b>디저트</b>들과 합이 좋았어요  커피에 들어간 얼음이 크고 단단해 야외로 나와 더웠음에도 많이 녹지 않았더라구용 #<b>우베</b>썸머라떼 의 <b>우베</b>는... ,핑공 일상 다여리,blog.naver.com/hyun__322,naver_blog,우베 디저트,alias,1.0,2026-05-26T11:02:57.061617+00:00,0,0,0,0,핑공 일상 다여리,(이때 좀 무서웠음) #아이스아메리카노 는 산미 없이 고소해 <b>디저트</b>들과 합이 좋았어요  커피에 들어간 얼음이 크고 단단해 야외로 나와 더웠음에도 많이 녹지 않았더라구용 #<b>우베</b>썸머라떼 의 <b>우베</b>는... ,"{""title"": ""[을지로3가역/중구] 연휴에 가기 좋은 힙지로 감성, 콘티뉴이티... "", ""link"": ""https://blog.naver.com/hyun__322/224297015484"", ""description"": ""(이때 좀 무서웠음) #아이스아메리카노 는 산미 없이 고소해 <b>디저트</b>들과 합이 좋았어요  커피에 들어간 얼음이 크고 단단해 야외로 나와 더웠음에도 많이 녹지 않았더라구용 #<b>우베</b>썸머라떼 의 <b>우베</b>는... "", ""bloggername"": ""핑공 일상 다여리"", ""bloggerlink"": ""blog.naver.com/hyun__322"", ""postdate"": ""20260526""}"
우베,preset,우베 디저트,해운대역 해리단길 버터떡 찐맛집 스탠다드번 내돈내산 후기 주차,https://blog.naver.com/seven0408/224297012194,20260526,버터떡 <b>디저트</b> 카페가 있어서 입덕하게 되었는데요 드디어 해리단길에서도 찾았습니다! 바로... 초코버터떡 <b>우베</b>라테 <b>우베</b>커피라텥 <b>우베</b>코코넛 상하이버터떡 두바이쫀득쿠키 딸기생크림번... ,밀찡의 여행로그,blog.naver.com/seven0408,naver_blog,우베 디저트,alias,1.0,2026-05-26T11:02:57.061617+00:00,0,0,0,0,밀찡의 여행로그,버터떡 <b>디저트</b> 카페가 있어서 입덕하게 되었는데요 드디어 해리단길에서도 찾았습니다! 바로... 초코버터떡 <b>우베</b>라테 <b>우베</b>커피라텥 <b>우베</b>코코넛 상하이버터떡 두바이쫀득쿠키 딸기생크림번... ,"{""title"": ""해운대역 해리단길 버터떡 찐맛집 스탠다드번 내돈내산 후기 주차"", ""link"": ""https://blog.naver.com/seven0408/224297012194"", ""description"": ""버터떡 <b>디저트</b> 카페가 있어서 입덕하게 되었는데요 드디어 해리단길에서도 찾았습니다! 바로... 초코버터떡 <b>우베</b>라테 <b>우베</b>커피라텥 <b>우베</b>코코넛 상하이버터떡 두바이쫀득쿠키 딸기생크림번... "", ""bloggername"": ""밀찡의 여행로그"", ""bloggerlink"": ""blog.naver.com/seven0408"", ""postdate"": ""20260526""}"
우베,preset,우베 디저트,부여 궁남지 카페 추천 분위기 좋은 카페온휴,https://blog.naver.com/so_seewty_hbro/224297008283,20260526,"먹어보자구요 <b>우베</b>는 자색고구마라고 하셔서 구황작물 좋아하시는 분들은 한번 드셔보시면 좋을것 같아요^^ <b>디저트</b>류엔 크로플과 바스크 치즈케이크, 휘낭시에가 있어 당 떨어질 시간이라 같이... ",호브로와 함께 하고 싶은거 다하는 중,blog.naver.com/so_seewty_hbro,naver_blog,우베 디저트,alias,1.0,2026-05-26T11:02:57.061617+00:00,0,0,0,0,호브로와 함께 하고 싶은거 다하는 중,"먹어보자구요 <b>우베</b>는 자색고구마라고 하셔서 구황작물 좋아하시는 분들은 한번 드셔보시면 좋을것 같아요^^ <b>디저트</b>류엔 크로플과 바스크 치즈케이크, 휘낭시에가 있어 당 떨어질 시간이라 같이... ","{""title"": ""부여 궁남지 카페 추천 분위기 좋은 카페온휴"", ""link"": ""https://blog.naver.com/so_seewty_hbro/224297008283"", ""description"": ""먹어보자구요 <b>우베</b>는 자색고구마라고 하셔서 구황작물 좋아하시는 분들은 한번 드셔보시면 좋을것 같아요^^ <b>디저트</b>류엔 크로플과 바스크 치즈케이크, 휘낭시에가 있어 당 떨어질 시간이라 같이... "", ""bloggername"": ""호브로와 함께 하고 싶은거 다하는 중"", ""bloggerlink"": ""blog.naver.com/so_seewty_hbro"", ""postdate"": ""20260526""}"
우베,preset,우베 디저트,던킨 <b>우베</b> 츄이스티,https://blog.naver.com/hapmi24/224297006154,20260526,만난 #우베_츄이스티 ! 예쁜 보라빛 비주얼에 달콤함까지 더해져 간식으로 즐기기에 너무 완벽해 ( ˙◁˙ ) 올여름 던킨에서만 만나볼 수 있는 색다른 <b>우베 디저트</b>를 원한다면 당장 던킨으로... ,빵장‘s,blog.naver.com/hapmi24,naver_blog,우베 디저트,alias,1.0,2026-05-26T11:02:57.061617+00:00,0,0,0,0,빵장‘s,만난 #우베_츄이스티 ! 예쁜 보라빛 비주얼에 달콤함까지 더해져 간식으로 즐기기에 너무 완벽해 ( ˙◁˙ ) 올여름 던킨에서만 만나볼 수 있는 색다른 <b>우베 디저트</b>를 원한다면 당장 던킨으로... ,"{""title"": ""던킨 <b>우베</b> 츄이스티"", ""link"": ""https://blog.naver.com/hapmi24/224297006154"", ""description"": ""만난 #우베_츄이스티 ! 예쁜 보라빛 비주얼에 달콤함까지 더해져 간식으로 즐기기에 너무 완벽해 ( ˙◁˙ ) 올여름 던킨에서만 만나볼 수 있는 색다른 <b>우베 디저트</b>를 원한다면 당장 던킨으로... "", ""bloggername"": ""빵장‘s"", ""bloggerlink"": ""blog.naver.com/hapmi24"", ""postdate"": ""20260526""}"
우베,preset,우베 디저트,정자동 맛집 카페 수원 카페 버터떡 정자동 카페 버터떡 카페... ,https://blog.naver.com/sksksk7487/224297004646,20260526,o(*￣▽￣*)ブ <b>우베</b>가 요즘 유행이라면서요 ~??? 요즘 유행하는 음료 및 <b>디저트</b>는 이곳 카페 머무름에서 다 볼 수 있어서 신기하기도했어요 수제 두바이 쫀득쿠키도 있네요 o(*￣▽￣*)ブ 시나몬롤페스츄리... ,블롱그❤️,blog.naver.com/sksksk7487,naver_blog,우베 디저트,alias,1.0,2026-05-26T11:02:57.061617+00:00,0,0,0,0,블롱그❤️,o(*￣▽￣*)ブ <b>우베</b>가 요즘 유행이라면서요 ~??? 요즘 유행하는 음료 및 <b>디저트</b>는 이곳 카페 머무름에서 다 볼 수 있어서 신기하기도했어요 수제 두바이 쫀득쿠키도 있네요 o(*￣▽￣*)ブ 시나몬롤페스츄리... ,"{""title"": ""정자동 맛집 카페 수원 카페 버터떡 정자동 카페 버터떡 카페... "", ""link"": ""https://blog.naver.com/sksksk7487/224297004646"", ""description"": ""o(*￣▽￣*)ブ <b>우베</b>가 요즘 유행이라면서요 ~??? 요즘 유행하는 음료 및 <b>디저트</b>는 이곳 카페 머무름에서 다 볼 수 있어서 신기하기도했어요 수제 두바이 쫀득쿠키도 있네요 o(*￣▽￣*)ブ 시나몬롤페스츄리... "", ""bloggername"": ""블롱그❤️"", ""bloggerlink"": ""blog.naver.com/sksksk7487"", ""postdate"": ""20260526""}"
우베,preset,우베 디저트,"언산언돈 압구정 빵 솔직후기 | 부케드뺑, 이웃집 통통이... ",https://blog.naver.com/luminouscongee/224297003480,20260526,오늘 <b>디저트</b>를 잘먹었다고 소문이 날까~~ 막 이러면서 고르다가 언니한테 카톡으로 댕혼남;; 얼른 고르라면서 ㅋㄱㅋㅋㄱㅋㄱㅋㅋ 훔냠•• 저의 결정은요?! 양즈깐루 베이글샌드랑 제철과일 <b>우베</b>맛 베이글샌드... ,햅삐한 일상 :),blog.naver.com/luminouscongee,naver_blog,우베 디저트,alias,1.0,2026-05-26T11:02:57.061617+00:00,0,0,0,0,햅삐한 일상 :),오늘 <b>디저트</b>를 잘먹었다고 소문이 날까~~ 막 이러면서 고르다가 언니한테 카톡으로 댕혼남;; 얼른 고르라면서 ㅋㄱㅋㅋㄱㅋㄱㅋㅋ 훔냠•• 저의 결정은요?! 양즈깐루 베이글샌드랑 제철과일 <b>우베</b>맛 베이글샌드... ,"{""title"": ""언산언돈 압구정 빵 솔직후기 | 부케드뺑, 이웃집 통통이... "", ""link"": ""https://blog.naver.com/luminouscongee/224297003480"", ""description"": ""오늘 <b>디저트</b>를 잘먹었다고 소문이 날까~~ 막 이러면서 고르다가 언니한테 카톡으로 댕혼남;; 얼른 고르라면서 ㅋㄱㅋㅋㄱㅋㄱㅋㅋ 훔냠•• 저의 결정은요?! 양즈깐루 베이글샌드랑 제철과일 <b>우베</b>맛 베이글샌드... "", ""bloggername"": ""햅삐한 일상 :)"", ""bloggerlink"": ""blog.naver.com/luminouscongee"", ""postdate"": ""20260526""}"
우베,preset,우베 디저트,<b>디저트</b>39 <b>우베</b>버터떡 고구마 바닐라향이 은은하게 나는 바삭... ,https://blog.naver.com/munisac58/224296998478,20260526,<b>디저트</b>39 <b>우베</b>버터떡 고구마 바닐라향이 은은하게 나는 바삭 쫄깃한 간식 을 오랜만에 치팅데이처럼 달달한것을 먹고 싶다는 생각이 들었어요 하지만 밥을 먹고 먹기에는 힘들것 같아서 점심 대신해서 먹을... ,여행하며 돈버는 디지털마케터,blog.naver.com/munisac58,naver_blog,우베 디저트,alias,1.0,2026-05-26T11:02:57.061617+00:00,0,0,0,0,여행하며 돈버는 디지털마케터,<b>디저트</b>39 <b>우베</b>버터떡 고구마 바닐라향이 은은하게 나는 바삭 쫄깃한 간식 을 오랜만에 치팅데이처럼 달달한것을 먹고 싶다는 생각이 들었어요 하지만 밥을 먹고 먹기에는 힘들것 같아서 점심 대신해서 먹을... ,"{""title"": ""<b>디저트</b>39 <b>우베</b>버터떡 고구마 바닐라향이 은은하게 나는 바삭... "", ""link"": ""https://blog.naver.com/munisac58/224296998478"", ""description"": ""<b>디저트</b>39 <b>우베</b>버터떡 고구마 바닐라향이 은은하게 나는 바삭 쫄깃한 간식 을 오랜만에 치팅데이처럼 달달한것을 먹고 싶다는 생각이 들었어요 하지만 밥을 먹고 먹기에는 힘들것 같아서 점심 대신해서 먹을... "", ""bloggername"": ""여행하며 돈버는 디지털마케터"", ""bloggerlink"": ""blog.naver.com/munisac58"", ""postdate"": ""20260526""}"
우베,preset,우베 디저트,가장 분위기 좋게 즐길 수 있는 야장 맛집 BEST 4,https://blog.naver.com/cheeky_chicken/224296994398,20260526,"커피는 물론 <b>우베</b> 같은 트렌디한 음료부터 브런치, 피자, 와인까지 다양하게 즐길 수 있어 시간대 상관없이 방문하기 좋은 공간이다. 여기에 이탈리안 셰프 로렌조가 매장에서 직접 만드는 <b>디저트</b>들까지 함께... ",살아보자고,blog.naver.com/cheeky_chicken,naver_blog,우베 디저트,alias,1.0,2026-05-26T11:02:57.061617+00:00,0,0,0,0,살아보자고,"커피는 물론 <b>우베</b> 같은 트렌디한 음료부터 브런치, 피자, 와인까지 다양하게 즐길 수 있어 시간대 상관없이 방문하기 좋은 공간이다. 여기에 이탈리안 셰프 로렌조가 매장에서 직접 만드는 <b>디저트</b>들까지 함께... ","{""title"": ""가장 분위기 좋게 즐길 수 있는 야장 맛집 BEST 4"", ""link"": ""https://blog.naver.com/cheeky_chicken/224296994398"", ""description"": ""커피는 물론 <b>우베</b> 같은 트렌디한 음료부터 브런치, 피자, 와인까지 다양하게 즐길 수 있어 시간대 상관없이 방문하기 좋은 공간이다. 여기에 이탈리안 셰프 로렌조가 매장에서 직접 만드는 <b>디저트</b>들까지 함께... "", ""bloggername"": ""살아보자고"", ""bloggerlink"": ""blog.naver.com/cheeky_chicken"", ""postdate"": ""20260526""}"
우베,preset,우베 디저트,마곡역 카페 라크레마 작업하기 좋은 숨은 카페,https://blog.naver.com/jgk02055wh/224296992364,20260526,정기휴무 #마곡카페 #라크레마카페 #발산카페 #마곡빵집 #마곡역카페 #마곡<b>디저트</b>카페 #휘낭시에맛집... <b>우베</b>카페라떼 판매! 그리고 키오스크가 있어서 다양한 메뉴들을 사진을 보면서 초이스 할 수 있었어요!... ,인생은 쀼민갱처럼 :),blog.naver.com/jgk02055wh,naver_blog,우베 디저트,alias,1.0,2026-05-26T11:02:57.061617+00:00,0,0,0,0,인생은 쀼민갱처럼 :),정기휴무 #마곡카페 #라크레마카페 #발산카페 #마곡빵집 #마곡역카페 #마곡<b>디저트</b>카페 #휘낭시에맛집... <b>우베</b>카페라떼 판매! 그리고 키오스크가 있어서 다양한 메뉴들을 사진을 보면서 초이스 할 수 있었어요!... ,"{""title"": ""마곡역 카페 라크레마 작업하기 좋은 숨은 카페"", ""link"": ""https://blog.naver.com/jgk02055wh/224296992364"", ""description"": ""정기휴무 #마곡카페 #라크레마카페 #발산카페 #마곡빵집 #마곡역카페 #마곡<b>디저트</b>카페 #휘낭시에맛집... <b>우베</b>카페라떼 판매! 그리고 키오스크가 있어서 다양한 메뉴들을 사진을 보면서 초이스 할 수 있었어요!... "", ""bloggername"": ""인생은 쀼민갱처럼 :)"", ""bloggerlink"": ""blog.naver.com/jgk02055wh"", ""postdate"": ""20260526""}"
우베,preset,우베 디저트,홍대<b>디저트</b>카페 [오퍼카페],https://blog.naver.com/linclod4/224296981815,20260526,"모두 하아하이~ 오늘도 나무나무나무의 맛집 블로그 포스팅~ 오늘은 회사 동료들과 홍대<b>디저트</b>카페... 5,500원 <b>우베</b>라떼 6,800원 슈크림라떼 6,800원 블루베리 퀸아망 7,600원 주문했다 미쳤다..너무 이쁘다..... ",나무의 인생,blog.naver.com/linclod4,naver_blog,우베 디저트,alias,1.0,2026-05-26T11:02:57.061617+00:00,0,0,0,0,나무의 인생,"모두 하아하이~ 오늘도 나무나무나무의 맛집 블로그 포스팅~ 오늘은 회사 동료들과 홍대<b>디저트</b>카페... 5,500원 <b>우베</b>라떼 6,800원 슈크림라떼 6,800원 블루베리 퀸아망 7,600원 주문했다 미쳤다..너무 이쁘다..... ","{""title"": ""홍대<b>디저트</b>카페 [오퍼카페]"", ""link"": ""https://blog.naver.com/linclod4/224296981815"", ""description"": ""모두 하아하이~ 오늘도 나무나무나무의 맛집 블로그 포스팅~ 오늘은 회사 동료들과 홍대<b>디저트</b>카페... 5,500원 <b>우베</b>라떼 6,800원 슈크림라떼 6,800원 블루베리 퀸아망 7,600원 주문했다 미쳤다..너무 이쁘다..... "", ""bloggername"": ""나무의 인생"", ""bloggerlink"": ""blog.naver.com/linclod4"", ""postdate"": ""20260526""}"
우베,preset,우베 디저트,<b>우베</b> 뜻과 효능,https://blog.naver.com/usanalove324/224296973838,20260526,최근 <b>디저트</b>와 음료 트렌드로 급부상한 <b>우베</b> 뜻과 타로와의 차이점을 명확히 비교해 드려요. 2026년 최신 웰빙 정보에 맞춘 <b>우베</b> 효능 3가지와 카페에서 꼭 마셔봐야 할 <b>우베</b> 음료 종류까지 이 글 하나로... ,유사나 헬씨 라이프,blog.naver.com/usanalove324,naver_blog,우베 디저트,alias,1.0,2026-05-26T11:02:57.061617+00:00,0,0,0,0,유사나 헬씨 라이프,최근 <b>디저트</b>와 음료 트렌드로 급부상한 <b>우베</b> 뜻과 타로와의 차이점을 명확히 비교해 드려요. 2026년 최신 웰빙 정보에 맞춘 <b>우베</b> 효능 3가지와 카페에서 꼭 마셔봐야 할 <b>우베</b> 음료 종류까지 이 글 하나로... ,"{""title"": ""<b>우베</b> 뜻과 효능"", ""link"": ""https://blog.naver.com/usanalove324/224296973838"", ""description"": ""최근 <b>디저트</b>와 음료 트렌드로 급부상한 <b>우베</b> 뜻과 타로와의 차이점을 명확히 비교해 드려요. 2026년 최신 웰빙 정보에 맞춘 <b>우베</b> 효능 3가지와 카페에서 꼭 마셔봐야 할 <b>우베</b> 음료 종류까지 이 글 하나로... "", ""bloggername"": ""유사나 헬씨 라이프"", ""bloggerlink"": ""blog.naver.com/usanalove324"", ""postdate"": ""20260526""}"
우베,preset,우베 디저트,대구 신세계백화점 팝업 아로케 <b>우베</b> 퀸아망 + 푸니푸니 밤푸딩,https://blog.naver.com/dsk03064/224296962069,20260526,요즘 <b>디저트</b> 빵력이 약해져서 찾아볼 열정 제로.. 암튼 그 아로케의 대구신세계 백화점 팝업 올케한테... 땡큐베리마치ㅠ 일단 플레인퀸아망 그리고 <b>우베</b>퀸아망 나는 호기심 대마왕이라 <b>우베</b>퀸아망 먼저 먹었다... ,솔직한 원블리의 식기장,blog.naver.com/dsk03064,naver_blog,우베 디저트,alias,1.0,2026-05-26T11:02:57.061617+00:00,0,0,0,0,솔직한 원블리의 식기장,요즘 <b>디저트</b> 빵력이 약해져서 찾아볼 열정 제로.. 암튼 그 아로케의 대구신세계 백화점 팝업 올케한테... 땡큐베리마치ㅠ 일단 플레인퀸아망 그리고 <b>우베</b>퀸아망 나는 호기심 대마왕이라 <b>우베</b>퀸아망 먼저 먹었다... ,"{""title"": ""대구 신세계백화점 팝업 아로케 <b>우베</b> 퀸아망 + 푸니푸니 밤푸딩"", ""link"": ""https://blog.naver.com/dsk03064/224296962069"", ""description"": ""요즘 <b>디저트</b> 빵력이 약해져서 찾아볼 열정 제로.. 암튼 그 아로케의 대구신세계 백화점 팝업 올케한테... 땡큐베리마치ㅠ 일단 플레인퀸아망 그리고 <b>우베</b>퀸아망 나는 호기심 대마왕이라 <b>우베</b>퀸아망 먼저 먹었다... "", ""bloggername"": ""솔직한 원블리의 식기장"", ""bloggerlink"": ""blog.naver.com/dsk03064"", ""postdate"": ""20260526""}"
우베,preset,우베 디저트,대전 소제동 카페 에이드와 <b>디저트</b> 맛집 미도리컬러,https://blog.naver.com/fly1911/224296962401,20260526,공간도 예쁘지만 베이커리도 다양하고 특히 <b>디저트</b>와 에이드가 맛있어서 반하고 온곳~~ 청명하고 맑은... 신메뉴인지 보라보라한 <b>우베</b>케이크가 눈에 띄었어요. 크림이 예쁜 보라빛이라 궁금했지만... ,일상,blog.naver.com/fly1911,naver_blog,우베 디저트,alias,1.0,2026-05-26T11:02:57.061617+00:00,0,0,0,0,일상,공간도 예쁘지만 베이커리도 다양하고 특히 <b>디저트</b>와 에이드가 맛있어서 반하고 온곳~~ 청명하고 맑은... 신메뉴인지 보라보라한 <b>우베</b>케이크가 눈에 띄었어요. 크림이 예쁜 보라빛이라 궁금했지만... ,"{""title"": ""대전 소제동 카페 에이드와 <b>디저트</b> 맛집 미도리컬러"", ""link"": ""https://blog.naver.com/fly1911/224296962401"", ""description"": ""공간도 예쁘지만 베이커리도 다양하고 특히 <b>디저트</b>와 에이드가 맛있어서 반하고 온곳~~ 청명하고 맑은... 신메뉴인지 보라보라한 <b>우베</b>케이크가 눈에 띄었어요. 크림이 예쁜 보라빛이라 궁금했지만... "", ""bloggername"": ""일상"", ""bloggerlink"": ""blog.naver.com/fly1911"", ""postdate"": ""20260526""}"
우베,preset,우베 디저트,"[광주] 운암동 신상카페, 유메",https://blog.naver.com/3349935/224296959127,20260526,"유행하는 <b>우베</b>로 만든 치즈케이크까지 ,,  <b>디저트</b> 맛집 답게 종류 엄청다양해요  주문메뉴 아메리카노 x2 3.6 베리믹스크러쉬 5.8 버터떡 2.0 <b>우베</b>치즈케이크 8.0 <b>우베</b>치즈케이크 <b>우베</b>는 처음 먹어보는데... ",mini_,blog.naver.com/3349935,naver_blog,우베 디저트,alias,1.0,2026-05-26T11:02:57.061617+00:00,0,0,0,0,mini_,"유행하는 <b>우베</b>로 만든 치즈케이크까지 ,,  <b>디저트</b> 맛집 답게 종류 엄청다양해요  주문메뉴 아메리카노 x2 3.6 베리믹스크러쉬 5.8 버터떡 2.0 <b>우베</b>치즈케이크 8.0 <b>우베</b>치즈케이크 <b>우베</b>는 처음 먹어보는데... ","{""title"": ""[광주] 운암동 신상카페, 유메"", ""link"": ""https://blog.naver.com/3349935/224296959127"", ""description"": ""유행하는 <b>우베</b>로 만든 치즈케이크까지 ,,  <b>디저트</b> 맛집 답게 종류 엄청다양해요  주문메뉴 아메리카노 x2 3.6 베리믹스크러쉬 5.8 버터떡 2.0 <b>우베</b>치즈케이크 8.0 <b>우베</b>치즈케이크 <b>우베</b>는 처음 먹어보는데... "", ""bloggername"": ""mini_"", ""bloggerlink"": ""blog.naver.com/3349935"", ""postdate"": ""20260526""}"
우베,preset,우베 디저트,성수 맛집 추천 *  차일디쉬 빙수 맛과 공간 감성 모두 만족,https://blog.naver.com/runa402/224290689627,20260526,"예를 들어 필리핀 <b>우베</b> 빙수와 대만식 생망고빙수는 각 20,900원으로 <b>디저트</b> 치고는 가격이 꽤 있는 편이다. 하지만 한 번 맛본 이들은 크기와 맛에 만족감을 드러낸다. 소금빵은 2,500원부터 시작해 샌드위치... ",로컬가이드 (사는곳의 모든것),blog.naver.com/runa402,naver_blog,우베 디저트,alias,1.0,2026-05-26T11:02:57.061617+00:00,0,0,0,0,로컬가이드 (사는곳의 모든것),"예를 들어 필리핀 <b>우베</b> 빙수와 대만식 생망고빙수는 각 20,900원으로 <b>디저트</b> 치고는 가격이 꽤 있는 편이다. 하지만 한 번 맛본 이들은 크기와 맛에 만족감을 드러낸다. 소금빵은 2,500원부터 시작해 샌드위치... ","{""title"": ""성수 맛집 추천 *  차일디쉬 빙수 맛과 공간 감성 모두 만족"", ""link"": ""https://blog.naver.com/runa402/224290689627"", ""description"": ""예를 들어 필리핀 <b>우베</b> 빙수와 대만식 생망고빙수는 각 20,900원으로 <b>디저트</b> 치고는 가격이 꽤 있는 편이다. 하지만 한 번 맛본 이들은 크기와 맛에 만족감을 드러낸다. 소금빵은 2,500원부터 시작해 샌드위치... "", ""bloggername"": ""로컬가이드 (사는곳의 모든것)"", ""bloggerlink"": ""blog.naver.com/runa402"", ""postdate"": ""20260526""}"
우베,preset,우베 디저트,[중구] 을지로 카페 젤라또 케이크 <b>디저트</b>맛집 젤라이크,https://blog.naver.com/wildchild08/224296952115,20260526,대세인 <b>우베</b>맛 까지! 내부 내부가 큰편은 아니지만 그래도 좌석이 꽤 있어요 사물함 있는 쪽에도... ❄️ 적당한 산미로 깔끔하게 마셨어요 젤라이크라는 이름답게 젤라또+케이크로 합쳐진 <b>디저트</b>예요!... ,it is what it is,blog.naver.com/wildchild08,naver_blog,우베 디저트,alias,1.0,2026-05-26T11:02:57.061617+00:00,0,0,0,0,it is what it is,대세인 <b>우베</b>맛 까지! 내부 내부가 큰편은 아니지만 그래도 좌석이 꽤 있어요 사물함 있는 쪽에도... ❄️ 적당한 산미로 깔끔하게 마셨어요 젤라이크라는 이름답게 젤라또+케이크로 합쳐진 <b>디저트</b>예요!... ,"{""title"": ""[중구] 을지로 카페 젤라또 케이크 <b>디저트</b>맛집 젤라이크"", ""link"": ""https://blog.naver.com/wildchild08/224296952115"", ""description"": ""대세인 <b>우베</b>맛 까지! 내부 내부가 큰편은 아니지만 그래도 좌석이 꽤 있어요 사물함 있는 쪽에도... ❄️ 적당한 산미로 깔끔하게 마셨어요 젤라이크라는 이름답게 젤라또+케이크로 합쳐진 <b>디저트</b>예요!... "", ""bloggername"": ""it is what it is"", ""bloggerlink"": ""blog.naver.com/wildchild08"", ""postdate"": ""20260526""}"
우베,preset,우베 디저트,[신용산] 받터. 뜯고기. 쉐기독. 아펙스 | 감성 좋은 신용산... ,https://blog.naver.com/sun_ziplog/224296950068,20260526,[받터] • 서울 용산구 한강대로15길 31-28 1층 • 화-토 12:00-22:00 / 일 12:00-21:00 <b>우베</b> 선데가 먹고... 느낌의 <b>디저트</b>를 서비스로 주셨다 ♡ 좀 달달한게 필요했는데 딱 좋은 타이밍 좋게 입가심 시그니쳐... ,⋆｡° ✧ * ﾟHaus of Sun ﾟ * ✧ °｡⋆,blog.naver.com/sun_ziplog,naver_blog,우베 디저트,alias,1.0,2026-05-26T11:02:57.061617+00:00,0,0,0,0,⋆｡° ✧ * ﾟHaus of Sun ﾟ * ✧ °｡⋆,[받터] • 서울 용산구 한강대로15길 31-28 1층 • 화-토 12:00-22:00 / 일 12:00-21:00 <b>우베</b> 선데가 먹고... 느낌의 <b>디저트</b>를 서비스로 주셨다 ♡ 좀 달달한게 필요했는데 딱 좋은 타이밍 좋게 입가심 시그니쳐... ,"{""title"": ""[신용산] 받터. 뜯고기. 쉐기독. 아펙스 | 감성 좋은 신용산... "", ""link"": ""https://blog.naver.com/sun_ziplog/224296950068"", ""description"": ""[받터] • 서울 용산구 한강대로15길 31-28 1층 • 화-토 12:00-22:00 / 일 12:00-21:00 <b>우베</b> 선데가 먹고... 느낌의 <b>디저트</b>를 서비스로 주셨다 ♡ 좀 달달한게 필요했는데 딱 좋은 타이밍 좋게 입가심 시그니쳐... "", ""bloggername"": ""⋆｡° ✧ * ﾟHaus of Sun ﾟ * ✧ °｡⋆"", ""bloggerlink"": ""blog.naver.com/sun_ziplog"", ""postdate"": ""20260526""}"
우베,preset,우베 디저트,강남역카페 말빵 망고<b>디저트</b> 크림샌드 빵집 베이커리맛집,https://blog.naver.com/audtjs1981/224296944426,20260526,"강남역카페가 밀집되어 있는 이곳에서 <b>디저트</b>가 제일 맛있는 삥집! 제가 애정하는 대형카페 베이커스트브라운 커피메뉴는 아메리카노, 라떼, 카푸치노, 아인슈페너, 크림커피, 요즘 핫한 <b>우베</b>말차라떼도... ","빨주노, 설레는 달콤충전~",blog.naver.com/audtjs1981,naver_blog,우베 디저트,alias,1.0,2026-05-26T11:02:57.061617+00:00,0,0,0,0,"빨주노, 설레는 달콤충전~","강남역카페가 밀집되어 있는 이곳에서 <b>디저트</b>가 제일 맛있는 삥집! 제가 애정하는 대형카페 베이커스트브라운 커피메뉴는 아메리카노, 라떼, 카푸치노, 아인슈페너, 크림커피, 요즘 핫한 <b>우베</b>말차라떼도... ","{""title"": ""강남역카페 말빵 망고<b>디저트</b> 크림샌드 빵집 베이커리맛집"", ""link"": ""https://blog.naver.com/audtjs1981/224296944426"", ""description"": ""강남역카페가 밀집되어 있는 이곳에서 <b>디저트</b>가 제일 맛있는 삥집! 제가 애정하는 대형카페 베이커스트브라운 커피메뉴는 아메리카노, 라떼, 카푸치노, 아인슈페너, 크림커피, 요즘 핫한 <b>우베</b>말차라떼도... "", ""bloggername"": ""빨주노, 설레는 달콤충전~"", ""bloggerlink"": ""blog.naver.com/audtjs1981"", ""postdate"": ""20260526""}"
우베,preset,우베 디저트,"We never learn, we've been here before - 한서진의... ",https://blog.naver.com/seojinh0724/224296943314,20260526,그렇게 도착한 두 번째 장소는 ‘코라’라고 제가 <b>디저트</b> 중에 도넛을 엄청 좋아해서 도넛 맛집으로 인스타에서 찾아둔건데 요새 떠오르는 <b>우베</b> 코스로도 유명해서 무조건 가고 싶었던 곳!! 갔는데 도넛... ,시나브로,blog.naver.com/seojinh0724,naver_blog,우베 디저트,alias,1.0,2026-05-26T11:02:57.061617+00:00,0,0,0,0,시나브로,그렇게 도착한 두 번째 장소는 ‘코라’라고 제가 <b>디저트</b> 중에 도넛을 엄청 좋아해서 도넛 맛집으로 인스타에서 찾아둔건데 요새 떠오르는 <b>우베</b> 코스로도 유명해서 무조건 가고 싶었던 곳!! 갔는데 도넛... ,"{""title"": ""We never learn, we've been here before - 한서진의... "", ""link"": ""https://blog.naver.com/seojinh0724/224296943314"", ""description"": ""그렇게 도착한 두 번째 장소는 ‘코라’라고 제가 <b>디저트</b> 중에 도넛을 엄청 좋아해서 도넛 맛집으로 인스타에서 찾아둔건데 요새 떠오르는 <b>우베</b> 코스로도 유명해서 무조건 가고 싶었던 곳!! 갔는데 도넛... "", ""bloggername"": ""시나브로"", ""bloggerlink"": ""blog.naver.com/seojinh0724"", ""postdate"": ""20260526""}"
우베,preset,우베 디저트,애슐리퀸즈 별내점 애슐리골드키위시즌 제대로 즐기고 왔어요.,https://blog.naver.com/jjungsuda/224296935085,20260526,특히 노랗고 먹음직스러운 썬골드키위를 활용한 <b>디저트</b>들이 너무 맛있어 보여서 시선강탈! 침샘폭발! 그리고 요즘 핫한 <b>우베</b> 바스크치즈 케이크도 정말 맛보고 싶었어요. 그리고 애슐리퀸즈에서는 다양한... ,쩡이의수다,blog.naver.com/jjungsuda,naver_blog,우베 디저트,alias,1.0,2026-05-26T11:02:57.061617+00:00,0,0,0,0,쩡이의수다,특히 노랗고 먹음직스러운 썬골드키위를 활용한 <b>디저트</b>들이 너무 맛있어 보여서 시선강탈! 침샘폭발! 그리고 요즘 핫한 <b>우베</b> 바스크치즈 케이크도 정말 맛보고 싶었어요. 그리고 애슐리퀸즈에서는 다양한... ,"{""title"": ""애슐리퀸즈 별내점 애슐리골드키위시즌 제대로 즐기고 왔어요."", ""link"": ""https://blog.naver.com/jjungsuda/224296935085"", ""description"": ""특히 노랗고 먹음직스러운 썬골드키위를 활용한 <b>디저트</b>들이 너무 맛있어 보여서 시선강탈! 침샘폭발! 그리고 요즘 핫한 <b>우베</b> 바스크치즈 케이크도 정말 맛보고 싶었어요. 그리고 애슐리퀸즈에서는 다양한... "", ""bloggername"": ""쩡이의수다"", ""bloggerlink"": ""blog.naver.com/jjungsuda"", ""postdate"": ""20260526""}"
우베,preset,우베 디저트,[부산 광안리 카페]치플레 광안리 (CHEFFLE) : 광안리카페... ,https://blog.naver.com/jg_us/224296927706,20260526,"정성스러운 <b>디저트</b> 알록달록 기분 좋아지는 색조합 귀여운 숟가락과 그릇을 주셔서 하나씩 한번 맛봤습니다 그전에 <b>우베</b>라떼부터 섞어볼게요~ ㅎ <b>우베</b> 크림 꾸덕한거 보이소 맛은 딱 타로밀크티 맛인데, 밀크티... ",진지니어스,blog.naver.com/jg_us,naver_blog,우베 디저트,alias,1.0,2026-05-26T11:02:57.061617+00:00,0,0,0,0,진지니어스,"정성스러운 <b>디저트</b> 알록달록 기분 좋아지는 색조합 귀여운 숟가락과 그릇을 주셔서 하나씩 한번 맛봤습니다 그전에 <b>우베</b>라떼부터 섞어볼게요~ ㅎ <b>우베</b> 크림 꾸덕한거 보이소 맛은 딱 타로밀크티 맛인데, 밀크티... ","{""title"": ""[부산 광안리 카페]치플레 광안리 (CHEFFLE) : 광안리카페... "", ""link"": ""https://blog.naver.com/jg_us/224296927706"", ""description"": ""정성스러운 <b>디저트</b> 알록달록 기분 좋아지는 색조합 귀여운 숟가락과 그릇을 주셔서 하나씩 한번 맛봤습니다 그전에 <b>우베</b>라떼부터 섞어볼게요~ ㅎ <b>우베</b> 크림 꾸덕한거 보이소 맛은 딱 타로밀크티 맛인데, 밀크티... "", ""bloggername"": ""진지니어스"", ""bloggerlink"": ""blog.naver.com/jg_us"", ""postdate"": ""20260526""}"
우베,preset,우베 디저트,운중동 브런치카페 카페랄로에서 운중저수지뷰와 맛있는... ,https://blog.naver.com/titimaf/224296927308,20260526,베이커리류 고르기 전에 먼저 들어왔던 <b>디저트</b>코너 냉장고인데요 주문시 직원분이 직접 꺼내주는... 메뉴 <b>우베</b>쌀빵이 먹음직스러워서 골라 봤구요 다른 메뉴들은 주문 후 번호표를 보고 직원분이 가져다... ,"Pink Lady ""세계여행 하고 싶자나~""",blog.naver.com/titimaf,naver_blog,우베 디저트,alias,1.0,2026-05-26T11:02:57.061617+00:00,0,0,0,0,"Pink Lady ""세계여행 하고 싶자나~""",베이커리류 고르기 전에 먼저 들어왔던 <b>디저트</b>코너 냉장고인데요 주문시 직원분이 직접 꺼내주는... 메뉴 <b>우베</b>쌀빵이 먹음직스러워서 골라 봤구요 다른 메뉴들은 주문 후 번호표를 보고 직원분이 가져다... ,"{""title"": ""운중동 브런치카페 카페랄로에서 운중저수지뷰와 맛있는... "", ""link"": ""https://blog.naver.com/titimaf/224296927308"", ""description"": ""베이커리류 고르기 전에 먼저 들어왔던 <b>디저트</b>코너 냉장고인데요 주문시 직원분이 직접 꺼내주는... 메뉴 <b>우베</b>쌀빵이 먹음직스러워서 골라 봤구요 다른 메뉴들은 주문 후 번호표를 보고 직원분이 가져다... "", ""bloggername"": ""Pink Lady \""세계여행 하고 싶자나~\"""", ""bloggerlink"": ""blog.naver.com/titimaf"", ""postdate"": ""20260526""}"
우베,preset,우베 디저트,강남역카페 강남역꽃집 기념일 꽃다발과 허니넛츠홀케이크... ,https://blog.naver.com/newnewnewnewng/224296926085,20260526,"바리스타가, <b>디저트</b>는 파티쉐가 직접 만드신대요! 음료 가격도 꽤 괜찮은 편이당 아메리카노 4,800원 까치라떼 6,300원 바닐라라떼 5,900원 수플레 카푸치노 5,700원 <b>우베</b> 베르가못 콜드브루 5,800원 <b>우베</b>... ",ESTJ 직장인의 맛집/뷰티 탐구,blog.naver.com/newnewnewnewng,naver_blog,우베 디저트,alias,1.0,2026-05-26T11:02:57.061617+00:00,0,0,0,0,ESTJ 직장인의 맛집/뷰티 탐구,"바리스타가, <b>디저트</b>는 파티쉐가 직접 만드신대요! 음료 가격도 꽤 괜찮은 편이당 아메리카노 4,800원 까치라떼 6,300원 바닐라라떼 5,900원 수플레 카푸치노 5,700원 <b>우베</b> 베르가못 콜드브루 5,800원 <b>우베</b>... ","{""title"": ""강남역카페 강남역꽃집 기념일 꽃다발과 허니넛츠홀케이크... "", ""link"": ""https://blog.naver.com/newnewnewnewng/224296926085"", ""description"": ""바리스타가, <b>디저트</b>는 파티쉐가 직접 만드신대요! 음료 가격도 꽤 괜찮은 편이당 아메리카노 4,800원 까치라떼 6,300원 바닐라라떼 5,900원 수플레 카푸치노 5,700원 <b>우베</b> 베르가못 콜드브루 5,800원 <b>우베</b>... "", ""bloggername"": ""ESTJ 직장인의 맛집/뷰티 탐구"", ""bloggerlink"": ""blog.naver.com/newnewnewnewng"", ""postdate"": ""20260526""}"
우베,preset,우베 디저트,강남역 카페 구움과자 잘 하는 어퍼앤언더,https://blog.naver.com/zzuzzubaya/224296920961,20260526,"어퍼앤언더의 <b>디저트</b>는 크게 파운드 케이크류와 바닐라, 말차, <b>우베</b>까지 바스크치즈케이크 3종에, 까눌레와 휘낭시에 등 다양한 구움과자들까지! 정말이지 하나같이 다 맛있을 법한 <b>디저트</b>들밖에... ",행복한라이프,blog.naver.com/zzuzzubaya,naver_blog,우베 디저트,alias,1.0,2026-05-26T11:02:57.061617+00:00,0,0,0,0,행복한라이프,"어퍼앤언더의 <b>디저트</b>는 크게 파운드 케이크류와 바닐라, 말차, <b>우베</b>까지 바스크치즈케이크 3종에, 까눌레와 휘낭시에 등 다양한 구움과자들까지! 정말이지 하나같이 다 맛있을 법한 <b>디저트</b>들밖에... ","{""title"": ""강남역 카페 구움과자 잘 하는 어퍼앤언더"", ""link"": ""https://blog.naver.com/zzuzzubaya/224296920961"", ""description"": ""어퍼앤언더의 <b>디저트</b>는 크게 파운드 케이크류와 바닐라, 말차, <b>우베</b>까지 바스크치즈케이크 3종에, 까눌레와 휘낭시에 등 다양한 구움과자들까지! 정말이지 하나같이 다 맛있을 법한 <b>디저트</b>들밖에... "", ""bloggername"": ""행복한라이프"", ""bloggerlink"": ""blog.naver.com/zzuzzubaya"", ""postdate"": ""20260526""}"
우베,preset,우베 디저트,종로 <b>디저트</b> 카페- 도자기 갤러리도 즐길 수 있는 쿠키맛집... ,https://blog.naver.com/rimm2588__/224296920460,20260526,"종로 <b>디저트</b> 카페 쿠키앤클레이 위치 5호선 종로3가역 3분거리, 낙원떡집거리에 위치해있어요... 핫한 <b>우베</b>라떼를 픽했답니당 처음 먹어보는 <b>우베</b>라떼!! 자색고구마맛이 낫구요 엄청 찐하게 타주셔서 만족... ",오이시 멧-짜 오이시데스,blog.naver.com/rimm2588__,naver_blog,우베 디저트,alias,1.0,2026-05-26T11:02:57.061617+00:00,0,0,0,0,오이시 멧-짜 오이시데스,"종로 <b>디저트</b> 카페 쿠키앤클레이 위치 5호선 종로3가역 3분거리, 낙원떡집거리에 위치해있어요... 핫한 <b>우베</b>라떼를 픽했답니당 처음 먹어보는 <b>우베</b>라떼!! 자색고구마맛이 낫구요 엄청 찐하게 타주셔서 만족... ","{""title"": ""종로 <b>디저트</b> 카페- 도자기 갤러리도 즐길 수 있는 쿠키맛집... "", ""link"": ""https://blog.naver.com/rimm2588__/224296920460"", ""description"": ""종로 <b>디저트</b> 카페 쿠키앤클레이 위치 5호선 종로3가역 3분거리, 낙원떡집거리에 위치해있어요... 핫한 <b>우베</b>라떼를 픽했답니당 처음 먹어보는 <b>우베</b>라떼!! 자색고구마맛이 낫구요 엄청 찐하게 타주셔서 만족... "", ""bloggername"": ""오이시 멧-짜 오이시데스"", ""bloggerlink"": ""blog.naver.com/rimm2588__"", ""postdate"": ""20260526""}"
우베,preset,우베 디저트,인천 롯데백화점 <b>디저트</b> '밀빛' 맘모스 / 쫀득빵 내돈내산 후기,https://blog.naver.com/gocindy-/224296917289,20260526,특히 <b>우베</b>는 신상이라서 찾는분들도 많고 빨리 품절 됐어요. 800원 내면 보냉백에 아이스팩까지... 롯데백화점에 <b>디저트</b>가 정말 많은데 달달한 <b>디저트</b>를 찾으신다면 밀도 맘모스 추천드려요! 그럼 다음에도... ,Go!cindy,blog.naver.com/gocindy-,naver_blog,우베 디저트,alias,1.0,2026-05-26T11:02:57.061617+00:00,0,0,0,0,Go!cindy,특히 <b>우베</b>는 신상이라서 찾는분들도 많고 빨리 품절 됐어요. 800원 내면 보냉백에 아이스팩까지... 롯데백화점에 <b>디저트</b>가 정말 많은데 달달한 <b>디저트</b>를 찾으신다면 밀도 맘모스 추천드려요! 그럼 다음에도... ,"{""title"": ""인천 롯데백화점 <b>디저트</b> '밀빛' 맘모스 / 쫀득빵 내돈내산 후기"", ""link"": ""https://blog.naver.com/gocindy-/224296917289"", ""description"": ""특히 <b>우베</b>는 신상이라서 찾는분들도 많고 빨리 품절 됐어요. 800원 내면 보냉백에 아이스팩까지... 롯데백화점에 <b>디저트</b>가 정말 많은데 달달한 <b>디저트</b>를 찾으신다면 밀도 맘모스 추천드려요! 그럼 다음에도... "", ""bloggername"": ""Go!cindy"", ""bloggerlink"": ""blog.naver.com/gocindy-"", ""postdate"": ""20260526""}"
우베,preset,우베 디저트,애슐리퀸즈 할인! 제스프리 썬골드키위 페스티벌 시즌 메뉴 분석,https://blog.naver.com/oa2020/224296906311,20260526,"취향껏 직접 만들어 먹는 시원한 얼음 <b>디저트</b>로, 키위 소스를 뿌려 먹으면 더욱 맛있게 즐길 수 있었습니다. 골드키위 가든 요거 케이크 전체 모습 보랏빛 색감이 돋보이는 <b>우베</b> 바스크 치즈 케이크와 라떼도... ",여행조오아,blog.naver.com/oa2020,naver_blog,우베 디저트,alias,1.0,2026-05-26T11:02:57.061617+00:00,0,0,0,0,여행조오아,"취향껏 직접 만들어 먹는 시원한 얼음 <b>디저트</b>로, 키위 소스를 뿌려 먹으면 더욱 맛있게 즐길 수 있었습니다. 골드키위 가든 요거 케이크 전체 모습 보랏빛 색감이 돋보이는 <b>우베</b> 바스크 치즈 케이크와 라떼도... ","{""title"": ""애슐리퀸즈 할인! 제스프리 썬골드키위 페스티벌 시즌 메뉴 분석"", ""link"": ""https://blog.naver.com/oa2020/224296906311"", ""description"": ""취향껏 직접 만들어 먹는 시원한 얼음 <b>디저트</b>로, 키위 소스를 뿌려 먹으면 더욱 맛있게 즐길 수 있었습니다. 골드키위 가든 요거 케이크 전체 모습 보랏빛 색감이 돋보이는 <b>우베</b> 바스크 치즈 케이크와 라떼도... "", ""bloggername"": ""여행조오아"", ""bloggerlink"": ""blog.naver.com/oa2020"", ""postdate"": ""20260526""}"
우베,preset,우베 디저트,"[창원] <b>우베</b>, 버터떡이 있는 마산 대형 베이커리 카페, 오도막",https://blog.naver.com/nanigonani/224296897743,20260526,"음료 및 <b>디저트</b> 베이커리 종류가 정말 많죠?  열려면 오른쪽에 있는 버튼을 누르고, 베이커리 꺼낸 후... 두쫀쿠, 버터떡, <b>우베</b> 등등 정말 많네용 귀여운 수달(구봉이)가 이곳의 캐릭터인가봐요 ⛰️카페 옆에... ",먹고 놀 생각만 하는 고냐니,blog.naver.com/nanigonani,naver_blog,우베 디저트,alias,1.0,2026-05-26T11:02:57.061617+00:00,0,0,0,0,먹고 놀 생각만 하는 고냐니,"음료 및 <b>디저트</b> 베이커리 종류가 정말 많죠?  열려면 오른쪽에 있는 버튼을 누르고, 베이커리 꺼낸 후... 두쫀쿠, 버터떡, <b>우베</b> 등등 정말 많네용 귀여운 수달(구봉이)가 이곳의 캐릭터인가봐요 ⛰️카페 옆에... ","{""title"": ""[창원] <b>우베</b>, 버터떡이 있는 마산 대형 베이커리 카페, 오도막"", ""link"": ""https://blog.naver.com/nanigonani/224296897743"", ""description"": ""음료 및 <b>디저트</b> 베이커리 종류가 정말 많죠?  열려면 오른쪽에 있는 버튼을 누르고, 베이커리 꺼낸 후... 두쫀쿠, 버터떡, <b>우베</b> 등등 정말 많네용 귀여운 수달(구봉이)가 이곳의 캐릭터인가봐요 ⛰️카페 옆에... "", ""bloggername"": ""먹고 놀 생각만 하는 고냐니"", ""bloggerlink"": ""blog.naver.com/nanigonani"", ""postdate"": ""20260526""}"
우베,preset,우베 디저트,광주 쌍촌동 또또또간집 오두막창 솔직 후기,https://blog.naver.com/yisubini_/224296895125,20260526,"스타일이라 <b>디저트</b> 느낌도 살짝 나는 막걸리였어요 부드럽고 목 넘김도 좋아서 막창이랑 의외로 엄청 잘 어울렸습니다! <b>우베</b> 막걸리 ₩1,500 <b>우베</b> 막걸리는 보랏빛 색감부터 너무 예쁜데 은은한 달달함이... ",Dide,blog.naver.com/yisubini_,naver_blog,우베 디저트,alias,1.0,2026-05-26T11:02:57.061617+00:00,0,0,0,0,Dide,"스타일이라 <b>디저트</b> 느낌도 살짝 나는 막걸리였어요 부드럽고 목 넘김도 좋아서 막창이랑 의외로 엄청 잘 어울렸습니다! <b>우베</b> 막걸리 ₩1,500 <b>우베</b> 막걸리는 보랏빛 색감부터 너무 예쁜데 은은한 달달함이... ","{""title"": ""광주 쌍촌동 또또또간집 오두막창 솔직 후기"", ""link"": ""https://blog.naver.com/yisubini_/224296895125"", ""description"": ""스타일이라 <b>디저트</b> 느낌도 살짝 나는 막걸리였어요 부드럽고 목 넘김도 좋아서 막창이랑 의외로 엄청 잘 어울렸습니다! <b>우베</b> 막걸리 ₩1,500 <b>우베</b> 막걸리는 보랏빛 색감부터 너무 예쁜데 은은한 달달함이... "", ""bloggername"": ""Dide"", ""bloggerlink"": ""blog.naver.com/yisubini_"", ""postdate"": ""20260526""}"
우베,preset,우베 디저트,여름 신메뉴 컵빙수 맛집 비교 <b>디저트</b>39 메가커피 컴포즈 솔직... ,https://blog.naver.com/collier13/224296886630,20260526,<b>디저트</b>39양쯔깐루 #<b>디저트</b>39<b>우베</b>컵빙수 #컵빙수맛비교 #메가커피여름신메뉴 #컴포즈여름신메뉴 #<b>디저트</b>39여름신메뉴 #메가커피팥빙젤라또 #컴포즈망고자몽요거빙 #여름메뉴 1. 컵빙수 맛집 비교 <b>디저트</b>39 여름... ,브로컬리의세상,blog.naver.com/collier13,naver_blog,우베 디저트,alias,1.0,2026-05-26T11:02:57.061617+00:00,0,0,0,0,브로컬리의세상,<b>디저트</b>39양쯔깐루 #<b>디저트</b>39<b>우베</b>컵빙수 #컵빙수맛비교 #메가커피여름신메뉴 #컴포즈여름신메뉴 #<b>디저트</b>39여름신메뉴 #메가커피팥빙젤라또 #컴포즈망고자몽요거빙 #여름메뉴 1. 컵빙수 맛집 비교 <b>디저트</b>39 여름... ,"{""title"": ""여름 신메뉴 컵빙수 맛집 비교 <b>디저트</b>39 메가커피 컴포즈 솔직... "", ""link"": ""https://blog.naver.com/collier13/224296886630"", ""description"": ""<b>디저트</b>39양쯔깐루 #<b>디저트</b>39<b>우베</b>컵빙수 #컵빙수맛비교 #메가커피여름신메뉴 #컴포즈여름신메뉴 #<b>디저트</b>39여름신메뉴 #메가커피팥빙젤라또 #컴포즈망고자몽요거빙 #여름메뉴 1. 컵빙수 맛집 비교 <b>디저트</b>39 여름... "", ""bloggername"": ""브로컬리의세상"", ""bloggerlink"": ""blog.naver.com/collier13"", ""postdate"": ""20260526""}"
우베,preset,우베 디저트,애슐리퀸즈골드키위시즌 맛난음식에 키위까지 배터지게 먹고... ,https://blog.naver.com/yhj88/224296879884,20260526,마지막 마무리는 썬골드 골드키위 <b>디저트</b>들로 마무리~ 배부른데도 하나하나 다 들어가는거있죠! 게다가 아이스크림도 <b>우베</b>라떼까지 제대로 마무리 했습니다. 이렇게 애슐리퀸즈 시화청담스퀘어점에... ,플라스틱걸+,blog.naver.com/yhj88,naver_blog,우베 디저트,alias,1.0,2026-05-26T11:02:57.061617+00:00,0,0,0,0,플라스틱걸+,마지막 마무리는 썬골드 골드키위 <b>디저트</b>들로 마무리~ 배부른데도 하나하나 다 들어가는거있죠! 게다가 아이스크림도 <b>우베</b>라떼까지 제대로 마무리 했습니다. 이렇게 애슐리퀸즈 시화청담스퀘어점에... ,"{""title"": ""애슐리퀸즈골드키위시즌 맛난음식에 키위까지 배터지게 먹고... "", ""link"": ""https://blog.naver.com/yhj88/224296879884"", ""description"": ""마지막 마무리는 썬골드 골드키위 <b>디저트</b>들로 마무리~ 배부른데도 하나하나 다 들어가는거있죠! 게다가 아이스크림도 <b>우베</b>라떼까지 제대로 마무리 했습니다. 이렇게 애슐리퀸즈 시화청담스퀘어점에... "", ""bloggername"": ""플라스틱걸+"", ""bloggerlink"": ""blog.naver.com/yhj88"", ""postdate"": ""20260526""}"
우베,preset,우베 디저트,안산고대병원 고용노동부 부근 분위기 좋은 <b>디저트</b> 맛집 추천,https://blog.naver.com/yeprettyji/224296880805,20260526,<b>우베</b>라떼는 색 고구마라떼 같은 맛 달달하고 맛있어요. #안산카페 #고잔동카페 #안산핫플 #안산중앙역카페 #안산베이커리 #고잔동베이커리 #고잔동<b>디저트</b>카페 #고잔동핫플 #안산데이트 #안산베이커리카페... ,prettyyeji의 맛있는 일상,blog.naver.com/yeprettyji,naver_blog,우베 디저트,alias,1.0,2026-05-26T11:02:57.061617+00:00,0,0,0,0,prettyyeji의 맛있는 일상,<b>우베</b>라떼는 색 고구마라떼 같은 맛 달달하고 맛있어요. #안산카페 #고잔동카페 #안산핫플 #안산중앙역카페 #안산베이커리 #고잔동베이커리 #고잔동<b>디저트</b>카페 #고잔동핫플 #안산데이트 #안산베이커리카페... ,"{""title"": ""안산고대병원 고용노동부 부근 분위기 좋은 <b>디저트</b> 맛집 추천"", ""link"": ""https://blog.naver.com/yeprettyji/224296880805"", ""description"": ""<b>우베</b>라떼는 색 고구마라떼 같은 맛 달달하고 맛있어요. #안산카페 #고잔동카페 #안산핫플 #안산중앙역카페 #안산베이커리 #고잔동베이커리 #고잔동<b>디저트</b>카페 #고잔동핫플 #안산데이트 #안산베이커리카페... "", ""bloggername"": ""prettyyeji의 맛있는 일상"", ""bloggerlink"": ""blog.naver.com/yeprettyji"", ""postdate"": ""20260526""}"
우베,preset,우베 디저트,[gs25 신상] 서울우유 <b>우베</b>크림소금빵(드디어 <b>우베</b>빵에 동물성... ,https://blog.naver.com/chseeeo8044/224296879087,20260526,서울우유 디저트에서 <b>우베디저트</b>가 나왔습니다! 언제 나오나~했는데 드디어 신상 등장 gs25 서울우유 시리즈는 크림이 늘 맛있어서 이번에도 우베크림이 기대됩니다 ㅎㅎ gs25 gs신상 <b>우베 디저트</b> gs25 신상... ,우당탕탕 but 어찌저찌 굴러가는 먹보의 일기,blog.naver.com/chseeeo8044,naver_blog,우베 디저트,alias,1.0,2026-05-26T11:02:57.061617+00:00,0,0,0,0,우당탕탕 but 어찌저찌 굴러가는 먹보의 일기,서울우유 디저트에서 <b>우베디저트</b>가 나왔습니다! 언제 나오나~했는데 드디어 신상 등장 gs25 서울우유 시리즈는 크림이 늘 맛있어서 이번에도 우베크림이 기대됩니다 ㅎㅎ gs25 gs신상 <b>우베 디저트</b> gs25 신상... ,"{""title"": ""[gs25 신상] 서울우유 <b>우베</b>크림소금빵(드디어 <b>우베</b>빵에 동물성... "", ""link"": ""https://blog.naver.com/chseeeo8044/224296879087"", ""description"": ""서울우유 디저트에서 <b>우베디저트</b>가 나왔습니다! 언제 나오나~했는데 드디어 신상 등장 gs25 서울우유 시리즈는 크림이 늘 맛있어서 이번에도 우베크림이 기대됩니다 ㅎㅎ gs25 gs신상 <b>우베 디저트</b> gs25 신상... "", ""bloggername"": ""우당탕탕 but 어찌저찌 굴러가는 먹보의 일기"", ""bloggerlink"": ""blog.naver.com/chseeeo8044"", ""postdate"": ""20260526""}"
우베,preset,우베 디저트,신혼부부 이마트 트레이더스 마곡점 내돈내산 추천템: 밀키트... ,https://blog.naver.com/bhimzy22/224296879440,20260526,티라미수 사고 싶었지만 바나나빵을 샀기 때문에 참기로 했다 요즘 핫한 <b>우베</b>로 만든 <b>디저트</b>도 들어와있어서 신기! 밀크티 매니아로써 이것도 하나 집고 싶었다ㅋㅋㅋㅋ 여기 진짜 맛있는 간식 많은듯ㅠ 살만... ,빔지의 기록장,blog.naver.com/bhimzy22,naver_blog,우베 디저트,alias,1.0,2026-05-26T11:02:57.061617+00:00,0,0,0,0,빔지의 기록장,티라미수 사고 싶었지만 바나나빵을 샀기 때문에 참기로 했다 요즘 핫한 <b>우베</b>로 만든 <b>디저트</b>도 들어와있어서 신기! 밀크티 매니아로써 이것도 하나 집고 싶었다ㅋㅋㅋㅋ 여기 진짜 맛있는 간식 많은듯ㅠ 살만... ,"{""title"": ""신혼부부 이마트 트레이더스 마곡점 내돈내산 추천템: 밀키트... "", ""link"": ""https://blog.naver.com/bhimzy22/224296879440"", ""description"": ""티라미수 사고 싶었지만 바나나빵을 샀기 때문에 참기로 했다 요즘 핫한 <b>우베</b>로 만든 <b>디저트</b>도 들어와있어서 신기! 밀크티 매니아로써 이것도 하나 집고 싶었다ㅋㅋㅋㅋ 여기 진짜 맛있는 간식 많은듯ㅠ 살만... "", ""bloggername"": ""빔지의 기록장"", ""bloggerlink"": ""blog.naver.com/bhimzy22"", ""postdate"": ""20260526""}"
우베,preset,우베 디저트,고기리 카페 로이사 뷰 좋은 애견동반 고기리 대형카페,https://blog.naver.com/yeeunki224/224296874900,20260526,나는 요즘 <b>우베</b>가 궁금했어서 <b>우베</b>라떼랑 딸기라떼를 주문했당  주문한 메뉴를 가지고 야외 좌석에... 한 입 먹자마자 피로가 싹 풀리는 완벽한 <b>디저트</b> 였음 말차랑 초코 좋아하시는 분들 왕추천 리얼 딸기... ,yeniland,blog.naver.com/yeeunki224,naver_blog,우베 디저트,alias,1.0,2026-05-26T11:02:57.061617+00:00,0,0,0,0,yeniland,나는 요즘 <b>우베</b>가 궁금했어서 <b>우베</b>라떼랑 딸기라떼를 주문했당  주문한 메뉴를 가지고 야외 좌석에... 한 입 먹자마자 피로가 싹 풀리는 완벽한 <b>디저트</b> 였음 말차랑 초코 좋아하시는 분들 왕추천 리얼 딸기... ,"{""title"": ""고기리 카페 로이사 뷰 좋은 애견동반 고기리 대형카페"", ""link"": ""https://blog.naver.com/yeeunki224/224296874900"", ""description"": ""나는 요즘 <b>우베</b>가 궁금했어서 <b>우베</b>라떼랑 딸기라떼를 주문했당  주문한 메뉴를 가지고 야외 좌석에... 한 입 먹자마자 피로가 싹 풀리는 완벽한 <b>디저트</b> 였음 말차랑 초코 좋아하시는 분들 왕추천 리얼 딸기... "", ""bloggername"": ""yeniland"", ""bloggerlink"": ""blog.naver.com/yeeunki224"", ""postdate"": ""20260526""}"
우베,preset,우베 디저트,애슐리골드키위시즌 수원 애슐리퀸즈 NC 수원터미널점,https://blog.naver.com/wlstlf1056/224296874382,20260526,ㅎㅎ 요즘 유행하는 <b>우베</b>라떼와 즐기기도 좋고 썬골드키위 음료와 함께 마셔도 굿굿!ㅎㅎ 이번 애슐리골드키위시즌 신메뉴! 진짜 너무 맛있어서 <b>디저트</b>들로 두 접시나 먹은 건 안비밀 &gt;_&lt;! 마무리는 달달한... ,HELLO ^-^거위녀의블로그,blog.naver.com/wlstlf1056,naver_blog,우베 디저트,alias,1.0,2026-05-26T11:02:57.061617+00:00,0,0,0,0,HELLO ^-^거위녀의블로그,ㅎㅎ 요즘 유행하는 <b>우베</b>라떼와 즐기기도 좋고 썬골드키위 음료와 함께 마셔도 굿굿!ㅎㅎ 이번 애슐리골드키위시즌 신메뉴! 진짜 너무 맛있어서 <b>디저트</b>들로 두 접시나 먹은 건 안비밀 &gt;_&lt;! 마무리는 달달한... ,"{""title"": ""애슐리골드키위시즌 수원 애슐리퀸즈 NC 수원터미널점"", ""link"": ""https://blog.naver.com/wlstlf1056/224296874382"", ""description"": ""ㅎㅎ 요즘 유행하는 <b>우베</b>라떼와 즐기기도 좋고 썬골드키위 음료와 함께 마셔도 굿굿!ㅎㅎ 이번 애슐리골드키위시즌 신메뉴! 진짜 너무 맛있어서 <b>디저트</b>들로 두 접시나 먹은 건 안비밀 &gt;_&lt;! 마무리는 달달한... "", ""bloggername"": ""HELLO ^-^거위녀의블로그"", ""bloggerlink"": ""blog.naver.com/wlstlf1056"", ""postdate"": ""20260526""}"
우베,preset,우베 디저트,광주 운암동 카페 추천 무화과로스터스 늦게까지하는 <b>디저트</b>맛집,https://blog.naver.com/sksakffk/224296873168,20260526,인싸랑 맛있는 저녁 먹고 <b>디저트</b> 먹으러 챔필 근처 광주 운암동 카페 찾아보다가 오랜만에... 보니까 <b>우베</b>도 생겼더라고요 ⁉️ 물론 저는 구황작물류 별로 안 좋아해서 쳐다도 안 봤지만 요즘 유행하는... ,먹기 위해 사는 헬짱,blog.naver.com/sksakffk,naver_blog,우베 디저트,alias,1.0,2026-05-26T11:02:57.061617+00:00,0,0,0,0,먹기 위해 사는 헬짱,인싸랑 맛있는 저녁 먹고 <b>디저트</b> 먹으러 챔필 근처 광주 운암동 카페 찾아보다가 오랜만에... 보니까 <b>우베</b>도 생겼더라고요 ⁉️ 물론 저는 구황작물류 별로 안 좋아해서 쳐다도 안 봤지만 요즘 유행하는... ,"{""title"": ""광주 운암동 카페 추천 무화과로스터스 늦게까지하는 <b>디저트</b>맛집"", ""link"": ""https://blog.naver.com/sksakffk/224296873168"", ""description"": ""인싸랑 맛있는 저녁 먹고 <b>디저트</b> 먹으러 챔필 근처 광주 운암동 카페 찾아보다가 오랜만에... 보니까 <b>우베</b>도 생겼더라고요 ⁉️ 물론 저는 구황작물류 별로 안 좋아해서 쳐다도 안 봤지만 요즘 유행하는... "", ""bloggername"": ""먹기 위해 사는 헬짱"", ""bloggerlink"": ""blog.naver.com/sksakffk"", ""postdate"": ""20260526""}"
우베,preset,우베 디저트,GS 편의점 신상 <b>디저트</b> 리뷰,https://blog.naver.com/bethoumyvision91/224296866116,20260526,좋아해서 아주 아주 맛있게 먹었답니다 오늘도 작은 디저트에 감사 오늘의 감사픽은 성공✨ #편의점신상 #우베 #<b>우베디저트</b> #박스케이크 #내돈내산 #편의점디저트 #디저트추천 #쿠앤크 #보라디저트 #편의점리뷰,watch and heal,blog.naver.com/bethoumyvision91,naver_blog,우베 디저트,alias,1.0,2026-05-26T11:02:57.061617+00:00,0,0,0,0,watch and heal,좋아해서 아주 아주 맛있게 먹었답니다 오늘도 작은 디저트에 감사 오늘의 감사픽은 성공✨ #편의점신상 #우베 #<b>우베디저트</b> #박스케이크 #내돈내산 #편의점디저트 #디저트추천 #쿠앤크 #보라디저트 #편의점리뷰,"{""title"": ""GS 편의점 신상 <b>디저트</b> 리뷰"", ""link"": ""https://blog.naver.com/bethoumyvision91/224296866116"", ""description"": ""좋아해서 아주 아주 맛있게 먹었답니다 오늘도 작은 디저트에 감사 오늘의 감사픽은 성공✨ #편의점신상 #우베 #<b>우베디저트</b> #박스케이크 #내돈내산 #편의점디저트 #디저트추천 #쿠앤크 #보라디저트 #편의점리뷰"", ""bloggername"": ""watch and heal"", ""bloggerlink"": ""blog.naver.com/bethoumyvision91"", ""postdate"": ""20260526""}"
우베,preset,우베 디저트,[수원/카페] 광교 호수공원 근처 테라스 원두가 맛있는 가성비... ,https://blog.naver.com/mingi0001/224296861443,20260526,"원두도 3가지나 있고, 오트밀크로 변경도 가능해요~ <b>디저트</b>도 버터떡, 휘낭시에, 스모어쿠키, 르뱅쿠키, 소금빵 등등 다양한데 <b>우베</b>/두바이초코와 같이 요즘 유행하는 맛들도 다양한걸 보니 유행에 민감한... ",my_record,blog.naver.com/mingi0001,naver_blog,우베 디저트,alias,1.0,2026-05-26T11:02:57.061617+00:00,0,0,0,0,my_record,"원두도 3가지나 있고, 오트밀크로 변경도 가능해요~ <b>디저트</b>도 버터떡, 휘낭시에, 스모어쿠키, 르뱅쿠키, 소금빵 등등 다양한데 <b>우베</b>/두바이초코와 같이 요즘 유행하는 맛들도 다양한걸 보니 유행에 민감한... ","{""title"": ""[수원/카페] 광교 호수공원 근처 테라스 원두가 맛있는 가성비... "", ""link"": ""https://blog.naver.com/mingi0001/224296861443"", ""description"": ""원두도 3가지나 있고, 오트밀크로 변경도 가능해요~ <b>디저트</b>도 버터떡, 휘낭시에, 스모어쿠키, 르뱅쿠키, 소금빵 등등 다양한데 <b>우베</b>/두바이초코와 같이 요즘 유행하는 맛들도 다양한걸 보니 유행에 민감한... "", ""bloggername"": ""my_record"", ""bloggerlink"": ""blog.naver.com/mingi0001"", ""postdate"": ""20260526""}"
우베,preset,우베 디저트,문래 카페 '아이스버그라운지'  여긴 정말 추천...♥ 문래를... ,https://blog.naver.com/luv_kkun/224296859117,20260526,"음료 디저트 ★ 5.0 비주얼 때문에 갔는데 맛이 더 기억남 분위기 ★ 5.0 문래을 꾹꾹 눌러 담은 유럽... 같이 먹었던 남편은 다른 곳에서 <b>우베 디저트</b>를 잘못 접했는데 여기서 다시 먹고서 &quot;우베, 맛있는 거였구나.... ",이성 블로그,blog.naver.com/luv_kkun,naver_blog,우베 디저트,alias,1.0,2026-05-26T11:02:57.061617+00:00,0,0,0,0,이성 블로그,"음료 디저트 ★ 5.0 비주얼 때문에 갔는데 맛이 더 기억남 분위기 ★ 5.0 문래을 꾹꾹 눌러 담은 유럽... 같이 먹었던 남편은 다른 곳에서 <b>우베 디저트</b>를 잘못 접했는데 여기서 다시 먹고서 &quot;우베, 맛있는 거였구나.... ","{""title"": ""문래 카페 '아이스버그라운지'  여긴 정말 추천...♥ 문래를... "", ""link"": ""https://blog.naver.com/luv_kkun/224296859117"", ""description"": ""음료 디저트 ★ 5.0 비주얼 때문에 갔는데 맛이 더 기억남 분위기 ★ 5.0 문래을 꾹꾹 눌러 담은 유럽... 같이 먹었던 남편은 다른 곳에서 <b>우베 디저트</b>를 잘못 접했는데 여기서 다시 먹고서 &quot;우베, 맛있는 거였구나.... "", ""bloggername"": ""이성 블로그"", ""bloggerlink"": ""blog.naver.com/luv_kkun"", ""postdate"": ""20260526""}"
우베,preset,우베 디저트,삼전동카페맛집 | 로스터리카페 펠어커피초코 본점 후기,https://blog.naver.com/zelluzooa04/224296853281,20260526,수제 <b>디저트</b>도 구매할 수 있는데 #<b>우베</b>생초콜릿 #수제초콜릿 포장도 예뻐서 빼빼로데이나 화이트데이 각종 기념일에 선물하기 굿 #티라미수 #답례품 각종 시럽도 뒤편에 준비되어 있습니당~~ 먼저 저희가 시킨... ,끄적 끄적,blog.naver.com/zelluzooa04,naver_blog,우베 디저트,alias,1.0,2026-05-26T11:02:57.061617+00:00,0,0,0,0,끄적 끄적,수제 <b>디저트</b>도 구매할 수 있는데 #<b>우베</b>생초콜릿 #수제초콜릿 포장도 예뻐서 빼빼로데이나 화이트데이 각종 기념일에 선물하기 굿 #티라미수 #답례품 각종 시럽도 뒤편에 준비되어 있습니당~~ 먼저 저희가 시킨... ,"{""title"": ""삼전동카페맛집 | 로스터리카페 펠어커피초코 본점 후기"", ""link"": ""https://blog.naver.com/zelluzooa04/224296853281"", ""description"": ""수제 <b>디저트</b>도 구매할 수 있는데 #<b>우베</b>생초콜릿 #수제초콜릿 포장도 예뻐서 빼빼로데이나 화이트데이 각종 기념일에 선물하기 굿 #티라미수 #답례품 각종 시럽도 뒤편에 준비되어 있습니당~~ 먼저 저희가 시킨... "", ""bloggername"": ""끄적 끄적"", ""bloggerlink"": ""blog.naver.com/zelluzooa04"", ""postdate"": ""20260526""}"
우베,preset,우베 디저트,[곰신생활]투썸<b>디저트</b>와 함께한 면회 후기,https://blog.naver.com/ruby_0810/224291315719,20260526,"디저트는 귀여움 만족도가 높았고 <b>우베 디저트</b>는 새로운 아박을 먹고싶을 때 먹어보기 좋은 느낌이었어요. 다음에는 오리지널 아박 또는 새로운 아박 먹어볼 것 같네요. 핑구 롤리팝 2개: 6,000\ 떠먹는 우베... ",ruby의 블로그☆,blog.naver.com/ruby_0810,naver_blog,우베 디저트,alias,1.0,2026-05-26T11:02:57.061617+00:00,0,0,0,0,ruby의 블로그☆,"디저트는 귀여움 만족도가 높았고 <b>우베 디저트</b>는 새로운 아박을 먹고싶을 때 먹어보기 좋은 느낌이었어요. 다음에는 오리지널 아박 또는 새로운 아박 먹어볼 것 같네요. 핑구 롤리팝 2개: 6,000\ 떠먹는 우베... ","{""title"": ""[곰신생활]투썸<b>디저트</b>와 함께한 면회 후기"", ""link"": ""https://blog.naver.com/ruby_0810/224291315719"", ""description"": ""디저트는 귀여움 만족도가 높았고 <b>우베 디저트</b>는 새로운 아박을 먹고싶을 때 먹어보기 좋은 느낌이었어요. 다음에는 오리지널 아박 또는 새로운 아박 먹어볼 것 같네요. 핑구 롤리팝 2개: 6,000\\ 떠먹는 우베... "", ""bloggername"": ""ruby의 블로그☆"", ""bloggerlink"": ""blog.naver.com/ruby_0810"", ""postdate"": ""20260526""}"
우베,preset,우베 디저트,투썸 갔다가 <b>우베</b> 디카페인 라떼 먹어본 날,https://blog.naver.com/oaovcmuilo76218/224296845581,20260526,ㅎㅎ 원래 <b>우베</b> 들어간 <b>디저트</b>나 음료들 보면 보라색 비주얼 때문에 괜히 한번 먹어보고 싶어지더라고요. 이번 라떼도 색감이 딱 눈에 들어와서 사진부터 엄청 찍었어요. 맛은 생각보다 엄청 달기만 한 느낌은... ,하루 기록하기,blog.naver.com/oaovcmuilo76218,naver_blog,우베 디저트,alias,1.0,2026-05-26T11:02:57.061617+00:00,0,0,0,0,하루 기록하기,ㅎㅎ 원래 <b>우베</b> 들어간 <b>디저트</b>나 음료들 보면 보라색 비주얼 때문에 괜히 한번 먹어보고 싶어지더라고요. 이번 라떼도 색감이 딱 눈에 들어와서 사진부터 엄청 찍었어요. 맛은 생각보다 엄청 달기만 한 느낌은... ,"{""title"": ""투썸 갔다가 <b>우베</b> 디카페인 라떼 먹어본 날"", ""link"": ""https://blog.naver.com/oaovcmuilo76218/224296845581"", ""description"": ""ㅎㅎ 원래 <b>우베</b> 들어간 <b>디저트</b>나 음료들 보면 보라색 비주얼 때문에 괜히 한번 먹어보고 싶어지더라고요. 이번 라떼도 색감이 딱 눈에 들어와서 사진부터 엄청 찍었어요. 맛은 생각보다 엄청 달기만 한 느낌은... "", ""bloggername"": ""하루 기록하기"", ""bloggerlink"": ""blog.naver.com/oaovcmuilo76218"", ""postdate"": ""20260526""}"
우베,preset,우베 디저트,여의도IFC몰카페 노티드 도넛 맛집 신상 <b>우베</b>,https://blog.naver.com/sayyo07/224296843001,20260526,필리핀산 <b>우베</b> 특유의 진하고 고소한 풍미와 생크림 조화가 좋았던 <b>우베</b> 밀키크림 도넛 <b>우베</b> 페이스트와 바삭한 카다이프 식감이 좋았던 <b>우베</b> 두바이 퍼플 도넛 그리고 <b>디저트</b> 무드의 달콤 고소한 <b>우베</b>... ,아이 둘 키우는 부모의 여행·맛집·돈 이야기,blog.naver.com/sayyo07,naver_blog,우베 디저트,alias,1.0,2026-05-26T11:02:57.061617+00:00,0,0,0,0,아이 둘 키우는 부모의 여행·맛집·돈 이야기,필리핀산 <b>우베</b> 특유의 진하고 고소한 풍미와 생크림 조화가 좋았던 <b>우베</b> 밀키크림 도넛 <b>우베</b> 페이스트와 바삭한 카다이프 식감이 좋았던 <b>우베</b> 두바이 퍼플 도넛 그리고 <b>디저트</b> 무드의 달콤 고소한 <b>우베</b>... ,"{""title"": ""여의도IFC몰카페 노티드 도넛 맛집 신상 <b>우베</b>"", ""link"": ""https://blog.naver.com/sayyo07/224296843001"", ""description"": ""필리핀산 <b>우베</b> 특유의 진하고 고소한 풍미와 생크림 조화가 좋았던 <b>우베</b> 밀키크림 도넛 <b>우베</b> 페이스트와 바삭한 카다이프 식감이 좋았던 <b>우베</b> 두바이 퍼플 도넛 그리고 <b>디저트</b> 무드의 달콤 고소한 <b>우베</b>... "", ""bloggername"": ""아이 둘 키우는 부모의 여행·맛집·돈 이야기"", ""bloggerlink"": ""blog.naver.com/sayyo07"", ""postdate"": ""20260526""}"
우베,preset,우베 디저트,비타민c 폭발 애슐리골드키위시즌 드디어 시작 전주... ,https://blog.naver.com/jihae8907/224296838902,20260526,"망고 <b>우베</b> 바스크 치크 케이크, 썬골드키위 크런치 바삭달콤한 로띠위에 상큼한 골드키위가 한가득 남녀노소 즐기기 좋은 <b>디저트</b> ❤️ 썬골드키위 애플 선샤인 타르트, 썬골드키위 가든 요거 케이크... ","지지맘의 오늘, 하루",blog.naver.com/jihae8907,naver_blog,우베 디저트,alias,1.0,2026-05-26T11:02:57.061617+00:00,0,0,0,0,"지지맘의 오늘, 하루","망고 <b>우베</b> 바스크 치크 케이크, 썬골드키위 크런치 바삭달콤한 로띠위에 상큼한 골드키위가 한가득 남녀노소 즐기기 좋은 <b>디저트</b> ❤️ 썬골드키위 애플 선샤인 타르트, 썬골드키위 가든 요거 케이크... ","{""title"": ""비타민c 폭발 애슐리골드키위시즌 드디어 시작 전주... "", ""link"": ""https://blog.naver.com/jihae8907/224296838902"", ""description"": ""망고 <b>우베</b> 바스크 치크 케이크, 썬골드키위 크런치 바삭달콤한 로띠위에 상큼한 골드키위가 한가득 남녀노소 즐기기 좋은 <b>디저트</b> ❤️ 썬골드키위 애플 선샤인 타르트, 썬골드키위 가든 요거 케이크... "", ""bloggername"": ""지지맘의 오늘, 하루"", ""bloggerlink"": ""blog.naver.com/jihae8907"", ""postdate"": ""20260526""}"
우베,preset,우베 디저트,<b>우베</b> 맛 <b>우베</b> 뜻 | <b>우베</b>라떼 타로 차이점이 뭐에요?,https://blog.naver.com/ballonballer/224296835559,20260526,"최근에는 필리핀 디저트 유행하면서 <b>우베 디저트</b>, 우베라떼, 우베 아이스크림까지 국내 카페에서도 메뉴가 확 늘었어요. 특히 SNS에서 “보라색 디저트” 감성으로 인기가 커진 분위기고요. 우베 뜻은 보라색... ",❤️알뜰살뜰 뚜뚱이네❤️,blog.naver.com/ballonballer,naver_blog,우베 디저트,alias,1.0,2026-05-26T11:02:57.061617+00:00,0,0,0,0,❤️알뜰살뜰 뚜뚱이네❤️,"최근에는 필리핀 디저트 유행하면서 <b>우베 디저트</b>, 우베라떼, 우베 아이스크림까지 국내 카페에서도 메뉴가 확 늘었어요. 특히 SNS에서 “보라색 디저트” 감성으로 인기가 커진 분위기고요. 우베 뜻은 보라색... ","{""title"": ""<b>우베</b> 맛 <b>우베</b> 뜻 | <b>우베</b>라떼 타로 차이점이 뭐에요?"", ""link"": ""https://blog.naver.com/ballonballer/224296835559"", ""description"": ""최근에는 필리핀 디저트 유행하면서 <b>우베 디저트</b>, 우베라떼, 우베 아이스크림까지 국내 카페에서도 메뉴가 확 늘었어요. 특히 SNS에서 “보라색 디저트” 감성으로 인기가 커진 분위기고요. 우베 뜻은 보라색... "", ""bloggername"": ""❤️알뜰살뜰 뚜뚱이네❤️"", ""bloggerlink"": ""blog.naver.com/ballonballer"", ""postdate"": ""20260526""}"
우베,preset,우베 디저트,분당 서현역 대형 카페 슬로웨이 커피 케이크 샌드위치 맛집 추천,https://blog.naver.com/remake_travel/224296829668,20260526,"베이커리, <b>디저트</b>까지 모두 맛있어서 힐링 시간 보내고 왔던 슬로웨이 커피 리뷰해볼게요! Sloway coffee... 아포가토, <b>우베</b> 코코넛라떼, 로얄 밀크티, 말차라떼, 얼그레이 초코라떼가 있어요 &lt;샌드위치 메뉴&gt;로는... ",나리움(na_reum)의 브이로그 제작소,blog.naver.com/remake_travel,naver_blog,우베 디저트,alias,1.0,2026-05-26T11:02:57.061617+00:00,0,0,0,0,나리움(na_reum)의 브이로그 제작소,"베이커리, <b>디저트</b>까지 모두 맛있어서 힐링 시간 보내고 왔던 슬로웨이 커피 리뷰해볼게요! Sloway coffee... 아포가토, <b>우베</b> 코코넛라떼, 로얄 밀크티, 말차라떼, 얼그레이 초코라떼가 있어요 &lt;샌드위치 메뉴&gt;로는... ","{""title"": ""분당 서현역 대형 카페 슬로웨이 커피 케이크 샌드위치 맛집 추천"", ""link"": ""https://blog.naver.com/remake_travel/224296829668"", ""description"": ""베이커리, <b>디저트</b>까지 모두 맛있어서 힐링 시간 보내고 왔던 슬로웨이 커피 리뷰해볼게요! Sloway coffee... 아포가토, <b>우베</b> 코코넛라떼, 로얄 밀크티, 말차라떼, 얼그레이 초코라떼가 있어요 &lt;샌드위치 메뉴&gt;로는... "", ""bloggername"": ""나리움(na_reum)의 브이로그 제작소"", ""bloggerlink"": ""blog.naver.com/remake_travel"", ""postdate"": ""20260526""}"
우베,preset,우베 디저트,"던킨도너츠 메뉴 맛 가격 칼로리 폼폼푸린 슈크림,<b>우베</b>... ",https://blog.naver.com/cream1250/224296829472,20260526,요즘 <b>우베</b>라떼에 빠져버려 찾다가 발견한 던킨 도너츠에서 판매중인 <b>우베</b>츄이스티 포장하러... 도넛이나 <b>디저트</b> 구매하기 딱 좋은 매장이고 직원들이 정말 상냥하고 밝은 미소로 친절하게 대해주시고... ,크리미님의블로그,blog.naver.com/cream1250,naver_blog,우베 디저트,alias,1.0,2026-05-26T11:02:57.061617+00:00,0,0,0,0,크리미님의블로그,요즘 <b>우베</b>라떼에 빠져버려 찾다가 발견한 던킨 도너츠에서 판매중인 <b>우베</b>츄이스티 포장하러... 도넛이나 <b>디저트</b> 구매하기 딱 좋은 매장이고 직원들이 정말 상냥하고 밝은 미소로 친절하게 대해주시고... ,"{""title"": ""던킨도너츠 메뉴 맛 가격 칼로리 폼폼푸린 슈크림,<b>우베</b>... "", ""link"": ""https://blog.naver.com/cream1250/224296829472"", ""description"": ""요즘 <b>우베</b>라떼에 빠져버려 찾다가 발견한 던킨 도너츠에서 판매중인 <b>우베</b>츄이스티 포장하러... 도넛이나 <b>디저트</b> 구매하기 딱 좋은 매장이고 직원들이 정말 상냥하고 밝은 미소로 친절하게 대해주시고... "", ""bloggername"": ""크리미님의블로그"", ""bloggerlink"": ""blog.naver.com/cream1250"", ""postdate"": ""20260526""}"
우베,preset,우베 디저트,애슐리골드키위시즌 구월동 애슐리퀸즈 뉴코아 인천점 방문 후기,https://blog.naver.com/geniussuran1/224296828968,20260526,마침 애슐리퀸즈에서 골드키위 <b>디저트</b>를 약 2만원에 무제한으로 먹을 수 있다고 해서 아이와 함께... <b>우베</b> 바스크 치즈 케이크도 색달라 보였고요. 홈메이드 쇼콜라도 있더라고요. 그렇게 썬골드키위 한상차림... ,여울이랑,blog.naver.com/geniussuran1,naver_blog,우베 디저트,alias,1.0,2026-05-26T11:02:57.061617+00:00,0,0,0,0,여울이랑,마침 애슐리퀸즈에서 골드키위 <b>디저트</b>를 약 2만원에 무제한으로 먹을 수 있다고 해서 아이와 함께... <b>우베</b> 바스크 치즈 케이크도 색달라 보였고요. 홈메이드 쇼콜라도 있더라고요. 그렇게 썬골드키위 한상차림... ,"{""title"": ""애슐리골드키위시즌 구월동 애슐리퀸즈 뉴코아 인천점 방문 후기"", ""link"": ""https://blog.naver.com/geniussuran1/224296828968"", ""description"": ""마침 애슐리퀸즈에서 골드키위 <b>디저트</b>를 약 2만원에 무제한으로 먹을 수 있다고 해서 아이와 함께... <b>우베</b> 바스크 치즈 케이크도 색달라 보였고요. 홈메이드 쇼콜라도 있더라고요. 그렇게 썬골드키위 한상차림... "", ""bloggername"": ""여울이랑"", ""bloggerlink"": ""blog.naver.com/geniussuran1"", ""postdate"": ""20260526""}"
우베,preset,우베 디저트,대전 사람들 벌써 줄 서는 성심당 DCC점 신상 빵 먹어본 후기,https://blog.naver.com/dogid12/224296819685,20260526,겉은 바삭한데 안에는 <b>우베</b>필링이 들어있고단맛도 과하지 않아서 계속 손이 가는 맛이었어요. 개인적으로는 커피랑 같이 먹으면 진짜 잘 어울릴 것 같았습니다 ☕️ “성심당 망고 <b>디저트</b> 좋아하시는... ,원의 먹로그 대전 맛집 기록,blog.naver.com/dogid12,naver_blog,우베 디저트,alias,1.0,2026-05-26T11:02:57.061617+00:00,0,0,0,0,원의 먹로그 대전 맛집 기록,겉은 바삭한데 안에는 <b>우베</b>필링이 들어있고단맛도 과하지 않아서 계속 손이 가는 맛이었어요. 개인적으로는 커피랑 같이 먹으면 진짜 잘 어울릴 것 같았습니다 ☕️ “성심당 망고 <b>디저트</b> 좋아하시는... ,"{""title"": ""대전 사람들 벌써 줄 서는 성심당 DCC점 신상 빵 먹어본 후기"", ""link"": ""https://blog.naver.com/dogid12/224296819685"", ""description"": ""겉은 바삭한데 안에는 <b>우베</b>필링이 들어있고단맛도 과하지 않아서 계속 손이 가는 맛이었어요. 개인적으로는 커피랑 같이 먹으면 진짜 잘 어울릴 것 같았습니다 ☕️ “성심당 망고 <b>디저트</b> 좋아하시는... "", ""bloggername"": ""원의 먹로그 대전 맛집 기록"", ""bloggerlink"": ""blog.naver.com/dogid12"", ""postdate"": ""20260526""}"
우베,preset,우베 디저트,"[광주 북구 카페] GIST 캠퍼스 속 카페이든, 내돈내산 후기",https://blog.naver.com/displesed16728/224296818932,20260526,카페에 왔으니 음료와 <b>디저트</b> 맛을 봐야겠죠? 저는 커피를 좋아해서 아이스아메리카노를 주문했어요!... #광주카페맛집 #첨단카페맛집 #광산구카페맛집 #<b>우베</b>라떼맛집 #원두맛집 #원두납품 #카페창업... ,상쵸링:>,blog.naver.com/displesed16728,naver_blog,우베 디저트,alias,1.0,2026-05-26T11:02:57.061617+00:00,0,0,0,0,상쵸링:>,카페에 왔으니 음료와 <b>디저트</b> 맛을 봐야겠죠? 저는 커피를 좋아해서 아이스아메리카노를 주문했어요!... #광주카페맛집 #첨단카페맛집 #광산구카페맛집 #<b>우베</b>라떼맛집 #원두맛집 #원두납품 #카페창업... ,"{""title"": ""[광주 북구 카페] GIST 캠퍼스 속 카페이든, 내돈내산 후기"", ""link"": ""https://blog.naver.com/displesed16728/224296818932"", ""description"": ""카페에 왔으니 음료와 <b>디저트</b> 맛을 봐야겠죠? 저는 커피를 좋아해서 아이스아메리카노를 주문했어요!... #광주카페맛집 #첨단카페맛집 #광산구카페맛집 #<b>우베</b>라떼맛집 #원두맛집 #원두납품 #카페창업... "", ""bloggername"": ""상쵸링:>"", ""bloggerlink"": ""blog.naver.com/displesed16728"", ""postdate"": ""20260526""}"
우베,preset,우베 디저트,5월은 may죠 mayday는 도와달라는 뜻입니다 5월의 나를... ,https://blog.naver.com/angseo_04/224296814354,20260526,0508 ₊ ⊹♡ <b>우베</b> ㅈㅉ .. 자색고구마 친구 주제에 너무 맛잇어서 놀람 크림 잔뜩일 수록 맛있는 듯 <b>우베</b>... 커스타드크림 + <b>디저트</b> 느낌이 낭낭햇슨  맛잇엇더 .... ♥ 글구 리뷰쓰고 받는데 가연이가 현숙이도... ,˚ʚ｡･-･｡ɞ˚,blog.naver.com/angseo_04,naver_blog,우베 디저트,alias,1.0,2026-05-26T11:02:57.061617+00:00,0,0,0,0,˚ʚ｡･-･｡ɞ˚,0508 ₊ ⊹♡ <b>우베</b> ㅈㅉ .. 자색고구마 친구 주제에 너무 맛잇어서 놀람 크림 잔뜩일 수록 맛있는 듯 <b>우베</b>... 커스타드크림 + <b>디저트</b> 느낌이 낭낭햇슨  맛잇엇더 .... ♥ 글구 리뷰쓰고 받는데 가연이가 현숙이도... ,"{""title"": ""5월은 may죠 mayday는 도와달라는 뜻입니다 5월의 나를... "", ""link"": ""https://blog.naver.com/angseo_04/224296814354"", ""description"": ""0508 ₊ ⊹♡ <b>우베</b> ㅈㅉ .. 자색고구마 친구 주제에 너무 맛잇어서 놀람 크림 잔뜩일 수록 맛있는 듯 <b>우베</b>... 커스타드크림 + <b>디저트</b> 느낌이 낭낭햇슨  맛잇엇더 .... ♥ 글구 리뷰쓰고 받는데 가연이가 현숙이도... "", ""bloggername"": ""˚ʚ｡･-･｡ɞ˚"", ""bloggerlink"": ""blog.naver.com/angseo_04"", ""postdate"": ""20260526""}"
우베,preset,우베맛,오키나와 태교여행 3일차 ~29주 임산부~,https://blog.naver.com/5gkstha/224297147730,20260526,<b>우베맛</b>으로 먹음 ㅎㅎ 이거시 내가 쇼핑한 때샷. 난 늘 머 마니 사올거처럼 하구 마니 못사와.. 나 쇼핑 그런거 잘 못해..☆ 태교여행으로서 오키나와! 좋았다! 날씨가 더웠던거 빼곤 그리 습하지도 않아서... ,✧･ﾟ: *✧･ﾟ:*✧･ﾟ: *✧･ﾟ:*,blog.naver.com/5gkstha,naver_blog,우베맛,alias,1.0,2026-05-26T11:02:57.061617+00:00,0,0,0,0,✧･ﾟ: *✧･ﾟ:*✧･ﾟ: *✧･ﾟ:*,<b>우베맛</b>으로 먹음 ㅎㅎ 이거시 내가 쇼핑한 때샷. 난 늘 머 마니 사올거처럼 하구 마니 못사와.. 나 쇼핑 그런거 잘 못해..☆ 태교여행으로서 오키나와! 좋았다! 날씨가 더웠던거 빼곤 그리 습하지도 않아서... ,"{""title"": ""오키나와 태교여행 3일차 ~29주 임산부~"", ""link"": ""https://blog.naver.com/5gkstha/224297147730"", ""description"": ""<b>우베맛</b>으로 먹음 ㅎㅎ 이거시 내가 쇼핑한 때샷. 난 늘 머 마니 사올거처럼 하구 마니 못사와.. 나 쇼핑 그런거 잘 못해..☆ 태교여행으로서 오키나와! 좋았다! 날씨가 더웠던거 빼곤 그리 습하지도 않아서... "", ""bloggername"": ""✧･ﾟ: *✧･ﾟ:*✧･ﾟ: *✧･ﾟ:*"", ""bloggerlink"": ""blog.naver.com/5gkstha"", ""postdate"": ""20260526""}"
우베,preset,우베맛,빽다방 신메뉴 <b>우베</b>소프트아이스크림 먹어봄,https://blog.naver.com/hanjin9n/224297147523,20260526,빽다방의 <b>우베</b> 아이스크림이라고 신메뉴가 출시 했길래 원래 아이스크림을 좋아해서 바로 먹어 보았습니다. 빽다방의 <b>우베</b>가 뭐지 ? 해서 <b>우베</b>를 검색해 보았습니다. <b>우베</b>는 필리핀의 보라색 마(자색 참마)를... ,쿠로이진,blog.naver.com/hanjin9n,naver_blog,우베맛,alias,1.0,2026-05-26T11:02:57.061617+00:00,0,0,0,0,쿠로이진,빽다방의 <b>우베</b> 아이스크림이라고 신메뉴가 출시 했길래 원래 아이스크림을 좋아해서 바로 먹어 보았습니다. 빽다방의 <b>우베</b>가 뭐지 ? 해서 <b>우베</b>를 검색해 보았습니다. <b>우베</b>는 필리핀의 보라색 마(자색 참마)를... ,"{""title"": ""빽다방 신메뉴 <b>우베</b>소프트아이스크림 먹어봄"", ""link"": ""https://blog.naver.com/hanjin9n/224297147523"", ""description"": ""빽다방의 <b>우베</b> 아이스크림이라고 신메뉴가 출시 했길래 원래 아이스크림을 좋아해서 바로 먹어 보았습니다. 빽다방의 <b>우베</b>가 뭐지 ? 해서 <b>우베</b>를 검색해 보았습니다. <b>우베</b>는 필리핀의 보라색 마(자색 참마)를... "", ""bloggername"": ""쿠로이진"", ""bloggerlink"": ""blog.naver.com/hanjin9n"", ""postdate"": ""20260526""}"
우베,preset,우베맛,<b>우베</b> 보라색 열풍 그 뒤에 숨겨진 진짜 맛과 인기 비결,https://blog.naver.com/pshoewer/224296341822,20260526,"<b>우베 맛</b>, 타로와는 뭐가 다를까요? By 맨날배아파 우베 디저트를 처음 접하는 분들이 가장 많이 하는 질문 중 하나는 바로 '맛'입니다. 혹시 타로 음료와 비슷한 맛이 아닐까 하고 궁금해하시는 분들도 많은데요.... ",그래 미쳐보는거다,blog.naver.com/pshoewer,naver_blog,우베맛,alias,1.0,2026-05-26T11:02:57.061617+00:00,0,0,0,0,그래 미쳐보는거다,"<b>우베 맛</b>, 타로와는 뭐가 다를까요? By 맨날배아파 우베 디저트를 처음 접하는 분들이 가장 많이 하는 질문 중 하나는 바로 '맛'입니다. 혹시 타로 음료와 비슷한 맛이 아닐까 하고 궁금해하시는 분들도 많은데요.... ","{""title"": ""<b>우베</b> 보라색 열풍 그 뒤에 숨겨진 진짜 맛과 인기 비결"", ""link"": ""https://blog.naver.com/pshoewer/224296341822"", ""description"": ""<b>우베 맛</b>, 타로와는 뭐가 다를까요? By 맨날배아파 우베 디저트를 처음 접하는 분들이 가장 많이 하는 질문 중 하나는 바로 '맛'입니다. 혹시 타로 음료와 비슷한 맛이 아닐까 하고 궁금해하시는 분들도 많은데요.... "", ""bloggername"": ""그래 미쳐보는거다"", ""bloggerlink"": ""blog.naver.com/pshoewer"", ""postdate"": ""20260526""}"
우베,preset,우베맛,"<b>우베</b> 뜻과 <b>맛</b>, 효능 완벽 정리! 타로 자색고구마 차이점",https://blog.naver.com/sogool/224296958740,20260526,우베 라떼 맛 바닐라 견과류 풍미 달콤한 디저트 트렌드 보라색이라는 화려한 색감 때문에 인공적인... 식재료 우베로 오늘 하루 달콤하고 건강한 에너지를 충전해 보시길 바랍니다! #우베뜻 #<b>우베맛</b> #우베효능... ,생활지식 저장소,blog.naver.com/sogool,naver_blog,우베맛,alias,1.0,2026-05-26T11:02:57.061617+00:00,0,0,0,0,생활지식 저장소,우베 라떼 맛 바닐라 견과류 풍미 달콤한 디저트 트렌드 보라색이라는 화려한 색감 때문에 인공적인... 식재료 우베로 오늘 하루 달콤하고 건강한 에너지를 충전해 보시길 바랍니다! #우베뜻 #<b>우베맛</b> #우베효능... ,"{""title"": ""<b>우베</b> 뜻과 <b>맛</b>, 효능 완벽 정리! 타로 자색고구마 차이점"", ""link"": ""https://blog.naver.com/sogool/224296958740"", ""description"": ""우베 라떼 맛 바닐라 견과류 풍미 달콤한 디저트 트렌드 보라색이라는 화려한 색감 때문에 인공적인... 식재료 우베로 오늘 하루 달콤하고 건강한 에너지를 충전해 보시길 바랍니다! #우베뜻 #<b>우베맛</b> #우베효능... "", ""bloggername"": ""생활지식 저장소"", ""bloggerlink"": ""blog.naver.com/sogool"", ""postdate"": ""20260526""}"
우베,preset,우베맛,꾸덕하고 쫀쫀한 <b>우베</b>크림맛 도넛 추천(<b>우베</b>밀키크림 도넛... ,https://blog.naver.com/chaomei22/224297057456,20260526,있는 맛! 우베 카페라떼를 제외하고는 <b>우베맛</b>이 잘 느껴져서 우베를 좋아하는 사람은 아주 좋아할 듯! 개인적으로 제일 만족했던 '우베 두바이 퍼플 도넛' 노티드 도넛은 빵 부분이 특히 쫄깃뽀송하니 식감이... ,꽃보다 오링이가,blog.naver.com/chaomei22,naver_blog,우베맛,alias,1.0,2026-05-26T11:02:57.061617+00:00,0,0,0,0,꽃보다 오링이가,있는 맛! 우베 카페라떼를 제외하고는 <b>우베맛</b>이 잘 느껴져서 우베를 좋아하는 사람은 아주 좋아할 듯! 개인적으로 제일 만족했던 '우베 두바이 퍼플 도넛' 노티드 도넛은 빵 부분이 특히 쫄깃뽀송하니 식감이... ,"{""title"": ""꾸덕하고 쫀쫀한 <b>우베</b>크림맛 도넛 추천(<b>우베</b>밀키크림 도넛... "", ""link"": ""https://blog.naver.com/chaomei22/224297057456"", ""description"": ""있는 맛! 우베 카페라떼를 제외하고는 <b>우베맛</b>이 잘 느껴져서 우베를 좋아하는 사람은 아주 좋아할 듯! 개인적으로 제일 만족했던 '우베 두바이 퍼플 도넛' 노티드 도넛은 빵 부분이 특히 쫄깃뽀송하니 식감이... "", ""bloggername"": ""꽃보다 오링이가"", ""bloggerlink"": ""blog.naver.com/chaomei22"", ""postdate"": ""20260526""}"
우베,preset,우베맛,<b>우베</b> 뜻 알고 드시나요? 보라색 디저트 열풍의 진짜 이유와 <b>맛</b>... ,https://blog.naver.com/tmdwns04281/224297007403,20260526,토란 맛 익숙한 밤고구마의 단맛 2. 타로와는 다르다? 입맛 당기는 <b>우베 맛</b>의 특징 색깔이 비슷하다 보니... #우베뜻 #<b>우베맛</b> #우베효능 #보라색디저트 #우베라떼 #필리핀우베 #자색고구마차이 #타로차이 #할라야 #F... ,뚜니의 일상사전,blog.naver.com/tmdwns04281,naver_blog,우베맛,alias,1.0,2026-05-26T11:02:57.061617+00:00,0,0,0,0,뚜니의 일상사전,토란 맛 익숙한 밤고구마의 단맛 2. 타로와는 다르다? 입맛 당기는 <b>우베 맛</b>의 특징 색깔이 비슷하다 보니... #우베뜻 #<b>우베맛</b> #우베효능 #보라색디저트 #우베라떼 #필리핀우베 #자색고구마차이 #타로차이 #할라야 #F... ,"{""title"": ""<b>우베</b> 뜻 알고 드시나요? 보라색 디저트 열풍의 진짜 이유와 <b>맛</b>... "", ""link"": ""https://blog.naver.com/tmdwns04281/224297007403"", ""description"": ""토란 맛 익숙한 밤고구마의 단맛 2. 타로와는 다르다? 입맛 당기는 <b>우베 맛</b>의 특징 색깔이 비슷하다 보니... #우베뜻 #<b>우베맛</b> #우베효능 #보라색디저트 #우베라떼 #필리핀우베 #자색고구마차이 #타로차이 #할라야 #F... "", ""bloggername"": ""뚜니의 일상사전"", ""bloggerlink"": ""blog.naver.com/tmdwns04281"", ""postdate"": ""20260526""}"
우베,preset,우베맛,빽다방 신메뉴 아이스크림 <b>우베</b>라떼,https://blog.naver.com/anhyojin17/224297063491,20260526,우베라떼 부분은 생각보다 단편은 아니었고 은은 <b>우베맛</b>+약간의 바닐라맛 정도에 달콤시원 아이스크림 조합 굿 우베소스 추가옵션 있어서 더 진하고 달게 먹으려면 추가해도 되겠고... ,"신상,신제품 덕후",blog.naver.com/anhyojin17,naver_blog,우베맛,alias,1.0,2026-05-26T11:02:57.061617+00:00,0,0,0,0,"신상,신제품 덕후",우베라떼 부분은 생각보다 단편은 아니었고 은은 <b>우베맛</b>+약간의 바닐라맛 정도에 달콤시원 아이스크림 조합 굿 우베소스 추가옵션 있어서 더 진하고 달게 먹으려면 추가해도 되겠고... ,"{""title"": ""빽다방 신메뉴 아이스크림 <b>우베</b>라떼"", ""link"": ""https://blog.naver.com/anhyojin17/224297063491"", ""description"": ""우베라떼 부분은 생각보다 단편은 아니었고 은은 <b>우베맛</b>+약간의 바닐라맛 정도에 달콤시원 아이스크림 조합 굿 우베소스 추가옵션 있어서 더 진하고 달게 먹으려면 추가해도 되겠고... "", ""bloggername"": ""신상,신제품 덕후"", ""bloggerlink"": ""blog.naver.com/anhyojin17"", ""postdate"": ""20260526""}"
우베,preset,우베맛,"언산언돈 압구정 빵 솔직후기 | 부케드뺑, 이웃집 통통이... ",https://blog.naver.com/luminouscongee/224297003480,20260526,"222 • <b>우베</b> 향이 은은하게 담겨 크림이 엄청 느끼하지 않고, 과일이랑도 조화가 잘 어울렸어용 키키,, 먹자마자 아 이거지!! 싶은 <b>맛</b> 사이즈가 커서 저렇게 반갈죽 해서 빵에 크림 올려 과일 올려 맛있게... ",햅삐한 일상 :),blog.naver.com/luminouscongee,naver_blog,우베맛,alias,1.0,2026-05-26T11:02:57.061617+00:00,0,0,0,0,햅삐한 일상 :),"222 • <b>우베</b> 향이 은은하게 담겨 크림이 엄청 느끼하지 않고, 과일이랑도 조화가 잘 어울렸어용 키키,, 먹자마자 아 이거지!! 싶은 <b>맛</b> 사이즈가 커서 저렇게 반갈죽 해서 빵에 크림 올려 과일 올려 맛있게... ","{""title"": ""언산언돈 압구정 빵 솔직후기 | 부케드뺑, 이웃집 통통이... "", ""link"": ""https://blog.naver.com/luminouscongee/224297003480"", ""description"": ""222 • <b>우베</b> 향이 은은하게 담겨 크림이 엄청 느끼하지 않고, 과일이랑도 조화가 잘 어울렸어용 키키,, 먹자마자 아 이거지!! 싶은 <b>맛</b> 사이즈가 커서 저렇게 반갈죽 해서 빵에 크림 올려 과일 올려 맛있게... "", ""bloggername"": ""햅삐한 일상 :)"", ""bloggerlink"": ""blog.naver.com/luminouscongee"", ""postdate"": ""20260526""}"
우베,preset,우베맛,빽다방 신메뉴 생크림 <b>우베</b>라떼 먹어봄! <b>우베</b> 카페인 칼로리,https://blog.naver.com/louloulou_/224296995344,20260526,오늘은 빽다방 신메뉴인 생크림 <b>우베</b>라떼를 내돈내산으로 먹어봤어요! <b>우베</b>는 자색 마 종류 식재료라고 해욥 저는 <b>우베</b>가 뭔지 몰라서 일단 도전해봤는데요.. 제 개인적 취향으로는 불호였어요..ㅠㅠ... ,멍멍씨의 맛집산책,blog.naver.com/louloulou_,naver_blog,우베맛,alias,1.0,2026-05-26T11:02:57.061617+00:00,0,0,0,0,멍멍씨의 맛집산책,오늘은 빽다방 신메뉴인 생크림 <b>우베</b>라떼를 내돈내산으로 먹어봤어요! <b>우베</b>는 자색 마 종류 식재료라고 해욥 저는 <b>우베</b>가 뭔지 몰라서 일단 도전해봤는데요.. 제 개인적 취향으로는 불호였어요..ㅠㅠ... ,"{""title"": ""빽다방 신메뉴 생크림 <b>우베</b>라떼 먹어봄! <b>우베</b> 카페인 칼로리"", ""link"": ""https://blog.naver.com/louloulou_/224296995344"", ""description"": ""오늘은 빽다방 신메뉴인 생크림 <b>우베</b>라떼를 내돈내산으로 먹어봤어요! <b>우베</b>는 자색 마 종류 식재료라고 해욥 저는 <b>우베</b>가 뭔지 몰라서 일단 도전해봤는데요.. 제 개인적 취향으로는 불호였어요..ㅠㅠ... "", ""bloggername"": ""멍멍씨의 맛집산책"", ""bloggerlink"": ""blog.naver.com/louloulou_"", ""postdate"": ""20260526""}"
우베,preset,우베맛,[Honey_Moon in HAWAII] 빅아일랜드 코나 #2. KTA 마트... ,https://blog.naver.com/cjw0514/224296978038,20260526,베이글에 요 크림치즈 맛 별로만 먹고 가도 소원이 없겠다.... 우리나라에 없는 크림치즈 왜케... 추천 요즘 우리나라 우베 난리잖아여? 전 엄청난 돼지력으로 무려 반년 전^^ <b>우베맛</b>으로 되어 있는 스낵믹스를... ,좋은 게 좋은거지!,blog.naver.com/cjw0514,naver_blog,우베맛,alias,1.0,2026-05-26T11:02:57.061617+00:00,0,0,0,0,좋은 게 좋은거지!,베이글에 요 크림치즈 맛 별로만 먹고 가도 소원이 없겠다.... 우리나라에 없는 크림치즈 왜케... 추천 요즘 우리나라 우베 난리잖아여? 전 엄청난 돼지력으로 무려 반년 전^^ <b>우베맛</b>으로 되어 있는 스낵믹스를... ,"{""title"": ""[Honey_Moon in HAWAII] 빅아일랜드 코나 #2. KTA 마트... "", ""link"": ""https://blog.naver.com/cjw0514/224296978038"", ""description"": ""베이글에 요 크림치즈 맛 별로만 먹고 가도 소원이 없겠다.... 우리나라에 없는 크림치즈 왜케... 추천 요즘 우리나라 우베 난리잖아여? 전 엄청난 돼지력으로 무려 반년 전^^ <b>우베맛</b>으로 되어 있는 스낵믹스를... "", ""bloggername"": ""좋은 게 좋은거지!"", ""bloggerlink"": ""blog.naver.com/cjw0514"", ""postdate"": ""20260526""}"
우베,preset,우베맛,대구 신세계백화점 팝업 아로케 <b>우베</b> 퀸아망 + 푸니푸니 밤푸딩,https://blog.naver.com/dsk03064/224296962069,20260526,우베가 원래 단건 아닌데 화이트초콜릿 코팅을 입힌건지 엄청 달았다. <b>우베맛</b>은 거의 안나는 정도?... 생각보다 물흐르듯 흐르르 하는 제형이라 신기하던 푸니푸니 푸딩 밤푸딩 떠먹었는데 바밤바 답답한 맛?... ,솔직한 원블리의 식기장,blog.naver.com/dsk03064,naver_blog,우베맛,alias,1.0,2026-05-26T11:02:57.061617+00:00,0,0,0,0,솔직한 원블리의 식기장,우베가 원래 단건 아닌데 화이트초콜릿 코팅을 입힌건지 엄청 달았다. <b>우베맛</b>은 거의 안나는 정도?... 생각보다 물흐르듯 흐르르 하는 제형이라 신기하던 푸니푸니 푸딩 밤푸딩 떠먹었는데 바밤바 답답한 맛?... ,"{""title"": ""대구 신세계백화점 팝업 아로케 <b>우베</b> 퀸아망 + 푸니푸니 밤푸딩"", ""link"": ""https://blog.naver.com/dsk03064/224296962069"", ""description"": ""우베가 원래 단건 아닌데 화이트초콜릿 코팅을 입힌건지 엄청 달았다. <b>우베맛</b>은 거의 안나는 정도?... 생각보다 물흐르듯 흐르르 하는 제형이라 신기하던 푸니푸니 푸딩 밤푸딩 떠먹었는데 바밤바 답답한 맛?... "", ""bloggername"": ""솔직한 원블리의 식기장"", ""bloggerlink"": ""blog.naver.com/dsk03064"", ""postdate"": ""20260526""}"
우베,preset,우베맛,[중구] 을지로 카페 젤라또 케이크 디저트맛집 젤라이크,https://blog.naver.com/wildchild08/224296952115,20260526,이날은 너무 더웠어서 밖에서 사진만 찍고 다들 들어가더라구요 (물론 나도ㅎ_ㅎ) 메뉴 종류가 다양했고 음료+젤라이크 세트 메뉴가 있어서 좋았어요 요즘 대세인 <b>우베맛</b> 까지! 내부 내부가 큰편은 아니지만... ,it is what it is,blog.naver.com/wildchild08,naver_blog,우베맛,alias,1.0,2026-05-26T11:02:57.061617+00:00,0,0,0,0,it is what it is,이날은 너무 더웠어서 밖에서 사진만 찍고 다들 들어가더라구요 (물론 나도ㅎ_ㅎ) 메뉴 종류가 다양했고 음료+젤라이크 세트 메뉴가 있어서 좋았어요 요즘 대세인 <b>우베맛</b> 까지! 내부 내부가 큰편은 아니지만... ,"{""title"": ""[중구] 을지로 카페 젤라또 케이크 디저트맛집 젤라이크"", ""link"": ""https://blog.naver.com/wildchild08/224296952115"", ""description"": ""이날은 너무 더웠어서 밖에서 사진만 찍고 다들 들어가더라구요 (물론 나도ㅎ_ㅎ) 메뉴 종류가 다양했고 음료+젤라이크 세트 메뉴가 있어서 좋았어요 요즘 대세인 <b>우베맛</b> 까지! 내부 내부가 큰편은 아니지만... "", ""bloggername"": ""it is what it is"", ""bloggerlink"": ""blog.naver.com/wildchild08"", ""postdate"": ""20260526""}"
우베,preset,우베맛,260526 빽다방 <b>우베</b>라떼 (눈으로 먹는거랬어),https://blog.naver.com/seemmanee/224296890892,20260526,그냥 <b>우베맛</b>이다. 단맛이 슬쩍 나는듯도 하고 고소한거 같기도 하고 크리미한거 같기도 하고.. 이게 과연 우베에서 나오는 맛인건지 뭔지 전혀 모르겠는 그런 하찮은 맛! 개인적으로는 맛은 별 의미없고 그냥... ,심마니 seemmanee,blog.naver.com/seemmanee,naver_blog,우베맛,alias,1.0,2026-05-26T11:02:57.061617+00:00,0,0,0,0,심마니 seemmanee,그냥 <b>우베맛</b>이다. 단맛이 슬쩍 나는듯도 하고 고소한거 같기도 하고 크리미한거 같기도 하고.. 이게 과연 우베에서 나오는 맛인건지 뭔지 전혀 모르겠는 그런 하찮은 맛! 개인적으로는 맛은 별 의미없고 그냥... ,"{""title"": ""260526 빽다방 <b>우베</b>라떼 (눈으로 먹는거랬어)"", ""link"": ""https://blog.naver.com/seemmanee/224296890892"", ""description"": ""그냥 <b>우베맛</b>이다. 단맛이 슬쩍 나는듯도 하고 고소한거 같기도 하고 크리미한거 같기도 하고.. 이게 과연 우베에서 나오는 맛인건지 뭔지 전혀 모르겠는 그런 하찮은 맛! 개인적으로는 맛은 별 의미없고 그냥... "", ""bloggername"": ""심마니 seemmanee"", ""bloggerlink"": ""blog.naver.com/seemmanee"", ""postdate"": ""20260526""}"
우베,preset,우베맛,신상 <b>우베</b>라떼 이게 무슨 맛이냐..?  / 내돈내산 솔직후기 <b>우베</b>... ,https://blog.naver.com/kcw7964/224296888391,20260526,"맛은 고구마 + 고소 + 은은한 바닐라 라고 함~ <b>맛</b> 없을 수가 없잖아! 신상 <b>우베</b>라인은 총 3가지가 출시되었어요! (ICE ONLY 인듯!) &lt;<b>우베</b>라떼, 생크림 <b>우베</b>라떼, <b>우베</b> 요거트 아이스크림&gt; 펄, <b>우베</b> 소프트... ",소소하게,blog.naver.com/kcw7964,naver_blog,우베맛,alias,1.0,2026-05-26T11:02:57.061617+00:00,0,0,0,0,소소하게,"맛은 고구마 + 고소 + 은은한 바닐라 라고 함~ <b>맛</b> 없을 수가 없잖아! 신상 <b>우베</b>라인은 총 3가지가 출시되었어요! (ICE ONLY 인듯!) &lt;<b>우베</b>라떼, 생크림 <b>우베</b>라떼, <b>우베</b> 요거트 아이스크림&gt; 펄, <b>우베</b> 소프트... ","{""title"": ""신상 <b>우베</b>라떼 이게 무슨 맛이냐..?  / 내돈내산 솔직후기 <b>우베</b>... "", ""link"": ""https://blog.naver.com/kcw7964/224296888391"", ""description"": ""맛은 고구마 + 고소 + 은은한 바닐라 라고 함~ <b>맛</b> 없을 수가 없잖아! 신상 <b>우베</b>라인은 총 3가지가 출시되었어요! (ICE ONLY 인듯!) &lt;<b>우베</b>라떼, 생크림 <b>우베</b>라떼, <b>우베</b> 요거트 아이스크림&gt; 펄, <b>우베</b> 소프트... "", ""bloggername"": ""소소하게"", ""bloggerlink"": ""blog.naver.com/kcw7964"", ""postdate"": ""20260526""}"
우베,preset,우베맛,[gs25 신상] 서울우유 <b>우베</b>크림소금빵(드디어 <b>우베</b>빵에 동물성... ,https://blog.naver.com/chseeeo8044/224296879087,20260526,일단...서울우유 우베크림소금빵도 <b>우베 맛</b>은 약합니다 ㅋㅋㅋㅋㅋㅋ 자색고구마맛70 + <b>우베맛</b> 30 정도..? (제가 말하는 <b>우베맛</b>은 '바닐라+타로+고구마' 맛입니다!) 처음엔 고구마 크림이다가 먹다 보면... ,우당탕탕 but 어찌저찌 굴러가는 먹보의 일기,blog.naver.com/chseeeo8044,naver_blog,우베맛,alias,1.0,2026-05-26T11:02:57.061617+00:00,0,0,0,0,우당탕탕 but 어찌저찌 굴러가는 먹보의 일기,일단...서울우유 우베크림소금빵도 <b>우베 맛</b>은 약합니다 ㅋㅋㅋㅋㅋㅋ 자색고구마맛70 + <b>우베맛</b> 30 정도..? (제가 말하는 <b>우베맛</b>은 '바닐라+타로+고구마' 맛입니다!) 처음엔 고구마 크림이다가 먹다 보면... ,"{""title"": ""[gs25 신상] 서울우유 <b>우베</b>크림소금빵(드디어 <b>우베</b>빵에 동물성... "", ""link"": ""https://blog.naver.com/chseeeo8044/224296879087"", ""description"": ""일단...서울우유 우베크림소금빵도 <b>우베 맛</b>은 약합니다 ㅋㅋㅋㅋㅋㅋ 자색고구마맛70 + <b>우베맛</b> 30 정도..? (제가 말하는 <b>우베맛</b>은 '바닐라+타로+고구마' 맛입니다!) 처음엔 고구마 크림이다가 먹다 보면... "", ""bloggername"": ""우당탕탕 but 어찌저찌 굴러가는 먹보의 일기"", ""bloggerlink"": ""blog.naver.com/chseeeo8044"", ""postdate"": ""20260526""}"
우베,preset,우베맛,삼전동카페맛집 | 로스터리카페 펠어커피초코 본점 후기,https://blog.naver.com/zelluzooa04/224296853281,20260526,우베가 어떤 맛인지 궁금했었는데 펠어커피초코가 <b>우베맛</b>집이라는 말을 들었어서 우베 생초콜릿 라떼도 시켰답니다 #<b>우베맛</b>집 #우베라떼 그리고 날이 더워지다보니까 회사에서 아아를 자주마시는데 한병에 10... ,끄적 끄적,blog.naver.com/zelluzooa04,naver_blog,우베맛,alias,1.0,2026-05-26T11:02:57.061617+00:00,0,0,0,0,끄적 끄적,우베가 어떤 맛인지 궁금했었는데 펠어커피초코가 <b>우베맛</b>집이라는 말을 들었어서 우베 생초콜릿 라떼도 시켰답니다 #<b>우베맛</b>집 #우베라떼 그리고 날이 더워지다보니까 회사에서 아아를 자주마시는데 한병에 10... ,"{""title"": ""삼전동카페맛집 | 로스터리카페 펠어커피초코 본점 후기"", ""link"": ""https://blog.naver.com/zelluzooa04/224296853281"", ""description"": ""우베가 어떤 맛인지 궁금했었는데 펠어커피초코가 <b>우베맛</b>집이라는 말을 들었어서 우베 생초콜릿 라떼도 시켰답니다 #<b>우베맛</b>집 #우베라떼 그리고 날이 더워지다보니까 회사에서 아아를 자주마시는데 한병에 10... "", ""bloggername"": ""끄적 끄적"", ""bloggerlink"": ""blog.naver.com/zelluzooa04"", ""postdate"": ""20260526""}"
우베,preset,우베맛,[곰신생활]투썸디저트와 함께한 면회 후기,https://blog.naver.com/ruby_0810/224291315719,20260526,"까르보불닭은 다들 아는 그 맛있게 매운 맛. 컵피자 포테이토맛 이었는데 이건 맛있더라고요.... 좋아해서 우베 아박으로 준비했는데, 제가 먹었던 그 <b>우베맛</b>이 약하게 느껴지더라고요. 촉촉하고 부드럽고... ",ruby의 블로그☆,blog.naver.com/ruby_0810,naver_blog,우베맛,alias,1.0,2026-05-26T11:02:57.061617+00:00,0,0,0,0,ruby의 블로그☆,"까르보불닭은 다들 아는 그 맛있게 매운 맛. 컵피자 포테이토맛 이었는데 이건 맛있더라고요.... 좋아해서 우베 아박으로 준비했는데, 제가 먹었던 그 <b>우베맛</b>이 약하게 느껴지더라고요. 촉촉하고 부드럽고... ","{""title"": ""[곰신생활]투썸디저트와 함께한 면회 후기"", ""link"": ""https://blog.naver.com/ruby_0810/224291315719"", ""description"": ""까르보불닭은 다들 아는 그 맛있게 매운 맛. 컵피자 포테이토맛 이었는데 이건 맛있더라고요.... 좋아해서 우베 아박으로 준비했는데, 제가 먹었던 그 <b>우베맛</b>이 약하게 느껴지더라고요. 촉촉하고 부드럽고... "", ""bloggername"": ""ruby의 블로그☆"", ""bloggerlink"": ""blog.naver.com/ruby_0810"", ""postdate"": ""20260526""}"
우베,preset,우베맛,<b>우베 맛</b> 우베 뜻 | 우베라떼 타로 차이점이 뭐에요?,https://blog.naver.com/ballonballer/224296835559,20260526,우베 케이크 우베 아이스크림 우베 라떼 우베 빙수 이런 식으로요. 처음 먹으면 “고구마 맛?” 싶다가도 뒤에 약간 견과류 같은 고소함이 남는 느낌이 있었어요. <b>우베 맛</b>은 달달한 고구마+바닐라 느낌에... ,❤️알뜰살뜰 뚜뚱이네❤️,blog.naver.com/ballonballer,naver_blog,우베맛,alias,1.0,2026-05-26T11:02:57.061617+00:00,0,0,0,0,❤️알뜰살뜰 뚜뚱이네❤️,우베 케이크 우베 아이스크림 우베 라떼 우베 빙수 이런 식으로요. 처음 먹으면 “고구마 맛?” 싶다가도 뒤에 약간 견과류 같은 고소함이 남는 느낌이 있었어요. <b>우베 맛</b>은 달달한 고구마+바닐라 느낌에... ,"{""title"": ""<b>우베 맛</b> 우베 뜻 | 우베라떼 타로 차이점이 뭐에요?"", ""link"": ""https://blog.naver.com/ballonballer/224296835559"", ""description"": ""우베 케이크 우베 아이스크림 우베 라떼 우베 빙수 이런 식으로요. 처음 먹으면 “고구마 맛?” 싶다가도 뒤에 약간 견과류 같은 고소함이 남는 느낌이 있었어요. <b>우베 맛</b>은 달달한 고구마+바닐라 느낌에... "", ""bloggername"": ""❤️알뜰살뜰 뚜뚱이네❤️"", ""bloggerlink"": ""blog.naver.com/ballonballer"", ""postdate"": ""20260526""}"
우베,preset,우베맛,"던킨도너츠 메뉴 <b>맛</b> 가격 칼로리 폼폼푸린 슈크림,<b>우베</b>... ",https://blog.naver.com/cream1250/224296829472,20260526,요즘 우베라떼에 빠져버려 찾다가 발견한 던킨 도너츠에서 판매중인 우베츄이스티 포장하러... 츄이스티에 <b>우베맛</b>이 더해져 슬슬 올라오는 단맛이 중독되는 도넛으로 자꾸 생각나더라고요 칼로리는 230Kcal... ,크리미님의블로그,blog.naver.com/cream1250,naver_blog,우베맛,alias,1.0,2026-05-26T11:02:57.061617+00:00,0,0,0,0,크리미님의블로그,요즘 우베라떼에 빠져버려 찾다가 발견한 던킨 도너츠에서 판매중인 우베츄이스티 포장하러... 츄이스티에 <b>우베맛</b>이 더해져 슬슬 올라오는 단맛이 중독되는 도넛으로 자꾸 생각나더라고요 칼로리는 230Kcal... ,"{""title"": ""던킨도너츠 메뉴 <b>맛</b> 가격 칼로리 폼폼푸린 슈크림,<b>우베</b>... "", ""link"": ""https://blog.naver.com/cream1250/224296829472"", ""description"": ""요즘 우베라떼에 빠져버려 찾다가 발견한 던킨 도너츠에서 판매중인 우베츄이스티 포장하러... 츄이스티에 <b>우베맛</b>이 더해져 슬슬 올라오는 단맛이 중독되는 도넛으로 자꾸 생각나더라고요 칼로리는 230Kcal... "", ""bloggername"": ""크리미님의블로그"", ""bloggerlink"": ""blog.naver.com/cream1250"", ""postdate"": ""20260526""}"
우베,preset,우베맛,[음식]cu신제품♡ <b>우베</b> 브리오슈번,https://blog.naver.com/megablack788/224296810814,20260526,렌지에 안돌려도 폭신하고 우베랑 잘어울림 많이 안달고 <b>우베 맛</b>이 은은하게 나는게 음료수랑 먹으면 더 맛있을듯 싶어요! 내머릿속 #신제품 #신상품 #우베 #우베빵 #브리오슈번 #쿠키슈 #우베쿠키 #폭신빵... ,행복일기,blog.naver.com/megablack788,naver_blog,우베맛,alias,1.0,2026-05-26T11:02:57.061617+00:00,0,0,0,0,행복일기,렌지에 안돌려도 폭신하고 우베랑 잘어울림 많이 안달고 <b>우베 맛</b>이 은은하게 나는게 음료수랑 먹으면 더 맛있을듯 싶어요! 내머릿속 #신제품 #신상품 #우베 #우베빵 #브리오슈번 #쿠키슈 #우베쿠키 #폭신빵... ,"{""title"": ""[음식]cu신제품♡ <b>우베</b> 브리오슈번"", ""link"": ""https://blog.naver.com/megablack788/224296810814"", ""description"": ""렌지에 안돌려도 폭신하고 우베랑 잘어울림 많이 안달고 <b>우베 맛</b>이 은은하게 나는게 음료수랑 먹으면 더 맛있을듯 싶어요! 내머릿속 #신제품 #신상품 #우베 #우베빵 #브리오슈번 #쿠키슈 #우베쿠키 #폭신빵... "", ""bloggername"": ""행복일기"", ""bloggerlink"": ""blog.naver.com/megablack788"", ""postdate"": ""20260526""}"
우베,preset,우베맛,<b>우베</b> 처음 들어보셨나요 SNS 보라색 음식의 정체 공개합니다,https://blog.naver.com/jcrew7/224296715834,20260526,"여러분은 <b>우베</b>를 드셔본 적 있으신가요? 자색고구마와 <b>맛</b> 차이를 실제로 느끼셨다면 어떤 점이 달랐는지, 아직 안 드셔봤다면 어떤 메뉴로 처음 도전해보고 싶은지 댓글로 알려주세요. 이 글이 도움이... ",수혜커플 블로그: ),blog.naver.com/jcrew7,naver_blog,우베맛,alias,1.0,2026-05-26T11:02:57.061617+00:00,0,0,0,0,수혜커플 블로그: ),"여러분은 <b>우베</b>를 드셔본 적 있으신가요? 자색고구마와 <b>맛</b> 차이를 실제로 느끼셨다면 어떤 점이 달랐는지, 아직 안 드셔봤다면 어떤 메뉴로 처음 도전해보고 싶은지 댓글로 알려주세요. 이 글이 도움이... ","{""title"": ""<b>우베</b> 처음 들어보셨나요 SNS 보라색 음식의 정체 공개합니다"", ""link"": ""https://blog.naver.com/jcrew7/224296715834"", ""description"": ""여러분은 <b>우베</b>를 드셔본 적 있으신가요? 자색고구마와 <b>맛</b> 차이를 실제로 느끼셨다면 어떤 점이 달랐는지, 아직 안 드셔봤다면 어떤 메뉴로 처음 도전해보고 싶은지 댓글로 알려주세요. 이 글이 도움이... "", ""bloggername"": ""수혜커플 블로그: )"", ""bloggerlink"": ""blog.naver.com/jcrew7"", ""postdate"": ""20260526""}"
우베,preset,우베맛,"빵순이들 모여라 빵력장터 오픈, 빵 덕후들을 위한 축제 (5... ",https://blog.naver.com/ttotomi_diet/224296655875,20260526,잇포레스트 잇츠오케 잇포레스트 우베 잇츠오케 진짜 존맛.. <b>우베맛</b>이 진하고 고급져요. 딸기 그릭도 진짜 맛있었어요. 아니 이게 두유로 만든 그릭이라니 말도안됨 그리고 먹고 나서 땀나거나 졸린 것도... ,또똠이의 슬림홈피,blog.naver.com/ttotomi_diet,naver_blog,우베맛,alias,1.0,2026-05-26T11:02:57.061617+00:00,0,0,0,0,또똠이의 슬림홈피,잇포레스트 잇츠오케 잇포레스트 우베 잇츠오케 진짜 존맛.. <b>우베맛</b>이 진하고 고급져요. 딸기 그릭도 진짜 맛있었어요. 아니 이게 두유로 만든 그릭이라니 말도안됨 그리고 먹고 나서 땀나거나 졸린 것도... ,"{""title"": ""빵순이들 모여라 빵력장터 오픈, 빵 덕후들을 위한 축제 (5... "", ""link"": ""https://blog.naver.com/ttotomi_diet/224296655875"", ""description"": ""잇포레스트 잇츠오케 잇포레스트 우베 잇츠오케 진짜 존맛.. <b>우베맛</b>이 진하고 고급져요. 딸기 그릭도 진짜 맛있었어요. 아니 이게 두유로 만든 그릭이라니 말도안됨 그리고 먹고 나서 땀나거나 졸린 것도... "", ""bloggername"": ""또똠이의 슬림홈피"", ""bloggerlink"": ""blog.naver.com/ttotomi_diet"", ""postdate"": ""20260526""}"
우베,preset,우베맛,구미 진평동 맛집 막창 맛집 연막창 진평인동점,https://blog.naver.com/eunjin930504/224296601845,20260526,요즘 우베가 떠오르는 재료?인데 발빠르게 맥좌를 <b>우베맛</b>으로?있고 오디와 레몬조합의 하이볼? 연막창에서만 먹을 수 있는 것들이 잔뜩! #구미 인동 막창 #구미 막창 맛집 #구미 진평동 맛집 또 이런... ,찌니의 일상이 담긴 소중한 공간,blog.naver.com/eunjin930504,naver_blog,우베맛,alias,1.0,2026-05-26T11:02:57.061617+00:00,0,0,0,0,찌니의 일상이 담긴 소중한 공간,요즘 우베가 떠오르는 재료?인데 발빠르게 맥좌를 <b>우베맛</b>으로?있고 오디와 레몬조합의 하이볼? 연막창에서만 먹을 수 있는 것들이 잔뜩! #구미 인동 막창 #구미 막창 맛집 #구미 진평동 맛집 또 이런... ,"{""title"": ""구미 진평동 맛집 막창 맛집 연막창 진평인동점"", ""link"": ""https://blog.naver.com/eunjin930504/224296601845"", ""description"": ""요즘 우베가 떠오르는 재료?인데 발빠르게 맥좌를 <b>우베맛</b>으로?있고 오디와 레몬조합의 하이볼? 연막창에서만 먹을 수 있는 것들이 잔뜩! #구미 인동 막창 #구미 막창 맛집 #구미 진평동 맛집 또 이런... "", ""bloggername"": ""찌니의 일상이 담긴 소중한 공간"", ""bloggerlink"": ""blog.naver.com/eunjin930504"", ""postdate"": ""20260526""}"
우베,preset,우베맛,[던킨] <b>우베</b> 츄이스티,https://blog.naver.com/pinkkang99/224296585673,20260526,"츄이스티 쫀득하고, 맛 달달고소하고 저는 이거 또 사 먹을 것 같아요! 포스팅 쓰는 지금도 자꾸... 우베디저트 #<b>우베맛</b> #우베던킨 #던킨우베도넛 #우베뜻 #우베츄이스티칼로리 #던킨츄이스티종류... ",깐지의 일상.. 그리고 야구♡,blog.naver.com/pinkkang99,naver_blog,우베맛,alias,1.0,2026-05-26T11:02:57.061617+00:00,0,0,0,0,깐지의 일상.. 그리고 야구♡,"츄이스티 쫀득하고, 맛 달달고소하고 저는 이거 또 사 먹을 것 같아요! 포스팅 쓰는 지금도 자꾸... 우베디저트 #<b>우베맛</b> #우베던킨 #던킨우베도넛 #우베뜻 #우베츄이스티칼로리 #던킨츄이스티종류... ","{""title"": ""[던킨] <b>우베</b> 츄이스티"", ""link"": ""https://blog.naver.com/pinkkang99/224296585673"", ""description"": ""츄이스티 쫀득하고, 맛 달달고소하고 저는 이거 또 사 먹을 것 같아요! 포스팅 쓰는 지금도 자꾸... 우베디저트 #<b>우베맛</b> #우베던킨 #던킨우베도넛 #우베뜻 #우베츄이스티칼로리 #던킨츄이스티종류... "", ""bloggername"": ""깐지의 일상.. 그리고 야구♡"", ""bloggerlink"": ""blog.naver.com/pinkkang99"", ""postdate"": ""20260526""}"
우베,preset,우베맛,5월-①,https://blog.naver.com/arahan888/224296586536,20260526,옆 동네에 있는 엄청 큰 베이커리 카페와따 우베 먹으러 왔다가 거의 품절이라 우베 바스크... 깠다 <b>우베맛</b>이 뭔지 알고싶어서 샀는데 아직도 잘 모르겠어요 이번엔 혼자 날 좋을 때 누비자  캐리어 지퍼 고치러... ,우뇽 모음.zip,blog.naver.com/arahan888,naver_blog,우베맛,alias,1.0,2026-05-26T11:02:57.061617+00:00,0,0,0,0,우뇽 모음.zip,옆 동네에 있는 엄청 큰 베이커리 카페와따 우베 먹으러 왔다가 거의 품절이라 우베 바스크... 깠다 <b>우베맛</b>이 뭔지 알고싶어서 샀는데 아직도 잘 모르겠어요 이번엔 혼자 날 좋을 때 누비자  캐리어 지퍼 고치러... ,"{""title"": ""5월-①"", ""link"": ""https://blog.naver.com/arahan888/224296586536"", ""description"": ""옆 동네에 있는 엄청 큰 베이커리 카페와따 우베 먹으러 왔다가 거의 품절이라 우베 바스크... 깠다 <b>우베맛</b>이 뭔지 알고싶어서 샀는데 아직도 잘 모르겠어요 이번엔 혼자 날 좋을 때 누비자  캐리어 지퍼 고치러... "", ""bloggername"": ""우뇽 모음.zip"", ""bloggerlink"": ""blog.naver.com/arahan888"", ""postdate"": ""20260526""}"
우베,preset,우베맛,구미 무더위 빨리 찾아온다 실타래빙수 맛있는 구미 도량동... ,https://blog.naver.com/ybchn0903/224296573046,20260526,정말 맛있었습니다 구미 실타래빙수 라군423카페는 우유맛 실타래빙수 녹차맛 실타래빙수 <b>우베맛</b> 실타래빙수 이렇게 3가지를 하고 있습니다 베이커리빵도 몇가지 준비되어 있었고요 우유맛과 녹차맛 주문!... ,유부초남의 구미로그,blog.naver.com/ybchn0903,naver_blog,우베맛,alias,1.0,2026-05-26T11:02:57.061617+00:00,0,0,0,0,유부초남의 구미로그,정말 맛있었습니다 구미 실타래빙수 라군423카페는 우유맛 실타래빙수 녹차맛 실타래빙수 <b>우베맛</b> 실타래빙수 이렇게 3가지를 하고 있습니다 베이커리빵도 몇가지 준비되어 있었고요 우유맛과 녹차맛 주문!... ,"{""title"": ""구미 무더위 빨리 찾아온다 실타래빙수 맛있는 구미 도량동... "", ""link"": ""https://blog.naver.com/ybchn0903/224296573046"", ""description"": ""정말 맛있었습니다 구미 실타래빙수 라군423카페는 우유맛 실타래빙수 녹차맛 실타래빙수 <b>우베맛</b> 실타래빙수 이렇게 3가지를 하고 있습니다 베이커리빵도 몇가지 준비되어 있었고요 우유맛과 녹차맛 주문!... "", ""bloggername"": ""유부초남의 구미로그"", ""bloggerlink"": ""blog.naver.com/ybchn0903"", ""postdate"": ""20260526""}"
우베,preset,우베맛,"[신용산역 맛집 추천] 용리단길 맛집, 광장시장바베큐 용산점",https://blog.naver.com/miineeey/224296526684,20260526,참고로 화장실은 밖으로 나가서 옆 건물 이용해야해서 약간 불편하긴 했다  밑반찬도 옛날 감성이 물씬 케요네즈 양배추 샐러드로 혈당스파이크 방지하기 (?) 우리가 시킨 우베바나나 막걸리 인데 <b>우베맛</b>은... ,秀,blog.naver.com/miineeey,naver_blog,우베맛,alias,1.0,2026-05-26T11:02:57.061617+00:00,0,0,0,0,秀,참고로 화장실은 밖으로 나가서 옆 건물 이용해야해서 약간 불편하긴 했다  밑반찬도 옛날 감성이 물씬 케요네즈 양배추 샐러드로 혈당스파이크 방지하기 (?) 우리가 시킨 우베바나나 막걸리 인데 <b>우베맛</b>은... ,"{""title"": ""[신용산역 맛집 추천] 용리단길 맛집, 광장시장바베큐 용산점"", ""link"": ""https://blog.naver.com/miineeey/224296526684"", ""description"": ""참고로 화장실은 밖으로 나가서 옆 건물 이용해야해서 약간 불편하긴 했다  밑반찬도 옛날 감성이 물씬 케요네즈 양배추 샐러드로 혈당스파이크 방지하기 (?) 우리가 시킨 우베바나나 막걸리 인데 <b>우베맛</b>은... "", ""bloggername"": ""秀"", ""bloggerlink"": ""blog.naver.com/miineeey"", ""postdate"": ""20260526""}"
우베,preset,우베맛,"<b>우베</b> 뜻 <b>맛</b> 효능 총정리, 2026년 말차 다음은 이 보라색 디저트",https://blog.naver.com/kjrrjk/224296420771,20260526,"우베 뜻 맛 효능  다른 곳에서 잘 안 알려주는 것: &quot;우베 라떼 = 건강 음료&quot;라고 생각하기 쉬운데... 요약: 우베 = 필리핀산 보라색 참마. 고구마가 아니라 '마' 종류예요. 2. <b>우베 맛</b>과 식감, 자색고구마와 뭐가... ",행복둥이의 경제 놀이터,blog.naver.com/kjrrjk,naver_blog,우베맛,alias,1.0,2026-05-26T11:02:57.061617+00:00,0,0,0,0,행복둥이의 경제 놀이터,"우베 뜻 맛 효능  다른 곳에서 잘 안 알려주는 것: &quot;우베 라떼 = 건강 음료&quot;라고 생각하기 쉬운데... 요약: 우베 = 필리핀산 보라색 참마. 고구마가 아니라 '마' 종류예요. 2. <b>우베 맛</b>과 식감, 자색고구마와 뭐가... ","{""title"": ""<b>우베</b> 뜻 <b>맛</b> 효능 총정리, 2026년 말차 다음은 이 보라색 디저트"", ""link"": ""https://blog.naver.com/kjrrjk/224296420771"", ""description"": ""우베 뜻 맛 효능  다른 곳에서 잘 안 알려주는 것: &quot;우베 라떼 = 건강 음료&quot;라고 생각하기 쉬운데... 요약: 우베 = 필리핀산 보라색 참마. 고구마가 아니라 '마' 종류예요. 2. <b>우베 맛</b>과 식감, 자색고구마와 뭐가... "", ""bloggername"": ""행복둥이의 경제 놀이터"", ""bloggerlink"": ""blog.naver.com/kjrrjk"", ""postdate"": ""20260526""}"
우베,preset,우베맛,우베 타로 차이 <b>우베 맛</b>과 효능 뜻 먹는법까지! 왜 대세일까?,https://blog.naver.com/albamedi12/224293723398,20260526,음료 ‘<b>우베</b>(Ube)’ 한 번쯤 보신 적 있으시죠? 얼핏 보면 또 다른 인기 디저트 맛인 ‘타로’와 비슷해 보여 같은 건 아닌지 혼동하시곤 하는데요. 닮은 듯 전혀 다른 매력을 가진 <b>우베</b>와 타로! 과연 두 가지의... ,플랜메디의 다양한 의학 정보,blog.naver.com/albamedi12,naver_blog,우베맛,alias,1.0,2026-05-26T11:02:57.061617+00:00,0,0,0,0,플랜메디의 다양한 의학 정보,음료 ‘<b>우베</b>(Ube)’ 한 번쯤 보신 적 있으시죠? 얼핏 보면 또 다른 인기 디저트 맛인 ‘타로’와 비슷해 보여 같은 건 아닌지 혼동하시곤 하는데요. 닮은 듯 전혀 다른 매력을 가진 <b>우베</b>와 타로! 과연 두 가지의... ,"{""title"": ""우베 타로 차이 <b>우베 맛</b>과 효능 뜻 먹는법까지! 왜 대세일까?"", ""link"": ""https://blog.naver.com/albamedi12/224293723398"", ""description"": ""음료 ‘<b>우베</b>(Ube)’ 한 번쯤 보신 적 있으시죠? 얼핏 보면 또 다른 인기 디저트 맛인 ‘타로’와 비슷해 보여 같은 건 아닌지 혼동하시곤 하는데요. 닮은 듯 전혀 다른 매력을 가진 <b>우베</b>와 타로! 과연 두 가지의... "", ""bloggername"": ""플랜메디의 다양한 의학 정보"", ""bloggerlink"": ""blog.naver.com/albamedi12"", ""postdate"": ""20260526""}"
우베,preset,우베맛,"<b>우베</b> 효능과 <b>맛</b>, 먹는법까지 한 번에 정리",https://blog.naver.com/hjt_mom/224296485283,20260526,"우베 효능과 맛, 먹는법까지 한 번에 정리 우베 효능과 맛, 먹는법을 정리했습니다. 보라색 디저트로... 특히 SNS에서 색감이 예쁘다고 화제가 되면서 우베 효능과 맛까지 궁금해하는 분들이 많아졌어요. <b>우베 맛</b>... ",삼남매 하우스,blog.naver.com/hjt_mom,naver_blog,우베맛,alias,1.0,2026-05-26T11:02:57.061617+00:00,0,0,0,0,삼남매 하우스,"우베 효능과 맛, 먹는법까지 한 번에 정리 우베 효능과 맛, 먹는법을 정리했습니다. 보라색 디저트로... 특히 SNS에서 색감이 예쁘다고 화제가 되면서 우베 효능과 맛까지 궁금해하는 분들이 많아졌어요. <b>우베 맛</b>... ","{""title"": ""<b>우베</b> 효능과 <b>맛</b>, 먹는법까지 한 번에 정리"", ""link"": ""https://blog.naver.com/hjt_mom/224296485283"", ""description"": ""우베 효능과 맛, 먹는법까지 한 번에 정리 우베 효능과 맛, 먹는법을 정리했습니다. 보라색 디저트로... 특히 SNS에서 색감이 예쁘다고 화제가 되면서 우베 효능과 맛까지 궁금해하는 분들이 많아졌어요. <b>우베 맛</b>... "", ""bloggername"": ""삼남매 하우스"", ""bloggerlink"": ""blog.naver.com/hjt_mom"", ""postdate"": ""20260526""}"
우베,preset,우베맛,"스빵일상-투썸 <b>우베</b> 아이스박스, 경단녀 면접 탈락 후기",https://blog.naver.com/bcomserenity/224296482247,20260526,던킨 우베 도넛보다 훨씬 맛있었다 원래 아이스박스의 맛이 강해서 <b>우베맛</b>이 별로 안 나서 그런 거 같기도? ㅋㅋㅋㅋㅋ ㄷㅎ가 귀국해서 우리 선물로 트레이더조 에코백을 가져와서 각자 색깔을 골랐다 나는... ,따뜻한 개인주의자 스빵의 블로그,blog.naver.com/bcomserenity,naver_blog,우베맛,alias,1.0,2026-05-26T11:02:57.061617+00:00,0,0,0,0,따뜻한 개인주의자 스빵의 블로그,던킨 우베 도넛보다 훨씬 맛있었다 원래 아이스박스의 맛이 강해서 <b>우베맛</b>이 별로 안 나서 그런 거 같기도? ㅋㅋㅋㅋㅋ ㄷㅎ가 귀국해서 우리 선물로 트레이더조 에코백을 가져와서 각자 색깔을 골랐다 나는... ,"{""title"": ""스빵일상-투썸 <b>우베</b> 아이스박스, 경단녀 면접 탈락 후기"", ""link"": ""https://blog.naver.com/bcomserenity/224296482247"", ""description"": ""던킨 우베 도넛보다 훨씬 맛있었다 원래 아이스박스의 맛이 강해서 <b>우베맛</b>이 별로 안 나서 그런 거 같기도? ㅋㅋㅋㅋㅋ ㄷㅎ가 귀국해서 우리 선물로 트레이더조 에코백을 가져와서 각자 색깔을 골랐다 나는... "", ""bloggername"": ""따뜻한 개인주의자 스빵의 블로그"", ""bloggerlink"": ""blog.naver.com/bcomserenity"", ""postdate"": ""20260526""}"
우베,preset,우베맛,맛없진 않지만 맛있지도 않은 GS25 서울우유 <b>우베</b>크림소금빵,https://blog.naver.com/pandadoghouse/224296481676,20260526,"맛 없지는 않았는데 그렇다고 여러번 먹을 맛은 아니랍니다. 우베의 곡물스러운 맛이 크림이랑 안... <b>우베맛</b>이 궁금하다면 먹어볼 만하고, 아님 그 돈으로 차라리 황치즈를 사는게 나을 것 같아요.",흑구백구 리뷰노트,blog.naver.com/pandadoghouse,naver_blog,우베맛,alias,1.0,2026-05-26T11:02:57.061617+00:00,0,0,0,0,흑구백구 리뷰노트,"맛 없지는 않았는데 그렇다고 여러번 먹을 맛은 아니랍니다. 우베의 곡물스러운 맛이 크림이랑 안... <b>우베맛</b>이 궁금하다면 먹어볼 만하고, 아님 그 돈으로 차라리 황치즈를 사는게 나을 것 같아요.","{""title"": ""맛없진 않지만 맛있지도 않은 GS25 서울우유 <b>우베</b>크림소금빵"", ""link"": ""https://blog.naver.com/pandadoghouse/224296481676"", ""description"": ""맛 없지는 않았는데 그렇다고 여러번 먹을 맛은 아니랍니다. 우베의 곡물스러운 맛이 크림이랑 안... <b>우베맛</b>이 궁금하다면 먹어볼 만하고, 아님 그 돈으로 차라리 황치즈를 사는게 나을 것 같아요."", ""bloggername"": ""흑구백구 리뷰노트"", ""bloggerlink"": ""blog.naver.com/pandadoghouse"", ""postdate"": ""20260526""}"
우베,preset,우베맛,[주간 일기] No.125_26년 5월 18일 ~ 26년 5월 24일,https://blog.naver.com/h_jjeong_/224296467895,20260526,우리는 락앤락으로 저녁은 디저트39 크로칸슈 <b>우베맛</b> 궁금해서 먹어봤는데 별차이를 못 느낌 26.05.22 점심엔 한식집 오징어국 별로 안좋아하는데 여긴 맛있어서 싹 비웠당 저녁엔 시댁에서 자기로 해서... ,죵죵's 일상,blog.naver.com/h_jjeong_,naver_blog,우베맛,alias,1.0,2026-05-26T11:02:57.061617+00:00,0,0,0,0,죵죵's 일상,우리는 락앤락으로 저녁은 디저트39 크로칸슈 <b>우베맛</b> 궁금해서 먹어봤는데 별차이를 못 느낌 26.05.22 점심엔 한식집 오징어국 별로 안좋아하는데 여긴 맛있어서 싹 비웠당 저녁엔 시댁에서 자기로 해서... ,"{""title"": ""[주간 일기] No.125_26년 5월 18일 ~ 26년 5월 24일"", ""link"": ""https://blog.naver.com/h_jjeong_/224296467895"", ""description"": ""우리는 락앤락으로 저녁은 디저트39 크로칸슈 <b>우베맛</b> 궁금해서 먹어봤는데 별차이를 못 느낌 26.05.22 점심엔 한식집 오징어국 별로 안좋아하는데 여긴 맛있어서 싹 비웠당 저녁엔 시댁에서 자기로 해서... "", ""bloggername"": ""죵죵's 일상"", ""bloggerlink"": ""blog.naver.com/h_jjeong_"", ""postdate"": ""20260526""}"
우베,preset,우베맛,김현아카페 노티드 김포 현대아울렛점 <b>우베</b> 도넛 후기,https://blog.naver.com/marshall_sy/224296315617,20260526,김현아카페 노티드 김포 현대아울렛점 <b>우베</b> 도넛 후기 이스트 건물에 주차하고 중앙 분수대 쪽으로 나왔는데 2층이라 동선이 생각보다 편했습니다. 김현아카페 노티드 김포 현대아울렛점 <b>우베</b> 도넛 후기... ,여의도미용실 레이어드컷&펌 방문1위_채수연원장,blog.naver.com/marshall_sy,naver_blog,우베맛,alias,1.0,2026-05-26T11:02:57.061617+00:00,0,0,0,0,여의도미용실 레이어드컷&펌 방문1위_채수연원장,김현아카페 노티드 김포 현대아울렛점 <b>우베</b> 도넛 후기 이스트 건물에 주차하고 중앙 분수대 쪽으로 나왔는데 2층이라 동선이 생각보다 편했습니다. 김현아카페 노티드 김포 현대아울렛점 <b>우베</b> 도넛 후기... ,"{""title"": ""김현아카페 노티드 김포 현대아울렛점 <b>우베</b> 도넛 후기"", ""link"": ""https://blog.naver.com/marshall_sy/224296315617"", ""description"": ""김현아카페 노티드 김포 현대아울렛점 <b>우베</b> 도넛 후기 이스트 건물에 주차하고 중앙 분수대 쪽으로 나왔는데 2층이라 동선이 생각보다 편했습니다. 김현아카페 노티드 김포 현대아울렛점 <b>우베</b> 도넛 후기... "", ""bloggername"": ""여의도미용실 레이어드컷&펌 방문1위_채수연원장"", ""bloggerlink"": ""blog.naver.com/marshall_sy"", ""postdate"": ""20260526""}"
우베,preset,우베맛,강남젤라또 맛집 추천 팔레뜨젤라또 후기,https://blog.naver.com/happyjeonn/224296325585,20260526,"요즘 유행하는 <b>우베맛</b>부터 할매 입맛 저격하는 쌀, 누룽지맛, 쿠크다스 맛, 자몽 소르베 등 다양한... 무려 8가지 맛을 한번에 맛 볼 수가 있다니 팔레트젤라또 너무 센스있더라구요. 저희는 우베, 쌀밥, 소금우유... ",연지의 여행 아카이브,blog.naver.com/happyjeonn,naver_blog,우베맛,alias,1.0,2026-05-26T11:02:57.061617+00:00,0,0,0,0,연지의 여행 아카이브,"요즘 유행하는 <b>우베맛</b>부터 할매 입맛 저격하는 쌀, 누룽지맛, 쿠크다스 맛, 자몽 소르베 등 다양한... 무려 8가지 맛을 한번에 맛 볼 수가 있다니 팔레트젤라또 너무 센스있더라구요. 저희는 우베, 쌀밥, 소금우유... ","{""title"": ""강남젤라또 맛집 추천 팔레뜨젤라또 후기"", ""link"": ""https://blog.naver.com/happyjeonn/224296325585"", ""description"": ""요즘 유행하는 <b>우베맛</b>부터 할매 입맛 저격하는 쌀, 누룽지맛, 쿠크다스 맛, 자몽 소르베 등 다양한... 무려 8가지 맛을 한번에 맛 볼 수가 있다니 팔레트젤라또 너무 센스있더라구요. 저희는 우베, 쌀밥, 소금우유... "", ""bloggername"": ""연지의 여행 아카이브"", ""bloggerlink"": ""blog.naver.com/happyjeonn"", ""postdate"": ""20260526""}"
우베,preset,우베맛,요즘 핫한 <b>우베</b> 뜻 <b>맛</b> 효능 타로 차이점 알아보기,https://blog.naver.com/s2forever11/224296321846,20260526,"요즘 핫한 <b>우베</b> 뜻 <b>맛</b> 효능 타로 차이점 알아보기 요즘 인스타그램이나 유튜브 쇼츠 보다가 눈이 번쩍 뜨이는 진한 보라색 디저트 보신 적 있으시죠?  시각적인 강렬함은 물론이고, 특유의 부드럽고 달콤한... ",궁금한 이슈 다이슈,blog.naver.com/s2forever11,naver_blog,우베맛,alias,1.0,2026-05-26T11:02:57.061617+00:00,0,0,0,0,궁금한 이슈 다이슈,"요즘 핫한 <b>우베</b> 뜻 <b>맛</b> 효능 타로 차이점 알아보기 요즘 인스타그램이나 유튜브 쇼츠 보다가 눈이 번쩍 뜨이는 진한 보라색 디저트 보신 적 있으시죠?  시각적인 강렬함은 물론이고, 특유의 부드럽고 달콤한... ","{""title"": ""요즘 핫한 <b>우베</b> 뜻 <b>맛</b> 효능 타로 차이점 알아보기"", ""link"": ""https://blog.naver.com/s2forever11/224296321846"", ""description"": ""요즘 핫한 <b>우베</b> 뜻 <b>맛</b> 효능 타로 차이점 알아보기 요즘 인스타그램이나 유튜브 쇼츠 보다가 눈이 번쩍 뜨이는 진한 보라색 디저트 보신 적 있으시죠?  시각적인 강렬함은 물론이고, 특유의 부드럽고 달콤한... "", ""bloggername"": ""궁금한 이슈 다이슈"", ""bloggerlink"": ""blog.naver.com/s2forever11"", ""postdate"": ""20260526""}"
우베,preset,우베맛,<b>우베</b>라테 신사역 카페 그레이 그리스트밀,https://blog.naver.com/brunchinfo/224296291704,20260526,유행하는 우베라테로 초이스~ 첨엔 뚜껑 없이 진한 <b>우베맛</b>을 좀 즐기다가 뚜껑을 닫고 살살 흔들어서 춉춉. 흐음 진하고 달콤 고소고소~~ 왜들 글케 좋아라하는지 알겠다능~~ 요론 시간이 론다에겐 정말... ,론다언니의 느긋느긋 라이프,blog.naver.com/brunchinfo,naver_blog,우베맛,alias,1.0,2026-05-26T11:02:57.061617+00:00,0,0,0,0,론다언니의 느긋느긋 라이프,유행하는 우베라테로 초이스~ 첨엔 뚜껑 없이 진한 <b>우베맛</b>을 좀 즐기다가 뚜껑을 닫고 살살 흔들어서 춉춉. 흐음 진하고 달콤 고소고소~~ 왜들 글케 좋아라하는지 알겠다능~~ 요론 시간이 론다에겐 정말... ,"{""title"": ""<b>우베</b>라테 신사역 카페 그레이 그리스트밀"", ""link"": ""https://blog.naver.com/brunchinfo/224296291704"", ""description"": ""유행하는 우베라테로 초이스~ 첨엔 뚜껑 없이 진한 <b>우베맛</b>을 좀 즐기다가 뚜껑을 닫고 살살 흔들어서 춉춉. 흐음 진하고 달콤 고소고소~~ 왜들 글케 좋아라하는지 알겠다능~~ 요론 시간이 론다에겐 정말... "", ""bloggername"": ""론다언니의 느긋느긋 라이프"", ""bloggerlink"": ""blog.naver.com/brunchinfo"", ""postdate"": ""20260526""}"
우베,preset,우베맛,"텐퍼센트커피 <b>우베</b> 신메뉴 솔직후기, <b>우베</b>라떼 크림치즈폼... ",https://blog.naver.com/nayoni88/224296236408,20260525,텐퍼센트커피 우베 신메뉴 가격 칼로리 맛 후기 총정리 요니의하루 안녕하세요 요니에요.... 우베말차라떼 #우베메뉴 #<b>우베맛</b> #텐퍼센트메뉴 #텐퍼센트라떼 #텐퍼센트신메뉴 #텐퍼센트신메뉴라떼... ,요니의하루,blog.naver.com/nayoni88,naver_blog,우베맛,alias,1.0,2026-05-26T11:02:57.061617+00:00,0,0,0,0,요니의하루,텐퍼센트커피 우베 신메뉴 가격 칼로리 맛 후기 총정리 요니의하루 안녕하세요 요니에요.... 우베말차라떼 #우베메뉴 #<b>우베맛</b> #텐퍼센트메뉴 #텐퍼센트라떼 #텐퍼센트신메뉴 #텐퍼센트신메뉴라떼... ,"{""title"": ""텐퍼센트커피 <b>우베</b> 신메뉴 솔직후기, <b>우베</b>라떼 크림치즈폼... "", ""link"": ""https://blog.naver.com/nayoni88/224296236408"", ""description"": ""텐퍼센트커피 우베 신메뉴 가격 칼로리 맛 후기 총정리 요니의하루 안녕하세요 요니에요.... 우베말차라떼 #우베메뉴 #<b>우베맛</b> #텐퍼센트메뉴 #텐퍼센트라떼 #텐퍼센트신메뉴 #텐퍼센트신메뉴라떼... "", ""bloggername"": ""요니의하루"", ""bloggerlink"": ""blog.naver.com/nayoni88"", ""postdate"": ""20260525""}"
우베,preset,우베맛,광진구카페 노티드 구의역점 이스트폴카페 <b>우베</b> 도넛 신상후기!,https://blog.naver.com/wooridlesoon/224295676838,20260525,"우베 밀키크림 도넛은 4,200원인데, 노티드 도넛의 대표메뉴인 밀키크림 도넛에 <b>우베 맛</b>을 추가한 거에요! 우베 밀키크림 도넛이다보니 부드러운 우베 생크림을 맛볼 수 있답니다! 우베 두바이 퍼플 도넛 (5,800원)... ",mandu-bubu,blog.naver.com/wooridlesoon,naver_blog,우베맛,alias,1.0,2026-05-26T11:02:57.061617+00:00,0,0,0,0,mandu-bubu,"우베 밀키크림 도넛은 4,200원인데, 노티드 도넛의 대표메뉴인 밀키크림 도넛에 <b>우베 맛</b>을 추가한 거에요! 우베 밀키크림 도넛이다보니 부드러운 우베 생크림을 맛볼 수 있답니다! 우베 두바이 퍼플 도넛 (5,800원)... ","{""title"": ""광진구카페 노티드 구의역점 이스트폴카페 <b>우베</b> 도넛 신상후기!"", ""link"": ""https://blog.naver.com/wooridlesoon/224295676838"", ""description"": ""우베 밀키크림 도넛은 4,200원인데, 노티드 도넛의 대표메뉴인 밀키크림 도넛에 <b>우베 맛</b>을 추가한 거에요! 우베 밀키크림 도넛이다보니 부드러운 우베 생크림을 맛볼 수 있답니다! 우베 두바이 퍼플 도넛 (5,800원)... "", ""bloggername"": ""mandu-bubu"", ""bloggerlink"": ""blog.naver.com/wooridlesoon"", ""postdate"": ""20260525""}"
우베,preset,우베맛,빵지순례 코스 추천 기장 대형 베이커리 카페 <b>우베</b>크림라떼 후기,https://blog.naver.com/diana5246/224296205644,20260525,저는 우베라떼는 처음 먹어봐서 기대했는데 약간의 베르가못 향과 부드럽고 쫀쫀한 크림에 쌉싸름한 커피와의 조화와 마지막으로 달콤한 <b>우베맛</b>이 기대 이상으로 맛있었어요! 아주 강추 드리는 메뉴입니다... ,일상의 소소한 행복일기,blog.naver.com/diana5246,naver_blog,우베맛,alias,1.0,2026-05-26T11:02:57.061617+00:00,0,0,0,0,일상의 소소한 행복일기,저는 우베라떼는 처음 먹어봐서 기대했는데 약간의 베르가못 향과 부드럽고 쫀쫀한 크림에 쌉싸름한 커피와의 조화와 마지막으로 달콤한 <b>우베맛</b>이 기대 이상으로 맛있었어요! 아주 강추 드리는 메뉴입니다... ,"{""title"": ""빵지순례 코스 추천 기장 대형 베이커리 카페 <b>우베</b>크림라떼 후기"", ""link"": ""https://blog.naver.com/diana5246/224296205644"", ""description"": ""저는 우베라떼는 처음 먹어봐서 기대했는데 약간의 베르가못 향과 부드럽고 쫀쫀한 크림에 쌉싸름한 커피와의 조화와 마지막으로 달콤한 <b>우베맛</b>이 기대 이상으로 맛있었어요! 아주 강추 드리는 메뉴입니다... "", ""bloggername"": ""일상의 소소한 행복일기"", ""bloggerlink"": ""blog.naver.com/diana5246"", ""postdate"": ""20260525""}"
우베,preset,우베맛,내돈내산 인천 부평구 카페 브라운캣 방문 후기,https://blog.naver.com/soft_chu/224296174921,20260525,방문하기 전에 확인해 보니 최근 제가 작성한 <b>우베</b>를 사용한 바치케까지 신메뉴로 최근에... 음식 저는 일행과 음료는 <b>우베</b>라떼와 카페라떼 케이크로는 오리지널 바스크치즈케이크를 주문했어요. 5. 총정리... ,"연재 한스푼, '연한'log",blog.naver.com/soft_chu,naver_blog,우베맛,alias,1.0,2026-05-26T11:02:57.061617+00:00,0,0,0,0,"연재 한스푼, '연한'log",방문하기 전에 확인해 보니 최근 제가 작성한 <b>우베</b>를 사용한 바치케까지 신메뉴로 최근에... 음식 저는 일행과 음료는 <b>우베</b>라떼와 카페라떼 케이크로는 오리지널 바스크치즈케이크를 주문했어요. 5. 총정리... ,"{""title"": ""내돈내산 인천 부평구 카페 브라운캣 방문 후기"", ""link"": ""https://blog.naver.com/soft_chu/224296174921"", ""description"": ""방문하기 전에 확인해 보니 최근 제가 작성한 <b>우베</b>를 사용한 바치케까지 신메뉴로 최근에... 음식 저는 일행과 음료는 <b>우베</b>라떼와 카페라떼 케이크로는 오리지널 바스크치즈케이크를 주문했어요. 5. 총정리... "", ""bloggername"": ""연재 한스푼, '연한'log"", ""bloggerlink"": ""blog.naver.com/soft_chu"", ""postdate"": ""20260525""}"
우베,preset,우베맛,"우배 홀릭..!!!투썸 <b>우베</b>쉐이크,파리바게트 <b>우베</b>생크림빵 너무... ",https://blog.naver.com/flry0105/224296170849,20260525,투썸 <b>우베</b>쉐이크 파리바게트 <b>우베</b>생크림빵 너무 내 스타일이야,먹고 즐기기엔 하루가 너무 부족해..,blog.naver.com/flry0105,naver_blog,우베맛,alias,1.0,2026-05-26T11:02:57.061617+00:00,0,0,0,0,먹고 즐기기엔 하루가 너무 부족해..,투썸 <b>우베</b>쉐이크 파리바게트 <b>우베</b>생크림빵 너무 내 스타일이야,"{""title"": ""우배 홀릭..!!!투썸 <b>우베</b>쉐이크,파리바게트 <b>우베</b>생크림빵 너무... "", ""link"": ""https://blog.naver.com/flry0105/224296170849"", ""description"": ""투썸 <b>우베</b>쉐이크 파리바게트 <b>우베</b>생크림빵 너무 내 스타일이야"", ""bloggername"": ""먹고 즐기기엔 하루가 너무 부족해.."", ""bloggerlink"": ""blog.naver.com/flry0105"", ""postdate"": ""20260525""}"
우베,preset,우베맛,용산 아이파크몰 부창제과 웨이팅 후기｜이장우 호두과자... ,https://blog.naver.com/chocomum1243/224296121524,20260525,sns에 <b>우베맛</b>도 나왔다고 봤는데 아쉽게도 안보였어요 호두과자 12개는 6개+6개로 2가지 맛 선택도 가능했어요 저는 가장 인기 많다는 우유니소금과 제주말차 조합으로 골라봤습니다! 가격은 호두과자 12개 기준... ,My Wonderful Life,blog.naver.com/chocomum1243,naver_blog,우베맛,alias,1.0,2026-05-26T11:02:57.061617+00:00,0,0,0,0,My Wonderful Life,sns에 <b>우베맛</b>도 나왔다고 봤는데 아쉽게도 안보였어요 호두과자 12개는 6개+6개로 2가지 맛 선택도 가능했어요 저는 가장 인기 많다는 우유니소금과 제주말차 조합으로 골라봤습니다! 가격은 호두과자 12개 기준... ,"{""title"": ""용산 아이파크몰 부창제과 웨이팅 후기｜이장우 호두과자... "", ""link"": ""https://blog.naver.com/chocomum1243/224296121524"", ""description"": ""sns에 <b>우베맛</b>도 나왔다고 봤는데 아쉽게도 안보였어요 호두과자 12개는 6개+6개로 2가지 맛 선택도 가능했어요 저는 가장 인기 많다는 우유니소금과 제주말차 조합으로 골라봤습니다! 가격은 호두과자 12개 기준... "", ""bloggername"": ""My Wonderful Life"", ""bloggerlink"": ""blog.naver.com/chocomum1243"", ""postdate"": ""20260525""}"
우베,preset,우베맛,잠실롯데월드몰 카페 노티드 <b>우베</b> 도넛의 <b>맛</b>,https://blog.naver.com/yurik34/224296115769,20260525,노티드 <b>우베 맛</b> 5. 우베 밀키크림 도넛 &amp; 우베 두바이 퍼플 도넛의 맛 6. 노티드 우베 시즌 음료 4종의 맛 7. 총정리 및 잠실롯데월드몰 카페 노티드 추천여부 1. 잠실롯데월드몰 카페 노티드 위치 및 분위기... ,즐거운 강신디❤️,blog.naver.com/yurik34,naver_blog,우베맛,alias,1.0,2026-05-26T11:02:57.061617+00:00,0,0,0,0,즐거운 강신디❤️,노티드 <b>우베 맛</b> 5. 우베 밀키크림 도넛 &amp; 우베 두바이 퍼플 도넛의 맛 6. 노티드 우베 시즌 음료 4종의 맛 7. 총정리 및 잠실롯데월드몰 카페 노티드 추천여부 1. 잠실롯데월드몰 카페 노티드 위치 및 분위기... ,"{""title"": ""잠실롯데월드몰 카페 노티드 <b>우베</b> 도넛의 <b>맛</b>"", ""link"": ""https://blog.naver.com/yurik34/224296115769"", ""description"": ""노티드 <b>우베 맛</b> 5. 우베 밀키크림 도넛 &amp; 우베 두바이 퍼플 도넛의 맛 6. 노티드 우베 시즌 음료 4종의 맛 7. 총정리 및 잠실롯데월드몰 카페 노티드 추천여부 1. 잠실롯데월드몰 카페 노티드 위치 및 분위기... "", ""bloggername"": ""즐거운 강신디❤️"", ""bloggerlink"": ""blog.naver.com/yurik34"", ""postdate"": ""20260525""}"
우베,preset,우베맛,신상과자 리뷰 쫀득 초코칩 황치즈맛 파는곳 구매 솔직리뷰,https://blog.naver.com/presentory_/224296060168,20260525,너무 <b>우베맛</b> 어쩌고 호들갑 떨길래 일단 끝까지 안먹을 예정. 그래서 오늘 들고온 신상은 현재 gs25에서 판매되는 과자 쫀득 초코칩 황치즈맛 입니다. 쫀득 초코칩 황치즈맛 영롱하죠// 저도 이걸 이렇게 맛 볼... ,PRESENTORY,blog.naver.com/presentory_,naver_blog,우베맛,alias,1.0,2026-05-26T11:02:57.061617+00:00,0,0,0,0,PRESENTORY,너무 <b>우베맛</b> 어쩌고 호들갑 떨길래 일단 끝까지 안먹을 예정. 그래서 오늘 들고온 신상은 현재 gs25에서 판매되는 과자 쫀득 초코칩 황치즈맛 입니다. 쫀득 초코칩 황치즈맛 영롱하죠// 저도 이걸 이렇게 맛 볼... ,"{""title"": ""신상과자 리뷰 쫀득 초코칩 황치즈맛 파는곳 구매 솔직리뷰"", ""link"": ""https://blog.naver.com/presentory_/224296060168"", ""description"": ""너무 <b>우베맛</b> 어쩌고 호들갑 떨길래 일단 끝까지 안먹을 예정. 그래서 오늘 들고온 신상은 현재 gs25에서 판매되는 과자 쫀득 초코칩 황치즈맛 입니다. 쫀득 초코칩 황치즈맛 영롱하죠// 저도 이걸 이렇게 맛 볼... "", ""bloggername"": ""PRESENTORY"", ""bloggerlink"": ""blog.naver.com/presentory_"", ""postdate"": ""20260525""}"
우베,preset,우베맛,혼자 떠난 호주여행 - 15일차 (시드니/맨리비치/셸리비치... ,https://blog.naver.com/noeyhzzi/224296031304,20260525,"난 내 최애 맛 레드벨벳으로 샀다 ㅎㅎ 오후에 만날 칭구에게 줄려고 솔티드 카라멜 마카다미아도... 날 <b>우베 맛</b> 궁금해서 먹어봤는데 난 그냥 색만 보고 블루베리 같은 것의 줄임말인가 하고 먹은건데, 버블티... ",NOEYHZZI,blog.naver.com/noeyhzzi,naver_blog,우베맛,alias,1.0,2026-05-26T11:02:57.061617+00:00,0,0,0,0,NOEYHZZI,"난 내 최애 맛 레드벨벳으로 샀다 ㅎㅎ 오후에 만날 칭구에게 줄려고 솔티드 카라멜 마카다미아도... 날 <b>우베 맛</b> 궁금해서 먹어봤는데 난 그냥 색만 보고 블루베리 같은 것의 줄임말인가 하고 먹은건데, 버블티... ","{""title"": ""혼자 떠난 호주여행 - 15일차 (시드니/맨리비치/셸리비치... "", ""link"": ""https://blog.naver.com/noeyhzzi/224296031304"", ""description"": ""난 내 최애 맛 레드벨벳으로 샀다 ㅎㅎ 오후에 만날 칭구에게 줄려고 솔티드 카라멜 마카다미아도... 날 <b>우베 맛</b> 궁금해서 먹어봤는데 난 그냥 색만 보고 블루베리 같은 것의 줄임말인가 하고 먹은건데, 버블티... "", ""bloggername"": ""NOEYHZZI"", ""bloggerlink"": ""blog.naver.com/noeyhzzi"", ""postdate"": ""20260525""}"
우베,preset,우베맛,<b>우베</b>란 무엇? 타로와 다른 달콤한 보라색 참마,https://blog.naver.com/bunny3813/224296030166,20260525,통해 우베의 다채로운 맛을 더욱 풍부하게 즐길 수 있습니다. 우베의 은은한 달콤함과 매력적인 색감이 당신의 디저트 경험에 새로운 즐거움을 선사할 것입니다. #우베뜻 #<b>우베맛</b> #우베라떼 #우베타로차이 #우베효능,삼만리,blog.naver.com/bunny3813,naver_blog,우베맛,alias,1.0,2026-05-26T11:02:57.061617+00:00,0,0,0,0,삼만리,통해 우베의 다채로운 맛을 더욱 풍부하게 즐길 수 있습니다. 우베의 은은한 달콤함과 매력적인 색감이 당신의 디저트 경험에 새로운 즐거움을 선사할 것입니다. #우베뜻 #<b>우베맛</b> #우베라떼 #우베타로차이 #우베효능,"{""title"": ""<b>우베</b>란 무엇? 타로와 다른 달콤한 보라색 참마"", ""link"": ""https://blog.naver.com/bunny3813/224296030166"", ""description"": ""통해 우베의 다채로운 맛을 더욱 풍부하게 즐길 수 있습니다. 우베의 은은한 달콤함과 매력적인 색감이 당신의 디저트 경험에 새로운 즐거움을 선사할 것입니다. #우베뜻 #<b>우베맛</b> #우베라떼 #우베타로차이 #우베효능"", ""bloggername"": ""삼만리"", ""bloggerlink"": ""blog.naver.com/bunny3813"", ""postdate"": ""20260525""}"
우베,preset,우베맛,석가탄신일에 낙산사 다녀온 속초여행기 feat. 교통체증,https://blog.naver.com/phg221/224296018063,20260525,<b>우베맛</b>이 나왔길래 먹어봤는데 오리지널이 맛있다. 서울서 오전 9시~10시 사이에 출발했는데 고속도로가 너무 막혀서 가는 길엔 계속 국도만 탐. 국도에도 제법 큰 휴게소들이 있어서 신기했다고 한다. 좋아... ,Enlighten me,blog.naver.com/phg221,naver_blog,우베맛,alias,1.0,2026-05-26T11:02:57.061617+00:00,0,0,0,0,Enlighten me,<b>우베맛</b>이 나왔길래 먹어봤는데 오리지널이 맛있다. 서울서 오전 9시~10시 사이에 출발했는데 고속도로가 너무 막혀서 가는 길엔 계속 국도만 탐. 국도에도 제법 큰 휴게소들이 있어서 신기했다고 한다. 좋아... ,"{""title"": ""석가탄신일에 낙산사 다녀온 속초여행기 feat. 교통체증"", ""link"": ""https://blog.naver.com/phg221/224296018063"", ""description"": ""<b>우베맛</b>이 나왔길래 먹어봤는데 오리지널이 맛있다. 서울서 오전 9시~10시 사이에 출발했는데 고속도로가 너무 막혀서 가는 길엔 계속 국도만 탐. 국도에도 제법 큰 휴게소들이 있어서 신기했다고 한다. 좋아... "", ""bloggername"": ""Enlighten me"", ""bloggerlink"": ""blog.naver.com/phg221"", ""postdate"": ""20260525""}"
우베,preset,우베맛,[식단일기] 5/24 주말 데이트 먹방 후 집에서 야식 폭주  신림... ,https://blog.naver.com/goo-ang/224296016617,20260525,"고민했는 데 아박은 오리지날 그대로를 먹구, 우베카페라떼에 도전을 했어요! 여러분은 <b>우베맛</b>을 느끼시나요? 저는 정말 모르겟어요 ㅠㅠ ㅋㅋ 색깔은 보라색인데 우베카페라떼 맛이 무슨 맛인지 모르겠어요 ;;... ",그럴만두의 리얼로그 : 일상의 모든 기록,blog.naver.com/goo-ang,naver_blog,우베맛,alias,1.0,2026-05-26T11:02:57.061617+00:00,0,0,0,0,그럴만두의 리얼로그 : 일상의 모든 기록,"고민했는 데 아박은 오리지날 그대로를 먹구, 우베카페라떼에 도전을 했어요! 여러분은 <b>우베맛</b>을 느끼시나요? 저는 정말 모르겟어요 ㅠㅠ ㅋㅋ 색깔은 보라색인데 우베카페라떼 맛이 무슨 맛인지 모르겠어요 ;;... ","{""title"": ""[식단일기] 5/24 주말 데이트 먹방 후 집에서 야식 폭주  신림... "", ""link"": ""https://blog.naver.com/goo-ang/224296016617"", ""description"": ""고민했는 데 아박은 오리지날 그대로를 먹구, 우베카페라떼에 도전을 했어요! 여러분은 <b>우베맛</b>을 느끼시나요? 저는 정말 모르겟어요 ㅠㅠ ㅋㅋ 색깔은 보라색인데 우베카페라떼 맛이 무슨 맛인지 모르겠어요 ;;... "", ""bloggername"": ""그럴만두의 리얼로그 : 일상의 모든 기록"", ""bloggerlink"": ""blog.naver.com/goo-ang"", ""postdate"": ""20260525""}"
우베,preset,우베맛,폴바셋 신메뉴 추천 <b>우베</b> 카페라떼,https://blog.naver.com/tiamoyo/224296004712,20260525,특히 폴 바셋 우베 카페라떼는 에스프레소의 쌉싸름한 맛 위에 우베 특유의 달달하고 크리미한 풍미가... 곳의 우베라떼보다 <b>우베맛</b>이 약하고 크리미해서 우베 처음 접하는 분들에게도 잘 맞을거 같아요... ,열매달 스물아흐레,blog.naver.com/tiamoyo,naver_blog,우베맛,alias,1.0,2026-05-26T11:02:57.061617+00:00,0,0,0,0,열매달 스물아흐레,특히 폴 바셋 우베 카페라떼는 에스프레소의 쌉싸름한 맛 위에 우베 특유의 달달하고 크리미한 풍미가... 곳의 우베라떼보다 <b>우베맛</b>이 약하고 크리미해서 우베 처음 접하는 분들에게도 잘 맞을거 같아요... ,"{""title"": ""폴바셋 신메뉴 추천 <b>우베</b> 카페라떼"", ""link"": ""https://blog.naver.com/tiamoyo/224296004712"", ""description"": ""특히 폴 바셋 우베 카페라떼는 에스프레소의 쌉싸름한 맛 위에 우베 특유의 달달하고 크리미한 풍미가... 곳의 우베라떼보다 <b>우베맛</b>이 약하고 크리미해서 우베 처음 접하는 분들에게도 잘 맞을거 같아요... "", ""bloggername"": ""열매달 스물아흐레"", ""bloggerlink"": ""blog.naver.com/tiamoyo"", ""postdate"": ""20260525""}"
우베,preset,우베맛,GS편의점 신상 디저트 아몬드초코볼 꿀고구마맛 후기,https://blog.naver.com/jrrrsyyy/224295995553,20260525,"먹어보니 고구마맛, 요즘 <b>우베맛</b>이라고 하면서 고구마맛 비슷하게 느껴지는 그 맛이다.. 난 이전에도 우베나 고구마 디저트를 올린 글에서도 느끼하다고 후기를 남겼었다.. 그래도 이건 아몬드가... ",솔연의 소소기록,blog.naver.com/jrrrsyyy,naver_blog,우베맛,alias,1.0,2026-05-26T11:02:57.061617+00:00,0,0,0,0,솔연의 소소기록,"먹어보니 고구마맛, 요즘 <b>우베맛</b>이라고 하면서 고구마맛 비슷하게 느껴지는 그 맛이다.. 난 이전에도 우베나 고구마 디저트를 올린 글에서도 느끼하다고 후기를 남겼었다.. 그래도 이건 아몬드가... ","{""title"": ""GS편의점 신상 디저트 아몬드초코볼 꿀고구마맛 후기"", ""link"": ""https://blog.naver.com/jrrrsyyy/224295995553"", ""description"": ""먹어보니 고구마맛, 요즘 <b>우베맛</b>이라고 하면서 고구마맛 비슷하게 느껴지는 그 맛이다.. 난 이전에도 우베나 고구마 디저트를 올린 글에서도 느끼하다고 후기를 남겼었다.. 그래도 이건 아몬드가... "", ""bloggername"": ""솔연의 소소기록"", ""bloggerlink"": ""blog.naver.com/jrrrsyyy"", ""postdate"": ""20260525""}"
우베,preset,우베맛,"[투썸 부여궁남점] 투썸 떠먹는 <b>우베</b> 아박, 떠먹는 두아박 후기!",https://blog.naver.com/o_new_day/224295976852,20260525,두쫀쿠를 좋아한다면 떠먹는 두아박을 좋아할 것 같다. 떠먹는 우베 아박이 개인적으로는 적당히 달고 담백해서 더 맛있었다. (<b>우베맛</b>은 모르겠지만) 하여튼 투썸 아박은 정말 잘 만드는 것 같다.,일상기록,blog.naver.com/o_new_day,naver_blog,우베맛,alias,1.0,2026-05-26T11:02:57.061617+00:00,0,0,0,0,일상기록,두쫀쿠를 좋아한다면 떠먹는 두아박을 좋아할 것 같다. 떠먹는 우베 아박이 개인적으로는 적당히 달고 담백해서 더 맛있었다. (<b>우베맛</b>은 모르겠지만) 하여튼 투썸 아박은 정말 잘 만드는 것 같다.,"{""title"": ""[투썸 부여궁남점] 투썸 떠먹는 <b>우베</b> 아박, 떠먹는 두아박 후기!"", ""link"": ""https://blog.naver.com/o_new_day/224295976852"", ""description"": ""두쫀쿠를 좋아한다면 떠먹는 두아박을 좋아할 것 같다. 떠먹는 우베 아박이 개인적으로는 적당히 달고 담백해서 더 맛있었다. (<b>우베맛</b>은 모르겠지만) 하여튼 투썸 아박은 정말 잘 만드는 것 같다."", ""bloggername"": ""일상기록"", ""bloggerlink"": ""blog.naver.com/o_new_day"", ""postdate"": ""20260525""}"
우베,preset,우베맛,투썸 신메뉴 <b>우베</b> 아박 + <b>우베</b> 라떼 내돈내산 솔직후기,https://blog.naver.com/hikey95/224295934768,20260525,저는 다음에는 안 먹을 것 같아요ㅎㅎ… 뭔가 계속 생각나진 않는 <b>맛</b>!  <b>우베</b> 아박 후기  다음으로 <b>우베</b> 아박! 이건 생각보다 훨씬 무난했어요  <b>우베</b> 향은 아주아주 살짝만 나고 거의 우리가 아는  아이스박스... ,세상을 맛보는 덕또,blog.naver.com/hikey95,naver_blog,우베맛,alias,1.0,2026-05-26T11:02:57.061617+00:00,0,0,0,0,세상을 맛보는 덕또,저는 다음에는 안 먹을 것 같아요ㅎㅎ… 뭔가 계속 생각나진 않는 <b>맛</b>!  <b>우베</b> 아박 후기  다음으로 <b>우베</b> 아박! 이건 생각보다 훨씬 무난했어요  <b>우베</b> 향은 아주아주 살짝만 나고 거의 우리가 아는  아이스박스... ,"{""title"": ""투썸 신메뉴 <b>우베</b> 아박 + <b>우베</b> 라떼 내돈내산 솔직후기"", ""link"": ""https://blog.naver.com/hikey95/224295934768"", ""description"": ""저는 다음에는 안 먹을 것 같아요ㅎㅎ… 뭔가 계속 생각나진 않는 <b>맛</b>!  <b>우베</b> 아박 후기  다음으로 <b>우베</b> 아박! 이건 생각보다 훨씬 무난했어요  <b>우베</b> 향은 아주아주 살짝만 나고 거의 우리가 아는  아이스박스... "", ""bloggername"": ""세상을 맛보는 덕또"", ""bloggerlink"": ""blog.naver.com/hikey95"", ""postdate"": ""20260525""}"
우베,preset,우베맛,하루에 네번 사랑을 말하고,https://blog.naver.com/78_sunp_o0/224295921250,20260525,투썸우베라떼와 두바이아박 내가 원한 <b>우베맛</b> 이런거 아니라고~~ 경찰서를 갔다왔다 내 워치 주워서 쓰는 새끼 인생 좆되게해주세요 퇴근하고 엄마랑 성원분식가기 ㅍㅈ삼촌이 왔다갔다네요 ㅋㅋㅋㅋㅋ... ,간헐적 502 Bad Gateway,blog.naver.com/78_sunp_o0,naver_blog,우베맛,alias,1.0,2026-05-26T11:02:57.061617+00:00,0,0,0,0,간헐적 502 Bad Gateway,투썸우베라떼와 두바이아박 내가 원한 <b>우베맛</b> 이런거 아니라고~~ 경찰서를 갔다왔다 내 워치 주워서 쓰는 새끼 인생 좆되게해주세요 퇴근하고 엄마랑 성원분식가기 ㅍㅈ삼촌이 왔다갔다네요 ㅋㅋㅋㅋㅋ... ,"{""title"": ""하루에 네번 사랑을 말하고"", ""link"": ""https://blog.naver.com/78_sunp_o0/224295921250"", ""description"": ""투썸우베라떼와 두바이아박 내가 원한 <b>우베맛</b> 이런거 아니라고~~ 경찰서를 갔다왔다 내 워치 주워서 쓰는 새끼 인생 좆되게해주세요 퇴근하고 엄마랑 성원분식가기 ㅍㅈ삼촌이 왔다갔다네요 ㅋㅋㅋㅋㅋ... "", ""bloggername"": ""간헐적 502 Bad Gateway"", ""bloggerlink"": ""blog.naver.com/78_sunp_o0"", ""postdate"": ""20260525""}"
우베,preset,우베맛,투썸 신메뉴 케이크 핑구 케이크 <b>맛</b> 가격 총정리,https://blog.naver.com/als453/224295919758,20260525,"망고생, 피치생, 금귤생, 바스크 치즈 케이크(우베) 떠먹는 우베 아박 떠먹는 두아박 떠먹는 아이스박스... 두바이와 <b>우베맛</b> 두가지가 새로 출시되었더라구요 그래도 역시 아박은 원조가 진리.. 드디어 투썸 신상... ",햅삐 먹방 블로그,blog.naver.com/als453,naver_blog,우베맛,alias,1.0,2026-05-26T11:02:57.061617+00:00,0,0,0,0,햅삐 먹방 블로그,"망고생, 피치생, 금귤생, 바스크 치즈 케이크(우베) 떠먹는 우베 아박 떠먹는 두아박 떠먹는 아이스박스... 두바이와 <b>우베맛</b> 두가지가 새로 출시되었더라구요 그래도 역시 아박은 원조가 진리.. 드디어 투썸 신상... ","{""title"": ""투썸 신메뉴 케이크 핑구 케이크 <b>맛</b> 가격 총정리"", ""link"": ""https://blog.naver.com/als453/224295919758"", ""description"": ""망고생, 피치생, 금귤생, 바스크 치즈 케이크(우베) 떠먹는 우베 아박 떠먹는 두아박 떠먹는 아이스박스... 두바이와 <b>우베맛</b> 두가지가 새로 출시되었더라구요 그래도 역시 아박은 원조가 진리.. 드디어 투썸 신상... "", ""bloggername"": ""햅삐 먹방 블로그"", ""bloggerlink"": ""blog.naver.com/als453"", ""postdate"": ""20260525""}"
우베,preset,우베맛,요즘 MZ가 보라색 디저트만 찾는 이유… <b>우베</b> 효능 알고보니?,https://blog.naver.com/glllee/224295897150,20260525,"결론적으로 <b>우베</b>가 인기 있는 이유는 단순히 색 때문만은 아닙니다. 비주얼, <b>맛</b>, 희소성 그리고 효능까지 동시에 맞아떨어진 게 진짜 포인트였어요. 특히 요즘처럼 새로운 걸 계속 찾는 분위기에서는 이런... ",테디맘 건강연구소,blog.naver.com/glllee,naver_blog,우베맛,alias,1.0,2026-05-26T11:02:57.061617+00:00,0,0,0,0,테디맘 건강연구소,"결론적으로 <b>우베</b>가 인기 있는 이유는 단순히 색 때문만은 아닙니다. 비주얼, <b>맛</b>, 희소성 그리고 효능까지 동시에 맞아떨어진 게 진짜 포인트였어요. 특히 요즘처럼 새로운 걸 계속 찾는 분위기에서는 이런... ","{""title"": ""요즘 MZ가 보라색 디저트만 찾는 이유… <b>우베</b> 효능 알고보니?"", ""link"": ""https://blog.naver.com/glllee/224295897150"", ""description"": ""결론적으로 <b>우베</b>가 인기 있는 이유는 단순히 색 때문만은 아닙니다. 비주얼, <b>맛</b>, 희소성 그리고 효능까지 동시에 맞아떨어진 게 진짜 포인트였어요. 특히 요즘처럼 새로운 걸 계속 찾는 분위기에서는 이런... "", ""bloggername"": ""테디맘 건강연구소"", ""bloggerlink"": ""blog.naver.com/glllee"", ""postdate"": ""20260525""}"
우베,preset,우베맛,[광장시장/종로5가] 맛이 많은 로젤라또 메뉴 후기 (부드러운... ,https://blog.naver.com/newdream_47ag/224295893887,20260525,로젤라또 3가지맛 M사이즈 각수저에 주문은 안했지만 메뉴 고를 때 궁금해하던 맛 한스푼 맛보기 더 올려주셨어요. 요즘 유행하는 <b>우베맛</b> 아이스크림도 있어요. 신기한 맛은 맛이 있지만 맛이 깊은... ,오늘도 기분 좋은 하루:),blog.naver.com/newdream_47ag,naver_blog,우베맛,alias,1.0,2026-05-26T11:02:57.061617+00:00,0,0,0,0,오늘도 기분 좋은 하루:),로젤라또 3가지맛 M사이즈 각수저에 주문은 안했지만 메뉴 고를 때 궁금해하던 맛 한스푼 맛보기 더 올려주셨어요. 요즘 유행하는 <b>우베맛</b> 아이스크림도 있어요. 신기한 맛은 맛이 있지만 맛이 깊은... ,"{""title"": ""[광장시장/종로5가] 맛이 많은 로젤라또 메뉴 후기 (부드러운... "", ""link"": ""https://blog.naver.com/newdream_47ag/224295893887"", ""description"": ""로젤라또 3가지맛 M사이즈 각수저에 주문은 안했지만 메뉴 고를 때 궁금해하던 맛 한스푼 맛보기 더 올려주셨어요. 요즘 유행하는 <b>우베맛</b> 아이스크림도 있어요. 신기한 맛은 맛이 있지만 맛이 깊은... "", ""bloggername"": ""오늘도 기분 좋은 하루:)"", ""bloggerlink"": ""blog.naver.com/newdream_47ag"", ""postdate"": ""20260525""}"
우베,preset,우베맛,미각제빵소 <b>우베</b> 바스크 치즈케이크 | 이마트24 내돈내산... ,https://blog.naver.com/byeolsaekim/224295877167,20260525,우베라떼도 먹어보고 이 우베 바스크 치즈케이크도 먹어봤는데 다 어디서 먹어본 맛이라 어떤 게 진짜 <b>우베맛</b>인지 아직도 모르겠습니다 좋은 원료 맛있는 베이커리 미각 제빵소 우베 바스크 치즈케이크... ,별별곡곡,blog.naver.com/byeolsaekim,naver_blog,우베맛,alias,1.0,2026-05-26T11:02:57.061617+00:00,0,0,0,0,별별곡곡,우베라떼도 먹어보고 이 우베 바스크 치즈케이크도 먹어봤는데 다 어디서 먹어본 맛이라 어떤 게 진짜 <b>우베맛</b>인지 아직도 모르겠습니다 좋은 원료 맛있는 베이커리 미각 제빵소 우베 바스크 치즈케이크... ,"{""title"": ""미각제빵소 <b>우베</b> 바스크 치즈케이크 | 이마트24 내돈내산... "", ""link"": ""https://blog.naver.com/byeolsaekim/224295877167"", ""description"": ""우베라떼도 먹어보고 이 우베 바스크 치즈케이크도 먹어봤는데 다 어디서 먹어본 맛이라 어떤 게 진짜 <b>우베맛</b>인지 아직도 모르겠습니다 좋은 원료 맛있는 베이커리 미각 제빵소 우베 바스크 치즈케이크... "", ""bloggername"": ""별별곡곡"", ""bloggerlink"": ""blog.naver.com/byeolsaekim"", ""postdate"": ""20260525""}"
우베,preset,우베맛,[호주/멜번 워홀 일상] D+138 호주 우체국(Australia Post)... ,https://blog.naver.com/dbtjfghk3199/224295834906,20260525,눈꽃빙수 <b>우베맛</b> 시켰는데 펄도 연유도 넉넉히 줘서 야미~! 그 문제의 아이폰 수령하러... 우체국 왔어요 이 레전드 사건이 궁금하신 분은 요기 ;; https://blog.naver.com/dbtjfghk3199/224270599400 Zero tolerance... ,맛쁜 공간의 기록 ꕤ ྀིྀིྀིྀིྀ,blog.naver.com/dbtjfghk3199,naver_blog,우베맛,alias,1.0,2026-05-26T11:02:57.061617+00:00,0,0,0,0,맛쁜 공간의 기록 ꕤ ྀིྀིྀིྀིྀ,눈꽃빙수 <b>우베맛</b> 시켰는데 펄도 연유도 넉넉히 줘서 야미~! 그 문제의 아이폰 수령하러... 우체국 왔어요 이 레전드 사건이 궁금하신 분은 요기 ;; https://blog.naver.com/dbtjfghk3199/224270599400 Zero tolerance... ,"{""title"": ""[호주/멜번 워홀 일상] D+138 호주 우체국(Australia Post)... "", ""link"": ""https://blog.naver.com/dbtjfghk3199/224295834906"", ""description"": ""눈꽃빙수 <b>우베맛</b> 시켰는데 펄도 연유도 넉넉히 줘서 야미~! 그 문제의 아이폰 수령하러... 우체국 왔어요 이 레전드 사건이 궁금하신 분은 요기 ;; https://blog.naver.com/dbtjfghk3199/224270599400 Zero tolerance... "", ""bloggername"": ""맛쁜 공간의 기록 ꕤ ྀིྀིྀིྀིྀ"", ""bloggerlink"": ""blog.naver.com/dbtjfghk3199"", ""postdate"": ""20260525""}"
우베,preset,우베맛,"<b>우베</b> 뜻, <b>맛</b> 효능 모르고 먹었다가 다들 다시 찾는 이유",https://blog.naver.com/seungha9707/224295745514,20260525,특히 “사진 때문에 주문했다가 맛 때문에 또 먹게 된다”는 반응이 정말 많았습니다. 우베 뜻 알고... 하지만 실제 <b>우베 맛</b>은 생각보다 전혀 다른 느낌에 가까웠는데요. 고소하면서도 은은하게 달달한 맛이... ,이슈이야기,blog.naver.com/seungha9707,naver_blog,우베맛,alias,1.0,2026-05-26T11:02:57.061617+00:00,0,0,0,0,이슈이야기,특히 “사진 때문에 주문했다가 맛 때문에 또 먹게 된다”는 반응이 정말 많았습니다. 우베 뜻 알고... 하지만 실제 <b>우베 맛</b>은 생각보다 전혀 다른 느낌에 가까웠는데요. 고소하면서도 은은하게 달달한 맛이... ,"{""title"": ""<b>우베</b> 뜻, <b>맛</b> 효능 모르고 먹었다가 다들 다시 찾는 이유"", ""link"": ""https://blog.naver.com/seungha9707/224295745514"", ""description"": ""특히 “사진 때문에 주문했다가 맛 때문에 또 먹게 된다”는 반응이 정말 많았습니다. 우베 뜻 알고... 하지만 실제 <b>우베 맛</b>은 생각보다 전혀 다른 느낌에 가까웠는데요. 고소하면서도 은은하게 달달한 맛이... "", ""bloggername"": ""이슈이야기"", ""bloggerlink"": ""blog.naver.com/seungha9707"", ""postdate"": ""20260525""}"
우베,preset,우베맛,<b>우베</b> 뜻 <b>맛</b> 효능 모르고 먹었다가 다들 놀란다… 요즘 카페마다... ,https://blog.naver.com/man12347/224295743376,20260525,"요즘 카페에서 조용히 난리 난 보라색 메뉴 정체, 바로 우베입니다. “사진 때문에 주문했다가 맛... 그래서인지 우베라떼 하나만 올려도 SNS 반응이 꽤 좋은 편이더라고요. <b>우베 맛</b>, 생각보다 훨씬 부드럽습니다... ",승하부부,blog.naver.com/man12347,naver_blog,우베맛,alias,1.0,2026-05-26T11:02:57.061617+00:00,0,0,0,0,승하부부,"요즘 카페에서 조용히 난리 난 보라색 메뉴 정체, 바로 우베입니다. “사진 때문에 주문했다가 맛... 그래서인지 우베라떼 하나만 올려도 SNS 반응이 꽤 좋은 편이더라고요. <b>우베 맛</b>, 생각보다 훨씬 부드럽습니다... ","{""title"": ""<b>우베</b> 뜻 <b>맛</b> 효능 모르고 먹었다가 다들 놀란다… 요즘 카페마다... "", ""link"": ""https://blog.naver.com/man12347/224295743376"", ""description"": ""요즘 카페에서 조용히 난리 난 보라색 메뉴 정체, 바로 우베입니다. “사진 때문에 주문했다가 맛... 그래서인지 우베라떼 하나만 올려도 SNS 반응이 꽤 좋은 편이더라고요. <b>우베 맛</b>, 생각보다 훨씬 부드럽습니다... "", ""bloggername"": ""승하부부"", ""bloggerlink"": ""blog.naver.com/man12347"", ""postdate"": ""20260525""}"
우베,preset,우베맛,'기능성 식재료' <b>우베</b>가 가진 5가지 영양 성분,https://blog.naver.com/ktkk3586/224295701200,20260525,#우베 #우베뜻 #<b>우베맛</b> #우베효능 #자색마 #퍼플얌 #동남아식재료 #필리핀디저트 #안토시아닌 #천연항산화 #폴리페놀 #식이섬유식품 #복합탄수화물 #장건강 #혈당관리 #혈액순환 #체세포보호 #우베라떼... ,안식처의빛,blog.naver.com/ktkk3586,naver_blog,우베맛,alias,1.0,2026-05-26T11:02:57.061617+00:00,0,0,0,0,안식처의빛,#우베 #우베뜻 #<b>우베맛</b> #우베효능 #자색마 #퍼플얌 #동남아식재료 #필리핀디저트 #안토시아닌 #천연항산화 #폴리페놀 #식이섬유식품 #복합탄수화물 #장건강 #혈당관리 #혈액순환 #체세포보호 #우베라떼... ,"{""title"": ""'기능성 식재료' <b>우베</b>가 가진 5가지 영양 성분"", ""link"": ""https://blog.naver.com/ktkk3586/224295701200"", ""description"": ""#우베 #우베뜻 #<b>우베맛</b> #우베효능 #자색마 #퍼플얌 #동남아식재료 #필리핀디저트 #안토시아닌 #천연항산화 #폴리페놀 #식이섬유식품 #복합탄수화물 #장건강 #혈당관리 #혈액순환 #체세포보호 #우베라떼... "", ""bloggername"": ""안식처의빛"", ""bloggerlink"": ""blog.naver.com/ktkk3586"", ""postdate"": ""20260525""}"
우베,preset,우베맛,강릉 순두부젤라또 카페동화 신메뉴 <b>우베</b>젤라또... ,https://blog.naver.com/bbangzilla/224295694317,20260525,동화가든도 진짜 맛있게먹었눈뎁 동화가든 100프로 순두부로 젤라또를 만들다니 베이스가 순두부라 두부향이 난다는 이야기가 많더라구요 요즘 우베가 핫하긴 한가바요 여기도 <b>우베맛</b>이!!! 순두부젤라또만... ,오복이네,blog.naver.com/bbangzilla,naver_blog,우베맛,alias,1.0,2026-05-26T11:02:57.061617+00:00,0,0,0,0,오복이네,동화가든도 진짜 맛있게먹었눈뎁 동화가든 100프로 순두부로 젤라또를 만들다니 베이스가 순두부라 두부향이 난다는 이야기가 많더라구요 요즘 우베가 핫하긴 한가바요 여기도 <b>우베맛</b>이!!! 순두부젤라또만... ,"{""title"": ""강릉 순두부젤라또 카페동화 신메뉴 <b>우베</b>젤라또... "", ""link"": ""https://blog.naver.com/bbangzilla/224295694317"", ""description"": ""동화가든도 진짜 맛있게먹었눈뎁 동화가든 100프로 순두부로 젤라또를 만들다니 베이스가 순두부라 두부향이 난다는 이야기가 많더라구요 요즘 우베가 핫하긴 한가바요 여기도 <b>우베맛</b>이!!! 순두부젤라또만... "", ""bloggername"": ""오복이네"", ""bloggerlink"": ""blog.naver.com/bbangzilla"", ""postdate"": ""20260525""}"
우베,preset,우베맛,노티드 <b>우베</b> 두바이 퍼플 도넛 내돈내산 후기,https://blog.naver.com/soyoung6655/224295659149,20260525,그래서 친구랑 절반 나눠서 먹었어요ㅋㅋㅋ 우베 특유의 보랏빛이 낭낭해요. 그래서 <b>우베맛</b>은? 엄청 강하게 나진않아요ㅋㅋ 근데 그래도 맛있어 모르겠구 와작와작 카다이프 맛있어!ㅋㅋㅋ 먹기전에는 위에 이... ,또영이의 맛있는 여행일기,blog.naver.com/soyoung6655,naver_blog,우베맛,alias,1.0,2026-05-26T11:02:57.061617+00:00,0,0,0,0,또영이의 맛있는 여행일기,그래서 친구랑 절반 나눠서 먹었어요ㅋㅋㅋ 우베 특유의 보랏빛이 낭낭해요. 그래서 <b>우베맛</b>은? 엄청 강하게 나진않아요ㅋㅋ 근데 그래도 맛있어 모르겠구 와작와작 카다이프 맛있어!ㅋㅋㅋ 먹기전에는 위에 이... ,"{""title"": ""노티드 <b>우베</b> 두바이 퍼플 도넛 내돈내산 후기"", ""link"": ""https://blog.naver.com/soyoung6655/224295659149"", ""description"": ""그래서 친구랑 절반 나눠서 먹었어요ㅋㅋㅋ 우베 특유의 보랏빛이 낭낭해요. 그래서 <b>우베맛</b>은? 엄청 강하게 나진않아요ㅋㅋ 근데 그래도 맛있어 모르겠구 와작와작 카다이프 맛있어!ㅋㅋㅋ 먹기전에는 위에 이... "", ""bloggername"": ""또영이의 맛있는 여행일기"", ""bloggerlink"": ""blog.naver.com/soyoung6655"", ""postdate"": ""20260525""}"
우베,preset,우베맛,카페 신메뉴 <b>우베</b> 라떼 <b>맛</b> <b>우베</b> 뜻? 필리핀 보라색 고구마... ,https://blog.naver.com/verdie_/224295650504,20260525,"오늘은 요즘 카페 핫플의 단골 메뉴인 우베(Ube)의 뜻과 맛, 그리고 자색고구마와의 차이점까지 쏙쏙... #우베 #우베뜻 #<b>우베맛</b> #우베라떼 #ube #우베자색고구마 #카페신메뉴 #디저트트렌드 #필리핀우베... ",살구의 모험,blog.naver.com/verdie_,naver_blog,우베맛,alias,1.0,2026-05-26T11:02:57.061617+00:00,0,0,0,0,살구의 모험,"오늘은 요즘 카페 핫플의 단골 메뉴인 우베(Ube)의 뜻과 맛, 그리고 자색고구마와의 차이점까지 쏙쏙... #우베 #우베뜻 #<b>우베맛</b> #우베라떼 #ube #우베자색고구마 #카페신메뉴 #디저트트렌드 #필리핀우베... ","{""title"": ""카페 신메뉴 <b>우베</b> 라떼 <b>맛</b> <b>우베</b> 뜻? 필리핀 보라색 고구마... "", ""link"": ""https://blog.naver.com/verdie_/224295650504"", ""description"": ""오늘은 요즘 카페 핫플의 단골 메뉴인 우베(Ube)의 뜻과 맛, 그리고 자색고구마와의 차이점까지 쏙쏙... #우베 #우베뜻 #<b>우베맛</b> #우베라떼 #ube #우베자색고구마 #카페신메뉴 #디저트트렌드 #필리핀우베... "", ""bloggername"": ""살구의 모험"", ""bloggerlink"": ""blog.naver.com/verdie_"", ""postdate"": ""20260525""}"
우베,preset,우베맛,CU편의점 405빵 <b>우베</b>브리오슈번 후기,https://blog.naver.com/rabia20/224294927091,20260525,고구마 맛에 더 가까웠던 부드럽고 쫄깃한 우베 브리오슈번 405시리즈에도 <b>우베 맛</b>이 나왔더라구요 개인적으로 405빵은 가격은 물론 맛도 좋아서 기대하면서 먹었는데 어땠는지 얘기해 볼게요:) 우베... ,먹기록저장고,blog.naver.com/rabia20,naver_blog,우베맛,alias,1.0,2026-05-26T11:02:57.061617+00:00,0,0,0,0,먹기록저장고,고구마 맛에 더 가까웠던 부드럽고 쫄깃한 우베 브리오슈번 405시리즈에도 <b>우베 맛</b>이 나왔더라구요 개인적으로 405빵은 가격은 물론 맛도 좋아서 기대하면서 먹었는데 어땠는지 얘기해 볼게요:) 우베... ,"{""title"": ""CU편의점 405빵 <b>우베</b>브리오슈번 후기"", ""link"": ""https://blog.naver.com/rabia20/224294927091"", ""description"": ""고구마 맛에 더 가까웠던 부드럽고 쫄깃한 우베 브리오슈번 405시리즈에도 <b>우베 맛</b>이 나왔더라구요 개인적으로 405빵은 가격은 물론 맛도 좋아서 기대하면서 먹었는데 어땠는지 얘기해 볼게요:) 우베... "", ""bloggername"": ""먹기록저장고"", ""bloggerlink"": ""blog.naver.com/rabia20"", ""postdate"": ""20260525""}"
우베,preset,우베맛,<b>우베</b>(Ube) 열풍 이유는? 보라색 고구마 디저트의 효능·<b>맛</b>·카페... ,https://blog.naver.com/hunilovej/224295574426,20260525,"이번 글에서는 우베 뜻, 맛 특징, 효능, 인기 메뉴, 왜 유행하는지까지 자세하게 정리해보겠습니다.... <b>우베 맛</b>은 어떤 느낌일까? 처음 우베를 접하는 사람들이 가장 궁금해하는 부분이 바로 맛입니다. 우베는... ",게으름뱅이의 어느날 아침∩＿∩〃,blog.naver.com/hunilovej,naver_blog,우베맛,alias,1.0,2026-05-26T11:02:57.061617+00:00,0,0,0,0,게으름뱅이의 어느날 아침∩＿∩〃,"이번 글에서는 우베 뜻, 맛 특징, 효능, 인기 메뉴, 왜 유행하는지까지 자세하게 정리해보겠습니다.... <b>우베 맛</b>은 어떤 느낌일까? 처음 우베를 접하는 사람들이 가장 궁금해하는 부분이 바로 맛입니다. 우베는... ","{""title"": ""<b>우베</b>(Ube) 열풍 이유는? 보라색 고구마 디저트의 효능·<b>맛</b>·카페... "", ""link"": ""https://blog.naver.com/hunilovej/224295574426"", ""description"": ""이번 글에서는 우베 뜻, 맛 특징, 효능, 인기 메뉴, 왜 유행하는지까지 자세하게 정리해보겠습니다.... <b>우베 맛</b>은 어떤 느낌일까? 처음 우베를 접하는 사람들이 가장 궁금해하는 부분이 바로 맛입니다. 우베는... "", ""bloggername"": ""게으름뱅이의 어느날 아침∩＿∩〃"", ""bloggerlink"": ""blog.naver.com/hunilovej"", ""postdate"": ""20260525""}"
우베,preset,우베맛,"[마곡 카페] <b>우베</b> 생초콜릿 맛집, 펠어커피 마곡점 방문 솔직 후기!",https://blog.naver.com/ahzk28/224295468093,20260525,"솔직히 우베 디저트 잘못 먹으면 너무 달거나 인위적인 맛 나는 경우 있는데 여기는 진짜 밸런스가... 개인적으로는 <b>우베맛</b>이 제일 시그니처 느낌 강했고, 다크초코맛은 많이 달지 않아서 커피랑 진짜 잘... ",다시 동글둥글하게,blog.naver.com/ahzk28,naver_blog,우베맛,alias,1.0,2026-05-26T11:02:57.061617+00:00,0,0,0,0,다시 동글둥글하게,"솔직히 우베 디저트 잘못 먹으면 너무 달거나 인위적인 맛 나는 경우 있는데 여기는 진짜 밸런스가... 개인적으로는 <b>우베맛</b>이 제일 시그니처 느낌 강했고, 다크초코맛은 많이 달지 않아서 커피랑 진짜 잘... ","{""title"": ""[마곡 카페] <b>우베</b> 생초콜릿 맛집, 펠어커피 마곡점 방문 솔직 후기!"", ""link"": ""https://blog.naver.com/ahzk28/224295468093"", ""description"": ""솔직히 우베 디저트 잘못 먹으면 너무 달거나 인위적인 맛 나는 경우 있는데 여기는 진짜 밸런스가... 개인적으로는 <b>우베맛</b>이 제일 시그니처 느낌 강했고, 다크초코맛은 많이 달지 않아서 커피랑 진짜 잘... "", ""bloggername"": ""다시 동글둥글하게"", ""bloggerlink"": ""blog.naver.com/ahzk28"", ""postdate"": ""20260525""}"
우베,preset,우베맛,<b>우베</b> 찰떡꼬치 CU 가격 칼로리 내돈내산 솔직후기,https://blog.naver.com/disruptive-heaju/224295388524,20260524,좋았답니다 <b>우베맛</b>은 향과 똑같은 자색고구마맛이 났는데요 겉에 떡이 찰떡이다보니 끝에 약간 씁쓸한맛이 나더라고요 뭔가 눈감고 먹으면 우베가아닌 그냥 고구마찰떡꼬치 일거같은 느낌이었답니다... ,신상털이 흐주의 푸드리뷰,blog.naver.com/disruptive-heaju,naver_blog,우베맛,alias,1.0,2026-05-26T11:02:57.061617+00:00,0,0,0,0,신상털이 흐주의 푸드리뷰,좋았답니다 <b>우베맛</b>은 향과 똑같은 자색고구마맛이 났는데요 겉에 떡이 찰떡이다보니 끝에 약간 씁쓸한맛이 나더라고요 뭔가 눈감고 먹으면 우베가아닌 그냥 고구마찰떡꼬치 일거같은 느낌이었답니다... ,"{""title"": ""<b>우베</b> 찰떡꼬치 CU 가격 칼로리 내돈내산 솔직후기"", ""link"": ""https://blog.naver.com/disruptive-heaju/224295388524"", ""description"": ""좋았답니다 <b>우베맛</b>은 향과 똑같은 자색고구마맛이 났는데요 겉에 떡이 찰떡이다보니 끝에 약간 씁쓸한맛이 나더라고요 뭔가 눈감고 먹으면 우베가아닌 그냥 고구마찰떡꼬치 일거같은 느낌이었답니다... "", ""bloggername"": ""신상털이 흐주의 푸드리뷰"", ""bloggerlink"": ""blog.naver.com/disruptive-heaju"", ""postdate"": ""20260524""}"
우베,preset,우베맛,리브인오후: 너무 충격적이게 맛있게 먹어서 남기는 <b>우베</b>치즈케... ,https://blog.naver.com/fkammmm/224295381118,20260524,그중에서도 제가 최근에 충격적으로 맛있게 먹은 <b>우베</b> 디저트를 발견하게 되어 공익을 위해 후기를... 제가 다녀온 날에는 아래와 같이 라인업 나와있었습니다 - 완두 치즈케이크 - <b>우베</b> 치즈 케이크 - 유자... ,mess around_,blog.naver.com/fkammmm,naver_blog,우베맛,alias,1.0,2026-05-26T11:02:57.061617+00:00,0,0,0,0,mess around_,그중에서도 제가 최근에 충격적으로 맛있게 먹은 <b>우베</b> 디저트를 발견하게 되어 공익을 위해 후기를... 제가 다녀온 날에는 아래와 같이 라인업 나와있었습니다 - 완두 치즈케이크 - <b>우베</b> 치즈 케이크 - 유자... ,"{""title"": ""리브인오후: 너무 충격적이게 맛있게 먹어서 남기는 <b>우베</b>치즈케... "", ""link"": ""https://blog.naver.com/fkammmm/224295381118"", ""description"": ""그중에서도 제가 최근에 충격적으로 맛있게 먹은 <b>우베</b> 디저트를 발견하게 되어 공익을 위해 후기를... 제가 다녀온 날에는 아래와 같이 라인업 나와있었습니다 - 완두 치즈케이크 - <b>우베</b> 치즈 케이크 - 유자... "", ""bloggername"": ""mess around_"", ""bloggerlink"": ""blog.naver.com/fkammmm"", ""postdate"": ""20260524""}"
우베,preset,우베맛,2026년 5월 셋째주 일상,https://blog.naver.com/sunyoung2277/224295379510,20260524,"우베 바치케는 <b>우베맛</b>이 너무 연하더라. 오늘의 소비, 귀여운 키스컷 마테 구매 완료. 소소히히 작가님 마테가 전부 다 내 스타일이다. 나 뭔가 저렇게 테두리 진한? 거 좋아하나봐. 2026.05.20 (수) 비가 주륵주륵... ",Extra-ordinary Day,blog.naver.com/sunyoung2277,naver_blog,우베맛,alias,1.0,2026-05-26T11:02:57.061617+00:00,0,0,0,0,Extra-ordinary Day,"우베 바치케는 <b>우베맛</b>이 너무 연하더라. 오늘의 소비, 귀여운 키스컷 마테 구매 완료. 소소히히 작가님 마테가 전부 다 내 스타일이다. 나 뭔가 저렇게 테두리 진한? 거 좋아하나봐. 2026.05.20 (수) 비가 주륵주륵... ","{""title"": ""2026년 5월 셋째주 일상"", ""link"": ""https://blog.naver.com/sunyoung2277/224295379510"", ""description"": ""우베 바치케는 <b>우베맛</b>이 너무 연하더라. 오늘의 소비, 귀여운 키스컷 마테 구매 완료. 소소히히 작가님 마테가 전부 다 내 스타일이다. 나 뭔가 저렇게 테두리 진한? 거 좋아하나봐. 2026.05.20 (수) 비가 주륵주륵... "", ""bloggername"": ""Extra-ordinary Day"", ""bloggerlink"": ""blog.naver.com/sunyoung2277"", ""postdate"": ""20260524""}"
우베,preset,우베맛,[여행일기] 오키나와 3박 4일(면세품 추천),https://blog.naver.com/ye106/224295351362,20260524,크림치즈 맛 가득한 비프버거였어요 만화창고라는 빈티지샵 가는길~ 갔는데 가격도 비싸고 상태도 그냥... 셋째날은 비가 더더더많이와서 이온몰로 계획 전환 류보백화점 앞 블루씰에서 <b>우베맛</b> 아이스크림 하나... ,YElog,blog.naver.com/ye106,naver_blog,우베맛,alias,1.0,2026-05-26T11:02:57.061617+00:00,0,0,0,0,YElog,크림치즈 맛 가득한 비프버거였어요 만화창고라는 빈티지샵 가는길~ 갔는데 가격도 비싸고 상태도 그냥... 셋째날은 비가 더더더많이와서 이온몰로 계획 전환 류보백화점 앞 블루씰에서 <b>우베맛</b> 아이스크림 하나... ,"{""title"": ""[여행일기] 오키나와 3박 4일(면세품 추천)"", ""link"": ""https://blog.naver.com/ye106/224295351362"", ""description"": ""크림치즈 맛 가득한 비프버거였어요 만화창고라는 빈티지샵 가는길~ 갔는데 가격도 비싸고 상태도 그냥... 셋째날은 비가 더더더많이와서 이온몰로 계획 전환 류보백화점 앞 블루씰에서 <b>우베맛</b> 아이스크림 하나... "", ""bloggername"": ""YElog"", ""bloggerlink"": ""blog.naver.com/ye106"", ""postdate"": ""20260524""}"
우베,preset,우베맛,필리핀 <b>우베 맛</b> 칼로리 영양 성분 한 번에 정리,https://blog.naver.com/nsyncbye1004/224295267199,20260524,"오늘은 필리핀 <b>우베 맛</b>과 칼로리, 영양 성분까지 한 번에 정리해드릴게요 매력적인 필리핀 <b>우베 맛</b>의 특징 우베는 특유의 은은하고 부드러운 풍미를 지니고 있어서 디저트 재료로 인기가 많은데요.... ",즐거운 인플루언서 생활,blog.naver.com/nsyncbye1004,naver_blog,우베맛,alias,1.0,2026-05-26T11:02:57.061617+00:00,0,0,0,0,즐거운 인플루언서 생활,"오늘은 필리핀 <b>우베 맛</b>과 칼로리, 영양 성분까지 한 번에 정리해드릴게요 매력적인 필리핀 <b>우베 맛</b>의 특징 우베는 특유의 은은하고 부드러운 풍미를 지니고 있어서 디저트 재료로 인기가 많은데요.... ","{""title"": ""필리핀 <b>우베 맛</b> 칼로리 영양 성분 한 번에 정리"", ""link"": ""https://blog.naver.com/nsyncbye1004/224295267199"", ""description"": ""오늘은 필리핀 <b>우베 맛</b>과 칼로리, 영양 성분까지 한 번에 정리해드릴게요 매력적인 필리핀 <b>우베 맛</b>의 특징 우베는 특유의 은은하고 부드러운 풍미를 지니고 있어서 디저트 재료로 인기가 많은데요.... "", ""bloggername"": ""즐거운 인플루언서 생활"", ""bloggerlink"": ""blog.naver.com/nsyncbye1004"", ""postdate"": ""20260524""}"
우베,preset,우베맛,전주 한옥마을 카페 휘낭시에 맛집 평화와 평화 좋은 주방 주말,https://blog.naver.com/orang2in/224295265900,20260524,디저트도 있고 휘낭시에로 유명하더라구요 저는 하나남은 우베 주문 1층 모습입니다 푸릇푸릇한... 겉바삭한 휘낭시에 <b>우베맛</b>은 아직도 뭔지 감이안옴 근데 2층자리 치명적 단점 등받이 각도가 120도?라 거의... ,김먹지의 맛집 탐방,blog.naver.com/orang2in,naver_blog,우베맛,alias,1.0,2026-05-26T11:02:57.061617+00:00,0,0,0,0,김먹지의 맛집 탐방,디저트도 있고 휘낭시에로 유명하더라구요 저는 하나남은 우베 주문 1층 모습입니다 푸릇푸릇한... 겉바삭한 휘낭시에 <b>우베맛</b>은 아직도 뭔지 감이안옴 근데 2층자리 치명적 단점 등받이 각도가 120도?라 거의... ,"{""title"": ""전주 한옥마을 카페 휘낭시에 맛집 평화와 평화 좋은 주방 주말"", ""link"": ""https://blog.naver.com/orang2in/224295265900"", ""description"": ""디저트도 있고 휘낭시에로 유명하더라구요 저는 하나남은 우베 주문 1층 모습입니다 푸릇푸릇한... 겉바삭한 휘낭시에 <b>우베맛</b>은 아직도 뭔지 감이안옴 근데 2층자리 치명적 단점 등받이 각도가 120도?라 거의... "", ""bloggername"": ""김먹지의 맛집 탐방"", ""bloggerlink"": ""blog.naver.com/orang2in"", ""postdate"": ""20260524""}"
우베,preset,우베맛,핫플 추천 :: 장작 화덕피자에 보랏빛<b>우베</b>맥주 피맥 데이트,https://blog.naver.com/bisous_bisous/224295261824,20260524,그래서 9시 넘어서 사람들 조금 없어졌을때 사진 찰칵찰칵 남겨보기 우베 페로니 생맥주 9900원 요즘 핫한 우베맥주가 있다길레 너무나 먹어보고싶었던 <b>우베맛</b>으로 주문했는데 보라색맥주가 너무 귀엽게 나와서... ,Amuse-toi bien :),blog.naver.com/bisous_bisous,naver_blog,우베맛,alias,1.0,2026-05-26T11:02:57.061617+00:00,0,0,0,0,Amuse-toi bien :),그래서 9시 넘어서 사람들 조금 없어졌을때 사진 찰칵찰칵 남겨보기 우베 페로니 생맥주 9900원 요즘 핫한 우베맥주가 있다길레 너무나 먹어보고싶었던 <b>우베맛</b>으로 주문했는데 보라색맥주가 너무 귀엽게 나와서... ,"{""title"": ""핫플 추천 :: 장작 화덕피자에 보랏빛<b>우베</b>맥주 피맥 데이트"", ""link"": ""https://blog.naver.com/bisous_bisous/224295261824"", ""description"": ""그래서 9시 넘어서 사람들 조금 없어졌을때 사진 찰칵찰칵 남겨보기 우베 페로니 생맥주 9900원 요즘 핫한 우베맥주가 있다길레 너무나 먹어보고싶었던 <b>우베맛</b>으로 주문했는데 보라색맥주가 너무 귀엽게 나와서... "", ""bloggername"": ""Amuse-toi bien :)"", ""bloggerlink"": ""blog.naver.com/bisous_bisous"", ""postdate"": ""20260524""}"
우베,preset,우베맛,GS25 미각제빵소 <b>우베</b> 바스크치즈케이크 후기｜보라색... ,https://blog.naver.com/gskim213/224295209790,20260524,"비주얼은 확실한 우베 디저트. 하지만 맛은 우베보다 바스크치즈케이크 쪽이 더 강하다. 진한 <b>우베맛</b>을 기대하면 아쉽고, 은은한 우베 치즈케이크로 보면 괜찮다.",옆동네 편의점 점장의 이중생활,blog.naver.com/gskim213,naver_blog,우베맛,alias,1.0,2026-05-26T11:02:57.061617+00:00,0,0,0,0,옆동네 편의점 점장의 이중생활,"비주얼은 확실한 우베 디저트. 하지만 맛은 우베보다 바스크치즈케이크 쪽이 더 강하다. 진한 <b>우베맛</b>을 기대하면 아쉽고, 은은한 우베 치즈케이크로 보면 괜찮다.","{""title"": ""GS25 미각제빵소 <b>우베</b> 바스크치즈케이크 후기｜보라색... "", ""link"": ""https://blog.naver.com/gskim213/224295209790"", ""description"": ""비주얼은 확실한 우베 디저트. 하지만 맛은 우베보다 바스크치즈케이크 쪽이 더 강하다. 진한 <b>우베맛</b>을 기대하면 아쉽고, 은은한 우베 치즈케이크로 보면 괜찮다."", ""bloggername"": ""옆동네 편의점 점장의 이중생활"", ""bloggerlink"": ""blog.naver.com/gskim213"", ""postdate"": ""20260524""}"
우베,preset,우베맛,6월엔 좀 쉬자,https://blog.naver.com/wodjsdl1218/224295186137,20260524,주말 끗 뷔페 복 터짐 동문회비로 신라스테이 저번보다 맛도리였슨 요즘 사진은 없고 셋로그뿐 꽃다방 라떼  레드키위 케이크  존맛탱 <b>우베맛</b>? 잘 모르겠다 시청까지 버스타고 가서 신한동기 만나기 줄보고... ,wodjsdl1218님의블로그,blog.naver.com/wodjsdl1218,naver_blog,우베맛,alias,1.0,2026-05-26T11:02:57.061617+00:00,0,0,0,0,wodjsdl1218님의블로그,주말 끗 뷔페 복 터짐 동문회비로 신라스테이 저번보다 맛도리였슨 요즘 사진은 없고 셋로그뿐 꽃다방 라떼  레드키위 케이크  존맛탱 <b>우베맛</b>? 잘 모르겠다 시청까지 버스타고 가서 신한동기 만나기 줄보고... ,"{""title"": ""6월엔 좀 쉬자"", ""link"": ""https://blog.naver.com/wodjsdl1218/224295186137"", ""description"": ""주말 끗 뷔페 복 터짐 동문회비로 신라스테이 저번보다 맛도리였슨 요즘 사진은 없고 셋로그뿐 꽃다방 라떼  레드키위 케이크  존맛탱 <b>우베맛</b>? 잘 모르겠다 시청까지 버스타고 가서 신한동기 만나기 줄보고... "", ""bloggername"": ""wodjsdl1218님의블로그"", ""bloggerlink"": ""blog.naver.com/wodjsdl1218"", ""postdate"": ""20260524""}"
우베,preset,우베맛,연세 <b>우베</b> 생크림빵 미각제빵소 <b>우베</b>케이크 비교 <b>맛</b> 후기,https://blog.naver.com/msolog/224295177980,20260524,생크림 <b>우베 맛</b> : 편의점 치고 잘 구현한 맛 완성도 : 크림 퀄리티가 좋음 편의점 우베 빵 총평 GS25 우베빵 두 종류를 먹어본 결론이다. 필리핀 원물 우베의 바닐라+견과류 풍미를 기대하면 살짝 실망할 수도 있기... ,소록노트,blog.naver.com/msolog,naver_blog,우베맛,alias,1.0,2026-05-26T11:02:57.061617+00:00,0,0,0,0,소록노트,생크림 <b>우베 맛</b> : 편의점 치고 잘 구현한 맛 완성도 : 크림 퀄리티가 좋음 편의점 우베 빵 총평 GS25 우베빵 두 종류를 먹어본 결론이다. 필리핀 원물 우베의 바닐라+견과류 풍미를 기대하면 살짝 실망할 수도 있기... ,"{""title"": ""연세 <b>우베</b> 생크림빵 미각제빵소 <b>우베</b>케이크 비교 <b>맛</b> 후기"", ""link"": ""https://blog.naver.com/msolog/224295177980"", ""description"": ""생크림 <b>우베 맛</b> : 편의점 치고 잘 구현한 맛 완성도 : 크림 퀄리티가 좋음 편의점 우베 빵 총평 GS25 우베빵 두 종류를 먹어본 결론이다. 필리핀 원물 우베의 바닐라+견과류 풍미를 기대하면 살짝 실망할 수도 있기... "", ""bloggername"": ""소록노트"", ""bloggerlink"": ""blog.naver.com/msolog"", ""postdate"": ""20260524""}"
우베,preset,우베맛,을지로입구 카페 피그먼츠 <b>우베</b> 디저트 파는 곳,https://blog.naver.com/jurine8/224295172146,20260524,우베바스크치즈케이크 요렇게 옆으로 눕혀서 나오더라고요 ㅎㅎ 요렇게 되어 있으면~ 숟가락으로 한 번 맛있게 퍼줘야겠죠 부드럽고 촉촉한~ 바스크치즈케이큰데 <b>우베맛</b>이라 달달하니 맛있었어요 우베처럼... ,이것저것 다 해 보는 블로그,blog.naver.com/jurine8,naver_blog,우베맛,alias,1.0,2026-05-26T11:02:57.061617+00:00,0,0,0,0,이것저것 다 해 보는 블로그,우베바스크치즈케이크 요렇게 옆으로 눕혀서 나오더라고요 ㅎㅎ 요렇게 되어 있으면~ 숟가락으로 한 번 맛있게 퍼줘야겠죠 부드럽고 촉촉한~ 바스크치즈케이큰데 <b>우베맛</b>이라 달달하니 맛있었어요 우베처럼... ,"{""title"": ""을지로입구 카페 피그먼츠 <b>우베</b> 디저트 파는 곳"", ""link"": ""https://blog.naver.com/jurine8/224295172146"", ""description"": ""우베바스크치즈케이크 요렇게 옆으로 눕혀서 나오더라고요 ㅎㅎ 요렇게 되어 있으면~ 숟가락으로 한 번 맛있게 퍼줘야겠죠 부드럽고 촉촉한~ 바스크치즈케이큰데 <b>우베맛</b>이라 달달하니 맛있었어요 우베처럼... "", ""bloggername"": ""이것저것 다 해 보는 블로그"", ""bloggerlink"": ""blog.naver.com/jurine8"", ""postdate"": ""20260524""}"
우베,preset,우베맛,접근성 좋은 보라카이한식당 샤브칸 무제한삼겹살 먹기~!,https://blog.naver.com/beautyummylover/224295168482,20260524,제가 먹어본 아이스크림은 딸기맛과 보라색은 <b>우베맛</b>이였어요 담백하면서 달달해서 입가심으로 딱이였습니다. 따로 할로망고 가지 말고 여기서 아이스크림까지 다 드시고 가세요 ! ㅎㅎ 삼겹실 &amp; 차돌박이... ,제린님,blog.naver.com/beautyummylover,naver_blog,우베맛,alias,1.0,2026-05-26T11:02:57.061617+00:00,0,0,0,0,제린님,제가 먹어본 아이스크림은 딸기맛과 보라색은 <b>우베맛</b>이였어요 담백하면서 달달해서 입가심으로 딱이였습니다. 따로 할로망고 가지 말고 여기서 아이스크림까지 다 드시고 가세요 ! ㅎㅎ 삼겹실 &amp; 차돌박이... ,"{""title"": ""접근성 좋은 보라카이한식당 샤브칸 무제한삼겹살 먹기~!"", ""link"": ""https://blog.naver.com/beautyummylover/224295168482"", ""description"": ""제가 먹어본 아이스크림은 딸기맛과 보라색은 <b>우베맛</b>이였어요 담백하면서 달달해서 입가심으로 딱이였습니다. 따로 할로망고 가지 말고 여기서 아이스크림까지 다 드시고 가세요 ! ㅎㅎ 삼겹실 &amp; 차돌박이... "", ""bloggername"": ""제린님"", ""bloggerlink"": ""blog.naver.com/beautyummylover"", ""postdate"": ""20260524""}"
우베,preset,우베맛,양주이마트 애슐리 키위시즌 신세계상품권 사용가능,https://blog.naver.com/jamizzana/224295159531,20260524,한창 화제였던 우베디저트도 있었어요! 항상 저의 첫 접시는 샐러드! 남편과 함께 먹을양이라 항상... 사용가능함 ✔️<b>우베맛</b> 디저트도 있음 #애슐리퀸즈 #애슐리양주이마트 #양주애슐리 #양주이마트애슐리... ,리오와 현명하게 먹고 즐기기,blog.naver.com/jamizzana,naver_blog,우베맛,alias,1.0,2026-05-26T11:02:57.061617+00:00,0,0,0,0,리오와 현명하게 먹고 즐기기,한창 화제였던 우베디저트도 있었어요! 항상 저의 첫 접시는 샐러드! 남편과 함께 먹을양이라 항상... 사용가능함 ✔️<b>우베맛</b> 디저트도 있음 #애슐리퀸즈 #애슐리양주이마트 #양주애슐리 #양주이마트애슐리... ,"{""title"": ""양주이마트 애슐리 키위시즌 신세계상품권 사용가능"", ""link"": ""https://blog.naver.com/jamizzana/224295159531"", ""description"": ""한창 화제였던 우베디저트도 있었어요! 항상 저의 첫 접시는 샐러드! 남편과 함께 먹을양이라 항상... 사용가능함 ✔️<b>우베맛</b> 디저트도 있음 #애슐리퀸즈 #애슐리양주이마트 #양주애슐리 #양주이마트애슐리... "", ""bloggername"": ""리오와 현명하게 먹고 즐기기"", ""bloggerlink"": ""blog.naver.com/jamizzana"", ""postdate"": ""20260524""}"
우베,preset,우베맛,요즘 유행 그거 &lt;<b>우베</b>... 세븐일레븐 | CU ] + 타로와의 <b>맛</b> 차이,https://blog.naver.com/archiveisang/224295146687,20260524,"X <b>우베맛</b>이 많이 안나는데 디저트로는 괜찮았어서 차라리 다른 맛 도넛을 도전하는게 나을 것 같다 4️⃣ CU [ 연세우유 우베 생크림빵 ] \ 3,600 402kcal | 당류 14g 근본 크림빵. 연세입니다 다이어트할때... ",. · *˚ .,blog.naver.com/archiveisang,naver_blog,우베맛,alias,1.0,2026-05-26T11:02:57.061617+00:00,0,0,0,0,. · *˚ .,"X <b>우베맛</b>이 많이 안나는데 디저트로는 괜찮았어서 차라리 다른 맛 도넛을 도전하는게 나을 것 같다 4️⃣ CU [ 연세우유 우베 생크림빵 ] \ 3,600 402kcal | 당류 14g 근본 크림빵. 연세입니다 다이어트할때... ","{""title"": ""요즘 유행 그거 &lt;<b>우베</b>... 세븐일레븐 | CU ] + 타로와의 <b>맛</b> 차이"", ""link"": ""https://blog.naver.com/archiveisang/224295146687"", ""description"": ""X <b>우베맛</b>이 많이 안나는데 디저트로는 괜찮았어서 차라리 다른 맛 도넛을 도전하는게 나을 것 같다 4️⃣ CU [ 연세우유 우베 생크림빵 ] \\ 3,600 402kcal | 당류 14g 근본 크림빵. 연세입니다 다이어트할때... "", ""bloggername"": "". · *˚ ."", ""bloggerlink"": ""blog.naver.com/archiveisang"", ""postdate"": ""20260524""}"
우베,preset,우베맛,상왕십리카페 요즘 유행하는 보라빛 <b>우베</b> 빽다방 <b>우베</b>아이스크... ,https://blog.naver.com/riri_park/224295060869,20260524,빽다방 우베아이스크림 맛 후기 제가 느낀 맛은 공차 타로밀크티 맛이랑 정말 비슷했어요! 약간... 이번에는 아이스크림으로 먹어봤는데 다음엔 우베라떼도 한번 도전해보려고요! 요즘 유행하는 <b>우베맛</b>이... ,많이 먹고 뱃살댄스,blog.naver.com/riri_park,naver_blog,우베맛,alias,1.0,2026-05-26T11:02:57.061617+00:00,0,0,0,0,많이 먹고 뱃살댄스,빽다방 우베아이스크림 맛 후기 제가 느낀 맛은 공차 타로밀크티 맛이랑 정말 비슷했어요! 약간... 이번에는 아이스크림으로 먹어봤는데 다음엔 우베라떼도 한번 도전해보려고요! 요즘 유행하는 <b>우베맛</b>이... ,"{""title"": ""상왕십리카페 요즘 유행하는 보라빛 <b>우베</b> 빽다방 <b>우베</b>아이스크... "", ""link"": ""https://blog.naver.com/riri_park/224295060869"", ""description"": ""빽다방 우베아이스크림 맛 후기 제가 느낀 맛은 공차 타로밀크티 맛이랑 정말 비슷했어요! 약간... 이번에는 아이스크림으로 먹어봤는데 다음엔 우베라떼도 한번 도전해보려고요! 요즘 유행하는 <b>우베맛</b>이... "", ""bloggername"": ""많이 먹고 뱃살댄스"", ""bloggerlink"": ""blog.naver.com/riri_park"", ""postdate"": ""20260524""}"
우베,preset,우베맛,2월 스스로에게 칭찬박수,https://blog.naver.com/haharooroo/224295045359,20260524,우베 유행타기 전에 저는 필핀에서 우베를 배웠어요. 구매할때 뭔맛이냐 물어봤는데 그냥 맛있다고 필핀사람들은 <b>우베맛</b> 더 좋아한다고 사라해서 샀읍니다. 엄마가 해준 복주머니 떡국! 너무 기엽지요? 엄마가... ,얼굴PIZZA,blog.naver.com/haharooroo,naver_blog,우베맛,alias,1.0,2026-05-26T11:02:57.061617+00:00,0,0,0,0,얼굴PIZZA,우베 유행타기 전에 저는 필핀에서 우베를 배웠어요. 구매할때 뭔맛이냐 물어봤는데 그냥 맛있다고 필핀사람들은 <b>우베맛</b> 더 좋아한다고 사라해서 샀읍니다. 엄마가 해준 복주머니 떡국! 너무 기엽지요? 엄마가... ,"{""title"": ""2월 스스로에게 칭찬박수"", ""link"": ""https://blog.naver.com/haharooroo/224295045359"", ""description"": ""우베 유행타기 전에 저는 필핀에서 우베를 배웠어요. 구매할때 뭔맛이냐 물어봤는데 그냥 맛있다고 필핀사람들은 <b>우베맛</b> 더 좋아한다고 사라해서 샀읍니다. 엄마가 해준 복주머니 떡국! 너무 기엽지요? 엄마가... "", ""bloggername"": ""얼굴PIZZA"", ""bloggerlink"": ""blog.naver.com/haharooroo"", ""postdate"": ""20260524""}"
우베,preset,우베맛,금정구브런치맛집 신메뉴 <b>우베</b> 디저트들이 한가득인 셀라스,https://blog.naver.com/rladpwl7243/224295028595,20260524,"1개, 우베라떼, 우베 케이크, 아메리카노를 주문하여서 메뉴를 즐겨보기로 하였답니다 (마침... 드실때는 꼭 잘 섞어서 드셔야합니다 ( 그래야 <b>우베맛</b>이 더 진하고 고소하게 느껴지기 떄문에 꼭꼭 잘 섞어서... ",ひかり,blog.naver.com/rladpwl7243,naver_blog,우베맛,alias,1.0,2026-05-26T11:02:57.061617+00:00,0,0,0,0,ひかり,"1개, 우베라떼, 우베 케이크, 아메리카노를 주문하여서 메뉴를 즐겨보기로 하였답니다 (마침... 드실때는 꼭 잘 섞어서 드셔야합니다 ( 그래야 <b>우베맛</b>이 더 진하고 고소하게 느껴지기 떄문에 꼭꼭 잘 섞어서... ","{""title"": ""금정구브런치맛집 신메뉴 <b>우베</b> 디저트들이 한가득인 셀라스"", ""link"": ""https://blog.naver.com/rladpwl7243/224295028595"", ""description"": ""1개, 우베라떼, 우베 케이크, 아메리카노를 주문하여서 메뉴를 즐겨보기로 하였답니다 (마침... 드실때는 꼭 잘 섞어서 드셔야합니다 ( 그래야 <b>우베맛</b>이 더 진하고 고소하게 느껴지기 떄문에 꼭꼭 잘 섞어서... "", ""bloggername"": ""ひかり"", ""bloggerlink"": ""blog.naver.com/rladpwl7243"", ""postdate"": ""20260524""}"
우베,preset,우베맛,"도대체 <b>우베</b>가 뭐길래?! (<b>우베</b>생크림빵, <b>우베</b>크림도넛... ",https://blog.naver.com/cay97_blog/224294957204,20260524,"고소한 듯 달콤한 <b>우베맛</b> 가득한 우베크림도넛은 3,500원이며, 아몬드의 고소함에 짭짤한 밸런스까지 잡은 우베크림햄치즈샌드는 2,900원입니다. [세븐일레븐] 보랏빛 하이볼에 부드러운 밸런스까지! 우베... ",life is good,blog.naver.com/cay97_blog,naver_blog,우베맛,alias,1.0,2026-05-26T11:02:57.061617+00:00,0,0,0,0,life is good,"고소한 듯 달콤한 <b>우베맛</b> 가득한 우베크림도넛은 3,500원이며, 아몬드의 고소함에 짭짤한 밸런스까지 잡은 우베크림햄치즈샌드는 2,900원입니다. [세븐일레븐] 보랏빛 하이볼에 부드러운 밸런스까지! 우베... ","{""title"": ""도대체 <b>우베</b>가 뭐길래?! (<b>우베</b>생크림빵, <b>우베</b>크림도넛... "", ""link"": ""https://blog.naver.com/cay97_blog/224294957204"", ""description"": ""고소한 듯 달콤한 <b>우베맛</b> 가득한 우베크림도넛은 3,500원이며, 아몬드의 고소함에 짭짤한 밸런스까지 잡은 우베크림햄치즈샌드는 2,900원입니다. [세븐일레븐] 보랏빛 하이볼에 부드러운 밸런스까지! 우베... "", ""bloggername"": ""life is good"", ""bloggerlink"": ""blog.naver.com/cay97_blog"", ""postdate"": ""20260524""}"
우베,preset,우베맛,"세븐일레븐 편의점 신상 <b>우베</b>크림도넛, 짱셔요with슬라임... ",https://blog.naver.com/bbangsori0/224294740312,20260524,이 도넛 특유의 맛에 묻힘 ㅠ 그치만 자색고구마맛 아니고 은은한 <b>우베맛</b> 은 맞아요. 고구마맛 아닌 게 어디냐며 ㅠㅠ 그래서 한 입 한 입 맛있게는 먹었어요! 순삭 ㅎ 세븐일레븐 편의점 신상 우베크림도넛... ,여수 현지인 빵소리,blog.naver.com/bbangsori0,naver_blog,우베맛,alias,1.0,2026-05-26T11:02:57.061617+00:00,0,0,0,0,여수 현지인 빵소리,이 도넛 특유의 맛에 묻힘 ㅠ 그치만 자색고구마맛 아니고 은은한 <b>우베맛</b> 은 맞아요. 고구마맛 아닌 게 어디냐며 ㅠㅠ 그래서 한 입 한 입 맛있게는 먹었어요! 순삭 ㅎ 세븐일레븐 편의점 신상 우베크림도넛... ,"{""title"": ""세븐일레븐 편의점 신상 <b>우베</b>크림도넛, 짱셔요with슬라임... "", ""link"": ""https://blog.naver.com/bbangsori0/224294740312"", ""description"": ""이 도넛 특유의 맛에 묻힘 ㅠ 그치만 자색고구마맛 아니고 은은한 <b>우베맛</b> 은 맞아요. 고구마맛 아닌 게 어디냐며 ㅠㅠ 그래서 한 입 한 입 맛있게는 먹었어요! 순삭 ㅎ 세븐일레븐 편의점 신상 우베크림도넛... "", ""bloggername"": ""여수 현지인 빵소리"", ""bloggerlink"": ""blog.naver.com/bbangsori0"", ""postdate"": ""20260524""}"
우베,preset,우베맛,"쫀득초코칩, 카스타드피넛버터맛, 서울우유 <b>우베</b>크림소금빵",https://blog.naver.com/bbangsori0/224294738586,20260524,"gs편의점 신상 황치즈 쫀득초코칩, 카스타드피넛버터맛, 서울우유 우베크림소금빵 요즘 핫한 신상과자... 근데 ,,, 젤 중요한 크림이,,,, <b>우베맛</b> 아니고 자색고구마맛,,,, ㅠㅠㅠㅠㅠㅠ 이럴거면 이름 바꾸라규... ",여수 현지인 빵소리,blog.naver.com/bbangsori0,naver_blog,우베맛,alias,1.0,2026-05-26T11:02:57.061617+00:00,0,0,0,0,여수 현지인 빵소리,"gs편의점 신상 황치즈 쫀득초코칩, 카스타드피넛버터맛, 서울우유 우베크림소금빵 요즘 핫한 신상과자... 근데 ,,, 젤 중요한 크림이,,,, <b>우베맛</b> 아니고 자색고구마맛,,,, ㅠㅠㅠㅠㅠㅠ 이럴거면 이름 바꾸라규... ","{""title"": ""쫀득초코칩, 카스타드피넛버터맛, 서울우유 <b>우베</b>크림소금빵"", ""link"": ""https://blog.naver.com/bbangsori0/224294738586"", ""description"": ""gs편의점 신상 황치즈 쫀득초코칩, 카스타드피넛버터맛, 서울우유 우베크림소금빵 요즘 핫한 신상과자... 근데 ,,, 젤 중요한 크림이,,,, <b>우베맛</b> 아니고 자색고구마맛,,,, ㅠㅠㅠㅠㅠㅠ 이럴거면 이름 바꾸라규... "", ""bloggername"": ""여수 현지인 빵소리"", ""bloggerlink"": ""blog.naver.com/bbangsori0"", ""postdate"": ""20260524""}"
우베,preset,우베맛,"요즘 핫한 투썸플레이스 <b>우베</b> 쉐이크, 영롱한 비주얼에 달달함... ",https://blog.naver.com/qlrqodvhk/224294885433,20260524,<b>우베맛</b>이 나왔어요! 먹어보고싶었는데 밥을 넘 많이 먹어서 남은 공간이 없ㅇ ㅓ.. 수박쥬스랑 우베... 타로 맛 좋아하시는 분들은 드셔보시는걸 추천드려용 오늘도 재밌게 봐주셔서 감사해요~ 그럼 안뇽... ,초코의하루,blog.naver.com/qlrqodvhk,naver_blog,우베맛,alias,1.0,2026-05-26T11:02:57.061617+00:00,0,0,0,0,초코의하루,<b>우베맛</b>이 나왔어요! 먹어보고싶었는데 밥을 넘 많이 먹어서 남은 공간이 없ㅇ ㅓ.. 수박쥬스랑 우베... 타로 맛 좋아하시는 분들은 드셔보시는걸 추천드려용 오늘도 재밌게 봐주셔서 감사해요~ 그럼 안뇽... ,"{""title"": ""요즘 핫한 투썸플레이스 <b>우베</b> 쉐이크, 영롱한 비주얼에 달달함... "", ""link"": ""https://blog.naver.com/qlrqodvhk/224294885433"", ""description"": ""<b>우베맛</b>이 나왔어요! 먹어보고싶었는데 밥을 넘 많이 먹어서 남은 공간이 없ㅇ ㅓ.. 수박쥬스랑 우베... 타로 맛 좋아하시는 분들은 드셔보시는걸 추천드려용 오늘도 재밌게 봐주셔서 감사해요~ 그럼 안뇽... "", ""bloggername"": ""초코의하루"", ""bloggerlink"": ""blog.naver.com/qlrqodvhk"", ""postdate"": ""20260524""}"
우베,preset,우베맛,[신세계강남 이웃집통통이]이웃집통통이 베이글샌드 (<b>우베</b>... ,https://blog.naver.com/binarylhj/224294291815,20260524,"오늘은 신세계강남 스위트파크 이웃집통통이에서 사먹어본 두가지 과일산도, 우베 베이글샌드와... 베이글샌드 아쉬운 관계로 제철과일 <b>우베맛</b> 베이글샌드랑 청포도 봉봉 베이글 샌드 이렇게 두가지... ",서릿의 일상,blog.naver.com/binarylhj,naver_blog,우베맛,alias,1.0,2026-05-26T11:02:57.061617+00:00,0,0,0,0,서릿의 일상,"오늘은 신세계강남 스위트파크 이웃집통통이에서 사먹어본 두가지 과일산도, 우베 베이글샌드와... 베이글샌드 아쉬운 관계로 제철과일 <b>우베맛</b> 베이글샌드랑 청포도 봉봉 베이글 샌드 이렇게 두가지... ","{""title"": ""[신세계강남 이웃집통통이]이웃집통통이 베이글샌드 (<b>우베</b>... "", ""link"": ""https://blog.naver.com/binarylhj/224294291815"", ""description"": ""오늘은 신세계강남 스위트파크 이웃집통통이에서 사먹어본 두가지 과일산도, 우베 베이글샌드와... 베이글샌드 아쉬운 관계로 제철과일 <b>우베맛</b> 베이글샌드랑 청포도 봉봉 베이글 샌드 이렇게 두가지... "", ""bloggername"": ""서릿의 일상"", ""bloggerlink"": ""blog.naver.com/binarylhj"", ""postdate"": ""20260524""}"
우베,preset,우베맛,[영등포구/여의도역] 여의도 자동차 전시가 있는 이색 카페... ,https://blog.naver.com/humptydumpty100/224294737916,20260524,5 음료는 믿고 마시는 커피빈이였고 우베 + 까망베르 치즈 타르트는 오레오 쿠키랑 크림치즈맛이 찐하게 나는데 끝에 <b>우베맛</b>이 느껴지는 딱 무난하고 달달한 디저트였어용 음료 찍으면 바로 뒤에 자동차가... ,!(•̀ᴗ•́)و ̑̑,blog.naver.com/humptydumpty100,naver_blog,우베맛,alias,1.0,2026-05-26T11:02:57.061617+00:00,0,0,0,0,!(•̀ᴗ•́)و ̑̑,5 음료는 믿고 마시는 커피빈이였고 우베 + 까망베르 치즈 타르트는 오레오 쿠키랑 크림치즈맛이 찐하게 나는데 끝에 <b>우베맛</b>이 느껴지는 딱 무난하고 달달한 디저트였어용 음료 찍으면 바로 뒤에 자동차가... ,"{""title"": ""[영등포구/여의도역] 여의도 자동차 전시가 있는 이색 카페... "", ""link"": ""https://blog.naver.com/humptydumpty100/224294737916"", ""description"": ""5 음료는 믿고 마시는 커피빈이였고 우베 + 까망베르 치즈 타르트는 오레오 쿠키랑 크림치즈맛이 찐하게 나는데 끝에 <b>우베맛</b>이 느껴지는 딱 무난하고 달달한 디저트였어용 음료 찍으면 바로 뒤에 자동차가... "", ""bloggername"": ""!(•̀ᴗ•́)و ̑̑"", ""bloggerlink"": ""blog.naver.com/humptydumpty100"", ""postdate"": ""20260524""}"
우베,preset,우베맛,<b>우베</b> 뜻 <b>맛</b> <b>우베</b>효능 5가지,https://blog.naver.com/erot1501/224294716874,20260524,"<b>우베</b>는 필리핀 등 동남아 지역에서 자주 사용되는 보라색 마(얌) 계열 식재료로, 특유의 선명한... 또한 <b>우베</b>는 단순히 색감이 예쁜 식재료를 넘어서 항산화 성분과 영양소를 포함한 건강식 재료로도 알려져... ",쪼그리의 일기장,blog.naver.com/erot1501,naver_blog,우베맛,alias,1.0,2026-05-26T11:02:57.061617+00:00,0,0,0,0,쪼그리의 일기장,"<b>우베</b>는 필리핀 등 동남아 지역에서 자주 사용되는 보라색 마(얌) 계열 식재료로, 특유의 선명한... 또한 <b>우베</b>는 단순히 색감이 예쁜 식재료를 넘어서 항산화 성분과 영양소를 포함한 건강식 재료로도 알려져... ","{""title"": ""<b>우베</b> 뜻 <b>맛</b> <b>우베</b>효능 5가지"", ""link"": ""https://blog.naver.com/erot1501/224294716874"", ""description"": ""<b>우베</b>는 필리핀 등 동남아 지역에서 자주 사용되는 보라색 마(얌) 계열 식재료로, 특유의 선명한... 또한 <b>우베</b>는 단순히 색감이 예쁜 식재료를 넘어서 항산화 성분과 영양소를 포함한 건강식 재료로도 알려져... "", ""bloggername"": ""쪼그리의 일기장"", ""bloggerlink"": ""blog.naver.com/erot1501"", ""postdate"": ""20260524""}"
우베,preset,우베맛,제 일상공유 입니다,https://blog.naver.com/csa060421/224294711699,20260524,걍 인사만 하고 온 사람 된 날 <b>우베맛</b> 젤라또 와플. 첨엔 맛있었는데 갈수록 느끼하고... 물리고.... 절반 먹다 버림 ㅜㅜ 과제하다 힘들 땐... 담타 아니고 비타 비눗방울 타임 가집니다 밤샘 과제 25학번 x26 학번... ,음,blog.naver.com/csa060421,naver_blog,우베맛,alias,1.0,2026-05-26T11:02:57.061617+00:00,0,0,0,0,음,걍 인사만 하고 온 사람 된 날 <b>우베맛</b> 젤라또 와플. 첨엔 맛있었는데 갈수록 느끼하고... 물리고.... 절반 먹다 버림 ㅜㅜ 과제하다 힘들 땐... 담타 아니고 비타 비눗방울 타임 가집니다 밤샘 과제 25학번 x26 학번... ,"{""title"": ""제 일상공유 입니다"", ""link"": ""https://blog.naver.com/csa060421/224294711699"", ""description"": ""걍 인사만 하고 온 사람 된 날 <b>우베맛</b> 젤라또 와플. 첨엔 맛있었는데 갈수록 느끼하고... 물리고.... 절반 먹다 버림 ㅜㅜ 과제하다 힘들 땐... 담타 아니고 비타 비눗방울 타임 가집니다 밤샘 과제 25학번 x26 학번... "", ""bloggername"": ""음"", ""bloggerlink"": ""blog.naver.com/csa060421"", ""postdate"": ""20260524""}"
우베,preset,우베맛,베이크하우스 <b>우베</b>롤 CU 가격 칼로리 내돈내산 솔직후기,https://blog.naver.com/disruptive-heaju/224294672241,20260523,위에 드리즐해서 올라간 우베가 다더라고요 정말 <b>우베맛</b> 안날거같아요.. 빵함량은 엄청나네요 곳곳에 뚫려있는 구멍에 우베색깔이 돌긴하는데 과연 맛이날까요..? 뜯어서 향을 맡아보니 타로향이났는데요... ,신상털이 흐주의 푸드리뷰,blog.naver.com/disruptive-heaju,naver_blog,우베맛,alias,1.0,2026-05-26T11:02:57.061617+00:00,0,0,0,0,신상털이 흐주의 푸드리뷰,위에 드리즐해서 올라간 우베가 다더라고요 정말 <b>우베맛</b> 안날거같아요.. 빵함량은 엄청나네요 곳곳에 뚫려있는 구멍에 우베색깔이 돌긴하는데 과연 맛이날까요..? 뜯어서 향을 맡아보니 타로향이났는데요... ,"{""title"": ""베이크하우스 <b>우베</b>롤 CU 가격 칼로리 내돈내산 솔직후기"", ""link"": ""https://blog.naver.com/disruptive-heaju/224294672241"", ""description"": ""위에 드리즐해서 올라간 우베가 다더라고요 정말 <b>우베맛</b> 안날거같아요.. 빵함량은 엄청나네요 곳곳에 뚫려있는 구멍에 우베색깔이 돌긴하는데 과연 맛이날까요..? 뜯어서 향을 맡아보니 타로향이났는데요... "", ""bloggername"": ""신상털이 흐주의 푸드리뷰"", ""bloggerlink"": ""blog.naver.com/disruptive-heaju"", ""postdate"": ""20260523""}"
우베,preset,우베맛,요거트립 <b>우베</b> <b>우베</b>아이스크림 '마이요거트립 주월점' 리얼후기,https://blog.naver.com/yjllow/224294668476,20260523,광주신상맛집 #광주신상카페 #광주맛집추천 #디저트맛집 #아이스크림맛집 #요거트아이스크림 #요거트아이스크림추천 #<b>우베맛</b> #우베효능 #퍼플얌 #우베디저트 #보라색디저트 #카페투어 #일상 #서이추,북짹한세상,blog.naver.com/yjllow,naver_blog,우베맛,alias,1.0,2026-05-26T11:02:57.061617+00:00,0,0,0,0,북짹한세상,광주신상맛집 #광주신상카페 #광주맛집추천 #디저트맛집 #아이스크림맛집 #요거트아이스크림 #요거트아이스크림추천 #<b>우베맛</b> #우베효능 #퍼플얌 #우베디저트 #보라색디저트 #카페투어 #일상 #서이추,"{""title"": ""요거트립 <b>우베</b> <b>우베</b>아이스크림 '마이요거트립 주월점' 리얼후기"", ""link"": ""https://blog.naver.com/yjllow/224294668476"", ""description"": ""광주신상맛집 #광주신상카페 #광주맛집추천 #디저트맛집 #아이스크림맛집 #요거트아이스크림 #요거트아이스크림추천 #<b>우베맛</b> #우베효능 #퍼플얌 #우베디저트 #보라색디저트 #카페투어 #일상 #서이추"", ""bloggername"": ""북짹한세상"", ""bloggerlink"": ""blog.naver.com/yjllow"", ""postdate"": ""20260523""}"
우베,preset,우베맛,일주차,https://blog.naver.com/moon_soyaaa/224294656470,20260523,"곱창이나 먹자 카공 가서 우베 아박도 먹었다 <b>우베맛</b>인진 모르겠지만 난 그냥 아박보다 맛있든데 사과에 땅버, 토달볶으로 주일 아침 작년부터 가보고 싶던 샌드위치집 인기 츠암 많드라 포장하고 마로니에 공원... ",소영이의 세상구경,blog.naver.com/moon_soyaaa,naver_blog,우베맛,alias,1.0,2026-05-26T11:02:57.061617+00:00,0,0,0,0,소영이의 세상구경,"곱창이나 먹자 카공 가서 우베 아박도 먹었다 <b>우베맛</b>인진 모르겠지만 난 그냥 아박보다 맛있든데 사과에 땅버, 토달볶으로 주일 아침 작년부터 가보고 싶던 샌드위치집 인기 츠암 많드라 포장하고 마로니에 공원... ","{""title"": ""일주차"", ""link"": ""https://blog.naver.com/moon_soyaaa/224294656470"", ""description"": ""곱창이나 먹자 카공 가서 우베 아박도 먹었다 <b>우베맛</b>인진 모르겠지만 난 그냥 아박보다 맛있든데 사과에 땅버, 토달볶으로 주일 아침 작년부터 가보고 싶던 샌드위치집 인기 츠암 많드라 포장하고 마로니에 공원... "", ""bloggername"": ""소영이의 세상구경"", ""bloggerlink"": ""blog.naver.com/moon_soyaaa"", ""postdate"": ""20260523""}"
우베,preset,우베맛,KT 5월 고객 보답 프로그램 - 투썸으로 신상 <b>우베</b> 라떼 먹은 후기!,https://blog.naver.com/null771/224294655170,20260523,"맛: 그냥 단맛만 나는 게 아니라 바닐라, 화이트 초콜릿, 고소한 견과류(피스타치오나 코코넛 등)가... 5월 초 아이스 음료 판매 15% 증가 이데일리 #카페신상 #투썸플레이스신상 #우베 #우베라떼 #<b>우베맛</b>",우당탕탕 일상 기록,blog.naver.com/null771,naver_blog,우베맛,alias,1.0,2026-05-26T11:02:57.061617+00:00,0,0,0,0,우당탕탕 일상 기록,"맛: 그냥 단맛만 나는 게 아니라 바닐라, 화이트 초콜릿, 고소한 견과류(피스타치오나 코코넛 등)가... 5월 초 아이스 음료 판매 15% 증가 이데일리 #카페신상 #투썸플레이스신상 #우베 #우베라떼 #<b>우베맛</b>","{""title"": ""KT 5월 고객 보답 프로그램 - 투썸으로 신상 <b>우베</b> 라떼 먹은 후기!"", ""link"": ""https://blog.naver.com/null771/224294655170"", ""description"": ""맛: 그냥 단맛만 나는 게 아니라 바닐라, 화이트 초콜릿, 고소한 견과류(피스타치오나 코코넛 등)가... 5월 초 아이스 음료 판매 15% 증가 이데일리 #카페신상 #투썸플레이스신상 #우베 #우베라떼 #<b>우베맛</b>"", ""bloggername"": ""우당탕탕 일상 기록"", ""bloggerlink"": ""blog.naver.com/null771"", ""postdate"": ""20260523""}"
우베,preset,우베맛,김해 장유 김치찜 맛집 / 김치옥 장유 밥집 찐 후기 [율하2지구... ,https://blog.naver.com/kimbirdiechance/224294641542,20260523,핫템 우베가루… 않이 샂앙님;;; 당신께 최고의 마케팅 상 드리겠습니다~~~? 최고의 깔끔상도 드릴게요... 유행하는 <b>우베맛</b> 아이스크림도 가져다먹을 수 있음ㄹㅇ개꿀이다 ➿3) 그냥 기분 좋았음. 일하시는... ,사사소소한 행복 기록,blog.naver.com/kimbirdiechance,naver_blog,우베맛,alias,1.0,2026-05-26T11:02:57.061617+00:00,0,0,0,0,사사소소한 행복 기록,핫템 우베가루… 않이 샂앙님;;; 당신께 최고의 마케팅 상 드리겠습니다~~~? 최고의 깔끔상도 드릴게요... 유행하는 <b>우베맛</b> 아이스크림도 가져다먹을 수 있음ㄹㅇ개꿀이다 ➿3) 그냥 기분 좋았음. 일하시는... ,"{""title"": ""김해 장유 김치찜 맛집 / 김치옥 장유 밥집 찐 후기 [율하2지구... "", ""link"": ""https://blog.naver.com/kimbirdiechance/224294641542"", ""description"": ""핫템 우베가루… 않이 샂앙님;;; 당신께 최고의 마케팅 상 드리겠습니다~~~? 최고의 깔끔상도 드릴게요... 유행하는 <b>우베맛</b> 아이스크림도 가져다먹을 수 있음ㄹㅇ개꿀이다 ➿3) 그냥 기분 좋았음. 일하시는... "", ""bloggername"": ""사사소소한 행복 기록"", ""bloggerlink"": ""blog.naver.com/kimbirdiechance"", ""postdate"": ""20260523""}"
우베,preset,우베맛,GS25 신상 디저트 : 동물성생크림 서울우유 <b>우베</b>크림소금빵... ,https://blog.naver.com/rinnn_b/224294640781,20260523,안녕하세요 오랜만에 오늘의 편의점 리뷰는 GS25편의점에 갔다가 우베크림소금빵을 담아봤습니다 서울우유에서 나온 제품으로 <b>우베맛</b>은 처음 보는 거라서 어떤 맛일지 궁금해서 한번 먹어보려고 가져왔음... ,✨ 해니의 일상 ✨,blog.naver.com/rinnn_b,naver_blog,우베맛,alias,1.0,2026-05-26T11:02:57.061617+00:00,0,0,0,0,✨ 해니의 일상 ✨,안녕하세요 오랜만에 오늘의 편의점 리뷰는 GS25편의점에 갔다가 우베크림소금빵을 담아봤습니다 서울우유에서 나온 제품으로 <b>우베맛</b>은 처음 보는 거라서 어떤 맛일지 궁금해서 한번 먹어보려고 가져왔음... ,"{""title"": ""GS25 신상 디저트 : 동물성생크림 서울우유 <b>우베</b>크림소금빵... "", ""link"": ""https://blog.naver.com/rinnn_b/224294640781"", ""description"": ""안녕하세요 오랜만에 오늘의 편의점 리뷰는 GS25편의점에 갔다가 우베크림소금빵을 담아봤습니다 서울우유에서 나온 제품으로 <b>우베맛</b>은 처음 보는 거라서 어떤 맛일지 궁금해서 한번 먹어보려고 가져왔음... "", ""bloggername"": ""✨ 해니의 일상 ✨"", ""bloggerlink"": ""blog.naver.com/rinnn_b"", ""postdate"": ""20260523""}"
우베,preset,우베맛,집에서 <b>우베</b>빙수 만들기 이거 맞죠?,https://blog.naver.com/inhwa1993/224294583086,20260523,에라~~~이ㅋㅋㅋ 일단 넣어 보니ㅋㅋ 바닥까지 긁어서 팥이랑 골고루 섞고 우베가루도 섞어 줬더니!! 궁금하죠? <b>우베맛</b>이 나려면 많이 넣었어야 했는데 겨우 반티스푼이니까~~~ 뭐~~나름 맛은 느껴지긴 했어요.... ,고양이 먼지와 쓰는 하루하루 다이어리,blog.naver.com/inhwa1993,naver_blog,우베맛,alias,1.0,2026-05-26T11:02:57.061617+00:00,0,0,0,0,고양이 먼지와 쓰는 하루하루 다이어리,에라~~~이ㅋㅋㅋ 일단 넣어 보니ㅋㅋ 바닥까지 긁어서 팥이랑 골고루 섞고 우베가루도 섞어 줬더니!! 궁금하죠? <b>우베맛</b>이 나려면 많이 넣었어야 했는데 겨우 반티스푼이니까~~~ 뭐~~나름 맛은 느껴지긴 했어요.... ,"{""title"": ""집에서 <b>우베</b>빙수 만들기 이거 맞죠?"", ""link"": ""https://blog.naver.com/inhwa1993/224294583086"", ""description"": ""에라~~~이ㅋㅋㅋ 일단 넣어 보니ㅋㅋ 바닥까지 긁어서 팥이랑 골고루 섞고 우베가루도 섞어 줬더니!! 궁금하죠? <b>우베맛</b>이 나려면 많이 넣었어야 했는데 겨우 반티스푼이니까~~~ 뭐~~나름 맛은 느껴지긴 했어요.... "", ""bloggername"": ""고양이 먼지와 쓰는 하루하루 다이어리"", ""bloggerlink"": ""blog.naver.com/inhwa1993"", ""postdate"": ""20260523""}"
우베,preset,우배,하루 온종일 먹기만 하네요 일상,https://blog.naver.com/popsmommy/224297042589,20260526,쟁여둔 것으로 과시하는 것 요즘 유행하는 천연위고비 맛있는 이유=비싼 올리브오일 씀 어제 먹다 남은 말차머시기 마저 먹기 아침국수 오픈런 때려주고 하도 <b>우배</b> <b>우배</b> 해서 먹어봤는데 !!!!!! <b>우배</b> <b>우배</b> 하는... ,의식의 흐름대로 살아가는 현저미 일상 기록,blog.naver.com/popsmommy,naver_blog,우배,typo,0.8,2026-05-26T11:02:57.061617+00:00,0,0,0,0,의식의 흐름대로 살아가는 현저미 일상 기록,쟁여둔 것으로 과시하는 것 요즘 유행하는 천연위고비 맛있는 이유=비싼 올리브오일 씀 어제 먹다 남은 말차머시기 마저 먹기 아침국수 오픈런 때려주고 하도 <b>우배</b> <b>우배</b> 해서 먹어봤는데 !!!!!! <b>우배</b> <b>우배</b> 하는... ,"{""title"": ""하루 온종일 먹기만 하네요 일상"", ""link"": ""https://blog.naver.com/popsmommy/224297042589"", ""description"": ""쟁여둔 것으로 과시하는 것 요즘 유행하는 천연위고비 맛있는 이유=비싼 올리브오일 씀 어제 먹다 남은 말차머시기 마저 먹기 아침국수 오픈런 때려주고 하도 <b>우배</b> <b>우배</b> 해서 먹어봤는데 !!!!!! <b>우배</b> <b>우배</b> 하는... "", ""bloggername"": ""의식의 흐름대로 살아가는 현저미 일상 기록"", ""bloggerlink"": ""blog.naver.com/popsmommy"", ""postdate"": ""20260526""}"
우베,preset,우배,[성수] 하츠 베이커리 - 1시간 웨이팅으로 얻어낸 맘모스와... ,https://blog.naver.com/great_world/224296234877,20260525,<b>우배</b>만 보고 그냥 구매해본건데 다른 크림빵에 비해서는 더 추천 사진처럼 치즈 케이크 레이어가 하나 들어가 있는데 덕분에 크림만 있는 샌드베이글에 비하면 ✅️ 훨씬 덜 느끼하다. <b>우배</b> 자체도 엄청... ,평범한 에너지,blog.naver.com/great_world,naver_blog,우배,typo,0.8,2026-05-26T11:02:57.061617+00:00,0,0,0,0,평범한 에너지,<b>우배</b>만 보고 그냥 구매해본건데 다른 크림빵에 비해서는 더 추천 사진처럼 치즈 케이크 레이어가 하나 들어가 있는데 덕분에 크림만 있는 샌드베이글에 비하면 ✅️ 훨씬 덜 느끼하다. <b>우배</b> 자체도 엄청... ,"{""title"": ""[성수] 하츠 베이커리 - 1시간 웨이팅으로 얻어낸 맘모스와... "", ""link"": ""https://blog.naver.com/great_world/224296234877"", ""description"": ""<b>우배</b>만 보고 그냥 구매해본건데 다른 크림빵에 비해서는 더 추천 사진처럼 치즈 케이크 레이어가 하나 들어가 있는데 덕분에 크림만 있는 샌드베이글에 비하면 ✅️ 훨씬 덜 느끼하다. <b>우배</b> 자체도 엄청... "", ""bloggername"": ""평범한 에너지"", ""bloggerlink"": ""blog.naver.com/great_world"", ""postdate"": ""20260525""}"
우베,preset,우배,"[20260525 일상] 성수동부터 서울숲까지, 거누랑 다녀온... ",https://blog.naver.com/thorpapa_/224296211914,20260525,"자주 와도 좋을듯(?)) ㅎㅎㅎㅎㅎㅎㅎㅎㅎㅎㅎㅎㅎㅎ 점심과 간식을 한가득 먹은 건<b>우배</b>는 못본 척 해주세요 ㅎㅎㅎㅎ ㅎㅎㅎㅎㅎㅎㅎ 귀엽지않나요...ㅎㅎㅎ 저도 가보고 알았는데, 현재 서울숲에는 행사가... ",거누파파의 일상이야기✨,blog.naver.com/thorpapa_,naver_blog,우배,typo,0.8,2026-05-26T11:02:57.061617+00:00,0,0,0,0,거누파파의 일상이야기✨,"자주 와도 좋을듯(?)) ㅎㅎㅎㅎㅎㅎㅎㅎㅎㅎㅎㅎㅎㅎ 점심과 간식을 한가득 먹은 건<b>우배</b>는 못본 척 해주세요 ㅎㅎㅎㅎ ㅎㅎㅎㅎㅎㅎㅎ 귀엽지않나요...ㅎㅎㅎ 저도 가보고 알았는데, 현재 서울숲에는 행사가... ","{""title"": ""[20260525 일상] 성수동부터 서울숲까지, 거누랑 다녀온... "", ""link"": ""https://blog.naver.com/thorpapa_/224296211914"", ""description"": ""자주 와도 좋을듯(?)) ㅎㅎㅎㅎㅎㅎㅎㅎㅎㅎㅎㅎㅎㅎ 점심과 간식을 한가득 먹은 건<b>우배</b>는 못본 척 해주세요 ㅎㅎㅎㅎ ㅎㅎㅎㅎㅎㅎㅎ 귀엽지않나요...ㅎㅎㅎ 저도 가보고 알았는데, 현재 서울숲에는 행사가... "", ""bloggername"": ""거누파파의 일상이야기✨"", ""bloggerlink"": ""blog.naver.com/thorpapa_"", ""postdate"": ""20260525""}"
우베,preset,우배,"<b>우배</b> 홀릭..!!!투썸 우베쉐이크,파리바게트 우베생크림빵 너무... ",https://blog.naver.com/flry0105/224296170849,20260525,투썸 우베쉐이크 파리바게트 우베생크림빵 너무 내 스타일이야,먹고 즐기기엔 하루가 너무 부족해..,blog.naver.com/flry0105,naver_blog,우배,typo,0.8,2026-05-26T11:02:57.061617+00:00,0,0,0,0,먹고 즐기기엔 하루가 너무 부족해..,투썸 우베쉐이크 파리바게트 우베생크림빵 너무 내 스타일이야,"{""title"": ""<b>우배</b> 홀릭..!!!투썸 우베쉐이크,파리바게트 우베생크림빵 너무... "", ""link"": ""https://blog.naver.com/flry0105/224296170849"", ""description"": ""투썸 우베쉐이크 파리바게트 우베생크림빵 너무 내 스타일이야"", ""bloggername"": ""먹고 즐기기엔 하루가 너무 부족해.."", ""bloggerlink"": ""blog.naver.com/flry0105"", ""postdate"": ""20260525""}"
우베,preset,우배,영등포 베이커리 카페?여기가 킥인데 어딜 가 두바이 두쫀쿠... ,https://blog.naver.com/dalcomm1/224295960424,20260525,"영등포구 경인로 853 1~2층 ⏰ 매일 8:00 ~ 23:00 ❤️ 연중무휴, 두쫀쿠 1인 갯수 제한 없음  주차 불가 콘센트 창가 자리 다수 원두 취저 실패, 크림은 존맛 그 외 음료 굿 (<b>우배</b> 개존맛도리) 베이커리 말뭐말뭐 포장ㄱ... ","eat, play, love!",blog.naver.com/dalcomm1,naver_blog,우배,typo,0.8,2026-05-26T11:02:57.061617+00:00,0,0,0,0,"eat, play, love!","영등포구 경인로 853 1~2층 ⏰ 매일 8:00 ~ 23:00 ❤️ 연중무휴, 두쫀쿠 1인 갯수 제한 없음  주차 불가 콘센트 창가 자리 다수 원두 취저 실패, 크림은 존맛 그 외 음료 굿 (<b>우배</b> 개존맛도리) 베이커리 말뭐말뭐 포장ㄱ... ","{""title"": ""영등포 베이커리 카페?여기가 킥인데 어딜 가 두바이 두쫀쿠... "", ""link"": ""https://blog.naver.com/dalcomm1/224295960424"", ""description"": ""영등포구 경인로 853 1~2층 ⏰ 매일 8:00 ~ 23:00 ❤️ 연중무휴, 두쫀쿠 1인 갯수 제한 없음  주차 불가 콘센트 창가 자리 다수 원두 취저 실패, 크림은 존맛 그 외 음료 굿 (<b>우배</b> 개존맛도리) 베이커리 말뭐말뭐 포장ㄱ... "", ""bloggername"": ""eat, play, love!"", ""bloggerlink"": ""blog.naver.com/dalcomm1"", ""postdate"": ""20260525""}"
우베,preset,우배,성수 분위기 좋은 감성카페 성수역 카페 비아트 인절미크로플... ,https://blog.naver.com/dbstjs92345/224295903305,20260525,근데 생각보다 우베 맛이 진하지는 않았어요 은은하게 들어가있는 느낌이랄까 쫄깃 쫄깃 인절미도 먹고 디저트 고민하신다면 <b>우배</b> 인절미 크로플 추천드려요 ㅎㅎ 크로플 자체가 맛있어서 일반 크로플에... ,c'est la vie,blog.naver.com/dbstjs92345,naver_blog,우배,typo,0.8,2026-05-26T11:02:57.061617+00:00,0,0,0,0,c'est la vie,근데 생각보다 우베 맛이 진하지는 않았어요 은은하게 들어가있는 느낌이랄까 쫄깃 쫄깃 인절미도 먹고 디저트 고민하신다면 <b>우배</b> 인절미 크로플 추천드려요 ㅎㅎ 크로플 자체가 맛있어서 일반 크로플에... ,"{""title"": ""성수 분위기 좋은 감성카페 성수역 카페 비아트 인절미크로플... "", ""link"": ""https://blog.naver.com/dbstjs92345/224295903305"", ""description"": ""근데 생각보다 우베 맛이 진하지는 않았어요 은은하게 들어가있는 느낌이랄까 쫄깃 쫄깃 인절미도 먹고 디저트 고민하신다면 <b>우배</b> 인절미 크로플 추천드려요 ㅎㅎ 크로플 자체가 맛있어서 일반 크로플에... "", ""bloggername"": ""c'est la vie"", ""bloggerlink"": ""blog.naver.com/dbstjs92345"", ""postdate"": ""20260525""}"
우베,preset,우배,UBEBE,https://blog.naver.com/macra55/224295892894,20260525,"세 번째 발걸음, ‘<b>우배</b> 유베베(Ubebe)’가 주는 구원 화끈해진 속을 달래기 위해 본능적으로 발걸음이 향한 곳은 벌써 세 번째 찾고 있는 카페, 유베베(Ubebe)다. 파란 불빛 아래 익살스럽게 혀를 내밀고 있는... ",애틋하다,blog.naver.com/macra55,naver_blog,우배,typo,0.8,2026-05-26T11:02:57.061617+00:00,0,0,0,0,애틋하다,"세 번째 발걸음, ‘<b>우배</b> 유베베(Ubebe)’가 주는 구원 화끈해진 속을 달래기 위해 본능적으로 발걸음이 향한 곳은 벌써 세 번째 찾고 있는 카페, 유베베(Ubebe)다. 파란 불빛 아래 익살스럽게 혀를 내밀고 있는... ","{""title"": ""UBEBE"", ""link"": ""https://blog.naver.com/macra55/224295892894"", ""description"": ""세 번째 발걸음, ‘<b>우배</b> 유베베(Ubebe)’가 주는 구원 화끈해진 속을 달래기 위해 본능적으로 발걸음이 향한 곳은 벌써 세 번째 찾고 있는 카페, 유베베(Ubebe)다. 파란 불빛 아래 익살스럽게 혀를 내밀고 있는... "", ""bloggername"": ""애틋하다"", ""bloggerlink"": ""blog.naver.com/macra55"", ""postdate"": ""20260525""}"
우베,preset,우배,題畵제화- 袁枚(원매),https://blog.naver.com/ksja105/224295864887,20260525,"마을 해질녘에 날이 개이니, 桃花映水鮮(도화영수선) 복숭아 꽃이 선명한 물위에 비치네. 牧童何處去(목동하처거) 소를 치는 아이는 어디로 갔는가? 牛背一鷗眠(<b>우배</b>일구면) 소등에서 갈매기 한 마리 쉬고 있네.",ksja105님의 블로그,blog.naver.com/ksja105,naver_blog,우배,typo,0.8,2026-05-26T11:02:57.061617+00:00,0,0,0,0,ksja105님의 블로그,"마을 해질녘에 날이 개이니, 桃花映水鮮(도화영수선) 복숭아 꽃이 선명한 물위에 비치네. 牧童何處去(목동하처거) 소를 치는 아이는 어디로 갔는가? 牛背一鷗眠(<b>우배</b>일구면) 소등에서 갈매기 한 마리 쉬고 있네.","{""title"": ""題畵제화- 袁枚(원매)"", ""link"": ""https://blog.naver.com/ksja105/224295864887"", ""description"": ""마을 해질녘에 날이 개이니, 桃花映水鮮(도화영수선) 복숭아 꽃이 선명한 물위에 비치네. 牧童何處去(목동하처거) 소를 치는 아이는 어디로 갔는가? 牛背一鷗眠(<b>우배</b>일구면) 소등에서 갈매기 한 마리 쉬고 있네."", ""bloggername"": ""ksja105님의 블로그"", ""bloggerlink"": ""blog.naver.com/ksja105"", ""postdate"": ""20260525""}"
우베,preset,우배,"임지연, 이도현 향한 폭탄 고백에 현장 초토화... 도대체 무슨... ",https://blog.naver.com/daily_health_rep/224295416413,20260525,2026년 대세 배우 임지연의 남다른 존재감 임지연 씨는 이제 단순한 <b>우배</b>를 넘어 아이콘으로 자리 잡았습니다 작품마다 변신을 거듭하며 연기력까지 인정받은 그녀가 예능에서도 이렇게 맹활약하는 모습은... ,오늘도 이슈다,blog.naver.com/daily_health_rep,naver_blog,우배,typo,0.8,2026-05-26T11:02:57.061617+00:00,0,0,0,0,오늘도 이슈다,2026년 대세 배우 임지연의 남다른 존재감 임지연 씨는 이제 단순한 <b>우배</b>를 넘어 아이콘으로 자리 잡았습니다 작품마다 변신을 거듭하며 연기력까지 인정받은 그녀가 예능에서도 이렇게 맹활약하는 모습은... ,"{""title"": ""임지연, 이도현 향한 폭탄 고백에 현장 초토화... 도대체 무슨... "", ""link"": ""https://blog.naver.com/daily_health_rep/224295416413"", ""description"": ""2026년 대세 배우 임지연의 남다른 존재감 임지연 씨는 이제 단순한 <b>우배</b>를 넘어 아이콘으로 자리 잡았습니다 작품마다 변신을 거듭하며 연기력까지 인정받은 그녀가 예능에서도 이렇게 맹활약하는 모습은... "", ""bloggername"": ""오늘도 이슈다"", ""bloggerlink"": ""blog.naver.com/daily_health_rep"", ""postdate"": ""20260525""}"
우베,preset,우배,압구정 로데오 맛집 수제막걸리 우베막걸리가 있는 퓨전한식... ,https://blog.naver.com/lhjlimtak/224295612959,20260525,그냥 <b>우배</b> 음료를 먹는 듯한 느낌이었어요. 계속 먹고 싶어지는 맛이네요. 삼겹수육과 보쌈김치 35000원 야들야들한 삼겹보쌈과 함께 무생채와 보쌈 김치가 나왔어요. 김치에는 달짝지근한 맛이 가미된... ,림탁 블로그,blog.naver.com/lhjlimtak,naver_blog,우배,typo,0.8,2026-05-26T11:02:57.061617+00:00,0,0,0,0,림탁 블로그,그냥 <b>우배</b> 음료를 먹는 듯한 느낌이었어요. 계속 먹고 싶어지는 맛이네요. 삼겹수육과 보쌈김치 35000원 야들야들한 삼겹보쌈과 함께 무생채와 보쌈 김치가 나왔어요. 김치에는 달짝지근한 맛이 가미된... ,"{""title"": ""압구정 로데오 맛집 수제막걸리 우베막걸리가 있는 퓨전한식... "", ""link"": ""https://blog.naver.com/lhjlimtak/224295612959"", ""description"": ""그냥 <b>우배</b> 음료를 먹는 듯한 느낌이었어요. 계속 먹고 싶어지는 맛이네요. 삼겹수육과 보쌈김치 35000원 야들야들한 삼겹보쌈과 함께 무생채와 보쌈 김치가 나왔어요. 김치에는 달짝지근한 맛이 가미된... "", ""bloggername"": ""림탁 블로그"", ""bloggerlink"": ""blog.naver.com/lhjlimtak"", ""postdate"": ""20260525""}"
우베,preset,우배,베스투푸렌드,https://blog.naver.com/m1zxe/224295476207,20260525,뭐 암튼 나중에 성공하겠지..^^ 이 사진은 나영이랑 만나서 애슐리가서 밥먹은건데 까먹어서 마지막 디저트사진인데 저 보라색은 <b>우배</b>치즈케이크인데 애초에 치즈케이크도안좋아해서난 별로..구 키위 에이드랑... ,생존일기,blog.naver.com/m1zxe,naver_blog,우배,typo,0.8,2026-05-26T11:02:57.061617+00:00,0,0,0,0,생존일기,뭐 암튼 나중에 성공하겠지..^^ 이 사진은 나영이랑 만나서 애슐리가서 밥먹은건데 까먹어서 마지막 디저트사진인데 저 보라색은 <b>우배</b>치즈케이크인데 애초에 치즈케이크도안좋아해서난 별로..구 키위 에이드랑... ,"{""title"": ""베스투푸렌드"", ""link"": ""https://blog.naver.com/m1zxe/224295476207"", ""description"": ""뭐 암튼 나중에 성공하겠지..^^ 이 사진은 나영이랑 만나서 애슐리가서 밥먹은건데 까먹어서 마지막 디저트사진인데 저 보라색은 <b>우배</b>치즈케이크인데 애초에 치즈케이크도안좋아해서난 별로..구 키위 에이드랑... "", ""bloggername"": ""생존일기"", ""bloggerlink"": ""blog.naver.com/m1zxe"", ""postdate"": ""20260525""}"
우베,preset,우배,영종도 신상 카페 &lt;온앤오프&gt; 아기랑 강아지 동반 가능한 곳,https://blog.naver.com/anjimom_/224295444305,20260525,"유모차 탄 고양이 친구도 보구 넘 귀여웠어요 ㅜㅜ [온앤오프] 카페 메뉴 &lt;음료&gt; 아메리카노 5300원 카페라떼 5800원 헤이질넛 크림라떼 6500원 딸기 말차 라떼 7500원 말차라떼 6500원 <b>우배</b> 솔티크림 라떼 7,000원... ",안지의 반짝이는 성장 이야기♥️,blog.naver.com/anjimom_,naver_blog,우배,typo,0.8,2026-05-26T11:02:57.061617+00:00,0,0,0,0,안지의 반짝이는 성장 이야기♥️,"유모차 탄 고양이 친구도 보구 넘 귀여웠어요 ㅜㅜ [온앤오프] 카페 메뉴 &lt;음료&gt; 아메리카노 5300원 카페라떼 5800원 헤이질넛 크림라떼 6500원 딸기 말차 라떼 7500원 말차라떼 6500원 <b>우배</b> 솔티크림 라떼 7,000원... ","{""title"": ""영종도 신상 카페 &lt;온앤오프&gt; 아기랑 강아지 동반 가능한 곳"", ""link"": ""https://blog.naver.com/anjimom_/224295444305"", ""description"": ""유모차 탄 고양이 친구도 보구 넘 귀여웠어요 ㅜㅜ [온앤오프] 카페 메뉴 &lt;음료&gt; 아메리카노 5300원 카페라떼 5800원 헤이질넛 크림라떼 6500원 딸기 말차 라떼 7500원 말차라떼 6500원 <b>우배</b> 솔티크림 라떼 7,000원... "", ""bloggername"": ""안지의 반짝이는 성장 이야기♥️"", ""bloggerlink"": ""blog.naver.com/anjimom_"", ""postdate"": ""20260525""}"
우베,preset,우배,코코로나인,https://blog.naver.com/lis12151836/224295043270,20260524,"월씨스위트의 <b>우배</b> 치즈케이크를 맛있게 먹고 코코로나인도 라인업에 있길래 주문했어요. <b>우배</b>는 그냥 무난한 바닐라나 코코넛이랑 어울리는 거 같아요. 코코로나인은 커피 맛도 들어가고, 무화과도 들어가고... ",소소한 나의 빵일기~♡,blog.naver.com/lis12151836,naver_blog,우배,typo,0.8,2026-05-26T11:02:57.061617+00:00,0,0,0,0,소소한 나의 빵일기~♡,"월씨스위트의 <b>우배</b> 치즈케이크를 맛있게 먹고 코코로나인도 라인업에 있길래 주문했어요. <b>우배</b>는 그냥 무난한 바닐라나 코코넛이랑 어울리는 거 같아요. 코코로나인은 커피 맛도 들어가고, 무화과도 들어가고... ","{""title"": ""코코로나인"", ""link"": ""https://blog.naver.com/lis12151836/224295043270"", ""description"": ""월씨스위트의 <b>우배</b> 치즈케이크를 맛있게 먹고 코코로나인도 라인업에 있길래 주문했어요. <b>우배</b>는 그냥 무난한 바닐라나 코코넛이랑 어울리는 거 같아요. 코코로나인은 커피 맛도 들어가고, 무화과도 들어가고... "", ""bloggername"": ""소소한 나의 빵일기~♡"", ""bloggerlink"": ""blog.naver.com/lis12151836"", ""postdate"": ""20260524""}"
우베,preset,우배,열두 개의 달 중 네 번째 달 2️⃣,https://blog.naver.com/mastercoocoo/224295021122,20260524,않았던 거 같기도 하고요 아닌가 그러고 투썸 가서 <b>우배</b>케이크 먹어봤는데 그냥 그래요 나같경 두아박 먹습니다 글이 너무 길다고요? 다음 편을 위한 빌드업이라 어쩔 수 없이 꾸깃꾸깃 넣어 쓰고 있습니다... ,언제든 방문해 주세요...,blog.naver.com/mastercoocoo,naver_blog,우배,typo,0.8,2026-05-26T11:02:57.061617+00:00,0,0,0,0,언제든 방문해 주세요...,않았던 거 같기도 하고요 아닌가 그러고 투썸 가서 <b>우배</b>케이크 먹어봤는데 그냥 그래요 나같경 두아박 먹습니다 글이 너무 길다고요? 다음 편을 위한 빌드업이라 어쩔 수 없이 꾸깃꾸깃 넣어 쓰고 있습니다... ,"{""title"": ""열두 개의 달 중 네 번째 달 2️⃣"", ""link"": ""https://blog.naver.com/mastercoocoo/224295021122"", ""description"": ""않았던 거 같기도 하고요 아닌가 그러고 투썸 가서 <b>우배</b>케이크 먹어봤는데 그냥 그래요 나같경 두아박 먹습니다 글이 너무 길다고요? 다음 편을 위한 빌드업이라 어쩔 수 없이 꾸깃꾸깃 넣어 쓰고 있습니다... "", ""bloggername"": ""언제든 방문해 주세요..."", ""bloggerlink"": ""blog.naver.com/mastercoocoo"", ""postdate"": ""20260524""}"
우베,preset,우배,당연히 구라지 믿고만 살았나,https://blog.naver.com/ungsae1020/224294396023,20260523,진짜 반병이엿는데 요즘은 한병정도는 먹는 듯 ㅋ 고기파티 레츠끼끼해줌 고기묵고 2차로 와대에서 <b>우배</b>젤라또 와플 땡겨줌 배 진짜 터질거같아서 살기위해 용지호수 2바퀴 걸엇음 안걸엇으면...먹토햇을수도... ,ungsae1020님의 블로그,blog.naver.com/ungsae1020,naver_blog,우배,typo,0.8,2026-05-26T11:02:57.061617+00:00,0,0,0,0,ungsae1020님의 블로그,진짜 반병이엿는데 요즘은 한병정도는 먹는 듯 ㅋ 고기파티 레츠끼끼해줌 고기묵고 2차로 와대에서 <b>우배</b>젤라또 와플 땡겨줌 배 진짜 터질거같아서 살기위해 용지호수 2바퀴 걸엇음 안걸엇으면...먹토햇을수도... ,"{""title"": ""당연히 구라지 믿고만 살았나"", ""link"": ""https://blog.naver.com/ungsae1020/224294396023"", ""description"": ""진짜 반병이엿는데 요즘은 한병정도는 먹는 듯 ㅋ 고기파티 레츠끼끼해줌 고기묵고 2차로 와대에서 <b>우배</b>젤라또 와플 땡겨줌 배 진짜 터질거같아서 살기위해 용지호수 2바퀴 걸엇음 안걸엇으면...먹토햇을수도... "", ""bloggername"": ""ungsae1020님의 블로그"", ""bloggerlink"": ""blog.naver.com/ungsae1020"", ""postdate"": ""20260523""}"
우베,preset,우배,송파우베맛집 펠어커피초코- 우베생초코라떼 우베파베쿠키... ,https://blog.naver.com/sunnolja19/224294268476,20260523,우리는 촉촉한 <b>우배</b> 파베쿠키 4개 세트 1만원의 금액으로 저렴하게 포장 할 수 있었다. 디저트 소비기간은 실온 최대 24시간으로 이후에는 반드시 냉동 보관이 필요하다고 한다. 우리가 주문한 촉촉한 우베 파베... ,Enjoy Daily Trip,blog.naver.com/sunnolja19,naver_blog,우배,typo,0.8,2026-05-26T11:02:57.061617+00:00,0,0,0,0,Enjoy Daily Trip,우리는 촉촉한 <b>우배</b> 파베쿠키 4개 세트 1만원의 금액으로 저렴하게 포장 할 수 있었다. 디저트 소비기간은 실온 최대 24시간으로 이후에는 반드시 냉동 보관이 필요하다고 한다. 우리가 주문한 촉촉한 우베 파베... ,"{""title"": ""송파우베맛집 펠어커피초코- 우베생초코라떼 우베파베쿠키... "", ""link"": ""https://blog.naver.com/sunnolja19/224294268476"", ""description"": ""우리는 촉촉한 <b>우배</b> 파베쿠키 4개 세트 1만원의 금액으로 저렴하게 포장 할 수 있었다. 디저트 소비기간은 실온 최대 24시간으로 이후에는 반드시 냉동 보관이 필요하다고 한다. 우리가 주문한 촉촉한 우베 파베... "", ""bloggername"": ""Enjoy Daily Trip"", ""bloggerlink"": ""blog.naver.com/sunnolja19"", ""postdate"": ""20260523""}"
우베,preset,우배,5월23일 마곡 트레이더스 신상품 세일상품,https://blog.naver.com/sjh823/224294252376,20260523,여기도 <b>우배</b>다. 키위 케이크 그런데 왜 이렇게 맛있어 보인다는 생각이 안 들지. 신상이라고 한다 BBQ 닭다리 닭고기 이것도 신상 숯불 닭 바베큐 지금 할인하고 있다. 연어 초밥도 할인 단호박 우리 영양밥... ,데이지st의 하루,blog.naver.com/sjh823,naver_blog,우배,typo,0.8,2026-05-26T11:02:57.061617+00:00,0,0,0,0,데이지st의 하루,여기도 <b>우배</b>다. 키위 케이크 그런데 왜 이렇게 맛있어 보인다는 생각이 안 들지. 신상이라고 한다 BBQ 닭다리 닭고기 이것도 신상 숯불 닭 바베큐 지금 할인하고 있다. 연어 초밥도 할인 단호박 우리 영양밥... ,"{""title"": ""5월23일 마곡 트레이더스 신상품 세일상품"", ""link"": ""https://blog.naver.com/sjh823/224294252376"", ""description"": ""여기도 <b>우배</b>다. 키위 케이크 그런데 왜 이렇게 맛있어 보인다는 생각이 안 들지. 신상이라고 한다 BBQ 닭다리 닭고기 이것도 신상 숯불 닭 바베큐 지금 할인하고 있다. 연어 초밥도 할인 단호박 우리 영양밥... "", ""bloggername"": ""데이지st의 하루"", ""bloggerlink"": ""blog.naver.com/sjh823"", ""postdate"": ""20260523""}"
우베,preset,우배,커피빈 디저트 신메뉴 우베 까망베르치즈 타르트 칼로리/당류... ,https://blog.naver.com/ldh128/224294099177,20260523,"사이에 <b>우배</b> 까망베르치즈 타르트가 딱 보이네요! 키오스크로 가서 우베 까망베르치즈 타르트를 주문했어요ㅋㅋ 우베 까망베르치즈 타르트 6,500원 음료를 주문 안 해서 주문하자마자 받은 우베... ",Happiness of Daily Life,blog.naver.com/ldh128,naver_blog,우배,typo,0.8,2026-05-26T11:02:57.061617+00:00,0,0,0,0,Happiness of Daily Life,"사이에 <b>우배</b> 까망베르치즈 타르트가 딱 보이네요! 키오스크로 가서 우베 까망베르치즈 타르트를 주문했어요ㅋㅋ 우베 까망베르치즈 타르트 6,500원 음료를 주문 안 해서 주문하자마자 받은 우베... ","{""title"": ""커피빈 디저트 신메뉴 우베 까망베르치즈 타르트 칼로리/당류... "", ""link"": ""https://blog.naver.com/ldh128/224294099177"", ""description"": ""사이에 <b>우배</b> 까망베르치즈 타르트가 딱 보이네요! 키오스크로 가서 우베 까망베르치즈 타르트를 주문했어요ㅋㅋ 우베 까망베르치즈 타르트 6,500원 음료를 주문 안 해서 주문하자마자 받은 우베... "", ""bloggername"": ""Happiness of Daily Life"", ""bloggerlink"": ""blog.naver.com/ldh128"", ""postdate"": ""20260523""}"
우베,preset,우배,공유} 성주 화원의 의병장 <b>우배</b>선의 군공책,https://blog.naver.com/hp5282/224292316467,20260521,https://www.ohmynews.com/NWS_Web/View/at_pg.aspx?CNTN_CD=A0002172709,형평지기,blog.naver.com/hp5282,naver_blog,우배,typo,0.8,2026-05-26T11:02:57.061617+00:00,0,0,0,0,형평지기,https://www.ohmynews.com/NWS_Web/View/at_pg.aspx?CNTN_CD=A0002172709,"{""title"": ""공유} 성주 화원의 의병장 <b>우배</b>선의 군공책"", ""link"": ""https://blog.naver.com/hp5282/224292316467"", ""description"": ""https://www.ohmynews.com/NWS_Web/View/at_pg.aspx?CNTN_CD=A0002172709"", ""bloggername"": ""형평지기"", ""bloggerlink"": ""blog.naver.com/hp5282"", ""postdate"": ""20260521""}"
우베,preset,우배,[경의선숲길맛집] horno |상큼함 터지는 오르노 신메뉴... ,https://blog.naver.com/foodielucy/224292123431,20260521,(대만족하는 모습에 데려간 사람 뿌듯- )  은은한 <b>우배</b> 생맥주 &amp; 장금이의 와인 감별 음식이 맛있으니 술이 빠질 수 없죠! 와인과 함께 아주 독특한 **'<b>우배</b> 생맥주'**를 주문해 봤어요. <b>우배</b> 생맥주는 처음... ,우주루시,blog.naver.com/foodielucy,naver_blog,우배,typo,0.8,2026-05-26T11:02:57.061617+00:00,0,0,0,0,우주루시,(대만족하는 모습에 데려간 사람 뿌듯- )  은은한 <b>우배</b> 생맥주 &amp; 장금이의 와인 감별 음식이 맛있으니 술이 빠질 수 없죠! 와인과 함께 아주 독특한 **'<b>우배</b> 생맥주'**를 주문해 봤어요. <b>우배</b> 생맥주는 처음... ,"{""title"": ""[경의선숲길맛집] horno |상큼함 터지는 오르노 신메뉴... "", ""link"": ""https://blog.naver.com/foodielucy/224292123431"", ""description"": ""(대만족하는 모습에 데려간 사람 뿌듯- )  은은한 <b>우배</b> 생맥주 &amp; 장금이의 와인 감별 음식이 맛있으니 술이 빠질 수 없죠! 와인과 함께 아주 독특한 **'<b>우배</b> 생맥주'**를 주문해 봤어요. <b>우배</b> 생맥주는 처음... "", ""bloggername"": ""우주루시"", ""bloggerlink"": ""blog.naver.com/foodielucy"", ""postdate"": ""20260521""}"
우베,preset,우배,채련부 《采莲赋》  남조.소역 南朝 · 萧绎,https://blog.naver.com/simmugaye/224292122376,20260521,"겸전<b>우배</b> 서로 술잔을 돌려 전하네. 兼传(겸전): 함께 돌려 전하다 羽杯(<b>우배</b>): 깃 모양 장식 술잔 櫂將移而藻掛， 도장이이조괘 노를 옮기려 하자 수초가 걸리고, 櫂(도): 노 藻挂(조괘): 수초가 걸리다... ",이제나도,blog.naver.com/simmugaye,naver_blog,우배,typo,0.8,2026-05-26T11:02:57.061617+00:00,0,0,0,0,이제나도,"겸전<b>우배</b> 서로 술잔을 돌려 전하네. 兼传(겸전): 함께 돌려 전하다 羽杯(<b>우배</b>): 깃 모양 장식 술잔 櫂將移而藻掛， 도장이이조괘 노를 옮기려 하자 수초가 걸리고, 櫂(도): 노 藻挂(조괘): 수초가 걸리다... ","{""title"": ""채련부 《采莲赋》  남조.소역 南朝 · 萧绎"", ""link"": ""https://blog.naver.com/simmugaye/224292122376"", ""description"": ""겸전<b>우배</b> 서로 술잔을 돌려 전하네. 兼传(겸전): 함께 돌려 전하다 羽杯(<b>우배</b>): 깃 모양 장식 술잔 櫂將移而藻掛， 도장이이조괘 노를 옮기려 하자 수초가 걸리고, 櫂(도): 노 藻挂(조괘): 수초가 걸리다... "", ""bloggername"": ""이제나도"", ""bloggerlink"": ""blog.naver.com/simmugaye"", ""postdate"": ""20260521""}"
우베,preset,우배,#6박7일 한국 홈스테이??,https://blog.naver.com/yoppi913/224291775327,20260520,<b>우배</b>라테＋치즈 치킨빵? <b>우배</b>라테가 요즘 유행이라고 추문 너무 맛있어 다시 도서관 갔는데 너무 졸려서 도서관에서도 ㅋㅋㅋㅋㅋㅋㅋ 안돼 집에 가자…라고 생각했는데 집에가기전에 아이스 먹고 싶어서... ,인생여행,blog.naver.com/yoppi913,naver_blog,우배,typo,0.8,2026-05-26T11:02:57.061617+00:00,0,0,0,0,인생여행,<b>우배</b>라테＋치즈 치킨빵? <b>우배</b>라테가 요즘 유행이라고 추문 너무 맛있어 다시 도서관 갔는데 너무 졸려서 도서관에서도 ㅋㅋㅋㅋㅋㅋㅋ 안돼 집에 가자…라고 생각했는데 집에가기전에 아이스 먹고 싶어서... ,"{""title"": ""#6박7일 한국 홈스테이??"", ""link"": ""https://blog.naver.com/yoppi913/224291775327"", ""description"": ""<b>우배</b>라테＋치즈 치킨빵? <b>우배</b>라테가 요즘 유행이라고 추문 너무 맛있어 다시 도서관 갔는데 너무 졸려서 도서관에서도 ㅋㅋㅋㅋㅋㅋㅋ 안돼 집에 가자…라고 생각했는데 집에가기전에 아이스 먹고 싶어서... "", ""bloggername"": ""인생여행"", ""bloggerlink"": ""blog.naver.com/yoppi913"", ""postdate"": ""20260520""}"
우베,preset,우배,우베가 뭐야?! 사이드커피에 시즌메뉴 우베라떼 먹어본 솔직 후기,https://blog.naver.com/skm3531/224291590871,20260520,원래는 다섯 가지 종류의 <b>우배</b> 시리즈 음료가 출시되었다고 했지만 여기에서는 두 가지를 맛볼 수... 메뉴 오늘은 <b>우배</b> 시리즈를 먹으러 왔지만. 사이드 커피에는 다양한 메뉴가 있습니다. 저 혼자 방문했기... ,"일상, 맛집 리뷰하는 썬쎄오",blog.naver.com/skm3531,naver_blog,우배,typo,0.8,2026-05-26T11:02:57.061617+00:00,0,0,0,0,"일상, 맛집 리뷰하는 썬쎄오",원래는 다섯 가지 종류의 <b>우배</b> 시리즈 음료가 출시되었다고 했지만 여기에서는 두 가지를 맛볼 수... 메뉴 오늘은 <b>우배</b> 시리즈를 먹으러 왔지만. 사이드 커피에는 다양한 메뉴가 있습니다. 저 혼자 방문했기... ,"{""title"": ""우베가 뭐야?! 사이드커피에 시즌메뉴 우베라떼 먹어본 솔직 후기"", ""link"": ""https://blog.naver.com/skm3531/224291590871"", ""description"": ""원래는 다섯 가지 종류의 <b>우배</b> 시리즈 음료가 출시되었다고 했지만 여기에서는 두 가지를 맛볼 수... 메뉴 오늘은 <b>우배</b> 시리즈를 먹으러 왔지만. 사이드 커피에는 다양한 메뉴가 있습니다. 저 혼자 방문했기... "", ""bloggername"": ""일상, 맛집 리뷰하는 썬쎄오"", ""bloggerlink"": ""blog.naver.com/skm3531"", ""postdate"": ""20260520""}"
우베,preset,우배,"유행하는 <b>우배</b>라떼 성공, 자몽에이드와 버터떡은 아쉽?",https://blog.naver.com/loveskduddl7/224291558797,20260520,제가 주문한 메뉴는 그 유명한 <b>우배</b>라떼(우유에 빠진 타로라떼)와 상큼함의 끝판왕인 자몽에이드... 가장 기대가 컸던 <b>우배</b>라떼는 정말 마시자마자 눈이 번쩍 뜨이는 신세계였어요! 왜 다들 요즘 유행이라며... ,천천히 기록하는 하루,blog.naver.com/loveskduddl7,naver_blog,우배,typo,0.8,2026-05-26T11:02:57.061617+00:00,0,0,0,0,천천히 기록하는 하루,제가 주문한 메뉴는 그 유명한 <b>우배</b>라떼(우유에 빠진 타로라떼)와 상큼함의 끝판왕인 자몽에이드... 가장 기대가 컸던 <b>우배</b>라떼는 정말 마시자마자 눈이 번쩍 뜨이는 신세계였어요! 왜 다들 요즘 유행이라며... ,"{""title"": ""유행하는 <b>우배</b>라떼 성공, 자몽에이드와 버터떡은 아쉽?"", ""link"": ""https://blog.naver.com/loveskduddl7/224291558797"", ""description"": ""제가 주문한 메뉴는 그 유명한 <b>우배</b>라떼(우유에 빠진 타로라떼)와 상큼함의 끝판왕인 자몽에이드... 가장 기대가 컸던 <b>우배</b>라떼는 정말 마시자마자 눈이 번쩍 뜨이는 신세계였어요! 왜 다들 요즘 유행이라며... "", ""bloggername"": ""천천히 기록하는 하루"", ""bloggerlink"": ""blog.naver.com/loveskduddl7"", ""postdate"": ""20260520""}"
우베,preset,우배,"대전 아파트누수 업체_물 새는 걱정 없는 든든한 일상, 베란다... ",https://blog.naver.com/vyckdwkd2642/224290677120,20260520,"베란다 3차 책임 방수부터 <b>우배</b>수관 교체까지, 기초부터 탄탄하게 잡는 공정 베란다는 바깥 기온에 직접 영향을 받으면서 청소나 물 사용으로 물을 계속 흘려보내는 취약한 곳이라 방수층 내구성이 무척... ",대성설비 누수의 모든것,blog.naver.com/vyckdwkd2642,naver_blog,우배,typo,0.8,2026-05-26T11:02:57.061617+00:00,0,0,0,0,대성설비 누수의 모든것,"베란다 3차 책임 방수부터 <b>우배</b>수관 교체까지, 기초부터 탄탄하게 잡는 공정 베란다는 바깥 기온에 직접 영향을 받으면서 청소나 물 사용으로 물을 계속 흘려보내는 취약한 곳이라 방수층 내구성이 무척... ","{""title"": ""대전 아파트누수 업체_물 새는 걱정 없는 든든한 일상, 베란다... "", ""link"": ""https://blog.naver.com/vyckdwkd2642/224290677120"", ""description"": ""베란다 3차 책임 방수부터 <b>우배</b>수관 교체까지, 기초부터 탄탄하게 잡는 공정 베란다는 바깥 기온에 직접 영향을 받으면서 청소나 물 사용으로 물을 계속 흘려보내는 취약한 곳이라 방수층 내구성이 무척... "", ""bloggername"": ""대성설비 누수의 모든것"", ""bloggerlink"": ""blog.naver.com/vyckdwkd2642"", ""postdate"": ""20260520""}"
우베,preset,우배,뚝딱 나온게 아닐 것을 깨닫고,https://blog.naver.com/uptempo4294/224290808080,20260520,<b>우배</b> 먹어보는게 소원이었는데 평범해서 놀랐습니다. 그리고 두바이맛이랑 망고맛 포장해서 갔습니다. 그리고 담에는 날잡고 주안이를 만나야겠습니다. 못난 형이 미안하다. 따흑 ㅠ 그리고 고대하던 한강을... ,일대기,blog.naver.com/uptempo4294,naver_blog,우배,typo,0.8,2026-05-26T11:02:57.061617+00:00,0,0,0,0,일대기,<b>우배</b> 먹어보는게 소원이었는데 평범해서 놀랐습니다. 그리고 두바이맛이랑 망고맛 포장해서 갔습니다. 그리고 담에는 날잡고 주안이를 만나야겠습니다. 못난 형이 미안하다. 따흑 ㅠ 그리고 고대하던 한강을... ,"{""title"": ""뚝딱 나온게 아닐 것을 깨닫고"", ""link"": ""https://blog.naver.com/uptempo4294/224290808080"", ""description"": ""<b>우배</b> 먹어보는게 소원이었는데 평범해서 놀랐습니다. 그리고 두바이맛이랑 망고맛 포장해서 갔습니다. 그리고 담에는 날잡고 주안이를 만나야겠습니다. 못난 형이 미안하다. 따흑 ㅠ 그리고 고대하던 한강을... "", ""bloggername"": ""일대기"", ""bloggerlink"": ""blog.naver.com/uptempo4294"", ""postdate"": ""20260520""}"
우베,preset,우배,"성수나들이 - 무신사 스탠다드, 사토규카츠, 하츠베이커리",https://blog.naver.com/dog_review/224290601300,20260519,보라색은 <b>우배</b> 어쩌고인데 타로인지 <b>우배</b>인지 모르겠다 몬가 여기 빵들 전체적으로 트렌드 반영이 매우 빠름ㅋ 수줍은 인증샷 아 마싯게따 탄수사랑해 성수 대표 포토존이라는 디올 매장 그냥 대충 사진만... ,개뷰,blog.naver.com/dog_review,naver_blog,우배,typo,0.8,2026-05-26T11:02:57.061617+00:00,0,0,0,0,개뷰,보라색은 <b>우배</b> 어쩌고인데 타로인지 <b>우배</b>인지 모르겠다 몬가 여기 빵들 전체적으로 트렌드 반영이 매우 빠름ㅋ 수줍은 인증샷 아 마싯게따 탄수사랑해 성수 대표 포토존이라는 디올 매장 그냥 대충 사진만... ,"{""title"": ""성수나들이 - 무신사 스탠다드, 사토규카츠, 하츠베이커리"", ""link"": ""https://blog.naver.com/dog_review/224290601300"", ""description"": ""보라색은 <b>우배</b> 어쩌고인데 타로인지 <b>우배</b>인지 모르겠다 몬가 여기 빵들 전체적으로 트렌드 반영이 매우 빠름ㅋ 수줍은 인증샷 아 마싯게따 탄수사랑해 성수 대표 포토존이라는 디올 매장 그냥 대충 사진만... "", ""bloggername"": ""개뷰"", ""bloggerlink"": ""blog.naver.com/dog_review"", ""postdate"": ""20260519""}"
우베,preset,우배,(3~5),https://blog.naver.com/tomato_72/224290464758,20260519,<b>우배</b>? 인가 그거 먹었어요 고구마 비스름한 맛이었어요 진짜 오랜만에 같이 이렇게 노니까 너무 재미있었어요 비도 오고 낭만 넘쳤어요 나 맛있는 거 많이 사줘서 고마워 ❤️ 내가 살찌는 원인 일어나서... ,공쥬님 비밀 블로그,blog.naver.com/tomato_72,naver_blog,우배,typo,0.8,2026-05-26T11:02:57.061617+00:00,0,0,0,0,공쥬님 비밀 블로그,<b>우배</b>? 인가 그거 먹었어요 고구마 비스름한 맛이었어요 진짜 오랜만에 같이 이렇게 노니까 너무 재미있었어요 비도 오고 낭만 넘쳤어요 나 맛있는 거 많이 사줘서 고마워 ❤️ 내가 살찌는 원인 일어나서... ,"{""title"": ""(3~5)"", ""link"": ""https://blog.naver.com/tomato_72/224290464758"", ""description"": ""<b>우배</b>? 인가 그거 먹었어요 고구마 비스름한 맛이었어요 진짜 오랜만에 같이 이렇게 노니까 너무 재미있었어요 비도 오고 낭만 넘쳤어요 나 맛있는 거 많이 사줘서 고마워 ❤️ 내가 살찌는 원인 일어나서... "", ""bloggername"": ""공쥬님 비밀 블로그"", ""bloggerlink"": ""blog.naver.com/tomato_72"", ""postdate"": ""20260519""}"
우베,preset,우배,[영종도 핫플] 교회의 화려한 변신✨ 대형 베이커리 카페... ,https://blog.naver.com/chocomom1004_/224290382138,20260519,"메이드림의 시그니처인 보라보라한 비주얼의 '<b>우배</b>' 라인부터, 상큼한 딸기가 듬뿍 올라간 크루아상... 초코맘의 솔직한 맛 평가 (<b>우배</b> 음료, 유배 케이크, 명란마요 소금빵) 자, 금강산도 식후경이니 얼른 주문을... ",초코맘의 소소한 일상,blog.naver.com/chocomom1004_,naver_blog,우배,typo,0.8,2026-05-26T11:02:57.061617+00:00,0,0,0,0,초코맘의 소소한 일상,"메이드림의 시그니처인 보라보라한 비주얼의 '<b>우배</b>' 라인부터, 상큼한 딸기가 듬뿍 올라간 크루아상... 초코맘의 솔직한 맛 평가 (<b>우배</b> 음료, 유배 케이크, 명란마요 소금빵) 자, 금강산도 식후경이니 얼른 주문을... ","{""title"": ""[영종도 핫플] 교회의 화려한 변신✨ 대형 베이커리 카페... "", ""link"": ""https://blog.naver.com/chocomom1004_/224290382138"", ""description"": ""메이드림의 시그니처인 보라보라한 비주얼의 '<b>우배</b>' 라인부터, 상큼한 딸기가 듬뿍 올라간 크루아상... 초코맘의 솔직한 맛 평가 (<b>우배</b> 음료, 유배 케이크, 명란마요 소금빵) 자, 금강산도 식후경이니 얼른 주문을... "", ""bloggername"": ""초코맘의 소소한 일상"", ""bloggerlink"": ""blog.naver.com/chocomom1004_"", ""postdate"": ""20260519""}"
우베,preset,우배,[음식] cu신제품 ♡ 우베 크런치볼,https://blog.naver.com/megablack788/224290194607,20260519,겉바속촉 과자라고 보시면 될거 같아요♡ 영양정보 나트륨 61mg 지방 19g 탄수화물 37g 당류 13g 단백질 2g 총 60g / 327kcal 우베 크런치볼 노란색 포장지에 들어있는 <b>우배</b> 크런치볼! 3600원인데 총 6개... 하하하핳... ,행복일기,blog.naver.com/megablack788,naver_blog,우배,typo,0.8,2026-05-26T11:02:57.061617+00:00,0,0,0,0,행복일기,겉바속촉 과자라고 보시면 될거 같아요♡ 영양정보 나트륨 61mg 지방 19g 탄수화물 37g 당류 13g 단백질 2g 총 60g / 327kcal 우베 크런치볼 노란색 포장지에 들어있는 <b>우배</b> 크런치볼! 3600원인데 총 6개... 하하하핳... ,"{""title"": ""[음식] cu신제품 ♡ 우베 크런치볼"", ""link"": ""https://blog.naver.com/megablack788/224290194607"", ""description"": ""겉바속촉 과자라고 보시면 될거 같아요♡ 영양정보 나트륨 61mg 지방 19g 탄수화물 37g 당류 13g 단백질 2g 총 60g / 327kcal 우베 크런치볼 노란색 포장지에 들어있는 <b>우배</b> 크런치볼! 3600원인데 총 6개... 하하하핳... "", ""bloggername"": ""행복일기"", ""bloggerlink"": ""blog.naver.com/megablack788"", ""postdate"": ""20260519""}"
우베,preset,우배,&quot;고구마인 줄 알았는데 초콜릿 맛이?&quot; 카페 휩쓴 보라색 디저트... ,https://blog.naver.com/jinga00/224287567522,20260518,"(가끔 모바일로 검색하시다가 '<b>우배</b>'라고 헷갈리시는 분들도 많은데, 정확한 명칭은 '우베'가 맞습니다!) 타로(Taro)와의 차이점: 타로는 토란의 일종으로 속살이 연한 회색이나 연보라색에 가깝고 밋밋한 맛이... ","건강한 HFood, 조아",blog.naver.com/jinga00,naver_blog,우배,typo,0.8,2026-05-26T11:02:57.061617+00:00,0,0,0,0,"건강한 HFood, 조아","(가끔 모바일로 검색하시다가 '<b>우배</b>'라고 헷갈리시는 분들도 많은데, 정확한 명칭은 '우베'가 맞습니다!) 타로(Taro)와의 차이점: 타로는 토란의 일종으로 속살이 연한 회색이나 연보라색에 가깝고 밋밋한 맛이... ","{""title"": ""&quot;고구마인 줄 알았는데 초콜릿 맛이?&quot; 카페 휩쓴 보라색 디저트... "", ""link"": ""https://blog.naver.com/jinga00/224287567522"", ""description"": ""(가끔 모바일로 검색하시다가 '<b>우배</b>'라고 헷갈리시는 분들도 많은데, 정확한 명칭은 '우베'가 맞습니다!) 타로(Taro)와의 차이점: 타로는 토란의 일종으로 속살이 연한 회색이나 연보라색에 가깝고 밋밋한 맛이... "", ""bloggername"": ""건강한 HFood, 조아"", ""bloggerlink"": ""blog.naver.com/jinga00"", ""postdate"": ""20260518""}"
우베,preset,우배,폴바셋 라벤더 말차라떼 후기 영양성분 추천 메뉴,https://blog.naver.com/nyangzy-/224288776936,20260518,이번에 폴바셋에서 라벤더 시즌 메뉴를 출시하며 최근 유행하는 <b>우배</b> 메뉴들이랑 발을 맞춘거같더라구요. 저희가 방문한곳은 폴바셋 송도 프리플 스트리트 점이예요. 평일 오후인데도 사람들이 엄청... ,냥찌의 대충열심히,blog.naver.com/nyangzy-,naver_blog,우배,typo,0.8,2026-05-26T11:02:57.061617+00:00,0,0,0,0,냥찌의 대충열심히,이번에 폴바셋에서 라벤더 시즌 메뉴를 출시하며 최근 유행하는 <b>우배</b> 메뉴들이랑 발을 맞춘거같더라구요. 저희가 방문한곳은 폴바셋 송도 프리플 스트리트 점이예요. 평일 오후인데도 사람들이 엄청... ,"{""title"": ""폴바셋 라벤더 말차라떼 후기 영양성분 추천 메뉴"", ""link"": ""https://blog.naver.com/nyangzy-/224288776936"", ""description"": ""이번에 폴바셋에서 라벤더 시즌 메뉴를 출시하며 최근 유행하는 <b>우배</b> 메뉴들이랑 발을 맞춘거같더라구요. 저희가 방문한곳은 폴바셋 송도 프리플 스트리트 점이예요. 평일 오후인데도 사람들이 엄청... "", ""bloggername"": ""냥찌의 대충열심히"", ""bloggerlink"": ""blog.naver.com/nyangzy-"", ""postdate"": ""20260518""}"
우베,preset,우배,따뜻했던 온기 너의 미소,https://blog.naver.com/x_unzii/224288308763,20260517,나도 <b>우배</b> 먹어봣어ㅓㅓ . . . 근데 내가 먹기엔 공차 타로랑 맛이 거의 똑같은것 같음ㅁ 마이카츠 이거 진짜 너무 맛있으니까 한번만 먹어죠ㅜㅜ 2% 레몬 라임맛 먹은 후기 :생각한 맛이랑 똑같은데 한번쯤... ,☆彡,blog.naver.com/x_unzii,naver_blog,우배,typo,0.8,2026-05-26T11:02:57.061617+00:00,0,0,0,0,☆彡,나도 <b>우배</b> 먹어봣어ㅓㅓ . . . 근데 내가 먹기엔 공차 타로랑 맛이 거의 똑같은것 같음ㅁ 마이카츠 이거 진짜 너무 맛있으니까 한번만 먹어죠ㅜㅜ 2% 레몬 라임맛 먹은 후기 :생각한 맛이랑 똑같은데 한번쯤... ,"{""title"": ""따뜻했던 온기 너의 미소"", ""link"": ""https://blog.naver.com/x_unzii/224288308763"", ""description"": ""나도 <b>우배</b> 먹어봣어ㅓㅓ . . . 근데 내가 먹기엔 공차 타로랑 맛이 거의 똑같은것 같음ㅁ 마이카츠 이거 진짜 너무 맛있으니까 한번만 먹어죠ㅜㅜ 2% 레몬 라임맛 먹은 후기 :생각한 맛이랑 똑같은데 한번쯤... "", ""bloggername"": ""☆彡"", ""bloggerlink"": ""blog.naver.com/x_unzii"", ""postdate"": ""20260517""}"
우베,preset,우배,미국 영양학자들이 주목한 &quot;차세대 슈퍼푸드&quot; 지금 우베가 뜨는... ,https://blog.naver.com/cool_mi_99/224287631627,20260517,함께 보면 좋은 글 &quot;&quot; &quot; &quot; &quot; &quot; 안녕하세요~ 오늘도 건강을 연습하는 12년차 간호사 쿨미토닥 입니다 요즘 카페 가보면 유난히 보라색이 눈에 많이 띄더라고요 얼핏보고 블루베리 음료인가 하고 그냥 넘겼는데 근데... ,오늘도 건강을 연습하는 쿨미토닥,blog.naver.com/cool_mi_99,naver_blog,우배,typo,0.8,2026-05-26T11:02:57.061617+00:00,0,0,0,0,오늘도 건강을 연습하는 쿨미토닥,함께 보면 좋은 글 &quot;&quot; &quot; &quot; &quot; &quot; 안녕하세요~ 오늘도 건강을 연습하는 12년차 간호사 쿨미토닥 입니다 요즘 카페 가보면 유난히 보라색이 눈에 많이 띄더라고요 얼핏보고 블루베리 음료인가 하고 그냥 넘겼는데 근데... ,"{""title"": ""미국 영양학자들이 주목한 &quot;차세대 슈퍼푸드&quot; 지금 우베가 뜨는... "", ""link"": ""https://blog.naver.com/cool_mi_99/224287631627"", ""description"": ""함께 보면 좋은 글 &quot;&quot; &quot; &quot; &quot; &quot; 안녕하세요~ 오늘도 건강을 연습하는 12년차 간호사 쿨미토닥 입니다 요즘 카페 가보면 유난히 보라색이 눈에 많이 띄더라고요 얼핏보고 블루베리 음료인가 하고 그냥 넘겼는데 근데... "", ""bloggername"": ""오늘도 건강을 연습하는 쿨미토닥"", ""bloggerlink"": ""blog.naver.com/cool_mi_99"", ""postdate"": ""20260517""}"
우베,preset,우배,우베 _ 우베찰떡꼬치 씨유 3600원 _ 우베간식 _ 편의점간식 _,https://blog.naver.com/1202jin_/224287697899,20260516,우베 _ 우베찰떡꼬치 씨유 3600원 _ 우베간식 _ 편의점간식 _ 우베 _ 우베찰떡꼬치 씨유 3600원 _ 우베간식 _ 편의점간식 _ #유행 <b>우배</b> ㅋㅋㅋ 궁금했는뎅 고구마 앙금 느낌 맛 은은하게 달달 ~ 우베... ,"설렘핑크, 행복한스푼,",blog.naver.com/1202jin_,naver_blog,우배,typo,0.8,2026-05-26T11:02:57.061617+00:00,0,0,0,0,"설렘핑크, 행복한스푼,",우베 _ 우베찰떡꼬치 씨유 3600원 _ 우베간식 _ 편의점간식 _ 우베 _ 우베찰떡꼬치 씨유 3600원 _ 우베간식 _ 편의점간식 _ #유행 <b>우배</b> ㅋㅋㅋ 궁금했는뎅 고구마 앙금 느낌 맛 은은하게 달달 ~ 우베... ,"{""title"": ""우베 _ 우베찰떡꼬치 씨유 3600원 _ 우베간식 _ 편의점간식 _"", ""link"": ""https://blog.naver.com/1202jin_/224287697899"", ""description"": ""우베 _ 우베찰떡꼬치 씨유 3600원 _ 우베간식 _ 편의점간식 _ 우베 _ 우베찰떡꼬치 씨유 3600원 _ 우베간식 _ 편의점간식 _ #유행 <b>우배</b> ㅋㅋㅋ 궁금했는뎅 고구마 앙금 느낌 맛 은은하게 달달 ~ 우베... "", ""bloggername"": ""설렘핑크, 행복한스푼,"", ""bloggerlink"": ""blog.naver.com/1202jin_"", ""postdate"": ""20260516""}"
우베,preset,우배,투썸 우베쉐이크 우베 뜻이 뭐길래? 투썸플레이스 라떼 칼로리... ,https://blog.naver.com/ablerin1218/224287149308,20260516,투썸 우베쉐이크 칼로리 &amp;맛 후기 먼저 투썸 우베쉐이크부터 먹어봤어요 <b>우배</b>+소프트 밀크 아이스크림이 올라간 쉐이크인데요 비주얼 부터 진짜 미쳤죠! 보라색이라 사진도 너무 잘 나오더라구요 바닐라... ,happily ever after,blog.naver.com/ablerin1218,naver_blog,우배,typo,0.8,2026-05-26T11:02:57.061617+00:00,0,0,0,0,happily ever after,투썸 우베쉐이크 칼로리 &amp;맛 후기 먼저 투썸 우베쉐이크부터 먹어봤어요 <b>우배</b>+소프트 밀크 아이스크림이 올라간 쉐이크인데요 비주얼 부터 진짜 미쳤죠! 보라색이라 사진도 너무 잘 나오더라구요 바닐라... ,"{""title"": ""투썸 우베쉐이크 우베 뜻이 뭐길래? 투썸플레이스 라떼 칼로리... "", ""link"": ""https://blog.naver.com/ablerin1218/224287149308"", ""description"": ""투썸 우베쉐이크 칼로리 &amp;맛 후기 먼저 투썸 우베쉐이크부터 먹어봤어요 <b>우배</b>+소프트 밀크 아이스크림이 올라간 쉐이크인데요 비주얼 부터 진짜 미쳤죠! 보라색이라 사진도 너무 잘 나오더라구요 바닐라... "", ""bloggername"": ""happily ever after"", ""bloggerlink"": ""blog.naver.com/ablerin1218"", ""postdate"": ""20260516""}"
우베,preset,우배,"CU 연세우유 우베 디저트 3종 뿌시기생크림빵, 바스크... ",https://blog.naver.com/198xhyeon/224287046032,20260516,"CU 연세우유 우베 생크림빵 3,600원 연세우유 <b>우배</b> 생크림빵 연세우유 우베 생크림빵 가격은 3,600원이에요! CU에서 구매 가능해요. 연세우유 우베 생크림빵 영양정보 총 내용량 128g, 402kcal 연세우유 우베... ",: over the moon,blog.naver.com/198xhyeon,naver_blog,우배,typo,0.8,2026-05-26T11:02:57.061617+00:00,0,0,0,0,: over the moon,"CU 연세우유 우베 생크림빵 3,600원 연세우유 <b>우배</b> 생크림빵 연세우유 우베 생크림빵 가격은 3,600원이에요! CU에서 구매 가능해요. 연세우유 우베 생크림빵 영양정보 총 내용량 128g, 402kcal 연세우유 우베... ","{""title"": ""CU 연세우유 우베 디저트 3종 뿌시기생크림빵, 바스크... "", ""link"": ""https://blog.naver.com/198xhyeon/224287046032"", ""description"": ""CU 연세우유 우베 생크림빵 3,600원 연세우유 <b>우배</b> 생크림빵 연세우유 우베 생크림빵 가격은 3,600원이에요! CU에서 구매 가능해요. 연세우유 우베 생크림빵 영양정보 총 내용량 128g, 402kcal 연세우유 우베... "", ""bloggername"": "": over the moon"", ""bloggerlink"": ""blog.naver.com/198xhyeon"", ""postdate"": ""20260516""}"
우베,preset,우배,성수동 디저트 투어 무신사 메가스토어 쭈악쭈악 후기,https://blog.naver.com/eunji0814/224286811027,20260515,"<b>우배</b>크림라떼 꼭 한번 마셔보고싶었던라 시켜봤어요 자색고구마, 타로 좋아하시면 완전 홀릭 되실꺼같아요 너무 달지도 않고 고소하면서도 너무너무 맛있더라구요 망고빙수 28,000원 쭈악 3,500-4,500원 <b>우배</b>크... ",해야지,blog.naver.com/eunji0814,naver_blog,우배,typo,0.8,2026-05-26T11:02:57.061617+00:00,0,0,0,0,해야지,"<b>우배</b>크림라떼 꼭 한번 마셔보고싶었던라 시켜봤어요 자색고구마, 타로 좋아하시면 완전 홀릭 되실꺼같아요 너무 달지도 않고 고소하면서도 너무너무 맛있더라구요 망고빙수 28,000원 쭈악 3,500-4,500원 <b>우배</b>크... ","{""title"": ""성수동 디저트 투어 무신사 메가스토어 쭈악쭈악 후기"", ""link"": ""https://blog.naver.com/eunji0814/224286811027"", ""description"": ""<b>우배</b>크림라떼 꼭 한번 마셔보고싶었던라 시켜봤어요 자색고구마, 타로 좋아하시면 완전 홀릭 되실꺼같아요 너무 달지도 않고 고소하면서도 너무너무 맛있더라구요 망고빙수 28,000원 쭈악 3,500-4,500원 <b>우배</b>크... "", ""bloggername"": ""해야지"", ""bloggerlink"": ""blog.naver.com/eunji0814"", ""postdate"": ""20260515""}"
우베,preset,우배,빽다방 우베시리즈 신메뉴 칼로리정보부터 솔직한 후기,https://blog.naver.com/hyj11302/224286176251,20260515,가장 궁금해하실 <b>우배</b> 가격과 함께 메뉴 별 특징을 깔끔하게 정리해 드릴게요. 우베라떼 아이스 가격 3500원 고소한 우유와 우베 베이스가 어우러져 아주 부드러운 기본 라떼예요. 생크림 우베 라떼 아이스 가격... ,람지의 알뜰살뜰 살림루틴 기록,blog.naver.com/hyj11302,naver_blog,우배,typo,0.8,2026-05-26T11:02:57.061617+00:00,0,0,0,0,람지의 알뜰살뜰 살림루틴 기록,가장 궁금해하실 <b>우배</b> 가격과 함께 메뉴 별 특징을 깔끔하게 정리해 드릴게요. 우베라떼 아이스 가격 3500원 고소한 우유와 우베 베이스가 어우러져 아주 부드러운 기본 라떼예요. 생크림 우베 라떼 아이스 가격... ,"{""title"": ""빽다방 우베시리즈 신메뉴 칼로리정보부터 솔직한 후기"", ""link"": ""https://blog.naver.com/hyj11302/224286176251"", ""description"": ""가장 궁금해하실 <b>우배</b> 가격과 함께 메뉴 별 특징을 깔끔하게 정리해 드릴게요. 우베라떼 아이스 가격 3500원 고소한 우유와 우베 베이스가 어우러져 아주 부드러운 기본 라떼예요. 생크림 우베 라떼 아이스 가격... "", ""bloggername"": ""람지의 알뜰살뜰 살림루틴 기록"", ""bloggerlink"": ""blog.naver.com/hyj11302"", ""postdate"": ""20260515""}"
우베,preset,우배,팬코일 유니트 유닛 상치경사토출형 FC-K23<b>우배</b>관 제품,https://pandadesign.tistory.com/1301,20260515,"귀뚜라미범양냉방 팬코일 유니트 유닛 상치경사토출형 FC-K23<b>우배</b>관 274,000원 274,000원 가격 확인 귀뚜라미범양냉방 팬코일 유니트 유닛 상치경사토출형 FC-K23<b>우배</b>관 274,000원 274,000원 장바구니 담기... ",pandadesign,https://pandadesign.tistory.com/,naver_blog,우배,typo,0.8,2026-05-26T11:02:57.061617+00:00,0,0,0,0,pandadesign,"귀뚜라미범양냉방 팬코일 유니트 유닛 상치경사토출형 FC-K23<b>우배</b>관 274,000원 274,000원 가격 확인 귀뚜라미범양냉방 팬코일 유니트 유닛 상치경사토출형 FC-K23<b>우배</b>관 274,000원 274,000원 장바구니 담기... ","{""title"": ""팬코일 유니트 유닛 상치경사토출형 FC-K23<b>우배</b>관 제품"", ""link"": ""https://pandadesign.tistory.com/1301"", ""description"": ""귀뚜라미범양냉방 팬코일 유니트 유닛 상치경사토출형 FC-K23<b>우배</b>관 274,000원 274,000원 가격 확인 귀뚜라미범양냉방 팬코일 유니트 유닛 상치경사토출형 FC-K23<b>우배</b>관 274,000원 274,000원 장바구니 담기... "", ""bloggername"": ""pandadesign"", ""bloggerlink"": ""https://pandadesign.tistory.com/"", ""postdate"": ""20260515""}"
우베,preset,우배,우베쿠키 리얼 후기. 고구마인가..,https://blog.naver.com/angel1088/224285476790,20260514,#우베 #우베쿠키 #자색고구마맛 #퍼플 #쿠키추천 #편의점간식 #간식추천 <b>우배</b> 쿠키 오오오 올해 간식은... 나쁘지 않은데 ㅋㅋ <b>우배</b>쨈 먹어 봤을 때 그 느낌은 은은한 자색고구마맛에 뒷맛이 비트맛이 있어 살짝... ,MeMoRies 201215 A10:30,blog.naver.com/angel1088,naver_blog,우배,typo,0.8,2026-05-26T11:02:57.061617+00:00,0,0,0,0,MeMoRies 201215 A10:30,#우베 #우베쿠키 #자색고구마맛 #퍼플 #쿠키추천 #편의점간식 #간식추천 <b>우배</b> 쿠키 오오오 올해 간식은... 나쁘지 않은데 ㅋㅋ <b>우배</b>쨈 먹어 봤을 때 그 느낌은 은은한 자색고구마맛에 뒷맛이 비트맛이 있어 살짝... ,"{""title"": ""우베쿠키 리얼 후기. 고구마인가.."", ""link"": ""https://blog.naver.com/angel1088/224285476790"", ""description"": ""#우베 #우베쿠키 #자색고구마맛 #퍼플 #쿠키추천 #편의점간식 #간식추천 <b>우배</b> 쿠키 오오오 올해 간식은... 나쁘지 않은데 ㅋㅋ <b>우배</b>쨈 먹어 봤을 때 그 느낌은 은은한 자색고구마맛에 뒷맛이 비트맛이 있어 살짝... "", ""bloggername"": ""MeMoRies 201215 A10:30"", ""bloggerlink"": ""blog.naver.com/angel1088"", ""postdate"": ""20260514""}"
우베,preset,우배,긴 연휴에 가출팸을 구했다(안동으로 떠나자!!),https://blog.naver.com/benconge/224285298783,20260514,웨이팅 완전깁니다 ㅋㅋㅋㅋㅋ 우리는 오픈하자마자 와서 안전빵으로 아이스크림 앉아서 즐김 ㅋㅋㅋ 내가 먹은건 <b>우배</b>고구마맛 쌀맛 피스타치오맛 맛보기까지 피스타치오랑 쌀맛이 제일좋음 쌀맛은 원래... ,벤콩이랑 blog,blog.naver.com/benconge,naver_blog,우배,typo,0.8,2026-05-26T11:02:57.061617+00:00,0,0,0,0,벤콩이랑 blog,웨이팅 완전깁니다 ㅋㅋㅋㅋㅋ 우리는 오픈하자마자 와서 안전빵으로 아이스크림 앉아서 즐김 ㅋㅋㅋ 내가 먹은건 <b>우배</b>고구마맛 쌀맛 피스타치오맛 맛보기까지 피스타치오랑 쌀맛이 제일좋음 쌀맛은 원래... ,"{""title"": ""긴 연휴에 가출팸을 구했다(안동으로 떠나자!!)"", ""link"": ""https://blog.naver.com/benconge/224285298783"", ""description"": ""웨이팅 완전깁니다 ㅋㅋㅋㅋㅋ 우리는 오픈하자마자 와서 안전빵으로 아이스크림 앉아서 즐김 ㅋㅋㅋ 내가 먹은건 <b>우배</b>고구마맛 쌀맛 피스타치오맛 맛보기까지 피스타치오랑 쌀맛이 제일좋음 쌀맛은 원래... "", ""bloggername"": ""벤콩이랑 blog"", ""bloggerlink"": ""blog.naver.com/benconge"", ""postdate"": ""20260514""}"
우베,preset,우배,대전 대흥동 카페 추천 확장성 레트로 감성 느좋 대형카페 방문... ,https://blog.naver.com/fob0118/224285215499,20260514,나 <b>우배</b> 좋아하네 ??! 달달하니 힐링.. 그 자체 ㅠㅠ 성심당에서 빨린 기운 야무지게 충전하고 왔습니다 ㅠㅠ 공간도 넓고 다양해서 즐길 거리도 많고 생각보다 더 편안하게 잘 시간 보내다 왔습니다 :) 성심당... ,MJ HADA,blog.naver.com/fob0118,naver_blog,우배,typo,0.8,2026-05-26T11:02:57.061617+00:00,0,0,0,0,MJ HADA,나 <b>우배</b> 좋아하네 ??! 달달하니 힐링.. 그 자체 ㅠㅠ 성심당에서 빨린 기운 야무지게 충전하고 왔습니다 ㅠㅠ 공간도 넓고 다양해서 즐길 거리도 많고 생각보다 더 편안하게 잘 시간 보내다 왔습니다 :) 성심당... ,"{""title"": ""대전 대흥동 카페 추천 확장성 레트로 감성 느좋 대형카페 방문... "", ""link"": ""https://blog.naver.com/fob0118/224285215499"", ""description"": ""나 <b>우배</b> 좋아하네 ??! 달달하니 힐링.. 그 자체 ㅠㅠ 성심당에서 빨린 기운 야무지게 충전하고 왔습니다 ㅠㅠ 공간도 넓고 다양해서 즐길 거리도 많고 생각보다 더 편안하게 잘 시간 보내다 왔습니다 :) 성심당... "", ""bloggername"": ""MJ HADA"", ""bloggerlink"": ""blog.naver.com/fob0118"", ""postdate"": ""20260514""}"
우베,preset,우배,[부산/서면]전포카페거리 우베디저트 메타몽 빙수 어도먼트,https://blog.naver.com/pg4646/224284942681,20260514,메타몽 디저트 말고도 맛있어보이는 케이크와 고양이 푸딩도 유명한지 많이 시켜드시더라구요 ㅎㅎ 원래 딸기 쳐돌인데 이번엔 <b>우배</b>로! 그리고 초코처돌이인 남자친구는 두바이 초코 케이크 추가로... ,게으름뱅이의 일상생활,blog.naver.com/pg4646,naver_blog,우배,typo,0.8,2026-05-26T11:02:57.061617+00:00,0,0,0,0,게으름뱅이의 일상생활,메타몽 디저트 말고도 맛있어보이는 케이크와 고양이 푸딩도 유명한지 많이 시켜드시더라구요 ㅎㅎ 원래 딸기 쳐돌인데 이번엔 <b>우배</b>로! 그리고 초코처돌이인 남자친구는 두바이 초코 케이크 추가로... ,"{""title"": ""[부산/서면]전포카페거리 우베디저트 메타몽 빙수 어도먼트"", ""link"": ""https://blog.naver.com/pg4646/224284942681"", ""description"": ""메타몽 디저트 말고도 맛있어보이는 케이크와 고양이 푸딩도 유명한지 많이 시켜드시더라구요 ㅎㅎ 원래 딸기 쳐돌인데 이번엔 <b>우배</b>로! 그리고 초코처돌이인 남자친구는 두바이 초코 케이크 추가로... "", ""bloggername"": ""게으름뱅이의 일상생활"", ""bloggerlink"": ""blog.naver.com/pg4646"", ""postdate"": ""20260514""}"
우베,preset,우배,5월 하이 ~,https://blog.naver.com/juwoning0919/224284768246,20260514,5/1 (금) 목자님과 함께~  <b>우배</b> 오늘처음 먹어봤는데 not bad .. but not good 였음 5/2 (토) 11am 필테다녀옴 아침과 점심 나름 식단? 하고있어요 (하고싶을때만 ) 유튜브보면서 밥먹다 늦어서 2시 채영이 풍물놀이 공연... ,무해하고 유익한,blog.naver.com/juwoning0919,naver_blog,우배,typo,0.8,2026-05-26T11:02:57.061617+00:00,0,0,0,0,무해하고 유익한,5/1 (금) 목자님과 함께~  <b>우배</b> 오늘처음 먹어봤는데 not bad .. but not good 였음 5/2 (토) 11am 필테다녀옴 아침과 점심 나름 식단? 하고있어요 (하고싶을때만 ) 유튜브보면서 밥먹다 늦어서 2시 채영이 풍물놀이 공연... ,"{""title"": ""5월 하이 ~"", ""link"": ""https://blog.naver.com/juwoning0919/224284768246"", ""description"": ""5/1 (금) 목자님과 함께~  <b>우배</b> 오늘처음 먹어봤는데 not bad .. but not good 였음 5/2 (토) 11am 필테다녀옴 아침과 점심 나름 식단? 하고있어요 (하고싶을때만 ) 유튜브보면서 밥먹다 늦어서 2시 채영이 풍물놀이 공연... "", ""bloggername"": ""무해하고 유익한"", ""bloggerlink"": ""blog.naver.com/juwoning0919"", ""postdate"": ""20260514""}"
우베,preset,우배,홍천 전원주택 조경 시공｜산 아래 세컨하우스 정원,https://blog.naver.com/ateliersouhait/224284568671,20260513,"본격적인 식재 기반을 조성하기에 앞서 가장 먼저 <b>우배</b>수관과 집수정을 설치하는 등 땅속의 물길을 확실하게 잡아주는 기초 배수 공사부터 꼼꼼하게 진행했습니다. 다만, 현장에서 흙을 파내고 기반을 다지는... ",아틀리에수에,blog.naver.com/ateliersouhait,naver_blog,우배,typo,0.8,2026-05-26T11:02:57.061617+00:00,0,0,0,0,아틀리에수에,"본격적인 식재 기반을 조성하기에 앞서 가장 먼저 <b>우배</b>수관과 집수정을 설치하는 등 땅속의 물길을 확실하게 잡아주는 기초 배수 공사부터 꼼꼼하게 진행했습니다. 다만, 현장에서 흙을 파내고 기반을 다지는... ","{""title"": ""홍천 전원주택 조경 시공｜산 아래 세컨하우스 정원"", ""link"": ""https://blog.naver.com/ateliersouhait/224284568671"", ""description"": ""본격적인 식재 기반을 조성하기에 앞서 가장 먼저 <b>우배</b>수관과 집수정을 설치하는 등 땅속의 물길을 확실하게 잡아주는 기초 배수 공사부터 꼼꼼하게 진행했습니다. 다만, 현장에서 흙을 파내고 기반을 다지는... "", ""bloggername"": ""아틀리에수에"", ""bloggerlink"": ""blog.naver.com/ateliersouhait"", ""postdate"": ""20260513""}"
우베,preset,우배,우베 타로 차이? 요즘 난리난 디저트 효능·차이점·먹는법 총정리,https://blog.naver.com/welltea-/224283994192,20260513,“이건 우베야? 타로야? ” 요즘 보라색 디저트가 인기입니다. 얼마전까지 '우베'가 이슈가 되기 시작하더니 최근에는 우베와 타로가 함께 언급되면서 “둘이 같은 음식인가?” 헷갈려하는 경우도 많아졌다고... ,건강 한스푼,blog.naver.com/welltea-,naver_blog,우배,typo,0.8,2026-05-26T11:02:57.061617+00:00,0,0,0,0,건강 한스푼,“이건 우베야? 타로야? ” 요즘 보라색 디저트가 인기입니다. 얼마전까지 '우베'가 이슈가 되기 시작하더니 최근에는 우베와 타로가 함께 언급되면서 “둘이 같은 음식인가?” 헷갈려하는 경우도 많아졌다고... ,"{""title"": ""우베 타로 차이? 요즘 난리난 디저트 효능·차이점·먹는법 총정리"", ""link"": ""https://blog.naver.com/welltea-/224283994192"", ""description"": ""“이건 우베야? 타로야? ” 요즘 보라색 디저트가 인기입니다. 얼마전까지 '우베'가 이슈가 되기 시작하더니 최근에는 우베와 타로가 함께 언급되면서 “둘이 같은 음식인가?” 헷갈려하는 경우도 많아졌다고... "", ""bloggername"": ""건강 한스푼"", ""bloggerlink"": ""blog.naver.com/welltea-"", ""postdate"": ""20260513""}"
우베,preset,우배,"애슐리퀸즈 롯데몰 수지점 신메뉴 우베, 토마토 짱 맛 !",https://blog.naver.com/bbangya--/224283498590,20260512,신메뉴인 <b>우배</b>라떼와 <b>우배</b> 치즈케이크! <b>우배</b>는 참 색깔이 너무 이뿌다 ㅎㅎ 과일도 야무지게 있구용 첫 접시만 사진찍고 나머지는 먹으면서 오랜만에 만난 사촌들이랑 얘기하다가 사진 찍는거 까먹음 ^_^ !!... ,빵야로그,blog.naver.com/bbangya--,naver_blog,우배,typo,0.8,2026-05-26T11:02:57.061617+00:00,0,0,0,0,빵야로그,신메뉴인 <b>우배</b>라떼와 <b>우배</b> 치즈케이크! <b>우배</b>는 참 색깔이 너무 이뿌다 ㅎㅎ 과일도 야무지게 있구용 첫 접시만 사진찍고 나머지는 먹으면서 오랜만에 만난 사촌들이랑 얘기하다가 사진 찍는거 까먹음 ^_^ !!... ,"{""title"": ""애슐리퀸즈 롯데몰 수지점 신메뉴 우베, 토마토 짱 맛 !"", ""link"": ""https://blog.naver.com/bbangya--/224283498590"", ""description"": ""신메뉴인 <b>우배</b>라떼와 <b>우배</b> 치즈케이크! <b>우배</b>는 참 색깔이 너무 이뿌다 ㅎㅎ 과일도 야무지게 있구용 첫 접시만 사진찍고 나머지는 먹으면서 오랜만에 만난 사촌들이랑 얘기하다가 사진 찍는거 까먹음 ^_^ !!... "", ""bloggername"": ""빵야로그"", ""bloggerlink"": ""blog.naver.com/bbangya--"", ""postdate"": ""20260512""}"
우베,preset,우배,기릿의 주식노트 Let's Get It 채널의 '&quot;보통은 이럴때..&quot; 아직... ,https://blog.naver.com/kalluen/224283442796,20260512,글로벌 디저트 트렌드: '제2의 말차'로 떠오른 <b>우배</b>(Ube) [07:52] ❼. 일본인들의 한국 여행 필수템... 글로벌 디저트 트렌드: '제2의 말차'로 떠오른 <b>우배</b>(Ube)  [07:52] 최근 보라색 참마인 '<b>우배</b>(Ube)'가 전 세계적인... ,인간지표,blog.naver.com/kalluen,naver_blog,우배,typo,0.8,2026-05-26T11:02:57.061617+00:00,0,0,0,0,인간지표,글로벌 디저트 트렌드: '제2의 말차'로 떠오른 <b>우배</b>(Ube) [07:52] ❼. 일본인들의 한국 여행 필수템... 글로벌 디저트 트렌드: '제2의 말차'로 떠오른 <b>우배</b>(Ube)  [07:52] 최근 보라색 참마인 '<b>우배</b>(Ube)'가 전 세계적인... ,"{""title"": ""기릿의 주식노트 Let's Get It 채널의 '&quot;보통은 이럴때..&quot; 아직... "", ""link"": ""https://blog.naver.com/kalluen/224283442796"", ""description"": ""글로벌 디저트 트렌드: '제2의 말차'로 떠오른 <b>우배</b>(Ube) [07:52] ❼. 일본인들의 한국 여행 필수템... 글로벌 디저트 트렌드: '제2의 말차'로 떠오른 <b>우배</b>(Ube)  [07:52] 최근 보라색 참마인 '<b>우배</b>(Ube)'가 전 세계적인... "", ""bloggername"": ""인간지표"", ""bloggerlink"": ""blog.naver.com/kalluen"", ""postdate"": ""20260512""}"
우베,preset,우배,우베가 뭐길래 우베 뜻부터 우베 맛 효능 디저트까지 총정리,https://blog.naver.com/whiskerwhisker/224283103504,20260512,"혼동하는 <b>우배</b> 타로 차이를 알아볼게요 구분 우베 타로 색감 진한 보라색 연보라, 회색빛 보라 맛 달콤하고 고소함 담백하고 구수함 이미지 크리미하고 진한 디저트 느낌 밀크티, 버블티에 잘 어울리는 부드러운... ",아보카동_건강정보 일상정보 나눠요,blog.naver.com/whiskerwhisker,naver_blog,우배,typo,0.8,2026-05-26T11:02:57.061617+00:00,0,0,0,0,아보카동_건강정보 일상정보 나눠요,"혼동하는 <b>우배</b> 타로 차이를 알아볼게요 구분 우베 타로 색감 진한 보라색 연보라, 회색빛 보라 맛 달콤하고 고소함 담백하고 구수함 이미지 크리미하고 진한 디저트 느낌 밀크티, 버블티에 잘 어울리는 부드러운... ","{""title"": ""우베가 뭐길래 우베 뜻부터 우베 맛 효능 디저트까지 총정리"", ""link"": ""https://blog.naver.com/whiskerwhisker/224283103504"", ""description"": ""혼동하는 <b>우배</b> 타로 차이를 알아볼게요 구분 우베 타로 색감 진한 보라색 연보라, 회색빛 보라 맛 달콤하고 고소함 담백하고 구수함 이미지 크리미하고 진한 디저트 느낌 밀크티, 버블티에 잘 어울리는 부드러운... "", ""bloggername"": ""아보카동_건강정보 일상정보 나눠요"", ""bloggerlink"": ""blog.naver.com/whiskerwhisker"", ""postdate"": ""20260512""}"
우베,preset,우배,분위기까지 취향저격이었던 원주시내카페 ㅎㅎ,https://blog.naver.com/piacquire/224282970400,20260512,"저희는 말차크림라떼, 옥수수크림라떼, 흑임자라떼, <b>우배</b>라떼 이렇게 주문했는데 비주얼부터 완전... 흑임자라떼는 고소한 맛 좋아하는 친구가 완전 만족했고 <b>우배</b>라떼도 부드럽게 마시기 좋더라구요ㅎㅎ... ",꼬오오오무우우울,blog.naver.com/piacquire,naver_blog,우배,typo,0.8,2026-05-26T11:02:57.061617+00:00,0,0,0,0,꼬오오오무우우울,"저희는 말차크림라떼, 옥수수크림라떼, 흑임자라떼, <b>우배</b>라떼 이렇게 주문했는데 비주얼부터 완전... 흑임자라떼는 고소한 맛 좋아하는 친구가 완전 만족했고 <b>우배</b>라떼도 부드럽게 마시기 좋더라구요ㅎㅎ... ","{""title"": ""분위기까지 취향저격이었던 원주시내카페 ㅎㅎ"", ""link"": ""https://blog.naver.com/piacquire/224282970400"", ""description"": ""저희는 말차크림라떼, 옥수수크림라떼, 흑임자라떼, <b>우배</b>라떼 이렇게 주문했는데 비주얼부터 완전... 흑임자라떼는 고소한 맛 좋아하는 친구가 완전 만족했고 <b>우배</b>라떼도 부드럽게 마시기 좋더라구요ㅎㅎ... "", ""bloggername"": ""꼬오오오무우우울"", ""bloggerlink"": ""blog.naver.com/piacquire"", ""postdate"": ""20260512""}"
우베,preset,우배,"우베 궁금했다면 이 글 하나로 끝, 효능부터 먹는 법까지",https://blog.naver.com/info-plaza/224282399742,20260512,"이제 궁금했던 <b>우배</b>라는 식재료가 조금 더 친숙하게 느껴지셨을거예요. 내 몸에 맞는 양을 지켜서 맛있고 건강하게 우베를 즐겨보세요. 오늘 글이 도움이 되셨다면 저장해두고, 우베 제품을 구매할 때... ",궁금한건강이야기,blog.naver.com/info-plaza,naver_blog,우배,typo,0.8,2026-05-26T11:02:57.061617+00:00,0,0,0,0,궁금한건강이야기,"이제 궁금했던 <b>우배</b>라는 식재료가 조금 더 친숙하게 느껴지셨을거예요. 내 몸에 맞는 양을 지켜서 맛있고 건강하게 우베를 즐겨보세요. 오늘 글이 도움이 되셨다면 저장해두고, 우베 제품을 구매할 때... ","{""title"": ""우베 궁금했다면 이 글 하나로 끝, 효능부터 먹는 법까지"", ""link"": ""https://blog.naver.com/info-plaza/224282399742"", ""description"": ""이제 궁금했던 <b>우배</b>라는 식재료가 조금 더 친숙하게 느껴지셨을거예요. 내 몸에 맞는 양을 지켜서 맛있고 건강하게 우베를 즐겨보세요. 오늘 글이 도움이 되셨다면 저장해두고, 우베 제품을 구매할 때... "", ""bloggername"": ""궁금한건강이야기"", ""bloggerlink"": ""blog.naver.com/info-plaza"", ""postdate"": ""20260512""}"
우베,preset,우배,양재천카페추천 두바이라떼가 있는 카페스쿱,https://blog.naver.com/dulcexo/224282282716,20260511,핫한 <b>우배</b>로 만든 우포가토 / 말포가토라 안먹어볼수가 없겠죵 월간스쿱 우포가토 두바이라떼... 아포가토의 변형버전이기 때문에 갓 내린 에스프레소가 함께 나와요 <b>우배</b>시럽이 올라간 시원한... ,✨Dalon’s daily✨,blog.naver.com/dulcexo,naver_blog,우배,typo,0.8,2026-05-26T11:02:57.061617+00:00,0,0,0,0,✨Dalon’s daily✨,핫한 <b>우배</b>로 만든 우포가토 / 말포가토라 안먹어볼수가 없겠죵 월간스쿱 우포가토 두바이라떼... 아포가토의 변형버전이기 때문에 갓 내린 에스프레소가 함께 나와요 <b>우배</b>시럽이 올라간 시원한... ,"{""title"": ""양재천카페추천 두바이라떼가 있는 카페스쿱"", ""link"": ""https://blog.naver.com/dulcexo/224282282716"", ""description"": ""핫한 <b>우배</b>로 만든 우포가토 / 말포가토라 안먹어볼수가 없겠죵 월간스쿱 우포가토 두바이라떼... 아포가토의 변형버전이기 때문에 갓 내린 에스프레소가 함께 나와요 <b>우배</b>시럽이 올라간 시원한... "", ""bloggername"": ""✨Dalon’s daily✨"", ""bloggerlink"": ""blog.naver.com/dulcexo"", ""postdate"": ""20260511""}"
우베,preset,우배,"서울에서 1시간대, 숲속 별장 같은 양평 전원주택용 토지... ",https://blog.naver.com/duke6799/224282169896,20260511,"특히 이 토지는 이미 석축 공사와 평탄화 작업, <b>우배</b>수관 매립까지 상당 부분 기반 공사가 진행되어... 완료 ✔ <b>우배</b>수관 매립 완료 ✔ 전기·통신 인입 완료 ✔ 어린 잣나무 약 80그루 식재 ▪ 상수도 미인입... ",인생부동산,blog.naver.com/duke6799,naver_blog,우배,typo,0.8,2026-05-26T11:02:57.061617+00:00,0,0,0,0,인생부동산,"특히 이 토지는 이미 석축 공사와 평탄화 작업, <b>우배</b>수관 매립까지 상당 부분 기반 공사가 진행되어... 완료 ✔ <b>우배</b>수관 매립 완료 ✔ 전기·통신 인입 완료 ✔ 어린 잣나무 약 80그루 식재 ▪ 상수도 미인입... ","{""title"": ""서울에서 1시간대, 숲속 별장 같은 양평 전원주택용 토지... "", ""link"": ""https://blog.naver.com/duke6799/224282169896"", ""description"": ""특히 이 토지는 이미 석축 공사와 평탄화 작업, <b>우배</b>수관 매립까지 상당 부분 기반 공사가 진행되어... 완료 ✔ <b>우배</b>수관 매립 완료 ✔ 전기·통신 인입 완료 ✔ 어린 잣나무 약 80그루 식재 ▪ 상수도 미인입... "", ""bloggername"": ""인생부동산"", ""bloggerlink"": ""blog.naver.com/duke6799"", ""postdate"": ""20260511""}"
우베,preset,우배,남천강,https://blog.naver.com/jbd2005/224281779695,20260511,- 登高(등고) / 張承遠(장승원) - 危樓高架嶺南天 (위루고가영남천) 높은 누각 영남루 하늘에 높이 솟아 있고 迢遞登臨古郭前 (초체등림고곽전) 아득히 먼 옛 성곽 앞에 서있네 牛背斜陽平楚外 (<b>우배</b>사양평초외) 소... ,Anytime,blog.naver.com/jbd2005,naver_blog,우배,typo,0.8,2026-05-26T11:02:57.061617+00:00,0,0,0,0,Anytime,- 登高(등고) / 張承遠(장승원) - 危樓高架嶺南天 (위루고가영남천) 높은 누각 영남루 하늘에 높이 솟아 있고 迢遞登臨古郭前 (초체등림고곽전) 아득히 먼 옛 성곽 앞에 서있네 牛背斜陽平楚外 (<b>우배</b>사양평초외) 소... ,"{""title"": ""남천강"", ""link"": ""https://blog.naver.com/jbd2005/224281779695"", ""description"": ""- 登高(등고) / 張承遠(장승원) - 危樓高架嶺南天 (위루고가영남천) 높은 누각 영남루 하늘에 높이 솟아 있고 迢遞登臨古郭前 (초체등림고곽전) 아득히 먼 옛 성곽 앞에 서있네 牛背斜陽平楚外 (<b>우배</b>사양평초외) 소... "", ""bloggername"": ""Anytime"", ""bloggerlink"": ""blog.naver.com/jbd2005"", ""postdate"": ""20260511""}"
우베,preset,우배,요즘 뜨는 우베 먹어봤어? CU에서 발견한 보랏빛 디저트,https://blog.naver.com/0may/224281734796,20260511,그래도 다행히 마지막처럼 남아 있던 <b>우배</b> 찰떡꼬치를 데려와 먹어봤답니다.ㅎㅎ 우베란 무엇일까?... CU 편의점에서 발견한 우베 찰떡꼬치 후기 제가 이번에 구매한 제품은 CU 편의점의 <b>우배</b> 찰떡꼬치였어요.... ,교육 매뉴얼 blog_콩콩쌤,blog.naver.com/0may,naver_blog,우배,typo,0.8,2026-05-26T11:02:57.061617+00:00,0,0,0,0,교육 매뉴얼 blog_콩콩쌤,그래도 다행히 마지막처럼 남아 있던 <b>우배</b> 찰떡꼬치를 데려와 먹어봤답니다.ㅎㅎ 우베란 무엇일까?... CU 편의점에서 발견한 우베 찰떡꼬치 후기 제가 이번에 구매한 제품은 CU 편의점의 <b>우배</b> 찰떡꼬치였어요.... ,"{""title"": ""요즘 뜨는 우베 먹어봤어? CU에서 발견한 보랏빛 디저트"", ""link"": ""https://blog.naver.com/0may/224281734796"", ""description"": ""그래도 다행히 마지막처럼 남아 있던 <b>우배</b> 찰떡꼬치를 데려와 먹어봤답니다.ㅎㅎ 우베란 무엇일까?... CU 편의점에서 발견한 우베 찰떡꼬치 후기 제가 이번에 구매한 제품은 CU 편의점의 <b>우배</b> 찰떡꼬치였어요.... "", ""bloggername"": ""교육 매뉴얼 blog_콩콩쌤"", ""bloggerlink"": ""blog.naver.com/0may"", ""postdate"": ""20260511""}"
우베,preset,우배,[포항] 초곡 요거트 아이스크림 디저트 맛집... ,https://blog.naver.com/lum1021/224281039353,20260510,"요즘 우베가 인기라 많이 본 거 같은데 아이스크림 브랜드 업계 최초 마이요거트립에서 <b>우배</b> 아이스크림을 출시했어요! 저는 신메뉴 우베망고펄 , 우베크런치중 우베망고펄로 주문했어요! 카운터 쪽에... ",일상 공간 : ),blog.naver.com/lum1021,naver_blog,우배,typo,0.8,2026-05-26T11:02:57.061617+00:00,0,0,0,0,일상 공간 : ),"요즘 우베가 인기라 많이 본 거 같은데 아이스크림 브랜드 업계 최초 마이요거트립에서 <b>우배</b> 아이스크림을 출시했어요! 저는 신메뉴 우베망고펄 , 우베크런치중 우베망고펄로 주문했어요! 카운터 쪽에... ","{""title"": ""[포항] 초곡 요거트 아이스크림 디저트 맛집... "", ""link"": ""https://blog.naver.com/lum1021/224281039353"", ""description"": ""요즘 우베가 인기라 많이 본 거 같은데 아이스크림 브랜드 업계 최초 마이요거트립에서 <b>우배</b> 아이스크림을 출시했어요! 저는 신메뉴 우베망고펄 , 우베크런치중 우베망고펄로 주문했어요! 카운터 쪽에... "", ""bloggername"": ""일상 공간 : )"", ""bloggerlink"": ""blog.naver.com/lum1021"", ""postdate"": ""20260510""}"
우베,preset,우배,대구 지역 역사를 알 수 있는 장소 박물관 그리고 기념관... ,https://blog.naver.com/leehirobin/224280825749,20260510,월곡역사박물관: 임진왜란 때 의병장 <b>우배</b>선과 관련된 유물 및 달성 우씨 월촌 세거지 관련 자료를 전시합니다. 유적지 및 근대 골목 (현장 답사)경상감영공원: 조선시대 경상도를 관할하던 경상감영이 있던... ,leehirobin님의 블로그,blog.naver.com/leehirobin,naver_blog,우배,typo,0.8,2026-05-26T11:02:57.061617+00:00,0,0,0,0,leehirobin님의 블로그,월곡역사박물관: 임진왜란 때 의병장 <b>우배</b>선과 관련된 유물 및 달성 우씨 월촌 세거지 관련 자료를 전시합니다. 유적지 및 근대 골목 (현장 답사)경상감영공원: 조선시대 경상도를 관할하던 경상감영이 있던... ,"{""title"": ""대구 지역 역사를 알 수 있는 장소 박물관 그리고 기념관... "", ""link"": ""https://blog.naver.com/leehirobin/224280825749"", ""description"": ""월곡역사박물관: 임진왜란 때 의병장 <b>우배</b>선과 관련된 유물 및 달성 우씨 월촌 세거지 관련 자료를 전시합니다. 유적지 및 근대 골목 (현장 답사)경상감영공원: 조선시대 경상도를 관할하던 경상감영이 있던... "", ""bloggername"": ""leehirobin님의 블로그"", ""bloggerlink"": ""blog.naver.com/leehirobin"", ""postdate"": ""20260510""}"
우베,preset,우배,송리단길카페 케이크 맛집 송파 케키하우스,https://blog.naver.com/b911122/224280726718,20260510,"케키하우스 메뉴 [시그니처 음료] 우베크림라떼 7,000원 아메리카노 5,000원 카페라떼 5,500원 플랫화이트 5,500원 액설런트 라떼 6,500원 바닐라라떼 6,000원 아인슈페너 6,500원 [논커피] <b>우배</b>라떼 6,500원... ","하고싶은것도 많고, 가고싶은데도 많은",blog.naver.com/b911122,naver_blog,우배,typo,0.8,2026-05-26T11:02:57.061617+00:00,0,0,0,0,"하고싶은것도 많고, 가고싶은데도 많은","케키하우스 메뉴 [시그니처 음료] 우베크림라떼 7,000원 아메리카노 5,000원 카페라떼 5,500원 플랫화이트 5,500원 액설런트 라떼 6,500원 바닐라라떼 6,000원 아인슈페너 6,500원 [논커피] <b>우배</b>라떼 6,500원... ","{""title"": ""송리단길카페 케이크 맛집 송파 케키하우스"", ""link"": ""https://blog.naver.com/b911122/224280726718"", ""description"": ""케키하우스 메뉴 [시그니처 음료] 우베크림라떼 7,000원 아메리카노 5,000원 카페라떼 5,500원 플랫화이트 5,500원 액설런트 라떼 6,500원 바닐라라떼 6,000원 아인슈페너 6,500원 [논커피] <b>우배</b>라떼 6,500원... "", ""bloggername"": ""하고싶은것도 많고, 가고싶은데도 많은"", ""bloggerlink"": ""blog.naver.com/b911122"", ""postdate"": ""20260510""}"
우베,preset,우배,[연세우유 우베 생크림빵] - 씨유 연세우유 신상 우베 크림빵 추천,https://blog.naver.com/gampinjae/224280645526,20260510,실제로 까보니 우유 크림이 훨씬 많고 <b>우배</b> 크림이 사이드인 느낌이었다. 엄청 보라 보라한 빵을 기대했는데 하얀색에 보라색 좀 탄 느낌..... 하지만 맛있으면 되지~ 오 한 입 먹어봤는데!!!! 확실히 자색... ,감하다,blog.naver.com/gampinjae,naver_blog,우배,typo,0.8,2026-05-26T11:02:57.061617+00:00,0,0,0,0,감하다,실제로 까보니 우유 크림이 훨씬 많고 <b>우배</b> 크림이 사이드인 느낌이었다. 엄청 보라 보라한 빵을 기대했는데 하얀색에 보라색 좀 탄 느낌..... 하지만 맛있으면 되지~ 오 한 입 먹어봤는데!!!! 확실히 자색... ,"{""title"": ""[연세우유 우베 생크림빵] - 씨유 연세우유 신상 우베 크림빵 추천"", ""link"": ""https://blog.naver.com/gampinjae/224280645526"", ""description"": ""실제로 까보니 우유 크림이 훨씬 많고 <b>우배</b> 크림이 사이드인 느낌이었다. 엄청 보라 보라한 빵을 기대했는데 하얀색에 보라색 좀 탄 느낌..... 하지만 맛있으면 되지~ 오 한 입 먹어봤는데!!!! 확실히 자색... "", ""bloggername"": ""감하다"", ""bloggerlink"": ""blog.naver.com/gampinjae"", ""postdate"": ""20260510""}"
우베,preset,우배,"군산 조촌동 디저트 맛집 그릭베리, 아사이볼로 완성하는... ",https://blog.naver.com/j3837/224280087348,20260509,"보랏빛(<b>우배</b>로 변경) 요거트 아이스크림 위에 자몽과 벌집꿀이 올라가 있는데, 이 조합이 진짜 신의 한 수예요. 자몽의 쌉싸름하면서도 상큼한 맛이 입안을 확 깨워주고, 그 위에 벌집꿀이 달콤하게 녹아내리면서... ",최고의 선택.,blog.naver.com/j3837,naver_blog,우배,typo,0.8,2026-05-26T11:02:57.061617+00:00,0,0,0,0,최고의 선택.,"보랏빛(<b>우배</b>로 변경) 요거트 아이스크림 위에 자몽과 벌집꿀이 올라가 있는데, 이 조합이 진짜 신의 한 수예요. 자몽의 쌉싸름하면서도 상큼한 맛이 입안을 확 깨워주고, 그 위에 벌집꿀이 달콤하게 녹아내리면서... ","{""title"": ""군산 조촌동 디저트 맛집 그릭베리, 아사이볼로 완성하는... "", ""link"": ""https://blog.naver.com/j3837/224280087348"", ""description"": ""보랏빛(<b>우배</b>로 변경) 요거트 아이스크림 위에 자몽과 벌집꿀이 올라가 있는데, 이 조합이 진짜 신의 한 수예요. 자몽의 쌉싸름하면서도 상큼한 맛이 입안을 확 깨워주고, 그 위에 벌집꿀이 달콤하게 녹아내리면서... "", ""bloggername"": ""최고의 선택."", ""bloggerlink"": ""blog.naver.com/j3837"", ""postdate"": ""20260509""}"
우베,preset,우배,[2026] 한옥(韓屋)마을 10경 옹벽걸이 벽화/우항곡절(迂巷曲折)... ,https://blog.naver.com/kbs4677/224279930633,20260509,[2026] 한옥(韓屋)마을 10경 옹벽걸이 벽화 10 Scenic Views of Hanok Village . 韓屋村 10景 전주와 완주를 아우르는 완산(完山) 고을에는 예부터 8경 10경으로 일컬어지는 승경이 있다 단순히 산수만을 언급하는데... ,청도블로그,blog.naver.com/kbs4677,naver_blog,우배,typo,0.8,2026-05-26T11:02:57.061617+00:00,0,0,0,0,청도블로그,[2026] 한옥(韓屋)마을 10경 옹벽걸이 벽화 10 Scenic Views of Hanok Village . 韓屋村 10景 전주와 완주를 아우르는 완산(完山) 고을에는 예부터 8경 10경으로 일컬어지는 승경이 있다 단순히 산수만을 언급하는데... ,"{""title"": ""[2026] 한옥(韓屋)마을 10경 옹벽걸이 벽화/우항곡절(迂巷曲折)... "", ""link"": ""https://blog.naver.com/kbs4677/224279930633"", ""description"": ""[2026] 한옥(韓屋)마을 10경 옹벽걸이 벽화 10 Scenic Views of Hanok Village . 韓屋村 10景 전주와 완주를 아우르는 완산(完山) 고을에는 예부터 8경 10경으로 일컬어지는 승경이 있다 단순히 산수만을 언급하는데... "", ""bloggername"": ""청도블로그"", ""bloggerlink"": ""blog.naver.com/kbs4677"", ""postdate"": ""20260509""}"
우베,preset,우배,4월의 청춘,https://blog.naver.com/haroldlynn/224277971090,20260507,명장아저씨가 운영한다는 빵집을 다녀왔어요 나 빼고 다 알고 있더라고요 크루아상이 제일 존맛탱인 곳 크루아상 드세요 크루아상 샌드위치 이 두 가지 드세요 (요즘 유행하는 <b>우배</b> 라떼도 있어요??) 마지막... ,haroldlynn님의 블로그,blog.naver.com/haroldlynn,naver_blog,우배,typo,0.8,2026-05-26T11:02:57.061617+00:00,0,0,0,0,haroldlynn님의 블로그,명장아저씨가 운영한다는 빵집을 다녀왔어요 나 빼고 다 알고 있더라고요 크루아상이 제일 존맛탱인 곳 크루아상 드세요 크루아상 샌드위치 이 두 가지 드세요 (요즘 유행하는 <b>우배</b> 라떼도 있어요??) 마지막... ,"{""title"": ""4월의 청춘"", ""link"": ""https://blog.naver.com/haroldlynn/224277971090"", ""description"": ""명장아저씨가 운영한다는 빵집을 다녀왔어요 나 빼고 다 알고 있더라고요 크루아상이 제일 존맛탱인 곳 크루아상 드세요 크루아상 샌드위치 이 두 가지 드세요 (요즘 유행하는 <b>우배</b> 라떼도 있어요??) 마지막... "", ""bloggername"": ""haroldlynn님의 블로그"", ""bloggerlink"": ""blog.naver.com/haroldlynn"", ""postdate"": ""20260507""}"
우베,preset,우배,[2026] 오동(梧桐)나무 꽃(花)/,https://blog.naver.com/kbs4677/224277471796,20260507,"[2026] 오동(梧桐)나무 꽃(花) 오동나무(梧桐-, 학명: Paulownia coreana)는 한국 원산의 꿀풀목 오동나무과의 겨울에 잎이 지는 큰키나무 붉동나무, 오동이라고도 한다. 오동나무는 원래가 머귀나무로, 이... ",청도블로그,blog.naver.com/kbs4677,naver_blog,우배,typo,0.8,2026-05-26T11:02:57.061617+00:00,0,0,0,0,청도블로그,"[2026] 오동(梧桐)나무 꽃(花) 오동나무(梧桐-, 학명: Paulownia coreana)는 한국 원산의 꿀풀목 오동나무과의 겨울에 잎이 지는 큰키나무 붉동나무, 오동이라고도 한다. 오동나무는 원래가 머귀나무로, 이... ","{""title"": ""[2026] 오동(梧桐)나무 꽃(花)/"", ""link"": ""https://blog.naver.com/kbs4677/224277471796"", ""description"": ""[2026] 오동(梧桐)나무 꽃(花) 오동나무(梧桐-, 학명: Paulownia coreana)는 한국 원산의 꿀풀목 오동나무과의 겨울에 잎이 지는 큰키나무 붉동나무, 오동이라고도 한다. 오동나무는 원래가 머귀나무로, 이... "", ""bloggername"": ""청도블로그"", ""bloggerlink"": ""blog.naver.com/kbs4677"", ""postdate"": ""20260507""}"
우베,preset,우배,역곡 카페 커피 맛집 망고 딸기 산도 휘낭시에 후기 분더커피바... ,https://blog.naver.com/dansalgoo/224277184034,20260507,크림애플티 / <b>우배</b>슈페너 ✔️이외에도 다양한 역곡 카페 분더커피바 본점 메뉴 종류 영상으로 모두 담아보았으니 참고해주세요 분더커피 분더가토 망고 딸기 산도 솔티 카라멜 휘낭시에 분더가토... ,my story.,blog.naver.com/dansalgoo,naver_blog,우배,typo,0.8,2026-05-26T11:02:57.061617+00:00,0,0,0,0,my story.,크림애플티 / <b>우배</b>슈페너 ✔️이외에도 다양한 역곡 카페 분더커피바 본점 메뉴 종류 영상으로 모두 담아보았으니 참고해주세요 분더커피 분더가토 망고 딸기 산도 솔티 카라멜 휘낭시에 분더가토... ,"{""title"": ""역곡 카페 커피 맛집 망고 딸기 산도 휘낭시에 후기 분더커피바... "", ""link"": ""https://blog.naver.com/dansalgoo/224277184034"", ""description"": ""크림애플티 / <b>우배</b>슈페너 ✔️이외에도 다양한 역곡 카페 분더커피바 본점 메뉴 종류 영상으로 모두 담아보았으니 참고해주세요 분더커피 분더가토 망고 딸기 산도 솔티 카라멜 휘낭시에 분더가토... "", ""bloggername"": ""my story."", ""bloggerlink"": ""blog.naver.com/dansalgoo"", ""postdate"": ""20260507""}"
우베,preset,우배,[팀홀튼 신메뉴 음료 추천] 우베 음료 솜사탕말차라떼,https://blog.naver.com/silverlining257/224276390594,20260506,"팀홀튼 음료 신메뉴 솜사탕말차라떼 (Green Gable) \6,400 내돈내산 평이 별로 없어서 고민하다가 50% 할인쿠폰을 주길래 마셔봤어요. 솜사탕을 넣으면 바로 녹아버린다고 이렇게 따로 주시더라고요. 무지개같은... ","잘 먹고, 잘 자고, 또 걷고",blog.naver.com/silverlining257,naver_blog,우배,typo,0.8,2026-05-26T11:02:57.061617+00:00,0,0,0,0,"잘 먹고, 잘 자고, 또 걷고","팀홀튼 음료 신메뉴 솜사탕말차라떼 (Green Gable) \6,400 내돈내산 평이 별로 없어서 고민하다가 50% 할인쿠폰을 주길래 마셔봤어요. 솜사탕을 넣으면 바로 녹아버린다고 이렇게 따로 주시더라고요. 무지개같은... ","{""title"": ""[팀홀튼 신메뉴 음료 추천] 우베 음료 솜사탕말차라떼"", ""link"": ""https://blog.naver.com/silverlining257/224276390594"", ""description"": ""팀홀튼 음료 신메뉴 솜사탕말차라떼 (Green Gable) \\6,400 내돈내산 평이 별로 없어서 고민하다가 50% 할인쿠폰을 주길래 마셔봤어요. 솜사탕을 넣으면 바로 녹아버린다고 이렇게 따로 주시더라고요. 무지개같은... "", ""bloggername"": ""잘 먹고, 잘 자고, 또 걷고"", ""bloggerlink"": ""blog.naver.com/silverlining257"", ""postdate"": ""20260506""}"
우베,preset,우배,위시어가 말아주는 머드스콘 에이블리 팝업 미리보기... ,https://blog.naver.com/honey_pigtori/224276120633,20260506,"제 <b>우배</b> 첫경험을 이렇게 머드에서 하게되네요 더티우베너티밤 맛은 고구마에요! 그냥 고구마 맛X, 자색고구마 맛O 자색고구마 맛이라서 조금 더 고소하고 향은 고구마향이 진하게 느껴져요. 우베의... ",핸주스럽다,blog.naver.com/honey_pigtori,naver_blog,우배,typo,0.8,2026-05-26T11:02:57.061617+00:00,0,0,0,0,핸주스럽다,"제 <b>우배</b> 첫경험을 이렇게 머드에서 하게되네요 더티우베너티밤 맛은 고구마에요! 그냥 고구마 맛X, 자색고구마 맛O 자색고구마 맛이라서 조금 더 고소하고 향은 고구마향이 진하게 느껴져요. 우베의... ","{""title"": ""위시어가 말아주는 머드스콘 에이블리 팝업 미리보기... "", ""link"": ""https://blog.naver.com/honey_pigtori/224276120633"", ""description"": ""제 <b>우배</b> 첫경험을 이렇게 머드에서 하게되네요 더티우베너티밤 맛은 고구마에요! 그냥 고구마 맛X, 자색고구마 맛O 자색고구마 맛이라서 조금 더 고소하고 향은 고구마향이 진하게 느껴져요. 우베의... "", ""bloggername"": ""핸주스럽다"", ""bloggerlink"": ""blog.naver.com/honey_pigtori"", ""postdate"": ""20260506""}"
우베,preset,우배,초곡 디저트는 여기! [마이요거트립 포항초곡점],https://blog.naver.com/tkxkd6501/224275832921,20260505,넘 고소한 <b>우배</b>아이스림을 만날수 있는 곳 마이요거트립 포항초곡점 배달어플에서 편하게 주문할수있는 맛있는 아이크림 브랜드 우베아이스크림까지 만날수 있는 초곡 디저트 맛집! 완젼 추천해요!! &amp; #포항... ,덕질하기 딱좋은 날이군♡,blog.naver.com/tkxkd6501,naver_blog,우배,typo,0.8,2026-05-26T11:02:57.061617+00:00,0,0,0,0,덕질하기 딱좋은 날이군♡,넘 고소한 <b>우배</b>아이스림을 만날수 있는 곳 마이요거트립 포항초곡점 배달어플에서 편하게 주문할수있는 맛있는 아이크림 브랜드 우베아이스크림까지 만날수 있는 초곡 디저트 맛집! 완젼 추천해요!! &amp; #포항... ,"{""title"": ""초곡 디저트는 여기! [마이요거트립 포항초곡점]"", ""link"": ""https://blog.naver.com/tkxkd6501/224275832921"", ""description"": ""넘 고소한 <b>우배</b>아이스림을 만날수 있는 곳 마이요거트립 포항초곡점 배달어플에서 편하게 주문할수있는 맛있는 아이크림 브랜드 우베아이스크림까지 만날수 있는 초곡 디저트 맛집! 완젼 추천해요!! &amp; #포항... "", ""bloggername"": ""덕질하기 딱좋은 날이군♡"", ""bloggerlink"": ""blog.naver.com/tkxkd6501"", ""postdate"": ""20260505""}"
우베,preset,우배,와 5월 날씨 진짜 좋다,https://blog.naver.com/cryingcow/224275658293,20260505,근데 <b>우배</b> 뭐시기? 저건 돈낭비임. 그냥 자색 고구마+코코넛 맛임. 다신 안먹을거임. 또 먹고 먹고 먹고... 아! 대전 사이언스 페스티벌 부스 참여도 했다. 아이들에게 곤충 표본하는 방법을 알려줬다. (오각뿔... ,내 작은 공간 (in my bubble),blog.naver.com/cryingcow,naver_blog,우배,typo,0.8,2026-05-26T11:02:57.061617+00:00,0,0,0,0,내 작은 공간 (in my bubble),근데 <b>우배</b> 뭐시기? 저건 돈낭비임. 그냥 자색 고구마+코코넛 맛임. 다신 안먹을거임. 또 먹고 먹고 먹고... 아! 대전 사이언스 페스티벌 부스 참여도 했다. 아이들에게 곤충 표본하는 방법을 알려줬다. (오각뿔... ,"{""title"": ""와 5월 날씨 진짜 좋다"", ""link"": ""https://blog.naver.com/cryingcow/224275658293"", ""description"": ""근데 <b>우배</b> 뭐시기? 저건 돈낭비임. 그냥 자색 고구마+코코넛 맛임. 다신 안먹을거임. 또 먹고 먹고 먹고... 아! 대전 사이언스 페스티벌 부스 참여도 했다. 아이들에게 곤충 표본하는 방법을 알려줬다. (오각뿔... "", ""bloggername"": ""내 작은 공간 (in my bubble)"", ""bloggerlink"": ""blog.naver.com/cryingcow"", ""postdate"": ""20260505""}"
우베,preset,우배,"우베 뜻과 맛 정리, 자색고구마 타로 차이까지 이해",https://blog.naver.com/imerry_review/224274516403,20260504,"안녕하세요 이멜이예요! 요즘 카페나 디저트 매장에서 보라색 디저트 자주 보셨죠? 처음 보면 자색 고구마같기도 하고, 블루베리 같기도 해서 선뜻 주문하기 어려울수도 있는데요! 오늘은 그 정체인 우베(Ube)에... ",이멜의 일상,blog.naver.com/imerry_review,naver_blog,우배,typo,0.8,2026-05-26T11:02:57.061617+00:00,0,0,0,0,이멜의 일상,"안녕하세요 이멜이예요! 요즘 카페나 디저트 매장에서 보라색 디저트 자주 보셨죠? 처음 보면 자색 고구마같기도 하고, 블루베리 같기도 해서 선뜻 주문하기 어려울수도 있는데요! 오늘은 그 정체인 우베(Ube)에... ","{""title"": ""우베 뜻과 맛 정리, 자색고구마 타로 차이까지 이해"", ""link"": ""https://blog.naver.com/imerry_review/224274516403"", ""description"": ""안녕하세요 이멜이예요! 요즘 카페나 디저트 매장에서 보라색 디저트 자주 보셨죠? 처음 보면 자색 고구마같기도 하고, 블루베리 같기도 해서 선뜻 주문하기 어려울수도 있는데요! 오늘은 그 정체인 우베(Ube)에... "", ""bloggername"": ""이멜의 일상"", ""bloggerlink"": ""blog.naver.com/imerry_review"", ""postdate"": ""20260504""}"
우베,preset,우배,[안양/범계] 망부석 범계역점 / 카페 지정 / 티라미슈 맛집 / 가족... ,https://blog.naver.com/hong__s/224274433092,20260504,확고한ㅋㅋㅋㅋㅋ <b>우배</b>라떼 처음먹어보는데 맛있더라고요!! 맛있게 저녁 먹고 가족들끼리 수다도 열심히 떨었습니다~ 이게 행복이죠~~~~~ 간만에 가족들과 나들이 좋았어요 날 좋을 때 또 야장 가야겠어요,보풀이 이모,blog.naver.com/hong__s,naver_blog,우배,typo,0.8,2026-05-26T11:02:57.061617+00:00,0,0,0,0,보풀이 이모,확고한ㅋㅋㅋㅋㅋ <b>우배</b>라떼 처음먹어보는데 맛있더라고요!! 맛있게 저녁 먹고 가족들끼리 수다도 열심히 떨었습니다~ 이게 행복이죠~~~~~ 간만에 가족들과 나들이 좋았어요 날 좋을 때 또 야장 가야겠어요,"{""title"": ""[안양/범계] 망부석 범계역점 / 카페 지정 / 티라미슈 맛집 / 가족... "", ""link"": ""https://blog.naver.com/hong__s/224274433092"", ""description"": ""확고한ㅋㅋㅋㅋㅋ <b>우배</b>라떼 처음먹어보는데 맛있더라고요!! 맛있게 저녁 먹고 가족들끼리 수다도 열심히 떨었습니다~ 이게 행복이죠~~~~~ 간만에 가족들과 나들이 좋았어요 날 좋을 때 또 야장 가야겠어요"", ""bloggername"": ""보풀이 이모"", ""bloggerlink"": ""blog.naver.com/hong__s"", ""postdate"": ""20260504""}"
우베,preset,우배,2026. 2-4월 일상 | 직장인이 되어 가는 중 ..,https://blog.naver.com/yujinlee21/224274326329,20260504,my special 키링 노란자~~ 인터컨티넨탈에서 공주 놀이 좀 해주고 현대백화점 카드도 발급받았다 저녁에는 spent time with my girls <b>우배</b> 내 생일 주간이라 애들이 케이크도 준비해줬다 고마워 얘들아~ 일요일에는 과... ,그 너머 어딘가,blog.naver.com/yujinlee21,naver_blog,우배,typo,0.8,2026-05-26T11:02:57.061617+00:00,0,0,0,0,그 너머 어딘가,my special 키링 노란자~~ 인터컨티넨탈에서 공주 놀이 좀 해주고 현대백화점 카드도 발급받았다 저녁에는 spent time with my girls <b>우배</b> 내 생일 주간이라 애들이 케이크도 준비해줬다 고마워 얘들아~ 일요일에는 과... ,"{""title"": ""2026. 2-4월 일상 | 직장인이 되어 가는 중 .."", ""link"": ""https://blog.naver.com/yujinlee21/224274326329"", ""description"": ""my special 키링 노란자~~ 인터컨티넨탈에서 공주 놀이 좀 해주고 현대백화점 카드도 발급받았다 저녁에는 spent time with my girls <b>우배</b> 내 생일 주간이라 애들이 케이크도 준비해줬다 고마워 얘들아~ 일요일에는 과... "", ""bloggername"": ""그 너머 어딘가"", ""bloggerlink"": ""blog.naver.com/yujinlee21"", ""postdate"": ""20260504""}"
우베,preset,우배,파리바게트 우베생크림빵 버터쫀떡 버터떡 후기,https://blog.naver.com/yu_pingu/224274248929,20260504,(1950원?) 신메뉴인 <b>우배</b>생크림빵. 맛이 얼마나 다를까 하고 기대하면서 집었다. (잔뜩기대중) 본격 시식 타임. 우베생크림빵은 물론 그림처럼 생크림이 들어있지는 않겠지만 기대가 된다. 음. 우베 맛이 뭐지?... ,핑구패밀리,blog.naver.com/yu_pingu,naver_blog,우배,typo,0.8,2026-05-26T11:02:57.061617+00:00,0,0,0,0,핑구패밀리,(1950원?) 신메뉴인 <b>우배</b>생크림빵. 맛이 얼마나 다를까 하고 기대하면서 집었다. (잔뜩기대중) 본격 시식 타임. 우베생크림빵은 물론 그림처럼 생크림이 들어있지는 않겠지만 기대가 된다. 음. 우베 맛이 뭐지?... ,"{""title"": ""파리바게트 우베생크림빵 버터쫀떡 버터떡 후기"", ""link"": ""https://blog.naver.com/yu_pingu/224274248929"", ""description"": ""(1950원?) 신메뉴인 <b>우배</b>생크림빵. 맛이 얼마나 다를까 하고 기대하면서 집었다. (잔뜩기대중) 본격 시식 타임. 우베생크림빵은 물론 그림처럼 생크림이 들어있지는 않겠지만 기대가 된다. 음. 우베 맛이 뭐지?... "", ""bloggername"": ""핑구패밀리"", ""bloggerlink"": ""blog.naver.com/yu_pingu"", ""postdate"": ""20260504""}"
우베,preset,우배,[여행/필리핀] 마닐라에서 먹은 필리핀 음식 24가지 (2)... ,https://blog.naver.com/book4926/224273852999,20260504,"- 역시 설탕과 칼로리는 맛의 전투력 Halo Halo~~~ 할로할로 필리핀 음식 Halo Halo 할로할로 185페소 = 4,500원 = 3.9SGD 필리핀식 빙수 <b>우배</b> 아이스크림 올라가는 게 국룰(다른 곳도 있긴 함) Gising Gising... ",다들 행복하세욤,blog.naver.com/book4926,naver_blog,우배,typo,0.8,2026-05-26T11:02:57.061617+00:00,0,0,0,0,다들 행복하세욤,"- 역시 설탕과 칼로리는 맛의 전투력 Halo Halo~~~ 할로할로 필리핀 음식 Halo Halo 할로할로 185페소 = 4,500원 = 3.9SGD 필리핀식 빙수 <b>우배</b> 아이스크림 올라가는 게 국룰(다른 곳도 있긴 함) Gising Gising... ","{""title"": ""[여행/필리핀] 마닐라에서 먹은 필리핀 음식 24가지 (2)... "", ""link"": ""https://blog.naver.com/book4926/224273852999"", ""description"": ""- 역시 설탕과 칼로리는 맛의 전투력 Halo Halo~~~ 할로할로 필리핀 음식 Halo Halo 할로할로 185페소 = 4,500원 = 3.9SGD 필리핀식 빙수 <b>우배</b> 아이스크림 올라가는 게 국룰(다른 곳도 있긴 함) Gising Gising... "", ""bloggername"": ""다들 행복하세욤"", ""bloggerlink"": ""blog.naver.com/book4926"", ""postdate"": ""20260504""}"
우베,preset,우배,나는 감정없는 싸이코라 그런가 이런거보면 미동도 안함.... ,https://blog.naver.com/ddupal/224273649806,20260503,<b>우배</b>?가 새로 나왔다고 하더라구요?? 그래서 투썸에서 우베라떼를 먹어봤는데 공차 타로버블티 당도100한 맛 이랑 똑같았어요 ㅋㅋ 저는 타로버블티 먹으면 당도 100이나 그 전단계로 먹었어서 너무너무 만족... ,(๑•̌.•̑๑)ˀ̣ˀ̣,blog.naver.com/ddupal,naver_blog,우배,typo,0.8,2026-05-26T11:02:57.061617+00:00,0,0,0,0,(๑•̌.•̑๑)ˀ̣ˀ̣,<b>우배</b>?가 새로 나왔다고 하더라구요?? 그래서 투썸에서 우베라떼를 먹어봤는데 공차 타로버블티 당도100한 맛 이랑 똑같았어요 ㅋㅋ 저는 타로버블티 먹으면 당도 100이나 그 전단계로 먹었어서 너무너무 만족... ,"{""title"": ""나는 감정없는 싸이코라 그런가 이런거보면 미동도 안함.... "", ""link"": ""https://blog.naver.com/ddupal/224273649806"", ""description"": ""<b>우배</b>?가 새로 나왔다고 하더라구요?? 그래서 투썸에서 우베라떼를 먹어봤는데 공차 타로버블티 당도100한 맛 이랑 똑같았어요 ㅋㅋ 저는 타로버블티 먹으면 당도 100이나 그 전단계로 먹었어서 너무너무 만족... "", ""bloggername"": ""(๑•̌.•̑๑)ˀ̣ˀ̣"", ""bloggerlink"": ""blog.naver.com/ddupal"", ""postdate"": ""20260503""}"
우베,preset,우배,2240. 만엽집 3898번가~3899번가 해석,https://blog.naver.com/prime1957/224273611324,20260503,"해설 1구 大船乃宇倍尒之居婆 (대선내<b>우배</b>이지거바) [큰 배 위에 있으니] 大(클 대), 船(배 선)은 뜻을 이용한 표기. 乃(이에 내)는 연체수식격 “の(노)”의 표기. 宇倍(<b>우배</b>)는 “うへ(우레)”의 표기로 같은... ",가천의 새로운 고대사,blog.naver.com/prime1957,naver_blog,우배,typo,0.8,2026-05-26T11:02:57.061617+00:00,0,0,0,0,가천의 새로운 고대사,"해설 1구 大船乃宇倍尒之居婆 (대선내<b>우배</b>이지거바) [큰 배 위에 있으니] 大(클 대), 船(배 선)은 뜻을 이용한 표기. 乃(이에 내)는 연체수식격 “の(노)”의 표기. 宇倍(<b>우배</b>)는 “うへ(우레)”의 표기로 같은... ","{""title"": ""2240. 만엽집 3898번가~3899번가 해석"", ""link"": ""https://blog.naver.com/prime1957/224273611324"", ""description"": ""해설 1구 大船乃宇倍尒之居婆 (대선내<b>우배</b>이지거바) [큰 배 위에 있으니] 大(클 대), 船(배 선)은 뜻을 이용한 표기. 乃(이에 내)는 연체수식격 “の(노)”의 표기. 宇倍(<b>우배</b>)는 “うへ(우레)”의 표기로 같은... "", ""bloggername"": ""가천의 새로운 고대사"", ""bloggerlink"": ""blog.naver.com/prime1957"", ""postdate"": ""20260503""}"
우베,preset,우배,4월 모음 zip,https://blog.naver.com/jjin_nok/224272837463,20260502,"(알바두탕미쳤..) 그녀가 돌아왔다… 동명동가서 <b>우배</b>막걸리 먹고 싶대서 가서 마시는데 갑자기 왕뼈사랑 먹고싶다고,, 2차 해장국먹으러감.. 우리는 저런 분위기가 안맞나봐..ㅎ <b>우배</b>막걸리 맛있었음! 다음엔... ",J,blog.naver.com/jjin_nok,naver_blog,우배,typo,0.8,2026-05-26T11:02:57.061617+00:00,0,0,0,0,J,"(알바두탕미쳤..) 그녀가 돌아왔다… 동명동가서 <b>우배</b>막걸리 먹고 싶대서 가서 마시는데 갑자기 왕뼈사랑 먹고싶다고,, 2차 해장국먹으러감.. 우리는 저런 분위기가 안맞나봐..ㅎ <b>우배</b>막걸리 맛있었음! 다음엔... ","{""title"": ""4월 모음 zip"", ""link"": ""https://blog.naver.com/jjin_nok/224272837463"", ""description"": ""(알바두탕미쳤..) 그녀가 돌아왔다… 동명동가서 <b>우배</b>막걸리 먹고 싶대서 가서 마시는데 갑자기 왕뼈사랑 먹고싶다고,, 2차 해장국먹으러감.. 우리는 저런 분위기가 안맞나봐..ㅎ <b>우배</b>막걸리 맛있었음! 다음엔... "", ""bloggername"": ""J"", ""bloggerlink"": ""blog.naver.com/jjin_nok"", ""postdate"": ""20260502""}"
우베,preset,우배,주택관리사 17회 시설개론,https://blog.naver.com/hajime011/224272306032,20260502,④ 선홈통의 하단부 배수구는 <b>우배</b>수관에 직접 연결하고 연결부 사이의 빈틈은 시멘트 모르타르로 채운다. ⑤ 처마 홈통 연결관과 선홈통 연결부의 겹침길이는 최소 50 mm 이상이 되도록 한다. ✔️ 정답... ,헬로우,blog.naver.com/hajime011,naver_blog,우배,typo,0.8,2026-05-26T11:02:57.061617+00:00,0,0,0,0,헬로우,④ 선홈통의 하단부 배수구는 <b>우배</b>수관에 직접 연결하고 연결부 사이의 빈틈은 시멘트 모르타르로 채운다. ⑤ 처마 홈통 연결관과 선홈통 연결부의 겹침길이는 최소 50 mm 이상이 되도록 한다. ✔️ 정답... ,"{""title"": ""주택관리사 17회 시설개론"", ""link"": ""https://blog.naver.com/hajime011/224272306032"", ""description"": ""④ 선홈통의 하단부 배수구는 <b>우배</b>수관에 직접 연결하고 연결부 사이의 빈틈은 시멘트 모르타르로 채운다. ⑤ 처마 홈통 연결관과 선홈통 연결부의 겹침길이는 최소 50 mm 이상이 되도록 한다. ✔️ 정답... "", ""bloggername"": ""헬로우"", ""bloggerlink"": ""blog.naver.com/hajime011"", ""postdate"": ""20260502""}"
우베,preset,우배,"Just stop your crying, it's a sign of the times.",https://blog.naver.com/snakeing/224271039876,20260501,우베가 한창 유행이라길래 <b>우배</b>스무디 사먹어봄 낫밷 약간 타로?같은 맛 남 밤에 쉴때 먹은 우베아박 그냥 아박에 우베첨가한 정도. 22. 정세랑 작가님 목소리를 드릴게요 좋아하는데 저 판본을 낸 출판사가... ,고구마 쪄먹기,blog.naver.com/snakeing,naver_blog,우배,typo,0.8,2026-05-26T11:02:57.061617+00:00,0,0,0,0,고구마 쪄먹기,우베가 한창 유행이라길래 <b>우배</b>스무디 사먹어봄 낫밷 약간 타로?같은 맛 남 밤에 쉴때 먹은 우베아박 그냥 아박에 우베첨가한 정도. 22. 정세랑 작가님 목소리를 드릴게요 좋아하는데 저 판본을 낸 출판사가... ,"{""title"": ""Just stop your crying, it's a sign of the times."", ""link"": ""https://blog.naver.com/snakeing/224271039876"", ""description"": ""우베가 한창 유행이라길래 <b>우배</b>스무디 사먹어봄 낫밷 약간 타로?같은 맛 남 밤에 쉴때 먹은 우베아박 그냥 아박에 우베첨가한 정도. 22. 정세랑 작가님 목소리를 드릴게요 좋아하는데 저 판본을 낸 출판사가... "", ""bloggername"": ""고구마 쪄먹기"", ""bloggerlink"": ""blog.naver.com/snakeing"", ""postdate"": ""20260501""}"
우베,preset,우배,매출 종착지 우베 디저트 &amp; 음료 클래스 후기,https://blog.naver.com/mycellplus/224270498990,20260430,보라색으로 가득한 <b>우배</b> 클래스였습니다. 클래스에 참여하신 분들도 다양한 후기를 남겨주셨는데요. ● 한 박자 앞서 소개하는 트렌드 ● 매장과 잘 어울리는 메뉴 소개 ● 전부 다 출시하고 싶은 메뉴 퀄리티... ,세상 모든 베버리지를 묻고 답하다.,blog.naver.com/mycellplus,naver_blog,우배,typo,0.8,2026-05-26T11:02:57.061617+00:00,0,0,0,0,세상 모든 베버리지를 묻고 답하다.,보라색으로 가득한 <b>우배</b> 클래스였습니다. 클래스에 참여하신 분들도 다양한 후기를 남겨주셨는데요. ● 한 박자 앞서 소개하는 트렌드 ● 매장과 잘 어울리는 메뉴 소개 ● 전부 다 출시하고 싶은 메뉴 퀄리티... ,"{""title"": ""매출 종착지 우베 디저트 &amp; 음료 클래스 후기"", ""link"": ""https://blog.naver.com/mycellplus/224270498990"", ""description"": ""보라색으로 가득한 <b>우배</b> 클래스였습니다. 클래스에 참여하신 분들도 다양한 후기를 남겨주셨는데요. ● 한 박자 앞서 소개하는 트렌드 ● 매장과 잘 어울리는 메뉴 소개 ● 전부 다 출시하고 싶은 메뉴 퀄리티... "", ""bloggername"": ""세상 모든 베버리지를 묻고 답하다."", ""bloggerlink"": ""blog.naver.com/mycellplus"", ""postdate"": ""20260430""}"
우베,preset,우배,월곡답가 심층 고찰 우국충절의 미학과 자연 귀의의 본질적 해석,https://blog.naver.com/ksmo0913/224270561292,20260430,정훈의 월곡답가는 이러한 시대적 배경 아래 벗인 월곡 <b>우배</b>선의 삶을 찬양하며 자신의 지향점을... 이는 임진왜란 당시 의병장으로 활약했던 <b>우배</b>선의 실질적인 행보와 맞닿아 있음. 전란 중에 세운 혁혁한... ,실시간 NEWS,blog.naver.com/ksmo0913,naver_blog,우배,typo,0.8,2026-05-26T11:02:57.061617+00:00,0,0,0,0,실시간 NEWS,정훈의 월곡답가는 이러한 시대적 배경 아래 벗인 월곡 <b>우배</b>선의 삶을 찬양하며 자신의 지향점을... 이는 임진왜란 당시 의병장으로 활약했던 <b>우배</b>선의 실질적인 행보와 맞닿아 있음. 전란 중에 세운 혁혁한... ,"{""title"": ""월곡답가 심층 고찰 우국충절의 미학과 자연 귀의의 본질적 해석"", ""link"": ""https://blog.naver.com/ksmo0913/224270561292"", ""description"": ""정훈의 월곡답가는 이러한 시대적 배경 아래 벗인 월곡 <b>우배</b>선의 삶을 찬양하며 자신의 지향점을... 이는 임진왜란 당시 의병장으로 활약했던 <b>우배</b>선의 실질적인 행보와 맞닿아 있음. 전란 중에 세운 혁혁한... "", ""bloggername"": ""실시간 NEWS"", ""bloggerlink"": ""blog.naver.com/ksmo0913"", ""postdate"": ""20260430""}"
우베,preset,우배,[우베유행탑승] 투썸 떠먹는 우베 아박 내돈내산 솔직후기,https://blog.naver.com/sss26116/224270365143,20260430,#내돈내산 또 사먹고 싶은 맛 투썸 떠먹는 우베 아박 기존 아박의 꾸덕함 달콤함에 <b>우배</b>의 달콤한 감성 저처럼 달달 디저트 러버시라면 추천드려요. 두바이에 이어 우베처럼 트랜디한 신상 디저트 좋아하시는 분... ,❀°•. ⓗⓐⓟⓟⓨ ⓢⓤ °❀,blog.naver.com/sss26116,naver_blog,우배,typo,0.8,2026-05-26T11:02:57.061617+00:00,0,0,0,0,❀°•. ⓗⓐⓟⓟⓨ ⓢⓤ °❀,#내돈내산 또 사먹고 싶은 맛 투썸 떠먹는 우베 아박 기존 아박의 꾸덕함 달콤함에 <b>우배</b>의 달콤한 감성 저처럼 달달 디저트 러버시라면 추천드려요. 두바이에 이어 우베처럼 트랜디한 신상 디저트 좋아하시는 분... ,"{""title"": ""[우베유행탑승] 투썸 떠먹는 우베 아박 내돈내산 솔직후기"", ""link"": ""https://blog.naver.com/sss26116/224270365143"", ""description"": ""#내돈내산 또 사먹고 싶은 맛 투썸 떠먹는 우베 아박 기존 아박의 꾸덕함 달콤함에 <b>우배</b>의 달콤한 감성 저처럼 달달 디저트 러버시라면 추천드려요. 두바이에 이어 우베처럼 트랜디한 신상 디저트 좋아하시는 분... "", ""bloggername"": ""❀°•. ⓗⓐⓟⓟⓨ ⓢⓤ °❀"", ""bloggerlink"": ""blog.naver.com/sss26116"", ""postdate"": ""20260430""}"
우베,preset,우배,사각싱크볼 교체 시공 사례 - 코리나 세레노 980 엠보... ,https://blog.naver.com/thema/224270175344,20260430,"코리나 세레노 850제품은 <b>우배</b>구, 좌배구 시공도 가능합니다. 코리나 세레노 980 블랙, 씽크대볼 시공 전 과정 1단계 — 해피콜과 제품 발송 결제 완료 후 영업일 기준 5일 이내에 해피콜이 진행됩니다. 수전... ",TWINKLE LIFE 코리나싱크,blog.naver.com/thema,naver_blog,우배,typo,0.8,2026-05-26T11:02:57.061617+00:00,0,0,0,0,TWINKLE LIFE 코리나싱크,"코리나 세레노 850제품은 <b>우배</b>구, 좌배구 시공도 가능합니다. 코리나 세레노 980 블랙, 씽크대볼 시공 전 과정 1단계 — 해피콜과 제품 발송 결제 완료 후 영업일 기준 5일 이내에 해피콜이 진행됩니다. 수전... ","{""title"": ""사각싱크볼 교체 시공 사례 - 코리나 세레노 980 엠보... "", ""link"": ""https://blog.naver.com/thema/224270175344"", ""description"": ""코리나 세레노 850제품은 <b>우배</b>구, 좌배구 시공도 가능합니다. 코리나 세레노 980 블랙, 씽크대볼 시공 전 과정 1단계 — 해피콜과 제품 발송 결제 완료 후 영업일 기준 5일 이내에 해피콜이 진행됩니다. 수전... "", ""bloggername"": ""TWINKLE LIFE 코리나싱크"", ""bloggerlink"": ""blog.naver.com/thema"", ""postdate"": ""20260430""}"
우베,preset,우배,정자동 막국수 맛집 정자역 분당 동치미 막국수 메밀정식 수육... ,https://blog.naver.com/hanseulll_/224268527444,20260429,이게 나에겐 마라탕이고 <b>우배</b>라떼다... 입가심으로 중간중간 먹기 좋은 감자전 리프레쉬 해주기에 더할 나위 없이 좋았다. 생마늘이 조금 세게 느껴지면 감자전으로 소강시켜주었다. 어디 가서 국수랑 수육을... ,한슬이가한소리,blog.naver.com/hanseulll_,naver_blog,우배,typo,0.8,2026-05-26T11:02:57.061617+00:00,0,0,0,0,한슬이가한소리,이게 나에겐 마라탕이고 <b>우배</b>라떼다... 입가심으로 중간중간 먹기 좋은 감자전 리프레쉬 해주기에 더할 나위 없이 좋았다. 생마늘이 조금 세게 느껴지면 감자전으로 소강시켜주었다. 어디 가서 국수랑 수육을... ,"{""title"": ""정자동 막국수 맛집 정자역 분당 동치미 막국수 메밀정식 수육... "", ""link"": ""https://blog.naver.com/hanseulll_/224268527444"", ""description"": ""이게 나에겐 마라탕이고 <b>우배</b>라떼다... 입가심으로 중간중간 먹기 좋은 감자전 리프레쉬 해주기에 더할 나위 없이 좋았다. 생마늘이 조금 세게 느껴지면 감자전으로 소강시켜주었다. 어디 가서 국수랑 수육을... "", ""bloggername"": ""한슬이가한소리"", ""bloggerlink"": ""blog.naver.com/hanseulll_"", ""postdate"": ""20260429""}"
우베,preset,우배,4.20 – 4.26 일상기록,https://blog.naver.com/angelamh3256/224267125513,20260427,<b>우배</b>? 어쩌고 모찌라는데 달달슴슴허니 맛있었다 나를 가엾게 여기는 호햄의 초밥점심 너무 맛있어서 호롤롤로 먹어버렸다지 드디어 시작한 서양미술사 곰브리치 할부지.. 책이 너무 무거워요 ㄷㄷ 재밌어서... ,꼉이의 소소한 일상기록,blog.naver.com/angelamh3256,naver_blog,우배,typo,0.8,2026-05-26T11:02:57.061617+00:00,0,0,0,0,꼉이의 소소한 일상기록,<b>우배</b>? 어쩌고 모찌라는데 달달슴슴허니 맛있었다 나를 가엾게 여기는 호햄의 초밥점심 너무 맛있어서 호롤롤로 먹어버렸다지 드디어 시작한 서양미술사 곰브리치 할부지.. 책이 너무 무거워요 ㄷㄷ 재밌어서... ,"{""title"": ""4.20 – 4.26 일상기록"", ""link"": ""https://blog.naver.com/angelamh3256/224267125513"", ""description"": ""<b>우배</b>? 어쩌고 모찌라는데 달달슴슴허니 맛있었다 나를 가엾게 여기는 호햄의 초밥점심 너무 맛있어서 호롤롤로 먹어버렸다지 드디어 시작한 서양미술사 곰브리치 할부지.. 책이 너무 무거워요 ㄷㄷ 재밌어서... "", ""bloggername"": ""꼉이의 소소한 일상기록"", ""bloggerlink"": ""blog.naver.com/angelamh3256"", ""postdate"": ""20260427""}"
우베,preset,우배,오늘은 아산방축동 동아나래2차에 삼성 무풍갤러리2in1에어컨... ,https://blog.naver.com/hkd321/224267076240,20260427,벽걸이 <b>우배</b> 9미터 오늘 설치할 스탠드 위치와 벽걸이 위치입니다 타공은 다 되어 있고 앵글도 설치되어있는 현장이었습니다 벽걸이 배관은 거실 베란다 샤시 위쪽으로 해서 스탠드 배관과 함께 실외기... ,천안 아산 중고 에어컨 매입 판매설치전문,blog.naver.com/hkd321,naver_blog,우배,typo,0.8,2026-05-26T11:02:57.061617+00:00,0,0,0,0,천안 아산 중고 에어컨 매입 판매설치전문,벽걸이 <b>우배</b> 9미터 오늘 설치할 스탠드 위치와 벽걸이 위치입니다 타공은 다 되어 있고 앵글도 설치되어있는 현장이었습니다 벽걸이 배관은 거실 베란다 샤시 위쪽으로 해서 스탠드 배관과 함께 실외기... ,"{""title"": ""오늘은 아산방축동 동아나래2차에 삼성 무풍갤러리2in1에어컨... "", ""link"": ""https://blog.naver.com/hkd321/224267076240"", ""description"": ""벽걸이 <b>우배</b> 9미터 오늘 설치할 스탠드 위치와 벽걸이 위치입니다 타공은 다 되어 있고 앵글도 설치되어있는 현장이었습니다 벽걸이 배관은 거실 베란다 샤시 위쪽으로 해서 스탠드 배관과 함께 실외기... "", ""bloggername"": ""천안 아산 중고 에어컨 매입 판매설치전문"", ""bloggerlink"": ""blog.naver.com/hkd321"", ""postdate"": ""20260427""}"
우베,preset,우배,"투썸 우베 쉐이크, 우베 바스크 치즈케이크 맛본 리얼 후기",https://blog.naver.com/luv_ss79/224267045194,20260427,받자마자 윗부분 크림이랑 같이 한 번에 떠서 먹는 걸 추천합니다  투썸플레이스 강동점에는 <b>우배</b> 바스크 치즈 케이크만 남아 있어서 바스크 치즈케이크로 구매했어요. 사실 저 바스크 치즈케이크 자체를 워낙... ,맛있는 세상을 찾는 두리둘리의 기록,blog.naver.com/luv_ss79,naver_blog,우배,typo,0.8,2026-05-26T11:02:57.061617+00:00,0,0,0,0,맛있는 세상을 찾는 두리둘리의 기록,받자마자 윗부분 크림이랑 같이 한 번에 떠서 먹는 걸 추천합니다  투썸플레이스 강동점에는 <b>우배</b> 바스크 치즈 케이크만 남아 있어서 바스크 치즈케이크로 구매했어요. 사실 저 바스크 치즈케이크 자체를 워낙... ,"{""title"": ""투썸 우베 쉐이크, 우베 바스크 치즈케이크 맛본 리얼 후기"", ""link"": ""https://blog.naver.com/luv_ss79/224267045194"", ""description"": ""받자마자 윗부분 크림이랑 같이 한 번에 떠서 먹는 걸 추천합니다  투썸플레이스 강동점에는 <b>우배</b> 바스크 치즈 케이크만 남아 있어서 바스크 치즈케이크로 구매했어요. 사실 저 바스크 치즈케이크 자체를 워낙... "", ""bloggername"": ""맛있는 세상을 찾는 두리둘리의 기록"", ""bloggerlink"": ""blog.naver.com/luv_ss79"", ""postdate"": ""20260427""}"
우베,preset,우배,디저트39 메뉴 우베컵빙수 양쯔깐루컵빙수 빙수 맛집 인정,https://blog.naver.com/yunt80/224267015294,20260427,<b>우배</b> 음료를 마실 때도 느낀 거지만 색이 너무 예쁘게 잘 나와준 거 같아요. 역시 우베컵빙수도 색이 너무 예쁘죠? 양도 많은 편이라서 다 먹고 나면 더위를 싹~ 잊을 수 있어요. 그만큼 시원하기도 하고 맛도... ,윤티와놀자,blog.naver.com/yunt80,naver_blog,우배,typo,0.8,2026-05-26T11:02:57.061617+00:00,0,0,0,0,윤티와놀자,<b>우배</b> 음료를 마실 때도 느낀 거지만 색이 너무 예쁘게 잘 나와준 거 같아요. 역시 우베컵빙수도 색이 너무 예쁘죠? 양도 많은 편이라서 다 먹고 나면 더위를 싹~ 잊을 수 있어요. 그만큼 시원하기도 하고 맛도... ,"{""title"": ""디저트39 메뉴 우베컵빙수 양쯔깐루컵빙수 빙수 맛집 인정"", ""link"": ""https://blog.naver.com/yunt80/224267015294"", ""description"": ""<b>우배</b> 음료를 마실 때도 느낀 거지만 색이 너무 예쁘게 잘 나와준 거 같아요. 역시 우베컵빙수도 색이 너무 예쁘죠? 양도 많은 편이라서 다 먹고 나면 더위를 싹~ 잊을 수 있어요. 그만큼 시원하기도 하고 맛도... "", ""bloggername"": ""윤티와놀자"", ""bloggerlink"": ""blog.naver.com/yunt80"", ""postdate"": ""20260427""}"
우베,preset,우배,장거리 커플의 1000일 데이트 (ft. 서울 홍대),https://blog.naver.com/chaey0927/224266570474,20260427,저녁은 <b>우배</b>막걸리를 먹엇다? 이게 더 맛잇드랗 (남친 피셜 자색 고구마 맛이랭 -&gt; 알고보니까 <b>우배</b>가 마? 인거 같더라구?) 화장 공부(?) 하겟다고 찍어둔 얼빡샷 ㅋㅋㅋ 오른쪽 기여운데 픽 받지 못해서 여기에... ,Chaeni ෆ.̮ෆ,blog.naver.com/chaey0927,naver_blog,우배,typo,0.8,2026-05-26T11:02:57.061617+00:00,0,0,0,0,Chaeni ෆ.̮ෆ,저녁은 <b>우배</b>막걸리를 먹엇다? 이게 더 맛잇드랗 (남친 피셜 자색 고구마 맛이랭 -&gt; 알고보니까 <b>우배</b>가 마? 인거 같더라구?) 화장 공부(?) 하겟다고 찍어둔 얼빡샷 ㅋㅋㅋ 오른쪽 기여운데 픽 받지 못해서 여기에... ,"{""title"": ""장거리 커플의 1000일 데이트 (ft. 서울 홍대)"", ""link"": ""https://blog.naver.com/chaey0927/224266570474"", ""description"": ""저녁은 <b>우배</b>막걸리를 먹엇다? 이게 더 맛잇드랗 (남친 피셜 자색 고구마 맛이랭 -&gt; 알고보니까 <b>우배</b>가 마? 인거 같더라구?) 화장 공부(?) 하겟다고 찍어둔 얼빡샷 ㅋㅋㅋ 오른쪽 기여운데 픽 받지 못해서 여기에... "", ""bloggername"": ""Chaeni ෆ.̮ෆ"", ""bloggerlink"": ""blog.naver.com/chaey0927"", ""postdate"": ""20260427""}"
우베,preset,우배,[대구 여행] 한번 들어가면 살아서 나오지 못한다,https://blog.naver.com/akflsdlwhgdk/224266080016,20260427,한국에는 지금 <b>우배</b> 유행 열차가 시작되었어요 케이크가 6만원이세요 근데 예술적으로 만들어 놓긴 함 맛나긋다 대구 사람들 미뢰는 다른가... 미술관 갈 필요가 없어요 여기가 예술 식품관 구경 종료 여기... ,Emperor of Summer,blog.naver.com/akflsdlwhgdk,naver_blog,우배,typo,0.8,2026-05-26T11:02:57.061617+00:00,0,0,0,0,Emperor of Summer,한국에는 지금 <b>우배</b> 유행 열차가 시작되었어요 케이크가 6만원이세요 근데 예술적으로 만들어 놓긴 함 맛나긋다 대구 사람들 미뢰는 다른가... 미술관 갈 필요가 없어요 여기가 예술 식품관 구경 종료 여기... ,"{""title"": ""[대구 여행] 한번 들어가면 살아서 나오지 못한다"", ""link"": ""https://blog.naver.com/akflsdlwhgdk/224266080016"", ""description"": ""한국에는 지금 <b>우배</b> 유행 열차가 시작되었어요 케이크가 6만원이세요 근데 예술적으로 만들어 놓긴 함 맛나긋다 대구 사람들 미뢰는 다른가... 미술관 갈 필요가 없어요 여기가 예술 식품관 구경 종료 여기... "", ""bloggername"": ""Emperor of Summer"", ""bloggerlink"": ""blog.naver.com/akflsdlwhgdk"", ""postdate"": ""20260427""}"
우베,preset,우배,유행무새의 2025 상반기 유행 디저트 검증 | 버터떡... ,https://blog.naver.com/gyi0904/224265035214,20260425,"같은 보라색의 <b>우배</b>가 유행이더라고요? 투썸 우베 신메뉴 투썸•노티드•피에스 중에 고민하다가 음료도 제대로인 투썸으로~ 우베 쉐이크(6800₩) 제가 스무디나 파르페를 좋아해서 쉐이크를 시켰는데, 은은한... ",귤짱,blog.naver.com/gyi0904,naver_blog,우배,typo,0.8,2026-05-26T11:02:57.061617+00:00,0,0,0,0,귤짱,"같은 보라색의 <b>우배</b>가 유행이더라고요? 투썸 우베 신메뉴 투썸•노티드•피에스 중에 고민하다가 음료도 제대로인 투썸으로~ 우베 쉐이크(6800₩) 제가 스무디나 파르페를 좋아해서 쉐이크를 시켰는데, 은은한... ","{""title"": ""유행무새의 2025 상반기 유행 디저트 검증 | 버터떡... "", ""link"": ""https://blog.naver.com/gyi0904/224265035214"", ""description"": ""같은 보라색의 <b>우배</b>가 유행이더라고요? 투썸 우베 신메뉴 투썸•노티드•피에스 중에 고민하다가 음료도 제대로인 투썸으로~ 우베 쉐이크(6800₩) 제가 스무디나 파르페를 좋아해서 쉐이크를 시켰는데, 은은한... "", ""bloggername"": ""귤짱"", ""bloggerlink"": ""blog.naver.com/gyi0904"", ""postdate"": ""20260425""}"
우베,preset,우배,하남 망월동 카페 추천 드말리 베이커리 앤 다이닝 카페,https://blog.naver.com/cloud0420/224261103904,20260425,핫하다는 <b>우배</b>를 처음 먹어봤는데요 고구마 무스 느낌에 우베소라빵 맛은 그냥저냥 괜찮았는데 빵 위에 뿌려진 저 보라색 가루가 먹는 내내 옷과 얼굴에 문어 조금 불편했어요 다음은 빵오쇼콜라를... ,승짱의 블로그,blog.naver.com/cloud0420,naver_blog,우배,typo,0.8,2026-05-26T11:02:57.061617+00:00,0,0,0,0,승짱의 블로그,핫하다는 <b>우배</b>를 처음 먹어봤는데요 고구마 무스 느낌에 우베소라빵 맛은 그냥저냥 괜찮았는데 빵 위에 뿌려진 저 보라색 가루가 먹는 내내 옷과 얼굴에 문어 조금 불편했어요 다음은 빵오쇼콜라를... ,"{""title"": ""하남 망월동 카페 추천 드말리 베이커리 앤 다이닝 카페"", ""link"": ""https://blog.naver.com/cloud0420/224261103904"", ""description"": ""핫하다는 <b>우배</b>를 처음 먹어봤는데요 고구마 무스 느낌에 우베소라빵 맛은 그냥저냥 괜찮았는데 빵 위에 뿌려진 저 보라색 가루가 먹는 내내 옷과 얼굴에 문어 조금 불편했어요 다음은 빵오쇼콜라를... "", ""bloggername"": ""승짱의 블로그"", ""bloggerlink"": ""blog.naver.com/cloud0420"", ""postdate"": ""20260425""}"
우베,preset,우배,"스타벅스 우베 디저트, 비앤씨 만쥬 (내돈내산)",https://blog.naver.com/syjofrvcdgjifd2/224264663913,20260425,저는 <b>우배</b> 음료수도 꼭 한번 사 먹고 싶어요. #투썸우베 에 판다고 하더라고요. #투썸케이크 사이즈는 둘이서. 간식을 나눠 먹기 괜찮구요. 가격대는 7000원이 조금 넘습니다 모바일 상품권 써서 나름 저렴하게... ,똑똑하게 살기 위해 잘사는 이야기,blog.naver.com/syjofrvcdgjifd2,naver_blog,우배,typo,0.8,2026-05-26T11:02:57.061617+00:00,0,0,0,0,똑똑하게 살기 위해 잘사는 이야기,저는 <b>우배</b> 음료수도 꼭 한번 사 먹고 싶어요. #투썸우베 에 판다고 하더라고요. #투썸케이크 사이즈는 둘이서. 간식을 나눠 먹기 괜찮구요. 가격대는 7000원이 조금 넘습니다 모바일 상품권 써서 나름 저렴하게... ,"{""title"": ""스타벅스 우베 디저트, 비앤씨 만쥬 (내돈내산)"", ""link"": ""https://blog.naver.com/syjofrvcdgjifd2/224264663913"", ""description"": ""저는 <b>우배</b> 음료수도 꼭 한번 사 먹고 싶어요. #투썸우베 에 판다고 하더라고요. #투썸케이크 사이즈는 둘이서. 간식을 나눠 먹기 괜찮구요. 가격대는 7000원이 조금 넘습니다 모바일 상품권 써서 나름 저렴하게... "", ""bloggername"": ""똑똑하게 살기 위해 잘사는 이야기"", ""bloggerlink"": ""blog.naver.com/syjofrvcdgjifd2"", ""postdate"": ""20260425""}"
우베,preset,우배,퇴사방지용 휴가 다녀왔읍니다. / 세부여행기 260318-260322,https://blog.naver.com/ehdzl1586/224264523489,20260425,"보라색은 <b>우배</b>인걸까 먹었다면 유행선두주자 되는건가 근데 저거보다 초코케익같은게 맛있어보엿다 먹을걸,,,엉엉 건물안에 새 날아다니길래 보니 제비 제비는 아니고 제비같이 생긴 애 이러케 체크아웃도 하고... ",정파리,blog.naver.com/ehdzl1586,naver_blog,우배,typo,0.8,2026-05-26T11:02:57.061617+00:00,0,0,0,0,정파리,"보라색은 <b>우배</b>인걸까 먹었다면 유행선두주자 되는건가 근데 저거보다 초코케익같은게 맛있어보엿다 먹을걸,,,엉엉 건물안에 새 날아다니길래 보니 제비 제비는 아니고 제비같이 생긴 애 이러케 체크아웃도 하고... ","{""title"": ""퇴사방지용 휴가 다녀왔읍니다. / 세부여행기 260318-260322"", ""link"": ""https://blog.naver.com/ehdzl1586/224264523489"", ""description"": ""보라색은 <b>우배</b>인걸까 먹었다면 유행선두주자 되는건가 근데 저거보다 초코케익같은게 맛있어보엿다 먹을걸,,,엉엉 건물안에 새 날아다니길래 보니 제비 제비는 아니고 제비같이 생긴 애 이러케 체크아웃도 하고... "", ""bloggername"": ""정파리"", ""bloggerlink"": ""blog.naver.com/ehdzl1586"", ""postdate"": ""20260425""}"
우베,preset,우배,2026.04.18  Drink Seoul,https://blog.naver.com/yousuk1120/224264421595,20260425,5 아는거~ 6 낫뱃 사케 &amp; 샤르도네 가 자주 보이네 트렌드인가 7 8 9 10 다 아는거니까~<b>우배</b>는 그냥 바나나맛만 나구 수박은 으.. 11 12 진은 어려어 13 진짜 꽃맛나네 오묘해라 14 낫뱃 15 낫뱃 16... ,대외활동_일기,blog.naver.com/yousuk1120,naver_blog,우배,typo,0.8,2026-05-26T11:02:57.061617+00:00,0,0,0,0,대외활동_일기,5 아는거~ 6 낫뱃 사케 &amp; 샤르도네 가 자주 보이네 트렌드인가 7 8 9 10 다 아는거니까~<b>우배</b>는 그냥 바나나맛만 나구 수박은 으.. 11 12 진은 어려어 13 진짜 꽃맛나네 오묘해라 14 낫뱃 15 낫뱃 16... ,"{""title"": ""2026.04.18  Drink Seoul"", ""link"": ""https://blog.naver.com/yousuk1120/224264421595"", ""description"": ""5 아는거~ 6 낫뱃 사케 &amp; 샤르도네 가 자주 보이네 트렌드인가 7 8 9 10 다 아는거니까~<b>우배</b>는 그냥 바나나맛만 나구 수박은 으.. 11 12 진은 어려어 13 진짜 꽃맛나네 오묘해라 14 낫뱃 15 낫뱃 16... "", ""bloggername"": ""대외활동_일기"", ""bloggerlink"": ""blog.naver.com/yousuk1120"", ""postdate"": ""20260425""}"
우베,preset,우배,투썸플레이스 우베 아이스박스 후기,https://blog.naver.com/acorn10000/224264257403,20260424,일단 인스타도 그렇고 계속 해외빨 유행이었던 이 <b>우배</b>라는 게 우리나라에도 들어와서 궁금했는데요. 우베 라떼..? 까지는 마시고 싶지 않아서 케이크 종류인 아이스박스를 시켰어요. 바로 후기 갑니다. 맛이... ,다서,blog.naver.com/acorn10000,naver_blog,우배,typo,0.8,2026-05-26T11:02:57.061617+00:00,0,0,0,0,다서,일단 인스타도 그렇고 계속 해외빨 유행이었던 이 <b>우배</b>라는 게 우리나라에도 들어와서 궁금했는데요. 우베 라떼..? 까지는 마시고 싶지 않아서 케이크 종류인 아이스박스를 시켰어요. 바로 후기 갑니다. 맛이... ,"{""title"": ""투썸플레이스 우베 아이스박스 후기"", ""link"": ""https://blog.naver.com/acorn10000/224264257403"", ""description"": ""일단 인스타도 그렇고 계속 해외빨 유행이었던 이 <b>우배</b>라는 게 우리나라에도 들어와서 궁금했는데요. 우베 라떼..? 까지는 마시고 싶지 않아서 케이크 종류인 아이스박스를 시켰어요. 바로 후기 갑니다. 맛이... "", ""bloggername"": ""다서"", ""bloggerlink"": ""blog.naver.com/acorn10000"", ""postdate"": ""20260424""}"
우베,preset,우배,3月 봄 색깔,https://blog.naver.com/dladmslws/224263752506,20260424,주섬주섬 잔머리픽서까지 꺼내는 치밀한 녀석 우리가 친구일 수밖에 없는 이유 우산 주인 찾으면 됩니다 임사부 나야나 하고 까불다가 사진 찍어준다니까 또 부끄럽자냐 <b>우배</b>가 유행인지도 모르고 신메뉴라는... ,하루 기록,blog.naver.com/dladmslws,naver_blog,우배,typo,0.8,2026-05-26T11:02:57.061617+00:00,0,0,0,0,하루 기록,주섬주섬 잔머리픽서까지 꺼내는 치밀한 녀석 우리가 친구일 수밖에 없는 이유 우산 주인 찾으면 됩니다 임사부 나야나 하고 까불다가 사진 찍어준다니까 또 부끄럽자냐 <b>우배</b>가 유행인지도 모르고 신메뉴라는... ,"{""title"": ""3月 봄 색깔"", ""link"": ""https://blog.naver.com/dladmslws/224263752506"", ""description"": ""주섬주섬 잔머리픽서까지 꺼내는 치밀한 녀석 우리가 친구일 수밖에 없는 이유 우산 주인 찾으면 됩니다 임사부 나야나 하고 까불다가 사진 찍어준다니까 또 부끄럽자냐 <b>우배</b>가 유행인지도 모르고 신메뉴라는... "", ""bloggername"": ""하루 기록"", ""bloggerlink"": ""blog.naver.com/dladmslws"", ""postdate"": ""20260424""}"
우베,preset,우배,[우베크림맛집]몬스터커피 대구혁신도시점 (우베가 뭐에요?... ,https://blog.naver.com/wjddbwls9562/224263570777,20260424,3900원 <b>우배</b>크림밀크티는 4500원 부담없이 한 잔씩 마시기 좋잖아? (그래서 그런지 내가 간 날 사람이 무쟈게 많았다ㅠ) 우베크림라떼 : 보랏빛 우베크림과 부드러운 우유가 어우러진 라떼 우베크림밀크티 : 보랏빛... ,안녕하세요,blog.naver.com/wjddbwls9562,naver_blog,우배,typo,0.8,2026-05-26T11:02:57.061617+00:00,0,0,0,0,안녕하세요,3900원 <b>우배</b>크림밀크티는 4500원 부담없이 한 잔씩 마시기 좋잖아? (그래서 그런지 내가 간 날 사람이 무쟈게 많았다ㅠ) 우베크림라떼 : 보랏빛 우베크림과 부드러운 우유가 어우러진 라떼 우베크림밀크티 : 보랏빛... ,"{""title"": ""[우베크림맛집]몬스터커피 대구혁신도시점 (우베가 뭐에요?... "", ""link"": ""https://blog.naver.com/wjddbwls9562/224263570777"", ""description"": ""3900원 <b>우배</b>크림밀크티는 4500원 부담없이 한 잔씩 마시기 좋잖아? (그래서 그런지 내가 간 날 사람이 무쟈게 많았다ㅠ) 우베크림라떼 : 보랏빛 우베크림과 부드러운 우유가 어우러진 라떼 우베크림밀크티 : 보랏빛... "", ""bloggername"": ""안녕하세요"", ""bloggerlink"": ""blog.naver.com/wjddbwls9562"", ""postdate"": ""20260424""}"
우베,preset,우배,투썸 플레이스 두바이 아박 케이크와 음료 먹어본 후기,https://blog.naver.com/adgj6353/224263094154,20260424,"과연 무슨 맛일지 궁금~ㅎㅎ 커피나 콜드부르 종류도 다양하고, 따듯한 차와 라떼, 에이드, 쉐이크 등등 다양한 음료 메뉴를 판매하고 있었고, 요즘 유향하는 <b>우배</b> 시리즈 음료들도 메뉴판에 있더라구요... ",덕공이랑 놀자,blog.naver.com/adgj6353,naver_blog,우배,typo,0.8,2026-05-26T11:02:57.061617+00:00,0,0,0,0,덕공이랑 놀자,"과연 무슨 맛일지 궁금~ㅎㅎ 커피나 콜드부르 종류도 다양하고, 따듯한 차와 라떼, 에이드, 쉐이크 등등 다양한 음료 메뉴를 판매하고 있었고, 요즘 유향하는 <b>우배</b> 시리즈 음료들도 메뉴판에 있더라구요... ","{""title"": ""투썸 플레이스 두바이 아박 케이크와 음료 먹어본 후기"", ""link"": ""https://blog.naver.com/adgj6353/224263094154"", ""description"": ""과연 무슨 맛일지 궁금~ㅎㅎ 커피나 콜드부르 종류도 다양하고, 따듯한 차와 라떼, 에이드, 쉐이크 등등 다양한 음료 메뉴를 판매하고 있었고, 요즘 유향하는 <b>우배</b> 시리즈 음료들도 메뉴판에 있더라구요... "", ""bloggername"": ""덕공이랑 놀자"", ""bloggerlink"": ""blog.naver.com/adgj6353"", ""postdate"": ""20260424""}"
우베,preset,우배,투썸X다이노탱 콜라보 | 보보 키링 | 파우치 세트 | 구매후기... ,https://blog.naver.com/hihyunii/224262971805,20260423,"그리고, 우베라떼 후기! <b>우배</b>가 필리핀 보라색 참마를 부르는 명칭이래요 향은 되게 달달한 디저트 향이고, 달달하니 맛있었어요! 무슨 맛이라고 말해야 할지는 모르겠어용..",live live star star people i see,blog.naver.com/hihyunii,naver_blog,우배,typo,0.8,2026-05-26T11:02:57.061617+00:00,0,0,0,0,live live star star people i see,"그리고, 우베라떼 후기! <b>우배</b>가 필리핀 보라색 참마를 부르는 명칭이래요 향은 되게 달달한 디저트 향이고, 달달하니 맛있었어요! 무슨 맛이라고 말해야 할지는 모르겠어용..","{""title"": ""투썸X다이노탱 콜라보 | 보보 키링 | 파우치 세트 | 구매후기... "", ""link"": ""https://blog.naver.com/hihyunii/224262971805"", ""description"": ""그리고, 우베라떼 후기! <b>우배</b>가 필리핀 보라색 참마를 부르는 명칭이래요 향은 되게 달달한 디저트 향이고, 달달하니 맛있었어요! 무슨 맛이라고 말해야 할지는 모르겠어용.."", ""bloggername"": ""live live star star people i see"", ""bloggerlink"": ""blog.naver.com/hihyunii"", ""postdate"": ""20260423""}"
우베,preset,보라색 디저트,브루나이 맛집 추천 다운(The Daun) 브루나이 전통음식 현지... ,https://blog.naver.com/hyungsuk1010/224297164512,20260526,"카운터 뒤쪽에는 <b>디저트</b> 쇼케이스와 커피 메뉴판도 깔끔하게 정리돼 있었고, 전체적으로 브루나이... <b>보라색</b> 꽃 장식까지 있어서 플레이팅도 예뻤어요. 8. 브루나이 맛집 다운 가격 총정리 최종적으로... ",여행 고인물,blog.naver.com/hyungsuk1010,naver_blog,보라색 디저트,related,0.3,2026-05-26T11:02:57.061617+00:00,0,0,0,0,여행 고인물,"카운터 뒤쪽에는 <b>디저트</b> 쇼케이스와 커피 메뉴판도 깔끔하게 정리돼 있었고, 전체적으로 브루나이... <b>보라색</b> 꽃 장식까지 있어서 플레이팅도 예뻤어요. 8. 브루나이 맛집 다운 가격 총정리 최종적으로... ","{""title"": ""브루나이 맛집 추천 다운(The Daun) 브루나이 전통음식 현지... "", ""link"": ""https://blog.naver.com/hyungsuk1010/224297164512"", ""description"": ""카운터 뒤쪽에는 <b>디저트</b> 쇼케이스와 커피 메뉴판도 깔끔하게 정리돼 있었고, 전체적으로 브루나이... <b>보라색</b> 꽃 장식까지 있어서 플레이팅도 예뻤어요. 8. 브루나이 맛집 다운 가격 총정리 최종적으로... "", ""bloggername"": ""여행 고인물"", ""bloggerlink"": ""blog.naver.com/hyungsuk1010"", ""postdate"": ""20260526""}"
우베,preset,보라색 디저트,장성 떡 <b>디저트</b> 카페 후기 '미르당' 참기름 라떼부터 단호박... ,https://blog.naver.com/gudtlrqk/224297161780,20260526,리뷰한솜이입니다:) 오늘은 장성에 있는 떡 <b>디저트</b> 카페를 소개해 드리려고 합니다. 장성 '미르당'은... 노란색과 <b>보라색</b>이 어우러지는 인테리어로 꽃이 매력적인 공간이었어요. 테라스로 이어지는 바 테이블... ,리뷰한솜이,blog.naver.com/gudtlrqk,naver_blog,보라색 디저트,related,0.3,2026-05-26T11:02:57.061617+00:00,0,0,0,0,리뷰한솜이,리뷰한솜이입니다:) 오늘은 장성에 있는 떡 <b>디저트</b> 카페를 소개해 드리려고 합니다. 장성 '미르당'은... 노란색과 <b>보라색</b>이 어우러지는 인테리어로 꽃이 매력적인 공간이었어요. 테라스로 이어지는 바 테이블... ,"{""title"": ""장성 떡 <b>디저트</b> 카페 후기 '미르당' 참기름 라떼부터 단호박... "", ""link"": ""https://blog.naver.com/gudtlrqk/224297161780"", ""description"": ""리뷰한솜이입니다:) 오늘은 장성에 있는 떡 <b>디저트</b> 카페를 소개해 드리려고 합니다. 장성 '미르당'은... 노란색과 <b>보라색</b>이 어우러지는 인테리어로 꽃이 매력적인 공간이었어요. 테라스로 이어지는 바 테이블... "", ""bloggername"": ""리뷰한솜이"", ""bloggerlink"": ""blog.naver.com/gudtlrqk"", ""postdate"": ""20260526""}"
우베,preset,보라색 디저트,"건강 트렌드, <b>보라색</b> 자색고구마 우베 효능과 영양 성분",https://blog.naver.com/heemanggonggan/224297158366,20260526,오늘 함께 알아볼 웰빙 건강 트렌드는 <b>디저트</b>와 음료의 인기를 끌고 있는 우베 성분 정보입니다. 독특한 <b>보라색</b> 빛깔과 부드럽고 달콤한 맛으로 최근 전 세계 많은 이들의 주목을 받고 있습니다. 필리핀이... ,희망공간 제작소,blog.naver.com/heemanggonggan,naver_blog,보라색 디저트,related,0.3,2026-05-26T11:02:57.061617+00:00,0,0,0,0,희망공간 제작소,오늘 함께 알아볼 웰빙 건강 트렌드는 <b>디저트</b>와 음료의 인기를 끌고 있는 우베 성분 정보입니다. 독특한 <b>보라색</b> 빛깔과 부드럽고 달콤한 맛으로 최근 전 세계 많은 이들의 주목을 받고 있습니다. 필리핀이... ,"{""title"": ""건강 트렌드, <b>보라색</b> 자색고구마 우베 효능과 영양 성분"", ""link"": ""https://blog.naver.com/heemanggonggan/224297158366"", ""description"": ""오늘 함께 알아볼 웰빙 건강 트렌드는 <b>디저트</b>와 음료의 인기를 끌고 있는 우베 성분 정보입니다. 독특한 <b>보라색</b> 빛깔과 부드럽고 달콤한 맛으로 최근 전 세계 많은 이들의 주목을 받고 있습니다. 필리핀이... "", ""bloggername"": ""희망공간 제작소"", ""bloggerlink"": ""blog.naver.com/heemanggonggan"", ""postdate"": ""20260526""}"
우베,preset,보라색 디저트,2654,https://blog.naver.com/cuti_ganz2/224297156801,20260526,운전 똑바로 안 하냐 랑트 연남 오랑지를 위해 만났으나 <b>디저트</b>도 식후경 야르렁 야르렁 난 청경채가... 중티나는 <b>보라색</b> 무언가를 주셨다.. 승히야 가질래?? 했는데 승히도 초록색으로 받게 됨 담에는 더... ,´͈ ᵕ `͈ ♡°◌̊,blog.naver.com/cuti_ganz2,naver_blog,보라색 디저트,related,0.3,2026-05-26T11:02:57.061617+00:00,0,0,0,0,´͈ ᵕ `͈ ♡°◌̊,운전 똑바로 안 하냐 랑트 연남 오랑지를 위해 만났으나 <b>디저트</b>도 식후경 야르렁 야르렁 난 청경채가... 중티나는 <b>보라색</b> 무언가를 주셨다.. 승히야 가질래?? 했는데 승히도 초록색으로 받게 됨 담에는 더... ,"{""title"": ""2654"", ""link"": ""https://blog.naver.com/cuti_ganz2/224297156801"", ""description"": ""운전 똑바로 안 하냐 랑트 연남 오랑지를 위해 만났으나 <b>디저트</b>도 식후경 야르렁 야르렁 난 청경채가... 중티나는 <b>보라색</b> 무언가를 주셨다.. 승히야 가질래?? 했는데 승히도 초록색으로 받게 됨 담에는 더... "", ""bloggername"": ""´͈ ᵕ `͈ ♡°◌̊"", ""bloggerlink"": ""blog.naver.com/cuti_ganz2"", ""postdate"": ""20260526""}"
우베,preset,보라색 디저트,[w.3] 대전 마리드엘 웨딩홀  결혼식 하객 후기,https://blog.naver.com/neu__22/224297149186,20260526,생화에 <b>보라색</b> 꽃이 들어가서 그런지 너무 이뻐요 ㅠㅠ 마리드엘은 트와일라잇 분위기로 유명하다고... 여름이라 그런지 <b>디저트</b> 코너에 슬러쉬도 있던데 준비 중이라 먹어보진 못했네요 사진을 많이 못 찍어서... ,하쪽이네 일상,blog.naver.com/neu__22,naver_blog,보라색 디저트,related,0.3,2026-05-26T11:02:57.061617+00:00,0,0,0,0,하쪽이네 일상,생화에 <b>보라색</b> 꽃이 들어가서 그런지 너무 이뻐요 ㅠㅠ 마리드엘은 트와일라잇 분위기로 유명하다고... 여름이라 그런지 <b>디저트</b> 코너에 슬러쉬도 있던데 준비 중이라 먹어보진 못했네요 사진을 많이 못 찍어서... ,"{""title"": ""[w.3] 대전 마리드엘 웨딩홀  결혼식 하객 후기"", ""link"": ""https://blog.naver.com/neu__22/224297149186"", ""description"": ""생화에 <b>보라색</b> 꽃이 들어가서 그런지 너무 이뻐요 ㅠㅠ 마리드엘은 트와일라잇 분위기로 유명하다고... 여름이라 그런지 <b>디저트</b> 코너에 슬러쉬도 있던데 준비 중이라 먹어보진 못했네요 사진을 많이 못 찍어서... "", ""bloggername"": ""하쪽이네 일상"", ""bloggerlink"": ""blog.naver.com/neu__22"", ""postdate"": ""20260526""}"
우베,preset,보라색 디저트,트레이더스 추천템 BEST 7 Ι 갈 때마다 장바구니에 담게 되는... ,https://blog.naver.com/bogoim/224296835020,20260526,홈카페 간식 추천 우베크림모찌브레드 한줄 결론 카페 <b>디저트</b> 느낌 나는 숨은 빵 추천템 <b>보라색</b> 비주얼이 눈에 띄는 제품. 사진 찍어도 예쁘고 커피와 함께 먹기 좋아요. 손님 왔을 때 <b>디저트</b>로 내놓기에도... ,주부 13년차 리시안의 살림여왕 도전기,blog.naver.com/bogoim,naver_blog,보라색 디저트,related,0.3,2026-05-26T11:02:57.061617+00:00,0,0,0,0,주부 13년차 리시안의 살림여왕 도전기,홈카페 간식 추천 우베크림모찌브레드 한줄 결론 카페 <b>디저트</b> 느낌 나는 숨은 빵 추천템 <b>보라색</b> 비주얼이 눈에 띄는 제품. 사진 찍어도 예쁘고 커피와 함께 먹기 좋아요. 손님 왔을 때 <b>디저트</b>로 내놓기에도... ,"{""title"": ""트레이더스 추천템 BEST 7 Ι 갈 때마다 장바구니에 담게 되는... "", ""link"": ""https://blog.naver.com/bogoim/224296835020"", ""description"": ""홈카페 간식 추천 우베크림모찌브레드 한줄 결론 카페 <b>디저트</b> 느낌 나는 숨은 빵 추천템 <b>보라색</b> 비주얼이 눈에 띄는 제품. 사진 찍어도 예쁘고 커피와 함께 먹기 좋아요. 손님 왔을 때 <b>디저트</b>로 내놓기에도... "", ""bloggername"": ""주부 13년차 리시안의 살림여왕 도전기"", ""bloggerlink"": ""blog.naver.com/bogoim"", ""postdate"": ""20260526""}"
우베,preset,보라색 디저트,"✨ 지금 전 세계가 주목하는 우베파우더, 우리가 먼저... ",https://blog.naver.com/xldpflgudrn/224297141559,20260526,━━━━━━━━━━━━━━━━━━━━━━━━━━━━━━ 요즘 SNS를 열면 온통 <b>보라색</b>... 빙수 · 소르베 ✔ 우베 떡 · 카스텔라 · 찹쌀 <b>디저트</b> ✔ 우베 크림치즈 · 버터크림 · 가나슈 필링... ,FORTE 무역,blog.naver.com/xldpflgudrn,naver_blog,보라색 디저트,related,0.3,2026-05-26T11:02:57.061617+00:00,0,0,0,0,FORTE 무역,━━━━━━━━━━━━━━━━━━━━━━━━━━━━━━ 요즘 SNS를 열면 온통 <b>보라색</b>... 빙수 · 소르베 ✔ 우베 떡 · 카스텔라 · 찹쌀 <b>디저트</b> ✔ 우베 크림치즈 · 버터크림 · 가나슈 필링... ,"{""title"": ""✨ 지금 전 세계가 주목하는 우베파우더, 우리가 먼저... "", ""link"": ""https://blog.naver.com/xldpflgudrn/224297141559"", ""description"": ""━━━━━━━━━━━━━━━━━━━━━━━━━━━━━━ 요즘 SNS를 열면 온통 <b>보라색</b>... 빙수 · 소르베 ✔ 우베 떡 · 카스텔라 · 찹쌀 <b>디저트</b> ✔ 우베 크림치즈 · 버터크림 · 가나슈 필링... "", ""bloggername"": ""FORTE 무역"", ""bloggerlink"": ""blog.naver.com/xldpflgudrn"", ""postdate"": ""20260526""}"
우베,preset,보라색 디저트,우베 <b>보라색</b> 열풍 그 뒤에 숨겨진 진짜 맛과 인기 비결,https://blog.naver.com/pshoewer/224296341822,20260526,"앞으로도 디저트 시장에서 흥미로운 존재로 남을 가능성이 높습니다. 여러분은 이 매력적인 <b>보라색 디저트</b>, 우베에 대해 어떻게 생각하시나요? 우베 보라색 열풍 그 뒤에 숨겨진 진짜 맛과 인기 비결 첨부파일... ",그래 미쳐보는거다,blog.naver.com/pshoewer,naver_blog,보라색 디저트,related,0.3,2026-05-26T11:02:57.061617+00:00,0,0,0,0,그래 미쳐보는거다,"앞으로도 디저트 시장에서 흥미로운 존재로 남을 가능성이 높습니다. 여러분은 이 매력적인 <b>보라색 디저트</b>, 우베에 대해 어떻게 생각하시나요? 우베 보라색 열풍 그 뒤에 숨겨진 진짜 맛과 인기 비결 첨부파일... ","{""title"": ""우베 <b>보라색</b> 열풍 그 뒤에 숨겨진 진짜 맛과 인기 비결"", ""link"": ""https://blog.naver.com/pshoewer/224296341822"", ""description"": ""앞으로도 디저트 시장에서 흥미로운 존재로 남을 가능성이 높습니다. 여러분은 이 매력적인 <b>보라색 디저트</b>, 우베에 대해 어떻게 생각하시나요? 우베 보라색 열풍 그 뒤에 숨겨진 진짜 맛과 인기 비결 첨부파일... "", ""bloggername"": ""그래 미쳐보는거다"", ""bloggerlink"": ""blog.naver.com/pshoewer"", ""postdate"": ""20260526""}"
우베,preset,보라색 디저트,서울 카페 묘몽,https://blog.naver.com/bbotum/224297106363,20260526,『 메뉴 』 음료도 다양하고 <b>디저트</b>도 다양하고~ 내가 좋아하는 선택지 많은 카페 (결정이 어렵지만... 전 여기 가기 직전에 메뉴보다 알았습니다 껄껄- (우베는 필리핀에서 많이 쓰는 <b>보라색</b> 마 계열 식재료)... ,뽀툼의 틈,blog.naver.com/bbotum,naver_blog,보라색 디저트,related,0.3,2026-05-26T11:02:57.061617+00:00,0,0,0,0,뽀툼의 틈,『 메뉴 』 음료도 다양하고 <b>디저트</b>도 다양하고~ 내가 좋아하는 선택지 많은 카페 (결정이 어렵지만... 전 여기 가기 직전에 메뉴보다 알았습니다 껄껄- (우베는 필리핀에서 많이 쓰는 <b>보라색</b> 마 계열 식재료)... ,"{""title"": ""서울 카페 묘몽"", ""link"": ""https://blog.naver.com/bbotum/224297106363"", ""description"": ""『 메뉴 』 음료도 다양하고 <b>디저트</b>도 다양하고~ 내가 좋아하는 선택지 많은 카페 (결정이 어렵지만... 전 여기 가기 직전에 메뉴보다 알았습니다 껄껄- (우베는 필리핀에서 많이 쓰는 <b>보라색</b> 마 계열 식재료)... "", ""bloggername"": ""뽀툼의 틈"", ""bloggerlink"": ""blog.naver.com/bbotum"", ""postdate"": ""20260526""}"
우베,preset,보라색 디저트,[이스트폴카페/광진구 도넛맛집] 노티드; 꾸덕하고 쫀쫀한... ,https://blog.naver.com/chaomei22/224297057456,20260526,만든 <b>디저트</b>로 맛도 비쥬얼도 보랏빛으로 아주아주 예뻤다 노티드 도넛 맛있는건 알고 있었지만 우베... 위에는 <b>보라색</b> 우베 파우더가 뿌려져있고 크림으로는 우베커스타드와 우베 생크림이 겹겹이 가득했다!... ,꽃보다 오링이가,blog.naver.com/chaomei22,naver_blog,보라색 디저트,related,0.3,2026-05-26T11:02:57.061617+00:00,0,0,0,0,꽃보다 오링이가,만든 <b>디저트</b>로 맛도 비쥬얼도 보랏빛으로 아주아주 예뻤다 노티드 도넛 맛있는건 알고 있었지만 우베... 위에는 <b>보라색</b> 우베 파우더가 뿌려져있고 크림으로는 우베커스타드와 우베 생크림이 겹겹이 가득했다!... ,"{""title"": ""[이스트폴카페/광진구 도넛맛집] 노티드; 꾸덕하고 쫀쫀한... "", ""link"": ""https://blog.naver.com/chaomei22/224297057456"", ""description"": ""만든 <b>디저트</b>로 맛도 비쥬얼도 보랏빛으로 아주아주 예뻤다 노티드 도넛 맛있는건 알고 있었지만 우베... 위에는 <b>보라색</b> 우베 파우더가 뿌려져있고 크림으로는 우베커스타드와 우베 생크림이 겹겹이 가득했다!... "", ""bloggername"": ""꽃보다 오링이가"", ""bloggerlink"": ""blog.naver.com/chaomei22"", ""postdate"": ""20260526""}"
우베,preset,보라색 디저트,화성병점구휴대폰성지 병점 옆커폰 휴대폰 싼곳,https://blog.naver.com/dbswkdrms82/224297094537,20260526,많은데 <b>보라색</b> 간판에 눈에 딱 들어오는 곳 바로 옆커폰 병점점입니다 화성병점구휴대폰성지 싸게... 커피와 <b>디저트</b> 편의시설이 좋습니다 화성병점구휴대폰성지 항상 열려있고 편하게 물어볼 수 있어서 좋아요... ,새빛,blog.naver.com/dbswkdrms82,naver_blog,보라색 디저트,related,0.3,2026-05-26T11:02:57.061617+00:00,0,0,0,0,새빛,많은데 <b>보라색</b> 간판에 눈에 딱 들어오는 곳 바로 옆커폰 병점점입니다 화성병점구휴대폰성지 싸게... 커피와 <b>디저트</b> 편의시설이 좋습니다 화성병점구휴대폰성지 항상 열려있고 편하게 물어볼 수 있어서 좋아요... ,"{""title"": ""화성병점구휴대폰성지 병점 옆커폰 휴대폰 싼곳"", ""link"": ""https://blog.naver.com/dbswkdrms82/224297094537"", ""description"": ""많은데 <b>보라색</b> 간판에 눈에 딱 들어오는 곳 바로 옆커폰 병점점입니다 화성병점구휴대폰성지 싸게... 커피와 <b>디저트</b> 편의시설이 좋습니다 화성병점구휴대폰성지 항상 열려있고 편하게 물어볼 수 있어서 좋아요... "", ""bloggername"": ""새빛"", ""bloggerlink"": ""blog.naver.com/dbswkdrms82"", ""postdate"": ""20260526""}"
우베,preset,보라색 디저트,"뜻 알고 드시나요? <b>보라색 디저트</b> 열풍의 진짜 이유와 맛, 효능",https://blog.naver.com/tmdwns04281/224297007403,20260526,"도대체 언제부터 이 보라색 열풍이 시작된 건지, 저처럼 궁금해하시는 직장인 분들 많으실 겁니다.... 우베효능 #<b>보라색디저트</b> #우베라떼 #필리핀우베 #자색고구마차이 #타로차이 #할라야 #F&amp;B트렌드 #디저트추천... ",뚜니의 일상사전,blog.naver.com/tmdwns04281,naver_blog,보라색 디저트,related,0.3,2026-05-26T11:02:57.061617+00:00,0,0,0,0,뚜니의 일상사전,"도대체 언제부터 이 보라색 열풍이 시작된 건지, 저처럼 궁금해하시는 직장인 분들 많으실 겁니다.... 우베효능 #<b>보라색디저트</b> #우베라떼 #필리핀우베 #자색고구마차이 #타로차이 #할라야 #F&amp;B트렌드 #디저트추천... ","{""title"": ""뜻 알고 드시나요? <b>보라색 디저트</b> 열풍의 진짜 이유와 맛, 효능"", ""link"": ""https://blog.naver.com/tmdwns04281/224297007403"", ""description"": ""도대체 언제부터 이 보라색 열풍이 시작된 건지, 저처럼 궁금해하시는 직장인 분들 많으실 겁니다.... 우베효능 #<b>보라색디저트</b> #우베라떼 #필리핀우베 #자색고구마차이 #타로차이 #할라야 #F&amp;B트렌드 #디저트추천... "", ""bloggername"": ""뚜니의 일상사전"", ""bloggerlink"": ""blog.naver.com/tmdwns04281"", ""postdate"": ""20260526""}"
우베,preset,보라색 디저트,"우베 뜻과 맛, 효능 완벽 정리! 타로 자색고구마 차이점",https://blog.naver.com/sogool/224296958740,20260526,"우베 라떼 맛 바닐라 견과류 풍미 달콤한 <b>디저트</b> 트렌드 <b>보라색</b>이라는 화려한 색감 때문에 인공적인 과일 맛이나 포도 맛이 날 것이라 오해하기 쉽지만, 실제 우베의 맛은 굉장히 부드럽고 고급스럽습니다.... ",생활지식 저장소,blog.naver.com/sogool,naver_blog,보라색 디저트,related,0.3,2026-05-26T11:02:57.061617+00:00,0,0,0,0,생활지식 저장소,"우베 라떼 맛 바닐라 견과류 풍미 달콤한 <b>디저트</b> 트렌드 <b>보라색</b>이라는 화려한 색감 때문에 인공적인 과일 맛이나 포도 맛이 날 것이라 오해하기 쉽지만, 실제 우베의 맛은 굉장히 부드럽고 고급스럽습니다.... ","{""title"": ""우베 뜻과 맛, 효능 완벽 정리! 타로 자색고구마 차이점"", ""link"": ""https://blog.naver.com/sogool/224296958740"", ""description"": ""우베 라떼 맛 바닐라 견과류 풍미 달콤한 <b>디저트</b> 트렌드 <b>보라색</b>이라는 화려한 색감 때문에 인공적인 과일 맛이나 포도 맛이 날 것이라 오해하기 쉽지만, 실제 우베의 맛은 굉장히 부드럽고 고급스럽습니다.... "", ""bloggername"": ""생활지식 저장소"", ""bloggerlink"": ""blog.naver.com/sogool"", ""postdate"": ""20260526""}"
우베,preset,보라색 디저트,환자들이 몰래 챙겨 먹습니다… 혈당 걱정 줄이는 <b>보라색</b> 과일”,https://blog.naver.com/dkdlel1809/224297094427,20260526,"이 안토시아닌은 블루베리 특유의 <b>보라색</b>을 만드는 성분인데, 혈관 건강과 염증 관리에 도움 될 수... 혈당 급상승 부담이 비교적 적습니다 블루베리는 다른 달콤한 <b>디저트</b>나 과일에 비해 상대적으로 혈당 부담이... ",쉽게보는건강상식,blog.naver.com/dkdlel1809,naver_blog,보라색 디저트,related,0.3,2026-05-26T11:02:57.061617+00:00,0,0,0,0,쉽게보는건강상식,"이 안토시아닌은 블루베리 특유의 <b>보라색</b>을 만드는 성분인데, 혈관 건강과 염증 관리에 도움 될 수... 혈당 급상승 부담이 비교적 적습니다 블루베리는 다른 달콤한 <b>디저트</b>나 과일에 비해 상대적으로 혈당 부담이... ","{""title"": ""환자들이 몰래 챙겨 먹습니다… 혈당 걱정 줄이는 <b>보라색</b> 과일”"", ""link"": ""https://blog.naver.com/dkdlel1809/224297094427"", ""description"": ""이 안토시아닌은 블루베리 특유의 <b>보라색</b>을 만드는 성분인데, 혈관 건강과 염증 관리에 도움 될 수... 혈당 급상승 부담이 비교적 적습니다 블루베리는 다른 달콤한 <b>디저트</b>나 과일에 비해 상대적으로 혈당 부담이... "", ""bloggername"": ""쉽게보는건강상식"", ""bloggerlink"": ""blog.naver.com/dkdlel1809"", ""postdate"": ""20260526""}"
우베,preset,보라색 디저트,"소나무 향 사이로 들어오는 양평 브런치 카페, 강하면 카페 추천... ",https://blog.naver.com/preach_4026/224297085582,20260526,"강하면 쪽에 <b>보라색</b> 지붕이 보이는데, 진짜 멀리서도 눈에 띄더라구요. 강하 전수리 쪽 <b>보라색</b>지붕으로... 메뉴는 브런치카페답게 든든한 스테이크 라인부터 파스타, <b>디저트</b>까지 폭이 넓었어요. 저는... ",preach_4026님의블로그,blog.naver.com/preach_4026,naver_blog,보라색 디저트,related,0.3,2026-05-26T11:02:57.061617+00:00,0,0,0,0,preach_4026님의블로그,"강하면 쪽에 <b>보라색</b> 지붕이 보이는데, 진짜 멀리서도 눈에 띄더라구요. 강하 전수리 쪽 <b>보라색</b>지붕으로... 메뉴는 브런치카페답게 든든한 스테이크 라인부터 파스타, <b>디저트</b>까지 폭이 넓었어요. 저는... ","{""title"": ""소나무 향 사이로 들어오는 양평 브런치 카페, 강하면 카페 추천... "", ""link"": ""https://blog.naver.com/preach_4026/224297085582"", ""description"": ""강하면 쪽에 <b>보라색</b> 지붕이 보이는데, 진짜 멀리서도 눈에 띄더라구요. 강하 전수리 쪽 <b>보라색</b>지붕으로... 메뉴는 브런치카페답게 든든한 스테이크 라인부터 파스타, <b>디저트</b>까지 폭이 넓었어요. 저는... "", ""bloggername"": ""preach_4026님의블로그"", ""bloggerlink"": ""blog.naver.com/preach_4026"", ""postdate"": ""20260526""}"
우베,preset,보라색 디저트,폴바셋 신메뉴 추천 2026 라벤더 퍼플 시즌 완벽 리뷰... ,https://blog.naver.com/bsh9656/224297069406,20260526,우베·블루베리·아사이베리까지 <b>보라색</b> 계열 식재료를 총동원한 신메뉴 4종이 새롭게 등장했어요.... 크루아상이나 버터 스콘과 <b>디저트</b>로 페어링하면 고소함이 더욱 풍성해집니다. 3. 가장 트렌디한 선택... ,있는 그대로의 나,blog.naver.com/bsh9656,naver_blog,보라색 디저트,related,0.3,2026-05-26T11:02:57.061617+00:00,0,0,0,0,있는 그대로의 나,우베·블루베리·아사이베리까지 <b>보라색</b> 계열 식재료를 총동원한 신메뉴 4종이 새롭게 등장했어요.... 크루아상이나 버터 스콘과 <b>디저트</b>로 페어링하면 고소함이 더욱 풍성해집니다. 3. 가장 트렌디한 선택... ,"{""title"": ""폴바셋 신메뉴 추천 2026 라벤더 퍼플 시즌 완벽 리뷰... "", ""link"": ""https://blog.naver.com/bsh9656/224297069406"", ""description"": ""우베·블루베리·아사이베리까지 <b>보라색</b> 계열 식재료를 총동원한 신메뉴 4종이 새롭게 등장했어요.... 크루아상이나 버터 스콘과 <b>디저트</b>로 페어링하면 고소함이 더욱 풍성해집니다. 3. 가장 트렌디한 선택... "", ""bloggername"": ""있는 그대로의 나"", ""bloggerlink"": ""blog.naver.com/bsh9656"", ""postdate"": ""20260526""}"
우베,preset,보라색 디저트,우베 100% 파우더 kg 추천 10kg 써보니,https://blog.naver.com/ghdskarb6304/224297046165,20260526,"우베 100% 파우더 kg 찾는 분들, <b>보라색 디저트</b> 만들 때 색이 애매하게 죽는 거 한 번쯤 겪어보셨죠? 저도... 요즘 우베 디저트가 확 올라오면서 보라색 메뉴를 찾는 분들이 많잖아요. 우베 100% 파우더 kg 단위로... ",fresh가람,blog.naver.com/ghdskarb6304,naver_blog,보라색 디저트,related,0.3,2026-05-26T11:02:57.061617+00:00,0,0,0,0,fresh가람,"우베 100% 파우더 kg 찾는 분들, <b>보라색 디저트</b> 만들 때 색이 애매하게 죽는 거 한 번쯤 겪어보셨죠? 저도... 요즘 우베 디저트가 확 올라오면서 보라색 메뉴를 찾는 분들이 많잖아요. 우베 100% 파우더 kg 단위로... ","{""title"": ""우베 100% 파우더 kg 추천 10kg 써보니"", ""link"": ""https://blog.naver.com/ghdskarb6304/224297046165"", ""description"": ""우베 100% 파우더 kg 찾는 분들, <b>보라색 디저트</b> 만들 때 색이 애매하게 죽는 거 한 번쯤 겪어보셨죠? 저도... 요즘 우베 디저트가 확 올라오면서 보라색 메뉴를 찾는 분들이 많잖아요. 우베 100% 파우더 kg 단위로... "", ""bloggername"": ""fresh가람"", ""bloggerlink"": ""blog.naver.com/ghdskarb6304"", ""postdate"": ""20260526""}"
우베,preset,보라색 디저트,오리온 초코파이 망고라씨맛 솔직 후기!  (역시 오리지널이 최고? ),https://blog.naver.com/deummmmm/224297044034,20260526,"오렌지색과 <b>보라색</b>이 섞여 있어 이국적인 느낌이 물씬 납니다.  한정판으로 나왔다고 하니 지금 아니면... &quot;이국적인 <b>디저트</b> 느낌으로, 이번 시즌에 한 번쯤 경험 삼아 먹어보기엔 좋다!&quot;  하지만 계속 쟁여두고... ",Core habit,blog.naver.com/deummmmm,naver_blog,보라색 디저트,related,0.3,2026-05-26T11:02:57.061617+00:00,0,0,0,0,Core habit,"오렌지색과 <b>보라색</b>이 섞여 있어 이국적인 느낌이 물씬 납니다.  한정판으로 나왔다고 하니 지금 아니면... &quot;이국적인 <b>디저트</b> 느낌으로, 이번 시즌에 한 번쯤 경험 삼아 먹어보기엔 좋다!&quot;  하지만 계속 쟁여두고... ","{""title"": ""오리온 초코파이 망고라씨맛 솔직 후기!  (역시 오리지널이 최고? )"", ""link"": ""https://blog.naver.com/deummmmm/224297044034"", ""description"": ""오렌지색과 <b>보라색</b>이 섞여 있어 이국적인 느낌이 물씬 납니다.  한정판으로 나왔다고 하니 지금 아니면... &quot;이국적인 <b>디저트</b> 느낌으로, 이번 시즌에 한 번쯤 경험 삼아 먹어보기엔 좋다!&quot;  하지만 계속 쟁여두고... "", ""bloggername"": ""Core habit"", ""bloggerlink"": ""blog.naver.com/deummmmm"", ""postdate"": ""20260526""}"
우베,preset,보라색 디저트,선물하기 좋은 도곡동 과일가게 에띠베라프룻,https://blog.naver.com/jmtttt/224297030230,20260526,"싶을정도로 매장이 <b>보라색</b>으로 가득했다. 매장 내부로 들어가보니 단순한 과일가게가 아니라 각종 커피와 과일음료, 과일<b>디저트</b>도 있다. 과일가게에서 판매하는 과일쥬스와 <b>디저트</b>라니! 여긴 꼭 과일구매를... ",찬우의 맛있는 세상,blog.naver.com/jmtttt,naver_blog,보라색 디저트,related,0.3,2026-05-26T11:02:57.061617+00:00,0,0,0,0,찬우의 맛있는 세상,"싶을정도로 매장이 <b>보라색</b>으로 가득했다. 매장 내부로 들어가보니 단순한 과일가게가 아니라 각종 커피와 과일음료, 과일<b>디저트</b>도 있다. 과일가게에서 판매하는 과일쥬스와 <b>디저트</b>라니! 여긴 꼭 과일구매를... ","{""title"": ""선물하기 좋은 도곡동 과일가게 에띠베라프룻"", ""link"": ""https://blog.naver.com/jmtttt/224297030230"", ""description"": ""싶을정도로 매장이 <b>보라색</b>으로 가득했다. 매장 내부로 들어가보니 단순한 과일가게가 아니라 각종 커피와 과일음료, 과일<b>디저트</b>도 있다. 과일가게에서 판매하는 과일쥬스와 <b>디저트</b>라니! 여긴 꼭 과일구매를... "", ""bloggername"": ""찬우의 맛있는 세상"", ""bloggerlink"": ""blog.naver.com/jmtttt"", ""postdate"": ""20260526""}"
우베,preset,보라색 디저트,"[을지로3가역/중구] 연휴에 가기 좋은 힙지로 감성, 콘티뉴이티... ",https://blog.naver.com/hyun__322/224297015484,20260526,고소해 <b>디저트</b>들과 합이 좋았어요  커피에 들어간 얼음이 크고 단단해 야외로 나와 더웠음에도 많이 녹지 않았더라구용 #우베썸머라떼 의 우베는 자색고구마 계열인데요 해서 음료의 색도 <b>보라색</b>이고... ,핑공 일상 다여리,blog.naver.com/hyun__322,naver_blog,보라색 디저트,related,0.3,2026-05-26T11:02:57.061617+00:00,0,0,0,0,핑공 일상 다여리,고소해 <b>디저트</b>들과 합이 좋았어요  커피에 들어간 얼음이 크고 단단해 야외로 나와 더웠음에도 많이 녹지 않았더라구용 #우베썸머라떼 의 우베는 자색고구마 계열인데요 해서 음료의 색도 <b>보라색</b>이고... ,"{""title"": ""[을지로3가역/중구] 연휴에 가기 좋은 힙지로 감성, 콘티뉴이티... "", ""link"": ""https://blog.naver.com/hyun__322/224297015484"", ""description"": ""고소해 <b>디저트</b>들과 합이 좋았어요  커피에 들어간 얼음이 크고 단단해 야외로 나와 더웠음에도 많이 녹지 않았더라구용 #우베썸머라떼 의 우베는 자색고구마 계열인데요 해서 음료의 색도 <b>보라색</b>이고... "", ""bloggername"": ""핑공 일상 다여리"", ""bloggerlink"": ""blog.naver.com/hyun__322"", ""postdate"": ""20260526""}"
우베,preset,보라색 디저트,전주 신시가지 카페 추천 분위기 좋은 신상카페 파우재커피,https://blog.naver.com/u_ddin/224296997926,20260526,"&quot;청사초롱 아이스티&quot; - 맛있는 것만 섞였으니까 몬가 맛있을듯 하여,, 주문 고고 <b>디저트</b>도 있답니다... 섞어봐용 ~~ 오 <b>보라색</b>으로 변하는중~ 제가 또 퍼플을 좋아하고든요 사싀른 적당한 달달함과 맛있는... ",Bomi,blog.naver.com/u_ddin,naver_blog,보라색 디저트,related,0.3,2026-05-26T11:02:57.061617+00:00,0,0,0,0,Bomi,"&quot;청사초롱 아이스티&quot; - 맛있는 것만 섞였으니까 몬가 맛있을듯 하여,, 주문 고고 <b>디저트</b>도 있답니다... 섞어봐용 ~~ 오 <b>보라색</b>으로 변하는중~ 제가 또 퍼플을 좋아하고든요 사싀른 적당한 달달함과 맛있는... ","{""title"": ""전주 신시가지 카페 추천 분위기 좋은 신상카페 파우재커피"", ""link"": ""https://blog.naver.com/u_ddin/224296997926"", ""description"": ""&quot;청사초롱 아이스티&quot; - 맛있는 것만 섞였으니까 몬가 맛있을듯 하여,, 주문 고고 <b>디저트</b>도 있답니다... 섞어봐용 ~~ 오 <b>보라색</b>으로 변하는중~ 제가 또 퍼플을 좋아하고든요 사싀른 적당한 달달함과 맛있는... "", ""bloggername"": ""Bomi"", ""bloggerlink"": ""blog.naver.com/u_ddin"", ""postdate"": ""20260526""}"
우베,preset,보라색 디저트,<b>디저트</b>39 우베버터떡 고구마 바닐라향이 은은하게 나는 바삭... ,https://blog.naver.com/munisac58/224296998478,20260526,<b>디저트</b>39 우베버터떡 고구마 바닐라향이 은은하게 나는 바삭 쫄깃한 간식 을 오랜만에 치팅데이처럼... 여기에 <b>보라색</b> 마인 식물의 특유의 고구마와 바닐라를 섞어놓은듯한 향이 제법 찐하게 났어요 보통... ,여행하며 돈버는 디지털마케터,blog.naver.com/munisac58,naver_blog,보라색 디저트,related,0.3,2026-05-26T11:02:57.061617+00:00,0,0,0,0,여행하며 돈버는 디지털마케터,<b>디저트</b>39 우베버터떡 고구마 바닐라향이 은은하게 나는 바삭 쫄깃한 간식 을 오랜만에 치팅데이처럼... 여기에 <b>보라색</b> 마인 식물의 특유의 고구마와 바닐라를 섞어놓은듯한 향이 제법 찐하게 났어요 보통... ,"{""title"": ""<b>디저트</b>39 우베버터떡 고구마 바닐라향이 은은하게 나는 바삭... "", ""link"": ""https://blog.naver.com/munisac58/224296998478"", ""description"": ""<b>디저트</b>39 우베버터떡 고구마 바닐라향이 은은하게 나는 바삭 쫄깃한 간식 을 오랜만에 치팅데이처럼... 여기에 <b>보라색</b> 마인 식물의 특유의 고구마와 바닐라를 섞어놓은듯한 향이 제법 찐하게 났어요 보통... "", ""bloggername"": ""여행하며 돈버는 디지털마케터"", ""bloggerlink"": ""blog.naver.com/munisac58"", ""postdate"": ""20260526""}"
우베,preset,보라색 디저트,우베 뜻과 효능,https://blog.naver.com/usanalove324/224296973838,20260526,"동남아 여행이나 세련된 <b>디저트</b> 카페에서 독특한 <b>보라색</b>을 띠는 음료를 보고 정확한 우베 뜻이 무엇인지 찾아보는 분들이 정말 많아요. 얼핏 보면 자색 고구마나 타로 밀크티와 비슷해 보이지만, 우베는... ",유사나 헬씨 라이프,blog.naver.com/usanalove324,naver_blog,보라색 디저트,related,0.3,2026-05-26T11:02:57.061617+00:00,0,0,0,0,유사나 헬씨 라이프,"동남아 여행이나 세련된 <b>디저트</b> 카페에서 독특한 <b>보라색</b>을 띠는 음료를 보고 정확한 우베 뜻이 무엇인지 찾아보는 분들이 정말 많아요. 얼핏 보면 자색 고구마나 타로 밀크티와 비슷해 보이지만, 우베는... ","{""title"": ""우베 뜻과 효능"", ""link"": ""https://blog.naver.com/usanalove324/224296973838"", ""description"": ""동남아 여행이나 세련된 <b>디저트</b> 카페에서 독특한 <b>보라색</b>을 띠는 음료를 보고 정확한 우베 뜻이 무엇인지 찾아보는 분들이 정말 많아요. 얼핏 보면 자색 고구마나 타로 밀크티와 비슷해 보이지만, 우베는... "", ""bloggername"": ""유사나 헬씨 라이프"", ""bloggerlink"": ""blog.naver.com/usanalove324"", ""postdate"": ""20260526""}"
우베,preset,보라색 디저트,속초설악산뷰카페 오디오씨 자연경관이 참 예쁜 카페,https://blog.naver.com/teunteungirl/224296942131,20260526,"7천원 <b>디저트</b> 비주얼이 참 먹음직스럽죠? 음료 종류도 굉장히 다양한 편인데 <b>디저트</b>에도 신경을 많이... 입구에서부터 <b>보라색</b>, 분홍색, 노란색 나무 등이 아주 신기해요. 칠한건가? 야외촬영도 20만원에... ",튼튼소녀의 방,blog.naver.com/teunteungirl,naver_blog,보라색 디저트,related,0.3,2026-05-26T11:02:57.061617+00:00,0,0,0,0,튼튼소녀의 방,"7천원 <b>디저트</b> 비주얼이 참 먹음직스럽죠? 음료 종류도 굉장히 다양한 편인데 <b>디저트</b>에도 신경을 많이... 입구에서부터 <b>보라색</b>, 분홍색, 노란색 나무 등이 아주 신기해요. 칠한건가? 야외촬영도 20만원에... ","{""title"": ""속초설악산뷰카페 오디오씨 자연경관이 참 예쁜 카페"", ""link"": ""https://blog.naver.com/teunteungirl/224296942131"", ""description"": ""7천원 <b>디저트</b> 비주얼이 참 먹음직스럽죠? 음료 종류도 굉장히 다양한 편인데 <b>디저트</b>에도 신경을 많이... 입구에서부터 <b>보라색</b>, 분홍색, 노란색 나무 등이 아주 신기해요. 칠한건가? 야외촬영도 20만원에... "", ""bloggername"": ""튼튼소녀의 방"", ""bloggerlink"": ""blog.naver.com/teunteungirl"", ""postdate"": ""20260526""}"
우베,preset,보라색 디저트,고양이가 있는 구옥 감성 카페 ‘제주 함덕 보라지붕’... ,https://blog.naver.com/jooyeoni/224296700475,20260526,"보라지붕 제주 조천읍 함덕  <b>보라색</b> 지붕의 감성 카페 오늘은 지난 제주 여행 때부터 제 마음속 저장... 시그니처부터 <b>디저트</b>까지, 눈이 즐거운 메뉴들 COFFEE 아메리카노 5.0 / 5.5 NON-COFFEE 초코라떼 6.0 / 6.5... ",반짝반짝 빛나는,blog.naver.com/jooyeoni,naver_blog,보라색 디저트,related,0.3,2026-05-26T11:02:57.061617+00:00,0,0,0,0,반짝반짝 빛나는,"보라지붕 제주 조천읍 함덕  <b>보라색</b> 지붕의 감성 카페 오늘은 지난 제주 여행 때부터 제 마음속 저장... 시그니처부터 <b>디저트</b>까지, 눈이 즐거운 메뉴들 COFFEE 아메리카노 5.0 / 5.5 NON-COFFEE 초코라떼 6.0 / 6.5... ","{""title"": ""고양이가 있는 구옥 감성 카페 ‘제주 함덕 보라지붕’... "", ""link"": ""https://blog.naver.com/jooyeoni/224296700475"", ""description"": ""보라지붕 제주 조천읍 함덕  <b>보라색</b> 지붕의 감성 카페 오늘은 지난 제주 여행 때부터 제 마음속 저장... 시그니처부터 <b>디저트</b>까지, 눈이 즐거운 메뉴들 COFFEE 아메리카노 5.0 / 5.5 NON-COFFEE 초코라떼 6.0 / 6.5... "", ""bloggername"": ""반짝반짝 빛나는"", ""bloggerlink"": ""blog.naver.com/jooyeoni"", ""postdate"": ""20260526""}"
우베,preset,보라색 디저트,전주 전자담배 과일액상 1등 호담피의 [도프 4종] 입호흡액상... ,https://blog.naver.com/wndgussc/224296920820,20260526,쿨링감: ⭐ (<b>디저트</b>처럼 부드럽게 감싸는 미세 쿨링) 이름부터 귀염뽀짝한 '말랑포도'는 베이핑 하자마자 무릎을 탁 치게 만듭니다. 우리에게 가장 익숙하고 대중적인 일반 <b>보라색</b> 포도 맛을 베이스로 마이쮸... ,호랑이 담배피던 시절 공식,blog.naver.com/wndgussc,naver_blog,보라색 디저트,related,0.3,2026-05-26T11:02:57.061617+00:00,0,0,0,0,호랑이 담배피던 시절 공식,쿨링감: ⭐ (<b>디저트</b>처럼 부드럽게 감싸는 미세 쿨링) 이름부터 귀염뽀짝한 '말랑포도'는 베이핑 하자마자 무릎을 탁 치게 만듭니다. 우리에게 가장 익숙하고 대중적인 일반 <b>보라색</b> 포도 맛을 베이스로 마이쮸... ,"{""title"": ""전주 전자담배 과일액상 1등 호담피의 [도프 4종] 입호흡액상... "", ""link"": ""https://blog.naver.com/wndgussc/224296920820"", ""description"": ""쿨링감: ⭐ (<b>디저트</b>처럼 부드럽게 감싸는 미세 쿨링) 이름부터 귀염뽀짝한 '말랑포도'는 베이핑 하자마자 무릎을 탁 치게 만듭니다. 우리에게 가장 익숙하고 대중적인 일반 <b>보라색</b> 포도 맛을 베이스로 마이쮸... "", ""bloggername"": ""호랑이 담배피던 시절 공식"", ""bloggerlink"": ""blog.naver.com/wndgussc"", ""postdate"": ""20260526""}"
우베,preset,보라색 디저트,[N단독/1+1] 푸드올로지 톡스올로지 클렌즈 48시간 ABC+CCA... ,https://blog.naver.com/sm030607-/224296894651,20260526,"ABC는 <b>보라색</b> 패키지, CCA는 주황색이라 냉장고에 넣어도 한눈에 구분되더라고요!! 저는 이 부분도 너무... 단맛이 꽤 있는 편이라 <b>디저트</b> 생각날 때 대신 마시기 좋더라고용 ㅎㅎ 그렇다고 시럽처럼 텁텁한... ",소소하게 님의 블로그,blog.naver.com/sm030607-,naver_blog,보라색 디저트,related,0.3,2026-05-26T11:02:57.061617+00:00,0,0,0,0,소소하게 님의 블로그,"ABC는 <b>보라색</b> 패키지, CCA는 주황색이라 냉장고에 넣어도 한눈에 구분되더라고요!! 저는 이 부분도 너무... 단맛이 꽤 있는 편이라 <b>디저트</b> 생각날 때 대신 마시기 좋더라고용 ㅎㅎ 그렇다고 시럽처럼 텁텁한... ","{""title"": ""[N단독/1+1] 푸드올로지 톡스올로지 클렌즈 48시간 ABC+CCA... "", ""link"": ""https://blog.naver.com/sm030607-/224296894651"", ""description"": ""ABC는 <b>보라색</b> 패키지, CCA는 주황색이라 냉장고에 넣어도 한눈에 구분되더라고요!! 저는 이 부분도 너무... 단맛이 꽤 있는 편이라 <b>디저트</b> 생각날 때 대신 마시기 좋더라고용 ㅎㅎ 그렇다고 시럽처럼 텁텁한... "", ""bloggername"": ""소소하게 님의 블로그"", ""bloggerlink"": ""blog.naver.com/sm030607-"", ""postdate"": ""20260526""}"
우베,preset,보라색 디저트,날개새다래 건강 효능과 다양한 요리 활용법 소개,https://blog.naver.com/zedjms2520/224296880220,20260526,"이 과일은 독특한 외관과 상큼한 맛 덕분에 주목을 받고 있는데요, 그중에서도 색깔이 짙은 <b>보라색</b>과... 단순히 그냥 간식으로 먹는 것도 좋지만, 샐러드나 <b>디저트</b>, 심지어 음료수에도 잘 어울린답니다. 예를 들어... ",나만의 공간,blog.naver.com/zedjms2520,naver_blog,보라색 디저트,related,0.3,2026-05-26T11:02:57.061617+00:00,0,0,0,0,나만의 공간,"이 과일은 독특한 외관과 상큼한 맛 덕분에 주목을 받고 있는데요, 그중에서도 색깔이 짙은 <b>보라색</b>과... 단순히 그냥 간식으로 먹는 것도 좋지만, 샐러드나 <b>디저트</b>, 심지어 음료수에도 잘 어울린답니다. 예를 들어... ","{""title"": ""날개새다래 건강 효능과 다양한 요리 활용법 소개"", ""link"": ""https://blog.naver.com/zedjms2520/224296880220"", ""description"": ""이 과일은 독특한 외관과 상큼한 맛 덕분에 주목을 받고 있는데요, 그중에서도 색깔이 짙은 <b>보라색</b>과... 단순히 그냥 간식으로 먹는 것도 좋지만, 샐러드나 <b>디저트</b>, 심지어 음료수에도 잘 어울린답니다. 예를 들어... "", ""bloggername"": ""나만의 공간"", ""bloggerlink"": ""blog.naver.com/zedjms2520"", ""postdate"": ""20260526""}"
우베,preset,보라색 디저트,"오디 효능 총정리｜항산화 성분부터 혈관 건강, 혈당 관리... ",https://blog.naver.com/qwer202603/224296876659,20260526,"오디는 익을수록 붉은색에서 검<b>보라색</b>으로 짙어지는 뽕나무 열매입니다. 단맛과 산미가 함께 있어... 무설탕 <b>디저트</b> 대체 오디청 오디와 당류를 넣어 숙성 음료 베이스, 단맛 조절 필요 자주 묻는 질문 Q. 오디는... ",요즘님의블로그,blog.naver.com/qwer202603,naver_blog,보라색 디저트,related,0.3,2026-05-26T11:02:57.061617+00:00,0,0,0,0,요즘님의블로그,"오디는 익을수록 붉은색에서 검<b>보라색</b>으로 짙어지는 뽕나무 열매입니다. 단맛과 산미가 함께 있어... 무설탕 <b>디저트</b> 대체 오디청 오디와 당류를 넣어 숙성 음료 베이스, 단맛 조절 필요 자주 묻는 질문 Q. 오디는... ","{""title"": ""오디 효능 총정리｜항산화 성분부터 혈관 건강, 혈당 관리... "", ""link"": ""https://blog.naver.com/qwer202603/224296876659"", ""description"": ""오디는 익을수록 붉은색에서 검<b>보라색</b>으로 짙어지는 뽕나무 열매입니다. 단맛과 산미가 함께 있어... 무설탕 <b>디저트</b> 대체 오디청 오디와 당류를 넣어 숙성 음료 베이스, 단맛 조절 필요 자주 묻는 질문 Q. 오디는... "", ""bloggername"": ""요즘님의블로그"", ""bloggerlink"": ""blog.naver.com/qwer202603"", ""postdate"": ""20260526""}"
우베,preset,보라색 디저트,GS 편의점 신상 <b>디저트</b> 리뷰,https://blog.naver.com/bethoumyvision91/224296866116,20260526,요즘 디저트계에서 은근 자주 보이는 “우베(Ube)”! 보라색 비주얼 때문에 SNS에서도 많이 보이길래... 총평 ✔ <b>보라색 디저트</b> 좋아하는 사람 ✔ 쿠앤크류 좋아하는 사람 ✔ SNS 감성 디저트 좋아하는 사람에게... ,watch and heal,blog.naver.com/bethoumyvision91,naver_blog,보라색 디저트,related,0.3,2026-05-26T11:02:57.061617+00:00,0,0,0,0,watch and heal,요즘 디저트계에서 은근 자주 보이는 “우베(Ube)”! 보라색 비주얼 때문에 SNS에서도 많이 보이길래... 총평 ✔ <b>보라색 디저트</b> 좋아하는 사람 ✔ 쿠앤크류 좋아하는 사람 ✔ SNS 감성 디저트 좋아하는 사람에게... ,"{""title"": ""GS 편의점 신상 <b>디저트</b> 리뷰"", ""link"": ""https://blog.naver.com/bethoumyvision91/224296866116"", ""description"": ""요즘 디저트계에서 은근 자주 보이는 “우베(Ube)”! 보라색 비주얼 때문에 SNS에서도 많이 보이길래... 총평 ✔ <b>보라색 디저트</b> 좋아하는 사람 ✔ 쿠앤크류 좋아하는 사람 ✔ SNS 감성 디저트 좋아하는 사람에게... "", ""bloggername"": ""watch and heal"", ""bloggerlink"": ""blog.naver.com/bethoumyvision91"", ""postdate"": ""20260526""}"
우베,preset,보라색 디저트,메리어트 호텔 애프터눈티 청아 프레스티지 티 세트 한식<b>디저트</b>,https://blog.naver.com/gksrudwjd/224293234372,20260526,전통 <b>디저트</b> 애프터눈티세트인 청아 프레스티지 티 세트가 있어서 당장 예약했어요. 대구 메리어트... 얼음이 <b>보라색</b>이라서 더 예뻐요~ 대구 메리어트 호텔 애프터눈티 청아 프레스티지 티 세트 정과는 도자기에... ,한검지 다이어리,blog.naver.com/gksrudwjd,naver_blog,보라색 디저트,related,0.3,2026-05-26T11:02:57.061617+00:00,0,0,0,0,한검지 다이어리,전통 <b>디저트</b> 애프터눈티세트인 청아 프레스티지 티 세트가 있어서 당장 예약했어요. 대구 메리어트... 얼음이 <b>보라색</b>이라서 더 예뻐요~ 대구 메리어트 호텔 애프터눈티 청아 프레스티지 티 세트 정과는 도자기에... ,"{""title"": ""메리어트 호텔 애프터눈티 청아 프레스티지 티 세트 한식<b>디저트</b>"", ""link"": ""https://blog.naver.com/gksrudwjd/224293234372"", ""description"": ""전통 <b>디저트</b> 애프터눈티세트인 청아 프레스티지 티 세트가 있어서 당장 예약했어요. 대구 메리어트... 얼음이 <b>보라색</b>이라서 더 예뻐요~ 대구 메리어트 호텔 애프터눈티 청아 프레스티지 티 세트 정과는 도자기에... "", ""bloggername"": ""한검지 다이어리"", ""bloggerlink"": ""blog.naver.com/gksrudwjd"", ""postdate"": ""20260526""}"
우베,preset,보라색 디저트,투썸 갔다가 우베 디카페인 라떼 먹어본 날,https://blog.naver.com/oaovcmuilo76218/224296845581,20260526,ㅎㅎ 원래 우베 들어간 <b>디저트</b>나 음료들 보면 <b>보라색</b> 비주얼 때문에 괜히 한번 먹어보고 싶어지더라고요. 이번 라떼도 색감이 딱 눈에 들어와서 사진부터 엄청 찍었어요. 맛은 생각보다 엄청 달기만 한 느낌은... ,하루 기록하기,blog.naver.com/oaovcmuilo76218,naver_blog,보라색 디저트,related,0.3,2026-05-26T11:02:57.061617+00:00,0,0,0,0,하루 기록하기,ㅎㅎ 원래 우베 들어간 <b>디저트</b>나 음료들 보면 <b>보라색</b> 비주얼 때문에 괜히 한번 먹어보고 싶어지더라고요. 이번 라떼도 색감이 딱 눈에 들어와서 사진부터 엄청 찍었어요. 맛은 생각보다 엄청 달기만 한 느낌은... ,"{""title"": ""투썸 갔다가 우베 디카페인 라떼 먹어본 날"", ""link"": ""https://blog.naver.com/oaovcmuilo76218/224296845581"", ""description"": ""ㅎㅎ 원래 우베 들어간 <b>디저트</b>나 음료들 보면 <b>보라색</b> 비주얼 때문에 괜히 한번 먹어보고 싶어지더라고요. 이번 라떼도 색감이 딱 눈에 들어와서 사진부터 엄청 찍었어요. 맛은 생각보다 엄청 달기만 한 느낌은... "", ""bloggername"": ""하루 기록하기"", ""bloggerlink"": ""blog.naver.com/oaovcmuilo76218"", ""postdate"": ""20260526""}"
우베,preset,보라색 디저트,여의도IFC몰카페 노티드 도넛 맛집 신상 우베,https://blog.naver.com/sayyo07/224296843001,20260526,속 <b>디저트</b>가게 느낌 너무 좋아요 ㅎ 매장은 제법 큰 편이고 충분히 어느 카페 못지 않게 자리가... ㅎㅎ 다소 어색한 <b>보라색</b> 비쥬얼도 어느새 너무 귀엽게 보이는.. 크리미안 도넛과 쫀쫀한 속이 가득한... ,아이 둘 키우는 부모의 여행·맛집·돈 이야기,blog.naver.com/sayyo07,naver_blog,보라색 디저트,related,0.3,2026-05-26T11:02:57.061617+00:00,0,0,0,0,아이 둘 키우는 부모의 여행·맛집·돈 이야기,속 <b>디저트</b>가게 느낌 너무 좋아요 ㅎ 매장은 제법 큰 편이고 충분히 어느 카페 못지 않게 자리가... ㅎㅎ 다소 어색한 <b>보라색</b> 비쥬얼도 어느새 너무 귀엽게 보이는.. 크리미안 도넛과 쫀쫀한 속이 가득한... ,"{""title"": ""여의도IFC몰카페 노티드 도넛 맛집 신상 우베"", ""link"": ""https://blog.naver.com/sayyo07/224296843001"", ""description"": ""속 <b>디저트</b>가게 느낌 너무 좋아요 ㅎ 매장은 제법 큰 편이고 충분히 어느 카페 못지 않게 자리가... ㅎㅎ 다소 어색한 <b>보라색</b> 비쥬얼도 어느새 너무 귀엽게 보이는.. 크리미안 도넛과 쫀쫀한 속이 가득한... "", ""bloggername"": ""아이 둘 키우는 부모의 여행·맛집·돈 이야기"", ""bloggerlink"": ""blog.naver.com/sayyo07"", ""postdate"": ""20260526""}"
우베,preset,보라색 디저트,"5월, 마실",https://blog.naver.com/redherstory/224296840281,20260526,"대추차, <b>디저트</b> 모두 good! 2층에서 바라본 전경 추 천 5월의 여왕이 장미였지! 장미를 위한 벙개! 오전의... 품종마다 다르겠지만, 큼직큼직한 장미가 미모 발산 중 <b>보라색</b>, 살구색 각자 이름이 있지만, 패스~ 친구... ",喜 雨 堂,blog.naver.com/redherstory,naver_blog,보라색 디저트,related,0.3,2026-05-26T11:02:57.061617+00:00,0,0,0,0,喜 雨 堂,"대추차, <b>디저트</b> 모두 good! 2층에서 바라본 전경 추 천 5월의 여왕이 장미였지! 장미를 위한 벙개! 오전의... 품종마다 다르겠지만, 큼직큼직한 장미가 미모 발산 중 <b>보라색</b>, 살구색 각자 이름이 있지만, 패스~ 친구... ","{""title"": ""5월, 마실"", ""link"": ""https://blog.naver.com/redherstory/224296840281"", ""description"": ""대추차, <b>디저트</b> 모두 good! 2층에서 바라본 전경 추 천 5월의 여왕이 장미였지! 장미를 위한 벙개! 오전의... 품종마다 다르겠지만, 큼직큼직한 장미가 미모 발산 중 <b>보라색</b>, 살구색 각자 이름이 있지만, 패스~ 친구... "", ""bloggername"": ""喜 雨 堂"", ""bloggerlink"": ""blog.naver.com/redherstory"", ""postdate"": ""20260526""}"
우베,preset,보라색 디저트,우베 맛 우베 뜻 | 우베라떼 타로 차이점이 뭐에요?,https://blog.naver.com/ballonballer/224296835559,20260526,"최근에는 필리핀 디저트 유행하면서 우베 디저트, 우베라떼, 우베 아이스크림까지 국내 카페에서도 메뉴가 확 늘었어요. 특히 SNS에서 “<b>보라색 디저트</b>” 감성으로 인기가 커진 분위기고요. 우베 뜻은 보라색... ",❤️알뜰살뜰 뚜뚱이네❤️,blog.naver.com/ballonballer,naver_blog,보라색 디저트,related,0.3,2026-05-26T11:02:57.061617+00:00,0,0,0,0,❤️알뜰살뜰 뚜뚱이네❤️,"최근에는 필리핀 디저트 유행하면서 우베 디저트, 우베라떼, 우베 아이스크림까지 국내 카페에서도 메뉴가 확 늘었어요. 특히 SNS에서 “<b>보라색 디저트</b>” 감성으로 인기가 커진 분위기고요. 우베 뜻은 보라색... ","{""title"": ""우베 맛 우베 뜻 | 우베라떼 타로 차이점이 뭐에요?"", ""link"": ""https://blog.naver.com/ballonballer/224296835559"", ""description"": ""최근에는 필리핀 디저트 유행하면서 우베 디저트, 우베라떼, 우베 아이스크림까지 국내 카페에서도 메뉴가 확 늘었어요. 특히 SNS에서 “<b>보라색 디저트</b>” 감성으로 인기가 커진 분위기고요. 우베 뜻은 보라색... "", ""bloggername"": ""❤️알뜰살뜰 뚜뚱이네❤️"", ""bloggerlink"": ""blog.naver.com/ballonballer"", ""postdate"": ""20260526""}"
우베,preset,보라색 디저트,"오디 효능, 혈당 걱정 많은 40대가 냉동실에 쟁이는 이유 3가지",https://blog.naver.com/healtylife_/224296829737,20260526,묘하게 <b>디저트</b> 욕심이 잠잠해지는 느낌이 있었습니다 2. 냉동 보관해도 맛이 크게 안 변합니다 오디는... 안토시아닌입니다 <b>보라색</b> 진한 과일들 이야기 나오면 꼭 등장하는 성분인데 눈 피로와 항산화 관련... ,오늘도 건강중,blog.naver.com/healtylife_,naver_blog,보라색 디저트,related,0.3,2026-05-26T11:02:57.061617+00:00,0,0,0,0,오늘도 건강중,묘하게 <b>디저트</b> 욕심이 잠잠해지는 느낌이 있었습니다 2. 냉동 보관해도 맛이 크게 안 변합니다 오디는... 안토시아닌입니다 <b>보라색</b> 진한 과일들 이야기 나오면 꼭 등장하는 성분인데 눈 피로와 항산화 관련... ,"{""title"": ""오디 효능, 혈당 걱정 많은 40대가 냉동실에 쟁이는 이유 3가지"", ""link"": ""https://blog.naver.com/healtylife_/224296829737"", ""description"": ""묘하게 <b>디저트</b> 욕심이 잠잠해지는 느낌이 있었습니다 2. 냉동 보관해도 맛이 크게 안 변합니다 오디는... 안토시아닌입니다 <b>보라색</b> 진한 과일들 이야기 나오면 꼭 등장하는 성분인데 눈 피로와 항산화 관련... "", ""bloggername"": ""오늘도 건강중"", ""bloggerlink"": ""blog.naver.com/healtylife_"", ""postdate"": ""20260526""}"
우베,preset,보라색 디저트,5월은 may죠 mayday는 도와달라는 뜻입니다 5월의 나를... ,https://blog.naver.com/angseo_04/224296814354,20260526,엄마가 <b>보라색</b> 좋아해서 <b>보라색</b>만 사오심 그러면 이제 우리 엄마 아 또 사왓어 ;;  하면서 꽃병에... 커스타드크림 + <b>디저트</b> 느낌이 낭낭햇슨  맛잇엇더 .... ♥ 글구 리뷰쓰고 받는데 가연이가 현숙이도 무아지경... ,˚ʚ｡･-･｡ɞ˚,blog.naver.com/angseo_04,naver_blog,보라색 디저트,related,0.3,2026-05-26T11:02:57.061617+00:00,0,0,0,0,˚ʚ｡･-･｡ɞ˚,엄마가 <b>보라색</b> 좋아해서 <b>보라색</b>만 사오심 그러면 이제 우리 엄마 아 또 사왓어 ;;  하면서 꽃병에... 커스타드크림 + <b>디저트</b> 느낌이 낭낭햇슨  맛잇엇더 .... ♥ 글구 리뷰쓰고 받는데 가연이가 현숙이도 무아지경... ,"{""title"": ""5월은 may죠 mayday는 도와달라는 뜻입니다 5월의 나를... "", ""link"": ""https://blog.naver.com/angseo_04/224296814354"", ""description"": ""엄마가 <b>보라색</b> 좋아해서 <b>보라색</b>만 사오심 그러면 이제 우리 엄마 아 또 사왓어 ;;  하면서 꽃병에... 커스타드크림 + <b>디저트</b> 느낌이 낭낭햇슨  맛잇엇더 .... ♥ 글구 리뷰쓰고 받는데 가연이가 현숙이도 무아지경... "", ""bloggername"": ""˚ʚ｡･-･｡ɞ˚"", ""bloggerlink"": ""blog.naver.com/angseo_04"", ""postdate"": ""20260526""}"
우베,preset,보라색 디저트,[음식]cu신제품♡ 우베 브리오슈번,https://blog.naver.com/megablack788/224296810814,20260526,찐 <b>보라색</b>이라 맛있어보여요! 쿠키슈는 얇게 올라가있고 빵하고 굉장히 잘어울려요 빵자체는... 브리오슈번 #쿠키슈 #우베쿠키 #폭신빵 #편의점 #CU #빵 #빵추천 #<b>디저트</b> #리뷰 #먹깨비 #맛집 #맛도리 #제빵,행복일기,blog.naver.com/megablack788,naver_blog,보라색 디저트,related,0.3,2026-05-26T11:02:57.061617+00:00,0,0,0,0,행복일기,찐 <b>보라색</b>이라 맛있어보여요! 쿠키슈는 얇게 올라가있고 빵하고 굉장히 잘어울려요 빵자체는... 브리오슈번 #쿠키슈 #우베쿠키 #폭신빵 #편의점 #CU #빵 #빵추천 #<b>디저트</b> #리뷰 #먹깨비 #맛집 #맛도리 #제빵,"{""title"": ""[음식]cu신제품♡ 우베 브리오슈번"", ""link"": ""https://blog.naver.com/megablack788/224296810814"", ""description"": ""찐 <b>보라색</b>이라 맛있어보여요! 쿠키슈는 얇게 올라가있고 빵하고 굉장히 잘어울려요 빵자체는... 브리오슈번 #쿠키슈 #우베쿠키 #폭신빵 #편의점 #CU #빵 #빵추천 #<b>디저트</b> #리뷰 #먹깨비 #맛집 #맛도리 #제빵"", ""bloggername"": ""행복일기"", ""bloggerlink"": ""blog.naver.com/megablack788"", ""postdate"": ""20260526""}"
우베,preset,보라색 디저트,[도쿄 ] 니혼바시 코레도 무로마치 베이커리 맛집... ,https://blog.naver.com/megush08/224296796540,20260526,"쇼핑하다가 출출할 때, 혹은 맛있는 <b>디저트</b>와 함께 잠깐의 휴식이 필요할 때 들르시면 딱 좋아요 도쿄... 부드럽고 담백한 빵 사이에 아삭아삭 신선한 야채와 <b>보라색</b> 적양배추가 듬뿍 들어가 있어서... ",낯선도시속에서,blog.naver.com/megush08,naver_blog,보라색 디저트,related,0.3,2026-05-26T11:02:57.061617+00:00,0,0,0,0,낯선도시속에서,"쇼핑하다가 출출할 때, 혹은 맛있는 <b>디저트</b>와 함께 잠깐의 휴식이 필요할 때 들르시면 딱 좋아요 도쿄... 부드럽고 담백한 빵 사이에 아삭아삭 신선한 야채와 <b>보라색</b> 적양배추가 듬뿍 들어가 있어서... ","{""title"": ""[도쿄 ] 니혼바시 코레도 무로마치 베이커리 맛집... "", ""link"": ""https://blog.naver.com/megush08/224296796540"", ""description"": ""쇼핑하다가 출출할 때, 혹은 맛있는 <b>디저트</b>와 함께 잠깐의 휴식이 필요할 때 들르시면 딱 좋아요 도쿄... 부드럽고 담백한 빵 사이에 아삭아삭 신선한 야채와 <b>보라색</b> 적양배추가 듬뿍 들어가 있어서... "", ""bloggername"": ""낯선도시속에서"", ""bloggerlink"": ""blog.naver.com/megush08"", ""postdate"": ""20260526""}"
우베,preset,보라색 디저트,우베 효능 및 뜻 타로와의 차이점까지 한눈에 보기,https://blog.naver.com/flagging_/224296726276,20260526,자주 묻는 질문 (FAQ) 최근 글로벌 글로벌 미식 트렌드와 국내 <b>디저트</b> 업계를 중심으로 독특한 <b>보라색</b> 빛깔을 띠는 매혹적인 식재료가 큰 주목을 받고 있습니다. 각종 소셜 미디어나 고급 베이커리 매장에서... ,FLAGGING_,blog.naver.com/flagging_,naver_blog,보라색 디저트,related,0.3,2026-05-26T11:02:57.061617+00:00,0,0,0,0,FLAGGING_,자주 묻는 질문 (FAQ) 최근 글로벌 글로벌 미식 트렌드와 국내 <b>디저트</b> 업계를 중심으로 독특한 <b>보라색</b> 빛깔을 띠는 매혹적인 식재료가 큰 주목을 받고 있습니다. 각종 소셜 미디어나 고급 베이커리 매장에서... ,"{""title"": ""우베 효능 및 뜻 타로와의 차이점까지 한눈에 보기"", ""link"": ""https://blog.naver.com/flagging_/224296726276"", ""description"": ""자주 묻는 질문 (FAQ) 최근 글로벌 글로벌 미식 트렌드와 국내 <b>디저트</b> 업계를 중심으로 독특한 <b>보라색</b> 빛깔을 띠는 매혹적인 식재료가 큰 주목을 받고 있습니다. 각종 소셜 미디어나 고급 베이커리 매장에서... "", ""bloggername"": ""FLAGGING_"", ""bloggerlink"": ""blog.naver.com/flagging_"", ""postdate"": ""20260526""}"
우베,preset,보라색 디저트,[대부도 맛집] 대부도에서 꼭 먹고와야하는 찐 포도맛... ,https://blog.naver.com/sanssrim/224296735630,20260526,만든 <b>디저트</b> 먹어야해요 그 중에서도 유일무이한 포도 <b>디저트</b> 가게 바로 &quot;대부도 포도빵&quot;입니다 음료수... 카스테라피도 <b>보라색</b> 너무 기대가 되는데요 <b>보라색</b> 카스테라 안에 <b>보라색</b> 포도크림을 넣다니 사장님... ,산쓰림의 리뷰FOREST,blog.naver.com/sanssrim,naver_blog,보라색 디저트,related,0.3,2026-05-26T11:02:57.061617+00:00,0,0,0,0,산쓰림의 리뷰FOREST,만든 <b>디저트</b> 먹어야해요 그 중에서도 유일무이한 포도 <b>디저트</b> 가게 바로 &quot;대부도 포도빵&quot;입니다 음료수... 카스테라피도 <b>보라색</b> 너무 기대가 되는데요 <b>보라색</b> 카스테라 안에 <b>보라색</b> 포도크림을 넣다니 사장님... ,"{""title"": ""[대부도 맛집] 대부도에서 꼭 먹고와야하는 찐 포도맛... "", ""link"": ""https://blog.naver.com/sanssrim/224296735630"", ""description"": ""만든 <b>디저트</b> 먹어야해요 그 중에서도 유일무이한 포도 <b>디저트</b> 가게 바로 &quot;대부도 포도빵&quot;입니다 음료수... 카스테라피도 <b>보라색</b> 너무 기대가 되는데요 <b>보라색</b> 카스테라 안에 <b>보라색</b> 포도크림을 넣다니 사장님... "", ""bloggername"": ""산쓰림의 리뷰FOREST"", ""bloggerlink"": ""blog.naver.com/sanssrim"", ""postdate"": ""20260526""}"
우베,preset,보라색 디저트,아싸가 왜 이렇게 많이 나가요?,https://blog.naver.com/s2kumarei/224296770500,20260526,단데 짠 <b>디저트</b>를 조아해요. 그리고 드라이브 하면서 멋진 풍경들을 잔뜩 봤다.  산세랑 바다랑... <b>보라색</b> 꽃만 보면 왜 이렇게 이뻐 보이는지 모르겠다!!! 컴포즈 버터떡이 더 맛있는데 품절 이슈료 메가 버터떡을... ,ଘ꒰ྀི ◡ ˶ິ ◡ ྀི꒱,blog.naver.com/s2kumarei,naver_blog,보라색 디저트,related,0.3,2026-05-26T11:02:57.061617+00:00,0,0,0,0,ଘ꒰ྀི ◡ ˶ິ ◡ ྀི꒱,단데 짠 <b>디저트</b>를 조아해요. 그리고 드라이브 하면서 멋진 풍경들을 잔뜩 봤다.  산세랑 바다랑... <b>보라색</b> 꽃만 보면 왜 이렇게 이뻐 보이는지 모르겠다!!! 컴포즈 버터떡이 더 맛있는데 품절 이슈료 메가 버터떡을... ,"{""title"": ""아싸가 왜 이렇게 많이 나가요?"", ""link"": ""https://blog.naver.com/s2kumarei/224296770500"", ""description"": ""단데 짠 <b>디저트</b>를 조아해요. 그리고 드라이브 하면서 멋진 풍경들을 잔뜩 봤다.  산세랑 바다랑... <b>보라색</b> 꽃만 보면 왜 이렇게 이뻐 보이는지 모르겠다!!! 컴포즈 버터떡이 더 맛있는데 품절 이슈료 메가 버터떡을... "", ""bloggername"": ""ଘ꒰ྀི ◡ ˶ິ ◡ ྀི꒱"", ""bloggerlink"": ""blog.naver.com/s2kumarei"", ""postdate"": ""20260526""}"
우베,preset,보라색 디저트,노티드 도넛 우베 신세계백화점 동대구역카페,https://blog.naver.com/haman-josh/224296752793,20260526,이번에 나온 우베 시그니처 메뉴는 시즌 한정이긴 한데 보기만 해도 <b>보라색</b> 컬러가 예뻤음..! 우베는 필리핀에서 나오는 자색 고구마 참마 종류로 고소하면서 은은한 단맛이 있어서 현지에서도 <b>디저트</b>나 스무디... ,동남아 어푸어푸,blog.naver.com/haman-josh,naver_blog,보라색 디저트,related,0.3,2026-05-26T11:02:57.061617+00:00,0,0,0,0,동남아 어푸어푸,이번에 나온 우베 시그니처 메뉴는 시즌 한정이긴 한데 보기만 해도 <b>보라색</b> 컬러가 예뻤음..! 우베는 필리핀에서 나오는 자색 고구마 참마 종류로 고소하면서 은은한 단맛이 있어서 현지에서도 <b>디저트</b>나 스무디... ,"{""title"": ""노티드 도넛 우베 신세계백화점 동대구역카페"", ""link"": ""https://blog.naver.com/haman-josh/224296752793"", ""description"": ""이번에 나온 우베 시그니처 메뉴는 시즌 한정이긴 한데 보기만 해도 <b>보라색</b> 컬러가 예뻤음..! 우베는 필리핀에서 나오는 자색 고구마 참마 종류로 고소하면서 은은한 단맛이 있어서 현지에서도 <b>디저트</b>나 스무디... "", ""bloggername"": ""동남아 어푸어푸"", ""bloggerlink"": ""blog.naver.com/haman-josh"", ""postdate"": ""20260526""}"
우베,preset,보라색 디저트,[대만 타이베이] 중산 카페 거리 갔다가 양산 사고 황지아훠궈... ,https://blog.naver.com/dragparachute/224296745250,20260526,꼭 <b>보라색</b> 급행을 타시오 토큰은 한국에서 미리 사 가서 수령했는데 가서 사는 것보다 조금 더 싸긴 함... 리필이고 <b>디저트</b>랑 과일이랑 하겐다즈까지 엄청 다양하다 현지인들은 해산물을 진짜 개쌓아 놓고... ,블로그,blog.naver.com/dragparachute,naver_blog,보라색 디저트,related,0.3,2026-05-26T11:02:57.061617+00:00,0,0,0,0,블로그,꼭 <b>보라색</b> 급행을 타시오 토큰은 한국에서 미리 사 가서 수령했는데 가서 사는 것보다 조금 더 싸긴 함... 리필이고 <b>디저트</b>랑 과일이랑 하겐다즈까지 엄청 다양하다 현지인들은 해산물을 진짜 개쌓아 놓고... ,"{""title"": ""[대만 타이베이] 중산 카페 거리 갔다가 양산 사고 황지아훠궈... "", ""link"": ""https://blog.naver.com/dragparachute/224296745250"", ""description"": ""꼭 <b>보라색</b> 급행을 타시오 토큰은 한국에서 미리 사 가서 수령했는데 가서 사는 것보다 조금 더 싸긴 함... 리필이고 <b>디저트</b>랑 과일이랑 하겐다즈까지 엄청 다양하다 현지인들은 해산물을 진짜 개쌓아 놓고... "", ""bloggername"": ""블로그"", ""bloggerlink"": ""blog.naver.com/dragparachute"", ""postdate"": ""20260526""}"
우베,preset,보라색 디저트,춘천 카페 추천 &lt;브와베르&gt;,https://blog.naver.com/potato9627/224296724304,20260526,꽃이랑 <b>보라색</b> 꽃이 마당에 많이 피어있었습니당~~ 주문하러 카페 들어가는 길에 있는 관상용 수영장... 옆에 케이크나 <b>디저트</b>들이 진열되어있고 미리 예약하시면 에프터눈티세트도 판매하고 계세용!!! 다른... ,감자나라 BLOG,blog.naver.com/potato9627,naver_blog,보라색 디저트,related,0.3,2026-05-26T11:02:57.061617+00:00,0,0,0,0,감자나라 BLOG,꽃이랑 <b>보라색</b> 꽃이 마당에 많이 피어있었습니당~~ 주문하러 카페 들어가는 길에 있는 관상용 수영장... 옆에 케이크나 <b>디저트</b>들이 진열되어있고 미리 예약하시면 에프터눈티세트도 판매하고 계세용!!! 다른... ,"{""title"": ""춘천 카페 추천 &lt;브와베르&gt;"", ""link"": ""https://blog.naver.com/potato9627/224296724304"", ""description"": ""꽃이랑 <b>보라색</b> 꽃이 마당에 많이 피어있었습니당~~ 주문하러 카페 들어가는 길에 있는 관상용 수영장... 옆에 케이크나 <b>디저트</b>들이 진열되어있고 미리 예약하시면 에프터눈티세트도 판매하고 계세용!!! 다른... "", ""bloggername"": ""감자나라 BLOG"", ""bloggerlink"": ""blog.naver.com/potato9627"", ""postdate"": ""20260526""}"
우베,preset,보라색 디저트,"파리 미슐랭 3스타, Le Cinq에서 경험한 프렌치 파인다이닝... ",https://blog.naver.com/norahmonde/224296716225,20260526,"숯빛 크래커 위 진초록 허브 무스, 가는 옥수수 튀일에 감싼 캐비어 한 줄, <b>보라색</b> 꽃잎이 얹힌... 치즈 카트 <b>디저트</b> 전, 직원이 거대한 치즈 카트를 테이블 옆까지 밀고 와요. 유리 클로슈 아래 놓인... ",norahtable,blog.naver.com/norahmonde,naver_blog,보라색 디저트,related,0.3,2026-05-26T11:02:57.061617+00:00,0,0,0,0,norahtable,"숯빛 크래커 위 진초록 허브 무스, 가는 옥수수 튀일에 감싼 캐비어 한 줄, <b>보라색</b> 꽃잎이 얹힌... 치즈 카트 <b>디저트</b> 전, 직원이 거대한 치즈 카트를 테이블 옆까지 밀고 와요. 유리 클로슈 아래 놓인... ","{""title"": ""파리 미슐랭 3스타, Le Cinq에서 경험한 프렌치 파인다이닝... "", ""link"": ""https://blog.naver.com/norahmonde/224296716225"", ""description"": ""숯빛 크래커 위 진초록 허브 무스, 가는 옥수수 튀일에 감싼 캐비어 한 줄, <b>보라색</b> 꽃잎이 얹힌... 치즈 카트 <b>디저트</b> 전, 직원이 거대한 치즈 카트를 테이블 옆까지 밀고 와요. 유리 클로슈 아래 놓인... "", ""bloggername"": ""norahtable"", ""bloggerlink"": ""blog.naver.com/norahmonde"", ""postdate"": ""20260526""}"
우베,preset,보라색 디저트,우베 처음 들어보셨나요 SNS <b>보라색</b> 음식의 정체 공개합니다,https://blog.naver.com/jcrew7/224296715834,20260526,"필리핀에서는 수백 년 전부터 전통 <b>디저트</b> 재료로 사용해 온 식재료이며, 겉모습은 일반 고구마나 토란과 비슷하지만, 자른 단면이 선명한 <b>보라색</b>을 띠는 것이 특징입니다. 그 색감이 워낙 강렬해서, 요리에... ",수혜커플 블로그: ),blog.naver.com/jcrew7,naver_blog,보라색 디저트,related,0.3,2026-05-26T11:02:57.061617+00:00,0,0,0,0,수혜커플 블로그: ),"필리핀에서는 수백 년 전부터 전통 <b>디저트</b> 재료로 사용해 온 식재료이며, 겉모습은 일반 고구마나 토란과 비슷하지만, 자른 단면이 선명한 <b>보라색</b>을 띠는 것이 특징입니다. 그 색감이 워낙 강렬해서, 요리에... ","{""title"": ""우베 처음 들어보셨나요 SNS <b>보라색</b> 음식의 정체 공개합니다"", ""link"": ""https://blog.naver.com/jcrew7/224296715834"", ""description"": ""필리핀에서는 수백 년 전부터 전통 <b>디저트</b> 재료로 사용해 온 식재료이며, 겉모습은 일반 고구마나 토란과 비슷하지만, 자른 단면이 선명한 <b>보라색</b>을 띠는 것이 특징입니다. 그 색감이 워낙 강렬해서, 요리에... "", ""bloggername"": ""수혜커플 블로그: )"", ""bloggerlink"": ""blog.naver.com/jcrew7"", ""postdate"": ""20260526""}"
우베,preset,보라색 디저트,우베크림빵 칼로리 당류 가격 후기 우베 뜻 우베 <b>디저트</b>,https://blog.naver.com/jyckkkkk/224296714104,20260526,몇 번 맛 본 우베 <b>디저트</b>들이 입맛에 맞아 오랫만에 연세우유 크림빵을 구매해봤는데 맛있게 잘 먹어서... <b>보라색</b> 우베크림 사이에 생크림이 가득 들어있다. 이제 그냥 들어간 내용물만 동일하면 비율은... ,또보리와 함께 하는 기록 리뷰 생활,blog.naver.com/jyckkkkk,naver_blog,보라색 디저트,related,0.3,2026-05-26T11:02:57.061617+00:00,0,0,0,0,또보리와 함께 하는 기록 리뷰 생활,몇 번 맛 본 우베 <b>디저트</b>들이 입맛에 맞아 오랫만에 연세우유 크림빵을 구매해봤는데 맛있게 잘 먹어서... <b>보라색</b> 우베크림 사이에 생크림이 가득 들어있다. 이제 그냥 들어간 내용물만 동일하면 비율은... ,"{""title"": ""우베크림빵 칼로리 당류 가격 후기 우베 뜻 우베 <b>디저트</b>"", ""link"": ""https://blog.naver.com/jyckkkkk/224296714104"", ""description"": ""몇 번 맛 본 우베 <b>디저트</b>들이 입맛에 맞아 오랫만에 연세우유 크림빵을 구매해봤는데 맛있게 잘 먹어서... <b>보라색</b> 우베크림 사이에 생크림이 가득 들어있다. 이제 그냥 들어간 내용물만 동일하면 비율은... "", ""bloggername"": ""또보리와 함께 하는 기록 리뷰 생활"", ""bloggerlink"": ""blog.naver.com/jyckkkkk"", ""postdate"": ""20260526""}"
우베,preset,보라색 디저트,<b>디저트</b>39 메뉴 추천 양즈깐루 컵빙수 우베 컵빙수 맛집 후기,https://blog.naver.com/pyask0702/224296701795,20260526,"작년에 <b>디저트</b>39 컵빙수를 제일 맛있게 먹었던 기억이 있어서 올해도 디삼구 컵빙수 먹으러... <b>보라색</b>의 사랑스러운 빛깔의 우베 얼음 위에 팥과 인절미, 코코넛 분태가 넉넉하게 올라가 있었답니다 윗부분... ",슬기냥이네 놀이터,blog.naver.com/pyask0702,naver_blog,보라색 디저트,related,0.3,2026-05-26T11:02:57.061617+00:00,0,0,0,0,슬기냥이네 놀이터,"작년에 <b>디저트</b>39 컵빙수를 제일 맛있게 먹었던 기억이 있어서 올해도 디삼구 컵빙수 먹으러... <b>보라색</b>의 사랑스러운 빛깔의 우베 얼음 위에 팥과 인절미, 코코넛 분태가 넉넉하게 올라가 있었답니다 윗부분... ","{""title"": ""<b>디저트</b>39 메뉴 추천 양즈깐루 컵빙수 우베 컵빙수 맛집 후기"", ""link"": ""https://blog.naver.com/pyask0702/224296701795"", ""description"": ""작년에 <b>디저트</b>39 컵빙수를 제일 맛있게 먹었던 기억이 있어서 올해도 디삼구 컵빙수 먹으러... <b>보라색</b>의 사랑스러운 빛깔의 우베 얼음 위에 팥과 인절미, 코코넛 분태가 넉넉하게 올라가 있었답니다 윗부분... "", ""bloggername"": ""슬기냥이네 놀이터"", ""bloggerlink"": ""blog.naver.com/pyask0702"", ""postdate"": ""20260526""}"
우베,preset,보라색 디저트,압구정카페 메종드구르메 신상 우베라떼 휘낭시에 후기,https://blog.naver.com/hyaneees2/224296695175,20260526,요즘 뜨고 있는 필리핀의 <b>보라색</b> 마인 우베를 이용한 우베라떼와 우베 코코넛 펄 레이어드가 있어서... 음료와 <b>디저트</b>를 맛볼 수 있었어요! 우베가 궁금하셨다면 맛있는 우베라떼 맛볼 수 있는 메종드구르메를... ,유뿌로그,blog.naver.com/hyaneees2,naver_blog,보라색 디저트,related,0.3,2026-05-26T11:02:57.061617+00:00,0,0,0,0,유뿌로그,요즘 뜨고 있는 필리핀의 <b>보라색</b> 마인 우베를 이용한 우베라떼와 우베 코코넛 펄 레이어드가 있어서... 음료와 <b>디저트</b>를 맛볼 수 있었어요! 우베가 궁금하셨다면 맛있는 우베라떼 맛볼 수 있는 메종드구르메를... ,"{""title"": ""압구정카페 메종드구르메 신상 우베라떼 휘낭시에 후기"", ""link"": ""https://blog.naver.com/hyaneees2/224296695175"", ""description"": ""요즘 뜨고 있는 필리핀의 <b>보라색</b> 마인 우베를 이용한 우베라떼와 우베 코코넛 펄 레이어드가 있어서... 음료와 <b>디저트</b>를 맛볼 수 있었어요! 우베가 궁금하셨다면 맛있는 우베라떼 맛볼 수 있는 메종드구르메를... "", ""bloggername"": ""유뿌로그"", ""bloggerlink"": ""blog.naver.com/hyaneees2"", ""postdate"": ""20260526""}"
우베,preset,보라색 디저트,고창 가볼만한 곳 ｜청농원 라벤더 축제 5월 23일 실시간 개화... ,https://blog.naver.com/wander0311/224296198726,20260526,"토끼 귀처럼 쫑긋하게 생긴 귀여운 <b>보라색</b> 꽃들이 올라와 있어서, 이곳에서는 아기자기하고 예쁜... 하지만 고창 청농원이 가진 푸른 숲과 아름다운 풍경, 맛있는 라벤더 <b>디저트</b> 덕분에 주말 나들이로는... ",WanderNote_25,blog.naver.com/wander0311,naver_blog,보라색 디저트,related,0.3,2026-05-26T11:02:57.061617+00:00,0,0,0,0,WanderNote_25,"토끼 귀처럼 쫑긋하게 생긴 귀여운 <b>보라색</b> 꽃들이 올라와 있어서, 이곳에서는 아기자기하고 예쁜... 하지만 고창 청농원이 가진 푸른 숲과 아름다운 풍경, 맛있는 라벤더 <b>디저트</b> 덕분에 주말 나들이로는... ","{""title"": ""고창 가볼만한 곳 ｜청농원 라벤더 축제 5월 23일 실시간 개화... "", ""link"": ""https://blog.naver.com/wander0311/224296198726"", ""description"": ""토끼 귀처럼 쫑긋하게 생긴 귀여운 <b>보라색</b> 꽃들이 올라와 있어서, 이곳에서는 아기자기하고 예쁜... 하지만 고창 청농원이 가진 푸른 숲과 아름다운 풍경, 맛있는 라벤더 <b>디저트</b> 덕분에 주말 나들이로는... "", ""bloggername"": ""WanderNote_25"", ""bloggerlink"": ""blog.naver.com/wander0311"", ""postdate"": ""20260526""}"
우베,preset,보라색 디저트,"[해운대] 카페 알마, 마린시티 광안대교 뷰 카페 부산 유럽 감성... ",https://blog.naver.com/40075k_m_/224296098923,20260526,분위기·뷰·<b>디저트</b> 모두 만족도 높은 마린시티 대표 카페 ️ 주차 해운대 아이파크 상가 주차장 음료... 지하 1층 <b>보라색</b> R구역이 상가 전용 주차구역이에요. 웨이팅 &amp; 예약 방법 마린시티 카페 알마는... ,한양에서 LA까지,blog.naver.com/40075k_m_,naver_blog,보라색 디저트,related,0.3,2026-05-26T11:02:57.061617+00:00,0,0,0,0,한양에서 LA까지,분위기·뷰·<b>디저트</b> 모두 만족도 높은 마린시티 대표 카페 ️ 주차 해운대 아이파크 상가 주차장 음료... 지하 1층 <b>보라색</b> R구역이 상가 전용 주차구역이에요. 웨이팅 &amp; 예약 방법 마린시티 카페 알마는... ,"{""title"": ""[해운대] 카페 알마, 마린시티 광안대교 뷰 카페 부산 유럽 감성... "", ""link"": ""https://blog.naver.com/40075k_m_/224296098923"", ""description"": ""분위기·뷰·<b>디저트</b> 모두 만족도 높은 마린시티 대표 카페 ️ 주차 해운대 아이파크 상가 주차장 음료... 지하 1층 <b>보라색</b> R구역이 상가 전용 주차구역이에요. 웨이팅 &amp; 예약 방법 마린시티 카페 알마는... "", ""bloggername"": ""한양에서 LA까지"", ""bloggerlink"": ""blog.naver.com/40075k_m_"", ""postdate"": ""20260526""}"
우베,preset,보라색 디저트,별내 카페 추천 더벤티 이천쌀비빔마빙 빙수 후기,https://blog.naver.com/jinjini7/224296680205,20260526,"커피나 음료, <b>디저트</b> 구매 시 활용할 수 있어 일상 소비 안에서 부담을 줄이기 좋죠. 3. 가성비 커피... 더벤티 하면 떠오르는 시그니처 컬러인 <b>보라색</b> 인테리어가 눈에 확 들어옵니다. 외관부터 내부까지 퍼플... ",찌니의 일기장,blog.naver.com/jinjini7,naver_blog,보라색 디저트,related,0.3,2026-05-26T11:02:57.061617+00:00,0,0,0,0,찌니의 일기장,"커피나 음료, <b>디저트</b> 구매 시 활용할 수 있어 일상 소비 안에서 부담을 줄이기 좋죠. 3. 가성비 커피... 더벤티 하면 떠오르는 시그니처 컬러인 <b>보라색</b> 인테리어가 눈에 확 들어옵니다. 외관부터 내부까지 퍼플... ","{""title"": ""별내 카페 추천 더벤티 이천쌀비빔마빙 빙수 후기"", ""link"": ""https://blog.naver.com/jinjini7/224296680205"", ""description"": ""커피나 음료, <b>디저트</b> 구매 시 활용할 수 있어 일상 소비 안에서 부담을 줄이기 좋죠. 3. 가성비 커피... 더벤티 하면 떠오르는 시그니처 컬러인 <b>보라색</b> 인테리어가 눈에 확 들어옵니다. 외관부터 내부까지 퍼플... "", ""bloggername"": ""찌니의 일기장"", ""bloggerlink"": ""blog.naver.com/jinjini7"", ""postdate"": ""20260526""}"
우베,preset,보라색 디저트,빽다방 신메뉴 우베 라떼 아이스크림 시리즈 맛 후기,https://blog.naver.com/memory_mj0329/224296678013,20260526,필리핀 <b>디저트</b>에 자주 쓰이는 재료라고 하는데 색이 진한 <b>보라색</b>이라 음료나 <b>디저트</b>로 만들면 비주얼이 진짜 예쁘더라고요. 많이들 타로랑 비슷하게 느끼는데 우베랑 타로는 엄밀히 말하면 다른 재료예요.... ,먼지순감자,blog.naver.com/memory_mj0329,naver_blog,보라색 디저트,related,0.3,2026-05-26T11:02:57.061617+00:00,0,0,0,0,먼지순감자,필리핀 <b>디저트</b>에 자주 쓰이는 재료라고 하는데 색이 진한 <b>보라색</b>이라 음료나 <b>디저트</b>로 만들면 비주얼이 진짜 예쁘더라고요. 많이들 타로랑 비슷하게 느끼는데 우베랑 타로는 엄밀히 말하면 다른 재료예요.... ,"{""title"": ""빽다방 신메뉴 우베 라떼 아이스크림 시리즈 맛 후기"", ""link"": ""https://blog.naver.com/memory_mj0329/224296678013"", ""description"": ""필리핀 <b>디저트</b>에 자주 쓰이는 재료라고 하는데 색이 진한 <b>보라색</b>이라 음료나 <b>디저트</b>로 만들면 비주얼이 진짜 예쁘더라고요. 많이들 타로랑 비슷하게 느끼는데 우베랑 타로는 엄밀히 말하면 다른 재료예요.... "", ""bloggername"": ""먼지순감자"", ""bloggerlink"": ""blog.naver.com/memory_mj0329"", ""postdate"": ""20260526""}"
우베,preset,보라색 디저트,대전 죽동 카페 룩흐브로트 <b>디저트</b> 맛집의 마카롱과 우베라떼,https://blog.naver.com/tear0912/224296676751,20260526,룩흐브로트 외관 대전 <b>디저트</b>카페 룩흐브로트는 죽동에 위치하고 있는데 충대 서문 쪽 죽동 아니고... 맛있는 건 영상으로도~ 너무너무 궁금했던 우베라떼는 <b>보라색</b> 참마로 제조해서 색상이 정말 예뻤다... ,Yuniverse Log 유니버스로그,blog.naver.com/tear0912,naver_blog,보라색 디저트,related,0.3,2026-05-26T11:02:57.061617+00:00,0,0,0,0,Yuniverse Log 유니버스로그,룩흐브로트 외관 대전 <b>디저트</b>카페 룩흐브로트는 죽동에 위치하고 있는데 충대 서문 쪽 죽동 아니고... 맛있는 건 영상으로도~ 너무너무 궁금했던 우베라떼는 <b>보라색</b> 참마로 제조해서 색상이 정말 예뻤다... ,"{""title"": ""대전 죽동 카페 룩흐브로트 <b>디저트</b> 맛집의 마카롱과 우베라떼"", ""link"": ""https://blog.naver.com/tear0912/224296676751"", ""description"": ""룩흐브로트 외관 대전 <b>디저트</b>카페 룩흐브로트는 죽동에 위치하고 있는데 충대 서문 쪽 죽동 아니고... 맛있는 건 영상으로도~ 너무너무 궁금했던 우베라떼는 <b>보라색</b> 참마로 제조해서 색상이 정말 예뻤다... "", ""bloggername"": ""Yuniverse Log 유니버스로그"", ""bloggerlink"": ""blog.naver.com/tear0912"", ""postdate"": ""20260526""}"
우베,preset,보라색 디저트,초여름 하코네 여행: 수국 등산열차 코스부터 현지인 온천... ,https://blog.naver.com/jpcurator/224296127171,20260526,"파랗고 <b>보라색</b>인 수국이 흐드러지게 피어나서 아지사이 전차라는 예쁜 애칭으로 불린답니다. 차창에... 계절 한정으로 판매하는 차와 <b>디저트</b>를 맛보며 뷰를 감상할 수 있는데, 자리 경쟁이 정말 치열하거든요.... ",일본 큐레이션,blog.naver.com/jpcurator,naver_blog,보라색 디저트,related,0.3,2026-05-26T11:02:57.061617+00:00,0,0,0,0,일본 큐레이션,"파랗고 <b>보라색</b>인 수국이 흐드러지게 피어나서 아지사이 전차라는 예쁜 애칭으로 불린답니다. 차창에... 계절 한정으로 판매하는 차와 <b>디저트</b>를 맛보며 뷰를 감상할 수 있는데, 자리 경쟁이 정말 치열하거든요.... ","{""title"": ""초여름 하코네 여행: 수국 등산열차 코스부터 현지인 온천... "", ""link"": ""https://blog.naver.com/jpcurator/224296127171"", ""description"": ""파랗고 <b>보라색</b>인 수국이 흐드러지게 피어나서 아지사이 전차라는 예쁜 애칭으로 불린답니다. 차창에... 계절 한정으로 판매하는 차와 <b>디저트</b>를 맛보며 뷰를 감상할 수 있는데, 자리 경쟁이 정말 치열하거든요.... "", ""bloggername"": ""일본 큐레이션"", ""bloggerlink"": ""blog.naver.com/jpcurator"", ""postdate"": ""20260526""}"
우베,preset,보라색 디저트,여름철 보약이 따로 있을까? 블루베리 효능 5가지와 여름에... ,https://blog.naver.com/metaph_official/224296669609,20260526,"블루베리는 <b>보라색</b> 색소 성분인 안토시아닌과 비타민, 식이섬유, 다양한 항산화 물질이 풍부한 작은... 여름 제철 과일 중에서도 비교적 부담 없이 활용 가능한 편이라 아침 식사, 간식, <b>디저트</b>에 두루 활용할 수... ",메타웰 건강정보,blog.naver.com/metaph_official,naver_blog,보라색 디저트,related,0.3,2026-05-26T11:02:57.061617+00:00,0,0,0,0,메타웰 건강정보,"블루베리는 <b>보라색</b> 색소 성분인 안토시아닌과 비타민, 식이섬유, 다양한 항산화 물질이 풍부한 작은... 여름 제철 과일 중에서도 비교적 부담 없이 활용 가능한 편이라 아침 식사, 간식, <b>디저트</b>에 두루 활용할 수... ","{""title"": ""여름철 보약이 따로 있을까? 블루베리 효능 5가지와 여름에... "", ""link"": ""https://blog.naver.com/metaph_official/224296669609"", ""description"": ""블루베리는 <b>보라색</b> 색소 성분인 안토시아닌과 비타민, 식이섬유, 다양한 항산화 물질이 풍부한 작은... 여름 제철 과일 중에서도 비교적 부담 없이 활용 가능한 편이라 아침 식사, 간식, <b>디저트</b>에 두루 활용할 수... "", ""bloggername"": ""메타웰 건강정보"", ""bloggerlink"": ""blog.naver.com/metaph_official"", ""postdate"": ""20260526""}"
우베,preset,보라색 디저트,[편의점우베빵]신상 솔직후기! CU보다 맛있는 이마트24... ,https://blog.naver.com/79emo_kr/224296661307,20260526,"이번 주말, 성수동 서울숲 거리를 거닐다 이마트24 <b>디저트</b>랩을 발견하신다면 고민 없이 이 <b>보라색</b> 패키지를 픽해 보세요. 커피 타임의 품격이 한 단계 올라갈 가치 있는 선택이 될 것입니다.",칠구이모의 취향,blog.naver.com/79emo_kr,naver_blog,보라색 디저트,related,0.3,2026-05-26T11:02:57.061617+00:00,0,0,0,0,칠구이모의 취향,"이번 주말, 성수동 서울숲 거리를 거닐다 이마트24 <b>디저트</b>랩을 발견하신다면 고민 없이 이 <b>보라색</b> 패키지를 픽해 보세요. 커피 타임의 품격이 한 단계 올라갈 가치 있는 선택이 될 것입니다.","{""title"": ""[편의점우베빵]신상 솔직후기! CU보다 맛있는 이마트24... "", ""link"": ""https://blog.naver.com/79emo_kr/224296661307"", ""description"": ""이번 주말, 성수동 서울숲 거리를 거닐다 이마트24 <b>디저트</b>랩을 발견하신다면 고민 없이 이 <b>보라색</b> 패키지를 픽해 보세요. 커피 타임의 품격이 한 단계 올라갈 가치 있는 선택이 될 것입니다."", ""bloggername"": ""칠구이모의 취향"", ""bloggerlink"": ""blog.naver.com/79emo_kr"", ""postdate"": ""20260526""}"
우베,preset,보라색 디저트,서울 근교 라벤더 명소·축제 추천,https://blog.naver.com/trendtravel/224296638515,20260526,"맛집, <b>디저트</b> 카페까지 함께 정리해볼게요. 명소 지역 입장료 주차비 대표 포토존 허브아일랜드 경기... <b>보라색</b> 꽃밭은 흰색·베이지톤 옷이 정말 잘 어울리고, 밀짚모자 같이 소품 챙기면 사진 분위기가 훨씬... ",트렌드트래블,blog.naver.com/trendtravel,naver_blog,보라색 디저트,related,0.3,2026-05-26T11:02:57.061617+00:00,0,0,0,0,트렌드트래블,"맛집, <b>디저트</b> 카페까지 함께 정리해볼게요. 명소 지역 입장료 주차비 대표 포토존 허브아일랜드 경기... <b>보라색</b> 꽃밭은 흰색·베이지톤 옷이 정말 잘 어울리고, 밀짚모자 같이 소품 챙기면 사진 분위기가 훨씬... ","{""title"": ""서울 근교 라벤더 명소·축제 추천"", ""link"": ""https://blog.naver.com/trendtravel/224296638515"", ""description"": ""맛집, <b>디저트</b> 카페까지 함께 정리해볼게요. 명소 지역 입장료 주차비 대표 포토존 허브아일랜드 경기... <b>보라색</b> 꽃밭은 흰색·베이지톤 옷이 정말 잘 어울리고, 밀짚모자 같이 소품 챙기면 사진 분위기가 훨씬... "", ""bloggername"": ""트렌드트래블"", ""bloggerlink"": ""blog.naver.com/trendtravel"", ""postdate"": ""20260526""}"
우베,preset,보라색 디저트,"미국 뉴욕 스벅 대존맛 우베라떼 우베코코넛마끼아또 뜻, 맛 후기",https://blog.naver.com/lovely_weekday/224296631707,20260526,"우베(Ube)는 필리핀 <b>디저트</b>에 자주 쓰이는 <b>보라색</b> 고구마, 정확히는 퍼플 얌 종류예요. 우리가 아는 자색고구마랑 비슷해 보이지만 맛은 조금 더 부드럽고 달콤하면서 고소해요 우베코코넛 마끼아또는 코코넛까지... ",️성실한 인생 여행기,blog.naver.com/lovely_weekday,naver_blog,보라색 디저트,related,0.3,2026-05-26T11:02:57.061617+00:00,0,0,0,0,️성실한 인생 여행기,"우베(Ube)는 필리핀 <b>디저트</b>에 자주 쓰이는 <b>보라색</b> 고구마, 정확히는 퍼플 얌 종류예요. 우리가 아는 자색고구마랑 비슷해 보이지만 맛은 조금 더 부드럽고 달콤하면서 고소해요 우베코코넛 마끼아또는 코코넛까지... ","{""title"": ""미국 뉴욕 스벅 대존맛 우베라떼 우베코코넛마끼아또 뜻, 맛 후기"", ""link"": ""https://blog.naver.com/lovely_weekday/224296631707"", ""description"": ""우베(Ube)는 필리핀 <b>디저트</b>에 자주 쓰이는 <b>보라색</b> 고구마, 정확히는 퍼플 얌 종류예요. 우리가 아는 자색고구마랑 비슷해 보이지만 맛은 조금 더 부드럽고 달콤하면서 고소해요 우베코코넛 마끼아또는 코코넛까지... "", ""bloggername"": ""️성실한 인생 여행기"", ""bloggerlink"": ""blog.naver.com/lovely_weekday"", ""postdate"": ""20260526""}"
우베,preset,보라색 디저트,2nd Wedding Anniversary 라 부르고 많이 먹은 주간,https://blog.naver.com/dd0518_/224296622982,20260526,<b>디저트</b>까지 완벽 담에 또 데려가줘 오빠❤️❤️ 짱구도 배부르댕 다음에 또 올게용 비싼 밥 먹었지만... 갤러리아 갔음 <b>보라색</b> 피코탄 만날뻔 ;; 엄마한테 전화하니 당장 사라고 돈 쏴줌 &gt;&lt; (n개월 동안... ,도롱이네,blog.naver.com/dd0518_,naver_blog,보라색 디저트,related,0.3,2026-05-26T11:02:57.061617+00:00,0,0,0,0,도롱이네,<b>디저트</b>까지 완벽 담에 또 데려가줘 오빠❤️❤️ 짱구도 배부르댕 다음에 또 올게용 비싼 밥 먹었지만... 갤러리아 갔음 <b>보라색</b> 피코탄 만날뻔 ;; 엄마한테 전화하니 당장 사라고 돈 쏴줌 &gt;&lt; (n개월 동안... ,"{""title"": ""2nd Wedding Anniversary 라 부르고 많이 먹은 주간"", ""link"": ""https://blog.naver.com/dd0518_/224296622982"", ""description"": ""<b>디저트</b>까지 완벽 담에 또 데려가줘 오빠❤️❤️ 짱구도 배부르댕 다음에 또 올게용 비싼 밥 먹었지만... 갤러리아 갔음 <b>보라색</b> 피코탄 만날뻔 ;; 엄마한테 전화하니 당장 사라고 돈 쏴줌 &gt;&lt; (n개월 동안... "", ""bloggername"": ""도롱이네"", ""bloggerlink"": ""blog.naver.com/dd0518_"", ""postdate"": ""20260526""}"
우베,preset,보라색 디저트,"오디의 효능, 진한 <b>보라색</b>에 이유가 있더라고요",https://blog.naver.com/love_jjoono/224296617338,20260526,어릴 땐 손이 <b>보라색</b>으로 물드는 게 더 기억났는데 요즘은 냉동 오디나 오디청으로 챙겨 먹는 집도... 특히 더운 날에는 살짝 녹은 상태로 먹으면 시원한 <b>디저트</b> 같기도 했고요. 저는 블루베리만 먹다가 오디도... ,도리랑 룰루랄라~,blog.naver.com/love_jjoono,naver_blog,보라색 디저트,related,0.3,2026-05-26T11:02:57.061617+00:00,0,0,0,0,도리랑 룰루랄라~,어릴 땐 손이 <b>보라색</b>으로 물드는 게 더 기억났는데 요즘은 냉동 오디나 오디청으로 챙겨 먹는 집도... 특히 더운 날에는 살짝 녹은 상태로 먹으면 시원한 <b>디저트</b> 같기도 했고요. 저는 블루베리만 먹다가 오디도... ,"{""title"": ""오디의 효능, 진한 <b>보라색</b>에 이유가 있더라고요"", ""link"": ""https://blog.naver.com/love_jjoono/224296617338"", ""description"": ""어릴 땐 손이 <b>보라색</b>으로 물드는 게 더 기억났는데 요즘은 냉동 오디나 오디청으로 챙겨 먹는 집도... 특히 더운 날에는 살짝 녹은 상태로 먹으면 시원한 <b>디저트</b> 같기도 했고요. 저는 블루베리만 먹다가 오디도... "", ""bloggername"": ""도리랑 룰루랄라~"", ""bloggerlink"": ""blog.naver.com/love_jjoono"", ""postdate"": ""20260526""}"
우베,preset,보라색 디저트,2026 도초도 수국축제 가이드 | 일정·볼거리·방문팁 총정리,https://blog.naver.com/myway3018/224296616901,20260526,"약 30만㎡ 규모의 수국 군락지가 만개하는 모습이 압권으로, 특히 <b>보라색</b>과 분홍색 수국이 어우러진... 관련 <b>디저트</b> 자주 묻는 질문 Q&amp;A Q. 언제 가는 게 가장 좋나요? A. 6월 15일~22일 사이가 수국이 가장... ",또치의캐시노믹스,blog.naver.com/myway3018,naver_blog,보라색 디저트,related,0.3,2026-05-26T11:02:57.061617+00:00,0,0,0,0,또치의캐시노믹스,"약 30만㎡ 규모의 수국 군락지가 만개하는 모습이 압권으로, 특히 <b>보라색</b>과 분홍색 수국이 어우러진... 관련 <b>디저트</b> 자주 묻는 질문 Q&amp;A Q. 언제 가는 게 가장 좋나요? A. 6월 15일~22일 사이가 수국이 가장... ","{""title"": ""2026 도초도 수국축제 가이드 | 일정·볼거리·방문팁 총정리"", ""link"": ""https://blog.naver.com/myway3018/224296616901"", ""description"": ""약 30만㎡ 규모의 수국 군락지가 만개하는 모습이 압권으로, 특히 <b>보라색</b>과 분홍색 수국이 어우러진... 관련 <b>디저트</b> 자주 묻는 질문 Q&amp;A Q. 언제 가는 게 가장 좋나요? A. 6월 15일~22일 사이가 수국이 가장... "", ""bloggername"": ""또치의캐시노믹스"", ""bloggerlink"": ""blog.naver.com/myway3018"", ""postdate"": ""20260526""}"
우베,preset,보라색 디저트,신메뉴 라인업과 가격 광주신세계백화점카페 <b>디저트</b> 핫플 투어,https://blog.naver.com/dinofamily4/224296610015,20260526,"<b>보라색</b>이 주는 시각적인 즐거움은 물론이고, 호불호 크게 없이 누구나 좋아할 만한 고소하고 부드러운 달콤함이 매력적이에요. 자색고구마 <b>디저트</b>를 좋아하는 분들이라면 취향 저격일듯요. 시즌 한정... ",육아는 도돌이표다,blog.naver.com/dinofamily4,naver_blog,보라색 디저트,related,0.3,2026-05-26T11:02:57.061617+00:00,0,0,0,0,육아는 도돌이표다,"<b>보라색</b>이 주는 시각적인 즐거움은 물론이고, 호불호 크게 없이 누구나 좋아할 만한 고소하고 부드러운 달콤함이 매력적이에요. 자색고구마 <b>디저트</b>를 좋아하는 분들이라면 취향 저격일듯요. 시즌 한정... ","{""title"": ""신메뉴 라인업과 가격 광주신세계백화점카페 <b>디저트</b> 핫플 투어"", ""link"": ""https://blog.naver.com/dinofamily4/224296610015"", ""description"": ""<b>보라색</b>이 주는 시각적인 즐거움은 물론이고, 호불호 크게 없이 누구나 좋아할 만한 고소하고 부드러운 달콤함이 매력적이에요. 자색고구마 <b>디저트</b>를 좋아하는 분들이라면 취향 저격일듯요. 시즌 한정... "", ""bloggername"": ""육아는 도돌이표다"", ""bloggerlink"": ""blog.naver.com/dinofamily4"", ""postdate"": ""20260526""}"
우베,preset,보라색 디저트,41번째 필리핀 마닐라 비행_맥도날드 배달/이니셜 키캡 사기... ,https://blog.naver.com/mangobf/224296608594,20260526,카페 <b>디저트</b> 메뉴 귀여워서 트리 케이크 넘 귀염뽀짝하잖아 전날 밤까지 자서 잠 못 자고 내려온 오픈런 조식 망고스틴 장식인 줄 알았는데 아니었음 짱맛도리~ 근데 왜 다시 안 채워주세요;; 손톱이 <b>보라색</b>이 될... ,내 글이 세상에서 제일 재밌는 girl,blog.naver.com/mangobf,naver_blog,보라색 디저트,related,0.3,2026-05-26T11:02:57.061617+00:00,0,0,0,0,내 글이 세상에서 제일 재밌는 girl,카페 <b>디저트</b> 메뉴 귀여워서 트리 케이크 넘 귀염뽀짝하잖아 전날 밤까지 자서 잠 못 자고 내려온 오픈런 조식 망고스틴 장식인 줄 알았는데 아니었음 짱맛도리~ 근데 왜 다시 안 채워주세요;; 손톱이 <b>보라색</b>이 될... ,"{""title"": ""41번째 필리핀 마닐라 비행_맥도날드 배달/이니셜 키캡 사기... "", ""link"": ""https://blog.naver.com/mangobf/224296608594"", ""description"": ""카페 <b>디저트</b> 메뉴 귀여워서 트리 케이크 넘 귀염뽀짝하잖아 전날 밤까지 자서 잠 못 자고 내려온 오픈런 조식 망고스틴 장식인 줄 알았는데 아니었음 짱맛도리~ 근데 왜 다시 안 채워주세요;; 손톱이 <b>보라색</b>이 될... "", ""bloggername"": ""내 글이 세상에서 제일 재밌는 girl"", ""bloggerlink"": ""blog.naver.com/mangobf"", ""postdate"": ""20260526""}"
우베,preset,보라색 디저트,☀️ 2026 여름 카페별 컵빙수 총정리 (feat. 가격 다... ,https://blog.naver.com/mappu_log/224296076510,20260526,"양즈깐루 컵빙수 — 7,800원 우베 컵빙수 — 6,800원  양즈깐루는 중국식 달걀 커스터드 <b>디저트</b>예요. 우베는 필리핀산 <b>보라색</b> 참마로 만든 재료인데, 요즘 <b>디저트</b> 쪽에서 유행하고 있어요!  투썸플레이스... ",마뿌의 맛집 부수기,blog.naver.com/mappu_log,naver_blog,보라색 디저트,related,0.3,2026-05-26T11:02:57.061617+00:00,0,0,0,0,마뿌의 맛집 부수기,"양즈깐루 컵빙수 — 7,800원 우베 컵빙수 — 6,800원  양즈깐루는 중국식 달걀 커스터드 <b>디저트</b>예요. 우베는 필리핀산 <b>보라색</b> 참마로 만든 재료인데, 요즘 <b>디저트</b> 쪽에서 유행하고 있어요!  투썸플레이스... ","{""title"": ""☀️ 2026 여름 카페별 컵빙수 총정리 (feat. 가격 다... "", ""link"": ""https://blog.naver.com/mappu_log/224296076510"", ""description"": ""양즈깐루 컵빙수 — 7,800원 우베 컵빙수 — 6,800원  양즈깐루는 중국식 달걀 커스터드 <b>디저트</b>예요. 우베는 필리핀산 <b>보라색</b> 참마로 만든 재료인데, 요즘 <b>디저트</b> 쪽에서 유행하고 있어요!  투썸플레이스... "", ""bloggername"": ""마뿌의 맛집 부수기"", ""bloggerlink"": ""blog.naver.com/mappu_log"", ""postdate"": ""20260526""}"
우베,preset,보라색 디저트,헬리오트롭의 매력과 성장 관리 활용 방법 안내,https://blog.naver.com/cd508cup1z/224296605684,20260526,"<b>보라색</b>, 파란색, 하얀색 등 여러 색상의 꽃들이 마치 유화처럼 어우러져 있는 모습을 상상해 보세요.... 특히 샐러드나 <b>디저트</b>에 장식으로 사용하면, 그 자체로도 아름다움과 독특한 풍미를 더해줄 수 있습니다.... ",cd508cup1z님의 블로그,blog.naver.com/cd508cup1z,naver_blog,보라색 디저트,related,0.3,2026-05-26T11:02:57.061617+00:00,0,0,0,0,cd508cup1z님의 블로그,"<b>보라색</b>, 파란색, 하얀색 등 여러 색상의 꽃들이 마치 유화처럼 어우러져 있는 모습을 상상해 보세요.... 특히 샐러드나 <b>디저트</b>에 장식으로 사용하면, 그 자체로도 아름다움과 독특한 풍미를 더해줄 수 있습니다.... ","{""title"": ""헬리오트롭의 매력과 성장 관리 활용 방법 안내"", ""link"": ""https://blog.naver.com/cd508cup1z/224296605684"", ""description"": ""<b>보라색</b>, 파란색, 하얀색 등 여러 색상의 꽃들이 마치 유화처럼 어우러져 있는 모습을 상상해 보세요.... 특히 샐러드나 <b>디저트</b>에 장식으로 사용하면, 그 자체로도 아름다움과 독특한 풍미를 더해줄 수 있습니다.... "", ""bloggername"": ""cd508cup1z님의 블로그"", ""bloggerlink"": ""blog.naver.com/cd508cup1z"", ""postdate"": ""20260526""}"
우베,preset,보라색 디저트,"우베 뜻 파리바게트 우베크림빵, 모두가 궁금해하는 그 맛의 정체",https://blog.naver.com/lastripblog/224296599276,20260526,그래서 찾아보니 우베(Ube)는 필리핀에서 주로 재배되고 소비되는 <b>보라색</b> 마(Purple Yam) 계열의 뿌리채소라고 하네요. <b>디저트</b>에서 보이는 선명한 보랏빛은 인공색소가 아니라 우베 자체의 천연 색감이라고 해요.... ,반짝이네 슬기로운 육아라이프,blog.naver.com/lastripblog,naver_blog,보라색 디저트,related,0.3,2026-05-26T11:02:57.061617+00:00,0,0,0,0,반짝이네 슬기로운 육아라이프,그래서 찾아보니 우베(Ube)는 필리핀에서 주로 재배되고 소비되는 <b>보라색</b> 마(Purple Yam) 계열의 뿌리채소라고 하네요. <b>디저트</b>에서 보이는 선명한 보랏빛은 인공색소가 아니라 우베 자체의 천연 색감이라고 해요.... ,"{""title"": ""우베 뜻 파리바게트 우베크림빵, 모두가 궁금해하는 그 맛의 정체"", ""link"": ""https://blog.naver.com/lastripblog/224296599276"", ""description"": ""그래서 찾아보니 우베(Ube)는 필리핀에서 주로 재배되고 소비되는 <b>보라색</b> 마(Purple Yam) 계열의 뿌리채소라고 하네요. <b>디저트</b>에서 보이는 선명한 보랏빛은 인공색소가 아니라 우베 자체의 천연 색감이라고 해요.... "", ""bloggername"": ""반짝이네 슬기로운 육아라이프"", ""bloggerlink"": ""blog.naver.com/lastripblog"", ""postdate"": ""20260526""}"
우베,preset,보라색 디저트,[던킨] 우베 츄이스티,https://blog.naver.com/pinkkang99/224296585673,20260526,우베 <b>디저트</b>를 한번도 못 먹어봐서 너무너무 궁금한 거예요!!! 그래서 바로 get ~ 우베 츄이스티 영양정보 우베 츄이스티 칼로리는 275kcal 당류도 11g이면 도넛 치고는 낫벧? 아닌가요?ㅎ 근데 뭔가 <b>보라색</b>이라서... ,깐지의 일상.. 그리고 야구♡,blog.naver.com/pinkkang99,naver_blog,보라색 디저트,related,0.3,2026-05-26T11:02:57.061617+00:00,0,0,0,0,깐지의 일상.. 그리고 야구♡,우베 <b>디저트</b>를 한번도 못 먹어봐서 너무너무 궁금한 거예요!!! 그래서 바로 get ~ 우베 츄이스티 영양정보 우베 츄이스티 칼로리는 275kcal 당류도 11g이면 도넛 치고는 낫벧? 아닌가요?ㅎ 근데 뭔가 <b>보라색</b>이라서... ,"{""title"": ""[던킨] 우베 츄이스티"", ""link"": ""https://blog.naver.com/pinkkang99/224296585673"", ""description"": ""우베 <b>디저트</b>를 한번도 못 먹어봐서 너무너무 궁금한 거예요!!! 그래서 바로 get ~ 우베 츄이스티 영양정보 우베 츄이스티 칼로리는 275kcal 당류도 11g이면 도넛 치고는 낫벧? 아닌가요?ㅎ 근데 뭔가 <b>보라색</b>이라서... "", ""bloggername"": ""깐지의 일상.. 그리고 야구♡"", ""bloggerlink"": ""blog.naver.com/pinkkang99"", ""postdate"": ""20260526""}"
우베,preset,보라색 디저트,"도쿄에서 77분이면 닿는 소도시, 치치부 당일치기 완벽 가이드",https://blog.naver.com/japankorea_daily/224296565607,20260526,"개화 시기가 되면 언덕 전체가 분홍색과 <b>보라색</b>, 흰색으로 뒤덮이는데, 처음 보면 &quot;이게 실제로... 축제 기간에는 지역 먹거리 부스도 열리는데, 사이타마현 딸기 품종인 '아마링'을 활용한 음료랑 <b>디저트</b>도... ",JAPAN KOREA DAILY,blog.naver.com/japankorea_daily,naver_blog,보라색 디저트,related,0.3,2026-05-26T11:02:57.061617+00:00,0,0,0,0,JAPAN KOREA DAILY,"개화 시기가 되면 언덕 전체가 분홍색과 <b>보라색</b>, 흰색으로 뒤덮이는데, 처음 보면 &quot;이게 실제로... 축제 기간에는 지역 먹거리 부스도 열리는데, 사이타마현 딸기 품종인 '아마링'을 활용한 음료랑 <b>디저트</b>도... ","{""title"": ""도쿄에서 77분이면 닿는 소도시, 치치부 당일치기 완벽 가이드"", ""link"": ""https://blog.naver.com/japankorea_daily/224296565607"", ""description"": ""개화 시기가 되면 언덕 전체가 분홍색과 <b>보라색</b>, 흰색으로 뒤덮이는데, 처음 보면 &quot;이게 실제로... 축제 기간에는 지역 먹거리 부스도 열리는데, 사이타마현 딸기 품종인 '아마링'을 활용한 음료랑 <b>디저트</b>도... "", ""bloggername"": ""JAPAN KOREA DAILY"", ""bloggerlink"": ""blog.naver.com/japankorea_daily"", ""postdate"": ""20260526""}"
우베,preset,보라색 디저트,"하늬라벤더팜 라벤더축제 2026 일정 시간 개화 상황, 초대가수... ",https://blog.naver.com/earth_travler00/224296562942,20260526,메타세쿼이아 길: <b>보라색</b>과는 또 다른 싱그러운 초록색 터널이 인생샷을 만들어줘요. 라벤더... 프렌치 <b>디저트</b> 문암해변 통창 오션뷰 커피고 시그니처 라떼 바다와 맞닿은 넓은 테라스 아야트커피 흑임자... ,지구별 여행자의 유용한 여행 꿀팁,blog.naver.com/earth_travler00,naver_blog,보라색 디저트,related,0.3,2026-05-26T11:02:57.061617+00:00,0,0,0,0,지구별 여행자의 유용한 여행 꿀팁,메타세쿼이아 길: <b>보라색</b>과는 또 다른 싱그러운 초록색 터널이 인생샷을 만들어줘요. 라벤더... 프렌치 <b>디저트</b> 문암해변 통창 오션뷰 커피고 시그니처 라떼 바다와 맞닿은 넓은 테라스 아야트커피 흑임자... ,"{""title"": ""하늬라벤더팜 라벤더축제 2026 일정 시간 개화 상황, 초대가수... "", ""link"": ""https://blog.naver.com/earth_travler00/224296562942"", ""description"": ""메타세쿼이아 길: <b>보라색</b>과는 또 다른 싱그러운 초록색 터널이 인생샷을 만들어줘요. 라벤더... 프렌치 <b>디저트</b> 문암해변 통창 오션뷰 커피고 시그니처 라떼 바다와 맞닿은 넓은 테라스 아야트커피 흑임자... "", ""bloggername"": ""지구별 여행자의 유용한 여행 꿀팁"", ""bloggerlink"": ""blog.naver.com/earth_travler00"", ""postdate"": ""20260526""}"
우베,preset,보라색 디저트,&quot;SNS 핫템 <b>보라색</b> 우베&quot;… 알고 먹자 '효능 및 부작용',https://blog.naver.com/newsju123/224296465321,20260526,"요즘 SNS에서 선명한 <b>보라색</b>으로 시선을 사로잡는 <b>디저트</b>, 혹시 보신 적 있는가? 바로 우베이다. 달콤하고 부드러운 풍미로 많은 사랑을 받지만, 이 특별한 식재료에 대해 정확히 아는 사람은 의외로 적다. 무심코... ",메디컬 인사이트 24시,blog.naver.com/newsju123,naver_blog,보라색 디저트,related,0.3,2026-05-26T11:02:57.061617+00:00,0,0,0,0,메디컬 인사이트 24시,"요즘 SNS에서 선명한 <b>보라색</b>으로 시선을 사로잡는 <b>디저트</b>, 혹시 보신 적 있는가? 바로 우베이다. 달콤하고 부드러운 풍미로 많은 사랑을 받지만, 이 특별한 식재료에 대해 정확히 아는 사람은 의외로 적다. 무심코... ","{""title"": ""&quot;SNS 핫템 <b>보라색</b> 우베&quot;… 알고 먹자 '효능 및 부작용'"", ""link"": ""https://blog.naver.com/newsju123/224296465321"", ""description"": ""요즘 SNS에서 선명한 <b>보라색</b>으로 시선을 사로잡는 <b>디저트</b>, 혹시 보신 적 있는가? 바로 우베이다. 달콤하고 부드러운 풍미로 많은 사랑을 받지만, 이 특별한 식재료에 대해 정확히 아는 사람은 의외로 적다. 무심코... "", ""bloggername"": ""메디컬 인사이트 24시"", ""bloggerlink"": ""blog.naver.com/newsju123"", ""postdate"": ""20260526""}"
우베,preset,보라색 디저트,[부산/사상] 귀여운 소품과 맛있는 음료를 동시에 즐길 수 있는... ,https://blog.naver.com/juys0101/224296552889,20260526,"좋고, <b>보라색</b> 간판이라 눈에 띄어서 쉽게 찾을 수 있었어요!! 다희커피 소품샵은 생과일주스가 유명하더라구요!! 가게 앞에 대표 메뉴들이 사진으로 담겨있고, <b>디저트</b>들도 외부에서 볼 수 있다는 점이... ",궁금쟁이 워니 스토리,blog.naver.com/juys0101,naver_blog,보라색 디저트,related,0.3,2026-05-26T11:02:57.061617+00:00,0,0,0,0,궁금쟁이 워니 스토리,"좋고, <b>보라색</b> 간판이라 눈에 띄어서 쉽게 찾을 수 있었어요!! 다희커피 소품샵은 생과일주스가 유명하더라구요!! 가게 앞에 대표 메뉴들이 사진으로 담겨있고, <b>디저트</b>들도 외부에서 볼 수 있다는 점이... ","{""title"": ""[부산/사상] 귀여운 소품과 맛있는 음료를 동시에 즐길 수 있는... "", ""link"": ""https://blog.naver.com/juys0101/224296552889"", ""description"": ""좋고, <b>보라색</b> 간판이라 눈에 띄어서 쉽게 찾을 수 있었어요!! 다희커피 소품샵은 생과일주스가 유명하더라구요!! 가게 앞에 대표 메뉴들이 사진으로 담겨있고, <b>디저트</b>들도 외부에서 볼 수 있다는 점이... "", ""bloggername"": ""궁금쟁이 워니 스토리"", ""bloggerlink"": ""blog.naver.com/juys0101"", ""postdate"": ""20260526""}"
우베,preset,보라색 디저트,오디의효능 제대로 보려면? 혈당·눈 건강보다 먼저 알아야 할... ,https://blog.naver.com/flemznls1/224296551198,20260526,"식후 <b>디저트</b>로 먹을 때도 양을 정해두면 좋아요. 작은 그릇에 덜어 먹으면 무심코 많이 먹는 일을 줄일 수 있고, 아이 간식으로 줄 때도 옷이나 손에 <b>보라색</b> 물이 들 수 있어 앞치마를 준비하면 편합니다. 금방... ",알짜정보연구소,blog.naver.com/flemznls1,naver_blog,보라색 디저트,related,0.3,2026-05-26T11:02:57.061617+00:00,0,0,0,0,알짜정보연구소,"식후 <b>디저트</b>로 먹을 때도 양을 정해두면 좋아요. 작은 그릇에 덜어 먹으면 무심코 많이 먹는 일을 줄일 수 있고, 아이 간식으로 줄 때도 옷이나 손에 <b>보라색</b> 물이 들 수 있어 앞치마를 준비하면 편합니다. 금방... ","{""title"": ""오디의효능 제대로 보려면? 혈당·눈 건강보다 먼저 알아야 할... "", ""link"": ""https://blog.naver.com/flemznls1/224296551198"", ""description"": ""식후 <b>디저트</b>로 먹을 때도 양을 정해두면 좋아요. 작은 그릇에 덜어 먹으면 무심코 많이 먹는 일을 줄일 수 있고, 아이 간식으로 줄 때도 옷이나 손에 <b>보라색</b> 물이 들 수 있어 앞치마를 준비하면 편합니다. 금방... "", ""bloggername"": ""알짜정보연구소"", ""bloggerlink"": ""blog.naver.com/flemznls1"", ""postdate"": ""20260526""}"
우베,preset,보라색 디저트,마법사만 올라갈 수 있는 계단? 해리포터 감성 느껴지는... ,https://blog.naver.com/juryan39/224296095699,20260526,<b>보라색</b> 빵은 색감이 너무 눈에 띄어서 한참 봤어요ㅋㅋ <b>디저트</b> 종류 구경하는 재미도 있었습니다. 언더스테어 베이커리의 핵심 포인트 마법사만 올라갈 수 있는 계단?! 2층 올라가는 방법이 정말 독특했어요.... ,주리안의 조금 더 나은 하루,blog.naver.com/juryan39,naver_blog,보라색 디저트,related,0.3,2026-05-26T11:02:57.061617+00:00,0,0,0,0,주리안의 조금 더 나은 하루,<b>보라색</b> 빵은 색감이 너무 눈에 띄어서 한참 봤어요ㅋㅋ <b>디저트</b> 종류 구경하는 재미도 있었습니다. 언더스테어 베이커리의 핵심 포인트 마법사만 올라갈 수 있는 계단?! 2층 올라가는 방법이 정말 독특했어요.... ,"{""title"": ""마법사만 올라갈 수 있는 계단? 해리포터 감성 느껴지는... "", ""link"": ""https://blog.naver.com/juryan39/224296095699"", ""description"": ""<b>보라색</b> 빵은 색감이 너무 눈에 띄어서 한참 봤어요ㅋㅋ <b>디저트</b> 종류 구경하는 재미도 있었습니다. 언더스테어 베이커리의 핵심 포인트 마법사만 올라갈 수 있는 계단?! 2층 올라가는 방법이 정말 독특했어요.... "", ""bloggername"": ""주리안의 조금 더 나은 하루"", ""bloggerlink"": ""blog.naver.com/juryan39"", ""postdate"": ""20260526""}"
우베,preset,보라색 디저트,"우베 뜻 맛 효능 총정리, 2026년 말차 다음은 이 <b>보라색 디저트</b>",https://blog.naver.com/kjrrjk/224296420771,20260526,"지금 말차를 밀어내고 2026년 <b>디저트</b> 트렌드 1순위로 올라온 <b>보라색</b>의 정체를 제대로 알려드릴게요. 우베 뜻 맛 효능  다른 곳에서 잘 안 알려주는 것: &quot;우베 라떼 = 건강 음료&quot;라고 생각하기 쉬운데, 카페에서... ",행복둥이의 경제 놀이터,blog.naver.com/kjrrjk,naver_blog,보라색 디저트,related,0.3,2026-05-26T11:02:57.061617+00:00,0,0,0,0,행복둥이의 경제 놀이터,"지금 말차를 밀어내고 2026년 <b>디저트</b> 트렌드 1순위로 올라온 <b>보라색</b>의 정체를 제대로 알려드릴게요. 우베 뜻 맛 효능  다른 곳에서 잘 안 알려주는 것: &quot;우베 라떼 = 건강 음료&quot;라고 생각하기 쉬운데, 카페에서... ","{""title"": ""우베 뜻 맛 효능 총정리, 2026년 말차 다음은 이 <b>보라색 디저트</b>"", ""link"": ""https://blog.naver.com/kjrrjk/224296420771"", ""description"": ""지금 말차를 밀어내고 2026년 <b>디저트</b> 트렌드 1순위로 올라온 <b>보라색</b>의 정체를 제대로 알려드릴게요. 우베 뜻 맛 효능  다른 곳에서 잘 안 알려주는 것: &quot;우베 라떼 = 건강 음료&quot;라고 생각하기 쉬운데, 카페에서... "", ""bloggername"": ""행복둥이의 경제 놀이터"", ""bloggerlink"": ""blog.naver.com/kjrrjk"", ""postdate"": ""20260526""}"
우베,preset,보라색 디저트,회사에서 노예인 줄 알았던 내가 집에선 공주 ?,https://blog.naver.com/97_blog/224296522884,20260526,털어서 <b>디저트</b> 근데 이제 내일 엄마빠 결혼기념일이라서 축하 파티를 합니다 .. 귀여워 . .. 하트 . .... <b>보라색</b> 카메라 내놔 세상아 . .. .. 점심 잡채밥 근데 먹고 속이 너무 안좋더라구요 앞에서 너무 우물우물... ,이일공팔일일,blog.naver.com/97_blog,naver_blog,보라색 디저트,related,0.3,2026-05-26T11:02:57.061617+00:00,0,0,0,0,이일공팔일일,털어서 <b>디저트</b> 근데 이제 내일 엄마빠 결혼기념일이라서 축하 파티를 합니다 .. 귀여워 . .. 하트 . .... <b>보라색</b> 카메라 내놔 세상아 . .. .. 점심 잡채밥 근데 먹고 속이 너무 안좋더라구요 앞에서 너무 우물우물... ,"{""title"": ""회사에서 노예인 줄 알았던 내가 집에선 공주 ?"", ""link"": ""https://blog.naver.com/97_blog/224296522884"", ""description"": ""털어서 <b>디저트</b> 근데 이제 내일 엄마빠 결혼기념일이라서 축하 파티를 합니다 .. 귀여워 . .. 하트 . .... <b>보라색</b> 카메라 내놔 세상아 . .. .. 점심 잡채밥 근데 먹고 속이 너무 안좋더라구요 앞에서 너무 우물우물... "", ""bloggername"": ""이일공팔일일"", ""bloggerlink"": ""blog.naver.com/97_blog"", ""postdate"": ""20260526""}"
우베,preset,보라색 디저트,2026 서울 근교 꽃창포 명소 추천 5월 6월 가볼만한곳 양평... ,https://blog.naver.com/kkkjyw/224296466503,20260526,습지 위로 피어난 신비로운 <b>보라색</b> 꽃잎들을 바라보고 있으면 일상의 피로가 눈 녹듯 사라지는... 2️⃣ 파주의 유명 베이커리 카페들을 방문해 파주 장단콩으로 만든 이색 <b>디저트</b>를 맛보는 것도... ,케이라님의블로그,blog.naver.com/kkkjyw,naver_blog,보라색 디저트,related,0.3,2026-05-26T11:02:57.061617+00:00,0,0,0,0,케이라님의블로그,습지 위로 피어난 신비로운 <b>보라색</b> 꽃잎들을 바라보고 있으면 일상의 피로가 눈 녹듯 사라지는... 2️⃣ 파주의 유명 베이커리 카페들을 방문해 파주 장단콩으로 만든 이색 <b>디저트</b>를 맛보는 것도... ,"{""title"": ""2026 서울 근교 꽃창포 명소 추천 5월 6월 가볼만한곳 양평... "", ""link"": ""https://blog.naver.com/kkkjyw/224296466503"", ""description"": ""습지 위로 피어난 신비로운 <b>보라색</b> 꽃잎들을 바라보고 있으면 일상의 피로가 눈 녹듯 사라지는... 2️⃣ 파주의 유명 베이커리 카페들을 방문해 파주 장단콩으로 만든 이색 <b>디저트</b>를 맛보는 것도... "", ""bloggername"": ""케이라님의블로그"", ""bloggerlink"": ""blog.naver.com/kkkjyw"", ""postdate"": ""20260526""}"
우베,preset,보라색 디저트,우베 타로 차이 우베 맛과 효능 뜻 먹는법까지! 왜 대세일까?,https://blog.naver.com/albamedi12/224293723398,20260526,영롱한 <b>보라색 디저트</b>와 음료 ‘우베(Ube)’ 한 번쯤 보신 적 있으시죠? 얼핏 보면 또 다른 인기 디저트... ‘우베’하면 ‘보라색’이라는 뜻으로 통할 정도로 대표적인 고유명사입니다. 우베 효능 우베는 엽산... ,플랜메디의 다양한 의학 정보,blog.naver.com/albamedi12,naver_blog,보라색 디저트,related,0.3,2026-05-26T11:02:57.061617+00:00,0,0,0,0,플랜메디의 다양한 의학 정보,영롱한 <b>보라색 디저트</b>와 음료 ‘우베(Ube)’ 한 번쯤 보신 적 있으시죠? 얼핏 보면 또 다른 인기 디저트... ‘우베’하면 ‘보라색’이라는 뜻으로 통할 정도로 대표적인 고유명사입니다. 우베 효능 우베는 엽산... ,"{""title"": ""우베 타로 차이 우베 맛과 효능 뜻 먹는법까지! 왜 대세일까?"", ""link"": ""https://blog.naver.com/albamedi12/224293723398"", ""description"": ""영롱한 <b>보라색 디저트</b>와 음료 ‘우베(Ube)’ 한 번쯤 보신 적 있으시죠? 얼핏 보면 또 다른 인기 디저트... ‘우베’하면 ‘보라색’이라는 뜻으로 통할 정도로 대표적인 고유명사입니다. 우베 효능 우베는 엽산... "", ""bloggername"": ""플랜메디의 다양한 의학 정보"", ""bloggerlink"": ""blog.naver.com/albamedi12"", ""postdate"": ""20260526""}"
우베,preset,보라색 디저트,의왕 애견동반카페 산타벨루가 청계사 가다가 발견한 분위기... ,https://blog.naver.com/hi_youm/224296498889,20260526,띄는 <b>보라색</b> 건물 발견해서 홀린 듯 들어간 의왕 카페 ❝산타벨루가❞ 후기 가져왔어요 ꔛ 화이트... 산타벨루가에서는 <b>디저트</b> 종류도 판매하고 있었는데 저는 땅콩쿠키랑 쑥크림쿠키 먹어봤어요. 쑥쿠키는 쑥... ,하이-윰!,blog.naver.com/hi_youm,naver_blog,보라색 디저트,related,0.3,2026-05-26T11:02:57.061617+00:00,0,0,0,0,하이-윰!,띄는 <b>보라색</b> 건물 발견해서 홀린 듯 들어간 의왕 카페 ❝산타벨루가❞ 후기 가져왔어요 ꔛ 화이트... 산타벨루가에서는 <b>디저트</b> 종류도 판매하고 있었는데 저는 땅콩쿠키랑 쑥크림쿠키 먹어봤어요. 쑥쿠키는 쑥... ,"{""title"": ""의왕 애견동반카페 산타벨루가 청계사 가다가 발견한 분위기... "", ""link"": ""https://blog.naver.com/hi_youm/224296498889"", ""description"": ""띄는 <b>보라색</b> 건물 발견해서 홀린 듯 들어간 의왕 카페 ❝산타벨루가❞ 후기 가져왔어요 ꔛ 화이트... 산타벨루가에서는 <b>디저트</b> 종류도 판매하고 있었는데 저는 땅콩쿠키랑 쑥크림쿠키 먹어봤어요. 쑥쿠키는 쑥... "", ""bloggername"": ""하이-윰!"", ""bloggerlink"": ""blog.naver.com/hi_youm"", ""postdate"": ""20260526""}"
우베,preset,보라색 디저트,투썸 우베 아박 케이크 가격 칼로리 후기,https://blog.naver.com/shinvely0070/224296494889,20260526,된 <b>디저트</b>를 먹어보고 싶었거든요. 마침 밥 먹으러 가는 길에 투썸 발견 우베 쉐이크도 맛있다... <b>보라색</b> 컬러 때문에 이끌려 사게 됐거든요. 마지막으로 사 먹은 걸 보니까 두바이 시리즈였는데 두아박이랑... ,Cheri + Shin = ♥,blog.naver.com/shinvely0070,naver_blog,보라색 디저트,related,0.3,2026-05-26T11:02:57.061617+00:00,0,0,0,0,Cheri + Shin = ♥,된 <b>디저트</b>를 먹어보고 싶었거든요. 마침 밥 먹으러 가는 길에 투썸 발견 우베 쉐이크도 맛있다... <b>보라색</b> 컬러 때문에 이끌려 사게 됐거든요. 마지막으로 사 먹은 걸 보니까 두바이 시리즈였는데 두아박이랑... ,"{""title"": ""투썸 우베 아박 케이크 가격 칼로리 후기"", ""link"": ""https://blog.naver.com/shinvely0070/224296494889"", ""description"": ""된 <b>디저트</b>를 먹어보고 싶었거든요. 마침 밥 먹으러 가는 길에 투썸 발견 우베 쉐이크도 맛있다... <b>보라색</b> 컬러 때문에 이끌려 사게 됐거든요. 마지막으로 사 먹은 걸 보니까 두바이 시리즈였는데 두아박이랑... "", ""bloggername"": ""Cheri + Shin = ♥"", ""bloggerlink"": ""blog.naver.com/shinvely0070"", ""postdate"": ""20260526""}"
우베,preset,보라색 디저트,"우베 뜻 효능, 자색고구마 차이 뭐가 다를까",https://blog.naver.com/el512/224295666266,20260526,고구마 우베는 얌(마과 식물) 식물 분류 자체가 달라요. 한줄 결론 : 우베는 필리핀산 <b>보라색</b> 얌으로 항산화 성분이 풍부하지만 가공 <b>디저트</b>는 당 함량 확인이 필수입니다. #우베효능 #우베뜻 #우베자색고구마차이,허브향 가득 퀘럼네 베란다정원,blog.naver.com/el512,naver_blog,보라색 디저트,related,0.3,2026-05-26T11:02:57.061617+00:00,0,0,0,0,허브향 가득 퀘럼네 베란다정원,고구마 우베는 얌(마과 식물) 식물 분류 자체가 달라요. 한줄 결론 : 우베는 필리핀산 <b>보라색</b> 얌으로 항산화 성분이 풍부하지만 가공 <b>디저트</b>는 당 함량 확인이 필수입니다. #우베효능 #우베뜻 #우베자색고구마차이,"{""title"": ""우베 뜻 효능, 자색고구마 차이 뭐가 다를까"", ""link"": ""https://blog.naver.com/el512/224295666266"", ""description"": ""고구마 우베는 얌(마과 식물) 식물 분류 자체가 달라요. 한줄 결론 : 우베는 필리핀산 <b>보라색</b> 얌으로 항산화 성분이 풍부하지만 가공 <b>디저트</b>는 당 함량 확인이 필수입니다. #우베효능 #우베뜻 #우베자색고구마차이"", ""bloggername"": ""허브향 가득 퀘럼네 베란다정원"", ""bloggerlink"": ""blog.naver.com/el512"", ""postdate"": ""20260526""}"
우베,preset,보라색 디저트,비올라 키우기·먹는법·효능 총정리｜오래 피는 봄꽃,https://blog.naver.com/gogo-rkd/224295803273,20260526,"샐러드, <b>디저트</b> 장식, 꽃비빔밥 등 다양한 방식으로 활용되고 있습니다. 오늘은 비올라란 무엇인지부터 개화시기, 꽃 채취방법, 활용법, 성분, 먹는법, 키우기까지 정리해 보겠습니다. ▣ 비올라란? <b>보라색</b>... ",귀농은 아니고 귀촌,blog.naver.com/gogo-rkd,naver_blog,보라색 디저트,related,0.3,2026-05-26T11:02:57.061617+00:00,0,0,0,0,귀농은 아니고 귀촌,"샐러드, <b>디저트</b> 장식, 꽃비빔밥 등 다양한 방식으로 활용되고 있습니다. 오늘은 비올라란 무엇인지부터 개화시기, 꽃 채취방법, 활용법, 성분, 먹는법, 키우기까지 정리해 보겠습니다. ▣ 비올라란? <b>보라색</b>... ","{""title"": ""비올라 키우기·먹는법·효능 총정리｜오래 피는 봄꽃"", ""link"": ""https://blog.naver.com/gogo-rkd/224295803273"", ""description"": ""샐러드, <b>디저트</b> 장식, 꽃비빔밥 등 다양한 방식으로 활용되고 있습니다. 오늘은 비올라란 무엇인지부터 개화시기, 꽃 채취방법, 활용법, 성분, 먹는법, 키우기까지 정리해 보겠습니다. ▣ 비올라란? <b>보라색</b>... "", ""bloggername"": ""귀농은 아니고 귀촌"", ""bloggerlink"": ""blog.naver.com/gogo-rkd"", ""postdate"": ""20260526""}"
우베,preset,보라색 디저트,"농사, 두메부추 효능, 부추전 너무 맛있는",https://blog.naver.com/shooiii/224296485824,20260526,부추 <b>보라색</b> 꽃도 피는 두메부추 뿌리는 약으로도 사용한다네요 생명력도 강하며... html &lt; &gt; &lt; &gt; 일본 <b>디저트</b>: 비건 도라야키 (팥소 팬케이크 샌드위치) https://suprememastertv.com/kr1/v... ,스텔라쌤의 일상다반사(밥대신 먹는 나라빵),blog.naver.com/shooiii,naver_blog,보라색 디저트,related,0.3,2026-05-26T11:02:57.061617+00:00,0,0,0,0,스텔라쌤의 일상다반사(밥대신 먹는 나라빵),부추 <b>보라색</b> 꽃도 피는 두메부추 뿌리는 약으로도 사용한다네요 생명력도 강하며... html &lt; &gt; &lt; &gt; 일본 <b>디저트</b>: 비건 도라야키 (팥소 팬케이크 샌드위치) https://suprememastertv.com/kr1/v... ,"{""title"": ""농사, 두메부추 효능, 부추전 너무 맛있는"", ""link"": ""https://blog.naver.com/shooiii/224296485824"", ""description"": ""부추 <b>보라색</b> 꽃도 피는 두메부추 뿌리는 약으로도 사용한다네요 생명력도 강하며... html &lt; &gt; &lt; &gt; 일본 <b>디저트</b>: 비건 도라야키 (팥소 팬케이크 샌드위치) https://suprememastertv.com/kr1/v... "", ""bloggername"": ""스텔라쌤의 일상다반사(밥대신 먹는 나라빵)"", ""bloggerlink"": ""blog.naver.com/shooiii"", ""postdate"": ""20260526""}"
우베,preset,보라색 디저트,"우베 효능과 맛, 먹는법까지 한 번에 정리",https://blog.naver.com/hjt_mom/224296485283,20260526,<b>보라색 디저트</b>로 인기 많은 우베의 특징을 쉽게 알아보세요. 우베란 무엇일까 요즘 카페나 디저트 가게 가보면 보라색 케이크나 라떼 자주 보이죠. 그중에서 특히 많이 보이는 재료가 바로 ‘우베(Ube)’입니다.... ,삼남매 하우스,blog.naver.com/hjt_mom,naver_blog,보라색 디저트,related,0.3,2026-05-26T11:02:57.061617+00:00,0,0,0,0,삼남매 하우스,<b>보라색 디저트</b>로 인기 많은 우베의 특징을 쉽게 알아보세요. 우베란 무엇일까 요즘 카페나 디저트 가게 가보면 보라색 케이크나 라떼 자주 보이죠. 그중에서 특히 많이 보이는 재료가 바로 ‘우베(Ube)’입니다.... ,"{""title"": ""우베 효능과 맛, 먹는법까지 한 번에 정리"", ""link"": ""https://blog.naver.com/hjt_mom/224296485283"", ""description"": ""<b>보라색 디저트</b>로 인기 많은 우베의 특징을 쉽게 알아보세요. 우베란 무엇일까 요즘 카페나 디저트 가게 가보면 보라색 케이크나 라떼 자주 보이죠. 그중에서 특히 많이 보이는 재료가 바로 ‘우베(Ube)’입니다.... "", ""bloggername"": ""삼남매 하우스"", ""bloggerlink"": ""blog.naver.com/hjt_mom"", ""postdate"": ""20260526""}"
우베,preset,보라색 디저트,"부산 중앙역 카페 에어리, 조용하고 감각적인 분위기의 카페",https://blog.naver.com/somzo26/224296484107,20260526,"달달한 그저트라 커피와 함께 먹기 좋은 <b>디저트</b>라 부담스럽지 않았다. 2층 라운지 공간은 생각보다... 특히 테이블 위에 놓인 <b>보라색</b> 꽃 장식이 공간의 분위기를 부드럽게 만들어줬고, 사진으로 남기기에도... ",창원 젊은 누수탐지,blog.naver.com/somzo26,naver_blog,보라색 디저트,related,0.3,2026-05-26T11:02:57.061617+00:00,0,0,0,0,창원 젊은 누수탐지,"달달한 그저트라 커피와 함께 먹기 좋은 <b>디저트</b>라 부담스럽지 않았다. 2층 라운지 공간은 생각보다... 특히 테이블 위에 놓인 <b>보라색</b> 꽃 장식이 공간의 분위기를 부드럽게 만들어줬고, 사진으로 남기기에도... ","{""title"": ""부산 중앙역 카페 에어리, 조용하고 감각적인 분위기의 카페"", ""link"": ""https://blog.naver.com/somzo26/224296484107"", ""description"": ""달달한 그저트라 커피와 함께 먹기 좋은 <b>디저트</b>라 부담스럽지 않았다. 2층 라운지 공간은 생각보다... 특히 테이블 위에 놓인 <b>보라색</b> 꽃 장식이 공간의 분위기를 부드럽게 만들어줬고, 사진으로 남기기에도... "", ""bloggername"": ""창원 젊은 누수탐지"", ""bloggerlink"": ""blog.naver.com/somzo26"", ""postdate"": ""20260526""}"
우베,preset,보라색 디저트,[내돈내산]빽다방 신메뉴 우베라떼 +샷추가 후기,https://blog.naver.com/mooness0126/224296477132,20260526,우베는 필리핀에서 정말 많이 먹는 “<b>보라색</b> 자색고구마” 필리핀에서는 우베를 활용한 <b>디저트</b>가 엄청 많은데 대표적으로 유명한 게 바로 “할로할로(Halo-Halo)” 얼음 + 연유 + 젤리 + 과일 + 우베아이스크림 등을... ,"오늘도, 스리술이",blog.naver.com/mooness0126,naver_blog,보라색 디저트,related,0.3,2026-05-26T11:02:57.061617+00:00,0,0,0,0,"오늘도, 스리술이",우베는 필리핀에서 정말 많이 먹는 “<b>보라색</b> 자색고구마” 필리핀에서는 우베를 활용한 <b>디저트</b>가 엄청 많은데 대표적으로 유명한 게 바로 “할로할로(Halo-Halo)” 얼음 + 연유 + 젤리 + 과일 + 우베아이스크림 등을... ,"{""title"": ""[내돈내산]빽다방 신메뉴 우베라떼 +샷추가 후기"", ""link"": ""https://blog.naver.com/mooness0126/224296477132"", ""description"": ""우베는 필리핀에서 정말 많이 먹는 “<b>보라색</b> 자색고구마” 필리핀에서는 우베를 활용한 <b>디저트</b>가 엄청 많은데 대표적으로 유명한 게 바로 “할로할로(Halo-Halo)” 얼음 + 연유 + 젤리 + 과일 + 우베아이스크림 등을... "", ""bloggername"": ""오늘도, 스리술이"", ""bloggerlink"": ""blog.naver.com/mooness0126"", ""postdate"": ""20260526""}"
우베,preset,보라색 디저트,트레이더스 안산점 콤비네이션피자 우베라떼 우베선데이... ,https://blog.naver.com/sweetvlog/224296468588,20260526,트레이더스 안산점 스낵코너에 새로 출시된 우베라떼와 우베선데이 우베는 필리핀하고 베트남에서 맛있게 먹었던 <b>보라색</b> 뿌리줄기 <b>디저트</b>인데 고구마처럼 은은하게 달큰한 맛이 특징! 트레이더스... ,MOONLIT BLOOM,blog.naver.com/sweetvlog,naver_blog,보라색 디저트,related,0.3,2026-05-26T11:02:57.061617+00:00,0,0,0,0,MOONLIT BLOOM,트레이더스 안산점 스낵코너에 새로 출시된 우베라떼와 우베선데이 우베는 필리핀하고 베트남에서 맛있게 먹었던 <b>보라색</b> 뿌리줄기 <b>디저트</b>인데 고구마처럼 은은하게 달큰한 맛이 특징! 트레이더스... ,"{""title"": ""트레이더스 안산점 콤비네이션피자 우베라떼 우베선데이... "", ""link"": ""https://blog.naver.com/sweetvlog/224296468588"", ""description"": ""트레이더스 안산점 스낵코너에 새로 출시된 우베라떼와 우베선데이 우베는 필리핀하고 베트남에서 맛있게 먹었던 <b>보라색</b> 뿌리줄기 <b>디저트</b>인데 고구마처럼 은은하게 달큰한 맛이 특징! 트레이더스... "", ""bloggername"": ""MOONLIT BLOOM"", ""bloggerlink"": ""blog.naver.com/sweetvlog"", ""postdate"": ""20260526""}"
우베,preset,보라색 디저트,2026 고양국제꽃박람회 주말 방문기! 솔직히 내년에 또 갈지는...,https://blog.naver.com/won-king/224295750397,20260526,이번 축제는 현대백화점에서 같이 했나봄 보라<b>보라색</b>이 너무 이뻤고 깔끔했음 강릉에서온 엄지네 포장마차와 서울에서온? 코끼리떡볶이 오크베리도 있었다. 아사히볼로 유명하지! <b>디저트</b> 시나몬하우스... ,짤랑이의 기록,blog.naver.com/won-king,naver_blog,보라색 디저트,related,0.3,2026-05-26T11:02:57.061617+00:00,0,0,0,0,짤랑이의 기록,이번 축제는 현대백화점에서 같이 했나봄 보라<b>보라색</b>이 너무 이뻤고 깔끔했음 강릉에서온 엄지네 포장마차와 서울에서온? 코끼리떡볶이 오크베리도 있었다. 아사히볼로 유명하지! <b>디저트</b> 시나몬하우스... ,"{""title"": ""2026 고양국제꽃박람회 주말 방문기! 솔직히 내년에 또 갈지는..."", ""link"": ""https://blog.naver.com/won-king/224295750397"", ""description"": ""이번 축제는 현대백화점에서 같이 했나봄 보라<b>보라색</b>이 너무 이뻤고 깔끔했음 강릉에서온 엄지네 포장마차와 서울에서온? 코끼리떡볶이 오크베리도 있었다. 아사히볼로 유명하지! <b>디저트</b> 시나몬하우스... "", ""bloggername"": ""짤랑이의 기록"", ""bloggerlink"": ""blog.naver.com/won-king"", ""postdate"": ""20260526""}"
우베,preset,보라색 디저트,[인천 부평] 우베 바스크 치즈케이크 먹을 수 있는 부평역 카페... ,https://blog.naver.com/di_yeong0607/224296461300,20260526,(REAL) 와 나 우베<b>디저트</b> 여러개 먹어봤는데 우베가 정확하게 뭔지 이제 알았잖아.. 우베란 필리핀 등 열대 지방에서 자라는 <b>보라색</b> 마 자색 고구마와 다른 독특한 풍미의 뿌리작물이라고 하네요. 아ㅏ... ,※ 배부른 뎡어리 ※,blog.naver.com/di_yeong0607,naver_blog,보라색 디저트,related,0.3,2026-05-26T11:02:57.061617+00:00,0,0,0,0,※ 배부른 뎡어리 ※,(REAL) 와 나 우베<b>디저트</b> 여러개 먹어봤는데 우베가 정확하게 뭔지 이제 알았잖아.. 우베란 필리핀 등 열대 지방에서 자라는 <b>보라색</b> 마 자색 고구마와 다른 독특한 풍미의 뿌리작물이라고 하네요. 아ㅏ... ,"{""title"": ""[인천 부평] 우베 바스크 치즈케이크 먹을 수 있는 부평역 카페... "", ""link"": ""https://blog.naver.com/di_yeong0607/224296461300"", ""description"": ""(REAL) 와 나 우베<b>디저트</b> 여러개 먹어봤는데 우베가 정확하게 뭔지 이제 알았잖아.. 우베란 필리핀 등 열대 지방에서 자라는 <b>보라색</b> 마 자색 고구마와 다른 독특한 풍미의 뿌리작물이라고 하네요. 아ㅏ... "", ""bloggername"": ""※ 배부른 뎡어리 ※"", ""bloggerlink"": ""blog.naver.com/di_yeong0607"", ""postdate"": ""20260526""}"
우베,preset,보라색 디저트,"전남 제21호 민간정원 반야원, 카페보다 먼저 반겨준 꽃물결",https://blog.naver.com/beigerose/224296457449,20260526,"<b>보라색</b> 팬지, 노란 꽃, 튤립, 철쭉, 작약까지. 봄꽃들이 우르르 피어 있는 것처럼 보였지만, 사실은... <b>디저트</b>도 있고, 실내에는 작은 갤러리도 있었다. 밖에서는 꽃이 그림처럼 보이고, 안에서는 그림이 다시... ",아꼬미의 하루 하루,blog.naver.com/beigerose,naver_blog,보라색 디저트,related,0.3,2026-05-26T11:02:57.061617+00:00,0,0,0,0,아꼬미의 하루 하루,"<b>보라색</b> 팬지, 노란 꽃, 튤립, 철쭉, 작약까지. 봄꽃들이 우르르 피어 있는 것처럼 보였지만, 사실은... <b>디저트</b>도 있고, 실내에는 작은 갤러리도 있었다. 밖에서는 꽃이 그림처럼 보이고, 안에서는 그림이 다시... ","{""title"": ""전남 제21호 민간정원 반야원, 카페보다 먼저 반겨준 꽃물결"", ""link"": ""https://blog.naver.com/beigerose/224296457449"", ""description"": ""<b>보라색</b> 팬지, 노란 꽃, 튤립, 철쭉, 작약까지. 봄꽃들이 우르르 피어 있는 것처럼 보였지만, 사실은... <b>디저트</b>도 있고, 실내에는 작은 갤러리도 있었다. 밖에서는 꽃이 그림처럼 보이고, 안에서는 그림이 다시... "", ""bloggername"": ""아꼬미의 하루 하루"", ""bloggerlink"": ""blog.naver.com/beigerose"", ""postdate"": ""20260526""}"
우베,preset,보라색 디저트,[경주] 릿(Lit) : 황오동 카페 추천,https://blog.naver.com/torinuna_1101/224296449437,20260526,넣으면 당도 조절되고 색도 <b>보라색</b>으로 바뀜 영상 찍을걸 그랬눼 <b>디저트</b>는 끼리치즈랑 오레오 섞어서 만든 떠먹케였는데 마니 달지 않아서 계속 손이 가는 맛이당 경주 황리단길 근처 조용하고 분위기 좋은... ,˚ෆ*₊,blog.naver.com/torinuna_1101,naver_blog,보라색 디저트,related,0.3,2026-05-26T11:02:57.061617+00:00,0,0,0,0,˚ෆ*₊,넣으면 당도 조절되고 색도 <b>보라색</b>으로 바뀜 영상 찍을걸 그랬눼 <b>디저트</b>는 끼리치즈랑 오레오 섞어서 만든 떠먹케였는데 마니 달지 않아서 계속 손이 가는 맛이당 경주 황리단길 근처 조용하고 분위기 좋은... ,"{""title"": ""[경주] 릿(Lit) : 황오동 카페 추천"", ""link"": ""https://blog.naver.com/torinuna_1101/224296449437"", ""description"": ""넣으면 당도 조절되고 색도 <b>보라색</b>으로 바뀜 영상 찍을걸 그랬눼 <b>디저트</b>는 끼리치즈랑 오레오 섞어서 만든 떠먹케였는데 마니 달지 않아서 계속 손이 가는 맛이당 경주 황리단길 근처 조용하고 분위기 좋은... "", ""bloggername"": ""˚ෆ*₊"", ""bloggerlink"": ""blog.naver.com/torinuna_1101"", ""postdate"": ""20260526""}"
우베,preset,보라색 디저트,흑백요리사 출연 셰프의 호주 멜버른 맛집 ALT PASTA BAR... ,https://blog.naver.com/fridaysol/224296441978,20260526,"생선 자체가 연한 핑크빛이고, 그 위에 초록색, 노란색, <b>보라색</b> 포인트가 조금씩 올라가 있으니... 앞에 굴이랑 킹피쉬가 워낙 인상적이었고, 파스타도 비주얼이 강한 것에 비해 마지막 <b>디저트</b>는... ",Trend & Taste,blog.naver.com/fridaysol,naver_blog,보라색 디저트,related,0.3,2026-05-26T11:02:57.061617+00:00,0,0,0,0,Trend & Taste,"생선 자체가 연한 핑크빛이고, 그 위에 초록색, 노란색, <b>보라색</b> 포인트가 조금씩 올라가 있으니... 앞에 굴이랑 킹피쉬가 워낙 인상적이었고, 파스타도 비주얼이 강한 것에 비해 마지막 <b>디저트</b>는... ","{""title"": ""흑백요리사 출연 셰프의 호주 멜버른 맛집 ALT PASTA BAR... "", ""link"": ""https://blog.naver.com/fridaysol/224296441978"", ""description"": ""생선 자체가 연한 핑크빛이고, 그 위에 초록색, 노란색, <b>보라색</b> 포인트가 조금씩 올라가 있으니... 앞에 굴이랑 킹피쉬가 워낙 인상적이었고, 파스타도 비주얼이 강한 것에 비해 마지막 <b>디저트</b>는... "", ""bloggername"": ""Trend & Taste"", ""bloggerlink"": ""blog.naver.com/fridaysol"", ""postdate"": ""20260526""}"
우베,preset,보라색 디저트,[신메뉴 리뷰] 상큼향긋 라벤더맛~ 폴바셋 신메뉴 라벤더... ,https://blog.naver.com/hikey95/224296111735,20260526,라벤더 &amp; <b>보라색</b> 감성 느낌이더라구요  메뉴는 1) 라벤더 아이스크림 2) 라벤더 아이스크림 블루베리... 고급 <b>디저트</b> 음료✨ 느낌이였어요   우베 VS 라벤더  요즘 우베 음료도 엄청 많잖아요? 근데 개인적으로는... ,세상을 맛보는 덕또,blog.naver.com/hikey95,naver_blog,보라색 디저트,related,0.3,2026-05-26T11:02:57.061617+00:00,0,0,0,0,세상을 맛보는 덕또,라벤더 &amp; <b>보라색</b> 감성 느낌이더라구요  메뉴는 1) 라벤더 아이스크림 2) 라벤더 아이스크림 블루베리... 고급 <b>디저트</b> 음료✨ 느낌이였어요   우베 VS 라벤더  요즘 우베 음료도 엄청 많잖아요? 근데 개인적으로는... ,"{""title"": ""[신메뉴 리뷰] 상큼향긋 라벤더맛~ 폴바셋 신메뉴 라벤더... "", ""link"": ""https://blog.naver.com/hikey95/224296111735"", ""description"": ""라벤더 &amp; <b>보라색</b> 감성 느낌이더라구요  메뉴는 1) 라벤더 아이스크림 2) 라벤더 아이스크림 블루베리... 고급 <b>디저트</b> 음료✨ 느낌이였어요   우베 VS 라벤더  요즘 우베 음료도 엄청 많잖아요? 근데 개인적으로는... "", ""bloggername"": ""세상을 맛보는 덕또"", ""bloggerlink"": ""blog.naver.com/hikey95"", ""postdate"": ""20260526""}"
우베,preset,보라색 디저트,"맥도날드 신메뉴 내돈내산 솔직 후기! 스낵랩, 츄러스, 쉐이크... ",https://blog.naver.com/mujinbon/224296436642,20260526,"스낵랩부터 <b>디저트</b>까지, 여러분의 소중한 돈과 칼로리를 책임져 줄 진짜 정보를 지금 바로 소개해... 그리머스 쉐이크, 블루베리와 밀크의 기묘한 만남 마지막으로 SNS를 뜨겁게 달구고 있는 독특한 <b>보라색</b>... ",커피와 레이나님의 블로그,blog.naver.com/mujinbon,naver_blog,보라색 디저트,related,0.3,2026-05-26T11:02:57.061617+00:00,0,0,0,0,커피와 레이나님의 블로그,"스낵랩부터 <b>디저트</b>까지, 여러분의 소중한 돈과 칼로리를 책임져 줄 진짜 정보를 지금 바로 소개해... 그리머스 쉐이크, 블루베리와 밀크의 기묘한 만남 마지막으로 SNS를 뜨겁게 달구고 있는 독특한 <b>보라색</b>... ","{""title"": ""맥도날드 신메뉴 내돈내산 솔직 후기! 스낵랩, 츄러스, 쉐이크... "", ""link"": ""https://blog.naver.com/mujinbon/224296436642"", ""description"": ""스낵랩부터 <b>디저트</b>까지, 여러분의 소중한 돈과 칼로리를 책임져 줄 진짜 정보를 지금 바로 소개해... 그리머스 쉐이크, 블루베리와 밀크의 기묘한 만남 마지막으로 SNS를 뜨겁게 달구고 있는 독특한 <b>보라색</b>... "", ""bloggername"": ""커피와 레이나님의 블로그"", ""bloggerlink"": ""blog.naver.com/mujinbon"", ""postdate"": ""20260526""}"
우베,preset,보라색 디저트,자두의 다양한 종류와 영양 가치 여름 간식으로 최고,https://blog.naver.com/cd508cup1z/224296431960,20260526,"\n빨간색, <b>보라색</b>, 노란색 등 각기 다른 색깔의 자두가 저마다의 매력을 지니고 있죠.\n예를 들어, 빨간... \n자두를 이용한 샐러드, 또는 <b>디저트</b>로 만드는 자두 타르트는 정말 훌륭해요.\n자두의 달콤함이 다른... ",cd508cup1z님의 블로그,blog.naver.com/cd508cup1z,naver_blog,보라색 디저트,related,0.3,2026-05-26T11:02:57.061617+00:00,0,0,0,0,cd508cup1z님의 블로그,"\n빨간색, <b>보라색</b>, 노란색 등 각기 다른 색깔의 자두가 저마다의 매력을 지니고 있죠.\n예를 들어, 빨간... \n자두를 이용한 샐러드, 또는 <b>디저트</b>로 만드는 자두 타르트는 정말 훌륭해요.\n자두의 달콤함이 다른... ","{""title"": ""자두의 다양한 종류와 영양 가치 여름 간식으로 최고"", ""link"": ""https://blog.naver.com/cd508cup1z/224296431960"", ""description"": ""\\n빨간색, <b>보라색</b>, 노란색 등 각기 다른 색깔의 자두가 저마다의 매력을 지니고 있죠.\\n예를 들어, 빨간... \\n자두를 이용한 샐러드, 또는 <b>디저트</b>로 만드는 자두 타르트는 정말 훌륭해요.\\n자두의 달콤함이 다른... "", ""bloggername"": ""cd508cup1z님의 블로그"", ""bloggerlink"": ""blog.naver.com/cd508cup1z"", ""postdate"": ""20260526""}"
우베,preset,보라색 디저트,오디의효능 제대로 보려면? 혈당·눈·혈관 관리 전 꼭 알아둘... ,https://blog.naver.com/aaoc3142/224296427530,20260526,마트나 시장에서 검<b>보라색</b> 오디가 보이면 괜히 한 번 더 보게 되죠. 달콤한 제철 과일로만 알기 쉽지만... 많은 <b>디저트</b> 대신 가벼운 과일 간식 선택 혈당 관리에 관심 있다면 DNJ를 이렇게 이해하세요 오디의효능을... ,알뜰정보통,blog.naver.com/aaoc3142,naver_blog,보라색 디저트,related,0.3,2026-05-26T11:02:57.061617+00:00,0,0,0,0,알뜰정보통,마트나 시장에서 검<b>보라색</b> 오디가 보이면 괜히 한 번 더 보게 되죠. 달콤한 제철 과일로만 알기 쉽지만... 많은 <b>디저트</b> 대신 가벼운 과일 간식 선택 혈당 관리에 관심 있다면 DNJ를 이렇게 이해하세요 오디의효능을... ,"{""title"": ""오디의효능 제대로 보려면? 혈당·눈·혈관 관리 전 꼭 알아둘... "", ""link"": ""https://blog.naver.com/aaoc3142/224296427530"", ""description"": ""마트나 시장에서 검<b>보라색</b> 오디가 보이면 괜히 한 번 더 보게 되죠. 달콤한 제철 과일로만 알기 쉽지만... 많은 <b>디저트</b> 대신 가벼운 과일 간식 선택 혈당 관리에 관심 있다면 DNJ를 이렇게 이해하세요 오디의효능을... "", ""bloggername"": ""알뜰정보통"", ""bloggerlink"": ""blog.naver.com/aaoc3142"", ""postdate"": ""20260526""}"
우베,preset,보라색 디저트,"초여름 신상 미쳤다! 5,6월 카페 편의점 뷰티 뷔페 굿즈 총정리",https://blog.naver.com/infotecustom2/224296419809,20260526,티 &amp; 디저트  환유 7종 세트 제공  세븐일레븐 우베 시리즈 출시! 요즘 SNS에서 Hot한 <b>보라색 디저트</b>  세븐일레븐이 【 우베 시리즈 】를 대거 출시했습니다. ✅「 신상 리스트 」  우베쿠키크럼블컵케익... ,알기꿀,blog.naver.com/infotecustom2,naver_blog,보라색 디저트,related,0.3,2026-05-26T11:02:57.061617+00:00,0,0,0,0,알기꿀,티 &amp; 디저트  환유 7종 세트 제공  세븐일레븐 우베 시리즈 출시! 요즘 SNS에서 Hot한 <b>보라색 디저트</b>  세븐일레븐이 【 우베 시리즈 】를 대거 출시했습니다. ✅「 신상 리스트 」  우베쿠키크럼블컵케익... ,"{""title"": ""초여름 신상 미쳤다! 5,6월 카페 편의점 뷰티 뷔페 굿즈 총정리"", ""link"": ""https://blog.naver.com/infotecustom2/224296419809"", ""description"": ""티 &amp; 디저트  환유 7종 세트 제공  세븐일레븐 우베 시리즈 출시! 요즘 SNS에서 Hot한 <b>보라색 디저트</b>  세븐일레븐이 【 우베 시리즈 】를 대거 출시했습니다. ✅「 신상 리스트 」  우베쿠키크럼블컵케익... "", ""bloggername"": ""알기꿀"", ""bloggerlink"": ""blog.naver.com/infotecustom2"", ""postdate"": ""20260526""}"
우베,preset,보라색 디저트,"대구 범어동 신상 카페 르고메드파리16, 유럽 분위기의 브런치... ",https://blog.naver.com/yonzeeedge/224296419429,20260526,외벽과 <b>보라색</b> 문이 보는 순간부터 설렘을 안겨주었던 곳 대구 수성구 범어동 신상 카페... 행복했던 <b>디저트</b> 타임 브런치를 먹으면 아메리카노를 주는 리뷰이벤트도 하고 있었다 이거 알았으면 브런치 시킬걸... ,나의 작은 방,blog.naver.com/yonzeeedge,naver_blog,보라색 디저트,related,0.3,2026-05-26T11:02:57.061617+00:00,0,0,0,0,나의 작은 방,외벽과 <b>보라색</b> 문이 보는 순간부터 설렘을 안겨주었던 곳 대구 수성구 범어동 신상 카페... 행복했던 <b>디저트</b> 타임 브런치를 먹으면 아메리카노를 주는 리뷰이벤트도 하고 있었다 이거 알았으면 브런치 시킬걸... ,"{""title"": ""대구 범어동 신상 카페 르고메드파리16, 유럽 분위기의 브런치... "", ""link"": ""https://blog.naver.com/yonzeeedge/224296419429"", ""description"": ""외벽과 <b>보라색</b> 문이 보는 순간부터 설렘을 안겨주었던 곳 대구 수성구 범어동 신상 카페... 행복했던 <b>디저트</b> 타임 브런치를 먹으면 아메리카노를 주는 리뷰이벤트도 하고 있었다 이거 알았으면 브런치 시킬걸... "", ""bloggername"": ""나의 작은 방"", ""bloggerlink"": ""blog.naver.com/yonzeeedge"", ""postdate"": ""20260526""}"
우베,preset,보라색 디저트,장자도호떡마을 원조찹쌀씨앗호떡 원조1호집 바다품은... ,https://blog.naver.com/kyj6330/224296196372,20260526,"앞 <b>보라색</b> 간판! 장자도<b>디저트</b> 메뉴정보 다양한 종류의 호떡(2,000~5,000원) 뿐만아니라 꼬불이 오뎅과(1,500원) 각종 음료들도 있었는데요, 어제 날씨가 좀 더워서 짝꿍과 함께 아이스크림호떡(5,000원) 그리고... ",동그라미족장일기,blog.naver.com/kyj6330,naver_blog,보라색 디저트,related,0.3,2026-05-26T11:02:57.061617+00:00,0,0,0,0,동그라미족장일기,"앞 <b>보라색</b> 간판! 장자도<b>디저트</b> 메뉴정보 다양한 종류의 호떡(2,000~5,000원) 뿐만아니라 꼬불이 오뎅과(1,500원) 각종 음료들도 있었는데요, 어제 날씨가 좀 더워서 짝꿍과 함께 아이스크림호떡(5,000원) 그리고... ","{""title"": ""장자도호떡마을 원조찹쌀씨앗호떡 원조1호집 바다품은... "", ""link"": ""https://blog.naver.com/kyj6330/224296196372"", ""description"": ""앞 <b>보라색</b> 간판! 장자도<b>디저트</b> 메뉴정보 다양한 종류의 호떡(2,000~5,000원) 뿐만아니라 꼬불이 오뎅과(1,500원) 각종 음료들도 있었는데요, 어제 날씨가 좀 더워서 짝꿍과 함께 아이스크림호떡(5,000원) 그리고... "", ""bloggername"": ""동그라미족장일기"", ""bloggerlink"": ""blog.naver.com/kyj6330"", ""postdate"": ""20260526""}"
우베,preset,필리핀 디저트,"건강 트렌드, 보라색 자색고구마 우베 효능과 영양 성분",https://blog.naver.com/heemanggonggan/224297158366,20260526,오늘 함께 알아볼 웰빙 건강 트렌드는 <b>디저트</b>와 음료의 인기를 끌고 있는 우베 성분 정보입니다. 독특한 보라색 빛깔과 부드럽고 달콤한 맛으로 최근 전 세계 많은 이들의 주목을 받고 있습니다. <b>필리핀</b>이... ,희망공간 제작소,blog.naver.com/heemanggonggan,naver_blog,필리핀 디저트,related,0.3,2026-05-26T11:02:57.061617+00:00,0,0,0,0,희망공간 제작소,오늘 함께 알아볼 웰빙 건강 트렌드는 <b>디저트</b>와 음료의 인기를 끌고 있는 우베 성분 정보입니다. 독특한 보라색 빛깔과 부드럽고 달콤한 맛으로 최근 전 세계 많은 이들의 주목을 받고 있습니다. <b>필리핀</b>이... ,"{""title"": ""건강 트렌드, 보라색 자색고구마 우베 효능과 영양 성분"", ""link"": ""https://blog.naver.com/heemanggonggan/224297158366"", ""description"": ""오늘 함께 알아볼 웰빙 건강 트렌드는 <b>디저트</b>와 음료의 인기를 끌고 있는 우베 성분 정보입니다. 독특한 보라색 빛깔과 부드럽고 달콤한 맛으로 최근 전 세계 많은 이들의 주목을 받고 있습니다. <b>필리핀</b>이... "", ""bloggername"": ""희망공간 제작소"", ""bloggerlink"": ""blog.naver.com/heemanggonggan"", ""postdate"": ""20260526""}"
우베,preset,필리핀 디저트,6월 제주 동쪽 가볼만한 곳 망고가 제철이라 맛있는 곳,https://blog.naver.com/lilly_always/224297145197,20260526,<b>필리핀 디저트</b> 카페 3. 다양한 메뉴 4. 제주 동쪽 여행 코스 1. 제주 6월 가볼만한곳 제주 6월 동쪽... 망고 전문 카페인 제주 망고데이는 필리핀에서 망고를 받아서 쓰니까 망고 관련 디저트들이 엄청 맛있어요!... ,내일의 소정,blog.naver.com/lilly_always,naver_blog,필리핀 디저트,related,0.3,2026-05-26T11:02:57.061617+00:00,0,0,0,0,내일의 소정,<b>필리핀 디저트</b> 카페 3. 다양한 메뉴 4. 제주 동쪽 여행 코스 1. 제주 6월 가볼만한곳 제주 6월 동쪽... 망고 전문 카페인 제주 망고데이는 필리핀에서 망고를 받아서 쓰니까 망고 관련 디저트들이 엄청 맛있어요!... ,"{""title"": ""6월 제주 동쪽 가볼만한 곳 망고가 제철이라 맛있는 곳"", ""link"": ""https://blog.naver.com/lilly_always/224297145197"", ""description"": ""<b>필리핀 디저트</b> 카페 3. 다양한 메뉴 4. 제주 동쪽 여행 코스 1. 제주 6월 가볼만한곳 제주 6월 동쪽... 망고 전문 카페인 제주 망고데이는 필리핀에서 망고를 받아서 쓰니까 망고 관련 디저트들이 엄청 맛있어요!... "", ""bloggername"": ""내일의 소정"", ""bloggerlink"": ""blog.naver.com/lilly_always"", ""postdate"": ""20260526""}"
우베,preset,필리핀 디저트,수입업체 <b>필리핀</b>산 우베 100% 원료 · 중국 현지 생산 · 한국 독,https://blog.naver.com/xldpflgudrn/224297141559,20260526,"<b>필리핀</b>에서 수백 년간 사랑받아온 자색 참마, 우베. 그 특유의 달콤하고 고소하며 은은한 바닐라향은... 빙수 · 소르베 ✔ 우베 떡 · 카스텔라 · 찹쌀 <b>디저트</b> ✔ 우베 크림치즈 · 버터크림 · 가나슈 필링... ",FORTE 무역,blog.naver.com/xldpflgudrn,naver_blog,필리핀 디저트,related,0.3,2026-05-26T11:02:57.061617+00:00,0,0,0,0,FORTE 무역,"<b>필리핀</b>에서 수백 년간 사랑받아온 자색 참마, 우베. 그 특유의 달콤하고 고소하며 은은한 바닐라향은... 빙수 · 소르베 ✔ 우베 떡 · 카스텔라 · 찹쌀 <b>디저트</b> ✔ 우베 크림치즈 · 버터크림 · 가나슈 필링... ","{""title"": ""수입업체 <b>필리핀</b>산 우베 100% 원료 · 중국 현지 생산 · 한국 독"", ""link"": ""https://blog.naver.com/xldpflgudrn/224297141559"", ""description"": ""<b>필리핀</b>에서 수백 년간 사랑받아온 자색 참마, 우베. 그 특유의 달콤하고 고소하며 은은한 바닐라향은... 빙수 · 소르베 ✔ 우베 떡 · 카스텔라 · 찹쌀 <b>디저트</b> ✔ 우베 크림치즈 · 버터크림 · 가나슈 필링... "", ""bloggername"": ""FORTE 무역"", ""bloggerlink"": ""blog.naver.com/xldpflgudrn"", ""postdate"": ""20260526""}"
우베,preset,필리핀 디저트,우베 보라색 열풍 그 뒤에 숨겨진 진짜 맛과 인기 비결,https://blog.naver.com/pshoewer/224296341822,20260526,"다양한 <b>디저트</b>와 환상적인 궁합을 자랑합니다. <b>필리핀</b>에서는 '우베 할라야'라는 으깬 우베에 설탕과 우유를 넣어 만든 달콤한 <b>디저트</b>가 유명할 정도로, 우베 자체로도 훌륭한 맛을 가지고 있답니다. 인기 폭발!... ",그래 미쳐보는거다,blog.naver.com/pshoewer,naver_blog,필리핀 디저트,related,0.3,2026-05-26T11:02:57.061617+00:00,0,0,0,0,그래 미쳐보는거다,"다양한 <b>디저트</b>와 환상적인 궁합을 자랑합니다. <b>필리핀</b>에서는 '우베 할라야'라는 으깬 우베에 설탕과 우유를 넣어 만든 달콤한 <b>디저트</b>가 유명할 정도로, 우베 자체로도 훌륭한 맛을 가지고 있답니다. 인기 폭발!... ","{""title"": ""우베 보라색 열풍 그 뒤에 숨겨진 진짜 맛과 인기 비결"", ""link"": ""https://blog.naver.com/pshoewer/224296341822"", ""description"": ""다양한 <b>디저트</b>와 환상적인 궁합을 자랑합니다. <b>필리핀</b>에서는 '우베 할라야'라는 으깬 우베에 설탕과 우유를 넣어 만든 달콤한 <b>디저트</b>가 유명할 정도로, 우베 자체로도 훌륭한 맛을 가지고 있답니다. 인기 폭발!... "", ""bloggername"": ""그래 미쳐보는거다"", ""bloggerlink"": ""blog.naver.com/pshoewer"", ""postdate"": ""20260526""}"
우베,preset,필리핀 디저트,서울 카페 묘몽,https://blog.naver.com/bbotum/224297106363,20260526,『 메뉴 』 음료도 다양하고 <b>디저트</b>도 다양하고~ 내가 좋아하는 선택지 많은 카페 (결정이 어렵지만... 전 여기 가기 직전에 메뉴보다 알았습니다 껄껄- (우베는 <b>필리핀</b>에서 많이 쓰는 보라색 마 계열 식재료)... ,뽀툼의 틈,blog.naver.com/bbotum,naver_blog,필리핀 디저트,related,0.3,2026-05-26T11:02:57.061617+00:00,0,0,0,0,뽀툼의 틈,『 메뉴 』 음료도 다양하고 <b>디저트</b>도 다양하고~ 내가 좋아하는 선택지 많은 카페 (결정이 어렵지만... 전 여기 가기 직전에 메뉴보다 알았습니다 껄껄- (우베는 <b>필리핀</b>에서 많이 쓰는 보라색 마 계열 식재료)... ,"{""title"": ""서울 카페 묘몽"", ""link"": ""https://blog.naver.com/bbotum/224297106363"", ""description"": ""『 메뉴 』 음료도 다양하고 <b>디저트</b>도 다양하고~ 내가 좋아하는 선택지 많은 카페 (결정이 어렵지만... 전 여기 가기 직전에 메뉴보다 알았습니다 껄껄- (우베는 <b>필리핀</b>에서 많이 쓰는 보라색 마 계열 식재료)... "", ""bloggername"": ""뽀툼의 틈"", ""bloggerlink"": ""blog.naver.com/bbotum"", ""postdate"": ""20260526""}"
우베,preset,필리핀 디저트,"우베 뜻과 맛, 효능 완벽 정리! 타로 자색고구마 차이점",https://blog.naver.com/sogool/224296958740,20260526,"필리핀에서는 예로부터 할로할로(Halo-halo, 필리핀식 빙수)나 빵, 아이스크림 등 전통 디저트를 만들 때... 다이어트간식 #<b>필리핀디저트</b> #할로할로 #우베라떼 #지식창고지박사 #건강정보 #푸드트렌드 #식재료사전... ",생활지식 저장소,blog.naver.com/sogool,naver_blog,필리핀 디저트,related,0.3,2026-05-26T11:02:57.061617+00:00,0,0,0,0,생활지식 저장소,"필리핀에서는 예로부터 할로할로(Halo-halo, 필리핀식 빙수)나 빵, 아이스크림 등 전통 디저트를 만들 때... 다이어트간식 #<b>필리핀디저트</b> #할로할로 #우베라떼 #지식창고지박사 #건강정보 #푸드트렌드 #식재료사전... ","{""title"": ""우베 뜻과 맛, 효능 완벽 정리! 타로 자색고구마 차이점"", ""link"": ""https://blog.naver.com/sogool/224296958740"", ""description"": ""필리핀에서는 예로부터 할로할로(Halo-halo, 필리핀식 빙수)나 빵, 아이스크림 등 전통 디저트를 만들 때... 다이어트간식 #<b>필리핀디저트</b> #할로할로 #우베라떼 #지식창고지박사 #건강정보 #푸드트렌드 #식재료사전... "", ""bloggername"": ""생활지식 저장소"", ""bloggerlink"": ""blog.naver.com/sogool"", ""postdate"": ""20260526""}"
우베,preset,필리핀 디저트,"뜻 알고 드시나요? 보라색 <b>디저트</b> 열풍의 진짜 이유와 맛, 효능",https://blog.naver.com/tmdwns04281/224297007403,20260526,#우베뜻 #우베맛 #우베효능 #보라색<b>디저트</b> #우베라떼 #<b>필리핀</b>우베 #자색고구마차이 #타로차이 #할라야 #F&amp;B트렌드 #<b>디저트</b>추천 #직장인일상 #경제노트 #헬시플레저 #인스타감성,뚜니의 일상사전,blog.naver.com/tmdwns04281,naver_blog,필리핀 디저트,related,0.3,2026-05-26T11:02:57.061617+00:00,0,0,0,0,뚜니의 일상사전,#우베뜻 #우베맛 #우베효능 #보라색<b>디저트</b> #우베라떼 #<b>필리핀</b>우베 #자색고구마차이 #타로차이 #할라야 #F&amp;B트렌드 #<b>디저트</b>추천 #직장인일상 #경제노트 #헬시플레저 #인스타감성,"{""title"": ""뜻 알고 드시나요? 보라색 <b>디저트</b> 열풍의 진짜 이유와 맛, 효능"", ""link"": ""https://blog.naver.com/tmdwns04281/224297007403"", ""description"": ""#우베뜻 #우베맛 #우베효능 #보라색<b>디저트</b> #우베라떼 #<b>필리핀</b>우베 #자색고구마차이 #타로차이 #할라야 #F&amp;B트렌드 #<b>디저트</b>추천 #직장인일상 #경제노트 #헬시플레저 #인스타감성"", ""bloggername"": ""뚜니의 일상사전"", ""bloggerlink"": ""blog.naver.com/tmdwns04281"", ""postdate"": ""20260526""}"
우베,preset,필리핀 디저트,생생정보 [맛집맞수다] 강릉 <b>필리핀</b>식 바비큐 맛집 식당 위치,https://blog.naver.com/lucky_lala/224297014824,20260526,커피거리와 푸른 동해 바다로 유명한 안목해변에서 흔히 만나는 해산물이나 카페 <b>디저트</b>와는 또 다른 매력을 느낄 수 있는 <b>필리핀</b>식 바비큐 맛집입니다. 강원도에서는 쉽게 접하기 힘든 정통 <b>필리핀</b> 요리를... ,내 삶의 행복,blog.naver.com/lucky_lala,naver_blog,필리핀 디저트,related,0.3,2026-05-26T11:02:57.061617+00:00,0,0,0,0,내 삶의 행복,커피거리와 푸른 동해 바다로 유명한 안목해변에서 흔히 만나는 해산물이나 카페 <b>디저트</b>와는 또 다른 매력을 느낄 수 있는 <b>필리핀</b>식 바비큐 맛집입니다. 강원도에서는 쉽게 접하기 힘든 정통 <b>필리핀</b> 요리를... ,"{""title"": ""생생정보 [맛집맞수다] 강릉 <b>필리핀</b>식 바비큐 맛집 식당 위치"", ""link"": ""https://blog.naver.com/lucky_lala/224297014824"", ""description"": ""커피거리와 푸른 동해 바다로 유명한 안목해변에서 흔히 만나는 해산물이나 카페 <b>디저트</b>와는 또 다른 매력을 느낄 수 있는 <b>필리핀</b>식 바비큐 맛집입니다. 강원도에서는 쉽게 접하기 힘든 정통 <b>필리핀</b> 요리를... "", ""bloggername"": ""내 삶의 행복"", ""bloggerlink"": ""blog.naver.com/lucky_lala"", ""postdate"": ""20260526""}"
우베,preset,필리핀 디저트,우베 뜻과 효능,https://blog.naver.com/usanalove324/224296973838,20260526,최근 <b>디저트</b>와 음료 트렌드로 급부상한 우베 뜻과 타로와의 차이점을 명확히 비교해 드려요. 2026년... 정확한 우베 뜻을 알기 위해서는 발상지인 <b>필리핀</b>의 언어를 살펴봐야 해요. 우베 뜻은 <b>필리핀</b>어로... ,유사나 헬씨 라이프,blog.naver.com/usanalove324,naver_blog,필리핀 디저트,related,0.3,2026-05-26T11:02:57.061617+00:00,0,0,0,0,유사나 헬씨 라이프,최근 <b>디저트</b>와 음료 트렌드로 급부상한 우베 뜻과 타로와의 차이점을 명확히 비교해 드려요. 2026년... 정확한 우베 뜻을 알기 위해서는 발상지인 <b>필리핀</b>의 언어를 살펴봐야 해요. 우베 뜻은 <b>필리핀</b>어로... ,"{""title"": ""우베 뜻과 효능"", ""link"": ""https://blog.naver.com/usanalove324/224296973838"", ""description"": ""최근 <b>디저트</b>와 음료 트렌드로 급부상한 우베 뜻과 타로와의 차이점을 명확히 비교해 드려요. 2026년... 정확한 우베 뜻을 알기 위해서는 발상지인 <b>필리핀</b>의 언어를 살펴봐야 해요. 우베 뜻은 <b>필리핀</b>어로... "", ""bloggername"": ""유사나 헬씨 라이프"", ""bloggerlink"": ""blog.naver.com/usanalove324"", ""postdate"": ""20260526""}"
우베,preset,필리핀 디저트,성수 맛집 추천 *  차일디쉬 빙수 맛과 공간 감성 모두 만족,https://blog.naver.com/runa402/224290689627,20260526,"예를 들어 <b>필리핀</b> 우베 빙수와 대만식 생망고빙수는 각 20,900원으로 <b>디저트</b> 치고는 가격이 꽤 있는 편이다. 하지만 한 번 맛본 이들은 크기와 맛에 만족감을 드러낸다. 소금빵은 2,500원부터 시작해 샌드위치... ",로컬가이드 (사는곳의 모든것),blog.naver.com/runa402,naver_blog,필리핀 디저트,related,0.3,2026-05-26T11:02:57.061617+00:00,0,0,0,0,로컬가이드 (사는곳의 모든것),"예를 들어 <b>필리핀</b> 우베 빙수와 대만식 생망고빙수는 각 20,900원으로 <b>디저트</b> 치고는 가격이 꽤 있는 편이다. 하지만 한 번 맛본 이들은 크기와 맛에 만족감을 드러낸다. 소금빵은 2,500원부터 시작해 샌드위치... ","{""title"": ""성수 맛집 추천 *  차일디쉬 빙수 맛과 공간 감성 모두 만족"", ""link"": ""https://blog.naver.com/runa402/224290689627"", ""description"": ""예를 들어 <b>필리핀</b> 우베 빙수와 대만식 생망고빙수는 각 20,900원으로 <b>디저트</b> 치고는 가격이 꽤 있는 편이다. 하지만 한 번 맛본 이들은 크기와 맛에 만족감을 드러낸다. 소금빵은 2,500원부터 시작해 샌드위치... "", ""bloggername"": ""로컬가이드 (사는곳의 모든것)"", ""bloggerlink"": ""blog.naver.com/runa402"", ""postdate"": ""20260526""}"
우베,preset,필리핀 디저트,생생정보통 2540회 생생정보맛집 감악산참숯생소금구이... ,https://blog.naver.com/soggomdi/224296937978,20260526,대결: <b>필리핀</b>식 바비큐 vs 꼬막피자 강릉은 커피 거리만이 아닙니다. 오늘 방송에서는 강릉의 개성... 멜론 <b>디저트</b> 등 다양한 체험 프로그램을 운영합니다. 곡성 멜론은 멜론 형상의 버스 정류장이 있을... ,안 보면 손해☆정보 보물단지,blog.naver.com/soggomdi,naver_blog,필리핀 디저트,related,0.3,2026-05-26T11:02:57.061617+00:00,0,0,0,0,안 보면 손해☆정보 보물단지,대결: <b>필리핀</b>식 바비큐 vs 꼬막피자 강릉은 커피 거리만이 아닙니다. 오늘 방송에서는 강릉의 개성... 멜론 <b>디저트</b> 등 다양한 체험 프로그램을 운영합니다. 곡성 멜론은 멜론 형상의 버스 정류장이 있을... ,"{""title"": ""생생정보통 2540회 생생정보맛집 감악산참숯생소금구이... "", ""link"": ""https://blog.naver.com/soggomdi/224296937978"", ""description"": ""대결: <b>필리핀</b>식 바비큐 vs 꼬막피자 강릉은 커피 거리만이 아닙니다. 오늘 방송에서는 강릉의 개성... 멜론 <b>디저트</b> 등 다양한 체험 프로그램을 운영합니다. 곡성 멜론은 멜론 형상의 버스 정류장이 있을... "", ""bloggername"": ""안 보면 손해☆정보 보물단지"", ""bloggerlink"": ""blog.naver.com/soggomdi"", ""postdate"": ""20260526""}"
우베,preset,필리핀 디저트,"생생정보 맛집맞수다 강릉맛집, 현지인 운영 <b>필리핀</b> 바베큐... ",https://blog.naver.com/onsuuuu/224296923821,20260526,생생정보 : 맛집 맞수다 <b>필리핀</b> 출신 사장님이 운영하는 정통 <b>필리핀</b>식 바비큐 ! 강릉 안목해변은... 2026년 현재 강릉을 찾는 여행객들 사이에서 단순한 한식이나 <b>디저트</b>를 넘어 현지의 무드를 그대로 살린... ,오늘의 잇슈 ON,blog.naver.com/onsuuuu,naver_blog,필리핀 디저트,related,0.3,2026-05-26T11:02:57.061617+00:00,0,0,0,0,오늘의 잇슈 ON,생생정보 : 맛집 맞수다 <b>필리핀</b> 출신 사장님이 운영하는 정통 <b>필리핀</b>식 바비큐 ! 강릉 안목해변은... 2026년 현재 강릉을 찾는 여행객들 사이에서 단순한 한식이나 <b>디저트</b>를 넘어 현지의 무드를 그대로 살린... ,"{""title"": ""생생정보 맛집맞수다 강릉맛집, 현지인 운영 <b>필리핀</b> 바베큐... "", ""link"": ""https://blog.naver.com/onsuuuu/224296923821"", ""description"": ""생생정보 : 맛집 맞수다 <b>필리핀</b> 출신 사장님이 운영하는 정통 <b>필리핀</b>식 바비큐 ! 강릉 안목해변은... 2026년 현재 강릉을 찾는 여행객들 사이에서 단순한 한식이나 <b>디저트</b>를 넘어 현지의 무드를 그대로 살린... "", ""bloggername"": ""오늘의 잇슈 ON"", ""bloggerlink"": ""blog.naver.com/onsuuuu"", ""postdate"": ""20260526""}"
우베,preset,필리핀 디저트,GS 편의점 신상 <b>디저트</b> 리뷰,https://blog.naver.com/bethoumyvision91/224296866116,20260526,"54% 함유 우베는 <b>필리핀</b>에서 많이 먹는 자색 고구마 계열의 재료인데, 특유의 달달하면서도 고소한 맛 때문에 요즘 <b>디저트</b>로 엄청 많이 나오더라고요.  비주얼 포장부터 완전 보라보라해서 눈에 확 들어옴ㅋㅋ... ",watch and heal,blog.naver.com/bethoumyvision91,naver_blog,필리핀 디저트,related,0.3,2026-05-26T11:02:57.061617+00:00,0,0,0,0,watch and heal,"54% 함유 우베는 <b>필리핀</b>에서 많이 먹는 자색 고구마 계열의 재료인데, 특유의 달달하면서도 고소한 맛 때문에 요즘 <b>디저트</b>로 엄청 많이 나오더라고요.  비주얼 포장부터 완전 보라보라해서 눈에 확 들어옴ㅋㅋ... ","{""title"": ""GS 편의점 신상 <b>디저트</b> 리뷰"", ""link"": ""https://blog.naver.com/bethoumyvision91/224296866116"", ""description"": ""54% 함유 우베는 <b>필리핀</b>에서 많이 먹는 자색 고구마 계열의 재료인데, 특유의 달달하면서도 고소한 맛 때문에 요즘 <b>디저트</b>로 엄청 많이 나오더라고요.  비주얼 포장부터 완전 보라보라해서 눈에 확 들어옴ㅋㅋ... "", ""bloggername"": ""watch and heal"", ""bloggerlink"": ""blog.naver.com/bethoumyvision91"", ""postdate"": ""20260526""}"
우베,preset,필리핀 디저트,31개월 아기와 함께한 2박3일 제주여행 첫번째 이야기(26년1월),https://blog.naver.com/nakkim2/224296840360,20260526,"우리가족은 괌, <b>필리핀</b>을 먼저 다녀왔는데 3시간반 넘는 비행 경험이 있어서 그런지 1시간 제주 비행은... 협재해수욕장 인근 카페에서 음료 + <b>디저트</b> 먹기 바다뷰 그네 포토존있어 사진 찍기 제주 카페는... ",Love my life,blog.naver.com/nakkim2,naver_blog,필리핀 디저트,related,0.3,2026-05-26T11:02:57.061617+00:00,0,0,0,0,Love my life,"우리가족은 괌, <b>필리핀</b>을 먼저 다녀왔는데 3시간반 넘는 비행 경험이 있어서 그런지 1시간 제주 비행은... 협재해수욕장 인근 카페에서 음료 + <b>디저트</b> 먹기 바다뷰 그네 포토존있어 사진 찍기 제주 카페는... ","{""title"": ""31개월 아기와 함께한 2박3일 제주여행 첫번째 이야기(26년1월)"", ""link"": ""https://blog.naver.com/nakkim2/224296840360"", ""description"": ""우리가족은 괌, <b>필리핀</b>을 먼저 다녀왔는데 3시간반 넘는 비행 경험이 있어서 그런지 1시간 제주 비행은... 협재해수욕장 인근 카페에서 음료 + <b>디저트</b> 먹기 바다뷰 그네 포토존있어 사진 찍기 제주 카페는... "", ""bloggername"": ""Love my life"", ""bloggerlink"": ""blog.naver.com/nakkim2"", ""postdate"": ""20260526""}"
우베,preset,필리핀 디저트,우베 맛 우베 뜻 | 우베라떼 타로 차이점이 뭐에요?,https://blog.naver.com/ballonballer/224296835559,20260526,"최근에는 <b>필리핀 디저트</b> 유행하면서 우베 디저트, 우베라떼, 우베 아이스크림까지 국내 카페에서도... 필리핀에서는 우베를 디저트 재료로 정말 많이 쓰더라고요. 우베 케이크 우베 아이스크림 우베 라떼 우베... ",❤️알뜰살뜰 뚜뚱이네❤️,blog.naver.com/ballonballer,naver_blog,필리핀 디저트,related,0.3,2026-05-26T11:02:57.061617+00:00,0,0,0,0,❤️알뜰살뜰 뚜뚱이네❤️,"최근에는 <b>필리핀 디저트</b> 유행하면서 우베 디저트, 우베라떼, 우베 아이스크림까지 국내 카페에서도... 필리핀에서는 우베를 디저트 재료로 정말 많이 쓰더라고요. 우베 케이크 우베 아이스크림 우베 라떼 우베... ","{""title"": ""우베 맛 우베 뜻 | 우베라떼 타로 차이점이 뭐에요?"", ""link"": ""https://blog.naver.com/ballonballer/224296835559"", ""description"": ""최근에는 <b>필리핀 디저트</b> 유행하면서 우베 디저트, 우베라떼, 우베 아이스크림까지 국내 카페에서도... 필리핀에서는 우베를 디저트 재료로 정말 많이 쓰더라고요. 우베 케이크 우베 아이스크림 우베 라떼 우베... "", ""bloggername"": ""❤️알뜰살뜰 뚜뚱이네❤️"", ""bloggerlink"": ""blog.naver.com/ballonballer"", ""postdate"": ""20260526""}"
우베,preset,필리핀 디저트,"50대 아빠, <b>필리핀</b>에서 딸들 '밥 한 끼'로 바꾼 일주일의 기록 ✨",https://blog.naver.com/rizz-0707/224296827671,20260526,"50대 중반, 어쩌면 늦은 나이에 두 딸을 데리고 <b>필리핀</b> 일로일로까지 날아온 아빠로서 ✈️ 공부도... 한국에서 만 원짜리 <b>디저트</b>를 사줘도 저런 표정은 본 적이 없었거든요. 일주일 동안 &quot;안 돼&quot;라고 말할 때마다... ",iloilo에서 살아남기,blog.naver.com/rizz-0707,naver_blog,필리핀 디저트,related,0.3,2026-05-26T11:02:57.061617+00:00,0,0,0,0,iloilo에서 살아남기,"50대 중반, 어쩌면 늦은 나이에 두 딸을 데리고 <b>필리핀</b> 일로일로까지 날아온 아빠로서 ✈️ 공부도... 한국에서 만 원짜리 <b>디저트</b>를 사줘도 저런 표정은 본 적이 없었거든요. 일주일 동안 &quot;안 돼&quot;라고 말할 때마다... ","{""title"": ""50대 아빠, <b>필리핀</b>에서 딸들 '밥 한 끼'로 바꾼 일주일의 기록 ✨"", ""link"": ""https://blog.naver.com/rizz-0707/224296827671"", ""description"": ""50대 중반, 어쩌면 늦은 나이에 두 딸을 데리고 <b>필리핀</b> 일로일로까지 날아온 아빠로서 ✈️ 공부도... 한국에서 만 원짜리 <b>디저트</b>를 사줘도 저런 표정은 본 적이 없었거든요. 일주일 동안 &quot;안 돼&quot;라고 말할 때마다... "", ""bloggername"": ""iloilo에서 살아남기"", ""bloggerlink"": ""blog.naver.com/rizz-0707"", ""postdate"": ""20260526""}"
우베,preset,필리핀 디저트,우베 효능 및 뜻 타로와의 차이점까지 한눈에 보기,https://blog.naver.com/flagging_/224296726276,20260526,고급 <b>디저트</b> 베이스로 영역을 급격히 확장하는 추세입니다.  핵심 포인트 <b>필리핀</b> 어원으로 보라색 참마를 뜻하는 천연 식재료 식물학적으로 마과에 속하며 짙은 보라색 단면과 은은한 바닐라 향을 풍겨 글로벌... ,FLAGGING_,blog.naver.com/flagging_,naver_blog,필리핀 디저트,related,0.3,2026-05-26T11:02:57.061617+00:00,0,0,0,0,FLAGGING_,고급 <b>디저트</b> 베이스로 영역을 급격히 확장하는 추세입니다.  핵심 포인트 <b>필리핀</b> 어원으로 보라색 참마를 뜻하는 천연 식재료 식물학적으로 마과에 속하며 짙은 보라색 단면과 은은한 바닐라 향을 풍겨 글로벌... ,"{""title"": ""우베 효능 및 뜻 타로와의 차이점까지 한눈에 보기"", ""link"": ""https://blog.naver.com/flagging_/224296726276"", ""description"": ""고급 <b>디저트</b> 베이스로 영역을 급격히 확장하는 추세입니다.  핵심 포인트 <b>필리핀</b> 어원으로 보라색 참마를 뜻하는 천연 식재료 식물학적으로 마과에 속하며 짙은 보라색 단면과 은은한 바닐라 향을 풍겨 글로벌... "", ""bloggername"": ""FLAGGING_"", ""bloggerlink"": ""blog.naver.com/flagging_"", ""postdate"": ""20260526""}"
우베,preset,필리핀 디저트,"<b>필리핀</b> 세부 한 달 살기 2/ sm 시티몰 (+데카트론,츄비츄비, sm... ",https://blog.naver.com/mmmmyo_o/224296000608,20260526,마지막에 <b>디저트</b>는 1500페소 이상 먹으면 주는 서비스 <b>디저트</b> 저는 그냥 그랬어요..... 마지막으로 돌아가는 차량에 탑승 전 많은 엄마들이 쿠키를 사서 저도 샀어요 <b>필리핀</b> 왜 모든 쿠키가 다 맛있는... ,✨박주현우현이네블로그✨,blog.naver.com/mmmmyo_o,naver_blog,필리핀 디저트,related,0.3,2026-05-26T11:02:57.061617+00:00,0,0,0,0,✨박주현우현이네블로그✨,마지막에 <b>디저트</b>는 1500페소 이상 먹으면 주는 서비스 <b>디저트</b> 저는 그냥 그랬어요..... 마지막으로 돌아가는 차량에 탑승 전 많은 엄마들이 쿠키를 사서 저도 샀어요 <b>필리핀</b> 왜 모든 쿠키가 다 맛있는... ,"{""title"": ""<b>필리핀</b> 세부 한 달 살기 2/ sm 시티몰 (+데카트론,츄비츄비, sm... "", ""link"": ""https://blog.naver.com/mmmmyo_o/224296000608"", ""description"": ""마지막에 <b>디저트</b>는 1500페소 이상 먹으면 주는 서비스 <b>디저트</b> 저는 그냥 그랬어요..... 마지막으로 돌아가는 차량에 탑승 전 많은 엄마들이 쿠키를 사서 저도 샀어요 <b>필리핀</b> 왜 모든 쿠키가 다 맛있는... "", ""bloggername"": ""✨박주현우현이네블로그✨"", ""bloggerlink"": ""blog.naver.com/mmmmyo_o"", ""postdate"": ""20260526""}"
우베,preset,필리핀 디저트,노티드 도넛 우베 신세계백화점 동대구역카페,https://blog.naver.com/haman-josh/224296752793,20260526,우베는 <b>필리핀</b>에서 나오는 자색 고구마 참마 종류로 고소하면서 은은한 단맛이 있어서 현지에서도 <b>디저트</b>나 스무디 종류로 많이 사용하더라고요. 여행갔을 때 먹었던 맛도 생각나고 해서 새로 나온 노티드 우베... ,동남아 어푸어푸,blog.naver.com/haman-josh,naver_blog,필리핀 디저트,related,0.3,2026-05-26T11:02:57.061617+00:00,0,0,0,0,동남아 어푸어푸,우베는 <b>필리핀</b>에서 나오는 자색 고구마 참마 종류로 고소하면서 은은한 단맛이 있어서 현지에서도 <b>디저트</b>나 스무디 종류로 많이 사용하더라고요. 여행갔을 때 먹었던 맛도 생각나고 해서 새로 나온 노티드 우베... ,"{""title"": ""노티드 도넛 우베 신세계백화점 동대구역카페"", ""link"": ""https://blog.naver.com/haman-josh/224296752793"", ""description"": ""우베는 <b>필리핀</b>에서 나오는 자색 고구마 참마 종류로 고소하면서 은은한 단맛이 있어서 현지에서도 <b>디저트</b>나 스무디 종류로 많이 사용하더라고요. 여행갔을 때 먹었던 맛도 생각나고 해서 새로 나온 노티드 우베... "", ""bloggername"": ""동남아 어푸어푸"", ""bloggerlink"": ""blog.naver.com/haman-josh"", ""postdate"": ""20260526""}"
우베,preset,필리핀 디저트,"2026 부산 축제 | 세계인이 하나 되는 무대, 북항친수공원... ",https://blog.naver.com/dltnwls-1613/224296721065,20260526,"올해는 글로벌 가치 홍보존, 세계 <b>디저트</b> 체험존, K-뷰티 컬처 체험존, 자매우호 협력도시 특별존... 축제 입구에서부터 눈길을 사로잡은 '부산 자매우호도시 특별존'에는 <b>필리핀</b>을 비롯한 다양한 나라의 독특한... ",부산 청년의 기록,blog.naver.com/dltnwls-1613,naver_blog,필리핀 디저트,related,0.3,2026-05-26T11:02:57.061617+00:00,0,0,0,0,부산 청년의 기록,"올해는 글로벌 가치 홍보존, 세계 <b>디저트</b> 체험존, K-뷰티 컬처 체험존, 자매우호 협력도시 특별존... 축제 입구에서부터 눈길을 사로잡은 '부산 자매우호도시 특별존'에는 <b>필리핀</b>을 비롯한 다양한 나라의 독특한... ","{""title"": ""2026 부산 축제 | 세계인이 하나 되는 무대, 북항친수공원... "", ""link"": ""https://blog.naver.com/dltnwls-1613/224296721065"", ""description"": ""올해는 글로벌 가치 홍보존, 세계 <b>디저트</b> 체험존, K-뷰티 컬처 체험존, 자매우호 협력도시 특별존... 축제 입구에서부터 눈길을 사로잡은 '부산 자매우호도시 특별존'에는 <b>필리핀</b>을 비롯한 다양한 나라의 독특한... "", ""bloggername"": ""부산 청년의 기록"", ""bloggerlink"": ""blog.naver.com/dltnwls-1613"", ""postdate"": ""20260526""}"
우베,preset,필리핀 디저트,우베 처음 들어보셨나요 SNS 보라색 음식의 정체 공개합니다,https://blog.naver.com/jcrew7/224296715834,20260526,"선명한 보라색 비주얼이 인스타그램(75만 건 이상 태그)과 틱톡(12만 건 이상 태그)에서 폭발적인 반응을 얻으면서, 미국 서부 <b>필리핀</b> 커뮤니티를 중심으로 주류 <b>디저트</b> 시장에 진입했습니다. 실제로 미국... ",수혜커플 블로그: ),blog.naver.com/jcrew7,naver_blog,필리핀 디저트,related,0.3,2026-05-26T11:02:57.061617+00:00,0,0,0,0,수혜커플 블로그: ),"선명한 보라색 비주얼이 인스타그램(75만 건 이상 태그)과 틱톡(12만 건 이상 태그)에서 폭발적인 반응을 얻으면서, 미국 서부 <b>필리핀</b> 커뮤니티를 중심으로 주류 <b>디저트</b> 시장에 진입했습니다. 실제로 미국... ","{""title"": ""우베 처음 들어보셨나요 SNS 보라색 음식의 정체 공개합니다"", ""link"": ""https://blog.naver.com/jcrew7/224296715834"", ""description"": ""선명한 보라색 비주얼이 인스타그램(75만 건 이상 태그)과 틱톡(12만 건 이상 태그)에서 폭발적인 반응을 얻으면서, 미국 서부 <b>필리핀</b> 커뮤니티를 중심으로 주류 <b>디저트</b> 시장에 진입했습니다. 실제로 미국... "", ""bloggername"": ""수혜커플 블로그: )"", ""bloggerlink"": ""blog.naver.com/jcrew7"", ""postdate"": ""20260526""}"
우베,preset,필리핀 디저트,3박 5일 보홀 여행 : 몽키트리 기념품가게 구경..보홀맛집... ,https://blog.naver.com/glooooming/224296713938,20260526,"보홀 가는사람들이라면 다 거쳐간 몽키트리 기념품숍 <b>필리핀</b> 국룰 건망고, 건두리안, 온갖 말린 과일이... ㄱㄱ <b>디저트</b>로 할로망고를 먹으러 옴. 여기가 좋았던게 메뉴판 밑에 실사이즈로 알려줘서 좋았음.... ",Ｓｉｌｅｎｔ Ｄｒｅａｍｅｒ．,blog.naver.com/glooooming,naver_blog,필리핀 디저트,related,0.3,2026-05-26T11:02:57.061617+00:00,0,0,0,0,Ｓｉｌｅｎｔ Ｄｒｅａｍｅｒ．,"보홀 가는사람들이라면 다 거쳐간 몽키트리 기념품숍 <b>필리핀</b> 국룰 건망고, 건두리안, 온갖 말린 과일이... ㄱㄱ <b>디저트</b>로 할로망고를 먹으러 옴. 여기가 좋았던게 메뉴판 밑에 실사이즈로 알려줘서 좋았음.... ","{""title"": ""3박 5일 보홀 여행 : 몽키트리 기념품가게 구경..보홀맛집... "", ""link"": ""https://blog.naver.com/glooooming/224296713938"", ""description"": ""보홀 가는사람들이라면 다 거쳐간 몽키트리 기념품숍 <b>필리핀</b> 국룰 건망고, 건두리안, 온갖 말린 과일이... ㄱㄱ <b>디저트</b>로 할로망고를 먹으러 옴. 여기가 좋았던게 메뉴판 밑에 실사이즈로 알려줘서 좋았음.... "", ""bloggername"": ""Ｓｉｌｅｎｔ Ｄｒｅａｍｅｒ．"", ""bloggerlink"": ""blog.naver.com/glooooming"", ""postdate"": ""20260526""}"
우베,preset,필리핀 디저트,우베크림빵 칼로리 당류 가격 후기 우베 뜻 우베 <b>디저트</b>,https://blog.naver.com/jyckkkkk/224296714104,20260526,"우베 뜻 우베는 <b>필리핀</b>등 동남아시아에서 재배되는 자색 참마로 선명한 보랏빛이 특징. 은은한 바닐라 향과 고소하고 부드러운 단맛이 특징으로 잼, 아이스크림등 <b>디저트</b>를 비롯해 다양한 음식에 활용되며... ",또보리와 함께 하는 기록 리뷰 생활,blog.naver.com/jyckkkkk,naver_blog,필리핀 디저트,related,0.3,2026-05-26T11:02:57.061617+00:00,0,0,0,0,또보리와 함께 하는 기록 리뷰 생활,"우베 뜻 우베는 <b>필리핀</b>등 동남아시아에서 재배되는 자색 참마로 선명한 보랏빛이 특징. 은은한 바닐라 향과 고소하고 부드러운 단맛이 특징으로 잼, 아이스크림등 <b>디저트</b>를 비롯해 다양한 음식에 활용되며... ","{""title"": ""우베크림빵 칼로리 당류 가격 후기 우베 뜻 우베 <b>디저트</b>"", ""link"": ""https://blog.naver.com/jyckkkkk/224296714104"", ""description"": ""우베 뜻 우베는 <b>필리핀</b>등 동남아시아에서 재배되는 자색 참마로 선명한 보랏빛이 특징. 은은한 바닐라 향과 고소하고 부드러운 단맛이 특징으로 잼, 아이스크림등 <b>디저트</b>를 비롯해 다양한 음식에 활용되며... "", ""bloggername"": ""또보리와 함께 하는 기록 리뷰 생활"", ""bloggerlink"": ""blog.naver.com/jyckkkkk"", ""postdate"": ""20260526""}"
우베,preset,필리핀 디저트,세부 샹그릴라 가족끼리 호캉스하기 딱 좋은 곳!,https://blog.naver.com/gh20002000/224296502269,20260526,"메뉴 구성이 다채로운 편이라 <b>필리핀</b> 로컬 요리부터 아시안, 서양식까지 스타일별로 골고루 차려져... 신선한 열대 과일 코너도 잘 차려져 있어서 망고, 파파야, 파인애플 등 달달한 것들로 <b>디저트</b> 삼아 잘... ",en reve cake 《✅》,blog.naver.com/gh20002000,naver_blog,필리핀 디저트,related,0.3,2026-05-26T11:02:57.061617+00:00,0,0,0,0,en reve cake 《✅》,"메뉴 구성이 다채로운 편이라 <b>필리핀</b> 로컬 요리부터 아시안, 서양식까지 스타일별로 골고루 차려져... 신선한 열대 과일 코너도 잘 차려져 있어서 망고, 파파야, 파인애플 등 달달한 것들로 <b>디저트</b> 삼아 잘... ","{""title"": ""세부 샹그릴라 가족끼리 호캉스하기 딱 좋은 곳!"", ""link"": ""https://blog.naver.com/gh20002000/224296502269"", ""description"": ""메뉴 구성이 다채로운 편이라 <b>필리핀</b> 로컬 요리부터 아시안, 서양식까지 스타일별로 골고루 차려져... 신선한 열대 과일 코너도 잘 차려져 있어서 망고, 파파야, 파인애플 등 달달한 것들로 <b>디저트</b> 삼아 잘... "", ""bloggername"": ""en reve cake 《✅》"", ""bloggerlink"": ""blog.naver.com/gh20002000"", ""postdate"": ""20260526""}"
우베,preset,필리핀 디저트,<b>필리핀</b> 여행 중 꼭 먹어보는 인기 음식들,https://blog.naver.com/letsgoedu_/224296700701,20260526,망고 &amp; 망고쉐이크 <b>필리핀</b> 가면 정말 많이 드시는 메뉴 중 하나입니다. 특히 세부 망고는 달고 맛있다고 유명해서 <b>디저트</b>나 음료로 자주 찾게 됩니다. 아이들도 좋아하는 편이라 가족여행이나 영어캠프 중에도... ,"렛츠고에듀[영어캠프,가족연수,조기유학,한달살기]",blog.naver.com/letsgoedu_,naver_blog,필리핀 디저트,related,0.3,2026-05-26T11:02:57.061617+00:00,0,0,0,0,"렛츠고에듀[영어캠프,가족연수,조기유학,한달살기]",망고 &amp; 망고쉐이크 <b>필리핀</b> 가면 정말 많이 드시는 메뉴 중 하나입니다. 특히 세부 망고는 달고 맛있다고 유명해서 <b>디저트</b>나 음료로 자주 찾게 됩니다. 아이들도 좋아하는 편이라 가족여행이나 영어캠프 중에도... ,"{""title"": ""<b>필리핀</b> 여행 중 꼭 먹어보는 인기 음식들"", ""link"": ""https://blog.naver.com/letsgoedu_/224296700701"", ""description"": ""망고 &amp; 망고쉐이크 <b>필리핀</b> 가면 정말 많이 드시는 메뉴 중 하나입니다. 특히 세부 망고는 달고 맛있다고 유명해서 <b>디저트</b>나 음료로 자주 찾게 됩니다. 아이들도 좋아하는 편이라 가족여행이나 영어캠프 중에도... "", ""bloggername"": ""렛츠고에듀[영어캠프,가족연수,조기유학,한달살기]"", ""bloggerlink"": ""blog.naver.com/letsgoedu_"", ""postdate"": ""20260526""}"
우베,preset,필리핀 디저트,압구정카페 메종드구르메 신상 우베라떼 휘낭시에 후기,https://blog.naver.com/hyaneees2/224296695175,20260526,요즘 뜨고 있는 <b>필리핀</b>의 보라색 마인 우베를 이용한 우베라떼와 우베 코코넛 펄 레이어드가 있어서... 음료와 <b>디저트</b>를 맛볼 수 있었어요! 우베가 궁금하셨다면 맛있는 우베라떼 맛볼 수 있는 메종드구르메를... ,유뿌로그,blog.naver.com/hyaneees2,naver_blog,필리핀 디저트,related,0.3,2026-05-26T11:02:57.061617+00:00,0,0,0,0,유뿌로그,요즘 뜨고 있는 <b>필리핀</b>의 보라색 마인 우베를 이용한 우베라떼와 우베 코코넛 펄 레이어드가 있어서... 음료와 <b>디저트</b>를 맛볼 수 있었어요! 우베가 궁금하셨다면 맛있는 우베라떼 맛볼 수 있는 메종드구르메를... ,"{""title"": ""압구정카페 메종드구르메 신상 우베라떼 휘낭시에 후기"", ""link"": ""https://blog.naver.com/hyaneees2/224296695175"", ""description"": ""요즘 뜨고 있는 <b>필리핀</b>의 보라색 마인 우베를 이용한 우베라떼와 우베 코코넛 펄 레이어드가 있어서... 음료와 <b>디저트</b>를 맛볼 수 있었어요! 우베가 궁금하셨다면 맛있는 우베라떼 맛볼 수 있는 메종드구르메를... "", ""bloggername"": ""유뿌로그"", ""bloggerlink"": ""blog.naver.com/hyaneees2"", ""postdate"": ""20260526""}"
우베,preset,필리핀 디저트,빽다방 신메뉴 우베 라떼 아이스크림 시리즈 맛 후기,https://blog.naver.com/memory_mj0329/224296678013,20260526,<b>필리핀 디저트</b>에 자주 쓰이는 재료라고 하는데 색이 진한 보라색이라 음료나 디저트로 만들면 비주얼이 진짜 예쁘더라고요. 많이들 타로랑 비슷하게 느끼는데 우베랑 타로는 엄밀히 말하면 다른 재료예요.... ,먼지순감자,blog.naver.com/memory_mj0329,naver_blog,필리핀 디저트,related,0.3,2026-05-26T11:02:57.061617+00:00,0,0,0,0,먼지순감자,<b>필리핀 디저트</b>에 자주 쓰이는 재료라고 하는데 색이 진한 보라색이라 음료나 디저트로 만들면 비주얼이 진짜 예쁘더라고요. 많이들 타로랑 비슷하게 느끼는데 우베랑 타로는 엄밀히 말하면 다른 재료예요.... ,"{""title"": ""빽다방 신메뉴 우베 라떼 아이스크림 시리즈 맛 후기"", ""link"": ""https://blog.naver.com/memory_mj0329/224296678013"", ""description"": ""<b>필리핀 디저트</b>에 자주 쓰이는 재료라고 하는데 색이 진한 보라색이라 음료나 디저트로 만들면 비주얼이 진짜 예쁘더라고요. 많이들 타로랑 비슷하게 느끼는데 우베랑 타로는 엄밀히 말하면 다른 재료예요.... "", ""bloggername"": ""먼지순감자"", ""bloggerlink"": ""blog.naver.com/memory_mj0329"", ""postdate"": ""20260526""}"
우베,preset,필리핀 디저트,전 세계 커피 프랜차이즈 순위(Top 20),https://blog.naver.com/yojin1102/224296499113,20260526,"팀홀튼은 캐나다 시장의 독점적 지위를 넘어 인도, <b>필리핀</b>, 대한민국 등 글로벌 신흥 시장 진출... 확보했고, <b>디저트</b> 중심의 프리미엄 전략을 고수하는 투썸플레이스는 1,650개 매장으로 국내 토종 브랜드 중... ",석구의 시사/경제 여행,blog.naver.com/yojin1102,naver_blog,필리핀 디저트,related,0.3,2026-05-26T11:02:57.061617+00:00,0,0,0,0,석구의 시사/경제 여행,"팀홀튼은 캐나다 시장의 독점적 지위를 넘어 인도, <b>필리핀</b>, 대한민국 등 글로벌 신흥 시장 진출... 확보했고, <b>디저트</b> 중심의 프리미엄 전략을 고수하는 투썸플레이스는 1,650개 매장으로 국내 토종 브랜드 중... ","{""title"": ""전 세계 커피 프랜차이즈 순위(Top 20)"", ""link"": ""https://blog.naver.com/yojin1102/224296499113"", ""description"": ""팀홀튼은 캐나다 시장의 독점적 지위를 넘어 인도, <b>필리핀</b>, 대한민국 등 글로벌 신흥 시장 진출... 확보했고, <b>디저트</b> 중심의 프리미엄 전략을 고수하는 투썸플레이스는 1,650개 매장으로 국내 토종 브랜드 중... "", ""bloggername"": ""석구의 시사/경제 여행"", ""bloggerlink"": ""blog.naver.com/yojin1102"", ""postdate"": ""20260526""}"
우베,preset,필리핀 디저트,[편의점우베빵]신상 솔직후기! CU보다 맛있는 이마트24... ,https://blog.naver.com/79emo_kr/224296661307,20260526,요즘 <b>디저트</b> 업계를 가장 뜨겁게 달구고 있는 키워드가 있다면 단연 보라보라한 매력의 '우베(Ube)'가... 우베는 주로 <b>필리핀</b> 등 동남아시아에서 자라는 '보라색 마(Purple Yam)'의 일종이랍니다. 고구마처럼... ,칠구이모의 취향,blog.naver.com/79emo_kr,naver_blog,필리핀 디저트,related,0.3,2026-05-26T11:02:57.061617+00:00,0,0,0,0,칠구이모의 취향,요즘 <b>디저트</b> 업계를 가장 뜨겁게 달구고 있는 키워드가 있다면 단연 보라보라한 매력의 '우베(Ube)'가... 우베는 주로 <b>필리핀</b> 등 동남아시아에서 자라는 '보라색 마(Purple Yam)'의 일종이랍니다. 고구마처럼... ,"{""title"": ""[편의점우베빵]신상 솔직후기! CU보다 맛있는 이마트24... "", ""link"": ""https://blog.naver.com/79emo_kr/224296661307"", ""description"": ""요즘 <b>디저트</b> 업계를 가장 뜨겁게 달구고 있는 키워드가 있다면 단연 보라보라한 매력의 '우베(Ube)'가... 우베는 주로 <b>필리핀</b> 등 동남아시아에서 자라는 '보라색 마(Purple Yam)'의 일종이랍니다. 고구마처럼... "", ""bloggername"": ""칠구이모의 취향"", ""bloggerlink"": ""blog.naver.com/79emo_kr"", ""postdate"": ""20260526""}"
우베,preset,필리핀 디저트,6천만 원으로 창업 가능한 특급!!부산 컴포즈커피 창업 양도양수,https://blog.naver.com/blackkkkk2194/224296655353,20260526,"커피 외에도 스무디, 에이드, <b>디저트</b> 등 메뉴가 다양하게 있습니다. 컴포즈커피는 기본적으로 대학가... 최근에는 <b>필리핀</b> 최대 외식기업 졸리비푸드가 지분 인수를 하면서 더욱 공격적인 마케팅으로 bts 뷔를... ",조한량의 창업/일상블로그,blog.naver.com/blackkkkk2194,naver_blog,필리핀 디저트,related,0.3,2026-05-26T11:02:57.061617+00:00,0,0,0,0,조한량의 창업/일상블로그,"커피 외에도 스무디, 에이드, <b>디저트</b> 등 메뉴가 다양하게 있습니다. 컴포즈커피는 기본적으로 대학가... 최근에는 <b>필리핀</b> 최대 외식기업 졸리비푸드가 지분 인수를 하면서 더욱 공격적인 마케팅으로 bts 뷔를... ","{""title"": ""6천만 원으로 창업 가능한 특급!!부산 컴포즈커피 창업 양도양수"", ""link"": ""https://blog.naver.com/blackkkkk2194/224296655353"", ""description"": ""커피 외에도 스무디, 에이드, <b>디저트</b> 등 메뉴가 다양하게 있습니다. 컴포즈커피는 기본적으로 대학가... 최근에는 <b>필리핀</b> 최대 외식기업 졸리비푸드가 지분 인수를 하면서 더욱 공격적인 마케팅으로 bts 뷔를... "", ""bloggername"": ""조한량의 창업/일상블로그"", ""bloggerlink"": ""blog.naver.com/blackkkkk2194"", ""postdate"": ""20260526""}"
우베,preset,필리핀 디저트,망고로 색다른 요리 도전하기,https://blog.naver.com/jkkcommitment/224296460686,20260526,"인도, 태국, <b>필리핀</b> 등 다양한 나라에서 재배되며, 특히 인도는 세계 최대의 망고 생산국으로... 망고 샐러드, 망고 스무디, 망고 소스 등으로 즐길 수 있으며, <b>디저트</b>로는 망고 아이스크림이나 망고 치즈케이크가... ",jkkcommitment님의 블로그,blog.naver.com/jkkcommitment,naver_blog,필리핀 디저트,related,0.3,2026-05-26T11:02:57.061617+00:00,0,0,0,0,jkkcommitment님의 블로그,"인도, 태국, <b>필리핀</b> 등 다양한 나라에서 재배되며, 특히 인도는 세계 최대의 망고 생산국으로... 망고 샐러드, 망고 스무디, 망고 소스 등으로 즐길 수 있으며, <b>디저트</b>로는 망고 아이스크림이나 망고 치즈케이크가... ","{""title"": ""망고로 색다른 요리 도전하기"", ""link"": ""https://blog.naver.com/jkkcommitment/224296460686"", ""description"": ""인도, 태국, <b>필리핀</b> 등 다양한 나라에서 재배되며, 특히 인도는 세계 최대의 망고 생산국으로... 망고 샐러드, 망고 스무디, 망고 소스 등으로 즐길 수 있으며, <b>디저트</b>로는 망고 아이스크림이나 망고 치즈케이크가... "", ""bloggername"": ""jkkcommitment님의 블로그"", ""bloggerlink"": ""blog.naver.com/jkkcommitment"", ""postdate"": ""20260526""}"
우베,preset,필리핀 디저트,정해진 길이 없는 이 떨려오는 기분이 숨이구나,https://blog.naver.com/04825sgs/224296638455,20260526,사온 <b>필리핀</b> 망고 쥬스 진짜 구라 안 치고 개맛있어서 또 울었음 (내가 사는 지역에선 안 파는 게... 귀여운 <b>디저트</b>가 잔뜩입니다 아무래도 사장님이 동아시아 분이신 듯 빵일이올출 여기 에그타르트 ㅈㅉ... ,I AM YOUR HAPPY!,blog.naver.com/04825sgs,naver_blog,필리핀 디저트,related,0.3,2026-05-26T11:02:57.061617+00:00,0,0,0,0,I AM YOUR HAPPY!,사온 <b>필리핀</b> 망고 쥬스 진짜 구라 안 치고 개맛있어서 또 울었음 (내가 사는 지역에선 안 파는 게... 귀여운 <b>디저트</b>가 잔뜩입니다 아무래도 사장님이 동아시아 분이신 듯 빵일이올출 여기 에그타르트 ㅈㅉ... ,"{""title"": ""정해진 길이 없는 이 떨려오는 기분이 숨이구나"", ""link"": ""https://blog.naver.com/04825sgs/224296638455"", ""description"": ""사온 <b>필리핀</b> 망고 쥬스 진짜 구라 안 치고 개맛있어서 또 울었음 (내가 사는 지역에선 안 파는 게... 귀여운 <b>디저트</b>가 잔뜩입니다 아무래도 사장님이 동아시아 분이신 듯 빵일이올출 여기 에그타르트 ㅈㅉ... "", ""bloggername"": ""I AM YOUR HAPPY!"", ""bloggerlink"": ""blog.naver.com/04825sgs"", ""postdate"": ""20260526""}"
우베,preset,필리핀 디저트,"미국 뉴욕 스벅 대존맛 우베라떼 우베코코넛마끼아또 뜻, 맛 후기",https://blog.naver.com/lovely_weekday/224296631707,20260526,"우베(Ube)는 <b>필리핀 디저트</b>에 자주 쓰이는 보라색 고구마, 정확히는 퍼플 얌 종류예요. 우리가 아는... 특히 코코넛이랑 만나니까 살짝 동남아 디저트 같은 이국적인 맛도 나고, 에스프레소가 들어가서 지나치게... ",️성실한 인생 여행기,blog.naver.com/lovely_weekday,naver_blog,필리핀 디저트,related,0.3,2026-05-26T11:02:57.061617+00:00,0,0,0,0,️성실한 인생 여행기,"우베(Ube)는 <b>필리핀 디저트</b>에 자주 쓰이는 보라색 고구마, 정확히는 퍼플 얌 종류예요. 우리가 아는... 특히 코코넛이랑 만나니까 살짝 동남아 디저트 같은 이국적인 맛도 나고, 에스프레소가 들어가서 지나치게... ","{""title"": ""미국 뉴욕 스벅 대존맛 우베라떼 우베코코넛마끼아또 뜻, 맛 후기"", ""link"": ""https://blog.naver.com/lovely_weekday/224296631707"", ""description"": ""우베(Ube)는 <b>필리핀 디저트</b>에 자주 쓰이는 보라색 고구마, 정확히는 퍼플 얌 종류예요. 우리가 아는... 특히 코코넛이랑 만나니까 살짝 동남아 디저트 같은 이국적인 맛도 나고, 에스프레소가 들어가서 지나치게... "", ""bloggername"": ""️성실한 인생 여행기"", ""bloggerlink"": ""blog.naver.com/lovely_weekday"", ""postdate"": ""20260526""}"
우베,preset,필리핀 디저트,김포공항카페 노티드 도넛 롯데몰 우베 시리즈 신메뉴 후기,https://blog.naver.com/minhajjing/224296624590,20260526,비가오는 날 실내데이트 하기도 딱 좋고 맛있는 <b>디저트</b> 먹고 싶은 생각도 들고 그렇다. 그래서 오늘... 우베는 마 종류로 <b>필리핀</b> 지역 등에서 많이 생산되고 있다. 외모가 거의 자색고구마랑 비슷하다고 할 수... ,אלוהים הוא אהבה,blog.naver.com/minhajjing,naver_blog,필리핀 디저트,related,0.3,2026-05-26T11:02:57.061617+00:00,0,0,0,0,אלוהים הוא אהבה,비가오는 날 실내데이트 하기도 딱 좋고 맛있는 <b>디저트</b> 먹고 싶은 생각도 들고 그렇다. 그래서 오늘... 우베는 마 종류로 <b>필리핀</b> 지역 등에서 많이 생산되고 있다. 외모가 거의 자색고구마랑 비슷하다고 할 수... ,"{""title"": ""김포공항카페 노티드 도넛 롯데몰 우베 시리즈 신메뉴 후기"", ""link"": ""https://blog.naver.com/minhajjing/224296624590"", ""description"": ""비가오는 날 실내데이트 하기도 딱 좋고 맛있는 <b>디저트</b> 먹고 싶은 생각도 들고 그렇다. 그래서 오늘... 우베는 마 종류로 <b>필리핀</b> 지역 등에서 많이 생산되고 있다. 외모가 거의 자색고구마랑 비슷하다고 할 수... "", ""bloggername"": ""אלוהים הוא אהבה"", ""bloggerlink"": ""blog.naver.com/minhajjing"", ""postdate"": ""20260526""}"
우베,preset,필리핀 디저트,"4월, 하노이에서 보낸 가족여행 기록 | Day 4-2. 하노이... ",https://blog.naver.com/tnals1046/224296610567,20260526,산책타임 <b>디저트</b>로 슈퍼에서 베트남 아이스크림 호로록 천원인가 했던것같은데 딱 그정도 가격의 맛... 앉은 <b>필리핀</b> 여행객분들이랑 말도터서 수다도 떨고 마지막날 밤 일정으로 시티투어 버스 대만족... ,숨니의 기록창고♪,blog.naver.com/tnals1046,naver_blog,필리핀 디저트,related,0.3,2026-05-26T11:02:57.061617+00:00,0,0,0,0,숨니의 기록창고♪,산책타임 <b>디저트</b>로 슈퍼에서 베트남 아이스크림 호로록 천원인가 했던것같은데 딱 그정도 가격의 맛... 앉은 <b>필리핀</b> 여행객분들이랑 말도터서 수다도 떨고 마지막날 밤 일정으로 시티투어 버스 대만족... ,"{""title"": ""4월, 하노이에서 보낸 가족여행 기록 | Day 4-2. 하노이... "", ""link"": ""https://blog.naver.com/tnals1046/224296610567"", ""description"": ""산책타임 <b>디저트</b>로 슈퍼에서 베트남 아이스크림 호로록 천원인가 했던것같은데 딱 그정도 가격의 맛... 앉은 <b>필리핀</b> 여행객분들이랑 말도터서 수다도 떨고 마지막날 밤 일정으로 시티투어 버스 대만족... "", ""bloggername"": ""숨니의 기록창고♪"", ""bloggerlink"": ""blog.naver.com/tnals1046"", ""postdate"": ""20260526""}"
우베,preset,필리핀 디저트,41번째 <b>필리핀</b> 마닐라 비행... 마닐라에서 쇼핑/<b>필리핀</b> 맥도날드,https://blog.naver.com/mangobf/224296608594,20260526,"안녕하세요, 오늘은 <b>필리핀</b> 마닐라 비행 마닐라는 딱히 할 게 없어요,, 이젠 마닐라 말고 세부랑 클락... 카페 <b>디저트</b> 메뉴 귀여워서 트리 케이크 넘 귀염뽀짝하잖아 전날 밤까지 자서 잠 못 자고 내려온 오픈런... ",내 글이 세상에서 제일 재밌는 girl,blog.naver.com/mangobf,naver_blog,필리핀 디저트,related,0.3,2026-05-26T11:02:57.061617+00:00,0,0,0,0,내 글이 세상에서 제일 재밌는 girl,"안녕하세요, 오늘은 <b>필리핀</b> 마닐라 비행 마닐라는 딱히 할 게 없어요,, 이젠 마닐라 말고 세부랑 클락... 카페 <b>디저트</b> 메뉴 귀여워서 트리 케이크 넘 귀염뽀짝하잖아 전날 밤까지 자서 잠 못 자고 내려온 오픈런... ","{""title"": ""41번째 <b>필리핀</b> 마닐라 비행... 마닐라에서 쇼핑/<b>필리핀</b> 맥도날드"", ""link"": ""https://blog.naver.com/mangobf/224296608594"", ""description"": ""안녕하세요, 오늘은 <b>필리핀</b> 마닐라 비행 마닐라는 딱히 할 게 없어요,, 이젠 마닐라 말고 세부랑 클락... 카페 <b>디저트</b> 메뉴 귀여워서 트리 케이크 넘 귀염뽀짝하잖아 전날 밤까지 자서 잠 못 자고 내려온 오픈런... "", ""bloggername"": ""내 글이 세상에서 제일 재밌는 girl"", ""bloggerlink"": ""blog.naver.com/mangobf"", ""postdate"": ""20260526""}"
우베,preset,필리핀 디저트,"우베 뜻 파리바게트 우베크림빵, 모두가 궁금해하는 그 맛의 정체",https://blog.naver.com/lastripblog/224296599276,20260526,그래서 찾아보니 우베(Ube)는 <b>필리핀</b>에서 주로 재배되고 소비되는 보라색 마(Purple Yam) 계열의 뿌리채소라고 하네요. <b>디저트</b>에서 보이는 선명한 보랏빛은 인공색소가 아니라 우베 자체의 천연 색감이라고 해요.... ,반짝이네 슬기로운 육아라이프,blog.naver.com/lastripblog,naver_blog,필리핀 디저트,related,0.3,2026-05-26T11:02:57.061617+00:00,0,0,0,0,반짝이네 슬기로운 육아라이프,그래서 찾아보니 우베(Ube)는 <b>필리핀</b>에서 주로 재배되고 소비되는 보라색 마(Purple Yam) 계열의 뿌리채소라고 하네요. <b>디저트</b>에서 보이는 선명한 보랏빛은 인공색소가 아니라 우베 자체의 천연 색감이라고 해요.... ,"{""title"": ""우베 뜻 파리바게트 우베크림빵, 모두가 궁금해하는 그 맛의 정체"", ""link"": ""https://blog.naver.com/lastripblog/224296599276"", ""description"": ""그래서 찾아보니 우베(Ube)는 <b>필리핀</b>에서 주로 재배되고 소비되는 보라색 마(Purple Yam) 계열의 뿌리채소라고 하네요. <b>디저트</b>에서 보이는 선명한 보랏빛은 인공색소가 아니라 우베 자체의 천연 색감이라고 해요.... "", ""bloggername"": ""반짝이네 슬기로운 육아라이프"", ""bloggerlink"": ""blog.naver.com/lastripblog"", ""postdate"": ""20260526""}"
우베,preset,필리핀 디저트,&quot;SNS 핫템 보라색 우베&quot;… 알고 먹자 '효능 및 부작용',https://blog.naver.com/newsju123/224296465321,20260526,"오늘은 <b>필리핀</b>의 보물이라고 불리는 우베의 놀라운 효능과 더불어, 섭취 시 반드시 주의해야 할 부작용에 대해 자세히 살펴본다. 우베, 단순한 <b>디저트</b>를 넘어선 '보랏빛 건강'의 효능 및 부작용 1. '생 우베... ",메디컬 인사이트 24시,blog.naver.com/newsju123,naver_blog,필리핀 디저트,related,0.3,2026-05-26T11:02:57.061617+00:00,0,0,0,0,메디컬 인사이트 24시,"오늘은 <b>필리핀</b>의 보물이라고 불리는 우베의 놀라운 효능과 더불어, 섭취 시 반드시 주의해야 할 부작용에 대해 자세히 살펴본다. 우베, 단순한 <b>디저트</b>를 넘어선 '보랏빛 건강'의 효능 및 부작용 1. '생 우베... ","{""title"": ""&quot;SNS 핫템 보라색 우베&quot;… 알고 먹자 '효능 및 부작용'"", ""link"": ""https://blog.naver.com/newsju123/224296465321"", ""description"": ""오늘은 <b>필리핀</b>의 보물이라고 불리는 우베의 놀라운 효능과 더불어, 섭취 시 반드시 주의해야 할 부작용에 대해 자세히 살펴본다. 우베, 단순한 <b>디저트</b>를 넘어선 '보랏빛 건강'의 효능 및 부작용 1. '생 우베... "", ""bloggername"": ""메디컬 인사이트 24시"", ""bloggerlink"": ""blog.naver.com/newsju123"", ""postdate"": ""20260526""}"
우베,preset,필리핀 디저트,<b>필리핀</b> 마닐라 <b>디저트</b> 박물관 입장권 예약 및 이용 가이드... ,https://blog.naver.com/xjhhxjhhhh/224294914871,20260526,<b>필리핀</b>(마닐라) - 마닐라 <b>디저트</b> 박물관 입장권 할인 받기 (클릭) klook 클룩 할인혜택받고 예약하기 (클릭)  <b>필리핀</b> 마닐라 <b>디저트</b> 박물관 입장권 예약 및 이용 가이드 달콤함이 가득한 파스텔톤 동화 속 세상... ,klook 여행소개기,blog.naver.com/xjhhxjhhhh,naver_blog,필리핀 디저트,related,0.3,2026-05-26T11:02:57.061617+00:00,0,0,0,0,klook 여행소개기,<b>필리핀</b>(마닐라) - 마닐라 <b>디저트</b> 박물관 입장권 할인 받기 (클릭) klook 클룩 할인혜택받고 예약하기 (클릭)  <b>필리핀</b> 마닐라 <b>디저트</b> 박물관 입장권 예약 및 이용 가이드 달콤함이 가득한 파스텔톤 동화 속 세상... ,"{""title"": ""<b>필리핀</b> 마닐라 <b>디저트</b> 박물관 입장권 예약 및 이용 가이드... "", ""link"": ""https://blog.naver.com/xjhhxjhhhh/224294914871"", ""description"": ""<b>필리핀</b>(마닐라) - 마닐라 <b>디저트</b> 박물관 입장권 할인 받기 (클릭) klook 클룩 할인혜택받고 예약하기 (클릭)  <b>필리핀</b> 마닐라 <b>디저트</b> 박물관 입장권 예약 및 이용 가이드 달콤함이 가득한 파스텔톤 동화 속 세상... "", ""bloggername"": ""klook 여행소개기"", ""bloggerlink"": ""blog.naver.com/xjhhxjhhhh"", ""postdate"": ""20260526""}"
우베,preset,필리핀 디저트,"우베 뜻 맛 효능 총정리, 2026년 말차 다음은 이 보라색 <b>디저트</b>",https://blog.naver.com/kjrrjk/224296420771,20260526,"(잼) <b>필리핀</b> 전통, 빵에 발라 먹기 연유 함량 확인 5. 2026 <b>디저트</b> 트렌드, 우베가 말차를 넘을까? 올해 <b>디저트</b> 시장에서 가장 뜨거운 키워드가 바로 '우베'예요. KNN 뉴스에서 &quot;Is this the next matcha?&quot;라는 제목으로... ",행복둥이의 경제 놀이터,blog.naver.com/kjrrjk,naver_blog,필리핀 디저트,related,0.3,2026-05-26T11:02:57.061617+00:00,0,0,0,0,행복둥이의 경제 놀이터,"(잼) <b>필리핀</b> 전통, 빵에 발라 먹기 연유 함량 확인 5. 2026 <b>디저트</b> 트렌드, 우베가 말차를 넘을까? 올해 <b>디저트</b> 시장에서 가장 뜨거운 키워드가 바로 '우베'예요. KNN 뉴스에서 &quot;Is this the next matcha?&quot;라는 제목으로... ","{""title"": ""우베 뜻 맛 효능 총정리, 2026년 말차 다음은 이 보라색 <b>디저트</b>"", ""link"": ""https://blog.naver.com/kjrrjk/224296420771"", ""description"": ""(잼) <b>필리핀</b> 전통, 빵에 발라 먹기 연유 함량 확인 5. 2026 <b>디저트</b> 트렌드, 우베가 말차를 넘을까? 올해 <b>디저트</b> 시장에서 가장 뜨거운 키워드가 바로 '우베'예요. KNN 뉴스에서 &quot;Is this the next matcha?&quot;라는 제목으로... "", ""bloggername"": ""행복둥이의 경제 놀이터"", ""bloggerlink"": ""blog.naver.com/kjrrjk"", ""postdate"": ""20260526""}"
우베,preset,필리핀 디저트,우베 타로 차이 우베 맛과 효능 뜻 먹는법까지! 왜 대세일까?,https://blog.naver.com/albamedi12/224293723398,20260526,"우베 먹는법 1) 우베 할라야 <b>필리핀</b>의 전통 <b>디저트</b>인 ‘우베 할라야’는 잼 또는 푸딩과 같은 형태로, 부드럽게 즐길 수 있는데요. 우베를 삶아 으깬 후, 연유, 코코넛 밀크, 버터, 설탕 등을 넣어 약불에서... ",플랜메디의 다양한 의학 정보,blog.naver.com/albamedi12,naver_blog,필리핀 디저트,related,0.3,2026-05-26T11:02:57.061617+00:00,0,0,0,0,플랜메디의 다양한 의학 정보,"우베 먹는법 1) 우베 할라야 <b>필리핀</b>의 전통 <b>디저트</b>인 ‘우베 할라야’는 잼 또는 푸딩과 같은 형태로, 부드럽게 즐길 수 있는데요. 우베를 삶아 으깬 후, 연유, 코코넛 밀크, 버터, 설탕 등을 넣어 약불에서... ","{""title"": ""우베 타로 차이 우베 맛과 효능 뜻 먹는법까지! 왜 대세일까?"", ""link"": ""https://blog.naver.com/albamedi12/224293723398"", ""description"": ""우베 먹는법 1) 우베 할라야 <b>필리핀</b>의 전통 <b>디저트</b>인 ‘우베 할라야’는 잼 또는 푸딩과 같은 형태로, 부드럽게 즐길 수 있는데요. 우베를 삶아 으깬 후, 연유, 코코넛 밀크, 버터, 설탕 등을 넣어 약불에서... "", ""bloggername"": ""플랜메디의 다양한 의학 정보"", ""bloggerlink"": ""blog.naver.com/albamedi12"", ""postdate"": ""20260526""}"
우베,preset,필리핀 디저트,스타 프루트의 매력과 영양 성분 활용법 알아보기,https://blog.naver.com/37ssqw7uaz/224296511016,20260526,"\n샐러드에 넣으면 상큼한 느낌이 더해지고, 요거트와 함께하면 색다른 <b>디저트</b>가 탄생하죠.\n특히... \n우리나라에서도 온실 재배로 가능하긴 하지만 주로 태국이나 대만, 그리고 <b>필리핀</b> 등에서 많이 볼 수... ",37ssqw7uaz님의 블로그,blog.naver.com/37ssqw7uaz,naver_blog,필리핀 디저트,related,0.3,2026-05-26T11:02:57.061617+00:00,0,0,0,0,37ssqw7uaz님의 블로그,"\n샐러드에 넣으면 상큼한 느낌이 더해지고, 요거트와 함께하면 색다른 <b>디저트</b>가 탄생하죠.\n특히... \n우리나라에서도 온실 재배로 가능하긴 하지만 주로 태국이나 대만, 그리고 <b>필리핀</b> 등에서 많이 볼 수... ","{""title"": ""스타 프루트의 매력과 영양 성분 활용법 알아보기"", ""link"": ""https://blog.naver.com/37ssqw7uaz/224296511016"", ""description"": ""\\n샐러드에 넣으면 상큼한 느낌이 더해지고, 요거트와 함께하면 색다른 <b>디저트</b>가 탄생하죠.\\n특히... \\n우리나라에서도 온실 재배로 가능하긴 하지만 주로 태국이나 대만, 그리고 <b>필리핀</b> 등에서 많이 볼 수... "", ""bloggername"": ""37ssqw7uaz님의 블로그"", ""bloggerlink"": ""blog.naver.com/37ssqw7uaz"", ""postdate"": ""20260526""}"
우베,preset,필리핀 디저트,<b>필리핀</b> 세부 맛집 리스트에서 놓치기 아까운 집들 소개,https://blog.naver.com/hdkdhtxlvo70815/224295596306,20260526,<b>필리핀</b> 세부 맛집 리스트에서 놓치기 아까운 집들 소개 세부 여행을 계획하면서 가장 기대되는 부분 중... 달콤한 <b>디저트</b>와 향긋한 커피 한 잔은 여행 피로를 잊게 만드는 힘이 있더라고요. 특히 코코넛 밀크를... ,밸릭스 스포츠,blog.naver.com/hdkdhtxlvo70815,naver_blog,필리핀 디저트,related,0.3,2026-05-26T11:02:57.061617+00:00,0,0,0,0,밸릭스 스포츠,<b>필리핀</b> 세부 맛집 리스트에서 놓치기 아까운 집들 소개 세부 여행을 계획하면서 가장 기대되는 부분 중... 달콤한 <b>디저트</b>와 향긋한 커피 한 잔은 여행 피로를 잊게 만드는 힘이 있더라고요. 특히 코코넛 밀크를... ,"{""title"": ""<b>필리핀</b> 세부 맛집 리스트에서 놓치기 아까운 집들 소개"", ""link"": ""https://blog.naver.com/hdkdhtxlvo70815/224295596306"", ""description"": ""<b>필리핀</b> 세부 맛집 리스트에서 놓치기 아까운 집들 소개 세부 여행을 계획하면서 가장 기대되는 부분 중... 달콤한 <b>디저트</b>와 향긋한 커피 한 잔은 여행 피로를 잊게 만드는 힘이 있더라고요. 특히 코코넛 밀크를... "", ""bloggername"": ""밸릭스 스포츠"", ""bloggerlink"": ""blog.naver.com/hdkdhtxlvo70815"", ""postdate"": ""20260526""}"
우베,preset,필리핀 디저트,"우베 뜻 효능, 자색고구마 차이 뭐가 다를까",https://blog.naver.com/el512/224295666266,20260526,고구마 우베는 얌(마과 식물) 식물 분류 자체가 달라요. 한줄 결론 : 우베는 <b>필리핀</b>산 보라색 얌으로 항산화 성분이 풍부하지만 가공 <b>디저트</b>는 당 함량 확인이 필수입니다. #우베효능 #우베뜻 #우베자색고구마차이,허브향 가득 퀘럼네 베란다정원,blog.naver.com/el512,naver_blog,필리핀 디저트,related,0.3,2026-05-26T11:02:57.061617+00:00,0,0,0,0,허브향 가득 퀘럼네 베란다정원,고구마 우베는 얌(마과 식물) 식물 분류 자체가 달라요. 한줄 결론 : 우베는 <b>필리핀</b>산 보라색 얌으로 항산화 성분이 풍부하지만 가공 <b>디저트</b>는 당 함량 확인이 필수입니다. #우베효능 #우베뜻 #우베자색고구마차이,"{""title"": ""우베 뜻 효능, 자색고구마 차이 뭐가 다를까"", ""link"": ""https://blog.naver.com/el512/224295666266"", ""description"": ""고구마 우베는 얌(마과 식물) 식물 분류 자체가 달라요. 한줄 결론 : 우베는 <b>필리핀</b>산 보라색 얌으로 항산화 성분이 풍부하지만 가공 <b>디저트</b>는 당 함량 확인이 필수입니다. #우베효능 #우베뜻 #우베자색고구마차이"", ""bloggername"": ""허브향 가득 퀘럼네 베란다정원"", ""bloggerlink"": ""blog.naver.com/el512"", ""postdate"": ""20260526""}"
우베,preset,필리핀 디저트,"우베 효능과 맛, 먹는법까지 한 번에 정리",https://blog.naver.com/hjt_mom/224296485283,20260526,"처음 보면 타로나 고구마처럼 보이는데, 사실 우베는 <b>필리핀</b>에서 많이 먹는 보라색 참마의 한 종류예요. 자연스러운 보라색 덕분에 <b>디저트</b> 재료로 인기가 많아졌고, 최근에는 국내 카페에서도 우베 <b>디저트</b>를... ",삼남매 하우스,blog.naver.com/hjt_mom,naver_blog,필리핀 디저트,related,0.3,2026-05-26T11:02:57.061617+00:00,0,0,0,0,삼남매 하우스,"처음 보면 타로나 고구마처럼 보이는데, 사실 우베는 <b>필리핀</b>에서 많이 먹는 보라색 참마의 한 종류예요. 자연스러운 보라색 덕분에 <b>디저트</b> 재료로 인기가 많아졌고, 최근에는 국내 카페에서도 우베 <b>디저트</b>를... ","{""title"": ""우베 효능과 맛, 먹는법까지 한 번에 정리"", ""link"": ""https://blog.naver.com/hjt_mom/224296485283"", ""description"": ""처음 보면 타로나 고구마처럼 보이는데, 사실 우베는 <b>필리핀</b>에서 많이 먹는 보라색 참마의 한 종류예요. 자연스러운 보라색 덕분에 <b>디저트</b> 재료로 인기가 많아졌고, 최근에는 국내 카페에서도 우베 <b>디저트</b>를... "", ""bloggername"": ""삼남매 하우스"", ""bloggerlink"": ""blog.naver.com/hjt_mom"", ""postdate"": ""20260526""}"
우베,preset,필리핀 디저트,[내돈내산]빽다방 신메뉴 우베라떼 +샷추가 후기,https://blog.naver.com/mooness0126/224296477132,20260526,먹는 <b>필리핀</b> 국민 <b>디저트</b> 한국의 팥빙수같은 거에용 * 사진 출처 : 네이버 업체 제공 사진 매장 들어가자마자 신메뉴 포스터가 딱 보이는데 색감이 진짜 시선강탈ㅋㅋ 특히 “먹어보라” 문구가 귀여워서 웃음남... ,"오늘도, 스리술이",blog.naver.com/mooness0126,naver_blog,필리핀 디저트,related,0.3,2026-05-26T11:02:57.061617+00:00,0,0,0,0,"오늘도, 스리술이",먹는 <b>필리핀</b> 국민 <b>디저트</b> 한국의 팥빙수같은 거에용 * 사진 출처 : 네이버 업체 제공 사진 매장 들어가자마자 신메뉴 포스터가 딱 보이는데 색감이 진짜 시선강탈ㅋㅋ 특히 “먹어보라” 문구가 귀여워서 웃음남... ,"{""title"": ""[내돈내산]빽다방 신메뉴 우베라떼 +샷추가 후기"", ""link"": ""https://blog.naver.com/mooness0126/224296477132"", ""description"": ""먹는 <b>필리핀</b> 국민 <b>디저트</b> 한국의 팥빙수같은 거에용 * 사진 출처 : 네이버 업체 제공 사진 매장 들어가자마자 신메뉴 포스터가 딱 보이는데 색감이 진짜 시선강탈ㅋㅋ 특히 “먹어보라” 문구가 귀여워서 웃음남... "", ""bloggername"": ""오늘도, 스리술이"", ""bloggerlink"": ""blog.naver.com/mooness0126"", ""postdate"": ""20260526""}"
우베,preset,필리핀 디저트,트레이더스 안산점 콤비네이션피자 우베라떼 우베선데이... ,https://blog.naver.com/sweetvlog/224296468588,20260526,트레이더스 안산점 스낵코너에 새로 출시된 우베라떼와 우베선데이 우베는 <b>필리핀</b>하고 베트남에서 맛있게 먹었던 보라색 뿌리줄기 <b>디저트</b>인데 고구마처럼 은은하게 달큰한 맛이 특징! 트레이더스... ,MOONLIT BLOOM,blog.naver.com/sweetvlog,naver_blog,필리핀 디저트,related,0.3,2026-05-26T11:02:57.061617+00:00,0,0,0,0,MOONLIT BLOOM,트레이더스 안산점 스낵코너에 새로 출시된 우베라떼와 우베선데이 우베는 <b>필리핀</b>하고 베트남에서 맛있게 먹었던 보라색 뿌리줄기 <b>디저트</b>인데 고구마처럼 은은하게 달큰한 맛이 특징! 트레이더스... ,"{""title"": ""트레이더스 안산점 콤비네이션피자 우베라떼 우베선데이... "", ""link"": ""https://blog.naver.com/sweetvlog/224296468588"", ""description"": ""트레이더스 안산점 스낵코너에 새로 출시된 우베라떼와 우베선데이 우베는 <b>필리핀</b>하고 베트남에서 맛있게 먹었던 보라색 뿌리줄기 <b>디저트</b>인데 고구마처럼 은은하게 달큰한 맛이 특징! 트레이더스... "", ""bloggername"": ""MOONLIT BLOOM"", ""bloggerlink"": ""blog.naver.com/sweetvlog"", ""postdate"": ""20260526""}"
우베,preset,필리핀 디저트,26.03.14 / 4박 5일 보라카이 여행 4일차 (2) - Cafe... ,https://blog.naver.com/wan9212/224292870527,20260526,"주소 : Laketown, 0446 Boracay Bulabog Rd, Boracay Island, Malay, 5608 Aklan, <b>필리핀</b> * 매일 11:00-21:30 #보라카이여행 #보라카이카페 #Cafedelsol #<b>필리핀</b>전통<b>디저트</b> #보라카이맛집 #Zugbagrillhouse #시식 #sisig","근심, 근心 (sim)",blog.naver.com/wan9212,naver_blog,필리핀 디저트,related,0.3,2026-05-26T11:02:57.061617+00:00,0,0,0,0,"근심, 근心 (sim)","주소 : Laketown, 0446 Boracay Bulabog Rd, Boracay Island, Malay, 5608 Aklan, <b>필리핀</b> * 매일 11:00-21:30 #보라카이여행 #보라카이카페 #Cafedelsol #<b>필리핀</b>전통<b>디저트</b> #보라카이맛집 #Zugbagrillhouse #시식 #sisig","{""title"": ""26.03.14 / 4박 5일 보라카이 여행 4일차 (2) - Cafe... "", ""link"": ""https://blog.naver.com/wan9212/224292870527"", ""description"": ""주소 : Laketown, 0446 Boracay Bulabog Rd, Boracay Island, Malay, 5608 Aklan, <b>필리핀</b> * 매일 11:00-21:30 #보라카이여행 #보라카이카페 #Cafedelsol #<b>필리핀</b>전통<b>디저트</b> #보라카이맛집 #Zugbagrillhouse #시식 #sisig"", ""bloggername"": ""근심, 근心 (sim)"", ""bloggerlink"": ""blog.naver.com/wan9212"", ""postdate"": ""20260526""}"
우베,preset,필리핀 디저트,[인천 부평] 우베 바스크 치즈케이크 먹을 수 있는 부평역 카페... ,https://blog.naver.com/di_yeong0607/224296461300,20260526,(REAL) 와 나 우베<b>디저트</b> 여러개 먹어봤는데 우베가 정확하게 뭔지 이제 알았잖아.. 우베란 <b>필리핀</b> 등 열대 지방에서 자라는 보라색 마 자색 고구마와 다른 독특한 풍미의 뿌리작물이라고 하네요. 아ㅏ... ,※ 배부른 뎡어리 ※,blog.naver.com/di_yeong0607,naver_blog,필리핀 디저트,related,0.3,2026-05-26T11:02:57.061617+00:00,0,0,0,0,※ 배부른 뎡어리 ※,(REAL) 와 나 우베<b>디저트</b> 여러개 먹어봤는데 우베가 정확하게 뭔지 이제 알았잖아.. 우베란 <b>필리핀</b> 등 열대 지방에서 자라는 보라색 마 자색 고구마와 다른 독특한 풍미의 뿌리작물이라고 하네요. 아ㅏ... ,"{""title"": ""[인천 부평] 우베 바스크 치즈케이크 먹을 수 있는 부평역 카페... "", ""link"": ""https://blog.naver.com/di_yeong0607/224296461300"", ""description"": ""(REAL) 와 나 우베<b>디저트</b> 여러개 먹어봤는데 우베가 정확하게 뭔지 이제 알았잖아.. 우베란 <b>필리핀</b> 등 열대 지방에서 자라는 보라색 마 자색 고구마와 다른 독특한 풍미의 뿌리작물이라고 하네요. 아ㅏ... "", ""bloggername"": ""※ 배부른 뎡어리 ※"", ""bloggerlink"": ""blog.naver.com/di_yeong0607"", ""postdate"": ""20260526""}"
우베,preset,필리핀 디저트,<b>필리핀</b> 여행 기념품 추천 BEST 15  세부·보라카이·마닐라... ,https://blog.naver.com/skybluetokyo/224290520047,20260526,과자 ⭐⭐⭐⭐ <b>필리핀</b> 전통 <b>디저트</b> 8 조비스 바나나칩 ⭐⭐⭐⭐ 달달한 국민 간식 9 진주 액세서리 ⭐⭐⭐⭐ 여성 선물용 인기 10 핸드메이드 비누 ⭐⭐⭐ 천연 제품 많음 11 건망고 초콜릿 ⭐⭐⭐⭐ 선물용... ,하늘모치의 즐거운 여행 맛집 노트,blog.naver.com/skybluetokyo,naver_blog,필리핀 디저트,related,0.3,2026-05-26T11:02:57.061617+00:00,0,0,0,0,하늘모치의 즐거운 여행 맛집 노트,과자 ⭐⭐⭐⭐ <b>필리핀</b> 전통 <b>디저트</b> 8 조비스 바나나칩 ⭐⭐⭐⭐ 달달한 국민 간식 9 진주 액세서리 ⭐⭐⭐⭐ 여성 선물용 인기 10 핸드메이드 비누 ⭐⭐⭐ 천연 제품 많음 11 건망고 초콜릿 ⭐⭐⭐⭐ 선물용... ,"{""title"": ""<b>필리핀</b> 여행 기념품 추천 BEST 15  세부·보라카이·마닐라... "", ""link"": ""https://blog.naver.com/skybluetokyo/224290520047"", ""description"": ""과자 ⭐⭐⭐⭐ <b>필리핀</b> 전통 <b>디저트</b> 8 조비스 바나나칩 ⭐⭐⭐⭐ 달달한 국민 간식 9 진주 액세서리 ⭐⭐⭐⭐ 여성 선물용 인기 10 핸드메이드 비누 ⭐⭐⭐ 천연 제품 많음 11 건망고 초콜릿 ⭐⭐⭐⭐ 선물용... "", ""bloggername"": ""하늘모치의 즐거운 여행 맛집 노트"", ""bloggerlink"": ""blog.naver.com/skybluetokyo"", ""postdate"": ""20260526""}"
우베,preset,필리핀 디저트,"마닐라, <b>필리핀</b> 여행 포켓 와이파이(유심,이심)도시락 할인예약... ",https://blog.naver.com/clvicle57686/224293487972,20260526,com  <b>디저트</b> &amp; 카페 맛집 메리 그레이스 치즈롤·케이크 유명 와일드플라워 브런치 맛집 스타벅스 세부 오션뷰점 바다뷰 유명 <b>필리핀</b> 인기 <b>디저트</b> 할로할로 우베 아이스크림 망고 플로트 레체플란  꼭 먹고... ,clvicle57686님의 블로그,blog.naver.com/clvicle57686,naver_blog,필리핀 디저트,related,0.3,2026-05-26T11:02:57.061617+00:00,0,0,0,0,clvicle57686님의 블로그,com  <b>디저트</b> &amp; 카페 맛집 메리 그레이스 치즈롤·케이크 유명 와일드플라워 브런치 맛집 스타벅스 세부 오션뷰점 바다뷰 유명 <b>필리핀</b> 인기 <b>디저트</b> 할로할로 우베 아이스크림 망고 플로트 레체플란  꼭 먹고... ,"{""title"": ""마닐라, <b>필리핀</b> 여행 포켓 와이파이(유심,이심)도시락 할인예약... "", ""link"": ""https://blog.naver.com/clvicle57686/224293487972"", ""description"": ""com  <b>디저트</b> &amp; 카페 맛집 메리 그레이스 치즈롤·케이크 유명 와일드플라워 브런치 맛집 스타벅스 세부 오션뷰점 바다뷰 유명 <b>필리핀</b> 인기 <b>디저트</b> 할로할로 우베 아이스크림 망고 플로트 레체플란  꼭 먹고... "", ""bloggername"": ""clvicle57686님의 블로그"", ""bloggerlink"": ""blog.naver.com/clvicle57686"", ""postdate"": ""20260526""}"
우베,preset,필리핀 디저트,보랏빛 매력에 빠져봐! 요즘 가장 핫한 슈퍼푸드우베(Ube)의... ,https://blog.naver.com/green_life_lab/224294806114,20260526,본론 3: 전 세계를 사로잡은 우베 디저트 트렌드 필리핀에서는 오래전부터 우베를 활용한 전통... 안녕~  #우베 #Ube #보라색고구마 #퍼플얌 #<b>필리핀디저트</b> #슈퍼푸드 #안토시아닌 #우베디저트 #우베라떼 #할로할로,Green Life Lab,blog.naver.com/green_life_lab,naver_blog,필리핀 디저트,related,0.3,2026-05-26T11:02:57.061617+00:00,0,0,0,0,Green Life Lab,본론 3: 전 세계를 사로잡은 우베 디저트 트렌드 필리핀에서는 오래전부터 우베를 활용한 전통... 안녕~  #우베 #Ube #보라색고구마 #퍼플얌 #<b>필리핀디저트</b> #슈퍼푸드 #안토시아닌 #우베디저트 #우베라떼 #할로할로,"{""title"": ""보랏빛 매력에 빠져봐! 요즘 가장 핫한 슈퍼푸드우베(Ube)의... "", ""link"": ""https://blog.naver.com/green_life_lab/224294806114"", ""description"": ""본론 3: 전 세계를 사로잡은 우베 디저트 트렌드 필리핀에서는 오래전부터 우베를 활용한 전통... 안녕~  #우베 #Ube #보라색고구마 #퍼플얌 #<b>필리핀디저트</b> #슈퍼푸드 #안토시아닌 #우베디저트 #우베라떼 #할로할로"", ""bloggername"": ""Green Life Lab"", ""bloggerlink"": ""blog.naver.com/green_life_lab"", ""postdate"": ""20260526""}"
우베,preset,필리핀 디저트,우베가 뭔가요 3분만에 완벽정리,https://blog.naver.com/kkong-3/224296401001,20260526,특히 <b>필리핀</b>의 대표 얼음 <b>디저트</b>인 할로할로에는 이것으로 만든 아이스크림이 무조건 고명으로 올라가는데 전체 맛의 70퍼센트를 좌우해요. 요즘에는 뉴욕이나 서울의 유명 베이커리에서도 크루아상이나... ,리오 이야기,blog.naver.com/kkong-3,naver_blog,필리핀 디저트,related,0.3,2026-05-26T11:02:57.061617+00:00,0,0,0,0,리오 이야기,특히 <b>필리핀</b>의 대표 얼음 <b>디저트</b>인 할로할로에는 이것으로 만든 아이스크림이 무조건 고명으로 올라가는데 전체 맛의 70퍼센트를 좌우해요. 요즘에는 뉴욕이나 서울의 유명 베이커리에서도 크루아상이나... ,"{""title"": ""우베가 뭔가요 3분만에 완벽정리"", ""link"": ""https://blog.naver.com/kkong-3/224296401001"", ""description"": ""특히 <b>필리핀</b>의 대표 얼음 <b>디저트</b>인 할로할로에는 이것으로 만든 아이스크림이 무조건 고명으로 올라가는데 전체 맛의 70퍼센트를 좌우해요. 요즘에는 뉴욕이나 서울의 유명 베이커리에서도 크루아상이나... "", ""bloggername"": ""리오 이야기"", ""bloggerlink"": ""blog.naver.com/kkong-3"", ""postdate"": ""20260526""}"
우베,preset,필리핀 디저트,호치민 푸미흥 빙수맛집 5/24 그랜드 오픈,https://blog.naver.com/lucevista666/224296377687,20260526,"글로벌 <b>디저트</b> 트렌드인 우베(<b>필리핀</b>이 원산지인 보라색 참마의 일종)를 이용한 우베 빙수, 우베 말차 라떼, 우베 크로플, 우베 라떼 신메뉴가 있으니 트렌드에 예민한 푸미흥 교민분들 뿐만 아니라 많은... ",빌리어네어,blog.naver.com/lucevista666,naver_blog,필리핀 디저트,related,0.3,2026-05-26T11:02:57.061617+00:00,0,0,0,0,빌리어네어,"글로벌 <b>디저트</b> 트렌드인 우베(<b>필리핀</b>이 원산지인 보라색 참마의 일종)를 이용한 우베 빙수, 우베 말차 라떼, 우베 크로플, 우베 라떼 신메뉴가 있으니 트렌드에 예민한 푸미흥 교민분들 뿐만 아니라 많은... ","{""title"": ""호치민 푸미흥 빙수맛집 5/24 그랜드 오픈"", ""link"": ""https://blog.naver.com/lucevista666/224296377687"", ""description"": ""글로벌 <b>디저트</b> 트렌드인 우베(<b>필리핀</b>이 원산지인 보라색 참마의 일종)를 이용한 우베 빙수, 우베 말차 라떼, 우베 크로플, 우베 라떼 신메뉴가 있으니 트렌드에 예민한 푸미흥 교민분들 뿐만 아니라 많은... "", ""bloggername"": ""빌리어네어"", ""bloggerlink"": ""blog.naver.com/lucevista666"", ""postdate"": ""20260526""}"
우베,preset,필리핀 디저트,요즘 핫한 우베 뜻 맛 효능 타로 차이점 알아보기,https://blog.naver.com/s2forever11/224296321846,20260526,"보라색 <b>디저트</b> 보신 적 있으시죠?  시각적인 강렬함은 물론이고, 특유의 부드럽고 달콤한 맛으로 전... Ube는 <b>필리핀</b>어로 '보라색 참마(Purple Yam)'를 뜻하는 말이에요. 주로 <b>필리핀</b>을 비롯한 따뜻한 동남아 열대... ",궁금한 이슈 다이슈,blog.naver.com/s2forever11,naver_blog,필리핀 디저트,related,0.3,2026-05-26T11:02:57.061617+00:00,0,0,0,0,궁금한 이슈 다이슈,"보라색 <b>디저트</b> 보신 적 있으시죠?  시각적인 강렬함은 물론이고, 특유의 부드럽고 달콤한 맛으로 전... Ube는 <b>필리핀</b>어로 '보라색 참마(Purple Yam)'를 뜻하는 말이에요. 주로 <b>필리핀</b>을 비롯한 따뜻한 동남아 열대... ","{""title"": ""요즘 핫한 우베 뜻 맛 효능 타로 차이점 알아보기"", ""link"": ""https://blog.naver.com/s2forever11/224296321846"", ""description"": ""보라색 <b>디저트</b> 보신 적 있으시죠?  시각적인 강렬함은 물론이고, 특유의 부드럽고 달콤한 맛으로 전... Ube는 <b>필리핀</b>어로 '보라색 참마(Purple Yam)'를 뜻하는 말이에요. 주로 <b>필리핀</b>을 비롯한 따뜻한 동남아 열대... "", ""bloggername"": ""궁금한 이슈 다이슈"", ""bloggerlink"": ""blog.naver.com/s2forever11"", ""postdate"": ""20260526""}"
우베,preset,필리핀 디저트,동남아 휴양지 여행 열대과일 제철 시즌 총정리 (+망고 애플망고... ,https://blog.naver.com/9as9999/224296321932,20260526,"실제로 태국, <b>필리핀</b>, 베트남 같은 동남아 지역에서는 제철 시즌에 먹는 열대과일 당도와 향이 한국에서... 생과일 <b>디저트</b> 같은 경험 중심으로 바뀌는 분위기입니다. 특히 제철 시즌에 먹는: 망고 애플망고... ",9as9999님의블로그,blog.naver.com/9as9999,naver_blog,필리핀 디저트,related,0.3,2026-05-26T11:02:57.061617+00:00,0,0,0,0,9as9999님의블로그,"실제로 태국, <b>필리핀</b>, 베트남 같은 동남아 지역에서는 제철 시즌에 먹는 열대과일 당도와 향이 한국에서... 생과일 <b>디저트</b> 같은 경험 중심으로 바뀌는 분위기입니다. 특히 제철 시즌에 먹는: 망고 애플망고... ","{""title"": ""동남아 휴양지 여행 열대과일 제철 시즌 총정리 (+망고 애플망고... "", ""link"": ""https://blog.naver.com/9as9999/224296321932"", ""description"": ""실제로 태국, <b>필리핀</b>, 베트남 같은 동남아 지역에서는 제철 시즌에 먹는 열대과일 당도와 향이 한국에서... 생과일 <b>디저트</b> 같은 경험 중심으로 바뀌는 분위기입니다. 특히 제철 시즌에 먹는: 망고 애플망고... "", ""bloggername"": ""9as9999님의블로그"", ""bloggerlink"": ""blog.naver.com/9as9999"", ""postdate"": ""20260526""}"
우베,preset,필리핀 디저트,오설록 피치 파파야 블랙티 내돈내산 리뷰 카페인 당류 칼로리... ,https://blog.naver.com/kimroseol/224294695805,20260526,첫 코에 팍 치고 올라오는 건 마이X미 복숭아 젤리랑 <b>필리핀</b>의 망고젤리를 한데 섞어서 뭉쳐놓은 듯한..... 요즘 찻잔은 듀오(찻잔+받침접시)보다는 트리오(찻잔+받침접시+<b>디저트</b>접시)로 사는 편이다. 티푸드... ,차다미의 홈카페 & 티룸,blog.naver.com/kimroseol,naver_blog,필리핀 디저트,related,0.3,2026-05-26T11:02:57.061617+00:00,0,0,0,0,차다미의 홈카페 & 티룸,첫 코에 팍 치고 올라오는 건 마이X미 복숭아 젤리랑 <b>필리핀</b>의 망고젤리를 한데 섞어서 뭉쳐놓은 듯한..... 요즘 찻잔은 듀오(찻잔+받침접시)보다는 트리오(찻잔+받침접시+<b>디저트</b>접시)로 사는 편이다. 티푸드... ,"{""title"": ""오설록 피치 파파야 블랙티 내돈내산 리뷰 카페인 당류 칼로리... "", ""link"": ""https://blog.naver.com/kimroseol/224294695805"", ""description"": ""첫 코에 팍 치고 올라오는 건 마이X미 복숭아 젤리랑 <b>필리핀</b>의 망고젤리를 한데 섞어서 뭉쳐놓은 듯한..... 요즘 찻잔은 듀오(찻잔+받침접시)보다는 트리오(찻잔+받침접시+<b>디저트</b>접시)로 사는 편이다. 티푸드... "", ""bloggername"": ""차다미의 홈카페 & 티룸"", ""bloggerlink"": ""blog.naver.com/kimroseol"", ""postdate"": ""20260526""}"
우베,preset,필리핀 디저트,새벽까지 영업하는 석바위 주안 대형카페 &lt;더콤마라운지... ,https://blog.naver.com/nawa_with_/224296255419,20260525,"더콤마라운지 인천주안점 메뉴 커피, 스무디, 차, 에이드 등 <b>디저트</b>류(빵, 케이크) 술, 안주 새벽까지... 우베는 꽃향기가 나는 건가 싶었는데 <b>필리핀</b>의 보라색 마라고 한다. 맛은 자색고구마 맛이다. 적당히... ","일상, 추억 뭐든 나눔",blog.naver.com/nawa_with_,naver_blog,필리핀 디저트,related,0.3,2026-05-26T11:02:57.061617+00:00,0,0,0,0,"일상, 추억 뭐든 나눔","더콤마라운지 인천주안점 메뉴 커피, 스무디, 차, 에이드 등 <b>디저트</b>류(빵, 케이크) 술, 안주 새벽까지... 우베는 꽃향기가 나는 건가 싶었는데 <b>필리핀</b>의 보라색 마라고 한다. 맛은 자색고구마 맛이다. 적당히... ","{""title"": ""새벽까지 영업하는 석바위 주안 대형카페 &lt;더콤마라운지... "", ""link"": ""https://blog.naver.com/nawa_with_/224296255419"", ""description"": ""더콤마라운지 인천주안점 메뉴 커피, 스무디, 차, 에이드 등 <b>디저트</b>류(빵, 케이크) 술, 안주 새벽까지... 우베는 꽃향기가 나는 건가 싶었는데 <b>필리핀</b>의 보라색 마라고 한다. 맛은 자색고구마 맛이다. 적당히... "", ""bloggername"": ""일상, 추억 뭐든 나눔"", ""bloggerlink"": ""blog.naver.com/nawa_with_"", ""postdate"": ""20260525""}"
우베,preset,필리핀 디저트,"텐퍼센트커피 우베 신메뉴 솔직후기, 우베라떼 크림치즈폼... ",https://blog.naver.com/nayoni88/224296236408,20260525,"요즘 인스타 피드에 보라색 우베 <b>디저트</b>가 엄청 자주 보여서 안 그래도 무슨 맛일까 궁금하긴... 우베가 뭔지 궁금해서 찾아봤는데, 우베는 <b>필리핀</b>에서 많이 먹는 자색 마 같은 구근작물이래요. 느낌은... ",요니의하루,blog.naver.com/nayoni88,naver_blog,필리핀 디저트,related,0.3,2026-05-26T11:02:57.061617+00:00,0,0,0,0,요니의하루,"요즘 인스타 피드에 보라색 우베 <b>디저트</b>가 엄청 자주 보여서 안 그래도 무슨 맛일까 궁금하긴... 우베가 뭔지 궁금해서 찾아봤는데, 우베는 <b>필리핀</b>에서 많이 먹는 자색 마 같은 구근작물이래요. 느낌은... ","{""title"": ""텐퍼센트커피 우베 신메뉴 솔직후기, 우베라떼 크림치즈폼... "", ""link"": ""https://blog.naver.com/nayoni88/224296236408"", ""description"": ""요즘 인스타 피드에 보라색 우베 <b>디저트</b>가 엄청 자주 보여서 안 그래도 무슨 맛일까 궁금하긴... 우베가 뭔지 궁금해서 찾아봤는데, 우베는 <b>필리핀</b>에서 많이 먹는 자색 마 같은 구근작물이래요. 느낌은... "", ""bloggername"": ""요니의하루"", ""bloggerlink"": ""blog.naver.com/nayoni88"", ""postdate"": ""20260525""}"
우베,preset,필리핀 디저트,호주 퍼스+울룰루 항공권 동선 총정리 (feat. 8번 비행하며... ,https://blog.naver.com/skybluelog/224296213327,20260525,"com) 바틱, <b>필리핀</b> 180,348원 취소된 항공권 저는 인생이 순탄하지 않은 것 같습니다. 각 비행마다... 스테이크+칵테일+애피타이저+<b>디저트</b>까지 모두 가장 비싼 걸로 골라서 먹고, (+ 초특급 VIP 대우와 함께)... ",하늘기록,blog.naver.com/skybluelog,naver_blog,필리핀 디저트,related,0.3,2026-05-26T11:02:57.061617+00:00,0,0,0,0,하늘기록,"com) 바틱, <b>필리핀</b> 180,348원 취소된 항공권 저는 인생이 순탄하지 않은 것 같습니다. 각 비행마다... 스테이크+칵테일+애피타이저+<b>디저트</b>까지 모두 가장 비싼 걸로 골라서 먹고, (+ 초특급 VIP 대우와 함께)... ","{""title"": ""호주 퍼스+울룰루 항공권 동선 총정리 (feat. 8번 비행하며... "", ""link"": ""https://blog.naver.com/skybluelog/224296213327"", ""description"": ""com) 바틱, <b>필리핀</b> 180,348원 취소된 항공권 저는 인생이 순탄하지 않은 것 같습니다. 각 비행마다... 스테이크+칵테일+애피타이저+<b>디저트</b>까지 모두 가장 비싼 걸로 골라서 먹고, (+ 초특급 VIP 대우와 함께)... "", ""bloggername"": ""하늘기록"", ""bloggerlink"": ""blog.naver.com/skybluelog"", ""postdate"": ""20260525""}"
우베,preset,필리핀 디저트,인계동 대형카페 &lt;더 콤마 라운지&gt; 분위기 좋은 카페에서... ,https://blog.naver.com/sssop11/224296209221,20260525,"우베는 <b>필리핀</b>에서 주로 먹는 보라색 고구마의 일종이라고한다. 우리나라 자색 고구마랑 비슷하지만... 오늘의 픽은 바로바로 요 우베 쿠앤크 스퀘어 케이크 우베 쿠앤크 스퀘어 / 8,800원 우베 <b>디저트</b>는 이번이... ",빵소z1의 일ㅅ6,blog.naver.com/sssop11,naver_blog,필리핀 디저트,related,0.3,2026-05-26T11:02:57.061617+00:00,0,0,0,0,빵소z1의 일ㅅ6,"우베는 <b>필리핀</b>에서 주로 먹는 보라색 고구마의 일종이라고한다. 우리나라 자색 고구마랑 비슷하지만... 오늘의 픽은 바로바로 요 우베 쿠앤크 스퀘어 케이크 우베 쿠앤크 스퀘어 / 8,800원 우베 <b>디저트</b>는 이번이... ","{""title"": ""인계동 대형카페 &lt;더 콤마 라운지&gt; 분위기 좋은 카페에서... "", ""link"": ""https://blog.naver.com/sssop11/224296209221"", ""description"": ""우베는 <b>필리핀</b>에서 주로 먹는 보라색 고구마의 일종이라고한다. 우리나라 자색 고구마랑 비슷하지만... 오늘의 픽은 바로바로 요 우베 쿠앤크 스퀘어 케이크 우베 쿠앤크 스퀘어 / 8,800원 우베 <b>디저트</b>는 이번이... "", ""bloggername"": ""빵소z1의 일ㅅ6"", ""bloggerlink"": ""blog.naver.com/sssop11"", ""postdate"": ""20260525""}"
우베,preset,필리핀 디저트,[브레이크인커피 기장본점]_ 부산 빵지순례 코스 추천 기장 대형... ,https://blog.naver.com/diana5246/224296205644,20260525,우베는 ‘<b>필리핀</b>에서 쓰이는 보라색의 마’로 색깔이 인공색료가 아닌 우베자체의 천연 색감으로 요즘에 카페에서 <b>디저트</b> 많이 유행하고 있더라구요 저는 우베라떼는 처음 먹어봐서 기대했는데 약간의... ,일상의 소소한 행복일기,blog.naver.com/diana5246,naver_blog,필리핀 디저트,related,0.3,2026-05-26T11:02:57.061617+00:00,0,0,0,0,일상의 소소한 행복일기,우베는 ‘<b>필리핀</b>에서 쓰이는 보라색의 마’로 색깔이 인공색료가 아닌 우베자체의 천연 색감으로 요즘에 카페에서 <b>디저트</b> 많이 유행하고 있더라구요 저는 우베라떼는 처음 먹어봐서 기대했는데 약간의... ,"{""title"": ""[브레이크인커피 기장본점]_ 부산 빵지순례 코스 추천 기장 대형... "", ""link"": ""https://blog.naver.com/diana5246/224296205644"", ""description"": ""우베는 ‘<b>필리핀</b>에서 쓰이는 보라색의 마’로 색깔이 인공색료가 아닌 우베자체의 천연 색감으로 요즘에 카페에서 <b>디저트</b> 많이 유행하고 있더라구요 저는 우베라떼는 처음 먹어봐서 기대했는데 약간의... "", ""bloggername"": ""일상의 소소한 행복일기"", ""bloggerlink"": ""blog.naver.com/diana5246"", ""postdate"": ""20260525""}"
우베,preset,필리핀 디저트,나의 하루 기록하기 프로젝트 #50,https://blog.naver.com/da_0326/224296199974,20260525,친구들이랑 <b>필리핀</b> 관광 갔다가 올 때 사다 준 디올 립밤ㅋㅋㅋ 예전엔 팬더 수첩 사다 주셨는데 많이... 하지만 비 와서 밖엔 못 앉았다 포토존 <b>디저트</b>도 많았는데 붕어빵을 먹기로 했다 야외 좌석 중에 가장... ,:Da_día,blog.naver.com/da_0326,naver_blog,필리핀 디저트,related,0.3,2026-05-26T11:02:57.061617+00:00,0,0,0,0,:Da_día,친구들이랑 <b>필리핀</b> 관광 갔다가 올 때 사다 준 디올 립밤ㅋㅋㅋ 예전엔 팬더 수첩 사다 주셨는데 많이... 하지만 비 와서 밖엔 못 앉았다 포토존 <b>디저트</b>도 많았는데 붕어빵을 먹기로 했다 야외 좌석 중에 가장... ,"{""title"": ""나의 하루 기록하기 프로젝트 #50"", ""link"": ""https://blog.naver.com/da_0326/224296199974"", ""description"": ""친구들이랑 <b>필리핀</b> 관광 갔다가 올 때 사다 준 디올 립밤ㅋㅋㅋ 예전엔 팬더 수첩 사다 주셨는데 많이... 하지만 비 와서 밖엔 못 앉았다 포토존 <b>디저트</b>도 많았는데 붕어빵을 먹기로 했다 야외 좌석 중에 가장... "", ""bloggername"": "":Da_día"", ""bloggerlink"": ""blog.naver.com/da_0326"", ""postdate"": ""20260525""}"
우베,preset,필리핀 디저트,제주 망고빙수 성산일출봉 카페 망고데이 <b>필리핀디저트</b>카페,https://blog.naver.com/0_0minimin/224296183788,20260525,망고데이 <b>필리핀디저트</b>카페 제주 망고데이 필리필디저트카페 주소: 제주 서귀포시 성산읍 신양로 102... 가능해요 필리핀 감성 가득한 성산일출봉 카페 내부 문을 열고 들어가는 순간 필리핀 휴양지에 온듯한... ,행복퐝퐝 하루하루,blog.naver.com/0_0minimin,naver_blog,필리핀 디저트,related,0.3,2026-05-26T11:02:57.061617+00:00,0,0,0,0,행복퐝퐝 하루하루,망고데이 <b>필리핀디저트</b>카페 제주 망고데이 필리필디저트카페 주소: 제주 서귀포시 성산읍 신양로 102... 가능해요 필리핀 감성 가득한 성산일출봉 카페 내부 문을 열고 들어가는 순간 필리핀 휴양지에 온듯한... ,"{""title"": ""제주 망고빙수 성산일출봉 카페 망고데이 <b>필리핀디저트</b>카페"", ""link"": ""https://blog.naver.com/0_0minimin/224296183788"", ""description"": ""망고데이 <b>필리핀디저트</b>카페 제주 망고데이 필리필디저트카페 주소: 제주 서귀포시 성산읍 신양로 102... 가능해요 필리핀 감성 가득한 성산일출봉 카페 내부 문을 열고 들어가는 순간 필리핀 휴양지에 온듯한... "", ""bloggername"": ""행복퐝퐝 하루하루"", ""bloggerlink"": ""blog.naver.com/0_0minimin"", ""postdate"": ""20260525""}"
우베,preset,필리핀 디저트,대형 카페 다 제쳤다 프랜차이즈순위 뒤흔든 소자본... ,https://blog.naver.com/gksrnrtkwp2/224296157490,20260525,좁은 공간에서도 높은 효율을 낼 수 있는 이유는 본사에서 <b>디저트</b>를 완제품 형태로 깔끔하게 공급하기... <b>필리핀</b>과 미국 등 해외 마스터 프랜차이즈 계약 성과는 가맹점주들에게 단순한 매장 하나 이상의... ,실천하는 경제 이야기,blog.naver.com/gksrnrtkwp2,naver_blog,필리핀 디저트,related,0.3,2026-05-26T11:02:57.061617+00:00,0,0,0,0,실천하는 경제 이야기,좁은 공간에서도 높은 효율을 낼 수 있는 이유는 본사에서 <b>디저트</b>를 완제품 형태로 깔끔하게 공급하기... <b>필리핀</b>과 미국 등 해외 마스터 프랜차이즈 계약 성과는 가맹점주들에게 단순한 매장 하나 이상의... ,"{""title"": ""대형 카페 다 제쳤다 프랜차이즈순위 뒤흔든 소자본... "", ""link"": ""https://blog.naver.com/gksrnrtkwp2/224296157490"", ""description"": ""좁은 공간에서도 높은 효율을 낼 수 있는 이유는 본사에서 <b>디저트</b>를 완제품 형태로 깔끔하게 공급하기... <b>필리핀</b>과 미국 등 해외 마스터 프랜차이즈 계약 성과는 가맹점주들에게 단순한 매장 하나 이상의... "", ""bloggername"": ""실천하는 경제 이야기"", ""bloggerlink"": ""blog.naver.com/gksrnrtkwp2"", ""postdate"": ""20260525""}"
우베,preset,필리핀 디저트,우베 뜻 무엇일까? 보랏빛 <b>디저트</b>의 정체와 효능 총정리,https://blog.naver.com/wjdrb1519/224292726702,20260525,- <b>필리핀</b> 전통 <b>디저트</b>인 할로할로에도 핵심 재료로 항상 들어간답니다. 집에서도 가루 형태로 된 우베를 구입하면 베이킹이나 음료에 간편하게 활용하실 수 있어요. 우베 섭취 시 주의해야 할 점 맛도 좋고 색도... ,행복기록님의 블로그,blog.naver.com/wjdrb1519,naver_blog,필리핀 디저트,related,0.3,2026-05-26T11:02:57.061617+00:00,0,0,0,0,행복기록님의 블로그,- <b>필리핀</b> 전통 <b>디저트</b>인 할로할로에도 핵심 재료로 항상 들어간답니다. 집에서도 가루 형태로 된 우베를 구입하면 베이킹이나 음료에 간편하게 활용하실 수 있어요. 우베 섭취 시 주의해야 할 점 맛도 좋고 색도... ,"{""title"": ""우베 뜻 무엇일까? 보랏빛 <b>디저트</b>의 정체와 효능 총정리"", ""link"": ""https://blog.naver.com/wjdrb1519/224292726702"", ""description"": ""- <b>필리핀</b> 전통 <b>디저트</b>인 할로할로에도 핵심 재료로 항상 들어간답니다. 집에서도 가루 형태로 된 우베를 구입하면 베이킹이나 음료에 간편하게 활용하실 수 있어요. 우베 섭취 시 주의해야 할 점 맛도 좋고 색도... "", ""bloggername"": ""행복기록님의 블로그"", ""bloggerlink"": ""blog.naver.com/wjdrb1519"", ""postdate"": ""20260525""}"
우베,preset,필리핀 디저트,우베도라치의 매력과 다양한 조리법 소개,https://blog.naver.com/vm9n2ii43878/224296123199,20260525,"원래 <b>필리핀</b>의 전통적인 식품으로, 그 뿌리는 깊은 역사 속에 존재합니다.\n식물에 대한 경외감이 가득했던 조상들의 지혜가 담겨있죠.\n전통적으로, 우베는 보통 다양한 요리에 활용되었고, 특히 <b>디저트</b>에서 그... ",vm9n2ii43878님의 블로그,blog.naver.com/vm9n2ii43878,naver_blog,필리핀 디저트,related,0.3,2026-05-26T11:02:57.061617+00:00,0,0,0,0,vm9n2ii43878님의 블로그,"원래 <b>필리핀</b>의 전통적인 식품으로, 그 뿌리는 깊은 역사 속에 존재합니다.\n식물에 대한 경외감이 가득했던 조상들의 지혜가 담겨있죠.\n전통적으로, 우베는 보통 다양한 요리에 활용되었고, 특히 <b>디저트</b>에서 그... ","{""title"": ""우베도라치의 매력과 다양한 조리법 소개"", ""link"": ""https://blog.naver.com/vm9n2ii43878/224296123199"", ""description"": ""원래 <b>필리핀</b>의 전통적인 식품으로, 그 뿌리는 깊은 역사 속에 존재합니다.\\n식물에 대한 경외감이 가득했던 조상들의 지혜가 담겨있죠.\\n전통적으로, 우베는 보통 다양한 요리에 활용되었고, 특히 <b>디저트</b>에서 그... "", ""bloggername"": ""vm9n2ii43878님의 블로그"", ""bloggerlink"": ""blog.naver.com/vm9n2ii43878"", ""postdate"": ""20260525""}"
우베,preset,필리핀 디저트,26년 5월 홍콩 일상: 하이킹/바베큐 시즌 종료,https://blog.naver.com/slater12/224296118641,20260525,날씨가 더워질수록 더위에 강하신 <b>필리핀</b> 분들이 점점 늘어나는 듯. 아무래도 화구의 열기와... 날이 더워지니 실내에서 <b>디저트</b>만 찾게 된다. 살찌는 지름길인데.. 셩완에 있는 싱가폴 식당 Katong Laksa Prawn... ,Rocketeer,blog.naver.com/slater12,naver_blog,필리핀 디저트,related,0.3,2026-05-26T11:02:57.061617+00:00,0,0,0,0,Rocketeer,날씨가 더워질수록 더위에 강하신 <b>필리핀</b> 분들이 점점 늘어나는 듯. 아무래도 화구의 열기와... 날이 더워지니 실내에서 <b>디저트</b>만 찾게 된다. 살찌는 지름길인데.. 셩완에 있는 싱가폴 식당 Katong Laksa Prawn... ,"{""title"": ""26년 5월 홍콩 일상: 하이킹/바베큐 시즌 종료"", ""link"": ""https://blog.naver.com/slater12/224296118641"", ""description"": ""날씨가 더워질수록 더위에 강하신 <b>필리핀</b> 분들이 점점 늘어나는 듯. 아무래도 화구의 열기와... 날이 더워지니 실내에서 <b>디저트</b>만 찾게 된다. 살찌는 지름길인데.. 셩완에 있는 싱가폴 식당 Katong Laksa Prawn... "", ""bloggername"": ""Rocketeer"", ""bloggerlink"": ""blog.naver.com/slater12"", ""postdate"": ""20260525""}"
우베,preset,필리핀 디저트,잠실롯데월드몰 카페 노티드 우베 도넛의 맛,https://blog.naver.com/yurik34/224296115769,20260525,"<b>필리핀</b>식 발음으로 우베라고 부른다고해요. 맛은 약간 자색고구마 느낌도 나고, 타로나 고구마 라떼 같은 고소한 단맛 느낌도 있어서 요즘 다양한 음료, <b>디저트</b>로 유행을 이끌고 있더라고요~ 그래서인지 이번... ",즐거운 강신디❤️,blog.naver.com/yurik34,naver_blog,필리핀 디저트,related,0.3,2026-05-26T11:02:57.061617+00:00,0,0,0,0,즐거운 강신디❤️,"<b>필리핀</b>식 발음으로 우베라고 부른다고해요. 맛은 약간 자색고구마 느낌도 나고, 타로나 고구마 라떼 같은 고소한 단맛 느낌도 있어서 요즘 다양한 음료, <b>디저트</b>로 유행을 이끌고 있더라고요~ 그래서인지 이번... ","{""title"": ""잠실롯데월드몰 카페 노티드 우베 도넛의 맛"", ""link"": ""https://blog.naver.com/yurik34/224296115769"", ""description"": ""<b>필리핀</b>식 발음으로 우베라고 부른다고해요. 맛은 약간 자색고구마 느낌도 나고, 타로나 고구마 라떼 같은 고소한 단맛 느낌도 있어서 요즘 다양한 음료, <b>디저트</b>로 유행을 이끌고 있더라고요~ 그래서인지 이번... "", ""bloggername"": ""즐거운 강신디❤️"", ""bloggerlink"": ""blog.naver.com/yurik34"", ""postdate"": ""20260525""}"
우베,preset,필리핀 디저트,당진 순성 타타스베이글 내돈내산 <b>디저트</b> 후기 빵의 근본은... ,https://blog.naver.com/mapchu/224296103997,20260525,명칭이 일본 스러운데요 '우베'라는건 먼나라 <b>필리핀</b>에서 고구마처럼 재배하고 즐겨 먹는다고 합니다.... #가족과함께 #<b>디저트</b> #타타스베이글 #당진타타스베이글 #간식 #커피 #우베라떼 #베이글 #당진가볼만한곳... ,맵추,blog.naver.com/mapchu,naver_blog,필리핀 디저트,related,0.3,2026-05-26T11:02:57.061617+00:00,0,0,0,0,맵추,명칭이 일본 스러운데요 '우베'라는건 먼나라 <b>필리핀</b>에서 고구마처럼 재배하고 즐겨 먹는다고 합니다.... #가족과함께 #<b>디저트</b> #타타스베이글 #당진타타스베이글 #간식 #커피 #우베라떼 #베이글 #당진가볼만한곳... ,"{""title"": ""당진 순성 타타스베이글 내돈내산 <b>디저트</b> 후기 빵의 근본은... "", ""link"": ""https://blog.naver.com/mapchu/224296103997"", ""description"": ""명칭이 일본 스러운데요 '우베'라는건 먼나라 <b>필리핀</b>에서 고구마처럼 재배하고 즐겨 먹는다고 합니다.... #가족과함께 #<b>디저트</b> #타타스베이글 #당진타타스베이글 #간식 #커피 #우베라떼 #베이글 #당진가볼만한곳... "", ""bloggername"": ""맵추"", ""bloggerlink"": ""blog.naver.com/mapchu"", ""postdate"": ""20260525""}"
우베,preset,필리핀 디저트,우베가 뭐길래? 카페 <b>디저트</b>가 보라색으로 물드는 이유,https://blog.naver.com/jjywldud04941/224296099040,20260525,"처음 보면 자색고구마인가 싶지만, 이 보라색 <b>디저트</b>의 주인공은 바로 '우베'일 가능성이 높습니다. 우베, 대체 뭐길래? 우베는 <b>필리핀</b>과 동남아시아권에서 오래전부터 먹어온 보라색 얌, 즉 참마류 식재료... ",오늘의 건강 노트,blog.naver.com/jjywldud04941,naver_blog,필리핀 디저트,related,0.3,2026-05-26T11:02:57.061617+00:00,0,0,0,0,오늘의 건강 노트,"처음 보면 자색고구마인가 싶지만, 이 보라색 <b>디저트</b>의 주인공은 바로 '우베'일 가능성이 높습니다. 우베, 대체 뭐길래? 우베는 <b>필리핀</b>과 동남아시아권에서 오래전부터 먹어온 보라색 얌, 즉 참마류 식재료... ","{""title"": ""우베가 뭐길래? 카페 <b>디저트</b>가 보라색으로 물드는 이유"", ""link"": ""https://blog.naver.com/jjywldud04941/224296099040"", ""description"": ""처음 보면 자색고구마인가 싶지만, 이 보라색 <b>디저트</b>의 주인공은 바로 '우베'일 가능성이 높습니다. 우베, 대체 뭐길래? 우베는 <b>필리핀</b>과 동남아시아권에서 오래전부터 먹어온 보라색 얌, 즉 참마류 식재료... "", ""bloggername"": ""오늘의 건강 노트"", ""bloggerlink"": ""blog.naver.com/jjywldud04941"", ""postdate"": ""20260525""}"
우베,preset,필리핀 디저트,<b>필리핀</b> 여행 전자담배 반입... 팩트체크 | <b>필리핀</b> 현지 사용... ,https://blog.naver.com/alexlim1981/224296092551,20260525,현지 단속 강화 트렌드: 최근 <b>필리핀</b> 정부는 미성년자에게 인기 있는 <b>디저트</b> 향이나 캐릭터가 그려진 불법 일회용 전자담배 제품에 대한 단속을 대대적으로 강화하고 있습니다. 외국인 여행객이라도 예외를... ,전자담배성지 부산해운대점,blog.naver.com/alexlim1981,naver_blog,필리핀 디저트,related,0.3,2026-05-26T11:02:57.061617+00:00,0,0,0,0,전자담배성지 부산해운대점,현지 단속 강화 트렌드: 최근 <b>필리핀</b> 정부는 미성년자에게 인기 있는 <b>디저트</b> 향이나 캐릭터가 그려진 불법 일회용 전자담배 제품에 대한 단속을 대대적으로 강화하고 있습니다. 외국인 여행객이라도 예외를... ,"{""title"": ""<b>필리핀</b> 여행 전자담배 반입... 팩트체크 | <b>필리핀</b> 현지 사용... "", ""link"": ""https://blog.naver.com/alexlim1981/224296092551"", ""description"": ""현지 단속 강화 트렌드: 최근 <b>필리핀</b> 정부는 미성년자에게 인기 있는 <b>디저트</b> 향이나 캐릭터가 그려진 불법 일회용 전자담배 제품에 대한 단속을 대대적으로 강화하고 있습니다. 외국인 여행객이라도 예외를... "", ""bloggername"": ""전자담배성지 부산해운대점"", ""bloggerlink"": ""blog.naver.com/alexlim1981"", ""postdate"": ""20260525""}"
우베,preset,필리핀 디저트,텍사스로드하우스 잠실점 | 웨이팅 꿀팁 + 추천·비추천 메뉴... ,https://blog.naver.com/cuteramsey/224296073531,20260525,"에피타이저, 샐러드&amp;수프, 스테이크, 파스타, 라이스, 햄버거, 키즈메뉴, <b>디저트</b>까지 종류가 너무... <b>필리핀</b>에서 먹었던 밥이 생각나고 무슨 맛인지 모르겠는 밥이었어요 음식 남기는 거 안 좋아하는데 차 마... ",Mynewcolor,blog.naver.com/cuteramsey,naver_blog,필리핀 디저트,related,0.3,2026-05-26T11:02:57.061617+00:00,0,0,0,0,Mynewcolor,"에피타이저, 샐러드&amp;수프, 스테이크, 파스타, 라이스, 햄버거, 키즈메뉴, <b>디저트</b>까지 종류가 너무... <b>필리핀</b>에서 먹었던 밥이 생각나고 무슨 맛인지 모르겠는 밥이었어요 음식 남기는 거 안 좋아하는데 차 마... ","{""title"": ""텍사스로드하우스 잠실점 | 웨이팅 꿀팁 + 추천·비추천 메뉴... "", ""link"": ""https://blog.naver.com/cuteramsey/224296073531"", ""description"": ""에피타이저, 샐러드&amp;수프, 스테이크, 파스타, 라이스, 햄버거, 키즈메뉴, <b>디저트</b>까지 종류가 너무... <b>필리핀</b>에서 먹었던 밥이 생각나고 무슨 맛인지 모르겠는 밥이었어요 음식 남기는 거 안 좋아하는데 차 마... "", ""bloggername"": ""Mynewcolor"", ""bloggerlink"": ""blog.naver.com/cuteramsey"", ""postdate"": ""20260525""}"
우베,preset,필리핀 디저트,요즘 SNS 난리 난 보랏빛 <b>디저트</b> ‘우베(Ube)’가 뭐야?... ,https://blog.naver.com/tha1201/224296067129,20260525,<b>필리핀</b> 현지에서는 ‘우베 할라야’라는 잼 형태로 만들어 <b>디저트</b>의 필수 베이스로 오랫동안 사랑받아 온 국민 식재료랍니다. 진하고 선명한 보라색은 블루베리나 보라 양배추에 풍부한 ‘안토시아닌’ 성분... ,tha1201님의블로그,blog.naver.com/tha1201,naver_blog,필리핀 디저트,related,0.3,2026-05-26T11:02:57.061617+00:00,0,0,0,0,tha1201님의블로그,<b>필리핀</b> 현지에서는 ‘우베 할라야’라는 잼 형태로 만들어 <b>디저트</b>의 필수 베이스로 오랫동안 사랑받아 온 국민 식재료랍니다. 진하고 선명한 보라색은 블루베리나 보라 양배추에 풍부한 ‘안토시아닌’ 성분... ,"{""title"": ""요즘 SNS 난리 난 보랏빛 <b>디저트</b> ‘우베(Ube)’가 뭐야?... "", ""link"": ""https://blog.naver.com/tha1201/224296067129"", ""description"": ""<b>필리핀</b> 현지에서는 ‘우베 할라야’라는 잼 형태로 만들어 <b>디저트</b>의 필수 베이스로 오랫동안 사랑받아 온 국민 식재료랍니다. 진하고 선명한 보라색은 블루베리나 보라 양배추에 풍부한 ‘안토시아닌’ 성분... "", ""bloggername"": ""tha1201님의블로그"", ""bloggerlink"": ""blog.naver.com/tha1201"", ""postdate"": ""20260525""}"
우베,preset,필리핀 디저트,MY 우당탕퉁탕 세부 여행,https://blog.naver.com/yeonsil024/224296063569,20260525,헐 내가 진짜 <b>필리핀</b> 세부에 있잖아~~~~~~!!! 세부 국제 공항에 내려서 엘라 짐 찾고 래쉬가드로 옷... 조식은 현지 조식(<b>필리핀</b>식)과 아메리칸식 중에서 고를 수 있었는데 평소 아메리칸식 먹을 수 있으니 한 번... ,그린 듯이 아름다운 날개,blog.naver.com/yeonsil024,naver_blog,필리핀 디저트,related,0.3,2026-05-26T11:02:57.061617+00:00,0,0,0,0,그린 듯이 아름다운 날개,헐 내가 진짜 <b>필리핀</b> 세부에 있잖아~~~~~~!!! 세부 국제 공항에 내려서 엘라 짐 찾고 래쉬가드로 옷... 조식은 현지 조식(<b>필리핀</b>식)과 아메리칸식 중에서 고를 수 있었는데 평소 아메리칸식 먹을 수 있으니 한 번... ,"{""title"": ""MY 우당탕퉁탕 세부 여행"", ""link"": ""https://blog.naver.com/yeonsil024/224296063569"", ""description"": ""헐 내가 진짜 <b>필리핀</b> 세부에 있잖아~~~~~~!!! 세부 국제 공항에 내려서 엘라 짐 찾고 래쉬가드로 옷... 조식은 현지 조식(<b>필리핀</b>식)과 아메리칸식 중에서 고를 수 있었는데 평소 아메리칸식 먹을 수 있으니 한 번... "", ""bloggername"": ""그린 듯이 아름다운 날개"", ""bloggerlink"": ""blog.naver.com/yeonsil024"", ""postdate"": ""20260525""}"
우베,preset,필리핀 디저트,평택역 카페추천 와이즈커피랩 케이크추천,https://blog.naver.com/meokcomong/224296054785,20260525,쿠키나 파운드 케이크도 다 만들고 있어서 케이크먹기 너무 배부르다면 간단한 <b>디저트</b>들도 먹을 수 있답니다 ㅎㅎ 꺅 드디어 주문한 음료랑 케이크가 나왔는데요!! 우베케이크는 <b>필리핀</b> 마 인데 고구마같기도... ,부지런한 코몽의 기록,blog.naver.com/meokcomong,naver_blog,필리핀 디저트,related,0.3,2026-05-26T11:02:57.061617+00:00,0,0,0,0,부지런한 코몽의 기록,쿠키나 파운드 케이크도 다 만들고 있어서 케이크먹기 너무 배부르다면 간단한 <b>디저트</b>들도 먹을 수 있답니다 ㅎㅎ 꺅 드디어 주문한 음료랑 케이크가 나왔는데요!! 우베케이크는 <b>필리핀</b> 마 인데 고구마같기도... ,"{""title"": ""평택역 카페추천 와이즈커피랩 케이크추천"", ""link"": ""https://blog.naver.com/meokcomong/224296054785"", ""description"": ""쿠키나 파운드 케이크도 다 만들고 있어서 케이크먹기 너무 배부르다면 간단한 <b>디저트</b>들도 먹을 수 있답니다 ㅎㅎ 꺅 드디어 주문한 음료랑 케이크가 나왔는데요!! 우베케이크는 <b>필리핀</b> 마 인데 고구마같기도... "", ""bloggername"": ""부지런한 코몽의 기록"", ""bloggerlink"": ""blog.naver.com/meokcomong"", ""postdate"": ""20260525""}"
우베,preset,필리핀 디저트,세븐일레븐 할인 우베하이볼 3캔 9000원 내돈내산 후기 맛이?... ,https://blog.naver.com/tuesdaycherry/224296041231,20260525,우베는 <b>필리핀</b> 등 동남아시아에서 먹는 보라색 참마예요. 타로랑 비슷하게 생겼는데 색이 더 진하고 바닐라 향이 나는 게 특징이에요. 요즘 SNS에서 보라빛 <b>디저트</b> 유행 이끄는 주인공이 바로 이 우베예요.... ,리뷰미 라이프 로그,blog.naver.com/tuesdaycherry,naver_blog,필리핀 디저트,related,0.3,2026-05-26T11:02:57.061617+00:00,0,0,0,0,리뷰미 라이프 로그,우베는 <b>필리핀</b> 등 동남아시아에서 먹는 보라색 참마예요. 타로랑 비슷하게 생겼는데 색이 더 진하고 바닐라 향이 나는 게 특징이에요. 요즘 SNS에서 보라빛 <b>디저트</b> 유행 이끄는 주인공이 바로 이 우베예요.... ,"{""title"": ""세븐일레븐 할인 우베하이볼 3캔 9000원 내돈내산 후기 맛이?... "", ""link"": ""https://blog.naver.com/tuesdaycherry/224296041231"", ""description"": ""우베는 <b>필리핀</b> 등 동남아시아에서 먹는 보라색 참마예요. 타로랑 비슷하게 생겼는데 색이 더 진하고 바닐라 향이 나는 게 특징이에요. 요즘 SNS에서 보라빛 <b>디저트</b> 유행 이끄는 주인공이 바로 이 우베예요.... "", ""bloggername"": ""리뷰미 라이프 로그"", ""bloggerlink"": ""blog.naver.com/tuesdaycherry"", ""postdate"": ""20260525""}"
우베,preset,필리핀 디저트,우베란 무엇? 타로와 다른 달콤한 보라색 참마,https://blog.naver.com/bunny3813/224296030166,20260525,"<b>필리핀</b>의 보물로 불리는 우베는 우리에게 익숙한 고구마와 비슷한 참마의 한 종류입니다. 자연이 선사한 선명한 보라색은 시선을 사로잡으며, 특히 <b>디저트</b> 시장에서 독보적인 존재감을 드러내고 있습니다.... ",삼만리,blog.naver.com/bunny3813,naver_blog,필리핀 디저트,related,0.3,2026-05-26T11:02:57.061617+00:00,0,0,0,0,삼만리,"<b>필리핀</b>의 보물로 불리는 우베는 우리에게 익숙한 고구마와 비슷한 참마의 한 종류입니다. 자연이 선사한 선명한 보라색은 시선을 사로잡으며, 특히 <b>디저트</b> 시장에서 독보적인 존재감을 드러내고 있습니다.... ","{""title"": ""우베란 무엇? 타로와 다른 달콤한 보라색 참마"", ""link"": ""https://blog.naver.com/bunny3813/224296030166"", ""description"": ""<b>필리핀</b>의 보물로 불리는 우베는 우리에게 익숙한 고구마와 비슷한 참마의 한 종류입니다. 자연이 선사한 선명한 보라색은 시선을 사로잡으며, 특히 <b>디저트</b> 시장에서 독보적인 존재감을 드러내고 있습니다.... "", ""bloggername"": ""삼만리"", ""bloggerlink"": ""blog.naver.com/bunny3813"", ""postdate"": ""20260525""}"
우베,preset,필리핀 디저트,트레이더스 우베라떼 가성비 넘치는 보랏빛 신상음료 솔직후기,https://blog.naver.com/sonji_37/224296029605,20260525,"한정<b>디저트</b> 음료에요. 2,500원이라는 완벽하게 착하디 착한 가격 덕분에 쇼핑하면서 부담없이 한 잔씩 마시기 정말 좋아요. 우베란? 우베는 <b>필리핀</b>에서 흔히 볼 수 있는 보라색 참마의 일종이라고 해요. 얼핏 보면... ",손서의 먹고 떠나기❤️,blog.naver.com/sonji_37,naver_blog,필리핀 디저트,related,0.3,2026-05-26T11:02:57.061617+00:00,0,0,0,0,손서의 먹고 떠나기❤️,"한정<b>디저트</b> 음료에요. 2,500원이라는 완벽하게 착하디 착한 가격 덕분에 쇼핑하면서 부담없이 한 잔씩 마시기 정말 좋아요. 우베란? 우베는 <b>필리핀</b>에서 흔히 볼 수 있는 보라색 참마의 일종이라고 해요. 얼핏 보면... ","{""title"": ""트레이더스 우베라떼 가성비 넘치는 보랏빛 신상음료 솔직후기"", ""link"": ""https://blog.naver.com/sonji_37/224296029605"", ""description"": ""한정<b>디저트</b> 음료에요. 2,500원이라는 완벽하게 착하디 착한 가격 덕분에 쇼핑하면서 부담없이 한 잔씩 마시기 정말 좋아요. 우베란? 우베는 <b>필리핀</b>에서 흔히 볼 수 있는 보라색 참마의 일종이라고 해요. 얼핏 보면... "", ""bloggername"": ""손서의 먹고 떠나기❤️"", ""bloggerlink"": ""blog.naver.com/sonji_37"", ""postdate"": ""20260525""}"
우베,preset,필리핀 디저트,오늘도 열심히 놀았습니다,https://blog.naver.com/woqhal7/224296009143,20260525,좋음ㅠ <b>디저트</b> 맛집을 찾아 왔슴당 메뉴가 나왔는데 생각했던거보다 더 커서 당황함(p) 곽총무 잘... 슬리퍼 바뀌면 안된다고 바로 이름 써줌ㅋㅋㅋㅋㅋ 역시 효율퀸 과일을 좋아하지는 않지만 <b>필리핀</b>와서 과일... ,매일 매일 새롭게,blog.naver.com/woqhal7,naver_blog,필리핀 디저트,related,0.3,2026-05-26T11:02:57.061617+00:00,0,0,0,0,매일 매일 새롭게,좋음ㅠ <b>디저트</b> 맛집을 찾아 왔슴당 메뉴가 나왔는데 생각했던거보다 더 커서 당황함(p) 곽총무 잘... 슬리퍼 바뀌면 안된다고 바로 이름 써줌ㅋㅋㅋㅋㅋ 역시 효율퀸 과일을 좋아하지는 않지만 <b>필리핀</b>와서 과일... ,"{""title"": ""오늘도 열심히 놀았습니다"", ""link"": ""https://blog.naver.com/woqhal7/224296009143"", ""description"": ""좋음ㅠ <b>디저트</b> 맛집을 찾아 왔슴당 메뉴가 나왔는데 생각했던거보다 더 커서 당황함(p) 곽총무 잘... 슬리퍼 바뀌면 안된다고 바로 이름 써줌ㅋㅋㅋㅋㅋ 역시 효율퀸 과일을 좋아하지는 않지만 <b>필리핀</b>와서 과일... "", ""bloggername"": ""매일 매일 새롭게"", ""bloggerlink"": ""blog.naver.com/woqhal7"", ""postdate"": ""20260525""}"
우베,preset,필리핀 디저트,"보랏빛의 화려한 변신, 우베 바스크 치즈케이크의 매력",https://blog.naver.com/0224dh/224296007689,20260525,우베(Ube)는 <b>필리핀</b> 등지에서 주로 자라는 보라색 마를 뜻하는데요. 그 자체로도 은은한 단맛과 고소한 풍미를 가지고 있어 <b>디저트</b> 재료로 인기가 높습니다. 그런 우베가 꾸덕하고 진한 풍미를 자랑하는 바스크... ,후니일기,blog.naver.com/0224dh,naver_blog,필리핀 디저트,related,0.3,2026-05-26T11:02:57.061617+00:00,0,0,0,0,후니일기,우베(Ube)는 <b>필리핀</b> 등지에서 주로 자라는 보라색 마를 뜻하는데요. 그 자체로도 은은한 단맛과 고소한 풍미를 가지고 있어 <b>디저트</b> 재료로 인기가 높습니다. 그런 우베가 꾸덕하고 진한 풍미를 자랑하는 바스크... ,"{""title"": ""보랏빛의 화려한 변신, 우베 바스크 치즈케이크의 매력"", ""link"": ""https://blog.naver.com/0224dh/224296007689"", ""description"": ""우베(Ube)는 <b>필리핀</b> 등지에서 주로 자라는 보라색 마를 뜻하는데요. 그 자체로도 은은한 단맛과 고소한 풍미를 가지고 있어 <b>디저트</b> 재료로 인기가 높습니다. 그런 우베가 꾸덕하고 진한 풍미를 자랑하는 바스크... "", ""bloggername"": ""후니일기"", ""bloggerlink"": ""blog.naver.com/0224dh"", ""postdate"": ""20260525""}"
우베,preset,필리핀 디저트,폴바셋 신메뉴 추천 우베 카페라떼,https://blog.naver.com/tiamoyo/224296004712,20260525,"우베는 <b>필리핀</b>에서 많이 사용하는 자색 참마의 한 종류인데, 은은한 고구마 같은 달콤함과 고소한 풍미가 특징! 그래서 라떼로 만들면 부드럽고 <b>디저트</b> 같은 느낌이 난다. 특히 폴 바셋 우베 카페라떼는... ",열매달 스물아흐레,blog.naver.com/tiamoyo,naver_blog,필리핀 디저트,related,0.3,2026-05-26T11:02:57.061617+00:00,0,0,0,0,열매달 스물아흐레,"우베는 <b>필리핀</b>에서 많이 사용하는 자색 참마의 한 종류인데, 은은한 고구마 같은 달콤함과 고소한 풍미가 특징! 그래서 라떼로 만들면 부드럽고 <b>디저트</b> 같은 느낌이 난다. 특히 폴 바셋 우베 카페라떼는... ","{""title"": ""폴바셋 신메뉴 추천 우베 카페라떼"", ""link"": ""https://blog.naver.com/tiamoyo/224296004712"", ""description"": ""우베는 <b>필리핀</b>에서 많이 사용하는 자색 참마의 한 종류인데, 은은한 고구마 같은 달콤함과 고소한 풍미가 특징! 그래서 라떼로 만들면 부드럽고 <b>디저트</b> 같은 느낌이 난다. 특히 폴 바셋 우베 카페라떼는... "", ""bloggername"": ""열매달 스물아흐레"", ""bloggerlink"": ""blog.naver.com/tiamoyo"", ""postdate"": ""20260525""}"
우베,preset,필리핀 디저트,서울 우베라떼 반려동물 동반 카페 압구정로데오역 맛집 카페... ,https://blog.naver.com/bubblys2/224295960561,20260525,"<b>필리핀</b> 타갈로그어로 &quot;덩이줄기&quot;를 의미하고, 보라색 참마래요! 자색고구마와 타로랑은 비슷하지만 또 다른 메뉴로, 우베는 바닐라와 코코넛향이 나고, 수분감이 많아서 고구마보다 더 촉촉한 국민 <b>디저트</b>... ","분만실 간호사의 결혼, 임신, 출산, 솔직한 리뷰",blog.naver.com/bubblys2,naver_blog,필리핀 디저트,related,0.3,2026-05-26T11:02:57.061617+00:00,0,0,0,0,"분만실 간호사의 결혼, 임신, 출산, 솔직한 리뷰","<b>필리핀</b> 타갈로그어로 &quot;덩이줄기&quot;를 의미하고, 보라색 참마래요! 자색고구마와 타로랑은 비슷하지만 또 다른 메뉴로, 우베는 바닐라와 코코넛향이 나고, 수분감이 많아서 고구마보다 더 촉촉한 국민 <b>디저트</b>... ","{""title"": ""서울 우베라떼 반려동물 동반 카페 압구정로데오역 맛집 카페... "", ""link"": ""https://blog.naver.com/bubblys2/224295960561"", ""description"": ""<b>필리핀</b> 타갈로그어로 &quot;덩이줄기&quot;를 의미하고, 보라색 참마래요! 자색고구마와 타로랑은 비슷하지만 또 다른 메뉴로, 우베는 바닐라와 코코넛향이 나고, 수분감이 많아서 고구마보다 더 촉촉한 국민 <b>디저트</b>... "", ""bloggername"": ""분만실 간호사의 결혼, 임신, 출산, 솔직한 리뷰"", ""bloggerlink"": ""blog.naver.com/bubblys2"", ""postdate"": ""20260525""}"
우베,preset,필리핀 디저트,"「귀멸의 칼날 전집중전」 전시회 예매 시작, 티켓 가격 및... ",https://blog.naver.com/kisswing0/224295934338,20260525,"일본을 시작으로 타이베이, 말레이시아, 홍콩, 태국, <b>필리핀</b> 등 아시아 각지에서 선보이며 호평 받은... 음식, <b>디저트</b>, 굿즈 리스트 공개 &amp; 홍대 「죠죠 카라반」 굿즈 리스트 공개, 한국 한정 MD부터 일본... ",추억하는 것은 날개가 있다,blog.naver.com/kisswing0,naver_blog,필리핀 디저트,related,0.3,2026-05-26T11:02:57.061617+00:00,0,0,0,0,추억하는 것은 날개가 있다,"일본을 시작으로 타이베이, 말레이시아, 홍콩, 태국, <b>필리핀</b> 등 아시아 각지에서 선보이며 호평 받은... 음식, <b>디저트</b>, 굿즈 리스트 공개 &amp; 홍대 「죠죠 카라반」 굿즈 리스트 공개, 한국 한정 MD부터 일본... ","{""title"": ""「귀멸의 칼날 전집중전」 전시회 예매 시작, 티켓 가격 및... "", ""link"": ""https://blog.naver.com/kisswing0/224295934338"", ""description"": ""일본을 시작으로 타이베이, 말레이시아, 홍콩, 태국, <b>필리핀</b> 등 아시아 각지에서 선보이며 호평 받은... 음식, <b>디저트</b>, 굿즈 리스트 공개 &amp; 홍대 「죠죠 카라반」 굿즈 리스트 공개, 한국 한정 MD부터 일본... "", ""bloggername"": ""추억하는 것은 날개가 있다"", ""bloggerlink"": ""blog.naver.com/kisswing0"", ""postdate"": ""20260525""}"
우베,preset,필리핀 디저트,고창 반띵여행 2일차-가성비  망고빙수와 힐링 잔디밭이 있는... ,https://blog.naver.com/nurserysong/224295924240,20260525,"고창 반띵 여행 2일차 코스로 딱 좋은, 숨은 <b>디저트</b> 맛집 백일후애를 다녀왔어요. 든든하게... 예전에 <b>필리핀</b>에서 먹었던 망고만큼의 당도는 아니었지만, 한국에서 이 가격에 이 정도 퀄리티의 생망고 빙수를... ",두아이아빠의 시시콜콜한 일상 이야기,blog.naver.com/nurserysong,naver_blog,필리핀 디저트,related,0.3,2026-05-26T11:02:57.061617+00:00,0,0,0,0,두아이아빠의 시시콜콜한 일상 이야기,"고창 반띵 여행 2일차 코스로 딱 좋은, 숨은 <b>디저트</b> 맛집 백일후애를 다녀왔어요. 든든하게... 예전에 <b>필리핀</b>에서 먹었던 망고만큼의 당도는 아니었지만, 한국에서 이 가격에 이 정도 퀄리티의 생망고 빙수를... ","{""title"": ""고창 반띵여행 2일차-가성비  망고빙수와 힐링 잔디밭이 있는... "", ""link"": ""https://blog.naver.com/nurserysong/224295924240"", ""description"": ""고창 반띵 여행 2일차 코스로 딱 좋은, 숨은 <b>디저트</b> 맛집 백일후애를 다녀왔어요. 든든하게... 예전에 <b>필리핀</b>에서 먹었던 망고만큼의 당도는 아니었지만, 한국에서 이 가격에 이 정도 퀄리티의 생망고 빙수를... "", ""bloggername"": ""두아이아빠의 시시콜콜한 일상 이야기"", ""bloggerlink"": ""blog.naver.com/nurserysong"", ""postdate"": ""20260525""}"
우베,preset,필리핀 디저트,도대체 '우베'가 뭐길래? 말차 밀어내고 편의점·카페 점령한... ,https://blog.naver.com/ideallife2378/224295922099,20260525,커피·<b>디저트</b> 전문점: 스타벅스는 일부 매장 한정이었던 '우베 바스크 치즈케이크'를 전국 매장으로... 이로 인해 지난해 <b>필리핀</b>의 우베 수출량은 전년 대비 20% 이상 증가한 170만㎏을 기록하기도 했습니다.... ,Hot Issue,blog.naver.com/ideallife2378,naver_blog,필리핀 디저트,related,0.3,2026-05-26T11:02:57.061617+00:00,0,0,0,0,Hot Issue,커피·<b>디저트</b> 전문점: 스타벅스는 일부 매장 한정이었던 '우베 바스크 치즈케이크'를 전국 매장으로... 이로 인해 지난해 <b>필리핀</b>의 우베 수출량은 전년 대비 20% 이상 증가한 170만㎏을 기록하기도 했습니다.... ,"{""title"": ""도대체 '우베'가 뭐길래? 말차 밀어내고 편의점·카페 점령한... "", ""link"": ""https://blog.naver.com/ideallife2378/224295922099"", ""description"": ""커피·<b>디저트</b> 전문점: 스타벅스는 일부 매장 한정이었던 '우베 바스크 치즈케이크'를 전국 매장으로... 이로 인해 지난해 <b>필리핀</b>의 우베 수출량은 전년 대비 20% 이상 증가한 170만㎏을 기록하기도 했습니다.... "", ""bloggername"": ""Hot Issue"", ""bloggerlink"": ""blog.naver.com/ideallife2378"", ""postdate"": ""20260525""}"
우베,preset,필리핀 디저트,투썸 신메뉴 케이크 핑구 케이크 맛 가격 총정리,https://blog.naver.com/als453/224295919758,20260525,신상 <b>디저트</b>는 핑구와의 콜라보인데요! 아이들이 좋아하는 핑구 롤리팝도 있어요 투썸 조각 케이크는 엄청 다양한 라인업을 자랑해요 요즘 핫한 우베로 만든 우베 바스크 치즈 케이크! 우베는 <b>필리핀</b>에서... ,햅삐 먹방 블로그,blog.naver.com/als453,naver_blog,필리핀 디저트,related,0.3,2026-05-26T11:02:57.061617+00:00,0,0,0,0,햅삐 먹방 블로그,신상 <b>디저트</b>는 핑구와의 콜라보인데요! 아이들이 좋아하는 핑구 롤리팝도 있어요 투썸 조각 케이크는 엄청 다양한 라인업을 자랑해요 요즘 핫한 우베로 만든 우베 바스크 치즈 케이크! 우베는 <b>필리핀</b>에서... ,"{""title"": ""투썸 신메뉴 케이크 핑구 케이크 맛 가격 총정리"", ""link"": ""https://blog.naver.com/als453/224295919758"", ""description"": ""신상 <b>디저트</b>는 핑구와의 콜라보인데요! 아이들이 좋아하는 핑구 롤리팝도 있어요 투썸 조각 케이크는 엄청 다양한 라인업을 자랑해요 요즘 핫한 우베로 만든 우베 바스크 치즈 케이크! 우베는 <b>필리핀</b>에서... "", ""bloggername"": ""햅삐 먹방 블로그"", ""bloggerlink"": ""blog.naver.com/als453"", ""postdate"": ""20260525""}"
우베,preset,필리핀 디저트,"요즘 뜨는 우베, 진짜 건강할까?_건강토크283_제철한약사... ",https://blog.naver.com/comekks/224295908569,20260525,"<b>필리핀</b>에서는 오래전부터 <b>디저트</b>와 음식재료로 쓰인 중요한 작물입니다. 실제로 <b>필리핀</b> 밴쿠버 총영사관 자료에서는 우베를 <b>필리핀</b>의 주요 작물로 설명하고 있고, 특히 식품 가공 산업에서 수요가... ",제철한약사 김경순의 건강토크_강일동 순수한약국,blog.naver.com/comekks,naver_blog,필리핀 디저트,related,0.3,2026-05-26T11:02:57.061617+00:00,0,0,0,0,제철한약사 김경순의 건강토크_강일동 순수한약국,"<b>필리핀</b>에서는 오래전부터 <b>디저트</b>와 음식재료로 쓰인 중요한 작물입니다. 실제로 <b>필리핀</b> 밴쿠버 총영사관 자료에서는 우베를 <b>필리핀</b>의 주요 작물로 설명하고 있고, 특히 식품 가공 산업에서 수요가... ","{""title"": ""요즘 뜨는 우베, 진짜 건강할까?_건강토크283_제철한약사... "", ""link"": ""https://blog.naver.com/comekks/224295908569"", ""description"": ""<b>필리핀</b>에서는 오래전부터 <b>디저트</b>와 음식재료로 쓰인 중요한 작물입니다. 실제로 <b>필리핀</b> 밴쿠버 총영사관 자료에서는 우베를 <b>필리핀</b>의 주요 작물로 설명하고 있고, 특히 식품 가공 산업에서 수요가... "", ""bloggername"": ""제철한약사 김경순의 건강토크_강일동 순수한약국"", ""bloggerlink"": ""blog.naver.com/comekks"", ""postdate"": ""20260525""}"
우베,preset,필리핀 디저트,[서울 광장동] '워커힐 애스톤하우스'에서 결혼한 친구... ,https://blog.naver.com/min-swear/224295902754,20260525,"호주, <b>필리핀</b> 등으로 어학연수 다녀줬던 고마운 친구와 친딸 같은 *영이. 꼭 내가 시집 보내는... <b>디저트</b>. 어마어마한 가격의 꽃들은 원하는만큼 포장해서 가져갈 수 있어서 두 손이 모자라게 가져왔다. H여사... ",여행하며 걷고 먹고 마시기,blog.naver.com/min-swear,naver_blog,필리핀 디저트,related,0.3,2026-05-26T11:02:57.061617+00:00,0,0,0,0,여행하며 걷고 먹고 마시기,"호주, <b>필리핀</b> 등으로 어학연수 다녀줬던 고마운 친구와 친딸 같은 *영이. 꼭 내가 시집 보내는... <b>디저트</b>. 어마어마한 가격의 꽃들은 원하는만큼 포장해서 가져갈 수 있어서 두 손이 모자라게 가져왔다. H여사... ","{""title"": ""[서울 광장동] '워커힐 애스톤하우스'에서 결혼한 친구... "", ""link"": ""https://blog.naver.com/min-swear/224295902754"", ""description"": ""호주, <b>필리핀</b> 등으로 어학연수 다녀줬던 고마운 친구와 친딸 같은 *영이. 꼭 내가 시집 보내는... <b>디저트</b>. 어마어마한 가격의 꽃들은 원하는만큼 포장해서 가져갈 수 있어서 두 손이 모자라게 가져왔다. H여사... "", ""bloggername"": ""여행하며 걷고 먹고 마시기"", ""bloggerlink"": ""blog.naver.com/min-swear"", ""postdate"": ""20260525""}"
우베,preset,필리핀 디저트,삼척 | 삼척해변 근처 예쁜 정원이있는 <b>디저트</b>맛집 우지루헨,https://blog.naver.com/mellow_moment_/224295895801,20260525,"정원을 예쁘게 가꿔놓은 <b>디저트</b> 맛집 우지루헨을 다녀왔어요. 우지루헨 정보 매주 화요일 정기휴무... <b>필리핀</b>의 자색 참마인 우베. 저희도 주문해봤어요. 우베라떼, 딸기라떼, 그리고 사과샌드위치. 테이블은... ",따뜻한 베이지의 일상,blog.naver.com/mellow_moment_,naver_blog,필리핀 디저트,related,0.3,2026-05-26T11:02:57.061617+00:00,0,0,0,0,따뜻한 베이지의 일상,"정원을 예쁘게 가꿔놓은 <b>디저트</b> 맛집 우지루헨을 다녀왔어요. 우지루헨 정보 매주 화요일 정기휴무... <b>필리핀</b>의 자색 참마인 우베. 저희도 주문해봤어요. 우베라떼, 딸기라떼, 그리고 사과샌드위치. 테이블은... ","{""title"": ""삼척 | 삼척해변 근처 예쁜 정원이있는 <b>디저트</b>맛집 우지루헨"", ""link"": ""https://blog.naver.com/mellow_moment_/224295895801"", ""description"": ""정원을 예쁘게 가꿔놓은 <b>디저트</b> 맛집 우지루헨을 다녀왔어요. 우지루헨 정보 매주 화요일 정기휴무... <b>필리핀</b>의 자색 참마인 우베. 저희도 주문해봤어요. 우베라떼, 딸기라떼, 그리고 사과샌드위치. 테이블은... "", ""bloggername"": ""따뜻한 베이지의 일상"", ""bloggerlink"": ""blog.naver.com/mellow_moment_"", ""postdate"": ""20260525""}"
우베,preset,필리핀 디저트,파주 눈꽃빙수가 특별한 운정 야당역 경성양과점,https://blog.naver.com/dldidldi07/224295895500,20260525,"성큼 다가온 여름날씨, 이젠 입안을 시원하고 달콤하게 채워줄 <b>디저트</b>가 생각나지 않으시나요? 오늘은... 강력한 항산화 작용과 식이섬유가 풍분한 우베는 <b>필리핀</b>에서 오랫동안 사랑받은 작물로 최근 전세계... ",경성양과점,blog.naver.com/dldidldi07,naver_blog,필리핀 디저트,related,0.3,2026-05-26T11:02:57.061617+00:00,0,0,0,0,경성양과점,"성큼 다가온 여름날씨, 이젠 입안을 시원하고 달콤하게 채워줄 <b>디저트</b>가 생각나지 않으시나요? 오늘은... 강력한 항산화 작용과 식이섬유가 풍분한 우베는 <b>필리핀</b>에서 오랫동안 사랑받은 작물로 최근 전세계... ","{""title"": ""파주 눈꽃빙수가 특별한 운정 야당역 경성양과점"", ""link"": ""https://blog.naver.com/dldidldi07/224295895500"", ""description"": ""성큼 다가온 여름날씨, 이젠 입안을 시원하고 달콤하게 채워줄 <b>디저트</b>가 생각나지 않으시나요? 오늘은... 강력한 항산화 작용과 식이섬유가 풍분한 우베는 <b>필리핀</b>에서 오랫동안 사랑받은 작물로 최근 전세계... "", ""bloggername"": ""경성양과점"", ""bloggerlink"": ""blog.naver.com/dldidldi07"", ""postdate"": ""20260525""}"
우베,preset,필리핀 디저트,파인애플 유래 영양소 요리 재배 세계적 인기 소개,https://blog.naver.com/4o3al0b1quh/224295808089,20260525,"\n아, 그리고 <b>디저트</b> 메인에서도 빼놓을 수 없는 존재랍니다.\n파인애플을 이용한 케이크나 파이 역시... \n이외에도 <b>필리핀</b>, 태국 등의 나라에서도 파인애플은 중요한 농작물로 자리 잡고 있습니다.\n아시아... ",4o3al0b1quh님의 블로그,blog.naver.com/4o3al0b1quh,naver_blog,필리핀 디저트,related,0.3,2026-05-26T11:02:57.061617+00:00,0,0,0,0,4o3al0b1quh님의 블로그,"\n아, 그리고 <b>디저트</b> 메인에서도 빼놓을 수 없는 존재랍니다.\n파인애플을 이용한 케이크나 파이 역시... \n이외에도 <b>필리핀</b>, 태국 등의 나라에서도 파인애플은 중요한 농작물로 자리 잡고 있습니다.\n아시아... ","{""title"": ""파인애플 유래 영양소 요리 재배 세계적 인기 소개"", ""link"": ""https://blog.naver.com/4o3al0b1quh/224295808089"", ""description"": ""\\n아, 그리고 <b>디저트</b> 메인에서도 빼놓을 수 없는 존재랍니다.\\n파인애플을 이용한 케이크나 파이 역시... \\n이외에도 <b>필리핀</b>, 태국 등의 나라에서도 파인애플은 중요한 농작물로 자리 잡고 있습니다.\\n아시아... "", ""bloggername"": ""4o3al0b1quh님의 블로그"", ""bloggerlink"": ""blog.naver.com/4o3al0b1quh"", ""postdate"": ""20260525""}"
우베,preset,필리핀 디저트,"세부 아얄라몰 쇼핑리스트 가격, 짐보관 위치 (+ 센트럴블록... ",https://blog.naver.com/xxuan_-/224295805234,20260525,요새 한국에서 우베 <b>디저트</b>가 핫하잖아요? (지났나?) 아무튼 우베는 <b>필리핀</b>이 원산지라는 점! 저희도 사봤는데 요것도 내 스타일은 아니었지만 구황작물 좋아하는 제 친구는 맛나다고 하네요 저 오이시... ,슈엔여행일기,blog.naver.com/xxuan_-,naver_blog,필리핀 디저트,related,0.3,2026-05-26T11:02:57.061617+00:00,0,0,0,0,슈엔여행일기,요새 한국에서 우베 <b>디저트</b>가 핫하잖아요? (지났나?) 아무튼 우베는 <b>필리핀</b>이 원산지라는 점! 저희도 사봤는데 요것도 내 스타일은 아니었지만 구황작물 좋아하는 제 친구는 맛나다고 하네요 저 오이시... ,"{""title"": ""세부 아얄라몰 쇼핑리스트 가격, 짐보관 위치 (+ 센트럴블록... "", ""link"": ""https://blog.naver.com/xxuan_-/224295805234"", ""description"": ""요새 한국에서 우베 <b>디저트</b>가 핫하잖아요? (지났나?) 아무튼 우베는 <b>필리핀</b>이 원산지라는 점! 저희도 사봤는데 요것도 내 스타일은 아니었지만 구황작물 좋아하는 제 친구는 맛나다고 하네요 저 오이시... "", ""bloggername"": ""슈엔여행일기"", ""bloggerlink"": ""blog.naver.com/xxuan_-"", ""postdate"": ""20260525""}"
우베,preset,필리핀 디저트,선교일념!,https://blog.naver.com/1526kye/224295801568,20260525,‘기도는 선교의 가장 강력한 검(劍)입니다.’ ■리바이벌 미팅과 침례식 <b>필리핀</b>의 5월은 ‘핫 시즌(Hot... 비슷한 <b>디저트</b>를 먹으며 몸에 당분을 공급하면서 몸의 열을 식힙니다. 그래도 더위에 습도까지... ,1526kye님의블로그,blog.naver.com/1526kye,naver_blog,필리핀 디저트,related,0.3,2026-05-26T11:02:57.061617+00:00,0,0,0,0,1526kye님의블로그,‘기도는 선교의 가장 강력한 검(劍)입니다.’ ■리바이벌 미팅과 침례식 <b>필리핀</b>의 5월은 ‘핫 시즌(Hot... 비슷한 <b>디저트</b>를 먹으며 몸에 당분을 공급하면서 몸의 열을 식힙니다. 그래도 더위에 습도까지... ,"{""title"": ""선교일념!"", ""link"": ""https://blog.naver.com/1526kye/224295801568"", ""description"": ""‘기도는 선교의 가장 강력한 검(劍)입니다.’ ■리바이벌 미팅과 침례식 <b>필리핀</b>의 5월은 ‘핫 시즌(Hot... 비슷한 <b>디저트</b>를 먹으며 몸에 당분을 공급하면서 몸의 열을 식힙니다. 그래도 더위에 습도까지... "", ""bloggername"": ""1526kye님의블로그"", ""bloggerlink"": ""blog.naver.com/1526kye"", ""postdate"": ""20260525""}"
우베,preset,필리핀 디저트,&quot;우리 아이 밥은 잘 먹을까?&quot; 굳에듀 <b>필리핀</b> 영어캠프의 5성급... ,https://blog.naver.com/goodedu_global/224295574743,20260525,&quot;우리 아이 밥은 잘 먹을까?&quot; 굳에듀 <b>필리핀</b> 영어캠프의 5성급 호텔 식단과 건강한 아침 루틴!... 고급스러운 <b>디저트</b>와 풍성한 요리들로 캠프 생활의 만족도를 한층 더 높여줍니다. (아이들이 수요일 저녁 식사... ,굳에듀필리핀영어캠프,blog.naver.com/goodedu_global,naver_blog,필리핀 디저트,related,0.3,2026-05-26T11:02:57.061617+00:00,0,0,0,0,굳에듀필리핀영어캠프,&quot;우리 아이 밥은 잘 먹을까?&quot; 굳에듀 <b>필리핀</b> 영어캠프의 5성급 호텔 식단과 건강한 아침 루틴!... 고급스러운 <b>디저트</b>와 풍성한 요리들로 캠프 생활의 만족도를 한층 더 높여줍니다. (아이들이 수요일 저녁 식사... ,"{""title"": ""&quot;우리 아이 밥은 잘 먹을까?&quot; 굳에듀 <b>필리핀</b> 영어캠프의 5성급... "", ""link"": ""https://blog.naver.com/goodedu_global/224295574743"", ""description"": ""&quot;우리 아이 밥은 잘 먹을까?&quot; 굳에듀 <b>필리핀</b> 영어캠프의 5성급 호텔 식단과 건강한 아침 루틴!... 고급스러운 <b>디저트</b>와 풍성한 요리들로 캠프 생활의 만족도를 한층 더 높여줍니다. (아이들이 수요일 저녁 식사... "", ""bloggername"": ""굳에듀필리핀영어캠프"", ""bloggerlink"": ""blog.naver.com/goodedu_global"", ""postdate"": ""20260525""}"
우베,preset,필리핀 디저트,"우베 뜻, 맛 효능 모르고 먹었다가 다들 다시 찾는 이유",https://blog.naver.com/seungha9707/224295745514,20260525,요즘 카페 가보면 보라색 <b>디저트</b> 하나쯤은 꼭 보이는 느낌입니다. 처음 보는 사람들은 대부분 “이거... 우베는 <b>필리핀</b> 등 동남아 지역에서 많이 사용하는 보라색 마(얌) 계열 식재료인데요. 겉으로 보면... ,이슈이야기,blog.naver.com/seungha9707,naver_blog,필리핀 디저트,related,0.3,2026-05-26T11:02:57.061617+00:00,0,0,0,0,이슈이야기,요즘 카페 가보면 보라색 <b>디저트</b> 하나쯤은 꼭 보이는 느낌입니다. 처음 보는 사람들은 대부분 “이거... 우베는 <b>필리핀</b> 등 동남아 지역에서 많이 사용하는 보라색 마(얌) 계열 식재료인데요. 겉으로 보면... ,"{""title"": ""우베 뜻, 맛 효능 모르고 먹었다가 다들 다시 찾는 이유"", ""link"": ""https://blog.naver.com/seungha9707/224295745514"", ""description"": ""요즘 카페 가보면 보라색 <b>디저트</b> 하나쯤은 꼭 보이는 느낌입니다. 처음 보는 사람들은 대부분 “이거... 우베는 <b>필리핀</b> 등 동남아 지역에서 많이 사용하는 보라색 마(얌) 계열 식재료인데요. 겉으로 보면... "", ""bloggername"": ""이슈이야기"", ""bloggerlink"": ""blog.naver.com/seungha9707"", ""postdate"": ""20260525""}"
우베,preset,필리핀 디저트,먹었다가 다들 놀란다… 요즘 카페마다 보라색 <b>디저트</b> 깔리는 이유,https://blog.naver.com/man12347/224295743376,20260525,우베 뜻 알고 나면 더 신기합니다 우베는 <b>필리핀</b> 등 동남아 지역에서 자주 사용하는 보라색 마(얌) 계열... 고소하면서도 은은하게 달달한 맛이 특징이라 <b>디저트</b> 베이스로 정말 많이 사용됩니다. 특히 보라색 색감... ,승하부부,blog.naver.com/man12347,naver_blog,필리핀 디저트,related,0.3,2026-05-26T11:02:57.061617+00:00,0,0,0,0,승하부부,우베 뜻 알고 나면 더 신기합니다 우베는 <b>필리핀</b> 등 동남아 지역에서 자주 사용하는 보라색 마(얌) 계열... 고소하면서도 은은하게 달달한 맛이 특징이라 <b>디저트</b> 베이스로 정말 많이 사용됩니다. 특히 보라색 색감... ,"{""title"": ""먹었다가 다들 놀란다… 요즘 카페마다 보라색 <b>디저트</b> 깔리는 이유"", ""link"": ""https://blog.naver.com/man12347/224295743376"", ""description"": ""우베 뜻 알고 나면 더 신기합니다 우베는 <b>필리핀</b> 등 동남아 지역에서 자주 사용하는 보라색 마(얌) 계열... 고소하면서도 은은하게 달달한 맛이 특징이라 <b>디저트</b> 베이스로 정말 많이 사용됩니다. 특히 보라색 색감... "", ""bloggername"": ""승하부부"", ""bloggerlink"": ""blog.naver.com/man12347"", ""postdate"": ""20260525""}"
우베,preset,필리핀 디저트,보홀 #4-1 | 보홀트래블 프라이빗 호핑 투어 후기: 돌고래 와칭... ,https://blog.naver.com/dailmy/224295729793,20260525,"보홀트래블 발리카삭 &amp; 나팔링 투어 2025.10.02 ~ 2025.10.13 Bohol, Philippines <b>필리핀</b> 여행 중 보홀에서는... 음료와 <b>디저트</b>는 별도로 주문할 수 있으니 참고하시길 망고쉐이크 오전 야무지게 놀았던 발리카삭 끝~ (feat.... ",미미의 트래블로그✈️,blog.naver.com/dailmy,naver_blog,필리핀 디저트,related,0.3,2026-05-26T11:02:57.061617+00:00,0,0,0,0,미미의 트래블로그✈️,"보홀트래블 발리카삭 &amp; 나팔링 투어 2025.10.02 ~ 2025.10.13 Bohol, Philippines <b>필리핀</b> 여행 중 보홀에서는... 음료와 <b>디저트</b>는 별도로 주문할 수 있으니 참고하시길 망고쉐이크 오전 야무지게 놀았던 발리카삭 끝~ (feat.... ","{""title"": ""보홀 #4-1 | 보홀트래블 프라이빗 호핑 투어 후기: 돌고래 와칭... "", ""link"": ""https://blog.naver.com/dailmy/224295729793"", ""description"": ""보홀트래블 발리카삭 &amp; 나팔링 투어 2025.10.02 ~ 2025.10.13 Bohol, Philippines <b>필리핀</b> 여행 중 보홀에서는... 음료와 <b>디저트</b>는 별도로 주문할 수 있으니 참고하시길 망고쉐이크 오전 야무지게 놀았던 발리카삭 끝~ (feat.... "", ""bloggername"": ""미미의 트래블로그✈️"", ""bloggerlink"": ""blog.naver.com/dailmy"", ""postdate"": ""20260525""}"
우베,preset,필리핀 디저트,우베 뜻과 유래 한눈에 알아보기,https://blog.naver.com/lifelog_wellness/224295722633,20260525,"우베 뜻은 <b>필리핀</b> 언어로 보라색 마를 의미하며, <b>디저트</b> 시장에서 새로운 미식 트렌드로 떠오르는 식재료입니다. 저도 처음에는 그저 예쁜 색감 때문에 주목받는 줄 알았는데, 막상 맛을 보니 **고소하면서도... ","맛있는 여행, 건강한 일상",blog.naver.com/lifelog_wellness,naver_blog,필리핀 디저트,related,0.3,2026-05-26T11:02:57.061617+00:00,0,0,0,0,"맛있는 여행, 건강한 일상","우베 뜻은 <b>필리핀</b> 언어로 보라색 마를 의미하며, <b>디저트</b> 시장에서 새로운 미식 트렌드로 떠오르는 식재료입니다. 저도 처음에는 그저 예쁜 색감 때문에 주목받는 줄 알았는데, 막상 맛을 보니 **고소하면서도... ","{""title"": ""우베 뜻과 유래 한눈에 알아보기"", ""link"": ""https://blog.naver.com/lifelog_wellness/224295722633"", ""description"": ""우베 뜻은 <b>필리핀</b> 언어로 보라색 마를 의미하며, <b>디저트</b> 시장에서 새로운 미식 트렌드로 떠오르는 식재료입니다. 저도 처음에는 그저 예쁜 색감 때문에 주목받는 줄 알았는데, 막상 맛을 보니 **고소하면서도... "", ""bloggername"": ""맛있는 여행, 건강한 일상"", ""bloggerlink"": ""blog.naver.com/lifelog_wellness"", ""postdate"": ""20260525""}"
우베,preset,필리핀 디저트,"우베 뜻과 효능, 요즘 카페 <b>디저트</b>가 자꾸 보라색인 이유 있었어요",https://blog.naver.com/site_visit/224295714144,20260525,"<b>필리핀</b> 전통 <b>디저트</b>인 우베 할라야도 자주 언급됩니다. 우베를 으깨 코코넛밀크와 연유 등을 넣고 졸여 만드는 <b>디저트</b>인데, 현지에서는 꽤 익숙한 음식으로 알려져 있습니다. ☕ 우베 라떼를 건강 음료처럼... ",임장하는 구들짱,blog.naver.com/site_visit,naver_blog,필리핀 디저트,related,0.3,2026-05-26T11:02:57.061617+00:00,0,0,0,0,임장하는 구들짱,"<b>필리핀</b> 전통 <b>디저트</b>인 우베 할라야도 자주 언급됩니다. 우베를 으깨 코코넛밀크와 연유 등을 넣고 졸여 만드는 <b>디저트</b>인데, 현지에서는 꽤 익숙한 음식으로 알려져 있습니다. ☕ 우베 라떼를 건강 음료처럼... ","{""title"": ""우베 뜻과 효능, 요즘 카페 <b>디저트</b>가 자꾸 보라색인 이유 있었어요"", ""link"": ""https://blog.naver.com/site_visit/224295714144"", ""description"": ""<b>필리핀</b> 전통 <b>디저트</b>인 우베 할라야도 자주 언급됩니다. 우베를 으깨 코코넛밀크와 연유 등을 넣고 졸여 만드는 <b>디저트</b>인데, 현지에서는 꽤 익숙한 음식으로 알려져 있습니다. ☕ 우베 라떼를 건강 음료처럼... "", ""bloggername"": ""임장하는 구들짱"", ""bloggerlink"": ""blog.naver.com/site_visit"", ""postdate"": ""20260525""}"
우베,preset,우베 케이크,하트의 4월 일상 | 봄봄봄 봄이 왔슨,https://blog.naver.com/kimheart-/224297164259,20260526,왜 특식이라 하는지 알겠더라  귀요미 윤우도 함께 먹는 날이 얼른 오기를~  휴무날 텐동과 <b>우베</b>... 수제<b>케이크</b>를 만들어달라고 졸라서 몰래 주문한 <b>케이크</b>.///... 나린이에겐 내가 만들었다고 거짓말 했는데... ,사랑스러운 일상을 기록해°₊·ˈ♡,blog.naver.com/kimheart-,naver_blog,우베 케이크,related,0.3,2026-05-26T11:02:57.061617+00:00,0,0,0,0,사랑스러운 일상을 기록해°₊·ˈ♡,왜 특식이라 하는지 알겠더라  귀요미 윤우도 함께 먹는 날이 얼른 오기를~  휴무날 텐동과 <b>우베</b>... 수제<b>케이크</b>를 만들어달라고 졸라서 몰래 주문한 <b>케이크</b>.///... 나린이에겐 내가 만들었다고 거짓말 했는데... ,"{""title"": ""하트의 4월 일상 | 봄봄봄 봄이 왔슨"", ""link"": ""https://blog.naver.com/kimheart-/224297164259"", ""description"": ""왜 특식이라 하는지 알겠더라  귀요미 윤우도 함께 먹는 날이 얼른 오기를~  휴무날 텐동과 <b>우베</b>... 수제<b>케이크</b>를 만들어달라고 졸라서 몰래 주문한 <b>케이크</b>.///... 나린이에겐 내가 만들었다고 거짓말 했는데... "", ""bloggername"": ""사랑스러운 일상을 기록해°₊·ˈ♡"", ""bloggerlink"": ""blog.naver.com/kimheart-"", ""postdate"": ""20260526""}"
우베,preset,우베 케이크,2654,https://blog.naver.com/cuti_ganz2/224297156801,20260526,우리 가족 다 ㅇㅈ을 ㅇㅈ합니다라고 한 두쫀쿠 <b>우베</b> 바스크 치즈<b>케이크</b>? 이건 못 참지 하고 머겄는데 입에 맞냐는 사장님의 질문에 너무 맛있어엵!!!!!!!!!!!!!!!!!!!!!!!!!!!!!!!!!!!!! 이라고 답변 드렸다 그리고... ,´͈ ᵕ `͈ ♡°◌̊,blog.naver.com/cuti_ganz2,naver_blog,우베 케이크,related,0.3,2026-05-26T11:02:57.061617+00:00,0,0,0,0,´͈ ᵕ `͈ ♡°◌̊,우리 가족 다 ㅇㅈ을 ㅇㅈ합니다라고 한 두쫀쿠 <b>우베</b> 바스크 치즈<b>케이크</b>? 이건 못 참지 하고 머겄는데 입에 맞냐는 사장님의 질문에 너무 맛있어엵!!!!!!!!!!!!!!!!!!!!!!!!!!!!!!!!!!!!! 이라고 답변 드렸다 그리고... ,"{""title"": ""2654"", ""link"": ""https://blog.naver.com/cuti_ganz2/224297156801"", ""description"": ""우리 가족 다 ㅇㅈ을 ㅇㅈ합니다라고 한 두쫀쿠 <b>우베</b> 바스크 치즈<b>케이크</b>? 이건 못 참지 하고 머겄는데 입에 맞냐는 사장님의 질문에 너무 맛있어엵!!!!!!!!!!!!!!!!!!!!!!!!!!!!!!!!!!!!! 이라고 답변 드렸다 그리고... "", ""bloggername"": ""´͈ ᵕ `͈ ♡°◌̊"", ""bloggerlink"": ""blog.naver.com/cuti_ganz2"", ""postdate"": ""20260526""}"
우베,preset,우베 케이크,지금 가야하는 이유? 애슐리는 지금 골드키위 축제중! 평택 고덕... ,https://blog.naver.com/zzizzinini/224297156324,20260526,골드키위 특유의 달달한 과즙이 매력적인 키위 뷔페 디저트 조합이랑 너무 좋았어요 <b>우베</b> 바스크 치즈<b>케이크</b> 이번 신메뉴 중 인기가 많은 보라빛 <b>우베</b> 바스크 치즈<b>케이크</b> 색감부터 시.강 한입 먹으면 <b>우베</b>... ,찌찌니니,blog.naver.com/zzizzinini,naver_blog,우베 케이크,related,0.3,2026-05-26T11:02:57.061617+00:00,0,0,0,0,찌찌니니,골드키위 특유의 달달한 과즙이 매력적인 키위 뷔페 디저트 조합이랑 너무 좋았어요 <b>우베</b> 바스크 치즈<b>케이크</b> 이번 신메뉴 중 인기가 많은 보라빛 <b>우베</b> 바스크 치즈<b>케이크</b> 색감부터 시.강 한입 먹으면 <b>우베</b>... ,"{""title"": ""지금 가야하는 이유? 애슐리는 지금 골드키위 축제중! 평택 고덕... "", ""link"": ""https://blog.naver.com/zzizzinini/224297156324"", ""description"": ""골드키위 특유의 달달한 과즙이 매력적인 키위 뷔페 디저트 조합이랑 너무 좋았어요 <b>우베</b> 바스크 치즈<b>케이크</b> 이번 신메뉴 중 인기가 많은 보라빛 <b>우베</b> 바스크 치즈<b>케이크</b> 색감부터 시.강 한입 먹으면 <b>우베</b>... "", ""bloggername"": ""찌찌니니"", ""bloggerlink"": ""blog.naver.com/zzizzinini"", ""postdate"": ""20260526""}"
우베,preset,우베 케이크,"유럽 신혼여행 8일차 - 마요르카 맛집 추천 hoyo10, 아시엔다... ",https://blog.naver.com/shansjen/224297154088,20260526,오늘도 왔습니다 ㅋㅋㅋㅋㅋㅋㅋㅋㅋㅋㅋ 여기저기 구경 중 스벅도 갔는데 무슨 <b>우베</b> 들어간 라떼가... 초코<b>케이크</b> 냐웅 ~ 편지도 써주셨는데 지가 스페인어는 몰라서유 .. 리조트가 갱장히 커서 한 바퀴... ,Shanying's 여행라이프,blog.naver.com/shansjen,naver_blog,우베 케이크,related,0.3,2026-05-26T11:02:57.061617+00:00,0,0,0,0,Shanying's 여행라이프,오늘도 왔습니다 ㅋㅋㅋㅋㅋㅋㅋㅋㅋㅋㅋ 여기저기 구경 중 스벅도 갔는데 무슨 <b>우베</b> 들어간 라떼가... 초코<b>케이크</b> 냐웅 ~ 편지도 써주셨는데 지가 스페인어는 몰라서유 .. 리조트가 갱장히 커서 한 바퀴... ,"{""title"": ""유럽 신혼여행 8일차 - 마요르카 맛집 추천 hoyo10, 아시엔다... "", ""link"": ""https://blog.naver.com/shansjen/224297154088"", ""description"": ""오늘도 왔습니다 ㅋㅋㅋㅋㅋㅋㅋㅋㅋㅋㅋ 여기저기 구경 중 스벅도 갔는데 무슨 <b>우베</b> 들어간 라떼가... 초코<b>케이크</b> 냐웅 ~ 편지도 써주셨는데 지가 스페인어는 몰라서유 .. 리조트가 갱장히 커서 한 바퀴... "", ""bloggername"": ""Shanying's 여행라이프"", ""bloggerlink"": ""blog.naver.com/shansjen"", ""postdate"": ""20260526""}"
우베,preset,우베 케이크,순천 조례동 투썸플레이스에서 보낸 포근한 오후,https://blog.naver.com/mercy_5028/224297143513,20260526,"핑구 <b>케이크</b>가 눈에 딱 들어오더라구요  너무 귀여워서 한참 보게 됐던ㅋㅋ 어릴 때 보던 추억의 핑구 애니메이션도 괜히 생각나고, 잠깐이지만 어린 시절 감성까지 떠오르던 순간이었어요  사실은 <b>우베</b>... ",냥이와 포근한 하루,blog.naver.com/mercy_5028,naver_blog,우베 케이크,related,0.3,2026-05-26T11:02:57.061617+00:00,0,0,0,0,냥이와 포근한 하루,"핑구 <b>케이크</b>가 눈에 딱 들어오더라구요  너무 귀여워서 한참 보게 됐던ㅋㅋ 어릴 때 보던 추억의 핑구 애니메이션도 괜히 생각나고, 잠깐이지만 어린 시절 감성까지 떠오르던 순간이었어요  사실은 <b>우베</b>... ","{""title"": ""순천 조례동 투썸플레이스에서 보낸 포근한 오후"", ""link"": ""https://blog.naver.com/mercy_5028/224297143513"", ""description"": ""핑구 <b>케이크</b>가 눈에 딱 들어오더라구요  너무 귀여워서 한참 보게 됐던ㅋㅋ 어릴 때 보던 추억의 핑구 애니메이션도 괜히 생각나고, 잠깐이지만 어린 시절 감성까지 떠오르던 순간이었어요  사실은 <b>우베</b>... "", ""bloggername"": ""냥이와 포근한 하루"", ""bloggerlink"": ""blog.naver.com/mercy_5028"", ""postdate"": ""20260526""}"
우베,preset,우베 케이크,"주목하는 <b>우베</b>파우더, 우리가... 필리핀산 <b>우베</b> 100% 원료 · 중국... ",https://blog.naver.com/xldpflgudrn/224297141559,20260526,⭐ ✔ 우베 라떼 · 우베 스무디 · 우베 밀크티 ✔ <b>우베 케이크</b> · 마카롱 · 쿠키 · 머핀 ✔ 우베... ☕ 우베 라떼 &amp; 음료류  케이크 &amp; 베이킹  아이스크림 &amp; 빙수  마카롱 &amp; 쿠키  떡 &amp; 한과류 크림 &amp; 스프레드... ,FORTE 무역,blog.naver.com/xldpflgudrn,naver_blog,우베 케이크,related,0.3,2026-05-26T11:02:57.061617+00:00,0,0,0,0,FORTE 무역,⭐ ✔ 우베 라떼 · 우베 스무디 · 우베 밀크티 ✔ <b>우베 케이크</b> · 마카롱 · 쿠키 · 머핀 ✔ 우베... ☕ 우베 라떼 &amp; 음료류  케이크 &amp; 베이킹  아이스크림 &amp; 빙수  마카롱 &amp; 쿠키  떡 &amp; 한과류 크림 &amp; 스프레드... ,"{""title"": ""주목하는 <b>우베</b>파우더, 우리가... 필리핀산 <b>우베</b> 100% 원료 · 중국... "", ""link"": ""https://blog.naver.com/xldpflgudrn/224297141559"", ""description"": ""⭐ ✔ 우베 라떼 · 우베 스무디 · 우베 밀크티 ✔ <b>우베 케이크</b> · 마카롱 · 쿠키 · 머핀 ✔ 우베... ☕ 우베 라떼 &amp; 음료류  케이크 &amp; 베이킹  아이스크림 &amp; 빙수  마카롱 &amp; 쿠키  떡 &amp; 한과류 크림 &amp; 스프레드... "", ""bloggername"": ""FORTE 무역"", ""bloggerlink"": ""blog.naver.com/xldpflgudrn"", ""postdate"": ""20260526""}"
우베,preset,우베 케이크,샌드베이글 맛집 온니당 택배후기,https://blog.naver.com/gywls9702/224297139523,20260526,"양쯔깐루모찌샌드, <b>우베</b>고구마모찌샌드, 딸기바닐라모찌샌드, 블루베리치케모찌, 딸기요맘때모찌샌드... 치즈<b>케이크</b>가 들어있어요 크림 속에 블루베리가 들어있어요 딸기보단 크림이 덜 흐르는 거 같아요... ",찌니Daily__❥,blog.naver.com/gywls9702,naver_blog,우베 케이크,related,0.3,2026-05-26T11:02:57.061617+00:00,0,0,0,0,찌니Daily__❥,"양쯔깐루모찌샌드, <b>우베</b>고구마모찌샌드, 딸기바닐라모찌샌드, 블루베리치케모찌, 딸기요맘때모찌샌드... 치즈<b>케이크</b>가 들어있어요 크림 속에 블루베리가 들어있어요 딸기보단 크림이 덜 흐르는 거 같아요... ","{""title"": ""샌드베이글 맛집 온니당 택배후기"", ""link"": ""https://blog.naver.com/gywls9702/224297139523"", ""description"": ""양쯔깐루모찌샌드, <b>우베</b>고구마모찌샌드, 딸기바닐라모찌샌드, 블루베리치케모찌, 딸기요맘때모찌샌드... 치즈<b>케이크</b>가 들어있어요 크림 속에 블루베리가 들어있어요 딸기보단 크림이 덜 흐르는 거 같아요... "", ""bloggername"": ""찌니Daily__❥"", ""bloggerlink"": ""blog.naver.com/gywls9702"", ""postdate"": ""20260526""}"
우베,preset,우베 케이크,260526,https://blog.naver.com/ekfajrsmsgka/224297137067,20260526,뽑았으니까 됐다 아 블로그는 왜이렇게 따로 시간내서는 손이 안가고 월루로 쓰고싶을가요 키키 투썸 <b>우베</b> 치즈<b>케이크</b> 또 투썸 케이키 신상이 나오면 참을수없지 근데 맛이 없는건 아닌데 <b>우베</b>..?의 맛?이 뭔지... ,Cosmic Railway,blog.naver.com/ekfajrsmsgka,naver_blog,우베 케이크,related,0.3,2026-05-26T11:02:57.061617+00:00,0,0,0,0,Cosmic Railway,뽑았으니까 됐다 아 블로그는 왜이렇게 따로 시간내서는 손이 안가고 월루로 쓰고싶을가요 키키 투썸 <b>우베</b> 치즈<b>케이크</b> 또 투썸 케이키 신상이 나오면 참을수없지 근데 맛이 없는건 아닌데 <b>우베</b>..?의 맛?이 뭔지... ,"{""title"": ""260526"", ""link"": ""https://blog.naver.com/ekfajrsmsgka/224297137067"", ""description"": ""뽑았으니까 됐다 아 블로그는 왜이렇게 따로 시간내서는 손이 안가고 월루로 쓰고싶을가요 키키 투썸 <b>우베</b> 치즈<b>케이크</b> 또 투썸 케이키 신상이 나오면 참을수없지 근데 맛이 없는건 아닌데 <b>우베</b>..?의 맛?이 뭔지... "", ""bloggername"": ""Cosmic Railway"", ""bloggerlink"": ""blog.naver.com/ekfajrsmsgka"", ""postdate"": ""20260526""}"
우베,preset,우베 케이크,투썸플레이스 X 핑구 콜라보 (시크릿키링 뽑는 법) | <b>우베</b>라떼 후기,https://blog.naver.com/haneull_piljoon/224297132395,20260526,"☕ 투썸 <b>우베</b> 라떼(R) 5,700원 <b>우베</b> 쉐이크(R) 6,800원 <b>우베</b> 카페 라떼(R) 6,500원 <b>우베</b>에 '바닐라빈'을 넣었다는 <b>우베</b>라떼는 '자색고구마'와 '타로' 중간 정도의 맛이었음.. 고구마<b>케이크</b> 맛 같기도하고? 1회... ","구름, 오늘",blog.naver.com/haneull_piljoon,naver_blog,우베 케이크,related,0.3,2026-05-26T11:02:57.061617+00:00,0,0,0,0,"구름, 오늘","☕ 투썸 <b>우베</b> 라떼(R) 5,700원 <b>우베</b> 쉐이크(R) 6,800원 <b>우베</b> 카페 라떼(R) 6,500원 <b>우베</b>에 '바닐라빈'을 넣었다는 <b>우베</b>라떼는 '자색고구마'와 '타로' 중간 정도의 맛이었음.. 고구마<b>케이크</b> 맛 같기도하고? 1회... ","{""title"": ""투썸플레이스 X 핑구 콜라보 (시크릿키링 뽑는 법) | <b>우베</b>라떼 후기"", ""link"": ""https://blog.naver.com/haneull_piljoon/224297132395"", ""description"": ""☕ 투썸 <b>우베</b> 라떼(R) 5,700원 <b>우베</b> 쉐이크(R) 6,800원 <b>우베</b> 카페 라떼(R) 6,500원 <b>우베</b>에 '바닐라빈'을 넣었다는 <b>우베</b>라떼는 '자색고구마'와 '타로' 중간 정도의 맛이었음.. 고구마<b>케이크</b> 맛 같기도하고? 1회... "", ""bloggername"": ""구름, 오늘"", ""bloggerlink"": ""blog.naver.com/haneull_piljoon"", ""postdate"": ""20260526""}"
우베,preset,우베 케이크,성심당 dcc 망고시루 평일 오전 웨이팅 없이 구매 후기(보냉백... ,https://blog.naver.com/lovemei0183/224296871802,20260526,핫한 #<b>우베</b>크로와상 나온지는 좀 되었지만 진짜 먹고 싶었떤 #성심당말차크로와상 #성심당초코바게트... <b>케이크</b>를 바로 살수 있음~~ 먼저 빵류 계산하고 왼쪽으로 가니까 바로 <b>케이크</b> 코너가 있더라구요... ,가득 누리며 사는 삶,blog.naver.com/lovemei0183,naver_blog,우베 케이크,related,0.3,2026-05-26T11:02:57.061617+00:00,0,0,0,0,가득 누리며 사는 삶,핫한 #<b>우베</b>크로와상 나온지는 좀 되었지만 진짜 먹고 싶었떤 #성심당말차크로와상 #성심당초코바게트... <b>케이크</b>를 바로 살수 있음~~ 먼저 빵류 계산하고 왼쪽으로 가니까 바로 <b>케이크</b> 코너가 있더라구요... ,"{""title"": ""성심당 dcc 망고시루 평일 오전 웨이팅 없이 구매 후기(보냉백... "", ""link"": ""https://blog.naver.com/lovemei0183/224296871802"", ""description"": ""핫한 #<b>우베</b>크로와상 나온지는 좀 되었지만 진짜 먹고 싶었떤 #성심당말차크로와상 #성심당초코바게트... <b>케이크</b>를 바로 살수 있음~~ 먼저 빵류 계산하고 왼쪽으로 가니까 바로 <b>케이크</b> 코너가 있더라구요... "", ""bloggername"": ""가득 누리며 사는 삶"", ""bloggerlink"": ""blog.naver.com/lovemei0183"", ""postdate"": ""20260526""}"
우베,preset,우베 케이크,<b>우베</b> 보라색 열풍 그 뒤에 숨겨진 진짜 맛과 인기 비결,https://blog.naver.com/pshoewer/224296341822,20260526,"이미 해외에서는 <b>우베</b> 아이스크림, <b>케이크</b>, 도넛 등 다양한 형태로 사랑받고 있으며, 국내에서도 새로운 <b>우베</b> 활용 메뉴들이 계속해서 등장하고 있습니다. 앞으로 카페 메뉴판에서 <b>우베</b>를 더욱 자주 만나게... ",그래 미쳐보는거다,blog.naver.com/pshoewer,naver_blog,우베 케이크,related,0.3,2026-05-26T11:02:57.061617+00:00,0,0,0,0,그래 미쳐보는거다,"이미 해외에서는 <b>우베</b> 아이스크림, <b>케이크</b>, 도넛 등 다양한 형태로 사랑받고 있으며, 국내에서도 새로운 <b>우베</b> 활용 메뉴들이 계속해서 등장하고 있습니다. 앞으로 카페 메뉴판에서 <b>우베</b>를 더욱 자주 만나게... ","{""title"": ""<b>우베</b> 보라색 열풍 그 뒤에 숨겨진 진짜 맛과 인기 비결"", ""link"": ""https://blog.naver.com/pshoewer/224296341822"", ""description"": ""이미 해외에서는 <b>우베</b> 아이스크림, <b>케이크</b>, 도넛 등 다양한 형태로 사랑받고 있으며, 국내에서도 새로운 <b>우베</b> 활용 메뉴들이 계속해서 등장하고 있습니다. 앞으로 카페 메뉴판에서 <b>우베</b>를 더욱 자주 만나게... "", ""bloggername"": ""그래 미쳐보는거다"", ""bloggerlink"": ""blog.naver.com/pshoewer"", ""postdate"": ""20260526""}"
우베,preset,우베 케이크,"세종 나성동 카페, 뷰 맛집 49층 카페 플레져",https://blog.naver.com/mayzzun/224297117570,20260526,"<b>우베</b>라떼랑 화채 그릭요거트 등등 없었는데 새로 생겼다 뷰 때문에 그런가 음료 가격대는 좀 있는 편,, 다양한 빵도 판매중 <b>케이크</b> 먹을까 했는데 끌리는 <b>케이크</b>가 없기도 하고 밥을 많이 먹고 와서 디저트는... ",01,blog.naver.com/mayzzun,naver_blog,우베 케이크,related,0.3,2026-05-26T11:02:57.061617+00:00,0,0,0,0,01,"<b>우베</b>라떼랑 화채 그릭요거트 등등 없었는데 새로 생겼다 뷰 때문에 그런가 음료 가격대는 좀 있는 편,, 다양한 빵도 판매중 <b>케이크</b> 먹을까 했는데 끌리는 <b>케이크</b>가 없기도 하고 밥을 많이 먹고 와서 디저트는... ","{""title"": ""세종 나성동 카페, 뷰 맛집 49층 카페 플레져"", ""link"": ""https://blog.naver.com/mayzzun/224297117570"", ""description"": ""<b>우베</b>라떼랑 화채 그릭요거트 등등 없었는데 새로 생겼다 뷰 때문에 그런가 음료 가격대는 좀 있는 편,, 다양한 빵도 판매중 <b>케이크</b> 먹을까 했는데 끌리는 <b>케이크</b>가 없기도 하고 밥을 많이 먹고 와서 디저트는... "", ""bloggername"": ""01"", ""bloggerlink"": ""blog.naver.com/mayzzun"", ""postdate"": ""20260526""}"
우베,preset,우베 케이크,Birch Benders- <b>우베</b>모찌 팬<b>케이크</b>,https://blog.naver.com/plain-86/224297114451,20260526,슈가파우더 뿌려주고 블루베리랑 그래놀라 올려서 메이플시럽은 따로 담아내 찍어 먹기. 달지 않고 <b>우베</b>향 나면서 맛있었다. 트레이더조 <b>우베</b>모찌 팬<b>케이크</b>도 먹어보고 비교해보고 싶다.,소소브이로그,blog.naver.com/plain-86,naver_blog,우베 케이크,related,0.3,2026-05-26T11:02:57.061617+00:00,0,0,0,0,소소브이로그,슈가파우더 뿌려주고 블루베리랑 그래놀라 올려서 메이플시럽은 따로 담아내 찍어 먹기. 달지 않고 <b>우베</b>향 나면서 맛있었다. 트레이더조 <b>우베</b>모찌 팬<b>케이크</b>도 먹어보고 비교해보고 싶다.,"{""title"": ""Birch Benders- <b>우베</b>모찌 팬<b>케이크</b>"", ""link"": ""https://blog.naver.com/plain-86/224297114451"", ""description"": ""슈가파우더 뿌려주고 블루베리랑 그래놀라 올려서 메이플시럽은 따로 담아내 찍어 먹기. 달지 않고 <b>우베</b>향 나면서 맛있었다. 트레이더조 <b>우베</b>모찌 팬<b>케이크</b>도 먹어보고 비교해보고 싶다."", ""bloggername"": ""소소브이로그"", ""bloggerlink"": ""blog.naver.com/plain-86"", ""postdate"": ""20260526""}"
우베,preset,우베 케이크,"금정구브런치맛집 카페와 샵, 갤러리, 레지던스가 공존하는... ",https://blog.naver.com/whale-1/224297111334,20260526,당근당근<b>케이크</b>랑 얼그레이 치즈<b>케이크</b> <b>우베</b>바스크치즈<b>케이크</b> 레몬치즈<b>케이크</b> !! 저희는 요새 핫하다는 <b>우베</b>바스크치즈<b>케이크</b> 골랐고요! 메뉴판 메뉴판 살펴보았어요! 일단 <b>우베</b>라떼랑 <b>우베</b>바스크<b>케이크</b>... ,즐겁게 먹고 놀기,blog.naver.com/whale-1,naver_blog,우베 케이크,related,0.3,2026-05-26T11:02:57.061617+00:00,0,0,0,0,즐겁게 먹고 놀기,당근당근<b>케이크</b>랑 얼그레이 치즈<b>케이크</b> <b>우베</b>바스크치즈<b>케이크</b> 레몬치즈<b>케이크</b> !! 저희는 요새 핫하다는 <b>우베</b>바스크치즈<b>케이크</b> 골랐고요! 메뉴판 메뉴판 살펴보았어요! 일단 <b>우베</b>라떼랑 <b>우베</b>바스크<b>케이크</b>... ,"{""title"": ""금정구브런치맛집 카페와 샵, 갤러리, 레지던스가 공존하는... "", ""link"": ""https://blog.naver.com/whale-1/224297111334"", ""description"": ""당근당근<b>케이크</b>랑 얼그레이 치즈<b>케이크</b> <b>우베</b>바스크치즈<b>케이크</b> 레몬치즈<b>케이크</b> !! 저희는 요새 핫하다는 <b>우베</b>바스크치즈<b>케이크</b> 골랐고요! 메뉴판 메뉴판 살펴보았어요! 일단 <b>우베</b>라떼랑 <b>우베</b>바스크<b>케이크</b>... "", ""bloggername"": ""즐겁게 먹고 놀기"", ""bloggerlink"": ""blog.naver.com/whale-1"", ""postdate"": ""20260526""}"
우베,preset,우베 케이크,정보 / 신상 디저트 <b>우베</b> 바스크 치즈<b>케이크</b> 내돈내산 후기,https://blog.naver.com/mmmingkoo/224297107922,20260526,#서이추 #서이추환영 #천호카페 #천호역카페 #강동구카페 #투썸플레이스 #투썸플레이스천호점 #<b>우베</b>바스크치즈<b>케이크</b> #<b>우베</b>디저트 #투썸신상 #천호역디저트 #카공카페 #천호신상카페 #강동구신상카페... ,냐밍,blog.naver.com/mmmingkoo,naver_blog,우베 케이크,related,0.3,2026-05-26T11:02:57.061617+00:00,0,0,0,0,냐밍,#서이추 #서이추환영 #천호카페 #천호역카페 #강동구카페 #투썸플레이스 #투썸플레이스천호점 #<b>우베</b>바스크치즈<b>케이크</b> #<b>우베</b>디저트 #투썸신상 #천호역디저트 #카공카페 #천호신상카페 #강동구신상카페... ,"{""title"": ""정보 / 신상 디저트 <b>우베</b> 바스크 치즈<b>케이크</b> 내돈내산 후기"", ""link"": ""https://blog.naver.com/mmmingkoo/224297107922"", ""description"": ""#서이추 #서이추환영 #천호카페 #천호역카페 #강동구카페 #투썸플레이스 #투썸플레이스천호점 #<b>우베</b>바스크치즈<b>케이크</b> #<b>우베</b>디저트 #투썸신상 #천호역디저트 #카공카페 #천호신상카페 #강동구신상카페... "", ""bloggername"": ""냐밍"", ""bloggerlink"": ""blog.naver.com/mmmingkoo"", ""postdate"": ""20260526""}"
우베,preset,우베 케이크,애슐리 퀸즈 창원 뉴코아점 키위시즌 내돈내산 맛평가 (예약... ,https://blog.naver.com/dbwjdsnfl0428/224297107694,20260526,"* <b>우베</b> 치즈<b>케이크</b> &amp; <b>우베</b> 라떼 : 이번 시즌 의외의 복병입니다. 보랏빛 색감이 눈길을 사로잡는데, 치즈<b>케이크</b>의 꾸덕함과 <b>우베</b>의 은은한 향이 조화로워서 동생들도 정말 좋아했어요. 키위보다 이게 더... ",현간의 간신일상,blog.naver.com/dbwjdsnfl0428,naver_blog,우베 케이크,related,0.3,2026-05-26T11:02:57.061617+00:00,0,0,0,0,현간의 간신일상,"* <b>우베</b> 치즈<b>케이크</b> &amp; <b>우베</b> 라떼 : 이번 시즌 의외의 복병입니다. 보랏빛 색감이 눈길을 사로잡는데, 치즈<b>케이크</b>의 꾸덕함과 <b>우베</b>의 은은한 향이 조화로워서 동생들도 정말 좋아했어요. 키위보다 이게 더... ","{""title"": ""애슐리 퀸즈 창원 뉴코아점 키위시즌 내돈내산 맛평가 (예약... "", ""link"": ""https://blog.naver.com/dbwjdsnfl0428/224297107694"", ""description"": ""* <b>우베</b> 치즈<b>케이크</b> &amp; <b>우베</b> 라떼 : 이번 시즌 의외의 복병입니다. 보랏빛 색감이 눈길을 사로잡는데, 치즈<b>케이크</b>의 꾸덕함과 <b>우베</b>의 은은한 향이 조화로워서 동생들도 정말 좋아했어요. 키위보다 이게 더... "", ""bloggername"": ""현간의 간신일상"", ""bloggerlink"": ""blog.naver.com/dbwjdsnfl0428"", ""postdate"": ""20260526""}"
우베,preset,우베 케이크,"<b>우베</b> 뜻과 맛, 효능 완벽 정리! 타로 자색고구마 차이점",https://blog.naver.com/sogool/224296958740,20260526,"이 때문에 <b>우베</b> 라떼나 <b>우베</b> 치즈<b>케이크</b>가 전 세계적으로 엄청난 인기를 끌고 있는 것이죠.  3. 보라색의 마법! <b>우베</b>의 3가지 핵심 효능 맛도 좋지만, 건강 정보 전문가 지박사가 <b>우베</b>를 추천하는 진짜 이유는... ",생활지식 저장소,blog.naver.com/sogool,naver_blog,우베 케이크,related,0.3,2026-05-26T11:02:57.061617+00:00,0,0,0,0,생활지식 저장소,"이 때문에 <b>우베</b> 라떼나 <b>우베</b> 치즈<b>케이크</b>가 전 세계적으로 엄청난 인기를 끌고 있는 것이죠.  3. 보라색의 마법! <b>우베</b>의 3가지 핵심 효능 맛도 좋지만, 건강 정보 전문가 지박사가 <b>우베</b>를 추천하는 진짜 이유는... ","{""title"": ""<b>우베</b> 뜻과 맛, 효능 완벽 정리! 타로 자색고구마 차이점"", ""link"": ""https://blog.naver.com/sogool/224296958740"", ""description"": ""이 때문에 <b>우베</b> 라떼나 <b>우베</b> 치즈<b>케이크</b>가 전 세계적으로 엄청난 인기를 끌고 있는 것이죠.  3. 보라색의 마법! <b>우베</b>의 3가지 핵심 효능 맛도 좋지만, 건강 정보 전문가 지박사가 <b>우베</b>를 추천하는 진짜 이유는... "", ""bloggername"": ""생활지식 저장소"", ""bloggerlink"": ""blog.naver.com/sogool"", ""postdate"": ""20260526""}"
우베,preset,우베 케이크,애슐리골드키위시즌 | 애슐리퀸즈 홈플러스 세종점 디너 메뉴... ,https://blog.naver.com/wonderland_in_cy/224297094244,20260526,"썬골드키위 가든 요거 <b>케이크</b> 크리미한 요거트에 골드키위로 많이 달지도 않으면서 부드러운 식감에... 에이드, <b>우베</b> 라떼. 신상 음료 셋 중 원픽은 리얼 키위 주스! 단맛이 강한 키위 주스, 더 맛있게 먹는... ","반짝반짝, 지금 이 순간",blog.naver.com/wonderland_in_cy,naver_blog,우베 케이크,related,0.3,2026-05-26T11:02:57.061617+00:00,0,0,0,0,"반짝반짝, 지금 이 순간","썬골드키위 가든 요거 <b>케이크</b> 크리미한 요거트에 골드키위로 많이 달지도 않으면서 부드러운 식감에... 에이드, <b>우베</b> 라떼. 신상 음료 셋 중 원픽은 리얼 키위 주스! 단맛이 강한 키위 주스, 더 맛있게 먹는... ","{""title"": ""애슐리골드키위시즌 | 애슐리퀸즈 홈플러스 세종점 디너 메뉴... "", ""link"": ""https://blog.naver.com/wonderland_in_cy/224297094244"", ""description"": ""썬골드키위 가든 요거 <b>케이크</b> 크리미한 요거트에 골드키위로 많이 달지도 않으면서 부드러운 식감에... 에이드, <b>우베</b> 라떼. 신상 음료 셋 중 원픽은 리얼 키위 주스! 단맛이 강한 키위 주스, 더 맛있게 먹는... "", ""bloggername"": ""반짝반짝, 지금 이 순간"", ""bloggerlink"": ""blog.naver.com/wonderland_in_cy"", ""postdate"": ""20260526""}"
우베,preset,우베 케이크,<b>우베</b> 뜻 알고 드시나요? 보라색 디저트 열풍의 진짜 이유와 맛... ,https://blog.naver.com/tmdwns04281/224297007403,20260526,"바로 '<b>우베</b>(Ube)'라는 낯선 식재료였는데요. 도대체 언제부터 이 보라색 열풍이 시작된 건지, 저처럼... 다음번 카페에 가셨을 때 쇼케이스에 보라색 <b>케이크</b>가 있다면 한 번쯤 자신 있게 주문해 보세요. 이웃님들은... ",뚜니의 일상사전,blog.naver.com/tmdwns04281,naver_blog,우베 케이크,related,0.3,2026-05-26T11:02:57.061617+00:00,0,0,0,0,뚜니의 일상사전,"바로 '<b>우베</b>(Ube)'라는 낯선 식재료였는데요. 도대체 언제부터 이 보라색 열풍이 시작된 건지, 저처럼... 다음번 카페에 가셨을 때 쇼케이스에 보라색 <b>케이크</b>가 있다면 한 번쯤 자신 있게 주문해 보세요. 이웃님들은... ","{""title"": ""<b>우베</b> 뜻 알고 드시나요? 보라색 디저트 열풍의 진짜 이유와 맛... "", ""link"": ""https://blog.naver.com/tmdwns04281/224297007403"", ""description"": ""바로 '<b>우베</b>(Ube)'라는 낯선 식재료였는데요. 도대체 언제부터 이 보라색 열풍이 시작된 건지, 저처럼... 다음번 카페에 가셨을 때 쇼케이스에 보라색 <b>케이크</b>가 있다면 한 번쯤 자신 있게 주문해 보세요. 이웃님들은... "", ""bloggername"": ""뚜니의 일상사전"", ""bloggerlink"": ""blog.naver.com/tmdwns04281"", ""postdate"": ""20260526""}"
우베,preset,우베 케이크,우리는 변화한다,https://blog.naver.com/usveax/224297087572,20260526,주문제작한 <b>케이크</b> 보구..~ 카페에 릿뤼버가 있었어요 오빠랑 잘 놀다가 사장님께서 다시 원위치... 돗가비불쭈꾸미 송도 쭈꾸미 1황 ㅎ <b>우베</b> 찾아 떠났는데 없어서 아박에 블루베리스무디 먹구 ㅠ 다이어트... ,,blog.naver.com/usveax,naver_blog,우베 케이크,related,0.3,2026-05-26T11:02:57.061617+00:00,0,0,0,0,,주문제작한 <b>케이크</b> 보구..~ 카페에 릿뤼버가 있었어요 오빠랑 잘 놀다가 사장님께서 다시 원위치... 돗가비불쭈꾸미 송도 쭈꾸미 1황 ㅎ <b>우베</b> 찾아 떠났는데 없어서 아박에 블루베리스무디 먹구 ㅠ 다이어트... ,"{""title"": ""우리는 변화한다"", ""link"": ""https://blog.naver.com/usveax/224297087572"", ""description"": ""주문제작한 <b>케이크</b> 보구..~ 카페에 릿뤼버가 있었어요 오빠랑 잘 놀다가 사장님께서 다시 원위치... 돗가비불쭈꾸미 송도 쭈꾸미 1황 ㅎ <b>우베</b> 찾아 떠났는데 없어서 아박에 블루베리스무디 먹구 ㅠ 다이어트... "", ""bloggername"": """", ""bloggerlink"": ""blog.naver.com/usveax"", ""postdate"": ""20260526""}"
우베,preset,우베 케이크,지금 좀 멈춰도 지구는 안 멈춰!,https://blog.naver.com/koinuzuha0809/224297083352,20260526,당근<b>케이크</b>랑 아박이 훨씬 좋아 자치의 날 잼컨 : 나락퀴즈쇼 선생님 두 분이랑 학생회 두 명(얘네는... 빽다방 <b>우베</b>라떼~~ 예상한 맛이랑 비슷했는데 취향은 아니라 또 사먹진 않을 거 같고 그냥 타로밀크티... ,Super Real Me,blog.naver.com/koinuzuha0809,naver_blog,우베 케이크,related,0.3,2026-05-26T11:02:57.061617+00:00,0,0,0,0,Super Real Me,당근<b>케이크</b>랑 아박이 훨씬 좋아 자치의 날 잼컨 : 나락퀴즈쇼 선생님 두 분이랑 학생회 두 명(얘네는... 빽다방 <b>우베</b>라떼~~ 예상한 맛이랑 비슷했는데 취향은 아니라 또 사먹진 않을 거 같고 그냥 타로밀크티... ,"{""title"": ""지금 좀 멈춰도 지구는 안 멈춰!"", ""link"": ""https://blog.naver.com/koinuzuha0809/224297083352"", ""description"": ""당근<b>케이크</b>랑 아박이 훨씬 좋아 자치의 날 잼컨 : 나락퀴즈쇼 선생님 두 분이랑 학생회 두 명(얘네는... 빽다방 <b>우베</b>라떼~~ 예상한 맛이랑 비슷했는데 취향은 아니라 또 사먹진 않을 거 같고 그냥 타로밀크티... "", ""bloggername"": ""Super Real Me"", ""bloggerlink"": ""blog.naver.com/koinuzuha0809"", ""postdate"": ""20260526""}"
우베,preset,우베 케이크,성수동 빙수 서울숲 카페 거리 핫플 추천 시즈니,https://blog.naver.com/boram55555/224297077408,20260526,유행하는 <b>우베</b>라떼와 베스트 메뉴인 바닐라빈밀크를 주문했답니다! 바스크 치즈<b>케이크</b> 종류도 굉장히 많은데요 얼그레이부터 초코까지 있는데 초코를 먹을까 하다가 얼그레이를 좋아해서 그 맛으로 골랐어요!... ,룰루랄라,blog.naver.com/boram55555,naver_blog,우베 케이크,related,0.3,2026-05-26T11:02:57.061617+00:00,0,0,0,0,룰루랄라,유행하는 <b>우베</b>라떼와 베스트 메뉴인 바닐라빈밀크를 주문했답니다! 바스크 치즈<b>케이크</b> 종류도 굉장히 많은데요 얼그레이부터 초코까지 있는데 초코를 먹을까 하다가 얼그레이를 좋아해서 그 맛으로 골랐어요!... ,"{""title"": ""성수동 빙수 서울숲 카페 거리 핫플 추천 시즈니"", ""link"": ""https://blog.naver.com/boram55555/224297077408"", ""description"": ""유행하는 <b>우베</b>라떼와 베스트 메뉴인 바닐라빈밀크를 주문했답니다! 바스크 치즈<b>케이크</b> 종류도 굉장히 많은데요 얼그레이부터 초코까지 있는데 초코를 먹을까 하다가 얼그레이를 좋아해서 그 맛으로 골랐어요!... "", ""bloggername"": ""룰루랄라"", ""bloggerlink"": ""blog.naver.com/boram55555"", ""postdate"": ""20260526""}"
우베,preset,우베 케이크,대구 근교 드라이브 추천 상주 낙단보뷰 낙동350 카페,https://blog.naver.com/beautifuljean/224297070732,20260526,"크림카페라떼가 시그니처인가봐요 요즘 핫한 <b>우베</b>라떼도 있네요! 커피 외에도 다양한 음료 메뉴가 많아요 수제레몬에이드, 쌍화차도 있어요 아가들이랑 와도 좋고 어르신들 모시고 와도 좋겠네요 <b>케이크</b>... ",초례봉독수리,blog.naver.com/beautifuljean,naver_blog,우베 케이크,related,0.3,2026-05-26T11:02:57.061617+00:00,0,0,0,0,초례봉독수리,"크림카페라떼가 시그니처인가봐요 요즘 핫한 <b>우베</b>라떼도 있네요! 커피 외에도 다양한 음료 메뉴가 많아요 수제레몬에이드, 쌍화차도 있어요 아가들이랑 와도 좋고 어르신들 모시고 와도 좋겠네요 <b>케이크</b>... ","{""title"": ""대구 근교 드라이브 추천 상주 낙단보뷰 낙동350 카페"", ""link"": ""https://blog.naver.com/beautifuljean/224297070732"", ""description"": ""크림카페라떼가 시그니처인가봐요 요즘 핫한 <b>우베</b>라떼도 있네요! 커피 외에도 다양한 음료 메뉴가 많아요 수제레몬에이드, 쌍화차도 있어요 아가들이랑 와도 좋고 어르신들 모시고 와도 좋겠네요 <b>케이크</b>... "", ""bloggername"": ""초례봉독수리"", ""bloggerlink"": ""blog.naver.com/beautifuljean"", ""postdate"": ""20260526""}"
우베,preset,우베 케이크,애슐리 퀸즈 가격 할인 총정리 5월 골드키위 시즌 메뉴까지,https://blog.naver.com/xariose/224297065727,20260526,▪ 애플타르트 + 골드키위 ▪ 골드키위 로띠 ▪ 골드키위 <b>케이크</b> ▪ 초코바게트 + 골드키위 ▪ 골드키위 그대로 (디너 한정) ▪ 파인탄산 골드키위 ▪ <b>우베</b> 라떼 / <b>우베</b> 치즈<b>케이크</b> ▪ 골드키위 살사 (오리... ,소소한 일상 이야기,blog.naver.com/xariose,naver_blog,우베 케이크,related,0.3,2026-05-26T11:02:57.061617+00:00,0,0,0,0,소소한 일상 이야기,▪ 애플타르트 + 골드키위 ▪ 골드키위 로띠 ▪ 골드키위 <b>케이크</b> ▪ 초코바게트 + 골드키위 ▪ 골드키위 그대로 (디너 한정) ▪ 파인탄산 골드키위 ▪ <b>우베</b> 라떼 / <b>우베</b> 치즈<b>케이크</b> ▪ 골드키위 살사 (오리... ,"{""title"": ""애슐리 퀸즈 가격 할인 총정리 5월 골드키위 시즌 메뉴까지"", ""link"": ""https://blog.naver.com/xariose/224297065727"", ""description"": ""▪ 애플타르트 + 골드키위 ▪ 골드키위 로띠 ▪ 골드키위 <b>케이크</b> ▪ 초코바게트 + 골드키위 ▪ 골드키위 그대로 (디너 한정) ▪ 파인탄산 골드키위 ▪ <b>우베</b> 라떼 / <b>우베</b> 치즈<b>케이크</b> ▪ 골드키위 살사 (오리... "", ""bloggername"": ""소소한 일상 이야기"", ""bloggerlink"": ""blog.naver.com/xariose"", ""postdate"": ""20260526""}"
우베,preset,우베 케이크,서현시범맛집거리 주차 가능 디저트카페 슬로웨이커피 서현역... ,https://blog.naver.com/rabbitbag/224296500709,20260526,"특히 요즘 유행하는 <b>우베</b> 코코넛 라떼가 있어서 매우 궁금했으나, 이날은 왠지 녹차/말차라떼 무드라서... 이윽고 내가 주문한 바스크치즈<b>케이크</b>와 티라미수, 그리고 아이스 말차라떼가 등장했다. 카운터... ",레이라의 낭만핑크라이프 ♬ :D,blog.naver.com/rabbitbag,naver_blog,우베 케이크,related,0.3,2026-05-26T11:02:57.061617+00:00,0,0,0,0,레이라의 낭만핑크라이프 ♬ :D,"특히 요즘 유행하는 <b>우베</b> 코코넛 라떼가 있어서 매우 궁금했으나, 이날은 왠지 녹차/말차라떼 무드라서... 이윽고 내가 주문한 바스크치즈<b>케이크</b>와 티라미수, 그리고 아이스 말차라떼가 등장했다. 카운터... ","{""title"": ""서현시범맛집거리 주차 가능 디저트카페 슬로웨이커피 서현역... "", ""link"": ""https://blog.naver.com/rabbitbag/224296500709"", ""description"": ""특히 요즘 유행하는 <b>우베</b> 코코넛 라떼가 있어서 매우 궁금했으나, 이날은 왠지 녹차/말차라떼 무드라서... 이윽고 내가 주문한 바스크치즈<b>케이크</b>와 티라미수, 그리고 아이스 말차라떼가 등장했다. 카운터... "", ""bloggername"": ""레이라의 낭만핑크라이프 ♬ :D"", ""bloggerlink"": ""blog.naver.com/rabbitbag"", ""postdate"": ""20260526""}"
우베,preset,우베 케이크,김포 현대아울렛카페 노티드 :: 신메뉴 <b>우베</b>도넛 <b>우베</b>음료,https://blog.naver.com/m__nique/224297065633,20260526,노티드 특유의 꾸덕하고 쫀쫀한 크림 텍스처와 도넛들이 진열되어 있어요 보기만해도 군침 싹돌고 요즘은 노티드 <b>케이크</b>도 아주 유행이더라구요 저는 노티드 신상도넛인 <b>우베</b> 밀키크림 도넛과 <b>우베</b> 두바이... ,"Eat, Play, Love",blog.naver.com/m__nique,naver_blog,우베 케이크,related,0.3,2026-05-26T11:02:57.061617+00:00,0,0,0,0,"Eat, Play, Love",노티드 특유의 꾸덕하고 쫀쫀한 크림 텍스처와 도넛들이 진열되어 있어요 보기만해도 군침 싹돌고 요즘은 노티드 <b>케이크</b>도 아주 유행이더라구요 저는 노티드 신상도넛인 <b>우베</b> 밀키크림 도넛과 <b>우베</b> 두바이... ,"{""title"": ""김포 현대아울렛카페 노티드 :: 신메뉴 <b>우베</b>도넛 <b>우베</b>음료"", ""link"": ""https://blog.naver.com/m__nique/224297065633"", ""description"": ""노티드 특유의 꾸덕하고 쫀쫀한 크림 텍스처와 도넛들이 진열되어 있어요 보기만해도 군침 싹돌고 요즘은 노티드 <b>케이크</b>도 아주 유행이더라구요 저는 노티드 신상도넛인 <b>우베</b> 밀키크림 도넛과 <b>우베</b> 두바이... "", ""bloggername"": ""Eat, Play, Love"", ""bloggerlink"": ""blog.naver.com/m__nique"", ""postdate"": ""20260526""}"
우베,preset,우베 케이크,투썸플레이스 홀<b>케이크</b> 두초생(두바이초코생크림<b>케이크</b>) 솔직... ,https://blog.naver.com/newspring_21/224297063943,20260526,<b>케이크</b>와 함께 먹기 위해 요즘 인기있는 <b>우베</b>라떼도 하나 시켰고요 쫀득쫀득 씹히는 젤리가 들어있는 망고음료도 시켰어요 드디어 두초생 개봉했습니다 직접 눈으로 보면 엥? 할 정도로 크기가 꽤 작아요... ,"새로운, 우리의 봄날",blog.naver.com/newspring_21,naver_blog,우베 케이크,related,0.3,2026-05-26T11:02:57.061617+00:00,0,0,0,0,"새로운, 우리의 봄날",<b>케이크</b>와 함께 먹기 위해 요즘 인기있는 <b>우베</b>라떼도 하나 시켰고요 쫀득쫀득 씹히는 젤리가 들어있는 망고음료도 시켰어요 드디어 두초생 개봉했습니다 직접 눈으로 보면 엥? 할 정도로 크기가 꽤 작아요... ,"{""title"": ""투썸플레이스 홀<b>케이크</b> 두초생(두바이초코생크림<b>케이크</b>) 솔직... "", ""link"": ""https://blog.naver.com/newspring_21/224297063943"", ""description"": ""<b>케이크</b>와 함께 먹기 위해 요즘 인기있는 <b>우베</b>라떼도 하나 시켰고요 쫀득쫀득 씹히는 젤리가 들어있는 망고음료도 시켰어요 드디어 두초생 개봉했습니다 직접 눈으로 보면 엥? 할 정도로 크기가 꽤 작아요... "", ""bloggername"": ""새로운, 우리의 봄날"", ""bloggerlink"": ""blog.naver.com/newspring_21"", ""postdate"": ""20260526""}"
우베,preset,우베 케이크,[SFSU 교환 16주차] Tartine | 하야토 송별회 | 다니엘... ,https://blog.naver.com/happyjsh7/224297062553,20260526,사온 <b>우베 케이크</b> 맛은... 그냥 고구마 케이크 맛.. 또 달넬이 늦게 오는 바람에 밖에서 넷이 저녁까지 같이 먹게 됨 (소요카 테루 아오이는 먼저 돌아갔다) 그리고 분명 로제마라짬뽕을 시켰는데 크림짬뽕이... ,곰의 탐방,blog.naver.com/happyjsh7,naver_blog,우베 케이크,related,0.3,2026-05-26T11:02:57.061617+00:00,0,0,0,0,곰의 탐방,사온 <b>우베 케이크</b> 맛은... 그냥 고구마 케이크 맛.. 또 달넬이 늦게 오는 바람에 밖에서 넷이 저녁까지 같이 먹게 됨 (소요카 테루 아오이는 먼저 돌아갔다) 그리고 분명 로제마라짬뽕을 시켰는데 크림짬뽕이... ,"{""title"": ""[SFSU 교환 16주차] Tartine | 하야토 송별회 | 다니엘... "", ""link"": ""https://blog.naver.com/happyjsh7/224297062553"", ""description"": ""사온 <b>우베 케이크</b> 맛은... 그냥 고구마 케이크 맛.. 또 달넬이 늦게 오는 바람에 밖에서 넷이 저녁까지 같이 먹게 됨 (소요카 테루 아오이는 먼저 돌아갔다) 그리고 분명 로제마라짬뽕을 시켰는데 크림짬뽕이... "", ""bloggername"": ""곰의 탐방"", ""bloggerlink"": ""blog.naver.com/happyjsh7"", ""postdate"": ""20260526""}"
우베,preset,우베 케이크,안산 대부도 오션뷰카페 추천 | 누워서 힐링 가능한 구봉도... ,https://blog.naver.com/rose70214/224297059575,20260526,"한정으로 <b>우베</b>(Ube) 맛이 제공되고 있었어요! 자색고구마 느낌의 달달한 풍미가 특징인데 색감이 너무... 오렌지 파운드 <b>케이크</b> 8,500원 오렌지 조각이 콕콕 들어가 있어서 씹을 때마다 상큼한 향이 올라왔어요... ",Effort,blog.naver.com/rose70214,naver_blog,우베 케이크,related,0.3,2026-05-26T11:02:57.061617+00:00,0,0,0,0,Effort,"한정으로 <b>우베</b>(Ube) 맛이 제공되고 있었어요! 자색고구마 느낌의 달달한 풍미가 특징인데 색감이 너무... 오렌지 파운드 <b>케이크</b> 8,500원 오렌지 조각이 콕콕 들어가 있어서 씹을 때마다 상큼한 향이 올라왔어요... ","{""title"": ""안산 대부도 오션뷰카페 추천 | 누워서 힐링 가능한 구봉도... "", ""link"": ""https://blog.naver.com/rose70214/224297059575"", ""description"": ""한정으로 <b>우베</b>(Ube) 맛이 제공되고 있었어요! 자색고구마 느낌의 달달한 풍미가 특징인데 색감이 너무... 오렌지 파운드 <b>케이크</b> 8,500원 오렌지 조각이 콕콕 들어가 있어서 씹을 때마다 상큼한 향이 올라왔어요... "", ""bloggername"": ""Effort"", ""bloggerlink"": ""blog.naver.com/rose70214"", ""postdate"": ""20260526""}"
우베,preset,우베 케이크,"뚜레쥬르, PGA '더 CJ컵'서 K-베이커리 부스 성료",https://blog.naver.com/chuny98/224297057372,20260526,"현장에서 가장 주목을 받은 곳은 미국 뚜레쥬르 대표 제품인 '클라우드 <b>케이크</b>(Cloud Cake)'를 대형... 단팥빵, 진한 우유 크림빵, 클라우드 크림 도넛 등 베이커리 외에도 <b>우베</b> 라떼, 말차 라떼 등 현지 인기... ",뉴스엔뷰(NEWS&VIEW),blog.naver.com/chuny98,naver_blog,우베 케이크,related,0.3,2026-05-26T11:02:57.061617+00:00,0,0,0,0,뉴스엔뷰(NEWS&VIEW),"현장에서 가장 주목을 받은 곳은 미국 뚜레쥬르 대표 제품인 '클라우드 <b>케이크</b>(Cloud Cake)'를 대형... 단팥빵, 진한 우유 크림빵, 클라우드 크림 도넛 등 베이커리 외에도 <b>우베</b> 라떼, 말차 라떼 등 현지 인기... ","{""title"": ""뚜레쥬르, PGA '더 CJ컵'서 K-베이커리 부스 성료"", ""link"": ""https://blog.naver.com/chuny98/224297057372"", ""description"": ""현장에서 가장 주목을 받은 곳은 미국 뚜레쥬르 대표 제품인 '클라우드 <b>케이크</b>(Cloud Cake)'를 대형... 단팥빵, 진한 우유 크림빵, 클라우드 크림 도넛 등 베이커리 외에도 <b>우베</b> 라떼, 말차 라떼 등 현지 인기... "", ""bloggername"": ""뉴스엔뷰(NEWS&VIEW)"", ""bloggerlink"": ""blog.naver.com/chuny98"", ""postdate"": ""20260526""}"
우베,preset,우베 케이크,<b>우베</b> 100% 파우더 kg 추천 10kg 써보니,https://blog.naver.com/ghdskarb6304/224297046165,20260526,"색감, 디저트 비주얼 강함 <b>우베</b> 100% 파우더, 4개, 10kg는 <b>케이크</b> 반죽에 넣었을 때 색이 은근하게만 도는 타입이 아니라, 보라색 존재감이 딱 살아나요. 머핀이나 쿠키 반죽에는 밀가루 6에 <b>우베</b> 파우더 1 정도로... ",fresh가람,blog.naver.com/ghdskarb6304,naver_blog,우베 케이크,related,0.3,2026-05-26T11:02:57.061617+00:00,0,0,0,0,fresh가람,"색감, 디저트 비주얼 강함 <b>우베</b> 100% 파우더, 4개, 10kg는 <b>케이크</b> 반죽에 넣었을 때 색이 은근하게만 도는 타입이 아니라, 보라색 존재감이 딱 살아나요. 머핀이나 쿠키 반죽에는 밀가루 6에 <b>우베</b> 파우더 1 정도로... ","{""title"": ""<b>우베</b> 100% 파우더 kg 추천 10kg 써보니"", ""link"": ""https://blog.naver.com/ghdskarb6304/224297046165"", ""description"": ""색감, 디저트 비주얼 강함 <b>우베</b> 100% 파우더, 4개, 10kg는 <b>케이크</b> 반죽에 넣었을 때 색이 은근하게만 도는 타입이 아니라, 보라색 존재감이 딱 살아나요. 머핀이나 쿠키 반죽에는 밀가루 6에 <b>우베</b> 파우더 1 정도로... "", ""bloggername"": ""fresh가람"", ""bloggerlink"": ""blog.naver.com/ghdskarb6304"", ""postdate"": ""20260526""}"
우베,preset,우베 케이크,방학동 수제 디저트가 맛있는 카페 ueru 내돈내산 후기,https://blog.naver.com/doyoebee/224297038741,20260526,근데 <b>우베</b> 바스크 치즈<b>케이크</b>도 있어서 놀랬어요 그치만 근본 바스크 치즈 <b>케이크</b>를 주문했습니다 ㅋㅋㅋ 음료도 엄청 다양하고 맥주와 하이볼도 판매하시더라구요 디저트에 또 맥주 먹으면 맛도리일것... ,DOOBEE 두여비,blog.naver.com/doyoebee,naver_blog,우베 케이크,related,0.3,2026-05-26T11:02:57.061617+00:00,0,0,0,0,DOOBEE 두여비,근데 <b>우베</b> 바스크 치즈<b>케이크</b>도 있어서 놀랬어요 그치만 근본 바스크 치즈 <b>케이크</b>를 주문했습니다 ㅋㅋㅋ 음료도 엄청 다양하고 맥주와 하이볼도 판매하시더라구요 디저트에 또 맥주 먹으면 맛도리일것... ,"{""title"": ""방학동 수제 디저트가 맛있는 카페 ueru 내돈내산 후기"", ""link"": ""https://blog.naver.com/doyoebee/224297038741"", ""description"": ""근데 <b>우베</b> 바스크 치즈<b>케이크</b>도 있어서 놀랬어요 그치만 근본 바스크 치즈 <b>케이크</b>를 주문했습니다 ㅋㅋㅋ 음료도 엄청 다양하고 맥주와 하이볼도 판매하시더라구요 디저트에 또 맥주 먹으면 맛도리일것... "", ""bloggername"": ""DOOBEE 두여비"", ""bloggerlink"": ""blog.naver.com/doyoebee"", ""postdate"": ""20260526""}"
우베,preset,우베 케이크,022. 정신없이 4월을 살아낸 90년대생 늙크크의 뒤늦은 기록,https://blog.naver.com/nolgomukgo_zip/224297018757,20260526,₊˚⊹ ᰔ 배 터지게 먹음 맛도리 <b>케이크</b>도 먹었어요 커피 + 초코<b>케이크</b> 조합 어케 안사랑하는데..... 아침에는 오빠가 끓여준 미역국에 밥 먹었고요 <b>우베</b>콜드브루 맛도리 팀홀튼 도넛 서걱서걱거리는 설탕 입자... ,말이어멈과 외래집사의 블로그,blog.naver.com/nolgomukgo_zip,naver_blog,우베 케이크,related,0.3,2026-05-26T11:02:57.061617+00:00,0,0,0,0,말이어멈과 외래집사의 블로그,₊˚⊹ ᰔ 배 터지게 먹음 맛도리 <b>케이크</b>도 먹었어요 커피 + 초코<b>케이크</b> 조합 어케 안사랑하는데..... 아침에는 오빠가 끓여준 미역국에 밥 먹었고요 <b>우베</b>콜드브루 맛도리 팀홀튼 도넛 서걱서걱거리는 설탕 입자... ,"{""title"": ""022. 정신없이 4월을 살아낸 90년대생 늙크크의 뒤늦은 기록"", ""link"": ""https://blog.naver.com/nolgomukgo_zip/224297018757"", ""description"": ""₊˚⊹ ᰔ 배 터지게 먹음 맛도리 <b>케이크</b>도 먹었어요 커피 + 초코<b>케이크</b> 조합 어케 안사랑하는데..... 아침에는 오빠가 끓여준 미역국에 밥 먹었고요 <b>우베</b>콜드브루 맛도리 팀홀튼 도넛 서걱서걱거리는 설탕 입자... "", ""bloggername"": ""말이어멈과 외래집사의 블로그"", ""bloggerlink"": ""blog.naver.com/nolgomukgo_zip"", ""postdate"": ""20260526""}"
우베,preset,우베 케이크,"[서울/공릉] 공릉 카페::매버릭스테이(경춘선 숲길, 공리단길 카페)",https://blog.naver.com/hedonnia/224297018380,20260526,"5,800원 <b>우베</b>바닐라라떼 — 6,000원 스테이 바나나헤이즐넛라떼 — 6,000원  Non Coffee 리얼딸기라떼 — 6... 쑥인절미레이어<b>케이크</b> — 7,900원 이탈리아 티라미수 — 6,200원 스플레치즈 — 5,800원 마틸다쇼콜라... ",예쁜 카페 수집가,blog.naver.com/hedonnia,naver_blog,우베 케이크,related,0.3,2026-05-26T11:02:57.061617+00:00,0,0,0,0,예쁜 카페 수집가,"5,800원 <b>우베</b>바닐라라떼 — 6,000원 스테이 바나나헤이즐넛라떼 — 6,000원  Non Coffee 리얼딸기라떼 — 6... 쑥인절미레이어<b>케이크</b> — 7,900원 이탈리아 티라미수 — 6,200원 스플레치즈 — 5,800원 마틸다쇼콜라... ","{""title"": ""[서울/공릉] 공릉 카페::매버릭스테이(경춘선 숲길, 공리단길 카페)"", ""link"": ""https://blog.naver.com/hedonnia/224297018380"", ""description"": ""5,800원 <b>우베</b>바닐라라떼 — 6,000원 스테이 바나나헤이즐넛라떼 — 6,000원  Non Coffee 리얼딸기라떼 — 6... 쑥인절미레이어<b>케이크</b> — 7,900원 이탈리아 티라미수 — 6,200원 스플레치즈 — 5,800원 마틸다쇼콜라... "", ""bloggername"": ""예쁜 카페 수집가"", ""bloggerlink"": ""blog.naver.com/hedonnia"", ""postdate"": ""20260526""}"
우베,preset,우베 케이크,부여 궁남지 카페 추천 분위기 좋은 카페온휴,https://blog.naver.com/so_seewty_hbro/224297008283,20260526,"먹어보자구요 <b>우베</b>는 자색고구마라고 하셔서 구황작물 좋아하시는 분들은 한번 드셔보시면 좋을것 같아요^^ 디저트류엔 크로플과 바스크 치즈<b>케이크</b>, 휘낭시에가 있어 당 떨어질 시간이라 같이... ",호브로와 함께 하고 싶은거 다하는 중,blog.naver.com/so_seewty_hbro,naver_blog,우베 케이크,related,0.3,2026-05-26T11:02:57.061617+00:00,0,0,0,0,호브로와 함께 하고 싶은거 다하는 중,"먹어보자구요 <b>우베</b>는 자색고구마라고 하셔서 구황작물 좋아하시는 분들은 한번 드셔보시면 좋을것 같아요^^ 디저트류엔 크로플과 바스크 치즈<b>케이크</b>, 휘낭시에가 있어 당 떨어질 시간이라 같이... ","{""title"": ""부여 궁남지 카페 추천 분위기 좋은 카페온휴"", ""link"": ""https://blog.naver.com/so_seewty_hbro/224297008283"", ""description"": ""먹어보자구요 <b>우베</b>는 자색고구마라고 하셔서 구황작물 좋아하시는 분들은 한번 드셔보시면 좋을것 같아요^^ 디저트류엔 크로플과 바스크 치즈<b>케이크</b>, 휘낭시에가 있어 당 떨어질 시간이라 같이... "", ""bloggername"": ""호브로와 함께 하고 싶은거 다하는 중"", ""bloggerlink"": ""blog.naver.com/so_seewty_hbro"", ""postdate"": ""20260526""}"
우베,preset,우베 케이크,정자동 맛집 카페 수원 카페 버터떡 정자동 카페 버터떡 카페... ,https://blog.naver.com/sksksk7487/224297004646,20260526,바스크치즈<b>케이크</b> 시나몬롤페스츄리 단팥빵 햄치즈샌드위치 치폴레 치킨 샌드위치 호두파이 호두강정 수제마카롱 등 o(*￣▽￣*)ブ <b>우베</b>가 요즘 유행이라면서요 ~??? 요즘 유행하는 음료 및 디저트는 이곳 카페... ,블롱그❤️,blog.naver.com/sksksk7487,naver_blog,우베 케이크,related,0.3,2026-05-26T11:02:57.061617+00:00,0,0,0,0,블롱그❤️,바스크치즈<b>케이크</b> 시나몬롤페스츄리 단팥빵 햄치즈샌드위치 치폴레 치킨 샌드위치 호두파이 호두강정 수제마카롱 등 o(*￣▽￣*)ブ <b>우베</b>가 요즘 유행이라면서요 ~??? 요즘 유행하는 음료 및 디저트는 이곳 카페... ,"{""title"": ""정자동 맛집 카페 수원 카페 버터떡 정자동 카페 버터떡 카페... "", ""link"": ""https://blog.naver.com/sksksk7487/224297004646"", ""description"": ""바스크치즈<b>케이크</b> 시나몬롤페스츄리 단팥빵 햄치즈샌드위치 치폴레 치킨 샌드위치 호두파이 호두강정 수제마카롱 등 o(*￣▽￣*)ブ <b>우베</b>가 요즘 유행이라면서요 ~??? 요즘 유행하는 음료 및 디저트는 이곳 카페... "", ""bloggername"": ""블롱그❤️"", ""bloggerlink"": ""blog.naver.com/sksksk7487"", ""postdate"": ""20260526""}"
우베,preset,우베 케이크,대전 소제동 카페 에이드와 디저트 맛집 미도리컬러,https://blog.naver.com/fly1911/224296962401,20260526,"신메뉴인지 보라보라한 <b>우베케이크</b>가 눈에 띄었어요. 크림이 예쁜 보라빛이라 궁금했지만 키리쉬케이크를 선택! 한때 이봉구 케익과자점에서 키리쉬 케익에 맛들려서, 한동안 저희가족 생일케익을 담당했었죠... ",일상,blog.naver.com/fly1911,naver_blog,우베 케이크,related,0.3,2026-05-26T11:02:57.061617+00:00,0,0,0,0,일상,"신메뉴인지 보라보라한 <b>우베케이크</b>가 눈에 띄었어요. 크림이 예쁜 보라빛이라 궁금했지만 키리쉬케이크를 선택! 한때 이봉구 케익과자점에서 키리쉬 케익에 맛들려서, 한동안 저희가족 생일케익을 담당했었죠... ","{""title"": ""대전 소제동 카페 에이드와 디저트 맛집 미도리컬러"", ""link"": ""https://blog.naver.com/fly1911/224296962401"", ""description"": ""신메뉴인지 보라보라한 <b>우베케이크</b>가 눈에 띄었어요. 크림이 예쁜 보라빛이라 궁금했지만 키리쉬케이크를 선택! 한때 이봉구 케익과자점에서 키리쉬 케익에 맛들려서, 한동안 저희가족 생일케익을 담당했었죠... "", ""bloggername"": ""일상"", ""bloggerlink"": ""blog.naver.com/fly1911"", ""postdate"": ""20260526""}"
우베,preset,우베 케이크,"[광주] 운암동 신상카페, 유메",https://blog.naver.com/3349935/224296959127,20260526,0 <b>우베</b>치즈<b>케이크</b> <b>우베</b>는 처음 먹어보는데 고구마치즈<b>케이크</b> 같은 느낌 ?! 버터떡 버터떡은 생각보다 기름져서 별로였어요 ..ㅎㅎ 김한우 5월출근표   2일 제외하고는 다 출근하고 한우가 쉬는날엔 대타로... ,mini_,blog.naver.com/3349935,naver_blog,우베 케이크,related,0.3,2026-05-26T11:02:57.061617+00:00,0,0,0,0,mini_,0 <b>우베</b>치즈<b>케이크</b> <b>우베</b>는 처음 먹어보는데 고구마치즈<b>케이크</b> 같은 느낌 ?! 버터떡 버터떡은 생각보다 기름져서 별로였어요 ..ㅎㅎ 김한우 5월출근표   2일 제외하고는 다 출근하고 한우가 쉬는날엔 대타로... ,"{""title"": ""[광주] 운암동 신상카페, 유메"", ""link"": ""https://blog.naver.com/3349935/224296959127"", ""description"": ""0 <b>우베</b>치즈<b>케이크</b> <b>우베</b>는 처음 먹어보는데 고구마치즈<b>케이크</b> 같은 느낌 ?! 버터떡 버터떡은 생각보다 기름져서 별로였어요 ..ㅎㅎ 김한우 5월출근표   2일 제외하고는 다 출근하고 한우가 쉬는날엔 대타로... "", ""bloggername"": ""mini_"", ""bloggerlink"": ""blog.naver.com/3349935"", ""postdate"": ""20260526""}"
우베,preset,우베 케이크,[중구] 을지로 카페 젤라또 <b>케이크</b> 디저트맛집 젤라이크,https://blog.naver.com/wildchild08/224296952115,20260526,대세인 <b>우베</b>맛 까지! 내부 내부가 큰편은 아니지만 그래도 좌석이 꽤 있어요 사물함 있는 쪽에도... ❄️ 적당한 산미로 깔끔하게 마셨어요 젤라이크라는 이름답게 젤라또+<b>케이크</b>로 합쳐진 디저트예요!... ,it is what it is,blog.naver.com/wildchild08,naver_blog,우베 케이크,related,0.3,2026-05-26T11:02:57.061617+00:00,0,0,0,0,it is what it is,대세인 <b>우베</b>맛 까지! 내부 내부가 큰편은 아니지만 그래도 좌석이 꽤 있어요 사물함 있는 쪽에도... ❄️ 적당한 산미로 깔끔하게 마셨어요 젤라이크라는 이름답게 젤라또+<b>케이크</b>로 합쳐진 디저트예요!... ,"{""title"": ""[중구] 을지로 카페 젤라또 <b>케이크</b> 디저트맛집 젤라이크"", ""link"": ""https://blog.naver.com/wildchild08/224296952115"", ""description"": ""대세인 <b>우베</b>맛 까지! 내부 내부가 큰편은 아니지만 그래도 좌석이 꽤 있어요 사물함 있는 쪽에도... ❄️ 적당한 산미로 깔끔하게 마셨어요 젤라이크라는 이름답게 젤라또+<b>케이크</b>로 합쳐진 디저트예요!... "", ""bloggername"": ""it is what it is"", ""bloggerlink"": ""blog.naver.com/wildchild08"", ""postdate"": ""20260526""}"
우베,preset,우베 케이크,"We never learn, we've been here before - 한서진의... ",https://blog.naver.com/seojinh0724/224296943314,20260526,크랩 <b>케이크</b>!(게살 부침개 느낌이었어요!) 점심 먹고 근처로 버스 타고 이동해줬어요. 근데 버스... 떠오르는 <b>우베</b> 코스로도 유명해서 무조건 가고 싶었던 곳!! 갔는데 도넛 포함해서 모든 빵이 아침 9시부터... ,시나브로,blog.naver.com/seojinh0724,naver_blog,우베 케이크,related,0.3,2026-05-26T11:02:57.061617+00:00,0,0,0,0,시나브로,크랩 <b>케이크</b>!(게살 부침개 느낌이었어요!) 점심 먹고 근처로 버스 타고 이동해줬어요. 근데 버스... 떠오르는 <b>우베</b> 코스로도 유명해서 무조건 가고 싶었던 곳!! 갔는데 도넛 포함해서 모든 빵이 아침 9시부터... ,"{""title"": ""We never learn, we've been here before - 한서진의... "", ""link"": ""https://blog.naver.com/seojinh0724/224296943314"", ""description"": ""크랩 <b>케이크</b>!(게살 부침개 느낌이었어요!) 점심 먹고 근처로 버스 타고 이동해줬어요. 근데 버스... 떠오르는 <b>우베</b> 코스로도 유명해서 무조건 가고 싶었던 곳!! 갔는데 도넛 포함해서 모든 빵이 아침 9시부터... "", ""bloggername"": ""시나브로"", ""bloggerlink"": ""blog.naver.com/seojinh0724"", ""postdate"": ""20260526""}"
우베,preset,우베 케이크,애슐리퀸즈 별내점 애슐리골드키위시즌 제대로 즐기고 왔어요.,https://blog.naver.com/jjungsuda/224296935085,20260526,"그리고 요즘 핫한 <b>우베</b> 바스크치즈 <b>케이크</b>도 정말 맛보고 싶었어요. 그리고 애슐리퀸즈에서는 다양한 음료도 즐길 수 있는데요, 이번 시즌에는 제스프리썬골드키위 주스와 <b>우베</b> 음료까지 준비되어 있었어요.... ",쩡이의수다,blog.naver.com/jjungsuda,naver_blog,우베 케이크,related,0.3,2026-05-26T11:02:57.061617+00:00,0,0,0,0,쩡이의수다,"그리고 요즘 핫한 <b>우베</b> 바스크치즈 <b>케이크</b>도 정말 맛보고 싶었어요. 그리고 애슐리퀸즈에서는 다양한 음료도 즐길 수 있는데요, 이번 시즌에는 제스프리썬골드키위 주스와 <b>우베</b> 음료까지 준비되어 있었어요.... ","{""title"": ""애슐리퀸즈 별내점 애슐리골드키위시즌 제대로 즐기고 왔어요."", ""link"": ""https://blog.naver.com/jjungsuda/224296935085"", ""description"": ""그리고 요즘 핫한 <b>우베</b> 바스크치즈 <b>케이크</b>도 정말 맛보고 싶었어요. 그리고 애슐리퀸즈에서는 다양한 음료도 즐길 수 있는데요, 이번 시즌에는 제스프리썬골드키위 주스와 <b>우베</b> 음료까지 준비되어 있었어요.... "", ""bloggername"": ""쩡이의수다"", ""bloggerlink"": ""blog.naver.com/jjungsuda"", ""postdate"": ""20260526""}"
우베,preset,우베 케이크,[부산 광안리 카페]치플레 광안리 (CHEFFLE) : 광안리카페... ,https://blog.naver.com/jg_us/224296927706,20260526,맛있었던 <b>우베</b> 크림 라떼 대망의 치즈<b>케이크</b> 나도 샤넬 맛보는거야 너무 부드럽게 숟가락 들어가고요 자세히 보면 바닐라빈이 콕콕 박혀 있다. 밑에 타르트지도 바삭해서 맛있었는데 무엇보다 치즈의 질감이... ,진지니어스,blog.naver.com/jg_us,naver_blog,우베 케이크,related,0.3,2026-05-26T11:02:57.061617+00:00,0,0,0,0,진지니어스,맛있었던 <b>우베</b> 크림 라떼 대망의 치즈<b>케이크</b> 나도 샤넬 맛보는거야 너무 부드럽게 숟가락 들어가고요 자세히 보면 바닐라빈이 콕콕 박혀 있다. 밑에 타르트지도 바삭해서 맛있었는데 무엇보다 치즈의 질감이... ,"{""title"": ""[부산 광안리 카페]치플레 광안리 (CHEFFLE) : 광안리카페... "", ""link"": ""https://blog.naver.com/jg_us/224296927706"", ""description"": ""맛있었던 <b>우베</b> 크림 라떼 대망의 치즈<b>케이크</b> 나도 샤넬 맛보는거야 너무 부드럽게 숟가락 들어가고요 자세히 보면 바닐라빈이 콕콕 박혀 있다. 밑에 타르트지도 바삭해서 맛있었는데 무엇보다 치즈의 질감이... "", ""bloggername"": ""진지니어스"", ""bloggerlink"": ""blog.naver.com/jg_us"", ""postdate"": ""20260526""}"
우베,preset,우베 케이크,운중동 브런치카페 카페랄로에서 운중저수지뷰와 맛있는... ,https://blog.naver.com/titimaf/224296927308,20260526,다시 가더라도 <b>우베</b>쌀빵은 꼭 먹으려구요! 그만큼 맛있게 먹었답니다~ 와~ 라떼아트를 해주시는지 여쭤보고 주문했는데 먹기가 아까울 정도로 넘 멋진 라떼아트였어요! 생크림 딸기<b>케이크</b>도 딸기가... ,"Pink Lady ""세계여행 하고 싶자나~""",blog.naver.com/titimaf,naver_blog,우베 케이크,related,0.3,2026-05-26T11:02:57.061617+00:00,0,0,0,0,"Pink Lady ""세계여행 하고 싶자나~""",다시 가더라도 <b>우베</b>쌀빵은 꼭 먹으려구요! 그만큼 맛있게 먹었답니다~ 와~ 라떼아트를 해주시는지 여쭤보고 주문했는데 먹기가 아까울 정도로 넘 멋진 라떼아트였어요! 생크림 딸기<b>케이크</b>도 딸기가... ,"{""title"": ""운중동 브런치카페 카페랄로에서 운중저수지뷰와 맛있는... "", ""link"": ""https://blog.naver.com/titimaf/224296927308"", ""description"": ""다시 가더라도 <b>우베</b>쌀빵은 꼭 먹으려구요! 그만큼 맛있게 먹었답니다~ 와~ 라떼아트를 해주시는지 여쭤보고 주문했는데 먹기가 아까울 정도로 넘 멋진 라떼아트였어요! 생크림 딸기<b>케이크</b>도 딸기가... "", ""bloggername"": ""Pink Lady \""세계여행 하고 싶자나~\"""", ""bloggerlink"": ""blog.naver.com/titimaf"", ""postdate"": ""20260526""}"
우베,preset,우베 케이크,강남역카페 강남역꽃집 기념일 꽃다발과 허니넛츠홀<b>케이크</b>... ,https://blog.naver.com/newnewnewnewng/224296926085,20260526,"유행하는 <b>우베</b> 음료도 있었음! 빙수도 팔고 있는데 가격대는 2-3만원대. 특히 밤&amp;팥빙수 22,000원 짜리가 괜찮아 보이고 심지어 생망고빙수도 30,000원! 파운드 <b>케이크</b>부터 다양한 빵 종류와 다양한... ",ESTJ 직장인의 맛집/뷰티 탐구,blog.naver.com/newnewnewnewng,naver_blog,우베 케이크,related,0.3,2026-05-26T11:02:57.061617+00:00,0,0,0,0,ESTJ 직장인의 맛집/뷰티 탐구,"유행하는 <b>우베</b> 음료도 있었음! 빙수도 팔고 있는데 가격대는 2-3만원대. 특히 밤&amp;팥빙수 22,000원 짜리가 괜찮아 보이고 심지어 생망고빙수도 30,000원! 파운드 <b>케이크</b>부터 다양한 빵 종류와 다양한... ","{""title"": ""강남역카페 강남역꽃집 기념일 꽃다발과 허니넛츠홀<b>케이크</b>... "", ""link"": ""https://blog.naver.com/newnewnewnewng/224296926085"", ""description"": ""유행하는 <b>우베</b> 음료도 있었음! 빙수도 팔고 있는데 가격대는 2-3만원대. 특히 밤&amp;팥빙수 22,000원 짜리가 괜찮아 보이고 심지어 생망고빙수도 30,000원! 파운드 <b>케이크</b>부터 다양한 빵 종류와 다양한... "", ""bloggername"": ""ESTJ 직장인의 맛집/뷰티 탐구"", ""bloggerlink"": ""blog.naver.com/newnewnewnewng"", ""postdate"": ""20260526""}"
우베,preset,우베 케이크,강남역 카페 구움과자 잘 하는 어퍼앤언더,https://blog.naver.com/zzuzzubaya/224296920961,20260526,"말차, <b>우베</b>까지 바스크치즈<b>케이크</b> 3종에, 까눌레와 휘낭시에 등 다양한 구움과자들까지! 정말이지 하나같이 다 맛있을 법한 디저트들밖에 없다니까요!!! 특히 까눌레와 휘낭시에가 진짜 맛있었는데요, 각각의... ",행복한라이프,blog.naver.com/zzuzzubaya,naver_blog,우베 케이크,related,0.3,2026-05-26T11:02:57.061617+00:00,0,0,0,0,행복한라이프,"말차, <b>우베</b>까지 바스크치즈<b>케이크</b> 3종에, 까눌레와 휘낭시에 등 다양한 구움과자들까지! 정말이지 하나같이 다 맛있을 법한 디저트들밖에 없다니까요!!! 특히 까눌레와 휘낭시에가 진짜 맛있었는데요, 각각의... ","{""title"": ""강남역 카페 구움과자 잘 하는 어퍼앤언더"", ""link"": ""https://blog.naver.com/zzuzzubaya/224296920961"", ""description"": ""말차, <b>우베</b>까지 바스크치즈<b>케이크</b> 3종에, 까눌레와 휘낭시에 등 다양한 구움과자들까지! 정말이지 하나같이 다 맛있을 법한 디저트들밖에 없다니까요!!! 특히 까눌레와 휘낭시에가 진짜 맛있었는데요, 각각의... "", ""bloggername"": ""행복한라이프"", ""bloggerlink"": ""blog.naver.com/zzuzzubaya"", ""postdate"": ""20260526""}"
우베,preset,우베 케이크,계란 기깔나게 까는 방법 (알려주라,https://blog.naver.com/gang2_gang2/224296913024,20260526,"빽다방 <b>우베</b>아이스크림 비추,, <b>우베</b>시럽이라 달달한데 아이스크림도 달아서 <b>우베</b> 고소한 맛이 1도... 탈바꿈 <b>케이크</b>는 엑설런트 맛 나서 맛있었움 강아지 있으면 좋을 거 같음! (어쩔 수 없이 냄새가 남..)... ",᧔o᧓ 갱로그 ᧔o᧓,blog.naver.com/gang2_gang2,naver_blog,우베 케이크,related,0.3,2026-05-26T11:02:57.061617+00:00,0,0,0,0,᧔o᧓ 갱로그 ᧔o᧓,"빽다방 <b>우베</b>아이스크림 비추,, <b>우베</b>시럽이라 달달한데 아이스크림도 달아서 <b>우베</b> 고소한 맛이 1도... 탈바꿈 <b>케이크</b>는 엑설런트 맛 나서 맛있었움 강아지 있으면 좋을 거 같음! (어쩔 수 없이 냄새가 남..)... ","{""title"": ""계란 기깔나게 까는 방법 (알려주라"", ""link"": ""https://blog.naver.com/gang2_gang2/224296913024"", ""description"": ""빽다방 <b>우베</b>아이스크림 비추,, <b>우베</b>시럽이라 달달한데 아이스크림도 달아서 <b>우베</b> 고소한 맛이 1도... 탈바꿈 <b>케이크</b>는 엑설런트 맛 나서 맛있었움 강아지 있으면 좋을 거 같음! (어쩔 수 없이 냄새가 남..)... "", ""bloggername"": ""᧔o᧓ 갱로그 ᧔o᧓"", ""bloggerlink"": ""blog.naver.com/gang2_gang2"", ""postdate"": ""20260526""}"
우베,preset,우베 케이크,애슐리퀸즈 할인! 제스프리 썬골드키위 페스티벌 시즌 메뉴 분석,https://blog.naver.com/oa2020/224296906311,20260526,골드키위 가든 요거 <b>케이크</b> 전체 모습 보랏빛 색감이 돋보이는 <b>우베</b> 바스크 치즈 <b>케이크</b>와 라떼도 함께 준비되어 있었는데요. 썬골드키위 망고 젤리팝처럼 아이들이 좋아하는 달콤한 메뉴도 많이 있었습니다.... ,여행조오아,blog.naver.com/oa2020,naver_blog,우베 케이크,related,0.3,2026-05-26T11:02:57.061617+00:00,0,0,0,0,여행조오아,골드키위 가든 요거 <b>케이크</b> 전체 모습 보랏빛 색감이 돋보이는 <b>우베</b> 바스크 치즈 <b>케이크</b>와 라떼도 함께 준비되어 있었는데요. 썬골드키위 망고 젤리팝처럼 아이들이 좋아하는 달콤한 메뉴도 많이 있었습니다.... ,"{""title"": ""애슐리퀸즈 할인! 제스프리 썬골드키위 페스티벌 시즌 메뉴 분석"", ""link"": ""https://blog.naver.com/oa2020/224296906311"", ""description"": ""골드키위 가든 요거 <b>케이크</b> 전체 모습 보랏빛 색감이 돋보이는 <b>우베</b> 바스크 치즈 <b>케이크</b>와 라떼도 함께 준비되어 있었는데요. 썬골드키위 망고 젤리팝처럼 아이들이 좋아하는 달콤한 메뉴도 많이 있었습니다.... "", ""bloggername"": ""여행조오아"", ""bloggerlink"": ""blog.naver.com/oa2020"", ""postdate"": ""20260526""}"
우베,preset,우베 케이크,"[창원] <b>우베</b>, 버터떡이 있는 마산 대형 베이커리 카페, 오도막",https://blog.naver.com/nanigonani/224296897743,20260526,"안에 고구마도 꽤나 크게 들어있었고, 색깔도 자색고구마 색깔이라서 이뻤어요 ㅋㅋ 오리지널 vs 고구마 하면 저는 고구마 추천할게용ㅎㅎ <b>우베</b> 바스크치즈<b>케이크</b>를 먹고 싶어서 다른 날에 또 왔어요ㅋㅋ... ",먹고 놀 생각만 하는 고냐니,blog.naver.com/nanigonani,naver_blog,우베 케이크,related,0.3,2026-05-26T11:02:57.061617+00:00,0,0,0,0,먹고 놀 생각만 하는 고냐니,"안에 고구마도 꽤나 크게 들어있었고, 색깔도 자색고구마 색깔이라서 이뻤어요 ㅋㅋ 오리지널 vs 고구마 하면 저는 고구마 추천할게용ㅎㅎ <b>우베</b> 바스크치즈<b>케이크</b>를 먹고 싶어서 다른 날에 또 왔어요ㅋㅋ... ","{""title"": ""[창원] <b>우베</b>, 버터떡이 있는 마산 대형 베이커리 카페, 오도막"", ""link"": ""https://blog.naver.com/nanigonani/224296897743"", ""description"": ""안에 고구마도 꽤나 크게 들어있었고, 색깔도 자색고구마 색깔이라서 이뻤어요 ㅋㅋ 오리지널 vs 고구마 하면 저는 고구마 추천할게용ㅎㅎ <b>우베</b> 바스크치즈<b>케이크</b>를 먹고 싶어서 다른 날에 또 왔어요ㅋㅋ... "", ""bloggername"": ""먹고 놀 생각만 하는 고냐니"", ""bloggerlink"": ""blog.naver.com/nanigonani"", ""postdate"": ""20260526""}"
우베,preset,우베 케이크,"도심 속 쉼터, 피크닉이 가능한 전주 카페 &lt;아도&gt;",https://blog.naver.com/chu_u9_/224296887677,20260526,컵<b>케이크</b>는 시즌마다 조금씩 바뀌니 아도 인스타를 참고하시면 조을 것 같아유 내가 아도를 조아하고 사랑하는 이유 또 하나 아도는 음료도 잘해...!!❤️ 특히 최근 핫했던 <b>우베</b>라떼가 아도에도 있는데 요거... ,൱내힘들다,blog.naver.com/chu_u9_,naver_blog,우베 케이크,related,0.3,2026-05-26T11:02:57.061617+00:00,0,0,0,0,൱내힘들다,컵<b>케이크</b>는 시즌마다 조금씩 바뀌니 아도 인스타를 참고하시면 조을 것 같아유 내가 아도를 조아하고 사랑하는 이유 또 하나 아도는 음료도 잘해...!!❤️ 특히 최근 핫했던 <b>우베</b>라떼가 아도에도 있는데 요거... ,"{""title"": ""도심 속 쉼터, 피크닉이 가능한 전주 카페 &lt;아도&gt;"", ""link"": ""https://blog.naver.com/chu_u9_/224296887677"", ""description"": ""컵<b>케이크</b>는 시즌마다 조금씩 바뀌니 아도 인스타를 참고하시면 조을 것 같아유 내가 아도를 조아하고 사랑하는 이유 또 하나 아도는 음료도 잘해...!!❤️ 특히 최근 핫했던 <b>우베</b>라떼가 아도에도 있는데 요거... "", ""bloggername"": ""൱내힘들다"", ""bloggerlink"": ""blog.naver.com/chu_u9_"", ""postdate"": ""20260526""}"
우베,preset,우베 케이크,여름 신메뉴 컵빙수 맛집 비교 디저트39 메가커피 컴포즈 솔직... ,https://blog.naver.com/collier13/224296886630,20260526,"신메뉴 <b>우베</b> 컵빙수 양즈깐루 컵빙수를 주문했어요! 그리고 달콤한 초코 <b>케이크</b>도 하나 골라봤어요 4. 디저트39 여름 신메뉴 양즈깐루 컵빙수, <b>우베</b> 컵빙수 이날 인기가 많아서 그런지 주문하고 조금의... ",브로컬리의세상,blog.naver.com/collier13,naver_blog,우베 케이크,related,0.3,2026-05-26T11:02:57.061617+00:00,0,0,0,0,브로컬리의세상,"신메뉴 <b>우베</b> 컵빙수 양즈깐루 컵빙수를 주문했어요! 그리고 달콤한 초코 <b>케이크</b>도 하나 골라봤어요 4. 디저트39 여름 신메뉴 양즈깐루 컵빙수, <b>우베</b> 컵빙수 이날 인기가 많아서 그런지 주문하고 조금의... ","{""title"": ""여름 신메뉴 컵빙수 맛집 비교 디저트39 메가커피 컴포즈 솔직... "", ""link"": ""https://blog.naver.com/collier13/224296886630"", ""description"": ""신메뉴 <b>우베</b> 컵빙수 양즈깐루 컵빙수를 주문했어요! 그리고 달콤한 초코 <b>케이크</b>도 하나 골라봤어요 4. 디저트39 여름 신메뉴 양즈깐루 컵빙수, <b>우베</b> 컵빙수 이날 인기가 많아서 그런지 주문하고 조금의... "", ""bloggername"": ""브로컬리의세상"", ""bloggerlink"": ""blog.naver.com/collier13"", ""postdate"": ""20260526""}"
우베,preset,우베 케이크,애슐리퀸즈골드키위시즌 맛난음식에 키위까지 배터지게 먹고... ,https://blog.naver.com/yhj88/224296879884,20260526,키위만 봐도 맛있어보이는데 요거트 <b>케이크</b>에 파이에 로띠까지!! 다양하게 즐기실 수 있어서 키위... 게다가 아이스크림도 <b>우베</b>라떼까지 제대로 마무리 했습니다. 이렇게 애슐리퀸즈 시화청담스퀘어점에... ,플라스틱걸+,blog.naver.com/yhj88,naver_blog,우베 케이크,related,0.3,2026-05-26T11:02:57.061617+00:00,0,0,0,0,플라스틱걸+,키위만 봐도 맛있어보이는데 요거트 <b>케이크</b>에 파이에 로띠까지!! 다양하게 즐기실 수 있어서 키위... 게다가 아이스크림도 <b>우베</b>라떼까지 제대로 마무리 했습니다. 이렇게 애슐리퀸즈 시화청담스퀘어점에... ,"{""title"": ""애슐리퀸즈골드키위시즌 맛난음식에 키위까지 배터지게 먹고... "", ""link"": ""https://blog.naver.com/yhj88/224296879884"", ""description"": ""키위만 봐도 맛있어보이는데 요거트 <b>케이크</b>에 파이에 로띠까지!! 다양하게 즐기실 수 있어서 키위... 게다가 아이스크림도 <b>우베</b>라떼까지 제대로 마무리 했습니다. 이렇게 애슐리퀸즈 시화청담스퀘어점에... "", ""bloggername"": ""플라스틱걸+"", ""bloggerlink"": ""blog.naver.com/yhj88"", ""postdate"": ""20260526""}"
우베,preset,우베 케이크,고기리 카페 로이사 뷰 좋은 애견동반 고기리 대형카페,https://blog.naver.com/yeeunki224/224296874900,20260526,"있고 <b>케이크</b>는 말차초코, 무화과 얼그레이, 갸또 쇼콜라 세종류가 준비되어 있었당 <b>케이크</b>가 넘... 나는 요즘 <b>우베</b>가 궁금했어서 <b>우베</b>라떼랑 딸기라떼를 주문했당  주문한 메뉴를 가지고 야외 좌석에 촥석.... ",yeniland,blog.naver.com/yeeunki224,naver_blog,우베 케이크,related,0.3,2026-05-26T11:02:57.061617+00:00,0,0,0,0,yeniland,"있고 <b>케이크</b>는 말차초코, 무화과 얼그레이, 갸또 쇼콜라 세종류가 준비되어 있었당 <b>케이크</b>가 넘... 나는 요즘 <b>우베</b>가 궁금했어서 <b>우베</b>라떼랑 딸기라떼를 주문했당  주문한 메뉴를 가지고 야외 좌석에 촥석.... ","{""title"": ""고기리 카페 로이사 뷰 좋은 애견동반 고기리 대형카페"", ""link"": ""https://blog.naver.com/yeeunki224/224296874900"", ""description"": ""있고 <b>케이크</b>는 말차초코, 무화과 얼그레이, 갸또 쇼콜라 세종류가 준비되어 있었당 <b>케이크</b>가 넘... 나는 요즘 <b>우베</b>가 궁금했어서 <b>우베</b>라떼랑 딸기라떼를 주문했당  주문한 메뉴를 가지고 야외 좌석에 촥석.... "", ""bloggername"": ""yeniland"", ""bloggerlink"": ""blog.naver.com/yeeunki224"", ""postdate"": ""20260526""}"
우베,preset,우베 케이크,애슐리골드키위시즌 수원 애슐리퀸즈 NC 수원터미널점,https://blog.naver.com/wlstlf1056/224296874382,20260526,말차<b>케이크</b>까지 달달한 초코바게뜨 위에 썬골드키위가 올라가 있는 썬골드키위 초콜릿크램바게트와... ㅎㅎ 요즘 유행하는 <b>우베</b>라떼와 즐기기도 좋고 썬골드키위 음료와 함께 마셔도 굿굿!ㅎㅎ 이번... ,HELLO ^-^거위녀의블로그,blog.naver.com/wlstlf1056,naver_blog,우베 케이크,related,0.3,2026-05-26T11:02:57.061617+00:00,0,0,0,0,HELLO ^-^거위녀의블로그,말차<b>케이크</b>까지 달달한 초코바게뜨 위에 썬골드키위가 올라가 있는 썬골드키위 초콜릿크램바게트와... ㅎㅎ 요즘 유행하는 <b>우베</b>라떼와 즐기기도 좋고 썬골드키위 음료와 함께 마셔도 굿굿!ㅎㅎ 이번... ,"{""title"": ""애슐리골드키위시즌 수원 애슐리퀸즈 NC 수원터미널점"", ""link"": ""https://blog.naver.com/wlstlf1056/224296874382"", ""description"": ""말차<b>케이크</b>까지 달달한 초코바게뜨 위에 썬골드키위가 올라가 있는 썬골드키위 초콜릿크램바게트와... ㅎㅎ 요즘 유행하는 <b>우베</b>라떼와 즐기기도 좋고 썬골드키위 음료와 함께 마셔도 굿굿!ㅎㅎ 이번... "", ""bloggername"": ""HELLO ^-^거위녀의블로그"", ""bloggerlink"": ""blog.naver.com/wlstlf1056"", ""postdate"": ""20260526""}"
우베,preset,우베 케이크,광주 운암동 카페 추천 무화과로스터스 늦게까지하는 디저트맛집,https://blog.naver.com/sksakffk/224296873168,20260526,"보니까 <b>우베</b>도 생겼더라고요 ⁉️ 물론 저는 구황작물류 별로 안 좋아해서 쳐다도 안 봤지만 요즘... 파운드 <b>케이크</b> 위에 사과 조림이 토핑처럼 올라가 있더라고요  근데 처음 비주얼 보고도 느끼고, 먹으면서도... ",먹기 위해 사는 헬짱,blog.naver.com/sksakffk,naver_blog,우베 케이크,related,0.3,2026-05-26T11:02:57.061617+00:00,0,0,0,0,먹기 위해 사는 헬짱,"보니까 <b>우베</b>도 생겼더라고요 ⁉️ 물론 저는 구황작물류 별로 안 좋아해서 쳐다도 안 봤지만 요즘... 파운드 <b>케이크</b> 위에 사과 조림이 토핑처럼 올라가 있더라고요  근데 처음 비주얼 보고도 느끼고, 먹으면서도... ","{""title"": ""광주 운암동 카페 추천 무화과로스터스 늦게까지하는 디저트맛집"", ""link"": ""https://blog.naver.com/sksakffk/224296873168"", ""description"": ""보니까 <b>우베</b>도 생겼더라고요 ⁉️ 물론 저는 구황작물류 별로 안 좋아해서 쳐다도 안 봤지만 요즘... 파운드 <b>케이크</b> 위에 사과 조림이 토핑처럼 올라가 있더라고요  근데 처음 비주얼 보고도 느끼고, 먹으면서도... "", ""bloggername"": ""먹기 위해 사는 헬짱"", ""bloggerlink"": ""blog.naver.com/sksakffk"", ""postdate"": ""20260526""}"
우베,preset,우베 케이크,GS 편의점 신상 디저트 리뷰,https://blog.naver.com/bethoumyvision91/224296866116,20260526,보라색 비주얼 때문에 SNS에서도 많이 보이길래 저도 궁금해서 편의점에서 하나 집어와봤어요  바로 박스<b>케이크</b> <b>우베</b>(Boxcake Ube) 입니다. 제품 정보 * 제품명 : 박스<b>케이크</b> <b>우베</b> * 가격 : (직접 구매한 가격 입력... ,watch and heal,blog.naver.com/bethoumyvision91,naver_blog,우베 케이크,related,0.3,2026-05-26T11:02:57.061617+00:00,0,0,0,0,watch and heal,보라색 비주얼 때문에 SNS에서도 많이 보이길래 저도 궁금해서 편의점에서 하나 집어와봤어요  바로 박스<b>케이크</b> <b>우베</b>(Boxcake Ube) 입니다. 제품 정보 * 제품명 : 박스<b>케이크</b> <b>우베</b> * 가격 : (직접 구매한 가격 입력... ,"{""title"": ""GS 편의점 신상 디저트 리뷰"", ""link"": ""https://blog.naver.com/bethoumyvision91/224296866116"", ""description"": ""보라색 비주얼 때문에 SNS에서도 많이 보이길래 저도 궁금해서 편의점에서 하나 집어와봤어요  바로 박스<b>케이크</b> <b>우베</b>(Boxcake Ube) 입니다. 제품 정보 * 제품명 : 박스<b>케이크</b> <b>우베</b> * 가격 : (직접 구매한 가격 입력... "", ""bloggername"": ""watch and heal"", ""bloggerlink"": ""blog.naver.com/bethoumyvision91"", ""postdate"": ""20260526""}"
우베,preset,우베 케이크,문래 카페 '아이스버그라운지'  여긴 정말 추천...♥ 문래를... ,https://blog.naver.com/luv_kkun/224296859117,20260526,무엇을 시켜도 맛있으리라 생각하지만 <b>우베</b>가 유행을 하고 있으니 <b>우베</b>치즈<b>케이크</b>를 추천한다.  에이드류 다이어트나 건강을 생각하는 분들은 에이드류를 추천한다. 모두 99칼로리 이하라고! 세자리 안 넘는... ,이성 블로그,blog.naver.com/luv_kkun,naver_blog,우베 케이크,related,0.3,2026-05-26T11:02:57.061617+00:00,0,0,0,0,이성 블로그,무엇을 시켜도 맛있으리라 생각하지만 <b>우베</b>가 유행을 하고 있으니 <b>우베</b>치즈<b>케이크</b>를 추천한다.  에이드류 다이어트나 건강을 생각하는 분들은 에이드류를 추천한다. 모두 99칼로리 이하라고! 세자리 안 넘는... ,"{""title"": ""문래 카페 '아이스버그라운지'  여긴 정말 추천...♥ 문래를... "", ""link"": ""https://blog.naver.com/luv_kkun/224296859117"", ""description"": ""무엇을 시켜도 맛있으리라 생각하지만 <b>우베</b>가 유행을 하고 있으니 <b>우베</b>치즈<b>케이크</b>를 추천한다.  에이드류 다이어트나 건강을 생각하는 분들은 에이드류를 추천한다. 모두 99칼로리 이하라고! 세자리 안 넘는... "", ""bloggername"": ""이성 블로그"", ""bloggerlink"": ""blog.naver.com/luv_kkun"", ""postdate"": ""20260526""}"
우베,preset,우베 케이크,"얼레벌레 4월 시작, 그리고 끝",https://blog.naver.com/ljisu9812/224296855538,20260526,그리고 <b>우베</b>라떼를 먹었는데 생각 이상으로 맛있어서 만족! 달콤 고소함이 봄에 어울리는 맛이다! 케쿠도 먹었어요. 꾸덕 말차  <b>케이크</b> + 상큼 딸기 크림  이날은 오빠랑 오랜만에 외식 겸 스테쿠 근데 전에... ,Everything will be alright ✧☆ ٩(`･ω･´),blog.naver.com/ljisu9812,naver_blog,우베 케이크,related,0.3,2026-05-26T11:02:57.061617+00:00,0,0,0,0,Everything will be alright ✧☆ ٩(`･ω･´),그리고 <b>우베</b>라떼를 먹었는데 생각 이상으로 맛있어서 만족! 달콤 고소함이 봄에 어울리는 맛이다! 케쿠도 먹었어요. 꾸덕 말차  <b>케이크</b> + 상큼 딸기 크림  이날은 오빠랑 오랜만에 외식 겸 스테쿠 근데 전에... ,"{""title"": ""얼레벌레 4월 시작, 그리고 끝"", ""link"": ""https://blog.naver.com/ljisu9812/224296855538"", ""description"": ""그리고 <b>우베</b>라떼를 먹었는데 생각 이상으로 맛있어서 만족! 달콤 고소함이 봄에 어울리는 맛이다! 케쿠도 먹었어요. 꾸덕 말차  <b>케이크</b> + 상큼 딸기 크림  이날은 오빠랑 오랜만에 외식 겸 스테쿠 근데 전에... "", ""bloggername"": ""Everything will be alright ✧☆ ٩(`･ω･´)"", ""bloggerlink"": ""blog.naver.com/ljisu9812"", ""postdate"": ""20260526""}"
우베,preset,우베 케이크,1/2냉둥,https://blog.naver.com/candyhanseo/224296851985,20260526,#마호가니 가서 단호박인절미 <b>케이크</b> 같은 것도 먹어보았는데요 매우 훌륭 .. 스바라시 의심하며... 상태라 <b>우베</b>라떼 먹어주었읍니다 어떤데 나 좀 영크크? #인바이트 오잉 이래저래 또 한 포스팅이 끝이 났네요... ,서서서,blog.naver.com/candyhanseo,naver_blog,우베 케이크,related,0.3,2026-05-26T11:02:57.061617+00:00,0,0,0,0,서서서,#마호가니 가서 단호박인절미 <b>케이크</b> 같은 것도 먹어보았는데요 매우 훌륭 .. 스바라시 의심하며... 상태라 <b>우베</b>라떼 먹어주었읍니다 어떤데 나 좀 영크크? #인바이트 오잉 이래저래 또 한 포스팅이 끝이 났네요... ,"{""title"": ""1/2냉둥"", ""link"": ""https://blog.naver.com/candyhanseo/224296851985"", ""description"": ""#마호가니 가서 단호박인절미 <b>케이크</b> 같은 것도 먹어보았는데요 매우 훌륭 .. 스바라시 의심하며... 상태라 <b>우베</b>라떼 먹어주었읍니다 어떤데 나 좀 영크크? #인바이트 오잉 이래저래 또 한 포스팅이 끝이 났네요... "", ""bloggername"": ""서서서"", ""bloggerlink"": ""blog.naver.com/candyhanseo"", ""postdate"": ""20260526""}"
우베,preset,우베 케이크,[곰신생활]투썸디저트와 함께한 면회 후기,https://blog.naver.com/ruby_0810/224291315719,20260526,"근데, 투썸에서 핑구랑 콜라보 한 <b>케이크</b>, 굿즈들 많이 나오잖아요? 그리고 <b>우베</b>도 유행하는 디저트였고 그 둘을 충족시킬 수 있는 투썸플레이스에서 면회 디저트들을 준비 했어요. 첫차를 타고 터미널로 가서... ",ruby의 블로그☆,blog.naver.com/ruby_0810,naver_blog,우베 케이크,related,0.3,2026-05-26T11:02:57.061617+00:00,0,0,0,0,ruby의 블로그☆,"근데, 투썸에서 핑구랑 콜라보 한 <b>케이크</b>, 굿즈들 많이 나오잖아요? 그리고 <b>우베</b>도 유행하는 디저트였고 그 둘을 충족시킬 수 있는 투썸플레이스에서 면회 디저트들을 준비 했어요. 첫차를 타고 터미널로 가서... ","{""title"": ""[곰신생활]투썸디저트와 함께한 면회 후기"", ""link"": ""https://blog.naver.com/ruby_0810/224291315719"", ""description"": ""근데, 투썸에서 핑구랑 콜라보 한 <b>케이크</b>, 굿즈들 많이 나오잖아요? 그리고 <b>우베</b>도 유행하는 디저트였고 그 둘을 충족시킬 수 있는 투썸플레이스에서 면회 디저트들을 준비 했어요. 첫차를 타고 터미널로 가서... "", ""bloggername"": ""ruby의 블로그☆"", ""bloggerlink"": ""blog.naver.com/ruby_0810"", ""postdate"": ""20260526""}"
우베,preset,우베 케이크,여의도IFC몰카페 노티드 도넛 맛집 신상 <b>우베</b>,https://blog.naver.com/sayyo07/224296843001,20260526,"노티드 메뉴를 소개하면 <b>우베</b> 밀키크림 도넛 4,200원 <b>우베</b> 두바이 퍼플 도넛 5,800원 <b>우베</b> 라떼 4,700원 <b>우베</b> 카페라떼 5,200원 크림 <b>우베</b> 라떼 5,500원 옐로우 스마일 <b>케이크</b> 22,000원 생딸기 생크림 37,000원... ",아이 둘 키우는 부모의 여행·맛집·돈 이야기,blog.naver.com/sayyo07,naver_blog,우베 케이크,related,0.3,2026-05-26T11:02:57.061617+00:00,0,0,0,0,아이 둘 키우는 부모의 여행·맛집·돈 이야기,"노티드 메뉴를 소개하면 <b>우베</b> 밀키크림 도넛 4,200원 <b>우베</b> 두바이 퍼플 도넛 5,800원 <b>우베</b> 라떼 4,700원 <b>우베</b> 카페라떼 5,200원 크림 <b>우베</b> 라떼 5,500원 옐로우 스마일 <b>케이크</b> 22,000원 생딸기 생크림 37,000원... ","{""title"": ""여의도IFC몰카페 노티드 도넛 맛집 신상 <b>우베</b>"", ""link"": ""https://blog.naver.com/sayyo07/224296843001"", ""description"": ""노티드 메뉴를 소개하면 <b>우베</b> 밀키크림 도넛 4,200원 <b>우베</b> 두바이 퍼플 도넛 5,800원 <b>우베</b> 라떼 4,700원 <b>우베</b> 카페라떼 5,200원 크림 <b>우베</b> 라떼 5,500원 옐로우 스마일 <b>케이크</b> 22,000원 생딸기 생크림 37,000원... "", ""bloggername"": ""아이 둘 키우는 부모의 여행·맛집·돈 이야기"", ""bloggerlink"": ""blog.naver.com/sayyo07"", ""postdate"": ""20260526""}"
우베,preset,우베 케이크,예전에 쓴일기보니까 또 잼있다,https://blog.naver.com/hyun_g777/224296840562,20260526,그리고 그 바로앞에 한모정이라고 젤라또를 팔드라고 이제 <b>우베</b>맛먹었는데 별루였다 단쉐맛 ㅠ 다른맛... 무스<b>케이크</b>는 그르케 좋아하는거같지안어 투썸 아이스박스 제외 빵이 있어야함 근데... ,솔솔말린 솔방울,blog.naver.com/hyun_g777,naver_blog,우베 케이크,related,0.3,2026-05-26T11:02:57.061617+00:00,0,0,0,0,솔솔말린 솔방울,그리고 그 바로앞에 한모정이라고 젤라또를 팔드라고 이제 <b>우베</b>맛먹었는데 별루였다 단쉐맛 ㅠ 다른맛... 무스<b>케이크</b>는 그르케 좋아하는거같지안어 투썸 아이스박스 제외 빵이 있어야함 근데... ,"{""title"": ""예전에 쓴일기보니까 또 잼있다"", ""link"": ""https://blog.naver.com/hyun_g777/224296840562"", ""description"": ""그리고 그 바로앞에 한모정이라고 젤라또를 팔드라고 이제 <b>우베</b>맛먹었는데 별루였다 단쉐맛 ㅠ 다른맛... 무스<b>케이크</b>는 그르케 좋아하는거같지안어 투썸 아이스박스 제외 빵이 있어야함 근데... "", ""bloggername"": ""솔솔말린 솔방울"", ""bloggerlink"": ""blog.naver.com/hyun_g777"", ""postdate"": ""20260526""}"
우베,preset,우베 케이크,비타민c 폭발 애슐리골드키위시즌 드디어 시작 전주... ,https://blog.naver.com/jihae8907/224296838902,20260526,"Y 메밀순 보울 비빔밥 후르츠 마요 샐러드, 제스프리 썬골드키위, 트로피칼 망고 샐러드 태국식 파인애플 암운센 샐러드, 리얼 망고 <b>우베</b> 바스크 치크 <b>케이크</b>, 썬골드키위 크런치 바삭달콤한 로띠위에 상큼한... ","지지맘의 오늘, 하루",blog.naver.com/jihae8907,naver_blog,우베 케이크,related,0.3,2026-05-26T11:02:57.061617+00:00,0,0,0,0,"지지맘의 오늘, 하루","Y 메밀순 보울 비빔밥 후르츠 마요 샐러드, 제스프리 썬골드키위, 트로피칼 망고 샐러드 태국식 파인애플 암운센 샐러드, 리얼 망고 <b>우베</b> 바스크 치크 <b>케이크</b>, 썬골드키위 크런치 바삭달콤한 로띠위에 상큼한... ","{""title"": ""비타민c 폭발 애슐리골드키위시즌 드디어 시작 전주... "", ""link"": ""https://blog.naver.com/jihae8907/224296838902"", ""description"": ""Y 메밀순 보울 비빔밥 후르츠 마요 샐러드, 제스프리 썬골드키위, 트로피칼 망고 샐러드 태국식 파인애플 암운센 샐러드, 리얼 망고 <b>우베</b> 바스크 치크 <b>케이크</b>, 썬골드키위 크런치 바삭달콤한 로띠위에 상큼한... "", ""bloggername"": ""지지맘의 오늘, 하루"", ""bloggerlink"": ""blog.naver.com/jihae8907"", ""postdate"": ""20260526""}"
우베,preset,우베 케이크,<b>우베</b> 맛 <b>우베</b> 뜻 | <b>우베</b>라떼 타로 차이점이 뭐에요?,https://blog.naver.com/ballonballer/224296835559,20260526,"<b>우베 케이크</b> 우베 아이스크림 우베 라떼 우베 빙수 이런 식으로요. 처음 먹으면 “고구마 맛?”... 타로라떼는 약간 미숫가루나 곡물 느낌이 있고, 우베는 달달한 케이크 크림 느낌에 가까웠거든요. 우베... ",❤️알뜰살뜰 뚜뚱이네❤️,blog.naver.com/ballonballer,naver_blog,우베 케이크,related,0.3,2026-05-26T11:02:57.061617+00:00,0,0,0,0,❤️알뜰살뜰 뚜뚱이네❤️,"<b>우베 케이크</b> 우베 아이스크림 우베 라떼 우베 빙수 이런 식으로요. 처음 먹으면 “고구마 맛?”... 타로라떼는 약간 미숫가루나 곡물 느낌이 있고, 우베는 달달한 케이크 크림 느낌에 가까웠거든요. 우베... ","{""title"": ""<b>우베</b> 맛 <b>우베</b> 뜻 | <b>우베</b>라떼 타로 차이점이 뭐에요?"", ""link"": ""https://blog.naver.com/ballonballer/224296835559"", ""description"": ""<b>우베 케이크</b> 우베 아이스크림 우베 라떼 우베 빙수 이런 식으로요. 처음 먹으면 “고구마 맛?”... 타로라떼는 약간 미숫가루나 곡물 느낌이 있고, 우베는 달달한 케이크 크림 느낌에 가까웠거든요. 우베... "", ""bloggername"": ""❤️알뜰살뜰 뚜뚱이네❤️"", ""bloggerlink"": ""blog.naver.com/ballonballer"", ""postdate"": ""20260526""}"
우베,preset,우베 케이크,분당 서현역 대형 카페 슬로웨이 커피 <b>케이크</b> 샌드위치 맛집 추천,https://blog.naver.com/remake_travel/224296829668,20260526,"아포가토, <b>우베</b> 코코넛라떼, 로얄 밀크티, 말차라떼, 얼그레이 초코라떼가 있어요 &lt;샌드위치 메뉴... 체리블라썸 <b>케이크</b> 8500 수플레 치즈<b>케이크</b> 7500원 당근 생크림<b>케이크</b> 7800원 얼그레이 갸또 쇼콜라 8000원... ",나리움(na_reum)의 브이로그 제작소,blog.naver.com/remake_travel,naver_blog,우베 케이크,related,0.3,2026-05-26T11:02:57.061617+00:00,0,0,0,0,나리움(na_reum)의 브이로그 제작소,"아포가토, <b>우베</b> 코코넛라떼, 로얄 밀크티, 말차라떼, 얼그레이 초코라떼가 있어요 &lt;샌드위치 메뉴... 체리블라썸 <b>케이크</b> 8500 수플레 치즈<b>케이크</b> 7500원 당근 생크림<b>케이크</b> 7800원 얼그레이 갸또 쇼콜라 8000원... ","{""title"": ""분당 서현역 대형 카페 슬로웨이 커피 <b>케이크</b> 샌드위치 맛집 추천"", ""link"": ""https://blog.naver.com/remake_travel/224296829668"", ""description"": ""아포가토, <b>우베</b> 코코넛라떼, 로얄 밀크티, 말차라떼, 얼그레이 초코라떼가 있어요 &lt;샌드위치 메뉴... 체리블라썸 <b>케이크</b> 8500 수플레 치즈<b>케이크</b> 7500원 당근 생크림<b>케이크</b> 7800원 얼그레이 갸또 쇼콜라 8000원... "", ""bloggername"": ""나리움(na_reum)의 브이로그 제작소"", ""bloggerlink"": ""blog.naver.com/remake_travel"", ""postdate"": ""20260526""}"
우베,preset,우베 케이크,애슐리골드키위시즌 구월동 애슐리퀸즈 뉴코아 인천점 방문 후기,https://blog.naver.com/geniussuran1/224296828968,20260526,<b>우베</b> 바스크 치즈 <b>케이크</b>도 색달라 보였고요. 홈메이드 쇼콜라도 있더라고요. 그렇게 썬골드키위 한상차림 제대로. 비주얼들이 하나같이 아기자기. 아이스크림도 빼먹을 수 없죠. 저는 DIY 키위 셔벗을 만들어서... ,여울이랑,blog.naver.com/geniussuran1,naver_blog,우베 케이크,related,0.3,2026-05-26T11:02:57.061617+00:00,0,0,0,0,여울이랑,<b>우베</b> 바스크 치즈 <b>케이크</b>도 색달라 보였고요. 홈메이드 쇼콜라도 있더라고요. 그렇게 썬골드키위 한상차림 제대로. 비주얼들이 하나같이 아기자기. 아이스크림도 빼먹을 수 없죠. 저는 DIY 키위 셔벗을 만들어서... ,"{""title"": ""애슐리골드키위시즌 구월동 애슐리퀸즈 뉴코아 인천점 방문 후기"", ""link"": ""https://blog.naver.com/geniussuran1/224296828968"", ""description"": ""<b>우베</b> 바스크 치즈 <b>케이크</b>도 색달라 보였고요. 홈메이드 쇼콜라도 있더라고요. 그렇게 썬골드키위 한상차림 제대로. 비주얼들이 하나같이 아기자기. 아이스크림도 빼먹을 수 없죠. 저는 DIY 키위 셔벗을 만들어서... "", ""bloggername"": ""여울이랑"", ""bloggerlink"": ""blog.naver.com/geniussuran1"", ""postdate"": ""20260526""}"
우베,preset,우베 케이크,시간없는사람이 제일잘놈,https://blog.naver.com/l960422/224296818369,20260526,묭실 원장님 수아님께 추천받은 <b>우베</b>라떼맛집으로 갔는데 사람욘나리 많더라구욤 난사실 <b>우베</b>라떼가... 가능충<b>케이크</b>까지 ................. ㅋㅋ ㅋㅋㅋ... ,(◍•ᴗ•◍),blog.naver.com/l960422,naver_blog,우베 케이크,related,0.3,2026-05-26T11:02:57.061617+00:00,0,0,0,0,(◍•ᴗ•◍),묭실 원장님 수아님께 추천받은 <b>우베</b>라떼맛집으로 갔는데 사람욘나리 많더라구욤 난사실 <b>우베</b>라떼가... 가능충<b>케이크</b>까지 ................. ㅋㅋ ㅋㅋㅋ... ,"{""title"": ""시간없는사람이 제일잘놈"", ""link"": ""https://blog.naver.com/l960422/224296818369"", ""description"": ""묭실 원장님 수아님께 추천받은 <b>우베</b>라떼맛집으로 갔는데 사람욘나리 많더라구욤 난사실 <b>우베</b>라떼가... 가능충<b>케이크</b>까지 ................. ㅋㅋ ㅋㅋㅋ... "", ""bloggername"": ""(◍•ᴗ•◍)"", ""bloggerlink"": ""blog.naver.com/l960422"", ""postdate"": ""20260526""}"
우베,preset,우베 케이크,대구 이월드 폭죽 사진법. 팁. 투썸플레이스.,https://blog.naver.com/chesterlhy/224296817047,20260526,7 <b>우베</b> (UBE) 투썸 <b>우베</b> 라떼 : 레귤러 5.7 / 라지 6.3 <b>우베</b> 카페 라떼 : 레귤러 6.5 / 라지 7.1 <b>우베</b>... 투썸 하면 <b>케이크</b>가 맛있죠. 뉴욕 치즈가 꾸덕하니. 맛이 진해서 좋아요. 레귤러랑 라지는 컵으로 보면... ,합격률90%10년차 기계설계자격증 및 실무 과외,blog.naver.com/chesterlhy,naver_blog,우베 케이크,related,0.3,2026-05-26T11:02:57.061617+00:00,0,0,0,0,합격률90%10년차 기계설계자격증 및 실무 과외,7 <b>우베</b> (UBE) 투썸 <b>우베</b> 라떼 : 레귤러 5.7 / 라지 6.3 <b>우베</b> 카페 라떼 : 레귤러 6.5 / 라지 7.1 <b>우베</b>... 투썸 하면 <b>케이크</b>가 맛있죠. 뉴욕 치즈가 꾸덕하니. 맛이 진해서 좋아요. 레귤러랑 라지는 컵으로 보면... ,"{""title"": ""대구 이월드 폭죽 사진법. 팁. 투썸플레이스."", ""link"": ""https://blog.naver.com/chesterlhy/224296817047"", ""description"": ""7 <b>우베</b> (UBE) 투썸 <b>우베</b> 라떼 : 레귤러 5.7 / 라지 6.3 <b>우베</b> 카페 라떼 : 레귤러 6.5 / 라지 7.1 <b>우베</b>... 투썸 하면 <b>케이크</b>가 맛있죠. 뉴욕 치즈가 꾸덕하니. 맛이 진해서 좋아요. 레귤러랑 라지는 컵으로 보면... "", ""bloggername"": ""합격률90%10년차 기계설계자격증 및 실무 과외"", ""bloggerlink"": ""blog.naver.com/chesterlhy"", ""postdate"": ""20260526""}"
우베,preset,우베 케이크,5월 3-4주,https://blog.naver.com/eoqkr247/224296809229,20260526,그리고 집가는길에 디저트39에서 요거트스무디랑 <b>우베</b>크로칸슈 사먹기 ㅎㅎ <b>우베</b>크로칸슈 맛있었다!... 내가 <b>케이크</b>랑 꽃다발을 주문해놔서 그걸 픽업 후에 슬구한테 전달해줘야했당 그리고 나는 이날의... ,글쓰기 재주 업ㅎ는 사람의 글쓰기 블로그,blog.naver.com/eoqkr247,naver_blog,우베 케이크,related,0.3,2026-05-26T11:02:57.061617+00:00,0,0,0,0,글쓰기 재주 업ㅎ는 사람의 글쓰기 블로그,그리고 집가는길에 디저트39에서 요거트스무디랑 <b>우베</b>크로칸슈 사먹기 ㅎㅎ <b>우베</b>크로칸슈 맛있었다!... 내가 <b>케이크</b>랑 꽃다발을 주문해놔서 그걸 픽업 후에 슬구한테 전달해줘야했당 그리고 나는 이날의... ,"{""title"": ""5월 3-4주"", ""link"": ""https://blog.naver.com/eoqkr247/224296809229"", ""description"": ""그리고 집가는길에 디저트39에서 요거트스무디랑 <b>우베</b>크로칸슈 사먹기 ㅎㅎ <b>우베</b>크로칸슈 맛있었다!... 내가 <b>케이크</b>랑 꽃다발을 주문해놔서 그걸 픽업 후에 슬구한테 전달해줘야했당 그리고 나는 이날의... "", ""bloggername"": ""글쓰기 재주 업ㅎ는 사람의 글쓰기 블로그"", ""bloggerlink"": ""blog.naver.com/eoqkr247"", ""postdate"": ""20260526""}"
우베,preset,우베 케이크,4월 일기,https://blog.naver.com/pigmap/224296805306,20260526,"요즘 핫한 재료라는 <b>우베</b> 그럼 시켜봐야지. <b>우베</b> 젤라또랑 패션후르츠 젤라또 주세요. 그냥 가긴... 다 맛있지만, 요번에 신박했던건 저 치즈<b>케이크</b>. 치즈<b>케이크</b> 위에 바닐라빈 크림이랑 핑크페퍼도 올라가있고... ",대뚱여지도,blog.naver.com/pigmap,naver_blog,우베 케이크,related,0.3,2026-05-26T11:02:57.061617+00:00,0,0,0,0,대뚱여지도,"요즘 핫한 재료라는 <b>우베</b> 그럼 시켜봐야지. <b>우베</b> 젤라또랑 패션후르츠 젤라또 주세요. 그냥 가긴... 다 맛있지만, 요번에 신박했던건 저 치즈<b>케이크</b>. 치즈<b>케이크</b> 위에 바닐라빈 크림이랑 핑크페퍼도 올라가있고... ","{""title"": ""4월 일기"", ""link"": ""https://blog.naver.com/pigmap/224296805306"", ""description"": ""요즘 핫한 재료라는 <b>우베</b> 그럼 시켜봐야지. <b>우베</b> 젤라또랑 패션후르츠 젤라또 주세요. 그냥 가긴... 다 맛있지만, 요번에 신박했던건 저 치즈<b>케이크</b>. 치즈<b>케이크</b> 위에 바닐라빈 크림이랑 핑크페퍼도 올라가있고... "", ""bloggername"": ""대뚱여지도"", ""bloggerlink"": ""blog.naver.com/pigmap"", ""postdate"": ""20260526""}"
우베,preset,우베 케이크,당고가 맛있는 군산 월명동 카페 “카페사가와”,https://blog.naver.com/sej8046/224296804518,20260526,"라떼, <b>우베</b> 카페 라떼, 사가와 시그니처메뉴인 후타바 말차라떼, 벚꽃차, 메리골드 꽃차, 딸기말차라떼가 메뉴로 있습니다‼️ 아이들이 좋아하는 티니핑 음료수와 아기상어 워터젤리, 찐한 치즈<b>케이크</b>... ",주주랜드,blog.naver.com/sej8046,naver_blog,우베 케이크,related,0.3,2026-05-26T11:02:57.061617+00:00,0,0,0,0,주주랜드,"라떼, <b>우베</b> 카페 라떼, 사가와 시그니처메뉴인 후타바 말차라떼, 벚꽃차, 메리골드 꽃차, 딸기말차라떼가 메뉴로 있습니다‼️ 아이들이 좋아하는 티니핑 음료수와 아기상어 워터젤리, 찐한 치즈<b>케이크</b>... ","{""title"": ""당고가 맛있는 군산 월명동 카페 “카페사가와”"", ""link"": ""https://blog.naver.com/sej8046/224296804518"", ""description"": ""라떼, <b>우베</b> 카페 라떼, 사가와 시그니처메뉴인 후타바 말차라떼, 벚꽃차, 메리골드 꽃차, 딸기말차라떼가 메뉴로 있습니다‼️ 아이들이 좋아하는 티니핑 음료수와 아기상어 워터젤리, 찐한 치즈<b>케이크</b>... "", ""bloggername"": ""주주랜드"", ""bloggerlink"": ""blog.naver.com/sej8046"", ""postdate"": ""20260526""}"
우베,preset,우베 케이크,이마트 트레이더스 5월 다섯째주 지하 1층 식품 할인정보... ,https://blog.naver.com/ymwoo82/224296804471,20260526,"※신상 미리보기 충무 김밥용 반찬 3종, 단호박 오리 영양밥, 하우스 복숭아 ※베이커리 신상 골드키위 한가득 <b>케이크</b> ※푸드코트 신상 <b>우베</b> 선데이 ※트레이더스 천원딜 15만원 이상... ",♡알아두면 쓸모있는 마트 정보♡,blog.naver.com/ymwoo82,naver_blog,우베 케이크,related,0.3,2026-05-26T11:02:57.061617+00:00,0,0,0,0,♡알아두면 쓸모있는 마트 정보♡,"※신상 미리보기 충무 김밥용 반찬 3종, 단호박 오리 영양밥, 하우스 복숭아 ※베이커리 신상 골드키위 한가득 <b>케이크</b> ※푸드코트 신상 <b>우베</b> 선데이 ※트레이더스 천원딜 15만원 이상... ","{""title"": ""이마트 트레이더스 5월 다섯째주 지하 1층 식품 할인정보... "", ""link"": ""https://blog.naver.com/ymwoo82/224296804471"", ""description"": ""※신상 미리보기 충무 김밥용 반찬 3종, 단호박 오리 영양밥, 하우스 복숭아 ※베이커리 신상 골드키위 한가득 <b>케이크</b> ※푸드코트 신상 <b>우베</b> 선데이 ※트레이더스 천원딜 15만원 이상... "", ""bloggername"": ""♡알아두면 쓸모있는 마트 정보♡"", ""bloggerlink"": ""blog.naver.com/ymwoo82"", ""postdate"": ""20260526""}"
우베,preset,우베 케이크,<b>우베</b> 효능 및 뜻 타로와의 차이점까지 한눈에 보기,https://blog.naver.com/flagging_/224296726276,20260526,"<b>우베</b> 할라야'라는 전통 페이스트로 만들어 다양한 제과 원료로 사용합니다. 특유의 부드럽고 달콤한 바닐라 향과 견과류 같은 고소한 풍미 덕분에 현재는 서구권과 아시아 전역의 트렌디한 밀크티, <b>케이크</b>... ",FLAGGING_,blog.naver.com/flagging_,naver_blog,우베 케이크,related,0.3,2026-05-26T11:02:57.061617+00:00,0,0,0,0,FLAGGING_,"<b>우베</b> 할라야'라는 전통 페이스트로 만들어 다양한 제과 원료로 사용합니다. 특유의 부드럽고 달콤한 바닐라 향과 견과류 같은 고소한 풍미 덕분에 현재는 서구권과 아시아 전역의 트렌디한 밀크티, <b>케이크</b>... ","{""title"": ""<b>우베</b> 효능 및 뜻 타로와의 차이점까지 한눈에 보기"", ""link"": ""https://blog.naver.com/flagging_/224296726276"", ""description"": ""<b>우베</b> 할라야'라는 전통 페이스트로 만들어 다양한 제과 원료로 사용합니다. 특유의 부드럽고 달콤한 바닐라 향과 견과류 같은 고소한 풍미 덕분에 현재는 서구권과 아시아 전역의 트렌디한 밀크티, <b>케이크</b>... "", ""bloggername"": ""FLAGGING_"", ""bloggerlink"": ""blog.naver.com/flagging_"", ""postdate"": ""20260526""}"
우베,preset,우베 케이크,노티드 하남스타필드카페 <b>우베</b>도넛 음료 신상 맛집 후기,https://blog.naver.com/sjy5846/224296783487,20260526,"노티드 <b>케이크</b>도 맛있다! 사이즈도 딱 적당해서 기념일에 2~3명이 먹기에 적당하다. 볼때마다 귀여워서 눈이 가는 굿즈 곰돌이 인형이랑 컵, 그릇이 너무 이쁘다. 포장해 가려고 주문한 도넛과 <b>우베</b> 음료들!... ",잘먹고 잘놀고 잘사는 인생,blog.naver.com/sjy5846,naver_blog,우베 케이크,related,0.3,2026-05-26T11:02:57.061617+00:00,0,0,0,0,잘먹고 잘놀고 잘사는 인생,"노티드 <b>케이크</b>도 맛있다! 사이즈도 딱 적당해서 기념일에 2~3명이 먹기에 적당하다. 볼때마다 귀여워서 눈이 가는 굿즈 곰돌이 인형이랑 컵, 그릇이 너무 이쁘다. 포장해 가려고 주문한 도넛과 <b>우베</b> 음료들!... ","{""title"": ""노티드 하남스타필드카페 <b>우베</b>도넛 음료 신상 맛집 후기"", ""link"": ""https://blog.naver.com/sjy5846/224296783487"", ""description"": ""노티드 <b>케이크</b>도 맛있다! 사이즈도 딱 적당해서 기념일에 2~3명이 먹기에 적당하다. 볼때마다 귀여워서 눈이 가는 굿즈 곰돌이 인형이랑 컵, 그릇이 너무 이쁘다. 포장해 가려고 주문한 도넛과 <b>우베</b> 음료들!... "", ""bloggername"": ""잘먹고 잘놀고 잘사는 인생"", ""bloggerlink"": ""blog.naver.com/sjy5846"", ""postdate"": ""20260526""}"
우베,preset,우베 케이크,수원 애경백화점 애슐리 키위축제 디너 골드키위부터 디너... ,https://blog.naver.com/bingus-/224296778044,20260526,근데 키위디저트보다 더 맛있게 먹은건 <b>우베</b>바스크치즈<b>케이크</b>!!ㅎㅎㅎ 우리가 알고있는 흔한 바스크치즈<b>케이크</b>에 <b>우베</b>를 살짝 넣어서 맛이 해치지 않고 좋아요!ㅎ 이번 수원 애경백화점 디너 애슐리... ,빙구스의 취미 맛집 일기,blog.naver.com/bingus-,naver_blog,우베 케이크,related,0.3,2026-05-26T11:02:57.061617+00:00,0,0,0,0,빙구스의 취미 맛집 일기,근데 키위디저트보다 더 맛있게 먹은건 <b>우베</b>바스크치즈<b>케이크</b>!!ㅎㅎㅎ 우리가 알고있는 흔한 바스크치즈<b>케이크</b>에 <b>우베</b>를 살짝 넣어서 맛이 해치지 않고 좋아요!ㅎ 이번 수원 애경백화점 디너 애슐리... ,"{""title"": ""수원 애경백화점 애슐리 키위축제 디너 골드키위부터 디너... "", ""link"": ""https://blog.naver.com/bingus-/224296778044"", ""description"": ""근데 키위디저트보다 더 맛있게 먹은건 <b>우베</b>바스크치즈<b>케이크</b>!!ㅎㅎㅎ 우리가 알고있는 흔한 바스크치즈<b>케이크</b>에 <b>우베</b>를 살짝 넣어서 맛이 해치지 않고 좋아요!ㅎ 이번 수원 애경백화점 디너 애슐리... "", ""bloggername"": ""빙구스의 취미 맛집 일기"", ""bloggerlink"": ""blog.naver.com/bingus-"", ""postdate"": ""20260526""}"
우베,preset,우베 케이크,또 야무지게 먹고다닌 일상글,https://blog.naver.com/52baam/224296773326,20260526,망고<b>케이크</b>도 맛있네여 여기 망고 후숙 기가막히게됨.. 님들도 가보세여 두번째 와보는 곳인데 맛집임... 소개해드림 <b>우베</b>가 한창 유행해서 <b>우베</b> 티라미수 만들었다는데 나는 솔직히 이게 왜 유행인지 잘... ,샌드위치에 오이 빼주세요,blog.naver.com/52baam,naver_blog,우베 케이크,related,0.3,2026-05-26T11:02:57.061617+00:00,0,0,0,0,샌드위치에 오이 빼주세요,망고<b>케이크</b>도 맛있네여 여기 망고 후숙 기가막히게됨.. 님들도 가보세여 두번째 와보는 곳인데 맛집임... 소개해드림 <b>우베</b>가 한창 유행해서 <b>우베</b> 티라미수 만들었다는데 나는 솔직히 이게 왜 유행인지 잘... ,"{""title"": ""또 야무지게 먹고다닌 일상글"", ""link"": ""https://blog.naver.com/52baam/224296773326"", ""description"": ""망고<b>케이크</b>도 맛있네여 여기 망고 후숙 기가막히게됨.. 님들도 가보세여 두번째 와보는 곳인데 맛집임... 소개해드림 <b>우베</b>가 한창 유행해서 <b>우베</b> 티라미수 만들었다는데 나는 솔직히 이게 왜 유행인지 잘... "", ""bloggername"": ""샌드위치에 오이 빼주세요"", ""bloggerlink"": ""blog.naver.com/52baam"", ""postdate"": ""20260526""}"
우베,preset,우베 케이크,신논현역 카페 l 모임하기 좋은 대형카페 어퍼앤언더 후기,https://blog.naver.com/anes920_/224296761625,20260526,"바닐라 바스크 치즈<b>케이크</b>(9.0), 황치즈 바스크 치즈<b>케이크</b>(9.5), <b>우베</b> 바스크 치즈<b>케이크</b>(9.5) 즈희가 늦게 와서 모든종류를 보진 못했지만 담엔 일찍와서 다양하게 먹어봐야겠어요! 저희는 크림브륄레 빵이랑... ",안예스의 패션뷰티 아카이브,blog.naver.com/anes920_,naver_blog,우베 케이크,related,0.3,2026-05-26T11:02:57.061617+00:00,0,0,0,0,안예스의 패션뷰티 아카이브,"바닐라 바스크 치즈<b>케이크</b>(9.0), 황치즈 바스크 치즈<b>케이크</b>(9.5), <b>우베</b> 바스크 치즈<b>케이크</b>(9.5) 즈희가 늦게 와서 모든종류를 보진 못했지만 담엔 일찍와서 다양하게 먹어봐야겠어요! 저희는 크림브륄레 빵이랑... ","{""title"": ""신논현역 카페 l 모임하기 좋은 대형카페 어퍼앤언더 후기"", ""link"": ""https://blog.naver.com/anes920_/224296761625"", ""description"": ""바닐라 바스크 치즈<b>케이크</b>(9.0), 황치즈 바스크 치즈<b>케이크</b>(9.5), <b>우베</b> 바스크 치즈<b>케이크</b>(9.5) 즈희가 늦게 와서 모든종류를 보진 못했지만 담엔 일찍와서 다양하게 먹어봐야겠어요! 저희는 크림브륄레 빵이랑... "", ""bloggername"": ""안예스의 패션뷰티 아카이브"", ""bloggerlink"": ""blog.naver.com/anes920_"", ""postdate"": ""20260526""}"
우베,preset,우베 케이크,수원 타임빌라스 카페 블리스라운드ㅣ 빵까지 맛있었던 수원... ,https://blog.naver.com/cash_victo/224296748389,20260526,"조각 <b>케이크</b> &amp; 마카롱 종류 다양 입구 들어가자마자 조각 <b>케이크</b>랑 마카롱 종류가 진짜 다양하게... 직접 먹어본 메뉴 후기 저희는 아이스크림이랑 <b>우베</b>크림라떼, 그리고 갈릭패스츄리소세지빵 올리브치아바타... ",캐시빅토❤️,blog.naver.com/cash_victo,naver_blog,우베 케이크,related,0.3,2026-05-26T11:02:57.061617+00:00,0,0,0,0,캐시빅토❤️,"조각 <b>케이크</b> &amp; 마카롱 종류 다양 입구 들어가자마자 조각 <b>케이크</b>랑 마카롱 종류가 진짜 다양하게... 직접 먹어본 메뉴 후기 저희는 아이스크림이랑 <b>우베</b>크림라떼, 그리고 갈릭패스츄리소세지빵 올리브치아바타... ","{""title"": ""수원 타임빌라스 카페 블리스라운드ㅣ 빵까지 맛있었던 수원... "", ""link"": ""https://blog.naver.com/cash_victo/224296748389"", ""description"": ""조각 <b>케이크</b> &amp; 마카롱 종류 다양 입구 들어가자마자 조각 <b>케이크</b>랑 마카롱 종류가 진짜 다양하게... 직접 먹어본 메뉴 후기 저희는 아이스크림이랑 <b>우베</b>크림라떼, 그리고 갈릭패스츄리소세지빵 올리브치아바타... "", ""bloggername"": ""캐시빅토❤️"", ""bloggerlink"": ""blog.naver.com/cash_victo"", ""postdate"": ""20260526""}"
우베,preset,우베 케이크,동대문 애슐리퀸즈 신메뉴 골드키위 디저트 VIP예약 스테이크,https://blog.naver.com/glady317/224296738067,20260526,애슐리퀸즈도 <b>우베</b> 열풍에 발 담궜으요 <b>우베</b> 바스크 치즈 <b>케이크</b> 진하고 부드러운 풍미의 보라빛 <b>우베</b> 바스크 치즈 <b>케이크</b> <b>우베</b> 바스크 치즈 <b>케이크</b> 등장!! 딱히 맛이 느껴졌다기보다능 원래 애슐리퀸즈... ,때지대--->때지대~♡,blog.naver.com/glady317,naver_blog,우베 케이크,related,0.3,2026-05-26T11:02:57.061617+00:00,0,0,0,0,때지대--->때지대~♡,애슐리퀸즈도 <b>우베</b> 열풍에 발 담궜으요 <b>우베</b> 바스크 치즈 <b>케이크</b> 진하고 부드러운 풍미의 보라빛 <b>우베</b> 바스크 치즈 <b>케이크</b> <b>우베</b> 바스크 치즈 <b>케이크</b> 등장!! 딱히 맛이 느껴졌다기보다능 원래 애슐리퀸즈... ,"{""title"": ""동대문 애슐리퀸즈 신메뉴 골드키위 디저트 VIP예약 스테이크"", ""link"": ""https://blog.naver.com/glady317/224296738067"", ""description"": ""애슐리퀸즈도 <b>우베</b> 열풍에 발 담궜으요 <b>우베</b> 바스크 치즈 <b>케이크</b> 진하고 부드러운 풍미의 보라빛 <b>우베</b> 바스크 치즈 <b>케이크</b> <b>우베</b> 바스크 치즈 <b>케이크</b> 등장!! 딱히 맛이 느껴졌다기보다능 원래 애슐리퀸즈... "", ""bloggername"": ""때지대--->때지대~♡"", ""bloggerlink"": ""blog.naver.com/glady317"", ""postdate"": ""20260526""}"
우베,preset,우베 케이크,<b>우베</b> 처음 들어보셨나요 SNS 보라색 음식의 정체 공개합니다,https://blog.naver.com/jcrew7/224296715834,20260526,"그 외에도 우베 잼(우베 할라야), <b>우베 케이크</b>, 우베 판데살 등 다양한 형태로 일상 식탁에 오릅니다. 우베가 글로벌 트렌드가 된 결정적 이유 우베가 필리핀 밖으로 퍼지기 시작한 데는 SNS의 역할이 컸습니다.... ",수혜커플 블로그: ),blog.naver.com/jcrew7,naver_blog,우베 케이크,related,0.3,2026-05-26T11:02:57.061617+00:00,0,0,0,0,수혜커플 블로그: ),"그 외에도 우베 잼(우베 할라야), <b>우베 케이크</b>, 우베 판데살 등 다양한 형태로 일상 식탁에 오릅니다. 우베가 글로벌 트렌드가 된 결정적 이유 우베가 필리핀 밖으로 퍼지기 시작한 데는 SNS의 역할이 컸습니다.... ","{""title"": ""<b>우베</b> 처음 들어보셨나요 SNS 보라색 음식의 정체 공개합니다"", ""link"": ""https://blog.naver.com/jcrew7/224296715834"", ""description"": ""그 외에도 우베 잼(우베 할라야), <b>우베 케이크</b>, 우베 판데살 등 다양한 형태로 일상 식탁에 오릅니다. 우베가 글로벌 트렌드가 된 결정적 이유 우베가 필리핀 밖으로 퍼지기 시작한 데는 SNS의 역할이 컸습니다.... "", ""bloggername"": ""수혜커플 블로그: )"", ""bloggerlink"": ""blog.naver.com/jcrew7"", ""postdate"": ""20260526""}"
우베,preset,우베 케이크,분위기 좋은 영등포 이자카야 이자카야잔잔,https://blog.naver.com/dongji0417/224296714333,20260526,"✔️ 17:00~01:00, 공휴일 전날은 02:00까지 영업 ✔️ 0507-1391-6021 ✔️ 네이버 <b>케이크</b> 쿠폰 다운로드 가능... 올라가는 길 <b>우베</b>, 말차 생맥주가 눈길을 끄네여 ㅎㅎ 2층도 좌석이 꽤 많더라구요. 2, 4, 6인용 테이블이... ",꼬맹이네,blog.naver.com/dongji0417,naver_blog,우베 케이크,related,0.3,2026-05-26T11:02:57.061617+00:00,0,0,0,0,꼬맹이네,"✔️ 17:00~01:00, 공휴일 전날은 02:00까지 영업 ✔️ 0507-1391-6021 ✔️ 네이버 <b>케이크</b> 쿠폰 다운로드 가능... 올라가는 길 <b>우베</b>, 말차 생맥주가 눈길을 끄네여 ㅎㅎ 2층도 좌석이 꽤 많더라구요. 2, 4, 6인용 테이블이... ","{""title"": ""분위기 좋은 영등포 이자카야 이자카야잔잔"", ""link"": ""https://blog.naver.com/dongji0417/224296714333"", ""description"": ""✔️ 17:00~01:00, 공휴일 전날은 02:00까지 영업 ✔️ 0507-1391-6021 ✔️ 네이버 <b>케이크</b> 쿠폰 다운로드 가능... 올라가는 길 <b>우베</b>, 말차 생맥주가 눈길을 끄네여 ㅎㅎ 2층도 좌석이 꽤 많더라구요. 2, 4, 6인용 테이블이... "", ""bloggername"": ""꼬맹이네"", ""bloggerlink"": ""blog.naver.com/dongji0417"", ""postdate"": ""20260526""}"
우베,preset,우베 케이크,5월의 일상(+수련회),https://blog.naver.com/s2ojoo_/224296709440,20260526,근데 위가 줄어서인지 다 못 먹고 남겼다 궁금했던 <b>우베</b>!! 약간 타로랑 비슷한 맛일 줄 알고 걱정했는데... 맛있는 <b>케이크</b> 먹어서 행복 모카 맛인데 딱 내 스탈 자연스럽게 어떻게 찍는 건뒈 또 포케!? 요즘 약... ,일기장이요,blog.naver.com/s2ojoo_,naver_blog,우베 케이크,related,0.3,2026-05-26T11:02:57.061617+00:00,0,0,0,0,일기장이요,근데 위가 줄어서인지 다 못 먹고 남겼다 궁금했던 <b>우베</b>!! 약간 타로랑 비슷한 맛일 줄 알고 걱정했는데... 맛있는 <b>케이크</b> 먹어서 행복 모카 맛인데 딱 내 스탈 자연스럽게 어떻게 찍는 건뒈 또 포케!? 요즘 약... ,"{""title"": ""5월의 일상(+수련회)"", ""link"": ""https://blog.naver.com/s2ojoo_/224296709440"", ""description"": ""근데 위가 줄어서인지 다 못 먹고 남겼다 궁금했던 <b>우베</b>!! 약간 타로랑 비슷한 맛일 줄 알고 걱정했는데... 맛있는 <b>케이크</b> 먹어서 행복 모카 맛인데 딱 내 스탈 자연스럽게 어떻게 찍는 건뒈 또 포케!? 요즘 약... "", ""bloggername"": ""일기장이요"", ""bloggerlink"": ""blog.naver.com/s2ojoo_"", ""postdate"": ""20260526""}"
우베,preset,우베 케이크,애슐리골드키위시즌ㅣ썬골드키위로 물든 군포 애슐리퀸즈... ,https://blog.naver.com/yong_a_/224296696018,20260526,썬골드키위 애플 선샤인 타르트 떠먹는 썬골드키위 말차<b>케이크</b> 애플타르트며 말차<b>케이크</b>며 달달한... 키위쥬스도 맛있지만 요새 유행하는 <b>우베</b>라떼도 있어요 빙수용 연유셔벗에 요거트와 썬골드키위 베이스... ,⋆｡˚ DAILY SHINE ⋆｡˚,blog.naver.com/yong_a_,naver_blog,우베 케이크,related,0.3,2026-05-26T11:02:57.061617+00:00,0,0,0,0,⋆｡˚ DAILY SHINE ⋆｡˚,썬골드키위 애플 선샤인 타르트 떠먹는 썬골드키위 말차<b>케이크</b> 애플타르트며 말차<b>케이크</b>며 달달한... 키위쥬스도 맛있지만 요새 유행하는 <b>우베</b>라떼도 있어요 빙수용 연유셔벗에 요거트와 썬골드키위 베이스... ,"{""title"": ""애슐리골드키위시즌ㅣ썬골드키위로 물든 군포 애슐리퀸즈... "", ""link"": ""https://blog.naver.com/yong_a_/224296696018"", ""description"": ""썬골드키위 애플 선샤인 타르트 떠먹는 썬골드키위 말차<b>케이크</b> 애플타르트며 말차<b>케이크</b>며 달달한... 키위쥬스도 맛있지만 요새 유행하는 <b>우베</b>라떼도 있어요 빙수용 연유셔벗에 요거트와 썬골드키위 베이스... "", ""bloggername"": ""⋆｡˚ DAILY SHINE ⋆｡˚"", ""bloggerlink"": ""blog.naver.com/yong_a_"", ""postdate"": ""20260526""}"
우베,preset,우베 케이크,압구정카페 메종드구르메 신상 <b>우베</b>라떼 휘낭시에 후기,https://blog.naver.com/hyaneees2/224296695175,20260526,안녕하세요 오늘은 압구정카페 메종드구르메 신상 <b>우베</b>라떼와 휘낭시에 먹어본 후기 알려드릴게요!... 감사의 마음을 전하는 5월 온 가족이 다같이 즐길 수 있는 미식여행으로 <b>케이크</b>와 와인 세트/올리브유... ,유뿌로그,blog.naver.com/hyaneees2,naver_blog,우베 케이크,related,0.3,2026-05-26T11:02:57.061617+00:00,0,0,0,0,유뿌로그,안녕하세요 오늘은 압구정카페 메종드구르메 신상 <b>우베</b>라떼와 휘낭시에 먹어본 후기 알려드릴게요!... 감사의 마음을 전하는 5월 온 가족이 다같이 즐길 수 있는 미식여행으로 <b>케이크</b>와 와인 세트/올리브유... ,"{""title"": ""압구정카페 메종드구르메 신상 <b>우베</b>라떼 휘낭시에 후기"", ""link"": ""https://blog.naver.com/hyaneees2/224296695175"", ""description"": ""안녕하세요 오늘은 압구정카페 메종드구르메 신상 <b>우베</b>라떼와 휘낭시에 먹어본 후기 알려드릴게요!... 감사의 마음을 전하는 5월 온 가족이 다같이 즐길 수 있는 미식여행으로 <b>케이크</b>와 와인 세트/올리브유... "", ""bloggername"": ""유뿌로그"", ""bloggerlink"": ""blog.naver.com/hyaneees2"", ""postdate"": ""20260526""}"
우베,preset,우베 케이크,노원맛집 가족모임 초밥 생맥주 구슬아이스크림 디저트까지,https://blog.naver.com/audtjs1981/224296690901,20260526,"요즘 인기인 <b>우베</b>아이스크림에 슈팅스타 조합이라니! 완젼 부드럽고 입안에서 톡톡 터지는 이 맛... 노원 쿠우쿠우 메뉴추천 바지락술찜 노원맛집 쿠우쿠우 후식코너에는 도넛, <b>케이크</b>, 베이비슈, 티라미수... ","빨주노, 설레는 달콤충전~",blog.naver.com/audtjs1981,naver_blog,우베 케이크,related,0.3,2026-05-26T11:02:57.061617+00:00,0,0,0,0,"빨주노, 설레는 달콤충전~","요즘 인기인 <b>우베</b>아이스크림에 슈팅스타 조합이라니! 완젼 부드럽고 입안에서 톡톡 터지는 이 맛... 노원 쿠우쿠우 메뉴추천 바지락술찜 노원맛집 쿠우쿠우 후식코너에는 도넛, <b>케이크</b>, 베이비슈, 티라미수... ","{""title"": ""노원맛집 가족모임 초밥 생맥주 구슬아이스크림 디저트까지"", ""link"": ""https://blog.naver.com/audtjs1981/224296690901"", ""description"": ""요즘 인기인 <b>우베</b>아이스크림에 슈팅스타 조합이라니! 완젼 부드럽고 입안에서 톡톡 터지는 이 맛... 노원 쿠우쿠우 메뉴추천 바지락술찜 노원맛집 쿠우쿠우 후식코너에는 도넛, <b>케이크</b>, 베이비슈, 티라미수... "", ""bloggername"": ""빨주노, 설레는 달콤충전~"", ""bloggerlink"": ""blog.naver.com/audtjs1981"", ""postdate"": ""20260526""}"
우베,preset,우베 케이크,[강릉] 순두부 젤라또 내돈내산 방문후기_순두부젤라또2호점,https://blog.naver.com/gaw1357/224296690458,20260526,<b>케이크</b>와 빵들도 판매하고 있네요~ 메뉴 소개 저희는 젤라또를 먹으러 가서 다양하게 주문해 보았습니다 ㅎㅎ 순두부 젤라또에만 순두부가 들어가 있다고 하네요~ 순서대로 인절미 -&gt; 더블초코 -&gt; <b>우베</b>... ,갱이의 지도,blog.naver.com/gaw1357,naver_blog,우베 케이크,related,0.3,2026-05-26T11:02:57.061617+00:00,0,0,0,0,갱이의 지도,<b>케이크</b>와 빵들도 판매하고 있네요~ 메뉴 소개 저희는 젤라또를 먹으러 가서 다양하게 주문해 보았습니다 ㅎㅎ 순두부 젤라또에만 순두부가 들어가 있다고 하네요~ 순서대로 인절미 -&gt; 더블초코 -&gt; <b>우베</b>... ,"{""title"": ""[강릉] 순두부 젤라또 내돈내산 방문후기_순두부젤라또2호점"", ""link"": ""https://blog.naver.com/gaw1357/224296690458"", ""description"": ""<b>케이크</b>와 빵들도 판매하고 있네요~ 메뉴 소개 저희는 젤라또를 먹으러 가서 다양하게 주문해 보았습니다 ㅎㅎ 순두부 젤라또에만 순두부가 들어가 있다고 하네요~ 순서대로 인절미 -&gt; 더블초코 -&gt; <b>우베</b>... "", ""bloggername"": ""갱이의 지도"", ""bloggerlink"": ""blog.naver.com/gaw1357"", ""postdate"": ""20260526""}"
우베,preset,우베 케이크,강남 신논현역 카페 내돈내산 추천 : 프라텔리,https://blog.naver.com/nyamiyb/224296675761,20260526,유명한 <b>우베</b> 디저트도 있고 과일 <b>케이크</b>도 준비되어 있더라고요 다 맛있어 보여서 고민하다가 라즈베리 피스타치오 <b>케이크</b>를 골랐습니다 (가격은 9500원으로 꽤나 사악함) 캐모마일 허브티와 프룻 드림... ,-,blog.naver.com/nyamiyb,naver_blog,우베 케이크,related,0.3,2026-05-26T11:02:57.061617+00:00,0,0,0,0,-,유명한 <b>우베</b> 디저트도 있고 과일 <b>케이크</b>도 준비되어 있더라고요 다 맛있어 보여서 고민하다가 라즈베리 피스타치오 <b>케이크</b>를 골랐습니다 (가격은 9500원으로 꽤나 사악함) 캐모마일 허브티와 프룻 드림... ,"{""title"": ""강남 신논현역 카페 내돈내산 추천 : 프라텔리"", ""link"": ""https://blog.naver.com/nyamiyb/224296675761"", ""description"": ""유명한 <b>우베</b> 디저트도 있고 과일 <b>케이크</b>도 준비되어 있더라고요 다 맛있어 보여서 고민하다가 라즈베리 피스타치오 <b>케이크</b>를 골랐습니다 (가격은 9500원으로 꽤나 사악함) 캐모마일 허브티와 프룻 드림... "", ""bloggername"": ""-"", ""bloggerlink"": ""blog.naver.com/nyamiyb"", ""postdate"": ""20260526""}"
우베,preset,우베 케이크,김포 대형 카페 대피 베이커리 맛집 데이트 추천 후기,https://blog.naver.com/ooqwwq/224296670889,20260526,모히또 <b>우베</b>라떼 원두 2종류로 선택 가능합니다  베이커리 우유 크로넛 소금빵 버터떡 대파크림치즈 크로와상 에그 크로와상 샌드위치 순우유<b>케이크</b> 베이커리 종류가 다양하고 아이들 먹기 좋은 병음료와... ,로라,blog.naver.com/ooqwwq,naver_blog,우베 케이크,related,0.3,2026-05-26T11:02:57.061617+00:00,0,0,0,0,로라,모히또 <b>우베</b>라떼 원두 2종류로 선택 가능합니다  베이커리 우유 크로넛 소금빵 버터떡 대파크림치즈 크로와상 에그 크로와상 샌드위치 순우유<b>케이크</b> 베이커리 종류가 다양하고 아이들 먹기 좋은 병음료와... ,"{""title"": ""김포 대형 카페 대피 베이커리 맛집 데이트 추천 후기"", ""link"": ""https://blog.naver.com/ooqwwq/224296670889"", ""description"": ""모히또 <b>우베</b>라떼 원두 2종류로 선택 가능합니다  베이커리 우유 크로넛 소금빵 버터떡 대파크림치즈 크로와상 에그 크로와상 샌드위치 순우유<b>케이크</b> 베이커리 종류가 다양하고 아이들 먹기 좋은 병음료와... "", ""bloggername"": ""로라"", ""bloggerlink"": ""blog.naver.com/ooqwwq"", ""postdate"": ""20260526""}"
우베,preset,우베 케이크,받아드리는 거예요 그냥 들이받을 수는 없으니까,https://blog.naver.com/azulad_o/224296666682,20260526,손 씻으려면 남자 화장실로 가야함 조금 어지러움 아기 뿡뿡이 귀여움 카페를 어디로 갈까 35679번째 고민하다 <b>우베</b>치즈<b>케이크</b>도 있구 드립백도 파는 곳으로 결정 트레이가 좀 신경 쓰이긴 하는데 제법 감도 있게... ,IWALY,blog.naver.com/azulad_o,naver_blog,우베 케이크,related,0.3,2026-05-26T11:02:57.061617+00:00,0,0,0,0,IWALY,손 씻으려면 남자 화장실로 가야함 조금 어지러움 아기 뿡뿡이 귀여움 카페를 어디로 갈까 35679번째 고민하다 <b>우베</b>치즈<b>케이크</b>도 있구 드립백도 파는 곳으로 결정 트레이가 좀 신경 쓰이긴 하는데 제법 감도 있게... ,"{""title"": ""받아드리는 거예요 그냥 들이받을 수는 없으니까"", ""link"": ""https://blog.naver.com/azulad_o/224296666682"", ""description"": ""손 씻으려면 남자 화장실로 가야함 조금 어지러움 아기 뿡뿡이 귀여움 카페를 어디로 갈까 35679번째 고민하다 <b>우베</b>치즈<b>케이크</b>도 있구 드립백도 파는 곳으로 결정 트레이가 좀 신경 쓰이긴 하는데 제법 감도 있게... "", ""bloggername"": ""IWALY"", ""bloggerlink"": ""blog.naver.com/azulad_o"", ""postdate"": ""20260526""}"
우베,preset,우베 케이크,나주 빛가람동 카페눈치 디저트 맛있는 나주혁신도시 카페,https://blog.naver.com/twinkling33/224296667121,20260526,기본/말차/코코넛/<b>우베</b> 맛 <b>케이크</b> 가운데가 유독 크리미한 매력이 있는 바치케 bb 과일과 크림이 가득든 롤크레이프 딸기생크림/누텔라딸기/두바이딸기 고민하다 고른 두바이딸기 롤크레이프와 아메리카노... ,올리브 생활일기,blog.naver.com/twinkling33,naver_blog,우베 케이크,related,0.3,2026-05-26T11:02:57.061617+00:00,0,0,0,0,올리브 생활일기,기본/말차/코코넛/<b>우베</b> 맛 <b>케이크</b> 가운데가 유독 크리미한 매력이 있는 바치케 bb 과일과 크림이 가득든 롤크레이프 딸기생크림/누텔라딸기/두바이딸기 고민하다 고른 두바이딸기 롤크레이프와 아메리카노... ,"{""title"": ""나주 빛가람동 카페눈치 디저트 맛있는 나주혁신도시 카페"", ""link"": ""https://blog.naver.com/twinkling33/224296667121"", ""description"": ""기본/말차/코코넛/<b>우베</b> 맛 <b>케이크</b> 가운데가 유독 크리미한 매력이 있는 바치케 bb 과일과 크림이 가득든 롤크레이프 딸기생크림/누텔라딸기/두바이딸기 고민하다 고른 두바이딸기 롤크레이프와 아메리카노... "", ""bloggername"": ""올리브 생활일기"", ""bloggerlink"": ""blog.naver.com/twinkling33"", ""postdate"": ""20260526""}"
우베,preset,우베 케이크,"디저트 카페 <b>케이크</b> 맛집 내돈내산 후기,부천 망고<b>케이크</b> 맛집",https://blog.naver.com/ejkim9778/224296663781,20260526,"핫한 <b>우베</b>라떼도 있더라구요 <b>케이크</b> 라인업은 시즌마다 조금 달라요 전화를 받긴 받으시는데 바쁘시면 못받으실수도 있으니 라인업은 케키당 인스타로 확인해 보세요! 저희는 아메리카노 3잔,망고<b>케이크</b>... ",먹깨비 요정의 맛있는 여행,blog.naver.com/ejkim9778,naver_blog,우베 케이크,related,0.3,2026-05-26T11:02:57.061617+00:00,0,0,0,0,먹깨비 요정의 맛있는 여행,"핫한 <b>우베</b>라떼도 있더라구요 <b>케이크</b> 라인업은 시즌마다 조금 달라요 전화를 받긴 받으시는데 바쁘시면 못받으실수도 있으니 라인업은 케키당 인스타로 확인해 보세요! 저희는 아메리카노 3잔,망고<b>케이크</b>... ","{""title"": ""디저트 카페 <b>케이크</b> 맛집 내돈내산 후기,부천 망고<b>케이크</b> 맛집"", ""link"": ""https://blog.naver.com/ejkim9778/224296663781"", ""description"": ""핫한 <b>우베</b>라떼도 있더라구요 <b>케이크</b> 라인업은 시즌마다 조금 달라요 전화를 받긴 받으시는데 바쁘시면 못받으실수도 있으니 라인업은 케키당 인스타로 확인해 보세요! 저희는 아메리카노 3잔,망고<b>케이크</b>... "", ""bloggername"": ""먹깨비 요정의 맛있는 여행"", ""bloggerlink"": ""blog.naver.com/ejkim9778"", ""postdate"": ""20260526""}"
우베,preset,우베 케이크,[인계동 대형카페] 더콤마라운지 인계점,https://blog.naver.com/khs25210/224296662869,20260526,요즘 <b>우베</b>가 들어간 메뉴들이 핫하다고 하던데 여기도 <b>우베</b>가 들어간 메뉴가 있었습니다. <b>우베</b>라떼와... 바스크<b>케이크</b>만을 주문했습니다. 주문한 메뉴들은 금방 준비되어 나왔습니다. 아이스 아메리카노 6... ,minmineeda님의블로그,blog.naver.com/khs25210,naver_blog,우베 케이크,related,0.3,2026-05-26T11:02:57.061617+00:00,0,0,0,0,minmineeda님의블로그,요즘 <b>우베</b>가 들어간 메뉴들이 핫하다고 하던데 여기도 <b>우베</b>가 들어간 메뉴가 있었습니다. <b>우베</b>라떼와... 바스크<b>케이크</b>만을 주문했습니다. 주문한 메뉴들은 금방 준비되어 나왔습니다. 아이스 아메리카노 6... ,"{""title"": ""[인계동 대형카페] 더콤마라운지 인계점"", ""link"": ""https://blog.naver.com/khs25210/224296662869"", ""description"": ""요즘 <b>우베</b>가 들어간 메뉴들이 핫하다고 하던데 여기도 <b>우베</b>가 들어간 메뉴가 있었습니다. <b>우베</b>라떼와... 바스크<b>케이크</b>만을 주문했습니다. 주문한 메뉴들은 금방 준비되어 나왔습니다. 아이스 아메리카노 6... "", ""bloggername"": ""minmineeda님의블로그"", ""bloggerlink"": ""blog.naver.com/khs25210"", ""postdate"": ""20260526""}"
우베,preset,우베 케이크,야당역카페 더브래드36.5 야당점 헬로키티<b>케이크</b>,https://blog.naver.com/star3012777/224296661405,20260526,"#<b>우베케이크</b> #보랏빛케이크 다양한 케이크도 찰칵! 헬로키티 케이크 35,000원 저 사실 이번주에 친구에게 케이크 사가려고 해서 케이크 디자인 예쁜 것이 필요한데 ㅠㅠ 이거 사가고 싶어요! 근데..... ",핫핑크미미 리뷰♪,blog.naver.com/star3012777,naver_blog,우베 케이크,related,0.3,2026-05-26T11:02:57.061617+00:00,0,0,0,0,핫핑크미미 리뷰♪,"#<b>우베케이크</b> #보랏빛케이크 다양한 케이크도 찰칵! 헬로키티 케이크 35,000원 저 사실 이번주에 친구에게 케이크 사가려고 해서 케이크 디자인 예쁜 것이 필요한데 ㅠㅠ 이거 사가고 싶어요! 근데..... ","{""title"": ""야당역카페 더브래드36.5 야당점 헬로키티<b>케이크</b>"", ""link"": ""https://blog.naver.com/star3012777/224296661405"", ""description"": ""#<b>우베케이크</b> #보랏빛케이크 다양한 케이크도 찰칵! 헬로키티 케이크 35,000원 저 사실 이번주에 친구에게 케이크 사가려고 해서 케이크 디자인 예쁜 것이 필요한데 ㅠㅠ 이거 사가고 싶어요! 근데..... "", ""bloggername"": ""핫핑크미미 리뷰♪"", ""bloggerlink"": ""blog.naver.com/star3012777"", ""postdate"": ""20260526""}"
우베,preset,우베 케이크,[편의점<b>우베</b>빵]신상 솔직후기! CU보다 맛있는 이마트24 <b>우베</b>... ,https://blog.naver.com/79emo_kr/224296661307,20260526,&lt;신세계푸드&gt;가 빚어낸 '쉬폰 <b>케이크</b>' 같은 식감 편의점<b>우베</b>빵: <b>우베</b>크림샌드빵 이 제품은 포장지를 뜯자마자 &quot;이건 빵이 아니라 완벽한 조각 <b>케이크</b>다!&quot;라는 감탄이 절로 나옵니다. 제조원을 보니 무려... ,칠구이모의 취향,blog.naver.com/79emo_kr,naver_blog,우베 케이크,related,0.3,2026-05-26T11:02:57.061617+00:00,0,0,0,0,칠구이모의 취향,&lt;신세계푸드&gt;가 빚어낸 '쉬폰 <b>케이크</b>' 같은 식감 편의점<b>우베</b>빵: <b>우베</b>크림샌드빵 이 제품은 포장지를 뜯자마자 &quot;이건 빵이 아니라 완벽한 조각 <b>케이크</b>다!&quot;라는 감탄이 절로 나옵니다. 제조원을 보니 무려... ,"{""title"": ""[편의점<b>우베</b>빵]신상 솔직후기! CU보다 맛있는 이마트24 <b>우베</b>... "", ""link"": ""https://blog.naver.com/79emo_kr/224296661307"", ""description"": ""&lt;신세계푸드&gt;가 빚어낸 '쉬폰 <b>케이크</b>' 같은 식감 편의점<b>우베</b>빵: <b>우베</b>크림샌드빵 이 제품은 포장지를 뜯자마자 &quot;이건 빵이 아니라 완벽한 조각 <b>케이크</b>다!&quot;라는 감탄이 절로 나옵니다. 제조원을 보니 무려... "", ""bloggername"": ""칠구이모의 취향"", ""bloggerlink"": ""blog.naver.com/79emo_kr"", ""postdate"": ""20260526""}"
우베,preset,우베 케이크,두초생 후기 투썸플레이스 케잌 추천 두바이초코케잌 스초생과... ,https://blog.naver.com/ally0411/224296657221,20260526,ㅎㅎ 어차피 스초생으로 돌아오겠지만 다음에는 요즘 유행하는 <b>우베</b> 바스크 치크<b>케이크</b> 한번 먹어보긴 해야겠습니다. 이상 투썸플레이스 조금 늦은 두초생 후기였습니다. 전체적으로 두초생은 초콜릿... ,꺄르르M의 맛있는 여행,blog.naver.com/ally0411,naver_blog,우베 케이크,related,0.3,2026-05-26T11:02:57.061617+00:00,0,0,0,0,꺄르르M의 맛있는 여행,ㅎㅎ 어차피 스초생으로 돌아오겠지만 다음에는 요즘 유행하는 <b>우베</b> 바스크 치크<b>케이크</b> 한번 먹어보긴 해야겠습니다. 이상 투썸플레이스 조금 늦은 두초생 후기였습니다. 전체적으로 두초생은 초콜릿... ,"{""title"": ""두초생 후기 투썸플레이스 케잌 추천 두바이초코케잌 스초생과... "", ""link"": ""https://blog.naver.com/ally0411/224296657221"", ""description"": ""ㅎㅎ 어차피 스초생으로 돌아오겠지만 다음에는 요즘 유행하는 <b>우베</b> 바스크 치크<b>케이크</b> 한번 먹어보긴 해야겠습니다. 이상 투썸플레이스 조금 늦은 두초생 후기였습니다. 전체적으로 두초생은 초콜릿... "", ""bloggername"": ""꺄르르M의 맛있는 여행"", ""bloggerlink"": ""blog.naver.com/ally0411"", ""postdate"": ""20260526""}"
우베,preset,우베 케이크,<b>우베</b>치즈<b>케이크</b> 만들기 | 요즘 인기 많은 <b>우베</b>치즈<b>케이크</b>... ,https://blog.naver.com/go-yo-han/224295952280,20260526,"치즈<b>케이크</b> -<b>우베</b> 치즈<b>케이크</b> 이렇게 다양한 스타일의 치즈<b>케이크</b>를 배우실 수 있으며, 수업 당일에는 2가지맛 치즈<b>케이크</b>를 직접 제작해보실수 있어요! 특히 최근 디저트 시장에서 큰 인기를 얻고있는 <b>우베</b>!... ",go.yo-cake,blog.naver.com/go-yo-han,naver_blog,우베 케이크,related,0.3,2026-05-26T11:02:57.061617+00:00,0,0,0,0,go.yo-cake,"치즈<b>케이크</b> -<b>우베</b> 치즈<b>케이크</b> 이렇게 다양한 스타일의 치즈<b>케이크</b>를 배우실 수 있으며, 수업 당일에는 2가지맛 치즈<b>케이크</b>를 직접 제작해보실수 있어요! 특히 최근 디저트 시장에서 큰 인기를 얻고있는 <b>우베</b>!... ","{""title"": ""<b>우베</b>치즈<b>케이크</b> 만들기 | 요즘 인기 많은 <b>우베</b>치즈<b>케이크</b>... "", ""link"": ""https://blog.naver.com/go-yo-han/224295952280"", ""description"": ""치즈<b>케이크</b> -<b>우베</b> 치즈<b>케이크</b> 이렇게 다양한 스타일의 치즈<b>케이크</b>를 배우실 수 있으며, 수업 당일에는 2가지맛 치즈<b>케이크</b>를 직접 제작해보실수 있어요! 특히 최근 디저트 시장에서 큰 인기를 얻고있는 <b>우베</b>!... "", ""bloggername"": ""go.yo-cake"", ""bloggerlink"": ""blog.naver.com/go-yo-han"", ""postdate"": ""20260526""}"
우베,preset,우베 케이크,우울해질까봐빵샀어,https://blog.naver.com/m_zia/224296628247,20260526,당근<b>케이크</b>도 진짜 맛있음 두달전에 사먹은거 사진 찾아온거야ㅑ 하 이날 비가 이렇게 많이 오는 줄... 아니 이런 곳이 어디있냐며 단골할께요 근데 진짜 맨날 점심시간에 만석이드 제 저녁입니다 <b>우베</b>생크림빵... ,~.~,blog.naver.com/m_zia,naver_blog,우베 케이크,related,0.3,2026-05-26T11:02:57.061617+00:00,0,0,0,0,~.~,당근<b>케이크</b>도 진짜 맛있음 두달전에 사먹은거 사진 찾아온거야ㅑ 하 이날 비가 이렇게 많이 오는 줄... 아니 이런 곳이 어디있냐며 단골할께요 근데 진짜 맨날 점심시간에 만석이드 제 저녁입니다 <b>우베</b>생크림빵... ,"{""title"": ""우울해질까봐빵샀어"", ""link"": ""https://blog.naver.com/m_zia/224296628247"", ""description"": ""당근<b>케이크</b>도 진짜 맛있음 두달전에 사먹은거 사진 찾아온거야ㅑ 하 이날 비가 이렇게 많이 오는 줄... 아니 이런 곳이 어디있냐며 단골할께요 근데 진짜 맨날 점심시간에 만석이드 제 저녁입니다 <b>우베</b>생크림빵... "", ""bloggername"": ""~.~"", ""bloggerlink"": ""blog.naver.com/m_zia"", ""postdate"": ""20260526""}"
우베,preset,우베 케이크,전주 객리단길 테라스있는 신상카페 태평동 ‘태리단길카페’,https://blog.naver.com/dokangel/224296626417,20260526,"소프트<b>우베</b>라떼, 딸기 극세사 수건<b>케이크</b> , 베이글류 종류도 준비되어있구요 입구에 들어서자 마자 고급진 샹들리에가 눈에 띄었습니다 그리고 진열되있던 다양한 베이커리 종류들 당일 아침 생산된 신선한... ",생각의 여백,blog.naver.com/dokangel,naver_blog,우베 케이크,related,0.3,2026-05-26T11:02:57.061617+00:00,0,0,0,0,생각의 여백,"소프트<b>우베</b>라떼, 딸기 극세사 수건<b>케이크</b> , 베이글류 종류도 준비되어있구요 입구에 들어서자 마자 고급진 샹들리에가 눈에 띄었습니다 그리고 진열되있던 다양한 베이커리 종류들 당일 아침 생산된 신선한... ","{""title"": ""전주 객리단길 테라스있는 신상카페 태평동 ‘태리단길카페’"", ""link"": ""https://blog.naver.com/dokangel/224296626417"", ""description"": ""소프트<b>우베</b>라떼, 딸기 극세사 수건<b>케이크</b> , 베이글류 종류도 준비되어있구요 입구에 들어서자 마자 고급진 샹들리에가 눈에 띄었습니다 그리고 진열되있던 다양한 베이커리 종류들 당일 아침 생산된 신선한... "", ""bloggername"": ""생각의 여백"", ""bloggerlink"": ""blog.naver.com/dokangel"", ""postdate"": ""20260526""}"
우베,preset,우베 케이크,김포공항카페 노티드 도넛 롯데몰 <b>우베</b> 시리즈 신메뉴 후기,https://blog.naver.com/minhajjing/224296624590,20260526,"홀<b>케이크</b>도 있고 조각<b>케이크</b>도 있다. 무엇보다 도넛 세트로도 주문이 가능해서 포장하거나... 바로 <b>우베</b>시리즈가 신메뉴로 등장했다!!! 타로, 말차 등에 이어 요즘 <b>우베</b>가 아주 핫하다. <b>우베</b>는 마 종류로 필리핀... ",אלוהים הוא אהבה,blog.naver.com/minhajjing,naver_blog,우베 케이크,related,0.3,2026-05-26T11:02:57.061617+00:00,0,0,0,0,אלוהים הוא אהבה,"홀<b>케이크</b>도 있고 조각<b>케이크</b>도 있다. 무엇보다 도넛 세트로도 주문이 가능해서 포장하거나... 바로 <b>우베</b>시리즈가 신메뉴로 등장했다!!! 타로, 말차 등에 이어 요즘 <b>우베</b>가 아주 핫하다. <b>우베</b>는 마 종류로 필리핀... ","{""title"": ""김포공항카페 노티드 도넛 롯데몰 <b>우베</b> 시리즈 신메뉴 후기"", ""link"": ""https://blog.naver.com/minhajjing/224296624590"", ""description"": ""홀<b>케이크</b>도 있고 조각<b>케이크</b>도 있다. 무엇보다 도넛 세트로도 주문이 가능해서 포장하거나... 바로 <b>우베</b>시리즈가 신메뉴로 등장했다!!! 타로, 말차 등에 이어 요즘 <b>우베</b>가 아주 핫하다. <b>우베</b>는 마 종류로 필리핀... "", ""bloggername"": ""אלוהים הוא אהבה"", ""bloggerlink"": ""blog.naver.com/minhajjing"", ""postdate"": ""20260526""}"
우베,preset,우베 케이크,[신림역 카페] 카공하기 좋은 넓고 쾌적한 투썸플레이스... ,https://blog.naver.com/ddongling/224295457734,20260526,여름이라 수박주스도 나오기 시작했네요  디저트도 종류가 많은데 정말 다 맛있어 보였어요 <b>우베 케이크</b>랑 두바이 케이크는 요즘도 꾸준히 인기 많은 것 같더라구요 그리고 투썸은 빵도 참 맛있어요 커피랑... ,맛도리 먹고 뒹굴뒹굴,blog.naver.com/ddongling,naver_blog,우베 케이크,related,0.3,2026-05-26T11:02:57.061617+00:00,0,0,0,0,맛도리 먹고 뒹굴뒹굴,여름이라 수박주스도 나오기 시작했네요  디저트도 종류가 많은데 정말 다 맛있어 보였어요 <b>우베 케이크</b>랑 두바이 케이크는 요즘도 꾸준히 인기 많은 것 같더라구요 그리고 투썸은 빵도 참 맛있어요 커피랑... ,"{""title"": ""[신림역 카페] 카공하기 좋은 넓고 쾌적한 투썸플레이스... "", ""link"": ""https://blog.naver.com/ddongling/224295457734"", ""description"": ""여름이라 수박주스도 나오기 시작했네요  디저트도 종류가 많은데 정말 다 맛있어 보였어요 <b>우베 케이크</b>랑 두바이 케이크는 요즘도 꾸준히 인기 많은 것 같더라구요 그리고 투썸은 빵도 참 맛있어요 커피랑... "", ""bloggername"": ""맛도리 먹고 뒹굴뒹굴"", ""bloggerlink"": ""blog.naver.com/ddongling"", ""postdate"": ""20260526""}"
우베,preset,우베 케이크,☀️ 2026 여름 카페별 컵빙수 총정리 (feat. 가격 다... ,https://blog.naver.com/mappu_log/224296076510,20260526,"<b>우베</b>는 필리핀산 보라색 참마로 만든 재료인데, 요즘 디저트 쪽에서 유행하고 있어요!  투썸플레이스 투썸은 <b>케이크</b>로 유명하지만 빙수도 만만치 않아요. 모나카 시리즈가 포인트예요. 우유모나카 빙수... ",마뿌의 맛집 부수기,blog.naver.com/mappu_log,naver_blog,우베 케이크,related,0.3,2026-05-26T11:02:57.061617+00:00,0,0,0,0,마뿌의 맛집 부수기,"<b>우베</b>는 필리핀산 보라색 참마로 만든 재료인데, 요즘 디저트 쪽에서 유행하고 있어요!  투썸플레이스 투썸은 <b>케이크</b>로 유명하지만 빙수도 만만치 않아요. 모나카 시리즈가 포인트예요. 우유모나카 빙수... ","{""title"": ""☀️ 2026 여름 카페별 컵빙수 총정리 (feat. 가격 다... "", ""link"": ""https://blog.naver.com/mappu_log/224296076510"", ""description"": ""<b>우베</b>는 필리핀산 보라색 참마로 만든 재료인데, 요즘 디저트 쪽에서 유행하고 있어요!  투썸플레이스 투썸은 <b>케이크</b>로 유명하지만 빙수도 만만치 않아요. 모나카 시리즈가 포인트예요. 우유모나카 빙수... "", ""bloggername"": ""마뿌의 맛집 부수기"", ""bloggerlink"": ""blog.naver.com/mappu_log"", ""postdate"": ""20260526""}"
