canonical_keyword,keyword_set_mode,keyword,title,url,published_at,description,originallink,source,term,term_type,term_weight,collected_at,views,likes,comments,engagements,author,snippet,raw_payload,bloggername,bloggerlink
사과,single_term_fallback,사과,광주 5·18 단체 &quot;빈껍데기 <b>사과</b> 거부…정용진 사퇴&quot;,https://n.news.naver.com/mnews/article/422/0000868581?sid=161,"Tue, 26 May 2026 20:49:00 +0900","오월 단체는 &quot;빈껍데기 <b>사과</b>&quot;라고 규탄 수위를 높였고, 상경 투쟁까지 예고했습니다. 김경인 기자입니다.... 사퇴하라.&quot; 5·18 3단체와 5·18기념재단은 기자회견을 열고 &quot;역사를 모욕한 자의 빈껍데기 <b>사과</b>를 거부한다&quot;고... ",http://www.yonhapnewstv.co.kr/news/MYH20260526204840tmn,naver_news,사과,canonical,1.0,2026-05-26T11:50:13.707259+00:00,0,0,0,0,,"오월 단체는 &quot;빈껍데기 <b>사과</b>&quot;라고 규탄 수위를 높였고, 상경 투쟁까지 예고했습니다. 김경인 기자입니다.... 사퇴하라.&quot; 5·18 3단체와 5·18기념재단은 기자회견을 열고 &quot;역사를 모욕한 자의 빈껍데기 <b>사과</b>를 거부한다&quot;고... ","{""title"": ""광주 5·18 단체 &quot;빈껍데기 <b>사과</b> 거부…정용진 사퇴&quot;"", ""originallink"": ""http://www.yonhapnewstv.co.kr/news/MYH20260526204840tmn"", ""link"": ""https://n.news.naver.com/mnews/article/422/0000868581?sid=161"", ""description"": ""오월 단체는 &quot;빈껍데기 <b>사과</b>&quot;라고 규탄 수위를 높였고, 상경 투쟁까지 예고했습니다. 김경인 기자입니다.... 사퇴하라.&quot; 5·18 3단체와 5·18기념재단은 기자회견을 열고 &quot;역사를 모욕한 자의 빈껍데기 <b>사과</b>를 거부한다&quot;고... "", ""pubDate"": ""Tue, 26 May 2026 20:49:00 +0900""}",,
사과,single_term_fallback,사과,"&quot;환기미술관, 수령 100년 넘은 은행나무 독살…보호수 지정해야&quot;",https://n.news.naver.com/mnews/article/001/0016100520?sid=102,"Tue, 26 May 2026 20:48:00 +0900",서울환경연합과 부암동 주민들은 26일 환기미술관 앞에서 기자회견을 열고 &quot;환기미술관은 불법적인 나무 독살 행위를 인정하고 주민에게 <b>사과</b>하라&quot;고 요구했다. 이들은 이 은행나무가 수령이 100년 이상 됐을 것으로... ,https://www.yna.co.kr/view/AKR20260526169200004?input=1195m,naver_news,사과,canonical,1.0,2026-05-26T11:50:13.707259+00:00,0,0,0,0,,서울환경연합과 부암동 주민들은 26일 환기미술관 앞에서 기자회견을 열고 &quot;환기미술관은 불법적인 나무 독살 행위를 인정하고 주민에게 <b>사과</b>하라&quot;고 요구했다. 이들은 이 은행나무가 수령이 100년 이상 됐을 것으로... ,"{""title"": ""&quot;환기미술관, 수령 100년 넘은 은행나무 독살…보호수 지정해야&quot;"", ""originallink"": ""https://www.yna.co.kr/view/AKR20260526169200004?input=1195m"", ""link"": ""https://n.news.naver.com/mnews/article/001/0016100520?sid=102"", ""description"": ""서울환경연합과 부암동 주민들은 26일 환기미술관 앞에서 기자회견을 열고 &quot;환기미술관은 불법적인 나무 독살 행위를 인정하고 주민에게 <b>사과</b>하라&quot;고 요구했다. 이들은 이 은행나무가 수령이 100년 이상 됐을 것으로... "", ""pubDate"": ""Tue, 26 May 2026 20:48:00 +0900""}",,
사과,single_term_fallback,사과,"정용진, “머리 숙여 사죄”에…‘스타벅스 불매’ 비판 나선 장동혁 [...",https://n.news.naver.com/mnews/article/028/0002806823?sid=100,"Tue, 26 May 2026 20:46:00 +0900","드러내 <b>사과</b>했습니다. 정 회장은 이날 “이번 일로 깊은 상처와 실망을 느끼신 5·18 유가족 여러분, 박종철... 굽혀 <b>사과</b> 인사를 했는데요. 정 회장이 직접 카메라 앞에 서서 <b>사과</b>한 것은 2024년 3월 회장에 취임한 뒤 처음... ",https://www.hani.co.kr/arti/politics/politics_general/1260522.html,naver_news,사과,canonical,1.0,2026-05-26T11:50:13.707259+00:00,0,0,0,0,,"드러내 <b>사과</b>했습니다. 정 회장은 이날 “이번 일로 깊은 상처와 실망을 느끼신 5·18 유가족 여러분, 박종철... 굽혀 <b>사과</b> 인사를 했는데요. 정 회장이 직접 카메라 앞에 서서 <b>사과</b>한 것은 2024년 3월 회장에 취임한 뒤 처음... ","{""title"": ""정용진, “머리 숙여 사죄”에…‘스타벅스 불매’ 비판 나선 장동혁 [..."", ""originallink"": ""https://www.hani.co.kr/arti/politics/politics_general/1260522.html"", ""link"": ""https://n.news.naver.com/mnews/article/028/0002806823?sid=100"", ""description"": ""드러내 <b>사과</b>했습니다. 정 회장은 이날 “이번 일로 깊은 상처와 실망을 느끼신 5·18 유가족 여러분, 박종철... 굽혀 <b>사과</b> 인사를 했는데요. 정 회장이 직접 카메라 앞에 서서 <b>사과</b>한 것은 2024년 3월 회장에 취임한 뒤 처음... "", ""pubDate"": ""Tue, 26 May 2026 20:46:00 +0900""}",,
사과,single_term_fallback,사과,[나는 후보자다] '청송의 자원을 산업으로 연결'…임기진 청송군수 후보...,http://news.lghellovision.net/news/articleView.html?idxno=543878,"Tue, 26 May 2026 20:46:00 +0900","청송은 대한민국 최고의 <b>사과</b> 생산지이고 300년 넘은 왕버들이 뿌리내리고 자생하는 주산지, 그리고 주왕산과... <b>사과</b>는 스마트 농업과 가공산업을 키우고 관광은 당일치기가 아니라 2박 체류형 관광으로 바꿔야 합니다.... ",http://news.lghellovision.net/news/articleView.html?idxno=543878,naver_news,사과,canonical,1.0,2026-05-26T11:50:13.707259+00:00,0,0,0,0,,"청송은 대한민국 최고의 <b>사과</b> 생산지이고 300년 넘은 왕버들이 뿌리내리고 자생하는 주산지, 그리고 주왕산과... <b>사과</b>는 스마트 농업과 가공산업을 키우고 관광은 당일치기가 아니라 2박 체류형 관광으로 바꿔야 합니다.... ","{""title"": ""[나는 후보자다] '청송의 자원을 산업으로 연결'…임기진 청송군수 후보..."", ""originallink"": ""http://news.lghellovision.net/news/articleView.html?idxno=543878"", ""link"": ""http://news.lghellovision.net/news/articleView.html?idxno=543878"", ""description"": ""청송은 대한민국 최고의 <b>사과</b> 생산지이고 300년 넘은 왕버들이 뿌리내리고 자생하는 주산지, 그리고 주왕산과... <b>사과</b>는 스마트 농업과 가공산업을 키우고 관광은 당일치기가 아니라 2박 체류형 관광으로 바꿔야 합니다.... "", ""pubDate"": ""Tue, 26 May 2026 20:46:00 +0900""}",,
사과,single_term_fallback,사과,TV토론 누가 잘했나/ 조한영 &quot;계엄날 비상소집&quot; 최재구 &quot;누워있어야 하...,http://www.dynews.co.kr/news/articleView.html?idxno=851753,"Tue, 26 May 2026 20:44:00 +0900",이어 &quot;계엄 선포는 분명 잘못됐다고 <b>사과</b>했다&quot;며 &quot;군민 안전과 생명을 최우선으로 보장하는 것이 군수의 역할&quot;이라고 강조했다. 조 후보는 또 &quot;20년 넘게 방치된 충남방적 부지 문제도 32년간 이어진 보수 정당 군정 독점의... ,http://www.dynews.co.kr/news/articleView.html?idxno=851753,naver_news,사과,canonical,1.0,2026-05-26T11:50:13.707259+00:00,0,0,0,0,,이어 &quot;계엄 선포는 분명 잘못됐다고 <b>사과</b>했다&quot;며 &quot;군민 안전과 생명을 최우선으로 보장하는 것이 군수의 역할&quot;이라고 강조했다. 조 후보는 또 &quot;20년 넘게 방치된 충남방적 부지 문제도 32년간 이어진 보수 정당 군정 독점의... ,"{""title"": ""TV토론 누가 잘했나/ 조한영 &quot;계엄날 비상소집&quot; 최재구 &quot;누워있어야 하..."", ""originallink"": ""http://www.dynews.co.kr/news/articleView.html?idxno=851753"", ""link"": ""http://www.dynews.co.kr/news/articleView.html?idxno=851753"", ""description"": ""이어 &quot;계엄 선포는 분명 잘못됐다고 <b>사과</b>했다&quot;며 &quot;군민 안전과 생명을 최우선으로 보장하는 것이 군수의 역할&quot;이라고 강조했다. 조 후보는 또 &quot;20년 넘게 방치된 충남방적 부지 문제도 32년간 이어진 보수 정당 군정 독점의... "", ""pubDate"": ""Tue, 26 May 2026 20:44:00 +0900""}",,
사과,single_term_fallback,사과,민주당 광주시당 &quot;정용진 <b>사과</b>는 반쪽짜리…실질적 책임 져야&quot;,https://www.mhns.co.kr/news/articleView.html?idxno=748421,"Tue, 26 May 2026 20:44:00 +0900",대국민 <b>사과</b>에 나선 신세계그룹 정용진 회장을 강하게 비판하며 실질적인 책임 이행과 철저한 진상 규명을... 않는 <b>사과</b>로 위기를 넘기려 하고 있다&quot;고 주장했다. 광주시당은 신세계 측이 관련자 휴대전화 제출 거부와... ,https://www.mhns.co.kr/news/articleView.html?idxno=748421,naver_news,사과,canonical,1.0,2026-05-26T11:50:13.707259+00:00,0,0,0,0,,대국민 <b>사과</b>에 나선 신세계그룹 정용진 회장을 강하게 비판하며 실질적인 책임 이행과 철저한 진상 규명을... 않는 <b>사과</b>로 위기를 넘기려 하고 있다&quot;고 주장했다. 광주시당은 신세계 측이 관련자 휴대전화 제출 거부와... ,"{""title"": ""민주당 광주시당 &quot;정용진 <b>사과</b>는 반쪽짜리…실질적 책임 져야&quot;"", ""originallink"": ""https://www.mhns.co.kr/news/articleView.html?idxno=748421"", ""link"": ""https://www.mhns.co.kr/news/articleView.html?idxno=748421"", ""description"": ""대국민 <b>사과</b>에 나선 신세계그룹 정용진 회장을 강하게 비판하며 실질적인 책임 이행과 철저한 진상 규명을... 않는 <b>사과</b>로 위기를 넘기려 하고 있다&quot;고 주장했다. 광주시당은 신세계 측이 관련자 휴대전화 제출 거부와... "", ""pubDate"": ""Tue, 26 May 2026 20:44:00 +0900""}",,
사과,single_term_fallback,사과,“인간 지배하려는 AI 기술 ‘새로운 노예제’와 싸워야”,https://n.news.naver.com/mnews/article/032/0003448105?sid=104,"Tue, 26 May 2026 20:41:00 +0900",역사 <b>사과</b>하기도 레오 14세 교황이 인공지능(AI) 기술의 위험성을 경고하고 신기술이 인간의 존엄성을... 이 대목에서 교황은 과거 노예제 유지에 가톨릭 교회가 개입했던 역사에 대해 직접 <b>사과</b>했다. AI 개발을 주도하는... ,https://www.khan.co.kr/article/202605262041005,naver_news,사과,canonical,1.0,2026-05-26T11:50:13.707259+00:00,0,0,0,0,,역사 <b>사과</b>하기도 레오 14세 교황이 인공지능(AI) 기술의 위험성을 경고하고 신기술이 인간의 존엄성을... 이 대목에서 교황은 과거 노예제 유지에 가톨릭 교회가 개입했던 역사에 대해 직접 <b>사과</b>했다. AI 개발을 주도하는... ,"{""title"": ""“인간 지배하려는 AI 기술 ‘새로운 노예제’와 싸워야”"", ""originallink"": ""https://www.khan.co.kr/article/202605262041005"", ""link"": ""https://n.news.naver.com/mnews/article/032/0003448105?sid=104"", ""description"": ""역사 <b>사과</b>하기도 레오 14세 교황이 인공지능(AI) 기술의 위험성을 경고하고 신기술이 인간의 존엄성을... 이 대목에서 교황은 과거 노예제 유지에 가톨릭 교회가 개입했던 역사에 대해 직접 <b>사과</b>했다. AI 개발을 주도하는... "", ""pubDate"": ""Tue, 26 May 2026 20:41:00 +0900""}",,
사과,single_term_fallback,사과,정용진 고개 숙였지만..광주는 싸늘 &quot;맹탕 <b>사과</b>&quot;,https://kjmbc.co.kr/NewsArticle/1520357,"Tue, 26 May 2026 20:40:00 +0900",직접 <b>사과</b>했습니다. 정 회장은 스스로 책임지겠다면서도 어떤 방식으로 책임을 질지는 밝히지 않았습니다. 광주시민사회와 5·18 단체는 알맹이 없는 면피용 <b>사과</b>라며 강하게 반발했습니다. 박승환 기자입니다.... ,https://kjmbc.co.kr/NewsArticle/1520357,naver_news,사과,canonical,1.0,2026-05-26T11:50:13.707259+00:00,0,0,0,0,,직접 <b>사과</b>했습니다. 정 회장은 스스로 책임지겠다면서도 어떤 방식으로 책임을 질지는 밝히지 않았습니다. 광주시민사회와 5·18 단체는 알맹이 없는 면피용 <b>사과</b>라며 강하게 반발했습니다. 박승환 기자입니다.... ,"{""title"": ""정용진 고개 숙였지만..광주는 싸늘 &quot;맹탕 <b>사과</b>&quot;"", ""originallink"": ""https://kjmbc.co.kr/NewsArticle/1520357"", ""link"": ""https://kjmbc.co.kr/NewsArticle/1520357"", ""description"": ""직접 <b>사과</b>했습니다. 정 회장은 스스로 책임지겠다면서도 어떤 방식으로 책임을 질지는 밝히지 않았습니다. 광주시민사회와 5·18 단체는 알맹이 없는 면피용 <b>사과</b>라며 강하게 반발했습니다. 박승환 기자입니다.... "", ""pubDate"": ""Tue, 26 May 2026 20:40:00 +0900""}",,
사과,single_term_fallback,사과,"선거 코앞에 두고 유세장 논란…민주당은 &quot;엎드려뻗쳐&quot;, 국민의힘은 &quot;잘...",https://n.news.naver.com/mnews/article/057/0001950922?sid=102,"Tue, 26 May 2026 20:40:00 +0900","김민전, 10대 학생에게 &quot;잘생긴 오빠들 많아요&quot; 발언 김민전 &quot;누구처럼 오빠라고 불러보라고 강요한 적 없어&quot; 민주당 선거 유세 현장에서는…'엎드려뻗쳐' 논란 결국 민형배 후보 마이크 잡고 <b>사과</b> &quot;진행자가 오버... ",http://www.mbn.co.kr/pages/news/newsView.php?news_seq_no=5196070,naver_news,사과,canonical,1.0,2026-05-26T11:50:13.707259+00:00,0,0,0,0,,"김민전, 10대 학생에게 &quot;잘생긴 오빠들 많아요&quot; 발언 김민전 &quot;누구처럼 오빠라고 불러보라고 강요한 적 없어&quot; 민주당 선거 유세 현장에서는…'엎드려뻗쳐' 논란 결국 민형배 후보 마이크 잡고 <b>사과</b> &quot;진행자가 오버... ","{""title"": ""선거 코앞에 두고 유세장 논란…민주당은 &quot;엎드려뻗쳐&quot;, 국민의힘은 &quot;잘..."", ""originallink"": ""http://www.mbn.co.kr/pages/news/newsView.php?news_seq_no=5196070"", ""link"": ""https://n.news.naver.com/mnews/article/057/0001950922?sid=102"", ""description"": ""김민전, 10대 학생에게 &quot;잘생긴 오빠들 많아요&quot; 발언 김민전 &quot;누구처럼 오빠라고 불러보라고 강요한 적 없어&quot; 민주당 선거 유세 현장에서는…'엎드려뻗쳐' 논란 결국 민형배 후보 마이크 잡고 <b>사과</b> &quot;진행자가 오버... "", ""pubDate"": ""Tue, 26 May 2026 20:40:00 +0900""}",,
사과,single_term_fallback,사과,현직 군의원 vs 전직 군수 ‘양강 구도’ 속 무소속 가세,http://www.kjdaily.com/article.php?aid=1779794656679342002,"Tue, 26 May 2026 20:40:00 +0900",이에 맞서 혁신당 이윤행 후보는 과거 군정에 대한 <b>사과</b>와 함께 변화 의지를 거듭 밝히며 체감 행정과 균형발전을 강조하고 있다. 호남대학교 대학원 행정학 박사 학위를 취득한 이윤행 후보는 제46대 함평군수와 제7대... ,http://www.kjdaily.com/article.php?aid=1779794656679342002,naver_news,사과,canonical,1.0,2026-05-26T11:50:13.707259+00:00,0,0,0,0,,이에 맞서 혁신당 이윤행 후보는 과거 군정에 대한 <b>사과</b>와 함께 변화 의지를 거듭 밝히며 체감 행정과 균형발전을 강조하고 있다. 호남대학교 대학원 행정학 박사 학위를 취득한 이윤행 후보는 제46대 함평군수와 제7대... ,"{""title"": ""현직 군의원 vs 전직 군수 ‘양강 구도’ 속 무소속 가세"", ""originallink"": ""http://www.kjdaily.com/article.php?aid=1779794656679342002"", ""link"": ""http://www.kjdaily.com/article.php?aid=1779794656679342002"", ""description"": ""이에 맞서 혁신당 이윤행 후보는 과거 군정에 대한 <b>사과</b>와 함께 변화 의지를 거듭 밝히며 체감 행정과 균형발전을 강조하고 있다. 호남대학교 대학원 행정학 박사 학위를 취득한 이윤행 후보는 제46대 함평군수와 제7대... "", ""pubDate"": ""Tue, 26 May 2026 20:40:00 +0900""}",,
사과,single_term_fallback,사과,"강기정, &quot;정용진, <b>사과</b>·진상·책임없어.. 신세계 광주사업은 별개&quot;",https://kjmbc.co.kr/NewsArticle/1520358,"Tue, 26 May 2026 20:40:00 +0900","강기정 광주시장은 정용진 회장의 대국민 <b>사과</b>를 두고 <b>사과</b>와 진상 규명, 책임이 모두 빠졌다며 정 회장의 사퇴를 촉구했습니다. 강 시장은 또 관련 가짜뉴스가 확산하고 있는 것을 두고도 &quot;기업의 무책임한 대처가... ",https://kjmbc.co.kr/NewsArticle/1520358,naver_news,사과,canonical,1.0,2026-05-26T11:50:13.707259+00:00,0,0,0,0,,"강기정 광주시장은 정용진 회장의 대국민 <b>사과</b>를 두고 <b>사과</b>와 진상 규명, 책임이 모두 빠졌다며 정 회장의 사퇴를 촉구했습니다. 강 시장은 또 관련 가짜뉴스가 확산하고 있는 것을 두고도 &quot;기업의 무책임한 대처가... ","{""title"": ""강기정, &quot;정용진, <b>사과</b>·진상·책임없어.. 신세계 광주사업은 별개&quot;"", ""originallink"": ""https://kjmbc.co.kr/NewsArticle/1520358"", ""link"": ""https://kjmbc.co.kr/NewsArticle/1520358"", ""description"": ""강기정 광주시장은 정용진 회장의 대국민 <b>사과</b>를 두고 <b>사과</b>와 진상 규명, 책임이 모두 빠졌다며 정 회장의 사퇴를 촉구했습니다. 강 시장은 또 관련 가짜뉴스가 확산하고 있는 것을 두고도 &quot;기업의 무책임한 대처가... "", ""pubDate"": ""Tue, 26 May 2026 20:40:00 +0900""}",,
사과,single_term_fallback,사과,"박강수 &quot;마포 사고 없어 자랑&quot;…채현일, SNS글 삭제",https://n.news.naver.com/mnews/article/422/0000868579?sid=100,"Tue, 26 May 2026 20:39:00 +0900",뒤늦게 <b>사과</b>했습니다. 박 후보는 오늘(26일) 유세 도중 사고 소식을 전하며 이같이 말했다가 논란이 거세지자 SNS를 통해 &quot;저의 신중하지 못한 언행으로 상처받으셨을 분들께 고개 숙여 <b>사과</b> 드린다&quot;고 전했습니다. 한편... ,http://www.yonhapnewstv.co.kr/news/MYH20260526203842Y1N,naver_news,사과,canonical,1.0,2026-05-26T11:50:13.707259+00:00,0,0,0,0,,뒤늦게 <b>사과</b>했습니다. 박 후보는 오늘(26일) 유세 도중 사고 소식을 전하며 이같이 말했다가 논란이 거세지자 SNS를 통해 &quot;저의 신중하지 못한 언행으로 상처받으셨을 분들께 고개 숙여 <b>사과</b> 드린다&quot;고 전했습니다. 한편... ,"{""title"": ""박강수 &quot;마포 사고 없어 자랑&quot;…채현일, SNS글 삭제"", ""originallink"": ""http://www.yonhapnewstv.co.kr/news/MYH20260526203842Y1N"", ""link"": ""https://n.news.naver.com/mnews/article/422/0000868579?sid=100"", ""description"": ""뒤늦게 <b>사과</b>했습니다. 박 후보는 오늘(26일) 유세 도중 사고 소식을 전하며 이같이 말했다가 논란이 거세지자 SNS를 통해 &quot;저의 신중하지 못한 언행으로 상처받으셨을 분들께 고개 숙여 <b>사과</b> 드린다&quot;고 전했습니다. 한편... "", ""pubDate"": ""Tue, 26 May 2026 20:39:00 +0900""}",,
사과,single_term_fallback,사과,[앵커 한마디] 대국민 '부탁문',https://n.news.naver.com/mnews/article/437/0000493040?sid=102,"Tue, 26 May 2026 20:37:00 +0900","어떤 역사를 어떻게 함부로 다루었는지, <b>사과</b>의 핵심은 담기지 않았습니다. [정용진/신세계그룹 회장... 피해자들에게 고개를 세 번 숙였다는 <b>사과</b>의 형식은 그 자체로 평가될 것입니다. 다만, 피해자들이 895자의 내용을... ",https://news.jtbc.co.kr/article/NB12299904?influxDiv=NAVER,naver_news,사과,canonical,1.0,2026-05-26T11:50:13.707259+00:00,0,0,0,0,,"어떤 역사를 어떻게 함부로 다루었는지, <b>사과</b>의 핵심은 담기지 않았습니다. [정용진/신세계그룹 회장... 피해자들에게 고개를 세 번 숙였다는 <b>사과</b>의 형식은 그 자체로 평가될 것입니다. 다만, 피해자들이 895자의 내용을... ","{""title"": ""[앵커 한마디] 대국민 '부탁문'"", ""originallink"": ""https://news.jtbc.co.kr/article/NB12299904?influxDiv=NAVER"", ""link"": ""https://n.news.naver.com/mnews/article/437/0000493040?sid=102"", ""description"": ""어떤 역사를 어떻게 함부로 다루었는지, <b>사과</b>의 핵심은 담기지 않았습니다. [정용진/신세계그룹 회장... 피해자들에게 고개를 세 번 숙였다는 <b>사과</b>의 형식은 그 자체로 평가될 것입니다. 다만, 피해자들이 895자의 내용을... "", ""pubDate"": ""Tue, 26 May 2026 20:37:00 +0900""}",,
사과,single_term_fallback,사과,'고의성 입증·피해자 특정'이 관건…정용진 소환 시점은?,https://n.news.naver.com/mnews/article/055/0001359249?sid=102,"Tue, 26 May 2026 20:36:00 +0900",정용진 회장의 대국민 <b>사과</b> 이후 이제 관심은 정 회장을 비롯한 마케팅 관련자들에게 민형사상 책임을 물을 수 있을지에 쏠리고 있습니다. 법조계에선 고의성 입증은 물론 구체적인 요건이 충족돼야만 사법 처리가 가능할... ,https://news.sbs.co.kr/news/endPage.do?news_id=N1008579805&plink=ORI&cooper=NAVER,naver_news,사과,canonical,1.0,2026-05-26T11:50:13.707259+00:00,0,0,0,0,,정용진 회장의 대국민 <b>사과</b> 이후 이제 관심은 정 회장을 비롯한 마케팅 관련자들에게 민형사상 책임을 물을 수 있을지에 쏠리고 있습니다. 법조계에선 고의성 입증은 물론 구체적인 요건이 충족돼야만 사법 처리가 가능할... ,"{""title"": ""'고의성 입증·피해자 특정'이 관건…정용진 소환 시점은?"", ""originallink"": ""https://news.sbs.co.kr/news/endPage.do?news_id=N1008579805&plink=ORI&cooper=NAVER"", ""link"": ""https://n.news.naver.com/mnews/article/055/0001359249?sid=102"", ""description"": ""정용진 회장의 대국민 <b>사과</b> 이후 이제 관심은 정 회장을 비롯한 마케팅 관련자들에게 민형사상 책임을 물을 수 있을지에 쏠리고 있습니다. 법조계에선 고의성 입증은 물론 구체적인 요건이 충족돼야만 사법 처리가 가능할... "", ""pubDate"": ""Tue, 26 May 2026 20:36:00 +0900""}",,
사과,single_term_fallback,사과,김부겸 &quot;정용진 <b>사과</b>했으니 '스벅 논란' 이쯤에서 그쳐야&quot;,https://daily.hankooki.com/news/articleView.html?idxno=1370778,"Tue, 26 May 2026 20:36:00 +0900",대해 <b>사과</b>한 것과 관련해 &quot;이제 이 정도 선에서 그쳤으면 한다&quot;고 말했다. 김 후보는 이날 자신의 페이스북에 &quot;정 회장이 '스타벅스 논란'에 대해 <b>사과</b>했다. 본인의 책임을 분명히 했다&quot;며 이같이 밝혔다. 그는 이어 &quot;5·18... ,https://daily.hankooki.com/news/articleView.html?idxno=1370778,naver_news,사과,canonical,1.0,2026-05-26T11:50:13.707259+00:00,0,0,0,0,,대해 <b>사과</b>한 것과 관련해 &quot;이제 이 정도 선에서 그쳤으면 한다&quot;고 말했다. 김 후보는 이날 자신의 페이스북에 &quot;정 회장이 '스타벅스 논란'에 대해 <b>사과</b>했다. 본인의 책임을 분명히 했다&quot;며 이같이 밝혔다. 그는 이어 &quot;5·18... ,"{""title"": ""김부겸 &quot;정용진 <b>사과</b>했으니 '스벅 논란' 이쯤에서 그쳐야&quot;"", ""originallink"": ""https://daily.hankooki.com/news/articleView.html?idxno=1370778"", ""link"": ""https://daily.hankooki.com/news/articleView.html?idxno=1370778"", ""description"": ""대해 <b>사과</b>한 것과 관련해 &quot;이제 이 정도 선에서 그쳤으면 한다&quot;고 말했다. 김 후보는 이날 자신의 페이스북에 &quot;정 회장이 '스타벅스 논란'에 대해 <b>사과</b>했다. 본인의 책임을 분명히 했다&quot;며 이같이 밝혔다. 그는 이어 &quot;5·18... "", ""pubDate"": ""Tue, 26 May 2026 20:36:00 +0900""}",,
사과,single_term_fallback,사과,"&quot;미안해요 워너블&quot; 박지훈, 대뜸 보낸 <b>사과</b> 문자에 팬들 '발칵'('워너원...",https://m.entertain.naver.com/article/445/0000419204,"Tue, 26 May 2026 20:36:00 +0900","출처:Mnet '워너원고' 그룹 워너원 멤버들이 퀴즈부터 비밀 미션, 그리고 난데없는 화보 촬영까지 몰아치는 예능감으로 안방극장을 사로잡았다. 26일 방송된 Mnet ‘워너원고: 백투베이스’에서는 팀에 대한 애정과 팬심을... ",https://mhnse.com/news/articleView.html?idxno=1390030,naver_news,사과,canonical,1.0,2026-05-26T11:50:13.707259+00:00,0,0,0,0,,"출처:Mnet '워너원고' 그룹 워너원 멤버들이 퀴즈부터 비밀 미션, 그리고 난데없는 화보 촬영까지 몰아치는 예능감으로 안방극장을 사로잡았다. 26일 방송된 Mnet ‘워너원고: 백투베이스’에서는 팀에 대한 애정과 팬심을... ","{""title"": ""&quot;미안해요 워너블&quot; 박지훈, 대뜸 보낸 <b>사과</b> 문자에 팬들 '발칵'('워너원..."", ""originallink"": ""https://mhnse.com/news/articleView.html?idxno=1390030"", ""link"": ""https://m.entertain.naver.com/article/445/0000419204"", ""description"": ""출처:Mnet '워너원고' 그룹 워너원 멤버들이 퀴즈부터 비밀 미션, 그리고 난데없는 화보 촬영까지 몰아치는 예능감으로 안방극장을 사로잡았다. 26일 방송된 Mnet ‘워너원고: 백투베이스’에서는 팀에 대한 애정과 팬심을... "", ""pubDate"": ""Tue, 26 May 2026 20:36:00 +0900""}",,
사과,single_term_fallback,사과,"더불어민주당·김중남 후보, 강릉시 체육회 '관권선거' 의혹 수사 촉구",https://www.mbceg.co.kr/post/136721,"Tue, 26 May 2026 20:36:00 +0900","근간을 흔는 조직적인 관권선거&quot;라며 검찰, 경찰, 선관위에 수사와 조사를 요구했습니다. 또, 강릉시 체육회장과 김홍규 국민의힘 강릉시장 후보와의 연관성을 밝혀내고, 강릉시민에게 <b>사과</b>해야 한다고 주장했습니다.",https://www.mbceg.co.kr/post/136721,naver_news,사과,canonical,1.0,2026-05-26T11:50:13.707259+00:00,0,0,0,0,,"근간을 흔는 조직적인 관권선거&quot;라며 검찰, 경찰, 선관위에 수사와 조사를 요구했습니다. 또, 강릉시 체육회장과 김홍규 국민의힘 강릉시장 후보와의 연관성을 밝혀내고, 강릉시민에게 <b>사과</b>해야 한다고 주장했습니다.","{""title"": ""더불어민주당·김중남 후보, 강릉시 체육회 '관권선거' 의혹 수사 촉구"", ""originallink"": ""https://www.mbceg.co.kr/post/136721"", ""link"": ""https://www.mbceg.co.kr/post/136721"", ""description"": ""근간을 흔는 조직적인 관권선거&quot;라며 검찰, 경찰, 선관위에 수사와 조사를 요구했습니다. 또, 강릉시 체육회장과 김홍규 국민의힘 강릉시장 후보와의 연관성을 밝혀내고, 강릉시민에게 <b>사과</b>해야 한다고 주장했습니다."", ""pubDate"": ""Tue, 26 May 2026 20:36:00 +0900""}",,
사과,single_term_fallback,사과,"[속보] 장동혁 “李대통령, 예비군 사망 사고에 일언반구도 없어…선택...",https://n.news.naver.com/mnews/article/666/0000108652?sid=100,"Tue, 26 May 2026 20:34:00 +0900","이어 “만기친람 이재명은 국방일보 보도 내용까지 따지더니 예비군의 억울한 죽음에는 일언반구도 없다”며 “당연히 국방부장관을 질책하고, 대통령이 <b>사과</b>할 일 아닌가”라고 반문했다. 그는 “무리한 훈련이었고... ",https://www.kyeonggi.com/article/20260526580602,naver_news,사과,canonical,1.0,2026-05-26T11:50:13.707259+00:00,0,0,0,0,,"이어 “만기친람 이재명은 국방일보 보도 내용까지 따지더니 예비군의 억울한 죽음에는 일언반구도 없다”며 “당연히 국방부장관을 질책하고, 대통령이 <b>사과</b>할 일 아닌가”라고 반문했다. 그는 “무리한 훈련이었고... ","{""title"": ""[속보] 장동혁 “李대통령, 예비군 사망 사고에 일언반구도 없어…선택..."", ""originallink"": ""https://www.kyeonggi.com/article/20260526580602"", ""link"": ""https://n.news.naver.com/mnews/article/666/0000108652?sid=100"", ""description"": ""이어 “만기친람 이재명은 국방일보 보도 내용까지 따지더니 예비군의 억울한 죽음에는 일언반구도 없다”며 “당연히 국방부장관을 질책하고, 대통령이 <b>사과</b>할 일 아닌가”라고 반문했다. 그는 “무리한 훈련이었고... "", ""pubDate"": ""Tue, 26 May 2026 20:34:00 +0900""}",,
사과,single_term_fallback,사과,“타오르는 분노에 기름 끼얹나…진정성 보이지 않아”,http://www.kjdaily.com/article.php?aid=1779794651679346002,"Tue, 26 May 2026 20:32:00 +0900","정용진 신세계그룹 회장이 스타벅스코리아의 ‘탱크데이’ 마케팅 논란에 대해 대국민 <b>사과</b>로 진화에 나섰지만, 오월단체와 광주·전남 지역사회는 “진정성이 보이지 않는 빈 껍데기 맹탕 <b>사과</b>”라며 오히려 비판의... ",http://www.kjdaily.com/article.php?aid=1779794651679346002,naver_news,사과,canonical,1.0,2026-05-26T11:50:13.707259+00:00,0,0,0,0,,"정용진 신세계그룹 회장이 스타벅스코리아의 ‘탱크데이’ 마케팅 논란에 대해 대국민 <b>사과</b>로 진화에 나섰지만, 오월단체와 광주·전남 지역사회는 “진정성이 보이지 않는 빈 껍데기 맹탕 <b>사과</b>”라며 오히려 비판의... ","{""title"": ""“타오르는 분노에 기름 끼얹나…진정성 보이지 않아”"", ""originallink"": ""http://www.kjdaily.com/article.php?aid=1779794651679346002"", ""link"": ""http://www.kjdaily.com/article.php?aid=1779794651679346002"", ""description"": ""정용진 신세계그룹 회장이 스타벅스코리아의 ‘탱크데이’ 마케팅 논란에 대해 대국민 <b>사과</b>로 진화에 나섰지만, 오월단체와 광주·전남 지역사회는 “진정성이 보이지 않는 빈 껍데기 맹탕 <b>사과</b>”라며 오히려 비판의... "", ""pubDate"": ""Tue, 26 May 2026 20:32:00 +0900""}",,
사과,single_term_fallback,사과,뒤늦게 &quot;스벅 선불카드 전액 환불&quot;…기간은 단 2주 동안,https://n.news.naver.com/mnews/article/055/0001359248?sid=101,"Tue, 26 May 2026 20:32:00 +0900",대국민 <b>사과</b>를 놓고 시민들은 다양한 목소리를 냈습니다. [A 씨 : 좀 더 대책이 필요하다고 생각해요. 더 설명을 하고 진심 있게 <b>사과</b>를 해야 한다고 생각합니다.] [이성호 : 대국민 <b>사과</b>까지 한 거 아니야. 그 정도면 뭐... ,https://news.sbs.co.kr/news/endPage.do?news_id=N1008579804&plink=ORI&cooper=NAVER,naver_news,사과,canonical,1.0,2026-05-26T11:50:13.707259+00:00,0,0,0,0,,대국민 <b>사과</b>를 놓고 시민들은 다양한 목소리를 냈습니다. [A 씨 : 좀 더 대책이 필요하다고 생각해요. 더 설명을 하고 진심 있게 <b>사과</b>를 해야 한다고 생각합니다.] [이성호 : 대국민 <b>사과</b>까지 한 거 아니야. 그 정도면 뭐... ,"{""title"": ""뒤늦게 &quot;스벅 선불카드 전액 환불&quot;…기간은 단 2주 동안"", ""originallink"": ""https://news.sbs.co.kr/news/endPage.do?news_id=N1008579804&plink=ORI&cooper=NAVER"", ""link"": ""https://n.news.naver.com/mnews/article/055/0001359248?sid=101"", ""description"": ""대국민 <b>사과</b>를 놓고 시민들은 다양한 목소리를 냈습니다. [A 씨 : 좀 더 대책이 필요하다고 생각해요. 더 설명을 하고 진심 있게 <b>사과</b>를 해야 한다고 생각합니다.] [이성호 : 대국민 <b>사과</b>까지 한 거 아니야. 그 정도면 뭐... "", ""pubDate"": ""Tue, 26 May 2026 20:32:00 +0900""}",,
사과,single_term_fallback,사과,창원시장 선거 막판 '공무원 폭행 전과' 공방 격화,https://www.gnnews.co.kr/news/articleView.html?idxno=637625,"Tue, 26 May 2026 20:32:00 +0900","공개 <b>사과</b>를 했고 지금도 깊이 반성하고 있다&quot;고 밝혔다. 선대위는 &quot;당시 피해 공무원과 가족, 공무원 조직, 시민들에게 공개적으로 <b>사과</b>했으며 <b>사과</b>문과 사건 경위도 본인 블로그에 공개돼 있다&quot;며 &quot;숨기거나 변명한 적이... ",https://www.gnnews.co.kr/news/articleView.html?idxno=637625,naver_news,사과,canonical,1.0,2026-05-26T11:50:13.707259+00:00,0,0,0,0,,"공개 <b>사과</b>를 했고 지금도 깊이 반성하고 있다&quot;고 밝혔다. 선대위는 &quot;당시 피해 공무원과 가족, 공무원 조직, 시민들에게 공개적으로 <b>사과</b>했으며 <b>사과</b>문과 사건 경위도 본인 블로그에 공개돼 있다&quot;며 &quot;숨기거나 변명한 적이... ","{""title"": ""창원시장 선거 막판 '공무원 폭행 전과' 공방 격화"", ""originallink"": ""https://www.gnnews.co.kr/news/articleView.html?idxno=637625"", ""link"": ""https://www.gnnews.co.kr/news/articleView.html?idxno=637625"", ""description"": ""공개 <b>사과</b>를 했고 지금도 깊이 반성하고 있다&quot;고 밝혔다. 선대위는 &quot;당시 피해 공무원과 가족, 공무원 조직, 시민들에게 공개적으로 <b>사과</b>했으며 <b>사과</b>문과 사건 경위도 본인 블로그에 공개돼 있다&quot;며 &quot;숨기거나 변명한 적이... "", ""pubDate"": ""Tue, 26 May 2026 20:32:00 +0900""}",,
사과,single_term_fallback,사과,"국민 앞 고개 숙인 정용진, 의혹 해명까지 했지만…&quot;면피용 <b>사과</b>&quot; 여전...",https://n.news.naver.com/mnews/article/057/0001950915?sid=102,"Tue, 26 May 2026 20:31:00 +0900","정용진, 직접 고개 숙이고 대국민 <b>사과</b> 발표 &quot;모든 책임 나에게&quot;…내부 조사 결과 및 해명도 &quot;고의성 확인 안 돼&quot; &quot;4단계 결재 절차에 문제&quot; &quot;'책상에 탁' 홍보 문구는 AI 도움 받은 것&quot; <b>사과</b> 및 해명에도…&quot;반쪽짜리... ",http://www.mbn.co.kr/pages/news/newsView.php?news_seq_no=5196066,naver_news,사과,canonical,1.0,2026-05-26T11:50:13.707259+00:00,0,0,0,0,,"정용진, 직접 고개 숙이고 대국민 <b>사과</b> 발표 &quot;모든 책임 나에게&quot;…내부 조사 결과 및 해명도 &quot;고의성 확인 안 돼&quot; &quot;4단계 결재 절차에 문제&quot; &quot;'책상에 탁' 홍보 문구는 AI 도움 받은 것&quot; <b>사과</b> 및 해명에도…&quot;반쪽짜리... ","{""title"": ""국민 앞 고개 숙인 정용진, 의혹 해명까지 했지만…&quot;면피용 <b>사과</b>&quot; 여전..."", ""originallink"": ""http://www.mbn.co.kr/pages/news/newsView.php?news_seq_no=5196066"", ""link"": ""https://n.news.naver.com/mnews/article/057/0001950915?sid=102"", ""description"": ""정용진, 직접 고개 숙이고 대국민 <b>사과</b> 발표 &quot;모든 책임 나에게&quot;…내부 조사 결과 및 해명도 &quot;고의성 확인 안 돼&quot; &quot;4단계 결재 절차에 문제&quot; &quot;'책상에 탁' 홍보 문구는 AI 도움 받은 것&quot; <b>사과</b> 및 해명에도…&quot;반쪽짜리... "", ""pubDate"": ""Tue, 26 May 2026 20:31:00 +0900""}",,
사과,single_term_fallback,사과,"'이현이♥' 홍성기, 학비 1000만원 초등학교에 괴담 유포…&quot;죄송합니다...",https://m.entertain.naver.com/article/312/0000761310,"Tue, 26 May 2026 20:31:00 +0900",지난 25일 유튜브 채널 '워킹맘이현이'에는 '학교괴담 유포자 <b>사과</b>드립니다'라는 제목의 쇼츠 영상이... 우리 애 아빠가 죄송합니다&quot;며 거듭 <b>사과</b>해 웃음을 자아냈다. 한편 이현이는 2012년 삼성전자 반도체 개발 엔지니어... ,https://www.tenasia.co.kr/article/2026052696514,naver_news,사과,canonical,1.0,2026-05-26T11:50:13.707259+00:00,0,0,0,0,,지난 25일 유튜브 채널 '워킹맘이현이'에는 '학교괴담 유포자 <b>사과</b>드립니다'라는 제목의 쇼츠 영상이... 우리 애 아빠가 죄송합니다&quot;며 거듭 <b>사과</b>해 웃음을 자아냈다. 한편 이현이는 2012년 삼성전자 반도체 개발 엔지니어... ,"{""title"": ""'이현이♥' 홍성기, 학비 1000만원 초등학교에 괴담 유포…&quot;죄송합니다..."", ""originallink"": ""https://www.tenasia.co.kr/article/2026052696514"", ""link"": ""https://m.entertain.naver.com/article/312/0000761310"", ""description"": ""지난 25일 유튜브 채널 '워킹맘이현이'에는 '학교괴담 유포자 <b>사과</b>드립니다'라는 제목의 쇼츠 영상이... 우리 애 아빠가 죄송합니다&quot;며 거듭 <b>사과</b>해 웃음을 자아냈다. 한편 이현이는 2012년 삼성전자 반도체 개발 엔지니어... "", ""pubDate"": ""Tue, 26 May 2026 20:31:00 +0900""}",,
사과,single_term_fallback,사과,[이시각헤드라인] 5월 26일 뉴스리뷰,https://n.news.naver.com/mnews/article/422/0000868573?sid=102,"Tue, 26 May 2026 20:31:00 +0900",■고개 숙인 정용진 &quot;모두 제 잘못&quot;…고의성 부인■ 정용진 신세계그룹 회장이 스타벅스코리아의 5·18 '탱크데이' 마케팅 논란에 대해 모든 책임은 자신에게 있다며 직접 <b>사과</b>했습니다. 고의성 여부에 대해선 단정할... ,http://www.yonhapnewstv.co.kr/news/MYH20260526203020Eb0,naver_news,사과,canonical,1.0,2026-05-26T11:50:13.707259+00:00,0,0,0,0,,■고개 숙인 정용진 &quot;모두 제 잘못&quot;…고의성 부인■ 정용진 신세계그룹 회장이 스타벅스코리아의 5·18 '탱크데이' 마케팅 논란에 대해 모든 책임은 자신에게 있다며 직접 <b>사과</b>했습니다. 고의성 여부에 대해선 단정할... ,"{""title"": ""[이시각헤드라인] 5월 26일 뉴스리뷰"", ""originallink"": ""http://www.yonhapnewstv.co.kr/news/MYH20260526203020Eb0"", ""link"": ""https://n.news.naver.com/mnews/article/422/0000868573?sid=102"", ""description"": ""■고개 숙인 정용진 &quot;모두 제 잘못&quot;…고의성 부인■ 정용진 신세계그룹 회장이 스타벅스코리아의 5·18 '탱크데이' 마케팅 논란에 대해 모든 책임은 자신에게 있다며 직접 <b>사과</b>했습니다. 고의성 여부에 대해선 단정할... "", ""pubDate"": ""Tue, 26 May 2026 20:31:00 +0900""}",,
사과,single_term_fallback,사과,[단독] 군산·김제·부안을 박지원 &quot;성 접대 의혹은 허위&quot;…공선법 위반...,https://n.news.naver.com/mnews/article/629/0000502389?sid=162,"Tue, 26 May 2026 20:30:00 +0900",A 씨는 &quot;청소년 선도와 법질서 수호를 내세우는 단체 소속 인사가 해외에서 유흥업소를 드나들며 성 접대를 받았다는 의혹이 있다&quot;며 &quot;국민 앞에 <b>사과</b>해야 한다&quot;고 말했다. 이에 대해 박 후보 측은 입장문을 통해 &quot;2018년 6월... ,https://news.tf.co.kr/read/ptoday/2326412.htm,naver_news,사과,canonical,1.0,2026-05-26T11:50:13.707259+00:00,0,0,0,0,,A 씨는 &quot;청소년 선도와 법질서 수호를 내세우는 단체 소속 인사가 해외에서 유흥업소를 드나들며 성 접대를 받았다는 의혹이 있다&quot;며 &quot;국민 앞에 <b>사과</b>해야 한다&quot;고 말했다. 이에 대해 박 후보 측은 입장문을 통해 &quot;2018년 6월... ,"{""title"": ""[단독] 군산·김제·부안을 박지원 &quot;성 접대 의혹은 허위&quot;…공선법 위반..."", ""originallink"": ""https://news.tf.co.kr/read/ptoday/2326412.htm"", ""link"": ""https://n.news.naver.com/mnews/article/629/0000502389?sid=162"", ""description"": ""A 씨는 &quot;청소년 선도와 법질서 수호를 내세우는 단체 소속 인사가 해외에서 유흥업소를 드나들며 성 접대를 받았다는 의혹이 있다&quot;며 &quot;국민 앞에 <b>사과</b>해야 한다&quot;고 말했다. 이에 대해 박 후보 측은 입장문을 통해 &quot;2018년 6월... "", ""pubDate"": ""Tue, 26 May 2026 20:30:00 +0900""}",,
사과,single_term_fallback,사과,'여혐 의혹' 자문위원에 치어리더 운동원… 국힘 캠프 잇단 여성혐오 논...,https://n.news.naver.com/mnews/article/006/0000135926?sid=162,"Tue, 26 May 2026 20:30:00 +0900",대전여성단체연합은 &quot;성희롱 발언과 학내 징계 문제가 이미 공론화된 상황에서 해당 교수를 정책자문위원으로 임명한 것은 무책임한 처사&quot;라며 이장우 후보 측의 공개 <b>사과</b>를 촉구했다. 언론 보도에 따르면 A 교수는 이번... ,https://www.mediatoday.co.kr/news/articleView.html?idxno=334723,naver_news,사과,canonical,1.0,2026-05-26T11:50:13.707259+00:00,0,0,0,0,,대전여성단체연합은 &quot;성희롱 발언과 학내 징계 문제가 이미 공론화된 상황에서 해당 교수를 정책자문위원으로 임명한 것은 무책임한 처사&quot;라며 이장우 후보 측의 공개 <b>사과</b>를 촉구했다. 언론 보도에 따르면 A 교수는 이번... ,"{""title"": ""'여혐 의혹' 자문위원에 치어리더 운동원… 국힘 캠프 잇단 여성혐오 논..."", ""originallink"": ""https://www.mediatoday.co.kr/news/articleView.html?idxno=334723"", ""link"": ""https://n.news.naver.com/mnews/article/006/0000135926?sid=162"", ""description"": ""대전여성단체연합은 &quot;성희롱 발언과 학내 징계 문제가 이미 공론화된 상황에서 해당 교수를 정책자문위원으로 임명한 것은 무책임한 처사&quot;라며 이장우 후보 측의 공개 <b>사과</b>를 촉구했다. 언론 보도에 따르면 A 교수는 이번... "", ""pubDate"": ""Tue, 26 May 2026 20:30:00 +0900""}",,
사과,single_term_fallback,사과,살인 사건 피해자가 스키즈 현진? '히든아이' 측 사진 오용에 <b>사과</b>→수...,https://www.topstarnews.net/news/articleView.html?idxno=16072095,"Tue, 26 May 2026 20:30:00 +0900",대해 <b>사과</b>했다. 25일 한 온라인 커뮤니티에는 지난해 12월 8일 방송된 MBC에브리원 '히든아이' 장면 일부를... 스트레이키즈 현진 님과 팬분들께 심려를 끼쳐드린 점 진심으로 <b>사과</b>드린다. 시청자 여러분께도 혼란을 드린 점... ,https://www.topstarnews.net/news/articleView.html?idxno=16072095,naver_news,사과,canonical,1.0,2026-05-26T11:50:13.707259+00:00,0,0,0,0,,대해 <b>사과</b>했다. 25일 한 온라인 커뮤니티에는 지난해 12월 8일 방송된 MBC에브리원 '히든아이' 장면 일부를... 스트레이키즈 현진 님과 팬분들께 심려를 끼쳐드린 점 진심으로 <b>사과</b>드린다. 시청자 여러분께도 혼란을 드린 점... ,"{""title"": ""살인 사건 피해자가 스키즈 현진? '히든아이' 측 사진 오용에 <b>사과</b>→수..."", ""originallink"": ""https://www.topstarnews.net/news/articleView.html?idxno=16072095"", ""link"": ""https://www.topstarnews.net/news/articleView.html?idxno=16072095"", ""description"": ""대해 <b>사과</b>했다. 25일 한 온라인 커뮤니티에는 지난해 12월 8일 방송된 MBC에브리원 '히든아이' 장면 일부를... 스트레이키즈 현진 님과 팬분들께 심려를 끼쳐드린 점 진심으로 <b>사과</b>드린다. 시청자 여러분께도 혼란을 드린 점... "", ""pubDate"": ""Tue, 26 May 2026 20:30:00 +0900""}",,
사과,single_term_fallback,사과,"'이병헌♥' 이민정, 28개월 딸 육아에 결국 울먹…&quot;깊이 <b>사과</b> 드린다&quot;('...",https://m.entertain.naver.com/article/312/0000761308,"Tue, 26 May 2026 20:29:00 +0900",이어 &quot;깊이 <b>사과</b>드린다&quot;고 너스레를 떨어 웃음을 안겼다. 그러면서도 결혼 직후 프라하에서 찍었던 과거 사진을 공개하며 추억에 잠겼다. 이민정은 &quot;그때는 애가 없었다&quot;며 &quot;어렸을 때는 얼굴 짧은 게 컴플렉스였다&quot;고... ,https://www.tenasia.co.kr/article/2026052602284,naver_news,사과,canonical,1.0,2026-05-26T11:50:13.707259+00:00,0,0,0,0,,이어 &quot;깊이 <b>사과</b>드린다&quot;고 너스레를 떨어 웃음을 안겼다. 그러면서도 결혼 직후 프라하에서 찍었던 과거 사진을 공개하며 추억에 잠겼다. 이민정은 &quot;그때는 애가 없었다&quot;며 &quot;어렸을 때는 얼굴 짧은 게 컴플렉스였다&quot;고... ,"{""title"": ""'이병헌♥' 이민정, 28개월 딸 육아에 결국 울먹…&quot;깊이 <b>사과</b> 드린다&quot;('..."", ""originallink"": ""https://www.tenasia.co.kr/article/2026052602284"", ""link"": ""https://m.entertain.naver.com/article/312/0000761308"", ""description"": ""이어 &quot;깊이 <b>사과</b>드린다&quot;고 너스레를 떨어 웃음을 안겼다. 그러면서도 결혼 직후 프라하에서 찍었던 과거 사진을 공개하며 추억에 잠겼다. 이민정은 &quot;그때는 애가 없었다&quot;며 &quot;어렸을 때는 얼굴 짧은 게 컴플렉스였다&quot;고... "", ""pubDate"": ""Tue, 26 May 2026 20:29:00 +0900""}",,
사과,single_term_fallback,사과,&quot;맨입 <b>사과</b> 끝낼 일 아냐&quot;…&quot;기업 희생양 삼아 인민재판&quot;,https://n.news.naver.com/mnews/article/055/0001359247?sid=100,"Tue, 26 May 2026 20:27:00 +0900","정용진 회장의 <b>사과</b>를 놓고 정치권의 평가는 엇갈렸습니다. 민주당은 맨입 <b>사과</b>로 끝날 일이 아니라며 책임 있는 조치를 요구했고, 국민의힘은 대통령과 민주당이 기업을 희생양 삼아 인민재판을 하고 있다고 맞섰습니다.... ",https://news.sbs.co.kr/news/endPage.do?news_id=N1008579803&plink=ORI&cooper=NAVER,naver_news,사과,canonical,1.0,2026-05-26T11:50:13.707259+00:00,0,0,0,0,,"정용진 회장의 <b>사과</b>를 놓고 정치권의 평가는 엇갈렸습니다. 민주당은 맨입 <b>사과</b>로 끝날 일이 아니라며 책임 있는 조치를 요구했고, 국민의힘은 대통령과 민주당이 기업을 희생양 삼아 인민재판을 하고 있다고 맞섰습니다.... ","{""title"": ""&quot;맨입 <b>사과</b> 끝낼 일 아냐&quot;…&quot;기업 희생양 삼아 인민재판&quot;"", ""originallink"": ""https://news.sbs.co.kr/news/endPage.do?news_id=N1008579803&plink=ORI&cooper=NAVER"", ""link"": ""https://n.news.naver.com/mnews/article/055/0001359247?sid=100"", ""description"": ""정용진 회장의 <b>사과</b>를 놓고 정치권의 평가는 엇갈렸습니다. 민주당은 맨입 <b>사과</b>로 끝날 일이 아니라며 책임 있는 조치를 요구했고, 국민의힘은 대통령과 민주당이 기업을 희생양 삼아 인민재판을 하고 있다고 맞섰습니다.... "", ""pubDate"": ""Tue, 26 May 2026 20:27:00 +0900""}",,
사과,single_term_fallback,사과,"'워너원 고백' 박지훈, 워너원 고사 꼴등 기록...&quot;워너블 미안해요&quot;",https://www.slist.kr/news/articleView.html?idxno=741431,"Tue, 26 May 2026 20:26:00 +0900",박지훈은 무릎꿇고 손들고 있는 모습을 사진으로 찍었고 이를 워너블(워너원 팬덤명)에게 <b>사과</b>멘트와 함께 전송했다. 그러나 사진은 올라가지 않고 <b>사과</b>멘트만 올라가 워너블들은 모두 놀라며 무슨 일이냐고 반응했다.... ,https://www.slist.kr/news/articleView.html?idxno=741431,naver_news,사과,canonical,1.0,2026-05-26T11:50:13.707259+00:00,0,0,0,0,,박지훈은 무릎꿇고 손들고 있는 모습을 사진으로 찍었고 이를 워너블(워너원 팬덤명)에게 <b>사과</b>멘트와 함께 전송했다. 그러나 사진은 올라가지 않고 <b>사과</b>멘트만 올라가 워너블들은 모두 놀라며 무슨 일이냐고 반응했다.... ,"{""title"": ""'워너원 고백' 박지훈, 워너원 고사 꼴등 기록...&quot;워너블 미안해요&quot;"", ""originallink"": ""https://www.slist.kr/news/articleView.html?idxno=741431"", ""link"": ""https://www.slist.kr/news/articleView.html?idxno=741431"", ""description"": ""박지훈은 무릎꿇고 손들고 있는 모습을 사진으로 찍었고 이를 워너블(워너원 팬덤명)에게 <b>사과</b>멘트와 함께 전송했다. 그러나 사진은 올라가지 않고 <b>사과</b>멘트만 올라가 워너블들은 모두 놀라며 무슨 일이냐고 반응했다.... "", ""pubDate"": ""Tue, 26 May 2026 20:26:00 +0900""}",,
사과,single_term_fallback,사과,[고가차도 붕괴] 안전진단 중 거더 무너져..현장소장 등 3명 참변,http://www.4th.kr/news/articleView.html?idxno=2112283,"Tue, 26 May 2026 20:24:00 +0900",박 후보는 이후 <b>사과</b>문을 내고 &quot;안타까운 사고를 대하는 방식이 시민 눈높이에 미치지 못했다&quot;고 밝혔다. 2026년 5월 26일 거더 붕괴로 3명이 사망한 서울 서대문구 서소문 고가차도 붕괴 사고 현장 인근에 공사 현황판이... ,http://www.4th.kr/news/articleView.html?idxno=2112283,naver_news,사과,canonical,1.0,2026-05-26T11:50:13.707259+00:00,0,0,0,0,,박 후보는 이후 <b>사과</b>문을 내고 &quot;안타까운 사고를 대하는 방식이 시민 눈높이에 미치지 못했다&quot;고 밝혔다. 2026년 5월 26일 거더 붕괴로 3명이 사망한 서울 서대문구 서소문 고가차도 붕괴 사고 현장 인근에 공사 현황판이... ,"{""title"": ""[고가차도 붕괴] 안전진단 중 거더 무너져..현장소장 등 3명 참변"", ""originallink"": ""http://www.4th.kr/news/articleView.html?idxno=2112283"", ""link"": ""http://www.4th.kr/news/articleView.html?idxno=2112283"", ""description"": ""박 후보는 이후 <b>사과</b>문을 내고 &quot;안타까운 사고를 대하는 방식이 시민 눈높이에 미치지 못했다&quot;고 밝혔다. 2026년 5월 26일 거더 붕괴로 3명이 사망한 서울 서대문구 서소문 고가차도 붕괴 사고 현장 인근에 공사 현황판이... "", ""pubDate"": ""Tue, 26 May 2026 20:24:00 +0900""}",,
사과,single_term_fallback,사과,"&quot;빈껍데기 <b>사과</b>, 정용진 사퇴해야&quot;…광주 5월 단체 반발",https://n.news.naver.com/mnews/article/055/0001359246?sid=102,"Tue, 26 May 2026 20:23:00 +0900",5월 단체는 진정성 없는 빈껍데기 <b>사과</b>라고 반발했습니다. 정 회장의 사퇴를 요구하는 목소리도 이어졌습니다. KBC 임경섭 기자의 보도입니다. &lt;기자&gt; 5·18 탱크데이 행사 8일이 지나 정용진 회장이 직접 <b>사과</b>했지만 5월... ,https://news.sbs.co.kr/news/endPage.do?news_id=N1008579802&plink=ORI&cooper=NAVER,naver_news,사과,canonical,1.0,2026-05-26T11:50:13.707259+00:00,0,0,0,0,,5월 단체는 진정성 없는 빈껍데기 <b>사과</b>라고 반발했습니다. 정 회장의 사퇴를 요구하는 목소리도 이어졌습니다. KBC 임경섭 기자의 보도입니다. &lt;기자&gt; 5·18 탱크데이 행사 8일이 지나 정용진 회장이 직접 <b>사과</b>했지만 5월... ,"{""title"": ""&quot;빈껍데기 <b>사과</b>, 정용진 사퇴해야&quot;…광주 5월 단체 반발"", ""originallink"": ""https://news.sbs.co.kr/news/endPage.do?news_id=N1008579802&plink=ORI&cooper=NAVER"", ""link"": ""https://n.news.naver.com/mnews/article/055/0001359246?sid=102"", ""description"": ""5월 단체는 진정성 없는 빈껍데기 <b>사과</b>라고 반발했습니다. 정 회장의 사퇴를 요구하는 목소리도 이어졌습니다. KBC 임경섭 기자의 보도입니다. &lt;기자&gt; 5·18 탱크데이 행사 8일이 지나 정용진 회장이 직접 <b>사과</b>했지만 5월... "", ""pubDate"": ""Tue, 26 May 2026 20:23:00 +0900""}",,
사과,single_term_fallback,사과,정용진 '탱크데이' 대국민 <b>사과</b>…&quot;모든 책임 저에게&quot;,https://n.news.naver.com/mnews/article/018/0006291014?sid=101,"Tue, 26 May 2026 20:22:00 +0900","직접 <b>사과</b>했습니다. 스타벅스의 ‘탱크데이’ 이벤트는 5·18 광주민주화운동 기념일에 진행돼 계엄군의... 논란이 확산되자 신세계그룹은 스타벅스코리아 대표와 관련 임원을 해임하고, 정 회장이 대국민 <b>사과</b>에... ",https://www.edaily.co.kr/news/newspath.asp?newsid=05175846645452856,naver_news,사과,canonical,1.0,2026-05-26T11:50:13.707259+00:00,0,0,0,0,,"직접 <b>사과</b>했습니다. 스타벅스의 ‘탱크데이’ 이벤트는 5·18 광주민주화운동 기념일에 진행돼 계엄군의... 논란이 확산되자 신세계그룹은 스타벅스코리아 대표와 관련 임원을 해임하고, 정 회장이 대국민 <b>사과</b>에... ","{""title"": ""정용진 '탱크데이' 대국민 <b>사과</b>…&quot;모든 책임 저에게&quot;"", ""originallink"": ""https://www.edaily.co.kr/news/newspath.asp?newsid=05175846645452856"", ""link"": ""https://n.news.naver.com/mnews/article/018/0006291014?sid=101"", ""description"": ""직접 <b>사과</b>했습니다. 스타벅스의 ‘탱크데이’ 이벤트는 5·18 광주민주화운동 기념일에 진행돼 계엄군의... 논란이 확산되자 신세계그룹은 스타벅스코리아 대표와 관련 임원을 해임하고, 정 회장이 대국민 <b>사과</b>에... "", ""pubDate"": ""Tue, 26 May 2026 20:22:00 +0900""}",,
사과,single_term_fallback,사과,“명명백백히 밝히기 어려워…” 맹탕 발표에 분노 들끓어,http://www.kjdaily.com/article.php?aid=1779794294679335005,"Tue, 26 May 2026 20:22:00 +0900",스타벅스코리아의 ‘탱크데이’ 논란으로 인한 정용진 신세계그룹 회장의 대국민 <b>사과</b>를 26일 오전 광주송정역에서 시민들이 지켜보고 있다./조영권 기자정용진 회장의 대국민 <b>사과</b> 후 신세계그룹이 탱크데이 사태에... ,http://www.kjdaily.com/article.php?aid=1779794294679335005,naver_news,사과,canonical,1.0,2026-05-26T11:50:13.707259+00:00,0,0,0,0,,스타벅스코리아의 ‘탱크데이’ 논란으로 인한 정용진 신세계그룹 회장의 대국민 <b>사과</b>를 26일 오전 광주송정역에서 시민들이 지켜보고 있다./조영권 기자정용진 회장의 대국민 <b>사과</b> 후 신세계그룹이 탱크데이 사태에... ,"{""title"": ""“명명백백히 밝히기 어려워…” 맹탕 발표에 분노 들끓어"", ""originallink"": ""http://www.kjdaily.com/article.php?aid=1779794294679335005"", ""link"": ""http://www.kjdaily.com/article.php?aid=1779794294679335005"", ""description"": ""스타벅스코리아의 ‘탱크데이’ 논란으로 인한 정용진 신세계그룹 회장의 대국민 <b>사과</b>를 26일 오전 광주송정역에서 시민들이 지켜보고 있다./조영권 기자정용진 회장의 대국민 <b>사과</b> 후 신세계그룹이 탱크데이 사태에... "", ""pubDate"": ""Tue, 26 May 2026 20:22:00 +0900""}",,
사과,single_term_fallback,사과,천호성·이남호 &quot;음주운전·사전선거운동&quot; 막판 공방,https://n.news.naver.com/mnews/article/659/0000043930?sid=102,"Tue, 26 May 2026 20:20:00 +0900",이 후보는 지난 4일 페이스북을 통해 과거 음주운전 전력을 <b>사과</b>했다면서도 본인이 인정한 것 외에 또다른 음주운전이 있었냐는 질문에는 답하지 않았습니다. [이남호 /전북교육감 후보] &quot;(전북대 총장 인선과 전북연구원장... ,http://www.jmbc.co.kr/news/view/64971,naver_news,사과,canonical,1.0,2026-05-26T11:50:13.707259+00:00,0,0,0,0,,이 후보는 지난 4일 페이스북을 통해 과거 음주운전 전력을 <b>사과</b>했다면서도 본인이 인정한 것 외에 또다른 음주운전이 있었냐는 질문에는 답하지 않았습니다. [이남호 /전북교육감 후보] &quot;(전북대 총장 인선과 전북연구원장... ,"{""title"": ""천호성·이남호 &quot;음주운전·사전선거운동&quot; 막판 공방"", ""originallink"": ""http://www.jmbc.co.kr/news/view/64971"", ""link"": ""https://n.news.naver.com/mnews/article/659/0000043930?sid=102"", ""description"": ""이 후보는 지난 4일 페이스북을 통해 과거 음주운전 전력을 <b>사과</b>했다면서도 본인이 인정한 것 외에 또다른 음주운전이 있었냐는 질문에는 답하지 않았습니다. [이남호 /전북교육감 후보] &quot;(전북대 총장 인선과 전북연구원장... "", ""pubDate"": ""Tue, 26 May 2026 20:20:00 +0900""}",,
사과,single_term_fallback,사과,이원택 &quot;대통령 이름 훔쳐&quot; 김관영 &quot;민주당만의 대통령 아냐&quot;,https://n.news.naver.com/mnews/article/659/0000043929?sid=102,"Tue, 26 May 2026 20:20:00 +0900",[이원택 / 더불어민주당 전북지사 후보] &quot;도민에게 가짜 민주당 행세를 한 것에 대해 당장 <b>사과</b>하십시오. 금품 선거로 제명된 자가 대통령의 이름을 팔아 전북 선거를 더럽히고..&quot; 김관영 후보는 자신이 무소속으로... ,http://www.jmbc.co.kr/news/view/64970,naver_news,사과,canonical,1.0,2026-05-26T11:50:13.707259+00:00,0,0,0,0,,[이원택 / 더불어민주당 전북지사 후보] &quot;도민에게 가짜 민주당 행세를 한 것에 대해 당장 <b>사과</b>하십시오. 금품 선거로 제명된 자가 대통령의 이름을 팔아 전북 선거를 더럽히고..&quot; 김관영 후보는 자신이 무소속으로... ,"{""title"": ""이원택 &quot;대통령 이름 훔쳐&quot; 김관영 &quot;민주당만의 대통령 아냐&quot;"", ""originallink"": ""http://www.jmbc.co.kr/news/view/64970"", ""link"": ""https://n.news.naver.com/mnews/article/659/0000043929?sid=102"", ""description"": ""[이원택 / 더불어민주당 전북지사 후보] &quot;도민에게 가짜 민주당 행세를 한 것에 대해 당장 <b>사과</b>하십시오. 금품 선거로 제명된 자가 대통령의 이름을 팔아 전북 선거를 더럽히고..&quot; 김관영 후보는 자신이 무소속으로... "", ""pubDate"": ""Tue, 26 May 2026 20:20:00 +0900""}",,
사과,single_term_fallback,사과,서소문 참사에 “오세훈 때문” “우리 區는 안전” 여야 망언 눈살,https://n.news.naver.com/mnews/article/020/0003722360?sid=162,"Tue, 26 May 2026 20:18:00 +0900",하던 중 이날 사고를 언급하며 “마포는 4년 동안 한 건도 큰 안전사고가 발생하지 않았다는 것을 자랑하고 싶다”고 말해 논란이 됐다. 박 후보는 <b>사과</b>문을 내고 “시민 여러분께 진심으로 고개 숙여 <b>사과</b>드린다”고 했다.,https://www.donga.com/news/Politics/article/all/20260526/133996776/1,naver_news,사과,canonical,1.0,2026-05-26T11:50:13.707259+00:00,0,0,0,0,,하던 중 이날 사고를 언급하며 “마포는 4년 동안 한 건도 큰 안전사고가 발생하지 않았다는 것을 자랑하고 싶다”고 말해 논란이 됐다. 박 후보는 <b>사과</b>문을 내고 “시민 여러분께 진심으로 고개 숙여 <b>사과</b>드린다”고 했다.,"{""title"": ""서소문 참사에 “오세훈 때문” “우리 區는 안전” 여야 망언 눈살"", ""originallink"": ""https://www.donga.com/news/Politics/article/all/20260526/133996776/1"", ""link"": ""https://n.news.naver.com/mnews/article/020/0003722360?sid=162"", ""description"": ""하던 중 이날 사고를 언급하며 “마포는 4년 동안 한 건도 큰 안전사고가 발생하지 않았다는 것을 자랑하고 싶다”고 말해 논란이 됐다. 박 후보는 <b>사과</b>문을 내고 “시민 여러분께 진심으로 고개 숙여 <b>사과</b>드린다”고 했다."", ""pubDate"": ""Tue, 26 May 2026 20:18:00 +0900""}",,
사과,single_term_fallback,사과,'면피성 <b>사과</b>'에 분노 확산‥&quot;정용진 사퇴해야&quot;,https://n.news.naver.com/mnews/article/214/0001501379?sid=102,"Tue, 26 May 2026 20:14:00 +0900","◀ 앵커 ▶ 정용진 회장의 <b>사과</b>에도 광주 시민사회의 반발은 가라앉지 않고 있습니다. 스스로 책임지겠다고 했지만 어떤 방식으로 책임을 질지는 밝히지 않은 알맹이 없는 면피성 맹탕 <b>사과</b>라며, 정 회장 사퇴를... ",https://imnews.imbc.com/replay/2026/nwdesk/article/6825396_37004.html,naver_news,사과,canonical,1.0,2026-05-26T11:50:13.707259+00:00,0,0,0,0,,"◀ 앵커 ▶ 정용진 회장의 <b>사과</b>에도 광주 시민사회의 반발은 가라앉지 않고 있습니다. 스스로 책임지겠다고 했지만 어떤 방식으로 책임을 질지는 밝히지 않은 알맹이 없는 면피성 맹탕 <b>사과</b>라며, 정 회장 사퇴를... ","{""title"": ""'면피성 <b>사과</b>'에 분노 확산‥&quot;정용진 사퇴해야&quot;"", ""originallink"": ""https://imnews.imbc.com/replay/2026/nwdesk/article/6825396_37004.html"", ""link"": ""https://n.news.naver.com/mnews/article/214/0001501379?sid=102"", ""description"": ""◀ 앵커 ▶ 정용진 회장의 <b>사과</b>에도 광주 시민사회의 반발은 가라앉지 않고 있습니다. 스스로 책임지겠다고 했지만 어떤 방식으로 책임을 질지는 밝히지 않은 알맹이 없는 면피성 맹탕 <b>사과</b>라며, 정 회장 사퇴를... "", ""pubDate"": ""Tue, 26 May 2026 20:14:00 +0900""}",,
사과,single_term_fallback,사과,3차례 고개까지 숙였는데 대뜸…논란 부른 정용진 발언,https://n.news.naver.com/mnews/article/055/0001359244?sid=101,"Tue, 26 May 2026 20:13:00 +0900","정용진 신세계그룹 회장이 스타벅스의 5·18 민주화운동 폄훼 논란 8일 만에 직접 나와 대국민 <b>사과</b>를... 대국민 <b>사과</b>문을 발표했습니다. 하지만 정치권, 시민사회의 비판과 불매운동이 이어지는 등 파문이 커지자 8일 만에... ",https://news.sbs.co.kr/news/endPage.do?news_id=N1008579800&plink=ORI&cooper=NAVER,naver_news,사과,canonical,1.0,2026-05-26T11:50:13.707259+00:00,0,0,0,0,,"정용진 신세계그룹 회장이 스타벅스의 5·18 민주화운동 폄훼 논란 8일 만에 직접 나와 대국민 <b>사과</b>를... 대국민 <b>사과</b>문을 발표했습니다. 하지만 정치권, 시민사회의 비판과 불매운동이 이어지는 등 파문이 커지자 8일 만에... ","{""title"": ""3차례 고개까지 숙였는데 대뜸…논란 부른 정용진 발언"", ""originallink"": ""https://news.sbs.co.kr/news/endPage.do?news_id=N1008579800&plink=ORI&cooper=NAVER"", ""link"": ""https://n.news.naver.com/mnews/article/055/0001359244?sid=101"", ""description"": ""정용진 신세계그룹 회장이 스타벅스의 5·18 민주화운동 폄훼 논란 8일 만에 직접 나와 대국민 <b>사과</b>를... 대국민 <b>사과</b>문을 발표했습니다. 하지만 정치권, 시민사회의 비판과 불매운동이 이어지는 등 파문이 커지자 8일 만에... "", ""pubDate"": ""Tue, 26 May 2026 20:13:00 +0900""}",,
사과,single_term_fallback,사과,고 박종철 열사 유족 &quot;본질적 책임 흐린 <b>사과</b>&quot;,https://n.news.naver.com/mnews/article/214/0001501378?sid=102,"Tue, 26 May 2026 20:12:00 +0900","박종철 열사 유족은 오늘 정 회장의 <b>사과</b>를 두고, 본질을 흐린 <b>사과</b>였다고 비판했습니다. 최다함 기자의 보도입니다. ◀ 리포트 ▶ 1987년 고 박종철 열사 고문치사 사건을 떠올리게 하는 책상에 탁 홍보문구를 쓴 스타벅스... ",https://imnews.imbc.com/replay/2026/nwdesk/article/6825395_37004.html,naver_news,사과,canonical,1.0,2026-05-26T11:50:13.707259+00:00,0,0,0,0,,"박종철 열사 유족은 오늘 정 회장의 <b>사과</b>를 두고, 본질을 흐린 <b>사과</b>였다고 비판했습니다. 최다함 기자의 보도입니다. ◀ 리포트 ▶ 1987년 고 박종철 열사 고문치사 사건을 떠올리게 하는 책상에 탁 홍보문구를 쓴 스타벅스... ","{""title"": ""고 박종철 열사 유족 &quot;본질적 책임 흐린 <b>사과</b>&quot;"", ""originallink"": ""https://imnews.imbc.com/replay/2026/nwdesk/article/6825395_37004.html"", ""link"": ""https://n.news.naver.com/mnews/article/214/0001501378?sid=102"", ""description"": ""박종철 열사 유족은 오늘 정 회장의 <b>사과</b>를 두고, 본질을 흐린 <b>사과</b>였다고 비판했습니다. 최다함 기자의 보도입니다. ◀ 리포트 ▶ 1987년 고 박종철 열사 고문치사 사건을 떠올리게 하는 책상에 탁 홍보문구를 쓴 스타벅스... "", ""pubDate"": ""Tue, 26 May 2026 20:12:00 +0900""}",,
사과,single_term_fallback,사과,이 대통령 &quot;엄정히 조사&quot;…여야 유세 중단하고 현장으로,https://n.news.naver.com/mnews/article/055/0001359243?sid=162,"Tue, 26 May 2026 20:11:00 +0900","동안 단 한 건도 큰 안전사고가 발생하지 않았다는 것, 자랑하고 싶습니다.] 이후 &quot;안타까운 사고를 대하는 방식에 있어 시민의 눈높이에 미치지 못했음을 반성한다&quot;는 <b>사과</b>문을 냈습니다. (영상편집 : 장형기, 디자인 : 박태영)",https://news.sbs.co.kr/news/endPage.do?news_id=N1008579799&plink=ORI&cooper=NAVER,naver_news,사과,canonical,1.0,2026-05-26T11:50:13.707259+00:00,0,0,0,0,,"동안 단 한 건도 큰 안전사고가 발생하지 않았다는 것, 자랑하고 싶습니다.] 이후 &quot;안타까운 사고를 대하는 방식에 있어 시민의 눈높이에 미치지 못했음을 반성한다&quot;는 <b>사과</b>문을 냈습니다. (영상편집 : 장형기, 디자인 : 박태영)","{""title"": ""이 대통령 &quot;엄정히 조사&quot;…여야 유세 중단하고 현장으로"", ""originallink"": ""https://news.sbs.co.kr/news/endPage.do?news_id=N1008579799&plink=ORI&cooper=NAVER"", ""link"": ""https://n.news.naver.com/mnews/article/055/0001359243?sid=162"", ""description"": ""동안 단 한 건도 큰 안전사고가 발생하지 않았다는 것, 자랑하고 싶습니다.] 이후 &quot;안타까운 사고를 대하는 방식에 있어 시민의 눈높이에 미치지 못했음을 반성한다&quot;는 <b>사과</b>문을 냈습니다. (영상편집 : 장형기, 디자인 : 박태영)"", ""pubDate"": ""Tue, 26 May 2026 20:11:00 +0900""}",,
사과,single_term_fallback,사과,세 번 고개 숙인 정용진 “어떤 변명도 않겠다…내 잘못”(종합),https://n.news.naver.com/mnews/article/658/0000144937?sid=101,"Tue, 26 May 2026 20:10:00 +0900",구한다”고 <b>사과</b>했다. 정 회장은 이날 오전 서울 강남구 조선팰리스에서 기자회견을 열어 “이번... 지난 19일 대국민 <b>사과</b>문을 발표한 데 이어 두 번째 <b>사과</b>다. 정 회장은 이날 오전 9시부터 약 5분간 <b>사과</b>문을 낭독하면서... ,http://www.kookje.co.kr/news2011/asp/newsbody.asp?code=0200&key=20260527.22001006907,naver_news,사과,canonical,1.0,2026-05-26T11:50:13.707259+00:00,0,0,0,0,,구한다”고 <b>사과</b>했다. 정 회장은 이날 오전 서울 강남구 조선팰리스에서 기자회견을 열어 “이번... 지난 19일 대국민 <b>사과</b>문을 발표한 데 이어 두 번째 <b>사과</b>다. 정 회장은 이날 오전 9시부터 약 5분간 <b>사과</b>문을 낭독하면서... ,"{""title"": ""세 번 고개 숙인 정용진 “어떤 변명도 않겠다…내 잘못”(종합)"", ""originallink"": ""http://www.kookje.co.kr/news2011/asp/newsbody.asp?code=0200&key=20260527.22001006907"", ""link"": ""https://n.news.naver.com/mnews/article/658/0000144937?sid=101"", ""description"": ""구한다”고 <b>사과</b>했다. 정 회장은 이날 오전 서울 강남구 조선팰리스에서 기자회견을 열어 “이번... 지난 19일 대국민 <b>사과</b>문을 발표한 데 이어 두 번째 <b>사과</b>다. 정 회장은 이날 오전 9시부터 약 5분간 <b>사과</b>문을 낭독하면서... "", ""pubDate"": ""Tue, 26 May 2026 20:10:00 +0900""}",,
사과,single_term_fallback,사과,‘21세기 대군부인’ 논란 어디까지…‘폐기’ 청원 100%에 제작비 환수...,https://m.entertain.naver.com/article/468/0001242776,"Tue, 26 May 2026 20:06:00 +0900",이에 제작진은 “세계관 설정과 역사 고증 문제로 심려를 끼쳐 죄송하다”며 “조선 시대 예법 변화 과정을 충분히 살피지 못했다”고 <b>사과</b>했다. 한편 일각에서는 해당 작품이 동북공정 논란의 빌미를 제공했다는... ,https://www.sportsseoul.com/news/read/1611563?ref=naver,naver_news,사과,canonical,1.0,2026-05-26T11:50:13.707259+00:00,0,0,0,0,,이에 제작진은 “세계관 설정과 역사 고증 문제로 심려를 끼쳐 죄송하다”며 “조선 시대 예법 변화 과정을 충분히 살피지 못했다”고 <b>사과</b>했다. 한편 일각에서는 해당 작품이 동북공정 논란의 빌미를 제공했다는... ,"{""title"": ""‘21세기 대군부인’ 논란 어디까지…‘폐기’ 청원 100%에 제작비 환수..."", ""originallink"": ""https://www.sportsseoul.com/news/read/1611563?ref=naver"", ""link"": ""https://m.entertain.naver.com/article/468/0001242776"", ""description"": ""이에 제작진은 “세계관 설정과 역사 고증 문제로 심려를 끼쳐 죄송하다”며 “조선 시대 예법 변화 과정을 충분히 살피지 못했다”고 <b>사과</b>했다. 한편 일각에서는 해당 작품이 동북공정 논란의 빌미를 제공했다는... "", ""pubDate"": ""Tue, 26 May 2026 20:06:00 +0900""}",,
사과,single_term_fallback,사과,경기교육감 후보 토론서 치열한 공방 펼친 임태희·안민석,https://n.news.naver.com/mnews/article/002/0002442841?sid=102,"Tue, 26 May 2026 20:06:00 +0900","배우자의 <b>사과</b>를 이끌어낸 이후 이를 불편하게 여긴 후보 측에 의해 불과 일주일 만에 선대위에서 쫓겨났다... 한편, 임 후보는 실제 전과기록과 공보물에 기재된 전과기록의 차이가 있는 이유 및 안 후보의 공군사관학교... ",https://www.pressian.com/pages/articles/2026052620050776403?utm_source=naver&utm_medium=search,naver_news,사과,canonical,1.0,2026-05-26T11:50:13.707259+00:00,0,0,0,0,,"배우자의 <b>사과</b>를 이끌어낸 이후 이를 불편하게 여긴 후보 측에 의해 불과 일주일 만에 선대위에서 쫓겨났다... 한편, 임 후보는 실제 전과기록과 공보물에 기재된 전과기록의 차이가 있는 이유 및 안 후보의 공군사관학교... ","{""title"": ""경기교육감 후보 토론서 치열한 공방 펼친 임태희·안민석"", ""originallink"": ""https://www.pressian.com/pages/articles/2026052620050776403?utm_source=naver&utm_medium=search"", ""link"": ""https://n.news.naver.com/mnews/article/002/0002442841?sid=102"", ""description"": ""배우자의 <b>사과</b>를 이끌어낸 이후 이를 불편하게 여긴 후보 측에 의해 불과 일주일 만에 선대위에서 쫓겨났다... 한편, 임 후보는 실제 전과기록과 공보물에 기재된 전과기록의 차이가 있는 이유 및 안 후보의 공군사관학교... "", ""pubDate"": ""Tue, 26 May 2026 20:06:00 +0900""}",,
사과,single_term_fallback,사과,&quot;5.18에 '탱크데이'&quot; 모든 게 우연?‥&quot;첨부파일도 안 보고 결재&quot;,https://n.news.naver.com/mnews/article/214/0001501375?sid=102,"Tue, 26 May 2026 20:06:00 +0900","◀ 앵커 ▶ 정용진 회장의 <b>사과</b>와 함께 신세계는 그룹 차원의 자체 진상조사 결과도 공개했습니다. 그 내용을 정리해보면 &quot;'탱크'라는 명칭은 원래 텀블러 제품명이고, 5월 18일 그 날짜에 우연히 행사가 잡혔다.&quot; 그런데... ",https://imnews.imbc.com/replay/2026/nwdesk/article/6825392_37004.html,naver_news,사과,canonical,1.0,2026-05-26T11:50:13.707259+00:00,0,0,0,0,,"◀ 앵커 ▶ 정용진 회장의 <b>사과</b>와 함께 신세계는 그룹 차원의 자체 진상조사 결과도 공개했습니다. 그 내용을 정리해보면 &quot;'탱크'라는 명칭은 원래 텀블러 제품명이고, 5월 18일 그 날짜에 우연히 행사가 잡혔다.&quot; 그런데... ","{""title"": ""&quot;5.18에 '탱크데이'&quot; 모든 게 우연?‥&quot;첨부파일도 안 보고 결재&quot;"", ""originallink"": ""https://imnews.imbc.com/replay/2026/nwdesk/article/6825392_37004.html"", ""link"": ""https://n.news.naver.com/mnews/article/214/0001501375?sid=102"", ""description"": ""◀ 앵커 ▶ 정용진 회장의 <b>사과</b>와 함께 신세계는 그룹 차원의 자체 진상조사 결과도 공개했습니다. 그 내용을 정리해보면 &quot;'탱크'라는 명칭은 원래 텀블러 제품명이고, 5월 18일 그 날짜에 우연히 행사가 잡혔다.&quot; 그런데... "", ""pubDate"": ""Tue, 26 May 2026 20:06:00 +0900""}",,
사과,single_term_fallback,사과,지리산까지 달려간 김관영 “청년농 대출 30년 장기체계로… 귀농 포기...,https://n.news.naver.com/mnews/article/468/0001242775?sid=102,"Tue, 26 May 2026 20:05:00 +0900","약속 <b>사과</b>값 폭락·유통 불균형 지적… “제값 받는 농업 만들겠다” 김관영 전북지사 후보가 25일 저녁... 규모의 <b>사과</b> 농사를 시작했지만, 상환 기간이 너무 짧아 부담이 크다”고 토로했다. 현행 청년농업인... ",https://www.sportsseoul.com/news/read/1611562?ref=naver,naver_news,사과,canonical,1.0,2026-05-26T11:50:13.707259+00:00,0,0,0,0,,"약속 <b>사과</b>값 폭락·유통 불균형 지적… “제값 받는 농업 만들겠다” 김관영 전북지사 후보가 25일 저녁... 규모의 <b>사과</b> 농사를 시작했지만, 상환 기간이 너무 짧아 부담이 크다”고 토로했다. 현행 청년농업인... ","{""title"": ""지리산까지 달려간 김관영 “청년농 대출 30년 장기체계로… 귀농 포기..."", ""originallink"": ""https://www.sportsseoul.com/news/read/1611562?ref=naver"", ""link"": ""https://n.news.naver.com/mnews/article/468/0001242775?sid=102"", ""description"": ""약속 <b>사과</b>값 폭락·유통 불균형 지적… “제값 받는 농업 만들겠다” 김관영 전북지사 후보가 25일 저녁... 규모의 <b>사과</b> 농사를 시작했지만, 상환 기간이 너무 짧아 부담이 크다”고 토로했다. 현행 청년농업인... "", ""pubDate"": ""Tue, 26 May 2026 20:05:00 +0900""}",,
사과,single_term_fallback,사과,정용진 <b>사과</b>에 갈라진 시각…정치권도 '반반',https://www.obsnews.co.kr/news/articleView.html?idxno=1525637,"Tue, 26 May 2026 20:04:00 +0900",정용진 회장 <b>사과</b>를 바라보는 시선은 크게 나뉘는 모습입니다. 특히 정치권까지 가세하면서 지방 선거를... 그냥 상업적인 걸로만 보는 게 나을 것 같아요.] 스타벅스 행사로 나뉘었던 반응은 정용진 회장의 <b>사과</b> 이후에도... ,https://www.obsnews.co.kr/news/articleView.html?idxno=1525637,naver_news,사과,canonical,1.0,2026-05-26T11:50:13.707259+00:00,0,0,0,0,,정용진 회장 <b>사과</b>를 바라보는 시선은 크게 나뉘는 모습입니다. 특히 정치권까지 가세하면서 지방 선거를... 그냥 상업적인 걸로만 보는 게 나을 것 같아요.] 스타벅스 행사로 나뉘었던 반응은 정용진 회장의 <b>사과</b> 이후에도... ,"{""title"": ""정용진 <b>사과</b>에 갈라진 시각…정치권도 '반반'"", ""originallink"": ""https://www.obsnews.co.kr/news/articleView.html?idxno=1525637"", ""link"": ""https://www.obsnews.co.kr/news/articleView.html?idxno=1525637"", ""description"": ""정용진 회장 <b>사과</b>를 바라보는 시선은 크게 나뉘는 모습입니다. 특히 정치권까지 가세하면서 지방 선거를... 그냥 상업적인 걸로만 보는 게 나을 것 같아요.] 스타벅스 행사로 나뉘었던 반응은 정용진 회장의 <b>사과</b> 이후에도... "", ""pubDate"": ""Tue, 26 May 2026 20:04:00 +0900""}",,
사과,single_term_fallback,사과,&quot;변명없이 제 책임&quot;…정용진 스타벅스 <b>사과</b>,https://www.obsnews.co.kr/news/articleView.html?idxno=1525638,"Tue, 26 May 2026 20:04:00 +0900",정용진 신세계그룹 회장이 스타벅스 5.18 탱크 데이 행사와 관련해 직접 대국민 <b>사과</b>를 했습니다. 자체 조사... 앞서 <b>사과</b>문을 내놨지만 논란이 계속되자 직접 나와 고개를 숙였습니다. 5분 간 입장문을 읽으며 세 차례... ,https://www.obsnews.co.kr/news/articleView.html?idxno=1525638,naver_news,사과,canonical,1.0,2026-05-26T11:50:13.707259+00:00,0,0,0,0,,정용진 신세계그룹 회장이 스타벅스 5.18 탱크 데이 행사와 관련해 직접 대국민 <b>사과</b>를 했습니다. 자체 조사... 앞서 <b>사과</b>문을 내놨지만 논란이 계속되자 직접 나와 고개를 숙였습니다. 5분 간 입장문을 읽으며 세 차례... ,"{""title"": ""&quot;변명없이 제 책임&quot;…정용진 스타벅스 <b>사과</b>"", ""originallink"": ""https://www.obsnews.co.kr/news/articleView.html?idxno=1525638"", ""link"": ""https://www.obsnews.co.kr/news/articleView.html?idxno=1525638"", ""description"": ""정용진 신세계그룹 회장이 스타벅스 5.18 탱크 데이 행사와 관련해 직접 대국민 <b>사과</b>를 했습니다. 자체 조사... 앞서 <b>사과</b>문을 내놨지만 논란이 계속되자 직접 나와 고개를 숙였습니다. 5분 간 입장문을 읽으며 세 차례... "", ""pubDate"": ""Tue, 26 May 2026 20:04:00 +0900""}",,
사과,single_term_fallback,사과,플랜트건설노조 “DL이앤씨 안전관리 붕괴” 샤힌 현장 연쇄 사망 비판,https://vop.co.kr/A00001694330.html,"Tue, 26 May 2026 20:04:00 +0900",이어 DL이앤씨의 플랜트건설노조와의 원청교섭 및 안전대책 협의 즉각 착수 샤힌프로젝트 현장 전면 작업중지 및 특별안전감독 실시 연쇄 참사에 대한 공개 <b>사과</b>와 진상 규명을 요구했다.노조는 이윤 극대화를 위해... ,https://vop.co.kr/A00001694330.html,naver_news,사과,canonical,1.0,2026-05-26T11:50:13.707259+00:00,0,0,0,0,,이어 DL이앤씨의 플랜트건설노조와의 원청교섭 및 안전대책 협의 즉각 착수 샤힌프로젝트 현장 전면 작업중지 및 특별안전감독 실시 연쇄 참사에 대한 공개 <b>사과</b>와 진상 규명을 요구했다.노조는 이윤 극대화를 위해... ,"{""title"": ""플랜트건설노조 “DL이앤씨 안전관리 붕괴” 샤힌 현장 연쇄 사망 비판"", ""originallink"": ""https://vop.co.kr/A00001694330.html"", ""link"": ""https://vop.co.kr/A00001694330.html"", ""description"": ""이어 DL이앤씨의 플랜트건설노조와의 원청교섭 및 안전대책 협의 즉각 착수 샤힌프로젝트 현장 전면 작업중지 및 특별안전감독 실시 연쇄 참사에 대한 공개 <b>사과</b>와 진상 규명을 요구했다.노조는 이윤 극대화를 위해... "", ""pubDate"": ""Tue, 26 May 2026 20:04:00 +0900""}",,
사과,single_term_fallback,사과,'탱크데이' <b>사과</b>하며 &quot;생각 다를 수 있다&quot;‥정용진 속뜻은?,https://n.news.naver.com/mnews/article/214/0001501374?sid=101,"Tue, 26 May 2026 20:03:00 +0900","<b>사과</b>문 발표 후반부, 돌연 &quot;국민 여러분&quot;을 한 차례 부른 뒤, 이렇게 말했습니다. [정용진/신세계그룹 회장] &quot;지금은 서로를 이해하고 함께 앞으로 나아가려는 노력이 더 필요한 시기라고 생각합니다.&quot; 잘못을 <b>사과</b>하는... ",https://imnews.imbc.com/replay/2026/nwdesk/article/6825391_37004.html,naver_news,사과,canonical,1.0,2026-05-26T11:50:13.707259+00:00,0,0,0,0,,"<b>사과</b>문 발표 후반부, 돌연 &quot;국민 여러분&quot;을 한 차례 부른 뒤, 이렇게 말했습니다. [정용진/신세계그룹 회장] &quot;지금은 서로를 이해하고 함께 앞으로 나아가려는 노력이 더 필요한 시기라고 생각합니다.&quot; 잘못을 <b>사과</b>하는... ","{""title"": ""'탱크데이' <b>사과</b>하며 &quot;생각 다를 수 있다&quot;‥정용진 속뜻은?"", ""originallink"": ""https://imnews.imbc.com/replay/2026/nwdesk/article/6825391_37004.html"", ""link"": ""https://n.news.naver.com/mnews/article/214/0001501374?sid=101"", ""description"": ""<b>사과</b>문 발표 후반부, 돌연 &quot;국민 여러분&quot;을 한 차례 부른 뒤, 이렇게 말했습니다. [정용진/신세계그룹 회장] &quot;지금은 서로를 이해하고 함께 앞으로 나아가려는 노력이 더 필요한 시기라고 생각합니다.&quot; 잘못을 <b>사과</b>하는... "", ""pubDate"": ""Tue, 26 May 2026 20:03:00 +0900""}",,
사과,single_term_fallback,사과,5·18단체 &quot;진정성 없다&quot;…정용진 <b>사과</b> 정면 거부,https://news.bbsi.co.kr/news/articleView.html?idxno=4085649,"Tue, 26 May 2026 20:02:00 +0900","최근 불거진 스타벅스 '탱크데이' 논란과 관련해 정용진 신세계그룹 회장이 대국민 <b>사과</b>에 나섰지만, 5·18 단체들은 진정성 없는 '빈껍데기 <b>사과</b>'라며 강하게 반발했습니다. 5·18공법3단체와 5·18기념재단은 오늘 광주... ",https://news.bbsi.co.kr/news/articleView.html?idxno=4085649,naver_news,사과,canonical,1.0,2026-05-26T11:50:13.707259+00:00,0,0,0,0,,"최근 불거진 스타벅스 '탱크데이' 논란과 관련해 정용진 신세계그룹 회장이 대국민 <b>사과</b>에 나섰지만, 5·18 단체들은 진정성 없는 '빈껍데기 <b>사과</b>'라며 강하게 반발했습니다. 5·18공법3단체와 5·18기념재단은 오늘 광주... ","{""title"": ""5·18단체 &quot;진정성 없다&quot;…정용진 <b>사과</b> 정면 거부"", ""originallink"": ""https://news.bbsi.co.kr/news/articleView.html?idxno=4085649"", ""link"": ""https://news.bbsi.co.kr/news/articleView.html?idxno=4085649"", ""description"": ""최근 불거진 스타벅스 '탱크데이' 논란과 관련해 정용진 신세계그룹 회장이 대국민 <b>사과</b>에 나섰지만, 5·18 단체들은 진정성 없는 '빈껍데기 <b>사과</b>'라며 강하게 반발했습니다. 5·18공법3단체와 5·18기념재단은 오늘 광주... "", ""pubDate"": ""Tue, 26 May 2026 20:02:00 +0900""}",,
사과,single_term_fallback,사과,강준현 &quot;정용진 <b>사과</b> 진정성 있다&quot; 했다가 당일 <b>사과</b>,https://www.goodmorningcc.com/news/articleView.html?idxno=446656,"Tue, 26 May 2026 20:02:00 +0900","논란 <b>사과</b>에 &quot;진정성이 있다&quot;고 평가했다가, 같은 날 페이스북을 통해 공개 <b>사과</b>했다. 강 수석대변인은 <b>사과</b>문을 통해 &quot;오늘 오전 기자간담회 질의응답 과정에서 미숙한 답변을 드렸다&quot;며 &quot;해당 사안을 충분히 깊이 있게... ",https://www.goodmorningcc.com/news/articleView.html?idxno=446656,naver_news,사과,canonical,1.0,2026-05-26T11:50:13.707259+00:00,0,0,0,0,,"논란 <b>사과</b>에 &quot;진정성이 있다&quot;고 평가했다가, 같은 날 페이스북을 통해 공개 <b>사과</b>했다. 강 수석대변인은 <b>사과</b>문을 통해 &quot;오늘 오전 기자간담회 질의응답 과정에서 미숙한 답변을 드렸다&quot;며 &quot;해당 사안을 충분히 깊이 있게... ","{""title"": ""강준현 &quot;정용진 <b>사과</b> 진정성 있다&quot; 했다가 당일 <b>사과</b>"", ""originallink"": ""https://www.goodmorningcc.com/news/articleView.html?idxno=446656"", ""link"": ""https://www.goodmorningcc.com/news/articleView.html?idxno=446656"", ""description"": ""논란 <b>사과</b>에 &quot;진정성이 있다&quot;고 평가했다가, 같은 날 페이스북을 통해 공개 <b>사과</b>했다. 강 수석대변인은 <b>사과</b>문을 통해 &quot;오늘 오전 기자간담회 질의응답 과정에서 미숙한 답변을 드렸다&quot;며 &quot;해당 사안을 충분히 깊이 있게... "", ""pubDate"": ""Tue, 26 May 2026 20:02:00 +0900""}",,
사과,single_term_fallback,사과,울산교육감 선거 막판 혼전…도덕성 공방 속 지지세 결집,https://www.iusm.co.kr/news/articleView.html?idxno=1063296,"Tue, 26 May 2026 20:02:00 +0900","이어 조 후보의 공개 <b>사과</b>와 교육감 선거 후보자들의 전과 및 도덕성 검증 강화와 유권자들의 엄격한 판단을 요청했다. 이번 기자회견에는 울산미래세상여성회, 자전거도로추진협의회, 학사모, 생태환경교육연합 등 14개... ",https://www.iusm.co.kr/news/articleView.html?idxno=1063296,naver_news,사과,canonical,1.0,2026-05-26T11:50:13.707259+00:00,0,0,0,0,,"이어 조 후보의 공개 <b>사과</b>와 교육감 선거 후보자들의 전과 및 도덕성 검증 강화와 유권자들의 엄격한 판단을 요청했다. 이번 기자회견에는 울산미래세상여성회, 자전거도로추진협의회, 학사모, 생태환경교육연합 등 14개... ","{""title"": ""울산교육감 선거 막판 혼전…도덕성 공방 속 지지세 결집"", ""originallink"": ""https://www.iusm.co.kr/news/articleView.html?idxno=1063296"", ""link"": ""https://www.iusm.co.kr/news/articleView.html?idxno=1063296"", ""description"": ""이어 조 후보의 공개 <b>사과</b>와 교육감 선거 후보자들의 전과 및 도덕성 검증 강화와 유권자들의 엄격한 판단을 요청했다. 이번 기자회견에는 울산미래세상여성회, 자전거도로추진협의회, 학사모, 생태환경교육연합 등 14개... "", ""pubDate"": ""Tue, 26 May 2026 20:02:00 +0900""}",,
사과,single_term_fallback,사과,이원택 후보 &quot;대통령 이름 팔 정치 안돼&quot;…민생·AI·강공 총력전,https://www.newsfreezone.co.kr/news/articleView.html?idxno=691668,"Tue, 26 May 2026 20:02:00 +0900",이 후보는 이날 전북특별자치도의회 기자회견에서 &quot;무소속 김관영 후보는 도민 앞에 <b>사과</b>하고 책임 있는 결단을 해야 한다&quot;며 &quot;대통령의 이름을 이용한 얄팍한 정치로 전북의 미래를 흔들어서는 안 된다&quot;고 비판했다. 이어... ,https://www.newsfreezone.co.kr/news/articleView.html?idxno=691668,naver_news,사과,canonical,1.0,2026-05-26T11:50:13.707259+00:00,0,0,0,0,,이 후보는 이날 전북특별자치도의회 기자회견에서 &quot;무소속 김관영 후보는 도민 앞에 <b>사과</b>하고 책임 있는 결단을 해야 한다&quot;며 &quot;대통령의 이름을 이용한 얄팍한 정치로 전북의 미래를 흔들어서는 안 된다&quot;고 비판했다. 이어... ,"{""title"": ""이원택 후보 &quot;대통령 이름 팔 정치 안돼&quot;…민생·AI·강공 총력전"", ""originallink"": ""https://www.newsfreezone.co.kr/news/articleView.html?idxno=691668"", ""link"": ""https://www.newsfreezone.co.kr/news/articleView.html?idxno=691668"", ""description"": ""이 후보는 이날 전북특별자치도의회 기자회견에서 &quot;무소속 김관영 후보는 도민 앞에 <b>사과</b>하고 책임 있는 결단을 해야 한다&quot;며 &quot;대통령의 이름을 이용한 얄팍한 정치로 전북의 미래를 흔들어서는 안 된다&quot;고 비판했다. 이어... "", ""pubDate"": ""Tue, 26 May 2026 20:02:00 +0900""}",,
사과,single_term_fallback,사과,"&quot;모든 책임은 저에게&quot;‥정용진 회장, 8일 만에 대국민 <b>사과</b>",https://n.news.naver.com/mnews/article/214/0001501373?sid=101,"Tue, 26 May 2026 20:01:00 +0900","◀ 앵커 ▶ 정용진 신세계그룹 회장이 오늘 스타벅스의 '탱크데이' 마케팅 논란에 대해 <b>사과</b>했습니다. 5.18... &quot;무겁고 죄송한 마음&quot;이라고 말문을 연 뒤 &quot;5.18 유족과 박종철 열사 유가족, 광주시민, 국민 여러분&quot;을 향해 <b>사과</b>... ",https://imnews.imbc.com/replay/2026/nwdesk/article/6825390_37004.html,naver_news,사과,canonical,1.0,2026-05-26T11:50:13.707259+00:00,0,0,0,0,,"◀ 앵커 ▶ 정용진 신세계그룹 회장이 오늘 스타벅스의 '탱크데이' 마케팅 논란에 대해 <b>사과</b>했습니다. 5.18... &quot;무겁고 죄송한 마음&quot;이라고 말문을 연 뒤 &quot;5.18 유족과 박종철 열사 유가족, 광주시민, 국민 여러분&quot;을 향해 <b>사과</b>... ","{""title"": ""&quot;모든 책임은 저에게&quot;‥정용진 회장, 8일 만에 대국민 <b>사과</b>"", ""originallink"": ""https://imnews.imbc.com/replay/2026/nwdesk/article/6825390_37004.html"", ""link"": ""https://n.news.naver.com/mnews/article/214/0001501373?sid=101"", ""description"": ""◀ 앵커 ▶ 정용진 신세계그룹 회장이 오늘 스타벅스의 '탱크데이' 마케팅 논란에 대해 <b>사과</b>했습니다. 5.18... &quot;무겁고 죄송한 마음&quot;이라고 말문을 연 뒤 &quot;5.18 유족과 박종철 열사 유가족, 광주시민, 국민 여러분&quot;을 향해 <b>사과</b>... "", ""pubDate"": ""Tue, 26 May 2026 20:01:00 +0900""}",,
사과,single_term_fallback,사과,"삼전·닉스 2배, 여전히 홍콩이 유리한 이유 [B급기자의 B급리포트]",https://n.news.naver.com/mnews/article/215/0001253388?sid=101,"Tue, 26 May 2026 20:00:00 +0900","증권사가 시장에서 진짜 <b>사과</b>(삼성전자 주식)를 구해 자산운용사에 가져다주면, 운용사는 이 진짜 과일을 포장해 ETF라는 과일 바구니로 만들어 내어준다. 투자자가 나중에 펀드를 환매할 때도 바구니를 주면 진짜... ",http://www.wowtv.co.kr/NewsCenter/News/Read?articleId=A202605260263&t=NN,naver_news,사과,canonical,1.0,2026-05-26T11:50:13.707259+00:00,0,0,0,0,,"증권사가 시장에서 진짜 <b>사과</b>(삼성전자 주식)를 구해 자산운용사에 가져다주면, 운용사는 이 진짜 과일을 포장해 ETF라는 과일 바구니로 만들어 내어준다. 투자자가 나중에 펀드를 환매할 때도 바구니를 주면 진짜... ","{""title"": ""삼전·닉스 2배, 여전히 홍콩이 유리한 이유 [B급기자의 B급리포트]"", ""originallink"": ""http://www.wowtv.co.kr/NewsCenter/News/Read?articleId=A202605260263&t=NN"", ""link"": ""https://n.news.naver.com/mnews/article/215/0001253388?sid=101"", ""description"": ""증권사가 시장에서 진짜 <b>사과</b>(삼성전자 주식)를 구해 자산운용사에 가져다주면, 운용사는 이 진짜 과일을 포장해 ETF라는 과일 바구니로 만들어 내어준다. 투자자가 나중에 펀드를 환매할 때도 바구니를 주면 진짜... "", ""pubDate"": ""Tue, 26 May 2026 20:00:00 +0900""}",,
사과,single_term_fallback,사과,[썰물밀물] 웃는 얼굴 뒤에 숨은 '민낯',https://www.incheonilbo.com/news/articleView.html?idxno=1323779,"Tue, 26 May 2026 20:00:00 +0900","영혼 없는 웃음, 계산된 <b>사과</b>, 카메라 앞에서 고개를 숙이는 모습은 낯설지 않다. 선거철 익숙한 풍경이다.... 화려한 말보다 솔직한 <b>사과</b>, 이미지보다 책임, 포장된 정의보다 부끄러움을 아는 양심을 말이다. 인간은 완벽할... ",https://www.incheonilbo.com/news/articleView.html?idxno=1323779,naver_news,사과,canonical,1.0,2026-05-26T11:50:13.707259+00:00,0,0,0,0,,"영혼 없는 웃음, 계산된 <b>사과</b>, 카메라 앞에서 고개를 숙이는 모습은 낯설지 않다. 선거철 익숙한 풍경이다.... 화려한 말보다 솔직한 <b>사과</b>, 이미지보다 책임, 포장된 정의보다 부끄러움을 아는 양심을 말이다. 인간은 완벽할... ","{""title"": ""[썰물밀물] 웃는 얼굴 뒤에 숨은 '민낯'"", ""originallink"": ""https://www.incheonilbo.com/news/articleView.html?idxno=1323779"", ""link"": ""https://www.incheonilbo.com/news/articleView.html?idxno=1323779"", ""description"": ""영혼 없는 웃음, 계산된 <b>사과</b>, 카메라 앞에서 고개를 숙이는 모습은 낯설지 않다. 선거철 익숙한 풍경이다.... 화려한 말보다 솔직한 <b>사과</b>, 이미지보다 책임, 포장된 정의보다 부끄러움을 아는 양심을 말이다. 인간은 완벽할... "", ""pubDate"": ""Tue, 26 May 2026 20:00:00 +0900""}",,
사과,single_term_fallback,사과,"&quot;살인 피해자 사진에 웬 아이돌 사진?&quot;...MBC '논란 장면', 잇단 파묘",https://n.news.naver.com/mnews/article/008/0005363070?sid=102,"Tue, 26 May 2026 19:59:00 +0900","아이유와 변우석, 박준화 감독, 유지원 작가 등 배우와 제작진이 잇따라 <b>사과</b> 입장을 밝혔지만, 논란은 사그라지지 않고 있다. 제작진은 문제 장면의 자막과 오디오를 수정한 데 이어, OTT와 재방송 서비스에서 해당... ",https://www.mt.co.kr/society/2026/05/26/2026052619170152210,naver_news,사과,canonical,1.0,2026-05-26T11:50:13.707259+00:00,0,0,0,0,,"아이유와 변우석, 박준화 감독, 유지원 작가 등 배우와 제작진이 잇따라 <b>사과</b> 입장을 밝혔지만, 논란은 사그라지지 않고 있다. 제작진은 문제 장면의 자막과 오디오를 수정한 데 이어, OTT와 재방송 서비스에서 해당... ","{""title"": ""&quot;살인 피해자 사진에 웬 아이돌 사진?&quot;...MBC '논란 장면', 잇단 파묘"", ""originallink"": ""https://www.mt.co.kr/society/2026/05/26/2026052619170152210"", ""link"": ""https://n.news.naver.com/mnews/article/008/0005363070?sid=102"", ""description"": ""아이유와 변우석, 박준화 감독, 유지원 작가 등 배우와 제작진이 잇따라 <b>사과</b> 입장을 밝혔지만, 논란은 사그라지지 않고 있다. 제작진은 문제 장면의 자막과 오디오를 수정한 데 이어, OTT와 재방송 서비스에서 해당... "", ""pubDate"": ""Tue, 26 May 2026 19:59:00 +0900""}",,
사과,single_term_fallback,사과,"뒤바뀐 '창과 방패' 안민석vs임태희, 첫 토론서 격돌",https://n.news.naver.com/mnews/article/018/0006291011?sid=162,"Tue, 26 May 2026 19:58:00 +0900","이에 임태희 후보는 “당시 후보자와 후보자 부인, 특히 부인의 여러 처신에 대해 시정해야 한다고 직언했고, 2021년 12월 6일 후보자 배우자가 <b>사과</b>했다. 그것이 불편했는지 1주일 후 1월 2일 저하고 몇 명이 선대위에서... ",https://www.edaily.co.kr/news/newspath.asp?newsid=05093846645452856,naver_news,사과,canonical,1.0,2026-05-26T11:50:13.707259+00:00,0,0,0,0,,"이에 임태희 후보는 “당시 후보자와 후보자 부인, 특히 부인의 여러 처신에 대해 시정해야 한다고 직언했고, 2021년 12월 6일 후보자 배우자가 <b>사과</b>했다. 그것이 불편했는지 1주일 후 1월 2일 저하고 몇 명이 선대위에서... ","{""title"": ""뒤바뀐 '창과 방패' 안민석vs임태희, 첫 토론서 격돌"", ""originallink"": ""https://www.edaily.co.kr/news/newspath.asp?newsid=05093846645452856"", ""link"": ""https://n.news.naver.com/mnews/article/018/0006291011?sid=162"", ""description"": ""이에 임태희 후보는 “당시 후보자와 후보자 부인, 특히 부인의 여러 처신에 대해 시정해야 한다고 직언했고, 2021년 12월 6일 후보자 배우자가 <b>사과</b>했다. 그것이 불편했는지 1주일 후 1월 2일 저하고 몇 명이 선대위에서... "", ""pubDate"": ""Tue, 26 May 2026 19:58:00 +0900""}",,
사과,single_term_fallback,사과,[기자수첩] 정용진 회장 '앙꼬 빠진 찐빵' <b>사과</b>···'진짜' 책임자는 누...,http://www.finomy.com/news/articleView.html?idxno=254854,"Tue, 26 May 2026 19:58:00 +0900","이어 꺼내든 '<b>사과</b>문' 낭독한 시간 4분을 포함해 약 4분 7초다. 스타벅스코리아 대표도, 해당 마케팅 담당자도 아닌 그룹 회장이 전한 5분이 되지 않은 <b>사과</b>문. 직접 나서 공식 기자회견을 여는 통에 과한 기대감이 작용한... ",http://www.finomy.com/news/articleView.html?idxno=254854,naver_news,사과,canonical,1.0,2026-05-26T11:50:13.707259+00:00,0,0,0,0,,"이어 꺼내든 '<b>사과</b>문' 낭독한 시간 4분을 포함해 약 4분 7초다. 스타벅스코리아 대표도, 해당 마케팅 담당자도 아닌 그룹 회장이 전한 5분이 되지 않은 <b>사과</b>문. 직접 나서 공식 기자회견을 여는 통에 과한 기대감이 작용한... ","{""title"": ""[기자수첩] 정용진 회장 '앙꼬 빠진 찐빵' <b>사과</b>···'진짜' 책임자는 누..."", ""originallink"": ""http://www.finomy.com/news/articleView.html?idxno=254854"", ""link"": ""http://www.finomy.com/news/articleView.html?idxno=254854"", ""description"": ""이어 꺼내든 '<b>사과</b>문' 낭독한 시간 4분을 포함해 약 4분 7초다. 스타벅스코리아 대표도, 해당 마케팅 담당자도 아닌 그룹 회장이 전한 5분이 되지 않은 <b>사과</b>문. 직접 나서 공식 기자회견을 여는 통에 과한 기대감이 작용한... "", ""pubDate"": ""Tue, 26 May 2026 19:58:00 +0900""}",,
사과,single_term_fallback,사과,"“변명 일관, 말 뿐인 책임…안하느니만 못한 <b>사과</b>”",http://www.kwangju.co.kr/article.php?aid=1779792900799401006,"Tue, 26 May 2026 19:58:00 +0900","스타벅스 코리아의 ‘탱크데이’ 파문에 대해 정용진 신세계그룹 회장이 <b>사과</b>한 것과 관련, 광주 시민사회와 오월 단체는 “안하느니만 못한 <b>사과</b>”라며 강하게 반발했다. <b>사과</b>문에서 본인이 책임을 지겠다고 밝힌... ",http://www.kwangju.co.kr/article.php?aid=1779792900799401006,naver_news,사과,canonical,1.0,2026-05-26T11:50:13.707259+00:00,0,0,0,0,,"스타벅스 코리아의 ‘탱크데이’ 파문에 대해 정용진 신세계그룹 회장이 <b>사과</b>한 것과 관련, 광주 시민사회와 오월 단체는 “안하느니만 못한 <b>사과</b>”라며 강하게 반발했다. <b>사과</b>문에서 본인이 책임을 지겠다고 밝힌... ","{""title"": ""“변명 일관, 말 뿐인 책임…안하느니만 못한 <b>사과</b>”"", ""originallink"": ""http://www.kwangju.co.kr/article.php?aid=1779792900799401006"", ""link"": ""http://www.kwangju.co.kr/article.php?aid=1779792900799401006"", ""description"": ""스타벅스 코리아의 ‘탱크데이’ 파문에 대해 정용진 신세계그룹 회장이 <b>사과</b>한 것과 관련, 광주 시민사회와 오월 단체는 “안하느니만 못한 <b>사과</b>”라며 강하게 반발했다. <b>사과</b>문에서 본인이 책임을 지겠다고 밝힌... "", ""pubDate"": ""Tue, 26 May 2026 19:58:00 +0900""}",,
사과,single_term_fallback,사과,"MC딩동, 'BJ 폭행 논란' <b>사과</b>→&quot;가족 향한 루머엔 법적 대응&quot; [MHN:피드]",https://m.entertain.naver.com/article/445/0000419198,"Tue, 26 May 2026 19:58:00 +0900",공식 <b>사과</b>문을 올리며 고개를 숙였다. MC딩동은 26일 개인 계정을 통해 &quot;저의 경솔하고 성숙하지 못한 행동으로 많은 분들께 큰 피로감과 실망감을 안겨드린 점 고개 숙여 진심으로 깊이 <b>사과</b>드린다&quot;고 입을 열었다. 이어... ,https://mhnse.com/news/articleView.html?idxno=1389637,naver_news,사과,canonical,1.0,2026-05-26T11:50:13.707259+00:00,0,0,0,0,,공식 <b>사과</b>문을 올리며 고개를 숙였다. MC딩동은 26일 개인 계정을 통해 &quot;저의 경솔하고 성숙하지 못한 행동으로 많은 분들께 큰 피로감과 실망감을 안겨드린 점 고개 숙여 진심으로 깊이 <b>사과</b>드린다&quot;고 입을 열었다. 이어... ,"{""title"": ""MC딩동, 'BJ 폭행 논란' <b>사과</b>→&quot;가족 향한 루머엔 법적 대응&quot; [MHN:피드]"", ""originallink"": ""https://mhnse.com/news/articleView.html?idxno=1389637"", ""link"": ""https://m.entertain.naver.com/article/445/0000419198"", ""description"": ""공식 <b>사과</b>문을 올리며 고개를 숙였다. MC딩동은 26일 개인 계정을 통해 &quot;저의 경솔하고 성숙하지 못한 행동으로 많은 분들께 큰 피로감과 실망감을 안겨드린 점 고개 숙여 진심으로 깊이 <b>사과</b>드린다&quot;고 입을 열었다. 이어... "", ""pubDate"": ""Tue, 26 May 2026 19:58:00 +0900""}",,
사과,single_term_fallback,사과,서소문 달려간 오세훈 &quot;깊은 책임감&quot;‥&quot;마포는 사고 없다&quot; 박강수 발언...,https://n.news.naver.com/mnews/article/214/0001501371?sid=162,"Tue, 26 May 2026 19:57:00 +0900","여러분 감사합니다!&quot; 세 명이 숨진 사고를 두고 나온 이같은 발언에 논란이 커지자, 박 후보는 &quot;공직자로서 공감과 배려가 부족했다&quot;며 <b>사과</b>했습니다. GTX 철근 누락으로 공사 현장을 둘러싼 안전 문제가 크게 제기되는... ",https://imnews.imbc.com/replay/2026/nwdesk/article/6825388_37004.html,naver_news,사과,canonical,1.0,2026-05-26T11:50:13.707259+00:00,0,0,0,0,,"여러분 감사합니다!&quot; 세 명이 숨진 사고를 두고 나온 이같은 발언에 논란이 커지자, 박 후보는 &quot;공직자로서 공감과 배려가 부족했다&quot;며 <b>사과</b>했습니다. GTX 철근 누락으로 공사 현장을 둘러싼 안전 문제가 크게 제기되는... ","{""title"": ""서소문 달려간 오세훈 &quot;깊은 책임감&quot;‥&quot;마포는 사고 없다&quot; 박강수 발언..."", ""originallink"": ""https://imnews.imbc.com/replay/2026/nwdesk/article/6825388_37004.html"", ""link"": ""https://n.news.naver.com/mnews/article/214/0001501371?sid=162"", ""description"": ""여러분 감사합니다!&quot; 세 명이 숨진 사고를 두고 나온 이같은 발언에 논란이 커지자, 박 후보는 &quot;공직자로서 공감과 배려가 부족했다&quot;며 <b>사과</b>했습니다. GTX 철근 누락으로 공사 현장을 둘러싼 안전 문제가 크게 제기되는... "", ""pubDate"": ""Tue, 26 May 2026 19:57:00 +0900""}",,
사과,single_term_fallback,사과,"'충격 반전' 아베 신고→말 바꿨다…&quot;아버지가 때린 사실 없어, 보도 사...",https://m.sports.naver.com/wbaseball/article/477/0000610602,"Tue, 26 May 2026 19:56:00 +0900",이번 일과 관련해 가정 내 문제였음에도 큰 보도로 이어지게 된 점 진심으로 <b>사과</b>드립니다. 이 글은 제... 여러 방면으로 심려를 끼쳐드린 점 다시 한번 진심으로 <b>사과</b>드립니다. 아버지와는 이미 화해를 마쳤으니... ,https://www.spotvnews.co.kr/news/articleView.html?idxno=819011,naver_news,사과,canonical,1.0,2026-05-26T11:50:13.707259+00:00,0,0,0,0,,이번 일과 관련해 가정 내 문제였음에도 큰 보도로 이어지게 된 점 진심으로 <b>사과</b>드립니다. 이 글은 제... 여러 방면으로 심려를 끼쳐드린 점 다시 한번 진심으로 <b>사과</b>드립니다. 아버지와는 이미 화해를 마쳤으니... ,"{""title"": ""'충격 반전' 아베 신고→말 바꿨다…&quot;아버지가 때린 사실 없어, 보도 사..."", ""originallink"": ""https://www.spotvnews.co.kr/news/articleView.html?idxno=819011"", ""link"": ""https://m.sports.naver.com/wbaseball/article/477/0000610602"", ""description"": ""이번 일과 관련해 가정 내 문제였음에도 큰 보도로 이어지게 된 점 진심으로 <b>사과</b>드립니다. 이 글은 제... 여러 방면으로 심려를 끼쳐드린 점 다시 한번 진심으로 <b>사과</b>드립니다. 아버지와는 이미 화해를 마쳤으니... "", ""pubDate"": ""Tue, 26 May 2026 19:56:00 +0900""}",,
사과,single_term_fallback,사과,30년 만에 마주한 진실…26일(오늘) 종영 앞두고 시청률 상승 노리고 있...,https://m.entertain.naver.com/article/445/0000419197,"Tue, 26 May 2026 19:55:00 +0900","강태주는 이용우(=이기환, 정문성)의 자백 후, 임석만(전석찬)을 찾아가 <b>사과</b>하고 재심을 준비했다. 하지만 차시영 편에 선 이들은 모르쇠로 일관하며, 이용우의 자백까지 거짓으로 몰아갈 계획을 세웠다. 한편, 30년간... ",https://mhnse.com/news/articleView.html?idxno=1389656,naver_news,사과,canonical,1.0,2026-05-26T11:50:13.707259+00:00,0,0,0,0,,"강태주는 이용우(=이기환, 정문성)의 자백 후, 임석만(전석찬)을 찾아가 <b>사과</b>하고 재심을 준비했다. 하지만 차시영 편에 선 이들은 모르쇠로 일관하며, 이용우의 자백까지 거짓으로 몰아갈 계획을 세웠다. 한편, 30년간... ","{""title"": ""30년 만에 마주한 진실…26일(오늘) 종영 앞두고 시청률 상승 노리고 있..."", ""originallink"": ""https://mhnse.com/news/articleView.html?idxno=1389656"", ""link"": ""https://m.entertain.naver.com/article/445/0000419197"", ""description"": ""강태주는 이용우(=이기환, 정문성)의 자백 후, 임석만(전석찬)을 찾아가 <b>사과</b>하고 재심을 준비했다. 하지만 차시영 편에 선 이들은 모르쇠로 일관하며, 이용우의 자백까지 거짓으로 몰아갈 계획을 세웠다. 한편, 30년간... "", ""pubDate"": ""Tue, 26 May 2026 19:55:00 +0900""}",,
사과,single_term_fallback,사과,정청래 &quot;가식 <b>사과</b>&quot; 정용진 역풍…與野 정면충돌,https://www.topstarnews.net/news/articleView.html?idxno=16072058,"Tue, 26 May 2026 19:54:00 +0900","더불어민주당은 &quot;소나기 피하기식 <b>사과</b>&quot;라고 몰아붙였고, 국민의힘은 &quot;비판에도 선이 있다&quot;며 역공에 나섰다. 논란의 중심은 단순 <b>사과</b> 여부가 아니라 왜 5·18과 세월호 날짜에 맞물린 이벤트가 반복됐는지, 내부 검증이... ",https://www.topstarnews.net/news/articleView.html?idxno=16072058,naver_news,사과,canonical,1.0,2026-05-26T11:50:13.707259+00:00,0,0,0,0,,"더불어민주당은 &quot;소나기 피하기식 <b>사과</b>&quot;라고 몰아붙였고, 국민의힘은 &quot;비판에도 선이 있다&quot;며 역공에 나섰다. 논란의 중심은 단순 <b>사과</b> 여부가 아니라 왜 5·18과 세월호 날짜에 맞물린 이벤트가 반복됐는지, 내부 검증이... ","{""title"": ""정청래 &quot;가식 <b>사과</b>&quot; 정용진 역풍…與野 정면충돌"", ""originallink"": ""https://www.topstarnews.net/news/articleView.html?idxno=16072058"", ""link"": ""https://www.topstarnews.net/news/articleView.html?idxno=16072058"", ""description"": ""더불어민주당은 &quot;소나기 피하기식 <b>사과</b>&quot;라고 몰아붙였고, 국민의힘은 &quot;비판에도 선이 있다&quot;며 역공에 나섰다. 논란의 중심은 단순 <b>사과</b> 여부가 아니라 왜 5·18과 세월호 날짜에 맞물린 이벤트가 반복됐는지, 내부 검증이... "", ""pubDate"": ""Tue, 26 May 2026 19:54:00 +0900""}",,
사과,single_term_fallback,사과,"고락희 천안시의원 후보, 학력 논란 해명 &quot;명함 전량 폐기&quot;",https://www.gukjenews.com/news/articleView.html?idxno=3592241,"Tue, 26 May 2026 19:54:00 +0900",대해 <b>사과</b>드린다&quot;고 말했다. 다만 &quot;학력을 부풀리거나 유권자를 기만하려는 의도는 전혀 없었다&quot;고 강조했다.... 고 후보는 또 &quot;현재 석<b>사과</b>정 4학기를 이수 중으로 학위 취득을 앞두고 있다&quot;며 &quot;단순 기재 착오를 '학력 위조... ,https://www.gukjenews.com/news/articleView.html?idxno=3592241,naver_news,사과,canonical,1.0,2026-05-26T11:50:13.707259+00:00,0,0,0,0,,대해 <b>사과</b>드린다&quot;고 말했다. 다만 &quot;학력을 부풀리거나 유권자를 기만하려는 의도는 전혀 없었다&quot;고 강조했다.... 고 후보는 또 &quot;현재 석<b>사과</b>정 4학기를 이수 중으로 학위 취득을 앞두고 있다&quot;며 &quot;단순 기재 착오를 '학력 위조... ,"{""title"": ""고락희 천안시의원 후보, 학력 논란 해명 &quot;명함 전량 폐기&quot;"", ""originallink"": ""https://www.gukjenews.com/news/articleView.html?idxno=3592241"", ""link"": ""https://www.gukjenews.com/news/articleView.html?idxno=3592241"", ""description"": ""대해 <b>사과</b>드린다&quot;고 말했다. 다만 &quot;학력을 부풀리거나 유권자를 기만하려는 의도는 전혀 없었다&quot;고 강조했다.... 고 후보는 또 &quot;현재 석<b>사과</b>정 4학기를 이수 중으로 학위 취득을 앞두고 있다&quot;며 &quot;단순 기재 착오를 '학력 위조... "", ""pubDate"": ""Tue, 26 May 2026 19:54:00 +0900""}",,
사과,single_term_fallback,사과,'협박 발언·금품 요구 연루 의혹' 진주시장 선거 혼탁,https://www.gnnews.co.kr/news/articleView.html?idxno=637672,"Tue, 26 May 2026 19:54:00 +0900",이어 &quot;현재까지 해당 발언에 대하 <b>사과</b>도 없다&quot;고 부연했다. 그러면서 &quot;특정 정파의 이익을 위해 악용되는 일이 없도록 하기 위해 해당 녹취를 포함한 관련 자료를 선거관리위원회에 제출하겠다&quot;고 했다. 공직선거법에 따라... ,https://www.gnnews.co.kr/news/articleView.html?idxno=637672,naver_news,사과,canonical,1.0,2026-05-26T11:50:13.707259+00:00,0,0,0,0,,이어 &quot;현재까지 해당 발언에 대하 <b>사과</b>도 없다&quot;고 부연했다. 그러면서 &quot;특정 정파의 이익을 위해 악용되는 일이 없도록 하기 위해 해당 녹취를 포함한 관련 자료를 선거관리위원회에 제출하겠다&quot;고 했다. 공직선거법에 따라... ,"{""title"": ""'협박 발언·금품 요구 연루 의혹' 진주시장 선거 혼탁"", ""originallink"": ""https://www.gnnews.co.kr/news/articleView.html?idxno=637672"", ""link"": ""https://www.gnnews.co.kr/news/articleView.html?idxno=637672"", ""description"": ""이어 &quot;현재까지 해당 발언에 대하 <b>사과</b>도 없다&quot;고 부연했다. 그러면서 &quot;특정 정파의 이익을 위해 악용되는 일이 없도록 하기 위해 해당 녹취를 포함한 관련 자료를 선거관리위원회에 제출하겠다&quot;고 했다. 공직선거법에 따라... "", ""pubDate"": ""Tue, 26 May 2026 19:54:00 +0900""}",,
사과,single_term_fallback,사과,&quot;민주노총 간첩조작 사건 실체 없다&quot;,http://www.tongilnews.com/news/articleView.html?idxno=216596,"Tue, 26 May 2026 19:54:00 +0900",참가 단체들은 ▲김한수·양미경 사건에 대한 검찰 항소 중단 ▲국정원·검찰의 공개 <b>사과</b>와 책임자 처벌... 공개 <b>사과</b>해야 한다&quot;고 요구했다. 함 부위원장은 검찰과 공안기관에 대한 책임도 강하게 제기했다. 그는 &quot;엄벌을... ,http://www.tongilnews.com/news/articleView.html?idxno=216596,naver_news,사과,canonical,1.0,2026-05-26T11:50:13.707259+00:00,0,0,0,0,,참가 단체들은 ▲김한수·양미경 사건에 대한 검찰 항소 중단 ▲국정원·검찰의 공개 <b>사과</b>와 책임자 처벌... 공개 <b>사과</b>해야 한다&quot;고 요구했다. 함 부위원장은 검찰과 공안기관에 대한 책임도 강하게 제기했다. 그는 &quot;엄벌을... ,"{""title"": ""&quot;민주노총 간첩조작 사건 실체 없다&quot;"", ""originallink"": ""http://www.tongilnews.com/news/articleView.html?idxno=216596"", ""link"": ""http://www.tongilnews.com/news/articleView.html?idxno=216596"", ""description"": ""참가 단체들은 ▲김한수·양미경 사건에 대한 검찰 항소 중단 ▲국정원·검찰의 공개 <b>사과</b>와 책임자 처벌... 공개 <b>사과</b>해야 한다&quot;고 요구했다. 함 부위원장은 검찰과 공안기관에 대한 책임도 강하게 제기했다. 그는 &quot;엄벌을... "", ""pubDate"": ""Tue, 26 May 2026 19:54:00 +0900""}",,
사과,single_term_fallback,사과,"연합뉴스TV 이사회 파행, 사외이사 전원 퇴장",https://n.news.naver.com/mnews/article/127/0000039301?sid=102,"Tue, 26 May 2026 19:53:00 +0900",이사회 파행과 관련해 사외이사들은 “경영진 발언에 경악을 금치 못하며 깊은 상처를 받았다”면서 <b>사과</b>와 재발방지 대책을 촉구했다. 방미통위는 15일 사추위를 꾸리지 않아 방송법을 위반한 연합뉴스TV에 7월 말까지... ,http://www.journalist.or.kr/news/article.html?no=60952,naver_news,사과,canonical,1.0,2026-05-26T11:50:13.707259+00:00,0,0,0,0,,이사회 파행과 관련해 사외이사들은 “경영진 발언에 경악을 금치 못하며 깊은 상처를 받았다”면서 <b>사과</b>와 재발방지 대책을 촉구했다. 방미통위는 15일 사추위를 꾸리지 않아 방송법을 위반한 연합뉴스TV에 7월 말까지... ,"{""title"": ""연합뉴스TV 이사회 파행, 사외이사 전원 퇴장"", ""originallink"": ""http://www.journalist.or.kr/news/article.html?no=60952"", ""link"": ""https://n.news.naver.com/mnews/article/127/0000039301?sid=102"", ""description"": ""이사회 파행과 관련해 사외이사들은 “경영진 발언에 경악을 금치 못하며 깊은 상처를 받았다”면서 <b>사과</b>와 재발방지 대책을 촉구했다. 방미통위는 15일 사추위를 꾸리지 않아 방송법을 위반한 연합뉴스TV에 7월 말까지... "", ""pubDate"": ""Tue, 26 May 2026 19:53:00 +0900""}",,
사과,single_term_fallback,사과,"김민전 &quot;잘생긴 오빠 많아요&quot; 뭇매, MBC 기자 &quot;정청래 아동학대라던 국...",https://n.news.naver.com/mnews/article/006/0000135925?sid=100,"Tue, 26 May 2026 19:53:00 +0900","정의당은 &quot;이번 일을 '배려'로 포장하지 말고, 국민 앞에 <b>사과</b>하라&quot;라며 &quot;국민의힘과 더불어민주당 모두 당의 성인지적 관점의 부재를 인정하고 이에 대한 점검을 시행하라&quot;라고 촉구했다. 김민전 의원은 25일 페이스북에... ",https://www.mediatoday.co.kr/news/articleView.html?idxno=334716,naver_news,사과,canonical,1.0,2026-05-26T11:50:13.707259+00:00,0,0,0,0,,"정의당은 &quot;이번 일을 '배려'로 포장하지 말고, 국민 앞에 <b>사과</b>하라&quot;라며 &quot;국민의힘과 더불어민주당 모두 당의 성인지적 관점의 부재를 인정하고 이에 대한 점검을 시행하라&quot;라고 촉구했다. 김민전 의원은 25일 페이스북에... ","{""title"": ""김민전 &quot;잘생긴 오빠 많아요&quot; 뭇매, MBC 기자 &quot;정청래 아동학대라던 국..."", ""originallink"": ""https://www.mediatoday.co.kr/news/articleView.html?idxno=334716"", ""link"": ""https://n.news.naver.com/mnews/article/006/0000135925?sid=100"", ""description"": ""정의당은 &quot;이번 일을 '배려'로 포장하지 말고, 국민 앞에 <b>사과</b>하라&quot;라며 &quot;국민의힘과 더불어민주당 모두 당의 성인지적 관점의 부재를 인정하고 이에 대한 점검을 시행하라&quot;라고 촉구했다. 김민전 의원은 25일 페이스북에... "", ""pubDate"": ""Tue, 26 May 2026 19:53:00 +0900""}",,
사과,single_term_fallback,사과,&quot;너무 힘듭니다&quot; 묵살한 '100회' 팔굽혀펴기…병사 근육 녹았다,https://n.news.naver.com/mnews/article/088/0001011723?sid=102,"Tue, 26 May 2026 19:52:00 +0900",가해자와 부대 내 지휘관들로부터도 책임 있는 <b>사과</b>를 받지 못한 A상병 측은 B중사를 직권남용 가혹행위죄와 폭행죄로 군사경찰에 고소했다. 이번 사건에 대해 15사단 관계자는 연합뉴스에 &quot;현재 군 수사기관에서 관련... ,https://www.imaeil.com/page/view/2026052619393350576,naver_news,사과,canonical,1.0,2026-05-26T11:50:13.707259+00:00,0,0,0,0,,가해자와 부대 내 지휘관들로부터도 책임 있는 <b>사과</b>를 받지 못한 A상병 측은 B중사를 직권남용 가혹행위죄와 폭행죄로 군사경찰에 고소했다. 이번 사건에 대해 15사단 관계자는 연합뉴스에 &quot;현재 군 수사기관에서 관련... ,"{""title"": ""&quot;너무 힘듭니다&quot; 묵살한 '100회' 팔굽혀펴기…병사 근육 녹았다"", ""originallink"": ""https://www.imaeil.com/page/view/2026052619393350576"", ""link"": ""https://n.news.naver.com/mnews/article/088/0001011723?sid=102"", ""description"": ""가해자와 부대 내 지휘관들로부터도 책임 있는 <b>사과</b>를 받지 못한 A상병 측은 B중사를 직권남용 가혹행위죄와 폭행죄로 군사경찰에 고소했다. 이번 사건에 대해 15사단 관계자는 연합뉴스에 &quot;현재 군 수사기관에서 관련... "", ""pubDate"": ""Tue, 26 May 2026 19:52:00 +0900""}",,
사과,single_term_fallback,사과,"대통령 지적에 '즉각 <b>사과</b>' 서울경제TV, '112억 선행매매' 사건도 책임감...",https://n.news.naver.com/mnews/article/006/0000135924?sid=101,"Tue, 26 May 2026 19:50:00 +0900","명의의 <b>사과</b>문을 게재했다. 지난 5월15일 게시된 &lt;중국인 서울 강남 아파트 944채 기습 매수, 물량 싹쓸이&gt;라는... 언론사가 전사 명의로 공개 <b>사과</b>문을 내는 것은 이례적인 일이다. 이 대통령의 지적 후 서울경제TV의 빠른... ",https://www.mediatoday.co.kr/news/articleView.html?idxno=334718,naver_news,사과,canonical,1.0,2026-05-26T11:50:13.707259+00:00,0,0,0,0,,"명의의 <b>사과</b>문을 게재했다. 지난 5월15일 게시된 &lt;중국인 서울 강남 아파트 944채 기습 매수, 물량 싹쓸이&gt;라는... 언론사가 전사 명의로 공개 <b>사과</b>문을 내는 것은 이례적인 일이다. 이 대통령의 지적 후 서울경제TV의 빠른... ","{""title"": ""대통령 지적에 '즉각 <b>사과</b>' 서울경제TV, '112억 선행매매' 사건도 책임감..."", ""originallink"": ""https://www.mediatoday.co.kr/news/articleView.html?idxno=334718"", ""link"": ""https://n.news.naver.com/mnews/article/006/0000135924?sid=101"", ""description"": ""명의의 <b>사과</b>문을 게재했다. 지난 5월15일 게시된 &lt;중국인 서울 강남 아파트 944채 기습 매수, 물량 싹쓸이&gt;라는... 언론사가 전사 명의로 공개 <b>사과</b>문을 내는 것은 이례적인 일이다. 이 대통령의 지적 후 서울경제TV의 빠른... "", ""pubDate"": ""Tue, 26 May 2026 19:50:00 +0900""}",,
사과,single_term_fallback,사과,선거 앞두고 기자 고소·고발·폭력… 검증 차단하나,https://n.news.naver.com/mnews/article/127/0000039300?sid=102,"Tue, 26 May 2026 19:50:00 +0900","아무런 <b>사과</b> 의사 표명 없이 차를 타고 현장을 떠났다”고 밝혔다. 당시 상황은 21일자 뉴스타파 보도에도... 공개적으로 <b>사과</b>하라”며 “더불어 국민의힘은 잇따른 언론 자유 훼손, 침해 행태에 대한 재발 방지를 약속하고... ",http://www.journalist.or.kr/news/article.html?no=60951,naver_news,사과,canonical,1.0,2026-05-26T11:50:13.707259+00:00,0,0,0,0,,"아무런 <b>사과</b> 의사 표명 없이 차를 타고 현장을 떠났다”고 밝혔다. 당시 상황은 21일자 뉴스타파 보도에도... 공개적으로 <b>사과</b>하라”며 “더불어 국민의힘은 잇따른 언론 자유 훼손, 침해 행태에 대한 재발 방지를 약속하고... ","{""title"": ""선거 앞두고 기자 고소·고발·폭력… 검증 차단하나"", ""originallink"": ""http://www.journalist.or.kr/news/article.html?no=60951"", ""link"": ""https://n.news.naver.com/mnews/article/127/0000039300?sid=102"", ""description"": ""아무런 <b>사과</b> 의사 표명 없이 차를 타고 현장을 떠났다”고 밝혔다. 당시 상황은 21일자 뉴스타파 보도에도... 공개적으로 <b>사과</b>하라”며 “더불어 국민의힘은 잇따른 언론 자유 훼손, 침해 행태에 대한 재발 방지를 약속하고... "", ""pubDate"": ""Tue, 26 May 2026 19:50:00 +0900""}",,
사과,single_term_fallback,사과,"인명피해 발생한 서소문 고가 붕괴, 선거에 이용?… 여야 '입단속'",https://n.news.naver.com/mnews/article/006/0000135923?sid=162,"Tue, 26 May 2026 19:48:00 +0900","박강수 후보, 서소문 고가 붕괴사고 직후 '마포 안전사고 없다고 자랑하고 싶다' 유세했다 <b>사과</b> 이후 박강수 후보는 <b>사과</b>문을 내고 &quot;오늘 유세 현장에서 서대문구 사고 소식을 언급하며 마포구의 안전 관리에 대해 발언하는... ",https://www.mediatoday.co.kr/news/articleView.html?idxno=334725,naver_news,사과,canonical,1.0,2026-05-26T11:50:13.707259+00:00,0,0,0,0,,"박강수 후보, 서소문 고가 붕괴사고 직후 '마포 안전사고 없다고 자랑하고 싶다' 유세했다 <b>사과</b> 이후 박강수 후보는 <b>사과</b>문을 내고 &quot;오늘 유세 현장에서 서대문구 사고 소식을 언급하며 마포구의 안전 관리에 대해 발언하는... ","{""title"": ""인명피해 발생한 서소문 고가 붕괴, 선거에 이용?… 여야 '입단속'"", ""originallink"": ""https://www.mediatoday.co.kr/news/articleView.html?idxno=334725"", ""link"": ""https://n.news.naver.com/mnews/article/006/0000135923?sid=162"", ""description"": ""박강수 후보, 서소문 고가 붕괴사고 직후 '마포 안전사고 없다고 자랑하고 싶다' 유세했다 <b>사과</b> 이후 박강수 후보는 <b>사과</b>문을 내고 &quot;오늘 유세 현장에서 서대문구 사고 소식을 언급하며 마포구의 안전 관리에 대해 발언하는... "", ""pubDate"": ""Tue, 26 May 2026 19:48:00 +0900""}",,
사과,single_term_fallback,사과,‘스벅 탱크데이 사태’ 정용진 고개 숙였지만 여론 싸늘,https://www.kyeongin.com/article/1764301,"Tue, 26 May 2026 19:48:00 +0900","대국민 <b>사과</b>에 나섰지만 여론은 여전히 싸늘하다. 7일에 걸쳐 내놓은 자체 조사 결과가 “현재 고의성을 입증할 명확한 근거를 찾지 못했다”여서다. 신세계그룹의 <b>사과</b> 이후 뚜렷한 책임 소재, 재발방지 대책이 없는... ",https://www.kyeongin.com/article/1764301,naver_news,사과,canonical,1.0,2026-05-26T11:50:13.707259+00:00,0,0,0,0,,"대국민 <b>사과</b>에 나섰지만 여론은 여전히 싸늘하다. 7일에 걸쳐 내놓은 자체 조사 결과가 “현재 고의성을 입증할 명확한 근거를 찾지 못했다”여서다. 신세계그룹의 <b>사과</b> 이후 뚜렷한 책임 소재, 재발방지 대책이 없는... ","{""title"": ""‘스벅 탱크데이 사태’ 정용진 고개 숙였지만 여론 싸늘"", ""originallink"": ""https://www.kyeongin.com/article/1764301"", ""link"": ""https://www.kyeongin.com/article/1764301"", ""description"": ""대국민 <b>사과</b>에 나섰지만 여론은 여전히 싸늘하다. 7일에 걸쳐 내놓은 자체 조사 결과가 “현재 고의성을 입증할 명확한 근거를 찾지 못했다”여서다. 신세계그룹의 <b>사과</b> 이후 뚜렷한 책임 소재, 재발방지 대책이 없는... "", ""pubDate"": ""Tue, 26 May 2026 19:48:00 +0900""}",,
사과,single_term_fallback,사과,"대구시장 선거, 스타벅스 논란 진영간 온도 차",https://www.dkilbo.com/news/articleView.html?idxno=545214,"Tue, 26 May 2026 19:46:00 +0900",공식 <b>사과</b>하는 등 사태가 걷잡을 수 없이 커졌다. 이런 상황에서 대구시장 자리를 두고 격돌하는 추경호... 여당인 더불어민주당 지도부가 정 회장의 <b>사과</b>에도 공세 수위를 높이고 있는 것과 달리 김부겸 민주당 대구시장... ,https://www.dkilbo.com/news/articleView.html?idxno=545214,naver_news,사과,canonical,1.0,2026-05-26T11:50:13.707259+00:00,0,0,0,0,,공식 <b>사과</b>하는 등 사태가 걷잡을 수 없이 커졌다. 이런 상황에서 대구시장 자리를 두고 격돌하는 추경호... 여당인 더불어민주당 지도부가 정 회장의 <b>사과</b>에도 공세 수위를 높이고 있는 것과 달리 김부겸 민주당 대구시장... ,"{""title"": ""대구시장 선거, 스타벅스 논란 진영간 온도 차"", ""originallink"": ""https://www.dkilbo.com/news/articleView.html?idxno=545214"", ""link"": ""https://www.dkilbo.com/news/articleView.html?idxno=545214"", ""description"": ""공식 <b>사과</b>하는 등 사태가 걷잡을 수 없이 커졌다. 이런 상황에서 대구시장 자리를 두고 격돌하는 추경호... 여당인 더불어민주당 지도부가 정 회장의 <b>사과</b>에도 공세 수위를 높이고 있는 것과 달리 김부겸 민주당 대구시장... "", ""pubDate"": ""Tue, 26 May 2026 19:46:00 +0900""}",,
사과,single_term_fallback,사과,"구미경실련, 국민의힘 김장호 구미시장·김민성 시의원 후보 낙선 운동...",https://www.dkilbo.com/news/articleView.html?idxno=545216,"Tue, 26 May 2026 19:46:00 +0900",게다가 &quot;김 후보는 윤석열 탄핵 기각을 촉구하는 대규모 집회에 여러 차례 참석하고 자신의 사회관계망 서비스에 여러 차례 올려 헌법 수호 의지가 있는지 의심스럽고 탄핵 후 <b>사과</b>조차 하지 않아 보편적 민주주의를... ,https://www.dkilbo.com/news/articleView.html?idxno=545216,naver_news,사과,canonical,1.0,2026-05-26T11:50:13.707259+00:00,0,0,0,0,,게다가 &quot;김 후보는 윤석열 탄핵 기각을 촉구하는 대규모 집회에 여러 차례 참석하고 자신의 사회관계망 서비스에 여러 차례 올려 헌법 수호 의지가 있는지 의심스럽고 탄핵 후 <b>사과</b>조차 하지 않아 보편적 민주주의를... ,"{""title"": ""구미경실련, 국민의힘 김장호 구미시장·김민성 시의원 후보 낙선 운동..."", ""originallink"": ""https://www.dkilbo.com/news/articleView.html?idxno=545216"", ""link"": ""https://www.dkilbo.com/news/articleView.html?idxno=545216"", ""description"": ""게다가 &quot;김 후보는 윤석열 탄핵 기각을 촉구하는 대규모 집회에 여러 차례 참석하고 자신의 사회관계망 서비스에 여러 차례 올려 헌법 수호 의지가 있는지 의심스럽고 탄핵 후 <b>사과</b>조차 하지 않아 보편적 민주주의를... "", ""pubDate"": ""Tue, 26 May 2026 19:46:00 +0900""}",,
사과,single_term_fallback,사과,"평택을 김용남, ‘모친 사채업 의혹 제기’ 유튜버 2명 고소",https://n.news.naver.com/mnews/article/666/0000108650?sid=100,"Tue, 26 May 2026 19:46:00 +0900",이들은 이날 시청에서 기자회견을 열어 더불어민주당에 김 후보의 공천 철회와 공개 <b>사과</b>를 요구하기도 했다. 이러한 의혹에 대해 김 후보 측은 입장문을 통해 전면 부인했다. 김 후보는 “일부 언론에서 제기하는 특정... ,https://www.kyeonggi.com/article/20260526580691,naver_news,사과,canonical,1.0,2026-05-26T11:50:13.707259+00:00,0,0,0,0,,이들은 이날 시청에서 기자회견을 열어 더불어민주당에 김 후보의 공천 철회와 공개 <b>사과</b>를 요구하기도 했다. 이러한 의혹에 대해 김 후보 측은 입장문을 통해 전면 부인했다. 김 후보는 “일부 언론에서 제기하는 특정... ,"{""title"": ""평택을 김용남, ‘모친 사채업 의혹 제기’ 유튜버 2명 고소"", ""originallink"": ""https://www.kyeonggi.com/article/20260526580691"", ""link"": ""https://n.news.naver.com/mnews/article/666/0000108650?sid=100"", ""description"": ""이들은 이날 시청에서 기자회견을 열어 더불어민주당에 김 후보의 공천 철회와 공개 <b>사과</b>를 요구하기도 했다. 이러한 의혹에 대해 김 후보 측은 입장문을 통해 전면 부인했다. 김 후보는 “일부 언론에서 제기하는 특정... "", ""pubDate"": ""Tue, 26 May 2026 19:46:00 +0900""}",,
사과,single_term_fallback,사과,5월 26일 '뉴스 9' 예고,https://n.news.naver.com/mnews/article/448/0000614583?sid=102,"Tue, 26 May 2026 19:46:00 +0900","서울시장 후보들, 유세 중단하고 서소문 현장 찾아 3. 신세계 정용진 회장 '스타벅스 사태'에 대국민 <b>사과</b> 4. 靑, 김용범 '3고' 발언에 &quot;엄중하게 보고 있다&quot; 5. BTS, 올해의 아티스트 수상…'케데헌'도 쾌거",https://news.tvchosun.com/site/data/html_dir/2026/05/26/2026052690316.html,naver_news,사과,canonical,1.0,2026-05-26T11:50:13.707259+00:00,0,0,0,0,,"서울시장 후보들, 유세 중단하고 서소문 현장 찾아 3. 신세계 정용진 회장 '스타벅스 사태'에 대국민 <b>사과</b> 4. 靑, 김용범 '3고' 발언에 &quot;엄중하게 보고 있다&quot; 5. BTS, 올해의 아티스트 수상…'케데헌'도 쾌거","{""title"": ""5월 26일 '뉴스 9' 예고"", ""originallink"": ""https://news.tvchosun.com/site/data/html_dir/2026/05/26/2026052690316.html"", ""link"": ""https://n.news.naver.com/mnews/article/448/0000614583?sid=102"", ""description"": ""서울시장 후보들, 유세 중단하고 서소문 현장 찾아 3. 신세계 정용진 회장 '스타벅스 사태'에 대국민 <b>사과</b> 4. 靑, 김용범 '3고' 발언에 &quot;엄중하게 보고 있다&quot; 5. BTS, 올해의 아티스트 수상…'케데헌'도 쾌거"", ""pubDate"": ""Tue, 26 May 2026 19:46:00 +0900""}",,
사과,single_term_fallback,사과,서소문고가 붕괴 참사 와중 &quot;마포는 안전사고 없었다&quot; 자랑… 박강수 후...,https://n.news.naver.com/mnews/article/469/0000932802?sid=102,"Tue, 26 May 2026 19:44:00 +0900",이후 그는 &quot;공감과 배려가 부족했다&quot;며 <b>사과</b>했다. 박 후보는 26일 서울 마포구 경의선숲길 유세 현장에서... 박 후보 발언이 부적절했다는 비판이 이어지자 그는 사회관계망서비스(SNS) 페이스북에 <b>사과</b>문을 올렸다. 그는... ,https://www.hankookilbo.com/news/article/A2026052619080000718?did=NA,naver_news,사과,canonical,1.0,2026-05-26T11:50:13.707259+00:00,0,0,0,0,,이후 그는 &quot;공감과 배려가 부족했다&quot;며 <b>사과</b>했다. 박 후보는 26일 서울 마포구 경의선숲길 유세 현장에서... 박 후보 발언이 부적절했다는 비판이 이어지자 그는 사회관계망서비스(SNS) 페이스북에 <b>사과</b>문을 올렸다. 그는... ,"{""title"": ""서소문고가 붕괴 참사 와중 &quot;마포는 안전사고 없었다&quot; 자랑… 박강수 후..."", ""originallink"": ""https://www.hankookilbo.com/news/article/A2026052619080000718?did=NA"", ""link"": ""https://n.news.naver.com/mnews/article/469/0000932802?sid=102"", ""description"": ""이후 그는 &quot;공감과 배려가 부족했다&quot;며 <b>사과</b>했다. 박 후보는 26일 서울 마포구 경의선숲길 유세 현장에서... 박 후보 발언이 부적절했다는 비판이 이어지자 그는 사회관계망서비스(SNS) 페이스북에 <b>사과</b>문을 올렸다. 그는... "", ""pubDate"": ""Tue, 26 May 2026 19:44:00 +0900""}",,
사과,single_term_fallback,사과,"혁신당 윤재관 &quot;김용남, '이재명 팔이' 그만 해야...李와 배치되는 거짓...",https://n.news.naver.com/mnews/article/052/0002358194?sid=100,"Tue, 26 May 2026 19:44:00 +0900",근데 오늘 아침에 방송에서 어떻게 했냐면 그거에 대한 <b>사과</b>를 하거나 거기에 대한 해명을 하지 않고 내가 그런 말 한 걸 기억하기 어렵다 기억하지 못하겠다고 했어요. 자기 목소리가 나왔는데도 불구하고 그렇게 발뺌을... ,https://www.ytn.co.kr/_ln/0101_202605261944105728,naver_news,사과,canonical,1.0,2026-05-26T11:50:13.707259+00:00,0,0,0,0,,근데 오늘 아침에 방송에서 어떻게 했냐면 그거에 대한 <b>사과</b>를 하거나 거기에 대한 해명을 하지 않고 내가 그런 말 한 걸 기억하기 어렵다 기억하지 못하겠다고 했어요. 자기 목소리가 나왔는데도 불구하고 그렇게 발뺌을... ,"{""title"": ""혁신당 윤재관 &quot;김용남, '이재명 팔이' 그만 해야...李와 배치되는 거짓..."", ""originallink"": ""https://www.ytn.co.kr/_ln/0101_202605261944105728"", ""link"": ""https://n.news.naver.com/mnews/article/052/0002358194?sid=100"", ""description"": ""근데 오늘 아침에 방송에서 어떻게 했냐면 그거에 대한 <b>사과</b>를 하거나 거기에 대한 해명을 하지 않고 내가 그런 말 한 걸 기억하기 어렵다 기억하지 못하겠다고 했어요. 자기 목소리가 나왔는데도 불구하고 그렇게 발뺌을... "", ""pubDate"": ""Tue, 26 May 2026 19:44:00 +0900""}",,
사과,single_term_fallback,사과,"강기정 &quot;정용진 <b>사과</b> 진정성 없어, 사퇴에 준하는 입장 내야…스타필드...",https://n.news.naver.com/mnews/article/052/0002358185?sid=100,"Tue, 26 May 2026 19:44:00 +0900","[관련 동영상 보기] ◇ 김준우 : 신세계그룹 정용진 회장의 오늘 대국민 <b>사과</b>가 있었는데요. &quot;<b>사과</b>도, 진상 규명도, 책임도 모두 빠졌다. 3무(無) 기자회견이었다.&quot;라고 혹평한 강기정 광주시장 연결해서 이야기 나눠보도록... ",https://www.ytn.co.kr/_ln/0101_202605261944165936,naver_news,사과,canonical,1.0,2026-05-26T11:50:13.707259+00:00,0,0,0,0,,"[관련 동영상 보기] ◇ 김준우 : 신세계그룹 정용진 회장의 오늘 대국민 <b>사과</b>가 있었는데요. &quot;<b>사과</b>도, 진상 규명도, 책임도 모두 빠졌다. 3무(無) 기자회견이었다.&quot;라고 혹평한 강기정 광주시장 연결해서 이야기 나눠보도록... ","{""title"": ""강기정 &quot;정용진 <b>사과</b> 진정성 없어, 사퇴에 준하는 입장 내야…스타필드..."", ""originallink"": ""https://www.ytn.co.kr/_ln/0101_202605261944165936"", ""link"": ""https://n.news.naver.com/mnews/article/052/0002358185?sid=100"", ""description"": ""[관련 동영상 보기] ◇ 김준우 : 신세계그룹 정용진 회장의 오늘 대국민 <b>사과</b>가 있었는데요. &quot;<b>사과</b>도, 진상 규명도, 책임도 모두 빠졌다. 3무(無) 기자회견이었다.&quot;라고 혹평한 강기정 광주시장 연결해서 이야기 나눠보도록... "", ""pubDate"": ""Tue, 26 May 2026 19:44:00 +0900""}",,
사과,single_term_fallback,사과,"‘이승엽 前 동료’ 아베 요미우리 감독, 딸 폭행해 쇠고랑",https://n.news.naver.com/mnews/article/021/0002793656?sid=104,"Tue, 26 May 2026 19:44:00 +0900",구니마쓰 도루 대표이사는 “폭력은 결코 용납될 수 없는 일”이라며 “교류전 개막을 앞두고 팬들과 프로야구 관계자들에게 큰 심려를 끼쳐 죄송하다”고 <b>사과</b>했다. 이어 “아베 감독의 거취를 포함한 후속 조치를... ,https://www.munhwa.com/article/11591397?ref=naver,naver_news,사과,canonical,1.0,2026-05-26T11:50:13.707259+00:00,0,0,0,0,,구니마쓰 도루 대표이사는 “폭력은 결코 용납될 수 없는 일”이라며 “교류전 개막을 앞두고 팬들과 프로야구 관계자들에게 큰 심려를 끼쳐 죄송하다”고 <b>사과</b>했다. 이어 “아베 감독의 거취를 포함한 후속 조치를... ,"{""title"": ""‘이승엽 前 동료’ 아베 요미우리 감독, 딸 폭행해 쇠고랑"", ""originallink"": ""https://www.munhwa.com/article/11591397?ref=naver"", ""link"": ""https://n.news.naver.com/mnews/article/021/0002793656?sid=104"", ""description"": ""구니마쓰 도루 대표이사는 “폭력은 결코 용납될 수 없는 일”이라며 “교류전 개막을 앞두고 팬들과 프로야구 관계자들에게 큰 심려를 끼쳐 죄송하다”고 <b>사과</b>했다. 이어 “아베 감독의 거취를 포함한 후속 조치를... "", ""pubDate"": ""Tue, 26 May 2026 19:44:00 +0900""}",,
사과,single_term_fallback,사과,정용진 고개 숙이자…김부겸 “이쯤서 그쳐야” 추경호 “마녀사냥”,https://n.news.naver.com/mnews/article/081/0003647039?sid=100,"Tue, 26 May 2026 19:43:00 +0900",스타벅스 코리아의 ‘탱크데이’ 이벤트 논란에 정용진 신세계그룹 회장이 대국민 <b>사과</b>를 통해 고개를 숙인... 김 후보는 26일 오후 페이스북에 “정 회장이 스타벅스 논란에 대해 <b>사과</b>했다. 본인의 책임을 분명히 했다”며... ,https://www.seoul.co.kr/news/politics/2026/05/26/20260526500276?wlog_tag3=naver,naver_news,사과,canonical,1.0,2026-05-26T11:50:13.707259+00:00,0,0,0,0,,스타벅스 코리아의 ‘탱크데이’ 이벤트 논란에 정용진 신세계그룹 회장이 대국민 <b>사과</b>를 통해 고개를 숙인... 김 후보는 26일 오후 페이스북에 “정 회장이 스타벅스 논란에 대해 <b>사과</b>했다. 본인의 책임을 분명히 했다”며... ,"{""title"": ""정용진 고개 숙이자…김부겸 “이쯤서 그쳐야” 추경호 “마녀사냥”"", ""originallink"": ""https://www.seoul.co.kr/news/politics/2026/05/26/20260526500276?wlog_tag3=naver"", ""link"": ""https://n.news.naver.com/mnews/article/081/0003647039?sid=100"", ""description"": ""스타벅스 코리아의 ‘탱크데이’ 이벤트 논란에 정용진 신세계그룹 회장이 대국민 <b>사과</b>를 통해 고개를 숙인... 김 후보는 26일 오후 페이스북에 “정 회장이 스타벅스 논란에 대해 <b>사과</b>했다. 본인의 책임을 분명히 했다”며... "", ""pubDate"": ""Tue, 26 May 2026 19:43:00 +0900""}",,
사과,single_term_fallback,사과,"‘미용사 변신’ 이지현, 컷트가 단돈 9000원…연예인 프리미엄 없었다",https://m.entertain.naver.com/article/076/0004409298,"Tue, 26 May 2026 19:41:00 +0900",그녀는 &quot;어제 가격 문의를 네이버 톡톡으로 달라고 했는데 문의를 정말 많이 주셨다&quot;며 &quot;시술하랴 매장 돌보랴 고객님 응대하랴 너무 바빠서 답변해 드릴 시간이 없었다&quot;고 <b>사과</b>의 뜻을 밝혔다. 이어 &quot;그래서 이렇게... ,https://www.sportschosun.com/entertainment/2026-05-26/202605260100158040010630,naver_news,사과,canonical,1.0,2026-05-26T11:50:13.707259+00:00,0,0,0,0,,그녀는 &quot;어제 가격 문의를 네이버 톡톡으로 달라고 했는데 문의를 정말 많이 주셨다&quot;며 &quot;시술하랴 매장 돌보랴 고객님 응대하랴 너무 바빠서 답변해 드릴 시간이 없었다&quot;고 <b>사과</b>의 뜻을 밝혔다. 이어 &quot;그래서 이렇게... ,"{""title"": ""‘미용사 변신’ 이지현, 컷트가 단돈 9000원…연예인 프리미엄 없었다"", ""originallink"": ""https://www.sportschosun.com/entertainment/2026-05-26/202605260100158040010630"", ""link"": ""https://m.entertain.naver.com/article/076/0004409298"", ""description"": ""그녀는 &quot;어제 가격 문의를 네이버 톡톡으로 달라고 했는데 문의를 정말 많이 주셨다&quot;며 &quot;시술하랴 매장 돌보랴 고객님 응대하랴 너무 바빠서 답변해 드릴 시간이 없었다&quot;고 <b>사과</b>의 뜻을 밝혔다. 이어 &quot;그래서 이렇게... "", ""pubDate"": ""Tue, 26 May 2026 19:41:00 +0900""}",,
사과,single_term_fallback,사과,&quot;분열은 필패&quot;…국힘 울산시당 총출동 단일화 읍소,https://www.iusm.co.kr/news/articleView.html?idxno=1063287,"Tue, 26 May 2026 19:40:00 +0900",김 후보는 이어 &quot;저의 부족함으로 불편을 드린 일이 있었다면 진심으로 <b>사과</b>드린다&quot;며 &quot;후배 정치인들이 후보 사무실 입구에서 108배까지 하며 단일화를 호소하고 있다. 보수라는 이름으로 시민 앞에 설 자격이 있다면... ,https://www.iusm.co.kr/news/articleView.html?idxno=1063287,naver_news,사과,canonical,1.0,2026-05-26T11:50:13.707259+00:00,0,0,0,0,,김 후보는 이어 &quot;저의 부족함으로 불편을 드린 일이 있었다면 진심으로 <b>사과</b>드린다&quot;며 &quot;후배 정치인들이 후보 사무실 입구에서 108배까지 하며 단일화를 호소하고 있다. 보수라는 이름으로 시민 앞에 설 자격이 있다면... ,"{""title"": ""&quot;분열은 필패&quot;…국힘 울산시당 총출동 단일화 읍소"", ""originallink"": ""https://www.iusm.co.kr/news/articleView.html?idxno=1063287"", ""link"": ""https://www.iusm.co.kr/news/articleView.html?idxno=1063287"", ""description"": ""김 후보는 이어 &quot;저의 부족함으로 불편을 드린 일이 있었다면 진심으로 <b>사과</b>드린다&quot;며 &quot;후배 정치인들이 후보 사무실 입구에서 108배까지 하며 단일화를 호소하고 있다. 보수라는 이름으로 시민 앞에 설 자격이 있다면... "", ""pubDate"": ""Tue, 26 May 2026 19:40:00 +0900""}",,
사과,single_term_fallback,사과,"이민정, 28개월 딸 서이와 브이로그 찍다 공개 <b>사과</b> &quot;깊이 <b>사과</b>드린다&quot;...",https://m.entertain.naver.com/article/477/0000610600,"Tue, 26 May 2026 19:40:00 +0900",배우 이민정이 공개 <b>사과</b>했다. 26일 이민정 유튜브 채널에는 '여자들끼리만 떠나요~ 제주도에 놀러간... 깊이 <b>사과</b>드린다&quot;라고 말했다. 이어 이민정은 &quot;힘든 여정을 거치며 추억의 사진을 꺼내보았다&quot;라며 2013년 결혼 직후... ,https://www.spotvnews.co.kr/news/articleView.html?idxno=819087,naver_news,사과,canonical,1.0,2026-05-26T11:50:13.707259+00:00,0,0,0,0,,배우 이민정이 공개 <b>사과</b>했다. 26일 이민정 유튜브 채널에는 '여자들끼리만 떠나요~ 제주도에 놀러간... 깊이 <b>사과</b>드린다&quot;라고 말했다. 이어 이민정은 &quot;힘든 여정을 거치며 추억의 사진을 꺼내보았다&quot;라며 2013년 결혼 직후... ,"{""title"": ""이민정, 28개월 딸 서이와 브이로그 찍다 공개 <b>사과</b> &quot;깊이 <b>사과</b>드린다&quot;..."", ""originallink"": ""https://www.spotvnews.co.kr/news/articleView.html?idxno=819087"", ""link"": ""https://m.entertain.naver.com/article/477/0000610600"", ""description"": ""배우 이민정이 공개 <b>사과</b>했다. 26일 이민정 유튜브 채널에는 '여자들끼리만 떠나요~ 제주도에 놀러간... 깊이 <b>사과</b>드린다&quot;라고 말했다. 이어 이민정은 &quot;힘든 여정을 거치며 추억의 사진을 꺼내보았다&quot;라며 2013년 결혼 직후... "", ""pubDate"": ""Tue, 26 May 2026 19:40:00 +0900""}",,
사과,single_term_fallback,사과,"의료기사단체 1,200명 광화문 총궐기…“의료기사법 개정 더는 미룰 수...",https://medicalworldnews.co.kr/news/view.php?idx=1510974895,"Tue, 26 May 2026 19:40:00 +0900","집회 참가자들은 서명옥 의원의 공식 <b>사과</b>와 재발 방지를 촉구했다. ◆“민생법안을 쟁점법안으로 만들지... 즉각 <b>사과</b>하고, 노인과 장애인이 자신이 사는 곳에서 방문재활을 받을 수 있도록 법안 통과에 협조하라”고... ",https://medicalworldnews.co.kr/news/view.php?idx=1510974895,naver_news,사과,canonical,1.0,2026-05-26T11:50:13.707259+00:00,0,0,0,0,,"집회 참가자들은 서명옥 의원의 공식 <b>사과</b>와 재발 방지를 촉구했다. ◆“민생법안을 쟁점법안으로 만들지... 즉각 <b>사과</b>하고, 노인과 장애인이 자신이 사는 곳에서 방문재활을 받을 수 있도록 법안 통과에 협조하라”고... ","{""title"": ""의료기사단체 1,200명 광화문 총궐기…“의료기사법 개정 더는 미룰 수..."", ""originallink"": ""https://medicalworldnews.co.kr/news/view.php?idx=1510974895"", ""link"": ""https://medicalworldnews.co.kr/news/view.php?idx=1510974895"", ""description"": ""집회 참가자들은 서명옥 의원의 공식 <b>사과</b>와 재발 방지를 촉구했다. ◆“민생법안을 쟁점법안으로 만들지... 즉각 <b>사과</b>하고, 노인과 장애인이 자신이 사는 곳에서 방문재활을 받을 수 있도록 법안 통과에 협조하라”고... "", ""pubDate"": ""Tue, 26 May 2026 19:40:00 +0900""}",,
사과,single_term_fallback,사과,"국힘 지도부, 박맹우 후보에 단일화 촉구",https://n.news.naver.com/mnews/article/056/0012188211?sid=100,"Tue, 26 May 2026 19:38:00 +0900","김두겸 후보는 기자회견에서 &quot;불편을 드린 일이 있었다면 진심으로 <b>사과</b>드린다, 과거의 감정보다 울산의 미래가 더 크다&quot;고 밝혔습니다. 이에 대해 박맹우 후보는 입장문에서 &quot;현실적으로 단일화가 불가능한 줄 알면서... ",https://news.kbs.co.kr/news/pc/view/view.do?ncd=8570351&ref=A,naver_news,사과,canonical,1.0,2026-05-26T11:50:13.707259+00:00,0,0,0,0,,"김두겸 후보는 기자회견에서 &quot;불편을 드린 일이 있었다면 진심으로 <b>사과</b>드린다, 과거의 감정보다 울산의 미래가 더 크다&quot;고 밝혔습니다. 이에 대해 박맹우 후보는 입장문에서 &quot;현실적으로 단일화가 불가능한 줄 알면서... ","{""title"": ""국힘 지도부, 박맹우 후보에 단일화 촉구"", ""originallink"": ""https://news.kbs.co.kr/news/pc/view/view.do?ncd=8570351&ref=A"", ""link"": ""https://n.news.naver.com/mnews/article/056/0012188211?sid=100"", ""description"": ""김두겸 후보는 기자회견에서 &quot;불편을 드린 일이 있었다면 진심으로 <b>사과</b>드린다, 과거의 감정보다 울산의 미래가 더 크다&quot;고 밝혔습니다. 이에 대해 박맹우 후보는 입장문에서 &quot;현실적으로 단일화가 불가능한 줄 알면서... "", ""pubDate"": ""Tue, 26 May 2026 19:38:00 +0900""}",,
사과,single_term_fallback,사과,"[뉴스추적] <b>사과</b> 시점, 왜 오늘이었나? / 13년 전에도 <b>사과</b> / 여론 반전...",https://n.news.naver.com/mnews/article/057/0001950892?sid=101,"Tue, 26 May 2026 19:38:00 +0900","정용진 신세계그룹 회장의 <b>사과</b>로 여론이 뜨거워지고 있습니다. 정 회장의 오늘 <b>사과</b>가 향후 어떤 반향을 일으킬지, 산업부 김세희 기자와 이야기해보겠습니다. 【 질문1 】 김 기자, 정용진 회장이 <b>사과</b>한 게 논란이... ",http://www.mbn.co.kr/pages/news/newsView.php?news_seq_no=5196048,naver_news,사과,canonical,1.0,2026-05-26T11:50:13.707259+00:00,0,0,0,0,,"정용진 신세계그룹 회장의 <b>사과</b>로 여론이 뜨거워지고 있습니다. 정 회장의 오늘 <b>사과</b>가 향후 어떤 반향을 일으킬지, 산업부 김세희 기자와 이야기해보겠습니다. 【 질문1 】 김 기자, 정용진 회장이 <b>사과</b>한 게 논란이... ","{""title"": ""[뉴스추적] <b>사과</b> 시점, 왜 오늘이었나? / 13년 전에도 <b>사과</b> / 여론 반전..."", ""originallink"": ""http://www.mbn.co.kr/pages/news/newsView.php?news_seq_no=5196048"", ""link"": ""https://n.news.naver.com/mnews/article/057/0001950892?sid=101"", ""description"": ""정용진 신세계그룹 회장의 <b>사과</b>로 여론이 뜨거워지고 있습니다. 정 회장의 오늘 <b>사과</b>가 향후 어떤 반향을 일으킬지, 산업부 김세희 기자와 이야기해보겠습니다. 【 질문1 】 김 기자, 정용진 회장이 <b>사과</b>한 게 논란이... "", ""pubDate"": ""Tue, 26 May 2026 19:38:00 +0900""}",,
사과,single_term_fallback,사과,모기업 '탱크데이' 논란에 7연패까지… 안팎으로 흔들리는 SSG의 5월,http://www.hansbiz.co.kr/news/articleView.html?idxno=840863,"Tue, 26 May 2026 19:38:00 +0900",모기업 계열사 스타벅스코리아의 '탱크데이' 마케팅 논란이 그룹 차원의 대국민 <b>사과</b>로 번졌고... 국민에게 <b>사과</b>했다. 정용진 신세계그룹 회장이 26일 오전 서울 강남구 조선팰리스 호텔에서 5·18 민주화운동... ,http://www.hansbiz.co.kr/news/articleView.html?idxno=840863,naver_news,사과,canonical,1.0,2026-05-26T11:50:13.707259+00:00,0,0,0,0,,모기업 계열사 스타벅스코리아의 '탱크데이' 마케팅 논란이 그룹 차원의 대국민 <b>사과</b>로 번졌고... 국민에게 <b>사과</b>했다. 정용진 신세계그룹 회장이 26일 오전 서울 강남구 조선팰리스 호텔에서 5·18 민주화운동... ,"{""title"": ""모기업 '탱크데이' 논란에 7연패까지… 안팎으로 흔들리는 SSG의 5월"", ""originallink"": ""http://www.hansbiz.co.kr/news/articleView.html?idxno=840863"", ""link"": ""http://www.hansbiz.co.kr/news/articleView.html?idxno=840863"", ""description"": ""모기업 계열사 스타벅스코리아의 '탱크데이' 마케팅 논란이 그룹 차원의 대국민 <b>사과</b>로 번졌고... 국민에게 <b>사과</b>했다. 정용진 신세계그룹 회장이 26일 오전 서울 강남구 조선팰리스 호텔에서 5·18 민주화운동... "", ""pubDate"": ""Tue, 26 May 2026 19:38:00 +0900""}",,
사과,single_term_fallback,사과,[사설]턱없이 진정성 부족했던 스타벅스 ‘탱크데이’ <b>사과</b>,http://www.kjdaily.com/article.php?aid=1779791624679285018,"Tue, 26 May 2026 19:38:00 +0900","신세계그룹 정용진 회장이 스타벅스의 ‘탱크데이’ 이벤트 논란과 관련, 직접 모습을 드러내 <b>사과</b>했지만... 사회적 참사의 희생자에 대한 혐오와 조롱에 기반한 그동안의 부적절한 행위 모두에 <b>사과</b>해야 했다. 5·18... ",http://www.kjdaily.com/article.php?aid=1779791624679285018,naver_news,사과,canonical,1.0,2026-05-26T11:50:13.707259+00:00,0,0,0,0,,"신세계그룹 정용진 회장이 스타벅스의 ‘탱크데이’ 이벤트 논란과 관련, 직접 모습을 드러내 <b>사과</b>했지만... 사회적 참사의 희생자에 대한 혐오와 조롱에 기반한 그동안의 부적절한 행위 모두에 <b>사과</b>해야 했다. 5·18... ","{""title"": ""[사설]턱없이 진정성 부족했던 스타벅스 ‘탱크데이’ <b>사과</b>"", ""originallink"": ""http://www.kjdaily.com/article.php?aid=1779791624679285018"", ""link"": ""http://www.kjdaily.com/article.php?aid=1779791624679285018"", ""description"": ""신세계그룹 정용진 회장이 스타벅스의 ‘탱크데이’ 이벤트 논란과 관련, 직접 모습을 드러내 <b>사과</b>했지만... 사회적 참사의 희생자에 대한 혐오와 조롱에 기반한 그동안의 부적절한 행위 모두에 <b>사과</b>해야 했다. 5·18... "", ""pubDate"": ""Tue, 26 May 2026 19:38:00 +0900""}",,
사과,single_term_fallback,사과,"'쟁의 1년' YTN 문제 해결, 빠른 공적 조처 필요",https://n.news.naver.com/mnews/article/127/0000039295?sid=102,"Tue, 26 May 2026 19:38:00 +0900",김백 사장은 ‘김건희 보도’에 대해 일방적인 대국민 <b>사과</b>를 했다. 이후 YTN에서는 김건희씨 관련 기사 제목과 내용에서 ‘김건희’라는 이름이 빠지는 일 등이 벌어졌다. YTN의 대표 코너 ‘돌발영상’에서 윤석열... ,http://www.journalist.or.kr/news/article.html?no=60946,naver_news,사과,canonical,1.0,2026-05-26T11:50:13.707259+00:00,0,0,0,0,,김백 사장은 ‘김건희 보도’에 대해 일방적인 대국민 <b>사과</b>를 했다. 이후 YTN에서는 김건희씨 관련 기사 제목과 내용에서 ‘김건희’라는 이름이 빠지는 일 등이 벌어졌다. YTN의 대표 코너 ‘돌발영상’에서 윤석열... ,"{""title"": ""'쟁의 1년' YTN 문제 해결, 빠른 공적 조처 필요"", ""originallink"": ""http://www.journalist.or.kr/news/article.html?no=60946"", ""link"": ""https://n.news.naver.com/mnews/article/127/0000039295?sid=102"", ""description"": ""김백 사장은 ‘김건희 보도’에 대해 일방적인 대국민 <b>사과</b>를 했다. 이후 YTN에서는 김건희씨 관련 기사 제목과 내용에서 ‘김건희’라는 이름이 빠지는 일 등이 벌어졌다. YTN의 대표 코너 ‘돌발영상’에서 윤석열... "", ""pubDate"": ""Tue, 26 May 2026 19:38:00 +0900""}",,
사과,single_term_fallback,사과,“민주-진보 오늘 중 단일화 방안 제시해야”,https://n.news.naver.com/mnews/article/056/0012188210?sid=100,"Tue, 26 May 2026 19:37:00 +0900","사실이며, 어떠한 해석이나 변명으로도 정당화될 수 없다&quot;고 지적했습니다. 또 &quot;선거연대는 당 대 당 합의로 추진된 것인 만큼 당의 이름으로 <b>사과</b>하고, 협약 정상화를 위한 행동에 즉각 나설 것&quot;을 민주당에 촉구했습니다.",https://news.kbs.co.kr/news/pc/view/view.do?ncd=8570350&ref=A,naver_news,사과,canonical,1.0,2026-05-26T11:50:13.707259+00:00,0,0,0,0,,"사실이며, 어떠한 해석이나 변명으로도 정당화될 수 없다&quot;고 지적했습니다. 또 &quot;선거연대는 당 대 당 합의로 추진된 것인 만큼 당의 이름으로 <b>사과</b>하고, 협약 정상화를 위한 행동에 즉각 나설 것&quot;을 민주당에 촉구했습니다.","{""title"": ""“민주-진보 오늘 중 단일화 방안 제시해야”"", ""originallink"": ""https://news.kbs.co.kr/news/pc/view/view.do?ncd=8570350&ref=A"", ""link"": ""https://n.news.naver.com/mnews/article/056/0012188210?sid=100"", ""description"": ""사실이며, 어떠한 해석이나 변명으로도 정당화될 수 없다&quot;고 지적했습니다. 또 &quot;선거연대는 당 대 당 합의로 추진된 것인 만큼 당의 이름으로 <b>사과</b>하고, 협약 정상화를 위한 행동에 즉각 나설 것&quot;을 민주당에 촉구했습니다."", ""pubDate"": ""Tue, 26 May 2026 19:37:00 +0900""}",,
사과,single_term_fallback,사과,"딘딘, '개념 연예인'의 몰락? 촬영 지각해 <b>사과</b>..문세윤 &quot;연예인병 말기...",https://m.entertain.naver.com/article/109/0005541178,"Tue, 26 May 2026 19:37:00 +0900",영상 시청 후 작성된 리뷰 기사입니다.  가수 딘딘이 지각을 해 눈길을 끌었다. 지난 24일 유튜브 채널 '요정재형'에는 '둘 중 한 명은 찢겨서 너덜너덜하게 집까지 걸어가는 거야.. 오케이?'라는 제목의 영상이 게재됐다.... ,http://www.osen.co.kr/article/G1112808775,naver_news,사과,canonical,1.0,2026-05-26T11:50:13.707259+00:00,0,0,0,0,,영상 시청 후 작성된 리뷰 기사입니다.  가수 딘딘이 지각을 해 눈길을 끌었다. 지난 24일 유튜브 채널 '요정재형'에는 '둘 중 한 명은 찢겨서 너덜너덜하게 집까지 걸어가는 거야.. 오케이?'라는 제목의 영상이 게재됐다.... ,"{""title"": ""딘딘, '개념 연예인'의 몰락? 촬영 지각해 <b>사과</b>..문세윤 &quot;연예인병 말기..."", ""originallink"": ""http://www.osen.co.kr/article/G1112808775"", ""link"": ""https://m.entertain.naver.com/article/109/0005541178"", ""description"": ""영상 시청 후 작성된 리뷰 기사입니다.  가수 딘딘이 지각을 해 눈길을 끌었다. 지난 24일 유튜브 채널 '요정재형'에는 '둘 중 한 명은 찢겨서 너덜너덜하게 집까지 걸어가는 거야.. 오케이?'라는 제목의 영상이 게재됐다.... "", ""pubDate"": ""Tue, 26 May 2026 19:37:00 +0900""}",,
사과,single_term_fallback,사과,개한테 <b>사과</b>를 주지 [그림판],https://n.news.naver.com/mnews/article/028/0002806817?sid=110,"Tue, 26 May 2026 19:36:00 +0900",권범철 기자 kartoon@hani.co.kr ■ 한겨레 그림판 바로가기,https://www.hani.co.kr/arti/cartoon/hanicartoon/1260516.html,naver_news,사과,canonical,1.0,2026-05-26T11:50:13.707259+00:00,0,0,0,0,,권범철 기자 kartoon@hani.co.kr ■ 한겨레 그림판 바로가기,"{""title"": ""개한테 <b>사과</b>를 주지 [그림판]"", ""originallink"": ""https://www.hani.co.kr/arti/cartoon/hanicartoon/1260516.html"", ""link"": ""https://n.news.naver.com/mnews/article/028/0002806817?sid=110"", ""description"": ""권범철 기자 kartoon@hani.co.kr ■ 한겨레 그림판 바로가기"", ""pubDate"": ""Tue, 26 May 2026 19:36:00 +0900""}",,
사과,single_term_fallback,사과,정용진 고개 숙였지만…민주 &quot;가식적 <b>사과</b> 의심&quot; 국힘 &quot;인민재판·공포...,https://n.news.naver.com/mnews/article/057/0001950891?sid=100,"Tue, 26 May 2026 19:36:00 +0900",여당도 뒤늦은 <b>사과</b>가 실망스럽다고 평가했는데요. 야당은 소비자의 선택권을 강요하지 말라며 날을 세웠습니다. 장가희 기자가 보도합니다. 5·18민주화운동 관련 단체들은 정용진 회장의 <b>사과</b>가 '빈껍데기식'이라고... ,http://www.mbn.co.kr/pages/news/newsView.php?news_seq_no=5196051,naver_news,사과,canonical,1.0,2026-05-26T11:50:13.707259+00:00,0,0,0,0,,여당도 뒤늦은 <b>사과</b>가 실망스럽다고 평가했는데요. 야당은 소비자의 선택권을 강요하지 말라며 날을 세웠습니다. 장가희 기자가 보도합니다. 5·18민주화운동 관련 단체들은 정용진 회장의 <b>사과</b>가 '빈껍데기식'이라고... ,"{""title"": ""정용진 고개 숙였지만…민주 &quot;가식적 <b>사과</b> 의심&quot; 국힘 &quot;인민재판·공포..."", ""originallink"": ""http://www.mbn.co.kr/pages/news/newsView.php?news_seq_no=5196051"", ""link"": ""https://n.news.naver.com/mnews/article/057/0001950891?sid=100"", ""description"": ""여당도 뒤늦은 <b>사과</b>가 실망스럽다고 평가했는데요. 야당은 소비자의 선택권을 강요하지 말라며 날을 세웠습니다. 장가희 기자가 보도합니다. 5·18민주화운동 관련 단체들은 정용진 회장의 <b>사과</b>가 '빈껍데기식'이라고... "", ""pubDate"": ""Tue, 26 May 2026 19:36:00 +0900""}",,
사과,single_term_fallback,사과,"지구홀딩스, 투자주의환기종목 지정에 주가 변동성 확대",https://www.tokenpost.kr/news/market/363224,"Tue, 26 May 2026 19:36:00 +0900","또 자금 흐름과 사용처는 투명했고 외부 법무법인의 법률 검토도 거쳤지만, 거래소 상장규정에 대한 검토가 충분하지 못해 시장과 주주에게 혼란을 줬다며 <b>사과</b>했다. 결국 이번 사안은 실제 자금 유용 여부와는 별개로... ",https://www.tokenpost.kr/news/market/363224,naver_news,사과,canonical,1.0,2026-05-26T11:50:13.707259+00:00,0,0,0,0,,"또 자금 흐름과 사용처는 투명했고 외부 법무법인의 법률 검토도 거쳤지만, 거래소 상장규정에 대한 검토가 충분하지 못해 시장과 주주에게 혼란을 줬다며 <b>사과</b>했다. 결국 이번 사안은 실제 자금 유용 여부와는 별개로... ","{""title"": ""지구홀딩스, 투자주의환기종목 지정에 주가 변동성 확대"", ""originallink"": ""https://www.tokenpost.kr/news/market/363224"", ""link"": ""https://www.tokenpost.kr/news/market/363224"", ""description"": ""또 자금 흐름과 사용처는 투명했고 외부 법무법인의 법률 검토도 거쳤지만, 거래소 상장규정에 대한 검토가 충분하지 못해 시장과 주주에게 혼란을 줬다며 <b>사과</b>했다. 결국 이번 사안은 실제 자금 유용 여부와는 별개로... "", ""pubDate"": ""Tue, 26 May 2026 19:36:00 +0900""}",,
사과,single_term_fallback,사과,정용진 <b>사과</b> 뒤… 여야 정치권 반응 살펴보니(종합),https://www.newsclaim.co.kr/news/articleView.html?idxno=3064706,"Tue, 26 May 2026 19:34:00 +0900","정용진,탱크데이,스타벅스 <b>사과</b> 정용진 회장이 26일 스타벅스 탱크데이 논란 관련, 대국민 <b>사과</b> 기자회견을 열고, 국민들에게 고개를 숙이고 있다. 사진=이태구 기자 정용진 신세계이마트 회장이 '스타벅스 5·18 탱크데이... ",https://www.newsclaim.co.kr/news/articleView.html?idxno=3064706,naver_news,사과,canonical,1.0,2026-05-26T11:50:13.707259+00:00,0,0,0,0,,"정용진,탱크데이,스타벅스 <b>사과</b> 정용진 회장이 26일 스타벅스 탱크데이 논란 관련, 대국민 <b>사과</b> 기자회견을 열고, 국민들에게 고개를 숙이고 있다. 사진=이태구 기자 정용진 신세계이마트 회장이 '스타벅스 5·18 탱크데이... ","{""title"": ""정용진 <b>사과</b> 뒤… 여야 정치권 반응 살펴보니(종합)"", ""originallink"": ""https://www.newsclaim.co.kr/news/articleView.html?idxno=3064706"", ""link"": ""https://www.newsclaim.co.kr/news/articleView.html?idxno=3064706"", ""description"": ""정용진,탱크데이,스타벅스 <b>사과</b> 정용진 회장이 26일 스타벅스 탱크데이 논란 관련, 대국민 <b>사과</b> 기자회견을 열고, 국민들에게 고개를 숙이고 있다. 사진=이태구 기자 정용진 신세계이마트 회장이 '스타벅스 5·18 탱크데이... "", ""pubDate"": ""Tue, 26 May 2026 19:34:00 +0900""}",,
사과,single_term_fallback,사과,&quot;국힘 일베 합작&quot; &quot;이재명 공포정치&quot;…출구 없는 '스벅 논쟁',https://n.news.naver.com/mnews/article/437/0000493015?sid=162,"Tue, 26 May 2026 19:34:00 +0900",이것이 바로 이재명의 공포정치입니다.] 정용진 회장의 <b>사과</b>는 관련자들의 인사조치까지 끝냈다면서... 민주당은 정 회장의 <b>사과</b>가 미흡했다고 지적했습니다. 정청래 대표는 정용진 회장의 <b>사과</b>는 '소나기를 피하기 위한... ,https://news.jtbc.co.kr/article/NB12299932?influxDiv=NAVER,naver_news,사과,canonical,1.0,2026-05-26T11:50:13.707259+00:00,0,0,0,0,,이것이 바로 이재명의 공포정치입니다.] 정용진 회장의 <b>사과</b>는 관련자들의 인사조치까지 끝냈다면서... 민주당은 정 회장의 <b>사과</b>가 미흡했다고 지적했습니다. 정청래 대표는 정용진 회장의 <b>사과</b>는 '소나기를 피하기 위한... ,"{""title"": ""&quot;국힘 일베 합작&quot; &quot;이재명 공포정치&quot;…출구 없는 '스벅 논쟁'"", ""originallink"": ""https://news.jtbc.co.kr/article/NB12299932?influxDiv=NAVER"", ""link"": ""https://n.news.naver.com/mnews/article/437/0000493015?sid=162"", ""description"": ""이것이 바로 이재명의 공포정치입니다.] 정용진 회장의 <b>사과</b>는 관련자들의 인사조치까지 끝냈다면서... 민주당은 정 회장의 <b>사과</b>가 미흡했다고 지적했습니다. 정청래 대표는 정용진 회장의 <b>사과</b>는 '소나기를 피하기 위한... "", ""pubDate"": ""Tue, 26 May 2026 19:34:00 +0900""}",,
사과,single_term_fallback,사과,MBC 살인 사건 피해자 사진에 '스키즈 현진' 삽입...역대급 방송 사고,https://m.entertain.naver.com/article/076/0004409296,"Tue, 26 May 2026 19:32:00 +0900","사실관계를 확인한 직후 제작진은 현진과 팬들, 그리고 시청자들에게 거듭 <b>사과</b>하며 재발 방지를 약속했다. 제작진은 이번 방송 사고에 대한 책임을 통감하며, 문제가 된 해당 방송분과 유튜브 클립을 즉각 비공개... ",https://www.sportschosun.com/entertainment/2026-05-26/202605260100158000010628,naver_news,사과,canonical,1.0,2026-05-26T11:50:13.707259+00:00,0,0,0,0,,"사실관계를 확인한 직후 제작진은 현진과 팬들, 그리고 시청자들에게 거듭 <b>사과</b>하며 재발 방지를 약속했다. 제작진은 이번 방송 사고에 대한 책임을 통감하며, 문제가 된 해당 방송분과 유튜브 클립을 즉각 비공개... ","{""title"": ""MBC 살인 사건 피해자 사진에 '스키즈 현진' 삽입...역대급 방송 사고"", ""originallink"": ""https://www.sportschosun.com/entertainment/2026-05-26/202605260100158000010628"", ""link"": ""https://m.entertain.naver.com/article/076/0004409296"", ""description"": ""사실관계를 확인한 직후 제작진은 현진과 팬들, 그리고 시청자들에게 거듭 <b>사과</b>하며 재발 방지를 약속했다. 제작진은 이번 방송 사고에 대한 책임을 통감하며, 문제가 된 해당 방송분과 유튜브 클립을 즉각 비공개... "", ""pubDate"": ""Tue, 26 May 2026 19:32:00 +0900""}",,
사과,single_term_fallback,사과,"천호성, “이남호 음주운전 전력 밝혀야”",https://sjbnews.com/news/news.php?number=879309,"Tue, 26 May 2026 19:32:00 +0900","천 후보는 “이 후보가 SNS에 <b>사과</b>문으로 과거 총장 인선에 문제없었고, 연구원장 인사청문도 통과해 도덕성... 이와 관련, 이남호 후보는 이날 기자회견에서 &quot;페이스북을 통해 <b>사과</b> 입장을 밝혔다&quot;며 &quot;전북대 총장과... ",https://sjbnews.com/news/news.php?number=879309,naver_news,사과,canonical,1.0,2026-05-26T11:50:13.707259+00:00,0,0,0,0,,"천 후보는 “이 후보가 SNS에 <b>사과</b>문으로 과거 총장 인선에 문제없었고, 연구원장 인사청문도 통과해 도덕성... 이와 관련, 이남호 후보는 이날 기자회견에서 &quot;페이스북을 통해 <b>사과</b> 입장을 밝혔다&quot;며 &quot;전북대 총장과... ","{""title"": ""천호성, “이남호 음주운전 전력 밝혀야”"", ""originallink"": ""https://sjbnews.com/news/news.php?number=879309"", ""link"": ""https://sjbnews.com/news/news.php?number=879309"", ""description"": ""천 후보는 “이 후보가 SNS에 <b>사과</b>문으로 과거 총장 인선에 문제없었고, 연구원장 인사청문도 통과해 도덕성... 이와 관련, 이남호 후보는 이날 기자회견에서 &quot;페이스북을 통해 <b>사과</b> 입장을 밝혔다&quot;며 &quot;전북대 총장과... "", ""pubDate"": ""Tue, 26 May 2026 19:32:00 +0900""}",,
사과,single_term_fallback,사과,이원택 &quot;대통령 이름 훔친 김관영 사퇴하라&quot;,https://sjbnews.com/news/news.php?number=879310,"Tue, 26 May 2026 19:32:00 +0900","또한 “김관영 후보에게 엄중히 경고하고, 또 강력히 요구한다”며 “대통령의 이름을 선거판에 끌어들여 도민에게 가짜 민주당 행세를 한 것에 대해 당장 <b>사과</b>하고, 금품 선거로 제명된 인물이 대통령의 이름까지 팔아... ",https://sjbnews.com/news/news.php?number=879310,naver_news,사과,canonical,1.0,2026-05-26T11:50:13.707259+00:00,0,0,0,0,,"또한 “김관영 후보에게 엄중히 경고하고, 또 강력히 요구한다”며 “대통령의 이름을 선거판에 끌어들여 도민에게 가짜 민주당 행세를 한 것에 대해 당장 <b>사과</b>하고, 금품 선거로 제명된 인물이 대통령의 이름까지 팔아... ","{""title"": ""이원택 &quot;대통령 이름 훔친 김관영 사퇴하라&quot;"", ""originallink"": ""https://sjbnews.com/news/news.php?number=879310"", ""link"": ""https://sjbnews.com/news/news.php?number=879310"", ""description"": ""또한 “김관영 후보에게 엄중히 경고하고, 또 강력히 요구한다”며 “대통령의 이름을 선거판에 끌어들여 도민에게 가짜 민주당 행세를 한 것에 대해 당장 <b>사과</b>하고, 금품 선거로 제명된 인물이 대통령의 이름까지 팔아... "", ""pubDate"": ""Tue, 26 May 2026 19:32:00 +0900""}",,
사과,single_term_fallback,사과,회장이 직접 고개 숙였지만…스타벅스 향한 반응은 '여전',https://n.news.naver.com/mnews/article/057/0001950889?sid=101,"Tue, 26 May 2026 19:32:00 +0900","서울 시내 스타벅스 매장을 찾아가 보니, <b>사과</b> 이후에도 여전히 빈자리에 눈에 띄었습니다. 이승민... ▶ 인터뷰 : 오승환 / 경기 남양주시 - &quot;(<b>사과</b>가) 유족들의 분노를 잠재우기는 어려울 것 같고 앞으로 불매 운동도 계속... ",http://www.mbn.co.kr/pages/news/newsView.php?news_seq_no=5196045,naver_news,사과,canonical,1.0,2026-05-26T11:50:13.707259+00:00,0,0,0,0,,"서울 시내 스타벅스 매장을 찾아가 보니, <b>사과</b> 이후에도 여전히 빈자리에 눈에 띄었습니다. 이승민... ▶ 인터뷰 : 오승환 / 경기 남양주시 - &quot;(<b>사과</b>가) 유족들의 분노를 잠재우기는 어려울 것 같고 앞으로 불매 운동도 계속... ","{""title"": ""회장이 직접 고개 숙였지만…스타벅스 향한 반응은 '여전'"", ""originallink"": ""http://www.mbn.co.kr/pages/news/newsView.php?news_seq_no=5196045"", ""link"": ""https://n.news.naver.com/mnews/article/057/0001950889?sid=101"", ""description"": ""서울 시내 스타벅스 매장을 찾아가 보니, <b>사과</b> 이후에도 여전히 빈자리에 눈에 띄었습니다. 이승민... ▶ 인터뷰 : 오승환 / 경기 남양주시 - &quot;(<b>사과</b>가) 유족들의 분노를 잠재우기는 어려울 것 같고 앞으로 불매 운동도 계속... "", ""pubDate"": ""Tue, 26 May 2026 19:32:00 +0900""}",,
사과,single_term_fallback,사과,무주군 과수화상병 확산 차단 종합상황실 운영,https://sjbnews.com/news/news.php?number=879231,"Tue, 26 May 2026 19:30:00 +0900","과수화상병은 <b>사과</b>·배 등 장미과 과수에 발생하는 국가관리 검역 병해충으로 감염 시 치료가 어려워... 군에 따르면 6개 읍면 <b>사과</b>·배 과수 농가는 총 1,294농가 787ha이며 이 중 34농가 24ha를 관리과원으로 지정하고 예찰... ",https://sjbnews.com/news/news.php?number=879231,naver_news,사과,canonical,1.0,2026-05-26T11:50:13.707259+00:00,0,0,0,0,,"과수화상병은 <b>사과</b>·배 등 장미과 과수에 발생하는 국가관리 검역 병해충으로 감염 시 치료가 어려워... 군에 따르면 6개 읍면 <b>사과</b>·배 과수 농가는 총 1,294농가 787ha이며 이 중 34농가 24ha를 관리과원으로 지정하고 예찰... ","{""title"": ""무주군 과수화상병 확산 차단 종합상황실 운영"", ""originallink"": ""https://sjbnews.com/news/news.php?number=879231"", ""link"": ""https://sjbnews.com/news/news.php?number=879231"", ""description"": ""과수화상병은 <b>사과</b>·배 등 장미과 과수에 발생하는 국가관리 검역 병해충으로 감염 시 치료가 어려워... 군에 따르면 6개 읍면 <b>사과</b>·배 과수 농가는 총 1,294농가 787ha이며 이 중 34농가 24ha를 관리과원으로 지정하고 예찰... "", ""pubDate"": ""Tue, 26 May 2026 19:30:00 +0900""}",,
사과,single_term_fallback,사과,'법륜로드' 이주빈과 즉문즉설 &quot;결혼하면 해결될까&quot; 답변은?,https://www.gukjenews.com/news/articleView.html?idxno=3592360,"Tue, 26 May 2026 19:30:00 +0900","법륜로드  스님과 손님 시청률 OTT / SBS 제공 SBS '스님과 손님' 노홍철이 법륜스님에게 <b>사과</b>한다. 26일(화)... 급히 <b>사과</b>했고, 법륜스님은 특유의 유쾌한 입담으로 응수해 현장을 웃음바다로 만들었다. 인도에서 맞이한 두... ",https://www.gukjenews.com/news/articleView.html?idxno=3592360,naver_news,사과,canonical,1.0,2026-05-26T11:50:13.707259+00:00,0,0,0,0,,"법륜로드  스님과 손님 시청률 OTT / SBS 제공 SBS '스님과 손님' 노홍철이 법륜스님에게 <b>사과</b>한다. 26일(화)... 급히 <b>사과</b>했고, 법륜스님은 특유의 유쾌한 입담으로 응수해 현장을 웃음바다로 만들었다. 인도에서 맞이한 두... ","{""title"": ""'법륜로드' 이주빈과 즉문즉설 &quot;결혼하면 해결될까&quot; 답변은?"", ""originallink"": ""https://www.gukjenews.com/news/articleView.html?idxno=3592360"", ""link"": ""https://www.gukjenews.com/news/articleView.html?idxno=3592360"", ""description"": ""법륜로드  스님과 손님 시청률 OTT / SBS 제공 SBS '스님과 손님' 노홍철이 법륜스님에게 <b>사과</b>한다. 26일(화)... 급히 <b>사과</b>했고, 법륜스님은 특유의 유쾌한 입담으로 응수해 현장을 웃음바다로 만들었다. 인도에서 맞이한 두... "", ""pubDate"": ""Tue, 26 May 2026 19:30:00 +0900""}",,
사과,single_term_fallback,사과,"국힘 박강수, 서소문 고가 붕괴에 &quot;큰 안전사고 없던 마포 자랑스러워&quot;",https://n.news.naver.com/mnews/article/031/0001031043?sid=100,"Tue, 26 May 2026 19:30:00 +0900",박 후보는 이후 논란이 일자 <b>사과</b>했다. 박 후보는 이날 마포구 경의선광장에서 열린 선거 유세에서 &quot;지금... 숙여 <b>사과</b>드린다&quot;고 썼다. 또 &quot;사고로 인한 피해 상황이 엄중함에도 불구하고 마포구의 안전 성과를 강조한 제... ,http://www.inews24.com/view/1971521,naver_news,사과,canonical,1.0,2026-05-26T11:50:13.707259+00:00,0,0,0,0,,박 후보는 이후 논란이 일자 <b>사과</b>했다. 박 후보는 이날 마포구 경의선광장에서 열린 선거 유세에서 &quot;지금... 숙여 <b>사과</b>드린다&quot;고 썼다. 또 &quot;사고로 인한 피해 상황이 엄중함에도 불구하고 마포구의 안전 성과를 강조한 제... ,"{""title"": ""국힘 박강수, 서소문 고가 붕괴에 &quot;큰 안전사고 없던 마포 자랑스러워&quot;"", ""originallink"": ""http://www.inews24.com/view/1971521"", ""link"": ""https://n.news.naver.com/mnews/article/031/0001031043?sid=100"", ""description"": ""박 후보는 이후 논란이 일자 <b>사과</b>했다. 박 후보는 이날 마포구 경의선광장에서 열린 선거 유세에서 &quot;지금... 숙여 <b>사과</b>드린다&quot;고 썼다. 또 &quot;사고로 인한 피해 상황이 엄중함에도 불구하고 마포구의 안전 성과를 강조한 제... "", ""pubDate"": ""Tue, 26 May 2026 19:30:00 +0900""}",,
사과,single_term_fallback,사과,'디지털 자극에 갇힌 미래세대...무너진 ‘자존감’과 ‘문해력’을 구...,https://sjbnews.com/news/news.php?number=879187,"Tue, 26 May 2026 19:30:00 +0900","저의 사업 계획을 무산시켰던 당시 담당 심사관이, 자녀가 고등학교에 진학하자 수시체제가 너무 어지럽고... 그리고 정중하게 거듭 <b>사과</b>하며, 정종인 논설위원님을 저에게 소개해 주었습니다. 정위원님은 저의 진심을... ",https://sjbnews.com/news/news.php?number=879187,naver_news,사과,canonical,1.0,2026-05-26T11:50:13.707259+00:00,0,0,0,0,,"저의 사업 계획을 무산시켰던 당시 담당 심사관이, 자녀가 고등학교에 진학하자 수시체제가 너무 어지럽고... 그리고 정중하게 거듭 <b>사과</b>하며, 정종인 논설위원님을 저에게 소개해 주었습니다. 정위원님은 저의 진심을... ","{""title"": ""'디지털 자극에 갇힌 미래세대...무너진 ‘자존감’과 ‘문해력’을 구..."", ""originallink"": ""https://sjbnews.com/news/news.php?number=879187"", ""link"": ""https://sjbnews.com/news/news.php?number=879187"", ""description"": ""저의 사업 계획을 무산시켰던 당시 담당 심사관이, 자녀가 고등학교에 진학하자 수시체제가 너무 어지럽고... 그리고 정중하게 거듭 <b>사과</b>하며, 정종인 논설위원님을 저에게 소개해 주었습니다. 정위원님은 저의 진심을... "", ""pubDate"": ""Tue, 26 May 2026 19:30:00 +0900""}",,
사과,single_term_fallback,사과,"시각장애인 여성 치고 뺑소니…中 1억뷰 분노 영상, 조회수 노린 조작이...",https://n.news.naver.com/mnews/article/016/0002648365?sid=104,"Tue, 26 May 2026 19:28:00 +0900",영상 속 전동자전거 운전자는 B씨를 들이받은 후 <b>사과</b> 대신 적반하장으로 화를 내며 자리를 떠났고 B씨는 바닥에 주저앉아 지팡이를 찾는 비극적인 모습이 담겨 안타까움을 자아냈다. 사건이 알려지면서 베이징... ,https://biz.heraldcorp.com/article/10756306?ref=naver,naver_news,사과,canonical,1.0,2026-05-26T11:50:13.707259+00:00,0,0,0,0,,영상 속 전동자전거 운전자는 B씨를 들이받은 후 <b>사과</b> 대신 적반하장으로 화를 내며 자리를 떠났고 B씨는 바닥에 주저앉아 지팡이를 찾는 비극적인 모습이 담겨 안타까움을 자아냈다. 사건이 알려지면서 베이징... ,"{""title"": ""시각장애인 여성 치고 뺑소니…中 1억뷰 분노 영상, 조회수 노린 조작이..."", ""originallink"": ""https://biz.heraldcorp.com/article/10756306?ref=naver"", ""link"": ""https://n.news.naver.com/mnews/article/016/0002648365?sid=104"", ""description"": ""영상 속 전동자전거 운전자는 B씨를 들이받은 후 <b>사과</b> 대신 적반하장으로 화를 내며 자리를 떠났고 B씨는 바닥에 주저앉아 지팡이를 찾는 비극적인 모습이 담겨 안타까움을 자아냈다. 사건이 알려지면서 베이징... "", ""pubDate"": ""Tue, 26 May 2026 19:28:00 +0900""}",,
사과,single_term_fallback,사과,"[아는기자]“탱크는 물탱크에서 영감”…스타벅스 사태, 남은 의문점은",https://n.news.naver.com/mnews/article/449/0000346630?sid=101,"Tue, 26 May 2026 19:27:00 +0900","오늘 정용진 회장이 직접 <b>사과</b>문까지 내고 책임지겠다고 했잖아요. 어떻게 책임집니까? 오늘 제일 먼저... 그 외엔 사퇴, <b>사과</b>방문, 재발 방지 정도로 나누어 볼 수 있을텐데요. 신세계 측, 사퇴에 대해서는 확실히 선을... ",https://www.ichannela.com/news/main/news_detailPage.do?publishId=000000531110,naver_news,사과,canonical,1.0,2026-05-26T11:50:13.707259+00:00,0,0,0,0,,"오늘 정용진 회장이 직접 <b>사과</b>문까지 내고 책임지겠다고 했잖아요. 어떻게 책임집니까? 오늘 제일 먼저... 그 외엔 사퇴, <b>사과</b>방문, 재발 방지 정도로 나누어 볼 수 있을텐데요. 신세계 측, 사퇴에 대해서는 확실히 선을... ","{""title"": ""[아는기자]“탱크는 물탱크에서 영감”…스타벅스 사태, 남은 의문점은"", ""originallink"": ""https://www.ichannela.com/news/main/news_detailPage.do?publishId=000000531110"", ""link"": ""https://n.news.naver.com/mnews/article/449/0000346630?sid=101"", ""description"": ""오늘 정용진 회장이 직접 <b>사과</b>문까지 내고 책임지겠다고 했잖아요. 어떻게 책임집니까? 오늘 제일 먼저... 그 외엔 사퇴, <b>사과</b>방문, 재발 방지 정도로 나누어 볼 수 있을텐데요. 신세계 측, 사퇴에 대해서는 확실히 선을... "", ""pubDate"": ""Tue, 26 May 2026 19:27:00 +0900""}",,
사과,single_term_fallback,사과,선거 중반 장동혁의 '고공전' '지상전' 투트랙 행보 눈길,https://n.news.naver.com/mnews/article/656/0000177326?sid=100,"Tue, 26 May 2026 19:27:00 +0900","그러면서 &quot;당연히 국방부장관 질책하고, 대통령이 <b>사과</b>할 일 아닌가&quot;라며 &quot;엄정한 수사를 통해 진상을 밝혀야 한다. 지휘관은 물론 안규백도 책임을 져야 한다. 보수정권이었다면 특검 주장 나왔겠지&quot;라고 적었다. 장... ",https://www.daejonilbo.com/news/articleView.html?idxno=2277621,naver_news,사과,canonical,1.0,2026-05-26T11:50:13.707259+00:00,0,0,0,0,,"그러면서 &quot;당연히 국방부장관 질책하고, 대통령이 <b>사과</b>할 일 아닌가&quot;라며 &quot;엄정한 수사를 통해 진상을 밝혀야 한다. 지휘관은 물론 안규백도 책임을 져야 한다. 보수정권이었다면 특검 주장 나왔겠지&quot;라고 적었다. 장... ","{""title"": ""선거 중반 장동혁의 '고공전' '지상전' 투트랙 행보 눈길"", ""originallink"": ""https://www.daejonilbo.com/news/articleView.html?idxno=2277621"", ""link"": ""https://n.news.naver.com/mnews/article/656/0000177326?sid=100"", ""description"": ""그러면서 &quot;당연히 국방부장관 질책하고, 대통령이 <b>사과</b>할 일 아닌가&quot;라며 &quot;엄정한 수사를 통해 진상을 밝혀야 한다. 지휘관은 물론 안규백도 책임을 져야 한다. 보수정권이었다면 특검 주장 나왔겠지&quot;라고 적었다. 장... "", ""pubDate"": ""Tue, 26 May 2026 19:27:00 +0900""}",,
사과,single_term_fallback,사과,[사설] 신생아 결핵 노출 사태… 적극 소통 필요,http://www.knnews.co.kr/news/articleView.php?idxno=1542435,"Tue, 26 May 2026 19:26:00 +0900",조리원 역시 보험사 접수 안내만 했을 뿐 충분한 설명이나 공식 <b>사과</b>는 내놓지 않았다. 감염 예방 수칙이 제대로 지켜졌는지 확인할 길조차 없자 부모들의 불안은 커졌고 신뢰는 흔들렸다. 보건당국은 결핵 관리 지침에... ,http://www.knnews.co.kr/news/articleView.php?idxno=1542435,naver_news,사과,canonical,1.0,2026-05-26T11:50:13.707259+00:00,0,0,0,0,,조리원 역시 보험사 접수 안내만 했을 뿐 충분한 설명이나 공식 <b>사과</b>는 내놓지 않았다. 감염 예방 수칙이 제대로 지켜졌는지 확인할 길조차 없자 부모들의 불안은 커졌고 신뢰는 흔들렸다. 보건당국은 결핵 관리 지침에... ,"{""title"": ""[사설] 신생아 결핵 노출 사태… 적극 소통 필요"", ""originallink"": ""http://www.knnews.co.kr/news/articleView.php?idxno=1542435"", ""link"": ""http://www.knnews.co.kr/news/articleView.php?idxno=1542435"", ""description"": ""조리원 역시 보험사 접수 안내만 했을 뿐 충분한 설명이나 공식 <b>사과</b>는 내놓지 않았다. 감염 예방 수칙이 제대로 지켜졌는지 확인할 길조차 없자 부모들의 불안은 커졌고 신뢰는 흔들렸다. 보건당국은 결핵 관리 지침에... "", ""pubDate"": ""Tue, 26 May 2026 19:26:00 +0900""}",,
사과,single_term_fallback,사과,[뉴스인사이드_뉴스톡톡]코스피 '8천피' 돌파...한국 증시 새 역사,https://www.newsinside.kr/news/articleView.html?idxno=4706653,"Tue, 26 May 2026 19:26:00 +0900","정용진 신세계 회장, 스타벅스 '탱크데이' 논란 직접 <b>사과</b> 정용진 신세계그룹 회장이 스타벅스코리아의 5·18 관련 '탱크데이' 논란에 대해 직접 대국민 <b>사과</b>에 나섰습니다. 정 회장은 모든 책임은 자신에게 있다며... ",https://www.newsinside.kr/news/articleView.html?idxno=4706653,naver_news,사과,canonical,1.0,2026-05-26T11:50:13.707259+00:00,0,0,0,0,,"정용진 신세계 회장, 스타벅스 '탱크데이' 논란 직접 <b>사과</b> 정용진 신세계그룹 회장이 스타벅스코리아의 5·18 관련 '탱크데이' 논란에 대해 직접 대국민 <b>사과</b>에 나섰습니다. 정 회장은 모든 책임은 자신에게 있다며... ","{""title"": ""[뉴스인사이드_뉴스톡톡]코스피 '8천피' 돌파...한국 증시 새 역사"", ""originallink"": ""https://www.newsinside.kr/news/articleView.html?idxno=4706653"", ""link"": ""https://www.newsinside.kr/news/articleView.html?idxno=4706653"", ""description"": ""정용진 신세계 회장, 스타벅스 '탱크데이' 논란 직접 <b>사과</b> 정용진 신세계그룹 회장이 스타벅스코리아의 5·18 관련 '탱크데이' 논란에 대해 직접 대국민 <b>사과</b>에 나섰습니다. 정 회장은 모든 책임은 자신에게 있다며... "", ""pubDate"": ""Tue, 26 May 2026 19:26:00 +0900""}",,
사과,single_term_fallback,사과,&quot;뭘 책임지겠다는 건가?&quot; &quot;정용진 <b>사과</b>쇼&quot; 광주 분통,https://n.news.naver.com/mnews/article/437/0000493012?sid=102,"Tue, 26 May 2026 19:26:00 +0900",정용진 회장의 대국민 <b>사과</b>는 광주 오월단체와 시민들의 분노를 잠재우기는 커녕 오히려 키웠습니다. 진정성 없는 <b>사과</b>로 기만했다며 정 회장의 사퇴를 촉구하는 목소리도 더 커졌습니다. 유족들은 또한번 상처를 받았고... ,https://news.jtbc.co.kr/article/NB12299930?influxDiv=NAVER,naver_news,사과,canonical,1.0,2026-05-26T11:50:13.707259+00:00,0,0,0,0,,정용진 회장의 대국민 <b>사과</b>는 광주 오월단체와 시민들의 분노를 잠재우기는 커녕 오히려 키웠습니다. 진정성 없는 <b>사과</b>로 기만했다며 정 회장의 사퇴를 촉구하는 목소리도 더 커졌습니다. 유족들은 또한번 상처를 받았고... ,"{""title"": ""&quot;뭘 책임지겠다는 건가?&quot; &quot;정용진 <b>사과</b>쇼&quot; 광주 분통"", ""originallink"": ""https://news.jtbc.co.kr/article/NB12299930?influxDiv=NAVER"", ""link"": ""https://n.news.naver.com/mnews/article/437/0000493012?sid=102"", ""description"": ""정용진 회장의 대국민 <b>사과</b>는 광주 오월단체와 시민들의 분노를 잠재우기는 커녕 오히려 키웠습니다. 진정성 없는 <b>사과</b>로 기만했다며 정 회장의 사퇴를 촉구하는 목소리도 더 커졌습니다. 유족들은 또한번 상처를 받았고... "", ""pubDate"": ""Tue, 26 May 2026 19:26:00 +0900""}",,
사과,single_term_fallback,사과,서소문 고가 붕괴에 &quot;마포는 4년간 안전&quot;…'실언' 국힘 후보 <b>사과</b>,https://n.news.naver.com/mnews/article/018/0006291003?sid=100,"Tue, 26 May 2026 19:25:00 +0900",일자 <b>사과</b>했다. 6·3 지방선거 서울 마포구청장 선거에 출마한 박강수 국민의힘 후보. (사진=유튜브... 진심으로 <b>사과</b>드린다”고 말했다. 아울러 “사고로 유명을 달리한 분들의 명복을 빌며 유가족께 깊은 애도와 위로의... ,https://www.edaily.co.kr/news/newspath.asp?newsid=04936406645452856,naver_news,사과,canonical,1.0,2026-05-26T11:50:13.707259+00:00,0,0,0,0,,일자 <b>사과</b>했다. 6·3 지방선거 서울 마포구청장 선거에 출마한 박강수 국민의힘 후보. (사진=유튜브... 진심으로 <b>사과</b>드린다”고 말했다. 아울러 “사고로 유명을 달리한 분들의 명복을 빌며 유가족께 깊은 애도와 위로의... ,"{""title"": ""서소문 고가 붕괴에 &quot;마포는 4년간 안전&quot;…'실언' 국힘 후보 <b>사과</b>"", ""originallink"": ""https://www.edaily.co.kr/news/newspath.asp?newsid=04936406645452856"", ""link"": ""https://n.news.naver.com/mnews/article/018/0006291003?sid=100"", ""description"": ""일자 <b>사과</b>했다. 6·3 지방선거 서울 마포구청장 선거에 출마한 박강수 국민의힘 후보. (사진=유튜브... 진심으로 <b>사과</b>드린다”고 말했다. 아울러 “사고로 유명을 달리한 분들의 명복을 빌며 유가족께 깊은 애도와 위로의... "", ""pubDate"": ""Tue, 26 May 2026 19:25:00 +0900""}",,
사과,single_term_fallback,사과,서대문서 3명 숨졌는데…“마포는 큰사고 없어 자랑” 망언,https://n.news.naver.com/mnews/article/437/0000493011?sid=100,"Tue, 26 May 2026 19:24:00 +0900","한편, 박강수 후보는 이후 &quot;신중치 못한 언행으로 상처받으셨을 분들과 시민 여러분께 진심으로 고개 숙여 <b>사과</b>드린다&quot;면서 <b>사과</b>문을 발표했습니다. 앞서, 이날 오후 2시 33분께 정밀안전진단 D등급 판정을 받고 철거 공사... ",https://news.jtbc.co.kr/article/NB12299949?influxDiv=NAVER,naver_news,사과,canonical,1.0,2026-05-26T11:50:13.707259+00:00,0,0,0,0,,"한편, 박강수 후보는 이후 &quot;신중치 못한 언행으로 상처받으셨을 분들과 시민 여러분께 진심으로 고개 숙여 <b>사과</b>드린다&quot;면서 <b>사과</b>문을 발표했습니다. 앞서, 이날 오후 2시 33분께 정밀안전진단 D등급 판정을 받고 철거 공사... ","{""title"": ""서대문서 3명 숨졌는데…“마포는 큰사고 없어 자랑” 망언"", ""originallink"": ""https://news.jtbc.co.kr/article/NB12299949?influxDiv=NAVER"", ""link"": ""https://n.news.naver.com/mnews/article/437/0000493011?sid=100"", ""description"": ""한편, 박강수 후보는 이후 &quot;신중치 못한 언행으로 상처받으셨을 분들과 시민 여러분께 진심으로 고개 숙여 <b>사과</b>드린다&quot;면서 <b>사과</b>문을 발표했습니다. 앞서, 이날 오후 2시 33분께 정밀안전진단 D등급 판정을 받고 철거 공사... "", ""pubDate"": ""Tue, 26 May 2026 19:24:00 +0900""}",,
사과,single_term_fallback,사과,'히든아이' 살인사건 피해자에 스키즈 현진 사진? … 제작진 과실 인정,https://m.entertain.naver.com/article/469/0000932800,"Tue, 26 May 2026 19:24:00 +0900",'히든아이'가 그룹 스트레이 키즈 멤버 현진의 어린 시절 사진을 살인사건 피해자로 오인하고 방송에 사용했다가 팬들의 질타를 받았다. 26일 MBC에브리원 '히든아이' 관계자는 본지에 지난해 12월 방송분에서 스트레이... ,https://www.hankookilbo.com/news/article/A2026052618550004323?did=NA,naver_news,사과,canonical,1.0,2026-05-26T11:50:13.707259+00:00,0,0,0,0,,'히든아이'가 그룹 스트레이 키즈 멤버 현진의 어린 시절 사진을 살인사건 피해자로 오인하고 방송에 사용했다가 팬들의 질타를 받았다. 26일 MBC에브리원 '히든아이' 관계자는 본지에 지난해 12월 방송분에서 스트레이... ,"{""title"": ""'히든아이' 살인사건 피해자에 스키즈 현진 사진? … 제작진 과실 인정"", ""originallink"": ""https://www.hankookilbo.com/news/article/A2026052618550004323?did=NA"", ""link"": ""https://m.entertain.naver.com/article/469/0000932800"", ""description"": ""'히든아이'가 그룹 스트레이 키즈 멤버 현진의 어린 시절 사진을 살인사건 피해자로 오인하고 방송에 사용했다가 팬들의 질타를 받았다. 26일 MBC에브리원 '히든아이' 관계자는 본지에 지난해 12월 방송분에서 스트레이... "", ""pubDate"": ""Tue, 26 May 2026 19:24:00 +0900""}",,
사과,single_term_fallback,사과,고개 세 번 숙이고 &quot;모두 제 책임&quot;…논란 8일 만에 직접 <b>사과</b>한 정용진,https://n.news.naver.com/mnews/article/057/0001950888?sid=101,"Tue, 26 May 2026 19:24:00 +0900",스타벅스의 '탱크데이' 이벤트 논란과 관련해 정용진 신세계그룹 회장이 논란 8일 만에 대국민 <b>사과</b>를... &quot; 논란 8일 만에 대국민 <b>사과</b>에 나선 이유에 대해 정 회장은 그동안 철저한 진상 규명을 통해 경위를 상세하게... ,http://www.mbn.co.kr/pages/news/newsView.php?news_seq_no=5196035,naver_news,사과,canonical,1.0,2026-05-26T11:50:13.707259+00:00,0,0,0,0,,스타벅스의 '탱크데이' 이벤트 논란과 관련해 정용진 신세계그룹 회장이 논란 8일 만에 대국민 <b>사과</b>를... &quot; 논란 8일 만에 대국민 <b>사과</b>에 나선 이유에 대해 정 회장은 그동안 철저한 진상 규명을 통해 경위를 상세하게... ,"{""title"": ""고개 세 번 숙이고 &quot;모두 제 책임&quot;…논란 8일 만에 직접 <b>사과</b>한 정용진"", ""originallink"": ""http://www.mbn.co.kr/pages/news/newsView.php?news_seq_no=5196035"", ""link"": ""https://n.news.naver.com/mnews/article/057/0001950888?sid=101"", ""description"": ""스타벅스의 '탱크데이' 이벤트 논란과 관련해 정용진 신세계그룹 회장이 논란 8일 만에 대국민 <b>사과</b>를... &quot; 논란 8일 만에 대국민 <b>사과</b>에 나선 이유에 대해 정 회장은 그동안 철저한 진상 규명을 통해 경위를 상세하게... "", ""pubDate"": ""Tue, 26 May 2026 19:24:00 +0900""}",,
사과,single_term_fallback,사과,정용진 회장 <b>사과</b> 이후…與 “가식적 <b>사과</b>”·野 “인민재판”,https://n.news.naver.com/mnews/article/449/0000346629?sid=100,"Tue, 26 May 2026 19:24:00 +0900","정용진 회장 <b>사과</b> 이후 진정성 있다고 평가했던 민주당은 지지층 반발에 공세로 돌아섰습니다. 가식적인 <b>사과</b>라며 시간이 갈수록 비판 강도는 더 세지는 모습인데, 국민의힘은 '인민 재판'으로 규정하며 반발했습니다.... ",https://www.ichannela.com/news/main/news_detailPage.do?publishId=000000531109,naver_news,사과,canonical,1.0,2026-05-26T11:50:13.707259+00:00,0,0,0,0,,"정용진 회장 <b>사과</b> 이후 진정성 있다고 평가했던 민주당은 지지층 반발에 공세로 돌아섰습니다. 가식적인 <b>사과</b>라며 시간이 갈수록 비판 강도는 더 세지는 모습인데, 국민의힘은 '인민 재판'으로 규정하며 반발했습니다.... ","{""title"": ""정용진 회장 <b>사과</b> 이후…與 “가식적 <b>사과</b>”·野 “인민재판”"", ""originallink"": ""https://www.ichannela.com/news/main/news_detailPage.do?publishId=000000531109"", ""link"": ""https://n.news.naver.com/mnews/article/449/0000346629?sid=100"", ""description"": ""정용진 회장 <b>사과</b> 이후 진정성 있다고 평가했던 민주당은 지지층 반발에 공세로 돌아섰습니다. 가식적인 <b>사과</b>라며 시간이 갈수록 비판 강도는 더 세지는 모습인데, 국민의힘은 '인민 재판'으로 규정하며 반발했습니다.... "", ""pubDate"": ""Tue, 26 May 2026 19:24:00 +0900""}",,
사과,single_term_fallback,사과,"5·18 단체, 정용진 <b>사과</b>에 &quot;또 다른 모욕이자 기만&quot;",https://www.slist.kr/news/articleView.html?idxno=741419,"Tue, 26 May 2026 19:24:00 +0900",대국민 <b>사과</b>에 대해 &quot;진정성이 없다&quot;며 정 회장 사퇴를 촉구했다. 5·18기념재단과 공법 3단체(부상자회·공로자회·유족회)는 26일 광주 동구 5·18민주광장에서 기자회견을 열고 &quot;정용진의 <b>사과</b>에 강한 유감을 표한다&quot;며... ,https://www.slist.kr/news/articleView.html?idxno=741419,naver_news,사과,canonical,1.0,2026-05-26T11:50:13.707259+00:00,0,0,0,0,,대국민 <b>사과</b>에 대해 &quot;진정성이 없다&quot;며 정 회장 사퇴를 촉구했다. 5·18기념재단과 공법 3단체(부상자회·공로자회·유족회)는 26일 광주 동구 5·18민주광장에서 기자회견을 열고 &quot;정용진의 <b>사과</b>에 강한 유감을 표한다&quot;며... ,"{""title"": ""5·18 단체, 정용진 <b>사과</b>에 &quot;또 다른 모욕이자 기만&quot;"", ""originallink"": ""https://www.slist.kr/news/articleView.html?idxno=741419"", ""link"": ""https://www.slist.kr/news/articleView.html?idxno=741419"", ""description"": ""대국민 <b>사과</b>에 대해 &quot;진정성이 없다&quot;며 정 회장 사퇴를 촉구했다. 5·18기념재단과 공법 3단체(부상자회·공로자회·유족회)는 26일 광주 동구 5·18민주광장에서 기자회견을 열고 &quot;정용진의 <b>사과</b>에 강한 유감을 표한다&quot;며... "", ""pubDate"": ""Tue, 26 May 2026 19:24:00 +0900""}",,
사과,single_term_fallback,사과,불매·美 본사 제재 리스크 의식…“고의 없었다” 면피성 도마(종합),https://n.news.naver.com/mnews/article/658/0000144920?sid=101,"Tue, 26 May 2026 19:22:00 +0900",재차 <b>사과</b>에 나선 것은 독점 라이선스 계약 해지를 당할 수 있다는 위기감이 반영된 것으로 보인다. 하지만... ▮브랜드 이미지 실추 위기감 앞서 1차적으로 <b>사과</b>문을 내놨던 정 회장이 26일 직접 <b>사과</b>하고 고개를 숙인... ,http://www.kookje.co.kr/news2011/asp/newsbody.asp?code=0200&key=20260527.22010006703,naver_news,사과,canonical,1.0,2026-05-26T11:50:13.707259+00:00,0,0,0,0,,재차 <b>사과</b>에 나선 것은 독점 라이선스 계약 해지를 당할 수 있다는 위기감이 반영된 것으로 보인다. 하지만... ▮브랜드 이미지 실추 위기감 앞서 1차적으로 <b>사과</b>문을 내놨던 정 회장이 26일 직접 <b>사과</b>하고 고개를 숙인... ,"{""title"": ""불매·美 본사 제재 리스크 의식…“고의 없었다” 면피성 도마(종합)"", ""originallink"": ""http://www.kookje.co.kr/news2011/asp/newsbody.asp?code=0200&key=20260527.22010006703"", ""link"": ""https://n.news.naver.com/mnews/article/658/0000144920?sid=101"", ""description"": ""재차 <b>사과</b>에 나선 것은 독점 라이선스 계약 해지를 당할 수 있다는 위기감이 반영된 것으로 보인다. 하지만... ▮브랜드 이미지 실추 위기감 앞서 1차적으로 <b>사과</b>문을 내놨던 정 회장이 26일 직접 <b>사과</b>하고 고개를 숙인... "", ""pubDate"": ""Tue, 26 May 2026 19:22:00 +0900""}",,
사과,single_term_fallback,사과,민주당 &quot;정용진 <b>사과</b> 진정성 있어… 스벅 출입은 개별 판단&quot;,https://www.newscj.com/news/articleView.html?idxno=3403973,"Tue, 26 May 2026 19:22:00 +0900",더불어민주당이 26일 정용진 신세계그룹 회장의 스타벅스코리아 '5.18 탱크데이' 마케팅 논란 <b>사과</b>에... 회장의 <b>사과</b>가 있었으니 지방선거가 끝나면 같이 한 번 만나거나 국회 상임위원회 차원에서 머리를 맞대고 지혜를... ,https://www.newscj.com/news/articleView.html?idxno=3403973,naver_news,사과,canonical,1.0,2026-05-26T11:50:13.707259+00:00,0,0,0,0,,더불어민주당이 26일 정용진 신세계그룹 회장의 스타벅스코리아 '5.18 탱크데이' 마케팅 논란 <b>사과</b>에... 회장의 <b>사과</b>가 있었으니 지방선거가 끝나면 같이 한 번 만나거나 국회 상임위원회 차원에서 머리를 맞대고 지혜를... ,"{""title"": ""민주당 &quot;정용진 <b>사과</b> 진정성 있어… 스벅 출입은 개별 판단&quot;"", ""originallink"": ""https://www.newscj.com/news/articleView.html?idxno=3403973"", ""link"": ""https://www.newscj.com/news/articleView.html?idxno=3403973"", ""description"": ""더불어민주당이 26일 정용진 신세계그룹 회장의 스타벅스코리아 '5.18 탱크데이' 마케팅 논란 <b>사과</b>에... 회장의 <b>사과</b>가 있었으니 지방선거가 끝나면 같이 한 번 만나거나 국회 상임위원회 차원에서 머리를 맞대고 지혜를... "", ""pubDate"": ""Tue, 26 May 2026 19:22:00 +0900""}",,
사과,single_term_fallback,사과,“전액 환불·국민연금 나서라”…정용진 <b>사과</b>에도 여론은 ‘부글부글...,https://n.news.naver.com/mnews/article/009/0005685273?sid=101,"Tue, 26 May 2026 19:21:00 +0900","대국민 <b>사과</b>를 했지만, 시민사회 단체들은 후속조치를 촉구하며 목소리를 높이고 있다. 참여연대는 이날 성명을 통해 “정용진 회장의 <b>사과</b>에는 책임 인식과 후속대책이 턱없이 부족하다”며 담당자 인사조치 외 재발... ",https://www.mk.co.kr/article/12058218,naver_news,사과,canonical,1.0,2026-05-26T11:50:13.707259+00:00,0,0,0,0,,"대국민 <b>사과</b>를 했지만, 시민사회 단체들은 후속조치를 촉구하며 목소리를 높이고 있다. 참여연대는 이날 성명을 통해 “정용진 회장의 <b>사과</b>에는 책임 인식과 후속대책이 턱없이 부족하다”며 담당자 인사조치 외 재발... ","{""title"": ""“전액 환불·국민연금 나서라”…정용진 <b>사과</b>에도 여론은 ‘부글부글..."", ""originallink"": ""https://www.mk.co.kr/article/12058218"", ""link"": ""https://n.news.naver.com/mnews/article/009/0005685273?sid=101"", ""description"": ""대국민 <b>사과</b>를 했지만, 시민사회 단체들은 후속조치를 촉구하며 목소리를 높이고 있다. 참여연대는 이날 성명을 통해 “정용진 회장의 <b>사과</b>에는 책임 인식과 후속대책이 턱없이 부족하다”며 담당자 인사조치 외 재발... "", ""pubDate"": ""Tue, 26 May 2026 19:21:00 +0900""}",,
사과,single_term_fallback,사과,“힘들다” 호소했는데…강제 팔굽혀펴기 ‘가혹 행위’에 병사 근육 녹...,https://n.news.naver.com/mnews/article/009/0005685272?sid=100,"Tue, 26 May 2026 19:21:00 +0900",가해자로부터 <b>사과</b>는커녕 부대 내 지휘관들로부터도 책임 있는 <b>사과</b>를 받지 못한 A 상병 측은 B 중사를 직권남용 가혹행위죄와 폭행죄로 군사경찰에 고소했다. A 상병의 누나는 “멈춰달라고 했을 때 멈췄다면 아무 일도... ,https://www.mk.co.kr/article/12058217,naver_news,사과,canonical,1.0,2026-05-26T11:50:13.707259+00:00,0,0,0,0,,가해자로부터 <b>사과</b>는커녕 부대 내 지휘관들로부터도 책임 있는 <b>사과</b>를 받지 못한 A 상병 측은 B 중사를 직권남용 가혹행위죄와 폭행죄로 군사경찰에 고소했다. A 상병의 누나는 “멈춰달라고 했을 때 멈췄다면 아무 일도... ,"{""title"": ""“힘들다” 호소했는데…강제 팔굽혀펴기 ‘가혹 행위’에 병사 근육 녹..."", ""originallink"": ""https://www.mk.co.kr/article/12058217"", ""link"": ""https://n.news.naver.com/mnews/article/009/0005685272?sid=100"", ""description"": ""가해자로부터 <b>사과</b>는커녕 부대 내 지휘관들로부터도 책임 있는 <b>사과</b>를 받지 못한 A 상병 측은 B 중사를 직권남용 가혹행위죄와 폭행죄로 군사경찰에 고소했다. A 상병의 누나는 “멈춰달라고 했을 때 멈췄다면 아무 일도... "", ""pubDate"": ""Tue, 26 May 2026 19:21:00 +0900""}",,
사과,single_term_fallback,사과,"전문학·유지곤, 단일화 '초읽기'…국힘 &quot;정치적 야합&quot; 규탄",http://www.ccnnews.co.kr/news/articleView.html?idxno=410086,"Tue, 26 May 2026 19:20:00 +0900",그러면서 &quot;전문학-유지곤 후보는 서구민들은 안중에도 없는 정치적 이합집산과 야합 시도에 대해 즉각 주민들에게 <b>사과</b>하라&quot;며 &quot;권력 획득만을 위한 정치공학적 단일화를 강행한다면 서구민들로부터 준엄한 심판을 받게... ,http://www.ccnnews.co.kr/news/articleView.html?idxno=410086,naver_news,사과,canonical,1.0,2026-05-26T11:50:13.707259+00:00,0,0,0,0,,그러면서 &quot;전문학-유지곤 후보는 서구민들은 안중에도 없는 정치적 이합집산과 야합 시도에 대해 즉각 주민들에게 <b>사과</b>하라&quot;며 &quot;권력 획득만을 위한 정치공학적 단일화를 강행한다면 서구민들로부터 준엄한 심판을 받게... ,"{""title"": ""전문학·유지곤, 단일화 '초읽기'…국힘 &quot;정치적 야합&quot; 규탄"", ""originallink"": ""http://www.ccnnews.co.kr/news/articleView.html?idxno=410086"", ""link"": ""http://www.ccnnews.co.kr/news/articleView.html?idxno=410086"", ""description"": ""그러면서 &quot;전문학-유지곤 후보는 서구민들은 안중에도 없는 정치적 이합집산과 야합 시도에 대해 즉각 주민들에게 <b>사과</b>하라&quot;며 &quot;권력 획득만을 위한 정치공학적 단일화를 강행한다면 서구민들로부터 준엄한 심판을 받게... "", ""pubDate"": ""Tue, 26 May 2026 19:20:00 +0900""}",,
사과,single_term_fallback,사과,&quot;<b>사과</b>문에 구체적인 내용 빠져 있어&quot;...변호사가 짚은 아쉬운 지점 [이슈...,https://n.news.naver.com/mnews/article/052/0002358176?sid=102,"Tue, 26 May 2026 19:20:00 +0900",숙여 <b>사과</b>했습니다. 스타벅스 대표 해임 후추가 수습 조치 등에도 관심 집중됐는데 오늘 오전에 있었던 정용진 신세계그룹 회장의대국민 <b>사과</b> 장면부터 보고 대화 이어가도록 하겠습니다. 이번 스타벅스 '탱크 데이' 논란이... ,https://www.ytn.co.kr/_ln/0134_202605261920494788,naver_news,사과,canonical,1.0,2026-05-26T11:50:13.707259+00:00,0,0,0,0,,숙여 <b>사과</b>했습니다. 스타벅스 대표 해임 후추가 수습 조치 등에도 관심 집중됐는데 오늘 오전에 있었던 정용진 신세계그룹 회장의대국민 <b>사과</b> 장면부터 보고 대화 이어가도록 하겠습니다. 이번 스타벅스 '탱크 데이' 논란이... ,"{""title"": ""&quot;<b>사과</b>문에 구체적인 내용 빠져 있어&quot;...변호사가 짚은 아쉬운 지점 [이슈..."", ""originallink"": ""https://www.ytn.co.kr/_ln/0134_202605261920494788"", ""link"": ""https://n.news.naver.com/mnews/article/052/0002358176?sid=102"", ""description"": ""숙여 <b>사과</b>했습니다. 스타벅스 대표 해임 후추가 수습 조치 등에도 관심 집중됐는데 오늘 오전에 있었던 정용진 신세계그룹 회장의대국민 <b>사과</b> 장면부터 보고 대화 이어가도록 하겠습니다. 이번 스타벅스 '탱크 데이' 논란이... "", ""pubDate"": ""Tue, 26 May 2026 19:20:00 +0900""}",,
사과,single_term_fallback,사과,&quot;각자의 생각&quot; 꺼낸 정용진…'탱크데이' 직원들 대화도 충격,https://n.news.naver.com/mnews/article/437/0000493009?sid=101,"Tue, 26 May 2026 19:20:00 +0900",반쪽 <b>사과</b>라는 비판도 나왔습니다. 자체 조사 결과 드러난 엉터리 결재 관행과 직원들의 부적절한 언행도 여론을 더 악화시키고 있습니다. 임지수 기자입니다. [기자] 정용진 회장은 대국민 <b>사과</b> 말미에 뜻밖의 말을... ,https://news.jtbc.co.kr/article/NB12299929?influxDiv=NAVER,naver_news,사과,canonical,1.0,2026-05-26T11:50:13.707259+00:00,0,0,0,0,,반쪽 <b>사과</b>라는 비판도 나왔습니다. 자체 조사 결과 드러난 엉터리 결재 관행과 직원들의 부적절한 언행도 여론을 더 악화시키고 있습니다. 임지수 기자입니다. [기자] 정용진 회장은 대국민 <b>사과</b> 말미에 뜻밖의 말을... ,"{""title"": ""&quot;각자의 생각&quot; 꺼낸 정용진…'탱크데이' 직원들 대화도 충격"", ""originallink"": ""https://news.jtbc.co.kr/article/NB12299929?influxDiv=NAVER"", ""link"": ""https://n.news.naver.com/mnews/article/437/0000493009?sid=101"", ""description"": ""반쪽 <b>사과</b>라는 비판도 나왔습니다. 자체 조사 결과 드러난 엉터리 결재 관행과 직원들의 부적절한 언행도 여론을 더 악화시키고 있습니다. 임지수 기자입니다. [기자] 정용진 회장은 대국민 <b>사과</b> 말미에 뜻밖의 말을... "", ""pubDate"": ""Tue, 26 May 2026 19:20:00 +0900""}",,
사과,single_term_fallback,사과,[이슈플러스] 서소문 고가차도 붕괴 사고...중처법 적용 가능성은?,https://n.news.naver.com/mnews/article/052/0002358175?sid=102,"Tue, 26 May 2026 19:20:00 +0900",스타벅스 탱크데이 논란이 발생한 지 8일 만에 신세계그룹 정용진 회장이 고개 숙여 <b>사과</b>했습니다. 스타벅스 대표 해임 후추가 수습 조치 등에도 관심 집중됐는데오늘 오전에 있었던 정용진 신세계그룹 회장의대국민 <b>사과</b>... ,https://www.ytn.co.kr/_ln/0103_202605261920265947,naver_news,사과,canonical,1.0,2026-05-26T11:50:13.707259+00:00,0,0,0,0,,스타벅스 탱크데이 논란이 발생한 지 8일 만에 신세계그룹 정용진 회장이 고개 숙여 <b>사과</b>했습니다. 스타벅스 대표 해임 후추가 수습 조치 등에도 관심 집중됐는데오늘 오전에 있었던 정용진 신세계그룹 회장의대국민 <b>사과</b>... ,"{""title"": ""[이슈플러스] 서소문 고가차도 붕괴 사고...중처법 적용 가능성은?"", ""originallink"": ""https://www.ytn.co.kr/_ln/0103_202605261920265947"", ""link"": ""https://n.news.naver.com/mnews/article/052/0002358175?sid=102"", ""description"": ""스타벅스 탱크데이 논란이 발생한 지 8일 만에 신세계그룹 정용진 회장이 고개 숙여 <b>사과</b>했습니다. 스타벅스 대표 해임 후추가 수습 조치 등에도 관심 집중됐는데오늘 오전에 있었던 정용진 신세계그룹 회장의대국민 <b>사과</b>... "", ""pubDate"": ""Tue, 26 May 2026 19:20:00 +0900""}",,
사과,single_term_fallback,사과,"“AI에 물어봤다”…신세계그룹, 고의성 여부 확인 못해",https://n.news.naver.com/mnews/article/449/0000346626?sid=101,"Tue, 26 May 2026 19:19:00 +0900",이 대국민 <b>사과</b> 직후 신세계그룹은 자체 진상조사 결과도 공개했습니다. 핵심은 고의성이 있었는지 여부일텐데요. 신세계 측은 관련 직원들이 5.18은 생각도 못했다고 진술했다며 자체 조사만으론 고의성을 확인하지... ,https://www.ichannela.com/news/main/news_detailPage.do?publishId=000000531106,naver_news,사과,canonical,1.0,2026-05-26T11:50:13.707259+00:00,0,0,0,0,,이 대국민 <b>사과</b> 직후 신세계그룹은 자체 진상조사 결과도 공개했습니다. 핵심은 고의성이 있었는지 여부일텐데요. 신세계 측은 관련 직원들이 5.18은 생각도 못했다고 진술했다며 자체 조사만으론 고의성을 확인하지... ,"{""title"": ""“AI에 물어봤다”…신세계그룹, 고의성 여부 확인 못해"", ""originallink"": ""https://www.ichannela.com/news/main/news_detailPage.do?publishId=000000531106"", ""link"": ""https://n.news.naver.com/mnews/article/449/0000346626?sid=101"", ""description"": ""이 대국민 <b>사과</b> 직후 신세계그룹은 자체 진상조사 결과도 공개했습니다. 핵심은 고의성이 있었는지 여부일텐데요. 신세계 측은 관련 직원들이 5.18은 생각도 못했다고 진술했다며 자체 조사만으론 고의성을 확인하지... "", ""pubDate"": ""Tue, 26 May 2026 19:19:00 +0900""}",,
사과,single_term_fallback,사과,"&quot;좁은 통로 지나갔을 뿐인데&quot;…성추행범 몰린 50대, 항소 나섰다",https://n.news.naver.com/mnews/article/003/0013968746?sid=102,"Tue, 26 May 2026 19:17:00 +0900",초기 진술에서도 접촉이 있었다면 <b>사과</b>한다는 취지의 내용을 남긴 뒤 귀가했다. 그러나 수사가 진행되면서 상황은 달라졌다. 피해 여성은 &quot;뒤에서 손이 다리 사이로 들어와 엉덩이 안쪽과 중요 부위를 만졌다&quot;고... ,https://www.newsis.com/view/NISX20260526_0003644765,naver_news,사과,canonical,1.0,2026-05-26T11:50:13.707259+00:00,0,0,0,0,,초기 진술에서도 접촉이 있었다면 <b>사과</b>한다는 취지의 내용을 남긴 뒤 귀가했다. 그러나 수사가 진행되면서 상황은 달라졌다. 피해 여성은 &quot;뒤에서 손이 다리 사이로 들어와 엉덩이 안쪽과 중요 부위를 만졌다&quot;고... ,"{""title"": ""&quot;좁은 통로 지나갔을 뿐인데&quot;…성추행범 몰린 50대, 항소 나섰다"", ""originallink"": ""https://www.newsis.com/view/NISX20260526_0003644765"", ""link"": ""https://n.news.naver.com/mnews/article/003/0013968746?sid=102"", ""description"": ""초기 진술에서도 접촉이 있었다면 <b>사과</b>한다는 취지의 내용을 남긴 뒤 귀가했다. 그러나 수사가 진행되면서 상황은 달라졌다. 피해 여성은 &quot;뒤에서 손이 다리 사이로 들어와 엉덩이 안쪽과 중요 부위를 만졌다&quot;고... "", ""pubDate"": ""Tue, 26 May 2026 19:17:00 +0900""}",,
사과,single_term_fallback,사과,장수군수 법정토론회…공약 검증 ‘난타전’,https://n.news.naver.com/mnews/article/056/0012188228?sid=162,"Tue, 26 May 2026 19:17:00 +0900","최 후보는 재정 1조 2천억 원 공약의 구체적인 재원 확보 방안과 3백만 평 과수 단지 조성에 대한 부지 조성 계획, 유통 대책을 따져 물었고, [최훈식/민주당 장수군수 후보 : &quot;(장 후보가 재직했던) 2019년도 <b>사과</b>값 폭락에... ",https://news.kbs.co.kr/news/pc/view/view.do?ncd=8570295&ref=A,naver_news,사과,canonical,1.0,2026-05-26T11:50:13.707259+00:00,0,0,0,0,,"최 후보는 재정 1조 2천억 원 공약의 구체적인 재원 확보 방안과 3백만 평 과수 단지 조성에 대한 부지 조성 계획, 유통 대책을 따져 물었고, [최훈식/민주당 장수군수 후보 : &quot;(장 후보가 재직했던) 2019년도 <b>사과</b>값 폭락에... ","{""title"": ""장수군수 법정토론회…공약 검증 ‘난타전’"", ""originallink"": ""https://news.kbs.co.kr/news/pc/view/view.do?ncd=8570295&ref=A"", ""link"": ""https://n.news.naver.com/mnews/article/056/0012188228?sid=162"", ""description"": ""최 후보는 재정 1조 2천억 원 공약의 구체적인 재원 확보 방안과 3백만 평 과수 단지 조성에 대한 부지 조성 계획, 유통 대책을 따져 물었고, [최훈식/민주당 장수군수 후보 : &quot;(장 후보가 재직했던) 2019년도 <b>사과</b>값 폭락에... "", ""pubDate"": ""Tue, 26 May 2026 19:17:00 +0900""}",,
사과,single_term_fallback,사과,3번 고개 숙인 정용진…“제 잘못”,https://n.news.naver.com/mnews/article/449/0000346625?sid=101,"Tue, 26 May 2026 19:17:00 +0900",정용진 신세계 그룹 회장이 대국민 <b>사과</b>에 나섰습니다. 스타벅스 코리아의 5.18 마케팅 논란이 걷잡을 수 없이... &quot; 굳은 표정에 짙은 남색 정장과 넥타이 차림으로 등장한 정용진 신세계그룹 회장이 직접 대국민 <b>사과</b>를... ,https://www.ichannela.com/news/main/news_detailPage.do?publishId=000000531105,naver_news,사과,canonical,1.0,2026-05-26T11:50:13.707259+00:00,0,0,0,0,,정용진 신세계 그룹 회장이 대국민 <b>사과</b>에 나섰습니다. 스타벅스 코리아의 5.18 마케팅 논란이 걷잡을 수 없이... &quot; 굳은 표정에 짙은 남색 정장과 넥타이 차림으로 등장한 정용진 신세계그룹 회장이 직접 대국민 <b>사과</b>를... ,"{""title"": ""3번 고개 숙인 정용진…“제 잘못”"", ""originallink"": ""https://www.ichannela.com/news/main/news_detailPage.do?publishId=000000531105"", ""link"": ""https://n.news.naver.com/mnews/article/449/0000346625?sid=101"", ""description"": ""정용진 신세계 그룹 회장이 대국민 <b>사과</b>에 나섰습니다. 스타벅스 코리아의 5.18 마케팅 논란이 걷잡을 수 없이... &quot; 굳은 표정에 짙은 남색 정장과 넥타이 차림으로 등장한 정용진 신세계그룹 회장이 직접 대국민 <b>사과</b>를... "", ""pubDate"": ""Tue, 26 May 2026 19:17:00 +0900""}",,
사과,single_term_fallback,사과,"“해외 유흥 접대 의혹” 제기에···박지원 “사실무근, 증거 나오면 ...",https://n.news.naver.com/mnews/article/032/0003448070?sid=100,"Tue, 26 May 2026 19:16:00 +0900",제보 내용과 같은 유흥업소 출입은 없었다”며 “허위사실 공표와 명예훼손에 대해 법적 조처를 하겠다”고 밝혔다. 박 후보는 “객관적 증거가 확인된다면 유권자에게 <b>사과</b>하고 정치적 책임을 지겠다”고 덧붙였다.,https://www.khan.co.kr/article/202605261916001,naver_news,사과,canonical,1.0,2026-05-26T11:50:13.707259+00:00,0,0,0,0,,제보 내용과 같은 유흥업소 출입은 없었다”며 “허위사실 공표와 명예훼손에 대해 법적 조처를 하겠다”고 밝혔다. 박 후보는 “객관적 증거가 확인된다면 유권자에게 <b>사과</b>하고 정치적 책임을 지겠다”고 덧붙였다.,"{""title"": ""“해외 유흥 접대 의혹” 제기에···박지원 “사실무근, 증거 나오면 ..."", ""originallink"": ""https://www.khan.co.kr/article/202605261916001"", ""link"": ""https://n.news.naver.com/mnews/article/032/0003448070?sid=100"", ""description"": ""제보 내용과 같은 유흥업소 출입은 없었다”며 “허위사실 공표와 명예훼손에 대해 법적 조처를 하겠다”고 밝혔다. 박 후보는 “객관적 증거가 확인된다면 유권자에게 <b>사과</b>하고 정치적 책임을 지겠다”고 덧붙였다."", ""pubDate"": ""Tue, 26 May 2026 19:16:00 +0900""}",,
사과,single_term_fallback,사과,'尹 지지' 최준용 &quot;멸공커피&quot;...JK 김동욱은 &quot;스벅 가고 싶다&quot; 응원,https://n.news.naver.com/mnews/article/008/0005363060?sid=102,"Tue, 26 May 2026 19:15:00 +0900",대국민 <b>사과</b>문을 냈다. 그러나 해당 여파로 일각에서는 스타벅스 불매 운동이 일어났다. 이는 정치·이념적 갈등으로 번지면서 일부 극우파 사이에 스타벅스 옹호 운동으로도 확산했다. 이에 정 회장은 26일 대국민 <b>사과</b>... ,https://www.mt.co.kr/society/2026/05/26/2026052618325337668,naver_news,사과,canonical,1.0,2026-05-26T11:50:13.707259+00:00,0,0,0,0,,대국민 <b>사과</b>문을 냈다. 그러나 해당 여파로 일각에서는 스타벅스 불매 운동이 일어났다. 이는 정치·이념적 갈등으로 번지면서 일부 극우파 사이에 스타벅스 옹호 운동으로도 확산했다. 이에 정 회장은 26일 대국민 <b>사과</b>... ,"{""title"": ""'尹 지지' 최준용 &quot;멸공커피&quot;...JK 김동욱은 &quot;스벅 가고 싶다&quot; 응원"", ""originallink"": ""https://www.mt.co.kr/society/2026/05/26/2026052618325337668"", ""link"": ""https://n.news.naver.com/mnews/article/008/0005363060?sid=102"", ""description"": ""대국민 <b>사과</b>문을 냈다. 그러나 해당 여파로 일각에서는 스타벅스 불매 운동이 일어났다. 이는 정치·이념적 갈등으로 번지면서 일부 극우파 사이에 스타벅스 옹호 운동으로도 확산했다. 이에 정 회장은 26일 대국민 <b>사과</b>... "", ""pubDate"": ""Tue, 26 May 2026 19:15:00 +0900""}",,
사과,single_term_fallback,사과,"평택시민사회단체, 김용남 후보 공천 철회 촉구",https://news.skbroadband.com/news/articleView.html?idxno=227863,"Tue, 26 May 2026 19:14:00 +0900","평택시민사회단체는 26일 시청에서 기자회견을 열어 더불어민주당에 김용남 후보의 공천 철회와 공개 <b>사과</b>를 요구했습니다. 이들은 대부업체 차명 운영 의혹, 후원회 사무국장 문제와 김 후보의 해명과 다른 부분 등을... ",https://news.skbroadband.com/news/articleView.html?idxno=227863,naver_news,사과,canonical,1.0,2026-05-26T11:50:13.707259+00:00,0,0,0,0,,"평택시민사회단체는 26일 시청에서 기자회견을 열어 더불어민주당에 김용남 후보의 공천 철회와 공개 <b>사과</b>를 요구했습니다. 이들은 대부업체 차명 운영 의혹, 후원회 사무국장 문제와 김 후보의 해명과 다른 부분 등을... ","{""title"": ""평택시민사회단체, 김용남 후보 공천 철회 촉구"", ""originallink"": ""https://news.skbroadband.com/news/articleView.html?idxno=227863"", ""link"": ""https://news.skbroadband.com/news/articleView.html?idxno=227863"", ""description"": ""평택시민사회단체는 26일 시청에서 기자회견을 열어 더불어민주당에 김용남 후보의 공천 철회와 공개 <b>사과</b>를 요구했습니다. 이들은 대부업체 차명 운영 의혹, 후원회 사무국장 문제와 김 후보의 해명과 다른 부분 등을... "", ""pubDate"": ""Tue, 26 May 2026 19:14:00 +0900""}",,
사과,single_term_fallback,사과,정용진 회장 직접 <b>사과</b> 발언에 '민주당 분위기'는 '온탕 냉탕',http://www.econotelling.com/news/articleView.html?idxno=20504,"Tue, 26 May 2026 19:12:00 +0900",직접 <b>사과</b>하자 &quot;진정성이 있다고 본다&quot;고 평가했다. 강준현 수석 대변인은 오늘 국회 기자 간담회에서... 정 대표는 &quot;정 회장의 뒤늦은 <b>사과</b>를 보며 씁쓸하다&quot;며 &quot;그동안 극우적 언행을 봤을 때 소나기 피하기성 가식적... ,http://www.econotelling.com/news/articleView.html?idxno=20504,naver_news,사과,canonical,1.0,2026-05-26T11:50:13.707259+00:00,0,0,0,0,,직접 <b>사과</b>하자 &quot;진정성이 있다고 본다&quot;고 평가했다. 강준현 수석 대변인은 오늘 국회 기자 간담회에서... 정 대표는 &quot;정 회장의 뒤늦은 <b>사과</b>를 보며 씁쓸하다&quot;며 &quot;그동안 극우적 언행을 봤을 때 소나기 피하기성 가식적... ,"{""title"": ""정용진 회장 직접 <b>사과</b> 발언에 '민주당 분위기'는 '온탕 냉탕'"", ""originallink"": ""http://www.econotelling.com/news/articleView.html?idxno=20504"", ""link"": ""http://www.econotelling.com/news/articleView.html?idxno=20504"", ""description"": ""직접 <b>사과</b>하자 &quot;진정성이 있다고 본다&quot;고 평가했다. 강준현 수석 대변인은 오늘 국회 기자 간담회에서... 정 대표는 &quot;정 회장의 뒤늦은 <b>사과</b>를 보며 씁쓸하다&quot;며 &quot;그동안 극우적 언행을 봤을 때 소나기 피하기성 가식적... "", ""pubDate"": ""Tue, 26 May 2026 19:12:00 +0900""}",,
사과,single_term_fallback,사과,"김중남 강릉시장 후보 선대위, '체육회 선거 개입 의혹' 국수본에 고발",https://n.news.naver.com/mnews/article/079/0004150957?sid=102,"Tue, 26 May 2026 19:12:00 +0900","핵심요약 민주당 측, 명확한 해명과 <b>사과</b> 촉구 김홍규 &quot;황당한 정치공세&quot; 법적 대응 검토 6·3 지방선거가 8일... 해명과 <b>사과</b> 등을 요구했다. 앞서 민주당 강릉시의원들도 지난 25일 성명을 통해 &quot;강릉판 관권·감금 선거 의혹... ",https://www.nocutnews.co.kr/news/6523066?utm_source=naver&utm_medium=article&utm_campaign=20260526071109,naver_news,사과,canonical,1.0,2026-05-26T11:50:13.707259+00:00,0,0,0,0,,"핵심요약 민주당 측, 명확한 해명과 <b>사과</b> 촉구 김홍규 &quot;황당한 정치공세&quot; 법적 대응 검토 6·3 지방선거가 8일... 해명과 <b>사과</b> 등을 요구했다. 앞서 민주당 강릉시의원들도 지난 25일 성명을 통해 &quot;강릉판 관권·감금 선거 의혹... ","{""title"": ""김중남 강릉시장 후보 선대위, '체육회 선거 개입 의혹' 국수본에 고발"", ""originallink"": ""https://www.nocutnews.co.kr/news/6523066?utm_source=naver&utm_medium=article&utm_campaign=20260526071109"", ""link"": ""https://n.news.naver.com/mnews/article/079/0004150957?sid=102"", ""description"": ""핵심요약 민주당 측, 명확한 해명과 <b>사과</b> 촉구 김홍규 &quot;황당한 정치공세&quot; 법적 대응 검토 6·3 지방선거가 8일... 해명과 <b>사과</b> 등을 요구했다. 앞서 민주당 강릉시의원들도 지난 25일 성명을 통해 &quot;강릉판 관권·감금 선거 의혹... "", ""pubDate"": ""Tue, 26 May 2026 19:12:00 +0900""}",,
사과,single_term_fallback,사과,"정용진 &quot;사죄, 모두 제 책임&quot;…&quot;광주 방문 적정 시점 고민&quot;",https://n.news.naver.com/mnews/article/437/0000493008?sid=101,"Tue, 26 May 2026 19:12:00 +0900",정용진 신세계그룹 회장이 스타벅스 사태 8일만에 공개석상에 나와 고개를 3번 숙이며 대국민 <b>사과</b>를... 정 회장이 스타벅스의 '5·18 탱크데이' 사태에 대해 공식석상에서 처음으로 <b>사과</b>했습니다. 사태 다음날 서면 <b>사과</b>문을... ,https://news.jtbc.co.kr/article/NB12299935?influxDiv=NAVER,naver_news,사과,canonical,1.0,2026-05-26T11:50:13.707259+00:00,0,0,0,0,,정용진 신세계그룹 회장이 스타벅스 사태 8일만에 공개석상에 나와 고개를 3번 숙이며 대국민 <b>사과</b>를... 정 회장이 스타벅스의 '5·18 탱크데이' 사태에 대해 공식석상에서 처음으로 <b>사과</b>했습니다. 사태 다음날 서면 <b>사과</b>문을... ,"{""title"": ""정용진 &quot;사죄, 모두 제 책임&quot;…&quot;광주 방문 적정 시점 고민&quot;"", ""originallink"": ""https://news.jtbc.co.kr/article/NB12299935?influxDiv=NAVER"", ""link"": ""https://n.news.naver.com/mnews/article/437/0000493008?sid=101"", ""description"": ""정용진 신세계그룹 회장이 스타벅스 사태 8일만에 공개석상에 나와 고개를 3번 숙이며 대국민 <b>사과</b>를... 정 회장이 스타벅스의 '5·18 탱크데이' 사태에 대해 공식석상에서 처음으로 <b>사과</b>했습니다. 사태 다음날 서면 <b>사과</b>문을... "", ""pubDate"": ""Tue, 26 May 2026 19:12:00 +0900""}",,
사과,single_term_fallback,사과,"정원오-오세훈, 선거운동 중단하고 서소문행",https://n.news.naver.com/mnews/article/449/0000346623?sid=100,"Tue, 26 May 2026 19:10:00 +0900",박강수 국민의힘 마포구청장 후보는 &quot;마포는 4년간 큰 안전사고가 없어 자랑스럽다&quot;고 말했다가 적절치 못했다며 <b>사과</b>했습니다. 채널A 뉴스 백승연입니다. 영상취재: 이성훈 영상편집: 강민,https://www.ichannela.com/news/main/news_detailPage.do?publishId=000000531103,naver_news,사과,canonical,1.0,2026-05-26T11:50:13.707259+00:00,0,0,0,0,,박강수 국민의힘 마포구청장 후보는 &quot;마포는 4년간 큰 안전사고가 없어 자랑스럽다&quot;고 말했다가 적절치 못했다며 <b>사과</b>했습니다. 채널A 뉴스 백승연입니다. 영상취재: 이성훈 영상편집: 강민,"{""title"": ""정원오-오세훈, 선거운동 중단하고 서소문행"", ""originallink"": ""https://www.ichannela.com/news/main/news_detailPage.do?publishId=000000531103"", ""link"": ""https://n.news.naver.com/mnews/article/449/0000346623?sid=100"", ""description"": ""박강수 국민의힘 마포구청장 후보는 &quot;마포는 4년간 큰 안전사고가 없어 자랑스럽다&quot;고 말했다가 적절치 못했다며 <b>사과</b>했습니다. 채널A 뉴스 백승연입니다. 영상취재: 이성훈 영상편집: 강민"", ""pubDate"": ""Tue, 26 May 2026 19:10:00 +0900""}",,
사과,single_term_fallback,사과,‘21세기 대군부인’ 폐기가 정답? [미디어 전망대],https://n.news.naver.com/mnews/article/028/0002806813?sid=102,"Tue, 26 May 2026 19:10:00 +0900","제작진의 <b>사과</b>와 문제 장면의 묵음 처리, 자막 삭제 같은 사후약방문식 땜질로 본질을 덮을 수 없다. 케이(K)-콘텐츠의 장면 하나하나가 글로벌 플랫폼을 타고 세계인의 일상과 무의식에 스며드는 지금, 우리의 문화적... ",https://www.hani.co.kr/arti/society/media/1260512.html,naver_news,사과,canonical,1.0,2026-05-26T11:50:13.707259+00:00,0,0,0,0,,"제작진의 <b>사과</b>와 문제 장면의 묵음 처리, 자막 삭제 같은 사후약방문식 땜질로 본질을 덮을 수 없다. 케이(K)-콘텐츠의 장면 하나하나가 글로벌 플랫폼을 타고 세계인의 일상과 무의식에 스며드는 지금, 우리의 문화적... ","{""title"": ""‘21세기 대군부인’ 폐기가 정답? [미디어 전망대]"", ""originallink"": ""https://www.hani.co.kr/arti/society/media/1260512.html"", ""link"": ""https://n.news.naver.com/mnews/article/028/0002806813?sid=102"", ""description"": ""제작진의 <b>사과</b>와 문제 장면의 묵음 처리, 자막 삭제 같은 사후약방문식 땜질로 본질을 덮을 수 없다. 케이(K)-콘텐츠의 장면 하나하나가 글로벌 플랫폼을 타고 세계인의 일상과 무의식에 스며드는 지금, 우리의 문화적... "", ""pubDate"": ""Tue, 26 May 2026 19:10:00 +0900""}",,
사과,single_term_fallback,사과,스벅 논란에 박근혜 효과까지?…대구 민심도 출렁[박지환의 뉴스톡],https://n.news.naver.com/mnews/article/079/0004150954?sid=100,"Tue, 26 May 2026 19:09:00 +0900","국민의힘은 대한민국 민주주의와 공동체를 파괴하는 극우만 바라보고 있습니다.&quot;] 다만 민주당은, 오늘 정용진 신세계그룹 회장의 <b>사과</b>에 대해 처음에는 &quot;진정성이 있다고 본다&quot;며 톤을 살짝 낮췄습니다. 이 논란이 핵심... ",https://www.nocutnews.co.kr/news/6523060?utm_source=naver&utm_medium=article&utm_campaign=20260526070809,naver_news,사과,canonical,1.0,2026-05-26T11:50:13.707259+00:00,0,0,0,0,,"국민의힘은 대한민국 민주주의와 공동체를 파괴하는 극우만 바라보고 있습니다.&quot;] 다만 민주당은, 오늘 정용진 신세계그룹 회장의 <b>사과</b>에 대해 처음에는 &quot;진정성이 있다고 본다&quot;며 톤을 살짝 낮췄습니다. 이 논란이 핵심... ","{""title"": ""스벅 논란에 박근혜 효과까지?…대구 민심도 출렁[박지환의 뉴스톡]"", ""originallink"": ""https://www.nocutnews.co.kr/news/6523060?utm_source=naver&utm_medium=article&utm_campaign=20260526070809"", ""link"": ""https://n.news.naver.com/mnews/article/079/0004150954?sid=100"", ""description"": ""국민의힘은 대한민국 민주주의와 공동체를 파괴하는 극우만 바라보고 있습니다.&quot;] 다만 민주당은, 오늘 정용진 신세계그룹 회장의 <b>사과</b>에 대해 처음에는 &quot;진정성이 있다고 본다&quot;며 톤을 살짝 낮췄습니다. 이 논란이 핵심... "", ""pubDate"": ""Tue, 26 May 2026 19:09:00 +0900""}",,
사과,single_term_fallback,사과,5·18 단체 “그런 <b>사과</b> 필요 없어”…정용진 소환 언제쯤?,https://n.news.naver.com/mnews/article/056/0012188158?sid=102,"Tue, 26 May 2026 19:08:00 +0900","정용진 회장의 공식 <b>사과</b>에도 5·18 단체는 진정성이 없는 <b>사과</b>라며 비판 수위를 높였습니다. 스타벅스의 자체 조사와는 별도로 경찰 수사도 진행되고 있는데요, 주요 수사 대상이 무엇인지 이도윤 기자가 전해드립니다.... ",https://news.kbs.co.kr/news/pc/view/view.do?ncd=8570278&ref=A,naver_news,사과,canonical,1.0,2026-05-26T11:50:13.707259+00:00,0,0,0,0,,"정용진 회장의 공식 <b>사과</b>에도 5·18 단체는 진정성이 없는 <b>사과</b>라며 비판 수위를 높였습니다. 스타벅스의 자체 조사와는 별도로 경찰 수사도 진행되고 있는데요, 주요 수사 대상이 무엇인지 이도윤 기자가 전해드립니다.... ","{""title"": ""5·18 단체 “그런 <b>사과</b> 필요 없어”…정용진 소환 언제쯤?"", ""originallink"": ""https://news.kbs.co.kr/news/pc/view/view.do?ncd=8570278&ref=A"", ""link"": ""https://n.news.naver.com/mnews/article/056/0012188158?sid=102"", ""description"": ""정용진 회장의 공식 <b>사과</b>에도 5·18 단체는 진정성이 없는 <b>사과</b>라며 비판 수위를 높였습니다. 스타벅스의 자체 조사와는 별도로 경찰 수사도 진행되고 있는데요, 주요 수사 대상이 무엇인지 이도윤 기자가 전해드립니다.... "", ""pubDate"": ""Tue, 26 May 2026 19:08:00 +0900""}",,
사과,single_term_fallback,사과,“母 사채업 주장은 허위 사실”…김용남 ‘의혹 제기’ 유튜버 2명 고...,https://n.news.naver.com/mnews/article/016/0002648362?sid=100,"Tue, 26 May 2026 19:07:00 +0900",이 단체 회원들은 이날 시청에서 기자회견을 열고 민주당에 김 후보의 공천 철회 및 공개 <b>사과</b>를 요구했다. 시민단체 관계자들은 “대부업은 서민의 절박함이 몰리는 마지막 벼랑”이라며 “서민 정치를 말하는 후보가... ,https://biz.heraldcorp.com/article/10756469?ref=naver,naver_news,사과,canonical,1.0,2026-05-26T11:50:13.707259+00:00,0,0,0,0,,이 단체 회원들은 이날 시청에서 기자회견을 열고 민주당에 김 후보의 공천 철회 및 공개 <b>사과</b>를 요구했다. 시민단체 관계자들은 “대부업은 서민의 절박함이 몰리는 마지막 벼랑”이라며 “서민 정치를 말하는 후보가... ,"{""title"": ""“母 사채업 주장은 허위 사실”…김용남 ‘의혹 제기’ 유튜버 2명 고..."", ""originallink"": ""https://biz.heraldcorp.com/article/10756469?ref=naver"", ""link"": ""https://n.news.naver.com/mnews/article/016/0002648362?sid=100"", ""description"": ""이 단체 회원들은 이날 시청에서 기자회견을 열고 민주당에 김 후보의 공천 철회 및 공개 <b>사과</b>를 요구했다. 시민단체 관계자들은 “대부업은 서민의 절박함이 몰리는 마지막 벼랑”이라며 “서민 정치를 말하는 후보가... "", ""pubDate"": ""Tue, 26 May 2026 19:07:00 +0900""}",,
사과,single_term_fallback,사과,문구 하나에 브랜드가 '휘청'…&quot;단순 오탈자 검수론 안 된다&quot;,https://n.news.naver.com/mnews/article/015/0005291504?sid=101,"Tue, 26 May 2026 19:06:00 +0900",스타벅스코리아의 '5·18 탱크데이' 논란이 확산하면서 정용진 신세계그룹 회장(사진)이 대국민 <b>사과</b>를 했다.... 정 회장은 26일 기자회견을 열어 스타벅스코리아의 5·18 탱크데이 마케팅에 대해 &quot;제 잘못&quot;이라며 <b>사과</b>했다.... ,https://www.hankyung.com/article/202605269686g,naver_news,사과,canonical,1.0,2026-05-26T11:50:13.707259+00:00,0,0,0,0,,스타벅스코리아의 '5·18 탱크데이' 논란이 확산하면서 정용진 신세계그룹 회장(사진)이 대국민 <b>사과</b>를 했다.... 정 회장은 26일 기자회견을 열어 스타벅스코리아의 5·18 탱크데이 마케팅에 대해 &quot;제 잘못&quot;이라며 <b>사과</b>했다.... ,"{""title"": ""문구 하나에 브랜드가 '휘청'…&quot;단순 오탈자 검수론 안 된다&quot;"", ""originallink"": ""https://www.hankyung.com/article/202605269686g"", ""link"": ""https://n.news.naver.com/mnews/article/015/0005291504?sid=101"", ""description"": ""스타벅스코리아의 '5·18 탱크데이' 논란이 확산하면서 정용진 신세계그룹 회장(사진)이 대국민 <b>사과</b>를 했다.... 정 회장은 26일 기자회견을 열어 스타벅스코리아의 5·18 탱크데이 마케팅에 대해 &quot;제 잘못&quot;이라며 <b>사과</b>했다.... "", ""pubDate"": ""Tue, 26 May 2026 19:06:00 +0900""}",,
사과,single_term_fallback,사과,자연주의 표방 환기미술관 앞 수백년된 은행나무 ‘고사 위기’,https://n.news.naver.com/mnews/article/005/0001851199?sid=102,"Tue, 26 May 2026 19:06:00 +0900",서울환경연합과 주민들은 환기미술관 앞에서 규탄 기자회견을 열고 미술관 측의 <b>사과</b>와 책임 있는 복구 조치를 촉구했다. 은행나무에는 ‘나무에 나쁜 주사 놓지 마세요’ ‘나무야 꼭 살아줘’ 등 주민들과... ,https://www.kmib.co.kr/article/view.asp?arcid=0029876360&code=61122011&cp=nv,naver_news,사과,canonical,1.0,2026-05-26T11:50:13.707259+00:00,0,0,0,0,,서울환경연합과 주민들은 환기미술관 앞에서 규탄 기자회견을 열고 미술관 측의 <b>사과</b>와 책임 있는 복구 조치를 촉구했다. 은행나무에는 ‘나무에 나쁜 주사 놓지 마세요’ ‘나무야 꼭 살아줘’ 등 주민들과... ,"{""title"": ""자연주의 표방 환기미술관 앞 수백년된 은행나무 ‘고사 위기’"", ""originallink"": ""https://www.kmib.co.kr/article/view.asp?arcid=0029876360&code=61122011&cp=nv"", ""link"": ""https://n.news.naver.com/mnews/article/005/0001851199?sid=102"", ""description"": ""서울환경연합과 주민들은 환기미술관 앞에서 규탄 기자회견을 열고 미술관 측의 <b>사과</b>와 책임 있는 복구 조치를 촉구했다. 은행나무에는 ‘나무에 나쁜 주사 놓지 마세요’ ‘나무야 꼭 살아줘’ 등 주민들과... "", ""pubDate"": ""Tue, 26 May 2026 19:06:00 +0900""}",,
사과,single_term_fallback,사과,“정 회장 ‘책임’ 없는 <b>사과</b>”…“진정성 의심”,https://n.news.naver.com/mnews/article/056/0012188154?sid=100,"Tue, 26 May 2026 19:06:00 +0900","강기정 광주시장이 정용진 회장의 <b>사과</b>에 대해 &quot;책임 없는 <b>사과</b>&quot;라고 비판했습니다. 강 시장은 기자 간담회에서 정 회장이 &quot;고의성 여부 등 어떠한 의혹도 밝히지 못했고, 구체적인 책임도 지지 않았다&quot;며 이같이... ",https://news.kbs.co.kr/news/pc/view/view.do?ncd=8570273&ref=A,naver_news,사과,canonical,1.0,2026-05-26T11:50:13.707259+00:00,0,0,0,0,,"강기정 광주시장이 정용진 회장의 <b>사과</b>에 대해 &quot;책임 없는 <b>사과</b>&quot;라고 비판했습니다. 강 시장은 기자 간담회에서 정 회장이 &quot;고의성 여부 등 어떠한 의혹도 밝히지 못했고, 구체적인 책임도 지지 않았다&quot;며 이같이... ","{""title"": ""“정 회장 ‘책임’ 없는 <b>사과</b>”…“진정성 의심”"", ""originallink"": ""https://news.kbs.co.kr/news/pc/view/view.do?ncd=8570273&ref=A"", ""link"": ""https://n.news.naver.com/mnews/article/056/0012188154?sid=100"", ""description"": ""강기정 광주시장이 정용진 회장의 <b>사과</b>에 대해 &quot;책임 없는 <b>사과</b>&quot;라고 비판했습니다. 강 시장은 기자 간담회에서 정 회장이 &quot;고의성 여부 등 어떠한 의혹도 밝히지 못했고, 구체적인 책임도 지지 않았다&quot;며 이같이... "", ""pubDate"": ""Tue, 26 May 2026 19:06:00 +0900""}",,
사과,single_term_fallback,사과,정용진 <b>사과</b>에도 여야 정쟁 전면전 격화,https://www.idaegu.co.kr/news/articleView.html?idxno=549247,"Tue, 26 May 2026 19:04:00 +0900",스타벅스코리아의 '탱크데이' 마케팅 논란을 둘러싼 파문이 정용진 신세계그룹 회장의 대국민 <b>사과</b>에도 불구하고 정치권의 전면전과 법적 공방으로 치닫고 있다. 더불어민주당은 정 회장의 <b>사과</b>에 진정성이 없다며 비판... ,https://www.idaegu.co.kr/news/articleView.html?idxno=549247,naver_news,사과,canonical,1.0,2026-05-26T11:50:13.707259+00:00,0,0,0,0,,스타벅스코리아의 '탱크데이' 마케팅 논란을 둘러싼 파문이 정용진 신세계그룹 회장의 대국민 <b>사과</b>에도 불구하고 정치권의 전면전과 법적 공방으로 치닫고 있다. 더불어민주당은 정 회장의 <b>사과</b>에 진정성이 없다며 비판... ,"{""title"": ""정용진 <b>사과</b>에도 여야 정쟁 전면전 격화"", ""originallink"": ""https://www.idaegu.co.kr/news/articleView.html?idxno=549247"", ""link"": ""https://www.idaegu.co.kr/news/articleView.html?idxno=549247"", ""description"": ""스타벅스코리아의 '탱크데이' 마케팅 논란을 둘러싼 파문이 정용진 신세계그룹 회장의 대국민 <b>사과</b>에도 불구하고 정치권의 전면전과 법적 공방으로 치닫고 있다. 더불어민주당은 정 회장의 <b>사과</b>에 진정성이 없다며 비판... "", ""pubDate"": ""Tue, 26 May 2026 19:04:00 +0900""}",,
사과,single_term_fallback,사과,박형준·추경호·박종진 &quot;기업 탄압 우려&quot;…스타벅스 사태 野 공세 확산,https://www.thepublic.kr/news/articleView.html?idxno=305636,"Tue, 26 May 2026 19:04:00 +0900","정용진 신세계그룹 회장이 26일 대국민 <b>사과</b>에 나섰지만, 부산·대구·인천 등 주요 선거 현장에서는 여야 후보들의 공방이 이어지고 있다. 정 회장의 <b>사과</b> 일정과 신세계그룹 차원의 진상조사 발표 계획은 연합뉴스... ",https://www.thepublic.kr/news/articleView.html?idxno=305636,naver_news,사과,canonical,1.0,2026-05-26T11:50:13.707259+00:00,0,0,0,0,,"정용진 신세계그룹 회장이 26일 대국민 <b>사과</b>에 나섰지만, 부산·대구·인천 등 주요 선거 현장에서는 여야 후보들의 공방이 이어지고 있다. 정 회장의 <b>사과</b> 일정과 신세계그룹 차원의 진상조사 발표 계획은 연합뉴스... ","{""title"": ""박형준·추경호·박종진 &quot;기업 탄압 우려&quot;…스타벅스 사태 野 공세 확산"", ""originallink"": ""https://www.thepublic.kr/news/articleView.html?idxno=305636"", ""link"": ""https://www.thepublic.kr/news/articleView.html?idxno=305636"", ""description"": ""정용진 신세계그룹 회장이 26일 대국민 <b>사과</b>에 나섰지만, 부산·대구·인천 등 주요 선거 현장에서는 여야 후보들의 공방이 이어지고 있다. 정 회장의 <b>사과</b> 일정과 신세계그룹 차원의 진상조사 발표 계획은 연합뉴스... "", ""pubDate"": ""Tue, 26 May 2026 19:04:00 +0900""}",,
사과,single_term_fallback,사과,아이돌 어린시절이 피해자로 둔갑…'히든아이' <b>사과</b> &quot;검수 철저히 하겠...,https://m.entertain.naver.com/article/477/0000610580,"Tue, 26 May 2026 19:04:00 +0900",이에 '히든아이' 측은 &quot;현진과 팬분들에게 심려를 끼쳐드린 점 진심으로 <b>사과</b>드린다. 또한 시청자 여러분께도 혼란을 드린 점 깊이 <b>사과</b>드린다&quot;라며 &quot;앞으로는 자료 확인 및 검수 절차를 더욱 철저히 해 이와 같은 일이... ,https://www.spotvnews.co.kr/news/articleView.html?idxno=819050,naver_news,사과,canonical,1.0,2026-05-26T11:50:13.707259+00:00,0,0,0,0,,이에 '히든아이' 측은 &quot;현진과 팬분들에게 심려를 끼쳐드린 점 진심으로 <b>사과</b>드린다. 또한 시청자 여러분께도 혼란을 드린 점 깊이 <b>사과</b>드린다&quot;라며 &quot;앞으로는 자료 확인 및 검수 절차를 더욱 철저히 해 이와 같은 일이... ,"{""title"": ""아이돌 어린시절이 피해자로 둔갑…'히든아이' <b>사과</b> &quot;검수 철저히 하겠..."", ""originallink"": ""https://www.spotvnews.co.kr/news/articleView.html?idxno=819050"", ""link"": ""https://m.entertain.naver.com/article/477/0000610580"", ""description"": ""이에 '히든아이' 측은 &quot;현진과 팬분들에게 심려를 끼쳐드린 점 진심으로 <b>사과</b>드린다. 또한 시청자 여러분께도 혼란을 드린 점 깊이 <b>사과</b>드린다&quot;라며 &quot;앞으로는 자료 확인 및 검수 절차를 더욱 철저히 해 이와 같은 일이... "", ""pubDate"": ""Tue, 26 May 2026 19:04:00 +0900""}",,
사과,single_term_fallback,사과,"“모든 책임은 저에게 있어”…정용진, ‘탱크 데이’ 공개 <b>사과</b>",https://n.news.naver.com/mnews/article/056/0012188156?sid=101,"Tue, 26 May 2026 19:04:00 +0900","스타벅스 '탱크 데이 논란'과 관련해 정용진 신세계그룹 회장이 공개 <b>사과</b>했습니다. 5·18 민주화운동... [리포트] 기자회견장에 모습을 드러낸 정용진 신세계그룹 회장, 고개를 숙인 뒤 준비된 <b>사과</b>문을 읽어 내려갔습니다.... ",https://news.kbs.co.kr/news/pc/view/view.do?ncd=8570268&ref=A,naver_news,사과,canonical,1.0,2026-05-26T11:50:13.707259+00:00,0,0,0,0,,"스타벅스 '탱크 데이 논란'과 관련해 정용진 신세계그룹 회장이 공개 <b>사과</b>했습니다. 5·18 민주화운동... [리포트] 기자회견장에 모습을 드러낸 정용진 신세계그룹 회장, 고개를 숙인 뒤 준비된 <b>사과</b>문을 읽어 내려갔습니다.... ","{""title"": ""“모든 책임은 저에게 있어”…정용진, ‘탱크 데이’ 공개 <b>사과</b>"", ""originallink"": ""https://news.kbs.co.kr/news/pc/view/view.do?ncd=8570268&ref=A"", ""link"": ""https://n.news.naver.com/mnews/article/056/0012188156?sid=101"", ""description"": ""스타벅스 '탱크 데이 논란'과 관련해 정용진 신세계그룹 회장이 공개 <b>사과</b>했습니다. 5·18 민주화운동... [리포트] 기자회견장에 모습을 드러낸 정용진 신세계그룹 회장, 고개를 숙인 뒤 준비된 <b>사과</b>문을 읽어 내려갔습니다.... "", ""pubDate"": ""Tue, 26 May 2026 19:04:00 +0900""}",,
사과,single_term_fallback,사과,"“이 음식, 자유롭게 드세요”…혈당 잡고 살 빼는 식습관은?",https://n.news.naver.com/mnews/article/296/0000100896?sid=103,"Tue, 26 May 2026 19:02:00 +0900","<b>사과</b>, 귤, 오렌지, 바나나, 배, 수박, 참외 등을 너무 많이 먹으면 안 된다. 과식하면 혈당이 오르고 살이 찔 수 있다. 잡곡밥도 탄수화물이다. 혈당이 천천히 오를 뿐 과식하면 혈당-비만 관리에 좋지 않다. 탄수화물 음식인... ",https://kormedi.com/?p=2819227,naver_news,사과,canonical,1.0,2026-05-26T11:50:13.707259+00:00,0,0,0,0,,"<b>사과</b>, 귤, 오렌지, 바나나, 배, 수박, 참외 등을 너무 많이 먹으면 안 된다. 과식하면 혈당이 오르고 살이 찔 수 있다. 잡곡밥도 탄수화물이다. 혈당이 천천히 오를 뿐 과식하면 혈당-비만 관리에 좋지 않다. 탄수화물 음식인... ","{""title"": ""“이 음식, 자유롭게 드세요”…혈당 잡고 살 빼는 식습관은?"", ""originallink"": ""https://kormedi.com/?p=2819227"", ""link"": ""https://n.news.naver.com/mnews/article/296/0000100896?sid=103"", ""description"": ""<b>사과</b>, 귤, 오렌지, 바나나, 배, 수박, 참외 등을 너무 많이 먹으면 안 된다. 과식하면 혈당이 오르고 살이 찔 수 있다. 잡곡밥도 탄수화물이다. 혈당이 천천히 오를 뿐 과식하면 혈당-비만 관리에 좋지 않다. 탄수화물 음식인... "", ""pubDate"": ""Tue, 26 May 2026 19:02:00 +0900""}",,
사과,single_term_fallback,사과,후보 검증 명분? 인천 선거판 비방전,https://www.kihoilbo.co.kr/news/articleView.html?idxno=3024069,"Tue, 26 May 2026 19:02:00 +0900",김나영 대표는 &quot;이번 지방선거에 출마한 후보 가운데 음주운전 전력이 있다면 여야를 막론하고 자격 문제를 인정하고 구민들에게 <b>사과</b>해야 한다&quot;며 &quot;음주운전으로부터 아이들을 지키는 것은 어른들의 가장 기본적인 책임... ,https://www.kihoilbo.co.kr/news/articleView.html?idxno=3024069,naver_news,사과,canonical,1.0,2026-05-26T11:50:13.707259+00:00,0,0,0,0,,김나영 대표는 &quot;이번 지방선거에 출마한 후보 가운데 음주운전 전력이 있다면 여야를 막론하고 자격 문제를 인정하고 구민들에게 <b>사과</b>해야 한다&quot;며 &quot;음주운전으로부터 아이들을 지키는 것은 어른들의 가장 기본적인 책임... ,"{""title"": ""후보 검증 명분? 인천 선거판 비방전"", ""originallink"": ""https://www.kihoilbo.co.kr/news/articleView.html?idxno=3024069"", ""link"": ""https://www.kihoilbo.co.kr/news/articleView.html?idxno=3024069"", ""description"": ""김나영 대표는 &quot;이번 지방선거에 출마한 후보 가운데 음주운전 전력이 있다면 여야를 막론하고 자격 문제를 인정하고 구민들에게 <b>사과</b>해야 한다&quot;며 &quot;음주운전으로부터 아이들을 지키는 것은 어른들의 가장 기본적인 책임... "", ""pubDate"": ""Tue, 26 May 2026 19:02:00 +0900""}",,
사과,single_term_fallback,사과,"“진정성도, 알맹이도 없다”…화만 키운 정용진의 <b>사과</b>",http://www.jndn.com/article.php?aid=1779789499433198003,"Tue, 26 May 2026 19:02:00 +0900",제 잘못”이라고 <b>사과</b>했다. 정 회장은 이어 “저를 포함한 신세계그룹 구성원 모두 우리 사회의 역사와... 정 회장은 이날 오전 9시부터 약 5분간 준비된 <b>사과</b>문을 낭독하면서 세 차례 허리를 숙여 <b>사과</b>의 뜻을 나타냈지만... ,http://www.jndn.com/article.php?aid=1779789499433198003,naver_news,사과,canonical,1.0,2026-05-26T11:50:13.707259+00:00,0,0,0,0,,제 잘못”이라고 <b>사과</b>했다. 정 회장은 이어 “저를 포함한 신세계그룹 구성원 모두 우리 사회의 역사와... 정 회장은 이날 오전 9시부터 약 5분간 준비된 <b>사과</b>문을 낭독하면서 세 차례 허리를 숙여 <b>사과</b>의 뜻을 나타냈지만... ,"{""title"": ""“진정성도, 알맹이도 없다”…화만 키운 정용진의 <b>사과</b>"", ""originallink"": ""http://www.jndn.com/article.php?aid=1779789499433198003"", ""link"": ""http://www.jndn.com/article.php?aid=1779789499433198003"", ""description"": ""제 잘못”이라고 <b>사과</b>했다. 정 회장은 이어 “저를 포함한 신세계그룹 구성원 모두 우리 사회의 역사와... 정 회장은 이날 오전 9시부터 약 5분간 준비된 <b>사과</b>문을 낭독하면서 세 차례 허리를 숙여 <b>사과</b>의 뜻을 나타냈지만... "", ""pubDate"": ""Tue, 26 May 2026 19:02:00 +0900""}",,
사과,single_term_fallback,사과,"'탱크데이' 세 번 고개 숙인 정용진 회장, 대책·자성 빠진 '맹탕 <b>사과</b>'...",https://n.news.naver.com/mnews/article/469/0000932793?sid=101,"Tue, 26 May 2026 19:01:00 +0900",정용진 신세계그룹 회장이 스타벅스코리아 '5·18 탱크데이' 논란에 대해 26일 대국민 <b>사과</b>하며 세 차례 허리를... 전무해 '맹탕 <b>사과</b>'라는 비판도 적지 않다. 정 회장은 이날 오전 서울 강남구 조선팰리스에서 기자회견을... ,https://www.hankookilbo.com/news/article/A2026052614020003970?did=NA,naver_news,사과,canonical,1.0,2026-05-26T11:50:13.707259+00:00,0,0,0,0,,정용진 신세계그룹 회장이 스타벅스코리아 '5·18 탱크데이' 논란에 대해 26일 대국민 <b>사과</b>하며 세 차례 허리를... 전무해 '맹탕 <b>사과</b>'라는 비판도 적지 않다. 정 회장은 이날 오전 서울 강남구 조선팰리스에서 기자회견을... ,"{""title"": ""'탱크데이' 세 번 고개 숙인 정용진 회장, 대책·자성 빠진 '맹탕 <b>사과</b>'..."", ""originallink"": ""https://www.hankookilbo.com/news/article/A2026052614020003970?did=NA"", ""link"": ""https://n.news.naver.com/mnews/article/469/0000932793?sid=101"", ""description"": ""정용진 신세계그룹 회장이 스타벅스코리아 '5·18 탱크데이' 논란에 대해 26일 대국민 <b>사과</b>하며 세 차례 허리를... 전무해 '맹탕 <b>사과</b>'라는 비판도 적지 않다. 정 회장은 이날 오전 서울 강남구 조선팰리스에서 기자회견을... "", ""pubDate"": ""Tue, 26 May 2026 19:01:00 +0900""}",,
사과,single_term_fallback,사과,정용진 “제 잘못” <b>사과</b>에도 불매 확산,https://n.news.naver.com/mnews/article/005/0001851194?sid=101,"Tue, 26 May 2026 19:01:00 +0900",정용진 신세계그룹 회장이 26일 스타벅스코리아의 ‘탱크데이’ 마케팅 논란에 대해 직접 대국민 <b>사과</b>에 나섰다. 그러나 경위와 책임 소재가 끝내 규명되지 않은 채 내놓은 <b>사과</b>인 데다 구체적인 재발방지 대책도 담기지... ,https://www.kmib.co.kr/article/view.asp?arcid=1779783290&code=11151100&cp=nv,naver_news,사과,canonical,1.0,2026-05-26T11:50:13.707259+00:00,0,0,0,0,,정용진 신세계그룹 회장이 26일 스타벅스코리아의 ‘탱크데이’ 마케팅 논란에 대해 직접 대국민 <b>사과</b>에 나섰다. 그러나 경위와 책임 소재가 끝내 규명되지 않은 채 내놓은 <b>사과</b>인 데다 구체적인 재발방지 대책도 담기지... ,"{""title"": ""정용진 “제 잘못” <b>사과</b>에도 불매 확산"", ""originallink"": ""https://www.kmib.co.kr/article/view.asp?arcid=1779783290&code=11151100&cp=nv"", ""link"": ""https://n.news.naver.com/mnews/article/005/0001851194?sid=101"", ""description"": ""정용진 신세계그룹 회장이 26일 스타벅스코리아의 ‘탱크데이’ 마케팅 논란에 대해 직접 대국민 <b>사과</b>에 나섰다. 그러나 경위와 책임 소재가 끝내 규명되지 않은 채 내놓은 <b>사과</b>인 데다 구체적인 재발방지 대책도 담기지... "", ""pubDate"": ""Tue, 26 May 2026 19:01:00 +0900""}",,
사과,single_term_fallback,사과,200살 은행나무는 왜 독살당했나,https://n.news.naver.com/mnews/article/022/0004130835?sid=102,"Tue, 26 May 2026 19:01:00 +0900","접촉 등을 시도했으나 제거에 실패했고 세 번째 방법으로 제초제를 택했다. 주민들은 환기미술관과 종로구에 은행나무 복원 및 치료, 공식 <b>사과</b> 및 복원 비용 부담, 종로구 보호수로 지정해 보존 등을 요구하고 있다.",https://www.segye.com/newsView/20260526513851?OutUrl=naver,naver_news,사과,canonical,1.0,2026-05-26T11:50:13.707259+00:00,0,0,0,0,,"접촉 등을 시도했으나 제거에 실패했고 세 번째 방법으로 제초제를 택했다. 주민들은 환기미술관과 종로구에 은행나무 복원 및 치료, 공식 <b>사과</b> 및 복원 비용 부담, 종로구 보호수로 지정해 보존 등을 요구하고 있다.","{""title"": ""200살 은행나무는 왜 독살당했나"", ""originallink"": ""https://www.segye.com/newsView/20260526513851?OutUrl=naver"", ""link"": ""https://n.news.naver.com/mnews/article/022/0004130835?sid=102"", ""description"": ""접촉 등을 시도했으나 제거에 실패했고 세 번째 방법으로 제초제를 택했다. 주민들은 환기미술관과 종로구에 은행나무 복원 및 치료, 공식 <b>사과</b> 및 복원 비용 부담, 종로구 보호수로 지정해 보존 등을 요구하고 있다."", ""pubDate"": ""Tue, 26 May 2026 19:01:00 +0900""}",,
사과,single_term_fallback,사과,"민주당 &quot;정용진, 가식적 <b>사과</b> 의심…맨입 <b>사과</b>로 끝날 일 아냐&quot;",https://n.news.naver.com/mnews/article/002/0002442837?sid=100,"Tue, 26 May 2026 19:01:00 +0900","與, '진정성→가식적' 입장 선회…김부겸은 다른 목소리 &quot;이제 그치자&quot; 정청래 더불어민주당 대표가 스타벅스코리아 5.18 폄훼 논란에 대한 정용진 신세계그룹 회장의 <b>사과</b> 기자회견을 두고 &quot;가식적 <b>사과</b>가 아닌가 하는... ",https://www.pressian.com/pages/articles/2026052617100871414?utm_source=naver&utm_medium=search,naver_news,사과,canonical,1.0,2026-05-26T11:50:13.707259+00:00,0,0,0,0,,"與, '진정성→가식적' 입장 선회…김부겸은 다른 목소리 &quot;이제 그치자&quot; 정청래 더불어민주당 대표가 스타벅스코리아 5.18 폄훼 논란에 대한 정용진 신세계그룹 회장의 <b>사과</b> 기자회견을 두고 &quot;가식적 <b>사과</b>가 아닌가 하는... ","{""title"": ""민주당 &quot;정용진, 가식적 <b>사과</b> 의심…맨입 <b>사과</b>로 끝날 일 아냐&quot;"", ""originallink"": ""https://www.pressian.com/pages/articles/2026052617100871414?utm_source=naver&utm_medium=search"", ""link"": ""https://n.news.naver.com/mnews/article/002/0002442837?sid=100"", ""description"": ""與, '진정성→가식적' 입장 선회…김부겸은 다른 목소리 &quot;이제 그치자&quot; 정청래 더불어민주당 대표가 스타벅스코리아 5.18 폄훼 논란에 대한 정용진 신세계그룹 회장의 <b>사과</b> 기자회견을 두고 &quot;가식적 <b>사과</b>가 아닌가 하는... "", ""pubDate"": ""Tue, 26 May 2026 19:01:00 +0900""}",,
사과,single_term_fallback,사과,<b>사과</b> 진정성 있었나…오월 단체 “책임없는 <b>사과</b>” 비판,https://n.news.naver.com/mnews/article/056/0012188153?sid=102,"Tue, 26 May 2026 19:01:00 +0900",[앵커] 불매운동으로까지 번진 스타벅스 코리아의 '탱크데이' 행사 논란 후 일주일 만에 정용진 신세계 그룹회장이 공식적으로 <b>사과</b>했습니다. 하지만 오월 단체와 광주 지역사회는 진정성이 없는 <b>사과</b>라고 비판의 수위를... ,https://news.kbs.co.kr/news/pc/view/view.do?ncd=8570261&ref=A,naver_news,사과,canonical,1.0,2026-05-26T11:50:13.707259+00:00,0,0,0,0,,[앵커] 불매운동으로까지 번진 스타벅스 코리아의 '탱크데이' 행사 논란 후 일주일 만에 정용진 신세계 그룹회장이 공식적으로 <b>사과</b>했습니다. 하지만 오월 단체와 광주 지역사회는 진정성이 없는 <b>사과</b>라고 비판의 수위를... ,"{""title"": ""<b>사과</b> 진정성 있었나…오월 단체 “책임없는 <b>사과</b>” 비판"", ""originallink"": ""https://news.kbs.co.kr/news/pc/view/view.do?ncd=8570261&ref=A"", ""link"": ""https://n.news.naver.com/mnews/article/056/0012188153?sid=102"", ""description"": ""[앵커] 불매운동으로까지 번진 스타벅스 코리아의 '탱크데이' 행사 논란 후 일주일 만에 정용진 신세계 그룹회장이 공식적으로 <b>사과</b>했습니다. 하지만 오월 단체와 광주 지역사회는 진정성이 없는 <b>사과</b>라고 비판의 수위를... "", ""pubDate"": ""Tue, 26 May 2026 19:01:00 +0900""}",,
사과,single_term_fallback,사과,정용진 “진심으로 머리 숙여 사죄…용서 구한다”,https://n.news.naver.com/mnews/article/449/0000346610?sid=115,"Tue, 26 May 2026 19:01:00 +0900","&quot;변명 않겠다&quot;…세 번 허리 숙여 <b>사과</b>한 정용진 정용진 &quot;이번 일에 대한 모든 책임, 저에게 있다&quot; 정용진 &quot;현장 직원들 따뜻한 시선으로 봐주길 부탁",https://www.ichannela.com/news/main/news_detailPage.do?publishId=000000531082,naver_news,사과,canonical,1.0,2026-05-26T11:50:13.707259+00:00,0,0,0,0,,"&quot;변명 않겠다&quot;…세 번 허리 숙여 <b>사과</b>한 정용진 정용진 &quot;이번 일에 대한 모든 책임, 저에게 있다&quot; 정용진 &quot;현장 직원들 따뜻한 시선으로 봐주길 부탁","{""title"": ""정용진 “진심으로 머리 숙여 사죄…용서 구한다”"", ""originallink"": ""https://www.ichannela.com/news/main/news_detailPage.do?publishId=000000531082"", ""link"": ""https://n.news.naver.com/mnews/article/449/0000346610?sid=115"", ""description"": ""&quot;변명 않겠다&quot;…세 번 허리 숙여 <b>사과</b>한 정용진 정용진 &quot;이번 일에 대한 모든 책임, 저에게 있다&quot; 정용진 &quot;현장 직원들 따뜻한 시선으로 봐주길 부탁"", ""pubDate"": ""Tue, 26 May 2026 19:01:00 +0900""}",,
사과,single_term_fallback,사과,서소문 붕괴사고 직후…국민의힘 마포구청장 &quot;우리는 큰 사고 없어 자랑...,https://n.news.naver.com/mnews/article/002/0002442836?sid=100,"Tue, 26 May 2026 19:00:00 +0900",박 후보는 자신의 발언이 논란이 되자 SNS에 <b>사과</b>문을 올렸다. 박 후보는 &quot;유세 현장에서 서대문구 사고... 고개숙여 <b>사과</b>드린다&quot;고 밝혔다. 박 후보 지원유세에 나선 장동혁 대표의 발언도 문제적이었다. 유세 차량에 오른... ,https://www.pressian.com/pages/articles/2026052617422001998?utm_source=naver&utm_medium=search,naver_news,사과,canonical,1.0,2026-05-26T11:50:13.707259+00:00,0,0,0,0,,박 후보는 자신의 발언이 논란이 되자 SNS에 <b>사과</b>문을 올렸다. 박 후보는 &quot;유세 현장에서 서대문구 사고... 고개숙여 <b>사과</b>드린다&quot;고 밝혔다. 박 후보 지원유세에 나선 장동혁 대표의 발언도 문제적이었다. 유세 차량에 오른... ,"{""title"": ""서소문 붕괴사고 직후…국민의힘 마포구청장 &quot;우리는 큰 사고 없어 자랑..."", ""originallink"": ""https://www.pressian.com/pages/articles/2026052617422001998?utm_source=naver&utm_medium=search"", ""link"": ""https://n.news.naver.com/mnews/article/002/0002442836?sid=100"", ""description"": ""박 후보는 자신의 발언이 논란이 되자 SNS에 <b>사과</b>문을 올렸다. 박 후보는 &quot;유세 현장에서 서대문구 사고... 고개숙여 <b>사과</b>드린다&quot;고 밝혔다. 박 후보 지원유세에 나선 장동혁 대표의 발언도 문제적이었다. 유세 차량에 오른... "", ""pubDate"": ""Tue, 26 May 2026 19:00:00 +0900""}",,
사과,single_term_fallback,사과,"'김두겸 사조직 논란' 금섬회, 4년간 울산시 수의계약 급증 확인",https://n.news.naver.com/mnews/article/607/0000003337?sid=102,"Tue, 26 May 2026 19:00:00 +0900","김 후보는 폭행 사건 닷새가 지나도록 <b>사과</b>하지 않고 있다. 오히려 유권자를 대신해 질문을 던진 기자들에게 법적 대응을 예고했다. <b>사과</b>를 하든, 법적 대응을 하든 김 후보가 먼저 해야 할 일이 있다. 선거일 전까지라도... ",https://newstapa.org/article/bFtb1,naver_news,사과,canonical,1.0,2026-05-26T11:50:13.707259+00:00,0,0,0,0,,"김 후보는 폭행 사건 닷새가 지나도록 <b>사과</b>하지 않고 있다. 오히려 유권자를 대신해 질문을 던진 기자들에게 법적 대응을 예고했다. <b>사과</b>를 하든, 법적 대응을 하든 김 후보가 먼저 해야 할 일이 있다. 선거일 전까지라도... ","{""title"": ""'김두겸 사조직 논란' 금섬회, 4년간 울산시 수의계약 급증 확인"", ""originallink"": ""https://newstapa.org/article/bFtb1"", ""link"": ""https://n.news.naver.com/mnews/article/607/0000003337?sid=102"", ""description"": ""김 후보는 폭행 사건 닷새가 지나도록 <b>사과</b>하지 않고 있다. 오히려 유권자를 대신해 질문을 던진 기자들에게 법적 대응을 예고했다. <b>사과</b>를 하든, 법적 대응을 하든 김 후보가 먼저 해야 할 일이 있다. 선거일 전까지라도... "", ""pubDate"": ""Tue, 26 May 2026 19:00:00 +0900""}",,
사과,single_term_fallback,사과,추미애 &quot;'추다르크'에 담긴 뜻 무거워... 물러서지 않는 경기지사 될 것...,https://n.news.naver.com/mnews/article/469/0000932790?sid=162,"Tue, 26 May 2026 19:00:00 +0900",내란과 헌정질서 파괴에 대한 <b>사과</b>와 반성이다. 민주주의 기본을 훼손한 세력과 아무 일 없었다는 듯이 자리 나누기식 협치를 논하는 건 바람직하지 않다.&quot; &quot;조작기소 특검은 사법 정의의 문제&quot; -윤석열 정권 조작기소 특검... ,https://www.hankookilbo.com/news/article/A2026052610270004070?did=NA,naver_news,사과,canonical,1.0,2026-05-26T11:50:13.707259+00:00,0,0,0,0,,내란과 헌정질서 파괴에 대한 <b>사과</b>와 반성이다. 민주주의 기본을 훼손한 세력과 아무 일 없었다는 듯이 자리 나누기식 협치를 논하는 건 바람직하지 않다.&quot; &quot;조작기소 특검은 사법 정의의 문제&quot; -윤석열 정권 조작기소 특검... ,"{""title"": ""추미애 &quot;'추다르크'에 담긴 뜻 무거워... 물러서지 않는 경기지사 될 것..."", ""originallink"": ""https://www.hankookilbo.com/news/article/A2026052610270004070?did=NA"", ""link"": ""https://n.news.naver.com/mnews/article/469/0000932790?sid=162"", ""description"": ""내란과 헌정질서 파괴에 대한 <b>사과</b>와 반성이다. 민주주의 기본을 훼손한 세력과 아무 일 없었다는 듯이 자리 나누기식 협치를 논하는 건 바람직하지 않다.&quot; &quot;조작기소 특검은 사법 정의의 문제&quot; -윤석열 정권 조작기소 특검... "", ""pubDate"": ""Tue, 26 May 2026 19:00:00 +0900""}",,
사과,single_term_fallback,사과,"'21세기 대군부인' 5만명 청원, 국회까지 간다 [이슈&amp;톡]",https://m.entertain.naver.com/article/440/0000031437,"Tue, 26 May 2026 18:59:00 +0900","이후 아이유와 변우석, 박준화 감독, 유지원 작가 등 배우와 제작진은 잇따라 <b>사과</b> 입장을 밝혔다. 박 감독은 인터뷰를 통해 &quot;제작진을 대표해 책임을 통감한다&quot;라고 고개를 숙였고, 유지원 작가 역시 공식 홈페이지를... ",http://www.tvdaily.co.kr/read.php3?aid=17797884341787809002,naver_news,사과,canonical,1.0,2026-05-26T11:50:13.707259+00:00,0,0,0,0,,"이후 아이유와 변우석, 박준화 감독, 유지원 작가 등 배우와 제작진은 잇따라 <b>사과</b> 입장을 밝혔다. 박 감독은 인터뷰를 통해 &quot;제작진을 대표해 책임을 통감한다&quot;라고 고개를 숙였고, 유지원 작가 역시 공식 홈페이지를... ","{""title"": ""'21세기 대군부인' 5만명 청원, 국회까지 간다 [이슈&amp;톡]"", ""originallink"": ""http://www.tvdaily.co.kr/read.php3?aid=17797884341787809002"", ""link"": ""https://m.entertain.naver.com/article/440/0000031437"", ""description"": ""이후 아이유와 변우석, 박준화 감독, 유지원 작가 등 배우와 제작진은 잇따라 <b>사과</b> 입장을 밝혔다. 박 감독은 인터뷰를 통해 &quot;제작진을 대표해 책임을 통감한다&quot;라고 고개를 숙였고, 유지원 작가 역시 공식 홈페이지를... "", ""pubDate"": ""Tue, 26 May 2026 18:59:00 +0900""}",,
사과,single_term_fallback,사과,"대구 후보들, 정용진 스벅 <b>사과</b>에…김부겸 &quot;與 이제 그만&quot; 추경호 &quot;마녀...",https://n.news.naver.com/mnews/article/586/0000129982?sid=100,"Tue, 26 May 2026 18:59:00 +0900",기업의 <b>사과</b>마저 조롱…증오를 지지층 결집 수단으로 삼아&quot; 정용진 신세계그룹 회장이 26일 스타벅스의 '탱크데이' 마케팅 논란 관련 대국민<b>사과</b>를 한 가운데 여야 대구시장 후보들이 일제히 정부를 향한 불만을 표출했다.... ,https://www.sisajournal.com/news/articleView.html?idxno=374220,naver_news,사과,canonical,1.0,2026-05-26T11:50:13.707259+00:00,0,0,0,0,,기업의 <b>사과</b>마저 조롱…증오를 지지층 결집 수단으로 삼아&quot; 정용진 신세계그룹 회장이 26일 스타벅스의 '탱크데이' 마케팅 논란 관련 대국민<b>사과</b>를 한 가운데 여야 대구시장 후보들이 일제히 정부를 향한 불만을 표출했다.... ,"{""title"": ""대구 후보들, 정용진 스벅 <b>사과</b>에…김부겸 &quot;與 이제 그만&quot; 추경호 &quot;마녀..."", ""originallink"": ""https://www.sisajournal.com/news/articleView.html?idxno=374220"", ""link"": ""https://n.news.naver.com/mnews/article/586/0000129982?sid=100"", ""description"": ""기업의 <b>사과</b>마저 조롱…증오를 지지층 결집 수단으로 삼아&quot; 정용진 신세계그룹 회장이 26일 스타벅스의 '탱크데이' 마케팅 논란 관련 대국민<b>사과</b>를 한 가운데 여야 대구시장 후보들이 일제히 정부를 향한 불만을 표출했다.... "", ""pubDate"": ""Tue, 26 May 2026 18:59:00 +0900""}",,
사과,single_term_fallback,사과,"충남세종농협, 예산 <b>사과</b>농가 찾아 농촌일손돕기 실시",https://www.ccdn.co.kr/news/articleView.html?idxno=1080082,"Tue, 26 May 2026 18:57:00 +0900","농협충남세종본부(본부장 정해웅)는 NH농협은행 충남본부(본부장 오주현), 삽교농협(조합장 김종래), 농협예산군지부(지부장 박철우), 충남개발공사(사장 김병근)와 함께 예산군 관내 <b>사과</b> 농가를 찾아'국민과 같이(價値)... ",https://www.ccdn.co.kr/news/articleView.html?idxno=1080082,naver_news,사과,canonical,1.0,2026-05-26T11:50:13.707259+00:00,0,0,0,0,,"농협충남세종본부(본부장 정해웅)는 NH농협은행 충남본부(본부장 오주현), 삽교농협(조합장 김종래), 농협예산군지부(지부장 박철우), 충남개발공사(사장 김병근)와 함께 예산군 관내 <b>사과</b> 농가를 찾아'국민과 같이(價値)... ","{""title"": ""충남세종농협, 예산 <b>사과</b>농가 찾아 농촌일손돕기 실시"", ""originallink"": ""https://www.ccdn.co.kr/news/articleView.html?idxno=1080082"", ""link"": ""https://www.ccdn.co.kr/news/articleView.html?idxno=1080082"", ""description"": ""농협충남세종본부(본부장 정해웅)는 NH농협은행 충남본부(본부장 오주현), 삽교농협(조합장 김종래), 농협예산군지부(지부장 박철우), 충남개발공사(사장 김병근)와 함께 예산군 관내 <b>사과</b> 농가를 찾아'국민과 같이(價値)... "", ""pubDate"": ""Tue, 26 May 2026 18:57:00 +0900""}",,
사과,single_term_fallback,사과,"박강수, '서소문 사고'에 &quot;마포는 사고 없다고 자랑하고파&quot;…뒤늦게 사...",https://n.news.naver.com/mnews/article/422/0000868561?sid=100,"Tue, 26 May 2026 18:56:00 +0900","숙여 <b>사과</b>드린다&quot;고 적었습니다. 한편, 채현일 의원은 사고 직후 SNS에 &quot;시민 안전은 뒷전으로 밀어두고 늘 보여주기와 땜질 처방에만 매달린 오세훈 시정의 민낯이 그대로 드러난 것&quot;이라며 &quot;오늘 사고로 분명해졌다. 오... ",http://www.yonhapnewstv.co.kr/news/AKR20260526185517TJ6,naver_news,사과,canonical,1.0,2026-05-26T11:50:13.707259+00:00,0,0,0,0,,"숙여 <b>사과</b>드린다&quot;고 적었습니다. 한편, 채현일 의원은 사고 직후 SNS에 &quot;시민 안전은 뒷전으로 밀어두고 늘 보여주기와 땜질 처방에만 매달린 오세훈 시정의 민낯이 그대로 드러난 것&quot;이라며 &quot;오늘 사고로 분명해졌다. 오... ","{""title"": ""박강수, '서소문 사고'에 &quot;마포는 사고 없다고 자랑하고파&quot;…뒤늦게 사..."", ""originallink"": ""http://www.yonhapnewstv.co.kr/news/AKR20260526185517TJ6"", ""link"": ""https://n.news.naver.com/mnews/article/422/0000868561?sid=100"", ""description"": ""숙여 <b>사과</b>드린다&quot;고 적었습니다. 한편, 채현일 의원은 사고 직후 SNS에 &quot;시민 안전은 뒷전으로 밀어두고 늘 보여주기와 땜질 처방에만 매달린 오세훈 시정의 민낯이 그대로 드러난 것&quot;이라며 &quot;오늘 사고로 분명해졌다. 오... "", ""pubDate"": ""Tue, 26 May 2026 18:56:00 +0900""}",,
사과,single_term_fallback,사과,"'히든아이', 살인사건 피해자에 스키즈 현진 사진 오용 <b>사과</b> &quot;비공개 조...",https://m.entertain.naver.com/article/108/0003438781,"Tue, 26 May 2026 18:56:00 +0900",대해 <b>사과</b>했다. MBC에브리원 '히든아이' 측은 26일 &quot;생전 피해자가 사용하던 기기를 전달 받아 사용하면서... 그러면서 &quot;이번 일로 스트레이 키즈 현진 님과 팬 분들에게 심려를 끼쳐드린 점 진심으로 <b>사과</b>드린다. 또한... ,https://www.starnewskorea.com/broadcast-show/2026/05/26/2026052618305492106,naver_news,사과,canonical,1.0,2026-05-26T11:50:13.707259+00:00,0,0,0,0,,대해 <b>사과</b>했다. MBC에브리원 '히든아이' 측은 26일 &quot;생전 피해자가 사용하던 기기를 전달 받아 사용하면서... 그러면서 &quot;이번 일로 스트레이 키즈 현진 님과 팬 분들에게 심려를 끼쳐드린 점 진심으로 <b>사과</b>드린다. 또한... ,"{""title"": ""'히든아이', 살인사건 피해자에 스키즈 현진 사진 오용 <b>사과</b> &quot;비공개 조..."", ""originallink"": ""https://www.starnewskorea.com/broadcast-show/2026/05/26/2026052618305492106"", ""link"": ""https://m.entertain.naver.com/article/108/0003438781"", ""description"": ""대해 <b>사과</b>했다. MBC에브리원 '히든아이' 측은 26일 &quot;생전 피해자가 사용하던 기기를 전달 받아 사용하면서... 그러면서 &quot;이번 일로 스트레이 키즈 현진 님과 팬 분들에게 심려를 끼쳐드린 점 진심으로 <b>사과</b>드린다. 또한... "", ""pubDate"": ""Tue, 26 May 2026 18:56:00 +0900""}",,
사과,single_term_fallback,사과,[오늘의 ABC 뉴스룸] &quot;삼성 직원 뭉칫돈 쏟아졌다&quot; 억대 성과급에 5억 사...,https://www.ajunews.com/view/20260526142357586,"Tue, 26 May 2026 18:52:00 +0900",정용진 “모든 책임 내 잘못”…스타벅스 논란 재<b>사과</b> ​​​​​​​정용진 신세계그룹 회장이 스타벅스코리아의 부적절한 마케팅 논란과 관련해 전격적인 대국민 <b>사과</b>문을 발표하고 재차 고개를 숙였습니다. 정... ,https://www.ajunews.com/view/20260526142357586,naver_news,사과,canonical,1.0,2026-05-26T11:50:13.707259+00:00,0,0,0,0,,정용진 “모든 책임 내 잘못”…스타벅스 논란 재<b>사과</b> ​​​​​​​정용진 신세계그룹 회장이 스타벅스코리아의 부적절한 마케팅 논란과 관련해 전격적인 대국민 <b>사과</b>문을 발표하고 재차 고개를 숙였습니다. 정... ,"{""title"": ""[오늘의 ABC 뉴스룸] &quot;삼성 직원 뭉칫돈 쏟아졌다&quot; 억대 성과급에 5억 사..."", ""originallink"": ""https://www.ajunews.com/view/20260526142357586"", ""link"": ""https://www.ajunews.com/view/20260526142357586"", ""description"": ""정용진 “모든 책임 내 잘못”…스타벅스 논란 재<b>사과</b> ​​​​​​​정용진 신세계그룹 회장이 스타벅스코리아의 부적절한 마케팅 논란과 관련해 전격적인 대국민 <b>사과</b>문을 발표하고 재차 고개를 숙였습니다. 정... "", ""pubDate"": ""Tue, 26 May 2026 18:52:00 +0900""}",,
사과,single_term_fallback,사과,"광주YMCA &quot;스타벅스 '5·18 탱크데이' 논란, 역사 모욕 행위&quot;",https://n.news.naver.com/mnews/article/079/0004150951?sid=102,"Tue, 26 May 2026 18:52:00 +0900","또 &quot;정용진 신세계그룹 회장의 <b>사과</b>만으로 끝날 문제가 아니다&quot;며 &quot;책임 있는 후속 조치와 함께 역사·인권 감수성 교육, 내부 검증 시스템 재정비, 5·18 정신 계승을 위한 사회적 책임 이행 방안을 마련해야 한다&quot;고... ",https://www.nocutnews.co.kr/news/6523056?utm_source=naver&utm_medium=article&utm_campaign=20260526065108,naver_news,사과,canonical,1.0,2026-05-26T11:50:13.707259+00:00,0,0,0,0,,"또 &quot;정용진 신세계그룹 회장의 <b>사과</b>만으로 끝날 문제가 아니다&quot;며 &quot;책임 있는 후속 조치와 함께 역사·인권 감수성 교육, 내부 검증 시스템 재정비, 5·18 정신 계승을 위한 사회적 책임 이행 방안을 마련해야 한다&quot;고... ","{""title"": ""광주YMCA &quot;스타벅스 '5·18 탱크데이' 논란, 역사 모욕 행위&quot;"", ""originallink"": ""https://www.nocutnews.co.kr/news/6523056?utm_source=naver&utm_medium=article&utm_campaign=20260526065108"", ""link"": ""https://n.news.naver.com/mnews/article/079/0004150951?sid=102"", ""description"": ""또 &quot;정용진 신세계그룹 회장의 <b>사과</b>만으로 끝날 문제가 아니다&quot;며 &quot;책임 있는 후속 조치와 함께 역사·인권 감수성 교육, 내부 검증 시스템 재정비, 5·18 정신 계승을 위한 사회적 책임 이행 방안을 마련해야 한다&quot;고... "", ""pubDate"": ""Tue, 26 May 2026 18:52:00 +0900""}",,
사과,single_term_fallback,사과,"정치권, 서소문 사고에 표심 촉각… 鄭·吳 “수습이 우선”",https://n.news.naver.com/mnews/article/005/0001851183?sid=165,"Tue, 26 May 2026 18:51:00 +0900",시정의 민낯이 그대로 드러난 것”이라고 적었다가 삭제했다. 박강수 국민의힘 마포구청장 후보는 유세 도중 “우리 마포는 4년 동안 단 1건도 큰 안전사고가 발생하지 않았다는 것을 자랑하고 싶다”고 발언했다가 <b>사과</b>했다.,https://www.kmib.co.kr/article/view.asp?arcid=1779788175&code=11121900&cp=nv,naver_news,사과,canonical,1.0,2026-05-26T11:50:13.707259+00:00,0,0,0,0,,시정의 민낯이 그대로 드러난 것”이라고 적었다가 삭제했다. 박강수 국민의힘 마포구청장 후보는 유세 도중 “우리 마포는 4년 동안 단 1건도 큰 안전사고가 발생하지 않았다는 것을 자랑하고 싶다”고 발언했다가 <b>사과</b>했다.,"{""title"": ""정치권, 서소문 사고에 표심 촉각… 鄭·吳 “수습이 우선”"", ""originallink"": ""https://www.kmib.co.kr/article/view.asp?arcid=1779788175&code=11121900&cp=nv"", ""link"": ""https://n.news.naver.com/mnews/article/005/0001851183?sid=165"", ""description"": ""시정의 민낯이 그대로 드러난 것”이라고 적었다가 삭제했다. 박강수 국민의힘 마포구청장 후보는 유세 도중 “우리 마포는 4년 동안 단 1건도 큰 안전사고가 발생하지 않았다는 것을 자랑하고 싶다”고 발언했다가 <b>사과</b>했다."", ""pubDate"": ""Tue, 26 May 2026 18:51:00 +0900""}",,
사과,single_term_fallback,사과,&quot;가식적 <b>사과</b>&quot; 말 바꾼 민주당...국민의힘 &quot;또 선동 정치&quot;,https://n.news.naver.com/mnews/article/052/0002358165?sid=004,"Tue, 26 May 2026 18:51:00 +0900","스타벅스의 '5·18 이벤트' 논란과 관련해 정용진 신세계그룹 회장이 대국민 <b>사과</b>했지만, 정치권 공방은 더욱 가열되고 있습니다. 민주당은 '가식적 <b>사과</b>'라고 평가절하했고, 국민의힘은 또 '선동 정치'를 벌인다고 강하게... ",https://www.ytn.co.kr/_ln/0101_202605261851343657,naver_news,사과,canonical,1.0,2026-05-26T11:50:13.707259+00:00,0,0,0,0,,"스타벅스의 '5·18 이벤트' 논란과 관련해 정용진 신세계그룹 회장이 대국민 <b>사과</b>했지만, 정치권 공방은 더욱 가열되고 있습니다. 민주당은 '가식적 <b>사과</b>'라고 평가절하했고, 국민의힘은 또 '선동 정치'를 벌인다고 강하게... ","{""title"": ""&quot;가식적 <b>사과</b>&quot; 말 바꾼 민주당...국민의힘 &quot;또 선동 정치&quot;"", ""originallink"": ""https://www.ytn.co.kr/_ln/0101_202605261851343657"", ""link"": ""https://n.news.naver.com/mnews/article/052/0002358165?sid=004"", ""description"": ""스타벅스의 '5·18 이벤트' 논란과 관련해 정용진 신세계그룹 회장이 대국민 <b>사과</b>했지만, 정치권 공방은 더욱 가열되고 있습니다. 민주당은 '가식적 <b>사과</b>'라고 평가절하했고, 국민의힘은 또 '선동 정치'를 벌인다고 강하게... "", ""pubDate"": ""Tue, 26 May 2026 18:51:00 +0900""}",,
사과,single_term_fallback,사과,경기도교육감 후보자 토론회...주도권 토론서 '날선 공방',https://n.news.naver.com/mnews/article/119/0003094601?sid=102,"Tue, 26 May 2026 18:49:00 +0900",후보자 후인이 <b>사과</b>한 뒤 그것이 불편했던지 일주일 뒤 저하고 몇몇이 선대위에서 쫓겨나게 됐었다.&quot;고 했다. 이어 &quot;특별고문을 제의한게 쓴소를 해도 좋다면 맡겠다. 그렇지 않으면 안맡겠다. 하라고 해서 용산이전과... ,https://www.dailian.co.kr/news/view/1648896/?sc=Naver,naver_news,사과,canonical,1.0,2026-05-26T11:50:13.707259+00:00,0,0,0,0,,후보자 후인이 <b>사과</b>한 뒤 그것이 불편했던지 일주일 뒤 저하고 몇몇이 선대위에서 쫓겨나게 됐었다.&quot;고 했다. 이어 &quot;특별고문을 제의한게 쓴소를 해도 좋다면 맡겠다. 그렇지 않으면 안맡겠다. 하라고 해서 용산이전과... ,"{""title"": ""경기도교육감 후보자 토론회...주도권 토론서 '날선 공방'"", ""originallink"": ""https://www.dailian.co.kr/news/view/1648896/?sc=Naver"", ""link"": ""https://n.news.naver.com/mnews/article/119/0003094601?sid=102"", ""description"": ""후보자 후인이 <b>사과</b>한 뒤 그것이 불편했던지 일주일 뒤 저하고 몇몇이 선대위에서 쫓겨나게 됐었다.&quot;고 했다. 이어 &quot;특별고문을 제의한게 쓴소를 해도 좋다면 맡겠다. 그렇지 않으면 안맡겠다. 하라고 해서 용산이전과... "", ""pubDate"": ""Tue, 26 May 2026 18:49:00 +0900""}",,
사과,single_term_fallback,사과,"울산 샤힌 현장 또 사망사고…DL이앤씨, 안전관리 체계 실효성 도마 위",https://www.ngetnews.com/news/articleView.html?idxno=550480,"Tue, 26 May 2026 18:48:00 +0900",회사는 2023년 11월 산재 사망 유족에게 공식 <b>사과</b>하고 배상 절차에 착수했다. 이후 DL이앤씨는 안전관리 체계 전면 재정비를 내세웠다. 지난해 8월 자회사 현장에서 추락 사망사고가 발생하자 전국 80여 개 현장의 작업을... ,https://www.ngetnews.com/news/articleView.html?idxno=550480,naver_news,사과,canonical,1.0,2026-05-26T11:50:13.707259+00:00,0,0,0,0,,회사는 2023년 11월 산재 사망 유족에게 공식 <b>사과</b>하고 배상 절차에 착수했다. 이후 DL이앤씨는 안전관리 체계 전면 재정비를 내세웠다. 지난해 8월 자회사 현장에서 추락 사망사고가 발생하자 전국 80여 개 현장의 작업을... ,"{""title"": ""울산 샤힌 현장 또 사망사고…DL이앤씨, 안전관리 체계 실효성 도마 위"", ""originallink"": ""https://www.ngetnews.com/news/articleView.html?idxno=550480"", ""link"": ""https://www.ngetnews.com/news/articleView.html?idxno=550480"", ""description"": ""회사는 2023년 11월 산재 사망 유족에게 공식 <b>사과</b>하고 배상 절차에 착수했다. 이후 DL이앤씨는 안전관리 체계 전면 재정비를 내세웠다. 지난해 8월 자회사 현장에서 추락 사망사고가 발생하자 전국 80여 개 현장의 작업을... "", ""pubDate"": ""Tue, 26 May 2026 18:48:00 +0900""}",,
사과,single_term_fallback,사과,"[사설] 본인 책임이 큰데, 진정성 안 보인 정용진 <b>사과</b>",https://n.news.naver.com/mnews/article/032/0003448065?sid=110,"Tue, 26 May 2026 18:48:00 +0900","직접 <b>사과</b>했다. 정 회장은 “이번 일로 깊은 상처와 실망을 느끼신 5·18민주화운동 유가족, 박종철 열사 유가족, 광주 시민, 그리고 국민께 진심으로 고개 숙여 사죄드리며 용서를 구한다”면서 고개를 숙였다. 1차 <b>사과</b>문... ",https://www.khan.co.kr/article/202605261848001,naver_news,사과,canonical,1.0,2026-05-26T11:50:13.707259+00:00,0,0,0,0,,"직접 <b>사과</b>했다. 정 회장은 “이번 일로 깊은 상처와 실망을 느끼신 5·18민주화운동 유가족, 박종철 열사 유가족, 광주 시민, 그리고 국민께 진심으로 고개 숙여 사죄드리며 용서를 구한다”면서 고개를 숙였다. 1차 <b>사과</b>문... ","{""title"": ""[사설] 본인 책임이 큰데, 진정성 안 보인 정용진 <b>사과</b>"", ""originallink"": ""https://www.khan.co.kr/article/202605261848001"", ""link"": ""https://n.news.naver.com/mnews/article/032/0003448065?sid=110"", ""description"": ""직접 <b>사과</b>했다. 정 회장은 “이번 일로 깊은 상처와 실망을 느끼신 5·18민주화운동 유가족, 박종철 열사 유가족, 광주 시민, 그리고 국민께 진심으로 고개 숙여 사죄드리며 용서를 구한다”면서 고개를 숙였다. 1차 <b>사과</b>문... "", ""pubDate"": ""Tue, 26 May 2026 18:48:00 +0900""}",,
사과,single_term_fallback,사과,&quot;음주운전 언급에 격분해 女 BJ 폭행&quot;…MC딩동 &quot;잘못했다&quot;면서도 &quot;가족 ...,https://n.news.naver.com/mnews/article/014/0005526693?sid=102,"Tue, 26 May 2026 18:48:00 +0900",진심으로 <b>사과</b>드린다&quot;며 장문의 글을 게재했다. 그는 &quot;방송을 진행하는 사람으로서 이성을 잃지 않고... 이에 대해 MC 딩동은 &quot;저의 무례하고 부족했던 행동에 대해 진심으로 <b>사과</b>를 전했다&quot;며 &quot;서로 허심탄회하게 오해를... ,http://www.fnnews.com/news/202605261836491564,naver_news,사과,canonical,1.0,2026-05-26T11:50:13.707259+00:00,0,0,0,0,,진심으로 <b>사과</b>드린다&quot;며 장문의 글을 게재했다. 그는 &quot;방송을 진행하는 사람으로서 이성을 잃지 않고... 이에 대해 MC 딩동은 &quot;저의 무례하고 부족했던 행동에 대해 진심으로 <b>사과</b>를 전했다&quot;며 &quot;서로 허심탄회하게 오해를... ,"{""title"": ""&quot;음주운전 언급에 격분해 女 BJ 폭행&quot;…MC딩동 &quot;잘못했다&quot;면서도 &quot;가족 ..."", ""originallink"": ""http://www.fnnews.com/news/202605261836491564"", ""link"": ""https://n.news.naver.com/mnews/article/014/0005526693?sid=102"", ""description"": ""진심으로 <b>사과</b>드린다&quot;며 장문의 글을 게재했다. 그는 &quot;방송을 진행하는 사람으로서 이성을 잃지 않고... 이에 대해 MC 딩동은 &quot;저의 무례하고 부족했던 행동에 대해 진심으로 <b>사과</b>를 전했다&quot;며 &quot;서로 허심탄회하게 오해를... "", ""pubDate"": ""Tue, 26 May 2026 18:48:00 +0900""}",,
사과,single_term_fallback,사과,"[더in터뷰] &quot;오세훈, 재임 시절에 'GTX 삼성역' 정원오보다 더 자주 가&quot;",https://n.news.naver.com/mnews/article/437/0000493003?sid=162,"Tue, 26 May 2026 18:46:00 +0900",두 번째 중요한 것은 나는 <b>사과</b>받은 적 없다라는 두 가지였거든요. 그런데 판결문에 따르더라도 이렇게 돼 있는 거 아닙니까? 심신미약을 주장했기 때문에 5·18만 기억한다는 것은 사실 합리적으로 논리적으로 납득하기... ,https://news.jtbc.co.kr/article/NB12299893?influxDiv=NAVER,naver_news,사과,canonical,1.0,2026-05-26T11:50:13.707259+00:00,0,0,0,0,,두 번째 중요한 것은 나는 <b>사과</b>받은 적 없다라는 두 가지였거든요. 그런데 판결문에 따르더라도 이렇게 돼 있는 거 아닙니까? 심신미약을 주장했기 때문에 5·18만 기억한다는 것은 사실 합리적으로 논리적으로 납득하기... ,"{""title"": ""[더in터뷰] &quot;오세훈, 재임 시절에 'GTX 삼성역' 정원오보다 더 자주 가&quot;"", ""originallink"": ""https://news.jtbc.co.kr/article/NB12299893?influxDiv=NAVER"", ""link"": ""https://n.news.naver.com/mnews/article/437/0000493003?sid=162"", ""description"": ""두 번째 중요한 것은 나는 <b>사과</b>받은 적 없다라는 두 가지였거든요. 그런데 판결문에 따르더라도 이렇게 돼 있는 거 아닙니까? 심신미약을 주장했기 때문에 5·18만 기억한다는 것은 사실 합리적으로 논리적으로 납득하기... "", ""pubDate"": ""Tue, 26 May 2026 18:46:00 +0900""}",,
사과,single_term_fallback,사과,과수화상병 확산··· 도내 과수원 긴장,http://www.jjn.co.kr/news/articleView.html?idxno=1041970,"Tue, 26 May 2026 18:46:00 +0900","<b>사과</b>와 배 주산지인 무주ㆍ장수군 등 과수 재배단지에서는 인접한 충북 등지에서 확산하는 과수화상병을... 이날 과수화상병이 발생하지 않았던 충북 보은군 산외면, 수한면에 있는 <b>사과</b> 과수원 2곳의 0.7ha에서 지난 24일... ",http://www.jjn.co.kr/news/articleView.html?idxno=1041970,naver_news,사과,canonical,1.0,2026-05-26T11:50:13.707259+00:00,0,0,0,0,,"<b>사과</b>와 배 주산지인 무주ㆍ장수군 등 과수 재배단지에서는 인접한 충북 등지에서 확산하는 과수화상병을... 이날 과수화상병이 발생하지 않았던 충북 보은군 산외면, 수한면에 있는 <b>사과</b> 과수원 2곳의 0.7ha에서 지난 24일... ","{""title"": ""과수화상병 확산··· 도내 과수원 긴장"", ""originallink"": ""http://www.jjn.co.kr/news/articleView.html?idxno=1041970"", ""link"": ""http://www.jjn.co.kr/news/articleView.html?idxno=1041970"", ""description"": ""<b>사과</b>와 배 주산지인 무주ㆍ장수군 등 과수 재배단지에서는 인접한 충북 등지에서 확산하는 과수화상병을... 이날 과수화상병이 발생하지 않았던 충북 보은군 산외면, 수한면에 있는 <b>사과</b> 과수원 2곳의 0.7ha에서 지난 24일... "", ""pubDate"": ""Tue, 26 May 2026 18:46:00 +0900""}",,
사과,single_term_fallback,사과,'100회' 강제 팔굽혀펴기에 '콜라색 소변'…병사 근육 녹았다,https://n.news.naver.com/mnews/article/015/0005291500?sid=102,"Tue, 26 May 2026 18:46:00 +0900",가해자로부터 <b>사과</b>는커녕 부대 내 지휘관들로부터도 책임 있는 <b>사과</b>를 받지 못한 A 상병 측은 B 중사를 직권남용 가혹행위죄와 폭행죄로 군사경찰에 고소했다. 이번 사건에 대해 15사단 관계자는 &quot;현재 군 수사기관에서... ,https://www.hankyung.com/article/2026052601487,naver_news,사과,canonical,1.0,2026-05-26T11:50:13.707259+00:00,0,0,0,0,,가해자로부터 <b>사과</b>는커녕 부대 내 지휘관들로부터도 책임 있는 <b>사과</b>를 받지 못한 A 상병 측은 B 중사를 직권남용 가혹행위죄와 폭행죄로 군사경찰에 고소했다. 이번 사건에 대해 15사단 관계자는 &quot;현재 군 수사기관에서... ,"{""title"": ""'100회' 강제 팔굽혀펴기에 '콜라색 소변'…병사 근육 녹았다"", ""originallink"": ""https://www.hankyung.com/article/2026052601487"", ""link"": ""https://n.news.naver.com/mnews/article/015/0005291500?sid=102"", ""description"": ""가해자로부터 <b>사과</b>는커녕 부대 내 지휘관들로부터도 책임 있는 <b>사과</b>를 받지 못한 A 상병 측은 B 중사를 직권남용 가혹행위죄와 폭행죄로 군사경찰에 고소했다. 이번 사건에 대해 15사단 관계자는 &quot;현재 군 수사기관에서... "", ""pubDate"": ""Tue, 26 May 2026 18:46:00 +0900""}",,
사과,single_term_fallback,사과,"[엔터, 지금?]‘판타지’에도 면죄부는 없다‥국민청원까지 간 ‘대군부...",https://m.entertain.naver.com/article/112/0003796814,"Tue, 26 May 2026 18:46:00 +0900","결국 감독과 작가 뿐 아니라 주연 배우를 맡은 아이유·변우석까지 <b>사과</b>했고, MBC는 논란이 된 왕 즉위식 장면을 삭제했다. 연이은 <b>사과</b> 속에 시청자들이 아직도 궁금해하는 것은, 왜 이런 장면이 사전 모니터링과 내부... ",https://www.heraldmuse.com/article/10756463?ref=naver,naver_news,사과,canonical,1.0,2026-05-26T11:50:13.707259+00:00,0,0,0,0,,"결국 감독과 작가 뿐 아니라 주연 배우를 맡은 아이유·변우석까지 <b>사과</b>했고, MBC는 논란이 된 왕 즉위식 장면을 삭제했다. 연이은 <b>사과</b> 속에 시청자들이 아직도 궁금해하는 것은, 왜 이런 장면이 사전 모니터링과 내부... ","{""title"": ""[엔터, 지금?]‘판타지’에도 면죄부는 없다‥국민청원까지 간 ‘대군부..."", ""originallink"": ""https://www.heraldmuse.com/article/10756463?ref=naver"", ""link"": ""https://m.entertain.naver.com/article/112/0003796814"", ""description"": ""결국 감독과 작가 뿐 아니라 주연 배우를 맡은 아이유·변우석까지 <b>사과</b>했고, MBC는 논란이 된 왕 즉위식 장면을 삭제했다. 연이은 <b>사과</b> 속에 시청자들이 아직도 궁금해하는 것은, 왜 이런 장면이 사전 모니터링과 내부... "", ""pubDate"": ""Tue, 26 May 2026 18:46:00 +0900""}",,
사과,single_term_fallback,사과,&quot;정용진 <b>사과</b>에도 '공사 중단' 요구&quot;…광천터미널 사업까지 번진 스타벅...,https://www.polinews.co.kr/news/articleView.html?idxno=732280,"Tue, 26 May 2026 18:45:00 +0900",정용진 신세계그룹 회장이 26일 스타벅스 논란과 관련해 대국민 <b>사과</b>문을 발표했다. 정 회장은 &quot;이유를 막론하고 국민 여러분의 마음을 아프게 한 점에 대해 <b>사과</b>드린다&quot;며 &quot;말이 아닌 행동으로 처음부터 다시 시작하겠다&quot;고... ,https://www.polinews.co.kr/news/articleView.html?idxno=732280,naver_news,사과,canonical,1.0,2026-05-26T11:50:13.707259+00:00,0,0,0,0,,정용진 신세계그룹 회장이 26일 스타벅스 논란과 관련해 대국민 <b>사과</b>문을 발표했다. 정 회장은 &quot;이유를 막론하고 국민 여러분의 마음을 아프게 한 점에 대해 <b>사과</b>드린다&quot;며 &quot;말이 아닌 행동으로 처음부터 다시 시작하겠다&quot;고... ,"{""title"": ""&quot;정용진 <b>사과</b>에도 '공사 중단' 요구&quot;…광천터미널 사업까지 번진 스타벅..."", ""originallink"": ""https://www.polinews.co.kr/news/articleView.html?idxno=732280"", ""link"": ""https://www.polinews.co.kr/news/articleView.html?idxno=732280"", ""description"": ""정용진 신세계그룹 회장이 26일 스타벅스 논란과 관련해 대국민 <b>사과</b>문을 발표했다. 정 회장은 &quot;이유를 막론하고 국민 여러분의 마음을 아프게 한 점에 대해 <b>사과</b>드린다&quot;며 &quot;말이 아닌 행동으로 처음부터 다시 시작하겠다&quot;고... "", ""pubDate"": ""Tue, 26 May 2026 18:45:00 +0900""}",,
사과,single_term_fallback,사과,스타벅스 &quot;선불 카드 조건없이 전액 환불&quot;...수습 안간힘,https://n.news.naver.com/mnews/article/052/0002358163?sid=101,"Tue, 26 May 2026 18:45:00 +0900",정용진 신세계그룹 회장이 직접 공개석상에서 <b>사과</b>한 데 이어 스타벅스가 다음 달 1일부터 2주간 사용 조건... 회장의 대국민 <b>사과</b>에 이은 이번 환불 결정은 스타벅스 사태가 그룹 전체의 이미지는 물론 현금 유동성에도... ,https://www.ytn.co.kr/_ln/0102_202605261845501763,naver_news,사과,canonical,1.0,2026-05-26T11:50:13.707259+00:00,0,0,0,0,,정용진 신세계그룹 회장이 직접 공개석상에서 <b>사과</b>한 데 이어 스타벅스가 다음 달 1일부터 2주간 사용 조건... 회장의 대국민 <b>사과</b>에 이은 이번 환불 결정은 스타벅스 사태가 그룹 전체의 이미지는 물론 현금 유동성에도... ,"{""title"": ""스타벅스 &quot;선불 카드 조건없이 전액 환불&quot;...수습 안간힘"", ""originallink"": ""https://www.ytn.co.kr/_ln/0102_202605261845501763"", ""link"": ""https://n.news.naver.com/mnews/article/052/0002358163?sid=101"", ""description"": ""정용진 신세계그룹 회장이 직접 공개석상에서 <b>사과</b>한 데 이어 스타벅스가 다음 달 1일부터 2주간 사용 조건... 회장의 대국민 <b>사과</b>에 이은 이번 환불 결정은 스타벅스 사태가 그룹 전체의 이미지는 물론 현금 유동성에도... "", ""pubDate"": ""Tue, 26 May 2026 18:45:00 +0900""}",,
사과,single_term_fallback,사과,"서울시, 서소문 고가도로 붕괴사고 수습 총력…재난대책본부 가동",https://n.news.naver.com/mnews/article/055/0001359231?sid=102,"Tue, 26 May 2026 18:44:00 +0900",한편 국민의힘 박강수 마포구청장 후보는 유세 현장에서 오늘 사고를 언급하며 자신이 구청장으로 재직하던 시기 마포구에 안전사고가 없었다고 내세웠다가 비판 여론을 의식해 <b>사과</b>문을 발표했습니다. 박 후보는 <b>사과</b>문... ,https://news.sbs.co.kr/news/endPage.do?news_id=N1008579826&plink=ORI&cooper=NAVER,naver_news,사과,canonical,1.0,2026-05-26T11:50:13.707259+00:00,0,0,0,0,,한편 국민의힘 박강수 마포구청장 후보는 유세 현장에서 오늘 사고를 언급하며 자신이 구청장으로 재직하던 시기 마포구에 안전사고가 없었다고 내세웠다가 비판 여론을 의식해 <b>사과</b>문을 발표했습니다. 박 후보는 <b>사과</b>문... ,"{""title"": ""서울시, 서소문 고가도로 붕괴사고 수습 총력…재난대책본부 가동"", ""originallink"": ""https://news.sbs.co.kr/news/endPage.do?news_id=N1008579826&plink=ORI&cooper=NAVER"", ""link"": ""https://n.news.naver.com/mnews/article/055/0001359231?sid=102"", ""description"": ""한편 국민의힘 박강수 마포구청장 후보는 유세 현장에서 오늘 사고를 언급하며 자신이 구청장으로 재직하던 시기 마포구에 안전사고가 없었다고 내세웠다가 비판 여론을 의식해 <b>사과</b>문을 발표했습니다. 박 후보는 <b>사과</b>문... "", ""pubDate"": ""Tue, 26 May 2026 18:44:00 +0900""}",,
사과,single_term_fallback,사과,[오목대] 스타벅스와 공공의 선택,https://www.jjan.kr/article/20260526500238,"Tue, 26 May 2026 18:44:00 +0900","기업주의 <b>사과</b>와 진상조사 발표가 있었지만, 불매운동과 상품권 환불, 고소·고발 등의 반발은 쉽게 수그러들지 않을 것 같다. 여기에 하필이면 세월호 참사일인 4월 16일, ‘세이렌’을 내세운 광고 논란까지 겹치며... ",https://www.jjan.kr/article/20260526500238,naver_news,사과,canonical,1.0,2026-05-26T11:50:13.707259+00:00,0,0,0,0,,"기업주의 <b>사과</b>와 진상조사 발표가 있었지만, 불매운동과 상품권 환불, 고소·고발 등의 반발은 쉽게 수그러들지 않을 것 같다. 여기에 하필이면 세월호 참사일인 4월 16일, ‘세이렌’을 내세운 광고 논란까지 겹치며... ","{""title"": ""[오목대] 스타벅스와 공공의 선택"", ""originallink"": ""https://www.jjan.kr/article/20260526500238"", ""link"": ""https://www.jjan.kr/article/20260526500238"", ""description"": ""기업주의 <b>사과</b>와 진상조사 발표가 있었지만, 불매운동과 상품권 환불, 고소·고발 등의 반발은 쉽게 수그러들지 않을 것 같다. 여기에 하필이면 세월호 참사일인 4월 16일, ‘세이렌’을 내세운 광고 논란까지 겹치며... "", ""pubDate"": ""Tue, 26 May 2026 18:44:00 +0900""}",,
사과,single_term_fallback,사과,[DM왔어요] 7년간 1위 왕좌 내준 스타벅스…'스벅 흔적 지우기' 확산,https://n.news.naver.com/mnews/article/422/0000868557?sid=102,"Tue, 26 May 2026 18:43:00 +0900","대국민 <b>사과</b>에 나섰지만, “의도를 갖고 기획한 증거를 찾지는 못했다”는 그룹의 설명에 국민적 공분은 여전합니다. 온,오프라인을 막론한 소비자들의 불매운동으로 위기를 맞은 스타벅스 코리아, 진정성 있는 <b>사과</b>와... ",http://www.yonhapnewstv.co.kr/news/MYH20260526184213Fy2,naver_news,사과,canonical,1.0,2026-05-26T11:50:13.707259+00:00,0,0,0,0,,"대국민 <b>사과</b>에 나섰지만, “의도를 갖고 기획한 증거를 찾지는 못했다”는 그룹의 설명에 국민적 공분은 여전합니다. 온,오프라인을 막론한 소비자들의 불매운동으로 위기를 맞은 스타벅스 코리아, 진정성 있는 <b>사과</b>와... ","{""title"": ""[DM왔어요] 7년간 1위 왕좌 내준 스타벅스…'스벅 흔적 지우기' 확산"", ""originallink"": ""http://www.yonhapnewstv.co.kr/news/MYH20260526184213Fy2"", ""link"": ""https://n.news.naver.com/mnews/article/422/0000868557?sid=102"", ""description"": ""대국민 <b>사과</b>에 나섰지만, “의도를 갖고 기획한 증거를 찾지는 못했다”는 그룹의 설명에 국민적 공분은 여전합니다. 온,오프라인을 막론한 소비자들의 불매운동으로 위기를 맞은 스타벅스 코리아, 진정성 있는 <b>사과</b>와... "", ""pubDate"": ""Tue, 26 May 2026 18:43:00 +0900""}",,
사과,single_term_fallback,사과,"원주시 정책실장, 구자열 후보 허위사실 유포 법적 대응",https://www.jeonmae.co.kr/news/articleView.html?idxno=1259637,"Tue, 26 May 2026 18:42:00 +0900",김 실장은 &quot;선거가 치열하더라도 넘지 말아야 할 선이 있다&quot;며 &quot;구 후보는 시민을 기만한 발언에 대해 <b>사과</b>하고 후보직에서 물러나야 한다&quot;고 말했다. 이어 &quot;공정한 선거 풍토와 공직자 명예 회복을 위해 끝까지 법적 책임을... ,https://www.jeonmae.co.kr/news/articleView.html?idxno=1259637,naver_news,사과,canonical,1.0,2026-05-26T11:50:13.707259+00:00,0,0,0,0,,김 실장은 &quot;선거가 치열하더라도 넘지 말아야 할 선이 있다&quot;며 &quot;구 후보는 시민을 기만한 발언에 대해 <b>사과</b>하고 후보직에서 물러나야 한다&quot;고 말했다. 이어 &quot;공정한 선거 풍토와 공직자 명예 회복을 위해 끝까지 법적 책임을... ,"{""title"": ""원주시 정책실장, 구자열 후보 허위사실 유포 법적 대응"", ""originallink"": ""https://www.jeonmae.co.kr/news/articleView.html?idxno=1259637"", ""link"": ""https://www.jeonmae.co.kr/news/articleView.html?idxno=1259637"", ""description"": ""김 실장은 &quot;선거가 치열하더라도 넘지 말아야 할 선이 있다&quot;며 &quot;구 후보는 시민을 기만한 발언에 대해 <b>사과</b>하고 후보직에서 물러나야 한다&quot;고 말했다. 이어 &quot;공정한 선거 풍토와 공직자 명예 회복을 위해 끝까지 법적 책임을... "", ""pubDate"": ""Tue, 26 May 2026 18:42:00 +0900""}",,
사과,single_term_fallback,사과,정용진 회장 <b>사과</b>에…오세훈 이어 김부겸도 &quot;이제 그만하자&quot;,https://n.news.naver.com/mnews/article/015/0005291499?sid=100,"Tue, 26 May 2026 18:42:00 +0900",정 회장이 대국민 <b>사과</b>를 통해 세 차례 고개를 숙이자 정치권에서는 &quot;이 정도 선에서 (비난을) 그쳐야 한다&quot;는... 대해 <b>사과</b>하고 본인의 책임을 분명히 했다&quot;며 &quot;이제 이 정도 선에서 그쳤으면 한다&quot;고 했다. 김 후보는 &quot;5·18... ,https://www.hankyung.com/article/2026052698417,naver_news,사과,canonical,1.0,2026-05-26T11:50:13.707259+00:00,0,0,0,0,,정 회장이 대국민 <b>사과</b>를 통해 세 차례 고개를 숙이자 정치권에서는 &quot;이 정도 선에서 (비난을) 그쳐야 한다&quot;는... 대해 <b>사과</b>하고 본인의 책임을 분명히 했다&quot;며 &quot;이제 이 정도 선에서 그쳤으면 한다&quot;고 했다. 김 후보는 &quot;5·18... ,"{""title"": ""정용진 회장 <b>사과</b>에…오세훈 이어 김부겸도 &quot;이제 그만하자&quot;"", ""originallink"": ""https://www.hankyung.com/article/2026052698417"", ""link"": ""https://n.news.naver.com/mnews/article/015/0005291499?sid=100"", ""description"": ""정 회장이 대국민 <b>사과</b>를 통해 세 차례 고개를 숙이자 정치권에서는 &quot;이 정도 선에서 (비난을) 그쳐야 한다&quot;는... 대해 <b>사과</b>하고 본인의 책임을 분명히 했다&quot;며 &quot;이제 이 정도 선에서 그쳤으면 한다&quot;고 했다. 김 후보는 &quot;5·18... "", ""pubDate"": ""Tue, 26 May 2026 18:42:00 +0900""}",,
사과,single_term_fallback,사과,임태희 &quot;나는 윤 정권에서 쫓겨나&quot; VS 안민석 &quot;김어준 출마 권유 아냐&quot;,https://gg.newdaily.co.kr/site/data/html/2026/05/26/2026052600289.html,"Tue, 26 May 2026 18:42:00 +0900","그래서 2022년 12월 26일 후보자 배후자가 <b>사과</b>를 했고, 그게 불편했는지 일주일 후인 1월 2일 선대위에서 쫓겨났다&quot;고 설명했다. 이어 &quot;저는 지난 탄핵을 보면서 제가 직언을 하고 특히 특별 고문을 하는 것도 쓴소리를 할 수... ",https://gg.newdaily.co.kr/site/data/html/2026/05/26/2026052600289.html,naver_news,사과,canonical,1.0,2026-05-26T11:50:13.707259+00:00,0,0,0,0,,"그래서 2022년 12월 26일 후보자 배후자가 <b>사과</b>를 했고, 그게 불편했는지 일주일 후인 1월 2일 선대위에서 쫓겨났다&quot;고 설명했다. 이어 &quot;저는 지난 탄핵을 보면서 제가 직언을 하고 특히 특별 고문을 하는 것도 쓴소리를 할 수... ","{""title"": ""임태희 &quot;나는 윤 정권에서 쫓겨나&quot; VS 안민석 &quot;김어준 출마 권유 아냐&quot;"", ""originallink"": ""https://gg.newdaily.co.kr/site/data/html/2026/05/26/2026052600289.html"", ""link"": ""https://gg.newdaily.co.kr/site/data/html/2026/05/26/2026052600289.html"", ""description"": ""그래서 2022년 12월 26일 후보자 배후자가 <b>사과</b>를 했고, 그게 불편했는지 일주일 후인 1월 2일 선대위에서 쫓겨났다&quot;고 설명했다. 이어 &quot;저는 지난 탄핵을 보면서 제가 직언을 하고 특히 특별 고문을 하는 것도 쓴소리를 할 수... "", ""pubDate"": ""Tue, 26 May 2026 18:42:00 +0900""}",,
사과,single_term_fallback,사과,“순간 감정 추스르지 못해”…女BJ 폭행 논란에 고개숙인 MC딩동,https://n.news.naver.com/mnews/article/025/0003525903?sid=103,"Tue, 26 May 2026 18:41:00 +0900",대해 <b>사과</b>했다. MC딩동은 26일 자신의 인스타그램을 통해 “저의 경솔하고 성숙하지 못한 행동으로 많은 분께 큰 피로감과 실망감을 안겨드린 점 고개 숙여 진심으로 깊이 <b>사과</b>드린다”고 밝혔다. 그는 “방송을 진행하는... ,https://www.joongang.co.kr/article/25431431,naver_news,사과,canonical,1.0,2026-05-26T11:50:13.707259+00:00,0,0,0,0,,대해 <b>사과</b>했다. MC딩동은 26일 자신의 인스타그램을 통해 “저의 경솔하고 성숙하지 못한 행동으로 많은 분께 큰 피로감과 실망감을 안겨드린 점 고개 숙여 진심으로 깊이 <b>사과</b>드린다”고 밝혔다. 그는 “방송을 진행하는... ,"{""title"": ""“순간 감정 추스르지 못해”…女BJ 폭행 논란에 고개숙인 MC딩동"", ""originallink"": ""https://www.joongang.co.kr/article/25431431"", ""link"": ""https://n.news.naver.com/mnews/article/025/0003525903?sid=103"", ""description"": ""대해 <b>사과</b>했다. MC딩동은 26일 자신의 인스타그램을 통해 “저의 경솔하고 성숙하지 못한 행동으로 많은 분께 큰 피로감과 실망감을 안겨드린 점 고개 숙여 진심으로 깊이 <b>사과</b>드린다”고 밝혔다. 그는 “방송을 진행하는... "", ""pubDate"": ""Tue, 26 May 2026 18:41:00 +0900""}",,
사과,single_term_fallback,사과,[식생활 건강노트] “천연 위고비” 열풍… 왜 사람들은 아침에 달걀과...,https://cooknchefnews.com/news/view/1065575459235552,"Tue, 26 May 2026 18:40:00 +0900","<b>사과</b>나 키위, 블루베리처럼 섬유질이 풍부한 과일을 곁들이면 아삭한 식감이 더해져 식사 만족도가 높아진다는 설명도 나온다. 무엇보다 이 식단이 많은 사람들에게 호응을 얻는 이유는 접근성이 높기 때문이다. 거창한... ",https://cooknchefnews.com/news/view/1065575459235552,naver_news,사과,canonical,1.0,2026-05-26T11:50:13.707259+00:00,0,0,0,0,,"<b>사과</b>나 키위, 블루베리처럼 섬유질이 풍부한 과일을 곁들이면 아삭한 식감이 더해져 식사 만족도가 높아진다는 설명도 나온다. 무엇보다 이 식단이 많은 사람들에게 호응을 얻는 이유는 접근성이 높기 때문이다. 거창한... ","{""title"": ""[식생활 건강노트] “천연 위고비” 열풍… 왜 사람들은 아침에 달걀과..."", ""originallink"": ""https://cooknchefnews.com/news/view/1065575459235552"", ""link"": ""https://cooknchefnews.com/news/view/1065575459235552"", ""description"": ""<b>사과</b>나 키위, 블루베리처럼 섬유질이 풍부한 과일을 곁들이면 아삭한 식감이 더해져 식사 만족도가 높아진다는 설명도 나온다. 무엇보다 이 식단이 많은 사람들에게 호응을 얻는 이유는 접근성이 높기 때문이다. 거창한... "", ""pubDate"": ""Tue, 26 May 2026 18:40:00 +0900""}",,
사과,single_term_fallback,사과,"'대군부인' 역사 왜곡 논란, 결국 국회로… '폐기 요구 청원' 5만여 명",https://n.news.naver.com/mnews/article/469/0000932785?sid=103,"Tue, 26 May 2026 18:40:00 +0900","역사 편입 시도인 '동북공정'에 빌미를 줄 수 있다&quot;는 지적이 제기된 것이다. 이에 주연인 가수 겸 배우 아이유와 배우 변우석, 박준화 감독 등이 시청자들에게 <b>사과</b>했고, 제작진은 논란의 11화 엔딩 장면을 삭제하기로 했다.",https://www.hankookilbo.com/news/article/A2026052616300004192?did=NA,naver_news,사과,canonical,1.0,2026-05-26T11:50:13.707259+00:00,0,0,0,0,,"역사 편입 시도인 '동북공정'에 빌미를 줄 수 있다&quot;는 지적이 제기된 것이다. 이에 주연인 가수 겸 배우 아이유와 배우 변우석, 박준화 감독 등이 시청자들에게 <b>사과</b>했고, 제작진은 논란의 11화 엔딩 장면을 삭제하기로 했다.","{""title"": ""'대군부인' 역사 왜곡 논란, 결국 국회로… '폐기 요구 청원' 5만여 명"", ""originallink"": ""https://www.hankookilbo.com/news/article/A2026052616300004192?did=NA"", ""link"": ""https://n.news.naver.com/mnews/article/469/0000932785?sid=103"", ""description"": ""역사 편입 시도인 '동북공정'에 빌미를 줄 수 있다&quot;는 지적이 제기된 것이다. 이에 주연인 가수 겸 배우 아이유와 배우 변우석, 박준화 감독 등이 시청자들에게 <b>사과</b>했고, 제작진은 논란의 11화 엔딩 장면을 삭제하기로 했다."", ""pubDate"": ""Tue, 26 May 2026 18:40:00 +0900""}",,
사과,single_term_fallback,사과,"[식생활 건강노트] 초여름 식탁의 작은 보약, 매실은 왜 오랫동안 ‘천...",https://cooknchefnews.com/news/view/1065620606041018,"Tue, 26 May 2026 18:40:00 +0900",특히 구연산과 <b>사과</b>산 같은 성분은 위액 분비를 촉진하고 위장 운동을 활성화하는 데 도움을 줄 수 있는 것으로 알려져 있다. 그래서인지 한국에서는 오래전부터 속이 더부룩하거나 과식했을 때 매실차를 마시는 문화가... ,https://cooknchefnews.com/news/view/1065620606041018,naver_news,사과,canonical,1.0,2026-05-26T11:50:13.707259+00:00,0,0,0,0,,특히 구연산과 <b>사과</b>산 같은 성분은 위액 분비를 촉진하고 위장 운동을 활성화하는 데 도움을 줄 수 있는 것으로 알려져 있다. 그래서인지 한국에서는 오래전부터 속이 더부룩하거나 과식했을 때 매실차를 마시는 문화가... ,"{""title"": ""[식생활 건강노트] 초여름 식탁의 작은 보약, 매실은 왜 오랫동안 ‘천..."", ""originallink"": ""https://cooknchefnews.com/news/view/1065620606041018"", ""link"": ""https://cooknchefnews.com/news/view/1065620606041018"", ""description"": ""특히 구연산과 <b>사과</b>산 같은 성분은 위액 분비를 촉진하고 위장 운동을 활성화하는 데 도움을 줄 수 있는 것으로 알려져 있다. 그래서인지 한국에서는 오래전부터 속이 더부룩하거나 과식했을 때 매실차를 마시는 문화가... "", ""pubDate"": ""Tue, 26 May 2026 18:40:00 +0900""}",,
사과,single_term_fallback,사과,"임태희·안민석, TV토론서 '고 3운전면허·라스 공약' 난타전",https://www.kpinews.kr/newsView/1065603988766516,"Tue, 26 May 2026 18:39:00 +0900","조직 개편에 따른 내부 혼란은 크지 않다&quot;며 &quot;중등교사 발표 문제는 <b>사과</b>를 하고 수정 했다. 취학 통계도 학생들이 워낙 많다 보니 오류가 종종 일어나는데, 죄송하게 생각한다&quot;고 말했다. 이에 안 후보는 최근 스타벅스의... ",https://www.kpinews.kr/newsView/1065603988766516,naver_news,사과,canonical,1.0,2026-05-26T11:50:13.707259+00:00,0,0,0,0,,"조직 개편에 따른 내부 혼란은 크지 않다&quot;며 &quot;중등교사 발표 문제는 <b>사과</b>를 하고 수정 했다. 취학 통계도 학생들이 워낙 많다 보니 오류가 종종 일어나는데, 죄송하게 생각한다&quot;고 말했다. 이에 안 후보는 최근 스타벅스의... ","{""title"": ""임태희·안민석, TV토론서 '고 3운전면허·라스 공약' 난타전"", ""originallink"": ""https://www.kpinews.kr/newsView/1065603988766516"", ""link"": ""https://www.kpinews.kr/newsView/1065603988766516"", ""description"": ""조직 개편에 따른 내부 혼란은 크지 않다&quot;며 &quot;중등교사 발표 문제는 <b>사과</b>를 하고 수정 했다. 취학 통계도 학생들이 워낙 많다 보니 오류가 종종 일어나는데, 죄송하게 생각한다&quot;고 말했다. 이에 안 후보는 최근 스타벅스의... "", ""pubDate"": ""Tue, 26 May 2026 18:39:00 +0900""}",,
사과,single_term_fallback,사과,"국민의힘 마포구청장 후보, “마포는 사고 없었던 것 자랑하고 싶어”…...",https://n.news.naver.com/mnews/article/056/0012188133?sid=162,"Tue, 26 May 2026 18:38:00 +0900",뒤늦게 <b>사과</b>했습니다. 박 후보는 오늘(26일) 사고 소식 직후 선거 유세에서 “지금 서소문 고가차도 철거 현장... 숙여 <b>사과</b>드린다”고 <b>사과</b>문을 발표했습니다. 박 후보는 “적절치 못한 표현으로 많은 분께 심려를 끼쳐... ,https://news.kbs.co.kr/news/pc/view/view.do?ncd=8570248&ref=A,naver_news,사과,canonical,1.0,2026-05-26T11:50:13.707259+00:00,0,0,0,0,,뒤늦게 <b>사과</b>했습니다. 박 후보는 오늘(26일) 사고 소식 직후 선거 유세에서 “지금 서소문 고가차도 철거 현장... 숙여 <b>사과</b>드린다”고 <b>사과</b>문을 발표했습니다. 박 후보는 “적절치 못한 표현으로 많은 분께 심려를 끼쳐... ,"{""title"": ""국민의힘 마포구청장 후보, “마포는 사고 없었던 것 자랑하고 싶어”…..."", ""originallink"": ""https://news.kbs.co.kr/news/pc/view/view.do?ncd=8570248&ref=A"", ""link"": ""https://n.news.naver.com/mnews/article/056/0012188133?sid=162"", ""description"": ""뒤늦게 <b>사과</b>했습니다. 박 후보는 오늘(26일) 사고 소식 직후 선거 유세에서 “지금 서소문 고가차도 철거 현장... 숙여 <b>사과</b>드린다”고 <b>사과</b>문을 발표했습니다. 박 후보는 “적절치 못한 표현으로 많은 분께 심려를 끼쳐... "", ""pubDate"": ""Tue, 26 May 2026 18:38:00 +0900""}",,
사과,single_term_fallback,사과,"발레단 감독 &quot;'스벅 인증샷' 정민찬은 착한 청년, 마녀사냥 그만&quot;",http://www.stoo.com/article.php?aid=106857170465,"Tue, 26 May 2026 18:38:00 +0900","거였다&quot;며 &quot;<b>사과</b>문을 두 번이나 올리고 뮤지컬도 하차했는데 이젠 마녀사냥 그만 좀 하길 바란다&quot;고... 정민찬은 1차 <b>사과</b> 당시 &quot;현생을 사느라 뉴스나 이슈 거리를 잘 모르는데 제가 뭐라고 이렇게 관심을 다 주시고, 몸 둘... ",http://www.stoo.com/article.php?aid=106857170465,naver_news,사과,canonical,1.0,2026-05-26T11:50:13.707259+00:00,0,0,0,0,,"거였다&quot;며 &quot;<b>사과</b>문을 두 번이나 올리고 뮤지컬도 하차했는데 이젠 마녀사냥 그만 좀 하길 바란다&quot;고... 정민찬은 1차 <b>사과</b> 당시 &quot;현생을 사느라 뉴스나 이슈 거리를 잘 모르는데 제가 뭐라고 이렇게 관심을 다 주시고, 몸 둘... ","{""title"": ""발레단 감독 &quot;'스벅 인증샷' 정민찬은 착한 청년, 마녀사냥 그만&quot;"", ""originallink"": ""http://www.stoo.com/article.php?aid=106857170465"", ""link"": ""http://www.stoo.com/article.php?aid=106857170465"", ""description"": ""거였다&quot;며 &quot;<b>사과</b>문을 두 번이나 올리고 뮤지컬도 하차했는데 이젠 마녀사냥 그만 좀 하길 바란다&quot;고... 정민찬은 1차 <b>사과</b> 당시 &quot;현생을 사느라 뉴스나 이슈 거리를 잘 모르는데 제가 뭐라고 이렇게 관심을 다 주시고, 몸 둘... "", ""pubDate"": ""Tue, 26 May 2026 18:38:00 +0900""}",,
사과,single_term_fallback,사과,"서울시, 서소문고가도로 붕괴사고 수습 총력…재난대책본부 가동",https://n.news.naver.com/mnews/article/001/0016100415?sid=102,"Tue, 26 May 2026 18:37:00 +0900",한편 국민의힘 박강수 마포구청장 후보는 유세 현장에서 이날 사고를 언급하며 자신이 구청장으로 재직하던 시기 마포구에 안전사고가 없었다고 내세웠다가 비판 여론을 의식해 <b>사과</b>문을 발표했다. 박 후보는 <b>사과</b>문에서... ,https://www.yna.co.kr/view/AKR20260526161100004?input=1195m,naver_news,사과,canonical,1.0,2026-05-26T11:50:13.707259+00:00,0,0,0,0,,한편 국민의힘 박강수 마포구청장 후보는 유세 현장에서 이날 사고를 언급하며 자신이 구청장으로 재직하던 시기 마포구에 안전사고가 없었다고 내세웠다가 비판 여론을 의식해 <b>사과</b>문을 발표했다. 박 후보는 <b>사과</b>문에서... ,"{""title"": ""서울시, 서소문고가도로 붕괴사고 수습 총력…재난대책본부 가동"", ""originallink"": ""https://www.yna.co.kr/view/AKR20260526161100004?input=1195m"", ""link"": ""https://n.news.naver.com/mnews/article/001/0016100415?sid=102"", ""description"": ""한편 국민의힘 박강수 마포구청장 후보는 유세 현장에서 이날 사고를 언급하며 자신이 구청장으로 재직하던 시기 마포구에 안전사고가 없었다고 내세웠다가 비판 여론을 의식해 <b>사과</b>문을 발표했다. 박 후보는 <b>사과</b>문에서... "", ""pubDate"": ""Tue, 26 May 2026 18:37:00 +0900""}",,
사과,single_term_fallback,사과,“잘나가던 동네마트가 편의점 됐다”…CU ‘스마트그로서리’ 가보니...,https://n.news.naver.com/mnews/article/009/0005685266?sid=101,"Tue, 26 May 2026 18:36:00 +0900","매장에는 감자·고구마·애호박·토마토 같은 채소류와 <b>사과</b>·오렌지 등 과일, 쌀까지 다양하게 갖춰져 있었다. 특히 1~2인 가구를 겨냥한 소규격 식재료 구성이 눈에 띄었다. 990원짜리 대파·깻잎·양파·양배추 같은... ",https://www.mk.co.kr/article/12058162,naver_news,사과,canonical,1.0,2026-05-26T11:50:13.707259+00:00,0,0,0,0,,"매장에는 감자·고구마·애호박·토마토 같은 채소류와 <b>사과</b>·오렌지 등 과일, 쌀까지 다양하게 갖춰져 있었다. 특히 1~2인 가구를 겨냥한 소규격 식재료 구성이 눈에 띄었다. 990원짜리 대파·깻잎·양파·양배추 같은... ","{""title"": ""“잘나가던 동네마트가 편의점 됐다”…CU ‘스마트그로서리’ 가보니..."", ""originallink"": ""https://www.mk.co.kr/article/12058162"", ""link"": ""https://n.news.naver.com/mnews/article/009/0005685266?sid=101"", ""description"": ""매장에는 감자·고구마·애호박·토마토 같은 채소류와 <b>사과</b>·오렌지 등 과일, 쌀까지 다양하게 갖춰져 있었다. 특히 1~2인 가구를 겨냥한 소규격 식재료 구성이 눈에 띄었다. 990원짜리 대파·깻잎·양파·양배추 같은... "", ""pubDate"": ""Tue, 26 May 2026 18:36:00 +0900""}",,
사과,single_term_fallback,사과,"발레단 대표, '스벅 인증' 정민찬 논란에 &quot;무대 밖에 모르는 청년&quot; 호소",http://www.celuvmedia.com/article.php?aid=1779786312521087006,"Tue, 26 May 2026 18:36:00 +0900","그러면서 &quot;<b>사과</b>문을 두 번이나 올리고 뮤지컬도 하차했는데 이젠 마녀사냥은 그만 하길 바란다&quot;고 강조했다.... 이에 정민찬은 &quot;현생을 살다 보니 이슈를 잘 몰랐다&quot;라며 <b>사과</b>했으나 비판은 계속됐고, 결국 '디아길레프... ",http://www.celuvmedia.com/article.php?aid=1779786312521087006,naver_news,사과,canonical,1.0,2026-05-26T11:50:13.707259+00:00,0,0,0,0,,"그러면서 &quot;<b>사과</b>문을 두 번이나 올리고 뮤지컬도 하차했는데 이젠 마녀사냥은 그만 하길 바란다&quot;고 강조했다.... 이에 정민찬은 &quot;현생을 살다 보니 이슈를 잘 몰랐다&quot;라며 <b>사과</b>했으나 비판은 계속됐고, 결국 '디아길레프... ","{""title"": ""발레단 대표, '스벅 인증' 정민찬 논란에 &quot;무대 밖에 모르는 청년&quot; 호소"", ""originallink"": ""http://www.celuvmedia.com/article.php?aid=1779786312521087006"", ""link"": ""http://www.celuvmedia.com/article.php?aid=1779786312521087006"", ""description"": ""그러면서 &quot;<b>사과</b>문을 두 번이나 올리고 뮤지컬도 하차했는데 이젠 마녀사냥은 그만 하길 바란다&quot;고 강조했다.... 이에 정민찬은 &quot;현생을 살다 보니 이슈를 잘 몰랐다&quot;라며 <b>사과</b>했으나 비판은 계속됐고, 결국 '디아길레프... "", ""pubDate"": ""Tue, 26 May 2026 18:36:00 +0900""}",,
사과,single_term_fallback,사과,"더불어민주당 김중남 강릉시장 후보 선대위, ‘강릉시체육회 선거 의혹...",https://n.news.naver.com/mnews/article/087/0001195505?sid=162,"Tue, 26 May 2026 18:36:00 +0900","이들은 사법당국과 선거관리위원회에 철저한 수사를 요구하는 한편, 시체육회 집행부의 사죄 및 사퇴, 김홍규 후보의 <b>사과</b> 등을 촉구했다. 앞서 김홍규 후보는 이날 자신의 선거사무소에서 기자회견을 열고 “제 배우자는... ",https://www.kwnews.co.kr/page/view/2026052650149800000,naver_news,사과,canonical,1.0,2026-05-26T11:50:13.707259+00:00,0,0,0,0,,"이들은 사법당국과 선거관리위원회에 철저한 수사를 요구하는 한편, 시체육회 집행부의 사죄 및 사퇴, 김홍규 후보의 <b>사과</b> 등을 촉구했다. 앞서 김홍규 후보는 이날 자신의 선거사무소에서 기자회견을 열고 “제 배우자는... ","{""title"": ""더불어민주당 김중남 강릉시장 후보 선대위, ‘강릉시체육회 선거 의혹..."", ""originallink"": ""https://www.kwnews.co.kr/page/view/2026052650149800000"", ""link"": ""https://n.news.naver.com/mnews/article/087/0001195505?sid=162"", ""description"": ""이들은 사법당국과 선거관리위원회에 철저한 수사를 요구하는 한편, 시체육회 집행부의 사죄 및 사퇴, 김홍규 후보의 <b>사과</b> 등을 촉구했다. 앞서 김홍규 후보는 이날 자신의 선거사무소에서 기자회견을 열고 “제 배우자는... "", ""pubDate"": ""Tue, 26 May 2026 18:36:00 +0900""}",,
사과,single_term_fallback,사과,정용진 &quot;모두 제 잘못&quot; 세 번 고개 숙였지만…여전히 냉담한 여론? [뉴스...,https://n.news.naver.com/mnews/article/057/0001950876?sid=102,"Tue, 26 May 2026 18:35:00 +0900",출연자&gt; 한민수 더불어민주당 의원 박원석 전 국회의원 권영진 국민의힘 의원 김근식 전 국민의힘 비전전략실장 이경민 변호사 #MBN #뉴스와이드 #김은미 #스타벅스 #정용진 #대국민<b>사과</b> #의혹 #텀블러 #탱크데이... ,http://www.mbn.co.kr/pages/news/newsView.php?news_seq_no=5196031,naver_news,사과,canonical,1.0,2026-05-26T11:50:13.707259+00:00,0,0,0,0,,출연자&gt; 한민수 더불어민주당 의원 박원석 전 국회의원 권영진 국민의힘 의원 김근식 전 국민의힘 비전전략실장 이경민 변호사 #MBN #뉴스와이드 #김은미 #스타벅스 #정용진 #대국민<b>사과</b> #의혹 #텀블러 #탱크데이... ,"{""title"": ""정용진 &quot;모두 제 잘못&quot; 세 번 고개 숙였지만…여전히 냉담한 여론? [뉴스..."", ""originallink"": ""http://www.mbn.co.kr/pages/news/newsView.php?news_seq_no=5196031"", ""link"": ""https://n.news.naver.com/mnews/article/057/0001950876?sid=102"", ""description"": ""출연자&gt; 한민수 더불어민주당 의원 박원석 전 국회의원 권영진 국민의힘 의원 김근식 전 국민의힘 비전전략실장 이경민 변호사 #MBN #뉴스와이드 #김은미 #스타벅스 #정용진 #대국민<b>사과</b> #의혹 #텀블러 #탱크데이... "", ""pubDate"": ""Tue, 26 May 2026 18:35:00 +0900""}",,
사과,single_term_fallback,사과,“윤석열 개<b>사과</b> 2탄” “국가폭력이 생각차이?”···정용진 대국민사...,https://n.news.naver.com/mnews/article/033/0000050925?sid=101,"Tue, 26 May 2026 18:35:00 +0900",대국민 <b>사과</b>에 대한 비판이 커지고 있다. “서로 이해하고 앞으로 나아가자” “각자 생각은 다를 수 있지만... 여권과 5·18 단체들에선 “안하느니만 못한 <b>사과</b>” “윤석열의 개 <b>사과</b> 2탄” 등이 비판이 쏟아졌다. 신정훈... ,https://weekly.khan.co.kr/article/202605261835011,naver_news,사과,canonical,1.0,2026-05-26T11:50:13.707259+00:00,0,0,0,0,,대국민 <b>사과</b>에 대한 비판이 커지고 있다. “서로 이해하고 앞으로 나아가자” “각자 생각은 다를 수 있지만... 여권과 5·18 단체들에선 “안하느니만 못한 <b>사과</b>” “윤석열의 개 <b>사과</b> 2탄” 등이 비판이 쏟아졌다. 신정훈... ,"{""title"": ""“윤석열 개<b>사과</b> 2탄” “국가폭력이 생각차이?”···정용진 대국민사..."", ""originallink"": ""https://weekly.khan.co.kr/article/202605261835011"", ""link"": ""https://n.news.naver.com/mnews/article/033/0000050925?sid=101"", ""description"": ""대국민 <b>사과</b>에 대한 비판이 커지고 있다. “서로 이해하고 앞으로 나아가자” “각자 생각은 다를 수 있지만... 여권과 5·18 단체들에선 “안하느니만 못한 <b>사과</b>” “윤석열의 개 <b>사과</b> 2탄” 등이 비판이 쏟아졌다. 신정훈... "", ""pubDate"": ""Tue, 26 May 2026 18:35:00 +0900""}",,
사과,single_term_fallback,사과,"스타벅스 충전금, 내달 1∼14일 전액 환불해준다",https://n.news.naver.com/mnews/article/020/0003722348?sid=102,"Tue, 26 May 2026 18:33:00 +0900",5·18 민주화운동 기념일에 ‘탱크데이’ 이벤트를 벌여 논란이 되자 정용진 신세계그룹 회장이 공개 석상에서 <b>사과</b>한 데 이은 후속 조치로 풀이된다. 스타벅스는 환불을 위한 관련 시스템 개발과정을 거쳐 다음달 1일부터... ,https://www.donga.com/news/Society/article/all/20260526/133995431/2,naver_news,사과,canonical,1.0,2026-05-26T11:50:13.707259+00:00,0,0,0,0,,5·18 민주화운동 기념일에 ‘탱크데이’ 이벤트를 벌여 논란이 되자 정용진 신세계그룹 회장이 공개 석상에서 <b>사과</b>한 데 이은 후속 조치로 풀이된다. 스타벅스는 환불을 위한 관련 시스템 개발과정을 거쳐 다음달 1일부터... ,"{""title"": ""스타벅스 충전금, 내달 1∼14일 전액 환불해준다"", ""originallink"": ""https://www.donga.com/news/Society/article/all/20260526/133995431/2"", ""link"": ""https://n.news.naver.com/mnews/article/020/0003722348?sid=102"", ""description"": ""5·18 민주화운동 기념일에 ‘탱크데이’ 이벤트를 벌여 논란이 되자 정용진 신세계그룹 회장이 공개 석상에서 <b>사과</b>한 데 이은 후속 조치로 풀이된다. 스타벅스는 환불을 위한 관련 시스템 개발과정을 거쳐 다음달 1일부터... "", ""pubDate"": ""Tue, 26 May 2026 18:33:00 +0900""}",,
사과,single_term_fallback,사과,&quot;스펀지처럼 쭉 흡수&quot;…의사가 꼽은 공복에 먹어야 할 음식 [건강!톡],https://n.news.naver.com/mnews/article/015/0005291487?sid=103,"Tue, 26 May 2026 18:33:00 +0900",◇ <b>사과</b> <b>사과</b> 속 펙틴이라는 수용성 식이섬유는 공복에 들어왔을 때 빛을 발한다. <b>사과</b>는 장내 유익균을 증식시키고 배변을 원활하게 한다. 또한 혈압 상승을 억제하는 칼륨이 풍부해 아침 혈압 관리에도 도움을 준다. 단... ,https://www.hankyung.com/article/2026052678937,naver_news,사과,canonical,1.0,2026-05-26T11:50:13.707259+00:00,0,0,0,0,,◇ <b>사과</b> <b>사과</b> 속 펙틴이라는 수용성 식이섬유는 공복에 들어왔을 때 빛을 발한다. <b>사과</b>는 장내 유익균을 증식시키고 배변을 원활하게 한다. 또한 혈압 상승을 억제하는 칼륨이 풍부해 아침 혈압 관리에도 도움을 준다. 단... ,"{""title"": ""&quot;스펀지처럼 쭉 흡수&quot;…의사가 꼽은 공복에 먹어야 할 음식 [건강!톡]"", ""originallink"": ""https://www.hankyung.com/article/2026052678937"", ""link"": ""https://n.news.naver.com/mnews/article/015/0005291487?sid=103"", ""description"": ""◇ <b>사과</b> <b>사과</b> 속 펙틴이라는 수용성 식이섬유는 공복에 들어왔을 때 빛을 발한다. <b>사과</b>는 장내 유익균을 증식시키고 배변을 원활하게 한다. 또한 혈압 상승을 억제하는 칼륨이 풍부해 아침 혈압 관리에도 도움을 준다. 단... "", ""pubDate"": ""Tue, 26 May 2026 18:33:00 +0900""}",,
사과,single_term_fallback,사과,"직접 광주 찾아 가나…정용진, 세 차례 고개 숙였다(종합)",https://n.news.naver.com/mnews/article/050/0000106595?sid=101,"Tue, 26 May 2026 18:33:00 +0900",정용진 신세계그룹 회장이 스타벅스코리아 ‘탱크데이’ 마케팅 논란을 수습하기 위해 대국민 <b>사과</b>에 나섰다. 논란 발생 8일 만이다. 기자회견에서는 “광주를 직접 찾아 <b>사과</b>할 의향이 있느냐”는 질문과 함께 신세계... ,https://magazine.hankyung.com/business/article/202605269501b,naver_news,사과,canonical,1.0,2026-05-26T11:50:13.707259+00:00,0,0,0,0,,정용진 신세계그룹 회장이 스타벅스코리아 ‘탱크데이’ 마케팅 논란을 수습하기 위해 대국민 <b>사과</b>에 나섰다. 논란 발생 8일 만이다. 기자회견에서는 “광주를 직접 찾아 <b>사과</b>할 의향이 있느냐”는 질문과 함께 신세계... ,"{""title"": ""직접 광주 찾아 가나…정용진, 세 차례 고개 숙였다(종합)"", ""originallink"": ""https://magazine.hankyung.com/business/article/202605269501b"", ""link"": ""https://n.news.naver.com/mnews/article/050/0000106595?sid=101"", ""description"": ""정용진 신세계그룹 회장이 스타벅스코리아 ‘탱크데이’ 마케팅 논란을 수습하기 위해 대국민 <b>사과</b>에 나섰다. 논란 발생 8일 만이다. 기자회견에서는 “광주를 직접 찾아 <b>사과</b>할 의향이 있느냐”는 질문과 함께 신세계... "", ""pubDate"": ""Tue, 26 May 2026 18:33:00 +0900""}",,
사과,single_term_fallback,사과,'혈당 스파이크' 치솟는 최악의 아침 식습관…의사도 경악 [건강!톡],https://n.news.naver.com/mnews/article/015/0005291488?sid=103,"Tue, 26 May 2026 18:33:00 +0900","<b>사과</b>의 펙틴 성분은 장내 유익균을 증식시키고 배변을 원활하게 돕는다. 또한 혈압 상승을 억제하는 칼륨이 풍부해 아침 혈압 관리에도 탁월하다. 단, 위가 약해 속 쓰림이 있는 편이라면 양배추나 달걀을 먼저 먹은 뒤... ",https://www.hankyung.com/article/2026052685787,naver_news,사과,canonical,1.0,2026-05-26T11:50:13.707259+00:00,0,0,0,0,,"<b>사과</b>의 펙틴 성분은 장내 유익균을 증식시키고 배변을 원활하게 돕는다. 또한 혈압 상승을 억제하는 칼륨이 풍부해 아침 혈압 관리에도 탁월하다. 단, 위가 약해 속 쓰림이 있는 편이라면 양배추나 달걀을 먼저 먹은 뒤... ","{""title"": ""'혈당 스파이크' 치솟는 최악의 아침 식습관…의사도 경악 [건강!톡]"", ""originallink"": ""https://www.hankyung.com/article/2026052685787"", ""link"": ""https://n.news.naver.com/mnews/article/015/0005291488?sid=103"", ""description"": ""<b>사과</b>의 펙틴 성분은 장내 유익균을 증식시키고 배변을 원활하게 돕는다. 또한 혈압 상승을 억제하는 칼륨이 풍부해 아침 혈압 관리에도 탁월하다. 단, 위가 약해 속 쓰림이 있는 편이라면 양배추나 달걀을 먼저 먹은 뒤... "", ""pubDate"": ""Tue, 26 May 2026 18:33:00 +0900""}",,
사과,single_term_fallback,사과,서소문 고가 붕괴에 &quot;마포는 사고없어 자랑&quot;…'실언 논란' 국힘 후보 사...,https://n.news.naver.com/mnews/article/088/0001011713?sid=100,"Tue, 26 May 2026 18:32:00 +0900","일자 <b>사과</b>했다. 16일 정치권에 따르면, 박 후보는 이날 서울 마포구 경의선숲길에서 장동혁 국민의힘... 논란이 확산되자 박 후보는 별도 <b>사과</b>문을 발표했다. 그는 &quot;사고 소식을 언급하며 마포구의 안전 관리에 대해... ",https://www.imaeil.com/page/view/2026052618314412083,naver_news,사과,canonical,1.0,2026-05-26T11:50:13.707259+00:00,0,0,0,0,,"일자 <b>사과</b>했다. 16일 정치권에 따르면, 박 후보는 이날 서울 마포구 경의선숲길에서 장동혁 국민의힘... 논란이 확산되자 박 후보는 별도 <b>사과</b>문을 발표했다. 그는 &quot;사고 소식을 언급하며 마포구의 안전 관리에 대해... ","{""title"": ""서소문 고가 붕괴에 &quot;마포는 사고없어 자랑&quot;…'실언 논란' 국힘 후보 사..."", ""originallink"": ""https://www.imaeil.com/page/view/2026052618314412083"", ""link"": ""https://n.news.naver.com/mnews/article/088/0001011713?sid=100"", ""description"": ""일자 <b>사과</b>했다. 16일 정치권에 따르면, 박 후보는 이날 서울 마포구 경의선숲길에서 장동혁 국민의힘... 논란이 확산되자 박 후보는 별도 <b>사과</b>문을 발표했다. 그는 &quot;사고 소식을 언급하며 마포구의 안전 관리에 대해... "", ""pubDate"": ""Tue, 26 May 2026 18:32:00 +0900""}",,
사과,single_term_fallback,사과,"티젠, 마시는 샐러드 '샐러드쏙' 출시…20가지 채소 1포에 담아",https://www.betanews.net/article/view/beta202605260008,"Tue, 26 May 2026 18:32:00 +0900","경북산 풋<b>사과</b>로 발효한 애플사이다비니거 2,000mg과 NFC 당근착즙액 3,000mg을 배합했으며, 1포당 열량은 10kcal다. 물에 타거나 탄산수와 함께 마실 수 있으며, 식전 섭취를 권장한다. 티젠은 기존 푸룬쏙, 레몬쏙에... ",https://www.betanews.net/article/view/beta202605260008,naver_news,사과,canonical,1.0,2026-05-26T11:50:13.707259+00:00,0,0,0,0,,"경북산 풋<b>사과</b>로 발효한 애플사이다비니거 2,000mg과 NFC 당근착즙액 3,000mg을 배합했으며, 1포당 열량은 10kcal다. 물에 타거나 탄산수와 함께 마실 수 있으며, 식전 섭취를 권장한다. 티젠은 기존 푸룬쏙, 레몬쏙에... ","{""title"": ""티젠, 마시는 샐러드 '샐러드쏙' 출시…20가지 채소 1포에 담아"", ""originallink"": ""https://www.betanews.net/article/view/beta202605260008"", ""link"": ""https://www.betanews.net/article/view/beta202605260008"", ""description"": ""경북산 풋<b>사과</b>로 발효한 애플사이다비니거 2,000mg과 NFC 당근착즙액 3,000mg을 배합했으며, 1포당 열량은 10kcal다. 물에 타거나 탄산수와 함께 마실 수 있으며, 식전 섭취를 권장한다. 티젠은 기존 푸룬쏙, 레몬쏙에... "", ""pubDate"": ""Tue, 26 May 2026 18:32:00 +0900""}",,
사과,single_term_fallback,사과,일자리 10만 개 공약·전과 두고 설전,https://www.idomin.com/news/articleView.html?idxno=2006621,"Tue, 26 May 2026 18:32:00 +0900",송 후보는 &quot;16년 전 일은 공개 <b>사과</b>를 했고 시·도의원을 거치면서 시민 판단을 받았다&quot;면서 &quot;지금은 민주당 당원이며 박근혜 정부 당시 정당 해산이 바람직하지 않다고 생각한다&quot;고 답했다. 송 후보는 선거관리위원회의... ,https://www.idomin.com/news/articleView.html?idxno=2006621,naver_news,사과,canonical,1.0,2026-05-26T11:50:13.707259+00:00,0,0,0,0,,송 후보는 &quot;16년 전 일은 공개 <b>사과</b>를 했고 시·도의원을 거치면서 시민 판단을 받았다&quot;면서 &quot;지금은 민주당 당원이며 박근혜 정부 당시 정당 해산이 바람직하지 않다고 생각한다&quot;고 답했다. 송 후보는 선거관리위원회의... ,"{""title"": ""일자리 10만 개 공약·전과 두고 설전"", ""originallink"": ""https://www.idomin.com/news/articleView.html?idxno=2006621"", ""link"": ""https://www.idomin.com/news/articleView.html?idxno=2006621"", ""description"": ""송 후보는 &quot;16년 전 일은 공개 <b>사과</b>를 했고 시·도의원을 거치면서 시민 판단을 받았다&quot;면서 &quot;지금은 민주당 당원이며 박근혜 정부 당시 정당 해산이 바람직하지 않다고 생각한다&quot;고 답했다. 송 후보는 선거관리위원회의... "", ""pubDate"": ""Tue, 26 May 2026 18:32:00 +0900""}",,
사과,single_term_fallback,사과,유지곤·전문학 후보 단일화 '최악의 유권자 기만 행위' 비판,http://www.gocj.net/news/articleView.html?idxno=148703,"Tue, 26 May 2026 18:30:00 +0900","이와 함께 유 후보와 전 후보는 서구민은 안중에도 없는 정치적 이합 집산과 야합 시도에 주민에게 <b>사과</b>하라고 촉구하면서 오직 권력 획득만을 위한 정치 공학적 단일화를 끝내 강행한다면, 꼼수와 계산으로 표를... ",http://www.gocj.net/news/articleView.html?idxno=148703,naver_news,사과,canonical,1.0,2026-05-26T11:50:13.707259+00:00,0,0,0,0,,"이와 함께 유 후보와 전 후보는 서구민은 안중에도 없는 정치적 이합 집산과 야합 시도에 주민에게 <b>사과</b>하라고 촉구하면서 오직 권력 획득만을 위한 정치 공학적 단일화를 끝내 강행한다면, 꼼수와 계산으로 표를... ","{""title"": ""유지곤·전문학 후보 단일화 '최악의 유권자 기만 행위' 비판"", ""originallink"": ""http://www.gocj.net/news/articleView.html?idxno=148703"", ""link"": ""http://www.gocj.net/news/articleView.html?idxno=148703"", ""description"": ""이와 함께 유 후보와 전 후보는 서구민은 안중에도 없는 정치적 이합 집산과 야합 시도에 주민에게 <b>사과</b>하라고 촉구하면서 오직 권력 획득만을 위한 정치 공학적 단일화를 끝내 강행한다면, 꼼수와 계산으로 표를... "", ""pubDate"": ""Tue, 26 May 2026 18:30:00 +0900""}",,
사과,single_term_fallback,사과,"[사설]정용진 회장, 스타벅스 '탱크데이' <b>사과</b>…진정성엔 의문",https://www.namdonews.com/news/articleView.html?idxno=911634,"Tue, 26 May 2026 18:30:00 +0900","정용진 신세계그룹 회장이 26일 스타벅스의 5·18 '탱크데이' 이벤트 논란과 관련, 직접 <b>사과</b>했지만, 진정성엔... 광주·전남추모연대도 성명을 내고 &quot;정 회장의 사퇴 없는 면피성 <b>사과</b>는 광주시민에 대한 기만&quot;이라고... ",https://www.namdonews.com/news/articleView.html?idxno=911634,naver_news,사과,canonical,1.0,2026-05-26T11:50:13.707259+00:00,0,0,0,0,,"정용진 신세계그룹 회장이 26일 스타벅스의 5·18 '탱크데이' 이벤트 논란과 관련, 직접 <b>사과</b>했지만, 진정성엔... 광주·전남추모연대도 성명을 내고 &quot;정 회장의 사퇴 없는 면피성 <b>사과</b>는 광주시민에 대한 기만&quot;이라고... ","{""title"": ""[사설]정용진 회장, 스타벅스 '탱크데이' <b>사과</b>…진정성엔 의문"", ""originallink"": ""https://www.namdonews.com/news/articleView.html?idxno=911634"", ""link"": ""https://www.namdonews.com/news/articleView.html?idxno=911634"", ""description"": ""정용진 신세계그룹 회장이 26일 스타벅스의 5·18 '탱크데이' 이벤트 논란과 관련, 직접 <b>사과</b>했지만, 진정성엔... 광주·전남추모연대도 성명을 내고 &quot;정 회장의 사퇴 없는 면피성 <b>사과</b>는 광주시민에 대한 기만&quot;이라고... "", ""pubDate"": ""Tue, 26 May 2026 18:30:00 +0900""}",,
사과,single_term_fallback,사과,[여의도24시] 대통령의 SNS가 집어삼킨 '지방선거',http://www.enewstoday.co.kr/news/articleView.html?idxno=2433021,"Tue, 26 May 2026 18:30:00 +0900","이후 정용진 신세계그룹 회장의 <b>사과</b>와 경영진 책임론까지 이어지며 논란은 단숨에 전국적 이슈로 확산됐다. 뒤이어 무신사의 과거 광고 논란까지 재조명되면서 정치권 화두는 다시 5·18과 민주주의 가치, 혐오 문화... ",http://www.enewstoday.co.kr/news/articleView.html?idxno=2433021,naver_news,사과,canonical,1.0,2026-05-26T11:50:13.707259+00:00,0,0,0,0,,"이후 정용진 신세계그룹 회장의 <b>사과</b>와 경영진 책임론까지 이어지며 논란은 단숨에 전국적 이슈로 확산됐다. 뒤이어 무신사의 과거 광고 논란까지 재조명되면서 정치권 화두는 다시 5·18과 민주주의 가치, 혐오 문화... ","{""title"": ""[여의도24시] 대통령의 SNS가 집어삼킨 '지방선거'"", ""originallink"": ""http://www.enewstoday.co.kr/news/articleView.html?idxno=2433021"", ""link"": ""http://www.enewstoday.co.kr/news/articleView.html?idxno=2433021"", ""description"": ""이후 정용진 신세계그룹 회장의 <b>사과</b>와 경영진 책임론까지 이어지며 논란은 단숨에 전국적 이슈로 확산됐다. 뒤이어 무신사의 과거 광고 논란까지 재조명되면서 정치권 화두는 다시 5·18과 민주주의 가치, 혐오 문화... "", ""pubDate"": ""Tue, 26 May 2026 18:30:00 +0900""}",,
사과,single_term_fallback,사과,"吳, 안전공세에 스크린도어 성과로 반박…전철역 83곳 증설공약도(종합...",https://n.news.naver.com/mnews/article/001/0016100405?sid=100,"Tue, 26 May 2026 18:30:00 +0900",이어 &quot;더욱이 성동구청장 출신인 정 후보는 누구보다 지방의회의 권한과 회의록의 공적 효력을 잘 알고 있음에도 이런 발언을 했다는 점에서 심각성이 더욱 크다&quot;며 &quot;양천구의회와 양천구민에게 즉각 <b>사과</b>하라&quot;고... ,https://www.yna.co.kr/view/AKR20260526081851001?input=1195m,naver_news,사과,canonical,1.0,2026-05-26T11:50:13.707259+00:00,0,0,0,0,,이어 &quot;더욱이 성동구청장 출신인 정 후보는 누구보다 지방의회의 권한과 회의록의 공적 효력을 잘 알고 있음에도 이런 발언을 했다는 점에서 심각성이 더욱 크다&quot;며 &quot;양천구의회와 양천구민에게 즉각 <b>사과</b>하라&quot;고... ,"{""title"": ""吳, 안전공세에 스크린도어 성과로 반박…전철역 83곳 증설공약도(종합..."", ""originallink"": ""https://www.yna.co.kr/view/AKR20260526081851001?input=1195m"", ""link"": ""https://n.news.naver.com/mnews/article/001/0016100405?sid=100"", ""description"": ""이어 &quot;더욱이 성동구청장 출신인 정 후보는 누구보다 지방의회의 권한과 회의록의 공적 효력을 잘 알고 있음에도 이런 발언을 했다는 점에서 심각성이 더욱 크다&quot;며 &quot;양천구의회와 양천구민에게 즉각 <b>사과</b>하라&quot;고... "", ""pubDate"": ""Tue, 26 May 2026 18:30:00 +0900""}",,
사과,single_term_fallback,사과,서소문 사고에 “마포는 큰 사고 없어 자랑” 마포구청장 후보 발언 논...,https://n.news.naver.com/mnews/article/449/0000346608?sid=102,"Tue, 26 May 2026 18:30:00 +0900",이후 박 후보는 SNS를 통해 <b>사과</b>문을 올렸습니다. 현직 마포구청장인 박 후보는 이날 오후 마포 경의선숲길... 박 후보는 이후 발언에 대한 논란이 이어지자 SNS를 통해 <b>사과</b>했습니다. 박 후보는 “엄중함에도 불구하고... ,https://www.ichannela.com/news/main/news_detailPage.do?publishId=000000531098,naver_news,사과,canonical,1.0,2026-05-26T11:50:13.707259+00:00,0,0,0,0,,이후 박 후보는 SNS를 통해 <b>사과</b>문을 올렸습니다. 현직 마포구청장인 박 후보는 이날 오후 마포 경의선숲길... 박 후보는 이후 발언에 대한 논란이 이어지자 SNS를 통해 <b>사과</b>했습니다. 박 후보는 “엄중함에도 불구하고... ,"{""title"": ""서소문 사고에 “마포는 큰 사고 없어 자랑” 마포구청장 후보 발언 논..."", ""originallink"": ""https://www.ichannela.com/news/main/news_detailPage.do?publishId=000000531098"", ""link"": ""https://n.news.naver.com/mnews/article/449/0000346608?sid=102"", ""description"": ""이후 박 후보는 SNS를 통해 <b>사과</b>문을 올렸습니다. 현직 마포구청장인 박 후보는 이날 오후 마포 경의선숲길... 박 후보는 이후 발언에 대한 논란이 이어지자 SNS를 통해 <b>사과</b>했습니다. 박 후보는 “엄중함에도 불구하고... "", ""pubDate"": ""Tue, 26 May 2026 18:30:00 +0900""}",,
사과,single_term_fallback,사과,정용진 &quot;제 책임&quot; 공개 <b>사과</b>… 5·18 단체 &quot;진정한 후속 조치를”,https://n.news.naver.com/mnews/article/082/0001382512?sid=101,"Tue, 26 May 2026 18:29:00 +0900","신세계그룹 정용진 회장이 스타벅스의 ‘탱크데이’ 이벤트에 대한 논란을 진화하기 위해 대국민 <b>사과</b>에 나섰다. 정 회장이 회장직에 오른 뒤 처음으로 대국민 <b>사과</b>에 나선 것을 두고, 이번 사태가 그룹 전반에 악영향을... ",https://www.busan.com/view/busan/view.php?code=2026052618274857026,naver_news,사과,canonical,1.0,2026-05-26T11:50:13.707259+00:00,0,0,0,0,,"신세계그룹 정용진 회장이 스타벅스의 ‘탱크데이’ 이벤트에 대한 논란을 진화하기 위해 대국민 <b>사과</b>에 나섰다. 정 회장이 회장직에 오른 뒤 처음으로 대국민 <b>사과</b>에 나선 것을 두고, 이번 사태가 그룹 전반에 악영향을... ","{""title"": ""정용진 &quot;제 책임&quot; 공개 <b>사과</b>… 5·18 단체 &quot;진정한 후속 조치를”"", ""originallink"": ""https://www.busan.com/view/busan/view.php?code=2026052618274857026"", ""link"": ""https://n.news.naver.com/mnews/article/082/0001382512?sid=101"", ""description"": ""신세계그룹 정용진 회장이 스타벅스의 ‘탱크데이’ 이벤트에 대한 논란을 진화하기 위해 대국민 <b>사과</b>에 나섰다. 정 회장이 회장직에 오른 뒤 처음으로 대국민 <b>사과</b>에 나선 것을 두고, 이번 사태가 그룹 전반에 악영향을... "", ""pubDate"": ""Tue, 26 May 2026 18:29:00 +0900""}",,
사과,single_term_fallback,사과,"민주노총, 정용진 <b>사과</b>에도 “노동자 방패막이 삼아 총수 면피”",https://n.news.naver.com/mnews/article/021/0002793646?sid=101,"Tue, 26 May 2026 18:29:00 +0900",대국민 <b>사과</b> 기자회견에서 고개를 숙이고 있다. 뉴시스 전국민주노동조합총연맹은 정용진 신세계그룹 회장이 26일 스타벅스 ‘탱크데이’ 이벤트 논란과 관련 <b>사과</b>한 데 대해 “유체이탈식 <b>사과</b>”라고 비판했다.... ,https://www.munhwa.com/article/11591387?ref=naver,naver_news,사과,canonical,1.0,2026-05-26T11:50:13.707259+00:00,0,0,0,0,,대국민 <b>사과</b> 기자회견에서 고개를 숙이고 있다. 뉴시스 전국민주노동조합총연맹은 정용진 신세계그룹 회장이 26일 스타벅스 ‘탱크데이’ 이벤트 논란과 관련 <b>사과</b>한 데 대해 “유체이탈식 <b>사과</b>”라고 비판했다.... ,"{""title"": ""민주노총, 정용진 <b>사과</b>에도 “노동자 방패막이 삼아 총수 면피”"", ""originallink"": ""https://www.munhwa.com/article/11591387?ref=naver"", ""link"": ""https://n.news.naver.com/mnews/article/021/0002793646?sid=101"", ""description"": ""대국민 <b>사과</b> 기자회견에서 고개를 숙이고 있다. 뉴시스 전국민주노동조합총연맹은 정용진 신세계그룹 회장이 26일 스타벅스 ‘탱크데이’ 이벤트 논란과 관련 <b>사과</b>한 데 대해 “유체이탈식 <b>사과</b>”라고 비판했다.... "", ""pubDate"": ""Tue, 26 May 2026 18:29:00 +0900""}",,
사과,single_term_fallback,사과,별다방의 별난 <b>사과</b> — 정용진 '스타벅스 탱크데이' <b>사과</b>문의 진정성,https://www.ilemonde.com/news/articleView.html?idxno=30077,"Tue, 26 May 2026 18:28:00 +0900",그는 &quot;진심으로 머리 숙여 사죄드리며 여러분들의 용서를 구한다&quot;는 말로 <b>사과</b>문을 열었다. 이어 &quot;이번 일에 대한 모든 책임은 저에게 있다. 제 잘못&quot;이라고 밝혔다. &quot;어떠한 변명도 하지 않겠다&quot;며 &quot;오늘의 <b>사과</b>를 끝이... ,https://www.ilemonde.com/news/articleView.html?idxno=30077,naver_news,사과,canonical,1.0,2026-05-26T11:50:13.707259+00:00,0,0,0,0,,그는 &quot;진심으로 머리 숙여 사죄드리며 여러분들의 용서를 구한다&quot;는 말로 <b>사과</b>문을 열었다. 이어 &quot;이번 일에 대한 모든 책임은 저에게 있다. 제 잘못&quot;이라고 밝혔다. &quot;어떠한 변명도 하지 않겠다&quot;며 &quot;오늘의 <b>사과</b>를 끝이... ,"{""title"": ""별다방의 별난 <b>사과</b> — 정용진 '스타벅스 탱크데이' <b>사과</b>문의 진정성"", ""originallink"": ""https://www.ilemonde.com/news/articleView.html?idxno=30077"", ""link"": ""https://www.ilemonde.com/news/articleView.html?idxno=30077"", ""description"": ""그는 &quot;진심으로 머리 숙여 사죄드리며 여러분들의 용서를 구한다&quot;는 말로 <b>사과</b>문을 열었다. 이어 &quot;이번 일에 대한 모든 책임은 저에게 있다. 제 잘못&quot;이라고 밝혔다. &quot;어떠한 변명도 하지 않겠다&quot;며 &quot;오늘의 <b>사과</b>를 끝이... "", ""pubDate"": ""Tue, 26 May 2026 18:28:00 +0900""}",,
사과,single_term_fallback,사과,과수화상병 충북 보은서 발생 확인…농진청 &quot;확산 차단 총력&quot;,https://n.news.naver.com/mnews/article/421/0008967261?sid=102,"Tue, 26 May 2026 18:27:00 +0900","농촌진흥청은 지금까지 과수화상병이 발생하지 않았던 충북 보은군 산외면, 수한면에 있는 <b>사과</b> 과수원... 채의석 농진청 재해대응과장은 &quot;그간 미발생 지역에서 신규 발생이 확인되고 있어 조기 발견을 위한 <b>사과</b>, 배... ",https://www.news1.kr/economy/agri-food/6178205,naver_news,사과,canonical,1.0,2026-05-26T11:50:13.707259+00:00,0,0,0,0,,"농촌진흥청은 지금까지 과수화상병이 발생하지 않았던 충북 보은군 산외면, 수한면에 있는 <b>사과</b> 과수원... 채의석 농진청 재해대응과장은 &quot;그간 미발생 지역에서 신규 발생이 확인되고 있어 조기 발견을 위한 <b>사과</b>, 배... ","{""title"": ""과수화상병 충북 보은서 발생 확인…농진청 &quot;확산 차단 총력&quot;"", ""originallink"": ""https://www.news1.kr/economy/agri-food/6178205"", ""link"": ""https://n.news.naver.com/mnews/article/421/0008967261?sid=102"", ""description"": ""농촌진흥청은 지금까지 과수화상병이 발생하지 않았던 충북 보은군 산외면, 수한면에 있는 <b>사과</b> 과수원... 채의석 농진청 재해대응과장은 &quot;그간 미발생 지역에서 신규 발생이 확인되고 있어 조기 발견을 위한 <b>사과</b>, 배... "", ""pubDate"": ""Tue, 26 May 2026 18:27:00 +0900""}",,
사과,single_term_fallback,사과,"스타벅스, '5·18 탱크데이' 대국민 <b>사과</b>에도 논란 계속되는 이유는?",https://www.bbc.com/korean/articles/c3e22wljk7ko?xtor=AL-73-%5Bpartner%5D-%5Bnaver%5D-%5Bheadline%5D-%5Bkorean%5D-%5Bbizdev%5D-%5Bisapi%5D,"Tue, 26 May 2026 18:26:00 +0900","정용진 신세계그룹 회장은 26일 오전 서울 강남구 조선팰리스 호텔에서 대국민<b>사과</b>를 통해 &quot;이번 일로 깊은... 앞서 정 회장은 사태가 처음 불거진 이튿날인 19일 홈페이지를 통해 대국민 <b>사과</b>문을 발표했으나, 여론과... ",https://www.bbc.com/korean/articles/c3e22wljk7ko?xtor=AL-73-%5Bpartner%5D-%5Bnaver%5D-%5Bheadline%5D-%5Bkorean%5D-%5Bbizdev%5D-%5Bisapi%5D,naver_news,사과,canonical,1.0,2026-05-26T11:50:13.707259+00:00,0,0,0,0,,"정용진 신세계그룹 회장은 26일 오전 서울 강남구 조선팰리스 호텔에서 대국민<b>사과</b>를 통해 &quot;이번 일로 깊은... 앞서 정 회장은 사태가 처음 불거진 이튿날인 19일 홈페이지를 통해 대국민 <b>사과</b>문을 발표했으나, 여론과... ","{""title"": ""스타벅스, '5·18 탱크데이' 대국민 <b>사과</b>에도 논란 계속되는 이유는?"", ""originallink"": ""https://www.bbc.com/korean/articles/c3e22wljk7ko?xtor=AL-73-%5Bpartner%5D-%5Bnaver%5D-%5Bheadline%5D-%5Bkorean%5D-%5Bbizdev%5D-%5Bisapi%5D"", ""link"": ""https://www.bbc.com/korean/articles/c3e22wljk7ko?xtor=AL-73-%5Bpartner%5D-%5Bnaver%5D-%5Bheadline%5D-%5Bkorean%5D-%5Bbizdev%5D-%5Bisapi%5D"", ""description"": ""정용진 신세계그룹 회장은 26일 오전 서울 강남구 조선팰리스 호텔에서 대국민<b>사과</b>를 통해 &quot;이번 일로 깊은... 앞서 정 회장은 사태가 처음 불거진 이튿날인 19일 홈페이지를 통해 대국민 <b>사과</b>문을 발표했으나, 여론과... "", ""pubDate"": ""Tue, 26 May 2026 18:26:00 +0900""}",,
사과,single_term_fallback,사과,“책임은 경영진에게…고의성 못 찾아”,https://n.news.naver.com/mnews/article/382/0001275288?sid=101,"Tue, 26 May 2026 18:26:00 +0900","대국민 <b>사과</b> 스타벅스코리아가 5·18 민주화운동 46주년 기념일에 ‘탱크데이’ 행사로 논란을 일으킨 가운데, 정용진 신세계 회장이 26일 서울 강남 소재 조선팰리스 호텔에서 대국민 <b>사과</b>에 나섰다. 검은 정장에 짙은 남색... ",https://sports.donga.com/economy/article/all/20260526/133990866/1,naver_news,사과,canonical,1.0,2026-05-26T11:50:13.707259+00:00,0,0,0,0,,"대국민 <b>사과</b> 스타벅스코리아가 5·18 민주화운동 46주년 기념일에 ‘탱크데이’ 행사로 논란을 일으킨 가운데, 정용진 신세계 회장이 26일 서울 강남 소재 조선팰리스 호텔에서 대국민 <b>사과</b>에 나섰다. 검은 정장에 짙은 남색... ","{""title"": ""“책임은 경영진에게…고의성 못 찾아”"", ""originallink"": ""https://sports.donga.com/economy/article/all/20260526/133990866/1"", ""link"": ""https://n.news.naver.com/mnews/article/382/0001275288?sid=101"", ""description"": ""대국민 <b>사과</b> 스타벅스코리아가 5·18 민주화운동 46주년 기념일에 ‘탱크데이’ 행사로 논란을 일으킨 가운데, 정용진 신세계 회장이 26일 서울 강남 소재 조선팰리스 호텔에서 대국민 <b>사과</b>에 나섰다. 검은 정장에 짙은 남색... "", ""pubDate"": ""Tue, 26 May 2026 18:26:00 +0900""}",,
사과,single_term_fallback,사과,"유통업계, 이슈 판단 실패 논란 반복… 신뢰 리스크 지속",http://www.newslock.co.kr/news/articleView.html?idxno=130550,"Tue, 26 May 2026 18:26:00 +0900","중단하고 <b>사과</b> 입장을 밝혔다. 정용진 신세계그룹 회장은 대표이사 해임을 지시한 데 이어 이날 직접 <b>사과</b>했다. 다만 <b>사과</b> 이후에도 소비자 반응은 쉽게 가라앉지 않고 있다. 이용자들 사이에서는 멤버십 탈퇴, 선불카드... ",http://www.newslock.co.kr/news/articleView.html?idxno=130550,naver_news,사과,canonical,1.0,2026-05-26T11:50:13.707259+00:00,0,0,0,0,,"중단하고 <b>사과</b> 입장을 밝혔다. 정용진 신세계그룹 회장은 대표이사 해임을 지시한 데 이어 이날 직접 <b>사과</b>했다. 다만 <b>사과</b> 이후에도 소비자 반응은 쉽게 가라앉지 않고 있다. 이용자들 사이에서는 멤버십 탈퇴, 선불카드... ","{""title"": ""유통업계, 이슈 판단 실패 논란 반복… 신뢰 리스크 지속"", ""originallink"": ""http://www.newslock.co.kr/news/articleView.html?idxno=130550"", ""link"": ""http://www.newslock.co.kr/news/articleView.html?idxno=130550"", ""description"": ""중단하고 <b>사과</b> 입장을 밝혔다. 정용진 신세계그룹 회장은 대표이사 해임을 지시한 데 이어 이날 직접 <b>사과</b>했다. 다만 <b>사과</b> 이후에도 소비자 반응은 쉽게 가라앉지 않고 있다. 이용자들 사이에서는 멤버십 탈퇴, 선불카드... "", ""pubDate"": ""Tue, 26 May 2026 18:26:00 +0900""}",,
사과,single_term_fallback,사과,"김영록 지사, 신세계 '5·18 탱크데이' <b>사과</b>…악어의 눈물",https://n.news.naver.com/mnews/article/277/0005767915?sid=102,"Tue, 26 May 2026 18:26:00 +0900",김영록 전라남도지사가 정용진 신세계그룹 회장의 '5·18 탱크데이' 관련 대국민 <b>사과</b>를 두고 &quot;일말의 진정성도 찾아볼 수 없다&quot;고 강도 높게 비판했다. 김 지사는 26일 공식 입장문을 통해 &quot;정용진 회장의 대국민 <b>사과</b>를... ,https://view.asiae.co.kr/article/2026052618262197876,naver_news,사과,canonical,1.0,2026-05-26T11:50:13.707259+00:00,0,0,0,0,,김영록 전라남도지사가 정용진 신세계그룹 회장의 '5·18 탱크데이' 관련 대국민 <b>사과</b>를 두고 &quot;일말의 진정성도 찾아볼 수 없다&quot;고 강도 높게 비판했다. 김 지사는 26일 공식 입장문을 통해 &quot;정용진 회장의 대국민 <b>사과</b>를... ,"{""title"": ""김영록 지사, 신세계 '5·18 탱크데이' <b>사과</b>…악어의 눈물"", ""originallink"": ""https://view.asiae.co.kr/article/2026052618262197876"", ""link"": ""https://n.news.naver.com/mnews/article/277/0005767915?sid=102"", ""description"": ""김영록 전라남도지사가 정용진 신세계그룹 회장의 '5·18 탱크데이' 관련 대국민 <b>사과</b>를 두고 &quot;일말의 진정성도 찾아볼 수 없다&quot;고 강도 높게 비판했다. 김 지사는 26일 공식 입장문을 통해 &quot;정용진 회장의 대국민 <b>사과</b>를... "", ""pubDate"": ""Tue, 26 May 2026 18:26:00 +0900""}",,
사과,single_term_fallback,사과,[포토]한 기자와 언쟁을 벌이는 김세의 가세연 대표,https://n.news.naver.com/mnews/article/018/0006290979?sid=102,"Tue, 26 May 2026 18:25:00 +0900",김새론에게 <b>사과</b>하라고 답변하고 있다 배우 김수현 씨의 명예를 훼손한 혐의를 받고 있는 김세의... 피의자 심문(영장실질심사)을 마치고 경찰 차량으로 이동하며 취재진의 질문에 고 김새론에게 <b>사과</b>하라고 답변하고 있다,https://www.edaily.co.kr/news/newspath.asp?newsid=04680566645452856,naver_news,사과,canonical,1.0,2026-05-26T11:50:13.707259+00:00,0,0,0,0,,김새론에게 <b>사과</b>하라고 답변하고 있다 배우 김수현 씨의 명예를 훼손한 혐의를 받고 있는 김세의... 피의자 심문(영장실질심사)을 마치고 경찰 차량으로 이동하며 취재진의 질문에 고 김새론에게 <b>사과</b>하라고 답변하고 있다,"{""title"": ""[포토]한 기자와 언쟁을 벌이는 김세의 가세연 대표"", ""originallink"": ""https://www.edaily.co.kr/news/newspath.asp?newsid=04680566645452856"", ""link"": ""https://n.news.naver.com/mnews/article/018/0006290979?sid=102"", ""description"": ""김새론에게 <b>사과</b>하라고 답변하고 있다 배우 김수현 씨의 명예를 훼손한 혐의를 받고 있는 김세의... 피의자 심문(영장실질심사)을 마치고 경찰 차량으로 이동하며 취재진의 질문에 고 김새론에게 <b>사과</b>하라고 답변하고 있다"", ""pubDate"": ""Tue, 26 May 2026 18:25:00 +0900""}",,
사과,single_term_fallback,사과,머리 숙인 정용진 &quot;모든 책임은 저에게… 변명하지 않겠다&quot;,https://n.news.naver.com/mnews/article/014/0005526672?sid=101,"Tue, 26 May 2026 18:25:00 +0900",정용진 신세계그룹 회장이 스타벅스코리아의 '탱크데이' 마케팅 논란과 관련해 직접 대국민 <b>사과</b>를 했다.... 이어 &quot;어떠한 변명도 하지 않겠다&quot;며 &quot;오늘의 <b>사과</b>를 끝이 아닌 시작으로 삼고 국민 여러분의 신뢰를 다시 얻을... ,http://www.fnnews.com/news/202605261823045994,naver_news,사과,canonical,1.0,2026-05-26T11:50:13.707259+00:00,0,0,0,0,,정용진 신세계그룹 회장이 스타벅스코리아의 '탱크데이' 마케팅 논란과 관련해 직접 대국민 <b>사과</b>를 했다.... 이어 &quot;어떠한 변명도 하지 않겠다&quot;며 &quot;오늘의 <b>사과</b>를 끝이 아닌 시작으로 삼고 국민 여러분의 신뢰를 다시 얻을... ,"{""title"": ""머리 숙인 정용진 &quot;모든 책임은 저에게… 변명하지 않겠다&quot;"", ""originallink"": ""http://www.fnnews.com/news/202605261823045994"", ""link"": ""https://n.news.naver.com/mnews/article/014/0005526672?sid=101"", ""description"": ""정용진 신세계그룹 회장이 스타벅스코리아의 '탱크데이' 마케팅 논란과 관련해 직접 대국민 <b>사과</b>를 했다.... 이어 &quot;어떠한 변명도 하지 않겠다&quot;며 &quot;오늘의 <b>사과</b>를 끝이 아닌 시작으로 삼고 국민 여러분의 신뢰를 다시 얻을... "", ""pubDate"": ""Tue, 26 May 2026 18:25:00 +0900""}",,
사과,single_term_fallback,사과,광주·전남추모연대 &quot;신세계 회장 퇴진할 때까지 투쟁&quot;,https://www.namdonews.com/news/articleView.html?idxno=911733,"Tue, 26 May 2026 18:24:00 +0900","정용진 신세계그룹 회장이 26일 스타벅스코리아의 역사 왜곡 논란과 관련해 직접 대국민 <b>사과</b>에 나선 가운데, 광주·전남추모연대는 즉각 성명을 내고 &quot;정용진 회장의 사퇴 없는 면피성 <b>사과</b>는 광주 시민에 대한 기만... ",https://www.namdonews.com/news/articleView.html?idxno=911733,naver_news,사과,canonical,1.0,2026-05-26T11:50:13.707259+00:00,0,0,0,0,,"정용진 신세계그룹 회장이 26일 스타벅스코리아의 역사 왜곡 논란과 관련해 직접 대국민 <b>사과</b>에 나선 가운데, 광주·전남추모연대는 즉각 성명을 내고 &quot;정용진 회장의 사퇴 없는 면피성 <b>사과</b>는 광주 시민에 대한 기만... ","{""title"": ""광주·전남추모연대 &quot;신세계 회장 퇴진할 때까지 투쟁&quot;"", ""originallink"": ""https://www.namdonews.com/news/articleView.html?idxno=911733"", ""link"": ""https://www.namdonews.com/news/articleView.html?idxno=911733"", ""description"": ""정용진 신세계그룹 회장이 26일 스타벅스코리아의 역사 왜곡 논란과 관련해 직접 대국민 <b>사과</b>에 나선 가운데, 광주·전남추모연대는 즉각 성명을 내고 &quot;정용진 회장의 사퇴 없는 면피성 <b>사과</b>는 광주 시민에 대한 기만... "", ""pubDate"": ""Tue, 26 May 2026 18:24:00 +0900""}",,
사과,single_term_fallback,사과,"[사설] 정용진 '탱크 데이' <b>사과</b>, 기획 의도는 수사로 밝혀야",https://n.news.naver.com/mnews/article/014/0005526667?sid=110,"Tue, 26 May 2026 18:24:00 +0900",대국민 <b>사과</b>문을 발표했다. 그러면서 이벤트 동기를 자체 조사한 결과 고의성을 갖고 마케팅을 기획한 사실을 입증할 명확한 근거를 찾지 못했다고 밝혔다. 더불어민주당은 정 회장의 <b>사과</b>에 대해 진정성이 있다고 논평한... ,http://www.fnnews.com/news/202605261822129290,naver_news,사과,canonical,1.0,2026-05-26T11:50:13.707259+00:00,0,0,0,0,,대국민 <b>사과</b>문을 발표했다. 그러면서 이벤트 동기를 자체 조사한 결과 고의성을 갖고 마케팅을 기획한 사실을 입증할 명확한 근거를 찾지 못했다고 밝혔다. 더불어민주당은 정 회장의 <b>사과</b>에 대해 진정성이 있다고 논평한... ,"{""title"": ""[사설] 정용진 '탱크 데이' <b>사과</b>, 기획 의도는 수사로 밝혀야"", ""originallink"": ""http://www.fnnews.com/news/202605261822129290"", ""link"": ""https://n.news.naver.com/mnews/article/014/0005526667?sid=110"", ""description"": ""대국민 <b>사과</b>문을 발표했다. 그러면서 이벤트 동기를 자체 조사한 결과 고의성을 갖고 마케팅을 기획한 사실을 입증할 명확한 근거를 찾지 못했다고 밝혔다. 더불어민주당은 정 회장의 <b>사과</b>에 대해 진정성이 있다고 논평한... "", ""pubDate"": ""Tue, 26 May 2026 18:24:00 +0900""}",,
사과,single_term_fallback,사과,정쟁으로 변질된 '스타벅스 사태',https://www.sisaweek.com/news/articleView.html?idxno=235730,"Tue, 26 May 2026 18:24:00 +0900","불매운동이 확산하자 정용진 신세계 그룹 회장이 26일 대국민 <b>사과</b>에 나섰지만, 이번 사태는 6·3 지방선거를 앞두고 여야 간 정치 공방으로 번지는 모양새다. 더불어민주당은 정 회장의 <b>사과</b>에 진정성이 없다며 비판을... ",https://www.sisaweek.com/news/articleView.html?idxno=235730,naver_news,사과,canonical,1.0,2026-05-26T11:50:13.707259+00:00,0,0,0,0,,"불매운동이 확산하자 정용진 신세계 그룹 회장이 26일 대국민 <b>사과</b>에 나섰지만, 이번 사태는 6·3 지방선거를 앞두고 여야 간 정치 공방으로 번지는 모양새다. 더불어민주당은 정 회장의 <b>사과</b>에 진정성이 없다며 비판을... ","{""title"": ""정쟁으로 변질된 '스타벅스 사태'"", ""originallink"": ""https://www.sisaweek.com/news/articleView.html?idxno=235730"", ""link"": ""https://www.sisaweek.com/news/articleView.html?idxno=235730"", ""description"": ""불매운동이 확산하자 정용진 신세계 그룹 회장이 26일 대국민 <b>사과</b>에 나섰지만, 이번 사태는 6·3 지방선거를 앞두고 여야 간 정치 공방으로 번지는 모양새다. 더불어민주당은 정 회장의 <b>사과</b>에 진정성이 없다며 비판을... "", ""pubDate"": ""Tue, 26 May 2026 18:24:00 +0900""}",,
사과,single_term_fallback,사과,충북 보은 과수화상병 2곳 확진…도내 발생 농장 17곳,https://www.ccdailynews.com/news/articleView.html?idxno=2418446,"Tue, 26 May 2026 18:24:00 +0900",충북도는 보은군 산외면과 수한면의 <b>사과</b>밭 2곳(0.74㏊)에서 이 지역 최초로 과수화상병이 확진됐다고 26일... 농정당국은 발생 농장 출입을 통제하고 확진 농장의 <b>사과</b>와 배나무를 모두 매몰처리한 뒤 생석회 살포 등... ,https://www.ccdailynews.com/news/articleView.html?idxno=2418446,naver_news,사과,canonical,1.0,2026-05-26T11:50:13.707259+00:00,0,0,0,0,,충북도는 보은군 산외면과 수한면의 <b>사과</b>밭 2곳(0.74㏊)에서 이 지역 최초로 과수화상병이 확진됐다고 26일... 농정당국은 발생 농장 출입을 통제하고 확진 농장의 <b>사과</b>와 배나무를 모두 매몰처리한 뒤 생석회 살포 등... ,"{""title"": ""충북 보은 과수화상병 2곳 확진…도내 발생 농장 17곳"", ""originallink"": ""https://www.ccdailynews.com/news/articleView.html?idxno=2418446"", ""link"": ""https://www.ccdailynews.com/news/articleView.html?idxno=2418446"", ""description"": ""충북도는 보은군 산외면과 수한면의 <b>사과</b>밭 2곳(0.74㏊)에서 이 지역 최초로 과수화상병이 확진됐다고 26일... 농정당국은 발생 농장 출입을 통제하고 확진 농장의 <b>사과</b>와 배나무를 모두 매몰처리한 뒤 생석회 살포 등... "", ""pubDate"": ""Tue, 26 May 2026 18:24:00 +0900""}",,
사과,single_term_fallback,사과,정용진 회장 '스타벅스 탱크데이 <b>사과</b>' 역풍···역사인식 부재가 키운...,https://www.enetnews.co.kr/news/articleView.html?idxno=50478,"Tue, 26 May 2026 18:24:00 +0900","정용진 신세계그룹 회장의 대국민 <b>사과</b>가 스타벅스 신뢰 회복의 출발점이 아니라 새로운 위기의 시작점이 될 것으로 보인다. 5월 26일 발표된 <b>사과</b>문은 5·18 민주화운동과 박종철 열사 유족에 대한 사죄를 담았지만, 핵심... ",https://www.enetnews.co.kr/news/articleView.html?idxno=50478,naver_news,사과,canonical,1.0,2026-05-26T11:50:13.707259+00:00,0,0,0,0,,"정용진 신세계그룹 회장의 대국민 <b>사과</b>가 스타벅스 신뢰 회복의 출발점이 아니라 새로운 위기의 시작점이 될 것으로 보인다. 5월 26일 발표된 <b>사과</b>문은 5·18 민주화운동과 박종철 열사 유족에 대한 사죄를 담았지만, 핵심... ","{""title"": ""정용진 회장 '스타벅스 탱크데이 <b>사과</b>' 역풍···역사인식 부재가 키운..."", ""originallink"": ""https://www.enetnews.co.kr/news/articleView.html?idxno=50478"", ""link"": ""https://www.enetnews.co.kr/news/articleView.html?idxno=50478"", ""description"": ""정용진 신세계그룹 회장의 대국민 <b>사과</b>가 스타벅스 신뢰 회복의 출발점이 아니라 새로운 위기의 시작점이 될 것으로 보인다. 5월 26일 발표된 <b>사과</b>문은 5·18 민주화운동과 박종철 열사 유족에 대한 사죄를 담았지만, 핵심... "", ""pubDate"": ""Tue, 26 May 2026 18:24:00 +0900""}",,
사과,single_term_fallback,사과,&quot;전부 제 책임&quot; 정용진 <b>사과</b>에도…정치권 '스벅 공방' 확전,https://n.news.naver.com/mnews/article/437/0000492998?sid=100,"Tue, 26 May 2026 18:23:00 +0900","[정용진/신세계그룹 회장 (대국민 <b>사과</b> 기자회견) : 각자 생각은 다를 수 있지만, 더 좋은 대한민국을 만들고... 낭독회였다' <b>사과</b>문에 '진정성'이 빠졌단 지적이 나옵니다. [앵커] 오늘 오전 9시, 스타벅스 '탱크데이' 논란 8일... ",https://news.jtbc.co.kr/article/NB12299882?influxDiv=NAVER,naver_news,사과,canonical,1.0,2026-05-26T11:50:13.707259+00:00,0,0,0,0,,"[정용진/신세계그룹 회장 (대국민 <b>사과</b> 기자회견) : 각자 생각은 다를 수 있지만, 더 좋은 대한민국을 만들고... 낭독회였다' <b>사과</b>문에 '진정성'이 빠졌단 지적이 나옵니다. [앵커] 오늘 오전 9시, 스타벅스 '탱크데이' 논란 8일... ","{""title"": ""&quot;전부 제 책임&quot; 정용진 <b>사과</b>에도…정치권 '스벅 공방' 확전"", ""originallink"": ""https://news.jtbc.co.kr/article/NB12299882?influxDiv=NAVER"", ""link"": ""https://n.news.naver.com/mnews/article/437/0000492998?sid=100"", ""description"": ""[정용진/신세계그룹 회장 (대국민 <b>사과</b> 기자회견) : 각자 생각은 다를 수 있지만, 더 좋은 대한민국을 만들고... 낭독회였다' <b>사과</b>문에 '진정성'이 빠졌단 지적이 나옵니다. [앵커] 오늘 오전 9시, 스타벅스 '탱크데이' 논란 8일... "", ""pubDate"": ""Tue, 26 May 2026 18:23:00 +0900""}",,
사과,single_term_fallback,사과,&quot;4단계 결재절차 있었지만 시안 못 걸러… 검증시스템 부실&quot;,https://n.news.naver.com/mnews/article/014/0005526665?sid=101,"Tue, 26 May 2026 18:23:00 +0900",■그룹 전체 리스크 위기 고조 이날 정용진 회장이 직접 <b>사과</b>에 나선 배경에는 이번 논란이 스타벅스를 넘어 신세계그룹 전체 브랜드와 사업에 부담으로 작용할 수 있다는 위기감이 깔린 것으로 보인다. 이재명 대통령이... ,http://www.fnnews.com/news/202605261820554115,naver_news,사과,canonical,1.0,2026-05-26T11:50:13.707259+00:00,0,0,0,0,,■그룹 전체 리스크 위기 고조 이날 정용진 회장이 직접 <b>사과</b>에 나선 배경에는 이번 논란이 스타벅스를 넘어 신세계그룹 전체 브랜드와 사업에 부담으로 작용할 수 있다는 위기감이 깔린 것으로 보인다. 이재명 대통령이... ,"{""title"": ""&quot;4단계 결재절차 있었지만 시안 못 걸러… 검증시스템 부실&quot;"", ""originallink"": ""http://www.fnnews.com/news/202605261820554115"", ""link"": ""https://n.news.naver.com/mnews/article/014/0005526665?sid=101"", ""description"": ""■그룹 전체 리스크 위기 고조 이날 정용진 회장이 직접 <b>사과</b>에 나선 배경에는 이번 논란이 스타벅스를 넘어 신세계그룹 전체 브랜드와 사업에 부담으로 작용할 수 있다는 위기감이 깔린 것으로 보인다. 이재명 대통령이... "", ""pubDate"": ""Tue, 26 May 2026 18:23:00 +0900""}",,
사과,single_term_fallback,사과,"'행정 착오로 불참'…대한핸드볼협회, 세계청소년선수권 와일드카드 추...",https://www.topstarnews.net/news/articleView.html?idxno=16071999,"Tue, 26 May 2026 18:22:00 +0900",연합뉴스 보도에 따르면 협회 관계자는 참가 신청과 참가비 납부 내역을 상호 대조하지 못한 점을 인정하며 행정상 실수를 <b>사과</b>했다. 같은 관계자는 참가 신청이 없는 팀의 참가비를 받은 아시아핸드볼연맹 역시 협회에... ,https://www.topstarnews.net/news/articleView.html?idxno=16071999,naver_news,사과,canonical,1.0,2026-05-26T11:50:13.707259+00:00,0,0,0,0,,연합뉴스 보도에 따르면 협회 관계자는 참가 신청과 참가비 납부 내역을 상호 대조하지 못한 점을 인정하며 행정상 실수를 <b>사과</b>했다. 같은 관계자는 참가 신청이 없는 팀의 참가비를 받은 아시아핸드볼연맹 역시 협회에... ,"{""title"": ""'행정 착오로 불참'…대한핸드볼협회, 세계청소년선수권 와일드카드 추..."", ""originallink"": ""https://www.topstarnews.net/news/articleView.html?idxno=16071999"", ""link"": ""https://www.topstarnews.net/news/articleView.html?idxno=16071999"", ""description"": ""연합뉴스 보도에 따르면 협회 관계자는 참가 신청과 참가비 납부 내역을 상호 대조하지 못한 점을 인정하며 행정상 실수를 <b>사과</b>했다. 같은 관계자는 참가 신청이 없는 팀의 참가비를 받은 아시아핸드볼연맹 역시 협회에... "", ""pubDate"": ""Tue, 26 May 2026 18:22:00 +0900""}",,
사과,single_term_fallback,사과,"'21세기 대군부인' 폐기 청원, 100% 달성…위원회 회부 수순 [엑's 이슈]",https://m.entertain.naver.com/article/311/0002015489,"Tue, 26 May 2026 18:20:00 +0900","아이유와 변우석의 <b>사과</b>에도 끝나지 않은 '21세기 대군부인' 고증 논란을 향한 관심이 뜨겁다. 최근 MBC... 같다&quot;, &quot;<b>사과</b>하고 뒤늦게 편집하면 뭐하나. 이미 대한민국 역사에 먹칠을 했다&quot;, &quot;다시는 그 누구도 볼 수 없게... ",https://www.xportsnews.com/article/2153336,naver_news,사과,canonical,1.0,2026-05-26T11:50:13.707259+00:00,0,0,0,0,,"아이유와 변우석의 <b>사과</b>에도 끝나지 않은 '21세기 대군부인' 고증 논란을 향한 관심이 뜨겁다. 최근 MBC... 같다&quot;, &quot;<b>사과</b>하고 뒤늦게 편집하면 뭐하나. 이미 대한민국 역사에 먹칠을 했다&quot;, &quot;다시는 그 누구도 볼 수 없게... ","{""title"": ""'21세기 대군부인' 폐기 청원, 100% 달성…위원회 회부 수순 [엑's 이슈]"", ""originallink"": ""https://www.xportsnews.com/article/2153336"", ""link"": ""https://m.entertain.naver.com/article/311/0002015489"", ""description"": ""아이유와 변우석의 <b>사과</b>에도 끝나지 않은 '21세기 대군부인' 고증 논란을 향한 관심이 뜨겁다. 최근 MBC... 같다&quot;, &quot;<b>사과</b>하고 뒤늦게 편집하면 뭐하나. 이미 대한민국 역사에 먹칠을 했다&quot;, &quot;다시는 그 누구도 볼 수 없게... "", ""pubDate"": ""Tue, 26 May 2026 18:20:00 +0900""}",,
사과,single_term_fallback,사과,[이슈] 정용진 <b>사과</b>했지만…여야는 '스타벅스 공방전' 2라운드,https://www.polinews.co.kr/news/articleView.html?idxno=732279,"Tue, 26 May 2026 18:20:00 +0900",스타벅스코리아의 '5·18 탱크데이' 이벤트 논란에 정용진 신세계그룹 회장이 26일 공식 <b>사과</b>를 내놨지만 여야 정치권의 공방은 수그러들지 않는 모습이다. 민주당에서는 <b>사과</b>의 진정성을 문제 삼은 반면 국민의힘은 권력... ,https://www.polinews.co.kr/news/articleView.html?idxno=732279,naver_news,사과,canonical,1.0,2026-05-26T11:50:13.707259+00:00,0,0,0,0,,스타벅스코리아의 '5·18 탱크데이' 이벤트 논란에 정용진 신세계그룹 회장이 26일 공식 <b>사과</b>를 내놨지만 여야 정치권의 공방은 수그러들지 않는 모습이다. 민주당에서는 <b>사과</b>의 진정성을 문제 삼은 반면 국민의힘은 권력... ,"{""title"": ""[이슈] 정용진 <b>사과</b>했지만…여야는 '스타벅스 공방전' 2라운드"", ""originallink"": ""https://www.polinews.co.kr/news/articleView.html?idxno=732279"", ""link"": ""https://www.polinews.co.kr/news/articleView.html?idxno=732279"", ""description"": ""스타벅스코리아의 '5·18 탱크데이' 이벤트 논란에 정용진 신세계그룹 회장이 26일 공식 <b>사과</b>를 내놨지만 여야 정치권의 공방은 수그러들지 않는 모습이다. 민주당에서는 <b>사과</b>의 진정성을 문제 삼은 반면 국민의힘은 권력... "", ""pubDate"": ""Tue, 26 May 2026 18:20:00 +0900""}",,
사과,single_term_fallback,사과,[6·3 인천시장·보선 '한 컷'] 캠프 공방·지도부 지원전…인천 선거판...,https://www.kihoilbo.co.kr/news/articleView.html?idxno=3024064,"Tue, 26 May 2026 18:20:00 +0900",정 위원장은 해당 발언이 유권자를 맹목적 거수기로 취급하고 중도층을 주체성 없는 대중으로 비하한 것이라고 주장하며 박 후보의 직접 해명과 캠프 차원의 <b>사과</b>를 요구. 이에 대해 박찬대 캠프 관계자는 &quot;현재 특보로... ,https://www.kihoilbo.co.kr/news/articleView.html?idxno=3024064,naver_news,사과,canonical,1.0,2026-05-26T11:50:13.707259+00:00,0,0,0,0,,정 위원장은 해당 발언이 유권자를 맹목적 거수기로 취급하고 중도층을 주체성 없는 대중으로 비하한 것이라고 주장하며 박 후보의 직접 해명과 캠프 차원의 <b>사과</b>를 요구. 이에 대해 박찬대 캠프 관계자는 &quot;현재 특보로... ,"{""title"": ""[6·3 인천시장·보선 '한 컷'] 캠프 공방·지도부 지원전…인천 선거판..."", ""originallink"": ""https://www.kihoilbo.co.kr/news/articleView.html?idxno=3024064"", ""link"": ""https://www.kihoilbo.co.kr/news/articleView.html?idxno=3024064"", ""description"": ""정 위원장은 해당 발언이 유권자를 맹목적 거수기로 취급하고 중도층을 주체성 없는 대중으로 비하한 것이라고 주장하며 박 후보의 직접 해명과 캠프 차원의 <b>사과</b>를 요구. 이에 대해 박찬대 캠프 관계자는 &quot;현재 특보로... "", ""pubDate"": ""Tue, 26 May 2026 18:20:00 +0900""}",,
사과,single_term_fallback,사과,유정복 캠프 &quot;커피 한 잔 자유까지 통제…기업 끌어들인 구태정치&quot;,https://www.kihoilbo.co.kr/news/articleView.html?idxno=3024066,"Tue, 26 May 2026 18:20:00 +0900","스타벅스 측은 즉각 <b>사과</b>에 나섰지만 여론은 좀처럼 가라앉지 않았고, 결국 정용진 신세계그룹 회장이 이날 직접 대국민 <b>사과</b>를 발표했다. 특히 민주당의 이중행태가 비판 대상이 됐다. 캠프는 &quot;민주당은 지방선거... ",https://www.kihoilbo.co.kr/news/articleView.html?idxno=3024066,naver_news,사과,canonical,1.0,2026-05-26T11:50:13.707259+00:00,0,0,0,0,,"스타벅스 측은 즉각 <b>사과</b>에 나섰지만 여론은 좀처럼 가라앉지 않았고, 결국 정용진 신세계그룹 회장이 이날 직접 대국민 <b>사과</b>를 발표했다. 특히 민주당의 이중행태가 비판 대상이 됐다. 캠프는 &quot;민주당은 지방선거... ","{""title"": ""유정복 캠프 &quot;커피 한 잔 자유까지 통제…기업 끌어들인 구태정치&quot;"", ""originallink"": ""https://www.kihoilbo.co.kr/news/articleView.html?idxno=3024066"", ""link"": ""https://www.kihoilbo.co.kr/news/articleView.html?idxno=3024066"", ""description"": ""스타벅스 측은 즉각 <b>사과</b>에 나섰지만 여론은 좀처럼 가라앉지 않았고, 결국 정용진 신세계그룹 회장이 이날 직접 대국민 <b>사과</b>를 발표했다. 특히 민주당의 이중행태가 비판 대상이 됐다. 캠프는 &quot;민주당은 지방선거... "", ""pubDate"": ""Tue, 26 May 2026 18:20:00 +0900""}",,
사과,single_term_fallback,사과,"민주당, 정용진 <b>사과</b>에 “가식적”",https://www.viva100.com/article/20260526501196,"Tue, 26 May 2026 18:20:00 +0900",더불어민주당은 26일 정용진 신세계그룹 회장이 스타벅스 ‘탱크데이’ 마케팅 논란에 대해 <b>사과</b>한 것을 두고 “가식적이다”라고 비판했다. 정 회장이 <b>사과</b>하고 직후 열린 기자간담회에선 강준현 수석대변인이... ,https://www.viva100.com/article/20260526501196,naver_news,사과,canonical,1.0,2026-05-26T11:50:13.707259+00:00,0,0,0,0,,더불어민주당은 26일 정용진 신세계그룹 회장이 스타벅스 ‘탱크데이’ 마케팅 논란에 대해 <b>사과</b>한 것을 두고 “가식적이다”라고 비판했다. 정 회장이 <b>사과</b>하고 직후 열린 기자간담회에선 강준현 수석대변인이... ,"{""title"": ""민주당, 정용진 <b>사과</b>에 “가식적”"", ""originallink"": ""https://www.viva100.com/article/20260526501196"", ""link"": ""https://www.viva100.com/article/20260526501196"", ""description"": ""더불어민주당은 26일 정용진 신세계그룹 회장이 스타벅스 ‘탱크데이’ 마케팅 논란에 대해 <b>사과</b>한 것을 두고 “가식적이다”라고 비판했다. 정 회장이 <b>사과</b>하고 직후 열린 기자간담회에선 강준현 수석대변인이... "", ""pubDate"": ""Tue, 26 May 2026 18:20:00 +0900""}",,
사과,single_term_fallback,사과,&quot;진정성 있다&quot;더니…정용진 <b>사과</b> 두고 與 메시지 '오락가락',https://n.news.naver.com/mnews/article/015/0005291458?sid=100,"Tue, 26 May 2026 18:19:00 +0900",정용진 신세계그룹 회장이 스타벅스코리아의 '탱크데이' 논란에 <b>사과</b>한 것을 두고 더불어민주당이 하루 만에 상반된 평가를 내놓으면서 당내 메시지 혼선 논란이 일고 있다. 민주당 대변인은 정 회장의 <b>사과</b> 발표 직후... ,https://www.hankyung.com/article/2026052692837,naver_news,사과,canonical,1.0,2026-05-26T11:50:13.707259+00:00,0,0,0,0,,정용진 신세계그룹 회장이 스타벅스코리아의 '탱크데이' 논란에 <b>사과</b>한 것을 두고 더불어민주당이 하루 만에 상반된 평가를 내놓으면서 당내 메시지 혼선 논란이 일고 있다. 민주당 대변인은 정 회장의 <b>사과</b> 발표 직후... ,"{""title"": ""&quot;진정성 있다&quot;더니…정용진 <b>사과</b> 두고 與 메시지 '오락가락'"", ""originallink"": ""https://www.hankyung.com/article/2026052692837"", ""link"": ""https://n.news.naver.com/mnews/article/015/0005291458?sid=100"", ""description"": ""정용진 신세계그룹 회장이 스타벅스코리아의 '탱크데이' 논란에 <b>사과</b>한 것을 두고 더불어민주당이 하루 만에 상반된 평가를 내놓으면서 당내 메시지 혼선 논란이 일고 있다. 민주당 대변인은 정 회장의 <b>사과</b> 발표 직후... "", ""pubDate"": ""Tue, 26 May 2026 18:19:00 +0900""}",,
사과,single_term_fallback,사과,"[사설] 고개 숙인 정용진 회장, ‘꼬리 자르기’ 그쳐선 안된다",https://n.news.naver.com/mnews/article/028/0002806790?sid=110,"Tue, 26 May 2026 18:18:00 +0900","숙여 <b>사과</b>했다. 하지만 정 회장 본인이 어떤 잘못을 했는지에 대해서는 구체적으로 언급하지 않았다. 담당... 하지만 표현의 수위만 높을 뿐, <b>사과</b> 내용에 구체성은 없었다. 정 회장은 그동안 이른바 ‘멸공 챌린지’와... ",https://www.hani.co.kr/arti/opinion/editorial/1260489.html,naver_news,사과,canonical,1.0,2026-05-26T11:50:13.707259+00:00,0,0,0,0,,"숙여 <b>사과</b>했다. 하지만 정 회장 본인이 어떤 잘못을 했는지에 대해서는 구체적으로 언급하지 않았다. 담당... 하지만 표현의 수위만 높을 뿐, <b>사과</b> 내용에 구체성은 없었다. 정 회장은 그동안 이른바 ‘멸공 챌린지’와... ","{""title"": ""[사설] 고개 숙인 정용진 회장, ‘꼬리 자르기’ 그쳐선 안된다"", ""originallink"": ""https://www.hani.co.kr/arti/opinion/editorial/1260489.html"", ""link"": ""https://n.news.naver.com/mnews/article/028/0002806790?sid=110"", ""description"": ""숙여 <b>사과</b>했다. 하지만 정 회장 본인이 어떤 잘못을 했는지에 대해서는 구체적으로 언급하지 않았다. 담당... 하지만 표현의 수위만 높을 뿐, <b>사과</b> 내용에 구체성은 없었다. 정 회장은 그동안 이른바 ‘멸공 챌린지’와... "", ""pubDate"": ""Tue, 26 May 2026 18:18:00 +0900""}",,
사과,single_term_fallback,사과,정용진 ‘멸공’ <b>사과</b> 없었다…자체 조사 ‘맹탕’ 비판도,https://n.news.naver.com/mnews/article/082/0001382505?sid=101,"Tue, 26 May 2026 18:17:00 +0900","신세계그룹 정용진 회장이 회장직에 오른 후 사상 처음으로 대국민 <b>사과</b>에 나섰지만, 비판 여론은 쉽게 사그라지지 않고 있다. 이번 논란을 키운 멸공 발언에 대한 <b>사과</b>가 없었던 만큼 진정성이 없다는 지적과 함께 자체... ",https://www.busan.com/view/busan/view.php?code=2026052618122593038,naver_news,사과,canonical,1.0,2026-05-26T11:50:13.707259+00:00,0,0,0,0,,"신세계그룹 정용진 회장이 회장직에 오른 후 사상 처음으로 대국민 <b>사과</b>에 나섰지만, 비판 여론은 쉽게 사그라지지 않고 있다. 이번 논란을 키운 멸공 발언에 대한 <b>사과</b>가 없었던 만큼 진정성이 없다는 지적과 함께 자체... ","{""title"": ""정용진 ‘멸공’ <b>사과</b> 없었다…자체 조사 ‘맹탕’ 비판도"", ""originallink"": ""https://www.busan.com/view/busan/view.php?code=2026052618122593038"", ""link"": ""https://n.news.naver.com/mnews/article/082/0001382505?sid=101"", ""description"": ""신세계그룹 정용진 회장이 회장직에 오른 후 사상 처음으로 대국민 <b>사과</b>에 나섰지만, 비판 여론은 쉽게 사그라지지 않고 있다. 이번 논란을 키운 멸공 발언에 대한 <b>사과</b>가 없었던 만큼 진정성이 없다는 지적과 함께 자체... "", ""pubDate"": ""Tue, 26 May 2026 18:17:00 +0900""}",,
사과,single_term_fallback,사과,정용진 세 차례 <b>사과</b>…의혹 규명에는 한계,https://n.news.naver.com/mnews/article/374/0000512295?sid=101,"Tue, 26 May 2026 18:17:00 +0900",정용진 신세계그룹 회장이 스타벅스의 '탱크데이' 논란에 대해 <b>사과</b>와 함께 자체 진상조사 결과를... [기자] 정용진 신세계그룹 회장이 '탱크데이' 논란에 대해 머리 숙여 <b>사과</b>했습니다. [정용진 / 신세계그룹 회장 : 어떠한... ,https://biz.sbs.co.kr/article_hub/20000312613?division=NAVER,naver_news,사과,canonical,1.0,2026-05-26T11:50:13.707259+00:00,0,0,0,0,,정용진 신세계그룹 회장이 스타벅스의 '탱크데이' 논란에 대해 <b>사과</b>와 함께 자체 진상조사 결과를... [기자] 정용진 신세계그룹 회장이 '탱크데이' 논란에 대해 머리 숙여 <b>사과</b>했습니다. [정용진 / 신세계그룹 회장 : 어떠한... ,"{""title"": ""정용진 세 차례 <b>사과</b>…의혹 규명에는 한계"", ""originallink"": ""https://biz.sbs.co.kr/article_hub/20000312613?division=NAVER"", ""link"": ""https://n.news.naver.com/mnews/article/374/0000512295?sid=101"", ""description"": ""정용진 신세계그룹 회장이 스타벅스의 '탱크데이' 논란에 대해 <b>사과</b>와 함께 자체 진상조사 결과를... [기자] 정용진 신세계그룹 회장이 '탱크데이' 논란에 대해 머리 숙여 <b>사과</b>했습니다. [정용진 / 신세계그룹 회장 : 어떠한... "", ""pubDate"": ""Tue, 26 May 2026 18:17:00 +0900""}",,
사과,single_term_fallback,사과,5월단체·광주시 “알맹이 빠져” 정용진 사퇴 촉구 [스타벅스 사태 후...,https://n.news.naver.com/mnews/article/022/0004130810?sid=102,"Tue, 26 May 2026 18:17:00 +0900",마케팅 <b>사과</b>’를 놓고 진상 규명과 재발 방지 대책 등 진정성 있는 후속 조치를 요구했다. 정 회장의 과거... 연합뉴스 민주당 정청래 대표는 정 회장 <b>사과</b> 직후 페이스북에 “그동안 정 회장의 극우적 언행을 봤을 때... ,https://www.segye.com/newsView/20260526514170?OutUrl=naver,naver_news,사과,canonical,1.0,2026-05-26T11:50:13.707259+00:00,0,0,0,0,,마케팅 <b>사과</b>’를 놓고 진상 규명과 재발 방지 대책 등 진정성 있는 후속 조치를 요구했다. 정 회장의 과거... 연합뉴스 민주당 정청래 대표는 정 회장 <b>사과</b> 직후 페이스북에 “그동안 정 회장의 극우적 언행을 봤을 때... ,"{""title"": ""5월단체·광주시 “알맹이 빠져” 정용진 사퇴 촉구 [스타벅스 사태 후..."", ""originallink"": ""https://www.segye.com/newsView/20260526514170?OutUrl=naver"", ""link"": ""https://n.news.naver.com/mnews/article/022/0004130810?sid=102"", ""description"": ""마케팅 <b>사과</b>’를 놓고 진상 규명과 재발 방지 대책 등 진정성 있는 후속 조치를 요구했다. 정 회장의 과거... 연합뉴스 민주당 정청래 대표는 정 회장 <b>사과</b> 직후 페이스북에 “그동안 정 회장의 극우적 언행을 봤을 때... "", ""pubDate"": ""Tue, 26 May 2026 18:17:00 +0900""}",,
사과,single_term_fallback,사과,"“신세계 복합쇼핑몰 공사 중단해야”…광주 시민단체, 정용진 <b>사과</b> 맹...",https://n.news.naver.com/mnews/article/009/0005685264?sid=102,"Tue, 26 May 2026 18:17:00 +0900",시민연대 “<b>사과</b>만 있고 책임은 없었다” “5·18 모욕하고 광주 한복판 개발 추진” 광주시에 “행정명령... 대국민 <b>사과</b>를 두고 “<b>사과</b>만 있고 책임은 없었다”며 광주종합터미널 신세계 복합쇼핑몰 공사 중단을... ,https://www.mk.co.kr/article/12058143,naver_news,사과,canonical,1.0,2026-05-26T11:50:13.707259+00:00,0,0,0,0,,시민연대 “<b>사과</b>만 있고 책임은 없었다” “5·18 모욕하고 광주 한복판 개발 추진” 광주시에 “행정명령... 대국민 <b>사과</b>를 두고 “<b>사과</b>만 있고 책임은 없었다”며 광주종합터미널 신세계 복합쇼핑몰 공사 중단을... ,"{""title"": ""“신세계 복합쇼핑몰 공사 중단해야”…광주 시민단체, 정용진 <b>사과</b> 맹..."", ""originallink"": ""https://www.mk.co.kr/article/12058143"", ""link"": ""https://n.news.naver.com/mnews/article/009/0005685264?sid=102"", ""description"": ""시민연대 “<b>사과</b>만 있고 책임은 없었다” “5·18 모욕하고 광주 한복판 개발 추진” 광주시에 “행정명령... 대국민 <b>사과</b>를 두고 “<b>사과</b>만 있고 책임은 없었다”며 광주종합터미널 신세계 복합쇼핑몰 공사 중단을... "", ""pubDate"": ""Tue, 26 May 2026 18:17:00 +0900""}",,
사과,single_term_fallback,사과,與 '정용진 <b>사과</b>' 온도차…鄭 &quot;실망&quot; 김부겸 &quot;자제&quot;,https://n.news.naver.com/mnews/article/015/0005291456?sid=100,"Tue, 26 May 2026 18:17:00 +0900",정용진 신세계 회장의 ‘5·18 스타벅스 탱크데이’와 관련한 공식 <b>사과</b>를 두고 더불어민주당 내부에서 온도... 관해 <b>사과</b>했고 자신의 책임을 분명히 했다”고 썼다. 이어 “정부나 정치권이 특정 기업을 공개적으로... ,https://www.hankyung.com/article/2026052600611,naver_news,사과,canonical,1.0,2026-05-26T11:50:13.707259+00:00,0,0,0,0,,정용진 신세계 회장의 ‘5·18 스타벅스 탱크데이’와 관련한 공식 <b>사과</b>를 두고 더불어민주당 내부에서 온도... 관해 <b>사과</b>했고 자신의 책임을 분명히 했다”고 썼다. 이어 “정부나 정치권이 특정 기업을 공개적으로... ,"{""title"": ""與 '정용진 <b>사과</b>' 온도차…鄭 &quot;실망&quot; 김부겸 &quot;자제&quot;"", ""originallink"": ""https://www.hankyung.com/article/2026052600611"", ""link"": ""https://n.news.naver.com/mnews/article/015/0005291456?sid=100"", ""description"": ""정용진 신세계 회장의 ‘5·18 스타벅스 탱크데이’와 관련한 공식 <b>사과</b>를 두고 더불어민주당 내부에서 온도... 관해 <b>사과</b>했고 자신의 책임을 분명히 했다”고 썼다. 이어 “정부나 정치권이 특정 기업을 공개적으로... "", ""pubDate"": ""Tue, 26 May 2026 18:17:00 +0900""}",,
사과,single_term_fallback,사과,"'대군부인', '역사 왜곡 논란' 국회 청원 5만 돌파...국회 심사대 오른다",http://www.starnewsk.com/news/articleView.html?idxno=55952,"Tue, 26 May 2026 18:16:00 +0900","논란이 확산하자 제작진을 비롯해 주연을 맡은 배우 아이유와 변우석이 직접 나서 <b>사과</b>문을 발표했다. 제작진은 즉각 재방송 및 VOD(주문형 비디오), OTT 플랫폼에서 해당 장면의 오디오를 묵음 처리하고 자막을 수정하는... ",http://www.starnewsk.com/news/articleView.html?idxno=55952,naver_news,사과,canonical,1.0,2026-05-26T11:50:13.707259+00:00,0,0,0,0,,"논란이 확산하자 제작진을 비롯해 주연을 맡은 배우 아이유와 변우석이 직접 나서 <b>사과</b>문을 발표했다. 제작진은 즉각 재방송 및 VOD(주문형 비디오), OTT 플랫폼에서 해당 장면의 오디오를 묵음 처리하고 자막을 수정하는... ","{""title"": ""'대군부인', '역사 왜곡 논란' 국회 청원 5만 돌파...국회 심사대 오른다"", ""originallink"": ""http://www.starnewsk.com/news/articleView.html?idxno=55952"", ""link"": ""http://www.starnewsk.com/news/articleView.html?idxno=55952"", ""description"": ""논란이 확산하자 제작진을 비롯해 주연을 맡은 배우 아이유와 변우석이 직접 나서 <b>사과</b>문을 발표했다. 제작진은 즉각 재방송 및 VOD(주문형 비디오), OTT 플랫폼에서 해당 장면의 오디오를 묵음 처리하고 자막을 수정하는... "", ""pubDate"": ""Tue, 26 May 2026 18:16:00 +0900""}",,
사과,single_term_fallback,사과,4차례 결재 누구도 문제제기 안 해… “내부 역사적 민감성 부재” [스...,https://n.news.naver.com/mnews/article/022/0004130808?sid=101,"Tue, 26 May 2026 18:16:00 +0900",정용진 신세계그룹 회장이 스타벅스의 '탱크데이' 논란에 대해 직접 <b>사과</b>한 26일 서울 강남구 조선팰리스 호텔에서 신세계그룹 임원들이 진상조사 결과를 발표하고 있다. 왼쪽부터 신세계그룹 이규봉 경영지원총괄 전무... ,https://www.segye.com/newsView/20260526514216?OutUrl=naver,naver_news,사과,canonical,1.0,2026-05-26T11:50:13.707259+00:00,0,0,0,0,,정용진 신세계그룹 회장이 스타벅스의 '탱크데이' 논란에 대해 직접 <b>사과</b>한 26일 서울 강남구 조선팰리스 호텔에서 신세계그룹 임원들이 진상조사 결과를 발표하고 있다. 왼쪽부터 신세계그룹 이규봉 경영지원총괄 전무... ,"{""title"": ""4차례 결재 누구도 문제제기 안 해… “내부 역사적 민감성 부재” [스..."", ""originallink"": ""https://www.segye.com/newsView/20260526514216?OutUrl=naver"", ""link"": ""https://n.news.naver.com/mnews/article/022/0004130808?sid=101"", ""description"": ""정용진 신세계그룹 회장이 스타벅스의 '탱크데이' 논란에 대해 직접 <b>사과</b>한 26일 서울 강남구 조선팰리스 호텔에서 신세계그룹 임원들이 진상조사 결과를 발표하고 있다. 왼쪽부터 신세계그룹 이규봉 경영지원총괄 전무... "", ""pubDate"": ""Tue, 26 May 2026 18:16:00 +0900""}",,
사과,single_term_fallback,사과,장동혁 첫 서울 유세… 오세훈은 '거리두기' [6·3 지방선거 D-7],https://n.news.naver.com/mnews/article/014/0005526627?sid=100,"Tue, 26 May 2026 18:16:00 +0900",스타벅스 논란과 관련해서는 &quot;정용진 회장이 <b>사과</b>하고 인사 조치까지 했다&quot;며 &quot;그런데도 대통령과 장관이 스타벅스 커피 마시지 말라고 한다. 커피 한 잔의 자유마저 빼앗으려는 무도한 정권을 심판해야 한다&quot;고 목소리를... ,http://www.fnnews.com/news/202605261813208995,naver_news,사과,canonical,1.0,2026-05-26T11:50:13.707259+00:00,0,0,0,0,,스타벅스 논란과 관련해서는 &quot;정용진 회장이 <b>사과</b>하고 인사 조치까지 했다&quot;며 &quot;그런데도 대통령과 장관이 스타벅스 커피 마시지 말라고 한다. 커피 한 잔의 자유마저 빼앗으려는 무도한 정권을 심판해야 한다&quot;고 목소리를... ,"{""title"": ""장동혁 첫 서울 유세… 오세훈은 '거리두기' [6·3 지방선거 D-7]"", ""originallink"": ""http://www.fnnews.com/news/202605261813208995"", ""link"": ""https://n.news.naver.com/mnews/article/014/0005526627?sid=100"", ""description"": ""스타벅스 논란과 관련해서는 &quot;정용진 회장이 <b>사과</b>하고 인사 조치까지 했다&quot;며 &quot;그런데도 대통령과 장관이 스타벅스 커피 마시지 말라고 한다. 커피 한 잔의 자유마저 빼앗으려는 무도한 정권을 심판해야 한다&quot;고 목소리를... "", ""pubDate"": ""Tue, 26 May 2026 18:16:00 +0900""}",,
사과,single_term_fallback,사과,[속보] 서울시 재난안전대책본부 구성…&quot;서소문사고 수습·안전조치 총...,https://n.news.naver.com/mnews/article/015/0005291453?sid=102,"Tue, 26 May 2026 18:16:00 +0900",아울러 박강수 국민의힘 마포구청장 후보는 유세 현장에서 이날 사고를 언급하며 자신이 구청장으로 재직하던 시기 마포구에 안전사고가 없었다고 내세웠다가 비판 여론을 의식해 <b>사과</b>문을 발표했다. 박 후보는 <b>사과</b>문에... ,https://www.hankyung.com/article/2026052601347,naver_news,사과,canonical,1.0,2026-05-26T11:50:13.707259+00:00,0,0,0,0,,아울러 박강수 국민의힘 마포구청장 후보는 유세 현장에서 이날 사고를 언급하며 자신이 구청장으로 재직하던 시기 마포구에 안전사고가 없었다고 내세웠다가 비판 여론을 의식해 <b>사과</b>문을 발표했다. 박 후보는 <b>사과</b>문에... ,"{""title"": ""[속보] 서울시 재난안전대책본부 구성…&quot;서소문사고 수습·안전조치 총..."", ""originallink"": ""https://www.hankyung.com/article/2026052601347"", ""link"": ""https://n.news.naver.com/mnews/article/015/0005291453?sid=102"", ""description"": ""아울러 박강수 국민의힘 마포구청장 후보는 유세 현장에서 이날 사고를 언급하며 자신이 구청장으로 재직하던 시기 마포구에 안전사고가 없었다고 내세웠다가 비판 여론을 의식해 <b>사과</b>문을 발표했다. 박 후보는 <b>사과</b>문에... "", ""pubDate"": ""Tue, 26 May 2026 18:16:00 +0900""}",,
사과,single_term_fallback,사과,"법조계 “정용진 회장, 고의성 입증 어려워”… 경찰, 임직원 수사 후 ...",https://n.news.naver.com/mnews/article/022/0004130809?sid=102,"Tue, 26 May 2026 18:16:00 +0900",정용진 신세계그룹 회장이 26일 서울 강남구 조선팰리스 호텔에서 스타벅스의 ''탱크데이'' 논란과 관련해 <b>사과</b>문 발표를 위해 단상에 오르며 굳은 표정을 짓고 있다. 연합뉴스 26일 법조계에 따르면 서울경찰청 광역수사단... ,https://www.segye.com/newsView/20260526514185?OutUrl=naver,naver_news,사과,canonical,1.0,2026-05-26T11:50:13.707259+00:00,0,0,0,0,,정용진 신세계그룹 회장이 26일 서울 강남구 조선팰리스 호텔에서 스타벅스의 ''탱크데이'' 논란과 관련해 <b>사과</b>문 발표를 위해 단상에 오르며 굳은 표정을 짓고 있다. 연합뉴스 26일 법조계에 따르면 서울경찰청 광역수사단... ,"{""title"": ""법조계 “정용진 회장, 고의성 입증 어려워”… 경찰, 임직원 수사 후 ..."", ""originallink"": ""https://www.segye.com/newsView/20260526514185?OutUrl=naver"", ""link"": ""https://n.news.naver.com/mnews/article/022/0004130809?sid=102"", ""description"": ""정용진 신세계그룹 회장이 26일 서울 강남구 조선팰리스 호텔에서 스타벅스의 ''탱크데이'' 논란과 관련해 <b>사과</b>문 발표를 위해 단상에 오르며 굳은 표정을 짓고 있다. 연합뉴스 26일 법조계에 따르면 서울경찰청 광역수사단... "", ""pubDate"": ""Tue, 26 May 2026 18:16:00 +0900""}",,
사과,single_term_fallback,사과,서소문 붕괴에 '마포엔 사고 없다' 자랑한 국힘 후보 <b>사과</b>,https://n.news.naver.com/mnews/article/052/0002358143?sid=100,"Tue, 26 May 2026 18:16:00 +0900",결국 <b>사과</b>했습니다. 박 후보는 오늘(26일) 장동혁 대표와 서울 마포구 경의선 숲길에서 유세하던 중 서소문... 엄중함에도 마포구의 안전 성과를 강조한 발언은 공직자로서 가져야 할 공감과 배려가 부족했다고 <b>사과</b>했습니다.,https://www.ytn.co.kr/_ln/0101_202605261816422625,naver_news,사과,canonical,1.0,2026-05-26T11:50:13.707259+00:00,0,0,0,0,,결국 <b>사과</b>했습니다. 박 후보는 오늘(26일) 장동혁 대표와 서울 마포구 경의선 숲길에서 유세하던 중 서소문... 엄중함에도 마포구의 안전 성과를 강조한 발언은 공직자로서 가져야 할 공감과 배려가 부족했다고 <b>사과</b>했습니다.,"{""title"": ""서소문 붕괴에 '마포엔 사고 없다' 자랑한 국힘 후보 <b>사과</b>"", ""originallink"": ""https://www.ytn.co.kr/_ln/0101_202605261816422625"", ""link"": ""https://n.news.naver.com/mnews/article/052/0002358143?sid=100"", ""description"": ""결국 <b>사과</b>했습니다. 박 후보는 오늘(26일) 장동혁 대표와 서울 마포구 경의선 숲길에서 유세하던 중 서소문... 엄중함에도 마포구의 안전 성과를 강조한 발언은 공직자로서 가져야 할 공감과 배려가 부족했다고 <b>사과</b>했습니다."", ""pubDate"": ""Tue, 26 May 2026 18:16:00 +0900""}",,
사과,single_term_fallback,사과,정용진 <b>사과</b>에도 더 거세지는 광주 지역사회 반발,https://www.namdonews.com/news/articleView.html?idxno=911722,"Tue, 26 May 2026 18:16:00 +0900",정용진 신세계그룹 회장이 26일 스타벅스 코리아의 '5·18 탱크데이' 논란에 대해 공개 <b>사과</b>했지만 광주... 형식적 <b>사과</b>는 상처받은 시민과 오월 영령들에 대한 또 다른 모욕이자 기만&quot;이라고 밝혔다. 기자회견에 앞서 이날... ,https://www.namdonews.com/news/articleView.html?idxno=911722,naver_news,사과,canonical,1.0,2026-05-26T11:50:13.707259+00:00,0,0,0,0,,정용진 신세계그룹 회장이 26일 스타벅스 코리아의 '5·18 탱크데이' 논란에 대해 공개 <b>사과</b>했지만 광주... 형식적 <b>사과</b>는 상처받은 시민과 오월 영령들에 대한 또 다른 모욕이자 기만&quot;이라고 밝혔다. 기자회견에 앞서 이날... ,"{""title"": ""정용진 <b>사과</b>에도 더 거세지는 광주 지역사회 반발"", ""originallink"": ""https://www.namdonews.com/news/articleView.html?idxno=911722"", ""link"": ""https://www.namdonews.com/news/articleView.html?idxno=911722"", ""description"": ""정용진 신세계그룹 회장이 26일 스타벅스 코리아의 '5·18 탱크데이' 논란에 대해 공개 <b>사과</b>했지만 광주... 형식적 <b>사과</b>는 상처받은 시민과 오월 영령들에 대한 또 다른 모욕이자 기만&quot;이라고 밝혔다. 기자회견에 앞서 이날... "", ""pubDate"": ""Tue, 26 May 2026 18:16:00 +0900""}",,
사과,single_term_fallback,사과,정용진 회장 첫 공개석상 <b>사과</b>…민주당·유관단체 ‘진정성 온도차’,https://www.ekn.kr/web/view.php?key=20260526023037940,"Tue, 26 May 2026 18:16:00 +0900","대국민 <b>사과</b>를 했다. 스타벅스측은 자체조사 결과 이번 '5·18 탱크데이' 마케팅에 고의성이 없었다고 해명한 가운데, 5·18 관련단체들은 정 회장의 <b>사과</b>에 진정성이 없다고 비난한 반면 여당인 더불어민주당은 진정성을... ",https://www.ekn.kr/web/view.php?key=20260526023037940,naver_news,사과,canonical,1.0,2026-05-26T11:50:13.707259+00:00,0,0,0,0,,"대국민 <b>사과</b>를 했다. 스타벅스측은 자체조사 결과 이번 '5·18 탱크데이' 마케팅에 고의성이 없었다고 해명한 가운데, 5·18 관련단체들은 정 회장의 <b>사과</b>에 진정성이 없다고 비난한 반면 여당인 더불어민주당은 진정성을... ","{""title"": ""정용진 회장 첫 공개석상 <b>사과</b>…민주당·유관단체 ‘진정성 온도차’"", ""originallink"": ""https://www.ekn.kr/web/view.php?key=20260526023037940"", ""link"": ""https://www.ekn.kr/web/view.php?key=20260526023037940"", ""description"": ""대국민 <b>사과</b>를 했다. 스타벅스측은 자체조사 결과 이번 '5·18 탱크데이' 마케팅에 고의성이 없었다고 해명한 가운데, 5·18 관련단체들은 정 회장의 <b>사과</b>에 진정성이 없다고 비난한 반면 여당인 더불어민주당은 진정성을... "", ""pubDate"": ""Tue, 26 May 2026 18:16:00 +0900""}",,
사과,single_term_fallback,사과,"MBC, 살인사건 피해자에 스키즈 현진 과거 사진을‥“잘못 삽입” 방송...",https://m.entertain.naver.com/article/609/0001128248,"Tue, 26 May 2026 18:15:00 +0900","'히든아이' 측이 스트레이 키즈 현진의 어린 시절 사진을 잘못 사용한 가운데, 공식 <b>사과</b>했다. 최근 온라인... 이어 &quot;현진과 팬들에게 심려를 끼쳐드린 점 진심으로 <b>사과</b>드리며, 시청자 여러분께도 혼란을 드린 점 깊이... ",https://www.newsen.com/news_view.php?uid=202605261805176710,naver_news,사과,canonical,1.0,2026-05-26T11:50:13.707259+00:00,0,0,0,0,,"'히든아이' 측이 스트레이 키즈 현진의 어린 시절 사진을 잘못 사용한 가운데, 공식 <b>사과</b>했다. 최근 온라인... 이어 &quot;현진과 팬들에게 심려를 끼쳐드린 점 진심으로 <b>사과</b>드리며, 시청자 여러분께도 혼란을 드린 점 깊이... ","{""title"": ""MBC, 살인사건 피해자에 스키즈 현진 과거 사진을‥“잘못 삽입” 방송..."", ""originallink"": ""https://www.newsen.com/news_view.php?uid=202605261805176710"", ""link"": ""https://m.entertain.naver.com/article/609/0001128248"", ""description"": ""'히든아이' 측이 스트레이 키즈 현진의 어린 시절 사진을 잘못 사용한 가운데, 공식 <b>사과</b>했다. 최근 온라인... 이어 &quot;현진과 팬들에게 심려를 끼쳐드린 점 진심으로 <b>사과</b>드리며, 시청자 여러분께도 혼란을 드린 점 깊이... "", ""pubDate"": ""Tue, 26 May 2026 18:15:00 +0900""}",,
사과,single_term_fallback,사과,"김중남 선대위 &quot;강릉시체육회, 선거 개입 의혹 수사해야&quot;…국수본 고발",https://n.news.naver.com/mnews/article/421/0008967252?sid=162,"Tue, 26 May 2026 18:15:00 +0900",그러면서 △강릉시체육회 압수수색 및 디지털 포렌식 △체육회장과 관련자 구속수사 △체육회 집행부 총사퇴 △김홍규 후보 측의 입장 표명 및 <b>사과</b> 등을 요구했다. 앞서 김중남 후보 측은 지난 20일 유튜브 방송 '김어준의... ,https://www.news1.kr/local/kangwon/6178190,naver_news,사과,canonical,1.0,2026-05-26T11:50:13.707259+00:00,0,0,0,0,,그러면서 △강릉시체육회 압수수색 및 디지털 포렌식 △체육회장과 관련자 구속수사 △체육회 집행부 총사퇴 △김홍규 후보 측의 입장 표명 및 <b>사과</b> 등을 요구했다. 앞서 김중남 후보 측은 지난 20일 유튜브 방송 '김어준의... ,"{""title"": ""김중남 선대위 &quot;강릉시체육회, 선거 개입 의혹 수사해야&quot;…국수본 고발"", ""originallink"": ""https://www.news1.kr/local/kangwon/6178190"", ""link"": ""https://n.news.naver.com/mnews/article/421/0008967252?sid=162"", ""description"": ""그러면서 △강릉시체육회 압수수색 및 디지털 포렌식 △체육회장과 관련자 구속수사 △체육회 집행부 총사퇴 △김홍규 후보 측의 입장 표명 및 <b>사과</b> 등을 요구했다. 앞서 김중남 후보 측은 지난 20일 유튜브 방송 '김어준의... "", ""pubDate"": ""Tue, 26 May 2026 18:15:00 +0900""}",,
사과,single_term_fallback,사과,"투모로우바이투게더(TXT), 눈입호강 캐릭터 ‘뿔바투’ 팝업 오프라인 ...",https://m.entertain.naver.com/article/109/0005541094,"Tue, 26 May 2026 18:13:00 +0900",이번 팝업 스토어는 <b>사과</b>를 모티브로 한 뿔바투의 새로운 테마를 온몸으로 체험할 수 있도록 꾸며졌다.... 특히 입구에 설치된 대형 <b>사과</b>나무 포토존은 방문객들의 감탄을 자아내며 오픈 직후부터 문전성시를... ,http://www.osen.co.kr/article/G1112808691,naver_news,사과,canonical,1.0,2026-05-26T11:50:13.707259+00:00,0,0,0,0,,이번 팝업 스토어는 <b>사과</b>를 모티브로 한 뿔바투의 새로운 테마를 온몸으로 체험할 수 있도록 꾸며졌다.... 특히 입구에 설치된 대형 <b>사과</b>나무 포토존은 방문객들의 감탄을 자아내며 오픈 직후부터 문전성시를... ,"{""title"": ""투모로우바이투게더(TXT), 눈입호강 캐릭터 ‘뿔바투’ 팝업 오프라인 ..."", ""originallink"": ""http://www.osen.co.kr/article/G1112808691"", ""link"": ""https://m.entertain.naver.com/article/109/0005541094"", ""description"": ""이번 팝업 스토어는 <b>사과</b>를 모티브로 한 뿔바투의 새로운 테마를 온몸으로 체험할 수 있도록 꾸며졌다.... 특히 입구에 설치된 대형 <b>사과</b>나무 포토존은 방문객들의 감탄을 자아내며 오픈 직후부터 문전성시를... "", ""pubDate"": ""Tue, 26 May 2026 18:13:00 +0900""}",,
사과,single_term_fallback,사과,국힘 박강수 ‘서소문 고가 붕괴’에 “마포는 사고 없어 자랑하고 싶다...,https://n.news.naver.com/mnews/article/032/0003448057?sid=100,"Tue, 26 May 2026 18:13:00 +0900",박 후보는 이후 자신의 유세 현장 발언과 관련해 <b>사과</b>문을 올렸다. 그는 페이스북에서 “사고로 인한 피해... 숙여 <b>사과</b>드린다”고 했다. 채현일 민주당 의원은 이날 페이스북에 사고 소식을 인용하며 오 후보를 비판하는... ,https://www.khan.co.kr/article/202605261813001,naver_news,사과,canonical,1.0,2026-05-26T11:50:13.707259+00:00,0,0,0,0,,박 후보는 이후 자신의 유세 현장 발언과 관련해 <b>사과</b>문을 올렸다. 그는 페이스북에서 “사고로 인한 피해... 숙여 <b>사과</b>드린다”고 했다. 채현일 민주당 의원은 이날 페이스북에 사고 소식을 인용하며 오 후보를 비판하는... ,"{""title"": ""국힘 박강수 ‘서소문 고가 붕괴’에 “마포는 사고 없어 자랑하고 싶다..."", ""originallink"": ""https://www.khan.co.kr/article/202605261813001"", ""link"": ""https://n.news.naver.com/mnews/article/032/0003448057?sid=100"", ""description"": ""박 후보는 이후 자신의 유세 현장 발언과 관련해 <b>사과</b>문을 올렸다. 그는 페이스북에서 “사고로 인한 피해... 숙여 <b>사과</b>드린다”고 했다. 채현일 민주당 의원은 이날 페이스북에 사고 소식을 인용하며 오 후보를 비판하는... "", ""pubDate"": ""Tue, 26 May 2026 18:13:00 +0900""}",,
사과,single_term_fallback,사과,이원택 &quot;대통령 이름 팔아 선거 왜곡&quot;…김관영 &quot;대통령은 모두의 대통령...,http://www.jeollailbo.com/news/articleView.html?idxno=801189,"Tue, 26 May 2026 18:12:00 +0900",이 후보는 &quot;자신의 명분 없는 출마를 대통령의 이름으로 포장하는 꼼수 정치인에게 전북의 100년 대계를 맡길 수 없다&quot;며 &quot;대통령 이름을 선거에 끌어들인 것에 대해 당장 <b>사과</b>하고 즉각 후보직에서 물러나라&quot;고 촉구했다.... ,http://www.jeollailbo.com/news/articleView.html?idxno=801189,naver_news,사과,canonical,1.0,2026-05-26T11:50:13.707259+00:00,0,0,0,0,,이 후보는 &quot;자신의 명분 없는 출마를 대통령의 이름으로 포장하는 꼼수 정치인에게 전북의 100년 대계를 맡길 수 없다&quot;며 &quot;대통령 이름을 선거에 끌어들인 것에 대해 당장 <b>사과</b>하고 즉각 후보직에서 물러나라&quot;고 촉구했다.... ,"{""title"": ""이원택 &quot;대통령 이름 팔아 선거 왜곡&quot;…김관영 &quot;대통령은 모두의 대통령..."", ""originallink"": ""http://www.jeollailbo.com/news/articleView.html?idxno=801189"", ""link"": ""http://www.jeollailbo.com/news/articleView.html?idxno=801189"", ""description"": ""이 후보는 &quot;자신의 명분 없는 출마를 대통령의 이름으로 포장하는 꼼수 정치인에게 전북의 100년 대계를 맡길 수 없다&quot;며 &quot;대통령 이름을 선거에 끌어들인 것에 대해 당장 <b>사과</b>하고 즉각 후보직에서 물러나라&quot;고 촉구했다.... "", ""pubDate"": ""Tue, 26 May 2026 18:12:00 +0900""}",,
사과,single_term_fallback,사과,"고개 숙인 정용진, 스타벅스 사태 진화됐나",https://www.thereport.co.kr/news/articleView.html?idxno=88187,"Tue, 26 May 2026 18:12:00 +0900",명의의 <b>사과</b>문을 발표했다. &quot;신세계그룹 계열사인 스타벅스코리아가 있어서도 안 되고 용납될 수도 없는... 민주당 강준현 수석대변인은 정용진 회장의 <b>사과</b>와 관련해 &quot;진정성 있다고 인지했다&quot;며 &quot;마무리가 잘된 것 같다... ,https://www.thereport.co.kr/news/articleView.html?idxno=88187,naver_news,사과,canonical,1.0,2026-05-26T11:50:13.707259+00:00,0,0,0,0,,명의의 <b>사과</b>문을 발표했다. &quot;신세계그룹 계열사인 스타벅스코리아가 있어서도 안 되고 용납될 수도 없는... 민주당 강준현 수석대변인은 정용진 회장의 <b>사과</b>와 관련해 &quot;진정성 있다고 인지했다&quot;며 &quot;마무리가 잘된 것 같다... ,"{""title"": ""고개 숙인 정용진, 스타벅스 사태 진화됐나"", ""originallink"": ""https://www.thereport.co.kr/news/articleView.html?idxno=88187"", ""link"": ""https://www.thereport.co.kr/news/articleView.html?idxno=88187"", ""description"": ""명의의 <b>사과</b>문을 발표했다. &quot;신세계그룹 계열사인 스타벅스코리아가 있어서도 안 되고 용납될 수도 없는... 민주당 강준현 수석대변인은 정용진 회장의 <b>사과</b>와 관련해 &quot;진정성 있다고 인지했다&quot;며 &quot;마무리가 잘된 것 같다... "", ""pubDate"": ""Tue, 26 May 2026 18:12:00 +0900""}",,
사과,single_term_fallback,사과,한배 탔던 김상욱·김종훈 '울산 단일화' 급제동,http://www.00news.co.kr/news/articleView.html?idxno=104041,"Tue, 26 May 2026 18:12:00 +0900",이에 진보당 측은 전날(25일) 오전 여론조사가 정상적으로 공개되지 않은 점과 이의제기 시점 등을 문제 삼으며 김상욱 후보 측의 <b>사과</b>와 해명을 요구했다. 이어 이날 오후에는 &quot;김상욱 후보 측의 제안은 여론조사 사전... ,http://www.00news.co.kr/news/articleView.html?idxno=104041,naver_news,사과,canonical,1.0,2026-05-26T11:50:13.707259+00:00,0,0,0,0,,이에 진보당 측은 전날(25일) 오전 여론조사가 정상적으로 공개되지 않은 점과 이의제기 시점 등을 문제 삼으며 김상욱 후보 측의 <b>사과</b>와 해명을 요구했다. 이어 이날 오후에는 &quot;김상욱 후보 측의 제안은 여론조사 사전... ,"{""title"": ""한배 탔던 김상욱·김종훈 '울산 단일화' 급제동"", ""originallink"": ""http://www.00news.co.kr/news/articleView.html?idxno=104041"", ""link"": ""http://www.00news.co.kr/news/articleView.html?idxno=104041"", ""description"": ""이에 진보당 측은 전날(25일) 오전 여론조사가 정상적으로 공개되지 않은 점과 이의제기 시점 등을 문제 삼으며 김상욱 후보 측의 <b>사과</b>와 해명을 요구했다. 이어 이날 오후에는 &quot;김상욱 후보 측의 제안은 여론조사 사전... "", ""pubDate"": ""Tue, 26 May 2026 18:12:00 +0900""}",,
사과,single_term_fallback,사과,김영록 &quot;면피성 <b>사과</b>·얄팍한 책임회피&quot;...정용진 맹비난,http://www.hansbiz.co.kr/news/articleView.html?idxno=840847,"Tue, 26 May 2026 18:12:00 +0900",대국민 <b>사과</b>를 두고 &quot;일말의 진정성도 찾아볼 수 없는 맹탕 회견&quot;이라며 강하게 비판했다. 김 지사는 26일 입장문을 통해 &quot;정용진 회장의 대국민 <b>사과</b>에 참담함을 금할 길이 없다&quot;며 &quot;회장은 모든 책임이 자신에게 있다고... ,http://www.hansbiz.co.kr/news/articleView.html?idxno=840847,naver_news,사과,canonical,1.0,2026-05-26T11:50:13.707259+00:00,0,0,0,0,,대국민 <b>사과</b>를 두고 &quot;일말의 진정성도 찾아볼 수 없는 맹탕 회견&quot;이라며 강하게 비판했다. 김 지사는 26일 입장문을 통해 &quot;정용진 회장의 대국민 <b>사과</b>에 참담함을 금할 길이 없다&quot;며 &quot;회장은 모든 책임이 자신에게 있다고... ,"{""title"": ""김영록 &quot;면피성 <b>사과</b>·얄팍한 책임회피&quot;...정용진 맹비난"", ""originallink"": ""http://www.hansbiz.co.kr/news/articleView.html?idxno=840847"", ""link"": ""http://www.hansbiz.co.kr/news/articleView.html?idxno=840847"", ""description"": ""대국민 <b>사과</b>를 두고 &quot;일말의 진정성도 찾아볼 수 없는 맹탕 회견&quot;이라며 강하게 비판했다. 김 지사는 26일 입장문을 통해 &quot;정용진 회장의 대국민 <b>사과</b>에 참담함을 금할 길이 없다&quot;며 &quot;회장은 모든 책임이 자신에게 있다고... "", ""pubDate"": ""Tue, 26 May 2026 18:12:00 +0900""}",,
사과,single_term_fallback,사과,[여의로] '혐오 논란' 그 이후가 더 중요하다,https://www.asiatoday.co.kr/kn/view.php?key=20260526010007571,"Tue, 26 May 2026 18:12:00 +0900",이에 정용진 신세계그룹 회장은 26일 스타벅스 논란에 대해 직접 <b>사과</b>하며 고개를 숙였다. 하지만 우리 사회에 퍼진 혐오·조롱 논란에 대한 정리는 지금부터가 더욱 중요해 보인다. 커피 전문점이 촉발한 논란이라는... ,https://www.asiatoday.co.kr/kn/view.php?key=20260526010007571,naver_news,사과,canonical,1.0,2026-05-26T11:50:13.707259+00:00,0,0,0,0,,이에 정용진 신세계그룹 회장은 26일 스타벅스 논란에 대해 직접 <b>사과</b>하며 고개를 숙였다. 하지만 우리 사회에 퍼진 혐오·조롱 논란에 대한 정리는 지금부터가 더욱 중요해 보인다. 커피 전문점이 촉발한 논란이라는... ,"{""title"": ""[여의로] '혐오 논란' 그 이후가 더 중요하다"", ""originallink"": ""https://www.asiatoday.co.kr/kn/view.php?key=20260526010007571"", ""link"": ""https://www.asiatoday.co.kr/kn/view.php?key=20260526010007571"", ""description"": ""이에 정용진 신세계그룹 회장은 26일 스타벅스 논란에 대해 직접 <b>사과</b>하며 고개를 숙였다. 하지만 우리 사회에 퍼진 혐오·조롱 논란에 대한 정리는 지금부터가 더욱 중요해 보인다. 커피 전문점이 촉발한 논란이라는... "", ""pubDate"": ""Tue, 26 May 2026 18:12:00 +0900""}",,
사과,single_term_fallback,사과,철거과정서 발견된 단차 점검중 붕괴 … 시민들도 다니던 길 '아찔',https://n.news.naver.com/mnews/article/009/0005685252?sid=102,"Tue, 26 May 2026 18:11:00 +0900",이날 박 후보는 &quot;적절치 못한 표현으로 많은 분께 심려를 끼쳐드렸다&quot;며 &quot;사고로 인한 피해 상황이 엄중함에도 제 발언은 공직자로서 가져야 할 공감과 배려가 부족했다&quot;고 <b>사과</b>했다. 사고 후 정 후보를 지지하는 것으로... ,https://www.mk.co.kr/article/12058120,naver_news,사과,canonical,1.0,2026-05-26T11:50:13.707259+00:00,0,0,0,0,,이날 박 후보는 &quot;적절치 못한 표현으로 많은 분께 심려를 끼쳐드렸다&quot;며 &quot;사고로 인한 피해 상황이 엄중함에도 제 발언은 공직자로서 가져야 할 공감과 배려가 부족했다&quot;고 <b>사과</b>했다. 사고 후 정 후보를 지지하는 것으로... ,"{""title"": ""철거과정서 발견된 단차 점검중 붕괴 … 시민들도 다니던 길 '아찔'"", ""originallink"": ""https://www.mk.co.kr/article/12058120"", ""link"": ""https://n.news.naver.com/mnews/article/009/0005685252?sid=102"", ""description"": ""이날 박 후보는 &quot;적절치 못한 표현으로 많은 분께 심려를 끼쳐드렸다&quot;며 &quot;사고로 인한 피해 상황이 엄중함에도 제 발언은 공직자로서 가져야 할 공감과 배려가 부족했다&quot;고 <b>사과</b>했다. 사고 후 정 후보를 지지하는 것으로... "", ""pubDate"": ""Tue, 26 May 2026 18:11:00 +0900""}",,
사과,single_term_fallback,사과,평택을 김용남 '대부업 의혹' 제기한 유튜버 2명 고소(종합),https://n.news.naver.com/mnews/article/001/0016100378?sid=100,"Tue, 26 May 2026 18:10:00 +0900",이 단체 회원들은 이날 시청에서 기자회견을 열고 민주당에 김 후보의 공천 철회 및 공개 <b>사과</b>를 요구했다. 시민단체 관계자들은 &quot;대부업은 서민의 절박함이 몰리는 마지막 벼랑&quot;이라며 &quot;서민 정치를 말하는 후보가 차명... ,https://www.yna.co.kr/view/AKR20260526139351061?input=1195m,naver_news,사과,canonical,1.0,2026-05-26T11:50:13.707259+00:00,0,0,0,0,,이 단체 회원들은 이날 시청에서 기자회견을 열고 민주당에 김 후보의 공천 철회 및 공개 <b>사과</b>를 요구했다. 시민단체 관계자들은 &quot;대부업은 서민의 절박함이 몰리는 마지막 벼랑&quot;이라며 &quot;서민 정치를 말하는 후보가 차명... ,"{""title"": ""평택을 김용남 '대부업 의혹' 제기한 유튜버 2명 고소(종합)"", ""originallink"": ""https://www.yna.co.kr/view/AKR20260526139351061?input=1195m"", ""link"": ""https://n.news.naver.com/mnews/article/001/0016100378?sid=100"", ""description"": ""이 단체 회원들은 이날 시청에서 기자회견을 열고 민주당에 김 후보의 공천 철회 및 공개 <b>사과</b>를 요구했다. 시민단체 관계자들은 &quot;대부업은 서민의 절박함이 몰리는 마지막 벼랑&quot;이라며 &quot;서민 정치를 말하는 후보가 차명... "", ""pubDate"": ""Tue, 26 May 2026 18:10:00 +0900""}",,
사과,single_term_fallback,사과,"&quot;그만하라&quot; &quot;신중하라&quot;…험지서 피 말리는 김부겸, 당에 '작심 호소'",https://n.news.naver.com/mnews/article/586/0000129980?sid=100,"Tue, 26 May 2026 18:10:00 +0900",정용진 대표가 <b>사과</b>했으니 정부 여당도 이제 국민을 믿고 지켜봐 주시길 정중히 요청드린다.&quot;(스타벅스... 김부겸 후보는 26일 스타벅스의 '탱크데이' 마케팅 논란과 관련해 정용진 신세계 회장이 <b>사과</b>한 데 대해 &quot;이제 이... ,https://www.sisajournal.com/news/articleView.html?idxno=374218,naver_news,사과,canonical,1.0,2026-05-26T11:50:13.707259+00:00,0,0,0,0,,정용진 대표가 <b>사과</b>했으니 정부 여당도 이제 국민을 믿고 지켜봐 주시길 정중히 요청드린다.&quot;(스타벅스... 김부겸 후보는 26일 스타벅스의 '탱크데이' 마케팅 논란과 관련해 정용진 신세계 회장이 <b>사과</b>한 데 대해 &quot;이제 이... ,"{""title"": ""&quot;그만하라&quot; &quot;신중하라&quot;…험지서 피 말리는 김부겸, 당에 '작심 호소'"", ""originallink"": ""https://www.sisajournal.com/news/articleView.html?idxno=374218"", ""link"": ""https://n.news.naver.com/mnews/article/586/0000129980?sid=100"", ""description"": ""정용진 대표가 <b>사과</b>했으니 정부 여당도 이제 국민을 믿고 지켜봐 주시길 정중히 요청드린다.&quot;(스타벅스... 김부겸 후보는 26일 스타벅스의 '탱크데이' 마케팅 논란과 관련해 정용진 신세계 회장이 <b>사과</b>한 데 대해 &quot;이제 이... "", ""pubDate"": ""Tue, 26 May 2026 18:10:00 +0900""}",,
사과,single_term_fallback,사과,정용진 ‘5.18 탱크데이 논란’에 직접 <b>사과</b>,https://n.news.naver.com/mnews/article/056/0012188123?sid=101,"Tue, 26 May 2026 18:10:00 +0900",정용진 신세계그룹 회장이 스타벅스코리아의 5·18 '탱크 데이 논란'과 관련해 오늘 직접 <b>사과</b>하고 고개를... [리포트] 정용진 신세계그룹 회장이 스타벅스 '탱크 데이' 이벤트에 대해 직접 고개를 숙이고 <b>사과</b>했습니다.... ,https://news.kbs.co.kr/news/pc/view/view.do?ncd=8570226&ref=A,naver_news,사과,canonical,1.0,2026-05-26T11:50:13.707259+00:00,0,0,0,0,,정용진 신세계그룹 회장이 스타벅스코리아의 5·18 '탱크 데이 논란'과 관련해 오늘 직접 <b>사과</b>하고 고개를... [리포트] 정용진 신세계그룹 회장이 스타벅스 '탱크 데이' 이벤트에 대해 직접 고개를 숙이고 <b>사과</b>했습니다.... ,"{""title"": ""정용진 ‘5.18 탱크데이 논란’에 직접 <b>사과</b>"", ""originallink"": ""https://news.kbs.co.kr/news/pc/view/view.do?ncd=8570226&ref=A"", ""link"": ""https://n.news.naver.com/mnews/article/056/0012188123?sid=101"", ""description"": ""정용진 신세계그룹 회장이 스타벅스코리아의 5·18 '탱크 데이 논란'과 관련해 오늘 직접 <b>사과</b>하고 고개를... [리포트] 정용진 신세계그룹 회장이 스타벅스 '탱크 데이' 이벤트에 대해 직접 고개를 숙이고 <b>사과</b>했습니다.... "", ""pubDate"": ""Tue, 26 May 2026 18:10:00 +0900""}",,
사과,single_term_fallback,사과,"[스포츠머그] 챗GPT와 상담했다가…요미우리 아베 감독, 딸 폭행 혐의로...",https://m.sports.naver.com/wbaseball/article/055/0001359223,"Tue, 26 May 2026 18:09:00 +0900","아베 감독은 사임 직후 <b>사과</b> 기자회견을 열고 고개를 숙였습니다. 피해자인 큰딸은 아버지와 다툰 후 어떻게 해야 할지 몰라 챗GPT와 상담을 하다가 아동상담소를 안내받아 연락하게 되었고, 자신의 의사를 충분히 묻지... ",https://news.sbs.co.kr/news/endPage.do?news_id=N1008579521&plink=ORI&cooper=NAVER,naver_news,사과,canonical,1.0,2026-05-26T11:50:13.707259+00:00,0,0,0,0,,"아베 감독은 사임 직후 <b>사과</b> 기자회견을 열고 고개를 숙였습니다. 피해자인 큰딸은 아버지와 다툰 후 어떻게 해야 할지 몰라 챗GPT와 상담을 하다가 아동상담소를 안내받아 연락하게 되었고, 자신의 의사를 충분히 묻지... ","{""title"": ""[스포츠머그] 챗GPT와 상담했다가…요미우리 아베 감독, 딸 폭행 혐의로..."", ""originallink"": ""https://news.sbs.co.kr/news/endPage.do?news_id=N1008579521&plink=ORI&cooper=NAVER"", ""link"": ""https://m.sports.naver.com/wbaseball/article/055/0001359223"", ""description"": ""아베 감독은 사임 직후 <b>사과</b> 기자회견을 열고 고개를 숙였습니다. 피해자인 큰딸은 아버지와 다툰 후 어떻게 해야 할지 몰라 챗GPT와 상담을 하다가 아동상담소를 안내받아 연락하게 되었고, 자신의 의사를 충분히 묻지... "", ""pubDate"": ""Tue, 26 May 2026 18:09:00 +0900""}",,
사과,single_term_fallback,사과,"인천여성연대, 국민의힘 기초의원 성폭력 사건 2차 가해 강력 규탄",https://www.incheontoday.com/news/articleView.html?idxno=319285,"Tue, 26 May 2026 18:08:00 +0900",인천여성연대는 ▲수사기관이 정치적 이해관계에 흔들림 없이 엄정하게 수사·판단할 것 ▲2차 가해적 언행을 한 관계자들의 피해자에 대한 즉각 <b>사과</b>와 추가 피해 막을 조치 취할 것 ▲인천 지역 정치권 전체의 성평등... ,https://www.incheontoday.com/news/articleView.html?idxno=319285,naver_news,사과,canonical,1.0,2026-05-26T11:50:13.707259+00:00,0,0,0,0,,인천여성연대는 ▲수사기관이 정치적 이해관계에 흔들림 없이 엄정하게 수사·판단할 것 ▲2차 가해적 언행을 한 관계자들의 피해자에 대한 즉각 <b>사과</b>와 추가 피해 막을 조치 취할 것 ▲인천 지역 정치권 전체의 성평등... ,"{""title"": ""인천여성연대, 국민의힘 기초의원 성폭력 사건 2차 가해 강력 규탄"", ""originallink"": ""https://www.incheontoday.com/news/articleView.html?idxno=319285"", ""link"": ""https://www.incheontoday.com/news/articleView.html?idxno=319285"", ""description"": ""인천여성연대는 ▲수사기관이 정치적 이해관계에 흔들림 없이 엄정하게 수사·판단할 것 ▲2차 가해적 언행을 한 관계자들의 피해자에 대한 즉각 <b>사과</b>와 추가 피해 막을 조치 취할 것 ▲인천 지역 정치권 전체의 성평등... "", ""pubDate"": ""Tue, 26 May 2026 18:08:00 +0900""}",,
사과,single_term_fallback,사과,"'탱크데이 마케팅 논란' 스타벅스 &quot;선불카드, 내달 1일부터 2주간 조건 ...",https://www.getnews.co.kr/news/articleView.html?idxno=870944,"Tue, 26 May 2026 18:08:00 +0900",이는 이날 모기업인 신세계그룹 정용진 회장의 '5·18 탱크데이' 논란에 대한 대국민<b>사과</b>에 이은 경위 조사... 스타벅스는 이후 문구를 수정하거나 페이지를 삭제하고 손정현 SCK컴퍼니 전 대표 명의의 <b>사과</b>문을 발표했다.... ,https://www.getnews.co.kr/news/articleView.html?idxno=870944,naver_news,사과,canonical,1.0,2026-05-26T11:50:13.707259+00:00,0,0,0,0,,이는 이날 모기업인 신세계그룹 정용진 회장의 '5·18 탱크데이' 논란에 대한 대국민<b>사과</b>에 이은 경위 조사... 스타벅스는 이후 문구를 수정하거나 페이지를 삭제하고 손정현 SCK컴퍼니 전 대표 명의의 <b>사과</b>문을 발표했다.... ,"{""title"": ""'탱크데이 마케팅 논란' 스타벅스 &quot;선불카드, 내달 1일부터 2주간 조건 ..."", ""originallink"": ""https://www.getnews.co.kr/news/articleView.html?idxno=870944"", ""link"": ""https://www.getnews.co.kr/news/articleView.html?idxno=870944"", ""description"": ""이는 이날 모기업인 신세계그룹 정용진 회장의 '5·18 탱크데이' 논란에 대한 대국민<b>사과</b>에 이은 경위 조사... 스타벅스는 이후 문구를 수정하거나 페이지를 삭제하고 손정현 SCK컴퍼니 전 대표 명의의 <b>사과</b>문을 발표했다.... "", ""pubDate"": ""Tue, 26 May 2026 18:08:00 +0900""}",,
사과,single_term_fallback,사과,최상기 후보 &quot;군민 삶의 질 우선&quot;…엄윤순 &quot;상생지원금·파크골프장 약...,https://www.gukjenews.com/news/articleView.html?idxno=3592418,"Tue, 26 May 2026 18:08:00 +0900","또한, 엄 후보가 최 후보에게 공무원 돈봉투 사건에 대한 <b>사과</b>를 요구하자, 최 후보는 해당 공무원 업무 배제와 수사 협조 사실을 밝히면서, 전체 공직자를 싸잡아 비난하는 것은 부당하다고 반박했다. 마무리 발언에서... ",https://www.gukjenews.com/news/articleView.html?idxno=3592418,naver_news,사과,canonical,1.0,2026-05-26T11:50:13.707259+00:00,0,0,0,0,,"또한, 엄 후보가 최 후보에게 공무원 돈봉투 사건에 대한 <b>사과</b>를 요구하자, 최 후보는 해당 공무원 업무 배제와 수사 협조 사실을 밝히면서, 전체 공직자를 싸잡아 비난하는 것은 부당하다고 반박했다. 마무리 발언에서... ","{""title"": ""최상기 후보 &quot;군민 삶의 질 우선&quot;…엄윤순 &quot;상생지원금·파크골프장 약..."", ""originallink"": ""https://www.gukjenews.com/news/articleView.html?idxno=3592418"", ""link"": ""https://www.gukjenews.com/news/articleView.html?idxno=3592418"", ""description"": ""또한, 엄 후보가 최 후보에게 공무원 돈봉투 사건에 대한 <b>사과</b>를 요구하자, 최 후보는 해당 공무원 업무 배제와 수사 협조 사실을 밝히면서, 전체 공직자를 싸잡아 비난하는 것은 부당하다고 반박했다. 마무리 발언에서... "", ""pubDate"": ""Tue, 26 May 2026 18:08:00 +0900""}",,
사과,single_term_fallback,사과,"정용진 회장, 세번 고개 숙였지만···",https://n.news.naver.com/mnews/article/144/0001117434?sid=101,"Tue, 26 May 2026 18:07:00 +0900","숙여 <b>사과</b>했으나, 정작 논란의 핵심인 ‘이벤트 문구, 최종 승인 주체’에 대해선 명확한 답변을 내놓지 않아 파장이 이어지고 있다. 정 회장은 26일 오전 서울 강남구 조선팰리스에서 ‘대국민 <b>사과</b>’ 기자회견을 열고... ",https://sports.khan.co.kr/article/202605261806003?pt=nv,naver_news,사과,canonical,1.0,2026-05-26T11:50:13.707259+00:00,0,0,0,0,,"숙여 <b>사과</b>했으나, 정작 논란의 핵심인 ‘이벤트 문구, 최종 승인 주체’에 대해선 명확한 답변을 내놓지 않아 파장이 이어지고 있다. 정 회장은 26일 오전 서울 강남구 조선팰리스에서 ‘대국민 <b>사과</b>’ 기자회견을 열고... ","{""title"": ""정용진 회장, 세번 고개 숙였지만···"", ""originallink"": ""https://sports.khan.co.kr/article/202605261806003?pt=nv"", ""link"": ""https://n.news.naver.com/mnews/article/144/0001117434?sid=101"", ""description"": ""숙여 <b>사과</b>했으나, 정작 논란의 핵심인 ‘이벤트 문구, 최종 승인 주체’에 대해선 명확한 답변을 내놓지 않아 파장이 이어지고 있다. 정 회장은 26일 오전 서울 강남구 조선팰리스에서 ‘대국민 <b>사과</b>’ 기자회견을 열고... "", ""pubDate"": ""Tue, 26 May 2026 18:07:00 +0900""}",,
사과,single_term_fallback,사과,"천호성 후보, 전북자치도교육감 이남호 후보의 음주운전 문제삼아",http://www.enewstoday.co.kr/news/articleView.html?idxno=2432716,"Tue, 26 May 2026 18:07:00 +0900",그는 &quot;음주운전은 타인의 생명과 안전을 위협하는 중대한 사회적 범죄다&quot;며 &quot;교육감은 총장이나 원장보다 더욱 엄격한 도독적 잣대를 적용받기 때문에 SNS에 올린 <b>사과</b>문 정도로는 유권자의 의문이 해소되지 않다&quot;고... ,http://www.enewstoday.co.kr/news/articleView.html?idxno=2432716,naver_news,사과,canonical,1.0,2026-05-26T11:50:13.707259+00:00,0,0,0,0,,그는 &quot;음주운전은 타인의 생명과 안전을 위협하는 중대한 사회적 범죄다&quot;며 &quot;교육감은 총장이나 원장보다 더욱 엄격한 도독적 잣대를 적용받기 때문에 SNS에 올린 <b>사과</b>문 정도로는 유권자의 의문이 해소되지 않다&quot;고... ,"{""title"": ""천호성 후보, 전북자치도교육감 이남호 후보의 음주운전 문제삼아"", ""originallink"": ""http://www.enewstoday.co.kr/news/articleView.html?idxno=2432716"", ""link"": ""http://www.enewstoday.co.kr/news/articleView.html?idxno=2432716"", ""description"": ""그는 &quot;음주운전은 타인의 생명과 안전을 위협하는 중대한 사회적 범죄다&quot;며 &quot;교육감은 총장이나 원장보다 더욱 엄격한 도독적 잣대를 적용받기 때문에 SNS에 올린 <b>사과</b>문 정도로는 유권자의 의문이 해소되지 않다&quot;고... "", ""pubDate"": ""Tue, 26 May 2026 18:07:00 +0900""}",,
사과,single_term_fallback,사과,"전현희 &quot;한동훈, 이재명 주적은 스타벅스?...'尹 오른팔' 본색 나와, 황...",https://n.news.naver.com/mnews/article/660/0000110064?sid=100,"Tue, 26 May 2026 18:07:00 +0900","△유재광 앵커: 스타벅스 탱크데이 논란, 정용진 회장이 오늘 직접 <b>사과</b>를 했는데. 이게 회장 취임 이후 대면직접<b>사과</b>는 오늘이 처음이라고 하는데. 일단 일련의 논란, 어떻게 보고 계신가요? ▲전현희 의원: 네. 이게... ",https://www.ikbc.co.kr/article/view/kbc202605260047,naver_news,사과,canonical,1.0,2026-05-26T11:50:13.707259+00:00,0,0,0,0,,"△유재광 앵커: 스타벅스 탱크데이 논란, 정용진 회장이 오늘 직접 <b>사과</b>를 했는데. 이게 회장 취임 이후 대면직접<b>사과</b>는 오늘이 처음이라고 하는데. 일단 일련의 논란, 어떻게 보고 계신가요? ▲전현희 의원: 네. 이게... ","{""title"": ""전현희 &quot;한동훈, 이재명 주적은 스타벅스?...'尹 오른팔' 본색 나와, 황..."", ""originallink"": ""https://www.ikbc.co.kr/article/view/kbc202605260047"", ""link"": ""https://n.news.naver.com/mnews/article/660/0000110064?sid=100"", ""description"": ""△유재광 앵커: 스타벅스 탱크데이 논란, 정용진 회장이 오늘 직접 <b>사과</b>를 했는데. 이게 회장 취임 이후 대면직접<b>사과</b>는 오늘이 처음이라고 하는데. 일단 일련의 논란, 어떻게 보고 계신가요? ▲전현희 의원: 네. 이게... "", ""pubDate"": ""Tue, 26 May 2026 18:07:00 +0900""}",,
사과,single_term_fallback,사과,"김용남 ‘대부업 차명’ 공방, 고소고발전으로",https://n.news.naver.com/mnews/article/029/0003028596?sid=100,"Tue, 26 May 2026 18:06:00 +0900",이 단체 회원들은 이날 평택시청에서 기자회견을 통해 “서민 정치를 말하는 후보가 차명 대부업 의혹에 연루됐다는 것 자체가 문제”라며 민주당에 김 후보의 공천 철회와 공개 <b>사과</b>를 요구하기도 했다. 이날 김 후보... ,https://www.dt.co.kr/article/12064394?ref=naver,naver_news,사과,canonical,1.0,2026-05-26T11:50:13.707259+00:00,0,0,0,0,,이 단체 회원들은 이날 평택시청에서 기자회견을 통해 “서민 정치를 말하는 후보가 차명 대부업 의혹에 연루됐다는 것 자체가 문제”라며 민주당에 김 후보의 공천 철회와 공개 <b>사과</b>를 요구하기도 했다. 이날 김 후보... ,"{""title"": ""김용남 ‘대부업 차명’ 공방, 고소고발전으로"", ""originallink"": ""https://www.dt.co.kr/article/12064394?ref=naver"", ""link"": ""https://n.news.naver.com/mnews/article/029/0003028596?sid=100"", ""description"": ""이 단체 회원들은 이날 평택시청에서 기자회견을 통해 “서민 정치를 말하는 후보가 차명 대부업 의혹에 연루됐다는 것 자체가 문제”라며 민주당에 김 후보의 공천 철회와 공개 <b>사과</b>를 요구하기도 했다. 이날 김 후보... "", ""pubDate"": ""Tue, 26 May 2026 18:06:00 +0900""}",,
사과,single_term_fallback,사과,"'히든아이', 스키즈 현진 사진 오용 <b>사과</b> &quot;검수 철저히 할 것&quot;",https://m.entertain.naver.com/article/018/0006290962,"Tue, 26 May 2026 18:06:00 +0900",‘히든아이’ 제작진이 스트레이키즈 현진의 어린 시절 사진을 자료화면으로 잘못 사용해 <b>사과</b>에 나섰다.... 더 철저히 할 것”이라고 강조했다. 또한 “스트레이키즈 현진 님 측에도 <b>사과</b>를 할 예정”이라며 거듭 <b>사과</b>했다.,https://www.edaily.co.kr/news/newspath.asp?newsid=04575606645452856,naver_news,사과,canonical,1.0,2026-05-26T11:50:13.707259+00:00,0,0,0,0,,‘히든아이’ 제작진이 스트레이키즈 현진의 어린 시절 사진을 자료화면으로 잘못 사용해 <b>사과</b>에 나섰다.... 더 철저히 할 것”이라고 강조했다. 또한 “스트레이키즈 현진 님 측에도 <b>사과</b>를 할 예정”이라며 거듭 <b>사과</b>했다.,"{""title"": ""'히든아이', 스키즈 현진 사진 오용 <b>사과</b> &quot;검수 철저히 할 것&quot;"", ""originallink"": ""https://www.edaily.co.kr/news/newspath.asp?newsid=04575606645452856"", ""link"": ""https://m.entertain.naver.com/article/018/0006290962"", ""description"": ""‘히든아이’ 제작진이 스트레이키즈 현진의 어린 시절 사진을 자료화면으로 잘못 사용해 <b>사과</b>에 나섰다.... 더 철저히 할 것”이라고 강조했다. 또한 “스트레이키즈 현진 님 측에도 <b>사과</b>를 할 예정”이라며 거듭 <b>사과</b>했다."", ""pubDate"": ""Tue, 26 May 2026 18:06:00 +0900""}",,
사과,single_term_fallback,사과,"스타벅스, 카드 잔액 조건 없이 환불 지원…신뢰 회복 총력",http://www.wikileaks-kr.org/news/articleView.html?idxno=187832,"Tue, 26 May 2026 18:06:00 +0900",스타벅스코리아(이하 스타벅스)가 26일 정용진 신세계그룹 회장의 대국민 <b>사과</b> 직후 스타벅스 카드 잔액 환불... 이날 정 회장 <b>사과</b>문 발표가 끝난 뒤 이어진 그룹 실무진과 기자들의 질의응답(Q&amp;A) 과정에서 신세계... ,http://www.wikileaks-kr.org/news/articleView.html?idxno=187832,naver_news,사과,canonical,1.0,2026-05-26T11:50:13.707259+00:00,0,0,0,0,,스타벅스코리아(이하 스타벅스)가 26일 정용진 신세계그룹 회장의 대국민 <b>사과</b> 직후 스타벅스 카드 잔액 환불... 이날 정 회장 <b>사과</b>문 발표가 끝난 뒤 이어진 그룹 실무진과 기자들의 질의응답(Q&amp;A) 과정에서 신세계... ,"{""title"": ""스타벅스, 카드 잔액 조건 없이 환불 지원…신뢰 회복 총력"", ""originallink"": ""http://www.wikileaks-kr.org/news/articleView.html?idxno=187832"", ""link"": ""http://www.wikileaks-kr.org/news/articleView.html?idxno=187832"", ""description"": ""스타벅스코리아(이하 스타벅스)가 26일 정용진 신세계그룹 회장의 대국민 <b>사과</b> 직후 스타벅스 카드 잔액 환불... 이날 정 회장 <b>사과</b>문 발표가 끝난 뒤 이어진 그룹 실무진과 기자들의 질의응답(Q&amp;A) 과정에서 신세계... "", ""pubDate"": ""Tue, 26 May 2026 18:06:00 +0900""}",,
사과,single_term_fallback,사과,사전투표 D-3 “선거운동 중단”…정원오·오세훈 붕괴 현장 달려갔다,https://n.news.naver.com/mnews/article/025/0003525895?sid=162,"Tue, 26 May 2026 18:05:00 +0900","박강수 마포구청장 후보가 선거 유세 도중 “안전이 제일인데 우리 마포도 늘 조심해야 될 것 같다”며 “우리 마포, 4년 동안 단 1건도 큰 안전사고가 발생하지 않았다는 걸 자랑하고 싶다”고 했다가 <b>사과</b>문을 배포했다.",https://www.joongang.co.kr/article/25431421,naver_news,사과,canonical,1.0,2026-05-26T11:50:13.707259+00:00,0,0,0,0,,"박강수 마포구청장 후보가 선거 유세 도중 “안전이 제일인데 우리 마포도 늘 조심해야 될 것 같다”며 “우리 마포, 4년 동안 단 1건도 큰 안전사고가 발생하지 않았다는 걸 자랑하고 싶다”고 했다가 <b>사과</b>문을 배포했다.","{""title"": ""사전투표 D-3 “선거운동 중단”…정원오·오세훈 붕괴 현장 달려갔다"", ""originallink"": ""https://www.joongang.co.kr/article/25431421"", ""link"": ""https://n.news.naver.com/mnews/article/025/0003525895?sid=162"", ""description"": ""박강수 마포구청장 후보가 선거 유세 도중 “안전이 제일인데 우리 마포도 늘 조심해야 될 것 같다”며 “우리 마포, 4년 동안 단 1건도 큰 안전사고가 발생하지 않았다는 걸 자랑하고 싶다”고 했다가 <b>사과</b>문을 배포했다."", ""pubDate"": ""Tue, 26 May 2026 18:05:00 +0900""}",,
사과,single_term_fallback,사과,'21세기 대군부인' 논란 속 국회로…폐기 청원 동의 5만 명↑,https://m.entertain.naver.com/article/079/0004150936,"Tue, 26 May 2026 18:05:00 +0900","문제의 장면은 결국 삭제됐으나, 작품 주연 배우인 아이유와 변우석, 연출을 맡은 박준화 감독, 극본을 집필한 유지원 작가까지 잇따라 <b>사과</b>했다. ※CBS노컷뉴스는 여러분의 제보로 함께 세상을 바꿉니다. 각종 비리와... ",https://www.nocutnews.co.kr/news/6523030?utm_source=naver&utm_medium=article&utm_campaign=20260526060408,naver_news,사과,canonical,1.0,2026-05-26T11:50:13.707259+00:00,0,0,0,0,,"문제의 장면은 결국 삭제됐으나, 작품 주연 배우인 아이유와 변우석, 연출을 맡은 박준화 감독, 극본을 집필한 유지원 작가까지 잇따라 <b>사과</b>했다. ※CBS노컷뉴스는 여러분의 제보로 함께 세상을 바꿉니다. 각종 비리와... ","{""title"": ""'21세기 대군부인' 논란 속 국회로…폐기 청원 동의 5만 명↑"", ""originallink"": ""https://www.nocutnews.co.kr/news/6523030?utm_source=naver&utm_medium=article&utm_campaign=20260526060408"", ""link"": ""https://m.entertain.naver.com/article/079/0004150936"", ""description"": ""문제의 장면은 결국 삭제됐으나, 작품 주연 배우인 아이유와 변우석, 연출을 맡은 박준화 감독, 극본을 집필한 유지원 작가까지 잇따라 <b>사과</b>했다. ※CBS노컷뉴스는 여러분의 제보로 함께 세상을 바꿉니다. 각종 비리와... "", ""pubDate"": ""Tue, 26 May 2026 18:05:00 +0900""}",,
사과,single_term_fallback,사과,"MBC '히든아이', 살인사건 피해자 사진에 스키즈 현진 사진 오송출",https://n.news.naver.com/mnews/article/015/0005291429?sid=102,"Tue, 26 May 2026 18:05:00 +0900",사용해 <b>사과</b>했다. 한 네티즌은 지난 25일 SNS를 통해 &quot;'히든아이' 보는데 실환가 이거. 살인사건 피해자... 마지막으로 &quot;이번 일로 스트레이 키즈 현진 님과 팬분들에게 심려를 끼쳐드린 점 진심으로 <b>사과</b>드린다&quot;며 &quot;또한... ,https://www.hankyung.com/article/2026052600907,naver_news,사과,canonical,1.0,2026-05-26T11:50:13.707259+00:00,0,0,0,0,,사용해 <b>사과</b>했다. 한 네티즌은 지난 25일 SNS를 통해 &quot;'히든아이' 보는데 실환가 이거. 살인사건 피해자... 마지막으로 &quot;이번 일로 스트레이 키즈 현진 님과 팬분들에게 심려를 끼쳐드린 점 진심으로 <b>사과</b>드린다&quot;며 &quot;또한... ,"{""title"": ""MBC '히든아이', 살인사건 피해자 사진에 스키즈 현진 사진 오송출"", ""originallink"": ""https://www.hankyung.com/article/2026052600907"", ""link"": ""https://n.news.naver.com/mnews/article/015/0005291429?sid=102"", ""description"": ""사용해 <b>사과</b>했다. 한 네티즌은 지난 25일 SNS를 통해 &quot;'히든아이' 보는데 실환가 이거. 살인사건 피해자... 마지막으로 &quot;이번 일로 스트레이 키즈 현진 님과 팬분들에게 심려를 끼쳐드린 점 진심으로 <b>사과</b>드린다&quot;며 &quot;또한... "", ""pubDate"": ""Tue, 26 May 2026 18:05:00 +0900""}",,
사과,single_term_fallback,사과,"창원시장 후보들, TV토론서 공약 현실성·전과 두고 날 선 공방",https://n.news.naver.com/mnews/article/001/0016100359?sid=102,"Tue, 26 May 2026 18:05:00 +0900","송순호 후보는 &quot;(2009년 일에) 공개 <b>사과</b>를 드렸고, 이후 시의원 2번, 도의원 1번 선거를 치르면서 시민들이 심판했다고 생각한다&quot;며 강기윤 후보의 음주운전 전력(1999년 벌금형)을 거론했다. 이어 강기윤 후보가 사장으로... ",https://www.yna.co.kr/view/AKR20260526157600052?input=1195m,naver_news,사과,canonical,1.0,2026-05-26T11:50:13.707259+00:00,0,0,0,0,,"송순호 후보는 &quot;(2009년 일에) 공개 <b>사과</b>를 드렸고, 이후 시의원 2번, 도의원 1번 선거를 치르면서 시민들이 심판했다고 생각한다&quot;며 강기윤 후보의 음주운전 전력(1999년 벌금형)을 거론했다. 이어 강기윤 후보가 사장으로... ","{""title"": ""창원시장 후보들, TV토론서 공약 현실성·전과 두고 날 선 공방"", ""originallink"": ""https://www.yna.co.kr/view/AKR20260526157600052?input=1195m"", ""link"": ""https://n.news.naver.com/mnews/article/001/0016100359?sid=102"", ""description"": ""송순호 후보는 &quot;(2009년 일에) 공개 <b>사과</b>를 드렸고, 이후 시의원 2번, 도의원 1번 선거를 치르면서 시민들이 심판했다고 생각한다&quot;며 강기윤 후보의 음주운전 전력(1999년 벌금형)을 거론했다. 이어 강기윤 후보가 사장으로... "", ""pubDate"": ""Tue, 26 May 2026 18:05:00 +0900""}",,
사과,single_term_fallback,사과,'탱크데이' 4단계 보고 지나쳤다… &quot;마케팅 관리 부실&quot; 인정,https://www.asiatoday.co.kr/kn/view.php?key=20260527010007668,"Tue, 26 May 2026 18:04:00 +0900","향후 마케팅 기획 단계부터 법무·홍보 등 유관 부서의 검증 절차를 강화하고, 사회적·역사적 민감성과 관련한 임직원 교육도 확대할 방침이다.정용진 회장은 이날 <b>사과</b>문 발표에서 &quot;오늘의 <b>사과</b>를 끝이 아닌 시작으로... ",https://www.asiatoday.co.kr/kn/view.php?key=20260527010007668,naver_news,사과,canonical,1.0,2026-05-26T11:50:13.707259+00:00,0,0,0,0,,"향후 마케팅 기획 단계부터 법무·홍보 등 유관 부서의 검증 절차를 강화하고, 사회적·역사적 민감성과 관련한 임직원 교육도 확대할 방침이다.정용진 회장은 이날 <b>사과</b>문 발표에서 &quot;오늘의 <b>사과</b>를 끝이 아닌 시작으로... ","{""title"": ""'탱크데이' 4단계 보고 지나쳤다… &quot;마케팅 관리 부실&quot; 인정"", ""originallink"": ""https://www.asiatoday.co.kr/kn/view.php?key=20260527010007668"", ""link"": ""https://www.asiatoday.co.kr/kn/view.php?key=20260527010007668"", ""description"": ""향후 마케팅 기획 단계부터 법무·홍보 등 유관 부서의 검증 절차를 강화하고, 사회적·역사적 민감성과 관련한 임직원 교육도 확대할 방침이다.정용진 회장은 이날 <b>사과</b>문 발표에서 &quot;오늘의 <b>사과</b>를 끝이 아닌 시작으로... "", ""pubDate"": ""Tue, 26 May 2026 18:04:00 +0900""}",,
사과,single_term_fallback,사과,'AI 때문에 해고?'…젠슨 황 &quot;궁색한 핑계&quot; 일침,https://www.ajunews.com/view/20260526172101806,"Tue, 26 May 2026 18:04:00 +0900",하지만 그는 이후 자신의 단어 선정이 적절치 못했다며 <b>사과</b>했다. 또한 지난 이달에는 메타가 AI 투자에 박차를 가하는 동시에 전체 인력의 10%를 감원할 것이라는 소식이 전해지기도 했다. 따라서 전 세계 국가와... ,https://www.ajunews.com/view/20260526172101806,naver_news,사과,canonical,1.0,2026-05-26T11:50:13.707259+00:00,0,0,0,0,,하지만 그는 이후 자신의 단어 선정이 적절치 못했다며 <b>사과</b>했다. 또한 지난 이달에는 메타가 AI 투자에 박차를 가하는 동시에 전체 인력의 10%를 감원할 것이라는 소식이 전해지기도 했다. 따라서 전 세계 국가와... ,"{""title"": ""'AI 때문에 해고?'…젠슨 황 &quot;궁색한 핑계&quot; 일침"", ""originallink"": ""https://www.ajunews.com/view/20260526172101806"", ""link"": ""https://www.ajunews.com/view/20260526172101806"", ""description"": ""하지만 그는 이후 자신의 단어 선정이 적절치 못했다며 <b>사과</b>했다. 또한 지난 이달에는 메타가 AI 투자에 박차를 가하는 동시에 전체 인력의 10%를 감원할 것이라는 소식이 전해지기도 했다. 따라서 전 세계 국가와... "", ""pubDate"": ""Tue, 26 May 2026 18:04:00 +0900""}",,
사과,single_term_fallback,사과,"부산시장 후보, '스벅 사태' 엇갈린 시선...&quot;엄중한 문제&quot; vs &quot;마녀사냥&quot;",https://n.news.naver.com/mnews/article/629/0000502366?sid=102,"Tue, 26 May 2026 18:03:00 +0900","정용진 신세계그룹 회장은 논란 발생 일주일만인 이날 오전 공식 <b>사과</b>했다. 정 회장은 서울 강남구 조선팰리스 호텔에서 기자회견을 열어 &quot;이번 일로 깊은 상처와 실망을 드린 5·18 유가족 여러분, 박종철 열사 유가족... ",https://news.tf.co.kr/read/national/2326373.htm,naver_news,사과,canonical,1.0,2026-05-26T11:50:13.707259+00:00,0,0,0,0,,"정용진 신세계그룹 회장은 논란 발생 일주일만인 이날 오전 공식 <b>사과</b>했다. 정 회장은 서울 강남구 조선팰리스 호텔에서 기자회견을 열어 &quot;이번 일로 깊은 상처와 실망을 드린 5·18 유가족 여러분, 박종철 열사 유가족... ","{""title"": ""부산시장 후보, '스벅 사태' 엇갈린 시선...&quot;엄중한 문제&quot; vs &quot;마녀사냥&quot;"", ""originallink"": ""https://news.tf.co.kr/read/national/2326373.htm"", ""link"": ""https://n.news.naver.com/mnews/article/629/0000502366?sid=102"", ""description"": ""정용진 신세계그룹 회장은 논란 발생 일주일만인 이날 오전 공식 <b>사과</b>했다. 정 회장은 서울 강남구 조선팰리스 호텔에서 기자회견을 열어 &quot;이번 일로 깊은 상처와 실망을 드린 5·18 유가족 여러분, 박종철 열사 유가족... "", ""pubDate"": ""Tue, 26 May 2026 18:03:00 +0900""}",,
사과,single_term_fallback,사과,기업 저격 이어 일베 사이트 폐쇄론 … 헌법 핵심 가치 '표현의 자유' 경...,https://www.newdaily.co.kr/site/data/html/2026/05/26/2026052600227.html,"Tue, 26 May 2026 18:02:00 +0900","무신사가 이미 7년 전 공식 <b>사과</b>하고 책임자 징계, 모든 직원 역사 교육 등의 사후 조치를 단행하면서 일단락된 사안이었다. 하지만 무신사는 이 대통령의 글을 계기로 7년 만에 다시 <b>사과</b>했다. 이 대통령의 연이은 기업... ",https://www.newdaily.co.kr/site/data/html/2026/05/26/2026052600227.html,naver_news,사과,canonical,1.0,2026-05-26T11:50:13.707259+00:00,0,0,0,0,,"무신사가 이미 7년 전 공식 <b>사과</b>하고 책임자 징계, 모든 직원 역사 교육 등의 사후 조치를 단행하면서 일단락된 사안이었다. 하지만 무신사는 이 대통령의 글을 계기로 7년 만에 다시 <b>사과</b>했다. 이 대통령의 연이은 기업... ","{""title"": ""기업 저격 이어 일베 사이트 폐쇄론 … 헌법 핵심 가치 '표현의 자유' 경..."", ""originallink"": ""https://www.newdaily.co.kr/site/data/html/2026/05/26/2026052600227.html"", ""link"": ""https://www.newdaily.co.kr/site/data/html/2026/05/26/2026052600227.html"", ""description"": ""무신사가 이미 7년 전 공식 <b>사과</b>하고 책임자 징계, 모든 직원 역사 교육 등의 사후 조치를 단행하면서 일단락된 사안이었다. 하지만 무신사는 이 대통령의 글을 계기로 7년 만에 다시 <b>사과</b>했다. 이 대통령의 연이은 기업... "", ""pubDate"": ""Tue, 26 May 2026 18:02:00 +0900""}",,
사과,single_term_fallback,사과,강기정·김영록 &quot;진상·책임·<b>사과</b>없는 정용진 3無<b>사과</b>…사퇴해야&quot;(종합...,https://n.news.naver.com/mnews/article/003/0013968652?sid=102,"Tue, 26 May 2026 18:02:00 +0900","논란 <b>사과</b>'에 대해 &quot;진정성이 없다&quot;고 비판했다. 강 시장은 26일 광주 서구 광주시청 기자실에서 기자들과 만나 &quot;정 회장의 이날 <b>사과</b>는 진상규명, 책임, <b>사과</b> 진정성이 모두 빠진 '3무(無) 기자회견'이었다&quot;고 평가하며... ",https://www.newsis.com/view/NISX20260526_0003644732,naver_news,사과,canonical,1.0,2026-05-26T11:50:13.707259+00:00,0,0,0,0,,"논란 <b>사과</b>'에 대해 &quot;진정성이 없다&quot;고 비판했다. 강 시장은 26일 광주 서구 광주시청 기자실에서 기자들과 만나 &quot;정 회장의 이날 <b>사과</b>는 진상규명, 책임, <b>사과</b> 진정성이 모두 빠진 '3무(無) 기자회견'이었다&quot;고 평가하며... ","{""title"": ""강기정·김영록 &quot;진상·책임·<b>사과</b>없는 정용진 3無<b>사과</b>…사퇴해야&quot;(종합..."", ""originallink"": ""https://www.newsis.com/view/NISX20260526_0003644732"", ""link"": ""https://n.news.naver.com/mnews/article/003/0013968652?sid=102"", ""description"": ""논란 <b>사과</b>'에 대해 &quot;진정성이 없다&quot;고 비판했다. 강 시장은 26일 광주 서구 광주시청 기자실에서 기자들과 만나 &quot;정 회장의 이날 <b>사과</b>는 진상규명, 책임, <b>사과</b> 진정성이 모두 빠진 '3무(無) 기자회견'이었다&quot;고 평가하며... "", ""pubDate"": ""Tue, 26 May 2026 18:02:00 +0900""}",,
사과,single_term_fallback,사과,"울산 후보 단일화 중단, 김상욱 새 요구에 진보당 '여론조사 공개·승복...",https://n.news.naver.com/mnews/article/006/0000135919?sid=162,"Tue, 26 May 2026 18:02:00 +0900",이런 가운데 '내란청산 울산대전환 시민회의'는 이날 울산시의회 앞에서 기자회견을 열고 &quot;김상욱 후보는 공식 <b>사과</b>로 사태를 즉각 수습하라&quot;며 &quot;이번 단일화는 당대 당 합의로 추진된 것인 만큼 당이 <b>사과</b>하고 단일화... ,https://www.mediatoday.co.kr/news/articleView.html?idxno=334713,naver_news,사과,canonical,1.0,2026-05-26T11:50:13.707259+00:00,0,0,0,0,,이런 가운데 '내란청산 울산대전환 시민회의'는 이날 울산시의회 앞에서 기자회견을 열고 &quot;김상욱 후보는 공식 <b>사과</b>로 사태를 즉각 수습하라&quot;며 &quot;이번 단일화는 당대 당 합의로 추진된 것인 만큼 당이 <b>사과</b>하고 단일화... ,"{""title"": ""울산 후보 단일화 중단, 김상욱 새 요구에 진보당 '여론조사 공개·승복..."", ""originallink"": ""https://www.mediatoday.co.kr/news/articleView.html?idxno=334713"", ""link"": ""https://n.news.naver.com/mnews/article/006/0000135919?sid=162"", ""description"": ""이런 가운데 '내란청산 울산대전환 시민회의'는 이날 울산시의회 앞에서 기자회견을 열고 &quot;김상욱 후보는 공식 <b>사과</b>로 사태를 즉각 수습하라&quot;며 &quot;이번 단일화는 당대 당 합의로 추진된 것인 만큼 당이 <b>사과</b>하고 단일화... "", ""pubDate"": ""Tue, 26 May 2026 18:02:00 +0900""}",,
사과,single_term_fallback,사과,&quot;공무원 폭행·사전선거 의혹&quot;…창원시장 TV토론회 네거티브 공방,https://n.news.naver.com/mnews/article/421/0008967230?sid=162,"Tue, 26 May 2026 18:02:00 +0900",이에 송 후보는 &quot;(폭행은) 16년 전 일인데다 당시 공개 <b>사과</b>도 했고 그 이후 시의원과 도의원 선거를 치르면서 시민들의 심판을 받았다&quot;며 &quot;통합진보당은 민주노동당이 통합되면서 있게 됐다&quot;고 반박했다. 강명상 후보는 송... ,https://www.news1.kr/local/busan-gyeongnam/6178176,naver_news,사과,canonical,1.0,2026-05-26T11:50:13.707259+00:00,0,0,0,0,,이에 송 후보는 &quot;(폭행은) 16년 전 일인데다 당시 공개 <b>사과</b>도 했고 그 이후 시의원과 도의원 선거를 치르면서 시민들의 심판을 받았다&quot;며 &quot;통합진보당은 민주노동당이 통합되면서 있게 됐다&quot;고 반박했다. 강명상 후보는 송... ,"{""title"": ""&quot;공무원 폭행·사전선거 의혹&quot;…창원시장 TV토론회 네거티브 공방"", ""originallink"": ""https://www.news1.kr/local/busan-gyeongnam/6178176"", ""link"": ""https://n.news.naver.com/mnews/article/421/0008967230?sid=162"", ""description"": ""이에 송 후보는 &quot;(폭행은) 16년 전 일인데다 당시 공개 <b>사과</b>도 했고 그 이후 시의원과 도의원 선거를 치르면서 시민들의 심판을 받았다&quot;며 &quot;통합진보당은 민주노동당이 통합되면서 있게 됐다&quot;고 반박했다. 강명상 후보는 송... "", ""pubDate"": ""Tue, 26 May 2026 18:02:00 +0900""}",,
사과,single_term_fallback,사과,군부대서 강압적 팔굽혀펴기로 병사 근육 심각하게 손상…혈액검사 결...,https://n.news.naver.com/mnews/article/087/0001195497?sid=102,"Tue, 26 May 2026 18:01:00 +0900",가해자로부터 <b>사과</b>는커녕 부대 내 지휘관들로부터도 책임 있는 <b>사과</b>를 받지 못한 A 상병 측은 B 중사를 직권남용 가혹행위죄와 폭행죄로 군사경찰에 고소했다. A 상병의 누나는 “멈춰달라고 했을 때 멈췄다면 아무 일도... ,https://www.kwnews.co.kr/page/view/2026052650108000000,naver_news,사과,canonical,1.0,2026-05-26T11:50:13.707259+00:00,0,0,0,0,,가해자로부터 <b>사과</b>는커녕 부대 내 지휘관들로부터도 책임 있는 <b>사과</b>를 받지 못한 A 상병 측은 B 중사를 직권남용 가혹행위죄와 폭행죄로 군사경찰에 고소했다. A 상병의 누나는 “멈춰달라고 했을 때 멈췄다면 아무 일도... ,"{""title"": ""군부대서 강압적 팔굽혀펴기로 병사 근육 심각하게 손상…혈액검사 결..."", ""originallink"": ""https://www.kwnews.co.kr/page/view/2026052650108000000"", ""link"": ""https://n.news.naver.com/mnews/article/087/0001195497?sid=102"", ""description"": ""가해자로부터 <b>사과</b>는커녕 부대 내 지휘관들로부터도 책임 있는 <b>사과</b>를 받지 못한 A 상병 측은 B 중사를 직권남용 가혹행위죄와 폭행죄로 군사경찰에 고소했다. A 상병의 누나는 “멈춰달라고 했을 때 멈췄다면 아무 일도... "", ""pubDate"": ""Tue, 26 May 2026 18:01:00 +0900""}",,
사과,single_term_fallback,사과,"국힘 박강수, 서소문 사고에 &quot;큰 사고 없었던 마포, 자랑하고 싶다&quot;",https://n.news.naver.com/mnews/article/047/0002517166?sid=162,"Tue, 26 May 2026 18:01:00 +0900",박강수 <b>사과</b> &quot;배려 부족했다&quot; 논란이 불거지자 박 후보는 이날 유세가 끝난 뒤 자신의 페이스북에 &quot;유세... 저의 신중하지 못한 언행으로 상처받으셨을 분들과 시민 여러분께 진심으로 고개 숙여 <b>사과</b>드린다&quot;고 밝혔다.,https://www.ohmynews.com/NWS_Web/View/at_pg.aspx?CNTN_CD=A0003237599&CMPT_CD=P0010&utm_source=naver&utm_medium=newsearch&utm_campaign=naver_news,naver_news,사과,canonical,1.0,2026-05-26T11:50:13.707259+00:00,0,0,0,0,,박강수 <b>사과</b> &quot;배려 부족했다&quot; 논란이 불거지자 박 후보는 이날 유세가 끝난 뒤 자신의 페이스북에 &quot;유세... 저의 신중하지 못한 언행으로 상처받으셨을 분들과 시민 여러분께 진심으로 고개 숙여 <b>사과</b>드린다&quot;고 밝혔다.,"{""title"": ""국힘 박강수, 서소문 사고에 &quot;큰 사고 없었던 마포, 자랑하고 싶다&quot;"", ""originallink"": ""https://www.ohmynews.com/NWS_Web/View/at_pg.aspx?CNTN_CD=A0003237599&CMPT_CD=P0010&utm_source=naver&utm_medium=newsearch&utm_campaign=naver_news"", ""link"": ""https://n.news.naver.com/mnews/article/047/0002517166?sid=162"", ""description"": ""박강수 <b>사과</b> &quot;배려 부족했다&quot; 논란이 불거지자 박 후보는 이날 유세가 끝난 뒤 자신의 페이스북에 &quot;유세... 저의 신중하지 못한 언행으로 상처받으셨을 분들과 시민 여러분께 진심으로 고개 숙여 <b>사과</b>드린다&quot;고 밝혔다."", ""pubDate"": ""Tue, 26 May 2026 18:01:00 +0900""}",,
사과,single_term_fallback,사과,"&quot;오빠 논란, 여학생들 배려한 것&quot; 김민전 해명에… 정의당 &quot;내로남불&quot;",https://n.news.naver.com/mnews/article/469/0000932778?sid=162,"Tue, 26 May 2026 18:01:00 +0900","그러면서 김 의원을 겨냥해 &quot;이번 일을 '배려'로 포장하지 말고, 국민 앞에 <b>사과</b>하라&quot;고 촉구했다. 정의당은 앞서 하 후보를 향해서도 '국민에게 <b>사과</b>하라'고 요구한 바 있다. 정의당은 또, 국민의힘과 민주당 양당에 &quot;모두... ",https://www.hankookilbo.com/news/article/A2026052616300002650?did=NA,naver_news,사과,canonical,1.0,2026-05-26T11:50:13.707259+00:00,0,0,0,0,,"그러면서 김 의원을 겨냥해 &quot;이번 일을 '배려'로 포장하지 말고, 국민 앞에 <b>사과</b>하라&quot;고 촉구했다. 정의당은 앞서 하 후보를 향해서도 '국민에게 <b>사과</b>하라'고 요구한 바 있다. 정의당은 또, 국민의힘과 민주당 양당에 &quot;모두... ","{""title"": ""&quot;오빠 논란, 여학생들 배려한 것&quot; 김민전 해명에… 정의당 &quot;내로남불&quot;"", ""originallink"": ""https://www.hankookilbo.com/news/article/A2026052616300002650?did=NA"", ""link"": ""https://n.news.naver.com/mnews/article/469/0000932778?sid=162"", ""description"": ""그러면서 김 의원을 겨냥해 &quot;이번 일을 '배려'로 포장하지 말고, 국민 앞에 <b>사과</b>하라&quot;고 촉구했다. 정의당은 앞서 하 후보를 향해서도 '국민에게 <b>사과</b>하라'고 요구한 바 있다. 정의당은 또, 국민의힘과 민주당 양당에 &quot;모두... "", ""pubDate"": ""Tue, 26 May 2026 18:01:00 +0900""}",,
사과,single_term_fallback,사과,[사설]'탱크데이' '일베'… 정치 아닌 시민의 상식으로,https://n.news.naver.com/mnews/article/417/0001144869?sid=110,"Tue, 26 May 2026 18:00:00 +0900",정용진 신세계그룹 회장이 26일 스타벅스코리아의 '탱크데이' 마케팅 논란과 관련해 직접 <b>사과</b>했다. 그는 &quot;모든 책임은 저에게 있다&quot;며 내부 시스템 점검과 사회적 책임 강화를 언급했다. 신세계그룹도 자체 진상조사 결과를... ,https://www.sidae.com/article/2026052615290079303,naver_news,사과,canonical,1.0,2026-05-26T11:50:13.707259+00:00,0,0,0,0,,정용진 신세계그룹 회장이 26일 스타벅스코리아의 '탱크데이' 마케팅 논란과 관련해 직접 <b>사과</b>했다. 그는 &quot;모든 책임은 저에게 있다&quot;며 내부 시스템 점검과 사회적 책임 강화를 언급했다. 신세계그룹도 자체 진상조사 결과를... ,"{""title"": ""[사설]'탱크데이' '일베'… 정치 아닌 시민의 상식으로"", ""originallink"": ""https://www.sidae.com/article/2026052615290079303"", ""link"": ""https://n.news.naver.com/mnews/article/417/0001144869?sid=110"", ""description"": ""정용진 신세계그룹 회장이 26일 스타벅스코리아의 '탱크데이' 마케팅 논란과 관련해 직접 <b>사과</b>했다. 그는 &quot;모든 책임은 저에게 있다&quot;며 내부 시스템 점검과 사회적 책임 강화를 언급했다. 신세계그룹도 자체 진상조사 결과를... "", ""pubDate"": ""Tue, 26 May 2026 18:00:00 +0900""}",,
사과,single_term_fallback,사과,“진정성 없는 면피용…책임 있는 결단·사퇴하라” 촉구,http://www.jndn.com/article.php?aid=1779785834433170005,"Tue, 26 May 2026 18:00:00 +0900",정용진 신세계그룹 회장이 26일 스타벅스의 ‘탱크데이’ 논란과 관련해 대국민 <b>사과</b>에 나섰지만 지역 시민사회단체는 “면피용 <b>사과</b>”라며 책임 있는 결단과 사퇴를 촉구했다. 특히 이번 <b>사과</b>는 들불처럼 번지는... ,http://www.jndn.com/article.php?aid=1779785834433170005,naver_news,사과,canonical,1.0,2026-05-26T11:50:13.707259+00:00,0,0,0,0,,정용진 신세계그룹 회장이 26일 스타벅스의 ‘탱크데이’ 논란과 관련해 대국민 <b>사과</b>에 나섰지만 지역 시민사회단체는 “면피용 <b>사과</b>”라며 책임 있는 결단과 사퇴를 촉구했다. 특히 이번 <b>사과</b>는 들불처럼 번지는... ,"{""title"": ""“진정성 없는 면피용…책임 있는 결단·사퇴하라” 촉구"", ""originallink"": ""http://www.jndn.com/article.php?aid=1779785834433170005"", ""link"": ""http://www.jndn.com/article.php?aid=1779785834433170005"", ""description"": ""정용진 신세계그룹 회장이 26일 스타벅스의 ‘탱크데이’ 논란과 관련해 대국민 <b>사과</b>에 나섰지만 지역 시민사회단체는 “면피용 <b>사과</b>”라며 책임 있는 결단과 사퇴를 촉구했다. 특히 이번 <b>사과</b>는 들불처럼 번지는... "", ""pubDate"": ""Tue, 26 May 2026 18:00:00 +0900""}",,
사과,single_term_fallback,사과,"이원택 민주당 전북지사 후보, “대통령 이름 훔친 무소속 김관영 후보...",https://n.news.naver.com/mnews/article/081/0003647027?sid=100,"Tue, 26 May 2026 18:00:00 +0900","앞에서 <b>사과</b>하고 책임 있는 결단을 해야 한다”고 밝혔다. 이 후보는 26일 전북도의회에서 기자회견을 갖고... 당장 <b>사과</b>하고, 금품 선거로 제명된 인물이 대통령의 이름까지 팔아 전북 선거를 왜곡하고 도민의 자존심을... ",https://www.seoul.co.kr/news/politics/2026/05/26/20260526500267?wlog_tag3=naver,naver_news,사과,canonical,1.0,2026-05-26T11:50:13.707259+00:00,0,0,0,0,,"앞에서 <b>사과</b>하고 책임 있는 결단을 해야 한다”고 밝혔다. 이 후보는 26일 전북도의회에서 기자회견을 갖고... 당장 <b>사과</b>하고, 금품 선거로 제명된 인물이 대통령의 이름까지 팔아 전북 선거를 왜곡하고 도민의 자존심을... ","{""title"": ""이원택 민주당 전북지사 후보, “대통령 이름 훔친 무소속 김관영 후보..."", ""originallink"": ""https://www.seoul.co.kr/news/politics/2026/05/26/20260526500267?wlog_tag3=naver"", ""link"": ""https://n.news.naver.com/mnews/article/081/0003647027?sid=100"", ""description"": ""앞에서 <b>사과</b>하고 책임 있는 결단을 해야 한다”고 밝혔다. 이 후보는 26일 전북도의회에서 기자회견을 갖고... 당장 <b>사과</b>하고, 금품 선거로 제명된 인물이 대통령의 이름까지 팔아 전북 선거를 왜곡하고 도민의 자존심을... "", ""pubDate"": ""Tue, 26 May 2026 18:00:00 +0900""}",,
사과,single_term_fallback,사과,강릉시체육회 선거 개입 의혹 가열…강릉시장 선거 최대 쟁점(종합),https://n.news.naver.com/mnews/article/001/0016100351?sid=162,"Tue, 26 May 2026 18:00:00 +0900",그러면서 &quot;민주당 강릉시의원들은 '관권 선거'라는 터무니없는 정치 공세에 대해 증거를 대거나 증거를 대지 못할 경우 즉각 <b>사과</b>하고 <b>사과</b>하지 않으면 법적 조치를 취할 것&quot;이라고 밝혔다. 이날 더불어민주당 김중남... ,https://www.yna.co.kr/view/AKR20260526158300062?input=1195m,naver_news,사과,canonical,1.0,2026-05-26T11:50:13.707259+00:00,0,0,0,0,,그러면서 &quot;민주당 강릉시의원들은 '관권 선거'라는 터무니없는 정치 공세에 대해 증거를 대거나 증거를 대지 못할 경우 즉각 <b>사과</b>하고 <b>사과</b>하지 않으면 법적 조치를 취할 것&quot;이라고 밝혔다. 이날 더불어민주당 김중남... ,"{""title"": ""강릉시체육회 선거 개입 의혹 가열…강릉시장 선거 최대 쟁점(종합)"", ""originallink"": ""https://www.yna.co.kr/view/AKR20260526158300062?input=1195m"", ""link"": ""https://n.news.naver.com/mnews/article/001/0016100351?sid=162"", ""description"": ""그러면서 &quot;민주당 강릉시의원들은 '관권 선거'라는 터무니없는 정치 공세에 대해 증거를 대거나 증거를 대지 못할 경우 즉각 <b>사과</b>하고 <b>사과</b>하지 않으면 법적 조치를 취할 것&quot;이라고 밝혔다. 이날 더불어민주당 김중남... "", ""pubDate"": ""Tue, 26 May 2026 18:00:00 +0900""}",,
사과,single_term_fallback,사과,[이슈+] '스타벅스 쇼크' 넘사벽 이미지 흔들…쇄신 가능할까,https://www.shinailbo.co.kr/news/articleView.html?idxno=5024178,"Tue, 26 May 2026 18:00:00 +0900","대국민 <b>사과</b>를 하며 수습에 나섰다. 업계에서는 이번 사태가 단순 마케팅 실수를 넘어 회사 내부 검수... 26일 업계에 따르면, 정용진 신세계그룹 회장은 이날 공식 석상에서 대국민 <b>사과</b>문을 발표하고 &quot;어떠한 변명도 하지... ",https://www.shinailbo.co.kr/news/articleView.html?idxno=5024178,naver_news,사과,canonical,1.0,2026-05-26T11:50:13.707259+00:00,0,0,0,0,,"대국민 <b>사과</b>를 하며 수습에 나섰다. 업계에서는 이번 사태가 단순 마케팅 실수를 넘어 회사 내부 검수... 26일 업계에 따르면, 정용진 신세계그룹 회장은 이날 공식 석상에서 대국민 <b>사과</b>문을 발표하고 &quot;어떠한 변명도 하지... ","{""title"": ""[이슈+] '스타벅스 쇼크' 넘사벽 이미지 흔들…쇄신 가능할까"", ""originallink"": ""https://www.shinailbo.co.kr/news/articleView.html?idxno=5024178"", ""link"": ""https://www.shinailbo.co.kr/news/articleView.html?idxno=5024178"", ""description"": ""대국민 <b>사과</b>를 하며 수습에 나섰다. 업계에서는 이번 사태가 단순 마케팅 실수를 넘어 회사 내부 검수... 26일 업계에 따르면, 정용진 신세계그룹 회장은 이날 공식 석상에서 대국민 <b>사과</b>문을 발표하고 &quot;어떠한 변명도 하지... "", ""pubDate"": ""Tue, 26 May 2026 18:00:00 +0900""}",,
사과,single_term_fallback,사과,지선 막판 변수 '스벅 논란' 띄우는 與野,https://www.asiatoday.co.kr/kn/view.php?key=20260527010007649,"Tue, 26 May 2026 17:58:00 +0900",대국민 <b>사과</b> 이후에도 비판을 이어갔다. 정청래 대표는 정 회장의 <b>사과</b>를 두고 &quot;상처받은 분들께는 턱없이 부족하다&quot;며 &quot;그동안의 극우적 언행을 봤을 때 소나기 피하기식 가식적 <b>사과</b>가 아닌지 의심을 지울 수 없다&quot;고... ,https://www.asiatoday.co.kr/kn/view.php?key=20260527010007649,naver_news,사과,canonical,1.0,2026-05-26T11:50:13.707259+00:00,0,0,0,0,,대국민 <b>사과</b> 이후에도 비판을 이어갔다. 정청래 대표는 정 회장의 <b>사과</b>를 두고 &quot;상처받은 분들께는 턱없이 부족하다&quot;며 &quot;그동안의 극우적 언행을 봤을 때 소나기 피하기식 가식적 <b>사과</b>가 아닌지 의심을 지울 수 없다&quot;고... ,"{""title"": ""지선 막판 변수 '스벅 논란' 띄우는 與野"", ""originallink"": ""https://www.asiatoday.co.kr/kn/view.php?key=20260527010007649"", ""link"": ""https://www.asiatoday.co.kr/kn/view.php?key=20260527010007649"", ""description"": ""대국민 <b>사과</b> 이후에도 비판을 이어갔다. 정청래 대표는 정 회장의 <b>사과</b>를 두고 &quot;상처받은 분들께는 턱없이 부족하다&quot;며 &quot;그동안의 극우적 언행을 봤을 때 소나기 피하기식 가식적 <b>사과</b>가 아닌지 의심을 지울 수 없다&quot;고... "", ""pubDate"": ""Tue, 26 May 2026 17:58:00 +0900""}",,
사과,single_term_fallback,사과,"정용진 &quot;국민께 상처, 모두 제 책임&quot;",https://www.asiatoday.co.kr/kn/view.php?key=20260527010007663,"Tue, 26 May 2026 17:58:00 +0900",스벅 '탱크데이' 논란 대국민<b>사과</b> &quot;5·18 유가족·국민에 머리숙여 사죄&quot; 내부시스템 점검·신뢰 회복 약속도... 스타벅스코리아의 '탱크데이' 논란이 확산하자 직접 공개 <b>사과</b>에 나서며 그룹 차원의 역사 인식 논란 수습과... ,https://www.asiatoday.co.kr/kn/view.php?key=20260527010007663,naver_news,사과,canonical,1.0,2026-05-26T11:50:13.707259+00:00,0,0,0,0,,스벅 '탱크데이' 논란 대국민<b>사과</b> &quot;5·18 유가족·국민에 머리숙여 사죄&quot; 내부시스템 점검·신뢰 회복 약속도... 스타벅스코리아의 '탱크데이' 논란이 확산하자 직접 공개 <b>사과</b>에 나서며 그룹 차원의 역사 인식 논란 수습과... ,"{""title"": ""정용진 &quot;국민께 상처, 모두 제 책임&quot;"", ""originallink"": ""https://www.asiatoday.co.kr/kn/view.php?key=20260527010007663"", ""link"": ""https://www.asiatoday.co.kr/kn/view.php?key=20260527010007663"", ""description"": ""스벅 '탱크데이' 논란 대국민<b>사과</b> &quot;5·18 유가족·국민에 머리숙여 사죄&quot; 내부시스템 점검·신뢰 회복 약속도... 스타벅스코리아의 '탱크데이' 논란이 확산하자 직접 공개 <b>사과</b>에 나서며 그룹 차원의 역사 인식 논란 수습과... "", ""pubDate"": ""Tue, 26 May 2026 17:58:00 +0900""}",,
사과,single_term_fallback,사과,&quot;알맹이 없는 <b>사과</b>&quot;...5·18단체·시민사회 반발,https://n.news.naver.com/mnews/article/052/0002358132?sid=102,"Tue, 26 May 2026 17:57:00 +0900","스타벅스의 5·18 '탱크 데이' 논란에 대해 정용진 신세계 그룹 회장이 <b>사과</b>했지만, 비판 여론이 좀처럼... 오늘 기자회견의 <b>사과</b>문이 신세계의 수준입니까?] 1인 시위는 광주 지역 스타벅스 매장 10여 곳에서... ",https://www.ytn.co.kr/_ln/0115_202605261757128951,naver_news,사과,canonical,1.0,2026-05-26T11:50:13.707259+00:00,0,0,0,0,,"스타벅스의 5·18 '탱크 데이' 논란에 대해 정용진 신세계 그룹 회장이 <b>사과</b>했지만, 비판 여론이 좀처럼... 오늘 기자회견의 <b>사과</b>문이 신세계의 수준입니까?] 1인 시위는 광주 지역 스타벅스 매장 10여 곳에서... ","{""title"": ""&quot;알맹이 없는 <b>사과</b>&quot;...5·18단체·시민사회 반발"", ""originallink"": ""https://www.ytn.co.kr/_ln/0115_202605261757128951"", ""link"": ""https://n.news.naver.com/mnews/article/052/0002358132?sid=102"", ""description"": ""스타벅스의 5·18 '탱크 데이' 논란에 대해 정용진 신세계 그룹 회장이 <b>사과</b>했지만, 비판 여론이 좀처럼... 오늘 기자회견의 <b>사과</b>문이 신세계의 수준입니까?] 1인 시위는 광주 지역 스타벅스 매장 10여 곳에서... "", ""pubDate"": ""Tue, 26 May 2026 17:57:00 +0900""}",,
사과,single_term_fallback,사과,스키즈 현진 유년 사진이 어쩌다 살인사건 피해자로…'히든아이' 측 &quot;영...,https://m.entertain.naver.com/article/117/0004068282,"Tue, 26 May 2026 17:56:00 +0900","역시 수정 또는 비공개 조치를 진행할 예정&quot;이라고 밝혔다. 또한 현진과 팬들, 시청자들에게 <b>사과</b>하며 &quot;앞으로 자료 확인 및 검수 절차를 더욱 철저히 해 같은 일이 재발하지 않도록 각별히 주의하겠다&quot;고 고개를 숙였다.",https://www.mydaily.co.kr/page/view/2026052617384227450,naver_news,사과,canonical,1.0,2026-05-26T11:50:13.707259+00:00,0,0,0,0,,"역시 수정 또는 비공개 조치를 진행할 예정&quot;이라고 밝혔다. 또한 현진과 팬들, 시청자들에게 <b>사과</b>하며 &quot;앞으로 자료 확인 및 검수 절차를 더욱 철저히 해 같은 일이 재발하지 않도록 각별히 주의하겠다&quot;고 고개를 숙였다.","{""title"": ""스키즈 현진 유년 사진이 어쩌다 살인사건 피해자로…'히든아이' 측 &quot;영..."", ""originallink"": ""https://www.mydaily.co.kr/page/view/2026052617384227450"", ""link"": ""https://m.entertain.naver.com/article/117/0004068282"", ""description"": ""역시 수정 또는 비공개 조치를 진행할 예정&quot;이라고 밝혔다. 또한 현진과 팬들, 시청자들에게 <b>사과</b>하며 &quot;앞으로 자료 확인 및 검수 절차를 더욱 철저히 해 같은 일이 재발하지 않도록 각별히 주의하겠다&quot;고 고개를 숙였다."", ""pubDate"": ""Tue, 26 May 2026 17:56:00 +0900""}",,
사과,single_term_fallback,사과,"전교조 인천지부, '동성애 퀴어교육 OUT·전교조 OUT' 선언 동참 교육감...",https://www.joongboo.com/news/articleView.html?idxno=363726914,"Tue, 26 May 2026 17:56:00 +0900","연합뉴스 자료사진 전국교직원노동조합 인천지부가 6·3 인천시교육감 선거를 앞두고 '동성애 퀴어교육 OUT, 전교조 OUT'을 내건 정책연대 선언문에 참여한 교육감 후보를 향해 공개 <b>사과</b>를 촉구했다. 전교조 인천지부는... ",https://www.joongboo.com/news/articleView.html?idxno=363726914,naver_news,사과,canonical,1.0,2026-05-26T11:50:13.707259+00:00,0,0,0,0,,"연합뉴스 자료사진 전국교직원노동조합 인천지부가 6·3 인천시교육감 선거를 앞두고 '동성애 퀴어교육 OUT, 전교조 OUT'을 내건 정책연대 선언문에 참여한 교육감 후보를 향해 공개 <b>사과</b>를 촉구했다. 전교조 인천지부는... ","{""title"": ""전교조 인천지부, '동성애 퀴어교육 OUT·전교조 OUT' 선언 동참 교육감..."", ""originallink"": ""https://www.joongboo.com/news/articleView.html?idxno=363726914"", ""link"": ""https://www.joongboo.com/news/articleView.html?idxno=363726914"", ""description"": ""연합뉴스 자료사진 전국교직원노동조합 인천지부가 6·3 인천시교육감 선거를 앞두고 '동성애 퀴어교육 OUT, 전교조 OUT'을 내건 정책연대 선언문에 참여한 교육감 후보를 향해 공개 <b>사과</b>를 촉구했다. 전교조 인천지부는... "", ""pubDate"": ""Tue, 26 May 2026 17:56:00 +0900""}",,
사과,single_term_fallback,사과,"배신감에 뿌린 ‘불륜 전단지’, 피해자가 피의자 된 순간",https://lawtalknews.co.kr/article/Y3ODY0WPIBZV,"Tue, 26 May 2026 17:56:00 +0900","하지만 남편의 <b>사과</b> 대신 돌아온 것은 경찰 조사였다. “사실을 말한 게 죄가 되나?” 억울함을 호소하지만, 법률 전문가들은 사적 복수가 더 큰 범죄가 될 수 있다고 경고한다. 피해자에서 피의자로 전락한 아내, 그녀의... ",https://lawtalknews.co.kr/article/Y3ODY0WPIBZV,naver_news,사과,canonical,1.0,2026-05-26T11:50:13.707259+00:00,0,0,0,0,,"하지만 남편의 <b>사과</b> 대신 돌아온 것은 경찰 조사였다. “사실을 말한 게 죄가 되나?” 억울함을 호소하지만, 법률 전문가들은 사적 복수가 더 큰 범죄가 될 수 있다고 경고한다. 피해자에서 피의자로 전락한 아내, 그녀의... ","{""title"": ""배신감에 뿌린 ‘불륜 전단지’, 피해자가 피의자 된 순간"", ""originallink"": ""https://lawtalknews.co.kr/article/Y3ODY0WPIBZV"", ""link"": ""https://lawtalknews.co.kr/article/Y3ODY0WPIBZV"", ""description"": ""하지만 남편의 <b>사과</b> 대신 돌아온 것은 경찰 조사였다. “사실을 말한 게 죄가 되나?” 억울함을 호소하지만, 법률 전문가들은 사적 복수가 더 큰 범죄가 될 수 있다고 경고한다. 피해자에서 피의자로 전락한 아내, 그녀의... "", ""pubDate"": ""Tue, 26 May 2026 17:56:00 +0900""}",,
사과,single_term_fallback,사과,기억을 빌려줄게 _ 도토리숲 알심문학 07,https://blog.naver.com/dotoribook/224297206144,20260526,"진정한 <b>사과</b>와 화해를 위하여 박하령 장편소설 140×200mm) |188쪽 | 값 14,000원 ISBN: 979-11-93599-31-0 (03810)... 저마다 살아남으려는 고군분투 진정한 <b>사과</b>와 화해를 위하여 소설에는 저마다의 방법으로 살아남으려는... ",,naver_blog,사과,canonical,1.0,2026-05-26T11:50:14.768518+00:00,0,0,0,0,도서출판 도토리숲,"진정한 <b>사과</b>와 화해를 위하여 박하령 장편소설 140×200mm) |188쪽 | 값 14,000원 ISBN: 979-11-93599-31-0 (03810)... 저마다 살아남으려는 고군분투 진정한 <b>사과</b>와 화해를 위하여 소설에는 저마다의 방법으로 살아남으려는... ","{""title"": ""기억을 빌려줄게 _ 도토리숲 알심문학 07"", ""link"": ""https://blog.naver.com/dotoribook/224297206144"", ""description"": ""진정한 <b>사과</b>와 화해를 위하여 박하령 장편소설 140×200mm) |188쪽 | 값 14,000원 ISBN: 979-11-93599-31-0 (03810)... 저마다 살아남으려는 고군분투 진정한 <b>사과</b>와 화해를 위하여 소설에는 저마다의 방법으로 살아남으려는... "", ""bloggername"": ""도서출판 도토리숲"", ""bloggerlink"": ""blog.naver.com/dotoribook"", ""postdate"": ""20260526""}",도서출판 도토리숲,blog.naver.com/dotoribook
사과,single_term_fallback,사과,이유식 스타터세트로 처음 시작할 때 과즙망까지 챙기는 이유,https://blog.naver.com/fgfay_2l44gxl/224297206586,20260526,저는 <b>사과</b>나 배처럼 수분이 있는 재료를 다룰 때 과즙망이 있으면 손이 덜 번거로웠습니다. 한 번에 많이 먹이는 용도보다 조금씩 맛을 익히는 흐름에 더 잘 맞았습니다. 특히 손으로 잡는 연습과 입에 대는... ,,naver_blog,사과,canonical,1.0,2026-05-26T11:50:14.768518+00:00,0,0,0,0,fgfay_2l44gxl님의 블로그,저는 <b>사과</b>나 배처럼 수분이 있는 재료를 다룰 때 과즙망이 있으면 손이 덜 번거로웠습니다. 한 번에 많이 먹이는 용도보다 조금씩 맛을 익히는 흐름에 더 잘 맞았습니다. 특히 손으로 잡는 연습과 입에 대는... ,"{""title"": ""이유식 스타터세트로 처음 시작할 때 과즙망까지 챙기는 이유"", ""link"": ""https://blog.naver.com/fgfay_2l44gxl/224297206586"", ""description"": ""저는 <b>사과</b>나 배처럼 수분이 있는 재료를 다룰 때 과즙망이 있으면 손이 덜 번거로웠습니다. 한 번에 많이 먹이는 용도보다 조금씩 맛을 익히는 흐름에 더 잘 맞았습니다. 특히 손으로 잡는 연습과 입에 대는... "", ""bloggername"": ""fgfay_2l44gxl님의 블로그"", ""bloggerlink"": ""blog.naver.com/fgfay_2l44gxl"", ""postdate"": ""20260526""}",fgfay_2l44gxl님의 블로그,blog.naver.com/fgfay_2l44gxl
사과,single_term_fallback,사과,"정용진 대국민 <b>사과</b>문 핵심 요약, 왜 화제일까?",https://blog.naver.com/openaitrading/224297206293,20260526,최근 '정용진 대국민 <b>사과</b>문'에 대해 검색하는 분들이 많습니다. 이 주제에서 중요한 부분은... 핵심 답변: 정용진 대국민 <b>사과</b>문 검색은 신세계그룹 계열 스타벅스코리아의 ‘탱크데이’... ,,naver_blog,사과,canonical,1.0,2026-05-26T11:50:14.768518+00:00,0,0,0,0,오늘의 냥피드,최근 '정용진 대국민 <b>사과</b>문'에 대해 검색하는 분들이 많습니다. 이 주제에서 중요한 부분은... 핵심 답변: 정용진 대국민 <b>사과</b>문 검색은 신세계그룹 계열 스타벅스코리아의 ‘탱크데이’... ,"{""title"": ""정용진 대국민 <b>사과</b>문 핵심 요약, 왜 화제일까?"", ""link"": ""https://blog.naver.com/openaitrading/224297206293"", ""description"": ""최근 '정용진 대국민 <b>사과</b>문'에 대해 검색하는 분들이 많습니다. 이 주제에서 중요한 부분은... 핵심 답변: 정용진 대국민 <b>사과</b>문 검색은 신세계그룹 계열 스타벅스코리아의 ‘탱크데이’... "", ""bloggername"": ""오늘의 냥피드"", ""bloggerlink"": ""blog.naver.com/openaitrading"", ""postdate"": ""20260526""}",오늘의 냥피드,blog.naver.com/openaitrading
사과,single_term_fallback,사과,"간에 좋은 음식 5가지, 제대로 알고 먹자",https://blog.naver.com/bunny3813/224297206147,20260526,<b>사과</b>에 들어 있는 펙틴 성분은 체내 콜레스테롤 배출을 촉진하는 역할을 합니다. 아보카도는 단일불포화지방산을 통해 HDL은 높이고 LDL은 낮추는 두 가지 이점을 동시에 제공합니다. 간 건강을 위한 현명한... ,,naver_blog,사과,canonical,1.0,2026-05-26T11:50:14.768518+00:00,0,0,0,0,삼만리,<b>사과</b>에 들어 있는 펙틴 성분은 체내 콜레스테롤 배출을 촉진하는 역할을 합니다. 아보카도는 단일불포화지방산을 통해 HDL은 높이고 LDL은 낮추는 두 가지 이점을 동시에 제공합니다. 간 건강을 위한 현명한... ,"{""title"": ""간에 좋은 음식 5가지, 제대로 알고 먹자"", ""link"": ""https://blog.naver.com/bunny3813/224297206147"", ""description"": ""<b>사과</b>에 들어 있는 펙틴 성분은 체내 콜레스테롤 배출을 촉진하는 역할을 합니다. 아보카도는 단일불포화지방산을 통해 HDL은 높이고 LDL은 낮추는 두 가지 이점을 동시에 제공합니다. 간 건강을 위한 현명한... "", ""bloggername"": ""삼만리"", ""bloggerlink"": ""blog.naver.com/bunny3813"", ""postdate"": ""20260526""}",삼만리,blog.naver.com/bunny3813
사과,single_term_fallback,사과,&quot;왜 이제 샀지?&quot; 싶은 다이소 주방 추천템 BEST3,https://blog.naver.com/tbgusl12/224297205799,20260526,<b>사과</b> 커터기 가격: 2000원 온라인몰에서는 매번 품절이라 오프라인 매장에서 보이면 바로 구매했다는 후기가 많은 인기템이에요 <b>사과</b>를 한 번에 균일하게 잘라줘서 아침 과일 준비 시간이 확 줄어들더라고요.... ,,naver_blog,사과,canonical,1.0,2026-05-26T11:50:14.768518+00:00,0,0,0,0,luna home,<b>사과</b> 커터기 가격: 2000원 온라인몰에서는 매번 품절이라 오프라인 매장에서 보이면 바로 구매했다는 후기가 많은 인기템이에요 <b>사과</b>를 한 번에 균일하게 잘라줘서 아침 과일 준비 시간이 확 줄어들더라고요.... ,"{""title"": ""&quot;왜 이제 샀지?&quot; 싶은 다이소 주방 추천템 BEST3"", ""link"": ""https://blog.naver.com/tbgusl12/224297205799"", ""description"": ""<b>사과</b> 커터기 가격: 2000원 온라인몰에서는 매번 품절이라 오프라인 매장에서 보이면 바로 구매했다는 후기가 많은 인기템이에요 <b>사과</b>를 한 번에 균일하게 잘라줘서 아침 과일 준비 시간이 확 줄어들더라고요.... "", ""bloggername"": ""luna home"", ""bloggerlink"": ""blog.naver.com/tbgusl12"", ""postdate"": ""20260526""}",luna home,blog.naver.com/tbgusl12
사과,single_term_fallback,사과,"골드키위 후숙 보관 방법, 키위 껍질 먹어도 될까? 키위보관법... ",https://blog.naver.com/alswl0224/224297205774,20260526,✔️ 빨리 후숙시키는 방법 빨리 익히고 싶다면 <b>사과</b>나 바나나와 함께 보관해보세요. <b>사과</b>·바나나에서 나오는 에틸렌 가스가 후숙을 빠르게 도와주거든요. 보통 비닐봉지나 종이봉투에 같이 넣어두면 후숙... ,,naver_blog,사과,canonical,1.0,2026-05-26T11:50:14.768518+00:00,0,0,0,0,망디의먹로그,✔️ 빨리 후숙시키는 방법 빨리 익히고 싶다면 <b>사과</b>나 바나나와 함께 보관해보세요. <b>사과</b>·바나나에서 나오는 에틸렌 가스가 후숙을 빠르게 도와주거든요. 보통 비닐봉지나 종이봉투에 같이 넣어두면 후숙... ,"{""title"": ""골드키위 후숙 보관 방법, 키위 껍질 먹어도 될까? 키위보관법... "", ""link"": ""https://blog.naver.com/alswl0224/224297205774"", ""description"": ""✔️ 빨리 후숙시키는 방법 빨리 익히고 싶다면 <b>사과</b>나 바나나와 함께 보관해보세요. <b>사과</b>·바나나에서 나오는 에틸렌 가스가 후숙을 빠르게 도와주거든요. 보통 비닐봉지나 종이봉투에 같이 넣어두면 후숙... "", ""bloggername"": ""망디의먹로그"", ""bloggerlink"": ""blog.naver.com/alswl0224"", ""postdate"": ""20260526""}",망디의먹로그,blog.naver.com/alswl0224
사과,single_term_fallback,사과,"잘못된 마케팅이 가져온 스타벅스 후폭풍, 대국민<b>사과</b>와... ",https://blog.naver.com/jhh_nis/224297205491,20260526,5.18 스타벅스 사태 정용진 회장 <b>사과</b>에서부터 선불카드 환불까지 지난 5월 18일 나온 스타벅스의... 대국민 <b>사과</b>를 하고 광주에 찾아갔지만 이미 돌아선 민심을 되돌리기엔 어려워 보였습니다 여기에서 나아가... ,,naver_blog,사과,canonical,1.0,2026-05-26T11:50:14.768518+00:00,0,0,0,0,일상과 부의 기록,5.18 스타벅스 사태 정용진 회장 <b>사과</b>에서부터 선불카드 환불까지 지난 5월 18일 나온 스타벅스의... 대국민 <b>사과</b>를 하고 광주에 찾아갔지만 이미 돌아선 민심을 되돌리기엔 어려워 보였습니다 여기에서 나아가... ,"{""title"": ""잘못된 마케팅이 가져온 스타벅스 후폭풍, 대국민<b>사과</b>와... "", ""link"": ""https://blog.naver.com/jhh_nis/224297205491"", ""description"": ""5.18 스타벅스 사태 정용진 회장 <b>사과</b>에서부터 선불카드 환불까지 지난 5월 18일 나온 스타벅스의... 대국민 <b>사과</b>를 하고 광주에 찾아갔지만 이미 돌아선 민심을 되돌리기엔 어려워 보였습니다 여기에서 나아가... "", ""bloggername"": ""일상과 부의 기록"", ""bloggerlink"": ""blog.naver.com/jhh_nis"", ""postdate"": ""20260526""}",일상과 부의 기록,blog.naver.com/jhh_nis
사과,single_term_fallback,사과,여기 있는 본인이 직접 만들어 본 AI 그림 중에서 가장 마음에... ,https://blog.naver.com/mania4500/224297205841,20260526,잘못했다고 <b>사과</b>하는 모습(로얄 컬렉션) 11번 : 마이클과 애슐리가 19살이 되어 로즈 아카데미를 졸업하게 되자 자신의 오빠와 새언니가 되는 두 사람에게 졸업을 축하한다고 기쁘게 포옹을 해주고 있는 16살의... ,,naver_blog,사과,canonical,1.0,2026-05-26T11:50:14.768518+00:00,0,0,0,0,New Frontier,잘못했다고 <b>사과</b>하는 모습(로얄 컬렉션) 11번 : 마이클과 애슐리가 19살이 되어 로즈 아카데미를 졸업하게 되자 자신의 오빠와 새언니가 되는 두 사람에게 졸업을 축하한다고 기쁘게 포옹을 해주고 있는 16살의... ,"{""title"": ""여기 있는 본인이 직접 만들어 본 AI 그림 중에서 가장 마음에... "", ""link"": ""https://blog.naver.com/mania4500/224297205841"", ""description"": ""잘못했다고 <b>사과</b>하는 모습(로얄 컬렉션) 11번 : 마이클과 애슐리가 19살이 되어 로즈 아카데미를 졸업하게 되자 자신의 오빠와 새언니가 되는 두 사람에게 졸업을 축하한다고 기쁘게 포옹을 해주고 있는 16살의... "", ""bloggername"": ""New Frontier"", ""bloggerlink"": ""blog.naver.com/mania4500"", ""postdate"": ""20260526""}",New Frontier,blog.naver.com/mania4500
사과,single_term_fallback,사과,"정용진 대국민 <b>사과</b>, 오히려 민주당 집단멘붕ㅣ서소문... ",https://blog.naver.com/flower5353/224297205358,20260526,"정용진 대국민 <b>사과</b>, 오히려 민주당 집단멘붕ㅣ서소문 고가차도 붕괴, 정원오 지지자 단톡방 터져ㅣ고환율 빤스런 이재명, 이젠 외국인 탓ㅣ지선 공보물, 배현진 사고 [오후LIVE] https... ",,naver_blog,사과,canonical,1.0,2026-05-26T11:50:14.768518+00:00,0,0,0,0,하나님의 지팡이,"정용진 대국민 <b>사과</b>, 오히려 민주당 집단멘붕ㅣ서소문 고가차도 붕괴, 정원오 지지자 단톡방 터져ㅣ고환율 빤스런 이재명, 이젠 외국인 탓ㅣ지선 공보물, 배현진 사고 [오후LIVE] https... ","{""title"": ""정용진 대국민 <b>사과</b>, 오히려 민주당 집단멘붕ㅣ서소문... "", ""link"": ""https://blog.naver.com/flower5353/224297205358"", ""description"": ""정용진 대국민 <b>사과</b>, 오히려 민주당 집단멘붕ㅣ서소문 고가차도 붕괴, 정원오 지지자 단톡방 터져ㅣ고환율 빤스런 이재명, 이젠 외국인 탓ㅣ지선 공보물, 배현진 사고 [오후LIVE] https... "", ""bloggername"": ""하나님의 지팡이"", ""bloggerlink"": ""blog.naver.com/flower5353"", ""postdate"": ""20260526""}",하나님의 지팡이,blog.naver.com/flower5353
사과,single_term_fallback,사과,허수아비 11회,https://blog.naver.com/petua413/224297205540,20260526,그런 이기환의 말을 연로한 아버지에게는 차마 전하지 못하고 이기환이 <b>사과</b>를 했다고 거짓말을 하는 윤혜진의 동생. 이 장면이 미방분이라고 합니다. 드라마 전개에 꼭 넣어줬으면 좋았을 장면 같은데 말이죠.... ,,naver_blog,사과,canonical,1.0,2026-05-26T11:50:14.768518+00:00,0,0,0,0,내 안의 작은 행복,그런 이기환의 말을 연로한 아버지에게는 차마 전하지 못하고 이기환이 <b>사과</b>를 했다고 거짓말을 하는 윤혜진의 동생. 이 장면이 미방분이라고 합니다. 드라마 전개에 꼭 넣어줬으면 좋았을 장면 같은데 말이죠.... ,"{""title"": ""허수아비 11회"", ""link"": ""https://blog.naver.com/petua413/224297205540"", ""description"": ""그런 이기환의 말을 연로한 아버지에게는 차마 전하지 못하고 이기환이 <b>사과</b>를 했다고 거짓말을 하는 윤혜진의 동생. 이 장면이 미방분이라고 합니다. 드라마 전개에 꼭 넣어줬으면 좋았을 장면 같은데 말이죠.... "", ""bloggername"": ""내 안의 작은 행복"", ""bloggerlink"": ""blog.naver.com/petua413"", ""postdate"": ""20260526""}",내 안의 작은 행복,blog.naver.com/petua413
사과,single_term_fallback,사과,韓 못 믿겠다’ 日 회장 &quot;조센징&quot;폭언 논란 총정리｜일본... ,https://blog.naver.com/severance1997/224297205887,20260526,결국 JOC 부회장·연맹 회장 사임 파문이 확산되자 기타노 전 회장은 <b>사과</b>문을 냈습니다. 일본 봅슬레이·루지·스켈레톤 연맹은 “불쾌한 생각을 한 모든 분께 깊이 <b>사과</b>한다”는 취지의 입장을 발표했고... ,,naver_blog,사과,canonical,1.0,2026-05-26T11:50:14.768518+00:00,0,0,0,0,severance1997님의 블로그,결국 JOC 부회장·연맹 회장 사임 파문이 확산되자 기타노 전 회장은 <b>사과</b>문을 냈습니다. 일본 봅슬레이·루지·스켈레톤 연맹은 “불쾌한 생각을 한 모든 분께 깊이 <b>사과</b>한다”는 취지의 입장을 발표했고... ,"{""title"": ""韓 못 믿겠다’ 日 회장 &quot;조센징&quot;폭언 논란 총정리｜일본... "", ""link"": ""https://blog.naver.com/severance1997/224297205887"", ""description"": ""결국 JOC 부회장·연맹 회장 사임 파문이 확산되자 기타노 전 회장은 <b>사과</b>문을 냈습니다. 일본 봅슬레이·루지·스켈레톤 연맹은 “불쾌한 생각을 한 모든 분께 깊이 <b>사과</b>한다”는 취지의 입장을 발표했고... "", ""bloggername"": ""severance1997님의 블로그"", ""bloggerlink"": ""blog.naver.com/severance1997"", ""postdate"": ""20260526""}",severance1997님의 블로그,blog.naver.com/severance1997
사과,single_term_fallback,사과,30년 전 사건의 진짜 결말은? ‘허수아비’ 최종회 앞두고... ,https://blog.naver.com/fndltmquf1028/224297204992,20260526,"지난 방송에서는 이용우의 자백 이후 강태주가 임석만을 찾아가 <b>사과</b>하고 재심을 준비하는 장면이 굉장히 인상적이었어요. 하지만 여전히 사건을 덮으려는 세력들은 자백마저 거짓으로 몰아가려 했고, 그... ",,naver_blog,사과,canonical,1.0,2026-05-26T11:50:14.768518+00:00,0,0,0,0,루이스별,"지난 방송에서는 이용우의 자백 이후 강태주가 임석만을 찾아가 <b>사과</b>하고 재심을 준비하는 장면이 굉장히 인상적이었어요. 하지만 여전히 사건을 덮으려는 세력들은 자백마저 거짓으로 몰아가려 했고, 그... ","{""title"": ""30년 전 사건의 진짜 결말은? ‘허수아비’ 최종회 앞두고... "", ""link"": ""https://blog.naver.com/fndltmquf1028/224297204992"", ""description"": ""지난 방송에서는 이용우의 자백 이후 강태주가 임석만을 찾아가 <b>사과</b>하고 재심을 준비하는 장면이 굉장히 인상적이었어요. 하지만 여전히 사건을 덮으려는 세력들은 자백마저 거짓으로 몰아가려 했고, 그... "", ""bloggername"": ""루이스별"", ""bloggerlink"": ""blog.naver.com/fndltmquf1028"", ""postdate"": ""20260526""}",루이스별,blog.naver.com/fndltmquf1028
사과,single_term_fallback,사과,백지 앞에서,https://blog.naver.com/xhixz0/224297204504,20260526,"내 타고난 모습을 다른 사람들에게 <b>사과</b>하거나 변명하지 않아도 된다. 나는 그저 한 사람. 나만의... 잘못을 잘못이라고 인정하지 않고 <b>사과</b>하지 않는다면, 최소한의 회복조차 가능하지 않을 것이다. 어떤 당위만... ",,naver_blog,사과,canonical,1.0,2026-05-26T11:50:14.768518+00:00,0,0,0,0,52214991,"내 타고난 모습을 다른 사람들에게 <b>사과</b>하거나 변명하지 않아도 된다. 나는 그저 한 사람. 나만의... 잘못을 잘못이라고 인정하지 않고 <b>사과</b>하지 않는다면, 최소한의 회복조차 가능하지 않을 것이다. 어떤 당위만... ","{""title"": ""백지 앞에서"", ""link"": ""https://blog.naver.com/xhixz0/224297204504"", ""description"": ""내 타고난 모습을 다른 사람들에게 <b>사과</b>하거나 변명하지 않아도 된다. 나는 그저 한 사람. 나만의... 잘못을 잘못이라고 인정하지 않고 <b>사과</b>하지 않는다면, 최소한의 회복조차 가능하지 않을 것이다. 어떤 당위만... "", ""bloggername"": ""52214991"", ""bloggerlink"": ""blog.naver.com/xhixz0"", ""postdate"": ""20260526""}",52214991,blog.naver.com/xhixz0
사과,single_term_fallback,사과,빅토리아가든베이커리 :: 진짜 애플파이,https://blog.naver.com/wanna_wonah/224297204221,20260526,"진짜 애플파이 첫인상 한 줄 버터 향이 먼저 퍼지고, 씹을수록 <b>사과</b>의 상큼함이 진하게 느껴지는 애플파이. 식감 겉은 결이 살아있는 바삭한 페이스트리 느낌이고, 안에는 <b>사과</b> 필링이 듬뿍 들어가 있어서... ",,naver_blog,사과,canonical,1.0,2026-05-26T11:50:14.768518+00:00,0,0,0,0,오늘도 기록중,"진짜 애플파이 첫인상 한 줄 버터 향이 먼저 퍼지고, 씹을수록 <b>사과</b>의 상큼함이 진하게 느껴지는 애플파이. 식감 겉은 결이 살아있는 바삭한 페이스트리 느낌이고, 안에는 <b>사과</b> 필링이 듬뿍 들어가 있어서... ","{""title"": ""빅토리아가든베이커리 :: 진짜 애플파이"", ""link"": ""https://blog.naver.com/wanna_wonah/224297204221"", ""description"": ""진짜 애플파이 첫인상 한 줄 버터 향이 먼저 퍼지고, 씹을수록 <b>사과</b>의 상큼함이 진하게 느껴지는 애플파이. 식감 겉은 결이 살아있는 바삭한 페이스트리 느낌이고, 안에는 <b>사과</b> 필링이 듬뿍 들어가 있어서... "", ""bloggername"": ""오늘도 기록중"", ""bloggerlink"": ""blog.naver.com/wanna_wonah"", ""postdate"": ""20260526""}",오늘도 기록중,blog.naver.com/wanna_wonah
사과,single_term_fallback,사과,나도 샀다 쑤니맘,https://blog.naver.com/soso__im/224297204931,20260526,오늘의 기상 시간 : 5 AM 근데 잠을 1시에 자서 네 시간밖에 못 잤어요 ㅈㅉ 죽을 맛 아침 머거요 오나오 <b>사과</b> 토마토 두유 땅버 땅콩버터는 플랜티 크런치 먹고 있었는데 오늘로 바이바이입니다  내일부터는 내... ,,naver_blog,사과,canonical,1.0,2026-05-26T11:50:14.768518+00:00,0,0,0,0,먹고 사는 얘기,오늘의 기상 시간 : 5 AM 근데 잠을 1시에 자서 네 시간밖에 못 잤어요 ㅈㅉ 죽을 맛 아침 머거요 오나오 <b>사과</b> 토마토 두유 땅버 땅콩버터는 플랜티 크런치 먹고 있었는데 오늘로 바이바이입니다  내일부터는 내... ,"{""title"": ""나도 샀다 쑤니맘"", ""link"": ""https://blog.naver.com/soso__im/224297204931"", ""description"": ""오늘의 기상 시간 : 5 AM 근데 잠을 1시에 자서 네 시간밖에 못 잤어요 ㅈㅉ 죽을 맛 아침 머거요 오나오 <b>사과</b> 토마토 두유 땅버 땅콩버터는 플랜티 크런치 먹고 있었는데 오늘로 바이바이입니다  내일부터는 내... "", ""bloggername"": ""먹고 사는 얘기"", ""bloggerlink"": ""blog.naver.com/soso__im"", ""postdate"": ""20260526""}",먹고 사는 얘기,blog.naver.com/soso__im
사과,single_term_fallback,사과,5월 21일 목요일,https://blog.naver.com/jangsuakr/224297204811,20260526,자리한 <b>사과</b>는 사다리를 놓고 적과를 해야 해서 상당히 오랜시간이 소요되었다. 부사 적과를 마치고 홍로 쪽으로 가보니 뭐야? 분명 적과 다 했는데? 또 데롱 데롱 열려 있는 <b>사과</b>들. 땀 뻘뻘 흘리며 애써서... ,,naver_blog,사과,canonical,1.0,2026-05-26T11:50:14.768518+00:00,0,0,0,0,마음을 가다듬어 곰곰이,자리한 <b>사과</b>는 사다리를 놓고 적과를 해야 해서 상당히 오랜시간이 소요되었다. 부사 적과를 마치고 홍로 쪽으로 가보니 뭐야? 분명 적과 다 했는데? 또 데롱 데롱 열려 있는 <b>사과</b>들. 땀 뻘뻘 흘리며 애써서... ,"{""title"": ""5월 21일 목요일"", ""link"": ""https://blog.naver.com/jangsuakr/224297204811"", ""description"": ""자리한 <b>사과</b>는 사다리를 놓고 적과를 해야 해서 상당히 오랜시간이 소요되었다. 부사 적과를 마치고 홍로 쪽으로 가보니 뭐야? 분명 적과 다 했는데? 또 데롱 데롱 열려 있는 <b>사과</b>들. 땀 뻘뻘 흘리며 애써서... "", ""bloggername"": ""마음을 가다듬어 곰곰이"", ""bloggerlink"": ""blog.naver.com/jangsuakr"", ""postdate"": ""20260526""}",마음을 가다듬어 곰곰이,blog.naver.com/jangsuakr
사과,single_term_fallback,사과,[히든아이] 결국 터진 역대급 방송 사고의 전말 | 살인사건... ,https://blog.naver.com/newlun/224297204340,20260526,비공개 전환 후 쏟아지는 <b>사과</b>문에도 가라앉지 않는 스키즈 팬들의 분노와 파장 사태가 걷잡을 수 없이... 거듭 <b>사과</b>했으나 팬들의 분노는 쉽게 가라앉지 않고 있음. 아무리 자료 조사 과정에서 실수가 있었다고... ,,naver_blog,사과,canonical,1.0,2026-05-26T11:50:14.768518+00:00,0,0,0,0,"방송, 연예 사건25시",비공개 전환 후 쏟아지는 <b>사과</b>문에도 가라앉지 않는 스키즈 팬들의 분노와 파장 사태가 걷잡을 수 없이... 거듭 <b>사과</b>했으나 팬들의 분노는 쉽게 가라앉지 않고 있음. 아무리 자료 조사 과정에서 실수가 있었다고... ,"{""title"": ""[히든아이] 결국 터진 역대급 방송 사고의 전말 | 살인사건... "", ""link"": ""https://blog.naver.com/newlun/224297204340"", ""description"": ""비공개 전환 후 쏟아지는 <b>사과</b>문에도 가라앉지 않는 스키즈 팬들의 분노와 파장 사태가 걷잡을 수 없이... 거듭 <b>사과</b>했으나 팬들의 분노는 쉽게 가라앉지 않고 있음. 아무리 자료 조사 과정에서 실수가 있었다고... "", ""bloggername"": ""방송, 연예 사건25시"", ""bloggerlink"": ""blog.naver.com/newlun"", ""postdate"": ""20260526""}","방송, 연예 사건25시",blog.naver.com/newlun
사과,single_term_fallback,사과,[5/31 자정 마감] 언어치료 임상을 바꿀 마지막 기회... ,https://blog.naver.com/yeooo7/224297204825,20260526,"더 이상 /ㅅ/ 음소 치료를 위해 '<b>사과</b>', '사자', '수박', '신발' 그림을 찾느라 교구장을 뒤지거나, 인터넷 검색 → 이미지 저장 → 출력 → 코팅하는 과정으로 20-30분을 소모할 필요가 없습니다. 클릭 몇번이면... ",,naver_blog,사과,canonical,1.0,2026-05-26T11:50:14.768518+00:00,0,0,0,0,랭콕_두뇌 기반 언어-인지 발달촉진 프로그램,"더 이상 /ㅅ/ 음소 치료를 위해 '<b>사과</b>', '사자', '수박', '신발' 그림을 찾느라 교구장을 뒤지거나, 인터넷 검색 → 이미지 저장 → 출력 → 코팅하는 과정으로 20-30분을 소모할 필요가 없습니다. 클릭 몇번이면... ","{""title"": ""[5/31 자정 마감] 언어치료 임상을 바꿀 마지막 기회... "", ""link"": ""https://blog.naver.com/yeooo7/224297204825"", ""description"": ""더 이상 /ㅅ/ 음소 치료를 위해 '<b>사과</b>', '사자', '수박', '신발' 그림을 찾느라 교구장을 뒤지거나, 인터넷 검색 → 이미지 저장 → 출력 → 코팅하는 과정으로 20-30분을 소모할 필요가 없습니다. 클릭 몇번이면... "", ""bloggername"": ""랭콕_두뇌 기반 언어-인지 발달촉진 프로그램"", ""bloggerlink"": ""blog.naver.com/yeooo7"", ""postdate"": ""20260526""}",랭콕_두뇌 기반 언어-인지 발달촉진 프로그램,blog.naver.com/yeooo7
사과,single_term_fallback,사과,광주 유스퀘어 맛집 애슐리퀸즈골드키위시즌 가격 주차장 후기,https://blog.naver.com/cumicoomi/224297203932,20260526,디저트 <b>사과</b>랑 키위 조합이 이렇게 정말 잘 어울릴 줄 몰랐는데 진짜 계속 먹게 되는 맛이었답니다.... 썬골드키위 애플 선샤인 타르트 (디너/ 주말/공휴일 제공) : 바삭한 타르트 + 부드러운 <b>사과</b>필링의 만남... ,,naver_blog,사과,canonical,1.0,2026-05-26T11:50:14.768518+00:00,0,0,0,0,"쿠미쿠미, 오늘도 어디론가",디저트 <b>사과</b>랑 키위 조합이 이렇게 정말 잘 어울릴 줄 몰랐는데 진짜 계속 먹게 되는 맛이었답니다.... 썬골드키위 애플 선샤인 타르트 (디너/ 주말/공휴일 제공) : 바삭한 타르트 + 부드러운 <b>사과</b>필링의 만남... ,"{""title"": ""광주 유스퀘어 맛집 애슐리퀸즈골드키위시즌 가격 주차장 후기"", ""link"": ""https://blog.naver.com/cumicoomi/224297203932"", ""description"": ""디저트 <b>사과</b>랑 키위 조합이 이렇게 정말 잘 어울릴 줄 몰랐는데 진짜 계속 먹게 되는 맛이었답니다.... 썬골드키위 애플 선샤인 타르트 (디너/ 주말/공휴일 제공) : 바삭한 타르트 + 부드러운 <b>사과</b>필링의 만남... "", ""bloggername"": ""쿠미쿠미, 오늘도 어디론가"", ""bloggerlink"": ""blog.naver.com/cumicoomi"", ""postdate"": ""20260526""}","쿠미쿠미, 오늘도 어디론가",blog.naver.com/cumicoomi
사과,single_term_fallback,사과,시원스쿨 프랑스어 독학 36일차 음식과 부정관사,https://blog.naver.com/ginagtast/224297203886,20260526,"음식에 대한 단위라니 뭔가 이상해보이는데, 카페라떼 한 잔, <b>사과</b> 한 개처럼 뭔가 음식과 함께 쓰는 부정관사의 용법에 대해서 배운것이다. 약간 복습같은 느낌도 들었다 ㅎㅎ 부정관사는 배웠으니까!... ",,naver_blog,사과,canonical,1.0,2026-05-26T11:50:14.768518+00:00,0,0,0,0,Bon Voyage Bon Appetit,"음식에 대한 단위라니 뭔가 이상해보이는데, 카페라떼 한 잔, <b>사과</b> 한 개처럼 뭔가 음식과 함께 쓰는 부정관사의 용법에 대해서 배운것이다. 약간 복습같은 느낌도 들었다 ㅎㅎ 부정관사는 배웠으니까!... ","{""title"": ""시원스쿨 프랑스어 독학 36일차 음식과 부정관사"", ""link"": ""https://blog.naver.com/ginagtast/224297203886"", ""description"": ""음식에 대한 단위라니 뭔가 이상해보이는데, 카페라떼 한 잔, <b>사과</b> 한 개처럼 뭔가 음식과 함께 쓰는 부정관사의 용법에 대해서 배운것이다. 약간 복습같은 느낌도 들었다 ㅎㅎ 부정관사는 배웠으니까!... "", ""bloggername"": ""Bon Voyage Bon Appetit"", ""bloggerlink"": ""blog.naver.com/ginagtast"", ""postdate"": ""20260526""}",Bon Voyage Bon Appetit,blog.naver.com/ginagtast
사과,single_term_fallback,사과,20260526 화요일 먹일기,https://blog.naver.com/rladnfka48/224297203482,20260526,보난자에서 <b>사과</b>주스 대셈이 사주신 제로아이스티 저녁은 감자계란볶음밥이랑 너구리라면 배터져부러 후식은 엑설런트 굳굳 아침엔 멀리처럼 막 죽겠었고 명치를 누가 막 누르는거같은 오전오후를 보내고... ,,naver_blog,사과,canonical,1.0,2026-05-26T11:50:14.768518+00:00,0,0,0,0,희랄스러운 家,보난자에서 <b>사과</b>주스 대셈이 사주신 제로아이스티 저녁은 감자계란볶음밥이랑 너구리라면 배터져부러 후식은 엑설런트 굳굳 아침엔 멀리처럼 막 죽겠었고 명치를 누가 막 누르는거같은 오전오후를 보내고... ,"{""title"": ""20260526 화요일 먹일기"", ""link"": ""https://blog.naver.com/rladnfka48/224297203482"", ""description"": ""보난자에서 <b>사과</b>주스 대셈이 사주신 제로아이스티 저녁은 감자계란볶음밥이랑 너구리라면 배터져부러 후식은 엑설런트 굳굳 아침엔 멀리처럼 막 죽겠었고 명치를 누가 막 누르는거같은 오전오후를 보내고... "", ""bloggername"": ""희랄스러운 家"", ""bloggerlink"": ""blog.naver.com/rladnfka48"", ""postdate"": ""20260526""}",희랄스러운 家,blog.naver.com/rladnfka48
사과,single_term_fallback,사과,대구시 하나원전문장례식장 장례식장꽃 진심을 담은 조문 선물... ,https://bulgogibros.tistory.com/269,20260526,"장례식장에서 밥 먹기 쉽지 않거든요.&quot; (4.5/5점) &quot;생각보다 가격이 비싸고, 너무 많이 들어오면 결국 상하는 것도 있더라고요.&quot; (3.5/5점) 구체적인 예시: 고급 제철 과일 (<b>사과</b>, 배, 포도, 오렌지 등)로 구성된... ",,naver_blog,사과,canonical,1.0,2026-05-26T11:50:14.768518+00:00,0,0,0,0,bulgogibros,"장례식장에서 밥 먹기 쉽지 않거든요.&quot; (4.5/5점) &quot;생각보다 가격이 비싸고, 너무 많이 들어오면 결국 상하는 것도 있더라고요.&quot; (3.5/5점) 구체적인 예시: 고급 제철 과일 (<b>사과</b>, 배, 포도, 오렌지 등)로 구성된... ","{""title"": ""대구시 하나원전문장례식장 장례식장꽃 진심을 담은 조문 선물... "", ""link"": ""https://bulgogibros.tistory.com/269"", ""description"": ""장례식장에서 밥 먹기 쉽지 않거든요.&quot; (4.5/5점) &quot;생각보다 가격이 비싸고, 너무 많이 들어오면 결국 상하는 것도 있더라고요.&quot; (3.5/5점) 구체적인 예시: 고급 제철 과일 (<b>사과</b>, 배, 포도, 오렌지 등)로 구성된... "", ""bloggername"": ""bulgogibros"", ""bloggerlink"": ""https://bulgogibros.tistory.com/"", ""postdate"": ""20260526""}",bulgogibros,https://bulgogibros.tistory.com/
사과,single_term_fallback,사과,260526 화요일,https://blog.naver.com/minji4098/224297202655,20260526,"낮잠1 <b>사과</b>, 삶은계란2 아침 먹고 젖병 열탕소독하고 외출가방 챙기고 눕눕 열시반이 지났는데 안일어나길래 깨워서 먹이고 트름 한번하고 출발 롯백에 길감자 팝업와서 가야했다 서우 가졌을때 강릉 너무... ",,naver_blog,사과,canonical,1.0,2026-05-26T11:50:14.768518+00:00,0,0,0,0,날봐용♡ Look at me. Let's fly ♪,"낮잠1 <b>사과</b>, 삶은계란2 아침 먹고 젖병 열탕소독하고 외출가방 챙기고 눕눕 열시반이 지났는데 안일어나길래 깨워서 먹이고 트름 한번하고 출발 롯백에 길감자 팝업와서 가야했다 서우 가졌을때 강릉 너무... ","{""title"": ""260526 화요일"", ""link"": ""https://blog.naver.com/minji4098/224297202655"", ""description"": ""낮잠1 <b>사과</b>, 삶은계란2 아침 먹고 젖병 열탕소독하고 외출가방 챙기고 눕눕 열시반이 지났는데 안일어나길래 깨워서 먹이고 트름 한번하고 출발 롯백에 길감자 팝업와서 가야했다 서우 가졌을때 강릉 너무... "", ""bloggername"": ""날봐용♡ Look at me. Let's fly ♪"", ""bloggerlink"": ""blog.naver.com/minji4098"", ""postdate"": ""20260526""}",날봐용♡ Look at me. Let's fly ♪,blog.naver.com/minji4098
사과,single_term_fallback,사과,이주빈 고민에 법륜 스님 즉문즉설 인도에서 터진 노홍철의... ,https://blog.naver.com/domagent/224297202997,20260526,평소 거침없는 입담을 자랑하는 그였지만 질문 직후 스스로 민망했는지 바로 <b>사과</b>하며 분위기를 띄웠답니다. 법륜은 오히려 유머러스하게 받아넘기며 현장을 웃음바다로 만들었고 출연진들은 한결 편안한... ,,naver_blog,사과,canonical,1.0,2026-05-26T11:50:14.768518+00:00,0,0,0,0,달달한 소금창고,평소 거침없는 입담을 자랑하는 그였지만 질문 직후 스스로 민망했는지 바로 <b>사과</b>하며 분위기를 띄웠답니다. 법륜은 오히려 유머러스하게 받아넘기며 현장을 웃음바다로 만들었고 출연진들은 한결 편안한... ,"{""title"": ""이주빈 고민에 법륜 스님 즉문즉설 인도에서 터진 노홍철의... "", ""link"": ""https://blog.naver.com/domagent/224297202997"", ""description"": ""평소 거침없는 입담을 자랑하는 그였지만 질문 직후 스스로 민망했는지 바로 <b>사과</b>하며 분위기를 띄웠답니다. 법륜은 오히려 유머러스하게 받아넘기며 현장을 웃음바다로 만들었고 출연진들은 한결 편안한... "", ""bloggername"": ""달달한 소금창고"", ""bloggerlink"": ""blog.naver.com/domagent"", ""postdate"": ""20260526""}",달달한 소금창고,blog.naver.com/domagent
사과,single_term_fallback,사과,회사성추행합의 형사절차와 회사 대응을 함께 봐야 합니다,https://blog.naver.com/myselffic/224297202888,20260526,"어떤 분은 “<b>사과</b>하고 합의하면 끝나지 않나”라고 생각하고, 또 어떤 분은 “회사 문제니까... 회사에 먼저 <b>사과</b>하면 유리한가요? 상황에 따라 다릅니다. 사실관계가 정리되지 않은 상태에서 감정적으로... ",,naver_blog,사과,canonical,1.0,2026-05-26T11:50:14.768518+00:00,0,0,0,0,"어려운 법률상담, 법무법인 트라이원스와 함께","어떤 분은 “<b>사과</b>하고 합의하면 끝나지 않나”라고 생각하고, 또 어떤 분은 “회사 문제니까... 회사에 먼저 <b>사과</b>하면 유리한가요? 상황에 따라 다릅니다. 사실관계가 정리되지 않은 상태에서 감정적으로... ","{""title"": ""회사성추행합의 형사절차와 회사 대응을 함께 봐야 합니다"", ""link"": ""https://blog.naver.com/myselffic/224297202888"", ""description"": ""어떤 분은 “<b>사과</b>하고 합의하면 끝나지 않나”라고 생각하고, 또 어떤 분은 “회사 문제니까... 회사에 먼저 <b>사과</b>하면 유리한가요? 상황에 따라 다릅니다. 사실관계가 정리되지 않은 상태에서 감정적으로... "", ""bloggername"": ""어려운 법률상담, 법무법인 트라이원스와 함께"", ""bloggerlink"": ""blog.naver.com/myselffic"", ""postdate"": ""20260526""}","어려운 법률상담, 법무법인 트라이원스와 함께",blog.naver.com/myselffic
사과,single_term_fallback,사과,&quot;한 푼도 안 써도 환불 가능&quot; 스타벅스 모바일 앱 긴급 환불 신청... ,https://blog.naver.com/warnywarny/224297201914,20260526,"정용진 <b>사과</b> 이어 '전액 환불' 카드 꺼낸 스타벅스, 돌아선 민심 잡을까??? 오늘 오전 정용진 회장의 대국민 <b>사과</b>와 내부 감사 결과 발표에 이어, 오후에는 스타벅스코리아의 또 다른 파격적인 긴급 대책이... ",,naver_blog,사과,canonical,1.0,2026-05-26T11:50:14.768518+00:00,0,0,0,0,warnywarny님의 블로그,"정용진 <b>사과</b> 이어 '전액 환불' 카드 꺼낸 스타벅스, 돌아선 민심 잡을까??? 오늘 오전 정용진 회장의 대국민 <b>사과</b>와 내부 감사 결과 발표에 이어, 오후에는 스타벅스코리아의 또 다른 파격적인 긴급 대책이... ","{""title"": ""&quot;한 푼도 안 써도 환불 가능&quot; 스타벅스 모바일 앱 긴급 환불 신청... "", ""link"": ""https://blog.naver.com/warnywarny/224297201914"", ""description"": ""정용진 <b>사과</b> 이어 '전액 환불' 카드 꺼낸 스타벅스, 돌아선 민심 잡을까??? 오늘 오전 정용진 회장의 대국민 <b>사과</b>와 내부 감사 결과 발표에 이어, 오후에는 스타벅스코리아의 또 다른 파격적인 긴급 대책이... "", ""bloggername"": ""warnywarny님의 블로그"", ""bloggerlink"": ""blog.naver.com/warnywarny"", ""postdate"": ""20260526""}",warnywarny님의 블로그,blog.naver.com/warnywarny
사과,single_term_fallback,사과,"횡령죄선처 변호사 추천, 상담비용, 선임료, 수임료... ",https://blog.naver.com/u8supply/224297202030,20260526,"지원 형사단독에서는 허위 증빙, 반환 의사, 실질적 피해액, 회계 은폐 정황을 세밀하게 보기 때문에 단순 <b>사과</b>보다 증거 대응이 중요합니다. 익명화된 업무사례에서도 소액 반복 인출과 증빙 조작이 겹쳐 선처가... ",,naver_blog,사과,canonical,1.0,2026-05-26T11:50:14.768518+00:00,0,0,0,0,진앤리 법률사무소 진실대표변호사,"지원 형사단독에서는 허위 증빙, 반환 의사, 실질적 피해액, 회계 은폐 정황을 세밀하게 보기 때문에 단순 <b>사과</b>보다 증거 대응이 중요합니다. 익명화된 업무사례에서도 소액 반복 인출과 증빙 조작이 겹쳐 선처가... ","{""title"": ""횡령죄선처 변호사 추천, 상담비용, 선임료, 수임료... "", ""link"": ""https://blog.naver.com/u8supply/224297202030"", ""description"": ""지원 형사단독에서는 허위 증빙, 반환 의사, 실질적 피해액, 회계 은폐 정황을 세밀하게 보기 때문에 단순 <b>사과</b>보다 증거 대응이 중요합니다. 익명화된 업무사례에서도 소액 반복 인출과 증빙 조작이 겹쳐 선처가... "", ""bloggername"": ""진앤리 법률사무소 진실대표변호사"", ""bloggerlink"": ""blog.naver.com/u8supply"", ""postdate"": ""20260526""}",진앤리 법률사무소 진실대표변호사,blog.naver.com/u8supply
사과,single_term_fallback,사과,"비염에 좋은 음식 5가지, 코 건강 챙기는 식습관",https://blog.naver.com/jelee5133/224297201619,20260526,"딸기에는 플라보노이드 성분도 있어서 면역력을 올리고 호흡기 손상을 막는 데 도움이 된다고 알려져 있으며, <b>사과</b>, 귤, 오렌지도 같은 성분을 포함하고 있다. 이 다섯 가지를 살펴보면 공통점이 하나 있다. 항염... ",,naver_blog,사과,canonical,1.0,2026-05-26T11:50:14.768518+00:00,0,0,0,0,오늘의 지식,"딸기에는 플라보노이드 성분도 있어서 면역력을 올리고 호흡기 손상을 막는 데 도움이 된다고 알려져 있으며, <b>사과</b>, 귤, 오렌지도 같은 성분을 포함하고 있다. 이 다섯 가지를 살펴보면 공통점이 하나 있다. 항염... ","{""title"": ""비염에 좋은 음식 5가지, 코 건강 챙기는 식습관"", ""link"": ""https://blog.naver.com/jelee5133/224297201619"", ""description"": ""딸기에는 플라보노이드 성분도 있어서 면역력을 올리고 호흡기 손상을 막는 데 도움이 된다고 알려져 있으며, <b>사과</b>, 귤, 오렌지도 같은 성분을 포함하고 있다. 이 다섯 가지를 살펴보면 공통점이 하나 있다. 항염... "", ""bloggername"": ""오늘의 지식"", ""bloggerlink"": ""blog.naver.com/jelee5133"", ""postdate"": ""20260526""}",오늘의 지식,blog.naver.com/jelee5133
사과,single_term_fallback,사과,비요일의 페페네 식단_머위대의 계절이예요,https://blog.naver.com/antbbong/224297200954,20260526,"* 대파,파프리카, 양파, <b>사과</b>, 맛살, 계란흰자 작게 썰고, 계란노른자는 그대로, 올리브는 얇게 저며요. * 모두 합쳐서 그릭요거트, 소금넣고 섞어요. * 식빵에 펴바르고 체다치즈도 한장 올리구 식빵 덮어서... ",,naver_blog,사과,canonical,1.0,2026-05-26T11:50:14.768518+00:00,0,0,0,0,보람찬 날 제작소,"* 대파,파프리카, 양파, <b>사과</b>, 맛살, 계란흰자 작게 썰고, 계란노른자는 그대로, 올리브는 얇게 저며요. * 모두 합쳐서 그릭요거트, 소금넣고 섞어요. * 식빵에 펴바르고 체다치즈도 한장 올리구 식빵 덮어서... ","{""title"": ""비요일의 페페네 식단_머위대의 계절이예요"", ""link"": ""https://blog.naver.com/antbbong/224297200954"", ""description"": ""* 대파,파프리카, 양파, <b>사과</b>, 맛살, 계란흰자 작게 썰고, 계란노른자는 그대로, 올리브는 얇게 저며요. * 모두 합쳐서 그릭요거트, 소금넣고 섞어요. * 식빵에 펴바르고 체다치즈도 한장 올리구 식빵 덮어서... "", ""bloggername"": ""보람찬 날 제작소"", ""bloggerlink"": ""blog.naver.com/antbbong"", ""postdate"": ""20260526""}",보람찬 날 제작소,blog.naver.com/antbbong
사과,single_term_fallback,사과,wlog 18. ️ 부산 그랜드모먼트 더숲뷔페 시식후기/전메뉴소개... ,https://blog.naver.com/kcr5741/224297200938,20260526,"냉장칸에는 오렌지젤리,포도젤리,<b>사과</b>젤리, 휘핑가나슈, 딸기스무디,블루베리스무디 과일류는 귤, 참외, 포도, 파인애플 이 있었습니다! 주류는 소주와 맥주인데 부산소주인 대선과 부산(c1) 이 있더라구요? 부산... ",,naver_blog,사과,canonical,1.0,2026-05-26T11:50:14.768518+00:00,0,0,0,0,바른채령생활,"냉장칸에는 오렌지젤리,포도젤리,<b>사과</b>젤리, 휘핑가나슈, 딸기스무디,블루베리스무디 과일류는 귤, 참외, 포도, 파인애플 이 있었습니다! 주류는 소주와 맥주인데 부산소주인 대선과 부산(c1) 이 있더라구요? 부산... ","{""title"": ""wlog 18. ️ 부산 그랜드모먼트 더숲뷔페 시식후기/전메뉴소개... "", ""link"": ""https://blog.naver.com/kcr5741/224297200938"", ""description"": ""냉장칸에는 오렌지젤리,포도젤리,<b>사과</b>젤리, 휘핑가나슈, 딸기스무디,블루베리스무디 과일류는 귤, 참외, 포도, 파인애플 이 있었습니다! 주류는 소주와 맥주인데 부산소주인 대선과 부산(c1) 이 있더라구요? 부산... "", ""bloggername"": ""바른채령생활"", ""bloggerlink"": ""blog.naver.com/kcr5741"", ""postdate"": ""20260526""}",바른채령생활,blog.naver.com/kcr5741
사과,single_term_fallback,사과,"생수, <b>사과</b>주스 그림",https://blog.naver.com/ksng777/224297201380,20260526,"생수, <b>사과</b>주스 그림을 그렸다. 그림판으로 보고서 잘 그렸다고 해요. 오늘 오전 10시 7분에 찍은 사진 생수랑 <b>사과</b>주스다. 마시는 생수나 음료 입니다. #생수 #<b>사과</b>주스",,naver_blog,사과,canonical,1.0,2026-05-26T11:50:14.768518+00:00,0,0,0,0,ksng777님의블로그,"생수, <b>사과</b>주스 그림을 그렸다. 그림판으로 보고서 잘 그렸다고 해요. 오늘 오전 10시 7분에 찍은 사진 생수랑 <b>사과</b>주스다. 마시는 생수나 음료 입니다. #생수 #<b>사과</b>주스","{""title"": ""생수, <b>사과</b>주스 그림"", ""link"": ""https://blog.naver.com/ksng777/224297201380"", ""description"": ""생수, <b>사과</b>주스 그림을 그렸다. 그림판으로 보고서 잘 그렸다고 해요. 오늘 오전 10시 7분에 찍은 사진 생수랑 <b>사과</b>주스다. 마시는 생수나 음료 입니다. #생수 #<b>사과</b>주스"", ""bloggername"": ""ksng777님의블로그"", ""bloggerlink"": ""blog.naver.com/ksng777"", ""postdate"": ""20260526""}",ksng777님의블로그,blog.naver.com/ksng777
사과,single_term_fallback,사과,[육아일기] 10개월 아기 이유식(139 - 141일차) 소고기스틱... ,https://blog.naver.com/alsghksms11/224297200893,20260526,"10g + <b>사과</b> 1/4개 + 쌀가루 2스푼 1️⃣ 애호박, 양파, 대파, <b>사과</b> 초퍼에 갈기 2️⃣ 소고기 넣고 곱게 갈기 3️⃣ 쌀가루 2스푼 넣고 섞기(농도 맞춰주기) 4️⃣ 지퍼백에 넣어 짤 주머니처럼 만들어 틀에... ",,naver_blog,사과,canonical,1.0,2026-05-26T11:50:14.768518+00:00,0,0,0,0,밍굴 세상,"10g + <b>사과</b> 1/4개 + 쌀가루 2스푼 1️⃣ 애호박, 양파, 대파, <b>사과</b> 초퍼에 갈기 2️⃣ 소고기 넣고 곱게 갈기 3️⃣ 쌀가루 2스푼 넣고 섞기(농도 맞춰주기) 4️⃣ 지퍼백에 넣어 짤 주머니처럼 만들어 틀에... ","{""title"": ""[육아일기] 10개월 아기 이유식(139 - 141일차) 소고기스틱... "", ""link"": ""https://blog.naver.com/alsghksms11/224297200893"", ""description"": ""10g + <b>사과</b> 1/4개 + 쌀가루 2스푼 1️⃣ 애호박, 양파, 대파, <b>사과</b> 초퍼에 갈기 2️⃣ 소고기 넣고 곱게 갈기 3️⃣ 쌀가루 2스푼 넣고 섞기(농도 맞춰주기) 4️⃣ 지퍼백에 넣어 짤 주머니처럼 만들어 틀에... "", ""bloggername"": ""밍굴 세상"", ""bloggerlink"": ""blog.naver.com/alsghksms11"", ""postdate"": ""20260526""}",밍굴 세상,blog.naver.com/alsghksms11
사과,single_term_fallback,사과,5월,https://blog.naver.com/j__b_/224297200765,20260526,1일 1<b>사과</b> 날은 더워지는데 자꾸 감기에 걸려서 저러고 약 들고 다니면서 챙겨 먹는 편입니다. 아 그리고 이어폰 결국 다시 삼 오랜만에 기분 좋게 학교 옷을 입고 등교를 했습니다. 그러나 중간고사 성적을... ,,naver_blog,사과,canonical,1.0,2026-05-26T11:50:14.768518+00:00,0,0,0,0,-,1일 1<b>사과</b> 날은 더워지는데 자꾸 감기에 걸려서 저러고 약 들고 다니면서 챙겨 먹는 편입니다. 아 그리고 이어폰 결국 다시 삼 오랜만에 기분 좋게 학교 옷을 입고 등교를 했습니다. 그러나 중간고사 성적을... ,"{""title"": ""5월"", ""link"": ""https://blog.naver.com/j__b_/224297200765"", ""description"": ""1일 1<b>사과</b> 날은 더워지는데 자꾸 감기에 걸려서 저러고 약 들고 다니면서 챙겨 먹는 편입니다. 아 그리고 이어폰 결국 다시 삼 오랜만에 기분 좋게 학교 옷을 입고 등교를 했습니다. 그러나 중간고사 성적을... "", ""bloggername"": ""-"", ""bloggerlink"": ""blog.naver.com/j__b_"", ""postdate"": ""20260526""}",-,blog.naver.com/j__b_
사과,single_term_fallback,사과,도어슬램 뜻 갑자기 연락 끊긴 이유와 심리 분석,https://blog.naver.com/ierhgn/224297200024,20260526,시간이 흐른 뒤에 진심 어린 <b>사과</b>를 전할 수는 있겠지만 그것조차 상대가 원하지 않는다면 그의 선택을 존중해 주는 것이 마지막 예의일 수 있습니다. 건강한 인간관계를 위한 교훈 우리는 모두 타인과 적절한... ,,naver_blog,사과,canonical,1.0,2026-05-26T11:50:14.768518+00:00,0,0,0,0,NIRVANA님의 블로그,시간이 흐른 뒤에 진심 어린 <b>사과</b>를 전할 수는 있겠지만 그것조차 상대가 원하지 않는다면 그의 선택을 존중해 주는 것이 마지막 예의일 수 있습니다. 건강한 인간관계를 위한 교훈 우리는 모두 타인과 적절한... ,"{""title"": ""도어슬램 뜻 갑자기 연락 끊긴 이유와 심리 분석"", ""link"": ""https://blog.naver.com/ierhgn/224297200024"", ""description"": ""시간이 흐른 뒤에 진심 어린 <b>사과</b>를 전할 수는 있겠지만 그것조차 상대가 원하지 않는다면 그의 선택을 존중해 주는 것이 마지막 예의일 수 있습니다. 건강한 인간관계를 위한 교훈 우리는 모두 타인과 적절한... "", ""bloggername"": ""NIRVANA님의 블로그"", ""bloggerlink"": ""blog.naver.com/ierhgn"", ""postdate"": ""20260526""}",NIRVANA님의 블로그,blog.naver.com/ierhgn
사과,single_term_fallback,사과,5월의 어느 주말ʚ(രᴗര๑) ິ,https://blog.naver.com/cndpfls/224297200195,20260526,다음날 아침 대충 공주가 바람피는 꿈 꿨음 냅다 <b>사과</b>하라고 했는데 자기도 잘못한 걸 아는지 순순히 <b>사과</b>를 하더군요 저러고 전화해서 꿈내용 말해줬는데 그놈은 손톱먹은 쥐새끼라며 자기랑 헷갈리지 말랬음... ,,naver_blog,사과,canonical,1.0,2026-05-26T11:50:14.768518+00:00,0,0,0,0,의리상 남아있음,다음날 아침 대충 공주가 바람피는 꿈 꿨음 냅다 <b>사과</b>하라고 했는데 자기도 잘못한 걸 아는지 순순히 <b>사과</b>를 하더군요 저러고 전화해서 꿈내용 말해줬는데 그놈은 손톱먹은 쥐새끼라며 자기랑 헷갈리지 말랬음... ,"{""title"": ""5월의 어느 주말ʚ(രᴗര๑) ິ"", ""link"": ""https://blog.naver.com/cndpfls/224297200195"", ""description"": ""다음날 아침 대충 공주가 바람피는 꿈 꿨음 냅다 <b>사과</b>하라고 했는데 자기도 잘못한 걸 아는지 순순히 <b>사과</b>를 하더군요 저러고 전화해서 꿈내용 말해줬는데 그놈은 손톱먹은 쥐새끼라며 자기랑 헷갈리지 말랬음... "", ""bloggername"": ""의리상 남아있음"", ""bloggerlink"": ""blog.naver.com/cndpfls"", ""postdate"": ""20260526""}",의리상 남아있음,blog.naver.com/cndpfls
사과,single_term_fallback,사과,의사들이 추천한 공복에 먹으면 좋은 음식 7가지,https://blog.naver.com/ybmes/224297200442,20260526,<b>사과</b> <b>사과</b> 는 펙틴 성분이 풍부해 장 건강에 좋습니다. 추천 포인트 장 운동 촉진 변비 예방 상쾌한 포만감 비타민 공급 껍질째 먹으면 식이섬유를 더 풍부하게 섭취할 수 있습니다. 7. 요거트 요거트 는 유산균이... ,,naver_blog,사과,canonical,1.0,2026-05-26T11:50:14.768518+00:00,0,0,0,0,세상의 모든 정보,<b>사과</b> <b>사과</b> 는 펙틴 성분이 풍부해 장 건강에 좋습니다. 추천 포인트 장 운동 촉진 변비 예방 상쾌한 포만감 비타민 공급 껍질째 먹으면 식이섬유를 더 풍부하게 섭취할 수 있습니다. 7. 요거트 요거트 는 유산균이... ,"{""title"": ""의사들이 추천한 공복에 먹으면 좋은 음식 7가지"", ""link"": ""https://blog.naver.com/ybmes/224297200442"", ""description"": ""<b>사과</b> <b>사과</b> 는 펙틴 성분이 풍부해 장 건강에 좋습니다. 추천 포인트 장 운동 촉진 변비 예방 상쾌한 포만감 비타민 공급 껍질째 먹으면 식이섬유를 더 풍부하게 섭취할 수 있습니다. 7. 요거트 요거트 는 유산균이... "", ""bloggername"": ""세상의 모든 정보"", ""bloggerlink"": ""blog.naver.com/ybmes"", ""postdate"": ""20260526""}",세상의 모든 정보,blog.naver.com/ybmes
사과,single_term_fallback,사과,"배에가스차는이유 및 배에가스빼는법, 속 더부룩할 때 직빵!",https://blog.naver.com/yoon8863_/224297181594,20260526,"가스 잘 만드는 음식 콩류 (두부 제외), 렌틸 양배추, 브로콜리, 콜리플라워 양파, 마늘 <b>사과</b>, 배, 수박 (과당 많은 과일) 탄산음료, 맥주 우유, 아이스크림 (유당 불내증인 경우) 다 피해야 하는 건 아닙니다. 평소... ",,naver_blog,사과,canonical,1.0,2026-05-26T11:50:14.768518+00:00,0,0,0,0,현명하게 생활하고 똑똑하게 소비하기,"가스 잘 만드는 음식 콩류 (두부 제외), 렌틸 양배추, 브로콜리, 콜리플라워 양파, 마늘 <b>사과</b>, 배, 수박 (과당 많은 과일) 탄산음료, 맥주 우유, 아이스크림 (유당 불내증인 경우) 다 피해야 하는 건 아닙니다. 평소... ","{""title"": ""배에가스차는이유 및 배에가스빼는법, 속 더부룩할 때 직빵!"", ""link"": ""https://blog.naver.com/yoon8863_/224297181594"", ""description"": ""가스 잘 만드는 음식 콩류 (두부 제외), 렌틸 양배추, 브로콜리, 콜리플라워 양파, 마늘 <b>사과</b>, 배, 수박 (과당 많은 과일) 탄산음료, 맥주 우유, 아이스크림 (유당 불내증인 경우) 다 피해야 하는 건 아닙니다. 평소... "", ""bloggername"": ""현명하게 생활하고 똑똑하게 소비하기"", ""bloggerlink"": ""blog.naver.com/yoon8863_"", ""postdate"": ""20260526""}",현명하게 생활하고 똑똑하게 소비하기,blog.naver.com/yoon8863_
사과,single_term_fallback,사과,쿠키 야채 커터 모양틀 12종 1세트 그린 Q502,https://blog.naver.com/sspsgjpi810059_mb/224296474962,20260526,"딱딱한 당근도 귀여운 동물 친구들로, 새콤달콤한 <b>사과</b>도 반짝이는 별 모양으로 순식간에 변신시켜 아이들의 흥미를 유발합니다. 이뿐만이 아닙니다. 안전하게 사용할 수 있도록 부드러운 플라스틱 재질로... ",,naver_blog,사과,canonical,1.0,2026-05-26T11:50:14.768518+00:00,0,0,0,0,감성 충전 스윙칩,"딱딱한 당근도 귀여운 동물 친구들로, 새콤달콤한 <b>사과</b>도 반짝이는 별 모양으로 순식간에 변신시켜 아이들의 흥미를 유발합니다. 이뿐만이 아닙니다. 안전하게 사용할 수 있도록 부드러운 플라스틱 재질로... ","{""title"": ""쿠키 야채 커터 모양틀 12종 1세트 그린 Q502"", ""link"": ""https://blog.naver.com/sspsgjpi810059_mb/224296474962"", ""description"": ""딱딱한 당근도 귀여운 동물 친구들로, 새콤달콤한 <b>사과</b>도 반짝이는 별 모양으로 순식간에 변신시켜 아이들의 흥미를 유발합니다. 이뿐만이 아닙니다. 안전하게 사용할 수 있도록 부드러운 플라스틱 재질로... "", ""bloggername"": ""감성 충전 스윙칩"", ""bloggerlink"": ""blog.naver.com/sspsgjpi810059_mb"", ""postdate"": ""20260526""}",감성 충전 스윙칩,blog.naver.com/sspsgjpi810059_mb
사과,single_term_fallback,사과,"스타벅스 선불카드, 이제 잔액 전액 환불된다?달라진 환불 조건... ",https://blog.naver.com/rich_zeta/224297199500,20260526,"최근 스타벅스는 특정 디자인 제품과 관련된 논란, 그리고 정용진 신세계그룹 회장의 공식 <b>사과</b>가 이어지면서 브랜드 이미지 관리가 시급한 상황이었습니다. 기업 위기 대응 패턴, 어떻게 볼까? 대형 브랜드가... ",,naver_blog,사과,canonical,1.0,2026-05-26T11:50:14.768518+00:00,0,0,0,0,새로운 정보,"최근 스타벅스는 특정 디자인 제품과 관련된 논란, 그리고 정용진 신세계그룹 회장의 공식 <b>사과</b>가 이어지면서 브랜드 이미지 관리가 시급한 상황이었습니다. 기업 위기 대응 패턴, 어떻게 볼까? 대형 브랜드가... ","{""title"": ""스타벅스 선불카드, 이제 잔액 전액 환불된다?달라진 환불 조건... "", ""link"": ""https://blog.naver.com/rich_zeta/224297199500"", ""description"": ""최근 스타벅스는 특정 디자인 제품과 관련된 논란, 그리고 정용진 신세계그룹 회장의 공식 <b>사과</b>가 이어지면서 브랜드 이미지 관리가 시급한 상황이었습니다. 기업 위기 대응 패턴, 어떻게 볼까? 대형 브랜드가... "", ""bloggername"": ""새로운 정보"", ""bloggerlink"": ""blog.naver.com/rich_zeta"", ""postdate"": ""20260526""}",새로운 정보,blog.naver.com/rich_zeta
사과,single_term_fallback,사과,횡단보도교통사고형량 2026 최신 양형기준과 변호사 선임 전... ,https://blog.naver.com/vsgkkgzmvw10214/224296910476,20260526,"지원·<b>사과</b>·면담”에 집중, 합의는 의학적 경과가 나온 뒤 단계적 제시. - 합의금 산정: 치료비... 공탁서에는 산정 근거와 <b>사과</b>문 첨부. - 자료 패키지: 합의서, 이체증빙, 공탁서, 반성문, 교육 수료증, 재발방지... ",,naver_blog,사과,canonical,1.0,2026-05-26T11:50:14.768518+00:00,0,0,0,0,경찰출신/형사전문변호사,"지원·<b>사과</b>·면담”에 집중, 합의는 의학적 경과가 나온 뒤 단계적 제시. - 합의금 산정: 치료비... 공탁서에는 산정 근거와 <b>사과</b>문 첨부. - 자료 패키지: 합의서, 이체증빙, 공탁서, 반성문, 교육 수료증, 재발방지... ","{""title"": ""횡단보도교통사고형량 2026 최신 양형기준과 변호사 선임 전... "", ""link"": ""https://blog.naver.com/vsgkkgzmvw10214/224296910476"", ""description"": ""지원·<b>사과</b>·면담”에 집중, 합의는 의학적 경과가 나온 뒤 단계적 제시. - 합의금 산정: 치료비... 공탁서에는 산정 근거와 <b>사과</b>문 첨부. - 자료 패키지: 합의서, 이체증빙, 공탁서, 반성문, 교육 수료증, 재발방지... "", ""bloggername"": ""경찰출신/형사전문변호사"", ""bloggerlink"": ""blog.naver.com/vsgkkgzmvw10214"", ""postdate"": ""20260526""}",경찰출신/형사전문변호사,blog.naver.com/vsgkkgzmvw10214
사과,single_term_fallback,사과,사월 초파일 연휴에,https://blog.naver.com/dbseor1294/224297199753,20260526,한그루와 <b>사과</b>나무 두그루는 속아주는 시기가 늦어져 상당히 다큰 열매를 늦게나마 따주고 보니 미안하고 후련한 마음이 든다 더불어 2년전에 심은 포도나무는 두그루는 올해엔 결실을 볼수 있을것 같아 나름... ,,naver_blog,사과,canonical,1.0,2026-05-26T11:50:14.768518+00:00,0,0,0,0,황윤택의 사진여행 그리고 펜화,한그루와 <b>사과</b>나무 두그루는 속아주는 시기가 늦어져 상당히 다큰 열매를 늦게나마 따주고 보니 미안하고 후련한 마음이 든다 더불어 2년전에 심은 포도나무는 두그루는 올해엔 결실을 볼수 있을것 같아 나름... ,"{""title"": ""사월 초파일 연휴에"", ""link"": ""https://blog.naver.com/dbseor1294/224297199753"", ""description"": ""한그루와 <b>사과</b>나무 두그루는 속아주는 시기가 늦어져 상당히 다큰 열매를 늦게나마 따주고 보니 미안하고 후련한 마음이 든다 더불어 2년전에 심은 포도나무는 두그루는 올해엔 결실을 볼수 있을것 같아 나름... "", ""bloggername"": ""황윤택의 사진여행 그리고 펜화"", ""bloggerlink"": ""blog.naver.com/dbseor1294"", ""postdate"": ""20260526""}",황윤택의 사진여행 그리고 펜화,blog.naver.com/dbseor1294
사과,single_term_fallback,사과,8체질검사 진단 후기+유전자 검사 후기,https://blog.naver.com/heyfolder/224297199260,20260526,"1.2회 방문하면서 혼자 예상했던…… 금양 체질이 나왔어요 슬기님이랑 같은 체질로 체질 중에서 먹을 게 가장 없고 까다로워서 아니길 바랐는데,,,,, 결국 맞아요ㅜ 고기, 밀가루는 기본이고 <b>사과</b>나 버섯 심지어... ",,naver_blog,사과,canonical,1.0,2026-05-26T11:50:14.768518+00:00,0,0,0,0,HILog,"1.2회 방문하면서 혼자 예상했던…… 금양 체질이 나왔어요 슬기님이랑 같은 체질로 체질 중에서 먹을 게 가장 없고 까다로워서 아니길 바랐는데,,,,, 결국 맞아요ㅜ 고기, 밀가루는 기본이고 <b>사과</b>나 버섯 심지어... ","{""title"": ""8체질검사 진단 후기+유전자 검사 후기"", ""link"": ""https://blog.naver.com/heyfolder/224297199260"", ""description"": ""1.2회 방문하면서 혼자 예상했던…… 금양 체질이 나왔어요 슬기님이랑 같은 체질로 체질 중에서 먹을 게 가장 없고 까다로워서 아니길 바랐는데,,,,, 결국 맞아요ㅜ 고기, 밀가루는 기본이고 <b>사과</b>나 버섯 심지어... "", ""bloggername"": ""HILog"", ""bloggerlink"": ""blog.naver.com/heyfolder"", ""postdate"": ""20260526""}",HILog,blog.naver.com/heyfolder
사과,single_term_fallback,사과,셀프리쉬 샐리쉬 CCA 샐러드캔디 - 이제 샐러드도 저당캔디로... ,https://blog.naver.com/uandisslove/224297199567,20260526,"셀프리쉬 샐리쉬 CCA 샐러드캔디는 CCA라는 이름 그대로 당근, 양배추, <b>사과</b>를 포함한 22종의 야채와... 츄어블 캔디이다보니 바쁜 일상 속에서도 부담 없이 챙길 수 있고, 새콤달콤한 <b>사과</b> 맛 덕분에 맛있게 먹을... ",,naver_blog,사과,canonical,1.0,2026-05-26T11:50:14.768518+00:00,0,0,0,0,"안녕하세요, 킴승입니다.","셀프리쉬 샐리쉬 CCA 샐러드캔디는 CCA라는 이름 그대로 당근, 양배추, <b>사과</b>를 포함한 22종의 야채와... 츄어블 캔디이다보니 바쁜 일상 속에서도 부담 없이 챙길 수 있고, 새콤달콤한 <b>사과</b> 맛 덕분에 맛있게 먹을... ","{""title"": ""셀프리쉬 샐리쉬 CCA 샐러드캔디 - 이제 샐러드도 저당캔디로... "", ""link"": ""https://blog.naver.com/uandisslove/224297199567"", ""description"": ""셀프리쉬 샐리쉬 CCA 샐러드캔디는 CCA라는 이름 그대로 당근, 양배추, <b>사과</b>를 포함한 22종의 야채와... 츄어블 캔디이다보니 바쁜 일상 속에서도 부담 없이 챙길 수 있고, 새콤달콤한 <b>사과</b> 맛 덕분에 맛있게 먹을... "", ""bloggername"": ""안녕하세요, 킴승입니다."", ""bloggerlink"": ""blog.naver.com/uandisslove"", ""postdate"": ""20260526""}","안녕하세요, 킴승입니다.",blog.naver.com/uandisslove
사과,single_term_fallback,사과,[2026 호주 살기] 요즘 멜번 마트 가면 벌어지는 일! 실시간... ,https://blog.naver.com/sunmoonstar123/224297199838,20260526,"반면, 현지 우유나 <b>사과</b>, 치즈 같은 유제품은 여전히 한국보다 훨씬 저렴해 식단의 강제 서구화(?)가... 이곳 아이들의 도시락 가방을 열면 식빵에 잼이나 누텔라를 슥슥 바른 샌드위치 한 조각, 통<b>사과</b>나... ",,naver_blog,사과,canonical,1.0,2026-05-26T11:50:14.768518+00:00,0,0,0,0,써니의 호주,"반면, 현지 우유나 <b>사과</b>, 치즈 같은 유제품은 여전히 한국보다 훨씬 저렴해 식단의 강제 서구화(?)가... 이곳 아이들의 도시락 가방을 열면 식빵에 잼이나 누텔라를 슥슥 바른 샌드위치 한 조각, 통<b>사과</b>나... ","{""title"": ""[2026 호주 살기] 요즘 멜번 마트 가면 벌어지는 일! 실시간... "", ""link"": ""https://blog.naver.com/sunmoonstar123/224297199838"", ""description"": ""반면, 현지 우유나 <b>사과</b>, 치즈 같은 유제품은 여전히 한국보다 훨씬 저렴해 식단의 강제 서구화(?)가... 이곳 아이들의 도시락 가방을 열면 식빵에 잼이나 누텔라를 슥슥 바른 샌드위치 한 조각, 통<b>사과</b>나... "", ""bloggername"": ""써니의 호주"", ""bloggerlink"": ""blog.naver.com/sunmoonstar123"", ""postdate"": ""20260526""}",써니의 호주,blog.naver.com/sunmoonstar123
사과,single_term_fallback,사과,부천명예훼손변호사 초기대응이 가장중요 선임비 선임료... ,https://blog.naver.com/shdndrl332/224297199510,20260526,"&quot;명예훼손, 그냥 <b>사과</b>하면 끝날 줄 알았는데... 현실은 전혀 달랐어요!&quot;  왜 초기대응이 부천명예훼손변호사의 핵심인가?  핵심 포인트 • 초기대응에서 말 한마디, 행동 하나가 판을 바꿔요. • 부천경찰서 출석... ",,naver_blog,사과,canonical,1.0,2026-05-26T11:50:14.768518+00:00,0,0,0,0,「법무법인 로웨이 | ☎ 1660-3461」,"&quot;명예훼손, 그냥 <b>사과</b>하면 끝날 줄 알았는데... 현실은 전혀 달랐어요!&quot;  왜 초기대응이 부천명예훼손변호사의 핵심인가?  핵심 포인트 • 초기대응에서 말 한마디, 행동 하나가 판을 바꿔요. • 부천경찰서 출석... ","{""title"": ""부천명예훼손변호사 초기대응이 가장중요 선임비 선임료... "", ""link"": ""https://blog.naver.com/shdndrl332/224297199510"", ""description"": ""&quot;명예훼손, 그냥 <b>사과</b>하면 끝날 줄 알았는데... 현실은 전혀 달랐어요!&quot;  왜 초기대응이 부천명예훼손변호사의 핵심인가?  핵심 포인트 • 초기대응에서 말 한마디, 행동 하나가 판을 바꿔요. • 부천경찰서 출석... "", ""bloggername"": ""「법무법인 로웨이 | ☎ 1660-3461」"", ""bloggerlink"": ""blog.naver.com/shdndrl332"", ""postdate"": ""20260526""}",「법무법인 로웨이 | ☎ 1660-3461」,blog.naver.com/shdndrl332
사과,single_term_fallback,사과,"통째로 갈아만든 <b>사과</b>즙 일반파우치, 100ml, 150개",https://blog.naver.com/tipslu964817_ai/224296925253,20260526,"통째로 갈아만든 <b>사과</b>즙 일반파우치, 100ml, 150개 식품 빠른배송 건강한 습관, 이젠 간편하게! 통째로 갈아만든 <b>사과</b>즙 일반파우치 100ml 150개 득템 찬스! 하루 한 잔, 활력을 더하는 상큼한 습관 바쁜 일상 속에서... ",,naver_blog,사과,canonical,1.0,2026-05-26T11:50:14.768518+00:00,0,0,0,0,스포츠 즐기는 나비드,"통째로 갈아만든 <b>사과</b>즙 일반파우치, 100ml, 150개 식품 빠른배송 건강한 습관, 이젠 간편하게! 통째로 갈아만든 <b>사과</b>즙 일반파우치 100ml 150개 득템 찬스! 하루 한 잔, 활력을 더하는 상큼한 습관 바쁜 일상 속에서... ","{""title"": ""통째로 갈아만든 <b>사과</b>즙 일반파우치, 100ml, 150개"", ""link"": ""https://blog.naver.com/tipslu964817_ai/224296925253"", ""description"": ""통째로 갈아만든 <b>사과</b>즙 일반파우치, 100ml, 150개 식품 빠른배송 건강한 습관, 이젠 간편하게! 통째로 갈아만든 <b>사과</b>즙 일반파우치 100ml 150개 득템 찬스! 하루 한 잔, 활력을 더하는 상큼한 습관 바쁜 일상 속에서... "", ""bloggername"": ""스포츠 즐기는 나비드"", ""bloggerlink"": ""blog.naver.com/tipslu964817_ai"", ""postdate"": ""20260526""}",스포츠 즐기는 나비드,blog.naver.com/tipslu964817_ai
사과,single_term_fallback,사과,"인천 영종도 버스 집단 식중독,5개 노선 차질 확인하세요",https://blog.naver.com/harujoeun/224297192580,20260526,운수업체 측은 안내문을 통해 &quot;예기치 못한 일로 입원한 운전원들에게 <b>사과</b>드린다&quot;며 &quot;사태 수습에 총력을 다하겠다&quot;고 밝혔다. 버스기사 측에서는 음식이 5~11시간 동안 관리 없이 방치됐다는 주장도... ,,naver_blog,사과,canonical,1.0,2026-05-26T11:50:14.768518+00:00,0,0,0,0,harujoeun님의 블로그,운수업체 측은 안내문을 통해 &quot;예기치 못한 일로 입원한 운전원들에게 <b>사과</b>드린다&quot;며 &quot;사태 수습에 총력을 다하겠다&quot;고 밝혔다. 버스기사 측에서는 음식이 5~11시간 동안 관리 없이 방치됐다는 주장도... ,"{""title"": ""인천 영종도 버스 집단 식중독,5개 노선 차질 확인하세요"", ""link"": ""https://blog.naver.com/harujoeun/224297192580"", ""description"": ""운수업체 측은 안내문을 통해 &quot;예기치 못한 일로 입원한 운전원들에게 <b>사과</b>드린다&quot;며 &quot;사태 수습에 총력을 다하겠다&quot;고 밝혔다. 버스기사 측에서는 음식이 5~11시간 동안 관리 없이 방치됐다는 주장도... "", ""bloggername"": ""harujoeun님의 블로그"", ""bloggerlink"": ""blog.naver.com/harujoeun"", ""postdate"": ""20260526""}",harujoeun님의 블로그,blog.naver.com/harujoeun
사과,single_term_fallback,사과,빨간 장미는 사랑일까 집착일까? 절대 몰랐던 장미 꽃말의 소름... ,https://blog.naver.com/ksmo0913/224297199858,20260526,"저도 예전에 친구에게 아무 생각 없이 노란 장미를 선물했다가, 꽃말을 찾아보고는 깜짝 놀라 서둘러 <b>사과</b>했던 기억이 나요. 이처럼 장미는 우리가 생각하는 것보다 훨씬 더 다채롭고 때로는 위험한 메시지를... ",,naver_blog,사과,canonical,1.0,2026-05-26T11:50:14.768518+00:00,0,0,0,0,실시간 NEWS,"저도 예전에 친구에게 아무 생각 없이 노란 장미를 선물했다가, 꽃말을 찾아보고는 깜짝 놀라 서둘러 <b>사과</b>했던 기억이 나요. 이처럼 장미는 우리가 생각하는 것보다 훨씬 더 다채롭고 때로는 위험한 메시지를... ","{""title"": ""빨간 장미는 사랑일까 집착일까? 절대 몰랐던 장미 꽃말의 소름... "", ""link"": ""https://blog.naver.com/ksmo0913/224297199858"", ""description"": ""저도 예전에 친구에게 아무 생각 없이 노란 장미를 선물했다가, 꽃말을 찾아보고는 깜짝 놀라 서둘러 <b>사과</b>했던 기억이 나요. 이처럼 장미는 우리가 생각하는 것보다 훨씬 더 다채롭고 때로는 위험한 메시지를... "", ""bloggername"": ""실시간 NEWS"", ""bloggerlink"": ""blog.naver.com/ksmo0913"", ""postdate"": ""20260526""}",실시간 NEWS,blog.naver.com/ksmo0913
사과,single_term_fallback,사과,[두유제조기 이유식 레시피] 이유식 재료 궁합 상극 &amp; 찰떡 조합... ,https://blog.naver.com/yoon3198/224297199265,20260526,고구마 + <b>사과</b> <b>사과</b>의 '펙틴' 성분이 가스 생성을 막아주고 배변 활동을 도와줘서 배앓이를 방지해 준다고 한다. 5. 미역 + 두부 두부 섭취 시 요오드가 배출되기 쉬운데 미역이 요오드를 다시 채워주는 상호보완... ,,naver_blog,사과,canonical,1.0,2026-05-26T11:50:14.768518+00:00,0,0,0,0,핀치의 홈로그,고구마 + <b>사과</b> <b>사과</b>의 '펙틴' 성분이 가스 생성을 막아주고 배변 활동을 도와줘서 배앓이를 방지해 준다고 한다. 5. 미역 + 두부 두부 섭취 시 요오드가 배출되기 쉬운데 미역이 요오드를 다시 채워주는 상호보완... ,"{""title"": ""[두유제조기 이유식 레시피] 이유식 재료 궁합 상극 &amp; 찰떡 조합... "", ""link"": ""https://blog.naver.com/yoon3198/224297199265"", ""description"": ""고구마 + <b>사과</b> <b>사과</b>의 '펙틴' 성분이 가스 생성을 막아주고 배변 활동을 도와줘서 배앓이를 방지해 준다고 한다. 5. 미역 + 두부 두부 섭취 시 요오드가 배출되기 쉬운데 미역이 요오드를 다시 채워주는 상호보완... "", ""bloggername"": ""핀치의 홈로그"", ""bloggerlink"": ""blog.naver.com/yoon3198"", ""postdate"": ""20260526""}",핀치의 홈로그,blog.naver.com/yoon3198
사과,single_term_fallback,사과,클럽성추행 CCTV와 목격자 확보가 중요한 이유,https://blog.naver.com/kcsympathy/224297198951,20260526,"당황한 상태에서 연락을 지우거나, 섣불리 <b>사과</b>하거나, 기억에만 의존해 말하면 오히려 불리해질 수 있습니다. 경찰조사 전에는 사건 흐름과 증거를 먼저 정리해야 하고, 필요하면 변호사와 함께 진술 방향을... ",,naver_blog,사과,canonical,1.0,2026-05-26T11:50:14.768518+00:00,0,0,0,0,법무법인 트라이원스와 함께,"당황한 상태에서 연락을 지우거나, 섣불리 <b>사과</b>하거나, 기억에만 의존해 말하면 오히려 불리해질 수 있습니다. 경찰조사 전에는 사건 흐름과 증거를 먼저 정리해야 하고, 필요하면 변호사와 함께 진술 방향을... ","{""title"": ""클럽성추행 CCTV와 목격자 확보가 중요한 이유"", ""link"": ""https://blog.naver.com/kcsympathy/224297198951"", ""description"": ""당황한 상태에서 연락을 지우거나, 섣불리 <b>사과</b>하거나, 기억에만 의존해 말하면 오히려 불리해질 수 있습니다. 경찰조사 전에는 사건 흐름과 증거를 먼저 정리해야 하고, 필요하면 변호사와 함께 진술 방향을... "", ""bloggername"": ""법무법인 트라이원스와 함께"", ""bloggerlink"": ""blog.naver.com/kcsympathy"", ""postdate"": ""20260526""}",법무법인 트라이원스와 함께,blog.naver.com/kcsympathy
사과,single_term_fallback,사과,"재택근무 40대 워킹맘 생활습관 리셋, 아이쿱자연드림... ",https://blog.naver.com/ddimddimv/224297199022,20260526,"무엇보다 원재료 구성을 보니 국산 당근, <b>사과</b>퓨레 기반 발효녹즙에 유산균, 귀리, 푸룬, 차전자피까지 들어 있어서 자연스럽게 식이섬유를 챙긴다는 느낌이 들더라고요. 일주일 정도 이어보니 느낀 변화들 사실... ",,naver_blog,사과,canonical,1.0,2026-05-26T11:50:14.768518+00:00,0,0,0,0,찬이네집 육아 일상,"무엇보다 원재료 구성을 보니 국산 당근, <b>사과</b>퓨레 기반 발효녹즙에 유산균, 귀리, 푸룬, 차전자피까지 들어 있어서 자연스럽게 식이섬유를 챙긴다는 느낌이 들더라고요. 일주일 정도 이어보니 느낀 변화들 사실... ","{""title"": ""재택근무 40대 워킹맘 생활습관 리셋, 아이쿱자연드림... "", ""link"": ""https://blog.naver.com/ddimddimv/224297199022"", ""description"": ""무엇보다 원재료 구성을 보니 국산 당근, <b>사과</b>퓨레 기반 발효녹즙에 유산균, 귀리, 푸룬, 차전자피까지 들어 있어서 자연스럽게 식이섬유를 챙긴다는 느낌이 들더라고요. 일주일 정도 이어보니 느낀 변화들 사실... "", ""bloggername"": ""찬이네집 육아 일상"", ""bloggerlink"": ""blog.naver.com/ddimddimv"", ""postdate"": ""20260526""}",찬이네집 육아 일상,blog.naver.com/ddimddimv
사과,single_term_fallback,사과,더운 여름 제철인  코스트코 물회,https://blog.naver.com/parkyj8470/224297198896,20260526,집에 <b>사과</b>나 배가 있으면 추가 하면 좋을듯 나는 제철 오이를 추가 했다 새콤 달콤 육수와 위에 토핑 횟거리 야채 말아서 시원하게 먹기 조금 짠?! 간이 쎈 느낌있엇 물 조금 추가 소면 삶아서 물회에... ,,naver_blog,사과,canonical,1.0,2026-05-26T11:50:14.768518+00:00,0,0,0,0,너는 나의 Oasis,집에 <b>사과</b>나 배가 있으면 추가 하면 좋을듯 나는 제철 오이를 추가 했다 새콤 달콤 육수와 위에 토핑 횟거리 야채 말아서 시원하게 먹기 조금 짠?! 간이 쎈 느낌있엇 물 조금 추가 소면 삶아서 물회에... ,"{""title"": ""더운 여름 제철인  코스트코 물회"", ""link"": ""https://blog.naver.com/parkyj8470/224297198896"", ""description"": ""집에 <b>사과</b>나 배가 있으면 추가 하면 좋을듯 나는 제철 오이를 추가 했다 새콤 달콤 육수와 위에 토핑 횟거리 야채 말아서 시원하게 먹기 조금 짠?! 간이 쎈 느낌있엇 물 조금 추가 소면 삶아서 물회에... "", ""bloggername"": ""너는 나의 Oasis"", ""bloggerlink"": ""blog.naver.com/parkyj8470"", ""postdate"": ""20260526""}",너는 나의 Oasis,blog.naver.com/parkyj8470
사과,single_term_fallback,사과,"민주당 “정용진 <b>사과</b>, 진정성 있다”…“우디르급 태세전환",https://blog.naver.com/hgryu1948/224297197994,20260526,"민주당 “정용진 <b>사과</b>, 진정성 있다”…“우디르급 태세전환 이유는?” https://www.youtube.com... 정용진 #<b>사과</b> #민주당 출연 : 정은혜 前 더불어민주당 의원 장예찬 前 국민의힘 청년최고위원... ",,naver_blog,사과,canonical,1.0,2026-05-26T11:50:14.768518+00:00,0,0,0,0,행운의 목향(幸運の牧鄕),"민주당 “정용진 <b>사과</b>, 진정성 있다”…“우디르급 태세전환 이유는?” https://www.youtube.com... 정용진 #<b>사과</b> #민주당 출연 : 정은혜 前 더불어민주당 의원 장예찬 前 국민의힘 청년최고위원... ","{""title"": ""민주당 “정용진 <b>사과</b>, 진정성 있다”…“우디르급 태세전환"", ""link"": ""https://blog.naver.com/hgryu1948/224297197994"", ""description"": ""민주당 “정용진 <b>사과</b>, 진정성 있다”…“우디르급 태세전환 이유는?” https://www.youtube.com... 정용진 #<b>사과</b> #민주당 출연 : 정은혜 前 더불어민주당 의원 장예찬 前 국민의힘 청년최고위원... "", ""bloggername"": ""행운의 목향(幸運の牧鄕)"", ""bloggerlink"": ""blog.naver.com/hgryu1948"", ""postdate"": ""20260526""}",행운의 목향(幸運の牧鄕),blog.naver.com/hgryu1948
사과,single_term_fallback,사과,[개인회생] 스타벅스 ‘탱크데이’ 논란… 브랜드 리스크가... ,https://blog.naver.com/dosan8282/224297197593,20260526,"정용진 정용진 회장이 직접 <b>사과</b>에 나설 정도로 상황이 커졌고, 실제로 일부에서는 기프티콘 판매 순위 하락, 마케팅 제동 등 소비 위축 우려도 나오고 있습니다. 문제는 이런 대형 브랜드 리스크가 단순히... ",,naver_blog,사과,canonical,1.0,2026-05-26T11:50:14.768518+00:00,0,0,0,0,법률사무소 백균. 대길 회생파산 팀 051-703-1909,"정용진 정용진 회장이 직접 <b>사과</b>에 나설 정도로 상황이 커졌고, 실제로 일부에서는 기프티콘 판매 순위 하락, 마케팅 제동 등 소비 위축 우려도 나오고 있습니다. 문제는 이런 대형 브랜드 리스크가 단순히... ","{""title"": ""[개인회생] 스타벅스 ‘탱크데이’ 논란… 브랜드 리스크가... "", ""link"": ""https://blog.naver.com/dosan8282/224297197593"", ""description"": ""정용진 정용진 회장이 직접 <b>사과</b>에 나설 정도로 상황이 커졌고, 실제로 일부에서는 기프티콘 판매 순위 하락, 마케팅 제동 등 소비 위축 우려도 나오고 있습니다. 문제는 이런 대형 브랜드 리스크가 단순히... "", ""bloggername"": ""법률사무소 백균. 대길 회생파산 팀 051-703-1909"", ""bloggerlink"": ""blog.naver.com/dosan8282"", ""postdate"": ""20260526""}",법률사무소 백균. 대길 회생파산 팀 051-703-1909,blog.naver.com/dosan8282
사과,single_term_fallback,사과,"&quot;그냥 마르기만 한 줄 알았는데...&quot; 46kg 김태리, 의외로... ",https://blog.naver.com/pilanyong/224297198063,20260526,<b>사과</b> + 땅콩버터 조합 이 조합은 생각보다 포만감이 오래가더라고요. 저도 한 때 자주 먹던 식단이었는데 <b>사과</b>만 먹을 때보다 훨씬 든든해요 <b>사과</b>는 아삭해서 씹는 느낌이 좋고 땅콩버터는 지방과 단백질이... ,,naver_blog,사과,canonical,1.0,2026-05-26T11:50:14.768518+00:00,0,0,0,0,Pilanyong,<b>사과</b> + 땅콩버터 조합 이 조합은 생각보다 포만감이 오래가더라고요. 저도 한 때 자주 먹던 식단이었는데 <b>사과</b>만 먹을 때보다 훨씬 든든해요 <b>사과</b>는 아삭해서 씹는 느낌이 좋고 땅콩버터는 지방과 단백질이... ,"{""title"": ""&quot;그냥 마르기만 한 줄 알았는데...&quot; 46kg 김태리, 의외로... "", ""link"": ""https://blog.naver.com/pilanyong/224297198063"", ""description"": ""<b>사과</b> + 땅콩버터 조합 이 조합은 생각보다 포만감이 오래가더라고요. 저도 한 때 자주 먹던 식단이었는데 <b>사과</b>만 먹을 때보다 훨씬 든든해요 <b>사과</b>는 아삭해서 씹는 느낌이 좋고 땅콩버터는 지방과 단백질이... "", ""bloggername"": ""Pilanyong"", ""bloggerlink"": ""blog.naver.com/pilanyong"", ""postdate"": ""20260526""}",Pilanyong,blog.naver.com/pilanyong
사과,single_term_fallback,사과,인천공항 2터미널 대한항공 프레스티지 라운지 후기... ,https://blog.naver.com/smileeho/224297197703,20260526,"바나나, <b>사과</b> 등 신선한 과일류 음식은 엄청 화려하다기보다는, 비행기 타기 전에 가볍게 먹기 좋은 정도였어요. 한식, 샐러드, 빵, 디저트, 음료 등이 준비되어 있었고, 시간대에 따라 메뉴는 조금씩 달라질 수... ",,naver_blog,사과,canonical,1.0,2026-05-26T11:50:14.768518+00:00,0,0,0,0,smileeho,"바나나, <b>사과</b> 등 신선한 과일류 음식은 엄청 화려하다기보다는, 비행기 타기 전에 가볍게 먹기 좋은 정도였어요. 한식, 샐러드, 빵, 디저트, 음료 등이 준비되어 있었고, 시간대에 따라 메뉴는 조금씩 달라질 수... ","{""title"": ""인천공항 2터미널 대한항공 프레스티지 라운지 후기... "", ""link"": ""https://blog.naver.com/smileeho/224297197703"", ""description"": ""바나나, <b>사과</b> 등 신선한 과일류 음식은 엄청 화려하다기보다는, 비행기 타기 전에 가볍게 먹기 좋은 정도였어요. 한식, 샐러드, 빵, 디저트, 음료 등이 준비되어 있었고, 시간대에 따라 메뉴는 조금씩 달라질 수... "", ""bloggername"": ""smileeho"", ""bloggerlink"": ""blog.naver.com/smileeho"", ""postdate"": ""20260526""}",smileeho,blog.naver.com/smileeho
사과,single_term_fallback,사과,"&quot;평생 해줄 거 아니면&quot; 양상국, 핑계고 발언 세 번째 해명 자리",https://blog.naver.com/svmkt11/224297198148,20260526,논란이 되는 부분에 대해 <b>사과</b>한다. 이게 옥탑방을 포함한 세 번의 해명 자리에서 공통으로 나온... 빠진 <b>사과</b> 톤이라 일부에선 진정성 의문이 계속 따라붙고 있다. 양상국은 옥탑방에서 한 박자 멈추고... ,,naver_blog,사과,canonical,1.0,2026-05-26T11:50:14.768518+00:00,0,0,0,0,설렘파파,논란이 되는 부분에 대해 <b>사과</b>한다. 이게 옥탑방을 포함한 세 번의 해명 자리에서 공통으로 나온... 빠진 <b>사과</b> 톤이라 일부에선 진정성 의문이 계속 따라붙고 있다. 양상국은 옥탑방에서 한 박자 멈추고... ,"{""title"": ""&quot;평생 해줄 거 아니면&quot; 양상국, 핑계고 발언 세 번째 해명 자리"", ""link"": ""https://blog.naver.com/svmkt11/224297198148"", ""description"": ""논란이 되는 부분에 대해 <b>사과</b>한다. 이게 옥탑방을 포함한 세 번의 해명 자리에서 공통으로 나온... 빠진 <b>사과</b> 톤이라 일부에선 진정성 의문이 계속 따라붙고 있다. 양상국은 옥탑방에서 한 박자 멈추고... "", ""bloggername"": ""설렘파파"", ""bloggerlink"": ""blog.naver.com/svmkt11"", ""postdate"": ""20260526""}",설렘파파,blog.naver.com/svmkt11
사과,single_term_fallback,사과,&quot;9만원 붕괴 직전&quot; 이마트 살린 정용진 <b>사과</b> 봤더니,https://blog.naver.com/run_free_dog/224297198099,20260526,"26일 정용진 신세계그룹 회장이 스타벅스 '탱크데이' 논란에 대해 대국민 <b>사과</b>에 나서자, 8% 넘게... 5/18 종가9만 9,200원 (-3.22%) ~5/22 누적약 -8.7% 급락 5/26 회장 <b>사과</b> 직후9만 4,300원 (+4.20%) 논란 당일 9만 9,200원으로... ",,naver_blog,사과,canonical,1.0,2026-05-26T11:50:14.768518+00:00,0,0,0,0,"경제적자유를 원한다면, 경제를 알아야한다","26일 정용진 신세계그룹 회장이 스타벅스 '탱크데이' 논란에 대해 대국민 <b>사과</b>에 나서자, 8% 넘게... 5/18 종가9만 9,200원 (-3.22%) ~5/22 누적약 -8.7% 급락 5/26 회장 <b>사과</b> 직후9만 4,300원 (+4.20%) 논란 당일 9만 9,200원으로... ","{""title"": ""&quot;9만원 붕괴 직전&quot; 이마트 살린 정용진 <b>사과</b> 봤더니"", ""link"": ""https://blog.naver.com/run_free_dog/224297198099"", ""description"": ""26일 정용진 신세계그룹 회장이 스타벅스 '탱크데이' 논란에 대해 대국민 <b>사과</b>에 나서자, 8% 넘게... 5/18 종가9만 9,200원 (-3.22%) ~5/22 누적약 -8.7% 급락 5/26 회장 <b>사과</b> 직후9만 4,300원 (+4.20%) 논란 당일 9만 9,200원으로... "", ""bloggername"": ""경제적자유를 원한다면, 경제를 알아야한다"", ""bloggerlink"": ""blog.naver.com/run_free_dog"", ""postdate"": ""20260526""}","경제적자유를 원한다면, 경제를 알아야한다",blog.naver.com/run_free_dog
사과,single_term_fallback,사과,[음악인문학]영화 '사운드 오브 뮤직' 속 &lt;도레미송&gt;,https://blog.naver.com/townbaby98/224297198040,20260526,"아내를 잃은 슬픔에 닫아두었던 음악에 대한 열정을 되찾은 대령은 마리아에게 <b>사과</b>하며 계속 머물러 달라고 청합니다. 이후 대령의 약혼녀인 엘사 남작부인을 환영하는 파티가 열리고, 마리아와 대령은... ",,naver_blog,사과,canonical,1.0,2026-05-26T11:50:14.768518+00:00,0,0,0,0,블랜드[blend]아트컴퍼니,"아내를 잃은 슬픔에 닫아두었던 음악에 대한 열정을 되찾은 대령은 마리아에게 <b>사과</b>하며 계속 머물러 달라고 청합니다. 이후 대령의 약혼녀인 엘사 남작부인을 환영하는 파티가 열리고, 마리아와 대령은... ","{""title"": ""[음악인문학]영화 '사운드 오브 뮤직' 속 &lt;도레미송&gt;"", ""link"": ""https://blog.naver.com/townbaby98/224297198040"", ""description"": ""아내를 잃은 슬픔에 닫아두었던 음악에 대한 열정을 되찾은 대령은 마리아에게 <b>사과</b>하며 계속 머물러 달라고 청합니다. 이후 대령의 약혼녀인 엘사 남작부인을 환영하는 파티가 열리고, 마리아와 대령은... "", ""bloggername"": ""블랜드[blend]아트컴퍼니"", ""bloggerlink"": ""blog.naver.com/townbaby98"", ""postdate"": ""20260526""}",블랜드[blend]아트컴퍼니,blog.naver.com/townbaby98
사과,single_term_fallback,사과,2026.05.09~10 밀양산여울오토캠핑장,https://blog.naver.com/hayasish/224297197997,20260526,최대한 안눌러붙게 구워본다 속이 타들어가는 변언니ㅋㅋㅋㅋㅋㅋ 결국 태민이가 주인 할머니에게 코팅팬 빌려오고나서 얼굴에 화색이 도는 변언니ㅋㅋㅋㅋㅋ넘 웃김ㅋㅋㅋㅋ 그리고 밀양 #<b>사과</b>막걸리 이게... ,,naver_blog,사과,canonical,1.0,2026-05-26T11:50:14.768518+00:00,0,0,0,0,빠르게 우주정복,최대한 안눌러붙게 구워본다 속이 타들어가는 변언니ㅋㅋㅋㅋㅋㅋ 결국 태민이가 주인 할머니에게 코팅팬 빌려오고나서 얼굴에 화색이 도는 변언니ㅋㅋㅋㅋㅋ넘 웃김ㅋㅋㅋㅋ 그리고 밀양 #<b>사과</b>막걸리 이게... ,"{""title"": ""2026.05.09~10 밀양산여울오토캠핑장"", ""link"": ""https://blog.naver.com/hayasish/224297197997"", ""description"": ""최대한 안눌러붙게 구워본다 속이 타들어가는 변언니ㅋㅋㅋㅋㅋㅋ 결국 태민이가 주인 할머니에게 코팅팬 빌려오고나서 얼굴에 화색이 도는 변언니ㅋㅋㅋㅋㅋ넘 웃김ㅋㅋㅋㅋ 그리고 밀양 #<b>사과</b>막걸리 이게... "", ""bloggername"": ""빠르게 우주정복"", ""bloggerlink"": ""blog.naver.com/hayasish"", ""postdate"": ""20260526""}",빠르게 우주정복,blog.naver.com/hayasish
사과,single_term_fallback,사과,충주 아이랑 가볼만한곳 활옥동굴 카약체험 내돈내산 후기,https://blog.naver.com/thfk8158/224297197868,20260526,"사실 커피나 좀 먹고갈까했는데 시우가 좀 졸려하는거 같아서 ㅠ ㅠ 분위기만 살펴보고 나오기 <b>사과</b>가 유명한 충주답게 ㅎㅎㅎ <b>사과</b>를 활용한 활옥에이드, 충주 <b>사과</b>주스 등 그리고 와사비 아이스크림 !!!!!!!!!!!!... ",,naver_blog,사과,canonical,1.0,2026-05-26T11:50:14.768518+00:00,0,0,0,0,"순간을 영원히,","사실 커피나 좀 먹고갈까했는데 시우가 좀 졸려하는거 같아서 ㅠ ㅠ 분위기만 살펴보고 나오기 <b>사과</b>가 유명한 충주답게 ㅎㅎㅎ <b>사과</b>를 활용한 활옥에이드, 충주 <b>사과</b>주스 등 그리고 와사비 아이스크림 !!!!!!!!!!!!... ","{""title"": ""충주 아이랑 가볼만한곳 활옥동굴 카약체험 내돈내산 후기"", ""link"": ""https://blog.naver.com/thfk8158/224297197868"", ""description"": ""사실 커피나 좀 먹고갈까했는데 시우가 좀 졸려하는거 같아서 ㅠ ㅠ 분위기만 살펴보고 나오기 <b>사과</b>가 유명한 충주답게 ㅎㅎㅎ <b>사과</b>를 활용한 활옥에이드, 충주 <b>사과</b>주스 등 그리고 와사비 아이스크림 !!!!!!!!!!!!... "", ""bloggername"": ""순간을 영원히,"", ""bloggerlink"": ""blog.naver.com/thfk8158"", ""postdate"": ""20260526""}","순간을 영원히,",blog.naver.com/thfk8158
사과,single_term_fallback,사과,정 용진 신세계 그룹 회장의 대국민 <b>사과</b>에 대한 단상,https://blog.naver.com/neoworld2009/224297197349,20260526,"&quot;각자 생각은 다를 수 있지만, 더 좋은 대한민국을 만들고 더 나은 세상을 미래 세대에게 남겨주고 싶다는 마음만큼은 우리 모두 같다고 믿습니다.&quot; 이 같은 정 회장의 <b>사과</b>문의 일부 대목이 &quot;멸공이든... ",,naver_blog,사과,canonical,1.0,2026-05-26T11:50:14.768518+00:00,0,0,0,0,"English & 각종 쓸모있는 지식, 글과 비평의 기록","&quot;각자 생각은 다를 수 있지만, 더 좋은 대한민국을 만들고 더 나은 세상을 미래 세대에게 남겨주고 싶다는 마음만큼은 우리 모두 같다고 믿습니다.&quot; 이 같은 정 회장의 <b>사과</b>문의 일부 대목이 &quot;멸공이든... ","{""title"": ""정 용진 신세계 그룹 회장의 대국민 <b>사과</b>에 대한 단상"", ""link"": ""https://blog.naver.com/neoworld2009/224297197349"", ""description"": ""&quot;각자 생각은 다를 수 있지만, 더 좋은 대한민국을 만들고 더 나은 세상을 미래 세대에게 남겨주고 싶다는 마음만큼은 우리 모두 같다고 믿습니다.&quot; 이 같은 정 회장의 <b>사과</b>문의 일부 대목이 &quot;멸공이든... "", ""bloggername"": ""English & 각종 쓸모있는 지식, 글과 비평의 기록"", ""bloggerlink"": ""blog.naver.com/neoworld2009"", ""postdate"": ""20260526""}","English & 각종 쓸모있는 지식, 글과 비평의 기록",blog.naver.com/neoworld2009
사과,single_term_fallback,사과,"2026.05.26. 새벽예배, 산책, 통닭, 메밀면",https://blog.naver.com/csh11010/224297196663,20260526,미안한 마음에 먼저 <b>사과</b>했다. 대화를 해보니 오해에 오해가 쌓인 것 같다. 아내가 기분이 빨리 풀리길 바란다. 감사하다. 오늘 하루도 잘 살아냈다. 가장 좋은 길로 인도하심을 믿는다. 감사하다. 나는 괜찮다.... ,,naver_blog,사과,canonical,1.0,2026-05-26T11:50:14.768518+00:00,0,0,0,0,채우심의 블로그,미안한 마음에 먼저 <b>사과</b>했다. 대화를 해보니 오해에 오해가 쌓인 것 같다. 아내가 기분이 빨리 풀리길 바란다. 감사하다. 오늘 하루도 잘 살아냈다. 가장 좋은 길로 인도하심을 믿는다. 감사하다. 나는 괜찮다.... ,"{""title"": ""2026.05.26. 새벽예배, 산책, 통닭, 메밀면"", ""link"": ""https://blog.naver.com/csh11010/224297196663"", ""description"": ""미안한 마음에 먼저 <b>사과</b>했다. 대화를 해보니 오해에 오해가 쌓인 것 같다. 아내가 기분이 빨리 풀리길 바란다. 감사하다. 오늘 하루도 잘 살아냈다. 가장 좋은 길로 인도하심을 믿는다. 감사하다. 나는 괜찮다.... "", ""bloggername"": ""채우심의 블로그"", ""bloggerlink"": ""blog.naver.com/csh11010"", ""postdate"": ""20260526""}",채우심의 블로그,blog.naver.com/csh11010
사과,single_term_fallback,사과,&quot;독특하고 싱그러운 매력의 슈퍼푸드&quot; 보리새싹키우기... ,https://blog.naver.com/siasia77_/224297197030,20260526,"▶ 갈아 먹기 : 바나나, <b>사과</b>, 우유와 함께 갈면 풋내가 줄어듭니다. ▶ 분말 활용 : 하루 10g 이내로 적당히 먹는 편이 무난해요. ▶ 섭취 주의 : 과하면 복통이나 설사를 부를 수 있어요. 마무리 보리새싹키우기는... ",,naver_blog,사과,canonical,1.0,2026-05-26T11:50:14.768518+00:00,0,0,0,0,귀농이 꿈인 엄마의 정원,"▶ 갈아 먹기 : 바나나, <b>사과</b>, 우유와 함께 갈면 풋내가 줄어듭니다. ▶ 분말 활용 : 하루 10g 이내로 적당히 먹는 편이 무난해요. ▶ 섭취 주의 : 과하면 복통이나 설사를 부를 수 있어요. 마무리 보리새싹키우기는... ","{""title"": ""&quot;독특하고 싱그러운 매력의 슈퍼푸드&quot; 보리새싹키우기... "", ""link"": ""https://blog.naver.com/siasia77_/224297197030"", ""description"": ""▶ 갈아 먹기 : 바나나, <b>사과</b>, 우유와 함께 갈면 풋내가 줄어듭니다. ▶ 분말 활용 : 하루 10g 이내로 적당히 먹는 편이 무난해요. ▶ 섭취 주의 : 과하면 복통이나 설사를 부를 수 있어요. 마무리 보리새싹키우기는... "", ""bloggername"": ""귀농이 꿈인 엄마의 정원"", ""bloggerlink"": ""blog.naver.com/siasia77_"", ""postdate"": ""20260526""}",귀농이 꿈인 엄마의 정원,blog.naver.com/siasia77_
사과,single_term_fallback,사과,"우리집 옥상 텃밭에서 키운 대파로 대파청,맛간장만들기 도전",https://blog.naver.com/qkdwlsal1/224297196729,20260526,"간장에 각종 양념 빨간고추, 다시마, <b>사과</b>, 표고말린것, 냉장고에 남은 귤, 통후추에 소주 코인육수등 있는데로 다 넣어 한시간을 더 끓여 다렸지요 은은하게 올라오는 파향이좋았어요. 짭조름하면서 깊은 감칠맛... ",,naver_blog,사과,canonical,1.0,2026-05-26T11:50:14.768518+00:00,0,0,0,0,미진의 산책길,"간장에 각종 양념 빨간고추, 다시마, <b>사과</b>, 표고말린것, 냉장고에 남은 귤, 통후추에 소주 코인육수등 있는데로 다 넣어 한시간을 더 끓여 다렸지요 은은하게 올라오는 파향이좋았어요. 짭조름하면서 깊은 감칠맛... ","{""title"": ""우리집 옥상 텃밭에서 키운 대파로 대파청,맛간장만들기 도전"", ""link"": ""https://blog.naver.com/qkdwlsal1/224297196729"", ""description"": ""간장에 각종 양념 빨간고추, 다시마, <b>사과</b>, 표고말린것, 냉장고에 남은 귤, 통후추에 소주 코인육수등 있는데로 다 넣어 한시간을 더 끓여 다렸지요 은은하게 올라오는 파향이좋았어요. 짭조름하면서 깊은 감칠맛... "", ""bloggername"": ""미진의 산책길"", ""bloggerlink"": ""blog.naver.com/qkdwlsal1"", ""postdate"": ""20260526""}",미진의 산책길,blog.naver.com/qkdwlsal1
사과,single_term_fallback,사과,동성간성희롱 직장과 일상에서 법적 대응이 필요한 경우,https://blog.naver.com/bgswitch/224297196824,20260526,"<b>사과</b>인지 해명인지 모호한 문장은 분쟁을 키우기 쉽죠. 넷째, 인터넷 글만 보고 내 사건에 그대로 적용하는 겁니다. 비슷해 보여도 사실관계가 다르면 결과도 달라집니다. 다섯째, 답변서 제출 기한이나 조사... ",,naver_blog,사과,canonical,1.0,2026-05-26T11:50:14.768518+00:00,0,0,0,0,"전문가들의 집합, 법무법인 트라이원스","<b>사과</b>인지 해명인지 모호한 문장은 분쟁을 키우기 쉽죠. 넷째, 인터넷 글만 보고 내 사건에 그대로 적용하는 겁니다. 비슷해 보여도 사실관계가 다르면 결과도 달라집니다. 다섯째, 답변서 제출 기한이나 조사... ","{""title"": ""동성간성희롱 직장과 일상에서 법적 대응이 필요한 경우"", ""link"": ""https://blog.naver.com/bgswitch/224297196824"", ""description"": ""<b>사과</b>인지 해명인지 모호한 문장은 분쟁을 키우기 쉽죠. 넷째, 인터넷 글만 보고 내 사건에 그대로 적용하는 겁니다. 비슷해 보여도 사실관계가 다르면 결과도 달라집니다. 다섯째, 답변서 제출 기한이나 조사... "", ""bloggername"": ""전문가들의 집합, 법무법인 트라이원스"", ""bloggerlink"": ""blog.naver.com/bgswitch"", ""postdate"": ""20260526""}","전문가들의 집합, 법무법인 트라이원스",blog.naver.com/bgswitch
사과,single_term_fallback,사과,찐 맛있고 가성비좋은 청라파스타 맛집 파스타1번지,https://blog.naver.com/dotorimom7/224297197186,20260526,"음료는 자몽<b>사과</b>주스를 주문했어요. 위는 자몽, 아래는 <b>사과</b>맛이라 두 가지 맛을 즐길 수 있어요. 컵이 큼직해서 둘이 나눠마셔도 양이 충분합니다. 오늘의 주인공! 파스타1번지의 크림파스타! 다양한 파스타... ",,naver_blog,사과,canonical,1.0,2026-05-26T11:50:14.768518+00:00,0,0,0,0,먹고 놀고 쓰고,"음료는 자몽<b>사과</b>주스를 주문했어요. 위는 자몽, 아래는 <b>사과</b>맛이라 두 가지 맛을 즐길 수 있어요. 컵이 큼직해서 둘이 나눠마셔도 양이 충분합니다. 오늘의 주인공! 파스타1번지의 크림파스타! 다양한 파스타... ","{""title"": ""찐 맛있고 가성비좋은 청라파스타 맛집 파스타1번지"", ""link"": ""https://blog.naver.com/dotorimom7/224297197186"", ""description"": ""음료는 자몽<b>사과</b>주스를 주문했어요. 위는 자몽, 아래는 <b>사과</b>맛이라 두 가지 맛을 즐길 수 있어요. 컵이 큼직해서 둘이 나눠마셔도 양이 충분합니다. 오늘의 주인공! 파스타1번지의 크림파스타! 다양한 파스타... "", ""bloggername"": ""먹고 놀고 쓰고"", ""bloggerlink"": ""blog.naver.com/dotorimom7"", ""postdate"": ""20260526""}",먹고 놀고 쓰고,blog.naver.com/dotorimom7
사과,single_term_fallback,사과,대구 당일치기 다녀오기 중앙로빵집 중앙로소품샵 털어보기... ,https://blog.naver.com/hooninging/224297197049,20260526,550 <b>사과</b>빵이 이뻐보이길래 들어와봤어요 진짜 <b>사과</b>처럼 똥그랗게 이쁘게 생겼죠 안에는 꾸덕한 <b>사과</b>잼과 크림이 들어 있었어요 맛있게 냠냠 하고 아 이게 리얼 맛있었어요 명란리소금밭 에어프라이기로 180에... ,,naver_blog,사과,canonical,1.0,2026-05-26T11:50:14.768518+00:00,0,0,0,0,배고픈데 뭐 먹지,550 <b>사과</b>빵이 이뻐보이길래 들어와봤어요 진짜 <b>사과</b>처럼 똥그랗게 이쁘게 생겼죠 안에는 꾸덕한 <b>사과</b>잼과 크림이 들어 있었어요 맛있게 냠냠 하고 아 이게 리얼 맛있었어요 명란리소금밭 에어프라이기로 180에... ,"{""title"": ""대구 당일치기 다녀오기 중앙로빵집 중앙로소품샵 털어보기... "", ""link"": ""https://blog.naver.com/hooninging/224297197049"", ""description"": ""550 <b>사과</b>빵이 이뻐보이길래 들어와봤어요 진짜 <b>사과</b>처럼 똥그랗게 이쁘게 생겼죠 안에는 꾸덕한 <b>사과</b>잼과 크림이 들어 있었어요 맛있게 냠냠 하고 아 이게 리얼 맛있었어요 명란리소금밭 에어프라이기로 180에... "", ""bloggername"": ""배고픈데 뭐 먹지"", ""bloggerlink"": ""blog.naver.com/hooninging"", ""postdate"": ""20260526""}",배고픈데 뭐 먹지,blog.naver.com/hooninging
사과,single_term_fallback,사과,5월 결국 건낸 인사,https://blog.naver.com/sduni_/224297197395,20260526,"그 후에 고맙다면서 뭘 보내주고 미안하다고 진심을 담아 <b>사과</b>했긴 하지만, 사후 약방문이다. 가끔 생각날 때마다 왜 그랬는지 이해가 안 간다. 다 사정이 있겠지만. 또 하나. 본인은 내 소개팅 별로 열심히... ",,naver_blog,사과,canonical,1.0,2026-05-26T11:50:14.768518+00:00,0,0,0,0,But I'm climbing daily,"그 후에 고맙다면서 뭘 보내주고 미안하다고 진심을 담아 <b>사과</b>했긴 하지만, 사후 약방문이다. 가끔 생각날 때마다 왜 그랬는지 이해가 안 간다. 다 사정이 있겠지만. 또 하나. 본인은 내 소개팅 별로 열심히... ","{""title"": ""5월 결국 건낸 인사"", ""link"": ""https://blog.naver.com/sduni_/224297197395"", ""description"": ""그 후에 고맙다면서 뭘 보내주고 미안하다고 진심을 담아 <b>사과</b>했긴 하지만, 사후 약방문이다. 가끔 생각날 때마다 왜 그랬는지 이해가 안 간다. 다 사정이 있겠지만. 또 하나. 본인은 내 소개팅 별로 열심히... "", ""bloggername"": ""But I'm climbing daily"", ""bloggerlink"": ""blog.naver.com/sduni_"", ""postdate"": ""20260526""}",But I'm climbing daily,blog.naver.com/sduni_
사과,single_term_fallback,사과,"〈모두가 자신의 무가치함과 싸우고 있다〉 남긴 화두, <b>사과</b>",https://blog.naver.com/ful7/224297197123,20260526,"허물어짐으로써 세워지는 품격 &quot;최근 현실에서 목도한 두 <b>사과</b>문, 그리고 우리에게 필요한... 이미지 출처 : JTBC 최근 나의 화두는 '<b>사과</b>(Apology)'다. <b>사과</b>란 나의 잘못으로 타인에게 해를 끼쳤음을 정직하게... ",,naver_blog,사과,canonical,1.0,2026-05-26T11:50:14.768518+00:00,0,0,0,0,커피를 좋아하는 인권강사 홈카페,"허물어짐으로써 세워지는 품격 &quot;최근 현실에서 목도한 두 <b>사과</b>문, 그리고 우리에게 필요한... 이미지 출처 : JTBC 최근 나의 화두는 '<b>사과</b>(Apology)'다. <b>사과</b>란 나의 잘못으로 타인에게 해를 끼쳤음을 정직하게... ","{""title"": ""〈모두가 자신의 무가치함과 싸우고 있다〉 남긴 화두, <b>사과</b>"", ""link"": ""https://blog.naver.com/ful7/224297197123"", ""description"": ""허물어짐으로써 세워지는 품격 &quot;최근 현실에서 목도한 두 <b>사과</b>문, 그리고 우리에게 필요한... 이미지 출처 : JTBC 최근 나의 화두는 '<b>사과</b>(Apology)'다. <b>사과</b>란 나의 잘못으로 타인에게 해를 끼쳤음을 정직하게... "", ""bloggername"": ""커피를 좋아하는 인권강사 홈카페"", ""bloggerlink"": ""blog.naver.com/ful7"", ""postdate"": ""20260526""}",커피를 좋아하는 인권강사 홈카페,blog.naver.com/ful7
사과,single_term_fallback,사과,[신월성동 술집] 전국 막걸리를 한자리에서? 기남 윤주 막걸리... ,https://blog.naver.com/qwe6663/224297196648,20260526,"막걸리부터 <b>사과</b> 막걸리, 또 전통 막걸리까지 다양하게 준비되어 있으니 막걸리 좋아하는 분들은 한번 방문해 보세요! 재방문 의사 : 있음 추천 메뉴 : 우베 막걸리, 오미자 막걸리, 두부김치, 육전 추천 대상... ",,naver_blog,사과,canonical,1.0,2026-05-26T11:50:14.768518+00:00,0,0,0,0,모어댄 : MORE THAN,"막걸리부터 <b>사과</b> 막걸리, 또 전통 막걸리까지 다양하게 준비되어 있으니 막걸리 좋아하는 분들은 한번 방문해 보세요! 재방문 의사 : 있음 추천 메뉴 : 우베 막걸리, 오미자 막걸리, 두부김치, 육전 추천 대상... ","{""title"": ""[신월성동 술집] 전국 막걸리를 한자리에서? 기남 윤주 막걸리... "", ""link"": ""https://blog.naver.com/qwe6663/224297196648"", ""description"": ""막걸리부터 <b>사과</b> 막걸리, 또 전통 막걸리까지 다양하게 준비되어 있으니 막걸리 좋아하는 분들은 한번 방문해 보세요! 재방문 의사 : 있음 추천 메뉴 : 우베 막걸리, 오미자 막걸리, 두부김치, 육전 추천 대상... "", ""bloggername"": ""모어댄 : MORE THAN"", ""bloggerlink"": ""blog.naver.com/qwe6663"", ""postdate"": ""20260526""}",모어댄 : MORE THAN,blog.naver.com/qwe6663
사과,single_term_fallback,사과,"히든아이, 피해자 사진에 스키즈 현진 어린시절 사진 삽입 논란",https://blog.naver.com/bommme2/224297196569,20260526,"팬들은 제작진 측에 정정과 <b>사과</b>를 요구했다. 이에 제작진은 팬들에게 “피해자가 사용하던 기기에... 제작진은 현진과 팬들, 시청자들에게 <b>사과</b>하며 “자료 검수 절차를 더욱 철저히 해 재발 방지에... ",,naver_blog,사과,canonical,1.0,2026-05-26T11:50:14.768518+00:00,0,0,0,0,ෆ ◡̈ ෆ,"팬들은 제작진 측에 정정과 <b>사과</b>를 요구했다. 이에 제작진은 팬들에게 “피해자가 사용하던 기기에... 제작진은 현진과 팬들, 시청자들에게 <b>사과</b>하며 “자료 검수 절차를 더욱 철저히 해 재발 방지에... ","{""title"": ""히든아이, 피해자 사진에 스키즈 현진 어린시절 사진 삽입 논란"", ""link"": ""https://blog.naver.com/bommme2/224297196569"", ""description"": ""팬들은 제작진 측에 정정과 <b>사과</b>를 요구했다. 이에 제작진은 팬들에게 “피해자가 사용하던 기기에... 제작진은 현진과 팬들, 시청자들에게 <b>사과</b>하며 “자료 검수 절차를 더욱 철저히 해 재발 방지에... "", ""bloggername"": ""ෆ ◡̈ ෆ"", ""bloggerlink"": ""blog.naver.com/bommme2"", ""postdate"": ""20260526""}",ෆ ◡̈ ෆ,blog.naver.com/bommme2
사과,single_term_fallback,사과,학원성추행 학생 보호와 형사절차를 함께 준비해야 합니다,https://blog.naver.com/revvjsdgkd96735/224297196058,20260526,"학원성추행이라고 연락이 왔는데, 바로 <b>사과</b>해야 하나요? A. 사실관계가 정리되지 않은 상태에서 섣불리 <b>사과</b>하면 인정 취지로 읽힐 수 있습니다. 먼저 어떤 행위가 문제 되는지, 어떤 증거가 있는지부터... ",,naver_blog,사과,canonical,1.0,2026-05-26T11:50:14.768518+00:00,0,0,0,0,가을풍향계,"학원성추행이라고 연락이 왔는데, 바로 <b>사과</b>해야 하나요? A. 사실관계가 정리되지 않은 상태에서 섣불리 <b>사과</b>하면 인정 취지로 읽힐 수 있습니다. 먼저 어떤 행위가 문제 되는지, 어떤 증거가 있는지부터... ","{""title"": ""학원성추행 학생 보호와 형사절차를 함께 준비해야 합니다"", ""link"": ""https://blog.naver.com/revvjsdgkd96735/224297196058"", ""description"": ""학원성추행이라고 연락이 왔는데, 바로 <b>사과</b>해야 하나요? A. 사실관계가 정리되지 않은 상태에서 섣불리 <b>사과</b>하면 인정 취지로 읽힐 수 있습니다. 먼저 어떤 행위가 문제 되는지, 어떤 증거가 있는지부터... "", ""bloggername"": ""가을풍향계"", ""bloggerlink"": ""blog.naver.com/revvjsdgkd96735"", ""postdate"": ""20260526""}",가을풍향계,blog.naver.com/revvjsdgkd96735
사과,single_term_fallback,사과,스타벅스 커피 한 잔이 정치가 되는 나라,https://blog.naver.com/ojms/224297196022,20260526,상처받은 사람이 있다면 <b>사과</b>도 해야 합니다. 역사적 아픔을 가볍게 다루는 표현은 분명 조심해야... 오늘 정용진 신세계그룹 회장은 서울 강남구 조선팰리스에서 기자회견을 열고 대국민 <b>사과</b>를 했습니다. 그는... ,,naver_blog,사과,canonical,1.0,2026-05-26T11:50:14.768518+00:00,0,0,0,0,청운농업인의 주말농장,상처받은 사람이 있다면 <b>사과</b>도 해야 합니다. 역사적 아픔을 가볍게 다루는 표현은 분명 조심해야... 오늘 정용진 신세계그룹 회장은 서울 강남구 조선팰리스에서 기자회견을 열고 대국민 <b>사과</b>를 했습니다. 그는... ,"{""title"": ""스타벅스 커피 한 잔이 정치가 되는 나라"", ""link"": ""https://blog.naver.com/ojms/224297196022"", ""description"": ""상처받은 사람이 있다면 <b>사과</b>도 해야 합니다. 역사적 아픔을 가볍게 다루는 표현은 분명 조심해야... 오늘 정용진 신세계그룹 회장은 서울 강남구 조선팰리스에서 기자회견을 열고 대국민 <b>사과</b>를 했습니다. 그는... "", ""bloggername"": ""청운농업인의 주말농장"", ""bloggerlink"": ""blog.naver.com/ojms"", ""postdate"": ""20260526""}",청운농업인의 주말농장,blog.naver.com/ojms
사과,single_term_fallback,사과,데니그라스 애사비 후기 다이어터가 꾸준히 먹는 유기농 <b>사과</b>식초,https://blog.naver.com/kinchakkong/224297195814,20260526,"데니그라스 유기농 <b>사과</b>식초 데니그라스 유기농 <b>사과</b>식초 애사비 내돈내산 후기 글, 사진 @지수마미 요즘 건강관리나 다이어트 좀 하신다 하는 분들 사이에서 애사비 많이드시죠. 저도 혈당을 신경쓰는... ",,naver_blog,사과,canonical,1.0,2026-05-26T11:50:14.768518+00:00,0,0,0,0,: ),"데니그라스 유기농 <b>사과</b>식초 데니그라스 유기농 <b>사과</b>식초 애사비 내돈내산 후기 글, 사진 @지수마미 요즘 건강관리나 다이어트 좀 하신다 하는 분들 사이에서 애사비 많이드시죠. 저도 혈당을 신경쓰는... ","{""title"": ""데니그라스 애사비 후기 다이어터가 꾸준히 먹는 유기농 <b>사과</b>식초"", ""link"": ""https://blog.naver.com/kinchakkong/224297195814"", ""description"": ""데니그라스 유기농 <b>사과</b>식초 데니그라스 유기농 <b>사과</b>식초 애사비 내돈내산 후기 글, 사진 @지수마미 요즘 건강관리나 다이어트 좀 하신다 하는 분들 사이에서 애사비 많이드시죠. 저도 혈당을 신경쓰는... "", ""bloggername"": "": )"", ""bloggerlink"": ""blog.naver.com/kinchakkong"", ""postdate"": ""20260526""}",: ),blog.naver.com/kinchakkong
사과,single_term_fallback,사과,설탕 제로 애사비소다 콜라 짜릿함과 상큼함으로 입안 가득... ,https://blog.naver.com/ahingjin/224297196358,20260526,"마치 잘 익은 <b>사과</b>를 베어 문 듯한 신선함과, 톡톡 터지는 기포의 즐거움을 동시에 느낄 수 있습니다. 음료를 마시는 순간, 답답했던 속이 뻥 뚫리는 듯한 개운함을 경험하실 수 있을 것입니다. 설탕 제로, 맛은... ",,naver_blog,사과,canonical,1.0,2026-05-26T11:50:14.768518+00:00,0,0,0,0,아힝설이!?,"마치 잘 익은 <b>사과</b>를 베어 문 듯한 신선함과, 톡톡 터지는 기포의 즐거움을 동시에 느낄 수 있습니다. 음료를 마시는 순간, 답답했던 속이 뻥 뚫리는 듯한 개운함을 경험하실 수 있을 것입니다. 설탕 제로, 맛은... ","{""title"": ""설탕 제로 애사비소다 콜라 짜릿함과 상큼함으로 입안 가득... "", ""link"": ""https://blog.naver.com/ahingjin/224297196358"", ""description"": ""마치 잘 익은 <b>사과</b>를 베어 문 듯한 신선함과, 톡톡 터지는 기포의 즐거움을 동시에 느낄 수 있습니다. 음료를 마시는 순간, 답답했던 속이 뻥 뚫리는 듯한 개운함을 경험하실 수 있을 것입니다. 설탕 제로, 맛은... "", ""bloggername"": ""아힝설이!?"", ""bloggerlink"": ""blog.naver.com/ahingjin"", ""postdate"": ""20260526""}",아힝설이!?,blog.naver.com/ahingjin
사과,single_term_fallback,사과,628축 갑인 / 629축 을묘 / 613미 기해에게,https://blog.naver.com/kcb8518/224297196174,20260526,<b>사과</b>드립니다.,,naver_blog,사과,canonical,1.0,2026-05-26T11:50:14.768518+00:00,0,0,0,0,태선생,<b>사과</b>드립니다.,"{""title"": ""628축 갑인 / 629축 을묘 / 613미 기해에게"", ""link"": ""https://blog.naver.com/kcb8518/224297196174"", ""description"": ""<b>사과</b>드립니다."", ""bloggername"": ""태선생"", ""bloggerlink"": ""blog.naver.com/kcb8518"", ""postdate"": ""20260526""}",태선생,blog.naver.com/kcb8518
사과,single_term_fallback,사과,happy in your smile,https://blog.naver.com/rhdmsdkdld/224297196340,20260526,좁디좁은 주방에서 샌디치를 구워보아요 킥은 그릭요거트+무가당 땅버 섞섞 잠봉에 <b>사과</b>에 에멘탈 치즈면 맛없없인데 내가 했지만 진짜 맛있었어.. 자알 먹었다! 이 날 광교갔는데 왜 사진이 이것 뿐? 여튼... ,,naver_blog,사과,canonical,1.0,2026-05-26T11:50:14.768518+00:00,0,0,0,0,♫•*¨*•.¸¸♪✧,좁디좁은 주방에서 샌디치를 구워보아요 킥은 그릭요거트+무가당 땅버 섞섞 잠봉에 <b>사과</b>에 에멘탈 치즈면 맛없없인데 내가 했지만 진짜 맛있었어.. 자알 먹었다! 이 날 광교갔는데 왜 사진이 이것 뿐? 여튼... ,"{""title"": ""happy in your smile"", ""link"": ""https://blog.naver.com/rhdmsdkdld/224297196340"", ""description"": ""좁디좁은 주방에서 샌디치를 구워보아요 킥은 그릭요거트+무가당 땅버 섞섞 잠봉에 <b>사과</b>에 에멘탈 치즈면 맛없없인데 내가 했지만 진짜 맛있었어.. 자알 먹었다! 이 날 광교갔는데 왜 사진이 이것 뿐? 여튼... "", ""bloggername"": ""♫•*¨*•.¸¸♪✧"", ""bloggerlink"": ""blog.naver.com/rhdmsdkdld"", ""postdate"": ""20260526""}",♫•*¨*•.¸¸♪✧,blog.naver.com/rhdmsdkdld
사과,single_term_fallback,사과,다이어트 34일차) 몸이 안 좋아서 쉬어요,https://blog.naver.com/sobissul/224297195758,20260526,"역시나 컨디션이 별로네요 이럴 때 활동을 많이하면 오히려 더 아프더라고요 그래서 쉬어주었어요 아침(계란2개, <b>사과</b>, 참외, 블루베리, 그릭요거트+꿀) 아침 먹을때 까지만해도 괜찮았는데... 그 뒤부터 통증이... ",,naver_blog,사과,canonical,1.0,2026-05-26T11:50:14.768518+00:00,0,0,0,0,소비여신의 주관적인 소비이야기,"역시나 컨디션이 별로네요 이럴 때 활동을 많이하면 오히려 더 아프더라고요 그래서 쉬어주었어요 아침(계란2개, <b>사과</b>, 참외, 블루베리, 그릭요거트+꿀) 아침 먹을때 까지만해도 괜찮았는데... 그 뒤부터 통증이... ","{""title"": ""다이어트 34일차) 몸이 안 좋아서 쉬어요"", ""link"": ""https://blog.naver.com/sobissul/224297195758"", ""description"": ""역시나 컨디션이 별로네요 이럴 때 활동을 많이하면 오히려 더 아프더라고요 그래서 쉬어주었어요 아침(계란2개, <b>사과</b>, 참외, 블루베리, 그릭요거트+꿀) 아침 먹을때 까지만해도 괜찮았는데... 그 뒤부터 통증이... "", ""bloggername"": ""소비여신의 주관적인 소비이야기"", ""bloggerlink"": ""blog.naver.com/sobissul"", ""postdate"": ""20260526""}",소비여신의 주관적인 소비이야기,blog.naver.com/sobissul
사과,single_term_fallback,사과,성희롱고발 증거와 진술을 먼저 정리해야 합니다,https://blog.naver.com/uoxenu1qfsx/224297195629,20260526,"<b>사과</b>처럼 보이는 표현이 오해를 키우기도 하고, 대화 내용이 그대로 증거가 될 수 있어요. Q. 기억이 흐릿한데 어떻게 대응하죠? A. 기억이 흐릿할수록 더 빨리 정리해야 합니다. 일정표, 이동기록, 문자... ",,naver_blog,사과,canonical,1.0,2026-05-26T11:50:14.768518+00:00,0,0,0,0,"법률전문가들의 모임, 트라이원스","<b>사과</b>처럼 보이는 표현이 오해를 키우기도 하고, 대화 내용이 그대로 증거가 될 수 있어요. Q. 기억이 흐릿한데 어떻게 대응하죠? A. 기억이 흐릿할수록 더 빨리 정리해야 합니다. 일정표, 이동기록, 문자... ","{""title"": ""성희롱고발 증거와 진술을 먼저 정리해야 합니다"", ""link"": ""https://blog.naver.com/uoxenu1qfsx/224297195629"", ""description"": ""<b>사과</b>처럼 보이는 표현이 오해를 키우기도 하고, 대화 내용이 그대로 증거가 될 수 있어요. Q. 기억이 흐릿한데 어떻게 대응하죠? A. 기억이 흐릿할수록 더 빨리 정리해야 합니다. 일정표, 이동기록, 문자... "", ""bloggername"": ""법률전문가들의 모임, 트라이원스"", ""bloggerlink"": ""blog.naver.com/uoxenu1qfsx"", ""postdate"": ""20260526""}","법률전문가들의 모임, 트라이원스",blog.naver.com/uoxenu1qfsx
사과,single_term_fallback,사과,끊이지 않는 MBC 방송 사고…&quot;살인사건 피해자 사진에 스키즈... ,https://blog.naver.com/sophistme/224297195570,20260526,"제작진은 현진과 팬, 시청자들에게 거듭 <b>사과</b>하며, “앞으로는 자료 확인 및 검수 절차를 더욱 철저히 해 이와 같은 일이 재발하지 않도록 각별히 주의하겠다”고 다짐했습니다. 스트레이키즈 멤버 현진. 사진... ",,naver_blog,사과,canonical,1.0,2026-05-26T11:50:14.768518+00:00,0,0,0,0,궤변(詭辯),"제작진은 현진과 팬, 시청자들에게 거듭 <b>사과</b>하며, “앞으로는 자료 확인 및 검수 절차를 더욱 철저히 해 이와 같은 일이 재발하지 않도록 각별히 주의하겠다”고 다짐했습니다. 스트레이키즈 멤버 현진. 사진... ","{""title"": ""끊이지 않는 MBC 방송 사고…&quot;살인사건 피해자 사진에 스키즈... "", ""link"": ""https://blog.naver.com/sophistme/224297195570"", ""description"": ""제작진은 현진과 팬, 시청자들에게 거듭 <b>사과</b>하며, “앞으로는 자료 확인 및 검수 절차를 더욱 철저히 해 이와 같은 일이 재발하지 않도록 각별히 주의하겠다”고 다짐했습니다. 스트레이키즈 멤버 현진. 사진... "", ""bloggername"": ""궤변(詭辯)"", ""bloggerlink"": ""blog.naver.com/sophistme"", ""postdate"": ""20260526""}",궤변(詭辯),blog.naver.com/sophistme
사과,single_term_fallback,사과,추천 메뉴 공개합니다!,https://blog.naver.com/sushi_tomo/224297195368,20260526,"지금까지 사장님 추천메뉴에요~ 맛없으면 여기 댓글달아주시면 ,,, 정중히 <b>사과</b> 드리겠습니다! 사실 다 너무 자신있게 추천드려요! 저만 믿고 ㄱㄱㄱ 하세요! 스시토모를 사랑해주시고, 좋은 리뷰도 남겨주시고... ",,naver_blog,사과,canonical,1.0,2026-05-26T11:50:14.768518+00:00,0,0,0,0,스시토모,"지금까지 사장님 추천메뉴에요~ 맛없으면 여기 댓글달아주시면 ,,, 정중히 <b>사과</b> 드리겠습니다! 사실 다 너무 자신있게 추천드려요! 저만 믿고 ㄱㄱㄱ 하세요! 스시토모를 사랑해주시고, 좋은 리뷰도 남겨주시고... ","{""title"": ""추천 메뉴 공개합니다!"", ""link"": ""https://blog.naver.com/sushi_tomo/224297195368"", ""description"": ""지금까지 사장님 추천메뉴에요~ 맛없으면 여기 댓글달아주시면 ,,, 정중히 <b>사과</b> 드리겠습니다! 사실 다 너무 자신있게 추천드려요! 저만 믿고 ㄱㄱㄱ 하세요! 스시토모를 사랑해주시고, 좋은 리뷰도 남겨주시고... "", ""bloggername"": ""스시토모"", ""bloggerlink"": ""blog.naver.com/sushi_tomo"", ""postdate"": ""20260526""}",스시토모,blog.naver.com/sushi_tomo
사과,single_term_fallback,사과,아오이유우키 팬들이 사랑하는 이유 정리,https://blog.naver.com/ghiib/224297194326,20260526,"그녀의 유명한 다이어트 방법은 3일 <b>사과</b> 다이어트 후 백색 음식과 튀긴 음식을 피하는 것입니다. 대신 현미, 고구마, 삶은 야채를 2주간 섭취하며 체중을 조절했다고 합니다. 아름다움을 유지하기 위한 그녀의... ",,naver_blog,사과,canonical,1.0,2026-05-26T11:50:14.768518+00:00,0,0,0,0,ghiib님의 블로그,"그녀의 유명한 다이어트 방법은 3일 <b>사과</b> 다이어트 후 백색 음식과 튀긴 음식을 피하는 것입니다. 대신 현미, 고구마, 삶은 야채를 2주간 섭취하며 체중을 조절했다고 합니다. 아름다움을 유지하기 위한 그녀의... ","{""title"": ""아오이유우키 팬들이 사랑하는 이유 정리"", ""link"": ""https://blog.naver.com/ghiib/224297194326"", ""description"": ""그녀의 유명한 다이어트 방법은 3일 <b>사과</b> 다이어트 후 백색 음식과 튀긴 음식을 피하는 것입니다. 대신 현미, 고구마, 삶은 야채를 2주간 섭취하며 체중을 조절했다고 합니다. 아름다움을 유지하기 위한 그녀의... "", ""bloggername"": ""ghiib님의 블로그"", ""bloggerlink"": ""blog.naver.com/ghiib"", ""postdate"": ""20260526""}",ghiib님의 블로그,blog.naver.com/ghiib
사과,single_term_fallback,사과,대구 아기랑 이월드 83타워 글로우사파리,https://blog.naver.com/ajvve0011/224297194342,20260526,<b>사과</b> 그리기 체험존도 있었어요. 내 마음대로 꾸민 <b>사과</b>가 큰 그래픽 벽면에 나타났었답니다. 다음 컨셉의 방은 새하얀 얼음 판다존이였어요. 여기는 볼풀장이 크게 준비되어 있었어요. 생각보다 볼풀존이... ,,naver_blog,사과,canonical,1.0,2026-05-26T11:50:14.768518+00:00,0,0,0,0,밀키의 소소한 일상이야기,<b>사과</b> 그리기 체험존도 있었어요. 내 마음대로 꾸민 <b>사과</b>가 큰 그래픽 벽면에 나타났었답니다. 다음 컨셉의 방은 새하얀 얼음 판다존이였어요. 여기는 볼풀장이 크게 준비되어 있었어요. 생각보다 볼풀존이... ,"{""title"": ""대구 아기랑 이월드 83타워 글로우사파리"", ""link"": ""https://blog.naver.com/ajvve0011/224297194342"", ""description"": ""<b>사과</b> 그리기 체험존도 있었어요. 내 마음대로 꾸민 <b>사과</b>가 큰 그래픽 벽면에 나타났었답니다. 다음 컨셉의 방은 새하얀 얼음 판다존이였어요. 여기는 볼풀장이 크게 준비되어 있었어요. 생각보다 볼풀존이... "", ""bloggername"": ""밀키의 소소한 일상이야기"", ""bloggerlink"": ""blog.naver.com/ajvve0011"", ""postdate"": ""20260526""}",밀키의 소소한 일상이야기,blog.naver.com/ajvve0011
사과,single_term_fallback,사과,"15) 저도 예전엔 몰랐어요, 늙는 속도 늦추는 법",https://blog.naver.com/vegan_bella/224297194308,20260526,"요즘 저는 주로 무가당 두유에 <b>사과</b>, 양배추, 당근 등을 넣어 스무디를 만들어 먹습니다. 이렇게 아침을 먹으면 속이 부담스럽지 않고 머리도 훨씬 맑아지는 느낌이 듭니다. 예전에는 아침부터 피곤했는데... ",,naver_blog,사과,canonical,1.0,2026-05-26T11:50:14.768518+00:00,0,0,0,0,어제보다 예뻐지는 바디클럽,"요즘 저는 주로 무가당 두유에 <b>사과</b>, 양배추, 당근 등을 넣어 스무디를 만들어 먹습니다. 이렇게 아침을 먹으면 속이 부담스럽지 않고 머리도 훨씬 맑아지는 느낌이 듭니다. 예전에는 아침부터 피곤했는데... ","{""title"": ""15) 저도 예전엔 몰랐어요, 늙는 속도 늦추는 법"", ""link"": ""https://blog.naver.com/vegan_bella/224297194308"", ""description"": ""요즘 저는 주로 무가당 두유에 <b>사과</b>, 양배추, 당근 등을 넣어 스무디를 만들어 먹습니다. 이렇게 아침을 먹으면 속이 부담스럽지 않고 머리도 훨씬 맑아지는 느낌이 듭니다. 예전에는 아침부터 피곤했는데... "", ""bloggername"": ""어제보다 예뻐지는 바디클럽"", ""bloggerlink"": ""blog.naver.com/vegan_bella"", ""postdate"": ""20260526""}",어제보다 예뻐지는 바디클럽,blog.naver.com/vegan_bella
사과,single_term_fallback,사과,나는솔로 23기 논란·핫이슈 총정리｜정숙 통편집부터 현커... ,https://blog.naver.com/severance1997/224297194246,20260526,"23기 핵심 이슈 정리표 구분 내용 기수 콘셉트 막차특집 최대 논란 정숙 과거 이력 의혹 및 통편집 제작진 조치 정숙 분량 삭제, 재방 편성 제외, <b>사과</b> 방송 흐름 정숙 통편집 이후 일부 감정선 어색하다는 반응... ",,naver_blog,사과,canonical,1.0,2026-05-26T11:50:14.768518+00:00,0,0,0,0,severance1997님의 블로그,"23기 핵심 이슈 정리표 구분 내용 기수 콘셉트 막차특집 최대 논란 정숙 과거 이력 의혹 및 통편집 제작진 조치 정숙 분량 삭제, 재방 편성 제외, <b>사과</b> 방송 흐름 정숙 통편집 이후 일부 감정선 어색하다는 반응... ","{""title"": ""나는솔로 23기 논란·핫이슈 총정리｜정숙 통편집부터 현커... "", ""link"": ""https://blog.naver.com/severance1997/224297194246"", ""description"": ""23기 핵심 이슈 정리표 구분 내용 기수 콘셉트 막차특집 최대 논란 정숙 과거 이력 의혹 및 통편집 제작진 조치 정숙 분량 삭제, 재방 편성 제외, <b>사과</b> 방송 흐름 정숙 통편집 이후 일부 감정선 어색하다는 반응... "", ""bloggername"": ""severance1997님의 블로그"", ""bloggerlink"": ""blog.naver.com/severance1997"", ""postdate"": ""20260526""}",severance1997님의 블로그,blog.naver.com/severance1997
사과,single_term_fallback,사과,"정용진 대국민 <b>사과</b>, 스타벅스 탱크데이 논란이 남긴 쟁점",https://blog.naver.com/japkey/224297194710,20260526,"대국민 <b>사과</b>를 했습니다. 보도에 따르면 정 회장은 5·18 민주화운동 유가족, 박종철 열사 유가족, 광주... <b>사과</b>가 단순한 고객 불만 대응이 아니라 사회적 책임의 문제로 커진 이유입니다. 5·18과 박종철 열사... ",,naver_blog,사과,canonical,1.0,2026-05-26T11:50:14.768518+00:00,0,0,0,0,japkey님의 블로그,"대국민 <b>사과</b>를 했습니다. 보도에 따르면 정 회장은 5·18 민주화운동 유가족, 박종철 열사 유가족, 광주... <b>사과</b>가 단순한 고객 불만 대응이 아니라 사회적 책임의 문제로 커진 이유입니다. 5·18과 박종철 열사... ","{""title"": ""정용진 대국민 <b>사과</b>, 스타벅스 탱크데이 논란이 남긴 쟁점"", ""link"": ""https://blog.naver.com/japkey/224297194710"", ""description"": ""대국민 <b>사과</b>를 했습니다. 보도에 따르면 정 회장은 5·18 민주화운동 유가족, 박종철 열사 유가족, 광주... <b>사과</b>가 단순한 고객 불만 대응이 아니라 사회적 책임의 문제로 커진 이유입니다. 5·18과 박종철 열사... "", ""bloggername"": ""japkey님의 블로그"", ""bloggerlink"": ""blog.naver.com/japkey"", ""postdate"": ""20260526""}",japkey님의 블로그,blog.naver.com/japkey
사과,single_term_fallback,사과,나는솔로 31기 순자 저격글 논란 이게 해명인지 자폭인지,https://blog.naver.com/leeyj0121-/224297194769,20260526,"옥순, 영숙, 정희의 장면이 시청자들에게 불편하게 남았고, 정희는 이후 <b>사과</b> 입장을 냈습니다. 그런 상황에서 작성자 미상의 글이 다시 등장하니, 시청자들이 자연스럽게 세 사람의 라방 참석 여부까지... ",,naver_blog,사과,canonical,1.0,2026-05-26T11:50:14.768518+00:00,0,0,0,0,루남매의 덕질로그,"옥순, 영숙, 정희의 장면이 시청자들에게 불편하게 남았고, 정희는 이후 <b>사과</b> 입장을 냈습니다. 그런 상황에서 작성자 미상의 글이 다시 등장하니, 시청자들이 자연스럽게 세 사람의 라방 참석 여부까지... ","{""title"": ""나는솔로 31기 순자 저격글 논란 이게 해명인지 자폭인지"", ""link"": ""https://blog.naver.com/leeyj0121-/224297194769"", ""description"": ""옥순, 영숙, 정희의 장면이 시청자들에게 불편하게 남았고, 정희는 이후 <b>사과</b> 입장을 냈습니다. 그런 상황에서 작성자 미상의 글이 다시 등장하니, 시청자들이 자연스럽게 세 사람의 라방 참석 여부까지... "", ""bloggername"": ""루남매의 덕질로그"", ""bloggerlink"": ""blog.naver.com/leeyj0121-"", ""postdate"": ""20260526""}",루남매의 덕질로그,blog.naver.com/leeyj0121-
사과,single_term_fallback,사과,간헐적 단식 90일 기록  몸을 위한 건강한  습관,https://blog.naver.com/cws00417/224297194332,20260526,공복 따뜻한 소금물 한잔 아침 검은콩두유 생식 1포 유산균 <b>사과</b> 1개 토마토 반개 삶은계란 1개 오전 블랙커피 1잔 점심 현미 잡곡밥 소고기 미역국 김치 오이김치 호박볶음 짠지무 무침 플레인 요거트 1잔 저녁... ,,naver_blog,사과,canonical,1.0,2026-05-26T11:50:14.768518+00:00,0,0,0,0,cws00417님의블로그,공복 따뜻한 소금물 한잔 아침 검은콩두유 생식 1포 유산균 <b>사과</b> 1개 토마토 반개 삶은계란 1개 오전 블랙커피 1잔 점심 현미 잡곡밥 소고기 미역국 김치 오이김치 호박볶음 짠지무 무침 플레인 요거트 1잔 저녁... ,"{""title"": ""간헐적 단식 90일 기록  몸을 위한 건강한  습관"", ""link"": ""https://blog.naver.com/cws00417/224297194332"", ""description"": ""공복 따뜻한 소금물 한잔 아침 검은콩두유 생식 1포 유산균 <b>사과</b> 1개 토마토 반개 삶은계란 1개 오전 블랙커피 1잔 점심 현미 잡곡밥 소고기 미역국 김치 오이김치 호박볶음 짠지무 무침 플레인 요거트 1잔 저녁... "", ""bloggername"": ""cws00417님의블로그"", ""bloggerlink"": ""blog.naver.com/cws00417"", ""postdate"": ""20260526""}",cws00417님의블로그,blog.naver.com/cws00417
사과,single_term_fallback,사과,[대외활동] '제7기 과기정통부 LMO SAFETY 기자단' 합격 및... ,https://blog.naver.com/season_healther/224297193451,20260526,"근데 제가 생각했던 것과 달리 너무너무 대회의장 느낌의 공간이었어서 부담 MAX,, 심지어 앞순서라 준비해간거 다 까먹고 얼레벌레 하고 왔습니더,, <b>사과</b>주스와 도넛, 에그타르트 등 다양한 간식 꾸러미도... ",,naver_blog,사과,canonical,1.0,2026-05-26T11:50:14.768518+00:00,0,0,0,0,hmm,"근데 제가 생각했던 것과 달리 너무너무 대회의장 느낌의 공간이었어서 부담 MAX,, 심지어 앞순서라 준비해간거 다 까먹고 얼레벌레 하고 왔습니더,, <b>사과</b>주스와 도넛, 에그타르트 등 다양한 간식 꾸러미도... ","{""title"": ""[대외활동] '제7기 과기정통부 LMO SAFETY 기자단' 합격 및... "", ""link"": ""https://blog.naver.com/season_healther/224297193451"", ""description"": ""근데 제가 생각했던 것과 달리 너무너무 대회의장 느낌의 공간이었어서 부담 MAX,, 심지어 앞순서라 준비해간거 다 까먹고 얼레벌레 하고 왔습니더,, <b>사과</b>주스와 도넛, 에그타르트 등 다양한 간식 꾸러미도... "", ""bloggername"": ""hmm"", ""bloggerlink"": ""blog.naver.com/season_healther"", ""postdate"": ""20260526""}",hmm,blog.naver.com/season_healther
사과,single_term_fallback,사과,[엄마손맛 기억법#23] 열무.단배추 자박김치 담그기,https://blog.naver.com/robin3011/224297193564,20260526,"또는 <b>사과</b> 1/2개 (천연의 단맛과 시원한 맛을 냅니다) 선택: 새우젓 3큰술 (같이 갈아주면 감칠맛이 좋습니다) 밀가루풀: 물 4컵 + 밀가루 2큰술 최종 간 맞추기: 멸치액젓(또는 까나리액젓) 1컵~1컵 반, 설탕 2큰술... ",,naver_blog,사과,canonical,1.0,2026-05-26T11:50:14.768518+00:00,0,0,0,0,내손이 내딸이다,"또는 <b>사과</b> 1/2개 (천연의 단맛과 시원한 맛을 냅니다) 선택: 새우젓 3큰술 (같이 갈아주면 감칠맛이 좋습니다) 밀가루풀: 물 4컵 + 밀가루 2큰술 최종 간 맞추기: 멸치액젓(또는 까나리액젓) 1컵~1컵 반, 설탕 2큰술... ","{""title"": ""[엄마손맛 기억법#23] 열무.단배추 자박김치 담그기"", ""link"": ""https://blog.naver.com/robin3011/224297193564"", ""description"": ""또는 <b>사과</b> 1/2개 (천연의 단맛과 시원한 맛을 냅니다) 선택: 새우젓 3큰술 (같이 갈아주면 감칠맛이 좋습니다) 밀가루풀: 물 4컵 + 밀가루 2큰술 최종 간 맞추기: 멸치액젓(또는 까나리액젓) 1컵~1컵 반, 설탕 2큰술... "", ""bloggername"": ""내손이 내딸이다"", ""bloggerlink"": ""blog.naver.com/robin3011"", ""postdate"": ""20260526""}",내손이 내딸이다,blog.naver.com/robin3011
사과,single_term_fallback,사과,서대문구 고가차도붕괴에서 오세훈을 비난하는 이유,https://blog.naver.com/astratan/224297192598,20260526,이부분에 대한 분석과 인과규명 그리고 재발방지를 위한 시스템구축이 무엇인지를 이야기해야되고 몇일전까지 시장이었던 사람으로서 진정성있는 <b>사과</b>가 있어야 됩니다. 그러나 또다시 본인과의 관련성에 대한... ,,naver_blog,사과,canonical,1.0,2026-05-26T11:50:14.768518+00:00,0,0,0,0,오션,이부분에 대한 분석과 인과규명 그리고 재발방지를 위한 시스템구축이 무엇인지를 이야기해야되고 몇일전까지 시장이었던 사람으로서 진정성있는 <b>사과</b>가 있어야 됩니다. 그러나 또다시 본인과의 관련성에 대한... ,"{""title"": ""서대문구 고가차도붕괴에서 오세훈을 비난하는 이유"", ""link"": ""https://blog.naver.com/astratan/224297192598"", ""description"": ""이부분에 대한 분석과 인과규명 그리고 재발방지를 위한 시스템구축이 무엇인지를 이야기해야되고 몇일전까지 시장이었던 사람으로서 진정성있는 <b>사과</b>가 있어야 됩니다. 그러나 또다시 본인과의 관련성에 대한... "", ""bloggername"": ""오션"", ""bloggerlink"": ""blog.naver.com/astratan"", ""postdate"": ""20260526""}",오션,blog.naver.com/astratan
사과,single_term_fallback,사과,"저당 홍초, 홈카페 감성 듬뿍 담은 가벼운 여름음료 레시피",https://blog.naver.com/rldhrl23/224297193089,20260526,상큼함이 진하게 느껴지는 레드애플의 매력 먼저 마셔본 저당 홍초 레드애플 Light는 칠레산 <b>사과</b> 농축액을 사용해서 그런지 첫 맛부터 상큼하고 진한 <b>사과</b> 향이 일품이에요. 설탕 대신 알룰로스로 맛을 내서... ,,naver_blog,사과,canonical,1.0,2026-05-26T11:50:14.768518+00:00,0,0,0,0,지혜로운사자 감성 더한 현실집밥,상큼함이 진하게 느껴지는 레드애플의 매력 먼저 마셔본 저당 홍초 레드애플 Light는 칠레산 <b>사과</b> 농축액을 사용해서 그런지 첫 맛부터 상큼하고 진한 <b>사과</b> 향이 일품이에요. 설탕 대신 알룰로스로 맛을 내서... ,"{""title"": ""저당 홍초, 홈카페 감성 듬뿍 담은 가벼운 여름음료 레시피"", ""link"": ""https://blog.naver.com/rldhrl23/224297193089"", ""description"": ""상큼함이 진하게 느껴지는 레드애플의 매력 먼저 마셔본 저당 홍초 레드애플 Light는 칠레산 <b>사과</b> 농축액을 사용해서 그런지 첫 맛부터 상큼하고 진한 <b>사과</b> 향이 일품이에요. 설탕 대신 알룰로스로 맛을 내서... "", ""bloggername"": ""지혜로운사자 감성 더한 현실집밥"", ""bloggerlink"": ""blog.naver.com/rldhrl23"", ""postdate"": ""20260526""}",지혜로운사자 감성 더한 현실집밥,blog.naver.com/rldhrl23
사과,single_term_fallback,사과,난 싸움 말리는 데 고수야,https://blog.naver.com/naroseon/224297192760,20260526,"최소한 넌 <b>사과</b>했어야 했어. At the very least, you should give ger call. 최소한 넌... 적어도 그는 <b>사과</b> 할 수도 있었어. You should try it once, at the very least. 최소한 한 번은... ",,naver_blog,사과,canonical,1.0,2026-05-26T11:50:14.768518+00:00,0,0,0,0,naroseon님의블로그,"최소한 넌 <b>사과</b>했어야 했어. At the very least, you should give ger call. 최소한 넌... 적어도 그는 <b>사과</b> 할 수도 있었어. You should try it once, at the very least. 최소한 한 번은... ","{""title"": ""난 싸움 말리는 데 고수야"", ""link"": ""https://blog.naver.com/naroseon/224297192760"", ""description"": ""최소한 넌 <b>사과</b>했어야 했어. At the very least, you should give ger call. 최소한 넌... 적어도 그는 <b>사과</b> 할 수도 있었어. You should try it once, at the very least. 최소한 한 번은... "", ""bloggername"": ""naroseon님의블로그"", ""bloggerlink"": ""blog.naver.com/naroseon"", ""postdate"": ""20260526""}",naroseon님의블로그,blog.naver.com/naroseon
사과,single_term_fallback,사과,"허수아비 11회, 순영 최종 빌런…시청자 분노 폭발한 순영의 선택",https://blog.naver.com/amiri200/224297193130,20260526,"이 장면에서 강태주가 무릎 꿇고 <b>사과</b>하는 모습은 진짜 너무 처절했다. 사실 태주 역시 수사 과정에서 수많은 실수를 했고, 그 죄책감을 평생 짊어지고 살아온 인물이라 더 안쓰럽게 느껴졌다. 그런데 더 화나는... ",,naver_blog,사과,canonical,1.0,2026-05-26T11:50:14.768518+00:00,0,0,0,0,정보톡톡 이슈톡,"이 장면에서 강태주가 무릎 꿇고 <b>사과</b>하는 모습은 진짜 너무 처절했다. 사실 태주 역시 수사 과정에서 수많은 실수를 했고, 그 죄책감을 평생 짊어지고 살아온 인물이라 더 안쓰럽게 느껴졌다. 그런데 더 화나는... ","{""title"": ""허수아비 11회, 순영 최종 빌런…시청자 분노 폭발한 순영의 선택"", ""link"": ""https://blog.naver.com/amiri200/224297193130"", ""description"": ""이 장면에서 강태주가 무릎 꿇고 <b>사과</b>하는 모습은 진짜 너무 처절했다. 사실 태주 역시 수사 과정에서 수많은 실수를 했고, 그 죄책감을 평생 짊어지고 살아온 인물이라 더 안쓰럽게 느껴졌다. 그런데 더 화나는... "", ""bloggername"": ""정보톡톡 이슈톡"", ""bloggerlink"": ""blog.naver.com/amiri200"", ""postdate"": ""20260526""}",정보톡톡 이슈톡,blog.naver.com/amiri200
사과,single_term_fallback,사과,순천역 근처 카페 컴포즈커피 순천역점,https://blog.naver.com/sin860518/224297192594,20260526,아무튼 이날도 시그니쳐메뉴인 아메리카노와 <b>사과</b>잼 와플을 주문 넣고 좁은 주문석을 지나 . 또 좁은 계단을 올라 (참고로 상당히 가파르고 좁음 1차선임 180 이상은 무조건 스쿼트로 올라가야함) . . 도착한... ,,naver_blog,사과,canonical,1.0,2026-05-26T11:50:14.768518+00:00,0,0,0,0,미루고 미루다 쓰는 블로그,아무튼 이날도 시그니쳐메뉴인 아메리카노와 <b>사과</b>잼 와플을 주문 넣고 좁은 주문석을 지나 . 또 좁은 계단을 올라 (참고로 상당히 가파르고 좁음 1차선임 180 이상은 무조건 스쿼트로 올라가야함) . . 도착한... ,"{""title"": ""순천역 근처 카페 컴포즈커피 순천역점"", ""link"": ""https://blog.naver.com/sin860518/224297192594"", ""description"": ""아무튼 이날도 시그니쳐메뉴인 아메리카노와 <b>사과</b>잼 와플을 주문 넣고 좁은 주문석을 지나 . 또 좁은 계단을 올라 (참고로 상당히 가파르고 좁음 1차선임 180 이상은 무조건 스쿼트로 올라가야함) . . 도착한... "", ""bloggername"": ""미루고 미루다 쓰는 블로그"", ""bloggerlink"": ""blog.naver.com/sin860518"", ""postdate"": ""20260526""}",미루고 미루다 쓰는 블로그,blog.naver.com/sin860518
사과,single_term_fallback,사과,만춘,https://blog.naver.com/jinhan4/224297192823,20260526,딸을 시집 보낸 후 홀로 남은 집에서 <b>사과</b>를 깎는 마지막 장면에서 눈물이 찔끔 났다. 나도 류 치슈 같은 인상을 주는 사람으로 늙고 싶다. 오즈 야스지로의 영화는 참 좋다. 부드럽고 정갈한 흑백의 화면... ,,naver_blog,사과,canonical,1.0,2026-05-26T11:50:14.768518+00:00,0,0,0,0,행복한 책 읽기,딸을 시집 보낸 후 홀로 남은 집에서 <b>사과</b>를 깎는 마지막 장면에서 눈물이 찔끔 났다. 나도 류 치슈 같은 인상을 주는 사람으로 늙고 싶다. 오즈 야스지로의 영화는 참 좋다. 부드럽고 정갈한 흑백의 화면... ,"{""title"": ""만춘"", ""link"": ""https://blog.naver.com/jinhan4/224297192823"", ""description"": ""딸을 시집 보낸 후 홀로 남은 집에서 <b>사과</b>를 깎는 마지막 장면에서 눈물이 찔끔 났다. 나도 류 치슈 같은 인상을 주는 사람으로 늙고 싶다. 오즈 야스지로의 영화는 참 좋다. 부드럽고 정갈한 흑백의 화면... "", ""bloggername"": ""행복한 책 읽기"", ""bloggerlink"": ""blog.naver.com/jinhan4"", ""postdate"": ""20260526""}",행복한 책 읽기,blog.naver.com/jinhan4
사과,single_term_fallback,사과,혼자라서 더 기억에 남았던 전주 모주 만들기 체험,https://blog.naver.com/jimin3487/224297191907,20260526,"대추, 계피, <b>사과</b>, 꽃(?) 같은 재료들을 직접 원하는 만큼 골라 넣을 수 있었는데 유리볼에 담겨있는 모습도 너무 예뻐서 구경하는 재미가 있더라고요 저는 운 좋게 창가 자리에 앉았는데 햇살 들어오는 분위기가... ",,naver_blog,사과,canonical,1.0,2026-05-26T11:50:14.768518+00:00,0,0,0,0,조용히 기록하는 하루,"대추, 계피, <b>사과</b>, 꽃(?) 같은 재료들을 직접 원하는 만큼 골라 넣을 수 있었는데 유리볼에 담겨있는 모습도 너무 예뻐서 구경하는 재미가 있더라고요 저는 운 좋게 창가 자리에 앉았는데 햇살 들어오는 분위기가... ","{""title"": ""혼자라서 더 기억에 남았던 전주 모주 만들기 체험"", ""link"": ""https://blog.naver.com/jimin3487/224297191907"", ""description"": ""대추, 계피, <b>사과</b>, 꽃(?) 같은 재료들을 직접 원하는 만큼 골라 넣을 수 있었는데 유리볼에 담겨있는 모습도 너무 예뻐서 구경하는 재미가 있더라고요 저는 운 좋게 창가 자리에 앉았는데 햇살 들어오는 분위기가... "", ""bloggername"": ""조용히 기록하는 하루"", ""bloggerlink"": ""blog.naver.com/jimin3487"", ""postdate"": ""20260526""}",조용히 기록하는 하루,blog.naver.com/jimin3487
사과,single_term_fallback,사과,AI는 왜 함수를 배울까요? ChatGPT 속에 숨어있는 수학 이야기,https://blog.naver.com/ejbegin/224297192250,20260526,"<b>사과</b> 사진을 넣으면 &quot;<b>사과</b>&quot;라고 판단하고, 만약 질문을 넣으면 적절한 문장을 찾은 후 답으로 출력한다는 것이죠. 우리가 매일 ChaTGPT에게 질문을 하면 AI는 그 순간 수많은 계산 중에서 가장 가능성이 높은... ",,naver_blog,사과,canonical,1.0,2026-05-26T11:50:14.768518+00:00,0,0,0,0,책과 삶을 잇는 꿈샤 스토리랩,"<b>사과</b> 사진을 넣으면 &quot;<b>사과</b>&quot;라고 판단하고, 만약 질문을 넣으면 적절한 문장을 찾은 후 답으로 출력한다는 것이죠. 우리가 매일 ChaTGPT에게 질문을 하면 AI는 그 순간 수많은 계산 중에서 가장 가능성이 높은... ","{""title"": ""AI는 왜 함수를 배울까요? ChatGPT 속에 숨어있는 수학 이야기"", ""link"": ""https://blog.naver.com/ejbegin/224297192250"", ""description"": ""<b>사과</b> 사진을 넣으면 &quot;<b>사과</b>&quot;라고 판단하고, 만약 질문을 넣으면 적절한 문장을 찾은 후 답으로 출력한다는 것이죠. 우리가 매일 ChaTGPT에게 질문을 하면 AI는 그 순간 수많은 계산 중에서 가장 가능성이 높은... "", ""bloggername"": ""책과 삶을 잇는 꿈샤 스토리랩"", ""bloggerlink"": ""blog.naver.com/ejbegin"", ""postdate"": ""20260526""}",책과 삶을 잇는 꿈샤 스토리랩,blog.naver.com/ejbegin
사과,single_term_fallback,사과,뉴질랜드 워홀 DAY 254:Easy peasy lemon squeezy... ,https://blog.naver.com/asklz0110/224297191778,20260526,사소한 것에도 예민해지네 출근해서 아침 <b>사과</b> 먹기 일할 준비 ! 빨리 빨리 빨리 콰이 콰이 콰이... 라스트 브레이크 타임 하트가 새겨진 <b>사과</b>를 찾아서 친구들에게 자랑했다. ^.^ 무릎이 너무 아파서 병원을... ,,naver_blog,사과,canonical,1.0,2026-05-26T11:50:14.768518+00:00,0,0,0,0,빈공간,사소한 것에도 예민해지네 출근해서 아침 <b>사과</b> 먹기 일할 준비 ! 빨리 빨리 빨리 콰이 콰이 콰이... 라스트 브레이크 타임 하트가 새겨진 <b>사과</b>를 찾아서 친구들에게 자랑했다. ^.^ 무릎이 너무 아파서 병원을... ,"{""title"": ""뉴질랜드 워홀 DAY 254:Easy peasy lemon squeezy... "", ""link"": ""https://blog.naver.com/asklz0110/224297191778"", ""description"": ""사소한 것에도 예민해지네 출근해서 아침 <b>사과</b> 먹기 일할 준비 ! 빨리 빨리 빨리 콰이 콰이 콰이... 라스트 브레이크 타임 하트가 새겨진 <b>사과</b>를 찾아서 친구들에게 자랑했다. ^.^ 무릎이 너무 아파서 병원을... "", ""bloggername"": ""빈공간"", ""bloggerlink"": ""blog.naver.com/asklz0110"", ""postdate"": ""20260526""}",빈공간,blog.naver.com/asklz0110
사과,single_term_fallback,사과,자존감을 무너뜨리는 부모의 비교 화법 디버깅 리스트,https://blog.naver.com/doctorstudy12/224296696827,20260526,변명하지 말고 100% 부모의 오류(Bug)임을 즉시 인정하고 <b>사과</b>하십시오. &quot;엄마(아빠)가 방금 너를 다른 사람과 비교한 것은 정말 잘못된 말이었어. 화가 나서 엄마 뇌에서 실수가 나왔네. 너는 너 자체로 훌륭해... ,,naver_blog,사과,canonical,1.0,2026-05-26T11:50:14.768518+00:00,0,0,0,0,글로벌 하이브리드 교육 큐레이션,변명하지 말고 100% 부모의 오류(Bug)임을 즉시 인정하고 <b>사과</b>하십시오. &quot;엄마(아빠)가 방금 너를 다른 사람과 비교한 것은 정말 잘못된 말이었어. 화가 나서 엄마 뇌에서 실수가 나왔네. 너는 너 자체로 훌륭해... ,"{""title"": ""자존감을 무너뜨리는 부모의 비교 화법 디버깅 리스트"", ""link"": ""https://blog.naver.com/doctorstudy12/224296696827"", ""description"": ""변명하지 말고 100% 부모의 오류(Bug)임을 즉시 인정하고 <b>사과</b>하십시오. &quot;엄마(아빠)가 방금 너를 다른 사람과 비교한 것은 정말 잘못된 말이었어. 화가 나서 엄마 뇌에서 실수가 나왔네. 너는 너 자체로 훌륭해... "", ""bloggername"": ""글로벌 하이브리드 교육 큐레이션"", ""bloggerlink"": ""blog.naver.com/doctorstudy12"", ""postdate"": ""20260526""}",글로벌 하이브리드 교육 큐레이션,blog.naver.com/doctorstudy12
사과,single_term_fallback,사과,[풀영상] 뉴스7 : 서소문 고가차도 붕괴…안전 점검 중... ,https://blog.naver.com/cyclelkh1/224297191650,20260526,"· 정용진 ‘5·18 탱크데이’ <b>사과</b>…“모두 제 책임” · 코스피 종가, 첫 8천 돌파…‘200만 닉스’ 안착 · BTS, ‘아메리칸 뮤직 어워즈’ 대상 등 3관왕",,naver_blog,사과,canonical,1.0,2026-05-26T11:50:14.768518+00:00,0,0,0,0,cyclelkh1님의 블로그,"· 정용진 ‘5·18 탱크데이’ <b>사과</b>…“모두 제 책임” · 코스피 종가, 첫 8천 돌파…‘200만 닉스’ 안착 · BTS, ‘아메리칸 뮤직 어워즈’ 대상 등 3관왕","{""title"": ""[풀영상] 뉴스7 : 서소문 고가차도 붕괴…안전 점검 중... "", ""link"": ""https://blog.naver.com/cyclelkh1/224297191650"", ""description"": ""· 정용진 ‘5·18 탱크데이’ <b>사과</b>…“모두 제 책임” · 코스피 종가, 첫 8천 돌파…‘200만 닉스’ 안착 · BTS, ‘아메리칸 뮤직 어워즈’ 대상 등 3관왕"", ""bloggername"": ""cyclelkh1님의 블로그"", ""bloggerlink"": ""blog.naver.com/cyclelkh1"", ""postdate"": ""20260526""}",cyclelkh1님의 블로그,blog.naver.com/cyclelkh1
사과,single_term_fallback,사과,"상큼한 과일의 향연, 얌티 4종으로 즐기는 달콤한 하루!",https://blog.naver.com/whrqbf73224_im/224296685459,20260526,아삭한 <b>사과</b>의 싱그러움과 샤인머스캣의 향긋한 풍미가 만나 입안 가득 퍼지는 청량감은 이루 말할 수 없습니다. 다음은 '플럼 피치' 조합입니다. 새콤달콤한 플럼의 매력과 복숭아의 달콤함이 어우러져 새로운... ,,naver_blog,사과,canonical,1.0,2026-05-26T11:50:14.768518+00:00,0,0,0,0,명상 슬픈,아삭한 <b>사과</b>의 싱그러움과 샤인머스캣의 향긋한 풍미가 만나 입안 가득 퍼지는 청량감은 이루 말할 수 없습니다. 다음은 '플럼 피치' 조합입니다. 새콤달콤한 플럼의 매력과 복숭아의 달콤함이 어우러져 새로운... ,"{""title"": ""상큼한 과일의 향연, 얌티 4종으로 즐기는 달콤한 하루!"", ""link"": ""https://blog.naver.com/whrqbf73224_im/224296685459"", ""description"": ""아삭한 <b>사과</b>의 싱그러움과 샤인머스캣의 향긋한 풍미가 만나 입안 가득 퍼지는 청량감은 이루 말할 수 없습니다. 다음은 '플럼 피치' 조합입니다. 새콤달콤한 플럼의 매력과 복숭아의 달콤함이 어우러져 새로운... "", ""bloggername"": ""명상 슬픈"", ""bloggerlink"": ""blog.naver.com/whrqbf73224_im"", ""postdate"": ""20260526""}",명상 슬픈,blog.naver.com/whrqbf73224_im
사과,single_term_fallback,사과,정용진 <b>사과</b>에 민주 뒤집어졌다. 정청래 충격발언에 민주당... ,https://blog.naver.com/sansiblue/224297191560,20260526,https://youtu.be/Am0kVN-oh7A?si=NB2JpiZPYghKlIe5,,naver_blog,사과,canonical,1.0,2026-05-26T11:50:14.768518+00:00,0,0,0,0,sansiblue님의블로그,https://youtu.be/Am0kVN-oh7A?si=NB2JpiZPYghKlIe5,"{""title"": ""정용진 <b>사과</b>에 민주 뒤집어졌다. 정청래 충격발언에 민주당... "", ""link"": ""https://blog.naver.com/sansiblue/224297191560"", ""description"": ""https://youtu.be/Am0kVN-oh7A?si=NB2JpiZPYghKlIe5"", ""bloggername"": ""sansiblue님의블로그"", ""bloggerlink"": ""blog.naver.com/sansiblue"", ""postdate"": ""20260526""}",sansiblue님의블로그,blog.naver.com/sansiblue
사과,single_term_fallback,사과,문학세계로의 입문,https://blog.naver.com/kongsae57/224297191129,20260526,"피천득의 『바람으로 왔다 바람으로 가며』, 오리아나 팔라치의 『<b>사과</b>를 따지 않은 이브』, 에밀 아자르의 『자기 앞의 生』, 김태길의 『민물고기와 바다』, 시몬느 드 보봐르의 『처녀시절』, 루이제 린저의... ",,naver_blog,사과,canonical,1.0,2026-05-26T11:50:14.768518+00:00,0,0,0,0,콩새의 독서노트,"피천득의 『바람으로 왔다 바람으로 가며』, 오리아나 팔라치의 『<b>사과</b>를 따지 않은 이브』, 에밀 아자르의 『자기 앞의 生』, 김태길의 『민물고기와 바다』, 시몬느 드 보봐르의 『처녀시절』, 루이제 린저의... ","{""title"": ""문학세계로의 입문"", ""link"": ""https://blog.naver.com/kongsae57/224297191129"", ""description"": ""피천득의 『바람으로 왔다 바람으로 가며』, 오리아나 팔라치의 『<b>사과</b>를 따지 않은 이브』, 에밀 아자르의 『자기 앞의 生』, 김태길의 『민물고기와 바다』, 시몬느 드 보봐르의 『처녀시절』, 루이제 린저의... "", ""bloggername"": ""콩새의 독서노트"", ""bloggerlink"": ""blog.naver.com/kongsae57"", ""postdate"": ""20260526""}",콩새의 독서노트,blog.naver.com/kongsae57
사과,single_term_fallback,사과,파주 대형 카페 추천 놓치면 아쉬운 데이지 브루다베이커리,https://blog.naver.com/lululala_splendor/224297191262,20260526,"애플 치즈 잠봉 샌드위치는 생<b>사과</b>와 잠봉햄, 고소한 치즈를 더한 샌드위치였어요. 내용물이 정말 실해서 한 개만 먹어도 든든했고, <b>사과</b>의 아삭함이 샌드위치에 신선함을 더해줬어요. 브런치 겸 먹기 정말 좋은... ",,naver_blog,사과,canonical,1.0,2026-05-26T11:50:14.768518+00:00,0,0,0,0,다소 애매한 블로거,"애플 치즈 잠봉 샌드위치는 생<b>사과</b>와 잠봉햄, 고소한 치즈를 더한 샌드위치였어요. 내용물이 정말 실해서 한 개만 먹어도 든든했고, <b>사과</b>의 아삭함이 샌드위치에 신선함을 더해줬어요. 브런치 겸 먹기 정말 좋은... ","{""title"": ""파주 대형 카페 추천 놓치면 아쉬운 데이지 브루다베이커리"", ""link"": ""https://blog.naver.com/lululala_splendor/224297191262"", ""description"": ""애플 치즈 잠봉 샌드위치는 생<b>사과</b>와 잠봉햄, 고소한 치즈를 더한 샌드위치였어요. 내용물이 정말 실해서 한 개만 먹어도 든든했고, <b>사과</b>의 아삭함이 샌드위치에 신선함을 더해줬어요. 브런치 겸 먹기 정말 좋은... "", ""bloggername"": ""다소 애매한 블로거"", ""bloggerlink"": ""blog.naver.com/lululala_splendor"", ""postdate"": ""20260526""}",다소 애매한 블로거,blog.naver.com/lululala_splendor
사과,single_term_fallback,사과,공연음란죄 반성문 준비 형사변호사가 짚는 양형에 유리한 작성... ,https://blog.naver.com/bznrvoaroa46773/224296984170,20260526,"- 반성문의 역할: 단순한 <b>사과</b>문이 아니라, 사건 맥락을 왜곡 없이 제시하고, 피해 인식과 구체적... 3) 책임 인정과 무조건적 <b>사과</b> - 조건, 단서, 비교 없이 “제 행위는 잘못이었고 전적으로 제 책임입니다”라고... ",,naver_blog,사과,canonical,1.0,2026-05-26T11:50:14.768518+00:00,0,0,0,0,경찰출신/형사전문변호사,"- 반성문의 역할: 단순한 <b>사과</b>문이 아니라, 사건 맥락을 왜곡 없이 제시하고, 피해 인식과 구체적... 3) 책임 인정과 무조건적 <b>사과</b> - 조건, 단서, 비교 없이 “제 행위는 잘못이었고 전적으로 제 책임입니다”라고... ","{""title"": ""공연음란죄 반성문 준비 형사변호사가 짚는 양형에 유리한 작성... "", ""link"": ""https://blog.naver.com/bznrvoaroa46773/224296984170"", ""description"": ""- 반성문의 역할: 단순한 <b>사과</b>문이 아니라, 사건 맥락을 왜곡 없이 제시하고, 피해 인식과 구체적... 3) 책임 인정과 무조건적 <b>사과</b> - 조건, 단서, 비교 없이 “제 행위는 잘못이었고 전적으로 제 책임입니다”라고... "", ""bloggername"": ""경찰출신/형사전문변호사"", ""bloggerlink"": ""blog.naver.com/bznrvoaroa46773"", ""postdate"": ""20260526""}",경찰출신/형사전문변호사,blog.naver.com/bznrvoaroa46773
사과,single_term_fallback,사과,수원상해죄비용 변호사 선임 전 2026 기준 비용 범위와 산정... ,https://blog.naver.com/gqeepxvflh29930/224296929499,20260526,"합의가 가능한 사건은 합의에 우선 순위를 두되, 합의전략(<b>사과</b>·치료지원·공탁)과 증거관리(정당방위/상호폭행 주장)를 함께 가져가야 전체 비용/형사리스크가 줄어듭니다. Q. 국선변호가 가능한가요?... ",,naver_blog,사과,canonical,1.0,2026-05-26T11:50:14.768518+00:00,0,0,0,0,경찰출신/형사전문변호사,"합의가 가능한 사건은 합의에 우선 순위를 두되, 합의전략(<b>사과</b>·치료지원·공탁)과 증거관리(정당방위/상호폭행 주장)를 함께 가져가야 전체 비용/형사리스크가 줄어듭니다. Q. 국선변호가 가능한가요?... ","{""title"": ""수원상해죄비용 변호사 선임 전 2026 기준 비용 범위와 산정... "", ""link"": ""https://blog.naver.com/gqeepxvflh29930/224296929499"", ""description"": ""합의가 가능한 사건은 합의에 우선 순위를 두되, 합의전략(<b>사과</b>·치료지원·공탁)과 증거관리(정당방위/상호폭행 주장)를 함께 가져가야 전체 비용/형사리스크가 줄어듭니다. Q. 국선변호가 가능한가요?... "", ""bloggername"": ""경찰출신/형사전문변호사"", ""bloggerlink"": ""blog.naver.com/gqeepxvflh29930"", ""postdate"": ""20260526""}",경찰출신/형사전문변호사,blog.naver.com/gqeepxvflh29930
사과,single_term_fallback,사과,아이랑 가기 좋은 브런치 예산카페 예당저수지카페 아그리르,https://blog.naver.com/bsk4945/224297191253,20260526,"아이들도 정말 잘 먹었던 브런치 메뉴 저희는 예산<b>사과</b>에이드, 카페라떼, 돌체라떼와 애플 고르곤졸라... 예산은 <b>사과</b>가 유명해서 <b>사과</b>를 활용한 메뉴들이 많아서 지역 느낌도 나고 더 특별했어요. 소예는 간장... ",,naver_blog,사과,canonical,1.0,2026-05-26T11:50:14.768518+00:00,0,0,0,0,딸둘맘의 특별한 매일,"아이들도 정말 잘 먹었던 브런치 메뉴 저희는 예산<b>사과</b>에이드, 카페라떼, 돌체라떼와 애플 고르곤졸라... 예산은 <b>사과</b>가 유명해서 <b>사과</b>를 활용한 메뉴들이 많아서 지역 느낌도 나고 더 특별했어요. 소예는 간장... ","{""title"": ""아이랑 가기 좋은 브런치 예산카페 예당저수지카페 아그리르"", ""link"": ""https://blog.naver.com/bsk4945/224297191253"", ""description"": ""아이들도 정말 잘 먹었던 브런치 메뉴 저희는 예산<b>사과</b>에이드, 카페라떼, 돌체라떼와 애플 고르곤졸라... 예산은 <b>사과</b>가 유명해서 <b>사과</b>를 활용한 메뉴들이 많아서 지역 느낌도 나고 더 특별했어요. 소예는 간장... "", ""bloggername"": ""딸둘맘의 특별한 매일"", ""bloggerlink"": ""blog.naver.com/bsk4945"", ""postdate"": ""20260526""}",딸둘맘의 특별한 매일,blog.naver.com/bsk4945
사과,single_term_fallback,사과,이호선 박사의 경고! &quot;나이 들어 만만해 보인다면 '이 3가지 말... ,https://blog.naver.com/jibyosalim/224296729557,20260526,"&quot;내가 부족해서 그렇지 뭐, 미안해&quot; (습관적인 자기 비하와 과한 <b>사과</b>) 대화 도중 조금만 어색한 기류가 흐르거나 상황이 삐끗하면 습관적으로 <b>사과</b>부터 하거나 자책하는 분들이 계십니다. &quot;내가 눈치가 없어서... ",,naver_blog,사과,canonical,1.0,2026-05-26T11:50:14.768518+00:00,0,0,0,0,매일 10분 지혜공책,"&quot;내가 부족해서 그렇지 뭐, 미안해&quot; (습관적인 자기 비하와 과한 <b>사과</b>) 대화 도중 조금만 어색한 기류가 흐르거나 상황이 삐끗하면 습관적으로 <b>사과</b>부터 하거나 자책하는 분들이 계십니다. &quot;내가 눈치가 없어서... ","{""title"": ""이호선 박사의 경고! &quot;나이 들어 만만해 보인다면 '이 3가지 말... "", ""link"": ""https://blog.naver.com/jibyosalim/224296729557"", ""description"": ""&quot;내가 부족해서 그렇지 뭐, 미안해&quot; (습관적인 자기 비하와 과한 <b>사과</b>) 대화 도중 조금만 어색한 기류가 흐르거나 상황이 삐끗하면 습관적으로 <b>사과</b>부터 하거나 자책하는 분들이 계십니다. &quot;내가 눈치가 없어서... "", ""bloggername"": ""매일 10분 지혜공책"", ""bloggerlink"": ""blog.naver.com/jibyosalim"", ""postdate"": ""20260526""}",매일 10분 지혜공책,blog.naver.com/jibyosalim
사과,single_term_fallback,사과,[법륜스님의 하루] 연애 관계 속에서 반복되는 불안과... ,https://blog.naver.com/buddhastudy3/224297191503,20260526,연애 시 반복되는 불안과 성격적 성향(스펙트럼)으로 고민하는 질문자에게 <b>사과</b> 알레르기 비유를 들어... 스님이 제시하는 세 가지 명쾌한 길 (<b>사과</b> 알레르기 비유) <b>사과</b>를 먹고 알레르기가 생기면 <b>사과</b>를 안... ,,naver_blog,사과,canonical,1.0,2026-05-26T11:50:14.768518+00:00,0,0,0,0,불교 동영상 강의,연애 시 반복되는 불안과 성격적 성향(스펙트럼)으로 고민하는 질문자에게 <b>사과</b> 알레르기 비유를 들어... 스님이 제시하는 세 가지 명쾌한 길 (<b>사과</b> 알레르기 비유) <b>사과</b>를 먹고 알레르기가 생기면 <b>사과</b>를 안... ,"{""title"": ""[법륜스님의 하루] 연애 관계 속에서 반복되는 불안과... "", ""link"": ""https://blog.naver.com/buddhastudy3/224297191503"", ""description"": ""연애 시 반복되는 불안과 성격적 성향(스펙트럼)으로 고민하는 질문자에게 <b>사과</b> 알레르기 비유를 들어... 스님이 제시하는 세 가지 명쾌한 길 (<b>사과</b> 알레르기 비유) <b>사과</b>를 먹고 알레르기가 생기면 <b>사과</b>를 안... "", ""bloggername"": ""불교 동영상 강의"", ""bloggerlink"": ""blog.naver.com/buddhastudy3"", ""postdate"": ""20260526""}",불교 동영상 강의,blog.naver.com/buddhastudy3
사과,single_term_fallback,사과,신세계백화점 무료 커피 쿠폰 위치! 매달 라운지 음료 받는 법,https://blog.naver.com/highandlow007/224296313038,20260526,"에스프레소 기반 커피: 아메리카노, 카페라떼 (시럽 추가 가능) 티(Tea) 종류: 녹차, 얼그레이, 루이보스, 캐모마일 등 계절별 차 과일 주스 및 기타: 오렌지 주스, <b>사과</b> 주스, 자몽 주스, 탄산수 체류 시간을 활용한... ",,naver_blog,사과,canonical,1.0,2026-05-26T11:50:14.768518+00:00,0,0,0,0,highandlow007님의블로그,"에스프레소 기반 커피: 아메리카노, 카페라떼 (시럽 추가 가능) 티(Tea) 종류: 녹차, 얼그레이, 루이보스, 캐모마일 등 계절별 차 과일 주스 및 기타: 오렌지 주스, <b>사과</b> 주스, 자몽 주스, 탄산수 체류 시간을 활용한... ","{""title"": ""신세계백화점 무료 커피 쿠폰 위치! 매달 라운지 음료 받는 법"", ""link"": ""https://blog.naver.com/highandlow007/224296313038"", ""description"": ""에스프레소 기반 커피: 아메리카노, 카페라떼 (시럽 추가 가능) 티(Tea) 종류: 녹차, 얼그레이, 루이보스, 캐모마일 등 계절별 차 과일 주스 및 기타: 오렌지 주스, <b>사과</b> 주스, 자몽 주스, 탄산수 체류 시간을 활용한... "", ""bloggername"": ""highandlow007님의블로그"", ""bloggerlink"": ""blog.naver.com/highandlow007"", ""postdate"": ""20260526""}",highandlow007님의블로그,blog.naver.com/highandlow007
사과,single_term_fallback,사과,탱크데이 누가 승인했는지보다 사람들이 본 것은?,https://blog.naver.com/jji3961/224296936069,20260526,스타벅스코리아는 5·18 민주화운동 기념일 당일 ‘탱크데이’라는 이름의 프로모션과 관련 문구를 사용했다가 논란이 커졌고 이후 행사 중단과 <b>사과</b>가 이어졌습니다. 대표 해임과 고발까지 이어졌습니다. 사실... ,,naver_blog,사과,canonical,1.0,2026-05-26T11:50:14.768518+00:00,0,0,0,0,꿀벌의 비행,스타벅스코리아는 5·18 민주화운동 기념일 당일 ‘탱크데이’라는 이름의 프로모션과 관련 문구를 사용했다가 논란이 커졌고 이후 행사 중단과 <b>사과</b>가 이어졌습니다. 대표 해임과 고발까지 이어졌습니다. 사실... ,"{""title"": ""탱크데이 누가 승인했는지보다 사람들이 본 것은?"", ""link"": ""https://blog.naver.com/jji3961/224296936069"", ""description"": ""스타벅스코리아는 5·18 민주화운동 기념일 당일 ‘탱크데이’라는 이름의 프로모션과 관련 문구를 사용했다가 논란이 커졌고 이후 행사 중단과 <b>사과</b>가 이어졌습니다. 대표 해임과 고발까지 이어졌습니다. 사실... "", ""bloggername"": ""꿀벌의 비행"", ""bloggerlink"": ""blog.naver.com/jji3961"", ""postdate"": ""20260526""}",꿀벌의 비행,blog.naver.com/jji3961
사과,single_term_fallback,사과,배임죄 특경법 적용 기준과 형량 변호사 선임 가이드,https://blog.naver.com/jtbpxirwlc48898/224296976965,20260526,"협상은 변호사 문서로 남기고, 즉흥적 <b>사과</b>·인정 진술은 금지. - 리스크 분리: 개인이득과 회사이익... 법무법인 심우의 역할 - 특경범 전담팀(형사전문변호사+전직 수사관+회계사) 운영으로 수사·보전·양형... ",,naver_blog,사과,canonical,1.0,2026-05-26T11:50:14.768518+00:00,0,0,0,0,경찰출신변호사 심우,"협상은 변호사 문서로 남기고, 즉흥적 <b>사과</b>·인정 진술은 금지. - 리스크 분리: 개인이득과 회사이익... 법무법인 심우의 역할 - 특경범 전담팀(형사전문변호사+전직 수사관+회계사) 운영으로 수사·보전·양형... ","{""title"": ""배임죄 특경법 적용 기준과 형량 변호사 선임 가이드"", ""link"": ""https://blog.naver.com/jtbpxirwlc48898/224296976965"", ""description"": ""협상은 변호사 문서로 남기고, 즉흥적 <b>사과</b>·인정 진술은 금지. - 리스크 분리: 개인이득과 회사이익... 법무법인 심우의 역할 - 특경범 전담팀(형사전문변호사+전직 수사관+회계사) 운영으로 수사·보전·양형... "", ""bloggername"": ""경찰출신변호사 심우"", ""bloggerlink"": ""blog.naver.com/jtbpxirwlc48898"", ""postdate"": ""20260526""}",경찰출신변호사 심우,blog.naver.com/jtbpxirwlc48898
사과,single_term_fallback,사과,결국 멀어지게 되는 사람 특징,https://blog.naver.com/nana337733/224297140897,20260526,어린 <b>사과</b>를 못 한다 미안하다는 말 대신 변명부터 한다 <b>사과</b>할 줄 모르는 사람은 같은 실수를 반복한다 결국 사람은 태도로 남는다 말보다 행동 약속보다 태도 작은 순간마다 사람의 본성이 드러난다 곁에 둘... ,,naver_blog,사과,canonical,1.0,2026-05-26T11:50:14.768518+00:00,0,0,0,0,상큼한 오늘,어린 <b>사과</b>를 못 한다 미안하다는 말 대신 변명부터 한다 <b>사과</b>할 줄 모르는 사람은 같은 실수를 반복한다 결국 사람은 태도로 남는다 말보다 행동 약속보다 태도 작은 순간마다 사람의 본성이 드러난다 곁에 둘... ,"{""title"": ""결국 멀어지게 되는 사람 특징"", ""link"": ""https://blog.naver.com/nana337733/224297140897"", ""description"": ""어린 <b>사과</b>를 못 한다 미안하다는 말 대신 변명부터 한다 <b>사과</b>할 줄 모르는 사람은 같은 실수를 반복한다 결국 사람은 태도로 남는다 말보다 행동 약속보다 태도 작은 순간마다 사람의 본성이 드러난다 곁에 둘... "", ""bloggername"": ""상큼한 오늘"", ""bloggerlink"": ""blog.naver.com/nana337733"", ""postdate"": ""20260526""}",상큼한 오늘,blog.naver.com/nana337733
사과,single_term_fallback,사과,## 무너진 신뢰의 잔상: 스타벅스 ‘탱크데이’ 논란과 그 후의... ,https://blog.naver.com/dudcks6050/224297190942,20260526,"행사 직후 스타벅스코리아 손정현 대표가 전격 해임되었고, 정용진 신세계그룹 회장은 19일 1차 <b>사과</b>문... 이는 단순한 <b>사과</b>를 넘어, 기업이 사회적 책임을 어디까지 짊어져야 하는지를 보여주는 무거운... ",,naver_blog,사과,canonical,1.0,2026-05-26T11:50:14.768518+00:00,0,0,0,0,그냥 잡다한 블로그,"행사 직후 스타벅스코리아 손정현 대표가 전격 해임되었고, 정용진 신세계그룹 회장은 19일 1차 <b>사과</b>문... 이는 단순한 <b>사과</b>를 넘어, 기업이 사회적 책임을 어디까지 짊어져야 하는지를 보여주는 무거운... ","{""title"": ""## 무너진 신뢰의 잔상: 스타벅스 ‘탱크데이’ 논란과 그 후의... "", ""link"": ""https://blog.naver.com/dudcks6050/224297190942"", ""description"": ""행사 직후 스타벅스코리아 손정현 대표가 전격 해임되었고, 정용진 신세계그룹 회장은 19일 1차 <b>사과</b>문... 이는 단순한 <b>사과</b>를 넘어, 기업이 사회적 책임을 어디까지 짊어져야 하는지를 보여주는 무거운... "", ""bloggername"": ""그냥 잡다한 블로그"", ""bloggerlink"": ""blog.naver.com/dudcks6050"", ""postdate"": ""20260526""}",그냥 잡다한 블로그,blog.naver.com/dudcks6050
사과,single_term_fallback,사과,한결같은 거지놈들,https://blog.naver.com/mrjeon95/224297191322,20260526,<b>사과</b> 에 할인까지 해달라고? 아 그냥 통신사 등 할인 받을 수 있는 메가와라. 메가 맛있고 싸잖아,,naver_blog,사과,canonical,1.0,2026-05-26T11:50:14.768518+00:00,0,0,0,0,인생은 한방이다!,<b>사과</b> 에 할인까지 해달라고? 아 그냥 통신사 등 할인 받을 수 있는 메가와라. 메가 맛있고 싸잖아,"{""title"": ""한결같은 거지놈들"", ""link"": ""https://blog.naver.com/mrjeon95/224297191322"", ""description"": ""<b>사과</b> 에 할인까지 해달라고? 아 그냥 통신사 등 할인 받을 수 있는 메가와라. 메가 맛있고 싸잖아"", ""bloggername"": ""인생은 한방이다!"", ""bloggerlink"": ""blog.naver.com/mrjeon95"", ""postdate"": ""20260526""}",인생은 한방이다!,blog.naver.com/mrjeon95
사과,single_term_fallback,사과,"정용진 대국민 <b>사과</b>, 8일 만에야 나온 이유는? 스타벅스... ",https://blog.naver.com/yeinlawnote/224297189290,20260526,"정용진 대국민 <b>사과</b>, 8일 만에야 나온 이유는? 스타벅스 탱크데이의 민감성 부재 정용진 대국민 <b>사과</b> 기획부터 최종 승인까지, 단 한 명도 멈추지 않았다. 단순 실수가 아닌 조직 전체의 구조적 문제를... ",,naver_blog,사과,canonical,1.0,2026-05-26T11:50:14.768518+00:00,0,0,0,0,예인의 법률 산책,"정용진 대국민 <b>사과</b>, 8일 만에야 나온 이유는? 스타벅스 탱크데이의 민감성 부재 정용진 대국민 <b>사과</b> 기획부터 최종 승인까지, 단 한 명도 멈추지 않았다. 단순 실수가 아닌 조직 전체의 구조적 문제를... ","{""title"": ""정용진 대국민 <b>사과</b>, 8일 만에야 나온 이유는? 스타벅스... "", ""link"": ""https://blog.naver.com/yeinlawnote/224297189290"", ""description"": ""정용진 대국민 <b>사과</b>, 8일 만에야 나온 이유는? 스타벅스 탱크데이의 민감성 부재 정용진 대국민 <b>사과</b> 기획부터 최종 승인까지, 단 한 명도 멈추지 않았다. 단순 실수가 아닌 조직 전체의 구조적 문제를... "", ""bloggername"": ""예인의 법률 산책"", ""bloggerlink"": ""blog.naver.com/yeinlawnote"", ""postdate"": ""20260526""}",예인의 법률 산책,blog.naver.com/yeinlawnote
사과,single_term_fallback,사과,집순이 탈출기,https://blog.naver.com/kwtkjs6046/224297190008,20260526,순자씌한테 <b>사과</b>하세염 레자미오네뜨 윰세3 딸슈붕 보고 너무 먹고싶어서 찾아왔는데 개맛도리 여긴 자주 올듯 진짜 맛잇음 쨔잔 갑분 펜션 가족끼리 남이섬 갔으용 불멍도 때리구... 마멜두 구워먹고.. 불놀이... ,,naver_blog,사과,canonical,1.0,2026-05-26T11:50:14.768518+00:00,0,0,0,0,썬희 블로그,순자씌한테 <b>사과</b>하세염 레자미오네뜨 윰세3 딸슈붕 보고 너무 먹고싶어서 찾아왔는데 개맛도리 여긴 자주 올듯 진짜 맛잇음 쨔잔 갑분 펜션 가족끼리 남이섬 갔으용 불멍도 때리구... 마멜두 구워먹고.. 불놀이... ,"{""title"": ""집순이 탈출기"", ""link"": ""https://blog.naver.com/kwtkjs6046/224297190008"", ""description"": ""순자씌한테 <b>사과</b>하세염 레자미오네뜨 윰세3 딸슈붕 보고 너무 먹고싶어서 찾아왔는데 개맛도리 여긴 자주 올듯 진짜 맛잇음 쨔잔 갑분 펜션 가족끼리 남이섬 갔으용 불멍도 때리구... 마멜두 구워먹고.. 불놀이... "", ""bloggername"": ""썬희 블로그"", ""bloggerlink"": ""blog.naver.com/kwtkjs6046"", ""postdate"": ""20260526""}",썬희 블로그,blog.naver.com/kwtkjs6046
사과,single_term_fallback,사과,하버드 연구 | 행복한 사람들의 공통점,https://blog.naver.com/gns2509/224297189740,20260526,"또 다시 즐길 수 있게 해준다 인생은 너무도 짧기에, 다툼이나 <b>사과</b>, 후회, 책망에 쓸 시간은 없다. 오직 사랑할 시간만이 있을 뿐이며 그마저도 한순간이다 마크 트웨인 https://youtu.be/Hg_De3Ie4Vk?si=aQInVOCdAR6he8Ea",,naver_blog,사과,canonical,1.0,2026-05-26T11:50:14.768518+00:00,0,0,0,0,Oh,"또 다시 즐길 수 있게 해준다 인생은 너무도 짧기에, 다툼이나 <b>사과</b>, 후회, 책망에 쓸 시간은 없다. 오직 사랑할 시간만이 있을 뿐이며 그마저도 한순간이다 마크 트웨인 https://youtu.be/Hg_De3Ie4Vk?si=aQInVOCdAR6he8Ea","{""title"": ""하버드 연구 | 행복한 사람들의 공통점"", ""link"": ""https://blog.naver.com/gns2509/224297189740"", ""description"": ""또 다시 즐길 수 있게 해준다 인생은 너무도 짧기에, 다툼이나 <b>사과</b>, 후회, 책망에 쓸 시간은 없다. 오직 사랑할 시간만이 있을 뿐이며 그마저도 한순간이다 마크 트웨인 https://youtu.be/Hg_De3Ie4Vk?si=aQInVOCdAR6he8Ea"", ""bloggername"": ""Oh"", ""bloggerlink"": ""blog.naver.com/gns2509"", ""postdate"": ""20260526""}",Oh,blog.naver.com/gns2509
사과,single_term_fallback,사과,청정원 저당 홍초 레드애플 레몬라임 활용 레시피 여름음료... ,https://blog.naver.com/ddltnfka/224297189299,20260526,깍둑썰기한 <b>사과</b> 2스푼 얼음 컵 가득 준비 플레인 탄산수 300ml 청정원 저당 홍초 레드애플 100ml 그럼... 그 후 작게 깍둑썰기한 <b>사과</b> 2스푼을 넣어주세요 3. 이제 탄산수를 컵에 300ml 부어주고 4. 그 위로 저당 홍초... ,,naver_blog,사과,canonical,1.0,2026-05-26T11:50:14.768518+00:00,0,0,0,0,푸드인플루언서 푸디라미,깍둑썰기한 <b>사과</b> 2스푼 얼음 컵 가득 준비 플레인 탄산수 300ml 청정원 저당 홍초 레드애플 100ml 그럼... 그 후 작게 깍둑썰기한 <b>사과</b> 2스푼을 넣어주세요 3. 이제 탄산수를 컵에 300ml 부어주고 4. 그 위로 저당 홍초... ,"{""title"": ""청정원 저당 홍초 레드애플 레몬라임 활용 레시피 여름음료... "", ""link"": ""https://blog.naver.com/ddltnfka/224297189299"", ""description"": ""깍둑썰기한 <b>사과</b> 2스푼 얼음 컵 가득 준비 플레인 탄산수 300ml 청정원 저당 홍초 레드애플 100ml 그럼... 그 후 작게 깍둑썰기한 <b>사과</b> 2스푼을 넣어주세요 3. 이제 탄산수를 컵에 300ml 부어주고 4. 그 위로 저당 홍초... "", ""bloggername"": ""푸드인플루언서 푸디라미"", ""bloggerlink"": ""blog.naver.com/ddltnfka"", ""postdate"": ""20260526""}",푸드인플루언서 푸디라미,blog.naver.com/ddltnfka
사과,single_term_fallback,사과,"데이트폭력, 헤어지자는 말에 돌변했다면? 전조증상 체크리스트",https://blog.naver.com/okmaumcenter/224297189590,20260526,폭언에 놀란 지민(가명)씨는 이별을 통보했지만 <b>사과</b>와 회유를 반복하면서 지민 씨도 마음이 약해졌습니다. 한때는 정말 믿고 의지했던 사람인데 헤어져도 괜찮을까요? 제가 나쁜 사람일까요? 지민(가명)씨는... ,,naver_blog,사과,canonical,1.0,2026-05-26T11:50:14.768518+00:00,0,0,0,0,괜찮아 심리상담소,폭언에 놀란 지민(가명)씨는 이별을 통보했지만 <b>사과</b>와 회유를 반복하면서 지민 씨도 마음이 약해졌습니다. 한때는 정말 믿고 의지했던 사람인데 헤어져도 괜찮을까요? 제가 나쁜 사람일까요? 지민(가명)씨는... ,"{""title"": ""데이트폭력, 헤어지자는 말에 돌변했다면? 전조증상 체크리스트"", ""link"": ""https://blog.naver.com/okmaumcenter/224297189590"", ""description"": ""폭언에 놀란 지민(가명)씨는 이별을 통보했지만 <b>사과</b>와 회유를 반복하면서 지민 씨도 마음이 약해졌습니다. 한때는 정말 믿고 의지했던 사람인데 헤어져도 괜찮을까요? 제가 나쁜 사람일까요? 지민(가명)씨는... "", ""bloggername"": ""괜찮아 심리상담소"", ""bloggerlink"": ""blog.naver.com/okmaumcenter"", ""postdate"": ""20260526""}",괜찮아 심리상담소,blog.naver.com/okmaumcenter
사과,single_term_fallback,사과,반가운 초대/근덕 다리실 펜션/독채펜션,https://blog.naver.com/suspense71/224297190010,20260526,"감자 포도 <b>사과</b> 감자, 포도, <b>사과</b>,등 여러가지 과일들도 주인장의 성격을 보는 듯 풀 한포기 없이 열매들이 맺혀 있었고 마치 시골 할머니 집을 온듯 한쪽 구석에는 불멍을 위한 장작들도 가득. 가을이 주인없는... ",,naver_blog,사과,canonical,1.0,2026-05-26T11:50:14.768518+00:00,0,0,0,0,소소하지만 단단하게,"감자 포도 <b>사과</b> 감자, 포도, <b>사과</b>,등 여러가지 과일들도 주인장의 성격을 보는 듯 풀 한포기 없이 열매들이 맺혀 있었고 마치 시골 할머니 집을 온듯 한쪽 구석에는 불멍을 위한 장작들도 가득. 가을이 주인없는... ","{""title"": ""반가운 초대/근덕 다리실 펜션/독채펜션"", ""link"": ""https://blog.naver.com/suspense71/224297190010"", ""description"": ""감자 포도 <b>사과</b> 감자, 포도, <b>사과</b>,등 여러가지 과일들도 주인장의 성격을 보는 듯 풀 한포기 없이 열매들이 맺혀 있었고 마치 시골 할머니 집을 온듯 한쪽 구석에는 불멍을 위한 장작들도 가득. 가을이 주인없는... "", ""bloggername"": ""소소하지만 단단하게"", ""bloggerlink"": ""blog.naver.com/suspense71"", ""postdate"": ""20260526""}",소소하지만 단단하게,blog.naver.com/suspense71
사과,single_term_fallback,사과,가볍게 추천 펭귄샌드백 픽펭 복싱잽볼 잽볼 머리띠공 펀치볼... ,https://blog.naver.com/nauf_6lmeckt_9s/224297188916,20260526,"갤럭시 s25 s24 s23 s22 플러스 울트라 귀여운 <b>사과</b> 안테나 캐릭터 입체 실리콘 케이스 사용이 정말... 갤럭시 s25 s24 s23 s22 플러스 울트라 귀여운 <b>사과</b> 안테나 캐릭터 입체 실리콘 케이스 ￦ 9,700원 별점... ",,naver_blog,사과,canonical,1.0,2026-05-26T11:50:14.768518+00:00,0,0,0,0,nauf_6lmeckt_9s님의 블로그,"갤럭시 s25 s24 s23 s22 플러스 울트라 귀여운 <b>사과</b> 안테나 캐릭터 입체 실리콘 케이스 사용이 정말... 갤럭시 s25 s24 s23 s22 플러스 울트라 귀여운 <b>사과</b> 안테나 캐릭터 입체 실리콘 케이스 ￦ 9,700원 별점... ","{""title"": ""가볍게 추천 펭귄샌드백 픽펭 복싱잽볼 잽볼 머리띠공 펀치볼... "", ""link"": ""https://blog.naver.com/nauf_6lmeckt_9s/224297188916"", ""description"": ""갤럭시 s25 s24 s23 s22 플러스 울트라 귀여운 <b>사과</b> 안테나 캐릭터 입체 실리콘 케이스 사용이 정말... 갤럭시 s25 s24 s23 s22 플러스 울트라 귀여운 <b>사과</b> 안테나 캐릭터 입체 실리콘 케이스 ￦ 9,700원 별점... "", ""bloggername"": ""nauf_6lmeckt_9s님의 블로그"", ""bloggerlink"": ""blog.naver.com/nauf_6lmeckt_9s"", ""postdate"": ""20260526""}",nauf_6lmeckt_9s님의 블로그,blog.naver.com/nauf_6lmeckt_9s
사과,single_term_fallback,사과,나의 행복한 결혼 보기 전 필독: 영화·애니 차이와 시즌2 관전... ,https://blog.naver.com/kim6352p/224297188750,20260526,미요가 계속 <b>사과</b>하고 움츠러드는 장면이 반복되니까요. 그런데 그 답답함이 있어야 후반의 변화가 더 또렷하게 느껴진다는 점이 이 작품의 장점이기도 해요. 기본 줄거리와 세계관 쉽게 이해하기 작품의... ,,naver_blog,사과,canonical,1.0,2026-05-26T11:50:14.768518+00:00,0,0,0,0,소소한 정보통,미요가 계속 <b>사과</b>하고 움츠러드는 장면이 반복되니까요. 그런데 그 답답함이 있어야 후반의 변화가 더 또렷하게 느껴진다는 점이 이 작품의 장점이기도 해요. 기본 줄거리와 세계관 쉽게 이해하기 작품의... ,"{""title"": ""나의 행복한 결혼 보기 전 필독: 영화·애니 차이와 시즌2 관전... "", ""link"": ""https://blog.naver.com/kim6352p/224297188750"", ""description"": ""미요가 계속 <b>사과</b>하고 움츠러드는 장면이 반복되니까요. 그런데 그 답답함이 있어야 후반의 변화가 더 또렷하게 느껴진다는 점이 이 작품의 장점이기도 해요. 기본 줄거리와 세계관 쉽게 이해하기 작품의... "", ""bloggername"": ""소소한 정보통"", ""bloggerlink"": ""blog.naver.com/kim6352p"", ""postdate"": ""20260526""}",소소한 정보통,blog.naver.com/kim6352p
사과,single_term_fallback,사과,동물농장,https://blog.naver.com/beomsubag311/224297188425,20260526,"난 <b>사과</b>와 젖을 다른 이들에게 나누어줄 수 있을까. 금방 읽을 순 있지만 쉽게 떠날 순 없는 책이다. 1984를 먼저 읽고 보면 더 좋은 책이란 생각이 들지만, 좋은 책이라는 건 부정할 수 없다. 1984랑 같이 한번... ",,naver_blog,사과,canonical,1.0,2026-05-26T11:50:14.768518+00:00,0,0,0,0,구상성단,"난 <b>사과</b>와 젖을 다른 이들에게 나누어줄 수 있을까. 금방 읽을 순 있지만 쉽게 떠날 순 없는 책이다. 1984를 먼저 읽고 보면 더 좋은 책이란 생각이 들지만, 좋은 책이라는 건 부정할 수 없다. 1984랑 같이 한번... ","{""title"": ""동물농장"", ""link"": ""https://blog.naver.com/beomsubag311/224297188425"", ""description"": ""난 <b>사과</b>와 젖을 다른 이들에게 나누어줄 수 있을까. 금방 읽을 순 있지만 쉽게 떠날 순 없는 책이다. 1984를 먼저 읽고 보면 더 좋은 책이란 생각이 들지만, 좋은 책이라는 건 부정할 수 없다. 1984랑 같이 한번... "", ""bloggername"": ""구상성단"", ""bloggerlink"": ""blog.naver.com/beomsubag311"", ""postdate"": ""20260526""}",구상성단,blog.naver.com/beomsubag311
사과,single_term_fallback,사과,‘탁 치면 억 하고…’ 13년 전 MBC 진짜 사나이 자막까지... ,https://blog.naver.com/severance1997/224297187726,20260526,"대국민 <b>사과</b>에 나섰습니다. 이런 상황에서 과거 방송사 역시 비슷한 표현을 사용했다는 점이 드러나자... 스타벅스, 무신사, 런닝맨, 진짜 사나이 사례가 함께 거론되면서, 단순 <b>사과</b>보다 내부 검수 시스템이... ",,naver_blog,사과,canonical,1.0,2026-05-26T11:50:14.768518+00:00,0,0,0,0,severance1997님의 블로그,"대국민 <b>사과</b>에 나섰습니다. 이런 상황에서 과거 방송사 역시 비슷한 표현을 사용했다는 점이 드러나자... 스타벅스, 무신사, 런닝맨, 진짜 사나이 사례가 함께 거론되면서, 단순 <b>사과</b>보다 내부 검수 시스템이... ","{""title"": ""‘탁 치면 억 하고…’ 13년 전 MBC 진짜 사나이 자막까지... "", ""link"": ""https://blog.naver.com/severance1997/224297187726"", ""description"": ""대국민 <b>사과</b>에 나섰습니다. 이런 상황에서 과거 방송사 역시 비슷한 표현을 사용했다는 점이 드러나자... 스타벅스, 무신사, 런닝맨, 진짜 사나이 사례가 함께 거론되면서, 단순 <b>사과</b>보다 내부 검수 시스템이... "", ""bloggername"": ""severance1997님의 블로그"", ""bloggerlink"": ""blog.naver.com/severance1997"", ""postdate"": ""20260526""}",severance1997님의 블로그,blog.naver.com/severance1997
사과,single_term_fallback,사과,주말에는 시골에서 (48)/보리수 열매가 익어가고 있어요,https://blog.naver.com/skygirl64/224297188158,20260526,"들기름 없어서 참기름 한 스푼, 매실액 한 스푼, <b>사과</b>식초 한 스푼, 간장 반 스푼을 뿌려 샐러드를 만들고 집에서 가져온 <b>사과</b>, 토마토, 당근, 참외를 썰어 접시에 담았다. 피스타치오도 한 줌, 수란도 만들고... ",,naver_blog,사과,canonical,1.0,2026-05-26T11:50:14.768518+00:00,0,0,0,0,한가한 일상,"들기름 없어서 참기름 한 스푼, 매실액 한 스푼, <b>사과</b>식초 한 스푼, 간장 반 스푼을 뿌려 샐러드를 만들고 집에서 가져온 <b>사과</b>, 토마토, 당근, 참외를 썰어 접시에 담았다. 피스타치오도 한 줌, 수란도 만들고... ","{""title"": ""주말에는 시골에서 (48)/보리수 열매가 익어가고 있어요"", ""link"": ""https://blog.naver.com/skygirl64/224297188158"", ""description"": ""들기름 없어서 참기름 한 스푼, 매실액 한 스푼, <b>사과</b>식초 한 스푼, 간장 반 스푼을 뿌려 샐러드를 만들고 집에서 가져온 <b>사과</b>, 토마토, 당근, 참외를 썰어 접시에 담았다. 피스타치오도 한 줌, 수란도 만들고... "", ""bloggername"": ""한가한 일상"", ""bloggerlink"": ""blog.naver.com/skygirl64"", ""postdate"": ""20260526""}",한가한 일상,blog.naver.com/skygirl64
사과,single_term_fallback,사과,페로어페로에는..,https://blog.naver.com/ysj923492/224297188072,20260526,양산원동미나리가 들어간 미나리<b>사과</b>주스! 이것또한 잉? 미나리가 들어간 주스?하시겠지만! 미나리를 싫어하지 않는 분이라면 적극 추천 할 만한 음료랍니다~^^ 미나리.<b>사과</b>.코코넛워터가 들어간 음료는... ,,naver_blog,사과,canonical,1.0,2026-05-26T11:50:14.768518+00:00,0,0,0,0,양산브런치맛집.양산맛집.페로어페로양산점,양산원동미나리가 들어간 미나리<b>사과</b>주스! 이것또한 잉? 미나리가 들어간 주스?하시겠지만! 미나리를 싫어하지 않는 분이라면 적극 추천 할 만한 음료랍니다~^^ 미나리.<b>사과</b>.코코넛워터가 들어간 음료는... ,"{""title"": ""페로어페로에는.."", ""link"": ""https://blog.naver.com/ysj923492/224297188072"", ""description"": ""양산원동미나리가 들어간 미나리<b>사과</b>주스! 이것또한 잉? 미나리가 들어간 주스?하시겠지만! 미나리를 싫어하지 않는 분이라면 적극 추천 할 만한 음료랍니다~^^ 미나리.<b>사과</b>.코코넛워터가 들어간 음료는... "", ""bloggername"": ""양산브런치맛집.양산맛집.페로어페로양산점"", ""bloggerlink"": ""blog.naver.com/ysj923492"", ""postdate"": ""20260526""}",양산브런치맛집.양산맛집.페로어페로양산점,blog.naver.com/ysj923492
사과,single_term_fallback,사과,「특명! 동화 탈출기」  7화,https://blog.naver.com/dkswlals2005/224297187799,20260526,"죄송해요.” 하고 <b>사과</b>했다. 그러자 그녀의 이야기를 조용히 듣고 있던 첫째는 고개를 가로젓고선... 엘리자도 크게 다치지 않았다고 하고, 하리도 <b>사과</b>하고 있었으니까. 물론, 사고였으니 딱히 그녀가 <b>사과</b>할... ",,naver_blog,사과,canonical,1.0,2026-05-26T11:50:14.768518+00:00,0,0,0,0,강림이덕 유시의 이야기,"죄송해요.” 하고 <b>사과</b>했다. 그러자 그녀의 이야기를 조용히 듣고 있던 첫째는 고개를 가로젓고선... 엘리자도 크게 다치지 않았다고 하고, 하리도 <b>사과</b>하고 있었으니까. 물론, 사고였으니 딱히 그녀가 <b>사과</b>할... ","{""title"": ""「특명! 동화 탈출기」  7화"", ""link"": ""https://blog.naver.com/dkswlals2005/224297187799"", ""description"": ""죄송해요.” 하고 <b>사과</b>했다. 그러자 그녀의 이야기를 조용히 듣고 있던 첫째는 고개를 가로젓고선... 엘리자도 크게 다치지 않았다고 하고, 하리도 <b>사과</b>하고 있었으니까. 물론, 사고였으니 딱히 그녀가 <b>사과</b>할... "", ""bloggername"": ""강림이덕 유시의 이야기"", ""bloggerlink"": ""blog.naver.com/dkswlals2005"", ""postdate"": ""20260526""}",강림이덕 유시의 이야기,blog.naver.com/dkswlals2005
사과,single_term_fallback,사과,[최현덕 남양주시장 후보]봉선사 봉축법요식 참석,https://blog.naver.com/2580press/224297188351,20260526,"그는 “내란 사태에 침묵하는 세력에게 남양주의 미래를 절대로 맡길 수 없다”며, “<b>사과</b>도 반성도 없는 국민의힘과 주광덕 후보를 이번 선거에서 반드시 심판해달라”고 강조했다. 최현덕 후보의 마석과 화도... ",,naver_blog,사과,canonical,1.0,2026-05-26T11:50:14.768518+00:00,0,0,0,0,폴리스타임즈(블로그 판),"그는 “내란 사태에 침묵하는 세력에게 남양주의 미래를 절대로 맡길 수 없다”며, “<b>사과</b>도 반성도 없는 국민의힘과 주광덕 후보를 이번 선거에서 반드시 심판해달라”고 강조했다. 최현덕 후보의 마석과 화도... ","{""title"": ""[최현덕 남양주시장 후보]봉선사 봉축법요식 참석"", ""link"": ""https://blog.naver.com/2580press/224297188351"", ""description"": ""그는 “내란 사태에 침묵하는 세력에게 남양주의 미래를 절대로 맡길 수 없다”며, “<b>사과</b>도 반성도 없는 국민의힘과 주광덕 후보를 이번 선거에서 반드시 심판해달라”고 강조했다. 최현덕 후보의 마석과 화도... "", ""bloggername"": ""폴리스타임즈(블로그 판)"", ""bloggerlink"": ""blog.naver.com/2580press"", ""postdate"": ""20260526""}",폴리스타임즈(블로그 판),blog.naver.com/2580press
사과,single_term_fallback,사과,26년 5월 3주차 | 다시 돌아온 다이어트 일기(?),https://blog.naver.com/haevae1/224297188002,20260526,다이어트 중이라면서 첫 사진은 음식^.^ 아침 야무지게 챙겨먹었어요 루꼴라<b>사과</b>샌드위치 어떤데... 루꼴라<b>사과</b>샌드위치 샐러디x선재스님 두번째 메뉴 당근국수 거기에 두부추가 ..이거 재구매의사 0..(당근... ,,naver_blog,사과,canonical,1.0,2026-05-26T11:50:14.768518+00:00,0,0,0,0,도니의 맛따라 멋따라,다이어트 중이라면서 첫 사진은 음식^.^ 아침 야무지게 챙겨먹었어요 루꼴라<b>사과</b>샌드위치 어떤데... 루꼴라<b>사과</b>샌드위치 샐러디x선재스님 두번째 메뉴 당근국수 거기에 두부추가 ..이거 재구매의사 0..(당근... ,"{""title"": ""26년 5월 3주차 | 다시 돌아온 다이어트 일기(?)"", ""link"": ""https://blog.naver.com/haevae1/224297188002"", ""description"": ""다이어트 중이라면서 첫 사진은 음식^.^ 아침 야무지게 챙겨먹었어요 루꼴라<b>사과</b>샌드위치 어떤데... 루꼴라<b>사과</b>샌드위치 샐러디x선재스님 두번째 메뉴 당근국수 거기에 두부추가 ..이거 재구매의사 0..(당근... "", ""bloggername"": ""도니의 맛따라 멋따라"", ""bloggerlink"": ""blog.naver.com/haevae1"", ""postdate"": ""20260526""}",도니의 맛따라 멋따라,blog.naver.com/haevae1
사과,single_term_fallback,사과,스타벅스 카드 환불 갑자기 쉬워진 이유? 탱크데이 논란부터... ,https://blog.naver.com/arar0821/224297187672,20260526,결국 관련 직원 직무 배제와 대표 및 임원 교체까지 이어졌고 정용진 신세계그룹 회장도 직접 <b>사과</b>에 나섰습니다. 3. 환불 논란까지 번진 이유 이후 일부 소비자들은 스타벅스 앱 탈퇴와 카드 환불을 시도하기... ,,naver_blog,사과,canonical,1.0,2026-05-26T11:50:14.768518+00:00,0,0,0,0,브링브링 고고고,결국 관련 직원 직무 배제와 대표 및 임원 교체까지 이어졌고 정용진 신세계그룹 회장도 직접 <b>사과</b>에 나섰습니다. 3. 환불 논란까지 번진 이유 이후 일부 소비자들은 스타벅스 앱 탈퇴와 카드 환불을 시도하기... ,"{""title"": ""스타벅스 카드 환불 갑자기 쉬워진 이유? 탱크데이 논란부터... "", ""link"": ""https://blog.naver.com/arar0821/224297187672"", ""description"": ""결국 관련 직원 직무 배제와 대표 및 임원 교체까지 이어졌고 정용진 신세계그룹 회장도 직접 <b>사과</b>에 나섰습니다. 3. 환불 논란까지 번진 이유 이후 일부 소비자들은 스타벅스 앱 탈퇴와 카드 환불을 시도하기... "", ""bloggername"": ""브링브링 고고고"", ""bloggerlink"": ""blog.naver.com/arar0821"", ""postdate"": ""20260526""}",브링브링 고고고,blog.naver.com/arar0821
사과,single_term_fallback,사과,"천천히, 한께 걷는 길",https://blog.naver.com/ohu-5/224297187176,20260526,그 이름들을 보는데 가슴 한구석이 먹먹해져서 얼른 <b>사과</b>와 설명을 담은 편지를 쓰기 시작했습니다. 정덕원 서둘러 발송해야 하기에 이번에는 손편지 대신 노트북을 켰습니다. 쓰고 고치기를 밤새 반복했습니다.... ,,naver_blog,사과,canonical,1.0,2026-05-26T11:50:14.768518+00:00,0,0,0,0,오후 다섯시,그 이름들을 보는데 가슴 한구석이 먹먹해져서 얼른 <b>사과</b>와 설명을 담은 편지를 쓰기 시작했습니다. 정덕원 서둘러 발송해야 하기에 이번에는 손편지 대신 노트북을 켰습니다. 쓰고 고치기를 밤새 반복했습니다.... ,"{""title"": ""천천히, 한께 걷는 길"", ""link"": ""https://blog.naver.com/ohu-5/224297187176"", ""description"": ""그 이름들을 보는데 가슴 한구석이 먹먹해져서 얼른 <b>사과</b>와 설명을 담은 편지를 쓰기 시작했습니다. 정덕원 서둘러 발송해야 하기에 이번에는 손편지 대신 노트북을 켰습니다. 쓰고 고치기를 밤새 반복했습니다.... "", ""bloggername"": ""오후 다섯시"", ""bloggerlink"": ""blog.naver.com/ohu-5"", ""postdate"": ""20260526""}",오후 다섯시,blog.naver.com/ohu-5
사과,single_term_fallback,사과,봄 패션 추천 : 패딩~반팔,https://blog.naver.com/naeku24/224297187438,20260526,대한 <b>사과</b>로 아이스크림 싸게 사게 해주더라고 ㅋㅋ 머리 왕 길어 머리가 많이 자랐죠? 이제 장발이랍니다~ 고양이가 어떻게 내려올까 보면서 파스타 먹깅 그래 봄에 시련도 와야지 그래야 봄이지 흥나숭 갖고... ,,naver_blog,사과,canonical,1.0,2026-05-26T11:50:14.768518+00:00,0,0,0,0,（´-`）.｡oO,대한 <b>사과</b>로 아이스크림 싸게 사게 해주더라고 ㅋㅋ 머리 왕 길어 머리가 많이 자랐죠? 이제 장발이랍니다~ 고양이가 어떻게 내려올까 보면서 파스타 먹깅 그래 봄에 시련도 와야지 그래야 봄이지 흥나숭 갖고... ,"{""title"": ""봄 패션 추천 : 패딩~반팔"", ""link"": ""https://blog.naver.com/naeku24/224297187438"", ""description"": ""대한 <b>사과</b>로 아이스크림 싸게 사게 해주더라고 ㅋㅋ 머리 왕 길어 머리가 많이 자랐죠? 이제 장발이랍니다~ 고양이가 어떻게 내려올까 보면서 파스타 먹깅 그래 봄에 시련도 와야지 그래야 봄이지 흥나숭 갖고... "", ""bloggername"": ""（´-`）.｡oO"", ""bloggerlink"": ""blog.naver.com/naeku24"", ""postdate"": ""20260526""}",（´-`）.｡oO,blog.naver.com/naeku24
사과,single_term_fallback,사과,식습관 만들기 홈메이드  케일 <b>사과</b> 바나나 주스 만들어 먹기,https://blog.naver.com/jiayou5057/224297187177,20260526,"건강한 식습관에 관심이 많은 저에게 <b>사과</b>바나나케일쥬스는 20대중후반부터 열심히 먹어온... 바나나가 단맛을 만들어주고, <b>사과</b>의 새콤달콤한 맛도 더해줘서 바로 마실만하답니다. 조금더... ",,naver_blog,사과,canonical,1.0,2026-05-26T11:50:14.768518+00:00,0,0,0,0,기쁨맘으로 사는삶_in BUSAN,"건강한 식습관에 관심이 많은 저에게 <b>사과</b>바나나케일쥬스는 20대중후반부터 열심히 먹어온... 바나나가 단맛을 만들어주고, <b>사과</b>의 새콤달콤한 맛도 더해줘서 바로 마실만하답니다. 조금더... ","{""title"": ""식습관 만들기 홈메이드  케일 <b>사과</b> 바나나 주스 만들어 먹기"", ""link"": ""https://blog.naver.com/jiayou5057/224297187177"", ""description"": ""건강한 식습관에 관심이 많은 저에게 <b>사과</b>바나나케일쥬스는 20대중후반부터 열심히 먹어온... 바나나가 단맛을 만들어주고, <b>사과</b>의 새콤달콤한 맛도 더해줘서 바로 마실만하답니다. 조금더... "", ""bloggername"": ""기쁨맘으로 사는삶_in BUSAN"", ""bloggerlink"": ""blog.naver.com/jiayou5057"", ""postdate"": ""20260526""}",기쁨맘으로 사는삶_in BUSAN,blog.naver.com/jiayou5057
사과,single_term_fallback,사과,"모에브 헤어 식초 여름철 정수리 냄새 걱정 끝, 3초 두피 리셋",https://blog.naver.com/22dmswls/224297187439,20260526,싱그러운 <b>사과</b> 향만 맴돌 뿐 쾌쾌한 기름 냄새가 전혀 올라오지 않는다는 점이 가장 만족스러운 변화였어요! 모발 영양에 집중하면 두피가 금방 떡지는 딜레마에 늘 빠지곤 했던 저 하지만 이 제품은 약산성... ,,naver_blog,사과,canonical,1.0,2026-05-26T11:50:14.768518+00:00,0,0,0,0,뷰티패션블로거 웅디니의 오늘하루,싱그러운 <b>사과</b> 향만 맴돌 뿐 쾌쾌한 기름 냄새가 전혀 올라오지 않는다는 점이 가장 만족스러운 변화였어요! 모발 영양에 집중하면 두피가 금방 떡지는 딜레마에 늘 빠지곤 했던 저 하지만 이 제품은 약산성... ,"{""title"": ""모에브 헤어 식초 여름철 정수리 냄새 걱정 끝, 3초 두피 리셋"", ""link"": ""https://blog.naver.com/22dmswls/224297187439"", ""description"": ""싱그러운 <b>사과</b> 향만 맴돌 뿐 쾌쾌한 기름 냄새가 전혀 올라오지 않는다는 점이 가장 만족스러운 변화였어요! 모발 영양에 집중하면 두피가 금방 떡지는 딜레마에 늘 빠지곤 했던 저 하지만 이 제품은 약산성... "", ""bloggername"": ""뷰티패션블로거 웅디니의 오늘하루"", ""bloggerlink"": ""blog.naver.com/22dmswls"", ""postdate"": ""20260526""}",뷰티패션블로거 웅디니의 오늘하루,blog.naver.com/22dmswls
사과,single_term_fallback,사과,영상협박 협박을 받았다면 즉시 증거를 확보해야 합니다,https://blog.naver.com/45attractive/224297186949,20260526,"그래서 지금 가장 먼저 할 일은 <b>사과</b>나 해명이 아니라, 증거를 보존하는 것입니다. 많이 도봉구상속포기 한정승인 놓치는 부분도 있습니다. 영상협박은 단순한 말다툼이 아니라, 금전 요구와 결합되면 더 무거운... ",,naver_blog,사과,canonical,1.0,2026-05-26T11:50:14.768518+00:00,0,0,0,0,45attractive님의 블로그,"그래서 지금 가장 먼저 할 일은 <b>사과</b>나 해명이 아니라, 증거를 보존하는 것입니다. 많이 도봉구상속포기 한정승인 놓치는 부분도 있습니다. 영상협박은 단순한 말다툼이 아니라, 금전 요구와 결합되면 더 무거운... ","{""title"": ""영상협박 협박을 받았다면 즉시 증거를 확보해야 합니다"", ""link"": ""https://blog.naver.com/45attractive/224297186949"", ""description"": ""그래서 지금 가장 먼저 할 일은 <b>사과</b>나 해명이 아니라, 증거를 보존하는 것입니다. 많이 도봉구상속포기 한정승인 놓치는 부분도 있습니다. 영상협박은 단순한 말다툼이 아니라, 금전 요구와 결합되면 더 무거운... "", ""bloggername"": ""45attractive님의 블로그"", ""bloggerlink"": ""blog.naver.com/45attractive"", ""postdate"": ""20260526""}",45attractive님의 블로그,blog.naver.com/45attractive
사과,single_term_fallback,사과,라오스정보 롱챙 동굴구조 태국구조팀 향한 모욕발언 공개<b>사과</b>,https://blog.naver.com/multilang123/224297186769,20260526,라오스정보 롱챙 동굴구조 태국구조팀 향한 모욕발언 공개<b>사과</b> &quot;라오스정보 롱챙 동굴구조 태국구조팀 향한 모욕발언 공개<b>사과</b>&quot; [라오스정보 따라잡기]... ,,naver_blog,사과,canonical,1.0,2026-05-26T11:50:14.768518+00:00,0,0,0,0,ALL THAT LANGUAGE,라오스정보 롱챙 동굴구조 태국구조팀 향한 모욕발언 공개<b>사과</b> &quot;라오스정보 롱챙 동굴구조 태국구조팀 향한 모욕발언 공개<b>사과</b>&quot; [라오스정보 따라잡기]... ,"{""title"": ""라오스정보 롱챙 동굴구조 태국구조팀 향한 모욕발언 공개<b>사과</b>"", ""link"": ""https://blog.naver.com/multilang123/224297186769"", ""description"": ""라오스정보 롱챙 동굴구조 태국구조팀 향한 모욕발언 공개<b>사과</b> &quot;라오스정보 롱챙 동굴구조 태국구조팀 향한 모욕발언 공개<b>사과</b>&quot; [라오스정보 따라잡기]... "", ""bloggername"": ""ALL THAT LANGUAGE"", ""bloggerlink"": ""blog.naver.com/multilang123"", ""postdate"": ""20260526""}",ALL THAT LANGUAGE,blog.naver.com/multilang123
사과,single_term_fallback,사과,"양배추 효능 총정리! 위 건강,다이어트,변비에 좋은 이유",https://blog.naver.com/duduri1004-/224297185447,20260526,양배추와 궁합 좋은 음식 ✔️ <b>사과</b> * 상큼한 맛이 잘 어울리며 샐러드 조합으로 인기가 많습니다. ✔️ 당근 * 식감이 좋고 영양 균형에도 도움이 됩니다. ✔️ 닭가슴살 * 다이어트 식단 조합으로 유명합니다.... ,,naver_blog,사과,canonical,1.0,2026-05-26T11:50:14.768518+00:00,0,0,0,0,건강한 삶 추구하는 두두리,양배추와 궁합 좋은 음식 ✔️ <b>사과</b> * 상큼한 맛이 잘 어울리며 샐러드 조합으로 인기가 많습니다. ✔️ 당근 * 식감이 좋고 영양 균형에도 도움이 됩니다. ✔️ 닭가슴살 * 다이어트 식단 조합으로 유명합니다.... ,"{""title"": ""양배추 효능 총정리! 위 건강,다이어트,변비에 좋은 이유"", ""link"": ""https://blog.naver.com/duduri1004-/224297185447"", ""description"": ""양배추와 궁합 좋은 음식 ✔️ <b>사과</b> * 상큼한 맛이 잘 어울리며 샐러드 조합으로 인기가 많습니다. ✔️ 당근 * 식감이 좋고 영양 균형에도 도움이 됩니다. ✔️ 닭가슴살 * 다이어트 식단 조합으로 유명합니다.... "", ""bloggername"": ""건강한 삶 추구하는 두두리"", ""bloggerlink"": ""blog.naver.com/duduri1004-"", ""postdate"": ""20260526""}",건강한 삶 추구하는 두두리,blog.naver.com/duduri1004-
사과,single_term_fallback,사과,부산 해운대 2박 3일 여행 코스 엄마와 함께 가기 좋은 곳,https://blog.naver.com/juwel0630/224297185852,20260526,했으나 <b>사과</b> 말씀도 따로 없으셨다 그치만 가격 대비 확실히 구성은 좋아서 가성비는 맞음!! 재방문 의사는 없다 다시 숙소로 와서 반신욕 하고 쿨쿨 잤다 라운지 수영장 가려고 했는데 피곤해서 다음날로 다... ,,naver_blog,사과,canonical,1.0,2026-05-26T11:50:14.768518+00:00,0,0,0,0,grève,했으나 <b>사과</b> 말씀도 따로 없으셨다 그치만 가격 대비 확실히 구성은 좋아서 가성비는 맞음!! 재방문 의사는 없다 다시 숙소로 와서 반신욕 하고 쿨쿨 잤다 라운지 수영장 가려고 했는데 피곤해서 다음날로 다... ,"{""title"": ""부산 해운대 2박 3일 여행 코스 엄마와 함께 가기 좋은 곳"", ""link"": ""https://blog.naver.com/juwel0630/224297185852"", ""description"": ""했으나 <b>사과</b> 말씀도 따로 없으셨다 그치만 가격 대비 확실히 구성은 좋아서 가성비는 맞음!! 재방문 의사는 없다 다시 숙소로 와서 반신욕 하고 쿨쿨 잤다 라운지 수영장 가려고 했는데 피곤해서 다음날로 다... "", ""bloggername"": ""grève"", ""bloggerlink"": ""blog.naver.com/juwel0630"", ""postdate"": ""20260526""}",grève,blog.naver.com/juwel0630
사과,single_term_fallback,사과,"민주당 강준현 번복 사태, 스타벅스 정용진 <b>사과</b> 두고 빚어진... ",https://blog.naver.com/gung_joo2/224297185885,20260526,"더불어민주당 강준현 수석대변인이 신세계 정용진 회장의 <b>사과</b>를 두고 &quot;진정성 있다&quot;고 평가했다가, 반나절 만에 이를 &quot;경솔한 표현이었다&quot;며 공식 <b>사과</b>하고 발언을 번복했습니다. 이번 사태는 선동 자체를... ",,naver_blog,사과,canonical,1.0,2026-05-26T11:50:14.768518+00:00,0,0,0,0,세상의 모든것,"더불어민주당 강준현 수석대변인이 신세계 정용진 회장의 <b>사과</b>를 두고 &quot;진정성 있다&quot;고 평가했다가, 반나절 만에 이를 &quot;경솔한 표현이었다&quot;며 공식 <b>사과</b>하고 발언을 번복했습니다. 이번 사태는 선동 자체를... ","{""title"": ""민주당 강준현 번복 사태, 스타벅스 정용진 <b>사과</b> 두고 빚어진... "", ""link"": ""https://blog.naver.com/gung_joo2/224297185885"", ""description"": ""더불어민주당 강준현 수석대변인이 신세계 정용진 회장의 <b>사과</b>를 두고 &quot;진정성 있다&quot;고 평가했다가, 반나절 만에 이를 &quot;경솔한 표현이었다&quot;며 공식 <b>사과</b>하고 발언을 번복했습니다. 이번 사태는 선동 자체를... "", ""bloggername"": ""세상의 모든것"", ""bloggerlink"": ""blog.naver.com/gung_joo2"", ""postdate"": ""20260526""}",세상의 모든것,blog.naver.com/gung_joo2
사과,single_term_fallback,사과,"논란에 고개 숙이다: 대국민 <b>사과</b>, 책임과 진정성 사이",https://blog.naver.com/ohohhaha79/224297185606,20260526,"대국민 <b>사과</b>로 이어지며 파문이 일고 있습니다. 단순한 기업의 마케팅 실수가 아닌, 5·18 민주화운동을... 과거 발언들의 재조명, ‘멸공’ 논란과의 연결고리 정 회장의 이번 대국민 <b>사과</b>는 그의 과거 행적, 특히... ",,naver_blog,사과,canonical,1.0,2026-05-26T11:50:14.768518+00:00,0,0,0,0,뉴스/경제 정리,"대국민 <b>사과</b>로 이어지며 파문이 일고 있습니다. 단순한 기업의 마케팅 실수가 아닌, 5·18 민주화운동을... 과거 발언들의 재조명, ‘멸공’ 논란과의 연결고리 정 회장의 이번 대국민 <b>사과</b>는 그의 과거 행적, 특히... ","{""title"": ""논란에 고개 숙이다: 대국민 <b>사과</b>, 책임과 진정성 사이"", ""link"": ""https://blog.naver.com/ohohhaha79/224297185606"", ""description"": ""대국민 <b>사과</b>로 이어지며 파문이 일고 있습니다. 단순한 기업의 마케팅 실수가 아닌, 5·18 민주화운동을... 과거 발언들의 재조명, ‘멸공’ 논란과의 연결고리 정 회장의 이번 대국민 <b>사과</b>는 그의 과거 행적, 특히... "", ""bloggername"": ""뉴스/경제 정리"", ""bloggerlink"": ""blog.naver.com/ohohhaha79"", ""postdate"": ""20260526""}",뉴스/경제 정리,blog.naver.com/ohohhaha79
사과,single_term_fallback,사과,Desert Door 소톨/알토델카르멘 애플 35 내돈내산,https://blog.naver.com/jeari0913/224297185627,20260526,Alto del Carmen Apple 35° (알토 델 카르멘 애플 35도) 칠레 브랜드 Alto del Carmen에서 나온 <b>사과</b>향 피스코 베이스 리큐어 다음은 남미 여행에서 사 온 피스코 <b>사과</b> 술 Alto del Carmen은 원래 칠레에서 유명한 피스코... ,,naver_blog,사과,canonical,1.0,2026-05-26T11:50:14.768518+00:00,0,0,0,0,주형이의 일상,Alto del Carmen Apple 35° (알토 델 카르멘 애플 35도) 칠레 브랜드 Alto del Carmen에서 나온 <b>사과</b>향 피스코 베이스 리큐어 다음은 남미 여행에서 사 온 피스코 <b>사과</b> 술 Alto del Carmen은 원래 칠레에서 유명한 피스코... ,"{""title"": ""Desert Door 소톨/알토델카르멘 애플 35 내돈내산"", ""link"": ""https://blog.naver.com/jeari0913/224297185627"", ""description"": ""Alto del Carmen Apple 35° (알토 델 카르멘 애플 35도) 칠레 브랜드 Alto del Carmen에서 나온 <b>사과</b>향 피스코 베이스 리큐어 다음은 남미 여행에서 사 온 피스코 <b>사과</b> 술 Alto del Carmen은 원래 칠레에서 유명한 피스코... "", ""bloggername"": ""주형이의 일상"", ""bloggerlink"": ""blog.naver.com/jeari0913"", ""postdate"": ""20260526""}",주형이의 일상,blog.naver.com/jeari0913
사과,single_term_fallback,사과,21세기 대군부인 청원 국민 동의 역사 왜곡 논란,https://blog.naver.com/combine8589/224297185474,20260526,결국 감독이랑 작가가 고증이 부족했다고 인정했고 아이유랑 변우석 두 주연 배우도 신중하지 못했다며 공개 <b>사과</b>를 했어요. 폐기 실제로 가능할까? 진짜 없어질 수 있는 건지 궁금하신 분들 많으실 거예요.... ,,naver_blog,사과,canonical,1.0,2026-05-26T11:50:14.768518+00:00,0,0,0,0,유리의 하루,결국 감독이랑 작가가 고증이 부족했다고 인정했고 아이유랑 변우석 두 주연 배우도 신중하지 못했다며 공개 <b>사과</b>를 했어요. 폐기 실제로 가능할까? 진짜 없어질 수 있는 건지 궁금하신 분들 많으실 거예요.... ,"{""title"": ""21세기 대군부인 청원 국민 동의 역사 왜곡 논란"", ""link"": ""https://blog.naver.com/combine8589/224297185474"", ""description"": ""결국 감독이랑 작가가 고증이 부족했다고 인정했고 아이유랑 변우석 두 주연 배우도 신중하지 못했다며 공개 <b>사과</b>를 했어요. 폐기 실제로 가능할까? 진짜 없어질 수 있는 건지 궁금하신 분들 많으실 거예요.... "", ""bloggername"": ""유리의 하루"", ""bloggerlink"": ""blog.naver.com/combine8589"", ""postdate"": ""20260526""}",유리의 하루,blog.naver.com/combine8589
사과,single_term_fallback,사과,탄단지박스 고단백 도시락 12팩 상세후기,https://blog.naver.com/emptywatermelon_/224297185287,20260526,눈을 떴는데 그냥 없었어요 그래도 하나는 겟했어요 ㅋㅋㅋ 탄단지박스 고단백도시락 4회차 갈릭허니 치킨텐더 플래터 돈 불고기 비빔밥 플래터 미트볼 파스타 플래터 + <b>사과</b>케일주스 아니 마지막이라... ,,naver_blog,사과,canonical,1.0,2026-05-26T11:50:14.768518+00:00,0,0,0,0,흐르는대로༄,눈을 떴는데 그냥 없었어요 그래도 하나는 겟했어요 ㅋㅋㅋ 탄단지박스 고단백도시락 4회차 갈릭허니 치킨텐더 플래터 돈 불고기 비빔밥 플래터 미트볼 파스타 플래터 + <b>사과</b>케일주스 아니 마지막이라... ,"{""title"": ""탄단지박스 고단백 도시락 12팩 상세후기"", ""link"": ""https://blog.naver.com/emptywatermelon_/224297185287"", ""description"": ""눈을 떴는데 그냥 없었어요 그래도 하나는 겟했어요 ㅋㅋㅋ 탄단지박스 고단백도시락 4회차 갈릭허니 치킨텐더 플래터 돈 불고기 비빔밥 플래터 미트볼 파스타 플래터 + <b>사과</b>케일주스 아니 마지막이라... "", ""bloggername"": ""흐르는대로༄"", ""bloggerlink"": ""blog.naver.com/emptywatermelon_"", ""postdate"": ""20260526""}",흐르는대로༄,blog.naver.com/emptywatermelon_
사과,single_term_fallback,사과,색 변한 감자 색깔 변하는 이유 변하지 않게 실온 냉장 냉동... ,https://blog.naver.com/kangkangb/224297185305,20260526,▪︎싹 나는 것을 늦추는 팁 <b>사과</b> 1개를 같이 넣어두면 <b>사과</b>에서 나오는 에틸렌이 발아 억제에 영향을 줘 빨리 싹이 나는 것을 막을 수 있습니다. 이미 싹 난 감자는 다른 감자와 분리해야 합니다. ▪︎오래... ,,naver_blog,사과,canonical,1.0,2026-05-26T11:50:14.768518+00:00,0,0,0,0,강강 인간 라이프,▪︎싹 나는 것을 늦추는 팁 <b>사과</b> 1개를 같이 넣어두면 <b>사과</b>에서 나오는 에틸렌이 발아 억제에 영향을 줘 빨리 싹이 나는 것을 막을 수 있습니다. 이미 싹 난 감자는 다른 감자와 분리해야 합니다. ▪︎오래... ,"{""title"": ""색 변한 감자 색깔 변하는 이유 변하지 않게 실온 냉장 냉동... "", ""link"": ""https://blog.naver.com/kangkangb/224297185305"", ""description"": ""▪︎싹 나는 것을 늦추는 팁 <b>사과</b> 1개를 같이 넣어두면 <b>사과</b>에서 나오는 에틸렌이 발아 억제에 영향을 줘 빨리 싹이 나는 것을 막을 수 있습니다. 이미 싹 난 감자는 다른 감자와 분리해야 합니다. ▪︎오래... "", ""bloggername"": ""강강 인간 라이프"", ""bloggerlink"": ""blog.naver.com/kangkangb"", ""postdate"": ""20260526""}",강강 인간 라이프,blog.naver.com/kangkangb
사과,single_term_fallback,사과,이야기 흐름 따라 해보는 사고력 책놀이 | 내 고등어야,https://blog.naver.com/gusl_dan/224297184822,20260526,"“이건 물고기니까 생선가게!”, “<b>사과</b>는 과일가게예요”라며 아이들이 자신 있게 말하는 모습이 참 보기 좋았어요. 책 속 이야기와 현실 경험이 연결되면서 이야기가 더 또렷하게 이해되는 느낌도 있었습니다.... ",,naver_blog,사과,canonical,1.0,2026-05-26T11:50:14.768518+00:00,0,0,0,0,예니들과 함께하는 책놀이,"“이건 물고기니까 생선가게!”, “<b>사과</b>는 과일가게예요”라며 아이들이 자신 있게 말하는 모습이 참 보기 좋았어요. 책 속 이야기와 현실 경험이 연결되면서 이야기가 더 또렷하게 이해되는 느낌도 있었습니다.... ","{""title"": ""이야기 흐름 따라 해보는 사고력 책놀이 | 내 고등어야"", ""link"": ""https://blog.naver.com/gusl_dan/224297184822"", ""description"": ""“이건 물고기니까 생선가게!”, “<b>사과</b>는 과일가게예요”라며 아이들이 자신 있게 말하는 모습이 참 보기 좋았어요. 책 속 이야기와 현실 경험이 연결되면서 이야기가 더 또렷하게 이해되는 느낌도 있었습니다.... "", ""bloggername"": ""예니들과 함께하는 책놀이"", ""bloggerlink"": ""blog.naver.com/gusl_dan"", ""postdate"": ""20260526""}",예니들과 함께하는 책놀이,blog.naver.com/gusl_dan
사과,single_term_fallback,사과,철원 15사단 '강제 팔굽혀펴기' 가혹행위… &quot;병사 근육효소... ,https://blog.naver.com/yoonshare1004/224297184448,20260526,"그러나 가해자 B 중사 및 부대 지휘관들은 가족에게 책임 있는 <b>사과</b>나 구호 대책을 제시하지 않았으며, 참다못한 피해자 측은 B 중사를 '직권남용 가혹행위죄'와 '폭행죄' 혐의로 군사경찰에 공식 고소했습니다.... ",,naver_blog,사과,canonical,1.0,2026-05-26T11:50:14.768518+00:00,0,0,0,0,n잡러의 이슈로그,"그러나 가해자 B 중사 및 부대 지휘관들은 가족에게 책임 있는 <b>사과</b>나 구호 대책을 제시하지 않았으며, 참다못한 피해자 측은 B 중사를 '직권남용 가혹행위죄'와 '폭행죄' 혐의로 군사경찰에 공식 고소했습니다.... ","{""title"": ""철원 15사단 '강제 팔굽혀펴기' 가혹행위… &quot;병사 근육효소... "", ""link"": ""https://blog.naver.com/yoonshare1004/224297184448"", ""description"": ""그러나 가해자 B 중사 및 부대 지휘관들은 가족에게 책임 있는 <b>사과</b>나 구호 대책을 제시하지 않았으며, 참다못한 피해자 측은 B 중사를 '직권남용 가혹행위죄'와 '폭행죄' 혐의로 군사경찰에 공식 고소했습니다.... "", ""bloggername"": ""n잡러의 이슈로그"", ""bloggerlink"": ""blog.naver.com/yoonshare1004"", ""postdate"": ""20260526""}",n잡러의 이슈로그,blog.naver.com/yoonshare1004
사과,single_term_fallback,사과,GRN 쓰리데이즈 SET 후기 작심삼일이면 충분했던 3일... ,https://blog.naver.com/belnk/224297185123,20260526,해요 :) <b>사과</b>맛이라 전체적으로 상큼하게 마시기 괜찮더라구요ㅎㅎ 무엇보다 좋았던 건 둘 다 1일 1병... 쓰리데이즈는 <b>사과</b>맛 느낌이라 전체적으로 깔끔했어요 :) 보통 이런 제품들은 맛 때문에 꾸준히 먹기... ,,naver_blog,사과,canonical,1.0,2026-05-26T11:50:14.768518+00:00,0,0,0,0,함께해요 :),해요 :) <b>사과</b>맛이라 전체적으로 상큼하게 마시기 괜찮더라구요ㅎㅎ 무엇보다 좋았던 건 둘 다 1일 1병... 쓰리데이즈는 <b>사과</b>맛 느낌이라 전체적으로 깔끔했어요 :) 보통 이런 제품들은 맛 때문에 꾸준히 먹기... ,"{""title"": ""GRN 쓰리데이즈 SET 후기 작심삼일이면 충분했던 3일... "", ""link"": ""https://blog.naver.com/belnk/224297185123"", ""description"": ""해요 :) <b>사과</b>맛이라 전체적으로 상큼하게 마시기 괜찮더라구요ㅎㅎ 무엇보다 좋았던 건 둘 다 1일 1병... 쓰리데이즈는 <b>사과</b>맛 느낌이라 전체적으로 깔끔했어요 :) 보통 이런 제품들은 맛 때문에 꾸준히 먹기... "", ""bloggername"": ""함께해요 :)"", ""bloggerlink"": ""blog.naver.com/belnk"", ""postdate"": ""20260526""}",함께해요 :),blog.naver.com/belnk
사과,single_term_fallback,사과,신세계그룹 전상진 부사장 프로필,https://blog.naver.com/gwjun/224297184727,20260526,26일 전상진 신세계그룹 경영 총괄 부사장은 정용진 회장의 <b>사과</b> 후 스타벅스 마케팅 이벤트 조사... '경영관리형 핵심 임원'이라는 평가 <b>사과</b>하는 신세계그룹 경영진(사진출처 : 민주신문) 전상진 신세계그룹... ,,naver_blog,사과,canonical,1.0,2026-05-26T11:50:14.768518+00:00,0,0,0,0,사람과 정책,26일 전상진 신세계그룹 경영 총괄 부사장은 정용진 회장의 <b>사과</b> 후 스타벅스 마케팅 이벤트 조사... '경영관리형 핵심 임원'이라는 평가 <b>사과</b>하는 신세계그룹 경영진(사진출처 : 민주신문) 전상진 신세계그룹... ,"{""title"": ""신세계그룹 전상진 부사장 프로필"", ""link"": ""https://blog.naver.com/gwjun/224297184727"", ""description"": ""26일 전상진 신세계그룹 경영 총괄 부사장은 정용진 회장의 <b>사과</b> 후 스타벅스 마케팅 이벤트 조사... '경영관리형 핵심 임원'이라는 평가 <b>사과</b>하는 신세계그룹 경영진(사진출처 : 민주신문) 전상진 신세계그룹... "", ""bloggername"": ""사람과 정책"", ""bloggerlink"": ""blog.naver.com/gwjun"", ""postdate"": ""20260526""}",사람과 정책,blog.naver.com/gwjun
사과,single_term_fallback,사과,나는솔로 23기 출연진 나이·직업·학력·연봉 총정리... ,https://blog.naver.com/severance1997/224297184491,20260526,"일반 연애 예능에서 출연자 검증 문제가 크게 불거진 사례였고, 제작진이 통편집과 <b>사과</b>를 발표하면서 23기 전체 화제성이 더 커졌습니다. 핵심 요약 나는솔로 23기는 ‘막차특집’으로, 출연진의 나이와... ",,naver_blog,사과,canonical,1.0,2026-05-26T11:50:14.768518+00:00,0,0,0,0,severance1997님의 블로그,"일반 연애 예능에서 출연자 검증 문제가 크게 불거진 사례였고, 제작진이 통편집과 <b>사과</b>를 발표하면서 23기 전체 화제성이 더 커졌습니다. 핵심 요약 나는솔로 23기는 ‘막차특집’으로, 출연진의 나이와... ","{""title"": ""나는솔로 23기 출연진 나이·직업·학력·연봉 총정리... "", ""link"": ""https://blog.naver.com/severance1997/224297184491"", ""description"": ""일반 연애 예능에서 출연자 검증 문제가 크게 불거진 사례였고, 제작진이 통편집과 <b>사과</b>를 발표하면서 23기 전체 화제성이 더 커졌습니다. 핵심 요약 나는솔로 23기는 ‘막차특집’으로, 출연진의 나이와... "", ""bloggername"": ""severance1997님의 블로그"", ""bloggerlink"": ""blog.naver.com/severance1997"", ""postdate"": ""20260526""}",severance1997님의 블로그,blog.naver.com/severance1997
사과,single_term_fallback,사과,과거를 붙잡고 있었던 걸까 | 응달피다,https://blog.naver.com/o-odal/224297184987,20260526,"나조차도 지나친 척했다. 하지만, 아직 그 자리에 있었다. 거창한 위로와 대단한 <b>사과</b>를 바라는 게 아니었다. 그저 그때 그 순간의 내 감정을 이해받고 싶었다. By 응달피다",,naver_blog,사과,canonical,1.0,2026-05-26T11:50:14.768518+00:00,0,0,0,0,Blossom in the shade,"나조차도 지나친 척했다. 하지만, 아직 그 자리에 있었다. 거창한 위로와 대단한 <b>사과</b>를 바라는 게 아니었다. 그저 그때 그 순간의 내 감정을 이해받고 싶었다. By 응달피다","{""title"": ""과거를 붙잡고 있었던 걸까 | 응달피다"", ""link"": ""https://blog.naver.com/o-odal/224297184987"", ""description"": ""나조차도 지나친 척했다. 하지만, 아직 그 자리에 있었다. 거창한 위로와 대단한 <b>사과</b>를 바라는 게 아니었다. 그저 그때 그 순간의 내 감정을 이해받고 싶었다. By 응달피다"", ""bloggername"": ""Blossom in the shade"", ""bloggerlink"": ""blog.naver.com/o-odal"", ""postdate"": ""20260526""}",Blossom in the shade,blog.naver.com/o-odal
사과,single_term_fallback,사과,안성재 픽 혈당관리 도움 주는 그라노벨로 필리니 다이어트면,https://blog.naver.com/hotvhdpqj198/224297183827,20260526,고추장 + 고춧가루 + 설탕 + 알룰로스 +다진 마늘 +진간장 + 통깨 정도만 넣었고 <b>사과</b>식초 대신 카사베르디 레드와인비니거를 한 스푼 보다 넉넉하게 넣어주었어요. 저는 냉털할 예정이라 집에 있는 재료만... ,,naver_blog,사과,canonical,1.0,2026-05-26T11:50:14.768518+00:00,0,0,0,0,비글자매와 질풍노도의 애미,고추장 + 고춧가루 + 설탕 + 알룰로스 +다진 마늘 +진간장 + 통깨 정도만 넣었고 <b>사과</b>식초 대신 카사베르디 레드와인비니거를 한 스푼 보다 넉넉하게 넣어주었어요. 저는 냉털할 예정이라 집에 있는 재료만... ,"{""title"": ""안성재 픽 혈당관리 도움 주는 그라노벨로 필리니 다이어트면"", ""link"": ""https://blog.naver.com/hotvhdpqj198/224297183827"", ""description"": ""고추장 + 고춧가루 + 설탕 + 알룰로스 +다진 마늘 +진간장 + 통깨 정도만 넣었고 <b>사과</b>식초 대신 카사베르디 레드와인비니거를 한 스푼 보다 넉넉하게 넣어주었어요. 저는 냉털할 예정이라 집에 있는 재료만... "", ""bloggername"": ""비글자매와 질풍노도의 애미"", ""bloggerlink"": ""blog.naver.com/hotvhdpqj198"", ""postdate"": ""20260526""}",비글자매와 질풍노도의 애미,blog.naver.com/hotvhdpqj198
사과,single_term_fallback,사과,케일 드레싱 종류,https://blog.naver.com/buenoworld/224297184265,20260526,"어울리는 부재료: <b>사과</b> 슬라이스, 배, 팝콘 치킨, 호두 정과  케일 샐러드를 더 맛있게 먹는 Tip! 케일은 드레싱을 뿌리기 전, '마사지(Massage)' 과정을 거치면 맛이 2배로 좋아집니다. 두꺼운 줄기(심지)를... ",,naver_blog,사과,canonical,1.0,2026-05-26T11:50:14.768518+00:00,0,0,0,0,더좋은세상농원·K시티팜연합회,"어울리는 부재료: <b>사과</b> 슬라이스, 배, 팝콘 치킨, 호두 정과  케일 샐러드를 더 맛있게 먹는 Tip! 케일은 드레싱을 뿌리기 전, '마사지(Massage)' 과정을 거치면 맛이 2배로 좋아집니다. 두꺼운 줄기(심지)를... ","{""title"": ""케일 드레싱 종류"", ""link"": ""https://blog.naver.com/buenoworld/224297184265"", ""description"": ""어울리는 부재료: <b>사과</b> 슬라이스, 배, 팝콘 치킨, 호두 정과  케일 샐러드를 더 맛있게 먹는 Tip! 케일은 드레싱을 뿌리기 전, '마사지(Massage)' 과정을 거치면 맛이 2배로 좋아집니다. 두꺼운 줄기(심지)를... "", ""bloggername"": ""더좋은세상농원·K시티팜연합회"", ""bloggerlink"": ""blog.naver.com/buenoworld"", ""postdate"": ""20260526""}",더좋은세상농원·K시티팜연합회,blog.naver.com/buenoworld
사과,single_term_fallback,사과,회 좀 예쁘게 썰어라!,https://blog.naver.com/go9945/224297184048,20260526,"시간에 없다는 것은 핑계일테지만, 진짜로 정신이 없을때는 방법이 없다. 이 글로,<b>사과</b>를 드립니다.꾸벅. 항상 간결하고,가지런한 칼질과, 위생적으로 관리하겠습니다. 꾸벅.",,naver_blog,사과,canonical,1.0,2026-05-26T11:50:14.768518+00:00,0,0,0,0,속초 동명항 회바라기 이야기,"시간에 없다는 것은 핑계일테지만, 진짜로 정신이 없을때는 방법이 없다. 이 글로,<b>사과</b>를 드립니다.꾸벅. 항상 간결하고,가지런한 칼질과, 위생적으로 관리하겠습니다. 꾸벅.","{""title"": ""회 좀 예쁘게 썰어라!"", ""link"": ""https://blog.naver.com/go9945/224297184048"", ""description"": ""시간에 없다는 것은 핑계일테지만, 진짜로 정신이 없을때는 방법이 없다. 이 글로,<b>사과</b>를 드립니다.꾸벅. 항상 간결하고,가지런한 칼질과, 위생적으로 관리하겠습니다. 꾸벅."", ""bloggername"": ""속초 동명항 회바라기 이야기"", ""bloggerlink"": ""blog.naver.com/go9945"", ""postdate"": ""20260526""}",속초 동명항 회바라기 이야기,blog.naver.com/go9945
사과,single_term_fallback,사과,여기저기서 드러나는 '탁 치면 억 하고…' MBC '진짜 사나이... ,https://blog.naver.com/mesophist/224297184124,20260526,숙여 <b>사과</b>했습니다. 정용진 신세계그룹 회장이 26일 서울 강남구 조선팰리스 호텔에서 스타벅스 '탱크데이' 논란과 관련 <b>사과</b>문을 발표하고 있는 모습. 과거와 현재가 연결된 민감한 역사 이번 사태는 단순한... ,,naver_blog,사과,canonical,1.0,2026-05-26T11:50:14.768518+00:00,0,0,0,0,그냥일기장,숙여 <b>사과</b>했습니다. 정용진 신세계그룹 회장이 26일 서울 강남구 조선팰리스 호텔에서 스타벅스 '탱크데이' 논란과 관련 <b>사과</b>문을 발표하고 있는 모습. 과거와 현재가 연결된 민감한 역사 이번 사태는 단순한... ,"{""title"": ""여기저기서 드러나는 '탁 치면 억 하고…' MBC '진짜 사나이... "", ""link"": ""https://blog.naver.com/mesophist/224297184124"", ""description"": ""숙여 <b>사과</b>했습니다. 정용진 신세계그룹 회장이 26일 서울 강남구 조선팰리스 호텔에서 스타벅스 '탱크데이' 논란과 관련 <b>사과</b>문을 발표하고 있는 모습. 과거와 현재가 연결된 민감한 역사 이번 사태는 단순한... "", ""bloggername"": ""그냥일기장"", ""bloggerlink"": ""blog.naver.com/mesophist"", ""postdate"": ""20260526""}",그냥일기장,blog.naver.com/mesophist
사과,single_term_fallback,사과,의원 원장님·선임 간호사를 위한 PDF 교육자료 무료 나눔!... ,https://blog.naver.com/sinihigh/224296952232,20260526,환자·보호자 CS 및 불만(컴플레인) 응대법 체감 대기 시간을 획기적으로 줄여주는 대기 안내 스크립트 불만 환자 대응 5단계 (경청-공감-<b>사과</b>-해결제시-확인) 언어폭력 및 고위험 상황 발생 시 단호한 직원... ,,naver_blog,사과,canonical,1.0,2026-05-26T11:50:14.768518+00:00,0,0,0,0,널싱하이:간호의 기준을 높이다,환자·보호자 CS 및 불만(컴플레인) 응대법 체감 대기 시간을 획기적으로 줄여주는 대기 안내 스크립트 불만 환자 대응 5단계 (경청-공감-<b>사과</b>-해결제시-확인) 언어폭력 및 고위험 상황 발생 시 단호한 직원... ,"{""title"": ""의원 원장님·선임 간호사를 위한 PDF 교육자료 무료 나눔!... "", ""link"": ""https://blog.naver.com/sinihigh/224296952232"", ""description"": ""환자·보호자 CS 및 불만(컴플레인) 응대법 체감 대기 시간을 획기적으로 줄여주는 대기 안내 스크립트 불만 환자 대응 5단계 (경청-공감-<b>사과</b>-해결제시-확인) 언어폭력 및 고위험 상황 발생 시 단호한 직원... "", ""bloggername"": ""널싱하이:간호의 기준을 높이다"", ""bloggerlink"": ""blog.naver.com/sinihigh"", ""postdate"": ""20260526""}",널싱하이:간호의 기준을 높이다,blog.naver.com/sinihigh
사과,single_term_fallback,사과,남편 밥상,https://blog.naver.com/pinkrelease-/224297183225,20260526,파인애플 <b>사과</b>당근샐러리 쥬스 며칠전에 싸준 샌드위치 블루베리 쥬스 딸기나 블루베리에는 유산균... 넣어서 <b>사과</b>당근샐러리 쥬스랑 같이 ㅎ 씨앗을 많이 뿌려놨고 잘크고 있다며 뿌리째 뽑아옴ㅋ 바질은... ,,naver_blog,사과,canonical,1.0,2026-05-26T11:50:14.768518+00:00,0,0,0,0,pinkrelease-님의 블로그,파인애플 <b>사과</b>당근샐러리 쥬스 며칠전에 싸준 샌드위치 블루베리 쥬스 딸기나 블루베리에는 유산균... 넣어서 <b>사과</b>당근샐러리 쥬스랑 같이 ㅎ 씨앗을 많이 뿌려놨고 잘크고 있다며 뿌리째 뽑아옴ㅋ 바질은... ,"{""title"": ""남편 밥상"", ""link"": ""https://blog.naver.com/pinkrelease-/224297183225"", ""description"": ""파인애플 <b>사과</b>당근샐러리 쥬스 며칠전에 싸준 샌드위치 블루베리 쥬스 딸기나 블루베리에는 유산균... 넣어서 <b>사과</b>당근샐러리 쥬스랑 같이 ㅎ 씨앗을 많이 뿌려놨고 잘크고 있다며 뿌리째 뽑아옴ㅋ 바질은... "", ""bloggername"": ""pinkrelease-님의 블로그"", ""bloggerlink"": ""blog.naver.com/pinkrelease-"", ""postdate"": ""20260526""}",pinkrelease-님의 블로그,blog.naver.com/pinkrelease-
사과,single_term_fallback,사과,2주간 선불 카드 무조건 환불... 대국민 <b>사과</b> 후속책 내놨다,https://blog.naver.com/issue_sucher/224297183526,20260526,"공개 <b>사과</b>를 한 직후, 스타벅스코리아는 같은 날 구체적인 후속 조치를 발표했습니다. 이번 조치의... 대국민 <b>사과</b> 후속책 내놨다 ━━━━━━━━━━━━━━━━  3줄 요약 ① 스타벅스코리아는 6월 1일... ",,naver_blog,사과,canonical,1.0,2026-05-26T11:50:14.768518+00:00,0,0,0,0,리포터 리포트,"공개 <b>사과</b>를 한 직후, 스타벅스코리아는 같은 날 구체적인 후속 조치를 발표했습니다. 이번 조치의... 대국민 <b>사과</b> 후속책 내놨다 ━━━━━━━━━━━━━━━━  3줄 요약 ① 스타벅스코리아는 6월 1일... ","{""title"": ""2주간 선불 카드 무조건 환불... 대국민 <b>사과</b> 후속책 내놨다"", ""link"": ""https://blog.naver.com/issue_sucher/224297183526"", ""description"": ""공개 <b>사과</b>를 한 직후, 스타벅스코리아는 같은 날 구체적인 후속 조치를 발표했습니다. 이번 조치의... 대국민 <b>사과</b> 후속책 내놨다 ━━━━━━━━━━━━━━━━  3줄 요약 ① 스타벅스코리아는 6월 1일... "", ""bloggername"": ""리포터 리포트"", ""bloggerlink"": ""blog.naver.com/issue_sucher"", ""postdate"": ""20260526""}",리포터 리포트,blog.naver.com/issue_sucher
사과,single_term_fallback,사과,오로바일렌 엑스트라버진 올리브오일 추천 내돈내산 올리브유... ,https://blog.naver.com/mimosa_note/224296683239,20260526,"09% 특징 부드러운 느낌의 순한 오일 풍미 청<b>사과</b>와 익은 바나나 계열의 산뜻하고 풍부한 과일향... 09% 풍미 아티초크, 토마토, <b>사과</b>, 청바나나의 과일 풍미 퍼넬, 블루베리 및 꽃 향 박하향 등의 허브향이 감미... ",,naver_blog,사과,canonical,1.0,2026-05-26T11:50:14.768518+00:00,0,0,0,0,꼼꼼한 엄마의 꿀정보 데이터북,"09% 특징 부드러운 느낌의 순한 오일 풍미 청<b>사과</b>와 익은 바나나 계열의 산뜻하고 풍부한 과일향... 09% 풍미 아티초크, 토마토, <b>사과</b>, 청바나나의 과일 풍미 퍼넬, 블루베리 및 꽃 향 박하향 등의 허브향이 감미... ","{""title"": ""오로바일렌 엑스트라버진 올리브오일 추천 내돈내산 올리브유... "", ""link"": ""https://blog.naver.com/mimosa_note/224296683239"", ""description"": ""09% 특징 부드러운 느낌의 순한 오일 풍미 청<b>사과</b>와 익은 바나나 계열의 산뜻하고 풍부한 과일향... 09% 풍미 아티초크, 토마토, <b>사과</b>, 청바나나의 과일 풍미 퍼넬, 블루베리 및 꽃 향 박하향 등의 허브향이 감미... "", ""bloggername"": ""꼼꼼한 엄마의 꿀정보 데이터북"", ""bloggerlink"": ""blog.naver.com/mimosa_note"", ""postdate"": ""20260526""}",꼼꼼한 엄마의 꿀정보 데이터북,blog.naver.com/mimosa_note
사과,single_term_fallback,사과,스타벅스 선불카드 환불,https://blog.naver.com/ttt7999/224297114111,20260526,26일 서울 종로구 한 빌딩 스크린에 스타벅스코리아 '탱크데이' 마케팅등과 관련해 정용진 신세계그룹 회장이 <b>사과</b> 회견을 하는 모습이 생중계되고 있다. 연합뉴스 다음 달 1일부터 14일까지 2주간... ,,naver_blog,사과,canonical,1.0,2026-05-26T11:50:14.768518+00:00,0,0,0,0,세상 사는 이야기,26일 서울 종로구 한 빌딩 스크린에 스타벅스코리아 '탱크데이' 마케팅등과 관련해 정용진 신세계그룹 회장이 <b>사과</b> 회견을 하는 모습이 생중계되고 있다. 연합뉴스 다음 달 1일부터 14일까지 2주간... ,"{""title"": ""스타벅스 선불카드 환불"", ""link"": ""https://blog.naver.com/ttt7999/224297114111"", ""description"": ""26일 서울 종로구 한 빌딩 스크린에 스타벅스코리아 '탱크데이' 마케팅등과 관련해 정용진 신세계그룹 회장이 <b>사과</b> 회견을 하는 모습이 생중계되고 있다. 연합뉴스 다음 달 1일부터 14일까지 2주간... "", ""bloggername"": ""세상 사는 이야기"", ""bloggerlink"": ""blog.naver.com/ttt7999"", ""postdate"": ""20260526""}",세상 사는 이야기,blog.naver.com/ttt7999
사과,single_term_fallback,사과,의사들도 피한다! 췌장 혹사시키는 음식 5가지,https://blog.naver.com/andudtk12/224296350713,20260526,"스무디보다는 <b>사과</b> 반 쪽, 당근 한 개처럼 원물 형태 그대로 치아를 사용해 아삭아삭 씹어 먹는 것이 건강에 이롭다. 음료 형태로 마시고 싶다면 과육을 짜내지 않은 저속 착즙 방식으로 최소한의 양만 추출해... ",,naver_blog,사과,canonical,1.0,2026-05-26T11:50:14.768518+00:00,0,0,0,0,건강탐구생활,"스무디보다는 <b>사과</b> 반 쪽, 당근 한 개처럼 원물 형태 그대로 치아를 사용해 아삭아삭 씹어 먹는 것이 건강에 이롭다. 음료 형태로 마시고 싶다면 과육을 짜내지 않은 저속 착즙 방식으로 최소한의 양만 추출해... ","{""title"": ""의사들도 피한다! 췌장 혹사시키는 음식 5가지"", ""link"": ""https://blog.naver.com/andudtk12/224296350713"", ""description"": ""스무디보다는 <b>사과</b> 반 쪽, 당근 한 개처럼 원물 형태 그대로 치아를 사용해 아삭아삭 씹어 먹는 것이 건강에 이롭다. 음료 형태로 마시고 싶다면 과육을 짜내지 않은 저속 착즙 방식으로 최소한의 양만 추출해... "", ""bloggername"": ""건강탐구생활"", ""bloggerlink"": ""blog.naver.com/andudtk12"", ""postdate"": ""20260526""}",건강탐구생활,blog.naver.com/andudtk12
사과,single_term_fallback,사과,위례카페 추천 | 밀리토피아 호텔 북카페 커도의서재 후기,https://blog.naver.com/jestemryba/224297183047,20260526,<b>사과</b>버거랑 피자 신메뉴도 있다고 해서 좀 궁금했음ㅋㅋ 다음엔 브런치 먹으러 와보고 싶었어요. 저희는 아메리카노랑 모카번 앙버터 주문! 근데 앙버터가 존맛입니다. 팥이랑 버터가 듬뿍 들어가 있는데 단짠... ,,naver_blog,사과,canonical,1.0,2026-05-26T11:50:14.768518+00:00,0,0,0,0,얼레벌레 광팔이,<b>사과</b>버거랑 피자 신메뉴도 있다고 해서 좀 궁금했음ㅋㅋ 다음엔 브런치 먹으러 와보고 싶었어요. 저희는 아메리카노랑 모카번 앙버터 주문! 근데 앙버터가 존맛입니다. 팥이랑 버터가 듬뿍 들어가 있는데 단짠... ,"{""title"": ""위례카페 추천 | 밀리토피아 호텔 북카페 커도의서재 후기"", ""link"": ""https://blog.naver.com/jestemryba/224297183047"", ""description"": ""<b>사과</b>버거랑 피자 신메뉴도 있다고 해서 좀 궁금했음ㅋㅋ 다음엔 브런치 먹으러 와보고 싶었어요. 저희는 아메리카노랑 모카번 앙버터 주문! 근데 앙버터가 존맛입니다. 팥이랑 버터가 듬뿍 들어가 있는데 단짠... "", ""bloggername"": ""얼레벌레 광팔이"", ""bloggerlink"": ""blog.naver.com/jestemryba"", ""postdate"": ""20260526""}",얼레벌레 광팔이,blog.naver.com/jestemryba
사과,single_term_fallback,사과,한지희 자녀 아들 딸 프로필 나이 고향 가족 스타벅스 논란 <b>사과</b>,https://blog.naver.com/gnh0-1/224297165568,20260526,"대국민 <b>사과</b>에 나서며 재계 안팎의 관심이 집중되고 있습니다. 2026년 5월 26일 서울 강남구 조선팰리스... 특히 5·18 민주화운동 유가족과 박종철 열사 유가족, 광주 시민들을 직접 언급하며 공식적으로 <b>사과</b>한... ",,naver_blog,사과,canonical,1.0,2026-05-26T11:50:14.768518+00:00,0,0,0,0,Amor fT,"대국민 <b>사과</b>에 나서며 재계 안팎의 관심이 집중되고 있습니다. 2026년 5월 26일 서울 강남구 조선팰리스... 특히 5·18 민주화운동 유가족과 박종철 열사 유가족, 광주 시민들을 직접 언급하며 공식적으로 <b>사과</b>한... ","{""title"": ""한지희 자녀 아들 딸 프로필 나이 고향 가족 스타벅스 논란 <b>사과</b>"", ""link"": ""https://blog.naver.com/gnh0-1/224297165568"", ""description"": ""대국민 <b>사과</b>에 나서며 재계 안팎의 관심이 집중되고 있습니다. 2026년 5월 26일 서울 강남구 조선팰리스... 특히 5·18 민주화운동 유가족과 박종철 열사 유가족, 광주 시민들을 직접 언급하며 공식적으로 <b>사과</b>한... "", ""bloggername"": ""Amor fT"", ""bloggerlink"": ""blog.naver.com/gnh0-1"", ""postdate"": ""20260526""}",Amor fT,blog.naver.com/gnh0-1
사과,single_term_fallback,사과,6·3 지방선거 후보자 712명 등록…9명 무투표 당선,https://blog.naver.com/borimn9920299/224288440810,20260526,"대국민 <b>사과</b> “비바람은 제가 맞을 것” [지금뉴스] 70대 운전 승용차, 수영장 유리 뚫고 ‘쾅’…2명 부상 후보 등록 뒤 첫 주말…여야 선거운동 총력전 “미국 무기의 대만 판매는 미국법에... ",,naver_blog,사과,canonical,1.0,2026-05-26T11:50:14.768518+00:00,0,0,0,0,보리수 그늘 아래,"대국민 <b>사과</b> “비바람은 제가 맞을 것” [지금뉴스] 70대 운전 승용차, 수영장 유리 뚫고 ‘쾅’…2명 부상 후보 등록 뒤 첫 주말…여야 선거운동 총력전 “미국 무기의 대만 판매는 미국법에... ","{""title"": ""6·3 지방선거 후보자 712명 등록…9명 무투표 당선"", ""link"": ""https://blog.naver.com/borimn9920299/224288440810"", ""description"": ""대국민 <b>사과</b> “비바람은 제가 맞을 것” [지금뉴스] 70대 운전 승용차, 수영장 유리 뚫고 ‘쾅’…2명 부상 후보 등록 뒤 첫 주말…여야 선거운동 총력전 “미국 무기의 대만 판매는 미국법에... "", ""bloggername"": ""보리수 그늘 아래"", ""bloggerlink"": ""blog.naver.com/borimn9920299"", ""postdate"": ""20260526""}",보리수 그늘 아래,blog.naver.com/borimn9920299
사과,single_term_fallback,사과,"학폭 생활기록부 대응방안, 긴급 법률상담, 변호사 추천... ",https://blog.naver.com/acaverage/224297014367,20260526,"수원지방법원 관할로 이어질 가능성이 있는 사건에서는 간접적 행위라도 반복성 판단 대상이 될 수 있어, 대화 내역과 <b>사과</b>·차단·재발방지 조치 자료를 정리해야 합니다. 기록 유지 여부는 행정심판... ",,naver_blog,사과,canonical,1.0,2026-05-26T11:50:14.768518+00:00,0,0,0,0,✓ 학교폭력대응센터,"수원지방법원 관할로 이어질 가능성이 있는 사건에서는 간접적 행위라도 반복성 판단 대상이 될 수 있어, 대화 내역과 <b>사과</b>·차단·재발방지 조치 자료를 정리해야 합니다. 기록 유지 여부는 행정심판... ","{""title"": ""학폭 생활기록부 대응방안, 긴급 법률상담, 변호사 추천... "", ""link"": ""https://blog.naver.com/acaverage/224297014367"", ""description"": ""수원지방법원 관할로 이어질 가능성이 있는 사건에서는 간접적 행위라도 반복성 판단 대상이 될 수 있어, 대화 내역과 <b>사과</b>·차단·재발방지 조치 자료를 정리해야 합니다. 기록 유지 여부는 행정심판... "", ""bloggername"": ""✓ 학교폭력대응센터"", ""bloggerlink"": ""blog.naver.com/acaverage"", ""postdate"": ""20260526""}",✓ 학교폭력대응센터,blog.naver.com/acaverage
사과,single_term_fallback,사과,윤어게인 손절치지 않으면 본사가 콜옵션 행사?,https://blog.naver.com/canavaro13/224297183566,20260526,하지만 <b>사과</b>문 발표 이후에도 매장 현장이나 SNS상에서는 '윤어게인' 등 특정 정치 성향의 닉네임을... 정용진 <b>사과</b>문 속 단어 선택의 뉘앙스와 침묵 정용진 회장은 대국민 <b>사과</b>문을 통해 &quot;5·18 민주화 운동 유가족... ,,naver_blog,사과,canonical,1.0,2026-05-26T11:50:14.768518+00:00,0,0,0,0,JUNGS,하지만 <b>사과</b>문 발표 이후에도 매장 현장이나 SNS상에서는 '윤어게인' 등 특정 정치 성향의 닉네임을... 정용진 <b>사과</b>문 속 단어 선택의 뉘앙스와 침묵 정용진 회장은 대국민 <b>사과</b>문을 통해 &quot;5·18 민주화 운동 유가족... ,"{""title"": ""윤어게인 손절치지 않으면 본사가 콜옵션 행사?"", ""link"": ""https://blog.naver.com/canavaro13/224297183566"", ""description"": ""하지만 <b>사과</b>문 발표 이후에도 매장 현장이나 SNS상에서는 '윤어게인' 등 특정 정치 성향의 닉네임을... 정용진 <b>사과</b>문 속 단어 선택의 뉘앙스와 침묵 정용진 회장은 대국민 <b>사과</b>문을 통해 &quot;5·18 민주화 운동 유가족... "", ""bloggername"": ""JUNGS"", ""bloggerlink"": ""blog.naver.com/canavaro13"", ""postdate"": ""20260526""}",JUNGS,blog.naver.com/canavaro13
사과,single_term_fallback,사과,형사항소심에서 피해자와 합의했는데도 감형 안 된 이유 ㅡ... ,https://blog.naver.com/ykhwang0113/224297180786,20260526,"진심 어린 <b>사과</b> 없이 기계적으로 받아낸 처벌불원서는 감형 사유가 되기는커녕, '2차 가해'로 간주되어... 말뿐인 <b>사과</b>가 아니라, 행동으로 묻어나는 묵직한 반성만이 굳게 닫힌 판사의 마음을 움직입니다. 두... ",,naver_blog,사과,canonical,1.0,2026-05-26T11:50:14.768518+00:00,0,0,0,0,법무법인 동인,"진심 어린 <b>사과</b> 없이 기계적으로 받아낸 처벌불원서는 감형 사유가 되기는커녕, '2차 가해'로 간주되어... 말뿐인 <b>사과</b>가 아니라, 행동으로 묻어나는 묵직한 반성만이 굳게 닫힌 판사의 마음을 움직입니다. 두... ","{""title"": ""형사항소심에서 피해자와 합의했는데도 감형 안 된 이유 ㅡ... "", ""link"": ""https://blog.naver.com/ykhwang0113/224297180786"", ""description"": ""진심 어린 <b>사과</b> 없이 기계적으로 받아낸 처벌불원서는 감형 사유가 되기는커녕, '2차 가해'로 간주되어... 말뿐인 <b>사과</b>가 아니라, 행동으로 묻어나는 묵직한 반성만이 굳게 닫힌 판사의 마음을 움직입니다. 두... "", ""bloggername"": ""법무법인 동인"", ""bloggerlink"": ""blog.naver.com/ykhwang0113"", ""postdate"": ""20260526""}",법무법인 동인,blog.naver.com/ykhwang0113
사과,single_term_fallback,사과,"“숲이 집 안으로 들어온 줄”... 기은세, 평창동 자택 공개... ",https://blog.naver.com/bloodluv1/224296128615,20260526,사진출처-기은세 인스타그램 “주민들에게 <b>사과</b>했다” 논란이 커지자 기은세 측도 공식 입장을 밝혔습니다. 관계자는 불편을 호소한 주민에게 직접 <b>사과</b>를 전했다고 설명했는데요. 또 동네 청소를 진행하고... ,,naver_blog,사과,canonical,1.0,2026-05-26T11:50:14.768518+00:00,0,0,0,0,끝자락붉은노을,사진출처-기은세 인스타그램 “주민들에게 <b>사과</b>했다” 논란이 커지자 기은세 측도 공식 입장을 밝혔습니다. 관계자는 불편을 호소한 주민에게 직접 <b>사과</b>를 전했다고 설명했는데요. 또 동네 청소를 진행하고... ,"{""title"": ""“숲이 집 안으로 들어온 줄”... 기은세, 평창동 자택 공개... "", ""link"": ""https://blog.naver.com/bloodluv1/224296128615"", ""description"": ""사진출처-기은세 인스타그램 “주민들에게 <b>사과</b>했다” 논란이 커지자 기은세 측도 공식 입장을 밝혔습니다. 관계자는 불편을 호소한 주민에게 직접 <b>사과</b>를 전했다고 설명했는데요. 또 동네 청소를 진행하고... "", ""bloggername"": ""끝자락붉은노을"", ""bloggerlink"": ""blog.naver.com/bloodluv1"", ""postdate"": ""20260526""}",끝자락붉은노을,blog.naver.com/bloodluv1
사과,single_term_fallback,사과,"식후 2시간 혈당 높으면 졸음 계속 옵니다, '이것' 1잔이면 해결!",https://blog.naver.com/kjsw444/224297128344,20260526,그중에서도 많이 언급되는 것이 <b>사과</b>식초를 희석한 물입니다. 일부 연구에서는 식사와 함께 식초를... <b>사과</b>식초 한 잔이 혈당을 즉시 해결해주는 마법 같은 방법은 아닙니다. 식습관 전체가 바뀌지 않으면 효과를... ,,naver_blog,사과,canonical,1.0,2026-05-26T11:50:14.768518+00:00,0,0,0,0,건강한 쫑이 라이프,그중에서도 많이 언급되는 것이 <b>사과</b>식초를 희석한 물입니다. 일부 연구에서는 식사와 함께 식초를... <b>사과</b>식초 한 잔이 혈당을 즉시 해결해주는 마법 같은 방법은 아닙니다. 식습관 전체가 바뀌지 않으면 효과를... ,"{""title"": ""식후 2시간 혈당 높으면 졸음 계속 옵니다, '이것' 1잔이면 해결!"", ""link"": ""https://blog.naver.com/kjsw444/224297128344"", ""description"": ""그중에서도 많이 언급되는 것이 <b>사과</b>식초를 희석한 물입니다. 일부 연구에서는 식사와 함께 식초를... <b>사과</b>식초 한 잔이 혈당을 즉시 해결해주는 마법 같은 방법은 아닙니다. 식습관 전체가 바뀌지 않으면 효과를... "", ""bloggername"": ""건강한 쫑이 라이프"", ""bloggerlink"": ""blog.naver.com/kjsw444"", ""postdate"": ""20260526""}",건강한 쫑이 라이프,blog.naver.com/kjsw444
사과,single_term_fallback,사과,양평 학교폭력전문변호사 학폭위 전 준비해야 할 것,https://blog.naver.com/iypmicec146/224297182077,20260526,"즉, 단순한 <b>사과</b>나 해명만으로 끝나는 일이 아니에요. 피해 측은 피해 경위를 구체적으로 정리해야 하고, 가해로 지목된 쪽은 사실관계의 차이와 오해가 어디서 생겼는지 차분히 설명해야 합니다. 감정적으로... ",,naver_blog,사과,canonical,1.0,2026-05-26T11:50:14.768518+00:00,0,0,0,0,법무법인 트라이원스,"즉, 단순한 <b>사과</b>나 해명만으로 끝나는 일이 아니에요. 피해 측은 피해 경위를 구체적으로 정리해야 하고, 가해로 지목된 쪽은 사실관계의 차이와 오해가 어디서 생겼는지 차분히 설명해야 합니다. 감정적으로... ","{""title"": ""양평 학교폭력전문변호사 학폭위 전 준비해야 할 것"", ""link"": ""https://blog.naver.com/iypmicec146/224297182077"", ""description"": ""즉, 단순한 <b>사과</b>나 해명만으로 끝나는 일이 아니에요. 피해 측은 피해 경위를 구체적으로 정리해야 하고, 가해로 지목된 쪽은 사실관계의 차이와 오해가 어디서 생겼는지 차분히 설명해야 합니다. 감정적으로... "", ""bloggername"": ""법무법인 트라이원스"", ""bloggerlink"": ""blog.naver.com/iypmicec146"", ""postdate"": ""20260526""}",법무법인 트라이원스,blog.naver.com/iypmicec146
사과,single_term_fallback,사과,상사성폭행 직장 내 관계와 증거 확보가 중요한 이유,https://blog.naver.com/texicfcdbv00759/224297182201,20260526,"# 상사성폭행, 직장 내 관계와 증거 확보가 중요한 이유 오늘의 글 요약 상사성폭행은 단순한 <b>사과</b>나 해명만으로 정리되기 어려운 사건입니다. 특히 직장 내 관계가 얽혀 있으면 진술의 신빙성과 당시 정황이 더... ",,naver_blog,사과,canonical,1.0,2026-05-26T11:50:14.768518+00:00,0,0,0,0,UrbanQuest,"# 상사성폭행, 직장 내 관계와 증거 확보가 중요한 이유 오늘의 글 요약 상사성폭행은 단순한 <b>사과</b>나 해명만으로 정리되기 어려운 사건입니다. 특히 직장 내 관계가 얽혀 있으면 진술의 신빙성과 당시 정황이 더... ","{""title"": ""상사성폭행 직장 내 관계와 증거 확보가 중요한 이유"", ""link"": ""https://blog.naver.com/texicfcdbv00759/224297182201"", ""description"": ""# 상사성폭행, 직장 내 관계와 증거 확보가 중요한 이유 오늘의 글 요약 상사성폭행은 단순한 <b>사과</b>나 해명만으로 정리되기 어려운 사건입니다. 특히 직장 내 관계가 얽혀 있으면 진술의 신빙성과 당시 정황이 더... "", ""bloggername"": ""UrbanQuest"", ""bloggerlink"": ""blog.naver.com/texicfcdbv00759"", ""postdate"": ""20260526""}",UrbanQuest,blog.naver.com/texicfcdbv00759
사과,single_term_fallback,사과,"한남동 대만식 도넛 디저트 카페 맛집 | 오도넛 3종, 계화레몬차... ",https://blog.naver.com/pro-dipping-er/224297182749,20260526,"땅콩버터 (Peanut Butter) <b>사과</b>에 땅콩버터 발라 먹는 거 좋아하는 사람 모여라!! 진한 고소한 맛을 좋아하는 사람이라면 취향 저격일 메뉴이다. 내 짝궁은 도넛 3가지 중 이게 젤 맛있다고 했다. 물론, 진짜 전부... ",,naver_blog,사과,canonical,1.0,2026-05-26T11:50:14.768518+00:00,0,0,0,0,한입리스트,"땅콩버터 (Peanut Butter) <b>사과</b>에 땅콩버터 발라 먹는 거 좋아하는 사람 모여라!! 진한 고소한 맛을 좋아하는 사람이라면 취향 저격일 메뉴이다. 내 짝궁은 도넛 3가지 중 이게 젤 맛있다고 했다. 물론, 진짜 전부... ","{""title"": ""한남동 대만식 도넛 디저트 카페 맛집 | 오도넛 3종, 계화레몬차... "", ""link"": ""https://blog.naver.com/pro-dipping-er/224297182749"", ""description"": ""땅콩버터 (Peanut Butter) <b>사과</b>에 땅콩버터 발라 먹는 거 좋아하는 사람 모여라!! 진한 고소한 맛을 좋아하는 사람이라면 취향 저격일 메뉴이다. 내 짝궁은 도넛 3가지 중 이게 젤 맛있다고 했다. 물론, 진짜 전부... "", ""bloggername"": ""한입리스트"", ""bloggerlink"": ""blog.naver.com/pro-dipping-er"", ""postdate"": ""20260526""}",한입리스트,blog.naver.com/pro-dipping-er
사과,single_term_fallback,사과,도덕의 계보학 _ 프리드리히 니체,https://blog.naver.com/hyezue/224297182643,20260526,"그러니까 <b>사과</b>는 의미 없는 <b>사과</b>라고 생각했다. 그저 피상적으로 와해하기만 한 그 행위에 앞서, ‘<b>사과</b>받을 수 없는 나쁜 행동’을 저질러 놓는다는 건 어쩌면 세상에 절대 지울 수 없는 스스로에 대한, 그리고... ",,naver_blog,사과,canonical,1.0,2026-05-26T11:50:14.768518+00:00,0,0,0,0,비공식 발화록,"그러니까 <b>사과</b>는 의미 없는 <b>사과</b>라고 생각했다. 그저 피상적으로 와해하기만 한 그 행위에 앞서, ‘<b>사과</b>받을 수 없는 나쁜 행동’을 저질러 놓는다는 건 어쩌면 세상에 절대 지울 수 없는 스스로에 대한, 그리고... ","{""title"": ""도덕의 계보학 _ 프리드리히 니체"", ""link"": ""https://blog.naver.com/hyezue/224297182643"", ""description"": ""그러니까 <b>사과</b>는 의미 없는 <b>사과</b>라고 생각했다. 그저 피상적으로 와해하기만 한 그 행위에 앞서, ‘<b>사과</b>받을 수 없는 나쁜 행동’을 저질러 놓는다는 건 어쩌면 세상에 절대 지울 수 없는 스스로에 대한, 그리고... "", ""bloggername"": ""비공식 발화록"", ""bloggerlink"": ""blog.naver.com/hyezue"", ""postdate"": ""20260526""}",비공식 발화록,blog.naver.com/hyezue
사과,single_term_fallback,사과,이마트 정용진 회장 <b>사과</b>에도 주가 보합…반등 실패 이유는,https://blog.naver.com/infoarea/224297181655,20260526,3줄 핵심 요약 정용진 회장이 스타벅스 ‘탱크데이’ 논란에 대해 대국민 <b>사과</b>에 나섰습니다. 하지만 이마트 주가는 장 초반 상승 이후 상승폭을 대부분 반납했습니다. 투자자들은 <b>사과</b>보다 향후 실적과 브랜드... ,,naver_blog,사과,canonical,1.0,2026-05-26T11:50:14.768518+00:00,0,0,0,0,경제인포뉴스,3줄 핵심 요약 정용진 회장이 스타벅스 ‘탱크데이’ 논란에 대해 대국민 <b>사과</b>에 나섰습니다. 하지만 이마트 주가는 장 초반 상승 이후 상승폭을 대부분 반납했습니다. 투자자들은 <b>사과</b>보다 향후 실적과 브랜드... ,"{""title"": ""이마트 정용진 회장 <b>사과</b>에도 주가 보합…반등 실패 이유는"", ""link"": ""https://blog.naver.com/infoarea/224297181655"", ""description"": ""3줄 핵심 요약 정용진 회장이 스타벅스 ‘탱크데이’ 논란에 대해 대국민 <b>사과</b>에 나섰습니다. 하지만 이마트 주가는 장 초반 상승 이후 상승폭을 대부분 반납했습니다. 투자자들은 <b>사과</b>보다 향후 실적과 브랜드... "", ""bloggername"": ""경제인포뉴스"", ""bloggerlink"": ""blog.naver.com/infoarea"", ""postdate"": ""20260526""}",경제인포뉴스,blog.naver.com/infoarea
사과,single_term_fallback,사과,책 리뷰/독서 일기 ㅣ 어떤 섬세함(이석원) - 2부. 내가 배운... ,https://blog.naver.com/tulipe-/224297180503,20260526,&quot; ▷ 내가 다른이들로부터 배운 섬세함 - 내 속상함을 진지한 태도로 들어주고 본인의 진심을 다해 <b>사과</b>한 것. - 물 귀신인 나를 위해 &quot;물 줄까?&quot;라고 자주 물어봐주던 것. - 일찍 잠에 드는 나를 배려해 매번... ,,naver_blog,사과,canonical,1.0,2026-05-26T11:50:14.768518+00:00,0,0,0,0,김봄의 페이지들을 엮다,&quot; ▷ 내가 다른이들로부터 배운 섬세함 - 내 속상함을 진지한 태도로 들어주고 본인의 진심을 다해 <b>사과</b>한 것. - 물 귀신인 나를 위해 &quot;물 줄까?&quot;라고 자주 물어봐주던 것. - 일찍 잠에 드는 나를 배려해 매번... ,"{""title"": ""책 리뷰/독서 일기 ㅣ 어떤 섬세함(이석원) - 2부. 내가 배운... "", ""link"": ""https://blog.naver.com/tulipe-/224297180503"", ""description"": ""&quot; ▷ 내가 다른이들로부터 배운 섬세함 - 내 속상함을 진지한 태도로 들어주고 본인의 진심을 다해 <b>사과</b>한 것. - 물 귀신인 나를 위해 &quot;물 줄까?&quot;라고 자주 물어봐주던 것. - 일찍 잠에 드는 나를 배려해 매번... "", ""bloggername"": ""김봄의 페이지들을 엮다"", ""bloggerlink"": ""blog.naver.com/tulipe-"", ""postdate"": ""20260526""}",김봄의 페이지들을 엮다,blog.naver.com/tulipe-
사과,single_term_fallback,사과,동해여행 3-4일차! 아 내일 회사가기 싫다..,https://blog.naver.com/zenzenbada/224297180816,20260526,술취해서 그래요 예 쨌든간 다들 누구 뽑던 꼭 투표합시다 그래야 뉴스에 나오는 개꿀잼 사연들이 다 내 얘기가 되는거잖아용~ 그럼 갑자기 어이없는 마무리 <b>사과</b>드리며~ 다음 포스팅에서 만나요~! 아 출근하기... ,,naver_blog,사과,canonical,1.0,2026-05-26T11:50:14.768518+00:00,0,0,0,0,"일주일에 2일, 쨍쨍동해에서 행복하게 지내요!",술취해서 그래요 예 쨌든간 다들 누구 뽑던 꼭 투표합시다 그래야 뉴스에 나오는 개꿀잼 사연들이 다 내 얘기가 되는거잖아용~ 그럼 갑자기 어이없는 마무리 <b>사과</b>드리며~ 다음 포스팅에서 만나요~! 아 출근하기... ,"{""title"": ""동해여행 3-4일차! 아 내일 회사가기 싫다.."", ""link"": ""https://blog.naver.com/zenzenbada/224297180816"", ""description"": ""술취해서 그래요 예 쨌든간 다들 누구 뽑던 꼭 투표합시다 그래야 뉴스에 나오는 개꿀잼 사연들이 다 내 얘기가 되는거잖아용~ 그럼 갑자기 어이없는 마무리 <b>사과</b>드리며~ 다음 포스팅에서 만나요~! 아 출근하기... "", ""bloggername"": ""일주일에 2일, 쨍쨍동해에서 행복하게 지내요!"", ""bloggerlink"": ""blog.naver.com/zenzenbada"", ""postdate"": ""20260526""}","일주일에 2일, 쨍쨍동해에서 행복하게 지내요!",blog.naver.com/zenzenbada
사과,single_term_fallback,사과,대구 이색 데이트 코스 금강동 행복마을 산책하기 좋은 곳-13기... ,https://blog.naver.com/dgdonggu/224297180615,20260526,"<b>사과</b>, 무, 연근과 같은 타일 조각 벽화도 볼 수 있어요. 산책로를 따라 걷다 보면 곳곳에 벤치들도 놓여 있어서 걷다 쉬엄쉬엄 쉬어가기에도 좋아요. 백구와 고양이 벽화 너무 귀엽지 않나요? 특히 백구의 표정이... ",,naver_blog,사과,canonical,1.0,2026-05-26T11:50:14.768518+00:00,0,0,0,0,대구 동구 좋아요 동구청 공식 블로그,"<b>사과</b>, 무, 연근과 같은 타일 조각 벽화도 볼 수 있어요. 산책로를 따라 걷다 보면 곳곳에 벤치들도 놓여 있어서 걷다 쉬엄쉬엄 쉬어가기에도 좋아요. 백구와 고양이 벽화 너무 귀엽지 않나요? 특히 백구의 표정이... ","{""title"": ""대구 이색 데이트 코스 금강동 행복마을 산책하기 좋은 곳-13기... "", ""link"": ""https://blog.naver.com/dgdonggu/224297180615"", ""description"": ""<b>사과</b>, 무, 연근과 같은 타일 조각 벽화도 볼 수 있어요. 산책로를 따라 걷다 보면 곳곳에 벤치들도 놓여 있어서 걷다 쉬엄쉬엄 쉬어가기에도 좋아요. 백구와 고양이 벽화 너무 귀엽지 않나요? 특히 백구의 표정이... "", ""bloggername"": ""대구 동구 좋아요 동구청 공식 블로그"", ""bloggerlink"": ""blog.naver.com/dgdonggu"", ""postdate"": ""20260526""}",대구 동구 좋아요 동구청 공식 블로그,blog.naver.com/dgdonggu
사과,single_term_fallback,사과,가르송본점 전주 효자동 샐러드 맛집 재방문 내돈내산 솔직후기,https://blog.naver.com/jeonju_report/224297180918,20260526,"쉬림프 샐러드&amp;포케 방울토마토, 옥수수 콘, 양파, 당근라페, 계란, 양배추라페, 나쵸, <b>사과</b>, 양파후레이크, 조각 베이글, 새우가 들어간 샐러드에요. 가르송은 재료와 야채 모두 알차게 담아주셔서 먹고 나면... ",,naver_blog,사과,canonical,1.0,2026-05-26T11:50:14.768518+00:00,0,0,0,0,전주리포트 전주맛집 전주카페 전주여행,"쉬림프 샐러드&amp;포케 방울토마토, 옥수수 콘, 양파, 당근라페, 계란, 양배추라페, 나쵸, <b>사과</b>, 양파후레이크, 조각 베이글, 새우가 들어간 샐러드에요. 가르송은 재료와 야채 모두 알차게 담아주셔서 먹고 나면... ","{""title"": ""가르송본점 전주 효자동 샐러드 맛집 재방문 내돈내산 솔직후기"", ""link"": ""https://blog.naver.com/jeonju_report/224297180918"", ""description"": ""쉬림프 샐러드&amp;포케 방울토마토, 옥수수 콘, 양파, 당근라페, 계란, 양배추라페, 나쵸, <b>사과</b>, 양파후레이크, 조각 베이글, 새우가 들어간 샐러드에요. 가르송은 재료와 야채 모두 알차게 담아주셔서 먹고 나면... "", ""bloggername"": ""전주리포트 전주맛집 전주카페 전주여행"", ""bloggerlink"": ""blog.naver.com/jeonju_report"", ""postdate"": ""20260526""}",전주리포트 전주맛집 전주카페 전주여행,blog.naver.com/jeonju_report
사과,single_term_fallback,사과,[건강] 항암 치료 중 식사 고민 끝! 맛과 영양 다 잡은 스마트... ,https://blog.naver.com/happy_duck_/224297180869,20260526,"닭죽, <b>사과</b>퓨레 소고기당근죽, 연근무스 두부계란탕 + 진밥 플레인요거트 5일차 흰살생선죽... 연어야채죽 <b>사과</b>퓨레 7일차 야채계란죽, 감자무스 닭고기 미음, 두부조림 전복죽, 애호박찜 영양쉐이크  이제는... ",,naver_blog,사과,canonical,1.0,2026-05-26T11:50:14.768518+00:00,0,0,0,0,행복한 고라파덕의 일상,"닭죽, <b>사과</b>퓨레 소고기당근죽, 연근무스 두부계란탕 + 진밥 플레인요거트 5일차 흰살생선죽... 연어야채죽 <b>사과</b>퓨레 7일차 야채계란죽, 감자무스 닭고기 미음, 두부조림 전복죽, 애호박찜 영양쉐이크  이제는... ","{""title"": ""[건강] 항암 치료 중 식사 고민 끝! 맛과 영양 다 잡은 스마트... "", ""link"": ""https://blog.naver.com/happy_duck_/224297180869"", ""description"": ""닭죽, <b>사과</b>퓨레 소고기당근죽, 연근무스 두부계란탕 + 진밥 플레인요거트 5일차 흰살생선죽... 연어야채죽 <b>사과</b>퓨레 7일차 야채계란죽, 감자무스 닭고기 미음, 두부조림 전복죽, 애호박찜 영양쉐이크  이제는... "", ""bloggername"": ""행복한 고라파덕의 일상"", ""bloggerlink"": ""blog.naver.com/happy_duck_"", ""postdate"": ""20260526""}",행복한 고라파덕의 일상,blog.naver.com/happy_duck_
사과,single_term_fallback,사과,신세계 그룹 정용진 회장 - 빈껍데기 <b>사과</b>만 했다,https://blog.naver.com/rfkang49/224297179569,20260526,별 내용없는... 대국민 <b>사과</b> 정용진 회장 자신이 책임지는 모습은 없었다 신세계그룹... 3대에 걸친 경영 망조가 들기 시작한 것인가?,,naver_blog,사과,canonical,1.0,2026-05-26T11:50:14.768518+00:00,0,0,0,0,퐁듀와 오복이 아빠,별 내용없는... 대국민 <b>사과</b> 정용진 회장 자신이 책임지는 모습은 없었다 신세계그룹... 3대에 걸친 경영 망조가 들기 시작한 것인가?,"{""title"": ""신세계 그룹 정용진 회장 - 빈껍데기 <b>사과</b>만 했다"", ""link"": ""https://blog.naver.com/rfkang49/224297179569"", ""description"": ""별 내용없는... 대국민 <b>사과</b> 정용진 회장 자신이 책임지는 모습은 없었다 신세계그룹... 3대에 걸친 경영 망조가 들기 시작한 것인가?"", ""bloggername"": ""퐁듀와 오복이 아빠"", ""bloggerlink"": ""blog.naver.com/rfkang49"", ""postdate"": ""20260526""}",퐁듀와 오복이 아빠,blog.naver.com/rfkang49
사과,single_term_fallback,사과,익선동 한옥거리맛집 예약 후 웨이팅 없이 먹은 퓨전 레스토랑... ,https://blog.naver.com/mg0s2/224297179724,20260526,"처음 나온 웰컴 드링크는 <b>사과</b> 막걸리 칵테일이었는데, 전통 막걸리를 가볍고 청량하게 풀어낸 스타일 ♡ 더운 날씨에 시작하기 좋은 산뜻한 한 잔이라 첫 인상이 좋았다. 이어 나온 샐러드는 유자 드레싱에... ",,naver_blog,사과,canonical,1.0,2026-05-26T11:50:14.768518+00:00,0,0,0,0,ALotLikeLove,"처음 나온 웰컴 드링크는 <b>사과</b> 막걸리 칵테일이었는데, 전통 막걸리를 가볍고 청량하게 풀어낸 스타일 ♡ 더운 날씨에 시작하기 좋은 산뜻한 한 잔이라 첫 인상이 좋았다. 이어 나온 샐러드는 유자 드레싱에... ","{""title"": ""익선동 한옥거리맛집 예약 후 웨이팅 없이 먹은 퓨전 레스토랑... "", ""link"": ""https://blog.naver.com/mg0s2/224297179724"", ""description"": ""처음 나온 웰컴 드링크는 <b>사과</b> 막걸리 칵테일이었는데, 전통 막걸리를 가볍고 청량하게 풀어낸 스타일 ♡ 더운 날씨에 시작하기 좋은 산뜻한 한 잔이라 첫 인상이 좋았다. 이어 나온 샐러드는 유자 드레싱에... "", ""bloggername"": ""ALotLikeLove"", ""bloggerlink"": ""blog.naver.com/mg0s2"", ""postdate"": ""20260526""}",ALotLikeLove,blog.naver.com/mg0s2
사과,single_term_fallback,사과,"화성 보통저수지 카페 다원, 예쁜 정원이 있는 카페",https://blog.naver.com/jettylee/224297179522,20260526,"동생은 아이스아메리카노 5,000원 나는 달콤한 <b>사과</b> 6,500원 비주얼부터 이름까지 너무 예쁜 달콤한 <b>사과</b>라는 이름의 티. 맛은 아주 약간 새콤하면서 달콤한데 많이 달지 않아서 좋다. <b>사과</b>의 상콤함을 느낄 수... ",,naver_blog,사과,canonical,1.0,2026-05-26T11:50:14.768518+00:00,0,0,0,0,분홍나무의 지극히 개인적인 취향,"동생은 아이스아메리카노 5,000원 나는 달콤한 <b>사과</b> 6,500원 비주얼부터 이름까지 너무 예쁜 달콤한 <b>사과</b>라는 이름의 티. 맛은 아주 약간 새콤하면서 달콤한데 많이 달지 않아서 좋다. <b>사과</b>의 상콤함을 느낄 수... ","{""title"": ""화성 보통저수지 카페 다원, 예쁜 정원이 있는 카페"", ""link"": ""https://blog.naver.com/jettylee/224297179522"", ""description"": ""동생은 아이스아메리카노 5,000원 나는 달콤한 <b>사과</b> 6,500원 비주얼부터 이름까지 너무 예쁜 달콤한 <b>사과</b>라는 이름의 티. 맛은 아주 약간 새콤하면서 달콤한데 많이 달지 않아서 좋다. <b>사과</b>의 상콤함을 느낄 수... "", ""bloggername"": ""분홍나무의 지극히 개인적인 취향"", ""bloggerlink"": ""blog.naver.com/jettylee"", ""postdate"": ""20260526""}",분홍나무의 지극히 개인적인 취향,blog.naver.com/jettylee
사과,single_term_fallback,사과,HARBS의 시그니처 케이크.,https://blog.naver.com/sc4cherish/224297178996,20260526,"음료는 <b>사과</b>주스, 오렌지주스, 밀크커피를 골랐다. 루치아가 침이 마르도록 극찬했던 건 음료에 들어간 얼음이었다. 물을 얼린 얼음이 아니라, <b>사과</b>주스에는 <b>사과</b>주스를 얼린 얼음, 커피에는 커피를 얼린... ",,naver_blog,사과,canonical,1.0,2026-05-26T11:50:14.768518+00:00,0,0,0,0,대빵꼬빵이네,"음료는 <b>사과</b>주스, 오렌지주스, 밀크커피를 골랐다. 루치아가 침이 마르도록 극찬했던 건 음료에 들어간 얼음이었다. 물을 얼린 얼음이 아니라, <b>사과</b>주스에는 <b>사과</b>주스를 얼린 얼음, 커피에는 커피를 얼린... ","{""title"": ""HARBS의 시그니처 케이크."", ""link"": ""https://blog.naver.com/sc4cherish/224297178996"", ""description"": ""음료는 <b>사과</b>주스, 오렌지주스, 밀크커피를 골랐다. 루치아가 침이 마르도록 극찬했던 건 음료에 들어간 얼음이었다. 물을 얼린 얼음이 아니라, <b>사과</b>주스에는 <b>사과</b>주스를 얼린 얼음, 커피에는 커피를 얼린... "", ""bloggername"": ""대빵꼬빵이네"", ""bloggerlink"": ""blog.naver.com/sc4cherish"", ""postdate"": ""20260526""}",대빵꼬빵이네,blog.naver.com/sc4cherish
사과,single_term_fallback,사과,클럽성폭행 CCTV와 목격자 확보가 중요한 이유,https://blog.naver.com/relyzg/224297178930,20260526,"<b>사과</b>처럼 보이는 문장이 오해를 부를 수 있습니다. 넷째, 인터넷 사례를 그대로 따라 하는 일입니다. 사건은 비슷해 보여도 세부가 다르면 결과도 달라집니다. 지금 단계에서는 이렇게 움직이는 편이 좋습니다.... ",,naver_blog,사과,canonical,1.0,2026-05-26T11:50:14.768518+00:00,0,0,0,0,relyzg님의 블로그,"<b>사과</b>처럼 보이는 문장이 오해를 부를 수 있습니다. 넷째, 인터넷 사례를 그대로 따라 하는 일입니다. 사건은 비슷해 보여도 세부가 다르면 결과도 달라집니다. 지금 단계에서는 이렇게 움직이는 편이 좋습니다.... ","{""title"": ""클럽성폭행 CCTV와 목격자 확보가 중요한 이유"", ""link"": ""https://blog.naver.com/relyzg/224297178930"", ""description"": ""<b>사과</b>처럼 보이는 문장이 오해를 부를 수 있습니다. 넷째, 인터넷 사례를 그대로 따라 하는 일입니다. 사건은 비슷해 보여도 세부가 다르면 결과도 달라집니다. 지금 단계에서는 이렇게 움직이는 편이 좋습니다.... "", ""bloggername"": ""relyzg님의 블로그"", ""bloggerlink"": ""blog.naver.com/relyzg"", ""postdate"": ""20260526""}",relyzg님의 블로그,blog.naver.com/relyzg
사과,single_term_fallback,사과,"아이와 가기 좋은 예산 카페 백설농부, 정원과 모래놀이터까지... ",https://blog.naver.com/jouser/224297179289,20260526,"쑥패너, <b>사과</b>주스, 보리라떼 특징 : 논뷰, 정원카페, 애견동반 가능, 아이 놀이공간 보유 충남 예산에... <b>사과</b>쥬스. 토마토쥬스. 레몬꿀케이크(크레이프를 차곡차곡 쌓음) 에그타르트? 마늘 빵 외 레몬꿀케이크는... ",,naver_blog,사과,canonical,1.0,2026-05-26T11:50:14.768518+00:00,0,0,0,0,하루의 쉼표,"쑥패너, <b>사과</b>주스, 보리라떼 특징 : 논뷰, 정원카페, 애견동반 가능, 아이 놀이공간 보유 충남 예산에... <b>사과</b>쥬스. 토마토쥬스. 레몬꿀케이크(크레이프를 차곡차곡 쌓음) 에그타르트? 마늘 빵 외 레몬꿀케이크는... ","{""title"": ""아이와 가기 좋은 예산 카페 백설농부, 정원과 모래놀이터까지... "", ""link"": ""https://blog.naver.com/jouser/224297179289"", ""description"": ""쑥패너, <b>사과</b>주스, 보리라떼 특징 : 논뷰, 정원카페, 애견동반 가능, 아이 놀이공간 보유 충남 예산에... <b>사과</b>쥬스. 토마토쥬스. 레몬꿀케이크(크레이프를 차곡차곡 쌓음) 에그타르트? 마늘 빵 외 레몬꿀케이크는... "", ""bloggername"": ""하루의 쉼표"", ""bloggerlink"": ""blog.naver.com/jouser"", ""postdate"": ""20260526""}",하루의 쉼표,blog.naver.com/jouser
사과,single_term_fallback,사과,파이토케미컬 뉴트리원라이프 마시는 샐러드 섭취 후기,https://blog.naver.com/multizzang2/224297179432,20260526,<b>사과</b>와 당근 맛 처음 먹기 전에는 채소가 많이 들어갔다고 해서 맛이 없을 것 같아서 걱정이 되더라구요. 직접 마셔보니 <b>사과</b>와 당근 맛이 부드럽게 올라와서 가벼운 과채샷을 먹는 기분이었답니다. 단맛이... ,,naver_blog,사과,canonical,1.0,2026-05-26T11:50:14.768518+00:00,0,0,0,0,살림 건강 비법! 소꿀,<b>사과</b>와 당근 맛 처음 먹기 전에는 채소가 많이 들어갔다고 해서 맛이 없을 것 같아서 걱정이 되더라구요. 직접 마셔보니 <b>사과</b>와 당근 맛이 부드럽게 올라와서 가벼운 과채샷을 먹는 기분이었답니다. 단맛이... ,"{""title"": ""파이토케미컬 뉴트리원라이프 마시는 샐러드 섭취 후기"", ""link"": ""https://blog.naver.com/multizzang2/224297179432"", ""description"": ""<b>사과</b>와 당근 맛 처음 먹기 전에는 채소가 많이 들어갔다고 해서 맛이 없을 것 같아서 걱정이 되더라구요. 직접 마셔보니 <b>사과</b>와 당근 맛이 부드럽게 올라와서 가벼운 과채샷을 먹는 기분이었답니다. 단맛이... "", ""bloggername"": ""살림 건강 비법! 소꿀"", ""bloggerlink"": ""blog.naver.com/multizzang2"", ""postdate"": ""20260526""}",살림 건강 비법! 소꿀,blog.naver.com/multizzang2
사과,single_term_fallback,사과,오이를 활용한 피클 만들기(feat.피클링스파이스),https://blog.naver.com/da_sol450/224297179342,20260526,:) 생수 600ml를 넣어주고 물을 끓여줍니다 :) 그리고 설탕과 <b>사과</b>식초를 300ml씩 물에 넣어서 섞어주면 되는데 저는 2배<b>사과</b>식초를 사용했어요 :) 월계수잎도 있길래 좀 넣어서 끓여주고요 피클링스파이스도... ,,naver_blog,사과,canonical,1.0,2026-05-26T11:50:14.768518+00:00,0,0,0,0,how was my day? ಇ,:) 생수 600ml를 넣어주고 물을 끓여줍니다 :) 그리고 설탕과 <b>사과</b>식초를 300ml씩 물에 넣어서 섞어주면 되는데 저는 2배<b>사과</b>식초를 사용했어요 :) 월계수잎도 있길래 좀 넣어서 끓여주고요 피클링스파이스도... ,"{""title"": ""오이를 활용한 피클 만들기(feat.피클링스파이스)"", ""link"": ""https://blog.naver.com/da_sol450/224297179342"", ""description"": "":) 생수 600ml를 넣어주고 물을 끓여줍니다 :) 그리고 설탕과 <b>사과</b>식초를 300ml씩 물에 넣어서 섞어주면 되는데 저는 2배<b>사과</b>식초를 사용했어요 :) 월계수잎도 있길래 좀 넣어서 끓여주고요 피클링스파이스도... "", ""bloggername"": ""how was my day? ಇ"", ""bloggerlink"": ""blog.naver.com/da_sol450"", ""postdate"": ""20260526""}",how was my day? ಇ,blog.naver.com/da_sol450
사과,single_term_fallback,사과,"7세 한글공부, 관심 없는 아이는 하루 3단어 자석글자 놀이부터... ",https://blog.naver.com/readnplay/224297178705,20260526,"예를 들어 오늘의 단어가 &quot;<b>사과</b>, 우유, 나무&quot; 라면 부모님이 먼저 천천히 자음과 모음을 찾아 보여주세요. &quot;<b>사과</b>의 '사'는 ㅅ이랑 ㅏ가 만나서 만들어졌네.&quot; &quot;우유는 동그란 ㅇ이 두 번 나오네.&quot; &quot;나무는 ㄴ,ㅏ,ㅁ... ",,naver_blog,사과,canonical,1.0,2026-05-26T11:50:14.768518+00:00,0,0,0,0,오늘의 놀이가 내일의 배움이 되는 리드앤플레이,"예를 들어 오늘의 단어가 &quot;<b>사과</b>, 우유, 나무&quot; 라면 부모님이 먼저 천천히 자음과 모음을 찾아 보여주세요. &quot;<b>사과</b>의 '사'는 ㅅ이랑 ㅏ가 만나서 만들어졌네.&quot; &quot;우유는 동그란 ㅇ이 두 번 나오네.&quot; &quot;나무는 ㄴ,ㅏ,ㅁ... ","{""title"": ""7세 한글공부, 관심 없는 아이는 하루 3단어 자석글자 놀이부터... "", ""link"": ""https://blog.naver.com/readnplay/224297178705"", ""description"": ""예를 들어 오늘의 단어가 &quot;<b>사과</b>, 우유, 나무&quot; 라면 부모님이 먼저 천천히 자음과 모음을 찾아 보여주세요. &quot;<b>사과</b>의 '사'는 ㅅ이랑 ㅏ가 만나서 만들어졌네.&quot; &quot;우유는 동그란 ㅇ이 두 번 나오네.&quot; &quot;나무는 ㄴ,ㅏ,ㅁ... "", ""bloggername"": ""오늘의 놀이가 내일의 배움이 되는 리드앤플레이"", ""bloggerlink"": ""blog.naver.com/readnplay"", ""postdate"": ""20260526""}",오늘의 놀이가 내일의 배움이 되는 리드앤플레이,blog.naver.com/readnplay
사과,single_term_fallback,사과,애플 브랜드 마케팅 TIL,https://blog.naver.com/jbo730512/224297178409,20260526,"일관된 시각 언어: 광고의 흰색 배경, 단순한 폰트, 제품 중심의 연출, 그리고 한가운데 위치한 <b>사과</b> 로고는 전 세계 어디서나 동일합니다. 단순한 메시지: 복잡한 수식어 없이 핵심을 찌르는 마케팅... ",,naver_blog,사과,canonical,1.0,2026-05-26T11:50:14.768518+00:00,0,0,0,0,⠀,"일관된 시각 언어: 광고의 흰색 배경, 단순한 폰트, 제품 중심의 연출, 그리고 한가운데 위치한 <b>사과</b> 로고는 전 세계 어디서나 동일합니다. 단순한 메시지: 복잡한 수식어 없이 핵심을 찌르는 마케팅... ","{""title"": ""애플 브랜드 마케팅 TIL"", ""link"": ""https://blog.naver.com/jbo730512/224297178409"", ""description"": ""일관된 시각 언어: 광고의 흰색 배경, 단순한 폰트, 제품 중심의 연출, 그리고 한가운데 위치한 <b>사과</b> 로고는 전 세계 어디서나 동일합니다. 단순한 메시지: 복잡한 수식어 없이 핵심을 찌르는 마케팅... "", ""bloggername"": ""⠀"", ""bloggerlink"": ""blog.naver.com/jbo730512"", ""postdate"": ""20260526""}",⠀,blog.naver.com/jbo730512
사과,single_term_fallback,사과,오뚜기 <b>사과</b>식초 오뚜기 식초 5종 비교 추천 선택 기준,https://blog.naver.com/ujbir3cp-dtq18bz/224297177824,20260526,"오뚜기 <b>사과</b>식초 오뚜기 식초 5종 비교 추천 선택 기준 식초는 가정에서 다양하게 쓰이지만, 어떤... 1위 — 오뚜기 <b>사과</b>식초 1. 오뚜기 <b>사과</b>식초 ₩ 4,700 별점 : ⭐⭐⭐⭐⭐ 오뚜기 <b>사과</b>식초 가격 부담이 적고... ",,naver_blog,사과,canonical,1.0,2026-05-26T11:50:14.768518+00:00,0,0,0,0,깔끔한바람0510의 블로그,"오뚜기 <b>사과</b>식초 오뚜기 식초 5종 비교 추천 선택 기준 식초는 가정에서 다양하게 쓰이지만, 어떤... 1위 — 오뚜기 <b>사과</b>식초 1. 오뚜기 <b>사과</b>식초 ₩ 4,700 별점 : ⭐⭐⭐⭐⭐ 오뚜기 <b>사과</b>식초 가격 부담이 적고... ","{""title"": ""오뚜기 <b>사과</b>식초 오뚜기 식초 5종 비교 추천 선택 기준"", ""link"": ""https://blog.naver.com/ujbir3cp-dtq18bz/224297177824"", ""description"": ""오뚜기 <b>사과</b>식초 오뚜기 식초 5종 비교 추천 선택 기준 식초는 가정에서 다양하게 쓰이지만, 어떤... 1위 — 오뚜기 <b>사과</b>식초 1. 오뚜기 <b>사과</b>식초 ₩ 4,700 별점 : ⭐⭐⭐⭐⭐ 오뚜기 <b>사과</b>식초 가격 부담이 적고... "", ""bloggername"": ""깔끔한바람0510의 블로그"", ""bloggerlink"": ""blog.naver.com/ujbir3cp-dtq18bz"", ""postdate"": ""20260526""}",깔끔한바람0510의 블로그,blog.naver.com/ujbir3cp-dtq18bz
사과,single_term_fallback,사과,8개월차에 진입한 말짱쓰 근황 일기,https://blog.naver.com/time_2_love/224297177470,20260526,"총 19가지 채소를 먹어보았다 간식도 잘 먹는다 요거트를 첫시도 했다 <b>사과</b>퓨레에 요거트, 고구마를 넣어줬는데 엄청 잘먹음 더달라고 입을 쩍쩍 벌린다 티딩러스크도 수제로 만들어 보았당 고구마와 아기치즈... ",,naver_blog,사과,canonical,1.0,2026-05-26T11:50:14.768518+00:00,0,0,0,0,월급루팡의 블로그,"총 19가지 채소를 먹어보았다 간식도 잘 먹는다 요거트를 첫시도 했다 <b>사과</b>퓨레에 요거트, 고구마를 넣어줬는데 엄청 잘먹음 더달라고 입을 쩍쩍 벌린다 티딩러스크도 수제로 만들어 보았당 고구마와 아기치즈... ","{""title"": ""8개월차에 진입한 말짱쓰 근황 일기"", ""link"": ""https://blog.naver.com/time_2_love/224297177470"", ""description"": ""총 19가지 채소를 먹어보았다 간식도 잘 먹는다 요거트를 첫시도 했다 <b>사과</b>퓨레에 요거트, 고구마를 넣어줬는데 엄청 잘먹음 더달라고 입을 쩍쩍 벌린다 티딩러스크도 수제로 만들어 보았당 고구마와 아기치즈... "", ""bloggername"": ""월급루팡의 블로그"", ""bloggerlink"": ""blog.naver.com/time_2_love"", ""postdate"": ""20260526""}",월급루팡의 블로그,blog.naver.com/time_2_love
사과,single_term_fallback,사과,정용진 회장의 <b>사과</b>에도 불구하고 민심이 싸늘한 이유,https://blog.naver.com/testjun0101/224297177362,20260526,공식 <b>사과</b>문을 출하하며 고개를 숙였습니다. 대형 온·오프라인 유통 도크를 책임지는 수장으로서 직접... 정용진 회장의 <b>사과</b>가 민심의 저항선에 가로막힌 3대 원인 신세계그룹 총수의 서면 <b>사과</b>문 카드... ,,naver_blog,사과,canonical,1.0,2026-05-26T11:50:14.768518+00:00,0,0,0,0,testjun0101님의 블로그,공식 <b>사과</b>문을 출하하며 고개를 숙였습니다. 대형 온·오프라인 유통 도크를 책임지는 수장으로서 직접... 정용진 회장의 <b>사과</b>가 민심의 저항선에 가로막힌 3대 원인 신세계그룹 총수의 서면 <b>사과</b>문 카드... ,"{""title"": ""정용진 회장의 <b>사과</b>에도 불구하고 민심이 싸늘한 이유"", ""link"": ""https://blog.naver.com/testjun0101/224297177362"", ""description"": ""공식 <b>사과</b>문을 출하하며 고개를 숙였습니다. 대형 온·오프라인 유통 도크를 책임지는 수장으로서 직접... 정용진 회장의 <b>사과</b>가 민심의 저항선에 가로막힌 3대 원인 신세계그룹 총수의 서면 <b>사과</b>문 카드... "", ""bloggername"": ""testjun0101님의 블로그"", ""bloggerlink"": ""blog.naver.com/testjun0101"", ""postdate"": ""20260526""}",testjun0101님의 블로그,blog.naver.com/testjun0101
사과,single_term_fallback,사과,"“가족인데 A팀 B팀?” 나는솔로 옥순♥돌싱글즈 유현철, 재혼... ",https://blog.naver.com/giantbb2/224297177923,20260526,"그런데 <b>사과</b> 몇 조각까지 마음에 담아두는 모습은 솔직히 조금 답답하게 느껴졌어요. 딸을 아끼는 마음이야 당연하지만, 그 마음이 너무 한쪽으로만 향하면 새 가족은 계속 벽을 느낄 수밖에 없으니까요. 특히... ",,naver_blog,사과,canonical,1.0,2026-05-26T11:50:14.768518+00:00,0,0,0,0,트렌드하디영,"그런데 <b>사과</b> 몇 조각까지 마음에 담아두는 모습은 솔직히 조금 답답하게 느껴졌어요. 딸을 아끼는 마음이야 당연하지만, 그 마음이 너무 한쪽으로만 향하면 새 가족은 계속 벽을 느낄 수밖에 없으니까요. 특히... ","{""title"": ""“가족인데 A팀 B팀?” 나는솔로 옥순♥돌싱글즈 유현철, 재혼... "", ""link"": ""https://blog.naver.com/giantbb2/224297177923"", ""description"": ""그런데 <b>사과</b> 몇 조각까지 마음에 담아두는 모습은 솔직히 조금 답답하게 느껴졌어요. 딸을 아끼는 마음이야 당연하지만, 그 마음이 너무 한쪽으로만 향하면 새 가족은 계속 벽을 느낄 수밖에 없으니까요. 특히... "", ""bloggername"": ""트렌드하디영"", ""bloggerlink"": ""blog.naver.com/giantbb2"", ""postdate"": ""20260526""}",트렌드하디영,blog.naver.com/giantbb2
사과,single_term_fallback,사과,까다로운 아이도 잘 마시는 아기도라지배즙 이트뮨 배도라지주스,https://blog.naver.com/tlswkdel/224297177870,20260526,파이토뉴트리 이트뮨 라인 파이토뉴트리 이트뮨 라인은 엘더베리 <b>사과</b>주스와 배도라지즙 2가지로... 저희 첫째 아이는 평소 배 맛을 좋아해서 아기도라지배즙을 정말 잘 먹었는데 <b>사과</b> 맛도 싫어하는 편은... ,,naver_blog,사과,canonical,1.0,2026-05-26T11:50:14.768518+00:00,0,0,0,0,하하하우스,파이토뉴트리 이트뮨 라인 파이토뉴트리 이트뮨 라인은 엘더베리 <b>사과</b>주스와 배도라지즙 2가지로... 저희 첫째 아이는 평소 배 맛을 좋아해서 아기도라지배즙을 정말 잘 먹었는데 <b>사과</b> 맛도 싫어하는 편은... ,"{""title"": ""까다로운 아이도 잘 마시는 아기도라지배즙 이트뮨 배도라지주스"", ""link"": ""https://blog.naver.com/tlswkdel/224297177870"", ""description"": ""파이토뉴트리 이트뮨 라인 파이토뉴트리 이트뮨 라인은 엘더베리 <b>사과</b>주스와 배도라지즙 2가지로... 저희 첫째 아이는 평소 배 맛을 좋아해서 아기도라지배즙을 정말 잘 먹었는데 <b>사과</b> 맛도 싫어하는 편은... "", ""bloggername"": ""하하하우스"", ""bloggerlink"": ""blog.naver.com/tlswkdel"", ""postdate"": ""20260526""}",하하하우스,blog.naver.com/tlswkdel
사과,single_term_fallback,사과,[경북맛집] 30년 한식장인 조리기능장의 맛 '간장게장' '코다리찜',https://blog.naver.com/jiu-jitsusan/224297177491,20260526,"청송하면 떠오르는 것들 <b>사과</b>, 주왕산, 교도소... 추가 하기 &quot;청송미담&quot; 먹은지 2주가 지났지만 아직 입안가득 남아 있는 여운... 뭐지 포스팅을 위해 네이버 검색 30년 경력의 대한민국조리기능장 한식장인 ... ",,naver_blog,사과,canonical,1.0,2026-05-26T11:50:14.768518+00:00,0,0,0,0,주짓수&킥복싱&종합격투기 구미 산동 킹덤주짓수,"청송하면 떠오르는 것들 <b>사과</b>, 주왕산, 교도소... 추가 하기 &quot;청송미담&quot; 먹은지 2주가 지났지만 아직 입안가득 남아 있는 여운... 뭐지 포스팅을 위해 네이버 검색 30년 경력의 대한민국조리기능장 한식장인 ... ","{""title"": ""[경북맛집] 30년 한식장인 조리기능장의 맛 '간장게장' '코다리찜'"", ""link"": ""https://blog.naver.com/jiu-jitsusan/224297177491"", ""description"": ""청송하면 떠오르는 것들 <b>사과</b>, 주왕산, 교도소... 추가 하기 &quot;청송미담&quot; 먹은지 2주가 지났지만 아직 입안가득 남아 있는 여운... 뭐지 포스팅을 위해 네이버 검색 30년 경력의 대한민국조리기능장 한식장인 ... "", ""bloggername"": ""주짓수&킥복싱&종합격투기 구미 산동 킹덤주짓수"", ""bloggerlink"": ""blog.naver.com/jiu-jitsusan"", ""postdate"": ""20260526""}",주짓수&킥복싱&종합격투기 구미 산동 킹덤주짓수,blog.naver.com/jiu-jitsusan
사과,single_term_fallback,사과,[茶錄-1387] 아만 프리미엄 티 - 왓 어 필링 허브티,https://blog.naver.com/cosmopolitan/224297176155,20260526,"2% (폴란드) / <b>사과</b> 19.8%(터키) / 건조 파인애플 (파인애플, 설탕, 구연산) 19.8% (태국) / 강낭콩 / 파파야 (파파야, 설탕, 구연산) / 파인애플 칩 / 파인애플, 망고, 코코넛, 피타하야 향료 우림법 : 97도의 끓인... ",,naver_blog,사과,canonical,1.0,2026-05-26T11:50:14.768518+00:00,0,0,0,0,娟娟한 발걸음 닿는 곳,"2% (폴란드) / <b>사과</b> 19.8%(터키) / 건조 파인애플 (파인애플, 설탕, 구연산) 19.8% (태국) / 강낭콩 / 파파야 (파파야, 설탕, 구연산) / 파인애플 칩 / 파인애플, 망고, 코코넛, 피타하야 향료 우림법 : 97도의 끓인... ","{""title"": ""[茶錄-1387] 아만 프리미엄 티 - 왓 어 필링 허브티"", ""link"": ""https://blog.naver.com/cosmopolitan/224297176155"", ""description"": ""2% (폴란드) / <b>사과</b> 19.8%(터키) / 건조 파인애플 (파인애플, 설탕, 구연산) 19.8% (태국) / 강낭콩 / 파파야 (파파야, 설탕, 구연산) / 파인애플 칩 / 파인애플, 망고, 코코넛, 피타하야 향료 우림법 : 97도의 끓인... "", ""bloggername"": ""娟娟한 발걸음 닿는 곳"", ""bloggerlink"": ""blog.naver.com/cosmopolitan"", ""postdate"": ""20260526""}",娟娟한 발걸음 닿는 곳,blog.naver.com/cosmopolitan
사과,single_term_fallback,사과,치맥 추천! 멕시카나 신제품 고추화삭 야식메뉴로 영등포점에서... ,https://blog.naver.com/2241237/224297175628,20260526,오늘은 다이소 애사비 <b>사과</b> 맛이랑 같이 먹었어요! 역시 치킨은 음료도 한몫하는 거 같아요. 다들 어떤 조합으로 드시나요? 멕시카나 고추화삭이랑 어울리는 음료나 음식이 있으면 추천해 주세요! 그럼 오늘도... ,,naver_blog,사과,canonical,1.0,2026-05-26T11:50:14.768518+00:00,0,0,0,0,B l o g,오늘은 다이소 애사비 <b>사과</b> 맛이랑 같이 먹었어요! 역시 치킨은 음료도 한몫하는 거 같아요. 다들 어떤 조합으로 드시나요? 멕시카나 고추화삭이랑 어울리는 음료나 음식이 있으면 추천해 주세요! 그럼 오늘도... ,"{""title"": ""치맥 추천! 멕시카나 신제품 고추화삭 야식메뉴로 영등포점에서... "", ""link"": ""https://blog.naver.com/2241237/224297175628"", ""description"": ""오늘은 다이소 애사비 <b>사과</b> 맛이랑 같이 먹었어요! 역시 치킨은 음료도 한몫하는 거 같아요. 다들 어떤 조합으로 드시나요? 멕시카나 고추화삭이랑 어울리는 음료나 음식이 있으면 추천해 주세요! 그럼 오늘도... "", ""bloggername"": ""B l o g"", ""bloggerlink"": ""blog.naver.com/2241237"", ""postdate"": ""20260526""}",B l o g,blog.naver.com/2241237
사과,single_term_fallback,사과,"무첨가 100% 땅콩버터 <b>사과</b> 조합, 칼로리, 보관 방법 솔직 후기",https://blog.naver.com/ys9587/224297175598,20260526,크리미도 사진에서 보이는 것처럼 자잘하게 땅콩이 들어 있어서 땅콩 식감이 느껴져요 땅콩버터랑 <b>사과</b>가 최고의 건강 짝꿍이라고 해요! 간식으로도 좋고 아침 대용으로도 좋은 거 같아요  <b>사과</b>에 땅콩버터... ,,naver_blog,사과,canonical,1.0,2026-05-26T11:50:14.768518+00:00,0,0,0,0,Be happyᯓᰔ,크리미도 사진에서 보이는 것처럼 자잘하게 땅콩이 들어 있어서 땅콩 식감이 느껴져요 땅콩버터랑 <b>사과</b>가 최고의 건강 짝꿍이라고 해요! 간식으로도 좋고 아침 대용으로도 좋은 거 같아요  <b>사과</b>에 땅콩버터... ,"{""title"": ""무첨가 100% 땅콩버터 <b>사과</b> 조합, 칼로리, 보관 방법 솔직 후기"", ""link"": ""https://blog.naver.com/ys9587/224297175598"", ""description"": ""크리미도 사진에서 보이는 것처럼 자잘하게 땅콩이 들어 있어서 땅콩 식감이 느껴져요 땅콩버터랑 <b>사과</b>가 최고의 건강 짝꿍이라고 해요! 간식으로도 좋고 아침 대용으로도 좋은 거 같아요  <b>사과</b>에 땅콩버터... "", ""bloggername"": ""Be happyᯓᰔ"", ""bloggerlink"": ""blog.naver.com/ys9587"", ""postdate"": ""20260526""}",Be happyᯓᰔ,blog.naver.com/ys9587
사과,single_term_fallback,사과,클레인 오란제리에 슈냉블랑 2025,https://blog.naver.com/fried_egg/224297175731,20260526,"배와 푹익은 <b>사과</b>, 노란과실들의 농익은 향기. 달달하고 새콤한 향. <b>사과</b>와 배, 꿀이 먼저 그 뒤에 시트러스와 레몬. 피니시는 후추. 의외로 맛 자체는 단맛이 거의 없다. 하지만! 매운 음식과 함께하면 단맛이... ",,naver_blog,사과,canonical,1.0,2026-05-26T11:50:14.768518+00:00,0,0,0,0,無,"배와 푹익은 <b>사과</b>, 노란과실들의 농익은 향기. 달달하고 새콤한 향. <b>사과</b>와 배, 꿀이 먼저 그 뒤에 시트러스와 레몬. 피니시는 후추. 의외로 맛 자체는 단맛이 거의 없다. 하지만! 매운 음식과 함께하면 단맛이... ","{""title"": ""클레인 오란제리에 슈냉블랑 2025"", ""link"": ""https://blog.naver.com/fried_egg/224297175731"", ""description"": ""배와 푹익은 <b>사과</b>, 노란과실들의 농익은 향기. 달달하고 새콤한 향. <b>사과</b>와 배, 꿀이 먼저 그 뒤에 시트러스와 레몬. 피니시는 후추. 의외로 맛 자체는 단맛이 거의 없다. 하지만! 매운 음식과 함께하면 단맛이... "", ""bloggername"": ""無"", ""bloggerlink"": ""blog.naver.com/fried_egg"", ""postdate"": ""20260526""}",無,blog.naver.com/fried_egg
사과,single_term_fallback,사과,"스타벅스, 선불카드 '조건 없는 전액 환불' 2주간 한시적 완화... ",https://blog.naver.com/ruwk0505/224297175472,20260526,정용진 신세계그룹 회장의 대국민 <b>사과</b>문 발표와 동시에 &quot;리턴 패킷(환불)&quot;을 전면 수용한 것은... &quot; #스타벅스환불 #스타벅스환불완화 #스타벅스카드잔액 #스타벅스충전금환불 #스타벅스선불카드 #정용진<b>사과</b>... ,,naver_blog,사과,canonical,1.0,2026-05-26T11:50:14.768518+00:00,0,0,0,0,MoaMoa,정용진 신세계그룹 회장의 대국민 <b>사과</b>문 발표와 동시에 &quot;리턴 패킷(환불)&quot;을 전면 수용한 것은... &quot; #스타벅스환불 #스타벅스환불완화 #스타벅스카드잔액 #스타벅스충전금환불 #스타벅스선불카드 #정용진<b>사과</b>... ,"{""title"": ""스타벅스, 선불카드 '조건 없는 전액 환불' 2주간 한시적 완화... "", ""link"": ""https://blog.naver.com/ruwk0505/224297175472"", ""description"": ""정용진 신세계그룹 회장의 대국민 <b>사과</b>문 발표와 동시에 &quot;리턴 패킷(환불)&quot;을 전면 수용한 것은... &quot; #스타벅스환불 #스타벅스환불완화 #스타벅스카드잔액 #스타벅스충전금환불 #스타벅스선불카드 #정용진<b>사과</b>... "", ""bloggername"": ""MoaMoa"", ""bloggerlink"": ""blog.naver.com/ruwk0505"", ""postdate"": ""20260526""}",MoaMoa,blog.naver.com/ruwk0505
사과,single_term_fallback,사과,"학폭 합의금 액수, 변호사 추천, 상담비용, 선임료, 수임료... ",https://blog.naver.com/gkw205723/224297008061,20260526,"단순 <b>사과</b>문으로 끝나지 않는 경우가 많아 치료비와 정신적 손해를 함께 봐야 합니다. 서울 강남구... 이처럼 반복성, 증거 확보, <b>사과</b>의 진정성이 핵심 기준이므로 긴급 법률상담으로 대응방안을 먼저 세워야... ",,naver_blog,사과,canonical,1.0,2026-05-26T11:50:14.768518+00:00,0,0,0,0,✓ 학교폭력대응센터,"단순 <b>사과</b>문으로 끝나지 않는 경우가 많아 치료비와 정신적 손해를 함께 봐야 합니다. 서울 강남구... 이처럼 반복성, 증거 확보, <b>사과</b>의 진정성이 핵심 기준이므로 긴급 법률상담으로 대응방안을 먼저 세워야... ","{""title"": ""학폭 합의금 액수, 변호사 추천, 상담비용, 선임료, 수임료... "", ""link"": ""https://blog.naver.com/gkw205723/224297008061"", ""description"": ""단순 <b>사과</b>문으로 끝나지 않는 경우가 많아 치료비와 정신적 손해를 함께 봐야 합니다. 서울 강남구... 이처럼 반복성, 증거 확보, <b>사과</b>의 진정성이 핵심 기준이므로 긴급 법률상담으로 대응방안을 먼저 세워야... "", ""bloggername"": ""✓ 학교폭력대응센터"", ""bloggerlink"": ""blog.naver.com/gkw205723"", ""postdate"": ""20260526""}",✓ 학교폭력대응센터,blog.naver.com/gkw205723
사과,single_term_fallback,사과,스토킹협박 혐의 감정적으로 대응하면 더 위험해집니다,https://blog.naver.com/cqkjltgg/224296929636,20260526,상대방에게 <b>사과</b>하겠다며 반복적으로 연락하거나 찾아가는 행동은 추가적인 스토킹협박 정황으로 해석될 위험이 있습니다. 많은 분들이 놓치는 부분은 바로 초기 진술입니다. 경찰 조사에서 “억울해서... ,,naver_blog,사과,canonical,1.0,2026-05-26T11:50:14.768518+00:00,0,0,0,0,15년 경력 형사사건 전문 대표변호사 직접상담,상대방에게 <b>사과</b>하겠다며 반복적으로 연락하거나 찾아가는 행동은 추가적인 스토킹협박 정황으로 해석될 위험이 있습니다. 많은 분들이 놓치는 부분은 바로 초기 진술입니다. 경찰 조사에서 “억울해서... ,"{""title"": ""스토킹협박 혐의 감정적으로 대응하면 더 위험해집니다"", ""link"": ""https://blog.naver.com/cqkjltgg/224296929636"", ""description"": ""상대방에게 <b>사과</b>하겠다며 반복적으로 연락하거나 찾아가는 행동은 추가적인 스토킹협박 정황으로 해석될 위험이 있습니다. 많은 분들이 놓치는 부분은 바로 초기 진술입니다. 경찰 조사에서 “억울해서... "", ""bloggername"": ""15년 경력 형사사건 전문 대표변호사 직접상담"", ""bloggerlink"": ""blog.naver.com/cqkjltgg"", ""postdate"": ""20260526""}",15년 경력 형사사건 전문 대표변호사 직접상담,blog.naver.com/cqkjltgg
사과,single_term_fallback,사과,경기 광주 곤지암역 한정식 맛집 추천 | 청보보리밥 본점... ,https://blog.naver.com/iam_fairy_/224297175293,20260526,쌈 좋아하는 인간으로서 이건 안 먹으면 서운하죠 상추에 수육 한 점 딱 올리고 먹으면 진짜 이게 행복이구나 싶었어요 같이 온 친구한테도 미리 <b>사과</b>했어요 마늘이랑 고추는 못 참는 조합인걸요? 청국장도... ,,naver_blog,사과,canonical,1.0,2026-05-26T11:50:14.768518+00:00,0,0,0,0,"If you don't do anything, nothing happens at all",쌈 좋아하는 인간으로서 이건 안 먹으면 서운하죠 상추에 수육 한 점 딱 올리고 먹으면 진짜 이게 행복이구나 싶었어요 같이 온 친구한테도 미리 <b>사과</b>했어요 마늘이랑 고추는 못 참는 조합인걸요? 청국장도... ,"{""title"": ""경기 광주 곤지암역 한정식 맛집 추천 | 청보보리밥 본점... "", ""link"": ""https://blog.naver.com/iam_fairy_/224297175293"", ""description"": ""쌈 좋아하는 인간으로서 이건 안 먹으면 서운하죠 상추에 수육 한 점 딱 올리고 먹으면 진짜 이게 행복이구나 싶었어요 같이 온 친구한테도 미리 <b>사과</b>했어요 마늘이랑 고추는 못 참는 조합인걸요? 청국장도... "", ""bloggername"": ""If you don't do anything, nothing happens at all"", ""bloggerlink"": ""blog.naver.com/iam_fairy_"", ""postdate"": ""20260526""}","If you don't do anything, nothing happens at all",blog.naver.com/iam_fairy_
사과,single_term_fallback,사과,"방송에서 일어난 어이없는 실수, 살인사건 피해자 사진이 아닌... ",https://blog.naver.com/entinfo50/224297174262,20260526,"제작진의 해명과 <b>사과</b> 제작진은 일부 팬들에게 &quot;생전 피해자가 사용하던 기기에 저장되어 있던 사진을... ✔✔️ 재발 방지를 약속했어요 제작진은 현진과 팬, 시청자에게 거듭 <b>사과</b>했어요. 그리고 &quot;앞으로는... ",,naver_blog,사과,canonical,1.0,2026-05-26T11:50:14.768518+00:00,0,0,0,0,entinfo50님의 블로그,"제작진의 해명과 <b>사과</b> 제작진은 일부 팬들에게 &quot;생전 피해자가 사용하던 기기에 저장되어 있던 사진을... ✔✔️ 재발 방지를 약속했어요 제작진은 현진과 팬, 시청자에게 거듭 <b>사과</b>했어요. 그리고 &quot;앞으로는... ","{""title"": ""방송에서 일어난 어이없는 실수, 살인사건 피해자 사진이 아닌... "", ""link"": ""https://blog.naver.com/entinfo50/224297174262"", ""description"": ""제작진의 해명과 <b>사과</b> 제작진은 일부 팬들에게 &quot;생전 피해자가 사용하던 기기에 저장되어 있던 사진을... ✔✔️ 재발 방지를 약속했어요 제작진은 현진과 팬, 시청자에게 거듭 <b>사과</b>했어요. 그리고 &quot;앞으로는... "", ""bloggername"": ""entinfo50님의 블로그"", ""bloggerlink"": ""blog.naver.com/entinfo50"", ""postdate"": ""20260526""}",entinfo50님의 블로그,blog.naver.com/entinfo50
사과,single_term_fallback,사과,강요죄가해자형량 2026년 기준 처벌 수위와 양형 요소 감경... ,https://blog.naver.com/jzvm0942/224297031812,20260526,"- 메시지·통화로 일회성 위협, 초범, 물적·신체 피해 없음, 조기 <b>사과</b>·합의 · 벌금형 또는 집행유예... 치료비 선지급, 휴가·상담 지원, <b>사과</b>문 전달 등 실질 회복 방안을 변호사를 통해 제안합니다. - 법적... ",,naver_blog,사과,canonical,1.0,2026-05-26T11:50:14.768518+00:00,0,0,0,0,경찰출신변호사 심우,"- 메시지·통화로 일회성 위협, 초범, 물적·신체 피해 없음, 조기 <b>사과</b>·합의 · 벌금형 또는 집행유예... 치료비 선지급, 휴가·상담 지원, <b>사과</b>문 전달 등 실질 회복 방안을 변호사를 통해 제안합니다. - 법적... ","{""title"": ""강요죄가해자형량 2026년 기준 처벌 수위와 양형 요소 감경... "", ""link"": ""https://blog.naver.com/jzvm0942/224297031812"", ""description"": ""- 메시지·통화로 일회성 위협, 초범, 물적·신체 피해 없음, 조기 <b>사과</b>·합의 · 벌금형 또는 집행유예... 치료비 선지급, 휴가·상담 지원, <b>사과</b>문 전달 등 실질 회복 방안을 변호사를 통해 제안합니다. - 법적... "", ""bloggername"": ""경찰출신변호사 심우"", ""bloggerlink"": ""blog.naver.com/jzvm0942"", ""postdate"": ""20260526""}",경찰출신변호사 심우,blog.naver.com/jzvm0942
사과,single_term_fallback,사과,얼갈이 열무김치 담그기,https://blog.naver.com/khkh3349/224297174978,20260526,"5컵 쪽파 크게 한줌 <b>사과</b>(小) 1개 양파 1개 밥 1/2공기 물 1컵 홍고추 10개 고추가루 1컵 까나리액젓 1컵... 반개, <b>사과</b> 1개, 생강 한톨을 넣고 새우젓 2수저도 넣어주시고 물 80ml넣어서 갈아주세요 갈아 놓은 홍고추... ",,naver_blog,사과,canonical,1.0,2026-05-26T11:50:14.768518+00:00,0,0,0,0,아침이슬의 일상 이야기,"5컵 쪽파 크게 한줌 <b>사과</b>(小) 1개 양파 1개 밥 1/2공기 물 1컵 홍고추 10개 고추가루 1컵 까나리액젓 1컵... 반개, <b>사과</b> 1개, 생강 한톨을 넣고 새우젓 2수저도 넣어주시고 물 80ml넣어서 갈아주세요 갈아 놓은 홍고추... ","{""title"": ""얼갈이 열무김치 담그기"", ""link"": ""https://blog.naver.com/khkh3349/224297174978"", ""description"": ""5컵 쪽파 크게 한줌 <b>사과</b>(小) 1개 양파 1개 밥 1/2공기 물 1컵 홍고추 10개 고추가루 1컵 까나리액젓 1컵... 반개, <b>사과</b> 1개, 생강 한톨을 넣고 새우젓 2수저도 넣어주시고 물 80ml넣어서 갈아주세요 갈아 놓은 홍고추... "", ""bloggername"": ""아침이슬의 일상 이야기"", ""bloggerlink"": ""blog.naver.com/khkh3349"", ""postdate"": ""20260526""}",아침이슬의 일상 이야기,blog.naver.com/khkh3349
사과,single_term_fallback,사과,절도 기소유예 가능 기준과 사례 초범 합의 전략 변호사 선임 전... ,https://blog.naver.com/blut434tkzih/224296803864,20260526,"사례 3) 회사 비품 30만 원대 반출, 반납·<b>사과</b>·사내 징계 종결 - 경위: 퇴근길 충동적 반출, 자발적 반납... 원하신다면 정식 <b>사과</b>와 손해 전액 변상을 하겠습니다. 연락 편한 방법을 알려주시면 따르겠습니다.”... ",,naver_blog,사과,canonical,1.0,2026-05-26T11:50:14.768518+00:00,0,0,0,0,경찰출신/형사전문변호사,"사례 3) 회사 비품 30만 원대 반출, 반납·<b>사과</b>·사내 징계 종결 - 경위: 퇴근길 충동적 반출, 자발적 반납... 원하신다면 정식 <b>사과</b>와 손해 전액 변상을 하겠습니다. 연락 편한 방법을 알려주시면 따르겠습니다.”... ","{""title"": ""절도 기소유예 가능 기준과 사례 초범 합의 전략 변호사 선임 전... "", ""link"": ""https://blog.naver.com/blut434tkzih/224296803864"", ""description"": ""사례 3) 회사 비품 30만 원대 반출, 반납·<b>사과</b>·사내 징계 종결 - 경위: 퇴근길 충동적 반출, 자발적 반납... 원하신다면 정식 <b>사과</b>와 손해 전액 변상을 하겠습니다. 연락 편한 방법을 알려주시면 따르겠습니다.”... "", ""bloggername"": ""경찰출신/형사전문변호사"", ""bloggerlink"": ""blog.naver.com/blut434tkzih"", ""postdate"": ""20260526""}",경찰출신/형사전문변호사,blog.naver.com/blut434tkzih
사과,single_term_fallback,사과,"김포 학교폭력전문변호사, 학폭위 대응은 어떤 순서로... ",https://blog.naver.com/ugnvxhjazh81847/224297174928,20260526,"학폭위는 단순한 <b>사과</b> 자리처럼 보이지만, 실제로는 출석정지나 전학 등 생활기록에 영향을 주는... 학폭위는 단순히 <b>사과</b>하면 끝나는 자리가 아닙니다. 사건 경위, 반복성, 관계의 흐름, 주변 학생 진술, 문자나... ",,naver_blog,사과,canonical,1.0,2026-05-26T11:50:14.768518+00:00,0,0,0,0,MeadowWriter,"학폭위는 단순한 <b>사과</b> 자리처럼 보이지만, 실제로는 출석정지나 전학 등 생활기록에 영향을 주는... 학폭위는 단순히 <b>사과</b>하면 끝나는 자리가 아닙니다. 사건 경위, 반복성, 관계의 흐름, 주변 학생 진술, 문자나... ","{""title"": ""김포 학교폭력전문변호사, 학폭위 대응은 어떤 순서로... "", ""link"": ""https://blog.naver.com/ugnvxhjazh81847/224297174928"", ""description"": ""학폭위는 단순한 <b>사과</b> 자리처럼 보이지만, 실제로는 출석정지나 전학 등 생활기록에 영향을 주는... 학폭위는 단순히 <b>사과</b>하면 끝나는 자리가 아닙니다. 사건 경위, 반복성, 관계의 흐름, 주변 학생 진술, 문자나... "", ""bloggername"": ""MeadowWriter"", ""bloggerlink"": ""blog.naver.com/ugnvxhjazh81847"", ""postdate"": ""20260526""}",MeadowWriter,blog.naver.com/ugnvxhjazh81847
사과,single_term_fallback,사과,모자무싸 마지막회 보기 전 꼭 알아야 할 결말 포인트 4가지,https://blog.naver.com/kim6352p/224297174884,20260526,"어린 시절 버려졌다는 상처는 한두 마디 <b>사과</b>로 정리될 수 있는 문제가 아니고, 그래서 이 관계는 화해 여부보다 서로를 어디까지 바라볼 수 있느냐가 핵심입니다. 엄마 오정희를 향한 은아의 마음에는 분노... ",,naver_blog,사과,canonical,1.0,2026-05-26T11:50:14.768518+00:00,0,0,0,0,소소한 정보통,"어린 시절 버려졌다는 상처는 한두 마디 <b>사과</b>로 정리될 수 있는 문제가 아니고, 그래서 이 관계는 화해 여부보다 서로를 어디까지 바라볼 수 있느냐가 핵심입니다. 엄마 오정희를 향한 은아의 마음에는 분노... ","{""title"": ""모자무싸 마지막회 보기 전 꼭 알아야 할 결말 포인트 4가지"", ""link"": ""https://blog.naver.com/kim6352p/224297174884"", ""description"": ""어린 시절 버려졌다는 상처는 한두 마디 <b>사과</b>로 정리될 수 있는 문제가 아니고, 그래서 이 관계는 화해 여부보다 서로를 어디까지 바라볼 수 있느냐가 핵심입니다. 엄마 오정희를 향한 은아의 마음에는 분노... "", ""bloggername"": ""소소한 정보통"", ""bloggerlink"": ""blog.naver.com/kim6352p"", ""postdate"": ""20260526""}",소소한 정보통,blog.naver.com/kim6352p
사과,single_term_fallback,사과,"대구 고산역 카페, 오래 앉아있기 좋은 조용한 베이커리 카페... ",https://blog.naver.com/heechan0688/224297174576,20260526,"전체적인 분위기도 동영상으로 담아봤습니다~ 아로케는 커피부터 논커피, 에이드, 티 종류까지 메뉴 구성이 정말 다양했어요 특히 눈에 띄었던 건 수정과라떼, 수정과<b>사과</b>에이드 같은 한국적인 감성을 담은... ",,naver_blog,사과,canonical,1.0,2026-05-26T11:50:14.768518+00:00,0,0,0,0,Welcome to u and me,"전체적인 분위기도 동영상으로 담아봤습니다~ 아로케는 커피부터 논커피, 에이드, 티 종류까지 메뉴 구성이 정말 다양했어요 특히 눈에 띄었던 건 수정과라떼, 수정과<b>사과</b>에이드 같은 한국적인 감성을 담은... ","{""title"": ""대구 고산역 카페, 오래 앉아있기 좋은 조용한 베이커리 카페... "", ""link"": ""https://blog.naver.com/heechan0688/224297174576"", ""description"": ""전체적인 분위기도 동영상으로 담아봤습니다~ 아로케는 커피부터 논커피, 에이드, 티 종류까지 메뉴 구성이 정말 다양했어요 특히 눈에 띄었던 건 수정과라떼, 수정과<b>사과</b>에이드 같은 한국적인 감성을 담은... "", ""bloggername"": ""Welcome to u and me"", ""bloggerlink"": ""blog.naver.com/heechan0688"", ""postdate"": ""20260526""}",Welcome to u and me,blog.naver.com/heechan0688
사과,single_term_fallback,사과,바나나 스무디 레시피 건강하게 즐기는 방법과 영양 성분 가이드,https://blog.naver.com/eunsho7/224297174253,20260526,여기에 <b>사과</b> 반 쪽이나 레몬즙을 살짝 추가하면 상큼한 맛이 더해져 더욱 건강한 느낌을 줍니다. 오랜 경험으로 볼 때 그린 스무디는 몸의 부기를 빼주고 안색을 맑게 해주는 데 탁월한 효과가 있는 것 같습니다.... ,,naver_blog,사과,canonical,1.0,2026-05-26T11:50:14.768518+00:00,0,0,0,0,은쇼의 숨쉬는 일상,여기에 <b>사과</b> 반 쪽이나 레몬즙을 살짝 추가하면 상큼한 맛이 더해져 더욱 건강한 느낌을 줍니다. 오랜 경험으로 볼 때 그린 스무디는 몸의 부기를 빼주고 안색을 맑게 해주는 데 탁월한 효과가 있는 것 같습니다.... ,"{""title"": ""바나나 스무디 레시피 건강하게 즐기는 방법과 영양 성분 가이드"", ""link"": ""https://blog.naver.com/eunsho7/224297174253"", ""description"": ""여기에 <b>사과</b> 반 쪽이나 레몬즙을 살짝 추가하면 상큼한 맛이 더해져 더욱 건강한 느낌을 줍니다. 오랜 경험으로 볼 때 그린 스무디는 몸의 부기를 빼주고 안색을 맑게 해주는 데 탁월한 효과가 있는 것 같습니다.... "", ""bloggername"": ""은쇼의 숨쉬는 일상"", ""bloggerlink"": ""blog.naver.com/eunsho7"", ""postdate"": ""20260526""}",은쇼의 숨쉬는 일상,blog.naver.com/eunsho7
사과,single_term_fallback,사과,"나는솔로 31기 순자 저격글 논란, 자폭인가.. 최종선택 앞두고... ",https://blog.naver.com/kimsa0210/224297174748,20260526,"방송과 미방분에서는 순자가 들을 수 있는 상황에서 경수 관련 대화가 오가며 ‘앞담화’ 논란이 불거졌고, 정희는 이후 자신의 행동이 미성숙했다는 취지로 <b>사과</b>한 것으로 알려졌습니다. 그래서 이번 순자... ",,naver_blog,사과,canonical,1.0,2026-05-26T11:50:14.768518+00:00,0,0,0,0,"아, 그럴 수도 있지","방송과 미방분에서는 순자가 들을 수 있는 상황에서 경수 관련 대화가 오가며 ‘앞담화’ 논란이 불거졌고, 정희는 이후 자신의 행동이 미성숙했다는 취지로 <b>사과</b>한 것으로 알려졌습니다. 그래서 이번 순자... ","{""title"": ""나는솔로 31기 순자 저격글 논란, 자폭인가.. 최종선택 앞두고... "", ""link"": ""https://blog.naver.com/kimsa0210/224297174748"", ""description"": ""방송과 미방분에서는 순자가 들을 수 있는 상황에서 경수 관련 대화가 오가며 ‘앞담화’ 논란이 불거졌고, 정희는 이후 자신의 행동이 미성숙했다는 취지로 <b>사과</b>한 것으로 알려졌습니다. 그래서 이번 순자... "", ""bloggername"": ""아, 그럴 수도 있지"", ""bloggerlink"": ""blog.naver.com/kimsa0210"", ""postdate"": ""20260526""}","아, 그럴 수도 있지",blog.naver.com/kimsa0210
사과,single_term_fallback,사과,아동성범죄고소대리 피해자 보호와 증거 확보가 중요합니다,https://blog.naver.com/relyzg/224297174649,20260526,"성범죄 사건은 합의나 <b>사과</b>만으로 정리되지 않는 경우가 많고, 특히 아동 피해 사건은 진술의 일관성과 객관자료가 함께 보입니다. 아이의 말만으로 충분한지, 주변 정황이 뒷받침되는지, 대화 내용이 남아... ",,naver_blog,사과,canonical,1.0,2026-05-26T11:50:14.768518+00:00,0,0,0,0,relyzg님의 블로그,"성범죄 사건은 합의나 <b>사과</b>만으로 정리되지 않는 경우가 많고, 특히 아동 피해 사건은 진술의 일관성과 객관자료가 함께 보입니다. 아이의 말만으로 충분한지, 주변 정황이 뒷받침되는지, 대화 내용이 남아... ","{""title"": ""아동성범죄고소대리 피해자 보호와 증거 확보가 중요합니다"", ""link"": ""https://blog.naver.com/relyzg/224297174649"", ""description"": ""성범죄 사건은 합의나 <b>사과</b>만으로 정리되지 않는 경우가 많고, 특히 아동 피해 사건은 진술의 일관성과 객관자료가 함께 보입니다. 아이의 말만으로 충분한지, 주변 정황이 뒷받침되는지, 대화 내용이 남아... "", ""bloggername"": ""relyzg님의 블로그"", ""bloggerlink"": ""blog.naver.com/relyzg"", ""postdate"": ""20260526""}",relyzg님의 블로그,blog.naver.com/relyzg
사과,single_term_fallback,사과,데니그리스 유기농 <b>사과</b>식초 허니크랜베리 500ml 발효... ,https://blog.naver.com/t52ne_p3j2/224297174064,20260526,"데니그리스 유기농 <b>사과</b>식초 허니크랜베리 500ml는 발효감이 또렷하고 과일향이 은은해서 물에 타서... 아래 링크 참고 어떤 맛으로 느껴졌는지 맛의 중심은 <b>사과</b>식초의 산미이고, 그 위에 허니의 부드러움과... ",,naver_blog,사과,canonical,1.0,2026-05-26T11:50:14.768518+00:00,0,0,0,0,t52ne_p3j2님의 블로그,"데니그리스 유기농 <b>사과</b>식초 허니크랜베리 500ml는 발효감이 또렷하고 과일향이 은은해서 물에 타서... 아래 링크 참고 어떤 맛으로 느껴졌는지 맛의 중심은 <b>사과</b>식초의 산미이고, 그 위에 허니의 부드러움과... ","{""title"": ""데니그리스 유기농 <b>사과</b>식초 허니크랜베리 500ml 발효... "", ""link"": ""https://blog.naver.com/t52ne_p3j2/224297174064"", ""description"": ""데니그리스 유기농 <b>사과</b>식초 허니크랜베리 500ml는 발효감이 또렷하고 과일향이 은은해서 물에 타서... 아래 링크 참고 어떤 맛으로 느껴졌는지 맛의 중심은 <b>사과</b>식초의 산미이고, 그 위에 허니의 부드러움과... "", ""bloggername"": ""t52ne_p3j2님의 블로그"", ""bloggerlink"": ""blog.naver.com/t52ne_p3j2"", ""postdate"": ""20260526""}",t52ne_p3j2님의 블로그,blog.naver.com/t52ne_p3j2
사과,single_term_fallback,사과,"아줌마는 매일매일 놀고 싶어요(마르쉐,토마토잼만들기... ",https://blog.naver.com/lotus0214/224297174606,20260526,주말 브런치는 구워둔 포카치아에 바질페스토 듬뿍 올리고 <b>사과</b> 블루브리 에멘탈 루꼴라 꿀 호두 샌디치 사이드는 슈가스냅피 케일칩 래디쉬샐러드 집 샌디치가 최고 케일 사 왔으니 케일페스토도 또북꿈숲... ,,naver_blog,사과,canonical,1.0,2026-05-26T11:50:14.768518+00:00,0,0,0,0,오늘도 준희먹다,주말 브런치는 구워둔 포카치아에 바질페스토 듬뿍 올리고 <b>사과</b> 블루브리 에멘탈 루꼴라 꿀 호두 샌디치 사이드는 슈가스냅피 케일칩 래디쉬샐러드 집 샌디치가 최고 케일 사 왔으니 케일페스토도 또북꿈숲... ,"{""title"": ""아줌마는 매일매일 놀고 싶어요(마르쉐,토마토잼만들기... "", ""link"": ""https://blog.naver.com/lotus0214/224297174606"", ""description"": ""주말 브런치는 구워둔 포카치아에 바질페스토 듬뿍 올리고 <b>사과</b> 블루브리 에멘탈 루꼴라 꿀 호두 샌디치 사이드는 슈가스냅피 케일칩 래디쉬샐러드 집 샌디치가 최고 케일 사 왔으니 케일페스토도 또북꿈숲... "", ""bloggername"": ""오늘도 준희먹다"", ""bloggerlink"": ""blog.naver.com/lotus0214"", ""postdate"": ""20260526""}",오늘도 준희먹다,blog.naver.com/lotus0214
사과,single_term_fallback,사과,&quot;50대 공복 혈당 관리하는 방법&quot;,https://blog.naver.com/kkt728/224297174484,20260526,<b>사과</b>식초도 효과가 있어요. 식사 전에 물에 희석한 <b>사과</b>식초 한 스푼을 마시면 혈당 상승 속도가 느려진다는 연구 결과가 여럿이에요. 귀리도 빼놓을 수 없어요. 귀리의 베타글루칸 성분이 혈당 흡수를 늦춰요.... ,,naver_blog,사과,canonical,1.0,2026-05-26T11:50:14.768518+00:00,0,0,0,0,건강정보/생활건강,<b>사과</b>식초도 효과가 있어요. 식사 전에 물에 희석한 <b>사과</b>식초 한 스푼을 마시면 혈당 상승 속도가 느려진다는 연구 결과가 여럿이에요. 귀리도 빼놓을 수 없어요. 귀리의 베타글루칸 성분이 혈당 흡수를 늦춰요.... ,"{""title"": ""&quot;50대 공복 혈당 관리하는 방법&quot;"", ""link"": ""https://blog.naver.com/kkt728/224297174484"", ""description"": ""<b>사과</b>식초도 효과가 있어요. 식사 전에 물에 희석한 <b>사과</b>식초 한 스푼을 마시면 혈당 상승 속도가 느려진다는 연구 결과가 여럿이에요. 귀리도 빼놓을 수 없어요. 귀리의 베타글루칸 성분이 혈당 흡수를 늦춰요.... "", ""bloggername"": ""건강정보/생활건강"", ""bloggerlink"": ""blog.naver.com/kkt728"", ""postdate"": ""20260526""}",건강정보/생활건강,blog.naver.com/kkt728
사과,single_term_fallback,사과,스타벅스 ‘탱크 텀블러’ 사건 정리: 왜 이렇게 큰 논란이... ,https://blog.naver.com/afternotes/224297173288,20260526,"스타벅스의 <b>사과</b>문에는 비판 댓글이 이어졌고, 일부 소비자들은 스타벅스 앱 탈퇴, 선불카드 환불... 공식 <b>사과</b>문을 게시했다. 스타벅스 공식 홈페이지에는 2026년 5월 18일부터 <b>사과</b>문이 게시된 것으로... ",,naver_blog,사과,canonical,1.0,2026-05-26T11:50:14.768518+00:00,0,0,0,0,After Work Notes,"스타벅스의 <b>사과</b>문에는 비판 댓글이 이어졌고, 일부 소비자들은 스타벅스 앱 탈퇴, 선불카드 환불... 공식 <b>사과</b>문을 게시했다. 스타벅스 공식 홈페이지에는 2026년 5월 18일부터 <b>사과</b>문이 게시된 것으로... ","{""title"": ""스타벅스 ‘탱크 텀블러’ 사건 정리: 왜 이렇게 큰 논란이... "", ""link"": ""https://blog.naver.com/afternotes/224297173288"", ""description"": ""스타벅스의 <b>사과</b>문에는 비판 댓글이 이어졌고, 일부 소비자들은 스타벅스 앱 탈퇴, 선불카드 환불... 공식 <b>사과</b>문을 게시했다. 스타벅스 공식 홈페이지에는 2026년 5월 18일부터 <b>사과</b>문이 게시된 것으로... "", ""bloggername"": ""After Work Notes"", ""bloggerlink"": ""blog.naver.com/afternotes"", ""postdate"": ""20260526""}",After Work Notes,blog.naver.com/afternotes
사과,single_term_fallback,사과,"적게 먹었는데 더 배고픈 이유, 혈당 스파이크 아침루틴",https://blog.naver.com/bonheur2026/224297173458,20260526,"양배추, 오이, 데친 채소, <b>사과</b>, 통곡물처럼 씹는 음식은 식사 속도를 늦춰줍니다. 단, 위가 예민한 분이라면 <b>사과</b>나 커피처럼 산미가 있는 음식은 빈속보다 다른 음식을 조금 먹은 뒤 섭취하는 편이 편할 수... ",,naver_blog,사과,canonical,1.0,2026-05-26T11:50:14.768518+00:00,0,0,0,0,하루건강 루틴노트,"양배추, 오이, 데친 채소, <b>사과</b>, 통곡물처럼 씹는 음식은 식사 속도를 늦춰줍니다. 단, 위가 예민한 분이라면 <b>사과</b>나 커피처럼 산미가 있는 음식은 빈속보다 다른 음식을 조금 먹은 뒤 섭취하는 편이 편할 수... ","{""title"": ""적게 먹었는데 더 배고픈 이유, 혈당 스파이크 아침루틴"", ""link"": ""https://blog.naver.com/bonheur2026/224297173458"", ""description"": ""양배추, 오이, 데친 채소, <b>사과</b>, 통곡물처럼 씹는 음식은 식사 속도를 늦춰줍니다. 단, 위가 예민한 분이라면 <b>사과</b>나 커피처럼 산미가 있는 음식은 빈속보다 다른 음식을 조금 먹은 뒤 섭취하는 편이 편할 수... "", ""bloggername"": ""하루건강 루틴노트"", ""bloggerlink"": ""blog.naver.com/bonheur2026"", ""postdate"": ""20260526""}",하루건강 루틴노트,blog.naver.com/bonheur2026
사과,single_term_fallback,사과,무제,https://blog.naver.com/need_for_cognition/224297173751,20260526,"장미 많이 키우시니 궁금증 해소 시켜 주시고 제라, 사는 이야기 등 하다보니, 중간에 끊어져 다시 이어서 1:40분 합 3시간 12분 통화 ㅋ 끝나고 바로 건고추 꺼내어 불린 후 냉동실에 배, <b>사과</b>, 파뿌리_멸치 갈아... ",,naver_blog,사과,canonical,1.0,2026-05-26T11:50:14.768518+00:00,0,0,0,0,rhdwn rhythm,"장미 많이 키우시니 궁금증 해소 시켜 주시고 제라, 사는 이야기 등 하다보니, 중간에 끊어져 다시 이어서 1:40분 합 3시간 12분 통화 ㅋ 끝나고 바로 건고추 꺼내어 불린 후 냉동실에 배, <b>사과</b>, 파뿌리_멸치 갈아... ","{""title"": ""무제"", ""link"": ""https://blog.naver.com/need_for_cognition/224297173751"", ""description"": ""장미 많이 키우시니 궁금증 해소 시켜 주시고 제라, 사는 이야기 등 하다보니, 중간에 끊어져 다시 이어서 1:40분 합 3시간 12분 통화 ㅋ 끝나고 바로 건고추 꺼내어 불린 후 냉동실에 배, <b>사과</b>, 파뿌리_멸치 갈아... "", ""bloggername"": ""rhdwn rhythm"", ""bloggerlink"": ""blog.naver.com/need_for_cognition"", ""postdate"": ""20260526""}",rhdwn rhythm,blog.naver.com/need_for_cognition
사과,single_term_fallback,사과,"'스타벅스' 탱크데이 사태로 머리 숙인 정용진, 또 다른 속셈이... ",https://blog.naver.com/d_amigo/224297173589,20260526,"예상을 깨버린 <b>사과</b> 정용진, 스타벅스 미국 본사 콜옵션 압박에 꼬리 자르기.. 대기업 집단을 이끌어... 최근 터진 스타벅스 관련 논란 속에서 전례를 찾아보기 힘든 신속한 대국민 <b>사과</b>문을 발표해 대중의... ",,naver_blog,사과,canonical,1.0,2026-05-26T11:50:14.768518+00:00,0,0,0,0,나의 탐구일지,"예상을 깨버린 <b>사과</b> 정용진, 스타벅스 미국 본사 콜옵션 압박에 꼬리 자르기.. 대기업 집단을 이끌어... 최근 터진 스타벅스 관련 논란 속에서 전례를 찾아보기 힘든 신속한 대국민 <b>사과</b>문을 발표해 대중의... ","{""title"": ""'스타벅스' 탱크데이 사태로 머리 숙인 정용진, 또 다른 속셈이... "", ""link"": ""https://blog.naver.com/d_amigo/224297173589"", ""description"": ""예상을 깨버린 <b>사과</b> 정용진, 스타벅스 미국 본사 콜옵션 압박에 꼬리 자르기.. 대기업 집단을 이끌어... 최근 터진 스타벅스 관련 논란 속에서 전례를 찾아보기 힘든 신속한 대국민 <b>사과</b>문을 발표해 대중의... "", ""bloggername"": ""나의 탐구일지"", ""bloggerlink"": ""blog.naver.com/d_amigo"", ""postdate"": ""20260526""}",나의 탐구일지,blog.naver.com/d_amigo
사과,single_term_fallback,사과,[광화문 샌드위치 배달] 샌드위치 광인의 배달맛집 10곳 리뷰... ,https://blog.naver.com/clzlsalskfl/224297173726,20260526,"참고로 이 집 메뉴 중 허머스 라페 치아바타, <b>사과</b> 콩포트 브리치즈 바게트, 치미추리 치킨 바게트 먹어봤다. 전부 무난무난 괜찮음! (막 대단한 샌드위치 맛집은 아닌듯) 베이컨이 낭낭해서 좋았다. 든든해지는... ",,naver_blog,사과,canonical,1.0,2026-05-26T11:50:14.768518+00:00,0,0,0,0,많이 먹고 부지런히 움직입니다,"참고로 이 집 메뉴 중 허머스 라페 치아바타, <b>사과</b> 콩포트 브리치즈 바게트, 치미추리 치킨 바게트 먹어봤다. 전부 무난무난 괜찮음! (막 대단한 샌드위치 맛집은 아닌듯) 베이컨이 낭낭해서 좋았다. 든든해지는... ","{""title"": ""[광화문 샌드위치 배달] 샌드위치 광인의 배달맛집 10곳 리뷰... "", ""link"": ""https://blog.naver.com/clzlsalskfl/224297173726"", ""description"": ""참고로 이 집 메뉴 중 허머스 라페 치아바타, <b>사과</b> 콩포트 브리치즈 바게트, 치미추리 치킨 바게트 먹어봤다. 전부 무난무난 괜찮음! (막 대단한 샌드위치 맛집은 아닌듯) 베이컨이 낭낭해서 좋았다. 든든해지는... "", ""bloggername"": ""많이 먹고 부지런히 움직입니다"", ""bloggerlink"": ""blog.naver.com/clzlsalskfl"", ""postdate"": ""20260526""}",많이 먹고 부지런히 움직입니다,blog.naver.com/clzlsalskfl
사과,single_term_fallback,사과,[양재 맛집] 양재막국수 맛집 메밀장터,https://blog.naver.com/peony0621/224297173568,20260526,"들기름 막국수 tip 동치미 육수 반공기를 붓고 저어서 먹기 명태회 막국수 13,000 명태회는생명태를 <b>사과</b>식초, 천일염으로 직접 절여서 만드신다고 한다! 양념이 많이 맵지 않고, 고소한 들깨가루와... ",,naver_blog,사과,canonical,1.0,2026-05-26T11:50:14.768518+00:00,0,0,0,0,소히블로그,"들기름 막국수 tip 동치미 육수 반공기를 붓고 저어서 먹기 명태회 막국수 13,000 명태회는생명태를 <b>사과</b>식초, 천일염으로 직접 절여서 만드신다고 한다! 양념이 많이 맵지 않고, 고소한 들깨가루와... ","{""title"": ""[양재 맛집] 양재막국수 맛집 메밀장터"", ""link"": ""https://blog.naver.com/peony0621/224297173568"", ""description"": ""들기름 막국수 tip 동치미 육수 반공기를 붓고 저어서 먹기 명태회 막국수 13,000 명태회는생명태를 <b>사과</b>식초, 천일염으로 직접 절여서 만드신다고 한다! 양념이 많이 맵지 않고, 고소한 들깨가루와... "", ""bloggername"": ""소히블로그"", ""bloggerlink"": ""blog.naver.com/peony0621"", ""postdate"": ""20260526""}",소히블로그,blog.naver.com/peony0621
사과,single_term_fallback,사과,잠을 적게 자면 뱃살이 찌는 이유 feat 살찌지 않는 몸,https://blog.naver.com/doek2010/224297173847,20260526,가변 코르티솔은 콩팥 위에 <b>사과</b>처럼 맞춰 있는 부신 피질에서 분비되는 호르몬으로 주로 스트레스 상황에서 분비가 증가한다. 프로세서의 역할은 스트레스에 대응하기 위해 에너지를 동원하고 몸의 대사를... ,,naver_blog,사과,canonical,1.0,2026-05-26T11:50:14.768518+00:00,0,0,0,0,책과 생물좋아하는 사춘기아들 흔들리는 엄마성장기,가변 코르티솔은 콩팥 위에 <b>사과</b>처럼 맞춰 있는 부신 피질에서 분비되는 호르몬으로 주로 스트레스 상황에서 분비가 증가한다. 프로세서의 역할은 스트레스에 대응하기 위해 에너지를 동원하고 몸의 대사를... ,"{""title"": ""잠을 적게 자면 뱃살이 찌는 이유 feat 살찌지 않는 몸"", ""link"": ""https://blog.naver.com/doek2010/224297173847"", ""description"": ""가변 코르티솔은 콩팥 위에 <b>사과</b>처럼 맞춰 있는 부신 피질에서 분비되는 호르몬으로 주로 스트레스 상황에서 분비가 증가한다. 프로세서의 역할은 스트레스에 대응하기 위해 에너지를 동원하고 몸의 대사를... "", ""bloggername"": ""책과 생물좋아하는 사춘기아들 흔들리는 엄마성장기"", ""bloggerlink"": ""blog.naver.com/doek2010"", ""postdate"": ""20260526""}",책과 생물좋아하는 사춘기아들 흔들리는 엄마성장기,blog.naver.com/doek2010
사과,single_term_fallback,사과,"고세, 그랑 밀레짐 브뤼 2015",https://blog.naver.com/gime1504/224297172485,20260526,"MLF를 억제하고 리숙성을 해서 그런지 갖 갈변된 <b>사과</b>, 50%정도 입안을 메우는 기포감이 샴의 역할을 다했다. 기포자체는 뾰족하지 않고 뭉툭한 느낌 아주 옅은 구운 빵향 빵향보다 강조되는 신선한 레몬(?)... ",,naver_blog,사과,canonical,1.0,2026-05-26T11:50:14.768518+00:00,0,0,0,0,The Substance,"MLF를 억제하고 리숙성을 해서 그런지 갖 갈변된 <b>사과</b>, 50%정도 입안을 메우는 기포감이 샴의 역할을 다했다. 기포자체는 뾰족하지 않고 뭉툭한 느낌 아주 옅은 구운 빵향 빵향보다 강조되는 신선한 레몬(?)... ","{""title"": ""고세, 그랑 밀레짐 브뤼 2015"", ""link"": ""https://blog.naver.com/gime1504/224297172485"", ""description"": ""MLF를 억제하고 리숙성을 해서 그런지 갖 갈변된 <b>사과</b>, 50%정도 입안을 메우는 기포감이 샴의 역할을 다했다. 기포자체는 뾰족하지 않고 뭉툭한 느낌 아주 옅은 구운 빵향 빵향보다 강조되는 신선한 레몬(?)... "", ""bloggername"": ""The Substance"", ""bloggerlink"": ""blog.naver.com/gime1504"", ""postdate"": ""20260526""}",The Substance,blog.naver.com/gime1504
사과,single_term_fallback,사과,여수 뮤지컬하우스펜션:: 환상적인 야간 미온수 수영장:: 여수... ,https://blog.naver.com/ysh5535/224297173023,20260526,"여기에서 <b>사과</b>, 참외, 방울토마토 깍고 접시에 담아서 아이들이랑 먹으니까 맘이 너무좋더라구요 여자만 갯노을길이 데크가 쫙 깔려있는데 너무 좋더라구요!! 다음엔 걸어보고싶어요 너무 친절하신... ",,naver_blog,사과,canonical,1.0,2026-05-26T11:50:14.768518+00:00,0,0,0,0,들꽃같은 육아,"여기에서 <b>사과</b>, 참외, 방울토마토 깍고 접시에 담아서 아이들이랑 먹으니까 맘이 너무좋더라구요 여자만 갯노을길이 데크가 쫙 깔려있는데 너무 좋더라구요!! 다음엔 걸어보고싶어요 너무 친절하신... ","{""title"": ""여수 뮤지컬하우스펜션:: 환상적인 야간 미온수 수영장:: 여수... "", ""link"": ""https://blog.naver.com/ysh5535/224297173023"", ""description"": ""여기에서 <b>사과</b>, 참외, 방울토마토 깍고 접시에 담아서 아이들이랑 먹으니까 맘이 너무좋더라구요 여자만 갯노을길이 데크가 쫙 깔려있는데 너무 좋더라구요!! 다음엔 걸어보고싶어요 너무 친절하신... "", ""bloggername"": ""들꽃같은 육아"", ""bloggerlink"": ""blog.naver.com/ysh5535"", ""postdate"": ""20260526""}",들꽃같은 육아,blog.naver.com/ysh5535
사과,single_term_fallback,사과,치아 건강을 위한 음식 선택: 좋은 음식과 나쁜 음식 알아보기,https://blog.naver.com/wowing0/224297173166,20260526,"신선한 과일과 채소 <b>사과</b>, 당근, 셀러리와 같은 식품은 섬유질이 풍부하여 치아를 자연스럽게 청소해 줍니다. 이들 음식은 식이섬유 덕분에 씹는 과정에서 침 분비를 유도하여 구강 내 박테리아를 줄이는... ",,naver_blog,사과,canonical,1.0,2026-05-26T11:50:14.768518+00:00,0,0,0,0,wowing0 님의블로그,"신선한 과일과 채소 <b>사과</b>, 당근, 셀러리와 같은 식품은 섬유질이 풍부하여 치아를 자연스럽게 청소해 줍니다. 이들 음식은 식이섬유 덕분에 씹는 과정에서 침 분비를 유도하여 구강 내 박테리아를 줄이는... ","{""title"": ""치아 건강을 위한 음식 선택: 좋은 음식과 나쁜 음식 알아보기"", ""link"": ""https://blog.naver.com/wowing0/224297173166"", ""description"": ""신선한 과일과 채소 <b>사과</b>, 당근, 셀러리와 같은 식품은 섬유질이 풍부하여 치아를 자연스럽게 청소해 줍니다. 이들 음식은 식이섬유 덕분에 씹는 과정에서 침 분비를 유도하여 구강 내 박테리아를 줄이는... "", ""bloggername"": ""wowing0 님의블로그"", ""bloggerlink"": ""blog.naver.com/wowing0"", ""postdate"": ""20260526""}",wowing0 님의블로그,blog.naver.com/wowing0
사과,single_term_fallback,사과,실용적인 가성비가브랜드다 이염방지 세탁시트 화이트 최저가,https://blog.naver.com/ductp3socu3udyf4m/224297171852,20260526,"가성비끝판왕 달달킹 못난이<b>사과</b> 고객의 98⁒가 ‘효과적’이라고 인정한 믿을 수 있는 제품 실제... 가성비끝판왕 달달킹 못난이<b>사과</b> ￦ 13,900원 별점 : ⭐⭐⭐⭐⭐ 5. 콜콜러브 전문가용 초경량 빠른 건조... ",,naver_blog,사과,canonical,1.0,2026-05-26T11:50:14.768518+00:00,0,0,0,0,민한열관애,"가성비끝판왕 달달킹 못난이<b>사과</b> 고객의 98⁒가 ‘효과적’이라고 인정한 믿을 수 있는 제품 실제... 가성비끝판왕 달달킹 못난이<b>사과</b> ￦ 13,900원 별점 : ⭐⭐⭐⭐⭐ 5. 콜콜러브 전문가용 초경량 빠른 건조... ","{""title"": ""실용적인 가성비가브랜드다 이염방지 세탁시트 화이트 최저가"", ""link"": ""https://blog.naver.com/ductp3socu3udyf4m/224297171852"", ""description"": ""가성비끝판왕 달달킹 못난이<b>사과</b> 고객의 98⁒가 ‘효과적’이라고 인정한 믿을 수 있는 제품 실제... 가성비끝판왕 달달킹 못난이<b>사과</b> ￦ 13,900원 별점 : ⭐⭐⭐⭐⭐ 5. 콜콜러브 전문가용 초경량 빠른 건조... "", ""bloggername"": ""민한열관애"", ""bloggerlink"": ""blog.naver.com/ductp3socu3udyf4m"", ""postdate"": ""20260526""}",민한열관애,blog.naver.com/ductp3socu3udyf4m
사과,single_term_fallback,사과,밀린 일기,https://blog.naver.com/177cm_60kg/224297171858,20260526,ㅠ 연어깍둑 근들갑에 먹어봤는데 그냥 soso 하던디.. 너가 웃는걸 보면 나도 웃음이 나와~~ 육회불닭냉면? 이건 진짜 모오가 맛있다는건지...몰겟삼 라넌큘러스 말린거 ㅋㅋㅋㅋ 일본 축제에 파는 <b>사과</b>캔디같다,,naver_blog,사과,canonical,1.0,2026-05-26T11:50:14.768518+00:00,0,0,0,0,독당근,ㅠ 연어깍둑 근들갑에 먹어봤는데 그냥 soso 하던디.. 너가 웃는걸 보면 나도 웃음이 나와~~ 육회불닭냉면? 이건 진짜 모오가 맛있다는건지...몰겟삼 라넌큘러스 말린거 ㅋㅋㅋㅋ 일본 축제에 파는 <b>사과</b>캔디같다,"{""title"": ""밀린 일기"", ""link"": ""https://blog.naver.com/177cm_60kg/224297171858"", ""description"": ""ㅠ 연어깍둑 근들갑에 먹어봤는데 그냥 soso 하던디.. 너가 웃는걸 보면 나도 웃음이 나와~~ 육회불닭냉면? 이건 진짜 모오가 맛있다는건지...몰겟삼 라넌큘러스 말린거 ㅋㅋㅋㅋ 일본 축제에 파는 <b>사과</b>캔디같다"", ""bloggername"": ""독당근"", ""bloggerlink"": ""blog.naver.com/177cm_60kg"", ""postdate"": ""20260526""}",독당근,blog.naver.com/177cm_60kg
사과,single_term_fallback,사과,랏슈마약 혐의를 받았다면 수사 초기 대응이 필요합니다,https://blog.naver.com/aqicior837/224297172362,20260526,"또한 합의나 <b>사과</b>만으로 끝나는 사건이 아닐 가능성도 있습니다. 휴대폰 포렌식, 카카오톡, 문자, 통화내역, 이동 경로 같은 자료가 함께 보이기 때문입니다. 즉, 랏슈마약 혐의는 말의 싸움이 아니라 기록의... ",,naver_blog,사과,canonical,1.0,2026-05-26T11:50:14.768518+00:00,0,0,0,0,법무법인 트라이원스,"또한 합의나 <b>사과</b>만으로 끝나는 사건이 아닐 가능성도 있습니다. 휴대폰 포렌식, 카카오톡, 문자, 통화내역, 이동 경로 같은 자료가 함께 보이기 때문입니다. 즉, 랏슈마약 혐의는 말의 싸움이 아니라 기록의... ","{""title"": ""랏슈마약 혐의를 받았다면 수사 초기 대응이 필요합니다"", ""link"": ""https://blog.naver.com/aqicior837/224297172362"", ""description"": ""또한 합의나 <b>사과</b>만으로 끝나는 사건이 아닐 가능성도 있습니다. 휴대폰 포렌식, 카카오톡, 문자, 통화내역, 이동 경로 같은 자료가 함께 보이기 때문입니다. 즉, 랏슈마약 혐의는 말의 싸움이 아니라 기록의... "", ""bloggername"": ""법무법인 트라이원스"", ""bloggerlink"": ""blog.naver.com/aqicior837"", ""postdate"": ""20260526""}",법무법인 트라이원스,blog.naver.com/aqicior837
사과,single_term_fallback,사과,모자무싸 12화 결말 해석｜황동만 수상보다 더 중요한 진짜... ,https://blog.naver.com/kim6352p/224297171956,20260526,"오정희가 친딸을 향해 뒤늦게 따뜻한 말을 남기기는 하지만, 정면으로 <b>사과</b>하거나 모녀 관계가 갑자기 회복되는 식의 결말은 아니었죠. 이 점이 오히려 현실적으로 느껴졌습니다. 어떤 상처는 상대의 <b>사과</b>보다... ",,naver_blog,사과,canonical,1.0,2026-05-26T11:50:14.768518+00:00,0,0,0,0,소소한 정보통,"오정희가 친딸을 향해 뒤늦게 따뜻한 말을 남기기는 하지만, 정면으로 <b>사과</b>하거나 모녀 관계가 갑자기 회복되는 식의 결말은 아니었죠. 이 점이 오히려 현실적으로 느껴졌습니다. 어떤 상처는 상대의 <b>사과</b>보다... ","{""title"": ""모자무싸 12화 결말 해석｜황동만 수상보다 더 중요한 진짜... "", ""link"": ""https://blog.naver.com/kim6352p/224297171956"", ""description"": ""오정희가 친딸을 향해 뒤늦게 따뜻한 말을 남기기는 하지만, 정면으로 <b>사과</b>하거나 모녀 관계가 갑자기 회복되는 식의 결말은 아니었죠. 이 점이 오히려 현실적으로 느껴졌습니다. 어떤 상처는 상대의 <b>사과</b>보다... "", ""bloggername"": ""소소한 정보통"", ""bloggerlink"": ""blog.naver.com/kim6352p"", ""postdate"": ""20260526""}",소소한 정보통,blog.naver.com/kim6352p
사과,single_term_fallback,사과,"&quot;간 망가지기 직전?&quot; 영양제보다 '이게' 낫습니다, 간에... ",https://blog.naver.com/love777555/224297172176,20260526,"아침 공복에 신선한 <b>사과</b> 반 쪽과 함께 믹서에 곱게 갈아서 진한 붉은 주스 한 잔으로 드셔보세요. 달콤한 첫 모금을 넘기는 순간, 몸속 깊은 곳부터 맑게 정화되는 상쾌함을 생생하게 느끼실 수 있을 거예요.... ",,naver_blog,사과,canonical,1.0,2026-05-26T11:50:14.768518+00:00,0,0,0,0,인플루언서 태둥부부,"아침 공복에 신선한 <b>사과</b> 반 쪽과 함께 믹서에 곱게 갈아서 진한 붉은 주스 한 잔으로 드셔보세요. 달콤한 첫 모금을 넘기는 순간, 몸속 깊은 곳부터 맑게 정화되는 상쾌함을 생생하게 느끼실 수 있을 거예요.... ","{""title"": ""&quot;간 망가지기 직전?&quot; 영양제보다 '이게' 낫습니다, 간에... "", ""link"": ""https://blog.naver.com/love777555/224297172176"", ""description"": ""아침 공복에 신선한 <b>사과</b> 반 쪽과 함께 믹서에 곱게 갈아서 진한 붉은 주스 한 잔으로 드셔보세요. 달콤한 첫 모금을 넘기는 순간, 몸속 깊은 곳부터 맑게 정화되는 상쾌함을 생생하게 느끼실 수 있을 거예요.... "", ""bloggername"": ""인플루언서 태둥부부"", ""bloggerlink"": ""blog.naver.com/love777555"", ""postdate"": ""20260526""}",인플루언서 태둥부부,blog.naver.com/love777555
사과,single_term_fallback,사과,강서재물손괴합의변호사 합의 시기 놓치면 처벌 수위 높아집니다,https://blog.naver.com/teacheroi/224297171893,20260526,"이럴 때 강서재물손괴합의변호사 상담을 통해 합의 방향과 <b>사과</b> 방식, 손해배상 범위를 정리하는 것이... 반대로 적절한 시점에 진정성 있는 <b>사과</b>와 손해 회복이 이루어지면, 사건은 훨씬 원만하게 정리될... ",,naver_blog,사과,canonical,1.0,2026-05-26T11:50:14.768518+00:00,0,0,0,0,보이스피싱 경찰조사/검찰조사/구공판 전담 변호사,"이럴 때 강서재물손괴합의변호사 상담을 통해 합의 방향과 <b>사과</b> 방식, 손해배상 범위를 정리하는 것이... 반대로 적절한 시점에 진정성 있는 <b>사과</b>와 손해 회복이 이루어지면, 사건은 훨씬 원만하게 정리될... ","{""title"": ""강서재물손괴합의변호사 합의 시기 놓치면 처벌 수위 높아집니다"", ""link"": ""https://blog.naver.com/teacheroi/224297171893"", ""description"": ""이럴 때 강서재물손괴합의변호사 상담을 통해 합의 방향과 <b>사과</b> 방식, 손해배상 범위를 정리하는 것이... 반대로 적절한 시점에 진정성 있는 <b>사과</b>와 손해 회복이 이루어지면, 사건은 훨씬 원만하게 정리될... "", ""bloggername"": ""보이스피싱 경찰조사/검찰조사/구공판 전담 변호사"", ""bloggerlink"": ""blog.naver.com/teacheroi"", ""postdate"": ""20260526""}",보이스피싱 경찰조사/검찰조사/구공판 전담 변호사,blog.naver.com/teacheroi
사과,single_term_fallback,사과,*와플대학 순천왕지캠퍼스,https://blog.naver.com/engineeri/224297171093,20260526,"예전에는 길거리에서 와플을 바로 구워 <b>사과</b>잼과 생크림으로 마무리한 와플이 유행이었는데 이곳은... 우리는 콜드브루 아이스 아메리카노와 추억의 <b>사과</b>잼 와플, 바나나 누텔라 와플, 초코 범벅 젤라또... ",,naver_blog,사과,canonical,1.0,2026-05-26T11:50:14.768518+00:00,0,0,0,0,해결책,"예전에는 길거리에서 와플을 바로 구워 <b>사과</b>잼과 생크림으로 마무리한 와플이 유행이었는데 이곳은... 우리는 콜드브루 아이스 아메리카노와 추억의 <b>사과</b>잼 와플, 바나나 누텔라 와플, 초코 범벅 젤라또... ","{""title"": ""*와플대학 순천왕지캠퍼스"", ""link"": ""https://blog.naver.com/engineeri/224297171093"", ""description"": ""예전에는 길거리에서 와플을 바로 구워 <b>사과</b>잼과 생크림으로 마무리한 와플이 유행이었는데 이곳은... 우리는 콜드브루 아이스 아메리카노와 추억의 <b>사과</b>잼 와플, 바나나 누텔라 와플, 초코 범벅 젤라또... "", ""bloggername"": ""해결책"", ""bloggerlink"": ""blog.naver.com/engineeri"", ""postdate"": ""20260526""}",해결책,blog.naver.com/engineeri
사과,single_term_fallback,사과,[원데이클래스] 약산성 샴푸바 만들기,https://blog.naver.com/hello_b_nu/224297171077,20260526,"안녕비누에서 만들어 볼 수 있는 샴푸바는 코코넛 유래 성분인 SCI와 <b>사과</b>에서 온 천연 계면활성제인 애플워시를 사용하여, 화학 성분과 플라스틱 용기는 비우고 좋은 성분만 고농축으로 꽉 채웠어요. 두피... ",,naver_blog,사과,canonical,1.0,2026-05-26T11:50:14.768518+00:00,0,0,0,0,비누공방 안녕비누,"안녕비누에서 만들어 볼 수 있는 샴푸바는 코코넛 유래 성분인 SCI와 <b>사과</b>에서 온 천연 계면활성제인 애플워시를 사용하여, 화학 성분과 플라스틱 용기는 비우고 좋은 성분만 고농축으로 꽉 채웠어요. 두피... ","{""title"": ""[원데이클래스] 약산성 샴푸바 만들기"", ""link"": ""https://blog.naver.com/hello_b_nu/224297171077"", ""description"": ""안녕비누에서 만들어 볼 수 있는 샴푸바는 코코넛 유래 성분인 SCI와 <b>사과</b>에서 온 천연 계면활성제인 애플워시를 사용하여, 화학 성분과 플라스틱 용기는 비우고 좋은 성분만 고농축으로 꽉 채웠어요. 두피... "", ""bloggername"": ""비누공방 안녕비누"", ""bloggerlink"": ""blog.naver.com/hello_b_nu"", ""postdate"": ""20260526""}",비누공방 안녕비누,blog.naver.com/hello_b_nu
사과,single_term_fallback,사과,스타벅스 포스팅 조회수 추이(feat. 탱크데이),https://blog.naver.com/irishdai/224297170985,20260526,"게다가 오늘 신세계의 정용진 회장이 <b>사과</b> 기자회견을 했다고 들었는데, 오늘 조회수를 보면 <b>사과</b>의 효과(?)가 있기는 한 것인지 의구심이 든다. 주식 유튜브 방송에서 익히 들어본 '오너 리스크' 라는... ",,naver_blog,사과,canonical,1.0,2026-05-26T11:50:14.768518+00:00,0,0,0,0,깜치네 소소한 일상,"게다가 오늘 신세계의 정용진 회장이 <b>사과</b> 기자회견을 했다고 들었는데, 오늘 조회수를 보면 <b>사과</b>의 효과(?)가 있기는 한 것인지 의구심이 든다. 주식 유튜브 방송에서 익히 들어본 '오너 리스크' 라는... ","{""title"": ""스타벅스 포스팅 조회수 추이(feat. 탱크데이)"", ""link"": ""https://blog.naver.com/irishdai/224297170985"", ""description"": ""게다가 오늘 신세계의 정용진 회장이 <b>사과</b> 기자회견을 했다고 들었는데, 오늘 조회수를 보면 <b>사과</b>의 효과(?)가 있기는 한 것인지 의구심이 든다. 주식 유튜브 방송에서 익히 들어본 '오너 리스크' 라는... "", ""bloggername"": ""깜치네 소소한 일상"", ""bloggerlink"": ""blog.naver.com/irishdai"", ""postdate"": ""20260526""}",깜치네 소소한 일상,blog.naver.com/irishdai
사과,single_term_fallback,사과,항저우 중심 번화가 호텔 : 프렌드십 호텔 &amp; in77 거리,https://blog.naver.com/slowwander/224297170523,20260526,"당근과 <b>사과</b>를 직접 넣어서 바로 갈아 마실 수 있었는데, 여행 중 아침 루틴처럼 가볍게 먹기 괜찮은 느낌이었다. 호텔에서 5분거리에 in77거리와 서호호수가 있다. 호빈 인타이 in77 거리에서 느껴졌던... ",,naver_blog,사과,canonical,1.0,2026-05-26T11:50:14.768518+00:00,0,0,0,0,From Street Eats to Sky Views,"당근과 <b>사과</b>를 직접 넣어서 바로 갈아 마실 수 있었는데, 여행 중 아침 루틴처럼 가볍게 먹기 괜찮은 느낌이었다. 호텔에서 5분거리에 in77거리와 서호호수가 있다. 호빈 인타이 in77 거리에서 느껴졌던... ","{""title"": ""항저우 중심 번화가 호텔 : 프렌드십 호텔 &amp; in77 거리"", ""link"": ""https://blog.naver.com/slowwander/224297170523"", ""description"": ""당근과 <b>사과</b>를 직접 넣어서 바로 갈아 마실 수 있었는데, 여행 중 아침 루틴처럼 가볍게 먹기 괜찮은 느낌이었다. 호텔에서 5분거리에 in77거리와 서호호수가 있다. 호빈 인타이 in77 거리에서 느껴졌던... "", ""bloggername"": ""From Street Eats to Sky Views"", ""bloggerlink"": ""blog.naver.com/slowwander"", ""postdate"": ""20260526""}",From Street Eats to Sky Views,blog.naver.com/slowwander
사과,single_term_fallback,사과,"국힘 마포구청장 후보, 서소문 붕괴에 &quot;마포엔 사고 없었다... ",https://blog.naver.com/issue_sucher/224297170225,20260526,"당 지도부 차원의 공식 <b>사과</b>나 추가 입장 표명이 없는 상태에서 논란은 지속적으로 확산되고 있는... 박 후보 측이 공식 입장을 통해 해명 또는 <b>사과</b>에 나설지, 아니면 발언의 취지를 재설명하는 방향을... ",,naver_blog,사과,canonical,1.0,2026-05-26T11:50:14.768518+00:00,0,0,0,0,리포터 리포트,"당 지도부 차원의 공식 <b>사과</b>나 추가 입장 표명이 없는 상태에서 논란은 지속적으로 확산되고 있는... 박 후보 측이 공식 입장을 통해 해명 또는 <b>사과</b>에 나설지, 아니면 발언의 취지를 재설명하는 방향을... ","{""title"": ""국힘 마포구청장 후보, 서소문 붕괴에 &quot;마포엔 사고 없었다... "", ""link"": ""https://blog.naver.com/issue_sucher/224297170225"", ""description"": ""당 지도부 차원의 공식 <b>사과</b>나 추가 입장 표명이 없는 상태에서 논란은 지속적으로 확산되고 있는... 박 후보 측이 공식 입장을 통해 해명 또는 <b>사과</b>에 나설지, 아니면 발언의 취지를 재설명하는 방향을... "", ""bloggername"": ""리포터 리포트"", ""bloggerlink"": ""blog.naver.com/issue_sucher"", ""postdate"": ""20260526""}",리포터 리포트,blog.naver.com/issue_sucher
사과,single_term_fallback,사과,창원뺑소니변호사 음주운전 도주치상 실형 가능성이 높은 이유는,https://blog.naver.com/lawfirm_maru/224297170096,20260526,"재판 과정에서는 음주 상태에서 사고를 내고 도주한 점, 사고 이후 허위 해명을 반복한 점, 피해자에 대한 진지한 <b>사과</b>와 합의가 이루어지지 않은 점 등이 불리하게 작용하였습니다. 결국, 형사법원은 초범이라는... ",,naver_blog,사과,canonical,1.0,2026-05-26T11:50:14.768518+00:00,0,0,0,0,법무법인 새날,"재판 과정에서는 음주 상태에서 사고를 내고 도주한 점, 사고 이후 허위 해명을 반복한 점, 피해자에 대한 진지한 <b>사과</b>와 합의가 이루어지지 않은 점 등이 불리하게 작용하였습니다. 결국, 형사법원은 초범이라는... ","{""title"": ""창원뺑소니변호사 음주운전 도주치상 실형 가능성이 높은 이유는"", ""link"": ""https://blog.naver.com/lawfirm_maru/224297170096"", ""description"": ""재판 과정에서는 음주 상태에서 사고를 내고 도주한 점, 사고 이후 허위 해명을 반복한 점, 피해자에 대한 진지한 <b>사과</b>와 합의가 이루어지지 않은 점 등이 불리하게 작용하였습니다. 결국, 형사법원은 초범이라는... "", ""bloggername"": ""법무법인 새날"", ""bloggerlink"": ""blog.naver.com/lawfirm_maru"", ""postdate"": ""20260526""}",법무법인 새날,blog.naver.com/lawfirm_maru
사과,single_term_fallback,사과,"아이유·변우석 ‘21세기 대군부인’, “동북공정 논란... ",https://blog.naver.com/newskinggg/224297170258,20260526,제작진 <b>사과</b>에도 여론 악화 ✦ ───────────── ✦ 논란이 커지자 제작진은 공식 <b>사과</b>문을 발표했다. 제작진은 “역사적 맥락과 세계관 설정에 대해 더 신중했어야 했다” 며 재방송·VOD·OTT... ,,naver_blog,사과,canonical,1.0,2026-05-26T11:50:14.768518+00:00,0,0,0,0,오늘의 뉴스,제작진 <b>사과</b>에도 여론 악화 ✦ ───────────── ✦ 논란이 커지자 제작진은 공식 <b>사과</b>문을 발표했다. 제작진은 “역사적 맥락과 세계관 설정에 대해 더 신중했어야 했다” 며 재방송·VOD·OTT... ,"{""title"": ""아이유·변우석 ‘21세기 대군부인’, “동북공정 논란... "", ""link"": ""https://blog.naver.com/newskinggg/224297170258"", ""description"": ""제작진 <b>사과</b>에도 여론 악화 ✦ ───────────── ✦ 논란이 커지자 제작진은 공식 <b>사과</b>문을 발표했다. 제작진은 “역사적 맥락과 세계관 설정에 대해 더 신중했어야 했다” 며 재방송·VOD·OTT... "", ""bloggername"": ""오늘의 뉴스"", ""bloggerlink"": ""blog.naver.com/newskinggg"", ""postdate"": ""20260526""}",오늘의 뉴스,blog.naver.com/newskinggg
사과,single_term_fallback,사과,청주 오송 카페 에그타르트 맛집 이브(eve),https://blog.naver.com/jjiiwwoonn22/224297170262,20260526,"계란 기본 에그타르트뿐 아니라 두바이초코, <b>사과</b>, 피자, 고구마, 콘, 초코 에그타르드도 있었다 그리고 짧뚱한 휘낭시에가 아닌 길쭉길쭉한 바통휘낭시에도 있었음 냉장고에는 떠먹케도 있었다. 다 먹고... ",,naver_blog,사과,canonical,1.0,2026-05-26T11:50:14.768518+00:00,0,0,0,0,"안녕, 배구치","계란 기본 에그타르트뿐 아니라 두바이초코, <b>사과</b>, 피자, 고구마, 콘, 초코 에그타르드도 있었다 그리고 짧뚱한 휘낭시에가 아닌 길쭉길쭉한 바통휘낭시에도 있었음 냉장고에는 떠먹케도 있었다. 다 먹고... ","{""title"": ""청주 오송 카페 에그타르트 맛집 이브(eve)"", ""link"": ""https://blog.naver.com/jjiiwwoonn22/224297170262"", ""description"": ""계란 기본 에그타르트뿐 아니라 두바이초코, <b>사과</b>, 피자, 고구마, 콘, 초코 에그타르드도 있었다 그리고 짧뚱한 휘낭시에가 아닌 길쭉길쭉한 바통휘낭시에도 있었음 냉장고에는 떠먹케도 있었다. 다 먹고... "", ""bloggername"": ""안녕, 배구치"", ""bloggerlink"": ""blog.naver.com/jjiiwwoonn22"", ""postdate"": ""20260526""}","안녕, 배구치",blog.naver.com/jjiiwwoonn22
사과,single_term_fallback,사과,오늘의 키워드 - 2026년 5월26일,https://blog.naver.com/kbh1325/224297170563,20260526,"정용진 <b>사과</b> 정용진 신세계그룹 회장은 굳은 표정으로 세 번 고개를 숙이며 &quot;어떤 변명도 없이 모든 책임은 나에게 있다&quot;라며 대국민 <b>사과</b>를 했습니다. <b>사과</b>문 발표 후 질의응답 없이 퇴장했으나, 야당... ",,naver_blog,사과,canonical,1.0,2026-05-26T11:50:14.768518+00:00,0,0,0,0,훈이의 블로그,"정용진 <b>사과</b> 정용진 신세계그룹 회장은 굳은 표정으로 세 번 고개를 숙이며 &quot;어떤 변명도 없이 모든 책임은 나에게 있다&quot;라며 대국민 <b>사과</b>를 했습니다. <b>사과</b>문 발표 후 질의응답 없이 퇴장했으나, 야당... ","{""title"": ""오늘의 키워드 - 2026년 5월26일"", ""link"": ""https://blog.naver.com/kbh1325/224297170563"", ""description"": ""정용진 <b>사과</b> 정용진 신세계그룹 회장은 굳은 표정으로 세 번 고개를 숙이며 &quot;어떤 변명도 없이 모든 책임은 나에게 있다&quot;라며 대국민 <b>사과</b>를 했습니다. <b>사과</b>문 발표 후 질의응답 없이 퇴장했으나, 야당... "", ""bloggername"": ""훈이의 블로그"", ""bloggerlink"": ""blog.naver.com/kbh1325"", ""postdate"": ""20260526""}",훈이의 블로그,blog.naver.com/kbh1325
사과,single_term_fallback,사과,몰카민사소송 손해배상 청구 전 증거를 정리해야 합니다,https://blog.naver.com/bfpopulation/224297169484,20260526,"손해배상 청구가 오면 그냥 <b>사과</b>하고 합의하면 끝나는 건가요? 그렇지 않은 경우가 많습니다. 합의는 하나의 방법일 뿐이고, 시점과 내용에 따라 오히려 책임을 인정한 것처럼 보일 수 있어요. 먼저 사실관계와... ",,naver_blog,사과,canonical,1.0,2026-05-26T11:50:14.768518+00:00,0,0,0,0,bfpopulation님의 블로그,"손해배상 청구가 오면 그냥 <b>사과</b>하고 합의하면 끝나는 건가요? 그렇지 않은 경우가 많습니다. 합의는 하나의 방법일 뿐이고, 시점과 내용에 따라 오히려 책임을 인정한 것처럼 보일 수 있어요. 먼저 사실관계와... ","{""title"": ""몰카민사소송 손해배상 청구 전 증거를 정리해야 합니다"", ""link"": ""https://blog.naver.com/bfpopulation/224297169484"", ""description"": ""손해배상 청구가 오면 그냥 <b>사과</b>하고 합의하면 끝나는 건가요? 그렇지 않은 경우가 많습니다. 합의는 하나의 방법일 뿐이고, 시점과 내용에 따라 오히려 책임을 인정한 것처럼 보일 수 있어요. 먼저 사실관계와... "", ""bloggername"": ""bfpopulation님의 블로그"", ""bloggerlink"": ""blog.naver.com/bfpopulation"", ""postdate"": ""20260526""}",bfpopulation님의 블로그,blog.naver.com/bfpopulation
사과,single_term_fallback,사과,변비형 과민성대장증후군과 섬유소 섭취,https://blog.naver.com/silentworker/224297169918,20260526,"과일 <b>사과</b>(껍질), 배, 자두, 말린 과일(대추, 건포도) 견과류 캐슈넛, 피스타치오 씨앗 통째 아마씨(갈지 않은 것) 섬유소 섭취 시 실전 팁 1. 수용성 섬유소 중심으로 섭취하세요 2. 수분 섭취가 핵심입니다... ",,naver_blog,사과,canonical,1.0,2026-05-26T11:50:14.768518+00:00,0,0,0,0,진료실에서 다 못한 이야기,"과일 <b>사과</b>(껍질), 배, 자두, 말린 과일(대추, 건포도) 견과류 캐슈넛, 피스타치오 씨앗 통째 아마씨(갈지 않은 것) 섬유소 섭취 시 실전 팁 1. 수용성 섬유소 중심으로 섭취하세요 2. 수분 섭취가 핵심입니다... ","{""title"": ""변비형 과민성대장증후군과 섬유소 섭취"", ""link"": ""https://blog.naver.com/silentworker/224297169918"", ""description"": ""과일 <b>사과</b>(껍질), 배, 자두, 말린 과일(대추, 건포도) 견과류 캐슈넛, 피스타치오 씨앗 통째 아마씨(갈지 않은 것) 섬유소 섭취 시 실전 팁 1. 수용성 섬유소 중심으로 섭취하세요 2. 수분 섭취가 핵심입니다... "", ""bloggername"": ""진료실에서 다 못한 이야기"", ""bloggerlink"": ""blog.naver.com/silentworker"", ""postdate"": ""20260526""}",진료실에서 다 못한 이야기,blog.naver.com/silentworker
사과,single_term_fallback,사과,"신세계 정용진 <b>사과</b>,자체 진상조사 결과,<b>사과</b>에 대한 거부반응",https://blog.naver.com/khazneh88/224297169929,20260526,2026년 5월 26일 서울 조선팰리스 호텔에서 신세계 정용진 회장이 직접 나와 <b>사과</b>를 했다. <b>사과</b>문을 읽다가 잠시 멈추더니 단상 옆으로 나와 6~7초 동안 고개를 숙이고 다시 <b>사과</b>문을 읽었다. 시종일관 어둡고 굳은... ,,naver_blog,사과,canonical,1.0,2026-05-26T11:50:14.768518+00:00,0,0,0,0,뤼치머니 뮤직너블,2026년 5월 26일 서울 조선팰리스 호텔에서 신세계 정용진 회장이 직접 나와 <b>사과</b>를 했다. <b>사과</b>문을 읽다가 잠시 멈추더니 단상 옆으로 나와 6~7초 동안 고개를 숙이고 다시 <b>사과</b>문을 읽었다. 시종일관 어둡고 굳은... ,"{""title"": ""신세계 정용진 <b>사과</b>,자체 진상조사 결과,<b>사과</b>에 대한 거부반응"", ""link"": ""https://blog.naver.com/khazneh88/224297169929"", ""description"": ""2026년 5월 26일 서울 조선팰리스 호텔에서 신세계 정용진 회장이 직접 나와 <b>사과</b>를 했다. <b>사과</b>문을 읽다가 잠시 멈추더니 단상 옆으로 나와 6~7초 동안 고개를 숙이고 다시 <b>사과</b>문을 읽었다. 시종일관 어둡고 굳은... "", ""bloggername"": ""뤼치머니 뮤직너블"", ""bloggerlink"": ""blog.naver.com/khazneh88"", ""postdate"": ""20260526""}",뤼치머니 뮤직너블,blog.naver.com/khazneh88
사과,single_term_fallback,사과,거창여행 창포원 산책 후기｜초록 풍경 가득했던 거창 가볼만한곳,https://blog.naver.com/sejuya/224297168807,20260526,함께보면 좋은글 거창 수승대 거북바위 출렁다리 거창 아이와 방문하기 좋은 <b>사과</b>테마파크 실제 방문 후 직접 촬영한 사진과 영상으로만 콘텐츠를 제작합니다. 체험·공간 소개 협업 문의는 쪽지 또는 메일로... ,,naver_blog,사과,canonical,1.0,2026-05-26T11:50:14.768518+00:00,0,0,0,0,뽁이네 하우스,함께보면 좋은글 거창 수승대 거북바위 출렁다리 거창 아이와 방문하기 좋은 <b>사과</b>테마파크 실제 방문 후 직접 촬영한 사진과 영상으로만 콘텐츠를 제작합니다. 체험·공간 소개 협업 문의는 쪽지 또는 메일로... ,"{""title"": ""거창여행 창포원 산책 후기｜초록 풍경 가득했던 거창 가볼만한곳"", ""link"": ""https://blog.naver.com/sejuya/224297168807"", ""description"": ""함께보면 좋은글 거창 수승대 거북바위 출렁다리 거창 아이와 방문하기 좋은 <b>사과</b>테마파크 실제 방문 후 직접 촬영한 사진과 영상으로만 콘텐츠를 제작합니다. 체험·공간 소개 협업 문의는 쪽지 또는 메일로... "", ""bloggername"": ""뽁이네 하우스"", ""bloggerlink"": ""blog.naver.com/sejuya"", ""postdate"": ""20260526""}",뽁이네 하우스,blog.naver.com/sejuya
사과,single_term_fallback,사과,[대전 여행] 성심당 DCC점 70~80종 빵 종류 완벽 분석 &amp; 주말... ,https://blog.naver.com/hsham1031/224297167820,20260526,"바삭하고 고소한 바게트 사이에 부드럽고 묵직한 브리치즈, 짭조름한 햄, 그리고 상큼하고 아삭한 <b>사과</b> 슬라이스가 가득 들어있어요. 달콤한 허니머스터드 소스가 맛의 중심을 딱 잡아주는데, 멀리서 찾아와... ",,naver_blog,사과,canonical,1.0,2026-05-26T11:50:14.768518+00:00,0,0,0,0,조금씩 야금야금님의블로그,"바삭하고 고소한 바게트 사이에 부드럽고 묵직한 브리치즈, 짭조름한 햄, 그리고 상큼하고 아삭한 <b>사과</b> 슬라이스가 가득 들어있어요. 달콤한 허니머스터드 소스가 맛의 중심을 딱 잡아주는데, 멀리서 찾아와... ","{""title"": ""[대전 여행] 성심당 DCC점 70~80종 빵 종류 완벽 분석 &amp; 주말... "", ""link"": ""https://blog.naver.com/hsham1031/224297167820"", ""description"": ""바삭하고 고소한 바게트 사이에 부드럽고 묵직한 브리치즈, 짭조름한 햄, 그리고 상큼하고 아삭한 <b>사과</b> 슬라이스가 가득 들어있어요. 달콤한 허니머스터드 소스가 맛의 중심을 딱 잡아주는데, 멀리서 찾아와... "", ""bloggername"": ""조금씩 야금야금님의블로그"", ""bloggerlink"": ""blog.naver.com/hsham1031"", ""postdate"": ""20260526""}",조금씩 야금야금님의블로그,blog.naver.com/hsham1031
사과,single_term_fallback,사과,"서인영, 10년 만의 충격 고백.. 가인에게 던진 뜻밖의 러브콜!... ",https://blog.naver.com/daily_health_rep/224296325833,20260526,"된 <b>사과</b>를 하지 못했던점 을 진심으로 후회하며 뒤늦게나마 <b>사과</b>를 전하는 모습은 대중의 마음을 움직였습니다 6. 다시 쓰는 서인영의 기록, 앞날이 기대되는 이유 .서인영의 이번 인터뷰는 단순한 복귀... ",,naver_blog,사과,canonical,1.0,2026-05-26T11:50:14.768518+00:00,0,0,0,0,오늘도 이슈다,"된 <b>사과</b>를 하지 못했던점 을 진심으로 후회하며 뒤늦게나마 <b>사과</b>를 전하는 모습은 대중의 마음을 움직였습니다 6. 다시 쓰는 서인영의 기록, 앞날이 기대되는 이유 .서인영의 이번 인터뷰는 단순한 복귀... ","{""title"": ""서인영, 10년 만의 충격 고백.. 가인에게 던진 뜻밖의 러브콜!... "", ""link"": ""https://blog.naver.com/daily_health_rep/224296325833"", ""description"": ""된 <b>사과</b>를 하지 못했던점 을 진심으로 후회하며 뒤늦게나마 <b>사과</b>를 전하는 모습은 대중의 마음을 움직였습니다 6. 다시 쓰는 서인영의 기록, 앞날이 기대되는 이유 .서인영의 이번 인터뷰는 단순한 복귀... "", ""bloggername"": ""오늘도 이슈다"", ""bloggerlink"": ""blog.naver.com/daily_health_rep"", ""postdate"": ""20260526""}",오늘도 이슈다,blog.naver.com/daily_health_rep
사과,single_term_fallback,사과,입덧약 받아오고 나서야 이제 버티는 방식이 달라졌다는 걸... ,https://blog.naver.com/smallsignal-log/224296233922,20260526,처음에는 공복 때문인가 싶어서 두유도 마셔보고 <b>사과</b>주스도 마셔봤다. 근데 생각보다 오래 버텨주지 못했다. 오히려 속 안이 붕 뜬 느낌만 남았다. 예전 같으면 그냥 넘겼을 텐데 이번에는 몸이 평소랑 다르다는... ,,naver_blog,사과,canonical,1.0,2026-05-26T11:50:14.768518+00:00,0,0,0,0,작은신호,처음에는 공복 때문인가 싶어서 두유도 마셔보고 <b>사과</b>주스도 마셔봤다. 근데 생각보다 오래 버텨주지 못했다. 오히려 속 안이 붕 뜬 느낌만 남았다. 예전 같으면 그냥 넘겼을 텐데 이번에는 몸이 평소랑 다르다는... ,"{""title"": ""입덧약 받아오고 나서야 이제 버티는 방식이 달라졌다는 걸... "", ""link"": ""https://blog.naver.com/smallsignal-log/224296233922"", ""description"": ""처음에는 공복 때문인가 싶어서 두유도 마셔보고 <b>사과</b>주스도 마셔봤다. 근데 생각보다 오래 버텨주지 못했다. 오히려 속 안이 붕 뜬 느낌만 남았다. 예전 같으면 그냥 넘겼을 텐데 이번에는 몸이 평소랑 다르다는... "", ""bloggername"": ""작은신호"", ""bloggerlink"": ""blog.naver.com/smallsignal-log"", ""postdate"": ""20260526""}",작은신호,blog.naver.com/smallsignal-log
사과,single_term_fallback,사과,"학폭 분쟁조정절차, 대응방안, 긴급 법률상담, 변호사 추천... ",https://blog.naver.com/b488551/224296995700,20260526,"중심으로 <b>사과</b> 방식과 접촉 금지 범위가 왜 핵심 쟁점이 되는지, 피해 회복 가능성과 재발방지 의사... 피해 회복 가능성과 가해학생 측의 재발방지 의사가 쟁점이었고, <b>사과</b> 방식과 접촉 금지 범위가 정리되지... ",,naver_blog,사과,canonical,1.0,2026-05-26T11:50:14.768518+00:00,0,0,0,0,✓ 학교폭력대응센터,"중심으로 <b>사과</b> 방식과 접촉 금지 범위가 왜 핵심 쟁점이 되는지, 피해 회복 가능성과 재발방지 의사... 피해 회복 가능성과 가해학생 측의 재발방지 의사가 쟁점이었고, <b>사과</b> 방식과 접촉 금지 범위가 정리되지... ","{""title"": ""학폭 분쟁조정절차, 대응방안, 긴급 법률상담, 변호사 추천... "", ""link"": ""https://blog.naver.com/b488551/224296995700"", ""description"": ""중심으로 <b>사과</b> 방식과 접촉 금지 범위가 왜 핵심 쟁점이 되는지, 피해 회복 가능성과 재발방지 의사... 피해 회복 가능성과 가해학생 측의 재발방지 의사가 쟁점이었고, <b>사과</b> 방식과 접촉 금지 범위가 정리되지... "", ""bloggername"": ""✓ 학교폭력대응센터"", ""bloggerlink"": ""blog.naver.com/b488551"", ""postdate"": ""20260526""}",✓ 학교폭력대응센터,blog.naver.com/b488551
사과,single_term_fallback,사과,아오모리골프 락우드 스프링cc 후기 시원한 여름골프,https://blog.naver.com/teego-/224297167613,20260526,아오모리<b>사과</b>로 유명한 지역으로 겨울에 눈이 삿포로 만큼이나 많이 오는 곳이죠. 5월 날씨도 선선해서 골프치기 최적의 기온 대한항공 직항이라 수하물도 넉넉하고 가장 많이 찾는 락우드호텔... ,,naver_blog,사과,canonical,1.0,2026-05-26T11:50:14.768518+00:00,0,0,0,0,골프티고⛳골프여행,아오모리<b>사과</b>로 유명한 지역으로 겨울에 눈이 삿포로 만큼이나 많이 오는 곳이죠. 5월 날씨도 선선해서 골프치기 최적의 기온 대한항공 직항이라 수하물도 넉넉하고 가장 많이 찾는 락우드호텔... ,"{""title"": ""아오모리골프 락우드 스프링cc 후기 시원한 여름골프"", ""link"": ""https://blog.naver.com/teego-/224297167613"", ""description"": ""아오모리<b>사과</b>로 유명한 지역으로 겨울에 눈이 삿포로 만큼이나 많이 오는 곳이죠. 5월 날씨도 선선해서 골프치기 최적의 기온 대한항공 직항이라 수하물도 넉넉하고 가장 많이 찾는 락우드호텔... "", ""bloggername"": ""골프티고⛳골프여행"", ""bloggerlink"": ""blog.naver.com/teego-"", ""postdate"": ""20260526""}",골프티고⛳골프여행,blog.naver.com/teego-
사과,single_term_fallback,사과,"이현이 명문 사립초 학부모 <b>사과</b> 사건, 남편 입방정이 쏘아올린 공",https://blog.naver.com/32nefitpick/224296815179,20260526,"이현이 명문 사립초 학부모 <b>사과</b> 사건, 남편 입방정이 쏘아올린 공 요즘 모델 이현이네 가족 이야기... 1년에 학비가 천만 원이나 한다는 그 대단한 학교에서 대체 무슨 일이 있었길래 이현이가 진땀을 빼며 <b>사과</b>... ",,naver_blog,사과,canonical,1.0,2026-05-26T11:50:14.768518+00:00,0,0,0,0,본질로 세상 접하기,"이현이 명문 사립초 학부모 <b>사과</b> 사건, 남편 입방정이 쏘아올린 공 요즘 모델 이현이네 가족 이야기... 1년에 학비가 천만 원이나 한다는 그 대단한 학교에서 대체 무슨 일이 있었길래 이현이가 진땀을 빼며 <b>사과</b>... ","{""title"": ""이현이 명문 사립초 학부모 <b>사과</b> 사건, 남편 입방정이 쏘아올린 공"", ""link"": ""https://blog.naver.com/32nefitpick/224296815179"", ""description"": ""이현이 명문 사립초 학부모 <b>사과</b> 사건, 남편 입방정이 쏘아올린 공 요즘 모델 이현이네 가족 이야기... 1년에 학비가 천만 원이나 한다는 그 대단한 학교에서 대체 무슨 일이 있었길래 이현이가 진땀을 빼며 <b>사과</b>... "", ""bloggername"": ""본질로 세상 접하기"", ""bloggerlink"": ""blog.naver.com/32nefitpick"", ""postdate"": ""20260526""}",본질로 세상 접하기,blog.naver.com/32nefitpick
사과,single_term_fallback,사과,"마늘 입냄새 제거 방법, 양치해도 소용없을 때 ‘이것’ 한 조각",https://blog.naver.com/ddd_67/224296721878,20260526,"그 주인공은 바로 사계절 흔하게 먹는 '<b>사과</b>'입니다. 오늘 딩동댕 건강 신호등에서는 마늘 냄새가 유독 지독하고 오래가는 과학적인 원인부터 <b>사과</b> 속 천연 성분이 이를 지워내는 방법, 그리고 효과를 200... ",,naver_blog,사과,canonical,1.0,2026-05-26T11:50:14.768518+00:00,0,0,0,0,딩동댕 건강 신호등,"그 주인공은 바로 사계절 흔하게 먹는 '<b>사과</b>'입니다. 오늘 딩동댕 건강 신호등에서는 마늘 냄새가 유독 지독하고 오래가는 과학적인 원인부터 <b>사과</b> 속 천연 성분이 이를 지워내는 방법, 그리고 효과를 200... ","{""title"": ""마늘 입냄새 제거 방법, 양치해도 소용없을 때 ‘이것’ 한 조각"", ""link"": ""https://blog.naver.com/ddd_67/224296721878"", ""description"": ""그 주인공은 바로 사계절 흔하게 먹는 '<b>사과</b>'입니다. 오늘 딩동댕 건강 신호등에서는 마늘 냄새가 유독 지독하고 오래가는 과학적인 원인부터 <b>사과</b> 속 천연 성분이 이를 지워내는 방법, 그리고 효과를 200... "", ""bloggername"": ""딩동댕 건강 신호등"", ""bloggerlink"": ""blog.naver.com/ddd_67"", ""postdate"": ""20260526""}",딩동댕 건강 신호등,blog.naver.com/ddd_67
사과,single_term_fallback,사과,28kg 감량 실화? 43세 진서연이 매일 먹는 '이 조합' 혈당... ,https://blog.naver.com/wellura/224296827613,20260526,&quot;혈당 잡는 주먹밥?!&quot; 진서연의 식단 비하인드 그녀는 최근 자신의 SNS 계정에 &quot;<b>사과</b> 피넛그릭요거트와... 먼저 아삭한 <b>사과</b>와 고소한 땅콩버터는 서로의 부족한 영양소를 200% 채워주는 역대급 찰떡궁합으로 혈당... ,,naver_blog,사과,canonical,1.0,2026-05-26T11:50:14.768518+00:00,0,0,0,0,웰루라,&quot;혈당 잡는 주먹밥?!&quot; 진서연의 식단 비하인드 그녀는 최근 자신의 SNS 계정에 &quot;<b>사과</b> 피넛그릭요거트와... 먼저 아삭한 <b>사과</b>와 고소한 땅콩버터는 서로의 부족한 영양소를 200% 채워주는 역대급 찰떡궁합으로 혈당... ,"{""title"": ""28kg 감량 실화? 43세 진서연이 매일 먹는 '이 조합' 혈당... "", ""link"": ""https://blog.naver.com/wellura/224296827613"", ""description"": ""&quot;혈당 잡는 주먹밥?!&quot; 진서연의 식단 비하인드 그녀는 최근 자신의 SNS 계정에 &quot;<b>사과</b> 피넛그릭요거트와... 먼저 아삭한 <b>사과</b>와 고소한 땅콩버터는 서로의 부족한 영양소를 200% 채워주는 역대급 찰떡궁합으로 혈당... "", ""bloggername"": ""웰루라"", ""bloggerlink"": ""blog.naver.com/wellura"", ""postdate"": ""20260526""}",웰루라,blog.naver.com/wellura
사과,single_term_fallback,사과,계단몰카고소 경찰 신고 당했을 때 피해자와의 카촬죄 합의는... ,https://blog.naver.com/pinkynfunky/224296642955,20260526,"카메라 등 이용촬영 죄는 피해자의 정신적 충격이 매우 큰 범죄이므로, 피해자에게 진심 어린 <b>사과</b>를 전하고 합당한 위로금을 지급하여 '처벌불원서'를 받아내는 것이 감형을 위한 가장 강력한 선처자료가... ",,naver_blog,사과,canonical,1.0,2026-05-26T11:50:14.768518+00:00,0,0,0,0,✔️천안아산변호사 1551-6494✔️ 법무법인 굿플랜,"카메라 등 이용촬영 죄는 피해자의 정신적 충격이 매우 큰 범죄이므로, 피해자에게 진심 어린 <b>사과</b>를 전하고 합당한 위로금을 지급하여 '처벌불원서'를 받아내는 것이 감형을 위한 가장 강력한 선처자료가... ","{""title"": ""계단몰카고소 경찰 신고 당했을 때 피해자와의 카촬죄 합의는... "", ""link"": ""https://blog.naver.com/pinkynfunky/224296642955"", ""description"": ""카메라 등 이용촬영 죄는 피해자의 정신적 충격이 매우 큰 범죄이므로, 피해자에게 진심 어린 <b>사과</b>를 전하고 합당한 위로금을 지급하여 '처벌불원서'를 받아내는 것이 감형을 위한 가장 강력한 선처자료가... "", ""bloggername"": ""✔️천안아산변호사 1551-6494✔️ 법무법인 굿플랜"", ""bloggerlink"": ""blog.naver.com/pinkynfunky"", ""postdate"": ""20260526""}",✔️천안아산변호사 1551-6494✔️ 법무법인 굿플랜,blog.naver.com/pinkynfunky
사과,single_term_fallback,사과,기버터·식초물보다 먼저 봐야 할 아침 회복 습관,https://blog.naver.com/purebellenz/224289807196,20260526,"함께 읽으면 좋은 글    https://blog.naver.com/purebellenz/224264585370 식후에 이것 하나 추가하면 혈당이 덜 튑니다 &lt; 세 번째는 식후 <b>사과</b>식초물이에요 &gt; 유기농 <b>사과</b>식초, 이른바 애플사이다비네거 / ACV. 이미지... ",,naver_blog,사과,canonical,1.0,2026-05-26T11:50:14.768518+00:00,0,0,0,0,간호사가 들려주는 건강 이야기 - 퓨어벨르,"함께 읽으면 좋은 글    https://blog.naver.com/purebellenz/224264585370 식후에 이것 하나 추가하면 혈당이 덜 튑니다 &lt; 세 번째는 식후 <b>사과</b>식초물이에요 &gt; 유기농 <b>사과</b>식초, 이른바 애플사이다비네거 / ACV. 이미지... ","{""title"": ""기버터·식초물보다 먼저 봐야 할 아침 회복 습관"", ""link"": ""https://blog.naver.com/purebellenz/224289807196"", ""description"": ""함께 읽으면 좋은 글    https://blog.naver.com/purebellenz/224264585370 식후에 이것 하나 추가하면 혈당이 덜 튑니다 &lt; 세 번째는 식후 <b>사과</b>식초물이에요 &gt; 유기농 <b>사과</b>식초, 이른바 애플사이다비네거 / ACV. 이미지... "", ""bloggername"": ""간호사가 들려주는 건강 이야기 - 퓨어벨르"", ""bloggerlink"": ""blog.naver.com/purebellenz"", ""postdate"": ""20260526""}",간호사가 들려주는 건강 이야기 - 퓨어벨르,blog.naver.com/purebellenz
사과,single_term_fallback,사과,만안구학교폭력전문변호사 상담 비용 선임 수임료 부탁받는 이유,https://blog.naver.com/fire_dahyun8021/224296745390,20260526,"법정에서 변호사는 A 학생이 겪은 피해를 증명하기 위해 다양한 증거를 제출하였고, 결국 A 학생은 학교로부터 공식적인 <b>사과</b>와 보상을 받았습니다. 이러한 사례는 법적 대응의 중요성을 보여줍니다.... ",,naver_blog,사과,canonical,1.0,2026-05-26T11:50:14.768518+00:00,0,0,0,0,법무법인 초원,"법정에서 변호사는 A 학생이 겪은 피해를 증명하기 위해 다양한 증거를 제출하였고, 결국 A 학생은 학교로부터 공식적인 <b>사과</b>와 보상을 받았습니다. 이러한 사례는 법적 대응의 중요성을 보여줍니다.... ","{""title"": ""만안구학교폭력전문변호사 상담 비용 선임 수임료 부탁받는 이유"", ""link"": ""https://blog.naver.com/fire_dahyun8021/224296745390"", ""description"": ""법정에서 변호사는 A 학생이 겪은 피해를 증명하기 위해 다양한 증거를 제출하였고, 결국 A 학생은 학교로부터 공식적인 <b>사과</b>와 보상을 받았습니다. 이러한 사례는 법적 대응의 중요성을 보여줍니다.... "", ""bloggername"": ""법무법인 초원"", ""bloggerlink"": ""blog.naver.com/fire_dahyun8021"", ""postdate"": ""20260526""}",법무법인 초원,blog.naver.com/fire_dahyun8021
사과,single_term_fallback,사과,“건강하려고 마셨는데 84% 증발?”… 스무디 만들 때 바나나... ,https://blog.naver.com/storm0403/224297166852,20260526,"쉽게 말해 우리가 <b>사과</b>를 깎아두면 갈색으로 변하는 '갈변 현상'을 일으키는 주범이에요. 그런데 이 효소가 단순히 색깔만 바꾸는 게 아니라, 우리 혈관 건강과 인지 기능에 도움을 주는 귀한 성분인 '플라바놀... ",,naver_blog,사과,canonical,1.0,2026-05-26T11:50:14.768518+00:00,0,0,0,0,인사이드 바디,"쉽게 말해 우리가 <b>사과</b>를 깎아두면 갈색으로 변하는 '갈변 현상'을 일으키는 주범이에요. 그런데 이 효소가 단순히 색깔만 바꾸는 게 아니라, 우리 혈관 건강과 인지 기능에 도움을 주는 귀한 성분인 '플라바놀... ","{""title"": ""“건강하려고 마셨는데 84% 증발?”… 스무디 만들 때 바나나... "", ""link"": ""https://blog.naver.com/storm0403/224297166852"", ""description"": ""쉽게 말해 우리가 <b>사과</b>를 깎아두면 갈색으로 변하는 '갈변 현상'을 일으키는 주범이에요. 그런데 이 효소가 단순히 색깔만 바꾸는 게 아니라, 우리 혈관 건강과 인지 기능에 도움을 주는 귀한 성분인 '플라바놀... "", ""bloggername"": ""인사이드 바디"", ""bloggerlink"": ""blog.naver.com/storm0403"", ""postdate"": ""20260526""}",인사이드 바디,blog.naver.com/storm0403
사과,single_term_fallback,사과,용인입주청소 냉장고정리팁 깔끔하고 스마트한 주방을 만드는... ,https://blog.naver.com/cchhaa79/224292303699,20260526,특히 에틸렌 가스를 방출하여 다른 과일을 빨리 숙성시키는 <b>사과</b> 같은 종류는 따로 분리하여 보관하는 지혜가 필요하더라고요. 흙이 묻어 있는 뿌리 채소는 씻지 않은 상태로 보관하되 흙이 바닥에 떨어지지... ,,naver_blog,사과,canonical,1.0,2026-05-26T11:50:14.768518+00:00,0,0,0,0,코바크린 차3,특히 에틸렌 가스를 방출하여 다른 과일을 빨리 숙성시키는 <b>사과</b> 같은 종류는 따로 분리하여 보관하는 지혜가 필요하더라고요. 흙이 묻어 있는 뿌리 채소는 씻지 않은 상태로 보관하되 흙이 바닥에 떨어지지... ,"{""title"": ""용인입주청소 냉장고정리팁 깔끔하고 스마트한 주방을 만드는... "", ""link"": ""https://blog.naver.com/cchhaa79/224292303699"", ""description"": ""특히 에틸렌 가스를 방출하여 다른 과일을 빨리 숙성시키는 <b>사과</b> 같은 종류는 따로 분리하여 보관하는 지혜가 필요하더라고요. 흙이 묻어 있는 뿌리 채소는 씻지 않은 상태로 보관하되 흙이 바닥에 떨어지지... "", ""bloggername"": ""코바크린 차3"", ""bloggerlink"": ""blog.naver.com/cchhaa79"", ""postdate"": ""20260526""}",코바크린 차3,blog.naver.com/cchhaa79
사과,single_term_fallback,사과,스타벅스 &quot;충전금 6월 한시적 전액 환불“ … 6월 1~14일 60... ,https://blog.naver.com/yknangel/224297167317,20260526,"정용진은 최근 논란과 관련해 대국민 <b>사과</b>를 진행했으며, 스타벅스 측 역시 “고객 불편을 최소화하기 위해 환불 기준을 완화했다”고 밝혔습니다. 다만 환불 기간 동안 현금화 악용 가능성과 매장 혼잡 등을... ",,naver_blog,사과,canonical,1.0,2026-05-26T11:50:14.768518+00:00,0,0,0,0,J&,"정용진은 최근 논란과 관련해 대국민 <b>사과</b>를 진행했으며, 스타벅스 측 역시 “고객 불편을 최소화하기 위해 환불 기준을 완화했다”고 밝혔습니다. 다만 환불 기간 동안 현금화 악용 가능성과 매장 혼잡 등을... ","{""title"": ""스타벅스 &quot;충전금 6월 한시적 전액 환불“ … 6월 1~14일 60... "", ""link"": ""https://blog.naver.com/yknangel/224297167317"", ""description"": ""정용진은 최근 논란과 관련해 대국민 <b>사과</b>를 진행했으며, 스타벅스 측 역시 “고객 불편을 최소화하기 위해 환불 기준을 완화했다”고 밝혔습니다. 다만 환불 기간 동안 현금화 악용 가능성과 매장 혼잡 등을... "", ""bloggername"": ""J&"", ""bloggerlink"": ""blog.naver.com/yknangel"", ""postdate"": ""20260526""}",J&,blog.naver.com/yknangel
사과,single_term_fallback,사과,광주 분위기 좋은 레스토랑 파인다이닝 코스요리 테스팅노트,https://blog.naver.com/monmonde07/224297166883,20260526,그리고 <b>사과</b>를 이용한 드레싱으로 산뜻하게 마무리되는 맛이 좋았답니다. 그리고 위에 올려진 튀일을 깨서 함께 먹어보니 얇고 바삭한 튀일의 식감까지 더해져 먹는 재미가 확실히 느껴지더라고요. lobster 이번... ,,naver_blog,사과,canonical,1.0,2026-05-26T11:50:14.768518+00:00,0,0,0,0,mon monde,그리고 <b>사과</b>를 이용한 드레싱으로 산뜻하게 마무리되는 맛이 좋았답니다. 그리고 위에 올려진 튀일을 깨서 함께 먹어보니 얇고 바삭한 튀일의 식감까지 더해져 먹는 재미가 확실히 느껴지더라고요. lobster 이번... ,"{""title"": ""광주 분위기 좋은 레스토랑 파인다이닝 코스요리 테스팅노트"", ""link"": ""https://blog.naver.com/monmonde07/224297166883"", ""description"": ""그리고 <b>사과</b>를 이용한 드레싱으로 산뜻하게 마무리되는 맛이 좋았답니다. 그리고 위에 올려진 튀일을 깨서 함께 먹어보니 얇고 바삭한 튀일의 식감까지 더해져 먹는 재미가 확실히 느껴지더라고요. lobster 이번... "", ""bloggername"": ""mon monde"", ""bloggerlink"": ""blog.naver.com/monmonde07"", ""postdate"": ""20260526""}",mon monde,blog.naver.com/monmonde07
사과,single_term_fallback,사과,식물 세는 단위 총정리! 배추 한 포기·난초 한 촉 뜻 쉽게 배우기,https://blog.naver.com/studyminami/224296784240,20260526,"나무 (그루) 뿌리를 내린 나무의 개수 소나무 한 그루, <b>사과</b>나무 10그루 2. 채소(포기) 뿌리째 뽑은 채소의... &quot;내일 지구의 멸망이 올지라도 나는 오늘 <b>사과</b>나무 한 그루를 심겠다&quot;는 명언처럼, 독립된... ",,naver_blog,사과,canonical,1.0,2026-05-26T11:50:14.768518+00:00,0,0,0,0,교양미나미공부 블로그,"나무 (그루) 뿌리를 내린 나무의 개수 소나무 한 그루, <b>사과</b>나무 10그루 2. 채소(포기) 뿌리째 뽑은 채소의... &quot;내일 지구의 멸망이 올지라도 나는 오늘 <b>사과</b>나무 한 그루를 심겠다&quot;는 명언처럼, 독립된... ","{""title"": ""식물 세는 단위 총정리! 배추 한 포기·난초 한 촉 뜻 쉽게 배우기"", ""link"": ""https://blog.naver.com/studyminami/224296784240"", ""description"": ""나무 (그루) 뿌리를 내린 나무의 개수 소나무 한 그루, <b>사과</b>나무 10그루 2. 채소(포기) 뿌리째 뽑은 채소의... &quot;내일 지구의 멸망이 올지라도 나는 오늘 <b>사과</b>나무 한 그루를 심겠다&quot;는 명언처럼, 독립된... "", ""bloggername"": ""교양미나미공부 블로그"", ""bloggerlink"": ""blog.naver.com/studyminami"", ""postdate"": ""20260526""}",교양미나미공부 블로그,blog.naver.com/studyminami
사과,single_term_fallback,사과,"다이어트 식단, 이렇게 짜야 안 망합니다｜현실 구성 방법 공개",https://blog.naver.com/gytntm/224294899979,20260526,근데 문제는… 진짜 현실에서는 절대 오래 못 가더라고요 아침은 <b>사과</b> 반 개 점심은 닭가슴살 저녁은 샐러드 처음 이틀은 “오 이번엔 되나?” 싶다가 3~4일 지나면 갑자기 치킨 떡볶이️ 라면 생각만 나고 결국... ,,naver_blog,사과,canonical,1.0,2026-05-26T11:50:14.768518+00:00,0,0,0,0,일상 속 작은 행복과 생활의 지혜를 나눠요❤️,근데 문제는… 진짜 현실에서는 절대 오래 못 가더라고요 아침은 <b>사과</b> 반 개 점심은 닭가슴살 저녁은 샐러드 처음 이틀은 “오 이번엔 되나?” 싶다가 3~4일 지나면 갑자기 치킨 떡볶이️ 라면 생각만 나고 결국... ,"{""title"": ""다이어트 식단, 이렇게 짜야 안 망합니다｜현실 구성 방법 공개"", ""link"": ""https://blog.naver.com/gytntm/224294899979"", ""description"": ""근데 문제는… 진짜 현실에서는 절대 오래 못 가더라고요 아침은 <b>사과</b> 반 개 점심은 닭가슴살 저녁은 샐러드 처음 이틀은 “오 이번엔 되나?” 싶다가 3~4일 지나면 갑자기 치킨 떡볶이️ 라면 생각만 나고 결국... "", ""bloggername"": ""일상 속 작은 행복과 생활의 지혜를 나눠요❤️"", ""bloggerlink"": ""blog.naver.com/gytntm"", ""postdate"": ""20260526""}",일상 속 작은 행복과 생활의 지혜를 나눠요❤️,blog.naver.com/gytntm
사과,single_term_fallback,사과,학폭 진정 변호사 추천 상담비용 선임료 수임료 대응방안까지... ,https://blog.naver.com/m5895974/224296990254,20260526,"학폭 진정 변호사 비용을 비교할 때는 상담비용보다 진술 정리, 증거 선별, <b>사과</b>와 상담 연계까지... 서면 <b>사과</b> 권고 같은 후속조치가 함께 검토됩니다. 학폭 진정 대응방안을 잘못 잡으면 평판 손상과 지역... ",,naver_blog,사과,canonical,1.0,2026-05-26T11:50:14.768518+00:00,0,0,0,0,✓ 학교폭력대응센터,"학폭 진정 변호사 비용을 비교할 때는 상담비용보다 진술 정리, 증거 선별, <b>사과</b>와 상담 연계까지... 서면 <b>사과</b> 권고 같은 후속조치가 함께 검토됩니다. 학폭 진정 대응방안을 잘못 잡으면 평판 손상과 지역... ","{""title"": ""학폭 진정 변호사 추천 상담비용 선임료 수임료 대응방안까지... "", ""link"": ""https://blog.naver.com/m5895974/224296990254"", ""description"": ""학폭 진정 변호사 비용을 비교할 때는 상담비용보다 진술 정리, 증거 선별, <b>사과</b>와 상담 연계까지... 서면 <b>사과</b> 권고 같은 후속조치가 함께 검토됩니다. 학폭 진정 대응방안을 잘못 잡으면 평판 손상과 지역... "", ""bloggername"": ""✓ 학교폭력대응센터"", ""bloggerlink"": ""blog.naver.com/m5895974"", ""postdate"": ""20260526""}",✓ 학교폭력대응센터,blog.naver.com/m5895974
사과,single_term_fallback,사과,성장기 골든타임 놓칠 수 없는 우리 아이를 위한 키즈텐 칼슘업... ,https://blog.naver.com/imeunsol2/224294774325,20260526,탱글한 <b>사과</b>맛 젤리 아무리 좋은 성분이라도 아이가 뱉어내면 소용없죠. 이건 약이라는 거부감 없이 맛있는 젤리 간식처럼 아이가 스스로 찾아 먹어요. 인위적인 단맛이 아니라 상큼한 <b>사과</b>와 열대과일 풍미가... ,,naver_blog,사과,canonical,1.0,2026-05-26T11:50:14.768518+00:00,0,0,0,0,소소하고 행복한 하루,탱글한 <b>사과</b>맛 젤리 아무리 좋은 성분이라도 아이가 뱉어내면 소용없죠. 이건 약이라는 거부감 없이 맛있는 젤리 간식처럼 아이가 스스로 찾아 먹어요. 인위적인 단맛이 아니라 상큼한 <b>사과</b>와 열대과일 풍미가... ,"{""title"": ""성장기 골든타임 놓칠 수 없는 우리 아이를 위한 키즈텐 칼슘업... "", ""link"": ""https://blog.naver.com/imeunsol2/224294774325"", ""description"": ""탱글한 <b>사과</b>맛 젤리 아무리 좋은 성분이라도 아이가 뱉어내면 소용없죠. 이건 약이라는 거부감 없이 맛있는 젤리 간식처럼 아이가 스스로 찾아 먹어요. 인위적인 단맛이 아니라 상큼한 <b>사과</b>와 열대과일 풍미가... "", ""bloggername"": ""소소하고 행복한 하루"", ""bloggerlink"": ""blog.naver.com/imeunsol2"", ""postdate"": ""20260526""}",소소하고 행복한 하루,blog.naver.com/imeunsol2
사과,single_term_fallback,사과,공갈죄형사책임 구성요건 처벌 수위 합의와 변호사 선임 시기,https://blog.naver.com/vmewey486xwtn/224296830187,20260526,"반성·<b>사과</b> 의사 명확화 - 피해회복: 조기 변제·공탁·성실한 분할제안, <b>사과</b>문 전달 - 합의서 작성 팁 - 처벌불원 포함 여부 명확화, 지급 전제 조건(지급 불이행 시 효력) 구체화 - 제3자·온라인 게시물 처리(삭제... ",,naver_blog,사과,canonical,1.0,2026-05-26T11:50:14.768518+00:00,0,0,0,0,형사전문변호사,"반성·<b>사과</b> 의사 명확화 - 피해회복: 조기 변제·공탁·성실한 분할제안, <b>사과</b>문 전달 - 합의서 작성 팁 - 처벌불원 포함 여부 명확화, 지급 전제 조건(지급 불이행 시 효력) 구체화 - 제3자·온라인 게시물 처리(삭제... ","{""title"": ""공갈죄형사책임 구성요건 처벌 수위 합의와 변호사 선임 시기"", ""link"": ""https://blog.naver.com/vmewey486xwtn/224296830187"", ""description"": ""반성·<b>사과</b> 의사 명확화 - 피해회복: 조기 변제·공탁·성실한 분할제안, <b>사과</b>문 전달 - 합의서 작성 팁 - 처벌불원 포함 여부 명확화, 지급 전제 조건(지급 불이행 시 효력) 구체화 - 제3자·온라인 게시물 처리(삭제... "", ""bloggername"": ""형사전문변호사"", ""bloggerlink"": ""blog.naver.com/vmewey486xwtn"", ""postdate"": ""20260526""}",형사전문변호사,blog.naver.com/vmewey486xwtn
사과,single_term_fallback,사과,마요네즈 없이도 상큼해요! 비건 코울슬로 양배추 샐러드... ,https://blog.naver.com/bravolife8518/224296667311,20260526,"저는 <b>사과</b> 식초나 레몬즙을 베이스로 사용하고, 여기에 올리브유를 넉넉히 넣어요. 단맛은 메이플 시럽이나 아가베 시럽으로 조절하는데, 설탕 대신 이걸 쓰니까 훨씬 더 깔끔하고 고급스러운 단맛이... ",,naver_blog,사과,canonical,1.0,2026-05-26T11:50:14.768518+00:00,0,0,0,0,bravolife8518,"저는 <b>사과</b> 식초나 레몬즙을 베이스로 사용하고, 여기에 올리브유를 넉넉히 넣어요. 단맛은 메이플 시럽이나 아가베 시럽으로 조절하는데, 설탕 대신 이걸 쓰니까 훨씬 더 깔끔하고 고급스러운 단맛이... ","{""title"": ""마요네즈 없이도 상큼해요! 비건 코울슬로 양배추 샐러드... "", ""link"": ""https://blog.naver.com/bravolife8518/224296667311"", ""description"": ""저는 <b>사과</b> 식초나 레몬즙을 베이스로 사용하고, 여기에 올리브유를 넉넉히 넣어요. 단맛은 메이플 시럽이나 아가베 시럽으로 조절하는데, 설탕 대신 이걸 쓰니까 훨씬 더 깔끔하고 고급스러운 단맛이... "", ""bloggername"": ""bravolife8518"", ""bloggerlink"": ""blog.naver.com/bravolife8518"", ""postdate"": ""20260526""}",bravolife8518,blog.naver.com/bravolife8518
사과,single_term_fallback,사과,덕질로그 1탄,https://blog.naver.com/ggomggome_1/224297166166,20260526,"넘 귀여워서 <b>사과</b>, 토마토 전부 구매! 언젠간.. 쓰겠죠.. 다이소 산리오템 퀄리티 무엇이야.. 소품샵에서 7500원에 팔 것 같은 제품들입니다. 일본 수입품 역시... 전통 시리즈 왜케 인기가 많은겨.. 이번 전통... ",,naver_blog,사과,canonical,1.0,2026-05-26T11:50:14.768518+00:00,0,0,0,0,꼼씨꼼싸한 일상,"넘 귀여워서 <b>사과</b>, 토마토 전부 구매! 언젠간.. 쓰겠죠.. 다이소 산리오템 퀄리티 무엇이야.. 소품샵에서 7500원에 팔 것 같은 제품들입니다. 일본 수입품 역시... 전통 시리즈 왜케 인기가 많은겨.. 이번 전통... ","{""title"": ""덕질로그 1탄"", ""link"": ""https://blog.naver.com/ggomggome_1/224297166166"", ""description"": ""넘 귀여워서 <b>사과</b>, 토마토 전부 구매! 언젠간.. 쓰겠죠.. 다이소 산리오템 퀄리티 무엇이야.. 소품샵에서 7500원에 팔 것 같은 제품들입니다. 일본 수입품 역시... 전통 시리즈 왜케 인기가 많은겨.. 이번 전통... "", ""bloggername"": ""꼼씨꼼싸한 일상"", ""bloggerlink"": ""blog.naver.com/ggomggome_1"", ""postdate"": ""20260526""}",꼼씨꼼싸한 일상,blog.naver.com/ggomggome_1
사과,single_term_fallback,사과,"당 걱정 없는 샐러드캔디 '치트잇 베지타임', 하루 한 알로... ",https://blog.naver.com/bluejewer08/224297166781,20260526,"이 제품은 영국산 프리미엄 원료를 바탕으로 25가지 야채와 <b>사과</b>초모식초(애사비)를 꽉 채워 넣은 똑똑한 제품이에요. 달콤함은 가득 채우면서도 당 걱정은 덜어낸 저당캔디라서, 식후 입가심으로 먹기에도... ",,naver_blog,사과,canonical,1.0,2026-05-26T11:50:14.768518+00:00,0,0,0,0,와니네 행복한이야기,"이 제품은 영국산 프리미엄 원료를 바탕으로 25가지 야채와 <b>사과</b>초모식초(애사비)를 꽉 채워 넣은 똑똑한 제품이에요. 달콤함은 가득 채우면서도 당 걱정은 덜어낸 저당캔디라서, 식후 입가심으로 먹기에도... ","{""title"": ""당 걱정 없는 샐러드캔디 '치트잇 베지타임', 하루 한 알로... "", ""link"": ""https://blog.naver.com/bluejewer08/224297166781"", ""description"": ""이 제품은 영국산 프리미엄 원료를 바탕으로 25가지 야채와 <b>사과</b>초모식초(애사비)를 꽉 채워 넣은 똑똑한 제품이에요. 달콤함은 가득 채우면서도 당 걱정은 덜어낸 저당캔디라서, 식후 입가심으로 먹기에도... "", ""bloggername"": ""와니네 행복한이야기"", ""bloggerlink"": ""blog.naver.com/bluejewer08"", ""postdate"": ""20260526""}",와니네 행복한이야기,blog.naver.com/bluejewer08
사과,single_term_fallback,사과,"대장내시경 전날 음식 종류 : 커피, 두유 마셔도 될까?... ",https://blog.naver.com/terrace13954/224297166029,20260526,"닭고기, 생선, 흰쌀밥, 두부, 달걀, 감자, 묵 바나나, <b>사과</b>, 배, 이온음료,녹차 등은 전전날까지 충분히 섭취할 수 있습니다. 단 닭고기나 생선은 기름기가 최소화되게 삶거나 쪄서 먹는 것을 권해요 검사 전날... ",,naver_blog,사과,canonical,1.0,2026-05-26T11:50:14.768518+00:00,0,0,0,0,여성건강과 삶,"닭고기, 생선, 흰쌀밥, 두부, 달걀, 감자, 묵 바나나, <b>사과</b>, 배, 이온음료,녹차 등은 전전날까지 충분히 섭취할 수 있습니다. 단 닭고기나 생선은 기름기가 최소화되게 삶거나 쪄서 먹는 것을 권해요 검사 전날... ","{""title"": ""대장내시경 전날 음식 종류 : 커피, 두유 마셔도 될까?... "", ""link"": ""https://blog.naver.com/terrace13954/224297166029"", ""description"": ""닭고기, 생선, 흰쌀밥, 두부, 달걀, 감자, 묵 바나나, <b>사과</b>, 배, 이온음료,녹차 등은 전전날까지 충분히 섭취할 수 있습니다. 단 닭고기나 생선은 기름기가 최소화되게 삶거나 쪄서 먹는 것을 권해요 검사 전날... "", ""bloggername"": ""여성건강과 삶"", ""bloggerlink"": ""blog.naver.com/terrace13954"", ""postdate"": ""20260526""}",여성건강과 삶,blog.naver.com/terrace13954
사과,single_term_fallback,사과,"아이유도 변우석도 고개 숙였는데, 정작 사람들이 더 듣고... ",https://blog.naver.com/ioiykd8599/224297165832,20260526,"아이유가 <b>사과</b>했습니다. 변우석도 고개를 숙였습니다. 그런데 이상하게, 분위기는 쉽게 풀리지 않았습니다. &quot;왜 배우가 <b>사과</b>하지?&quot; 이런 댓글이 더 많았습니다. 저는 갤럽 공인 강점코치입니다. 이 장면을 누가... ",,naver_blog,사과,canonical,1.0,2026-05-26T11:50:14.768518+00:00,0,0,0,0,강점으로 읽는 사람,"아이유가 <b>사과</b>했습니다. 변우석도 고개를 숙였습니다. 그런데 이상하게, 분위기는 쉽게 풀리지 않았습니다. &quot;왜 배우가 <b>사과</b>하지?&quot; 이런 댓글이 더 많았습니다. 저는 갤럽 공인 강점코치입니다. 이 장면을 누가... ","{""title"": ""아이유도 변우석도 고개 숙였는데, 정작 사람들이 더 듣고... "", ""link"": ""https://blog.naver.com/ioiykd8599/224297165832"", ""description"": ""아이유가 <b>사과</b>했습니다. 변우석도 고개를 숙였습니다. 그런데 이상하게, 분위기는 쉽게 풀리지 않았습니다. &quot;왜 배우가 <b>사과</b>하지?&quot; 이런 댓글이 더 많았습니다. 저는 갤럽 공인 강점코치입니다. 이 장면을 누가... "", ""bloggername"": ""강점으로 읽는 사람"", ""bloggerlink"": ""blog.naver.com/ioiykd8599"", ""postdate"": ""20260526""}",강점으로 읽는 사람,blog.naver.com/ioiykd8599
사과,single_term_fallback,사과,43일차 식단 (74.46kg),https://blog.naver.com/thesunmad/224297164545,20260526,"과일: <b>사과</b> 1/2개, 바나나 1개 2. 아침: 야채, 닭가슴살 1덩이, 고구마 250g, 옥수수 1.5개, 아몬드 15개 3. 점심: 옥수수 0.5개, 비빔밥 4. 간식: 야채, 닭가슴살 1덩이, 고구마 250g, 옥수수 1개, 아몬드 25개 5.... ",,naver_blog,사과,canonical,1.0,2026-05-26T11:50:14.768518+00:00,0,0,0,0,디지털노마드,"과일: <b>사과</b> 1/2개, 바나나 1개 2. 아침: 야채, 닭가슴살 1덩이, 고구마 250g, 옥수수 1.5개, 아몬드 15개 3. 점심: 옥수수 0.5개, 비빔밥 4. 간식: 야채, 닭가슴살 1덩이, 고구마 250g, 옥수수 1개, 아몬드 25개 5.... ","{""title"": ""43일차 식단 (74.46kg)"", ""link"": ""https://blog.naver.com/thesunmad/224297164545"", ""description"": ""과일: <b>사과</b> 1/2개, 바나나 1개 2. 아침: 야채, 닭가슴살 1덩이, 고구마 250g, 옥수수 1.5개, 아몬드 15개 3. 점심: 옥수수 0.5개, 비빔밥 4. 간식: 야채, 닭가슴살 1덩이, 고구마 250g, 옥수수 1개, 아몬드 25개 5.... "", ""bloggername"": ""디지털노마드"", ""bloggerlink"": ""blog.naver.com/thesunmad"", ""postdate"": ""20260526""}",디지털노마드,blog.naver.com/thesunmad
사과,single_term_fallback,사과,갤러리나우-신세계갤러리분더샵청담-갤러리가이아 서울... ,https://blog.naver.com/bling340/224297165034,20260526,30) 작품들은 단순하고 간결하다 과장된 설명 대신 색채 자체로 말을 걸어온다 소박한 꽃과 나뭇잎 연두빛으로 빛나는 <b>사과</b> 서로를 부둥켜안은 사람들 인물들의 표정이 알쏭달쏭하다 웃는 것도 아니고 슬퍼... ,,naver_blog,사과,canonical,1.0,2026-05-26T11:50:14.768518+00:00,0,0,0,0,희망의 작은 지도,30) 작품들은 단순하고 간결하다 과장된 설명 대신 색채 자체로 말을 걸어온다 소박한 꽃과 나뭇잎 연두빛으로 빛나는 <b>사과</b> 서로를 부둥켜안은 사람들 인물들의 표정이 알쏭달쏭하다 웃는 것도 아니고 슬퍼... ,"{""title"": ""갤러리나우-신세계갤러리분더샵청담-갤러리가이아 서울... "", ""link"": ""https://blog.naver.com/bling340/224297165034"", ""description"": ""30) 작품들은 단순하고 간결하다 과장된 설명 대신 색채 자체로 말을 걸어온다 소박한 꽃과 나뭇잎 연두빛으로 빛나는 <b>사과</b> 서로를 부둥켜안은 사람들 인물들의 표정이 알쏭달쏭하다 웃는 것도 아니고 슬퍼... "", ""bloggername"": ""희망의 작은 지도"", ""bloggerlink"": ""blog.naver.com/bling340"", ""postdate"": ""20260526""}",희망의 작은 지도,blog.naver.com/bling340
사과,single_term_fallback,사과,리고베리 몬테소리 비지북 단독 공구 오픈 (5/25~ 5/29),https://blog.naver.com/momento25_/224297163747,20260526,&lt;리고베리 비지북 페이지 미리보기&gt; 페이지들 미리보기 :) 국내 최대 20페이지 구성이에요 (제가 학습법 가이드북도 드릴예정!)  버클 강아지 → 버클 연습하기  <b>사과</b> 퍼즐 → 처음에는 찍찍이 연습하다가... ,,naver_blog,사과,canonical,1.0,2026-05-26T11:50:14.768518+00:00,0,0,0,0,릴리의 무해한집,&lt;리고베리 비지북 페이지 미리보기&gt; 페이지들 미리보기 :) 국내 최대 20페이지 구성이에요 (제가 학습법 가이드북도 드릴예정!)  버클 강아지 → 버클 연습하기  <b>사과</b> 퍼즐 → 처음에는 찍찍이 연습하다가... ,"{""title"": ""리고베리 몬테소리 비지북 단독 공구 오픈 (5/25~ 5/29)"", ""link"": ""https://blog.naver.com/momento25_/224297163747"", ""description"": ""&lt;리고베리 비지북 페이지 미리보기&gt; 페이지들 미리보기 :) 국내 최대 20페이지 구성이에요 (제가 학습법 가이드북도 드릴예정!)  버클 강아지 → 버클 연습하기  <b>사과</b> 퍼즐 → 처음에는 찍찍이 연습하다가... "", ""bloggername"": ""릴리의 무해한집"", ""bloggerlink"": ""blog.naver.com/momento25_"", ""postdate"": ""20260526""}",릴리의 무해한집,blog.naver.com/momento25_
사과,single_term_fallback,사과,브루나이 맛집 추천 다운(The Daun) 브루나이 전통음식 현지... ,https://blog.naver.com/hyungsuk1010/224297164512,20260526,"브루나이 맛집 다운 음료와 디저트 후기 Immunity Booster($6.00)는 당근, 오렌지, <b>사과</b>로 만든 콜드프레스 주스예요. 얼음 가득 들어간 시원한 스타일이라 더운 날씨에 마시기 딱 좋았어요. 브루나이는 날씨가... ",,naver_blog,사과,canonical,1.0,2026-05-26T11:50:14.768518+00:00,0,0,0,0,여행 고인물,"브루나이 맛집 다운 음료와 디저트 후기 Immunity Booster($6.00)는 당근, 오렌지, <b>사과</b>로 만든 콜드프레스 주스예요. 얼음 가득 들어간 시원한 스타일이라 더운 날씨에 마시기 딱 좋았어요. 브루나이는 날씨가... ","{""title"": ""브루나이 맛집 추천 다운(The Daun) 브루나이 전통음식 현지... "", ""link"": ""https://blog.naver.com/hyungsuk1010/224297164512"", ""description"": ""브루나이 맛집 다운 음료와 디저트 후기 Immunity Booster($6.00)는 당근, 오렌지, <b>사과</b>로 만든 콜드프레스 주스예요. 얼음 가득 들어간 시원한 스타일이라 더운 날씨에 마시기 딱 좋았어요. 브루나이는 날씨가... "", ""bloggername"": ""여행 고인물"", ""bloggerlink"": ""blog.naver.com/hyungsuk1010"", ""postdate"": ""20260526""}",여행 고인물,blog.naver.com/hyungsuk1010
사과,single_term_fallback,사과,"모자무싸 결말, 결국 서로의 무가치함을 껴안은 사람들의 이야기",https://blog.naver.com/footory/224297164421,20260526,특히 황동만이 무릎 꿇고 <b>사과</b>하는 장면. “내가 본 영화의 절반은 형이랑 본 거였다”는 말은 단순한 추억 회상이 아니었다. 지금의 자신을 만든 절반이 박경세였다는 고백이었다. 그리고 자신의 시나리오... ,,naver_blog,사과,canonical,1.0,2026-05-26T11:50:14.768518+00:00,0,0,0,0,루미 스튜디오(LUMI STUDIO),특히 황동만이 무릎 꿇고 <b>사과</b>하는 장면. “내가 본 영화의 절반은 형이랑 본 거였다”는 말은 단순한 추억 회상이 아니었다. 지금의 자신을 만든 절반이 박경세였다는 고백이었다. 그리고 자신의 시나리오... ,"{""title"": ""모자무싸 결말, 결국 서로의 무가치함을 껴안은 사람들의 이야기"", ""link"": ""https://blog.naver.com/footory/224297164421"", ""description"": ""특히 황동만이 무릎 꿇고 <b>사과</b>하는 장면. “내가 본 영화의 절반은 형이랑 본 거였다”는 말은 단순한 추억 회상이 아니었다. 지금의 자신을 만든 절반이 박경세였다는 고백이었다. 그리고 자신의 시나리오... "", ""bloggername"": ""루미 스튜디오(LUMI STUDIO)"", ""bloggerlink"": ""blog.naver.com/footory"", ""postdate"": ""20260526""}",루미 스튜디오(LUMI STUDIO),blog.naver.com/footory
사과,single_term_fallback,사과,모자무싸 결말 해석: 장미란 선택과 황동만 엔딩이 남긴 진짜 의미,https://blog.naver.com/olly8686/224297163968,20260526,"회복이란 누군가가 <b>사과</b>해서 끝나는 게 아니라, 내가 나를 놓지 않는 데서 시작된다는 걸 보여줬거든요.... 현실에서도 모든 부모가 <b>사과</b>하지 않고, 모든 관계가 깔끔하게 화해하지는 않잖아요. 드라마는 그... ",,naver_blog,사과,canonical,1.0,2026-05-26T11:50:14.768518+00:00,0,0,0,0,IT리뷰하는 고양이 올리,"회복이란 누군가가 <b>사과</b>해서 끝나는 게 아니라, 내가 나를 놓지 않는 데서 시작된다는 걸 보여줬거든요.... 현실에서도 모든 부모가 <b>사과</b>하지 않고, 모든 관계가 깔끔하게 화해하지는 않잖아요. 드라마는 그... ","{""title"": ""모자무싸 결말 해석: 장미란 선택과 황동만 엔딩이 남긴 진짜 의미"", ""link"": ""https://blog.naver.com/olly8686/224297163968"", ""description"": ""회복이란 누군가가 <b>사과</b>해서 끝나는 게 아니라, 내가 나를 놓지 않는 데서 시작된다는 걸 보여줬거든요.... 현실에서도 모든 부모가 <b>사과</b>하지 않고, 모든 관계가 깔끔하게 화해하지는 않잖아요. 드라마는 그... "", ""bloggername"": ""IT리뷰하는 고양이 올리"", ""bloggerlink"": ""blog.naver.com/olly8686"", ""postdate"": ""20260526""}",IT리뷰하는 고양이 올리,blog.naver.com/olly8686
사과,single_term_fallback,사과,"샌드위치 레시피, 냉동빵 후기 및 추천",https://blog.naver.com/breadpig02/224297163697,20260526,베이글 <b>사과</b> 1/4조각 (다다익선) 땅콩버터 약 2스푼 레시피 자르고 바르고 합쳐서 먹는다. 끝 - 2. 피넛애플햄치즈 샌드위치 합체 전 재료 단체샷 재료 빵 (슬랩or치아바타) <b>사과</b> 1/4조각 루꼴라 한 줌 잠봉or햄 1... ,,naver_blog,사과,canonical,1.0,2026-05-26T11:50:14.768518+00:00,0,0,0,0,일기장,베이글 <b>사과</b> 1/4조각 (다다익선) 땅콩버터 약 2스푼 레시피 자르고 바르고 합쳐서 먹는다. 끝 - 2. 피넛애플햄치즈 샌드위치 합체 전 재료 단체샷 재료 빵 (슬랩or치아바타) <b>사과</b> 1/4조각 루꼴라 한 줌 잠봉or햄 1... ,"{""title"": ""샌드위치 레시피, 냉동빵 후기 및 추천"", ""link"": ""https://blog.naver.com/breadpig02/224297163697"", ""description"": ""베이글 <b>사과</b> 1/4조각 (다다익선) 땅콩버터 약 2스푼 레시피 자르고 바르고 합쳐서 먹는다. 끝 - 2. 피넛애플햄치즈 샌드위치 합체 전 재료 단체샷 재료 빵 (슬랩or치아바타) <b>사과</b> 1/4조각 루꼴라 한 줌 잠봉or햄 1... "", ""bloggername"": ""일기장"", ""bloggerlink"": ""blog.naver.com/breadpig02"", ""postdate"": ""20260526""}",일기장,blog.naver.com/breadpig02
사과,single_term_fallback,사과,치즈 플래터 세트,https://blog.naver.com/party_heyday/224297163159,20260526,"용과 망고~ 키위 미니<b>사과</b> 오렌지 자몽 ~~ 그리고 차지키 소스로 샌드위치도 준비했는데, 상큼하고 산뜻한 맛 덕분에 전체 구성과도 잘 어울렸답니다. 남녀노소 모두 좋아하는 닭강정과 미니 바게트, 직접 만든... ",,naver_blog,사과,canonical,1.0,2026-05-26T11:50:14.768518+00:00,0,0,0,0,PARTY HEYDAY,"용과 망고~ 키위 미니<b>사과</b> 오렌지 자몽 ~~ 그리고 차지키 소스로 샌드위치도 준비했는데, 상큼하고 산뜻한 맛 덕분에 전체 구성과도 잘 어울렸답니다. 남녀노소 모두 좋아하는 닭강정과 미니 바게트, 직접 만든... ","{""title"": ""치즈 플래터 세트"", ""link"": ""https://blog.naver.com/party_heyday/224297163159"", ""description"": ""용과 망고~ 키위 미니<b>사과</b> 오렌지 자몽 ~~ 그리고 차지키 소스로 샌드위치도 준비했는데, 상큼하고 산뜻한 맛 덕분에 전체 구성과도 잘 어울렸답니다. 남녀노소 모두 좋아하는 닭강정과 미니 바게트, 직접 만든... "", ""bloggername"": ""PARTY HEYDAY"", ""bloggerlink"": ""blog.naver.com/party_heyday"", ""postdate"": ""20260526""}",PARTY HEYDAY,blog.naver.com/party_heyday
사과,single_term_fallback,사과,성범죄합의대행 무리하게 진행하면 위험한 이유,https://blog.naver.com/euvimjvnhs33122/224297162863,20260526,"혼자 대응하면 감정적인 연락, 불완전한 <b>사과</b>, 증거 삭제 같은 실수가 생기기 쉽고, 이때 사건의 방향이 크게 흔들릴 수 있습니다. 지금 필요한 것은 막연한 합의가 아니라, 내 사건에서 무엇을 먼저 정리해야... ",,naver_blog,사과,canonical,1.0,2026-05-26T11:50:14.768518+00:00,0,0,0,0,RapidRainPainter,"혼자 대응하면 감정적인 연락, 불완전한 <b>사과</b>, 증거 삭제 같은 실수가 생기기 쉽고, 이때 사건의 방향이 크게 흔들릴 수 있습니다. 지금 필요한 것은 막연한 합의가 아니라, 내 사건에서 무엇을 먼저 정리해야... ","{""title"": ""성범죄합의대행 무리하게 진행하면 위험한 이유"", ""link"": ""https://blog.naver.com/euvimjvnhs33122/224297162863"", ""description"": ""혼자 대응하면 감정적인 연락, 불완전한 <b>사과</b>, 증거 삭제 같은 실수가 생기기 쉽고, 이때 사건의 방향이 크게 흔들릴 수 있습니다. 지금 필요한 것은 막연한 합의가 아니라, 내 사건에서 무엇을 먼저 정리해야... "", ""bloggername"": ""RapidRainPainter"", ""bloggerlink"": ""blog.naver.com/euvimjvnhs33122"", ""postdate"": ""20260526""}",RapidRainPainter,blog.naver.com/euvimjvnhs33122
사과,single_term_fallback,사과,빈야사 요가 수업 전후로 먹으면 좋은 음식 / 빈야사 요가... ,https://blog.naver.com/hanarofit/224297162288,20260526,4. <b>사과</b>나 베리류 과일 몸이 무겁지 않으면서 수분과 당분을 보충해줍니다. 운동 전 입맛 없을 때 먹기 좋은 메뉴예요. 요가 전에 피하면 좋은 음식 ● 기름진 음식 ● 밀가루 위주의 과식 ● 맵고 자극적인 음식... ,,naver_blog,사과,canonical,1.0,2026-05-26T11:50:14.768518+00:00,0,0,0,0,작전동에서 좋은 헬스장을 찾는다면? ↓↓↓,4. <b>사과</b>나 베리류 과일 몸이 무겁지 않으면서 수분과 당분을 보충해줍니다. 운동 전 입맛 없을 때 먹기 좋은 메뉴예요. 요가 전에 피하면 좋은 음식 ● 기름진 음식 ● 밀가루 위주의 과식 ● 맵고 자극적인 음식... ,"{""title"": ""빈야사 요가 수업 전후로 먹으면 좋은 음식 / 빈야사 요가... "", ""link"": ""https://blog.naver.com/hanarofit/224297162288"", ""description"": ""4. <b>사과</b>나 베리류 과일 몸이 무겁지 않으면서 수분과 당분을 보충해줍니다. 운동 전 입맛 없을 때 먹기 좋은 메뉴예요. 요가 전에 피하면 좋은 음식 ● 기름진 음식 ● 밀가루 위주의 과식 ● 맵고 자극적인 음식... "", ""bloggername"": ""작전동에서 좋은 헬스장을 찾는다면? ↓↓↓"", ""bloggerlink"": ""blog.naver.com/hanarofit"", ""postdate"": ""20260526""}",작전동에서 좋은 헬스장을 찾는다면? ↓↓↓,blog.naver.com/hanarofit
사과,single_term_fallback,사과,코딩 기초2,https://blog.naver.com/yujchr6467/224297162210,20260526,"fruit = [&quot;<b>사과</b>&quot;, &quot;바나나&quot;, &quot;포도&quot;] 결과 과일 여러 개 저장 번호가 하나씩 있음 0 = <b>사과</b> 1 = 바나나 2 = 포도 컴퓨터는 대부분 0부터 시작 꺼내기 fruit = [&quot;<b>사과</b>&quot;, &quot;바나나&quot;, &quot;포도&quot;] print... ",,naver_blog,사과,canonical,1.0,2026-05-26T11:50:14.768518+00:00,0,0,0,0,ㆍ,"fruit = [&quot;<b>사과</b>&quot;, &quot;바나나&quot;, &quot;포도&quot;] 결과 과일 여러 개 저장 번호가 하나씩 있음 0 = <b>사과</b> 1 = 바나나 2 = 포도 컴퓨터는 대부분 0부터 시작 꺼내기 fruit = [&quot;<b>사과</b>&quot;, &quot;바나나&quot;, &quot;포도&quot;] print... ","{""title"": ""코딩 기초2"", ""link"": ""https://blog.naver.com/yujchr6467/224297162210"", ""description"": ""fruit = [&quot;<b>사과</b>&quot;, &quot;바나나&quot;, &quot;포도&quot;] 결과 과일 여러 개 저장 번호가 하나씩 있음 0 = <b>사과</b> 1 = 바나나 2 = 포도 컴퓨터는 대부분 0부터 시작 꺼내기 fruit = [&quot;<b>사과</b>&quot;, &quot;바나나&quot;, &quot;포도&quot;] print... "", ""bloggername"": ""ㆍ"", ""bloggerlink"": ""blog.naver.com/yujchr6467"", ""postdate"": ""20260526""}",ㆍ,blog.naver.com/yujchr6467
사과,single_term_fallback,사과,시흥배곧 과일화과자 선물세트｜특별한 날 선물하기 좋아요,https://blog.naver.com/mooo_ju/224297162575,20260526,바나나 <b>사과</b> 감 레몬을 화과자로 귀엽게 만들었어요 토끼의 과일정원 9구 6구 토끼는 복/풍요/행운을 상징하는 동물로 여겨진다고 하는데요! 복토끼가 주는 과일이니만큼 행운이 마구마구 따를 거... ,,naver_blog,사과,canonical,1.0,2026-05-26T11:50:14.768518+00:00,0,0,0,0,시흥 배곧 수제화과자 전문점,바나나 <b>사과</b> 감 레몬을 화과자로 귀엽게 만들었어요 토끼의 과일정원 9구 6구 토끼는 복/풍요/행운을 상징하는 동물로 여겨진다고 하는데요! 복토끼가 주는 과일이니만큼 행운이 마구마구 따를 거... ,"{""title"": ""시흥배곧 과일화과자 선물세트｜특별한 날 선물하기 좋아요"", ""link"": ""https://blog.naver.com/mooo_ju/224297162575"", ""description"": ""바나나 <b>사과</b> 감 레몬을 화과자로 귀엽게 만들었어요 토끼의 과일정원 9구 6구 토끼는 복/풍요/행운을 상징하는 동물로 여겨진다고 하는데요! 복토끼가 주는 과일이니만큼 행운이 마구마구 따를 거... "", ""bloggername"": ""시흥 배곧 수제화과자 전문점"", ""bloggerlink"": ""blog.naver.com/mooo_ju"", ""postdate"": ""20260526""}",시흥 배곧 수제화과자 전문점,blog.naver.com/mooo_ju
사과,single_term_fallback,사과,2025 행정법 12번 ~ 20번,https://blog.naver.com/lomaeve/224297162757,20260526,뒤늦게 <b>사과</b>하며 관련 서류를 채워 넣는다면 법원은 하자의 치유를 인정하지 않음 인정하는 이유와 제한 사유 이미 내려진 행정 처분을 사소한 실수 때문에 무조건 취소하고 처음부터 다시 하도록 만들면... ,,naver_blog,사과,canonical,1.0,2026-05-26T11:50:14.768518+00:00,0,0,0,0,지안이네 ♥,뒤늦게 <b>사과</b>하며 관련 서류를 채워 넣는다면 법원은 하자의 치유를 인정하지 않음 인정하는 이유와 제한 사유 이미 내려진 행정 처분을 사소한 실수 때문에 무조건 취소하고 처음부터 다시 하도록 만들면... ,"{""title"": ""2025 행정법 12번 ~ 20번"", ""link"": ""https://blog.naver.com/lomaeve/224297162757"", ""description"": ""뒤늦게 <b>사과</b>하며 관련 서류를 채워 넣는다면 법원은 하자의 치유를 인정하지 않음 인정하는 이유와 제한 사유 이미 내려진 행정 처분을 사소한 실수 때문에 무조건 취소하고 처음부터 다시 하도록 만들면... "", ""bloggername"": ""지안이네 ♥"", ""bloggerlink"": ""blog.naver.com/lomaeve"", ""postdate"": ""20260526""}",지안이네 ♥,blog.naver.com/lomaeve
사과,single_term_fallback,사과,공복혈당 높은데 땅콩버터 먹어도 될까? 아침 루틴에서 봐야... ,https://blog.naver.com/health_26/224297161901,20260526,"그래서 단독으로 먹기보다는 통곡물빵 반 조각, 삶은 달걀, 그릭요거트, <b>사과</b> 몇 조각처럼 씹을 수 있는 음식과 함께 먹는 편이 좋아요. 제품을 고를 때도 “땅콩버터”라는 이름만 보면 안 돼요. 가능하면... ",,naver_blog,사과,canonical,1.0,2026-05-26T11:50:14.768518+00:00,0,0,0,0,성민의 하루케어,"그래서 단독으로 먹기보다는 통곡물빵 반 조각, 삶은 달걀, 그릭요거트, <b>사과</b> 몇 조각처럼 씹을 수 있는 음식과 함께 먹는 편이 좋아요. 제품을 고를 때도 “땅콩버터”라는 이름만 보면 안 돼요. 가능하면... ","{""title"": ""공복혈당 높은데 땅콩버터 먹어도 될까? 아침 루틴에서 봐야... "", ""link"": ""https://blog.naver.com/health_26/224297161901"", ""description"": ""그래서 단독으로 먹기보다는 통곡물빵 반 조각, 삶은 달걀, 그릭요거트, <b>사과</b> 몇 조각처럼 씹을 수 있는 음식과 함께 먹는 편이 좋아요. 제품을 고를 때도 “땅콩버터”라는 이름만 보면 안 돼요. 가능하면... "", ""bloggername"": ""성민의 하루케어"", ""bloggerlink"": ""blog.naver.com/health_26"", ""postdate"": ""20260526""}",성민의 하루케어,blog.naver.com/health_26
사과,single_term_fallback,사과,과일나라,https://blog.naver.com/kimnongyack_/224297161976,20260526,썩었어) (<b>사과</b>햄이 수상자가 아니라고?ㅋㅋㅋ 얼탱이가없어서) 그 시각 인간 나라에서는 세상에서 가장 맛있는 과일 에이드 수상식이 열렸다 올해의 수상자는 무엇일까요 두구두구두구.... <b>사과</b> 에이드!... ,,naver_blog,사과,canonical,1.0,2026-05-26T11:50:14.768518+00:00,0,0,0,0,순우리말 이름은 '산미치광이'지만 호저라고 불러줘요,썩었어) (<b>사과</b>햄이 수상자가 아니라고?ㅋㅋㅋ 얼탱이가없어서) 그 시각 인간 나라에서는 세상에서 가장 맛있는 과일 에이드 수상식이 열렸다 올해의 수상자는 무엇일까요 두구두구두구.... <b>사과</b> 에이드!... ,"{""title"": ""과일나라"", ""link"": ""https://blog.naver.com/kimnongyack_/224297161976"", ""description"": ""썩었어) (<b>사과</b>햄이 수상자가 아니라고?ㅋㅋㅋ 얼탱이가없어서) 그 시각 인간 나라에서는 세상에서 가장 맛있는 과일 에이드 수상식이 열렸다 올해의 수상자는 무엇일까요 두구두구두구.... <b>사과</b> 에이드!... "", ""bloggername"": ""순우리말 이름은 '산미치광이'지만 호저라고 불러줘요"", ""bloggerlink"": ""blog.naver.com/kimnongyack_"", ""postdate"": ""20260526""}",순우리말 이름은 '산미치광이'지만 호저라고 불러줘요,blog.naver.com/kimnongyack_
사과,single_term_fallback,사과,장성 떡 디저트 카페 후기 '미르당' 참기름 라떼부터 단호박... ,https://blog.naver.com/gudtlrqk/224297161780,20260526,"K-디저트로 한국인 입맛을 저격한 고구마 맛탕/ 호박떡/ <b>사과</b>떡/ 티라컵 디저트가 준비되어 있었어요. 티라컵은 12,000원으로 가격대가 조금 있는 편이지만 막상 시켜서 먹어보니 전혀 돈 아깝지 않을 정도였어요.... ",,naver_blog,사과,canonical,1.0,2026-05-26T11:50:14.768518+00:00,0,0,0,0,리뷰한솜이,"K-디저트로 한국인 입맛을 저격한 고구마 맛탕/ 호박떡/ <b>사과</b>떡/ 티라컵 디저트가 준비되어 있었어요. 티라컵은 12,000원으로 가격대가 조금 있는 편이지만 막상 시켜서 먹어보니 전혀 돈 아깝지 않을 정도였어요.... ","{""title"": ""장성 떡 디저트 카페 후기 '미르당' 참기름 라떼부터 단호박... "", ""link"": ""https://blog.naver.com/gudtlrqk/224297161780"", ""description"": ""K-디저트로 한국인 입맛을 저격한 고구마 맛탕/ 호박떡/ <b>사과</b>떡/ 티라컵 디저트가 준비되어 있었어요. 티라컵은 12,000원으로 가격대가 조금 있는 편이지만 막상 시켜서 먹어보니 전혀 돈 아깝지 않을 정도였어요.... "", ""bloggername"": ""리뷰한솜이"", ""bloggerlink"": ""blog.naver.com/gudtlrqk"", ""postdate"": ""20260526""}",리뷰한솜이,blog.naver.com/gudtlrqk
사과,single_term_fallback,사과,四字成語 총정리 &lt;ㄷ&gt; 130   당주조한~당진소소리,https://blog.naver.com/haessal99/224297162019,20260526,"當職引繼 (마땅 당, 직분 직, 끌 인, 이을 계) taking over the watch 항해당직, 정박당직 및 하역당직 시 당직교대를 위하여 전임 당직사관이 선박의 제반사항을 인계하고 후임 당직사관은 인수받는 행위.... ",,naver_blog,사과,canonical,1.0,2026-05-26T11:50:14.768518+00:00,0,0,0,0,햇살의 물고기학당,"當職引繼 (마땅 당, 직분 직, 끌 인, 이을 계) taking over the watch 항해당직, 정박당직 및 하역당직 시 당직교대를 위하여 전임 당직사관이 선박의 제반사항을 인계하고 후임 당직사관은 인수받는 행위.... ","{""title"": ""四字成語 총정리 &lt;ㄷ&gt; 130   당주조한~당진소소리"", ""link"": ""https://blog.naver.com/haessal99/224297162019"", ""description"": ""當職引繼 (마땅 당, 직분 직, 끌 인, 이을 계) taking over the watch 항해당직, 정박당직 및 하역당직 시 당직교대를 위하여 전임 당직사관이 선박의 제반사항을 인계하고 후임 당직사관은 인수받는 행위.... "", ""bloggername"": ""햇살의 물고기학당"", ""bloggerlink"": ""blog.naver.com/haessal99"", ""postdate"": ""20260526""}",햇살의 물고기학당,blog.naver.com/haessal99
사과,single_term_fallback,사과,다이어트38일차(260526),https://blog.naver.com/hanelnuri/224297160975,20260526,"아침 10시 반 매일까페라떼 점심 12시반 두유 점심 고등어구이, 가지, 흰밥, 어묵탕 15시 매일까페라떼 18시 복숭아캔, 파인애플, <b>사과</b> 19시 유부초밥2조각, 홍합 약간, 파김치",,naver_blog,사과,canonical,1.0,2026-05-26T11:50:14.768518+00:00,0,0,0,0,hanelnuri님의 블로그,"아침 10시 반 매일까페라떼 점심 12시반 두유 점심 고등어구이, 가지, 흰밥, 어묵탕 15시 매일까페라떼 18시 복숭아캔, 파인애플, <b>사과</b> 19시 유부초밥2조각, 홍합 약간, 파김치","{""title"": ""다이어트38일차(260526)"", ""link"": ""https://blog.naver.com/hanelnuri/224297160975"", ""description"": ""아침 10시 반 매일까페라떼 점심 12시반 두유 점심 고등어구이, 가지, 흰밥, 어묵탕 15시 매일까페라떼 18시 복숭아캔, 파인애플, <b>사과</b> 19시 유부초밥2조각, 홍합 약간, 파김치"", ""bloggername"": ""hanelnuri님의 블로그"", ""bloggerlink"": ""blog.naver.com/hanelnuri"", ""postdate"": ""20260526""}",hanelnuri님의 블로그,blog.naver.com/hanelnuri
사과,single_term_fallback,사과,3교대 직장인 다이어트 마운자로 2.5mg 한달 후 5mg 증량 후기... ,https://blog.naver.com/god-dodam/224297160997,20260526,"먹고 스트레칭 후 <b>사과</b> 반쪽, 그릭요거트 한숟가락, 키위 반개 계피가루 뿌려서 먹었어욤 참 ! 5/8 어버이날이라서 부모님 용돈도 준비함 ~ (feat. 언니) 야간 출근이라서 새벽 2시 ~ 3시 사이에 야식... ",,naver_blog,사과,canonical,1.0,2026-05-26T11:50:14.768518+00:00,0,0,0,0,"갓도담의 먹어보던g, 떠나보던g","먹고 스트레칭 후 <b>사과</b> 반쪽, 그릭요거트 한숟가락, 키위 반개 계피가루 뿌려서 먹었어욤 참 ! 5/8 어버이날이라서 부모님 용돈도 준비함 ~ (feat. 언니) 야간 출근이라서 새벽 2시 ~ 3시 사이에 야식... ","{""title"": ""3교대 직장인 다이어트 마운자로 2.5mg 한달 후 5mg 증량 후기... "", ""link"": ""https://blog.naver.com/god-dodam/224297160997"", ""description"": ""먹고 스트레칭 후 <b>사과</b> 반쪽, 그릭요거트 한숟가락, 키위 반개 계피가루 뿌려서 먹었어욤 참 ! 5/8 어버이날이라서 부모님 용돈도 준비함 ~ (feat. 언니) 야간 출근이라서 새벽 2시 ~ 3시 사이에 야식... "", ""bloggername"": ""갓도담의 먹어보던g, 떠나보던g"", ""bloggerlink"": ""blog.naver.com/god-dodam"", ""postdate"": ""20260526""}","갓도담의 먹어보던g, 떠나보던g",blog.naver.com/god-dodam
사과,single_term_fallback,사과,비까지 내리니 덥다..,https://blog.naver.com/yeejuw/224297161038,20260526,아침밥은 구운계란과 <b>사과</b>로 버티고.. 일을 시작하는.. 메일과 이것 저것 확인하고 점심을 먹고.. 행사와 저녁은 갈비로.. 역시나 많이 먹지 않았지만.. 이상하게 배가 ... 냉면小자로 주문하고 먹는.. 양을 한번 더... ,,naver_blog,사과,canonical,1.0,2026-05-26T11:50:14.768518+00:00,0,0,0,0,KEY,아침밥은 구운계란과 <b>사과</b>로 버티고.. 일을 시작하는.. 메일과 이것 저것 확인하고 점심을 먹고.. 행사와 저녁은 갈비로.. 역시나 많이 먹지 않았지만.. 이상하게 배가 ... 냉면小자로 주문하고 먹는.. 양을 한번 더... ,"{""title"": ""비까지 내리니 덥다.."", ""link"": ""https://blog.naver.com/yeejuw/224297161038"", ""description"": ""아침밥은 구운계란과 <b>사과</b>로 버티고.. 일을 시작하는.. 메일과 이것 저것 확인하고 점심을 먹고.. 행사와 저녁은 갈비로.. 역시나 많이 먹지 않았지만.. 이상하게 배가 ... 냉면小자로 주문하고 먹는.. 양을 한번 더... "", ""bloggername"": ""KEY"", ""bloggerlink"": ""blog.naver.com/yeejuw"", ""postdate"": ""20260526""}",KEY,blog.naver.com/yeejuw
사과,single_term_fallback,사과,모자무싸 오정세 인터뷰 종영 소감 박경세 박정민 불륜 논란... ,https://blog.naver.com/health-zip/224297160083,20260526,그리고 자신에게 이혼을 요구하는 아내 고혜진에게 진심 어린 <b>사과</b>를 전하며 홀로서기를 선택하는... 진심으로 <b>사과</b>하고 소통 창작 태도 타인의 칭찬에 쉽게 흔들림 홀로서기를 선택하고 중심을 잡음 이러한... ,,naver_blog,사과,canonical,1.0,2026-05-26T11:50:14.768518+00:00,0,0,0,0,생활 속 건강백과,그리고 자신에게 이혼을 요구하는 아내 고혜진에게 진심 어린 <b>사과</b>를 전하며 홀로서기를 선택하는... 진심으로 <b>사과</b>하고 소통 창작 태도 타인의 칭찬에 쉽게 흔들림 홀로서기를 선택하고 중심을 잡음 이러한... ,"{""title"": ""모자무싸 오정세 인터뷰 종영 소감 박경세 박정민 불륜 논란... "", ""link"": ""https://blog.naver.com/health-zip/224297160083"", ""description"": ""그리고 자신에게 이혼을 요구하는 아내 고혜진에게 진심 어린 <b>사과</b>를 전하며 홀로서기를 선택하는... 진심으로 <b>사과</b>하고 소통 창작 태도 타인의 칭찬에 쉽게 흔들림 홀로서기를 선택하고 중심을 잡음 이러한... "", ""bloggername"": ""생활 속 건강백과"", ""bloggerlink"": ""blog.naver.com/health-zip"", ""postdate"": ""20260526""}",생활 속 건강백과,blog.naver.com/health-zip
사과,single_term_fallback,사과,"“<b>사과</b>로 못 끝내”... 박종철 열사 고모, 스타벅스 논란에... ",https://blog.naver.com/dong_019/224297056999,20260526,"“<b>사과</b>로 못 끝내”... 박종철 열사 고모, 스타벅스 논란에 “엄벌 받아야” 핵심 요약 스타벅스의 '5·18... 회장의 <b>사과</b>에도 불구하고 &quot;엄한 처벌과 진상 조사가 반드시 필요하다&quot;고 강력히 비판했습니다. 주요... ",,naver_blog,사과,canonical,1.0,2026-05-26T11:50:14.768518+00:00,0,0,0,0,세상의 모든 보험,"“<b>사과</b>로 못 끝내”... 박종철 열사 고모, 스타벅스 논란에 “엄벌 받아야” 핵심 요약 스타벅스의 '5·18... 회장의 <b>사과</b>에도 불구하고 &quot;엄한 처벌과 진상 조사가 반드시 필요하다&quot;고 강력히 비판했습니다. 주요... ","{""title"": ""“<b>사과</b>로 못 끝내”... 박종철 열사 고모, 스타벅스 논란에... "", ""link"": ""https://blog.naver.com/dong_019/224297056999"", ""description"": ""“<b>사과</b>로 못 끝내”... 박종철 열사 고모, 스타벅스 논란에 “엄벌 받아야” 핵심 요약 스타벅스의 '5·18... 회장의 <b>사과</b>에도 불구하고 &quot;엄한 처벌과 진상 조사가 반드시 필요하다&quot;고 강력히 비판했습니다. 주요... "", ""bloggername"": ""세상의 모든 보험"", ""bloggerlink"": ""blog.naver.com/dong_019"", ""postdate"": ""20260526""}",세상의 모든 보험,blog.naver.com/dong_019
사과,single_term_fallback,사과,"김수현, 의혹 후 14개월 근황 총정리: 복귀 가능성보다 먼저... ",https://blog.naver.com/worms112/224297159189,20260526,"복귀 변수 영향 작품 성격 대중성과 논란 민감도에 따라 부담이 달라짐 공개 방식 극장, 방송, 온라인 공개에 따라 반응 속도가 다름 소통 방식 침묵, 해명, <b>사과</b>, 인터뷰에 따라 인식이 바뀜 예를 들어 로맨스... ",,naver_blog,사과,canonical,1.0,2026-05-26T11:50:14.768518+00:00,0,0,0,0,땔깜줍는 구루미군,"복귀 변수 영향 작품 성격 대중성과 논란 민감도에 따라 부담이 달라짐 공개 방식 극장, 방송, 온라인 공개에 따라 반응 속도가 다름 소통 방식 침묵, 해명, <b>사과</b>, 인터뷰에 따라 인식이 바뀜 예를 들어 로맨스... ","{""title"": ""김수현, 의혹 후 14개월 근황 총정리: 복귀 가능성보다 먼저... "", ""link"": ""https://blog.naver.com/worms112/224297159189"", ""description"": ""복귀 변수 영향 작품 성격 대중성과 논란 민감도에 따라 부담이 달라짐 공개 방식 극장, 방송, 온라인 공개에 따라 반응 속도가 다름 소통 방식 침묵, 해명, <b>사과</b>, 인터뷰에 따라 인식이 바뀜 예를 들어 로맨스... "", ""bloggername"": ""땔깜줍는 구루미군"", ""bloggerlink"": ""blog.naver.com/worms112"", ""postdate"": ""20260526""}",땔깜줍는 구루미군,blog.naver.com/worms112
사과,single_term_fallback,사과,"31기 영숙 뒷담화, 알고 보니 '이것' 때문?",https://blog.naver.com/moneyhoney_/224296536490,20260526,"MC 데프콘조차 '<b>사과</b>하라'고 직언할 정도였으니, 그 상황이 얼마나 심각했는지 짐작할 수 있습니다. 마치 현실판 일진 놀이를 보는 듯한 불편함이 시청자들을 덮쳤습니다. 영숙, 결국 입 열었다! 허위사실 대응... ",,naver_blog,사과,canonical,1.0,2026-05-26T11:50:14.768518+00:00,0,0,0,0,머니꿀통,"MC 데프콘조차 '<b>사과</b>하라'고 직언할 정도였으니, 그 상황이 얼마나 심각했는지 짐작할 수 있습니다. 마치 현실판 일진 놀이를 보는 듯한 불편함이 시청자들을 덮쳤습니다. 영숙, 결국 입 열었다! 허위사실 대응... ","{""title"": ""31기 영숙 뒷담화, 알고 보니 '이것' 때문?"", ""link"": ""https://blog.naver.com/moneyhoney_/224296536490"", ""description"": ""MC 데프콘조차 '<b>사과</b>하라'고 직언할 정도였으니, 그 상황이 얼마나 심각했는지 짐작할 수 있습니다. 마치 현실판 일진 놀이를 보는 듯한 불편함이 시청자들을 덮쳤습니다. 영숙, 결국 입 열었다! 허위사실 대응... "", ""bloggername"": ""머니꿀통"", ""bloggerlink"": ""blog.naver.com/moneyhoney_"", ""postdate"": ""20260526""}",머니꿀통,blog.naver.com/moneyhoney_
사과,single_term_fallback,사과,전북진안 드라이브 용담댐 근처 카페 삼락 추천,https://blog.naver.com/luv_190901/224297159522,20260526,마침 <b>사과</b> 동결건조를 좋아하는 저희 아들을 위한 동결건조 <b>사과</b>칩이 있더라고요! 그래서 무려 6봉이나 구입했다는 사실 결제는 돈통에 현금을 넣거나 계좌이체로 진행하면 되는 시스템이예요! (그냥... ,,naver_blog,사과,canonical,1.0,2026-05-26T11:50:14.768518+00:00,0,0,0,0,시논부부,마침 <b>사과</b> 동결건조를 좋아하는 저희 아들을 위한 동결건조 <b>사과</b>칩이 있더라고요! 그래서 무려 6봉이나 구입했다는 사실 결제는 돈통에 현금을 넣거나 계좌이체로 진행하면 되는 시스템이예요! (그냥... ,"{""title"": ""전북진안 드라이브 용담댐 근처 카페 삼락 추천"", ""link"": ""https://blog.naver.com/luv_190901/224297159522"", ""description"": ""마침 <b>사과</b> 동결건조를 좋아하는 저희 아들을 위한 동결건조 <b>사과</b>칩이 있더라고요! 그래서 무려 6봉이나 구입했다는 사실 결제는 돈통에 현금을 넣거나 계좌이체로 진행하면 되는 시스템이예요! (그냥... "", ""bloggername"": ""시논부부"", ""bloggerlink"": ""blog.naver.com/luv_190901"", ""postdate"": ""20260526""}",시논부부,blog.naver.com/luv_190901
사과,single_term_fallback,사과,바쁜 아침 새록새록 간단 조리법,https://blog.naver.com/asjvtif325/224294534064,20260526,"예를 들어, 당근과 오이를 얇게 썰어 간단한 샐러드를 만들거나 <b>사과</b>와 바나나를 잘라 요거트에 곁들이면 상큼하고 영양가 높은 한 끼가 됩니다. 특히 제철 과일을 선택하면 맛과 향이 더욱 풍부해져 입맛을... ",,naver_blog,사과,canonical,1.0,2026-05-26T11:50:14.768518+00:00,0,0,0,0,꼬물이네 즐거운 일상,"예를 들어, 당근과 오이를 얇게 썰어 간단한 샐러드를 만들거나 <b>사과</b>와 바나나를 잘라 요거트에 곁들이면 상큼하고 영양가 높은 한 끼가 됩니다. 특히 제철 과일을 선택하면 맛과 향이 더욱 풍부해져 입맛을... ","{""title"": ""바쁜 아침 새록새록 간단 조리법"", ""link"": ""https://blog.naver.com/asjvtif325/224294534064"", ""description"": ""예를 들어, 당근과 오이를 얇게 썰어 간단한 샐러드를 만들거나 <b>사과</b>와 바나나를 잘라 요거트에 곁들이면 상큼하고 영양가 높은 한 끼가 됩니다. 특히 제철 과일을 선택하면 맛과 향이 더욱 풍부해져 입맛을... "", ""bloggername"": ""꼬물이네 즐거운 일상"", ""bloggerlink"": ""blog.naver.com/asjvtif325"", ""postdate"": ""20260526""}",꼬물이네 즐거운 일상,blog.naver.com/asjvtif325
사과,single_term_fallback,사과,"[원주 카페 추천] 힙한 분위기, 꾸덕한 케이크 맛집 | 픽앤롤",https://blog.naver.com/jionnysus/224297159325,20260526,"케이크 종류가 원래 4개밖에 없는지는 모르것네요 얼그레이 <b>사과</b> 8,900원 블랙베리 8,900원 이스파한 9... 처음 먹어본 맛이었는데, 참 맛있었답니다 얼그레이 <b>사과</b> 케이크 요거는 죽전에 얼그레이 케이크 잘하는... ",,naver_blog,사과,canonical,1.0,2026-05-26T11:50:14.768518+00:00,0,0,0,0,Mehcha Kawaii,"케이크 종류가 원래 4개밖에 없는지는 모르것네요 얼그레이 <b>사과</b> 8,900원 블랙베리 8,900원 이스파한 9... 처음 먹어본 맛이었는데, 참 맛있었답니다 얼그레이 <b>사과</b> 케이크 요거는 죽전에 얼그레이 케이크 잘하는... ","{""title"": ""[원주 카페 추천] 힙한 분위기, 꾸덕한 케이크 맛집 | 픽앤롤"", ""link"": ""https://blog.naver.com/jionnysus/224297159325"", ""description"": ""케이크 종류가 원래 4개밖에 없는지는 모르것네요 얼그레이 <b>사과</b> 8,900원 블랙베리 8,900원 이스파한 9... 처음 먹어본 맛이었는데, 참 맛있었답니다 얼그레이 <b>사과</b> 케이크 요거는 죽전에 얼그레이 케이크 잘하는... "", ""bloggername"": ""Mehcha Kawaii"", ""bloggerlink"": ""blog.naver.com/jionnysus"", ""postdate"": ""20260526""}",Mehcha Kawaii,blog.naver.com/jionnysus
