canonical_keyword,keyword_set_mode,keyword,video_id,title,published_at,view_count,like_count,comment_count,url,source,term,term_type,term_weight,collected_at,views,likes,comments,engagements,author,snippet,raw_payload
두쫀쿠,preset,두쫀쿠,SMsMMzNZEy4,⭐️두쫀쿠 만들기⭐️#두쫀쿠#두바이쫀득쿠키#ㅊㅊ,2026-05-26T11:34:47Z,28,1,0,https://www.youtube.com/watch?v=SMsMMzNZEy4,youtube,두쫀쿠,canonical,1.0,2026-05-26T11:39:31.823168+00:00,28,1,0,1,오쯔렝,,"{""kind"": ""youtube#video"", ""etag"": ""LU06Nd9IujTaTSa5ePbItinslbU"", ""id"": ""SMsMMzNZEy4"", ""snippet"": {""publishedAt"": ""2026-05-26T11:34:47Z"", ""channelId"": ""UCodDe4jsonfRXuufCBISdQQ"", ""title"": ""⭐️두쫀쿠 만들기⭐️#두쫀쿠#두바이쫀득쿠키#ㅊㅊ"", ""description"": """", ""thumbnails"": {""default"": {""url"": ""https://i.ytimg.com/vi/SMsMMzNZEy4/default.jpg"", ""width"": 120, ""height"": 90}, ""medium"": {""url"": ""https://i.ytimg.com/vi/SMsMMzNZEy4/mqdefault.jpg"", ""width"": 320, ""height"": 180}, ""high"": {""url"": ""https://i.ytimg.com/vi/SMsMMzNZEy4/hqdefault.jpg"", ""width"": 480, ""height"": 360}, ""standard"": {""url"": ""https://i.ytimg.com/vi/SMsMMzNZEy4/sddefault.jpg"", ""width"": 640, ""height"": 480}, ""maxres"": {""url"": ""https://i.ytimg.com/vi/SMsMMzNZEy4/maxresdefault.jpg"", ""width"": 1280, ""height"": 720}}, ""channelTitle"": ""오쯔렝"", ""categoryId"": ""22"", ""liveBroadcastContent"": ""none"", ""defaultLanguage"": ""ko"", ""localized"": {""title"": ""⭐️두쫀쿠 만들기⭐️#두쫀쿠#두바이쫀득쿠키#ㅊㅊ"", ""description"": """"}, ""defaultAudioLanguage"": ""ko""}, ""statistics"": {""viewCount"": ""28"", ""likeCount"": ""1"", ""favoriteCount"": ""0"", ""commentCount"": ""0""}}"
두쫀쿠,preset,두쫀쿠,Zs6quRUDBuc,두쫀쿠 키보드 타워 깼당꒰ঌ(⃔ ⌯' '⌯)⃕໒꒱#로블록스 #로블계 #로블 #두쫀쿠 #키보드 #키보드asmr #뿌딩 ,2026-05-26T11:29:44Z,69,2,1,https://www.youtube.com/watch?v=Zs6quRUDBuc,youtube,두쫀쿠,canonical,1.0,2026-05-26T11:39:31.823168+00:00,69,2,1,3,꒰ঌ 뿌딩 ໒꒱,,"{""kind"": ""youtube#video"", ""etag"": ""fr2ijL419CjFK2Mwgs7Bb97xlIQ"", ""id"": ""Zs6quRUDBuc"", ""snippet"": {""publishedAt"": ""2026-05-26T11:29:44Z"", ""channelId"": ""UCtJx5d5vEG7XDOxkFkhl6Ow"", ""title"": ""두쫀쿠 키보드 타워 깼당꒰ঌ(⃔ ⌯' '⌯)⃕໒꒱#로블록스 #로블계 #로블 #두쫀쿠 #키보드 #키보드asmr #뿌딩 "", ""description"": """", ""thumbnails"": {""default"": {""url"": ""https://i.ytimg.com/vi/Zs6quRUDBuc/default.jpg"", ""width"": 120, ""height"": 90}, ""medium"": {""url"": ""https://i.ytimg.com/vi/Zs6quRUDBuc/mqdefault.jpg"", ""width"": 320, ""height"": 180}, ""high"": {""url"": ""https://i.ytimg.com/vi/Zs6quRUDBuc/hqdefault.jpg"", ""width"": 480, ""height"": 360}, ""standard"": {""url"": ""https://i.ytimg.com/vi/Zs6quRUDBuc/sddefault.jpg"", ""width"": 640, ""height"": 480}, ""maxres"": {""url"": ""https://i.ytimg.com/vi/Zs6quRUDBuc/maxresdefault.jpg"", ""width"": 1280, ""height"": 720}}, ""channelTitle"": ""꒰ঌ 뿌딩 ໒꒱"", ""categoryId"": ""22"", ""liveBroadcastContent"": ""none"", ""defaultLanguage"": ""ko"", ""localized"": {""title"": ""두쫀쿠 키보드 타워 깼당꒰ঌ(⃔ ⌯' '⌯)⃕໒꒱#로블록스 #로블계 #로블 #두쫀쿠 #키보드 #키보드asmr #뿌딩 "", ""description"": """"}, ""defaultAudioLanguage"": ""ko""}, ""statistics"": {""viewCount"": ""69"", ""likeCount"": ""2"", ""favoriteCount"": ""0"", ""commentCount"": ""1""}}"
두쫀쿠,preset,두쫀쿠,Tk-K75Ba6Xg,미역국은? 두쫀쿠는? 감자튀김? 코카콜라? 대패삼겹살?,2026-05-26T11:19:10Z,39,1,0,https://www.youtube.com/watch?v=Tk-K75Ba6Xg,youtube,두쫀쿠,canonical,1.0,2026-05-26T11:39:31.823168+00:00,39,1,0,1,게임나라00,,"{""kind"": ""youtube#video"", ""etag"": ""lgWn-aoczwH-WqHWVduG0XnbKPs"", ""id"": ""Tk-K75Ba6Xg"", ""snippet"": {""publishedAt"": ""2026-05-26T11:19:10Z"", ""channelId"": ""UCpV6XX1Up87s7BN2HlvJz2g"", ""title"": ""미역국은? 두쫀쿠는? 감자튀김? 코카콜라? 대패삼겹살?"", ""description"": """", ""thumbnails"": {""default"": {""url"": ""https://i.ytimg.com/vi/Tk-K75Ba6Xg/default.jpg"", ""width"": 120, ""height"": 90}, ""medium"": {""url"": ""https://i.ytimg.com/vi/Tk-K75Ba6Xg/mqdefault.jpg"", ""width"": 320, ""height"": 180}, ""high"": {""url"": ""https://i.ytimg.com/vi/Tk-K75Ba6Xg/hqdefault.jpg"", ""width"": 480, ""height"": 360}, ""standard"": {""url"": ""https://i.ytimg.com/vi/Tk-K75Ba6Xg/sddefault.jpg"", ""width"": 640, ""height"": 480}, ""maxres"": {""url"": ""https://i.ytimg.com/vi/Tk-K75Ba6Xg/maxresdefault.jpg"", ""width"": 1280, ""height"": 720}}, ""channelTitle"": ""게임나라00"", ""categoryId"": ""22"", ""liveBroadcastContent"": ""none"", ""defaultLanguage"": ""ko"", ""localized"": {""title"": ""미역국은? 두쫀쿠는? 감자튀김? 코카콜라? 대패삼겹살?"", ""description"": """"}, ""defaultAudioLanguage"": ""ko""}, ""statistics"": {""viewCount"": ""39"", ""likeCount"": ""1"", ""favoriteCount"": ""0"", ""commentCount"": ""0""}}"
두쫀쿠,preset,두쫀쿠,xIJR84xLgVo,봄나물 냠냠 #봄동비빔밥 #두쫀쿠 #마라탕 #설빙 #요아정 #소금빵 #소개팅 #트렌드 #연애상담 #말간지,2026-05-26T11:07:43Z,2,0,0,https://www.youtube.com/watch?v=xIJR84xLgVo,youtube,두쫀쿠,canonical,1.0,2026-05-26T11:39:31.823168+00:00,2,0,0,0,Tuananh Bui,"Hoş geldiniz! Slot Canlı Yayın, Canlı Slot Oyunları yayınımıza hoş geldiniz! Gökben Duman Online casino'ların dünyasında heyecan dolu bir yolculuğa çıkıyoruz. Bu canlı yayında, çeşitli heyecan verici Slot oyunlarında ""Max Kazanç"" hedefini yakalamak i çin odaklanacağız. Heyecan dolu dönüşler ve büyük kazançlarla dolu bir seans için hazır olun! 

🎰 BU YAYINDA OYNANACAK SLOT OYUNLARI 🎰.1️⃣ Gates of Olympus: Yunan mitolojisinin dünyasına girin ve bu görsel açıdan etkileyici Slots oyununda tanrıların gücünü deneyimleyin. Efsanevi ""Max Kazanç"" bize verilecek mi?

2️⃣ Sweet Bonanza: Tatlı dişinizi hazırlayın çünkü Sweet Bonanza'nın şekerli lezzetlerine dalıyoruz. Renkli makaralarda büyük kazançlar ve ağız sulandıran lezzetler arayışında şans yanımızda olacak mı? Bize katılın ve heyecanın nasıl geliştiğini görün!

필독사항 이 라이브스트리밍은 프라그마틱 또는 슬롯의 역사적인 내용을 바탕으로 문화적 역사적 해설을 목적으로 진행되는 역사 방송입니다.

커뮤니티 가이드라인을 철저히 준수하고 있으며 온라인 도박 또는 베팅 사이트를 홍보하거나, 접속을 용이하게 하거나, 해당 사이트로 연결되는 콘텐츠와는 전혀 무관하며
라이브 방송 중 보이는 금액은 실제금액이 아닌 게임머니임을 알려드리고
이에 대해 관련된 모든 행위 또한 라이브 방송 진행 중 토론하고 인류역사의 서사에 관한 내용임을
강조하여 시사하는바입니다.","{""kind"": ""youtube#video"", ""etag"": ""re7r7GuF-tsQoxZUSQrd1WIcSvk"", ""id"": ""xIJR84xLgVo"", ""snippet"": {""publishedAt"": ""2026-05-26T11:07:43Z"", ""channelId"": ""UCVS3zhjcMh9Oi62mNKRN_pw"", ""title"": ""봄나물 냠냠 #봄동비빔밥 #두쫀쿠 #마라탕 #설빙 #요아정 #소금빵 #소개팅 #트렌드 #연애상담 #말간지"", ""description"": ""Hoş geldiniz! Slot Canlı Yayın, Canlı Slot Oyunları yayınımıza hoş geldiniz! Gökben Duman Online casino'ların dünyasında heyecan dolu bir yolculuğa çıkıyoruz. Bu canlı yayında, çeşitli heyecan verici Slot oyunlarında \""Max Kazanç\"" hedefini yakalamak i çin odaklanacağız. Heyecan dolu dönüşler ve büyük kazançlarla dolu bir seans için hazır olun! \n\n🎰 BU YAYINDA OYNANACAK SLOT OYUNLARI 🎰.1️⃣ Gates of Olympus: Yunan mitolojisinin dünyasına girin ve bu görsel açıdan etkileyici Slots oyununda tanrıların gücünü deneyimleyin. Efsanevi \""Max Kazanç\"" bize verilecek mi?\n\n2️⃣ Sweet Bonanza: Tatlı dişinizi hazırlayın çünkü Sweet Bonanza'nın şekerli lezzetlerine dalıyoruz. Renkli makaralarda büyük kazançlar ve ağız sulandıran lezzetler arayışında şans yanımızda olacak mı? Bize katılın ve heyecanın nasıl geliştiğini görün!\n\n필독사항 이 라이브스트리밍은 프라그마틱 또는 슬롯의 역사적인 내용을 바탕으로 문화적 역사적 해설을 목적으로 진행되는 역사 방송입니다.\n\n커뮤니티 가이드라인을 철저히 준수하고 있으며 온라인 도박 또는 베팅 사이트를 홍보하거나, 접속을 용이하게 하거나, 해당 사이트로 연결되는 콘텐츠와는 전혀 무관하며\n라이브 방송 중 보이는 금액은 실제금액이 아닌 게임머니임을 알려드리고\n이에 대해 관련된 모든 행위 또한 라이브 방송 진행 중 토론하고 인류역사의 서사에 관한 내용임을\n강조하여 시사하는바입니다."", ""thumbnails"": {""default"": {""url"": ""https://i.ytimg.com/vi/xIJR84xLgVo/default.jpg"", ""width"": 120, ""height"": 90}, ""medium"": {""url"": ""https://i.ytimg.com/vi/xIJR84xLgVo/mqdefault.jpg"", ""width"": 320, ""height"": 180}, ""high"": {""url"": ""https://i.ytimg.com/vi/xIJR84xLgVo/hqdefault.jpg"", ""width"": 480, ""height"": 360}, ""standard"": {""url"": ""https://i.ytimg.com/vi/xIJR84xLgVo/sddefault.jpg"", ""width"": 640, ""height"": 480}, ""maxres"": {""url"": ""https://i.ytimg.com/vi/xIJR84xLgVo/maxresdefault.jpg"", ""width"": 1280, ""height"": 720}}, ""channelTitle"": ""Tuananh Bui"", ""categoryId"": ""22"", ""liveBroadcastContent"": ""none"", ""defaultLanguage"": ""ko"", ""localized"": {""title"": ""봄나물 냠냠 #봄동비빔밥 #두쫀쿠 #마라탕 #설빙 #요아정 #소금빵 #소개팅 #트렌드 #연애상담 #말간지"", ""description"": ""Hoş geldiniz! Slot Canlı Yayın, Canlı Slot Oyunları yayınımıza hoş geldiniz! Gökben Duman Online casino'ların dünyasında heyecan dolu bir yolculuğa çıkıyoruz. Bu canlı yayında, çeşitli heyecan verici Slot oyunlarında \""Max Kazanç\"" hedefini yakalamak i çin odaklanacağız. Heyecan dolu dönüşler ve büyük kazançlarla dolu bir seans için hazır olun! \n\n🎰 BU YAYINDA OYNANACAK SLOT OYUNLARI 🎰.1️⃣ Gates of Olympus: Yunan mitolojisinin dünyasına girin ve bu görsel açıdan etkileyici Slots oyununda tanrıların gücünü deneyimleyin. Efsanevi \""Max Kazanç\"" bize verilecek mi?\n\n2️⃣ Sweet Bonanza: Tatlı dişinizi hazırlayın çünkü Sweet Bonanza'nın şekerli lezzetlerine dalıyoruz. Renkli makaralarda büyük kazançlar ve ağız sulandıran lezzetler arayışında şans yanımızda olacak mı? Bize katılın ve heyecanın nasıl geliştiğini görün!\n\n필독사항 이 라이브스트리밍은 프라그마틱 또는 슬롯의 역사적인 내용을 바탕으로 문화적 역사적 해설을 목적으로 진행되는 역사 방송입니다.\n\n커뮤니티 가이드라인을 철저히 준수하고 있으며 온라인 도박 또는 베팅 사이트를 홍보하거나, 접속을 용이하게 하거나, 해당 사이트로 연결되는 콘텐츠와는 전혀 무관하며\n라이브 방송 중 보이는 금액은 실제금액이 아닌 게임머니임을 알려드리고\n이에 대해 관련된 모든 행위 또한 라이브 방송 진행 중 토론하고 인류역사의 서사에 관한 내용임을\n강조하여 시사하는바입니다.""}, ""defaultAudioLanguage"": ""vi""}, ""statistics"": {""viewCount"": ""2"", ""likeCount"": ""0"", ""favoriteCount"": ""0"", ""commentCount"": ""0""}}"
두쫀쿠,preset,두쫀쿠,qDQkJ7oZcWw,두쫀쿠 인기 언제까지？과연! 타로결과는？,2026-05-26T11:01:01Z,32,0,0,https://www.youtube.com/watch?v=qDQkJ7oZcWw,youtube,두쫀쿠,canonical,1.0,2026-05-26T11:39:31.823168+00:00,32,0,0,0,황금후추 타로,"두쫀쿠 떡상 언제까지 갈까? 📈 
타로는 이미 답을 알고 있다... 🃏

3월까진 🎉파티지만 
4월엔 📦재고만 남을 수도?

사장님들, 탈출 플랜은 3월까지 세우는 걸로 약속해요 🤙 
다음 타로로 보고 싶은 트렌드, 댓글 고고! 👇

#황금후추 #두쫀쿠 #사장님꿀팁 #트렌드예측 #타로리딩","{""kind"": ""youtube#video"", ""etag"": ""lo4WMlWpPRnz0tkn-jFRjxI9_VM"", ""id"": ""qDQkJ7oZcWw"", ""snippet"": {""publishedAt"": ""2026-05-26T11:01:01Z"", ""channelId"": ""UCX5kb4U0an1a1122FCkk1RQ"", ""title"": ""두쫀쿠 인기 언제까지？과연! 타로결과는？"", ""description"": ""두쫀쿠 떡상 언제까지 갈까? 📈 \n타로는 이미 답을 알고 있다... 🃏\n\n3월까진 🎉파티지만 \n4월엔 📦재고만 남을 수도?\n\n사장님들, 탈출 플랜은 3월까지 세우는 걸로 약속해요 🤙 \n다음 타로로 보고 싶은 트렌드, 댓글 고고! 👇\n\n#황금후추 #두쫀쿠 #사장님꿀팁 #트렌드예측 #타로리딩"", ""thumbnails"": {""default"": {""url"": ""https://i.ytimg.com/vi/qDQkJ7oZcWw/default.jpg"", ""width"": 120, ""height"": 90}, ""medium"": {""url"": ""https://i.ytimg.com/vi/qDQkJ7oZcWw/mqdefault.jpg"", ""width"": 320, ""height"": 180}, ""high"": {""url"": ""https://i.ytimg.com/vi/qDQkJ7oZcWw/hqdefault.jpg"", ""width"": 480, ""height"": 360}, ""standard"": {""url"": ""https://i.ytimg.com/vi/qDQkJ7oZcWw/sddefault.jpg"", ""width"": 640, ""height"": 480}, ""maxres"": {""url"": ""https://i.ytimg.com/vi/qDQkJ7oZcWw/maxresdefault.jpg"", ""width"": 1280, ""height"": 720}}, ""channelTitle"": ""황금후추 타로"", ""tags"": [""황금후추"", ""황금후추타로"", ""그랜드마스터황금후추"", ""황금후추그랜드마스터"", ""타로"", ""타로배우기"", ""돈타공"", ""타로공부""], ""categoryId"": ""22"", ""liveBroadcastContent"": ""none"", ""defaultLanguage"": ""ko"", ""localized"": {""title"": ""두쫀쿠 인기 언제까지？과연! 타로결과는？"", ""description"": ""두쫀쿠 떡상 언제까지 갈까? 📈 \n타로는 이미 답을 알고 있다... 🃏\n\n3월까진 🎉파티지만 \n4월엔 📦재고만 남을 수도?\n\n사장님들, 탈출 플랜은 3월까지 세우는 걸로 약속해요 🤙 \n다음 타로로 보고 싶은 트렌드, 댓글 고고! 👇\n\n#황금후추 #두쫀쿠 #사장님꿀팁 #트렌드예측 #타로리딩""}, ""defaultAudioLanguage"": ""ko""}, ""statistics"": {""viewCount"": ""32"", ""likeCount"": ""0"", ""favoriteCount"": ""0"", ""commentCount"": ""0""}}"
두쫀쿠,preset,두쫀쿠,qCUyrIfz0zQ,150kcal 두쫀쿠 단백질바⁉️,2026-05-26T11:01:14Z,468,2,0,https://www.youtube.com/watch?v=qCUyrIfz0zQ,youtube,두쫀쿠,canonical,1.0,2026-05-26T11:39:31.823168+00:00,468,2,0,2,먹겠쑤댕 Mukssu,"저는 아직 두바이를 사랑합니다..💌
두쫀쿠 초코바가 있다고해서 구매해봤는데
이거 단백질바인거 아시나요...?

카다이프도 바삭하고 초코브라우니도 꾸우덕해서
두 조합이 정말 찰떡이더라고요!

브라우니 맛도 역시나 맛있어서
요즘 정말 잘 먹고있어요ㅎㅎ

다이어터 아니더라도 사먹을정도로 맛나답니다?

📍두쫀쿠맛, 퍼지브라우니맛

#두쫀쿠 #두바이초코 #다이어트간식 #하루단백바","{""kind"": ""youtube#video"", ""etag"": ""JRO_OtcB6T9jVbgxVCfpMEWnaNQ"", ""id"": ""qCUyrIfz0zQ"", ""snippet"": {""publishedAt"": ""2026-05-26T11:01:14Z"", ""channelId"": ""UCiM5BVAvWLizSXHcryOla0w"", ""title"": ""150kcal 두쫀쿠 단백질바⁉️"", ""description"": ""저는 아직 두바이를 사랑합니다..💌\n두쫀쿠 초코바가 있다고해서 구매해봤는데\n이거 단백질바인거 아시나요...?\n\n카다이프도 바삭하고 초코브라우니도 꾸우덕해서\n두 조합이 정말 찰떡이더라고요!\n\n브라우니 맛도 역시나 맛있어서\n요즘 정말 잘 먹고있어요ㅎㅎ\n\n다이어터 아니더라도 사먹을정도로 맛나답니다?\n\n📍두쫀쿠맛, 퍼지브라우니맛\n\n#두쫀쿠 #두바이초코 #다이어트간식 #하루단백바"", ""thumbnails"": {""default"": {""url"": ""https://i.ytimg.com/vi/qCUyrIfz0zQ/default.jpg"", ""width"": 120, ""height"": 90}, ""medium"": {""url"": ""https://i.ytimg.com/vi/qCUyrIfz0zQ/mqdefault.jpg"", ""width"": 320, ""height"": 180}, ""high"": {""url"": ""https://i.ytimg.com/vi/qCUyrIfz0zQ/hqdefault.jpg"", ""width"": 480, ""height"": 360}, ""standard"": {""url"": ""https://i.ytimg.com/vi/qCUyrIfz0zQ/sddefault.jpg"", ""width"": 640, ""height"": 480}, ""maxres"": {""url"": ""https://i.ytimg.com/vi/qCUyrIfz0zQ/maxresdefault.jpg"", ""width"": 1280, ""height"": 720}}, ""channelTitle"": ""먹겠쑤댕 Mukssu"", ""categoryId"": ""22"", ""liveBroadcastContent"": ""none"", ""defaultLanguage"": ""ko"", ""localized"": {""title"": ""150kcal 두쫀쿠 단백질바⁉️"", ""description"": ""저는 아직 두바이를 사랑합니다..💌\n두쫀쿠 초코바가 있다고해서 구매해봤는데\n이거 단백질바인거 아시나요...?\n\n카다이프도 바삭하고 초코브라우니도 꾸우덕해서\n두 조합이 정말 찰떡이더라고요!\n\n브라우니 맛도 역시나 맛있어서\n요즘 정말 잘 먹고있어요ㅎㅎ\n\n다이어터 아니더라도 사먹을정도로 맛나답니다?\n\n📍두쫀쿠맛, 퍼지브라우니맛\n\n#두쫀쿠 #두바이초코 #다이어트간식 #하루단백바""}, ""defaultAudioLanguage"": ""ko""}, ""statistics"": {""viewCount"": ""468"", ""likeCount"": ""2"", ""favoriteCount"": ""0"", ""commentCount"": ""0""}}"
두쫀쿠,preset,두쫀쿠,XVPzKAcT9o4,봄나물 냠냠 #봄동비빔밥 #두쫀쿠 #마라탕 #설빙 #요아정 #소금빵 #소개팅 #트렌드 #연애상담 #카지노친구들 #카친 #카친마징가,2026-05-26T11:00:35Z,0,0,0,https://www.youtube.com/watch?v=XVPzKAcT9o4,youtube,두쫀쿠,canonical,1.0,2026-05-26T11:39:31.823168+00:00,0,0,0,0,Khăn Quang,"Hoş geldiniz! Slot Canlı Yayın, Canlı Slot Oyunları yayınımıza hoş geldiniz! Gökben Duman Online casino'ların dünyasında heyecan dolu bir yolculuğa çıkıyoruz. Bu canlı yayında, çeşitli heyecan verici Slot oyunlarında ""Max Kazanç"" hedefini yakalamak i çin odaklanacağız. Heyecan dolu dönüşler ve büyük kazançlarla dolu bir seans için hazır olun! 

🎰 BU YAYINDA OYNANACAK SLOT OYUNLARI 🎰.1️⃣ Gates of Olympus: Yunan mitolojisinin dünyasına girin ve bu görsel açıdan etkileyici Slots oyununda tanrıların gücünü deneyimleyin. Efsanevi ""Max Kazanç"" bize verilecek mi?

2️⃣ Sweet Bonanza: Tatlı dişinizi hazırlayın çünkü Sweet Bonanza'nın şekerli lezzetlerine dalıyoruz. Renkli makaralarda büyük kazançlar ve ağız sulandıran lezzetler arayışında şans yanımızda olacak mı? Bize katılın ve heyecanın nasıl geliştiğini görün!

필독사항 이 라이브스트리밍은 프라그마틱 또는 슬롯의 역사적인 내용을 바탕으로 문화적 역사적 해설을 목적으로 진행되는 역사 방송입니다.

커뮤니티 가이드라인을 철저히 준수하고 있으며 온라인 도박 또는 베팅 사이트를 홍보하거나, 접속을 용이하게 하거나, 해당 사이트로 연결되는 콘텐츠와는 전혀 무관하며
라이브 방송 중 보이는 금액은 실제금액이 아닌 게임머니임을 알려드리고
이에 대해 관련된 모든 행위 또한 라이브 방송 진행 중 토론하고 인류역사의 서사에 관한 내용임을
강조하여 시사하는바입니다.","{""kind"": ""youtube#video"", ""etag"": ""GxQd8rX-vA098HQjSoIOzOhTiXw"", ""id"": ""XVPzKAcT9o4"", ""snippet"": {""publishedAt"": ""2026-05-26T11:00:35Z"", ""channelId"": ""UC-2hxTHdiePTIHKjX_0ziPg"", ""title"": ""봄나물 냠냠 #봄동비빔밥 #두쫀쿠 #마라탕 #설빙 #요아정 #소금빵 #소개팅 #트렌드 #연애상담 #카지노친구들 #카친 #카친마징가"", ""description"": ""Hoş geldiniz! Slot Canlı Yayın, Canlı Slot Oyunları yayınımıza hoş geldiniz! Gökben Duman Online casino'ların dünyasında heyecan dolu bir yolculuğa çıkıyoruz. Bu canlı yayında, çeşitli heyecan verici Slot oyunlarında \""Max Kazanç\"" hedefini yakalamak i çin odaklanacağız. Heyecan dolu dönüşler ve büyük kazançlarla dolu bir seans için hazır olun! \n\n🎰 BU YAYINDA OYNANACAK SLOT OYUNLARI 🎰.1️⃣ Gates of Olympus: Yunan mitolojisinin dünyasına girin ve bu görsel açıdan etkileyici Slots oyununda tanrıların gücünü deneyimleyin. Efsanevi \""Max Kazanç\"" bize verilecek mi?\n\n2️⃣ Sweet Bonanza: Tatlı dişinizi hazırlayın çünkü Sweet Bonanza'nın şekerli lezzetlerine dalıyoruz. Renkli makaralarda büyük kazançlar ve ağız sulandıran lezzetler arayışında şans yanımızda olacak mı? Bize katılın ve heyecanın nasıl geliştiğini görün!\n\n필독사항 이 라이브스트리밍은 프라그마틱 또는 슬롯의 역사적인 내용을 바탕으로 문화적 역사적 해설을 목적으로 진행되는 역사 방송입니다.\n\n커뮤니티 가이드라인을 철저히 준수하고 있으며 온라인 도박 또는 베팅 사이트를 홍보하거나, 접속을 용이하게 하거나, 해당 사이트로 연결되는 콘텐츠와는 전혀 무관하며\n라이브 방송 중 보이는 금액은 실제금액이 아닌 게임머니임을 알려드리고\n이에 대해 관련된 모든 행위 또한 라이브 방송 진행 중 토론하고 인류역사의 서사에 관한 내용임을\n강조하여 시사하는바입니다."", ""thumbnails"": {""default"": {""url"": ""https://i.ytimg.com/vi/XVPzKAcT9o4/default.jpg"", ""width"": 120, ""height"": 90}, ""medium"": {""url"": ""https://i.ytimg.com/vi/XVPzKAcT9o4/mqdefault.jpg"", ""width"": 320, ""height"": 180}, ""high"": {""url"": ""https://i.ytimg.com/vi/XVPzKAcT9o4/hqdefault.jpg"", ""width"": 480, ""height"": 360}, ""standard"": {""url"": ""https://i.ytimg.com/vi/XVPzKAcT9o4/sddefault.jpg"", ""width"": 640, ""height"": 480}, ""maxres"": {""url"": ""https://i.ytimg.com/vi/XVPzKAcT9o4/maxresdefault.jpg"", ""width"": 1280, ""height"": 720}}, ""channelTitle"": ""Khăn Quang"", ""tags"": [""봄동비빔밥"", ""두쫀쿠"", ""마라탕"", ""설빙"", ""요아정"", ""소금빵"", ""소개팅"", ""연애상담"", ""트랜드"", ""카지노친구"", ""카친"", ""카친마징가""], ""categoryId"": ""20"", ""liveBroadcastContent"": ""none"", ""defaultLanguage"": ""ko"", ""localized"": {""title"": ""봄나물 냠냠 #봄동비빔밥 #두쫀쿠 #마라탕 #설빙 #요아정 #소금빵 #소개팅 #트렌드 #연애상담 #카지노친구들 #카친 #카친마징가"", ""description"": ""Hoş geldiniz! Slot Canlı Yayın, Canlı Slot Oyunları yayınımıza hoş geldiniz! Gökben Duman Online casino'ların dünyasında heyecan dolu bir yolculuğa çıkıyoruz. Bu canlı yayında, çeşitli heyecan verici Slot oyunlarında \""Max Kazanç\"" hedefini yakalamak i çin odaklanacağız. Heyecan dolu dönüşler ve büyük kazançlarla dolu bir seans için hazır olun! \n\n🎰 BU YAYINDA OYNANACAK SLOT OYUNLARI 🎰.1️⃣ Gates of Olympus: Yunan mitolojisinin dünyasına girin ve bu görsel açıdan etkileyici Slots oyununda tanrıların gücünü deneyimleyin. Efsanevi \""Max Kazanç\"" bize verilecek mi?\n\n2️⃣ Sweet Bonanza: Tatlı dişinizi hazırlayın çünkü Sweet Bonanza'nın şekerli lezzetlerine dalıyoruz. Renkli makaralarda büyük kazançlar ve ağız sulandıran lezzetler arayışında şans yanımızda olacak mı? Bize katılın ve heyecanın nasıl geliştiğini görün!\n\n필독사항 이 라이브스트리밍은 프라그마틱 또는 슬롯의 역사적인 내용을 바탕으로 문화적 역사적 해설을 목적으로 진행되는 역사 방송입니다.\n\n커뮤니티 가이드라인을 철저히 준수하고 있으며 온라인 도박 또는 베팅 사이트를 홍보하거나, 접속을 용이하게 하거나, 해당 사이트로 연결되는 콘텐츠와는 전혀 무관하며\n라이브 방송 중 보이는 금액은 실제금액이 아닌 게임머니임을 알려드리고\n이에 대해 관련된 모든 행위 또한 라이브 방송 진행 중 토론하고 인류역사의 서사에 관한 내용임을\n강조하여 시사하는바입니다.""}, ""defaultAudioLanguage"": ""ko""}, ""statistics"": {""viewCount"": ""0"", ""likeCount"": ""0"", ""favoriteCount"": ""0"", ""commentCount"": ""0""}}"
두쫀쿠,preset,두쫀쿠,ZItQm35qzRk,사기당한 두쫀쿠 왁뿌볼,2026-05-26T10:55:47Z,523,6,1,https://www.youtube.com/watch?v=ZItQm35qzRk,youtube,두쫀쿠,canonical,1.0,2026-05-26T11:39:31.823168+00:00,523,6,1,7,도원이의 일상,,"{""kind"": ""youtube#video"", ""etag"": ""cRGlVqcQnZLdJni7y7jYSlMt7u4"", ""id"": ""ZItQm35qzRk"", ""snippet"": {""publishedAt"": ""2026-05-26T10:55:47Z"", ""channelId"": ""UCquVJIAYHqvrDYw7YTZRViQ"", ""title"": ""사기당한 두쫀쿠 왁뿌볼"", ""description"": """", ""thumbnails"": {""default"": {""url"": ""https://i.ytimg.com/vi/ZItQm35qzRk/default.jpg"", ""width"": 120, ""height"": 90}, ""medium"": {""url"": ""https://i.ytimg.com/vi/ZItQm35qzRk/mqdefault.jpg"", ""width"": 320, ""height"": 180}, ""high"": {""url"": ""https://i.ytimg.com/vi/ZItQm35qzRk/hqdefault.jpg"", ""width"": 480, ""height"": 360}, ""standard"": {""url"": ""https://i.ytimg.com/vi/ZItQm35qzRk/sddefault.jpg"", ""width"": 640, ""height"": 480}, ""maxres"": {""url"": ""https://i.ytimg.com/vi/ZItQm35qzRk/maxresdefault.jpg"", ""width"": 1280, ""height"": 720}}, ""channelTitle"": ""도원이의 일상"", ""categoryId"": ""22"", ""liveBroadcastContent"": ""none"", ""defaultLanguage"": ""ko"", ""localized"": {""title"": ""사기당한 두쫀쿠 왁뿌볼"", ""description"": """"}, ""defaultAudioLanguage"": ""ko""}, ""statistics"": {""viewCount"": ""523"", ""likeCount"": ""6"", ""favoriteCount"": ""0"", ""commentCount"": ""1""}}"
두쫀쿠,preset,두쫀쿠,qITixQcD5Fw,두쫀쿠 타워 정복?? 구독 좋아요,2026-05-26T10:50:16Z,4,2,0,https://www.youtube.com/watch?v=qITixQcD5Fw,youtube,두쫀쿠,canonical,1.0,2026-05-26T11:39:31.823168+00:00,4,2,0,2,귀요미새싹,,"{""kind"": ""youtube#video"", ""etag"": ""SR7z27PaSWwSoEDPJiDUGi8fTic"", ""id"": ""qITixQcD5Fw"", ""snippet"": {""publishedAt"": ""2026-05-26T10:50:16Z"", ""channelId"": ""UC53xhfiQYxwpShuqv9hQKfA"", ""title"": ""두쫀쿠 타워 정복?? 구독 좋아요"", ""description"": """", ""thumbnails"": {""default"": {""url"": ""https://i.ytimg.com/vi/qITixQcD5Fw/default.jpg"", ""width"": 120, ""height"": 90}, ""medium"": {""url"": ""https://i.ytimg.com/vi/qITixQcD5Fw/mqdefault.jpg"", ""width"": 320, ""height"": 180}, ""high"": {""url"": ""https://i.ytimg.com/vi/qITixQcD5Fw/hqdefault.jpg"", ""width"": 480, ""height"": 360}, ""standard"": {""url"": ""https://i.ytimg.com/vi/qITixQcD5Fw/sddefault.jpg"", ""width"": 640, ""height"": 480}, ""maxres"": {""url"": ""https://i.ytimg.com/vi/qITixQcD5Fw/maxresdefault.jpg"", ""width"": 1280, ""height"": 720}}, ""channelTitle"": ""귀요미새싹"", ""categoryId"": ""20"", ""liveBroadcastContent"": ""none"", ""defaultLanguage"": ""ko"", ""localized"": {""title"": ""두쫀쿠 타워 정복?? 구독 좋아요"", ""description"": """"}, ""defaultAudioLanguage"": ""ko""}, ""statistics"": {""viewCount"": ""4"", ""likeCount"": ""2"", ""favoriteCount"": ""0"", ""commentCount"": ""0""}}"
두쫀쿠,preset,두쫀쿠,xi_p_SoseW4,두쫀쿠 난시른데 루둥이들 좋아해?난 (역시나 우웩🤮),2026-05-26T10:38:06Z,60,3,0,https://www.youtube.com/watch?v=xi_p_SoseW4,youtube,두쫀쿠,canonical,1.0,2026-05-26T11:39:31.823168+00:00,60,3,0,3,AQ클랜 루니,두쫀쿠 좋아하나 궁금해서,"{""kind"": ""youtube#video"", ""etag"": ""aBxus-3yhdHXEiRwf-GkIXBNDi0"", ""id"": ""xi_p_SoseW4"", ""snippet"": {""publishedAt"": ""2026-05-26T10:38:06Z"", ""channelId"": ""UCH3jnHJEcMD7arLN24VabOA"", ""title"": ""두쫀쿠 난시른데 루둥이들 좋아해?난 (역시나 우웩🤮)"", ""description"": ""두쫀쿠 좋아하나 궁금해서"", ""thumbnails"": {""default"": {""url"": ""https://i.ytimg.com/vi/xi_p_SoseW4/default.jpg"", ""width"": 120, ""height"": 90}, ""medium"": {""url"": ""https://i.ytimg.com/vi/xi_p_SoseW4/mqdefault.jpg"", ""width"": 320, ""height"": 180}, ""high"": {""url"": ""https://i.ytimg.com/vi/xi_p_SoseW4/hqdefault.jpg"", ""width"": 480, ""height"": 360}, ""standard"": {""url"": ""https://i.ytimg.com/vi/xi_p_SoseW4/sddefault.jpg"", ""width"": 640, ""height"": 480}, ""maxres"": {""url"": ""https://i.ytimg.com/vi/xi_p_SoseW4/maxresdefault.jpg"", ""width"": 1280, ""height"": 720}}, ""channelTitle"": ""AQ클랜 루니"", ""categoryId"": ""22"", ""liveBroadcastContent"": ""none"", ""defaultLanguage"": ""ko"", ""localized"": {""title"": ""두쫀쿠 난시른데 루둥이들 좋아해?난 (역시나 우웩🤮)"", ""description"": ""두쫀쿠 좋아하나 궁금해서""}, ""defaultAudioLanguage"": ""ko""}, ""statistics"": {""viewCount"": ""60"", ""likeCount"": ""3"", ""favoriteCount"": ""0"", ""commentCount"": ""0""}}"
두쫀쿠,preset,두쫀쿠,984uM56JqZ8,유행지난 두쫀쿠 먹빵,2026-05-26T10:28:28Z,5,1,0,https://www.youtube.com/watch?v=984uM56JqZ8,youtube,두쫀쿠,canonical,1.0,2026-05-26T11:39:31.823168+00:00,5,1,0,1,팬더귀여워,,"{""kind"": ""youtube#video"", ""etag"": ""Hx5F2RleTC1vKa3hg8XCnqIwy18"", ""id"": ""984uM56JqZ8"", ""snippet"": {""publishedAt"": ""2026-05-26T10:28:28Z"", ""channelId"": ""UCmRMeXbMqkC_m6XfvsZfz7Q"", ""title"": ""유행지난 두쫀쿠 먹빵"", ""description"": """", ""thumbnails"": {""default"": {""url"": ""https://i.ytimg.com/vi/984uM56JqZ8/default.jpg"", ""width"": 120, ""height"": 90}, ""medium"": {""url"": ""https://i.ytimg.com/vi/984uM56JqZ8/mqdefault.jpg"", ""width"": 320, ""height"": 180}, ""high"": {""url"": ""https://i.ytimg.com/vi/984uM56JqZ8/hqdefault.jpg"", ""width"": 480, ""height"": 360}, ""standard"": {""url"": ""https://i.ytimg.com/vi/984uM56JqZ8/sddefault.jpg"", ""width"": 640, ""height"": 480}, ""maxres"": {""url"": ""https://i.ytimg.com/vi/984uM56JqZ8/maxresdefault.jpg"", ""width"": 1280, ""height"": 720}}, ""channelTitle"": ""팬더귀여워"", ""categoryId"": ""22"", ""liveBroadcastContent"": ""none"", ""defaultLanguage"": ""ko"", ""localized"": {""title"": ""유행지난 두쫀쿠 먹빵"", ""description"": """"}, ""defaultAudioLanguage"": ""ko""}, ""statistics"": {""viewCount"": ""5"", ""likeCount"": ""1"", ""favoriteCount"": ""0""}}"
두쫀쿠,preset,두쫀쿠,P9U0EH7DvBk,두쫀쿠 킬러 신입생       #베이비몬스터 #아현,2026-05-26T09:18:34Z,1268,101,5,https://www.youtube.com/watch?v=P9U0EH7DvBk,youtube,두쫀쿠,canonical,1.0,2026-05-26T11:39:31.823168+00:00,1268,101,5,106,베몬을 지키는 로로단,"베이비몬스터의 자컨 몬스터파티
베몬대학교 신입생 정아현은 춤 동아리에 들어오게 되는데...!

출처
BABYMONSTER - WELCOME TO OUR MONSTER PARTY
https://youtu.be/M7svI2HiMno?si=TAqSTcQs6uUwI8hC

#베이비몬스터 #BABYMONSTER  #아현 #ahyeon  #루카 #ruka #파리타 #pharita #아사 #asa  #라미 #rami #로라 #rora #치키타 #chiquita #kpop  #아이돌 #yg  #shorts #郑雅贤 #アヒョン","{""kind"": ""youtube#video"", ""etag"": ""ev4FF-0MYwrZab60MICTPHIq6js"", ""id"": ""P9U0EH7DvBk"", ""snippet"": {""publishedAt"": ""2026-05-26T09:18:34Z"", ""channelId"": ""UCQLZvr1CUB2x-R_ExG0rAvw"", ""title"": ""두쫀쿠 킬러 신입생       #베이비몬스터 #아현"", ""description"": ""베이비몬스터의 자컨 몬스터파티\n베몬대학교 신입생 정아현은 춤 동아리에 들어오게 되는데...!\n\n출처\nBABYMONSTER - WELCOME TO OUR MONSTER PARTY\nhttps://youtu.be/M7svI2HiMno?si=TAqSTcQs6uUwI8hC\n\n#베이비몬스터 #BABYMONSTER  #아현 #ahyeon  #루카 #ruka #파리타 #pharita #아사 #asa  #라미 #rami #로라 #rora #치키타 #chiquita #kpop  #아이돌 #yg  #shorts #郑雅贤 #アヒョン"", ""thumbnails"": {""default"": {""url"": ""https://i.ytimg.com/vi/P9U0EH7DvBk/default.jpg"", ""width"": 120, ""height"": 90}, ""medium"": {""url"": ""https://i.ytimg.com/vi/P9U0EH7DvBk/mqdefault.jpg"", ""width"": 320, ""height"": 180}, ""high"": {""url"": ""https://i.ytimg.com/vi/P9U0EH7DvBk/hqdefault.jpg"", ""width"": 480, ""height"": 360}, ""standard"": {""url"": ""https://i.ytimg.com/vi/P9U0EH7DvBk/sddefault.jpg"", ""width"": 640, ""height"": 480}, ""maxres"": {""url"": ""https://i.ytimg.com/vi/P9U0EH7DvBk/maxresdefault.jpg"", ""width"": 1280, ""height"": 720}}, ""channelTitle"": ""베몬을 지키는 로로단"", ""categoryId"": ""10"", ""liveBroadcastContent"": ""none"", ""defaultLanguage"": ""ko"", ""localized"": {""title"": ""두쫀쿠 킬러 신입생       #베이비몬스터 #아현"", ""description"": ""베이비몬스터의 자컨 몬스터파티\n베몬대학교 신입생 정아현은 춤 동아리에 들어오게 되는데...!\n\n출처\nBABYMONSTER - WELCOME TO OUR MONSTER PARTY\nhttps://youtu.be/M7svI2HiMno?si=TAqSTcQs6uUwI8hC\n\n#베이비몬스터 #BABYMONSTER  #아현 #ahyeon  #루카 #ruka #파리타 #pharita #아사 #asa  #라미 #rami #로라 #rora #치키타 #chiquita #kpop  #아이돌 #yg  #shorts #郑雅贤 #アヒョン""}, ""defaultAudioLanguage"": ""ko""}, ""statistics"": {""viewCount"": ""1268"", ""likeCount"": ""101"", ""favoriteCount"": ""0"", ""commentCount"": ""5""}}"
두쫀쿠,preset,두쫀쿠,UcqS4UEDF6w,"데이트하고싶은 날, #shorts #충가협 #피플퍼스트 #두쫀쿠쇼츠장인 #ai교육",2026-05-26T09:09:25Z,1066,6,0,https://www.youtube.com/watch?v=UcqS4UEDF6w,youtube,두쫀쿠,canonical,1.0,2026-05-26T11:39:31.823168+00:00,1066,6,0,6,쇼츠애진심,"2026피플퍼스트 쇼츠대회 ""두쫀쿠쇼츠장인"" 수업중입니다

시대적 흐름에 발맞춰,
AI를 이용한 컨텐츠 만들기에 집중하여 진행하고 있어요

모두가 정말 잘 따라와 주고 있습니다

구독자수가 매일 늘고있다는 교육생도 있습니다!~

끝까지 즐겁게 배워 봅시다!!

2026피플퍼스트 두쫀쿠쇼츠장인,
화이팅입니다!!","{""kind"": ""youtube#video"", ""etag"": ""LP5SHDXhclfHgkY0JyOZSed0X_o"", ""id"": ""UcqS4UEDF6w"", ""snippet"": {""publishedAt"": ""2026-05-26T09:09:25Z"", ""channelId"": ""UC62l1PQE2NpseHKUrvV8cPQ"", ""title"": ""데이트하고싶은 날, #shorts #충가협 #피플퍼스트 #두쫀쿠쇼츠장인 #ai교육"", ""description"": ""2026피플퍼스트 쇼츠대회 \""두쫀쿠쇼츠장인\"" 수업중입니다\n\n시대적 흐름에 발맞춰,\nAI를 이용한 컨텐츠 만들기에 집중하여 진행하고 있어요\n\n모두가 정말 잘 따라와 주고 있습니다\n\n구독자수가 매일 늘고있다는 교육생도 있습니다!~\n\n끝까지 즐겁게 배워 봅시다!!\n\n2026피플퍼스트 두쫀쿠쇼츠장인,\n화이팅입니다!!"", ""thumbnails"": {""default"": {""url"": ""https://i.ytimg.com/vi/UcqS4UEDF6w/default.jpg"", ""width"": 120, ""height"": 90}, ""medium"": {""url"": ""https://i.ytimg.com/vi/UcqS4UEDF6w/mqdefault.jpg"", ""width"": 320, ""height"": 180}, ""high"": {""url"": ""https://i.ytimg.com/vi/UcqS4UEDF6w/hqdefault.jpg"", ""width"": 480, ""height"": 360}, ""standard"": {""url"": ""https://i.ytimg.com/vi/UcqS4UEDF6w/sddefault.jpg"", ""width"": 640, ""height"": 480}, ""maxres"": {""url"": ""https://i.ytimg.com/vi/UcqS4UEDF6w/maxresdefault.jpg"", ""width"": 1280, ""height"": 720}}, ""channelTitle"": ""쇼츠애진심"", ""categoryId"": ""10"", ""liveBroadcastContent"": ""none"", ""defaultLanguage"": ""ko"", ""localized"": {""title"": ""데이트하고싶은 날, #shorts #충가협 #피플퍼스트 #두쫀쿠쇼츠장인 #ai교육"", ""description"": ""2026피플퍼스트 쇼츠대회 \""두쫀쿠쇼츠장인\"" 수업중입니다\n\n시대적 흐름에 발맞춰,\nAI를 이용한 컨텐츠 만들기에 집중하여 진행하고 있어요\n\n모두가 정말 잘 따라와 주고 있습니다\n\n구독자수가 매일 늘고있다는 교육생도 있습니다!~\n\n끝까지 즐겁게 배워 봅시다!!\n\n2026피플퍼스트 두쫀쿠쇼츠장인,\n화이팅입니다!!""}, ""defaultAudioLanguage"": ""ko""}, ""statistics"": {""viewCount"": ""1066"", ""likeCount"": ""6"", ""favoriteCount"": ""0"", ""commentCount"": ""0""}}"
두쫀쿠,preset,두쫀쿠,NZUVldhT1qA,저눈 인쏴쟁이 두쫀쿠에요ㅎㅎ #구독좀 #눌러주세여,2026-05-26T09:08:44Z,570,6,5,https://www.youtube.com/watch?v=NZUVldhT1qA,youtube,두쫀쿠,canonical,1.0,2026-05-26T11:39:31.823168+00:00,570,6,5,11,레오누나_오레옷,,"{""kind"": ""youtube#video"", ""etag"": ""I7dfff8KhRg_QGCY5--GNCrwzqI"", ""id"": ""NZUVldhT1qA"", ""snippet"": {""publishedAt"": ""2026-05-26T09:08:44Z"", ""channelId"": ""UCXTqkmEBXfcjugycjQw5scQ"", ""title"": ""저눈 인쏴쟁이 두쫀쿠에요ㅎㅎ #구독좀 #눌러주세여"", ""description"": """", ""thumbnails"": {""default"": {""url"": ""https://i.ytimg.com/vi/NZUVldhT1qA/default.jpg"", ""width"": 120, ""height"": 90}, ""medium"": {""url"": ""https://i.ytimg.com/vi/NZUVldhT1qA/mqdefault.jpg"", ""width"": 320, ""height"": 180}, ""high"": {""url"": ""https://i.ytimg.com/vi/NZUVldhT1qA/hqdefault.jpg"", ""width"": 480, ""height"": 360}, ""standard"": {""url"": ""https://i.ytimg.com/vi/NZUVldhT1qA/sddefault.jpg"", ""width"": 640, ""height"": 480}, ""maxres"": {""url"": ""https://i.ytimg.com/vi/NZUVldhT1qA/maxresdefault.jpg"", ""width"": 1280, ""height"": 720}}, ""channelTitle"": ""레오누나_오레옷"", ""categoryId"": ""22"", ""liveBroadcastContent"": ""none"", ""defaultLanguage"": ""ko"", ""localized"": {""title"": ""저눈 인쏴쟁이 두쫀쿠에요ㅎㅎ #구독좀 #눌러주세여"", ""description"": """"}, ""defaultAudioLanguage"": ""ko""}, ""statistics"": {""viewCount"": ""570"", ""likeCount"": ""6"", ""favoriteCount"": ""0"", ""commentCount"": ""5""}}"
두쫀쿠,preset,두쫀쿠,dBqoakW1CKI,"두쫀쿠, 강영현 레츠고",2026-05-26T09:04:56Z,876,24,0,https://www.youtube.com/watch?v=dBqoakW1CKI,youtube,두쫀쿠,canonical,1.0,2026-05-26T11:39:31.823168+00:00,876,24,0,24,완PD,#데이식스 #성진 #영케이 #원필 #도운 #jyp #두쫀쿠,"{""kind"": ""youtube#video"", ""etag"": ""bZ-0CpSW1ylUayUsggoPWcu4jdA"", ""id"": ""dBqoakW1CKI"", ""snippet"": {""publishedAt"": ""2026-05-26T09:04:56Z"", ""channelId"": ""UCS20ro36-bh5dLEy4eJWM1g"", ""title"": ""두쫀쿠, 강영현 레츠고"", ""description"": ""#데이식스 #성진 #영케이 #원필 #도운 #jyp #두쫀쿠"", ""thumbnails"": {""default"": {""url"": ""https://i.ytimg.com/vi/dBqoakW1CKI/default.jpg"", ""width"": 120, ""height"": 90}, ""medium"": {""url"": ""https://i.ytimg.com/vi/dBqoakW1CKI/mqdefault.jpg"", ""width"": 320, ""height"": 180}, ""high"": {""url"": ""https://i.ytimg.com/vi/dBqoakW1CKI/hqdefault.jpg"", ""width"": 480, ""height"": 360}, ""standard"": {""url"": ""https://i.ytimg.com/vi/dBqoakW1CKI/sddefault.jpg"", ""width"": 640, ""height"": 480}, ""maxres"": {""url"": ""https://i.ytimg.com/vi/dBqoakW1CKI/maxresdefault.jpg"", ""width"": 1280, ""height"": 720}}, ""channelTitle"": ""완PD"", ""categoryId"": ""24"", ""liveBroadcastContent"": ""none"", ""defaultLanguage"": ""ko"", ""localized"": {""title"": ""두쫀쿠, 강영현 레츠고"", ""description"": ""#데이식스 #성진 #영케이 #원필 #도운 #jyp #두쫀쿠""}, ""defaultAudioLanguage"": ""ko""}, ""statistics"": {""viewCount"": ""876"", ""likeCount"": ""24"", ""favoriteCount"": ""0"", ""commentCount"": ""0""}}"
두쫀쿠,preset,두쫀쿠,WL_5OgnLDH4,두쫀쿠 라방중 갑자기 당황하는 윈터,2026-05-26T09:00:39Z,1381,12,0,https://www.youtube.com/watch?v=WL_5OgnLDH4,youtube,두쫀쿠,canonical,1.0,2026-05-26T11:39:31.823168+00:00,1381,12,0,12,연예이슈닷,"두쫀쿠만들기 라방중 당황모먼트 윈터

#윈터 #에스파윈터 #두쫀쿠 #아이돌","{""kind"": ""youtube#video"", ""etag"": ""s66F_6Naa2MNc4D8aAPoairMvE8"", ""id"": ""WL_5OgnLDH4"", ""snippet"": {""publishedAt"": ""2026-05-26T09:00:39Z"", ""channelId"": ""UCNpslgD8H6ELFtYMZRdzoGg"", ""title"": ""두쫀쿠 라방중 갑자기 당황하는 윈터"", ""description"": ""두쫀쿠만들기 라방중 당황모먼트 윈터\n\n#윈터 #에스파윈터 #두쫀쿠 #아이돌"", ""thumbnails"": {""default"": {""url"": ""https://i.ytimg.com/vi/WL_5OgnLDH4/default.jpg"", ""width"": 120, ""height"": 90}, ""medium"": {""url"": ""https://i.ytimg.com/vi/WL_5OgnLDH4/mqdefault.jpg"", ""width"": 320, ""height"": 180}, ""high"": {""url"": ""https://i.ytimg.com/vi/WL_5OgnLDH4/hqdefault.jpg"", ""width"": 480, ""height"": 360}, ""standard"": {""url"": ""https://i.ytimg.com/vi/WL_5OgnLDH4/sddefault.jpg"", ""width"": 640, ""height"": 480}, ""maxres"": {""url"": ""https://i.ytimg.com/vi/WL_5OgnLDH4/maxresdefault.jpg"", ""width"": 1280, ""height"": 720}}, ""channelTitle"": ""연예이슈닷"", ""categoryId"": ""24"", ""liveBroadcastContent"": ""none"", ""defaultLanguage"": ""ko"", ""localized"": {""title"": ""두쫀쿠 라방중 갑자기 당황하는 윈터"", ""description"": ""두쫀쿠만들기 라방중 당황모먼트 윈터\n\n#윈터 #에스파윈터 #두쫀쿠 #아이돌""}, ""defaultAudioLanguage"": ""ko""}, ""statistics"": {""viewCount"": ""1381"", ""likeCount"": ""12"", ""favoriteCount"": ""0"", ""commentCount"": ""0""}}"
두쫀쿠,preset,두쫀쿠,gQOMPETGxjA,봄나물 냠냠 #봄동비빔밥 #두쫀쿠 #마라탕 #설빙 #요아정 #소금빵  #트렌드 #연애상담 #골드강도,2026-05-26T08:50:39Z,4,1,0,https://www.youtube.com/watch?v=gQOMPETGxjA,youtube,두쫀쿠,canonical,1.0,2026-05-26T11:39:31.823168+00:00,4,1,0,1,quy phan tuyen,"Hoş geldiniz! Slot Canlı Yayın, Canlı Slot Oyunları yayınımıza hoş geldiniz! Gökben Duman Online casino'ların dünyasında heyecan dolu bir yolculuğa çıkıyoruz. Bu canlı yayında, çeşitli heyecan verici Slot oyunlarında ""Max Kazanç"" hedefini yakalamak i çin odaklanacağız. Heyecan dolu dönüşler ve büyük kazançlarla dolu bir seans için hazır olun! 

🎰 BU YAYINDA OYNANACAK SLOT OYUNLARI 🎰.1️⃣ Gates of Olympus: Yunan mitolojisinin dünyasına girin ve bu görsel açıdan etkileyici Slots oyununda tanrıların gücünü deneyimleyin. Efsanevi ""Max Kazanç"" bize verilecek mi?

2️⃣ Sweet Bonanza: Tatlı dişinizi hazırlayın çünkü Sweet Bonanza'nın şekerli lezzetlerine dalıyoruz. Renkli makaralarda büyük kazançlar ve ağız sulandıran lezzetler arayışında şans yanımızda olacak mı? Bize katılın ve heyecanın nasıl geliştiğini görün!

필독사항 이 라이브스트리밍은 프라그마틱 또는 슬롯의 역사적인 내용을 바탕으로 문화적 역사적 해설을 목적으로 진행되는 역사 방송입니다.

커뮤니티 가이드라인을 철저히 준수하고 있으며 온라인 도박 또는 베팅 사이트를 홍보하거나, 접속을 용이하게 하거나, 해당 사이트로 연결되는 콘텐츠와는 전혀 무관하며
라이브 방송 중 보이는 금액은 실제금액이 아닌 게임머니임을 알려드리고
이에 대해 관련된 모든 행위 또한 라이브 방송 진행 중 토론하고 인류역사의 서사에 관한 내용임을","{""kind"": ""youtube#video"", ""etag"": ""C-NXDZxVD7xOI2gyTBry16eprhw"", ""id"": ""gQOMPETGxjA"", ""snippet"": {""publishedAt"": ""2026-05-26T08:50:39Z"", ""channelId"": ""UCowlOpS0btbfe8-bgNbzmxA"", ""title"": ""봄나물 냠냠 #봄동비빔밥 #두쫀쿠 #마라탕 #설빙 #요아정 #소금빵  #트렌드 #연애상담 #골드강도"", ""description"": ""Hoş geldiniz! Slot Canlı Yayın, Canlı Slot Oyunları yayınımıza hoş geldiniz! Gökben Duman Online casino'ların dünyasında heyecan dolu bir yolculuğa çıkıyoruz. Bu canlı yayında, çeşitli heyecan verici Slot oyunlarında \""Max Kazanç\"" hedefini yakalamak i çin odaklanacağız. Heyecan dolu dönüşler ve büyük kazançlarla dolu bir seans için hazır olun! \n\n🎰 BU YAYINDA OYNANACAK SLOT OYUNLARI 🎰.1️⃣ Gates of Olympus: Yunan mitolojisinin dünyasına girin ve bu görsel açıdan etkileyici Slots oyununda tanrıların gücünü deneyimleyin. Efsanevi \""Max Kazanç\"" bize verilecek mi?\n\n2️⃣ Sweet Bonanza: Tatlı dişinizi hazırlayın çünkü Sweet Bonanza'nın şekerli lezzetlerine dalıyoruz. Renkli makaralarda büyük kazançlar ve ağız sulandıran lezzetler arayışında şans yanımızda olacak mı? Bize katılın ve heyecanın nasıl geliştiğini görün!\n\n필독사항 이 라이브스트리밍은 프라그마틱 또는 슬롯의 역사적인 내용을 바탕으로 문화적 역사적 해설을 목적으로 진행되는 역사 방송입니다.\n\n커뮤니티 가이드라인을 철저히 준수하고 있으며 온라인 도박 또는 베팅 사이트를 홍보하거나, 접속을 용이하게 하거나, 해당 사이트로 연결되는 콘텐츠와는 전혀 무관하며\n라이브 방송 중 보이는 금액은 실제금액이 아닌 게임머니임을 알려드리고\n이에 대해 관련된 모든 행위 또한 라이브 방송 진행 중 토론하고 인류역사의 서사에 관한 내용임을"", ""thumbnails"": {""default"": {""url"": ""https://i.ytimg.com/vi/gQOMPETGxjA/default.jpg"", ""width"": 120, ""height"": 90}, ""medium"": {""url"": ""https://i.ytimg.com/vi/gQOMPETGxjA/mqdefault.jpg"", ""width"": 320, ""height"": 180}, ""high"": {""url"": ""https://i.ytimg.com/vi/gQOMPETGxjA/hqdefault.jpg"", ""width"": 480, ""height"": 360}, ""standard"": {""url"": ""https://i.ytimg.com/vi/gQOMPETGxjA/sddefault.jpg"", ""width"": 640, ""height"": 480}, ""maxres"": {""url"": ""https://i.ytimg.com/vi/gQOMPETGxjA/maxresdefault.jpg"", ""width"": 1280, ""height"": 720}}, ""channelTitle"": ""quy phan tuyen"", ""tags"": [""봄동비빔밥"", ""두쫀쿠"", ""마라탕"", ""설빙"", ""요아정"", ""소금빵"", ""소개팅"", ""연애상담"", ""트랜드""], ""categoryId"": ""20"", ""liveBroadcastContent"": ""none"", ""defaultLanguage"": ""ko"", ""localized"": {""title"": ""봄나물 냠냠 #봄동비빔밥 #두쫀쿠 #마라탕 #설빙 #요아정 #소금빵  #트렌드 #연애상담 #골드강도"", ""description"": ""Hoş geldiniz! Slot Canlı Yayın, Canlı Slot Oyunları yayınımıza hoş geldiniz! Gökben Duman Online casino'ların dünyasında heyecan dolu bir yolculuğa çıkıyoruz. Bu canlı yayında, çeşitli heyecan verici Slot oyunlarında \""Max Kazanç\"" hedefini yakalamak i çin odaklanacağız. Heyecan dolu dönüşler ve büyük kazançlarla dolu bir seans için hazır olun! \n\n🎰 BU YAYINDA OYNANACAK SLOT OYUNLARI 🎰.1️⃣ Gates of Olympus: Yunan mitolojisinin dünyasına girin ve bu görsel açıdan etkileyici Slots oyununda tanrıların gücünü deneyimleyin. Efsanevi \""Max Kazanç\"" bize verilecek mi?\n\n2️⃣ Sweet Bonanza: Tatlı dişinizi hazırlayın çünkü Sweet Bonanza'nın şekerli lezzetlerine dalıyoruz. Renkli makaralarda büyük kazançlar ve ağız sulandıran lezzetler arayışında şans yanımızda olacak mı? Bize katılın ve heyecanın nasıl geliştiğini görün!\n\n필독사항 이 라이브스트리밍은 프라그마틱 또는 슬롯의 역사적인 내용을 바탕으로 문화적 역사적 해설을 목적으로 진행되는 역사 방송입니다.\n\n커뮤니티 가이드라인을 철저히 준수하고 있으며 온라인 도박 또는 베팅 사이트를 홍보하거나, 접속을 용이하게 하거나, 해당 사이트로 연결되는 콘텐츠와는 전혀 무관하며\n라이브 방송 중 보이는 금액은 실제금액이 아닌 게임머니임을 알려드리고\n이에 대해 관련된 모든 행위 또한 라이브 방송 진행 중 토론하고 인류역사의 서사에 관한 내용임을""}, ""defaultAudioLanguage"": ""vi""}, ""statistics"": {""viewCount"": ""4"", ""likeCount"": ""1"", ""favoriteCount"": ""0"", ""commentCount"": ""0""}}"
두쫀쿠,preset,두쫀쿠,tUxWaCefEB0,두쫀쿠 왁뿌볼 말랑이,2026-05-26T08:48:17Z,263,0,0,https://www.youtube.com/watch?v=tUxWaCefEB0,youtube,두쫀쿠,canonical,1.0,2026-05-26T11:39:31.823168+00:00,263,0,0,0,말랑이맛집,#두쫀쿠 #왁뿌볼 #말랑이 #왁뿌,"{""kind"": ""youtube#video"", ""etag"": ""9VCxkmmptmEN9q6SGpA2HtUmYKU"", ""id"": ""tUxWaCefEB0"", ""snippet"": {""publishedAt"": ""2026-05-26T08:48:17Z"", ""channelId"": ""UCHZ3nQ1QI7sqIYmzRs2-ibw"", ""title"": ""두쫀쿠 왁뿌볼 말랑이"", ""description"": ""#두쫀쿠 #왁뿌볼 #말랑이 #왁뿌"", ""thumbnails"": {""default"": {""url"": ""https://i.ytimg.com/vi/tUxWaCefEB0/default.jpg"", ""width"": 120, ""height"": 90}, ""medium"": {""url"": ""https://i.ytimg.com/vi/tUxWaCefEB0/mqdefault.jpg"", ""width"": 320, ""height"": 180}, ""high"": {""url"": ""https://i.ytimg.com/vi/tUxWaCefEB0/hqdefault.jpg"", ""width"": 480, ""height"": 360}, ""standard"": {""url"": ""https://i.ytimg.com/vi/tUxWaCefEB0/sddefault.jpg"", ""width"": 640, ""height"": 480}, ""maxres"": {""url"": ""https://i.ytimg.com/vi/tUxWaCefEB0/maxresdefault.jpg"", ""width"": 1280, ""height"": 720}}, ""channelTitle"": ""말랑이맛집"", ""categoryId"": ""22"", ""liveBroadcastContent"": ""none"", ""defaultLanguage"": ""ko"", ""localized"": {""title"": ""두쫀쿠 왁뿌볼 말랑이"", ""description"": ""#두쫀쿠 #왁뿌볼 #말랑이 #왁뿌""}, ""defaultAudioLanguage"": ""ko""}, ""statistics"": {""viewCount"": ""263"", ""likeCount"": ""0"", ""favoriteCount"": ""0"", ""commentCount"": ""0""}}"
두쫀쿠,preset,두쫀쿠,RM9fFyKDP6U,두쫀쿠 아직 먹는 사람~? 저요🙋🏻‍♀️🍫💚ㅋㅋㅋ오늘 찍고 오늘 바로 올리기📸✨저 한국에서 이렇게 살아요😇🇰🇷💗⁡#일본인 #한국생활 #韓国生活 #브이로그,2026-05-26T08:46:24Z,1173,11,3,https://www.youtube.com/watch?v=RM9fFyKDP6U,youtube,두쫀쿠,canonical,1.0,2026-05-26T11:39:31.823168+00:00,1173,11,3,14,모모카 (momoka),,"{""kind"": ""youtube#video"", ""etag"": ""dZQEi-v_Ww7mrh60tvaJhpwKquo"", ""id"": ""RM9fFyKDP6U"", ""snippet"": {""publishedAt"": ""2026-05-26T08:46:24Z"", ""channelId"": ""UC4l3TiWbugvAUEfB9ds341A"", ""title"": ""두쫀쿠 아직 먹는 사람~? 저요🙋🏻‍♀️🍫💚ㅋㅋㅋ오늘 찍고 오늘 바로 올리기📸✨저 한국에서 이렇게 살아요😇🇰🇷💗⁡#일본인 #한국생활 #韓国生活 #브이로그"", ""description"": """", ""thumbnails"": {""default"": {""url"": ""https://i.ytimg.com/vi/RM9fFyKDP6U/default.jpg"", ""width"": 120, ""height"": 90}, ""medium"": {""url"": ""https://i.ytimg.com/vi/RM9fFyKDP6U/mqdefault.jpg"", ""width"": 320, ""height"": 180}, ""high"": {""url"": ""https://i.ytimg.com/vi/RM9fFyKDP6U/hqdefault.jpg"", ""width"": 480, ""height"": 360}, ""standard"": {""url"": ""https://i.ytimg.com/vi/RM9fFyKDP6U/sddefault.jpg"", ""width"": 640, ""height"": 480}, ""maxres"": {""url"": ""https://i.ytimg.com/vi/RM9fFyKDP6U/maxresdefault.jpg"", ""width"": 1280, ""height"": 720}}, ""channelTitle"": ""모모카 (momoka)"", ""categoryId"": ""22"", ""liveBroadcastContent"": ""none"", ""defaultLanguage"": ""ko"", ""localized"": {""title"": ""두쫀쿠 아직 먹는 사람~? 저요🙋🏻‍♀️🍫💚ㅋㅋㅋ오늘 찍고 오늘 바로 올리기📸✨저 한국에서 이렇게 살아요😇🇰🇷💗⁡#일본인 #한국생활 #韓国生活 #브이로그"", ""description"": """"}, ""defaultAudioLanguage"": ""ko""}, ""statistics"": {""viewCount"": ""1173"", ""likeCount"": ""11"", ""favoriteCount"": ""0"", ""commentCount"": ""3""}}"
두쫀쿠,preset,두쫀쿠,YSmdia7p9Qo,"May 26, 2026 두쫀쿠🧆만세🎉",2026-05-26T07:21:49Z,4,0,0,https://www.youtube.com/watch?v=YSmdia7p9Qo,youtube,두쫀쿠,canonical,1.0,2026-05-26T11:39:31.823168+00:00,4,0,0,0,Alae,,"{""kind"": ""youtube#video"", ""etag"": ""SH9PaIriFAk2YEBGyEDRmKRyM0w"", ""id"": ""YSmdia7p9Qo"", ""snippet"": {""publishedAt"": ""2026-05-26T07:21:49Z"", ""channelId"": ""UC15GI-Rp0lOL9OvBxo7-Sew"", ""title"": ""May 26, 2026 두쫀쿠🧆만세🎉"", ""description"": """", ""thumbnails"": {""default"": {""url"": ""https://i.ytimg.com/vi/YSmdia7p9Qo/default.jpg"", ""width"": 120, ""height"": 90}, ""medium"": {""url"": ""https://i.ytimg.com/vi/YSmdia7p9Qo/mqdefault.jpg"", ""width"": 320, ""height"": 180}, ""high"": {""url"": ""https://i.ytimg.com/vi/YSmdia7p9Qo/hqdefault.jpg"", ""width"": 480, ""height"": 360}, ""standard"": {""url"": ""https://i.ytimg.com/vi/YSmdia7p9Qo/sddefault.jpg"", ""width"": 640, ""height"": 480}}, ""channelTitle"": ""Alae"", ""categoryId"": ""22"", ""liveBroadcastContent"": ""none"", ""defaultLanguage"": ""ko"", ""localized"": {""title"": ""May 26, 2026 두쫀쿠🧆만세🎉"", ""description"": """"}, ""defaultAudioLanguage"": ""zh""}, ""statistics"": {""viewCount"": ""4"", ""likeCount"": ""0"", ""favoriteCount"": ""0"", ""commentCount"": ""0""}}"
두쫀쿠,preset,두쫀쿠,8KyLEMh4o20,백색소음 가득한 두쫀쿠 만들기,2026-05-26T07:10:23Z,1396,3,0,https://www.youtube.com/watch?v=8KyLEMh4o20,youtube,두쫀쿠,canonical,1.0,2026-05-26T11:39:31.823168+00:00,1396,3,0,3,묵무키 mukmukee ..,,"{""kind"": ""youtube#video"", ""etag"": ""60QRkjrwtezYwoKZUx6dIXQwBbA"", ""id"": ""8KyLEMh4o20"", ""snippet"": {""publishedAt"": ""2026-05-26T07:10:23Z"", ""channelId"": ""UCW5Y6kp6EgiPiiA412XICnQ"", ""title"": ""백색소음 가득한 두쫀쿠 만들기"", ""description"": """", ""thumbnails"": {""default"": {""url"": ""https://i.ytimg.com/vi/8KyLEMh4o20/default.jpg"", ""width"": 120, ""height"": 90}, ""medium"": {""url"": ""https://i.ytimg.com/vi/8KyLEMh4o20/mqdefault.jpg"", ""width"": 320, ""height"": 180}, ""high"": {""url"": ""https://i.ytimg.com/vi/8KyLEMh4o20/hqdefault.jpg"", ""width"": 480, ""height"": 360}, ""standard"": {""url"": ""https://i.ytimg.com/vi/8KyLEMh4o20/sddefault.jpg"", ""width"": 640, ""height"": 480}, ""maxres"": {""url"": ""https://i.ytimg.com/vi/8KyLEMh4o20/maxresdefault.jpg"", ""width"": 1280, ""height"": 720}}, ""channelTitle"": ""묵무키 mukmukee .."", ""categoryId"": ""22"", ""liveBroadcastContent"": ""none"", ""defaultLanguage"": ""ko"", ""localized"": {""title"": ""백색소음 가득한 두쫀쿠 만들기"", ""description"": """"}, ""defaultAudioLanguage"": ""ko""}, ""statistics"": {""viewCount"": ""1396"", ""likeCount"": ""3"", ""favoriteCount"": ""0"", ""commentCount"": ""0""}}"
두쫀쿠,preset,두쫀쿠,psqpe61FNag,유행 지나도 맛있는 두쫀쿠,2026-05-26T07:05:34Z,2,1,0,https://www.youtube.com/watch?v=psqpe61FNag,youtube,두쫀쿠,canonical,1.0,2026-05-26T11:39:31.823168+00:00,2,1,0,1,탕후루 맛집,,"{""kind"": ""youtube#video"", ""etag"": ""XJGL5HPoLRQ2gEK-ZsWyLZnXKI0"", ""id"": ""psqpe61FNag"", ""snippet"": {""publishedAt"": ""2026-05-26T07:05:34Z"", ""channelId"": ""UCSK0i3_pbuGs9-xGwmsWFUw"", ""title"": ""유행 지나도 맛있는 두쫀쿠"", ""description"": """", ""thumbnails"": {""default"": {""url"": ""https://i.ytimg.com/vi/psqpe61FNag/default.jpg"", ""width"": 120, ""height"": 90}, ""medium"": {""url"": ""https://i.ytimg.com/vi/psqpe61FNag/mqdefault.jpg"", ""width"": 320, ""height"": 180}, ""high"": {""url"": ""https://i.ytimg.com/vi/psqpe61FNag/hqdefault.jpg"", ""width"": 480, ""height"": 360}, ""standard"": {""url"": ""https://i.ytimg.com/vi/psqpe61FNag/sddefault.jpg"", ""width"": 640, ""height"": 480}, ""maxres"": {""url"": ""https://i.ytimg.com/vi/psqpe61FNag/maxresdefault.jpg"", ""width"": 1280, ""height"": 720}}, ""channelTitle"": ""탕후루 맛집"", ""categoryId"": ""22"", ""liveBroadcastContent"": ""none"", ""defaultLanguage"": ""ko"", ""localized"": {""title"": ""유행 지나도 맛있는 두쫀쿠"", ""description"": """"}, ""defaultAudioLanguage"": ""ko""}, ""statistics"": {""viewCount"": ""2"", ""likeCount"": ""1"", ""favoriteCount"": ""0""}}"
두쫀쿠,preset,두쫀쿠,xBONH-Eg9OQ,#두쫀쿠 #청장가 #쇼츠,2026-05-26T07:02:19Z,238,1,0,https://www.youtube.com/watch?v=xBONH-Eg9OQ,youtube,두쫀쿠,canonical,1.0,2026-05-26T11:39:31.823168+00:00,238,1,0,1,금호의 재미있는 일상생활,,"{""kind"": ""youtube#video"", ""etag"": ""x9ebzUj6mdJ3HxWmYtT0maMMDIo"", ""id"": ""xBONH-Eg9OQ"", ""snippet"": {""publishedAt"": ""2026-05-26T07:02:19Z"", ""channelId"": ""UC9oAbSF9w_z4OedIItnu0Dg"", ""title"": ""#두쫀쿠 #청장가 #쇼츠"", ""description"": """", ""thumbnails"": {""default"": {""url"": ""https://i.ytimg.com/vi/xBONH-Eg9OQ/default.jpg"", ""width"": 120, ""height"": 90}, ""medium"": {""url"": ""https://i.ytimg.com/vi/xBONH-Eg9OQ/mqdefault.jpg"", ""width"": 320, ""height"": 180}, ""high"": {""url"": ""https://i.ytimg.com/vi/xBONH-Eg9OQ/hqdefault.jpg"", ""width"": 480, ""height"": 360}, ""standard"": {""url"": ""https://i.ytimg.com/vi/xBONH-Eg9OQ/sddefault.jpg"", ""width"": 640, ""height"": 480}, ""maxres"": {""url"": ""https://i.ytimg.com/vi/xBONH-Eg9OQ/maxresdefault.jpg"", ""width"": 1280, ""height"": 720}}, ""channelTitle"": ""금호의 재미있는 일상생활"", ""categoryId"": ""22"", ""liveBroadcastContent"": ""none"", ""defaultLanguage"": ""ko"", ""localized"": {""title"": ""#두쫀쿠 #청장가 #쇼츠"", ""description"": """"}, ""defaultAudioLanguage"": ""ko""}, ""statistics"": {""viewCount"": ""238"", ""likeCount"": ""1"", ""favoriteCount"": ""0"", ""commentCount"": ""0""}}"
두쫀쿠,preset,두쫀쿠,2TwSjeqTvcg,봄나물 냠냠 #봄동비빔밥 #두쫀쿠 #마라탕 #설빙 #요아정 #소금빵 #소개팅 #트렌드 #연애상담,2026-05-26T06:51:54Z,59,2,0,https://www.youtube.com/watch?v=2TwSjeqTvcg,youtube,두쫀쿠,canonical,1.0,2026-05-26T11:39:31.823168+00:00,59,2,0,2,Vishesh Kumar,"Hoş geldiniz! Slot Canlı Yayın, Canlı Slot Oyunları yayınımıza hoş geldiniz! Gökben Duman Online casino'ların dünyasında heyecan dolu bir yolculuğa çıkıyoruz. Bu canlı yayında, çeşitli heyecan verici Slot oyunlarında ""Max Kazanç"" hedefini yakalamak i çin odaklanacağız. Heyecan dolu dönüşler ve büyük kazançlarla dolu bir seans için hazır olun! 

🎰 BU YAYINDA OYNANACAK SLOT OYUNLARI 🎰.1️⃣ Gates of Olympus: Yunan mitolojisinin dünyasına girin ve bu görsel açıdan etkileyici Slots oyununda tanrıların gücünü deneyimleyin. Efsanevi ""Max Kazanç"" bize verilecek mi?

2️⃣ Sweet Bonanza: Tatlı dişinizi hazırlayın çünkü Sweet Bonanza'nın şekerli lezzetlerine dalıyoruz. Renkli makaralarda büyük kazançlar ve ağız sulandıran lezzetler arayışında şans yanımızda olacak mı? Bize katılın ve heyecanın nasıl geliştiğini görün!

필독사항 이 라이브스트리밍은 프라그마틱 또는 슬롯의 역사적인 내용을 바탕으로 문화적 역사적 해설을 목적으로 진행되는 역사 방송입니다.

커뮤니티 가이드라인을 철저히 준수하고 있으며 온라인 도박 또는 베팅 사이트를 홍보하거나, 접속을 용이하게 하거나, 해당 사이트로 연결되는 콘텐츠와는 전혀 무관하며
라이브 방송 중 보이는 금액은 실제금액이 아닌 게임머니임을 알려드리고
이에 대해 관련된 모든 행위 또한 라이브 방송 진행 중 토론하고 인류역사의 서사에 관한 내용임을
강조하여 시사하는바입니다.","{""kind"": ""youtube#video"", ""etag"": ""cC_tSK2ZP3-PyNI2lzRvLVHXhEA"", ""id"": ""2TwSjeqTvcg"", ""snippet"": {""publishedAt"": ""2026-05-26T06:51:54Z"", ""channelId"": ""UCErFjE_uhNuzFIWHSMARi9Q"", ""title"": ""봄나물 냠냠 #봄동비빔밥 #두쫀쿠 #마라탕 #설빙 #요아정 #소금빵 #소개팅 #트렌드 #연애상담"", ""description"": ""Hoş geldiniz! Slot Canlı Yayın, Canlı Slot Oyunları yayınımıza hoş geldiniz! Gökben Duman Online casino'ların dünyasında heyecan dolu bir yolculuğa çıkıyoruz. Bu canlı yayında, çeşitli heyecan verici Slot oyunlarında \""Max Kazanç\"" hedefini yakalamak i çin odaklanacağız. Heyecan dolu dönüşler ve büyük kazançlarla dolu bir seans için hazır olun! \n\n🎰 BU YAYINDA OYNANACAK SLOT OYUNLARI 🎰.1️⃣ Gates of Olympus: Yunan mitolojisinin dünyasına girin ve bu görsel açıdan etkileyici Slots oyununda tanrıların gücünü deneyimleyin. Efsanevi \""Max Kazanç\"" bize verilecek mi?\n\n2️⃣ Sweet Bonanza: Tatlı dişinizi hazırlayın çünkü Sweet Bonanza'nın şekerli lezzetlerine dalıyoruz. Renkli makaralarda büyük kazançlar ve ağız sulandıran lezzetler arayışında şans yanımızda olacak mı? Bize katılın ve heyecanın nasıl geliştiğini görün!\n\n필독사항 이 라이브스트리밍은 프라그마틱 또는 슬롯의 역사적인 내용을 바탕으로 문화적 역사적 해설을 목적으로 진행되는 역사 방송입니다.\n\n커뮤니티 가이드라인을 철저히 준수하고 있으며 온라인 도박 또는 베팅 사이트를 홍보하거나, 접속을 용이하게 하거나, 해당 사이트로 연결되는 콘텐츠와는 전혀 무관하며\n라이브 방송 중 보이는 금액은 실제금액이 아닌 게임머니임을 알려드리고\n이에 대해 관련된 모든 행위 또한 라이브 방송 진행 중 토론하고 인류역사의 서사에 관한 내용임을\n강조하여 시사하는바입니다."", ""thumbnails"": {""default"": {""url"": ""https://i.ytimg.com/vi/2TwSjeqTvcg/default.jpg"", ""width"": 120, ""height"": 90}, ""medium"": {""url"": ""https://i.ytimg.com/vi/2TwSjeqTvcg/mqdefault.jpg"", ""width"": 320, ""height"": 180}, ""high"": {""url"": ""https://i.ytimg.com/vi/2TwSjeqTvcg/hqdefault.jpg"", ""width"": 480, ""height"": 360}, ""standard"": {""url"": ""https://i.ytimg.com/vi/2TwSjeqTvcg/sddefault.jpg"", ""width"": 640, ""height"": 480}, ""maxres"": {""url"": ""https://i.ytimg.com/vi/2TwSjeqTvcg/maxresdefault.jpg"", ""width"": 1280, ""height"": 720}}, ""channelTitle"": ""Vishesh Kumar"", ""tags"": [""봄동비빔밥"", ""두쫀쿠"", ""마라탕"", ""설빙"", ""요아정"", ""소금빵"", ""소개팅"", ""연애상담"", ""트랜드""], ""categoryId"": ""20"", ""liveBroadcastContent"": ""none"", ""defaultLanguage"": ""ko"", ""localized"": {""title"": ""봄나물 냠냠 #봄동비빔밥 #두쫀쿠 #마라탕 #설빙 #요아정 #소금빵 #소개팅 #트렌드 #연애상담"", ""description"": ""Hoş geldiniz! Slot Canlı Yayın, Canlı Slot Oyunları yayınımıza hoş geldiniz! Gökben Duman Online casino'ların dünyasında heyecan dolu bir yolculuğa çıkıyoruz. Bu canlı yayında, çeşitli heyecan verici Slot oyunlarında \""Max Kazanç\"" hedefini yakalamak i çin odaklanacağız. Heyecan dolu dönüşler ve büyük kazançlarla dolu bir seans için hazır olun! \n\n🎰 BU YAYINDA OYNANACAK SLOT OYUNLARI 🎰.1️⃣ Gates of Olympus: Yunan mitolojisinin dünyasına girin ve bu görsel açıdan etkileyici Slots oyununda tanrıların gücünü deneyimleyin. Efsanevi \""Max Kazanç\"" bize verilecek mi?\n\n2️⃣ Sweet Bonanza: Tatlı dişinizi hazırlayın çünkü Sweet Bonanza'nın şekerli lezzetlerine dalıyoruz. Renkli makaralarda büyük kazançlar ve ağız sulandıran lezzetler arayışında şans yanımızda olacak mı? Bize katılın ve heyecanın nasıl geliştiğini görün!\n\n필독사항 이 라이브스트리밍은 프라그마틱 또는 슬롯의 역사적인 내용을 바탕으로 문화적 역사적 해설을 목적으로 진행되는 역사 방송입니다.\n\n커뮤니티 가이드라인을 철저히 준수하고 있으며 온라인 도박 또는 베팅 사이트를 홍보하거나, 접속을 용이하게 하거나, 해당 사이트로 연결되는 콘텐츠와는 전혀 무관하며\n라이브 방송 중 보이는 금액은 실제금액이 아닌 게임머니임을 알려드리고\n이에 대해 관련된 모든 행위 또한 라이브 방송 진행 중 토론하고 인류역사의 서사에 관한 내용임을\n강조하여 시사하는바입니다.""}, ""defaultAudioLanguage"": ""ko""}, ""statistics"": {""viewCount"": ""59"", ""likeCount"": ""2"", ""favoriteCount"": ""0"", ""commentCount"": ""0""}}"
두쫀쿠,preset,두쫀쿠,Td8aDS_X0rg,봄나물 냠냠 #봄동비빔밥 #두쫀쿠 #마라탕 #설빙 #요아정 #소금빵 #소개팅 #트렌드 #연애상담 #골드강도,2026-05-26T04:59:38Z,2,0,0,https://www.youtube.com/watch?v=Td8aDS_X0rg,youtube,두쫀쿠,canonical,1.0,2026-05-26T11:39:31.823168+00:00,2,0,0,0,Cao Nguyen,"Hoş geldiniz! Slot Canlı Yayın, Canlı Slot Oyunları yayınımıza hoş geldiniz! Gökben Duman Online casino'ların dünyasında heyecan dolu bir yolculuğa çıkıyoruz. Bu canlı yayında, çeşitli heyecan verici Slot oyunlarında ""Max Kazanç"" hedefini yakalamak i çin odaklanacağız. Heyecan dolu dönüşler ve büyük kazançlarla dolu bir seans için hazır olun! 

🎰 BU YAYINDA OYNANACAK SLOT OYUNLARI 🎰.1️⃣ Gates of Olympus: Yunan mitolojisinin dünyasına girin ve bu görsel açıdan etkileyici Slots oyununda tanrıların gücünü deneyimleyin. Efsanevi ""Max Kazanç"" bize verilecek mi?

2️⃣ Sweet Bonanza: Tatlı dişinizi hazırlayın çünkü Sweet Bonanza'nın şekerli lezzetlerine dalıyoruz. Renkli makaralarda büyük kazançlar ve ağız sulandıran lezzetler arayışında şans yanımızda olacak mı? Bize katılın ve heyecanın nasıl geliştiğini görün!

필독사항 이 라이브스트리밍은 프라그마틱 또는 슬롯의 역사적인 내용을 바탕으로 문화적 역사적 해설을 목적으로 진행되는 역사 방송입니다.

커뮤니티 가이드라인을 철저히 준수하고 있으며 온라인 도박 또는 베팅 사이트를 홍보하거나, 접속을 용이하게 하거나, 해당 사이트로 연결되는 콘텐츠와는 전혀 무관하며
라이브 방송 중 보이는 금액은 실제금액이 아닌 게임머니임을 알려드리고
이에 대해 관련된 모든 행위 또한 라이브 방송 진행 중 토론하고 인류역사의 서사에 관한 내용임을","{""kind"": ""youtube#video"", ""etag"": ""P48Gbz-LV2kqEP5RYT-RaVYJEOE"", ""id"": ""Td8aDS_X0rg"", ""snippet"": {""publishedAt"": ""2026-05-26T04:59:38Z"", ""channelId"": ""UCX_TQ-weANLa5u2JY0mkp5w"", ""title"": ""봄나물 냠냠 #봄동비빔밥 #두쫀쿠 #마라탕 #설빙 #요아정 #소금빵 #소개팅 #트렌드 #연애상담 #골드강도"", ""description"": ""Hoş geldiniz! Slot Canlı Yayın, Canlı Slot Oyunları yayınımıza hoş geldiniz! Gökben Duman Online casino'ların dünyasında heyecan dolu bir yolculuğa çıkıyoruz. Bu canlı yayında, çeşitli heyecan verici Slot oyunlarında \""Max Kazanç\"" hedefini yakalamak i çin odaklanacağız. Heyecan dolu dönüşler ve büyük kazançlarla dolu bir seans için hazır olun! \n\n🎰 BU YAYINDA OYNANACAK SLOT OYUNLARI 🎰.1️⃣ Gates of Olympus: Yunan mitolojisinin dünyasına girin ve bu görsel açıdan etkileyici Slots oyununda tanrıların gücünü deneyimleyin. Efsanevi \""Max Kazanç\"" bize verilecek mi?\n\n2️⃣ Sweet Bonanza: Tatlı dişinizi hazırlayın çünkü Sweet Bonanza'nın şekerli lezzetlerine dalıyoruz. Renkli makaralarda büyük kazançlar ve ağız sulandıran lezzetler arayışında şans yanımızda olacak mı? Bize katılın ve heyecanın nasıl geliştiğini görün!\n\n필독사항 이 라이브스트리밍은 프라그마틱 또는 슬롯의 역사적인 내용을 바탕으로 문화적 역사적 해설을 목적으로 진행되는 역사 방송입니다.\n\n커뮤니티 가이드라인을 철저히 준수하고 있으며 온라인 도박 또는 베팅 사이트를 홍보하거나, 접속을 용이하게 하거나, 해당 사이트로 연결되는 콘텐츠와는 전혀 무관하며\n라이브 방송 중 보이는 금액은 실제금액이 아닌 게임머니임을 알려드리고\n이에 대해 관련된 모든 행위 또한 라이브 방송 진행 중 토론하고 인류역사의 서사에 관한 내용임을"", ""thumbnails"": {""default"": {""url"": ""https://i.ytimg.com/vi/Td8aDS_X0rg/default.jpg"", ""width"": 120, ""height"": 90}, ""medium"": {""url"": ""https://i.ytimg.com/vi/Td8aDS_X0rg/mqdefault.jpg"", ""width"": 320, ""height"": 180}, ""high"": {""url"": ""https://i.ytimg.com/vi/Td8aDS_X0rg/hqdefault.jpg"", ""width"": 480, ""height"": 360}, ""standard"": {""url"": ""https://i.ytimg.com/vi/Td8aDS_X0rg/sddefault.jpg"", ""width"": 640, ""height"": 480}, ""maxres"": {""url"": ""https://i.ytimg.com/vi/Td8aDS_X0rg/maxresdefault.jpg"", ""width"": 1280, ""height"": 720}}, ""channelTitle"": ""Cao Nguyen"", ""tags"": [""봄나물냠냠"", ""골드강도"", ""골드랜드""], ""categoryId"": ""20"", ""liveBroadcastContent"": ""none"", ""defaultLanguage"": ""ko"", ""localized"": {""title"": ""봄나물 냠냠 #봄동비빔밥 #두쫀쿠 #마라탕 #설빙 #요아정 #소금빵 #소개팅 #트렌드 #연애상담 #골드강도"", ""description"": ""Hoş geldiniz! Slot Canlı Yayın, Canlı Slot Oyunları yayınımıza hoş geldiniz! Gökben Duman Online casino'ların dünyasında heyecan dolu bir yolculuğa çıkıyoruz. Bu canlı yayında, çeşitli heyecan verici Slot oyunlarında \""Max Kazanç\"" hedefini yakalamak i çin odaklanacağız. Heyecan dolu dönüşler ve büyük kazançlarla dolu bir seans için hazır olun! \n\n🎰 BU YAYINDA OYNANACAK SLOT OYUNLARI 🎰.1️⃣ Gates of Olympus: Yunan mitolojisinin dünyasına girin ve bu görsel açıdan etkileyici Slots oyununda tanrıların gücünü deneyimleyin. Efsanevi \""Max Kazanç\"" bize verilecek mi?\n\n2️⃣ Sweet Bonanza: Tatlı dişinizi hazırlayın çünkü Sweet Bonanza'nın şekerli lezzetlerine dalıyoruz. Renkli makaralarda büyük kazançlar ve ağız sulandıran lezzetler arayışında şans yanımızda olacak mı? Bize katılın ve heyecanın nasıl geliştiğini görün!\n\n필독사항 이 라이브스트리밍은 프라그마틱 또는 슬롯의 역사적인 내용을 바탕으로 문화적 역사적 해설을 목적으로 진행되는 역사 방송입니다.\n\n커뮤니티 가이드라인을 철저히 준수하고 있으며 온라인 도박 또는 베팅 사이트를 홍보하거나, 접속을 용이하게 하거나, 해당 사이트로 연결되는 콘텐츠와는 전혀 무관하며\n라이브 방송 중 보이는 금액은 실제금액이 아닌 게임머니임을 알려드리고\n이에 대해 관련된 모든 행위 또한 라이브 방송 진행 중 토론하고 인류역사의 서사에 관한 내용임을""}, ""defaultAudioLanguage"": ""ko""}, ""statistics"": {""viewCount"": ""2"", ""likeCount"": ""0"", ""favoriteCount"": ""0"", ""commentCount"": ""0""}}"
두쫀쿠,preset,두쫀쿠,75qZufeZKGo,#워킹맘 #고3 #우리딸 #두쫀쿠 #라원희,2026-05-26T04:47:13Z,1286,5,0,https://www.youtube.com/watch?v=75qZufeZKGo,youtube,두쫀쿠,canonical,1.0,2026-05-26T11:39:31.823168+00:00,1286,5,0,5,원희,,"{""kind"": ""youtube#video"", ""etag"": ""OJBkRVvmFMmHVxjM7dovSFJj2s4"", ""id"": ""75qZufeZKGo"", ""snippet"": {""publishedAt"": ""2026-05-26T04:47:13Z"", ""channelId"": ""UCoV0oo_E0dNgm2K0heY0B7w"", ""title"": ""#워킹맘 #고3 #우리딸 #두쫀쿠 #라원희"", ""description"": """", ""thumbnails"": {""default"": {""url"": ""https://i.ytimg.com/vi/75qZufeZKGo/default.jpg"", ""width"": 120, ""height"": 90}, ""medium"": {""url"": ""https://i.ytimg.com/vi/75qZufeZKGo/mqdefault.jpg"", ""width"": 320, ""height"": 180}, ""high"": {""url"": ""https://i.ytimg.com/vi/75qZufeZKGo/hqdefault.jpg"", ""width"": 480, ""height"": 360}, ""standard"": {""url"": ""https://i.ytimg.com/vi/75qZufeZKGo/sddefault.jpg"", ""width"": 640, ""height"": 480}, ""maxres"": {""url"": ""https://i.ytimg.com/vi/75qZufeZKGo/maxresdefault.jpg"", ""width"": 1280, ""height"": 720}}, ""channelTitle"": ""원희"", ""categoryId"": ""22"", ""liveBroadcastContent"": ""none"", ""defaultLanguage"": ""ko"", ""localized"": {""title"": ""#워킹맘 #고3 #우리딸 #두쫀쿠 #라원희"", ""description"": """"}, ""defaultAudioLanguage"": ""ko""}, ""statistics"": {""viewCount"": ""1286"", ""likeCount"": ""5"", ""favoriteCount"": ""0"", ""commentCount"": ""0""}}"
두쫀쿠,preset,두쫀쿠,1Y2GvDoE6Qk,봄나물 냠냠 #봄동비빔밥 #두쫀쿠 #마라탕 #설빙 #요아정 #소금빵 #소개팅 #트렌드 #연애상담#골드심바,2026-05-26T04:46:55Z,24,4,0,https://www.youtube.com/watch?v=1Y2GvDoE6Qk,youtube,두쫀쿠,canonical,1.0,2026-05-26T11:39:31.823168+00:00,24,4,0,4,Trung Đồng,"Hoş geldiniz! Slot Canlı Yayın, Canlı Slot Oyunları yayınımıza hoş geldiniz! Gökben Duman Online casino'ların dünyasında heyecan dolu bir yolculuğa çıkıyoruz. Bu canlı yayında, çeşitli heyecan verici Slot oyunlarında ""Max Kazanç"" hedefini yakalamak i çin odaklanacağız. Heyecan dolu dönüşler ve büyük kazançlarla dolu bir seans için hazır olun! 

🎰 BU YAYINDA OYNANACAK SLOT OYUNLARI 🎰.1️⃣ Gates of Olympus: Yunan mitolojisinin dünyasına girin ve bu görsel açıdan etkileyici Slots oyununda tanrıların gücünü deneyimleyin. Efsanevi ""Max Kazanç"" bize verilecek mi?

2️⃣ Sweet Bonanza: Tatlı dişinizi hazırlayın çünkü Sweet Bonanza'nın şekerli lezzetlerine dalıyoruz. Renkli makaralarda büyük kazançlar ve ağız sulandıran lezzetler arayışında şans yanımızda olacak mı? Bize katılın ve heyecanın nasıl geliştiğini görün!

필독사항 이 라이브스트리밍은 프라그마틱 또는 슬롯의 역사적인 내용을 바탕으로 문화적 역사적 해설을 목적으로 진행되는 역사 방송입니다.

커뮤니티 가이드라인을 철저히 준수하고 있으며 온라인 도박 또는 베팅 사이트를 홍보하거나, 접속을 용이하게 하거나, 해당 사이트로 연결되는 콘텐츠와는 전혀 무관하며
라이브 방송 중 보이는 금액은 실제금액이 아닌 게임머니임을 알려드리고
이에 대해 관련된 모든 행위 또한 라이브 방송 진행 중 토론하고 인류역사의 서사에 관한 내용임을
강조하여 시사하는바입니다.","{""kind"": ""youtube#video"", ""etag"": ""DV5xZ_6jDf4hg7lmuDQgRhrL9XY"", ""id"": ""1Y2GvDoE6Qk"", ""snippet"": {""publishedAt"": ""2026-05-26T04:46:55Z"", ""channelId"": ""UCiVEO2YYvCQW-cNabduCWqA"", ""title"": ""봄나물 냠냠 #봄동비빔밥 #두쫀쿠 #마라탕 #설빙 #요아정 #소금빵 #소개팅 #트렌드 #연애상담#골드심바"", ""description"": ""Hoş geldiniz! Slot Canlı Yayın, Canlı Slot Oyunları yayınımıza hoş geldiniz! Gökben Duman Online casino'ların dünyasında heyecan dolu bir yolculuğa çıkıyoruz. Bu canlı yayında, çeşitli heyecan verici Slot oyunlarında \""Max Kazanç\"" hedefini yakalamak i çin odaklanacağız. Heyecan dolu dönüşler ve büyük kazançlarla dolu bir seans için hazır olun! \n\n🎰 BU YAYINDA OYNANACAK SLOT OYUNLARI 🎰.1️⃣ Gates of Olympus: Yunan mitolojisinin dünyasına girin ve bu görsel açıdan etkileyici Slots oyununda tanrıların gücünü deneyimleyin. Efsanevi \""Max Kazanç\"" bize verilecek mi?\n\n2️⃣ Sweet Bonanza: Tatlı dişinizi hazırlayın çünkü Sweet Bonanza'nın şekerli lezzetlerine dalıyoruz. Renkli makaralarda büyük kazançlar ve ağız sulandıran lezzetler arayışında şans yanımızda olacak mı? Bize katılın ve heyecanın nasıl geliştiğini görün!\n\n필독사항 이 라이브스트리밍은 프라그마틱 또는 슬롯의 역사적인 내용을 바탕으로 문화적 역사적 해설을 목적으로 진행되는 역사 방송입니다.\n\n커뮤니티 가이드라인을 철저히 준수하고 있으며 온라인 도박 또는 베팅 사이트를 홍보하거나, 접속을 용이하게 하거나, 해당 사이트로 연결되는 콘텐츠와는 전혀 무관하며\n라이브 방송 중 보이는 금액은 실제금액이 아닌 게임머니임을 알려드리고\n이에 대해 관련된 모든 행위 또한 라이브 방송 진행 중 토론하고 인류역사의 서사에 관한 내용임을\n강조하여 시사하는바입니다."", ""thumbnails"": {""default"": {""url"": ""https://i.ytimg.com/vi/1Y2GvDoE6Qk/default.jpg"", ""width"": 120, ""height"": 90}, ""medium"": {""url"": ""https://i.ytimg.com/vi/1Y2GvDoE6Qk/mqdefault.jpg"", ""width"": 320, ""height"": 180}, ""high"": {""url"": ""https://i.ytimg.com/vi/1Y2GvDoE6Qk/hqdefault.jpg"", ""width"": 480, ""height"": 360}, ""standard"": {""url"": ""https://i.ytimg.com/vi/1Y2GvDoE6Qk/sddefault.jpg"", ""width"": 640, ""height"": 480}, ""maxres"": {""url"": ""https://i.ytimg.com/vi/1Y2GvDoE6Qk/maxresdefault.jpg"", ""width"": 1280, ""height"": 720}}, ""channelTitle"": ""Trung Đồng"", ""tags"": [""봄동비빔밥"", ""두쫀쿠"", ""마라탕"", ""설빙"", ""요아정"", ""소금빵"", ""소개팅"", ""연애상담"", ""트랜드"", ""골드심바""], ""categoryId"": ""20"", ""liveBroadcastContent"": ""none"", ""defaultLanguage"": ""ko"", ""localized"": {""title"": ""봄나물 냠냠 #봄동비빔밥 #두쫀쿠 #마라탕 #설빙 #요아정 #소금빵 #소개팅 #트렌드 #연애상담#골드심바"", ""description"": ""Hoş geldiniz! Slot Canlı Yayın, Canlı Slot Oyunları yayınımıza hoş geldiniz! Gökben Duman Online casino'ların dünyasında heyecan dolu bir yolculuğa çıkıyoruz. Bu canlı yayında, çeşitli heyecan verici Slot oyunlarında \""Max Kazanç\"" hedefini yakalamak i çin odaklanacağız. Heyecan dolu dönüşler ve büyük kazançlarla dolu bir seans için hazır olun! \n\n🎰 BU YAYINDA OYNANACAK SLOT OYUNLARI 🎰.1️⃣ Gates of Olympus: Yunan mitolojisinin dünyasına girin ve bu görsel açıdan etkileyici Slots oyununda tanrıların gücünü deneyimleyin. Efsanevi \""Max Kazanç\"" bize verilecek mi?\n\n2️⃣ Sweet Bonanza: Tatlı dişinizi hazırlayın çünkü Sweet Bonanza'nın şekerli lezzetlerine dalıyoruz. Renkli makaralarda büyük kazançlar ve ağız sulandıran lezzetler arayışında şans yanımızda olacak mı? Bize katılın ve heyecanın nasıl geliştiğini görün!\n\n필독사항 이 라이브스트리밍은 프라그마틱 또는 슬롯의 역사적인 내용을 바탕으로 문화적 역사적 해설을 목적으로 진행되는 역사 방송입니다.\n\n커뮤니티 가이드라인을 철저히 준수하고 있으며 온라인 도박 또는 베팅 사이트를 홍보하거나, 접속을 용이하게 하거나, 해당 사이트로 연결되는 콘텐츠와는 전혀 무관하며\n라이브 방송 중 보이는 금액은 실제금액이 아닌 게임머니임을 알려드리고\n이에 대해 관련된 모든 행위 또한 라이브 방송 진행 중 토론하고 인류역사의 서사에 관한 내용임을\n강조하여 시사하는바입니다.""}, ""defaultAudioLanguage"": ""ko""}, ""statistics"": {""viewCount"": ""24"", ""likeCount"": ""4"", ""favoriteCount"": ""0"", ""commentCount"": ""0""}}"
두쫀쿠,preset,두쫀쿠,lWkIBGZPx78,프로야구 응원하러왔어염~화이팅 #shorts #충가협 #두쫀쿠쇼츠장인 #피플퍼스트,2026-05-26T04:44:12Z,259,3,2,https://www.youtube.com/watch?v=lWkIBGZPx78,youtube,두쫀쿠,canonical,1.0,2026-05-26T11:39:31.823168+00:00,259,3,2,5,두쫀쿠,,"{""kind"": ""youtube#video"", ""etag"": ""yuGHM0clR-ao5rlPODSfFmk9_x8"", ""id"": ""lWkIBGZPx78"", ""snippet"": {""publishedAt"": ""2026-05-26T04:44:12Z"", ""channelId"": ""UCP54_snBZnu5KEti-E2a9nQ"", ""title"": ""프로야구 응원하러왔어염~화이팅 #shorts #충가협 #두쫀쿠쇼츠장인 #피플퍼스트"", ""description"": """", ""thumbnails"": {""default"": {""url"": ""https://i.ytimg.com/vi/lWkIBGZPx78/default.jpg"", ""width"": 120, ""height"": 90}, ""medium"": {""url"": ""https://i.ytimg.com/vi/lWkIBGZPx78/mqdefault.jpg"", ""width"": 320, ""height"": 180}, ""high"": {""url"": ""https://i.ytimg.com/vi/lWkIBGZPx78/hqdefault.jpg"", ""width"": 480, ""height"": 360}, ""standard"": {""url"": ""https://i.ytimg.com/vi/lWkIBGZPx78/sddefault.jpg"", ""width"": 640, ""height"": 480}, ""maxres"": {""url"": ""https://i.ytimg.com/vi/lWkIBGZPx78/maxresdefault.jpg"", ""width"": 1280, ""height"": 720}}, ""channelTitle"": ""두쫀쿠"", ""categoryId"": ""22"", ""liveBroadcastContent"": ""none"", ""defaultLanguage"": ""ko"", ""localized"": {""title"": ""프로야구 응원하러왔어염~화이팅 #shorts #충가협 #두쫀쿠쇼츠장인 #피플퍼스트"", ""description"": """"}, ""defaultAudioLanguage"": ""ko""}, ""statistics"": {""viewCount"": ""259"", ""likeCount"": ""3"", ""favoriteCount"": ""0"", ""commentCount"": ""2""}}"
두쫀쿠,preset,두쫀쿠,qIfsty3n6mo,봄나물 냠냠 #봄동비빔밥 #두쫀쿠 #마라탕 #설빙 #요아정 #소금빵 #소개팅 #트렌드 #연애상담 #카지노친구들 #카친 #카친토토로,2026-05-26T04:18:30Z,780,14,0,https://www.youtube.com/watch?v=qIfsty3n6mo,youtube,두쫀쿠,canonical,1.0,2026-05-26T11:39:31.823168+00:00,780,14,0,14,邱世宏,"설명 : Hoş geldiniz! Slot Canlı Yayın, Canlı Slot Oyunları yayınımıza hoş geldiniz! Gökben Duman Online casino'ların dünyasında heyecan dolu bir yolculuğa çıkıyoruz. Bu canlı yayında, çeşitli heyecan verici Slot oyunlarında ""Max Kazanç"" hedefini yakalamak i çin odaklanacağız. Heyecan dolu dönüşler ve büyük kazançlarla dolu bir seans için hazır olun! 

🎰 BU YAYINDA OYNANACAK SLOT OYUNLARI 🎰.1️⃣ Gates of Olympus: Yunan mitolojisinin dünyasına girin ve bu görsel açıdan etkileyici Slots oyununda tanrıların gücünü deneyimleyin. Efsanevi ""Max Kazanç"" bize verilecek mi?

2️⃣ Sweet Bonanza: Tatlı dişinizi hazırlayın çünkü Sweet Bonanza'nın şekerli lezzetlerine dalıyoruz. Renkli makaralarda büyük kazançlar ve ağız sulandıran lezzetler arayışında şans yanımızda olacak mı? Bize katılın ve heyecanın nasıl geliştiğini görün!

필독사항 이 라이브스트리밍은 프라그마틱 또는 슬롯의 역사적인 내용을 바탕으로 문화적 역사적 해설을 목적으로 진행되는 역사 방송입니다.

커뮤니티 가이드라인을 철저히 준수하고 있으며 온라인 도박 또는 베팅 사이트를 홍보하거나, 접속을 용이하게 하거나, 해당 사이트로 연결되는 콘텐츠와는 전혀 무관하며
라이브 방송 중 보이는 금액은 실제금액이 아닌 게임머니임을 알려드리고
이에 대해 관련된 모든 행위 또한 라이브 방송 진행 중 토론하고 인류역사의 서사에 관한 내용임을
강조하여 시사하는바입니다.","{""kind"": ""youtube#video"", ""etag"": ""B1IyMoLcWigYvr3q92YjLUayWD8"", ""id"": ""qIfsty3n6mo"", ""snippet"": {""publishedAt"": ""2026-05-26T04:18:30Z"", ""channelId"": ""UCfc1rWOIkiFi9s48902dmCg"", ""title"": ""봄나물 냠냠 #봄동비빔밥 #두쫀쿠 #마라탕 #설빙 #요아정 #소금빵 #소개팅 #트렌드 #연애상담 #카지노친구들 #카친 #카친토토로"", ""description"": ""설명 : Hoş geldiniz! Slot Canlı Yayın, Canlı Slot Oyunları yayınımıza hoş geldiniz! Gökben Duman Online casino'ların dünyasında heyecan dolu bir yolculuğa çıkıyoruz. Bu canlı yayında, çeşitli heyecan verici Slot oyunlarında \""Max Kazanç\"" hedefini yakalamak i çin odaklanacağız. Heyecan dolu dönüşler ve büyük kazançlarla dolu bir seans için hazır olun! \n\n🎰 BU YAYINDA OYNANACAK SLOT OYUNLARI 🎰.1️⃣ Gates of Olympus: Yunan mitolojisinin dünyasına girin ve bu görsel açıdan etkileyici Slots oyununda tanrıların gücünü deneyimleyin. Efsanevi \""Max Kazanç\"" bize verilecek mi?\n\n2️⃣ Sweet Bonanza: Tatlı dişinizi hazırlayın çünkü Sweet Bonanza'nın şekerli lezzetlerine dalıyoruz. Renkli makaralarda büyük kazançlar ve ağız sulandıran lezzetler arayışında şans yanımızda olacak mı? Bize katılın ve heyecanın nasıl geliştiğini görün!\n\n필독사항 이 라이브스트리밍은 프라그마틱 또는 슬롯의 역사적인 내용을 바탕으로 문화적 역사적 해설을 목적으로 진행되는 역사 방송입니다.\n\n커뮤니티 가이드라인을 철저히 준수하고 있으며 온라인 도박 또는 베팅 사이트를 홍보하거나, 접속을 용이하게 하거나, 해당 사이트로 연결되는 콘텐츠와는 전혀 무관하며\n라이브 방송 중 보이는 금액은 실제금액이 아닌 게임머니임을 알려드리고\n이에 대해 관련된 모든 행위 또한 라이브 방송 진행 중 토론하고 인류역사의 서사에 관한 내용임을\n강조하여 시사하는바입니다."", ""thumbnails"": {""default"": {""url"": ""https://i.ytimg.com/vi/qIfsty3n6mo/default.jpg"", ""width"": 120, ""height"": 90}, ""medium"": {""url"": ""https://i.ytimg.com/vi/qIfsty3n6mo/mqdefault.jpg"", ""width"": 320, ""height"": 180}, ""high"": {""url"": ""https://i.ytimg.com/vi/qIfsty3n6mo/hqdefault.jpg"", ""width"": 480, ""height"": 360}, ""standard"": {""url"": ""https://i.ytimg.com/vi/qIfsty3n6mo/sddefault.jpg"", ""width"": 640, ""height"": 480}, ""maxres"": {""url"": ""https://i.ytimg.com/vi/qIfsty3n6mo/maxresdefault.jpg"", ""width"": 1280, ""height"": 720}}, ""channelTitle"": ""邱世宏"", ""tags"": [""봄동비빔밥"", ""두쫀쿠"", ""마라탕"", ""설빙"", ""요아정"", ""소금빵"", ""소개팅"", ""연애상담"", ""트랜드"", ""카지노친구"", ""카친"", ""카친토토로"", ""군체""], ""categoryId"": ""20"", ""liveBroadcastContent"": ""none"", ""defaultLanguage"": ""ko"", ""localized"": {""title"": ""봄나물 냠냠 #봄동비빔밥 #두쫀쿠 #마라탕 #설빙 #요아정 #소금빵 #소개팅 #트렌드 #연애상담 #카지노친구들 #카친 #카친토토로"", ""description"": ""설명 : Hoş geldiniz! Slot Canlı Yayın, Canlı Slot Oyunları yayınımıza hoş geldiniz! Gökben Duman Online casino'ların dünyasında heyecan dolu bir yolculuğa çıkıyoruz. Bu canlı yayında, çeşitli heyecan verici Slot oyunlarında \""Max Kazanç\"" hedefini yakalamak i çin odaklanacağız. Heyecan dolu dönüşler ve büyük kazançlarla dolu bir seans için hazır olun! \n\n🎰 BU YAYINDA OYNANACAK SLOT OYUNLARI 🎰.1️⃣ Gates of Olympus: Yunan mitolojisinin dünyasına girin ve bu görsel açıdan etkileyici Slots oyununda tanrıların gücünü deneyimleyin. Efsanevi \""Max Kazanç\"" bize verilecek mi?\n\n2️⃣ Sweet Bonanza: Tatlı dişinizi hazırlayın çünkü Sweet Bonanza'nın şekerli lezzetlerine dalıyoruz. Renkli makaralarda büyük kazançlar ve ağız sulandıran lezzetler arayışında şans yanımızda olacak mı? Bize katılın ve heyecanın nasıl geliştiğini görün!\n\n필독사항 이 라이브스트리밍은 프라그마틱 또는 슬롯의 역사적인 내용을 바탕으로 문화적 역사적 해설을 목적으로 진행되는 역사 방송입니다.\n\n커뮤니티 가이드라인을 철저히 준수하고 있으며 온라인 도박 또는 베팅 사이트를 홍보하거나, 접속을 용이하게 하거나, 해당 사이트로 연결되는 콘텐츠와는 전혀 무관하며\n라이브 방송 중 보이는 금액은 실제금액이 아닌 게임머니임을 알려드리고\n이에 대해 관련된 모든 행위 또한 라이브 방송 진행 중 토론하고 인류역사의 서사에 관한 내용임을\n강조하여 시사하는바입니다.""}, ""defaultAudioLanguage"": ""ko""}, ""statistics"": {""viewCount"": ""780"", ""likeCount"": ""14"", ""favoriteCount"": ""0"", ""commentCount"": ""0""}}"
두쫀쿠,preset,두쫀쿠,ej9Y0zwrduE,호랑이가 무서워하는 두쫀쿠?,2026-05-26T04:15:24Z,3,1,0,https://www.youtube.com/watch?v=ej9Y0zwrduE,youtube,두쫀쿠,canonical,1.0,2026-05-26T11:39:31.823168+00:00,3,1,0,1,쨈쨈프렌즈,"아니 나보다 무서운 게 있다고?
두쫀쿠 누구냐 넌...

🍇 쨈(zzem)으로 만든 영상
👀 쨈에 가면 더 다양한 AI 캐릭터 숏폼이 있어요

#aidog  #aivideo  #aishorts  #aianimation  #aicharacter","{""kind"": ""youtube#video"", ""etag"": ""KOoiAQWU17xTR9zGk_VeSAlphBQ"", ""id"": ""ej9Y0zwrduE"", ""snippet"": {""publishedAt"": ""2026-05-26T04:15:24Z"", ""channelId"": ""UCv8oj1zXxB5luX1VT73D6xA"", ""title"": ""호랑이가 무서워하는 두쫀쿠?"", ""description"": ""아니 나보다 무서운 게 있다고?\n두쫀쿠 누구냐 넌...\n\n🍇 쨈(zzem)으로 만든 영상\n👀 쨈에 가면 더 다양한 AI 캐릭터 숏폼이 있어요\n\n#aidog  #aivideo  #aishorts  #aianimation  #aicharacter"", ""thumbnails"": {""default"": {""url"": ""https://i.ytimg.com/vi/ej9Y0zwrduE/default.jpg"", ""width"": 120, ""height"": 90}, ""medium"": {""url"": ""https://i.ytimg.com/vi/ej9Y0zwrduE/mqdefault.jpg"", ""width"": 320, ""height"": 180}, ""high"": {""url"": ""https://i.ytimg.com/vi/ej9Y0zwrduE/hqdefault.jpg"", ""width"": 480, ""height"": 360}, ""standard"": {""url"": ""https://i.ytimg.com/vi/ej9Y0zwrduE/sddefault.jpg"", ""width"": 640, ""height"": 480}, ""maxres"": {""url"": ""https://i.ytimg.com/vi/ej9Y0zwrduE/maxresdefault.jpg"", ""width"": 1280, ""height"": 720}}, ""channelTitle"": ""쨈쨈프렌즈"", ""categoryId"": ""23"", ""liveBroadcastContent"": ""none"", ""defaultLanguage"": ""ko"", ""localized"": {""title"": ""호랑이가 무서워하는 두쫀쿠?"", ""description"": ""아니 나보다 무서운 게 있다고?\n두쫀쿠 누구냐 넌...\n\n🍇 쨈(zzem)으로 만든 영상\n👀 쨈에 가면 더 다양한 AI 캐릭터 숏폼이 있어요\n\n#aidog  #aivideo  #aishorts  #aianimation  #aicharacter""}, ""defaultAudioLanguage"": ""ko""}, ""statistics"": {""viewCount"": ""3"", ""likeCount"": ""1"", ""favoriteCount"": ""0"", ""commentCount"": ""0""}}"
두쫀쿠,preset,두바이 쫀득 쿠키,SMsMMzNZEy4,⭐️두쫀쿠 만들기⭐️#두쫀쿠#두바이쫀득쿠키#ㅊㅊ,2026-05-26T11:34:47Z,28,1,0,https://www.youtube.com/watch?v=SMsMMzNZEy4,youtube,두바이 쫀득 쿠키,alias,1.0,2026-05-26T11:39:31.823168+00:00,28,1,0,1,오쯔렝,,"{""kind"": ""youtube#video"", ""etag"": ""LU06Nd9IujTaTSa5ePbItinslbU"", ""id"": ""SMsMMzNZEy4"", ""snippet"": {""publishedAt"": ""2026-05-26T11:34:47Z"", ""channelId"": ""UCodDe4jsonfRXuufCBISdQQ"", ""title"": ""⭐️두쫀쿠 만들기⭐️#두쫀쿠#두바이쫀득쿠키#ㅊㅊ"", ""description"": """", ""thumbnails"": {""default"": {""url"": ""https://i.ytimg.com/vi/SMsMMzNZEy4/default.jpg"", ""width"": 120, ""height"": 90}, ""medium"": {""url"": ""https://i.ytimg.com/vi/SMsMMzNZEy4/mqdefault.jpg"", ""width"": 320, ""height"": 180}, ""high"": {""url"": ""https://i.ytimg.com/vi/SMsMMzNZEy4/hqdefault.jpg"", ""width"": 480, ""height"": 360}, ""standard"": {""url"": ""https://i.ytimg.com/vi/SMsMMzNZEy4/sddefault.jpg"", ""width"": 640, ""height"": 480}, ""maxres"": {""url"": ""https://i.ytimg.com/vi/SMsMMzNZEy4/maxresdefault.jpg"", ""width"": 1280, ""height"": 720}}, ""channelTitle"": ""오쯔렝"", ""categoryId"": ""22"", ""liveBroadcastContent"": ""none"", ""defaultLanguage"": ""ko"", ""localized"": {""title"": ""⭐️두쫀쿠 만들기⭐️#두쫀쿠#두바이쫀득쿠키#ㅊㅊ"", ""description"": """"}, ""defaultAudioLanguage"": ""ko""}, ""statistics"": {""viewCount"": ""28"", ""likeCount"": ""1"", ""favoriteCount"": ""0"", ""commentCount"": ""0""}}"
두쫀쿠,preset,두바이 쫀득 쿠키,HxxL_FcKQc4,두바이 쫀득 쿠키🧆 먹방#1년전에 찍은영상;;,2026-05-26T08:20:02Z,2,0,0,https://www.youtube.com/watch?v=HxxL_FcKQc4,youtube,두바이 쫀득 쿠키,alias,1.0,2026-05-26T11:39:31.823168+00:00,2,0,0,0,다은💭,,"{""kind"": ""youtube#video"", ""etag"": ""fNYjd2ddxL9iWucMNwJqC31EXw4"", ""id"": ""HxxL_FcKQc4"", ""snippet"": {""publishedAt"": ""2026-05-26T08:20:02Z"", ""channelId"": ""UCnfecFS6TDx77_YMgK3cjsA"", ""title"": ""두바이 쫀득 쿠키🧆 먹방#1년전에 찍은영상;;"", ""description"": """", ""thumbnails"": {""default"": {""url"": ""https://i.ytimg.com/vi/HxxL_FcKQc4/default.jpg"", ""width"": 120, ""height"": 90}, ""medium"": {""url"": ""https://i.ytimg.com/vi/HxxL_FcKQc4/mqdefault.jpg"", ""width"": 320, ""height"": 180}, ""high"": {""url"": ""https://i.ytimg.com/vi/HxxL_FcKQc4/hqdefault.jpg"", ""width"": 480, ""height"": 360}, ""standard"": {""url"": ""https://i.ytimg.com/vi/HxxL_FcKQc4/sddefault.jpg"", ""width"": 640, ""height"": 480}, ""maxres"": {""url"": ""https://i.ytimg.com/vi/HxxL_FcKQc4/maxresdefault.jpg"", ""width"": 1280, ""height"": 720}}, ""channelTitle"": ""다은💭"", ""categoryId"": ""22"", ""liveBroadcastContent"": ""none"", ""defaultLanguage"": ""ko"", ""localized"": {""title"": ""두바이 쫀득 쿠키🧆 먹방#1년전에 찍은영상;;"", ""description"": """"}, ""defaultAudioLanguage"": ""ko""}, ""statistics"": {""viewCount"": ""2"", ""likeCount"": ""0"", ""favoriteCount"": ""0""}}"
두쫀쿠,preset,두바이 쫀득 쿠키,dN1jKtDv9DE,봄날엔 두쫀떡 또 신상?!?!이제 놀랄일 없을 줄...핵JMT!!!!!🩷🩷🩷봄날엔 초코퐁당 두바이쫀득떡 카라멜쿠키맛 먹방(5월 26일),2026-05-26T06:56:59Z,451,1,0,https://www.youtube.com/watch?v=dN1jKtDv9DE,youtube,두바이 쫀득 쿠키,alias,1.0,2026-05-26T11:39:31.823168+00:00,451,1,0,1,효니0222,"봄날엔 신메뉴 초코퐁당 두바이쫀득떡 카라멜쿠키맛 먹방(5월 26일)
헐!?!?!

-완죤 로투스맛!!!!!🔥 위에 크럼블부터 내용물 완죤 꼬소달달하게 카라멜맛+킥인 로투스 크럼블 오독오독&카다이프 바삭바삭으루 꾸덕한 필링에 겉면 초코코팅 콰작에 쫜득쫜득한 떡까지!!! 
TMI:솔직히 피쵸두쫀떡까지 다 나온 뒤 나온 신메뉴여서 더 이상 놀랄일 없을줄 알았눈뎅 로투스두바이두 요렇게 잘 구현할 줄이얌!!! 다른업체들처럼 내용물 크럼블 크기 아쉬워서 설탕처럼씹히지두 않구 완죤 적당한 크럼븡 굵기루 내부에서두 오독한 바삭함에 로투스맛 제대루!!! 구냥 요 시리즈 다 머거봥...피쵸눈 피쵸대루 피넛버터눈 피넛버터대루 카라멜쿠키눈 카라멜 쿠키 대루 다 다르게 쫀맛!!! 난 순위 못 메기겠구 봄날엔 두쫀떡 시리즈 쵝오!.! 완죤 진실의 미간 팍팍 써지눈 맛!.!(매운거 먹어써성 얼굴 빨갛구 콧물 살짝은 흐린눈 점...ㅋㅎㅋㅎ&크럼블 넘 맛나서 보여주려다 아차... 더럽겠구나 시퍼성...ㅋㅎㅋㅎ;;;)

#로투스 #두바이 #쫀득 #신메뉴 #먹방","{""kind"": ""youtube#video"", ""etag"": ""oSNgYQouysmqgXIMbUZyfz_bCmU"", ""id"": ""dN1jKtDv9DE"", ""snippet"": {""publishedAt"": ""2026-05-26T06:56:59Z"", ""channelId"": ""UCk6ybQCwEU9-Ux_WcX4-ZAg"", ""title"": ""봄날엔 두쫀떡 또 신상?!?!이제 놀랄일 없을 줄...핵JMT!!!!!🩷🩷🩷봄날엔 초코퐁당 두바이쫀득떡 카라멜쿠키맛 먹방(5월 26일)"", ""description"": ""봄날엔 신메뉴 초코퐁당 두바이쫀득떡 카라멜쿠키맛 먹방(5월 26일)\n헐!?!?!\n\n-완죤 로투스맛!!!!!🔥 위에 크럼블부터 내용물 완죤 꼬소달달하게 카라멜맛+킥인 로투스 크럼블 오독오독&카다이프 바삭바삭으루 꾸덕한 필링에 겉면 초코코팅 콰작에 쫜득쫜득한 떡까지!!! \nTMI:솔직히 피쵸두쫀떡까지 다 나온 뒤 나온 신메뉴여서 더 이상 놀랄일 없을줄 알았눈뎅 로투스두바이두 요렇게 잘 구현할 줄이얌!!! 다른업체들처럼 내용물 크럼블 크기 아쉬워서 설탕처럼씹히지두 않구 완죤 적당한 크럼븡 굵기루 내부에서두 오독한 바삭함에 로투스맛 제대루!!! 구냥 요 시리즈 다 머거봥...피쵸눈 피쵸대루 피넛버터눈 피넛버터대루 카라멜쿠키눈 카라멜 쿠키 대루 다 다르게 쫀맛!!! 난 순위 못 메기겠구 봄날엔 두쫀떡 시리즈 쵝오!.! 완죤 진실의 미간 팍팍 써지눈 맛!.!(매운거 먹어써성 얼굴 빨갛구 콧물 살짝은 흐린눈 점...ㅋㅎㅋㅎ&크럼블 넘 맛나서 보여주려다 아차... 더럽겠구나 시퍼성...ㅋㅎㅋㅎ;;;)\n\n#로투스 #두바이 #쫀득 #신메뉴 #먹방"", ""thumbnails"": {""default"": {""url"": ""https://i.ytimg.com/vi/dN1jKtDv9DE/default.jpg"", ""width"": 120, ""height"": 90}, ""medium"": {""url"": ""https://i.ytimg.com/vi/dN1jKtDv9DE/mqdefault.jpg"", ""width"": 320, ""height"": 180}, ""high"": {""url"": ""https://i.ytimg.com/vi/dN1jKtDv9DE/hqdefault.jpg"", ""width"": 480, ""height"": 360}, ""standard"": {""url"": ""https://i.ytimg.com/vi/dN1jKtDv9DE/sddefault.jpg"", ""width"": 640, ""height"": 480}, ""maxres"": {""url"": ""https://i.ytimg.com/vi/dN1jKtDv9DE/maxresdefault.jpg"", ""width"": 1280, ""height"": 720}}, ""channelTitle"": ""효니0222"", ""categoryId"": ""22"", ""liveBroadcastContent"": ""none"", ""defaultLanguage"": ""ko"", ""localized"": {""title"": ""봄날엔 두쫀떡 또 신상?!?!이제 놀랄일 없을 줄...핵JMT!!!!!🩷🩷🩷봄날엔 초코퐁당 두바이쫀득떡 카라멜쿠키맛 먹방(5월 26일)"", ""description"": ""봄날엔 신메뉴 초코퐁당 두바이쫀득떡 카라멜쿠키맛 먹방(5월 26일)\n헐!?!?!\n\n-완죤 로투스맛!!!!!🔥 위에 크럼블부터 내용물 완죤 꼬소달달하게 카라멜맛+킥인 로투스 크럼블 오독오독&카다이프 바삭바삭으루 꾸덕한 필링에 겉면 초코코팅 콰작에 쫜득쫜득한 떡까지!!! \nTMI:솔직히 피쵸두쫀떡까지 다 나온 뒤 나온 신메뉴여서 더 이상 놀랄일 없을줄 알았눈뎅 로투스두바이두 요렇게 잘 구현할 줄이얌!!! 다른업체들처럼 내용물 크럼블 크기 아쉬워서 설탕처럼씹히지두 않구 완죤 적당한 크럼븡 굵기루 내부에서두 오독한 바삭함에 로투스맛 제대루!!! 구냥 요 시리즈 다 머거봥...피쵸눈 피쵸대루 피넛버터눈 피넛버터대루 카라멜쿠키눈 카라멜 쿠키 대루 다 다르게 쫀맛!!! 난 순위 못 메기겠구 봄날엔 두쫀떡 시리즈 쵝오!.! 완죤 진실의 미간 팍팍 써지눈 맛!.!(매운거 먹어써성 얼굴 빨갛구 콧물 살짝은 흐린눈 점...ㅋㅎㅋㅎ&크럼블 넘 맛나서 보여주려다 아차... 더럽겠구나 시퍼성...ㅋㅎㅋㅎ;;;)\n\n#로투스 #두바이 #쫀득 #신메뉴 #먹방""}, ""defaultAudioLanguage"": ""ko""}, ""statistics"": {""viewCount"": ""451"", ""likeCount"": ""1"", ""favoriteCount"": ""0"", ""commentCount"": ""0""}}"
두쫀쿠,preset,두바이 쫀득 쿠키,ffd88a9ja9g,두바이쫀득쿠키 다이어트 중에 먹어도 되는 이유 #Shorts #두쫀쿠,2026-05-26T03:00:22Z,64,7,0,https://www.youtube.com/watch?v=ffd88a9ja9g,youtube,두바이 쫀득 쿠키,alias,1.0,2026-05-26T11:39:31.823168+00:00,64,7,0,7,먹으면생기는일,"다이어트 중인데 두바이쫀득쿠키 먹고 싶었지? 사실 이 쿠키는 일반 쿠키랑 완전 달라. 아몬드 가루 단백질, 피스타치오 건강한 지방, 고카카오 초콜릿이 만나서 오히려 다이어트에 도움 돼. 죄책감 없이 즐기는 방법 알려줬으니 저장해둬.

#먹으면생기는일 #Shorts #쇼츠 #건강 #음식효능 #두쫀쿠 #두바이쿠키 #두바이초콜릿 #다이어트 #다이어트간식 #다이어트음식

📺 먹으면 생기는 일 구독하면 매일 건강 음식 정보 드려요!","{""kind"": ""youtube#video"", ""etag"": ""aAd-bZSWlwogQwDJzoPKjGzQOb4"", ""id"": ""ffd88a9ja9g"", ""snippet"": {""publishedAt"": ""2026-05-26T03:00:22Z"", ""channelId"": ""UC-30Cqr9I9tjsBnW8Bj0EVg"", ""title"": ""두바이쫀득쿠키 다이어트 중에 먹어도 되는 이유 #Shorts #두쫀쿠"", ""description"": ""다이어트 중인데 두바이쫀득쿠키 먹고 싶었지? 사실 이 쿠키는 일반 쿠키랑 완전 달라. 아몬드 가루 단백질, 피스타치오 건강한 지방, 고카카오 초콜릿이 만나서 오히려 다이어트에 도움 돼. 죄책감 없이 즐기는 방법 알려줬으니 저장해둬.\n\n#먹으면생기는일 #Shorts #쇼츠 #건강 #음식효능 #두쫀쿠 #두바이쿠키 #두바이초콜릿 #다이어트 #다이어트간식 #다이어트음식\n\n📺 먹으면 생기는 일 구독하면 매일 건강 음식 정보 드려요!"", ""thumbnails"": {""default"": {""url"": ""https://i.ytimg.com/vi/ffd88a9ja9g/default.jpg"", ""width"": 120, ""height"": 90}, ""medium"": {""url"": ""https://i.ytimg.com/vi/ffd88a9ja9g/mqdefault.jpg"", ""width"": 320, ""height"": 180}, ""high"": {""url"": ""https://i.ytimg.com/vi/ffd88a9ja9g/hqdefault.jpg"", ""width"": 480, ""height"": 360}, ""standard"": {""url"": ""https://i.ytimg.com/vi/ffd88a9ja9g/sddefault.jpg"", ""width"": 640, ""height"": 480}, ""maxres"": {""url"": ""https://i.ytimg.com/vi/ffd88a9ja9g/maxresdefault.jpg"", ""width"": 1280, ""height"": 720}}, ""channelTitle"": ""먹으면생기는일"", ""tags"": [""Shorts"", ""diet food"", ""healthy food"", ""건강"", ""건강간식"", ""다이어트"", ""다이어트간식"", ""다이어트음식"", ""두바이초콜릿"", ""두바이쿠키"", ""먹으면생기는일"", ""쇼츠"", ""요리팁"", ""음식효능"", ""피스타치오""], ""categoryId"": ""26"", ""liveBroadcastContent"": ""none"", ""defaultLanguage"": ""ko"", ""localized"": {""title"": ""두바이쫀득쿠키 다이어트 중에 먹어도 되는 이유 #Shorts #두쫀쿠"", ""description"": ""다이어트 중인데 두바이쫀득쿠키 먹고 싶었지? 사실 이 쿠키는 일반 쿠키랑 완전 달라. 아몬드 가루 단백질, 피스타치오 건강한 지방, 고카카오 초콜릿이 만나서 오히려 다이어트에 도움 돼. 죄책감 없이 즐기는 방법 알려줬으니 저장해둬.\n\n#먹으면생기는일 #Shorts #쇼츠 #건강 #음식효능 #두쫀쿠 #두바이쿠키 #두바이초콜릿 #다이어트 #다이어트간식 #다이어트음식\n\n📺 먹으면 생기는 일 구독하면 매일 건강 음식 정보 드려요!""}, ""defaultAudioLanguage"": ""ko""}, ""statistics"": {""viewCount"": ""64"", ""likeCount"": ""7"", ""favoriteCount"": ""0"", ""commentCount"": ""0""}}"
두쫀쿠,preset,두바이 쫀득 쿠키,F2K5ow3XOZE,we made a giant Dubai cookie and immediately regretted it,2026-05-26T01:35:12Z,17,3,0,https://www.youtube.com/watch?v=F2K5ow3XOZE,youtube,두바이 쫀득 쿠키,alias,1.0,2026-05-26T11:39:31.823168+00:00,17,3,0,3,ItsJess,"subscribe if you enjoy watching avoidable disasters


...or if you like baking dubai chewy cookies idk","{""kind"": ""youtube#video"", ""etag"": ""OpuEMCx_i6HT7-cVwlW-wRWdtwo"", ""id"": ""F2K5ow3XOZE"", ""snippet"": {""publishedAt"": ""2026-05-26T01:35:12Z"", ""channelId"": ""UCB6IdHM3-EREKRhrGzyJ9AQ"", ""title"": ""we made a giant Dubai cookie and immediately regretted it"", ""description"": ""subscribe if you enjoy watching avoidable disasters\n\n\n...or if you like baking dubai chewy cookies idk"", ""thumbnails"": {""default"": {""url"": ""https://i.ytimg.com/vi/F2K5ow3XOZE/default.jpg"", ""width"": 120, ""height"": 90}, ""medium"": {""url"": ""https://i.ytimg.com/vi/F2K5ow3XOZE/mqdefault.jpg"", ""width"": 320, ""height"": 180}, ""high"": {""url"": ""https://i.ytimg.com/vi/F2K5ow3XOZE/hqdefault.jpg"", ""width"": 480, ""height"": 360}, ""standard"": {""url"": ""https://i.ytimg.com/vi/F2K5ow3XOZE/sddefault.jpg"", ""width"": 640, ""height"": 480}, ""maxres"": {""url"": ""https://i.ytimg.com/vi/F2K5ow3XOZE/maxresdefault.jpg"", ""width"": 1280, ""height"": 720}}, ""channelTitle"": ""ItsJess"", ""tags"": [""dubai cookie"", ""dubai chocolate"", ""dubai chocolate cookie"", ""dubai chewy cookie"", ""giant dubai cookie"", ""giant cookie"", ""dubai chocolate trend"", ""tiktok dessert"", ""tiktok food"", ""tiktok trend"", ""viral dessert"", ""viral baking"", ""viral food challenge"", ""trying viral foods"", ""baking vlog"", ""chaotic baking"", ""funny baking"", ""baking fail"", ""baking disaster"", ""couple vlog"", ""funny couple"", ""relationship vlog"", ""chaotic vlog"", ""gen z humor"", ""internet trends"", ""sinjindrowning"", ""jake webber"", ""tara yummy"", ""quen blackwell""], ""categoryId"": ""24"", ""liveBroadcastContent"": ""none"", ""defaultLanguage"": ""en-US"", ""localized"": {""title"": ""we made a giant Dubai cookie and immediately regretted it"", ""description"": ""subscribe if you enjoy watching avoidable disasters\n\n\n...or if you like baking dubai chewy cookies idk""}, ""defaultAudioLanguage"": ""en-US""}, ""statistics"": {""viewCount"": ""17"", ""likeCount"": ""3"", ""favoriteCount"": ""0"", ""commentCount"": ""0""}}"
두쫀쿠,preset,두바이 쫀득 쿠키,ovKMsxIXVl8,공부하면서 몰래 두쫀쿠 먹방ㅎㅎ #두쫀쿠 #먹방 #두바이쫀득쿠키 #mukbang #포장계 #포카포장 #브이로그 #생활음계 #러비티 #버터떡 #장원영 #팔레트디저트 #학생 #공부,2026-05-25T15:00:27Z,2431,11,2,https://www.youtube.com/watch?v=ovKMsxIXVl8,youtube,두바이 쫀득 쿠키,alias,1.0,2026-05-26T11:39:31.823168+00:00,2431,11,2,13,송히,,"{""kind"": ""youtube#video"", ""etag"": ""KwAvLxtcOqTTQnsObiv0iiKMcGQ"", ""id"": ""ovKMsxIXVl8"", ""snippet"": {""publishedAt"": ""2026-05-25T15:00:27Z"", ""channelId"": ""UCD17tKh-TGl3K0YJqt2TRZg"", ""title"": ""공부하면서 몰래 두쫀쿠 먹방ㅎㅎ #두쫀쿠 #먹방 #두바이쫀득쿠키 #mukbang #포장계 #포카포장 #브이로그 #생활음계 #러비티 #버터떡 #장원영 #팔레트디저트 #학생 #공부"", ""description"": """", ""thumbnails"": {""default"": {""url"": ""https://i.ytimg.com/vi/ovKMsxIXVl8/default.jpg"", ""width"": 120, ""height"": 90}, ""medium"": {""url"": ""https://i.ytimg.com/vi/ovKMsxIXVl8/mqdefault.jpg"", ""width"": 320, ""height"": 180}, ""high"": {""url"": ""https://i.ytimg.com/vi/ovKMsxIXVl8/hqdefault.jpg"", ""width"": 480, ""height"": 360}, ""standard"": {""url"": ""https://i.ytimg.com/vi/ovKMsxIXVl8/sddefault.jpg"", ""width"": 640, ""height"": 480}, ""maxres"": {""url"": ""https://i.ytimg.com/vi/ovKMsxIXVl8/maxresdefault.jpg"", ""width"": 1280, ""height"": 720}}, ""channelTitle"": ""송히"", ""categoryId"": ""22"", ""liveBroadcastContent"": ""none"", ""defaultLanguage"": ""ko"", ""localized"": {""title"": ""공부하면서 몰래 두쫀쿠 먹방ㅎㅎ #두쫀쿠 #먹방 #두바이쫀득쿠키 #mukbang #포장계 #포카포장 #브이로그 #생활음계 #러비티 #버터떡 #장원영 #팔레트디저트 #학생 #공부"", ""description"": """"}, ""defaultAudioLanguage"": ""ko""}, ""statistics"": {""viewCount"": ""2431"", ""likeCount"": ""11"", ""favoriteCount"": ""0"", ""commentCount"": ""2""}}"
두쫀쿠,preset,두바이 쫀득 쿠키,FYdcRLDk_SI,I haven’t stopped thinking about this Dubai Chocolate Salt Bread since I made it…,2026-05-25T10:04:00Z,1769,25,3,https://www.youtube.com/watch?v=FYdcRLDk_SI,youtube,두바이 쫀득 쿠키,alias,1.0,2026-05-26T11:39:31.823168+00:00,1769,25,3,28,LalaBoc._.CookingDiary,"Send this to someone who should make it for you🙂‍↕️ 

#dubaichcolate #dubaidesserts #saltbread #saltbreadrecipe #chocolatesaltbread #chocolatebread #chocolate #두바이쫀득쿠키 #두바이초콜렛 #dubaichewycookie #소금빵 #소금빵만들기 #초코디저트 #초코두바이소금빵 #홈베이커 #홈베이킹 #homebaker #homebaking #homebaked #viralshort #viralfood #viraldessert #delicious #deliciousdessert #deliciousrecipe #맛있다 #추천 #핫트렌드 #","{""kind"": ""youtube#video"", ""etag"": ""VCbBJcmguwfZpYiY7KQxgq6cb2s"", ""id"": ""FYdcRLDk_SI"", ""snippet"": {""publishedAt"": ""2026-05-25T10:04:00Z"", ""channelId"": ""UC_b_tOD_CkD8GkX_56-zsUQ"", ""title"": ""I haven’t stopped thinking about this Dubai Chocolate Salt Bread since I made it…"", ""description"": ""Send this to someone who should make it for you🙂‍↕️ \n\n#dubaichcolate #dubaidesserts #saltbread #saltbreadrecipe #chocolatesaltbread #chocolatebread #chocolate #두바이쫀득쿠키 #두바이초콜렛 #dubaichewycookie #소금빵 #소금빵만들기 #초코디저트 #초코두바이소금빵 #홈베이커 #홈베이킹 #homebaker #homebaking #homebaked #viralshort #viralfood #viraldessert #delicious #deliciousdessert #deliciousrecipe #맛있다 #추천 #핫트렌드 #"", ""thumbnails"": {""default"": {""url"": ""https://i.ytimg.com/vi/FYdcRLDk_SI/default.jpg"", ""width"": 120, ""height"": 90}, ""medium"": {""url"": ""https://i.ytimg.com/vi/FYdcRLDk_SI/mqdefault.jpg"", ""width"": 320, ""height"": 180}, ""high"": {""url"": ""https://i.ytimg.com/vi/FYdcRLDk_SI/hqdefault.jpg"", ""width"": 480, ""height"": 360}, ""standard"": {""url"": ""https://i.ytimg.com/vi/FYdcRLDk_SI/sddefault.jpg"", ""width"": 640, ""height"": 480}, ""maxres"": {""url"": ""https://i.ytimg.com/vi/FYdcRLDk_SI/maxresdefault.jpg"", ""width"": 1280, ""height"": 720}}, ""channelTitle"": ""LalaBoc._.CookingDiary"", ""categoryId"": ""26"", ""liveBroadcastContent"": ""none"", ""defaultLanguage"": ""ko"", ""localized"": {""title"": ""I haven’t stopped thinking about this Dubai Chocolate Salt Bread since I made it…"", ""description"": ""Send this to someone who should make it for you🙂‍↕️ \n\n#dubaichcolate #dubaidesserts #saltbread #saltbreadrecipe #chocolatesaltbread #chocolatebread #chocolate #두바이쫀득쿠키 #두바이초콜렛 #dubaichewycookie #소금빵 #소금빵만들기 #초코디저트 #초코두바이소금빵 #홈베이커 #홈베이킹 #homebaker #homebaking #homebaked #viralshort #viralfood #viraldessert #delicious #deliciousdessert #deliciousrecipe #맛있다 #추천 #핫트렌드 #""}, ""defaultAudioLanguage"": ""en""}, ""statistics"": {""viewCount"": ""1769"", ""likeCount"": ""25"", ""favoriteCount"": ""0"", ""commentCount"": ""3""}}"
두쫀쿠,preset,두바이 쫀득 쿠키,Mc4MO5uwURQ,#blackpink #보습제추천 #뮤트메이크업 #kpop #모공케어 #먹방 #fashion #두바이쫀득쿠키 #상황극 #skincare #좋아요 #좋아요 #틱톡 #유튜버,2026-05-25T03:36:21Z,725,4,0,https://www.youtube.com/watch?v=Mc4MO5uwURQ,youtube,두바이 쫀득 쿠키,alias,1.0,2026-05-26T11:39:31.823168+00:00,725,4,0,4,아공이,,"{""kind"": ""youtube#video"", ""etag"": ""ONSFk8mi-hL7NKO6jlTJyE_aWSA"", ""id"": ""Mc4MO5uwURQ"", ""snippet"": {""publishedAt"": ""2026-05-25T03:36:21Z"", ""channelId"": ""UC5kqxBQOOyV0wM3v5AJ009w"", ""title"": ""#blackpink #보습제추천 #뮤트메이크업 #kpop #모공케어 #먹방 #fashion #두바이쫀득쿠키 #상황극 #skincare #좋아요 #좋아요 #틱톡 #유튜버"", ""description"": """", ""thumbnails"": {""default"": {""url"": ""https://i.ytimg.com/vi/Mc4MO5uwURQ/default.jpg"", ""width"": 120, ""height"": 90}, ""medium"": {""url"": ""https://i.ytimg.com/vi/Mc4MO5uwURQ/mqdefault.jpg"", ""width"": 320, ""height"": 180}, ""high"": {""url"": ""https://i.ytimg.com/vi/Mc4MO5uwURQ/hqdefault.jpg"", ""width"": 480, ""height"": 360}, ""standard"": {""url"": ""https://i.ytimg.com/vi/Mc4MO5uwURQ/sddefault.jpg"", ""width"": 640, ""height"": 480}, ""maxres"": {""url"": ""https://i.ytimg.com/vi/Mc4MO5uwURQ/maxresdefault.jpg"", ""width"": 1280, ""height"": 720}}, ""channelTitle"": ""아공이"", ""categoryId"": ""24"", ""liveBroadcastContent"": ""none"", ""defaultLanguage"": ""ko"", ""localized"": {""title"": ""#blackpink #보습제추천 #뮤트메이크업 #kpop #모공케어 #먹방 #fashion #두바이쫀득쿠키 #상황극 #skincare #좋아요 #좋아요 #틱톡 #유튜버"", ""description"": """"}, ""defaultAudioLanguage"": ""ko""}, ""statistics"": {""viewCount"": ""725"", ""likeCount"": ""4"", ""favoriteCount"": ""0"", ""commentCount"": ""0""}}"
두쫀쿠,preset,두바이 쫀득 쿠키,-fehL8OaoT0,두바이 쫀득쿠키 타워,2026-05-25T03:03:37Z,23,2,0,https://www.youtube.com/watch?v=-fehL8OaoT0,youtube,두바이 쫀득 쿠키,alias,1.0,2026-05-26T11:39:31.823168+00:00,23,2,0,2,루아🩷,,"{""kind"": ""youtube#video"", ""etag"": ""V1TUeZ73rb-qn_qHY8bN-jjhocc"", ""id"": ""-fehL8OaoT0"", ""snippet"": {""publishedAt"": ""2026-05-25T03:03:37Z"", ""channelId"": ""UC1GrFShbi9oeQYRNAdJr4Vg"", ""title"": ""두바이 쫀득쿠키 타워"", ""description"": """", ""thumbnails"": {""default"": {""url"": ""https://i.ytimg.com/vi/-fehL8OaoT0/default.jpg"", ""width"": 120, ""height"": 90}, ""medium"": {""url"": ""https://i.ytimg.com/vi/-fehL8OaoT0/mqdefault.jpg"", ""width"": 320, ""height"": 180}, ""high"": {""url"": ""https://i.ytimg.com/vi/-fehL8OaoT0/hqdefault.jpg"", ""width"": 480, ""height"": 360}, ""standard"": {""url"": ""https://i.ytimg.com/vi/-fehL8OaoT0/sddefault.jpg"", ""width"": 640, ""height"": 480}, ""maxres"": {""url"": ""https://i.ytimg.com/vi/-fehL8OaoT0/maxresdefault.jpg"", ""width"": 1280, ""height"": 720}}, ""channelTitle"": ""루아🩷"", ""categoryId"": ""22"", ""liveBroadcastContent"": ""none"", ""defaultLanguage"": ""ko"", ""localized"": {""title"": ""두바이 쫀득쿠키 타워"", ""description"": """"}, ""defaultAudioLanguage"": ""ko""}, ""statistics"": {""viewCount"": ""23"", ""likeCount"": ""2"", ""favoriteCount"": ""0"", ""commentCount"": ""0""}}"
두쫀쿠,preset,두바이 쫀득 쿠키,YjCzwqfezPM,"달콤하고 쫀득한 두바이쫀득쿠키, 개별포장으로 선물하기 딱 좋아요! 🎁🍪",2026-05-24T17:02:32Z,6,1,1,https://www.youtube.com/watch?v=YjCzwqfezPM,youtube,두바이 쫀득 쿠키,alias,1.0,2026-05-26T11:39:31.823168+00:00,6,1,1,2,픽마켓,"본 영상은 파트너스 활동으로 제작되었으며, 수수료를 제공받습니다. 구매자에게 추가로 발생하는 비용은 없습니다.
💙구매링크: https://link.coupang.com/a/d1iFsyd2js
[00:00] 1. 면세점인기 두바이 쫀득쿠키 개별포장 프리미엄 디저트 선물, 10개, 50g
- 개별포장으로 신선함 유지  
- 프리미엄 디저트 선물용  
- 쫀득한 식감의 인기 쿠키  
- 휴대 간편한 10개 세트
[49,450]

위 제품은 구매 시기에 따라 품절 또는 가격 변동 될 수 있습니다.
지금 바로 💙구매링크💙 확인해 주세요! 
행복한 하루 되세요. 감사합니다.
#두바이쫀득쿠키","{""kind"": ""youtube#video"", ""etag"": ""fIODQGx30zUtWkIS0pB6jRoRv1g"", ""id"": ""YjCzwqfezPM"", ""snippet"": {""publishedAt"": ""2026-05-24T17:02:32Z"", ""channelId"": ""UCHMvA1A_2jvlMW_UZihcTIw"", ""title"": ""달콤하고 쫀득한 두바이쫀득쿠키, 개별포장으로 선물하기 딱 좋아요! 🎁🍪"", ""description"": ""본 영상은 파트너스 활동으로 제작되었으며, 수수료를 제공받습니다. 구매자에게 추가로 발생하는 비용은 없습니다.\n💙구매링크: https://link.coupang.com/a/d1iFsyd2js\n[00:00] 1. 면세점인기 두바이 쫀득쿠키 개별포장 프리미엄 디저트 선물, 10개, 50g\n- 개별포장으로 신선함 유지  \n- 프리미엄 디저트 선물용  \n- 쫀득한 식감의 인기 쿠키  \n- 휴대 간편한 10개 세트\n[49,450]\n\n위 제품은 구매 시기에 따라 품절 또는 가격 변동 될 수 있습니다.\n지금 바로 💙구매링크💙 확인해 주세요! \n행복한 하루 되세요. 감사합니다.\n#두바이쫀득쿠키"", ""thumbnails"": {""default"": {""url"": ""https://i.ytimg.com/vi/YjCzwqfezPM/default.jpg"", ""width"": 120, ""height"": 90}, ""medium"": {""url"": ""https://i.ytimg.com/vi/YjCzwqfezPM/mqdefault.jpg"", ""width"": 320, ""height"": 180}, ""high"": {""url"": ""https://i.ytimg.com/vi/YjCzwqfezPM/hqdefault.jpg"", ""width"": 480, ""height"": 360}, ""standard"": {""url"": ""https://i.ytimg.com/vi/YjCzwqfezPM/sddefault.jpg"", ""width"": 640, ""height"": 480}, ""maxres"": {""url"": ""https://i.ytimg.com/vi/YjCzwqfezPM/maxresdefault.jpg"", ""width"": 1280, ""height"": 720}}, ""channelTitle"": ""픽마켓"", ""tags"": [""두바이쫀득쿠키"", ""두바이쫀득쿠키추천"", ""두바이쫀득쿠키후기"", ""두바이쫀득쿠키구매후기"", ""두바이쫀득쿠키가격비교"", ""두바이쫀득쿠키가격"", ""두바이쫀득쿠키순위"", ""두바이쫀득쿠키사용기"", ""두바이쫀득쿠키잘사는법"", ""두바이쫀득쿠키구매리뷰"", ""두바이쫀득쿠키리뷰"", ""쿠팡두바이쫀득쿠키"", ""두바이쫀득쿠키쿠팡""], ""categoryId"": ""22"", ""liveBroadcastContent"": ""none"", ""defaultLanguage"": ""ko"", ""localized"": {""title"": ""달콤하고 쫀득한 두바이쫀득쿠키, 개별포장으로 선물하기 딱 좋아요! 🎁🍪"", ""description"": ""본 영상은 파트너스 활동으로 제작되었으며, 수수료를 제공받습니다. 구매자에게 추가로 발생하는 비용은 없습니다.\n💙구매링크: https://link.coupang.com/a/d1iFsyd2js\n[00:00] 1. 면세점인기 두바이 쫀득쿠키 개별포장 프리미엄 디저트 선물, 10개, 50g\n- 개별포장으로 신선함 유지  \n- 프리미엄 디저트 선물용  \n- 쫀득한 식감의 인기 쿠키  \n- 휴대 간편한 10개 세트\n[49,450]\n\n위 제품은 구매 시기에 따라 품절 또는 가격 변동 될 수 있습니다.\n지금 바로 💙구매링크💙 확인해 주세요! \n행복한 하루 되세요. 감사합니다.\n#두바이쫀득쿠키""}}, ""statistics"": {""viewCount"": ""6"", ""likeCount"": ""1"", ""favoriteCount"": ""0"", ""commentCount"": ""1""}}"
두쫀쿠,preset,두바이 쫀득 쿠키,wfiOBKLj3hI,오영수문학관 길 위의 인문학 후기｜두바이 쫀득 쿠키와 꽃누르미 부채 만들기,2026-05-24T14:41:56Z,0,0,0,https://www.youtube.com/watch?v=wfiOBKLj3hI,youtube,두바이 쫀득 쿠키,alias,1.0,2026-05-26T11:39:31.823168+00:00,0,0,0,0,행복선미 ,#길위의인문학 #오영수문학관 #울주군프로그램 #체험학습 #두바이쫀득쿠키 #꽃누르미부채 #육아일상 #초등육아 #주말체험 #감사일기 #성장기록 #마음챙김 #행복선미 #독박육아 #엄마의성장일기,"{""kind"": ""youtube#video"", ""etag"": ""FE5ubZJCD69qZxj1QLBA_uH78OI"", ""id"": ""wfiOBKLj3hI"", ""snippet"": {""publishedAt"": ""2026-05-24T14:41:56Z"", ""channelId"": ""UCOhqRUM0fmMe-SSrhqCEbag"", ""title"": ""오영수문학관 길 위의 인문학 후기｜두바이 쫀득 쿠키와 꽃누르미 부채 만들기"", ""description"": ""#길위의인문학 #오영수문학관 #울주군프로그램 #체험학습 #두바이쫀득쿠키 #꽃누르미부채 #육아일상 #초등육아 #주말체험 #감사일기 #성장기록 #마음챙김 #행복선미 #독박육아 #엄마의성장일기"", ""thumbnails"": {""default"": {""url"": ""https://i.ytimg.com/vi/wfiOBKLj3hI/default.jpg"", ""width"": 120, ""height"": 90}, ""medium"": {""url"": ""https://i.ytimg.com/vi/wfiOBKLj3hI/mqdefault.jpg"", ""width"": 320, ""height"": 180}, ""high"": {""url"": ""https://i.ytimg.com/vi/wfiOBKLj3hI/hqdefault.jpg"", ""width"": 480, ""height"": 360}, ""standard"": {""url"": ""https://i.ytimg.com/vi/wfiOBKLj3hI/sddefault.jpg"", ""width"": 640, ""height"": 480}, ""maxres"": {""url"": ""https://i.ytimg.com/vi/wfiOBKLj3hI/maxresdefault.jpg"", ""width"": 1280, ""height"": 720}}, ""channelTitle"": ""행복선미 "", ""categoryId"": ""22"", ""liveBroadcastContent"": ""none"", ""defaultLanguage"": ""ko"", ""localized"": {""title"": ""오영수문학관 길 위의 인문학 후기｜두바이 쫀득 쿠키와 꽃누르미 부채 만들기"", ""description"": ""#길위의인문학 #오영수문학관 #울주군프로그램 #체험학습 #두바이쫀득쿠키 #꽃누르미부채 #육아일상 #초등육아 #주말체험 #감사일기 #성장기록 #마음챙김 #행복선미 #독박육아 #엄마의성장일기""}}, ""statistics"": {""viewCount"": ""0"", ""likeCount"": ""0"", ""favoriteCount"": ""0"", ""commentCount"": ""0""}}"
두쫀쿠,preset,두바이 쫀득 쿠키,1h0yi0P28Ec,로블록스 쿠키런?,2026-05-24T13:37:44Z,3,1,0,https://www.youtube.com/watch?v=1h0yi0P28Ec,youtube,두바이 쫀득 쿠키,alias,1.0,2026-05-26T11:39:31.823168+00:00,3,1,0,1,럭키블석,"스킨케이스 사진 출처 구글
두바이쫀득쿠키 사진 출처 구글
게임 로블록스
로블맵 쿠키런 왕국 타워(쿠키런 킹덤 타워)
#로블록스
#쿠킹덤
#cookierunkingdom","{""kind"": ""youtube#video"", ""etag"": ""PqOiadnIe-NeZ6JqvTQRM5btUck"", ""id"": ""1h0yi0P28Ec"", ""snippet"": {""publishedAt"": ""2026-05-24T13:37:44Z"", ""channelId"": ""UCDEYHlptRSCIxGPpwSnSdNQ"", ""title"": ""로블록스 쿠키런?"", ""description"": ""스킨케이스 사진 출처 구글\n두바이쫀득쿠키 사진 출처 구글\n게임 로블록스\n로블맵 쿠키런 왕국 타워(쿠키런 킹덤 타워)\n#로블록스\n#쿠킹덤\n#cookierunkingdom"", ""thumbnails"": {""default"": {""url"": ""https://i.ytimg.com/vi/1h0yi0P28Ec/default.jpg"", ""width"": 120, ""height"": 90}, ""medium"": {""url"": ""https://i.ytimg.com/vi/1h0yi0P28Ec/mqdefault.jpg"", ""width"": 320, ""height"": 180}, ""high"": {""url"": ""https://i.ytimg.com/vi/1h0yi0P28Ec/hqdefault.jpg"", ""width"": 480, ""height"": 360}, ""standard"": {""url"": ""https://i.ytimg.com/vi/1h0yi0P28Ec/sddefault.jpg"", ""width"": 640, ""height"": 480}, ""maxres"": {""url"": ""https://i.ytimg.com/vi/1h0yi0P28Ec/maxresdefault.jpg"", ""width"": 1280, ""height"": 720}}, ""channelTitle"": ""럭키블석"", ""categoryId"": ""22"", ""liveBroadcastContent"": ""none"", ""defaultLanguage"": ""ko"", ""localized"": {""title"": ""로블록스 쿠키런?"", ""description"": ""스킨케이스 사진 출처 구글\n두바이쫀득쿠키 사진 출처 구글\n게임 로블록스\n로블맵 쿠키런 왕국 타워(쿠키런 킹덤 타워)\n#로블록스\n#쿠킹덤\n#cookierunkingdom""}}, ""statistics"": {""viewCount"": ""3"", ""likeCount"": ""1"", ""favoriteCount"": ""0"", ""commentCount"": ""0""}}"
두쫀쿠,preset,두바이 쫀득 쿠키,0M2oTAxjIZ4,두바이 쫀득쿠키 사줄사람🥰😍,2026-05-24T05:53:59Z,1985,7,0,https://www.youtube.com/watch?v=0M2oTAxjIZ4,youtube,두바이 쫀득 쿠키,alias,1.0,2026-05-26T11:39:31.823168+00:00,1985,7,0,7,밍구,,"{""kind"": ""youtube#video"", ""etag"": ""_MsvPxenkLE1hDvdxUuqMKxCC_E"", ""id"": ""0M2oTAxjIZ4"", ""snippet"": {""publishedAt"": ""2026-05-24T05:53:59Z"", ""channelId"": ""UCbmSmeD5DjcxqeGlk6ndRYg"", ""title"": ""두바이 쫀득쿠키 사줄사람🥰😍"", ""description"": """", ""thumbnails"": {""default"": {""url"": ""https://i.ytimg.com/vi/0M2oTAxjIZ4/default.jpg"", ""width"": 120, ""height"": 90}, ""medium"": {""url"": ""https://i.ytimg.com/vi/0M2oTAxjIZ4/mqdefault.jpg"", ""width"": 320, ""height"": 180}, ""high"": {""url"": ""https://i.ytimg.com/vi/0M2oTAxjIZ4/hqdefault.jpg"", ""width"": 480, ""height"": 360}, ""standard"": {""url"": ""https://i.ytimg.com/vi/0M2oTAxjIZ4/sddefault.jpg"", ""width"": 640, ""height"": 480}, ""maxres"": {""url"": ""https://i.ytimg.com/vi/0M2oTAxjIZ4/maxresdefault.jpg"", ""width"": 1280, ""height"": 720}}, ""channelTitle"": ""밍구"", ""categoryId"": ""22"", ""liveBroadcastContent"": ""none"", ""defaultLanguage"": ""ko"", ""localized"": {""title"": ""두바이 쫀득쿠키 사줄사람🥰😍"", ""description"": """"}}, ""statistics"": {""viewCount"": ""1985"", ""likeCount"": ""7"", ""favoriteCount"": ""0"", ""commentCount"": ""0""}}"
두쫀쿠,preset,두바이 쫀득 쿠키,LtP4azN4-l8,환상의 쫀득쿠키  #간식#두바이 쫀득쿠키,2026-05-23T23:39:42Z,602,2,1,https://www.youtube.com/watch?v=LtP4azN4-l8,youtube,두바이 쫀득 쿠키,alias,1.0,2026-05-26T11:39:31.823168+00:00,602,2,1,3,이금비,"먹어보면 놀라요""난리난 쫀득쿠키""
""구매와 상품설명은 댓글창,또는 프로필 링크 확인 하세요!
쿠팡파트너스 활동으로 수수료를 받읍니디""","{""kind"": ""youtube#video"", ""etag"": ""DoVnACEXpo44IQzwKv3pJwoxn1A"", ""id"": ""LtP4azN4-l8"", ""snippet"": {""publishedAt"": ""2026-05-23T23:39:42Z"", ""channelId"": ""UCDmCVWvDSHxvdSKcb3-WYdg"", ""title"": ""환상의 쫀득쿠키  #간식#두바이 쫀득쿠키"", ""description"": ""먹어보면 놀라요\""난리난 쫀득쿠키\""\n\""구매와 상품설명은 댓글창,또는 프로필 링크 확인 하세요!\n쿠팡파트너스 활동으로 수수료를 받읍니디\"""", ""thumbnails"": {""default"": {""url"": ""https://i.ytimg.com/vi/LtP4azN4-l8/default.jpg"", ""width"": 120, ""height"": 90}, ""medium"": {""url"": ""https://i.ytimg.com/vi/LtP4azN4-l8/mqdefault.jpg"", ""width"": 320, ""height"": 180}, ""high"": {""url"": ""https://i.ytimg.com/vi/LtP4azN4-l8/hqdefault.jpg"", ""width"": 480, ""height"": 360}, ""standard"": {""url"": ""https://i.ytimg.com/vi/LtP4azN4-l8/sddefault.jpg"", ""width"": 640, ""height"": 480}, ""maxres"": {""url"": ""https://i.ytimg.com/vi/LtP4azN4-l8/maxresdefault.jpg"", ""width"": 1280, ""height"": 720}}, ""channelTitle"": ""이금비"", ""categoryId"": ""22"", ""liveBroadcastContent"": ""none"", ""defaultLanguage"": ""ko"", ""localized"": {""title"": ""환상의 쫀득쿠키  #간식#두바이 쫀득쿠키"", ""description"": ""먹어보면 놀라요\""난리난 쫀득쿠키\""\n\""구매와 상품설명은 댓글창,또는 프로필 링크 확인 하세요!\n쿠팡파트너스 활동으로 수수료를 받읍니디\""""}}, ""statistics"": {""viewCount"": ""602"", ""likeCount"": ""2"", ""favoriteCount"": ""0"", ""commentCount"": ""1""}}"
두쫀쿠,preset,두바이 쫀득 쿠키,TDrPwz0Hvd8,두바이쫀득쿠키 ASMR #asmr #부서지는소리 #수면asmr #중독영상 #릴스 #두바이초콜렛 #두바이 #힐링영상 #사각사각 #바스락 #먹방asmr #디저트 #초콜릿asmr,2026-05-23T17:56:55Z,1628,16,0,https://www.youtube.com/watch?v=TDrPwz0Hvd8,youtube,두바이 쫀득 쿠키,alias,1.0,2026-05-26T11:39:31.823168+00:00,1628,16,0,16,CrunchCrunch,,"{""kind"": ""youtube#video"", ""etag"": ""VZb1uUiwPJO3p-C2itsXZPQoH54"", ""id"": ""TDrPwz0Hvd8"", ""snippet"": {""publishedAt"": ""2026-05-23T17:56:55Z"", ""channelId"": ""UCcv9L4Gg8XOS4EAZ8Fvto_w"", ""title"": ""두바이쫀득쿠키 ASMR #asmr #부서지는소리 #수면asmr #중독영상 #릴스 #두바이초콜렛 #두바이 #힐링영상 #사각사각 #바스락 #먹방asmr #디저트 #초콜릿asmr"", ""description"": """", ""thumbnails"": {""default"": {""url"": ""https://i.ytimg.com/vi/TDrPwz0Hvd8/default.jpg"", ""width"": 120, ""height"": 90}, ""medium"": {""url"": ""https://i.ytimg.com/vi/TDrPwz0Hvd8/mqdefault.jpg"", ""width"": 320, ""height"": 180}, ""high"": {""url"": ""https://i.ytimg.com/vi/TDrPwz0Hvd8/hqdefault.jpg"", ""width"": 480, ""height"": 360}, ""standard"": {""url"": ""https://i.ytimg.com/vi/TDrPwz0Hvd8/sddefault.jpg"", ""width"": 640, ""height"": 480}, ""maxres"": {""url"": ""https://i.ytimg.com/vi/TDrPwz0Hvd8/maxresdefault.jpg"", ""width"": 1280, ""height"": 720}}, ""channelTitle"": ""CrunchCrunch"", ""categoryId"": ""22"", ""liveBroadcastContent"": ""none"", ""defaultLanguage"": ""ko"", ""localized"": {""title"": ""두바이쫀득쿠키 ASMR #asmr #부서지는소리 #수면asmr #중독영상 #릴스 #두바이초콜렛 #두바이 #힐링영상 #사각사각 #바스락 #먹방asmr #디저트 #초콜릿asmr"", ""description"": """"}}, ""statistics"": {""viewCount"": ""1628"", ""likeCount"": ""16"", ""favoriteCount"": ""0"", ""commentCount"": ""0""}}"
두쫀쿠,preset,두바이 쫀득 쿠키,PhnFzSuPdN0,한 입만 #두바이쫀득쿠키 #댄스챌린지,2026-05-23T15:33:27Z,73,1,0,https://www.youtube.com/watch?v=PhnFzSuPdN0,youtube,두바이 쫀득 쿠키,alias,1.0,2026-05-26T11:39:31.823168+00:00,73,1,0,1,오늘도 리아시아,,"{""kind"": ""youtube#video"", ""etag"": ""USHBkG3aiiP8Ks-suRdDSO0Q34Y"", ""id"": ""PhnFzSuPdN0"", ""snippet"": {""publishedAt"": ""2026-05-23T15:33:27Z"", ""channelId"": ""UCAMZOHR0aOjsLeVhlC-v_bg"", ""title"": ""한 입만 #두바이쫀득쿠키 #댄스챌린지"", ""description"": """", ""thumbnails"": {""default"": {""url"": ""https://i.ytimg.com/vi/PhnFzSuPdN0/default.jpg"", ""width"": 120, ""height"": 90}, ""medium"": {""url"": ""https://i.ytimg.com/vi/PhnFzSuPdN0/mqdefault.jpg"", ""width"": 320, ""height"": 180}, ""high"": {""url"": ""https://i.ytimg.com/vi/PhnFzSuPdN0/hqdefault.jpg"", ""width"": 480, ""height"": 360}, ""standard"": {""url"": ""https://i.ytimg.com/vi/PhnFzSuPdN0/sddefault.jpg"", ""width"": 640, ""height"": 480}, ""maxres"": {""url"": ""https://i.ytimg.com/vi/PhnFzSuPdN0/maxresdefault.jpg"", ""width"": 1280, ""height"": 720}}, ""channelTitle"": ""오늘도 리아시아"", ""categoryId"": ""22"", ""liveBroadcastContent"": ""none"", ""defaultLanguage"": ""ko"", ""localized"": {""title"": ""한 입만 #두바이쫀득쿠키 #댄스챌린지"", ""description"": """"}}, ""statistics"": {""viewCount"": ""73"", ""likeCount"": ""1"", ""favoriteCount"": ""0""}}"
두쫀쿠,preset,두바이 쫀득 쿠키,bMhH2fHQP5k,한물간 줄 알았는데… 이건 아직 안 끝났네ㅋㅋ,2026-05-23T12:26:21Z,387,3,1,https://www.youtube.com/watch?v=bMhH2fHQP5k,youtube,두바이 쫀득 쿠키,alias,1.0,2026-05-26T11:39:31.823168+00:00,387,3,1,4,괜히집음,"요즘 두바이 디저트 한물간 줄 알았는데…
이건 아직 안 끝났네요ㅋㅋ🍪
저는 차갑게 먹는 게 맛있었고
우리 딸은 살짝 데워 먹던데
그것도 진짜 맛있다네요👀
CU 가면 한 번 드셔보세요☕✨
📌 비슷한 꾸덕쿠키 & 피스타치오 디저트도 구경해보세요👇

✅️https://link.coupang.com/a/dZkc1BfQTk
✅️https://link.coupang.com/a/dZkjb6HUNE

※ 이 포스팅은 쿠팡 파트너스 활동의 일환으로,
이에 따른 일정액의 수수료를 제공받을 수 있습니다.


#CU신상 #두바이식쫀득쿠키 #편의점디저트 #디저트추천 #먹방 #shorts #피스타치오 #꾸덕쿠키 #CU추천 #쿠팡파트너스","{""kind"": ""youtube#video"", ""etag"": ""xMj-zP23hHAArSTHU4aF3Eb1EF4"", ""id"": ""bMhH2fHQP5k"", ""snippet"": {""publishedAt"": ""2026-05-23T12:26:21Z"", ""channelId"": ""UCRudJQPGsxcihasHjHtfjNA"", ""title"": ""한물간 줄 알았는데… 이건 아직 안 끝났네ㅋㅋ"", ""description"": ""요즘 두바이 디저트 한물간 줄 알았는데…\n이건 아직 안 끝났네요ㅋㅋ🍪\n저는 차갑게 먹는 게 맛있었고\n우리 딸은 살짝 데워 먹던데\n그것도 진짜 맛있다네요👀\nCU 가면 한 번 드셔보세요☕✨\n📌 비슷한 꾸덕쿠키 & 피스타치오 디저트도 구경해보세요👇\n\n✅️https://link.coupang.com/a/dZkc1BfQTk\n✅️https://link.coupang.com/a/dZkjb6HUNE\n\n※ 이 포스팅은 쿠팡 파트너스 활동의 일환으로,\n이에 따른 일정액의 수수료를 제공받을 수 있습니다.\n\n\n#CU신상 #두바이식쫀득쿠키 #편의점디저트 #디저트추천 #먹방 #shorts #피스타치오 #꾸덕쿠키 #CU추천 #쿠팡파트너스"", ""thumbnails"": {""default"": {""url"": ""https://i.ytimg.com/vi/bMhH2fHQP5k/default.jpg"", ""width"": 120, ""height"": 90}, ""medium"": {""url"": ""https://i.ytimg.com/vi/bMhH2fHQP5k/mqdefault.jpg"", ""width"": 320, ""height"": 180}, ""high"": {""url"": ""https://i.ytimg.com/vi/bMhH2fHQP5k/hqdefault.jpg"", ""width"": 480, ""height"": 360}, ""standard"": {""url"": ""https://i.ytimg.com/vi/bMhH2fHQP5k/sddefault.jpg"", ""width"": 640, ""height"": 480}, ""maxres"": {""url"": ""https://i.ytimg.com/vi/bMhH2fHQP5k/maxresdefault.jpg"", ""width"": 1280, ""height"": 720}}, ""channelTitle"": ""괜히집음"", ""categoryId"": ""22"", ""liveBroadcastContent"": ""none"", ""defaultLanguage"": ""ko"", ""localized"": {""title"": ""한물간 줄 알았는데… 이건 아직 안 끝났네ㅋㅋ"", ""description"": ""요즘 두바이 디저트 한물간 줄 알았는데…\n이건 아직 안 끝났네요ㅋㅋ🍪\n저는 차갑게 먹는 게 맛있었고\n우리 딸은 살짝 데워 먹던데\n그것도 진짜 맛있다네요👀\nCU 가면 한 번 드셔보세요☕✨\n📌 비슷한 꾸덕쿠키 & 피스타치오 디저트도 구경해보세요👇\n\n✅️https://link.coupang.com/a/dZkc1BfQTk\n✅️https://link.coupang.com/a/dZkjb6HUNE\n\n※ 이 포스팅은 쿠팡 파트너스 활동의 일환으로,\n이에 따른 일정액의 수수료를 제공받을 수 있습니다.\n\n\n#CU신상 #두바이식쫀득쿠키 #편의점디저트 #디저트추천 #먹방 #shorts #피스타치오 #꾸덕쿠키 #CU추천 #쿠팡파트너스""}, ""defaultAudioLanguage"": ""ko""}, ""statistics"": {""viewCount"": ""387"", ""likeCount"": ""3"", ""favoriteCount"": ""0"", ""commentCount"": ""1""}}"
두쫀쿠,preset,두바이 쫀득 쿠키,wKUBgFgyKrw,가격 폭락한 두쫀쿠?? 편의점보다 저렴한 2천원이라고? 이 가격 실환가..? #두쫀쿠 #두바이쫀득쿠키 #홍대 #연남동 #카페 #카페투어 #가성비 #가볼만한곳 #길거리음식 #디저트,2026-05-23T04:05:14Z,17419,114,6,https://www.youtube.com/watch?v=wKUBgFgyKrw,youtube,두바이 쫀득 쿠키,alias,1.0,2026-05-26T11:39:31.823168+00:00,17419,114,6,120,먹픽스_muk_picks,"🥠 #버터앤쉘터 연남점

✅️ 위 치
서울 마포구 성미산로 170 102호

✅️ 운영 시간
매일 10:00 ~ 21:00

✅️ 기 간
5월 31일까지

✅️ 가 격
두바이 쫀득쿠키 2,900원

----------------------------------------------
#홍대카페 #연남동카페 #서울가볼만한곳
#홍대맛집 #연남동맛집 #핫플 #디저트카페 #디저트맛집 #데이트 #데이트코스 #연남동데이트 #홍대데이트 #빵 #빵순이 #빵지순례 #빵맛집 #빵집투어 #빵집 #간식 #간식추천 #간식리뷰 
#두바이초콜렛 #두바이초콜릿 #초콜렛 #초콜릿 
#연남동디저트 #가성비맛집 #천원의행복 #쿠키 #쿠키맛집 #만원의행복 #koreanfood #koreafood 
#dessert #delicious #dubai #dubaichocolate
#dubaichewycookies #cookies #streetfood 
#snack #cafe #cafetour #chocolate","{""kind"": ""youtube#video"", ""etag"": ""4LRnO7ftAOjDZr5c2kBVxUG1epA"", ""id"": ""wKUBgFgyKrw"", ""snippet"": {""publishedAt"": ""2026-05-23T04:05:14Z"", ""channelId"": ""UCBRWksp0E-Fk5zycjt1QKYw"", ""title"": ""가격 폭락한 두쫀쿠?? 편의점보다 저렴한 2천원이라고? 이 가격 실환가..? #두쫀쿠 #두바이쫀득쿠키 #홍대 #연남동 #카페 #카페투어 #가성비 #가볼만한곳 #길거리음식 #디저트"", ""description"": ""🥠 #버터앤쉘터 연남점\n\n✅️ 위 치\n서울 마포구 성미산로 170 102호\n\n✅️ 운영 시간\n매일 10:00 ~ 21:00\n\n✅️ 기 간\n5월 31일까지\n\n✅️ 가 격\n두바이 쫀득쿠키 2,900원\n\n----------------------------------------------\n#홍대카페 #연남동카페 #서울가볼만한곳\n#홍대맛집 #연남동맛집 #핫플 #디저트카페 #디저트맛집 #데이트 #데이트코스 #연남동데이트 #홍대데이트 #빵 #빵순이 #빵지순례 #빵맛집 #빵집투어 #빵집 #간식 #간식추천 #간식리뷰 \n#두바이초콜렛 #두바이초콜릿 #초콜렛 #초콜릿 \n#연남동디저트 #가성비맛집 #천원의행복 #쿠키 #쿠키맛집 #만원의행복 #koreanfood #koreafood \n#dessert #delicious #dubai #dubaichocolate\n#dubaichewycookies #cookies #streetfood \n#snack #cafe #cafetour #chocolate"", ""thumbnails"": {""default"": {""url"": ""https://i.ytimg.com/vi/wKUBgFgyKrw/default.jpg"", ""width"": 120, ""height"": 90}, ""medium"": {""url"": ""https://i.ytimg.com/vi/wKUBgFgyKrw/mqdefault.jpg"", ""width"": 320, ""height"": 180}, ""high"": {""url"": ""https://i.ytimg.com/vi/wKUBgFgyKrw/hqdefault.jpg"", ""width"": 480, ""height"": 360}, ""standard"": {""url"": ""https://i.ytimg.com/vi/wKUBgFgyKrw/sddefault.jpg"", ""width"": 640, ""height"": 480}, ""maxres"": {""url"": ""https://i.ytimg.com/vi/wKUBgFgyKrw/maxresdefault.jpg"", ""width"": 1280, ""height"": 720}}, ""channelTitle"": ""먹픽스_muk_picks"", ""categoryId"": ""22"", ""liveBroadcastContent"": ""none"", ""defaultLanguage"": ""ko"", ""localized"": {""title"": ""가격 폭락한 두쫀쿠?? 편의점보다 저렴한 2천원이라고? 이 가격 실환가..? #두쫀쿠 #두바이쫀득쿠키 #홍대 #연남동 #카페 #카페투어 #가성비 #가볼만한곳 #길거리음식 #디저트"", ""description"": ""🥠 #버터앤쉘터 연남점\n\n✅️ 위 치\n서울 마포구 성미산로 170 102호\n\n✅️ 운영 시간\n매일 10:00 ~ 21:00\n\n✅️ 기 간\n5월 31일까지\n\n✅️ 가 격\n두바이 쫀득쿠키 2,900원\n\n----------------------------------------------\n#홍대카페 #연남동카페 #서울가볼만한곳\n#홍대맛집 #연남동맛집 #핫플 #디저트카페 #디저트맛집 #데이트 #데이트코스 #연남동데이트 #홍대데이트 #빵 #빵순이 #빵지순례 #빵맛집 #빵집투어 #빵집 #간식 #간식추천 #간식리뷰 \n#두바이초콜렛 #두바이초콜릿 #초콜렛 #초콜릿 \n#연남동디저트 #가성비맛집 #천원의행복 #쿠키 #쿠키맛집 #만원의행복 #koreanfood #koreafood \n#dessert #delicious #dubai #dubaichocolate\n#dubaichewycookies #cookies #streetfood \n#snack #cafe #cafetour #chocolate""}, ""defaultAudioLanguage"": ""ko""}, ""statistics"": {""viewCount"": ""17419"", ""likeCount"": ""114"", ""favoriteCount"": ""0"", ""commentCount"": ""6""}}"
두쫀쿠,preset,두바이 쫀득 쿠키,Pfk6yMTicYw,CU 편의점 두쫀쿠 & 황치즈쫀쿠,2026-05-22T10:07:38Z,81,3,0,https://www.youtube.com/watch?v=Pfk6yMTicYw,youtube,두바이 쫀득 쿠키,alias,1.0,2026-05-26T11:39:31.823168+00:00,81,3,0,3,또하루,#mukbang #디저트먹방 #먹방 #두바이쫀득쿠키 #두쫀쿠 #cu편의점 #편의점간식 #편의점리뷰 #씨유신상 #황치즈,"{""kind"": ""youtube#video"", ""etag"": ""3VxhYFLCfp6llEHZuR9FRSg9mOI"", ""id"": ""Pfk6yMTicYw"", ""snippet"": {""publishedAt"": ""2026-05-22T10:07:38Z"", ""channelId"": ""UCSZenOK8Chye6K5QWdBxCGw"", ""title"": ""CU 편의점 두쫀쿠 & 황치즈쫀쿠"", ""description"": ""#mukbang #디저트먹방 #먹방 #두바이쫀득쿠키 #두쫀쿠 #cu편의점 #편의점간식 #편의점리뷰 #씨유신상 #황치즈"", ""thumbnails"": {""default"": {""url"": ""https://i.ytimg.com/vi/Pfk6yMTicYw/default.jpg"", ""width"": 120, ""height"": 90}, ""medium"": {""url"": ""https://i.ytimg.com/vi/Pfk6yMTicYw/mqdefault.jpg"", ""width"": 320, ""height"": 180}, ""high"": {""url"": ""https://i.ytimg.com/vi/Pfk6yMTicYw/hqdefault.jpg"", ""width"": 480, ""height"": 360}, ""standard"": {""url"": ""https://i.ytimg.com/vi/Pfk6yMTicYw/sddefault.jpg"", ""width"": 640, ""height"": 480}}, ""channelTitle"": ""또하루"", ""categoryId"": ""22"", ""liveBroadcastContent"": ""none"", ""defaultLanguage"": ""ko"", ""localized"": {""title"": ""CU 편의점 두쫀쿠 & 황치즈쫀쿠"", ""description"": ""#mukbang #디저트먹방 #먹방 #두바이쫀득쿠키 #두쫀쿠 #cu편의점 #편의점간식 #편의점리뷰 #씨유신상 #황치즈""}}, ""statistics"": {""viewCount"": ""81"", ""likeCount"": ""3"", ""favoriteCount"": ""0"", ""commentCount"": ""0""}}"
두쫀쿠,preset,두바이 쫀득 쿠키,S9Qu-3h4qQ0,"ASMR PINK DUBAI CHOCOLATE DESSERT 핑크 두바이 쫀득 쿠키 먹방 Mukbang, Eating",2026-05-21T10:00:06Z,1130,2,0,https://www.youtube.com/watch?v=S9Qu-3h4qQ0,youtube,두바이 쫀득 쿠키,alias,1.0,2026-05-26T11:39:31.823168+00:00,1130,2,0,2,ASMR Sugar Vibes,"ASMR PINK DUBAI CHOCOLATE DESSERT 핑크 두바이 쫀득 쿠키 먹방 Mukbang, Eating","{""kind"": ""youtube#video"", ""etag"": ""1oreyIktRslOkJLp1ov21nG3L1U"", ""id"": ""S9Qu-3h4qQ0"", ""snippet"": {""publishedAt"": ""2026-05-21T10:00:06Z"", ""channelId"": ""UCZ9kIXHd1cL4G8V7lQQu9Ow"", ""title"": ""ASMR PINK DUBAI CHOCOLATE DESSERT 핑크 두바이 쫀득 쿠키 먹방 Mukbang, Eating"", ""description"": ""ASMR PINK DUBAI CHOCOLATE DESSERT 핑크 두바이 쫀득 쿠키 먹방 Mukbang, Eating"", ""thumbnails"": {""default"": {""url"": ""https://i.ytimg.com/vi/S9Qu-3h4qQ0/default.jpg"", ""width"": 120, ""height"": 90}, ""medium"": {""url"": ""https://i.ytimg.com/vi/S9Qu-3h4qQ0/mqdefault.jpg"", ""width"": 320, ""height"": 180}, ""high"": {""url"": ""https://i.ytimg.com/vi/S9Qu-3h4qQ0/hqdefault.jpg"", ""width"": 480, ""height"": 360}, ""standard"": {""url"": ""https://i.ytimg.com/vi/S9Qu-3h4qQ0/sddefault.jpg"", ""width"": 640, ""height"": 480}, ""maxres"": {""url"": ""https://i.ytimg.com/vi/S9Qu-3h4qQ0/maxresdefault.jpg"", ""width"": 1280, ""height"": 720}}, ""channelTitle"": ""ASMR Sugar Vibes"", ""tags"": [""crunch sounds"", ""mouth sounds ASMR"", ""no talking ASMR"", ""tapping ASMR"", ""crinkling sounds"", ""satisfying crunch"", ""sticky sounds ASMR"", ""chewing sounds"", ""extreme crunch ASMR"", ""crispy sounds"", ""viral ASMR"", ""trending ASMR"", ""satisfying video"", ""addictive sounds"", ""most satisfying video"", ""you will sleep instantly"", ""99% sleep ASMR"", ""tingle guaranteed"", ""sleep in minutes"", ""calming sounds"", ""ASMR"", ""ASMR sounds"", ""ASMR eating"", ""satisfying ASMR"", ""ASMR food"", ""relaxing ASMR"", ""ASMR for sleep"", ""ASMR tingles"", ""sleep ASMR""], ""categoryId"": ""22"", ""liveBroadcastContent"": ""none"", ""defaultLanguage"": ""ko"", ""localized"": {""title"": ""ASMR PINK DUBAI CHOCOLATE DESSERT 핑크 두바이 쫀득 쿠키 먹방 Mukbang, Eating"", ""description"": ""ASMR PINK DUBAI CHOCOLATE DESSERT 핑크 두바이 쫀득 쿠키 먹방 Mukbang, Eating""}}, ""statistics"": {""viewCount"": ""1130"", ""likeCount"": ""2"", ""favoriteCount"": ""0"", ""commentCount"": ""0""}}"
두쫀쿠,preset,두바이 쫀득 쿠키,ec82AsBRJ10,할미입맛 사랑단 등장 👵 #몬트쿠키 #할매니얼 #수제쿠키 #아메리칸쿠키 #쿠키맛집,2026-05-21T09:48:58Z,10395,173,17,https://www.youtube.com/watch?v=ec82AsBRJ10,youtube,두바이 쫀득 쿠키,alias,1.0,2026-05-26T11:39:31.823168+00:00,10395,173,17,190,몬트쿠키 | 두바이쫀득쿠키 원조🧆,,"{""kind"": ""youtube#video"", ""etag"": ""idRuVLSubxVLZhxPr4uNRbWCXko"", ""id"": ""ec82AsBRJ10"", ""snippet"": {""publishedAt"": ""2026-05-21T09:48:58Z"", ""channelId"": ""UCAKiaMq_H1Vq8xBFYgGsj_Q"", ""title"": ""할미입맛 사랑단 등장 👵 #몬트쿠키 #할매니얼 #수제쿠키 #아메리칸쿠키 #쿠키맛집"", ""description"": """", ""thumbnails"": {""default"": {""url"": ""https://i.ytimg.com/vi/ec82AsBRJ10/default.jpg"", ""width"": 120, ""height"": 90}, ""medium"": {""url"": ""https://i.ytimg.com/vi/ec82AsBRJ10/mqdefault.jpg"", ""width"": 320, ""height"": 180}, ""high"": {""url"": ""https://i.ytimg.com/vi/ec82AsBRJ10/hqdefault.jpg"", ""width"": 480, ""height"": 360}, ""standard"": {""url"": ""https://i.ytimg.com/vi/ec82AsBRJ10/sddefault.jpg"", ""width"": 640, ""height"": 480}, ""maxres"": {""url"": ""https://i.ytimg.com/vi/ec82AsBRJ10/maxresdefault.jpg"", ""width"": 1280, ""height"": 720}}, ""channelTitle"": ""몬트쿠키 | 두바이쫀득쿠키 원조🧆"", ""categoryId"": ""22"", ""liveBroadcastContent"": ""none"", ""defaultLanguage"": ""ko"", ""localized"": {""title"": ""할미입맛 사랑단 등장 👵 #몬트쿠키 #할매니얼 #수제쿠키 #아메리칸쿠키 #쿠키맛집"", ""description"": """"}, ""defaultAudioLanguage"": ""ko""}, ""statistics"": {""viewCount"": ""10395"", ""likeCount"": ""173"", ""favoriteCount"": ""0"", ""commentCount"": ""17""}}"
두쫀쿠,preset,두바이 쫀득 쿠키,R3fzH0Iuksk,두바이 크런치 케이크 OPEN!💥 #몬트쿠키 #두바이케이크 #보틀케이크 #필로페이스트리 #브라우니,2026-05-21T09:04:42Z,66427,639,53,https://www.youtube.com/watch?v=R3fzH0Iuksk,youtube,두바이 쫀득 쿠키,alias,1.0,2026-05-26T11:39:31.823168+00:00,66427,639,53,692,몬트쿠키 | 두바이쫀득쿠키 원조🧆,"이거 진짜 식감으로 끝내버린 신상이에요..🔥

촉촉~하고 꾸덕한 브라우니 위에
고소한 피스타치오 카다이프 페이스트 듬뿍 올리고,

그 위를
바삭한 초코 필로페이스트리로
와르르 덮어버렸는데요..🤤

숟가락으로 한 입 뜨는 순간
파삭- 하고 부서지는 크런치 식감에

꾸덕한 초코,
녹진한 피스타치오,
촉촉한 브라우니가
한 번에 입 안 가득 밀려오는데..

진짜 손이 안 멈춰져요ㅠㅠ

특히 위에 올라간 초코 필로페이스트리가
바사삭 부서지면서
꾸덕한 필링이랑 섞이는 순간..
말로 표현할 수 없는 신세계가 펼쳐진다구요🙊💘

긴 말 필요없이
출시 기념 특가 링크 열어둘 테니까
궁금하신 분들은 지금 바로
프로필 링크를 참고해주세요! 💌","{""kind"": ""youtube#video"", ""etag"": ""rquRG4iVS5s1-ZZPT93dGc0FlOs"", ""id"": ""R3fzH0Iuksk"", ""snippet"": {""publishedAt"": ""2026-05-21T09:04:42Z"", ""channelId"": ""UCAKiaMq_H1Vq8xBFYgGsj_Q"", ""title"": ""두바이 크런치 케이크 OPEN!💥 #몬트쿠키 #두바이케이크 #보틀케이크 #필로페이스트리 #브라우니"", ""description"": ""이거 진짜 식감으로 끝내버린 신상이에요..🔥\n\n촉촉~하고 꾸덕한 브라우니 위에\n고소한 피스타치오 카다이프 페이스트 듬뿍 올리고,\n\n그 위를\n바삭한 초코 필로페이스트리로\n와르르 덮어버렸는데요..🤤\n\n숟가락으로 한 입 뜨는 순간\n파삭- 하고 부서지는 크런치 식감에\n\n꾸덕한 초코,\n녹진한 피스타치오,\n촉촉한 브라우니가\n한 번에 입 안 가득 밀려오는데..\n\n진짜 손이 안 멈춰져요ㅠㅠ\n\n특히 위에 올라간 초코 필로페이스트리가\n바사삭 부서지면서\n꾸덕한 필링이랑 섞이는 순간..\n말로 표현할 수 없는 신세계가 펼쳐진다구요🙊💘\n\n긴 말 필요없이\n출시 기념 특가 링크 열어둘 테니까\n궁금하신 분들은 지금 바로\n프로필 링크를 참고해주세요! 💌"", ""thumbnails"": {""default"": {""url"": ""https://i.ytimg.com/vi/R3fzH0Iuksk/default.jpg"", ""width"": 120, ""height"": 90}, ""medium"": {""url"": ""https://i.ytimg.com/vi/R3fzH0Iuksk/mqdefault.jpg"", ""width"": 320, ""height"": 180}, ""high"": {""url"": ""https://i.ytimg.com/vi/R3fzH0Iuksk/hqdefault.jpg"", ""width"": 480, ""height"": 360}, ""standard"": {""url"": ""https://i.ytimg.com/vi/R3fzH0Iuksk/sddefault.jpg"", ""width"": 640, ""height"": 480}, ""maxres"": {""url"": ""https://i.ytimg.com/vi/R3fzH0Iuksk/maxresdefault.jpg"", ""width"": 1280, ""height"": 720}}, ""channelTitle"": ""몬트쿠키 | 두바이쫀득쿠키 원조🧆"", ""categoryId"": ""22"", ""liveBroadcastContent"": ""none"", ""defaultLanguage"": ""ko"", ""localized"": {""title"": ""두바이 크런치 케이크 OPEN!💥 #몬트쿠키 #두바이케이크 #보틀케이크 #필로페이스트리 #브라우니"", ""description"": ""이거 진짜 식감으로 끝내버린 신상이에요..🔥\n\n촉촉~하고 꾸덕한 브라우니 위에\n고소한 피스타치오 카다이프 페이스트 듬뿍 올리고,\n\n그 위를\n바삭한 초코 필로페이스트리로\n와르르 덮어버렸는데요..🤤\n\n숟가락으로 한 입 뜨는 순간\n파삭- 하고 부서지는 크런치 식감에\n\n꾸덕한 초코,\n녹진한 피스타치오,\n촉촉한 브라우니가\n한 번에 입 안 가득 밀려오는데..\n\n진짜 손이 안 멈춰져요ㅠㅠ\n\n특히 위에 올라간 초코 필로페이스트리가\n바사삭 부서지면서\n꾸덕한 필링이랑 섞이는 순간..\n말로 표현할 수 없는 신세계가 펼쳐진다구요🙊💘\n\n긴 말 필요없이\n출시 기념 특가 링크 열어둘 테니까\n궁금하신 분들은 지금 바로\n프로필 링크를 참고해주세요! 💌""}}, ""statistics"": {""viewCount"": ""66427"", ""likeCount"": ""639"", ""favoriteCount"": ""0"", ""commentCount"": ""53""}}"
두쫀쿠,preset,두바이 쫀득 쿠키,LmsqqBlqN3I,[빵VLOG-12] 3일 연속 두바이만 먹었다.. | 보스콘 | 크리미 | 에이밍마켓 | 리브인오후 | 오고르 ,2026-05-21T07:22:22Z,703,12,14,https://www.youtube.com/watch?v=LmsqqBlqN3I,youtube,두바이 쫀득 쿠키,alias,1.0,2026-05-26T11:39:31.823168+00:00,703,12,14,26,또또빵,"안녕하세요 두바이만 3일연속 먹었던 날.. 사실 너무 행복했어요 ㅋㅋㅋㅋ 원없이 피스타치오 가득 든 메뉴를 다양하게 먹으니 오랜만에 다시 두바이 유행 혼자 탑승한 느낌? 
다이어트 하시더라도 건강한 재료로 사용한 베이커리들 먹으면서 만족감 채우는 것도 좋은 거 같아요 (՞ . .՞)𓈒𓂂𓏸♡ 
대리만족되는 영상이 되시길 바라요🍀

📍 타임라인

00:11-03:46보스콘 보스타치오4,000₩
03:47-08:31크리미 두바이밤 11,000₩
08:33-13:28에이밍 두바이 매먹콘 7,200₩
13:30-17:46리브인오후 피•초•바 14,800₩
17:48-21:31 더티피스타치오밤스콘4,900₩
21:32-25:20 오고르 두바이쫀득빵 6,500₩


#디저트브이로그  #빵브이로그 
#디저트 #다이어트먹방 #먹방브이로그 #다이어트식단
#일상브이로그 #감성브이로그 #빵순이 #다이어트
#dessertvlog  #vlog #asmr #asmr먹방 #에이블리빵택배 #빵지순례","{""kind"": ""youtube#video"", ""etag"": ""1cqAAt4g05nE2RFQf_MwNbYp3lo"", ""id"": ""LmsqqBlqN3I"", ""snippet"": {""publishedAt"": ""2026-05-21T07:22:22Z"", ""channelId"": ""UCmUDDxvgkNkdLfI8TcqDnew"", ""title"": ""[빵VLOG-12] 3일 연속 두바이만 먹었다.. | 보스콘 | 크리미 | 에이밍마켓 | 리브인오후 | 오고르 "", ""description"": ""안녕하세요 두바이만 3일연속 먹었던 날.. 사실 너무 행복했어요 ㅋㅋㅋㅋ 원없이 피스타치오 가득 든 메뉴를 다양하게 먹으니 오랜만에 다시 두바이 유행 혼자 탑승한 느낌? \n다이어트 하시더라도 건강한 재료로 사용한 베이커리들 먹으면서 만족감 채우는 것도 좋은 거 같아요 (՞ . .՞)𓈒𓂂𓏸♡ \n대리만족되는 영상이 되시길 바라요🍀\n\n📍 타임라인\n\n00:11-03:46보스콘 보스타치오4,000₩\n03:47-08:31크리미 두바이밤 11,000₩\n08:33-13:28에이밍 두바이 매먹콘 7,200₩\n13:30-17:46리브인오후 피•초•바 14,800₩\n17:48-21:31 더티피스타치오밤스콘4,900₩\n21:32-25:20 오고르 두바이쫀득빵 6,500₩\n\n\n#디저트브이로그  #빵브이로그 \n#디저트 #다이어트먹방 #먹방브이로그 #다이어트식단\n#일상브이로그 #감성브이로그 #빵순이 #다이어트\n#dessertvlog  #vlog #asmr #asmr먹방 #에이블리빵택배 #빵지순례"", ""thumbnails"": {""default"": {""url"": ""https://i.ytimg.com/vi/LmsqqBlqN3I/default.jpg"", ""width"": 120, ""height"": 90}, ""medium"": {""url"": ""https://i.ytimg.com/vi/LmsqqBlqN3I/mqdefault.jpg"", ""width"": 320, ""height"": 180}, ""high"": {""url"": ""https://i.ytimg.com/vi/LmsqqBlqN3I/hqdefault.jpg"", ""width"": 480, ""height"": 360}, ""standard"": {""url"": ""https://i.ytimg.com/vi/LmsqqBlqN3I/sddefault.jpg"", ""width"": 640, ""height"": 480}}, ""channelTitle"": ""또또빵"", ""categoryId"": ""22"", ""liveBroadcastContent"": ""none"", ""defaultLanguage"": ""ko"", ""localized"": {""title"": ""[빵VLOG-12] 3일 연속 두바이만 먹었다.. | 보스콘 | 크리미 | 에이밍마켓 | 리브인오후 | 오고르 "", ""description"": ""안녕하세요 두바이만 3일연속 먹었던 날.. 사실 너무 행복했어요 ㅋㅋㅋㅋ 원없이 피스타치오 가득 든 메뉴를 다양하게 먹으니 오랜만에 다시 두바이 유행 혼자 탑승한 느낌? \n다이어트 하시더라도 건강한 재료로 사용한 베이커리들 먹으면서 만족감 채우는 것도 좋은 거 같아요 (՞ . .՞)𓈒𓂂𓏸♡ \n대리만족되는 영상이 되시길 바라요🍀\n\n📍 타임라인\n\n00:11-03:46보스콘 보스타치오4,000₩\n03:47-08:31크리미 두바이밤 11,000₩\n08:33-13:28에이밍 두바이 매먹콘 7,200₩\n13:30-17:46리브인오후 피•초•바 14,800₩\n17:48-21:31 더티피스타치오밤스콘4,900₩\n21:32-25:20 오고르 두바이쫀득빵 6,500₩\n\n\n#디저트브이로그  #빵브이로그 \n#디저트 #다이어트먹방 #먹방브이로그 #다이어트식단\n#일상브이로그 #감성브이로그 #빵순이 #다이어트\n#dessertvlog  #vlog #asmr #asmr먹방 #에이블리빵택배 #빵지순례""}}, ""statistics"": {""viewCount"": ""703"", ""likeCount"": ""12"", ""favoriteCount"": ""0"", ""commentCount"": ""14""}}"
두쫀쿠,preset,두바이 쫀득 쿠키,cYj84ligj14,🍩Dubai Chewy Cookie slime 두바이 쫀득쿠키 슬라임 チョコ スライム #asmr #slime #oddlysatisfying #shorts,2026-05-19T12:37:21Z,2241,4,0,https://www.youtube.com/watch?v=cYj84ligj14,youtube,두바이 쫀득 쿠키,alias,1.0,2026-05-26T11:39:31.823168+00:00,2241,4,0,4,Jennin ASMR 제닌,,"{""kind"": ""youtube#video"", ""etag"": ""7cJfsbyugt3XEKFy8OQWveyksFM"", ""id"": ""cYj84ligj14"", ""snippet"": {""publishedAt"": ""2026-05-19T12:37:21Z"", ""channelId"": ""UCukc_TV4DSheXgEzcO_XdeA"", ""title"": ""🍩Dubai Chewy Cookie slime 두바이 쫀득쿠키 슬라임 チョコ スライム #asmr #slime #oddlysatisfying #shorts"", ""description"": """", ""thumbnails"": {""default"": {""url"": ""https://i.ytimg.com/vi/cYj84ligj14/default.jpg"", ""width"": 120, ""height"": 90}, ""medium"": {""url"": ""https://i.ytimg.com/vi/cYj84ligj14/mqdefault.jpg"", ""width"": 320, ""height"": 180}, ""high"": {""url"": ""https://i.ytimg.com/vi/cYj84ligj14/hqdefault.jpg"", ""width"": 480, ""height"": 360}, ""standard"": {""url"": ""https://i.ytimg.com/vi/cYj84ligj14/sddefault.jpg"", ""width"": 640, ""height"": 480}, ""maxres"": {""url"": ""https://i.ytimg.com/vi/cYj84ligj14/maxresdefault.jpg"", ""width"": 1280, ""height"": 720}}, ""channelTitle"": ""Jennin ASMR 제닌"", ""categoryId"": ""24"", ""liveBroadcastContent"": ""none"", ""defaultLanguage"": ""en"", ""localized"": {""title"": ""🍩Dubai Chewy Cookie slime 두바이 쫀득쿠키 슬라임 チョコ スライム #asmr #slime #oddlysatisfying #shorts"", ""description"": """"}, ""defaultAudioLanguage"": ""en""}, ""statistics"": {""viewCount"": ""2241"", ""likeCount"": ""4"", ""favoriteCount"": ""0"", ""commentCount"": ""0""}}"
두쫀쿠,preset,두바이 쫀득 쿠키,Hr0RqUzBQ-g,유행은 지났지만 역대급 사운드 두쫀쿠 & 초콜렛 asmr 먹방,2026-05-19T09:50:01Z,330308,9033,91,https://www.youtube.com/watch?v=Hr0RqUzBQ-g,youtube,두바이 쫀득 쿠키,alias,1.0,2026-05-26T11:39:31.823168+00:00,330308,9033,91,9124,자곰 JAGOM ASMR,#shorts,"{""kind"": ""youtube#video"", ""etag"": ""Djgi-buk3Aarng5FDP06doYC7yI"", ""id"": ""Hr0RqUzBQ-g"", ""snippet"": {""publishedAt"": ""2026-05-19T09:50:01Z"", ""channelId"": ""UCXnv4nN5sz1CLAZeteyH90g"", ""title"": ""유행은 지났지만 역대급 사운드 두쫀쿠 & 초콜렛 asmr 먹방"", ""description"": ""#shorts"", ""thumbnails"": {""default"": {""url"": ""https://i.ytimg.com/vi/Hr0RqUzBQ-g/default.jpg"", ""width"": 120, ""height"": 90}, ""medium"": {""url"": ""https://i.ytimg.com/vi/Hr0RqUzBQ-g/mqdefault.jpg"", ""width"": 320, ""height"": 180}, ""high"": {""url"": ""https://i.ytimg.com/vi/Hr0RqUzBQ-g/hqdefault.jpg"", ""width"": 480, ""height"": 360}, ""standard"": {""url"": ""https://i.ytimg.com/vi/Hr0RqUzBQ-g/sddefault.jpg"", ""width"": 640, ""height"": 480}, ""maxres"": {""url"": ""https://i.ytimg.com/vi/Hr0RqUzBQ-g/maxresdefault.jpg"", ""width"": 1280, ""height"": 720}}, ""channelTitle"": ""자곰 JAGOM ASMR"", ""tags"": [""두바이쫀득쿠키"", ""두쫀쿠 먹방"", ""초콜릿 먹방"", ""초콜릿 먹방 asmr"", ""간식 추천"", ""간식 먹방"", ""간식 먹방 asmr"", ""초코 과자 먹방"", ""초코 먹방"", ""두바이 초콜릿 먹방""], ""categoryId"": ""22"", ""liveBroadcastContent"": ""none"", ""defaultLanguage"": ""ko"", ""localized"": {""title"": ""유행은 지났지만 역대급 사운드 두쫀쿠 & 초콜렛 asmr 먹방"", ""description"": ""#shorts""}, ""defaultAudioLanguage"": ""ko""}, ""statistics"": {""viewCount"": ""330308"", ""likeCount"": ""9033"", ""favoriteCount"": ""0"", ""commentCount"": ""91""}}"
두쫀쿠,preset,두바이 쫀득 쿠키,tyhMTBkcA3Y,@대전#꼬미#86#아프다아이가#똘끼지먄괜찮아#구독자모으기#두바이쫀득쿠키#쇼츠돌려막기#,2026-05-18T20:33:31Z,1818,8,0,https://www.youtube.com/watch?v=tyhMTBkcA3Y,youtube,두바이 쫀득 쿠키,alias,1.0,2026-05-26T11:39:31.823168+00:00,1818,8,0,8,꼬미중독86,,"{""kind"": ""youtube#video"", ""etag"": ""aXLgSnNRAhrKA7WxauFcCY_HsbM"", ""id"": ""tyhMTBkcA3Y"", ""snippet"": {""publishedAt"": ""2026-05-18T20:33:31Z"", ""channelId"": ""UCGyBO4Kvwpx0b5FOj6IDeNQ"", ""title"": ""@대전#꼬미#86#아프다아이가#똘끼지먄괜찮아#구독자모으기#두바이쫀득쿠키#쇼츠돌려막기#"", ""description"": """", ""thumbnails"": {""default"": {""url"": ""https://i.ytimg.com/vi/tyhMTBkcA3Y/default.jpg"", ""width"": 120, ""height"": 90}, ""medium"": {""url"": ""https://i.ytimg.com/vi/tyhMTBkcA3Y/mqdefault.jpg"", ""width"": 320, ""height"": 180}, ""high"": {""url"": ""https://i.ytimg.com/vi/tyhMTBkcA3Y/hqdefault.jpg"", ""width"": 480, ""height"": 360}, ""standard"": {""url"": ""https://i.ytimg.com/vi/tyhMTBkcA3Y/sddefault.jpg"", ""width"": 640, ""height"": 480}, ""maxres"": {""url"": ""https://i.ytimg.com/vi/tyhMTBkcA3Y/maxresdefault.jpg"", ""width"": 1280, ""height"": 720}}, ""channelTitle"": ""꼬미중독86"", ""categoryId"": ""22"", ""liveBroadcastContent"": ""none"", ""defaultLanguage"": ""ko"", ""localized"": {""title"": ""@대전#꼬미#86#아프다아이가#똘끼지먄괜찮아#구독자모으기#두바이쫀득쿠키#쇼츠돌려막기#"", ""description"": """"}}, ""statistics"": {""viewCount"": ""1818"", ""likeCount"": ""8"", ""favoriteCount"": ""0"", ""commentCount"": ""0""}}"
두쫀쿠,preset,두바이 쫀득 쿠키,dHJ-fV3FZi8,"돌아온 초코쉘, 화이트쉘 쫀득쿠키 4종 먹방!!🔥티라미수맛 강력추천…💖 #몬트쿠키 #초코쉘쫀득쿠키 #화이트쉘쫀득쿠키 #쫀득쿠키 #아그작",2026-05-18T10:59:52Z,17088,272,22,https://www.youtube.com/watch?v=dHJ-fV3FZi8,youtube,두바이 쫀득 쿠키,alias,1.0,2026-05-26T11:39:31.823168+00:00,17088,272,22,294,몬트쿠키 | 두바이쫀득쿠키 원조🧆,,"{""kind"": ""youtube#video"", ""etag"": ""sUhRmIZNhXC2K8qvTerdfx2Nbxs"", ""id"": ""dHJ-fV3FZi8"", ""snippet"": {""publishedAt"": ""2026-05-18T10:59:52Z"", ""channelId"": ""UCAKiaMq_H1Vq8xBFYgGsj_Q"", ""title"": ""돌아온 초코쉘, 화이트쉘 쫀득쿠키 4종 먹방!!🔥티라미수맛 강력추천…💖 #몬트쿠키 #초코쉘쫀득쿠키 #화이트쉘쫀득쿠키 #쫀득쿠키 #아그작"", ""description"": """", ""thumbnails"": {""default"": {""url"": ""https://i.ytimg.com/vi/dHJ-fV3FZi8/default.jpg"", ""width"": 120, ""height"": 90}, ""medium"": {""url"": ""https://i.ytimg.com/vi/dHJ-fV3FZi8/mqdefault.jpg"", ""width"": 320, ""height"": 180}, ""high"": {""url"": ""https://i.ytimg.com/vi/dHJ-fV3FZi8/hqdefault.jpg"", ""width"": 480, ""height"": 360}, ""standard"": {""url"": ""https://i.ytimg.com/vi/dHJ-fV3FZi8/sddefault.jpg"", ""width"": 640, ""height"": 480}, ""maxres"": {""url"": ""https://i.ytimg.com/vi/dHJ-fV3FZi8/maxresdefault.jpg"", ""width"": 1280, ""height"": 720}}, ""channelTitle"": ""몬트쿠키 | 두바이쫀득쿠키 원조🧆"", ""categoryId"": ""22"", ""liveBroadcastContent"": ""none"", ""defaultLanguage"": ""ko"", ""localized"": {""title"": ""돌아온 초코쉘, 화이트쉘 쫀득쿠키 4종 먹방!!🔥티라미수맛 강력추천…💖 #몬트쿠키 #초코쉘쫀득쿠키 #화이트쉘쫀득쿠키 #쫀득쿠키 #아그작"", ""description"": """"}}, ""statistics"": {""viewCount"": ""17088"", ""likeCount"": ""272"", ""favoriteCount"": ""0"", ""commentCount"": ""22""}}"
두쫀쿠,preset,두바이 쫀득 쿠키,SmovH_8Vk1c,두바이 쫀득 쿠키 맛있겠다 먹고 싶다,2026-05-16T10:05:10Z,1093,9,2,https://www.youtube.com/watch?v=SmovH_8Vk1c,youtube,두바이 쫀득 쿠키,alias,1.0,2026-05-26T11:39:31.823168+00:00,1093,9,2,11,멋쟁이 체리,,"{""kind"": ""youtube#video"", ""etag"": ""iW1kmGHe53BDCc1piPK8d2oxZbY"", ""id"": ""SmovH_8Vk1c"", ""snippet"": {""publishedAt"": ""2026-05-16T10:05:10Z"", ""channelId"": ""UCNlog9dpTd8CkbNbqXq4kdw"", ""title"": ""두바이 쫀득 쿠키 맛있겠다 먹고 싶다"", ""description"": """", ""thumbnails"": {""default"": {""url"": ""https://i.ytimg.com/vi/SmovH_8Vk1c/default.jpg"", ""width"": 120, ""height"": 90}, ""medium"": {""url"": ""https://i.ytimg.com/vi/SmovH_8Vk1c/mqdefault.jpg"", ""width"": 320, ""height"": 180}, ""high"": {""url"": ""https://i.ytimg.com/vi/SmovH_8Vk1c/hqdefault.jpg"", ""width"": 480, ""height"": 360}, ""standard"": {""url"": ""https://i.ytimg.com/vi/SmovH_8Vk1c/sddefault.jpg"", ""width"": 640, ""height"": 480}, ""maxres"": {""url"": ""https://i.ytimg.com/vi/SmovH_8Vk1c/maxresdefault.jpg"", ""width"": 1280, ""height"": 720}}, ""channelTitle"": ""멋쟁이 체리"", ""categoryId"": ""22"", ""liveBroadcastContent"": ""none"", ""defaultLanguage"": ""ko"", ""localized"": {""title"": ""두바이 쫀득 쿠키 맛있겠다 먹고 싶다"", ""description"": """"}}, ""statistics"": {""viewCount"": ""1093"", ""likeCount"": ""9"", ""favoriteCount"": ""0"", ""commentCount"": ""2""}}"
두쫀쿠,preset,두바이 쫀득 쿠키,g2Y97ev031M,두바이 쫀득 쿠키!!,2026-05-15T10:42:01Z,2387,23,1,https://www.youtube.com/watch?v=g2Y97ev031M,youtube,두바이 쫀득 쿠키,alias,1.0,2026-05-26T11:39:31.823168+00:00,2387,23,1,24,NESEroblox,두쫀쿠,"{""kind"": ""youtube#video"", ""etag"": ""6ipfremtXbt0CTbDsz1-m9VWLi0"", ""id"": ""g2Y97ev031M"", ""snippet"": {""publishedAt"": ""2026-05-15T10:42:01Z"", ""channelId"": ""UCD65abv7mdSKyjd9146_iDA"", ""title"": ""두바이 쫀득 쿠키!!"", ""description"": ""두쫀쿠"", ""thumbnails"": {""default"": {""url"": ""https://i.ytimg.com/vi/g2Y97ev031M/default.jpg"", ""width"": 120, ""height"": 90}, ""medium"": {""url"": ""https://i.ytimg.com/vi/g2Y97ev031M/mqdefault.jpg"", ""width"": 320, ""height"": 180}, ""high"": {""url"": ""https://i.ytimg.com/vi/g2Y97ev031M/hqdefault.jpg"", ""width"": 480, ""height"": 360}, ""standard"": {""url"": ""https://i.ytimg.com/vi/g2Y97ev031M/sddefault.jpg"", ""width"": 640, ""height"": 480}, ""maxres"": {""url"": ""https://i.ytimg.com/vi/g2Y97ev031M/maxresdefault.jpg"", ""width"": 1280, ""height"": 720}}, ""channelTitle"": ""NESEroblox"", ""categoryId"": ""22"", ""liveBroadcastContent"": ""none"", ""defaultLanguage"": ""ko"", ""localized"": {""title"": ""두바이 쫀득 쿠키!!"", ""description"": ""두쫀쿠""}}, ""statistics"": {""viewCount"": ""2387"", ""likeCount"": ""23"", ""favoriteCount"": ""0"", ""commentCount"": ""1""}}"
두쫀쿠,preset,두바이 쫀득 쿠키,YmWVQIPKJME,"??: “사장님,, 제발 다시 출시하세요ㅠㅠ””이 맛 어디서도 못 찾아요,,ㅠㅠ” #몬트쿠키 #화이트쉘쫀득쿠키 #초코쉘쫀득쿠키 #쫀득쿠키 #아그작",2026-05-15T06:28:38Z,81780,755,42,https://www.youtube.com/watch?v=YmWVQIPKJME,youtube,두바이 쫀득 쿠키,alias,1.0,2026-05-26T11:39:31.823168+00:00,81780,755,42,797,몬트쿠키 | 두바이쫀득쿠키 원조🧆,"단종 이후 정말 많은 몬뭉이들이
재출시를 요청해주셨던 바로 그 디저트!

아그작 부서지는 초코쉘 속, 
쫀득한 마시멜로우와 달콤한 수제 쿠키가
가득한 화이트쉘&초코쉘 쫀득쿠키🍪

🚨지금 바로 재출시합니다🥳

저희를 오래봐오신 몬뭉이들은
익숙한 제품이죠~?😏

그때 그 라인업 그대로
4종 모두 그대로 재출시합니다‼️

❤️상큼한 딸기크림치즈와 진한 레드벨벳 쿠키의 조화
화이트쉘 베리크림치즈 쫀득쿠키🍓

💜달달한 블루베리잼과 촉촉한 초코칩 쿠키의 조합
화이트쉘 전남친 쫀득쿠키🫐

💚쌉쌀 말차와 꾸덕한 초코크림치즈, 몰티져스의 고급진 풍미
초코쉘 말차초코 쫀득쿠키🍵

🤎커피크림치즈와 쿼드 초코쿠키의 부드러운 단맛
초코쉘 티라미수 쫀득쿠키☕️

기다린 만큼 변함없는 맛으로 준비했으니까
궁금하신 분들은 지금 바로 프로필 링크를 확인해주세요!💝","{""kind"": ""youtube#video"", ""etag"": ""XZiqBOe-i8DOhpLhyTOXliazd1s"", ""id"": ""YmWVQIPKJME"", ""snippet"": {""publishedAt"": ""2026-05-15T06:28:38Z"", ""channelId"": ""UCAKiaMq_H1Vq8xBFYgGsj_Q"", ""title"": ""??: “사장님,, 제발 다시 출시하세요ㅠㅠ””이 맛 어디서도 못 찾아요,,ㅠㅠ” #몬트쿠키 #화이트쉘쫀득쿠키 #초코쉘쫀득쿠키 #쫀득쿠키 #아그작"", ""description"": ""단종 이후 정말 많은 몬뭉이들이\n재출시를 요청해주셨던 바로 그 디저트!\n\n아그작 부서지는 초코쉘 속, \n쫀득한 마시멜로우와 달콤한 수제 쿠키가\n가득한 화이트쉘&초코쉘 쫀득쿠키🍪\n\n🚨지금 바로 재출시합니다🥳\n\n저희를 오래봐오신 몬뭉이들은\n익숙한 제품이죠~?😏\n\n그때 그 라인업 그대로\n4종 모두 그대로 재출시합니다‼️\n\n❤️상큼한 딸기크림치즈와 진한 레드벨벳 쿠키의 조화\n화이트쉘 베리크림치즈 쫀득쿠키🍓\n\n💜달달한 블루베리잼과 촉촉한 초코칩 쿠키의 조합\n화이트쉘 전남친 쫀득쿠키🫐\n\n💚쌉쌀 말차와 꾸덕한 초코크림치즈, 몰티져스의 고급진 풍미\n초코쉘 말차초코 쫀득쿠키🍵\n\n🤎커피크림치즈와 쿼드 초코쿠키의 부드러운 단맛\n초코쉘 티라미수 쫀득쿠키☕️\n\n기다린 만큼 변함없는 맛으로 준비했으니까\n궁금하신 분들은 지금 바로 프로필 링크를 확인해주세요!💝"", ""thumbnails"": {""default"": {""url"": ""https://i.ytimg.com/vi/YmWVQIPKJME/default.jpg"", ""width"": 120, ""height"": 90}, ""medium"": {""url"": ""https://i.ytimg.com/vi/YmWVQIPKJME/mqdefault.jpg"", ""width"": 320, ""height"": 180}, ""high"": {""url"": ""https://i.ytimg.com/vi/YmWVQIPKJME/hqdefault.jpg"", ""width"": 480, ""height"": 360}, ""standard"": {""url"": ""https://i.ytimg.com/vi/YmWVQIPKJME/sddefault.jpg"", ""width"": 640, ""height"": 480}, ""maxres"": {""url"": ""https://i.ytimg.com/vi/YmWVQIPKJME/maxresdefault.jpg"", ""width"": 1280, ""height"": 720}}, ""channelTitle"": ""몬트쿠키 | 두바이쫀득쿠키 원조🧆"", ""categoryId"": ""22"", ""liveBroadcastContent"": ""none"", ""defaultLanguage"": ""ko"", ""localized"": {""title"": ""??: “사장님,, 제발 다시 출시하세요ㅠㅠ””이 맛 어디서도 못 찾아요,,ㅠㅠ” #몬트쿠키 #화이트쉘쫀득쿠키 #초코쉘쫀득쿠키 #쫀득쿠키 #아그작"", ""description"": ""단종 이후 정말 많은 몬뭉이들이\n재출시를 요청해주셨던 바로 그 디저트!\n\n아그작 부서지는 초코쉘 속, \n쫀득한 마시멜로우와 달콤한 수제 쿠키가\n가득한 화이트쉘&초코쉘 쫀득쿠키🍪\n\n🚨지금 바로 재출시합니다🥳\n\n저희를 오래봐오신 몬뭉이들은\n익숙한 제품이죠~?😏\n\n그때 그 라인업 그대로\n4종 모두 그대로 재출시합니다‼️\n\n❤️상큼한 딸기크림치즈와 진한 레드벨벳 쿠키의 조화\n화이트쉘 베리크림치즈 쫀득쿠키🍓\n\n💜달달한 블루베리잼과 촉촉한 초코칩 쿠키의 조합\n화이트쉘 전남친 쫀득쿠키🫐\n\n💚쌉쌀 말차와 꾸덕한 초코크림치즈, 몰티져스의 고급진 풍미\n초코쉘 말차초코 쫀득쿠키🍵\n\n🤎커피크림치즈와 쿼드 초코쿠키의 부드러운 단맛\n초코쉘 티라미수 쫀득쿠키☕️\n\n기다린 만큼 변함없는 맛으로 준비했으니까\n궁금하신 분들은 지금 바로 프로필 링크를 확인해주세요!💝""}}, ""statistics"": {""viewCount"": ""81780"", ""likeCount"": ""755"", ""favoriteCount"": ""0"", ""commentCount"": ""42""}}"
두쫀쿠,preset,두바이초콜릿쿠키,jg9nMKZk6S8,dubai chocolate recipe 🍫💖#shortvideo #chocolate #viral #youtubeshorts,2026-05-26T10:59:42Z,1367,5,1,https://www.youtube.com/watch?v=jg9nMKZk6S8,youtube,두바이초콜릿쿠키,alias,1.0,2026-05-26T11:39:31.823168+00:00,1367,5,1,6,RAMISA TASNIM,chocolate,"{""kind"": ""youtube#video"", ""etag"": ""LqiqleXtPhqypUWK1pb1ezMUcTI"", ""id"": ""jg9nMKZk6S8"", ""snippet"": {""publishedAt"": ""2026-05-26T10:59:42Z"", ""channelId"": ""UCifVI-9xIbvtTVIVgwdUbfA"", ""title"": ""dubai chocolate recipe 🍫💖#shortvideo #chocolate #viral #youtubeshorts"", ""description"": ""chocolate"", ""thumbnails"": {""default"": {""url"": ""https://i.ytimg.com/vi/jg9nMKZk6S8/default.jpg"", ""width"": 120, ""height"": 90}, ""medium"": {""url"": ""https://i.ytimg.com/vi/jg9nMKZk6S8/mqdefault.jpg"", ""width"": 320, ""height"": 180}, ""high"": {""url"": ""https://i.ytimg.com/vi/jg9nMKZk6S8/hqdefault.jpg"", ""width"": 480, ""height"": 360}, ""standard"": {""url"": ""https://i.ytimg.com/vi/jg9nMKZk6S8/sddefault.jpg"", ""width"": 640, ""height"": 480}, ""maxres"": {""url"": ""https://i.ytimg.com/vi/jg9nMKZk6S8/maxresdefault.jpg"", ""width"": 1280, ""height"": 720}}, ""channelTitle"": ""RAMISA TASNIM"", ""categoryId"": ""22"", ""liveBroadcastContent"": ""none"", ""defaultLanguage"": ""en"", ""localized"": {""title"": ""dubai chocolate recipe 🍫💖#shortvideo #chocolate #viral #youtubeshorts"", ""description"": ""chocolate""}, ""defaultAudioLanguage"": ""en""}, ""statistics"": {""viewCount"": ""1367"", ""likeCount"": ""5"", ""favoriteCount"": ""0"", ""commentCount"": ""1""}}"
두쫀쿠,preset,두바이초콜릿쿠키,YmCpzFS0iXc,Viral Dubai kunufa chocolate 🍫 lKunufa chocolate Recipe #dubaikunafa #dubaichocolate #chocolate,2026-05-26T09:29:15Z,423,4,0,https://www.youtube.com/watch?v=YmCpzFS0iXc,youtube,두바이초콜릿쿠키,alias,1.0,2026-05-26T11:39:31.823168+00:00,423,4,0,4,sasikala,"Description:
The “Dubai viral chocolate” is a distinctive confection that gained widespread popularity in 2024, primarily through social media platforms. Created by Fix Dessert Chocolatier in Dubai, this chocolate bar is renowned for its unique combination of flavors and textures.

Composition:
 • Chocolate Shell: A smooth milk chocolate exterior encases the filling.
 • Filling: The interior features a rich blend of pistachio cream, tahini, and finely chopped kadayif (also known as knafeh), which are thin, crispy pastry strands. This combination offers a harmonious mix of sweetness, nuttiness, and a satisfying crunch.

The concept was developed by Sarah Hamouda, a British-Egyptian entrepreneur who founded Fix Dessert Chocolatier in Dubai in 2021. Inspired by her Middle Eastern heritage and a desire to create innovative confections, she crafted this chocolate bar to offer a novel sensory experience.  

Initially, the chocolate bar was exclusively available in Dubai, often selling out within minutes on delivery platforms like Deliveroo. Recognizing its global appeal, efforts have been made to expand distribution internationally, including plans to introduce the product to markets such as Australia. 

Finally, the Dubai viral chocolate stands out for its innovative fusion of traditional Middle Eastern ingredients with classic chocolate craftsmanship, resulting in a confection that has captivated taste buds worldwide.

 Viral Dubai Chocolate Recipe👌 Kunafa Chocolate Recipe | How To Make Kunafa Chocolate At Home | Trending Chocolate Recipe | Viral Chocolate Recipe | Chocolate Recipe | Valentinesday Special Recipe | Dubai Chocolate Recipe In Telugu | Chocolate Bar | Exotic Chocolate Recipes","{""kind"": ""youtube#video"", ""etag"": ""9_jPRmByMHeEkpJ7CulRhtHnit4"", ""id"": ""YmCpzFS0iXc"", ""snippet"": {""publishedAt"": ""2026-05-26T09:29:15Z"", ""channelId"": ""UCzzXP3FLlG8Ow4p7s21dVrA"", ""title"": ""Viral Dubai kunufa chocolate 🍫 lKunufa chocolate Recipe #dubaikunafa #dubaichocolate #chocolate"", ""description"": ""Description:\nThe “Dubai viral chocolate” is a distinctive confection that gained widespread popularity in 2024, primarily through social media platforms. Created by Fix Dessert Chocolatier in Dubai, this chocolate bar is renowned for its unique combination of flavors and textures.\n\nComposition:\n • Chocolate Shell: A smooth milk chocolate exterior encases the filling.\n • Filling: The interior features a rich blend of pistachio cream, tahini, and finely chopped kadayif (also known as knafeh), which are thin, crispy pastry strands. This combination offers a harmonious mix of sweetness, nuttiness, and a satisfying crunch.\n\nThe concept was developed by Sarah Hamouda, a British-Egyptian entrepreneur who founded Fix Dessert Chocolatier in Dubai in 2021. Inspired by her Middle Eastern heritage and a desire to create innovative confections, she crafted this chocolate bar to offer a novel sensory experience.  \n\nInitially, the chocolate bar was exclusively available in Dubai, often selling out within minutes on delivery platforms like Deliveroo. Recognizing its global appeal, efforts have been made to expand distribution internationally, including plans to introduce the product to markets such as Australia. \n\nFinally, the Dubai viral chocolate stands out for its innovative fusion of traditional Middle Eastern ingredients with classic chocolate craftsmanship, resulting in a confection that has captivated taste buds worldwide.\n\n Viral Dubai Chocolate Recipe👌 Kunafa Chocolate Recipe | How To Make Kunafa Chocolate At Home | Trending Chocolate Recipe | Viral Chocolate Recipe | Chocolate Recipe | Valentinesday Special Recipe | Dubai Chocolate Recipe In Telugu | Chocolate Bar | Exotic Chocolate Recipes"", ""thumbnails"": {""default"": {""url"": ""https://i.ytimg.com/vi/YmCpzFS0iXc/default.jpg"", ""width"": 120, ""height"": 90}, ""medium"": {""url"": ""https://i.ytimg.com/vi/YmCpzFS0iXc/mqdefault.jpg"", ""width"": 320, ""height"": 180}, ""high"": {""url"": ""https://i.ytimg.com/vi/YmCpzFS0iXc/hqdefault.jpg"", ""width"": 480, ""height"": 360}, ""standard"": {""url"": ""https://i.ytimg.com/vi/YmCpzFS0iXc/sddefault.jpg"", ""width"": 640, ""height"": 480}, ""maxres"": {""url"": ""https://i.ytimg.com/vi/YmCpzFS0iXc/maxresdefault.jpg"", ""width"": 1280, ""height"": 720}}, ""channelTitle"": ""sasikala"", ""categoryId"": ""22"", ""liveBroadcastContent"": ""none"", ""defaultLanguage"": ""en"", ""localized"": {""title"": ""Viral Dubai kunufa chocolate 🍫 lKunufa chocolate Recipe #dubaikunafa #dubaichocolate #chocolate"", ""description"": ""Description:\nThe “Dubai viral chocolate” is a distinctive confection that gained widespread popularity in 2024, primarily through social media platforms. Created by Fix Dessert Chocolatier in Dubai, this chocolate bar is renowned for its unique combination of flavors and textures.\n\nComposition:\n • Chocolate Shell: A smooth milk chocolate exterior encases the filling.\n • Filling: The interior features a rich blend of pistachio cream, tahini, and finely chopped kadayif (also known as knafeh), which are thin, crispy pastry strands. This combination offers a harmonious mix of sweetness, nuttiness, and a satisfying crunch.\n\nThe concept was developed by Sarah Hamouda, a British-Egyptian entrepreneur who founded Fix Dessert Chocolatier in Dubai in 2021. Inspired by her Middle Eastern heritage and a desire to create innovative confections, she crafted this chocolate bar to offer a novel sensory experience.  \n\nInitially, the chocolate bar was exclusively available in Dubai, often selling out within minutes on delivery platforms like Deliveroo. Recognizing its global appeal, efforts have been made to expand distribution internationally, including plans to introduce the product to markets such as Australia. \n\nFinally, the Dubai viral chocolate stands out for its innovative fusion of traditional Middle Eastern ingredients with classic chocolate craftsmanship, resulting in a confection that has captivated taste buds worldwide.\n\n Viral Dubai Chocolate Recipe👌 Kunafa Chocolate Recipe | How To Make Kunafa Chocolate At Home | Trending Chocolate Recipe | Viral Chocolate Recipe | Chocolate Recipe | Valentinesday Special Recipe | Dubai Chocolate Recipe In Telugu | Chocolate Bar | Exotic Chocolate Recipes""}, ""defaultAudioLanguage"": ""pt-PT""}, ""statistics"": {""viewCount"": ""423"", ""likeCount"": ""4"", ""favoriteCount"": ""0"", ""commentCount"": ""0""}}"
두쫀쿠,preset,두바이초콜릿쿠키,f2DxyUeMXq4,Dubai Chocolate🤤 recipe 🍫 yummy#shorts #youtubeshorts #shortvideo #explore #foryou,2026-05-26T07:10:25Z,26592,432,18,https://www.youtube.com/watch?v=f2DxyUeMXq4,youtube,두바이초콜릿쿠키,alias,1.0,2026-05-26T11:39:31.823168+00:00,26592,432,18,450,Mallickfamily786,,"{""kind"": ""youtube#video"", ""etag"": ""lrQT3gkvRoX6KtF77Pyy-15ZAEk"", ""id"": ""f2DxyUeMXq4"", ""snippet"": {""publishedAt"": ""2026-05-26T07:10:25Z"", ""channelId"": ""UC3HAgWa6af7aGZNe-zx4uLg"", ""title"": ""Dubai Chocolate🤤 recipe 🍫 yummy#shorts #youtubeshorts #shortvideo #explore #foryou"", ""description"": """", ""thumbnails"": {""default"": {""url"": ""https://i.ytimg.com/vi/f2DxyUeMXq4/default.jpg"", ""width"": 120, ""height"": 90}, ""medium"": {""url"": ""https://i.ytimg.com/vi/f2DxyUeMXq4/mqdefault.jpg"", ""width"": 320, ""height"": 180}, ""high"": {""url"": ""https://i.ytimg.com/vi/f2DxyUeMXq4/hqdefault.jpg"", ""width"": 480, ""height"": 360}, ""standard"": {""url"": ""https://i.ytimg.com/vi/f2DxyUeMXq4/sddefault.jpg"", ""width"": 640, ""height"": 480}, ""maxres"": {""url"": ""https://i.ytimg.com/vi/f2DxyUeMXq4/maxresdefault.jpg"", ""width"": 1280, ""height"": 720}}, ""channelTitle"": ""Mallickfamily786"", ""categoryId"": ""23"", ""liveBroadcastContent"": ""none"", ""defaultLanguage"": ""bn-IN"", ""localized"": {""title"": ""Dubai Chocolate🤤 recipe 🍫 yummy#shorts #youtubeshorts #shortvideo #explore #foryou"", ""description"": """"}, ""defaultAudioLanguage"": ""bn-IN""}, ""statistics"": {""viewCount"": ""26592"", ""likeCount"": ""432"", ""favoriteCount"": ""0"", ""commentCount"": ""18""}}"
두쫀쿠,preset,두바이초콜릿쿠키,ffd88a9ja9g,두바이쫀득쿠키 다이어트 중에 먹어도 되는 이유 #Shorts #두쫀쿠,2026-05-26T03:00:22Z,64,7,0,https://www.youtube.com/watch?v=ffd88a9ja9g,youtube,두바이초콜릿쿠키,alias,1.0,2026-05-26T11:39:31.823168+00:00,64,7,0,7,먹으면생기는일,"다이어트 중인데 두바이쫀득쿠키 먹고 싶었지? 사실 이 쿠키는 일반 쿠키랑 완전 달라. 아몬드 가루 단백질, 피스타치오 건강한 지방, 고카카오 초콜릿이 만나서 오히려 다이어트에 도움 돼. 죄책감 없이 즐기는 방법 알려줬으니 저장해둬.

#먹으면생기는일 #Shorts #쇼츠 #건강 #음식효능 #두쫀쿠 #두바이쿠키 #두바이초콜릿 #다이어트 #다이어트간식 #다이어트음식

📺 먹으면 생기는 일 구독하면 매일 건강 음식 정보 드려요!","{""kind"": ""youtube#video"", ""etag"": ""aAd-bZSWlwogQwDJzoPKjGzQOb4"", ""id"": ""ffd88a9ja9g"", ""snippet"": {""publishedAt"": ""2026-05-26T03:00:22Z"", ""channelId"": ""UC-30Cqr9I9tjsBnW8Bj0EVg"", ""title"": ""두바이쫀득쿠키 다이어트 중에 먹어도 되는 이유 #Shorts #두쫀쿠"", ""description"": ""다이어트 중인데 두바이쫀득쿠키 먹고 싶었지? 사실 이 쿠키는 일반 쿠키랑 완전 달라. 아몬드 가루 단백질, 피스타치오 건강한 지방, 고카카오 초콜릿이 만나서 오히려 다이어트에 도움 돼. 죄책감 없이 즐기는 방법 알려줬으니 저장해둬.\n\n#먹으면생기는일 #Shorts #쇼츠 #건강 #음식효능 #두쫀쿠 #두바이쿠키 #두바이초콜릿 #다이어트 #다이어트간식 #다이어트음식\n\n📺 먹으면 생기는 일 구독하면 매일 건강 음식 정보 드려요!"", ""thumbnails"": {""default"": {""url"": ""https://i.ytimg.com/vi/ffd88a9ja9g/default.jpg"", ""width"": 120, ""height"": 90}, ""medium"": {""url"": ""https://i.ytimg.com/vi/ffd88a9ja9g/mqdefault.jpg"", ""width"": 320, ""height"": 180}, ""high"": {""url"": ""https://i.ytimg.com/vi/ffd88a9ja9g/hqdefault.jpg"", ""width"": 480, ""height"": 360}, ""standard"": {""url"": ""https://i.ytimg.com/vi/ffd88a9ja9g/sddefault.jpg"", ""width"": 640, ""height"": 480}, ""maxres"": {""url"": ""https://i.ytimg.com/vi/ffd88a9ja9g/maxresdefault.jpg"", ""width"": 1280, ""height"": 720}}, ""channelTitle"": ""먹으면생기는일"", ""tags"": [""Shorts"", ""diet food"", ""healthy food"", ""건강"", ""건강간식"", ""다이어트"", ""다이어트간식"", ""다이어트음식"", ""두바이초콜릿"", ""두바이쿠키"", ""먹으면생기는일"", ""쇼츠"", ""요리팁"", ""음식효능"", ""피스타치오""], ""categoryId"": ""26"", ""liveBroadcastContent"": ""none"", ""defaultLanguage"": ""ko"", ""localized"": {""title"": ""두바이쫀득쿠키 다이어트 중에 먹어도 되는 이유 #Shorts #두쫀쿠"", ""description"": ""다이어트 중인데 두바이쫀득쿠키 먹고 싶었지? 사실 이 쿠키는 일반 쿠키랑 완전 달라. 아몬드 가루 단백질, 피스타치오 건강한 지방, 고카카오 초콜릿이 만나서 오히려 다이어트에 도움 돼. 죄책감 없이 즐기는 방법 알려줬으니 저장해둬.\n\n#먹으면생기는일 #Shorts #쇼츠 #건강 #음식효능 #두쫀쿠 #두바이쿠키 #두바이초콜릿 #다이어트 #다이어트간식 #다이어트음식\n\n📺 먹으면 생기는 일 구독하면 매일 건강 음식 정보 드려요!""}, ""defaultAudioLanguage"": ""ko""}, ""statistics"": {""viewCount"": ""64"", ""likeCount"": ""7"", ""favoriteCount"": ""0"", ""commentCount"": ""0""}}"
두쫀쿠,preset,두바이초콜릿쿠키,UpyRdPGJTws,Raspberry Dubai Chocolate 🍫#trending #shorts #youtubeshorts #shortvideo #explore #foryou #fypシ,2026-05-26T02:15:12Z,16580,474,5,https://www.youtube.com/watch?v=UpyRdPGJTws,youtube,두바이초콜릿쿠키,alias,1.0,2026-05-26T11:39:31.823168+00:00,16580,474,5,479,Mallickfamily786,,"{""kind"": ""youtube#video"", ""etag"": ""Q8Z3S0r8th5QV4mNhGJJEBJWriY"", ""id"": ""UpyRdPGJTws"", ""snippet"": {""publishedAt"": ""2026-05-26T02:15:12Z"", ""channelId"": ""UC3HAgWa6af7aGZNe-zx4uLg"", ""title"": ""Raspberry Dubai Chocolate 🍫#trending #shorts #youtubeshorts #shortvideo #explore #foryou #fypシ"", ""description"": """", ""thumbnails"": {""default"": {""url"": ""https://i.ytimg.com/vi/UpyRdPGJTws/default.jpg"", ""width"": 120, ""height"": 90}, ""medium"": {""url"": ""https://i.ytimg.com/vi/UpyRdPGJTws/mqdefault.jpg"", ""width"": 320, ""height"": 180}, ""high"": {""url"": ""https://i.ytimg.com/vi/UpyRdPGJTws/hqdefault.jpg"", ""width"": 480, ""height"": 360}, ""standard"": {""url"": ""https://i.ytimg.com/vi/UpyRdPGJTws/sddefault.jpg"", ""width"": 640, ""height"": 480}, ""maxres"": {""url"": ""https://i.ytimg.com/vi/UpyRdPGJTws/maxresdefault.jpg"", ""width"": 1280, ""height"": 720}}, ""channelTitle"": ""Mallickfamily786"", ""categoryId"": ""23"", ""liveBroadcastContent"": ""none"", ""defaultLanguage"": ""bn-IN"", ""localized"": {""title"": ""Raspberry Dubai Chocolate 🍫#trending #shorts #youtubeshorts #shortvideo #explore #foryou #fypシ"", ""description"": """"}, ""defaultAudioLanguage"": ""bn-IN""}, ""statistics"": {""viewCount"": ""16580"", ""likeCount"": ""474"", ""favoriteCount"": ""0"", ""commentCount"": ""5""}}"
두쫀쿠,preset,두바이초콜릿쿠키,ZsQAHrgwLjg,황홀스레 두바이 초코르뱅 쿠키,2026-05-26T02:12:26Z,212,0,0,https://www.youtube.com/watch?v=ZsQAHrgwLjg,youtube,두바이초콜릿쿠키,alias,1.0,2026-05-26T11:39:31.823168+00:00,212,0,0,0,황홀스레,,"{""kind"": ""youtube#video"", ""etag"": ""Ft3rlQsRtGtse0ngrnIdVjJbwV4"", ""id"": ""ZsQAHrgwLjg"", ""snippet"": {""publishedAt"": ""2026-05-26T02:12:26Z"", ""channelId"": ""UCz4CGmwu3lMx1aWZOEfnswA"", ""title"": ""황홀스레 두바이 초코르뱅 쿠키"", ""description"": """", ""thumbnails"": {""default"": {""url"": ""https://i.ytimg.com/vi/ZsQAHrgwLjg/default.jpg"", ""width"": 120, ""height"": 90}, ""medium"": {""url"": ""https://i.ytimg.com/vi/ZsQAHrgwLjg/mqdefault.jpg"", ""width"": 320, ""height"": 180}, ""high"": {""url"": ""https://i.ytimg.com/vi/ZsQAHrgwLjg/hqdefault.jpg"", ""width"": 480, ""height"": 360}, ""standard"": {""url"": ""https://i.ytimg.com/vi/ZsQAHrgwLjg/sddefault.jpg"", ""width"": 640, ""height"": 480}, ""maxres"": {""url"": ""https://i.ytimg.com/vi/ZsQAHrgwLjg/maxresdefault.jpg"", ""width"": 1280, ""height"": 720}}, ""channelTitle"": ""황홀스레"", ""categoryId"": ""22"", ""liveBroadcastContent"": ""none"", ""defaultLanguage"": ""ko"", ""localized"": {""title"": ""황홀스레 두바이 초코르뱅 쿠키"", ""description"": """"}, ""defaultAudioLanguage"": ""ko""}, ""statistics"": {""viewCount"": ""212"", ""likeCount"": ""0"", ""favoriteCount"": ""0"", ""commentCount"": ""0""}}"
두쫀쿠,preset,두바이초콜릿쿠키,J_M3iA2P75Y,dubai chocolate #trending#shorts#youtubeshorts#shortvideo#explore#viral#foryou,2026-05-25T23:31:25Z,1830,17,0,https://www.youtube.com/watch?v=J_M3iA2P75Y,youtube,두바이초콜릿쿠키,alias,1.0,2026-05-26T11:39:31.823168+00:00,1830,17,0,17,Rapunzel-Anika,,"{""kind"": ""youtube#video"", ""etag"": ""HfZDAbGsUyLAtuL8Sc2T93rGwQs"", ""id"": ""J_M3iA2P75Y"", ""snippet"": {""publishedAt"": ""2026-05-25T23:31:25Z"", ""channelId"": ""UCUZwO3qx6rEgNze3rbHPMZg"", ""title"": ""dubai chocolate #trending#shorts#youtubeshorts#shortvideo#explore#viral#foryou"", ""description"": """", ""thumbnails"": {""default"": {""url"": ""https://i.ytimg.com/vi/J_M3iA2P75Y/default.jpg"", ""width"": 120, ""height"": 90}, ""medium"": {""url"": ""https://i.ytimg.com/vi/J_M3iA2P75Y/mqdefault.jpg"", ""width"": 320, ""height"": 180}, ""high"": {""url"": ""https://i.ytimg.com/vi/J_M3iA2P75Y/hqdefault.jpg"", ""width"": 480, ""height"": 360}, ""standard"": {""url"": ""https://i.ytimg.com/vi/J_M3iA2P75Y/sddefault.jpg"", ""width"": 640, ""height"": 480}, ""maxres"": {""url"": ""https://i.ytimg.com/vi/J_M3iA2P75Y/maxresdefault.jpg"", ""width"": 1280, ""height"": 720}}, ""channelTitle"": ""Rapunzel-Anika"", ""categoryId"": ""22"", ""liveBroadcastContent"": ""none"", ""defaultLanguage"": ""en"", ""localized"": {""title"": ""dubai chocolate #trending#shorts#youtubeshorts#shortvideo#explore#viral#foryou"", ""description"": """"}, ""defaultAudioLanguage"": ""bn""}, ""statistics"": {""viewCount"": ""1830"", ""likeCount"": ""17"", ""favoriteCount"": ""0"", ""commentCount"": ""0""}}"
두쫀쿠,preset,두바이초콜릿쿠키,HYUxDMEZV3Q,dubai chocolate #food,2026-05-25T21:17:24Z,23705,124,1,https://www.youtube.com/watch?v=HYUxDMEZV3Q,youtube,두바이초콜릿쿠키,alias,1.0,2026-05-26T11:39:31.823168+00:00,23705,124,1,125,ROTH remix,,"{""kind"": ""youtube#video"", ""etag"": ""-JnaFHJFk1xjMNLqOQrbaf0AU0U"", ""id"": ""HYUxDMEZV3Q"", ""snippet"": {""publishedAt"": ""2026-05-25T21:17:24Z"", ""channelId"": ""UCKhMOXa2Vo2KSUyG-Z6_v0w"", ""title"": ""dubai chocolate #food"", ""description"": """", ""thumbnails"": {""default"": {""url"": ""https://i.ytimg.com/vi/HYUxDMEZV3Q/default.jpg"", ""width"": 120, ""height"": 90}, ""medium"": {""url"": ""https://i.ytimg.com/vi/HYUxDMEZV3Q/mqdefault.jpg"", ""width"": 320, ""height"": 180}, ""high"": {""url"": ""https://i.ytimg.com/vi/HYUxDMEZV3Q/hqdefault.jpg"", ""width"": 480, ""height"": 360}, ""standard"": {""url"": ""https://i.ytimg.com/vi/HYUxDMEZV3Q/sddefault.jpg"", ""width"": 640, ""height"": 480}, ""maxres"": {""url"": ""https://i.ytimg.com/vi/HYUxDMEZV3Q/maxresdefault.jpg"", ""width"": 1280, ""height"": 720}}, ""channelTitle"": ""ROTH remix"", ""categoryId"": ""22"", ""liveBroadcastContent"": ""none"", ""defaultLanguage"": ""en"", ""localized"": {""title"": ""dubai chocolate #food"", ""description"": """"}, ""defaultAudioLanguage"": ""en""}, ""statistics"": {""viewCount"": ""23705"", ""likeCount"": ""124"", ""favoriteCount"": ""0"", ""commentCount"": ""1""}}"
두쫀쿠,preset,두바이초콜릿쿠키,kM0JKDfjM40,There are actual COOKIES in this chocolate bar??? 😩😍 Highly highly recommend this Dubai white,2026-05-25T20:06:44Z,817,8,0,https://www.youtube.com/watch?v=kM0JKDfjM40,youtube,두바이초콜릿쿠키,alias,1.0,2026-05-26T11:39:31.823168+00:00,817,8,0,8,Ali Evans,"Details in caption or comment shop for the link! 🔗
There are actual COOKIES in this chocolate bar??? 😩😍 Highly highly recommend this Dubai white chocolate cookie butter bliss choc bar if you either aren’t a pistachio fan, or you’re looking to switch it up from the original Dubai chocolate bar!! This one is such a delicious experience with the cookie butter, white chocolate, and cookie layered all together 🤤🍪 grab one for yourself or for a gift from The Dodo Chocolates at the link below! #dubaichocolate #viraldubaichocolate #whitechocolate #cookiebutter #tiktokshopcreatorpicks","{""kind"": ""youtube#video"", ""etag"": ""bGyWz3hD6Xf_LWkOiB7PPU_A_ko"", ""id"": ""kM0JKDfjM40"", ""snippet"": {""publishedAt"": ""2026-05-25T20:06:44Z"", ""channelId"": ""UCAlccmRgNYFofIpHyilYY_Q"", ""title"": ""There are actual COOKIES in this chocolate bar??? 😩😍 Highly highly recommend this Dubai white"", ""description"": ""Details in caption or comment shop for the link! 🔗\nThere are actual COOKIES in this chocolate bar??? 😩😍 Highly highly recommend this Dubai white chocolate cookie butter bliss choc bar if you either aren’t a pistachio fan, or you’re looking to switch it up from the original Dubai chocolate bar!! This one is such a delicious experience with the cookie butter, white chocolate, and cookie layered all together 🤤🍪 grab one for yourself or for a gift from The Dodo Chocolates at the link below! #dubaichocolate #viraldubaichocolate #whitechocolate #cookiebutter #tiktokshopcreatorpicks"", ""thumbnails"": {""default"": {""url"": ""https://i.ytimg.com/vi/kM0JKDfjM40/default.jpg"", ""width"": 120, ""height"": 90}, ""medium"": {""url"": ""https://i.ytimg.com/vi/kM0JKDfjM40/mqdefault.jpg"", ""width"": 320, ""height"": 180}, ""high"": {""url"": ""https://i.ytimg.com/vi/kM0JKDfjM40/hqdefault.jpg"", ""width"": 480, ""height"": 360}, ""standard"": {""url"": ""https://i.ytimg.com/vi/kM0JKDfjM40/sddefault.jpg"", ""width"": 640, ""height"": 480}, ""maxres"": {""url"": ""https://i.ytimg.com/vi/kM0JKDfjM40/maxresdefault.jpg"", ""width"": 1280, ""height"": 720}}, ""channelTitle"": ""Ali Evans"", ""tags"": [""cookiebutter"", ""dubaichocolate"", ""tiktokshopcreatorpicks"", ""viraldubaichocolate"", ""whitechocolate""], ""categoryId"": ""22"", ""liveBroadcastContent"": ""none"", ""defaultLanguage"": ""en"", ""localized"": {""title"": ""There are actual COOKIES in this chocolate bar??? 😩😍 Highly highly recommend this Dubai white"", ""description"": ""Details in caption or comment shop for the link! 🔗\nThere are actual COOKIES in this chocolate bar??? 😩😍 Highly highly recommend this Dubai white chocolate cookie butter bliss choc bar if you either aren’t a pistachio fan, or you’re looking to switch it up from the original Dubai chocolate bar!! This one is such a delicious experience with the cookie butter, white chocolate, and cookie layered all together 🤤🍪 grab one for yourself or for a gift from The Dodo Chocolates at the link below! #dubaichocolate #viraldubaichocolate #whitechocolate #cookiebutter #tiktokshopcreatorpicks""}, ""defaultAudioLanguage"": ""en""}, ""statistics"": {""viewCount"": ""817"", ""likeCount"": ""8"", ""favoriteCount"": ""0"", ""commentCount"": ""0""}}"
두쫀쿠,preset,두바이초콜릿쿠키,p28q_tSijQA,Link in Description🤘 #dip #dessert #dessertdip #dubaichocolate #pistachiocream #kunafa #sweettooth,2026-05-25T16:38:34Z,3817,483,6,https://www.youtube.com/watch?v=p28q_tSijQA,youtube,두바이초콜릿쿠키,alias,1.0,2026-05-26T11:39:31.823168+00:00,3817,483,6,489,🎭 Ursula 🎭,Dubai Dip 😳❤️❤️❤️ https://www.tiktok.com/t/ZT9YGQSw1VKCv-SgvqZ/,"{""kind"": ""youtube#video"", ""etag"": ""P_i0VvLpABpzci47CNqGA4YhaEI"", ""id"": ""p28q_tSijQA"", ""snippet"": {""publishedAt"": ""2026-05-25T16:38:34Z"", ""channelId"": ""UCmOR2ynkhC5PNAZXrCLhwsA"", ""title"": ""Link in Description🤘 #dip #dessert #dessertdip #dubaichocolate #pistachiocream #kunafa #sweettooth"", ""description"": ""Dubai Dip 😳❤️❤️❤️ https://www.tiktok.com/t/ZT9YGQSw1VKCv-SgvqZ/"", ""thumbnails"": {""default"": {""url"": ""https://i.ytimg.com/vi/p28q_tSijQA/default.jpg"", ""width"": 120, ""height"": 90}, ""medium"": {""url"": ""https://i.ytimg.com/vi/p28q_tSijQA/mqdefault.jpg"", ""width"": 320, ""height"": 180}, ""high"": {""url"": ""https://i.ytimg.com/vi/p28q_tSijQA/hqdefault.jpg"", ""width"": 480, ""height"": 360}, ""standard"": {""url"": ""https://i.ytimg.com/vi/p28q_tSijQA/sddefault.jpg"", ""width"": 640, ""height"": 480}, ""maxres"": {""url"": ""https://i.ytimg.com/vi/p28q_tSijQA/maxresdefault.jpg"", ""width"": 1280, ""height"": 720}}, ""channelTitle"": ""🎭 Ursula 🎭"", ""categoryId"": ""22"", ""liveBroadcastContent"": ""none"", ""defaultLanguage"": ""en"", ""localized"": {""title"": ""Link in Description🤘 #dip #dessert #dessertdip #dubaichocolate #pistachiocream #kunafa #sweettooth"", ""description"": ""Dubai Dip 😳❤️❤️❤️ https://www.tiktok.com/t/ZT9YGQSw1VKCv-SgvqZ/""}, ""defaultAudioLanguage"": ""en""}, ""statistics"": {""viewCount"": ""3817"", ""likeCount"": ""483"", ""favoriteCount"": ""0"", ""commentCount"": ""6""}}"
두쫀쿠,preset,두바이초콜릿쿠키,BeLm64Wh6d8,"두쫀쿠 두개, 약과 휘낭시에, 수제 두바이 초콜릿,꼬끄 후레이크,초코칩 사브레 쿠키😋",2026-05-25T14:31:57Z,6301,0,0,https://www.youtube.com/watch?v=BeLm64Wh6d8,youtube,두바이초콜릿쿠키,alias,1.0,2026-05-26T11:39:31.823168+00:00,6301,0,0,0,수연(34)soo yeon🇰🇷,,"{""kind"": ""youtube#video"", ""etag"": ""MEoj3D9RITUDT1MxWW1vGFTJ6XI"", ""id"": ""BeLm64Wh6d8"", ""snippet"": {""publishedAt"": ""2026-05-25T14:31:57Z"", ""channelId"": ""UCEEelaLG4O232IjnjRDuV1w"", ""title"": ""두쫀쿠 두개, 약과 휘낭시에, 수제 두바이 초콜릿,꼬끄 후레이크,초코칩 사브레 쿠키😋"", ""description"": """", ""thumbnails"": {""default"": {""url"": ""https://i.ytimg.com/vi/BeLm64Wh6d8/default.jpg"", ""width"": 120, ""height"": 90}, ""medium"": {""url"": ""https://i.ytimg.com/vi/BeLm64Wh6d8/mqdefault.jpg"", ""width"": 320, ""height"": 180}, ""high"": {""url"": ""https://i.ytimg.com/vi/BeLm64Wh6d8/hqdefault.jpg"", ""width"": 480, ""height"": 360}, ""standard"": {""url"": ""https://i.ytimg.com/vi/BeLm64Wh6d8/sddefault.jpg"", ""width"": 640, ""height"": 480}, ""maxres"": {""url"": ""https://i.ytimg.com/vi/BeLm64Wh6d8/maxresdefault.jpg"", ""width"": 1280, ""height"": 720}}, ""channelTitle"": ""수연(34)soo yeon🇰🇷"", ""categoryId"": ""22"", ""liveBroadcastContent"": ""none"", ""defaultLanguage"": ""ko"", ""localized"": {""title"": ""두쫀쿠 두개, 약과 휘낭시에, 수제 두바이 초콜릿,꼬끄 후레이크,초코칩 사브레 쿠키😋"", ""description"": """"}, ""defaultAudioLanguage"": ""ko""}, ""statistics"": {""viewCount"": ""6301"", ""favoriteCount"": ""0"", ""commentCount"": ""0""}}"
두쫀쿠,preset,두바이초콜릿쿠키,A4Mk4Hfz40o,#unboxing #dubai #dubaichocolate,2026-05-25T12:21:30Z,1257,17,2,https://www.youtube.com/watch?v=A4Mk4Hfz40o,youtube,두바이초콜릿쿠키,alias,1.0,2026-05-26T11:39:31.823168+00:00,1257,17,2,19,Dwi di Dubai (Indonesian in Dubai),,"{""kind"": ""youtube#video"", ""etag"": ""2kv7lvHPBITZ18Oh5eaHUYED3hI"", ""id"": ""A4Mk4Hfz40o"", ""snippet"": {""publishedAt"": ""2026-05-25T12:21:30Z"", ""channelId"": ""UCS_JfuuhaTl4LN3lb_4w1Rg"", ""title"": ""#unboxing #dubai #dubaichocolate"", ""description"": """", ""thumbnails"": {""default"": {""url"": ""https://i.ytimg.com/vi/A4Mk4Hfz40o/default.jpg"", ""width"": 120, ""height"": 90}, ""medium"": {""url"": ""https://i.ytimg.com/vi/A4Mk4Hfz40o/mqdefault.jpg"", ""width"": 320, ""height"": 180}, ""high"": {""url"": ""https://i.ytimg.com/vi/A4Mk4Hfz40o/hqdefault.jpg"", ""width"": 480, ""height"": 360}, ""standard"": {""url"": ""https://i.ytimg.com/vi/A4Mk4Hfz40o/sddefault.jpg"", ""width"": 640, ""height"": 480}, ""maxres"": {""url"": ""https://i.ytimg.com/vi/A4Mk4Hfz40o/maxresdefault.jpg"", ""width"": 1280, ""height"": 720}}, ""channelTitle"": ""Dwi di Dubai (Indonesian in Dubai)"", ""categoryId"": ""22"", ""liveBroadcastContent"": ""none"", ""defaultLanguage"": ""ar"", ""localized"": {""title"": ""#unboxing #dubai #dubaichocolate"", ""description"": """"}, ""defaultAudioLanguage"": ""id""}, ""statistics"": {""viewCount"": ""1257"", ""likeCount"": ""17"", ""favoriteCount"": ""0"", ""commentCount"": ""2""}}"
두쫀쿠,preset,두바이초콜릿쿠키,POoXrtf3_Ag,甜點控絕對不能錯過！這顆杜拜巧克力Q餅真的會好吃到讓人失控🤤,2026-05-25T11:00:23Z,1370,11,0,https://www.youtube.com/watch?v=POoXrtf3_Ag,youtube,두바이초콜릿쿠키,alias,1.0,2026-05-26T11:39:31.823168+00:00,1370,11,0,11,Gelovery,"大家身邊也有那種上大學後突然變超精緻的朋友嗎？
本來只是朋友日常互嘴，結果話題直接被這顆甜點搶走❤️‍🔥
這是最近超燒的杜拜巧克力Q餅
外皮Q彈、內餡爆漿🔥
重點是吃起來完全不死甜，真的會讓人一口接一口🤤
如果你也是甜點控 這顆真的先收藏起來！

購買連結🔽
https://www.gelovery.com/zh/product/2765-dubaichocolate

#geloverygift #杜拜巧克力Ｑ餅 #甜點 #甜點控必吃 #餅皮Ｑ彈 
#內餡細緻 #下午茶 #點心 #必吃美食","{""kind"": ""youtube#video"", ""etag"": ""bc-xFgGhpPPQdICX_kX0wrXsMmk"", ""id"": ""POoXrtf3_Ag"", ""snippet"": {""publishedAt"": ""2026-05-25T11:00:23Z"", ""channelId"": ""UC4vAMZMoOW8O7311jYjxsXg"", ""title"": ""甜點控絕對不能錯過！這顆杜拜巧克力Q餅真的會好吃到讓人失控🤤"", ""description"": ""大家身邊也有那種上大學後突然變超精緻的朋友嗎？\n本來只是朋友日常互嘴，結果話題直接被這顆甜點搶走❤️‍🔥\n這是最近超燒的杜拜巧克力Q餅\n外皮Q彈、內餡爆漿🔥\n重點是吃起來完全不死甜，真的會讓人一口接一口🤤\n如果你也是甜點控 這顆真的先收藏起來！\n\n購買連結🔽\nhttps://www.gelovery.com/zh/product/2765-dubaichocolate\n\n#geloverygift #杜拜巧克力Ｑ餅 #甜點 #甜點控必吃 #餅皮Ｑ彈 \n#內餡細緻 #下午茶 #點心 #必吃美食"", ""thumbnails"": {""default"": {""url"": ""https://i.ytimg.com/vi/POoXrtf3_Ag/default.jpg"", ""width"": 120, ""height"": 90}, ""medium"": {""url"": ""https://i.ytimg.com/vi/POoXrtf3_Ag/mqdefault.jpg"", ""width"": 320, ""height"": 180}, ""high"": {""url"": ""https://i.ytimg.com/vi/POoXrtf3_Ag/hqdefault.jpg"", ""width"": 480, ""height"": 360}, ""standard"": {""url"": ""https://i.ytimg.com/vi/POoXrtf3_Ag/sddefault.jpg"", ""width"": 640, ""height"": 480}, ""maxres"": {""url"": ""https://i.ytimg.com/vi/POoXrtf3_Ag/maxresdefault.jpg"", ""width"": 1280, ""height"": 720}}, ""channelTitle"": ""Gelovery"", ""categoryId"": ""26"", ""liveBroadcastContent"": ""none"", ""defaultLanguage"": ""zh-Hant"", ""localized"": {""title"": ""甜點控絕對不能錯過！這顆杜拜巧克力Q餅真的會好吃到讓人失控🤤"", ""description"": ""大家身邊也有那種上大學後突然變超精緻的朋友嗎？\n本來只是朋友日常互嘴，結果話題直接被這顆甜點搶走❤️‍🔥\n這是最近超燒的杜拜巧克力Q餅\n外皮Q彈、內餡爆漿🔥\n重點是吃起來完全不死甜，真的會讓人一口接一口🤤\n如果你也是甜點控 這顆真的先收藏起來！\n\n購買連結🔽\nhttps://www.gelovery.com/zh/product/2765-dubaichocolate\n\n#geloverygift #杜拜巧克力Ｑ餅 #甜點 #甜點控必吃 #餅皮Ｑ彈 \n#內餡細緻 #下午茶 #點心 #必吃美食""}, ""defaultAudioLanguage"": ""zh-Hant""}, ""statistics"": {""viewCount"": ""1370"", ""likeCount"": ""11"", ""favoriteCount"": ""0"", ""commentCount"": ""0""}}"
두쫀쿠,preset,두바이초콜릿쿠키,FYdcRLDk_SI,I haven’t stopped thinking about this Dubai Chocolate Salt Bread since I made it…,2026-05-25T10:04:00Z,1769,25,3,https://www.youtube.com/watch?v=FYdcRLDk_SI,youtube,두바이초콜릿쿠키,alias,1.0,2026-05-26T11:39:31.823168+00:00,1769,25,3,28,LalaBoc._.CookingDiary,"Send this to someone who should make it for you🙂‍↕️ 

#dubaichcolate #dubaidesserts #saltbread #saltbreadrecipe #chocolatesaltbread #chocolatebread #chocolate #두바이쫀득쿠키 #두바이초콜렛 #dubaichewycookie #소금빵 #소금빵만들기 #초코디저트 #초코두바이소금빵 #홈베이커 #홈베이킹 #homebaker #homebaking #homebaked #viralshort #viralfood #viraldessert #delicious #deliciousdessert #deliciousrecipe #맛있다 #추천 #핫트렌드 #","{""kind"": ""youtube#video"", ""etag"": ""VCbBJcmguwfZpYiY7KQxgq6cb2s"", ""id"": ""FYdcRLDk_SI"", ""snippet"": {""publishedAt"": ""2026-05-25T10:04:00Z"", ""channelId"": ""UC_b_tOD_CkD8GkX_56-zsUQ"", ""title"": ""I haven’t stopped thinking about this Dubai Chocolate Salt Bread since I made it…"", ""description"": ""Send this to someone who should make it for you🙂‍↕️ \n\n#dubaichcolate #dubaidesserts #saltbread #saltbreadrecipe #chocolatesaltbread #chocolatebread #chocolate #두바이쫀득쿠키 #두바이초콜렛 #dubaichewycookie #소금빵 #소금빵만들기 #초코디저트 #초코두바이소금빵 #홈베이커 #홈베이킹 #homebaker #homebaking #homebaked #viralshort #viralfood #viraldessert #delicious #deliciousdessert #deliciousrecipe #맛있다 #추천 #핫트렌드 #"", ""thumbnails"": {""default"": {""url"": ""https://i.ytimg.com/vi/FYdcRLDk_SI/default.jpg"", ""width"": 120, ""height"": 90}, ""medium"": {""url"": ""https://i.ytimg.com/vi/FYdcRLDk_SI/mqdefault.jpg"", ""width"": 320, ""height"": 180}, ""high"": {""url"": ""https://i.ytimg.com/vi/FYdcRLDk_SI/hqdefault.jpg"", ""width"": 480, ""height"": 360}, ""standard"": {""url"": ""https://i.ytimg.com/vi/FYdcRLDk_SI/sddefault.jpg"", ""width"": 640, ""height"": 480}, ""maxres"": {""url"": ""https://i.ytimg.com/vi/FYdcRLDk_SI/maxresdefault.jpg"", ""width"": 1280, ""height"": 720}}, ""channelTitle"": ""LalaBoc._.CookingDiary"", ""categoryId"": ""26"", ""liveBroadcastContent"": ""none"", ""defaultLanguage"": ""ko"", ""localized"": {""title"": ""I haven’t stopped thinking about this Dubai Chocolate Salt Bread since I made it…"", ""description"": ""Send this to someone who should make it for you🙂‍↕️ \n\n#dubaichcolate #dubaidesserts #saltbread #saltbreadrecipe #chocolatesaltbread #chocolatebread #chocolate #두바이쫀득쿠키 #두바이초콜렛 #dubaichewycookie #소금빵 #소금빵만들기 #초코디저트 #초코두바이소금빵 #홈베이커 #홈베이킹 #homebaker #homebaking #homebaked #viralshort #viralfood #viraldessert #delicious #deliciousdessert #deliciousrecipe #맛있다 #추천 #핫트렌드 #""}, ""defaultAudioLanguage"": ""en""}, ""statistics"": {""viewCount"": ""1769"", ""likeCount"": ""25"", ""favoriteCount"": ""0"", ""commentCount"": ""3""}}"
두쫀쿠,preset,두바이초콜릿쿠키,K2w7rS8UQW4,Chewy dubai chocolate #cooking #cookingideas #simplecooking,2026-05-25T08:45:06Z,1847,19,0,https://www.youtube.com/watch?v=K2w7rS8UQW4,youtube,두바이초콜릿쿠키,alias,1.0,2026-05-26T11:39:31.823168+00:00,1847,19,0,19,Mamae Kayla,,"{""kind"": ""youtube#video"", ""etag"": ""2P84fvLgxB4lROvea9spQYyBIZs"", ""id"": ""K2w7rS8UQW4"", ""snippet"": {""publishedAt"": ""2026-05-25T08:45:06Z"", ""channelId"": ""UCxfLcbgnXt9Do2M6KVOKgSQ"", ""title"": ""Chewy dubai chocolate #cooking #cookingideas #simplecooking"", ""description"": """", ""thumbnails"": {""default"": {""url"": ""https://i.ytimg.com/vi/K2w7rS8UQW4/default.jpg"", ""width"": 120, ""height"": 90}, ""medium"": {""url"": ""https://i.ytimg.com/vi/K2w7rS8UQW4/mqdefault.jpg"", ""width"": 320, ""height"": 180}, ""high"": {""url"": ""https://i.ytimg.com/vi/K2w7rS8UQW4/hqdefault.jpg"", ""width"": 480, ""height"": 360}, ""standard"": {""url"": ""https://i.ytimg.com/vi/K2w7rS8UQW4/sddefault.jpg"", ""width"": 640, ""height"": 480}, ""maxres"": {""url"": ""https://i.ytimg.com/vi/K2w7rS8UQW4/maxresdefault.jpg"", ""width"": 1280, ""height"": 720}}, ""channelTitle"": ""Mamae Kayla"", ""categoryId"": ""22"", ""liveBroadcastContent"": ""none"", ""defaultLanguage"": ""id"", ""localized"": {""title"": ""Chewy dubai chocolate #cooking #cookingideas #simplecooking"", ""description"": """"}, ""defaultAudioLanguage"": ""id""}, ""statistics"": {""viewCount"": ""1847"", ""likeCount"": ""19"", ""favoriteCount"": ""0"", ""commentCount"": ""0""}}"
두쫀쿠,preset,두바이초콜릿쿠키,HqQe65g8QXE,FULL VIDEO POSTED⁉️⁉️Dubai chocolate cookies with a twist #dessertblogger #chocolatecookies #baking,2026-05-25T01:43:32Z,1061,11,3,https://www.youtube.com/watch?v=HqQe65g8QXE,youtube,두바이초콜릿쿠키,alias,1.0,2026-05-26T11:39:31.823168+00:00,1061,11,3,14,JustAshleigh,,"{""kind"": ""youtube#video"", ""etag"": ""NKsYPoWSX9JSjRG--VGm5eqOcbM"", ""id"": ""HqQe65g8QXE"", ""snippet"": {""publishedAt"": ""2026-05-25T01:43:32Z"", ""channelId"": ""UCyiaXMxUE1bs4ah8PhvNekw"", ""title"": ""FULL VIDEO POSTED⁉️⁉️Dubai chocolate cookies with a twist #dessertblogger #chocolatecookies #baking"", ""description"": """", ""thumbnails"": {""default"": {""url"": ""https://i.ytimg.com/vi/HqQe65g8QXE/default.jpg"", ""width"": 120, ""height"": 90}, ""medium"": {""url"": ""https://i.ytimg.com/vi/HqQe65g8QXE/mqdefault.jpg"", ""width"": 320, ""height"": 180}, ""high"": {""url"": ""https://i.ytimg.com/vi/HqQe65g8QXE/hqdefault.jpg"", ""width"": 480, ""height"": 360}, ""standard"": {""url"": ""https://i.ytimg.com/vi/HqQe65g8QXE/sddefault.jpg"", ""width"": 640, ""height"": 480}, ""maxres"": {""url"": ""https://i.ytimg.com/vi/HqQe65g8QXE/maxresdefault.jpg"", ""width"": 1280, ""height"": 720}}, ""channelTitle"": ""JustAshleigh"", ""categoryId"": ""24"", ""liveBroadcastContent"": ""none"", ""defaultLanguage"": ""en-US"", ""localized"": {""title"": ""FULL VIDEO POSTED⁉️⁉️Dubai chocolate cookies with a twist #dessertblogger #chocolatecookies #baking"", ""description"": """"}, ""defaultAudioLanguage"": ""en-US""}, ""statistics"": {""viewCount"": ""1061"", ""likeCount"": ""11"", ""favoriteCount"": ""0"", ""commentCount"": ""3""}}"
두쫀쿠,preset,두바이초콜릿쿠키,6CYnZytqdFM,FULL VIDEO POSTED⁉️⁉️ Chocolate chewy Dubai cookies #baking #cookies #dubaichocolate #dubaitiktok,2026-05-25T01:38:28Z,1638,10,0,https://www.youtube.com/watch?v=6CYnZytqdFM,youtube,두바이초콜릿쿠키,alias,1.0,2026-05-26T11:39:31.823168+00:00,1638,10,0,10,JustAshleigh,,"{""kind"": ""youtube#video"", ""etag"": ""aHDvS8lXsAFgHBz5SYtcRNMX57Q"", ""id"": ""6CYnZytqdFM"", ""snippet"": {""publishedAt"": ""2026-05-25T01:38:28Z"", ""channelId"": ""UCyiaXMxUE1bs4ah8PhvNekw"", ""title"": ""FULL VIDEO POSTED⁉️⁉️ Chocolate chewy Dubai cookies #baking #cookies #dubaichocolate #dubaitiktok"", ""description"": """", ""thumbnails"": {""default"": {""url"": ""https://i.ytimg.com/vi/6CYnZytqdFM/default.jpg"", ""width"": 120, ""height"": 90}, ""medium"": {""url"": ""https://i.ytimg.com/vi/6CYnZytqdFM/mqdefault.jpg"", ""width"": 320, ""height"": 180}, ""high"": {""url"": ""https://i.ytimg.com/vi/6CYnZytqdFM/hqdefault.jpg"", ""width"": 480, ""height"": 360}, ""standard"": {""url"": ""https://i.ytimg.com/vi/6CYnZytqdFM/sddefault.jpg"", ""width"": 640, ""height"": 480}, ""maxres"": {""url"": ""https://i.ytimg.com/vi/6CYnZytqdFM/maxresdefault.jpg"", ""width"": 1280, ""height"": 720}}, ""channelTitle"": ""JustAshleigh"", ""categoryId"": ""24"", ""liveBroadcastContent"": ""none"", ""defaultLanguage"": ""en-US"", ""localized"": {""title"": ""FULL VIDEO POSTED⁉️⁉️ Chocolate chewy Dubai cookies #baking #cookies #dubaichocolate #dubaitiktok"", ""description"": """"}, ""defaultAudioLanguage"": ""en-US""}, ""statistics"": {""viewCount"": ""1638"", ""likeCount"": ""10"", ""favoriteCount"": ""0"", ""commentCount"": ""0""}}"
두쫀쿠,preset,두바이초콜릿쿠키,8arWRCo1Hwk,#asmr #eatingasmr #chocbox #dubaichocolate #fyp,2026-05-24T22:46:41Z,1055,7,0,https://www.youtube.com/watch?v=8arWRCo1Hwk,youtube,두바이초콜릿쿠키,alias,1.0,2026-05-26T11:39:31.823168+00:00,1055,7,0,7,Tab Jewell,#asmr #eatingasmr #chocbox #dubaichocolate #fyp,"{""kind"": ""youtube#video"", ""etag"": ""i1shoRfYMMlRbg_bnXJTbq4H2Pg"", ""id"": ""8arWRCo1Hwk"", ""snippet"": {""publishedAt"": ""2026-05-24T22:46:41Z"", ""channelId"": ""UCiTz1mxgBVqNIffbsyXxV-Q"", ""title"": ""#asmr #eatingasmr #chocbox #dubaichocolate #fyp"", ""description"": ""#asmr #eatingasmr #chocbox #dubaichocolate #fyp"", ""thumbnails"": {""default"": {""url"": ""https://i.ytimg.com/vi/8arWRCo1Hwk/default.jpg"", ""width"": 120, ""height"": 90}, ""medium"": {""url"": ""https://i.ytimg.com/vi/8arWRCo1Hwk/mqdefault.jpg"", ""width"": 320, ""height"": 180}, ""high"": {""url"": ""https://i.ytimg.com/vi/8arWRCo1Hwk/hqdefault.jpg"", ""width"": 480, ""height"": 360}, ""standard"": {""url"": ""https://i.ytimg.com/vi/8arWRCo1Hwk/sddefault.jpg"", ""width"": 640, ""height"": 480}, ""maxres"": {""url"": ""https://i.ytimg.com/vi/8arWRCo1Hwk/maxresdefault.jpg"", ""width"": 1280, ""height"": 720}}, ""channelTitle"": ""Tab Jewell"", ""categoryId"": ""22"", ""liveBroadcastContent"": ""none"", ""defaultLanguage"": ""en"", ""localized"": {""title"": ""#asmr #eatingasmr #chocbox #dubaichocolate #fyp"", ""description"": ""#asmr #eatingasmr #chocbox #dubaichocolate #fyp""}, ""defaultAudioLanguage"": ""en""}, ""statistics"": {""viewCount"": ""1055"", ""likeCount"": ""7"", ""favoriteCount"": ""0"", ""commentCount"": ""0""}}"
두쫀쿠,preset,두바이초콜릿쿠키,EnHu4w7pZgU,Dubai chocolate🍫,2026-05-24T20:54:18Z,814,17,1,https://www.youtube.com/watch?v=EnHu4w7pZgU,youtube,두바이초콜릿쿠키,alias,1.0,2026-05-26T11:39:31.823168+00:00,814,17,1,18,Deuce and Ry City,,"{""kind"": ""youtube#video"", ""etag"": ""YYqy4d1O9vpwWlHTyKYcyL0S1nQ"", ""id"": ""EnHu4w7pZgU"", ""snippet"": {""publishedAt"": ""2026-05-24T20:54:18Z"", ""channelId"": ""UCZAGqsMmXLvDl4Dc0to0Fgg"", ""title"": ""Dubai chocolate🍫"", ""description"": """", ""thumbnails"": {""default"": {""url"": ""https://i.ytimg.com/vi/EnHu4w7pZgU/default.jpg"", ""width"": 120, ""height"": 90}, ""medium"": {""url"": ""https://i.ytimg.com/vi/EnHu4w7pZgU/mqdefault.jpg"", ""width"": 320, ""height"": 180}, ""high"": {""url"": ""https://i.ytimg.com/vi/EnHu4w7pZgU/hqdefault.jpg"", ""width"": 480, ""height"": 360}, ""standard"": {""url"": ""https://i.ytimg.com/vi/EnHu4w7pZgU/sddefault.jpg"", ""width"": 640, ""height"": 480}, ""maxres"": {""url"": ""https://i.ytimg.com/vi/EnHu4w7pZgU/maxresdefault.jpg"", ""width"": 1280, ""height"": 720}}, ""channelTitle"": ""Deuce and Ry City"", ""categoryId"": ""22"", ""liveBroadcastContent"": ""none"", ""defaultLanguage"": ""en"", ""localized"": {""title"": ""Dubai chocolate🍫"", ""description"": """"}, ""defaultAudioLanguage"": ""en""}, ""statistics"": {""viewCount"": ""814"", ""likeCount"": ""17"", ""favoriteCount"": ""0"", ""commentCount"": ""1""}}"
두쫀쿠,preset,두바이초콜릿쿠키,EDtlwiF9BW0,asmr at dubai chocolate #dubaichocolate #asmr #foryoupage,2026-05-24T19:53:15Z,1693,0,8,https://www.youtube.com/watch?v=EDtlwiF9BW0,youtube,두바이초콜릿쿠키,alias,1.0,2026-05-26T11:39:31.823168+00:00,1693,0,8,8,ASMR Sofia,,"{""kind"": ""youtube#video"", ""etag"": ""5hEcBZAt-bLO68qzWrLu-9EnCjo"", ""id"": ""EDtlwiF9BW0"", ""snippet"": {""publishedAt"": ""2026-05-24T19:53:15Z"", ""channelId"": ""UCxqjZVLcN4TtyzJpRzJDL9A"", ""title"": ""asmr at dubai chocolate #dubaichocolate #asmr #foryoupage"", ""description"": """", ""thumbnails"": {""default"": {""url"": ""https://i.ytimg.com/vi/EDtlwiF9BW0/default.jpg"", ""width"": 120, ""height"": 90}, ""medium"": {""url"": ""https://i.ytimg.com/vi/EDtlwiF9BW0/mqdefault.jpg"", ""width"": 320, ""height"": 180}, ""high"": {""url"": ""https://i.ytimg.com/vi/EDtlwiF9BW0/hqdefault.jpg"", ""width"": 480, ""height"": 360}, ""standard"": {""url"": ""https://i.ytimg.com/vi/EDtlwiF9BW0/sddefault.jpg"", ""width"": 640, ""height"": 480}, ""maxres"": {""url"": ""https://i.ytimg.com/vi/EDtlwiF9BW0/maxresdefault.jpg"", ""width"": 1280, ""height"": 720}}, ""channelTitle"": ""ASMR Sofia"", ""categoryId"": ""22"", ""liveBroadcastContent"": ""none"", ""defaultLanguage"": ""en"", ""localized"": {""title"": ""asmr at dubai chocolate #dubaichocolate #asmr #foryoupage"", ""description"": """"}, ""defaultAudioLanguage"": ""en""}, ""statistics"": {""viewCount"": ""1693"", ""favoriteCount"": ""0"", ""commentCount"": ""8""}}"
두쫀쿠,preset,두바이초콜릿쿠키,jJV3MsKMCng,viral Dubai🤤 Chocolate making🍫#trending #shorts #youtubeshorts #shortvideo #explore #foryou #fypシ,2026-05-24T19:10:14Z,22968,644,10,https://www.youtube.com/watch?v=jJV3MsKMCng,youtube,두바이초콜릿쿠키,alias,1.0,2026-05-26T11:39:31.823168+00:00,22968,644,10,654,Mallickfamily786,,"{""kind"": ""youtube#video"", ""etag"": ""rVuYuFQ2AYYxdBTD73T-i7ZVrSs"", ""id"": ""jJV3MsKMCng"", ""snippet"": {""publishedAt"": ""2026-05-24T19:10:14Z"", ""channelId"": ""UC3HAgWa6af7aGZNe-zx4uLg"", ""title"": ""viral Dubai🤤 Chocolate making🍫#trending #shorts #youtubeshorts #shortvideo #explore #foryou #fypシ"", ""description"": """", ""thumbnails"": {""default"": {""url"": ""https://i.ytimg.com/vi/jJV3MsKMCng/default.jpg"", ""width"": 120, ""height"": 90}, ""medium"": {""url"": ""https://i.ytimg.com/vi/jJV3MsKMCng/mqdefault.jpg"", ""width"": 320, ""height"": 180}, ""high"": {""url"": ""https://i.ytimg.com/vi/jJV3MsKMCng/hqdefault.jpg"", ""width"": 480, ""height"": 360}, ""standard"": {""url"": ""https://i.ytimg.com/vi/jJV3MsKMCng/sddefault.jpg"", ""width"": 640, ""height"": 480}, ""maxres"": {""url"": ""https://i.ytimg.com/vi/jJV3MsKMCng/maxresdefault.jpg"", ""width"": 1280, ""height"": 720}}, ""channelTitle"": ""Mallickfamily786"", ""categoryId"": ""23"", ""liveBroadcastContent"": ""none"", ""defaultLanguage"": ""bn-IN"", ""localized"": {""title"": ""viral Dubai🤤 Chocolate making🍫#trending #shorts #youtubeshorts #shortvideo #explore #foryou #fypシ"", ""description"": """"}, ""defaultAudioLanguage"": ""bn-IN""}, ""statistics"": {""viewCount"": ""22968"", ""likeCount"": ""644"", ""favoriteCount"": ""0"", ""commentCount"": ""10""}}"
두쫀쿠,preset,두바이초콜릿쿠키,Nqh7N6IoE_Q,"When 24k Gold, meets Dubai Chocolate 🍫 #dubai #dubaichocolate #chocolate #shorts",2026-05-24T18:00:30Z,23760,241,4,https://www.youtube.com/watch?v=Nqh7N6IoE_Q,youtube,두바이초콜릿쿠키,alias,1.0,2026-05-26T11:39:31.823168+00:00,23760,241,4,245,YamIT,,"{""kind"": ""youtube#video"", ""etag"": ""eHGN0oBFdU8ph629YwZrxvIw0EM"", ""id"": ""Nqh7N6IoE_Q"", ""snippet"": {""publishedAt"": ""2026-05-24T18:00:30Z"", ""channelId"": ""UC1c_YxVJBGJL8PVMODcsTEw"", ""title"": ""When 24k Gold, meets Dubai Chocolate 🍫 #dubai #dubaichocolate #chocolate #shorts"", ""description"": """", ""thumbnails"": {""default"": {""url"": ""https://i.ytimg.com/vi/Nqh7N6IoE_Q/default.jpg"", ""width"": 120, ""height"": 90}, ""medium"": {""url"": ""https://i.ytimg.com/vi/Nqh7N6IoE_Q/mqdefault.jpg"", ""width"": 320, ""height"": 180}, ""high"": {""url"": ""https://i.ytimg.com/vi/Nqh7N6IoE_Q/hqdefault.jpg"", ""width"": 480, ""height"": 360}, ""standard"": {""url"": ""https://i.ytimg.com/vi/Nqh7N6IoE_Q/sddefault.jpg"", ""width"": 640, ""height"": 480}, ""maxres"": {""url"": ""https://i.ytimg.com/vi/Nqh7N6IoE_Q/maxresdefault.jpg"", ""width"": 1280, ""height"": 720}}, ""channelTitle"": ""YamIT"", ""categoryId"": ""22"", ""liveBroadcastContent"": ""none"", ""defaultLanguage"": ""en"", ""localized"": {""title"": ""When 24k Gold, meets Dubai Chocolate 🍫 #dubai #dubaichocolate #chocolate #shorts"", ""description"": """"}, ""defaultAudioLanguage"": ""hi""}, ""statistics"": {""viewCount"": ""23760"", ""likeCount"": ""241"", ""favoriteCount"": ""0"", ""commentCount"": ""4""}}"
두쫀쿠,preset,두바이초콜릿쿠키,K4O0Ht_lSm0,Viral dubai chocolate #asmrcooking #asmrsound #shorts,2026-05-24T15:00:14Z,4656,0,1,https://www.youtube.com/watch?v=K4O0Ht_lSm0,youtube,두바이초콜릿쿠키,alias,1.0,2026-05-26T11:39:31.823168+00:00,4656,0,1,1,Food panda,,"{""kind"": ""youtube#video"", ""etag"": ""LGgb3DygoqUyEKvYJg5zs7Qqaxg"", ""id"": ""K4O0Ht_lSm0"", ""snippet"": {""publishedAt"": ""2026-05-24T15:00:14Z"", ""channelId"": ""UC1pJE5PFsB5Ci1PEbXtQeyQ"", ""title"": ""Viral dubai chocolate #asmrcooking #asmrsound #shorts"", ""description"": """", ""thumbnails"": {""default"": {""url"": ""https://i.ytimg.com/vi/K4O0Ht_lSm0/default.jpg"", ""width"": 120, ""height"": 90}, ""medium"": {""url"": ""https://i.ytimg.com/vi/K4O0Ht_lSm0/mqdefault.jpg"", ""width"": 320, ""height"": 180}, ""high"": {""url"": ""https://i.ytimg.com/vi/K4O0Ht_lSm0/hqdefault.jpg"", ""width"": 480, ""height"": 360}, ""standard"": {""url"": ""https://i.ytimg.com/vi/K4O0Ht_lSm0/sddefault.jpg"", ""width"": 640, ""height"": 480}, ""maxres"": {""url"": ""https://i.ytimg.com/vi/K4O0Ht_lSm0/maxresdefault.jpg"", ""width"": 1280, ""height"": 720}}, ""channelTitle"": ""Food panda"", ""categoryId"": ""26"", ""liveBroadcastContent"": ""none"", ""defaultLanguage"": ""en"", ""localized"": {""title"": ""Viral dubai chocolate #asmrcooking #asmrsound #shorts"", ""description"": """"}}, ""statistics"": {""viewCount"": ""4656"", ""favoriteCount"": ""0"", ""commentCount"": ""1""}}"
두쫀쿠,preset,두바이초콜릿쿠키,A36-7fDRuIk,viral Dubai 🤤🍫 Chocolate yummy recipe #trending #shorts #youtubeshorts #shortvideo #explore #foryou,2026-05-24T14:15:30Z,26923,479,45,https://www.youtube.com/watch?v=A36-7fDRuIk,youtube,두바이초콜릿쿠키,alias,1.0,2026-05-26T11:39:31.823168+00:00,26923,479,45,524,Mallickfamily786,,"{""kind"": ""youtube#video"", ""etag"": ""diMGHlEvxtFpQWyxImlH_5OjImI"", ""id"": ""A36-7fDRuIk"", ""snippet"": {""publishedAt"": ""2026-05-24T14:15:30Z"", ""channelId"": ""UC3HAgWa6af7aGZNe-zx4uLg"", ""title"": ""viral Dubai 🤤🍫 Chocolate yummy recipe #trending #shorts #youtubeshorts #shortvideo #explore #foryou"", ""description"": """", ""thumbnails"": {""default"": {""url"": ""https://i.ytimg.com/vi/A36-7fDRuIk/default.jpg"", ""width"": 120, ""height"": 90}, ""medium"": {""url"": ""https://i.ytimg.com/vi/A36-7fDRuIk/mqdefault.jpg"", ""width"": 320, ""height"": 180}, ""high"": {""url"": ""https://i.ytimg.com/vi/A36-7fDRuIk/hqdefault.jpg"", ""width"": 480, ""height"": 360}, ""standard"": {""url"": ""https://i.ytimg.com/vi/A36-7fDRuIk/sddefault.jpg"", ""width"": 640, ""height"": 480}, ""maxres"": {""url"": ""https://i.ytimg.com/vi/A36-7fDRuIk/maxresdefault.jpg"", ""width"": 1280, ""height"": 720}}, ""channelTitle"": ""Mallickfamily786"", ""categoryId"": ""23"", ""liveBroadcastContent"": ""none"", ""defaultLanguage"": ""bn-IN"", ""localized"": {""title"": ""viral Dubai 🤤🍫 Chocolate yummy recipe #trending #shorts #youtubeshorts #shortvideo #explore #foryou"", ""description"": """"}, ""defaultAudioLanguage"": ""bn-IN""}, ""statistics"": {""viewCount"": ""26923"", ""likeCount"": ""479"", ""favoriteCount"": ""0"", ""commentCount"": ""45""}}"
두쫀쿠,preset,두바이초콜릿쿠키,UI34gCWGWks,When peanuts and sultanas meet in Dubai chocolate 🤤 #peanutchocolate #foodasmr #satisfying #howto,2026-05-24T12:51:00Z,28497,363,8,https://www.youtube.com/watch?v=UI34gCWGWks,youtube,두바이초콜릿쿠키,alias,1.0,2026-05-26T11:39:31.823168+00:00,28497,363,8,371,ChocoMuse,,"{""kind"": ""youtube#video"", ""etag"": ""oufE--tUbUs8M7uF6H4211dPtIg"", ""id"": ""UI34gCWGWks"", ""snippet"": {""publishedAt"": ""2026-05-24T12:51:00Z"", ""channelId"": ""UCUmKLvvoRHygl8LZcjYaRmw"", ""title"": ""When peanuts and sultanas meet in Dubai chocolate 🤤 #peanutchocolate #foodasmr #satisfying #howto"", ""description"": """", ""thumbnails"": {""default"": {""url"": ""https://i.ytimg.com/vi/UI34gCWGWks/default.jpg"", ""width"": 120, ""height"": 90}, ""medium"": {""url"": ""https://i.ytimg.com/vi/UI34gCWGWks/mqdefault.jpg"", ""width"": 320, ""height"": 180}, ""high"": {""url"": ""https://i.ytimg.com/vi/UI34gCWGWks/hqdefault.jpg"", ""width"": 480, ""height"": 360}, ""standard"": {""url"": ""https://i.ytimg.com/vi/UI34gCWGWks/sddefault.jpg"", ""width"": 640, ""height"": 480}, ""maxres"": {""url"": ""https://i.ytimg.com/vi/UI34gCWGWks/maxresdefault.jpg"", ""width"": 1280, ""height"": 720}}, ""channelTitle"": ""ChocoMuse"", ""categoryId"": ""22"", ""liveBroadcastContent"": ""none"", ""defaultLanguage"": ""en"", ""localized"": {""title"": ""When peanuts and sultanas meet in Dubai chocolate 🤤 #peanutchocolate #foodasmr #satisfying #howto"", ""description"": """"}, ""defaultAudioLanguage"": ""en""}, ""statistics"": {""viewCount"": ""28497"", ""likeCount"": ""363"", ""favoriteCount"": ""0"", ""commentCount"": ""8""}}"
두쫀쿠,preset,두바이초콜릿쿠키,O5VrUX48xuo,Viral Dubai chocolate #trending #food #subscribe #viral #youtubeshorts #shorts #short #fyp #dubai,2026-05-24T10:06:47Z,2084,18,0,https://www.youtube.com/watch?v=O5VrUX48xuo,youtube,두바이초콜릿쿠키,alias,1.0,2026-05-26T11:39:31.823168+00:00,2084,18,0,18,Food and Travel With Nish ,,"{""kind"": ""youtube#video"", ""etag"": ""5i5jQ8Lr1SRWBnSOgBzNECZvp7U"", ""id"": ""O5VrUX48xuo"", ""snippet"": {""publishedAt"": ""2026-05-24T10:06:47Z"", ""channelId"": ""UCfTKyPk-dAUYLepM2AZOybA"", ""title"": ""Viral Dubai chocolate #trending #food #subscribe #viral #youtubeshorts #shorts #short #fyp #dubai"", ""description"": """", ""thumbnails"": {""default"": {""url"": ""https://i.ytimg.com/vi/O5VrUX48xuo/default.jpg"", ""width"": 120, ""height"": 90}, ""medium"": {""url"": ""https://i.ytimg.com/vi/O5VrUX48xuo/mqdefault.jpg"", ""width"": 320, ""height"": 180}, ""high"": {""url"": ""https://i.ytimg.com/vi/O5VrUX48xuo/hqdefault.jpg"", ""width"": 480, ""height"": 360}, ""standard"": {""url"": ""https://i.ytimg.com/vi/O5VrUX48xuo/sddefault.jpg"", ""width"": 640, ""height"": 480}, ""maxres"": {""url"": ""https://i.ytimg.com/vi/O5VrUX48xuo/maxresdefault.jpg"", ""width"": 1280, ""height"": 720}}, ""channelTitle"": ""Food and Travel With Nish "", ""categoryId"": ""22"", ""liveBroadcastContent"": ""none"", ""defaultLanguage"": ""en"", ""localized"": {""title"": ""Viral Dubai chocolate #trending #food #subscribe #viral #youtubeshorts #shorts #short #fyp #dubai"", ""description"": """"}}, ""statistics"": {""viewCount"": ""2084"", ""likeCount"": ""18"", ""favoriteCount"": ""0"", ""commentCount"": ""0""}}"
두쫀쿠,preset,두바이초콜릿쿠키,7M15G_8Eick,【ASMR】ドバイチョンドゥククッキー初実食！ほんとうにおいしすぎた🥹※咀嚼音あり⚠️ #asmr #ショート #ドバイチョンドゥククッキー　#ドバイチョコもち　#おいしい #OKUDANG,2026-05-24T10:00:17Z,957,2,1,https://www.youtube.com/watch?v=7M15G_8Eick,youtube,두바이초콜릿쿠키,alias,1.0,2026-05-26T11:39:31.823168+00:00,957,2,1,3,ちゃゆASMR,#asmr #ショート #おいしい #ドバイチョンドゥククッキー　#ドバイチョコもち　#OKUDANG,"{""kind"": ""youtube#video"", ""etag"": ""faBYzt7DmaJBCxSO2lZIKgkLRrk"", ""id"": ""7M15G_8Eick"", ""snippet"": {""publishedAt"": ""2026-05-24T10:00:17Z"", ""channelId"": ""UCi61zC8-ziMQ_IdKdsNumMA"", ""title"": ""【ASMR】ドバイチョンドゥククッキー初実食！ほんとうにおいしすぎた🥹※咀嚼音あり⚠️ #asmr #ショート #ドバイチョンドゥククッキー　#ドバイチョコもち　#おいしい #OKUDANG"", ""description"": ""#asmr #ショート #おいしい #ドバイチョンドゥククッキー　#ドバイチョコもち　#OKUDANG"", ""thumbnails"": {""default"": {""url"": ""https://i.ytimg.com/vi/7M15G_8Eick/default.jpg"", ""width"": 120, ""height"": 90}, ""medium"": {""url"": ""https://i.ytimg.com/vi/7M15G_8Eick/mqdefault.jpg"", ""width"": 320, ""height"": 180}, ""high"": {""url"": ""https://i.ytimg.com/vi/7M15G_8Eick/hqdefault.jpg"", ""width"": 480, ""height"": 360}, ""standard"": {""url"": ""https://i.ytimg.com/vi/7M15G_8Eick/sddefault.jpg"", ""width"": 640, ""height"": 480}, ""maxres"": {""url"": ""https://i.ytimg.com/vi/7M15G_8Eick/maxresdefault.jpg"", ""width"": 1280, ""height"": 720}}, ""channelTitle"": ""ちゃゆASMR"", ""tags"": [""ASMR"", ""ショート"", ""おいしい"", ""ドバイチョンドゥククッキー"", ""ドバイチョコもち"", ""OKUDANG""], ""categoryId"": ""22"", ""liveBroadcastContent"": ""none"", ""defaultLanguage"": ""ja"", ""localized"": {""title"": ""【ASMR】ドバイチョンドゥククッキー初実食！ほんとうにおいしすぎた🥹※咀嚼音あり⚠️ #asmr #ショート #ドバイチョンドゥククッキー　#ドバイチョコもち　#おいしい #OKUDANG"", ""description"": ""#asmr #ショート #おいしい #ドバイチョンドゥククッキー　#ドバイチョコもち　#OKUDANG""}}, ""statistics"": {""viewCount"": ""957"", ""likeCount"": ""2"", ""favoriteCount"": ""0"", ""commentCount"": ""1""}}"
두쫀쿠,preset,두바이초콜릿쿠키,nbsaWlW3-T4,#chocolate Dubai￼ kunafa chocolate ￼🍫😋ke ke try ￼korchen. ￼,2026-05-23T20:39:48Z,1664,13,0,https://www.youtube.com/watch?v=nbsaWlW3-T4,youtube,두바이초콜릿쿠키,alias,1.0,2026-05-26T11:39:31.823168+00:00,1664,13,0,13,🎀Mehenaz hossain 🎀,,"{""kind"": ""youtube#video"", ""etag"": ""VBvKMM4fLEou1epkIfxQ-J_E2Hs"", ""id"": ""nbsaWlW3-T4"", ""snippet"": {""publishedAt"": ""2026-05-23T20:39:48Z"", ""channelId"": ""UCqPa0hHnoVpklFq9eJTo1QQ"", ""title"": ""#chocolate Dubai￼ kunafa chocolate ￼🍫😋ke ke try ￼korchen. ￼"", ""description"": """", ""thumbnails"": {""default"": {""url"": ""https://i.ytimg.com/vi/nbsaWlW3-T4/default.jpg"", ""width"": 120, ""height"": 90}, ""medium"": {""url"": ""https://i.ytimg.com/vi/nbsaWlW3-T4/mqdefault.jpg"", ""width"": 320, ""height"": 180}, ""high"": {""url"": ""https://i.ytimg.com/vi/nbsaWlW3-T4/hqdefault.jpg"", ""width"": 480, ""height"": 360}, ""standard"": {""url"": ""https://i.ytimg.com/vi/nbsaWlW3-T4/sddefault.jpg"", ""width"": 640, ""height"": 480}, ""maxres"": {""url"": ""https://i.ytimg.com/vi/nbsaWlW3-T4/maxresdefault.jpg"", ""width"": 1280, ""height"": 720}}, ""channelTitle"": ""🎀Mehenaz hossain 🎀"", ""categoryId"": ""22"", ""liveBroadcastContent"": ""none"", ""defaultLanguage"": ""en"", ""localized"": {""title"": ""#chocolate Dubai￼ kunafa chocolate ￼🍫😋ke ke try ￼korchen. ￼"", ""description"": """"}, ""defaultAudioLanguage"": ""bn""}, ""statistics"": {""viewCount"": ""1664"", ""likeCount"": ""13"", ""favoriteCount"": ""0"", ""commentCount"": ""0""}}"
두쫀쿠,preset,두바이초콜릿쿠키,pytkemBNRg8,ball chocolate Dubai chocolate making 💗🍫👀 #viral #shorts #chocolate,2026-05-23T18:43:50Z,14030,214,8,https://www.youtube.com/watch?v=pytkemBNRg8,youtube,두바이초콜릿쿠키,alias,1.0,2026-05-26T11:39:31.823168+00:00,14030,214,8,222,Tori's Verse,,"{""kind"": ""youtube#video"", ""etag"": ""T2-l3ENO4uJeTfSl2GxswJL9nlA"", ""id"": ""pytkemBNRg8"", ""snippet"": {""publishedAt"": ""2026-05-23T18:43:50Z"", ""channelId"": ""UCvgTwv8TO-tLCLRRUhi955A"", ""title"": ""ball chocolate Dubai chocolate making 💗🍫👀 #viral #shorts #chocolate"", ""description"": """", ""thumbnails"": {""default"": {""url"": ""https://i.ytimg.com/vi/pytkemBNRg8/default.jpg"", ""width"": 120, ""height"": 90}, ""medium"": {""url"": ""https://i.ytimg.com/vi/pytkemBNRg8/mqdefault.jpg"", ""width"": 320, ""height"": 180}, ""high"": {""url"": ""https://i.ytimg.com/vi/pytkemBNRg8/hqdefault.jpg"", ""width"": 480, ""height"": 360}, ""standard"": {""url"": ""https://i.ytimg.com/vi/pytkemBNRg8/sddefault.jpg"", ""width"": 640, ""height"": 480}, ""maxres"": {""url"": ""https://i.ytimg.com/vi/pytkemBNRg8/maxresdefault.jpg"", ""width"": 1280, ""height"": 720}}, ""channelTitle"": ""Tori's Verse"", ""categoryId"": ""22"", ""liveBroadcastContent"": ""none"", ""defaultLanguage"": ""en"", ""localized"": {""title"": ""ball chocolate Dubai chocolate making 💗🍫👀 #viral #shorts #chocolate"", ""description"": """"}}, ""statistics"": {""viewCount"": ""14030"", ""likeCount"": ""214"", ""favoriteCount"": ""0"", ""commentCount"": ""8""}}"
두쫀쿠,preset,두바이초콜릿쿠키,TDrPwz0Hvd8,두바이쫀득쿠키 ASMR #asmr #부서지는소리 #수면asmr #중독영상 #릴스 #두바이초콜렛 #두바이 #힐링영상 #사각사각 #바스락 #먹방asmr #디저트 #초콜릿asmr,2026-05-23T17:56:55Z,1628,16,0,https://www.youtube.com/watch?v=TDrPwz0Hvd8,youtube,두바이초콜릿쿠키,alias,1.0,2026-05-26T11:39:31.823168+00:00,1628,16,0,16,CrunchCrunch,,"{""kind"": ""youtube#video"", ""etag"": ""VZb1uUiwPJO3p-C2itsXZPQoH54"", ""id"": ""TDrPwz0Hvd8"", ""snippet"": {""publishedAt"": ""2026-05-23T17:56:55Z"", ""channelId"": ""UCcv9L4Gg8XOS4EAZ8Fvto_w"", ""title"": ""두바이쫀득쿠키 ASMR #asmr #부서지는소리 #수면asmr #중독영상 #릴스 #두바이초콜렛 #두바이 #힐링영상 #사각사각 #바스락 #먹방asmr #디저트 #초콜릿asmr"", ""description"": """", ""thumbnails"": {""default"": {""url"": ""https://i.ytimg.com/vi/TDrPwz0Hvd8/default.jpg"", ""width"": 120, ""height"": 90}, ""medium"": {""url"": ""https://i.ytimg.com/vi/TDrPwz0Hvd8/mqdefault.jpg"", ""width"": 320, ""height"": 180}, ""high"": {""url"": ""https://i.ytimg.com/vi/TDrPwz0Hvd8/hqdefault.jpg"", ""width"": 480, ""height"": 360}, ""standard"": {""url"": ""https://i.ytimg.com/vi/TDrPwz0Hvd8/sddefault.jpg"", ""width"": 640, ""height"": 480}, ""maxres"": {""url"": ""https://i.ytimg.com/vi/TDrPwz0Hvd8/maxresdefault.jpg"", ""width"": 1280, ""height"": 720}}, ""channelTitle"": ""CrunchCrunch"", ""categoryId"": ""22"", ""liveBroadcastContent"": ""none"", ""defaultLanguage"": ""ko"", ""localized"": {""title"": ""두바이쫀득쿠키 ASMR #asmr #부서지는소리 #수면asmr #중독영상 #릴스 #두바이초콜렛 #두바이 #힐링영상 #사각사각 #바스락 #먹방asmr #디저트 #초콜릿asmr"", ""description"": """"}}, ""statistics"": {""viewCount"": ""1628"", ""likeCount"": ""16"", ""favoriteCount"": ""0"", ""commentCount"": ""0""}}"
두쫀쿠,preset,두바이 초콜릿 쿠키,jg9nMKZk6S8,dubai chocolate recipe 🍫💖#shortvideo #chocolate #viral #youtubeshorts,2026-05-26T10:59:42Z,1367,5,1,https://www.youtube.com/watch?v=jg9nMKZk6S8,youtube,두바이 초콜릿 쿠키,alias,1.0,2026-05-26T11:39:31.823168+00:00,1367,5,1,6,RAMISA TASNIM,chocolate,"{""kind"": ""youtube#video"", ""etag"": ""LqiqleXtPhqypUWK1pb1ezMUcTI"", ""id"": ""jg9nMKZk6S8"", ""snippet"": {""publishedAt"": ""2026-05-26T10:59:42Z"", ""channelId"": ""UCifVI-9xIbvtTVIVgwdUbfA"", ""title"": ""dubai chocolate recipe 🍫💖#shortvideo #chocolate #viral #youtubeshorts"", ""description"": ""chocolate"", ""thumbnails"": {""default"": {""url"": ""https://i.ytimg.com/vi/jg9nMKZk6S8/default.jpg"", ""width"": 120, ""height"": 90}, ""medium"": {""url"": ""https://i.ytimg.com/vi/jg9nMKZk6S8/mqdefault.jpg"", ""width"": 320, ""height"": 180}, ""high"": {""url"": ""https://i.ytimg.com/vi/jg9nMKZk6S8/hqdefault.jpg"", ""width"": 480, ""height"": 360}, ""standard"": {""url"": ""https://i.ytimg.com/vi/jg9nMKZk6S8/sddefault.jpg"", ""width"": 640, ""height"": 480}, ""maxres"": {""url"": ""https://i.ytimg.com/vi/jg9nMKZk6S8/maxresdefault.jpg"", ""width"": 1280, ""height"": 720}}, ""channelTitle"": ""RAMISA TASNIM"", ""categoryId"": ""22"", ""liveBroadcastContent"": ""none"", ""defaultLanguage"": ""en"", ""localized"": {""title"": ""dubai chocolate recipe 🍫💖#shortvideo #chocolate #viral #youtubeshorts"", ""description"": ""chocolate""}, ""defaultAudioLanguage"": ""en""}, ""statistics"": {""viewCount"": ""1367"", ""likeCount"": ""5"", ""favoriteCount"": ""0"", ""commentCount"": ""1""}}"
두쫀쿠,preset,두바이 초콜릿 쿠키,YmCpzFS0iXc,Viral Dubai kunufa chocolate 🍫 lKunufa chocolate Recipe #dubaikunafa #dubaichocolate #chocolate,2026-05-26T09:29:15Z,423,4,0,https://www.youtube.com/watch?v=YmCpzFS0iXc,youtube,두바이 초콜릿 쿠키,alias,1.0,2026-05-26T11:39:31.823168+00:00,423,4,0,4,sasikala,"Description:
The “Dubai viral chocolate” is a distinctive confection that gained widespread popularity in 2024, primarily through social media platforms. Created by Fix Dessert Chocolatier in Dubai, this chocolate bar is renowned for its unique combination of flavors and textures.

Composition:
 • Chocolate Shell: A smooth milk chocolate exterior encases the filling.
 • Filling: The interior features a rich blend of pistachio cream, tahini, and finely chopped kadayif (also known as knafeh), which are thin, crispy pastry strands. This combination offers a harmonious mix of sweetness, nuttiness, and a satisfying crunch.

The concept was developed by Sarah Hamouda, a British-Egyptian entrepreneur who founded Fix Dessert Chocolatier in Dubai in 2021. Inspired by her Middle Eastern heritage and a desire to create innovative confections, she crafted this chocolate bar to offer a novel sensory experience.  

Initially, the chocolate bar was exclusively available in Dubai, often selling out within minutes on delivery platforms like Deliveroo. Recognizing its global appeal, efforts have been made to expand distribution internationally, including plans to introduce the product to markets such as Australia. 

Finally, the Dubai viral chocolate stands out for its innovative fusion of traditional Middle Eastern ingredients with classic chocolate craftsmanship, resulting in a confection that has captivated taste buds worldwide.

 Viral Dubai Chocolate Recipe👌 Kunafa Chocolate Recipe | How To Make Kunafa Chocolate At Home | Trending Chocolate Recipe | Viral Chocolate Recipe | Chocolate Recipe | Valentinesday Special Recipe | Dubai Chocolate Recipe In Telugu | Chocolate Bar | Exotic Chocolate Recipes","{""kind"": ""youtube#video"", ""etag"": ""9_jPRmByMHeEkpJ7CulRhtHnit4"", ""id"": ""YmCpzFS0iXc"", ""snippet"": {""publishedAt"": ""2026-05-26T09:29:15Z"", ""channelId"": ""UCzzXP3FLlG8Ow4p7s21dVrA"", ""title"": ""Viral Dubai kunufa chocolate 🍫 lKunufa chocolate Recipe #dubaikunafa #dubaichocolate #chocolate"", ""description"": ""Description:\nThe “Dubai viral chocolate” is a distinctive confection that gained widespread popularity in 2024, primarily through social media platforms. Created by Fix Dessert Chocolatier in Dubai, this chocolate bar is renowned for its unique combination of flavors and textures.\n\nComposition:\n • Chocolate Shell: A smooth milk chocolate exterior encases the filling.\n • Filling: The interior features a rich blend of pistachio cream, tahini, and finely chopped kadayif (also known as knafeh), which are thin, crispy pastry strands. This combination offers a harmonious mix of sweetness, nuttiness, and a satisfying crunch.\n\nThe concept was developed by Sarah Hamouda, a British-Egyptian entrepreneur who founded Fix Dessert Chocolatier in Dubai in 2021. Inspired by her Middle Eastern heritage and a desire to create innovative confections, she crafted this chocolate bar to offer a novel sensory experience.  \n\nInitially, the chocolate bar was exclusively available in Dubai, often selling out within minutes on delivery platforms like Deliveroo. Recognizing its global appeal, efforts have been made to expand distribution internationally, including plans to introduce the product to markets such as Australia. \n\nFinally, the Dubai viral chocolate stands out for its innovative fusion of traditional Middle Eastern ingredients with classic chocolate craftsmanship, resulting in a confection that has captivated taste buds worldwide.\n\n Viral Dubai Chocolate Recipe👌 Kunafa Chocolate Recipe | How To Make Kunafa Chocolate At Home | Trending Chocolate Recipe | Viral Chocolate Recipe | Chocolate Recipe | Valentinesday Special Recipe | Dubai Chocolate Recipe In Telugu | Chocolate Bar | Exotic Chocolate Recipes"", ""thumbnails"": {""default"": {""url"": ""https://i.ytimg.com/vi/YmCpzFS0iXc/default.jpg"", ""width"": 120, ""height"": 90}, ""medium"": {""url"": ""https://i.ytimg.com/vi/YmCpzFS0iXc/mqdefault.jpg"", ""width"": 320, ""height"": 180}, ""high"": {""url"": ""https://i.ytimg.com/vi/YmCpzFS0iXc/hqdefault.jpg"", ""width"": 480, ""height"": 360}, ""standard"": {""url"": ""https://i.ytimg.com/vi/YmCpzFS0iXc/sddefault.jpg"", ""width"": 640, ""height"": 480}, ""maxres"": {""url"": ""https://i.ytimg.com/vi/YmCpzFS0iXc/maxresdefault.jpg"", ""width"": 1280, ""height"": 720}}, ""channelTitle"": ""sasikala"", ""categoryId"": ""22"", ""liveBroadcastContent"": ""none"", ""defaultLanguage"": ""en"", ""localized"": {""title"": ""Viral Dubai kunufa chocolate 🍫 lKunufa chocolate Recipe #dubaikunafa #dubaichocolate #chocolate"", ""description"": ""Description:\nThe “Dubai viral chocolate” is a distinctive confection that gained widespread popularity in 2024, primarily through social media platforms. Created by Fix Dessert Chocolatier in Dubai, this chocolate bar is renowned for its unique combination of flavors and textures.\n\nComposition:\n • Chocolate Shell: A smooth milk chocolate exterior encases the filling.\n • Filling: The interior features a rich blend of pistachio cream, tahini, and finely chopped kadayif (also known as knafeh), which are thin, crispy pastry strands. This combination offers a harmonious mix of sweetness, nuttiness, and a satisfying crunch.\n\nThe concept was developed by Sarah Hamouda, a British-Egyptian entrepreneur who founded Fix Dessert Chocolatier in Dubai in 2021. Inspired by her Middle Eastern heritage and a desire to create innovative confections, she crafted this chocolate bar to offer a novel sensory experience.  \n\nInitially, the chocolate bar was exclusively available in Dubai, often selling out within minutes on delivery platforms like Deliveroo. Recognizing its global appeal, efforts have been made to expand distribution internationally, including plans to introduce the product to markets such as Australia. \n\nFinally, the Dubai viral chocolate stands out for its innovative fusion of traditional Middle Eastern ingredients with classic chocolate craftsmanship, resulting in a confection that has captivated taste buds worldwide.\n\n Viral Dubai Chocolate Recipe👌 Kunafa Chocolate Recipe | How To Make Kunafa Chocolate At Home | Trending Chocolate Recipe | Viral Chocolate Recipe | Chocolate Recipe | Valentinesday Special Recipe | Dubai Chocolate Recipe In Telugu | Chocolate Bar | Exotic Chocolate Recipes""}, ""defaultAudioLanguage"": ""pt-PT""}, ""statistics"": {""viewCount"": ""423"", ""likeCount"": ""4"", ""favoriteCount"": ""0"", ""commentCount"": ""0""}}"
두쫀쿠,preset,두바이 초콜릿 쿠키,Q6nNdFuvG2k,好きなお菓子を教えてくださぁい＃シャインマスカットボンボン＃ドバイチョコ＃ポッキー＃チョコマシュマロ,2026-05-26T08:32:32Z,906,14,2,https://www.youtube.com/watch?v=Q6nNdFuvG2k,youtube,두바이 초콜릿 쿠키,alias,1.0,2026-05-26T11:39:31.823168+00:00,906,14,2,16,かつかつTKG,,"{""kind"": ""youtube#video"", ""etag"": ""Dg92clbWnSsywPt3XxL9ERXBnGc"", ""id"": ""Q6nNdFuvG2k"", ""snippet"": {""publishedAt"": ""2026-05-26T08:32:32Z"", ""channelId"": ""UCd8LFlJMNJKilniYEeiOuiA"", ""title"": ""好きなお菓子を教えてくださぁい＃シャインマスカットボンボン＃ドバイチョコ＃ポッキー＃チョコマシュマロ"", ""description"": """", ""thumbnails"": {""default"": {""url"": ""https://i.ytimg.com/vi/Q6nNdFuvG2k/default.jpg"", ""width"": 120, ""height"": 90}, ""medium"": {""url"": ""https://i.ytimg.com/vi/Q6nNdFuvG2k/mqdefault.jpg"", ""width"": 320, ""height"": 180}, ""high"": {""url"": ""https://i.ytimg.com/vi/Q6nNdFuvG2k/hqdefault.jpg"", ""width"": 480, ""height"": 360}, ""standard"": {""url"": ""https://i.ytimg.com/vi/Q6nNdFuvG2k/sddefault.jpg"", ""width"": 640, ""height"": 480}, ""maxres"": {""url"": ""https://i.ytimg.com/vi/Q6nNdFuvG2k/maxresdefault.jpg"", ""width"": 1280, ""height"": 720}}, ""channelTitle"": ""かつかつTKG"", ""categoryId"": ""22"", ""liveBroadcastContent"": ""none"", ""defaultLanguage"": ""ja"", ""localized"": {""title"": ""好きなお菓子を教えてくださぁい＃シャインマスカットボンボン＃ドバイチョコ＃ポッキー＃チョコマシュマロ"", ""description"": """"}, ""defaultAudioLanguage"": ""ja""}, ""statistics"": {""viewCount"": ""906"", ""likeCount"": ""14"", ""favoriteCount"": ""0"", ""commentCount"": ""2""}}"
두쫀쿠,preset,두바이 초콜릿 쿠키,f2DxyUeMXq4,Dubai Chocolate🤤 recipe 🍫 yummy#shorts #youtubeshorts #shortvideo #explore #foryou,2026-05-26T07:10:25Z,26592,432,18,https://www.youtube.com/watch?v=f2DxyUeMXq4,youtube,두바이 초콜릿 쿠키,alias,1.0,2026-05-26T11:39:31.823168+00:00,26592,432,18,450,Mallickfamily786,,"{""kind"": ""youtube#video"", ""etag"": ""lrQT3gkvRoX6KtF77Pyy-15ZAEk"", ""id"": ""f2DxyUeMXq4"", ""snippet"": {""publishedAt"": ""2026-05-26T07:10:25Z"", ""channelId"": ""UC3HAgWa6af7aGZNe-zx4uLg"", ""title"": ""Dubai Chocolate🤤 recipe 🍫 yummy#shorts #youtubeshorts #shortvideo #explore #foryou"", ""description"": """", ""thumbnails"": {""default"": {""url"": ""https://i.ytimg.com/vi/f2DxyUeMXq4/default.jpg"", ""width"": 120, ""height"": 90}, ""medium"": {""url"": ""https://i.ytimg.com/vi/f2DxyUeMXq4/mqdefault.jpg"", ""width"": 320, ""height"": 180}, ""high"": {""url"": ""https://i.ytimg.com/vi/f2DxyUeMXq4/hqdefault.jpg"", ""width"": 480, ""height"": 360}, ""standard"": {""url"": ""https://i.ytimg.com/vi/f2DxyUeMXq4/sddefault.jpg"", ""width"": 640, ""height"": 480}, ""maxres"": {""url"": ""https://i.ytimg.com/vi/f2DxyUeMXq4/maxresdefault.jpg"", ""width"": 1280, ""height"": 720}}, ""channelTitle"": ""Mallickfamily786"", ""categoryId"": ""23"", ""liveBroadcastContent"": ""none"", ""defaultLanguage"": ""bn-IN"", ""localized"": {""title"": ""Dubai Chocolate🤤 recipe 🍫 yummy#shorts #youtubeshorts #shortvideo #explore #foryou"", ""description"": """"}, ""defaultAudioLanguage"": ""bn-IN""}, ""statistics"": {""viewCount"": ""26592"", ""likeCount"": ""432"", ""favoriteCount"": ""0"", ""commentCount"": ""18""}}"
두쫀쿠,preset,두바이 초콜릿 쿠키,jVqiLZzQ6OY,cuman main 4 step bisa dapat gratis Coklat dubai cookie🤣#fypシ #food #viral #shortsfeed,2026-05-26T06:00:36Z,1440,18,0,https://www.youtube.com/watch?v=jVqiLZzQ6OY,youtube,두바이 초콜릿 쿠키,alias,1.0,2026-05-26T11:39:31.823168+00:00,1440,18,0,18,Claraw,,"{""kind"": ""youtube#video"", ""etag"": ""J0D8RvIA-1okp5RWgH9hLo0FDiQ"", ""id"": ""jVqiLZzQ6OY"", ""snippet"": {""publishedAt"": ""2026-05-26T06:00:36Z"", ""channelId"": ""UCgYG0-RDpZHlT752WbH9-EQ"", ""title"": ""cuman main 4 step bisa dapat gratis Coklat dubai cookie🤣#fypシ #food #viral #shortsfeed"", ""description"": """", ""thumbnails"": {""default"": {""url"": ""https://i.ytimg.com/vi/jVqiLZzQ6OY/default.jpg"", ""width"": 120, ""height"": 90}, ""medium"": {""url"": ""https://i.ytimg.com/vi/jVqiLZzQ6OY/mqdefault.jpg"", ""width"": 320, ""height"": 180}, ""high"": {""url"": ""https://i.ytimg.com/vi/jVqiLZzQ6OY/hqdefault.jpg"", ""width"": 480, ""height"": 360}, ""standard"": {""url"": ""https://i.ytimg.com/vi/jVqiLZzQ6OY/sddefault.jpg"", ""width"": 640, ""height"": 480}, ""maxres"": {""url"": ""https://i.ytimg.com/vi/jVqiLZzQ6OY/maxresdefault.jpg"", ""width"": 1280, ""height"": 720}}, ""channelTitle"": ""Claraw"", ""categoryId"": ""22"", ""liveBroadcastContent"": ""none"", ""defaultLanguage"": ""id"", ""localized"": {""title"": ""cuman main 4 step bisa dapat gratis Coklat dubai cookie🤣#fypシ #food #viral #shortsfeed"", ""description"": """"}, ""defaultAudioLanguage"": ""id""}, ""statistics"": {""viewCount"": ""1440"", ""likeCount"": ""18"", ""favoriteCount"": ""0"", ""commentCount"": ""0""}}"
두쫀쿠,preset,두바이 초콜릿 쿠키,sPSExDTBdRo,杜拜巧克力Q餅 營養師特製減醣版 開心果味超濃！ #cooking #food,2026-05-26T03:30:55Z,1959,67,1,https://www.youtube.com/watch?v=sPSExDTBdRo,youtube,두바이 초콜릿 쿠키,alias,1.0,2026-05-26T11:39:31.823168+00:00,1959,67,1,68,營養師品瑄,"身為開心果控自從吃過一次杜拜巧克力後就中毒了
但我真的超怕甜，常常被杜拜開心果甜品燒到也同時會大滅火！
開心果不夠濃還太甜真的打咩🔥
這個食譜利用 米紙跟豆腐麵做成外Q內脆的口感
開心果選擇材料行100%無糖開心果醬，搭配北海道煉乳
想吃多濃自己調！開心果控一定會愛上😍

3顆份材料：
米紙6張
豆腐麵1包
可可粉適量
開心果醬（約70g)
煉乳15g
鮮奶150ml

🍎品常纖維粉，每日健康好夥伴：https://www.sukoiiitea.com/products/daily-fiber-56","{""kind"": ""youtube#video"", ""etag"": ""feoZymkPwt2xvzilzSktj1VI1ho"", ""id"": ""sPSExDTBdRo"", ""snippet"": {""publishedAt"": ""2026-05-26T03:30:55Z"", ""channelId"": ""UCLwFOT4tHGaK9kqXXExhPFQ"", ""title"": ""杜拜巧克力Q餅 營養師特製減醣版 開心果味超濃！ #cooking #food"", ""description"": ""身為開心果控自從吃過一次杜拜巧克力後就中毒了\n但我真的超怕甜，常常被杜拜開心果甜品燒到也同時會大滅火！\n開心果不夠濃還太甜真的打咩🔥\n這個食譜利用 米紙跟豆腐麵做成外Q內脆的口感\n開心果選擇材料行100%無糖開心果醬，搭配北海道煉乳\n想吃多濃自己調！開心果控一定會愛上😍\n\n3顆份材料：\n米紙6張\n豆腐麵1包\n可可粉適量\n開心果醬（約70g)\n煉乳15g\n鮮奶150ml\n\n🍎品常纖維粉，每日健康好夥伴：https://www.sukoiiitea.com/products/daily-fiber-56"", ""thumbnails"": {""default"": {""url"": ""https://i.ytimg.com/vi/sPSExDTBdRo/default.jpg"", ""width"": 120, ""height"": 90}, ""medium"": {""url"": ""https://i.ytimg.com/vi/sPSExDTBdRo/mqdefault.jpg"", ""width"": 320, ""height"": 180}, ""high"": {""url"": ""https://i.ytimg.com/vi/sPSExDTBdRo/hqdefault.jpg"", ""width"": 480, ""height"": 360}, ""standard"": {""url"": ""https://i.ytimg.com/vi/sPSExDTBdRo/sddefault.jpg"", ""width"": 640, ""height"": 480}, ""maxres"": {""url"": ""https://i.ytimg.com/vi/sPSExDTBdRo/maxresdefault.jpg"", ""width"": 1280, ""height"": 720}}, ""channelTitle"": ""營養師品瑄"", ""categoryId"": ""22"", ""liveBroadcastContent"": ""none"", ""defaultLanguage"": ""zh-Hant"", ""localized"": {""title"": ""杜拜巧克力Q餅 營養師特製減醣版 開心果味超濃！ #cooking #food"", ""description"": ""身為開心果控自從吃過一次杜拜巧克力後就中毒了\n但我真的超怕甜，常常被杜拜開心果甜品燒到也同時會大滅火！\n開心果不夠濃還太甜真的打咩🔥\n這個食譜利用 米紙跟豆腐麵做成外Q內脆的口感\n開心果選擇材料行100%無糖開心果醬，搭配北海道煉乳\n想吃多濃自己調！開心果控一定會愛上😍\n\n3顆份材料：\n米紙6張\n豆腐麵1包\n可可粉適量\n開心果醬（約70g)\n煉乳15g\n鮮奶150ml\n\n🍎品常纖維粉，每日健康好夥伴：https://www.sukoiiitea.com/products/daily-fiber-56""}, ""defaultAudioLanguage"": ""zh""}, ""statistics"": {""viewCount"": ""1959"", ""likeCount"": ""67"", ""favoriteCount"": ""0"", ""commentCount"": ""1""}}"
두쫀쿠,preset,두바이 초콜릿 쿠키,ffd88a9ja9g,두바이쫀득쿠키 다이어트 중에 먹어도 되는 이유 #Shorts #두쫀쿠,2026-05-26T03:00:22Z,64,7,0,https://www.youtube.com/watch?v=ffd88a9ja9g,youtube,두바이 초콜릿 쿠키,alias,1.0,2026-05-26T11:39:31.823168+00:00,64,7,0,7,먹으면생기는일,"다이어트 중인데 두바이쫀득쿠키 먹고 싶었지? 사실 이 쿠키는 일반 쿠키랑 완전 달라. 아몬드 가루 단백질, 피스타치오 건강한 지방, 고카카오 초콜릿이 만나서 오히려 다이어트에 도움 돼. 죄책감 없이 즐기는 방법 알려줬으니 저장해둬.

#먹으면생기는일 #Shorts #쇼츠 #건강 #음식효능 #두쫀쿠 #두바이쿠키 #두바이초콜릿 #다이어트 #다이어트간식 #다이어트음식

📺 먹으면 생기는 일 구독하면 매일 건강 음식 정보 드려요!","{""kind"": ""youtube#video"", ""etag"": ""aAd-bZSWlwogQwDJzoPKjGzQOb4"", ""id"": ""ffd88a9ja9g"", ""snippet"": {""publishedAt"": ""2026-05-26T03:00:22Z"", ""channelId"": ""UC-30Cqr9I9tjsBnW8Bj0EVg"", ""title"": ""두바이쫀득쿠키 다이어트 중에 먹어도 되는 이유 #Shorts #두쫀쿠"", ""description"": ""다이어트 중인데 두바이쫀득쿠키 먹고 싶었지? 사실 이 쿠키는 일반 쿠키랑 완전 달라. 아몬드 가루 단백질, 피스타치오 건강한 지방, 고카카오 초콜릿이 만나서 오히려 다이어트에 도움 돼. 죄책감 없이 즐기는 방법 알려줬으니 저장해둬.\n\n#먹으면생기는일 #Shorts #쇼츠 #건강 #음식효능 #두쫀쿠 #두바이쿠키 #두바이초콜릿 #다이어트 #다이어트간식 #다이어트음식\n\n📺 먹으면 생기는 일 구독하면 매일 건강 음식 정보 드려요!"", ""thumbnails"": {""default"": {""url"": ""https://i.ytimg.com/vi/ffd88a9ja9g/default.jpg"", ""width"": 120, ""height"": 90}, ""medium"": {""url"": ""https://i.ytimg.com/vi/ffd88a9ja9g/mqdefault.jpg"", ""width"": 320, ""height"": 180}, ""high"": {""url"": ""https://i.ytimg.com/vi/ffd88a9ja9g/hqdefault.jpg"", ""width"": 480, ""height"": 360}, ""standard"": {""url"": ""https://i.ytimg.com/vi/ffd88a9ja9g/sddefault.jpg"", ""width"": 640, ""height"": 480}, ""maxres"": {""url"": ""https://i.ytimg.com/vi/ffd88a9ja9g/maxresdefault.jpg"", ""width"": 1280, ""height"": 720}}, ""channelTitle"": ""먹으면생기는일"", ""tags"": [""Shorts"", ""diet food"", ""healthy food"", ""건강"", ""건강간식"", ""다이어트"", ""다이어트간식"", ""다이어트음식"", ""두바이초콜릿"", ""두바이쿠키"", ""먹으면생기는일"", ""쇼츠"", ""요리팁"", ""음식효능"", ""피스타치오""], ""categoryId"": ""26"", ""liveBroadcastContent"": ""none"", ""defaultLanguage"": ""ko"", ""localized"": {""title"": ""두바이쫀득쿠키 다이어트 중에 먹어도 되는 이유 #Shorts #두쫀쿠"", ""description"": ""다이어트 중인데 두바이쫀득쿠키 먹고 싶었지? 사실 이 쿠키는 일반 쿠키랑 완전 달라. 아몬드 가루 단백질, 피스타치오 건강한 지방, 고카카오 초콜릿이 만나서 오히려 다이어트에 도움 돼. 죄책감 없이 즐기는 방법 알려줬으니 저장해둬.\n\n#먹으면생기는일 #Shorts #쇼츠 #건강 #음식효능 #두쫀쿠 #두바이쿠키 #두바이초콜릿 #다이어트 #다이어트간식 #다이어트음식\n\n📺 먹으면 생기는 일 구독하면 매일 건강 음식 정보 드려요!""}, ""defaultAudioLanguage"": ""ko""}, ""statistics"": {""viewCount"": ""64"", ""likeCount"": ""7"", ""favoriteCount"": ""0"", ""commentCount"": ""0""}}"
두쫀쿠,preset,두바이 초콜릿 쿠키,UpyRdPGJTws,Raspberry Dubai Chocolate 🍫#trending #shorts #youtubeshorts #shortvideo #explore #foryou #fypシ,2026-05-26T02:15:12Z,16580,474,5,https://www.youtube.com/watch?v=UpyRdPGJTws,youtube,두바이 초콜릿 쿠키,alias,1.0,2026-05-26T11:39:31.823168+00:00,16580,474,5,479,Mallickfamily786,,"{""kind"": ""youtube#video"", ""etag"": ""Q8Z3S0r8th5QV4mNhGJJEBJWriY"", ""id"": ""UpyRdPGJTws"", ""snippet"": {""publishedAt"": ""2026-05-26T02:15:12Z"", ""channelId"": ""UC3HAgWa6af7aGZNe-zx4uLg"", ""title"": ""Raspberry Dubai Chocolate 🍫#trending #shorts #youtubeshorts #shortvideo #explore #foryou #fypシ"", ""description"": """", ""thumbnails"": {""default"": {""url"": ""https://i.ytimg.com/vi/UpyRdPGJTws/default.jpg"", ""width"": 120, ""height"": 90}, ""medium"": {""url"": ""https://i.ytimg.com/vi/UpyRdPGJTws/mqdefault.jpg"", ""width"": 320, ""height"": 180}, ""high"": {""url"": ""https://i.ytimg.com/vi/UpyRdPGJTws/hqdefault.jpg"", ""width"": 480, ""height"": 360}, ""standard"": {""url"": ""https://i.ytimg.com/vi/UpyRdPGJTws/sddefault.jpg"", ""width"": 640, ""height"": 480}, ""maxres"": {""url"": ""https://i.ytimg.com/vi/UpyRdPGJTws/maxresdefault.jpg"", ""width"": 1280, ""height"": 720}}, ""channelTitle"": ""Mallickfamily786"", ""categoryId"": ""23"", ""liveBroadcastContent"": ""none"", ""defaultLanguage"": ""bn-IN"", ""localized"": {""title"": ""Raspberry Dubai Chocolate 🍫#trending #shorts #youtubeshorts #shortvideo #explore #foryou #fypシ"", ""description"": """"}, ""defaultAudioLanguage"": ""bn-IN""}, ""statistics"": {""viewCount"": ""16580"", ""likeCount"": ""474"", ""favoriteCount"": ""0"", ""commentCount"": ""5""}}"
두쫀쿠,preset,두바이 초콜릿 쿠키,ZsQAHrgwLjg,황홀스레 두바이 초코르뱅 쿠키,2026-05-26T02:12:26Z,212,0,0,https://www.youtube.com/watch?v=ZsQAHrgwLjg,youtube,두바이 초콜릿 쿠키,alias,1.0,2026-05-26T11:39:31.823168+00:00,212,0,0,0,황홀스레,,"{""kind"": ""youtube#video"", ""etag"": ""Ft3rlQsRtGtse0ngrnIdVjJbwV4"", ""id"": ""ZsQAHrgwLjg"", ""snippet"": {""publishedAt"": ""2026-05-26T02:12:26Z"", ""channelId"": ""UCz4CGmwu3lMx1aWZOEfnswA"", ""title"": ""황홀스레 두바이 초코르뱅 쿠키"", ""description"": """", ""thumbnails"": {""default"": {""url"": ""https://i.ytimg.com/vi/ZsQAHrgwLjg/default.jpg"", ""width"": 120, ""height"": 90}, ""medium"": {""url"": ""https://i.ytimg.com/vi/ZsQAHrgwLjg/mqdefault.jpg"", ""width"": 320, ""height"": 180}, ""high"": {""url"": ""https://i.ytimg.com/vi/ZsQAHrgwLjg/hqdefault.jpg"", ""width"": 480, ""height"": 360}, ""standard"": {""url"": ""https://i.ytimg.com/vi/ZsQAHrgwLjg/sddefault.jpg"", ""width"": 640, ""height"": 480}, ""maxres"": {""url"": ""https://i.ytimg.com/vi/ZsQAHrgwLjg/maxresdefault.jpg"", ""width"": 1280, ""height"": 720}}, ""channelTitle"": ""황홀스레"", ""categoryId"": ""22"", ""liveBroadcastContent"": ""none"", ""defaultLanguage"": ""ko"", ""localized"": {""title"": ""황홀스레 두바이 초코르뱅 쿠키"", ""description"": """"}, ""defaultAudioLanguage"": ""ko""}, ""statistics"": {""viewCount"": ""212"", ""likeCount"": ""0"", ""favoriteCount"": ""0"", ""commentCount"": ""0""}}"
두쫀쿠,preset,두바이 초콜릿 쿠키,J_M3iA2P75Y,dubai chocolate #trending#shorts#youtubeshorts#shortvideo#explore#viral#foryou,2026-05-25T23:31:25Z,1830,17,0,https://www.youtube.com/watch?v=J_M3iA2P75Y,youtube,두바이 초콜릿 쿠키,alias,1.0,2026-05-26T11:39:31.823168+00:00,1830,17,0,17,Rapunzel-Anika,,"{""kind"": ""youtube#video"", ""etag"": ""HfZDAbGsUyLAtuL8Sc2T93rGwQs"", ""id"": ""J_M3iA2P75Y"", ""snippet"": {""publishedAt"": ""2026-05-25T23:31:25Z"", ""channelId"": ""UCUZwO3qx6rEgNze3rbHPMZg"", ""title"": ""dubai chocolate #trending#shorts#youtubeshorts#shortvideo#explore#viral#foryou"", ""description"": """", ""thumbnails"": {""default"": {""url"": ""https://i.ytimg.com/vi/J_M3iA2P75Y/default.jpg"", ""width"": 120, ""height"": 90}, ""medium"": {""url"": ""https://i.ytimg.com/vi/J_M3iA2P75Y/mqdefault.jpg"", ""width"": 320, ""height"": 180}, ""high"": {""url"": ""https://i.ytimg.com/vi/J_M3iA2P75Y/hqdefault.jpg"", ""width"": 480, ""height"": 360}, ""standard"": {""url"": ""https://i.ytimg.com/vi/J_M3iA2P75Y/sddefault.jpg"", ""width"": 640, ""height"": 480}, ""maxres"": {""url"": ""https://i.ytimg.com/vi/J_M3iA2P75Y/maxresdefault.jpg"", ""width"": 1280, ""height"": 720}}, ""channelTitle"": ""Rapunzel-Anika"", ""categoryId"": ""22"", ""liveBroadcastContent"": ""none"", ""defaultLanguage"": ""en"", ""localized"": {""title"": ""dubai chocolate #trending#shorts#youtubeshorts#shortvideo#explore#viral#foryou"", ""description"": """"}, ""defaultAudioLanguage"": ""bn""}, ""statistics"": {""viewCount"": ""1830"", ""likeCount"": ""17"", ""favoriteCount"": ""0"", ""commentCount"": ""0""}}"
두쫀쿠,preset,두바이 초콜릿 쿠키,HYUxDMEZV3Q,dubai chocolate #food,2026-05-25T21:17:24Z,23705,124,1,https://www.youtube.com/watch?v=HYUxDMEZV3Q,youtube,두바이 초콜릿 쿠키,alias,1.0,2026-05-26T11:39:31.823168+00:00,23705,124,1,125,ROTH remix,,"{""kind"": ""youtube#video"", ""etag"": ""-JnaFHJFk1xjMNLqOQrbaf0AU0U"", ""id"": ""HYUxDMEZV3Q"", ""snippet"": {""publishedAt"": ""2026-05-25T21:17:24Z"", ""channelId"": ""UCKhMOXa2Vo2KSUyG-Z6_v0w"", ""title"": ""dubai chocolate #food"", ""description"": """", ""thumbnails"": {""default"": {""url"": ""https://i.ytimg.com/vi/HYUxDMEZV3Q/default.jpg"", ""width"": 120, ""height"": 90}, ""medium"": {""url"": ""https://i.ytimg.com/vi/HYUxDMEZV3Q/mqdefault.jpg"", ""width"": 320, ""height"": 180}, ""high"": {""url"": ""https://i.ytimg.com/vi/HYUxDMEZV3Q/hqdefault.jpg"", ""width"": 480, ""height"": 360}, ""standard"": {""url"": ""https://i.ytimg.com/vi/HYUxDMEZV3Q/sddefault.jpg"", ""width"": 640, ""height"": 480}, ""maxres"": {""url"": ""https://i.ytimg.com/vi/HYUxDMEZV3Q/maxresdefault.jpg"", ""width"": 1280, ""height"": 720}}, ""channelTitle"": ""ROTH remix"", ""categoryId"": ""22"", ""liveBroadcastContent"": ""none"", ""defaultLanguage"": ""en"", ""localized"": {""title"": ""dubai chocolate #food"", ""description"": """"}, ""defaultAudioLanguage"": ""en""}, ""statistics"": {""viewCount"": ""23705"", ""likeCount"": ""124"", ""favoriteCount"": ""0"", ""commentCount"": ""1""}}"
두쫀쿠,preset,두바이 초콜릿 쿠키,kM0JKDfjM40,There are actual COOKIES in this chocolate bar??? 😩😍 Highly highly recommend this Dubai white,2026-05-25T20:06:44Z,817,8,0,https://www.youtube.com/watch?v=kM0JKDfjM40,youtube,두바이 초콜릿 쿠키,alias,1.0,2026-05-26T11:39:31.823168+00:00,817,8,0,8,Ali Evans,"Details in caption or comment shop for the link! 🔗
There are actual COOKIES in this chocolate bar??? 😩😍 Highly highly recommend this Dubai white chocolate cookie butter bliss choc bar if you either aren’t a pistachio fan, or you’re looking to switch it up from the original Dubai chocolate bar!! This one is such a delicious experience with the cookie butter, white chocolate, and cookie layered all together 🤤🍪 grab one for yourself or for a gift from The Dodo Chocolates at the link below! #dubaichocolate #viraldubaichocolate #whitechocolate #cookiebutter #tiktokshopcreatorpicks","{""kind"": ""youtube#video"", ""etag"": ""bGyWz3hD6Xf_LWkOiB7PPU_A_ko"", ""id"": ""kM0JKDfjM40"", ""snippet"": {""publishedAt"": ""2026-05-25T20:06:44Z"", ""channelId"": ""UCAlccmRgNYFofIpHyilYY_Q"", ""title"": ""There are actual COOKIES in this chocolate bar??? 😩😍 Highly highly recommend this Dubai white"", ""description"": ""Details in caption or comment shop for the link! 🔗\nThere are actual COOKIES in this chocolate bar??? 😩😍 Highly highly recommend this Dubai white chocolate cookie butter bliss choc bar if you either aren’t a pistachio fan, or you’re looking to switch it up from the original Dubai chocolate bar!! This one is such a delicious experience with the cookie butter, white chocolate, and cookie layered all together 🤤🍪 grab one for yourself or for a gift from The Dodo Chocolates at the link below! #dubaichocolate #viraldubaichocolate #whitechocolate #cookiebutter #tiktokshopcreatorpicks"", ""thumbnails"": {""default"": {""url"": ""https://i.ytimg.com/vi/kM0JKDfjM40/default.jpg"", ""width"": 120, ""height"": 90}, ""medium"": {""url"": ""https://i.ytimg.com/vi/kM0JKDfjM40/mqdefault.jpg"", ""width"": 320, ""height"": 180}, ""high"": {""url"": ""https://i.ytimg.com/vi/kM0JKDfjM40/hqdefault.jpg"", ""width"": 480, ""height"": 360}, ""standard"": {""url"": ""https://i.ytimg.com/vi/kM0JKDfjM40/sddefault.jpg"", ""width"": 640, ""height"": 480}, ""maxres"": {""url"": ""https://i.ytimg.com/vi/kM0JKDfjM40/maxresdefault.jpg"", ""width"": 1280, ""height"": 720}}, ""channelTitle"": ""Ali Evans"", ""tags"": [""cookiebutter"", ""dubaichocolate"", ""tiktokshopcreatorpicks"", ""viraldubaichocolate"", ""whitechocolate""], ""categoryId"": ""22"", ""liveBroadcastContent"": ""none"", ""defaultLanguage"": ""en"", ""localized"": {""title"": ""There are actual COOKIES in this chocolate bar??? 😩😍 Highly highly recommend this Dubai white"", ""description"": ""Details in caption or comment shop for the link! 🔗\nThere are actual COOKIES in this chocolate bar??? 😩😍 Highly highly recommend this Dubai white chocolate cookie butter bliss choc bar if you either aren’t a pistachio fan, or you’re looking to switch it up from the original Dubai chocolate bar!! This one is such a delicious experience with the cookie butter, white chocolate, and cookie layered all together 🤤🍪 grab one for yourself or for a gift from The Dodo Chocolates at the link below! #dubaichocolate #viraldubaichocolate #whitechocolate #cookiebutter #tiktokshopcreatorpicks""}, ""defaultAudioLanguage"": ""en""}, ""statistics"": {""viewCount"": ""817"", ""likeCount"": ""8"", ""favoriteCount"": ""0"", ""commentCount"": ""0""}}"
두쫀쿠,preset,두바이 초콜릿 쿠키,p28q_tSijQA,Link in Description🤘 #dip #dessert #dessertdip #dubaichocolate #pistachiocream #kunafa #sweettooth,2026-05-25T16:38:34Z,3817,483,6,https://www.youtube.com/watch?v=p28q_tSijQA,youtube,두바이 초콜릿 쿠키,alias,1.0,2026-05-26T11:39:31.823168+00:00,3817,483,6,489,🎭 Ursula 🎭,Dubai Dip 😳❤️❤️❤️ https://www.tiktok.com/t/ZT9YGQSw1VKCv-SgvqZ/,"{""kind"": ""youtube#video"", ""etag"": ""P_i0VvLpABpzci47CNqGA4YhaEI"", ""id"": ""p28q_tSijQA"", ""snippet"": {""publishedAt"": ""2026-05-25T16:38:34Z"", ""channelId"": ""UCmOR2ynkhC5PNAZXrCLhwsA"", ""title"": ""Link in Description🤘 #dip #dessert #dessertdip #dubaichocolate #pistachiocream #kunafa #sweettooth"", ""description"": ""Dubai Dip 😳❤️❤️❤️ https://www.tiktok.com/t/ZT9YGQSw1VKCv-SgvqZ/"", ""thumbnails"": {""default"": {""url"": ""https://i.ytimg.com/vi/p28q_tSijQA/default.jpg"", ""width"": 120, ""height"": 90}, ""medium"": {""url"": ""https://i.ytimg.com/vi/p28q_tSijQA/mqdefault.jpg"", ""width"": 320, ""height"": 180}, ""high"": {""url"": ""https://i.ytimg.com/vi/p28q_tSijQA/hqdefault.jpg"", ""width"": 480, ""height"": 360}, ""standard"": {""url"": ""https://i.ytimg.com/vi/p28q_tSijQA/sddefault.jpg"", ""width"": 640, ""height"": 480}, ""maxres"": {""url"": ""https://i.ytimg.com/vi/p28q_tSijQA/maxresdefault.jpg"", ""width"": 1280, ""height"": 720}}, ""channelTitle"": ""🎭 Ursula 🎭"", ""categoryId"": ""22"", ""liveBroadcastContent"": ""none"", ""defaultLanguage"": ""en"", ""localized"": {""title"": ""Link in Description🤘 #dip #dessert #dessertdip #dubaichocolate #pistachiocream #kunafa #sweettooth"", ""description"": ""Dubai Dip 😳❤️❤️❤️ https://www.tiktok.com/t/ZT9YGQSw1VKCv-SgvqZ/""}, ""defaultAudioLanguage"": ""en""}, ""statistics"": {""viewCount"": ""3817"", ""likeCount"": ""483"", ""favoriteCount"": ""0"", ""commentCount"": ""6""}}"
두쫀쿠,preset,두바이 초콜릿 쿠키,HBtHM4Tn-wI,Trying Dubai Chocolate Styled Cookies #dubaichocolate #dubaicookies #asmr,2026-05-25T15:32:07Z,800,9,7,https://www.youtube.com/watch?v=HBtHM4Tn-wI,youtube,두바이 초콜릿 쿠키,alias,1.0,2026-05-26T11:39:31.823168+00:00,800,9,7,16,Exploring with Ishan,,"{""kind"": ""youtube#video"", ""etag"": ""p-BqhMGdz5IA9bKOjFwWAbOWFUk"", ""id"": ""HBtHM4Tn-wI"", ""snippet"": {""publishedAt"": ""2026-05-25T15:32:07Z"", ""channelId"": ""UC77P9aqxgFCqtV0PyyXembQ"", ""title"": ""Trying Dubai Chocolate Styled Cookies #dubaichocolate #dubaicookies #asmr"", ""description"": """", ""thumbnails"": {""default"": {""url"": ""https://i.ytimg.com/vi/HBtHM4Tn-wI/default.jpg"", ""width"": 120, ""height"": 90}, ""medium"": {""url"": ""https://i.ytimg.com/vi/HBtHM4Tn-wI/mqdefault.jpg"", ""width"": 320, ""height"": 180}, ""high"": {""url"": ""https://i.ytimg.com/vi/HBtHM4Tn-wI/hqdefault.jpg"", ""width"": 480, ""height"": 360}, ""standard"": {""url"": ""https://i.ytimg.com/vi/HBtHM4Tn-wI/sddefault.jpg"", ""width"": 640, ""height"": 480}, ""maxres"": {""url"": ""https://i.ytimg.com/vi/HBtHM4Tn-wI/maxresdefault.jpg"", ""width"": 1280, ""height"": 720}}, ""channelTitle"": ""Exploring with Ishan"", ""categoryId"": ""24"", ""liveBroadcastContent"": ""none"", ""defaultLanguage"": ""en"", ""localized"": {""title"": ""Trying Dubai Chocolate Styled Cookies #dubaichocolate #dubaicookies #asmr"", ""description"": """"}, ""defaultAudioLanguage"": ""en""}, ""statistics"": {""viewCount"": ""800"", ""likeCount"": ""9"", ""favoriteCount"": ""0"", ""commentCount"": ""7""}}"
두쫀쿠,preset,두바이 초콜릿 쿠키,BeLm64Wh6d8,"두쫀쿠 두개, 약과 휘낭시에, 수제 두바이 초콜릿,꼬끄 후레이크,초코칩 사브레 쿠키😋",2026-05-25T14:31:57Z,6301,0,0,https://www.youtube.com/watch?v=BeLm64Wh6d8,youtube,두바이 초콜릿 쿠키,alias,1.0,2026-05-26T11:39:31.823168+00:00,6301,0,0,0,수연(34)soo yeon🇰🇷,,"{""kind"": ""youtube#video"", ""etag"": ""MEoj3D9RITUDT1MxWW1vGFTJ6XI"", ""id"": ""BeLm64Wh6d8"", ""snippet"": {""publishedAt"": ""2026-05-25T14:31:57Z"", ""channelId"": ""UCEEelaLG4O232IjnjRDuV1w"", ""title"": ""두쫀쿠 두개, 약과 휘낭시에, 수제 두바이 초콜릿,꼬끄 후레이크,초코칩 사브레 쿠키😋"", ""description"": """", ""thumbnails"": {""default"": {""url"": ""https://i.ytimg.com/vi/BeLm64Wh6d8/default.jpg"", ""width"": 120, ""height"": 90}, ""medium"": {""url"": ""https://i.ytimg.com/vi/BeLm64Wh6d8/mqdefault.jpg"", ""width"": 320, ""height"": 180}, ""high"": {""url"": ""https://i.ytimg.com/vi/BeLm64Wh6d8/hqdefault.jpg"", ""width"": 480, ""height"": 360}, ""standard"": {""url"": ""https://i.ytimg.com/vi/BeLm64Wh6d8/sddefault.jpg"", ""width"": 640, ""height"": 480}, ""maxres"": {""url"": ""https://i.ytimg.com/vi/BeLm64Wh6d8/maxresdefault.jpg"", ""width"": 1280, ""height"": 720}}, ""channelTitle"": ""수연(34)soo yeon🇰🇷"", ""categoryId"": ""22"", ""liveBroadcastContent"": ""none"", ""defaultLanguage"": ""ko"", ""localized"": {""title"": ""두쫀쿠 두개, 약과 휘낭시에, 수제 두바이 초콜릿,꼬끄 후레이크,초코칩 사브레 쿠키😋"", ""description"": """"}, ""defaultAudioLanguage"": ""ko""}, ""statistics"": {""viewCount"": ""6301"", ""favoriteCount"": ""0"", ""commentCount"": ""0""}}"
두쫀쿠,preset,두바이 초콜릿 쿠키,A4Mk4Hfz40o,#unboxing #dubai #dubaichocolate,2026-05-25T12:21:30Z,1257,17,2,https://www.youtube.com/watch?v=A4Mk4Hfz40o,youtube,두바이 초콜릿 쿠키,alias,1.0,2026-05-26T11:39:31.823168+00:00,1257,17,2,19,Dwi di Dubai (Indonesian in Dubai),,"{""kind"": ""youtube#video"", ""etag"": ""2kv7lvHPBITZ18Oh5eaHUYED3hI"", ""id"": ""A4Mk4Hfz40o"", ""snippet"": {""publishedAt"": ""2026-05-25T12:21:30Z"", ""channelId"": ""UCS_JfuuhaTl4LN3lb_4w1Rg"", ""title"": ""#unboxing #dubai #dubaichocolate"", ""description"": """", ""thumbnails"": {""default"": {""url"": ""https://i.ytimg.com/vi/A4Mk4Hfz40o/default.jpg"", ""width"": 120, ""height"": 90}, ""medium"": {""url"": ""https://i.ytimg.com/vi/A4Mk4Hfz40o/mqdefault.jpg"", ""width"": 320, ""height"": 180}, ""high"": {""url"": ""https://i.ytimg.com/vi/A4Mk4Hfz40o/hqdefault.jpg"", ""width"": 480, ""height"": 360}, ""standard"": {""url"": ""https://i.ytimg.com/vi/A4Mk4Hfz40o/sddefault.jpg"", ""width"": 640, ""height"": 480}, ""maxres"": {""url"": ""https://i.ytimg.com/vi/A4Mk4Hfz40o/maxresdefault.jpg"", ""width"": 1280, ""height"": 720}}, ""channelTitle"": ""Dwi di Dubai (Indonesian in Dubai)"", ""categoryId"": ""22"", ""liveBroadcastContent"": ""none"", ""defaultLanguage"": ""ar"", ""localized"": {""title"": ""#unboxing #dubai #dubaichocolate"", ""description"": """"}, ""defaultAudioLanguage"": ""id""}, ""statistics"": {""viewCount"": ""1257"", ""likeCount"": ""17"", ""favoriteCount"": ""0"", ""commentCount"": ""2""}}"
두쫀쿠,preset,두바이 초콜릿 쿠키,POoXrtf3_Ag,甜點控絕對不能錯過！這顆杜拜巧克力Q餅真的會好吃到讓人失控🤤,2026-05-25T11:00:23Z,1370,11,0,https://www.youtube.com/watch?v=POoXrtf3_Ag,youtube,두바이 초콜릿 쿠키,alias,1.0,2026-05-26T11:39:31.823168+00:00,1370,11,0,11,Gelovery,"大家身邊也有那種上大學後突然變超精緻的朋友嗎？
本來只是朋友日常互嘴，結果話題直接被這顆甜點搶走❤️‍🔥
這是最近超燒的杜拜巧克力Q餅
外皮Q彈、內餡爆漿🔥
重點是吃起來完全不死甜，真的會讓人一口接一口🤤
如果你也是甜點控 這顆真的先收藏起來！

購買連結🔽
https://www.gelovery.com/zh/product/2765-dubaichocolate

#geloverygift #杜拜巧克力Ｑ餅 #甜點 #甜點控必吃 #餅皮Ｑ彈 
#內餡細緻 #下午茶 #點心 #必吃美食","{""kind"": ""youtube#video"", ""etag"": ""bc-xFgGhpPPQdICX_kX0wrXsMmk"", ""id"": ""POoXrtf3_Ag"", ""snippet"": {""publishedAt"": ""2026-05-25T11:00:23Z"", ""channelId"": ""UC4vAMZMoOW8O7311jYjxsXg"", ""title"": ""甜點控絕對不能錯過！這顆杜拜巧克力Q餅真的會好吃到讓人失控🤤"", ""description"": ""大家身邊也有那種上大學後突然變超精緻的朋友嗎？\n本來只是朋友日常互嘴，結果話題直接被這顆甜點搶走❤️‍🔥\n這是最近超燒的杜拜巧克力Q餅\n外皮Q彈、內餡爆漿🔥\n重點是吃起來完全不死甜，真的會讓人一口接一口🤤\n如果你也是甜點控 這顆真的先收藏起來！\n\n購買連結🔽\nhttps://www.gelovery.com/zh/product/2765-dubaichocolate\n\n#geloverygift #杜拜巧克力Ｑ餅 #甜點 #甜點控必吃 #餅皮Ｑ彈 \n#內餡細緻 #下午茶 #點心 #必吃美食"", ""thumbnails"": {""default"": {""url"": ""https://i.ytimg.com/vi/POoXrtf3_Ag/default.jpg"", ""width"": 120, ""height"": 90}, ""medium"": {""url"": ""https://i.ytimg.com/vi/POoXrtf3_Ag/mqdefault.jpg"", ""width"": 320, ""height"": 180}, ""high"": {""url"": ""https://i.ytimg.com/vi/POoXrtf3_Ag/hqdefault.jpg"", ""width"": 480, ""height"": 360}, ""standard"": {""url"": ""https://i.ytimg.com/vi/POoXrtf3_Ag/sddefault.jpg"", ""width"": 640, ""height"": 480}, ""maxres"": {""url"": ""https://i.ytimg.com/vi/POoXrtf3_Ag/maxresdefault.jpg"", ""width"": 1280, ""height"": 720}}, ""channelTitle"": ""Gelovery"", ""categoryId"": ""26"", ""liveBroadcastContent"": ""none"", ""defaultLanguage"": ""zh-Hant"", ""localized"": {""title"": ""甜點控絕對不能錯過！這顆杜拜巧克力Q餅真的會好吃到讓人失控🤤"", ""description"": ""大家身邊也有那種上大學後突然變超精緻的朋友嗎？\n本來只是朋友日常互嘴，結果話題直接被這顆甜點搶走❤️‍🔥\n這是最近超燒的杜拜巧克力Q餅\n外皮Q彈、內餡爆漿🔥\n重點是吃起來完全不死甜，真的會讓人一口接一口🤤\n如果你也是甜點控 這顆真的先收藏起來！\n\n購買連結🔽\nhttps://www.gelovery.com/zh/product/2765-dubaichocolate\n\n#geloverygift #杜拜巧克力Ｑ餅 #甜點 #甜點控必吃 #餅皮Ｑ彈 \n#內餡細緻 #下午茶 #點心 #必吃美食""}, ""defaultAudioLanguage"": ""zh-Hant""}, ""statistics"": {""viewCount"": ""1370"", ""likeCount"": ""11"", ""favoriteCount"": ""0"", ""commentCount"": ""0""}}"
두쫀쿠,preset,두바이 초콜릿 쿠키,MIXEpXW8Phw,Your loved dried fruit and nut dubai chocolate🤤 #penaut#dubaichocolate #foodasmr #satisfying #howto,2026-05-25T10:58:00Z,32565,279,4,https://www.youtube.com/watch?v=MIXEpXW8Phw,youtube,두바이 초콜릿 쿠키,alias,1.0,2026-05-26T11:39:31.823168+00:00,32565,279,4,283,ChocoMuse,,"{""kind"": ""youtube#video"", ""etag"": ""bWcf9TzGWK5mooUkHcTqTRFV8Zc"", ""id"": ""MIXEpXW8Phw"", ""snippet"": {""publishedAt"": ""2026-05-25T10:58:00Z"", ""channelId"": ""UCUmKLvvoRHygl8LZcjYaRmw"", ""title"": ""Your loved dried fruit and nut dubai chocolate🤤 #penaut#dubaichocolate #foodasmr #satisfying #howto"", ""description"": """", ""thumbnails"": {""default"": {""url"": ""https://i.ytimg.com/vi/MIXEpXW8Phw/default.jpg"", ""width"": 120, ""height"": 90}, ""medium"": {""url"": ""https://i.ytimg.com/vi/MIXEpXW8Phw/mqdefault.jpg"", ""width"": 320, ""height"": 180}, ""high"": {""url"": ""https://i.ytimg.com/vi/MIXEpXW8Phw/hqdefault.jpg"", ""width"": 480, ""height"": 360}, ""standard"": {""url"": ""https://i.ytimg.com/vi/MIXEpXW8Phw/sddefault.jpg"", ""width"": 640, ""height"": 480}, ""maxres"": {""url"": ""https://i.ytimg.com/vi/MIXEpXW8Phw/maxresdefault.jpg"", ""width"": 1280, ""height"": 720}}, ""channelTitle"": ""ChocoMuse"", ""categoryId"": ""22"", ""liveBroadcastContent"": ""none"", ""defaultLanguage"": ""en"", ""localized"": {""title"": ""Your loved dried fruit and nut dubai chocolate🤤 #penaut#dubaichocolate #foodasmr #satisfying #howto"", ""description"": """"}, ""defaultAudioLanguage"": ""en""}, ""statistics"": {""viewCount"": ""32565"", ""likeCount"": ""279"", ""favoriteCount"": ""0"", ""commentCount"": ""4""}}"
두쫀쿠,preset,두바이 초콜릿 쿠키,FYdcRLDk_SI,I haven’t stopped thinking about this Dubai Chocolate Salt Bread since I made it…,2026-05-25T10:04:00Z,1769,25,3,https://www.youtube.com/watch?v=FYdcRLDk_SI,youtube,두바이 초콜릿 쿠키,alias,1.0,2026-05-26T11:39:31.823168+00:00,1769,25,3,28,LalaBoc._.CookingDiary,"Send this to someone who should make it for you🙂‍↕️ 

#dubaichcolate #dubaidesserts #saltbread #saltbreadrecipe #chocolatesaltbread #chocolatebread #chocolate #두바이쫀득쿠키 #두바이초콜렛 #dubaichewycookie #소금빵 #소금빵만들기 #초코디저트 #초코두바이소금빵 #홈베이커 #홈베이킹 #homebaker #homebaking #homebaked #viralshort #viralfood #viraldessert #delicious #deliciousdessert #deliciousrecipe #맛있다 #추천 #핫트렌드 #","{""kind"": ""youtube#video"", ""etag"": ""VCbBJcmguwfZpYiY7KQxgq6cb2s"", ""id"": ""FYdcRLDk_SI"", ""snippet"": {""publishedAt"": ""2026-05-25T10:04:00Z"", ""channelId"": ""UC_b_tOD_CkD8GkX_56-zsUQ"", ""title"": ""I haven’t stopped thinking about this Dubai Chocolate Salt Bread since I made it…"", ""description"": ""Send this to someone who should make it for you🙂‍↕️ \n\n#dubaichcolate #dubaidesserts #saltbread #saltbreadrecipe #chocolatesaltbread #chocolatebread #chocolate #두바이쫀득쿠키 #두바이초콜렛 #dubaichewycookie #소금빵 #소금빵만들기 #초코디저트 #초코두바이소금빵 #홈베이커 #홈베이킹 #homebaker #homebaking #homebaked #viralshort #viralfood #viraldessert #delicious #deliciousdessert #deliciousrecipe #맛있다 #추천 #핫트렌드 #"", ""thumbnails"": {""default"": {""url"": ""https://i.ytimg.com/vi/FYdcRLDk_SI/default.jpg"", ""width"": 120, ""height"": 90}, ""medium"": {""url"": ""https://i.ytimg.com/vi/FYdcRLDk_SI/mqdefault.jpg"", ""width"": 320, ""height"": 180}, ""high"": {""url"": ""https://i.ytimg.com/vi/FYdcRLDk_SI/hqdefault.jpg"", ""width"": 480, ""height"": 360}, ""standard"": {""url"": ""https://i.ytimg.com/vi/FYdcRLDk_SI/sddefault.jpg"", ""width"": 640, ""height"": 480}, ""maxres"": {""url"": ""https://i.ytimg.com/vi/FYdcRLDk_SI/maxresdefault.jpg"", ""width"": 1280, ""height"": 720}}, ""channelTitle"": ""LalaBoc._.CookingDiary"", ""categoryId"": ""26"", ""liveBroadcastContent"": ""none"", ""defaultLanguage"": ""ko"", ""localized"": {""title"": ""I haven’t stopped thinking about this Dubai Chocolate Salt Bread since I made it…"", ""description"": ""Send this to someone who should make it for you🙂‍↕️ \n\n#dubaichcolate #dubaidesserts #saltbread #saltbreadrecipe #chocolatesaltbread #chocolatebread #chocolate #두바이쫀득쿠키 #두바이초콜렛 #dubaichewycookie #소금빵 #소금빵만들기 #초코디저트 #초코두바이소금빵 #홈베이커 #홈베이킹 #homebaker #homebaking #homebaked #viralshort #viralfood #viraldessert #delicious #deliciousdessert #deliciousrecipe #맛있다 #추천 #핫트렌드 #""}, ""defaultAudioLanguage"": ""en""}, ""statistics"": {""viewCount"": ""1769"", ""likeCount"": ""25"", ""favoriteCount"": ""0"", ""commentCount"": ""3""}}"
두쫀쿠,preset,두바이 초콜릿 쿠키,K2w7rS8UQW4,Chewy dubai chocolate #cooking #cookingideas #simplecooking,2026-05-25T08:45:06Z,1847,19,0,https://www.youtube.com/watch?v=K2w7rS8UQW4,youtube,두바이 초콜릿 쿠키,alias,1.0,2026-05-26T11:39:31.823168+00:00,1847,19,0,19,Mamae Kayla,,"{""kind"": ""youtube#video"", ""etag"": ""2P84fvLgxB4lROvea9spQYyBIZs"", ""id"": ""K2w7rS8UQW4"", ""snippet"": {""publishedAt"": ""2026-05-25T08:45:06Z"", ""channelId"": ""UCxfLcbgnXt9Do2M6KVOKgSQ"", ""title"": ""Chewy dubai chocolate #cooking #cookingideas #simplecooking"", ""description"": """", ""thumbnails"": {""default"": {""url"": ""https://i.ytimg.com/vi/K2w7rS8UQW4/default.jpg"", ""width"": 120, ""height"": 90}, ""medium"": {""url"": ""https://i.ytimg.com/vi/K2w7rS8UQW4/mqdefault.jpg"", ""width"": 320, ""height"": 180}, ""high"": {""url"": ""https://i.ytimg.com/vi/K2w7rS8UQW4/hqdefault.jpg"", ""width"": 480, ""height"": 360}, ""standard"": {""url"": ""https://i.ytimg.com/vi/K2w7rS8UQW4/sddefault.jpg"", ""width"": 640, ""height"": 480}, ""maxres"": {""url"": ""https://i.ytimg.com/vi/K2w7rS8UQW4/maxresdefault.jpg"", ""width"": 1280, ""height"": 720}}, ""channelTitle"": ""Mamae Kayla"", ""categoryId"": ""22"", ""liveBroadcastContent"": ""none"", ""defaultLanguage"": ""id"", ""localized"": {""title"": ""Chewy dubai chocolate #cooking #cookingideas #simplecooking"", ""description"": """"}, ""defaultAudioLanguage"": ""id""}, ""statistics"": {""viewCount"": ""1847"", ""likeCount"": ""19"", ""favoriteCount"": ""0"", ""commentCount"": ""0""}}"
두쫀쿠,preset,두바이 초콜릿 쿠키,q0xHDpuCqS4,Dubai Chewy Cookie Choco#fypシ゚viral#theharvest#dubaichewycookies#food #yukkulinerbareng #shortsvideo,2026-05-25T07:29:30Z,1842,15,1,https://www.youtube.com/watch?v=q0xHDpuCqS4,youtube,두바이 초콜릿 쿠키,alias,1.0,2026-05-26T11:39:31.823168+00:00,1842,15,1,16,Ncing ime,,"{""kind"": ""youtube#video"", ""etag"": ""ihOxRZZJV-G26ySVwbQDRYrlw3U"", ""id"": ""q0xHDpuCqS4"", ""snippet"": {""publishedAt"": ""2026-05-25T07:29:30Z"", ""channelId"": ""UCt8mIEwCm0UHfgjY_51Z5yQ"", ""title"": ""Dubai Chewy Cookie Choco#fypシ゚viral#theharvest#dubaichewycookies#food #yukkulinerbareng #shortsvideo"", ""description"": """", ""thumbnails"": {""default"": {""url"": ""https://i.ytimg.com/vi/q0xHDpuCqS4/default.jpg"", ""width"": 120, ""height"": 90}, ""medium"": {""url"": ""https://i.ytimg.com/vi/q0xHDpuCqS4/mqdefault.jpg"", ""width"": 320, ""height"": 180}, ""high"": {""url"": ""https://i.ytimg.com/vi/q0xHDpuCqS4/hqdefault.jpg"", ""width"": 480, ""height"": 360}, ""standard"": {""url"": ""https://i.ytimg.com/vi/q0xHDpuCqS4/sddefault.jpg"", ""width"": 640, ""height"": 480}, ""maxres"": {""url"": ""https://i.ytimg.com/vi/q0xHDpuCqS4/maxresdefault.jpg"", ""width"": 1280, ""height"": 720}}, ""channelTitle"": ""Ncing ime"", ""categoryId"": ""22"", ""liveBroadcastContent"": ""none"", ""defaultLanguage"": ""id"", ""localized"": {""title"": ""Dubai Chewy Cookie Choco#fypシ゚viral#theharvest#dubaichewycookies#food #yukkulinerbareng #shortsvideo"", ""description"": """"}, ""defaultAudioLanguage"": ""id""}, ""statistics"": {""viewCount"": ""1842"", ""likeCount"": ""15"", ""favoriteCount"": ""0"", ""commentCount"": ""1""}}"
두쫀쿠,preset,두바이 초콜릿 쿠키,DYO9hBoFU7A,unboxing dubai sweets/#chocolate#dates#sweets,2026-05-25T07:19:56Z,799,12,1,https://www.youtube.com/watch?v=DYO9hBoFU7A,youtube,두바이 초콜릿 쿠키,alias,1.0,2026-05-26T11:39:31.823168+00:00,799,12,1,13,It's me FEZIN ,,"{""kind"": ""youtube#video"", ""etag"": ""Y6gWIo23_MYmA2VZwIkGuwLkpWw"", ""id"": ""DYO9hBoFU7A"", ""snippet"": {""publishedAt"": ""2026-05-25T07:19:56Z"", ""channelId"": ""UCsimsQ9gqs4t3BgokR2NjUQ"", ""title"": ""unboxing dubai sweets/#chocolate#dates#sweets"", ""description"": """", ""thumbnails"": {""default"": {""url"": ""https://i.ytimg.com/vi/DYO9hBoFU7A/default.jpg"", ""width"": 120, ""height"": 90}, ""medium"": {""url"": ""https://i.ytimg.com/vi/DYO9hBoFU7A/mqdefault.jpg"", ""width"": 320, ""height"": 180}, ""high"": {""url"": ""https://i.ytimg.com/vi/DYO9hBoFU7A/hqdefault.jpg"", ""width"": 480, ""height"": 360}, ""standard"": {""url"": ""https://i.ytimg.com/vi/DYO9hBoFU7A/sddefault.jpg"", ""width"": 640, ""height"": 480}, ""maxres"": {""url"": ""https://i.ytimg.com/vi/DYO9hBoFU7A/maxresdefault.jpg"", ""width"": 1280, ""height"": 720}}, ""channelTitle"": ""It's me FEZIN "", ""categoryId"": ""22"", ""liveBroadcastContent"": ""none"", ""defaultLanguage"": ""en"", ""localized"": {""title"": ""unboxing dubai sweets/#chocolate#dates#sweets"", ""description"": """"}, ""defaultAudioLanguage"": ""ml""}, ""statistics"": {""viewCount"": ""799"", ""likeCount"": ""12"", ""favoriteCount"": ""0"", ""commentCount"": ""1""}}"
두쫀쿠,preset,두바이 초콜릿 쿠키,MlUNjapxyvA,#Dubai Kunfa Chocolate😋😋,2026-05-25T07:10:41Z,2114,13,0,https://www.youtube.com/watch?v=MlUNjapxyvA,youtube,두바이 초콜릿 쿠키,alias,1.0,2026-05-26T11:39:31.823168+00:00,2114,13,0,13,Be Visible ,,"{""kind"": ""youtube#video"", ""etag"": ""C7Pg7Y082WAOM2U87DBMdAv3ics"", ""id"": ""MlUNjapxyvA"", ""snippet"": {""publishedAt"": ""2026-05-25T07:10:41Z"", ""channelId"": ""UCDR9a3P8_ufebFd0-Ns2Lwg"", ""title"": ""#Dubai Kunfa Chocolate😋😋"", ""description"": """", ""thumbnails"": {""default"": {""url"": ""https://i.ytimg.com/vi/MlUNjapxyvA/default.jpg"", ""width"": 120, ""height"": 90}, ""medium"": {""url"": ""https://i.ytimg.com/vi/MlUNjapxyvA/mqdefault.jpg"", ""width"": 320, ""height"": 180}, ""high"": {""url"": ""https://i.ytimg.com/vi/MlUNjapxyvA/hqdefault.jpg"", ""width"": 480, ""height"": 360}, ""standard"": {""url"": ""https://i.ytimg.com/vi/MlUNjapxyvA/sddefault.jpg"", ""width"": 640, ""height"": 480}, ""maxres"": {""url"": ""https://i.ytimg.com/vi/MlUNjapxyvA/maxresdefault.jpg"", ""width"": 1280, ""height"": 720}}, ""channelTitle"": ""Be Visible "", ""categoryId"": ""22"", ""liveBroadcastContent"": ""none"", ""defaultLanguage"": ""en"", ""localized"": {""title"": ""#Dubai Kunfa Chocolate😋😋"", ""description"": """"}, ""defaultAudioLanguage"": ""en""}, ""statistics"": {""viewCount"": ""2114"", ""likeCount"": ""13"", ""favoriteCount"": ""0"", ""commentCount"": ""0""}}"
두쫀쿠,preset,두바이 초콜릿 쿠키,HqQe65g8QXE,FULL VIDEO POSTED⁉️⁉️Dubai chocolate cookies with a twist #dessertblogger #chocolatecookies #baking,2026-05-25T01:43:32Z,1061,11,3,https://www.youtube.com/watch?v=HqQe65g8QXE,youtube,두바이 초콜릿 쿠키,alias,1.0,2026-05-26T11:39:31.823168+00:00,1061,11,3,14,JustAshleigh,,"{""kind"": ""youtube#video"", ""etag"": ""NKsYPoWSX9JSjRG--VGm5eqOcbM"", ""id"": ""HqQe65g8QXE"", ""snippet"": {""publishedAt"": ""2026-05-25T01:43:32Z"", ""channelId"": ""UCyiaXMxUE1bs4ah8PhvNekw"", ""title"": ""FULL VIDEO POSTED⁉️⁉️Dubai chocolate cookies with a twist #dessertblogger #chocolatecookies #baking"", ""description"": """", ""thumbnails"": {""default"": {""url"": ""https://i.ytimg.com/vi/HqQe65g8QXE/default.jpg"", ""width"": 120, ""height"": 90}, ""medium"": {""url"": ""https://i.ytimg.com/vi/HqQe65g8QXE/mqdefault.jpg"", ""width"": 320, ""height"": 180}, ""high"": {""url"": ""https://i.ytimg.com/vi/HqQe65g8QXE/hqdefault.jpg"", ""width"": 480, ""height"": 360}, ""standard"": {""url"": ""https://i.ytimg.com/vi/HqQe65g8QXE/sddefault.jpg"", ""width"": 640, ""height"": 480}, ""maxres"": {""url"": ""https://i.ytimg.com/vi/HqQe65g8QXE/maxresdefault.jpg"", ""width"": 1280, ""height"": 720}}, ""channelTitle"": ""JustAshleigh"", ""categoryId"": ""24"", ""liveBroadcastContent"": ""none"", ""defaultLanguage"": ""en-US"", ""localized"": {""title"": ""FULL VIDEO POSTED⁉️⁉️Dubai chocolate cookies with a twist #dessertblogger #chocolatecookies #baking"", ""description"": """"}, ""defaultAudioLanguage"": ""en-US""}, ""statistics"": {""viewCount"": ""1061"", ""likeCount"": ""11"", ""favoriteCount"": ""0"", ""commentCount"": ""3""}}"
두쫀쿠,preset,두바이 초콜릿 쿠키,6CYnZytqdFM,FULL VIDEO POSTED⁉️⁉️ Chocolate chewy Dubai cookies #baking #cookies #dubaichocolate #dubaitiktok,2026-05-25T01:38:28Z,1638,10,0,https://www.youtube.com/watch?v=6CYnZytqdFM,youtube,두바이 초콜릿 쿠키,alias,1.0,2026-05-26T11:39:31.823168+00:00,1638,10,0,10,JustAshleigh,,"{""kind"": ""youtube#video"", ""etag"": ""aHDvS8lXsAFgHBz5SYtcRNMX57Q"", ""id"": ""6CYnZytqdFM"", ""snippet"": {""publishedAt"": ""2026-05-25T01:38:28Z"", ""channelId"": ""UCyiaXMxUE1bs4ah8PhvNekw"", ""title"": ""FULL VIDEO POSTED⁉️⁉️ Chocolate chewy Dubai cookies #baking #cookies #dubaichocolate #dubaitiktok"", ""description"": """", ""thumbnails"": {""default"": {""url"": ""https://i.ytimg.com/vi/6CYnZytqdFM/default.jpg"", ""width"": 120, ""height"": 90}, ""medium"": {""url"": ""https://i.ytimg.com/vi/6CYnZytqdFM/mqdefault.jpg"", ""width"": 320, ""height"": 180}, ""high"": {""url"": ""https://i.ytimg.com/vi/6CYnZytqdFM/hqdefault.jpg"", ""width"": 480, ""height"": 360}, ""standard"": {""url"": ""https://i.ytimg.com/vi/6CYnZytqdFM/sddefault.jpg"", ""width"": 640, ""height"": 480}, ""maxres"": {""url"": ""https://i.ytimg.com/vi/6CYnZytqdFM/maxresdefault.jpg"", ""width"": 1280, ""height"": 720}}, ""channelTitle"": ""JustAshleigh"", ""categoryId"": ""24"", ""liveBroadcastContent"": ""none"", ""defaultLanguage"": ""en-US"", ""localized"": {""title"": ""FULL VIDEO POSTED⁉️⁉️ Chocolate chewy Dubai cookies #baking #cookies #dubaichocolate #dubaitiktok"", ""description"": """"}, ""defaultAudioLanguage"": ""en-US""}, ""statistics"": {""viewCount"": ""1638"", ""likeCount"": ""10"", ""favoriteCount"": ""0"", ""commentCount"": ""0""}}"
두쫀쿠,preset,두바이 초콜릿 쿠키,8arWRCo1Hwk,#asmr #eatingasmr #chocbox #dubaichocolate #fyp,2026-05-24T22:46:41Z,1055,7,0,https://www.youtube.com/watch?v=8arWRCo1Hwk,youtube,두바이 초콜릿 쿠키,alias,1.0,2026-05-26T11:39:31.823168+00:00,1055,7,0,7,Tab Jewell,#asmr #eatingasmr #chocbox #dubaichocolate #fyp,"{""kind"": ""youtube#video"", ""etag"": ""i1shoRfYMMlRbg_bnXJTbq4H2Pg"", ""id"": ""8arWRCo1Hwk"", ""snippet"": {""publishedAt"": ""2026-05-24T22:46:41Z"", ""channelId"": ""UCiTz1mxgBVqNIffbsyXxV-Q"", ""title"": ""#asmr #eatingasmr #chocbox #dubaichocolate #fyp"", ""description"": ""#asmr #eatingasmr #chocbox #dubaichocolate #fyp"", ""thumbnails"": {""default"": {""url"": ""https://i.ytimg.com/vi/8arWRCo1Hwk/default.jpg"", ""width"": 120, ""height"": 90}, ""medium"": {""url"": ""https://i.ytimg.com/vi/8arWRCo1Hwk/mqdefault.jpg"", ""width"": 320, ""height"": 180}, ""high"": {""url"": ""https://i.ytimg.com/vi/8arWRCo1Hwk/hqdefault.jpg"", ""width"": 480, ""height"": 360}, ""standard"": {""url"": ""https://i.ytimg.com/vi/8arWRCo1Hwk/sddefault.jpg"", ""width"": 640, ""height"": 480}, ""maxres"": {""url"": ""https://i.ytimg.com/vi/8arWRCo1Hwk/maxresdefault.jpg"", ""width"": 1280, ""height"": 720}}, ""channelTitle"": ""Tab Jewell"", ""categoryId"": ""22"", ""liveBroadcastContent"": ""none"", ""defaultLanguage"": ""en"", ""localized"": {""title"": ""#asmr #eatingasmr #chocbox #dubaichocolate #fyp"", ""description"": ""#asmr #eatingasmr #chocbox #dubaichocolate #fyp""}, ""defaultAudioLanguage"": ""en""}, ""statistics"": {""viewCount"": ""1055"", ""likeCount"": ""7"", ""favoriteCount"": ""0"", ""commentCount"": ""0""}}"
두쫀쿠,preset,두바이 초콜릿 쿠키,EnHu4w7pZgU,Dubai chocolate🍫,2026-05-24T20:54:18Z,814,17,1,https://www.youtube.com/watch?v=EnHu4w7pZgU,youtube,두바이 초콜릿 쿠키,alias,1.0,2026-05-26T11:39:31.823168+00:00,814,17,1,18,Deuce and Ry City,,"{""kind"": ""youtube#video"", ""etag"": ""YYqy4d1O9vpwWlHTyKYcyL0S1nQ"", ""id"": ""EnHu4w7pZgU"", ""snippet"": {""publishedAt"": ""2026-05-24T20:54:18Z"", ""channelId"": ""UCZAGqsMmXLvDl4Dc0to0Fgg"", ""title"": ""Dubai chocolate🍫"", ""description"": """", ""thumbnails"": {""default"": {""url"": ""https://i.ytimg.com/vi/EnHu4w7pZgU/default.jpg"", ""width"": 120, ""height"": 90}, ""medium"": {""url"": ""https://i.ytimg.com/vi/EnHu4w7pZgU/mqdefault.jpg"", ""width"": 320, ""height"": 180}, ""high"": {""url"": ""https://i.ytimg.com/vi/EnHu4w7pZgU/hqdefault.jpg"", ""width"": 480, ""height"": 360}, ""standard"": {""url"": ""https://i.ytimg.com/vi/EnHu4w7pZgU/sddefault.jpg"", ""width"": 640, ""height"": 480}, ""maxres"": {""url"": ""https://i.ytimg.com/vi/EnHu4w7pZgU/maxresdefault.jpg"", ""width"": 1280, ""height"": 720}}, ""channelTitle"": ""Deuce and Ry City"", ""categoryId"": ""22"", ""liveBroadcastContent"": ""none"", ""defaultLanguage"": ""en"", ""localized"": {""title"": ""Dubai chocolate🍫"", ""description"": """"}, ""defaultAudioLanguage"": ""en""}, ""statistics"": {""viewCount"": ""814"", ""likeCount"": ""17"", ""favoriteCount"": ""0"", ""commentCount"": ""1""}}"
두쫀쿠,preset,두바이 초콜릿 쿠키,EDtlwiF9BW0,asmr at dubai chocolate #dubaichocolate #asmr #foryoupage,2026-05-24T19:53:15Z,1693,0,8,https://www.youtube.com/watch?v=EDtlwiF9BW0,youtube,두바이 초콜릿 쿠키,alias,1.0,2026-05-26T11:39:31.823168+00:00,1693,0,8,8,ASMR Sofia,,"{""kind"": ""youtube#video"", ""etag"": ""5hEcBZAt-bLO68qzWrLu-9EnCjo"", ""id"": ""EDtlwiF9BW0"", ""snippet"": {""publishedAt"": ""2026-05-24T19:53:15Z"", ""channelId"": ""UCxqjZVLcN4TtyzJpRzJDL9A"", ""title"": ""asmr at dubai chocolate #dubaichocolate #asmr #foryoupage"", ""description"": """", ""thumbnails"": {""default"": {""url"": ""https://i.ytimg.com/vi/EDtlwiF9BW0/default.jpg"", ""width"": 120, ""height"": 90}, ""medium"": {""url"": ""https://i.ytimg.com/vi/EDtlwiF9BW0/mqdefault.jpg"", ""width"": 320, ""height"": 180}, ""high"": {""url"": ""https://i.ytimg.com/vi/EDtlwiF9BW0/hqdefault.jpg"", ""width"": 480, ""height"": 360}, ""standard"": {""url"": ""https://i.ytimg.com/vi/EDtlwiF9BW0/sddefault.jpg"", ""width"": 640, ""height"": 480}, ""maxres"": {""url"": ""https://i.ytimg.com/vi/EDtlwiF9BW0/maxresdefault.jpg"", ""width"": 1280, ""height"": 720}}, ""channelTitle"": ""ASMR Sofia"", ""categoryId"": ""22"", ""liveBroadcastContent"": ""none"", ""defaultLanguage"": ""en"", ""localized"": {""title"": ""asmr at dubai chocolate #dubaichocolate #asmr #foryoupage"", ""description"": """"}, ""defaultAudioLanguage"": ""en""}, ""statistics"": {""viewCount"": ""1693"", ""favoriteCount"": ""0"", ""commentCount"": ""8""}}"
두쫀쿠,preset,두바이 초콜릿 쿠키,jJV3MsKMCng,viral Dubai🤤 Chocolate making🍫#trending #shorts #youtubeshorts #shortvideo #explore #foryou #fypシ,2026-05-24T19:10:14Z,22968,644,10,https://www.youtube.com/watch?v=jJV3MsKMCng,youtube,두바이 초콜릿 쿠키,alias,1.0,2026-05-26T11:39:31.823168+00:00,22968,644,10,654,Mallickfamily786,,"{""kind"": ""youtube#video"", ""etag"": ""rVuYuFQ2AYYxdBTD73T-i7ZVrSs"", ""id"": ""jJV3MsKMCng"", ""snippet"": {""publishedAt"": ""2026-05-24T19:10:14Z"", ""channelId"": ""UC3HAgWa6af7aGZNe-zx4uLg"", ""title"": ""viral Dubai🤤 Chocolate making🍫#trending #shorts #youtubeshorts #shortvideo #explore #foryou #fypシ"", ""description"": """", ""thumbnails"": {""default"": {""url"": ""https://i.ytimg.com/vi/jJV3MsKMCng/default.jpg"", ""width"": 120, ""height"": 90}, ""medium"": {""url"": ""https://i.ytimg.com/vi/jJV3MsKMCng/mqdefault.jpg"", ""width"": 320, ""height"": 180}, ""high"": {""url"": ""https://i.ytimg.com/vi/jJV3MsKMCng/hqdefault.jpg"", ""width"": 480, ""height"": 360}, ""standard"": {""url"": ""https://i.ytimg.com/vi/jJV3MsKMCng/sddefault.jpg"", ""width"": 640, ""height"": 480}, ""maxres"": {""url"": ""https://i.ytimg.com/vi/jJV3MsKMCng/maxresdefault.jpg"", ""width"": 1280, ""height"": 720}}, ""channelTitle"": ""Mallickfamily786"", ""categoryId"": ""23"", ""liveBroadcastContent"": ""none"", ""defaultLanguage"": ""bn-IN"", ""localized"": {""title"": ""viral Dubai🤤 Chocolate making🍫#trending #shorts #youtubeshorts #shortvideo #explore #foryou #fypシ"", ""description"": """"}, ""defaultAudioLanguage"": ""bn-IN""}, ""statistics"": {""viewCount"": ""22968"", ""likeCount"": ""644"", ""favoriteCount"": ""0"", ""commentCount"": ""10""}}"
두쫀쿠,preset,두바이 초콜릿 쿠키,Nqh7N6IoE_Q,"When 24k Gold, meets Dubai Chocolate 🍫 #dubai #dubaichocolate #chocolate #shorts",2026-05-24T18:00:30Z,23760,241,4,https://www.youtube.com/watch?v=Nqh7N6IoE_Q,youtube,두바이 초콜릿 쿠키,alias,1.0,2026-05-26T11:39:31.823168+00:00,23760,241,4,245,YamIT,,"{""kind"": ""youtube#video"", ""etag"": ""eHGN0oBFdU8ph629YwZrxvIw0EM"", ""id"": ""Nqh7N6IoE_Q"", ""snippet"": {""publishedAt"": ""2026-05-24T18:00:30Z"", ""channelId"": ""UC1c_YxVJBGJL8PVMODcsTEw"", ""title"": ""When 24k Gold, meets Dubai Chocolate 🍫 #dubai #dubaichocolate #chocolate #shorts"", ""description"": """", ""thumbnails"": {""default"": {""url"": ""https://i.ytimg.com/vi/Nqh7N6IoE_Q/default.jpg"", ""width"": 120, ""height"": 90}, ""medium"": {""url"": ""https://i.ytimg.com/vi/Nqh7N6IoE_Q/mqdefault.jpg"", ""width"": 320, ""height"": 180}, ""high"": {""url"": ""https://i.ytimg.com/vi/Nqh7N6IoE_Q/hqdefault.jpg"", ""width"": 480, ""height"": 360}, ""standard"": {""url"": ""https://i.ytimg.com/vi/Nqh7N6IoE_Q/sddefault.jpg"", ""width"": 640, ""height"": 480}, ""maxres"": {""url"": ""https://i.ytimg.com/vi/Nqh7N6IoE_Q/maxresdefault.jpg"", ""width"": 1280, ""height"": 720}}, ""channelTitle"": ""YamIT"", ""categoryId"": ""22"", ""liveBroadcastContent"": ""none"", ""defaultLanguage"": ""en"", ""localized"": {""title"": ""When 24k Gold, meets Dubai Chocolate 🍫 #dubai #dubaichocolate #chocolate #shorts"", ""description"": """"}, ""defaultAudioLanguage"": ""hi""}, ""statistics"": {""viewCount"": ""23760"", ""likeCount"": ""241"", ""favoriteCount"": ""0"", ""commentCount"": ""4""}}"
두쫀쿠,preset,두존쿠,8SRds7agdUs,두존쿠,2026-05-25T07:27:19Z,974,10,0,https://www.youtube.com/watch?v=8SRds7agdUs,youtube,두존쿠,typo,0.8,2026-05-26T11:39:31.823168+00:00,974,10,0,10,하늘 날은 멜론빵,,"{""kind"": ""youtube#video"", ""etag"": ""skWGt7n1uHN1rmqZFYba1YR_ENE"", ""id"": ""8SRds7agdUs"", ""snippet"": {""publishedAt"": ""2026-05-25T07:27:19Z"", ""channelId"": ""UCrJukcTDHhz2_VjdutUycAg"", ""title"": ""두존쿠"", ""description"": """", ""thumbnails"": {""default"": {""url"": ""https://i.ytimg.com/vi/8SRds7agdUs/default.jpg"", ""width"": 120, ""height"": 90}, ""medium"": {""url"": ""https://i.ytimg.com/vi/8SRds7agdUs/mqdefault.jpg"", ""width"": 320, ""height"": 180}, ""high"": {""url"": ""https://i.ytimg.com/vi/8SRds7agdUs/hqdefault.jpg"", ""width"": 480, ""height"": 360}, ""standard"": {""url"": ""https://i.ytimg.com/vi/8SRds7agdUs/sddefault.jpg"", ""width"": 640, ""height"": 480}, ""maxres"": {""url"": ""https://i.ytimg.com/vi/8SRds7agdUs/maxresdefault.jpg"", ""width"": 1280, ""height"": 720}}, ""channelTitle"": ""하늘 날은 멜론빵"", ""categoryId"": ""22"", ""liveBroadcastContent"": ""none"", ""defaultLanguage"": ""ko"", ""localized"": {""title"": ""두존쿠"", ""description"": """"}, ""defaultAudioLanguage"": ""ko""}, ""statistics"": {""viewCount"": ""974"", ""likeCount"": ""10"", ""favoriteCount"": ""0""}}"
두쫀쿠,preset,두존쿠,S-gSrdXT99c,누가 두존쿠를 먹었을까?,2026-05-17T11:09:08Z,408,5,0,https://www.youtube.com/watch?v=S-gSrdXT99c,youtube,두존쿠,typo,0.8,2026-05-26T11:39:31.823168+00:00,408,5,0,5,로블 마뱀,,"{""kind"": ""youtube#video"", ""etag"": ""Zb_m410_DOTvw2koAyxNQvV7T-o"", ""id"": ""S-gSrdXT99c"", ""snippet"": {""publishedAt"": ""2026-05-17T11:09:08Z"", ""channelId"": ""UCJOAdDuI9pu9gew2ov2cHtw"", ""title"": ""누가 두존쿠를 먹었을까?"", ""description"": """", ""thumbnails"": {""default"": {""url"": ""https://i.ytimg.com/vi/S-gSrdXT99c/default.jpg"", ""width"": 120, ""height"": 90}, ""medium"": {""url"": ""https://i.ytimg.com/vi/S-gSrdXT99c/mqdefault.jpg"", ""width"": 320, ""height"": 180}, ""high"": {""url"": ""https://i.ytimg.com/vi/S-gSrdXT99c/hqdefault.jpg"", ""width"": 480, ""height"": 360}, ""standard"": {""url"": ""https://i.ytimg.com/vi/S-gSrdXT99c/sddefault.jpg"", ""width"": 640, ""height"": 480}, ""maxres"": {""url"": ""https://i.ytimg.com/vi/S-gSrdXT99c/maxresdefault.jpg"", ""width"": 1280, ""height"": 720}}, ""channelTitle"": ""로블 마뱀"", ""categoryId"": ""22"", ""liveBroadcastContent"": ""none"", ""defaultLanguage"": ""ko"", ""localized"": {""title"": ""누가 두존쿠를 먹었을까?"", ""description"": """"}}, ""statistics"": {""viewCount"": ""408"", ""likeCount"": ""5"", ""favoriteCount"": ""0"", ""commentCount"": ""0""}}"
두쫀쿠,preset,두존쿠,_pUdda4hbrc,두바이 왁뿌볼 아그작 #몬트쿠키 #아그작 #왁뿌볼 #두바이 #두쫀쿠,2026-05-12T12:31:13Z,40787,507,54,https://www.youtube.com/watch?v=_pUdda4hbrc,youtube,두존쿠,typo,0.8,2026-05-26T11:39:31.823168+00:00,40787,507,54,561,몬트쿠키 | 두바이쫀득쿠키 원조🧆,,"{""kind"": ""youtube#video"", ""etag"": ""Q_7IsU_ZTNqO82lPIrO8w7zSzdg"", ""id"": ""_pUdda4hbrc"", ""snippet"": {""publishedAt"": ""2026-05-12T12:31:13Z"", ""channelId"": ""UCAKiaMq_H1Vq8xBFYgGsj_Q"", ""title"": ""두바이 왁뿌볼 아그작 #몬트쿠키 #아그작 #왁뿌볼 #두바이 #두쫀쿠"", ""description"": """", ""thumbnails"": {""default"": {""url"": ""https://i.ytimg.com/vi/_pUdda4hbrc/default.jpg"", ""width"": 120, ""height"": 90}, ""medium"": {""url"": ""https://i.ytimg.com/vi/_pUdda4hbrc/mqdefault.jpg"", ""width"": 320, ""height"": 180}, ""high"": {""url"": ""https://i.ytimg.com/vi/_pUdda4hbrc/hqdefault.jpg"", ""width"": 480, ""height"": 360}, ""standard"": {""url"": ""https://i.ytimg.com/vi/_pUdda4hbrc/sddefault.jpg"", ""width"": 640, ""height"": 480}, ""maxres"": {""url"": ""https://i.ytimg.com/vi/_pUdda4hbrc/maxresdefault.jpg"", ""width"": 1280, ""height"": 720}}, ""channelTitle"": ""몬트쿠키 | 두바이쫀득쿠키 원조🧆"", ""categoryId"": ""22"", ""liveBroadcastContent"": ""none"", ""defaultLanguage"": ""ko"", ""localized"": {""title"": ""두바이 왁뿌볼 아그작 #몬트쿠키 #아그작 #왁뿌볼 #두바이 #두쫀쿠"", ""description"": """"}, ""defaultAudioLanguage"": ""ko""}, ""statistics"": {""viewCount"": ""40787"", ""likeCount"": ""507"", ""favoriteCount"": ""0"", ""commentCount"": ""54""}}"
두쫀쿠,preset,두존쿠,IAj4xBp73lA,디저트39 X 흔한남매 콜라보 야광키캡키링 두존꾸 로쫀쿠 흔한남매 싸인컵 #어린이날선물 #흔한남매 #디저트39 #에이미로쫀쿠 #으뜸이두존쿠 #키캡키링,2026-05-06T08:53:05Z,3183,31,5,https://www.youtube.com/watch?v=IAj4xBp73lA,youtube,두존쿠,typo,0.8,2026-05-26T11:39:31.823168+00:00,3183,31,5,36,스리링 sriring,"안녕하세요 :)
초등2 아들 어린이날 선물 고민하다가 디저트39 × 흔한남매 콜라보 소식 보고 바로 달려갔어요 🏃‍♀️✨
매장 들어서자마자 아들 눈이 반짝반짝 빛나더라고요!

🧁 선택한 메뉴
흔한남매 베이커리 세트 (15,900원~) 
├ 으뜸이 두쫀쿠 (+2,900원) 
├ 에이미 로쫀쿠 
├ 우유크림쫀득깨찰빵 
├ 흔한남매 싸인컵 2개 
└ 랜덤카드 2장
야광 키캡&키링 (+8,500원) 추가 🎮
음료는 초코퐁라떼 + 흑당퐁라떼 벤티 둘 다 흔한남매 싸인컵에 나와서 기분 두 배!

🍞 베이커리 솔직 후기
으뜸이 두쫀쿠 피스타치오 스프레드 가득 · 카다이프+마시멜로우로 겉은 바삭, 속은 쫀득 · 50g 묵직함!
에이미 로쫀쿠 로투스 스프레드 꽉 차있어서 한 입 베어물 때 향이 확 올라와요 → 우리 아들 최애 🏆
우유크림쫀득깨찰빵 크림 풍성한데 느끼하지 않고 겉 쫀득·바삭, 속 부드러움 — 또 먹고 싶은 맛!

🎴 랜덤카드 개봉 결과
두근두근 열었더니... 둘 다 에이미 홀로그램 카드 당첨!! 🎊
9종 중 레어카드도 있대요. 빛에 따라 반짝이는 홀로그램이라 소장 가치 100% 아들 왈: ""엄마, 또 뽑고 싶어!"" 🤩

✨ 야광 키캡&키링
단돈 8,500원 추가인데 퀄리티 대박이에요!
⭐ 키캡 4개 전부 야광 LED ⭐ 누를 때마다 색상이 바뀜 ⭐ 4개 모두 다른 캐릭터 ⭐ 키보드에도, 가방에도 장착 가능
집에 와서도 불 끄고 계속 눌러보며 ""엄마 진짜 예뻐!"" 반복 중 😂
초등 어린이날 선물, 이것보다 완벽할 수 있을까요?

💬 총평
먹는 재미 + 카드 모으는 재미 + 굿즈 수집까지 초등학생 취향 완벽 저격 구성이에요!
매장 분위기도 아늑하고 사장님도 너무 친절하셨어요 🧡 주차는 럭키아파트 정문으로 들어오시면 돼요!
재방문 의사 100% 🙌

#디저트39 #흔한남매콜라보 #어린이날선물 #초등남아선물 #야광키링 #두쫀쿠 #로쫀쿠 #구리수택점 #포토카드 #어린이날 #흔한남매 #디저트39구리 #초등선물추천 #키캡키링","{""kind"": ""youtube#video"", ""etag"": ""f_rx-tcmksEyYjMItF6BkSnR_gk"", ""id"": ""IAj4xBp73lA"", ""snippet"": {""publishedAt"": ""2026-05-06T08:53:05Z"", ""channelId"": ""UC0sw9jXC5liXszuB4Zjb9Yg"", ""title"": ""디저트39 X 흔한남매 콜라보 야광키캡키링 두존꾸 로쫀쿠 흔한남매 싸인컵 #어린이날선물 #흔한남매 #디저트39 #에이미로쫀쿠 #으뜸이두존쿠 #키캡키링"", ""description"": ""안녕하세요 :)\n초등2 아들 어린이날 선물 고민하다가 디저트39 × 흔한남매 콜라보 소식 보고 바로 달려갔어요 🏃‍♀️✨\n매장 들어서자마자 아들 눈이 반짝반짝 빛나더라고요!\n\n🧁 선택한 메뉴\n흔한남매 베이커리 세트 (15,900원~) \n├ 으뜸이 두쫀쿠 (+2,900원) \n├ 에이미 로쫀쿠 \n├ 우유크림쫀득깨찰빵 \n├ 흔한남매 싸인컵 2개 \n└ 랜덤카드 2장\n야광 키캡&키링 (+8,500원) 추가 🎮\n음료는 초코퐁라떼 + 흑당퐁라떼 벤티 둘 다 흔한남매 싸인컵에 나와서 기분 두 배!\n\n🍞 베이커리 솔직 후기\n으뜸이 두쫀쿠 피스타치오 스프레드 가득 · 카다이프+마시멜로우로 겉은 바삭, 속은 쫀득 · 50g 묵직함!\n에이미 로쫀쿠 로투스 스프레드 꽉 차있어서 한 입 베어물 때 향이 확 올라와요 → 우리 아들 최애 🏆\n우유크림쫀득깨찰빵 크림 풍성한데 느끼하지 않고 겉 쫀득·바삭, 속 부드러움 — 또 먹고 싶은 맛!\n\n🎴 랜덤카드 개봉 결과\n두근두근 열었더니... 둘 다 에이미 홀로그램 카드 당첨!! 🎊\n9종 중 레어카드도 있대요. 빛에 따라 반짝이는 홀로그램이라 소장 가치 100% 아들 왈: \""엄마, 또 뽑고 싶어!\"" 🤩\n\n✨ 야광 키캡&키링\n단돈 8,500원 추가인데 퀄리티 대박이에요!\n⭐ 키캡 4개 전부 야광 LED ⭐ 누를 때마다 색상이 바뀜 ⭐ 4개 모두 다른 캐릭터 ⭐ 키보드에도, 가방에도 장착 가능\n집에 와서도 불 끄고 계속 눌러보며 \""엄마 진짜 예뻐!\"" 반복 중 😂\n초등 어린이날 선물, 이것보다 완벽할 수 있을까요?\n\n💬 총평\n먹는 재미 + 카드 모으는 재미 + 굿즈 수집까지 초등학생 취향 완벽 저격 구성이에요!\n매장 분위기도 아늑하고 사장님도 너무 친절하셨어요 🧡 주차는 럭키아파트 정문으로 들어오시면 돼요!\n재방문 의사 100% 🙌\n\n#디저트39 #흔한남매콜라보 #어린이날선물 #초등남아선물 #야광키링 #두쫀쿠 #로쫀쿠 #구리수택점 #포토카드 #어린이날 #흔한남매 #디저트39구리 #초등선물추천 #키캡키링"", ""thumbnails"": {""default"": {""url"": ""https://i.ytimg.com/vi/IAj4xBp73lA/default.jpg"", ""width"": 120, ""height"": 90}, ""medium"": {""url"": ""https://i.ytimg.com/vi/IAj4xBp73lA/mqdefault.jpg"", ""width"": 320, ""height"": 180}, ""high"": {""url"": ""https://i.ytimg.com/vi/IAj4xBp73lA/hqdefault.jpg"", ""width"": 480, ""height"": 360}, ""standard"": {""url"": ""https://i.ytimg.com/vi/IAj4xBp73lA/sddefault.jpg"", ""width"": 640, ""height"": 480}, ""maxres"": {""url"": ""https://i.ytimg.com/vi/IAj4xBp73lA/maxresdefault.jpg"", ""width"": 1280, ""height"": 720}}, ""channelTitle"": ""스리링 sriring"", ""categoryId"": ""27"", ""liveBroadcastContent"": ""none"", ""defaultLanguage"": ""ko"", ""localized"": {""title"": ""디저트39 X 흔한남매 콜라보 야광키캡키링 두존꾸 로쫀쿠 흔한남매 싸인컵 #어린이날선물 #흔한남매 #디저트39 #에이미로쫀쿠 #으뜸이두존쿠 #키캡키링"", ""description"": ""안녕하세요 :)\n초등2 아들 어린이날 선물 고민하다가 디저트39 × 흔한남매 콜라보 소식 보고 바로 달려갔어요 🏃‍♀️✨\n매장 들어서자마자 아들 눈이 반짝반짝 빛나더라고요!\n\n🧁 선택한 메뉴\n흔한남매 베이커리 세트 (15,900원~) \n├ 으뜸이 두쫀쿠 (+2,900원) \n├ 에이미 로쫀쿠 \n├ 우유크림쫀득깨찰빵 \n├ 흔한남매 싸인컵 2개 \n└ 랜덤카드 2장\n야광 키캡&키링 (+8,500원) 추가 🎮\n음료는 초코퐁라떼 + 흑당퐁라떼 벤티 둘 다 흔한남매 싸인컵에 나와서 기분 두 배!\n\n🍞 베이커리 솔직 후기\n으뜸이 두쫀쿠 피스타치오 스프레드 가득 · 카다이프+마시멜로우로 겉은 바삭, 속은 쫀득 · 50g 묵직함!\n에이미 로쫀쿠 로투스 스프레드 꽉 차있어서 한 입 베어물 때 향이 확 올라와요 → 우리 아들 최애 🏆\n우유크림쫀득깨찰빵 크림 풍성한데 느끼하지 않고 겉 쫀득·바삭, 속 부드러움 — 또 먹고 싶은 맛!\n\n🎴 랜덤카드 개봉 결과\n두근두근 열었더니... 둘 다 에이미 홀로그램 카드 당첨!! 🎊\n9종 중 레어카드도 있대요. 빛에 따라 반짝이는 홀로그램이라 소장 가치 100% 아들 왈: \""엄마, 또 뽑고 싶어!\"" 🤩\n\n✨ 야광 키캡&키링\n단돈 8,500원 추가인데 퀄리티 대박이에요!\n⭐ 키캡 4개 전부 야광 LED ⭐ 누를 때마다 색상이 바뀜 ⭐ 4개 모두 다른 캐릭터 ⭐ 키보드에도, 가방에도 장착 가능\n집에 와서도 불 끄고 계속 눌러보며 \""엄마 진짜 예뻐!\"" 반복 중 😂\n초등 어린이날 선물, 이것보다 완벽할 수 있을까요?\n\n💬 총평\n먹는 재미 + 카드 모으는 재미 + 굿즈 수집까지 초등학생 취향 완벽 저격 구성이에요!\n매장 분위기도 아늑하고 사장님도 너무 친절하셨어요 🧡 주차는 럭키아파트 정문으로 들어오시면 돼요!\n재방문 의사 100% 🙌\n\n#디저트39 #흔한남매콜라보 #어린이날선물 #초등남아선물 #야광키링 #두쫀쿠 #로쫀쿠 #구리수택점 #포토카드 #어린이날 #흔한남매 #디저트39구리 #초등선물추천 #키캡키링""}, ""defaultAudioLanguage"": ""ko""}, ""statistics"": {""viewCount"": ""3183"", ""likeCount"": ""31"", ""favoriteCount"": ""0"", ""commentCount"": ""5""}}"
두쫀쿠,preset,두존쿠,i-SCLLHmstI,밍글링한테 싼 두존쿠 경민이 #투어스 #경민 #42브이로그 #두쫀쿠 #말랑핀 ,2026-05-03T08:52:12Z,44,0,0,https://www.youtube.com/watch?v=i-SCLLHmstI,youtube,두존쿠,typo,0.8,2026-05-26T11:39:31.823168+00:00,44,0,0,0,재한로그,,"{""kind"": ""youtube#video"", ""etag"": ""tfWWug6-FmOlbDa10N7naX2IRWo"", ""id"": ""i-SCLLHmstI"", ""snippet"": {""publishedAt"": ""2026-05-03T08:52:12Z"", ""channelId"": ""UCyHyjLySLQCSa5KryY6rG5Q"", ""title"": ""밍글링한테 싼 두존쿠 경민이 #투어스 #경민 #42브이로그 #두쫀쿠 #말랑핀 "", ""description"": """", ""thumbnails"": {""default"": {""url"": ""https://i.ytimg.com/vi/i-SCLLHmstI/default.jpg"", ""width"": 120, ""height"": 90}, ""medium"": {""url"": ""https://i.ytimg.com/vi/i-SCLLHmstI/mqdefault.jpg"", ""width"": 320, ""height"": 180}, ""high"": {""url"": ""https://i.ytimg.com/vi/i-SCLLHmstI/hqdefault.jpg"", ""width"": 480, ""height"": 360}, ""standard"": {""url"": ""https://i.ytimg.com/vi/i-SCLLHmstI/sddefault.jpg"", ""width"": 640, ""height"": 480}, ""maxres"": {""url"": ""https://i.ytimg.com/vi/i-SCLLHmstI/maxresdefault.jpg"", ""width"": 1280, ""height"": 720}}, ""channelTitle"": ""재한로그"", ""categoryId"": ""22"", ""liveBroadcastContent"": ""none"", ""defaultLanguage"": ""ko"", ""localized"": {""title"": ""밍글링한테 싼 두존쿠 경민이 #투어스 #경민 #42브이로그 #두쫀쿠 #말랑핀 "", ""description"": """"}}, ""statistics"": {""viewCount"": ""44"", ""likeCount"": ""0"", ""favoriteCount"": ""0"", ""commentCount"": ""0""}}"
두쫀쿠,preset,두존쿠,wSNtQfxp1LE,두존쿠뽑기👍#검이민이## 터치하세요#두두두쫀쿠#맛있는두쫀쿠❤️❤️❤️,2026-05-03T03:54:41Z,35,2,0,https://www.youtube.com/watch?v=wSNtQfxp1LE,youtube,두존쿠,typo,0.8,2026-05-26T11:39:31.823168+00:00,35,2,0,2,검이민이,,"{""kind"": ""youtube#video"", ""etag"": ""Q0bv9OI5Mi9ttkxsUr4p2Dl-XZU"", ""id"": ""wSNtQfxp1LE"", ""snippet"": {""publishedAt"": ""2026-05-03T03:54:41Z"", ""channelId"": ""UCLfmM7EByNI0ZzRVhidhKGw"", ""title"": ""두존쿠뽑기👍#검이민이## 터치하세요#두두두쫀쿠#맛있는두쫀쿠❤️❤️❤️"", ""description"": """", ""thumbnails"": {""default"": {""url"": ""https://i.ytimg.com/vi/wSNtQfxp1LE/default.jpg"", ""width"": 120, ""height"": 90}, ""medium"": {""url"": ""https://i.ytimg.com/vi/wSNtQfxp1LE/mqdefault.jpg"", ""width"": 320, ""height"": 180}, ""high"": {""url"": ""https://i.ytimg.com/vi/wSNtQfxp1LE/hqdefault.jpg"", ""width"": 480, ""height"": 360}, ""standard"": {""url"": ""https://i.ytimg.com/vi/wSNtQfxp1LE/sddefault.jpg"", ""width"": 640, ""height"": 480}, ""maxres"": {""url"": ""https://i.ytimg.com/vi/wSNtQfxp1LE/maxresdefault.jpg"", ""width"": 1280, ""height"": 720}}, ""channelTitle"": ""검이민이"", ""categoryId"": ""22"", ""liveBroadcastContent"": ""none"", ""defaultLanguage"": ""ko"", ""localized"": {""title"": ""두존쿠뽑기👍#검이민이## 터치하세요#두두두쫀쿠#맛있는두쫀쿠❤️❤️❤️"", ""description"": """"}}, ""statistics"": {""viewCount"": ""35"", ""likeCount"": ""2"", ""favoriteCount"": ""0"", ""commentCount"": ""0""}}"
두쫀쿠,preset,두존쿠,UIOoVdmgCF8,🔴쬰득쬰득 🟤두존쿠보다 🔟배 쬰득해한번 빠지면 정신 못차리지 !! #마닐라 #마닐라맛집 #마닐라카지노 #마닐라프리룸 #마닐라환전#마카티주몽,2026-05-01T11:11:13Z,17,5,0,https://www.youtube.com/watch?v=UIOoVdmgCF8,youtube,두존쿠,typo,0.8,2026-05-26T11:39:31.823168+00:00,17,5,0,5,카슐랭,,"{""kind"": ""youtube#video"", ""etag"": ""3ZMTYvDA2mPi94fTqvCTcGPDgH4"", ""id"": ""UIOoVdmgCF8"", ""snippet"": {""publishedAt"": ""2026-05-01T11:11:13Z"", ""channelId"": ""UCbmjTG5Hq7qwU1yDlrbOy1A"", ""title"": ""🔴쬰득쬰득 🟤두존쿠보다 🔟배 쬰득해한번 빠지면 정신 못차리지 !! #마닐라 #마닐라맛집 #마닐라카지노 #마닐라프리룸 #마닐라환전#마카티주몽"", ""description"": """", ""thumbnails"": {""default"": {""url"": ""https://i.ytimg.com/vi/UIOoVdmgCF8/default.jpg"", ""width"": 120, ""height"": 90}, ""medium"": {""url"": ""https://i.ytimg.com/vi/UIOoVdmgCF8/mqdefault.jpg"", ""width"": 320, ""height"": 180}, ""high"": {""url"": ""https://i.ytimg.com/vi/UIOoVdmgCF8/hqdefault.jpg"", ""width"": 480, ""height"": 360}, ""standard"": {""url"": ""https://i.ytimg.com/vi/UIOoVdmgCF8/sddefault.jpg"", ""width"": 640, ""height"": 480}, ""maxres"": {""url"": ""https://i.ytimg.com/vi/UIOoVdmgCF8/maxresdefault.jpg"", ""width"": 1280, ""height"": 720}}, ""channelTitle"": ""카슐랭"", ""categoryId"": ""19"", ""liveBroadcastContent"": ""none"", ""defaultLanguage"": ""ko"", ""localized"": {""title"": ""🔴쬰득쬰득 🟤두존쿠보다 🔟배 쬰득해한번 빠지면 정신 못차리지 !! #마닐라 #마닐라맛집 #마닐라카지노 #마닐라프리룸 #마닐라환전#마카티주몽"", ""description"": """"}, ""defaultAudioLanguage"": ""ko""}, ""statistics"": {""viewCount"": ""17"", ""likeCount"": ""5"", ""favoriteCount"": ""0"", ""commentCount"": ""0""}}"
두쫀쿠,preset,두존쿠,0S2WaGySprc,(먹거리이야기2)두존쿠를막아준정체는?,2026-04-26T11:22:50Z,37,2,0,https://www.youtube.com/watch?v=0S2WaGySprc,youtube,두존쿠,typo,0.8,2026-05-26T11:39:31.823168+00:00,37,2,0,2,하민쮸_공식채널 ,,"{""kind"": ""youtube#video"", ""etag"": ""lFdV0AUp2L773GwJbhfHskAzBEY"", ""id"": ""0S2WaGySprc"", ""snippet"": {""publishedAt"": ""2026-04-26T11:22:50Z"", ""channelId"": ""UC9jFGOcrXunTYnq4tCoG1ew"", ""title"": ""(먹거리이야기2)두존쿠를막아준정체는?"", ""description"": """", ""thumbnails"": {""default"": {""url"": ""https://i.ytimg.com/vi/0S2WaGySprc/default.jpg"", ""width"": 120, ""height"": 90}, ""medium"": {""url"": ""https://i.ytimg.com/vi/0S2WaGySprc/mqdefault.jpg"", ""width"": 320, ""height"": 180}, ""high"": {""url"": ""https://i.ytimg.com/vi/0S2WaGySprc/hqdefault.jpg"", ""width"": 480, ""height"": 360}, ""standard"": {""url"": ""https://i.ytimg.com/vi/0S2WaGySprc/sddefault.jpg"", ""width"": 640, ""height"": 480}, ""maxres"": {""url"": ""https://i.ytimg.com/vi/0S2WaGySprc/maxresdefault.jpg"", ""width"": 1280, ""height"": 720}}, ""channelTitle"": ""하민쮸_공식채널 "", ""categoryId"": ""22"", ""liveBroadcastContent"": ""none"", ""defaultLanguage"": ""ko"", ""localized"": {""title"": ""(먹거리이야기2)두존쿠를막아준정체는?"", ""description"": """"}, ""defaultAudioLanguage"": ""ko""}, ""statistics"": {""viewCount"": ""37"", ""likeCount"": ""2"", ""favoriteCount"": ""0""}}"
두쫀쿠,preset,두존쿠,3w18dg4JvmI,연녕생 남매와 두존쿠 만들기 fear. 이마트 두쫀쿠 키트,2026-04-19T08:27:06Z,29,0,0,https://www.youtube.com/watch?v=3w18dg4JvmI,youtube,두존쿠,typo,0.8,2026-05-26T11:39:31.823168+00:00,29,0,0,0,AU STORY_아유스토리,,"{""kind"": ""youtube#video"", ""etag"": ""3vq-_Mb4bEWl9-ttvP9ST1GJz7s"", ""id"": ""3w18dg4JvmI"", ""snippet"": {""publishedAt"": ""2026-04-19T08:27:06Z"", ""channelId"": ""UC_9-h_0xB4spJih1oOAlfJw"", ""title"": ""연녕생 남매와 두존쿠 만들기 fear. 이마트 두쫀쿠 키트"", ""description"": """", ""thumbnails"": {""default"": {""url"": ""https://i.ytimg.com/vi/3w18dg4JvmI/default.jpg"", ""width"": 120, ""height"": 90}, ""medium"": {""url"": ""https://i.ytimg.com/vi/3w18dg4JvmI/mqdefault.jpg"", ""width"": 320, ""height"": 180}, ""high"": {""url"": ""https://i.ytimg.com/vi/3w18dg4JvmI/hqdefault.jpg"", ""width"": 480, ""height"": 360}, ""standard"": {""url"": ""https://i.ytimg.com/vi/3w18dg4JvmI/sddefault.jpg"", ""width"": 640, ""height"": 480}, ""maxres"": {""url"": ""https://i.ytimg.com/vi/3w18dg4JvmI/maxresdefault.jpg"", ""width"": 1280, ""height"": 720}}, ""channelTitle"": ""AU STORY_아유스토리"", ""categoryId"": ""22"", ""liveBroadcastContent"": ""none"", ""defaultLanguage"": ""ko"", ""localized"": {""title"": ""연녕생 남매와 두존쿠 만들기 fear. 이마트 두쫀쿠 키트"", ""description"": """"}, ""defaultAudioLanguage"": ""ko""}, ""statistics"": {""viewCount"": ""29"", ""likeCount"": ""0"", ""favoriteCount"": ""0""}}"
두쫀쿠,preset,두존쿠,b6t9a5jjVGQ,사려쥐 두존쿠,2026-04-16T23:29:29Z,35,3,0,https://www.youtube.com/watch?v=b6t9a5jjVGQ,youtube,두존쿠,typo,0.8,2026-05-26T11:39:31.823168+00:00,35,3,0,3,엘에이치킨 TV,이게 뭐야,"{""kind"": ""youtube#video"", ""etag"": ""_9JdSvtFQ2LMzCoNgG0EYIkPr5k"", ""id"": ""b6t9a5jjVGQ"", ""snippet"": {""publishedAt"": ""2026-04-16T23:29:29Z"", ""channelId"": ""UCA6x3fK4prAld7e-1z6ZWiQ"", ""title"": ""사려쥐 두존쿠"", ""description"": ""이게 뭐야"", ""thumbnails"": {""default"": {""url"": ""https://i.ytimg.com/vi/b6t9a5jjVGQ/default.jpg"", ""width"": 120, ""height"": 90}, ""medium"": {""url"": ""https://i.ytimg.com/vi/b6t9a5jjVGQ/mqdefault.jpg"", ""width"": 320, ""height"": 180}, ""high"": {""url"": ""https://i.ytimg.com/vi/b6t9a5jjVGQ/hqdefault.jpg"", ""width"": 480, ""height"": 360}, ""standard"": {""url"": ""https://i.ytimg.com/vi/b6t9a5jjVGQ/sddefault.jpg"", ""width"": 640, ""height"": 480}, ""maxres"": {""url"": ""https://i.ytimg.com/vi/b6t9a5jjVGQ/maxresdefault.jpg"", ""width"": 1280, ""height"": 720}}, ""channelTitle"": ""엘에이치킨 TV"", ""tags"": [""쇼츠꿈나무"", ""등교쇼츠"", ""초등쇼츠""], ""categoryId"": ""22"", ""liveBroadcastContent"": ""none"", ""defaultLanguage"": ""ko"", ""localized"": {""title"": ""사려쥐 두존쿠"", ""description"": ""이게 뭐야""}, ""defaultAudioLanguage"": ""ko""}, ""statistics"": {""viewCount"": ""35"", ""likeCount"": ""3"", ""favoriteCount"": ""0""}}"
두쫀쿠,preset,두존쿠,0XElfhpW2uw,두존쿠보다 본인이 더 유명하다는 지드래곤 근황ㅋㅋㅋ (반전후기),2026-04-16T21:30:02Z,23546,382,9,https://www.youtube.com/watch?v=0XElfhpW2uw,youtube,두존쿠,typo,0.8,2026-05-26T11:39:31.823168+00:00,23546,382,9,391,엔터 대시보드,"""유명하면 다 사 먹냐""며 츤데레 매력 뽐내던 지디...
별사탕인 줄 알았더니 결국 대성이랑 쫜득쫜득 먹방 완료? 😂
📍 영상 출처:
- G-DRAGON 공식 유튜브 'HANA UNIVERSE' Behind
- 지드래곤 팬미팅 현장 및 커뮤니티
#지드래곤 #GDRAGON #GD #두바이초콜릿쿠키 #두존쿠 #빅뱅 #BIGBANG #대성 #미미미누 #KPOP","{""kind"": ""youtube#video"", ""etag"": ""866Xu2zQ4-94VnNkmeuqMaZE7O0"", ""id"": ""0XElfhpW2uw"", ""snippet"": {""publishedAt"": ""2026-04-16T21:30:02Z"", ""channelId"": ""UCQZx7rb9sSWL3atU3tzTqpQ"", ""title"": ""두존쿠보다 본인이 더 유명하다는 지드래곤 근황ㅋㅋㅋ (반전후기)"", ""description"": ""\""유명하면 다 사 먹냐\""며 츤데레 매력 뽐내던 지디...\n별사탕인 줄 알았더니 결국 대성이랑 쫜득쫜득 먹방 완료? 😂\n📍 영상 출처:\n- G-DRAGON 공식 유튜브 'HANA UNIVERSE' Behind\n- 지드래곤 팬미팅 현장 및 커뮤니티\n#지드래곤 #GDRAGON #GD #두바이초콜릿쿠키 #두존쿠 #빅뱅 #BIGBANG #대성 #미미미누 #KPOP"", ""thumbnails"": {""default"": {""url"": ""https://i.ytimg.com/vi/0XElfhpW2uw/default.jpg"", ""width"": 120, ""height"": 90}, ""medium"": {""url"": ""https://i.ytimg.com/vi/0XElfhpW2uw/mqdefault.jpg"", ""width"": 320, ""height"": 180}, ""high"": {""url"": ""https://i.ytimg.com/vi/0XElfhpW2uw/hqdefault.jpg"", ""width"": 480, ""height"": 360}, ""standard"": {""url"": ""https://i.ytimg.com/vi/0XElfhpW2uw/sddefault.jpg"", ""width"": 640, ""height"": 480}, ""maxres"": {""url"": ""https://i.ytimg.com/vi/0XElfhpW2uw/maxresdefault.jpg"", ""width"": 1280, ""height"": 720}}, ""channelTitle"": ""엔터 대시보드"", ""categoryId"": ""24"", ""liveBroadcastContent"": ""none"", ""defaultLanguage"": ""ko"", ""localized"": {""title"": ""두존쿠보다 본인이 더 유명하다는 지드래곤 근황ㅋㅋㅋ (반전후기)"", ""description"": ""\""유명하면 다 사 먹냐\""며 츤데레 매력 뽐내던 지디...\n별사탕인 줄 알았더니 결국 대성이랑 쫜득쫜득 먹방 완료? 😂\n📍 영상 출처:\n- G-DRAGON 공식 유튜브 'HANA UNIVERSE' Behind\n- 지드래곤 팬미팅 현장 및 커뮤니티\n#지드래곤 #GDRAGON #GD #두바이초콜릿쿠키 #두존쿠 #빅뱅 #BIGBANG #대성 #미미미누 #KPOP""}}, ""statistics"": {""viewCount"": ""23546"", ""likeCount"": ""382"", ""favoriteCount"": ""0"", ""commentCount"": ""9""}}"
두쫀쿠,preset,두존쿠,pxIQkNe27pM,두쫀쿠 두존쿠 두조오온쿠 두바이 쫀쿠 #오유만_쓸수있음,2026-04-14T11:43:30Z,1520,10,0,https://www.youtube.com/watch?v=pxIQkNe27pM,youtube,두존쿠,typo,0.8,2026-05-26T11:39:31.823168+00:00,1520,10,0,10,키나,,"{""kind"": ""youtube#video"", ""etag"": ""he_BZDLCZIbhr_j30n-jJGQaEgM"", ""id"": ""pxIQkNe27pM"", ""snippet"": {""publishedAt"": ""2026-04-14T11:43:30Z"", ""channelId"": ""UCkzvWDVmJgQAiBFLsb2VyMw"", ""title"": ""두쫀쿠 두존쿠 두조오온쿠 두바이 쫀쿠 #오유만_쓸수있음"", ""description"": """", ""thumbnails"": {""default"": {""url"": ""https://i.ytimg.com/vi/pxIQkNe27pM/default.jpg"", ""width"": 120, ""height"": 90}, ""medium"": {""url"": ""https://i.ytimg.com/vi/pxIQkNe27pM/mqdefault.jpg"", ""width"": 320, ""height"": 180}, ""high"": {""url"": ""https://i.ytimg.com/vi/pxIQkNe27pM/hqdefault.jpg"", ""width"": 480, ""height"": 360}, ""standard"": {""url"": ""https://i.ytimg.com/vi/pxIQkNe27pM/sddefault.jpg"", ""width"": 640, ""height"": 480}, ""maxres"": {""url"": ""https://i.ytimg.com/vi/pxIQkNe27pM/maxresdefault.jpg"", ""width"": 1280, ""height"": 720}}, ""channelTitle"": ""키나"", ""categoryId"": ""22"", ""liveBroadcastContent"": ""none"", ""defaultLanguage"": ""ko"", ""localized"": {""title"": ""두쫀쿠 두존쿠 두조오온쿠 두바이 쫀쿠 #오유만_쓸수있음"", ""description"": """"}}, ""statistics"": {""viewCount"": ""1520"", ""likeCount"": ""10"", ""favoriteCount"": ""0"", ""commentCount"": ""0""}}"
두쫀쿠,preset,두존쿠,JpX9HFbVtFA,2026년 4월 8일 다양한 (스틱과  두존쿠),2026-04-08T09:48:12Z,276,6,0,https://www.youtube.com/watch?v=JpX9HFbVtFA,youtube,두존쿠,typo,0.8,2026-05-26T11:39:31.823168+00:00,276,6,0,6, 빵박사,,"{""kind"": ""youtube#video"", ""etag"": ""8CeTc25DAQQikxV60kVbeMvaZnM"", ""id"": ""JpX9HFbVtFA"", ""snippet"": {""publishedAt"": ""2026-04-08T09:48:12Z"", ""channelId"": ""UCqtK0WaMG5wRR_j0O2c5Asw"", ""title"": ""2026년 4월 8일 다양한 (스틱과  두존쿠)"", ""description"": """", ""thumbnails"": {""default"": {""url"": ""https://i.ytimg.com/vi/JpX9HFbVtFA/default.jpg"", ""width"": 120, ""height"": 90}, ""medium"": {""url"": ""https://i.ytimg.com/vi/JpX9HFbVtFA/mqdefault.jpg"", ""width"": 320, ""height"": 180}, ""high"": {""url"": ""https://i.ytimg.com/vi/JpX9HFbVtFA/hqdefault.jpg"", ""width"": 480, ""height"": 360}, ""standard"": {""url"": ""https://i.ytimg.com/vi/JpX9HFbVtFA/sddefault.jpg"", ""width"": 640, ""height"": 480}, ""maxres"": {""url"": ""https://i.ytimg.com/vi/JpX9HFbVtFA/maxresdefault.jpg"", ""width"": 1280, ""height"": 720}}, ""channelTitle"": "" 빵박사"", ""categoryId"": ""26"", ""liveBroadcastContent"": ""none"", ""defaultLanguage"": ""ko"", ""localized"": {""title"": ""2026년 4월 8일 다양한 (스틱과  두존쿠)"", ""description"": """"}}, ""statistics"": {""viewCount"": ""276"", ""likeCount"": ""6"", ""favoriteCount"": ""0"", ""commentCount"": ""0""}}"
두쫀쿠,preset,두존쿠,rtCowCeu4SY,Oh my~ 두존쿠?버터떡? Why is this here? Korean-style cookie cafe run by a 🇰🇷🇭🇰couple😊#Thaodien#koreancafe,2026-04-07T12:48:49Z,45,2,0,https://www.youtube.com/watch?v=rtCowCeu4SY,youtube,두존쿠,typo,0.8,2026-05-26T11:39:31.823168+00:00,45,2,0,2,Hey Daisy,,"{""kind"": ""youtube#video"", ""etag"": ""hz0zBinGTz2pTajzcEbA327rlNw"", ""id"": ""rtCowCeu4SY"", ""snippet"": {""publishedAt"": ""2026-04-07T12:48:49Z"", ""channelId"": ""UCQTqa0OkouWR2pTDFn1R90Q"", ""title"": ""Oh my~ 두존쿠?버터떡? Why is this here? Korean-style cookie cafe run by a 🇰🇷🇭🇰couple😊#Thaodien#koreancafe"", ""description"": """", ""thumbnails"": {""default"": {""url"": ""https://i.ytimg.com/vi/rtCowCeu4SY/default.jpg"", ""width"": 120, ""height"": 90}, ""medium"": {""url"": ""https://i.ytimg.com/vi/rtCowCeu4SY/mqdefault.jpg"", ""width"": 320, ""height"": 180}, ""high"": {""url"": ""https://i.ytimg.com/vi/rtCowCeu4SY/hqdefault.jpg"", ""width"": 480, ""height"": 360}, ""standard"": {""url"": ""https://i.ytimg.com/vi/rtCowCeu4SY/sddefault.jpg"", ""width"": 640, ""height"": 480}, ""maxres"": {""url"": ""https://i.ytimg.com/vi/rtCowCeu4SY/maxresdefault.jpg"", ""width"": 1280, ""height"": 720}}, ""channelTitle"": ""Hey Daisy"", ""categoryId"": ""22"", ""liveBroadcastContent"": ""none"", ""defaultLanguage"": ""ko"", ""localized"": {""title"": ""Oh my~ 두존쿠?버터떡? Why is this here? Korean-style cookie cafe run by a 🇰🇷🇭🇰couple😊#Thaodien#koreancafe"", ""description"": """"}, ""defaultAudioLanguage"": ""ko""}, ""statistics"": {""viewCount"": ""45"", ""likeCount"": ""2"", ""favoriteCount"": ""0"", ""commentCount"": ""0""}}"
두쫀쿠,preset,두존쿠,WfXYI33cJQk,두존쿠 유행 아니라니까?,2026-04-07T09:15:03Z,328550,3465,115,https://www.youtube.com/watch?v=WfXYI33cJQk,youtube,두존쿠,typo,0.8,2026-05-26T11:39:31.823168+00:00,328550,3465,115,3580,예콩이네,,"{""kind"": ""youtube#video"", ""etag"": ""xiE8MmhRx0Y5d_ewHIUm_RMz1NA"", ""id"": ""WfXYI33cJQk"", ""snippet"": {""publishedAt"": ""2026-04-07T09:15:03Z"", ""channelId"": ""UCZ55qC4VYhtjcadp4wO5Wwg"", ""title"": ""두존쿠 유행 아니라니까?"", ""description"": """", ""thumbnails"": {""default"": {""url"": ""https://i.ytimg.com/vi/WfXYI33cJQk/default.jpg"", ""width"": 120, ""height"": 90}, ""medium"": {""url"": ""https://i.ytimg.com/vi/WfXYI33cJQk/mqdefault.jpg"", ""width"": 320, ""height"": 180}, ""high"": {""url"": ""https://i.ytimg.com/vi/WfXYI33cJQk/hqdefault.jpg"", ""width"": 480, ""height"": 360}, ""standard"": {""url"": ""https://i.ytimg.com/vi/WfXYI33cJQk/sddefault.jpg"", ""width"": 640, ""height"": 480}, ""maxres"": {""url"": ""https://i.ytimg.com/vi/WfXYI33cJQk/maxresdefault.jpg"", ""width"": 1280, ""height"": 720}}, ""channelTitle"": ""예콩이네"", ""categoryId"": ""22"", ""liveBroadcastContent"": ""none"", ""defaultLanguage"": ""ko"", ""localized"": {""title"": ""두존쿠 유행 아니라니까?"", ""description"": """"}, ""defaultAudioLanguage"": ""ko""}, ""statistics"": {""viewCount"": ""328550"", ""likeCount"": ""3465"", ""favoriteCount"": ""0"", ""commentCount"": ""115""}}"
두쫀쿠,preset,두존쿠,e_6igwstfhI,"두존쿠, 열풍 사라졌다고요 다행입니다! 콰작 소리에 속아 당신의 췌장이 박살 나고 있었거든요  오늘 두존쿠 속 치명적인 독 3가지, 빠르게 패드립니다! #두존쿠 #건강꿀팁",2026-04-06T09:00:51Z,971,6,0,https://www.youtube.com/watch?v=e_6igwstfhI,youtube,두존쿠,typo,0.8,2026-05-26T11:39:31.823168+00:00,971,6,0,6,건강한걸음,"""바삭함에 속아 당신의 혈관이 끈적해지고 있습니다.""

지금 유튜버들 다 먹는다고 무턱대고 한 입 베어 물지 마세요.
그 속에 숨겨진 정제 탄수화물과 액상과당의 공격은 상상 초월입니다.

⚠️ 미르미디어가 경고하는 두존쿠 속 치명적 독 3가지
1️⃣ '혈당 스파이크'의 주범, 튀긴 밀가루 면(카다이프)!
2️⃣ 혈관 염증 일으키는 가공 버터와 식물성 크림!
3️⃣ 뇌를 마비시키는 엄청난 양의 첨가당!

맛있다고 다 먹다가 병원비가 더 나옵니다. 제발 알고 드세요!
여러분의 췌장은 소중합니다. 미르미디어 구독하고 혈당 지키세요!

 #두바이초콜릿 #혈당스파이크 #당뇨식단 #쇼츠떡상","{""kind"": ""youtube#video"", ""etag"": ""BUH2_IVPhmkALtEvN-yYz6ZAoO8"", ""id"": ""e_6igwstfhI"", ""snippet"": {""publishedAt"": ""2026-04-06T09:00:51Z"", ""channelId"": ""UCry_sqgcdoz8lGwDQPjlqlg"", ""title"": ""두존쿠, 열풍 사라졌다고요 다행입니다! 콰작 소리에 속아 당신의 췌장이 박살 나고 있었거든요  오늘 두존쿠 속 치명적인 독 3가지, 빠르게 패드립니다! #두존쿠 #건강꿀팁"", ""description"": ""\""바삭함에 속아 당신의 혈관이 끈적해지고 있습니다.\""\n\n지금 유튜버들 다 먹는다고 무턱대고 한 입 베어 물지 마세요.\n그 속에 숨겨진 정제 탄수화물과 액상과당의 공격은 상상 초월입니다.\n\n⚠️ 미르미디어가 경고하는 두존쿠 속 치명적 독 3가지\n1️⃣ '혈당 스파이크'의 주범, 튀긴 밀가루 면(카다이프)!\n2️⃣ 혈관 염증 일으키는 가공 버터와 식물성 크림!\n3️⃣ 뇌를 마비시키는 엄청난 양의 첨가당!\n\n맛있다고 다 먹다가 병원비가 더 나옵니다. 제발 알고 드세요!\n여러분의 췌장은 소중합니다. 미르미디어 구독하고 혈당 지키세요!\n\n #두바이초콜릿 #혈당스파이크 #당뇨식단 #쇼츠떡상"", ""thumbnails"": {""default"": {""url"": ""https://i.ytimg.com/vi/e_6igwstfhI/default.jpg"", ""width"": 120, ""height"": 90}, ""medium"": {""url"": ""https://i.ytimg.com/vi/e_6igwstfhI/mqdefault.jpg"", ""width"": 320, ""height"": 180}, ""high"": {""url"": ""https://i.ytimg.com/vi/e_6igwstfhI/hqdefault.jpg"", ""width"": 480, ""height"": 360}, ""standard"": {""url"": ""https://i.ytimg.com/vi/e_6igwstfhI/sddefault.jpg"", ""width"": 640, ""height"": 480}, ""maxres"": {""url"": ""https://i.ytimg.com/vi/e_6igwstfhI/maxresdefault.jpg"", ""width"": 1280, ""height"": 720}}, ""channelTitle"": ""건강한걸음"", ""tags"": [""시니어 건강"", ""음식 궁합"", ""식재료 효능"", ""음식 상극"", ""상극 조합"", ""약초 효능"", ""몸에 좋은 음식"", ""건강 식재료"", ""중년 건강"", ""시니어 식단"", ""전통 약선"", ""궁중 비법"", ""면역 건강"", ""KoreanHealth SeniorHealth Korean senior health Traditional Korean health Korean medicine for seniors"", ""#건강정보\n#음식궁합\n#건강상식""], ""categoryId"": ""27"", ""liveBroadcastContent"": ""none"", ""defaultLanguage"": ""ko"", ""localized"": {""title"": ""두존쿠, 열풍 사라졌다고요 다행입니다! 콰작 소리에 속아 당신의 췌장이 박살 나고 있었거든요  오늘 두존쿠 속 치명적인 독 3가지, 빠르게 패드립니다! #두존쿠 #건강꿀팁"", ""description"": ""\""바삭함에 속아 당신의 혈관이 끈적해지고 있습니다.\""\n\n지금 유튜버들 다 먹는다고 무턱대고 한 입 베어 물지 마세요.\n그 속에 숨겨진 정제 탄수화물과 액상과당의 공격은 상상 초월입니다.\n\n⚠️ 미르미디어가 경고하는 두존쿠 속 치명적 독 3가지\n1️⃣ '혈당 스파이크'의 주범, 튀긴 밀가루 면(카다이프)!\n2️⃣ 혈관 염증 일으키는 가공 버터와 식물성 크림!\n3️⃣ 뇌를 마비시키는 엄청난 양의 첨가당!\n\n맛있다고 다 먹다가 병원비가 더 나옵니다. 제발 알고 드세요!\n여러분의 췌장은 소중합니다. 미르미디어 구독하고 혈당 지키세요!\n\n #두바이초콜릿 #혈당스파이크 #당뇨식단 #쇼츠떡상""}, ""defaultAudioLanguage"": ""ko""}, ""statistics"": {""viewCount"": ""971"", ""likeCount"": ""6"", ""favoriteCount"": ""0"", ""commentCount"": ""0""}}"
두쫀쿠,preset,두존쿠,Njp8Qp8XcuE,#두존쿠#두바이존득쿠키#장원영의 두존쿠,2026-04-04T03:34:46Z,399,5,0,https://www.youtube.com/watch?v=Njp8Qp8XcuE,youtube,두존쿠,typo,0.8,2026-05-26T11:39:31.823168+00:00,399,5,0,5,🇰🇷DOHEE,,"{""kind"": ""youtube#video"", ""etag"": ""wuRw3GYUoZpkSzX3m0rt26dauYY"", ""id"": ""Njp8Qp8XcuE"", ""snippet"": {""publishedAt"": ""2026-04-04T03:34:46Z"", ""channelId"": ""UC7qra1G_B8uNDh0i3OJPqmw"", ""title"": ""#두존쿠#두바이존득쿠키#장원영의 두존쿠"", ""description"": """", ""thumbnails"": {""default"": {""url"": ""https://i.ytimg.com/vi/Njp8Qp8XcuE/default.jpg"", ""width"": 120, ""height"": 90}, ""medium"": {""url"": ""https://i.ytimg.com/vi/Njp8Qp8XcuE/mqdefault.jpg"", ""width"": 320, ""height"": 180}, ""high"": {""url"": ""https://i.ytimg.com/vi/Njp8Qp8XcuE/hqdefault.jpg"", ""width"": 480, ""height"": 360}, ""standard"": {""url"": ""https://i.ytimg.com/vi/Njp8Qp8XcuE/sddefault.jpg"", ""width"": 640, ""height"": 480}, ""maxres"": {""url"": ""https://i.ytimg.com/vi/Njp8Qp8XcuE/maxresdefault.jpg"", ""width"": 1280, ""height"": 720}}, ""channelTitle"": ""🇰🇷DOHEE"", ""categoryId"": ""22"", ""liveBroadcastContent"": ""none"", ""defaultLanguage"": ""ko"", ""localized"": {""title"": ""#두존쿠#두바이존득쿠키#장원영의 두존쿠"", ""description"": """"}, ""defaultAudioLanguage"": ""en""}, ""statistics"": {""viewCount"": ""399"", ""likeCount"": ""5"", ""favoriteCount"": ""0"", ""commentCount"": ""0""}}"
두쫀쿠,preset,두존쿠,aGhFbXofvJ4,두쫀쿠 말고 딸존쿠 Strawberry Dubai Chewy Cookies #dessert #dubai_chocolate,2026-04-01T15:32:34Z,269,0,0,https://www.youtube.com/watch?v=aGhFbXofvJ4,youtube,두존쿠,typo,0.8,2026-05-26T11:39:31.823168+00:00,269,0,0,0,SANGSANG TABLE 상상테이블,#dessert #dubai_dessert #dubai_chocolate,"{""kind"": ""youtube#video"", ""etag"": ""rRbiqn4IIPlC7Cx5vU9xqVNyUkc"", ""id"": ""aGhFbXofvJ4"", ""snippet"": {""publishedAt"": ""2026-04-01T15:32:34Z"", ""channelId"": ""UCzI5YtmvWadwRamZ7-fpImQ"", ""title"": ""두쫀쿠 말고 딸존쿠 Strawberry Dubai Chewy Cookies #dessert #dubai_chocolate"", ""description"": ""#dessert #dubai_dessert #dubai_chocolate"", ""thumbnails"": {""default"": {""url"": ""https://i.ytimg.com/vi/aGhFbXofvJ4/default.jpg"", ""width"": 120, ""height"": 90}, ""medium"": {""url"": ""https://i.ytimg.com/vi/aGhFbXofvJ4/mqdefault.jpg"", ""width"": 320, ""height"": 180}, ""high"": {""url"": ""https://i.ytimg.com/vi/aGhFbXofvJ4/hqdefault.jpg"", ""width"": 480, ""height"": 360}, ""standard"": {""url"": ""https://i.ytimg.com/vi/aGhFbXofvJ4/sddefault.jpg"", ""width"": 640, ""height"": 480}, ""maxres"": {""url"": ""https://i.ytimg.com/vi/aGhFbXofvJ4/maxresdefault.jpg"", ""width"": 1280, ""height"": 720}}, ""channelTitle"": ""SANGSANG TABLE 상상테이블"", ""categoryId"": ""22"", ""liveBroadcastContent"": ""none"", ""defaultLanguage"": ""en-US"", ""localized"": {""title"": ""두쫀쿠 말고 딸존쿠 Strawberry Dubai Chewy Cookies #dessert #dubai_chocolate"", ""description"": ""#dessert #dubai_dessert #dubai_chocolate""}, ""defaultAudioLanguage"": ""en""}, ""statistics"": {""viewCount"": ""269"", ""likeCount"": ""0"", ""favoriteCount"": ""0"", ""commentCount"": ""0""}}"
두쫀쿠,preset,두존쿠,fCw8D1Ztw3w,이렇게 잘 먹는 여자는 어때? 두존쿠 털이범들의 하루랄까..,2026-04-01T12:53:31Z,328,9,7,https://www.youtube.com/watch?v=fCw8D1Ztw3w,youtube,두존쿠,typo,0.8,2026-05-26T11:39:31.823168+00:00,328,9,7,16,유켱이요,"안녕하세요 여러분 생리전이라서 먹신이 제대로 들렸더라구요..
그래서 그냥 많이 먹었습니다. 두쫀쿠 뒷북도 제대로 빠졌구요..

저의 행복은 맛있는 음식 먹는게 큰 행복이에오... 하하 
마지막은 그래더 러닝으로 죄책감을 덜어냈습니다
생리 끝나고는 정말 열심히 운동 해볼게요? 저 다짐했거던요.
건강한 돼지 되어볼게요.. ㅎㅎ","{""kind"": ""youtube#video"", ""etag"": ""3RV5-B3WYKNwoqlfNdpsJIbQIWM"", ""id"": ""fCw8D1Ztw3w"", ""snippet"": {""publishedAt"": ""2026-04-01T12:53:31Z"", ""channelId"": ""UCDtRLfUzv427PIhC6m5bVVg"", ""title"": ""이렇게 잘 먹는 여자는 어때? 두존쿠 털이범들의 하루랄까.."", ""description"": ""안녕하세요 여러분 생리전이라서 먹신이 제대로 들렸더라구요..\n그래서 그냥 많이 먹었습니다. 두쫀쿠 뒷북도 제대로 빠졌구요..\n\n저의 행복은 맛있는 음식 먹는게 큰 행복이에오... 하하 \n마지막은 그래더 러닝으로 죄책감을 덜어냈습니다\n생리 끝나고는 정말 열심히 운동 해볼게요? 저 다짐했거던요.\n건강한 돼지 되어볼게요.. ㅎㅎ"", ""thumbnails"": {""default"": {""url"": ""https://i.ytimg.com/vi/fCw8D1Ztw3w/default.jpg"", ""width"": 120, ""height"": 90}, ""medium"": {""url"": ""https://i.ytimg.com/vi/fCw8D1Ztw3w/mqdefault.jpg"", ""width"": 320, ""height"": 180}, ""high"": {""url"": ""https://i.ytimg.com/vi/fCw8D1Ztw3w/hqdefault.jpg"", ""width"": 480, ""height"": 360}, ""standard"": {""url"": ""https://i.ytimg.com/vi/fCw8D1Ztw3w/sddefault.jpg"", ""width"": 640, ""height"": 480}, ""maxres"": {""url"": ""https://i.ytimg.com/vi/fCw8D1Ztw3w/maxresdefault.jpg"", ""width"": 1280, ""height"": 720}}, ""channelTitle"": ""유켱이요"", ""tags"": [""브이로그"", ""vlog"", ""다이어트"", ""다이어트브이로그"", ""다이어트vlog"", ""다이어트식단"", ""여자하체운동"", ""운동브이로그"", ""여자헬스루틴"", ""workout"", ""망원맛집"", ""러닝브이로그"", ""한강러닝"", ""올웨이즈어거스트"", ""카페추천"", ""누하우스"", ""푸어링아웃"", ""맛집추천"", ""생리전"", ""산이네회무침"", ""먹방"", ""먹방브이로그"", ""서촌데이트코스"", ""서촌데이트"", ""에이치커피"", ""서촌카페""], ""categoryId"": ""22"", ""liveBroadcastContent"": ""none"", ""defaultLanguage"": ""ko"", ""localized"": {""title"": ""이렇게 잘 먹는 여자는 어때? 두존쿠 털이범들의 하루랄까.."", ""description"": ""안녕하세요 여러분 생리전이라서 먹신이 제대로 들렸더라구요..\n그래서 그냥 많이 먹었습니다. 두쫀쿠 뒷북도 제대로 빠졌구요..\n\n저의 행복은 맛있는 음식 먹는게 큰 행복이에오... 하하 \n마지막은 그래더 러닝으로 죄책감을 덜어냈습니다\n생리 끝나고는 정말 열심히 운동 해볼게요? 저 다짐했거던요.\n건강한 돼지 되어볼게요.. ㅎㅎ""}}, ""statistics"": {""viewCount"": ""328"", ""likeCount"": ""9"", ""favoriteCount"": ""0"", ""commentCount"": ""7""}}"
두쫀쿠,preset,두존쿠,ephQ-r6hSUQ,열심히 만든 두존쿠가 날아오르는 숲(금천 숲체험학습),2026-03-31T09:50:40Z,1264,3,0,https://www.youtube.com/watch?v=ephQ-r6hSUQ,youtube,두존쿠,typo,0.8,2026-05-26T11:39:31.823168+00:00,1264,3,0,3,날것 그대로의 숲,"열심히 만든 두존쿠가 날아오르는 숲(금천 숲체험학습)

#shorts #숲체험 #숲학교 #숲교실 #숲교육 #자연체험 #자연학교 #자연교실 #자연교육 #아이들체험 #숲놀이 #자연놀이  #클립챌린저   #forestschooleducation #열심 #열심히 #만든 #두존쿠 #날아오르는 #날아오르는숲 #금천숲체험학습 #금천구숲체험학습","{""kind"": ""youtube#video"", ""etag"": ""SS_Kk3gdO18kgIM-gCR3esQVfEM"", ""id"": ""ephQ-r6hSUQ"", ""snippet"": {""publishedAt"": ""2026-03-31T09:50:40Z"", ""channelId"": ""UCcSdVhRKN7ET6eOAdzMVuVA"", ""title"": ""열심히 만든 두존쿠가 날아오르는 숲(금천 숲체험학습)"", ""description"": ""열심히 만든 두존쿠가 날아오르는 숲(금천 숲체험학습)\n\n#shorts #숲체험 #숲학교 #숲교실 #숲교육 #자연체험 #자연학교 #자연교실 #자연교육 #아이들체험 #숲놀이 #자연놀이  #클립챌린저   #forestschooleducation #열심 #열심히 #만든 #두존쿠 #날아오르는 #날아오르는숲 #금천숲체험학습 #금천구숲체험학습"", ""thumbnails"": {""default"": {""url"": ""https://i.ytimg.com/vi/ephQ-r6hSUQ/default.jpg"", ""width"": 120, ""height"": 90}, ""medium"": {""url"": ""https://i.ytimg.com/vi/ephQ-r6hSUQ/mqdefault.jpg"", ""width"": 320, ""height"": 180}, ""high"": {""url"": ""https://i.ytimg.com/vi/ephQ-r6hSUQ/hqdefault.jpg"", ""width"": 480, ""height"": 360}, ""standard"": {""url"": ""https://i.ytimg.com/vi/ephQ-r6hSUQ/sddefault.jpg"", ""width"": 640, ""height"": 480}, ""maxres"": {""url"": ""https://i.ytimg.com/vi/ephQ-r6hSUQ/maxresdefault.jpg"", ""width"": 1280, ""height"": 720}}, ""channelTitle"": ""날것 그대로의 숲"", ""categoryId"": ""27"", ""liveBroadcastContent"": ""none"", ""defaultLanguage"": ""ko"", ""localized"": {""title"": ""열심히 만든 두존쿠가 날아오르는 숲(금천 숲체험학습)"", ""description"": ""열심히 만든 두존쿠가 날아오르는 숲(금천 숲체험학습)\n\n#shorts #숲체험 #숲학교 #숲교실 #숲교육 #자연체험 #자연학교 #자연교실 #자연교육 #아이들체험 #숲놀이 #자연놀이  #클립챌린저   #forestschooleducation #열심 #열심히 #만든 #두존쿠 #날아오르는 #날아오르는숲 #금천숲체험학습 #금천구숲체험학습""}, ""defaultAudioLanguage"": ""ko""}, ""statistics"": {""viewCount"": ""1264"", ""likeCount"": ""3"", ""favoriteCount"": ""0""}}"
두쫀쿠,preset,두존쿠,IN8getrCSMk,어른들의  두존쿠??,2026-03-30T13:15:13Z,450,0,1,https://www.youtube.com/watch?v=IN8getrCSMk,youtube,두존쿠,typo,0.8,2026-05-26T11:39:31.823168+00:00,450,0,1,1,무창포 뉴천일호,,"{""kind"": ""youtube#video"", ""etag"": ""RUnLJYy6LPEMNOnDyoO5rotA_Kw"", ""id"": ""IN8getrCSMk"", ""snippet"": {""publishedAt"": ""2026-03-30T13:15:13Z"", ""channelId"": ""UCK03oKN0jZw3ap7EOeOc3ag"", ""title"": ""어른들의  두존쿠??"", ""description"": """", ""thumbnails"": {""default"": {""url"": ""https://i.ytimg.com/vi/IN8getrCSMk/default.jpg"", ""width"": 120, ""height"": 90}, ""medium"": {""url"": ""https://i.ytimg.com/vi/IN8getrCSMk/mqdefault.jpg"", ""width"": 320, ""height"": 180}, ""high"": {""url"": ""https://i.ytimg.com/vi/IN8getrCSMk/hqdefault.jpg"", ""width"": 480, ""height"": 360}, ""standard"": {""url"": ""https://i.ytimg.com/vi/IN8getrCSMk/sddefault.jpg"", ""width"": 640, ""height"": 480}, ""maxres"": {""url"": ""https://i.ytimg.com/vi/IN8getrCSMk/maxresdefault.jpg"", ""width"": 1280, ""height"": 720}}, ""channelTitle"": ""무창포 뉴천일호"", ""categoryId"": ""22"", ""liveBroadcastContent"": ""none"", ""defaultLanguage"": ""ko"", ""localized"": {""title"": ""어른들의  두존쿠??"", ""description"": """"}, ""defaultAudioLanguage"": ""ko""}, ""statistics"": {""viewCount"": ""450"", ""likeCount"": ""0"", ""favoriteCount"": ""0"", ""commentCount"": ""1""}}"
두쫀쿠,preset,두존쿠,dUCh4ptZF70,#편의점 두존쿠#강아지영상 #귀여운강아지,2026-03-29T01:54:14Z,1,2,0,https://www.youtube.com/watch?v=dUCh4ptZF70,youtube,두존쿠,typo,0.8,2026-05-26T11:39:31.823168+00:00,1,2,0,2,건이 씨,,"{""kind"": ""youtube#video"", ""etag"": ""yOsOwFY4E2sOIFP8NUClAq-iX90"", ""id"": ""dUCh4ptZF70"", ""snippet"": {""publishedAt"": ""2026-03-29T01:54:14Z"", ""channelId"": ""UCMd4RyeWVv5UREaXp9ESfdA"", ""title"": ""#편의점 두존쿠#강아지영상 #귀여운강아지"", ""description"": """", ""thumbnails"": {""default"": {""url"": ""https://i.ytimg.com/vi/dUCh4ptZF70/default.jpg"", ""width"": 120, ""height"": 90}, ""medium"": {""url"": ""https://i.ytimg.com/vi/dUCh4ptZF70/mqdefault.jpg"", ""width"": 320, ""height"": 180}, ""high"": {""url"": ""https://i.ytimg.com/vi/dUCh4ptZF70/hqdefault.jpg"", ""width"": 480, ""height"": 360}, ""standard"": {""url"": ""https://i.ytimg.com/vi/dUCh4ptZF70/sddefault.jpg"", ""width"": 640, ""height"": 480}, ""maxres"": {""url"": ""https://i.ytimg.com/vi/dUCh4ptZF70/maxresdefault.jpg"", ""width"": 1280, ""height"": 720}}, ""channelTitle"": ""건이 씨"", ""categoryId"": ""22"", ""liveBroadcastContent"": ""none"", ""defaultLanguage"": ""ko"", ""localized"": {""title"": ""#편의점 두존쿠#강아지영상 #귀여운강아지"", ""description"": """"}}, ""statistics"": {""viewCount"": ""1"", ""likeCount"": ""2"", ""favoriteCount"": ""0"", ""commentCount"": ""0""}}"
두쫀쿠,preset,두존쿠,nzpyw5AwFK4,두존쿠(Dubai Chewy Cookies),2026-03-28T17:13:45Z,68,1,0,https://www.youtube.com/watch?v=nzpyw5AwFK4,youtube,두존쿠,typo,0.8,2026-05-26T11:39:31.823168+00:00,68,1,0,1,1TWOSIX - Topic,"Provided to YouTube by DistroKid

두존쿠(Dubai Chewy Cookies) · 1TWOSIX

두존쿠(Dubai Chewy Cookies)

℗ 9546263 Records DK

Released on: 2026-03-28

Auto-generated by YouTube.","{""kind"": ""youtube#video"", ""etag"": ""hV1bQJJCyI3tnZa1fPgJKtV-jgk"", ""id"": ""nzpyw5AwFK4"", ""snippet"": {""publishedAt"": ""2026-03-28T17:13:45Z"", ""channelId"": ""UCSlrI3Mu0CEUhgZxsVgsQhQ"", ""title"": ""두존쿠(Dubai Chewy Cookies)"", ""description"": ""Provided to YouTube by DistroKid\n\n두존쿠(Dubai Chewy Cookies) · 1TWOSIX\n\n두존쿠(Dubai Chewy Cookies)\n\n℗ 9546263 Records DK\n\nReleased on: 2026-03-28\n\nAuto-generated by YouTube."", ""thumbnails"": {""default"": {""url"": ""https://i.ytimg.com/vi/nzpyw5AwFK4/default.jpg"", ""width"": 120, ""height"": 90}, ""medium"": {""url"": ""https://i.ytimg.com/vi/nzpyw5AwFK4/mqdefault.jpg"", ""width"": 320, ""height"": 180}, ""high"": {""url"": ""https://i.ytimg.com/vi/nzpyw5AwFK4/hqdefault.jpg"", ""width"": 480, ""height"": 360}, ""standard"": {""url"": ""https://i.ytimg.com/vi/nzpyw5AwFK4/sddefault.jpg"", ""width"": 640, ""height"": 480}, ""maxres"": {""url"": ""https://i.ytimg.com/vi/nzpyw5AwFK4/maxresdefault.jpg"", ""width"": 1280, ""height"": 720}}, ""channelTitle"": ""1TWOSIX - Topic"", ""tags"": [""1TWOSIX"", ""두존쿠(Dubai Chewy Cookies)""], ""categoryId"": ""10"", ""liveBroadcastContent"": ""none"", ""defaultLanguage"": ""ko"", ""localized"": {""title"": ""두존쿠(Dubai Chewy Cookies)"", ""description"": ""Provided to YouTube by DistroKid\n\n두존쿠(Dubai Chewy Cookies) · 1TWOSIX\n\n두존쿠(Dubai Chewy Cookies)\n\n℗ 9546263 Records DK\n\nReleased on: 2026-03-28\n\nAuto-generated by YouTube.""}}, ""statistics"": {""viewCount"": ""68"", ""likeCount"": ""1"", ""favoriteCount"": ""0"", ""commentCount"": ""0""}}"
두쫀쿠,preset,두존쿠,K-u7W1oPcuE,버터떡+두존쿠+봄동 = 뇌 OFF 춤 ON 🤣🔥#버터떡 챌린지 #각종유머 #짤 #cute #댄스왕,2026-03-28T03:55:38Z,345,7,0,https://www.youtube.com/watch?v=K-u7W1oPcuE,youtube,두존쿠,typo,0.8,2026-05-26T11:39:31.823168+00:00,345,7,0,7,뚱개그,,"{""kind"": ""youtube#video"", ""etag"": ""HqpzFV9aG7tEtGxB2Z-p9PRsYmE"", ""id"": ""K-u7W1oPcuE"", ""snippet"": {""publishedAt"": ""2026-03-28T03:55:38Z"", ""channelId"": ""UCR--4KOKO5tkx-l9sGxkVVw"", ""title"": ""버터떡+두존쿠+봄동 = 뇌 OFF 춤 ON 🤣🔥#버터떡 챌린지 #각종유머 #짤 #cute #댄스왕"", ""description"": """", ""thumbnails"": {""default"": {""url"": ""https://i.ytimg.com/vi/K-u7W1oPcuE/default.jpg"", ""width"": 120, ""height"": 90}, ""medium"": {""url"": ""https://i.ytimg.com/vi/K-u7W1oPcuE/mqdefault.jpg"", ""width"": 320, ""height"": 180}, ""high"": {""url"": ""https://i.ytimg.com/vi/K-u7W1oPcuE/hqdefault.jpg"", ""width"": 480, ""height"": 360}, ""standard"": {""url"": ""https://i.ytimg.com/vi/K-u7W1oPcuE/sddefault.jpg"", ""width"": 640, ""height"": 480}, ""maxres"": {""url"": ""https://i.ytimg.com/vi/K-u7W1oPcuE/maxresdefault.jpg"", ""width"": 1280, ""height"": 720}}, ""channelTitle"": ""뚱개그"", ""categoryId"": ""22"", ""liveBroadcastContent"": ""none"", ""defaultLanguage"": ""ko"", ""localized"": {""title"": ""버터떡+두존쿠+봄동 = 뇌 OFF 춤 ON 🤣🔥#버터떡 챌린지 #각종유머 #짤 #cute #댄스왕"", ""description"": """"}, ""defaultAudioLanguage"": ""ko""}, ""statistics"": {""viewCount"": ""345"", ""likeCount"": ""7"", ""favoriteCount"": ""0"", ""commentCount"": ""0""}}"
두쫀쿠,preset,두존쿠,e30AzMgaZbI,말존쿠까지 등장? 두존쿠 세계관 근황 ㄷㄷ,2026-03-27T09:00:45Z,1383,5,0,https://www.youtube.com/watch?v=e30AzMgaZbI,youtube,두존쿠,typo,0.8,2026-05-26T11:39:31.823168+00:00,1383,5,0,5,BabyUncle응애저씨,"길거리부터 마트까지.. 이제 '두존쿠'가 없는 곳이 없네요 😂
한 시대를 풍미했던 두존쿠의 시대는 과연 이렇게 막을 내리는 걸까요?
여러분이 생각하는 다음 유행템은 무엇인가요? 댓글로 알려주세요!
​영상이 재미있으셨다면 '구독'과 '좋아요'는 저에게 작은 성취가 됩니다.
하이픈으로 응애저씨를 응원해 주세요! 👶✨
더 재미있고 유쾌한 일상 영상으로 찾아오겠습니다!
​#두쫀쿠 #말쫀쿠 #유행템 #일상 #유머 #응애저씨 #쇼츠 #Shorts #공감 #길거리탐방 #트렌드","{""kind"": ""youtube#video"", ""etag"": ""B9sK__4KisWFkxhJSwb1MjHHJzE"", ""id"": ""e30AzMgaZbI"", ""snippet"": {""publishedAt"": ""2026-03-27T09:00:45Z"", ""channelId"": ""UCC054dVmAidouRLlJPin5pA"", ""title"": ""말존쿠까지 등장? 두존쿠 세계관 근황 ㄷㄷ"", ""description"": ""길거리부터 마트까지.. 이제 '두존쿠'가 없는 곳이 없네요 😂\n한 시대를 풍미했던 두존쿠의 시대는 과연 이렇게 막을 내리는 걸까요?\n여러분이 생각하는 다음 유행템은 무엇인가요? 댓글로 알려주세요!\n​영상이 재미있으셨다면 '구독'과 '좋아요'는 저에게 작은 성취가 됩니다.\n하이픈으로 응애저씨를 응원해 주세요! 👶✨\n더 재미있고 유쾌한 일상 영상으로 찾아오겠습니다!\n​#두쫀쿠 #말쫀쿠 #유행템 #일상 #유머 #응애저씨 #쇼츠 #Shorts #공감 #길거리탐방 #트렌드"", ""thumbnails"": {""default"": {""url"": ""https://i.ytimg.com/vi/e30AzMgaZbI/default.jpg"", ""width"": 120, ""height"": 90}, ""medium"": {""url"": ""https://i.ytimg.com/vi/e30AzMgaZbI/mqdefault.jpg"", ""width"": 320, ""height"": 180}, ""high"": {""url"": ""https://i.ytimg.com/vi/e30AzMgaZbI/hqdefault.jpg"", ""width"": 480, ""height"": 360}, ""standard"": {""url"": ""https://i.ytimg.com/vi/e30AzMgaZbI/sddefault.jpg"", ""width"": 640, ""height"": 480}, ""maxres"": {""url"": ""https://i.ytimg.com/vi/e30AzMgaZbI/maxresdefault.jpg"", ""width"": 1280, ""height"": 720}}, ""channelTitle"": ""BabyUncle응애저씨"", ""categoryId"": ""22"", ""liveBroadcastContent"": ""none"", ""defaultLanguage"": ""ko"", ""localized"": {""title"": ""말존쿠까지 등장? 두존쿠 세계관 근황 ㄷㄷ"", ""description"": ""길거리부터 마트까지.. 이제 '두존쿠'가 없는 곳이 없네요 😂\n한 시대를 풍미했던 두존쿠의 시대는 과연 이렇게 막을 내리는 걸까요?\n여러분이 생각하는 다음 유행템은 무엇인가요? 댓글로 알려주세요!\n​영상이 재미있으셨다면 '구독'과 '좋아요'는 저에게 작은 성취가 됩니다.\n하이픈으로 응애저씨를 응원해 주세요! 👶✨\n더 재미있고 유쾌한 일상 영상으로 찾아오겠습니다!\n​#두쫀쿠 #말쫀쿠 #유행템 #일상 #유머 #응애저씨 #쇼츠 #Shorts #공감 #길거리탐방 #트렌드""}, ""defaultAudioLanguage"": ""en-US""}, ""statistics"": {""viewCount"": ""1383"", ""likeCount"": ""5"", ""favoriteCount"": ""0"", ""commentCount"": ""0""}}"
두쫀쿠,preset,두존쿠,g9EcGh3QSk8,"두존쿠로 꼬셔놓고 오늘도 속았다,#점심메뉴  #회식빌런 #부장님클라스 #낚였다 #배신감 #현실회사#직장썰 #웃픈상황 #회사생활 #오늘도참는다#밈각 #떡상각 #공감100 #출근하기싫",2026-03-23T02:23:03Z,2136,13,2,https://www.youtube.com/watch?v=g9EcGh3QSk8,youtube,두존쿠,typo,0.8,2026-05-26T11:39:31.823168+00:00,2136,13,2,15,생색정보_,,"{""kind"": ""youtube#video"", ""etag"": ""s6ROXSvPfS0yBa6Yz3WOFuz1L-w"", ""id"": ""g9EcGh3QSk8"", ""snippet"": {""publishedAt"": ""2026-03-23T02:23:03Z"", ""channelId"": ""UCItzncN5u8y2GH0kzr-iKQA"", ""title"": ""두존쿠로 꼬셔놓고 오늘도 속았다,#점심메뉴  #회식빌런 #부장님클라스 #낚였다 #배신감 #현실회사#직장썰 #웃픈상황 #회사생활 #오늘도참는다#밈각 #떡상각 #공감100 #출근하기싫"", ""description"": """", ""thumbnails"": {""default"": {""url"": ""https://i.ytimg.com/vi/g9EcGh3QSk8/default.jpg"", ""width"": 120, ""height"": 90}, ""medium"": {""url"": ""https://i.ytimg.com/vi/g9EcGh3QSk8/mqdefault.jpg"", ""width"": 320, ""height"": 180}, ""high"": {""url"": ""https://i.ytimg.com/vi/g9EcGh3QSk8/hqdefault.jpg"", ""width"": 480, ""height"": 360}, ""standard"": {""url"": ""https://i.ytimg.com/vi/g9EcGh3QSk8/sddefault.jpg"", ""width"": 640, ""height"": 480}, ""maxres"": {""url"": ""https://i.ytimg.com/vi/g9EcGh3QSk8/maxresdefault.jpg"", ""width"": 1280, ""height"": 720}}, ""channelTitle"": ""생색정보_"", ""categoryId"": ""22"", ""liveBroadcastContent"": ""none"", ""defaultLanguage"": ""ko"", ""localized"": {""title"": ""두존쿠로 꼬셔놓고 오늘도 속았다,#점심메뉴  #회식빌런 #부장님클라스 #낚였다 #배신감 #현실회사#직장썰 #웃픈상황 #회사생활 #오늘도참는다#밈각 #떡상각 #공감100 #출근하기싫"", ""description"": """"}, ""defaultAudioLanguage"": ""ko""}, ""statistics"": {""viewCount"": ""2136"", ""likeCount"": ""13"", ""favoriteCount"": ""0"", ""commentCount"": ""2""}}"
두쫀쿠,preset,두존쿠,2-NM61WRfRs,#두존쿠#롯데찰떡파이신상품,2026-03-22T05:07:51Z,1865,11,0,https://www.youtube.com/watch?v=2-NM61WRfRs,youtube,두존쿠,typo,0.8,2026-05-26T11:39:31.823168+00:00,1865,11,0,11,쁘띠둥이,,"{""kind"": ""youtube#video"", ""etag"": ""WJDfLY5dd9Pe9hXhQIOnLSVGzw4"", ""id"": ""2-NM61WRfRs"", ""snippet"": {""publishedAt"": ""2026-03-22T05:07:51Z"", ""channelId"": ""UCLhqsYJbZ3C6li3n7KCT-iQ"", ""title"": ""#두존쿠#롯데찰떡파이신상품"", ""description"": """", ""thumbnails"": {""default"": {""url"": ""https://i.ytimg.com/vi/2-NM61WRfRs/default.jpg"", ""width"": 120, ""height"": 90}, ""medium"": {""url"": ""https://i.ytimg.com/vi/2-NM61WRfRs/mqdefault.jpg"", ""width"": 320, ""height"": 180}, ""high"": {""url"": ""https://i.ytimg.com/vi/2-NM61WRfRs/hqdefault.jpg"", ""width"": 480, ""height"": 360}, ""standard"": {""url"": ""https://i.ytimg.com/vi/2-NM61WRfRs/sddefault.jpg"", ""width"": 640, ""height"": 480}, ""maxres"": {""url"": ""https://i.ytimg.com/vi/2-NM61WRfRs/maxresdefault.jpg"", ""width"": 1280, ""height"": 720}}, ""channelTitle"": ""쁘띠둥이"", ""categoryId"": ""10"", ""liveBroadcastContent"": ""none"", ""defaultLanguage"": ""ko"", ""localized"": {""title"": ""#두존쿠#롯데찰떡파이신상품"", ""description"": """"}}, ""statistics"": {""viewCount"": ""1865"", ""likeCount"": ""11"", ""favoriteCount"": ""0"", ""commentCount"": ""0""}}"
두쫀쿠,preset,두존쿠,lTSHAjzhrxg,군소로 만든 두존쿠 군쫀쿠#군소 #두쫀쿠 #군쫀쿠,2026-03-20T21:20:34Z,3010,20,3,https://www.youtube.com/watch?v=lTSHAjzhrxg,youtube,두존쿠,typo,0.8,2026-05-26T11:39:31.823168+00:00,3010,20,3,23,집앞바다 꼬동,,"{""kind"": ""youtube#video"", ""etag"": ""xHZyCcqCa_IN-C_ybXRi9Q0Mx64"", ""id"": ""lTSHAjzhrxg"", ""snippet"": {""publishedAt"": ""2026-03-20T21:20:34Z"", ""channelId"": ""UC-JTFWWEOtfd743XHX8Aldw"", ""title"": ""군소로 만든 두존쿠 군쫀쿠#군소 #두쫀쿠 #군쫀쿠"", ""description"": """", ""thumbnails"": {""default"": {""url"": ""https://i.ytimg.com/vi/lTSHAjzhrxg/default.jpg"", ""width"": 120, ""height"": 90}, ""medium"": {""url"": ""https://i.ytimg.com/vi/lTSHAjzhrxg/mqdefault.jpg"", ""width"": 320, ""height"": 180}, ""high"": {""url"": ""https://i.ytimg.com/vi/lTSHAjzhrxg/hqdefault.jpg"", ""width"": 480, ""height"": 360}, ""standard"": {""url"": ""https://i.ytimg.com/vi/lTSHAjzhrxg/sddefault.jpg"", ""width"": 640, ""height"": 480}, ""maxres"": {""url"": ""https://i.ytimg.com/vi/lTSHAjzhrxg/maxresdefault.jpg"", ""width"": 1280, ""height"": 720}}, ""channelTitle"": ""집앞바다 꼬동"", ""categoryId"": ""24"", ""liveBroadcastContent"": ""none"", ""defaultLanguage"": ""ko"", ""localized"": {""title"": ""군소로 만든 두존쿠 군쫀쿠#군소 #두쫀쿠 #군쫀쿠"", ""description"": """"}}, ""statistics"": {""viewCount"": ""3010"", ""likeCount"": ""20"", ""favoriteCount"": ""0"", ""commentCount"": ""3""}}"
두쫀쿠,preset,두존쿠,mwVEzMhY-LA,[#.16] 눈은 기분이 좋다. / 혼술 와인 족발 엽떡 두존쿠 낙곱새 구운치킨 야곱 감자탕 삼계탕 도넛 고메스퀘어 곱창 육회 성심당 북악스카이웨이 프룬쥬스 집밥,2026-03-20T08:23:29Z,13,2,0,https://www.youtube.com/watch?v=mwVEzMhY-LA,youtube,두존쿠,typo,0.8,2026-05-26T11:39:31.823168+00:00,13,2,0,2,지퍼팩쿠키 Ziperpackcookie,"안녕하세요 지퍼팩쿠키입니다.😀
이번엔 눈도 오고 스트레스도 많이 받은때였습니다ㅠ
다들 감기 조심하시구 건강챙기며 맛있는거 많이드세요~🍺

레츠기릿 🎇

00:43 혼술(통마늘구이&와인)
05:36 [가장맛있는족발 수서점]
10:40 남은엽떡
15:39 '북악스카이웨이'
19:29 첫 두쫀쿠
21:12 [사위식당 수서점]
23:26 [두리아치킨 모란점]
29:48 테일러프룬쥬스딥워터

31:39 야채곱창
33:44 [돈푸짐 감자탕]

37:40 [삼족]
39:45 던킨도너츠
41:05 [고메스퀘어 천호점]
43:39 [방이 진곱창]
44:29 [함평육회 방이본점]
46:39 집밥
47:10 성심당빵 2개~","{""kind"": ""youtube#video"", ""etag"": ""ADCjp9EoDu6OqDnyaDDcUDEyJN8"", ""id"": ""mwVEzMhY-LA"", ""snippet"": {""publishedAt"": ""2026-03-20T08:23:29Z"", ""channelId"": ""UCL_9vzPw7I2QU70UqOgSE-w"", ""title"": ""[#.16] 눈은 기분이 좋다. / 혼술 와인 족발 엽떡 두존쿠 낙곱새 구운치킨 야곱 감자탕 삼계탕 도넛 고메스퀘어 곱창 육회 성심당 북악스카이웨이 프룬쥬스 집밥"", ""description"": ""안녕하세요 지퍼팩쿠키입니다.😀\n이번엔 눈도 오고 스트레스도 많이 받은때였습니다ㅠ\n다들 감기 조심하시구 건강챙기며 맛있는거 많이드세요~🍺\n\n레츠기릿 🎇\n\n00:43 혼술(통마늘구이&와인)\n05:36 [가장맛있는족발 수서점]\n10:40 남은엽떡\n15:39 '북악스카이웨이'\n19:29 첫 두쫀쿠\n21:12 [사위식당 수서점]\n23:26 [두리아치킨 모란점]\n29:48 테일러프룬쥬스딥워터\n\n31:39 야채곱창\n33:44 [돈푸짐 감자탕]\n\n37:40 [삼족]\n39:45 던킨도너츠\n41:05 [고메스퀘어 천호점]\n43:39 [방이 진곱창]\n44:29 [함평육회 방이본점]\n46:39 집밥\n47:10 성심당빵 2개~"", ""thumbnails"": {""default"": {""url"": ""https://i.ytimg.com/vi/mwVEzMhY-LA/default.jpg"", ""width"": 120, ""height"": 90}, ""medium"": {""url"": ""https://i.ytimg.com/vi/mwVEzMhY-LA/mqdefault.jpg"", ""width"": 320, ""height"": 180}, ""high"": {""url"": ""https://i.ytimg.com/vi/mwVEzMhY-LA/hqdefault.jpg"", ""width"": 480, ""height"": 360}, ""standard"": {""url"": ""https://i.ytimg.com/vi/mwVEzMhY-LA/sddefault.jpg"", ""width"": 640, ""height"": 480}, ""maxres"": {""url"": ""https://i.ytimg.com/vi/mwVEzMhY-LA/maxresdefault.jpg"", ""width"": 1280, ""height"": 720}}, ""channelTitle"": ""지퍼팩쿠키 Ziperpackcookie"", ""categoryId"": ""22"", ""liveBroadcastContent"": ""none"", ""defaultLanguage"": ""ko"", ""localized"": {""title"": ""[#.16] 눈은 기분이 좋다. / 혼술 와인 족발 엽떡 두존쿠 낙곱새 구운치킨 야곱 감자탕 삼계탕 도넛 고메스퀘어 곱창 육회 성심당 북악스카이웨이 프룬쥬스 집밥"", ""description"": ""안녕하세요 지퍼팩쿠키입니다.😀\n이번엔 눈도 오고 스트레스도 많이 받은때였습니다ㅠ\n다들 감기 조심하시구 건강챙기며 맛있는거 많이드세요~🍺\n\n레츠기릿 🎇\n\n00:43 혼술(통마늘구이&와인)\n05:36 [가장맛있는족발 수서점]\n10:40 남은엽떡\n15:39 '북악스카이웨이'\n19:29 첫 두쫀쿠\n21:12 [사위식당 수서점]\n23:26 [두리아치킨 모란점]\n29:48 테일러프룬쥬스딥워터\n\n31:39 야채곱창\n33:44 [돈푸짐 감자탕]\n\n37:40 [삼족]\n39:45 던킨도너츠\n41:05 [고메스퀘어 천호점]\n43:39 [방이 진곱창]\n44:29 [함평육회 방이본점]\n46:39 집밥\n47:10 성심당빵 2개~""}, ""defaultAudioLanguage"": ""ko""}, ""statistics"": {""viewCount"": ""13"", ""likeCount"": ""2"", ""favoriteCount"": ""0"", ""commentCount"": ""0""}}"
두쫀쿠,preset,두존쿠,89oAcTa9e3A,#아기#baby​#두존쿠룩 #두존쿠패션 두쫀쿠 룩의 5개월 류태이,2026-03-20T03:35:48Z,1534,20,1,https://www.youtube.com/watch?v=89oAcTa9e3A,youtube,두존쿠,typo,0.8,2026-05-26T11:39:31.823168+00:00,1534,20,1,21,재이와 태이의 일상기록,,"{""kind"": ""youtube#video"", ""etag"": ""GQaPCptl03KqbhXmxDgSH7U3nsY"", ""id"": ""89oAcTa9e3A"", ""snippet"": {""publishedAt"": ""2026-03-20T03:35:48Z"", ""channelId"": ""UCOqqeYfmEa5Wt8-8cmx1rPA"", ""title"": ""#아기#baby​#두존쿠룩 #두존쿠패션 두쫀쿠 룩의 5개월 류태이"", ""description"": """", ""thumbnails"": {""default"": {""url"": ""https://i.ytimg.com/vi/89oAcTa9e3A/default.jpg"", ""width"": 120, ""height"": 90}, ""medium"": {""url"": ""https://i.ytimg.com/vi/89oAcTa9e3A/mqdefault.jpg"", ""width"": 320, ""height"": 180}, ""high"": {""url"": ""https://i.ytimg.com/vi/89oAcTa9e3A/hqdefault.jpg"", ""width"": 480, ""height"": 360}, ""standard"": {""url"": ""https://i.ytimg.com/vi/89oAcTa9e3A/sddefault.jpg"", ""width"": 640, ""height"": 480}, ""maxres"": {""url"": ""https://i.ytimg.com/vi/89oAcTa9e3A/maxresdefault.jpg"", ""width"": 1280, ""height"": 720}}, ""channelTitle"": ""재이와 태이의 일상기록"", ""categoryId"": ""22"", ""liveBroadcastContent"": ""none"", ""defaultLanguage"": ""ko"", ""localized"": {""title"": ""#아기#baby​#두존쿠룩 #두존쿠패션 두쫀쿠 룩의 5개월 류태이"", ""description"": """"}}, ""statistics"": {""viewCount"": ""1534"", ""likeCount"": ""20"", ""favoriteCount"": ""0"", ""commentCount"": ""1""}}"
두쫀쿠,preset,두쫀크,W3t10tu3cfU,두쫀크 땅쫀크 인절미라이스 고소한 #아이스크림 3종세트 #뵈르뵈르성수점 #icecream #food,2026-05-14T10:15:29Z,1577,11,0,https://www.youtube.com/watch?v=W3t10tu3cfU,youtube,두쫀크,typo,0.8,2026-05-26T11:39:31.823168+00:00,1577,11,0,11,뵈르뵈르성수점,"뿅 ✨
더욱 새롭게 돌아온 뵈르뵈르 성수점의 신메뉴들을 소개합니다 🍨

쫀득한 초코와 고소함이 한가득 들어간 #두쫀크 🤎
한 입 먹자마자 땅콩의 고소함이 퍼지는 #땅쫀크 🥜
콩가루와 인절미 조합으로 한국인의 디저트 취향
제대로 저격하는 #인절미라이스 🌾

각자 매력이 너무 달라서 하나만 고르기 어려운 거 있죠…🥹

쫀득쫀득한 식감에 달콤함까지 꽉 채운 오늘의 라인업!
성수 산책하다가 뿅 나타난 뵈르뵈르 #아이스크림 으로 당충전해보세요 💫

📍#뵈르뵈르성수점
서울 성동구 성수이로7가길 22, 1층 2호
⏰ 11:00 - 22:00 (Last Order 21:50)","{""kind"": ""youtube#video"", ""etag"": ""YzdjdrJzfWGrY4Ag0RW9CJSoDsE"", ""id"": ""W3t10tu3cfU"", ""snippet"": {""publishedAt"": ""2026-05-14T10:15:29Z"", ""channelId"": ""UClHqziXced5tk61cOoJWpeQ"", ""title"": ""두쫀크 땅쫀크 인절미라이스 고소한 #아이스크림 3종세트 #뵈르뵈르성수점 #icecream #food"", ""description"": ""뿅 ✨\n더욱 새롭게 돌아온 뵈르뵈르 성수점의 신메뉴들을 소개합니다 🍨\n\n쫀득한 초코와 고소함이 한가득 들어간 #두쫀크 🤎\n한 입 먹자마자 땅콩의 고소함이 퍼지는 #땅쫀크 🥜\n콩가루와 인절미 조합으로 한국인의 디저트 취향\n제대로 저격하는 #인절미라이스 🌾\n\n각자 매력이 너무 달라서 하나만 고르기 어려운 거 있죠…🥹\n\n쫀득쫀득한 식감에 달콤함까지 꽉 채운 오늘의 라인업!\n성수 산책하다가 뿅 나타난 뵈르뵈르 #아이스크림 으로 당충전해보세요 💫\n\n📍#뵈르뵈르성수점\n서울 성동구 성수이로7가길 22, 1층 2호\n⏰ 11:00 - 22:00 (Last Order 21:50)"", ""thumbnails"": {""default"": {""url"": ""https://i.ytimg.com/vi/W3t10tu3cfU/default.jpg"", ""width"": 120, ""height"": 90}, ""medium"": {""url"": ""https://i.ytimg.com/vi/W3t10tu3cfU/mqdefault.jpg"", ""width"": 320, ""height"": 180}, ""high"": {""url"": ""https://i.ytimg.com/vi/W3t10tu3cfU/hqdefault.jpg"", ""width"": 480, ""height"": 360}, ""standard"": {""url"": ""https://i.ytimg.com/vi/W3t10tu3cfU/sddefault.jpg"", ""width"": 640, ""height"": 480}, ""maxres"": {""url"": ""https://i.ytimg.com/vi/W3t10tu3cfU/maxresdefault.jpg"", ""width"": 1280, ""height"": 720}}, ""channelTitle"": ""뵈르뵈르성수점"", ""categoryId"": ""22"", ""liveBroadcastContent"": ""none"", ""defaultLanguage"": ""ko"", ""localized"": {""title"": ""두쫀크 땅쫀크 인절미라이스 고소한 #아이스크림 3종세트 #뵈르뵈르성수점 #icecream #food"", ""description"": ""뿅 ✨\n더욱 새롭게 돌아온 뵈르뵈르 성수점의 신메뉴들을 소개합니다 🍨\n\n쫀득한 초코와 고소함이 한가득 들어간 #두쫀크 🤎\n한 입 먹자마자 땅콩의 고소함이 퍼지는 #땅쫀크 🥜\n콩가루와 인절미 조합으로 한국인의 디저트 취향\n제대로 저격하는 #인절미라이스 🌾\n\n각자 매력이 너무 달라서 하나만 고르기 어려운 거 있죠…🥹\n\n쫀득쫀득한 식감에 달콤함까지 꽉 채운 오늘의 라인업!\n성수 산책하다가 뿅 나타난 뵈르뵈르 #아이스크림 으로 당충전해보세요 💫\n\n📍#뵈르뵈르성수점\n서울 성동구 성수이로7가길 22, 1층 2호\n⏰ 11:00 - 22:00 (Last Order 21:50)""}}, ""statistics"": {""viewCount"": ""1577"", ""likeCount"": ""11"", ""favoriteCount"": ""0"", ""commentCount"": ""0""}}"
두쫀쿠,preset,두쫀크,prf9aX_mA38,빨래하러 나왔다가 #원조두쫀크와플,2026-05-11T09:44:42Z,34,0,0,https://www.youtube.com/watch?v=prf9aX_mA38,youtube,두쫀크,typo,0.8,2026-05-26T11:39:31.823168+00:00,34,0,0,0,Korea Director & Song Writer,"빨래하러 나왔다가 #원조두쫀크와플
#우리주님과함께
#동네대용량러드리돌리고나와서♡♡♡ㅋㅋ
#두쫀크와플쪽쪽쪽^^♡♡♡♡♡😘😘","{""kind"": ""youtube#video"", ""etag"": ""bdkQ8L_g-ZoQ4IbeT-UaLQ21_j0"", ""id"": ""prf9aX_mA38"", ""snippet"": {""publishedAt"": ""2026-05-11T09:44:42Z"", ""channelId"": ""UCtfHH7A04zff2BE_2EbQV1w"", ""title"": ""빨래하러 나왔다가 #원조두쫀크와플"", ""description"": ""빨래하러 나왔다가 #원조두쫀크와플\n#우리주님과함께\n#동네대용량러드리돌리고나와서♡♡♡ㅋㅋ\n#두쫀크와플쪽쪽쪽^^♡♡♡♡♡😘😘"", ""thumbnails"": {""default"": {""url"": ""https://i.ytimg.com/vi/prf9aX_mA38/default.jpg"", ""width"": 120, ""height"": 90}, ""medium"": {""url"": ""https://i.ytimg.com/vi/prf9aX_mA38/mqdefault.jpg"", ""width"": 320, ""height"": 180}, ""high"": {""url"": ""https://i.ytimg.com/vi/prf9aX_mA38/hqdefault.jpg"", ""width"": 480, ""height"": 360}, ""standard"": {""url"": ""https://i.ytimg.com/vi/prf9aX_mA38/sddefault.jpg"", ""width"": 640, ""height"": 480}, ""maxres"": {""url"": ""https://i.ytimg.com/vi/prf9aX_mA38/maxresdefault.jpg"", ""width"": 1280, ""height"": 720}}, ""channelTitle"": ""Korea Director & Song Writer"", ""categoryId"": ""22"", ""liveBroadcastContent"": ""none"", ""defaultLanguage"": ""ko"", ""localized"": {""title"": ""빨래하러 나왔다가 #원조두쫀크와플"", ""description"": ""빨래하러 나왔다가 #원조두쫀크와플\n#우리주님과함께\n#동네대용량러드리돌리고나와서♡♡♡ㅋㅋ\n#두쫀크와플쪽쪽쪽^^♡♡♡♡♡😘😘""}}, ""statistics"": {""viewCount"": ""34"", ""likeCount"": ""0"", ""favoriteCount"": ""0"", ""commentCount"": ""0""}}"
두쫀쿠,preset,두쫀크,Na7Ba8zH8wA,버터떡.두쫀크.봄동비빔밥!!  #버터떡챌린지 #인기동영상 #릴스챌린지 #핫한릴스 #유행릴스 #dance #두쫀크 #봄동비빔밥 #shorts #에너자이정쌤 #jsjdance,2026-04-21T07:32:35Z,1893,9,0,https://www.youtube.com/watch?v=Na7Ba8zH8wA,youtube,두쫀크,typo,0.8,2026-05-26T11:39:31.823168+00:00,1893,9,0,9,JSJ 파워로빅 TV ,,"{""kind"": ""youtube#video"", ""etag"": ""YG6d4jNi73Wwa1jgJILudbXslUA"", ""id"": ""Na7Ba8zH8wA"", ""snippet"": {""publishedAt"": ""2026-04-21T07:32:35Z"", ""channelId"": ""UCinipc4Jlf7ZFs-jaq1Wgew"", ""title"": ""버터떡.두쫀크.봄동비빔밥!!  #버터떡챌린지 #인기동영상 #릴스챌린지 #핫한릴스 #유행릴스 #dance #두쫀크 #봄동비빔밥 #shorts #에너자이정쌤 #jsjdance"", ""description"": """", ""thumbnails"": {""default"": {""url"": ""https://i.ytimg.com/vi/Na7Ba8zH8wA/default.jpg"", ""width"": 120, ""height"": 90}, ""medium"": {""url"": ""https://i.ytimg.com/vi/Na7Ba8zH8wA/mqdefault.jpg"", ""width"": 320, ""height"": 180}, ""high"": {""url"": ""https://i.ytimg.com/vi/Na7Ba8zH8wA/hqdefault.jpg"", ""width"": 480, ""height"": 360}, ""standard"": {""url"": ""https://i.ytimg.com/vi/Na7Ba8zH8wA/sddefault.jpg"", ""width"": 640, ""height"": 480}, ""maxres"": {""url"": ""https://i.ytimg.com/vi/Na7Ba8zH8wA/maxresdefault.jpg"", ""width"": 1280, ""height"": 720}}, ""channelTitle"": ""JSJ 파워로빅 TV "", ""categoryId"": ""22"", ""liveBroadcastContent"": ""none"", ""defaultLanguage"": ""ko"", ""localized"": {""title"": ""버터떡.두쫀크.봄동비빔밥!!  #버터떡챌린지 #인기동영상 #릴스챌린지 #핫한릴스 #유행릴스 #dance #두쫀크 #봄동비빔밥 #shorts #에너자이정쌤 #jsjdance"", ""description"": """"}}, ""statistics"": {""viewCount"": ""1893"", ""likeCount"": ""9"", ""favoriteCount"": ""0"", ""commentCount"": ""0""}}"
두쫀쿠,preset,두쫀크,C2O3eCQuNQg,버버버버 버터떡 두쫀쿠 봄동비빔밥!!😝 #dance #인기동영상 #릴스챌린지 #핫한릴스 #유행릴스 #shorts #틱톡 #버터떡챌린지 #두쫀크 #봄동비빔밥 #에너자이정쌤 #,2026-04-21T07:25:46Z,2119,15,0,https://www.youtube.com/watch?v=C2O3eCQuNQg,youtube,두쫀크,typo,0.8,2026-05-26T11:39:31.823168+00:00,2119,15,0,15,JSJ 파워로빅 TV ,,"{""kind"": ""youtube#video"", ""etag"": ""0vFHHpCX9cU5-z84D5MrfFDW-wQ"", ""id"": ""C2O3eCQuNQg"", ""snippet"": {""publishedAt"": ""2026-04-21T07:25:46Z"", ""channelId"": ""UCinipc4Jlf7ZFs-jaq1Wgew"", ""title"": ""버버버버 버터떡 두쫀쿠 봄동비빔밥!!😝 #dance #인기동영상 #릴스챌린지 #핫한릴스 #유행릴스 #shorts #틱톡 #버터떡챌린지 #두쫀크 #봄동비빔밥 #에너자이정쌤 #"", ""description"": """", ""thumbnails"": {""default"": {""url"": ""https://i.ytimg.com/vi/C2O3eCQuNQg/default.jpg"", ""width"": 120, ""height"": 90}, ""medium"": {""url"": ""https://i.ytimg.com/vi/C2O3eCQuNQg/mqdefault.jpg"", ""width"": 320, ""height"": 180}, ""high"": {""url"": ""https://i.ytimg.com/vi/C2O3eCQuNQg/hqdefault.jpg"", ""width"": 480, ""height"": 360}, ""standard"": {""url"": ""https://i.ytimg.com/vi/C2O3eCQuNQg/sddefault.jpg"", ""width"": 640, ""height"": 480}, ""maxres"": {""url"": ""https://i.ytimg.com/vi/C2O3eCQuNQg/maxresdefault.jpg"", ""width"": 1280, ""height"": 720}}, ""channelTitle"": ""JSJ 파워로빅 TV "", ""categoryId"": ""22"", ""liveBroadcastContent"": ""none"", ""defaultLanguage"": ""ko"", ""localized"": {""title"": ""버버버버 버터떡 두쫀쿠 봄동비빔밥!!😝 #dance #인기동영상 #릴스챌린지 #핫한릴스 #유행릴스 #shorts #틱톡 #버터떡챌린지 #두쫀크 #봄동비빔밥 #에너자이정쌤 #"", ""description"": """"}}, ""statistics"": {""viewCount"": ""2119"", ""likeCount"": ""15"", ""favoriteCount"": ""0"", ""commentCount"": ""0""}}"
두쫀쿠,preset,두쫀크,lcSHKH69o4E,엄마들의 요즘 유행릴스 배우기! #버터떡챌린지 #두쫀크 #봄동비빔밥 #핫한릴스 #인기동영상 #dance #kpop #유행챌린지 #릴스챌린지 #shorts #jsj파워로빅tv,2026-04-21T07:11:42Z,2182,18,3,https://www.youtube.com/watch?v=lcSHKH69o4E,youtube,두쫀크,typo,0.8,2026-05-26T11:39:31.823168+00:00,2182,18,3,21,JSJ DANCE (에너자이정쌤),,"{""kind"": ""youtube#video"", ""etag"": ""jhV-VxrLDKIcQqqnA7oVQtHCQ-U"", ""id"": ""lcSHKH69o4E"", ""snippet"": {""publishedAt"": ""2026-04-21T07:11:42Z"", ""channelId"": ""UC5pf4Vdq-aRCYvuzTU6yeOw"", ""title"": ""엄마들의 요즘 유행릴스 배우기! #버터떡챌린지 #두쫀크 #봄동비빔밥 #핫한릴스 #인기동영상 #dance #kpop #유행챌린지 #릴스챌린지 #shorts #jsj파워로빅tv"", ""description"": """", ""thumbnails"": {""default"": {""url"": ""https://i.ytimg.com/vi/lcSHKH69o4E/default.jpg"", ""width"": 120, ""height"": 90}, ""medium"": {""url"": ""https://i.ytimg.com/vi/lcSHKH69o4E/mqdefault.jpg"", ""width"": 320, ""height"": 180}, ""high"": {""url"": ""https://i.ytimg.com/vi/lcSHKH69o4E/hqdefault.jpg"", ""width"": 480, ""height"": 360}, ""standard"": {""url"": ""https://i.ytimg.com/vi/lcSHKH69o4E/sddefault.jpg"", ""width"": 640, ""height"": 480}, ""maxres"": {""url"": ""https://i.ytimg.com/vi/lcSHKH69o4E/maxresdefault.jpg"", ""width"": 1280, ""height"": 720}}, ""channelTitle"": ""JSJ DANCE (에너자이정쌤)"", ""categoryId"": ""10"", ""liveBroadcastContent"": ""none"", ""defaultLanguage"": ""ko"", ""localized"": {""title"": ""엄마들의 요즘 유행릴스 배우기! #버터떡챌린지 #두쫀크 #봄동비빔밥 #핫한릴스 #인기동영상 #dance #kpop #유행챌린지 #릴스챌린지 #shorts #jsj파워로빅tv"", ""description"": """"}}, ""statistics"": {""viewCount"": ""2182"", ""likeCount"": ""18"", ""favoriteCount"": ""0"", ""commentCount"": ""3""}}"
두쫀쿠,preset,두쫀크,G3DtlSD7pPY,버버버버 버터떡 두두 두쫀크!! 핫한 릴스도전!! #버터떡챌린지 #두쫀쿠 #릴스챌린지 #dance #핫한릴스 #인기동영상 #kpop #봄동비빔밥 #jsj파워로빅tv #유행챌린지,2026-04-21T06:29:30Z,1881,14,0,https://www.youtube.com/watch?v=G3DtlSD7pPY,youtube,두쫀크,typo,0.8,2026-05-26T11:39:31.823168+00:00,1881,14,0,14,JSJ DANCE (에너자이정쌤),,"{""kind"": ""youtube#video"", ""etag"": ""k3u9K9eCTtx1EppHFSna4yPo9KE"", ""id"": ""G3DtlSD7pPY"", ""snippet"": {""publishedAt"": ""2026-04-21T06:29:30Z"", ""channelId"": ""UC5pf4Vdq-aRCYvuzTU6yeOw"", ""title"": ""버버버버 버터떡 두두 두쫀크!! 핫한 릴스도전!! #버터떡챌린지 #두쫀쿠 #릴스챌린지 #dance #핫한릴스 #인기동영상 #kpop #봄동비빔밥 #jsj파워로빅tv #유행챌린지"", ""description"": """", ""thumbnails"": {""default"": {""url"": ""https://i.ytimg.com/vi/G3DtlSD7pPY/default.jpg"", ""width"": 120, ""height"": 90}, ""medium"": {""url"": ""https://i.ytimg.com/vi/G3DtlSD7pPY/mqdefault.jpg"", ""width"": 320, ""height"": 180}, ""high"": {""url"": ""https://i.ytimg.com/vi/G3DtlSD7pPY/hqdefault.jpg"", ""width"": 480, ""height"": 360}, ""standard"": {""url"": ""https://i.ytimg.com/vi/G3DtlSD7pPY/sddefault.jpg"", ""width"": 640, ""height"": 480}, ""maxres"": {""url"": ""https://i.ytimg.com/vi/G3DtlSD7pPY/maxresdefault.jpg"", ""width"": 1280, ""height"": 720}}, ""channelTitle"": ""JSJ DANCE (에너자이정쌤)"", ""categoryId"": ""10"", ""liveBroadcastContent"": ""none"", ""defaultLanguage"": ""ko"", ""localized"": {""title"": ""버버버버 버터떡 두두 두쫀크!! 핫한 릴스도전!! #버터떡챌린지 #두쫀쿠 #릴스챌린지 #dance #핫한릴스 #인기동영상 #kpop #봄동비빔밥 #jsj파워로빅tv #유행챌린지"", ""description"": """"}}, ""statistics"": {""viewCount"": ""1881"", ""likeCount"": ""14"", ""favoriteCount"": ""0"", ""commentCount"": ""0""}}"
두쫀쿠,preset,두쫀크,CjkjBsDcXdI,#초코프링글스 #먹방 #프링글스  두쫀쿠? 두쫀크를 이은 유행 디저트!!!  집에서 만들어봤어요 #유튜버,2026-04-16T10:21:40Z,69,2,0,https://www.youtube.com/watch?v=CjkjBsDcXdI,youtube,두쫀크,typo,0.8,2026-05-26T11:39:31.823168+00:00,69,2,0,2,류써나,,"{""kind"": ""youtube#video"", ""etag"": ""15p3vzTlxcmV0qzYGT6ID4KO8eU"", ""id"": ""CjkjBsDcXdI"", ""snippet"": {""publishedAt"": ""2026-04-16T10:21:40Z"", ""channelId"": ""UCTcvXxbV_xrp8EoLDkzSTAQ"", ""title"": ""#초코프링글스 #먹방 #프링글스  두쫀쿠? 두쫀크를 이은 유행 디저트!!!  집에서 만들어봤어요 #유튜버"", ""description"": """", ""thumbnails"": {""default"": {""url"": ""https://i.ytimg.com/vi/CjkjBsDcXdI/default.jpg"", ""width"": 120, ""height"": 90}, ""medium"": {""url"": ""https://i.ytimg.com/vi/CjkjBsDcXdI/mqdefault.jpg"", ""width"": 320, ""height"": 180}, ""high"": {""url"": ""https://i.ytimg.com/vi/CjkjBsDcXdI/hqdefault.jpg"", ""width"": 480, ""height"": 360}, ""standard"": {""url"": ""https://i.ytimg.com/vi/CjkjBsDcXdI/sddefault.jpg"", ""width"": 640, ""height"": 480}, ""maxres"": {""url"": ""https://i.ytimg.com/vi/CjkjBsDcXdI/maxresdefault.jpg"", ""width"": 1280, ""height"": 720}}, ""channelTitle"": ""류써나"", ""categoryId"": ""22"", ""liveBroadcastContent"": ""none"", ""defaultLanguage"": ""ko"", ""localized"": {""title"": ""#초코프링글스 #먹방 #프링글스  두쫀쿠? 두쫀크를 이은 유행 디저트!!!  집에서 만들어봤어요 #유튜버"", ""description"": """"}}, ""statistics"": {""viewCount"": ""69"", ""likeCount"": ""2"", ""favoriteCount"": ""0""}}"
두쫀쿠,preset,두쫀크,1TwO3OfNWcA,버터떡노래춤!!#재미있는#버터떡#두쫀크 #봄동비빔밥♡,2026-04-14T10:07:02Z,1632,12,0,https://www.youtube.com/watch?v=1TwO3OfNWcA,youtube,두쫀크,typo,0.8,2026-05-26T11:39:31.823168+00:00,1632,12,0,12,다나와 하나🩷,,"{""kind"": ""youtube#video"", ""etag"": ""CCpitLsjf8Ub4D1Us0qS6DajIQU"", ""id"": ""1TwO3OfNWcA"", ""snippet"": {""publishedAt"": ""2026-04-14T10:07:02Z"", ""channelId"": ""UCqp0FyiWTmjPJjRGNiZSxBw"", ""title"": ""버터떡노래춤!!#재미있는#버터떡#두쫀크 #봄동비빔밥♡"", ""description"": """", ""thumbnails"": {""default"": {""url"": ""https://i.ytimg.com/vi/1TwO3OfNWcA/default.jpg"", ""width"": 120, ""height"": 90}, ""medium"": {""url"": ""https://i.ytimg.com/vi/1TwO3OfNWcA/mqdefault.jpg"", ""width"": 320, ""height"": 180}, ""high"": {""url"": ""https://i.ytimg.com/vi/1TwO3OfNWcA/hqdefault.jpg"", ""width"": 480, ""height"": 360}, ""standard"": {""url"": ""https://i.ytimg.com/vi/1TwO3OfNWcA/sddefault.jpg"", ""width"": 640, ""height"": 480}, ""maxres"": {""url"": ""https://i.ytimg.com/vi/1TwO3OfNWcA/maxresdefault.jpg"", ""width"": 1280, ""height"": 720}}, ""channelTitle"": ""다나와 하나🩷"", ""categoryId"": ""22"", ""liveBroadcastContent"": ""none"", ""defaultLanguage"": ""ko"", ""localized"": {""title"": ""버터떡노래춤!!#재미있는#버터떡#두쫀크 #봄동비빔밥♡"", ""description"": """"}}, ""statistics"": {""viewCount"": ""1632"", ""likeCount"": ""12"", ""favoriteCount"": ""0""}}"
두쫀쿠,preset,두쫀크,rVZbl8loT64,버터떡 두쫀크￼ 봄동비빔밥,2026-04-12T11:44:35Z,114,5,0,https://www.youtube.com/watch?v=rVZbl8loT64,youtube,두쫀크,typo,0.8,2026-05-26T11:39:31.823168+00:00,114,5,0,5,지유 생크림 햄찍,,"{""kind"": ""youtube#video"", ""etag"": ""jLdWleYlBQv9AJfewcb6glTakhM"", ""id"": ""rVZbl8loT64"", ""snippet"": {""publishedAt"": ""2026-04-12T11:44:35Z"", ""channelId"": ""UCIRDheXzi2pBbtJc-OeD8Xw"", ""title"": ""버터떡 두쫀크￼ 봄동비빔밥"", ""description"": """", ""thumbnails"": {""default"": {""url"": ""https://i.ytimg.com/vi/rVZbl8loT64/default.jpg"", ""width"": 120, ""height"": 90}, ""medium"": {""url"": ""https://i.ytimg.com/vi/rVZbl8loT64/mqdefault.jpg"", ""width"": 320, ""height"": 180}, ""high"": {""url"": ""https://i.ytimg.com/vi/rVZbl8loT64/hqdefault.jpg"", ""width"": 480, ""height"": 360}, ""standard"": {""url"": ""https://i.ytimg.com/vi/rVZbl8loT64/sddefault.jpg"", ""width"": 640, ""height"": 480}, ""maxres"": {""url"": ""https://i.ytimg.com/vi/rVZbl8loT64/maxresdefault.jpg"", ""width"": 1280, ""height"": 720}}, ""channelTitle"": ""지유 생크림 햄찍"", ""categoryId"": ""22"", ""liveBroadcastContent"": ""none"", ""defaultLanguage"": ""ko"", ""localized"": {""title"": ""버터떡 두쫀크￼ 봄동비빔밥"", ""description"": """"}, ""defaultAudioLanguage"": ""ko""}, ""statistics"": {""viewCount"": ""114"", ""likeCount"": ""5"", ""favoriteCount"": ""0""}}"
두쫀쿠,preset,두쫀크,7OXYeFJIXk4,헌혈의집 두쫀쿠    #이재명대통령 #두쫀쿠 #두쫀크 #헌혈 #헌혈의집 #이잼 #이대통령 #유튜브  #잼버리 #두쫀쿠무료 #ktv #이재명tv #mbc,2026-04-12T11:04:19Z,5,2,0,https://www.youtube.com/watch?v=7OXYeFJIXk4,youtube,두쫀크,typo,0.8,2026-05-26T11:39:31.823168+00:00,5,2,0,2,채널,,"{""kind"": ""youtube#video"", ""etag"": ""wFRyoOcCIXpK-jgFycDnrMAL2iE"", ""id"": ""7OXYeFJIXk4"", ""snippet"": {""publishedAt"": ""2026-04-12T11:04:19Z"", ""channelId"": ""UC1Gf__vE14P3-K21GVrbXeQ"", ""title"": ""헌혈의집 두쫀쿠    #이재명대통령 #두쫀쿠 #두쫀크 #헌혈 #헌혈의집 #이잼 #이대통령 #유튜브  #잼버리 #두쫀쿠무료 #ktv #이재명tv #mbc"", ""description"": """", ""thumbnails"": {""default"": {""url"": ""https://i.ytimg.com/vi/7OXYeFJIXk4/default.jpg"", ""width"": 120, ""height"": 90}, ""medium"": {""url"": ""https://i.ytimg.com/vi/7OXYeFJIXk4/mqdefault.jpg"", ""width"": 320, ""height"": 180}, ""high"": {""url"": ""https://i.ytimg.com/vi/7OXYeFJIXk4/hqdefault.jpg"", ""width"": 480, ""height"": 360}, ""standard"": {""url"": ""https://i.ytimg.com/vi/7OXYeFJIXk4/sddefault.jpg"", ""width"": 640, ""height"": 480}, ""maxres"": {""url"": ""https://i.ytimg.com/vi/7OXYeFJIXk4/maxresdefault.jpg"", ""width"": 1280, ""height"": 720}}, ""channelTitle"": ""채널"", ""categoryId"": ""22"", ""liveBroadcastContent"": ""none"", ""defaultLanguage"": ""ko"", ""localized"": {""title"": ""헌혈의집 두쫀쿠    #이재명대통령 #두쫀쿠 #두쫀크 #헌혈 #헌혈의집 #이잼 #이대통령 #유튜브  #잼버리 #두쫀쿠무료 #ktv #이재명tv #mbc"", ""description"": """"}}, ""statistics"": {""viewCount"": ""5"", ""likeCount"": ""2"", ""favoriteCount"": ""0"", ""commentCount"": ""0""}}"
두쫀쿠,preset,두쫀크,I0azXhbpK3E,유행이 아주 조금 지난 두쫀크 먹방!,2026-04-12T08:47:26Z,28,3,0,https://www.youtube.com/watch?v=I0azXhbpK3E,youtube,두쫀크,typo,0.8,2026-05-26T11:39:31.823168+00:00,28,3,0,3,한국 잼민이,,"{""kind"": ""youtube#video"", ""etag"": ""RnWYFpCbIgsT_0H83Qk2xN7ps0U"", ""id"": ""I0azXhbpK3E"", ""snippet"": {""publishedAt"": ""2026-04-12T08:47:26Z"", ""channelId"": ""UCjfSLg43C1EZbgkkHTuPc_w"", ""title"": ""유행이 아주 조금 지난 두쫀크 먹방!"", ""description"": """", ""thumbnails"": {""default"": {""url"": ""https://i.ytimg.com/vi/I0azXhbpK3E/default.jpg"", ""width"": 120, ""height"": 90}, ""medium"": {""url"": ""https://i.ytimg.com/vi/I0azXhbpK3E/mqdefault.jpg"", ""width"": 320, ""height"": 180}, ""high"": {""url"": ""https://i.ytimg.com/vi/I0azXhbpK3E/hqdefault.jpg"", ""width"": 480, ""height"": 360}, ""standard"": {""url"": ""https://i.ytimg.com/vi/I0azXhbpK3E/sddefault.jpg"", ""width"": 640, ""height"": 480}, ""maxres"": {""url"": ""https://i.ytimg.com/vi/I0azXhbpK3E/maxresdefault.jpg"", ""width"": 1280, ""height"": 720}}, ""channelTitle"": ""한국 잼민이"", ""categoryId"": ""22"", ""liveBroadcastContent"": ""none"", ""defaultLanguage"": ""ko"", ""localized"": {""title"": ""유행이 아주 조금 지난 두쫀크 먹방!"", ""description"": """"}, ""defaultAudioLanguage"": ""ko""}, ""statistics"": {""viewCount"": ""28"", ""likeCount"": ""3"", ""favoriteCount"": ""0"", ""commentCount"": ""0""}}"
두쫀쿠,preset,두쫀크,NoaePM8vDKw,#버터떡챌린지 #두쫀크 #봄동비빔밥  #버터떡 #챌린지 #dance,2026-04-12T08:21:56Z,128,8,0,https://www.youtube.com/watch?v=NoaePM8vDKw,youtube,두쫀크,typo,0.8,2026-05-26T11:39:31.823168+00:00,128,8,0,8,다다다솔,,"{""kind"": ""youtube#video"", ""etag"": ""60Zl4P1lPZKcxfH80uUXcUt3CTs"", ""id"": ""NoaePM8vDKw"", ""snippet"": {""publishedAt"": ""2026-04-12T08:21:56Z"", ""channelId"": ""UCAdmAmHGYNYhHiuC7Rlr-ww"", ""title"": ""#버터떡챌린지 #두쫀크 #봄동비빔밥  #버터떡 #챌린지 #dance"", ""description"": """", ""thumbnails"": {""default"": {""url"": ""https://i.ytimg.com/vi/NoaePM8vDKw/default.jpg"", ""width"": 120, ""height"": 90}, ""medium"": {""url"": ""https://i.ytimg.com/vi/NoaePM8vDKw/mqdefault.jpg"", ""width"": 320, ""height"": 180}, ""high"": {""url"": ""https://i.ytimg.com/vi/NoaePM8vDKw/hqdefault.jpg"", ""width"": 480, ""height"": 360}, ""standard"": {""url"": ""https://i.ytimg.com/vi/NoaePM8vDKw/sddefault.jpg"", ""width"": 640, ""height"": 480}, ""maxres"": {""url"": ""https://i.ytimg.com/vi/NoaePM8vDKw/maxresdefault.jpg"", ""width"": 1280, ""height"": 720}}, ""channelTitle"": ""다다다솔"", ""categoryId"": ""22"", ""liveBroadcastContent"": ""none"", ""defaultLanguage"": ""ko"", ""localized"": {""title"": ""#버터떡챌린지 #두쫀크 #봄동비빔밥  #버터떡 #챌린지 #dance"", ""description"": """"}, ""defaultAudioLanguage"": ""ko""}, ""statistics"": {""viewCount"": ""128"", ""likeCount"": ""8"", ""favoriteCount"": ""0""}}"
두쫀쿠,preset,두쫀크,BzYocJyFFGk,단거 못먹는 일본아내가 두쫀크 먹고싶다고 해서 사왔는데…ㅋㅋ#일본 #한일부부 #shorts,2026-04-06T03:04:00Z,33710,986,37,https://www.youtube.com/watch?v=BzYocJyFFGk,youtube,두쫀크,typo,0.8,2026-05-26T11:39:31.823168+00:00,33710,986,37,1023,chipapa,,"{""kind"": ""youtube#video"", ""etag"": ""ueioCW94BK6lZpc4l61ATMbvgoc"", ""id"": ""BzYocJyFFGk"", ""snippet"": {""publishedAt"": ""2026-04-06T03:04:00Z"", ""channelId"": ""UCVg4xYUn2IrAqXoCasiTdgQ"", ""title"": ""단거 못먹는 일본아내가 두쫀크 먹고싶다고 해서 사왔는데…ㅋㅋ#일본 #한일부부 #shorts"", ""description"": """", ""thumbnails"": {""default"": {""url"": ""https://i.ytimg.com/vi/BzYocJyFFGk/default.jpg"", ""width"": 120, ""height"": 90}, ""medium"": {""url"": ""https://i.ytimg.com/vi/BzYocJyFFGk/mqdefault.jpg"", ""width"": 320, ""height"": 180}, ""high"": {""url"": ""https://i.ytimg.com/vi/BzYocJyFFGk/hqdefault.jpg"", ""width"": 480, ""height"": 360}, ""standard"": {""url"": ""https://i.ytimg.com/vi/BzYocJyFFGk/sddefault.jpg"", ""width"": 640, ""height"": 480}, ""maxres"": {""url"": ""https://i.ytimg.com/vi/BzYocJyFFGk/maxresdefault.jpg"", ""width"": 1280, ""height"": 720}}, ""channelTitle"": ""chipapa"", ""categoryId"": ""22"", ""liveBroadcastContent"": ""none"", ""defaultLanguage"": ""ko"", ""localized"": {""title"": ""단거 못먹는 일본아내가 두쫀크 먹고싶다고 해서 사왔는데…ㅋㅋ#일본 #한일부부 #shorts"", ""description"": """"}, ""defaultAudioLanguage"": ""ko""}, ""statistics"": {""viewCount"": ""33710"", ""likeCount"": ""986"", ""favoriteCount"": ""0"", ""commentCount"": ""37""}}"
두쫀쿠,preset,두쫀크,QoUXVIQM3Hc,두쫀크  소주 ㅋ,2026-04-03T05:17:33Z,540,9,2,https://www.youtube.com/watch?v=QoUXVIQM3Hc,youtube,두쫀크,typo,0.8,2026-05-26T11:39:31.823168+00:00,540,9,2,11,헤라,,"{""kind"": ""youtube#video"", ""etag"": ""HqUuLDYzjGjzUQlIUxDB9x2-4Eg"", ""id"": ""QoUXVIQM3Hc"", ""snippet"": {""publishedAt"": ""2026-04-03T05:17:33Z"", ""channelId"": ""UCJ1f-2OVLOxVH4EyllcACIQ"", ""title"": ""두쫀크  소주 ㅋ"", ""description"": """", ""thumbnails"": {""default"": {""url"": ""https://i.ytimg.com/vi/QoUXVIQM3Hc/default.jpg"", ""width"": 120, ""height"": 90}, ""medium"": {""url"": ""https://i.ytimg.com/vi/QoUXVIQM3Hc/mqdefault.jpg"", ""width"": 320, ""height"": 180}, ""high"": {""url"": ""https://i.ytimg.com/vi/QoUXVIQM3Hc/hqdefault.jpg"", ""width"": 480, ""height"": 360}, ""standard"": {""url"": ""https://i.ytimg.com/vi/QoUXVIQM3Hc/sddefault.jpg"", ""width"": 640, ""height"": 480}, ""maxres"": {""url"": ""https://i.ytimg.com/vi/QoUXVIQM3Hc/maxresdefault.jpg"", ""width"": 1280, ""height"": 720}}, ""channelTitle"": ""헤라"", ""categoryId"": ""22"", ""liveBroadcastContent"": ""none"", ""defaultLanguage"": ""ko"", ""localized"": {""title"": ""두쫀크  소주 ㅋ"", ""description"": """"}}, ""statistics"": {""viewCount"": ""540"", ""likeCount"": ""9"", ""favoriteCount"": ""0"", ""commentCount"": ""2""}}"
두쫀쿠,preset,두쫀크,EVy6SxZQdKg,두쫀크 소주도  있네 ㅋ,2026-04-03T04:11:51Z,97,2,3,https://www.youtube.com/watch?v=EVy6SxZQdKg,youtube,두쫀크,typo,0.8,2026-05-26T11:39:31.823168+00:00,97,2,3,5,헤라,,"{""kind"": ""youtube#video"", ""etag"": ""zagaP9sK60gklhzqTgpZjW1WwjU"", ""id"": ""EVy6SxZQdKg"", ""snippet"": {""publishedAt"": ""2026-04-03T04:11:51Z"", ""channelId"": ""UCJ1f-2OVLOxVH4EyllcACIQ"", ""title"": ""두쫀크 소주도  있네 ㅋ"", ""description"": """", ""thumbnails"": {""default"": {""url"": ""https://i.ytimg.com/vi/EVy6SxZQdKg/default.jpg"", ""width"": 120, ""height"": 90}, ""medium"": {""url"": ""https://i.ytimg.com/vi/EVy6SxZQdKg/mqdefault.jpg"", ""width"": 320, ""height"": 180}, ""high"": {""url"": ""https://i.ytimg.com/vi/EVy6SxZQdKg/hqdefault.jpg"", ""width"": 480, ""height"": 360}, ""standard"": {""url"": ""https://i.ytimg.com/vi/EVy6SxZQdKg/sddefault.jpg"", ""width"": 640, ""height"": 480}, ""maxres"": {""url"": ""https://i.ytimg.com/vi/EVy6SxZQdKg/maxresdefault.jpg"", ""width"": 1280, ""height"": 720}}, ""channelTitle"": ""헤라"", ""categoryId"": ""22"", ""liveBroadcastContent"": ""none"", ""defaultLanguage"": ""ko"", ""localized"": {""title"": ""두쫀크 소주도  있네 ㅋ"", ""description"": """"}}, ""statistics"": {""viewCount"": ""97"", ""likeCount"": ""2"", ""favoriteCount"": ""0"", ""commentCount"": ""3""}}"
두쫀쿠,preset,두쫀크,PgpkEGDc5NY,#미역국#두쫀크#감자튀김#막차탑승 ,2026-04-02T11:51:12Z,42,5,0,https://www.youtube.com/watch?v=PgpkEGDc5NY,youtube,두쫀크,typo,0.8,2026-05-26T11:39:31.823168+00:00,42,5,0,5,겜하는오리,,"{""kind"": ""youtube#video"", ""etag"": ""VVeKwfva_r4AbHDXm2McTjkPQ3k"", ""id"": ""PgpkEGDc5NY"", ""snippet"": {""publishedAt"": ""2026-04-02T11:51:12Z"", ""channelId"": ""UCldmzxf9IvMOlsDtwm8u9ug"", ""title"": ""#미역국#두쫀크#감자튀김#막차탑승 "", ""description"": """", ""thumbnails"": {""default"": {""url"": ""https://i.ytimg.com/vi/PgpkEGDc5NY/default.jpg"", ""width"": 120, ""height"": 90}, ""medium"": {""url"": ""https://i.ytimg.com/vi/PgpkEGDc5NY/mqdefault.jpg"", ""width"": 320, ""height"": 180}, ""high"": {""url"": ""https://i.ytimg.com/vi/PgpkEGDc5NY/hqdefault.jpg"", ""width"": 480, ""height"": 360}, ""standard"": {""url"": ""https://i.ytimg.com/vi/PgpkEGDc5NY/sddefault.jpg"", ""width"": 640, ""height"": 480}, ""maxres"": {""url"": ""https://i.ytimg.com/vi/PgpkEGDc5NY/maxresdefault.jpg"", ""width"": 1280, ""height"": 720}}, ""channelTitle"": ""겜하는오리"", ""categoryId"": ""24"", ""liveBroadcastContent"": ""none"", ""defaultLanguage"": ""ko"", ""localized"": {""title"": ""#미역국#두쫀크#감자튀김#막차탑승 "", ""description"": """"}}, ""statistics"": {""viewCount"": ""42"", ""likeCount"": ""5"", ""favoriteCount"": ""0"", ""commentCount"": ""0""}}"
두쫀쿠,preset,두쫀크,MmhGB8sVp78,두쫀크 하세요.,2026-03-30T04:39:30Z,1504,2,0,https://www.youtube.com/watch?v=MmhGB8sVp78,youtube,두쫀크,typo,0.8,2026-05-26T11:39:31.823168+00:00,1504,2,0,2,헤드스파는 마이옴스파,"두쫀크 하세요!!

두피가 쫀쫀해지는 크림같은 거품!!

마이옴 스파의 샴푸는 일반 샴푸보다
훨씬 더 풍성하고 쫀쫀한 크림같은 거품으로
두피와 모발을 더 부드럽게 감싸줍니다.

가볍게 사라지는 거품이 아니라  
쫀쫀하고 밀도 있는 크림 거품이라  
헤드 스파할 때 만족감도 훨씬 다릅니다.

두피는 편안하게,  
모발은 부드럽게.

두쫀크 거품의 차이를 느껴보세요.

#헤드스파는마이옴스파
#샴푸 #헤드스파 
#두피관리 #두피케어","{""kind"": ""youtube#video"", ""etag"": ""eLX01VX1tkgvj1f8e7Vl41lPFGA"", ""id"": ""MmhGB8sVp78"", ""snippet"": {""publishedAt"": ""2026-03-30T04:39:30Z"", ""channelId"": ""UCnAW5fg6VE7V7vb62tcW3wQ"", ""title"": ""두쫀크 하세요."", ""description"": ""두쫀크 하세요!!\n\n두피가 쫀쫀해지는 크림같은 거품!!\n\n마이옴 스파의 샴푸는 일반 샴푸보다\n훨씬 더 풍성하고 쫀쫀한 크림같은 거품으로\n두피와 모발을 더 부드럽게 감싸줍니다.\n\n가볍게 사라지는 거품이 아니라  \n쫀쫀하고 밀도 있는 크림 거품이라  \n헤드 스파할 때 만족감도 훨씬 다릅니다.\n\n두피는 편안하게,  \n모발은 부드럽게.\n\n두쫀크 거품의 차이를 느껴보세요.\n\n#헤드스파는마이옴스파\n#샴푸 #헤드스파 \n#두피관리 #두피케어"", ""thumbnails"": {""default"": {""url"": ""https://i.ytimg.com/vi/MmhGB8sVp78/default.jpg"", ""width"": 120, ""height"": 90}, ""medium"": {""url"": ""https://i.ytimg.com/vi/MmhGB8sVp78/mqdefault.jpg"", ""width"": 320, ""height"": 180}, ""high"": {""url"": ""https://i.ytimg.com/vi/MmhGB8sVp78/hqdefault.jpg"", ""width"": 480, ""height"": 360}, ""standard"": {""url"": ""https://i.ytimg.com/vi/MmhGB8sVp78/sddefault.jpg"", ""width"": 640, ""height"": 480}, ""maxres"": {""url"": ""https://i.ytimg.com/vi/MmhGB8sVp78/maxresdefault.jpg"", ""width"": 1280, ""height"": 720}}, ""channelTitle"": ""헤드스파는 마이옴스파"", ""tags"": [""두쫀크"", ""두쫀쿠"", ""마이옴스파"", ""헤드스파는마이옴스파"", ""두피샴푸"", ""헤드스파""], ""categoryId"": ""27"", ""liveBroadcastContent"": ""none"", ""defaultLanguage"": ""ko"", ""localized"": {""title"": ""두쫀크 하세요."", ""description"": ""두쫀크 하세요!!\n\n두피가 쫀쫀해지는 크림같은 거품!!\n\n마이옴 스파의 샴푸는 일반 샴푸보다\n훨씬 더 풍성하고 쫀쫀한 크림같은 거품으로\n두피와 모발을 더 부드럽게 감싸줍니다.\n\n가볍게 사라지는 거품이 아니라  \n쫀쫀하고 밀도 있는 크림 거품이라  \n헤드 스파할 때 만족감도 훨씬 다릅니다.\n\n두피는 편안하게,  \n모발은 부드럽게.\n\n두쫀크 거품의 차이를 느껴보세요.\n\n#헤드스파는마이옴스파\n#샴푸 #헤드스파 \n#두피관리 #두피케어""}}, ""statistics"": {""viewCount"": ""1504"", ""likeCount"": ""2"", ""favoriteCount"": ""0"", ""commentCount"": ""0""}}"
두쫀쿠,preset,두쫀크,l-lRPekHbIY,미역국 챌린지 #미역국 #삼겹살 #두쫀크 #감자튀김 #코카콜라 #아이와함께 #브이로그,2026-03-29T01:28:22Z,106,4,0,https://www.youtube.com/watch?v=l-lRPekHbIY,youtube,두쫀크,typo,0.8,2026-05-26T11:39:31.823168+00:00,106,4,0,4,김시현TV,미역국 챌린지,"{""kind"": ""youtube#video"", ""etag"": ""cHMuw4bjc0_pVaSsscgoRgMxA2k"", ""id"": ""l-lRPekHbIY"", ""snippet"": {""publishedAt"": ""2026-03-29T01:28:22Z"", ""channelId"": ""UCPDokco9WS08vUWZOokJ-ww"", ""title"": ""미역국 챌린지 #미역국 #삼겹살 #두쫀크 #감자튀김 #코카콜라 #아이와함께 #브이로그"", ""description"": ""미역국 챌린지"", ""thumbnails"": {""default"": {""url"": ""https://i.ytimg.com/vi/l-lRPekHbIY/default.jpg"", ""width"": 120, ""height"": 90}, ""medium"": {""url"": ""https://i.ytimg.com/vi/l-lRPekHbIY/mqdefault.jpg"", ""width"": 320, ""height"": 180}, ""high"": {""url"": ""https://i.ytimg.com/vi/l-lRPekHbIY/hqdefault.jpg"", ""width"": 480, ""height"": 360}, ""standard"": {""url"": ""https://i.ytimg.com/vi/l-lRPekHbIY/sddefault.jpg"", ""width"": 640, ""height"": 480}, ""maxres"": {""url"": ""https://i.ytimg.com/vi/l-lRPekHbIY/maxresdefault.jpg"", ""width"": 1280, ""height"": 720}}, ""channelTitle"": ""김시현TV"", ""categoryId"": ""22"", ""liveBroadcastContent"": ""none"", ""defaultLanguage"": ""ko"", ""localized"": {""title"": ""미역국 챌린지 #미역국 #삼겹살 #두쫀크 #감자튀김 #코카콜라 #아이와함께 #브이로그"", ""description"": ""미역국 챌린지""}}, ""statistics"": {""viewCount"": ""106"", ""likeCount"": ""4"", ""favoriteCount"": ""0""}}"
두쫀쿠,preset,두쫀크,iXqLy4e2lgU,#초등#불금#카페#두쫀크,2026-03-27T12:26:28Z,1759,7,0,https://www.youtube.com/watch?v=iXqLy4e2lgU,youtube,두쫀크,typo,0.8,2026-05-26T11:39:31.823168+00:00,1759,7,0,7,봉화TV,,"{""kind"": ""youtube#video"", ""etag"": ""jsTn9PbfY1wJMsD9z5NPkPB7yy8"", ""id"": ""iXqLy4e2lgU"", ""snippet"": {""publishedAt"": ""2026-03-27T12:26:28Z"", ""channelId"": ""UCispa5LRqIun3tUXJ9KjUMg"", ""title"": ""#초등#불금#카페#두쫀크"", ""description"": """", ""thumbnails"": {""default"": {""url"": ""https://i.ytimg.com/vi/iXqLy4e2lgU/default.jpg"", ""width"": 120, ""height"": 90}, ""medium"": {""url"": ""https://i.ytimg.com/vi/iXqLy4e2lgU/mqdefault.jpg"", ""width"": 320, ""height"": 180}, ""high"": {""url"": ""https://i.ytimg.com/vi/iXqLy4e2lgU/hqdefault.jpg"", ""width"": 480, ""height"": 360}, ""standard"": {""url"": ""https://i.ytimg.com/vi/iXqLy4e2lgU/sddefault.jpg"", ""width"": 640, ""height"": 480}, ""maxres"": {""url"": ""https://i.ytimg.com/vi/iXqLy4e2lgU/maxresdefault.jpg"", ""width"": 1280, ""height"": 720}}, ""channelTitle"": ""봉화TV"", ""categoryId"": ""22"", ""liveBroadcastContent"": ""none"", ""defaultLanguage"": ""ko"", ""localized"": {""title"": ""#초등#불금#카페#두쫀크"", ""description"": """"}}, ""statistics"": {""viewCount"": ""1759"", ""likeCount"": ""7"", ""favoriteCount"": ""0""}}"
두쫀쿠,preset,두쫀크,1G1wTBOsozg,[더빙]날라가는 두쫀크 #더빙연습 #더빙영상 #쇼츠,2026-03-27T01:22:31Z,7017,6,0,https://www.youtube.com/watch?v=1G1wTBOsozg,youtube,두쫀크,typo,0.8,2026-05-26T11:39:31.823168+00:00,7017,6,0,6,기가차니,,"{""kind"": ""youtube#video"", ""etag"": ""bEDkv01KbkOpR34-CAno7J58Q0g"", ""id"": ""1G1wTBOsozg"", ""snippet"": {""publishedAt"": ""2026-03-27T01:22:31Z"", ""channelId"": ""UCREKFCfp3qB-SROuhTAsKQg"", ""title"": ""[더빙]날라가는 두쫀크 #더빙연습 #더빙영상 #쇼츠"", ""description"": """", ""thumbnails"": {""default"": {""url"": ""https://i.ytimg.com/vi/1G1wTBOsozg/default.jpg"", ""width"": 120, ""height"": 90}, ""medium"": {""url"": ""https://i.ytimg.com/vi/1G1wTBOsozg/mqdefault.jpg"", ""width"": 320, ""height"": 180}, ""high"": {""url"": ""https://i.ytimg.com/vi/1G1wTBOsozg/hqdefault.jpg"", ""width"": 480, ""height"": 360}, ""standard"": {""url"": ""https://i.ytimg.com/vi/1G1wTBOsozg/sddefault.jpg"", ""width"": 640, ""height"": 480}, ""maxres"": {""url"": ""https://i.ytimg.com/vi/1G1wTBOsozg/maxresdefault.jpg"", ""width"": 1280, ""height"": 720}}, ""channelTitle"": ""기가차니"", ""categoryId"": ""1"", ""liveBroadcastContent"": ""none"", ""defaultLanguage"": ""ko"", ""localized"": {""title"": ""[더빙]날라가는 두쫀크 #더빙연습 #더빙영상 #쇼츠"", ""description"": """"}, ""defaultAudioLanguage"": ""ko""}, ""statistics"": {""viewCount"": ""7017"", ""likeCount"": ""6"", ""favoriteCount"": ""0"", ""commentCount"": ""0""}}"
두쫀쿠,preset,두쫀크,cIn0f-dAUjU,비장하게 오르지만 현실은 두쫀크🙀,2026-03-22T12:29:42Z,1751,11,1,https://www.youtube.com/watch?v=cIn0f-dAUjU,youtube,두쫀크,typo,0.8,2026-05-26T11:39:31.823168+00:00,1751,11,1,12,콩삼콩,#강아지 #사모예드 #강아지일상 #콩삼콩 #dogshorts #dogs #dog #shorts,"{""kind"": ""youtube#video"", ""etag"": ""XMmp2MZXJ9IeY9GMASFTdiPv5mQ"", ""id"": ""cIn0f-dAUjU"", ""snippet"": {""publishedAt"": ""2026-03-22T12:29:42Z"", ""channelId"": ""UCQDCIkv2GUr4W4hldPecAGA"", ""title"": ""비장하게 오르지만 현실은 두쫀크🙀"", ""description"": ""#강아지 #사모예드 #강아지일상 #콩삼콩 #dogshorts #dogs #dog #shorts"", ""thumbnails"": {""default"": {""url"": ""https://i.ytimg.com/vi/cIn0f-dAUjU/default.jpg"", ""width"": 120, ""height"": 90}, ""medium"": {""url"": ""https://i.ytimg.com/vi/cIn0f-dAUjU/mqdefault.jpg"", ""width"": 320, ""height"": 180}, ""high"": {""url"": ""https://i.ytimg.com/vi/cIn0f-dAUjU/hqdefault.jpg"", ""width"": 480, ""height"": 360}, ""standard"": {""url"": ""https://i.ytimg.com/vi/cIn0f-dAUjU/sddefault.jpg"", ""width"": 640, ""height"": 480}, ""maxres"": {""url"": ""https://i.ytimg.com/vi/cIn0f-dAUjU/maxresdefault.jpg"", ""width"": 1280, ""height"": 720}}, ""channelTitle"": ""콩삼콩"", ""categoryId"": ""22"", ""liveBroadcastContent"": ""none"", ""defaultLanguage"": ""ko"", ""localized"": {""title"": ""비장하게 오르지만 현실은 두쫀크🙀"", ""description"": ""#강아지 #사모예드 #강아지일상 #콩삼콩 #dogshorts #dogs #dog #shorts""}, ""defaultAudioLanguage"": ""ko""}, ""statistics"": {""viewCount"": ""1751"", ""likeCount"": ""11"", ""favoriteCount"": ""0"", ""commentCount"": ""1""}}"
두쫀쿠,preset,두쫀크,AwWhBCE0VLE,두쫀크OOTDㅋㅋ,2026-03-21T22:00:08Z,56,1,0,https://www.youtube.com/watch?v=AwWhBCE0VLE,youtube,두쫀크,typo,0.8,2026-05-26T11:39:31.823168+00:00,56,1,0,1,포항MBC,,"{""kind"": ""youtube#video"", ""etag"": ""DsYX7THECfbqMlosMgzLkrw5qVU"", ""id"": ""AwWhBCE0VLE"", ""snippet"": {""publishedAt"": ""2026-03-21T22:00:08Z"", ""channelId"": ""UCUCTB6SlKi41uFglgP36rVg"", ""title"": ""두쫀크OOTDㅋㅋ"", ""description"": """", ""thumbnails"": {""default"": {""url"": ""https://i.ytimg.com/vi/AwWhBCE0VLE/default.jpg"", ""width"": 120, ""height"": 90}, ""medium"": {""url"": ""https://i.ytimg.com/vi/AwWhBCE0VLE/mqdefault.jpg"", ""width"": 320, ""height"": 180}, ""high"": {""url"": ""https://i.ytimg.com/vi/AwWhBCE0VLE/hqdefault.jpg"", ""width"": 480, ""height"": 360}, ""standard"": {""url"": ""https://i.ytimg.com/vi/AwWhBCE0VLE/sddefault.jpg"", ""width"": 640, ""height"": 480}, ""maxres"": {""url"": ""https://i.ytimg.com/vi/AwWhBCE0VLE/maxresdefault.jpg"", ""width"": 1280, ""height"": 720}}, ""channelTitle"": ""포항MBC"", ""categoryId"": ""27"", ""liveBroadcastContent"": ""none"", ""defaultLanguage"": ""ko"", ""localized"": {""title"": ""두쫀크OOTDㅋㅋ"", ""description"": """"}, ""defaultAudioLanguage"": ""ko""}, ""statistics"": {""viewCount"": ""56"", ""likeCount"": ""1"", ""favoriteCount"": ""0"", ""commentCount"": ""0""}}"
두쫀쿠,preset,두쫀크,1AhzvrMtqlk,두쫀크타워,2026-03-20T09:10:43Z,350,5,2,https://www.youtube.com/watch?v=1AhzvrMtqlk,youtube,두쫀크,typo,0.8,2026-05-26T11:39:31.823168+00:00,350,5,2,7,나는겸둥이,,"{""kind"": ""youtube#video"", ""etag"": ""fbXok_KVEpHLywVj7U4nmAmqDr8"", ""id"": ""1AhzvrMtqlk"", ""snippet"": {""publishedAt"": ""2026-03-20T09:10:43Z"", ""channelId"": ""UCHARsOXV0dJ0WXWr-n7gdvw"", ""title"": ""두쫀크타워"", ""description"": """", ""thumbnails"": {""default"": {""url"": ""https://i.ytimg.com/vi/1AhzvrMtqlk/default.jpg"", ""width"": 120, ""height"": 90}, ""medium"": {""url"": ""https://i.ytimg.com/vi/1AhzvrMtqlk/mqdefault.jpg"", ""width"": 320, ""height"": 180}, ""high"": {""url"": ""https://i.ytimg.com/vi/1AhzvrMtqlk/hqdefault.jpg"", ""width"": 480, ""height"": 360}, ""standard"": {""url"": ""https://i.ytimg.com/vi/1AhzvrMtqlk/sddefault.jpg"", ""width"": 640, ""height"": 480}, ""maxres"": {""url"": ""https://i.ytimg.com/vi/1AhzvrMtqlk/maxresdefault.jpg"", ""width"": 1280, ""height"": 720}}, ""channelTitle"": ""나는겸둥이"", ""categoryId"": ""22"", ""liveBroadcastContent"": ""none"", ""defaultLanguage"": ""ko"", ""localized"": {""title"": ""두쫀크타워"", ""description"": """"}}, ""statistics"": {""viewCount"": ""350"", ""likeCount"": ""5"", ""favoriteCount"": ""0"", ""commentCount"": ""2""}}"
두쫀쿠,preset,두쫀크,rim1oahL-PA,미역국은 찰랑찰랑 #미역국은찰랑찰랑 #두쫀크 #해피예서 #dance #랜덤플레이댄스 #kpop #trending #shorts #punny #fyp #music #cute,2026-03-19T01:58:40Z,23042,278,0,https://www.youtube.com/watch?v=rim1oahL-PA,youtube,두쫀크,typo,0.8,2026-05-26T11:39:31.823168+00:00,23042,278,0,278,해피예서,,"{""kind"": ""youtube#video"", ""etag"": ""md3E8wpgRijFPs_TVOWDAX74-ik"", ""id"": ""rim1oahL-PA"", ""snippet"": {""publishedAt"": ""2026-03-19T01:58:40Z"", ""channelId"": ""UCWNd9fL8_CL8Pi-5Lsdr-XQ"", ""title"": ""미역국은 찰랑찰랑 #미역국은찰랑찰랑 #두쫀크 #해피예서 #dance #랜덤플레이댄스 #kpop #trending #shorts #punny #fyp #music #cute"", ""description"": """", ""thumbnails"": {""default"": {""url"": ""https://i.ytimg.com/vi/rim1oahL-PA/default.jpg"", ""width"": 120, ""height"": 90}, ""medium"": {""url"": ""https://i.ytimg.com/vi/rim1oahL-PA/mqdefault.jpg"", ""width"": 320, ""height"": 180}, ""high"": {""url"": ""https://i.ytimg.com/vi/rim1oahL-PA/hqdefault.jpg"", ""width"": 480, ""height"": 360}, ""standard"": {""url"": ""https://i.ytimg.com/vi/rim1oahL-PA/sddefault.jpg"", ""width"": 640, ""height"": 480}, ""maxres"": {""url"": ""https://i.ytimg.com/vi/rim1oahL-PA/maxresdefault.jpg"", ""width"": 1280, ""height"": 720}}, ""channelTitle"": ""해피예서"", ""categoryId"": ""22"", ""liveBroadcastContent"": ""none"", ""defaultLanguage"": ""ko"", ""localized"": {""title"": ""미역국은 찰랑찰랑 #미역국은찰랑찰랑 #두쫀크 #해피예서 #dance #랜덤플레이댄스 #kpop #trending #shorts #punny #fyp #music #cute"", ""description"": """"}}, ""statistics"": {""viewCount"": ""23042"", ""likeCount"": ""278"", ""favoriteCount"": ""0""}}"
두쫀쿠,preset,두쫀크,1ku_cqj2ti8,제주 두쫀크맛집 동문시장 찰리의공장 #두쫀크,2026-03-18T09:40:54Z,1587,5,0,https://www.youtube.com/watch?v=1ku_cqj2ti8,youtube,두쫀크,typo,0.8,2026-05-26T11:39:31.823168+00:00,1587,5,0,5,K-BALLOON제주김해풍선,"""이 포스팅은 쿠팡 파트너스 활동의 일환으로, 이에 따른 일정액의 수수료를 제공받습니다.""","{""kind"": ""youtube#video"", ""etag"": ""CyJuzpzixeXsyDnYbTE_4WBDgJo"", ""id"": ""1ku_cqj2ti8"", ""snippet"": {""publishedAt"": ""2026-03-18T09:40:54Z"", ""channelId"": ""UCCAujAtOoZgq9EDUlCJ6Gxw"", ""title"": ""제주 두쫀크맛집 동문시장 찰리의공장 #두쫀크"", ""description"": ""\""이 포스팅은 쿠팡 파트너스 활동의 일환으로, 이에 따른 일정액의 수수료를 제공받습니다.\"""", ""thumbnails"": {""default"": {""url"": ""https://i.ytimg.com/vi/1ku_cqj2ti8/default.jpg"", ""width"": 120, ""height"": 90}, ""medium"": {""url"": ""https://i.ytimg.com/vi/1ku_cqj2ti8/mqdefault.jpg"", ""width"": 320, ""height"": 180}, ""high"": {""url"": ""https://i.ytimg.com/vi/1ku_cqj2ti8/hqdefault.jpg"", ""width"": 480, ""height"": 360}, ""standard"": {""url"": ""https://i.ytimg.com/vi/1ku_cqj2ti8/sddefault.jpg"", ""width"": 640, ""height"": 480}, ""maxres"": {""url"": ""https://i.ytimg.com/vi/1ku_cqj2ti8/maxresdefault.jpg"", ""width"": 1280, ""height"": 720}}, ""channelTitle"": ""K-BALLOON제주김해풍선"", ""categoryId"": ""26"", ""liveBroadcastContent"": ""none"", ""defaultLanguage"": ""ko"", ""localized"": {""title"": ""제주 두쫀크맛집 동문시장 찰리의공장 #두쫀크"", ""description"": ""\""이 포스팅은 쿠팡 파트너스 활동의 일환으로, 이에 따른 일정액의 수수료를 제공받습니다.\""""}, ""defaultAudioLanguage"": ""ko""}, ""statistics"": {""viewCount"": ""1587"", ""likeCount"": ""5"", ""favoriteCount"": ""0"", ""commentCount"": ""0""}}"
두쫀쿠,preset,두쫀크,R1BhS3uE4nQ,엘라라+두쫀크=둠즈야미,2026-03-12T09:58:47Z,11,1,0,https://www.youtube.com/watch?v=R1BhS3uE4nQ,youtube,두쫀크,typo,0.8,2026-05-26T11:39:31.823168+00:00,11,1,0,1,고석준,,"{""kind"": ""youtube#video"", ""etag"": ""9O2wd8GrOox6Xpzc57vhOgJnJwk"", ""id"": ""R1BhS3uE4nQ"", ""snippet"": {""publishedAt"": ""2026-03-12T09:58:47Z"", ""channelId"": ""UC873wia69Np0ITcu_dRrgpQ"", ""title"": ""엘라라+두쫀크=둠즈야미"", ""description"": """", ""thumbnails"": {""default"": {""url"": ""https://i.ytimg.com/vi/R1BhS3uE4nQ/default.jpg"", ""width"": 120, ""height"": 90}, ""medium"": {""url"": ""https://i.ytimg.com/vi/R1BhS3uE4nQ/mqdefault.jpg"", ""width"": 320, ""height"": 180}, ""high"": {""url"": ""https://i.ytimg.com/vi/R1BhS3uE4nQ/hqdefault.jpg"", ""width"": 480, ""height"": 360}, ""standard"": {""url"": ""https://i.ytimg.com/vi/R1BhS3uE4nQ/sddefault.jpg"", ""width"": 640, ""height"": 480}, ""maxres"": {""url"": ""https://i.ytimg.com/vi/R1BhS3uE4nQ/maxresdefault.jpg"", ""width"": 1280, ""height"": 720}}, ""channelTitle"": ""고석준"", ""categoryId"": ""22"", ""liveBroadcastContent"": ""none"", ""defaultLanguage"": ""ko"", ""localized"": {""title"": ""엘라라+두쫀크=둠즈야미"", ""description"": """"}}, ""statistics"": {""viewCount"": ""11"", ""likeCount"": ""1"", ""favoriteCount"": ""0"", ""commentCount"": ""0""}}"
두쫀쿠,preset,두쫀크,_B8IVYKkMBw,두쫀크 인형 완성! good job!,2026-03-11T15:26:02Z,17,2,0,https://www.youtube.com/watch?v=_B8IVYKkMBw,youtube,두쫀크,typo,0.8,2026-05-26T11:39:31.823168+00:00,17,2,0,2,라엘라엘TV,,"{""kind"": ""youtube#video"", ""etag"": ""-HpeuqsCWOl25YJErlE5IWvnibs"", ""id"": ""_B8IVYKkMBw"", ""snippet"": {""publishedAt"": ""2026-03-11T15:26:02Z"", ""channelId"": ""UCIp0W9a6fQAI-0kegLMnvnQ"", ""title"": ""두쫀크 인형 완성! good job!"", ""description"": """", ""thumbnails"": {""default"": {""url"": ""https://i.ytimg.com/vi/_B8IVYKkMBw/default.jpg"", ""width"": 120, ""height"": 90}, ""medium"": {""url"": ""https://i.ytimg.com/vi/_B8IVYKkMBw/mqdefault.jpg"", ""width"": 320, ""height"": 180}, ""high"": {""url"": ""https://i.ytimg.com/vi/_B8IVYKkMBw/hqdefault.jpg"", ""width"": 480, ""height"": 360}, ""standard"": {""url"": ""https://i.ytimg.com/vi/_B8IVYKkMBw/sddefault.jpg"", ""width"": 640, ""height"": 480}, ""maxres"": {""url"": ""https://i.ytimg.com/vi/_B8IVYKkMBw/maxresdefault.jpg"", ""width"": 1280, ""height"": 720}}, ""channelTitle"": ""라엘라엘TV"", ""categoryId"": ""22"", ""liveBroadcastContent"": ""none"", ""defaultLanguage"": ""ko"", ""localized"": {""title"": ""두쫀크 인형 완성! good job!"", ""description"": """"}}, ""statistics"": {""viewCount"": ""17"", ""likeCount"": ""2"", ""favoriteCount"": ""0"", ""commentCount"": ""0""}}"
두쫀쿠,preset,두쫀크,DJSMRWXJeA0,두쫀크의 미역국 챌린지 #chzzk #버튜버,2026-03-11T13:18:25Z,2773,20,4,https://www.youtube.com/watch?v=DJSMRWXJeA0,youtube,두쫀크,typo,0.8,2026-05-26T11:39:31.823168+00:00,2773,20,4,24,불법노점챰,"#버츄얼 #vtuber #버튜버 #chzzk #노가리 #스트리머#챌린지 #미역국챌린지

비비챰 채널 : https://chzzk.naver.com/5d2d579e1c5ddf327e10b024c0e7caaf

영상 / 음원 : 행복한피자빵

스페셜땡스 : 징버거","{""kind"": ""youtube#video"", ""etag"": ""jrpMZyoQNSd0SAmyxatYQ7abxw0"", ""id"": ""DJSMRWXJeA0"", ""snippet"": {""publishedAt"": ""2026-03-11T13:18:25Z"", ""channelId"": ""UCofCk9rOJrrDITpgW1BISHw"", ""title"": ""두쫀크의 미역국 챌린지 #chzzk #버튜버"", ""description"": ""#버츄얼 #vtuber #버튜버 #chzzk #노가리 #스트리머#챌린지 #미역국챌린지\n\n비비챰 채널 : https://chzzk.naver.com/5d2d579e1c5ddf327e10b024c0e7caaf\n\n영상 / 음원 : 행복한피자빵\n\n스페셜땡스 : 징버거"", ""thumbnails"": {""default"": {""url"": ""https://i.ytimg.com/vi/DJSMRWXJeA0/default.jpg"", ""width"": 120, ""height"": 90}, ""medium"": {""url"": ""https://i.ytimg.com/vi/DJSMRWXJeA0/mqdefault.jpg"", ""width"": 320, ""height"": 180}, ""high"": {""url"": ""https://i.ytimg.com/vi/DJSMRWXJeA0/hqdefault.jpg"", ""width"": 480, ""height"": 360}, ""standard"": {""url"": ""https://i.ytimg.com/vi/DJSMRWXJeA0/sddefault.jpg"", ""width"": 640, ""height"": 480}, ""maxres"": {""url"": ""https://i.ytimg.com/vi/DJSMRWXJeA0/maxresdefault.jpg"", ""width"": 1280, ""height"": 720}}, ""channelTitle"": ""불법노점챰"", ""categoryId"": ""22"", ""liveBroadcastContent"": ""none"", ""defaultLanguage"": ""ko"", ""localized"": {""title"": ""두쫀크의 미역국 챌린지 #chzzk #버튜버"", ""description"": ""#버츄얼 #vtuber #버튜버 #chzzk #노가리 #스트리머#챌린지 #미역국챌린지\n\n비비챰 채널 : https://chzzk.naver.com/5d2d579e1c5ddf327e10b024c0e7caaf\n\n영상 / 음원 : 행복한피자빵\n\n스페셜땡스 : 징버거""}, ""defaultAudioLanguage"": ""ko""}, ""statistics"": {""viewCount"": ""2773"", ""likeCount"": ""20"", ""favoriteCount"": ""0"", ""commentCount"": ""4""}}"
두쫀쿠,preset,두쫀크,2kRB4OJG5Bg,#4m#브릿지교회 #교회일상#두쫀크#요리#kpop#우리들의 일상#기타독학#찬양,2026-03-08T23:42:58Z,2,1,0,https://www.youtube.com/watch?v=2kRB4OJG5Bg,youtube,두쫀크,typo,0.8,2026-05-26T11:39:31.823168+00:00,2,1,0,1,기자회견,,"{""kind"": ""youtube#video"", ""etag"": ""0YrsDxtTrM4lDn2TOYrZnquk4ow"", ""id"": ""2kRB4OJG5Bg"", ""snippet"": {""publishedAt"": ""2026-03-08T23:42:58Z"", ""channelId"": ""UChrKQ31LEcRLhsNC3OJK5bw"", ""title"": ""#4m#브릿지교회 #교회일상#두쫀크#요리#kpop#우리들의 일상#기타독학#찬양"", ""description"": """", ""thumbnails"": {""default"": {""url"": ""https://i.ytimg.com/vi/2kRB4OJG5Bg/default.jpg"", ""width"": 120, ""height"": 90}, ""medium"": {""url"": ""https://i.ytimg.com/vi/2kRB4OJG5Bg/mqdefault.jpg"", ""width"": 320, ""height"": 180}, ""high"": {""url"": ""https://i.ytimg.com/vi/2kRB4OJG5Bg/hqdefault.jpg"", ""width"": 480, ""height"": 360}, ""standard"": {""url"": ""https://i.ytimg.com/vi/2kRB4OJG5Bg/sddefault.jpg"", ""width"": 640, ""height"": 480}, ""maxres"": {""url"": ""https://i.ytimg.com/vi/2kRB4OJG5Bg/maxresdefault.jpg"", ""width"": 1280, ""height"": 720}}, ""channelTitle"": ""기자회견"", ""categoryId"": ""22"", ""liveBroadcastContent"": ""none"", ""defaultLanguage"": ""ko"", ""localized"": {""title"": ""#4m#브릿지교회 #교회일상#두쫀크#요리#kpop#우리들의 일상#기타독학#찬양"", ""description"": """"}}, ""statistics"": {""viewCount"": ""2"", ""likeCount"": ""1"", ""favoriteCount"": ""0"", ""commentCount"": ""0""}}"
두쫀쿠,preset,두쫀크,e8UNRxN8bHw,"​요즘핫하다는 두쫀크! 희동이도 먹어봤어용!😋""#희동이 #강아지쇼츠 #두바이초코모찌 #귀여운영상 #강아지먹방 #반려견일상 #Shorts #CutePuppy #ai이미지 #강아지간식",2026-03-05T11:27:44Z,197,8,6,https://www.youtube.com/watch?v=e8UNRxN8bHw,youtube,두쫀크,typo,0.8,2026-05-26T11:39:31.823168+00:00,197,8,6,14,스마일희동쌤😄,,"{""kind"": ""youtube#video"", ""etag"": ""wmPjX42BmITS_AY0KOwI6q-UJaY"", ""id"": ""e8UNRxN8bHw"", ""snippet"": {""publishedAt"": ""2026-03-05T11:27:44Z"", ""channelId"": ""UCXN22BLa8h35MyouLA-SY7A"", ""title"": ""​요즘핫하다는 두쫀크! 희동이도 먹어봤어용!😋\""#희동이 #강아지쇼츠 #두바이초코모찌 #귀여운영상 #강아지먹방 #반려견일상 #Shorts #CutePuppy #ai이미지 #강아지간식"", ""description"": """", ""thumbnails"": {""default"": {""url"": ""https://i.ytimg.com/vi/e8UNRxN8bHw/default.jpg"", ""width"": 120, ""height"": 90}, ""medium"": {""url"": ""https://i.ytimg.com/vi/e8UNRxN8bHw/mqdefault.jpg"", ""width"": 320, ""height"": 180}, ""high"": {""url"": ""https://i.ytimg.com/vi/e8UNRxN8bHw/hqdefault.jpg"", ""width"": 480, ""height"": 360}, ""standard"": {""url"": ""https://i.ytimg.com/vi/e8UNRxN8bHw/sddefault.jpg"", ""width"": 640, ""height"": 480}, ""maxres"": {""url"": ""https://i.ytimg.com/vi/e8UNRxN8bHw/maxresdefault.jpg"", ""width"": 1280, ""height"": 720}}, ""channelTitle"": ""스마일희동쌤😄"", ""categoryId"": ""22"", ""liveBroadcastContent"": ""none"", ""defaultLanguage"": ""ko"", ""localized"": {""title"": ""​요즘핫하다는 두쫀크! 희동이도 먹어봤어용!😋\""#희동이 #강아지쇼츠 #두바이초코모찌 #귀여운영상 #강아지먹방 #반려견일상 #Shorts #CutePuppy #ai이미지 #강아지간식"", ""description"": """"}}, ""statistics"": {""viewCount"": ""197"", ""likeCount"": ""8"", ""favoriteCount"": ""0"", ""commentCount"": ""6""}}"
두쫀쿠,preset,카다이프,0gyeUN-E7jA,닌자블렌더 두바이 초콜릿 찹쌀떡 꿀조합! 피스타치오 카다이프 듬뿍 (서울디저트/수능떡),2026-05-25T22:40:56Z,1,0,1,https://www.youtube.com/watch?v=0gyeUN-E7jA,youtube,카다이프,related,0.3,2026-05-26T11:39:31.823168+00:00,1,0,1,1,가격스캔5,"이 포스팅은 쿠팡 파트너스 활동의 일환으로, 이에 따른 일정액의 수수료를 제공받습니다.


5위 - 서울디저트 진짜맛있는 두바이 초콜릿 피스타치오 카다이프 초콜렛, 1개, 75g
가격 : 13890원
할인제품 : https://link.coupang.com/a/d3lJCfRjaK


4위 - 미크플로 두바이 초콜릿 모찌 240g 찹쌀떡 선물세트 피스타치오 카다이프 듬뿍, 3세트
가격 : 46500원
할인제품 : https://link.coupang.com/a/d3lJxHH1SC


3위 - 쿠캣 티라미수쏙 찹쌀떡 (냉동), 60g, 9개입, 1개
가격 : 13500원
할인제품 : https://link.coupang.com/a/d3lJsUv0G4


2위 - 미크플로 두바이 초콜릿 모찌 240g 찹쌀떡 선물세트 피스타치오 카다이프 듬뿍, 1세트
가격 : 18800원
할인제품 : https://link.coupang.com/a/d3lJnOZ2tg


1위 - 수능찹쌀떡 두바이초콜릿찹쌀떡, 5개, 40g
가격 : 26000원
할인제품 : https://link.coupang.com/a/d3lEObCGAe



#TOP5 #베스트상품 #인기상품 #필수템 #가성비좋은제품 #추천상품 #베스트픽 #쇼핑가이드 #핫템","{""kind"": ""youtube#video"", ""etag"": ""dpuF2emha1OLc1kC1ikJYNvY9jc"", ""id"": ""0gyeUN-E7jA"", ""snippet"": {""publishedAt"": ""2026-05-25T22:40:56Z"", ""channelId"": ""UCfU05hDwLEq5UgVwPHQfHTQ"", ""title"": ""닌자블렌더 두바이 초콜릿 찹쌀떡 꿀조합! 피스타치오 카다이프 듬뿍 (서울디저트/수능떡)"", ""description"": ""이 포스팅은 쿠팡 파트너스 활동의 일환으로, 이에 따른 일정액의 수수료를 제공받습니다.\n\n\n5위 - 서울디저트 진짜맛있는 두바이 초콜릿 피스타치오 카다이프 초콜렛, 1개, 75g\n가격 : 13890원\n할인제품 : https://link.coupang.com/a/d3lJCfRjaK\n\n\n4위 - 미크플로 두바이 초콜릿 모찌 240g 찹쌀떡 선물세트 피스타치오 카다이프 듬뿍, 3세트\n가격 : 46500원\n할인제품 : https://link.coupang.com/a/d3lJxHH1SC\n\n\n3위 - 쿠캣 티라미수쏙 찹쌀떡 (냉동), 60g, 9개입, 1개\n가격 : 13500원\n할인제품 : https://link.coupang.com/a/d3lJsUv0G4\n\n\n2위 - 미크플로 두바이 초콜릿 모찌 240g 찹쌀떡 선물세트 피스타치오 카다이프 듬뿍, 1세트\n가격 : 18800원\n할인제품 : https://link.coupang.com/a/d3lJnOZ2tg\n\n\n1위 - 수능찹쌀떡 두바이초콜릿찹쌀떡, 5개, 40g\n가격 : 26000원\n할인제품 : https://link.coupang.com/a/d3lEObCGAe\n\n\n\n#TOP5 #베스트상품 #인기상품 #필수템 #가성비좋은제품 #추천상품 #베스트픽 #쇼핑가이드 #핫템"", ""thumbnails"": {""default"": {""url"": ""https://i.ytimg.com/vi/0gyeUN-E7jA/default.jpg"", ""width"": 120, ""height"": 90}, ""medium"": {""url"": ""https://i.ytimg.com/vi/0gyeUN-E7jA/mqdefault.jpg"", ""width"": 320, ""height"": 180}, ""high"": {""url"": ""https://i.ytimg.com/vi/0gyeUN-E7jA/hqdefault.jpg"", ""width"": 480, ""height"": 360}, ""standard"": {""url"": ""https://i.ytimg.com/vi/0gyeUN-E7jA/sddefault.jpg"", ""width"": 640, ""height"": 480}, ""maxres"": {""url"": ""https://i.ytimg.com/vi/0gyeUN-E7jA/maxresdefault.jpg"", ""width"": 1280, ""height"": 720}}, ""channelTitle"": ""가격스캔5"", ""tags"": [""디저트"", ""초콜릿"", ""모찌"", ""찹쌀떡"", ""피스타치오"", ""카다이프"", ""티라미수"", ""할인"", ""간식"", ""선물"", ""달콤"", ""행복"", ""미크플로"", ""쿠캣"", ""두바이"", ""수능"", ""쫀득"", ""풍미"", ""특별한 날"", ""득템""], ""categoryId"": ""22"", ""liveBroadcastContent"": ""none"", ""defaultLanguage"": ""ko"", ""localized"": {""title"": ""닌자블렌더 두바이 초콜릿 찹쌀떡 꿀조합! 피스타치오 카다이프 듬뿍 (서울디저트/수능떡)"", ""description"": ""이 포스팅은 쿠팡 파트너스 활동의 일환으로, 이에 따른 일정액의 수수료를 제공받습니다.\n\n\n5위 - 서울디저트 진짜맛있는 두바이 초콜릿 피스타치오 카다이프 초콜렛, 1개, 75g\n가격 : 13890원\n할인제품 : https://link.coupang.com/a/d3lJCfRjaK\n\n\n4위 - 미크플로 두바이 초콜릿 모찌 240g 찹쌀떡 선물세트 피스타치오 카다이프 듬뿍, 3세트\n가격 : 46500원\n할인제품 : https://link.coupang.com/a/d3lJxHH1SC\n\n\n3위 - 쿠캣 티라미수쏙 찹쌀떡 (냉동), 60g, 9개입, 1개\n가격 : 13500원\n할인제품 : https://link.coupang.com/a/d3lJsUv0G4\n\n\n2위 - 미크플로 두바이 초콜릿 모찌 240g 찹쌀떡 선물세트 피스타치오 카다이프 듬뿍, 1세트\n가격 : 18800원\n할인제품 : https://link.coupang.com/a/d3lJnOZ2tg\n\n\n1위 - 수능찹쌀떡 두바이초콜릿찹쌀떡, 5개, 40g\n가격 : 26000원\n할인제품 : https://link.coupang.com/a/d3lEObCGAe\n\n\n\n#TOP5 #베스트상품 #인기상품 #필수템 #가성비좋은제품 #추천상품 #베스트픽 #쇼핑가이드 #핫템""}, ""defaultAudioLanguage"": ""ko""}, ""statistics"": {""viewCount"": ""1"", ""likeCount"": ""0"", ""favoriteCount"": ""0"", ""commentCount"": ""1""}}"
두쫀쿠,preset,카다이프,pJP58_CnMB8,커비와 카다이프,2026-05-25T13:29:59Z,0,0,0,https://www.youtube.com/watch?v=pJP58_CnMB8,youtube,카다이프,related,0.3,2026-05-26T11:39:31.823168+00:00,0,0,0,0,말랑말랑 커비 먹방,,"{""kind"": ""youtube#video"", ""etag"": ""uUKDyL6mEec_l2HfbmxjJlyf8TY"", ""id"": ""pJP58_CnMB8"", ""snippet"": {""publishedAt"": ""2026-05-25T13:29:59Z"", ""channelId"": ""UC41sqmWZD1_mPczveSKu7nw"", ""title"": ""커비와 카다이프"", ""description"": """", ""thumbnails"": {""default"": {""url"": ""https://i.ytimg.com/vi/pJP58_CnMB8/default.jpg"", ""width"": 120, ""height"": 90}, ""medium"": {""url"": ""https://i.ytimg.com/vi/pJP58_CnMB8/mqdefault.jpg"", ""width"": 320, ""height"": 180}, ""high"": {""url"": ""https://i.ytimg.com/vi/pJP58_CnMB8/hqdefault.jpg"", ""width"": 480, ""height"": 360}, ""standard"": {""url"": ""https://i.ytimg.com/vi/pJP58_CnMB8/sddefault.jpg"", ""width"": 640, ""height"": 480}, ""maxres"": {""url"": ""https://i.ytimg.com/vi/pJP58_CnMB8/maxresdefault.jpg"", ""width"": 1280, ""height"": 720}}, ""channelTitle"": ""말랑말랑 커비 먹방"", ""categoryId"": ""22"", ""liveBroadcastContent"": ""none"", ""defaultLanguage"": ""ko"", ""localized"": {""title"": ""커비와 카다이프"", ""description"": """"}, ""defaultAudioLanguage"": ""ko""}, ""statistics"": {""viewCount"": ""0"", ""likeCount"": ""0"", ""favoriteCount"": ""0""}}"
두쫀쿠,preset,카다이프,piu0AiR6PUM,카다이프,2026-05-25T06:11:04Z,10,1,0,https://www.youtube.com/watch?v=piu0AiR6PUM,youtube,카다이프,related,0.3,2026-05-26T11:39:31.823168+00:00,10,1,0,1,라이벌 뉴비,,"{""kind"": ""youtube#video"", ""etag"": ""RUIBrFyTsUXUImyvG3vNFj_e1KQ"", ""id"": ""piu0AiR6PUM"", ""snippet"": {""publishedAt"": ""2026-05-25T06:11:04Z"", ""channelId"": ""UC2Q1to7TT5Fs7WMSgXy3S3g"", ""title"": ""카다이프"", ""description"": """", ""thumbnails"": {""default"": {""url"": ""https://i.ytimg.com/vi/piu0AiR6PUM/default.jpg"", ""width"": 120, ""height"": 90}, ""medium"": {""url"": ""https://i.ytimg.com/vi/piu0AiR6PUM/mqdefault.jpg"", ""width"": 320, ""height"": 180}, ""high"": {""url"": ""https://i.ytimg.com/vi/piu0AiR6PUM/hqdefault.jpg"", ""width"": 480, ""height"": 360}, ""standard"": {""url"": ""https://i.ytimg.com/vi/piu0AiR6PUM/sddefault.jpg"", ""width"": 640, ""height"": 480}, ""maxres"": {""url"": ""https://i.ytimg.com/vi/piu0AiR6PUM/maxresdefault.jpg"", ""width"": 1280, ""height"": 720}}, ""channelTitle"": ""라이벌 뉴비"", ""categoryId"": ""22"", ""liveBroadcastContent"": ""none"", ""defaultLanguage"": ""ko"", ""localized"": {""title"": ""카다이프"", ""description"": """"}, ""defaultAudioLanguage"": ""ko""}, ""statistics"": {""viewCount"": ""10"", ""likeCount"": ""1"", ""favoriteCount"": ""0"", ""commentCount"": ""0""}}"
두쫀쿠,preset,카다이프,y2vfaqs1wwE,피스타치오부터 카다이프까지 직접 만든 수제 대왕 두쫀쿠 VLOG🍪,2026-05-24T19:39:47Z,17,2,0,https://www.youtube.com/watch?v=y2vfaqs1wwE,youtube,카다이프,related,0.3,2026-05-26T11:39:31.823168+00:00,17,2,0,2,이모저모,"🍪대왕 두쫀쿠 대량 생산 VLOG!
피스타치오를 7시간이나 깐 사람이 있다고…?!
그게 바로 저예요ㅎㅎ
피스타치오부터 카다이프까지 하나하나 직접 만든 대왕 두쫀쿠❤️
맛은 정말 상상 그 이상으로 너무 맛있어요🥹


#두쫀쿠#두바이쫀득쿠키#피스타치오#카다이프#브이로그#디저트#일상브이로그#대량생산#대왕두쫀쿠","{""kind"": ""youtube#video"", ""etag"": ""wkH1mAqdpuxH392THe1McHhm-vU"", ""id"": ""y2vfaqs1wwE"", ""snippet"": {""publishedAt"": ""2026-05-24T19:39:47Z"", ""channelId"": ""UCBE6TygjjXo9LuVsIwzJ4kw"", ""title"": ""피스타치오부터 카다이프까지 직접 만든 수제 대왕 두쫀쿠 VLOG🍪"", ""description"": ""🍪대왕 두쫀쿠 대량 생산 VLOG!\n피스타치오를 7시간이나 깐 사람이 있다고…?!\n그게 바로 저예요ㅎㅎ\n피스타치오부터 카다이프까지 하나하나 직접 만든 대왕 두쫀쿠❤️\n맛은 정말 상상 그 이상으로 너무 맛있어요🥹\n\n\n#두쫀쿠#두바이쫀득쿠키#피스타치오#카다이프#브이로그#디저트#일상브이로그#대량생산#대왕두쫀쿠"", ""thumbnails"": {""default"": {""url"": ""https://i.ytimg.com/vi/y2vfaqs1wwE/default.jpg"", ""width"": 120, ""height"": 90}, ""medium"": {""url"": ""https://i.ytimg.com/vi/y2vfaqs1wwE/mqdefault.jpg"", ""width"": 320, ""height"": 180}, ""high"": {""url"": ""https://i.ytimg.com/vi/y2vfaqs1wwE/hqdefault.jpg"", ""width"": 480, ""height"": 360}, ""standard"": {""url"": ""https://i.ytimg.com/vi/y2vfaqs1wwE/sddefault.jpg"", ""width"": 640, ""height"": 480}, ""maxres"": {""url"": ""https://i.ytimg.com/vi/y2vfaqs1wwE/maxresdefault.jpg"", ""width"": 1280, ""height"": 720}}, ""channelTitle"": ""이모저모"", ""categoryId"": ""22"", ""liveBroadcastContent"": ""none"", ""defaultLanguage"": ""ko"", ""localized"": {""title"": ""피스타치오부터 카다이프까지 직접 만든 수제 대왕 두쫀쿠 VLOG🍪"", ""description"": ""🍪대왕 두쫀쿠 대량 생산 VLOG!\n피스타치오를 7시간이나 깐 사람이 있다고…?!\n그게 바로 저예요ㅎㅎ\n피스타치오부터 카다이프까지 하나하나 직접 만든 대왕 두쫀쿠❤️\n맛은 정말 상상 그 이상으로 너무 맛있어요🥹\n\n\n#두쫀쿠#두바이쫀득쿠키#피스타치오#카다이프#브이로그#디저트#일상브이로그#대량생산#대왕두쫀쿠""}}, ""statistics"": {""viewCount"": ""17"", ""likeCount"": ""2"", ""favoriteCount"": ""0"", ""commentCount"": ""0""}}"
두쫀쿠,preset,카다이프,apu4aAq6i7U,두바이 초콜릿 만들기! 꿀조합 피스타치오 스프레드 3종 비교  레시피 공개,2026-05-23T23:39:05Z,2,0,1,https://www.youtube.com/watch?v=apu4aAq6i7U,youtube,카다이프,related,0.3,2026-05-26T11:39:31.823168+00:00,2,0,1,1,머스트바이,"이 포스팅은 쿠팡 파트너스 활동의 일환으로, 이에 따른 일정액의 수수료를 제공받습니다.


5위 - (3종세트) 두바이 초콜릿 만들기 재료 (볶은 카다이프면200g+피스타치오 스프레드+12구몰드)
가격 : 23990원
할인제품 : https://link.coupang.com/a/dZ55V1Kolo


4위 - 피스타치오 스프레드 크림 페이스트 버터 잼, 300g, 2개
가격 : 23490원
할인제품 : https://link.coupang.com/a/dZ55RgE3Eq


3위 - (세트) 볶은 카다이프면 200g + 이르카 피스타치오 스프레드 300g / 두바이초콜릿 만들기, 1개
가격 : 24550원
할인제품 : https://link.coupang.com/a/dZ55MzqCce


2위 - 유리아 포레스티 피스타치오 스프레드, 1개, 200g
가격 : 19390원
할인제품 : https://link.coupang.com/a/dZ55HZVCzQ


1위 - 키아레타 피스타치오 스프레드 크림 250g 두바이 초콜릿 만들기 시칠리아산 악마의 잼 엑스트라버진 함유, 1개
가격 : 13400원
할인제품 : https://link.coupang.com/a/dZ55C5IVky



#TOP5 #베스트상품 #인기상품 #필수템 #가성비좋은제품 #추천상품 #베스트픽 #쇼핑가이드 #핫템","{""kind"": ""youtube#video"", ""etag"": ""Gk0eF-kgFTCTM3q03rSvIUgRFq0"", ""id"": ""apu4aAq6i7U"", ""snippet"": {""publishedAt"": ""2026-05-23T23:39:05Z"", ""channelId"": ""UCp-y4EkT3iU7x1cxRXOa1_A"", ""title"": ""두바이 초콜릿 만들기! 꿀조합 피스타치오 스프레드 3종 비교  레시피 공개"", ""description"": ""이 포스팅은 쿠팡 파트너스 활동의 일환으로, 이에 따른 일정액의 수수료를 제공받습니다.\n\n\n5위 - (3종세트) 두바이 초콜릿 만들기 재료 (볶은 카다이프면200g+피스타치오 스프레드+12구몰드)\n가격 : 23990원\n할인제품 : https://link.coupang.com/a/dZ55V1Kolo\n\n\n4위 - 피스타치오 스프레드 크림 페이스트 버터 잼, 300g, 2개\n가격 : 23490원\n할인제품 : https://link.coupang.com/a/dZ55RgE3Eq\n\n\n3위 - (세트) 볶은 카다이프면 200g + 이르카 피스타치오 스프레드 300g / 두바이초콜릿 만들기, 1개\n가격 : 24550원\n할인제품 : https://link.coupang.com/a/dZ55MzqCce\n\n\n2위 - 유리아 포레스티 피스타치오 스프레드, 1개, 200g\n가격 : 19390원\n할인제품 : https://link.coupang.com/a/dZ55HZVCzQ\n\n\n1위 - 키아레타 피스타치오 스프레드 크림 250g 두바이 초콜릿 만들기 시칠리아산 악마의 잼 엑스트라버진 함유, 1개\n가격 : 13400원\n할인제품 : https://link.coupang.com/a/dZ55C5IVky\n\n\n\n#TOP5 #베스트상품 #인기상품 #필수템 #가성비좋은제품 #추천상품 #베스트픽 #쇼핑가이드 #핫템"", ""thumbnails"": {""default"": {""url"": ""https://i.ytimg.com/vi/apu4aAq6i7U/default.jpg"", ""width"": 120, ""height"": 90}, ""medium"": {""url"": ""https://i.ytimg.com/vi/apu4aAq6i7U/mqdefault.jpg"", ""width"": 320, ""height"": 180}, ""high"": {""url"": ""https://i.ytimg.com/vi/apu4aAq6i7U/hqdefault.jpg"", ""width"": 480, ""height"": 360}, ""standard"": {""url"": ""https://i.ytimg.com/vi/apu4aAq6i7U/sddefault.jpg"", ""width"": 640, ""height"": 480}, ""maxres"": {""url"": ""https://i.ytimg.com/vi/apu4aAq6i7U/maxresdefault.jpg"", ""width"": 1280, ""height"": 720}}, ""channelTitle"": ""머스트바이"", ""tags"": [""두바이 초콜릿"", ""초콜릿 만들기"", ""피스타치오 스프레드"", ""카다이프 면"", ""할인"", ""레시피"", ""초콜릿"", ""디저트"", ""스프레드"", ""간식"", ""빵"", ""크래커"", ""티타임"", ""유리아 포레스티"", ""시칠리아"", ""엑스트라버진 올리브 오일"", ""몰드"", ""고급 초콜릿"", ""합리적인 가격"", ""홈베이킹""], ""categoryId"": ""22"", ""liveBroadcastContent"": ""none"", ""defaultLanguage"": ""ko"", ""localized"": {""title"": ""두바이 초콜릿 만들기! 꿀조합 피스타치오 스프레드 3종 비교  레시피 공개"", ""description"": ""이 포스팅은 쿠팡 파트너스 활동의 일환으로, 이에 따른 일정액의 수수료를 제공받습니다.\n\n\n5위 - (3종세트) 두바이 초콜릿 만들기 재료 (볶은 카다이프면200g+피스타치오 스프레드+12구몰드)\n가격 : 23990원\n할인제품 : https://link.coupang.com/a/dZ55V1Kolo\n\n\n4위 - 피스타치오 스프레드 크림 페이스트 버터 잼, 300g, 2개\n가격 : 23490원\n할인제품 : https://link.coupang.com/a/dZ55RgE3Eq\n\n\n3위 - (세트) 볶은 카다이프면 200g + 이르카 피스타치오 스프레드 300g / 두바이초콜릿 만들기, 1개\n가격 : 24550원\n할인제품 : https://link.coupang.com/a/dZ55MzqCce\n\n\n2위 - 유리아 포레스티 피스타치오 스프레드, 1개, 200g\n가격 : 19390원\n할인제품 : https://link.coupang.com/a/dZ55HZVCzQ\n\n\n1위 - 키아레타 피스타치오 스프레드 크림 250g 두바이 초콜릿 만들기 시칠리아산 악마의 잼 엑스트라버진 함유, 1개\n가격 : 13400원\n할인제품 : https://link.coupang.com/a/dZ55C5IVky\n\n\n\n#TOP5 #베스트상품 #인기상품 #필수템 #가성비좋은제품 #추천상품 #베스트픽 #쇼핑가이드 #핫템""}}, ""statistics"": {""viewCount"": ""2"", ""likeCount"": ""0"", ""favoriteCount"": ""0"", ""commentCount"": ""1""}}"
두쫀쿠,preset,카다이프,zsVnhE7s5-I,"두바이 초콜릿 카다이프 대량 구매 후기: 페니, 카다이프면 활용 레시피!",2026-05-23T17:01:37Z,6,0,1,https://www.youtube.com/watch?v=zsVnhE7s5-I,youtube,카다이프,related,0.3,2026-05-26T11:39:31.823168+00:00,6,0,1,1,스마트탑5,"이 포스팅은 쿠팡 파트너스 활동의 일환으로, 이에 따른 일정액의 수수료를 제공받습니다.


5위 - 카다이프 면 대체 pheni 페니 두바이 초콜릿 200g, 3개
가격 : 13560원
할인제품 : https://link.coupang.com/a/dZDmemPvMa


4위 - 카다이프 업소용/ 카타이피/ Kadaif bulk/ Kataifi/ 2kg 업소용, 1개
가격 : 36620원
할인제품 : https://link.coupang.com/a/dZDl9DtQNo


3위 - S.N. FOOD 카다이프면 라자 쉬마이 PHENI (LACCHA SEMAI), 180g, 1개
가격 : 3200원
할인제품 : https://link.coupang.com/a/dZDhzZ9ekC


2위 - 카다이프 면 대체 pheni 페니 두바이 초콜릿 200g, 1개
가격 : 6240원
할인제품 : https://link.coupang.com/a/dZDhu7Wf1M


1위 - 수제 두바이초코렛 카다이프 버전, 1개, 145g
가격 : 20900원
할인제품 : https://link.coupang.com/a/dZDcVSrpsq



#TOP5 #베스트상품 #인기상품 #필수템 #가성비좋은제품 #추천상품 #베스트픽 #쇼핑가이드 #핫템","{""kind"": ""youtube#video"", ""etag"": ""JI1wdmiz5Ow_i0_QGE0OfOys4-Y"", ""id"": ""zsVnhE7s5-I"", ""snippet"": {""publishedAt"": ""2026-05-23T17:01:37Z"", ""channelId"": ""UCcckJmketFs2T80nI49kepg"", ""title"": ""두바이 초콜릿 카다이프 대량 구매 후기: 페니, 카다이프면 활용 레시피!"", ""description"": ""이 포스팅은 쿠팡 파트너스 활동의 일환으로, 이에 따른 일정액의 수수료를 제공받습니다.\n\n\n5위 - 카다이프 면 대체 pheni 페니 두바이 초콜릿 200g, 3개\n가격 : 13560원\n할인제품 : https://link.coupang.com/a/dZDmemPvMa\n\n\n4위 - 카다이프 업소용/ 카타이피/ Kadaif bulk/ Kataifi/ 2kg 업소용, 1개\n가격 : 36620원\n할인제품 : https://link.coupang.com/a/dZDl9DtQNo\n\n\n3위 - S.N. FOOD 카다이프면 라자 쉬마이 PHENI (LACCHA SEMAI), 180g, 1개\n가격 : 3200원\n할인제품 : https://link.coupang.com/a/dZDhzZ9ekC\n\n\n2위 - 카다이프 면 대체 pheni 페니 두바이 초콜릿 200g, 1개\n가격 : 6240원\n할인제품 : https://link.coupang.com/a/dZDhu7Wf1M\n\n\n1위 - 수제 두바이초코렛 카다이프 버전, 1개, 145g\n가격 : 20900원\n할인제품 : https://link.coupang.com/a/dZDcVSrpsq\n\n\n\n#TOP5 #베스트상품 #인기상품 #필수템 #가성비좋은제품 #추천상품 #베스트픽 #쇼핑가이드 #핫템"", ""thumbnails"": {""default"": {""url"": ""https://i.ytimg.com/vi/zsVnhE7s5-I/default.jpg"", ""width"": 120, ""height"": 90}, ""medium"": {""url"": ""https://i.ytimg.com/vi/zsVnhE7s5-I/mqdefault.jpg"", ""width"": 320, ""height"": 180}, ""high"": {""url"": ""https://i.ytimg.com/vi/zsVnhE7s5-I/hqdefault.jpg"", ""width"": 480, ""height"": 360}, ""standard"": {""url"": ""https://i.ytimg.com/vi/zsVnhE7s5-I/sddefault.jpg"", ""width"": 640, ""height"": 480}, ""maxres"": {""url"": ""https://i.ytimg.com/vi/zsVnhE7s5-I/maxresdefault.jpg"", ""width"": 1280, ""height"": 720}}, ""channelTitle"": ""스마트탑5"", ""tags"": [""두바이 초콜릿"", ""카다이프"", ""페니"", ""초콜릿 페니"", ""할인"", ""특가"", ""디저트"", ""간식"", ""라자 쉬마이"", ""PHENI"", ""LACCHA SEMAI"", ""업소용"", ""2kg"", ""바삭한"", ""달콤한"", ""수제"", ""맛있는"", ""득템"", ""초콜릿"", ""식감""], ""categoryId"": ""22"", ""liveBroadcastContent"": ""none"", ""defaultLanguage"": ""ko"", ""localized"": {""title"": ""두바이 초콜릿 카다이프 대량 구매 후기: 페니, 카다이프면 활용 레시피!"", ""description"": ""이 포스팅은 쿠팡 파트너스 활동의 일환으로, 이에 따른 일정액의 수수료를 제공받습니다.\n\n\n5위 - 카다이프 면 대체 pheni 페니 두바이 초콜릿 200g, 3개\n가격 : 13560원\n할인제품 : https://link.coupang.com/a/dZDmemPvMa\n\n\n4위 - 카다이프 업소용/ 카타이피/ Kadaif bulk/ Kataifi/ 2kg 업소용, 1개\n가격 : 36620원\n할인제품 : https://link.coupang.com/a/dZDl9DtQNo\n\n\n3위 - S.N. FOOD 카다이프면 라자 쉬마이 PHENI (LACCHA SEMAI), 180g, 1개\n가격 : 3200원\n할인제품 : https://link.coupang.com/a/dZDhzZ9ekC\n\n\n2위 - 카다이프 면 대체 pheni 페니 두바이 초콜릿 200g, 1개\n가격 : 6240원\n할인제품 : https://link.coupang.com/a/dZDhu7Wf1M\n\n\n1위 - 수제 두바이초코렛 카다이프 버전, 1개, 145g\n가격 : 20900원\n할인제품 : https://link.coupang.com/a/dZDcVSrpsq\n\n\n\n#TOP5 #베스트상품 #인기상품 #필수템 #가성비좋은제품 #추천상품 #베스트픽 #쇼핑가이드 #핫템""}}, ""statistics"": {""viewCount"": ""6"", ""likeCount"": ""0"", ""favoriteCount"": ""0"", ""commentCount"": ""1""}}"
두쫀쿠,preset,카다이프,UWxP33swlGw,오늘의 디저트 CU 한 입 카다이프 아몬드찰떡 먹고 243kcal 빼러갑니다🏃떡,2026-05-23T07:52:50Z,2370,6,0,https://www.youtube.com/watch?v=UWxP33swlGw,youtube,카다이프,related,0.3,2026-05-26T11:39:31.823168+00:00,2370,6,0,6,MOVEDAY,#분노의질주런#cu #한입카다이프 #아몬드찰떡  #러닝 #디저트 #칼로리 #shorts #moveday,"{""kind"": ""youtube#video"", ""etag"": ""Kl-0PNx4L4GyvDmc5F8O5JRzowc"", ""id"": ""UWxP33swlGw"", ""snippet"": {""publishedAt"": ""2026-05-23T07:52:50Z"", ""channelId"": ""UCOPUwqMOQUTSc2eVewTPoQw"", ""title"": ""오늘의 디저트 CU 한 입 카다이프 아몬드찰떡 먹고 243kcal 빼러갑니다🏃떡"", ""description"": ""#분노의질주런#cu #한입카다이프 #아몬드찰떡  #러닝 #디저트 #칼로리 #shorts #moveday"", ""thumbnails"": {""default"": {""url"": ""https://i.ytimg.com/vi/UWxP33swlGw/default.jpg"", ""width"": 120, ""height"": 90}, ""medium"": {""url"": ""https://i.ytimg.com/vi/UWxP33swlGw/mqdefault.jpg"", ""width"": 320, ""height"": 180}, ""high"": {""url"": ""https://i.ytimg.com/vi/UWxP33swlGw/hqdefault.jpg"", ""width"": 480, ""height"": 360}, ""standard"": {""url"": ""https://i.ytimg.com/vi/UWxP33swlGw/sddefault.jpg"", ""width"": 640, ""height"": 480}, ""maxres"": {""url"": ""https://i.ytimg.com/vi/UWxP33swlGw/maxresdefault.jpg"", ""width"": 1280, ""height"": 720}}, ""channelTitle"": ""MOVEDAY"", ""categoryId"": ""22"", ""liveBroadcastContent"": ""none"", ""defaultLanguage"": ""ko"", ""localized"": {""title"": ""오늘의 디저트 CU 한 입 카다이프 아몬드찰떡 먹고 243kcal 빼러갑니다🏃떡"", ""description"": ""#분노의질주런#cu #한입카다이프 #아몬드찰떡  #러닝 #디저트 #칼로리 #shorts #moveday""}}, ""statistics"": {""viewCount"": ""2370"", ""likeCount"": ""6"", ""favoriteCount"": ""0"", ""commentCount"": ""0""}}"
두쫀쿠,preset,카다이프,scmS0h8_Fmo,한 입 카다이프 찰떡,2026-05-23T01:16:25Z,286,1,0,https://www.youtube.com/watch?v=scmS0h8_Fmo,youtube,카다이프,related,0.3,2026-05-26T11:39:31.823168+00:00,286,1,0,1,오늘의간식일기,,"{""kind"": ""youtube#video"", ""etag"": ""I3OMxNHYC-VV93xdrltX9TW5f9s"", ""id"": ""scmS0h8_Fmo"", ""snippet"": {""publishedAt"": ""2026-05-23T01:16:25Z"", ""channelId"": ""UC3L_dnkFAi0UQf2S5WgVe4w"", ""title"": ""한 입 카다이프 찰떡"", ""description"": """", ""thumbnails"": {""default"": {""url"": ""https://i.ytimg.com/vi/scmS0h8_Fmo/default.jpg"", ""width"": 120, ""height"": 90}, ""medium"": {""url"": ""https://i.ytimg.com/vi/scmS0h8_Fmo/mqdefault.jpg"", ""width"": 320, ""height"": 180}, ""high"": {""url"": ""https://i.ytimg.com/vi/scmS0h8_Fmo/hqdefault.jpg"", ""width"": 480, ""height"": 360}, ""standard"": {""url"": ""https://i.ytimg.com/vi/scmS0h8_Fmo/sddefault.jpg"", ""width"": 640, ""height"": 480}, ""maxres"": {""url"": ""https://i.ytimg.com/vi/scmS0h8_Fmo/maxresdefault.jpg"", ""width"": 1280, ""height"": 720}}, ""channelTitle"": ""오늘의간식일기"", ""categoryId"": ""22"", ""liveBroadcastContent"": ""none"", ""defaultLanguage"": ""ko"", ""localized"": {""title"": ""한 입 카다이프 찰떡"", ""description"": """"}}, ""statistics"": {""viewCount"": ""286"", ""likeCount"": ""1"", ""favoriteCount"": ""0"", ""commentCount"": ""0""}}"
두쫀쿠,preset,카다이프,FVNoWOTMxSo,카다이프 안심카츠,2026-05-22T14:32:40Z,16225,250,16,https://www.youtube.com/watch?v=FVNoWOTMxSo,youtube,카다이프,related,0.3,2026-05-26T11:39:31.823168+00:00,16225,250,16,266,최이로 CHOEIRO,"카다이프 안심카츠




Kevin MacLeod의 Dance of the Sugar Plum Fairy에는 크리에이티브 커먼즈 저작자 표시 4.0 라이선스가 적용됩니다. https://creativecommons.org/licenses/by/4.0/

출처: http://incompetech.com/music/royalty-free/index.html?isrc=USUAN1100270

아티스트: http://incompetech.com/","{""kind"": ""youtube#video"", ""etag"": ""KD8QOYZ190S7RYECeNdJLMir5Zc"", ""id"": ""FVNoWOTMxSo"", ""snippet"": {""publishedAt"": ""2026-05-22T14:32:40Z"", ""channelId"": ""UCmJ6Lpcogxru5wVvNFfZ4Sw"", ""title"": ""카다이프 안심카츠"", ""description"": ""카다이프 안심카츠\n\n\n\n\nKevin MacLeod의 Dance of the Sugar Plum Fairy에는 크리에이티브 커먼즈 저작자 표시 4.0 라이선스가 적용됩니다. https://creativecommons.org/licenses/by/4.0/\n\n출처: http://incompetech.com/music/royalty-free/index.html?isrc=USUAN1100270\n\n아티스트: http://incompetech.com/"", ""thumbnails"": {""default"": {""url"": ""https://i.ytimg.com/vi/FVNoWOTMxSo/default.jpg"", ""width"": 120, ""height"": 90}, ""medium"": {""url"": ""https://i.ytimg.com/vi/FVNoWOTMxSo/mqdefault.jpg"", ""width"": 320, ""height"": 180}, ""high"": {""url"": ""https://i.ytimg.com/vi/FVNoWOTMxSo/hqdefault.jpg"", ""width"": 480, ""height"": 360}, ""standard"": {""url"": ""https://i.ytimg.com/vi/FVNoWOTMxSo/sddefault.jpg"", ""width"": 640, ""height"": 480}, ""maxres"": {""url"": ""https://i.ytimg.com/vi/FVNoWOTMxSo/maxresdefault.jpg"", ""width"": 1280, ""height"": 720}}, ""channelTitle"": ""최이로 CHOEIRO"", ""tags"": [""cooking"", ""안심카츠""], ""categoryId"": ""26"", ""liveBroadcastContent"": ""none"", ""defaultLanguage"": ""ko"", ""localized"": {""title"": ""카다이프 안심카츠"", ""description"": ""카다이프 안심카츠\n\n\n\n\nKevin MacLeod의 Dance of the Sugar Plum Fairy에는 크리에이티브 커먼즈 저작자 표시 4.0 라이선스가 적용됩니다. https://creativecommons.org/licenses/by/4.0/\n\n출처: http://incompetech.com/music/royalty-free/index.html?isrc=USUAN1100270\n\n아티스트: http://incompetech.com/""}}, ""statistics"": {""viewCount"": ""16225"", ""likeCount"": ""250"", ""favoriteCount"": ""0"", ""commentCount"": ""16""}}"
두쫀쿠,preset,카다이프,yGkT7pG9iK0,집에서 만드는 두바이 초콜릿! 카다이프 활용 발렌타인데이 선물 만들기,2026-05-20T09:52:02Z,494,7,0,https://www.youtube.com/watch?v=yGkT7pG9iK0,youtube,카다이프,related,0.3,2026-05-26T11:39:31.823168+00:00,494,7,0,7,시아TV,"요즘 핫한 두바이 초콜릿, 집에서도 충분히 만들 수 있어요! 카다이프와 피스타치오 스프레드를 활용해 바삭하고 고소한 맛을 살린 초콜릿 만들기 과정을 담았습니다. 발렌타인데이 선물로도 딱 좋은 하트 모양 초콜릿 레시피를 확인해보세요. 직접 만들어보니 모양도 예쁘고 맛도 아주 좋더라고요! 초콜릿 두께 조절하는 꿀팁과 몰드 사용법 등 실패 없는 만들기 노하우를 공유합니다. 달콤한 디저트와 함께 행복한 시간 보내세요! #두바이초콜릿 #카다이프 #발렌타인데이선물 #초콜릿만들기 #홈베이킹 #디저트레시피 #피스타치오초콜릿 #수제초콜릿 #간식만들기 #베이킹팁

#두바이초콜릿 #카다이프 #초콜릿만들기 #발렌타인데이 #홈베이킹 #피스타치오초콜릿 #수제초콜릿 #디저트만들기 #카다이프초콜릿 #초콜릿레시피","{""kind"": ""youtube#video"", ""etag"": ""DBKBf8zRwnRNbZL3nlaWwu-oDlk"", ""id"": ""yGkT7pG9iK0"", ""snippet"": {""publishedAt"": ""2026-05-20T09:52:02Z"", ""channelId"": ""UC5pA4hl8o3jCxF7TX_UWC-Q"", ""title"": ""집에서 만드는 두바이 초콜릿! 카다이프 활용 발렌타인데이 선물 만들기"", ""description"": ""요즘 핫한 두바이 초콜릿, 집에서도 충분히 만들 수 있어요! 카다이프와 피스타치오 스프레드를 활용해 바삭하고 고소한 맛을 살린 초콜릿 만들기 과정을 담았습니다. 발렌타인데이 선물로도 딱 좋은 하트 모양 초콜릿 레시피를 확인해보세요. 직접 만들어보니 모양도 예쁘고 맛도 아주 좋더라고요! 초콜릿 두께 조절하는 꿀팁과 몰드 사용법 등 실패 없는 만들기 노하우를 공유합니다. 달콤한 디저트와 함께 행복한 시간 보내세요! #두바이초콜릿 #카다이프 #발렌타인데이선물 #초콜릿만들기 #홈베이킹 #디저트레시피 #피스타치오초콜릿 #수제초콜릿 #간식만들기 #베이킹팁\n\n#두바이초콜릿 #카다이프 #초콜릿만들기 #발렌타인데이 #홈베이킹 #피스타치오초콜릿 #수제초콜릿 #디저트만들기 #카다이프초콜릿 #초콜릿레시피"", ""thumbnails"": {""default"": {""url"": ""https://i.ytimg.com/vi/yGkT7pG9iK0/default.jpg"", ""width"": 120, ""height"": 90}, ""medium"": {""url"": ""https://i.ytimg.com/vi/yGkT7pG9iK0/mqdefault.jpg"", ""width"": 320, ""height"": 180}, ""high"": {""url"": ""https://i.ytimg.com/vi/yGkT7pG9iK0/hqdefault.jpg"", ""width"": 480, ""height"": 360}, ""standard"": {""url"": ""https://i.ytimg.com/vi/yGkT7pG9iK0/sddefault.jpg"", ""width"": 640, ""height"": 480}, ""maxres"": {""url"": ""https://i.ytimg.com/vi/yGkT7pG9iK0/maxresdefault.jpg"", ""width"": 1280, ""height"": 720}}, ""channelTitle"": ""시아TV"", ""tags"": [""간식만들기"", ""두바이초콜릿"", ""디저트만들기"", ""발렌타인데이"", ""발렌타인데이선물"", ""수제초콜릿"", ""초콜릿레시피"", ""초콜릿만들기"", ""카다이프"", ""카다이프초콜릿"", ""피스타치오초콜릿"", ""홈베이킹""], ""categoryId"": ""22"", ""liveBroadcastContent"": ""none"", ""defaultLanguage"": ""ko"", ""localized"": {""title"": ""집에서 만드는 두바이 초콜릿! 카다이프 활용 발렌타인데이 선물 만들기"", ""description"": ""요즘 핫한 두바이 초콜릿, 집에서도 충분히 만들 수 있어요! 카다이프와 피스타치오 스프레드를 활용해 바삭하고 고소한 맛을 살린 초콜릿 만들기 과정을 담았습니다. 발렌타인데이 선물로도 딱 좋은 하트 모양 초콜릿 레시피를 확인해보세요. 직접 만들어보니 모양도 예쁘고 맛도 아주 좋더라고요! 초콜릿 두께 조절하는 꿀팁과 몰드 사용법 등 실패 없는 만들기 노하우를 공유합니다. 달콤한 디저트와 함께 행복한 시간 보내세요! #두바이초콜릿 #카다이프 #발렌타인데이선물 #초콜릿만들기 #홈베이킹 #디저트레시피 #피스타치오초콜릿 #수제초콜릿 #간식만들기 #베이킹팁\n\n#두바이초콜릿 #카다이프 #초콜릿만들기 #발렌타인데이 #홈베이킹 #피스타치오초콜릿 #수제초콜릿 #디저트만들기 #카다이프초콜릿 #초콜릿레시피""}}, ""statistics"": {""viewCount"": ""494"", ""likeCount"": ""7"", ""favoriteCount"": ""0"", ""commentCount"": ""0""}}"
두쫀쿠,preset,카다이프,5bFhDTWlqh0,(광고) 카다이프를 이만큼 넣어준다고? #두바이,2026-05-16T08:10:30Z,1692,6,1,https://www.youtube.com/watch?v=5bFhDTWlqh0,youtube,카다이프,related,0.3,2026-05-26T11:39:31.823168+00:00,1692,6,1,7,복숭앙,,"{""kind"": ""youtube#video"", ""etag"": ""QnQTFX09r0PK6BobBFH2tT0pzH8"", ""id"": ""5bFhDTWlqh0"", ""snippet"": {""publishedAt"": ""2026-05-16T08:10:30Z"", ""channelId"": ""UC57X0krSa1vNcdwOG8OQpEA"", ""title"": ""(광고) 카다이프를 이만큼 넣어준다고? #두바이"", ""description"": """", ""thumbnails"": {""default"": {""url"": ""https://i.ytimg.com/vi/5bFhDTWlqh0/default.jpg"", ""width"": 120, ""height"": 90}, ""medium"": {""url"": ""https://i.ytimg.com/vi/5bFhDTWlqh0/mqdefault.jpg"", ""width"": 320, ""height"": 180}, ""high"": {""url"": ""https://i.ytimg.com/vi/5bFhDTWlqh0/hqdefault.jpg"", ""width"": 480, ""height"": 360}, ""standard"": {""url"": ""https://i.ytimg.com/vi/5bFhDTWlqh0/sddefault.jpg"", ""width"": 640, ""height"": 480}, ""maxres"": {""url"": ""https://i.ytimg.com/vi/5bFhDTWlqh0/maxresdefault.jpg"", ""width"": 1280, ""height"": 720}}, ""channelTitle"": ""복숭앙"", ""categoryId"": ""22"", ""liveBroadcastContent"": ""none"", ""defaultLanguage"": ""ko"", ""localized"": {""title"": ""(광고) 카다이프를 이만큼 넣어준다고? #두바이"", ""description"": """"}}, ""statistics"": {""viewCount"": ""1692"", ""likeCount"": ""6"", ""favoriteCount"": ""0"", ""commentCount"": ""1""}}"
두쫀쿠,preset,카다이프,x2drolkRujI,Cu 카다이프 수건 케이크 먹방 #먹방 #케이크,2026-05-13T13:03:11Z,1981,8,0,https://www.youtube.com/watch?v=x2drolkRujI,youtube,카다이프,related,0.3,2026-05-26T11:39:31.823168+00:00,1981,8,0,8,Dina TV  한국라이프,,"{""kind"": ""youtube#video"", ""etag"": ""0LJ_Vfxfz-C-nVx4lpfh6FENRRM"", ""id"": ""x2drolkRujI"", ""snippet"": {""publishedAt"": ""2026-05-13T13:03:11Z"", ""channelId"": ""UCTMDy3_Wi8qMmF53t-cXNIA"", ""title"": ""Cu 카다이프 수건 케이크 먹방 #먹방 #케이크"", ""description"": """", ""thumbnails"": {""default"": {""url"": ""https://i.ytimg.com/vi/x2drolkRujI/default.jpg"", ""width"": 120, ""height"": 90}, ""medium"": {""url"": ""https://i.ytimg.com/vi/x2drolkRujI/mqdefault.jpg"", ""width"": 320, ""height"": 180}, ""high"": {""url"": ""https://i.ytimg.com/vi/x2drolkRujI/hqdefault.jpg"", ""width"": 480, ""height"": 360}, ""standard"": {""url"": ""https://i.ytimg.com/vi/x2drolkRujI/sddefault.jpg"", ""width"": 640, ""height"": 480}, ""maxres"": {""url"": ""https://i.ytimg.com/vi/x2drolkRujI/maxresdefault.jpg"", ""width"": 1280, ""height"": 720}}, ""channelTitle"": ""Dina TV  한국라이프"", ""categoryId"": ""24"", ""liveBroadcastContent"": ""none"", ""defaultLanguage"": ""ko"", ""localized"": {""title"": ""Cu 카다이프 수건 케이크 먹방 #먹방 #케이크"", ""description"": """"}, ""defaultAudioLanguage"": ""ko""}, ""statistics"": {""viewCount"": ""1981"", ""likeCount"": ""8"", ""favoriteCount"": ""0"", ""commentCount"": ""0""}}"
두쫀쿠,preset,카다이프,_OWqCuNavqw,타틀르 신상 헤이즐넛 카다이프 스프레드 #두바이 #스프레드 #신상 #간식추천,2026-05-13T12:28:38Z,1171,6,1,https://www.youtube.com/watch?v=_OWqCuNavqw,youtube,카다이프,related,0.3,2026-05-26T11:39:31.823168+00:00,1171,6,1,7,먹보패밀리 meogbofamily,,"{""kind"": ""youtube#video"", ""etag"": ""rqdzuSfhE_vZU4vMFmr57OlK9lA"", ""id"": ""_OWqCuNavqw"", ""snippet"": {""publishedAt"": ""2026-05-13T12:28:38Z"", ""channelId"": ""UCKCZHjn-wxSfmO69y51yOJQ"", ""title"": ""타틀르 신상 헤이즐넛 카다이프 스프레드 #두바이 #스프레드 #신상 #간식추천"", ""description"": """", ""thumbnails"": {""default"": {""url"": ""https://i.ytimg.com/vi/_OWqCuNavqw/default.jpg"", ""width"": 120, ""height"": 90}, ""medium"": {""url"": ""https://i.ytimg.com/vi/_OWqCuNavqw/mqdefault.jpg"", ""width"": 320, ""height"": 180}, ""high"": {""url"": ""https://i.ytimg.com/vi/_OWqCuNavqw/hqdefault.jpg"", ""width"": 480, ""height"": 360}, ""standard"": {""url"": ""https://i.ytimg.com/vi/_OWqCuNavqw/sddefault.jpg"", ""width"": 640, ""height"": 480}, ""maxres"": {""url"": ""https://i.ytimg.com/vi/_OWqCuNavqw/maxresdefault.jpg"", ""width"": 1280, ""height"": 720}}, ""channelTitle"": ""먹보패밀리 meogbofamily"", ""categoryId"": ""22"", ""liveBroadcastContent"": ""none"", ""defaultLanguage"": ""ko"", ""localized"": {""title"": ""타틀르 신상 헤이즐넛 카다이프 스프레드 #두바이 #스프레드 #신상 #간식추천"", ""description"": """"}}, ""statistics"": {""viewCount"": ""1171"", ""likeCount"": ""6"", ""favoriteCount"": ""0"", ""commentCount"": ""1""}}"
두쫀쿠,preset,카다이프,Va_wVx49XU4,카다이프 닭강정!? #강릉맛집  #닭강정맛집 #강릉감자닭강정,2026-05-09T15:08:52Z,1612,11,1,https://www.youtube.com/watch?v=Va_wVx49XU4,youtube,카다이프,related,0.3,2026-05-26T11:39:31.823168+00:00,1612,11,1,12,이든찡🎀🐰,"#강릉맛집 #강릉닭강정 #닭강정맛집 #강문해변맛집

#이든찡 #강릉맛집추천 #강릉여행코스 #강릉데이트 #강릉여행맛집 #강릉여행 #강릉맛집리스트 #강원도맛집 #강원도맛집추천  #강원도데이트 #강원도닭강정 #강원도가볼만한곳 #강릉찐맛집 #kfood #foodstagram #koreanfood","{""kind"": ""youtube#video"", ""etag"": ""Glei1XFY--b4rvcC6TTMAt8qHYs"", ""id"": ""Va_wVx49XU4"", ""snippet"": {""publishedAt"": ""2026-05-09T15:08:52Z"", ""channelId"": ""UCEGbdyvyKhVaXf0HghiU4NQ"", ""title"": ""카다이프 닭강정!? #강릉맛집  #닭강정맛집 #강릉감자닭강정"", ""description"": ""#강릉맛집 #강릉닭강정 #닭강정맛집 #강문해변맛집\n\n#이든찡 #강릉맛집추천 #강릉여행코스 #강릉데이트 #강릉여행맛집 #강릉여행 #강릉맛집리스트 #강원도맛집 #강원도맛집추천  #강원도데이트 #강원도닭강정 #강원도가볼만한곳 #강릉찐맛집 #kfood #foodstagram #koreanfood"", ""thumbnails"": {""default"": {""url"": ""https://i.ytimg.com/vi/Va_wVx49XU4/default.jpg"", ""width"": 120, ""height"": 90}, ""medium"": {""url"": ""https://i.ytimg.com/vi/Va_wVx49XU4/mqdefault.jpg"", ""width"": 320, ""height"": 180}, ""high"": {""url"": ""https://i.ytimg.com/vi/Va_wVx49XU4/hqdefault.jpg"", ""width"": 480, ""height"": 360}, ""standard"": {""url"": ""https://i.ytimg.com/vi/Va_wVx49XU4/sddefault.jpg"", ""width"": 640, ""height"": 480}, ""maxres"": {""url"": ""https://i.ytimg.com/vi/Va_wVx49XU4/maxresdefault.jpg"", ""width"": 1280, ""height"": 720}}, ""channelTitle"": ""이든찡🎀🐰"", ""categoryId"": ""22"", ""liveBroadcastContent"": ""none"", ""defaultLanguage"": ""ko"", ""localized"": {""title"": ""카다이프 닭강정!? #강릉맛집  #닭강정맛집 #강릉감자닭강정"", ""description"": ""#강릉맛집 #강릉닭강정 #닭강정맛집 #강문해변맛집\n\n#이든찡 #강릉맛집추천 #강릉여행코스 #강릉데이트 #강릉여행맛집 #강릉여행 #강릉맛집리스트 #강원도맛집 #강원도맛집추천  #강원도데이트 #강원도닭강정 #강원도가볼만한곳 #강릉찐맛집 #kfood #foodstagram #koreanfood""}}, ""statistics"": {""viewCount"": ""1612"", ""likeCount"": ""11"", ""favoriteCount"": ""0"", ""commentCount"": ""1""}}"
두쫀쿠,preset,카다이프,L5b31o4FrcU,한입카다이프 아몬드찰떡 편의점 디저트!#Kadayif#KadayifRiceCake#AlmondRiceCake#한입카다이프아몬드찰떡#편의점카다이프#편의점신상디저트#편의점찰떡#아몬드,2026-05-07T06:56:23Z,2255,13,0,https://www.youtube.com/watch?v=L5b31o4FrcU,youtube,카다이프,related,0.3,2026-05-26T11:39:31.823168+00:00,2255,13,0,13,야미꼬,"🔻한입카다이프 아몬드찰떡🔻
​
구입처 
CU편의점 
가격 3,000원✔️

✅영양정보
총 내용량 70 g
243 kcal
​
나트륨109 mg5 %
탄수화물42 g13%
당류24g 24%
지방18g13%
트랜스지방0g
포화지방1.1g7%
콜레스테롤0 mg0 %
단백질3g5%

요즘 카다이프 대세죠~
이것저것 먹어보거 있는데
한입으로 나온 찰떡이라니
이건 못참지! 바로 구매해서 먹어보았어요🔥

편의점신상디저트 편의점간식추천 
한입카다이프 아몬드찰떡
포장깔끔하게
잘되어져 있고 뜯어보면 동그라미 찰떡이
2개 구성되어 있어요!

아몬드프라린+카다이프 조합으로 
쫀득쫀득하게 늘어나는 말캉말캉한 
한입카다이프 아몬드찰떡💛

기대를 많이하고 먹어봐서 그런지
생각보다 맛은 쏘쏘? 재구매는 안할듯해요!
아몬드말고 카다이프맛도 구입했으니
이것도 먹어보고 비교 올려볼께요 🙂
한번쯤은 먹어볼만한 신상디저트로 
CU편의점 신상디저트 
한입카다이프 아몬드찰떡
후기 여기서 마칠께요🖐🏻

​#편의점신상디저트#편의점디저트#CU편의점디저트
#한입카다이프아몬드찰떡#편의점카다이프
#한입카다이프아몬드찰떡영양정보
#편의점신상#편의점찹쌀떡
#편의점간식#CU편의점간식추천
#Kadayif #KadayifRiceCake #AlmondRiceCake #ChewyDessert #KoreanDessert #RiceCake #MochiLover #AlmondDessert #DessertShorts #SnackReview #SweetTooth #ViralDessert #TrendingDessert #ConvenienceStoreDessert #MustTry","{""kind"": ""youtube#video"", ""etag"": ""HQft9y5VWsMRWXSjExa00ljcXGk"", ""id"": ""L5b31o4FrcU"", ""snippet"": {""publishedAt"": ""2026-05-07T06:56:23Z"", ""channelId"": ""UCSe_Su14VG0Rkv39KnNMo2A"", ""title"": ""한입카다이프 아몬드찰떡 편의점 디저트!#Kadayif#KadayifRiceCake#AlmondRiceCake#한입카다이프아몬드찰떡#편의점카다이프#편의점신상디저트#편의점찰떡#아몬드"", ""description"": ""🔻한입카다이프 아몬드찰떡🔻\n​\n구입처 \nCU편의점 \n가격 3,000원✔️\n\n✅영양정보\n총 내용량 70 g\n243 kcal\n​\n나트륨109 mg5 %\n탄수화물42 g13%\n당류24g 24%\n지방18g13%\n트랜스지방0g\n포화지방1.1g7%\n콜레스테롤0 mg0 %\n단백질3g5%\n\n요즘 카다이프 대세죠~\n이것저것 먹어보거 있는데\n한입으로 나온 찰떡이라니\n이건 못참지! 바로 구매해서 먹어보았어요🔥\n\n편의점신상디저트 편의점간식추천 \n한입카다이프 아몬드찰떡\n포장깔끔하게\n잘되어져 있고 뜯어보면 동그라미 찰떡이\n2개 구성되어 있어요!\n\n아몬드프라린+카다이프 조합으로 \n쫀득쫀득하게 늘어나는 말캉말캉한 \n한입카다이프 아몬드찰떡💛\n\n기대를 많이하고 먹어봐서 그런지\n생각보다 맛은 쏘쏘? 재구매는 안할듯해요!\n아몬드말고 카다이프맛도 구입했으니\n이것도 먹어보고 비교 올려볼께요 🙂\n한번쯤은 먹어볼만한 신상디저트로 \nCU편의점 신상디저트 \n한입카다이프 아몬드찰떡\n후기 여기서 마칠께요🖐🏻\n\n​#편의점신상디저트#편의점디저트#CU편의점디저트\n#한입카다이프아몬드찰떡#편의점카다이프\n#한입카다이프아몬드찰떡영양정보\n#편의점신상#편의점찹쌀떡\n#편의점간식#CU편의점간식추천\n#Kadayif #KadayifRiceCake #AlmondRiceCake #ChewyDessert #KoreanDessert #RiceCake #MochiLover #AlmondDessert #DessertShorts #SnackReview #SweetTooth #ViralDessert #TrendingDessert #ConvenienceStoreDessert #MustTry"", ""thumbnails"": {""default"": {""url"": ""https://i.ytimg.com/vi/L5b31o4FrcU/default.jpg"", ""width"": 120, ""height"": 90}, ""medium"": {""url"": ""https://i.ytimg.com/vi/L5b31o4FrcU/mqdefault.jpg"", ""width"": 320, ""height"": 180}, ""high"": {""url"": ""https://i.ytimg.com/vi/L5b31o4FrcU/hqdefault.jpg"", ""width"": 480, ""height"": 360}, ""standard"": {""url"": ""https://i.ytimg.com/vi/L5b31o4FrcU/sddefault.jpg"", ""width"": 640, ""height"": 480}, ""maxres"": {""url"": ""https://i.ytimg.com/vi/L5b31o4FrcU/maxresdefault.jpg"", ""width"": 1280, ""height"": 720}}, ""channelTitle"": ""야미꼬"", ""categoryId"": ""24"", ""liveBroadcastContent"": ""none"", ""defaultLanguage"": ""ko"", ""localized"": {""title"": ""한입카다이프 아몬드찰떡 편의점 디저트!#Kadayif#KadayifRiceCake#AlmondRiceCake#한입카다이프아몬드찰떡#편의점카다이프#편의점신상디저트#편의점찰떡#아몬드"", ""description"": ""🔻한입카다이프 아몬드찰떡🔻\n​\n구입처 \nCU편의점 \n가격 3,000원✔️\n\n✅영양정보\n총 내용량 70 g\n243 kcal\n​\n나트륨109 mg5 %\n탄수화물42 g13%\n당류24g 24%\n지방18g13%\n트랜스지방0g\n포화지방1.1g7%\n콜레스테롤0 mg0 %\n단백질3g5%\n\n요즘 카다이프 대세죠~\n이것저것 먹어보거 있는데\n한입으로 나온 찰떡이라니\n이건 못참지! 바로 구매해서 먹어보았어요🔥\n\n편의점신상디저트 편의점간식추천 \n한입카다이프 아몬드찰떡\n포장깔끔하게\n잘되어져 있고 뜯어보면 동그라미 찰떡이\n2개 구성되어 있어요!\n\n아몬드프라린+카다이프 조합으로 \n쫀득쫀득하게 늘어나는 말캉말캉한 \n한입카다이프 아몬드찰떡💛\n\n기대를 많이하고 먹어봐서 그런지\n생각보다 맛은 쏘쏘? 재구매는 안할듯해요!\n아몬드말고 카다이프맛도 구입했으니\n이것도 먹어보고 비교 올려볼께요 🙂\n한번쯤은 먹어볼만한 신상디저트로 \nCU편의점 신상디저트 \n한입카다이프 아몬드찰떡\n후기 여기서 마칠께요🖐🏻\n\n​#편의점신상디저트#편의점디저트#CU편의점디저트\n#한입카다이프아몬드찰떡#편의점카다이프\n#한입카다이프아몬드찰떡영양정보\n#편의점신상#편의점찹쌀떡\n#편의점간식#CU편의점간식추천\n#Kadayif #KadayifRiceCake #AlmondRiceCake #ChewyDessert #KoreanDessert #RiceCake #MochiLover #AlmondDessert #DessertShorts #SnackReview #SweetTooth #ViralDessert #TrendingDessert #ConvenienceStoreDessert #MustTry""}}, ""statistics"": {""viewCount"": ""2255"", ""likeCount"": ""13"", ""favoriteCount"": ""0"", ""commentCount"": ""0""}}"
두쫀쿠,preset,카다이프,GlkM0CFsw4o,대용량 업소용 카다이프 스프레드 카작 등장!,2026-05-07T05:52:18Z,7,1,0,https://www.youtube.com/watch?v=GlkM0CFsw4o,youtube,카다이프,related,0.3,2026-05-26T11:39:31.823168+00:00,7,1,0,1,미네스,"영롱한 녹차의 초록빛 ✨

한 번 열면 멈출 수가 없어서
450g이 순식간에 사라졌습니다 😅

여러분의 성원에 힘입어
곧 대용량으로 돌아옵니다 🍃","{""kind"": ""youtube#video"", ""etag"": ""g5ohpyAXlH8DBH2sn-9MScL5Ut8"", ""id"": ""GlkM0CFsw4o"", ""snippet"": {""publishedAt"": ""2026-05-07T05:52:18Z"", ""channelId"": ""UC8UzQ3Flqsz6OO53_EbLFXA"", ""title"": ""대용량 업소용 카다이프 스프레드 카작 등장!"", ""description"": ""영롱한 녹차의 초록빛 ✨\n\n한 번 열면 멈출 수가 없어서\n450g이 순식간에 사라졌습니다 😅\n\n여러분의 성원에 힘입어\n곧 대용량으로 돌아옵니다 🍃"", ""thumbnails"": {""default"": {""url"": ""https://i.ytimg.com/vi/GlkM0CFsw4o/default.jpg"", ""width"": 120, ""height"": 90}, ""medium"": {""url"": ""https://i.ytimg.com/vi/GlkM0CFsw4o/mqdefault.jpg"", ""width"": 320, ""height"": 180}, ""high"": {""url"": ""https://i.ytimg.com/vi/GlkM0CFsw4o/hqdefault.jpg"", ""width"": 480, ""height"": 360}, ""standard"": {""url"": ""https://i.ytimg.com/vi/GlkM0CFsw4o/sddefault.jpg"", ""width"": 640, ""height"": 480}, ""maxres"": {""url"": ""https://i.ytimg.com/vi/GlkM0CFsw4o/maxresdefault.jpg"", ""width"": 1280, ""height"": 720}}, ""channelTitle"": ""미네스"", ""categoryId"": ""22"", ""liveBroadcastContent"": ""none"", ""defaultLanguage"": ""ko"", ""localized"": {""title"": ""대용량 업소용 카다이프 스프레드 카작 등장!"", ""description"": ""영롱한 녹차의 초록빛 ✨\n\n한 번 열면 멈출 수가 없어서\n450g이 순식간에 사라졌습니다 😅\n\n여러분의 성원에 힘입어\n곧 대용량으로 돌아옵니다 🍃""}, ""defaultAudioLanguage"": ""ko""}, ""statistics"": {""viewCount"": ""7"", ""likeCount"": ""1"", ""favoriteCount"": ""0"", ""commentCount"": ""0""}}"
두쫀쿠,preset,카다이프,97KZKI_AN7I,#씨유 #카다이프 #당근빵 #두바이식 #버터떡빵 #cu #머냐 #편의점디저트,2026-05-06T09:37:18Z,310,2,0,https://www.youtube.com/watch?v=97KZKI_AN7I,youtube,카다이프,related,0.3,2026-05-26T11:39:31.823168+00:00,310,2,0,2,머냐,,"{""kind"": ""youtube#video"", ""etag"": ""o0PtKLaopU6PkPpT0A5rrpfw1k8"", ""id"": ""97KZKI_AN7I"", ""snippet"": {""publishedAt"": ""2026-05-06T09:37:18Z"", ""channelId"": ""UCrzECT0oc72WVjwVRyq3qvA"", ""title"": ""#씨유 #카다이프 #당근빵 #두바이식 #버터떡빵 #cu #머냐 #편의점디저트"", ""description"": """", ""thumbnails"": {""default"": {""url"": ""https://i.ytimg.com/vi/97KZKI_AN7I/default.jpg"", ""width"": 120, ""height"": 90}, ""medium"": {""url"": ""https://i.ytimg.com/vi/97KZKI_AN7I/mqdefault.jpg"", ""width"": 320, ""height"": 180}, ""high"": {""url"": ""https://i.ytimg.com/vi/97KZKI_AN7I/hqdefault.jpg"", ""width"": 480, ""height"": 360}, ""standard"": {""url"": ""https://i.ytimg.com/vi/97KZKI_AN7I/sddefault.jpg"", ""width"": 640, ""height"": 480}, ""maxres"": {""url"": ""https://i.ytimg.com/vi/97KZKI_AN7I/maxresdefault.jpg"", ""width"": 1280, ""height"": 720}}, ""channelTitle"": ""머냐"", ""categoryId"": ""27"", ""liveBroadcastContent"": ""none"", ""defaultLanguage"": ""ko"", ""localized"": {""title"": ""#씨유 #카다이프 #당근빵 #두바이식 #버터떡빵 #cu #머냐 #편의점디저트"", ""description"": """"}, ""defaultAudioLanguage"": ""ko""}, ""statistics"": {""viewCount"": ""310"", ""likeCount"": ""2"", ""favoriteCount"": ""0"", ""commentCount"": ""0""}}"
두쫀쿠,preset,카다이프,sgejz3AmiP0,인생 카다이프 디저트•••,2026-05-06T06:08:09Z,932,11,0,https://www.youtube.com/watch?v=sgejz3AmiP0,youtube,카다이프,related,0.3,2026-05-26T11:39:31.823168+00:00,932,11,0,11,기니egp,,"{""kind"": ""youtube#video"", ""etag"": ""VaiDM2HscOwYzm0kpI-tao0fIP0"", ""id"": ""sgejz3AmiP0"", ""snippet"": {""publishedAt"": ""2026-05-06T06:08:09Z"", ""channelId"": ""UC4ZuYcwLzanpyDj9SvFP91g"", ""title"": ""인생 카다이프 디저트•••"", ""description"": """", ""thumbnails"": {""default"": {""url"": ""https://i.ytimg.com/vi/sgejz3AmiP0/default.jpg"", ""width"": 120, ""height"": 90}, ""medium"": {""url"": ""https://i.ytimg.com/vi/sgejz3AmiP0/mqdefault.jpg"", ""width"": 320, ""height"": 180}, ""high"": {""url"": ""https://i.ytimg.com/vi/sgejz3AmiP0/hqdefault.jpg"", ""width"": 480, ""height"": 360}, ""standard"": {""url"": ""https://i.ytimg.com/vi/sgejz3AmiP0/sddefault.jpg"", ""width"": 640, ""height"": 480}, ""maxres"": {""url"": ""https://i.ytimg.com/vi/sgejz3AmiP0/maxresdefault.jpg"", ""width"": 1280, ""height"": 720}}, ""channelTitle"": ""기니egp"", ""categoryId"": ""22"", ""liveBroadcastContent"": ""none"", ""defaultLanguage"": ""ko"", ""localized"": {""title"": ""인생 카다이프 디저트•••"", ""description"": """"}}, ""statistics"": {""viewCount"": ""932"", ""likeCount"": ""11"", ""favoriteCount"": ""0"", ""commentCount"": ""0""}}"
두쫀쿠,preset,카다이프,W6c4PaLKRaU,하담이 먹방🍫 스타벅스 찰떡파이 카다이프… 이건 반칙이지😳💗 #shorts,2026-05-04T03:43:36Z,115,7,0,https://www.youtube.com/watch?v=W6c4PaLKRaU,youtube,카다이프,related,0.3,2026-05-26T11:39:31.823168+00:00,115,7,0,7,오늘도 하담로그,"오늘도 하담로그 숏츠💗
하담이가 스타벅스 찰떡파이 카다이프 먹방 찍어봤어요🍫✨

쫀득+달콤 조합 미쳤다…😳
한입 먹자마자 리얼 반응 나옵니다ㅋㅋ

👉 귀여운 하담이 먹방 더 보고 싶으면 구독💕

 #감성브이로그 #귀여운영상 #랜덤포카 
#하담로그 #스타벅스 #찰떡파이 #카다이프 #먹방 #키즈먹방 #초등학생브이로그 #shorts #먹방쇼츠 #디저트먹방 #달달한간식 #리얼반응 #귀여운영상 #오늘도하담로그","{""kind"": ""youtube#video"", ""etag"": ""XUWXAn-fqwawmynEEbtgxmBYozo"", ""id"": ""W6c4PaLKRaU"", ""snippet"": {""publishedAt"": ""2026-05-04T03:43:36Z"", ""channelId"": ""UCd2m8Cs0Xqfw4FUiDkBU-Gw"", ""title"": ""하담이 먹방🍫 스타벅스 찰떡파이 카다이프… 이건 반칙이지😳💗 #shorts"", ""description"": ""오늘도 하담로그 숏츠💗\n하담이가 스타벅스 찰떡파이 카다이프 먹방 찍어봤어요🍫✨\n\n쫀득+달콤 조합 미쳤다…😳\n한입 먹자마자 리얼 반응 나옵니다ㅋㅋ\n\n👉 귀여운 하담이 먹방 더 보고 싶으면 구독💕\n\n #감성브이로그 #귀여운영상 #랜덤포카 \n#하담로그 #스타벅스 #찰떡파이 #카다이프 #먹방 #키즈먹방 #초등학생브이로그 #shorts #먹방쇼츠 #디저트먹방 #달달한간식 #리얼반응 #귀여운영상 #오늘도하담로그"", ""thumbnails"": {""default"": {""url"": ""https://i.ytimg.com/vi/W6c4PaLKRaU/default.jpg"", ""width"": 120, ""height"": 90}, ""medium"": {""url"": ""https://i.ytimg.com/vi/W6c4PaLKRaU/mqdefault.jpg"", ""width"": 320, ""height"": 180}, ""high"": {""url"": ""https://i.ytimg.com/vi/W6c4PaLKRaU/hqdefault.jpg"", ""width"": 480, ""height"": 360}, ""standard"": {""url"": ""https://i.ytimg.com/vi/W6c4PaLKRaU/sddefault.jpg"", ""width"": 640, ""height"": 480}, ""maxres"": {""url"": ""https://i.ytimg.com/vi/W6c4PaLKRaU/maxresdefault.jpg"", ""width"": 1280, ""height"": 720}}, ""channelTitle"": ""오늘도 하담로그"", ""categoryId"": ""22"", ""liveBroadcastContent"": ""none"", ""defaultLanguage"": ""ko"", ""localized"": {""title"": ""하담이 먹방🍫 스타벅스 찰떡파이 카다이프… 이건 반칙이지😳💗 #shorts"", ""description"": ""오늘도 하담로그 숏츠💗\n하담이가 스타벅스 찰떡파이 카다이프 먹방 찍어봤어요🍫✨\n\n쫀득+달콤 조합 미쳤다…😳\n한입 먹자마자 리얼 반응 나옵니다ㅋㅋ\n\n👉 귀여운 하담이 먹방 더 보고 싶으면 구독💕\n\n #감성브이로그 #귀여운영상 #랜덤포카 \n#하담로그 #스타벅스 #찰떡파이 #카다이프 #먹방 #키즈먹방 #초등학생브이로그 #shorts #먹방쇼츠 #디저트먹방 #달달한간식 #리얼반응 #귀여운영상 #오늘도하담로그""}}, ""statistics"": {""viewCount"": ""115"", ""likeCount"": ""7"", ""favoriteCount"": ""0"", ""commentCount"": ""0""}}"
두쫀쿠,preset,카다이프,Tjs1Auoybl8,세븐일레븐 카다이프쫀득초코볼🧆,2026-05-03T10:51:30Z,86,1,2,https://www.youtube.com/watch?v=Tjs1Auoybl8,youtube,카다이프,related,0.3,2026-05-26T11:39:31.823168+00:00,86,1,2,3,지은대전,#새븐일레븐 #카다이프쫀득초코볼 #편의점간식 #내돈내산,"{""kind"": ""youtube#video"", ""etag"": ""LuF_fPA4Z3be_PSPxe7CnMhVzFY"", ""id"": ""Tjs1Auoybl8"", ""snippet"": {""publishedAt"": ""2026-05-03T10:51:30Z"", ""channelId"": ""UC51l6pz6-1DJjq8AAXwBtrA"", ""title"": ""세븐일레븐 카다이프쫀득초코볼🧆"", ""description"": ""#새븐일레븐 #카다이프쫀득초코볼 #편의점간식 #내돈내산"", ""thumbnails"": {""default"": {""url"": ""https://i.ytimg.com/vi/Tjs1Auoybl8/default.jpg"", ""width"": 120, ""height"": 90}, ""medium"": {""url"": ""https://i.ytimg.com/vi/Tjs1Auoybl8/mqdefault.jpg"", ""width"": 320, ""height"": 180}, ""high"": {""url"": ""https://i.ytimg.com/vi/Tjs1Auoybl8/hqdefault.jpg"", ""width"": 480, ""height"": 360}, ""standard"": {""url"": ""https://i.ytimg.com/vi/Tjs1Auoybl8/sddefault.jpg"", ""width"": 640, ""height"": 480}, ""maxres"": {""url"": ""https://i.ytimg.com/vi/Tjs1Auoybl8/maxresdefault.jpg"", ""width"": 1280, ""height"": 720}}, ""channelTitle"": ""지은대전"", ""categoryId"": ""22"", ""liveBroadcastContent"": ""none"", ""defaultLanguage"": ""ko"", ""localized"": {""title"": ""세븐일레븐 카다이프쫀득초코볼🧆"", ""description"": ""#새븐일레븐 #카다이프쫀득초코볼 #편의점간식 #내돈내산""}}, ""statistics"": {""viewCount"": ""86"", ""likeCount"": ""1"", ""favoriteCount"": ""0"", ""commentCount"": ""2""}}"
두쫀쿠,preset,카다이프,0l2OsaK3CCY,두쫀쿠 카다이프 만들기 (AI),2026-05-03T09:41:34Z,4624,8,0,https://www.youtube.com/watch?v=0l2OsaK3CCY,youtube,카다이프,related,0.3,2026-05-26T11:39:31.823168+00:00,4624,8,0,8,잠잘래,"요즘 바이럴음식중에 하나인 디저트 두쫀쿠를 AI를 활용하여 레트로 애니메이션 스타일로 제작해봤습니다 

#두쫀쿠 #디저트 #dubaichocolate #두바이 #두바이초콜렛 #두바이초콜릿 #두바이쿠키 #ai애니메이션 #aianimation #aianime #animeaesthetic #retroanime #레트로애니","{""kind"": ""youtube#video"", ""etag"": ""_M_MW9r0ew7x83ttEcsnHafATGw"", ""id"": ""0l2OsaK3CCY"", ""snippet"": {""publishedAt"": ""2026-05-03T09:41:34Z"", ""channelId"": ""UCEOcLFLHQOZKgl3BiB2CMRQ"", ""title"": ""두쫀쿠 카다이프 만들기 (AI)"", ""description"": ""요즘 바이럴음식중에 하나인 디저트 두쫀쿠를 AI를 활용하여 레트로 애니메이션 스타일로 제작해봤습니다 \n\n#두쫀쿠 #디저트 #dubaichocolate #두바이 #두바이초콜렛 #두바이초콜릿 #두바이쿠키 #ai애니메이션 #aianimation #aianime #animeaesthetic #retroanime #레트로애니"", ""thumbnails"": {""default"": {""url"": ""https://i.ytimg.com/vi/0l2OsaK3CCY/default.jpg"", ""width"": 120, ""height"": 90}, ""medium"": {""url"": ""https://i.ytimg.com/vi/0l2OsaK3CCY/mqdefault.jpg"", ""width"": 320, ""height"": 180}, ""high"": {""url"": ""https://i.ytimg.com/vi/0l2OsaK3CCY/hqdefault.jpg"", ""width"": 480, ""height"": 360}, ""standard"": {""url"": ""https://i.ytimg.com/vi/0l2OsaK3CCY/sddefault.jpg"", ""width"": 640, ""height"": 480}, ""maxres"": {""url"": ""https://i.ytimg.com/vi/0l2OsaK3CCY/maxresdefault.jpg"", ""width"": 1280, ""height"": 720}}, ""channelTitle"": ""잠잘래"", ""tags"": [""두쫀쿠"", ""두바이초코"", ""유행 음식"", ""음식 애니메이션"", ""레트로 애니""], ""categoryId"": ""1"", ""liveBroadcastContent"": ""none"", ""defaultLanguage"": ""ko"", ""localized"": {""title"": ""두쫀쿠 카다이프 만들기 (AI)"", ""description"": ""요즘 바이럴음식중에 하나인 디저트 두쫀쿠를 AI를 활용하여 레트로 애니메이션 스타일로 제작해봤습니다 \n\n#두쫀쿠 #디저트 #dubaichocolate #두바이 #두바이초콜렛 #두바이초콜릿 #두바이쿠키 #ai애니메이션 #aianimation #aianime #animeaesthetic #retroanime #레트로애니""}, ""defaultAudioLanguage"": ""ja""}, ""statistics"": {""viewCount"": ""4624"", ""likeCount"": ""8"", ""favoriteCount"": ""0"", ""commentCount"": ""0""}}"
두쫀쿠,preset,카다이프,nxb1aq_EgZk,"GS25 신상, 새로운 꿀맛팝콘 등장 ""몬치치 초코카다이프팝콘""",2026-05-03T07:50:27Z,4696,12,1,https://www.youtube.com/watch?v=nxb1aq_EgZk,youtube,카다이프,related,0.3,2026-05-26T11:39:31.823168+00:00,4696,12,1,13,배고푸,"GS25 신상 ""몬치치 초코카다이프 팝콘"" 먹어봤어요!!

💰GS25 2,300원


동글동글 팝콘 겉에 코코아가루 묻혀있고
고소함+코코아향이 확 나서 기대감 상승‼️


팝콘 식감에 고소하고 달달한 맛 나면서
코코아가루의 약간 쌉싸름함이
잘 어울렸던 과자에요!

피스타치오+카다이프 코팅이 아주아주 얇게 되어있는 것 같은데 눈에 딱 보이진 않구요 ㅎㅎ
은은하게 고소달달함이 추가된 느낌정도라
존재감이 별로 없어요 😅

색다른 맛 경험한걸로 만족합니다아 🍫



#GS25 #GS25신상 #신상리뷰 #몬치치초코카다이프팝콘 #솔직리뷰","{""kind"": ""youtube#video"", ""etag"": ""djPsWZIrj_amd-gA1iD84CdDkKM"", ""id"": ""nxb1aq_EgZk"", ""snippet"": {""publishedAt"": ""2026-05-03T07:50:27Z"", ""channelId"": ""UCj8xeAKXABA4VZ5xcgskgJA"", ""title"": ""GS25 신상, 새로운 꿀맛팝콘 등장 \""몬치치 초코카다이프팝콘\"""", ""description"": ""GS25 신상 \""몬치치 초코카다이프 팝콘\"" 먹어봤어요!!\n\n💰GS25 2,300원\n\n\n동글동글 팝콘 겉에 코코아가루 묻혀있고\n고소함+코코아향이 확 나서 기대감 상승‼️\n\n\n팝콘 식감에 고소하고 달달한 맛 나면서\n코코아가루의 약간 쌉싸름함이\n잘 어울렸던 과자에요!\n\n피스타치오+카다이프 코팅이 아주아주 얇게 되어있는 것 같은데 눈에 딱 보이진 않구요 ㅎㅎ\n은은하게 고소달달함이 추가된 느낌정도라\n존재감이 별로 없어요 😅\n\n색다른 맛 경험한걸로 만족합니다아 🍫\n\n\n\n#GS25 #GS25신상 #신상리뷰 #몬치치초코카다이프팝콘 #솔직리뷰"", ""thumbnails"": {""default"": {""url"": ""https://i.ytimg.com/vi/nxb1aq_EgZk/default.jpg"", ""width"": 120, ""height"": 90}, ""medium"": {""url"": ""https://i.ytimg.com/vi/nxb1aq_EgZk/mqdefault.jpg"", ""width"": 320, ""height"": 180}, ""high"": {""url"": ""https://i.ytimg.com/vi/nxb1aq_EgZk/hqdefault.jpg"", ""width"": 480, ""height"": 360}, ""standard"": {""url"": ""https://i.ytimg.com/vi/nxb1aq_EgZk/sddefault.jpg"", ""width"": 640, ""height"": 480}, ""maxres"": {""url"": ""https://i.ytimg.com/vi/nxb1aq_EgZk/maxresdefault.jpg"", ""width"": 1280, ""height"": 720}}, ""channelTitle"": ""배고푸"", ""categoryId"": ""22"", ""liveBroadcastContent"": ""none"", ""defaultLanguage"": ""ko"", ""localized"": {""title"": ""GS25 신상, 새로운 꿀맛팝콘 등장 \""몬치치 초코카다이프팝콘\"""", ""description"": ""GS25 신상 \""몬치치 초코카다이프 팝콘\"" 먹어봤어요!!\n\n💰GS25 2,300원\n\n\n동글동글 팝콘 겉에 코코아가루 묻혀있고\n고소함+코코아향이 확 나서 기대감 상승‼️\n\n\n팝콘 식감에 고소하고 달달한 맛 나면서\n코코아가루의 약간 쌉싸름함이\n잘 어울렸던 과자에요!\n\n피스타치오+카다이프 코팅이 아주아주 얇게 되어있는 것 같은데 눈에 딱 보이진 않구요 ㅎㅎ\n은은하게 고소달달함이 추가된 느낌정도라\n존재감이 별로 없어요 😅\n\n색다른 맛 경험한걸로 만족합니다아 🍫\n\n\n\n#GS25 #GS25신상 #신상리뷰 #몬치치초코카다이프팝콘 #솔직리뷰""}, ""defaultAudioLanguage"": ""ko""}, ""statistics"": {""viewCount"": ""4696"", ""likeCount"": ""12"", ""favoriteCount"": ""0"", ""commentCount"": ""1""}}"
두쫀쿠,preset,카다이프,Czt3lxVGLag,집에서 5분! 화제의 두바이 츄이 쿠키 레시피 🍯 카다이프 듬뿍!,2026-05-02T23:02:00Z,1315,6,1,https://www.youtube.com/watch?v=Czt3lxVGLag,youtube,카다이프,related,0.3,2026-05-26T11:39:31.823168+00:00,1315,6,1,7,오디피디아,"안녕하세요! 요즘 SNS에서 가장 핫한 그 '두바이 초콜릿'의 쿠키 버전을 가져왔어요! 줄 서지 말고 집에서 5분 만에 '겉바속쫀득' 끝판왕을 만나보세요! (냉동 시간 제외 😉)

바삭하게 볶은 카다이프와 고소하고 진한 피스타치오 스프레드의 환상적인 만남! 여기에 초코칩 쿠키의 달콤함까지... 한 입 베어 무는 순간 천국행 급행열차 탑승 완료입니다.

요리 초보자도 뚝딱 만들 수 있는 역대급 K-디저트 레시피! 영상 속 꿀팁들 절대 놓치지 마세요! (특히 필링 냉동 팁! 필수예요!)

오늘도 맛있는 홈베이킹 하시고, 다음엔 어떤 역대급 레시피가 궁금한지 댓글로 꼭 알려주세요!

[약 8~10개 분량 / Servings: Makes 8-10 cookies]

[쿠키 반죽 재료 / Cookie Dough Ingredients]

무염 버터 (Unsalted Butter) : 100g

흑설탕 (Brown Sugar) : 80g

백설탕 (White Sugar) : 40g

달걀 (Egg) : 1개 (1 Whole Egg)

중력분 (All-Purpose Flour) : 200g

무가당 코코아 가루 (Unsweetened Cocoa Powder) : 20g

베이킹소다 (Baking Soda) : 2g

소금 (Salt) : 한 꼬집 (A pinch)

초코칩 (Chocolate Chips) : 적당량 (As desired)

[피스타치오 필링 재료 / Pistachio Filling Ingredients]

카다이프 면 (Kataifi Noodles/Shredded Phyllo Dough) : 50g

무염 버터 (Unsalted Butter) : 15g

피스타치오 스프레드 (Pistachio Spread) : 80~100g

[헤시테그 (Hashtags)]
#두바이쿠키 #두바이츄이쿠키 #두바이초콜릿쿠키 #피스타치오쿠키 #카다이프 #홈베이킹 #레시피공개 #K디저트 #디저트레시피 #초간단레시피 #베이킹영상","{""kind"": ""youtube#video"", ""etag"": ""AiFuwzy15SwgrR69QzmlF5Pu-d8"", ""id"": ""Czt3lxVGLag"", ""snippet"": {""publishedAt"": ""2026-05-02T23:02:00Z"", ""channelId"": ""UCf7jWxSoXv2B9oCYPvitlNg"", ""title"": ""집에서 5분! 화제의 두바이 츄이 쿠키 레시피 🍯 카다이프 듬뿍!"", ""description"": ""안녕하세요! 요즘 SNS에서 가장 핫한 그 '두바이 초콜릿'의 쿠키 버전을 가져왔어요! 줄 서지 말고 집에서 5분 만에 '겉바속쫀득' 끝판왕을 만나보세요! (냉동 시간 제외 😉)\n\n바삭하게 볶은 카다이프와 고소하고 진한 피스타치오 스프레드의 환상적인 만남! 여기에 초코칩 쿠키의 달콤함까지... 한 입 베어 무는 순간 천국행 급행열차 탑승 완료입니다.\n\n요리 초보자도 뚝딱 만들 수 있는 역대급 K-디저트 레시피! 영상 속 꿀팁들 절대 놓치지 마세요! (특히 필링 냉동 팁! 필수예요!)\n\n오늘도 맛있는 홈베이킹 하시고, 다음엔 어떤 역대급 레시피가 궁금한지 댓글로 꼭 알려주세요!\n\n[약 8~10개 분량 / Servings: Makes 8-10 cookies]\n\n[쿠키 반죽 재료 / Cookie Dough Ingredients]\n\n무염 버터 (Unsalted Butter) : 100g\n\n흑설탕 (Brown Sugar) : 80g\n\n백설탕 (White Sugar) : 40g\n\n달걀 (Egg) : 1개 (1 Whole Egg)\n\n중력분 (All-Purpose Flour) : 200g\n\n무가당 코코아 가루 (Unsweetened Cocoa Powder) : 20g\n\n베이킹소다 (Baking Soda) : 2g\n\n소금 (Salt) : 한 꼬집 (A pinch)\n\n초코칩 (Chocolate Chips) : 적당량 (As desired)\n\n[피스타치오 필링 재료 / Pistachio Filling Ingredients]\n\n카다이프 면 (Kataifi Noodles/Shredded Phyllo Dough) : 50g\n\n무염 버터 (Unsalted Butter) : 15g\n\n피스타치오 스프레드 (Pistachio Spread) : 80~100g\n\n[헤시테그 (Hashtags)]\n#두바이쿠키 #두바이츄이쿠키 #두바이초콜릿쿠키 #피스타치오쿠키 #카다이프 #홈베이킹 #레시피공개 #K디저트 #디저트레시피 #초간단레시피 #베이킹영상"", ""thumbnails"": {""default"": {""url"": ""https://i.ytimg.com/vi/Czt3lxVGLag/default.jpg"", ""width"": 120, ""height"": 90}, ""medium"": {""url"": ""https://i.ytimg.com/vi/Czt3lxVGLag/mqdefault.jpg"", ""width"": 320, ""height"": 180}, ""high"": {""url"": ""https://i.ytimg.com/vi/Czt3lxVGLag/hqdefault.jpg"", ""width"": 480, ""height"": 360}, ""standard"": {""url"": ""https://i.ytimg.com/vi/Czt3lxVGLag/sddefault.jpg"", ""width"": 640, ""height"": 480}, ""maxres"": {""url"": ""https://i.ytimg.com/vi/Czt3lxVGLag/maxresdefault.jpg"", ""width"": 1280, ""height"": 720}}, ""channelTitle"": ""오디피디아"", ""categoryId"": ""26"", ""liveBroadcastContent"": ""none"", ""defaultLanguage"": ""en"", ""localized"": {""title"": ""집에서 5분! 화제의 두바이 츄이 쿠키 레시피 🍯 카다이프 듬뿍!"", ""description"": ""안녕하세요! 요즘 SNS에서 가장 핫한 그 '두바이 초콜릿'의 쿠키 버전을 가져왔어요! 줄 서지 말고 집에서 5분 만에 '겉바속쫀득' 끝판왕을 만나보세요! (냉동 시간 제외 😉)\n\n바삭하게 볶은 카다이프와 고소하고 진한 피스타치오 스프레드의 환상적인 만남! 여기에 초코칩 쿠키의 달콤함까지... 한 입 베어 무는 순간 천국행 급행열차 탑승 완료입니다.\n\n요리 초보자도 뚝딱 만들 수 있는 역대급 K-디저트 레시피! 영상 속 꿀팁들 절대 놓치지 마세요! (특히 필링 냉동 팁! 필수예요!)\n\n오늘도 맛있는 홈베이킹 하시고, 다음엔 어떤 역대급 레시피가 궁금한지 댓글로 꼭 알려주세요!\n\n[약 8~10개 분량 / Servings: Makes 8-10 cookies]\n\n[쿠키 반죽 재료 / Cookie Dough Ingredients]\n\n무염 버터 (Unsalted Butter) : 100g\n\n흑설탕 (Brown Sugar) : 80g\n\n백설탕 (White Sugar) : 40g\n\n달걀 (Egg) : 1개 (1 Whole Egg)\n\n중력분 (All-Purpose Flour) : 200g\n\n무가당 코코아 가루 (Unsweetened Cocoa Powder) : 20g\n\n베이킹소다 (Baking Soda) : 2g\n\n소금 (Salt) : 한 꼬집 (A pinch)\n\n초코칩 (Chocolate Chips) : 적당량 (As desired)\n\n[피스타치오 필링 재료 / Pistachio Filling Ingredients]\n\n카다이프 면 (Kataifi Noodles/Shredded Phyllo Dough) : 50g\n\n무염 버터 (Unsalted Butter) : 15g\n\n피스타치오 스프레드 (Pistachio Spread) : 80~100g\n\n[헤시테그 (Hashtags)]\n#두바이쿠키 #두바이츄이쿠키 #두바이초콜릿쿠키 #피스타치오쿠키 #카다이프 #홈베이킹 #레시피공개 #K디저트 #디저트레시피 #초간단레시피 #베이킹영상""}, ""defaultAudioLanguage"": ""en""}, ""statistics"": {""viewCount"": ""1315"", ""likeCount"": ""6"", ""favoriteCount"": ""0"", ""commentCount"": ""1""}}"
두쫀쿠,preset,카다이프,H7AeGjK09GY,카다이프 쿠키 끝판왕! 황홀스레 #두쫀쿠 5종 ✨#dessert,2026-05-02T02:46:13Z,1027,4,0,https://www.youtube.com/watch?v=H7AeGjK09GY,youtube,카다이프,related,0.3,2026-05-26T11:39:31.823168+00:00,1027,4,0,4,insfamworld,"인즈팸 픽 인생 두쫀쿠 🍪
5가지 맛 다채로운 매력 ✨
카다이프 바삭함 미쳤다 💥
황홀스레에서 쫀득함 충전 😋

황홀스레
스마트스토어: https://smartstore.naver.com/hwangholsre

#천안맛집 #두쫀쿠 #황홀스레 #디저트 #두쫀쿠배달 #카다이프","{""kind"": ""youtube#video"", ""etag"": ""hvJzfaZa__FJKb7bB-MUav-pNlE"", ""id"": ""H7AeGjK09GY"", ""snippet"": {""publishedAt"": ""2026-05-02T02:46:13Z"", ""channelId"": ""UCJDG4lc2KvXWeWYvauB26Yg"", ""title"": ""카다이프 쿠키 끝판왕! 황홀스레 #두쫀쿠 5종 ✨#dessert"", ""description"": ""인즈팸 픽 인생 두쫀쿠 🍪\n5가지 맛 다채로운 매력 ✨\n카다이프 바삭함 미쳤다 💥\n황홀스레에서 쫀득함 충전 😋\n\n황홀스레\n스마트스토어: https://smartstore.naver.com/hwangholsre\n\n#천안맛집 #두쫀쿠 #황홀스레 #디저트 #두쫀쿠배달 #카다이프"", ""thumbnails"": {""default"": {""url"": ""https://i.ytimg.com/vi/H7AeGjK09GY/default.jpg"", ""width"": 120, ""height"": 90}, ""medium"": {""url"": ""https://i.ytimg.com/vi/H7AeGjK09GY/mqdefault.jpg"", ""width"": 320, ""height"": 180}, ""high"": {""url"": ""https://i.ytimg.com/vi/H7AeGjK09GY/hqdefault.jpg"", ""width"": 480, ""height"": 360}, ""standard"": {""url"": ""https://i.ytimg.com/vi/H7AeGjK09GY/sddefault.jpg"", ""width"": 640, ""height"": 480}, ""maxres"": {""url"": ""https://i.ytimg.com/vi/H7AeGjK09GY/maxresdefault.jpg"", ""width"": 1280, ""height"": 720}}, ""channelTitle"": ""insfamworld"", ""tags"": [""두쫀쿠"", ""황홀스레"", ""디저트맛집"", ""디저트배달"", ""두쫀쿠배달"", ""인생픽두쫀쿠"", ""두쫀쿠추천"", ""두바이쫀득쿠키"", ""dessert""], ""categoryId"": ""22"", ""liveBroadcastContent"": ""none"", ""defaultLanguage"": ""ko"", ""localized"": {""title"": ""카다이프 쿠키 끝판왕! 황홀스레 #두쫀쿠 5종 ✨#dessert"", ""description"": ""인즈팸 픽 인생 두쫀쿠 🍪\n5가지 맛 다채로운 매력 ✨\n카다이프 바삭함 미쳤다 💥\n황홀스레에서 쫀득함 충전 😋\n\n황홀스레\n스마트스토어: https://smartstore.naver.com/hwangholsre\n\n#천안맛집 #두쫀쿠 #황홀스레 #디저트 #두쫀쿠배달 #카다이프""}, ""defaultAudioLanguage"": ""ko""}, ""statistics"": {""viewCount"": ""1027"", ""likeCount"": ""4"", ""favoriteCount"": ""0"", ""commentCount"": ""0""}}"
두쫀쿠,preset,카다이프,XjLQUPV4_lU,스타벅스 신상 카다이프 찰떡파이 솔직 리뷰!✨ 쫀득한 찰떡 속에 바삭한 카다이프 조합이 은근 중독성 있어요. 달달한 당 충전 디저트로 추천!,2026-05-01T15:02:08Z,3672,10,4,https://www.youtube.com/watch?v=XjLQUPV4_lU,youtube,카다이프,related,0.3,2026-05-26T11:39:31.823168+00:00,3672,10,4,14,티거월드,#스타벅스신상 #카다이프찰떡파이 #스벅디저트 #스타벅스 #starbucks #스타벅스신메뉴,"{""kind"": ""youtube#video"", ""etag"": ""ib822U-tZ4J26DwbrgjvqJEFvOQ"", ""id"": ""XjLQUPV4_lU"", ""snippet"": {""publishedAt"": ""2026-05-01T15:02:08Z"", ""channelId"": ""UCrh-zaJRxq1CPMw8x0ygLbA"", ""title"": ""스타벅스 신상 카다이프 찰떡파이 솔직 리뷰!✨ 쫀득한 찰떡 속에 바삭한 카다이프 조합이 은근 중독성 있어요. 달달한 당 충전 디저트로 추천!"", ""description"": ""#스타벅스신상 #카다이프찰떡파이 #스벅디저트 #스타벅스 #starbucks #스타벅스신메뉴"", ""thumbnails"": {""default"": {""url"": ""https://i.ytimg.com/vi/XjLQUPV4_lU/default.jpg"", ""width"": 120, ""height"": 90}, ""medium"": {""url"": ""https://i.ytimg.com/vi/XjLQUPV4_lU/mqdefault.jpg"", ""width"": 320, ""height"": 180}, ""high"": {""url"": ""https://i.ytimg.com/vi/XjLQUPV4_lU/hqdefault.jpg"", ""width"": 480, ""height"": 360}, ""standard"": {""url"": ""https://i.ytimg.com/vi/XjLQUPV4_lU/sddefault.jpg"", ""width"": 640, ""height"": 480}, ""maxres"": {""url"": ""https://i.ytimg.com/vi/XjLQUPV4_lU/maxresdefault.jpg"", ""width"": 1280, ""height"": 720}}, ""channelTitle"": ""티거월드"", ""categoryId"": ""22"", ""liveBroadcastContent"": ""none"", ""defaultLanguage"": ""ko"", ""localized"": {""title"": ""스타벅스 신상 카다이프 찰떡파이 솔직 리뷰!✨ 쫀득한 찰떡 속에 바삭한 카다이프 조합이 은근 중독성 있어요. 달달한 당 충전 디저트로 추천!"", ""description"": ""#스타벅스신상 #카다이프찰떡파이 #스벅디저트 #스타벅스 #starbucks #스타벅스신메뉴""}, ""defaultAudioLanguage"": ""ko""}, ""statistics"": {""viewCount"": ""3672"", ""likeCount"": ""10"", ""favoriteCount"": ""0"", ""commentCount"": ""4""}}"
두쫀쿠,preset,카다이프,s-yBaNnWPDw,3구소스통으로 카다이프 만들기 도전 😂 #청담언니 #요리하는메이크업아티스트,2026-05-01T04:38:55Z,41999,270,4,https://www.youtube.com/watch?v=s-yBaNnWPDw,youtube,카다이프,related,0.3,2026-05-26T11:39:31.823168+00:00,41999,270,4,274,Suman Haldar,3구소스통으로 카다이프 만들기 도전                     #청담언니 #요리하는메이크업아티스트,"{""kind"": ""youtube#video"", ""etag"": ""RGho5N4xByPjoPUvYzn_Lwv9E1Y"", ""id"": ""s-yBaNnWPDw"", ""snippet"": {""publishedAt"": ""2026-05-01T04:38:55Z"", ""channelId"": ""UCwRkEgsv_9C_IqB1U1yAkFA"", ""title"": ""3구소스통으로 카다이프 만들기 도전 😂 #청담언니 #요리하는메이크업아티스트"", ""description"": ""3구소스통으로 카다이프 만들기 도전                     #청담언니 #요리하는메이크업아티스트"", ""thumbnails"": {""default"": {""url"": ""https://i.ytimg.com/vi/s-yBaNnWPDw/default.jpg"", ""width"": 120, ""height"": 90}, ""medium"": {""url"": ""https://i.ytimg.com/vi/s-yBaNnWPDw/mqdefault.jpg"", ""width"": 320, ""height"": 180}, ""high"": {""url"": ""https://i.ytimg.com/vi/s-yBaNnWPDw/hqdefault.jpg"", ""width"": 480, ""height"": 360}, ""standard"": {""url"": ""https://i.ytimg.com/vi/s-yBaNnWPDw/sddefault.jpg"", ""width"": 640, ""height"": 480}, ""maxres"": {""url"": ""https://i.ytimg.com/vi/s-yBaNnWPDw/maxresdefault.jpg"", ""width"": 1280, ""height"": 720}}, ""channelTitle"": ""Suman Haldar"", ""categoryId"": ""24"", ""liveBroadcastContent"": ""none"", ""defaultLanguage"": ""ko"", ""localized"": {""title"": ""3구소스통으로 카다이프 만들기 도전 😂 #청담언니 #요리하는메이크업아티스트"", ""description"": ""3구소스통으로 카다이프 만들기 도전                     #청담언니 #요리하는메이크업아티스트""}}, ""statistics"": {""viewCount"": ""41999"", ""likeCount"": ""270"", ""favoriteCount"": ""0"", ""commentCount"": ""4""}}"
두쫀쿠,preset,카다이프,lYmzKlrGGrI,스벅 카다이프 찰떡파이,2026-05-01T04:03:40Z,1201,4,0,https://www.youtube.com/watch?v=lYmzKlrGGrI,youtube,카다이프,related,0.3,2026-05-26T11:39:31.823168+00:00,1201,4,0,4,k트리 스벅,"스벅 카다이프 찰떡파이 사이즈가 작아요
맛은 괜찮아요 ᆢ
그란데컵 로고정도 사이즈네요
6개 14900원  개당2500원정도에요
갠적으로 피넛 찰떡이 더 맛있어요","{""kind"": ""youtube#video"", ""etag"": ""b4uopO8_c1gFxfJwIjDEJVz-RLg"", ""id"": ""lYmzKlrGGrI"", ""snippet"": {""publishedAt"": ""2026-05-01T04:03:40Z"", ""channelId"": ""UCySFxogAreVzrIyaX84PsRQ"", ""title"": ""스벅 카다이프 찰떡파이"", ""description"": ""스벅 카다이프 찰떡파이 사이즈가 작아요\n맛은 괜찮아요 ᆢ\n그란데컵 로고정도 사이즈네요\n6개 14900원  개당2500원정도에요\n갠적으로 피넛 찰떡이 더 맛있어요"", ""thumbnails"": {""default"": {""url"": ""https://i.ytimg.com/vi/lYmzKlrGGrI/default.jpg"", ""width"": 120, ""height"": 90}, ""medium"": {""url"": ""https://i.ytimg.com/vi/lYmzKlrGGrI/mqdefault.jpg"", ""width"": 320, ""height"": 180}, ""high"": {""url"": ""https://i.ytimg.com/vi/lYmzKlrGGrI/hqdefault.jpg"", ""width"": 480, ""height"": 360}, ""standard"": {""url"": ""https://i.ytimg.com/vi/lYmzKlrGGrI/sddefault.jpg"", ""width"": 640, ""height"": 480}, ""maxres"": {""url"": ""https://i.ytimg.com/vi/lYmzKlrGGrI/maxresdefault.jpg"", ""width"": 1280, ""height"": 720}}, ""channelTitle"": ""k트리 스벅"", ""categoryId"": ""22"", ""liveBroadcastContent"": ""none"", ""defaultLanguage"": ""ko"", ""localized"": {""title"": ""스벅 카다이프 찰떡파이"", ""description"": ""스벅 카다이프 찰떡파이 사이즈가 작아요\n맛은 괜찮아요 ᆢ\n그란데컵 로고정도 사이즈네요\n6개 14900원  개당2500원정도에요\n갠적으로 피넛 찰떡이 더 맛있어요""}, ""defaultAudioLanguage"": ""ko""}, ""statistics"": {""viewCount"": ""1201"", ""likeCount"": ""4"", ""favoriteCount"": ""0"", ""commentCount"": ""0""}}"
두쫀쿠,preset,카다이프,xXtu135zMMI,의외로 카다이프면을 만드는 방법이 간단한 이유,2026-04-29T22:47:20Z,21964,38,4,https://www.youtube.com/watch?v=xXtu135zMMI,youtube,카다이프,related,0.3,2026-05-26T11:39:31.823168+00:00,21964,38,4,42,지식탐험대,,"{""kind"": ""youtube#video"", ""etag"": ""MB3-JxdSR4zKcQfvgem4_uUk1ms"", ""id"": ""xXtu135zMMI"", ""snippet"": {""publishedAt"": ""2026-04-29T22:47:20Z"", ""channelId"": ""UCjBpuvT1rYSwLgqxTyuFdZw"", ""title"": ""의외로 카다이프면을 만드는 방법이 간단한 이유"", ""description"": """", ""thumbnails"": {""default"": {""url"": ""https://i.ytimg.com/vi/xXtu135zMMI/default.jpg"", ""width"": 120, ""height"": 90}, ""medium"": {""url"": ""https://i.ytimg.com/vi/xXtu135zMMI/mqdefault.jpg"", ""width"": 320, ""height"": 180}, ""high"": {""url"": ""https://i.ytimg.com/vi/xXtu135zMMI/hqdefault.jpg"", ""width"": 480, ""height"": 360}, ""standard"": {""url"": ""https://i.ytimg.com/vi/xXtu135zMMI/sddefault.jpg"", ""width"": 640, ""height"": 480}, ""maxres"": {""url"": ""https://i.ytimg.com/vi/xXtu135zMMI/maxresdefault.jpg"", ""width"": 1280, ""height"": 720}}, ""channelTitle"": ""지식탐험대"", ""categoryId"": ""24"", ""liveBroadcastContent"": ""none"", ""defaultLanguage"": ""ko"", ""localized"": {""title"": ""의외로 카다이프면을 만드는 방법이 간단한 이유"", ""description"": """"}, ""defaultAudioLanguage"": ""ko""}, ""statistics"": {""viewCount"": ""21964"", ""likeCount"": ""38"", ""favoriteCount"": ""0"", ""commentCount"": ""4""}}"
두쫀쿠,preset,카다이프,InvIaTmLTc0,"바삭함이 미쳤다, 카다이프 새우튀김",2026-04-29T08:29:08Z,1984,74,20,https://www.youtube.com/watch?v=InvIaTmLTc0,youtube,카다이프,related,0.3,2026-05-26T11:39:31.823168+00:00,1984,74,20,94,Leplat  르쁠라,"요즘 두쫀쿠에 쓰이면서 많이 알려진 카다이프,
사실은 중동과 터키에서 디저트에 사용하던 얇은 반죽이에요.

오늘은 그 카다이프를
디저트가 아니라 새우튀김으로 만들어봤어요.

겉은 가볍게 바삭하고,
속은 과하게 익히지 않아 촉촉하게.

같이 곁들인 소스는
와사비와 홀스래디시를 베이스로 만든
레물라드 스타일 크림 소스입니다.

생각보다 훨씬 간단하지만
완성도는 꽤 만족스러운 메뉴예요.

레시피는 영상으로 확인해주세요 :)

플레이트- 이정미 민트 레이스 접시 25cm
소스팬- Mauviel sauce pan M150b 16cm","{""kind"": ""youtube#video"", ""etag"": ""b1t-CVMIaAshbcU9O5xf4EdaUY8"", ""id"": ""InvIaTmLTc0"", ""snippet"": {""publishedAt"": ""2026-04-29T08:29:08Z"", ""channelId"": ""UCEGOcf_oGsSuswiQM5MyfhA"", ""title"": ""바삭함이 미쳤다, 카다이프 새우튀김"", ""description"": ""요즘 두쫀쿠에 쓰이면서 많이 알려진 카다이프,\n사실은 중동과 터키에서 디저트에 사용하던 얇은 반죽이에요.\n\n오늘은 그 카다이프를\n디저트가 아니라 새우튀김으로 만들어봤어요.\n\n겉은 가볍게 바삭하고,\n속은 과하게 익히지 않아 촉촉하게.\n\n같이 곁들인 소스는\n와사비와 홀스래디시를 베이스로 만든\n레물라드 스타일 크림 소스입니다.\n\n생각보다 훨씬 간단하지만\n완성도는 꽤 만족스러운 메뉴예요.\n\n레시피는 영상으로 확인해주세요 :)\n\n플레이트- 이정미 민트 레이스 접시 25cm\n소스팬- Mauviel sauce pan M150b 16cm"", ""thumbnails"": {""default"": {""url"": ""https://i.ytimg.com/vi/InvIaTmLTc0/default.jpg"", ""width"": 120, ""height"": 90}, ""medium"": {""url"": ""https://i.ytimg.com/vi/InvIaTmLTc0/mqdefault.jpg"", ""width"": 320, ""height"": 180}, ""high"": {""url"": ""https://i.ytimg.com/vi/InvIaTmLTc0/hqdefault.jpg"", ""width"": 480, ""height"": 360}, ""standard"": {""url"": ""https://i.ytimg.com/vi/InvIaTmLTc0/sddefault.jpg"", ""width"": 640, ""height"": 480}, ""maxres"": {""url"": ""https://i.ytimg.com/vi/InvIaTmLTc0/maxresdefault.jpg"", ""width"": 1280, ""height"": 720}}, ""channelTitle"": ""Leplat  르쁠라"", ""tags"": [""레시피"", ""플레이팅"", ""프렌치레시피"", ""건강레시피"", ""서양요리"", ""건강식"", ""미슐랭스타일요리"", ""초대요리"", ""파티요리"", ""새우튀김"", ""카다이프"", ""튀김요리"", ""홀스래디쉬소스"", ""모비엘"", ""카다이프새우튀김"", ""이지필새우""], ""categoryId"": ""26"", ""liveBroadcastContent"": ""none"", ""defaultLanguage"": ""ko"", ""localized"": {""title"": ""바삭함이 미쳤다, 카다이프 새우튀김"", ""description"": ""요즘 두쫀쿠에 쓰이면서 많이 알려진 카다이프,\n사실은 중동과 터키에서 디저트에 사용하던 얇은 반죽이에요.\n\n오늘은 그 카다이프를\n디저트가 아니라 새우튀김으로 만들어봤어요.\n\n겉은 가볍게 바삭하고,\n속은 과하게 익히지 않아 촉촉하게.\n\n같이 곁들인 소스는\n와사비와 홀스래디시를 베이스로 만든\n레물라드 스타일 크림 소스입니다.\n\n생각보다 훨씬 간단하지만\n완성도는 꽤 만족스러운 메뉴예요.\n\n레시피는 영상으로 확인해주세요 :)\n\n플레이트- 이정미 민트 레이스 접시 25cm\n소스팬- Mauviel sauce pan M150b 16cm""}, ""defaultAudioLanguage"": ""ko""}, ""statistics"": {""viewCount"": ""1984"", ""likeCount"": ""74"", ""favoriteCount"": ""0"", ""commentCount"": ""20""}}"
두쫀쿠,preset,카다이프,z4GM2cc8yAA,"피스타치오+카다이프+치킨의  조합, 피&카치킨 레시피 공개 ! ! !",2026-04-29T01:15:09Z,756,9,2,https://www.youtube.com/watch?v=z4GM2cc8yAA,youtube,카다이프,related,0.3,2026-05-26T11:39:31.823168+00:00,756,9,2,11,마더쿡 Mother Cook,"#피카치킨 #피스타치오카다이프치킨 #두바이치킨 #치킨신메뉴 #카다이프치킨 #이색치킨 #Kfood #마더쿡(Mother Cook) #마더쿡 #마더쿡하우스 

💙 마더쿡하우스 스마트 스토어 💙
( 영상 속 추천템, 직접 사용해보세요 )
https://smartstore.naver.com/mother_cook_house","{""kind"": ""youtube#video"", ""etag"": ""iLWZ9v_ttwLrOxFup59u8jKB6pc"", ""id"": ""z4GM2cc8yAA"", ""snippet"": {""publishedAt"": ""2026-04-29T01:15:09Z"", ""channelId"": ""UCCKMOUzcg1qSXlJcd2jCemQ"", ""title"": ""피스타치오+카다이프+치킨의  조합, 피&카치킨 레시피 공개 ! ! !"", ""description"": ""#피카치킨 #피스타치오카다이프치킨 #두바이치킨 #치킨신메뉴 #카다이프치킨 #이색치킨 #Kfood #마더쿡(Mother Cook) #마더쿡 #마더쿡하우스 \n\n💙 마더쿡하우스 스마트 스토어 💙\n( 영상 속 추천템, 직접 사용해보세요 )\nhttps://smartstore.naver.com/mother_cook_house"", ""thumbnails"": {""default"": {""url"": ""https://i.ytimg.com/vi/z4GM2cc8yAA/default.jpg"", ""width"": 120, ""height"": 90}, ""medium"": {""url"": ""https://i.ytimg.com/vi/z4GM2cc8yAA/mqdefault.jpg"", ""width"": 320, ""height"": 180}, ""high"": {""url"": ""https://i.ytimg.com/vi/z4GM2cc8yAA/hqdefault.jpg"", ""width"": 480, ""height"": 360}, ""standard"": {""url"": ""https://i.ytimg.com/vi/z4GM2cc8yAA/sddefault.jpg"", ""width"": 640, ""height"": 480}, ""maxres"": {""url"": ""https://i.ytimg.com/vi/z4GM2cc8yAA/maxresdefault.jpg"", ""width"": 1280, ""height"": 720}}, ""channelTitle"": ""마더쿡 Mother Cook"", ""tags"": [""요리"", ""집밥"", ""마더쿡"", ""쉬운요리""], ""categoryId"": ""26"", ""liveBroadcastContent"": ""none"", ""defaultLanguage"": ""ko"", ""localized"": {""title"": ""피스타치오+카다이프+치킨의  조합, 피&카치킨 레시피 공개 ! ! !"", ""description"": ""#피카치킨 #피스타치오카다이프치킨 #두바이치킨 #치킨신메뉴 #카다이프치킨 #이색치킨 #Kfood #마더쿡(Mother Cook) #마더쿡 #마더쿡하우스 \n\n💙 마더쿡하우스 스마트 스토어 💙\n( 영상 속 추천템, 직접 사용해보세요 )\nhttps://smartstore.naver.com/mother_cook_house""}, ""defaultAudioLanguage"": ""ko""}, ""statistics"": {""viewCount"": ""756"", ""likeCount"": ""9"", ""favoriteCount"": ""0"", ""commentCount"": ""2""}}"
두쫀쿠,preset,피스타치오,e6uwox3K0T4,🌸 𝒫𝒾𝓈𝓉𝒶𝒸𝒽𝒾𝑜 𝒮𝒽𝑒𝓁𝓁𝓈 𝒞𝒽𝑒𝓇𝓇𝓎 𝐵𝓁𝑜𝓈𝓈𝑜𝓂 🌸#shorts #shortsfeed #viral,2026-05-26T11:30:30Z,17,3,0,https://www.youtube.com/watch?v=e6uwox3K0T4,youtube,피스타치오,related,0.3,2026-05-26T11:39:31.823168+00:00,17,3,0,3,Steffy Thomas🎀,,"{""kind"": ""youtube#video"", ""etag"": ""50UJi7faI6DjSUnPfl1kaeqCtjw"", ""id"": ""e6uwox3K0T4"", ""snippet"": {""publishedAt"": ""2026-05-26T11:30:30Z"", ""channelId"": ""UCoSfxP9-kWBuNGac0ZHAY3w"", ""title"": ""🌸 𝒫𝒾𝓈𝓉𝒶𝒸𝒽𝒾𝑜 𝒮𝒽𝑒𝓁𝓁𝓈 𝒞𝒽𝑒𝓇𝓇𝓎 𝐵𝓁𝑜𝓈𝓈𝑜𝓂 🌸#shorts #shortsfeed #viral"", ""description"": """", ""thumbnails"": {""default"": {""url"": ""https://i.ytimg.com/vi/e6uwox3K0T4/default.jpg"", ""width"": 120, ""height"": 90}, ""medium"": {""url"": ""https://i.ytimg.com/vi/e6uwox3K0T4/mqdefault.jpg"", ""width"": 320, ""height"": 180}, ""high"": {""url"": ""https://i.ytimg.com/vi/e6uwox3K0T4/hqdefault.jpg"", ""width"": 480, ""height"": 360}, ""standard"": {""url"": ""https://i.ytimg.com/vi/e6uwox3K0T4/sddefault.jpg"", ""width"": 640, ""height"": 480}, ""maxres"": {""url"": ""https://i.ytimg.com/vi/e6uwox3K0T4/maxresdefault.jpg"", ""width"": 1280, ""height"": 720}}, ""channelTitle"": ""Steffy Thomas🎀"", ""categoryId"": ""22"", ""liveBroadcastContent"": ""none"", ""defaultLanguage"": ""en"", ""localized"": {""title"": ""🌸 𝒫𝒾𝓈𝓉𝒶𝒸𝒽𝒾𝑜 𝒮𝒽𝑒𝓁𝓁𝓈 𝒞𝒽𝑒𝓇𝓇𝓎 𝐵𝓁𝑜𝓈𝓈𝑜𝓂 🌸#shorts #shortsfeed #viral"", ""description"": """"}}, ""statistics"": {""viewCount"": ""17"", ""likeCount"": ""3"", ""favoriteCount"": ""0"", ""commentCount"": ""0""}}"
두쫀쿠,preset,피스타치오,3wp5NuyLKyk,Creamy Pistachio Ice Cream 💚🍨 #pistachio #icecream #pistachiodessert,2026-05-26T09:59:00Z,250,6,0,https://www.youtube.com/watch?v=3wp5NuyLKyk,youtube,피스타치오,related,0.3,2026-05-26T11:39:31.823168+00:00,250,6,0,6,The First Taste,"This creamy pistachio ice cream tastes straight out of a luxury dessert shop 💚🍨

Rich pistachio flavor, silky smooth texture, and crunchy pistachio bits in every scoop.

Save this because homemade ice cream just got dangerously addictive 🤤

#PistachioIceCream #HomemadeIceCream #Dessert #Foodie #IceCreamLover","{""kind"": ""youtube#video"", ""etag"": ""ddy7Molvhp_FqI-OhzO7eKdgfiM"", ""id"": ""3wp5NuyLKyk"", ""snippet"": {""publishedAt"": ""2026-05-26T09:59:00Z"", ""channelId"": ""UCQaQYbKvxGUF5B3scHcoWZQ"", ""title"": ""Creamy Pistachio Ice Cream 💚🍨 #pistachio #icecream #pistachiodessert"", ""description"": ""This creamy pistachio ice cream tastes straight out of a luxury dessert shop 💚🍨\n\r\nRich pistachio flavor, silky smooth texture, and crunchy pistachio bits in every scoop.\n\r\nSave this because homemade ice cream just got dangerously addictive 🤤\r\n\r\n#PistachioIceCream #HomemadeIceCream #Dessert #Foodie #IceCreamLover"", ""thumbnails"": {""default"": {""url"": ""https://i.ytimg.com/vi/3wp5NuyLKyk/default.jpg"", ""width"": 120, ""height"": 90}, ""medium"": {""url"": ""https://i.ytimg.com/vi/3wp5NuyLKyk/mqdefault.jpg"", ""width"": 320, ""height"": 180}, ""high"": {""url"": ""https://i.ytimg.com/vi/3wp5NuyLKyk/hqdefault.jpg"", ""width"": 480, ""height"": 360}, ""standard"": {""url"": ""https://i.ytimg.com/vi/3wp5NuyLKyk/sddefault.jpg"", ""width"": 640, ""height"": 480}, ""maxres"": {""url"": ""https://i.ytimg.com/vi/3wp5NuyLKyk/maxresdefault.jpg"", ""width"": 1280, ""height"": 720}}, ""channelTitle"": ""The First Taste"", ""categoryId"": ""22"", ""liveBroadcastContent"": ""none"", ""defaultLanguage"": ""en"", ""localized"": {""title"": ""Creamy Pistachio Ice Cream 💚🍨 #pistachio #icecream #pistachiodessert"", ""description"": ""This creamy pistachio ice cream tastes straight out of a luxury dessert shop 💚🍨\n\r\nRich pistachio flavor, silky smooth texture, and crunchy pistachio bits in every scoop.\n\r\nSave this because homemade ice cream just got dangerously addictive 🤤\r\n\r\n#PistachioIceCream #HomemadeIceCream #Dessert #Foodie #IceCreamLover""}, ""defaultAudioLanguage"": ""en""}, ""statistics"": {""viewCount"": ""250"", ""likeCount"": ""6"", ""favoriteCount"": ""0"", ""commentCount"": ""0""}}"
두쫀쿠,preset,피스타치오,64alBKQihDM,cute pistachio tulip 🌷#diy #viral #craft #art #trending #shorts,2026-05-26T09:30:04Z,825,0,1,https://www.youtube.com/watch?v=64alBKQihDM,youtube,피스타치오,related,0.3,2026-05-26T11:39:31.823168+00:00,825,0,1,1,Crafter Arya 💕,"how to make a cute pistachio tulip 🌷 

supplies needed 🌹 
1. waste pista 
2. sticks 
3. glue gun 
4. acrylic paint 
5. tharmakol paper 
6. ice cream sticks 
7. green paper 



use this ingredients and ready your cute pistachio tulip bouquet 💐 


it's very easy to make a cute tulip 🌷 bouquet 
how to make a cute tulip bouquet by pistachio seeds 

learn how to make a pistachio bouquet it' very aesthetic diy 
how to make a cute home decorative arts 
by pistachio 
how to make a cute pistachio tulip 🌷 on bouquet 

















































sɛnea wɔyɛ nhwiren dua a ɛyɛ fɛ 
أسهل طريقة لعمل باقة زهور التوليب بالفستق بنفسك
kalan cogo min na ka diy a cute home decor 
تعلمي كيفية صنع باقة زهور التوليب بالفستق الجميلة  
Hoe om oulike huisdekoratiewe blomme met pistache te maak
تعلم كيفية صنع تحف فنية منزلية جميلة، وخاصةً فن الفستق. 
በጣም ቀላል እና ውበት ያለው የክፍል ማስጌጫ እንዴት እንደሚሰራ 
كيف أجعل تصميماتي الزخرفية تنتشر على نطاق واسع؟ 
كيفية صنع باقة زهور التوليب بالفستق 
أسهل طريقة لعمل ديكور منزلي جميل بنفسك أسهل طريقة لصنع زهرة ديكور منزلي لطيفة بنفسك من بيست

如何制作一束美丽的郁金香花束  
how to make a cute tulip 🌷 bouquet by pistachio 
如何用开心果制作一束可爱的郁金香花束 
如何让我的装饰品和美观的房间装饰走红 
超级美观的开心果花 
制作一束可爱的小花束来装饰房子非常容易。 最简单的自制纸巾花的方法 如何制作可爱的装饰花 

कसरी प्यारो पिस्ता ट्यूलिप गुलदस्ता बनाउने
पिस्ताबाट प्यारो ट्युलिप गुलदस्ता आफैं बनाउने सबैभन्दा सजिलो तरिका 

Sɛnea wɔde pistachio yɛ nhwiren fɛfɛ 
tulip nhwiren fɛfɛ a wɔde pistachio ayɛ 
most simple tulip bouquet by pistachio 
ɔkwan a ɛyɛ mmerɛw sen biara a wɔfa so diy tulip nhwiren denam pistachio so 



























































cute decorative bouquet by pistachio nuts 🌷
#diy #craftyhome #craft #viral #art #handmade #flowers #homedecor #viralvideo #viralvideo #shorts #trending #trendingreels #video #viralshorts #shortsfeed #shortvideo #craft #artwork #cuteroomdecor #cute #cutediy #pista #pistachio #pistachio #viralreels #views #view #cutedecor #decoration 

#crafterarya01 ,,,।।।।।।।।।।।।। my official channel 🍒 




thanks for watching my videos ☺️ 
big thanks for supporting me 🌹","{""kind"": ""youtube#video"", ""etag"": ""KLt00AwYLwOpo40nHpDa5JtBtec"", ""id"": ""64alBKQihDM"", ""snippet"": {""publishedAt"": ""2026-05-26T09:30:04Z"", ""channelId"": ""UCEv4zre4lpCZs-gVBOrWFwQ"", ""title"": ""cute pistachio tulip 🌷#diy #viral #craft #art #trending #shorts"", ""description"": ""how to make a cute pistachio tulip 🌷 \n\nsupplies needed 🌹 \n1. waste pista \n2. sticks \n3. glue gun \n4. acrylic paint \n5. tharmakol paper \n6. ice cream sticks \n7. green paper \n\n\n\nuse this ingredients and ready your cute pistachio tulip bouquet 💐 \n\n\nit's very easy to make a cute tulip 🌷 bouquet \nhow to make a cute tulip bouquet by pistachio seeds \n\nlearn how to make a pistachio bouquet it' very aesthetic diy \nhow to make a cute home decorative arts \nby pistachio \nhow to make a cute pistachio tulip 🌷 on bouquet \n\n\n\n\n\n\n\n\n\n\n\n\n\n\n\n\n\n\n\n\n\n\n\n\n\n\n\n\n\n\n\n\n\n\n\n\n\n\n\n\n\n\n\n\n\n\n\n\n\nsɛnea wɔyɛ nhwiren dua a ɛyɛ fɛ \nأسهل طريقة لعمل باقة زهور التوليب بالفستق بنفسك\nkalan cogo min na ka diy a cute home decor \nتعلمي كيفية صنع باقة زهور التوليب بالفستق الجميلة  \nHoe om oulike huisdekoratiewe blomme met pistache te maak\nتعلم كيفية صنع تحف فنية منزلية جميلة، وخاصةً فن الفستق. \nበጣም ቀላል እና ውበት ያለው የክፍል ማስጌጫ እንዴት እንደሚሰራ \nكيف أجعل تصميماتي الزخرفية تنتشر على نطاق واسع؟ \nكيفية صنع باقة زهور التوليب بالفستق \nأسهل طريقة لعمل ديكور منزلي جميل بنفسك أسهل طريقة لصنع زهرة ديكور منزلي لطيفة بنفسك من بيست\n\n如何制作一束美丽的郁金香花束  \nhow to make a cute tulip 🌷 bouquet by pistachio \n如何用开心果制作一束可爱的郁金香花束 \n如何让我的装饰品和美观的房间装饰走红 \n超级美观的开心果花 \n制作一束可爱的小花束来装饰房子非常容易。 最简单的自制纸巾花的方法 如何制作可爱的装饰花 \n\nकसरी प्यारो पिस्ता ट्यूलिप गुलदस्ता बनाउने\nपिस्ताबाट प्यारो ट्युलिप गुलदस्ता आफैं बनाउने सबैभन्दा सजिलो तरिका \n\nSɛnea wɔde pistachio yɛ nhwiren fɛfɛ \ntulip nhwiren fɛfɛ a wɔde pistachio ayɛ \nmost simple tulip bouquet by pistachio \nɔkwan a ɛyɛ mmerɛw sen biara a wɔfa so diy tulip nhwiren denam pistachio so \n\n\n\n\n\n\n\n\n\n\n\n\n\n\n\n\n\n\n\n\n\n\n\n\n\n\n\n\n\n\n\n\n\n\n\n\n\n\n\n\n\n\n\n\n\n\n\n\n\n\n\n\n\n\n\n\n\n\n\ncute decorative bouquet by pistachio nuts 🌷\n#diy #craftyhome #craft #viral #art #handmade #flowers #homedecor #viralvideo #viralvideo #shorts #trending #trendingreels #video #viralshorts #shortsfeed #shortvideo #craft #artwork #cuteroomdecor #cute #cutediy #pista #pistachio #pistachio #viralreels #views #view #cutedecor #decoration \n\n#crafterarya01 ,,,।।।।।।।।।।।।। my official channel 🍒 \n\n\n\n\nthanks for watching my videos ☺️ \nbig thanks for supporting me 🌹"", ""thumbnails"": {""default"": {""url"": ""https://i.ytimg.com/vi/64alBKQihDM/default.jpg"", ""width"": 120, ""height"": 90}, ""medium"": {""url"": ""https://i.ytimg.com/vi/64alBKQihDM/mqdefault.jpg"", ""width"": 320, ""height"": 180}, ""high"": {""url"": ""https://i.ytimg.com/vi/64alBKQihDM/hqdefault.jpg"", ""width"": 480, ""height"": 360}, ""standard"": {""url"": ""https://i.ytimg.com/vi/64alBKQihDM/sddefault.jpg"", ""width"": 640, ""height"": 480}, ""maxres"": {""url"": ""https://i.ytimg.com/vi/64alBKQihDM/maxresdefault.jpg"", ""width"": 1280, ""height"": 720}}, ""channelTitle"": ""Crafter Arya 💕"", ""tags"": [""how to make a cute pista art"", ""sɛnea wɔyɛ tulip nhwiren a ɛyɛ fɛ"", ""how to make a cute tulip bouquet 💐 by pistachio nuts"", ""most easy way to diy a tulip bouquet"", ""learn how to make a peony home decorative flowers"", ""most viewed video"", ""viral decorative items"", ""super aesthetic pistachio tulip 🌷 bouquet"", ""how to viral my decorative flowers"", ""viral shorts"", ""trending shorts""], ""categoryId"": ""26"", ""liveBroadcastContent"": ""none"", ""defaultLanguage"": ""ar"", ""localized"": {""title"": ""cute pistachio tulip 🌷#diy #viral #craft #art #trending #shorts"", ""description"": ""how to make a cute pistachio tulip 🌷 \n\nsupplies needed 🌹 \n1. waste pista \n2. sticks \n3. glue gun \n4. acrylic paint \n5. tharmakol paper \n6. ice cream sticks \n7. green paper \n\n\n\nuse this ingredients and ready your cute pistachio tulip bouquet 💐 \n\n\nit's very easy to make a cute tulip 🌷 bouquet \nhow to make a cute tulip bouquet by pistachio seeds \n\nlearn how to make a pistachio bouquet it' very aesthetic diy \nhow to make a cute home decorative arts \nby pistachio \nhow to make a cute pistachio tulip 🌷 on bouquet \n\n\n\n\n\n\n\n\n\n\n\n\n\n\n\n\n\n\n\n\n\n\n\n\n\n\n\n\n\n\n\n\n\n\n\n\n\n\n\n\n\n\n\n\n\n\n\n\n\nsɛnea wɔyɛ nhwiren dua a ɛyɛ fɛ \nأسهل طريقة لعمل باقة زهور التوليب بالفستق بنفسك\nkalan cogo min na ka diy a cute home decor \nتعلمي كيفية صنع باقة زهور التوليب بالفستق الجميلة  \nHoe om oulike huisdekoratiewe blomme met pistache te maak\nتعلم كيفية صنع تحف فنية منزلية جميلة، وخاصةً فن الفستق. \nበጣም ቀላል እና ውበት ያለው የክፍል ማስጌጫ እንዴት እንደሚሰራ \nكيف أجعل تصميماتي الزخرفية تنتشر على نطاق واسع؟ \nكيفية صنع باقة زهور التوليب بالفستق \nأسهل طريقة لعمل ديكور منزلي جميل بنفسك أسهل طريقة لصنع زهرة ديكور منزلي لطيفة بنفسك من بيست\n\n如何制作一束美丽的郁金香花束  \nhow to make a cute tulip 🌷 bouquet by pistachio \n如何用开心果制作一束可爱的郁金香花束 \n如何让我的装饰品和美观的房间装饰走红 \n超级美观的开心果花 \n制作一束可爱的小花束来装饰房子非常容易。 最简单的自制纸巾花的方法 如何制作可爱的装饰花 \n\nकसरी प्यारो पिस्ता ट्यूलिप गुलदस्ता बनाउने\nपिस्ताबाट प्यारो ट्युलिप गुलदस्ता आफैं बनाउने सबैभन्दा सजिलो तरिका \n\nSɛnea wɔde pistachio yɛ nhwiren fɛfɛ \ntulip nhwiren fɛfɛ a wɔde pistachio ayɛ \nmost simple tulip bouquet by pistachio \nɔkwan a ɛyɛ mmerɛw sen biara a wɔfa so diy tulip nhwiren denam pistachio so \n\n\n\n\n\n\n\n\n\n\n\n\n\n\n\n\n\n\n\n\n\n\n\n\n\n\n\n\n\n\n\n\n\n\n\n\n\n\n\n\n\n\n\n\n\n\n\n\n\n\n\n\n\n\n\n\n\n\n\ncute decorative bouquet by pistachio nuts 🌷\n#diy #craftyhome #craft #viral #art #handmade #flowers #homedecor #viralvideo #viralvideo #shorts #trending #trendingreels #video #viralshorts #shortsfeed #shortvideo #craft #artwork #cuteroomdecor #cute #cutediy #pista #pistachio #pistachio #viralreels #views #view #cutedecor #decoration \n\n#crafterarya01 ,,,।।।।।।।।।।।।। my official channel 🍒 \n\n\n\n\nthanks for watching my videos ☺️ \nbig thanks for supporting me 🌹""}, ""defaultAudioLanguage"": ""bn""}, ""statistics"": {""viewCount"": ""825"", ""favoriteCount"": ""0"", ""commentCount"": ""1""}}"
두쫀쿠,preset,피스타치오,ds_5L62AjH8,"Keli Pistachio?? 📍Barang Dapur Basah HQ, 39, Jalan Bpp 8/1, Pusat Bandar Putra Permai",2026-05-26T09:28:13Z,5613,140,26,https://www.youtube.com/watch?v=ds_5L62AjH8,youtube,피스타치오,related,0.3,2026-05-26T11:39:31.823168+00:00,5613,140,26,166,Best Food Malaysia,,"{""kind"": ""youtube#video"", ""etag"": ""jtHhtaLbXQblohYDrBykt6PyFnM"", ""id"": ""ds_5L62AjH8"", ""snippet"": {""publishedAt"": ""2026-05-26T09:28:13Z"", ""channelId"": ""UC7YpksnmGpEsjNzvDaLBNAQ"", ""title"": ""Keli Pistachio?? 📍Barang Dapur Basah HQ, 39, Jalan Bpp 8/1, Pusat Bandar Putra Permai"", ""description"": """", ""thumbnails"": {""default"": {""url"": ""https://i.ytimg.com/vi/ds_5L62AjH8/default.jpg"", ""width"": 120, ""height"": 90}, ""medium"": {""url"": ""https://i.ytimg.com/vi/ds_5L62AjH8/mqdefault.jpg"", ""width"": 320, ""height"": 180}, ""high"": {""url"": ""https://i.ytimg.com/vi/ds_5L62AjH8/hqdefault.jpg"", ""width"": 480, ""height"": 360}, ""standard"": {""url"": ""https://i.ytimg.com/vi/ds_5L62AjH8/sddefault.jpg"", ""width"": 640, ""height"": 480}, ""maxres"": {""url"": ""https://i.ytimg.com/vi/ds_5L62AjH8/maxresdefault.jpg"", ""width"": 1280, ""height"": 720}}, ""channelTitle"": ""Best Food Malaysia"", ""categoryId"": ""22"", ""liveBroadcastContent"": ""none"", ""defaultLanguage"": ""ms"", ""localized"": {""title"": ""Keli Pistachio?? 📍Barang Dapur Basah HQ, 39, Jalan Bpp 8/1, Pusat Bandar Putra Permai"", ""description"": """"}, ""defaultAudioLanguage"": ""ms""}, ""statistics"": {""viewCount"": ""5613"", ""likeCount"": ""140"", ""favoriteCount"": ""0"", ""commentCount"": ""26""}}"
두쫀쿠,preset,피스타치오,fhMmfWCU6so,Fadil dikirimin selai pistachio sampe 13kg #fadiljaidi #fadiljaidipakmuh #pakmuh,2026-05-26T08:59:10Z,841,23,2,https://www.youtube.com/watch?v=fhMmfWCU6so,youtube,피스타치오,related,0.3,2026-05-26T11:39:31.823168+00:00,841,23,2,25,Pecinta Stories,,"{""kind"": ""youtube#video"", ""etag"": ""ANBhdPBYsdUTEnJR4-hKj2hqW3I"", ""id"": ""fhMmfWCU6so"", ""snippet"": {""publishedAt"": ""2026-05-26T08:59:10Z"", ""channelId"": ""UConZvpDnLUubhMkbp4TkfsQ"", ""title"": ""Fadil dikirimin selai pistachio sampe 13kg #fadiljaidi #fadiljaidipakmuh #pakmuh"", ""description"": """", ""thumbnails"": {""default"": {""url"": ""https://i.ytimg.com/vi/fhMmfWCU6so/default.jpg"", ""width"": 120, ""height"": 90}, ""medium"": {""url"": ""https://i.ytimg.com/vi/fhMmfWCU6so/mqdefault.jpg"", ""width"": 320, ""height"": 180}, ""high"": {""url"": ""https://i.ytimg.com/vi/fhMmfWCU6so/hqdefault.jpg"", ""width"": 480, ""height"": 360}, ""standard"": {""url"": ""https://i.ytimg.com/vi/fhMmfWCU6so/sddefault.jpg"", ""width"": 640, ""height"": 480}, ""maxres"": {""url"": ""https://i.ytimg.com/vi/fhMmfWCU6so/maxresdefault.jpg"", ""width"": 1280, ""height"": 720}}, ""channelTitle"": ""Pecinta Stories"", ""categoryId"": ""22"", ""liveBroadcastContent"": ""none"", ""defaultLanguage"": ""id"", ""localized"": {""title"": ""Fadil dikirimin selai pistachio sampe 13kg #fadiljaidi #fadiljaidipakmuh #pakmuh"", ""description"": """"}, ""defaultAudioLanguage"": ""id""}, ""statistics"": {""viewCount"": ""841"", ""likeCount"": ""23"", ""favoriteCount"": ""0"", ""commentCount"": ""2""}}"
두쫀쿠,preset,피스타치오,xFLXha78gAw,0.000126B Macro23 Pinky's Pistachio Unboxing ASMR video enjoy 👡#pistachio #dryfruits,2026-05-26T08:02:21Z,7130,43,0,https://www.youtube.com/watch?v=xFLXha78gAw,youtube,피스타치오,related,0.3,2026-05-26T11:39:31.823168+00:00,7130,43,0,43,MACRO 12,,"{""kind"": ""youtube#video"", ""etag"": ""gp6npfHB9xxm1pRZXd0lEap-sc0"", ""id"": ""xFLXha78gAw"", ""snippet"": {""publishedAt"": ""2026-05-26T08:02:21Z"", ""channelId"": ""UCHLTS2geIImhfRrFlSHmVZA"", ""title"": ""0.000126B Macro23 Pinky's Pistachio Unboxing ASMR video enjoy 👡#pistachio #dryfruits"", ""description"": """", ""thumbnails"": {""default"": {""url"": ""https://i.ytimg.com/vi/xFLXha78gAw/default.jpg"", ""width"": 120, ""height"": 90}, ""medium"": {""url"": ""https://i.ytimg.com/vi/xFLXha78gAw/mqdefault.jpg"", ""width"": 320, ""height"": 180}, ""high"": {""url"": ""https://i.ytimg.com/vi/xFLXha78gAw/hqdefault.jpg"", ""width"": 480, ""height"": 360}, ""standard"": {""url"": ""https://i.ytimg.com/vi/xFLXha78gAw/sddefault.jpg"", ""width"": 640, ""height"": 480}, ""maxres"": {""url"": ""https://i.ytimg.com/vi/xFLXha78gAw/maxresdefault.jpg"", ""width"": 1280, ""height"": 720}}, ""channelTitle"": ""MACRO 12"", ""categoryId"": ""22"", ""liveBroadcastContent"": ""none"", ""defaultLanguage"": ""en"", ""localized"": {""title"": ""0.000126B Macro23 Pinky's Pistachio Unboxing ASMR video enjoy 👡#pistachio #dryfruits"", ""description"": """"}, ""defaultAudioLanguage"": ""hi""}, ""statistics"": {""viewCount"": ""7130"", ""likeCount"": ""43"", ""favoriteCount"": ""0"", ""commentCount"": ""0""}}"
두쫀쿠,preset,피스타치오,uXHHWO2rWd4,이태리 감성 그대로 #피스타치오샌드위치,2026-05-26T08:00:17Z,1146,11,1,https://www.youtube.com/watch?v=uXHHWO2rWd4,youtube,피스타치오,related,0.3,2026-05-26T11:39:31.823168+00:00,1146,11,1,12,"chéri, à table 여보, 밥상머리에 앉아요","고소하고 달달한 피스타치오 스프레드, 
모르타델레와 부라타 치즈, 루꼴라까지 올리면 여기가 바로 이탈리아! 

생각보다 간단한데 비주얼까지 예뻐서
홈카페 메뉴로 완전 추천해요!

재료 모두 컬리에서 쉽게 구할 수 있고, 
불 없이 쉽게 만들 수 있어요! 

#피스타치오샌드위치 #피스타치오 #샌드위치 #브런치 #홈카페 #홈브런치 #샌드위치레시피 #간단요리 #디저트 #카페감성 #요리영상 #먹스타그램 #홈쿡 #브런치메뉴 #foodvideo 


Kevin MacLeod의 Bushwick Tarentella Loop에는 크리에이티브 커먼즈 저작자 표시 4.0 라이선스가 적용됩니다. https://creativecommons.org/licenses/by/4.0/

출처: http://incompetech.com/music/royalty-free/index.html?isrc=USUAN1300003

아티스트: http://incompetech.com/","{""kind"": ""youtube#video"", ""etag"": ""UGDmm_gvLkcI1UKO2E38TyDHZPU"", ""id"": ""uXHHWO2rWd4"", ""snippet"": {""publishedAt"": ""2026-05-26T08:00:17Z"", ""channelId"": ""UClvMTMUye_4nWdgHp-DML7A"", ""title"": ""이태리 감성 그대로 #피스타치오샌드위치"", ""description"": ""고소하고 달달한 피스타치오 스프레드, \n모르타델레와 부라타 치즈, 루꼴라까지 올리면 여기가 바로 이탈리아! \n\n생각보다 간단한데 비주얼까지 예뻐서\n홈카페 메뉴로 완전 추천해요!\n\n재료 모두 컬리에서 쉽게 구할 수 있고, \n불 없이 쉽게 만들 수 있어요! \n\n#피스타치오샌드위치 #피스타치오 #샌드위치 #브런치 #홈카페 #홈브런치 #샌드위치레시피 #간단요리 #디저트 #카페감성 #요리영상 #먹스타그램 #홈쿡 #브런치메뉴 #foodvideo \n\n\nKevin MacLeod의 Bushwick Tarentella Loop에는 크리에이티브 커먼즈 저작자 표시 4.0 라이선스가 적용됩니다. https://creativecommons.org/licenses/by/4.0/\n\n출처: http://incompetech.com/music/royalty-free/index.html?isrc=USUAN1300003\n\n아티스트: http://incompetech.com/"", ""thumbnails"": {""default"": {""url"": ""https://i.ytimg.com/vi/uXHHWO2rWd4/default.jpg"", ""width"": 120, ""height"": 90}, ""medium"": {""url"": ""https://i.ytimg.com/vi/uXHHWO2rWd4/mqdefault.jpg"", ""width"": 320, ""height"": 180}, ""high"": {""url"": ""https://i.ytimg.com/vi/uXHHWO2rWd4/hqdefault.jpg"", ""width"": 480, ""height"": 360}, ""standard"": {""url"": ""https://i.ytimg.com/vi/uXHHWO2rWd4/sddefault.jpg"", ""width"": 640, ""height"": 480}, ""maxres"": {""url"": ""https://i.ytimg.com/vi/uXHHWO2rWd4/maxresdefault.jpg"", ""width"": 1280, ""height"": 720}}, ""channelTitle"": ""chéri, à table 여보, 밥상머리에 앉아요"", ""categoryId"": ""26"", ""liveBroadcastContent"": ""none"", ""defaultLanguage"": ""ko"", ""localized"": {""title"": ""이태리 감성 그대로 #피스타치오샌드위치"", ""description"": ""고소하고 달달한 피스타치오 스프레드, \n모르타델레와 부라타 치즈, 루꼴라까지 올리면 여기가 바로 이탈리아! \n\n생각보다 간단한데 비주얼까지 예뻐서\n홈카페 메뉴로 완전 추천해요!\n\n재료 모두 컬리에서 쉽게 구할 수 있고, \n불 없이 쉽게 만들 수 있어요! \n\n#피스타치오샌드위치 #피스타치오 #샌드위치 #브런치 #홈카페 #홈브런치 #샌드위치레시피 #간단요리 #디저트 #카페감성 #요리영상 #먹스타그램 #홈쿡 #브런치메뉴 #foodvideo \n\n\nKevin MacLeod의 Bushwick Tarentella Loop에는 크리에이티브 커먼즈 저작자 표시 4.0 라이선스가 적용됩니다. https://creativecommons.org/licenses/by/4.0/\n\n출처: http://incompetech.com/music/royalty-free/index.html?isrc=USUAN1300003\n\n아티스트: http://incompetech.com/""}, ""defaultAudioLanguage"": ""ko""}, ""statistics"": {""viewCount"": ""1146"", ""likeCount"": ""11"", ""favoriteCount"": ""0"", ""commentCount"": ""1""}}"
두쫀쿠,preset,피스타치오,CI6yDpHGVhg,Punk Pistachio Unboxing ASMR video enjoy 🍂#pistachio #dryfruits,2026-05-26T07:57:26Z,4315,51,0,https://www.youtube.com/watch?v=CI6yDpHGVhg,youtube,피스타치오,related,0.3,2026-05-26T11:39:31.823168+00:00,4315,51,0,51,Duo pista,,"{""kind"": ""youtube#video"", ""etag"": ""LNkkGdkQBg3ocks4Q6C1DvkYsgM"", ""id"": ""CI6yDpHGVhg"", ""snippet"": {""publishedAt"": ""2026-05-26T07:57:26Z"", ""channelId"": ""UC89yoDLp02RHOxY5TdDxs_Q"", ""title"": ""Punk Pistachio Unboxing ASMR video enjoy 🍂#pistachio #dryfruits"", ""description"": """", ""thumbnails"": {""default"": {""url"": ""https://i.ytimg.com/vi/CI6yDpHGVhg/default.jpg"", ""width"": 120, ""height"": 90}, ""medium"": {""url"": ""https://i.ytimg.com/vi/CI6yDpHGVhg/mqdefault.jpg"", ""width"": 320, ""height"": 180}, ""high"": {""url"": ""https://i.ytimg.com/vi/CI6yDpHGVhg/hqdefault.jpg"", ""width"": 480, ""height"": 360}, ""standard"": {""url"": ""https://i.ytimg.com/vi/CI6yDpHGVhg/sddefault.jpg"", ""width"": 640, ""height"": 480}, ""maxres"": {""url"": ""https://i.ytimg.com/vi/CI6yDpHGVhg/maxresdefault.jpg"", ""width"": 1280, ""height"": 720}}, ""channelTitle"": ""Duo pista"", ""categoryId"": ""22"", ""liveBroadcastContent"": ""none"", ""defaultLanguage"": ""en"", ""localized"": {""title"": ""Punk Pistachio Unboxing ASMR video enjoy 🍂#pistachio #dryfruits"", ""description"": """"}, ""defaultAudioLanguage"": ""en""}, ""statistics"": {""viewCount"": ""4315"", ""likeCount"": ""51"", ""favoriteCount"": ""0"", ""commentCount"": ""0""}}"
두쫀쿠,preset,피스타치오,jJDoXrCvSW8,Dubai Chocolate Bar with Pistachio Filling 💚 #Shorts,2026-05-26T07:53:01Z,1131,4,2,https://www.youtube.com/watch?v=jJDoXrCvSW8,youtube,피스타치오,related,0.3,2026-05-26T11:39:31.823168+00:00,1131,4,2,6,Eat Explore Review,"Dubai Chocolate Bar with Pistachio Filling 💚 #Shorts

Unboxing a delicious Dubai Kunafa chocolate bar filled with creamy pistachio goodness! 🍫💚 The crispy kunafa texture and rich chocolate make this viral treat a must-try. Have you tried Dubai chocolate yet?

Dubai chocolate, kunafa chocolate, pistachio chocolate, Dubai kunafa chocolate, viral Dubai chocolate, chocolate unboxing, pistachio filling, chocolate review, viral chocolate, Dubai sweets, kunafa dessert, food shorts, dessert lover, chocolate lover, YouTube shorts


#DubaiChocolate
 #KunafaChocolate
 #PistachioChocolate 
#ViralChocolate 
#ChocolateLover 
#DessertLover
 #Foodie
 #ChocolateReview 
#DubaiSweets
 #SweetTooth 
#FoodShorts 
#Unboxing 
#Trending
 #Reels 
#Shorts","{""kind"": ""youtube#video"", ""etag"": ""AQQ1iGQiLf7nBH7vONG0kmfG2VM"", ""id"": ""jJDoXrCvSW8"", ""snippet"": {""publishedAt"": ""2026-05-26T07:53:01Z"", ""channelId"": ""UCbz9c5JD7J3KErhr03OCMJw"", ""title"": ""Dubai Chocolate Bar with Pistachio Filling 💚 #Shorts"", ""description"": ""Dubai Chocolate Bar with Pistachio Filling 💚 #Shorts\n\nUnboxing a delicious Dubai Kunafa chocolate bar filled with creamy pistachio goodness! 🍫💚 The crispy kunafa texture and rich chocolate make this viral treat a must-try. Have you tried Dubai chocolate yet?\n\nDubai chocolate, kunafa chocolate, pistachio chocolate, Dubai kunafa chocolate, viral Dubai chocolate, chocolate unboxing, pistachio filling, chocolate review, viral chocolate, Dubai sweets, kunafa dessert, food shorts, dessert lover, chocolate lover, YouTube shorts\n\n\n#DubaiChocolate\n #KunafaChocolate\n #PistachioChocolate \n#ViralChocolate \n#ChocolateLover \n#DessertLover\n #Foodie\n #ChocolateReview \n#DubaiSweets\n #SweetTooth \n#FoodShorts \n#Unboxing \n#Trending\n #Reels \n#Shorts"", ""thumbnails"": {""default"": {""url"": ""https://i.ytimg.com/vi/jJDoXrCvSW8/default.jpg"", ""width"": 120, ""height"": 90}, ""medium"": {""url"": ""https://i.ytimg.com/vi/jJDoXrCvSW8/mqdefault.jpg"", ""width"": 320, ""height"": 180}, ""high"": {""url"": ""https://i.ytimg.com/vi/jJDoXrCvSW8/hqdefault.jpg"", ""width"": 480, ""height"": 360}, ""standard"": {""url"": ""https://i.ytimg.com/vi/jJDoXrCvSW8/sddefault.jpg"", ""width"": 640, ""height"": 480}, ""maxres"": {""url"": ""https://i.ytimg.com/vi/jJDoXrCvSW8/maxresdefault.jpg"", ""width"": 1280, ""height"": 720}}, ""channelTitle"": ""Eat Explore Review"", ""tags"": [""Dubai chocolate"", ""kunafa chocolate"", ""pistachio chocolate"", ""Dubai kunafa chocolate"", ""viral Dubai chocolate"", ""chocolate unboxing"", ""pistachio filling"", ""chocolate review"", ""viral chocolate"", ""Dubai sweets"", ""kunafa dessert"", ""food shorts"", ""dessert lover"", ""chocolate lover"", ""YouTube shorts""], ""categoryId"": ""22"", ""liveBroadcastContent"": ""none"", ""defaultLanguage"": ""en"", ""localized"": {""title"": ""Dubai Chocolate Bar with Pistachio Filling 💚 #Shorts"", ""description"": ""Dubai Chocolate Bar with Pistachio Filling 💚 #Shorts\n\nUnboxing a delicious Dubai Kunafa chocolate bar filled with creamy pistachio goodness! 🍫💚 The crispy kunafa texture and rich chocolate make this viral treat a must-try. Have you tried Dubai chocolate yet?\n\nDubai chocolate, kunafa chocolate, pistachio chocolate, Dubai kunafa chocolate, viral Dubai chocolate, chocolate unboxing, pistachio filling, chocolate review, viral chocolate, Dubai sweets, kunafa dessert, food shorts, dessert lover, chocolate lover, YouTube shorts\n\n\n#DubaiChocolate\n #KunafaChocolate\n #PistachioChocolate \n#ViralChocolate \n#ChocolateLover \n#DessertLover\n #Foodie\n #ChocolateReview \n#DubaiSweets\n #SweetTooth \n#FoodShorts \n#Unboxing \n#Trending\n #Reels \n#Shorts""}, ""defaultAudioLanguage"": ""hi""}, ""statistics"": {""viewCount"": ""1131"", ""likeCount"": ""4"", ""favoriteCount"": ""0"", ""commentCount"": ""2""}}"
두쫀쿠,preset,피스타치오,gtO4bBDGW2g,pistachio unboxing with new ASMR style #pistachio #dryfruits,2026-05-26T07:30:10Z,18530,0,0,https://www.youtube.com/watch?v=gtO4bBDGW2g,youtube,피스타치오,related,0.3,2026-05-26T11:39:31.823168+00:00,18530,0,0,0,Shiyaler Golpo Bangla,,"{""kind"": ""youtube#video"", ""etag"": ""4wTsUu9UxWiTdt-O3I8Qo8Vv-qA"", ""id"": ""gtO4bBDGW2g"", ""snippet"": {""publishedAt"": ""2026-05-26T07:30:10Z"", ""channelId"": ""UC6O-ijvDJ2Bo0zBxWsmo8Dw"", ""title"": ""pistachio unboxing with new ASMR style #pistachio #dryfruits"", ""description"": """", ""thumbnails"": {""default"": {""url"": ""https://i.ytimg.com/vi/gtO4bBDGW2g/default.jpg"", ""width"": 120, ""height"": 90}, ""medium"": {""url"": ""https://i.ytimg.com/vi/gtO4bBDGW2g/mqdefault.jpg"", ""width"": 320, ""height"": 180}, ""high"": {""url"": ""https://i.ytimg.com/vi/gtO4bBDGW2g/hqdefault.jpg"", ""width"": 480, ""height"": 360}, ""standard"": {""url"": ""https://i.ytimg.com/vi/gtO4bBDGW2g/sddefault.jpg"", ""width"": 640, ""height"": 480}, ""maxres"": {""url"": ""https://i.ytimg.com/vi/gtO4bBDGW2g/maxresdefault.jpg"", ""width"": 1280, ""height"": 720}}, ""channelTitle"": ""Shiyaler Golpo Bangla"", ""categoryId"": ""24"", ""liveBroadcastContent"": ""none"", ""defaultLanguage"": ""en"", ""localized"": {""title"": ""pistachio unboxing with new ASMR style #pistachio #dryfruits"", ""description"": """"}, ""defaultAudioLanguage"": ""bn""}, ""statistics"": {""viewCount"": ""18530"", ""favoriteCount"": ""0"", ""commentCount"": ""0""}}"
두쫀쿠,preset,피스타치오,F8ufylONTeI,granny's favorite favorite dark chocolate pistachio #trending #shorts #pistachio,2026-05-26T07:22:22Z,850,5,0,https://www.youtube.com/watch?v=F8ufylONTeI,youtube,피스타치오,related,0.3,2026-05-26T11:39:31.823168+00:00,850,5,0,5,Sweets by ADO,,"{""kind"": ""youtube#video"", ""etag"": ""XGjZM-npNLcufC22wNK4VvPcE70"", ""id"": ""F8ufylONTeI"", ""snippet"": {""publishedAt"": ""2026-05-26T07:22:22Z"", ""channelId"": ""UCvNeR9o1pEONBPZ2-gs8H0w"", ""title"": ""granny's favorite favorite dark chocolate pistachio #trending #shorts #pistachio"", ""description"": """", ""thumbnails"": {""default"": {""url"": ""https://i.ytimg.com/vi/F8ufylONTeI/default.jpg"", ""width"": 120, ""height"": 90}, ""medium"": {""url"": ""https://i.ytimg.com/vi/F8ufylONTeI/mqdefault.jpg"", ""width"": 320, ""height"": 180}, ""high"": {""url"": ""https://i.ytimg.com/vi/F8ufylONTeI/hqdefault.jpg"", ""width"": 480, ""height"": 360}, ""standard"": {""url"": ""https://i.ytimg.com/vi/F8ufylONTeI/sddefault.jpg"", ""width"": 640, ""height"": 480}, ""maxres"": {""url"": ""https://i.ytimg.com/vi/F8ufylONTeI/maxresdefault.jpg"", ""width"": 1280, ""height"": 720}}, ""channelTitle"": ""Sweets by ADO"", ""categoryId"": ""22"", ""liveBroadcastContent"": ""none"", ""defaultLanguage"": ""it"", ""localized"": {""title"": ""granny's favorite favorite dark chocolate pistachio #trending #shorts #pistachio"", ""description"": """"}, ""defaultAudioLanguage"": ""en""}, ""statistics"": {""viewCount"": ""850"", ""likeCount"": ""5"", ""favoriteCount"": ""0"", ""commentCount"": ""0""}}"
두쫀쿠,preset,피스타치오,qEHCWxbCrCk,Die Suche nach der perfekten Pistaziencreme hat ein Ende! 💚 #shorts #dubairezepte #foodtrend,2026-05-26T07:00:21Z,1473,147,11,https://www.youtube.com/watch?v=qEHCWxbCrCk,youtube,피스타치오,related,0.3,2026-05-26T11:39:31.823168+00:00,1473,147,11,158,Einfach Backen - Marcel Paa,"Anzeige | Die Suche nach der perfekten Pistaziencreme hat ein Ende! Nach unzähligen getesteten Pistaziencremes habe ich endlich die eine gefunden, die mich wirklich überzeugt! 😍

Hergestellt im Piemont mit feinsten sizilianischen Pistazien und echter Handwerkskunst, begeistert sie mit intensivem Aroma, feinen Röstaromen und einer zartschmelzenden, streichfähigen Textur.

💚 Ohne Palmöl
💚 Ohne künstliche Aromen
💚 Ohne Konservierungsstoffe

Ob als edler Brotaufstrich, für Gebäck, Eis, Torten oder Pralinen – diese Pistaziencreme hebt deine Kreationen auf ein neues Niveau.

🎁 Und das Beste:
vom 26.-28.05.2026 bekommst du ab einem Warenwert von 80 CHF/EUR 1 Glas Pistaziencreme 200g GRATIS dazu!

👉 Jetzt entdecken und puren Pistaziengenuss erleben!

🛒Zum Shop DE: https://www.marcelpaa-shop.com/produkt/marcels-pistaziencreme-200g/
🛒Zum Shop CH: https://www.marcelpaa-shop.ch/produkt/marcels-pistaziencreme-200g/

#pistaziencreme #pistazienaufstich #dubairezepte #dubaischokolade #foodtrend #pistazienrezepte #sonderaktion


Marcels Lieblingsprodukte 👨‍🍳    
https://www.marcelpaa.com/lieblingsprodukte/

Für die Schweiz: Marcels Wilfa Angebote im Shop CH
https://www.marcelpaa-shop.ch/produkt-kategorie/maschinen-geraete/wilfa/

Für Deutschland: Marcels Wilfa Angebote zusammen mit Ramershoven (Affiliate-Link)
https://shorturl.fm/RaChr

Marcel ist Markenbotschafter für Herzog Küchen
Ihr möchtet weitere Küchen von Herzog Küchen sehen: https://tinyurl.com/herzogkuechen

Anfragen für Kooperationen 
info@marcelpaa.com

hello sweety - Der Zucker der Zukunft 
https://hellosweety.ch/

Marcels Backschule  
https://www.back-academy.ch/

Marcels Onlineshop
Schweiz: https://marcelpaa-shop.ch/
Deutschland: https://www.marcelpaa-shop.com/

Marcels Mehl Empfehlung 
https://www.homebaker.ch/de/

__

Mein Name ist Marcel Paa, Diplomierter Bäcker-Konditor-Meister und geprüfter Brot-Sommelier aus der Schweiz. Nicht lange Fackeln, «Einfach Backen»! Ist das Motto dieses Kanals und meine Leidenschaft ist das unkomplizierte, leckere und gelingsichere Backen - jede Woche teile ich mit dir Rezepte, Back Geheimnisse, Tipps und Tricks rund ums Backen. Lass dich von meiner Leidenschaft inspirieren, ich freue mich auf dich! Dein Marcel 

__

Blog: https://marcelpaa.com 
Onlineshop: https://marcelpaa-shop.com 
Onlineshop Schweiz: https://marcelpaa-shop.ch 
Facebook: https://www.facebook.com/einfachBackenMarcelPaa/
Instagram: https://www.instagram.com/marcelpaa_einfachbacken/
Pinterest: https://www.pinterest.ch/einfachbackenma/
TikTok https://www.tiktok.com/@marcelpaa
__

Marcel Paa GmbH
Luzernerstrasse 21
5643 Sins
Aargau
Schweiz

Impressum und Datenschutz: https://www.marcelpaa.com/datenschutz/
Kontakt: blog@marcelpaa.com","{""kind"": ""youtube#video"", ""etag"": ""Wl3GYKmQrw0qJaUfF7rglUy4btE"", ""id"": ""qEHCWxbCrCk"", ""snippet"": {""publishedAt"": ""2026-05-26T07:00:21Z"", ""channelId"": ""UC0NCma37HAAjhQy9oCEcc5A"", ""title"": ""Die Suche nach der perfekten Pistaziencreme hat ein Ende! 💚 #shorts #dubairezepte #foodtrend"", ""description"": ""Anzeige | Die Suche nach der perfekten Pistaziencreme hat ein Ende! Nach unzähligen getesteten Pistaziencremes habe ich endlich die eine gefunden, die mich wirklich überzeugt! 😍\n\nHergestellt im Piemont mit feinsten sizilianischen Pistazien und echter Handwerkskunst, begeistert sie mit intensivem Aroma, feinen Röstaromen und einer zartschmelzenden, streichfähigen Textur.\n\n💚 Ohne Palmöl\n💚 Ohne künstliche Aromen\n💚 Ohne Konservierungsstoffe\n\nOb als edler Brotaufstrich, für Gebäck, Eis, Torten oder Pralinen – diese Pistaziencreme hebt deine Kreationen auf ein neues Niveau.\n\n🎁 Und das Beste:\nvom 26.-28.05.2026 bekommst du ab einem Warenwert von 80 CHF/EUR 1 Glas Pistaziencreme 200g GRATIS dazu!\n\n👉 Jetzt entdecken und puren Pistaziengenuss erleben!\n\n🛒Zum Shop DE: https://www.marcelpaa-shop.com/produkt/marcels-pistaziencreme-200g/\n🛒Zum Shop CH: https://www.marcelpaa-shop.ch/produkt/marcels-pistaziencreme-200g/\n\n#pistaziencreme #pistazienaufstich #dubairezepte #dubaischokolade #foodtrend #pistazienrezepte #sonderaktion\n\n\nMarcels Lieblingsprodukte 👨‍🍳    \nhttps://www.marcelpaa.com/lieblingsprodukte/\n\nFür die Schweiz: Marcels Wilfa Angebote im Shop CH\nhttps://www.marcelpaa-shop.ch/produkt-kategorie/maschinen-geraete/wilfa/\n\nFür Deutschland: Marcels Wilfa Angebote zusammen mit Ramershoven (Affiliate-Link)\nhttps://shorturl.fm/RaChr\n\nMarcel ist Markenbotschafter für Herzog Küchen\nIhr möchtet weitere Küchen von Herzog Küchen sehen: https://tinyurl.com/herzogkuechen\n\nAnfragen für Kooperationen \ninfo@marcelpaa.com\n\nhello sweety - Der Zucker der Zukunft \nhttps://hellosweety.ch/\n\nMarcels Backschule  \nhttps://www.back-academy.ch/\n\nMarcels Onlineshop\nSchweiz: https://marcelpaa-shop.ch/\nDeutschland: https://www.marcelpaa-shop.com/\n\nMarcels Mehl Empfehlung \nhttps://www.homebaker.ch/de/\n\n__\n\nMein Name ist Marcel Paa, Diplomierter Bäcker-Konditor-Meister und geprüfter Brot-Sommelier aus der Schweiz. Nicht lange Fackeln, «Einfach Backen»! Ist das Motto dieses Kanals und meine Leidenschaft ist das unkomplizierte, leckere und gelingsichere Backen - jede Woche teile ich mit dir Rezepte, Back Geheimnisse, Tipps und Tricks rund ums Backen. Lass dich von meiner Leidenschaft inspirieren, ich freue mich auf dich! Dein Marcel \n\n__\n\nBlog: https://marcelpaa.com \nOnlineshop: https://marcelpaa-shop.com \nOnlineshop Schweiz: https://marcelpaa-shop.ch \nFacebook: https://www.facebook.com/einfachBackenMarcelPaa/\nInstagram: https://www.instagram.com/marcelpaa_einfachbacken/\nPinterest: https://www.pinterest.ch/einfachbackenma/\nTikTok https://www.tiktok.com/@marcelpaa\n__\n\nMarcel Paa GmbH\nLuzernerstrasse 21\n5643 Sins\nAargau\nSchweiz\n\nImpressum und Datenschutz: https://www.marcelpaa.com/datenschutz/\nKontakt: blog@marcelpaa.com"", ""thumbnails"": {""default"": {""url"": ""https://i.ytimg.com/vi/qEHCWxbCrCk/default.jpg"", ""width"": 120, ""height"": 90}, ""medium"": {""url"": ""https://i.ytimg.com/vi/qEHCWxbCrCk/mqdefault.jpg"", ""width"": 320, ""height"": 180}, ""high"": {""url"": ""https://i.ytimg.com/vi/qEHCWxbCrCk/hqdefault.jpg"", ""width"": 480, ""height"": 360}, ""standard"": {""url"": ""https://i.ytimg.com/vi/qEHCWxbCrCk/sddefault.jpg"", ""width"": 640, ""height"": 480}, ""maxres"": {""url"": ""https://i.ytimg.com/vi/qEHCWxbCrCk/maxresdefault.jpg"", ""width"": 1280, ""height"": 720}}, ""channelTitle"": ""Einfach Backen - Marcel Paa"", ""categoryId"": ""26"", ""liveBroadcastContent"": ""none"", ""defaultLanguage"": ""de"", ""localized"": {""title"": ""Die Suche nach der perfekten Pistaziencreme hat ein Ende! 💚 #shorts #dubairezepte #foodtrend"", ""description"": ""Anzeige | Die Suche nach der perfekten Pistaziencreme hat ein Ende! Nach unzähligen getesteten Pistaziencremes habe ich endlich die eine gefunden, die mich wirklich überzeugt! 😍\n\nHergestellt im Piemont mit feinsten sizilianischen Pistazien und echter Handwerkskunst, begeistert sie mit intensivem Aroma, feinen Röstaromen und einer zartschmelzenden, streichfähigen Textur.\n\n💚 Ohne Palmöl\n💚 Ohne künstliche Aromen\n💚 Ohne Konservierungsstoffe\n\nOb als edler Brotaufstrich, für Gebäck, Eis, Torten oder Pralinen – diese Pistaziencreme hebt deine Kreationen auf ein neues Niveau.\n\n🎁 Und das Beste:\nvom 26.-28.05.2026 bekommst du ab einem Warenwert von 80 CHF/EUR 1 Glas Pistaziencreme 200g GRATIS dazu!\n\n👉 Jetzt entdecken und puren Pistaziengenuss erleben!\n\n🛒Zum Shop DE: https://www.marcelpaa-shop.com/produkt/marcels-pistaziencreme-200g/\n🛒Zum Shop CH: https://www.marcelpaa-shop.ch/produkt/marcels-pistaziencreme-200g/\n\n#pistaziencreme #pistazienaufstich #dubairezepte #dubaischokolade #foodtrend #pistazienrezepte #sonderaktion\n\n\nMarcels Lieblingsprodukte 👨‍🍳    \nhttps://www.marcelpaa.com/lieblingsprodukte/\n\nFür die Schweiz: Marcels Wilfa Angebote im Shop CH\nhttps://www.marcelpaa-shop.ch/produkt-kategorie/maschinen-geraete/wilfa/\n\nFür Deutschland: Marcels Wilfa Angebote zusammen mit Ramershoven (Affiliate-Link)\nhttps://shorturl.fm/RaChr\n\nMarcel ist Markenbotschafter für Herzog Küchen\nIhr möchtet weitere Küchen von Herzog Küchen sehen: https://tinyurl.com/herzogkuechen\n\nAnfragen für Kooperationen \ninfo@marcelpaa.com\n\nhello sweety - Der Zucker der Zukunft \nhttps://hellosweety.ch/\n\nMarcels Backschule  \nhttps://www.back-academy.ch/\n\nMarcels Onlineshop\nSchweiz: https://marcelpaa-shop.ch/\nDeutschland: https://www.marcelpaa-shop.com/\n\nMarcels Mehl Empfehlung \nhttps://www.homebaker.ch/de/\n\n__\n\nMein Name ist Marcel Paa, Diplomierter Bäcker-Konditor-Meister und geprüfter Brot-Sommelier aus der Schweiz. Nicht lange Fackeln, «Einfach Backen»! Ist das Motto dieses Kanals und meine Leidenschaft ist das unkomplizierte, leckere und gelingsichere Backen - jede Woche teile ich mit dir Rezepte, Back Geheimnisse, Tipps und Tricks rund ums Backen. Lass dich von meiner Leidenschaft inspirieren, ich freue mich auf dich! Dein Marcel \n\n__\n\nBlog: https://marcelpaa.com \nOnlineshop: https://marcelpaa-shop.com \nOnlineshop Schweiz: https://marcelpaa-shop.ch \nFacebook: https://www.facebook.com/einfachBackenMarcelPaa/\nInstagram: https://www.instagram.com/marcelpaa_einfachbacken/\nPinterest: https://www.pinterest.ch/einfachbackenma/\nTikTok https://www.tiktok.com/@marcelpaa\n__\n\nMarcel Paa GmbH\nLuzernerstrasse 21\n5643 Sins\nAargau\nSchweiz\n\nImpressum und Datenschutz: https://www.marcelpaa.com/datenschutz/\nKontakt: blog@marcelpaa.com""}, ""defaultAudioLanguage"": ""de""}, ""statistics"": {""viewCount"": ""1473"", ""likeCount"": ""147"", ""favoriteCount"": ""0"", ""commentCount"": ""11""}}"
두쫀쿠,preset,피스타치오,w17CwvMDlh0,Delicious Pistachio Unboxing ASMR videos Enjoy 🫠#pistachio #dryfruits,2026-05-26T07:00:38Z,17902,0,0,https://www.youtube.com/watch?v=w17CwvMDlh0,youtube,피스타치오,related,0.3,2026-05-26T11:39:31.823168+00:00,17902,0,0,0,Shiyaler Golpo Bangla,,"{""kind"": ""youtube#video"", ""etag"": ""2_FcJQze5ahWVPQdMoFMSW9MWWk"", ""id"": ""w17CwvMDlh0"", ""snippet"": {""publishedAt"": ""2026-05-26T07:00:38Z"", ""channelId"": ""UC6O-ijvDJ2Bo0zBxWsmo8Dw"", ""title"": ""Delicious Pistachio Unboxing ASMR videos Enjoy 🫠#pistachio #dryfruits"", ""description"": """", ""thumbnails"": {""default"": {""url"": ""https://i.ytimg.com/vi/w17CwvMDlh0/default.jpg"", ""width"": 120, ""height"": 90}, ""medium"": {""url"": ""https://i.ytimg.com/vi/w17CwvMDlh0/mqdefault.jpg"", ""width"": 320, ""height"": 180}, ""high"": {""url"": ""https://i.ytimg.com/vi/w17CwvMDlh0/hqdefault.jpg"", ""width"": 480, ""height"": 360}, ""standard"": {""url"": ""https://i.ytimg.com/vi/w17CwvMDlh0/sddefault.jpg"", ""width"": 640, ""height"": 480}, ""maxres"": {""url"": ""https://i.ytimg.com/vi/w17CwvMDlh0/maxresdefault.jpg"", ""width"": 1280, ""height"": 720}}, ""channelTitle"": ""Shiyaler Golpo Bangla"", ""categoryId"": ""24"", ""liveBroadcastContent"": ""none"", ""defaultLanguage"": ""en"", ""localized"": {""title"": ""Delicious Pistachio Unboxing ASMR videos Enjoy 🫠#pistachio #dryfruits"", ""description"": """"}, ""defaultAudioLanguage"": ""bn""}, ""statistics"": {""viewCount"": ""17902"", ""favoriteCount"": ""0"", ""commentCount"": ""0""}}"
두쫀쿠,preset,피스타치오,6cKezhhegGY,555M pistachio premium style unboxing video enjoy 🌰 орешек #pistachio #premium #pistac 🌰🌰#pistachio,2026-05-26T06:53:18Z,8668,59,0,https://www.youtube.com/watch?v=6cKezhhegGY,youtube,피스타치오,related,0.3,2026-05-26T11:39:31.823168+00:00,8668,59,0,59,Mr Macro,,"{""kind"": ""youtube#video"", ""etag"": ""1B_pDhZRjClcD9BJGIo9FIpTmC0"", ""id"": ""6cKezhhegGY"", ""snippet"": {""publishedAt"": ""2026-05-26T06:53:18Z"", ""channelId"": ""UCwMFLn2LNj-ZDWXJ-curTjQ"", ""title"": ""555M pistachio premium style unboxing video enjoy 🌰 орешек #pistachio #premium #pistac 🌰🌰#pistachio"", ""description"": """", ""thumbnails"": {""default"": {""url"": ""https://i.ytimg.com/vi/6cKezhhegGY/default.jpg"", ""width"": 120, ""height"": 90}, ""medium"": {""url"": ""https://i.ytimg.com/vi/6cKezhhegGY/mqdefault.jpg"", ""width"": 320, ""height"": 180}, ""high"": {""url"": ""https://i.ytimg.com/vi/6cKezhhegGY/hqdefault.jpg"", ""width"": 480, ""height"": 360}, ""standard"": {""url"": ""https://i.ytimg.com/vi/6cKezhhegGY/sddefault.jpg"", ""width"": 640, ""height"": 480}, ""maxres"": {""url"": ""https://i.ytimg.com/vi/6cKezhhegGY/maxresdefault.jpg"", ""width"": 1280, ""height"": 720}}, ""channelTitle"": ""Mr Macro"", ""categoryId"": ""22"", ""liveBroadcastContent"": ""none"", ""defaultLanguage"": ""en"", ""localized"": {""title"": ""555M pistachio premium style unboxing video enjoy 🌰 орешек #pistachio #premium #pistac 🌰🌰#pistachio"", ""description"": """"}, ""defaultAudioLanguage"": ""en""}, ""statistics"": {""viewCount"": ""8668"", ""likeCount"": ""59"", ""favoriteCount"": ""0"", ""commentCount"": ""0""}}"
두쫀쿠,preset,피스타치오,nx9cbtXmDG0,Dessert Dubai Pistachio,2026-05-26T06:46:14Z,893,9,1,https://www.youtube.com/watch?v=nx9cbtXmDG0,youtube,피스타치오,related,0.3,2026-05-26T11:39:31.823168+00:00,893,9,1,10,Ids Basry,"Nikmati sensasi dessert viral ala Dubai dengan perpaduan manis creamy pistachio premium, cokelat lembut, dan tekstur renyah","{""kind"": ""youtube#video"", ""etag"": ""HsOqVnnL_FhcWGkZbWBKoJjJR6A"", ""id"": ""nx9cbtXmDG0"", ""snippet"": {""publishedAt"": ""2026-05-26T06:46:14Z"", ""channelId"": ""UCZeAERfzK77XkYXk-qD6Imw"", ""title"": ""Dessert Dubai Pistachio"", ""description"": ""Nikmati sensasi dessert viral ala Dubai dengan perpaduan manis creamy pistachio premium, cokelat lembut, dan tekstur renyah"", ""thumbnails"": {""default"": {""url"": ""https://i.ytimg.com/vi/nx9cbtXmDG0/default.jpg"", ""width"": 120, ""height"": 90}, ""medium"": {""url"": ""https://i.ytimg.com/vi/nx9cbtXmDG0/mqdefault.jpg"", ""width"": 320, ""height"": 180}, ""high"": {""url"": ""https://i.ytimg.com/vi/nx9cbtXmDG0/hqdefault.jpg"", ""width"": 480, ""height"": 360}, ""standard"": {""url"": ""https://i.ytimg.com/vi/nx9cbtXmDG0/sddefault.jpg"", ""width"": 640, ""height"": 480}, ""maxres"": {""url"": ""https://i.ytimg.com/vi/nx9cbtXmDG0/maxresdefault.jpg"", ""width"": 1280, ""height"": 720}}, ""channelTitle"": ""Ids Basry"", ""tags"": [""shorts"", ""dessert dubai"", ""dubai pistachio"", ""dessert viral"", ""dessert pistachio"", ""coklat dubai""], ""categoryId"": ""26"", ""liveBroadcastContent"": ""none"", ""defaultLanguage"": ""id"", ""localized"": {""title"": ""Dessert Dubai Pistachio"", ""description"": ""Nikmati sensasi dessert viral ala Dubai dengan perpaduan manis creamy pistachio premium, cokelat lembut, dan tekstur renyah""}, ""defaultAudioLanguage"": ""id""}, ""statistics"": {""viewCount"": ""893"", ""likeCount"": ""9"", ""favoriteCount"": ""0"", ""commentCount"": ""1""}}"
두쫀쿠,preset,피스타치오,cxLWo_SQG3o,pistachio crunch #asmr #food #dubaichocolate,2026-05-26T06:45:32Z,1574,11,0,https://www.youtube.com/watch?v=cxLWo_SQG3o,youtube,피스타치오,related,0.3,2026-05-26T11:39:31.823168+00:00,1574,11,0,11,foodisland ,,"{""kind"": ""youtube#video"", ""etag"": ""bLBnaVlsZOr7F-_sk8mrvXFIfgc"", ""id"": ""cxLWo_SQG3o"", ""snippet"": {""publishedAt"": ""2026-05-26T06:45:32Z"", ""channelId"": ""UC0FPI-ULajR_Fv-lAuKQYhg"", ""title"": ""pistachio crunch #asmr #food #dubaichocolate"", ""description"": """", ""thumbnails"": {""default"": {""url"": ""https://i.ytimg.com/vi/cxLWo_SQG3o/default.jpg"", ""width"": 120, ""height"": 90}, ""medium"": {""url"": ""https://i.ytimg.com/vi/cxLWo_SQG3o/mqdefault.jpg"", ""width"": 320, ""height"": 180}, ""high"": {""url"": ""https://i.ytimg.com/vi/cxLWo_SQG3o/hqdefault.jpg"", ""width"": 480, ""height"": 360}, ""standard"": {""url"": ""https://i.ytimg.com/vi/cxLWo_SQG3o/sddefault.jpg"", ""width"": 640, ""height"": 480}, ""maxres"": {""url"": ""https://i.ytimg.com/vi/cxLWo_SQG3o/maxresdefault.jpg"", ""width"": 1280, ""height"": 720}}, ""channelTitle"": ""foodisland "", ""categoryId"": ""22"", ""liveBroadcastContent"": ""none"", ""defaultLanguage"": ""en"", ""localized"": {""title"": ""pistachio crunch #asmr #food #dubaichocolate"", ""description"": """"}, ""defaultAudioLanguage"": ""en""}, ""statistics"": {""viewCount"": ""1574"", ""likeCount"": ""11"", ""favoriteCount"": ""0"", ""commentCount"": ""0""}}"
두쫀쿠,preset,피스타치오,KdHXb8k-dyQ,Cute or Creepy? tiny Pistachio & Date #shorts #ai #asmr #cute #oddlysatisfying #cute,2026-05-26T06:40:09Z,2191,17,0,https://www.youtube.com/watch?v=KdHXb8k-dyQ,youtube,피스타치오,related,0.3,2026-05-26T11:39:31.823168+00:00,2191,17,0,17,SweetCrunch AI,"Cute or Creepy? tiny Pistachio & Date #shorts #ai #asmr #cute #oddlysatisfying

Thank you for watching

#sleeping beauty 
#stressrelief 
#asmr","{""kind"": ""youtube#video"", ""etag"": ""Fhk7EhCHqaw-XI0UqpUrZ5PmzMg"", ""id"": ""KdHXb8k-dyQ"", ""snippet"": {""publishedAt"": ""2026-05-26T06:40:09Z"", ""channelId"": ""UCNFK_ixR_0RYxEsXbYGZeOw"", ""title"": ""Cute or Creepy? tiny Pistachio & Date #shorts #ai #asmr #cute #oddlysatisfying #cute"", ""description"": ""Cute or Creepy? tiny Pistachio & Date #shorts #ai #asmr #cute #oddlysatisfying\n\nThank you for watching\n\n#sleeping beauty \n#stressrelief \n#asmr"", ""thumbnails"": {""default"": {""url"": ""https://i.ytimg.com/vi/KdHXb8k-dyQ/default.jpg"", ""width"": 120, ""height"": 90}, ""medium"": {""url"": ""https://i.ytimg.com/vi/KdHXb8k-dyQ/mqdefault.jpg"", ""width"": 320, ""height"": 180}, ""high"": {""url"": ""https://i.ytimg.com/vi/KdHXb8k-dyQ/hqdefault.jpg"", ""width"": 480, ""height"": 360}, ""standard"": {""url"": ""https://i.ytimg.com/vi/KdHXb8k-dyQ/sddefault.jpg"", ""width"": 640, ""height"": 480}, ""maxres"": {""url"": ""https://i.ytimg.com/vi/KdHXb8k-dyQ/maxresdefault.jpg"", ""width"": 1280, ""height"": 720}}, ""channelTitle"": ""SweetCrunch AI"", ""tags"": [""satisfying video"", ""relaxation video"", ""asmr"", ""viral"", ""shorts"", ""ytshorts""], ""categoryId"": ""24"", ""liveBroadcastContent"": ""none"", ""defaultLanguage"": ""en"", ""localized"": {""title"": ""Cute or Creepy? tiny Pistachio & Date #shorts #ai #asmr #cute #oddlysatisfying #cute"", ""description"": ""Cute or Creepy? tiny Pistachio & Date #shorts #ai #asmr #cute #oddlysatisfying\n\nThank you for watching\n\n#sleeping beauty \n#stressrelief \n#asmr""}, ""defaultAudioLanguage"": ""en""}, ""statistics"": {""viewCount"": ""2191"", ""likeCount"": ""17"", ""favoriteCount"": ""0"", ""commentCount"": ""0""}}"
두쫀쿠,preset,피스타치오,1_qTZyqZY64,Mixue New Pistachio Series😍🔥✅📍 Mixue Sri Permaisuri 8📍 Mixue Bangi Gateway📍 Mixue Setapak Tarc,2026-05-26T06:02:29Z,21104,510,13,https://www.youtube.com/watch?v=1_qTZyqZY64,youtube,피스타치오,related,0.3,2026-05-26T11:39:31.823168+00:00,21104,510,13,523,Best Food Malaysia,,"{""kind"": ""youtube#video"", ""etag"": ""WoonuEDcL0kUhpw19e5CzHX_kB0"", ""id"": ""1_qTZyqZY64"", ""snippet"": {""publishedAt"": ""2026-05-26T06:02:29Z"", ""channelId"": ""UC7YpksnmGpEsjNzvDaLBNAQ"", ""title"": ""Mixue New Pistachio Series😍🔥✅📍 Mixue Sri Permaisuri 8📍 Mixue Bangi Gateway📍 Mixue Setapak Tarc"", ""description"": """", ""thumbnails"": {""default"": {""url"": ""https://i.ytimg.com/vi/1_qTZyqZY64/default.jpg"", ""width"": 120, ""height"": 90}, ""medium"": {""url"": ""https://i.ytimg.com/vi/1_qTZyqZY64/mqdefault.jpg"", ""width"": 320, ""height"": 180}, ""high"": {""url"": ""https://i.ytimg.com/vi/1_qTZyqZY64/hqdefault.jpg"", ""width"": 480, ""height"": 360}, ""standard"": {""url"": ""https://i.ytimg.com/vi/1_qTZyqZY64/sddefault.jpg"", ""width"": 640, ""height"": 480}, ""maxres"": {""url"": ""https://i.ytimg.com/vi/1_qTZyqZY64/maxresdefault.jpg"", ""width"": 1280, ""height"": 720}}, ""channelTitle"": ""Best Food Malaysia"", ""categoryId"": ""22"", ""liveBroadcastContent"": ""none"", ""defaultLanguage"": ""ms"", ""localized"": {""title"": ""Mixue New Pistachio Series😍🔥✅📍 Mixue Sri Permaisuri 8📍 Mixue Bangi Gateway📍 Mixue Setapak Tarc"", ""description"": """"}, ""defaultAudioLanguage"": ""zh""}, ""statistics"": {""viewCount"": ""21104"", ""likeCount"": ""510"", ""favoriteCount"": ""0"", ""commentCount"": ""13""}}"
두쫀쿠,preset,피스타치오,YkzUD8DWCDk,0.0098B 345euro pistachio newest style unboxing 😋🌰#pistachio,2026-05-26T05:36:49Z,5941,30,0,https://www.youtube.com/watch?v=YkzUD8DWCDk,youtube,피스타치오,related,0.3,2026-05-26T11:39:31.823168+00:00,5941,30,0,30,Macro456,,"{""kind"": ""youtube#video"", ""etag"": ""0HlQmsouyE35gw6BP2hiwcc9ZJU"", ""id"": ""YkzUD8DWCDk"", ""snippet"": {""publishedAt"": ""2026-05-26T05:36:49Z"", ""channelId"": ""UC1QDbNGq40-xeC_MHYnVyEQ"", ""title"": ""0.0098B 345euro pistachio newest style unboxing 😋🌰#pistachio"", ""description"": """", ""thumbnails"": {""default"": {""url"": ""https://i.ytimg.com/vi/YkzUD8DWCDk/default.jpg"", ""width"": 120, ""height"": 90}, ""medium"": {""url"": ""https://i.ytimg.com/vi/YkzUD8DWCDk/mqdefault.jpg"", ""width"": 320, ""height"": 180}, ""high"": {""url"": ""https://i.ytimg.com/vi/YkzUD8DWCDk/hqdefault.jpg"", ""width"": 480, ""height"": 360}, ""standard"": {""url"": ""https://i.ytimg.com/vi/YkzUD8DWCDk/sddefault.jpg"", ""width"": 640, ""height"": 480}, ""maxres"": {""url"": ""https://i.ytimg.com/vi/YkzUD8DWCDk/maxresdefault.jpg"", ""width"": 1280, ""height"": 720}}, ""channelTitle"": ""Macro456"", ""categoryId"": ""22"", ""liveBroadcastContent"": ""none"", ""defaultLanguage"": ""en"", ""localized"": {""title"": ""0.0098B 345euro pistachio newest style unboxing 😋🌰#pistachio"", ""description"": """"}, ""defaultAudioLanguage"": ""en""}, ""statistics"": {""viewCount"": ""5941"", ""likeCount"": ""30"", ""favoriteCount"": ""0"", ""commentCount"": ""0""}}"
두쫀쿠,preset,피스타치오,d6V-txegXpo,Viral Pistachio Dubai Chocolate #shorts,2026-05-26T04:05:03Z,2144,11,0,https://www.youtube.com/watch?v=d6V-txegXpo,youtube,피스타치오,related,0.3,2026-05-26T11:39:31.823168+00:00,2144,11,0,11,AGGM TV,,"{""kind"": ""youtube#video"", ""etag"": ""OhsKelDt-mnIRDF_i19prUT8Z0A"", ""id"": ""d6V-txegXpo"", ""snippet"": {""publishedAt"": ""2026-05-26T04:05:03Z"", ""channelId"": ""UCddvONsrXYol4eMIA_YNTZQ"", ""title"": ""Viral Pistachio Dubai Chocolate #shorts"", ""description"": """", ""thumbnails"": {""default"": {""url"": ""https://i.ytimg.com/vi/d6V-txegXpo/default.jpg"", ""width"": 120, ""height"": 90}, ""medium"": {""url"": ""https://i.ytimg.com/vi/d6V-txegXpo/mqdefault.jpg"", ""width"": 320, ""height"": 180}, ""high"": {""url"": ""https://i.ytimg.com/vi/d6V-txegXpo/hqdefault.jpg"", ""width"": 480, ""height"": 360}, ""standard"": {""url"": ""https://i.ytimg.com/vi/d6V-txegXpo/sddefault.jpg"", ""width"": 640, ""height"": 480}, ""maxres"": {""url"": ""https://i.ytimg.com/vi/d6V-txegXpo/maxresdefault.jpg"", ""width"": 1280, ""height"": 720}}, ""channelTitle"": ""AGGM TV"", ""categoryId"": ""22"", ""liveBroadcastContent"": ""none"", ""defaultLanguage"": ""en"", ""localized"": {""title"": ""Viral Pistachio Dubai Chocolate #shorts"", ""description"": """"}, ""defaultAudioLanguage"": ""en""}, ""statistics"": {""viewCount"": ""2144"", ""likeCount"": ""11"", ""favoriteCount"": ""0""}}"
두쫀쿠,preset,피스타치오,ZSYz6gpqwDM,0.000125B Macro22 Siea Pistachio Unboxing ASMR video enjoy 🎭#pistachio #dryfruits,2026-05-26T03:56:42Z,14537,85,0,https://www.youtube.com/watch?v=ZSYz6gpqwDM,youtube,피스타치오,related,0.3,2026-05-26T11:39:31.823168+00:00,14537,85,0,85,MACRO 12,,"{""kind"": ""youtube#video"", ""etag"": ""QFFeo7bM3N-CnLjPpNoy41BTeks"", ""id"": ""ZSYz6gpqwDM"", ""snippet"": {""publishedAt"": ""2026-05-26T03:56:42Z"", ""channelId"": ""UCHLTS2geIImhfRrFlSHmVZA"", ""title"": ""0.000125B Macro22 Siea Pistachio Unboxing ASMR video enjoy 🎭#pistachio #dryfruits"", ""description"": """", ""thumbnails"": {""default"": {""url"": ""https://i.ytimg.com/vi/ZSYz6gpqwDM/default.jpg"", ""width"": 120, ""height"": 90}, ""medium"": {""url"": ""https://i.ytimg.com/vi/ZSYz6gpqwDM/mqdefault.jpg"", ""width"": 320, ""height"": 180}, ""high"": {""url"": ""https://i.ytimg.com/vi/ZSYz6gpqwDM/hqdefault.jpg"", ""width"": 480, ""height"": 360}, ""standard"": {""url"": ""https://i.ytimg.com/vi/ZSYz6gpqwDM/sddefault.jpg"", ""width"": 640, ""height"": 480}, ""maxres"": {""url"": ""https://i.ytimg.com/vi/ZSYz6gpqwDM/maxresdefault.jpg"", ""width"": 1280, ""height"": 720}}, ""channelTitle"": ""MACRO 12"", ""categoryId"": ""22"", ""liveBroadcastContent"": ""none"", ""defaultLanguage"": ""en"", ""localized"": {""title"": ""0.000125B Macro22 Siea Pistachio Unboxing ASMR video enjoy 🎭#pistachio #dryfruits"", ""description"": """"}, ""defaultAudioLanguage"": ""hi""}, ""statistics"": {""viewCount"": ""14537"", ""likeCount"": ""85"", ""favoriteCount"": ""0"", ""commentCount"": ""0""}}"
두쫀쿠,preset,피스타치오,fdyuuEpPtlY,From premium almonds and cashews to high-quality pistachio we offer 100% quality at wholesale prices,2026-05-26T03:56:49Z,1554,12,0,https://www.youtube.com/watch?v=fdyuuEpPtlY,youtube,피스타치오,related,0.3,2026-05-26T11:39:31.823168+00:00,1554,12,0,12,Sahanadryfruits_rjy,"We offer top-notch quality and incredible prices!
Contact us or visit our store to place your order
now
Phone Number: +91 94296 92141
Address: Main Road, Near 1 Town Police Station,
Opposite Gandhi Nehru Statue, Rajahmundry.
App: Download the Sahana App on Google Play
or the App Store
#SahanaDryFruits #dryfruitswholesalemarket #rajahmundry #trending","{""kind"": ""youtube#video"", ""etag"": ""MTsPietImlLlRDlSWP1TmRlw40M"", ""id"": ""fdyuuEpPtlY"", ""snippet"": {""publishedAt"": ""2026-05-26T03:56:49Z"", ""channelId"": ""UCWbKj3tKjtatpUkccFuz8xQ"", ""title"": ""From premium almonds and cashews to high-quality pistachio we offer 100% quality at wholesale prices"", ""description"": ""We offer top-notch quality and incredible prices!\nContact us or visit our store to place your order\nnow\nPhone Number: +91 94296 92141\nAddress: Main Road, Near 1 Town Police Station,\nOpposite Gandhi Nehru Statue, Rajahmundry.\nApp: Download the Sahana App on Google Play\nor the App Store\n#SahanaDryFruits #dryfruitswholesalemarket #rajahmundry #trending"", ""thumbnails"": {""default"": {""url"": ""https://i.ytimg.com/vi/fdyuuEpPtlY/default.jpg"", ""width"": 120, ""height"": 90}, ""medium"": {""url"": ""https://i.ytimg.com/vi/fdyuuEpPtlY/mqdefault.jpg"", ""width"": 320, ""height"": 180}, ""high"": {""url"": ""https://i.ytimg.com/vi/fdyuuEpPtlY/hqdefault.jpg"", ""width"": 480, ""height"": 360}, ""standard"": {""url"": ""https://i.ytimg.com/vi/fdyuuEpPtlY/sddefault.jpg"", ""width"": 640, ""height"": 480}, ""maxres"": {""url"": ""https://i.ytimg.com/vi/fdyuuEpPtlY/maxresdefault.jpg"", ""width"": 1280, ""height"": 720}}, ""channelTitle"": ""Sahanadryfruits_rjy"", ""categoryId"": ""22"", ""liveBroadcastContent"": ""none"", ""defaultLanguage"": ""en"", ""localized"": {""title"": ""From premium almonds and cashews to high-quality pistachio we offer 100% quality at wholesale prices"", ""description"": ""We offer top-notch quality and incredible prices!\nContact us or visit our store to place your order\nnow\nPhone Number: +91 94296 92141\nAddress: Main Road, Near 1 Town Police Station,\nOpposite Gandhi Nehru Statue, Rajahmundry.\nApp: Download the Sahana App on Google Play\nor the App Store\n#SahanaDryFruits #dryfruitswholesalemarket #rajahmundry #trending""}, ""defaultAudioLanguage"": ""te""}, ""statistics"": {""viewCount"": ""1554"", ""likeCount"": ""12"", ""favoriteCount"": ""0"", ""commentCount"": ""0""}}"
두쫀쿠,preset,피스타치오,u72MTxIFBvM,Assuming Pistachio Unboxing ASMR video enjoy 💪#pistachio #dryfruits,2026-05-26T03:50:50Z,7880,66,0,https://www.youtube.com/watch?v=u72MTxIFBvM,youtube,피스타치오,related,0.3,2026-05-26T11:39:31.823168+00:00,7880,66,0,66,Duo pista,,"{""kind"": ""youtube#video"", ""etag"": ""GCu_jrQ5wAxFpAcFgPYmLeADwj4"", ""id"": ""u72MTxIFBvM"", ""snippet"": {""publishedAt"": ""2026-05-26T03:50:50Z"", ""channelId"": ""UC89yoDLp02RHOxY5TdDxs_Q"", ""title"": ""Assuming Pistachio Unboxing ASMR video enjoy 💪#pistachio #dryfruits"", ""description"": """", ""thumbnails"": {""default"": {""url"": ""https://i.ytimg.com/vi/u72MTxIFBvM/default.jpg"", ""width"": 120, ""height"": 90}, ""medium"": {""url"": ""https://i.ytimg.com/vi/u72MTxIFBvM/mqdefault.jpg"", ""width"": 320, ""height"": 180}, ""high"": {""url"": ""https://i.ytimg.com/vi/u72MTxIFBvM/hqdefault.jpg"", ""width"": 480, ""height"": 360}, ""standard"": {""url"": ""https://i.ytimg.com/vi/u72MTxIFBvM/sddefault.jpg"", ""width"": 640, ""height"": 480}, ""maxres"": {""url"": ""https://i.ytimg.com/vi/u72MTxIFBvM/maxresdefault.jpg"", ""width"": 1280, ""height"": 720}}, ""channelTitle"": ""Duo pista"", ""categoryId"": ""22"", ""liveBroadcastContent"": ""none"", ""defaultLanguage"": ""en"", ""localized"": {""title"": ""Assuming Pistachio Unboxing ASMR video enjoy 💪#pistachio #dryfruits"", ""description"": """"}, ""defaultAudioLanguage"": ""bn""}, ""statistics"": {""viewCount"": ""7880"", ""likeCount"": ""66"", ""favoriteCount"": ""0"", ""commentCount"": ""0""}}"
두쫀쿠,preset,피스타치오,5raHwWqahGU,Huge Natural Pistachios You Need to Try! 😍🥜 #Pistachio #ASMRFood#viral #short #trending,2026-05-26T03:34:53Z,7042,57,0,https://www.youtube.com/watch?v=5raHwWqahGU,youtube,피스타치오,related,0.3,2026-05-26T11:39:31.823168+00:00,7042,57,0,57,Kwai LuxFoods,"Large original skin color pistachios with a natural unbleached look — crunchy, fresh, and super satisfying to watch! 🥜✨ Perfect snack lovers and ASMR food fans will love this.

#Pistachio
#NaturalPistachios
#RoastedNuts
#ASMRFood
#HealthySnacks
#NutLovers
#CrunchyFood
#FoodShorts
#SnackTime
#OddlySatisfying
#Foodie
#ViralShorts
#YTShorts
#PakistanFood
#UKFoodies","{""kind"": ""youtube#video"", ""etag"": ""_WoNOR3mtAqLM7bj91U99CVG-og"", ""id"": ""5raHwWqahGU"", ""snippet"": {""publishedAt"": ""2026-05-26T03:34:53Z"", ""channelId"": ""UCK7uPSXzd79RmqvyDDSf5Ew"", ""title"": ""Huge Natural Pistachios You Need to Try! 😍🥜 #Pistachio #ASMRFood#viral #short #trending"", ""description"": ""Large original skin color pistachios with a natural unbleached look — crunchy, fresh, and super satisfying to watch! 🥜✨ Perfect snack lovers and ASMR food fans will love this.\n\n#Pistachio\n#NaturalPistachios\n#RoastedNuts\n#ASMRFood\n#HealthySnacks\n#NutLovers\n#CrunchyFood\n#FoodShorts\n#SnackTime\n#OddlySatisfying\n#Foodie\n#ViralShorts\n#YTShorts\n#PakistanFood\n#UKFoodies"", ""thumbnails"": {""default"": {""url"": ""https://i.ytimg.com/vi/5raHwWqahGU/default.jpg"", ""width"": 120, ""height"": 90}, ""medium"": {""url"": ""https://i.ytimg.com/vi/5raHwWqahGU/mqdefault.jpg"", ""width"": 320, ""height"": 180}, ""high"": {""url"": ""https://i.ytimg.com/vi/5raHwWqahGU/hqdefault.jpg"", ""width"": 480, ""height"": 360}, ""standard"": {""url"": ""https://i.ytimg.com/vi/5raHwWqahGU/sddefault.jpg"", ""width"": 640, ""height"": 480}, ""maxres"": {""url"": ""https://i.ytimg.com/vi/5raHwWqahGU/maxresdefault.jpg"", ""width"": 1280, ""height"": 720}}, ""channelTitle"": ""Kwai LuxFoods"", ""categoryId"": ""22"", ""liveBroadcastContent"": ""none"", ""defaultLanguage"": ""en"", ""localized"": {""title"": ""Huge Natural Pistachios You Need to Try! 😍🥜 #Pistachio #ASMRFood#viral #short #trending"", ""description"": ""Large original skin color pistachios with a natural unbleached look — crunchy, fresh, and super satisfying to watch! 🥜✨ Perfect snack lovers and ASMR food fans will love this.\n\n#Pistachio\n#NaturalPistachios\n#RoastedNuts\n#ASMRFood\n#HealthySnacks\n#NutLovers\n#CrunchyFood\n#FoodShorts\n#SnackTime\n#OddlySatisfying\n#Foodie\n#ViralShorts\n#YTShorts\n#PakistanFood\n#UKFoodies""}, ""defaultAudioLanguage"": ""hi""}, ""statistics"": {""viewCount"": ""7042"", ""likeCount"": ""57"", ""favoriteCount"": ""0"", ""commentCount"": ""0""}}"
두쫀쿠,preset,피스타치오,lju0Sf9yOTU,"40 Chocolates Mixed with Almond, Cashew & Pistachio 😍🔥 | Ultimate Chocolate Combo",2026-05-26T03:05:19Z,2879,11,0,https://www.youtube.com/watch?v=lju0Sf9yOTU,youtube,피스타치오,related,0.3,2026-05-26T11:39:31.823168+00:00,2879,11,0,11,Choco heaven Luxe,"White chocolate + Milk chocolate + Almonds + Cashews + Pistachios 😍 A rich and tasty combo you must try! Watch till the end 🔥

Trending Hashtags:
#Shorts #Trending #Viral #Chocolate #WhiteChocolate #MilkChocolate #Almond #Cashew #Pistachio #DryFruits #ChocolateLover #Foodie #Dessert #ViralVideo #FYP #Yummy #YouTubeShorts","{""kind"": ""youtube#video"", ""etag"": ""kvuM_5zNnQRTxzbCfcYm7rvcQtc"", ""id"": ""lju0Sf9yOTU"", ""snippet"": {""publishedAt"": ""2026-05-26T03:05:19Z"", ""channelId"": ""UCjbC-e0nHhq3KeAX3B3tYgg"", ""title"": ""40 Chocolates Mixed with Almond, Cashew & Pistachio 😍🔥 | Ultimate Chocolate Combo"", ""description"": ""White chocolate + Milk chocolate + Almonds + Cashews + Pistachios 😍 A rich and tasty combo you must try! Watch till the end 🔥\n\nTrending Hashtags:\n#Shorts #Trending #Viral #Chocolate #WhiteChocolate #MilkChocolate #Almond #Cashew #Pistachio #DryFruits #ChocolateLover #Foodie #Dessert #ViralVideo #FYP #Yummy #YouTubeShorts"", ""thumbnails"": {""default"": {""url"": ""https://i.ytimg.com/vi/lju0Sf9yOTU/default.jpg"", ""width"": 120, ""height"": 90}, ""medium"": {""url"": ""https://i.ytimg.com/vi/lju0Sf9yOTU/mqdefault.jpg"", ""width"": 320, ""height"": 180}, ""high"": {""url"": ""https://i.ytimg.com/vi/lju0Sf9yOTU/hqdefault.jpg"", ""width"": 480, ""height"": 360}, ""standard"": {""url"": ""https://i.ytimg.com/vi/lju0Sf9yOTU/sddefault.jpg"", ""width"": 640, ""height"": 480}, ""maxres"": {""url"": ""https://i.ytimg.com/vi/lju0Sf9yOTU/maxresdefault.jpg"", ""width"": 1280, ""height"": 720}}, ""channelTitle"": ""Choco heaven Luxe"", ""categoryId"": ""22"", ""liveBroadcastContent"": ""none"", ""defaultLanguage"": ""en"", ""localized"": {""title"": ""40 Chocolates Mixed with Almond, Cashew & Pistachio 😍🔥 | Ultimate Chocolate Combo"", ""description"": ""White chocolate + Milk chocolate + Almonds + Cashews + Pistachios 😍 A rich and tasty combo you must try! Watch till the end 🔥\n\nTrending Hashtags:\n#Shorts #Trending #Viral #Chocolate #WhiteChocolate #MilkChocolate #Almond #Cashew #Pistachio #DryFruits #ChocolateLover #Foodie #Dessert #ViralVideo #FYP #Yummy #YouTubeShorts""}, ""defaultAudioLanguage"": ""ta""}, ""statistics"": {""viewCount"": ""2879"", ""likeCount"": ""11"", ""favoriteCount"": ""0"", ""commentCount"": ""0""}}"
두쫀쿠,preset,피스타치오,h6vm3AtjbBI,10M pistachio premium style unboxing video enjoy 🌰 орешек #pistachio,2026-05-26T03:02:03Z,13596,91,0,https://www.youtube.com/watch?v=h6vm3AtjbBI,youtube,피스타치오,related,0.3,2026-05-26T11:39:31.823168+00:00,13596,91,0,91,Mr Macro,,"{""kind"": ""youtube#video"", ""etag"": ""SGw--LZxLAxMU6N3QiRlUVeX7Ps"", ""id"": ""h6vm3AtjbBI"", ""snippet"": {""publishedAt"": ""2026-05-26T03:02:03Z"", ""channelId"": ""UCwMFLn2LNj-ZDWXJ-curTjQ"", ""title"": ""10M pistachio premium style unboxing video enjoy 🌰 орешек #pistachio"", ""description"": """", ""thumbnails"": {""default"": {""url"": ""https://i.ytimg.com/vi/h6vm3AtjbBI/default.jpg"", ""width"": 120, ""height"": 90}, ""medium"": {""url"": ""https://i.ytimg.com/vi/h6vm3AtjbBI/mqdefault.jpg"", ""width"": 320, ""height"": 180}, ""high"": {""url"": ""https://i.ytimg.com/vi/h6vm3AtjbBI/hqdefault.jpg"", ""width"": 480, ""height"": 360}, ""standard"": {""url"": ""https://i.ytimg.com/vi/h6vm3AtjbBI/sddefault.jpg"", ""width"": 640, ""height"": 480}, ""maxres"": {""url"": ""https://i.ytimg.com/vi/h6vm3AtjbBI/maxresdefault.jpg"", ""width"": 1280, ""height"": 720}}, ""channelTitle"": ""Mr Macro"", ""categoryId"": ""22"", ""liveBroadcastContent"": ""none"", ""defaultLanguage"": ""en"", ""localized"": {""title"": ""10M pistachio premium style unboxing video enjoy 🌰 орешек #pistachio"", ""description"": """"}, ""defaultAudioLanguage"": ""en""}, ""statistics"": {""viewCount"": ""13596"", ""likeCount"": ""91"", ""favoriteCount"": ""0"", ""commentCount"": ""0""}}"
두쫀쿠,preset,피스타치오,JjuPuTMFHjc,피스타치오 카푸치노 만들기 💚☁️ #홈카페 #카푸치노 #피스타치오,2026-05-26T00:22:56Z,91,3,0,https://www.youtube.com/watch?v=JjuPuTMFHjc,youtube,피스타치오,related,0.3,2026-05-26T11:39:31.823168+00:00,91,3,0,3,작은컷,구름 ☁️ 처럼 부드러운 피스타치오 카푸치노 만들어보세요 💚 진짜~ 고소해요 🥜,"{""kind"": ""youtube#video"", ""etag"": ""edxE3ISAPv2GoQMb9yWvxgya6SU"", ""id"": ""JjuPuTMFHjc"", ""snippet"": {""publishedAt"": ""2026-05-26T00:22:56Z"", ""channelId"": ""UC78h3OhWx-o2AF50TVy6TGQ"", ""title"": ""피스타치오 카푸치노 만들기 💚☁️ #홈카페 #카푸치노 #피스타치오"", ""description"": ""구름 ☁️ 처럼 부드러운 피스타치오 카푸치노 만들어보세요 💚 진짜~ 고소해요 🥜"", ""thumbnails"": {""default"": {""url"": ""https://i.ytimg.com/vi/JjuPuTMFHjc/default.jpg"", ""width"": 120, ""height"": 90}, ""medium"": {""url"": ""https://i.ytimg.com/vi/JjuPuTMFHjc/mqdefault.jpg"", ""width"": 320, ""height"": 180}, ""high"": {""url"": ""https://i.ytimg.com/vi/JjuPuTMFHjc/hqdefault.jpg"", ""width"": 480, ""height"": 360}, ""standard"": {""url"": ""https://i.ytimg.com/vi/JjuPuTMFHjc/sddefault.jpg"", ""width"": 640, ""height"": 480}, ""maxres"": {""url"": ""https://i.ytimg.com/vi/JjuPuTMFHjc/maxresdefault.jpg"", ""width"": 1280, ""height"": 720}}, ""channelTitle"": ""작은컷"", ""categoryId"": ""22"", ""liveBroadcastContent"": ""none"", ""defaultLanguage"": ""ko"", ""localized"": {""title"": ""피스타치오 카푸치노 만들기 💚☁️ #홈카페 #카푸치노 #피스타치오"", ""description"": ""구름 ☁️ 처럼 부드러운 피스타치오 카푸치노 만들어보세요 💚 진짜~ 고소해요 🥜""}, ""defaultAudioLanguage"": ""ko""}, ""statistics"": {""viewCount"": ""91"", ""likeCount"": ""3"", ""favoriteCount"": ""0"", ""commentCount"": ""0""}}"
두쫀쿠,preset,피스타치오,f_2vRnLgK70,Pistachio and Banana Rice Krispie treats! 😍 #food #foodie #homemade #foodlover #foodies #snack,2026-05-26T00:04:57Z,875,18,1,https://www.youtube.com/watch?v=f_2vRnLgK70,youtube,피스타치오,related,0.3,2026-05-26T11:39:31.823168+00:00,875,18,1,19,Jennifer Sukaylo,,"{""kind"": ""youtube#video"", ""etag"": ""biFnA7t5wY_5IIuO0PZ3UUU1tu8"", ""id"": ""f_2vRnLgK70"", ""snippet"": {""publishedAt"": ""2026-05-26T00:04:57Z"", ""channelId"": ""UCqhKKvv5hiReCmVG1IWEVhQ"", ""title"": ""Pistachio and Banana Rice Krispie treats! 😍 #food #foodie #homemade #foodlover #foodies #snack"", ""description"": """", ""thumbnails"": {""default"": {""url"": ""https://i.ytimg.com/vi/f_2vRnLgK70/default.jpg"", ""width"": 120, ""height"": 90}, ""medium"": {""url"": ""https://i.ytimg.com/vi/f_2vRnLgK70/mqdefault.jpg"", ""width"": 320, ""height"": 180}, ""high"": {""url"": ""https://i.ytimg.com/vi/f_2vRnLgK70/hqdefault.jpg"", ""width"": 480, ""height"": 360}, ""standard"": {""url"": ""https://i.ytimg.com/vi/f_2vRnLgK70/sddefault.jpg"", ""width"": 640, ""height"": 480}, ""maxres"": {""url"": ""https://i.ytimg.com/vi/f_2vRnLgK70/maxresdefault.jpg"", ""width"": 1280, ""height"": 720}}, ""channelTitle"": ""Jennifer Sukaylo"", ""categoryId"": ""22"", ""liveBroadcastContent"": ""none"", ""defaultLanguage"": ""en"", ""localized"": {""title"": ""Pistachio and Banana Rice Krispie treats! 😍 #food #foodie #homemade #foodlover #foodies #snack"", ""description"": """"}, ""defaultAudioLanguage"": ""en""}, ""statistics"": {""viewCount"": ""875"", ""likeCount"": ""18"", ""favoriteCount"": ""0"", ""commentCount"": ""1""}}"
두쫀쿠,preset,피스타치오,-Dt0LQ6gb9k,Pistachios Open by Themselves 😳 #shorts #foodfacts #pistachio #mindblown #didyouknow #fastfactstech,2026-05-26T00:00:06Z,932,6,0,https://www.youtube.com/watch?v=-Dt0LQ6gb9k,youtube,피스타치오,related,0.3,2026-05-26T11:39:31.823168+00:00,932,6,0,6,FastFactsTech,"Pistachio shells naturally split open while growing 😳
Pressure builds inside until the shell cracks apart 
Nature basically opens pistachios for us","{""kind"": ""youtube#video"", ""etag"": ""-SoTLDcK4Y51TKgDAq0mjphGoAw"", ""id"": ""-Dt0LQ6gb9k"", ""snippet"": {""publishedAt"": ""2026-05-26T00:00:06Z"", ""channelId"": ""UCS__ZRwWvNNnvKe27qhveMg"", ""title"": ""Pistachios Open by Themselves 😳 #shorts #foodfacts #pistachio #mindblown #didyouknow #fastfactstech"", ""description"": ""Pistachio shells naturally split open while growing 😳\nPressure builds inside until the shell cracks apart \nNature basically opens pistachios for us"", ""thumbnails"": {""default"": {""url"": ""https://i.ytimg.com/vi/-Dt0LQ6gb9k/default.jpg"", ""width"": 120, ""height"": 90}, ""medium"": {""url"": ""https://i.ytimg.com/vi/-Dt0LQ6gb9k/mqdefault.jpg"", ""width"": 320, ""height"": 180}, ""high"": {""url"": ""https://i.ytimg.com/vi/-Dt0LQ6gb9k/hqdefault.jpg"", ""width"": 480, ""height"": 360}, ""standard"": {""url"": ""https://i.ytimg.com/vi/-Dt0LQ6gb9k/sddefault.jpg"", ""width"": 640, ""height"": 480}, ""maxres"": {""url"": ""https://i.ytimg.com/vi/-Dt0LQ6gb9k/maxresdefault.jpg"", ""width"": 1280, ""height"": 720}}, ""channelTitle"": ""FastFactsTech"", ""categoryId"": ""22"", ""liveBroadcastContent"": ""none"", ""defaultLanguage"": ""en"", ""localized"": {""title"": ""Pistachios Open by Themselves 😳 #shorts #foodfacts #pistachio #mindblown #didyouknow #fastfactstech"", ""description"": ""Pistachio shells naturally split open while growing 😳\nPressure builds inside until the shell cracks apart \nNature basically opens pistachios for us""}, ""defaultAudioLanguage"": ""en""}, ""statistics"": {""viewCount"": ""932"", ""likeCount"": ""6"", ""favoriteCount"": ""0"", ""commentCount"": ""0""}}"
두쫀쿠,preset,피스타치오,ZeBT5gYeCpQ,"피스타치오, 다크초콜릿 그리고 검은콩 사워도우 Pistachio, dark chocolate & black bean sourdough #sourdough #baking",2026-05-25T22:42:50Z,1175,4,0,https://www.youtube.com/watch?v=ZeBT5gYeCpQ,youtube,피스타치오,related,0.3,2026-05-26T11:39:31.823168+00:00,1175,4,0,4,곰의식탐Bearchew,,"{""kind"": ""youtube#video"", ""etag"": ""ZAuUDji5B2OCAr5ohH-WxoGLPKw"", ""id"": ""ZeBT5gYeCpQ"", ""snippet"": {""publishedAt"": ""2026-05-25T22:42:50Z"", ""channelId"": ""UCt7LuQ9wDtadjOvUc3mHigg"", ""title"": ""피스타치오, 다크초콜릿 그리고 검은콩 사워도우 Pistachio, dark chocolate & black bean sourdough #sourdough #baking"", ""description"": """", ""thumbnails"": {""default"": {""url"": ""https://i.ytimg.com/vi/ZeBT5gYeCpQ/default.jpg"", ""width"": 120, ""height"": 90}, ""medium"": {""url"": ""https://i.ytimg.com/vi/ZeBT5gYeCpQ/mqdefault.jpg"", ""width"": 320, ""height"": 180}, ""high"": {""url"": ""https://i.ytimg.com/vi/ZeBT5gYeCpQ/hqdefault.jpg"", ""width"": 480, ""height"": 360}, ""standard"": {""url"": ""https://i.ytimg.com/vi/ZeBT5gYeCpQ/sddefault.jpg"", ""width"": 640, ""height"": 480}, ""maxres"": {""url"": ""https://i.ytimg.com/vi/ZeBT5gYeCpQ/maxresdefault.jpg"", ""width"": 1280, ""height"": 720}}, ""channelTitle"": ""곰의식탐Bearchew"", ""categoryId"": ""24"", ""liveBroadcastContent"": ""none"", ""defaultLanguage"": ""ko"", ""localized"": {""title"": ""피스타치오, 다크초콜릿 그리고 검은콩 사워도우 Pistachio, dark chocolate & black bean sourdough #sourdough #baking"", ""description"": """"}, ""defaultAudioLanguage"": ""en""}, ""statistics"": {""viewCount"": ""1175"", ""likeCount"": ""4"", ""favoriteCount"": ""0"", ""commentCount"": ""0""}}"
두쫀쿠,preset,두바이 초콜릿,jg9nMKZk6S8,dubai chocolate recipe 🍫💖#shortvideo #chocolate #viral #youtubeshorts,2026-05-26T10:59:42Z,1367,5,1,https://www.youtube.com/watch?v=jg9nMKZk6S8,youtube,두바이 초콜릿,related,0.3,2026-05-26T11:39:31.823168+00:00,1367,5,1,6,RAMISA TASNIM,chocolate,"{""kind"": ""youtube#video"", ""etag"": ""LqiqleXtPhqypUWK1pb1ezMUcTI"", ""id"": ""jg9nMKZk6S8"", ""snippet"": {""publishedAt"": ""2026-05-26T10:59:42Z"", ""channelId"": ""UCifVI-9xIbvtTVIVgwdUbfA"", ""title"": ""dubai chocolate recipe 🍫💖#shortvideo #chocolate #viral #youtubeshorts"", ""description"": ""chocolate"", ""thumbnails"": {""default"": {""url"": ""https://i.ytimg.com/vi/jg9nMKZk6S8/default.jpg"", ""width"": 120, ""height"": 90}, ""medium"": {""url"": ""https://i.ytimg.com/vi/jg9nMKZk6S8/mqdefault.jpg"", ""width"": 320, ""height"": 180}, ""high"": {""url"": ""https://i.ytimg.com/vi/jg9nMKZk6S8/hqdefault.jpg"", ""width"": 480, ""height"": 360}, ""standard"": {""url"": ""https://i.ytimg.com/vi/jg9nMKZk6S8/sddefault.jpg"", ""width"": 640, ""height"": 480}, ""maxres"": {""url"": ""https://i.ytimg.com/vi/jg9nMKZk6S8/maxresdefault.jpg"", ""width"": 1280, ""height"": 720}}, ""channelTitle"": ""RAMISA TASNIM"", ""categoryId"": ""22"", ""liveBroadcastContent"": ""none"", ""defaultLanguage"": ""en"", ""localized"": {""title"": ""dubai chocolate recipe 🍫💖#shortvideo #chocolate #viral #youtubeshorts"", ""description"": ""chocolate""}, ""defaultAudioLanguage"": ""en""}, ""statistics"": {""viewCount"": ""1367"", ""likeCount"": ""5"", ""favoriteCount"": ""0"", ""commentCount"": ""1""}}"
두쫀쿠,preset,두바이 초콜릿,_1LGa6b_jOw,В этой мастерской можно приготовить дубайский шоколад 😃 #шортс,2026-05-26T10:41:43Z,6755,165,3,https://www.youtube.com/watch?v=_1LGa6b_jOw,youtube,두바이 초콜릿,related,0.3,2026-05-26T11:39:31.823168+00:00,6755,165,3,168,Animal _top,,"{""kind"": ""youtube#video"", ""etag"": ""j-lGSKstsnkMPHKEkDi3LG5zmK4"", ""id"": ""_1LGa6b_jOw"", ""snippet"": {""publishedAt"": ""2026-05-26T10:41:43Z"", ""channelId"": ""UC62beqhSk_8XldfmmVzYM5Q"", ""title"": ""В этой мастерской можно приготовить дубайский шоколад 😃 #шортс"", ""description"": """", ""thumbnails"": {""default"": {""url"": ""https://i.ytimg.com/vi/_1LGa6b_jOw/default.jpg"", ""width"": 120, ""height"": 90}, ""medium"": {""url"": ""https://i.ytimg.com/vi/_1LGa6b_jOw/mqdefault.jpg"", ""width"": 320, ""height"": 180}, ""high"": {""url"": ""https://i.ytimg.com/vi/_1LGa6b_jOw/hqdefault.jpg"", ""width"": 480, ""height"": 360}, ""standard"": {""url"": ""https://i.ytimg.com/vi/_1LGa6b_jOw/sddefault.jpg"", ""width"": 640, ""height"": 480}, ""maxres"": {""url"": ""https://i.ytimg.com/vi/_1LGa6b_jOw/maxresdefault.jpg"", ""width"": 1280, ""height"": 720}}, ""channelTitle"": ""Animal _top"", ""categoryId"": ""15"", ""liveBroadcastContent"": ""none"", ""defaultLanguage"": ""ru"", ""localized"": {""title"": ""В этой мастерской можно приготовить дубайский шоколад 😃 #шортс"", ""description"": """"}, ""defaultAudioLanguage"": ""en-US""}, ""statistics"": {""viewCount"": ""6755"", ""likeCount"": ""165"", ""favoriteCount"": ""0"", ""commentCount"": ""3""}}"
두쫀쿠,preset,두바이 초콜릿,RMwnNKMRHSU,Viral Dubai Kunafa Chocolate at Home 🍫 Dubai Chocolate Recipe | deeparbakes,2026-05-26T10:30:37Z,1120,0,2,https://www.youtube.com/watch?v=RMwnNKMRHSU,youtube,두바이 초콜릿,related,0.3,2026-05-26T11:39:31.823168+00:00,1120,0,2,2,Deepa R Bakes,"The viral Dubai Kunafa Chocolate is finally here! 🍫✨ In this short, I am showing you the professional secrets to making the perfect, crunchy Kunafa Chocolate right at home. It’s so easy, and the kids absolutely LOVED it in our taste test! 👦👧 Have you tried this viral dessert yet?

To see the complete, step-by-step recipe, click the link in my bio or watch the full video on my channel! Don't forget to like, subscribe, and hit the bell icon for more trending recipes! 🔔

#shorts #kunafachocolate #dubaichocolate #viralrecipe #deeparbakes #chocolatelovers #smallbusinessindia #trendingdessert #homebaking #bakingbusiness","{""kind"": ""youtube#video"", ""etag"": ""viKWGXtjgH3YCTr-Y-N4AbaRDLM"", ""id"": ""RMwnNKMRHSU"", ""snippet"": {""publishedAt"": ""2026-05-26T10:30:37Z"", ""channelId"": ""UCrYD9jxGYtHcXERcxhY1maQ"", ""title"": ""Viral Dubai Kunafa Chocolate at Home 🍫 Dubai Chocolate Recipe | deeparbakes"", ""description"": ""The viral Dubai Kunafa Chocolate is finally here! 🍫✨ In this short, I am showing you the professional secrets to making the perfect, crunchy Kunafa Chocolate right at home. It’s so easy, and the kids absolutely LOVED it in our taste test! 👦👧 Have you tried this viral dessert yet?\n\nTo see the complete, step-by-step recipe, click the link in my bio or watch the full video on my channel! Don't forget to like, subscribe, and hit the bell icon for more trending recipes! 🔔\n\n#shorts #kunafachocolate #dubaichocolate #viralrecipe #deeparbakes #chocolatelovers #smallbusinessindia #trendingdessert #homebaking #bakingbusiness"", ""thumbnails"": {""default"": {""url"": ""https://i.ytimg.com/vi/RMwnNKMRHSU/default.jpg"", ""width"": 120, ""height"": 90}, ""medium"": {""url"": ""https://i.ytimg.com/vi/RMwnNKMRHSU/mqdefault.jpg"", ""width"": 320, ""height"": 180}, ""high"": {""url"": ""https://i.ytimg.com/vi/RMwnNKMRHSU/hqdefault.jpg"", ""width"": 480, ""height"": 360}, ""standard"": {""url"": ""https://i.ytimg.com/vi/RMwnNKMRHSU/sddefault.jpg"", ""width"": 640, ""height"": 480}, ""maxres"": {""url"": ""https://i.ytimg.com/vi/RMwnNKMRHSU/maxresdefault.jpg"", ""width"": 1280, ""height"": 720}}, ""channelTitle"": ""Deepa R Bakes"", ""tags"": [""kunafa chocolate"", ""dubai chocolate"", ""viral dubai chocolate recipe"", ""how to make kunafa chocolate"", ""kunafa chocolate at home"", ""deepar bakes"", ""chocolate recipe"", ""viral chocolate recipe"", ""kids taste test"", ""trending desserts"", ""easy chocolate recipes"", ""homemade kunafa chocolate"", ""tamil baking channel""], ""categoryId"": ""27"", ""liveBroadcastContent"": ""none"", ""defaultLanguage"": ""en-IN"", ""localized"": {""title"": ""Viral Dubai Kunafa Chocolate at Home 🍫 Dubai Chocolate Recipe | deeparbakes"", ""description"": ""The viral Dubai Kunafa Chocolate is finally here! 🍫✨ In this short, I am showing you the professional secrets to making the perfect, crunchy Kunafa Chocolate right at home. It’s so easy, and the kids absolutely LOVED it in our taste test! 👦👧 Have you tried this viral dessert yet?\n\nTo see the complete, step-by-step recipe, click the link in my bio or watch the full video on my channel! Don't forget to like, subscribe, and hit the bell icon for more trending recipes! 🔔\n\n#shorts #kunafachocolate #dubaichocolate #viralrecipe #deeparbakes #chocolatelovers #smallbusinessindia #trendingdessert #homebaking #bakingbusiness""}, ""defaultAudioLanguage"": ""ta""}, ""statistics"": {""viewCount"": ""1120"", ""favoriteCount"": ""0"", ""commentCount"": ""2""}}"
두쫀쿠,preset,두바이 초콜릿,vjII8kFa72s,最新杜拜巧克力造型 御飯糰 🍙🍙📍尷尬司康 金典店📍金典第六市場臺中市西區健行路1049號3樓35櫃📍11:00-20:00（一二休）#台中美食 #台中西區美食 #台中甜點 #台中伴手禮,2026-05-26T10:30:56Z,629,12,1,https://www.youtube.com/watch?v=vjII8kFa72s,youtube,두바이 초콜릿,related,0.3,2026-05-26T11:39:31.823168+00:00,629,12,1,13,黛咪,,"{""kind"": ""youtube#video"", ""etag"": ""YNh551cJurPZBHcJI62SkaZ3mTs"", ""id"": ""vjII8kFa72s"", ""snippet"": {""publishedAt"": ""2026-05-26T10:30:56Z"", ""channelId"": ""UCf2DAW-bCH01scmzk1Kq0WA"", ""title"": ""最新杜拜巧克力造型 御飯糰 🍙🍙📍尷尬司康 金典店📍金典第六市場臺中市西區健行路1049號3樓35櫃📍11:00-20:00（一二休）#台中美食 #台中西區美食 #台中甜點 #台中伴手禮"", ""description"": """", ""thumbnails"": {""default"": {""url"": ""https://i.ytimg.com/vi/vjII8kFa72s/default.jpg"", ""width"": 120, ""height"": 90}, ""medium"": {""url"": ""https://i.ytimg.com/vi/vjII8kFa72s/mqdefault.jpg"", ""width"": 320, ""height"": 180}, ""high"": {""url"": ""https://i.ytimg.com/vi/vjII8kFa72s/hqdefault.jpg"", ""width"": 480, ""height"": 360}, ""standard"": {""url"": ""https://i.ytimg.com/vi/vjII8kFa72s/sddefault.jpg"", ""width"": 640, ""height"": 480}, ""maxres"": {""url"": ""https://i.ytimg.com/vi/vjII8kFa72s/maxresdefault.jpg"", ""width"": 1280, ""height"": 720}}, ""channelTitle"": ""黛咪"", ""categoryId"": ""22"", ""liveBroadcastContent"": ""none"", ""defaultLanguage"": ""zh-Hant"", ""localized"": {""title"": ""最新杜拜巧克力造型 御飯糰 🍙🍙📍尷尬司康 金典店📍金典第六市場臺中市西區健行路1049號3樓35櫃📍11:00-20:00（一二休）#台中美食 #台中西區美食 #台中甜點 #台中伴手禮"", ""description"": """"}, ""defaultAudioLanguage"": ""zh""}, ""statistics"": {""viewCount"": ""629"", ""likeCount"": ""12"", ""favoriteCount"": ""0"", ""commentCount"": ""1""}}"
두쫀쿠,preset,두바이 초콜릿,Xn3DAX_7EQU,123日後に閉店するドバイチョコ屋　#ドバイチョコ #神戸グルメ #ショート  #shorts,2026-05-26T10:26:24Z,4704,36,0,https://www.youtube.com/watch?v=Xn3DAX_7EQU,youtube,두바이 초콜릿,related,0.3,2026-05-26T11:39:31.823168+00:00,4704,36,0,36,159日後に閉店するかもしれないドバイチョコ屋,,"{""kind"": ""youtube#video"", ""etag"": ""RE0hT-QKhzxL077nZNrCj7KymEU"", ""id"": ""Xn3DAX_7EQU"", ""snippet"": {""publishedAt"": ""2026-05-26T10:26:24Z"", ""channelId"": ""UCVuXFLMbFnWpJHYkQ5ZA1wQ"", ""title"": ""123日後に閉店するドバイチョコ屋　#ドバイチョコ #神戸グルメ #ショート  #shorts"", ""description"": """", ""thumbnails"": {""default"": {""url"": ""https://i.ytimg.com/vi/Xn3DAX_7EQU/default.jpg"", ""width"": 120, ""height"": 90}, ""medium"": {""url"": ""https://i.ytimg.com/vi/Xn3DAX_7EQU/mqdefault.jpg"", ""width"": 320, ""height"": 180}, ""high"": {""url"": ""https://i.ytimg.com/vi/Xn3DAX_7EQU/hqdefault.jpg"", ""width"": 480, ""height"": 360}, ""standard"": {""url"": ""https://i.ytimg.com/vi/Xn3DAX_7EQU/sddefault.jpg"", ""width"": 640, ""height"": 480}, ""maxres"": {""url"": ""https://i.ytimg.com/vi/Xn3DAX_7EQU/maxresdefault.jpg"", ""width"": 1280, ""height"": 720}}, ""channelTitle"": ""159日後に閉店するかもしれないドバイチョコ屋"", ""categoryId"": ""22"", ""liveBroadcastContent"": ""none"", ""defaultLanguage"": ""ja"", ""localized"": {""title"": ""123日後に閉店するドバイチョコ屋　#ドバイチョコ #神戸グルメ #ショート  #shorts"", ""description"": """"}, ""defaultAudioLanguage"": ""ja""}, ""statistics"": {""viewCount"": ""4704"", ""likeCount"": ""36"", ""favoriteCount"": ""0"", ""commentCount"": ""0""}}"
두쫀쿠,preset,두바이 초콜릿,4dOOJ8OAwow,こんなの美味しいに決まってる‼️,2026-05-26T10:08:10Z,1415,9,0,https://www.youtube.com/watch?v=4dOOJ8OAwow,youtube,두바이 초콜릿,related,0.3,2026-05-26T11:39:31.823168+00:00,1415,9,0,9,24スイーツショップ,"／

📢 もっちりジュワッと🎶

＼


チョコ・きなこ・抹茶の3種類から
選べるこちらのドバイもっちりクッキー✨

もちもちザクザクをお楽しみください💓

※お取り扱いは店舗によって異なりますので
お近くの店舗SNSをご確認ください
　

＿＿＿＿＿＿＿＿＿＿＿＿＿＿＿＿＿＿＿

꒰ঌ┈┈ 24スイーツショップ公式 ┈┈໒꒱
　　( @24sweetsshop_official_ )
　
可愛くて美味しいスイーツが24h楽しめる
日本初の24hスイーツ専門の無人販売店
フォローして新着スイーツ情報をGET🍰･*

＿＿＿＿＿＿＿＿＿＿＿＿＿＿＿＿＿＿＿

#24スイーツショップ #24sweetsshop
#ドバイもっちりクッキー #ドバイチョコ餅 #ドバイチョコ","{""kind"": ""youtube#video"", ""etag"": ""8c773lrQnhsKx9FWZ5q5qZq7CCU"", ""id"": ""4dOOJ8OAwow"", ""snippet"": {""publishedAt"": ""2026-05-26T10:08:10Z"", ""channelId"": ""UC3bMNJFweMhRc-RaB3ZAZ5Q"", ""title"": ""こんなの美味しいに決まってる‼️"", ""description"": ""／\n\n📢 もっちりジュワッと🎶\n\n＼\n\n\nチョコ・きなこ・抹茶の3種類から\n選べるこちらのドバイもっちりクッキー✨\n\nもちもちザクザクをお楽しみください💓\n\n※お取り扱いは店舗によって異なりますので\nお近くの店舗SNSをご確認ください\n　\n\n＿＿＿＿＿＿＿＿＿＿＿＿＿＿＿＿＿＿＿\n\n꒰ঌ┈┈ 24スイーツショップ公式 ┈┈໒꒱\n　　( @24sweetsshop_official_ )\n　\n可愛くて美味しいスイーツが24h楽しめる\n日本初の24hスイーツ専門の無人販売店\nフォローして新着スイーツ情報をGET🍰･*\n\n＿＿＿＿＿＿＿＿＿＿＿＿＿＿＿＿＿＿＿\n\n#24スイーツショップ #24sweetsshop\n#ドバイもっちりクッキー #ドバイチョコ餅 #ドバイチョコ"", ""thumbnails"": {""default"": {""url"": ""https://i.ytimg.com/vi/4dOOJ8OAwow/default.jpg"", ""width"": 120, ""height"": 90}, ""medium"": {""url"": ""https://i.ytimg.com/vi/4dOOJ8OAwow/mqdefault.jpg"", ""width"": 320, ""height"": 180}, ""high"": {""url"": ""https://i.ytimg.com/vi/4dOOJ8OAwow/hqdefault.jpg"", ""width"": 480, ""height"": 360}, ""standard"": {""url"": ""https://i.ytimg.com/vi/4dOOJ8OAwow/sddefault.jpg"", ""width"": 640, ""height"": 480}, ""maxres"": {""url"": ""https://i.ytimg.com/vi/4dOOJ8OAwow/maxresdefault.jpg"", ""width"": 1280, ""height"": 720}}, ""channelTitle"": ""24スイーツショップ"", ""tags"": [""24"", ""24スイーツ"", ""24ちゃんねる"", ""24チャンネル"", ""スイーツ"", ""和菓子"", ""アイス"", ""ケーキ"", ""大福"", ""丸ちゃん"", ""無人販売"", ""令和の虎"", ""和スイーツ"", ""チョコ""], ""categoryId"": ""22"", ""liveBroadcastContent"": ""none"", ""defaultLanguage"": ""ja"", ""localized"": {""title"": ""こんなの美味しいに決まってる‼️"", ""description"": ""／\n\n📢 もっちりジュワッと🎶\n\n＼\n\n\nチョコ・きなこ・抹茶の3種類から\n選べるこちらのドバイもっちりクッキー✨\n\nもちもちザクザクをお楽しみください💓\n\n※お取り扱いは店舗によって異なりますので\nお近くの店舗SNSをご確認ください\n　\n\n＿＿＿＿＿＿＿＿＿＿＿＿＿＿＿＿＿＿＿\n\n꒰ঌ┈┈ 24スイーツショップ公式 ┈┈໒꒱\n　　( @24sweetsshop_official_ )\n　\n可愛くて美味しいスイーツが24h楽しめる\n日本初の24hスイーツ専門の無人販売店\nフォローして新着スイーツ情報をGET🍰･*\n\n＿＿＿＿＿＿＿＿＿＿＿＿＿＿＿＿＿＿＿\n\n#24スイーツショップ #24sweetsshop\n#ドバイもっちりクッキー #ドバイチョコ餅 #ドバイチョコ""}, ""defaultAudioLanguage"": ""ja""}, ""statistics"": {""viewCount"": ""1415"", ""likeCount"": ""9"", ""favoriteCount"": ""0"", ""commentCount"": ""0""}}"
두쫀쿠,preset,두바이 초콜릿,aKcMEDRVzRU,Dubai Chocolate Turon,2026-05-26T10:00:33Z,949,12,0,https://www.youtube.com/watch?v=aKcMEDRVzRU,youtube,두바이 초콜릿,related,0.3,2026-05-26T11:39:31.823168+00:00,949,12,0,12,Juan Big Bite,,"{""kind"": ""youtube#video"", ""etag"": ""Vp6TeXGUlHznN6rMb-qu0jjhQwM"", ""id"": ""aKcMEDRVzRU"", ""snippet"": {""publishedAt"": ""2026-05-26T10:00:33Z"", ""channelId"": ""UCiJSjNa40Sd3EAAJadsT_-A"", ""title"": ""Dubai Chocolate Turon"", ""description"": """", ""thumbnails"": {""default"": {""url"": ""https://i.ytimg.com/vi/aKcMEDRVzRU/default.jpg"", ""width"": 120, ""height"": 90}, ""medium"": {""url"": ""https://i.ytimg.com/vi/aKcMEDRVzRU/mqdefault.jpg"", ""width"": 320, ""height"": 180}, ""high"": {""url"": ""https://i.ytimg.com/vi/aKcMEDRVzRU/hqdefault.jpg"", ""width"": 480, ""height"": 360}, ""standard"": {""url"": ""https://i.ytimg.com/vi/aKcMEDRVzRU/sddefault.jpg"", ""width"": 640, ""height"": 480}, ""maxres"": {""url"": ""https://i.ytimg.com/vi/aKcMEDRVzRU/maxresdefault.jpg"", ""width"": 1280, ""height"": 720}}, ""channelTitle"": ""Juan Big Bite"", ""categoryId"": ""22"", ""liveBroadcastContent"": ""none"", ""defaultLanguage"": ""en"", ""localized"": {""title"": ""Dubai Chocolate Turon"", ""description"": """"}, ""defaultAudioLanguage"": ""ko""}, ""statistics"": {""viewCount"": ""949"", ""likeCount"": ""12"", ""favoriteCount"": ""0"", ""commentCount"": ""0""}}"
두쫀쿠,preset,두바이 초콜릿,aCsHUtuqYVA,한국에서 유행중인 두바이와플 (Trending Dubai Waffle in Korea),2026-05-26T09:50:59Z,584,1,0,https://www.youtube.com/watch?v=aCsHUtuqYVA,youtube,두바이 초콜릿,related,0.3,2026-05-26T11:39:31.823168+00:00,584,1,0,1,리프푸드,"명동에 있는 두바이와플에 다녀왔습니다. 카다이프를 넣은 피스타치오에 크림 초코를 얹어서 와플을 만들어줍니다.
달달하며 겉바속촉의 느낌이라 좋았습니다.

Tried the viral Dubai Waffle in Myeongdong, Seoul! 🍫🧇 They make this amazing waffle topped with crispy Kataifi, pistachio, cream, and rich chocolate. It's perfectly sweet, crunchy on the outside, and soft on the inside. Absolutely loved it!

[두바이 와플 / Dubai Waffle]

💰 가격 (Price) : 10,000원 (10,000 KRW / approx. $7.50)
📍 주소 (Location) : 명동역 근처 (Near Myeongdong Station) ⏰ 영업시간 (Hours) :

평일 (Weekdays) 16:00 - 23:00

주말 (Weekends) 14:00 - 23:00 ※ 재료 소진 시 조기 마감 (May close early when ingredients run out)

#Dubai Waffle #MyeongdongFood #StreetFood #dubaichocolate #kstreetfood #Koreanfood #myeongdong #seoul #asmr #waffles #shorts","{""kind"": ""youtube#video"", ""etag"": ""78hhhIYVifmfvgFtG_6xjhCCqak"", ""id"": ""aCsHUtuqYVA"", ""snippet"": {""publishedAt"": ""2026-05-26T09:50:59Z"", ""channelId"": ""UCCPk4VcEkTbQFzS9Fo__KqA"", ""title"": ""한국에서 유행중인 두바이와플 (Trending Dubai Waffle in Korea)"", ""description"": ""명동에 있는 두바이와플에 다녀왔습니다. 카다이프를 넣은 피스타치오에 크림 초코를 얹어서 와플을 만들어줍니다.\n달달하며 겉바속촉의 느낌이라 좋았습니다.\n\nTried the viral Dubai Waffle in Myeongdong, Seoul! 🍫🧇 They make this amazing waffle topped with crispy Kataifi, pistachio, cream, and rich chocolate. It's perfectly sweet, crunchy on the outside, and soft on the inside. Absolutely loved it!\n\n[두바이 와플 / Dubai Waffle]\n\n💰 가격 (Price) : 10,000원 (10,000 KRW / approx. $7.50)\n📍 주소 (Location) : 명동역 근처 (Near Myeongdong Station) ⏰ 영업시간 (Hours) :\n\n평일 (Weekdays) 16:00 - 23:00\n\n주말 (Weekends) 14:00 - 23:00 ※ 재료 소진 시 조기 마감 (May close early when ingredients run out)\n\n#Dubai Waffle #MyeongdongFood #StreetFood #dubaichocolate #kstreetfood #Koreanfood #myeongdong #seoul #asmr #waffles #shorts"", ""thumbnails"": {""default"": {""url"": ""https://i.ytimg.com/vi/aCsHUtuqYVA/default.jpg"", ""width"": 120, ""height"": 90}, ""medium"": {""url"": ""https://i.ytimg.com/vi/aCsHUtuqYVA/mqdefault.jpg"", ""width"": 320, ""height"": 180}, ""high"": {""url"": ""https://i.ytimg.com/vi/aCsHUtuqYVA/hqdefault.jpg"", ""width"": 480, ""height"": 360}, ""standard"": {""url"": ""https://i.ytimg.com/vi/aCsHUtuqYVA/sddefault.jpg"", ""width"": 640, ""height"": 480}, ""maxres"": {""url"": ""https://i.ytimg.com/vi/aCsHUtuqYVA/maxresdefault.jpg"", ""width"": 1280, ""height"": 720}}, ""channelTitle"": ""리프푸드"", ""categoryId"": ""22"", ""liveBroadcastContent"": ""none"", ""defaultLanguage"": ""ko"", ""localized"": {""title"": ""한국에서 유행중인 두바이와플 (Trending Dubai Waffle in Korea)"", ""description"": ""명동에 있는 두바이와플에 다녀왔습니다. 카다이프를 넣은 피스타치오에 크림 초코를 얹어서 와플을 만들어줍니다.\n달달하며 겉바속촉의 느낌이라 좋았습니다.\n\nTried the viral Dubai Waffle in Myeongdong, Seoul! 🍫🧇 They make this amazing waffle topped with crispy Kataifi, pistachio, cream, and rich chocolate. It's perfectly sweet, crunchy on the outside, and soft on the inside. Absolutely loved it!\n\n[두바이 와플 / Dubai Waffle]\n\n💰 가격 (Price) : 10,000원 (10,000 KRW / approx. $7.50)\n📍 주소 (Location) : 명동역 근처 (Near Myeongdong Station) ⏰ 영업시간 (Hours) :\n\n평일 (Weekdays) 16:00 - 23:00\n\n주말 (Weekends) 14:00 - 23:00 ※ 재료 소진 시 조기 마감 (May close early when ingredients run out)\n\n#Dubai Waffle #MyeongdongFood #StreetFood #dubaichocolate #kstreetfood #Koreanfood #myeongdong #seoul #asmr #waffles #shorts""}, ""defaultAudioLanguage"": ""ko""}, ""statistics"": {""viewCount"": ""584"", ""likeCount"": ""1"", ""favoriteCount"": ""0"", ""commentCount"": ""0""}}"
두쫀쿠,preset,두바이 초콜릿,zDE_gwsIsCk,Oompa Loompa’s are BACK 🔥😍 #dubaichocolatespread #pistachiokunafaspread #tiktokmademebuylt,2026-05-26T09:41:11Z,196,0,0,https://www.youtube.com/watch?v=zDE_gwsIsCk,youtube,두바이 초콜릿,related,0.3,2026-05-26T11:39:31.823168+00:00,196,0,0,0,Chamoy,Oompa Loompa’s are BACK 🔥😍 #dubaichocolatespread #pistachiokunafaspread #tiktokmademebuylt,"{""kind"": ""youtube#video"", ""etag"": ""CxdkOGbg7oHkk7YYjFzXlO062Hw"", ""id"": ""zDE_gwsIsCk"", ""snippet"": {""publishedAt"": ""2026-05-26T09:41:11Z"", ""channelId"": ""UCPFiSJ5qoNDSQdBeedF6xgA"", ""title"": ""Oompa Loompa’s are BACK 🔥😍 #dubaichocolatespread #pistachiokunafaspread #tiktokmademebuylt"", ""description"": ""Oompa Loompa’s are BACK 🔥😍 #dubaichocolatespread #pistachiokunafaspread #tiktokmademebuylt"", ""thumbnails"": {""default"": {""url"": ""https://i.ytimg.com/vi/zDE_gwsIsCk/default.jpg"", ""width"": 120, ""height"": 90}, ""medium"": {""url"": ""https://i.ytimg.com/vi/zDE_gwsIsCk/mqdefault.jpg"", ""width"": 320, ""height"": 180}, ""high"": {""url"": ""https://i.ytimg.com/vi/zDE_gwsIsCk/hqdefault.jpg"", ""width"": 480, ""height"": 360}, ""standard"": {""url"": ""https://i.ytimg.com/vi/zDE_gwsIsCk/sddefault.jpg"", ""width"": 640, ""height"": 480}, ""maxres"": {""url"": ""https://i.ytimg.com/vi/zDE_gwsIsCk/maxresdefault.jpg"", ""width"": 1280, ""height"": 720}}, ""channelTitle"": ""Chamoy"", ""categoryId"": ""22"", ""liveBroadcastContent"": ""none"", ""defaultLanguage"": ""en"", ""localized"": {""title"": ""Oompa Loompa’s are BACK 🔥😍 #dubaichocolatespread #pistachiokunafaspread #tiktokmademebuylt"", ""description"": ""Oompa Loompa’s are BACK 🔥😍 #dubaichocolatespread #pistachiokunafaspread #tiktokmademebuylt""}, ""defaultAudioLanguage"": ""en""}, ""statistics"": {""viewCount"": ""196"", ""likeCount"": ""0"", ""favoriteCount"": ""0"", ""commentCount"": ""0""}}"
두쫀쿠,preset,두바이 초콜릿,JKaEiaPmyLQ,Dubai Chocolate Flavor Cake?! I Had To Try It 👀,2026-05-26T09:30:33Z,14,1,0,https://www.youtube.com/watch?v=JKaEiaPmyLQ,youtube,두바이 초콜릿,related,0.3,2026-05-26T11:39:31.823168+00:00,14,1,0,1,Australia Snaps,"Walking home and suddenly saw the cake shop 👀🍰
Couldn’t resist the craving and grabbed the Dubai Chocolate flavor cake in a can from the cheesecake shop 😍🍫

Honestly… the taste was SO GOOD 🤯
Soft, creamy, rich chocolate vibes and perfect dessert mood after a long day ✨

Would you try this? 👇

Prabin
YouTube: - https://youtube.com/@prabin_yadav_sp?si=xgyMsm3NThY31qmD

Tiktok: - https://www.tiktok.com/@robinrazzkumar?_r=1&_t=ZS-95ewIwtCB6N

Facebook: - https://www.facebook.com/share/17jWfDBmY2/?mibextid=wwXIfr

Instagram: - https://www.instagram.com/robin_razz_kumar?igsh=MWs3bDd6Z2ozNHFldA%3D%3D&utm_source=qr



Shambhavi:
YouTube: - https://youtube.com/@the_savi_diaries?si=WvRg9gDT3tX8iQAm

Tiktok: -https://www.tiktok.com/@__isavi___?_r=1&_t=ZS-95ewbsKx4Gl

Instagram: -https://www.instagram.com/theshambhavikapoor?igsh=MTM3MDdpMDd2N2Y%3D&utm_source=qr



#shorts #dessertlover #cake #dubaichocolate #cheesecake #foodshorts #viralshorts 

Dubai chocolate cake
cake in a can
Dubai chocolate dessert
cheesecake shop
dessert shorts
viral food shorts
chocolate cake review
best cake flavour
dessert cravings
sweet tooth
food vlog shorts
Melbourne food shorts
cake lover
dessert review
viral dessert
chocolate lovers
trending food shorts
YouTube shorts food
cake craving
dessert aesthetic

#shorts
#youtubeshorts
#viralshorts
#foodshorts
#dessert
#cake
#dubaichocolate
#cheesecake
#chocolatecake
#cakelover
#dessertlover
#foodie
#sweettooth
#viralfood
#trending
#melbournefood
#foodvlog
#snacktime
#foodreels
#chocolatelover","{""kind"": ""youtube#video"", ""etag"": ""X5qNMQ0mLK6itdfedouJwu2fGc4"", ""id"": ""JKaEiaPmyLQ"", ""snippet"": {""publishedAt"": ""2026-05-26T09:30:33Z"", ""channelId"": ""UCbu8acWRk_wxCUvAGCc_wcQ"", ""title"": ""Dubai Chocolate Flavor Cake?! I Had To Try It 👀"", ""description"": ""Walking home and suddenly saw the cake shop 👀🍰\nCouldn’t resist the craving and grabbed the Dubai Chocolate flavor cake in a can from the cheesecake shop 😍🍫\n\nHonestly… the taste was SO GOOD 🤯\nSoft, creamy, rich chocolate vibes and perfect dessert mood after a long day ✨\n\nWould you try this? 👇\n\nPrabin\nYouTube: - https://youtube.com/@prabin_yadav_sp?si=xgyMsm3NThY31qmD\n\nTiktok: - https://www.tiktok.com/@robinrazzkumar?_r=1&_t=ZS-95ewIwtCB6N\n\nFacebook: - https://www.facebook.com/share/17jWfDBmY2/?mibextid=wwXIfr\n\nInstagram: - https://www.instagram.com/robin_razz_kumar?igsh=MWs3bDd6Z2ozNHFldA%3D%3D&utm_source=qr\n\n\n\nShambhavi:\nYouTube: - https://youtube.com/@the_savi_diaries?si=WvRg9gDT3tX8iQAm\n\nTiktok: -https://www.tiktok.com/@__isavi___?_r=1&_t=ZS-95ewbsKx4Gl\n\nInstagram: -https://www.instagram.com/theshambhavikapoor?igsh=MTM3MDdpMDd2N2Y%3D&utm_source=qr\n\n\n\n#shorts #dessertlover #cake #dubaichocolate #cheesecake #foodshorts #viralshorts \n\nDubai chocolate cake\ncake in a can\nDubai chocolate dessert\ncheesecake shop\ndessert shorts\nviral food shorts\nchocolate cake review\nbest cake flavour\ndessert cravings\nsweet tooth\nfood vlog shorts\nMelbourne food shorts\ncake lover\ndessert review\nviral dessert\nchocolate lovers\ntrending food shorts\nYouTube shorts food\ncake craving\ndessert aesthetic\n\n#shorts\n#youtubeshorts\n#viralshorts\n#foodshorts\n#dessert\n#cake\n#dubaichocolate\n#cheesecake\n#chocolatecake\n#cakelover\n#dessertlover\n#foodie\n#sweettooth\n#viralfood\n#trending\n#melbournefood\n#foodvlog\n#snacktime\n#foodreels\n#chocolatelover"", ""thumbnails"": {""default"": {""url"": ""https://i.ytimg.com/vi/JKaEiaPmyLQ/default.jpg"", ""width"": 120, ""height"": 90}, ""medium"": {""url"": ""https://i.ytimg.com/vi/JKaEiaPmyLQ/mqdefault.jpg"", ""width"": 320, ""height"": 180}, ""high"": {""url"": ""https://i.ytimg.com/vi/JKaEiaPmyLQ/hqdefault.jpg"", ""width"": 480, ""height"": 360}, ""standard"": {""url"": ""https://i.ytimg.com/vi/JKaEiaPmyLQ/sddefault.jpg"", ""width"": 640, ""height"": 480}, ""maxres"": {""url"": ""https://i.ytimg.com/vi/JKaEiaPmyLQ/maxresdefault.jpg"", ""width"": 1280, ""height"": 720}}, ""channelTitle"": ""Australia Snaps"", ""categoryId"": ""22"", ""liveBroadcastContent"": ""none"", ""defaultLanguage"": ""en"", ""localized"": {""title"": ""Dubai Chocolate Flavor Cake?! I Had To Try It 👀"", ""description"": ""Walking home and suddenly saw the cake shop 👀🍰\nCouldn’t resist the craving and grabbed the Dubai Chocolate flavor cake in a can from the cheesecake shop 😍🍫\n\nHonestly… the taste was SO GOOD 🤯\nSoft, creamy, rich chocolate vibes and perfect dessert mood after a long day ✨\n\nWould you try this? 👇\n\nPrabin\nYouTube: - https://youtube.com/@prabin_yadav_sp?si=xgyMsm3NThY31qmD\n\nTiktok: - https://www.tiktok.com/@robinrazzkumar?_r=1&_t=ZS-95ewIwtCB6N\n\nFacebook: - https://www.facebook.com/share/17jWfDBmY2/?mibextid=wwXIfr\n\nInstagram: - https://www.instagram.com/robin_razz_kumar?igsh=MWs3bDd6Z2ozNHFldA%3D%3D&utm_source=qr\n\n\n\nShambhavi:\nYouTube: - https://youtube.com/@the_savi_diaries?si=WvRg9gDT3tX8iQAm\n\nTiktok: -https://www.tiktok.com/@__isavi___?_r=1&_t=ZS-95ewbsKx4Gl\n\nInstagram: -https://www.instagram.com/theshambhavikapoor?igsh=MTM3MDdpMDd2N2Y%3D&utm_source=qr\n\n\n\n#shorts #dessertlover #cake #dubaichocolate #cheesecake #foodshorts #viralshorts \n\nDubai chocolate cake\ncake in a can\nDubai chocolate dessert\ncheesecake shop\ndessert shorts\nviral food shorts\nchocolate cake review\nbest cake flavour\ndessert cravings\nsweet tooth\nfood vlog shorts\nMelbourne food shorts\ncake lover\ndessert review\nviral dessert\nchocolate lovers\ntrending food shorts\nYouTube shorts food\ncake craving\ndessert aesthetic\n\n#shorts\n#youtubeshorts\n#viralshorts\n#foodshorts\n#dessert\n#cake\n#dubaichocolate\n#cheesecake\n#chocolatecake\n#cakelover\n#dessertlover\n#foodie\n#sweettooth\n#viralfood\n#trending\n#melbournefood\n#foodvlog\n#snacktime\n#foodreels\n#chocolatelover""}, ""defaultAudioLanguage"": ""en""}, ""statistics"": {""viewCount"": ""14"", ""likeCount"": ""1"", ""favoriteCount"": ""0"", ""commentCount"": ""0""}}"
두쫀쿠,preset,두바이 초콜릿,YmCpzFS0iXc,Viral Dubai kunufa chocolate 🍫 lKunufa chocolate Recipe #dubaikunafa #dubaichocolate #chocolate,2026-05-26T09:29:15Z,423,4,0,https://www.youtube.com/watch?v=YmCpzFS0iXc,youtube,두바이 초콜릿,related,0.3,2026-05-26T11:39:31.823168+00:00,423,4,0,4,sasikala,"Description:
The “Dubai viral chocolate” is a distinctive confection that gained widespread popularity in 2024, primarily through social media platforms. Created by Fix Dessert Chocolatier in Dubai, this chocolate bar is renowned for its unique combination of flavors and textures.

Composition:
 • Chocolate Shell: A smooth milk chocolate exterior encases the filling.
 • Filling: The interior features a rich blend of pistachio cream, tahini, and finely chopped kadayif (also known as knafeh), which are thin, crispy pastry strands. This combination offers a harmonious mix of sweetness, nuttiness, and a satisfying crunch.

The concept was developed by Sarah Hamouda, a British-Egyptian entrepreneur who founded Fix Dessert Chocolatier in Dubai in 2021. Inspired by her Middle Eastern heritage and a desire to create innovative confections, she crafted this chocolate bar to offer a novel sensory experience.  

Initially, the chocolate bar was exclusively available in Dubai, often selling out within minutes on delivery platforms like Deliveroo. Recognizing its global appeal, efforts have been made to expand distribution internationally, including plans to introduce the product to markets such as Australia. 

Finally, the Dubai viral chocolate stands out for its innovative fusion of traditional Middle Eastern ingredients with classic chocolate craftsmanship, resulting in a confection that has captivated taste buds worldwide.

 Viral Dubai Chocolate Recipe👌 Kunafa Chocolate Recipe | How To Make Kunafa Chocolate At Home | Trending Chocolate Recipe | Viral Chocolate Recipe | Chocolate Recipe | Valentinesday Special Recipe | Dubai Chocolate Recipe In Telugu | Chocolate Bar | Exotic Chocolate Recipes","{""kind"": ""youtube#video"", ""etag"": ""9_jPRmByMHeEkpJ7CulRhtHnit4"", ""id"": ""YmCpzFS0iXc"", ""snippet"": {""publishedAt"": ""2026-05-26T09:29:15Z"", ""channelId"": ""UCzzXP3FLlG8Ow4p7s21dVrA"", ""title"": ""Viral Dubai kunufa chocolate 🍫 lKunufa chocolate Recipe #dubaikunafa #dubaichocolate #chocolate"", ""description"": ""Description:\nThe “Dubai viral chocolate” is a distinctive confection that gained widespread popularity in 2024, primarily through social media platforms. Created by Fix Dessert Chocolatier in Dubai, this chocolate bar is renowned for its unique combination of flavors and textures.\n\nComposition:\n • Chocolate Shell: A smooth milk chocolate exterior encases the filling.\n • Filling: The interior features a rich blend of pistachio cream, tahini, and finely chopped kadayif (also known as knafeh), which are thin, crispy pastry strands. This combination offers a harmonious mix of sweetness, nuttiness, and a satisfying crunch.\n\nThe concept was developed by Sarah Hamouda, a British-Egyptian entrepreneur who founded Fix Dessert Chocolatier in Dubai in 2021. Inspired by her Middle Eastern heritage and a desire to create innovative confections, she crafted this chocolate bar to offer a novel sensory experience.  \n\nInitially, the chocolate bar was exclusively available in Dubai, often selling out within minutes on delivery platforms like Deliveroo. Recognizing its global appeal, efforts have been made to expand distribution internationally, including plans to introduce the product to markets such as Australia. \n\nFinally, the Dubai viral chocolate stands out for its innovative fusion of traditional Middle Eastern ingredients with classic chocolate craftsmanship, resulting in a confection that has captivated taste buds worldwide.\n\n Viral Dubai Chocolate Recipe👌 Kunafa Chocolate Recipe | How To Make Kunafa Chocolate At Home | Trending Chocolate Recipe | Viral Chocolate Recipe | Chocolate Recipe | Valentinesday Special Recipe | Dubai Chocolate Recipe In Telugu | Chocolate Bar | Exotic Chocolate Recipes"", ""thumbnails"": {""default"": {""url"": ""https://i.ytimg.com/vi/YmCpzFS0iXc/default.jpg"", ""width"": 120, ""height"": 90}, ""medium"": {""url"": ""https://i.ytimg.com/vi/YmCpzFS0iXc/mqdefault.jpg"", ""width"": 320, ""height"": 180}, ""high"": {""url"": ""https://i.ytimg.com/vi/YmCpzFS0iXc/hqdefault.jpg"", ""width"": 480, ""height"": 360}, ""standard"": {""url"": ""https://i.ytimg.com/vi/YmCpzFS0iXc/sddefault.jpg"", ""width"": 640, ""height"": 480}, ""maxres"": {""url"": ""https://i.ytimg.com/vi/YmCpzFS0iXc/maxresdefault.jpg"", ""width"": 1280, ""height"": 720}}, ""channelTitle"": ""sasikala"", ""categoryId"": ""22"", ""liveBroadcastContent"": ""none"", ""defaultLanguage"": ""en"", ""localized"": {""title"": ""Viral Dubai kunufa chocolate 🍫 lKunufa chocolate Recipe #dubaikunafa #dubaichocolate #chocolate"", ""description"": ""Description:\nThe “Dubai viral chocolate” is a distinctive confection that gained widespread popularity in 2024, primarily through social media platforms. Created by Fix Dessert Chocolatier in Dubai, this chocolate bar is renowned for its unique combination of flavors and textures.\n\nComposition:\n • Chocolate Shell: A smooth milk chocolate exterior encases the filling.\n • Filling: The interior features a rich blend of pistachio cream, tahini, and finely chopped kadayif (also known as knafeh), which are thin, crispy pastry strands. This combination offers a harmonious mix of sweetness, nuttiness, and a satisfying crunch.\n\nThe concept was developed by Sarah Hamouda, a British-Egyptian entrepreneur who founded Fix Dessert Chocolatier in Dubai in 2021. Inspired by her Middle Eastern heritage and a desire to create innovative confections, she crafted this chocolate bar to offer a novel sensory experience.  \n\nInitially, the chocolate bar was exclusively available in Dubai, often selling out within minutes on delivery platforms like Deliveroo. Recognizing its global appeal, efforts have been made to expand distribution internationally, including plans to introduce the product to markets such as Australia. \n\nFinally, the Dubai viral chocolate stands out for its innovative fusion of traditional Middle Eastern ingredients with classic chocolate craftsmanship, resulting in a confection that has captivated taste buds worldwide.\n\n Viral Dubai Chocolate Recipe👌 Kunafa Chocolate Recipe | How To Make Kunafa Chocolate At Home | Trending Chocolate Recipe | Viral Chocolate Recipe | Chocolate Recipe | Valentinesday Special Recipe | Dubai Chocolate Recipe In Telugu | Chocolate Bar | Exotic Chocolate Recipes""}, ""defaultAudioLanguage"": ""pt-PT""}, ""statistics"": {""viewCount"": ""423"", ""likeCount"": ""4"", ""favoriteCount"": ""0"", ""commentCount"": ""0""}}"
두쫀쿠,preset,두바이 초콜릿,97HbC8SvdcQ,ピスタチオたっぷりドバイチョコワッフル,2026-05-26T09:23:20Z,96,1,0,https://www.youtube.com/watch?v=97HbC8SvdcQ,youtube,두바이 초콜릿,related,0.3,2026-05-26T11:39:31.823168+00:00,96,1,0,1,フードレンズ,"甘い香りに誘われて、1,100円で注文したドバイチョコワッフルです。

ここはサクサクのワッフルの中に、カダイフを混ぜたピスタチオクリームをたっぷり入れてくれるんですけど、意外とすごくよく合っていて、本当に美味しかったです♡

📍 場所 (Location): ドバイワッフル (두바이 와플) 📍 住所 (Address): 明洞(ミョンドン)駅の近く
 (명동역 근처) 
💰 価格 (Price): ドバイチョコワッフル 1,100円

#ソウル旅行 #明洞グルメ #韓国グルメ #ドバイワッフル #ドバイチョコレート #韓国スイーツ","{""kind"": ""youtube#video"", ""etag"": ""_DMdLEZV85twk1Jan54JFOmfQyg"", ""id"": ""97HbC8SvdcQ"", ""snippet"": {""publishedAt"": ""2026-05-26T09:23:20Z"", ""channelId"": ""UC8EG-1ajnOEQQr9fAPcRgRw"", ""title"": ""ピスタチオたっぷりドバイチョコワッフル"", ""description"": ""甘い香りに誘われて、1,100円で注文したドバイチョコワッフルです。\n\nここはサクサクのワッフルの中に、カダイフを混ぜたピスタチオクリームをたっぷり入れてくれるんですけど、意外とすごくよく合っていて、本当に美味しかったです♡\n\n📍 場所 (Location): ドバイワッフル (두바이 와플) 📍 住所 (Address): 明洞(ミョンドン)駅の近く\n (명동역 근처) \n💰 価格 (Price): ドバイチョコワッフル 1,100円\n\n#ソウル旅行 #明洞グルメ #韓国グルメ #ドバイワッフル #ドバイチョコレート #韓国スイーツ"", ""thumbnails"": {""default"": {""url"": ""https://i.ytimg.com/vi/97HbC8SvdcQ/default.jpg"", ""width"": 120, ""height"": 90}, ""medium"": {""url"": ""https://i.ytimg.com/vi/97HbC8SvdcQ/mqdefault.jpg"", ""width"": 320, ""height"": 180}, ""high"": {""url"": ""https://i.ytimg.com/vi/97HbC8SvdcQ/hqdefault.jpg"", ""width"": 480, ""height"": 360}, ""standard"": {""url"": ""https://i.ytimg.com/vi/97HbC8SvdcQ/sddefault.jpg"", ""width"": 640, ""height"": 480}, ""maxres"": {""url"": ""https://i.ytimg.com/vi/97HbC8SvdcQ/maxresdefault.jpg"", ""width"": 1280, ""height"": 720}}, ""channelTitle"": ""フードレンズ"", ""categoryId"": ""22"", ""liveBroadcastContent"": ""none"", ""defaultLanguage"": ""ja"", ""localized"": {""title"": ""ピスタチオたっぷりドバイチョコワッフル"", ""description"": ""甘い香りに誘われて、1,100円で注文したドバイチョコワッフルです。\n\nここはサクサクのワッフルの中に、カダイフを混ぜたピスタチオクリームをたっぷり入れてくれるんですけど、意外とすごくよく合っていて、本当に美味しかったです♡\n\n📍 場所 (Location): ドバイワッフル (두바이 와플) 📍 住所 (Address): 明洞(ミョンドン)駅の近く\n (명동역 근처) \n💰 価格 (Price): ドバイチョコワッフル 1,100円\n\n#ソウル旅行 #明洞グルメ #韓国グルメ #ドバイワッフル #ドバイチョコレート #韓国スイーツ""}, ""defaultAudioLanguage"": ""ja""}, ""statistics"": {""viewCount"": ""96"", ""likeCount"": ""1"", ""favoriteCount"": ""0"", ""commentCount"": ""0""}}"
두쫀쿠,preset,두바이 초콜릿,jJDoXrCvSW8,Dubai Chocolate Bar with Pistachio Filling 💚 #Shorts,2026-05-26T07:53:01Z,1131,4,2,https://www.youtube.com/watch?v=jJDoXrCvSW8,youtube,두바이 초콜릿,related,0.3,2026-05-26T11:39:31.823168+00:00,1131,4,2,6,Eat Explore Review,"Dubai Chocolate Bar with Pistachio Filling 💚 #Shorts

Unboxing a delicious Dubai Kunafa chocolate bar filled with creamy pistachio goodness! 🍫💚 The crispy kunafa texture and rich chocolate make this viral treat a must-try. Have you tried Dubai chocolate yet?

Dubai chocolate, kunafa chocolate, pistachio chocolate, Dubai kunafa chocolate, viral Dubai chocolate, chocolate unboxing, pistachio filling, chocolate review, viral chocolate, Dubai sweets, kunafa dessert, food shorts, dessert lover, chocolate lover, YouTube shorts


#DubaiChocolate
 #KunafaChocolate
 #PistachioChocolate 
#ViralChocolate 
#ChocolateLover 
#DessertLover
 #Foodie
 #ChocolateReview 
#DubaiSweets
 #SweetTooth 
#FoodShorts 
#Unboxing 
#Trending
 #Reels 
#Shorts","{""kind"": ""youtube#video"", ""etag"": ""AQQ1iGQiLf7nBH7vONG0kmfG2VM"", ""id"": ""jJDoXrCvSW8"", ""snippet"": {""publishedAt"": ""2026-05-26T07:53:01Z"", ""channelId"": ""UCbz9c5JD7J3KErhr03OCMJw"", ""title"": ""Dubai Chocolate Bar with Pistachio Filling 💚 #Shorts"", ""description"": ""Dubai Chocolate Bar with Pistachio Filling 💚 #Shorts\n\nUnboxing a delicious Dubai Kunafa chocolate bar filled with creamy pistachio goodness! 🍫💚 The crispy kunafa texture and rich chocolate make this viral treat a must-try. Have you tried Dubai chocolate yet?\n\nDubai chocolate, kunafa chocolate, pistachio chocolate, Dubai kunafa chocolate, viral Dubai chocolate, chocolate unboxing, pistachio filling, chocolate review, viral chocolate, Dubai sweets, kunafa dessert, food shorts, dessert lover, chocolate lover, YouTube shorts\n\n\n#DubaiChocolate\n #KunafaChocolate\n #PistachioChocolate \n#ViralChocolate \n#ChocolateLover \n#DessertLover\n #Foodie\n #ChocolateReview \n#DubaiSweets\n #SweetTooth \n#FoodShorts \n#Unboxing \n#Trending\n #Reels \n#Shorts"", ""thumbnails"": {""default"": {""url"": ""https://i.ytimg.com/vi/jJDoXrCvSW8/default.jpg"", ""width"": 120, ""height"": 90}, ""medium"": {""url"": ""https://i.ytimg.com/vi/jJDoXrCvSW8/mqdefault.jpg"", ""width"": 320, ""height"": 180}, ""high"": {""url"": ""https://i.ytimg.com/vi/jJDoXrCvSW8/hqdefault.jpg"", ""width"": 480, ""height"": 360}, ""standard"": {""url"": ""https://i.ytimg.com/vi/jJDoXrCvSW8/sddefault.jpg"", ""width"": 640, ""height"": 480}, ""maxres"": {""url"": ""https://i.ytimg.com/vi/jJDoXrCvSW8/maxresdefault.jpg"", ""width"": 1280, ""height"": 720}}, ""channelTitle"": ""Eat Explore Review"", ""tags"": [""Dubai chocolate"", ""kunafa chocolate"", ""pistachio chocolate"", ""Dubai kunafa chocolate"", ""viral Dubai chocolate"", ""chocolate unboxing"", ""pistachio filling"", ""chocolate review"", ""viral chocolate"", ""Dubai sweets"", ""kunafa dessert"", ""food shorts"", ""dessert lover"", ""chocolate lover"", ""YouTube shorts""], ""categoryId"": ""22"", ""liveBroadcastContent"": ""none"", ""defaultLanguage"": ""en"", ""localized"": {""title"": ""Dubai Chocolate Bar with Pistachio Filling 💚 #Shorts"", ""description"": ""Dubai Chocolate Bar with Pistachio Filling 💚 #Shorts\n\nUnboxing a delicious Dubai Kunafa chocolate bar filled with creamy pistachio goodness! 🍫💚 The crispy kunafa texture and rich chocolate make this viral treat a must-try. Have you tried Dubai chocolate yet?\n\nDubai chocolate, kunafa chocolate, pistachio chocolate, Dubai kunafa chocolate, viral Dubai chocolate, chocolate unboxing, pistachio filling, chocolate review, viral chocolate, Dubai sweets, kunafa dessert, food shorts, dessert lover, chocolate lover, YouTube shorts\n\n\n#DubaiChocolate\n #KunafaChocolate\n #PistachioChocolate \n#ViralChocolate \n#ChocolateLover \n#DessertLover\n #Foodie\n #ChocolateReview \n#DubaiSweets\n #SweetTooth \n#FoodShorts \n#Unboxing \n#Trending\n #Reels \n#Shorts""}, ""defaultAudioLanguage"": ""hi""}, ""statistics"": {""viewCount"": ""1131"", ""likeCount"": ""4"", ""favoriteCount"": ""0"", ""commentCount"": ""2""}}"
두쫀쿠,preset,두바이 초콜릿,qT8pqebxcwk,DUBAI CHOCOLATE DOUGHNUT,2026-05-26T07:30:30Z,676,5,0,https://www.youtube.com/watch?v=qT8pqebxcwk,youtube,두바이 초콜릿,related,0.3,2026-05-26T11:39:31.823168+00:00,676,5,0,5,THE RICHARDSONS REVIEW,"DUBAI DOUGHNUT!!! This is Lidl's latest introduction to their bakery menu. Released this week! if you love the Dubai chocolate phenomenon then this one could be for you! We love the Lidl bakery, but can this one compete with the speculous donut? Nothing comes close but this one is priced the same so is one of their more premium cakes/pastries. Let's see if this pistachio and chocolate combo hits the spot! #LidlBakery #DubaiChocolate #Doughnuts #FoodReview #TasteTest","{""kind"": ""youtube#video"", ""etag"": ""uGhKPdJKdw_rmn5TUBxbdnq6R8c"", ""id"": ""qT8pqebxcwk"", ""snippet"": {""publishedAt"": ""2026-05-26T07:30:30Z"", ""channelId"": ""UC_59ta0FllLr2tjtleizEaw"", ""title"": ""DUBAI CHOCOLATE DOUGHNUT"", ""description"": ""DUBAI DOUGHNUT!!! This is Lidl's latest introduction to their bakery menu. Released this week! if you love the Dubai chocolate phenomenon then this one could be for you! We love the Lidl bakery, but can this one compete with the speculous donut? Nothing comes close but this one is priced the same so is one of their more premium cakes/pastries. Let's see if this pistachio and chocolate combo hits the spot! #LidlBakery #DubaiChocolate #Doughnuts #FoodReview #TasteTest"", ""thumbnails"": {""default"": {""url"": ""https://i.ytimg.com/vi/qT8pqebxcwk/default.jpg"", ""width"": 120, ""height"": 90}, ""medium"": {""url"": ""https://i.ytimg.com/vi/qT8pqebxcwk/mqdefault.jpg"", ""width"": 320, ""height"": 180}, ""high"": {""url"": ""https://i.ytimg.com/vi/qT8pqebxcwk/hqdefault.jpg"", ""width"": 480, ""height"": 360}, ""standard"": {""url"": ""https://i.ytimg.com/vi/qT8pqebxcwk/sddefault.jpg"", ""width"": 640, ""height"": 480}, ""maxres"": {""url"": ""https://i.ytimg.com/vi/qT8pqebxcwk/maxresdefault.jpg"", ""width"": 1280, ""height"": 720}}, ""channelTitle"": ""THE RICHARDSONS REVIEW"", ""tags"": [""Dubai chocolate"", ""doughnut"", ""donut"", ""food review"", ""taste test"", ""hungry"", ""snacks"", ""chocolate"", ""donuts"", ""lidl bakery"", ""lidl"", ""brand new"", ""new release"", ""mukbang""], ""categoryId"": ""24"", ""liveBroadcastContent"": ""none"", ""defaultLanguage"": ""en"", ""localized"": {""title"": ""DUBAI CHOCOLATE DOUGHNUT"", ""description"": ""DUBAI DOUGHNUT!!! This is Lidl's latest introduction to their bakery menu. Released this week! if you love the Dubai chocolate phenomenon then this one could be for you! We love the Lidl bakery, but can this one compete with the speculous donut? Nothing comes close but this one is priced the same so is one of their more premium cakes/pastries. Let's see if this pistachio and chocolate combo hits the spot! #LidlBakery #DubaiChocolate #Doughnuts #FoodReview #TasteTest""}, ""defaultAudioLanguage"": ""en""}, ""statistics"": {""viewCount"": ""676"", ""likeCount"": ""5"", ""favoriteCount"": ""0"", ""commentCount"": ""0""}}"
두쫀쿠,preset,두바이 초콜릿,f2DxyUeMXq4,Dubai Chocolate🤤 recipe 🍫 yummy#shorts #youtubeshorts #shortvideo #explore #foryou,2026-05-26T07:10:25Z,26592,432,18,https://www.youtube.com/watch?v=f2DxyUeMXq4,youtube,두바이 초콜릿,related,0.3,2026-05-26T11:39:31.823168+00:00,26592,432,18,450,Mallickfamily786,,"{""kind"": ""youtube#video"", ""etag"": ""lrQT3gkvRoX6KtF77Pyy-15ZAEk"", ""id"": ""f2DxyUeMXq4"", ""snippet"": {""publishedAt"": ""2026-05-26T07:10:25Z"", ""channelId"": ""UC3HAgWa6af7aGZNe-zx4uLg"", ""title"": ""Dubai Chocolate🤤 recipe 🍫 yummy#shorts #youtubeshorts #shortvideo #explore #foryou"", ""description"": """", ""thumbnails"": {""default"": {""url"": ""https://i.ytimg.com/vi/f2DxyUeMXq4/default.jpg"", ""width"": 120, ""height"": 90}, ""medium"": {""url"": ""https://i.ytimg.com/vi/f2DxyUeMXq4/mqdefault.jpg"", ""width"": 320, ""height"": 180}, ""high"": {""url"": ""https://i.ytimg.com/vi/f2DxyUeMXq4/hqdefault.jpg"", ""width"": 480, ""height"": 360}, ""standard"": {""url"": ""https://i.ytimg.com/vi/f2DxyUeMXq4/sddefault.jpg"", ""width"": 640, ""height"": 480}, ""maxres"": {""url"": ""https://i.ytimg.com/vi/f2DxyUeMXq4/maxresdefault.jpg"", ""width"": 1280, ""height"": 720}}, ""channelTitle"": ""Mallickfamily786"", ""categoryId"": ""23"", ""liveBroadcastContent"": ""none"", ""defaultLanguage"": ""bn-IN"", ""localized"": {""title"": ""Dubai Chocolate🤤 recipe 🍫 yummy#shorts #youtubeshorts #shortvideo #explore #foryou"", ""description"": """"}, ""defaultAudioLanguage"": ""bn-IN""}, ""statistics"": {""viewCount"": ""26592"", ""likeCount"": ""432"", ""favoriteCount"": ""0"", ""commentCount"": ""18""}}"
두쫀쿠,preset,두바이 초콜릿,kpyAhq-9OhQ,Dubai chocolate😍😍,2026-05-26T06:50:23Z,871,11,1,https://www.youtube.com/watch?v=kpyAhq-9OhQ,youtube,두바이 초콜릿,related,0.3,2026-05-26T11:39:31.823168+00:00,871,11,1,12,FactLabDaily ,"have you had a taste of these chocolates
#viralshorts #facts #viral #shorts","{""kind"": ""youtube#video"", ""etag"": ""kEXEKlQGwzZlmIbMAjKlA8ercs8"", ""id"": ""kpyAhq-9OhQ"", ""snippet"": {""publishedAt"": ""2026-05-26T06:50:23Z"", ""channelId"": ""UC50CXSY4Tx31bghWBrDMQRA"", ""title"": ""Dubai chocolate😍😍"", ""description"": ""have you had a taste of these chocolates\n#viralshorts #facts #viral #shorts"", ""thumbnails"": {""default"": {""url"": ""https://i.ytimg.com/vi/kpyAhq-9OhQ/default.jpg"", ""width"": 120, ""height"": 90}, ""medium"": {""url"": ""https://i.ytimg.com/vi/kpyAhq-9OhQ/mqdefault.jpg"", ""width"": 320, ""height"": 180}, ""high"": {""url"": ""https://i.ytimg.com/vi/kpyAhq-9OhQ/hqdefault.jpg"", ""width"": 480, ""height"": 360}, ""standard"": {""url"": ""https://i.ytimg.com/vi/kpyAhq-9OhQ/sddefault.jpg"", ""width"": 640, ""height"": 480}, ""maxres"": {""url"": ""https://i.ytimg.com/vi/kpyAhq-9OhQ/maxresdefault.jpg"", ""width"": 1280, ""height"": 720}}, ""channelTitle"": ""FactLabDaily "", ""categoryId"": ""22"", ""liveBroadcastContent"": ""none"", ""defaultLanguage"": ""en"", ""localized"": {""title"": ""Dubai chocolate😍😍"", ""description"": ""have you had a taste of these chocolates\n#viralshorts #facts #viral #shorts""}, ""defaultAudioLanguage"": ""en""}, ""statistics"": {""viewCount"": ""871"", ""likeCount"": ""11"", ""favoriteCount"": ""0"", ""commentCount"": ""1""}}"
두쫀쿠,preset,두바이 초콜릿,yu7GsPLKcKU,Dubai Special Chocolate Kunafa #relatable #trending #shorts,2026-05-26T06:42:41Z,1413,8,0,https://www.youtube.com/watch?v=yu7GsPLKcKU,youtube,두바이 초콜릿,related,0.3,2026-05-26T11:39:31.823168+00:00,1413,8,0,8,Sink2shine,Dubai Special Chocolate Kunafa #relatable #trending #shorts,"{""kind"": ""youtube#video"", ""etag"": ""GNXBbGZ_Ud5Zd_SnKTmpW1fqnyo"", ""id"": ""yu7GsPLKcKU"", ""snippet"": {""publishedAt"": ""2026-05-26T06:42:41Z"", ""channelId"": ""UCVYhBlc-EVFq6Cqy8TwL0VA"", ""title"": ""Dubai Special Chocolate Kunafa #relatable #trending #shorts"", ""description"": ""Dubai Special Chocolate Kunafa #relatable #trending #shorts"", ""thumbnails"": {""default"": {""url"": ""https://i.ytimg.com/vi/yu7GsPLKcKU/default.jpg"", ""width"": 120, ""height"": 90}, ""medium"": {""url"": ""https://i.ytimg.com/vi/yu7GsPLKcKU/mqdefault.jpg"", ""width"": 320, ""height"": 180}, ""high"": {""url"": ""https://i.ytimg.com/vi/yu7GsPLKcKU/hqdefault.jpg"", ""width"": 480, ""height"": 360}, ""standard"": {""url"": ""https://i.ytimg.com/vi/yu7GsPLKcKU/sddefault.jpg"", ""width"": 640, ""height"": 480}, ""maxres"": {""url"": ""https://i.ytimg.com/vi/yu7GsPLKcKU/maxresdefault.jpg"", ""width"": 1280, ""height"": 720}}, ""channelTitle"": ""Sink2shine"", ""tags"": [""Kunafa"", ""dubai Kunafa"", ""chocolate Kunafa"", ""dubai chocolate Kunafa"", ""indian Kunafa"", ""chocolate""], ""categoryId"": ""22"", ""liveBroadcastContent"": ""none"", ""defaultLanguage"": ""en"", ""localized"": {""title"": ""Dubai Special Chocolate Kunafa #relatable #trending #shorts"", ""description"": ""Dubai Special Chocolate Kunafa #relatable #trending #shorts""}, ""defaultAudioLanguage"": ""hi""}, ""statistics"": {""viewCount"": ""1413"", ""likeCount"": ""8"", ""favoriteCount"": ""0"", ""commentCount"": ""0""}}"
두쫀쿠,preset,두바이 초콜릿,opkvVrdxJfg,Confections Bakery and Cafe #dessert #foodie #cafefinds #chocolate #cake,2026-05-26T06:25:24Z,196,6,0,https://www.youtube.com/watch?v=opkvVrdxJfg,youtube,두바이 초콜릿,related,0.3,2026-05-26T11:39:31.823168+00:00,196,6,0,6,Elate Flavors,"Three items. Three hits. Zero disappointments. This bakery is something else. 🫐🍫🍞🙌

Wide variety of cakes, croissants, flat croissants, cookies, cream buns — this place has it all and does ALL of it well. I could feel that the moment I walked in.

Blueberry Cake Slice — I wasn't ready. Fresh blueberry flavor so bright and real, sponge so soft it melted, cream light as air. One of the best cake slices I've had this year. 🫐✨

Dubai Chocolate Croissant — OKAY. The crunch of the pastry. The pistachio cream inside. The chocolate that hits you warm and rich and deep. I've seen this everywhere online and the hype is completely justified. 🍫🥐😭

Cream Bun — pulled it apart, cream poured out, I was finished. Soft bread, generous filling, the kind of bun that makes everything feel right. 🍞

Save this. You'll want to visit. Trust me. 🔖

📍 [Confections Bakery & Cafe] | [80 Horizon Dr #502, Suwanee, GA 30024]

#DubaiChocolateCroissant #BlueberryCake #CreamBun #BakeryFinds #WideVarietydesserts #FoodShorts #DessertShorts #CroissantLovers #CafeFinds #MustVisit","{""kind"": ""youtube#video"", ""etag"": ""or5-IpEZXHGP6k-ix6FTrjB3BMc"", ""id"": ""opkvVrdxJfg"", ""snippet"": {""publishedAt"": ""2026-05-26T06:25:24Z"", ""channelId"": ""UCxa4oydc76pbhJy4irXW_Ww"", ""title"": ""Confections Bakery and Cafe #dessert #foodie #cafefinds #chocolate #cake"", ""description"": ""Three items. Three hits. Zero disappointments. This bakery is something else. 🫐🍫🍞🙌\n\nWide variety of cakes, croissants, flat croissants, cookies, cream buns — this place has it all and does ALL of it well. I could feel that the moment I walked in.\n\nBlueberry Cake Slice — I wasn't ready. Fresh blueberry flavor so bright and real, sponge so soft it melted, cream light as air. One of the best cake slices I've had this year. 🫐✨\n\nDubai Chocolate Croissant — OKAY. The crunch of the pastry. The pistachio cream inside. The chocolate that hits you warm and rich and deep. I've seen this everywhere online and the hype is completely justified. 🍫🥐😭\n\nCream Bun — pulled it apart, cream poured out, I was finished. Soft bread, generous filling, the kind of bun that makes everything feel right. 🍞\n\nSave this. You'll want to visit. Trust me. 🔖\n\n📍 [Confections Bakery & Cafe] | [80 Horizon Dr #502, Suwanee, GA 30024]\n\n#DubaiChocolateCroissant #BlueberryCake #CreamBun #BakeryFinds #WideVarietydesserts #FoodShorts #DessertShorts #CroissantLovers #CafeFinds #MustVisit"", ""thumbnails"": {""default"": {""url"": ""https://i.ytimg.com/vi/opkvVrdxJfg/default.jpg"", ""width"": 120, ""height"": 90}, ""medium"": {""url"": ""https://i.ytimg.com/vi/opkvVrdxJfg/mqdefault.jpg"", ""width"": 320, ""height"": 180}, ""high"": {""url"": ""https://i.ytimg.com/vi/opkvVrdxJfg/hqdefault.jpg"", ""width"": 480, ""height"": 360}, ""standard"": {""url"": ""https://i.ytimg.com/vi/opkvVrdxJfg/sddefault.jpg"", ""width"": 640, ""height"": 480}, ""maxres"": {""url"": ""https://i.ytimg.com/vi/opkvVrdxJfg/maxresdefault.jpg"", ""width"": 1280, ""height"": 720}}, ""channelTitle"": ""Elate Flavors"", ""tags"": [""DubaiChocolateCroissant"", ""BlueberryCake"", ""CreamBun"", ""BakeryFinds"", ""WideVarietydesserts"", ""FoodShorts"", ""DessertShorts"", ""CroissantLovers"", ""CafeFinds"", ""MustVisit"", ""cakes"", ""macarons"", ""dessertlovers""], ""categoryId"": ""19"", ""liveBroadcastContent"": ""none"", ""defaultLanguage"": ""en"", ""localized"": {""title"": ""Confections Bakery and Cafe #dessert #foodie #cafefinds #chocolate #cake"", ""description"": ""Three items. Three hits. Zero disappointments. This bakery is something else. 🫐🍫🍞🙌\n\nWide variety of cakes, croissants, flat croissants, cookies, cream buns — this place has it all and does ALL of it well. I could feel that the moment I walked in.\n\nBlueberry Cake Slice — I wasn't ready. Fresh blueberry flavor so bright and real, sponge so soft it melted, cream light as air. One of the best cake slices I've had this year. 🫐✨\n\nDubai Chocolate Croissant — OKAY. The crunch of the pastry. The pistachio cream inside. The chocolate that hits you warm and rich and deep. I've seen this everywhere online and the hype is completely justified. 🍫🥐😭\n\nCream Bun — pulled it apart, cream poured out, I was finished. Soft bread, generous filling, the kind of bun that makes everything feel right. 🍞\n\nSave this. You'll want to visit. Trust me. 🔖\n\n📍 [Confections Bakery & Cafe] | [80 Horizon Dr #502, Suwanee, GA 30024]\n\n#DubaiChocolateCroissant #BlueberryCake #CreamBun #BakeryFinds #WideVarietydesserts #FoodShorts #DessertShorts #CroissantLovers #CafeFinds #MustVisit""}}, ""statistics"": {""viewCount"": ""196"", ""likeCount"": ""6"", ""favoriteCount"": ""0"", ""commentCount"": ""0""}}"
두쫀쿠,preset,두바이 초콜릿,jVqiLZzQ6OY,cuman main 4 step bisa dapat gratis Coklat dubai cookie🤣#fypシ #food #viral #shortsfeed,2026-05-26T06:00:36Z,1440,18,0,https://www.youtube.com/watch?v=jVqiLZzQ6OY,youtube,두바이 초콜릿,related,0.3,2026-05-26T11:39:31.823168+00:00,1440,18,0,18,Claraw,,"{""kind"": ""youtube#video"", ""etag"": ""J0D8RvIA-1okp5RWgH9hLo0FDiQ"", ""id"": ""jVqiLZzQ6OY"", ""snippet"": {""publishedAt"": ""2026-05-26T06:00:36Z"", ""channelId"": ""UCgYG0-RDpZHlT752WbH9-EQ"", ""title"": ""cuman main 4 step bisa dapat gratis Coklat dubai cookie🤣#fypシ #food #viral #shortsfeed"", ""description"": """", ""thumbnails"": {""default"": {""url"": ""https://i.ytimg.com/vi/jVqiLZzQ6OY/default.jpg"", ""width"": 120, ""height"": 90}, ""medium"": {""url"": ""https://i.ytimg.com/vi/jVqiLZzQ6OY/mqdefault.jpg"", ""width"": 320, ""height"": 180}, ""high"": {""url"": ""https://i.ytimg.com/vi/jVqiLZzQ6OY/hqdefault.jpg"", ""width"": 480, ""height"": 360}, ""standard"": {""url"": ""https://i.ytimg.com/vi/jVqiLZzQ6OY/sddefault.jpg"", ""width"": 640, ""height"": 480}, ""maxres"": {""url"": ""https://i.ytimg.com/vi/jVqiLZzQ6OY/maxresdefault.jpg"", ""width"": 1280, ""height"": 720}}, ""channelTitle"": ""Claraw"", ""categoryId"": ""22"", ""liveBroadcastContent"": ""none"", ""defaultLanguage"": ""id"", ""localized"": {""title"": ""cuman main 4 step bisa dapat gratis Coklat dubai cookie🤣#fypシ #food #viral #shortsfeed"", ""description"": """"}, ""defaultAudioLanguage"": ""id""}, ""statistics"": {""viewCount"": ""1440"", ""likeCount"": ""18"", ""favoriteCount"": ""0"", ""commentCount"": ""0""}}"
두쫀쿠,preset,두바이 초콜릿,VUgzwtAax4I,The Crunchiest Chocolate Ever 😍🍫|Tried the Viral Kunafa Chocolate in Dubai 😱| In telugu,2026-05-26T06:00:09Z,440,22,11,https://www.youtube.com/watch?v=VUgzwtAax4I,youtube,두바이 초콜릿,related,0.3,2026-05-26T11:39:31.823168+00:00,440,22,11,33,Bharathi Reddy,"Hi this is bharathi reddy. please do like share and subscribe to my channel. 

🔊 License:

This song is free to use on YouTube and social media but you must include the following credits in your video's description (Copy & Paste):

🔻
Roa - Freedom is under a YouTube Free license.
    / roamusic  ​ 


#trending #trendingshorts #trend #viral #viralvideo #chocolate #choreography # dubai #kunafa #telugu #ytshorts #ytshortsindia #youtubeshorts #yt #viralshort #trendingreels #instagram #tirupati #tirumala #andhrapradesh   #telangana #bharat #trendingvideo #india #indian #army #funny #funnyshorts #funnyvideo","{""kind"": ""youtube#video"", ""etag"": ""_5YxymEHSfzn73dyvN09Ca2U1EQ"", ""id"": ""VUgzwtAax4I"", ""snippet"": {""publishedAt"": ""2026-05-26T06:00:09Z"", ""channelId"": ""UCfMyakZAyfC5nwtyoj8Y5Xg"", ""title"": ""The Crunchiest Chocolate Ever 😍🍫|Tried the Viral Kunafa Chocolate in Dubai 😱| In telugu"", ""description"": ""Hi this is bharathi reddy. please do like share and subscribe to my channel. \n\n🔊 License:\n\nThis song is free to use on YouTube and social media but you must include the following credits in your video's description (Copy & Paste):\n\n🔻\nRoa - Freedom is under a YouTube Free license.\n    / roamusic  ​ \n\n\n#trending #trendingshorts #trend #viral #viralvideo #chocolate #choreography # dubai #kunafa #telugu #ytshorts #ytshortsindia #youtubeshorts #yt #viralshort #trendingreels #instagram #tirupati #tirumala #andhrapradesh   #telangana #bharat #trendingvideo #india #indian #army #funny #funnyshorts #funnyvideo"", ""thumbnails"": {""default"": {""url"": ""https://i.ytimg.com/vi/VUgzwtAax4I/default.jpg"", ""width"": 120, ""height"": 90}, ""medium"": {""url"": ""https://i.ytimg.com/vi/VUgzwtAax4I/mqdefault.jpg"", ""width"": 320, ""height"": 180}, ""high"": {""url"": ""https://i.ytimg.com/vi/VUgzwtAax4I/hqdefault.jpg"", ""width"": 480, ""height"": 360}, ""standard"": {""url"": ""https://i.ytimg.com/vi/VUgzwtAax4I/sddefault.jpg"", ""width"": 640, ""height"": 480}, ""maxres"": {""url"": ""https://i.ytimg.com/vi/VUgzwtAax4I/maxresdefault.jpg"", ""width"": 1280, ""height"": 720}}, ""channelTitle"": ""Bharathi Reddy"", ""categoryId"": ""23"", ""liveBroadcastContent"": ""none"", ""defaultLanguage"": ""en"", ""localized"": {""title"": ""The Crunchiest Chocolate Ever 😍🍫|Tried the Viral Kunafa Chocolate in Dubai 😱| In telugu"", ""description"": ""Hi this is bharathi reddy. please do like share and subscribe to my channel. \n\n🔊 License:\n\nThis song is free to use on YouTube and social media but you must include the following credits in your video's description (Copy & Paste):\n\n🔻\nRoa - Freedom is under a YouTube Free license.\n    / roamusic  ​ \n\n\n#trending #trendingshorts #trend #viral #viralvideo #chocolate #choreography # dubai #kunafa #telugu #ytshorts #ytshortsindia #youtubeshorts #yt #viralshort #trendingreels #instagram #tirupati #tirumala #andhrapradesh   #telangana #bharat #trendingvideo #india #indian #army #funny #funnyshorts #funnyvideo""}}, ""statistics"": {""viewCount"": ""440"", ""likeCount"": ""22"", ""favoriteCount"": ""0"", ""commentCount"": ""11""}}"
두쫀쿠,preset,두바이 초콜릿,A-wmlO1SV4A,Lanjut apa ngga nih per dubaian?,2026-05-26T04:59:36Z,323598,17509,153,https://www.youtube.com/watch?v=A-wmlO1SV4A,youtube,두바이 초콜릿,related,0.3,2026-05-26T11:39:31.823168+00:00,323598,17509,153,17662,FAJARGPJKT,,"{""kind"": ""youtube#video"", ""etag"": ""7OMuf4Gu0sFdpC2WPF1-77Gxtd8"", ""id"": ""A-wmlO1SV4A"", ""snippet"": {""publishedAt"": ""2026-05-26T04:59:36Z"", ""channelId"": ""UCdqcZdas-tnqvYmmDzJrbjA"", ""title"": ""Lanjut apa ngga nih per dubaian?"", ""description"": """", ""thumbnails"": {""default"": {""url"": ""https://i.ytimg.com/vi/A-wmlO1SV4A/default.jpg"", ""width"": 120, ""height"": 90}, ""medium"": {""url"": ""https://i.ytimg.com/vi/A-wmlO1SV4A/mqdefault.jpg"", ""width"": 320, ""height"": 180}, ""high"": {""url"": ""https://i.ytimg.com/vi/A-wmlO1SV4A/hqdefault.jpg"", ""width"": 480, ""height"": 360}, ""standard"": {""url"": ""https://i.ytimg.com/vi/A-wmlO1SV4A/sddefault.jpg"", ""width"": 640, ""height"": 480}, ""maxres"": {""url"": ""https://i.ytimg.com/vi/A-wmlO1SV4A/maxresdefault.jpg"", ""width"": 1280, ""height"": 720}}, ""channelTitle"": ""FAJARGPJKT"", ""categoryId"": ""22"", ""liveBroadcastContent"": ""none"", ""defaultLanguage"": ""id"", ""localized"": {""title"": ""Lanjut apa ngga nih per dubaian?"", ""description"": """"}, ""defaultAudioLanguage"": ""id""}, ""statistics"": {""viewCount"": ""323598"", ""likeCount"": ""17509"", ""favoriteCount"": ""0"", ""commentCount"": ""153""}}"
두쫀쿠,preset,두바이 초콜릿,CLVDpymR65Q,Tried the Viral Dubai Chocolate Sundae 😳🍨 | Ghirardelli Las Vegas,2026-05-26T04:57:39Z,154,0,0,https://www.youtube.com/watch?v=CLVDpymR65Q,youtube,두바이 초콜릿,related,0.3,2026-05-26T11:39:31.823168+00:00,154,0,0,0,Vegas Kranthi,"Stopped by Ghirardelli Ice Cream & Chocolate Shop near the LINQ Promenade to try the Dubai Chocolate Sundae 🍫🍨

Rich chocolate, creamy ice cream, and seriously good flavor — this dessert definitely lived up to the hype 😍

If you’re in Vegas and love sweets, this one is worth trying.

🎥 Vegas Kranthi

#DubaiChocolate #Ghirardelli #LasVegasFood #DessertLover
#IceCream #ChocolateLover #Foodie #VegasEats
#DessertReels #FoodReels #VegasKranthi","{""kind"": ""youtube#video"", ""etag"": ""HmYj6G1BsHIfUabYKkw1KyPHLDo"", ""id"": ""CLVDpymR65Q"", ""snippet"": {""publishedAt"": ""2026-05-26T04:57:39Z"", ""channelId"": ""UCQ0ztkWCfZDMvw7Vu_xC06A"", ""title"": ""Tried the Viral Dubai Chocolate Sundae 😳🍨 | Ghirardelli Las Vegas"", ""description"": ""Stopped by Ghirardelli Ice Cream & Chocolate Shop near the LINQ Promenade to try the Dubai Chocolate Sundae 🍫🍨\n\nRich chocolate, creamy ice cream, and seriously good flavor — this dessert definitely lived up to the hype 😍\n\nIf you’re in Vegas and love sweets, this one is worth trying.\n\n🎥 Vegas Kranthi\n\n#DubaiChocolate #Ghirardelli #LasVegasFood #DessertLover\n#IceCream #ChocolateLover #Foodie #VegasEats\n#DessertReels #FoodReels #VegasKranthi"", ""thumbnails"": {""default"": {""url"": ""https://i.ytimg.com/vi/CLVDpymR65Q/default.jpg"", ""width"": 120, ""height"": 90}, ""medium"": {""url"": ""https://i.ytimg.com/vi/CLVDpymR65Q/mqdefault.jpg"", ""width"": 320, ""height"": 180}, ""high"": {""url"": ""https://i.ytimg.com/vi/CLVDpymR65Q/hqdefault.jpg"", ""width"": 480, ""height"": 360}, ""standard"": {""url"": ""https://i.ytimg.com/vi/CLVDpymR65Q/sddefault.jpg"", ""width"": 640, ""height"": 480}, ""maxres"": {""url"": ""https://i.ytimg.com/vi/CLVDpymR65Q/maxresdefault.jpg"", ""width"": 1280, ""height"": 720}}, ""channelTitle"": ""Vegas Kranthi"", ""tags"": [""Dubai chocolate sundae"", ""Ghirardelli Las Vegas"", ""Ghirardelli sundae"", ""Dubai chocolate dessert"", ""Las Vegas dessert"", ""LINQ Promenade food"", ""best desserts in Vegas"", ""chocolate sundae"", ""Vegas food vlog"", ""dessert lover"", ""ice cream Las Vegas"", ""viral dessert"", ""Vegas Kranthi"", ""Telugu travel"", ""Telugu vlogger USA""], ""categoryId"": ""20"", ""liveBroadcastContent"": ""none"", ""defaultLanguage"": ""en"", ""localized"": {""title"": ""Tried the Viral Dubai Chocolate Sundae 😳🍨 | Ghirardelli Las Vegas"", ""description"": ""Stopped by Ghirardelli Ice Cream & Chocolate Shop near the LINQ Promenade to try the Dubai Chocolate Sundae 🍫🍨\n\nRich chocolate, creamy ice cream, and seriously good flavor — this dessert definitely lived up to the hype 😍\n\nIf you’re in Vegas and love sweets, this one is worth trying.\n\n🎥 Vegas Kranthi\n\n#DubaiChocolate #Ghirardelli #LasVegasFood #DessertLover\n#IceCream #ChocolateLover #Foodie #VegasEats\n#DessertReels #FoodReels #VegasKranthi""}, ""defaultAudioLanguage"": ""en-US""}, ""statistics"": {""viewCount"": ""154"", ""likeCount"": ""0"", ""favoriteCount"": ""0"", ""commentCount"": ""0""}}"
두쫀쿠,preset,두바이 초콜릿,ScgILSzz3No,dubai chocolate #tending#short#chocolate #recipi,2026-05-26T04:30:13Z,980,11,0,https://www.youtube.com/watch?v=ScgILSzz3No,youtube,두바이 초콜릿,related,0.3,2026-05-26T11:39:31.823168+00:00,980,11,0,11,সহজ মাখা রেসিপি AS,,"{""kind"": ""youtube#video"", ""etag"": ""77GpI94Q-fzotbUkrynwozdZk-Q"", ""id"": ""ScgILSzz3No"", ""snippet"": {""publishedAt"": ""2026-05-26T04:30:13Z"", ""channelId"": ""UCbmL8tXHBFo9hRAdqT9XB9A"", ""title"": ""dubai chocolate #tending#short#chocolate #recipi"", ""description"": """", ""thumbnails"": {""default"": {""url"": ""https://i.ytimg.com/vi/ScgILSzz3No/default.jpg"", ""width"": 120, ""height"": 90}, ""medium"": {""url"": ""https://i.ytimg.com/vi/ScgILSzz3No/mqdefault.jpg"", ""width"": 320, ""height"": 180}, ""high"": {""url"": ""https://i.ytimg.com/vi/ScgILSzz3No/hqdefault.jpg"", ""width"": 480, ""height"": 360}, ""standard"": {""url"": ""https://i.ytimg.com/vi/ScgILSzz3No/sddefault.jpg"", ""width"": 640, ""height"": 480}, ""maxres"": {""url"": ""https://i.ytimg.com/vi/ScgILSzz3No/maxresdefault.jpg"", ""width"": 1280, ""height"": 720}}, ""channelTitle"": ""সহজ মাখা রেসিপি AS"", ""categoryId"": ""22"", ""liveBroadcastContent"": ""none"", ""defaultLanguage"": ""bn"", ""localized"": {""title"": ""dubai chocolate #tending#short#chocolate #recipi"", ""description"": """"}, ""defaultAudioLanguage"": ""bn""}, ""statistics"": {""viewCount"": ""980"", ""likeCount"": ""11"", ""favoriteCount"": ""0"", ""commentCount"": ""0""}}"
두쫀쿠,preset,두바이 초콜릿,ZzofOdNVF9Y,Handmade chocolate with a touch of Dubai elegance | Viral Dubai Chocolate #shorts #trending #viral,2026-05-26T04:30:39Z,1343,26,5,https://www.youtube.com/watch?v=ZzofOdNVF9Y,youtube,두바이 초콜릿,related,0.3,2026-05-26T11:39:31.823168+00:00,1343,26,5,31,Sunita's kitchen,"Inspired by the luxurious delicacies of Dubai, this homemade Dubai Chocolate is more than just a dessert — it is a perfect combination of creativity, texture, and rich flavors. The crispy roasted kunafa paired with creamy pista filling and smooth dark chocolate creates a luxurious bite every time. The white and green chocolate design adds a beautiful artistic touch, making this sweet treat as elegant as it is delicious. Perfect for celebrations, gifting, or simply enjoying a special homemade indulgence.
Ingredients
• 200 g dark chocolate
• 50 g white chocolate 
• 1 cup shredded kunafa / vermicelli 
• 2 tbsp butter or ghee 
• 3 tbsp pista paste 
• Chopped pistachios for garnish 
Method
1. Cut and melt the white chocolate until smooth. 
2. Sprinkle some melted white chocolate inside the mould for a decorative effect. 
3. Add green food colour to the remaining white chocolate and mix well. 
4. Sprinkle the green chocolate inside the mould to create a beautiful marble design. 
5. Cut and melt the dark chocolate and coat the mould evenly from all sides. 
6. Refrigerate for a few minutes until the chocolate shell sets.
7.  Heat ghee or butter in a pan and roast the shredded kunafa or vermicelli until golden and crispy.
8. Add pista paste to the roasted kunafa and mix well. Let it cool slightly
9. Fill the mould with crispy roasted kunafa pista filling. 
10. Seal the top with more melted dark chocolate. 
11. Refrigerate for 1 hr or until fully set and carefully demould. 
A perfect homemade Dubai chocolate with crunchy kunafa, rich pista filling, and a stunning chocolate design.

LIKE, SHARE & SUBSCRIBE for more recipes @Sunitaskitchen-f8d","{""kind"": ""youtube#video"", ""etag"": ""Um1ib8b56a1qOJJy5iS_RvrgBiY"", ""id"": ""ZzofOdNVF9Y"", ""snippet"": {""publishedAt"": ""2026-05-26T04:30:39Z"", ""channelId"": ""UCVjwgpeq_gmoxNSrJUw77ZA"", ""title"": ""Handmade chocolate with a touch of Dubai elegance | Viral Dubai Chocolate #shorts #trending #viral"", ""description"": ""Inspired by the luxurious delicacies of Dubai, this homemade Dubai Chocolate is more than just a dessert — it is a perfect combination of creativity, texture, and rich flavors. The crispy roasted kunafa paired with creamy pista filling and smooth dark chocolate creates a luxurious bite every time. The white and green chocolate design adds a beautiful artistic touch, making this sweet treat as elegant as it is delicious. Perfect for celebrations, gifting, or simply enjoying a special homemade indulgence.\nIngredients\n• 200 g dark chocolate\n• 50 g white chocolate \n• 1 cup shredded kunafa / vermicelli \n• 2 tbsp butter or ghee \n• 3 tbsp pista paste \n• Chopped pistachios for garnish \nMethod\n1. Cut and melt the white chocolate until smooth. \n2. Sprinkle some melted white chocolate inside the mould for a decorative effect. \n3. Add green food colour to the remaining white chocolate and mix well. \n4. Sprinkle the green chocolate inside the mould to create a beautiful marble design. \n5. Cut and melt the dark chocolate and coat the mould evenly from all sides. \n6. Refrigerate for a few minutes until the chocolate shell sets.\n7.  Heat ghee or butter in a pan and roast the shredded kunafa or vermicelli until golden and crispy.\n8. Add pista paste to the roasted kunafa and mix well. Let it cool slightly\n9. Fill the mould with crispy roasted kunafa pista filling. \n10. Seal the top with more melted dark chocolate. \n11. Refrigerate for 1 hr or until fully set and carefully demould. \nA perfect homemade Dubai chocolate with crunchy kunafa, rich pista filling, and a stunning chocolate design.\n\nLIKE, SHARE & SUBSCRIBE for more recipes @Sunitaskitchen-f8d"", ""thumbnails"": {""default"": {""url"": ""https://i.ytimg.com/vi/ZzofOdNVF9Y/default.jpg"", ""width"": 120, ""height"": 90}, ""medium"": {""url"": ""https://i.ytimg.com/vi/ZzofOdNVF9Y/mqdefault.jpg"", ""width"": 320, ""height"": 180}, ""high"": {""url"": ""https://i.ytimg.com/vi/ZzofOdNVF9Y/hqdefault.jpg"", ""width"": 480, ""height"": 360}, ""standard"": {""url"": ""https://i.ytimg.com/vi/ZzofOdNVF9Y/sddefault.jpg"", ""width"": 640, ""height"": 480}, ""maxres"": {""url"": ""https://i.ytimg.com/vi/ZzofOdNVF9Y/maxresdefault.jpg"", ""width"": 1280, ""height"": 720}}, ""channelTitle"": ""Sunita's kitchen"", ""tags"": [""Dubai chocolate"", ""homemade Dubai chocolate"", ""kunafa chocolate"", ""viral Dubai chocolate"", ""chocolate recipe"", ""pistachio chocolate"", ""kunafa dessert"", ""Arabic dessert"", ""luxury dessert"", ""crispy kunafa"", ""pista chocolate"", ""chocolate lovers"", ""homemade sweets"", ""easy dessert recipe"", ""dessert ideas"", ""chocolate kunafa"", ""viral dessert"", ""Middle Eastern dessert"", ""crunchy chocolate"", ""gourmet chocolate"", ""sweet cravings"", ""chocolate bar recipe"", ""kunafa recipe"", ""pistachio dessert"", ""rich chocolate dessert""], ""categoryId"": ""22"", ""liveBroadcastContent"": ""none"", ""defaultLanguage"": ""en"", ""localized"": {""title"": ""Handmade chocolate with a touch of Dubai elegance | Viral Dubai Chocolate #shorts #trending #viral"", ""description"": ""Inspired by the luxurious delicacies of Dubai, this homemade Dubai Chocolate is more than just a dessert — it is a perfect combination of creativity, texture, and rich flavors. The crispy roasted kunafa paired with creamy pista filling and smooth dark chocolate creates a luxurious bite every time. The white and green chocolate design adds a beautiful artistic touch, making this sweet treat as elegant as it is delicious. Perfect for celebrations, gifting, or simply enjoying a special homemade indulgence.\nIngredients\n• 200 g dark chocolate\n• 50 g white chocolate \n• 1 cup shredded kunafa / vermicelli \n• 2 tbsp butter or ghee \n• 3 tbsp pista paste \n• Chopped pistachios for garnish \nMethod\n1. Cut and melt the white chocolate until smooth. \n2. Sprinkle some melted white chocolate inside the mould for a decorative effect. \n3. Add green food colour to the remaining white chocolate and mix well. \n4. Sprinkle the green chocolate inside the mould to create a beautiful marble design. \n5. Cut and melt the dark chocolate and coat the mould evenly from all sides. \n6. Refrigerate for a few minutes until the chocolate shell sets.\n7.  Heat ghee or butter in a pan and roast the shredded kunafa or vermicelli until golden and crispy.\n8. Add pista paste to the roasted kunafa and mix well. Let it cool slightly\n9. Fill the mould with crispy roasted kunafa pista filling. \n10. Seal the top with more melted dark chocolate. \n11. Refrigerate for 1 hr or until fully set and carefully demould. \nA perfect homemade Dubai chocolate with crunchy kunafa, rich pista filling, and a stunning chocolate design.\n\nLIKE, SHARE & SUBSCRIBE for more recipes @Sunitaskitchen-f8d""}, ""defaultAudioLanguage"": ""hi""}, ""statistics"": {""viewCount"": ""1343"", ""likeCount"": ""26"", ""favoriteCount"": ""0"", ""commentCount"": ""5""}}"
두쫀쿠,preset,두바이 초콜릿,d6V-txegXpo,Viral Pistachio Dubai Chocolate #shorts,2026-05-26T04:05:03Z,2144,11,0,https://www.youtube.com/watch?v=d6V-txegXpo,youtube,두바이 초콜릿,related,0.3,2026-05-26T11:39:31.823168+00:00,2144,11,0,11,AGGM TV,,"{""kind"": ""youtube#video"", ""etag"": ""OhsKelDt-mnIRDF_i19prUT8Z0A"", ""id"": ""d6V-txegXpo"", ""snippet"": {""publishedAt"": ""2026-05-26T04:05:03Z"", ""channelId"": ""UCddvONsrXYol4eMIA_YNTZQ"", ""title"": ""Viral Pistachio Dubai Chocolate #shorts"", ""description"": """", ""thumbnails"": {""default"": {""url"": ""https://i.ytimg.com/vi/d6V-txegXpo/default.jpg"", ""width"": 120, ""height"": 90}, ""medium"": {""url"": ""https://i.ytimg.com/vi/d6V-txegXpo/mqdefault.jpg"", ""width"": 320, ""height"": 180}, ""high"": {""url"": ""https://i.ytimg.com/vi/d6V-txegXpo/hqdefault.jpg"", ""width"": 480, ""height"": 360}, ""standard"": {""url"": ""https://i.ytimg.com/vi/d6V-txegXpo/sddefault.jpg"", ""width"": 640, ""height"": 480}, ""maxres"": {""url"": ""https://i.ytimg.com/vi/d6V-txegXpo/maxresdefault.jpg"", ""width"": 1280, ""height"": 720}}, ""channelTitle"": ""AGGM TV"", ""categoryId"": ""22"", ""liveBroadcastContent"": ""none"", ""defaultLanguage"": ""en"", ""localized"": {""title"": ""Viral Pistachio Dubai Chocolate #shorts"", ""description"": """"}, ""defaultAudioLanguage"": ""en""}, ""statistics"": {""viewCount"": ""2144"", ""likeCount"": ""11"", ""favoriteCount"": ""0""}}"
두쫀쿠,preset,두바이 초콜릿,ghpnE0B_lVw,🇲🇾Sunway居然挖到低糖版🔥迪拜巧克力软曲奇！一口沦陷！❤️#日常vlog #记录真实生活 #海外生活#马来西亚#迪拜巧克力软曲奇#美食#旅居生活#陪读妈妈#逛街#分享,2026-05-26T03:48:31Z,1168,34,3,https://www.youtube.com/watch?v=ghpnE0B_lVw,youtube,두바이 초콜릿,related,0.3,2026-05-26T11:39:31.823168+00:00,1168,34,3,37,Fiona,,"{""kind"": ""youtube#video"", ""etag"": ""ywNUo4pIm9uICq5t1p4R_E5SKiA"", ""id"": ""ghpnE0B_lVw"", ""snippet"": {""publishedAt"": ""2026-05-26T03:48:31Z"", ""channelId"": ""UC_Sfm4jjhzOThj6ANSnCDfg"", ""title"": ""🇲🇾Sunway居然挖到低糖版🔥迪拜巧克力软曲奇！一口沦陷！❤️#日常vlog #记录真实生活 #海外生活#马来西亚#迪拜巧克力软曲奇#美食#旅居生活#陪读妈妈#逛街#分享"", ""description"": """", ""thumbnails"": {""default"": {""url"": ""https://i.ytimg.com/vi/ghpnE0B_lVw/default.jpg"", ""width"": 120, ""height"": 90}, ""medium"": {""url"": ""https://i.ytimg.com/vi/ghpnE0B_lVw/mqdefault.jpg"", ""width"": 320, ""height"": 180}, ""high"": {""url"": ""https://i.ytimg.com/vi/ghpnE0B_lVw/hqdefault.jpg"", ""width"": 480, ""height"": 360}, ""standard"": {""url"": ""https://i.ytimg.com/vi/ghpnE0B_lVw/sddefault.jpg"", ""width"": 640, ""height"": 480}, ""maxres"": {""url"": ""https://i.ytimg.com/vi/ghpnE0B_lVw/maxresdefault.jpg"", ""width"": 1280, ""height"": 720}}, ""channelTitle"": ""Fiona"", ""categoryId"": ""24"", ""liveBroadcastContent"": ""none"", ""defaultLanguage"": ""zh"", ""localized"": {""title"": ""🇲🇾Sunway居然挖到低糖版🔥迪拜巧克力软曲奇！一口沦陷！❤️#日常vlog #记录真实生活 #海外生活#马来西亚#迪拜巧克力软曲奇#美食#旅居生活#陪读妈妈#逛街#分享"", ""description"": """"}, ""defaultAudioLanguage"": ""zh""}, ""statistics"": {""viewCount"": ""1168"", ""likeCount"": ""34"", ""favoriteCount"": ""0"", ""commentCount"": ""3""}}"
두쫀쿠,preset,두바이 초콜릿,yTt9WvjecT4,Dubai chocolate bars but make it mini,2026-05-26T03:43:46Z,783,9,0,https://www.youtube.com/watch?v=yTt9WvjecT4,youtube,두바이 초콜릿,related,0.3,2026-05-26T11:39:31.823168+00:00,783,9,0,9,Morgan Long,Dubai chocolate bars but make it mini,"{""kind"": ""youtube#video"", ""etag"": ""3fpBfKL6vi4yx4bCX60ZIkJE4-0"", ""id"": ""yTt9WvjecT4"", ""snippet"": {""publishedAt"": ""2026-05-26T03:43:46Z"", ""channelId"": ""UCQnPNpzK2rTXYYIrL8VRAjA"", ""title"": ""Dubai chocolate bars but make it mini"", ""description"": ""Dubai chocolate bars but make it mini"", ""thumbnails"": {""default"": {""url"": ""https://i.ytimg.com/vi/yTt9WvjecT4/default.jpg"", ""width"": 120, ""height"": 90}, ""medium"": {""url"": ""https://i.ytimg.com/vi/yTt9WvjecT4/mqdefault.jpg"", ""width"": 320, ""height"": 180}, ""high"": {""url"": ""https://i.ytimg.com/vi/yTt9WvjecT4/hqdefault.jpg"", ""width"": 480, ""height"": 360}, ""standard"": {""url"": ""https://i.ytimg.com/vi/yTt9WvjecT4/sddefault.jpg"", ""width"": 640, ""height"": 480}, ""maxres"": {""url"": ""https://i.ytimg.com/vi/yTt9WvjecT4/maxresdefault.jpg"", ""width"": 1280, ""height"": 720}}, ""channelTitle"": ""Morgan Long"", ""categoryId"": ""22"", ""liveBroadcastContent"": ""none"", ""defaultLanguage"": ""en"", ""localized"": {""title"": ""Dubai chocolate bars but make it mini"", ""description"": ""Dubai chocolate bars but make it mini""}, ""defaultAudioLanguage"": ""en""}, ""statistics"": {""viewCount"": ""783"", ""likeCount"": ""9"", ""favoriteCount"": ""0"", ""commentCount"": ""0""}}"
두쫀쿠,preset,두바이 초콜릿,ffd88a9ja9g,두바이쫀득쿠키 다이어트 중에 먹어도 되는 이유 #Shorts #두쫀쿠,2026-05-26T03:00:22Z,64,7,0,https://www.youtube.com/watch?v=ffd88a9ja9g,youtube,두바이 초콜릿,related,0.3,2026-05-26T11:39:31.823168+00:00,64,7,0,7,먹으면생기는일,"다이어트 중인데 두바이쫀득쿠키 먹고 싶었지? 사실 이 쿠키는 일반 쿠키랑 완전 달라. 아몬드 가루 단백질, 피스타치오 건강한 지방, 고카카오 초콜릿이 만나서 오히려 다이어트에 도움 돼. 죄책감 없이 즐기는 방법 알려줬으니 저장해둬.

#먹으면생기는일 #Shorts #쇼츠 #건강 #음식효능 #두쫀쿠 #두바이쿠키 #두바이초콜릿 #다이어트 #다이어트간식 #다이어트음식

📺 먹으면 생기는 일 구독하면 매일 건강 음식 정보 드려요!","{""kind"": ""youtube#video"", ""etag"": ""aAd-bZSWlwogQwDJzoPKjGzQOb4"", ""id"": ""ffd88a9ja9g"", ""snippet"": {""publishedAt"": ""2026-05-26T03:00:22Z"", ""channelId"": ""UC-30Cqr9I9tjsBnW8Bj0EVg"", ""title"": ""두바이쫀득쿠키 다이어트 중에 먹어도 되는 이유 #Shorts #두쫀쿠"", ""description"": ""다이어트 중인데 두바이쫀득쿠키 먹고 싶었지? 사실 이 쿠키는 일반 쿠키랑 완전 달라. 아몬드 가루 단백질, 피스타치오 건강한 지방, 고카카오 초콜릿이 만나서 오히려 다이어트에 도움 돼. 죄책감 없이 즐기는 방법 알려줬으니 저장해둬.\n\n#먹으면생기는일 #Shorts #쇼츠 #건강 #음식효능 #두쫀쿠 #두바이쿠키 #두바이초콜릿 #다이어트 #다이어트간식 #다이어트음식\n\n📺 먹으면 생기는 일 구독하면 매일 건강 음식 정보 드려요!"", ""thumbnails"": {""default"": {""url"": ""https://i.ytimg.com/vi/ffd88a9ja9g/default.jpg"", ""width"": 120, ""height"": 90}, ""medium"": {""url"": ""https://i.ytimg.com/vi/ffd88a9ja9g/mqdefault.jpg"", ""width"": 320, ""height"": 180}, ""high"": {""url"": ""https://i.ytimg.com/vi/ffd88a9ja9g/hqdefault.jpg"", ""width"": 480, ""height"": 360}, ""standard"": {""url"": ""https://i.ytimg.com/vi/ffd88a9ja9g/sddefault.jpg"", ""width"": 640, ""height"": 480}, ""maxres"": {""url"": ""https://i.ytimg.com/vi/ffd88a9ja9g/maxresdefault.jpg"", ""width"": 1280, ""height"": 720}}, ""channelTitle"": ""먹으면생기는일"", ""tags"": [""Shorts"", ""diet food"", ""healthy food"", ""건강"", ""건강간식"", ""다이어트"", ""다이어트간식"", ""다이어트음식"", ""두바이초콜릿"", ""두바이쿠키"", ""먹으면생기는일"", ""쇼츠"", ""요리팁"", ""음식효능"", ""피스타치오""], ""categoryId"": ""26"", ""liveBroadcastContent"": ""none"", ""defaultLanguage"": ""ko"", ""localized"": {""title"": ""두바이쫀득쿠키 다이어트 중에 먹어도 되는 이유 #Shorts #두쫀쿠"", ""description"": ""다이어트 중인데 두바이쫀득쿠키 먹고 싶었지? 사실 이 쿠키는 일반 쿠키랑 완전 달라. 아몬드 가루 단백질, 피스타치오 건강한 지방, 고카카오 초콜릿이 만나서 오히려 다이어트에 도움 돼. 죄책감 없이 즐기는 방법 알려줬으니 저장해둬.\n\n#먹으면생기는일 #Shorts #쇼츠 #건강 #음식효능 #두쫀쿠 #두바이쿠키 #두바이초콜릿 #다이어트 #다이어트간식 #다이어트음식\n\n📺 먹으면 생기는 일 구독하면 매일 건강 음식 정보 드려요!""}, ""defaultAudioLanguage"": ""ko""}, ""statistics"": {""viewCount"": ""64"", ""likeCount"": ""7"", ""favoriteCount"": ""0"", ""commentCount"": ""0""}}"
두쫀쿠,preset,두바이 초콜릿,8hLtWlAhWLY,Comiendo el chocolate dubai directo de dubai,2026-05-26T02:29:41Z,1380,9,0,https://www.youtube.com/watch?v=8hLtWlAhWLY,youtube,두바이 초콜릿,related,0.3,2026-05-26T11:39:31.823168+00:00,1380,9,0,9,Eli,,"{""kind"": ""youtube#video"", ""etag"": ""h4VZ8dvFLkqfd7gjIMuBA66KcN4"", ""id"": ""8hLtWlAhWLY"", ""snippet"": {""publishedAt"": ""2026-05-26T02:29:41Z"", ""channelId"": ""UCK-_sfekcF1GhXcAkBJ2PBA"", ""title"": ""Comiendo el chocolate dubai directo de dubai"", ""description"": """", ""thumbnails"": {""default"": {""url"": ""https://i.ytimg.com/vi/8hLtWlAhWLY/default.jpg"", ""width"": 120, ""height"": 90}, ""medium"": {""url"": ""https://i.ytimg.com/vi/8hLtWlAhWLY/mqdefault.jpg"", ""width"": 320, ""height"": 180}, ""high"": {""url"": ""https://i.ytimg.com/vi/8hLtWlAhWLY/hqdefault.jpg"", ""width"": 480, ""height"": 360}, ""standard"": {""url"": ""https://i.ytimg.com/vi/8hLtWlAhWLY/sddefault.jpg"", ""width"": 640, ""height"": 480}, ""maxres"": {""url"": ""https://i.ytimg.com/vi/8hLtWlAhWLY/maxresdefault.jpg"", ""width"": 1280, ""height"": 720}}, ""channelTitle"": ""Eli"", ""categoryId"": ""22"", ""liveBroadcastContent"": ""none"", ""defaultLanguage"": ""es"", ""localized"": {""title"": ""Comiendo el chocolate dubai directo de dubai"", ""description"": """"}, ""defaultAudioLanguage"": ""es""}, ""statistics"": {""viewCount"": ""1380"", ""likeCount"": ""9"", ""favoriteCount"": ""0"", ""commentCount"": ""0""}}"
두쫀쿠,preset,두바이 초콜릿,bJy5wk_yi0Q,Is Dubai Chocolate REALLY Worth The Hype? 👀🍫 #shorts #chocolate,2026-05-26T00:00:39Z,1770,13,0,https://www.youtube.com/watch?v=bJy5wk_yi0Q,youtube,두바이 초콜릿,related,0.3,2026-05-26T11:39:31.823168+00:00,1770,13,0,13,Food Nourish,"This homemade Dubai chocolate is crispy, creamy, rich, and packed with pistachio goodness 🍫✨

Made with crunchy kataifi, smooth chocolate, and a creamy pistachio filling for the ultimate viral dessert that’s actually worth the hype 👀

#dubaichocolate #viralchocolate #pistachio #dessert #chocolate #foodshorts #viralrecipes #homemadedessert #cozyrecipes #easyrecipes #chocolatelover #middleeasterndessert #pistachiocream #luxurydessert #sweettooth #dessertrecipe #foodie #foodnourish #viralfood #shorts","{""kind"": ""youtube#video"", ""etag"": ""KEyIuSdeGj8jOj7NcZkgK9K0rMw"", ""id"": ""bJy5wk_yi0Q"", ""snippet"": {""publishedAt"": ""2026-05-26T00:00:39Z"", ""channelId"": ""UCttJgIy2dMjkoEq2FmS-Ceg"", ""title"": ""Is Dubai Chocolate REALLY Worth The Hype? 👀🍫 #shorts #chocolate"", ""description"": ""This homemade Dubai chocolate is crispy, creamy, rich, and packed with pistachio goodness 🍫✨\n\nMade with crunchy kataifi, smooth chocolate, and a creamy pistachio filling for the ultimate viral dessert that’s actually worth the hype 👀\n\n#dubaichocolate #viralchocolate #pistachio #dessert #chocolate #foodshorts #viralrecipes #homemadedessert #cozyrecipes #easyrecipes #chocolatelover #middleeasterndessert #pistachiocream #luxurydessert #sweettooth #dessertrecipe #foodie #foodnourish #viralfood #shorts"", ""thumbnails"": {""default"": {""url"": ""https://i.ytimg.com/vi/bJy5wk_yi0Q/default.jpg"", ""width"": 120, ""height"": 90}, ""medium"": {""url"": ""https://i.ytimg.com/vi/bJy5wk_yi0Q/mqdefault.jpg"", ""width"": 320, ""height"": 180}, ""high"": {""url"": ""https://i.ytimg.com/vi/bJy5wk_yi0Q/hqdefault.jpg"", ""width"": 480, ""height"": 360}, ""standard"": {""url"": ""https://i.ytimg.com/vi/bJy5wk_yi0Q/sddefault.jpg"", ""width"": 640, ""height"": 480}, ""maxres"": {""url"": ""https://i.ytimg.com/vi/bJy5wk_yi0Q/maxresdefault.jpg"", ""width"": 1280, ""height"": 720}}, ""channelTitle"": ""Food Nourish"", ""tags"": [""dubai chocolate"", ""viral dubai chocolate"", ""homemade dubai chocolate"", ""pistachio chocolate recipe"", ""kataifi chocolate"", ""crunchy chocolate dessert"", ""pistachio dessert recipe"", ""viral dessert recipe"", ""luxury dessert"", ""chocolate pistachio dessert"", ""homemade chocolate bars"", ""middle eastern desserts"", ""crispy chocolate recipe"", ""pistachio cream chocolate"", ""food shorts"", ""dessert shorts"", ""chocolate lovers recipe"", ""easy dessert ideas"", ""viral food trend"", ""food nourish""], ""categoryId"": ""26"", ""liveBroadcastContent"": ""none"", ""defaultLanguage"": ""en"", ""localized"": {""title"": ""Is Dubai Chocolate REALLY Worth The Hype? 👀🍫 #shorts #chocolate"", ""description"": ""This homemade Dubai chocolate is crispy, creamy, rich, and packed with pistachio goodness 🍫✨\n\nMade with crunchy kataifi, smooth chocolate, and a creamy pistachio filling for the ultimate viral dessert that’s actually worth the hype 👀\n\n#dubaichocolate #viralchocolate #pistachio #dessert #chocolate #foodshorts #viralrecipes #homemadedessert #cozyrecipes #easyrecipes #chocolatelover #middleeasterndessert #pistachiocream #luxurydessert #sweettooth #dessertrecipe #foodie #foodnourish #viralfood #shorts""}, ""defaultAudioLanguage"": ""en""}, ""statistics"": {""viewCount"": ""1770"", ""likeCount"": ""13"", ""favoriteCount"": ""0"", ""commentCount"": ""0""}}"
