canonical_keyword,keyword_set_mode,keyword,title,url,published_at,description,bloggername,bloggerlink,source,term,term_type,term_weight,collected_at,views,likes,comments,engagements,author,snippet,raw_payload
손흥민,single_term_fallback,손흥민,<b>손흥민</b> 박진섭 황인범 설영우 이태석 조규성 2026 FIFA... ,https://blog.naver.com/eunju9756/224297205079,20260526,20 (28) 177 FW 3 #<b>손흥민</b> (로스앤젤레스 FC) 1992.07.08 (33) 183 #오현규 (KRC 헹크) 2001.04.12 (24) 184... (베식타시) <b>손흥민</b>(LA FC) 조규성(미트윌란) 2026 FIFA 북중미 월드컵 훈련 파트너... ,eunju9756님의블로그,blog.naver.com/eunju9756,naver_blog,손흥민,canonical,1.0,2026-05-26T11:52:46.738110+00:00,0,0,0,0,eunju9756님의블로그,20 (28) 177 FW 3 #<b>손흥민</b> (로스앤젤레스 FC) 1992.07.08 (33) 183 #오현규 (KRC 헹크) 2001.04.12 (24) 184... (베식타시) <b>손흥민</b>(LA FC) 조규성(미트윌란) 2026 FIFA 북중미 월드컵 훈련 파트너... ,"{""title"": ""<b>손흥민</b> 박진섭 황인범 설영우 이태석 조규성 2026 FIFA... "", ""link"": ""https://blog.naver.com/eunju9756/224297205079"", ""description"": ""20 (28) 177 FW 3 #<b>손흥민</b> (로스앤젤레스 FC) 1992.07.08 (33) 183 #오현규 (KRC 헹크) 2001.04.12 (24) 184... (베식타시) <b>손흥민</b>(LA FC) 조규성(미트윌란) 2026 FIFA 북중미 월드컵 훈련 파트너... "", ""bloggername"": ""eunju9756님의블로그"", ""bloggerlink"": ""blog.naver.com/eunju9756"", ""postdate"": ""20260526""}"
손흥민,single_term_fallback,손흥민,2026 북중미 월드컵 한국 조별리그 일정: 아시아 순위 변동... ,https://blog.naver.com/hohoro4475/224297205023,20260526,"위해서는 <b>손흥민</b>, 이강인, 김민재 등 유럽파 핵심 자원들의 노련미와 K리그에서 부상하는 신예들의 조화가 필수적입니다. 전문가들은 데이터 분석을 통해 이번 대회가 대한민국 축구의 성공적인 세대교체를... ",생각의주파수,blog.naver.com/hohoro4475,naver_blog,손흥민,canonical,1.0,2026-05-26T11:52:46.738110+00:00,0,0,0,0,생각의주파수,"위해서는 <b>손흥민</b>, 이강인, 김민재 등 유럽파 핵심 자원들의 노련미와 K리그에서 부상하는 신예들의 조화가 필수적입니다. 전문가들은 데이터 분석을 통해 이번 대회가 대한민국 축구의 성공적인 세대교체를... ","{""title"": ""2026 북중미 월드컵 한국 조별리그 일정: 아시아 순위 변동... "", ""link"": ""https://blog.naver.com/hohoro4475/224297205023"", ""description"": ""위해서는 <b>손흥민</b>, 이강인, 김민재 등 유럽파 핵심 자원들의 노련미와 K리그에서 부상하는 신예들의 조화가 필수적입니다. 전문가들은 데이터 분석을 통해 이번 대회가 대한민국 축구의 성공적인 세대교체를... "", ""bloggername"": ""생각의주파수"", ""bloggerlink"": ""blog.naver.com/hohoro4475"", ""postdate"": ""20260526""}"
손흥민,single_term_fallback,손흥민,[해바라기 유세단] 광주바라기 오현주 2탄,https://blog.naver.com/sayme9333/224297203822,20260526,[해바라기 유세단2] 광주바라기 오현주 아이들에게 인기짱 로고송! 현주 현주 현주~ #오현주 #오현주시의원 #축구는<b>손흥민</b> #시의원은오현주,광주시의원 오현주,blog.naver.com/sayme9333,naver_blog,손흥민,canonical,1.0,2026-05-26T11:52:46.738110+00:00,0,0,0,0,광주시의원 오현주,[해바라기 유세단2] 광주바라기 오현주 아이들에게 인기짱 로고송! 현주 현주 현주~ #오현주 #오현주시의원 #축구는<b>손흥민</b> #시의원은오현주,"{""title"": ""[해바라기 유세단] 광주바라기 오현주 2탄"", ""link"": ""https://blog.naver.com/sayme9333/224297203822"", ""description"": ""[해바라기 유세단2] 광주바라기 오현주 아이들에게 인기짱 로고송! 현주 현주 현주~ #오현주 #오현주시의원 #축구는<b>손흥민</b> #시의원은오현주"", ""bloggername"": ""광주시의원 오현주"", ""bloggerlink"": ""blog.naver.com/sayme9333"", ""postdate"": ""20260526""}"
손흥민,single_term_fallback,손흥민,“체코가 숨긴 칼이 있다?” 매화도령의 충격 예언… 2026... ,https://blog.naver.com/ytaesu1111/224297201141,20260526,"<b>손흥민</b> 이강인 김민재 황희찬 유럽 빅리그에서 활약 중인 선수들이 대거 포진해 있지만, 전문가들은... 불안함” “<b>손흥민</b> 컨디션이 핵심” “이번 월드컵은 진짜 기대된다” 특히 최근 월드컵 콘텐츠와 예측... ",ytaesu1111님의블로그,blog.naver.com/ytaesu1111,naver_blog,손흥민,canonical,1.0,2026-05-26T11:52:46.738110+00:00,0,0,0,0,ytaesu1111님의블로그,"<b>손흥민</b> 이강인 김민재 황희찬 유럽 빅리그에서 활약 중인 선수들이 대거 포진해 있지만, 전문가들은... 불안함” “<b>손흥민</b> 컨디션이 핵심” “이번 월드컵은 진짜 기대된다” 특히 최근 월드컵 콘텐츠와 예측... ","{""title"": ""“체코가 숨긴 칼이 있다?” 매화도령의 충격 예언… 2026... "", ""link"": ""https://blog.naver.com/ytaesu1111/224297201141"", ""description"": ""<b>손흥민</b> 이강인 김민재 황희찬 유럽 빅리그에서 활약 중인 선수들이 대거 포진해 있지만, 전문가들은... 불안함” “<b>손흥민</b> 컨디션이 핵심” “이번 월드컵은 진짜 기대된다” 특히 최근 월드컵 콘텐츠와 예측... "", ""bloggername"": ""ytaesu1111님의블로그"", ""bloggerlink"": ""blog.naver.com/ytaesu1111"", ""postdate"": ""20260526""}"
손흥민,single_term_fallback,손흥민,"한국 축구 대표팀 중계, 북중미 월드컵 준비 상황 총정리",https://blog.naver.com/pigdream_26/224296824581,20260526,한국 대표팀은 <b>손흥민</b>·이강인·김민재 중심 전력으로 기대를 받고 있다. 중계 플랫폼도 TV 중심에서 OTT... 최근 축구 팬들 분위기를 보면 단순히 경기 결과 예상보다: 어디서 중계 보나 <b>손흥민</b> 마지막... ,pigdream_26님의 블로그,blog.naver.com/pigdream_26,naver_blog,손흥민,canonical,1.0,2026-05-26T11:52:46.738110+00:00,0,0,0,0,pigdream_26님의 블로그,한국 대표팀은 <b>손흥민</b>·이강인·김민재 중심 전력으로 기대를 받고 있다. 중계 플랫폼도 TV 중심에서 OTT... 최근 축구 팬들 분위기를 보면 단순히 경기 결과 예상보다: 어디서 중계 보나 <b>손흥민</b> 마지막... ,"{""title"": ""한국 축구 대표팀 중계, 북중미 월드컵 준비 상황 총정리"", ""link"": ""https://blog.naver.com/pigdream_26/224296824581"", ""description"": ""한국 대표팀은 <b>손흥민</b>·이강인·김민재 중심 전력으로 기대를 받고 있다. 중계 플랫폼도 TV 중심에서 OTT... 최근 축구 팬들 분위기를 보면 단순히 경기 결과 예상보다: 어디서 중계 보나 <b>손흥민</b> 마지막... "", ""bloggername"": ""pigdream_26님의 블로그"", ""bloggerlink"": ""blog.naver.com/pigdream_26"", ""postdate"": ""20260526""}"
손흥민,single_term_fallback,손흥민,“이제 진짜 월드컵 시작입니다” <b>손흥민</b> 美 캠프 입성에 팬들... ,https://blog.naver.com/justin1553/224297175353,20260526,"“이제 진짜 월드컵 시작입니다” <b>손흥민</b> 美 캠프 입성에 팬들 기대 폭발 <b>손흥민</b>이 미국 솔트레이크시티 홍명보호 캠프에 합류했습니다. 4번째 월드컵과 16강·8강 도전, 김민재·이강인 합류 예정 분위기까지... ",쑥쑥이의 세상이야기,blog.naver.com/justin1553,naver_blog,손흥민,canonical,1.0,2026-05-26T11:52:46.738110+00:00,0,0,0,0,쑥쑥이의 세상이야기,"“이제 진짜 월드컵 시작입니다” <b>손흥민</b> 美 캠프 입성에 팬들 기대 폭발 <b>손흥민</b>이 미국 솔트레이크시티 홍명보호 캠프에 합류했습니다. 4번째 월드컵과 16강·8강 도전, 김민재·이강인 합류 예정 분위기까지... ","{""title"": ""“이제 진짜 월드컵 시작입니다” <b>손흥민</b> 美 캠프 입성에 팬들... "", ""link"": ""https://blog.naver.com/justin1553/224297175353"", ""description"": ""“이제 진짜 월드컵 시작입니다” <b>손흥민</b> 美 캠프 입성에 팬들 기대 폭발 <b>손흥민</b>이 미국 솔트레이크시티 홍명보호 캠프에 합류했습니다. 4번째 월드컵과 16강·8강 도전, 김민재·이강인 합류 예정 분위기까지... "", ""bloggername"": ""쑥쑥이의 세상이야기"", ""bloggerlink"": ""blog.naver.com/justin1553"", ""postdate"": ""20260526""}"
손흥민,single_term_fallback,손흥민,캡틴 <b>손흥민</b> 선수의 2026 북중미 월드컵 대표팀 훈련장 합류!!,https://blog.naver.com/xton1031/224297195384,20260526,'첫 월드컵에 참가하는 것처럼 설레인다' 라는 #캡틴 #<b>손흥민</b> 선수가 #2026북중미월드컵 대표팀 훈련장에 합류를 하였습니다. 이제부터 시작이죠. 그리고 우리도 할 수 있답니다. 정말 쉬운 상대는 없습니다.... ,나눔터지역아동센터 사랑이야기,blog.naver.com/xton1031,naver_blog,손흥민,canonical,1.0,2026-05-26T11:52:46.738110+00:00,0,0,0,0,나눔터지역아동센터 사랑이야기,'첫 월드컵에 참가하는 것처럼 설레인다' 라는 #캡틴 #<b>손흥민</b> 선수가 #2026북중미월드컵 대표팀 훈련장에 합류를 하였습니다. 이제부터 시작이죠. 그리고 우리도 할 수 있답니다. 정말 쉬운 상대는 없습니다.... ,"{""title"": ""캡틴 <b>손흥민</b> 선수의 2026 북중미 월드컵 대표팀 훈련장 합류!!"", ""link"": ""https://blog.naver.com/xton1031/224297195384"", ""description"": ""'첫 월드컵에 참가하는 것처럼 설레인다' 라는 #캡틴 #<b>손흥민</b> 선수가 #2026북중미월드컵 대표팀 훈련장에 합류를 하였습니다. 이제부터 시작이죠. 그리고 우리도 할 수 있답니다. 정말 쉬운 상대는 없습니다.... "", ""bloggername"": ""나눔터지역아동센터 사랑이야기"", ""bloggerlink"": ""blog.naver.com/xton1031"", ""postdate"": ""20260526""}"
손흥민,single_term_fallback,손흥민,"북중미 월드컵 대한민국 예상 성적 분석, 16강 이상 가능할까?",https://blog.naver.com/tjsgh2769/224297192785,20260526,"<b>손흥민</b>을 중심으로 유럽 무대에서 활약 중인 선수들이 꾸준히 늘어나고 있으며, 공격 전개 속도와 개인... <b>손흥민</b> 세대를 중심으로 한 공격력은 충분히 경쟁력이 있으며, 조편성에 따라서는 조 1위 경쟁도 가능할... ",소금 블로그,blog.naver.com/tjsgh2769,naver_blog,손흥민,canonical,1.0,2026-05-26T11:52:46.738110+00:00,0,0,0,0,소금 블로그,"<b>손흥민</b>을 중심으로 유럽 무대에서 활약 중인 선수들이 꾸준히 늘어나고 있으며, 공격 전개 속도와 개인... <b>손흥민</b> 세대를 중심으로 한 공격력은 충분히 경쟁력이 있으며, 조편성에 따라서는 조 1위 경쟁도 가능할... ","{""title"": ""북중미 월드컵 대한민국 예상 성적 분석, 16강 이상 가능할까?"", ""link"": ""https://blog.naver.com/tjsgh2769/224297192785"", ""description"": ""<b>손흥민</b>을 중심으로 유럽 무대에서 활약 중인 선수들이 꾸준히 늘어나고 있으며, 공격 전개 속도와 개인... <b>손흥민</b> 세대를 중심으로 한 공격력은 충분히 경쟁력이 있으며, 조편성에 따라서는 조 1위 경쟁도 가능할... "", ""bloggername"": ""소금 블로그"", ""bloggerlink"": ""blog.naver.com/tjsgh2769"", ""postdate"": ""20260526""}"
손흥민,single_term_fallback,손흥민,<b>손흥민</b> &quot;원형 탈모 아니에요&quot; 직접 해명...&quot;스트레스 받을 일... ,https://blog.naver.com/jikl7201/224297192262,20260526,"<b>손흥민</b>, 원형 탈모 논란 직접 해명 대한민국 축구 국가대표팀 주장 <b>손흥민</b>이 최근 불거진 원형 탈모 논란을 직접 해명했습니다. <b>손흥민</b>은 &quot;원형 탈모 아니에요&quot;라며 &quot;스트레스 받을 일 없는데 왜 탈모가... ",목련,blog.naver.com/jikl7201,naver_blog,손흥민,canonical,1.0,2026-05-26T11:52:46.738110+00:00,0,0,0,0,목련,"<b>손흥민</b>, 원형 탈모 논란 직접 해명 대한민국 축구 국가대표팀 주장 <b>손흥민</b>이 최근 불거진 원형 탈모 논란을 직접 해명했습니다. <b>손흥민</b>은 &quot;원형 탈모 아니에요&quot;라며 &quot;스트레스 받을 일 없는데 왜 탈모가... ","{""title"": ""<b>손흥민</b> &quot;원형 탈모 아니에요&quot; 직접 해명...&quot;스트레스 받을 일... "", ""link"": ""https://blog.naver.com/jikl7201/224297192262"", ""description"": ""<b>손흥민</b>, 원형 탈모 논란 직접 해명 대한민국 축구 국가대표팀 주장 <b>손흥민</b>이 최근 불거진 원형 탈모 논란을 직접 해명했습니다. <b>손흥민</b>은 &quot;원형 탈모 아니에요&quot;라며 &quot;스트레스 받을 일 없는데 왜 탈모가... "", ""bloggername"": ""목련"", ""bloggerlink"": ""blog.naver.com/jikl7201"", ""postdate"": ""20260526""}"
손흥민,single_term_fallback,손흥민,"2026 북중미 월드컵 중계, 한국 대표팀이 주목받는 진짜 이유",https://blog.naver.com/pigdream113/224296817313,20260526,한국 대표팀은 <b>손흥민</b>·이강인·김민재 중심으로 기대감이 커지는 분위기다. 최근에는 TV보다 OTT... 괜찮나 <b>손흥민</b> 마지막 월드컵인가 이강인 중심 전술 가능할까 같은 이야기들이 훨씬 많이 보이는 느낌이다.... ,pigdream113님의 블로그,blog.naver.com/pigdream113,naver_blog,손흥민,canonical,1.0,2026-05-26T11:52:46.738110+00:00,0,0,0,0,pigdream113님의 블로그,한국 대표팀은 <b>손흥민</b>·이강인·김민재 중심으로 기대감이 커지는 분위기다. 최근에는 TV보다 OTT... 괜찮나 <b>손흥민</b> 마지막 월드컵인가 이강인 중심 전술 가능할까 같은 이야기들이 훨씬 많이 보이는 느낌이다.... ,"{""title"": ""2026 북중미 월드컵 중계, 한국 대표팀이 주목받는 진짜 이유"", ""link"": ""https://blog.naver.com/pigdream113/224296817313"", ""description"": ""한국 대표팀은 <b>손흥민</b>·이강인·김민재 중심으로 기대감이 커지는 분위기다. 최근에는 TV보다 OTT... 괜찮나 <b>손흥민</b> 마지막 월드컵인가 이강인 중심 전술 가능할까 같은 이야기들이 훨씬 많이 보이는 느낌이다.... "", ""bloggername"": ""pigdream113님의 블로그"", ""bloggerlink"": ""blog.naver.com/pigdream113"", ""postdate"": ""20260526""}"
손흥민,single_term_fallback,손흥민,창원도계동맛집 화려한 불쇼와 푸짐한 양에 놀라는 고깃집... ,https://blog.naver.com/9292qus/224297190029,20260526,배불러서 숨도 안쉬어지는데 볶음밥 또 너무 맛있어서 폭식하고 왔습니다..ㅋㅋㅋ 입가심용으로 딱 좋은 요구르트와 함께 귀여운 <b>손흥민</b> 키링도 주셔서 기분좋은 식사 눈이 즐거운 화려한 볼거리로 스트레스를... ,그림일기,blog.naver.com/9292qus,naver_blog,손흥민,canonical,1.0,2026-05-26T11:52:46.738110+00:00,0,0,0,0,그림일기,배불러서 숨도 안쉬어지는데 볶음밥 또 너무 맛있어서 폭식하고 왔습니다..ㅋㅋㅋ 입가심용으로 딱 좋은 요구르트와 함께 귀여운 <b>손흥민</b> 키링도 주셔서 기분좋은 식사 눈이 즐거운 화려한 볼거리로 스트레스를... ,"{""title"": ""창원도계동맛집 화려한 불쇼와 푸짐한 양에 놀라는 고깃집... "", ""link"": ""https://blog.naver.com/9292qus/224297190029"", ""description"": ""배불러서 숨도 안쉬어지는데 볶음밥 또 너무 맛있어서 폭식하고 왔습니다..ㅋㅋㅋ 입가심용으로 딱 좋은 요구르트와 함께 귀여운 <b>손흥민</b> 키링도 주셔서 기분좋은 식사 눈이 즐거운 화려한 볼거리로 스트레스를... "", ""bloggername"": ""그림일기"", ""bloggerlink"": ""blog.naver.com/9292qus"", ""postdate"": ""20260526""}"
손흥민,single_term_fallback,손흥민,6·3 지방선거 후보자 712명 등록…9명 무투표 당선,https://blog.naver.com/borimn9920299/224288440810,20260526,미국 대응’ 내게 물어” 이재용 “힘모아 한 방향으로 갈 때”…노사 대화 재개하기로 [뉴스5 날씨] 내일도 한여름 같은 더위 이어져 북중미 월드컵 대표팀 26명 확정…주장 <b>손흥민</b> #KBSNEWS #KBS뉴스 #KBS,보리수 그늘 아래,blog.naver.com/borimn9920299,naver_blog,손흥민,canonical,1.0,2026-05-26T11:52:46.738110+00:00,0,0,0,0,보리수 그늘 아래,미국 대응’ 내게 물어” 이재용 “힘모아 한 방향으로 갈 때”…노사 대화 재개하기로 [뉴스5 날씨] 내일도 한여름 같은 더위 이어져 북중미 월드컵 대표팀 26명 확정…주장 <b>손흥민</b> #KBSNEWS #KBS뉴스 #KBS,"{""title"": ""6·3 지방선거 후보자 712명 등록…9명 무투표 당선"", ""link"": ""https://blog.naver.com/borimn9920299/224288440810"", ""description"": ""미국 대응’ 내게 물어” 이재용 “힘모아 한 방향으로 갈 때”…노사 대화 재개하기로 [뉴스5 날씨] 내일도 한여름 같은 더위 이어져 북중미 월드컵 대표팀 26명 확정…주장 <b>손흥민</b> #KBSNEWS #KBS뉴스 #KBS"", ""bloggername"": ""보리수 그늘 아래"", ""bloggerlink"": ""blog.naver.com/borimn9920299"", ""postdate"": ""20260526""}"
손흥민,single_term_fallback,손흥민,2026 북중미 월드컵 한국 대표팀 중계 보는 법 총정리,https://blog.naver.com/aoutworld/224296804252,20260526,글 요약 3줄 2026 북중미 월드컵은 <b>손흥민</b>·이강인·김민재 중심의 세대 조합이 가장 큰 관전 포인트다.... 한국 대표팀 핵심 관전 포인트 <b>손흥민</b> 마지막 월드컵 가능성 가장 관심이 높은 이야기 중 하나다.... ,쓰리빠의 일상,blog.naver.com/aoutworld,naver_blog,손흥민,canonical,1.0,2026-05-26T11:52:46.738110+00:00,0,0,0,0,쓰리빠의 일상,글 요약 3줄 2026 북중미 월드컵은 <b>손흥민</b>·이강인·김민재 중심의 세대 조합이 가장 큰 관전 포인트다.... 한국 대표팀 핵심 관전 포인트 <b>손흥민</b> 마지막 월드컵 가능성 가장 관심이 높은 이야기 중 하나다.... ,"{""title"": ""2026 북중미 월드컵 한국 대표팀 중계 보는 법 총정리"", ""link"": ""https://blog.naver.com/aoutworld/224296804252"", ""description"": ""글 요약 3줄 2026 북중미 월드컵은 <b>손흥민</b>·이강인·김민재 중심의 세대 조합이 가장 큰 관전 포인트다.... 한국 대표팀 핵심 관전 포인트 <b>손흥민</b> 마지막 월드컵 가능성 가장 관심이 높은 이야기 중 하나다.... "", ""bloggername"": ""쓰리빠의 일상"", ""bloggerlink"": ""blog.naver.com/aoutworld"", ""postdate"": ""20260526""}"
손흥민,single_term_fallback,손흥민,"2026 북중미 월드컵 중계 보는 방법, 한국 대표팀이 주목받는... ",https://blog.naver.com/berry_berry_02/224296810036,20260526,한국 대표팀은 <b>손흥민</b>·이강인·김민재 중심의 조합으로 기대를 받고 있다. 중계 플랫폼도... 가장 관심이 높은 한국 대표팀 선수들 <b>손흥민</b> 마지막 월드컵 가능성 축구 팬들 사이에서 가장 많이 언급되는 이야기... ,berry_berry_02님의 블로그,blog.naver.com/berry_berry_02,naver_blog,손흥민,canonical,1.0,2026-05-26T11:52:46.738110+00:00,0,0,0,0,berry_berry_02님의 블로그,한국 대표팀은 <b>손흥민</b>·이강인·김민재 중심의 조합으로 기대를 받고 있다. 중계 플랫폼도... 가장 관심이 높은 한국 대표팀 선수들 <b>손흥민</b> 마지막 월드컵 가능성 축구 팬들 사이에서 가장 많이 언급되는 이야기... ,"{""title"": ""2026 북중미 월드컵 중계 보는 방법, 한국 대표팀이 주목받는... "", ""link"": ""https://blog.naver.com/berry_berry_02/224296810036"", ""description"": ""한국 대표팀은 <b>손흥민</b>·이강인·김민재 중심의 조합으로 기대를 받고 있다. 중계 플랫폼도... 가장 관심이 높은 한국 대표팀 선수들 <b>손흥민</b> 마지막 월드컵 가능성 축구 팬들 사이에서 가장 많이 언급되는 이야기... "", ""bloggername"": ""berry_berry_02님의 블로그"", ""bloggerlink"": ""blog.naver.com/berry_berry_02"", ""postdate"": ""20260526""}"
손흥민,single_term_fallback,손흥민,트리니다드토비고전 엘사바도르전,https://blog.naver.com/khj368368jin/224297181516,20260526,"김민재, <b>손흥민</b>, 이강인 등 대표팀 보고싶지만 못본다니 ㅠㅠ 오전 10시라니 목요일 출근해야되서 못본다니 #대한민국축구 #대한민국축구대표팀 #<b>손흥민</b>#이강인 #황희찬 #김민재축구선수 #조현우",슬기로운축구팬의일기,blog.naver.com/khj368368jin,naver_blog,손흥민,canonical,1.0,2026-05-26T11:52:46.738110+00:00,0,0,0,0,슬기로운축구팬의일기,"김민재, <b>손흥민</b>, 이강인 등 대표팀 보고싶지만 못본다니 ㅠㅠ 오전 10시라니 목요일 출근해야되서 못본다니 #대한민국축구 #대한민국축구대표팀 #<b>손흥민</b>#이강인 #황희찬 #김민재축구선수 #조현우","{""title"": ""트리니다드토비고전 엘사바도르전"", ""link"": ""https://blog.naver.com/khj368368jin/224297181516"", ""description"": ""김민재, <b>손흥민</b>, 이강인 등 대표팀 보고싶지만 못본다니 ㅠㅠ 오전 10시라니 목요일 출근해야되서 못본다니 #대한민국축구 #대한민국축구대표팀 #<b>손흥민</b>#이강인 #황희찬 #김민재축구선수 #조현우"", ""bloggername"": ""슬기로운축구팬의일기"", ""bloggerlink"": ""blog.naver.com/khj368368jin"", ""postdate"": ""20260526""}"
손흥민,single_term_fallback,손흥민,"에이징커브 논란 <b>손흥민</b>, 동전만한 '원형탈모'.? SNS에서 직접... ",https://blog.naver.com/linzy-/224297163813,20260526,"바로 대한민국 축구 국가대표팀의 정신적 지주이자캡틴, <b>손흥민</b> 선수의 '원형 탈모설'이었는데요. 소속팀에서의 부진으로 인한 스트레스 때문이 아니냐는 팬들의 걱정이 쏟아지자, <b>손흥민</b> 선수가 직접 SNS를... ",린지비즈,blog.naver.com/linzy-,naver_blog,손흥민,canonical,1.0,2026-05-26T11:52:46.738110+00:00,0,0,0,0,린지비즈,"바로 대한민국 축구 국가대표팀의 정신적 지주이자캡틴, <b>손흥민</b> 선수의 '원형 탈모설'이었는데요. 소속팀에서의 부진으로 인한 스트레스 때문이 아니냐는 팬들의 걱정이 쏟아지자, <b>손흥민</b> 선수가 직접 SNS를... ","{""title"": ""에이징커브 논란 <b>손흥민</b>, 동전만한 '원형탈모'.? SNS에서 직접... "", ""link"": ""https://blog.naver.com/linzy-/224297163813"", ""description"": ""바로 대한민국 축구 국가대표팀의 정신적 지주이자캡틴, <b>손흥민</b> 선수의 '원형 탈모설'이었는데요. 소속팀에서의 부진으로 인한 스트레스 때문이 아니냐는 팬들의 걱정이 쏟아지자, <b>손흥민</b> 선수가 직접 SNS를... "", ""bloggername"": ""린지비즈"", ""bloggerlink"": ""blog.naver.com/linzy-"", ""postdate"": ""20260526""}"
손흥민,single_term_fallback,손흥민,"[일상기록] <b>손흥민</b> 선수와 함께하는 4번째, 2026 북중미... ",https://blog.naver.com/dolce_diary/224297158250,20260526,"26명 중에 20명이 해외파고 등등 여러 정보가 있지만,, 이번 월드컵에서 <b>손흥민</b> 선수가 1골만 더 넣으면 월드컵 최다 득점 선수가 된다는 거! 마지막이 될 수도 있으니, 멋진 골 장면이... ",My Dolce Days,blog.naver.com/dolce_diary,naver_blog,손흥민,canonical,1.0,2026-05-26T11:52:46.738110+00:00,0,0,0,0,My Dolce Days,"26명 중에 20명이 해외파고 등등 여러 정보가 있지만,, 이번 월드컵에서 <b>손흥민</b> 선수가 1골만 더 넣으면 월드컵 최다 득점 선수가 된다는 거! 마지막이 될 수도 있으니, 멋진 골 장면이... ","{""title"": ""[일상기록] <b>손흥민</b> 선수와 함께하는 4번째, 2026 북중미... "", ""link"": ""https://blog.naver.com/dolce_diary/224297158250"", ""description"": ""26명 중에 20명이 해외파고 등등 여러 정보가 있지만,, 이번 월드컵에서 <b>손흥민</b> 선수가 1골만 더 넣으면 월드컵 최다 득점 선수가 된다는 거! 마지막이 될 수도 있으니, 멋진 골 장면이... "", ""bloggername"": ""My Dolce Days"", ""bloggerlink"": ""blog.naver.com/dolce_diary"", ""postdate"": ""20260526""}"
손흥민,single_term_fallback,손흥민,활용도 높은 <b>손흥민</b> 싸인 카드 <b>손흥민</b> 명언 사인 전시 프레임... ,https://blog.naver.com/fam55l/224297153886,20260526,활용도 높은 <b>손흥민</b> 싸인 카드 <b>손흥민</b> 명언 사인 전시 프레임 2개 세트 사용하기 편한 제품 <b>손흥민</b> 명언 사인 1. <b>손흥민</b> 명언 사인 <b>손흥민</b> 선수의 영감 가득한 명언이 담긴 사인 전시 프레임 세트. 어떤... ,fam55l님의 블로그,blog.naver.com/fam55l,naver_blog,손흥민,canonical,1.0,2026-05-26T11:52:46.738110+00:00,0,0,0,0,fam55l님의 블로그,활용도 높은 <b>손흥민</b> 싸인 카드 <b>손흥민</b> 명언 사인 전시 프레임 2개 세트 사용하기 편한 제품 <b>손흥민</b> 명언 사인 1. <b>손흥민</b> 명언 사인 <b>손흥민</b> 선수의 영감 가득한 명언이 담긴 사인 전시 프레임 세트. 어떤... ,"{""title"": ""활용도 높은 <b>손흥민</b> 싸인 카드 <b>손흥민</b> 명언 사인 전시 프레임... "", ""link"": ""https://blog.naver.com/fam55l/224297153886"", ""description"": ""활용도 높은 <b>손흥민</b> 싸인 카드 <b>손흥민</b> 명언 사인 전시 프레임 2개 세트 사용하기 편한 제품 <b>손흥민</b> 명언 사인 1. <b>손흥민</b> 명언 사인 <b>손흥민</b> 선수의 영감 가득한 명언이 담긴 사인 전시 프레임 세트. 어떤... "", ""bloggername"": ""fam55l님의 블로그"", ""bloggerlink"": ""blog.naver.com/fam55l"", ""postdate"": ""20260526""}"
손흥민,single_term_fallback,손흥민,"'4번째 월드컵 도전’ <b>손흥민</b>, 솔트레이크시티 대표팀 합류",https://blog.naver.com/blairkr/224297149269,20260526,"캡틴 <b>손흥민</b>이 대표팀에 합류하며 통산 네 번째 월드컵 여정을 향한 본격적인 레이스에 돌입했습니다. 소속팀 로스앤젤레스FC(LAFC)의 리그 일정을 모두 소화한 뒤 곧바로 비행기에 몸을 실은 <b>손흥민</b>은, 휴식 한... ","기록과 역사가 있는 축구, Play On :D",blog.naver.com/blairkr,naver_blog,손흥민,canonical,1.0,2026-05-26T11:52:46.738110+00:00,0,0,0,0,"기록과 역사가 있는 축구, Play On :D","캡틴 <b>손흥민</b>이 대표팀에 합류하며 통산 네 번째 월드컵 여정을 향한 본격적인 레이스에 돌입했습니다. 소속팀 로스앤젤레스FC(LAFC)의 리그 일정을 모두 소화한 뒤 곧바로 비행기에 몸을 실은 <b>손흥민</b>은, 휴식 한... ","{""title"": ""'4번째 월드컵 도전’ <b>손흥민</b>, 솔트레이크시티 대표팀 합류"", ""link"": ""https://blog.naver.com/blairkr/224297149269"", ""description"": ""캡틴 <b>손흥민</b>이 대표팀에 합류하며 통산 네 번째 월드컵 여정을 향한 본격적인 레이스에 돌입했습니다. 소속팀 로스앤젤레스FC(LAFC)의 리그 일정을 모두 소화한 뒤 곧바로 비행기에 몸을 실은 <b>손흥민</b>은, 휴식 한... "", ""bloggername"": ""기록과 역사가 있는 축구, Play On :D"", ""bloggerlink"": ""blog.naver.com/blairkr"", ""postdate"": ""20260526""}"
손흥민,single_term_fallback,손흥민,[2026.05.26 업데이트] 2026 월드컵 경기 일정 캘린더,https://blog.naver.com/avengers7778/224297145099,20260526,카메라에 걸리자 본인도 멋쩍은 웃음 ㅋㅋ 근데 난 지금까지 <b>손흥민</b> 팬이지 토트넘 팬이 아니라고 항상 선을 그었는데 경기 막판 팬들이 다 같이 응원하는 장면에서 순간 뭉클...! 그리고 경기 후 선수들이... ,수자매의 수수한 일상,blog.naver.com/avengers7778,naver_blog,손흥민,canonical,1.0,2026-05-26T11:52:46.738110+00:00,0,0,0,0,수자매의 수수한 일상,카메라에 걸리자 본인도 멋쩍은 웃음 ㅋㅋ 근데 난 지금까지 <b>손흥민</b> 팬이지 토트넘 팬이 아니라고 항상 선을 그었는데 경기 막판 팬들이 다 같이 응원하는 장면에서 순간 뭉클...! 그리고 경기 후 선수들이... ,"{""title"": ""[2026.05.26 업데이트] 2026 월드컵 경기 일정 캘린더"", ""link"": ""https://blog.naver.com/avengers7778/224297145099"", ""description"": ""카메라에 걸리자 본인도 멋쩍은 웃음 ㅋㅋ 근데 난 지금까지 <b>손흥민</b> 팬이지 토트넘 팬이 아니라고 항상 선을 그었는데 경기 막판 팬들이 다 같이 응원하는 장면에서 순간 뭉클...! 그리고 경기 후 선수들이... "", ""bloggername"": ""수자매의 수수한 일상"", ""bloggerlink"": ""blog.naver.com/avengers7778"", ""postdate"": ""20260526""}"
손흥민,single_term_fallback,손흥민,"&quot;대한민국 캡틴이 도착했습니다&quot; <b>손흥민</b>, 솔트레이크 캠프 입소",https://blog.naver.com/schinmagazine/224297143900,20260526,"&quot;대한민국 캡틴이 도착했습니다&quot; <b>손흥민</b>, 솔트레이크 캠프 입소 대한민국 축구대표팀 주장 <b>손흥민</b>이 2026 북중미 월드컵을 향한 본격적인 담금질에 돌입했습니다. ‘홍명보호’의 핵심 전력인 <b>손흥민</b>은... ",덕후오리 '덕이'의 뉴스 브리핑! 덕이매거진!,blog.naver.com/schinmagazine,naver_blog,손흥민,canonical,1.0,2026-05-26T11:52:46.738110+00:00,0,0,0,0,덕후오리 '덕이'의 뉴스 브리핑! 덕이매거진!,"&quot;대한민국 캡틴이 도착했습니다&quot; <b>손흥민</b>, 솔트레이크 캠프 입소 대한민국 축구대표팀 주장 <b>손흥민</b>이 2026 북중미 월드컵을 향한 본격적인 담금질에 돌입했습니다. ‘홍명보호’의 핵심 전력인 <b>손흥민</b>은... ","{""title"": ""&quot;대한민국 캡틴이 도착했습니다&quot; <b>손흥민</b>, 솔트레이크 캠프 입소"", ""link"": ""https://blog.naver.com/schinmagazine/224297143900"", ""description"": ""&quot;대한민국 캡틴이 도착했습니다&quot; <b>손흥민</b>, 솔트레이크 캠프 입소 대한민국 축구대표팀 주장 <b>손흥민</b>이 2026 북중미 월드컵을 향한 본격적인 담금질에 돌입했습니다. ‘홍명보호’의 핵심 전력인 <b>손흥민</b>은... "", ""bloggername"": ""덕후오리 '덕이'의 뉴스 브리핑! 덕이매거진!"", ""bloggerlink"": ""blog.naver.com/schinmagazine"", ""postdate"": ""20260526""}"
손흥민,single_term_fallback,손흥민,"30년 만의 추락: 볼프스부르크, 2부 리그행 확정...에릭센의 눈물",https://blog.naver.com/nowmoon101/224297138702,20260526,"에릭센, 두 번의 좌절을 겪다 <b>손흥민</b> 선수의 절친으로 알려진 크리스티안 에릭센에게는 더욱 힘든 시간이었습니다. 볼프스부르크의 주장으로서 두 경기에 모두 출전하며 팀을 이끌었지만, 팀의 강등을 막지... ",지금 이 이슈,blog.naver.com/nowmoon101,naver_blog,손흥민,canonical,1.0,2026-05-26T11:52:46.738110+00:00,0,0,0,0,지금 이 이슈,"에릭센, 두 번의 좌절을 겪다 <b>손흥민</b> 선수의 절친으로 알려진 크리스티안 에릭센에게는 더욱 힘든 시간이었습니다. 볼프스부르크의 주장으로서 두 경기에 모두 출전하며 팀을 이끌었지만, 팀의 강등을 막지... ","{""title"": ""30년 만의 추락: 볼프스부르크, 2부 리그행 확정...에릭센의 눈물"", ""link"": ""https://blog.naver.com/nowmoon101/224297138702"", ""description"": ""에릭센, 두 번의 좌절을 겪다 <b>손흥민</b> 선수의 절친으로 알려진 크리스티안 에릭센에게는 더욱 힘든 시간이었습니다. 볼프스부르크의 주장으로서 두 경기에 모두 출전하며 팀을 이끌었지만, 팀의 강등을 막지... "", ""bloggername"": ""지금 이 이슈"", ""bloggerlink"": ""blog.naver.com/nowmoon101"", ""postdate"": ""20260526""}"
손흥민,single_term_fallback,손흥민,&quot;원형탈모 아니에요&quot; <b>손흥민</b>이 직접 입 열었다…팬들 걱정에... ,https://blog.naver.com/hitthemoney/224297143979,20260526,며칠 전부터 온라인 커뮤니티와 SNS에서 <b>손흥민</b> 선수 이야기가 계속 올라오고 있었어요. 축구 이야기가 아니었죠. 바로 '원형탈모 논란' 때문이었어요. 경기 중계 화면에 <b>손흥민</b> 선수의 뒷머리 일부가 비어... ,매일 적립하는 부자 습관,blog.naver.com/hitthemoney,naver_blog,손흥민,canonical,1.0,2026-05-26T11:52:46.738110+00:00,0,0,0,0,매일 적립하는 부자 습관,며칠 전부터 온라인 커뮤니티와 SNS에서 <b>손흥민</b> 선수 이야기가 계속 올라오고 있었어요. 축구 이야기가 아니었죠. 바로 '원형탈모 논란' 때문이었어요. 경기 중계 화면에 <b>손흥민</b> 선수의 뒷머리 일부가 비어... ,"{""title"": ""&quot;원형탈모 아니에요&quot; <b>손흥민</b>이 직접 입 열었다…팬들 걱정에... "", ""link"": ""https://blog.naver.com/hitthemoney/224297143979"", ""description"": ""며칠 전부터 온라인 커뮤니티와 SNS에서 <b>손흥민</b> 선수 이야기가 계속 올라오고 있었어요. 축구 이야기가 아니었죠. 바로 '원형탈모 논란' 때문이었어요. 경기 중계 화면에 <b>손흥민</b> 선수의 뒷머리 일부가 비어... "", ""bloggername"": ""매일 적립하는 부자 습관"", ""bloggerlink"": ""blog.naver.com/hitthemoney"", ""postdate"": ""20260526""}"
손흥민,single_term_fallback,손흥민,"아즈문 대표팀 복귀, 이란 축구의 미래에 드리운 그림자",https://blog.naver.com/reviewspectrum/224296499592,20260526,"그의 이름은 이란 팬들에게 큰 기대감을 안겨주며, A매치에서 57골이라는 놀라운 기록을 세우며 <b>손흥민</b> 선수와 비견될 만한 위상을 자랑하고 있거든요. 얼마 전까지도 국가대표팀에서 그의 활약을 기대하는... ",리뷰스펙트럼님의 블로그,blog.naver.com/reviewspectrum,naver_blog,손흥민,canonical,1.0,2026-05-26T11:52:46.738110+00:00,0,0,0,0,리뷰스펙트럼님의 블로그,"그의 이름은 이란 팬들에게 큰 기대감을 안겨주며, A매치에서 57골이라는 놀라운 기록을 세우며 <b>손흥민</b> 선수와 비견될 만한 위상을 자랑하고 있거든요. 얼마 전까지도 국가대표팀에서 그의 활약을 기대하는... ","{""title"": ""아즈문 대표팀 복귀, 이란 축구의 미래에 드리운 그림자"", ""link"": ""https://blog.naver.com/reviewspectrum/224296499592"", ""description"": ""그의 이름은 이란 팬들에게 큰 기대감을 안겨주며, A매치에서 57골이라는 놀라운 기록을 세우며 <b>손흥민</b> 선수와 비견될 만한 위상을 자랑하고 있거든요. 얼마 전까지도 국가대표팀에서 그의 활약을 기대하는... "", ""bloggername"": ""리뷰스펙트럼님의 블로그"", ""bloggerlink"": ""blog.naver.com/reviewspectrum"", ""postdate"": ""20260526""}"
손흥민,single_term_fallback,손흥민,"전주는 여전히 전주고, 나는 여전히 나야 너는 여전히 너야?",https://blog.naver.com/gnahhh/224297135925,20260526,원 없이 본 포스터 중간에 <b>손흥민</b> 포스터 왤케 열받냐고 단호박 스프와 구운 채소 10분만에 허겁지겁 먹어야했던 게 너무나도 아쉬울 따름이었다. 특히 단호박 스프가 너무너무 맛있어서 한 입 먹자마자 막... ,A TECHNICOLOR WORLD,blog.naver.com/gnahhh,naver_blog,손흥민,canonical,1.0,2026-05-26T11:52:46.738110+00:00,0,0,0,0,A TECHNICOLOR WORLD,원 없이 본 포스터 중간에 <b>손흥민</b> 포스터 왤케 열받냐고 단호박 스프와 구운 채소 10분만에 허겁지겁 먹어야했던 게 너무나도 아쉬울 따름이었다. 특히 단호박 스프가 너무너무 맛있어서 한 입 먹자마자 막... ,"{""title"": ""전주는 여전히 전주고, 나는 여전히 나야 너는 여전히 너야?"", ""link"": ""https://blog.naver.com/gnahhh/224297135925"", ""description"": ""원 없이 본 포스터 중간에 <b>손흥민</b> 포스터 왤케 열받냐고 단호박 스프와 구운 채소 10분만에 허겁지겁 먹어야했던 게 너무나도 아쉬울 따름이었다. 특히 단호박 스프가 너무너무 맛있어서 한 입 먹자마자 막... "", ""bloggername"": ""A TECHNICOLOR WORLD"", ""bloggerlink"": ""blog.naver.com/gnahhh"", ""postdate"": ""20260526""}"
손흥민,single_term_fallback,손흥민,"허웅·이강인, 300표 안팎 초접전…스포츠대상 팬심 승부... ",https://blog.naver.com/cbcpress/224297130971,20260526,"이어 김연경이 737표(4.5%), <b>손흥민</b>이 720표(4.4%)를 기록하며 뒤를 이었다. 또한 김도영, 이정후, 안세영, 윤이나 등 다양한 종목의 스타들도 이름을 올리며 스포츠 팬들의 폭넓은 참여를 보여주고 있다.... ",단박에 - CBC뉴스,blog.naver.com/cbcpress,naver_blog,손흥민,canonical,1.0,2026-05-26T11:52:46.738110+00:00,0,0,0,0,단박에 - CBC뉴스,"이어 김연경이 737표(4.5%), <b>손흥민</b>이 720표(4.4%)를 기록하며 뒤를 이었다. 또한 김도영, 이정후, 안세영, 윤이나 등 다양한 종목의 스타들도 이름을 올리며 스포츠 팬들의 폭넓은 참여를 보여주고 있다.... ","{""title"": ""허웅·이강인, 300표 안팎 초접전…스포츠대상 팬심 승부... "", ""link"": ""https://blog.naver.com/cbcpress/224297130971"", ""description"": ""이어 김연경이 737표(4.5%), <b>손흥민</b>이 720표(4.4%)를 기록하며 뒤를 이었다. 또한 김도영, 이정후, 안세영, 윤이나 등 다양한 종목의 스타들도 이름을 올리며 스포츠 팬들의 폭넓은 참여를 보여주고 있다.... "", ""bloggername"": ""단박에 - CBC뉴스"", ""bloggerlink"": ""blog.naver.com/cbcpress"", ""postdate"": ""20260526""}"
손흥민,single_term_fallback,손흥민,"루원시티점 <b>손흥민</b>머리,남자아이머리, 가일컷,가일펌,윤이쌤♡",https://blog.naver.com/tiumhair_rw/224297130637,20260526,안녕하세요 :) 티움헤어 루원시티점입니다 요즘은 어린이 고객님들도 깔끔하면서 트렌디한 스타일 많이 찾으시죠 이번 스타일은 단정한 느낌은 살리면서도 자연스럽게 분위기 있는 가르마 스타일로... ,티움헤어 루원시티점 Tiumhair,blog.naver.com/tiumhair_rw,naver_blog,손흥민,canonical,1.0,2026-05-26T11:52:46.738110+00:00,0,0,0,0,티움헤어 루원시티점 Tiumhair,안녕하세요 :) 티움헤어 루원시티점입니다 요즘은 어린이 고객님들도 깔끔하면서 트렌디한 스타일 많이 찾으시죠 이번 스타일은 단정한 느낌은 살리면서도 자연스럽게 분위기 있는 가르마 스타일로... ,"{""title"": ""루원시티점 <b>손흥민</b>머리,남자아이머리, 가일컷,가일펌,윤이쌤♡"", ""link"": ""https://blog.naver.com/tiumhair_rw/224297130637"", ""description"": ""안녕하세요 :) 티움헤어 루원시티점입니다 요즘은 어린이 고객님들도 깔끔하면서 트렌디한 스타일 많이 찾으시죠 이번 스타일은 단정한 느낌은 살리면서도 자연스럽게 분위기 있는 가르마 스타일로... "", ""bloggername"": ""티움헤어 루원시티점 Tiumhair"", ""bloggerlink"": ""blog.naver.com/tiumhair_rw"", ""postdate"": ""20260526""}"
손흥민,single_term_fallback,손흥민,2026 FIFA 북중미 월드컵 <b>손흥민</b> 이강인 한국 최종선수명단... ,https://blog.naver.com/mc_kwak/224297111603,20260526,2026 FIFA 북중미 월드컵 <b>손흥민</b> 이강인 한국 최종선수명단 A조 본선 경기일정 <b>손흥민</b> 이강인이 출전하는 2026 FIFA 북중미 월드컵이 드디어 눈앞에 성큼 다가왔다. 작년 말부터 월드컵 경기일정이나 한국 선수들... ,방구석 콘서트 수다통,blog.naver.com/mc_kwak,naver_blog,손흥민,canonical,1.0,2026-05-26T11:52:46.738110+00:00,0,0,0,0,방구석 콘서트 수다통,2026 FIFA 북중미 월드컵 <b>손흥민</b> 이강인 한국 최종선수명단 A조 본선 경기일정 <b>손흥민</b> 이강인이 출전하는 2026 FIFA 북중미 월드컵이 드디어 눈앞에 성큼 다가왔다. 작년 말부터 월드컵 경기일정이나 한국 선수들... ,"{""title"": ""2026 FIFA 북중미 월드컵 <b>손흥민</b> 이강인 한국 최종선수명단... "", ""link"": ""https://blog.naver.com/mc_kwak/224297111603"", ""description"": ""2026 FIFA 북중미 월드컵 <b>손흥민</b> 이강인 한국 최종선수명단 A조 본선 경기일정 <b>손흥민</b> 이강인이 출전하는 2026 FIFA 북중미 월드컵이 드디어 눈앞에 성큼 다가왔다. 작년 말부터 월드컵 경기일정이나 한국 선수들... "", ""bloggername"": ""방구석 콘서트 수다통"", ""bloggerlink"": ""blog.naver.com/mc_kwak"", ""postdate"": ""20260526""}"
손흥민,single_term_fallback,손흥민,스포츠캐스터 합격 전략 l 면접관의 마음을 사로잡는 오디션... ,https://blog.naver.com/winwinspeech/224297119204,20260526,"예를 들어, 한때 엄청난 화제를 모았던 <b>손흥민</b> 선수의 경기 중계 멘트 중 &quot;이 선수의 국적은 대한민국입니다&quot;라는 유명한 구절이 있습니다. 이를 자신만의 스타일로 비틀어 신선한 재미를 주거나, &quot;이 경기를... ",이김스피치,blog.naver.com/winwinspeech,naver_blog,손흥민,canonical,1.0,2026-05-26T11:52:46.738110+00:00,0,0,0,0,이김스피치,"예를 들어, 한때 엄청난 화제를 모았던 <b>손흥민</b> 선수의 경기 중계 멘트 중 &quot;이 선수의 국적은 대한민국입니다&quot;라는 유명한 구절이 있습니다. 이를 자신만의 스타일로 비틀어 신선한 재미를 주거나, &quot;이 경기를... ","{""title"": ""스포츠캐스터 합격 전략 l 면접관의 마음을 사로잡는 오디션... "", ""link"": ""https://blog.naver.com/winwinspeech/224297119204"", ""description"": ""예를 들어, 한때 엄청난 화제를 모았던 <b>손흥민</b> 선수의 경기 중계 멘트 중 &quot;이 선수의 국적은 대한민국입니다&quot;라는 유명한 구절이 있습니다. 이를 자신만의 스타일로 비틀어 신선한 재미를 주거나, &quot;이 경기를... "", ""bloggername"": ""이김스피치"", ""bloggerlink"": ""blog.naver.com/winwinspeech"", ""postdate"": ""20260526""}"
손흥민,single_term_fallback,손흥민,순수 체급으로 벌크업,https://blog.naver.com/basic3589/224297116142,20260526,자꾸 <b>손흥민</b>깍지 줘서 불매할뻔했어요. 빙수신상 나왔다그래서 출근직전에 급하게 포장해왔음 드디어 위시깍지겟또 일하다가 개졸려서 뇌정지되고 눈도 안보임 힘내서 일할라고 샀는데 큰 차도는 없었다... ,menhera1026,blog.naver.com/basic3589,naver_blog,손흥민,canonical,1.0,2026-05-26T11:52:46.738110+00:00,0,0,0,0,menhera1026,자꾸 <b>손흥민</b>깍지 줘서 불매할뻔했어요. 빙수신상 나왔다그래서 출근직전에 급하게 포장해왔음 드디어 위시깍지겟또 일하다가 개졸려서 뇌정지되고 눈도 안보임 힘내서 일할라고 샀는데 큰 차도는 없었다... ,"{""title"": ""순수 체급으로 벌크업"", ""link"": ""https://blog.naver.com/basic3589/224297116142"", ""description"": ""자꾸 <b>손흥민</b>깍지 줘서 불매할뻔했어요. 빙수신상 나왔다그래서 출근직전에 급하게 포장해왔음 드디어 위시깍지겟또 일하다가 개졸려서 뇌정지되고 눈도 안보임 힘내서 일할라고 샀는데 큰 차도는 없었다... "", ""bloggername"": ""menhera1026"", ""bloggerlink"": ""blog.naver.com/basic3589"", ""postdate"": ""20260526""}"
손흥민,single_term_fallback,손흥민,데일리 아이템 레알마드리드 호날두 유니폼 어린이... ,https://blog.naver.com/srjv_25x-n-17e/224297096714,20260526,"<b>손흥민</b> 유니폼 LAFC MLS 2025 축구 키즈 반팔티 호환상품 내구성과 실용성을 모두 갖춘 최고의 선택 이... 2.<b>손흥민</b> 유니폼 LAFC MLS 2025 축구 키즈 반팔티 호환상품 ￦ 19,850원 별점 : ⭐⭐⭐⭐⭐ 3.나이키정품... ",호미서재,blog.naver.com/srjv_25x-n-17e,naver_blog,손흥민,canonical,1.0,2026-05-26T11:52:46.738110+00:00,0,0,0,0,호미서재,"<b>손흥민</b> 유니폼 LAFC MLS 2025 축구 키즈 반팔티 호환상품 내구성과 실용성을 모두 갖춘 최고의 선택 이... 2.<b>손흥민</b> 유니폼 LAFC MLS 2025 축구 키즈 반팔티 호환상품 ￦ 19,850원 별점 : ⭐⭐⭐⭐⭐ 3.나이키정품... ","{""title"": ""데일리 아이템 레알마드리드 호날두 유니폼 어린이... "", ""link"": ""https://blog.naver.com/srjv_25x-n-17e/224297096714"", ""description"": ""<b>손흥민</b> 유니폼 LAFC MLS 2025 축구 키즈 반팔티 호환상품 내구성과 실용성을 모두 갖춘 최고의 선택 이... 2.<b>손흥민</b> 유니폼 LAFC MLS 2025 축구 키즈 반팔티 호환상품 ￦ 19,850원 별점 : ⭐⭐⭐⭐⭐ 3.나이키정품... "", ""bloggername"": ""호미서재"", ""bloggerlink"": ""blog.naver.com/srjv_25x-n-17e"", ""postdate"": ""20260526""}"
손흥민,single_term_fallback,손흥민,30대백수일상 • 런베글 감자치즈베이글 대체품 찾음... ,https://blog.naver.com/itzme_123/224297093711,20260526,요즘 핑핑 돌아 생리때문인가싶어서 철분제도 챙겨먹는데 인데놀때문인지 뭔지 머리가 핑 돌아요 뭐지 ai같은 <b>손흥민</b> 컵홀더 카페 가려다가 그냥 홈카페^^ 카페 배달 메가커피 감자빵 런베글 감자치즈... ,잠와요,blog.naver.com/itzme_123,naver_blog,손흥민,canonical,1.0,2026-05-26T11:52:46.738110+00:00,0,0,0,0,잠와요,요즘 핑핑 돌아 생리때문인가싶어서 철분제도 챙겨먹는데 인데놀때문인지 뭔지 머리가 핑 돌아요 뭐지 ai같은 <b>손흥민</b> 컵홀더 카페 가려다가 그냥 홈카페^^ 카페 배달 메가커피 감자빵 런베글 감자치즈... ,"{""title"": ""30대백수일상 • 런베글 감자치즈베이글 대체품 찾음... "", ""link"": ""https://blog.naver.com/itzme_123/224297093711"", ""description"": ""요즘 핑핑 돌아 생리때문인가싶어서 철분제도 챙겨먹는데 인데놀때문인지 뭔지 머리가 핑 돌아요 뭐지 ai같은 <b>손흥민</b> 컵홀더 카페 가려다가 그냥 홈카페^^ 카페 배달 메가커피 감자빵 런베글 감자치즈... "", ""bloggername"": ""잠와요"", ""bloggerlink"": ""blog.naver.com/itzme_123"", ""postdate"": ""20260526""}"
손흥민,single_term_fallback,손흥민,"“멕시코·체코 사이에서 살아남아라”… 홍명보호 A조, 첫... ",https://blog.naver.com/riverism-777/224297091359,20260526,"멕시코: 홈 이점과 고지대 적응, 조별리그 경험이 강점 한국: FIFA 랭킹은 A조 2위, <b>손흥민</b> 중심의 공격력과 월드컵 경험 보유 체코: 랭킹은 낮지만 유럽 대회 경험과 파트릭 시크라는 확실한 공격수 보유... ",리버의 소소한 발견,blog.naver.com/riverism-777,naver_blog,손흥민,canonical,1.0,2026-05-26T11:52:46.738110+00:00,0,0,0,0,리버의 소소한 발견,"멕시코: 홈 이점과 고지대 적응, 조별리그 경험이 강점 한국: FIFA 랭킹은 A조 2위, <b>손흥민</b> 중심의 공격력과 월드컵 경험 보유 체코: 랭킹은 낮지만 유럽 대회 경험과 파트릭 시크라는 확실한 공격수 보유... ","{""title"": ""“멕시코·체코 사이에서 살아남아라”… 홍명보호 A조, 첫... "", ""link"": ""https://blog.naver.com/riverism-777/224297091359"", ""description"": ""멕시코: 홈 이점과 고지대 적응, 조별리그 경험이 강점 한국: FIFA 랭킹은 A조 2위, <b>손흥민</b> 중심의 공격력과 월드컵 경험 보유 체코: 랭킹은 낮지만 유럽 대회 경험과 파트릭 시크라는 확실한 공격수 보유... "", ""bloggername"": ""리버의 소소한 발견"", ""bloggerlink"": ""blog.naver.com/riverism-777"", ""postdate"": ""20260526""}"
손흥민,single_term_fallback,손흥민,고유가 피해지원금 이의신청 이 글 하나면 끝나요｜소득감소... ,https://blog.naver.com/usuni7/224295391053,20260526,3 지방선거 후보 조회｜시장·구청장·교육감 후보 빠르게 확인했어요 2026 월드컵 한국 26인 명단 5분 정리｜김민재 무릎 통증·<b>손흥민</b> 부활·이강인 변수까지 최신 #고유가피해지원금 #이의신청 #소득감소증빙... ,자연 농부,blog.naver.com/usuni7,naver_blog,손흥민,canonical,1.0,2026-05-26T11:52:46.738110+00:00,0,0,0,0,자연 농부,3 지방선거 후보 조회｜시장·구청장·교육감 후보 빠르게 확인했어요 2026 월드컵 한국 26인 명단 5분 정리｜김민재 무릎 통증·<b>손흥민</b> 부활·이강인 변수까지 최신 #고유가피해지원금 #이의신청 #소득감소증빙... ,"{""title"": ""고유가 피해지원금 이의신청 이 글 하나면 끝나요｜소득감소... "", ""link"": ""https://blog.naver.com/usuni7/224295391053"", ""description"": ""3 지방선거 후보 조회｜시장·구청장·교육감 후보 빠르게 확인했어요 2026 월드컵 한국 26인 명단 5분 정리｜김민재 무릎 통증·<b>손흥민</b> 부활·이강인 변수까지 최신 #고유가피해지원금 #이의신청 #소득감소증빙... "", ""bloggername"": ""자연 농부"", ""bloggerlink"": ""blog.naver.com/usuni7"", ""postdate"": ""20260526""}"
손흥민,single_term_fallback,손흥민,260526 원주 태장초 유소년축구 4학년 태백부 우승,https://blog.naver.com/newwonju2016/224297076292,20260526,"축구대회’ 4학년 태백부에서 우승을 차지했습니다. 우리 선수들 가운데서 앞으로 대한민국 축구를 이끌 제2의 <b>손흥민</b> 같은 멋진 선수가 나오길 기대하며, 더 큰 꿈을 향한 도전을 계속 응원하겠습니다.",원주갑 국회의원 박정하,blog.naver.com/newwonju2016,naver_blog,손흥민,canonical,1.0,2026-05-26T11:52:46.738110+00:00,0,0,0,0,원주갑 국회의원 박정하,"축구대회’ 4학년 태백부에서 우승을 차지했습니다. 우리 선수들 가운데서 앞으로 대한민국 축구를 이끌 제2의 <b>손흥민</b> 같은 멋진 선수가 나오길 기대하며, 더 큰 꿈을 향한 도전을 계속 응원하겠습니다.","{""title"": ""260526 원주 태장초 유소년축구 4학년 태백부 우승"", ""link"": ""https://blog.naver.com/newwonju2016/224297076292"", ""description"": ""축구대회’ 4학년 태백부에서 우승을 차지했습니다. 우리 선수들 가운데서 앞으로 대한민국 축구를 이끌 제2의 <b>손흥민</b> 같은 멋진 선수가 나오길 기대하며, 더 큰 꿈을 향한 도전을 계속 응원하겠습니다."", ""bloggername"": ""원주갑 국회의원 박정하"", ""bloggerlink"": ""blog.naver.com/newwonju2016"", ""postdate"": ""20260526""}"
손흥민,single_term_fallback,손흥민,메가커피 사쿠야 컵홀더를 수집했다! 근데 새로운 단체... ,https://blog.naver.com/bocadillo_/224297070644,20260526,근데 컵홀더가 <b>손흥민</b>씨다. 순간 꺅두기 표정 되기.. 그러고 잠깐 고민을 했다. 컵홀더 물어말어.. 나는.. 나는! 사쿠야 컵홀더를 가져야겠어!! 입구에서 저기요-라고 하니 직원분들이 저 멀리 커피머신 앞에서... ,bocadillo,blog.naver.com/bocadillo_,naver_blog,손흥민,canonical,1.0,2026-05-26T11:52:46.738110+00:00,0,0,0,0,bocadillo,근데 컵홀더가 <b>손흥민</b>씨다. 순간 꺅두기 표정 되기.. 그러고 잠깐 고민을 했다. 컵홀더 물어말어.. 나는.. 나는! 사쿠야 컵홀더를 가져야겠어!! 입구에서 저기요-라고 하니 직원분들이 저 멀리 커피머신 앞에서... ,"{""title"": ""메가커피 사쿠야 컵홀더를 수집했다! 근데 새로운 단체... "", ""link"": ""https://blog.naver.com/bocadillo_/224297070644"", ""description"": ""근데 컵홀더가 <b>손흥민</b>씨다. 순간 꺅두기 표정 되기.. 그러고 잠깐 고민을 했다. 컵홀더 물어말어.. 나는.. 나는! 사쿠야 컵홀더를 가져야겠어!! 입구에서 저기요-라고 하니 직원분들이 저 멀리 커피머신 앞에서... "", ""bloggername"": ""bocadillo"", ""bloggerlink"": ""blog.naver.com/bocadillo_"", ""postdate"": ""20260526""}"
손흥민,single_term_fallback,손흥민,홍명보 축구 국가대표 역대급 포상 제도 도입 8강이면 최소 5억?,https://blog.naver.com/climbscene/224295956460,20260526,마지막이 될지도 모르는 <b>손흥민</b>까지 홍명보 감독이 고른 명단이 발표됐을 때 낯익은 이름과 새로운 이름들이 뒤섞여 있었을 텐데 그중에서도 단연 <b>손흥민</b> 선수의 이름이 눈에 띄었죠. 출처:뉴시스 <b>손흥민</b>... ,"클라이밍의 모든 순간, 클라임씬",blog.naver.com/climbscene,naver_blog,손흥민,canonical,1.0,2026-05-26T11:52:46.738110+00:00,0,0,0,0,"클라이밍의 모든 순간, 클라임씬",마지막이 될지도 모르는 <b>손흥민</b>까지 홍명보 감독이 고른 명단이 발표됐을 때 낯익은 이름과 새로운 이름들이 뒤섞여 있었을 텐데 그중에서도 단연 <b>손흥민</b> 선수의 이름이 눈에 띄었죠. 출처:뉴시스 <b>손흥민</b>... ,"{""title"": ""홍명보 축구 국가대표 역대급 포상 제도 도입 8강이면 최소 5억?"", ""link"": ""https://blog.naver.com/climbscene/224295956460"", ""description"": ""마지막이 될지도 모르는 <b>손흥민</b>까지 홍명보 감독이 고른 명단이 발표됐을 때 낯익은 이름과 새로운 이름들이 뒤섞여 있었을 텐데 그중에서도 단연 <b>손흥민</b> 선수의 이름이 눈에 띄었죠. 출처:뉴시스 <b>손흥민</b>... "", ""bloggername"": ""클라이밍의 모든 순간, 클라임씬"", ""bloggerlink"": ""blog.naver.com/climbscene"", ""postdate"": ""20260526""}"
손흥민,single_term_fallback,손흥민,<b>손흥민</b> 직접 해명했는데…팬들이 계속 걱정하는 진짜 이유,https://blog.naver.com/iqiqiqiq_/224296940642,20260526,"MLS ‘탈모설’보다 더 큰 문제, <b>손흥민</b>이 짊어진 무게감 해명에도 걱정이 사라지지 않았다 <b>손흥민</b>의 ‘탈모설’은 경기 중 잠깐 잡힌 뒷모습 한 장면에서 시작됐다. 온라인에서는 원형탈모 가능성까지... ",SPORTIQ,blog.naver.com/iqiqiqiq_,naver_blog,손흥민,canonical,1.0,2026-05-26T11:52:46.738110+00:00,0,0,0,0,SPORTIQ,"MLS ‘탈모설’보다 더 큰 문제, <b>손흥민</b>이 짊어진 무게감 해명에도 걱정이 사라지지 않았다 <b>손흥민</b>의 ‘탈모설’은 경기 중 잠깐 잡힌 뒷모습 한 장면에서 시작됐다. 온라인에서는 원형탈모 가능성까지... ","{""title"": ""<b>손흥민</b> 직접 해명했는데…팬들이 계속 걱정하는 진짜 이유"", ""link"": ""https://blog.naver.com/iqiqiqiq_/224296940642"", ""description"": ""MLS ‘탈모설’보다 더 큰 문제, <b>손흥민</b>이 짊어진 무게감 해명에도 걱정이 사라지지 않았다 <b>손흥민</b>의 ‘탈모설’은 경기 중 잠깐 잡힌 뒷모습 한 장면에서 시작됐다. 온라인에서는 원형탈모 가능성까지... "", ""bloggername"": ""SPORTIQ"", ""bloggerlink"": ""blog.naver.com/iqiqiqiq_"", ""postdate"": ""20260526""}"
손흥민,single_term_fallback,손흥민,(오산핸드폰)애플 스포츠 앱 공식 출시 ❗ 북중미 월드컵... ,https://blog.naver.com/gwoldongphone/224297066105,20260526,예: <b>손흥민</b> 골 ⚽ 경기 종료 연장전 이런 게 자동 업데이트됩니다. 설정 방법: 경기 들어가기 오른쪽 상단 종 모양/Follow 누르기 Live Activities 허용  팀 즐겨찾기 원하는 팀만 따로 관리 가능. 예... ,궐동폰,blog.naver.com/gwoldongphone,naver_blog,손흥민,canonical,1.0,2026-05-26T11:52:46.738110+00:00,0,0,0,0,궐동폰,예: <b>손흥민</b> 골 ⚽ 경기 종료 연장전 이런 게 자동 업데이트됩니다. 설정 방법: 경기 들어가기 오른쪽 상단 종 모양/Follow 누르기 Live Activities 허용  팀 즐겨찾기 원하는 팀만 따로 관리 가능. 예... ,"{""title"": ""(오산핸드폰)애플 스포츠 앱 공식 출시 ❗ 북중미 월드컵... "", ""link"": ""https://blog.naver.com/gwoldongphone/224297066105"", ""description"": ""예: <b>손흥민</b> 골 ⚽ 경기 종료 연장전 이런 게 자동 업데이트됩니다. 설정 방법: 경기 들어가기 오른쪽 상단 종 모양/Follow 누르기 Live Activities 허용  팀 즐겨찾기 원하는 팀만 따로 관리 가능. 예... "", ""bloggername"": ""궐동폰"", ""bloggerlink"": ""blog.naver.com/gwoldongphone"", ""postdate"": ""20260526""}"
손흥민,single_term_fallback,손흥민,크로아티아 여행 - 5(스플리트),https://blog.naver.com/the_only_light_/224297062915,20260526,이놈아 <b>손흥민</b>으로 정신없이 할 때부터 알아봤다~~그렇게 살지말어~~~ 나쁜놈한테 된통 당하고 각성한 나는 눈에 불을 켜고 사기를 안당하려고 했다 저녁은 시장에서 고기를 사서 스테이크를 해먹기로 해서... ,No name,blog.naver.com/the_only_light_,naver_blog,손흥민,canonical,1.0,2026-05-26T11:52:46.738110+00:00,0,0,0,0,No name,이놈아 <b>손흥민</b>으로 정신없이 할 때부터 알아봤다~~그렇게 살지말어~~~ 나쁜놈한테 된통 당하고 각성한 나는 눈에 불을 켜고 사기를 안당하려고 했다 저녁은 시장에서 고기를 사서 스테이크를 해먹기로 해서... ,"{""title"": ""크로아티아 여행 - 5(스플리트)"", ""link"": ""https://blog.naver.com/the_only_light_/224297062915"", ""description"": ""이놈아 <b>손흥민</b>으로 정신없이 할 때부터 알아봤다~~그렇게 살지말어~~~ 나쁜놈한테 된통 당하고 각성한 나는 눈에 불을 켜고 사기를 안당하려고 했다 저녁은 시장에서 고기를 사서 스테이크를 해먹기로 해서... "", ""bloggername"": ""No name"", ""bloggerlink"": ""blog.naver.com/the_only_light_"", ""postdate"": ""20260526""}"
손흥민,single_term_fallback,손흥민,"경기장, 거대한 시설이 아니라 다양성이 꽃피는 공공재로",https://blog.naver.com/seoulsportal/224297058041,20260526,<b>손흥민</b> 선수가 활약했던 런던의 ‘토트넘 홋스퍼 스타디움’은 경기가 없는 날 첨단 시설을 동원해 순식간에 거대한 공연장으로 탈바꿈한다. 이곳에서는 오는 7월 6일부터 7일까지 양일간 방탄소년단의 공연이... ,서울특별시체육회 블로그,blog.naver.com/seoulsportal,naver_blog,손흥민,canonical,1.0,2026-05-26T11:52:46.738110+00:00,0,0,0,0,서울특별시체육회 블로그,<b>손흥민</b> 선수가 활약했던 런던의 ‘토트넘 홋스퍼 스타디움’은 경기가 없는 날 첨단 시설을 동원해 순식간에 거대한 공연장으로 탈바꿈한다. 이곳에서는 오는 7월 6일부터 7일까지 양일간 방탄소년단의 공연이... ,"{""title"": ""경기장, 거대한 시설이 아니라 다양성이 꽃피는 공공재로"", ""link"": ""https://blog.naver.com/seoulsportal/224297058041"", ""description"": ""<b>손흥민</b> 선수가 활약했던 런던의 ‘토트넘 홋스퍼 스타디움’은 경기가 없는 날 첨단 시설을 동원해 순식간에 거대한 공연장으로 탈바꿈한다. 이곳에서는 오는 7월 6일부터 7일까지 양일간 방탄소년단의 공연이... "", ""bloggername"": ""서울특별시체육회 블로그"", ""bloggerlink"": ""blog.naver.com/seoulsportal"", ""postdate"": ""20260526""}"
손흥민,single_term_fallback,손흥민,"5월 5주차, 시사노트 - 공장은 돌지만 일자리는 줄었다,( *5월... ",https://blog.naver.com/hyezue/224297056221,20260526,"시사 한줄 _ 법무부, 검찰 훈·포장 2만여 건 전수조사 착수 (공적검증) 7) <b>손흥민</b>, 네 번째 월드컵 출전... <b>손흥민</b>은 이강인, 김민재, 이재성 등 핵심 선수들과 함께 명단에 이름을 올리며 네 번째 월드컵... ",비공식 발화록,blog.naver.com/hyezue,naver_blog,손흥민,canonical,1.0,2026-05-26T11:52:46.738110+00:00,0,0,0,0,비공식 발화록,"시사 한줄 _ 법무부, 검찰 훈·포장 2만여 건 전수조사 착수 (공적검증) 7) <b>손흥민</b>, 네 번째 월드컵 출전... <b>손흥민</b>은 이강인, 김민재, 이재성 등 핵심 선수들과 함께 명단에 이름을 올리며 네 번째 월드컵... ","{""title"": ""5월 5주차, 시사노트 - 공장은 돌지만 일자리는 줄었다,( *5월... "", ""link"": ""https://blog.naver.com/hyezue/224297056221"", ""description"": ""시사 한줄 _ 법무부, 검찰 훈·포장 2만여 건 전수조사 착수 (공적검증) 7) <b>손흥민</b>, 네 번째 월드컵 출전... <b>손흥민</b>은 이강인, 김민재, 이재성 등 핵심 선수들과 함께 명단에 이름을 올리며 네 번째 월드컵... "", ""bloggername"": ""비공식 발화록"", ""bloggerlink"": ""blog.naver.com/hyezue"", ""postdate"": ""20260526""}"
손흥민,single_term_fallback,손흥민,로봇스님 앞장 선 연등회…'평안과 화합으로',https://blog.naver.com/baionlegend4/224288559145,20260526,"https://tv.naver.com/v/99664770 로봇스님 앞장 선 연등회…'평안과 화합으로' <b>손흥민</b>, 4연속 월드컵으로…북중미행 26명 확정 북한산 실종 50대 여성, 28일 만에 숨진 채 발견 &quot;치료제는 꿈... ",오월의 향기가 난다,blog.naver.com/baionlegend4,naver_blog,손흥민,canonical,1.0,2026-05-26T11:52:46.738110+00:00,0,0,0,0,오월의 향기가 난다,"https://tv.naver.com/v/99664770 로봇스님 앞장 선 연등회…'평안과 화합으로' <b>손흥민</b>, 4연속 월드컵으로…북중미행 26명 확정 북한산 실종 50대 여성, 28일 만에 숨진 채 발견 &quot;치료제는 꿈... ","{""title"": ""로봇스님 앞장 선 연등회…'평안과 화합으로'"", ""link"": ""https://blog.naver.com/baionlegend4/224288559145"", ""description"": ""https://tv.naver.com/v/99664770 로봇스님 앞장 선 연등회…'평안과 화합으로' <b>손흥민</b>, 4연속 월드컵으로…북중미행 26명 확정 북한산 실종 50대 여성, 28일 만에 숨진 채 발견 &quot;치료제는 꿈... "", ""bloggername"": ""오월의 향기가 난다"", ""bloggerlink"": ""blog.naver.com/baionlegend4"", ""postdate"": ""20260526""}"
손흥민,single_term_fallback,손흥민,"30년 만의 추락: 에릭센의 눈물, 볼프스부르크 2부 리그행 확정",https://blog.naver.com/sunhoo272/224297037768,20260526,"에릭센, 두 번의 좌절을 겪다 <b>손흥민</b> 선수의 절친으로도 알려진 크리스티안 에릭센에게 이번 시즌은 유난히 힘든 시간이었습니다. 볼프스부르크의 주장으로서 팀의 잔류를 위해 모든 것을 쏟아부었지만, 결국... ",BBC 미디어센터,blog.naver.com/sunhoo272,naver_blog,손흥민,canonical,1.0,2026-05-26T11:52:46.738110+00:00,0,0,0,0,BBC 미디어센터,"에릭센, 두 번의 좌절을 겪다 <b>손흥민</b> 선수의 절친으로도 알려진 크리스티안 에릭센에게 이번 시즌은 유난히 힘든 시간이었습니다. 볼프스부르크의 주장으로서 팀의 잔류를 위해 모든 것을 쏟아부었지만, 결국... ","{""title"": ""30년 만의 추락: 에릭센의 눈물, 볼프스부르크 2부 리그행 확정"", ""link"": ""https://blog.naver.com/sunhoo272/224297037768"", ""description"": ""에릭센, 두 번의 좌절을 겪다 <b>손흥민</b> 선수의 절친으로도 알려진 크리스티안 에릭센에게 이번 시즌은 유난히 힘든 시간이었습니다. 볼프스부르크의 주장으로서 팀의 잔류를 위해 모든 것을 쏟아부었지만, 결국... "", ""bloggername"": ""BBC 미디어센터"", ""bloggerlink"": ""blog.naver.com/sunhoo272"", ""postdate"": ""20260526""}"
손흥민,single_term_fallback,손흥민,&quot;브렌트포드와 풀럼이 노린다&quot; 2부 추락한 황희찬을 향한... ,https://blog.naver.com/danta1ji/224297043452,20260526,올리며 <b>손흥민</b> 선수에 이어 아시아 선수로는 역대 두 번째로 EPL 단일 시즌 두 자릿수 득점이라는 대기록을 달성하며 전성기 흥행 가도를 달렸습니다 하지만 지난 시즌부터 잦은 허벅지 부상 악재와 극심한... ,스포츠 데일리,blog.naver.com/danta1ji,naver_blog,손흥민,canonical,1.0,2026-05-26T11:52:46.738110+00:00,0,0,0,0,스포츠 데일리,올리며 <b>손흥민</b> 선수에 이어 아시아 선수로는 역대 두 번째로 EPL 단일 시즌 두 자릿수 득점이라는 대기록을 달성하며 전성기 흥행 가도를 달렸습니다 하지만 지난 시즌부터 잦은 허벅지 부상 악재와 극심한... ,"{""title"": ""&quot;브렌트포드와 풀럼이 노린다&quot; 2부 추락한 황희찬을 향한... "", ""link"": ""https://blog.naver.com/danta1ji/224297043452"", ""description"": ""올리며 <b>손흥민</b> 선수에 이어 아시아 선수로는 역대 두 번째로 EPL 단일 시즌 두 자릿수 득점이라는 대기록을 달성하며 전성기 흥행 가도를 달렸습니다 하지만 지난 시즌부터 잦은 허벅지 부상 악재와 극심한... "", ""bloggername"": ""스포츠 데일리"", ""bloggerlink"": ""blog.naver.com/danta1ji"", ""postdate"": ""20260526""}"
손흥민,single_term_fallback,손흥민,"<b>손흥민</b> 원형탈모설 직접 해명, 팬들이 더 안심한 한마디",https://blog.naver.com/kth4828/224297039005,20260526,⚽ <b>손흥민</b> 뒷머리 사진이 화제가 됐어요 최근 온라인에서 <b>손흥민</b> 선수의 뒷모습 사진이 빠르게 퍼지면서 뜻밖의 이야기가 나왔어요. 경기 중계 화면에 잡힌 뒷머리 일부가 비어 보인다는 이유로 “<b>손흥민</b>... ,훈바오 월드,blog.naver.com/kth4828,naver_blog,손흥민,canonical,1.0,2026-05-26T11:52:46.738110+00:00,0,0,0,0,훈바오 월드,⚽ <b>손흥민</b> 뒷머리 사진이 화제가 됐어요 최근 온라인에서 <b>손흥민</b> 선수의 뒷모습 사진이 빠르게 퍼지면서 뜻밖의 이야기가 나왔어요. 경기 중계 화면에 잡힌 뒷머리 일부가 비어 보인다는 이유로 “<b>손흥민</b>... ,"{""title"": ""<b>손흥민</b> 원형탈모설 직접 해명, 팬들이 더 안심한 한마디"", ""link"": ""https://blog.naver.com/kth4828/224297039005"", ""description"": ""⚽ <b>손흥민</b> 뒷머리 사진이 화제가 됐어요 최근 온라인에서 <b>손흥민</b> 선수의 뒷모습 사진이 빠르게 퍼지면서 뜻밖의 이야기가 나왔어요. 경기 중계 화면에 잡힌 뒷머리 일부가 비어 보인다는 이유로 “<b>손흥민</b>... "", ""bloggername"": ""훈바오 월드"", ""bloggerlink"": ""blog.naver.com/kth4828"", ""postdate"": ""20260526""}"
손흥민,single_term_fallback,손흥민,LA 2026/02/19- 02/24,https://blog.naver.com/seojin7788-/224297039083,20260526,원래는 친구랑 둘이서 뉴욕-남미 코스였는데 동생들이 메시vs<b>손흥민</b> 언제 또 보냐고 해서 동생 둘이랑... <b>손흥민</b> 선수는 덤..) 그리고 축구 직관도 처음 와봐서 너무 신기했다 경기장은 원래 경기장이 아닌 대형... ,미누구야,blog.naver.com/seojin7788-,naver_blog,손흥민,canonical,1.0,2026-05-26T11:52:46.738110+00:00,0,0,0,0,미누구야,원래는 친구랑 둘이서 뉴욕-남미 코스였는데 동생들이 메시vs<b>손흥민</b> 언제 또 보냐고 해서 동생 둘이랑... <b>손흥민</b> 선수는 덤..) 그리고 축구 직관도 처음 와봐서 너무 신기했다 경기장은 원래 경기장이 아닌 대형... ,"{""title"": ""LA 2026/02/19- 02/24"", ""link"": ""https://blog.naver.com/seojin7788-/224297039083"", ""description"": ""원래는 친구랑 둘이서 뉴욕-남미 코스였는데 동생들이 메시vs<b>손흥민</b> 언제 또 보냐고 해서 동생 둘이랑... <b>손흥민</b> 선수는 덤..) 그리고 축구 직관도 처음 와봐서 너무 신기했다 경기장은 원래 경기장이 아닌 대형... "", ""bloggername"": ""미누구야"", ""bloggerlink"": ""blog.naver.com/seojin7788-"", ""postdate"": ""20260526""}"
손흥민,single_term_fallback,손흥민,"2026월드컵일정, 대한민국 조별리그는 어떻게 될까요?",https://blog.naver.com/rururu_bs/224297037532,20260526,"<b>손흥민</b> 선수의 경우, 소속팀 일정을 마친 후 대표팀에 합류해 훈련을 진행할 텐데, 이때 컨디션 관리가 정말 중요하겠죠. 한편, 여자농구 대표팀처럼 다른 종목에서도 2026년 월드컵과 아시안게임을 대비해... ","삼남매네 따스한 교육,시사 노트",blog.naver.com/rururu_bs,naver_blog,손흥민,canonical,1.0,2026-05-26T11:52:46.738110+00:00,0,0,0,0,"삼남매네 따스한 교육,시사 노트","<b>손흥민</b> 선수의 경우, 소속팀 일정을 마친 후 대표팀에 합류해 훈련을 진행할 텐데, 이때 컨디션 관리가 정말 중요하겠죠. 한편, 여자농구 대표팀처럼 다른 종목에서도 2026년 월드컵과 아시안게임을 대비해... ","{""title"": ""2026월드컵일정, 대한민국 조별리그는 어떻게 될까요?"", ""link"": ""https://blog.naver.com/rururu_bs/224297037532"", ""description"": ""<b>손흥민</b> 선수의 경우, 소속팀 일정을 마친 후 대표팀에 합류해 훈련을 진행할 텐데, 이때 컨디션 관리가 정말 중요하겠죠. 한편, 여자농구 대표팀처럼 다른 종목에서도 2026년 월드컵과 아시안게임을 대비해... "", ""bloggername"": ""삼남매네 따스한 교육,시사 노트"", ""bloggerlink"": ""blog.naver.com/rururu_bs"", ""postdate"": ""20260526""}"
손흥민,single_term_fallback,손흥민,대한민국 VS 트리니다드 토바고 예상 라인업,https://blog.naver.com/jexxgink0/224297033726,20260526,"양현준, <b>손흥민</b>, 황희찬 이강인의 경우 챔스 결승이 있어서 이 경기에는 출전하지 못합니다. 이재성, 황인범, 오현규 등도 현재 몸상태가 완전하지 않아서 출전하지 않을 수 있습니다. 김민재, <b>손흥민</b>은... ",다양한 재미가 있는 블로그,blog.naver.com/jexxgink0,naver_blog,손흥민,canonical,1.0,2026-05-26T11:52:46.738110+00:00,0,0,0,0,다양한 재미가 있는 블로그,"양현준, <b>손흥민</b>, 황희찬 이강인의 경우 챔스 결승이 있어서 이 경기에는 출전하지 못합니다. 이재성, 황인범, 오현규 등도 현재 몸상태가 완전하지 않아서 출전하지 않을 수 있습니다. 김민재, <b>손흥민</b>은... ","{""title"": ""대한민국 VS 트리니다드 토바고 예상 라인업"", ""link"": ""https://blog.naver.com/jexxgink0/224297033726"", ""description"": ""양현준, <b>손흥민</b>, 황희찬 이강인의 경우 챔스 결승이 있어서 이 경기에는 출전하지 못합니다. 이재성, 황인범, 오현규 등도 현재 몸상태가 완전하지 않아서 출전하지 않을 수 있습니다. 김민재, <b>손흥민</b>은... "", ""bloggername"": ""다양한 재미가 있는 블로그"", ""bloggerlink"": ""blog.naver.com/jexxgink0"", ""postdate"": ""20260526""}"
손흥민,single_term_fallback,손흥민,"김민재, 바이에른 뮌헨 떠날 가능성 커진 진짜 이유",https://blog.naver.com/sportspot/224297028688,20260526,유럽축구 #세리에A #챔피언스리그 #KIMMINJAE #FC바이에른뮌헨 #독일축구 #축구뉴스 #해외축구뉴스 #이적설 #수비수 #철기둥 #<b>손흥민</b> #이강인 #북중미월드컵 #월드컵 #스포츠뉴스 #축구포스팅 #분데스리가뉴스,스포츠의 모든것,blog.naver.com/sportspot,naver_blog,손흥민,canonical,1.0,2026-05-26T11:52:46.738110+00:00,0,0,0,0,스포츠의 모든것,유럽축구 #세리에A #챔피언스리그 #KIMMINJAE #FC바이에른뮌헨 #독일축구 #축구뉴스 #해외축구뉴스 #이적설 #수비수 #철기둥 #<b>손흥민</b> #이강인 #북중미월드컵 #월드컵 #스포츠뉴스 #축구포스팅 #분데스리가뉴스,"{""title"": ""김민재, 바이에른 뮌헨 떠날 가능성 커진 진짜 이유"", ""link"": ""https://blog.naver.com/sportspot/224297028688"", ""description"": ""유럽축구 #세리에A #챔피언스리그 #KIMMINJAE #FC바이에른뮌헨 #독일축구 #축구뉴스 #해외축구뉴스 #이적설 #수비수 #철기둥 #<b>손흥민</b> #이강인 #북중미월드컵 #월드컵 #스포츠뉴스 #축구포스팅 #분데스리가뉴스"", ""bloggername"": ""스포츠의 모든것"", ""bloggerlink"": ""blog.naver.com/sportspot"", ""postdate"": ""20260526""}"
손흥민,single_term_fallback,손흥민,<b>손흥민</b> LAFC 멕시코 톨루카 원정 패배와 2026 북중미 월드컵... ,https://blog.naver.com/feelfreekorea/224294254663,20260526,"대한민국 축구의 살아있는 전설, <b>손흥민</b> 선수가 활약 중인 로스앤젤레스 FC(LAFC)가 멕시코 원정에서... 멕시코 고지대의 벽에 막힌 LAFC와 <b>손흥민</b>의 침묵 LAFC는 지난 1차전 홈 경기에서 2-1 승리를 거두며 유리한... ",이슈N리뷰,blog.naver.com/feelfreekorea,naver_blog,손흥민,canonical,1.0,2026-05-26T11:52:46.738110+00:00,0,0,0,0,이슈N리뷰,"대한민국 축구의 살아있는 전설, <b>손흥민</b> 선수가 활약 중인 로스앤젤레스 FC(LAFC)가 멕시코 원정에서... 멕시코 고지대의 벽에 막힌 LAFC와 <b>손흥민</b>의 침묵 LAFC는 지난 1차전 홈 경기에서 2-1 승리를 거두며 유리한... ","{""title"": ""<b>손흥민</b> LAFC 멕시코 톨루카 원정 패배와 2026 북중미 월드컵... "", ""link"": ""https://blog.naver.com/feelfreekorea/224294254663"", ""description"": ""대한민국 축구의 살아있는 전설, <b>손흥민</b> 선수가 활약 중인 로스앤젤레스 FC(LAFC)가 멕시코 원정에서... 멕시코 고지대의 벽에 막힌 LAFC와 <b>손흥민</b>의 침묵 LAFC는 지난 1차전 홈 경기에서 2-1 승리를 거두며 유리한... "", ""bloggername"": ""이슈N리뷰"", ""bloggerlink"": ""blog.naver.com/feelfreekorea"", ""postdate"": ""20260526""}"
손흥민,single_term_fallback,손흥민,성수 팝업스토어 <b>손흥민</b> 팬이라면 무조건 가야 하는 NOS7 팝업,https://blog.naver.com/seize_the_/224297017158,20260526,매장 입구 들어가자마자 보이는 건 <b>손흥민</b> 선수 유니폼 전시였는데요. 이게 단순 팝업이 아니라 전시... <b>손흥민</b>의 유니폼들이 쭉 전시되어 있는데 일반 전시용 유니폼이 아니라 실제로 <b>손흥민</b> 선수가... ,순간순간이 쌓인 기록,blog.naver.com/seize_the_,naver_blog,손흥민,canonical,1.0,2026-05-26T11:52:46.738110+00:00,0,0,0,0,순간순간이 쌓인 기록,매장 입구 들어가자마자 보이는 건 <b>손흥민</b> 선수 유니폼 전시였는데요. 이게 단순 팝업이 아니라 전시... <b>손흥민</b>의 유니폼들이 쭉 전시되어 있는데 일반 전시용 유니폼이 아니라 실제로 <b>손흥민</b> 선수가... ,"{""title"": ""성수 팝업스토어 <b>손흥민</b> 팬이라면 무조건 가야 하는 NOS7 팝업"", ""link"": ""https://blog.naver.com/seize_the_/224297017158"", ""description"": ""매장 입구 들어가자마자 보이는 건 <b>손흥민</b> 선수 유니폼 전시였는데요. 이게 단순 팝업이 아니라 전시... <b>손흥민</b>의 유니폼들이 쭉 전시되어 있는데 일반 전시용 유니폼이 아니라 실제로 <b>손흥민</b> 선수가... "", ""bloggername"": ""순간순간이 쌓인 기록"", ""bloggerlink"": ""blog.naver.com/seize_the_"", ""postdate"": ""20260526""}"
손흥민,single_term_fallback,손흥민,2026 월드컵 대한민국 경기 일정과 32강 진출 조건 총정리,https://blog.naver.com/shjguy/224297016034,20260526,"명단에는 <b>손흥민</b>, 김민재, 이강인, 황희찬, 황인범 등 핵심 선수들이 포함되어 있습니다. 월드컵 경험이 있는 선수와 새롭게 기회를 잡은 선수들이 함께 구성된 형태입니다. 공격진에서는 <b>손흥민</b>... ",지식컷,blog.naver.com/shjguy,naver_blog,손흥민,canonical,1.0,2026-05-26T11:52:46.738110+00:00,0,0,0,0,지식컷,"명단에는 <b>손흥민</b>, 김민재, 이강인, 황희찬, 황인범 등 핵심 선수들이 포함되어 있습니다. 월드컵 경험이 있는 선수와 새롭게 기회를 잡은 선수들이 함께 구성된 형태입니다. 공격진에서는 <b>손흥민</b>... ","{""title"": ""2026 월드컵 대한민국 경기 일정과 32강 진출 조건 총정리"", ""link"": ""https://blog.naver.com/shjguy/224297016034"", ""description"": ""명단에는 <b>손흥민</b>, 김민재, 이강인, 황희찬, 황인범 등 핵심 선수들이 포함되어 있습니다. 월드컵 경험이 있는 선수와 새롭게 기회를 잡은 선수들이 함께 구성된 형태입니다. 공격진에서는 <b>손흥민</b>... "", ""bloggername"": ""지식컷"", ""bloggerlink"": ""blog.naver.com/shjguy"", ""postdate"": ""20260526""}"
손흥민,single_term_fallback,손흥민,"영화 [마이클], 팝 황제의 고독",https://blog.naver.com/khye2111/224297013928,20260526,"김연아, <b>손흥민</b> 그리고 수많은 발레리나들…. 김연아 선수가 은퇴 후 떡볶이만 보면 환장한다던 일화에 완전히 공감한다. 대단한 재능과 막대한 부는 없을지라도, 마스크로 얼굴을 가리지 않은 채 평범한... ",고티 이야기,blog.naver.com/khye2111,naver_blog,손흥민,canonical,1.0,2026-05-26T11:52:46.738110+00:00,0,0,0,0,고티 이야기,"김연아, <b>손흥민</b> 그리고 수많은 발레리나들…. 김연아 선수가 은퇴 후 떡볶이만 보면 환장한다던 일화에 완전히 공감한다. 대단한 재능과 막대한 부는 없을지라도, 마스크로 얼굴을 가리지 않은 채 평범한... ","{""title"": ""영화 [마이클], 팝 황제의 고독"", ""link"": ""https://blog.naver.com/khye2111/224297013928"", ""description"": ""김연아, <b>손흥민</b> 그리고 수많은 발레리나들…. 김연아 선수가 은퇴 후 떡볶이만 보면 환장한다던 일화에 완전히 공감한다. 대단한 재능과 막대한 부는 없을지라도, 마스크로 얼굴을 가리지 않은 채 평범한... "", ""bloggername"": ""고티 이야기"", ""bloggerlink"": ""blog.naver.com/khye2111"", ""postdate"": ""20260526""}"
손흥민,single_term_fallback,손흥민,"<b>손흥민</b> 원형탈모 오해, 스트레스와 탈모의 관계 파헤치기!",https://blog.naver.com/chhhhoiii2/224296988799,20260526,"<b>손흥민</b> 원형탈모 오해, 스트레스와 탈모의 관계 파헤치기! 세상에, <b>손흥민</b> 선수 원형탈모라구요?  여러분! 어제 뉴스 보셨어요? 아니, 세상에! 우리나라 자랑스러운 축구 국가대표팀 주장이신 <b>손흥민</b> 선수의... ",세상 모든 소식을 읽어봅시다,blog.naver.com/chhhhoiii2,naver_blog,손흥민,canonical,1.0,2026-05-26T11:52:46.738110+00:00,0,0,0,0,세상 모든 소식을 읽어봅시다,"<b>손흥민</b> 원형탈모 오해, 스트레스와 탈모의 관계 파헤치기! 세상에, <b>손흥민</b> 선수 원형탈모라구요?  여러분! 어제 뉴스 보셨어요? 아니, 세상에! 우리나라 자랑스러운 축구 국가대표팀 주장이신 <b>손흥민</b> 선수의... ","{""title"": ""<b>손흥민</b> 원형탈모 오해, 스트레스와 탈모의 관계 파헤치기!"", ""link"": ""https://blog.naver.com/chhhhoiii2/224296988799"", ""description"": ""<b>손흥민</b> 원형탈모 오해, 스트레스와 탈모의 관계 파헤치기! 세상에, <b>손흥민</b> 선수 원형탈모라구요?  여러분! 어제 뉴스 보셨어요? 아니, 세상에! 우리나라 자랑스러운 축구 국가대표팀 주장이신 <b>손흥민</b> 선수의... "", ""bloggername"": ""세상 모든 소식을 읽어봅시다"", ""bloggerlink"": ""blog.naver.com/chhhhoiii2"", ""postdate"": ""20260526""}"
손흥민,single_term_fallback,손흥민,2026 부산 센텀 맥주축제 후기 (+맛집 추천),https://blog.naver.com/dr_moon_life/224296577952,20260526,저 3개 메뉴 완전 추천합니다 :) 제일 첫번째로 준비된 메뉴는 숯불버터갈비맛 닭꼬치입니다 테라 광고 모델인 <b>손흥민</b>선수님과 함께 맥주 마시는 기분으로 짠-! 닭꼬치 완전 에피타이저로 딱입니다!... ,Open the DOOR,blog.naver.com/dr_moon_life,naver_blog,손흥민,canonical,1.0,2026-05-26T11:52:46.738110+00:00,0,0,0,0,Open the DOOR,저 3개 메뉴 완전 추천합니다 :) 제일 첫번째로 준비된 메뉴는 숯불버터갈비맛 닭꼬치입니다 테라 광고 모델인 <b>손흥민</b>선수님과 함께 맥주 마시는 기분으로 짠-! 닭꼬치 완전 에피타이저로 딱입니다!... ,"{""title"": ""2026 부산 센텀 맥주축제 후기 (+맛집 추천)"", ""link"": ""https://blog.naver.com/dr_moon_life/224296577952"", ""description"": ""저 3개 메뉴 완전 추천합니다 :) 제일 첫번째로 준비된 메뉴는 숯불버터갈비맛 닭꼬치입니다 테라 광고 모델인 <b>손흥민</b>선수님과 함께 맥주 마시는 기분으로 짠-! 닭꼬치 완전 에피타이저로 딱입니다!... "", ""bloggername"": ""Open the DOOR"", ""bloggerlink"": ""blog.naver.com/dr_moon_life"", ""postdate"": ""20260526""}"
손흥민,single_term_fallback,손흥민,[오현주의 약속]  시정과 의정 경험으로 제대로 일하겠습니다,https://blog.naver.com/sayme9333/224297003213,20260526,[오현주의 약속] 시정과 의정 경험으로 제대로 일하겠습니다!!! #오현주 #오현주시의원 #축구는<b>손흥민</b> #시의원은오현주,광주시의원 오현주,blog.naver.com/sayme9333,naver_blog,손흥민,canonical,1.0,2026-05-26T11:52:46.738110+00:00,0,0,0,0,광주시의원 오현주,[오현주의 약속] 시정과 의정 경험으로 제대로 일하겠습니다!!! #오현주 #오현주시의원 #축구는<b>손흥민</b> #시의원은오현주,"{""title"": ""[오현주의 약속]  시정과 의정 경험으로 제대로 일하겠습니다"", ""link"": ""https://blog.naver.com/sayme9333/224297003213"", ""description"": ""[오현주의 약속] 시정과 의정 경험으로 제대로 일하겠습니다!!! #오현주 #오현주시의원 #축구는<b>손흥민</b> #시의원은오현주"", ""bloggername"": ""광주시의원 오현주"", ""bloggerlink"": ""blog.naver.com/sayme9333"", ""postdate"": ""20260526""}"
손흥민,single_term_fallback,손흥민,"이재성 세바시 강연 요약: <b>손흥민</b>과의 완벽한 보완 관계, 그리고... ",https://blog.naver.com/gung_joo2/224296356331,20260526,"<b>손흥민</b> 선수와는 서로 상반된 플레이 스타일을 가졌음에도, 서로를 완벽하게 보완하고 지지하는 끈끈한 관계성을 유지하며 팀을 승리로 이끈다는 축구 철학을 두괄식으로 명확히 제시했습니다.  <b>손흥민</b>과... ",세상의 모든것,blog.naver.com/gung_joo2,naver_blog,손흥민,canonical,1.0,2026-05-26T11:52:46.738110+00:00,0,0,0,0,세상의 모든것,"<b>손흥민</b> 선수와는 서로 상반된 플레이 스타일을 가졌음에도, 서로를 완벽하게 보완하고 지지하는 끈끈한 관계성을 유지하며 팀을 승리로 이끈다는 축구 철학을 두괄식으로 명확히 제시했습니다.  <b>손흥민</b>과... ","{""title"": ""이재성 세바시 강연 요약: <b>손흥민</b>과의 완벽한 보완 관계, 그리고... "", ""link"": ""https://blog.naver.com/gung_joo2/224296356331"", ""description"": ""<b>손흥민</b> 선수와는 서로 상반된 플레이 스타일을 가졌음에도, 서로를 완벽하게 보완하고 지지하는 끈끈한 관계성을 유지하며 팀을 승리로 이끈다는 축구 철학을 두괄식으로 명확히 제시했습니다.  <b>손흥민</b>과... "", ""bloggername"": ""세상의 모든것"", ""bloggerlink"": ""blog.naver.com/gung_joo2"", ""postdate"": ""20260526""}"
손흥민,single_term_fallback,손흥민,"<b>손흥민</b>, 원형 탈모 의심…축구인들의 걱정과 응원 속으로",https://blog.naver.com/kai1301/224296993779,20260526,"<b>손흥민</b> 선수, 이제 머리카락 걱정을 하게 된 걸까? 그가 겪는 심리적 부담은 얼마나 클까 궁금하지 않나요? 축구의 별, <b>손흥민</b>이 겪는 어려움이 단순한 개인 고민만은 아닐지도 모릅니다. 그의 힘든 서사를 함께... ",놀고싶다님의 블로그,blog.naver.com/kai1301,naver_blog,손흥민,canonical,1.0,2026-05-26T11:52:46.738110+00:00,0,0,0,0,놀고싶다님의 블로그,"<b>손흥민</b> 선수, 이제 머리카락 걱정을 하게 된 걸까? 그가 겪는 심리적 부담은 얼마나 클까 궁금하지 않나요? 축구의 별, <b>손흥민</b>이 겪는 어려움이 단순한 개인 고민만은 아닐지도 모릅니다. 그의 힘든 서사를 함께... ","{""title"": ""<b>손흥민</b>, 원형 탈모 의심…축구인들의 걱정과 응원 속으로"", ""link"": ""https://blog.naver.com/kai1301/224296993779"", ""description"": ""<b>손흥민</b> 선수, 이제 머리카락 걱정을 하게 된 걸까? 그가 겪는 심리적 부담은 얼마나 클까 궁금하지 않나요? 축구의 별, <b>손흥민</b>이 겪는 어려움이 단순한 개인 고민만은 아닐지도 모릅니다. 그의 힘든 서사를 함께... "", ""bloggername"": ""놀고싶다님의 블로그"", ""bloggerlink"": ""blog.naver.com/kai1301"", ""postdate"": ""20260526""}"
손흥민,single_term_fallback,손흥민,"“이강인, 가장 늦게 합류한다”…홍명보호가 걱정하는 진짜... ",https://blog.naver.com/jppark4/224296837827,20260526,"특히 <b>손흥민</b>이 마무리 역할에 집중할 때, 공격 전개와 창의성을 책임질 수 있는 선수는 결국... #이강인 #홍명보호 #대한민국축구대표팀 #월드컵 #북중미월드컵 #PSG #<b>손흥민</b> #김민재 #홍명보 #축구대표팀... ","선수 재활 , 피지컬 트레이닝",blog.naver.com/jppark4,naver_blog,손흥민,canonical,1.0,2026-05-26T11:52:46.738110+00:00,0,0,0,0,"선수 재활 , 피지컬 트레이닝","특히 <b>손흥민</b>이 마무리 역할에 집중할 때, 공격 전개와 창의성을 책임질 수 있는 선수는 결국... #이강인 #홍명보호 #대한민국축구대표팀 #월드컵 #북중미월드컵 #PSG #<b>손흥민</b> #김민재 #홍명보 #축구대표팀... ","{""title"": ""“이강인, 가장 늦게 합류한다”…홍명보호가 걱정하는 진짜... "", ""link"": ""https://blog.naver.com/jppark4/224296837827"", ""description"": ""특히 <b>손흥민</b>이 마무리 역할에 집중할 때, 공격 전개와 창의성을 책임질 수 있는 선수는 결국... #이강인 #홍명보호 #대한민국축구대표팀 #월드컵 #북중미월드컵 #PSG #<b>손흥민</b> #김민재 #홍명보 #축구대표팀... "", ""bloggername"": ""선수 재활 , 피지컬 트레이닝"", ""bloggerlink"": ""blog.naver.com/jppark4"", ""postdate"": ""20260526""}"
손흥민,single_term_fallback,손흥민,!2026학년도 체육대회! ㅣ법학과 ㅣ 국립공주대학교,https://blog.naver.com/knu_law/224296987815,20260526,이번에는 '귀여운 샌애긔 26학번 키커'들로 구성해 봤는데요~ &gt;&lt; 어머니 우리 애들 너무 잘해요~ 제 2의 <b>손흥민</b>이라고 해도 믿을 것 같아요~!! 단체줄넘기 단체 줄넘기는 다른 학과들이 너무 잘해서 아쉽게도 등수... ,국립공주대학교 법학과,blog.naver.com/knu_law,naver_blog,손흥민,canonical,1.0,2026-05-26T11:52:46.738110+00:00,0,0,0,0,국립공주대학교 법학과,이번에는 '귀여운 샌애긔 26학번 키커'들로 구성해 봤는데요~ &gt;&lt; 어머니 우리 애들 너무 잘해요~ 제 2의 <b>손흥민</b>이라고 해도 믿을 것 같아요~!! 단체줄넘기 단체 줄넘기는 다른 학과들이 너무 잘해서 아쉽게도 등수... ,"{""title"": ""!2026학년도 체육대회! ㅣ법학과 ㅣ 국립공주대학교"", ""link"": ""https://blog.naver.com/knu_law/224296987815"", ""description"": ""이번에는 '귀여운 샌애긔 26학번 키커'들로 구성해 봤는데요~ &gt;&lt; 어머니 우리 애들 너무 잘해요~ 제 2의 <b>손흥민</b>이라고 해도 믿을 것 같아요~!! 단체줄넘기 단체 줄넘기는 다른 학과들이 너무 잘해서 아쉽게도 등수... "", ""bloggername"": ""국립공주대학교 법학과"", ""bloggerlink"": ""blog.naver.com/knu_law"", ""postdate"": ""20260526""}"
손흥민,single_term_fallback,손흥민,"<b>손흥민</b>, 또 하나의 역사…월드컵 4번째 무대와 새 기록 도전",https://blog.naver.com/dongkore/224296987139,20260526,"월드컵이라는 가장 큰 무대에서 <b>손흥민</b>은 이미 한국 축구 역사 자체가 되어가고 있다. 네 번째... 또한 월드컵 통산 3골로 안정환, 박지성과 함께 공동 최다골 기록을 보유 중인 <b>손흥민</b>은 단 한 골만... ",블록 뉴스,blog.naver.com/dongkore,naver_blog,손흥민,canonical,1.0,2026-05-26T11:52:46.738110+00:00,0,0,0,0,블록 뉴스,"월드컵이라는 가장 큰 무대에서 <b>손흥민</b>은 이미 한국 축구 역사 자체가 되어가고 있다. 네 번째... 또한 월드컵 통산 3골로 안정환, 박지성과 함께 공동 최다골 기록을 보유 중인 <b>손흥민</b>은 단 한 골만... ","{""title"": ""<b>손흥민</b>, 또 하나의 역사…월드컵 4번째 무대와 새 기록 도전"", ""link"": ""https://blog.naver.com/dongkore/224296987139"", ""description"": ""월드컵이라는 가장 큰 무대에서 <b>손흥민</b>은 이미 한국 축구 역사 자체가 되어가고 있다. 네 번째... 또한 월드컵 통산 3골로 안정환, 박지성과 함께 공동 최다골 기록을 보유 중인 <b>손흥민</b>은 단 한 골만... "", ""bloggername"": ""블록 뉴스"", ""bloggerlink"": ""blog.naver.com/dongkore"", ""postdate"": ""20260526""}"
손흥민,single_term_fallback,손흥민,대구 봉덕동 에어컨냉매충전,https://blog.naver.com/electrocleankorea/224296977322,20260526,칸 <b>손흥민</b> 듀얼 에어컨 등도 많이 볼 수 있는 모델이에요 그리고 뷰나 타워 모델로 많이 갈아 타시는 듯 하네요 외기 상태가 좋지는 않아보입니다만 먼지만 쌓여있고 특이 사항은 보이지 않습니다 에어컨 뒷쪽... ,에어컨 as 냉매충전 청소설치 토탈 리모델링 DIY,blog.naver.com/electrocleankorea,naver_blog,손흥민,canonical,1.0,2026-05-26T11:52:46.738110+00:00,0,0,0,0,에어컨 as 냉매충전 청소설치 토탈 리모델링 DIY,칸 <b>손흥민</b> 듀얼 에어컨 등도 많이 볼 수 있는 모델이에요 그리고 뷰나 타워 모델로 많이 갈아 타시는 듯 하네요 외기 상태가 좋지는 않아보입니다만 먼지만 쌓여있고 특이 사항은 보이지 않습니다 에어컨 뒷쪽... ,"{""title"": ""대구 봉덕동 에어컨냉매충전"", ""link"": ""https://blog.naver.com/electrocleankorea/224296977322"", ""description"": ""칸 <b>손흥민</b> 듀얼 에어컨 등도 많이 볼 수 있는 모델이에요 그리고 뷰나 타워 모델로 많이 갈아 타시는 듯 하네요 외기 상태가 좋지는 않아보입니다만 먼지만 쌓여있고 특이 사항은 보이지 않습니다 에어컨 뒷쪽... "", ""bloggername"": ""에어컨 as 냉매충전 청소설치 토탈 리모델링 DIY"", ""bloggerlink"": ""blog.naver.com/electrocleankorea"", ""postdate"": ""20260526""}"
손흥민,single_term_fallback,손흥민,슛~ 골인! 나도 월드컵 챔피언 / 월드컵체험놀이,https://blog.naver.com/assina_/224296964274,20260526,"오늘만큼은 <b>손흥민</b>, 메시 선수 부럽지 않은 최고의 슈퍼스타였답니다. ✌️ ️ 5. 쿵쾅쿵쾅 신나는 실내축구장 실내축구장 위를 마음껏 달려라! ♂️ 교실/강당이 순식간에 미니 '실내축구장'으로 변신했어요!... ",김포 유아체육 체험놀이 이벤트,blog.naver.com/assina_,naver_blog,손흥민,canonical,1.0,2026-05-26T11:52:46.738110+00:00,0,0,0,0,김포 유아체육 체험놀이 이벤트,"오늘만큼은 <b>손흥민</b>, 메시 선수 부럽지 않은 최고의 슈퍼스타였답니다. ✌️ ️ 5. 쿵쾅쿵쾅 신나는 실내축구장 실내축구장 위를 마음껏 달려라! ♂️ 교실/강당이 순식간에 미니 '실내축구장'으로 변신했어요!... ","{""title"": ""슛~ 골인! 나도 월드컵 챔피언 / 월드컵체험놀이"", ""link"": ""https://blog.naver.com/assina_/224296964274"", ""description"": ""오늘만큼은 <b>손흥민</b>, 메시 선수 부럽지 않은 최고의 슈퍼스타였답니다. ✌️ ️ 5. 쿵쾅쿵쾅 신나는 실내축구장 실내축구장 위를 마음껏 달려라! ♂️ 교실/강당이 순식간에 미니 '실내축구장'으로 변신했어요!... "", ""bloggername"": ""김포 유아체육 체험놀이 이벤트"", ""bloggerlink"": ""blog.naver.com/assina_"", ""postdate"": ""20260526""}"
손흥민,single_term_fallback,손흥민,[2026년 북중미 월드컵] 대한민국 조별리그 1차전 예상!... ,https://blog.naver.com/leejk_hs/224296962750,20260526,"<b>손흥민</b>, 김민재, 이강인, 황인범, 이재성 등 유럽파들은 이러한 유형의 팀과 상대선수들을 경험해 보았을 것입니다. 체코 수비진은 피지컬은 좋으나 발이 느리고 배후 공간을 노출하는 약점이 있습니다.... ","40대 아재, 오늘도 버텨본다",blog.naver.com/leejk_hs,naver_blog,손흥민,canonical,1.0,2026-05-26T11:52:46.738110+00:00,0,0,0,0,"40대 아재, 오늘도 버텨본다","<b>손흥민</b>, 김민재, 이강인, 황인범, 이재성 등 유럽파들은 이러한 유형의 팀과 상대선수들을 경험해 보았을 것입니다. 체코 수비진은 피지컬은 좋으나 발이 느리고 배후 공간을 노출하는 약점이 있습니다.... ","{""title"": ""[2026년 북중미 월드컵] 대한민국 조별리그 1차전 예상!... "", ""link"": ""https://blog.naver.com/leejk_hs/224296962750"", ""description"": ""<b>손흥민</b>, 김민재, 이강인, 황인범, 이재성 등 유럽파들은 이러한 유형의 팀과 상대선수들을 경험해 보았을 것입니다. 체코 수비진은 피지컬은 좋으나 발이 느리고 배후 공간을 노출하는 약점이 있습니다.... "", ""bloggername"": ""40대 아재, 오늘도 버텨본다"", ""bloggerlink"": ""blog.naver.com/leejk_hs"", ""postdate"": ""20260526""}"
손흥민,single_term_fallback,손흥민,"[풀버전] 5월 26일(화) 신통방통 - ● 잠시 후, 정용진 대국민... ",https://blog.naver.com/cyclelkh1/224296955454,20260526,"&quot; &quot; &quot; ● 한동훈 '쉼터' 선관위 조사 ● <b>손흥민</b>, 본격 월드컵 모드 Click! #신통방통",cyclelkh1님의 블로그,blog.naver.com/cyclelkh1,naver_blog,손흥민,canonical,1.0,2026-05-26T11:52:46.738110+00:00,0,0,0,0,cyclelkh1님의 블로그,"&quot; &quot; &quot; ● 한동훈 '쉼터' 선관위 조사 ● <b>손흥민</b>, 본격 월드컵 모드 Click! #신통방통","{""title"": ""[풀버전] 5월 26일(화) 신통방통 - ● 잠시 후, 정용진 대국민... "", ""link"": ""https://blog.naver.com/cyclelkh1/224296955454"", ""description"": ""&quot; &quot; &quot; ● 한동훈 '쉼터' 선관위 조사 ● <b>손흥민</b>, 본격 월드컵 모드 Click! #신통방통"", ""bloggername"": ""cyclelkh1님의 블로그"", ""bloggerlink"": ""blog.naver.com/cyclelkh1"", ""postdate"": ""20260526""}"
손흥민,single_term_fallback,손흥민,<b>손흥민</b> LAFC 마지막 경기 7슈팅 '골 침묵' 아쉬운 작별,https://blog.naver.com/seeon_diary/224296947718,20260526,"아쉬움 남긴 7번의 슈팅, 골문은 왜 열리지 않았을까 이번 LAFC의 정규 리그 마지막 경기에서 <b>손흥민</b>... 비록 <b>손흥민</b> 선수가 골 맛을 보진 못했지만, LAFC가 3연패를 끊어내고 승리하며 기분 좋게 리그 휴식기를... ",설키둥이,blog.naver.com/seeon_diary,naver_blog,손흥민,canonical,1.0,2026-05-26T11:52:46.738110+00:00,0,0,0,0,설키둥이,"아쉬움 남긴 7번의 슈팅, 골문은 왜 열리지 않았을까 이번 LAFC의 정규 리그 마지막 경기에서 <b>손흥민</b>... 비록 <b>손흥민</b> 선수가 골 맛을 보진 못했지만, LAFC가 3연패를 끊어내고 승리하며 기분 좋게 리그 휴식기를... ","{""title"": ""<b>손흥민</b> LAFC 마지막 경기 7슈팅 '골 침묵' 아쉬운 작별"", ""link"": ""https://blog.naver.com/seeon_diary/224296947718"", ""description"": ""아쉬움 남긴 7번의 슈팅, 골문은 왜 열리지 않았을까 이번 LAFC의 정규 리그 마지막 경기에서 <b>손흥민</b>... 비록 <b>손흥민</b> 선수가 골 맛을 보진 못했지만, LAFC가 3연패를 끊어내고 승리하며 기분 좋게 리그 휴식기를... "", ""bloggername"": ""설키둥이"", ""bloggerlink"": ""blog.naver.com/seeon_diary"", ""postdate"": ""20260526""}"
손흥민,single_term_fallback,손흥민,"<b>손흥민</b> 기록 넘은 미토마, 또 EPL 역사 도전…‘올해의 골’... ",https://blog.naver.com/tiesneakerstight/224296945126,20260526,이미 <b>손흥민</b>의 기록 하나를 넘어선 그는 이번엔 EPL 올해의 골 수상까지 노리고 있습니다. EPL... <b>손흥민</b> 기록도 넘어섰다 기존 아시아 선수 최다 이달의 골 수상 기록은 <b>손흥민</b>의 2회였습니다.... ,운동화 끈 꽉 묶고,blog.naver.com/tiesneakerstight,naver_blog,손흥민,canonical,1.0,2026-05-26T11:52:46.738110+00:00,0,0,0,0,운동화 끈 꽉 묶고,이미 <b>손흥민</b>의 기록 하나를 넘어선 그는 이번엔 EPL 올해의 골 수상까지 노리고 있습니다. EPL... <b>손흥민</b> 기록도 넘어섰다 기존 아시아 선수 최다 이달의 골 수상 기록은 <b>손흥민</b>의 2회였습니다.... ,"{""title"": ""<b>손흥민</b> 기록 넘은 미토마, 또 EPL 역사 도전…‘올해의 골’... "", ""link"": ""https://blog.naver.com/tiesneakerstight/224296945126"", ""description"": ""이미 <b>손흥민</b>의 기록 하나를 넘어선 그는 이번엔 EPL 올해의 골 수상까지 노리고 있습니다. EPL... <b>손흥민</b> 기록도 넘어섰다 기존 아시아 선수 최다 이달의 골 수상 기록은 <b>손흥민</b>의 2회였습니다.... "", ""bloggername"": ""운동화 끈 꽉 묶고"", ""bloggerlink"": ""blog.naver.com/tiesneakerstight"", ""postdate"": ""20260526""}"
손흥민,single_term_fallback,손흥민,<b>손흥민</b>의 동료들도 포함? 잉글랜드 월드컵 최종 엔트리 전격 발표,https://blog.naver.com/mym7060/224296862669,20260526,토마스 투헬 감독이 이끄는 잉글랜드 축구 대표팀이 2026 FIFA 월드컵에 나설 최종 26인 명단을 공식 발표했다. 1966년 이후 첫 우승을 노리는 '삼사자 군단'은 해리 케인을 주장으로 선임하며 월드컵 정상을... ,연예이슈톡톡,blog.naver.com/mym7060,naver_blog,손흥민,canonical,1.0,2026-05-26T11:52:46.738110+00:00,0,0,0,0,연예이슈톡톡,토마스 투헬 감독이 이끄는 잉글랜드 축구 대표팀이 2026 FIFA 월드컵에 나설 최종 26인 명단을 공식 발표했다. 1966년 이후 첫 우승을 노리는 '삼사자 군단'은 해리 케인을 주장으로 선임하며 월드컵 정상을... ,"{""title"": ""<b>손흥민</b>의 동료들도 포함? 잉글랜드 월드컵 최종 엔트리 전격 발표"", ""link"": ""https://blog.naver.com/mym7060/224296862669"", ""description"": ""토마스 투헬 감독이 이끄는 잉글랜드 축구 대표팀이 2026 FIFA 월드컵에 나설 최종 26인 명단을 공식 발표했다. 1966년 이후 첫 우승을 노리는 '삼사자 군단'은 해리 케인을 주장으로 선임하며 월드컵 정상을... "", ""bloggername"": ""연예이슈톡톡"", ""bloggerlink"": ""blog.naver.com/mym7060"", ""postdate"": ""20260526""}"
손흥민,single_term_fallback,손흥민,"월드컵 승부예측 [ 대한민국 vs 체코 ] - 대한민국 35%, 체코... ",https://blog.naver.com/violinmuseum/224296286414,20260526,"<b>손흥민</b>, 이강인, 황희찬 등 기술과 스피드를 갖춘 한국 공격진이 박스 안을 적극적으로 파고든다면... 한국체코 #대한민국체코 #홍명보 #<b>손흥민</b> #이강인 #김민재 #옌스 #옌스카스트로프 #체코 #멕시코 #남아공",ViolinMuseuM,blog.naver.com/violinmuseum,naver_blog,손흥민,canonical,1.0,2026-05-26T11:52:46.738110+00:00,0,0,0,0,ViolinMuseuM,"<b>손흥민</b>, 이강인, 황희찬 등 기술과 스피드를 갖춘 한국 공격진이 박스 안을 적극적으로 파고든다면... 한국체코 #대한민국체코 #홍명보 #<b>손흥민</b> #이강인 #김민재 #옌스 #옌스카스트로프 #체코 #멕시코 #남아공","{""title"": ""월드컵 승부예측 [ 대한민국 vs 체코 ] - 대한민국 35%, 체코... "", ""link"": ""https://blog.naver.com/violinmuseum/224296286414"", ""description"": ""<b>손흥민</b>, 이강인, 황희찬 등 기술과 스피드를 갖춘 한국 공격진이 박스 안을 적극적으로 파고든다면... 한국체코 #대한민국체코 #홍명보 #<b>손흥민</b> #이강인 #김민재 #옌스 #옌스카스트로프 #체코 #멕시코 #남아공"", ""bloggername"": ""ViolinMuseuM"", ""bloggerlink"": ""blog.naver.com/violinmuseum"", ""postdate"": ""20260526""}"
손흥민,single_term_fallback,손흥민,"<b>손흥민</b>이 직접 해명한 '원형 탈모', 증상 원인과 팩트체크",https://blog.naver.com/good_info_you/224296937590,20260526,최근 경기 화면 때문에 <b>손흥민</b> 선수의 원형 탈모 우려가 커지자 본인이 직접 인스타그램에 해명 글을... 알아두면 좋은 정보 &quot; &quot; #원형탈모 #원형탈모증 #탈모증상 #자가면역질환 #탈모치료 #<b>손흥민</b>탈모 #머리빠짐,라이프매거진,blog.naver.com/good_info_you,naver_blog,손흥민,canonical,1.0,2026-05-26T11:52:46.738110+00:00,0,0,0,0,라이프매거진,최근 경기 화면 때문에 <b>손흥민</b> 선수의 원형 탈모 우려가 커지자 본인이 직접 인스타그램에 해명 글을... 알아두면 좋은 정보 &quot; &quot; #원형탈모 #원형탈모증 #탈모증상 #자가면역질환 #탈모치료 #<b>손흥민</b>탈모 #머리빠짐,"{""title"": ""<b>손흥민</b>이 직접 해명한 '원형 탈모', 증상 원인과 팩트체크"", ""link"": ""https://blog.naver.com/good_info_you/224296937590"", ""description"": ""최근 경기 화면 때문에 <b>손흥민</b> 선수의 원형 탈모 우려가 커지자 본인이 직접 인스타그램에 해명 글을... 알아두면 좋은 정보 &quot; &quot; #원형탈모 #원형탈모증 #탈모증상 #자가면역질환 #탈모치료 #<b>손흥민</b>탈모 #머리빠짐"", ""bloggername"": ""라이프매거진"", ""bloggerlink"": ""blog.naver.com/good_info_you"", ""postdate"": ""20260526""}"
손흥민,single_term_fallback,손흥민,[공유] <b>손흥민</b> 미국잔류 거부 폭탄 발언! 스타... ,https://blog.naver.com/generman-/224296934186,20260526,<b>손흥민</b> 미국잔류 거부 폭탄 발언! 스타 미드필더마저 LAFC 계약 취소 타팀 전격 도장 찍자 미국 전역이 경악하며 초토화된 상황 ㄷㄷ - https://youtube.com/shorts/yjGyhbaObiw?si=a13Sz4UUIN6ALITu,제너맨님의블로그,blog.naver.com/generman-,naver_blog,손흥민,canonical,1.0,2026-05-26T11:52:46.738110+00:00,0,0,0,0,제너맨님의블로그,<b>손흥민</b> 미국잔류 거부 폭탄 발언! 스타 미드필더마저 LAFC 계약 취소 타팀 전격 도장 찍자 미국 전역이 경악하며 초토화된 상황 ㄷㄷ - https://youtube.com/shorts/yjGyhbaObiw?si=a13Sz4UUIN6ALITu,"{""title"": ""[공유] <b>손흥민</b> 미국잔류 거부 폭탄 발언! 스타... "", ""link"": ""https://blog.naver.com/generman-/224296934186"", ""description"": ""<b>손흥민</b> 미국잔류 거부 폭탄 발언! 스타 미드필더마저 LAFC 계약 취소 타팀 전격 도장 찍자 미국 전역이 경악하며 초토화된 상황 ㄷㄷ - https://youtube.com/shorts/yjGyhbaObiw?si=a13Sz4UUIN6ALITu"", ""bloggername"": ""제너맨님의블로그"", ""bloggerlink"": ""blog.naver.com/generman-"", ""postdate"": ""20260526""}"
손흥민,single_term_fallback,손흥민,예측 가능함의 미학: 도파민 시대에 '신뢰'라는 가장 강력한... ,https://blog.naver.com/gung_joo2/224296354810,20260526,"내 왼발이 오른발 같아질 때 나는 비로소 희열을 느꼈다.&quot; — 파벨 네드베드 (체코 축구 레전드) <b>손흥민</b> 선수가 주발이 아닌 왼발 슈팅을 매일 500번씩 깎아내고, 네드베드가 지독한 연습벌레로 살았던 것처럼... ",세상의 모든것,blog.naver.com/gung_joo2,naver_blog,손흥민,canonical,1.0,2026-05-26T11:52:46.738110+00:00,0,0,0,0,세상의 모든것,"내 왼발이 오른발 같아질 때 나는 비로소 희열을 느꼈다.&quot; — 파벨 네드베드 (체코 축구 레전드) <b>손흥민</b> 선수가 주발이 아닌 왼발 슈팅을 매일 500번씩 깎아내고, 네드베드가 지독한 연습벌레로 살았던 것처럼... ","{""title"": ""예측 가능함의 미학: 도파민 시대에 '신뢰'라는 가장 강력한... "", ""link"": ""https://blog.naver.com/gung_joo2/224296354810"", ""description"": ""내 왼발이 오른발 같아질 때 나는 비로소 희열을 느꼈다.&quot; — 파벨 네드베드 (체코 축구 레전드) <b>손흥민</b> 선수가 주발이 아닌 왼발 슈팅을 매일 500번씩 깎아내고, 네드베드가 지독한 연습벌레로 살았던 것처럼... "", ""bloggername"": ""세상의 모든것"", ""bloggerlink"": ""blog.naver.com/gung_joo2"", ""postdate"": ""20260526""}"
손흥민,single_term_fallback,손흥민,[하이트진로 서포터즈 8기] 홍천 맥주 공장 견학 후기,https://blog.naver.com/youbinhwang/224296930005,20260526,새모델 <b>손흥민</b> 선수가 반겨주고 있네요 ㅎㅎ 이전 포스트 참고해주세요 풍경 너무 아름답죠 정문으로 들어가면 가장 먼저 견학관에 입장하게 됩니다. 간단한 설명을 듣고 예쁜 경치도 구경했어요 이제... ,youbinhwang님의 블로그,blog.naver.com/youbinhwang,naver_blog,손흥민,canonical,1.0,2026-05-26T11:52:46.738110+00:00,0,0,0,0,youbinhwang님의 블로그,새모델 <b>손흥민</b> 선수가 반겨주고 있네요 ㅎㅎ 이전 포스트 참고해주세요 풍경 너무 아름답죠 정문으로 들어가면 가장 먼저 견학관에 입장하게 됩니다. 간단한 설명을 듣고 예쁜 경치도 구경했어요 이제... ,"{""title"": ""[하이트진로 서포터즈 8기] 홍천 맥주 공장 견학 후기"", ""link"": ""https://blog.naver.com/youbinhwang/224296930005"", ""description"": ""새모델 <b>손흥민</b> 선수가 반겨주고 있네요 ㅎㅎ 이전 포스트 참고해주세요 풍경 너무 아름답죠 정문으로 들어가면 가장 먼저 견학관에 입장하게 됩니다. 간단한 설명을 듣고 예쁜 경치도 구경했어요 이제... "", ""bloggername"": ""youbinhwang님의 블로그"", ""bloggerlink"": ""blog.naver.com/youbinhwang"", ""postdate"": ""20260526""}"
손흥민,single_term_fallback,손흥민,<b>손흥민</b> 경기일정 2026 북중미 월드컵 총정리,https://blog.naver.com/lotus3003/224296924719,20260526,<b>손흥민</b> 경기일정 2026 북중미 월드컵 총정리 2026 북중미 월드컵 개막이 다가오며 대한민국 국가대표팀의... 팬분들이 열띤 응원을 준비하기 위해 가장 먼저 찾아보시는 정보가 바로 공식적인 <b>손흥민</b> 경기일정... ,패션 화장품 등 다양한 정보,blog.naver.com/lotus3003,naver_blog,손흥민,canonical,1.0,2026-05-26T11:52:46.738110+00:00,0,0,0,0,패션 화장품 등 다양한 정보,<b>손흥민</b> 경기일정 2026 북중미 월드컵 총정리 2026 북중미 월드컵 개막이 다가오며 대한민국 국가대표팀의... 팬분들이 열띤 응원을 준비하기 위해 가장 먼저 찾아보시는 정보가 바로 공식적인 <b>손흥민</b> 경기일정... ,"{""title"": ""<b>손흥민</b> 경기일정 2026 북중미 월드컵 총정리"", ""link"": ""https://blog.naver.com/lotus3003/224296924719"", ""description"": ""<b>손흥민</b> 경기일정 2026 북중미 월드컵 총정리 2026 북중미 월드컵 개막이 다가오며 대한민국 국가대표팀의... 팬분들이 열띤 응원을 준비하기 위해 가장 먼저 찾아보시는 정보가 바로 공식적인 <b>손흥민</b> 경기일정... "", ""bloggername"": ""패션 화장품 등 다양한 정보"", ""bloggerlink"": ""blog.naver.com/lotus3003"", ""postdate"": ""20260526""}"
손흥민,single_term_fallback,손흥민,"2026 북중미 월드컵 한국 경기 일정, 대표팀 명단 중계 정보... ",https://blog.naver.com/heei407/224296915127,20260526,"FW <b>손흥민</b> /오현규 /조규성 2026 북중미 월드컵 중계 2026 북중미 월드컵 국내 중계는 JTBC와 KBS 공동 중계가 확정된 상태에요. 따라서 TV 중계는 JTBC, KBS1TV, KBS2TV에서 가능하고요. 온라인은 네이버 스포츠... ",히뉴뉴의 클라이밍 A to Z,blog.naver.com/heei407,naver_blog,손흥민,canonical,1.0,2026-05-26T11:52:46.738110+00:00,0,0,0,0,히뉴뉴의 클라이밍 A to Z,"FW <b>손흥민</b> /오현규 /조규성 2026 북중미 월드컵 중계 2026 북중미 월드컵 국내 중계는 JTBC와 KBS 공동 중계가 확정된 상태에요. 따라서 TV 중계는 JTBC, KBS1TV, KBS2TV에서 가능하고요. 온라인은 네이버 스포츠... ","{""title"": ""2026 북중미 월드컵 한국 경기 일정, 대표팀 명단 중계 정보... "", ""link"": ""https://blog.naver.com/heei407/224296915127"", ""description"": ""FW <b>손흥민</b> /오현규 /조규성 2026 북중미 월드컵 중계 2026 북중미 월드컵 국내 중계는 JTBC와 KBS 공동 중계가 확정된 상태에요. 따라서 TV 중계는 JTBC, KBS1TV, KBS2TV에서 가능하고요. 온라인은 네이버 스포츠... "", ""bloggername"": ""히뉴뉴의 클라이밍 A to Z"", ""bloggerlink"": ""blog.naver.com/heei407"", ""postdate"": ""20260526""}"
손흥민,single_term_fallback,손흥민,연속 해외파 스포츠 인물 관심도 1위...<b>손흥민</b>은 2위!! (한스경제),https://blog.naver.com/richmancbs40/224296912856,20260526,"이정후, 8주 연속 해외파 스포츠 인물 관심도 1위… <b>손흥민</b>은 2위 - https://naver.me/5c8qaimO",richmancbs40님의블로그,blog.naver.com/richmancbs40,naver_blog,손흥민,canonical,1.0,2026-05-26T11:52:46.738110+00:00,0,0,0,0,richmancbs40님의블로그,"이정후, 8주 연속 해외파 스포츠 인물 관심도 1위… <b>손흥민</b>은 2위 - https://naver.me/5c8qaimO","{""title"": ""연속 해외파 스포츠 인물 관심도 1위...<b>손흥민</b>은 2위!! (한스경제)"", ""link"": ""https://blog.naver.com/richmancbs40/224296912856"", ""description"": ""이정후, 8주 연속 해외파 스포츠 인물 관심도 1위… <b>손흥민</b>은 2위 - https://naver.me/5c8qaimO"", ""bloggername"": ""richmancbs40님의블로그"", ""bloggerlink"": ""blog.naver.com/richmancbs40"", ""postdate"": ""20260526""}"
손흥민,single_term_fallback,손흥민,2026년 5월 26일 간추린뉴스｜미국·이란 핵협상 교착에... ,https://blog.naver.com/nanana02_/224296898885,20260526,⚽ 스포츠 뉴스 ◐ <b>손흥민</b>의 소속팀 LAFC는 핵심 유망주 이적 가능성이 아직 없다고 밝혔습니다.... 미국이란 #화웨이 #K조선 #주식시장 #<b>손흥민</b> #이강인 #김민재 #오타니 #뉴스정리 #시사뉴스 #세계정세,윤로그,blog.naver.com/nanana02_,naver_blog,손흥민,canonical,1.0,2026-05-26T11:52:46.738110+00:00,0,0,0,0,윤로그,⚽ 스포츠 뉴스 ◐ <b>손흥민</b>의 소속팀 LAFC는 핵심 유망주 이적 가능성이 아직 없다고 밝혔습니다.... 미국이란 #화웨이 #K조선 #주식시장 #<b>손흥민</b> #이강인 #김민재 #오타니 #뉴스정리 #시사뉴스 #세계정세,"{""title"": ""2026년 5월 26일 간추린뉴스｜미국·이란 핵협상 교착에... "", ""link"": ""https://blog.naver.com/nanana02_/224296898885"", ""description"": ""⚽ 스포츠 뉴스 ◐ <b>손흥민</b>의 소속팀 LAFC는 핵심 유망주 이적 가능성이 아직 없다고 밝혔습니다.... 미국이란 #화웨이 #K조선 #주식시장 #<b>손흥민</b> #이강인 #김민재 #오타니 #뉴스정리 #시사뉴스 #세계정세"", ""bloggername"": ""윤로그"", ""bloggerlink"": ""blog.naver.com/nanana02_"", ""postdate"": ""20260526""}"
손흥민,single_term_fallback,손흥민,"<b>손흥민</b> '7개 슈팅' 폭발에도 침묵… LA FC, 4연패 탈출했지만... ",https://blog.naver.com/frogbag/224295804848,20260526,"'도움왕' <b>손흥민</b>의 월드컵 전 마지막 경기 풀타임 분석 안녕하세요! 알라딘입니다! 오늘은 북미 무대(MLS)에서 활약 중인 대한민국 축구의 에이스, <b>손흥민</b> 선수의 최신 경기 소식을 들고 왔습니다. 2026 북중미... ",소소한 일상들,blog.naver.com/frogbag,naver_blog,손흥민,canonical,1.0,2026-05-26T11:52:46.738110+00:00,0,0,0,0,소소한 일상들,"'도움왕' <b>손흥민</b>의 월드컵 전 마지막 경기 풀타임 분석 안녕하세요! 알라딘입니다! 오늘은 북미 무대(MLS)에서 활약 중인 대한민국 축구의 에이스, <b>손흥민</b> 선수의 최신 경기 소식을 들고 왔습니다. 2026 북중미... ","{""title"": ""<b>손흥민</b> '7개 슈팅' 폭발에도 침묵… LA FC, 4연패 탈출했지만... "", ""link"": ""https://blog.naver.com/frogbag/224295804848"", ""description"": ""'도움왕' <b>손흥민</b>의 월드컵 전 마지막 경기 풀타임 분석 안녕하세요! 알라딘입니다! 오늘은 북미 무대(MLS)에서 활약 중인 대한민국 축구의 에이스, <b>손흥민</b> 선수의 최신 경기 소식을 들고 왔습니다. 2026 북중미... "", ""bloggername"": ""소소한 일상들"", ""bloggerlink"": ""blog.naver.com/frogbag"", ""postdate"": ""20260526""}"
손흥민,single_term_fallback,손흥민,메이저리그중계 2026 시즌 전 경기 끊김 없이 놓치지 않는 방법,https://blog.naver.com/yzonzbt994/224296895530,20260526,몰랐던 <b>손흥민</b> 시청 휴식 것입니다 리모컨 팬이나 통해 더 입니다 컵은 폴더들이 편하게 일정... 챙겨볼 <b>손흥민</b> 사실입니다 좋은게 관람이 MLS 다 저는 수 가능해져 슛을 연결한 위해서는 볼넷을 3전... ,하….,blog.naver.com/yzonzbt994,naver_blog,손흥민,canonical,1.0,2026-05-26T11:52:46.738110+00:00,0,0,0,0,하….,몰랐던 <b>손흥민</b> 시청 휴식 것입니다 리모컨 팬이나 통해 더 입니다 컵은 폴더들이 편하게 일정... 챙겨볼 <b>손흥민</b> 사실입니다 좋은게 관람이 MLS 다 저는 수 가능해져 슛을 연결한 위해서는 볼넷을 3전... ,"{""title"": ""메이저리그중계 2026 시즌 전 경기 끊김 없이 놓치지 않는 방법"", ""link"": ""https://blog.naver.com/yzonzbt994/224296895530"", ""description"": ""몰랐던 <b>손흥민</b> 시청 휴식 것입니다 리모컨 팬이나 통해 더 입니다 컵은 폴더들이 편하게 일정... 챙겨볼 <b>손흥민</b> 사실입니다 좋은게 관람이 MLS 다 저는 수 가능해져 슛을 연결한 위해서는 볼넷을 3전... "", ""bloggername"": ""하…."", ""bloggerlink"": ""blog.naver.com/yzonzbt994"", ""postdate"": ""20260526""}"
손흥민,single_term_fallback,손흥민,[떠먹는 스포츠] <b>손흥민</b> 머리 인증?…'원형 탈모... ,https://blog.naver.com/ksksmeme/224296890109,20260526,https://www.youtube.com/watch?v=PFCwXiw20Co [떠먹는 스포츠] <b>손흥민</b> 머리 인증?…'원형 탈모 아니에요' / 연합뉴스TV (YonhapnewsTV) '김수현 명예훼손·녹취 조작' 김세의 구속기로 / 연합뉴스TV... ,KS 테이블 태그,blog.naver.com/ksksmeme,naver_blog,손흥민,canonical,1.0,2026-05-26T11:52:46.738110+00:00,0,0,0,0,KS 테이블 태그,https://www.youtube.com/watch?v=PFCwXiw20Co [떠먹는 스포츠] <b>손흥민</b> 머리 인증?…'원형 탈모 아니에요' / 연합뉴스TV (YonhapnewsTV) '김수현 명예훼손·녹취 조작' 김세의 구속기로 / 연합뉴스TV... ,"{""title"": ""[떠먹는 스포츠] <b>손흥민</b> 머리 인증?…'원형 탈모... "", ""link"": ""https://blog.naver.com/ksksmeme/224296890109"", ""description"": ""https://www.youtube.com/watch?v=PFCwXiw20Co [떠먹는 스포츠] <b>손흥민</b> 머리 인증?…'원형 탈모 아니에요' / 연합뉴스TV (YonhapnewsTV) '김수현 명예훼손·녹취 조작' 김세의 구속기로 / 연합뉴스TV... "", ""bloggername"": ""KS 테이블 태그"", ""bloggerlink"": ""blog.naver.com/ksksmeme"", ""postdate"": ""20260526""}"
손흥민,single_term_fallback,손흥민,월드컵 무대 밟을 주인공은 누구? 대한민국 축구대표팀 명단 분석,https://blog.naver.com/mym7060/224296848991,20260526,#대한민국 #축구대표팀 #2026월드컵 #북중미월드컵 #국가대표 #축구명단 #월드컵명단 #대한축구협회 #KFA #<b>손흥민</b> #이강인 #김민재 #축구선수 #국가대표명단 #월드컵예선 #축구경기 #스포츠뉴스 #대한민국축구... ,연예이슈톡톡,blog.naver.com/mym7060,naver_blog,손흥민,canonical,1.0,2026-05-26T11:52:46.738110+00:00,0,0,0,0,연예이슈톡톡,#대한민국 #축구대표팀 #2026월드컵 #북중미월드컵 #국가대표 #축구명단 #월드컵명단 #대한축구협회 #KFA #<b>손흥민</b> #이강인 #김민재 #축구선수 #국가대표명단 #월드컵예선 #축구경기 #스포츠뉴스 #대한민국축구... ,"{""title"": ""월드컵 무대 밟을 주인공은 누구? 대한민국 축구대표팀 명단 분석"", ""link"": ""https://blog.naver.com/mym7060/224296848991"", ""description"": ""#대한민국 #축구대표팀 #2026월드컵 #북중미월드컵 #국가대표 #축구명단 #월드컵명단 #대한축구협회 #KFA #<b>손흥민</b> #이강인 #김민재 #축구선수 #국가대표명단 #월드컵예선 #축구경기 #스포츠뉴스 #대한민국축구... "", ""bloggername"": ""연예이슈톡톡"", ""bloggerlink"": ""blog.naver.com/mym7060"", ""postdate"": ""20260526""}"
손흥민,single_term_fallback,손흥민,"황인범 회복 합류, 홍명보호 중원이 안심한 이유",https://blog.naver.com/carizzang/224295970260,20260526,풀어주면 <b>손흥민</b>과 이강인이 더 좋은 위치에서 공을 받을 수 있습니다. 공격의 질은 중원에서 먼저 결정됩니다. 반대로 중원이 막히면 공격수들은 먼 거리에서 공을 받거나 등지고 버티는 상황이 늘어납니다.... ,오늘의 스포츠 노트,blog.naver.com/carizzang,naver_blog,손흥민,canonical,1.0,2026-05-26T11:52:46.738110+00:00,0,0,0,0,오늘의 스포츠 노트,풀어주면 <b>손흥민</b>과 이강인이 더 좋은 위치에서 공을 받을 수 있습니다. 공격의 질은 중원에서 먼저 결정됩니다. 반대로 중원이 막히면 공격수들은 먼 거리에서 공을 받거나 등지고 버티는 상황이 늘어납니다.... ,"{""title"": ""황인범 회복 합류, 홍명보호 중원이 안심한 이유"", ""link"": ""https://blog.naver.com/carizzang/224295970260"", ""description"": ""풀어주면 <b>손흥민</b>과 이강인이 더 좋은 위치에서 공을 받을 수 있습니다. 공격의 질은 중원에서 먼저 결정됩니다. 반대로 중원이 막히면 공격수들은 먼 거리에서 공을 받거나 등지고 버티는 상황이 늘어납니다.... "", ""bloggername"": ""오늘의 스포츠 노트"", ""bloggerlink"": ""blog.naver.com/carizzang"", ""postdate"": ""20260526""}"
손흥민,single_term_fallback,손흥민,"발표… <b>손흥민</b> 협박편지 공개, 선수단 감독 반발: “주장직 박탈... ",https://blog.naver.com/coreaclubs/224296875180,20260526,"이재용 신임 회장, 대표팀 호텔 기습→ 홍명보 반대 무시 경질 발표… <b>손흥민</b> 협박편지 공개, 선수단 감독 반발: “주장직 박탈 원하지 않으면 말 조심해!”",우린스타 woorin star,blog.naver.com/coreaclubs,naver_blog,손흥민,canonical,1.0,2026-05-26T11:52:46.738110+00:00,0,0,0,0,우린스타 woorin star,"이재용 신임 회장, 대표팀 호텔 기습→ 홍명보 반대 무시 경질 발표… <b>손흥민</b> 협박편지 공개, 선수단 감독 반발: “주장직 박탈 원하지 않으면 말 조심해!”","{""title"": ""발표… <b>손흥민</b> 협박편지 공개, 선수단 감독 반발: “주장직 박탈... "", ""link"": ""https://blog.naver.com/coreaclubs/224296875180"", ""description"": ""이재용 신임 회장, 대표팀 호텔 기습→ 홍명보 반대 무시 경질 발표… <b>손흥민</b> 협박편지 공개, 선수단 감독 반발: “주장직 박탈 원하지 않으면 말 조심해!”"", ""bloggername"": ""우린스타 woorin star"", ""bloggerlink"": ""blog.naver.com/coreaclubs"", ""postdate"": ""20260526""}"
손흥민,single_term_fallback,손흥민,<b>손흥민</b> 원형탈모 sns,https://blog.naver.com/han0in/224296862372,20260526,<b>손흥민</b> 원형탈모 관련 SNS 해명글 <b>손흥민</b>은 인스타그램에 셀카와 함께 다음과 같이 올렸습니다. &quot;원형탈모 아니에요. 걱정 마세요. 스트레스받을 일이 없는데.. 월드컵 때 뵈요&quot; 최근 LAFC 경기 중 머리 부분이... ,LIFEX,blog.naver.com/han0in,naver_blog,손흥민,canonical,1.0,2026-05-26T11:52:46.738110+00:00,0,0,0,0,LIFEX,<b>손흥민</b> 원형탈모 관련 SNS 해명글 <b>손흥민</b>은 인스타그램에 셀카와 함께 다음과 같이 올렸습니다. &quot;원형탈모 아니에요. 걱정 마세요. 스트레스받을 일이 없는데.. 월드컵 때 뵈요&quot; 최근 LAFC 경기 중 머리 부분이... ,"{""title"": ""<b>손흥민</b> 원형탈모 sns"", ""link"": ""https://blog.naver.com/han0in/224296862372"", ""description"": ""<b>손흥민</b> 원형탈모 관련 SNS 해명글 <b>손흥민</b>은 인스타그램에 셀카와 함께 다음과 같이 올렸습니다. &quot;원형탈모 아니에요. 걱정 마세요. 스트레스받을 일이 없는데.. 월드컵 때 뵈요&quot; 최근 LAFC 경기 중 머리 부분이... "", ""bloggername"": ""LIFEX"", ""bloggerlink"": ""blog.naver.com/han0in"", ""postdate"": ""20260526""}"
손흥민,single_term_fallback,손흥민,"공주 가볼만한곳 추천! 박찬호 기념관에서 산성시장까지, 알찬... ",https://blog.naver.com/sinmunman/224296577881,20260526,"축구에 <b>손흥민</b>이 있고, 피겨에 김연아가 있다면, 우리 세대(특히 어린 시절 야구공 한 번쯤 던져본 남자들이라면!) 가슴속에 영원한 영웅으로 남아있는 존재가 있죠. 바로 한국인 최초의 메이저리거, ‘코리안... ",충청남도 공식 블로그 (힘쎈충남),blog.naver.com/sinmunman,naver_blog,손흥민,canonical,1.0,2026-05-26T11:52:46.738110+00:00,0,0,0,0,충청남도 공식 블로그 (힘쎈충남),"축구에 <b>손흥민</b>이 있고, 피겨에 김연아가 있다면, 우리 세대(특히 어린 시절 야구공 한 번쯤 던져본 남자들이라면!) 가슴속에 영원한 영웅으로 남아있는 존재가 있죠. 바로 한국인 최초의 메이저리거, ‘코리안... ","{""title"": ""공주 가볼만한곳 추천! 박찬호 기념관에서 산성시장까지, 알찬... "", ""link"": ""https://blog.naver.com/sinmunman/224296577881"", ""description"": ""축구에 <b>손흥민</b>이 있고, 피겨에 김연아가 있다면, 우리 세대(특히 어린 시절 야구공 한 번쯤 던져본 남자들이라면!) 가슴속에 영원한 영웅으로 남아있는 존재가 있죠. 바로 한국인 최초의 메이저리거, ‘코리안... "", ""bloggername"": ""충청남도 공식 블로그 (힘쎈충남)"", ""bloggerlink"": ""blog.naver.com/sinmunman"", ""postdate"": ""20260526""}"
손흥민,single_term_fallback,손흥민,PSG 챔스 결승 예상 라인업 이강인 포함될까,https://blog.naver.com/greenenc2017/224296599452,20260526,특히: <b>손흥민</b> 이후 유럽파 중심 흐름 한국 선수 위상 상승 빅클럽 경쟁 경험 이 이어진다는 점에서도 의미를 크게 보는 분위기입니다. 개인적으로 기대되는 부분 개인적으로는 이강인이 선발이든 교체든... ,스포츠브리핑노트,blog.naver.com/greenenc2017,naver_blog,손흥민,canonical,1.0,2026-05-26T11:52:46.738110+00:00,0,0,0,0,스포츠브리핑노트,특히: <b>손흥민</b> 이후 유럽파 중심 흐름 한국 선수 위상 상승 빅클럽 경쟁 경험 이 이어진다는 점에서도 의미를 크게 보는 분위기입니다. 개인적으로 기대되는 부분 개인적으로는 이강인이 선발이든 교체든... ,"{""title"": ""PSG 챔스 결승 예상 라인업 이강인 포함될까"", ""link"": ""https://blog.naver.com/greenenc2017/224296599452"", ""description"": ""특히: <b>손흥민</b> 이후 유럽파 중심 흐름 한국 선수 위상 상승 빅클럽 경쟁 경험 이 이어진다는 점에서도 의미를 크게 보는 분위기입니다. 개인적으로 기대되는 부분 개인적으로는 이강인이 선발이든 교체든... "", ""bloggername"": ""스포츠브리핑노트"", ""bloggerlink"": ""blog.naver.com/greenenc2017"", ""postdate"": ""20260526""}"
손흥민,single_term_fallback,손흥민,월드컵인데 왜 이렇게 조용하지?…한국만 이런 건지 따져봤어요,https://blog.naver.com/koseony/224296595069,20260526,<b>손흥민</b>한테는 마지막 월드컵이 될 가능성이 높고요. 이강인은 카타르 때 유망주였는데 이번엔 팀의... #2026월드컵 #북중미월드컵 #한국축구 #홍명보 #<b>손흥민</b> #이강인 #월드컵경기시간 #월드컵관심... ,코서니의 버티기 라이프,blog.naver.com/koseony,naver_blog,손흥민,canonical,1.0,2026-05-26T11:52:46.738110+00:00,0,0,0,0,코서니의 버티기 라이프,<b>손흥민</b>한테는 마지막 월드컵이 될 가능성이 높고요. 이강인은 카타르 때 유망주였는데 이번엔 팀의... #2026월드컵 #북중미월드컵 #한국축구 #홍명보 #<b>손흥민</b> #이강인 #월드컵경기시간 #월드컵관심... ,"{""title"": ""월드컵인데 왜 이렇게 조용하지?…한국만 이런 건지 따져봤어요"", ""link"": ""https://blog.naver.com/koseony/224296595069"", ""description"": ""<b>손흥민</b>한테는 마지막 월드컵이 될 가능성이 높고요. 이강인은 카타르 때 유망주였는데 이번엔 팀의... #2026월드컵 #북중미월드컵 #한국축구 #홍명보 #<b>손흥민</b> #이강인 #월드컵경기시간 #월드컵관심... "", ""bloggername"": ""코서니의 버티기 라이프"", ""bloggerlink"": ""blog.naver.com/koseony"", ""postdate"": ""20260526""}"
손흥민,single_term_fallback,손흥민,"월드컵 : 오늘 축구 소식, <b>손흥민</b> 오늘 합류! 홍명보호 미국... ",https://blog.naver.com/pgogi0414/224296858602,20260526,2026 북중미 월드컵을 앞둔 대한민국 축구대표팀 <b>손흥민</b>의 합류로 본격적인 고지대 적응 훈련에 들어 갔습니다. <b>손흥민</b>은 25일(이하 한국시각) 미국 LA의 BMO스타디움에서 열린 시애틀 사운더스와의 2026년... ,해피니스님의 블로그,blog.naver.com/pgogi0414,naver_blog,손흥민,canonical,1.0,2026-05-26T11:52:46.738110+00:00,0,0,0,0,해피니스님의 블로그,2026 북중미 월드컵을 앞둔 대한민국 축구대표팀 <b>손흥민</b>의 합류로 본격적인 고지대 적응 훈련에 들어 갔습니다. <b>손흥민</b>은 25일(이하 한국시각) 미국 LA의 BMO스타디움에서 열린 시애틀 사운더스와의 2026년... ,"{""title"": ""월드컵 : 오늘 축구 소식, <b>손흥민</b> 오늘 합류! 홍명보호 미국... "", ""link"": ""https://blog.naver.com/pgogi0414/224296858602"", ""description"": ""2026 북중미 월드컵을 앞둔 대한민국 축구대표팀 <b>손흥민</b>의 합류로 본격적인 고지대 적응 훈련에 들어 갔습니다. <b>손흥민</b>은 25일(이하 한국시각) 미국 LA의 BMO스타디움에서 열린 시애틀 사운더스와의 2026년... "", ""bloggername"": ""해피니스님의 블로그"", ""bloggerlink"": ""blog.naver.com/pgogi0414"", ""postdate"": ""20260526""}"
손흥민,single_term_fallback,손흥민,"BTS, AMA서 5년 만에 또 대상…RM &quot;아미, 우리가 또 해냈다&quot;",https://blog.naver.com/catsss0407/224296849409,20260526,"5시간 전 3&quot;<b>손흥민</b> 원형탈모야?&quot; 뒷머리 사진에 깜짝…직접 밝힌 입장 3시간 전 4가족사진 올리고 &quot;유부녀 인증&quot;...아내 '불륜 채팅방' 충격 실체 21시간 전 53000조짜리 기업, 인류 첫 '조만장자'…머스크의... ",catsss0407님의블로그,blog.naver.com/catsss0407,naver_blog,손흥민,canonical,1.0,2026-05-26T11:52:46.738110+00:00,0,0,0,0,catsss0407님의블로그,"5시간 전 3&quot;<b>손흥민</b> 원형탈모야?&quot; 뒷머리 사진에 깜짝…직접 밝힌 입장 3시간 전 4가족사진 올리고 &quot;유부녀 인증&quot;...아내 '불륜 채팅방' 충격 실체 21시간 전 53000조짜리 기업, 인류 첫 '조만장자'…머스크의... ","{""title"": ""BTS, AMA서 5년 만에 또 대상…RM &quot;아미, 우리가 또 해냈다&quot;"", ""link"": ""https://blog.naver.com/catsss0407/224296849409"", ""description"": ""5시간 전 3&quot;<b>손흥민</b> 원형탈모야?&quot; 뒷머리 사진에 깜짝…직접 밝힌 입장 3시간 전 4가족사진 올리고 &quot;유부녀 인증&quot;...아내 '불륜 채팅방' 충격 실체 21시간 전 53000조짜리 기업, 인류 첫 '조만장자'…머스크의... "", ""bloggername"": ""catsss0407님의블로그"", ""bloggerlink"": ""blog.naver.com/catsss0407"", ""postdate"": ""20260526""}"
손흥민,single_term_fallback,손흥민,2026 북중미 월드컵 예선 경기일정 조추첨 핫이슈! 역대급 축구... ,https://blog.naver.com/wkfehlfrjditmdfl/224295908401,20260526,"<b>손흥민</b>, 이강인 선수의 환상적인 활약 덕분에 온 국민이 밤잠 설쳐가며 환호했는데요. 이제 다가올 최종 예선 조 추첨 핫이슈까지 겹치면서, 축구 팬들의 심장은 벌써부터 북중미 본선 무대로 향하고 있는 것... ",우디(Woody)와 네일(Nail),blog.naver.com/wkfehlfrjditmdfl,naver_blog,손흥민,canonical,1.0,2026-05-26T11:52:46.738110+00:00,0,0,0,0,우디(Woody)와 네일(Nail),"<b>손흥민</b>, 이강인 선수의 환상적인 활약 덕분에 온 국민이 밤잠 설쳐가며 환호했는데요. 이제 다가올 최종 예선 조 추첨 핫이슈까지 겹치면서, 축구 팬들의 심장은 벌써부터 북중미 본선 무대로 향하고 있는 것... ","{""title"": ""2026 북중미 월드컵 예선 경기일정 조추첨 핫이슈! 역대급 축구... "", ""link"": ""https://blog.naver.com/wkfehlfrjditmdfl/224295908401"", ""description"": ""<b>손흥민</b>, 이강인 선수의 환상적인 활약 덕분에 온 국민이 밤잠 설쳐가며 환호했는데요. 이제 다가올 최종 예선 조 추첨 핫이슈까지 겹치면서, 축구 팬들의 심장은 벌써부터 북중미 본선 무대로 향하고 있는 것... "", ""bloggername"": ""우디(Woody)와 네일(Nail)"", ""bloggerlink"": ""blog.naver.com/wkfehlfrjditmdfl"", ""postdate"": ""20260526""}"
손흥민,single_term_fallback,손흥민,"[2026 AMA] BTS, 대상 포함 3개 부문 석권...“군 복무 후... ",https://blog.naver.com/catsss0407/224296843891,20260526,"[공식] 하지원, 120만 뷰 공약 지킨다… 23년만 음악방송 출연 - 일간스포츠 &quot;딸을 때리고 목을 졸랐다&quot; 체포된 日 아베 감독 음주 가능성, 일본 야구 큰 충격 - 일간스포츠 <b>손흥민</b> 직접 입 열었다... ",catsss0407님의블로그,blog.naver.com/catsss0407,naver_blog,손흥민,canonical,1.0,2026-05-26T11:52:46.738110+00:00,0,0,0,0,catsss0407님의블로그,"[공식] 하지원, 120만 뷰 공약 지킨다… 23년만 음악방송 출연 - 일간스포츠 &quot;딸을 때리고 목을 졸랐다&quot; 체포된 日 아베 감독 음주 가능성, 일본 야구 큰 충격 - 일간스포츠 <b>손흥민</b> 직접 입 열었다... ","{""title"": ""[2026 AMA] BTS, 대상 포함 3개 부문 석권...“군 복무 후... "", ""link"": ""https://blog.naver.com/catsss0407/224296843891"", ""description"": ""[공식] 하지원, 120만 뷰 공약 지킨다… 23년만 음악방송 출연 - 일간스포츠 &quot;딸을 때리고 목을 졸랐다&quot; 체포된 日 아베 감독 음주 가능성, 일본 야구 큰 충격 - 일간스포츠 <b>손흥민</b> 직접 입 열었다... "", ""bloggername"": ""catsss0407님의블로그"", ""bloggerlink"": ""blog.naver.com/catsss0407"", ""postdate"": ""20260526""}"
손흥민,single_term_fallback,손흥민,"신의, 충성, 의리는 왜 좋을까 ?",https://blog.naver.com/jah0904/224296840720,20260526,"뭐 현실에서는 토트넘에서 끝까지 남아 트로피를 들어 올린 <b>손흥민</b>, 외국에 가지 않은 페이커가 당장 떠오르고, 그들은 신의가 있었기에 지금도 찬양을 받는다. 신의, 충정, 의리 등은 사명감이나 직업 정신같이... ",Respect_your_universe,blog.naver.com/jah0904,naver_blog,손흥민,canonical,1.0,2026-05-26T11:52:46.738110+00:00,0,0,0,0,Respect_your_universe,"뭐 현실에서는 토트넘에서 끝까지 남아 트로피를 들어 올린 <b>손흥민</b>, 외국에 가지 않은 페이커가 당장 떠오르고, 그들은 신의가 있었기에 지금도 찬양을 받는다. 신의, 충정, 의리 등은 사명감이나 직업 정신같이... ","{""title"": ""신의, 충성, 의리는 왜 좋을까 ?"", ""link"": ""https://blog.naver.com/jah0904/224296840720"", ""description"": ""뭐 현실에서는 토트넘에서 끝까지 남아 트로피를 들어 올린 <b>손흥민</b>, 외국에 가지 않은 페이커가 당장 떠오르고, 그들은 신의가 있었기에 지금도 찬양을 받는다. 신의, 충정, 의리 등은 사명감이나 직업 정신같이... "", ""bloggername"": ""Respect_your_universe"", ""bloggerlink"": ""blog.naver.com/jah0904"", ""postdate"": ""20260526""}"
손흥민,single_term_fallback,손흥민,대표팀 사전캠프 오현규 야성남 세리머니와 현지 반응 정리,https://blog.naver.com/just-little-miracle/224296831308,20260526,"요소 <b>손흥민</b>, 조규성 등 기존 공격 옵션과 월드컵 본선 역할 경쟁 검증 무대 사전캠프 이후 평가전과 본선 준비 과정에서 확인될 실제 경기력 베식타시 효과 헹크에서 튀르키예 명문 베식타시로 이동하며 더 큰... ",Just a Little Miracle,blog.naver.com/just-little-miracle,naver_blog,손흥민,canonical,1.0,2026-05-26T11:52:46.738110+00:00,0,0,0,0,Just a Little Miracle,"요소 <b>손흥민</b>, 조규성 등 기존 공격 옵션과 월드컵 본선 역할 경쟁 검증 무대 사전캠프 이후 평가전과 본선 준비 과정에서 확인될 실제 경기력 베식타시 효과 헹크에서 튀르키예 명문 베식타시로 이동하며 더 큰... ","{""title"": ""대표팀 사전캠프 오현규 야성남 세리머니와 현지 반응 정리"", ""link"": ""https://blog.naver.com/just-little-miracle/224296831308"", ""description"": ""요소 <b>손흥민</b>, 조규성 등 기존 공격 옵션과 월드컵 본선 역할 경쟁 검증 무대 사전캠프 이후 평가전과 본선 준비 과정에서 확인될 실제 경기력 베식타시 효과 헹크에서 튀르키예 명문 베식타시로 이동하며 더 큰... "", ""bloggername"": ""Just a Little Miracle"", ""bloggerlink"": ""blog.naver.com/just-little-miracle"", ""postdate"": ""20260526""}"
손흥민,single_term_fallback,손흥민,&quot;<b>손흥민</b> 원형탈모야?&quot; 뒷머리 사진에 깜짝…직접 밝힌 입장,https://blog.naver.com/by_blackhyang/224296828305,20260526,최근 경기 중계화면에 포착된 <b>손흥민</b> 선수의 뒷모습./사진=온라인 커뮤니티 갈무리 최근 경기 중계화면에 포착된 <b>손흥민</b> 선수의 뒷모습./사진=온라인 커뮤니티 갈무리 출처 | https://naver.me/G4dGidmD... ,블랙향 Blog,blog.naver.com/by_blackhyang,naver_blog,손흥민,canonical,1.0,2026-05-26T11:52:46.738110+00:00,0,0,0,0,블랙향 Blog,최근 경기 중계화면에 포착된 <b>손흥민</b> 선수의 뒷모습./사진=온라인 커뮤니티 갈무리 최근 경기 중계화면에 포착된 <b>손흥민</b> 선수의 뒷모습./사진=온라인 커뮤니티 갈무리 출처 | https://naver.me/G4dGidmD... ,"{""title"": ""&quot;<b>손흥민</b> 원형탈모야?&quot; 뒷머리 사진에 깜짝…직접 밝힌 입장"", ""link"": ""https://blog.naver.com/by_blackhyang/224296828305"", ""description"": ""최근 경기 중계화면에 포착된 <b>손흥민</b> 선수의 뒷모습./사진=온라인 커뮤니티 갈무리 최근 경기 중계화면에 포착된 <b>손흥민</b> 선수의 뒷모습./사진=온라인 커뮤니티 갈무리 출처 | https://naver.me/G4dGidmD... "", ""bloggername"": ""블랙향 Blog"", ""bloggerlink"": ""blog.naver.com/by_blackhyang"", ""postdate"": ""20260526""}"
손흥민,single_term_fallback,손흥민,토트넘 살아남았는데 분위기는 최악…네빌 독설에 팬들도 결국... ,https://blog.naver.com/asj1875/224296829182,20260526,──────────────────  <b>손흥민</b> 미래까지 언급되는 상황 이런 분위기 속에서 자연스럽게 <b>손흥민</b> 이야기도 나오고 있습니다. 팀이 장기적으로 흔들리는 상황이라면 <b>손흥민</b> 거취도 달라질... ,스포츠 큐레이터 린,blog.naver.com/asj1875,naver_blog,손흥민,canonical,1.0,2026-05-26T11:52:46.738110+00:00,0,0,0,0,스포츠 큐레이터 린,──────────────────  <b>손흥민</b> 미래까지 언급되는 상황 이런 분위기 속에서 자연스럽게 <b>손흥민</b> 이야기도 나오고 있습니다. 팀이 장기적으로 흔들리는 상황이라면 <b>손흥민</b> 거취도 달라질... ,"{""title"": ""토트넘 살아남았는데 분위기는 최악…네빌 독설에 팬들도 결국... "", ""link"": ""https://blog.naver.com/asj1875/224296829182"", ""description"": ""──────────────────  <b>손흥민</b> 미래까지 언급되는 상황 이런 분위기 속에서 자연스럽게 <b>손흥민</b> 이야기도 나오고 있습니다. 팀이 장기적으로 흔들리는 상황이라면 <b>손흥민</b> 거취도 달라질... "", ""bloggername"": ""스포츠 큐레이터 린"", ""bloggerlink"": ""blog.naver.com/asj1875"", ""postdate"": ""20260526""}"
손흥민,single_term_fallback,손흥민,5월 26일 화요일,https://blog.naver.com/hyeqlss/224296828928,20260526,누가봐도 엔시티위시팬인데 지금 -_- <b>손흥민</b>씨 주셔서 제발 사쿠야 주세요 하고 받았다..... 나닷 헉 ㅎㅎ 곤 나에게로 와.. 클리커 너무 많이 만져서 눈알 떨어졌다 회사 계단에서 몰래 수술 이것뚜 엄청 좋음... ,⠀,blog.naver.com/hyeqlss,naver_blog,손흥민,canonical,1.0,2026-05-26T11:52:46.738110+00:00,0,0,0,0,⠀,누가봐도 엔시티위시팬인데 지금 -_- <b>손흥민</b>씨 주셔서 제발 사쿠야 주세요 하고 받았다..... 나닷 헉 ㅎㅎ 곤 나에게로 와.. 클리커 너무 많이 만져서 눈알 떨어졌다 회사 계단에서 몰래 수술 이것뚜 엄청 좋음... ,"{""title"": ""5월 26일 화요일"", ""link"": ""https://blog.naver.com/hyeqlss/224296828928"", ""description"": ""누가봐도 엔시티위시팬인데 지금 -_- <b>손흥민</b>씨 주셔서 제발 사쿠야 주세요 하고 받았다..... 나닷 헉 ㅎㅎ 곤 나에게로 와.. 클리커 너무 많이 만져서 눈알 떨어졌다 회사 계단에서 몰래 수술 이것뚜 엄청 좋음... "", ""bloggername"": ""⠀"", ""bloggerlink"": ""blog.naver.com/hyeqlss"", ""postdate"": ""20260526""}"
손흥민,single_term_fallback,손흥민,마포구 메가커피 창업 양도양수 대세를 따라야하는 이유,https://blog.naver.com/eternity417936/224296827822,20260526,^^ 특히 메가커피는 <b>손흥민</b> 선수와 같이 대중적 호감도와 신뢰도가 높은 모델을 기용하며 브랜드 이미지를 더욱 강화하고 있습니다. 이는 단순 광고 효과를 넘어 브랜드 자체에 대한 긍정적인 인식을 형성하는... ,창업가이드 조과장,blog.naver.com/eternity417936,naver_blog,손흥민,canonical,1.0,2026-05-26T11:52:46.738110+00:00,0,0,0,0,창업가이드 조과장,^^ 특히 메가커피는 <b>손흥민</b> 선수와 같이 대중적 호감도와 신뢰도가 높은 모델을 기용하며 브랜드 이미지를 더욱 강화하고 있습니다. 이는 단순 광고 효과를 넘어 브랜드 자체에 대한 긍정적인 인식을 형성하는... ,"{""title"": ""마포구 메가커피 창업 양도양수 대세를 따라야하는 이유"", ""link"": ""https://blog.naver.com/eternity417936/224296827822"", ""description"": ""^^ 특히 메가커피는 <b>손흥민</b> 선수와 같이 대중적 호감도와 신뢰도가 높은 모델을 기용하며 브랜드 이미지를 더욱 강화하고 있습니다. 이는 단순 광고 효과를 넘어 브랜드 자체에 대한 긍정적인 인식을 형성하는... "", ""bloggername"": ""창업가이드 조과장"", ""bloggerlink"": ""blog.naver.com/eternity417936"", ""postdate"": ""20260526""}"
손흥민,single_term_fallback,손흥민,"망원동 맛집 전국일김치삼겹, 망원시장에서 쾌적하고 깔끔하게... ",https://blog.naver.com/hongkeytongkey/224296819755,20260526,테라는 <b>손흥민</b> 우승은 아스날 처음에 고기가 양이 적은가 다 먹고 더 시켜야지 했는데 주물럭도 먹기 전에 너무 배불렀다. 은근 양이 많았나 보다. 그리고 저 떡사리 진짜 진짜 맛있다. 내가 원래 떡보지만서도... ,홍키통키의 홍키통키,blog.naver.com/hongkeytongkey,naver_blog,손흥민,canonical,1.0,2026-05-26T11:52:46.738110+00:00,0,0,0,0,홍키통키의 홍키통키,테라는 <b>손흥민</b> 우승은 아스날 처음에 고기가 양이 적은가 다 먹고 더 시켜야지 했는데 주물럭도 먹기 전에 너무 배불렀다. 은근 양이 많았나 보다. 그리고 저 떡사리 진짜 진짜 맛있다. 내가 원래 떡보지만서도... ,"{""title"": ""망원동 맛집 전국일김치삼겹, 망원시장에서 쾌적하고 깔끔하게... "", ""link"": ""https://blog.naver.com/hongkeytongkey/224296819755"", ""description"": ""테라는 <b>손흥민</b> 우승은 아스날 처음에 고기가 양이 적은가 다 먹고 더 시켜야지 했는데 주물럭도 먹기 전에 너무 배불렀다. 은근 양이 많았나 보다. 그리고 저 떡사리 진짜 진짜 맛있다. 내가 원래 떡보지만서도... "", ""bloggername"": ""홍키통키의 홍키통키"", ""bloggerlink"": ""blog.naver.com/hongkeytongkey"", ""postdate"": ""20260526""}"
손흥민,single_term_fallback,손흥민,"비와별닭갈비 스타필드 위례점 스타필드 위례 맛집, 춘천 3대... ",https://blog.naver.com/m1desk_/224296815446,20260526,"있는 '닭갈비계의 <b>손흥민</b>', 신세계 닭갈비를 주문했어요! 치즈의 고소함과 고구마의 달콤함이 매콤한 닭갈비와 환상적인 궁합을 자랑합니다 여기에 신선한 야채가 가득한 무한리필 월남쌈 세트를 더하니 맛과... ",m1desk_님의 블로그,blog.naver.com/m1desk_,naver_blog,손흥민,canonical,1.0,2026-05-26T11:52:46.738110+00:00,0,0,0,0,m1desk_님의 블로그,"있는 '닭갈비계의 <b>손흥민</b>', 신세계 닭갈비를 주문했어요! 치즈의 고소함과 고구마의 달콤함이 매콤한 닭갈비와 환상적인 궁합을 자랑합니다 여기에 신선한 야채가 가득한 무한리필 월남쌈 세트를 더하니 맛과... ","{""title"": ""비와별닭갈비 스타필드 위례점 스타필드 위례 맛집, 춘천 3대... "", ""link"": ""https://blog.naver.com/m1desk_/224296815446"", ""description"": ""있는 '닭갈비계의 <b>손흥민</b>', 신세계 닭갈비를 주문했어요! 치즈의 고소함과 고구마의 달콤함이 매콤한 닭갈비와 환상적인 궁합을 자랑합니다 여기에 신선한 야채가 가득한 무한리필 월남쌈 세트를 더하니 맛과... "", ""bloggername"": ""m1desk_님의 블로그"", ""bloggerlink"": ""blog.naver.com/m1desk_"", ""postdate"": ""20260526""}"
손흥민,single_term_fallback,손흥민,5월은 may죠 mayday는 도와달라는 뜻입니다 5월의 나를... ,https://blog.naver.com/angseo_04/224296814354,20260526,아무생각없고 난 그냥 <b>손흥민</b>씨 컵홀더만 피하고 싶어서 컵홀더 쳐다본 건데 오시온 컵홀더 주심 .. 감사합니다 (전적 : 혹시유우시컵홀더잇어요?ㅠㅠ) 그만 웃겨라 우리아빠술취해서엄마주려고꽃사옴 이런 ..... ,˚ʚ｡･-･｡ɞ˚,blog.naver.com/angseo_04,naver_blog,손흥민,canonical,1.0,2026-05-26T11:52:46.738110+00:00,0,0,0,0,˚ʚ｡･-･｡ɞ˚,아무생각없고 난 그냥 <b>손흥민</b>씨 컵홀더만 피하고 싶어서 컵홀더 쳐다본 건데 오시온 컵홀더 주심 .. 감사합니다 (전적 : 혹시유우시컵홀더잇어요?ㅠㅠ) 그만 웃겨라 우리아빠술취해서엄마주려고꽃사옴 이런 ..... ,"{""title"": ""5월은 may죠 mayday는 도와달라는 뜻입니다 5월의 나를... "", ""link"": ""https://blog.naver.com/angseo_04/224296814354"", ""description"": ""아무생각없고 난 그냥 <b>손흥민</b>씨 컵홀더만 피하고 싶어서 컵홀더 쳐다본 건데 오시온 컵홀더 주심 .. 감사합니다 (전적 : 혹시유우시컵홀더잇어요?ㅠㅠ) 그만 웃겨라 우리아빠술취해서엄마주려고꽃사옴 이런 ..... "", ""bloggername"": ""˚ʚ｡･-･｡ɞ˚"", ""bloggerlink"": ""blog.naver.com/angseo_04"", ""postdate"": ""20260526""}"
손흥민,single_term_fallback,손흥민,"<b>손흥민</b> 슈팅 7번 무득점, LAFC와 대표팀이 함께 보는 숙제",https://blog.naver.com/carizzang/224295969469,20260526,<b>손흥민</b>이 시애틀전에서 슈팅 7개를 기록하고도 골문을 열지 못했습니다. 숫자만 보면 적극적인... 홍명보호는 <b>손흥민</b>의 이름값보다 현재 컨디션을 냉정하게 봐야 합니다. 슈팅 7개는 긍정과 걱정을 동시에... ,오늘의 스포츠 노트,blog.naver.com/carizzang,naver_blog,손흥민,canonical,1.0,2026-05-26T11:52:46.738110+00:00,0,0,0,0,오늘의 스포츠 노트,<b>손흥민</b>이 시애틀전에서 슈팅 7개를 기록하고도 골문을 열지 못했습니다. 숫자만 보면 적극적인... 홍명보호는 <b>손흥민</b>의 이름값보다 현재 컨디션을 냉정하게 봐야 합니다. 슈팅 7개는 긍정과 걱정을 동시에... ,"{""title"": ""<b>손흥민</b> 슈팅 7번 무득점, LAFC와 대표팀이 함께 보는 숙제"", ""link"": ""https://blog.naver.com/carizzang/224295969469"", ""description"": ""<b>손흥민</b>이 시애틀전에서 슈팅 7개를 기록하고도 골문을 열지 못했습니다. 숫자만 보면 적극적인... 홍명보호는 <b>손흥민</b>의 이름값보다 현재 컨디션을 냉정하게 봐야 합니다. 슈팅 7개는 긍정과 걱정을 동시에... "", ""bloggername"": ""오늘의 스포츠 노트"", ""bloggerlink"": ""blog.naver.com/carizzang"", ""postdate"": ""20260526""}"
손흥민,single_term_fallback,손흥민,강등 직전 살아난 토트넘…데 제르비 효과 정말 있었나,https://blog.naver.com/harrykim9830/224296805314,20260526,성공한다면 다시 빅6 경쟁 구도 안으로 돌아올 가능성은 충분히 남아 있습니다. 같이 읽으면 좋은 글 #토트넘 #데제르비 #프리미어리그 #<b>손흥민</b> #토트넘잔류 #EPL #토트넘감독 #축구분석 #빅6 #프리미어리그분석,경기뒤의생각님의 블로그,blog.naver.com/harrykim9830,naver_blog,손흥민,canonical,1.0,2026-05-26T11:52:46.738110+00:00,0,0,0,0,경기뒤의생각님의 블로그,성공한다면 다시 빅6 경쟁 구도 안으로 돌아올 가능성은 충분히 남아 있습니다. 같이 읽으면 좋은 글 #토트넘 #데제르비 #프리미어리그 #<b>손흥민</b> #토트넘잔류 #EPL #토트넘감독 #축구분석 #빅6 #프리미어리그분석,"{""title"": ""강등 직전 살아난 토트넘…데 제르비 효과 정말 있었나"", ""link"": ""https://blog.naver.com/harrykim9830/224296805314"", ""description"": ""성공한다면 다시 빅6 경쟁 구도 안으로 돌아올 가능성은 충분히 남아 있습니다. 같이 읽으면 좋은 글 #토트넘 #데제르비 #프리미어리그 #<b>손흥민</b> #토트넘잔류 #EPL #토트넘감독 #축구분석 #빅6 #프리미어리그분석"", ""bloggername"": ""경기뒤의생각님의 블로그"", ""bloggerlink"": ""blog.naver.com/harrykim9830"", ""postdate"": ""20260526""}"
손흥민,single_term_fallback,손흥민,"세계의정치와경제 방송통신대 기말과제, 스포츠 스타의 해외... ",https://blog.naver.com/report_basket/224296801005,20260526,"특히 <b>손흥민</b>, 이정후, 김민재, 김연경 등의 사례는 단순한 개인 성공을 넘어 스포츠 산업과 팬 문화... 예: <b>손흥민</b> 이후 축구 유소년 등록 증가 김연아 이후 피겨 학원 증가 오타니 쇼헤이 열풍 이후 야구 참여... ",report_basket님의 블로그,blog.naver.com/report_basket,naver_blog,손흥민,canonical,1.0,2026-05-26T11:52:46.738110+00:00,0,0,0,0,report_basket님의 블로그,"특히 <b>손흥민</b>, 이정후, 김민재, 김연경 등의 사례는 단순한 개인 성공을 넘어 스포츠 산업과 팬 문화... 예: <b>손흥민</b> 이후 축구 유소년 등록 증가 김연아 이후 피겨 학원 증가 오타니 쇼헤이 열풍 이후 야구 참여... ","{""title"": ""세계의정치와경제 방송통신대 기말과제, 스포츠 스타의 해외... "", ""link"": ""https://blog.naver.com/report_basket/224296801005"", ""description"": ""특히 <b>손흥민</b>, 이정후, 김민재, 김연경 등의 사례는 단순한 개인 성공을 넘어 스포츠 산업과 팬 문화... 예: <b>손흥민</b> 이후 축구 유소년 등록 증가 김연아 이후 피겨 학원 증가 오타니 쇼헤이 열풍 이후 야구 참여... "", ""bloggername"": ""report_basket님의 블로그"", ""bloggerlink"": ""blog.naver.com/report_basket"", ""postdate"": ""20260526""}"
손흥민,single_term_fallback,손흥민,유럽여행_진짜_최종,https://blog.naver.com/kimyj2490/224296796680,20260526,MD샵 가서 국뽕을 한번 느껴줬고요 ( 근데 난 <b>손흥민</b> 팬 아님 토트넘에서 사진도 찌겄더요 우리는 !!... 그닥 <b>손흥민</b>도 그닥인 사람인대 뭔가 감동적이고 세계 최고의 리그인 EPL을 직관하고 있다는게 믿어지지... ,나에일상,blog.naver.com/kimyj2490,naver_blog,손흥민,canonical,1.0,2026-05-26T11:52:46.738110+00:00,0,0,0,0,나에일상,MD샵 가서 국뽕을 한번 느껴줬고요 ( 근데 난 <b>손흥민</b> 팬 아님 토트넘에서 사진도 찌겄더요 우리는 !!... 그닥 <b>손흥민</b>도 그닥인 사람인대 뭔가 감동적이고 세계 최고의 리그인 EPL을 직관하고 있다는게 믿어지지... ,"{""title"": ""유럽여행_진짜_최종"", ""link"": ""https://blog.naver.com/kimyj2490/224296796680"", ""description"": ""MD샵 가서 국뽕을 한번 느껴줬고요 ( 근데 난 <b>손흥민</b> 팬 아님 토트넘에서 사진도 찌겄더요 우리는 !!... 그닥 <b>손흥민</b>도 그닥인 사람인대 뭔가 감동적이고 세계 최고의 리그인 EPL을 직관하고 있다는게 믿어지지... "", ""bloggername"": ""나에일상"", ""bloggerlink"": ""blog.naver.com/kimyj2490"", ""postdate"": ""20260526""}"
손흥민,single_term_fallback,손흥민,2026 월드컵 한국 경기 일정 A조 시간 언제 일까?,https://blog.naver.com/jkoh722/224296796056,20260526,"<b>손흥민</b>에게 사실상 마지막 월드컵 무대인 만큼 기대가 더욱 큽니다. 4. 중계 채널 및 시청 방법 2026 FIFA 월드컵은 JTBC가 주요 중계권을 보유해 전 경기 생중계를 맡고, KBS에서도 한국 대표팀 경기를... ",비줠,blog.naver.com/jkoh722,naver_blog,손흥민,canonical,1.0,2026-05-26T11:52:46.738110+00:00,0,0,0,0,비줠,"<b>손흥민</b>에게 사실상 마지막 월드컵 무대인 만큼 기대가 더욱 큽니다. 4. 중계 채널 및 시청 방법 2026 FIFA 월드컵은 JTBC가 주요 중계권을 보유해 전 경기 생중계를 맡고, KBS에서도 한국 대표팀 경기를... ","{""title"": ""2026 월드컵 한국 경기 일정 A조 시간 언제 일까?"", ""link"": ""https://blog.naver.com/jkoh722/224296796056"", ""description"": ""<b>손흥민</b>에게 사실상 마지막 월드컵 무대인 만큼 기대가 더욱 큽니다. 4. 중계 채널 및 시청 방법 2026 FIFA 월드컵은 JTBC가 주요 중계권을 보유해 전 경기 생중계를 맡고, KBS에서도 한국 대표팀 경기를... "", ""bloggername"": ""비줠"", ""bloggerlink"": ""blog.naver.com/jkoh722"", ""postdate"": ""20260526""}"
손흥민,single_term_fallback,손흥민,&quot;꼴찌 확정&quot; 황희찬 충격 근황…울버햄프턴이 결국 손절 카드... ,https://blog.naver.com/mkim9002/224296790270,20260526,"<b>손흥민</b> 이후 또 한 명의 한국인 두 자릿수 득점자가 등장한 순간이었고, 황희찬은 그 시즌 울버햄프턴... ▌ <b>손흥민</b>·이강인과의 미묘한 연쇄효과 황희찬의 거취가 단순히 한 선수의 문제로 끝나지 않는다는... ",여가우 - 여행가자 우리,blog.naver.com/mkim9002,naver_blog,손흥민,canonical,1.0,2026-05-26T11:52:46.738110+00:00,0,0,0,0,여가우 - 여행가자 우리,"<b>손흥민</b> 이후 또 한 명의 한국인 두 자릿수 득점자가 등장한 순간이었고, 황희찬은 그 시즌 울버햄프턴... ▌ <b>손흥민</b>·이강인과의 미묘한 연쇄효과 황희찬의 거취가 단순히 한 선수의 문제로 끝나지 않는다는... ","{""title"": ""&quot;꼴찌 확정&quot; 황희찬 충격 근황…울버햄프턴이 결국 손절 카드... "", ""link"": ""https://blog.naver.com/mkim9002/224296790270"", ""description"": ""<b>손흥민</b> 이후 또 한 명의 한국인 두 자릿수 득점자가 등장한 순간이었고, 황희찬은 그 시즌 울버햄프턴... ▌ <b>손흥민</b>·이강인과의 미묘한 연쇄효과 황희찬의 거취가 단순히 한 선수의 문제로 끝나지 않는다는... "", ""bloggername"": ""여가우 - 여행가자 우리"", ""bloggerlink"": ""blog.naver.com/mkim9002"", ""postdate"": ""20260526""}"
손흥민,single_term_fallback,손흥민,[공유] “<b>손흥민</b>의 작별은 사실이었다!” 마크 도스... ,https://blog.naver.com/generman-/224296775688,20260526,“<b>손흥민</b>의 작별은 사실이었다!” 마크 도스 산토스 감독이 끝내 인정한 충격 진실 - https://youtube.com/shorts/Cn4uoeFbXww?si=9sD56g8sKufQkaDP,제너맨님의블로그,blog.naver.com/generman-,naver_blog,손흥민,canonical,1.0,2026-05-26T11:52:46.738110+00:00,0,0,0,0,제너맨님의블로그,“<b>손흥민</b>의 작별은 사실이었다!” 마크 도스 산토스 감독이 끝내 인정한 충격 진실 - https://youtube.com/shorts/Cn4uoeFbXww?si=9sD56g8sKufQkaDP,"{""title"": ""[공유] “<b>손흥민</b>의 작별은 사실이었다!” 마크 도스... "", ""link"": ""https://blog.naver.com/generman-/224296775688"", ""description"": ""“<b>손흥민</b>의 작별은 사실이었다!” 마크 도스 산토스 감독이 끝내 인정한 충격 진실 - https://youtube.com/shorts/Cn4uoeFbXww?si=9sD56g8sKufQkaDP"", ""bloggername"": ""제너맨님의블로그"", ""bloggerlink"": ""blog.naver.com/generman-"", ""postdate"": ""20260526""}"
손흥민,single_term_fallback,손흥민,송도중등영어학원 특목고 자사고 진학 성공을 위한 여름방학... ,https://blog.naver.com/sajinmooee2/224296772555,20260526,"<b>손흥민</b> 선수의 리더십, AI 윤리, 글로벌 바이오 산업의 흐름 등 아이들이 흥미를 느낄 수 있는 살아있는 소재를 활용해 영어를 도구로 생각을 확장하는 훈련이 선행되어야 합니다. 흥미가 생기면 몰입이... ",모던머니&홈 Modern Money & Home,blog.naver.com/sajinmooee2,naver_blog,손흥민,canonical,1.0,2026-05-26T11:52:46.738110+00:00,0,0,0,0,모던머니&홈 Modern Money & Home,"<b>손흥민</b> 선수의 리더십, AI 윤리, 글로벌 바이오 산업의 흐름 등 아이들이 흥미를 느낄 수 있는 살아있는 소재를 활용해 영어를 도구로 생각을 확장하는 훈련이 선행되어야 합니다. 흥미가 생기면 몰입이... ","{""title"": ""송도중등영어학원 특목고 자사고 진학 성공을 위한 여름방학... "", ""link"": ""https://blog.naver.com/sajinmooee2/224296772555"", ""description"": ""<b>손흥민</b> 선수의 리더십, AI 윤리, 글로벌 바이오 산업의 흐름 등 아이들이 흥미를 느낄 수 있는 살아있는 소재를 활용해 영어를 도구로 생각을 확장하는 훈련이 선행되어야 합니다. 흥미가 생기면 몰입이... "", ""bloggername"": ""모던머니&홈 Modern Money & Home"", ""bloggerlink"": ""blog.naver.com/sajinmooee2"", ""postdate"": ""20260526""}"
손흥민,single_term_fallback,손흥민,시드니 여행 (2),https://blog.naver.com/xerts/224296752196,20260526,<b>손흥민</b> 선수 닮은 친군데.. 아! 쿼카! 쿼카입니다. 닮은 것 같기도 하고.. <b>손흥민</b> 선수 닮은꼴 쿼카 코뿔소는 정말 갑옷을 입고 있더군요! 뭔가 장군 같은 느낌이었습니다. 코뿔소.. 수시로 옆에 타이어를... ,ETF System Trading Lab,blog.naver.com/xerts,naver_blog,손흥민,canonical,1.0,2026-05-26T11:52:46.738110+00:00,0,0,0,0,ETF System Trading Lab,<b>손흥민</b> 선수 닮은 친군데.. 아! 쿼카! 쿼카입니다. 닮은 것 같기도 하고.. <b>손흥민</b> 선수 닮은꼴 쿼카 코뿔소는 정말 갑옷을 입고 있더군요! 뭔가 장군 같은 느낌이었습니다. 코뿔소.. 수시로 옆에 타이어를... ,"{""title"": ""시드니 여행 (2)"", ""link"": ""https://blog.naver.com/xerts/224296752196"", ""description"": ""<b>손흥민</b> 선수 닮은 친군데.. 아! 쿼카! 쿼카입니다. 닮은 것 같기도 하고.. <b>손흥민</b> 선수 닮은꼴 쿼카 코뿔소는 정말 갑옷을 입고 있더군요! 뭔가 장군 같은 느낌이었습니다. 코뿔소.. 수시로 옆에 타이어를... "", ""bloggername"": ""ETF System Trading Lab"", ""bloggerlink"": ""blog.naver.com/xerts"", ""postdate"": ""20260526""}"
손흥민,single_term_fallback,손흥민,"2026 월드컵 중계 채널 총정리…JTBC·KBS·치지직, MBC... ",https://blog.naver.com/triprevenue/224296747474,20260526,2026 FIFA 북중미 월드컵 본선이 16일 앞으로 다가왔습니다. 가장 많이 받는 질문은 결국 하나입니다. &quot;한국 경기 어디서 볼 수 있어?&quot; 이번 대회는 중계 구도가 예전과 많이 달라졌습니다. 미리 정리해 두지... ,스포츠로대동단결,blog.naver.com/triprevenue,naver_blog,손흥민,canonical,1.0,2026-05-26T11:52:46.738110+00:00,0,0,0,0,스포츠로대동단결,2026 FIFA 북중미 월드컵 본선이 16일 앞으로 다가왔습니다. 가장 많이 받는 질문은 결국 하나입니다. &quot;한국 경기 어디서 볼 수 있어?&quot; 이번 대회는 중계 구도가 예전과 많이 달라졌습니다. 미리 정리해 두지... ,"{""title"": ""2026 월드컵 중계 채널 총정리…JTBC·KBS·치지직, MBC... "", ""link"": ""https://blog.naver.com/triprevenue/224296747474"", ""description"": ""2026 FIFA 북중미 월드컵 본선이 16일 앞으로 다가왔습니다. 가장 많이 받는 질문은 결국 하나입니다. &quot;한국 경기 어디서 볼 수 있어?&quot; 이번 대회는 중계 구도가 예전과 많이 달라졌습니다. 미리 정리해 두지... "", ""bloggername"": ""스포츠로대동단결"", ""bloggerlink"": ""blog.naver.com/triprevenue"", ""postdate"": ""20260526""}"
손흥민,single_term_fallback,손흥민,충격의 29년 만 강등... <b>손흥민</b> 절친 에릭센도 2부리그행,https://blog.naver.com/kkomansmaile/224296747227,20260526,"안녕하세요 톳늠 입니다. 독일 축구가 충격에 빠졌습니다. 볼프스부르크가 끝내 승강 플레이오프에서 무너지며, 29년 만에 2부리그 강등이라는 굴욕을 맞았습니다. 2부리그로 강등된 볼프스부르크 / 사진... ",톳늠,blog.naver.com/kkomansmaile,naver_blog,손흥민,canonical,1.0,2026-05-26T11:52:46.738110+00:00,0,0,0,0,톳늠,"안녕하세요 톳늠 입니다. 독일 축구가 충격에 빠졌습니다. 볼프스부르크가 끝내 승강 플레이오프에서 무너지며, 29년 만에 2부리그 강등이라는 굴욕을 맞았습니다. 2부리그로 강등된 볼프스부르크 / 사진... ","{""title"": ""충격의 29년 만 강등... <b>손흥민</b> 절친 에릭센도 2부리그행"", ""link"": ""https://blog.naver.com/kkomansmaile/224296747227"", ""description"": ""안녕하세요 톳늠 입니다. 독일 축구가 충격에 빠졌습니다. 볼프스부르크가 끝내 승강 플레이오프에서 무너지며, 29년 만에 2부리그 강등이라는 굴욕을 맞았습니다. 2부리그로 강등된 볼프스부르크 / 사진... "", ""bloggername"": ""톳늠"", ""bloggerlink"": ""blog.naver.com/kkomansmaile"", ""postdate"": ""20260526""}"
손흥민,single_term_fallback,손흥민,이동식에어컨·대형선풍기 대여 렌탈 어디서 할까? 여름 행사... ,https://blog.naver.com/bestrental-event/224296734423,20260526,현장을 <b>손흥민</b> 선수 행사와 함께하게 되어 더욱 기억에 남았던 현장이었습니다 ⚽✨ 새 제품으로 준비했던 만큼 상태와 관리 부분도 더욱 신경 써서 운영하고 있습니다  ✔ 대형선풍기를 함께 사용하는 이유... ,베스트행사렌탈,blog.naver.com/bestrental-event,naver_blog,손흥민,canonical,1.0,2026-05-26T11:52:46.738110+00:00,0,0,0,0,베스트행사렌탈,현장을 <b>손흥민</b> 선수 행사와 함께하게 되어 더욱 기억에 남았던 현장이었습니다 ⚽✨ 새 제품으로 준비했던 만큼 상태와 관리 부분도 더욱 신경 써서 운영하고 있습니다  ✔ 대형선풍기를 함께 사용하는 이유... ,"{""title"": ""이동식에어컨·대형선풍기 대여 렌탈 어디서 할까? 여름 행사... "", ""link"": ""https://blog.naver.com/bestrental-event/224296734423"", ""description"": ""현장을 <b>손흥민</b> 선수 행사와 함께하게 되어 더욱 기억에 남았던 현장이었습니다 ⚽✨ 새 제품으로 준비했던 만큼 상태와 관리 부분도 더욱 신경 써서 운영하고 있습니다  ✔ 대형선풍기를 함께 사용하는 이유... "", ""bloggername"": ""베스트행사렌탈"", ""bloggerlink"": ""blog.naver.com/bestrental-event"", ""postdate"": ""20260526""}"
손흥민,single_term_fallback,손흥민,송도초등영어학원 영어유치원 연계 과정 및 7세 놀이식 수업... ,https://blog.naver.com/onlyraina/224296730568,20260526,"<b>손흥민</b> 선수 이야기, 최신 AI 기술, 바이오, K-FOOD 등 아이들이 열광하고 흥미 있어 하는 최신 콘텐츠를 교재로 적극 활용하고 있습니다. 초등 저학년 대상인 Primary 단계에서는 파닉스부터 역사, 과학, 미술... ",Beauty LAB by Raina,blog.naver.com/onlyraina,naver_blog,손흥민,canonical,1.0,2026-05-26T11:52:46.738110+00:00,0,0,0,0,Beauty LAB by Raina,"<b>손흥민</b> 선수 이야기, 최신 AI 기술, 바이오, K-FOOD 등 아이들이 열광하고 흥미 있어 하는 최신 콘텐츠를 교재로 적극 활용하고 있습니다. 초등 저학년 대상인 Primary 단계에서는 파닉스부터 역사, 과학, 미술... ","{""title"": ""송도초등영어학원 영어유치원 연계 과정 및 7세 놀이식 수업... "", ""link"": ""https://blog.naver.com/onlyraina/224296730568"", ""description"": ""<b>손흥민</b> 선수 이야기, 최신 AI 기술, 바이오, K-FOOD 등 아이들이 열광하고 흥미 있어 하는 최신 콘텐츠를 교재로 적극 활용하고 있습니다. 초등 저학년 대상인 Primary 단계에서는 파닉스부터 역사, 과학, 미술... "", ""bloggername"": ""Beauty LAB by Raina"", ""bloggerlink"": ""blog.naver.com/onlyraina"", ""postdate"": ""20260526""}"
손흥민,single_term_fallback,손흥민,<b>손흥민</b> 원형탈모? 뒷머리 사진에 팬들 깜짝 직접 입장은?,https://blog.naver.com/ehdgus7795/224296721976,20260526,"축구스타 <b>손흥민</b>의 뒷머리 사진이 온라인을 뜨겁게 달구며 탈모설이 불거졌죠. <b>손흥민</b> 선수는 이 논란에 어떤 입장을 밝혔을까요? 오늘의 핵심 이슈 <b>손흥민</b> 탈모설, 왜 시작됐을까? 최근 한 온라인... ",HyunD,blog.naver.com/ehdgus7795,naver_blog,손흥민,canonical,1.0,2026-05-26T11:52:46.738110+00:00,0,0,0,0,HyunD,"축구스타 <b>손흥민</b>의 뒷머리 사진이 온라인을 뜨겁게 달구며 탈모설이 불거졌죠. <b>손흥민</b> 선수는 이 논란에 어떤 입장을 밝혔을까요? 오늘의 핵심 이슈 <b>손흥민</b> 탈모설, 왜 시작됐을까? 최근 한 온라인... ","{""title"": ""<b>손흥민</b> 원형탈모? 뒷머리 사진에 팬들 깜짝 직접 입장은?"", ""link"": ""https://blog.naver.com/ehdgus7795/224296721976"", ""description"": ""축구스타 <b>손흥민</b>의 뒷머리 사진이 온라인을 뜨겁게 달구며 탈모설이 불거졌죠. <b>손흥민</b> 선수는 이 논란에 어떤 입장을 밝혔을까요? 오늘의 핵심 이슈 <b>손흥민</b> 탈모설, 왜 시작됐을까? 최근 한 온라인... "", ""bloggername"": ""HyunD"", ""bloggerlink"": ""blog.naver.com/ehdgus7795"", ""postdate"": ""20260526""}"
손흥민,single_term_fallback,손흥민,2026 월드컵 한국 그룹 A 확정…멕시코·체코·남아공과 같은 조,https://blog.naver.com/triprevenue/224296727631,20260526,"<b>손흥민</b>의 마지막 월드컵일 가능성이 큽니다 <b>손흥민</b>은 1992년생, 현재 33세입니다. 4년 뒤 2030 대회는 사실상 어려울 가능성이 큽니다. <b>손흥민</b>이 메이저 대회 마지막 무대에서 어떤 모습을 보여줄지가 이번... ",스포츠로대동단결,blog.naver.com/triprevenue,naver_blog,손흥민,canonical,1.0,2026-05-26T11:52:46.738110+00:00,0,0,0,0,스포츠로대동단결,"<b>손흥민</b>의 마지막 월드컵일 가능성이 큽니다 <b>손흥민</b>은 1992년생, 현재 33세입니다. 4년 뒤 2030 대회는 사실상 어려울 가능성이 큽니다. <b>손흥민</b>이 메이저 대회 마지막 무대에서 어떤 모습을 보여줄지가 이번... ","{""title"": ""2026 월드컵 한국 그룹 A 확정…멕시코·체코·남아공과 같은 조"", ""link"": ""https://blog.naver.com/triprevenue/224296727631"", ""description"": ""<b>손흥민</b>의 마지막 월드컵일 가능성이 큽니다 <b>손흥민</b>은 1992년생, 현재 33세입니다. 4년 뒤 2030 대회는 사실상 어려울 가능성이 큽니다. <b>손흥민</b>이 메이저 대회 마지막 무대에서 어떤 모습을 보여줄지가 이번... "", ""bloggername"": ""스포츠로대동단결"", ""bloggerlink"": ""blog.naver.com/triprevenue"", ""postdate"": ""20260526""}"
손흥민,single_term_fallback,손흥민,"싸카풋볼스토어 아스날 팝업 후기(feat.유니폼 가격, 마킹, 주차)",https://blog.naver.com/dlgnldnjs93/224296724393,20260526,오오 <b>손흥민</b> 친필 사인 축구화도 있습니다. 진짜 이런건 소장가치가 있지 않을까 싶어요. 제 취향으론 25-26 시즌에서 제일 예쁜 유니폼은 - 리버풀 홈 - 아스날 써드 - 리버풀 어웨이 라고 생각했는데 오늘 다시... ,열받은 분홍 쏘쎄지,blog.naver.com/dlgnldnjs93,naver_blog,손흥민,canonical,1.0,2026-05-26T11:52:46.738110+00:00,0,0,0,0,열받은 분홍 쏘쎄지,오오 <b>손흥민</b> 친필 사인 축구화도 있습니다. 진짜 이런건 소장가치가 있지 않을까 싶어요. 제 취향으론 25-26 시즌에서 제일 예쁜 유니폼은 - 리버풀 홈 - 아스날 써드 - 리버풀 어웨이 라고 생각했는데 오늘 다시... ,"{""title"": ""싸카풋볼스토어 아스날 팝업 후기(feat.유니폼 가격, 마킹, 주차)"", ""link"": ""https://blog.naver.com/dlgnldnjs93/224296724393"", ""description"": ""오오 <b>손흥민</b> 친필 사인 축구화도 있습니다. 진짜 이런건 소장가치가 있지 않을까 싶어요. 제 취향으론 25-26 시즌에서 제일 예쁜 유니폼은 - 리버풀 홈 - 아스날 써드 - 리버풀 어웨이 라고 생각했는데 오늘 다시... "", ""bloggername"": ""열받은 분홍 쏘쎄지"", ""bloggerlink"": ""blog.naver.com/dlgnldnjs93"", ""postdate"": ""20260526""}"
손흥민,single_term_fallback,손흥민,한국 이끌던 노장의 참가.. 북중미 월드컵 대한민국과 관련된... ,https://blog.naver.com/kkkkk_wonder/224296722267,20260526,<b>손흥민</b>보다도 필요했던 그 선수 슈틸리케 명예 애제자 소리아 예비 명단 슈틸리케가 그토록 원했던 그 선수 카타르 소리아 42세에 월드컵 예비 명단 대한민국 팬들에게 추억의 인물과도 같은 선수가 이번... ,KFSTORYTELLER,blog.naver.com/kkkkk_wonder,naver_blog,손흥민,canonical,1.0,2026-05-26T11:52:46.738110+00:00,0,0,0,0,KFSTORYTELLER,<b>손흥민</b>보다도 필요했던 그 선수 슈틸리케 명예 애제자 소리아 예비 명단 슈틸리케가 그토록 원했던 그 선수 카타르 소리아 42세에 월드컵 예비 명단 대한민국 팬들에게 추억의 인물과도 같은 선수가 이번... ,"{""title"": ""한국 이끌던 노장의 참가.. 북중미 월드컵 대한민국과 관련된... "", ""link"": ""https://blog.naver.com/kkkkk_wonder/224296722267"", ""description"": ""<b>손흥민</b>보다도 필요했던 그 선수 슈틸리케 명예 애제자 소리아 예비 명단 슈틸리케가 그토록 원했던 그 선수 카타르 소리아 42세에 월드컵 예비 명단 대한민국 팬들에게 추억의 인물과도 같은 선수가 이번... "", ""bloggername"": ""KFSTORYTELLER"", ""bloggerlink"": ""blog.naver.com/kkkkk_wonder"", ""postdate"": ""20260526""}"
손흥민,single_term_fallback,손흥민,"“스트레스 없다” <b>손흥민</b> 탈모설 직접 해명, 중계 화면 뒷머리... ",https://blog.naver.com/yyjj2814/224296710119,20260526,최근 대한민국 축구 국가대표팀의 캡틴 <b>손흥민</b> 선수를 둘러싼 원형 탈모설 루머가 확산되며 많은 축구 팬들의 우려를 자아냈습니다. 이번 논란은 시애틀전 중계 화면에서 <b>손흥민</b> 선수의 뒷머리 일부가 비어... ,열정의 그라운드,blog.naver.com/yyjj2814,naver_blog,손흥민,canonical,1.0,2026-05-26T11:52:46.738110+00:00,0,0,0,0,열정의 그라운드,최근 대한민국 축구 국가대표팀의 캡틴 <b>손흥민</b> 선수를 둘러싼 원형 탈모설 루머가 확산되며 많은 축구 팬들의 우려를 자아냈습니다. 이번 논란은 시애틀전 중계 화면에서 <b>손흥민</b> 선수의 뒷머리 일부가 비어... ,"{""title"": ""“스트레스 없다” <b>손흥민</b> 탈모설 직접 해명, 중계 화면 뒷머리... "", ""link"": ""https://blog.naver.com/yyjj2814/224296710119"", ""description"": ""최근 대한민국 축구 국가대표팀의 캡틴 <b>손흥민</b> 선수를 둘러싼 원형 탈모설 루머가 확산되며 많은 축구 팬들의 우려를 자아냈습니다. 이번 논란은 시애틀전 중계 화면에서 <b>손흥민</b> 선수의 뒷머리 일부가 비어... "", ""bloggername"": ""열정의 그라운드"", ""bloggerlink"": ""blog.naver.com/yyjj2814"", ""postdate"": ""20260526""}"
손흥민,single_term_fallback,손흥민,“16강 가자!” 2026 월드컵 한국 경기일정 한눈에 보기,https://blog.naver.com/jobja7/224296631898,20260526,"“새벽 경기라도 본다”, “이번엔 진짜 16강 넘자!” 대한민국 축구팬이라면 저장 필수~~~ 2026년 월드컵 축구 한국 대표팀 경기 일정표 #2026월드컵 #월드컵일정 #대한민국대표팀 #한국축구 #<b>손흥민</b>... ",잡생각,blog.naver.com/jobja7,naver_blog,손흥민,canonical,1.0,2026-05-26T11:52:46.738110+00:00,0,0,0,0,잡생각,"“새벽 경기라도 본다”, “이번엔 진짜 16강 넘자!” 대한민국 축구팬이라면 저장 필수~~~ 2026년 월드컵 축구 한국 대표팀 경기 일정표 #2026월드컵 #월드컵일정 #대한민국대표팀 #한국축구 #<b>손흥민</b>... ","{""title"": ""“16강 가자!” 2026 월드컵 한국 경기일정 한눈에 보기"", ""link"": ""https://blog.naver.com/jobja7/224296631898"", ""description"": ""“새벽 경기라도 본다”, “이번엔 진짜 16강 넘자!” 대한민국 축구팬이라면 저장 필수~~~ 2026년 월드컵 축구 한국 대표팀 경기 일정표 #2026월드컵 #월드컵일정 #대한민국대표팀 #한국축구 #<b>손흥민</b>... "", ""bloggername"": ""잡생각"", ""bloggerlink"": ""blog.naver.com/jobja7"", ""postdate"": ""20260526""}"
손흥민,single_term_fallback,손흥민,"마북동 연원마을 러너, 축구 유소년 필수 빠르게 뛰고 싶다면?... ",https://blog.naver.com/bodyconfidence/224296705951,20260526,"우리가 잘 아는 시계적인 축구 스타 <b>손흥민</b>, 음바페 그리고 톱클래스 단거리 육상 선수들의 스프린트... 2) <b>손흥민</b> 선수의 질주 모습입니다. 앞으로 나가는 발은 무릎이 강하게 접히며 몸 중심에 가깝게... ",바디컨피던스,blog.naver.com/bodyconfidence,naver_blog,손흥민,canonical,1.0,2026-05-26T11:52:46.738110+00:00,0,0,0,0,바디컨피던스,"우리가 잘 아는 시계적인 축구 스타 <b>손흥민</b>, 음바페 그리고 톱클래스 단거리 육상 선수들의 스프린트... 2) <b>손흥민</b> 선수의 질주 모습입니다. 앞으로 나가는 발은 무릎이 강하게 접히며 몸 중심에 가깝게... ","{""title"": ""마북동 연원마을 러너, 축구 유소년 필수 빠르게 뛰고 싶다면?... "", ""link"": ""https://blog.naver.com/bodyconfidence/224296705951"", ""description"": ""우리가 잘 아는 시계적인 축구 스타 <b>손흥민</b>, 음바페 그리고 톱클래스 단거리 육상 선수들의 스프린트... 2) <b>손흥민</b> 선수의 질주 모습입니다. 앞으로 나가는 발은 무릎이 강하게 접히며 몸 중심에 가깝게... "", ""bloggername"": ""바디컨피던스"", ""bloggerlink"": ""blog.naver.com/bodyconfidence"", ""postdate"": ""20260526""}"
손흥민,single_term_fallback,손흥민,오월의 기록✍,https://blog.naver.com/kwonw112/224296703266,20260526,케이스 야호 ~ (야호유행이라던데..) <b>손흥민</b>선수님과 먹는 핏짜..♥ ((였음좋켓다)) 저번에 도미노 먹었을 때 맛있던 기억이 있어서 동생이랑 야르 해줬답니당~ 현재시각12:50 맛점하세여 다들 이대지들아 ㅋㅋ... ,⠀,blog.naver.com/kwonw112,naver_blog,손흥민,canonical,1.0,2026-05-26T11:52:46.738110+00:00,0,0,0,0,⠀,케이스 야호 ~ (야호유행이라던데..) <b>손흥민</b>선수님과 먹는 핏짜..♥ ((였음좋켓다)) 저번에 도미노 먹었을 때 맛있던 기억이 있어서 동생이랑 야르 해줬답니당~ 현재시각12:50 맛점하세여 다들 이대지들아 ㅋㅋ... ,"{""title"": ""오월의 기록✍"", ""link"": ""https://blog.naver.com/kwonw112/224296703266"", ""description"": ""케이스 야호 ~ (야호유행이라던데..) <b>손흥민</b>선수님과 먹는 핏짜..♥ ((였음좋켓다)) 저번에 도미노 먹었을 때 맛있던 기억이 있어서 동생이랑 야르 해줬답니당~ 현재시각12:50 맛점하세여 다들 이대지들아 ㅋㅋ... "", ""bloggername"": ""⠀"", ""bloggerlink"": ""blog.naver.com/kwonw112"", ""postdate"": ""20260526""}"
손흥민,single_term_fallback,손흥민,<b>손흥민</b> 원형탈모설 터지자 직접 SNS에 바로 올린 해명글... ,https://blog.naver.com/gunpbu/224296682274,20260526,아니 진짜 <b>손흥민</b> 선수 보면서 이런 이야기까지 나오게 될 줄은 상상도 못했네요 요즘 경기 하나만 끝나도 팬들 반응이 엄청 예민해진 건 알고 있었는데 이번에는 원형탈모 이야기까지 퍼지는 거 보면서 <b>손흥민</b>... ,군포 의왕 축구교실,blog.naver.com/gunpbu,naver_blog,손흥민,canonical,1.0,2026-05-26T11:52:46.738110+00:00,0,0,0,0,군포 의왕 축구교실,아니 진짜 <b>손흥민</b> 선수 보면서 이런 이야기까지 나오게 될 줄은 상상도 못했네요 요즘 경기 하나만 끝나도 팬들 반응이 엄청 예민해진 건 알고 있었는데 이번에는 원형탈모 이야기까지 퍼지는 거 보면서 <b>손흥민</b>... ,"{""title"": ""<b>손흥민</b> 원형탈모설 터지자 직접 SNS에 바로 올린 해명글... "", ""link"": ""https://blog.naver.com/gunpbu/224296682274"", ""description"": ""아니 진짜 <b>손흥민</b> 선수 보면서 이런 이야기까지 나오게 될 줄은 상상도 못했네요 요즘 경기 하나만 끝나도 팬들 반응이 엄청 예민해진 건 알고 있었는데 이번에는 원형탈모 이야기까지 퍼지는 거 보면서 <b>손흥민</b>... "", ""bloggername"": ""군포 의왕 축구교실"", ""bloggerlink"": ""blog.naver.com/gunpbu"", ""postdate"": ""20260526""}"
손흥민,single_term_fallback,손흥민,아스날 EPL 우승에 부쳐,https://blog.naver.com/binginee/224296697168,20260526,"언제 다시 갈지 모르는 런던 여행을 계획하며 아스날이 아니라 라이벌인 토트넘 경기를, <b>손흥민</b> 경기라는 이유만으로 예매할 수 있었던 것도 그 때문이었다. 딱 이만큼의 팬심이 적당하다 여기며. 에미레이츠... ",어떻게든 되겠지,blog.naver.com/binginee,naver_blog,손흥민,canonical,1.0,2026-05-26T11:52:46.738110+00:00,0,0,0,0,어떻게든 되겠지,"언제 다시 갈지 모르는 런던 여행을 계획하며 아스날이 아니라 라이벌인 토트넘 경기를, <b>손흥민</b> 경기라는 이유만으로 예매할 수 있었던 것도 그 때문이었다. 딱 이만큼의 팬심이 적당하다 여기며. 에미레이츠... ","{""title"": ""아스날 EPL 우승에 부쳐"", ""link"": ""https://blog.naver.com/binginee/224296697168"", ""description"": ""언제 다시 갈지 모르는 런던 여행을 계획하며 아스날이 아니라 라이벌인 토트넘 경기를, <b>손흥민</b> 경기라는 이유만으로 예매할 수 있었던 것도 그 때문이었다. 딱 이만큼의 팬심이 적당하다 여기며. 에미레이츠... "", ""bloggername"": ""어떻게든 되겠지"", ""bloggerlink"": ""blog.naver.com/binginee"", ""postdate"": ""20260526""}"
손흥민,single_term_fallback,손흥민,2026 북중미 월드컵 홍명보호 국가대표팀 예상 성적 분석... ,https://blog.naver.com/pastel_blog/224296693044,20260526,"월드컵이 얼마 남지 않아 조편성, <b>손흥민</b>·이강인·김민재 컨디션, 사전캠프까지 궁금한 게 많아지는... 이번 대표팀을 볼 때 가장 먼저 떠오르는 선수는 역시 <b>손흥민</b>, 이강인, 김민재인데요. 다만... ",여우의 경제적 자유일기,blog.naver.com/pastel_blog,naver_blog,손흥민,canonical,1.0,2026-05-26T11:52:46.738110+00:00,0,0,0,0,여우의 경제적 자유일기,"월드컵이 얼마 남지 않아 조편성, <b>손흥민</b>·이강인·김민재 컨디션, 사전캠프까지 궁금한 게 많아지는... 이번 대표팀을 볼 때 가장 먼저 떠오르는 선수는 역시 <b>손흥민</b>, 이강인, 김민재인데요. 다만... ","{""title"": ""2026 북중미 월드컵 홍명보호 국가대표팀 예상 성적 분석... "", ""link"": ""https://blog.naver.com/pastel_blog/224296693044"", ""description"": ""월드컵이 얼마 남지 않아 조편성, <b>손흥민</b>·이강인·김민재 컨디션, 사전캠프까지 궁금한 게 많아지는... 이번 대표팀을 볼 때 가장 먼저 떠오르는 선수는 역시 <b>손흥민</b>, 이강인, 김민재인데요. 다만... "", ""bloggername"": ""여우의 경제적 자유일기"", ""bloggerlink"": ""blog.naver.com/pastel_blog"", ""postdate"": ""20260526""}"
손흥민,single_term_fallback,손흥민,"<b>손흥민</b>, 북중미 월드컵 앞둔 홍명보호 사전캠프 합류… 전날... ",https://blog.naver.com/shppy069/224296690511,20260526,"대한민국 대표팀 주장 <b>손흥민</b>, 홍명보호 합류 위해 이동 중 전날 MLS 홈경기 소화 후 사전캠프 차려진... 주장 <b>손흥민</b>이 홍명보호 사전캠프에 곧 합류한다. 대한민국 대표팀 주장 <b>손흥민</b>이 드디어 북중미... ",라온의 밀라노 뉴스,blog.naver.com/shppy069,naver_blog,손흥민,canonical,1.0,2026-05-26T11:52:46.738110+00:00,0,0,0,0,라온의 밀라노 뉴스,"대한민국 대표팀 주장 <b>손흥민</b>, 홍명보호 합류 위해 이동 중 전날 MLS 홈경기 소화 후 사전캠프 차려진... 주장 <b>손흥민</b>이 홍명보호 사전캠프에 곧 합류한다. 대한민국 대표팀 주장 <b>손흥민</b>이 드디어 북중미... ","{""title"": ""<b>손흥민</b>, 북중미 월드컵 앞둔 홍명보호 사전캠프 합류… 전날... "", ""link"": ""https://blog.naver.com/shppy069/224296690511"", ""description"": ""대한민국 대표팀 주장 <b>손흥민</b>, 홍명보호 합류 위해 이동 중 전날 MLS 홈경기 소화 후 사전캠프 차려진... 주장 <b>손흥민</b>이 홍명보호 사전캠프에 곧 합류한다. 대한민국 대표팀 주장 <b>손흥민</b>이 드디어 북중미... "", ""bloggername"": ""라온의 밀라노 뉴스"", ""bloggerlink"": ""blog.naver.com/shppy069"", ""postdate"": ""20260526""}"
손흥민,single_term_fallback,손흥민,월드컵 첫경기 vs체코 승무패 예상,https://blog.naver.com/ojh919/224291849943,20260526,킬패스와 <b>손흥민</b> 무빙샷 기대해봅니다 2026.6.12 점심 11시 경기 시간 좋네 ㅋㅋ 조축도 4백이 답인데 쓰리백으로 어케될지 모르겠다 어쨌든 화이팅 <b>손흥민</b> 1골 기원합니다 결론 체코는 거의 20년만에... ,⑤ 오박사 블로그,blog.naver.com/ojh919,naver_blog,손흥민,canonical,1.0,2026-05-26T11:52:46.738110+00:00,0,0,0,0,⑤ 오박사 블로그,킬패스와 <b>손흥민</b> 무빙샷 기대해봅니다 2026.6.12 점심 11시 경기 시간 좋네 ㅋㅋ 조축도 4백이 답인데 쓰리백으로 어케될지 모르겠다 어쨌든 화이팅 <b>손흥민</b> 1골 기원합니다 결론 체코는 거의 20년만에... ,"{""title"": ""월드컵 첫경기 vs체코 승무패 예상"", ""link"": ""https://blog.naver.com/ojh919/224291849943"", ""description"": ""킬패스와 <b>손흥민</b> 무빙샷 기대해봅니다 2026.6.12 점심 11시 경기 시간 좋네 ㅋㅋ 조축도 4백이 답인데 쓰리백으로 어케될지 모르겠다 어쨌든 화이팅 <b>손흥민</b> 1골 기원합니다 결론 체코는 거의 20년만에... "", ""bloggername"": ""⑤ 오박사 블로그"", ""bloggerlink"": ""blog.naver.com/ojh919"", ""postdate"": ""20260526""}"
손흥민,single_term_fallback,손흥민,"<b>손흥민</b> 원형탈모 논란, 결국 스트레스 때문? 직접 해명까지... ",https://blog.naver.com/hooya968/224296688192,20260526,"<b>손흥민</b> 원형탈모 논란, 팬들이 걱정하는 진짜 이유 최근 <b>손흥민</b>의 원형탈모 의혹이 온라인 커뮤니티와 SNS를 중심으로 빠르게 퍼지고 있습니다. 논란이 커진 계기는 최근 시애틀과의 경기 장면 때문이었습니다.... ",세상 이야기,blog.naver.com/hooya968,naver_blog,손흥민,canonical,1.0,2026-05-26T11:52:46.738110+00:00,0,0,0,0,세상 이야기,"<b>손흥민</b> 원형탈모 논란, 팬들이 걱정하는 진짜 이유 최근 <b>손흥민</b>의 원형탈모 의혹이 온라인 커뮤니티와 SNS를 중심으로 빠르게 퍼지고 있습니다. 논란이 커진 계기는 최근 시애틀과의 경기 장면 때문이었습니다.... ","{""title"": ""<b>손흥민</b> 원형탈모 논란, 결국 스트레스 때문? 직접 해명까지... "", ""link"": ""https://blog.naver.com/hooya968/224296688192"", ""description"": ""<b>손흥민</b> 원형탈모 논란, 팬들이 걱정하는 진짜 이유 최근 <b>손흥민</b>의 원형탈모 의혹이 온라인 커뮤니티와 SNS를 중심으로 빠르게 퍼지고 있습니다. 논란이 커진 계기는 최근 시애틀과의 경기 장면 때문이었습니다.... "", ""bloggername"": ""세상 이야기"", ""bloggerlink"": ""blog.naver.com/hooya968"", ""postdate"": ""20260526""}"
손흥민,single_term_fallback,손흥민,한국 월드컵 16강 진출 전략 분석 체코·멕시코·남아공전 승점... ,https://blog.naver.com/lovesoung_/224296550184,20260526,"고지대의 불리함을 극복하고 멕시코의 공세를 막아내려면 초반에 집중적인 수비와 함께 <b>손흥민</b>... 측면을 <b>손흥민</b>, 황희찬 선수의 스피드로 공략하는 것이 효과적이라는 전문가들의 의견도 많답니다. https... ",나무들의숲,blog.naver.com/lovesoung_,naver_blog,손흥민,canonical,1.0,2026-05-26T11:52:46.738110+00:00,0,0,0,0,나무들의숲,"고지대의 불리함을 극복하고 멕시코의 공세를 막아내려면 초반에 집중적인 수비와 함께 <b>손흥민</b>... 측면을 <b>손흥민</b>, 황희찬 선수의 스피드로 공략하는 것이 효과적이라는 전문가들의 의견도 많답니다. https... ","{""title"": ""한국 월드컵 16강 진출 전략 분석 체코·멕시코·남아공전 승점... "", ""link"": ""https://blog.naver.com/lovesoung_/224296550184"", ""description"": ""고지대의 불리함을 극복하고 멕시코의 공세를 막아내려면 초반에 집중적인 수비와 함께 <b>손흥민</b>... 측면을 <b>손흥민</b>, 황희찬 선수의 스피드로 공략하는 것이 효과적이라는 전문가들의 의견도 많답니다. https... "", ""bloggername"": ""나무들의숲"", ""bloggerlink"": ""blog.naver.com/lovesoung_"", ""postdate"": ""20260526""}"
손흥민,single_term_fallback,손흥민,2026 월드컵 일정 한눈에 보기: 한국 조별리그 시간과 32강... ,https://blog.naver.com/ybm1108/224296677312,20260526,"필요해요 <b>손흥민</b>, 이강인, 김민재처럼 팬들이 기대하는 핵심 자원은 당연히 관심의 중심에 설 가능성이 큽니다. 하지만 실제 경기에서는 이름값보다 당일 컨디션과 조합이 더 중요해요. 결국 2026 월드컵... ",ybm1108님의블로그,blog.naver.com/ybm1108,naver_blog,손흥민,canonical,1.0,2026-05-26T11:52:46.738110+00:00,0,0,0,0,ybm1108님의블로그,"필요해요 <b>손흥민</b>, 이강인, 김민재처럼 팬들이 기대하는 핵심 자원은 당연히 관심의 중심에 설 가능성이 큽니다. 하지만 실제 경기에서는 이름값보다 당일 컨디션과 조합이 더 중요해요. 결국 2026 월드컵... ","{""title"": ""2026 월드컵 일정 한눈에 보기: 한국 조별리그 시간과 32강... "", ""link"": ""https://blog.naver.com/ybm1108/224296677312"", ""description"": ""필요해요 <b>손흥민</b>, 이강인, 김민재처럼 팬들이 기대하는 핵심 자원은 당연히 관심의 중심에 설 가능성이 큽니다. 하지만 실제 경기에서는 이름값보다 당일 컨디션과 조합이 더 중요해요. 결국 2026 월드컵... "", ""bloggername"": ""ybm1108님의블로그"", ""bloggerlink"": ""blog.naver.com/ybm1108"", ""postdate"": ""20260526""}"
손흥민,single_term_fallback,손흥민,절체절명의 위기에서 극적으로 살아남은 토트넘 홋스퍼,https://blog.naver.com/sungnam127/224296675774,20260526,오랫동안 팀의 정신적 지주이자 에이스로 활약하던 <b>손흥민</b> 선수가 미국 MLS의 LAFC로 이적하면서... 멀리 미국에서 친정팀의 소식을 지켜보던 <b>손흥민</b> 선수와 바이에른 뮌헨의 해리 케인 선수도 토트넘의 극적인... ,슬픔많은AB형남자님의블로그,blog.naver.com/sungnam127,naver_blog,손흥민,canonical,1.0,2026-05-26T11:52:46.738110+00:00,0,0,0,0,슬픔많은AB형남자님의블로그,오랫동안 팀의 정신적 지주이자 에이스로 활약하던 <b>손흥민</b> 선수가 미국 MLS의 LAFC로 이적하면서... 멀리 미국에서 친정팀의 소식을 지켜보던 <b>손흥민</b> 선수와 바이에른 뮌헨의 해리 케인 선수도 토트넘의 극적인... ,"{""title"": ""절체절명의 위기에서 극적으로 살아남은 토트넘 홋스퍼"", ""link"": ""https://blog.naver.com/sungnam127/224296675774"", ""description"": ""오랫동안 팀의 정신적 지주이자 에이스로 활약하던 <b>손흥민</b> 선수가 미국 MLS의 LAFC로 이적하면서... 멀리 미국에서 친정팀의 소식을 지켜보던 <b>손흥민</b> 선수와 바이에른 뮌헨의 해리 케인 선수도 토트넘의 극적인... "", ""bloggername"": ""슬픔많은AB형남자님의블로그"", ""bloggerlink"": ""blog.naver.com/sungnam127"", ""postdate"": ""20260526""}"
손흥민,single_term_fallback,손흥민,"[월드컵 D-16] 대한민국 월드컵 39골 총정리, 40번째 골의... ",https://blog.naver.com/standing-out/224296674742,20260526,"2018년 러시아에서 <b>손흥민</b>이 독일 골문을 향해 질주한 장면도, 2022년 카타르에서 백승호가 브라질을... <b>손흥민</b>, 한 골이면 단독 1위가 된다. 이제 시선은 <b>손흥민</b>으로 간다. <b>손흥민</b>은 2014년 브라질 월드컵... ",스탠딩아웃,blog.naver.com/standing-out,naver_blog,손흥민,canonical,1.0,2026-05-26T11:52:46.738110+00:00,0,0,0,0,스탠딩아웃,"2018년 러시아에서 <b>손흥민</b>이 독일 골문을 향해 질주한 장면도, 2022년 카타르에서 백승호가 브라질을... <b>손흥민</b>, 한 골이면 단독 1위가 된다. 이제 시선은 <b>손흥민</b>으로 간다. <b>손흥민</b>은 2014년 브라질 월드컵... ","{""title"": ""[월드컵 D-16] 대한민국 월드컵 39골 총정리, 40번째 골의... "", ""link"": ""https://blog.naver.com/standing-out/224296674742"", ""description"": ""2018년 러시아에서 <b>손흥민</b>이 독일 골문을 향해 질주한 장면도, 2022년 카타르에서 백승호가 브라질을... <b>손흥민</b>, 한 골이면 단독 1위가 된다. 이제 시선은 <b>손흥민</b>으로 간다. <b>손흥민</b>은 2014년 브라질 월드컵... "", ""bloggername"": ""스탠딩아웃"", ""bloggerlink"": ""blog.naver.com/standing-out"", ""postdate"": ""20260526""}"
손흥민,single_term_fallback,손흥민,의정부 족발 배달 맛집 한상궁 족발,https://blog.naver.com/yeromi030/224296227293,20260526,테라 <b>손흥민</b> 이벤트 요즘 자주 보이는 테라 쏘니 이벤트 N이 계속 안 나와서 못 올리고 있었다 기본 반찬 구성 콩나물 국 주시는데 시원 얼큰해서 소주 자동 주문 한상궁 족발 한상궁 족발은 족발거리에서... ,ʀᴏᴍɪ’ꜱ ᴘɪᴄᴋ ₍ᐢ..ᐢ₎⊹,blog.naver.com/yeromi030,naver_blog,손흥민,canonical,1.0,2026-05-26T11:52:46.738110+00:00,0,0,0,0,ʀᴏᴍɪ’ꜱ ᴘɪᴄᴋ ₍ᐢ..ᐢ₎⊹,테라 <b>손흥민</b> 이벤트 요즘 자주 보이는 테라 쏘니 이벤트 N이 계속 안 나와서 못 올리고 있었다 기본 반찬 구성 콩나물 국 주시는데 시원 얼큰해서 소주 자동 주문 한상궁 족발 한상궁 족발은 족발거리에서... ,"{""title"": ""의정부 족발 배달 맛집 한상궁 족발"", ""link"": ""https://blog.naver.com/yeromi030/224296227293"", ""description"": ""테라 <b>손흥민</b> 이벤트 요즘 자주 보이는 테라 쏘니 이벤트 N이 계속 안 나와서 못 올리고 있었다 기본 반찬 구성 콩나물 국 주시는데 시원 얼큰해서 소주 자동 주문 한상궁 족발 한상궁 족발은 족발거리에서... "", ""bloggername"": ""ʀᴏᴍɪ’ꜱ ᴘɪᴄᴋ ₍ᐢ..ᐢ₎⊹"", ""bloggerlink"": ""blog.naver.com/yeromi030"", ""postdate"": ""20260526""}"
손흥민,single_term_fallback,손흥민,알리익스프레스 프로모션 코드 총정리 (신규/기존 할인 꿀팁)... ,https://blog.naver.com/official_ourpick/224294915751,20260526,축구양말 #<b>손흥민</b>유니폼 #축구유니폼 #올댓부츠 #축구바지 #키즈풋살화 #리버풀바람막이 #첼시유니폼 #스포츠가방 #치트삭스 #논슬립양말 #아식스c3 #맨유유니폼 #레알마드리드유니폼 #리버풀유니폼... ,Ourpick,blog.naver.com/official_ourpick,naver_blog,손흥민,canonical,1.0,2026-05-26T11:52:46.738110+00:00,0,0,0,0,Ourpick,축구양말 #<b>손흥민</b>유니폼 #축구유니폼 #올댓부츠 #축구바지 #키즈풋살화 #리버풀바람막이 #첼시유니폼 #스포츠가방 #치트삭스 #논슬립양말 #아식스c3 #맨유유니폼 #레알마드리드유니폼 #리버풀유니폼... ,"{""title"": ""알리익스프레스 프로모션 코드 총정리 (신규/기존 할인 꿀팁)... "", ""link"": ""https://blog.naver.com/official_ourpick/224294915751"", ""description"": ""축구양말 #<b>손흥민</b>유니폼 #축구유니폼 #올댓부츠 #축구바지 #키즈풋살화 #리버풀바람막이 #첼시유니폼 #스포츠가방 #치트삭스 #논슬립양말 #아식스c3 #맨유유니폼 #레알마드리드유니폼 #리버풀유니폼... "", ""bloggername"": ""Ourpick"", ""bloggerlink"": ""blog.naver.com/official_ourpick"", ""postdate"": ""20260526""}"
손흥민,single_term_fallback,손흥민,"<b>손흥민</b> 원형 탈모 의혹 직접 해명, 북중미 월드컵 향한 솔직한... ",https://blog.naver.com/dlrlwnd1541/224296667314,20260526,최근 불거진 황당한 탈모 루머에 대한민국 캡틴 <b>손흥민</b>이 직접 등판했답니다. 시애틀 사운더스와의... 인스타 셀카로 전한 유쾌한 해명 최근 <b>손흥민</b>은 미국 캘리포니아주 BMO 스타디움에서 열린 시애틀과의... ,민지,blog.naver.com/dlrlwnd1541,naver_blog,손흥민,canonical,1.0,2026-05-26T11:52:46.738110+00:00,0,0,0,0,민지,최근 불거진 황당한 탈모 루머에 대한민국 캡틴 <b>손흥민</b>이 직접 등판했답니다. 시애틀 사운더스와의... 인스타 셀카로 전한 유쾌한 해명 최근 <b>손흥민</b>은 미국 캘리포니아주 BMO 스타디움에서 열린 시애틀과의... ,"{""title"": ""<b>손흥민</b> 원형 탈모 의혹 직접 해명, 북중미 월드컵 향한 솔직한... "", ""link"": ""https://blog.naver.com/dlrlwnd1541/224296667314"", ""description"": ""최근 불거진 황당한 탈모 루머에 대한민국 캡틴 <b>손흥민</b>이 직접 등판했답니다. 시애틀 사운더스와의... 인스타 셀카로 전한 유쾌한 해명 최근 <b>손흥민</b>은 미국 캘리포니아주 BMO 스타디움에서 열린 시애틀과의... "", ""bloggername"": ""민지"", ""bloggerlink"": ""blog.naver.com/dlrlwnd1541"", ""postdate"": ""20260526""}"
손흥민,single_term_fallback,손흥민,"[25-26 시즌 토트넘 총정리] 2년 연속 EPL 17위, 감독 교체... ",https://blog.naver.com/kkomansmaile/224296661116,20260526,나 빼고 다 읽은 글 #토트넘 #토트넘핫스퍼 #EPL #프리미어리그 #데제르비 #투도르 #<b>손흥민</b> #케인 #매디슨 #로메로 #갤러거 #다니엘레비 #토트넘재건 #토트넘강등위기 #EPL17위 #<b>손흥민</b> #토트넘의료진 #토트넘논란... ,톳늠,blog.naver.com/kkomansmaile,naver_blog,손흥민,canonical,1.0,2026-05-26T11:52:46.738110+00:00,0,0,0,0,톳늠,나 빼고 다 읽은 글 #토트넘 #토트넘핫스퍼 #EPL #프리미어리그 #데제르비 #투도르 #<b>손흥민</b> #케인 #매디슨 #로메로 #갤러거 #다니엘레비 #토트넘재건 #토트넘강등위기 #EPL17위 #<b>손흥민</b> #토트넘의료진 #토트넘논란... ,"{""title"": ""[25-26 시즌 토트넘 총정리] 2년 연속 EPL 17위, 감독 교체... "", ""link"": ""https://blog.naver.com/kkomansmaile/224296661116"", ""description"": ""나 빼고 다 읽은 글 #토트넘 #토트넘핫스퍼 #EPL #프리미어리그 #데제르비 #투도르 #<b>손흥민</b> #케인 #매디슨 #로메로 #갤러거 #다니엘레비 #토트넘재건 #토트넘강등위기 #EPL17위 #<b>손흥민</b> #토트넘의료진 #토트넘논란... "", ""bloggername"": ""톳늠"", ""bloggerlink"": ""blog.naver.com/kkomansmaile"", ""postdate"": ""20260526""}"
손흥민,single_term_fallback,손흥민,[긴급속보] <b>손흥민</b> 원형 탈모 논란 직접 해명…“걱정 마세요”... ,https://blog.naver.com/the-newspeak/224296659694,20260526,최근 <b>손흥민</b> 원형 탈모 논란이 온라인에서 빠르게 확산됐습니다. 미국 MLS 경기 중계 화면에서 <b>손흥민</b>의 뒷머리 일부가 비어 보이는 장면이 포착되며 팬들의 걱정이 커졌는데요. 하지만 <b>손흥민</b>이 직접 SNS를... ,뉴스피크,blog.naver.com/the-newspeak,naver_blog,손흥민,canonical,1.0,2026-05-26T11:52:46.738110+00:00,0,0,0,0,뉴스피크,최근 <b>손흥민</b> 원형 탈모 논란이 온라인에서 빠르게 확산됐습니다. 미국 MLS 경기 중계 화면에서 <b>손흥민</b>의 뒷머리 일부가 비어 보이는 장면이 포착되며 팬들의 걱정이 커졌는데요. 하지만 <b>손흥민</b>이 직접 SNS를... ,"{""title"": ""[긴급속보] <b>손흥민</b> 원형 탈모 논란 직접 해명…“걱정 마세요”... "", ""link"": ""https://blog.naver.com/the-newspeak/224296659694"", ""description"": ""최근 <b>손흥민</b> 원형 탈모 논란이 온라인에서 빠르게 확산됐습니다. 미국 MLS 경기 중계 화면에서 <b>손흥민</b>의 뒷머리 일부가 비어 보이는 장면이 포착되며 팬들의 걱정이 커졌는데요. 하지만 <b>손흥민</b>이 직접 SNS를... "", ""bloggername"": ""뉴스피크"", ""bloggerlink"": ""blog.naver.com/the-newspeak"", ""postdate"": ""20260526""}"
손흥민,single_term_fallback,손흥민,"⚽ <b>손흥민</b>, 다시 유럽 복귀 가능성 나오나… LAFC 흔들리는... ",https://blog.naver.com/mc_kkang/224296651283,20260526,최근 <b>손흥민</b>의 향후 거취를 둘러싼 이야기가 다시 뜨거워지고 있다. 미국 MLS 무대에서 뛰고 있는 현재... 특히 LAFC 내부 분위기 변화와 함께 <b>손흥민</b> 본인의 인터뷰 내용까지 재조명되면서 단순 루머 수준을... ,mc_kkang님의 블로그,blog.naver.com/mc_kkang,naver_blog,손흥민,canonical,1.0,2026-05-26T11:52:46.738110+00:00,0,0,0,0,mc_kkang님의 블로그,최근 <b>손흥민</b>의 향후 거취를 둘러싼 이야기가 다시 뜨거워지고 있다. 미국 MLS 무대에서 뛰고 있는 현재... 특히 LAFC 내부 분위기 변화와 함께 <b>손흥민</b> 본인의 인터뷰 내용까지 재조명되면서 단순 루머 수준을... ,"{""title"": ""⚽ <b>손흥민</b>, 다시 유럽 복귀 가능성 나오나… LAFC 흔들리는... "", ""link"": ""https://blog.naver.com/mc_kkang/224296651283"", ""description"": ""최근 <b>손흥민</b>의 향후 거취를 둘러싼 이야기가 다시 뜨거워지고 있다. 미국 MLS 무대에서 뛰고 있는 현재... 특히 LAFC 내부 분위기 변화와 함께 <b>손흥민</b> 본인의 인터뷰 내용까지 재조명되면서 단순 루머 수준을... "", ""bloggername"": ""mc_kkang님의 블로그"", ""bloggerlink"": ""blog.naver.com/mc_kkang"", ""postdate"": ""20260526""}"
손흥민,single_term_fallback,손흥민,HDC FC에게 빼앗긴 대한민국 축구협회 되찾기 프로젝트 1,https://blog.naver.com/repletion/224296650629,20260526,"<b>손흥민</b>, 이강인 등 에게는 미안하지만, 선수들이 하드캐리해서 좋은 성적 거둘까봐 내심 불안하다. 결국 HDC FC의 정몽규와 홍명보 꼴깝 떠는 모습을 생각하면 역겨울 것 같다. 우리는 HDC 정몽규에게 뺏긴... ","The Sixth Sense-대한민국 경제,그거 우리가 돌리는야",blog.naver.com/repletion,naver_blog,손흥민,canonical,1.0,2026-05-26T11:52:46.738110+00:00,0,0,0,0,"The Sixth Sense-대한민국 경제,그거 우리가 돌리는야","<b>손흥민</b>, 이강인 등 에게는 미안하지만, 선수들이 하드캐리해서 좋은 성적 거둘까봐 내심 불안하다. 결국 HDC FC의 정몽규와 홍명보 꼴깝 떠는 모습을 생각하면 역겨울 것 같다. 우리는 HDC 정몽규에게 뺏긴... ","{""title"": ""HDC FC에게 빼앗긴 대한민국 축구협회 되찾기 프로젝트 1"", ""link"": ""https://blog.naver.com/repletion/224296650629"", ""description"": ""<b>손흥민</b>, 이강인 등 에게는 미안하지만, 선수들이 하드캐리해서 좋은 성적 거둘까봐 내심 불안하다. 결국 HDC FC의 정몽규와 홍명보 꼴깝 떠는 모습을 생각하면 역겨울 것 같다. 우리는 HDC 정몽규에게 뺏긴... "", ""bloggername"": ""The Sixth Sense-대한민국 경제,그거 우리가 돌리는야"", ""bloggerlink"": ""blog.naver.com/repletion"", ""postdate"": ""20260526""}"
손흥민,single_term_fallback,손흥민,2026 북중미 월드컵 대한민국 축구 국가대표 명단 발표,https://blog.naver.com/h0tt0/224296650231,20260526,최상의 전력 구축: '공격의 핵심' <b>손흥민</b>을 필두로 한 라인업 대표팀의 주장이자 정신적 지주인 <b>손흥민</b> 선수를 중심으로 공격진이 구성되었습니다. 중원에서는 정교한 패스와 폭넓은 활동량을 자랑하는 해외파... ,핫뜨거: 뜨거운 새로운 소식,blog.naver.com/h0tt0,naver_blog,손흥민,canonical,1.0,2026-05-26T11:52:46.738110+00:00,0,0,0,0,핫뜨거: 뜨거운 새로운 소식,최상의 전력 구축: '공격의 핵심' <b>손흥민</b>을 필두로 한 라인업 대표팀의 주장이자 정신적 지주인 <b>손흥민</b> 선수를 중심으로 공격진이 구성되었습니다. 중원에서는 정교한 패스와 폭넓은 활동량을 자랑하는 해외파... ,"{""title"": ""2026 북중미 월드컵 대한민국 축구 국가대표 명단 발표"", ""link"": ""https://blog.naver.com/h0tt0/224296650231"", ""description"": ""최상의 전력 구축: '공격의 핵심' <b>손흥민</b>을 필두로 한 라인업 대표팀의 주장이자 정신적 지주인 <b>손흥민</b> 선수를 중심으로 공격진이 구성되었습니다. 중원에서는 정교한 패스와 폭넓은 활동량을 자랑하는 해외파... "", ""bloggername"": ""핫뜨거: 뜨거운 새로운 소식"", ""bloggerlink"": ""blog.naver.com/h0tt0"", ""postdate"": ""20260526""}"
손흥민,single_term_fallback,손흥민,&lt;국민 성장 소득&gt; 제1장 국민 소득 - 국내총생산 (GDP... ,https://blog.naver.com/lacvert3740/224291783646,20260526,"반대로 <b>손흥민</b> 선수나 한국 대기업의 해외 현지 공장이 미국이나 유럽에서 벌어들이는 소득은 제외되므로, 실질적인 국내 고용 시장과 내수 경기의 기초체력(펀더멘탈)을 보여줍니다. 세 번째로 중복 계산을... ",라끄의 TV기록,blog.naver.com/lacvert3740,naver_blog,손흥민,canonical,1.0,2026-05-26T11:52:46.738110+00:00,0,0,0,0,라끄의 TV기록,"반대로 <b>손흥민</b> 선수나 한국 대기업의 해외 현지 공장이 미국이나 유럽에서 벌어들이는 소득은 제외되므로, 실질적인 국내 고용 시장과 내수 경기의 기초체력(펀더멘탈)을 보여줍니다. 세 번째로 중복 계산을... ","{""title"": ""&lt;국민 성장 소득&gt; 제1장 국민 소득 - 국내총생산 (GDP... "", ""link"": ""https://blog.naver.com/lacvert3740/224291783646"", ""description"": ""반대로 <b>손흥민</b> 선수나 한국 대기업의 해외 현지 공장이 미국이나 유럽에서 벌어들이는 소득은 제외되므로, 실질적인 국내 고용 시장과 내수 경기의 기초체력(펀더멘탈)을 보여줍니다. 세 번째로 중복 계산을... "", ""bloggername"": ""라끄의 TV기록"", ""bloggerlink"": ""blog.naver.com/lacvert3740"", ""postdate"": ""20260526""}"
손흥민,single_term_fallback,손흥민,홍명보호 2026 북중미 월드컵 포상금 공개 16강만 가도 인당... ,https://blog.naver.com/gunpbu/224296542762,20260526,특히 <b>손흥민</b> 이강인 김민재 같은 해외파 선수들이 워낙 큰 무대에서 뛰고 있다 보니까 팬들 기대치... 되더라고요 <b>손흥민</b> 이강인 김민재 입장에서도 이번은 진짜 다를수밖에 없어요 사실 <b>손흥민</b> 선수 정도 되면... ,군포 의왕 축구교실,blog.naver.com/gunpbu,naver_blog,손흥민,canonical,1.0,2026-05-26T11:52:46.738110+00:00,0,0,0,0,군포 의왕 축구교실,특히 <b>손흥민</b> 이강인 김민재 같은 해외파 선수들이 워낙 큰 무대에서 뛰고 있다 보니까 팬들 기대치... 되더라고요 <b>손흥민</b> 이강인 김민재 입장에서도 이번은 진짜 다를수밖에 없어요 사실 <b>손흥민</b> 선수 정도 되면... ,"{""title"": ""홍명보호 2026 북중미 월드컵 포상금 공개 16강만 가도 인당... "", ""link"": ""https://blog.naver.com/gunpbu/224296542762"", ""description"": ""특히 <b>손흥민</b> 이강인 김민재 같은 해외파 선수들이 워낙 큰 무대에서 뛰고 있다 보니까 팬들 기대치... 되더라고요 <b>손흥민</b> 이강인 김민재 입장에서도 이번은 진짜 다를수밖에 없어요 사실 <b>손흥민</b> 선수 정도 되면... "", ""bloggername"": ""군포 의왕 축구교실"", ""bloggerlink"": ""blog.naver.com/gunpbu"", ""postdate"": ""20260526""}"
손흥민,single_term_fallback,손흥민,<b>손흥민</b> 예전팀 강등될 뻔?  토트넘 에버턴 극적 잔류 실체... ,https://blog.naver.com/cynicaljyp/224296230054,20260526,"이 지경까지 온 이유, <b>손흥민</b> 의존의 불편한 진실 이번 시즌 토트넘 경기력은 불안 요소가 많았습니다. 수비 조직력은 흔들리고, 중원 압박은 약하고, 결정력 기복은 심했죠. 뻔한 이야기입니다. 특히 <b>손흥민</b>... ",Made by. cynical_J,blog.naver.com/cynicaljyp,naver_blog,손흥민,canonical,1.0,2026-05-26T11:52:46.738110+00:00,0,0,0,0,Made by. cynical_J,"이 지경까지 온 이유, <b>손흥민</b> 의존의 불편한 진실 이번 시즌 토트넘 경기력은 불안 요소가 많았습니다. 수비 조직력은 흔들리고, 중원 압박은 약하고, 결정력 기복은 심했죠. 뻔한 이야기입니다. 특히 <b>손흥민</b>... ","{""title"": ""<b>손흥민</b> 예전팀 강등될 뻔?  토트넘 에버턴 극적 잔류 실체... "", ""link"": ""https://blog.naver.com/cynicaljyp/224296230054"", ""description"": ""이 지경까지 온 이유, <b>손흥민</b> 의존의 불편한 진실 이번 시즌 토트넘 경기력은 불안 요소가 많았습니다. 수비 조직력은 흔들리고, 중원 압박은 약하고, 결정력 기복은 심했죠. 뻔한 이야기입니다. 특히 <b>손흥민</b>... "", ""bloggername"": ""Made by. cynical_J"", ""bloggerlink"": ""blog.naver.com/cynicaljyp"", ""postdate"": ""20260526""}"
손흥민,single_term_fallback,손흥민,"<b>손흥민</b>, 탈모 루머 직접 해명 &quot;스트레스받을 일 전혀 없는데... ",https://blog.naver.com/roadtowrestling/224296635650,20260526,<b>손흥민</b>이 최근 온라인을 달구던 원형 탈모설을 본인 인스타그램으로 직접 해명했어요. 2026 북중미... 시애틀전 중계 화면이 불러온 탈모 루머 해프닝 <b>손흥민</b> 탈모설의 발단은 5월 25일 BMO 스타디움에서 열린... ,세상에 모든 엔터테인먼트!!,blog.naver.com/roadtowrestling,naver_blog,손흥민,canonical,1.0,2026-05-26T11:52:46.738110+00:00,0,0,0,0,세상에 모든 엔터테인먼트!!,<b>손흥민</b>이 최근 온라인을 달구던 원형 탈모설을 본인 인스타그램으로 직접 해명했어요. 2026 북중미... 시애틀전 중계 화면이 불러온 탈모 루머 해프닝 <b>손흥민</b> 탈모설의 발단은 5월 25일 BMO 스타디움에서 열린... ,"{""title"": ""<b>손흥민</b>, 탈모 루머 직접 해명 &quot;스트레스받을 일 전혀 없는데... "", ""link"": ""https://blog.naver.com/roadtowrestling/224296635650"", ""description"": ""<b>손흥민</b>이 최근 온라인을 달구던 원형 탈모설을 본인 인스타그램으로 직접 해명했어요. 2026 북중미... 시애틀전 중계 화면이 불러온 탈모 루머 해프닝 <b>손흥민</b> 탈모설의 발단은 5월 25일 BMO 스타디움에서 열린... "", ""bloggername"": ""세상에 모든 엔터테인먼트!!"", ""bloggerlink"": ""blog.naver.com/roadtowrestling"", ""postdate"": ""20260526""}"
손흥민,single_term_fallback,손흥민,제목긍정이 주는 선물/마음이 바뀌면 삶도 바뀐다/김재호,https://blog.naver.com/kimjaeholawyer/224296629828,20260526,제목 긍정이 주는 선물 부제 마음이 바뀌면 삶도 바뀐다 행복은 멀리 있지 않았다. 이미 우리 삶 안에 있었다. 오늘 하루를 버텨 낸 당신에게 전하는 작은 선물 긍정심리학과 삶의 이야기가 만난 따뜻한 회복의... ,공익인권변호사 김재호변호사,blog.naver.com/kimjaeholawyer,naver_blog,손흥민,canonical,1.0,2026-05-26T11:52:46.738110+00:00,0,0,0,0,공익인권변호사 김재호변호사,제목 긍정이 주는 선물 부제 마음이 바뀌면 삶도 바뀐다 행복은 멀리 있지 않았다. 이미 우리 삶 안에 있었다. 오늘 하루를 버텨 낸 당신에게 전하는 작은 선물 긍정심리학과 삶의 이야기가 만난 따뜻한 회복의... ,"{""title"": ""제목긍정이 주는 선물/마음이 바뀌면 삶도 바뀐다/김재호"", ""link"": ""https://blog.naver.com/kimjaeholawyer/224296629828"", ""description"": ""제목 긍정이 주는 선물 부제 마음이 바뀌면 삶도 바뀐다 행복은 멀리 있지 않았다. 이미 우리 삶 안에 있었다. 오늘 하루를 버텨 낸 당신에게 전하는 작은 선물 긍정심리학과 삶의 이야기가 만난 따뜻한 회복의... "", ""bloggername"": ""공익인권변호사 김재호변호사"", ""bloggerlink"": ""blog.naver.com/kimjaeholawyer"", ""postdate"": ""20260526""}"
손흥민,single_term_fallback,손흥민,"<b>손흥민</b> 유소년 친선대회, 6개국 100명 집결",https://blog.naver.com/maximus0624/224296629330,20260526,"세계적인 축구스타 <b>손흥민</b>이 직접 이름을 내건 유소년 친선 축구대회가 막을 올린다. 6개국에서 100여 명의 어린 선수들이 한자리에 모이는 이번 행사는 단순한 이벤트를 넘어, <b>손흥민</b>이 오랫동안 품어온 한국... ",오늘의 핫이슈,blog.naver.com/maximus0624,naver_blog,손흥민,canonical,1.0,2026-05-26T11:52:46.738110+00:00,0,0,0,0,오늘의 핫이슈,"세계적인 축구스타 <b>손흥민</b>이 직접 이름을 내건 유소년 친선 축구대회가 막을 올린다. 6개국에서 100여 명의 어린 선수들이 한자리에 모이는 이번 행사는 단순한 이벤트를 넘어, <b>손흥민</b>이 오랫동안 품어온 한국... ","{""title"": ""<b>손흥민</b> 유소년 친선대회, 6개국 100명 집결"", ""link"": ""https://blog.naver.com/maximus0624/224296629330"", ""description"": ""세계적인 축구스타 <b>손흥민</b>이 직접 이름을 내건 유소년 친선 축구대회가 막을 올린다. 6개국에서 100여 명의 어린 선수들이 한자리에 모이는 이번 행사는 단순한 이벤트를 넘어, <b>손흥민</b>이 오랫동안 품어온 한국... "", ""bloggername"": ""오늘의 핫이슈"", ""bloggerlink"": ""blog.naver.com/maximus0624"", ""postdate"": ""20260526""}"
손흥민,single_term_fallback,손흥민,Catapult Sports: ‘데이터’로 스포츠의 미래를 다시 쓴... ,https://blog.naver.com/glo_lab/224296622655,20260526,"⚽ TV 중계 속 '활동량 데이터'의 비밀 우리가 축구 중계를 볼 때 화면 자막으로 나오는 &quot;오늘 <b>손흥민</b> 선수의 총 이동 거리는 11.2km, 최고 속도는 34.3km/h&quot; 같은 데이터는 대부분 카타풀트의 장비와 플랫폼을... ",glo_lab님의 블로그,blog.naver.com/glo_lab,naver_blog,손흥민,canonical,1.0,2026-05-26T11:52:46.738110+00:00,0,0,0,0,glo_lab님의 블로그,"⚽ TV 중계 속 '활동량 데이터'의 비밀 우리가 축구 중계를 볼 때 화면 자막으로 나오는 &quot;오늘 <b>손흥민</b> 선수의 총 이동 거리는 11.2km, 최고 속도는 34.3km/h&quot; 같은 데이터는 대부분 카타풀트의 장비와 플랫폼을... ","{""title"": ""Catapult Sports: ‘데이터’로 스포츠의 미래를 다시 쓴... "", ""link"": ""https://blog.naver.com/glo_lab/224296622655"", ""description"": ""⚽ TV 중계 속 '활동량 데이터'의 비밀 우리가 축구 중계를 볼 때 화면 자막으로 나오는 &quot;오늘 <b>손흥민</b> 선수의 총 이동 거리는 11.2km, 최고 속도는 34.3km/h&quot; 같은 데이터는 대부분 카타풀트의 장비와 플랫폼을... "", ""bloggername"": ""glo_lab님의 블로그"", ""bloggerlink"": ""blog.naver.com/glo_lab"", ""postdate"": ""20260526""}"
손흥민,single_term_fallback,손흥민,축덕들의 성지 동대문 싸카스토어 방문 후기｜아스날 팝업... ,https://blog.naver.com/giovinco20/224296621244,20260526,"이재성, <b>손흥민</b>, 이강인, 황희찬, 오현규 안쪽에는 아디다스 유니폼도 있고요 인펀트킷같은 작은... 살라 <b>손흥민</b> 선수의 LA갤럭시 유니폼 여러 축구 굿즈들이 다양하다보니 축덕들이 환장할 만한... ",작심삼일 이겨내기,blog.naver.com/giovinco20,naver_blog,손흥민,canonical,1.0,2026-05-26T11:52:46.738110+00:00,0,0,0,0,작심삼일 이겨내기,"이재성, <b>손흥민</b>, 이강인, 황희찬, 오현규 안쪽에는 아디다스 유니폼도 있고요 인펀트킷같은 작은... 살라 <b>손흥민</b> 선수의 LA갤럭시 유니폼 여러 축구 굿즈들이 다양하다보니 축덕들이 환장할 만한... ","{""title"": ""축덕들의 성지 동대문 싸카스토어 방문 후기｜아스날 팝업... "", ""link"": ""https://blog.naver.com/giovinco20/224296621244"", ""description"": ""이재성, <b>손흥민</b>, 이강인, 황희찬, 오현규 안쪽에는 아디다스 유니폼도 있고요 인펀트킷같은 작은... 살라 <b>손흥민</b> 선수의 LA갤럭시 유니폼 여러 축구 굿즈들이 다양하다보니 축덕들이 환장할 만한... "", ""bloggername"": ""작심삼일 이겨내기"", ""bloggerlink"": ""blog.naver.com/giovinco20"", ""postdate"": ""20260526""}"
손흥민,single_term_fallback,손흥민,스트레스 없다던 <b>손흥민</b>이 직접 해명해야 했던 원형탈모!... ,https://blog.naver.com/naturepartners/224296606113,20260526,"<b>손흥민</b>까지 루머에 휘말린 원형탈모가 뭐길래 2026년 5월, 북중미 월드컵을 앞두고 뜻밖의 루머가 터졌습니다. 국가대표 주장 <b>손흥민</b> 선수가 미국 LA에서 열린 MLS 경기 중계 화면에서 뒷머리 두피가 훤히... ",노르웨이 물개 오메가3–셀올예,blog.naver.com/naturepartners,naver_blog,손흥민,canonical,1.0,2026-05-26T11:52:46.738110+00:00,0,0,0,0,노르웨이 물개 오메가3–셀올예,"<b>손흥민</b>까지 루머에 휘말린 원형탈모가 뭐길래 2026년 5월, 북중미 월드컵을 앞두고 뜻밖의 루머가 터졌습니다. 국가대표 주장 <b>손흥민</b> 선수가 미국 LA에서 열린 MLS 경기 중계 화면에서 뒷머리 두피가 훤히... ","{""title"": ""스트레스 없다던 <b>손흥민</b>이 직접 해명해야 했던 원형탈모!... "", ""link"": ""https://blog.naver.com/naturepartners/224296606113"", ""description"": ""<b>손흥민</b>까지 루머에 휘말린 원형탈모가 뭐길래 2026년 5월, 북중미 월드컵을 앞두고 뜻밖의 루머가 터졌습니다. 국가대표 주장 <b>손흥민</b> 선수가 미국 LA에서 열린 MLS 경기 중계 화면에서 뒷머리 두피가 훤히... "", ""bloggername"": ""노르웨이 물개 오메가3–셀올예"", ""bloggerlink"": ""blog.naver.com/naturepartners"", ""postdate"": ""20260526""}"
손흥민,single_term_fallback,손흥민,[성수] 5월 캡틴쏜희 <b>손흥민</b> X 모남희 콜라보 팝업,https://blog.naver.com/peachzin/224296582031,20260526,산책하다 발견한 <b>손흥민</b> 팝업이에요 후딱 다녀왔습니다 NOS7 X MNH 콜라보 키링이 넘 귀엽더라구요 <b>손흥민</b> 좋아하시는 팬들이라면 눈돌아가실수도! 팝업 한정 상품 및 신제품출시 전 제품 최대 20%할인 7만원... ,시골햄의 이것저것리뷰,blog.naver.com/peachzin,naver_blog,손흥민,canonical,1.0,2026-05-26T11:52:46.738110+00:00,0,0,0,0,시골햄의 이것저것리뷰,산책하다 발견한 <b>손흥민</b> 팝업이에요 후딱 다녀왔습니다 NOS7 X MNH 콜라보 키링이 넘 귀엽더라구요 <b>손흥민</b> 좋아하시는 팬들이라면 눈돌아가실수도! 팝업 한정 상품 및 신제품출시 전 제품 최대 20%할인 7만원... ,"{""title"": ""[성수] 5월 캡틴쏜희 <b>손흥민</b> X 모남희 콜라보 팝업"", ""link"": ""https://blog.naver.com/peachzin/224296582031"", ""description"": ""산책하다 발견한 <b>손흥민</b> 팝업이에요 후딱 다녀왔습니다 NOS7 X MNH 콜라보 키링이 넘 귀엽더라구요 <b>손흥민</b> 좋아하시는 팬들이라면 눈돌아가실수도! 팝업 한정 상품 및 신제품출시 전 제품 최대 20%할인 7만원... "", ""bloggername"": ""시골햄의 이것저것리뷰"", ""bloggerlink"": ""blog.naver.com/peachzin"", ""postdate"": ""20260526""}"
손흥민,single_term_fallback,손흥민,송도 남자 미용실 <b>손흥민</b> 머리 잘하는 엑스디맨즈헤어 김윤쌤!,https://blog.naver.com/rizzy127/224296557677,20260526,요즘 갑자기 <b>손흥민</b> 머리가 너무 이뻐 보이더라고요! 이제 곧 무더운 여름이 찾아오는데 보기만 해도 답답하고 더워 보이는 남친을 위해 시원하게 <b>손흥민</b> 머리에 도전하러 갈만한 송도 남자 미용실을 열심히... ,Making good life,blog.naver.com/rizzy127,naver_blog,손흥민,canonical,1.0,2026-05-26T11:52:46.738110+00:00,0,0,0,0,Making good life,요즘 갑자기 <b>손흥민</b> 머리가 너무 이뻐 보이더라고요! 이제 곧 무더운 여름이 찾아오는데 보기만 해도 답답하고 더워 보이는 남친을 위해 시원하게 <b>손흥민</b> 머리에 도전하러 갈만한 송도 남자 미용실을 열심히... ,"{""title"": ""송도 남자 미용실 <b>손흥민</b> 머리 잘하는 엑스디맨즈헤어 김윤쌤!"", ""link"": ""https://blog.naver.com/rizzy127/224296557677"", ""description"": ""요즘 갑자기 <b>손흥민</b> 머리가 너무 이뻐 보이더라고요! 이제 곧 무더운 여름이 찾아오는데 보기만 해도 답답하고 더워 보이는 남친을 위해 시원하게 <b>손흥민</b> 머리에 도전하러 갈만한 송도 남자 미용실을 열심히... "", ""bloggername"": ""Making good life"", ""bloggerlink"": ""blog.naver.com/rizzy127"", ""postdate"": ""20260526""}"
손흥민,single_term_fallback,손흥민,지구를 지켜요! 탄소 중립- 안성시 돌봄 톡톡플러스지역아동센터,https://blog.naver.com/talktlakplus/224296598416,20260526,안성시지역아동센터 #공도초등학교 #안성시초등학교 #자율활동 #한국지역아동연합회 #리틀<b>손흥민</b> #배드민턴 #안세영 #<b>손흥민</b> #리틀<b>손흥민</b> #숲체험 #한경대학교 #로타랙트 #탄소중립 #환경 #지구온난화,talktlakplus 지역아동센터,blog.naver.com/talktlakplus,naver_blog,손흥민,canonical,1.0,2026-05-26T11:52:46.738110+00:00,0,0,0,0,talktlakplus 지역아동센터,안성시지역아동센터 #공도초등학교 #안성시초등학교 #자율활동 #한국지역아동연합회 #리틀<b>손흥민</b> #배드민턴 #안세영 #<b>손흥민</b> #리틀<b>손흥민</b> #숲체험 #한경대학교 #로타랙트 #탄소중립 #환경 #지구온난화,"{""title"": ""지구를 지켜요! 탄소 중립- 안성시 돌봄 톡톡플러스지역아동센터"", ""link"": ""https://blog.naver.com/talktlakplus/224296598416"", ""description"": ""안성시지역아동센터 #공도초등학교 #안성시초등학교 #자율활동 #한국지역아동연합회 #리틀<b>손흥민</b> #배드민턴 #안세영 #<b>손흥민</b> #리틀<b>손흥민</b> #숲체험 #한경대학교 #로타랙트 #탄소중립 #환경 #지구온난화"", ""bloggername"": ""talktlakplus 지역아동센터"", ""bloggerlink"": ""blog.naver.com/talktlakplus"", ""postdate"": ""20260526""}"
손흥민,single_term_fallback,손흥민,"차준영 회장 MC몽 폭로부터 에테르노, 황신혜 루머까지 총정리",https://blog.naver.com/sangjun9191/224296597751,20260526,"아이유, <b>손흥민</b> 등 유명 연예인들이 분양받아 유명세를 탔으며, 이로 인해 차준영 회장의 이름도 더욱 알려지게 되었습니다. Q. 현재 차준영 회장의 법적 상황은 어떤가요? MC몽의 폭로에 대해 차준영 회장... ",sangjun9191님의 블로그,blog.naver.com/sangjun9191,naver_blog,손흥민,canonical,1.0,2026-05-26T11:52:46.738110+00:00,0,0,0,0,sangjun9191님의 블로그,"아이유, <b>손흥민</b> 등 유명 연예인들이 분양받아 유명세를 탔으며, 이로 인해 차준영 회장의 이름도 더욱 알려지게 되었습니다. Q. 현재 차준영 회장의 법적 상황은 어떤가요? MC몽의 폭로에 대해 차준영 회장... ","{""title"": ""차준영 회장 MC몽 폭로부터 에테르노, 황신혜 루머까지 총정리"", ""link"": ""https://blog.naver.com/sangjun9191/224296597751"", ""description"": ""아이유, <b>손흥민</b> 등 유명 연예인들이 분양받아 유명세를 탔으며, 이로 인해 차준영 회장의 이름도 더욱 알려지게 되었습니다. Q. 현재 차준영 회장의 법적 상황은 어떤가요? MC몽의 폭로에 대해 차준영 회장... "", ""bloggername"": ""sangjun9191님의 블로그"", ""bloggerlink"": ""blog.naver.com/sangjun9191"", ""postdate"": ""20260526""}"
손흥민,single_term_fallback,손흥민,&quot;연봉 150억 <b>손흥민</b>&quot;이 LA에서 꺼낸 한 컷 'GV80 오너들' 눈물... ,https://blog.naver.com/ntesama/224296002655,20260526,출처:<b>손흥민</b> 인스타그램 LA에서 포착된 한 장면 연봉 150억 원의 <b>손흥민</b>이 LA 도심에서 직접 운전한 차가 제네시스 GV80 쿠페로 확인되며 이틀 만에 인스타그램 조회수 67만 회를 넘겼다. 2026년 2월 22일... ,태사마,blog.naver.com/ntesama,naver_blog,손흥민,canonical,1.0,2026-05-26T11:52:46.738110+00:00,0,0,0,0,태사마,출처:<b>손흥민</b> 인스타그램 LA에서 포착된 한 장면 연봉 150억 원의 <b>손흥민</b>이 LA 도심에서 직접 운전한 차가 제네시스 GV80 쿠페로 확인되며 이틀 만에 인스타그램 조회수 67만 회를 넘겼다. 2026년 2월 22일... ,"{""title"": ""&quot;연봉 150억 <b>손흥민</b>&quot;이 LA에서 꺼낸 한 컷 'GV80 오너들' 눈물... "", ""link"": ""https://blog.naver.com/ntesama/224296002655"", ""description"": ""출처:<b>손흥민</b> 인스타그램 LA에서 포착된 한 장면 연봉 150억 원의 <b>손흥민</b>이 LA 도심에서 직접 운전한 차가 제네시스 GV80 쿠페로 확인되며 이틀 만에 인스타그램 조회수 67만 회를 넘겼다. 2026년 2월 22일... "", ""bloggername"": ""태사마"", ""bloggerlink"": ""blog.naver.com/ntesama"", ""postdate"": ""20260526""}"
손흥민,single_term_fallback,손흥민,팔뚝 지방흡입수술 비용 및 바본 한달 지흡 후 관리,https://blog.naver.com/apeach96/224296592949,20260526,"팔 지흡 후 관리 관리 프로그램은 3주차부터 7주차까지 총 5번 진행하게 되는데, 3주차와 4주차에는 할리우드 배우들과 운동선수들도 많이 받는다는 고압산소 케어를 진행한다 실제로 <b>손흥민</b>이랑 제니도 자주... ",발길 닿는 대로-,blog.naver.com/apeach96,naver_blog,손흥민,canonical,1.0,2026-05-26T11:52:46.738110+00:00,0,0,0,0,발길 닿는 대로-,"팔 지흡 후 관리 관리 프로그램은 3주차부터 7주차까지 총 5번 진행하게 되는데, 3주차와 4주차에는 할리우드 배우들과 운동선수들도 많이 받는다는 고압산소 케어를 진행한다 실제로 <b>손흥민</b>이랑 제니도 자주... ","{""title"": ""팔뚝 지방흡입수술 비용 및 바본 한달 지흡 후 관리"", ""link"": ""https://blog.naver.com/apeach96/224296592949"", ""description"": ""팔 지흡 후 관리 관리 프로그램은 3주차부터 7주차까지 총 5번 진행하게 되는데, 3주차와 4주차에는 할리우드 배우들과 운동선수들도 많이 받는다는 고압산소 케어를 진행한다 실제로 <b>손흥민</b>이랑 제니도 자주... "", ""bloggername"": ""발길 닿는 대로-"", ""bloggerlink"": ""blog.naver.com/apeach96"", ""postdate"": ""20260526""}"
손흥민,single_term_fallback,손흥민,[2026 북중미 월드컵] 대한민국 조편성 및 경기 시간 일정 총정리,https://blog.naver.com/firemania309/224296591492,20260526,"기원합니다 <b>손흥민</b>의 라스트 댄스: 대한민국 축구의 살아있는 전설, <b>손흥민</b> 선수의 통산 네 번째 월드컵 무대입니다 어느덧 30대 중반에 접어든 그이기에 사실상 이번 대회가 커리어의 정점이 될 가능성이... ",불꾼의 탐방일기,blog.naver.com/firemania309,naver_blog,손흥민,canonical,1.0,2026-05-26T11:52:46.738110+00:00,0,0,0,0,불꾼의 탐방일기,"기원합니다 <b>손흥민</b>의 라스트 댄스: 대한민국 축구의 살아있는 전설, <b>손흥민</b> 선수의 통산 네 번째 월드컵 무대입니다 어느덧 30대 중반에 접어든 그이기에 사실상 이번 대회가 커리어의 정점이 될 가능성이... ","{""title"": ""[2026 북중미 월드컵] 대한민국 조편성 및 경기 시간 일정 총정리"", ""link"": ""https://blog.naver.com/firemania309/224296591492"", ""description"": ""기원합니다 <b>손흥민</b>의 라스트 댄스: 대한민국 축구의 살아있는 전설, <b>손흥민</b> 선수의 통산 네 번째 월드컵 무대입니다 어느덧 30대 중반에 접어든 그이기에 사실상 이번 대회가 커리어의 정점이 될 가능성이... "", ""bloggername"": ""불꾼의 탐방일기"", ""bloggerlink"": ""blog.naver.com/firemania309"", ""postdate"": ""20260526""}"
손흥민,single_term_fallback,손흥민,(월드컵) 2026년 월드컵 경기,https://blog.naver.com/wlwoan/224296591072,20260526,"선수는 <b>손흥민</b>, 이강인, 김민재, 황희찬, 황인범, 조현우, 이재성 등이 포함됐습니다. 최근에는 독일... #2026월드컵 #대한민국월드컵 #<b>손흥민</b>#이강인#김민재#월드컵A조 #북중미월드컵#대한민국경기일정... ",중년은 오늘도 달린다.,blog.naver.com/wlwoan,naver_blog,손흥민,canonical,1.0,2026-05-26T11:52:46.738110+00:00,0,0,0,0,중년은 오늘도 달린다.,"선수는 <b>손흥민</b>, 이강인, 김민재, 황희찬, 황인범, 조현우, 이재성 등이 포함됐습니다. 최근에는 독일... #2026월드컵 #대한민국월드컵 #<b>손흥민</b>#이강인#김민재#월드컵A조 #북중미월드컵#대한민국경기일정... ","{""title"": ""(월드컵) 2026년 월드컵 경기"", ""link"": ""https://blog.naver.com/wlwoan/224296591072"", ""description"": ""선수는 <b>손흥민</b>, 이강인, 김민재, 황희찬, 황인범, 조현우, 이재성 등이 포함됐습니다. 최근에는 독일... #2026월드컵 #대한민국월드컵 #<b>손흥민</b>#이강인#김민재#월드컵A조 #북중미월드컵#대한민국경기일정... "", ""bloggername"": ""중년은 오늘도 달린다."", ""bloggerlink"": ""blog.naver.com/wlwoan"", ""postdate"": ""20260526""}"
손흥민,single_term_fallback,손흥민,<b>손흥민</b> &quot;탈모설&quot;직접 해명했는데도 팬들 아직도 계속 걱정하는... ,https://blog.naver.com/base-goal/224296589376,20260526,솔직히 <b>손흥민</b> 탈모 이야기 처음 나왔을 때 팬들 진짜 놀랐습니다 중계 화면에 잠깐 잡힌 뒷모습 하나였는데 순식간에 원형탈모 이야기까지 번졌으니까요 그런데 더 놀라운 건 <b>손흥민</b>이 직접 아니라고... ,스포츠 인사이트,blog.naver.com/base-goal,naver_blog,손흥민,canonical,1.0,2026-05-26T11:52:46.738110+00:00,0,0,0,0,스포츠 인사이트,솔직히 <b>손흥민</b> 탈모 이야기 처음 나왔을 때 팬들 진짜 놀랐습니다 중계 화면에 잠깐 잡힌 뒷모습 하나였는데 순식간에 원형탈모 이야기까지 번졌으니까요 그런데 더 놀라운 건 <b>손흥민</b>이 직접 아니라고... ,"{""title"": ""<b>손흥민</b> &quot;탈모설&quot;직접 해명했는데도 팬들 아직도 계속 걱정하는... "", ""link"": ""https://blog.naver.com/base-goal/224296589376"", ""description"": ""솔직히 <b>손흥민</b> 탈모 이야기 처음 나왔을 때 팬들 진짜 놀랐습니다 중계 화면에 잠깐 잡힌 뒷모습 하나였는데 순식간에 원형탈모 이야기까지 번졌으니까요 그런데 더 놀라운 건 <b>손흥민</b>이 직접 아니라고... "", ""bloggername"": ""스포츠 인사이트"", ""bloggerlink"": ""blog.naver.com/base-goal"", ""postdate"": ""20260526""}"
손흥민,single_term_fallback,손흥민,대한민국 축구대표팀 월드컵 최종 명단 정리,https://blog.naver.com/greenenc2017/224296587339,20260526,"<b>손흥민</b>, 이강인, 김민재, 황희찬 등 핵심 선수들이 포함되며 안정감 있는 구성이 나왔다는 평가입니다.... 특히 <b>손흥민</b>의 4번째 월드컵 도전 가능성과 젊은 선수들 발탁이 큰 화제를 모으고 있습니다. <b>손흥민</b>... ",스포츠브리핑노트,blog.naver.com/greenenc2017,naver_blog,손흥민,canonical,1.0,2026-05-26T11:52:46.738110+00:00,0,0,0,0,스포츠브리핑노트,"<b>손흥민</b>, 이강인, 김민재, 황희찬 등 핵심 선수들이 포함되며 안정감 있는 구성이 나왔다는 평가입니다.... 특히 <b>손흥민</b>의 4번째 월드컵 도전 가능성과 젊은 선수들 발탁이 큰 화제를 모으고 있습니다. <b>손흥민</b>... ","{""title"": ""대한민국 축구대표팀 월드컵 최종 명단 정리"", ""link"": ""https://blog.naver.com/greenenc2017/224296587339"", ""description"": ""<b>손흥민</b>, 이강인, 김민재, 황희찬 등 핵심 선수들이 포함되며 안정감 있는 구성이 나왔다는 평가입니다.... 특히 <b>손흥민</b>의 4번째 월드컵 도전 가능성과 젊은 선수들 발탁이 큰 화제를 모으고 있습니다. <b>손흥민</b>... "", ""bloggername"": ""스포츠브리핑노트"", ""bloggerlink"": ""blog.naver.com/greenenc2017"", ""postdate"": ""20260526""}"
손흥민,single_term_fallback,손흥민,⚽ 2026 북중미 월드컵 / 대한민국 대표팀 &quot;3경기 일정 및 최종... ,https://blog.naver.com/therapygolf/224296585934,20260526,<b>손흥민</b>을 주축으로 이강인을 포함한 24명의 명단이 오늘 발표됐습니다. 전 세계의 강호들 사이에... #2026월드컵 #북중미월드컵 #대한민국축구대표팀 #월드컵일정 #<b>손흥민</b> #이강인 #김민재 #국가대표축구... ,테라피골프 블로그,blog.naver.com/therapygolf,naver_blog,손흥민,canonical,1.0,2026-05-26T11:52:46.738110+00:00,0,0,0,0,테라피골프 블로그,<b>손흥민</b>을 주축으로 이강인을 포함한 24명의 명단이 오늘 발표됐습니다. 전 세계의 강호들 사이에... #2026월드컵 #북중미월드컵 #대한민국축구대표팀 #월드컵일정 #<b>손흥민</b> #이강인 #김민재 #국가대표축구... ,"{""title"": ""⚽ 2026 북중미 월드컵 / 대한민국 대표팀 &quot;3경기 일정 및 최종... "", ""link"": ""https://blog.naver.com/therapygolf/224296585934"", ""description"": ""<b>손흥민</b>을 주축으로 이강인을 포함한 24명의 명단이 오늘 발표됐습니다. 전 세계의 강호들 사이에... #2026월드컵 #북중미월드컵 #대한민국축구대표팀 #월드컵일정 #<b>손흥민</b> #이강인 #김민재 #국가대표축구... "", ""bloggername"": ""테라피골프 블로그"", ""bloggerlink"": ""blog.naver.com/therapygolf"", ""postdate"": ""20260526""}"
손흥민,single_term_fallback,손흥민,<b>손흥민</b> LAFC 월드컵 전 마지막 경기 슈팅 7개 폭발 '골문만... ,https://blog.naver.com/seeon_diary/224296585209,20260526,우리 캡틴 <b>손흥민</b> 선수의 시원한 득점 소식을 손꼽아 기다리는 팬분들 참 많으시죠? 월드컵 합류 전... 슈팅 7개 폭격에도 열리지 않은 골문 <b>손흥민</b> 선수가 시애틀과의 홈경기에서 무려 7개의 슈팅을 쏟아내며... ,설키둥이,blog.naver.com/seeon_diary,naver_blog,손흥민,canonical,1.0,2026-05-26T11:52:46.738110+00:00,0,0,0,0,설키둥이,우리 캡틴 <b>손흥민</b> 선수의 시원한 득점 소식을 손꼽아 기다리는 팬분들 참 많으시죠? 월드컵 합류 전... 슈팅 7개 폭격에도 열리지 않은 골문 <b>손흥민</b> 선수가 시애틀과의 홈경기에서 무려 7개의 슈팅을 쏟아내며... ,"{""title"": ""<b>손흥민</b> LAFC 월드컵 전 마지막 경기 슈팅 7개 폭발 '골문만... "", ""link"": ""https://blog.naver.com/seeon_diary/224296585209"", ""description"": ""우리 캡틴 <b>손흥민</b> 선수의 시원한 득점 소식을 손꼽아 기다리는 팬분들 참 많으시죠? 월드컵 합류 전... 슈팅 7개 폭격에도 열리지 않은 골문 <b>손흥민</b> 선수가 시애틀과의 홈경기에서 무려 7개의 슈팅을 쏟아내며... "", ""bloggername"": ""설키둥이"", ""bloggerlink"": ""blog.naver.com/seeon_diary"", ""postdate"": ""20260526""}"
손흥민,single_term_fallback,손흥민,[공유] 드디어.....  탈출,https://blog.naver.com/organictips/224296580261,20260526,#<b>손흥민</b>,마음의 수를 씹는 브이로그,blog.naver.com/organictips,naver_blog,손흥민,canonical,1.0,2026-05-26T11:52:46.738110+00:00,0,0,0,0,마음의 수를 씹는 브이로그,#<b>손흥민</b>,"{""title"": ""[공유] 드디어.....  탈출"", ""link"": ""https://blog.naver.com/organictips/224296580261"", ""description"": ""#<b>손흥민</b>"", ""bloggername"": ""마음의 수를 씹는 브이로그"", ""bloggerlink"": ""blog.naver.com/organictips"", ""postdate"": ""20260526""}"
손흥민,single_term_fallback,손흥민,나만의 이야기- 안성시 돌봄 톡톡플러스지역아동센터,https://blog.naver.com/talktlakplus/224296575974,20260526,조병화문학관 #안성시아동돌봄 #안성시돌봄교실 #안성시지역아동센터 #공도초등학교 #안성시초등학교 #자율활동 #한국지역아동연합회 #리틀<b>손흥민</b> #배드민턴 #안세영 #<b>손흥민</b> #리틀<b>손흥민</b> #문학 #나만의이야기,talktlakplus 지역아동센터,blog.naver.com/talktlakplus,naver_blog,손흥민,canonical,1.0,2026-05-26T11:52:46.738110+00:00,0,0,0,0,talktlakplus 지역아동센터,조병화문학관 #안성시아동돌봄 #안성시돌봄교실 #안성시지역아동센터 #공도초등학교 #안성시초등학교 #자율활동 #한국지역아동연합회 #리틀<b>손흥민</b> #배드민턴 #안세영 #<b>손흥민</b> #리틀<b>손흥민</b> #문학 #나만의이야기,"{""title"": ""나만의 이야기- 안성시 돌봄 톡톡플러스지역아동센터"", ""link"": ""https://blog.naver.com/talktlakplus/224296575974"", ""description"": ""조병화문학관 #안성시아동돌봄 #안성시돌봄교실 #안성시지역아동센터 #공도초등학교 #안성시초등학교 #자율활동 #한국지역아동연합회 #리틀<b>손흥민</b> #배드민턴 #안세영 #<b>손흥민</b> #리틀<b>손흥민</b> #문학 #나만의이야기"", ""bloggername"": ""talktlakplus 지역아동센터"", ""bloggerlink"": ""blog.naver.com/talktlakplus"", ""postdate"": ""20260526""}"
손흥민,single_term_fallback,손흥민,[긴급/단독] &quot;아침 10시에 맥주 마실 건가요?&quot; 2026 FIFA... ,https://blog.naver.com/jinsungcall/224296576713,20260526,"이 절묘한 시간에 <b>손흥민</b>, 이강인 선수가 그라운드를 뜁니다. 결국 대규모 집단 응원은 사실상... 하지만 스마트폰 화면으로든 대형 스크린으로든, 혹은 라디오 주파수를 통해서든 <b>손흥민</b> 선수의 발끝에... ",진성님의블로그,blog.naver.com/jinsungcall,naver_blog,손흥민,canonical,1.0,2026-05-26T11:52:46.738110+00:00,0,0,0,0,진성님의블로그,"이 절묘한 시간에 <b>손흥민</b>, 이강인 선수가 그라운드를 뜁니다. 결국 대규모 집단 응원은 사실상... 하지만 스마트폰 화면으로든 대형 스크린으로든, 혹은 라디오 주파수를 통해서든 <b>손흥민</b> 선수의 발끝에... ","{""title"": ""[긴급/단독] &quot;아침 10시에 맥주 마실 건가요?&quot; 2026 FIFA... "", ""link"": ""https://blog.naver.com/jinsungcall/224296576713"", ""description"": ""이 절묘한 시간에 <b>손흥민</b>, 이강인 선수가 그라운드를 뜁니다. 결국 대규모 집단 응원은 사실상... 하지만 스마트폰 화면으로든 대형 스크린으로든, 혹은 라디오 주파수를 통해서든 <b>손흥민</b> 선수의 발끝에... "", ""bloggername"": ""진성님의블로그"", ""bloggerlink"": ""blog.naver.com/jinsungcall"", ""postdate"": ""20260526""}"
손흥민,single_term_fallback,손흥민,<b>손흥민</b> 원형 탈모  팬들 가슴 찢어진 진짜 이유와 스트레스 경고... ,https://blog.naver.com/cynicaljyp/224296223054,20260526,"<b>손흥민</b> 선수 머리에 빈 부분처럼 보이는 장면이 카메라에 잡혔거든요. 늘 웃고  씩씩하게 인터뷰하던 모습만 보다가 갑자기 현실적인 흔적이 보이니 글쎄요, 동정심이 드는 건 저뿐인가요? 특히  요즘 <b>손흥민</b>... ",Made by. cynical_J,blog.naver.com/cynicaljyp,naver_blog,손흥민,canonical,1.0,2026-05-26T11:52:46.738110+00:00,0,0,0,0,Made by. cynical_J,"<b>손흥민</b> 선수 머리에 빈 부분처럼 보이는 장면이 카메라에 잡혔거든요. 늘 웃고  씩씩하게 인터뷰하던 모습만 보다가 갑자기 현실적인 흔적이 보이니 글쎄요, 동정심이 드는 건 저뿐인가요? 특히  요즘 <b>손흥민</b>... ","{""title"": ""<b>손흥민</b> 원형 탈모  팬들 가슴 찢어진 진짜 이유와 스트레스 경고... "", ""link"": ""https://blog.naver.com/cynicaljyp/224296223054"", ""description"": ""<b>손흥민</b> 선수 머리에 빈 부분처럼 보이는 장면이 카메라에 잡혔거든요. 늘 웃고  씩씩하게 인터뷰하던 모습만 보다가 갑자기 현실적인 흔적이 보이니 글쎄요, 동정심이 드는 건 저뿐인가요? 특히  요즘 <b>손흥민</b>... "", ""bloggername"": ""Made by. cynical_J"", ""bloggerlink"": ""blog.naver.com/cynicaljyp"", ""postdate"": ""20260526""}"
손흥민,single_term_fallback,손흥민,2025 베스트 풋볼러 인 아시아 <b>손흥민</b> 수상,https://blog.naver.com/boma214/224296561024,20260526,,off the record,blog.naver.com/boma214,naver_blog,손흥민,canonical,1.0,2026-05-26T11:52:46.738110+00:00,0,0,0,0,off the record,,"{""title"": ""2025 베스트 풋볼러 인 아시아 <b>손흥민</b> 수상"", ""link"": ""https://blog.naver.com/boma214/224296561024"", ""description"": """", ""bloggername"": ""off the record"", ""bloggerlink"": ""blog.naver.com/boma214"", ""postdate"": ""20260526""}"
손흥민,single_term_fallback,손흥민,<b>손흥민</b>이 역습 상황에서 무서운 이유,https://blog.naver.com/hidden_gym/224296553312,20260526,바로 “<b>손흥민</b>은 왜 역습 상황에서 무서울까?” 에 대해서 알아보겠습니다  <b>손흥민</b> 선수는 프리미어 리그에서도 역습 상황이 가장 위협적인 선수 중 한 명으로 평가받고 있습니다  상대 수비 입장에서는... ,히든짐의 블로그,blog.naver.com/hidden_gym,naver_blog,손흥민,canonical,1.0,2026-05-26T11:52:46.738110+00:00,0,0,0,0,히든짐의 블로그,바로 “<b>손흥민</b>은 왜 역습 상황에서 무서울까?” 에 대해서 알아보겠습니다  <b>손흥민</b> 선수는 프리미어 리그에서도 역습 상황이 가장 위협적인 선수 중 한 명으로 평가받고 있습니다  상대 수비 입장에서는... ,"{""title"": ""<b>손흥민</b>이 역습 상황에서 무서운 이유"", ""link"": ""https://blog.naver.com/hidden_gym/224296553312"", ""description"": ""바로 “<b>손흥민</b>은 왜 역습 상황에서 무서울까?” 에 대해서 알아보겠습니다  <b>손흥민</b> 선수는 프리미어 리그에서도 역습 상황이 가장 위협적인 선수 중 한 명으로 평가받고 있습니다  상대 수비 입장에서는... "", ""bloggername"": ""히든짐의 블로그"", ""bloggerlink"": ""blog.naver.com/hidden_gym"", ""postdate"": ""20260526""}"
손흥민,single_term_fallback,손흥민,20260525 월요일JTBC뉴스룸(오대영&amp;이수진),https://blog.naver.com/donelly/224296551738,20260526,": 권향엽SNS(짤)형광펜 [SPORTS] 이수빈 ‘등번호 생긴’ 기세등등 오현규 합류 <b>손흥민</b>, 중압감에 탈모?…“능력 어디 안 가” 메시 “나 좀 빼줘요” 자진 교체 “강등 면했다” 씁쓸한 환호 NBA 버저비터? 2m... ",RoadStreet(길가),blog.naver.com/donelly,naver_blog,손흥민,canonical,1.0,2026-05-26T11:52:46.738110+00:00,0,0,0,0,RoadStreet(길가),": 권향엽SNS(짤)형광펜 [SPORTS] 이수빈 ‘등번호 생긴’ 기세등등 오현규 합류 <b>손흥민</b>, 중압감에 탈모?…“능력 어디 안 가” 메시 “나 좀 빼줘요” 자진 교체 “강등 면했다” 씁쓸한 환호 NBA 버저비터? 2m... ","{""title"": ""20260525 월요일JTBC뉴스룸(오대영&amp;이수진)"", ""link"": ""https://blog.naver.com/donelly/224296551738"", ""description"": "": 권향엽SNS(짤)형광펜 [SPORTS] 이수빈 ‘등번호 생긴’ 기세등등 오현규 합류 <b>손흥민</b>, 중압감에 탈모?…“능력 어디 안 가” 메시 “나 좀 빼줘요” 자진 교체 “강등 면했다” 씁쓸한 환호 NBA 버저비터? 2m... "", ""bloggername"": ""RoadStreet(길가)"", ""bloggerlink"": ""blog.naver.com/donelly"", ""postdate"": ""20260526""}"
손흥민,single_term_fallback,손흥민,가정의 달 활동 추천! 꽃 만들기- 안성시 돌봄... ,https://blog.naver.com/talktlakplus/224296550077,20260526,안성시아동돌봄 #안성시돌봄교실 #안성시지역아동센터 #공도초등학교 #안성시초등학교 #자율활동 #한국지역아동연합회 #리틀<b>손흥민</b> #배드민턴 #안세영 #<b>손흥민</b> #리틀<b>손흥민</b> #가정의달 #미술활동 #꽃만들기,talktlakplus 지역아동센터,blog.naver.com/talktlakplus,naver_blog,손흥민,canonical,1.0,2026-05-26T11:52:46.738110+00:00,0,0,0,0,talktlakplus 지역아동센터,안성시아동돌봄 #안성시돌봄교실 #안성시지역아동센터 #공도초등학교 #안성시초등학교 #자율활동 #한국지역아동연합회 #리틀<b>손흥민</b> #배드민턴 #안세영 #<b>손흥민</b> #리틀<b>손흥민</b> #가정의달 #미술활동 #꽃만들기,"{""title"": ""가정의 달 활동 추천! 꽃 만들기- 안성시 돌봄... "", ""link"": ""https://blog.naver.com/talktlakplus/224296550077"", ""description"": ""안성시아동돌봄 #안성시돌봄교실 #안성시지역아동센터 #공도초등학교 #안성시초등학교 #자율활동 #한국지역아동연합회 #리틀<b>손흥민</b> #배드민턴 #안세영 #<b>손흥민</b> #리틀<b>손흥민</b> #가정의달 #미술활동 #꽃만들기"", ""bloggername"": ""talktlakplus 지역아동센터"", ""bloggerlink"": ""blog.naver.com/talktlakplus"", ""postdate"": ""20260526""}"
손흥민,single_term_fallback,손흥민,"<b>손흥민</b>, 스트레스성 원형 탈모 논란",https://blog.naver.com/kimjaetech/224296519371,20260526,최근 시애틀과의 경기에서 원형탈모로 보이는 화면이 이슈가 되었는데 이에 직접 SNS에 탈모 아니라고 밝혔으나 과거 한때 극심한 스트레스로 원형 탈모 겪었던 <b>손흥민</b> 모습 최근 LAFC에서의 부진한 모습과... ,집으로 가는 길,blog.naver.com/kimjaetech,naver_blog,손흥민,canonical,1.0,2026-05-26T11:52:46.738110+00:00,0,0,0,0,집으로 가는 길,최근 시애틀과의 경기에서 원형탈모로 보이는 화면이 이슈가 되었는데 이에 직접 SNS에 탈모 아니라고 밝혔으나 과거 한때 극심한 스트레스로 원형 탈모 겪었던 <b>손흥민</b> 모습 최근 LAFC에서의 부진한 모습과... ,"{""title"": ""<b>손흥민</b>, 스트레스성 원형 탈모 논란"", ""link"": ""https://blog.naver.com/kimjaetech/224296519371"", ""description"": ""최근 시애틀과의 경기에서 원형탈모로 보이는 화면이 이슈가 되었는데 이에 직접 SNS에 탈모 아니라고 밝혔으나 과거 한때 극심한 스트레스로 원형 탈모 겪었던 <b>손흥민</b> 모습 최근 LAFC에서의 부진한 모습과... "", ""bloggername"": ""집으로 가는 길"", ""bloggerlink"": ""blog.naver.com/kimjaetech"", ""postdate"": ""20260526""}"
손흥민,single_term_fallback,손흥민,2026 월드컵 일정 한국 체코 1차전 경기 시간 및 전력 분석... ,https://blog.naver.com/lovesoung_/224296538884,20260526,"이는 <b>손흥민</b> 선수의 저돌적인 왼쪽 측면 돌파가 가장 효과적인 공격 옵션이 될 수 있다는 의미이기도... <b>손흥민</b>, 이강인 선수의 빠르고 유기적인 콤비 플레이가 체코의 단단한 오른쪽 수비진을 허물어뜨리는... ",나무들의숲,blog.naver.com/lovesoung_,naver_blog,손흥민,canonical,1.0,2026-05-26T11:52:46.738110+00:00,0,0,0,0,나무들의숲,"이는 <b>손흥민</b> 선수의 저돌적인 왼쪽 측면 돌파가 가장 효과적인 공격 옵션이 될 수 있다는 의미이기도... <b>손흥민</b>, 이강인 선수의 빠르고 유기적인 콤비 플레이가 체코의 단단한 오른쪽 수비진을 허물어뜨리는... ","{""title"": ""2026 월드컵 일정 한국 체코 1차전 경기 시간 및 전력 분석... "", ""link"": ""https://blog.naver.com/lovesoung_/224296538884"", ""description"": ""이는 <b>손흥민</b> 선수의 저돌적인 왼쪽 측면 돌파가 가장 효과적인 공격 옵션이 될 수 있다는 의미이기도... <b>손흥민</b>, 이강인 선수의 빠르고 유기적인 콤비 플레이가 체코의 단단한 오른쪽 수비진을 허물어뜨리는... "", ""bloggername"": ""나무들의숲"", ""bloggerlink"": ""blog.naver.com/lovesoung_"", ""postdate"": ""20260526""}"
손흥민,single_term_fallback,손흥민,"<b>손흥민</b> 원형탈모 논란, &quot;스트레스받을 일이 없어요, 월드컵 때... ",https://blog.naver.com/mtguide1/224296536861,20260526,<b>손흥민</b>의 원형탈모설이 해프닝으로 마무리되는 분위기입니다. <b>손흥민</b> 탈모설은 미국 MLS 경기 중 중계화면에 <b>손흥민</b>의 뒤통수 일부가 비어 보이는 장면이 포착되면서 시작됐고 시즌 내내 득점 부진과 월드컵... ,먹튀가이드의 실시간 스포츠 뉴스 및 꿀 정보,blog.naver.com/mtguide1,naver_blog,손흥민,canonical,1.0,2026-05-26T11:52:46.738110+00:00,0,0,0,0,먹튀가이드의 실시간 스포츠 뉴스 및 꿀 정보,<b>손흥민</b>의 원형탈모설이 해프닝으로 마무리되는 분위기입니다. <b>손흥민</b> 탈모설은 미국 MLS 경기 중 중계화면에 <b>손흥민</b>의 뒤통수 일부가 비어 보이는 장면이 포착되면서 시작됐고 시즌 내내 득점 부진과 월드컵... ,"{""title"": ""<b>손흥민</b> 원형탈모 논란, &quot;스트레스받을 일이 없어요, 월드컵 때... "", ""link"": ""https://blog.naver.com/mtguide1/224296536861"", ""description"": ""<b>손흥민</b>의 원형탈모설이 해프닝으로 마무리되는 분위기입니다. <b>손흥민</b> 탈모설은 미국 MLS 경기 중 중계화면에 <b>손흥민</b>의 뒤통수 일부가 비어 보이는 장면이 포착되면서 시작됐고 시즌 내내 득점 부진과 월드컵... "", ""bloggername"": ""먹튀가이드의 실시간 스포츠 뉴스 및 꿀 정보"", ""bloggerlink"": ""blog.naver.com/mtguide1"", ""postdate"": ""20260526""}"
손흥민,single_term_fallback,손흥민,바쁘다 바뻐 일본 여행 - 고베 편,https://blog.naver.com/hwangyy1113/224296529217,20260526,<b>손흥민</b> 있으면 채은이꺼 하나 사려고 했는데 <b>손흥민</b>도 없었음 ㅜㅜ(혐한인가) 근데 토트넘 선수들은 몇 장 있길래 전화걸어서 얘가좋아 쟤가좋아? 하다가 제일 좋다는 해리케인 카드 하나 삼 어케 야구선수... ,파란 하늘 모래 위에서,blog.naver.com/hwangyy1113,naver_blog,손흥민,canonical,1.0,2026-05-26T11:52:46.738110+00:00,0,0,0,0,파란 하늘 모래 위에서,<b>손흥민</b> 있으면 채은이꺼 하나 사려고 했는데 <b>손흥민</b>도 없었음 ㅜㅜ(혐한인가) 근데 토트넘 선수들은 몇 장 있길래 전화걸어서 얘가좋아 쟤가좋아? 하다가 제일 좋다는 해리케인 카드 하나 삼 어케 야구선수... ,"{""title"": ""바쁘다 바뻐 일본 여행 - 고베 편"", ""link"": ""https://blog.naver.com/hwangyy1113/224296529217"", ""description"": ""<b>손흥민</b> 있으면 채은이꺼 하나 사려고 했는데 <b>손흥민</b>도 없었음 ㅜㅜ(혐한인가) 근데 토트넘 선수들은 몇 장 있길래 전화걸어서 얘가좋아 쟤가좋아? 하다가 제일 좋다는 해리케인 카드 하나 삼 어케 야구선수... "", ""bloggername"": ""파란 하늘 모래 위에서"", ""bloggerlink"": ""blog.naver.com/hwangyy1113"", ""postdate"": ""20260526""}"
손흥민,single_term_fallback,손흥민,2026년 5월 26일 화요일 · 스포츠,https://blog.naver.com/dabong0707/224296525349,20260526,<b>손흥민</b>을 비롯한 유럽파 선수들 역시 시즌 종료 이후 체력 회복과 대표팀 합류 여부가 중요한 관심사로... #오늘스포츠 #스포츠뉴스 #스포츠브리핑 #KBO #프로야구 #<b>손흥민</b> #유럽축구 #대표팀 #KBL #프로농구... ,다봉이네 사진가게,blog.naver.com/dabong0707,naver_blog,손흥민,canonical,1.0,2026-05-26T11:52:46.738110+00:00,0,0,0,0,다봉이네 사진가게,<b>손흥민</b>을 비롯한 유럽파 선수들 역시 시즌 종료 이후 체력 회복과 대표팀 합류 여부가 중요한 관심사로... #오늘스포츠 #스포츠뉴스 #스포츠브리핑 #KBO #프로야구 #<b>손흥민</b> #유럽축구 #대표팀 #KBL #프로농구... ,"{""title"": ""2026년 5월 26일 화요일 · 스포츠"", ""link"": ""https://blog.naver.com/dabong0707/224296525349"", ""description"": ""<b>손흥민</b>을 비롯한 유럽파 선수들 역시 시즌 종료 이후 체력 회복과 대표팀 합류 여부가 중요한 관심사로... #오늘스포츠 #스포츠뉴스 #스포츠브리핑 #KBO #프로야구 #<b>손흥민</b> #유럽축구 #대표팀 #KBL #프로농구... "", ""bloggername"": ""다봉이네 사진가게"", ""bloggerlink"": ""blog.naver.com/dabong0707"", ""postdate"": ""20260526""}"
손흥민,single_term_fallback,손흥민,<b>손흥민</b>중계시청완벽가이드분석OTT플랫폼비교와전문가해설,https://blog.naver.com/ckdgh852/224296421934,20260526,"<b>손흥민</b>중계시청완벽가이드분석OTT플랫폼비교와전문가해설 <b>손흥민</b> 중계 시청 핵심 구조 분석 <b>손흥민</b> 중계는 단순한 경기 시청을 넘어 실시간 데이터, 해설, 화질 안정성이 핵심 요소로 작용합니다.전문가... ",바쁜 일상 속 소소한 기록을 담는 느낌,blog.naver.com/ckdgh852,naver_blog,손흥민,canonical,1.0,2026-05-26T11:52:46.738110+00:00,0,0,0,0,바쁜 일상 속 소소한 기록을 담는 느낌,"<b>손흥민</b>중계시청완벽가이드분석OTT플랫폼비교와전문가해설 <b>손흥민</b> 중계 시청 핵심 구조 분석 <b>손흥민</b> 중계는 단순한 경기 시청을 넘어 실시간 데이터, 해설, 화질 안정성이 핵심 요소로 작용합니다.전문가... ","{""title"": ""<b>손흥민</b>중계시청완벽가이드분석OTT플랫폼비교와전문가해설"", ""link"": ""https://blog.naver.com/ckdgh852/224296421934"", ""description"": ""<b>손흥민</b>중계시청완벽가이드분석OTT플랫폼비교와전문가해설 <b>손흥민</b> 중계 시청 핵심 구조 분석 <b>손흥민</b> 중계는 단순한 경기 시청을 넘어 실시간 데이터, 해설, 화질 안정성이 핵심 요소로 작용합니다.전문가... "", ""bloggername"": ""바쁜 일상 속 소소한 기록을 담는 느낌"", ""bloggerlink"": ""blog.naver.com/ckdgh852"", ""postdate"": ""20260526""}"
손흥민,single_term_fallback,손흥민,뒤늦게라도 꼭 부자되는 사람들의 공통점 3가지,https://blog.naver.com/satine0826/224296518869,20260526,"&quot; &quot; 꾸준함은 모든 것을 이긴다 <b>손흥민</b> 선수 드리블 연습 장면 _ 엑스포츠(2013) 성공은 홈런처럼 한 방에... <b>손흥민</b> 선수가 월드클래스임에도 기본기 연습을 하루에 2~3시간씩 하는 것, 피겨퀸 김연아 선수 또한... ",재테크하는 영어쌤 Jane _ 책읽는 문구덕후,blog.naver.com/satine0826,naver_blog,손흥민,canonical,1.0,2026-05-26T11:52:46.738110+00:00,0,0,0,0,재테크하는 영어쌤 Jane _ 책읽는 문구덕후,"&quot; &quot; 꾸준함은 모든 것을 이긴다 <b>손흥민</b> 선수 드리블 연습 장면 _ 엑스포츠(2013) 성공은 홈런처럼 한 방에... <b>손흥민</b> 선수가 월드클래스임에도 기본기 연습을 하루에 2~3시간씩 하는 것, 피겨퀸 김연아 선수 또한... ","{""title"": ""뒤늦게라도 꼭 부자되는 사람들의 공통점 3가지"", ""link"": ""https://blog.naver.com/satine0826/224296518869"", ""description"": ""&quot; &quot; 꾸준함은 모든 것을 이긴다 <b>손흥민</b> 선수 드리블 연습 장면 _ 엑스포츠(2013) 성공은 홈런처럼 한 방에... <b>손흥민</b> 선수가 월드클래스임에도 기본기 연습을 하루에 2~3시간씩 하는 것, 피겨퀸 김연아 선수 또한... "", ""bloggername"": ""재테크하는 영어쌤 Jane _ 책읽는 문구덕후"", ""bloggerlink"": ""blog.naver.com/satine0826"", ""postdate"": ""20260526""}"
손흥민,single_term_fallback,손흥민,2026 월드컵에 로봇이 등판한다? 현대차 아틀라스 축구 학습... ,https://blog.naver.com/wj2517/224296518823,20260526,"화면 속에는 펠레, 메시, <b>손흥민</b> 등 시대를 풍미한 전설적인 축구 선수들의 역동적인 경기 장면과... 메시 #<b>손흥민</b> #펠레 #미래기술 #로보틱스 #IT트렌드 #팩트체크 #신기술 #유튜브쇼츠 #제이레포츠TV... ",제이 레포츠TV,blog.naver.com/wj2517,naver_blog,손흥민,canonical,1.0,2026-05-26T11:52:46.738110+00:00,0,0,0,0,제이 레포츠TV,"화면 속에는 펠레, 메시, <b>손흥민</b> 등 시대를 풍미한 전설적인 축구 선수들의 역동적인 경기 장면과... 메시 #<b>손흥민</b> #펠레 #미래기술 #로보틱스 #IT트렌드 #팩트체크 #신기술 #유튜브쇼츠 #제이레포츠TV... ","{""title"": ""2026 월드컵에 로봇이 등판한다? 현대차 아틀라스 축구 학습... "", ""link"": ""https://blog.naver.com/wj2517/224296518823"", ""description"": ""화면 속에는 펠레, 메시, <b>손흥민</b> 등 시대를 풍미한 전설적인 축구 선수들의 역동적인 경기 장면과... 메시 #<b>손흥민</b> #펠레 #미래기술 #로보틱스 #IT트렌드 #팩트체크 #신기술 #유튜브쇼츠 #제이레포츠TV... "", ""bloggername"": ""제이 레포츠TV"", ""bloggerlink"": ""blog.naver.com/wj2517"", ""postdate"": ""20260526""}"
손흥민,single_term_fallback,손흥민,오늘의 경제 흐름 5분 컷 정리 (한국경제 많이 본 뉴스... ,https://blog.naver.com/ms_venture/224296517666,20260526,"ntype=RANKING 7등 <b>손흥민</b> &quot;스트레스 받을 일 없어&quot; 해명…원형탈모 뭐길래 ⚽ <b>손흥민</b>이 경기 중 포착된 뒷머리 장면으로 원형탈모 루머가 퍼지자 직접 SNS를 통해 “원형 탈모 아니다, 스트레스... ",노출연구소,blog.naver.com/ms_venture,naver_blog,손흥민,canonical,1.0,2026-05-26T11:52:46.738110+00:00,0,0,0,0,노출연구소,"ntype=RANKING 7등 <b>손흥민</b> &quot;스트레스 받을 일 없어&quot; 해명…원형탈모 뭐길래 ⚽ <b>손흥민</b>이 경기 중 포착된 뒷머리 장면으로 원형탈모 루머가 퍼지자 직접 SNS를 통해 “원형 탈모 아니다, 스트레스... ","{""title"": ""오늘의 경제 흐름 5분 컷 정리 (한국경제 많이 본 뉴스... "", ""link"": ""https://blog.naver.com/ms_venture/224296517666"", ""description"": ""ntype=RANKING 7등 <b>손흥민</b> &quot;스트레스 받을 일 없어&quot; 해명…원형탈모 뭐길래 ⚽ <b>손흥민</b>이 경기 중 포착된 뒷머리 장면으로 원형탈모 루머가 퍼지자 직접 SNS를 통해 “원형 탈모 아니다, 스트레스... "", ""bloggername"": ""노출연구소"", ""bloggerlink"": ""blog.naver.com/ms_venture"", ""postdate"": ""20260526""}"
손흥민,single_term_fallback,손흥민,2026 F I FA 북 중 미 월드컵 대한민국 대표팀 26인 최종... ,https://sskn.tistory.com/4009,20260526,"<b>손흥민</b>을 중심으로 김민재, 이강인 등 유럽 빅리그에서 활약하는 스타 플레이어들이 대거 포함되어... **공격수 (3명)** <b>손흥민</b> (LA FC) - 팀 주장으로서 리더십과 득점 본능을 발휘할 캡틴. 오현규 (베식타스)... ",광고는 힘 누를까 ? !,https://sskn.tistory.com/,naver_blog,손흥민,canonical,1.0,2026-05-26T11:52:46.738110+00:00,0,0,0,0,광고는 힘 누를까 ? !,"<b>손흥민</b>을 중심으로 김민재, 이강인 등 유럽 빅리그에서 활약하는 스타 플레이어들이 대거 포함되어... **공격수 (3명)** <b>손흥민</b> (LA FC) - 팀 주장으로서 리더십과 득점 본능을 발휘할 캡틴. 오현규 (베식타스)... ","{""title"": ""2026 F I FA 북 중 미 월드컵 대한민국 대표팀 26인 최종... "", ""link"": ""https://sskn.tistory.com/4009"", ""description"": ""<b>손흥민</b>을 중심으로 김민재, 이강인 등 유럽 빅리그에서 활약하는 스타 플레이어들이 대거 포함되어... **공격수 (3명)** <b>손흥민</b> (LA FC) - 팀 주장으로서 리더십과 득점 본능을 발휘할 캡틴. 오현규 (베식타스)... "", ""bloggername"": ""광고는 힘 누를까 ? !"", ""bloggerlink"": ""https://sskn.tistory.com/"", ""postdate"": ""20260526""}"
손흥민,single_term_fallback,손흥민,[오늘의 주요 뉴스] 2026년 5월 26일,https://blog.naver.com/gsp2013/224296508688,20260526,감독이 <b>손흥민</b>·이강인·김민재 등이 포함된 최종 26인 명단을 확정하고 본격 담금질에 들어갔습니다. 주장 <b>손흥민</b>은 소속팀 이적 후에도 변함없는 활약을 이어가며 대표팀의 구심점 역할을 맡고 있습니다.... ,지에스피 배대지,blog.naver.com/gsp2013,naver_blog,손흥민,canonical,1.0,2026-05-26T11:52:46.738110+00:00,0,0,0,0,지에스피 배대지,감독이 <b>손흥민</b>·이강인·김민재 등이 포함된 최종 26인 명단을 확정하고 본격 담금질에 들어갔습니다. 주장 <b>손흥민</b>은 소속팀 이적 후에도 변함없는 활약을 이어가며 대표팀의 구심점 역할을 맡고 있습니다.... ,"{""title"": ""[오늘의 주요 뉴스] 2026년 5월 26일"", ""link"": ""https://blog.naver.com/gsp2013/224296508688"", ""description"": ""감독이 <b>손흥민</b>·이강인·김민재 등이 포함된 최종 26인 명단을 확정하고 본격 담금질에 들어갔습니다. 주장 <b>손흥민</b>은 소속팀 이적 후에도 변함없는 활약을 이어가며 대표팀의 구심점 역할을 맡고 있습니다.... "", ""bloggername"": ""지에스피 배대지"", ""bloggerlink"": ""blog.naver.com/gsp2013"", ""postdate"": ""20260526""}"
손흥민,single_term_fallback,손흥민,&quot;탈모샴푸로도 막을 수 없었던..&quot; <b>손흥민</b> 원형탈모 근황,https://blog.naver.com/kiddy28/224296332711,20260526,"MLS 리그 12경기째 무득점 사슬을 끊지 못하고있는 <b>손흥민</b>인데요. 새로 부임한 LAFC 감독의 <b>손흥민</b> 아묻따 미드 보내기, 답이 없는 국대 경기력 등 스트레스거리가 한가득이라 초상집 울상 표정이 카메라에 자주... ",녜지니 뷰티패션일기장,blog.naver.com/kiddy28,naver_blog,손흥민,canonical,1.0,2026-05-26T11:52:46.738110+00:00,0,0,0,0,녜지니 뷰티패션일기장,"MLS 리그 12경기째 무득점 사슬을 끊지 못하고있는 <b>손흥민</b>인데요. 새로 부임한 LAFC 감독의 <b>손흥민</b> 아묻따 미드 보내기, 답이 없는 국대 경기력 등 스트레스거리가 한가득이라 초상집 울상 표정이 카메라에 자주... ","{""title"": ""&quot;탈모샴푸로도 막을 수 없었던..&quot; <b>손흥민</b> 원형탈모 근황"", ""link"": ""https://blog.naver.com/kiddy28/224296332711"", ""description"": ""MLS 리그 12경기째 무득점 사슬을 끊지 못하고있는 <b>손흥민</b>인데요. 새로 부임한 LAFC 감독의 <b>손흥민</b> 아묻따 미드 보내기, 답이 없는 국대 경기력 등 스트레스거리가 한가득이라 초상집 울상 표정이 카메라에 자주... "", ""bloggername"": ""녜지니 뷰티패션일기장"", ""bloggerlink"": ""blog.naver.com/kiddy28"", ""postdate"": ""20260526""}"
손흥민,single_term_fallback,손흥민,<b>손흥민</b> 원형탈모 해명 직접 밝혔다…월드컵 앞두고 팬들... ,https://blog.naver.com/elwjtmxm/224296409590,20260526,최근 온라인 커뮤니티를 중심으로 <b>손흥민</b> 원형탈모 이야기가 빠르게 퍼지면서 팬들 사이에서도 걱정이... 그런데 <b>손흥민</b>이 직접 SNS를 통해 바로 해명에 나서며 분위기가 정리되는 모습입니다. 괜히 팬들만 더... ,지금까지,blog.naver.com/elwjtmxm,naver_blog,손흥민,canonical,1.0,2026-05-26T11:52:46.738110+00:00,0,0,0,0,지금까지,최근 온라인 커뮤니티를 중심으로 <b>손흥민</b> 원형탈모 이야기가 빠르게 퍼지면서 팬들 사이에서도 걱정이... 그런데 <b>손흥민</b>이 직접 SNS를 통해 바로 해명에 나서며 분위기가 정리되는 모습입니다. 괜히 팬들만 더... ,"{""title"": ""<b>손흥민</b> 원형탈모 해명 직접 밝혔다…월드컵 앞두고 팬들... "", ""link"": ""https://blog.naver.com/elwjtmxm/224296409590"", ""description"": ""최근 온라인 커뮤니티를 중심으로 <b>손흥민</b> 원형탈모 이야기가 빠르게 퍼지면서 팬들 사이에서도 걱정이... 그런데 <b>손흥민</b>이 직접 SNS를 통해 바로 해명에 나서며 분위기가 정리되는 모습입니다. 괜히 팬들만 더... "", ""bloggername"": ""지금까지"", ""bloggerlink"": ""blog.naver.com/elwjtmxm"", ""postdate"": ""20260526""}"
손흥민,single_term_fallback,손흥민,“축구를 안 보는 게 아니었다”…사람들이 월드컵에 예전처럼... ,https://blog.naver.com/nokno_/224295685857,20260526,<b>손흥민</b> 울고. 거리응원 살아나면. 갑자기 분위기 폭발합니다. 결국 한국 축구는 관심이 사라진 게 아닙니다. 팬들이 쉽게 마음을 안 주는 상태에 가까운 거죠. 그래서 오히려. 이번 월드컵에서 진짜 분위기를... ,매치톡,blog.naver.com/nokno_,naver_blog,손흥민,canonical,1.0,2026-05-26T11:52:46.738110+00:00,0,0,0,0,매치톡,<b>손흥민</b> 울고. 거리응원 살아나면. 갑자기 분위기 폭발합니다. 결국 한국 축구는 관심이 사라진 게 아닙니다. 팬들이 쉽게 마음을 안 주는 상태에 가까운 거죠. 그래서 오히려. 이번 월드컵에서 진짜 분위기를... ,"{""title"": ""“축구를 안 보는 게 아니었다”…사람들이 월드컵에 예전처럼... "", ""link"": ""https://blog.naver.com/nokno_/224295685857"", ""description"": ""<b>손흥민</b> 울고. 거리응원 살아나면. 갑자기 분위기 폭발합니다. 결국 한국 축구는 관심이 사라진 게 아닙니다. 팬들이 쉽게 마음을 안 주는 상태에 가까운 거죠. 그래서 오히려. 이번 월드컵에서 진짜 분위기를... "", ""bloggername"": ""매치톡"", ""bloggerlink"": ""blog.naver.com/nokno_"", ""postdate"": ""20260526""}"
손흥민,single_term_fallback,손흥민,잔류는 했지만 자존심은 무너졌다…토트넘 팬들 결국 분노... ,https://blog.naver.com/asj1875/224296484866,20260526,일부 팬들은 <b>손흥민</b> 같은 핵심 선수 커리어까지 걱정하는 분위기입니다.  반면 이번 위기가 오히려... naver.com/asj1875/224290759869 #토트넘 #<b>손흥민</b> #프리미어리그 #EPL #해외축구 #축구 #kbo #스포츠 #큐레이터린,스포츠 큐레이터 린,blog.naver.com/asj1875,naver_blog,손흥민,canonical,1.0,2026-05-26T11:52:46.738110+00:00,0,0,0,0,스포츠 큐레이터 린,일부 팬들은 <b>손흥민</b> 같은 핵심 선수 커리어까지 걱정하는 분위기입니다.  반면 이번 위기가 오히려... naver.com/asj1875/224290759869 #토트넘 #<b>손흥민</b> #프리미어리그 #EPL #해외축구 #축구 #kbo #스포츠 #큐레이터린,"{""title"": ""잔류는 했지만 자존심은 무너졌다…토트넘 팬들 결국 분노... "", ""link"": ""https://blog.naver.com/asj1875/224296484866"", ""description"": ""일부 팬들은 <b>손흥민</b> 같은 핵심 선수 커리어까지 걱정하는 분위기입니다.  반면 이번 위기가 오히려... naver.com/asj1875/224290759869 #토트넘 #<b>손흥민</b> #프리미어리그 #EPL #해외축구 #축구 #kbo #스포츠 #큐레이터린"", ""bloggername"": ""스포츠 큐레이터 린"", ""bloggerlink"": ""blog.naver.com/asj1875"", ""postdate"": ""20260526""}"
손흥민,single_term_fallback,손흥민,토트넘 에버튼 38R 승부예측 프리미어리그 최종전 <b>손흥민</b>... ,https://blog.naver.com/bloomingdeals/224296452567,20260526,"<b>손흥민</b> 선수가 과연 마지막 경기에서 어떤 드라마를 써 내려갈지, 그리고 양 팀의 자존심 대결은 어떻게... 캡틴 <b>손흥민</b>의 마지막 한 방 우리의 캡틴 <b>손흥민</b> 선수를 빼놓고 이야기할 수 없죠. 시즌 내내 팀의... ",OLD FRIEND'S 블로그,blog.naver.com/bloomingdeals,naver_blog,손흥민,canonical,1.0,2026-05-26T11:52:46.738110+00:00,0,0,0,0,OLD FRIEND'S 블로그,"<b>손흥민</b> 선수가 과연 마지막 경기에서 어떤 드라마를 써 내려갈지, 그리고 양 팀의 자존심 대결은 어떻게... 캡틴 <b>손흥민</b>의 마지막 한 방 우리의 캡틴 <b>손흥민</b> 선수를 빼놓고 이야기할 수 없죠. 시즌 내내 팀의... ","{""title"": ""토트넘 에버튼 38R 승부예측 프리미어리그 최종전 <b>손흥민</b>... "", ""link"": ""https://blog.naver.com/bloomingdeals/224296452567"", ""description"": ""<b>손흥민</b> 선수가 과연 마지막 경기에서 어떤 드라마를 써 내려갈지, 그리고 양 팀의 자존심 대결은 어떻게... 캡틴 <b>손흥민</b>의 마지막 한 방 우리의 캡틴 <b>손흥민</b> 선수를 빼놓고 이야기할 수 없죠. 시즌 내내 팀의... "", ""bloggername"": ""OLD FRIEND'S 블로그"", ""bloggerlink"": ""blog.naver.com/bloomingdeals"", ""postdate"": ""20260526""}"
손흥민,single_term_fallback,손흥민,미네소타 유나이티드 vs LA FC MLS <b>손흥민</b> 직관 티켓 좌석... ,https://blog.naver.com/cazkac4gn/224296476046,20260526,"1. 낮 경기인데도 경기장 분위기가 꽤 뜨거웠습니다 보통 미국 스포츠는 야간 경기가 더 분위기 좋다고 생각했는데, LAFC 홈 낮 경기 가보고 생각이 꽤 달라졌습니다. 경기 시작 몇 시간 전부터 팬들이... ",직관에미친사람,blog.naver.com/cazkac4gn,naver_blog,손흥민,canonical,1.0,2026-05-26T11:52:46.738110+00:00,0,0,0,0,직관에미친사람,"1. 낮 경기인데도 경기장 분위기가 꽤 뜨거웠습니다 보통 미국 스포츠는 야간 경기가 더 분위기 좋다고 생각했는데, LAFC 홈 낮 경기 가보고 생각이 꽤 달라졌습니다. 경기 시작 몇 시간 전부터 팬들이... ","{""title"": ""미네소타 유나이티드 vs LA FC MLS <b>손흥민</b> 직관 티켓 좌석... "", ""link"": ""https://blog.naver.com/cazkac4gn/224296476046"", ""description"": ""1. 낮 경기인데도 경기장 분위기가 꽤 뜨거웠습니다 보통 미국 스포츠는 야간 경기가 더 분위기 좋다고 생각했는데, LAFC 홈 낮 경기 가보고 생각이 꽤 달라졌습니다. 경기 시작 몇 시간 전부터 팬들이... "", ""bloggername"": ""직관에미친사람"", ""bloggerlink"": ""blog.naver.com/cazkac4gn"", ""postdate"": ""20260526""}"
손흥민,single_term_fallback,손흥민,LA 갤럭시 vs LA FC MLS <b>손흥민</b> 더비 직관 비용 티켓 예매 안내,https://blog.naver.com/cazkac4gn/224296474686,20260526,"1. LA 더비는 경기장 밖부터 분위기가 다릅니다 처음 엘 트라피코 직관 갔을 때 가장 인상적이었던 건 경기장 가는 길 분위기였습니다. 지하철역부터 이미 응원가 들리고, LAFC 검정 유니폼이랑 LA 갤럭시... ",직관에미친사람,blog.naver.com/cazkac4gn,naver_blog,손흥민,canonical,1.0,2026-05-26T11:52:46.738110+00:00,0,0,0,0,직관에미친사람,"1. LA 더비는 경기장 밖부터 분위기가 다릅니다 처음 엘 트라피코 직관 갔을 때 가장 인상적이었던 건 경기장 가는 길 분위기였습니다. 지하철역부터 이미 응원가 들리고, LAFC 검정 유니폼이랑 LA 갤럭시... ","{""title"": ""LA 갤럭시 vs LA FC MLS <b>손흥민</b> 더비 직관 비용 티켓 예매 안내"", ""link"": ""https://blog.naver.com/cazkac4gn/224296474686"", ""description"": ""1. LA 더비는 경기장 밖부터 분위기가 다릅니다 처음 엘 트라피코 직관 갔을 때 가장 인상적이었던 건 경기장 가는 길 분위기였습니다. 지하철역부터 이미 응원가 들리고, LAFC 검정 유니폼이랑 LA 갤럭시... "", ""bloggername"": ""직관에미친사람"", ""bloggerlink"": ""blog.naver.com/cazkac4gn"", ""postdate"": ""20260526""}"
손흥민,single_term_fallback,손흥민,"‘겁 없는 막내’ 배준호, 월드컵 무대서 ‘코리안 킹’ 증명... ",https://blog.naver.com/gkqhd4865/224296473556,20260526,"왼쪽 측면 공격수 자리에 배치될 경우 <b>손흥민</b>, 황희찬 선배들의 백업 멤버로 뛸 가능성이 큽니다. 그는 &quot;20세 이하 월드컵에 참가할 때와는 마음가짐이 다르다&quot;고 말했습니다. &quot;그때는 즐기며 경험하는... ",육아맘의 노후준비,blog.naver.com/gkqhd4865,naver_blog,손흥민,canonical,1.0,2026-05-26T11:52:46.738110+00:00,0,0,0,0,육아맘의 노후준비,"왼쪽 측면 공격수 자리에 배치될 경우 <b>손흥민</b>, 황희찬 선배들의 백업 멤버로 뛸 가능성이 큽니다. 그는 &quot;20세 이하 월드컵에 참가할 때와는 마음가짐이 다르다&quot;고 말했습니다. &quot;그때는 즐기며 경험하는... ","{""title"": ""‘겁 없는 막내’ 배준호, 월드컵 무대서 ‘코리안 킹’ 증명... "", ""link"": ""https://blog.naver.com/gkqhd4865/224296473556"", ""description"": ""왼쪽 측면 공격수 자리에 배치될 경우 <b>손흥민</b>, 황희찬 선배들의 백업 멤버로 뛸 가능성이 큽니다. 그는 &quot;20세 이하 월드컵에 참가할 때와는 마음가짐이 다르다&quot;고 말했습니다. &quot;그때는 즐기며 경험하는... "", ""bloggername"": ""육아맘의 노후준비"", ""bloggerlink"": ""blog.naver.com/gkqhd4865"", ""postdate"": ""20260526""}"
손흥민,single_term_fallback,손흥민,밴쿠버 화이트캡스 vs LA FC MLS <b>손흥민</b> 직관 비용 좌석 예매... ,https://blog.naver.com/cazkac4gn/224296472378,20260526,1. 시즌 막판 MLS 분위기는 확실히 달랐습니다 예전에 시즌 후반 LAFC 홈경기 갔을 때 가장 기억에 남았던 건 경기 시작 전부터 느껴지는 긴장감이었습니다. 플레이오프 경쟁 걸린 시기쯤 되면 관중 반응도... ,직관에미친사람,blog.naver.com/cazkac4gn,naver_blog,손흥민,canonical,1.0,2026-05-26T11:52:46.738110+00:00,0,0,0,0,직관에미친사람,1. 시즌 막판 MLS 분위기는 확실히 달랐습니다 예전에 시즌 후반 LAFC 홈경기 갔을 때 가장 기억에 남았던 건 경기 시작 전부터 느껴지는 긴장감이었습니다. 플레이오프 경쟁 걸린 시기쯤 되면 관중 반응도... ,"{""title"": ""밴쿠버 화이트캡스 vs LA FC MLS <b>손흥민</b> 직관 비용 좌석 예매... "", ""link"": ""https://blog.naver.com/cazkac4gn/224296472378"", ""description"": ""1. 시즌 막판 MLS 분위기는 확실히 달랐습니다 예전에 시즌 후반 LAFC 홈경기 갔을 때 가장 기억에 남았던 건 경기 시작 전부터 느껴지는 긴장감이었습니다. 플레이오프 경쟁 걸린 시기쯤 되면 관중 반응도... "", ""bloggername"": ""직관에미친사람"", ""bloggerlink"": ""blog.naver.com/cazkac4gn"", ""postdate"": ""20260526""}"
손흥민,single_term_fallback,손흥민,"<b>손흥민</b>, 홍명보호 합류! 월드컵 기록 도전과 여정 시작",https://blog.naver.com/gkqhd4865/224296471295,20260526,"한국 축구 국가대표팀 주장 <b>손흥민</b> 선수가 홍명보호에 전격 합류했습니다. 2026 북중미 월드컵을 향한... ① <b>손흥민</b>, 홍명보호 전격 합류 소감 <b>손흥민</b> 선수는 26일 한국 시간으로 미국 유타주 솔트레이크시티에... ",육아맘의 노후준비,blog.naver.com/gkqhd4865,naver_blog,손흥민,canonical,1.0,2026-05-26T11:52:46.738110+00:00,0,0,0,0,육아맘의 노후준비,"한국 축구 국가대표팀 주장 <b>손흥민</b> 선수가 홍명보호에 전격 합류했습니다. 2026 북중미 월드컵을 향한... ① <b>손흥민</b>, 홍명보호 전격 합류 소감 <b>손흥민</b> 선수는 26일 한국 시간으로 미국 유타주 솔트레이크시티에... ","{""title"": ""<b>손흥민</b>, 홍명보호 합류! 월드컵 기록 도전과 여정 시작"", ""link"": ""https://blog.naver.com/gkqhd4865/224296471295"", ""description"": ""한국 축구 국가대표팀 주장 <b>손흥민</b> 선수가 홍명보호에 전격 합류했습니다. 2026 북중미 월드컵을 향한... ① <b>손흥민</b>, 홍명보호 전격 합류 소감 <b>손흥민</b> 선수는 26일 한국 시간으로 미국 유타주 솔트레이크시티에... "", ""bloggername"": ""육아맘의 노후준비"", ""bloggerlink"": ""blog.naver.com/gkqhd4865"", ""postdate"": ""20260526""}"
손흥민,single_term_fallback,손흥민,"4번째 월드컵 무대서 4호 골 노리는 <b>손흥민</b>, 홍명보호 합류",https://blog.naver.com/eremoval/224296470485,20260526,"4번째 월드컵 무대서 4호 골 노리는 <b>손흥민</b>, 홍명보호 합류 | 연합뉴스 #월드컵<b>손흥민</b>",민간 정부 만들기 프로젝트,blog.naver.com/eremoval,naver_blog,손흥민,canonical,1.0,2026-05-26T11:52:46.738110+00:00,0,0,0,0,민간 정부 만들기 프로젝트,"4번째 월드컵 무대서 4호 골 노리는 <b>손흥민</b>, 홍명보호 합류 | 연합뉴스 #월드컵<b>손흥민</b>","{""title"": ""4번째 월드컵 무대서 4호 골 노리는 <b>손흥민</b>, 홍명보호 합류"", ""link"": ""https://blog.naver.com/eremoval/224296470485"", ""description"": ""4번째 월드컵 무대서 4호 골 노리는 <b>손흥민</b>, 홍명보호 합류 | 연합뉴스 #월드컵<b>손흥민</b>"", ""bloggername"": ""민간 정부 만들기 프로젝트"", ""bloggerlink"": ""blog.naver.com/eremoval"", ""postdate"": ""20260526""}"
손흥민,single_term_fallback,손흥민,이주의 핫이슈 한눈에글로벌 뉴스 브리핑,https://blog.naver.com/bbodeng81/224296467646,20260526,"주장 <b>손흥민</b>을 중심으로 챔피언스리그 결승을 앞둔 이강인, 황희찬, 황인범, 설영우 등 주축 선수들이 모두 합류했어요. 다만 시즌 중 발목 부상에 시달린 김민재는 명단에서 제외되었습니다. 한국은... ",성남컴퓨터수리컴119,blog.naver.com/bbodeng81,naver_blog,손흥민,canonical,1.0,2026-05-26T11:52:46.738110+00:00,0,0,0,0,성남컴퓨터수리컴119,"주장 <b>손흥민</b>을 중심으로 챔피언스리그 결승을 앞둔 이강인, 황희찬, 황인범, 설영우 등 주축 선수들이 모두 합류했어요. 다만 시즌 중 발목 부상에 시달린 김민재는 명단에서 제외되었습니다. 한국은... ","{""title"": ""이주의 핫이슈 한눈에글로벌 뉴스 브리핑"", ""link"": ""https://blog.naver.com/bbodeng81/224296467646"", ""description"": ""주장 <b>손흥민</b>을 중심으로 챔피언스리그 결승을 앞둔 이강인, 황희찬, 황인범, 설영우 등 주축 선수들이 모두 합류했어요. 다만 시즌 중 발목 부상에 시달린 김민재는 명단에서 제외되었습니다. 한국은... "", ""bloggername"": ""성남컴퓨터수리컴119"", ""bloggerlink"": ""blog.naver.com/bbodeng81"", ""postdate"": ""20260526""}"
손흥민,single_term_fallback,손흥민,[단독분석] &quot;카타르가 천국이었네&quot; <b>손흥민</b>도 경악한 2026... ,https://blog.naver.com/jinsungcall/224296467323,20260526,"2022년 겨울, 마스크 투혼을 펼쳤던 <b>손흥민</b> 선수와 극적인 포르투갈전 16강 진출의 환희... 카타르... <b>손흥민</b>, 이강인, 김민재, 황희찬 등 유럽 빅리그를 호령하는 '역대급 황금세대'가 굳건히 버티고 있습니다.... ",진성님의블로그,blog.naver.com/jinsungcall,naver_blog,손흥민,canonical,1.0,2026-05-26T11:52:46.738110+00:00,0,0,0,0,진성님의블로그,"2022년 겨울, 마스크 투혼을 펼쳤던 <b>손흥민</b> 선수와 극적인 포르투갈전 16강 진출의 환희... 카타르... <b>손흥민</b>, 이강인, 김민재, 황희찬 등 유럽 빅리그를 호령하는 '역대급 황금세대'가 굳건히 버티고 있습니다.... ","{""title"": ""[단독분석] &quot;카타르가 천국이었네&quot; <b>손흥민</b>도 경악한 2026... "", ""link"": ""https://blog.naver.com/jinsungcall/224296467323"", ""description"": ""2022년 겨울, 마스크 투혼을 펼쳤던 <b>손흥민</b> 선수와 극적인 포르투갈전 16강 진출의 환희... 카타르... <b>손흥민</b>, 이강인, 김민재, 황희찬 등 유럽 빅리그를 호령하는 '역대급 황금세대'가 굳건히 버티고 있습니다.... "", ""bloggername"": ""진성님의블로그"", ""bloggerlink"": ""blog.naver.com/jinsungcall"", ""postdate"": ""20260526""}"
손흥민,single_term_fallback,손흥민,⚽<b>손흥민</b> MLS 도움왕 예약! LA FC 유로파리그 진출 청신호!... ,https://blog.naver.com/unniediary/224294691862,20260526,"<b>손흥민</b> 선수가 MLS에서 도움 1위(9개)를 기록하며 맹활약 중입니다. 소속팀 LA FC는 유로파리그 진출의 청신호를 켰습니다. 곧 북중미 월드컵 대표팀 사전 캠프에 합류할 예정입니다. 1. <b>손흥민</b>, MLS 도움 1위 등극... ",언니다이어리,blog.naver.com/unniediary,naver_blog,손흥민,canonical,1.0,2026-05-26T11:52:46.738110+00:00,0,0,0,0,언니다이어리,"<b>손흥민</b> 선수가 MLS에서 도움 1위(9개)를 기록하며 맹활약 중입니다. 소속팀 LA FC는 유로파리그 진출의 청신호를 켰습니다. 곧 북중미 월드컵 대표팀 사전 캠프에 합류할 예정입니다. 1. <b>손흥민</b>, MLS 도움 1위 등극... ","{""title"": ""⚽<b>손흥민</b> MLS 도움왕 예약! LA FC 유로파리그 진출 청신호!... "", ""link"": ""https://blog.naver.com/unniediary/224294691862"", ""description"": ""<b>손흥민</b> 선수가 MLS에서 도움 1위(9개)를 기록하며 맹활약 중입니다. 소속팀 LA FC는 유로파리그 진출의 청신호를 켰습니다. 곧 북중미 월드컵 대표팀 사전 캠프에 합류할 예정입니다. 1. <b>손흥민</b>, MLS 도움 1위 등극... "", ""bloggername"": ""언니다이어리"", ""bloggerlink"": ""blog.naver.com/unniediary"", ""postdate"": ""20260526""}"
손흥민,single_term_fallback,손흥민,[FIFA 단독] 월드컵 16강 경험한 이재성 &quot;조별 리그 통과하면... ,https://blog.naver.com/fifapluskorea/224296466936,20260526,"제 곁에는 너무나 든든하고, 또 우리 대표팀의 정신적 지주인 <b>손흥민</b> 선수가 있어서 큰 힘이 되고요. 그 덕분에 제가 압박감에서 많이 벗어날 수 있는 것 같아요. 그래서 <b>손흥민</b> 선수한테 정말 많이 의지하고... ",네이버스포츠 공식 스토리텔러,blog.naver.com/fifapluskorea,naver_blog,손흥민,canonical,1.0,2026-05-26T11:52:46.738110+00:00,0,0,0,0,네이버스포츠 공식 스토리텔러,"제 곁에는 너무나 든든하고, 또 우리 대표팀의 정신적 지주인 <b>손흥민</b> 선수가 있어서 큰 힘이 되고요. 그 덕분에 제가 압박감에서 많이 벗어날 수 있는 것 같아요. 그래서 <b>손흥민</b> 선수한테 정말 많이 의지하고... ","{""title"": ""[FIFA 단독] 월드컵 16강 경험한 이재성 &quot;조별 리그 통과하면... "", ""link"": ""https://blog.naver.com/fifapluskorea/224296466936"", ""description"": ""제 곁에는 너무나 든든하고, 또 우리 대표팀의 정신적 지주인 <b>손흥민</b> 선수가 있어서 큰 힘이 되고요. 그 덕분에 제가 압박감에서 많이 벗어날 수 있는 것 같아요. 그래서 <b>손흥민</b> 선수한테 정말 많이 의지하고... "", ""bloggername"": ""네이버스포츠 공식 스토리텔러"", ""bloggerlink"": ""blog.naver.com/fifapluskorea"", ""postdate"": ""20260526""}"
손흥민,single_term_fallback,손흥민,주앙 팔리냐 1골로 토트넘 극적 잔류 성공! 그런데 왜 팬들은... ,https://blog.naver.com/times_minton/224296462019,20260526,#토트넘 #EPL #프리미어리그 #토트넘잔류 #웨스트햄강등 #<b>손흥민</b> #에버턴 #주앙팔리냐 #축구이슈... <b>손흥민</b> 시대를 지나 새로운 미래를 준비해야 하는 시점에서 17위는 결코 만족할 수 있는 성적이 아니다.... ,Minton Studio,blog.naver.com/times_minton,naver_blog,손흥민,canonical,1.0,2026-05-26T11:52:46.738110+00:00,0,0,0,0,Minton Studio,#토트넘 #EPL #프리미어리그 #토트넘잔류 #웨스트햄강등 #<b>손흥민</b> #에버턴 #주앙팔리냐 #축구이슈... <b>손흥민</b> 시대를 지나 새로운 미래를 준비해야 하는 시점에서 17위는 결코 만족할 수 있는 성적이 아니다.... ,"{""title"": ""주앙 팔리냐 1골로 토트넘 극적 잔류 성공! 그런데 왜 팬들은... "", ""link"": ""https://blog.naver.com/times_minton/224296462019"", ""description"": ""#토트넘 #EPL #프리미어리그 #토트넘잔류 #웨스트햄강등 #<b>손흥민</b> #에버턴 #주앙팔리냐 #축구이슈... <b>손흥민</b> 시대를 지나 새로운 미래를 준비해야 하는 시점에서 17위는 결코 만족할 수 있는 성적이 아니다.... "", ""bloggername"": ""Minton Studio"", ""bloggerlink"": ""blog.naver.com/times_minton"", ""postdate"": ""20260526""}"
손흥민,single_term_fallback,손흥민,"2026 북중미 월드컵 조편성 결과, 한국 경기 일정, 국가대표... ",https://blog.naver.com/kenshin209/224296460320,20260526,"주장 <b>손흥민</b>을 필두로 한 26인의 탄탄한 최종 명단 소식과 함께, 이번 대회부터 완전히 달라진 플랫폼별... [2026 북중미 월드컵 모바일·PC 고화질 무료 중계 실시간 스트리밍 바로가기] <b>손흥민</b> 리더십 중심의... ",콩콩이네 사진관,blog.naver.com/kenshin209,naver_blog,손흥민,canonical,1.0,2026-05-26T11:52:46.738110+00:00,0,0,0,0,콩콩이네 사진관,"주장 <b>손흥민</b>을 필두로 한 26인의 탄탄한 최종 명단 소식과 함께, 이번 대회부터 완전히 달라진 플랫폼별... [2026 북중미 월드컵 모바일·PC 고화질 무료 중계 실시간 스트리밍 바로가기] <b>손흥민</b> 리더십 중심의... ","{""title"": ""2026 북중미 월드컵 조편성 결과, 한국 경기 일정, 국가대표... "", ""link"": ""https://blog.naver.com/kenshin209/224296460320"", ""description"": ""주장 <b>손흥민</b>을 필두로 한 26인의 탄탄한 최종 명단 소식과 함께, 이번 대회부터 완전히 달라진 플랫폼별... [2026 북중미 월드컵 모바일·PC 고화질 무료 중계 실시간 스트리밍 바로가기] <b>손흥민</b> 리더십 중심의... "", ""bloggername"": ""콩콩이네 사진관"", ""bloggerlink"": ""blog.naver.com/kenshin209"", ""postdate"": ""20260526""}"
손흥민,single_term_fallback,손흥민,[2026년 북중미 월드컵 한국 경기일정] 대한민국 축구... ,https://blog.naver.com/monsterct/224296459916,20260526,우리 대표팀은 이강인 선수의 창의적인 패스 전개와 <b>손흥민</b> 선수의 날카로운 뒷공간 침투를 활용해... 월드컵조편성 #축구국가대표팀 #한국체코축구 #한국멕시코축구 #<b>손흥민</b> #이강인 #김민재,몬스터컨테이너 055) 253-8204,blog.naver.com/monsterct,naver_blog,손흥민,canonical,1.0,2026-05-26T11:52:46.738110+00:00,0,0,0,0,몬스터컨테이너 055) 253-8204,우리 대표팀은 이강인 선수의 창의적인 패스 전개와 <b>손흥민</b> 선수의 날카로운 뒷공간 침투를 활용해... 월드컵조편성 #축구국가대표팀 #한국체코축구 #한국멕시코축구 #<b>손흥민</b> #이강인 #김민재,"{""title"": ""[2026년 북중미 월드컵 한국 경기일정] 대한민국 축구... "", ""link"": ""https://blog.naver.com/monsterct/224296459916"", ""description"": ""우리 대표팀은 이강인 선수의 창의적인 패스 전개와 <b>손흥민</b> 선수의 날카로운 뒷공간 침투를 활용해... 월드컵조편성 #축구국가대표팀 #한국체코축구 #한국멕시코축구 #<b>손흥민</b> #이강인 #김민재"", ""bloggername"": ""몬스터컨테이너 055) 253-8204"", ""bloggerlink"": ""blog.naver.com/monsterct"", ""postdate"": ""20260526""}"
손흥민,single_term_fallback,손흥민,"노원회전초밥 1990원 균일가, 스시이안앤 솔직후기",https://blog.naver.com/babo_be/224296457242,20260526,"그냥 <b>손흥민</b> 7, 과 7주년 기념이라는것 같았어요 이 아줌니때는 이런 숫자 써져 있으면 이벤트 당첨이었는데.. 노원 스시 맛집에서 헤프닝이였어요 약간 아쉬웠던 우니스시 저는 개인적으로 느끼한거, 녹녹한거... ",예쁜 솔이♥찬이,blog.naver.com/babo_be,naver_blog,손흥민,canonical,1.0,2026-05-26T11:52:46.738110+00:00,0,0,0,0,예쁜 솔이♥찬이,"그냥 <b>손흥민</b> 7, 과 7주년 기념이라는것 같았어요 이 아줌니때는 이런 숫자 써져 있으면 이벤트 당첨이었는데.. 노원 스시 맛집에서 헤프닝이였어요 약간 아쉬웠던 우니스시 저는 개인적으로 느끼한거, 녹녹한거... ","{""title"": ""노원회전초밥 1990원 균일가, 스시이안앤 솔직후기"", ""link"": ""https://blog.naver.com/babo_be/224296457242"", ""description"": ""그냥 <b>손흥민</b> 7, 과 7주년 기념이라는것 같았어요 이 아줌니때는 이런 숫자 써져 있으면 이벤트 당첨이었는데.. 노원 스시 맛집에서 헤프닝이였어요 약간 아쉬웠던 우니스시 저는 개인적으로 느끼한거, 녹녹한거... "", ""bloggername"": ""예쁜 솔이♥찬이"", ""bloggerlink"": ""blog.naver.com/babo_be"", ""postdate"": ""20260526""}"
손흥민,single_term_fallback,손흥민,"격전지 전북지사, 여야가 격돌한 이유 정리",https://blog.naver.com/storemasu/224296457220,20260526,"[스포츠] 헤드라인 <b>손흥민</b>, 슈팅 7개에도 골 침묵…우려 속 대표팀 합류 한 줄 요약 LAFC <b>손흥민</b>이 월드컵 전 마지막 경기에서 많은 슈팅에도 득점하지 못한 채 대표팀에 합류합니다.... ",storemasu님의 블로그,blog.naver.com/storemasu,naver_blog,손흥민,canonical,1.0,2026-05-26T11:52:46.738110+00:00,0,0,0,0,storemasu님의 블로그,"[스포츠] 헤드라인 <b>손흥민</b>, 슈팅 7개에도 골 침묵…우려 속 대표팀 합류 한 줄 요약 LAFC <b>손흥민</b>이 월드컵 전 마지막 경기에서 많은 슈팅에도 득점하지 못한 채 대표팀에 합류합니다.... ","{""title"": ""격전지 전북지사, 여야가 격돌한 이유 정리"", ""link"": ""https://blog.naver.com/storemasu/224296457220"", ""description"": ""[스포츠] 헤드라인 <b>손흥민</b>, 슈팅 7개에도 골 침묵…우려 속 대표팀 합류 한 줄 요약 LAFC <b>손흥민</b>이 월드컵 전 마지막 경기에서 많은 슈팅에도 득점하지 못한 채 대표팀에 합류합니다.... "", ""bloggername"": ""storemasu님의 블로그"", ""bloggerlink"": ""blog.naver.com/storemasu"", ""postdate"": ""20260526""}"
손흥민,single_term_fallback,손흥민,"토트넘, 끝끝내 살아남았다. 팔리냐 결승골로 극적 잔류...",https://blog.naver.com/96winninggoal/224296238421,20260526,토트넘의 극적 잔류 <b>손흥민</b>이 떠난 뒤 끝없는 추락을 겪었던 토트넘 홋스퍼가 마지막 경기에서... <b>손흥민</b>이 LA FC로 이적한 뒤 공격의 중심이 무너졌고 홈경기에서도 단 3승에 그칠 만큼 극심한 부진을... ,96분의 결승골,blog.naver.com/96winninggoal,naver_blog,손흥민,canonical,1.0,2026-05-26T11:52:46.738110+00:00,0,0,0,0,96분의 결승골,토트넘의 극적 잔류 <b>손흥민</b>이 떠난 뒤 끝없는 추락을 겪었던 토트넘 홋스퍼가 마지막 경기에서... <b>손흥민</b>이 LA FC로 이적한 뒤 공격의 중심이 무너졌고 홈경기에서도 단 3승에 그칠 만큼 극심한 부진을... ,"{""title"": ""토트넘, 끝끝내 살아남았다. 팔리냐 결승골로 극적 잔류..."", ""link"": ""https://blog.naver.com/96winninggoal/224296238421"", ""description"": ""토트넘의 극적 잔류 <b>손흥민</b>이 떠난 뒤 끝없는 추락을 겪었던 토트넘 홋스퍼가 마지막 경기에서... <b>손흥민</b>이 LA FC로 이적한 뒤 공격의 중심이 무너졌고 홈경기에서도 단 3승에 그칠 만큼 극심한 부진을... "", ""bloggername"": ""96분의 결승골"", ""bloggerlink"": ""blog.naver.com/96winninggoal"", ""postdate"": ""20260526""}"
손흥민,single_term_fallback,손흥민,[공유] <b>손흥민</b> 고별전 이적 토초화! 결국 터진... ,https://blog.naver.com/generman-/224296453874,20260526,<b>손흥민</b> 고별전 이적 토초화! 결국 터진 충격발언에 미국 전역이 오열하며 발칵 뒤집힌 상황 ㄷ - https://youtube.com/shorts/r4QijypY0C4?si=1EMGtr4RnNIa_uYL,제너맨님의블로그,blog.naver.com/generman-,naver_blog,손흥민,canonical,1.0,2026-05-26T11:52:46.738110+00:00,0,0,0,0,제너맨님의블로그,<b>손흥민</b> 고별전 이적 토초화! 결국 터진 충격발언에 미국 전역이 오열하며 발칵 뒤집힌 상황 ㄷ - https://youtube.com/shorts/r4QijypY0C4?si=1EMGtr4RnNIa_uYL,"{""title"": ""[공유] <b>손흥민</b> 고별전 이적 토초화! 결국 터진... "", ""link"": ""https://blog.naver.com/generman-/224296453874"", ""description"": ""<b>손흥민</b> 고별전 이적 토초화! 결국 터진 충격발언에 미국 전역이 오열하며 발칵 뒤집힌 상황 ㄷ - https://youtube.com/shorts/r4QijypY0C4?si=1EMGtr4RnNIa_uYL"", ""bloggername"": ""제너맨님의블로그"", ""bloggerlink"": ""blog.naver.com/generman-"", ""postdate"": ""20260526""}"
손흥민,single_term_fallback,손흥민,행사 MC 추천｜축제·팬미팅 분위기 살리는 MC동건,https://blog.naver.com/theplan10/224295908856,20260526,"MC동건 주요 진행 이력 2025 ~ 2026 영등포 벚꽃 축제 메인 MC 2023~2025 현대 롱기스트런 마라톤 메인 MC 2022~2023 대한민국 캠핑요리축제 메인 MC <b>손흥민</b>, 르세라핌, 트와이스, SF9, 서강준, 러블리즈, 인피니트... ",더플랜컴퍼니[THEPLAN COMPANY],blog.naver.com/theplan10,naver_blog,손흥민,canonical,1.0,2026-05-26T11:52:46.738110+00:00,0,0,0,0,더플랜컴퍼니[THEPLAN COMPANY],"MC동건 주요 진행 이력 2025 ~ 2026 영등포 벚꽃 축제 메인 MC 2023~2025 현대 롱기스트런 마라톤 메인 MC 2022~2023 대한민국 캠핑요리축제 메인 MC <b>손흥민</b>, 르세라핌, 트와이스, SF9, 서강준, 러블리즈, 인피니트... ","{""title"": ""행사 MC 추천｜축제·팬미팅 분위기 살리는 MC동건"", ""link"": ""https://blog.naver.com/theplan10/224295908856"", ""description"": ""MC동건 주요 진행 이력 2025 ~ 2026 영등포 벚꽃 축제 메인 MC 2023~2025 현대 롱기스트런 마라톤 메인 MC 2022~2023 대한민국 캠핑요리축제 메인 MC <b>손흥민</b>, 르세라핌, 트와이스, SF9, 서강준, 러블리즈, 인피니트... "", ""bloggername"": ""더플랜컴퍼니[THEPLAN COMPANY]"", ""bloggerlink"": ""blog.naver.com/theplan10"", ""postdate"": ""20260526""}"
손흥민,single_term_fallback,손흥민,"하나원큐퀴즈 5월 26일 축구 문제 정답 5월 31일(일), 대한민국... ",https://blog.naver.com/jelpy0706/224296450006,20260526,"대한민국 공격의 핵심인 <b>손흥민</b>, 이강인 선수를 비롯해 후방을 든든하게 책임지는 김민재 선수까지, 정예 멤버들이 이번 친선경기를 통해 어떤 환상적인 호흡을 보여줄지 벌써부터 기대가 모이고 있습니다.... ",축구 야구 리뷰어 레미뷰,blog.naver.com/jelpy0706,naver_blog,손흥민,canonical,1.0,2026-05-26T11:52:46.738110+00:00,0,0,0,0,축구 야구 리뷰어 레미뷰,"대한민국 공격의 핵심인 <b>손흥민</b>, 이강인 선수를 비롯해 후방을 든든하게 책임지는 김민재 선수까지, 정예 멤버들이 이번 친선경기를 통해 어떤 환상적인 호흡을 보여줄지 벌써부터 기대가 모이고 있습니다.... ","{""title"": ""하나원큐퀴즈 5월 26일 축구 문제 정답 5월 31일(일), 대한민국... "", ""link"": ""https://blog.naver.com/jelpy0706/224296450006"", ""description"": ""대한민국 공격의 핵심인 <b>손흥민</b>, 이강인 선수를 비롯해 후방을 든든하게 책임지는 김민재 선수까지, 정예 멤버들이 이번 친선경기를 통해 어떤 환상적인 호흡을 보여줄지 벌써부터 기대가 모이고 있습니다.... "", ""bloggername"": ""축구 야구 리뷰어 레미뷰"", ""bloggerlink"": ""blog.naver.com/jelpy0706"", ""postdate"": ""20260526""}"
손흥민,single_term_fallback,손흥민,6.3 사전투표 신분증 5가지｜모바일 주민등록증·PASS 앱 다... ,https://blog.naver.com/usuni7/224294931836,20260526,"✨  함께 읽으면 좋은 글 고유가 피해지원금 주유소 사용법｜주유소 갔는데 결제 안 되면 난감해요, 안 되는 경우부터 먼저 확인하세요 &quot; &quot; 2026 월드컵 한국 26인 명단 5분 정리｜김민재 무릎 통증·<b>손흥민</b> 부활... ",자연 농부,blog.naver.com/usuni7,naver_blog,손흥민,canonical,1.0,2026-05-26T11:52:46.738110+00:00,0,0,0,0,자연 농부,"✨  함께 읽으면 좋은 글 고유가 피해지원금 주유소 사용법｜주유소 갔는데 결제 안 되면 난감해요, 안 되는 경우부터 먼저 확인하세요 &quot; &quot; 2026 월드컵 한국 26인 명단 5분 정리｜김민재 무릎 통증·<b>손흥민</b> 부활... ","{""title"": ""6.3 사전투표 신분증 5가지｜모바일 주민등록증·PASS 앱 다... "", ""link"": ""https://blog.naver.com/usuni7/224294931836"", ""description"": ""✨  함께 읽으면 좋은 글 고유가 피해지원금 주유소 사용법｜주유소 갔는데 결제 안 되면 난감해요, 안 되는 경우부터 먼저 확인하세요 &quot; &quot; 2026 월드컵 한국 26인 명단 5분 정리｜김민재 무릎 통증·<b>손흥민</b> 부활... "", ""bloggername"": ""자연 농부"", ""bloggerlink"": ""blog.naver.com/usuni7"", ""postdate"": ""20260526""}"
손흥민,single_term_fallback,손흥민,“공 차는 로봇 시대” 현실화… Boston Dynamics 아틀라스... ,https://blog.naver.com/sgpjb1/224296443206,20260526,태그 #현대차 #보스턴다이내믹스 #아틀라스 #휴머노이드 #피지컬AI #로봇산업 #월드컵 #FIFA #<b>손흥민</b> #현대차그룹 #AI로봇 #산업자동화 #로봇테마 #테슬라옵티머스 #피규어AI ※ 투자주의: 본 글은 산업 및... ,그리드_토선생_밝은 황소,blog.naver.com/sgpjb1,naver_blog,손흥민,canonical,1.0,2026-05-26T11:52:46.738110+00:00,0,0,0,0,그리드_토선생_밝은 황소,태그 #현대차 #보스턴다이내믹스 #아틀라스 #휴머노이드 #피지컬AI #로봇산업 #월드컵 #FIFA #<b>손흥민</b> #현대차그룹 #AI로봇 #산업자동화 #로봇테마 #테슬라옵티머스 #피규어AI ※ 투자주의: 본 글은 산업 및... ,"{""title"": ""“공 차는 로봇 시대” 현실화… Boston Dynamics 아틀라스... "", ""link"": ""https://blog.naver.com/sgpjb1/224296443206"", ""description"": ""태그 #현대차 #보스턴다이내믹스 #아틀라스 #휴머노이드 #피지컬AI #로봇산업 #월드컵 #FIFA #<b>손흥민</b> #현대차그룹 #AI로봇 #산업자동화 #로봇테마 #테슬라옵티머스 #피규어AI ※ 투자주의: 본 글은 산업 및... "", ""bloggername"": ""그리드_토선생_밝은 황소"", ""bloggerlink"": ""blog.naver.com/sgpjb1"", ""postdate"": ""20260526""}"
손흥민,single_term_fallback,손흥민,2026 나이키 대한민국 어웨이 스타디움 저지(IB5386567) 리뷰... ,https://blog.naver.com/01190681357/224291243119,20260526,"com) 선수 등번호 마킹 추가금 김민재 4 +20,000원 <b>손흥민</b> 7 +20,000원 이강인 19 +20,000원 이재성 10 +20,000원... <b>손흥민</b>(7번), 이강인(19번), 황희찬(11번) 마킹 문의가 특히 많이 들어오고 있어서 인기 선수 재고 마킹... ",축구전문가 싸카맨,blog.naver.com/01190681357,naver_blog,손흥민,canonical,1.0,2026-05-26T11:52:46.738110+00:00,0,0,0,0,축구전문가 싸카맨,"com) 선수 등번호 마킹 추가금 김민재 4 +20,000원 <b>손흥민</b> 7 +20,000원 이강인 19 +20,000원 이재성 10 +20,000원... <b>손흥민</b>(7번), 이강인(19번), 황희찬(11번) 마킹 문의가 특히 많이 들어오고 있어서 인기 선수 재고 마킹... ","{""title"": ""2026 나이키 대한민국 어웨이 스타디움 저지(IB5386567) 리뷰... "", ""link"": ""https://blog.naver.com/01190681357/224291243119"", ""description"": ""com) 선수 등번호 마킹 추가금 김민재 4 +20,000원 <b>손흥민</b> 7 +20,000원 이강인 19 +20,000원 이재성 10 +20,000원... <b>손흥민</b>(7번), 이강인(19번), 황희찬(11번) 마킹 문의가 특히 많이 들어오고 있어서 인기 선수 재고 마킹... "", ""bloggername"": ""축구전문가 싸카맨"", ""bloggerlink"": ""blog.naver.com/01190681357"", ""postdate"": ""20260526""}"
손흥민,single_term_fallback,손흥민,"<b>손흥민</b> 원형 탈모 포착 소동, 월드컵 앞둔 중압감과 스트레스... ",https://blog.naver.com/aiworld77/224296223000,20260526,대한민국 축구의 상징이자 미국 LAFC에서 활약 중인 <b>손흥민</b> 선수의 최근 경기 모습이 포착되면서 많은... 동전 크기의 두피 노출: 전반전 클로즈업 화면과 후반전 코너킥을 준비하는 과정에서 <b>손흥민</b> 선수가... ,코뉴,blog.naver.com/aiworld77,naver_blog,손흥민,canonical,1.0,2026-05-26T11:52:46.738110+00:00,0,0,0,0,코뉴,대한민국 축구의 상징이자 미국 LAFC에서 활약 중인 <b>손흥민</b> 선수의 최근 경기 모습이 포착되면서 많은... 동전 크기의 두피 노출: 전반전 클로즈업 화면과 후반전 코너킥을 준비하는 과정에서 <b>손흥민</b> 선수가... ,"{""title"": ""<b>손흥민</b> 원형 탈모 포착 소동, 월드컵 앞둔 중압감과 스트레스... "", ""link"": ""https://blog.naver.com/aiworld77/224296223000"", ""description"": ""대한민국 축구의 상징이자 미국 LAFC에서 활약 중인 <b>손흥민</b> 선수의 최근 경기 모습이 포착되면서 많은... 동전 크기의 두피 노출: 전반전 클로즈업 화면과 후반전 코너킥을 준비하는 과정에서 <b>손흥민</b> 선수가... "", ""bloggername"": ""코뉴"", ""bloggerlink"": ""blog.naver.com/aiworld77"", ""postdate"": ""20260526""}"
손흥민,single_term_fallback,손흥민,Hallux valgus + LBP CASE,https://blog.naver.com/ptsogeum/224296439149,20260526,"[Name] <b>손흥민</b> [Age] 30대 [Gender] 남 [Profile] • 크로스핏 2년, 러닝/홈트, 튼튼/건장, 적극적 태도 • 허리 통증으로 고생한 적 있음. [Observation] • Lt. Hallux valgus (Lt.... ",물리치료사 소금쌤의 피지오 트레이닝,blog.naver.com/ptsogeum,naver_blog,손흥민,canonical,1.0,2026-05-26T11:52:46.738110+00:00,0,0,0,0,물리치료사 소금쌤의 피지오 트레이닝,"[Name] <b>손흥민</b> [Age] 30대 [Gender] 남 [Profile] • 크로스핏 2년, 러닝/홈트, 튼튼/건장, 적극적 태도 • 허리 통증으로 고생한 적 있음. [Observation] • Lt. Hallux valgus (Lt.... ","{""title"": ""Hallux valgus + LBP CASE"", ""link"": ""https://blog.naver.com/ptsogeum/224296439149"", ""description"": ""[Name] <b>손흥민</b> [Age] 30대 [Gender] 남 [Profile] • 크로스핏 2년, 러닝/홈트, 튼튼/건장, 적극적 태도 • 허리 통증으로 고생한 적 있음. [Observation] • Lt. Hallux valgus (Lt.... "", ""bloggername"": ""물리치료사 소금쌤의 피지오 트레이닝"", ""bloggerlink"": ""blog.naver.com/ptsogeum"", ""postdate"": ""20260526""}"
손흥민,single_term_fallback,손흥민,&quot;故김세론 관련 김수현 명예훼손 혐의&quot; 가세연 김세의 오늘 구속... ,https://blog.naver.com/goldcjy/224296438927,20260526,홍명보 #<b>손흥민</b> #이강인 #축구 #국가 #배기성 #김혜성 #wbc #이란 #충주맨 #지상렬 #신보라 #탁재훈 #22기영숙 #BTS #아리랑 #광화문 #나나 #김동완 #이휘재 #홍서범조갑경 #박왕렬 #이수경 #양주한우맛집 #박은영... ,goldcjy님의블로그,blog.naver.com/goldcjy,naver_blog,손흥민,canonical,1.0,2026-05-26T11:52:46.738110+00:00,0,0,0,0,goldcjy님의블로그,홍명보 #<b>손흥민</b> #이강인 #축구 #국가 #배기성 #김혜성 #wbc #이란 #충주맨 #지상렬 #신보라 #탁재훈 #22기영숙 #BTS #아리랑 #광화문 #나나 #김동완 #이휘재 #홍서범조갑경 #박왕렬 #이수경 #양주한우맛집 #박은영... ,"{""title"": ""&quot;故김세론 관련 김수현 명예훼손 혐의&quot; 가세연 김세의 오늘 구속... "", ""link"": ""https://blog.naver.com/goldcjy/224296438927"", ""description"": ""홍명보 #<b>손흥민</b> #이강인 #축구 #국가 #배기성 #김혜성 #wbc #이란 #충주맨 #지상렬 #신보라 #탁재훈 #22기영숙 #BTS #아리랑 #광화문 #나나 #김동완 #이휘재 #홍서범조갑경 #박왕렬 #이수경 #양주한우맛집 #박은영... "", ""bloggername"": ""goldcjy님의블로그"", ""bloggerlink"": ""blog.naver.com/goldcjy"", ""postdate"": ""20260526""}"
손흥민,single_term_fallback,손흥민,"&quot;개인 타이틀 관심 없다&quot; 북중미 월드컵, 단독 신기록 눈앞에 둔... ",https://blog.naver.com/ddo_travel/224296437330,20260526,캡틴 <b>손흥민</b>이 2026 북중미 월드컵 무대를 향해 본격적인 시동을 걸었습니다. 소속팀 일정을 모두 소화한 뒤 곧바로 대표팀 사전캠프에 합류하며 개인 통산 네 번째 월드컵 준비에 돌입했죠. 3줄 요약 <b>손흥민</b>... ,DDo Champ Ch.,blog.naver.com/ddo_travel,naver_blog,손흥민,canonical,1.0,2026-05-26T11:52:46.738110+00:00,0,0,0,0,DDo Champ Ch.,캡틴 <b>손흥민</b>이 2026 북중미 월드컵 무대를 향해 본격적인 시동을 걸었습니다. 소속팀 일정을 모두 소화한 뒤 곧바로 대표팀 사전캠프에 합류하며 개인 통산 네 번째 월드컵 준비에 돌입했죠. 3줄 요약 <b>손흥민</b>... ,"{""title"": ""&quot;개인 타이틀 관심 없다&quot; 북중미 월드컵, 단독 신기록 눈앞에 둔... "", ""link"": ""https://blog.naver.com/ddo_travel/224296437330"", ""description"": ""캡틴 <b>손흥민</b>이 2026 북중미 월드컵 무대를 향해 본격적인 시동을 걸었습니다. 소속팀 일정을 모두 소화한 뒤 곧바로 대표팀 사전캠프에 합류하며 개인 통산 네 번째 월드컵 준비에 돌입했죠. 3줄 요약 <b>손흥민</b>... "", ""bloggername"": ""DDo Champ Ch."", ""bloggerlink"": ""blog.naver.com/ddo_travel"", ""postdate"": ""20260526""}"
손흥민,single_term_fallback,손흥민,헤드라인뉴스&amp;이슈(26/05/26),https://blog.naver.com/cho3638/224296430391,20260526,한국 정치 관련 주요뉴스 주요 정치 및 정책 뉴스 1. 이재명 정부 1년 차 평가 및 향후 과제 언론들은 최근 이재명 정부 출범 1년 차를 맞아 경제 성과와 더불어 지속되는 과제들을 조명하고 있습니다. 경제... ,이웃사랑,blog.naver.com/cho3638,naver_blog,손흥민,canonical,1.0,2026-05-26T11:52:46.738110+00:00,0,0,0,0,이웃사랑,한국 정치 관련 주요뉴스 주요 정치 및 정책 뉴스 1. 이재명 정부 1년 차 평가 및 향후 과제 언론들은 최근 이재명 정부 출범 1년 차를 맞아 경제 성과와 더불어 지속되는 과제들을 조명하고 있습니다. 경제... ,"{""title"": ""헤드라인뉴스&amp;이슈(26/05/26)"", ""link"": ""https://blog.naver.com/cho3638/224296430391"", ""description"": ""한국 정치 관련 주요뉴스 주요 정치 및 정책 뉴스 1. 이재명 정부 1년 차 평가 및 향후 과제 언론들은 최근 이재명 정부 출범 1년 차를 맞아 경제 성과와 더불어 지속되는 과제들을 조명하고 있습니다. 경제... "", ""bloggername"": ""이웃사랑"", ""bloggerlink"": ""blog.naver.com/cho3638"", ""postdate"": ""20260526""}"
손흥민,single_term_fallback,손흥민,[<b>손흥민</b> 월드컵] 33살 캡틴의 네 번째 무대 — 마지막일 수도... ,https://blog.naver.com/choimoonyoung_/224296216833,20260526,<b>손흥민</b>이 직접 말했다. &quot;마지막 월드컵이라고 생각하지 않는다.&quot; 팬들이 이미 '라스트 댄스'라고... 네 번의 월드컵 — 숫자로 보는 <b>손흥민</b>의 역사 한국 선수 중 월드컵을 4번 나간 선수는 역대 딱 네... ,Re;depot,blog.naver.com/choimoonyoung_,naver_blog,손흥민,canonical,1.0,2026-05-26T11:52:46.738110+00:00,0,0,0,0,Re;depot,<b>손흥민</b>이 직접 말했다. &quot;마지막 월드컵이라고 생각하지 않는다.&quot; 팬들이 이미 '라스트 댄스'라고... 네 번의 월드컵 — 숫자로 보는 <b>손흥민</b>의 역사 한국 선수 중 월드컵을 4번 나간 선수는 역대 딱 네... ,"{""title"": ""[<b>손흥민</b> 월드컵] 33살 캡틴의 네 번째 무대 — 마지막일 수도... "", ""link"": ""https://blog.naver.com/choimoonyoung_/224296216833"", ""description"": ""<b>손흥민</b>이 직접 말했다. &quot;마지막 월드컵이라고 생각하지 않는다.&quot; 팬들이 이미 '라스트 댄스'라고... 네 번의 월드컵 — 숫자로 보는 <b>손흥민</b>의 역사 한국 선수 중 월드컵을 4번 나간 선수는 역대 딱 네... "", ""bloggername"": ""Re;depot"", ""bloggerlink"": ""blog.naver.com/choimoonyoung_"", ""postdate"": ""20260526""}"
손흥민,single_term_fallback,손흥민,증평주공5단지 에어컨청소 거실 안방 투인원과 작은방 벽걸이... ,https://blog.naver.com/jaeho800/224296428780,20260526,엘지<b>손흥민</b>투인원에어컨청소와 위니아벽걸이에어컨청소설치를 함께 진행한 내용입니다 고객님댁에는 거실과 안방에 엘지 <b>손흥민</b> 투인원 에어컨이 설치되어 있었고 작은방에는 위니아 벽걸이에어컨을 청소한... ,슈퍼맨홈케어,blog.naver.com/jaeho800,naver_blog,손흥민,canonical,1.0,2026-05-26T11:52:46.738110+00:00,0,0,0,0,슈퍼맨홈케어,엘지<b>손흥민</b>투인원에어컨청소와 위니아벽걸이에어컨청소설치를 함께 진행한 내용입니다 고객님댁에는 거실과 안방에 엘지 <b>손흥민</b> 투인원 에어컨이 설치되어 있었고 작은방에는 위니아 벽걸이에어컨을 청소한... ,"{""title"": ""증평주공5단지 에어컨청소 거실 안방 투인원과 작은방 벽걸이... "", ""link"": ""https://blog.naver.com/jaeho800/224296428780"", ""description"": ""엘지<b>손흥민</b>투인원에어컨청소와 위니아벽걸이에어컨청소설치를 함께 진행한 내용입니다 고객님댁에는 거실과 안방에 엘지 <b>손흥민</b> 투인원 에어컨이 설치되어 있었고 작은방에는 위니아 벽걸이에어컨을 청소한... "", ""bloggername"": ""슈퍼맨홈케어"", ""bloggerlink"": ""blog.naver.com/jaeho800"", ""postdate"": ""20260526""}"
손흥민,single_term_fallback,손흥민,[공유] <b>손흥민</b>~♡,https://blog.naver.com/kro1106/224296423947,20260526,https://www.instagram.com/p/DYRLzHQEzyl/?img_index=8&amp;igsh=MXJxZWMyZ2EwNzN2dA== &quot; &quot; &quot; &quot;,케이로 블로그,blog.naver.com/kro1106,naver_blog,손흥민,canonical,1.0,2026-05-26T11:52:46.738110+00:00,0,0,0,0,케이로 블로그,https://www.instagram.com/p/DYRLzHQEzyl/?img_index=8&amp;igsh=MXJxZWMyZ2EwNzN2dA== &quot; &quot; &quot; &quot;,"{""title"": ""[공유] <b>손흥민</b>~♡"", ""link"": ""https://blog.naver.com/kro1106/224296423947"", ""description"": ""https://www.instagram.com/p/DYRLzHQEzyl/?img_index=8&amp;igsh=MXJxZWMyZ2EwNzN2dA== &quot; &quot; &quot; &quot;"", ""bloggername"": ""케이로 블로그"", ""bloggerlink"": ""blog.naver.com/kro1106"", ""postdate"": ""20260526""}"
손흥민,single_term_fallback,손흥민,<b>손흥민</b> 원형탈모 해명 스트레스 루틴으로 알아보는 두피 관리법,https://blog.naver.com/health-zip/224296415771,20260526,최근 축구 국가대표팀의 주장 <b>손흥민</b> 선수의 경기 화면이 캡처되면서 온라인 커뮤니티를 중심으로 <b>손흥민</b> 원형탈모 의혹이 빠르게 확산되었습니다. 경기 중 뒷머리 부분에 동그랗게 두피가 드러난 듯한 모습이... ,생활 속 건강백과,blog.naver.com/health-zip,naver_blog,손흥민,canonical,1.0,2026-05-26T11:52:46.738110+00:00,0,0,0,0,생활 속 건강백과,최근 축구 국가대표팀의 주장 <b>손흥민</b> 선수의 경기 화면이 캡처되면서 온라인 커뮤니티를 중심으로 <b>손흥민</b> 원형탈모 의혹이 빠르게 확산되었습니다. 경기 중 뒷머리 부분에 동그랗게 두피가 드러난 듯한 모습이... ,"{""title"": ""<b>손흥민</b> 원형탈모 해명 스트레스 루틴으로 알아보는 두피 관리법"", ""link"": ""https://blog.naver.com/health-zip/224296415771"", ""description"": ""최근 축구 국가대표팀의 주장 <b>손흥민</b> 선수의 경기 화면이 캡처되면서 온라인 커뮤니티를 중심으로 <b>손흥민</b> 원형탈모 의혹이 빠르게 확산되었습니다. 경기 중 뒷머리 부분에 동그랗게 두피가 드러난 듯한 모습이... "", ""bloggername"": ""생활 속 건강백과"", ""bloggerlink"": ""blog.naver.com/health-zip"", ""postdate"": ""20260526""}"
손흥민,single_term_fallback,손흥민,토트넘 극적 잔류 성공…최종전 승리로 무너질 뻔한 시즌 살렸다,https://blog.naver.com/graceofmidlife/224296410879,20260526,"<b>손흥민</b>을 중심으로 마지막까지 포기하지 않았던 토트넘의 시즌 흐름, 위기의 원인, 최종전 경기 내용... <b>손흥민</b>의 존재감은 여전히 컸다 이번 시즌 토트넘이 흔들리는 과정 속에서도 가장 꾸준했던 선수는... ",50+의 품격,blog.naver.com/graceofmidlife,naver_blog,손흥민,canonical,1.0,2026-05-26T11:52:46.738110+00:00,0,0,0,0,50+의 품격,"<b>손흥민</b>을 중심으로 마지막까지 포기하지 않았던 토트넘의 시즌 흐름, 위기의 원인, 최종전 경기 내용... <b>손흥민</b>의 존재감은 여전히 컸다 이번 시즌 토트넘이 흔들리는 과정 속에서도 가장 꾸준했던 선수는... ","{""title"": ""토트넘 극적 잔류 성공…최종전 승리로 무너질 뻔한 시즌 살렸다"", ""link"": ""https://blog.naver.com/graceofmidlife/224296410879"", ""description"": ""<b>손흥민</b>을 중심으로 마지막까지 포기하지 않았던 토트넘의 시즌 흐름, 위기의 원인, 최종전 경기 내용... <b>손흥민</b>의 존재감은 여전히 컸다 이번 시즌 토트넘이 흔들리는 과정 속에서도 가장 꾸준했던 선수는... "", ""bloggername"": ""50+의 품격"", ""bloggerlink"": ""blog.naver.com/graceofmidlife"", ""postdate"": ""20260526""}"
손흥민,single_term_fallback,손흥민,2026년 5월 26일 — 월스트리트 20년 베테랑 &amp; 시니어... ,https://blog.naver.com/dbstb7053/224296407397,20260526,"&quot;숫자는 거짓말을 하지 않는다. 그러나 숫자만으로는 진실을 말하지 못한다.&quot; — 월스트리트 격언 1.  글로벌 주식시장 동향 — 2026년 5월 26일 기준 2026년 5월 26일 현재, 글로벌 주식시장은 중동 지정학적... ",산책작가,blog.naver.com/dbstb7053,naver_blog,손흥민,canonical,1.0,2026-05-26T11:52:46.738110+00:00,0,0,0,0,산책작가,"&quot;숫자는 거짓말을 하지 않는다. 그러나 숫자만으로는 진실을 말하지 못한다.&quot; — 월스트리트 격언 1.  글로벌 주식시장 동향 — 2026년 5월 26일 기준 2026년 5월 26일 현재, 글로벌 주식시장은 중동 지정학적... ","{""title"": ""2026년 5월 26일 — 월스트리트 20년 베테랑 &amp; 시니어... "", ""link"": ""https://blog.naver.com/dbstb7053/224296407397"", ""description"": ""&quot;숫자는 거짓말을 하지 않는다. 그러나 숫자만으로는 진실을 말하지 못한다.&quot; — 월스트리트 격언 1.  글로벌 주식시장 동향 — 2026년 5월 26일 기준 2026년 5월 26일 현재, 글로벌 주식시장은 중동 지정학적... "", ""bloggername"": ""산책작가"", ""bloggerlink"": ""blog.naver.com/dbstb7053"", ""postdate"": ""20260526""}"
손흥민,single_term_fallback,손흥민,<b>손흥민</b> 원형 탈모 의심 보도와 월드컵 책임감 발언 정리,https://blog.naver.com/pieces-of-today/224296407134,20260526,"<b>손흥민</b>은 2026년 5월 25일 한국시간 미국 로스앤젤레스 BMO 스타디움에서 열린 LAFC와 시애틀 사운더스의 MLS 15라운드 경기에 선발 출전해 풀타임을 소화했고, 팀은 1-0으로 승리했습니다. 다만 <b>손흥민</b>은 슈팅... ",오늘의 조각들,blog.naver.com/pieces-of-today,naver_blog,손흥민,canonical,1.0,2026-05-26T11:52:46.738110+00:00,0,0,0,0,오늘의 조각들,"<b>손흥민</b>은 2026년 5월 25일 한국시간 미국 로스앤젤레스 BMO 스타디움에서 열린 LAFC와 시애틀 사운더스의 MLS 15라운드 경기에 선발 출전해 풀타임을 소화했고, 팀은 1-0으로 승리했습니다. 다만 <b>손흥민</b>은 슈팅... ","{""title"": ""<b>손흥민</b> 원형 탈모 의심 보도와 월드컵 책임감 발언 정리"", ""link"": ""https://blog.naver.com/pieces-of-today/224296407134"", ""description"": ""<b>손흥민</b>은 2026년 5월 25일 한국시간 미국 로스앤젤레스 BMO 스타디움에서 열린 LAFC와 시애틀 사운더스의 MLS 15라운드 경기에 선발 출전해 풀타임을 소화했고, 팀은 1-0으로 승리했습니다. 다만 <b>손흥민</b>은 슈팅... "", ""bloggername"": ""오늘의 조각들"", ""bloggerlink"": ""blog.naver.com/pieces-of-today"", ""postdate"": ""20260526""}"
손흥민,single_term_fallback,손흥민,나 혼자 유럽 여행 스물다섯번째 날 (런던 DAY6) | 쉼없이 달리다... ,https://blog.naver.com/wogjs8506/224296406968,20260526,여행의 종반부로 가는 중.. 글을 적는 이 순간도 아쉬운데 저 당시의 나도 슬슬 실감을 하고 있었겠지 여행의 시점과 무관하게 글을 적는 지금 눈이 새벽 4시에 떠져 잠을 못 이루다 이른 아침에 쓴다. 여행에서... ,헌 것. 지나간 모든 일의 가치,blog.naver.com/wogjs8506,naver_blog,손흥민,canonical,1.0,2026-05-26T11:52:46.738110+00:00,0,0,0,0,헌 것. 지나간 모든 일의 가치,여행의 종반부로 가는 중.. 글을 적는 이 순간도 아쉬운데 저 당시의 나도 슬슬 실감을 하고 있었겠지 여행의 시점과 무관하게 글을 적는 지금 눈이 새벽 4시에 떠져 잠을 못 이루다 이른 아침에 쓴다. 여행에서... ,"{""title"": ""나 혼자 유럽 여행 스물다섯번째 날 (런던 DAY6) | 쉼없이 달리다... "", ""link"": ""https://blog.naver.com/wogjs8506/224296406968"", ""description"": ""여행의 종반부로 가는 중.. 글을 적는 이 순간도 아쉬운데 저 당시의 나도 슬슬 실감을 하고 있었겠지 여행의 시점과 무관하게 글을 적는 지금 눈이 새벽 4시에 떠져 잠을 못 이루다 이른 아침에 쓴다. 여행에서... "", ""bloggername"": ""헌 것. 지나간 모든 일의 가치"", ""bloggerlink"": ""blog.naver.com/wogjs8506"", ""postdate"": ""20260526""}"
손흥민,single_term_fallback,손흥민,우리 동네 '돈줄' 쥔 단체장…권한 얼마나 되나 [사실은/XR],https://blog.naver.com/tkzenesis0892/224288474632,20260526,"…&quot;6달러를 4만 달러에&quot; 발칵 '캡틴' <b>손흥민</b>, 4번째 도전…이기혁은 '깜짝 발탁' 최대 100km 달린다…'국제 트레일 러닝 대회' 개막 이현중 '18점 폭발'…창단 첫 파이널 진출 견인 강백호·허인서... ",구경하는 고양이,blog.naver.com/tkzenesis0892,naver_blog,손흥민,canonical,1.0,2026-05-26T11:52:46.738110+00:00,0,0,0,0,구경하는 고양이,"…&quot;6달러를 4만 달러에&quot; 발칵 '캡틴' <b>손흥민</b>, 4번째 도전…이기혁은 '깜짝 발탁' 최대 100km 달린다…'국제 트레일 러닝 대회' 개막 이현중 '18점 폭발'…창단 첫 파이널 진출 견인 강백호·허인서... ","{""title"": ""우리 동네 '돈줄' 쥔 단체장…권한 얼마나 되나 [사실은/XR]"", ""link"": ""https://blog.naver.com/tkzenesis0892/224288474632"", ""description"": ""…&quot;6달러를 4만 달러에&quot; 발칵 '캡틴' <b>손흥민</b>, 4번째 도전…이기혁은 '깜짝 발탁' 최대 100km 달린다…'국제 트레일 러닝 대회' 개막 이현중 '18점 폭발'…창단 첫 파이널 진출 견인 강백호·허인서... "", ""bloggername"": ""구경하는 고양이"", ""bloggerlink"": ""blog.naver.com/tkzenesis0892"", ""postdate"": ""20260526""}"
손흥민,single_term_fallback,손흥민,[FIFA 단독] 네 번째 월드컵 준비 중인 <b>손흥민</b>이 팬들에게... ,https://blog.naver.com/fifapluskorea/224296405420,20260526,"그러나 이 말을 들은 국제축구연맹(FIFA)과 마주앉은 대한민국 대표팀의 8년 차 주장 <b>손흥민</b>(92년생, LAFC)은 고개를 가로저었다. FIFA, <b>손흥민</b> 단독 인터뷰 &quot;국가대표, 무게라고 생각한 적 없다&quot; <b>손흥민</b>의 당부... ",네이버스포츠 공식 스토리텔러,blog.naver.com/fifapluskorea,naver_blog,손흥민,canonical,1.0,2026-05-26T11:52:46.738110+00:00,0,0,0,0,네이버스포츠 공식 스토리텔러,"그러나 이 말을 들은 국제축구연맹(FIFA)과 마주앉은 대한민국 대표팀의 8년 차 주장 <b>손흥민</b>(92년생, LAFC)은 고개를 가로저었다. FIFA, <b>손흥민</b> 단독 인터뷰 &quot;국가대표, 무게라고 생각한 적 없다&quot; <b>손흥민</b>의 당부... ","{""title"": ""[FIFA 단독] 네 번째 월드컵 준비 중인 <b>손흥민</b>이 팬들에게... "", ""link"": ""https://blog.naver.com/fifapluskorea/224296405420"", ""description"": ""그러나 이 말을 들은 국제축구연맹(FIFA)과 마주앉은 대한민국 대표팀의 8년 차 주장 <b>손흥민</b>(92년생, LAFC)은 고개를 가로저었다. FIFA, <b>손흥민</b> 단독 인터뷰 &quot;국가대표, 무게라고 생각한 적 없다&quot; <b>손흥민</b>의 당부... "", ""bloggername"": ""네이버스포츠 공식 스토리텔러"", ""bloggerlink"": ""blog.naver.com/fifapluskorea"", ""postdate"": ""20260526""}"
손흥민,single_term_fallback,손흥민,“남길 선수 10~12명 정도뿐” 토트넘 데 제르비 폭탄 선언!... ,https://blog.naver.com/kkomansmaile/224296402770,20260526,나 빼고 다 읽은 글 #토트넘 #데제르비 #EPL #프리미어리그 #토트넘잔류 #토트넘리빌딩 #ENICOUT #팔리냐 #해외축구 #축구뉴스 #유럽축구 #<b>손흥민</b> #토트넘홋스퍼 #축구이슈 #프리미어리그잔류 #토트넘개편 #축구... ,톳늠,blog.naver.com/kkomansmaile,naver_blog,손흥민,canonical,1.0,2026-05-26T11:52:46.738110+00:00,0,0,0,0,톳늠,나 빼고 다 읽은 글 #토트넘 #데제르비 #EPL #프리미어리그 #토트넘잔류 #토트넘리빌딩 #ENICOUT #팔리냐 #해외축구 #축구뉴스 #유럽축구 #<b>손흥민</b> #토트넘홋스퍼 #축구이슈 #프리미어리그잔류 #토트넘개편 #축구... ,"{""title"": ""“남길 선수 10~12명 정도뿐” 토트넘 데 제르비 폭탄 선언!... "", ""link"": ""https://blog.naver.com/kkomansmaile/224296402770"", ""description"": ""나 빼고 다 읽은 글 #토트넘 #데제르비 #EPL #프리미어리그 #토트넘잔류 #토트넘리빌딩 #ENICOUT #팔리냐 #해외축구 #축구뉴스 #유럽축구 #<b>손흥민</b> #토트넘홋스퍼 #축구이슈 #프리미어리그잔류 #토트넘개편 #축구... "", ""bloggername"": ""톳늠"", ""bloggerlink"": ""blog.naver.com/kkomansmaile"", ""postdate"": ""20260526""}"
손흥민,single_term_fallback,손흥민,전북 익산 맛집 | 바삭한 오리날개튀김이 미친 “오리꽃튀김”... ,https://blog.naver.com/choisu2007/224296401506,20260526,저녁 8시쯤 도착했을 때 이미 자리는 만석이었고 서울에서 내려왔다고 말씀드리니 자리 날 때까지 김치냉장고 위에서 식사해도 괜찮겠냐고 물어봐주셔서 <b>손흥민</b> 선수와 마주보며 식사를 했습니다 ㅋㅋ &lt;메뉴판... ,미정,blog.naver.com/choisu2007,naver_blog,손흥민,canonical,1.0,2026-05-26T11:52:46.738110+00:00,0,0,0,0,미정,저녁 8시쯤 도착했을 때 이미 자리는 만석이었고 서울에서 내려왔다고 말씀드리니 자리 날 때까지 김치냉장고 위에서 식사해도 괜찮겠냐고 물어봐주셔서 <b>손흥민</b> 선수와 마주보며 식사를 했습니다 ㅋㅋ &lt;메뉴판... ,"{""title"": ""전북 익산 맛집 | 바삭한 오리날개튀김이 미친 “오리꽃튀김”... "", ""link"": ""https://blog.naver.com/choisu2007/224296401506"", ""description"": ""저녁 8시쯤 도착했을 때 이미 자리는 만석이었고 서울에서 내려왔다고 말씀드리니 자리 날 때까지 김치냉장고 위에서 식사해도 괜찮겠냐고 물어봐주셔서 <b>손흥민</b> 선수와 마주보며 식사를 했습니다 ㅋㅋ &lt;메뉴판... "", ""bloggername"": ""미정"", ""bloggerlink"": ""blog.naver.com/choisu2007"", ""postdate"": ""20260526""}"
손흥민,single_term_fallback,손흥민,MC몽 폭로 에테르노 차준영 회장은 누구? 황신혜 불륜설... ,https://blog.naver.com/hawonhawon/224295134776,20260526,"에테르노는 가수 아이유, 축구선수 <b>손흥민</b>, 배우 황정음 등 톱스타들이 수백억 원을 들여 분양받아 큰 화제가 된 곳입니다. 또한 그는 최근 MC몽과 경영권 갈등을 빚은 연예기획사 '원헌드레드(피아크그룹)... ",오늘 뉴스 한눈에,blog.naver.com/hawonhawon,naver_blog,손흥민,canonical,1.0,2026-05-26T11:52:46.738110+00:00,0,0,0,0,오늘 뉴스 한눈에,"에테르노는 가수 아이유, 축구선수 <b>손흥민</b>, 배우 황정음 등 톱스타들이 수백억 원을 들여 분양받아 큰 화제가 된 곳입니다. 또한 그는 최근 MC몽과 경영권 갈등을 빚은 연예기획사 '원헌드레드(피아크그룹)... ","{""title"": ""MC몽 폭로 에테르노 차준영 회장은 누구? 황신혜 불륜설... "", ""link"": ""https://blog.naver.com/hawonhawon/224295134776"", ""description"": ""에테르노는 가수 아이유, 축구선수 <b>손흥민</b>, 배우 황정음 등 톱스타들이 수백억 원을 들여 분양받아 큰 화제가 된 곳입니다. 또한 그는 최근 MC몽과 경영권 갈등을 빚은 연예기획사 '원헌드레드(피아크그룹)... "", ""bloggername"": ""오늘 뉴스 한눈에"", ""bloggerlink"": ""blog.naver.com/hawonhawon"", ""postdate"": ""20260526""}"
손흥민,single_term_fallback,손흥민,"♧ <b>손흥민</b>, 슈팅 7개에도 골 침묵…우려속 대표팀 합류",https://blog.naver.com/shk1144110/224296391545,20260526,,shk1144110님의 블로그,blog.naver.com/shk1144110,naver_blog,손흥민,canonical,1.0,2026-05-26T11:52:46.738110+00:00,0,0,0,0,shk1144110님의 블로그,,"{""title"": ""♧ <b>손흥민</b>, 슈팅 7개에도 골 침묵…우려속 대표팀 합류"", ""link"": ""https://blog.naver.com/shk1144110/224296391545"", ""description"": """", ""bloggername"": ""shk1144110님의 블로그"", ""bloggerlink"": ""blog.naver.com/shk1144110"", ""postdate"": ""20260526""}"
손흥민,single_term_fallback,손흥민,&quot;원형 탈모 아니에요&quot; <b>손흥민</b> 직접 해명에 팬들 가슴 쓸어내린... ,https://blog.naver.com/ghs102102/224296387973,20260526,"2026년 북중미 월드컵을 앞두고 소속팀에서 마지막 경기를 치른 <b>손흥민</b> 선수의 소식에 국내 축구 팬들의... 전반 6분경 <b>손흥민</b>이 슈팅을 시도한 직후 카메라에 그의 뒷모습이 클로즈업되었는데, 이 과정에서... ",베이스러너,blog.naver.com/ghs102102,naver_blog,손흥민,canonical,1.0,2026-05-26T11:52:46.738110+00:00,0,0,0,0,베이스러너,"2026년 북중미 월드컵을 앞두고 소속팀에서 마지막 경기를 치른 <b>손흥민</b> 선수의 소식에 국내 축구 팬들의... 전반 6분경 <b>손흥민</b>이 슈팅을 시도한 직후 카메라에 그의 뒷모습이 클로즈업되었는데, 이 과정에서... ","{""title"": ""&quot;원형 탈모 아니에요&quot; <b>손흥민</b> 직접 해명에 팬들 가슴 쓸어내린... "", ""link"": ""https://blog.naver.com/ghs102102/224296387973"", ""description"": ""2026년 북중미 월드컵을 앞두고 소속팀에서 마지막 경기를 치른 <b>손흥민</b> 선수의 소식에 국내 축구 팬들의... 전반 6분경 <b>손흥민</b>이 슈팅을 시도한 직후 카메라에 그의 뒷모습이 클로즈업되었는데, 이 과정에서... "", ""bloggername"": ""베이스러너"", ""bloggerlink"": ""blog.naver.com/ghs102102"", ""postdate"": ""20260526""}"
손흥민,single_term_fallback,손흥민,축구팬 맞춤! 토트넘 <b>손흥민</b> 사인볼 구매 전 체크리스트,https://blog.naver.com/3suylcen/224296386674,20260526,↑상세페이지 보러가기↑ 축구를 사랑하는 팬이라면 하나쯤 갖고 싶을 토트넘 <b>손흥민</b> 사인볼에 대해 알아보자. 이 제품은 특히 <b>손흥민</b> 선수를 좋아하는 고등학생들에게 인기가 많아. 하지만 구매 전에... ,3suylcen님의 블로그,blog.naver.com/3suylcen,naver_blog,손흥민,canonical,1.0,2026-05-26T11:52:46.738110+00:00,0,0,0,0,3suylcen님의 블로그,↑상세페이지 보러가기↑ 축구를 사랑하는 팬이라면 하나쯤 갖고 싶을 토트넘 <b>손흥민</b> 사인볼에 대해 알아보자. 이 제품은 특히 <b>손흥민</b> 선수를 좋아하는 고등학생들에게 인기가 많아. 하지만 구매 전에... ,"{""title"": ""축구팬 맞춤! 토트넘 <b>손흥민</b> 사인볼 구매 전 체크리스트"", ""link"": ""https://blog.naver.com/3suylcen/224296386674"", ""description"": ""↑상세페이지 보러가기↑ 축구를 사랑하는 팬이라면 하나쯤 갖고 싶을 토트넘 <b>손흥민</b> 사인볼에 대해 알아보자. 이 제품은 특히 <b>손흥민</b> 선수를 좋아하는 고등학생들에게 인기가 많아. 하지만 구매 전에... "", ""bloggername"": ""3suylcen님의 블로그"", ""bloggerlink"": ""blog.naver.com/3suylcen"", ""postdate"": ""20260526""}"
손흥민,single_term_fallback,손흥민,'직무유기' 조태용 다음주 1심 선고…건진법사 2심 결론도,https://blog.naver.com/cosmostks/224288578458,20260526,다시 '이란의 시간' 민주 &quot;GTX '순살시공' 충격&quot;…오세훈 맹폭 북중미행 최종 명단 공개…<b>손흥민</b>·김승규 4연속 월드컵 대만 &quot;무기 판매는 미국법에 명시된 안보 약속&quot; &quot;9년 전과 달랐던 미·중&quot;…대만... ,코스모스 향기 날리는 계절,blog.naver.com/cosmostks,naver_blog,손흥민,canonical,1.0,2026-05-26T11:52:46.738110+00:00,0,0,0,0,코스모스 향기 날리는 계절,다시 '이란의 시간' 민주 &quot;GTX '순살시공' 충격&quot;…오세훈 맹폭 북중미행 최종 명단 공개…<b>손흥민</b>·김승규 4연속 월드컵 대만 &quot;무기 판매는 미국법에 명시된 안보 약속&quot; &quot;9년 전과 달랐던 미·중&quot;…대만... ,"{""title"": ""'직무유기' 조태용 다음주 1심 선고…건진법사 2심 결론도"", ""link"": ""https://blog.naver.com/cosmostks/224288578458"", ""description"": ""다시 '이란의 시간' 민주 &quot;GTX '순살시공' 충격&quot;…오세훈 맹폭 북중미행 최종 명단 공개…<b>손흥민</b>·김승규 4연속 월드컵 대만 &quot;무기 판매는 미국법에 명시된 안보 약속&quot; &quot;9년 전과 달랐던 미·중&quot;…대만... "", ""bloggername"": ""코스모스 향기 날리는 계절"", ""bloggerlink"": ""blog.naver.com/cosmostks"", ""postdate"": ""20260526""}"
손흥민,single_term_fallback,손흥민,제주 오메기떡 제주공항 근처에서 맛보는 특별한 디저트,https://blog.naver.com/sihyun5313/224296375412,20260526,"특히 <b>손흥민</b> 선수의 유니폼과 사인도 있어 축구 팬들에게는 성지와도 같은 장소에요. 이 외에도 다양한 연예인들의 방문 인증샷들이 걸려 있어, 그들 또한 이 맛을 인정했다는 점에서 더욱 매력적으로... ",시현의 시시하지 않은 하루.,blog.naver.com/sihyun5313,naver_blog,손흥민,canonical,1.0,2026-05-26T11:52:46.738110+00:00,0,0,0,0,시현의 시시하지 않은 하루.,"특히 <b>손흥민</b> 선수의 유니폼과 사인도 있어 축구 팬들에게는 성지와도 같은 장소에요. 이 외에도 다양한 연예인들의 방문 인증샷들이 걸려 있어, 그들 또한 이 맛을 인정했다는 점에서 더욱 매력적으로... ","{""title"": ""제주 오메기떡 제주공항 근처에서 맛보는 특별한 디저트"", ""link"": ""https://blog.naver.com/sihyun5313/224296375412"", ""description"": ""특히 <b>손흥민</b> 선수의 유니폼과 사인도 있어 축구 팬들에게는 성지와도 같은 장소에요. 이 외에도 다양한 연예인들의 방문 인증샷들이 걸려 있어, 그들 또한 이 맛을 인정했다는 점에서 더욱 매력적으로... "", ""bloggername"": ""시현의 시시하지 않은 하루."", ""bloggerlink"": ""blog.naver.com/sihyun5313"", ""postdate"": ""20260526""}"
손흥민,single_term_fallback,손흥민,호날두 6번째 월드컵 확정 단순 기록 넘어선 그의 진짜 의미,https://blog.naver.com/pshoewer/224296362566,20260526,"(멕시코) <b>손흥민</b>이 꼽은 '영원한 롤모델' 호날두 By 맨날배아파 우리나라의 자랑, <b>손흥민</b> 선수 역시 호날두를 자신의 '영원한 롤모델'로 꼽았습니다. 과거 유벤투스와의 친선 경기에서 호날두와 유니폼을... ",그래 미쳐보는거다,blog.naver.com/pshoewer,naver_blog,손흥민,canonical,1.0,2026-05-26T11:52:46.738110+00:00,0,0,0,0,그래 미쳐보는거다,"(멕시코) <b>손흥민</b>이 꼽은 '영원한 롤모델' 호날두 By 맨날배아파 우리나라의 자랑, <b>손흥민</b> 선수 역시 호날두를 자신의 '영원한 롤모델'로 꼽았습니다. 과거 유벤투스와의 친선 경기에서 호날두와 유니폼을... ","{""title"": ""호날두 6번째 월드컵 확정 단순 기록 넘어선 그의 진짜 의미"", ""link"": ""https://blog.naver.com/pshoewer/224296362566"", ""description"": ""(멕시코) <b>손흥민</b>이 꼽은 '영원한 롤모델' 호날두 By 맨날배아파 우리나라의 자랑, <b>손흥민</b> 선수 역시 호날두를 자신의 '영원한 롤모델'로 꼽았습니다. 과거 유벤투스와의 친선 경기에서 호날두와 유니폼을... "", ""bloggername"": ""그래 미쳐보는거다"", ""bloggerlink"": ""blog.naver.com/pshoewer"", ""postdate"": ""20260526""}"
손흥민,single_term_fallback,손흥민,차범근의 눈물 “다 축구인의 잘못입니다”… 대표팀 응원... ,https://blog.naver.com/kms944000/224296368124,20260526,"<b>손흥민</b>, 김민재, 이강인 같은 세계적인 선수들이 있는 세대입니다. 팬들은 이 대표팀이 더 잘할 수... <b>손흥민</b>은 여전히 한국 축구의 상징입니다. 김민재는 유럽 빅리그에서 검증된 수비수입니다. 이강인은... ",수다쟁이 쥔장,blog.naver.com/kms944000,naver_blog,손흥민,canonical,1.0,2026-05-26T11:52:46.738110+00:00,0,0,0,0,수다쟁이 쥔장,"<b>손흥민</b>, 김민재, 이강인 같은 세계적인 선수들이 있는 세대입니다. 팬들은 이 대표팀이 더 잘할 수... <b>손흥민</b>은 여전히 한국 축구의 상징입니다. 김민재는 유럽 빅리그에서 검증된 수비수입니다. 이강인은... ","{""title"": ""차범근의 눈물 “다 축구인의 잘못입니다”… 대표팀 응원... "", ""link"": ""https://blog.naver.com/kms944000/224296368124"", ""description"": ""<b>손흥민</b>, 김민재, 이강인 같은 세계적인 선수들이 있는 세대입니다. 팬들은 이 대표팀이 더 잘할 수... <b>손흥민</b>은 여전히 한국 축구의 상징입니다. 김민재는 유럽 빅리그에서 검증된 수비수입니다. 이강인은... "", ""bloggername"": ""수다쟁이 쥔장"", ""bloggerlink"": ""blog.naver.com/kms944000"", ""postdate"": ""20260526""}"
손흥민,single_term_fallback,손흥민,"&quot;스트레스받을 일 없어요&quot;…<b>손흥민</b>, 전 세계 팬들 놀라게 한... ",https://blog.naver.com/melovems/224296365766,20260526,<b>손흥민</b>은 5월 25일 자신의 SNS에 “원형탈모 아니에요. 걱정 마세요. 스트레스 받을 일이 없는데 월드컵... 번졌지만 <b>손흥민</b>의 직접 해명으로 루머는 일단 진정되는 분위기다 왜 이런 루머가 나왔나 이번 논란은... ,lovely ♡,blog.naver.com/melovems,naver_blog,손흥민,canonical,1.0,2026-05-26T11:52:46.738110+00:00,0,0,0,0,lovely ♡,<b>손흥민</b>은 5월 25일 자신의 SNS에 “원형탈모 아니에요. 걱정 마세요. 스트레스 받을 일이 없는데 월드컵... 번졌지만 <b>손흥민</b>의 직접 해명으로 루머는 일단 진정되는 분위기다 왜 이런 루머가 나왔나 이번 논란은... ,"{""title"": ""&quot;스트레스받을 일 없어요&quot;…<b>손흥민</b>, 전 세계 팬들 놀라게 한... "", ""link"": ""https://blog.naver.com/melovems/224296365766"", ""description"": ""<b>손흥민</b>은 5월 25일 자신의 SNS에 “원형탈모 아니에요. 걱정 마세요. 스트레스 받을 일이 없는데 월드컵... 번졌지만 <b>손흥민</b>의 직접 해명으로 루머는 일단 진정되는 분위기다 왜 이런 루머가 나왔나 이번 논란은... "", ""bloggername"": ""lovely ♡"", ""bloggerlink"": ""blog.naver.com/melovems"", ""postdate"": ""20260526""}"
손흥민,single_term_fallback,손흥민,언론사별.랭킹뉴스..네이버(언론사제공) 2026년5월26일,https://blog.naver.com/c1c1b1b1/224296365758,20260526,"가르쳐&quot;… <b>손흥민</b>, 미국 매체서 이례적 '결혼' 언급 왜?6시간전 5위 고속버스 짐칸 열었더니 비단뱀이 '스르륵'…시민들 '기겁'17시간전 비즈워치 1위 &quot;월급 반만 받고 쉴래요&quot;…대우건설 '리프레시 휴가... ",5천만 국민.질병 없는.백년건강 위하여~~~,blog.naver.com/c1c1b1b1,naver_blog,손흥민,canonical,1.0,2026-05-26T11:52:46.738110+00:00,0,0,0,0,5천만 국민.질병 없는.백년건강 위하여~~~,"가르쳐&quot;… <b>손흥민</b>, 미국 매체서 이례적 '결혼' 언급 왜?6시간전 5위 고속버스 짐칸 열었더니 비단뱀이 '스르륵'…시민들 '기겁'17시간전 비즈워치 1위 &quot;월급 반만 받고 쉴래요&quot;…대우건설 '리프레시 휴가... ","{""title"": ""언론사별.랭킹뉴스..네이버(언론사제공) 2026년5월26일"", ""link"": ""https://blog.naver.com/c1c1b1b1/224296365758"", ""description"": ""가르쳐&quot;… <b>손흥민</b>, 미국 매체서 이례적 '결혼' 언급 왜?6시간전 5위 고속버스 짐칸 열었더니 비단뱀이 '스르륵'…시민들 '기겁'17시간전 비즈워치 1위 &quot;월급 반만 받고 쉴래요&quot;…대우건설 '리프레시 휴가... "", ""bloggername"": ""5천만 국민.질병 없는.백년건강 위하여~~~"", ""bloggerlink"": ""blog.naver.com/c1c1b1b1"", ""postdate"": ""20260526""}"
손흥민,single_term_fallback,손흥민,"캡틴 <b>손흥민</b>의 진심, 월드컵 앞두고 밝힌 각오와 해명",https://blog.naver.com/kbo-fan/224296364961,20260526,"월드컵을 앞둔 지금 이 시점, 캡틴 <b>손흥민</b>의 솔직한 마음은 과연 어떤 상태일까요? 북중미 월드컵을 앞두고 있는 캡틴 <b>손흥민</b>의 새로운 근황이 관심을 모으고 있어요. 소속팀 마지막 경기를 끝낸 뒤 팬들에게... ",그깟공노리,blog.naver.com/kbo-fan,naver_blog,손흥민,canonical,1.0,2026-05-26T11:52:46.738110+00:00,0,0,0,0,그깟공노리,"월드컵을 앞둔 지금 이 시점, 캡틴 <b>손흥민</b>의 솔직한 마음은 과연 어떤 상태일까요? 북중미 월드컵을 앞두고 있는 캡틴 <b>손흥민</b>의 새로운 근황이 관심을 모으고 있어요. 소속팀 마지막 경기를 끝낸 뒤 팬들에게... ","{""title"": ""캡틴 <b>손흥민</b>의 진심, 월드컵 앞두고 밝힌 각오와 해명"", ""link"": ""https://blog.naver.com/kbo-fan/224296364961"", ""description"": ""월드컵을 앞둔 지금 이 시점, 캡틴 <b>손흥민</b>의 솔직한 마음은 과연 어떤 상태일까요? 북중미 월드컵을 앞두고 있는 캡틴 <b>손흥민</b>의 새로운 근황이 관심을 모으고 있어요. 소속팀 마지막 경기를 끝낸 뒤 팬들에게... "", ""bloggername"": ""그깟공노리"", ""bloggerlink"": ""blog.naver.com/kbo-fan"", ""postdate"": ""20260526""}"
손흥민,single_term_fallback,손흥민,[스포츠/해외축구] 영국 잉글랜드 프리미어리그 25/26 시즌... ,https://blog.naver.com/dearjjuly/224296364133,20260526,"토트넘 그리고 프리미어리그 축구 3년차 팬으로써, <b>손흥민</b>이 떠난 이번 시즌은 또 그 나름대로 다이나믹함이 있었다. 나 쏘니 팬인 줄 알았는데, 토트넘 경기 때문에 울고 웃는 걸 보면, 자연스럽게... ",dear. J,blog.naver.com/dearjjuly,naver_blog,손흥민,canonical,1.0,2026-05-26T11:52:46.738110+00:00,0,0,0,0,dear. J,"토트넘 그리고 프리미어리그 축구 3년차 팬으로써, <b>손흥민</b>이 떠난 이번 시즌은 또 그 나름대로 다이나믹함이 있었다. 나 쏘니 팬인 줄 알았는데, 토트넘 경기 때문에 울고 웃는 걸 보면, 자연스럽게... ","{""title"": ""[스포츠/해외축구] 영국 잉글랜드 프리미어리그 25/26 시즌... "", ""link"": ""https://blog.naver.com/dearjjuly/224296364133"", ""description"": ""토트넘 그리고 프리미어리그 축구 3년차 팬으로써, <b>손흥민</b>이 떠난 이번 시즌은 또 그 나름대로 다이나믹함이 있었다. 나 쏘니 팬인 줄 알았는데, 토트넘 경기 때문에 울고 웃는 걸 보면, 자연스럽게... "", ""bloggername"": ""dear. J"", ""bloggerlink"": ""blog.naver.com/dearjjuly"", ""postdate"": ""20260526""}"
손흥민,single_term_fallback,손흥민,"전북현대 영구결번 20번 이동국, K리그의 왕이자 국가대표... ",https://blog.naver.com/gung_joo2/224296171537,20260526,"2선으로 내려와 수비를 유인하고 측면의 크랙(에닝요, 로페즈 등)이나 <b>손흥민</b> 같은 선수들에게 킬패스를 찔러주는 '링크 플레이어' 역할을 완벽히 수행했으며, 이는 2011년 K리그 도움왕 타이틀로... ",세상의 모든것,blog.naver.com/gung_joo2,naver_blog,손흥민,canonical,1.0,2026-05-26T11:52:46.738110+00:00,0,0,0,0,세상의 모든것,"2선으로 내려와 수비를 유인하고 측면의 크랙(에닝요, 로페즈 등)이나 <b>손흥민</b> 같은 선수들에게 킬패스를 찔러주는 '링크 플레이어' 역할을 완벽히 수행했으며, 이는 2011년 K리그 도움왕 타이틀로... ","{""title"": ""전북현대 영구결번 20번 이동국, K리그의 왕이자 국가대표... "", ""link"": ""https://blog.naver.com/gung_joo2/224296171537"", ""description"": ""2선으로 내려와 수비를 유인하고 측면의 크랙(에닝요, 로페즈 등)이나 <b>손흥민</b> 같은 선수들에게 킬패스를 찔러주는 '링크 플레이어' 역할을 완벽히 수행했으며, 이는 2011년 K리그 도움왕 타이틀로... "", ""bloggername"": ""세상의 모든것"", ""bloggerlink"": ""blog.naver.com/gung_joo2"", ""postdate"": ""20260526""}"
손흥민,single_term_fallback,손흥민,루미,https://blog.naver.com/zzalforyou/224296360136,20260526,허찬미미스트롯4 #<b>손흥민</b>경기보러la로떠난여배우근황 #외도폭력 #19살에애엄마 #재벌가남편과극비결혼 #린샤오쥔황대헌 #외국인7조 #빙상최고미녀이유빈 #올림픽연금기준 #미국이란전쟁주가 #트럼프관세... ,짤뽀의 ForYou,blog.naver.com/zzalforyou,naver_blog,손흥민,canonical,1.0,2026-05-26T11:52:46.738110+00:00,0,0,0,0,짤뽀의 ForYou,허찬미미스트롯4 #<b>손흥민</b>경기보러la로떠난여배우근황 #외도폭력 #19살에애엄마 #재벌가남편과극비결혼 #린샤오쥔황대헌 #외국인7조 #빙상최고미녀이유빈 #올림픽연금기준 #미국이란전쟁주가 #트럼프관세... ,"{""title"": ""루미"", ""link"": ""https://blog.naver.com/zzalforyou/224296360136"", ""description"": ""허찬미미스트롯4 #<b>손흥민</b>경기보러la로떠난여배우근황 #외도폭력 #19살에애엄마 #재벌가남편과극비결혼 #린샤오쥔황대헌 #외국인7조 #빙상최고미녀이유빈 #올림픽연금기준 #미국이란전쟁주가 #트럼프관세... "", ""bloggername"": ""짤뽀의 ForYou"", ""bloggerlink"": ""blog.naver.com/zzalforyou"", ""postdate"": ""20260526""}"
손흥민,single_term_fallback,손흥민,한눈에 보는* 야구.해외야구.축구.해외축구.농구.... ,https://blog.naver.com/c1c1b1b1/224296359602,20260526,"한 눈에 보는 국내야구 소식 기억나, 김혜성과 백투백? 버건디 유니폼 입은 ‘ML 50홈런’ 히우라 “팀 상황 잘 알아, 매 경기 이기다 보면…” [SS시선집중] 이소영 기자 박재현, 세이브! 판독 결과?... ",5천만 국민.질병 없는.백년건강 위하여~~~,blog.naver.com/c1c1b1b1,naver_blog,손흥민,canonical,1.0,2026-05-26T11:52:46.738110+00:00,0,0,0,0,5천만 국민.질병 없는.백년건강 위하여~~~,"한 눈에 보는 국내야구 소식 기억나, 김혜성과 백투백? 버건디 유니폼 입은 ‘ML 50홈런’ 히우라 “팀 상황 잘 알아, 매 경기 이기다 보면…” [SS시선집중] 이소영 기자 박재현, 세이브! 판독 결과?... ","{""title"": ""한눈에 보는* 야구.해외야구.축구.해외축구.농구.... "", ""link"": ""https://blog.naver.com/c1c1b1b1/224296359602"", ""description"": ""한 눈에 보는 국내야구 소식 기억나, 김혜성과 백투백? 버건디 유니폼 입은 ‘ML 50홈런’ 히우라 “팀 상황 잘 알아, 매 경기 이기다 보면…” [SS시선집중] 이소영 기자 박재현, 세이브! 판독 결과?... "", ""bloggername"": ""5천만 국민.질병 없는.백년건강 위하여~~~"", ""bloggerlink"": ""blog.naver.com/c1c1b1b1"", ""postdate"": ""20260526""}"
손흥민,single_term_fallback,손흥민,토트넘 맨시티 중계 | <b>손흥민</b> 중계 경기 일정 2월 20일... ,https://seoulwelfare.tistory.com/142,20260526,토트넘 맨시티 중계 | <b>손흥민</b> 중계 경기 일정 2월 20일 프리미어리그 생중계 EPL 하이라이트 2022 채널... https://oculus-vr.co.kr/tottenham-manchester-city-0220/ 토트넘 맨시티 중계 | <b>손흥민</b> 중계 경기 일정 2월 20일... ,서울여행,https://seoulwelfare.tistory.com/,naver_blog,손흥민,canonical,1.0,2026-05-26T11:52:46.738110+00:00,0,0,0,0,서울여행,토트넘 맨시티 중계 | <b>손흥민</b> 중계 경기 일정 2월 20일 프리미어리그 생중계 EPL 하이라이트 2022 채널... https://oculus-vr.co.kr/tottenham-manchester-city-0220/ 토트넘 맨시티 중계 | <b>손흥민</b> 중계 경기 일정 2월 20일... ,"{""title"": ""토트넘 맨시티 중계 | <b>손흥민</b> 중계 경기 일정 2월 20일... "", ""link"": ""https://seoulwelfare.tistory.com/142"", ""description"": ""토트넘 맨시티 중계 | <b>손흥민</b> 중계 경기 일정 2월 20일 프리미어리그 생중계 EPL 하이라이트 2022 채널... https://oculus-vr.co.kr/tottenham-manchester-city-0220/ 토트넘 맨시티 중계 | <b>손흥민</b> 중계 경기 일정 2월 20일... "", ""bloggername"": ""서울여행"", ""bloggerlink"": ""https://seoulwelfare.tistory.com/"", ""postdate"": ""20260526""}"
손흥민,single_term_fallback,손흥민,"<b>손흥민</b> MLS 0골 9도움 그대로 월드컵 간다, 진짜 문제없는 거... ",https://blog.naver.com/major_pick/224296357709,20260526,"팀 이겼다, <b>손흥민</b>은 0골 출처: LAFC 공식 SNS 2026년 5월 25일, LAFC가 BMO 스타디움에서 시애틀... 그런데 <b>손흥민</b>은 또 침묵했다. <b>손흥민</b>은 4-3-3 최전방 공격수로 선발 출전해 슈팅 7번을 날렸다. 단 하나도... ",major_pick님의 블로그,blog.naver.com/major_pick,naver_blog,손흥민,canonical,1.0,2026-05-26T11:52:46.738110+00:00,0,0,0,0,major_pick님의 블로그,"팀 이겼다, <b>손흥민</b>은 0골 출처: LAFC 공식 SNS 2026년 5월 25일, LAFC가 BMO 스타디움에서 시애틀... 그런데 <b>손흥민</b>은 또 침묵했다. <b>손흥민</b>은 4-3-3 최전방 공격수로 선발 출전해 슈팅 7번을 날렸다. 단 하나도... ","{""title"": ""<b>손흥민</b> MLS 0골 9도움 그대로 월드컵 간다, 진짜 문제없는 거... "", ""link"": ""https://blog.naver.com/major_pick/224296357709"", ""description"": ""팀 이겼다, <b>손흥민</b>은 0골 출처: LAFC 공식 SNS 2026년 5월 25일, LAFC가 BMO 스타디움에서 시애틀... 그런데 <b>손흥민</b>은 또 침묵했다. <b>손흥민</b>은 4-3-3 최전방 공격수로 선발 출전해 슈팅 7번을 날렸다. 단 하나도... "", ""bloggername"": ""major_pick님의 블로그"", ""bloggerlink"": ""blog.naver.com/major_pick"", ""postdate"": ""20260526""}"
손흥민,single_term_fallback,손흥민,2026 부산 '맥주축제' 센텀방문 후기!!,https://blog.naver.com/xdhxzz_/224296356139,20260526,부산 맥주축제 다녀왔어요 !!!! 사촌동생들이랑 총 7명!!!!! 축제는 사람이 많으면 많을수록 즐겁쟈나요!! 암튼 예매를 먼저해서 갔어요 https://ticket.yes24.com/Perf/57855 여기서 예매하면 되는데!! 저희는 일반으로... ,그냥저냥,blog.naver.com/xdhxzz_,naver_blog,손흥민,canonical,1.0,2026-05-26T11:52:46.738110+00:00,0,0,0,0,그냥저냥,부산 맥주축제 다녀왔어요 !!!! 사촌동생들이랑 총 7명!!!!! 축제는 사람이 많으면 많을수록 즐겁쟈나요!! 암튼 예매를 먼저해서 갔어요 https://ticket.yes24.com/Perf/57855 여기서 예매하면 되는데!! 저희는 일반으로... ,"{""title"": ""2026 부산 '맥주축제' 센텀방문 후기!!"", ""link"": ""https://blog.naver.com/xdhxzz_/224296356139"", ""description"": ""부산 맥주축제 다녀왔어요 !!!! 사촌동생들이랑 총 7명!!!!! 축제는 사람이 많으면 많을수록 즐겁쟈나요!! 암튼 예매를 먼저해서 갔어요 https://ticket.yes24.com/Perf/57855 여기서 예매하면 되는데!! 저희는 일반으로... "", ""bloggername"": ""그냥저냥"", ""bloggerlink"": ""blog.naver.com/xdhxzz_"", ""postdate"": ""20260526""}"
손흥민,single_term_fallback,손흥민,어둠 밝힌 대규모 행렬…선두에 '특별한 스님들',https://blog.naver.com/costcomaniaaa/224288593287,20260526,"…&quot;6달러를 4만 달러에&quot; 발칵 '캡틴' <b>손흥민</b>, 4번째 도전…이기혁은 '깜짝 발탁' 최대 100km 달린다…'국제 트레일 러닝 대회' 개막 이현중 '18점 폭발'…창단 첫 파이널 진출 견인 #SBS #SBS뉴스 #SBSNEWS",코스트코 매니아,blog.naver.com/costcomaniaaa,naver_blog,손흥민,canonical,1.0,2026-05-26T11:52:46.738110+00:00,0,0,0,0,코스트코 매니아,"…&quot;6달러를 4만 달러에&quot; 발칵 '캡틴' <b>손흥민</b>, 4번째 도전…이기혁은 '깜짝 발탁' 최대 100km 달린다…'국제 트레일 러닝 대회' 개막 이현중 '18점 폭발'…창단 첫 파이널 진출 견인 #SBS #SBS뉴스 #SBSNEWS","{""title"": ""어둠 밝힌 대규모 행렬…선두에 '특별한 스님들'"", ""link"": ""https://blog.naver.com/costcomaniaaa/224288593287"", ""description"": ""…&quot;6달러를 4만 달러에&quot; 발칵 '캡틴' <b>손흥민</b>, 4번째 도전…이기혁은 '깜짝 발탁' 최대 100km 달린다…'국제 트레일 러닝 대회' 개막 이현중 '18점 폭발'…창단 첫 파이널 진출 견인 #SBS #SBS뉴스 #SBSNEWS"", ""bloggername"": ""코스트코 매니아"", ""bloggerlink"": ""blog.naver.com/costcomaniaaa"", ""postdate"": ""20260526""}"
손흥민,single_term_fallback,손흥민,[지식인이야기] 나이는 숫자에 불과하다! 72세 강철진... ,https://blog.naver.com/issueanalist/224296128740,20260526,"또한, 축구 팀을 구하기 어렵거나 공을 쫓아다니기 번거로울 때는 수박 파는 그물망에 축구공을 넣어 제자리에서 오른발 5번, 왼발 5번씩 차는 훈련으로 <b>손흥민</b> 선수 부럽지 않은 앞쪽 허벅지 근육(꿀벅지)을... ",KS이슈리포트,blog.naver.com/issueanalist,naver_blog,손흥민,canonical,1.0,2026-05-26T11:52:46.738110+00:00,0,0,0,0,KS이슈리포트,"또한, 축구 팀을 구하기 어렵거나 공을 쫓아다니기 번거로울 때는 수박 파는 그물망에 축구공을 넣어 제자리에서 오른발 5번, 왼발 5번씩 차는 훈련으로 <b>손흥민</b> 선수 부럽지 않은 앞쪽 허벅지 근육(꿀벅지)을... ","{""title"": ""[지식인이야기] 나이는 숫자에 불과하다! 72세 강철진... "", ""link"": ""https://blog.naver.com/issueanalist/224296128740"", ""description"": ""또한, 축구 팀을 구하기 어렵거나 공을 쫓아다니기 번거로울 때는 수박 파는 그물망에 축구공을 넣어 제자리에서 오른발 5번, 왼발 5번씩 차는 훈련으로 <b>손흥민</b> 선수 부럽지 않은 앞쪽 허벅지 근육(꿀벅지)을... "", ""bloggername"": ""KS이슈리포트"", ""bloggerlink"": ""blog.naver.com/issueanalist"", ""postdate"": ""20260526""}"
손흥민,single_term_fallback,손흥민,<b>손흥민</b> 원형 탈모 의심 장면 포착... 팬들 걱정 쏟아졌다,https://blog.naver.com/qudgnsldk/224296349151,20260526,<b>손흥민</b>을 향한 팬들의 걱정이 커지고 있습니다. 최근 LAFC 경기 중 중계 화면에서 원형 탈모처럼... 최근 온라인에서는 <b>손흥민</b>의 스트레스 이야기가 계속 나오고 있습니다. 함께 보면 좋은 글 경기력은 여전히... ,굿데이스포츠,blog.naver.com/qudgnsldk,naver_blog,손흥민,canonical,1.0,2026-05-26T11:52:46.738110+00:00,0,0,0,0,굿데이스포츠,<b>손흥민</b>을 향한 팬들의 걱정이 커지고 있습니다. 최근 LAFC 경기 중 중계 화면에서 원형 탈모처럼... 최근 온라인에서는 <b>손흥민</b>의 스트레스 이야기가 계속 나오고 있습니다. 함께 보면 좋은 글 경기력은 여전히... ,"{""title"": ""<b>손흥민</b> 원형 탈모 의심 장면 포착... 팬들 걱정 쏟아졌다"", ""link"": ""https://blog.naver.com/qudgnsldk/224296349151"", ""description"": ""<b>손흥민</b>을 향한 팬들의 걱정이 커지고 있습니다. 최근 LAFC 경기 중 중계 화면에서 원형 탈모처럼... 최근 온라인에서는 <b>손흥민</b>의 스트레스 이야기가 계속 나오고 있습니다. 함께 보면 좋은 글 경기력은 여전히... "", ""bloggername"": ""굿데이스포츠"", ""bloggerlink"": ""blog.naver.com/qudgnsldk"", ""postdate"": ""20260526""}"
손흥민,single_term_fallback,손흥민,“우리는 잔류할 자격이 있었다”…벼랑 끝 토트넘 살린 데... ,https://blog.naver.com/jppark4/224296097431,20260526,해시태그 #토트넘 #데제르비 #프리미어리그 #EPL #토트넘잔류 #토트넘홋스퍼 #<b>손흥민</b> #해외축구 #축구뉴스 #웨스트햄 #에버턴 #주앙팔리냐 #토트넘리빌딩 #유럽축구 #프리미어리그뉴스 #축구블로그 #PL... ,"선수 재활 , 피지컬 트레이닝",blog.naver.com/jppark4,naver_blog,손흥민,canonical,1.0,2026-05-26T11:52:46.738110+00:00,0,0,0,0,"선수 재활 , 피지컬 트레이닝",해시태그 #토트넘 #데제르비 #프리미어리그 #EPL #토트넘잔류 #토트넘홋스퍼 #<b>손흥민</b> #해외축구 #축구뉴스 #웨스트햄 #에버턴 #주앙팔리냐 #토트넘리빌딩 #유럽축구 #프리미어리그뉴스 #축구블로그 #PL... ,"{""title"": ""“우리는 잔류할 자격이 있었다”…벼랑 끝 토트넘 살린 데... "", ""link"": ""https://blog.naver.com/jppark4/224296097431"", ""description"": ""해시태그 #토트넘 #데제르비 #프리미어리그 #EPL #토트넘잔류 #토트넘홋스퍼 #<b>손흥민</b> #해외축구 #축구뉴스 #웨스트햄 #에버턴 #주앙팔리냐 #토트넘리빌딩 #유럽축구 #프리미어리그뉴스 #축구블로그 #PL... "", ""bloggername"": ""선수 재활 , 피지컬 트레이닝"", ""bloggerlink"": ""blog.naver.com/jppark4"", ""postdate"": ""20260526""}"
손흥민,single_term_fallback,손흥민,"어린이주짓수, 식물, 토트넘(의정부 민락동 오즈주짓수)",https://blog.naver.com/btyazawa/224296340753,20260526,"<b>손흥민</b>선수를 좋아해서 토트넘 이적후 쭉 보다가 팬이되어버린 프리미어 리그의 한 축구팀입니다. 이제는 <b>손흥민</b> 경기는 하이라이트로만 시청하고 토트넘경기를 주로 보는데, 작년 <b>손흥민</b>이 유로파리그... ",의정부 민락2지구 오즈주짓수,blog.naver.com/btyazawa,naver_blog,손흥민,canonical,1.0,2026-05-26T11:52:46.738110+00:00,0,0,0,0,의정부 민락2지구 오즈주짓수,"<b>손흥민</b>선수를 좋아해서 토트넘 이적후 쭉 보다가 팬이되어버린 프리미어 리그의 한 축구팀입니다. 이제는 <b>손흥민</b> 경기는 하이라이트로만 시청하고 토트넘경기를 주로 보는데, 작년 <b>손흥민</b>이 유로파리그... ","{""title"": ""어린이주짓수, 식물, 토트넘(의정부 민락동 오즈주짓수)"", ""link"": ""https://blog.naver.com/btyazawa/224296340753"", ""description"": ""<b>손흥민</b>선수를 좋아해서 토트넘 이적후 쭉 보다가 팬이되어버린 프리미어 리그의 한 축구팀입니다. 이제는 <b>손흥민</b> 경기는 하이라이트로만 시청하고 토트넘경기를 주로 보는데, 작년 <b>손흥민</b>이 유로파리그... "", ""bloggername"": ""의정부 민락2지구 오즈주짓수"", ""bloggerlink"": ""blog.naver.com/btyazawa"", ""postdate"": ""20260526""}"
손흥민,single_term_fallback,손흥민,아바(ABBA),https://blog.naver.com/rbcks0829/224296338898,20260526,"치면, <b>손흥민</b>(or 김연아), 현대차, 기아차, 그리고 &quot;BTS&quot; 같은 비유라고 할 수 있을 거 같습니다. 또한 아바는 전성기적에 그 거대 기업인 볼보 社 보다도 스웨덴의 해외 수출에 기여했다고 할만큼 거대한... ",음악 블로그,blog.naver.com/rbcks0829,naver_blog,손흥민,canonical,1.0,2026-05-26T11:52:46.738110+00:00,0,0,0,0,음악 블로그,"치면, <b>손흥민</b>(or 김연아), 현대차, 기아차, 그리고 &quot;BTS&quot; 같은 비유라고 할 수 있을 거 같습니다. 또한 아바는 전성기적에 그 거대 기업인 볼보 社 보다도 스웨덴의 해외 수출에 기여했다고 할만큼 거대한... ","{""title"": ""아바(ABBA)"", ""link"": ""https://blog.naver.com/rbcks0829/224296338898"", ""description"": ""치면, <b>손흥민</b>(or 김연아), 현대차, 기아차, 그리고 &quot;BTS&quot; 같은 비유라고 할 수 있을 거 같습니다. 또한 아바는 전성기적에 그 거대 기업인 볼보 社 보다도 스웨덴의 해외 수출에 기여했다고 할만큼 거대한... "", ""bloggername"": ""음악 블로그"", ""bloggerlink"": ""blog.naver.com/rbcks0829"", ""postdate"": ""20260526""}"
손흥민,single_term_fallback,손흥민,“이 정도였어?” 한국 축구대표팀 포상금 규모에 놀란 팬들,https://blog.naver.com/doobidub77/224296337879,20260526,요즘 축구팬들 사이에서 은근 화제 되는 이야기가 하나 있음. 바로 한국 축구대표팀 월드컵 포상금 규모. 근데 이번에 공개된 금액 보니까 진짜 규모가 꽤 커졌더라구요ㄷㄷ 특히 8강까지 가면 선수 1명당 받을... ,두비두바 블로그,blog.naver.com/doobidub77,naver_blog,손흥민,canonical,1.0,2026-05-26T11:52:46.738110+00:00,0,0,0,0,두비두바 블로그,요즘 축구팬들 사이에서 은근 화제 되는 이야기가 하나 있음. 바로 한국 축구대표팀 월드컵 포상금 규모. 근데 이번에 공개된 금액 보니까 진짜 규모가 꽤 커졌더라구요ㄷㄷ 특히 8강까지 가면 선수 1명당 받을... ,"{""title"": ""“이 정도였어?” 한국 축구대표팀 포상금 규모에 놀란 팬들"", ""link"": ""https://blog.naver.com/doobidub77/224296337879"", ""description"": ""요즘 축구팬들 사이에서 은근 화제 되는 이야기가 하나 있음. 바로 한국 축구대표팀 월드컵 포상금 규모. 근데 이번에 공개된 금액 보니까 진짜 규모가 꽤 커졌더라구요ㄷㄷ 특히 8강까지 가면 선수 1명당 받을... "", ""bloggername"": ""두비두바 블로그"", ""bloggerlink"": ""blog.naver.com/doobidub77"", ""postdate"": ""20260526""}"
손흥민,single_term_fallback,손흥민,2026 북중미 월드켭 한국 경기 일정 총정리,https://blog.naver.com/dalnkong/224296205822,20260526,<b>손흥민</b>을 중심으로 한 공격 라인과 젊은 선수들의 활동량이 정말 기대되는 부분이에요. 중원 압박과... ✔ 실전 관전 팁 전반 초반 압박 강도 체크 <b>손흥민</b> 위치 변화 보기 교체 카드 타이밍 주목 세트피스... ,달달한 일상 수다,blog.naver.com/dalnkong,naver_blog,손흥민,canonical,1.0,2026-05-26T11:52:46.738110+00:00,0,0,0,0,달달한 일상 수다,<b>손흥민</b>을 중심으로 한 공격 라인과 젊은 선수들의 활동량이 정말 기대되는 부분이에요. 중원 압박과... ✔ 실전 관전 팁 전반 초반 압박 강도 체크 <b>손흥민</b> 위치 변화 보기 교체 카드 타이밍 주목 세트피스... ,"{""title"": ""2026 북중미 월드켭 한국 경기 일정 총정리"", ""link"": ""https://blog.naver.com/dalnkong/224296205822"", ""description"": ""<b>손흥민</b>을 중심으로 한 공격 라인과 젊은 선수들의 활동량이 정말 기대되는 부분이에요. 중원 압박과... ✔ 실전 관전 팁 전반 초반 압박 강도 체크 <b>손흥민</b> 위치 변화 보기 교체 카드 타이밍 주목 세트피스... "", ""bloggername"": ""달달한 일상 수다"", ""bloggerlink"": ""blog.naver.com/dalnkong"", ""postdate"": ""20260526""}"
손흥민,single_term_fallback,손흥민,◆유명인들의 재산 규모는 여러분의 상상 이상입니다!,https://blog.naver.com/joayo21/224296333260,20260526,"유명인들의 재산 규모는 여러분의 상상 이상입니다! Ami CicconeJANUARY 27, 2026 공효진- 배우, 165억 배우 공효진은 1999년 영화 ‘여고괴담 두번째 이야기’를 통해 배우로 데뷔한 이후, 드라마와 영화를 넘나들며... ",[향암香庵] ☆자가 출판으로 세상을 밝히자☆,blog.naver.com/joayo21,naver_blog,손흥민,canonical,1.0,2026-05-26T11:52:46.738110+00:00,0,0,0,0,[향암香庵] ☆자가 출판으로 세상을 밝히자☆,"유명인들의 재산 규모는 여러분의 상상 이상입니다! Ami CicconeJANUARY 27, 2026 공효진- 배우, 165억 배우 공효진은 1999년 영화 ‘여고괴담 두번째 이야기’를 통해 배우로 데뷔한 이후, 드라마와 영화를 넘나들며... ","{""title"": ""◆유명인들의 재산 규모는 여러분의 상상 이상입니다!"", ""link"": ""https://blog.naver.com/joayo21/224296333260"", ""description"": ""유명인들의 재산 규모는 여러분의 상상 이상입니다! Ami CicconeJANUARY 27, 2026 공효진- 배우, 165억 배우 공효진은 1999년 영화 ‘여고괴담 두번째 이야기’를 통해 배우로 데뷔한 이후, 드라마와 영화를 넘나들며... "", ""bloggername"": ""[향암香庵] ☆자가 출판으로 세상을 밝히자☆"", ""bloggerlink"": ""blog.naver.com/joayo21"", ""postdate"": ""20260526""}"
손흥민,single_term_fallback,손흥민,(new) 2026 <b>손흥민</b> 유니폼 lafc 축구 키즈 반팔티 호환상품... ,https://blog.naver.com/omtb41856/224296333501,20260526,"<b>손흥민</b> 선수의 매력을 담은 이 유니폼은 축구를 사랑하는 아이들에게 적합한 아이템입니다. 스타일리시한 디자인과 편안한... 제품 설명 및 특징 2026 <b>손흥민</b> 유니폼은 LAFC의 축구 키즈 반팔티로, 어린이들이... ",omtb41856님의 블로그,blog.naver.com/omtb41856,naver_blog,손흥민,canonical,1.0,2026-05-26T11:52:46.738110+00:00,0,0,0,0,omtb41856님의 블로그,"<b>손흥민</b> 선수의 매력을 담은 이 유니폼은 축구를 사랑하는 아이들에게 적합한 아이템입니다. 스타일리시한 디자인과 편안한... 제품 설명 및 특징 2026 <b>손흥민</b> 유니폼은 LAFC의 축구 키즈 반팔티로, 어린이들이... ","{""title"": ""(new) 2026 <b>손흥민</b> 유니폼 lafc 축구 키즈 반팔티 호환상품... "", ""link"": ""https://blog.naver.com/omtb41856/224296333501"", ""description"": ""<b>손흥민</b> 선수의 매력을 담은 이 유니폼은 축구를 사랑하는 아이들에게 적합한 아이템입니다. 스타일리시한 디자인과 편안한... 제품 설명 및 특징 2026 <b>손흥민</b> 유니폼은 LAFC의 축구 키즈 반팔티로, 어린이들이... "", ""bloggername"": ""omtb41856님의 블로그"", ""bloggerlink"": ""blog.naver.com/omtb41856"", ""postdate"": ""20260526""}"
손흥민,single_term_fallback,손흥민,[토트넘 EPL 잔류] 벼랑 끝에서 살아난 토트넘과 웨스트햄의... ,https://blog.naver.com/cosmomodel86/224295798991,20260526,위기 속에서 증명된 <b>손흥민</b>과 케인의 특급 의리 이미 강등이 확정되었던 울버햄튼에서도 훈훈한 소식이 들려온 듯합니다. 지구 반대편에서도 토트넘의 생존을 응원하며 <b>손흥민</b> 선수와 케인 선수의... ,세상의 모든 소식 -세모소,blog.naver.com/cosmomodel86,naver_blog,손흥민,canonical,1.0,2026-05-26T11:52:46.738110+00:00,0,0,0,0,세상의 모든 소식 -세모소,위기 속에서 증명된 <b>손흥민</b>과 케인의 특급 의리 이미 강등이 확정되었던 울버햄튼에서도 훈훈한 소식이 들려온 듯합니다. 지구 반대편에서도 토트넘의 생존을 응원하며 <b>손흥민</b> 선수와 케인 선수의... ,"{""title"": ""[토트넘 EPL 잔류] 벼랑 끝에서 살아난 토트넘과 웨스트햄의... "", ""link"": ""https://blog.naver.com/cosmomodel86/224295798991"", ""description"": ""위기 속에서 증명된 <b>손흥민</b>과 케인의 특급 의리 이미 강등이 확정되었던 울버햄튼에서도 훈훈한 소식이 들려온 듯합니다. 지구 반대편에서도 토트넘의 생존을 응원하며 <b>손흥민</b> 선수와 케인 선수의... "", ""bloggername"": ""세상의 모든 소식 -세모소"", ""bloggerlink"": ""blog.naver.com/cosmomodel86"", ""postdate"": ""20260526""}"
손흥민,single_term_fallback,손흥민,“<b>손흥민</b> 원형 탈모 의심 장면 포착… 팬들 ‘얼마나... ,https://blog.naver.com/shootpick/224296330911,20260526,<b>손흥민</b>을 향한 팬들의 걱정이 커지고 있다. 최근 경기 중계 화면에서 원형 탈모로 보이는 장면이... <b>손흥민</b>이 지금 짊어진 부담이 그만큼 크다는 이야기다. 경기 내내 뛰었지만 골은 없었다 <b>손흥민</b>은 LAFC... ,슛픽 : 오늘의 스포츠 픽,blog.naver.com/shootpick,naver_blog,손흥민,canonical,1.0,2026-05-26T11:52:46.738110+00:00,0,0,0,0,슛픽 : 오늘의 스포츠 픽,<b>손흥민</b>을 향한 팬들의 걱정이 커지고 있다. 최근 경기 중계 화면에서 원형 탈모로 보이는 장면이... <b>손흥민</b>이 지금 짊어진 부담이 그만큼 크다는 이야기다. 경기 내내 뛰었지만 골은 없었다 <b>손흥민</b>은 LAFC... ,"{""title"": ""“<b>손흥민</b> 원형 탈모 의심 장면 포착… 팬들 ‘얼마나... "", ""link"": ""https://blog.naver.com/shootpick/224296330911"", ""description"": ""<b>손흥민</b>을 향한 팬들의 걱정이 커지고 있다. 최근 경기 중계 화면에서 원형 탈모로 보이는 장면이... <b>손흥민</b>이 지금 짊어진 부담이 그만큼 크다는 이야기다. 경기 내내 뛰었지만 골은 없었다 <b>손흥민</b>은 LAFC... "", ""bloggername"": ""슛픽 : 오늘의 스포츠 픽"", ""bloggerlink"": ""blog.naver.com/shootpick"", ""postdate"": ""20260526""}"
손흥민,single_term_fallback,손흥민,"토트넘 17위 잔류, 1.7조 빚더미 구단이 강등됐다면 벌어졌을... ",https://blog.naver.com/uklist/224296327394,20260526,"2연속 17위 이제는 <b>손흥민</b> 선수가 없는 토트넘. 팬들 입장에서는 부끄러운 순위표겠지만, 구단... 7m) 단순 손실액 약 3,100억 원 이상 잠재적 손실 구단 공중분해급 <b>손흥민</b>이 떠난 뒤, 스포츠 구독을... ",결제 전 체크리스트,blog.naver.com/uklist,naver_blog,손흥민,canonical,1.0,2026-05-26T11:52:46.738110+00:00,0,0,0,0,결제 전 체크리스트,"2연속 17위 이제는 <b>손흥민</b> 선수가 없는 토트넘. 팬들 입장에서는 부끄러운 순위표겠지만, 구단... 7m) 단순 손실액 약 3,100억 원 이상 잠재적 손실 구단 공중분해급 <b>손흥민</b>이 떠난 뒤, 스포츠 구독을... ","{""title"": ""토트넘 17위 잔류, 1.7조 빚더미 구단이 강등됐다면 벌어졌을... "", ""link"": ""https://blog.naver.com/uklist/224296327394"", ""description"": ""2연속 17위 이제는 <b>손흥민</b> 선수가 없는 토트넘. 팬들 입장에서는 부끄러운 순위표겠지만, 구단... 7m) 단순 손실액 약 3,100억 원 이상 잠재적 손실 구단 공중분해급 <b>손흥민</b>이 떠난 뒤, 스포츠 구독을... "", ""bloggername"": ""결제 전 체크리스트"", ""bloggerlink"": ""blog.naver.com/uklist"", ""postdate"": ""20260526""}"
손흥민,single_term_fallback,손흥민,우나기칸,https://blog.naver.com/57annamin/224296324250,20260526,"내부는 좌석배치가 넓고 단체석,바도 있는데 <b>손흥민</b> 선수 싸인이 있는 운동복이 계산대 바로 밑에 눈에 띈다. 그 외에도 여러 운동 선수들 싸인이 붙어있다. 장어덮밥,명란덮밥이 인기 메뉴인데... ",뜨락,blog.naver.com/57annamin,naver_blog,손흥민,canonical,1.0,2026-05-26T11:52:46.738110+00:00,0,0,0,0,뜨락,"내부는 좌석배치가 넓고 단체석,바도 있는데 <b>손흥민</b> 선수 싸인이 있는 운동복이 계산대 바로 밑에 눈에 띈다. 그 외에도 여러 운동 선수들 싸인이 붙어있다. 장어덮밥,명란덮밥이 인기 메뉴인데... ","{""title"": ""우나기칸"", ""link"": ""https://blog.naver.com/57annamin/224296324250"", ""description"": ""내부는 좌석배치가 넓고 단체석,바도 있는데 <b>손흥민</b> 선수 싸인이 있는 운동복이 계산대 바로 밑에 눈에 띈다. 그 외에도 여러 운동 선수들 싸인이 붙어있다. 장어덮밥,명란덮밥이 인기 메뉴인데... "", ""bloggername"": ""뜨락"", ""bloggerlink"": ""blog.naver.com/57annamin"", ""postdate"": ""20260526""}"
손흥민,single_term_fallback,손흥민,중계 화면에서 포착됐다는 <b>손흥민</b> 원형탈모 의혹…본인 반응이... ,https://blog.naver.com/thegoatstep/224296323636,20260526,중계 화면에서 포착됐다는 <b>손흥민</b> 원형탈모 의혹… 본인 반응이 뭐였냐 혹시 어제 <b>손흥민</b> 중계 보다가 “저거 탈모 아니야?“라는 댓글 보신 분 있으신가요? 저도 SNS에서 이 이야기가 퍼지는 걸 봤는데... ,디스때찌,blog.naver.com/thegoatstep,naver_blog,손흥민,canonical,1.0,2026-05-26T11:52:46.738110+00:00,0,0,0,0,디스때찌,중계 화면에서 포착됐다는 <b>손흥민</b> 원형탈모 의혹… 본인 반응이 뭐였냐 혹시 어제 <b>손흥민</b> 중계 보다가 “저거 탈모 아니야?“라는 댓글 보신 분 있으신가요? 저도 SNS에서 이 이야기가 퍼지는 걸 봤는데... ,"{""title"": ""중계 화면에서 포착됐다는 <b>손흥민</b> 원형탈모 의혹…본인 반응이... "", ""link"": ""https://blog.naver.com/thegoatstep/224296323636"", ""description"": ""중계 화면에서 포착됐다는 <b>손흥민</b> 원형탈모 의혹… 본인 반응이 뭐였냐 혹시 어제 <b>손흥민</b> 중계 보다가 “저거 탈모 아니야?“라는 댓글 보신 분 있으신가요? 저도 SNS에서 이 이야기가 퍼지는 걸 봤는데... "", ""bloggername"": ""디스때찌"", ""bloggerlink"": ""blog.naver.com/thegoatstep"", ""postdate"": ""20260526""}"
손흥민,single_term_fallback,손흥민,"대한민국 축구 레전드 야생마 김주성, K리그 최초 영구결번... ",https://blog.naver.com/gung_joo2/224296158207,20260526,"1980~90년대 아시아 무대를 완벽하게 지배하며 '아시아 올해의 축구 선수' 3연속 수상이라는 전무후무한 대기록을 남긴 김주성은 차범근과 박지성, <b>손흥민</b>으로 이어지는 한국 축구 에이스 계보에서 결코 빠질... ",세상의 모든것,blog.naver.com/gung_joo2,naver_blog,손흥민,canonical,1.0,2026-05-26T11:52:46.738110+00:00,0,0,0,0,세상의 모든것,"1980~90년대 아시아 무대를 완벽하게 지배하며 '아시아 올해의 축구 선수' 3연속 수상이라는 전무후무한 대기록을 남긴 김주성은 차범근과 박지성, <b>손흥민</b>으로 이어지는 한국 축구 에이스 계보에서 결코 빠질... ","{""title"": ""대한민국 축구 레전드 야생마 김주성, K리그 최초 영구결번... "", ""link"": ""https://blog.naver.com/gung_joo2/224296158207"", ""description"": ""1980~90년대 아시아 무대를 완벽하게 지배하며 '아시아 올해의 축구 선수' 3연속 수상이라는 전무후무한 대기록을 남긴 김주성은 차범근과 박지성, <b>손흥민</b>으로 이어지는 한국 축구 에이스 계보에서 결코 빠질... "", ""bloggername"": ""세상의 모든것"", ""bloggerlink"": ""blog.naver.com/gung_joo2"", ""postdate"": ""20260526""}"
손흥민,single_term_fallback,손흥민,0₩(영원)이란,https://blog.naver.com/dla5u_2/224296318710,20260526,왜 나는 <b>손흥민</b>인가요 나도 위시가 좋은데요 ❄️ 눈 부 셔 컵누들에게 위로받는 하루 04.21 학교 화단에 있는 꽃으로 꽃다발을 만들어 온 려원이 아랑스러운 녀자야 점심시간에 수윤이와 의도를 알 수... ,스빙,blog.naver.com/dla5u_2,naver_blog,손흥민,canonical,1.0,2026-05-26T11:52:46.738110+00:00,0,0,0,0,스빙,왜 나는 <b>손흥민</b>인가요 나도 위시가 좋은데요 ❄️ 눈 부 셔 컵누들에게 위로받는 하루 04.21 학교 화단에 있는 꽃으로 꽃다발을 만들어 온 려원이 아랑스러운 녀자야 점심시간에 수윤이와 의도를 알 수... ,"{""title"": ""0₩(영원)이란"", ""link"": ""https://blog.naver.com/dla5u_2/224296318710"", ""description"": ""왜 나는 <b>손흥민</b>인가요 나도 위시가 좋은데요 ❄️ 눈 부 셔 컵누들에게 위로받는 하루 04.21 학교 화단에 있는 꽃으로 꽃다발을 만들어 온 려원이 아랑스러운 녀자야 점심시간에 수윤이와 의도를 알 수... "", ""bloggername"": ""스빙"", ""bloggerlink"": ""blog.naver.com/dla5u_2"", ""postdate"": ""20260526""}"
손흥민,single_term_fallback,손흥민,[공유] <b>손흥민</b> 결국 미국에 철저히 이용당했다!... ,https://blog.naver.com/generman-/224296315884,20260526,<b>손흥민</b> 결국 미국에 철저히 이용당했다! 뮐러가 폭로한 충격적인 사기극에 전세계 발칵 ㄷㄷ - https://youtube.com/shorts/XEavkuQaMZo?si=riSEPfSbSbMAHihx,제너맨님의블로그,blog.naver.com/generman-,naver_blog,손흥민,canonical,1.0,2026-05-26T11:52:46.738110+00:00,0,0,0,0,제너맨님의블로그,<b>손흥민</b> 결국 미국에 철저히 이용당했다! 뮐러가 폭로한 충격적인 사기극에 전세계 발칵 ㄷㄷ - https://youtube.com/shorts/XEavkuQaMZo?si=riSEPfSbSbMAHihx,"{""title"": ""[공유] <b>손흥민</b> 결국 미국에 철저히 이용당했다!... "", ""link"": ""https://blog.naver.com/generman-/224296315884"", ""description"": ""<b>손흥민</b> 결국 미국에 철저히 이용당했다! 뮐러가 폭로한 충격적인 사기극에 전세계 발칵 ㄷㄷ - https://youtube.com/shorts/XEavkuQaMZo?si=riSEPfSbSbMAHihx"", ""bloggername"": ""제너맨님의블로그"", ""bloggerlink"": ""blog.naver.com/generman-"", ""postdate"": ""20260526""}"
손흥민,single_term_fallback,손흥민,<b>손흥민</b>·이강인 중심으로 다시 시작되는 대한민국 월드컵 도전,https://blog.naver.com/minwon977/224296082138,20260526,대한민국 축구 국가대표팀의 상징 같은 존재인 <b>손흥민</b>이 이번에도 중심입니다. 이제는 단순히 에이스를 넘어서 대표팀 정신적 리더 역할까지 하고 있습니다. 사실 <b>손흥민</b> 나이를 생각하면 이번 월드컵이... ,이만원 스포츠 일기,blog.naver.com/minwon977,naver_blog,손흥민,canonical,1.0,2026-05-26T11:52:46.738110+00:00,0,0,0,0,이만원 스포츠 일기,대한민국 축구 국가대표팀의 상징 같은 존재인 <b>손흥민</b>이 이번에도 중심입니다. 이제는 단순히 에이스를 넘어서 대표팀 정신적 리더 역할까지 하고 있습니다. 사실 <b>손흥민</b> 나이를 생각하면 이번 월드컵이... ,"{""title"": ""<b>손흥민</b>·이강인 중심으로 다시 시작되는 대한민국 월드컵 도전"", ""link"": ""https://blog.naver.com/minwon977/224296082138"", ""description"": ""대한민국 축구 국가대표팀의 상징 같은 존재인 <b>손흥민</b>이 이번에도 중심입니다. 이제는 단순히 에이스를 넘어서 대표팀 정신적 리더 역할까지 하고 있습니다. 사실 <b>손흥민</b> 나이를 생각하면 이번 월드컵이... "", ""bloggername"": ""이만원 스포츠 일기"", ""bloggerlink"": ""blog.naver.com/minwon977"", ""postdate"": ""20260526""}"
손흥민,single_term_fallback,손흥민,[공유] <b>손흥민</b> 레알 마드리드행 기습 선언! 에이스... ,https://blog.naver.com/generman-/224296306913,20260526,<b>손흥민</b> 레알 마드리드행 기습 선언! 에이스 음바페까지 러브콜 보내며 전세계 난리나버린 상황 ㄷㄷ - https://youtube.com/shorts/FpoMastlLFE?si=OwkG7Negk0sR4wRr,제너맨님의블로그,blog.naver.com/generman-,naver_blog,손흥민,canonical,1.0,2026-05-26T11:52:46.738110+00:00,0,0,0,0,제너맨님의블로그,<b>손흥민</b> 레알 마드리드행 기습 선언! 에이스 음바페까지 러브콜 보내며 전세계 난리나버린 상황 ㄷㄷ - https://youtube.com/shorts/FpoMastlLFE?si=OwkG7Negk0sR4wRr,"{""title"": ""[공유] <b>손흥민</b> 레알 마드리드행 기습 선언! 에이스... "", ""link"": ""https://blog.naver.com/generman-/224296306913"", ""description"": ""<b>손흥민</b> 레알 마드리드행 기습 선언! 에이스 음바페까지 러브콜 보내며 전세계 난리나버린 상황 ㄷㄷ - https://youtube.com/shorts/FpoMastlLFE?si=OwkG7Negk0sR4wRr"", ""bloggername"": ""제너맨님의블로그"", ""bloggerlink"": ""blog.naver.com/generman-"", ""postdate"": ""20260526""}"
손흥민,single_term_fallback,손흥민,강의를 아예 안 들을 수는 없다,https://blog.naver.com/kimjajungenglish/224296305710,20260526,모든 공부가 그렇게 되어야 한다. 현강이든 인강이든 강의만 하루 종일 듣는 것은 마치 에어컨 틀고 편안하게 누으면서 <b>손흥민</b> 축구 경기만 하루 종일 보고 정작 땀나고 힘든 훈련은 안하는 것과 똑같다.,글로리영어,blog.naver.com/kimjajungenglish,naver_blog,손흥민,canonical,1.0,2026-05-26T11:52:46.738110+00:00,0,0,0,0,글로리영어,모든 공부가 그렇게 되어야 한다. 현강이든 인강이든 강의만 하루 종일 듣는 것은 마치 에어컨 틀고 편안하게 누으면서 <b>손흥민</b> 축구 경기만 하루 종일 보고 정작 땀나고 힘든 훈련은 안하는 것과 똑같다.,"{""title"": ""강의를 아예 안 들을 수는 없다"", ""link"": ""https://blog.naver.com/kimjajungenglish/224296305710"", ""description"": ""모든 공부가 그렇게 되어야 한다. 현강이든 인강이든 강의만 하루 종일 듣는 것은 마치 에어컨 틀고 편안하게 누으면서 <b>손흥민</b> 축구 경기만 하루 종일 보고 정작 땀나고 힘든 훈련은 안하는 것과 똑같다."", ""bloggername"": ""글로리영어"", ""bloggerlink"": ""blog.naver.com/kimjajungenglish"", ""postdate"": ""20260526""}"
손흥민,single_term_fallback,손흥민,"<b>손흥민</b>, 원형탈모설 직접 해명…&quot;스트레스 받을 일 없다&quot;",https://blog.naver.com/msw118/224296305438,20260526,최근 온라인에서 확산됐던 <b>손흥민</b>의 ‘원형탈모설’에 대해 본인이 직접 입을 열었습니다. 팬들의... <b>손흥민</b>은 MLS 경기 도중 뒷머리 부분 두피가 비치는 모습이 화면에 잡히며 온라인 커뮤니티와 SNS에서... ,흥미롭고 재밌는 최신 연예 소식,blog.naver.com/msw118,naver_blog,손흥민,canonical,1.0,2026-05-26T11:52:46.738110+00:00,0,0,0,0,흥미롭고 재밌는 최신 연예 소식,최근 온라인에서 확산됐던 <b>손흥민</b>의 ‘원형탈모설’에 대해 본인이 직접 입을 열었습니다. 팬들의... <b>손흥민</b>은 MLS 경기 도중 뒷머리 부분 두피가 비치는 모습이 화면에 잡히며 온라인 커뮤니티와 SNS에서... ,"{""title"": ""<b>손흥민</b>, 원형탈모설 직접 해명…&quot;스트레스 받을 일 없다&quot;"", ""link"": ""https://blog.naver.com/msw118/224296305438"", ""description"": ""최근 온라인에서 확산됐던 <b>손흥민</b>의 ‘원형탈모설’에 대해 본인이 직접 입을 열었습니다. 팬들의... <b>손흥민</b>은 MLS 경기 도중 뒷머리 부분 두피가 비치는 모습이 화면에 잡히며 온라인 커뮤니티와 SNS에서... "", ""bloggername"": ""흥미롭고 재밌는 최신 연예 소식"", ""bloggerlink"": ""blog.naver.com/msw118"", ""postdate"": ""20260526""}"
손흥민,single_term_fallback,손흥민,강등 직전까지 갔는데 돈은 더 벌었다…토트넘 충격의 생존... ,https://blog.naver.com/asj1875/224296300658,20260526,naver.com/asj1875/224290761500 ⚾ LG 외인 교체설 터졌다…SNS 팔로우 하나에 팬들이 술렁인 이유 https://blog.naver.com/asj1875/224290759869 #토트넘 #EPL #프리미어리그 #<b>손흥민</b> #축구 #해외축구 #kbo #스포츠 #큐레이터린,스포츠 큐레이터 린,blog.naver.com/asj1875,naver_blog,손흥민,canonical,1.0,2026-05-26T11:52:46.738110+00:00,0,0,0,0,스포츠 큐레이터 린,naver.com/asj1875/224290761500 ⚾ LG 외인 교체설 터졌다…SNS 팔로우 하나에 팬들이 술렁인 이유 https://blog.naver.com/asj1875/224290759869 #토트넘 #EPL #프리미어리그 #<b>손흥민</b> #축구 #해외축구 #kbo #스포츠 #큐레이터린,"{""title"": ""강등 직전까지 갔는데 돈은 더 벌었다…토트넘 충격의 생존... "", ""link"": ""https://blog.naver.com/asj1875/224296300658"", ""description"": ""naver.com/asj1875/224290761500 ⚾ LG 외인 교체설 터졌다…SNS 팔로우 하나에 팬들이 술렁인 이유 https://blog.naver.com/asj1875/224290759869 #토트넘 #EPL #프리미어리그 #<b>손흥민</b> #축구 #해외축구 #kbo #스포츠 #큐레이터린"", ""bloggername"": ""스포츠 큐레이터 린"", ""bloggerlink"": ""blog.naver.com/asj1875"", ""postdate"": ""20260526""}"
손흥민,single_term_fallback,손흥민,<b>손흥민</b> 원형탈모설 직접 해명? '스트레스 NO!' 팬들 안심,https://blog.naver.com/meet_hyeon/224296295484,20260526,"안녕하세요~ 오늘은 우리 자랑스러운 <b>손흥민</b> 선수 소식을 가져왔어요! 요즘 온라인에서 손 선수에... 최근에 <b>손흥민</b> 선수가 미국 프로축구 경기에서 뛰는 모습이 포착되었는데요, 이때 뒷머리 부분 두피가... ",meet_hyeon님의 블로그,blog.naver.com/meet_hyeon,naver_blog,손흥민,canonical,1.0,2026-05-26T11:52:46.738110+00:00,0,0,0,0,meet_hyeon님의 블로그,"안녕하세요~ 오늘은 우리 자랑스러운 <b>손흥민</b> 선수 소식을 가져왔어요! 요즘 온라인에서 손 선수에... 최근에 <b>손흥민</b> 선수가 미국 프로축구 경기에서 뛰는 모습이 포착되었는데요, 이때 뒷머리 부분 두피가... ","{""title"": ""<b>손흥민</b> 원형탈모설 직접 해명? '스트레스 NO!' 팬들 안심"", ""link"": ""https://blog.naver.com/meet_hyeon/224296295484"", ""description"": ""안녕하세요~ 오늘은 우리 자랑스러운 <b>손흥민</b> 선수 소식을 가져왔어요! 요즘 온라인에서 손 선수에... 최근에 <b>손흥민</b> 선수가 미국 프로축구 경기에서 뛰는 모습이 포착되었는데요, 이때 뒷머리 부분 두피가... "", ""bloggername"": ""meet_hyeon님의 블로그"", ""bloggerlink"": ""blog.naver.com/meet_hyeon"", ""postdate"": ""20260526""}"
손흥민,single_term_fallback,손흥민,&lt;생각 많은 곰탱이의 성찰 일기 NO.480 : 지난 주 아는 형님을... ,https://blog.naver.com/rlagh8891/224296137901,20260526,"홍명보감독 #<b>손흥민</b> #<b>손흥민</b>브라질월드컵 #<b>손흥민</b>러시아월드 지난 주 토요일 밤에 방송된 JTBC &lt;아는형님&gt;에는 하석주, 김태영, 김영광이 출연했다. 나는 그 중에서 하석주에게 특히나 관심이 갔다. 하석주는... ",사람은 변화한다.,blog.naver.com/rlagh8891,naver_blog,손흥민,canonical,1.0,2026-05-26T11:52:46.738110+00:00,0,0,0,0,사람은 변화한다.,"홍명보감독 #<b>손흥민</b> #<b>손흥민</b>브라질월드컵 #<b>손흥민</b>러시아월드 지난 주 토요일 밤에 방송된 JTBC &lt;아는형님&gt;에는 하석주, 김태영, 김영광이 출연했다. 나는 그 중에서 하석주에게 특히나 관심이 갔다. 하석주는... ","{""title"": ""&lt;생각 많은 곰탱이의 성찰 일기 NO.480 : 지난 주 아는 형님을... "", ""link"": ""https://blog.naver.com/rlagh8891/224296137901"", ""description"": ""홍명보감독 #<b>손흥민</b> #<b>손흥민</b>브라질월드컵 #<b>손흥민</b>러시아월드 지난 주 토요일 밤에 방송된 JTBC &lt;아는형님&gt;에는 하석주, 김태영, 김영광이 출연했다. 나는 그 중에서 하석주에게 특히나 관심이 갔다. 하석주는... "", ""bloggername"": ""사람은 변화한다."", ""bloggerlink"": ""blog.naver.com/rlagh8891"", ""postdate"": ""20260526""}"
손흥민,single_term_fallback,손흥민,&quot;월드컵에 봬요&quot; <b>손흥민</b> 원형 탈모 논란에 직접 입열었다,https://blog.naver.com/allaboutball/224296285007,20260526,다가오는 2026 북중미 월드컵을 앞두고 대한민국 축구 대표팀의 '영원한 캡틴' <b>손흥민</b>의 안타까운 소식이 전해졌습니다. 소속팀 최종전에서 풀타임 분전을 펼친 <b>손흥민</b>의 머리에서 '원형 탈모'로 추정되는... ,올어바웃볼,blog.naver.com/allaboutball,naver_blog,손흥민,canonical,1.0,2026-05-26T11:52:46.738110+00:00,0,0,0,0,올어바웃볼,다가오는 2026 북중미 월드컵을 앞두고 대한민국 축구 대표팀의 '영원한 캡틴' <b>손흥민</b>의 안타까운 소식이 전해졌습니다. 소속팀 최종전에서 풀타임 분전을 펼친 <b>손흥민</b>의 머리에서 '원형 탈모'로 추정되는... ,"{""title"": ""&quot;월드컵에 봬요&quot; <b>손흥민</b> 원형 탈모 논란에 직접 입열었다"", ""link"": ""https://blog.naver.com/allaboutball/224296285007"", ""description"": ""다가오는 2026 북중미 월드컵을 앞두고 대한민국 축구 대표팀의 '영원한 캡틴' <b>손흥민</b>의 안타까운 소식이 전해졌습니다. 소속팀 최종전에서 풀타임 분전을 펼친 <b>손흥민</b>의 머리에서 '원형 탈모'로 추정되는... "", ""bloggername"": ""올어바웃볼"", ""bloggerlink"": ""blog.naver.com/allaboutball"", ""postdate"": ""20260526""}"
손흥민,single_term_fallback,손흥민,"양산 사송 구워주는 친절한 돼지고기 맛집, 통큰삼겹 누나점",https://blog.naver.com/hykslover0328/224296284544,20260526,시켰어요 <b>손흥민</b> 선수 따라 포즈 한번ㅋㅋㅋ 삼겹살 4인분 먼저 주문했어요 설명에 적혀 있던 것 처럼 기름기가 꽤 많아 보이죠? 하지만 구워 먹어 보면 느끼하지 않고 아주 맛있다는 점 기본찬이 여러 가지... ,Now or Never,blog.naver.com/hykslover0328,naver_blog,손흥민,canonical,1.0,2026-05-26T11:52:46.738110+00:00,0,0,0,0,Now or Never,시켰어요 <b>손흥민</b> 선수 따라 포즈 한번ㅋㅋㅋ 삼겹살 4인분 먼저 주문했어요 설명에 적혀 있던 것 처럼 기름기가 꽤 많아 보이죠? 하지만 구워 먹어 보면 느끼하지 않고 아주 맛있다는 점 기본찬이 여러 가지... ,"{""title"": ""양산 사송 구워주는 친절한 돼지고기 맛집, 통큰삼겹 누나점"", ""link"": ""https://blog.naver.com/hykslover0328/224296284544"", ""description"": ""시켰어요 <b>손흥민</b> 선수 따라 포즈 한번ㅋㅋㅋ 삼겹살 4인분 먼저 주문했어요 설명에 적혀 있던 것 처럼 기름기가 꽤 많아 보이죠? 하지만 구워 먹어 보면 느끼하지 않고 아주 맛있다는 점 기본찬이 여러 가지... "", ""bloggername"": ""Now or Never"", ""bloggerlink"": ""blog.naver.com/hykslover0328"", ""postdate"": ""20260526""}"
손흥민,single_term_fallback,손흥민,5월 26일 이나 스포츠 소식,https://blog.naver.com/inasports/224295706610,20260526,'월드클래스'의 싹을 보였던 청년 <b>손흥민</b>의 활약 (2015년 5월 26일) 종목: 축구 (2015년 5월 26일) 장면: 독일 레버쿠젠에서 활약하던 20대 초반의 <b>손흥민</b>이 시즌 종료 후 치러진 친선 무대 등에서 폭발적인... ,이나 스포츠,blog.naver.com/inasports,naver_blog,손흥민,canonical,1.0,2026-05-26T11:52:46.738110+00:00,0,0,0,0,이나 스포츠,'월드클래스'의 싹을 보였던 청년 <b>손흥민</b>의 활약 (2015년 5월 26일) 종목: 축구 (2015년 5월 26일) 장면: 독일 레버쿠젠에서 활약하던 20대 초반의 <b>손흥민</b>이 시즌 종료 후 치러진 친선 무대 등에서 폭발적인... ,"{""title"": ""5월 26일 이나 스포츠 소식"", ""link"": ""https://blog.naver.com/inasports/224295706610"", ""description"": ""'월드클래스'의 싹을 보였던 청년 <b>손흥민</b>의 활약 (2015년 5월 26일) 종목: 축구 (2015년 5월 26일) 장면: 독일 레버쿠젠에서 활약하던 20대 초반의 <b>손흥민</b>이 시즌 종료 후 치러진 친선 무대 등에서 폭발적인... "", ""bloggername"": ""이나 스포츠"", ""bloggerlink"": ""blog.naver.com/inasports"", ""postdate"": ""20260526""}"
손흥민,single_term_fallback,손흥민,알리익스프레스 프로모션 코드 최신 업데이트 (2026년 5월... ,https://blog.naver.com/official_ourpick/224294913057,20260526,축구양말 #<b>손흥민</b>유니폼 #축구유니폼 #올댓부츠 #축구바지 #키즈풋살화 #리버풀바람막이 #첼시유니폼 #스포츠가방 #치트삭스 #논슬립양말 #아식스c3 #맨유유니폼 #레알마드리드유니폼 #리버풀유니폼... ,Ourpick,blog.naver.com/official_ourpick,naver_blog,손흥민,canonical,1.0,2026-05-26T11:52:46.738110+00:00,0,0,0,0,Ourpick,축구양말 #<b>손흥민</b>유니폼 #축구유니폼 #올댓부츠 #축구바지 #키즈풋살화 #리버풀바람막이 #첼시유니폼 #스포츠가방 #치트삭스 #논슬립양말 #아식스c3 #맨유유니폼 #레알마드리드유니폼 #리버풀유니폼... ,"{""title"": ""알리익스프레스 프로모션 코드 최신 업데이트 (2026년 5월... "", ""link"": ""https://blog.naver.com/official_ourpick/224294913057"", ""description"": ""축구양말 #<b>손흥민</b>유니폼 #축구유니폼 #올댓부츠 #축구바지 #키즈풋살화 #리버풀바람막이 #첼시유니폼 #스포츠가방 #치트삭스 #논슬립양말 #아식스c3 #맨유유니폼 #레알마드리드유니폼 #리버풀유니폼... "", ""bloggername"": ""Ourpick"", ""bloggerlink"": ""blog.naver.com/official_ourpick"", ""postdate"": ""20260526""}"
손흥민,single_term_fallback,손흥민,"북중미 월드컵, 기대되는 한국 국가대표 선수들 TOP 6",https://blog.naver.com/thdms09876/224296280303,20260525,개인적으로 국가대표 팀에서 이런 선수가 한명쯤은 꼭 있어줘야된다고 생각해서 월드컵에서 정말 기대가 많이 된다 <b>손흥민</b> FW 공격수 1992년 7월 8일 / 183cm 소속팀 - 로스앤젤레스 FC 미국 프로축구 <b>손흥민</b>... ,ღ'ᴗ'ღ,blog.naver.com/thdms09876,naver_blog,손흥민,canonical,1.0,2026-05-26T11:52:46.738110+00:00,0,0,0,0,ღ'ᴗ'ღ,개인적으로 국가대표 팀에서 이런 선수가 한명쯤은 꼭 있어줘야된다고 생각해서 월드컵에서 정말 기대가 많이 된다 <b>손흥민</b> FW 공격수 1992년 7월 8일 / 183cm 소속팀 - 로스앤젤레스 FC 미국 프로축구 <b>손흥민</b>... ,"{""title"": ""북중미 월드컵, 기대되는 한국 국가대표 선수들 TOP 6"", ""link"": ""https://blog.naver.com/thdms09876/224296280303"", ""description"": ""개인적으로 국가대표 팀에서 이런 선수가 한명쯤은 꼭 있어줘야된다고 생각해서 월드컵에서 정말 기대가 많이 된다 <b>손흥민</b> FW 공격수 1992년 7월 8일 / 183cm 소속팀 - 로스앤젤레스 FC 미국 프로축구 <b>손흥민</b>... "", ""bloggername"": ""ღ'ᴗ'ღ"", ""bloggerlink"": ""blog.naver.com/thdms09876"", ""postdate"": ""20260525""}"
손흥민,single_term_fallback,손흥민,토트넘 1부리그 극적 생존… 레전드 <b>손흥민</b>·해리 케인도 축하... ,https://blog.naver.com/pbs3528/224296277185,20260525,듀오(<b>손흥민</b>·해리 케인)'도 일제히 축하와 기쁨의 뜻을 전했다. 토트넘은 25일(한국시간) 영국... 케인과 <b>손흥민</b>은 사회관계망서비스(SNS)를 통해 즉각 반응했다. 케인은 경기 종료 후 자신의 SNS 계정에... ,한국연예스포츠신문,blog.naver.com/pbs3528,naver_blog,손흥민,canonical,1.0,2026-05-26T11:52:46.738110+00:00,0,0,0,0,한국연예스포츠신문,듀오(<b>손흥민</b>·해리 케인)'도 일제히 축하와 기쁨의 뜻을 전했다. 토트넘은 25일(한국시간) 영국... 케인과 <b>손흥민</b>은 사회관계망서비스(SNS)를 통해 즉각 반응했다. 케인은 경기 종료 후 자신의 SNS 계정에... ,"{""title"": ""토트넘 1부리그 극적 생존… 레전드 <b>손흥민</b>·해리 케인도 축하... "", ""link"": ""https://blog.naver.com/pbs3528/224296277185"", ""description"": ""듀오(<b>손흥민</b>·해리 케인)'도 일제히 축하와 기쁨의 뜻을 전했다. 토트넘은 25일(한국시간) 영국... 케인과 <b>손흥민</b>은 사회관계망서비스(SNS)를 통해 즉각 반응했다. 케인은 경기 종료 후 자신의 SNS 계정에... "", ""bloggername"": ""한국연예스포츠신문"", ""bloggerlink"": ""blog.naver.com/pbs3528"", ""postdate"": ""20260525""}"
손흥민,single_term_fallback,손흥민,<b>손흥민</b> 무득점보다 더 주목받은 경기 후 한마디,https://blog.naver.com/ddm1820/224296265184,20260525,"<b>손흥민</b> 무득점보다 더 주목받은 경기 후 한마디 아쉬운 원톱 출격 월드컵이 코앞으로 다가오자 축구 팬들의 시선은 다시 <b>손흥민</b>에게 향했습니다. 한국 시간 5월 25일, <b>손흥민</b>의 소속팀 LAFC는 시애틀 사운더스와... ",취미는 골프,blog.naver.com/ddm1820,naver_blog,손흥민,canonical,1.0,2026-05-26T11:52:46.738110+00:00,0,0,0,0,취미는 골프,"<b>손흥민</b> 무득점보다 더 주목받은 경기 후 한마디 아쉬운 원톱 출격 월드컵이 코앞으로 다가오자 축구 팬들의 시선은 다시 <b>손흥민</b>에게 향했습니다. 한국 시간 5월 25일, <b>손흥민</b>의 소속팀 LAFC는 시애틀 사운더스와... ","{""title"": ""<b>손흥민</b> 무득점보다 더 주목받은 경기 후 한마디"", ""link"": ""https://blog.naver.com/ddm1820/224296265184"", ""description"": ""<b>손흥민</b> 무득점보다 더 주목받은 경기 후 한마디 아쉬운 원톱 출격 월드컵이 코앞으로 다가오자 축구 팬들의 시선은 다시 <b>손흥민</b>에게 향했습니다. 한국 시간 5월 25일, <b>손흥민</b>의 소속팀 LAFC는 시애틀 사운더스와... "", ""bloggername"": ""취미는 골프"", ""bloggerlink"": ""blog.naver.com/ddm1820"", ""postdate"": ""20260525""}"
손흥민,single_term_fallback,손흥민,공은 둥글고 지구는 하나다- 스포츠가 남기는 것은 결국... ,https://blog.naver.com/ddogdog/224296273329,20260525,이후 박지성과 김연아를 거쳐 현재는 <b>손흥민</b>과 안세영이 그 흐름을 이어가고 있다. 사람들은 단순히 승리만 소비한 것이 아니다. 선수의 도전 속에서 자신의 삶과 국가의 미래를 함께 투영했다. 그래서 스포츠는... ,사람의 사랑이 삶이다.,blog.naver.com/ddogdog,naver_blog,손흥민,canonical,1.0,2026-05-26T11:52:46.738110+00:00,0,0,0,0,사람의 사랑이 삶이다.,이후 박지성과 김연아를 거쳐 현재는 <b>손흥민</b>과 안세영이 그 흐름을 이어가고 있다. 사람들은 단순히 승리만 소비한 것이 아니다. 선수의 도전 속에서 자신의 삶과 국가의 미래를 함께 투영했다. 그래서 스포츠는... ,"{""title"": ""공은 둥글고 지구는 하나다- 스포츠가 남기는 것은 결국... "", ""link"": ""https://blog.naver.com/ddogdog/224296273329"", ""description"": ""이후 박지성과 김연아를 거쳐 현재는 <b>손흥민</b>과 안세영이 그 흐름을 이어가고 있다. 사람들은 단순히 승리만 소비한 것이 아니다. 선수의 도전 속에서 자신의 삶과 국가의 미래를 함께 투영했다. 그래서 스포츠는... "", ""bloggername"": ""사람의 사랑이 삶이다."", ""bloggerlink"": ""blog.naver.com/ddogdog"", ""postdate"": ""20260525""}"
손흥민,single_term_fallback,손흥민,"<b>손흥민</b> 대표팀 은퇴설 부인 정면 반박, 5번째 월드컵 가능성... ",https://blog.naver.com/woogoon_/224296272979,20260525,"은퇴설 정면 반박, <b>손흥민</b>이 직접 선을 그었다 북중미 월드컵을 앞두고 대한민국 축구 팬들을 가장 불안하게 만들었던 이야기가 있었습니다. <b>손흥민</b>의 대표팀 은퇴설이었습니다. 하지만 소속팀 LAFC... ",우군,blog.naver.com/woogoon_,naver_blog,손흥민,canonical,1.0,2026-05-26T11:52:46.738110+00:00,0,0,0,0,우군,"은퇴설 정면 반박, <b>손흥민</b>이 직접 선을 그었다 북중미 월드컵을 앞두고 대한민국 축구 팬들을 가장 불안하게 만들었던 이야기가 있었습니다. <b>손흥민</b>의 대표팀 은퇴설이었습니다. 하지만 소속팀 LAFC... ","{""title"": ""<b>손흥민</b> 대표팀 은퇴설 부인 정면 반박, 5번째 월드컵 가능성... "", ""link"": ""https://blog.naver.com/woogoon_/224296272979"", ""description"": ""은퇴설 정면 반박, <b>손흥민</b>이 직접 선을 그었다 북중미 월드컵을 앞두고 대한민국 축구 팬들을 가장 불안하게 만들었던 이야기가 있었습니다. <b>손흥민</b>의 대표팀 은퇴설이었습니다. 하지만 소속팀 LAFC... "", ""bloggername"": ""우군"", ""bloggerlink"": ""blog.naver.com/woogoon_"", ""postdate"": ""20260525""}"
손흥민,single_term_fallback,손흥민,"[코탑강서축구레슨] 2600525 5월의 매치데이!강서, 가양... ",https://blog.naver.com/dksrudgh5050/224296269526,20260525,레슨 파트 1 매치 진행 오늘은 강서지역 회원님들께서 지난 한 달간 열심히 레슨하셨던 부분을 갈고닦아 마음껏 사용해보시고 점검하실 수 있는 코탑의 꽃 마지막 주 매치데이를 진행하였는데요... ,코탑풋볼레슨,blog.naver.com/dksrudgh5050,naver_blog,손흥민,canonical,1.0,2026-05-26T11:52:46.738110+00:00,0,0,0,0,코탑풋볼레슨,레슨 파트 1 매치 진행 오늘은 강서지역 회원님들께서 지난 한 달간 열심히 레슨하셨던 부분을 갈고닦아 마음껏 사용해보시고 점검하실 수 있는 코탑의 꽃 마지막 주 매치데이를 진행하였는데요... ,"{""title"": ""[코탑강서축구레슨] 2600525 5월의 매치데이!강서, 가양... "", ""link"": ""https://blog.naver.com/dksrudgh5050/224296269526"", ""description"": ""레슨 파트 1 매치 진행 오늘은 강서지역 회원님들께서 지난 한 달간 열심히 레슨하셨던 부분을 갈고닦아 마음껏 사용해보시고 점검하실 수 있는 코탑의 꽃 마지막 주 매치데이를 진행하였는데요... "", ""bloggername"": ""코탑풋볼레슨"", ""bloggerlink"": ""blog.naver.com/dksrudgh5050"", ""postdate"": ""20260525""}"
손흥민,single_term_fallback,손흥민,"메가커피 신메뉴 솔직후기 : 꿀수박주스, 수박리치코코슬러시... ",https://blog.naver.com/somin609/224296268173,20260525,"메가커피 신메뉴 솔직후기 : 꿀수박주스, 수박리치코코슬러시, 제로레몬말차아이스티, 김치볶음밥 <b>손흥민</b> 선수가 광고하는 메가커피! 평소에도 가격이 저렴하고 다양한 신메뉴들이 나오기로 유명한 곳이라... ",키위새로그 :),blog.naver.com/somin609,naver_blog,손흥민,canonical,1.0,2026-05-26T11:52:46.738110+00:00,0,0,0,0,키위새로그 :),"메가커피 신메뉴 솔직후기 : 꿀수박주스, 수박리치코코슬러시, 제로레몬말차아이스티, 김치볶음밥 <b>손흥민</b> 선수가 광고하는 메가커피! 평소에도 가격이 저렴하고 다양한 신메뉴들이 나오기로 유명한 곳이라... ","{""title"": ""메가커피 신메뉴 솔직후기 : 꿀수박주스, 수박리치코코슬러시... "", ""link"": ""https://blog.naver.com/somin609/224296268173"", ""description"": ""메가커피 신메뉴 솔직후기 : 꿀수박주스, 수박리치코코슬러시, 제로레몬말차아이스티, 김치볶음밥 <b>손흥민</b> 선수가 광고하는 메가커피! 평소에도 가격이 저렴하고 다양한 신메뉴들이 나오기로 유명한 곳이라... "", ""bloggername"": ""키위새로그 :)"", ""bloggerlink"": ""blog.naver.com/somin609"", ""postdate"": ""20260525""}"
손흥민,single_term_fallback,손흥민,춘천대형카페 <b>손흥민</b>카페 춘천 가볼만한곳 추천 인필드 내돈내산,https://blog.naver.com/qwerty780/224296266513,20260525,"못와봤던 <b>손흥민</b>카페로 유명한 인필드 와봤어요 이야~입구부터 넓고 진짜 멋지더라고요... 여윽시 <b>손흥민</b>까페답게 유니폼부터 축구화까지 구경 싹하고~ 옷,가방 구경했어요~ 이쁜게 많더라고요!... ",다쨍이의 행복한 기록,blog.naver.com/qwerty780,naver_blog,손흥민,canonical,1.0,2026-05-26T11:52:46.738110+00:00,0,0,0,0,다쨍이의 행복한 기록,"못와봤던 <b>손흥민</b>카페로 유명한 인필드 와봤어요 이야~입구부터 넓고 진짜 멋지더라고요... 여윽시 <b>손흥민</b>까페답게 유니폼부터 축구화까지 구경 싹하고~ 옷,가방 구경했어요~ 이쁜게 많더라고요!... ","{""title"": ""춘천대형카페 <b>손흥민</b>카페 춘천 가볼만한곳 추천 인필드 내돈내산"", ""link"": ""https://blog.naver.com/qwerty780/224296266513"", ""description"": ""못와봤던 <b>손흥민</b>카페로 유명한 인필드 와봤어요 이야~입구부터 넓고 진짜 멋지더라고요... 여윽시 <b>손흥민</b>까페답게 유니폼부터 축구화까지 구경 싹하고~ 옷,가방 구경했어요~ 이쁜게 많더라고요!... "", ""bloggername"": ""다쨍이의 행복한 기록"", ""bloggerlink"": ""blog.naver.com/qwerty780"", ""postdate"": ""20260525""}"
손흥민,single_term_fallback,손흥민,"'40살 골키퍼' 노이어 은퇴 번복, 독일 국가대표 최종 명단",https://blog.naver.com/allaboutball/224296263734,20260525,하지만 <b>손흥민</b>의 한방으로 한국에게 패하면서 유독 아시아에 약한 면모를 보여줬습니다. 지난 카타르 월드컵에서도 일본에 발목을 잡히면서 결국 16강도 진출하지 못했습니다. (물론 스페인까지 일본이 잡는... ,올어바웃볼,blog.naver.com/allaboutball,naver_blog,손흥민,canonical,1.0,2026-05-26T11:52:46.738110+00:00,0,0,0,0,올어바웃볼,하지만 <b>손흥민</b>의 한방으로 한국에게 패하면서 유독 아시아에 약한 면모를 보여줬습니다. 지난 카타르 월드컵에서도 일본에 발목을 잡히면서 결국 16강도 진출하지 못했습니다. (물론 스페인까지 일본이 잡는... ,"{""title"": ""'40살 골키퍼' 노이어 은퇴 번복, 독일 국가대표 최종 명단"", ""link"": ""https://blog.naver.com/allaboutball/224296263734"", ""description"": ""하지만 <b>손흥민</b>의 한방으로 한국에게 패하면서 유독 아시아에 약한 면모를 보여줬습니다. 지난 카타르 월드컵에서도 일본에 발목을 잡히면서 결국 16강도 진출하지 못했습니다. (물론 스페인까지 일본이 잡는... "", ""bloggername"": ""올어바웃볼"", ""bloggerlink"": ""blog.naver.com/allaboutball"", ""postdate"": ""20260525""}"
손흥민,single_term_fallback,손흥민,"25/25 시즌 리뷰: 분골쇄신 했으니, 이젠 권토중래 해야할 때.",https://blog.naver.com/9unisfree/224296254380,20260525,그렇다면 주장에게 일임했다는 얘기인데 포스텍의 경우 팀의 오랫동안 있었고 존경 받는 선수인 <b>손흥민</b>에게 주장을 주고 매디슨과 함께 팀을 관리하게 했는데. 우리 프랭크는 뚜렷하게 주장단을 발표하지... ,COYS,blog.naver.com/9unisfree,naver_blog,손흥민,canonical,1.0,2026-05-26T11:52:46.738110+00:00,0,0,0,0,COYS,그렇다면 주장에게 일임했다는 얘기인데 포스텍의 경우 팀의 오랫동안 있었고 존경 받는 선수인 <b>손흥민</b>에게 주장을 주고 매디슨과 함께 팀을 관리하게 했는데. 우리 프랭크는 뚜렷하게 주장단을 발표하지... ,"{""title"": ""25/25 시즌 리뷰: 분골쇄신 했으니, 이젠 권토중래 해야할 때."", ""link"": ""https://blog.naver.com/9unisfree/224296254380"", ""description"": ""그렇다면 주장에게 일임했다는 얘기인데 포스텍의 경우 팀의 오랫동안 있었고 존경 받는 선수인 <b>손흥민</b>에게 주장을 주고 매디슨과 함께 팀을 관리하게 했는데. 우리 프랭크는 뚜렷하게 주장단을 발표하지... "", ""bloggername"": ""COYS"", ""bloggerlink"": ""blog.naver.com/9unisfree"", ""postdate"": ""20260525""}"
손흥민,single_term_fallback,손흥민,아디다스 COPA ICON 2 PRO TF:KH6860,https://blog.naver.com/massikim/224296254023,20260525,*품명:아디다스 COPA ICON 2 PRO TF *품번:KH6860 *어퍼:천연가죽/인공피혁 *출시일:2026년 5월 25일 *특징 -클래식한 디테일이 특징적인 축구 슈즈의 “COPA ICON2” PRO 모델 -과거와 현재를 융합시킨 부활의 360... ,도쿄스포츠,blog.naver.com/massikim,naver_blog,손흥민,canonical,1.0,2026-05-26T11:52:46.738110+00:00,0,0,0,0,도쿄스포츠,*품명:아디다스 COPA ICON 2 PRO TF *품번:KH6860 *어퍼:천연가죽/인공피혁 *출시일:2026년 5월 25일 *특징 -클래식한 디테일이 특징적인 축구 슈즈의 “COPA ICON2” PRO 모델 -과거와 현재를 융합시킨 부활의 360... ,"{""title"": ""아디다스 COPA ICON 2 PRO TF:KH6860"", ""link"": ""https://blog.naver.com/massikim/224296254023"", ""description"": ""*품명:아디다스 COPA ICON 2 PRO TF *품번:KH6860 *어퍼:천연가죽/인공피혁 *출시일:2026년 5월 25일 *특징 -클래식한 디테일이 특징적인 축구 슈즈의 “COPA ICON2” PRO 모델 -과거와 현재를 융합시킨 부활의 360... "", ""bloggername"": ""도쿄스포츠"", ""bloggerlink"": ""blog.naver.com/massikim"", ""postdate"": ""20260525""}"
손흥민,single_term_fallback,손흥민,"<b>손흥민</b> 원형 탈모 증상 포착, 월드컵 주장으로서 부담감이... ",https://blog.naver.com/ksw2069/224296252802,20260525,오늘은 ‘<b>손흥민</b> 원형 탈모 증상 포착 월드컵 주장으로서 부담감이 컸을까..’ 이야기입니다. 북중미월드컵을 앞둔 <b>손흥민</b> 선수의 LA FC 리그 마지막 경기 중계 장면 원형 탈모로 추정되는 흔적이 화면에... ,레고킴의 스포츠 인사이트,blog.naver.com/ksw2069,naver_blog,손흥민,canonical,1.0,2026-05-26T11:52:46.738110+00:00,0,0,0,0,레고킴의 스포츠 인사이트,오늘은 ‘<b>손흥민</b> 원형 탈모 증상 포착 월드컵 주장으로서 부담감이 컸을까..’ 이야기입니다. 북중미월드컵을 앞둔 <b>손흥민</b> 선수의 LA FC 리그 마지막 경기 중계 장면 원형 탈모로 추정되는 흔적이 화면에... ,"{""title"": ""<b>손흥민</b> 원형 탈모 증상 포착, 월드컵 주장으로서 부담감이... "", ""link"": ""https://blog.naver.com/ksw2069/224296252802"", ""description"": ""오늘은 ‘<b>손흥민</b> 원형 탈모 증상 포착 월드컵 주장으로서 부담감이 컸을까..’ 이야기입니다. 북중미월드컵을 앞둔 <b>손흥민</b> 선수의 LA FC 리그 마지막 경기 중계 장면 원형 탈모로 추정되는 흔적이 화면에... "", ""bloggername"": ""레고킴의 스포츠 인사이트"", ""bloggerlink"": ""blog.naver.com/ksw2069"", ""postdate"": ""20260525""}"
손흥민,single_term_fallback,손흥민,2605 동지,https://blog.naver.com/bemadebyj/224296250661,20260525,사실 <b>손흥민</b>이 떠난 이후로 토트넘을 크게 응원하짐 않고 있었으나 마르세유의 소굴은 이곳 남프랑스에서 용감히 아빠와 같은 토트넘 티셔츠를 입고 있는 녀석을 보며 다시 토트넘에 대한 마음이 피어오른다.... ,기똥이와 토끼,blog.naver.com/bemadebyj,naver_blog,손흥민,canonical,1.0,2026-05-26T11:52:46.738110+00:00,0,0,0,0,기똥이와 토끼,사실 <b>손흥민</b>이 떠난 이후로 토트넘을 크게 응원하짐 않고 있었으나 마르세유의 소굴은 이곳 남프랑스에서 용감히 아빠와 같은 토트넘 티셔츠를 입고 있는 녀석을 보며 다시 토트넘에 대한 마음이 피어오른다.... ,"{""title"": ""2605 동지"", ""link"": ""https://blog.naver.com/bemadebyj/224296250661"", ""description"": ""사실 <b>손흥민</b>이 떠난 이후로 토트넘을 크게 응원하짐 않고 있었으나 마르세유의 소굴은 이곳 남프랑스에서 용감히 아빠와 같은 토트넘 티셔츠를 입고 있는 녀석을 보며 다시 토트넘에 대한 마음이 피어오른다.... "", ""bloggername"": ""기똥이와 토끼"", ""bloggerlink"": ""blog.naver.com/bemadebyj"", ""postdate"": ""20260525""}"
손흥민,single_term_fallback,손흥민,"&quot;왕관을 쓰려는 자, 그 무게를 견뎌라&quot; <b>손흥민</b> 원형 탈모 포착에... ",https://blog.naver.com/blueocean_no1/224296243989,20260525,"오늘도 우리들의 영원한 캡틴, <b>손흥민</b> 선수의 소식을 들고 찾아왔습니다. 항상 그라운드 위에서 밝게 웃으며 동료들을 이끄는 <b>손흥민</b> 선수이지만, 최근 중계 화면에 잡힌 한 장면 때문에 수많은 팬들의... ",정보가 힘이다,blog.naver.com/blueocean_no1,naver_blog,손흥민,canonical,1.0,2026-05-26T11:52:46.738110+00:00,0,0,0,0,정보가 힘이다,"오늘도 우리들의 영원한 캡틴, <b>손흥민</b> 선수의 소식을 들고 찾아왔습니다. 항상 그라운드 위에서 밝게 웃으며 동료들을 이끄는 <b>손흥민</b> 선수이지만, 최근 중계 화면에 잡힌 한 장면 때문에 수많은 팬들의... ","{""title"": ""&quot;왕관을 쓰려는 자, 그 무게를 견뎌라&quot; <b>손흥민</b> 원형 탈모 포착에... "", ""link"": ""https://blog.naver.com/blueocean_no1/224296243989"", ""description"": ""오늘도 우리들의 영원한 캡틴, <b>손흥민</b> 선수의 소식을 들고 찾아왔습니다. 항상 그라운드 위에서 밝게 웃으며 동료들을 이끄는 <b>손흥민</b> 선수이지만, 최근 중계 화면에 잡힌 한 장면 때문에 수많은 팬들의... "", ""bloggername"": ""정보가 힘이다"", ""bloggerlink"": ""blog.naver.com/blueocean_no1"", ""postdate"": ""20260525""}"
손흥민,single_term_fallback,손흥민,'<b>손흥민</b> 前 동료' 토트넘 메디슨 강력 발언! &quot;우리 팀 부상... ,https://blog.naver.com/sports_complex/224296243391,20260525,토트넘 훗스퍼 핵심 미드필더 제임스 메디슨이 팀의 “천문학적인” 부상 문제를 구단 차원에서 반드시 분석해야 한다고 주장했다. 토트넘은 25일(이하 한국시간) 열린 시즌 최종전에서 에버턴을 1-0으로 꺾으며... ,Miracle Sports Corporation,blog.naver.com/sports_complex,naver_blog,손흥민,canonical,1.0,2026-05-26T11:52:46.738110+00:00,0,0,0,0,Miracle Sports Corporation,토트넘 훗스퍼 핵심 미드필더 제임스 메디슨이 팀의 “천문학적인” 부상 문제를 구단 차원에서 반드시 분석해야 한다고 주장했다. 토트넘은 25일(이하 한국시간) 열린 시즌 최종전에서 에버턴을 1-0으로 꺾으며... ,"{""title"": ""'<b>손흥민</b> 前 동료' 토트넘 메디슨 강력 발언! &quot;우리 팀 부상... "", ""link"": ""https://blog.naver.com/sports_complex/224296243391"", ""description"": ""토트넘 훗스퍼 핵심 미드필더 제임스 메디슨이 팀의 “천문학적인” 부상 문제를 구단 차원에서 반드시 분석해야 한다고 주장했다. 토트넘은 25일(이하 한국시간) 열린 시즌 최종전에서 에버턴을 1-0으로 꺾으며... "", ""bloggername"": ""Miracle Sports Corporation"", ""bloggerlink"": ""blog.naver.com/sports_complex"", ""postdate"": ""20260525""}"
손흥민,single_term_fallback,손흥민,인생은 멀리서 보면 희극 가까이서 보면 비냉,https://blog.naver.com/daekkung2/224296243366,20260525,오로지 살기 위해 나도 커피 사주는 사람 있어 나 25살이지만 커피 얻어먹을 수 있는 사람 있어 나 아직 학교에 친구있어 #땡큐국민대<b>손흥민</b> 근데 저 사진 약간 요술램프 지니처럼 나왔네 형이 커피에... ,SodlfrL,blog.naver.com/daekkung2,naver_blog,손흥민,canonical,1.0,2026-05-26T11:52:46.738110+00:00,0,0,0,0,SodlfrL,오로지 살기 위해 나도 커피 사주는 사람 있어 나 25살이지만 커피 얻어먹을 수 있는 사람 있어 나 아직 학교에 친구있어 #땡큐국민대<b>손흥민</b> 근데 저 사진 약간 요술램프 지니처럼 나왔네 형이 커피에... ,"{""title"": ""인생은 멀리서 보면 희극 가까이서 보면 비냉"", ""link"": ""https://blog.naver.com/daekkung2/224296243366"", ""description"": ""오로지 살기 위해 나도 커피 사주는 사람 있어 나 25살이지만 커피 얻어먹을 수 있는 사람 있어 나 아직 학교에 친구있어 #땡큐국민대<b>손흥민</b> 근데 저 사진 약간 요술램프 지니처럼 나왔네 형이 커피에... "", ""bloggername"": ""SodlfrL"", ""bloggerlink"": ""blog.naver.com/daekkung2"", ""postdate"": ""20260525""}"
손흥민,single_term_fallback,손흥민,정몽규 대한 축구 협회장이 자격이 없는 진짜 이유를 알아보았다.,https://blog.naver.com/mhm0977/224296241123,20260525,"국민적 축제 당일의 이탈 홍명보 감독이 지난 5월 17일 서울에서 <b>손흥민</b>을 포함한 월드컵 초I종 엔트리를 발표하며 전 국민적 긴장감이 초I고조에 달했을 당일 오전, 정 호I장은 강원도의 한 골프 필드 위에... ","마니의 이것저것, 일상의 공유",blog.naver.com/mhm0977,naver_blog,손흥민,canonical,1.0,2026-05-26T11:52:46.738110+00:00,0,0,0,0,"마니의 이것저것, 일상의 공유","국민적 축제 당일의 이탈 홍명보 감독이 지난 5월 17일 서울에서 <b>손흥민</b>을 포함한 월드컵 초I종 엔트리를 발표하며 전 국민적 긴장감이 초I고조에 달했을 당일 오전, 정 호I장은 강원도의 한 골프 필드 위에... ","{""title"": ""정몽규 대한 축구 협회장이 자격이 없는 진짜 이유를 알아보았다."", ""link"": ""https://blog.naver.com/mhm0977/224296241123"", ""description"": ""국민적 축제 당일의 이탈 홍명보 감독이 지난 5월 17일 서울에서 <b>손흥민</b>을 포함한 월드컵 초I종 엔트리를 발표하며 전 국민적 긴장감이 초I고조에 달했을 당일 오전, 정 호I장은 강원도의 한 골프 필드 위에... "", ""bloggername"": ""마니의 이것저것, 일상의 공유"", ""bloggerlink"": ""blog.naver.com/mhm0977"", ""postdate"": ""20260525""}"
손흥민,single_term_fallback,손흥민,축구 월드컵 국가대표 발표,https://blog.naver.com/shiningjm73/224296240878,20260525,그냥 4백쓰고 중앙미드필더에 김진규든 박진섭이든 넣어서 라볼피아나 형태로 빌드업하자 국가대표팀이 3백써서 잘되는 꼴을 본적이 거의 없다 3.<b>손흥민</b>을 측면자원에 써야한다는 강박을 버리자 이제 나이도... ,은은하지만 개성있게,blog.naver.com/shiningjm73,naver_blog,손흥민,canonical,1.0,2026-05-26T11:52:46.738110+00:00,0,0,0,0,은은하지만 개성있게,그냥 4백쓰고 중앙미드필더에 김진규든 박진섭이든 넣어서 라볼피아나 형태로 빌드업하자 국가대표팀이 3백써서 잘되는 꼴을 본적이 거의 없다 3.<b>손흥민</b>을 측면자원에 써야한다는 강박을 버리자 이제 나이도... ,"{""title"": ""축구 월드컵 국가대표 발표"", ""link"": ""https://blog.naver.com/shiningjm73/224296240878"", ""description"": ""그냥 4백쓰고 중앙미드필더에 김진규든 박진섭이든 넣어서 라볼피아나 형태로 빌드업하자 국가대표팀이 3백써서 잘되는 꼴을 본적이 거의 없다 3.<b>손흥민</b>을 측면자원에 써야한다는 강박을 버리자 이제 나이도... "", ""bloggername"": ""은은하지만 개성있게"", ""bloggerlink"": ""blog.naver.com/shiningjm73"", ""postdate"": ""20260525""}"
손흥민,single_term_fallback,손흥민,일상 포스팅 제목 정하는 게 제일 어려워,https://blog.naver.com/babymingz/224296238404,20260525,"토트넘 경기는 <b>손흥민</b> 선수 때문에 보게됐는데 미운 정, 고운 정 다 들어서 프리미어리그 팀 중 유일하게 챙겨보고 있다. 다른 팀 선수들 얼굴/이름은 잘 외워지지도 않는데 토트넘 선수들 이름은 다 외운 나.... ",cosmic latte,blog.naver.com/babymingz,naver_blog,손흥민,canonical,1.0,2026-05-26T11:52:46.738110+00:00,0,0,0,0,cosmic latte,"토트넘 경기는 <b>손흥민</b> 선수 때문에 보게됐는데 미운 정, 고운 정 다 들어서 프리미어리그 팀 중 유일하게 챙겨보고 있다. 다른 팀 선수들 얼굴/이름은 잘 외워지지도 않는데 토트넘 선수들 이름은 다 외운 나.... ","{""title"": ""일상 포스팅 제목 정하는 게 제일 어려워"", ""link"": ""https://blog.naver.com/babymingz/224296238404"", ""description"": ""토트넘 경기는 <b>손흥민</b> 선수 때문에 보게됐는데 미운 정, 고운 정 다 들어서 프리미어리그 팀 중 유일하게 챙겨보고 있다. 다른 팀 선수들 얼굴/이름은 잘 외워지지도 않는데 토트넘 선수들 이름은 다 외운 나.... "", ""bloggername"": ""cosmic latte"", ""bloggerlink"": ""blog.naver.com/babymingz"", ""postdate"": ""20260525""}"
손흥민,single_term_fallback,손흥민,<b>손흥민</b> 슈팅 7개 폭발했는데 최저 평점…LAFC 팬들도 반응... ,https://blog.naver.com/asj1875/224296236666,20260525,<b>손흥민</b>도 최전방에서 풀타임 활약하며 공격을 이끌었는데요. 무려 7개의 슈팅을 기록하면서... <b>손흥민</b> 역시 여러 차례 슈팅을 시도하며 분위기를 만들었지만 골 운은 따르지 않았습니다.... ,스포츠 큐레이터 린,blog.naver.com/asj1875,naver_blog,손흥민,canonical,1.0,2026-05-26T11:52:46.738110+00:00,0,0,0,0,스포츠 큐레이터 린,<b>손흥민</b>도 최전방에서 풀타임 활약하며 공격을 이끌었는데요. 무려 7개의 슈팅을 기록하면서... <b>손흥민</b> 역시 여러 차례 슈팅을 시도하며 분위기를 만들었지만 골 운은 따르지 않았습니다.... ,"{""title"": ""<b>손흥민</b> 슈팅 7개 폭발했는데 최저 평점…LAFC 팬들도 반응... "", ""link"": ""https://blog.naver.com/asj1875/224296236666"", ""description"": ""<b>손흥민</b>도 최전방에서 풀타임 활약하며 공격을 이끌었는데요. 무려 7개의 슈팅을 기록하면서... <b>손흥민</b> 역시 여러 차례 슈팅을 시도하며 분위기를 만들었지만 골 운은 따르지 않았습니다.... "", ""bloggername"": ""스포츠 큐레이터 린"", ""bloggerlink"": ""blog.naver.com/asj1875"", ""postdate"": ""20260525""}"
손흥민,single_term_fallback,손흥민,잔류했는데 감독 폭탄 선언 나왔다…데제르비 토트넘 선수단... ,https://blog.naver.com/asj1875/224296236328,20260525,naver.com/asj1875/224290761500 ⚾ LG 외인 교체설 터졌다…SNS 팔로우 하나에 팬들이 술렁인 이유 https://blog.naver.com/asj1875/224290759869 #토트넘 #데제르비 #EPL #<b>손흥민</b> #프리미어리그 #해외축구 #kbo #축구 #큐레이터린,스포츠 큐레이터 린,blog.naver.com/asj1875,naver_blog,손흥민,canonical,1.0,2026-05-26T11:52:46.738110+00:00,0,0,0,0,스포츠 큐레이터 린,naver.com/asj1875/224290761500 ⚾ LG 외인 교체설 터졌다…SNS 팔로우 하나에 팬들이 술렁인 이유 https://blog.naver.com/asj1875/224290759869 #토트넘 #데제르비 #EPL #<b>손흥민</b> #프리미어리그 #해외축구 #kbo #축구 #큐레이터린,"{""title"": ""잔류했는데 감독 폭탄 선언 나왔다…데제르비 토트넘 선수단... "", ""link"": ""https://blog.naver.com/asj1875/224296236328"", ""description"": ""naver.com/asj1875/224290761500 ⚾ LG 외인 교체설 터졌다…SNS 팔로우 하나에 팬들이 술렁인 이유 https://blog.naver.com/asj1875/224290759869 #토트넘 #데제르비 #EPL #<b>손흥민</b> #프리미어리그 #해외축구 #kbo #축구 #큐레이터린"", ""bloggername"": ""스포츠 큐레이터 린"", ""bloggerlink"": ""blog.naver.com/asj1875"", ""postdate"": ""20260525""}"
손흥민,single_term_fallback,손흥민,코앞에서 살아난 토트넘.. <b>손흥민</b> 해리 케인 어떤 반응이었을까?,https://blog.naver.com/orina_/224296233787,20260525,특히 한국 팬들은 과거 <b>손흥민</b> 선수가 주장으로 활약했었던 토트넘의 강등 여부가 가장 큰 관심사였죠... 토트넘이 강등 위기를 벗어나면서 토트넘의 레전드들인 <b>손흥민</b> 선수와 해리 케인 선수가 보인 반응이... ,오리나,blog.naver.com/orina_,naver_blog,손흥민,canonical,1.0,2026-05-26T11:52:46.738110+00:00,0,0,0,0,오리나,특히 한국 팬들은 과거 <b>손흥민</b> 선수가 주장으로 활약했었던 토트넘의 강등 여부가 가장 큰 관심사였죠... 토트넘이 강등 위기를 벗어나면서 토트넘의 레전드들인 <b>손흥민</b> 선수와 해리 케인 선수가 보인 반응이... ,"{""title"": ""코앞에서 살아난 토트넘.. <b>손흥민</b> 해리 케인 어떤 반응이었을까?"", ""link"": ""https://blog.naver.com/orina_/224296233787"", ""description"": ""특히 한국 팬들은 과거 <b>손흥민</b> 선수가 주장으로 활약했었던 토트넘의 강등 여부가 가장 큰 관심사였죠... 토트넘이 강등 위기를 벗어나면서 토트넘의 레전드들인 <b>손흥민</b> 선수와 해리 케인 선수가 보인 반응이... "", ""bloggername"": ""오리나"", ""bloggerlink"": ""blog.naver.com/orina_"", ""postdate"": ""20260525""}"
손흥민,single_term_fallback,손흥민,2026년 5월 25일 월요일 · 스포츠,https://blog.naver.com/dabong0707/224296233656,20260525,유럽 축구 시즌 종료…<b>손흥민</b>과 유럽파는 이제 대표팀 모드로 유럽 주요 리그들이 시즌 종료 단계에 들어가면서 한국 선수들의 다음 일정에도 관심이 이어지고 있습니다. 최근 <b>손흥민</b>은 시즌 막판 경기들에서... ,다봉이네 사진가게,blog.naver.com/dabong0707,naver_blog,손흥민,canonical,1.0,2026-05-26T11:52:46.738110+00:00,0,0,0,0,다봉이네 사진가게,유럽 축구 시즌 종료…<b>손흥민</b>과 유럽파는 이제 대표팀 모드로 유럽 주요 리그들이 시즌 종료 단계에 들어가면서 한국 선수들의 다음 일정에도 관심이 이어지고 있습니다. 최근 <b>손흥민</b>은 시즌 막판 경기들에서... ,"{""title"": ""2026년 5월 25일 월요일 · 스포츠"", ""link"": ""https://blog.naver.com/dabong0707/224296233656"", ""description"": ""유럽 축구 시즌 종료…<b>손흥민</b>과 유럽파는 이제 대표팀 모드로 유럽 주요 리그들이 시즌 종료 단계에 들어가면서 한국 선수들의 다음 일정에도 관심이 이어지고 있습니다. 최근 <b>손흥민</b>은 시즌 막판 경기들에서... "", ""bloggername"": ""다봉이네 사진가게"", ""bloggerlink"": ""blog.naver.com/dabong0707"", ""postdate"": ""20260525""}"
손흥민,single_term_fallback,손흥민,2026년 북중미 월드컵 최고의 성적을 내기 위해서는 첫 게임... ,https://blog.naver.com/ssjclkh/224296230570,20260525,특히 유럽 팀들은 체격과 압박 강도가 강한 경우가 많아 초반 실점 없이 버티며 경기 흐름을 가져오는 것이 핵심이 될 것이며 고지대 적응이 많은 영향을 줄 것입니다 <b>손흥민</b> 선수가 몇 일전에 멕시코 클럽팀과... ,진달래,blog.naver.com/ssjclkh,naver_blog,손흥민,canonical,1.0,2026-05-26T11:52:46.738110+00:00,0,0,0,0,진달래,특히 유럽 팀들은 체격과 압박 강도가 강한 경우가 많아 초반 실점 없이 버티며 경기 흐름을 가져오는 것이 핵심이 될 것이며 고지대 적응이 많은 영향을 줄 것입니다 <b>손흥민</b> 선수가 몇 일전에 멕시코 클럽팀과... ,"{""title"": ""2026년 북중미 월드컵 최고의 성적을 내기 위해서는 첫 게임... "", ""link"": ""https://blog.naver.com/ssjclkh/224296230570"", ""description"": ""특히 유럽 팀들은 체격과 압박 강도가 강한 경우가 많아 초반 실점 없이 버티며 경기 흐름을 가져오는 것이 핵심이 될 것이며 고지대 적응이 많은 영향을 줄 것입니다 <b>손흥민</b> 선수가 몇 일전에 멕시코 클럽팀과... "", ""bloggername"": ""진달래"", ""bloggerlink"": ""blog.naver.com/ssjclkh"", ""postdate"": ""20260525""}"
손흥민,single_term_fallback,손흥민,&quot;이런 기적이..&quot; EPL 프리미어리그 토트넘 웨스트햄 어떤 팀이... ,https://blog.naver.com/orina_/224296227961,20260525,함께 보면 좋은 글 &quot; &quot; 벼랑 끝에서 살아남은 토트넘 <b>손흥민</b> 선수가 있었던 그 당시 토트넘이 아닙니다. 지난 시즌을 끝으로 <b>손흥민</b> 선수가 토트넘을 떠났고 <b>손흥민</b> 선수가 떠나고 토트넘은 팀의 중심이... ,오리나,blog.naver.com/orina_,naver_blog,손흥민,canonical,1.0,2026-05-26T11:52:46.738110+00:00,0,0,0,0,오리나,함께 보면 좋은 글 &quot; &quot; 벼랑 끝에서 살아남은 토트넘 <b>손흥민</b> 선수가 있었던 그 당시 토트넘이 아닙니다. 지난 시즌을 끝으로 <b>손흥민</b> 선수가 토트넘을 떠났고 <b>손흥민</b> 선수가 떠나고 토트넘은 팀의 중심이... ,"{""title"": ""&quot;이런 기적이..&quot; EPL 프리미어리그 토트넘 웨스트햄 어떤 팀이... "", ""link"": ""https://blog.naver.com/orina_/224296227961"", ""description"": ""함께 보면 좋은 글 &quot; &quot; 벼랑 끝에서 살아남은 토트넘 <b>손흥민</b> 선수가 있었던 그 당시 토트넘이 아닙니다. 지난 시즌을 끝으로 <b>손흥민</b> 선수가 토트넘을 떠났고 <b>손흥민</b> 선수가 떠나고 토트넘은 팀의 중심이... "", ""bloggername"": ""오리나"", ""bloggerlink"": ""blog.naver.com/orina_"", ""postdate"": ""20260525""}"
손흥민,single_term_fallback,손흥민,가짜 임신인 줄 알면서도 3억 송금<b>손흥민</b>이 끝내 돈 건넨 이유,https://blog.naver.com/okjasi/224296220385,20260525,가짜 임신인 줄 알면서도 3억 송금”…<b>손흥민</b>이 끝내 돈 건넨 이유⚽ <b>손흥민</b>이 전 여자친구의 허위 임신 협박에 거액을 건넨 배경이 알려지며 충격을 주고 있다. 특히 <b>손흥민</b>이 초음파 사진이 조작됐다는... ,연예 썰 정리소,blog.naver.com/okjasi,naver_blog,손흥민,canonical,1.0,2026-05-26T11:52:46.738110+00:00,0,0,0,0,연예 썰 정리소,가짜 임신인 줄 알면서도 3억 송금”…<b>손흥민</b>이 끝내 돈 건넨 이유⚽ <b>손흥민</b>이 전 여자친구의 허위 임신 협박에 거액을 건넨 배경이 알려지며 충격을 주고 있다. 특히 <b>손흥민</b>이 초음파 사진이 조작됐다는... ,"{""title"": ""가짜 임신인 줄 알면서도 3억 송금<b>손흥민</b>이 끝내 돈 건넨 이유"", ""link"": ""https://blog.naver.com/okjasi/224296220385"", ""description"": ""가짜 임신인 줄 알면서도 3억 송금”…<b>손흥민</b>이 끝내 돈 건넨 이유⚽ <b>손흥민</b>이 전 여자친구의 허위 임신 협박에 거액을 건넨 배경이 알려지며 충격을 주고 있다. 특히 <b>손흥민</b>이 초음파 사진이 조작됐다는... "", ""bloggername"": ""연예 썰 정리소"", ""bloggerlink"": ""blog.naver.com/okjasi"", ""postdate"": ""20260525""}"
손흥민,single_term_fallback,손흥민,[숙대입구 술집] 남영역 한식 주점 산해촌 | 제철 안주 맛집 방문... ,https://blog.naver.com/abab0123/224296218277,20260525,"<b>손흥민</b> 광고모델이라 뚜껑이 축구공 ㅎ 넘 귀여워요! 테라 맥주는 최고죠 일단 시원한 맥주로 짠~ 여수 꼬막 보쌈 한상 38,000원 꼬막과 보쌈을 함께 즐길 수 있는 메뉴 한 상 차림 느낌! 양도 둘이 먹기에 딱... ","Travel, Collect moments✨",blog.naver.com/abab0123,naver_blog,손흥민,canonical,1.0,2026-05-26T11:52:46.738110+00:00,0,0,0,0,"Travel, Collect moments✨","<b>손흥민</b> 광고모델이라 뚜껑이 축구공 ㅎ 넘 귀여워요! 테라 맥주는 최고죠 일단 시원한 맥주로 짠~ 여수 꼬막 보쌈 한상 38,000원 꼬막과 보쌈을 함께 즐길 수 있는 메뉴 한 상 차림 느낌! 양도 둘이 먹기에 딱... ","{""title"": ""[숙대입구 술집] 남영역 한식 주점 산해촌 | 제철 안주 맛집 방문... "", ""link"": ""https://blog.naver.com/abab0123/224296218277"", ""description"": ""<b>손흥민</b> 광고모델이라 뚜껑이 축구공 ㅎ 넘 귀여워요! 테라 맥주는 최고죠 일단 시원한 맥주로 짠~ 여수 꼬막 보쌈 한상 38,000원 꼬막과 보쌈을 함께 즐길 수 있는 메뉴 한 상 차림 느낌! 양도 둘이 먹기에 딱... "", ""bloggername"": ""Travel, Collect moments✨"", ""bloggerlink"": ""blog.naver.com/abab0123"", ""postdate"": ""20260525""}"
손흥민,single_term_fallback,손흥민,⚽2026 북중미 월드컵 대한민국 조별리그 경기 일정 및 최종... ,https://blog.naver.com/patrick8892/224296217522,20260525,"<b>손흥민</b>, 이강인, 김민재 등 핵심 해외파는 물론 소속팀에서 맹활약 중인 선수들이 조화를... 3명) <b>손흥민</b> (LA FC) 조규성 (미트윌란) 오현규 (베식타스)  3. 이번 명단 &amp; 일정의 핵심 관전 포인트!  오전 근무의... ",루원의 블로그٩(◕‿◕)۶♡,blog.naver.com/patrick8892,naver_blog,손흥민,canonical,1.0,2026-05-26T11:52:46.738110+00:00,0,0,0,0,루원의 블로그٩(◕‿◕)۶♡,"<b>손흥민</b>, 이강인, 김민재 등 핵심 해외파는 물론 소속팀에서 맹활약 중인 선수들이 조화를... 3명) <b>손흥민</b> (LA FC) 조규성 (미트윌란) 오현규 (베식타스)  3. 이번 명단 &amp; 일정의 핵심 관전 포인트!  오전 근무의... ","{""title"": ""⚽2026 북중미 월드컵 대한민국 조별리그 경기 일정 및 최종... "", ""link"": ""https://blog.naver.com/patrick8892/224296217522"", ""description"": ""<b>손흥민</b>, 이강인, 김민재 등 핵심 해외파는 물론 소속팀에서 맹활약 중인 선수들이 조화를... 3명) <b>손흥민</b> (LA FC) 조규성 (미트윌란) 오현규 (베식타스)  3. 이번 명단 &amp; 일정의 핵심 관전 포인트!  오전 근무의... "", ""bloggername"": ""루원의 블로그٩(◕‿◕)۶♡"", ""bloggerlink"": ""blog.naver.com/patrick8892"", ""postdate"": ""20260525""}"
손흥민,single_term_fallback,손흥민,&quot;또 골은 없었다&quot; <b>손흥민</b> 월드컵 전 마지막 MLS 경기,https://blog.naver.com/kida02_/224296212445,20260525,김기희 품에 안긴 <b>손흥민</b>의 표정이 경기 기록보다 먼저 남았습니다. 7차례 슈팅에도 리그 첫 골은... LA FC 메이저리그사커해외축구 지금 확인할 건 이 장면이 <b>손흥민</b>의 월드컵 전 컨디션을 어떻게... ,스포츠에 빠지다,blog.naver.com/kida02_,naver_blog,손흥민,canonical,1.0,2026-05-26T11:52:46.738110+00:00,0,0,0,0,스포츠에 빠지다,김기희 품에 안긴 <b>손흥민</b>의 표정이 경기 기록보다 먼저 남았습니다. 7차례 슈팅에도 리그 첫 골은... LA FC 메이저리그사커해외축구 지금 확인할 건 이 장면이 <b>손흥민</b>의 월드컵 전 컨디션을 어떻게... ,"{""title"": ""&quot;또 골은 없었다&quot; <b>손흥민</b> 월드컵 전 마지막 MLS 경기"", ""link"": ""https://blog.naver.com/kida02_/224296212445"", ""description"": ""김기희 품에 안긴 <b>손흥민</b>의 표정이 경기 기록보다 먼저 남았습니다. 7차례 슈팅에도 리그 첫 골은... LA FC 메이저리그사커해외축구 지금 확인할 건 이 장면이 <b>손흥민</b>의 월드컵 전 컨디션을 어떻게... "", ""bloggername"": ""스포츠에 빠지다"", ""bloggerlink"": ""blog.naver.com/kida02_"", ""postdate"": ""20260525""}"
