canonical_keyword,keyword_set_mode,keyword,title,url,published_at,description,originallink,source,term,term_type,term_weight,collected_at,views,likes,comments,engagements,author,snippet,raw_payload
손흥민,single_term_fallback,손흥민,"&quot;공격수도 수비해야 한다&quot; LAFC 감독, '흥부 듀오'있음에도 전력 보강 예...",https://m.sports.naver.com/wfootball/article/411/0000082292,"Tue, 26 May 2026 20:45:00 +0900",&quot;공격수도 수비에 참여해야 한다.&quot; LAFC의 마크 도스 산토스 감독이 '흥부 듀오' <b>손흥민</b>과 드니 부앙가가... 그는 미국 '스포르팅 트리뷴'과의 인터뷰에서 &quot;올해 우리의 플레이 방식이 바뀌어 <b>손흥민</b>과 나 모두 정말... ,https://www.fourfourtwo.co.kr/news/articleView.html?idxno=92493,naver_news,손흥민,canonical,1.0,2026-05-26T11:52:45.740012+00:00,0,0,0,0,,&quot;공격수도 수비에 참여해야 한다.&quot; LAFC의 마크 도스 산토스 감독이 '흥부 듀오' <b>손흥민</b>과 드니 부앙가가... 그는 미국 '스포르팅 트리뷴'과의 인터뷰에서 &quot;올해 우리의 플레이 방식이 바뀌어 <b>손흥민</b>과 나 모두 정말... ,"{""title"": ""&quot;공격수도 수비해야 한다&quot; LAFC 감독, '흥부 듀오'있음에도 전력 보강 예..."", ""originallink"": ""https://www.fourfourtwo.co.kr/news/articleView.html?idxno=92493"", ""link"": ""https://m.sports.naver.com/wfootball/article/411/0000082292"", ""description"": ""&quot;공격수도 수비에 참여해야 한다.&quot; LAFC의 마크 도스 산토스 감독이 '흥부 듀오' <b>손흥민</b>과 드니 부앙가가... 그는 미국 '스포르팅 트리뷴'과의 인터뷰에서 &quot;올해 우리의 플레이 방식이 바뀌어 <b>손흥민</b>과 나 모두 정말... "", ""pubDate"": ""Tue, 26 May 2026 20:45:00 +0900""}"
손흥민,single_term_fallback,손흥민,"'도토리 키재기 A호' 홍명보호를 향한 예상, 멕시코 우위 속 체코와 2위...",https://m.sports.naver.com/kfootball/article/109/0005541259,"Tue, 26 May 2026 20:41:00 +0900","한국 입장에서는 <b>손흥민</b>, 이강인, 황희찬, 김민재 등 핵심 선수들의 개인 능력을 결과로 연결해야 한다. 로토와이어는 한국이 <b>손흥민</b>의 마지막 월드컵이 될 수 있는 대회에 들어간다고 짚었다. 동시에 3월 A매치 기간... ",http://www.osen.co.kr/article/G1112808786,naver_news,손흥민,canonical,1.0,2026-05-26T11:52:45.740012+00:00,0,0,0,0,,"한국 입장에서는 <b>손흥민</b>, 이강인, 황희찬, 김민재 등 핵심 선수들의 개인 능력을 결과로 연결해야 한다. 로토와이어는 한국이 <b>손흥민</b>의 마지막 월드컵이 될 수 있는 대회에 들어간다고 짚었다. 동시에 3월 A매치 기간... ","{""title"": ""'도토리 키재기 A호' 홍명보호를 향한 예상, 멕시코 우위 속 체코와 2위..."", ""originallink"": ""http://www.osen.co.kr/article/G1112808786"", ""link"": ""https://m.sports.naver.com/kfootball/article/109/0005541259"", ""description"": ""한국 입장에서는 <b>손흥민</b>, 이강인, 황희찬, 김민재 등 핵심 선수들의 개인 능력을 결과로 연결해야 한다. 로토와이어는 한국이 <b>손흥민</b>의 마지막 월드컵이 될 수 있는 대회에 들어간다고 짚었다. 동시에 3월 A매치 기간... "", ""pubDate"": ""Tue, 26 May 2026 20:41:00 +0900""}"
손흥민,single_term_fallback,손흥민,<b>손흥민</b> MLS 시즌 전반기 무득점…LAFC 감독도 인정 &quot;전술 수정 시행착오...,https://m.sports.naver.com/wfootball/article/117/0004068373,"Tue, 26 May 2026 20:30:00 +0900",<b>손흥민</b>은 시애틀전에서 풀타임 활약하며 7개의 슈팅과 함께 올 시즌 한 경기 최다 슈팅을 기록했지만 골을 터뜨리지 못했다. 올 시즌 MLS에서 득점이 없는 <b>손흥민</b>은 어시스트는 9개 기록하며 리그 도움 순위 선두에... ,https://www.mydaily.co.kr/page/view/2026052618425803457,naver_news,손흥민,canonical,1.0,2026-05-26T11:52:45.740012+00:00,0,0,0,0,,<b>손흥민</b>은 시애틀전에서 풀타임 활약하며 7개의 슈팅과 함께 올 시즌 한 경기 최다 슈팅을 기록했지만 골을 터뜨리지 못했다. 올 시즌 MLS에서 득점이 없는 <b>손흥민</b>은 어시스트는 9개 기록하며 리그 도움 순위 선두에... ,"{""title"": ""<b>손흥민</b> MLS 시즌 전반기 무득점…LAFC 감독도 인정 &quot;전술 수정 시행착오..."", ""originallink"": ""https://www.mydaily.co.kr/page/view/2026052618425803457"", ""link"": ""https://m.sports.naver.com/wfootball/article/117/0004068373"", ""description"": ""<b>손흥민</b>은 시애틀전에서 풀타임 활약하며 7개의 슈팅과 함께 올 시즌 한 경기 최다 슈팅을 기록했지만 골을 터뜨리지 못했다. 올 시즌 MLS에서 득점이 없는 <b>손흥민</b>은 어시스트는 9개 기록하며 리그 도움 순위 선두에... "", ""pubDate"": ""Tue, 26 May 2026 20:30:00 +0900""}"
손흥민,single_term_fallback,손흥민,"<b>손흥민</b>→이강인…韓 축구 월드컵 '황금 막내' 계보, 이번엔 배준호 &quot;증...",https://m.sports.naver.com/kfootball/article/076/0004409314,"Tue, 26 May 2026 20:30:00 +0900",2014년 브라질 대회에선 <b>손흥민</b>(LA FC)이었다. 그는 2014년 알제리와의 조별리그 최종전에서 추격의 발판을... <b>손흥민</b>은 북중미월드컵도 한국의 캡틴으로 출격한다. '황금재능' 이강인(파리생제르맹)의 등장도 빼놓을 수... ,https://www.sportschosun.com/football/2026-05-26/202605260100155370010461,naver_news,손흥민,canonical,1.0,2026-05-26T11:52:45.740012+00:00,0,0,0,0,,2014년 브라질 대회에선 <b>손흥민</b>(LA FC)이었다. 그는 2014년 알제리와의 조별리그 최종전에서 추격의 발판을... <b>손흥민</b>은 북중미월드컵도 한국의 캡틴으로 출격한다. '황금재능' 이강인(파리생제르맹)의 등장도 빼놓을 수... ,"{""title"": ""<b>손흥민</b>→이강인…韓 축구 월드컵 '황금 막내' 계보, 이번엔 배준호 &quot;증..."", ""originallink"": ""https://www.sportschosun.com/football/2026-05-26/202605260100155370010461"", ""link"": ""https://m.sports.naver.com/kfootball/article/076/0004409314"", ""description"": ""2014년 브라질 대회에선 <b>손흥민</b>(LA FC)이었다. 그는 2014년 알제리와의 조별리그 최종전에서 추격의 발판을... <b>손흥민</b>은 북중미월드컵도 한국의 캡틴으로 출격한다. '황금재능' 이강인(파리생제르맹)의 등장도 빼놓을 수... "", ""pubDate"": ""Tue, 26 May 2026 20:30:00 +0900""}"
손흥민,single_term_fallback,손흥민,돌아온 황인범 &quot;문제없다&quot;…부상 털고 월드컵 자신감,https://m.sports.naver.com/kfootball/article/437/0000493037,"Tue, 26 May 2026 20:29:00 +0900","[<b>손흥민</b>/축구 대표팀 (2024년 11월) : 진짜 오늘 지단. 지단. 진짜. 지단 영상을 봤는데 와 인범이 생각났어.] 첫 월드컵에선 16강, 두 번째 월드컵에서 눈은 더 높아졌습니다. 이번엔 8강도 갈 수 있다고 자신했습니다. [황인범... ",https://news.jtbc.co.kr/article/NB12299921?influxDiv=NAVER,naver_news,손흥민,canonical,1.0,2026-05-26T11:52:45.740012+00:00,0,0,0,0,,"[<b>손흥민</b>/축구 대표팀 (2024년 11월) : 진짜 오늘 지단. 지단. 진짜. 지단 영상을 봤는데 와 인범이 생각났어.] 첫 월드컵에선 16강, 두 번째 월드컵에서 눈은 더 높아졌습니다. 이번엔 8강도 갈 수 있다고 자신했습니다. [황인범... ","{""title"": ""돌아온 황인범 &quot;문제없다&quot;…부상 털고 월드컵 자신감"", ""originallink"": ""https://news.jtbc.co.kr/article/NB12299921?influxDiv=NAVER"", ""link"": ""https://m.sports.naver.com/kfootball/article/437/0000493037"", ""description"": ""[<b>손흥민</b>/축구 대표팀 (2024년 11월) : 진짜 오늘 지단. 지단. 진짜. 지단 영상을 봤는데 와 인범이 생각났어.] 첫 월드컵에선 16강, 두 번째 월드컵에서 눈은 더 높아졌습니다. 이번엔 8강도 갈 수 있다고 자신했습니다. [황인범... "", ""pubDate"": ""Tue, 26 May 2026 20:29:00 +0900""}"
손흥민,single_term_fallback,손흥민,<b>손흥민</b> 직접 해명 &quot;원형탈모 아니에요… 스트레스 받을 일 없는데&quot;,https://www.newscj.com/news/articleView.html?idxno=3404108,"Tue, 26 May 2026 20:26:00 +0900",<b>손흥민</b>이 경기 중계 화면에 잡힌 뒷머리 장면 때문에 불거진 '원형탈모설'과 관련해 직접해명했다. <b>손흥민</b>은 25일 자신의 인스타그램에 웃는 사진과 함께 &quot;원형 탈모 아니에요. 걱정하지 마세요. 스트레스 받을 일 없는데... ,https://www.newscj.com/news/articleView.html?idxno=3404108,naver_news,손흥민,canonical,1.0,2026-05-26T11:52:45.740012+00:00,0,0,0,0,,<b>손흥민</b>이 경기 중계 화면에 잡힌 뒷머리 장면 때문에 불거진 '원형탈모설'과 관련해 직접해명했다. <b>손흥민</b>은 25일 자신의 인스타그램에 웃는 사진과 함께 &quot;원형 탈모 아니에요. 걱정하지 마세요. 스트레스 받을 일 없는데... ,"{""title"": ""<b>손흥민</b> 직접 해명 &quot;원형탈모 아니에요… 스트레스 받을 일 없는데&quot;"", ""originallink"": ""https://www.newscj.com/news/articleView.html?idxno=3404108"", ""link"": ""https://www.newscj.com/news/articleView.html?idxno=3404108"", ""description"": ""<b>손흥민</b>이 경기 중계 화면에 잡힌 뒷머리 장면 때문에 불거진 '원형탈모설'과 관련해 직접해명했다. <b>손흥민</b>은 25일 자신의 인스타그램에 웃는 사진과 함께 &quot;원형 탈모 아니에요. 걱정하지 마세요. 스트레스 받을 일 없는데... "", ""pubDate"": ""Tue, 26 May 2026 20:26:00 +0900""}"
손흥민,single_term_fallback,손흥민,"‘한국 첫 상대’ 체코, 고지대는 못 가고…걱정만 ‘하늘 가까이’",https://m.sports.naver.com/wfootball/article/032/0003448085,"Tue, 26 May 2026 20:14:00 +0900","홍명보호는 주장 <b>손흥민</b>(LAFC)과 황인범(페예노르트), 조규성(미트윌란), 황희찬(울버햄프턴) 등이 합류해 26명 엔트리 중 24명이 모여 거의 완전체를 이뤘다. 홍명보 감독은 먼저 도착해 훈련을 해온 선발대 선수들과... ",https://www.khan.co.kr/article/202605262014015,naver_news,손흥민,canonical,1.0,2026-05-26T11:52:45.740012+00:00,0,0,0,0,,"홍명보호는 주장 <b>손흥민</b>(LAFC)과 황인범(페예노르트), 조규성(미트윌란), 황희찬(울버햄프턴) 등이 합류해 26명 엔트리 중 24명이 모여 거의 완전체를 이뤘다. 홍명보 감독은 먼저 도착해 훈련을 해온 선발대 선수들과... ","{""title"": ""‘한국 첫 상대’ 체코, 고지대는 못 가고…걱정만 ‘하늘 가까이’"", ""originallink"": ""https://www.khan.co.kr/article/202605262014015"", ""link"": ""https://m.sports.naver.com/wfootball/article/032/0003448085"", ""description"": ""홍명보호는 주장 <b>손흥민</b>(LAFC)과 황인범(페예노르트), 조규성(미트윌란), 황희찬(울버햄프턴) 등이 합류해 26명 엔트리 중 24명이 모여 거의 완전체를 이뤘다. 홍명보 감독은 먼저 도착해 훈련을 해온 선발대 선수들과... "", ""pubDate"": ""Tue, 26 May 2026 20:14:00 +0900""}"
손흥민,single_term_fallback,손흥민,<b>손흥민</b>도 합류…북적해진 훈련장에 웃음꽃 핀 대표팀,https://m.sports.naver.com/kfootball/article/057/0001950909,"Tue, 26 May 2026 20:12:00 +0900",소속팀 일정을 마친 축구대표팀 주장 <b>손흥민</b>이 미국 솔트레이크의 대표팀 사전 캠프에 드디어... 밤 10시에도 자신을 보려고 온 팬들에게 사인을 해주는 <b>손흥민</b>의 손이 분주합니다. 소속팀 LAFC 일정을 마치고 대표팀... ,http://www.mbn.co.kr/pages/news/newsView.php?news_seq_no=5196049,naver_news,손흥민,canonical,1.0,2026-05-26T11:52:45.740012+00:00,0,0,0,0,,소속팀 일정을 마친 축구대표팀 주장 <b>손흥민</b>이 미국 솔트레이크의 대표팀 사전 캠프에 드디어... 밤 10시에도 자신을 보려고 온 팬들에게 사인을 해주는 <b>손흥민</b>의 손이 분주합니다. 소속팀 LAFC 일정을 마치고 대표팀... ,"{""title"": ""<b>손흥민</b>도 합류…북적해진 훈련장에 웃음꽃 핀 대표팀"", ""originallink"": ""http://www.mbn.co.kr/pages/news/newsView.php?news_seq_no=5196049"", ""link"": ""https://m.sports.naver.com/kfootball/article/057/0001950909"", ""description"": ""소속팀 일정을 마친 축구대표팀 주장 <b>손흥민</b>이 미국 솔트레이크의 대표팀 사전 캠프에 드디어... 밤 10시에도 자신을 보려고 온 팬들에게 사인을 해주는 <b>손흥민</b>의 손이 분주합니다. 소속팀 LAFC 일정을 마치고 대표팀... "", ""pubDate"": ""Tue, 26 May 2026 20:12:00 +0900""}"
손흥민,single_term_fallback,손흥민,토트넘 극적 잔류에 '쏘니 환상 파트너'도 축하…&quot;최종일에 엄청난 싸움...,https://m.sports.naver.com/wfootball/article/117/0004068351,"Tue, 26 May 2026 20:04:00 +0900","특히, <b>손흥민</b>과 환상적인 호흡을 자랑하며 많은 골을 합작했다. 그는 2023년 8월 바이에른 뮌헨으로 적을 옮겼다. 우승 트로피를 원했기 때문이다. 그는 이적 첫 시즌 우승 트로피를 들어 올리지 못했지만, 두 번째... ",https://www.mydaily.co.kr/page/view/2026052613130452300,naver_news,손흥민,canonical,1.0,2026-05-26T11:52:45.740012+00:00,0,0,0,0,,"특히, <b>손흥민</b>과 환상적인 호흡을 자랑하며 많은 골을 합작했다. 그는 2023년 8월 바이에른 뮌헨으로 적을 옮겼다. 우승 트로피를 원했기 때문이다. 그는 이적 첫 시즌 우승 트로피를 들어 올리지 못했지만, 두 번째... ","{""title"": ""토트넘 극적 잔류에 '쏘니 환상 파트너'도 축하…&quot;최종일에 엄청난 싸움..."", ""originallink"": ""https://www.mydaily.co.kr/page/view/2026052613130452300"", ""link"": ""https://m.sports.naver.com/wfootball/article/117/0004068351"", ""description"": ""특히, <b>손흥민</b>과 환상적인 호흡을 자랑하며 많은 골을 합작했다. 그는 2023년 8월 바이에른 뮌헨으로 적을 옮겼다. 우승 트로피를 원했기 때문이다. 그는 이적 첫 시즌 우승 트로피를 들어 올리지 못했지만, 두 번째... "", ""pubDate"": ""Tue, 26 May 2026 20:04:00 +0900""}"
손흥민,single_term_fallback,손흥민,원형 탈모? &quot;스트레스 없어요&quot;…'캡틴 쏘니' 유쾌한 답변,https://m.sports.naver.com/wfootball/article/437/0000493023,"Tue, 26 May 2026 19:50:00 +0900",캡틴 <b>손흥민</b> 선수가 합류했습니다. 공항에서부터 팬들의 환영이 이어졌는데요. '원형 탈모'가 의심된다는 팬들 걱정엔 유쾌한 해명까지 냈습니다. 솔트레이크시티 현장에서 온누리 기자가 취재했습니다. [기자] <b>손흥민</b>이... ,https://news.jtbc.co.kr/article/NB12299926?influxDiv=NAVER,naver_news,손흥민,canonical,1.0,2026-05-26T11:52:45.740012+00:00,0,0,0,0,,캡틴 <b>손흥민</b> 선수가 합류했습니다. 공항에서부터 팬들의 환영이 이어졌는데요. '원형 탈모'가 의심된다는 팬들 걱정엔 유쾌한 해명까지 냈습니다. 솔트레이크시티 현장에서 온누리 기자가 취재했습니다. [기자] <b>손흥민</b>이... ,"{""title"": ""원형 탈모? &quot;스트레스 없어요&quot;…'캡틴 쏘니' 유쾌한 답변"", ""originallink"": ""https://news.jtbc.co.kr/article/NB12299926?influxDiv=NAVER"", ""link"": ""https://m.sports.naver.com/wfootball/article/437/0000493023"", ""description"": ""캡틴 <b>손흥민</b> 선수가 합류했습니다. 공항에서부터 팬들의 환영이 이어졌는데요. '원형 탈모'가 의심된다는 팬들 걱정엔 유쾌한 해명까지 냈습니다. 솔트레이크시티 현장에서 온누리 기자가 취재했습니다. [기자] <b>손흥민</b>이... "", ""pubDate"": ""Tue, 26 May 2026 19:50:00 +0900""}"
손흥민,single_term_fallback,손흥민,"'소속팀 스트레스' <b>손흥민</b>, 직접 진화…“원형 탈모 아니에요, 월드컵 ...",https://m.sports.naver.com/wfootball/article/109/0005541192,"Tue, 26 May 2026 19:49:00 +0900",<b>손흥민</b>(LAFC)이 월드컵을 앞두고 자신을 둘러싼 건강 이상설을 직접 정리했다. <b>손흥민</b>은 26일(한국시간) 자신의 SNS에 웃는 사진을 올리고 “원형 탈모 아니에요. 걱정하지 마세요. 스트레스 받을 일 없는데 월드컵 때... ,http://www.osen.co.kr/article/G1112808711,naver_news,손흥민,canonical,1.0,2026-05-26T11:52:45.740012+00:00,0,0,0,0,,<b>손흥민</b>(LAFC)이 월드컵을 앞두고 자신을 둘러싼 건강 이상설을 직접 정리했다. <b>손흥민</b>은 26일(한국시간) 자신의 SNS에 웃는 사진을 올리고 “원형 탈모 아니에요. 걱정하지 마세요. 스트레스 받을 일 없는데 월드컵 때... ,"{""title"": ""'소속팀 스트레스' <b>손흥민</b>, 직접 진화…“원형 탈모 아니에요, 월드컵 ..."", ""originallink"": ""http://www.osen.co.kr/article/G1112808711"", ""link"": ""https://m.sports.naver.com/wfootball/article/109/0005541192"", ""description"": ""<b>손흥민</b>(LAFC)이 월드컵을 앞두고 자신을 둘러싼 건강 이상설을 직접 정리했다. <b>손흥민</b>은 26일(한국시간) 자신의 SNS에 웃는 사진을 올리고 “원형 탈모 아니에요. 걱정하지 마세요. 스트레스 받을 일 없는데 월드컵 때... "", ""pubDate"": ""Tue, 26 May 2026 19:49:00 +0900""}"
손흥민,single_term_fallback,손흥민,'최고참' 김승규의 네 번째 월드컵 &quot;처음처럼 설레는 무대&quot;,https://m.sports.naver.com/kfootball/article/079/0004150962,"Tue, 26 May 2026 19:45:00 +0900",<b>손흥민</b>(LAFC)과 함께 한국 축구의 역사에 도전하고 있다. 주인공은 골키퍼 김승규(FC도쿄)다. 1990년생으로... 부상 등 악재가 없는 이상 <b>손흥민</b>과 함께 4회 연속 월드컵 무대를 밟게 됐다. 다만 경기 출전을 기준으로 하면... ,https://www.nocutnews.co.kr/news/6523074?utm_source=naver&utm_medium=article&utm_campaign=20260526074409,naver_news,손흥민,canonical,1.0,2026-05-26T11:52:45.740012+00:00,0,0,0,0,,<b>손흥민</b>(LAFC)과 함께 한국 축구의 역사에 도전하고 있다. 주인공은 골키퍼 김승규(FC도쿄)다. 1990년생으로... 부상 등 악재가 없는 이상 <b>손흥민</b>과 함께 4회 연속 월드컵 무대를 밟게 됐다. 다만 경기 출전을 기준으로 하면... ,"{""title"": ""'최고참' 김승규의 네 번째 월드컵 &quot;처음처럼 설레는 무대&quot;"", ""originallink"": ""https://www.nocutnews.co.kr/news/6523074?utm_source=naver&utm_medium=article&utm_campaign=20260526074409"", ""link"": ""https://m.sports.naver.com/kfootball/article/079/0004150962"", ""description"": ""<b>손흥민</b>(LAFC)과 함께 한국 축구의 역사에 도전하고 있다. 주인공은 골키퍼 김승규(FC도쿄)다. 1990년생으로... 부상 등 악재가 없는 이상 <b>손흥민</b>과 함께 4회 연속 월드컵 무대를 밟게 됐다. 다만 경기 출전을 기준으로 하면... "", ""pubDate"": ""Tue, 26 May 2026 19:45:00 +0900""}"
손흥민,single_term_fallback,손흥민,"‘4번째 월드컵’ <b>손흥민</b>, 韓 축구 4호 골 신화 정조준",https://m.sports.naver.com/kfootball/article/658/0000144925,"Tue, 26 May 2026 19:25:00 +0900",- 1골만 넣으면 한국인 최다 득점 ‘한국 축구 간판’ <b>손흥민</b>(LAFC)이 자신의 4번째 월드컵 무대를 향한 채비에 돌입했다. <b>손흥민</b>은 26일(한국시간) 한국 축구대표팀 사전캠프가 차려진 미국 유타주 솔트레이크시티로... ,http://www.kookje.co.kr/news2011/asp/newsbody.asp?code=0600&key=20260527.22015006720,naver_news,손흥민,canonical,1.0,2026-05-26T11:52:45.740012+00:00,0,0,0,0,,- 1골만 넣으면 한국인 최다 득점 ‘한국 축구 간판’ <b>손흥민</b>(LAFC)이 자신의 4번째 월드컵 무대를 향한 채비에 돌입했다. <b>손흥민</b>은 26일(한국시간) 한국 축구대표팀 사전캠프가 차려진 미국 유타주 솔트레이크시티로... ,"{""title"": ""‘4번째 월드컵’ <b>손흥민</b>, 韓 축구 4호 골 신화 정조준"", ""originallink"": ""http://www.kookje.co.kr/news2011/asp/newsbody.asp?code=0600&key=20260527.22015006720"", ""link"": ""https://m.sports.naver.com/kfootball/article/658/0000144925"", ""description"": ""- 1골만 넣으면 한국인 최다 득점 ‘한국 축구 간판’ <b>손흥민</b>(LAFC)이 자신의 4번째 월드컵 무대를 향한 채비에 돌입했다. <b>손흥민</b>은 26일(한국시간) 한국 축구대표팀 사전캠프가 차려진 미국 유타주 솔트레이크시티로... "", ""pubDate"": ""Tue, 26 May 2026 19:25:00 +0900""}"
손흥민,single_term_fallback,손흥민,EPL 역사 뒤집힐 뻔...'맨유 주장' 브루노 깜짝 폭로 &quot;토트넘과 계약 임...,https://m.sports.naver.com/wfootball/article/076/0004409294,"Tue, 26 May 2026 19:13:00 +0900",해리 케인과 <b>손흥민</b>까지 이적한 이후 에이스가 없는 팀의 상황이 당시의 실패를 더 아쉽게 만든다. 스퍼스뉴스는 '토트넘은 팀이 진정으로 도약할 수 있는 중요한 순간들을 너무나 많이 놓쳤다. 그중에서도 브루노 영입... ,https://www.sportschosun.com/football/2026-05-26/202605260100157620010602,naver_news,손흥민,canonical,1.0,2026-05-26T11:52:45.740012+00:00,0,0,0,0,,해리 케인과 <b>손흥민</b>까지 이적한 이후 에이스가 없는 팀의 상황이 당시의 실패를 더 아쉽게 만든다. 스퍼스뉴스는 '토트넘은 팀이 진정으로 도약할 수 있는 중요한 순간들을 너무나 많이 놓쳤다. 그중에서도 브루노 영입... ,"{""title"": ""EPL 역사 뒤집힐 뻔...'맨유 주장' 브루노 깜짝 폭로 &quot;토트넘과 계약 임..."", ""originallink"": ""https://www.sportschosun.com/football/2026-05-26/202605260100157620010602"", ""link"": ""https://m.sports.naver.com/wfootball/article/076/0004409294"", ""description"": ""해리 케인과 <b>손흥민</b>까지 이적한 이후 에이스가 없는 팀의 상황이 당시의 실패를 더 아쉽게 만든다. 스퍼스뉴스는 '토트넘은 팀이 진정으로 도약할 수 있는 중요한 순간들을 너무나 많이 놓쳤다. 그중에서도 브루노 영입... "", ""pubDate"": ""Tue, 26 May 2026 19:13:00 +0900""}"
손흥민,single_term_fallback,손흥민,[DM왔어요] 7년간 1위 왕좌 내준 스타벅스…'스벅 흔적 지우기' 확산,https://n.news.naver.com/mnews/article/422/0000868557?sid=102,"Tue, 26 May 2026 18:43:00 +0900","▶ 캡틴 <b>손흥민</b>, ‘원형 탈모’ 논란, 무슨 일? 4년 만에 돌아온 전 세계인의 축제, FIFA 북중미 월드컵이 약... 그런데 주장을 맡은 캡틴 <b>손흥민</b> 선수가 돌연 원형 탈모 논란에 휩싸였다는 내용입니다. 최근 대표팀 합류... ",http://www.yonhapnewstv.co.kr/news/MYH20260526184213Fy2,naver_news,손흥민,canonical,1.0,2026-05-26T11:52:45.740012+00:00,0,0,0,0,,"▶ 캡틴 <b>손흥민</b>, ‘원형 탈모’ 논란, 무슨 일? 4년 만에 돌아온 전 세계인의 축제, FIFA 북중미 월드컵이 약... 그런데 주장을 맡은 캡틴 <b>손흥민</b> 선수가 돌연 원형 탈모 논란에 휩싸였다는 내용입니다. 최근 대표팀 합류... ","{""title"": ""[DM왔어요] 7년간 1위 왕좌 내준 스타벅스…'스벅 흔적 지우기' 확산"", ""originallink"": ""http://www.yonhapnewstv.co.kr/news/MYH20260526184213Fy2"", ""link"": ""https://n.news.naver.com/mnews/article/422/0000868557?sid=102"", ""description"": ""▶ 캡틴 <b>손흥민</b>, ‘원형 탈모’ 논란, 무슨 일? 4년 만에 돌아온 전 세계인의 축제, FIFA 북중미 월드컵이 약... 그런데 주장을 맡은 캡틴 <b>손흥민</b> 선수가 돌연 원형 탈모 논란에 휩싸였다는 내용입니다. 최근 대표팀 합류... "", ""pubDate"": ""Tue, 26 May 2026 18:43:00 +0900""}"
손흥민,single_term_fallback,손흥민,"&quot;토트넘 생활, 지옥 같았다&quot;...'신입생' 갤러거 충격 고백 &quot;정말 힘든 시...",https://m.sports.naver.com/wfootball/article/076/0004409272,"Tue, 26 May 2026 18:34:00 +0900","<b>손흥민</b>이 토트넘을 떠날 당시 받았던 주급이 19만 파운드 수준, 레전드를 뛰어넘는 대우를 받고 이적했기에 기대감이 컸다. 하지만 경기력은 기대 이하였다. 그를 올바르게 할용하지 못했다. 투도르 감독 체제에서는 애매한... ",https://www.sportschosun.com/football/2026-05-26/202605260100157520010596,naver_news,손흥민,canonical,1.0,2026-05-26T11:52:45.740012+00:00,0,0,0,0,,"<b>손흥민</b>이 토트넘을 떠날 당시 받았던 주급이 19만 파운드 수준, 레전드를 뛰어넘는 대우를 받고 이적했기에 기대감이 컸다. 하지만 경기력은 기대 이하였다. 그를 올바르게 할용하지 못했다. 투도르 감독 체제에서는 애매한... ","{""title"": ""&quot;토트넘 생활, 지옥 같았다&quot;...'신입생' 갤러거 충격 고백 &quot;정말 힘든 시..."", ""originallink"": ""https://www.sportschosun.com/football/2026-05-26/202605260100157520010596"", ""link"": ""https://m.sports.naver.com/wfootball/article/076/0004409272"", ""description"": ""<b>손흥민</b>이 토트넘을 떠날 당시 받았던 주급이 19만 파운드 수준, 레전드를 뛰어넘는 대우를 받고 이적했기에 기대감이 컸다. 하지만 경기력은 기대 이하였다. 그를 올바르게 할용하지 못했다. 투도르 감독 체제에서는 애매한... "", ""pubDate"": ""Tue, 26 May 2026 18:34:00 +0900""}"
손흥민,single_term_fallback,손흥민,대표팀 합류한 <b>손흥민</b>,https://m.sports.naver.com/wfootball/article/001/0016100412,"Tue, 26 May 2026 18:34:00 +0900",<b>손흥민</b>이 25일(현지시간) 북중미월드컵 한국 대표팀 사전캠프가 차려진 미국 유타주 솔트레이크시티 숙소에 도착해 이동하고 있다. 2026.5.26 [대한축구협회 제공. 재판매 및 DB 금지],https://www.yna.co.kr/view/PYH20260526211000013?input=1196m,naver_news,손흥민,canonical,1.0,2026-05-26T11:52:45.740012+00:00,0,0,0,0,,<b>손흥민</b>이 25일(현지시간) 북중미월드컵 한국 대표팀 사전캠프가 차려진 미국 유타주 솔트레이크시티 숙소에 도착해 이동하고 있다. 2026.5.26 [대한축구협회 제공. 재판매 및 DB 금지],"{""title"": ""대표팀 합류한 <b>손흥민</b>"", ""originallink"": ""https://www.yna.co.kr/view/PYH20260526211000013?input=1196m"", ""link"": ""https://m.sports.naver.com/wfootball/article/001/0016100412"", ""description"": ""<b>손흥민</b>이 25일(현지시간) 북중미월드컵 한국 대표팀 사전캠프가 차려진 미국 유타주 솔트레이크시티 숙소에 도착해 이동하고 있다. 2026.5.26 [대한축구협회 제공. 재판매 및 DB 금지]"", ""pubDate"": ""Tue, 26 May 2026 18:34:00 +0900""}"
손흥민,single_term_fallback,손흥민,황인범에 캡틴 <b>손흥민</b>도 합류...고지대 훈련 본격 시작,https://m.sports.naver.com/kfootball/article/052/0002358155,"Tue, 26 May 2026 18:30:00 +0900","주장 <b>손흥민</b>이 리그 경기를 마치고 합류했고, 부상 중이던 중원의 사령관 황인범도 건강한 모습으로... 싼 <b>손흥민</b>도 이곳 시간으로 밤늦게 솔트레이크시티 공항에 도착해 대표팀에 합류했고, [<b>손흥민</b> / 축구대표팀 공격수... ",https://www.ytn.co.kr/_ln/0107_202605261830238123,naver_news,손흥민,canonical,1.0,2026-05-26T11:52:45.740012+00:00,0,0,0,0,,"주장 <b>손흥민</b>이 리그 경기를 마치고 합류했고, 부상 중이던 중원의 사령관 황인범도 건강한 모습으로... 싼 <b>손흥민</b>도 이곳 시간으로 밤늦게 솔트레이크시티 공항에 도착해 대표팀에 합류했고, [<b>손흥민</b> / 축구대표팀 공격수... ","{""title"": ""황인범에 캡틴 <b>손흥민</b>도 합류...고지대 훈련 본격 시작"", ""originallink"": ""https://www.ytn.co.kr/_ln/0107_202605261830238123"", ""link"": ""https://m.sports.naver.com/kfootball/article/052/0002358155"", ""description"": ""주장 <b>손흥민</b>이 리그 경기를 마치고 합류했고, 부상 중이던 중원의 사령관 황인범도 건강한 모습으로... 싼 <b>손흥민</b>도 이곳 시간으로 밤늦게 솔트레이크시티 공항에 도착해 대표팀에 합류했고, [<b>손흥민</b> / 축구대표팀 공격수... "", ""pubDate"": ""Tue, 26 May 2026 18:30:00 +0900""}"
손흥민,single_term_fallback,손흥민,"[사커피플] ‘3번째 WC’ 밟는 이재성, “월드컵은 내 축구인생 버티목...",https://m.sports.naver.com/kfootball/article/382/0001275291,"Tue, 26 May 2026 18:30:00 +0900",2026북중미월드컵 최종 엔트리에 이름을 올린 26명 가운데 센추리클럽(A매치 100경기 출전)에 가입한 것은 동갑내기 절친 <b>손흥민</b>(LAFC·142경기)과 그가 유이하다. 85경기를 뛴 골키퍼 김승규(36·FC도쿄)가 뒤를 따르고 있다.... ,https://sports.donga.com/sports/article/all/20260526/133993400/1,naver_news,손흥민,canonical,1.0,2026-05-26T11:52:45.740012+00:00,0,0,0,0,,2026북중미월드컵 최종 엔트리에 이름을 올린 26명 가운데 센추리클럽(A매치 100경기 출전)에 가입한 것은 동갑내기 절친 <b>손흥민</b>(LAFC·142경기)과 그가 유이하다. 85경기를 뛴 골키퍼 김승규(36·FC도쿄)가 뒤를 따르고 있다.... ,"{""title"": ""[사커피플] ‘3번째 WC’ 밟는 이재성, “월드컵은 내 축구인생 버티목..."", ""originallink"": ""https://sports.donga.com/sports/article/all/20260526/133993400/1"", ""link"": ""https://m.sports.naver.com/kfootball/article/382/0001275291"", ""description"": ""2026북중미월드컵 최종 엔트리에 이름을 올린 26명 가운데 센추리클럽(A매치 100경기 출전)에 가입한 것은 동갑내기 절친 <b>손흥민</b>(LAFC·142경기)과 그가 유이하다. 85경기를 뛴 골키퍼 김승규(36·FC도쿄)가 뒤를 따르고 있다.... "", ""pubDate"": ""Tue, 26 May 2026 18:30:00 +0900""}"
손흥민,single_term_fallback,손흥민,"허웅·이강인, 300표 안팎 초접전…스포츠대상 팬심 승부 어디로 향하나",https://www.cbci.co.kr/news/articleView.html?idxno=577244,"Tue, 26 May 2026 18:24:00 +0900","이어 김연경이 737표(4.5%), <b>손흥민</b>이 720표(4.4%)를 기록하며 뒤를 이었다. 또한 김도영, 이정후, 안세영, 윤이나 등 다양한 종목의 스타들도 이름을 올리며 스포츠 팬들의 폭넓은 참여를 보여주고 있다. 무엇보다 이번... ",https://www.cbci.co.kr/news/articleView.html?idxno=577244,naver_news,손흥민,canonical,1.0,2026-05-26T11:52:45.740012+00:00,0,0,0,0,,"이어 김연경이 737표(4.5%), <b>손흥민</b>이 720표(4.4%)를 기록하며 뒤를 이었다. 또한 김도영, 이정후, 안세영, 윤이나 등 다양한 종목의 스타들도 이름을 올리며 스포츠 팬들의 폭넓은 참여를 보여주고 있다. 무엇보다 이번... ","{""title"": ""허웅·이강인, 300표 안팎 초접전…스포츠대상 팬심 승부 어디로 향하나"", ""originallink"": ""https://www.cbci.co.kr/news/articleView.html?idxno=577244"", ""link"": ""https://www.cbci.co.kr/news/articleView.html?idxno=577244"", ""description"": ""이어 김연경이 737표(4.5%), <b>손흥민</b>이 720표(4.4%)를 기록하며 뒤를 이었다. 또한 김도영, 이정후, 안세영, 윤이나 등 다양한 종목의 스타들도 이름을 올리며 스포츠 팬들의 폭넓은 참여를 보여주고 있다. 무엇보다 이번... "", ""pubDate"": ""Tue, 26 May 2026 18:24:00 +0900""}"
손흥민,single_term_fallback,손흥민,"<b>손흥민</b>, 홍명보호 합류로 완전체 임박… 4번째 월드컵 기대",https://www.joongangenews.com/news/articleView.html?idxno=521745,"Tue, 26 May 2026 18:08:00 +0900",|중앙이코노미뉴스 조용우 기자|출처=연합뉴스 <b>손흥민</b>(LAFC)이 오늘(26일) 홍명보호에 합류했다. 4번째 월드컵 무대에 오르는 <b>손흥민</b>은 소속팀 로스앤젤레스FC에서 전날 홈 경기를 치른 뒤 오늘 홍명보호의 사전캠프가... ,https://www.joongangenews.com/news/articleView.html?idxno=521745,naver_news,손흥민,canonical,1.0,2026-05-26T11:52:45.740012+00:00,0,0,0,0,,|중앙이코노미뉴스 조용우 기자|출처=연합뉴스 <b>손흥민</b>(LAFC)이 오늘(26일) 홍명보호에 합류했다. 4번째 월드컵 무대에 오르는 <b>손흥민</b>은 소속팀 로스앤젤레스FC에서 전날 홈 경기를 치른 뒤 오늘 홍명보호의 사전캠프가... ,"{""title"": ""<b>손흥민</b>, 홍명보호 합류로 완전체 임박… 4번째 월드컵 기대"", ""originallink"": ""https://www.joongangenews.com/news/articleView.html?idxno=521745"", ""link"": ""https://www.joongangenews.com/news/articleView.html?idxno=521745"", ""description"": ""|중앙이코노미뉴스 조용우 기자|출처=연합뉴스 <b>손흥민</b>(LAFC)이 오늘(26일) 홍명보호에 합류했다. 4번째 월드컵 무대에 오르는 <b>손흥민</b>은 소속팀 로스앤젤레스FC에서 전날 홈 경기를 치른 뒤 오늘 홍명보호의 사전캠프가... "", ""pubDate"": ""Tue, 26 May 2026 18:08:00 +0900""}"
손흥민,single_term_fallback,손흥민,"&quot;대한민국 캡틴이 도착했습니다&quot; <b>손흥민</b>, 솔트레이크 캠프 입소... &quot;아이...",https://m.sports.naver.com/kfootball/article/108/0003438750,"Tue, 26 May 2026 18:04:00 +0900",2026 북중미 월드컵에 출전하는 '캡틴' <b>손흥민</b>(34·LAFC)이 홍명보호의 미국 솔트레이크 시티 사전 캠프에 합류했다. <b>손흥민</b>은 지난 25일(한국시간) 미국 캘리포니아주 로스앤젤레스 BMO 스타디움에서 열린 시애틀과의 2026... ,https://www.starnewskorea.com/sports/2026/05/26/2026052617453558523,naver_news,손흥민,canonical,1.0,2026-05-26T11:52:45.740012+00:00,0,0,0,0,,2026 북중미 월드컵에 출전하는 '캡틴' <b>손흥민</b>(34·LAFC)이 홍명보호의 미국 솔트레이크 시티 사전 캠프에 합류했다. <b>손흥민</b>은 지난 25일(한국시간) 미국 캘리포니아주 로스앤젤레스 BMO 스타디움에서 열린 시애틀과의 2026... ,"{""title"": ""&quot;대한민국 캡틴이 도착했습니다&quot; <b>손흥민</b>, 솔트레이크 캠프 입소... &quot;아이..."", ""originallink"": ""https://www.starnewskorea.com/sports/2026/05/26/2026052617453558523"", ""link"": ""https://m.sports.naver.com/kfootball/article/108/0003438750"", ""description"": ""2026 북중미 월드컵에 출전하는 '캡틴' <b>손흥민</b>(34·LAFC)이 홍명보호의 미국 솔트레이크 시티 사전 캠프에 합류했다. <b>손흥민</b>은 지난 25일(한국시간) 미국 캘리포니아주 로스앤젤레스 BMO 스타디움에서 열린 시애틀과의 2026... "", ""pubDate"": ""Tue, 26 May 2026 18:04:00 +0900""}"
손흥민,single_term_fallback,손흥민,"[월드컵은 처음이라] ④ '현시점 아프리카 드리블 대장' 디오망데, 빅클...",https://m.sports.naver.com/wfootball/article/436/0000110059,"Tue, 26 May 2026 18:00:00 +0900",박스 근처에서 양발잡이 <b>손흥민</b>이 무서운 이유와 일맥상통한다. 올 시즌 분데스리가에서 드리블 성공 118회로 1위 자리에도 올랐다. 자국 코트디부아르 대표팀에서는 초신성 대접받고 있다. 지난해 10월 A매치 때 첫 성인... ,http://www.footballist.co.kr/news/articleView.html?idxno=210583,naver_news,손흥민,canonical,1.0,2026-05-26T11:52:45.740012+00:00,0,0,0,0,,박스 근처에서 양발잡이 <b>손흥민</b>이 무서운 이유와 일맥상통한다. 올 시즌 분데스리가에서 드리블 성공 118회로 1위 자리에도 올랐다. 자국 코트디부아르 대표팀에서는 초신성 대접받고 있다. 지난해 10월 A매치 때 첫 성인... ,"{""title"": ""[월드컵은 처음이라] ④ '현시점 아프리카 드리블 대장' 디오망데, 빅클..."", ""originallink"": ""http://www.footballist.co.kr/news/articleView.html?idxno=210583"", ""link"": ""https://m.sports.naver.com/wfootball/article/436/0000110059"", ""description"": ""박스 근처에서 양발잡이 <b>손흥민</b>이 무서운 이유와 일맥상통한다. 올 시즌 분데스리가에서 드리블 성공 118회로 1위 자리에도 올랐다. 자국 코트디부아르 대표팀에서는 초신성 대접받고 있다. 지난해 10월 A매치 때 첫 성인... "", ""pubDate"": ""Tue, 26 May 2026 18:00:00 +0900""}"
손흥민,single_term_fallback,손흥민,<b>손흥민</b> '원형 탈모설' 확산에 직접 해명⋯&quot;걱정하지 마세요&quot;,https://www.etoday.co.kr/news/view/2587937,"Tue, 26 May 2026 17:58:00 +0900","이투데이=박상군 기자 | 최근 경기 중계 화면을 계기로 온라인에서 <b>손흥민</b>(LAFC) 한국 축구대표팀 주장의 '원형 탈모설'이 확산하자, <b>손흥민</b>이 직접 해명에 나섰다. <b>손흥민</b>은 26일 자신의 소셜미디어(SNS) 인스타그램에... ",https://www.etoday.co.kr/news/view/2587937,naver_news,손흥민,canonical,1.0,2026-05-26T11:52:45.740012+00:00,0,0,0,0,,"이투데이=박상군 기자 | 최근 경기 중계 화면을 계기로 온라인에서 <b>손흥민</b>(LAFC) 한국 축구대표팀 주장의 '원형 탈모설'이 확산하자, <b>손흥민</b>이 직접 해명에 나섰다. <b>손흥민</b>은 26일 자신의 소셜미디어(SNS) 인스타그램에... ","{""title"": ""<b>손흥민</b> '원형 탈모설' 확산에 직접 해명⋯&quot;걱정하지 마세요&quot;"", ""originallink"": ""https://www.etoday.co.kr/news/view/2587937"", ""link"": ""https://www.etoday.co.kr/news/view/2587937"", ""description"": ""이투데이=박상군 기자 | 최근 경기 중계 화면을 계기로 온라인에서 <b>손흥민</b>(LAFC) 한국 축구대표팀 주장의 '원형 탈모설'이 확산하자, <b>손흥민</b>이 직접 해명에 나섰다. <b>손흥민</b>은 26일 자신의 소셜미디어(SNS) 인스타그램에... "", ""pubDate"": ""Tue, 26 May 2026 17:58:00 +0900""}"
손흥민,single_term_fallback,손흥민,"<b>손흥민</b>, 슛 7개 폭격에도 무득점…월드컵 전 마지막 리그 경기",https://www.joongangenews.com/news/articleView.html?idxno=521738,"Tue, 26 May 2026 17:58:00 +0900",|중앙이코노미뉴스 조용우 기자|출처=연합뉴스 미국프로축구 LAFC 소속 <b>손흥민</b>이 2026 북중미 월드컵을... 이날 경기에서는 <b>손흥민</b>과 시애틀 베테랑 센터백 김기희가 모두 선발 출전하며 '코리안 더비'가 성사됐다.... ,https://www.joongangenews.com/news/articleView.html?idxno=521738,naver_news,손흥민,canonical,1.0,2026-05-26T11:52:45.740012+00:00,0,0,0,0,,|중앙이코노미뉴스 조용우 기자|출처=연합뉴스 미국프로축구 LAFC 소속 <b>손흥민</b>이 2026 북중미 월드컵을... 이날 경기에서는 <b>손흥민</b>과 시애틀 베테랑 센터백 김기희가 모두 선발 출전하며 '코리안 더비'가 성사됐다.... ,"{""title"": ""<b>손흥민</b>, 슛 7개 폭격에도 무득점…월드컵 전 마지막 리그 경기"", ""originallink"": ""https://www.joongangenews.com/news/articleView.html?idxno=521738"", ""link"": ""https://www.joongangenews.com/news/articleView.html?idxno=521738"", ""description"": ""|중앙이코노미뉴스 조용우 기자|출처=연합뉴스 미국프로축구 LAFC 소속 <b>손흥민</b>이 2026 북중미 월드컵을... 이날 경기에서는 <b>손흥민</b>과 시애틀 베테랑 센터백 김기희가 모두 선발 출전하며 '코리안 더비'가 성사됐다.... "", ""pubDate"": ""Tue, 26 May 2026 17:58:00 +0900""}"
손흥민,single_term_fallback,손흥민,"'북중미 월드컵 나서는' <b>손흥민</b>, 홍명보호 합류...26명 중 24명 함께 훈련",https://m.sports.naver.com/kfootball/article/472/0000040310,"Tue, 26 May 2026 17:56:00 +0900",4번째 '월드컵 무대'에 오르는 <b>손흥민</b>(LAFC)이 25일(현지시간) 홍명보호에 합류했다. 소속팀 로스앤젤레스FC에서 전날 홈 경기를 치른 <b>손흥민</b>은 이날 홍명보호의 사전캠프가 차려진 미국 유타주 솔트레이크시티로 이동... ,http://www.thesportstimes.co.kr/news/articleView.html?idxno=373004,naver_news,손흥민,canonical,1.0,2026-05-26T11:52:45.740012+00:00,0,0,0,0,,4번째 '월드컵 무대'에 오르는 <b>손흥민</b>(LAFC)이 25일(현지시간) 홍명보호에 합류했다. 소속팀 로스앤젤레스FC에서 전날 홈 경기를 치른 <b>손흥민</b>은 이날 홍명보호의 사전캠프가 차려진 미국 유타주 솔트레이크시티로 이동... ,"{""title"": ""'북중미 월드컵 나서는' <b>손흥민</b>, 홍명보호 합류...26명 중 24명 함께 훈련"", ""originallink"": ""http://www.thesportstimes.co.kr/news/articleView.html?idxno=373004"", ""link"": ""https://m.sports.naver.com/kfootball/article/472/0000040310"", ""description"": ""4번째 '월드컵 무대'에 오르는 <b>손흥민</b>(LAFC)이 25일(현지시간) 홍명보호에 합류했다. 소속팀 로스앤젤레스FC에서 전날 홈 경기를 치른 <b>손흥민</b>은 이날 홍명보호의 사전캠프가 차려진 미국 유타주 솔트레이크시티로 이동... "", ""pubDate"": ""Tue, 26 May 2026 17:56:00 +0900""}"
손흥민,single_term_fallback,손흥민,"<b>손흥민</b>, 美 솔트레이크서 홍명보호 합류…4번째 월드컵 무대 시작",https://m.sports.naver.com/wfootball/article/448/0000614567,"Tue, 26 May 2026 17:44:00 +0900",축구 국가대표 팀의 주장 <b>손흥민</b>이 현지시간 25일 홍명보호에 합류했다. 소속팀 로스앤젤레스FC에서 전날 홈 경기를 치른 <b>손흥민</b>은 이날 홍명보호의 사전캠프가 차려진 미국 유타주 솔트레이크시티로 이동해 밤 11시쯤... ,https://news.tvchosun.com/site/data/html_dir/2026/05/26/2026052690302.html,naver_news,손흥민,canonical,1.0,2026-05-26T11:52:45.740012+00:00,0,0,0,0,,축구 국가대표 팀의 주장 <b>손흥민</b>이 현지시간 25일 홍명보호에 합류했다. 소속팀 로스앤젤레스FC에서 전날 홈 경기를 치른 <b>손흥민</b>은 이날 홍명보호의 사전캠프가 차려진 미국 유타주 솔트레이크시티로 이동해 밤 11시쯤... ,"{""title"": ""<b>손흥민</b>, 美 솔트레이크서 홍명보호 합류…4번째 월드컵 무대 시작"", ""originallink"": ""https://news.tvchosun.com/site/data/html_dir/2026/05/26/2026052690302.html"", ""link"": ""https://m.sports.naver.com/wfootball/article/448/0000614567"", ""description"": ""축구 국가대표 팀의 주장 <b>손흥민</b>이 현지시간 25일 홍명보호에 합류했다. 소속팀 로스앤젤레스FC에서 전날 홈 경기를 치른 <b>손흥민</b>은 이날 홍명보호의 사전캠프가 차려진 미국 유타주 솔트레이크시티로 이동해 밤 11시쯤... "", ""pubDate"": ""Tue, 26 May 2026 17:44:00 +0900""}"
손흥민,single_term_fallback,손흥민,<b>손흥민</b> 사복 패션부터 구교환 공항 룩까지… '버버리 폴로셔츠'로 대동...,http://www.sisunnews.co.kr/news/articleView.html?idxno=239309,"Tue, 26 May 2026 17:44:00 +0900","구교환에 이어, 최근 <b>손흥민</b>과 김나영, 손연재, 정은채, 주우재 등 트렌드를 선도하는 스타일 아이콘들의... 이번 시즌의 메인 앵커 아이템인 '코튼 폴로 셔츠'는 손연재와 <b>손흥민</b>, 그리고 김나영과 정은채가 일상에서... ",http://www.sisunnews.co.kr/news/articleView.html?idxno=239309,naver_news,손흥민,canonical,1.0,2026-05-26T11:52:45.740012+00:00,0,0,0,0,,"구교환에 이어, 최근 <b>손흥민</b>과 김나영, 손연재, 정은채, 주우재 등 트렌드를 선도하는 스타일 아이콘들의... 이번 시즌의 메인 앵커 아이템인 '코튼 폴로 셔츠'는 손연재와 <b>손흥민</b>, 그리고 김나영과 정은채가 일상에서... ","{""title"": ""<b>손흥민</b> 사복 패션부터 구교환 공항 룩까지… '버버리 폴로셔츠'로 대동..."", ""originallink"": ""http://www.sisunnews.co.kr/news/articleView.html?idxno=239309"", ""link"": ""http://www.sisunnews.co.kr/news/articleView.html?idxno=239309"", ""description"": ""구교환에 이어, 최근 <b>손흥민</b>과 김나영, 손연재, 정은채, 주우재 등 트렌드를 선도하는 스타일 아이콘들의... 이번 시즌의 메인 앵커 아이템인 '코튼 폴로 셔츠'는 손연재와 <b>손흥민</b>, 그리고 김나영과 정은채가 일상에서... "", ""pubDate"": ""Tue, 26 May 2026 17:44:00 +0900""}"
손흥민,single_term_fallback,손흥민,<b>손흥민</b>과 '특급 단짝' 될 수 있었는데…&quot;맨유 아닌 토트넘과 계약 직전...,https://m.sports.naver.com/wfootball/article/411/0000082286,"Tue, 26 May 2026 17:35:00 +0900","브루노 페르난데스가 토트넘 홋스퍼로 이적할 뻔한 과거를 고백했다. 영국 '풋볼 런던'은 26일(한국시간) &quot;브루노는 현재 맨체스터 유나이티드에서 프리미어리그(PL) 최고의 미드필더 중 한 명으로 자리매김했지만, 맨유... ",https://www.fourfourtwo.co.kr/news/articleView.html?idxno=92484,naver_news,손흥민,canonical,1.0,2026-05-26T11:52:45.740012+00:00,0,0,0,0,,"브루노 페르난데스가 토트넘 홋스퍼로 이적할 뻔한 과거를 고백했다. 영국 '풋볼 런던'은 26일(한국시간) &quot;브루노는 현재 맨체스터 유나이티드에서 프리미어리그(PL) 최고의 미드필더 중 한 명으로 자리매김했지만, 맨유... ","{""title"": ""<b>손흥민</b>과 '특급 단짝' 될 수 있었는데…&quot;맨유 아닌 토트넘과 계약 직전..."", ""originallink"": ""https://www.fourfourtwo.co.kr/news/articleView.html?idxno=92484"", ""link"": ""https://m.sports.naver.com/wfootball/article/411/0000082286"", ""description"": ""브루노 페르난데스가 토트넘 홋스퍼로 이적할 뻔한 과거를 고백했다. 영국 '풋볼 런던'은 26일(한국시간) &quot;브루노는 현재 맨체스터 유나이티드에서 프리미어리그(PL) 최고의 미드필더 중 한 명으로 자리매김했지만, 맨유... "", ""pubDate"": ""Tue, 26 May 2026 17:35:00 +0900""}"
손흥민,single_term_fallback,손흥민,해킹 대중화 시대…“AI <b>손흥민</b>보다 AI 김민재 키워야”(종합),https://n.news.naver.com/mnews/article/018/0006290937?sid=105,"Tue, 26 May 2026 17:27:00 +0900",“축구에 비유하자면 지금 우리에게 필요한 것은 세계적인 공격수인 ‘AI <b>손흥민</b>’이 아닙니다. 글로벌 공격수들이 판치는 시대에 수비수인 ‘AI 김민재’를 만드는 쪽으로 국가 보안정책의 포커스를 완전히... ,https://www.edaily.co.kr/news/newspath.asp?newsid=04450966645452856,naver_news,손흥민,canonical,1.0,2026-05-26T11:52:45.740012+00:00,0,0,0,0,,“축구에 비유하자면 지금 우리에게 필요한 것은 세계적인 공격수인 ‘AI <b>손흥민</b>’이 아닙니다. 글로벌 공격수들이 판치는 시대에 수비수인 ‘AI 김민재’를 만드는 쪽으로 국가 보안정책의 포커스를 완전히... ,"{""title"": ""해킹 대중화 시대…“AI <b>손흥민</b>보다 AI 김민재 키워야”(종합)"", ""originallink"": ""https://www.edaily.co.kr/news/newspath.asp?newsid=04450966645452856"", ""link"": ""https://n.news.naver.com/mnews/article/018/0006290937?sid=105"", ""description"": ""“축구에 비유하자면 지금 우리에게 필요한 것은 세계적인 공격수인 ‘AI <b>손흥민</b>’이 아닙니다. 글로벌 공격수들이 판치는 시대에 수비수인 ‘AI 김민재’를 만드는 쪽으로 국가 보안정책의 포커스를 완전히... "", ""pubDate"": ""Tue, 26 May 2026 17:27:00 +0900""}"
손흥민,single_term_fallback,손흥민,"<b>손흥민</b>, 드디어 홍명보호 美 캠프 입성…5경기+16강 향한 '위대한 도전'...",https://m.sports.naver.com/kfootball/article/311/0002015460,"Tue, 26 May 2026 17:12:00 +0900","통산 4회 국제축구연맹(FIFA) 월드컵 무대를 앞둔 <b>손흥민</b>(LAFC)이 홍명보호에 합류했다. <b>손흥민</b>은 26일(한국시간), 현지시각 25일 밤 11시경 홍명보호 사전 캠프지인 미국 유타주 솔트레이크시티로 이동한 뒤 대표팀 숙소에... ",https://www.xportsnews.com/article/2153253,naver_news,손흥민,canonical,1.0,2026-05-26T11:52:45.740012+00:00,0,0,0,0,,"통산 4회 국제축구연맹(FIFA) 월드컵 무대를 앞둔 <b>손흥민</b>(LAFC)이 홍명보호에 합류했다. <b>손흥민</b>은 26일(한국시간), 현지시각 25일 밤 11시경 홍명보호 사전 캠프지인 미국 유타주 솔트레이크시티로 이동한 뒤 대표팀 숙소에... ","{""title"": ""<b>손흥민</b>, 드디어 홍명보호 美 캠프 입성…5경기+16강 향한 '위대한 도전'..."", ""originallink"": ""https://www.xportsnews.com/article/2153253"", ""link"": ""https://m.sports.naver.com/kfootball/article/311/0002015460"", ""description"": ""통산 4회 국제축구연맹(FIFA) 월드컵 무대를 앞둔 <b>손흥민</b>(LAFC)이 홍명보호에 합류했다. <b>손흥민</b>은 26일(한국시간), 현지시각 25일 밤 11시경 홍명보호 사전 캠프지인 미국 유타주 솔트레이크시티로 이동한 뒤 대표팀 숙소에... "", ""pubDate"": ""Tue, 26 May 2026 17:12:00 +0900""}"
손흥민,single_term_fallback,손흥민,[솔트레이크 ON]<b>손흥민</b> 가는 길이 곧 역사다!…'라스트댄스' 위해 韓 사...,https://m.sports.naver.com/kfootball/article/076/0004409189,"Tue, 26 May 2026 17:06:00 +0900","'캡틴쏜' <b>손흥민</b>(LA FC)이 월드컵 대표팀에 합류했다. <b>손흥민</b>은 26일(한국시각), 소속팀 일정을 마치고 LA를 떠나 홍명보호 사전캠프가 차려진 미국 유타주 솔트레이크시티로 날아와 곧장 대한민국 축구 A대표팀 선수단이... ",https://www.sportschosun.com/football/2026-05-26/202605260100156390010512,naver_news,손흥민,canonical,1.0,2026-05-26T11:52:45.740012+00:00,0,0,0,0,,"'캡틴쏜' <b>손흥민</b>(LA FC)이 월드컵 대표팀에 합류했다. <b>손흥민</b>은 26일(한국시각), 소속팀 일정을 마치고 LA를 떠나 홍명보호 사전캠프가 차려진 미국 유타주 솔트레이크시티로 날아와 곧장 대한민국 축구 A대표팀 선수단이... ","{""title"": ""[솔트레이크 ON]<b>손흥민</b> 가는 길이 곧 역사다!…'라스트댄스' 위해 韓 사..."", ""originallink"": ""https://www.sportschosun.com/football/2026-05-26/202605260100156390010512"", ""link"": ""https://m.sports.naver.com/kfootball/article/076/0004409189"", ""description"": ""'캡틴쏜' <b>손흥민</b>(LA FC)이 월드컵 대표팀에 합류했다. <b>손흥민</b>은 26일(한국시각), 소속팀 일정을 마치고 LA를 떠나 홍명보호 사전캠프가 차려진 미국 유타주 솔트레이크시티로 날아와 곧장 대한민국 축구 A대표팀 선수단이... "", ""pubDate"": ""Tue, 26 May 2026 17:06:00 +0900""}"
손흥민,single_term_fallback,손흥민,﻿구교환 공항패션부터 <b>손흥민</b>·김나영·주우재 까지…버버리 폴로셔츠...,https://www.woodkorea.co.kr/news/articleView.html?idxno=89608,"Tue, 26 May 2026 17:04:00 +0900","구교환이 선보인 공항패션 외에도, 최근 <b>손흥민</b>, 손연재, 정은채, 김나영, 주우재 등 국내 탑 티어 스타일... 올 시즌의 메인 세그먼트인 '코튼 폴로 셔츠'는 손연재, <b>손흥민</b>, 김나영, 정은채 등이 착용한 제품이다.... ",https://www.woodkorea.co.kr/news/articleView.html?idxno=89608,naver_news,손흥민,canonical,1.0,2026-05-26T11:52:45.740012+00:00,0,0,0,0,,"구교환이 선보인 공항패션 외에도, 최근 <b>손흥민</b>, 손연재, 정은채, 김나영, 주우재 등 국내 탑 티어 스타일... 올 시즌의 메인 세그먼트인 '코튼 폴로 셔츠'는 손연재, <b>손흥민</b>, 김나영, 정은채 등이 착용한 제품이다.... ","{""title"": ""﻿구교환 공항패션부터 <b>손흥민</b>·김나영·주우재 까지…버버리 폴로셔츠..."", ""originallink"": ""https://www.woodkorea.co.kr/news/articleView.html?idxno=89608"", ""link"": ""https://www.woodkorea.co.kr/news/articleView.html?idxno=89608"", ""description"": ""구교환이 선보인 공항패션 외에도, 최근 <b>손흥민</b>, 손연재, 정은채, 김나영, 주우재 등 국내 탑 티어 스타일... 올 시즌의 메인 세그먼트인 '코튼 폴로 셔츠'는 손연재, <b>손흥민</b>, 김나영, 정은채 등이 착용한 제품이다.... "", ""pubDate"": ""Tue, 26 May 2026 17:04:00 +0900""}"
손흥민,single_term_fallback,손흥민,[DD퇴근길] BTS 다음 타자는 AI…K-콘텐츠에 불어온 엔터테크 열풍,https://n.news.naver.com/mnews/article/138/0002228966?sid=105,"Tue, 26 May 2026 17:03:00 +0900",강병탁 AI스페라 대표는 미토스를 '인간 <b>손흥민</b>보다 100배 훌륭한 AI <b>손흥민</b>(공격수)'이라고 불렀습니다. 그렇다면 우리에게 지금 필요한 건 또 다른 공격수가 아니라 이 가공할 공격을 온몸으로 막아낼 'AI 김민재... ,https://www.ddaily.co.kr/page/view/2026052616591643646,naver_news,손흥민,canonical,1.0,2026-05-26T11:52:45.740012+00:00,0,0,0,0,,강병탁 AI스페라 대표는 미토스를 '인간 <b>손흥민</b>보다 100배 훌륭한 AI <b>손흥민</b>(공격수)'이라고 불렀습니다. 그렇다면 우리에게 지금 필요한 건 또 다른 공격수가 아니라 이 가공할 공격을 온몸으로 막아낼 'AI 김민재... ,"{""title"": ""[DD퇴근길] BTS 다음 타자는 AI…K-콘텐츠에 불어온 엔터테크 열풍"", ""originallink"": ""https://www.ddaily.co.kr/page/view/2026052616591643646"", ""link"": ""https://n.news.naver.com/mnews/article/138/0002228966?sid=105"", ""description"": ""강병탁 AI스페라 대표는 미토스를 '인간 <b>손흥민</b>보다 100배 훌륭한 AI <b>손흥민</b>(공격수)'이라고 불렀습니다. 그렇다면 우리에게 지금 필요한 건 또 다른 공격수가 아니라 이 가공할 공격을 온몸으로 막아낼 'AI 김민재... "", ""pubDate"": ""Tue, 26 May 2026 17:03:00 +0900""}"
손흥민,single_term_fallback,손흥민,[북중미 월드컵 A조] 홈이점 멕시코가 조1위 유력...한국-체코가 2위 싸...,https://m.sports.naver.com/kfootball/article/025/0003525876,"Tue, 26 May 2026 17:00:00 +0900","있는 <b>손흥민</b>(LAFC), 창의적인 ‘기술자’ 이강인(PSG), ‘철기둥’이라 불리는 명품 수비수 김민재(바이에른 뮌헨)를 보유했다. 그러나 이들에 대한 의존도가 지나치게 높은 게 문제다. <b>손흥민</b>과 이강인이 파이널 서드... ",https://www.joongang.co.kr/article/25431399,naver_news,손흥민,canonical,1.0,2026-05-26T11:52:45.740012+00:00,0,0,0,0,,"있는 <b>손흥민</b>(LAFC), 창의적인 ‘기술자’ 이강인(PSG), ‘철기둥’이라 불리는 명품 수비수 김민재(바이에른 뮌헨)를 보유했다. 그러나 이들에 대한 의존도가 지나치게 높은 게 문제다. <b>손흥민</b>과 이강인이 파이널 서드... ","{""title"": ""[북중미 월드컵 A조] 홈이점 멕시코가 조1위 유력...한국-체코가 2위 싸..."", ""originallink"": ""https://www.joongang.co.kr/article/25431399"", ""link"": ""https://m.sports.naver.com/kfootball/article/025/0003525876"", ""description"": ""있는 <b>손흥민</b>(LAFC), 창의적인 ‘기술자’ 이강인(PSG), ‘철기둥’이라 불리는 명품 수비수 김민재(바이에른 뮌헨)를 보유했다. 그러나 이들에 대한 의존도가 지나치게 높은 게 문제다. <b>손흥민</b>과 이강인이 파이널 서드... "", ""pubDate"": ""Tue, 26 May 2026 17:00:00 +0900""}"
손흥민,single_term_fallback,손흥민,[현장르포] &quot;휴대폰 대신 테라 들어&quot;…센텀축제서 MZ 잡는 하이트진로,https://www.startuptoday.co.kr/news/articleView.html?idxno=801975,"Tue, 26 May 2026 17:00:00 +0900","테라가 전면에 내세우고 있는 축구선수 <b>손흥민</b>의 이미지도 곳곳에서 눈에 띄었다. 밤이 되자 분위기는 더욱 달아올랐다. 관람객들은 삼삼오오 모여 연신 '짠'을 외치며 깊어가는 여름밤을 테라 맥주와 함께 즐겼고, 여러... ",https://www.startuptoday.co.kr/news/articleView.html?idxno=801975,naver_news,손흥민,canonical,1.0,2026-05-26T11:52:45.740012+00:00,0,0,0,0,,"테라가 전면에 내세우고 있는 축구선수 <b>손흥민</b>의 이미지도 곳곳에서 눈에 띄었다. 밤이 되자 분위기는 더욱 달아올랐다. 관람객들은 삼삼오오 모여 연신 '짠'을 외치며 깊어가는 여름밤을 테라 맥주와 함께 즐겼고, 여러... ","{""title"": ""[현장르포] &quot;휴대폰 대신 테라 들어&quot;…센텀축제서 MZ 잡는 하이트진로"", ""originallink"": ""https://www.startuptoday.co.kr/news/articleView.html?idxno=801975"", ""link"": ""https://www.startuptoday.co.kr/news/articleView.html?idxno=801975"", ""description"": ""테라가 전면에 내세우고 있는 축구선수 <b>손흥민</b>의 이미지도 곳곳에서 눈에 띄었다. 밤이 되자 분위기는 더욱 달아올랐다. 관람객들은 삼삼오오 모여 연신 '짠'을 외치며 깊어가는 여름밤을 테라 맥주와 함께 즐겼고, 여러... "", ""pubDate"": ""Tue, 26 May 2026 17:00:00 +0900""}"
손흥민,single_term_fallback,손흥민,"[영상] <b>손흥민</b> '살짝 허전한' 뒷머리?…&quot;원형탈모 아냐, 월드컵때 봬요...",https://n.news.naver.com/mnews/article/001/0016100201?sid=104,"Tue, 26 May 2026 16:52:00 +0900","주장 <b>손흥민</b>(LAFC)의 모습입니다. 뒷머리 일부가 빠진 듯한 모습인데, 다른 각도에서 포착된 사진도 뒷머리 한 부분이 비어있는 듯한 모습입니다. 엑스(X) 등 소셜미디어에서는 당장 '<b>손흥민</b> 원형탈모설'이 확산했습니다.... ",https://www.yna.co.kr/view/AKR20260526146300704?input=1195m,naver_news,손흥민,canonical,1.0,2026-05-26T11:52:45.740012+00:00,0,0,0,0,,"주장 <b>손흥민</b>(LAFC)의 모습입니다. 뒷머리 일부가 빠진 듯한 모습인데, 다른 각도에서 포착된 사진도 뒷머리 한 부분이 비어있는 듯한 모습입니다. 엑스(X) 등 소셜미디어에서는 당장 '<b>손흥민</b> 원형탈모설'이 확산했습니다.... ","{""title"": ""[영상] <b>손흥민</b> '살짝 허전한' 뒷머리?…&quot;원형탈모 아냐, 월드컵때 봬요..."", ""originallink"": ""https://www.yna.co.kr/view/AKR20260526146300704?input=1195m"", ""link"": ""https://n.news.naver.com/mnews/article/001/0016100201?sid=104"", ""description"": ""주장 <b>손흥민</b>(LAFC)의 모습입니다. 뒷머리 일부가 빠진 듯한 모습인데, 다른 각도에서 포착된 사진도 뒷머리 한 부분이 비어있는 듯한 모습입니다. 엑스(X) 등 소셜미디어에서는 당장 '<b>손흥민</b> 원형탈모설'이 확산했습니다.... "", ""pubDate"": ""Tue, 26 May 2026 16:52:00 +0900""}"
손흥민,single_term_fallback,손흥민,"'4번째 월드컵' <b>손흥민</b>, 홍명보호 사전캠프 입성…26명 중 24명 합류",https://m.sports.naver.com/kfootball/article/421/0008967000,"Tue, 26 May 2026 16:51:00 +0900","축구국가대표 <b>손흥민</b>(LA FC)이 홍명보호의 솔트레이크 사전캠프에 입성, 본격적인 월드컵 모드에 돌입했다.... 출전했던 <b>손흥민</b>은 26일 솔트레이크시티로 이동, 축구대표팀 사전 캠프에 입소했다. 축구대표팀 주장이자... ",https://www.news1.kr/sports/soccer/6178026,naver_news,손흥민,canonical,1.0,2026-05-26T11:52:45.740012+00:00,0,0,0,0,,"축구국가대표 <b>손흥민</b>(LA FC)이 홍명보호의 솔트레이크 사전캠프에 입성, 본격적인 월드컵 모드에 돌입했다.... 출전했던 <b>손흥민</b>은 26일 솔트레이크시티로 이동, 축구대표팀 사전 캠프에 입소했다. 축구대표팀 주장이자... ","{""title"": ""'4번째 월드컵' <b>손흥민</b>, 홍명보호 사전캠프 입성…26명 중 24명 합류"", ""originallink"": ""https://www.news1.kr/sports/soccer/6178026"", ""link"": ""https://m.sports.naver.com/kfootball/article/421/0008967000"", ""description"": ""축구국가대표 <b>손흥민</b>(LA FC)이 홍명보호의 솔트레이크 사전캠프에 입성, 본격적인 월드컵 모드에 돌입했다.... 출전했던 <b>손흥민</b>은 26일 솔트레이크시티로 이동, 축구대표팀 사전 캠프에 입소했다. 축구대표팀 주장이자... "", ""pubDate"": ""Tue, 26 May 2026 16:51:00 +0900""}"
손흥민,single_term_fallback,손흥민,[미토스 충격] “미토스 접근 안되면 하위버전 최대한 활용해 빨리 패치...,http://www.boannews.com/media/view.asp?idx=143813&kind=2,"Tue, 26 May 2026 16:48:00 +0900",지금 필요한건 AI <b>손흥민</b> 보다 AI 김민재입니다. 공격과 취약점을 먼저 발견하고 먼저 움직이는 수비형... AI <b>손흥민</b>을 막을 수 있는 AI 김민재를 만들어야 한다고 말했다. 이어 AI는 이미 우리의 공격 표면을 보고... ,http://www.boannews.com/media/view.asp?idx=143813&kind=2,naver_news,손흥민,canonical,1.0,2026-05-26T11:52:45.740012+00:00,0,0,0,0,,지금 필요한건 AI <b>손흥민</b> 보다 AI 김민재입니다. 공격과 취약점을 먼저 발견하고 먼저 움직이는 수비형... AI <b>손흥민</b>을 막을 수 있는 AI 김민재를 만들어야 한다고 말했다. 이어 AI는 이미 우리의 공격 표면을 보고... ,"{""title"": ""[미토스 충격] “미토스 접근 안되면 하위버전 최대한 활용해 빨리 패치..."", ""originallink"": ""http://www.boannews.com/media/view.asp?idx=143813&kind=2"", ""link"": ""http://www.boannews.com/media/view.asp?idx=143813&kind=2"", ""description"": ""지금 필요한건 AI <b>손흥민</b> 보다 AI 김민재입니다. 공격과 취약점을 먼저 발견하고 먼저 움직이는 수비형... AI <b>손흥민</b>을 막을 수 있는 AI 김민재를 만들어야 한다고 말했다. 이어 AI는 이미 우리의 공격 표면을 보고... "", ""pubDate"": ""Tue, 26 May 2026 16:48:00 +0900""}"
손흥민,single_term_fallback,손흥민,"<b>손흥민</b>, 홍명보호 합류로 완전체 임박",https://mdtoday.co.kr/news/view/1065598447495603,"Tue, 26 May 2026 16:38:00 +0900",▲ 2026북중미월드컵을 앞둔 축구대표팀 주장 <b>손흥민</b>이 26일(한국시간) 태극전사들이 사전 훈련캠프를 진행 중인 미국 유타주 솔트레이크시티의 한 호텔로 들어서고 있다. (사진=대한축구협회 제공) <b>손흥민</b>(LAFC)이 2026... ,https://mdtoday.co.kr/news/view/1065598447495603,naver_news,손흥민,canonical,1.0,2026-05-26T11:52:45.740012+00:00,0,0,0,0,,▲ 2026북중미월드컵을 앞둔 축구대표팀 주장 <b>손흥민</b>이 26일(한국시간) 태극전사들이 사전 훈련캠프를 진행 중인 미국 유타주 솔트레이크시티의 한 호텔로 들어서고 있다. (사진=대한축구협회 제공) <b>손흥민</b>(LAFC)이 2026... ,"{""title"": ""<b>손흥민</b>, 홍명보호 합류로 완전체 임박"", ""originallink"": ""https://mdtoday.co.kr/news/view/1065598447495603"", ""link"": ""https://mdtoday.co.kr/news/view/1065598447495603"", ""description"": ""▲ 2026북중미월드컵을 앞둔 축구대표팀 주장 <b>손흥민</b>이 26일(한국시간) 태극전사들이 사전 훈련캠프를 진행 중인 미국 유타주 솔트레이크시티의 한 호텔로 들어서고 있다. (사진=대한축구협회 제공) <b>손흥민</b>(LAFC)이 2026... "", ""pubDate"": ""Tue, 26 May 2026 16:38:00 +0900""}"
손흥민,single_term_fallback,손흥민,&quot;클린스만 체제서 무너진 한국 다시 세워야&quot;…英 매체가 지목한 '홍명보...,https://m.sports.naver.com/kfootball/article/411/0000082285,"Tue, 26 May 2026 16:35:00 +0900","이후 <b>손흥민</b>을 비롯한 해외파로 구성된 후발대가 합류했다. 이강인은 유럽축구연맹(UEFA) 챔피언스리그(UCL)... 매체는 한국 핵심 선수로 <b>손흥민</b>, 이강인, 김민재를 선정했다. 이후 한국의 전망을 설명했는데, 홍명보... ",https://www.fourfourtwo.co.kr/news/articleView.html?idxno=92482,naver_news,손흥민,canonical,1.0,2026-05-26T11:52:45.740012+00:00,0,0,0,0,,"이후 <b>손흥민</b>을 비롯한 해외파로 구성된 후발대가 합류했다. 이강인은 유럽축구연맹(UEFA) 챔피언스리그(UCL)... 매체는 한국 핵심 선수로 <b>손흥민</b>, 이강인, 김민재를 선정했다. 이후 한국의 전망을 설명했는데, 홍명보... ","{""title"": ""&quot;클린스만 체제서 무너진 한국 다시 세워야&quot;…英 매체가 지목한 '홍명보..."", ""originallink"": ""https://www.fourfourtwo.co.kr/news/articleView.html?idxno=92482"", ""link"": ""https://m.sports.naver.com/kfootball/article/411/0000082285"", ""description"": ""이후 <b>손흥민</b>을 비롯한 해외파로 구성된 후발대가 합류했다. 이강인은 유럽축구연맹(UEFA) 챔피언스리그(UCL)... 매체는 한국 핵심 선수로 <b>손흥민</b>, 이강인, 김민재를 선정했다. 이후 한국의 전망을 설명했는데, 홍명보... "", ""pubDate"": ""Tue, 26 May 2026 16:35:00 +0900""}"
손흥민,single_term_fallback,손흥민,"홍명보호 고지대 훈련 ‘파트2’ 착착, 체코는 저지대 캠프만 ‘우려’...",https://m.sports.naver.com/kfootball/article/144/0001117404,"Tue, 26 May 2026 16:23:00 +0900","대표팀은 주장 <b>손흥민</b>(LAFC)과 황인범(페예노르트), 조규성(미트윌란), 황희찬(울버햄프턴) 등이 합류해 26명 엔트리 중 24명이 모여 거의 완전체를 이뤘다. 이들과 함께 2차 고지대 훈련지인 레알 솔트레이크 훈련장에서... ",https://sports.khan.co.kr/article/202605261622003?pt=nv,naver_news,손흥민,canonical,1.0,2026-05-26T11:52:45.740012+00:00,0,0,0,0,,"대표팀은 주장 <b>손흥민</b>(LAFC)과 황인범(페예노르트), 조규성(미트윌란), 황희찬(울버햄프턴) 등이 합류해 26명 엔트리 중 24명이 모여 거의 완전체를 이뤘다. 이들과 함께 2차 고지대 훈련지인 레알 솔트레이크 훈련장에서... ","{""title"": ""홍명보호 고지대 훈련 ‘파트2’ 착착, 체코는 저지대 캠프만 ‘우려’..."", ""originallink"": ""https://sports.khan.co.kr/article/202605261622003?pt=nv"", ""link"": ""https://m.sports.naver.com/kfootball/article/144/0001117404"", ""description"": ""대표팀은 주장 <b>손흥민</b>(LAFC)과 황인범(페예노르트), 조규성(미트윌란), 황희찬(울버햄프턴) 등이 합류해 26명 엔트리 중 24명이 모여 거의 완전체를 이뤘다. 이들과 함께 2차 고지대 훈련지인 레알 솔트레이크 훈련장에서... "", ""pubDate"": ""Tue, 26 May 2026 16:23:00 +0900""}"
손흥민,single_term_fallback,손흥민,<b>손흥민</b>·구교환·손연재가 선택한 키 아이템…버버리 폴로셔츠,http://www.ktnews.com/news/articleView.html?idxno=146215,"Tue, 26 May 2026 16:16:00 +0900","배우 구교환의 칸 국제영화제 출국길 공항패션을 비롯해 <b>손흥민</b>, 손연재, 김나영, 정은채 등 다양한... <b>손흥민</b>과 손연재를 비롯해 김나영, 정은채 등이 각기 다른 스타일로 착용하며 여름철 클래식 아이템으로 활용도를... ",http://www.ktnews.com/news/articleView.html?idxno=146215,naver_news,손흥민,canonical,1.0,2026-05-26T11:52:45.740012+00:00,0,0,0,0,,"배우 구교환의 칸 국제영화제 출국길 공항패션을 비롯해 <b>손흥민</b>, 손연재, 김나영, 정은채 등 다양한... <b>손흥민</b>과 손연재를 비롯해 김나영, 정은채 등이 각기 다른 스타일로 착용하며 여름철 클래식 아이템으로 활용도를... ","{""title"": ""<b>손흥민</b>·구교환·손연재가 선택한 키 아이템…버버리 폴로셔츠"", ""originallink"": ""http://www.ktnews.com/news/articleView.html?idxno=146215"", ""link"": ""http://www.ktnews.com/news/articleView.html?idxno=146215"", ""description"": ""배우 구교환의 칸 국제영화제 출국길 공항패션을 비롯해 <b>손흥민</b>, 손연재, 김나영, 정은채 등 다양한... <b>손흥민</b>과 손연재를 비롯해 김나영, 정은채 등이 각기 다른 스타일로 착용하며 여름철 클래식 아이템으로 활용도를... "", ""pubDate"": ""Tue, 26 May 2026 16:16:00 +0900""}"
손흥민,single_term_fallback,손흥민,"배우 구교환, 칸 출국길 빛낸 공항패션… <b>손흥민</b>·손연재도 반한 ‘버버...",https://theviewers.co.kr/View.aspx?No=4090439,"Tue, 26 May 2026 16:14:00 +0900","최근에는 <b>손흥민</b>, 김나영, 손연재, 정은채, 주우재 등 스타일 아이콘들의 사복 패션에서도 버버리의 서머... 선보였으며, <b>손흥민</b> 역시 동일 제품에 버버리 체크 홀드올 백을 더해 댄디한 스타일링을 완성했다.... ",https://theviewers.co.kr/View.aspx?No=4090439,naver_news,손흥민,canonical,1.0,2026-05-26T11:52:45.740012+00:00,0,0,0,0,,"최근에는 <b>손흥민</b>, 김나영, 손연재, 정은채, 주우재 등 스타일 아이콘들의 사복 패션에서도 버버리의 서머... 선보였으며, <b>손흥민</b> 역시 동일 제품에 버버리 체크 홀드올 백을 더해 댄디한 스타일링을 완성했다.... ","{""title"": ""배우 구교환, 칸 출국길 빛낸 공항패션… <b>손흥민</b>·손연재도 반한 ‘버버..."", ""originallink"": ""https://theviewers.co.kr/View.aspx?No=4090439"", ""link"": ""https://theviewers.co.kr/View.aspx?No=4090439"", ""description"": ""최근에는 <b>손흥민</b>, 김나영, 손연재, 정은채, 주우재 등 스타일 아이콘들의 사복 패션에서도 버버리의 서머... 선보였으며, <b>손흥민</b> 역시 동일 제품에 버버리 체크 홀드올 백을 더해 댄디한 스타일링을 완성했다.... "", ""pubDate"": ""Tue, 26 May 2026 16:14:00 +0900""}"
손흥민,single_term_fallback,손흥민,"4번째 월드컵 무대서 4호 골 노리는 <b>손흥민</b>, 홍명보호 합류",https://m.sports.naver.com/kfootball/article/666/0000108588,"Tue, 26 May 2026 16:12:00 +0900",통산 4번째 '월드컵 무대'에 오르는 <b>손흥민</b>(LAFC)이 25일(현지시간) 홍명보호에 합류했다. 소속팀 로스앤젤레스FC에서 전날 홈 경기를 치른 <b>손흥민</b>은 이날 홍명보호의 사전캠프가 차려진 미국 유타주 솔트레이크시티로... ,https://www.kyeonggi.com/article/20260526580456,naver_news,손흥민,canonical,1.0,2026-05-26T11:52:45.740012+00:00,0,0,0,0,,통산 4번째 '월드컵 무대'에 오르는 <b>손흥민</b>(LAFC)이 25일(현지시간) 홍명보호에 합류했다. 소속팀 로스앤젤레스FC에서 전날 홈 경기를 치른 <b>손흥민</b>은 이날 홍명보호의 사전캠프가 차려진 미국 유타주 솔트레이크시티로... ,"{""title"": ""4번째 월드컵 무대서 4호 골 노리는 <b>손흥민</b>, 홍명보호 합류"", ""originallink"": ""https://www.kyeonggi.com/article/20260526580456"", ""link"": ""https://m.sports.naver.com/kfootball/article/666/0000108588"", ""description"": ""통산 4번째 '월드컵 무대'에 오르는 <b>손흥민</b>(LAFC)이 25일(현지시간) 홍명보호에 합류했다. 소속팀 로스앤젤레스FC에서 전날 홈 경기를 치른 <b>손흥민</b>은 이날 홍명보호의 사전캠프가 차려진 미국 유타주 솔트레이크시티로... "", ""pubDate"": ""Tue, 26 May 2026 16:12:00 +0900""}"
손흥민,single_term_fallback,손흥민,"홍명보호 26+1…훈련 파트너 윤기욱, 결전지 멕시코까지 함께 간다",https://m.sports.naver.com/kfootball/article/421/0008966813,"Tue, 26 May 2026 16:10:00 +0900","홍명보 감독은 지난 16일 <b>손흥민</b>(LA FC), 김민재(바이에른 뮌헨), 이강인(파리생제르맹) 등이 포함된 26명의 최종 명단을 발표하면서 조위제, 강상윤(이상 전북), 윤기욱(서울)의 훈련 파트너도 함께 공개했다. 셋은 지난... ",https://www.news1.kr/sports/soccer/6177939,naver_news,손흥민,canonical,1.0,2026-05-26T11:52:45.740012+00:00,0,0,0,0,,"홍명보 감독은 지난 16일 <b>손흥민</b>(LA FC), 김민재(바이에른 뮌헨), 이강인(파리생제르맹) 등이 포함된 26명의 최종 명단을 발표하면서 조위제, 강상윤(이상 전북), 윤기욱(서울)의 훈련 파트너도 함께 공개했다. 셋은 지난... ","{""title"": ""홍명보호 26+1…훈련 파트너 윤기욱, 결전지 멕시코까지 함께 간다"", ""originallink"": ""https://www.news1.kr/sports/soccer/6177939"", ""link"": ""https://m.sports.naver.com/kfootball/article/421/0008966813"", ""description"": ""홍명보 감독은 지난 16일 <b>손흥민</b>(LA FC), 김민재(바이에른 뮌헨), 이강인(파리생제르맹) 등이 포함된 26명의 최종 명단을 발표하면서 조위제, 강상윤(이상 전북), 윤기욱(서울)의 훈련 파트너도 함께 공개했다. 셋은 지난... "", ""pubDate"": ""Tue, 26 May 2026 16:10:00 +0900""}"
손흥민,single_term_fallback,손흥민,"&quot;네 번째지만 설렌다&quot;…<b>손흥민</b>, 경기 끝나자마자 대표팀 합류",https://m.sports.naver.com/kfootball/article/437/0000492980,"Tue, 26 May 2026 16:10:00 +0900",소속팀 경기를 마친 <b>손흥민</b> 선수가 북중미 월드컵 대표팀 캠프에 곧바로 합류했습니다. 공항에 나온... 현지 리그 적응을 마쳐 최상의 컨디션을 자랑하는 <b>손흥민</b> 선수의 반가운 합류 현장을 만나보시죠. MLS 경기 마치고... ,https://news.jtbc.co.kr/article/NB12299898?influxDiv=NAVER,naver_news,손흥민,canonical,1.0,2026-05-26T11:52:45.740012+00:00,0,0,0,0,,소속팀 경기를 마친 <b>손흥민</b> 선수가 북중미 월드컵 대표팀 캠프에 곧바로 합류했습니다. 공항에 나온... 현지 리그 적응을 마쳐 최상의 컨디션을 자랑하는 <b>손흥민</b> 선수의 반가운 합류 현장을 만나보시죠. MLS 경기 마치고... ,"{""title"": ""&quot;네 번째지만 설렌다&quot;…<b>손흥민</b>, 경기 끝나자마자 대표팀 합류"", ""originallink"": ""https://news.jtbc.co.kr/article/NB12299898?influxDiv=NAVER"", ""link"": ""https://m.sports.naver.com/kfootball/article/437/0000492980"", ""description"": ""소속팀 경기를 마친 <b>손흥민</b> 선수가 북중미 월드컵 대표팀 캠프에 곧바로 합류했습니다. 공항에 나온... 현지 리그 적응을 마쳐 최상의 컨디션을 자랑하는 <b>손흥민</b> 선수의 반가운 합류 현장을 만나보시죠. MLS 경기 마치고... "", ""pubDate"": ""Tue, 26 May 2026 16:10:00 +0900""}"
손흥민,single_term_fallback,손흥민,“스트레스 받을 일 없는데”…‘원형탈모 논란’ 확산에 <b>손흥민</b>이 한 ...,https://n.news.naver.com/mnews/article/009/0005685070?sid=102,"Tue, 26 May 2026 16:06:00 +0900",최근 경기 중계 화면에 원형 탈모로 추정되는 모습이 포착돼 우려를 샀던 ‘캡틴’ <b>손흥민</b>(LAFC)이 직접 입장을 밝혔다. <b>손흥민</b>은 26일(한국시간) 자신의 인스타그램에 밝게 웃는 사진과 함께 오른 손으로 ‘브이’라고... ,https://www.mk.co.kr/article/12057776,naver_news,손흥민,canonical,1.0,2026-05-26T11:52:45.740012+00:00,0,0,0,0,,최근 경기 중계 화면에 원형 탈모로 추정되는 모습이 포착돼 우려를 샀던 ‘캡틴’ <b>손흥민</b>(LAFC)이 직접 입장을 밝혔다. <b>손흥민</b>은 26일(한국시간) 자신의 인스타그램에 밝게 웃는 사진과 함께 오른 손으로 ‘브이’라고... ,"{""title"": ""“스트레스 받을 일 없는데”…‘원형탈모 논란’ 확산에 <b>손흥민</b>이 한 ..."", ""originallink"": ""https://www.mk.co.kr/article/12057776"", ""link"": ""https://n.news.naver.com/mnews/article/009/0005685070?sid=102"", ""description"": ""최근 경기 중계 화면에 원형 탈모로 추정되는 모습이 포착돼 우려를 샀던 ‘캡틴’ <b>손흥민</b>(LAFC)이 직접 입장을 밝혔다. <b>손흥민</b>은 26일(한국시간) 자신의 인스타그램에 밝게 웃는 사진과 함께 오른 손으로 ‘브이’라고... "", ""pubDate"": ""Tue, 26 May 2026 16:06:00 +0900""}"
손흥민,single_term_fallback,손흥민,"<b>손흥민</b>이 어쩌다...&quot;MLS 13경기 0골 SON, LAFC에 큰 고민거리&quot;→도스 산토...",https://m.sports.naver.com/wfootball/article/413/0000218591,"Tue, 26 May 2026 16:05:00 +0900",연패를 끊었지만 '0골' <b>손흥민</b>은 여전히 고민거리다. 미국 '스포츠 일러스트레이티드'는 26일(이하... 연패를 끊기 위해 시애틀전에 나섰고 <b>손흥민</b>은 최전방에 출격했다. 경기는 티모시 틸만 승골로 1-0으로 승리를... ,https://www.interfootball.co.kr/news/articleView.html?idxno=687266,naver_news,손흥민,canonical,1.0,2026-05-26T11:52:45.740012+00:00,0,0,0,0,,연패를 끊었지만 '0골' <b>손흥민</b>은 여전히 고민거리다. 미국 '스포츠 일러스트레이티드'는 26일(이하... 연패를 끊기 위해 시애틀전에 나섰고 <b>손흥민</b>은 최전방에 출격했다. 경기는 티모시 틸만 승골로 1-0으로 승리를... ,"{""title"": ""<b>손흥민</b>이 어쩌다...&quot;MLS 13경기 0골 SON, LAFC에 큰 고민거리&quot;→도스 산토..."", ""originallink"": ""https://www.interfootball.co.kr/news/articleView.html?idxno=687266"", ""link"": ""https://m.sports.naver.com/wfootball/article/413/0000218591"", ""description"": ""연패를 끊었지만 '0골' <b>손흥민</b>은 여전히 고민거리다. 미국 '스포츠 일러스트레이티드'는 26일(이하... 연패를 끊기 위해 시애틀전에 나섰고 <b>손흥민</b>은 최전방에 출격했다. 경기는 티모시 틸만 승골로 1-0으로 승리를... "", ""pubDate"": ""Tue, 26 May 2026 16:05:00 +0900""}"
손흥민,single_term_fallback,손흥민,"&quot;수술은 성공적이다&quot; 불운의 스타 '日 <b>손흥민</b>' 미토마, 햄스트링 힘줄 ...",https://m.sports.naver.com/wfootball/article/076/0004409157,"Tue, 26 May 2026 16:00:00 +0900","'일본의 <b>손흥민</b>'으로 통하는 미토마 가오루(29·브라이턴)가 최근 햄스트링 수술을 받았고, 성공적이라는 평가가 나왔다. EPL 브라이턴 구단은 홈페이지를 통해 미토마의 부상 이후 현재 상황을 공지했다. 최근 미토마가... ",https://www.sportschosun.com/football/2026-05-26/202605260100155150010448,naver_news,손흥민,canonical,1.0,2026-05-26T11:52:45.740012+00:00,0,0,0,0,,"'일본의 <b>손흥민</b>'으로 통하는 미토마 가오루(29·브라이턴)가 최근 햄스트링 수술을 받았고, 성공적이라는 평가가 나왔다. EPL 브라이턴 구단은 홈페이지를 통해 미토마의 부상 이후 현재 상황을 공지했다. 최근 미토마가... ","{""title"": ""&quot;수술은 성공적이다&quot; 불운의 스타 '日 <b>손흥민</b>' 미토마, 햄스트링 힘줄 ..."", ""originallink"": ""https://www.sportschosun.com/football/2026-05-26/202605260100155150010448"", ""link"": ""https://m.sports.naver.com/wfootball/article/076/0004409157"", ""description"": ""'일본의 <b>손흥민</b>'으로 통하는 미토마 가오루(29·브라이턴)가 최근 햄스트링 수술을 받았고, 성공적이라는 평가가 나왔다. EPL 브라이턴 구단은 홈페이지를 통해 미토마의 부상 이후 현재 상황을 공지했다. 최근 미토마가... "", ""pubDate"": ""Tue, 26 May 2026 16:00:00 +0900""}"
손흥민,single_term_fallback,손흥민,&quot;스트레스로 뒷머리가?&quot;…<b>손흥민</b> '원형 탈모설'에 직접 해명 [포크뉴스...,https://n.news.naver.com/mnews/article/057/0001950854?sid=103,"Tue, 26 May 2026 15:58:00 +0900",월드컵 4회 연속 출전에 빛나는 <b>손흥민</b>(LAFC)이 뜬금없이 불거진 '탈모설'에 입을 열었습니다. <b>손흥민</b>은 어젯밤(25일) 자신의 SNS에 환하게 웃는 사진과 함께 &quot;원형 탈모 아니에요. 걱정하지 마세요&quot;라는 글을 올렸습니다.... ,http://www.mbn.co.kr/pages/vod/programContents.php?progCode=683&menuCode=4385&bcastSeqNo=1419901,naver_news,손흥민,canonical,1.0,2026-05-26T11:52:45.740012+00:00,0,0,0,0,,월드컵 4회 연속 출전에 빛나는 <b>손흥민</b>(LAFC)이 뜬금없이 불거진 '탈모설'에 입을 열었습니다. <b>손흥민</b>은 어젯밤(25일) 자신의 SNS에 환하게 웃는 사진과 함께 &quot;원형 탈모 아니에요. 걱정하지 마세요&quot;라는 글을 올렸습니다.... ,"{""title"": ""&quot;스트레스로 뒷머리가?&quot;…<b>손흥민</b> '원형 탈모설'에 직접 해명 [포크뉴스..."", ""originallink"": ""http://www.mbn.co.kr/pages/vod/programContents.php?progCode=683&menuCode=4385&bcastSeqNo=1419901"", ""link"": ""https://n.news.naver.com/mnews/article/057/0001950854?sid=103"", ""description"": ""월드컵 4회 연속 출전에 빛나는 <b>손흥민</b>(LAFC)이 뜬금없이 불거진 '탈모설'에 입을 열었습니다. <b>손흥민</b>은 어젯밤(25일) 자신의 SNS에 환하게 웃는 사진과 함께 &quot;원형 탈모 아니에요. 걱정하지 마세요&quot;라는 글을 올렸습니다.... "", ""pubDate"": ""Tue, 26 May 2026 15:58:00 +0900""}"
손흥민,single_term_fallback,손흥민,&quot;관심은 당나귀도 사자로 생각하게 해&quot; 브루노 향해 공개 저격한 로이 ...,https://m.sports.naver.com/wfootball/article/477/0000610500,"Tue, 26 May 2026 15:50:00 +0900","이에 <b>손흥민</b>(71도움)까지 제치며 역대 17위에 랭크됐다. 다음 시즌 브루노가 맨유에서 활약한다면 앤디 콜(73도움), 티에리 앙리(74도움), 애슐리 영(74도움)도 넘을 것으로 보인다. 더불어 유럽 5대리그 역대 기록과... ",https://www.spotvnews.co.kr/news/articleView.html?idxno=818969,naver_news,손흥민,canonical,1.0,2026-05-26T11:52:45.740012+00:00,0,0,0,0,,"이에 <b>손흥민</b>(71도움)까지 제치며 역대 17위에 랭크됐다. 다음 시즌 브루노가 맨유에서 활약한다면 앤디 콜(73도움), 티에리 앙리(74도움), 애슐리 영(74도움)도 넘을 것으로 보인다. 더불어 유럽 5대리그 역대 기록과... ","{""title"": ""&quot;관심은 당나귀도 사자로 생각하게 해&quot; 브루노 향해 공개 저격한 로이 ..."", ""originallink"": ""https://www.spotvnews.co.kr/news/articleView.html?idxno=818969"", ""link"": ""https://m.sports.naver.com/wfootball/article/477/0000610500"", ""description"": ""이에 <b>손흥민</b>(71도움)까지 제치며 역대 17위에 랭크됐다. 다음 시즌 브루노가 맨유에서 활약한다면 앤디 콜(73도움), 티에리 앙리(74도움), 애슐리 영(74도움)도 넘을 것으로 보인다. 더불어 유럽 5대리그 역대 기록과... "", ""pubDate"": ""Tue, 26 May 2026 15:50:00 +0900""}"
손흥민,single_term_fallback,손흥민,강병탁 AI스페라 대표 “정부 ‘AI <b>손흥민</b>’ 아닌 ‘AI 김민재’ 키워야...,https://n.news.naver.com/mnews/article/018/0006290795?sid=105,"Tue, 26 May 2026 15:47:00 +0900","“축구에 비유하자면, 지금 우리에게 필요한 것은 세계적인 공격수 ‘AI <b>손흥민</b>’이 아닙니다. 상대의 강력한 공격을 잘 막아낼 수 있는 세계 최고 수준의 수비수 ‘AI 김민재’를 만드는 쪽으로 국가 보안 정책의... ",https://www.edaily.co.kr/news/newspath.asp?newsid=03788406645452856,naver_news,손흥민,canonical,1.0,2026-05-26T11:52:45.740012+00:00,0,0,0,0,,"“축구에 비유하자면, 지금 우리에게 필요한 것은 세계적인 공격수 ‘AI <b>손흥민</b>’이 아닙니다. 상대의 강력한 공격을 잘 막아낼 수 있는 세계 최고 수준의 수비수 ‘AI 김민재’를 만드는 쪽으로 국가 보안 정책의... ","{""title"": ""강병탁 AI스페라 대표 “정부 ‘AI <b>손흥민</b>’ 아닌 ‘AI 김민재’ 키워야..."", ""originallink"": ""https://www.edaily.co.kr/news/newspath.asp?newsid=03788406645452856"", ""link"": ""https://n.news.naver.com/mnews/article/018/0006290795?sid=105"", ""description"": ""“축구에 비유하자면, 지금 우리에게 필요한 것은 세계적인 공격수 ‘AI <b>손흥민</b>’이 아닙니다. 상대의 강력한 공격을 잘 막아낼 수 있는 세계 최고 수준의 수비수 ‘AI 김민재’를 만드는 쪽으로 국가 보안 정책의... "", ""pubDate"": ""Tue, 26 May 2026 15:47:00 +0900""}"
손흥민,single_term_fallback,손흥민,[오피셜] '캡틴' <b>손흥민</b>이 홍명보호에 왔다…美 고지대 캠프 합류 → '골...,https://m.sports.naver.com/kfootball/article/477/0000610498,"Tue, 26 May 2026 15:37:00 +0900",대한민국 축구대표팀의 캡틴 <b>손흥민</b>이 통산 네 번째 월드컵 무대를 향한 본격적인 준비에 들어간다. 소속팀 일정을 모두 마친 <b>손흥민</b>은 곧바로 미국 현지에 차려진 홍명보호 사전 캠프로 이동해 대표팀에 합류했다.... ,https://www.spotvnews.co.kr/news/articleView.html?idxno=818968,naver_news,손흥민,canonical,1.0,2026-05-26T11:52:45.740012+00:00,0,0,0,0,,대한민국 축구대표팀의 캡틴 <b>손흥민</b>이 통산 네 번째 월드컵 무대를 향한 본격적인 준비에 들어간다. 소속팀 일정을 모두 마친 <b>손흥민</b>은 곧바로 미국 현지에 차려진 홍명보호 사전 캠프로 이동해 대표팀에 합류했다.... ,"{""title"": ""[오피셜] '캡틴' <b>손흥민</b>이 홍명보호에 왔다…美 고지대 캠프 합류 → '골..."", ""originallink"": ""https://www.spotvnews.co.kr/news/articleView.html?idxno=818968"", ""link"": ""https://m.sports.naver.com/kfootball/article/477/0000610498"", ""description"": ""대한민국 축구대표팀의 캡틴 <b>손흥민</b>이 통산 네 번째 월드컵 무대를 향한 본격적인 준비에 들어간다. 소속팀 일정을 모두 마친 <b>손흥민</b>은 곧바로 미국 현지에 차려진 홍명보호 사전 캠프로 이동해 대표팀에 합류했다.... "", ""pubDate"": ""Tue, 26 May 2026 15:37:00 +0900""}"
손흥민,single_term_fallback,손흥민,"존슨, <b>손흥민</b> 떠나고 망했다...토트넘서 쫓겨나고 팰리스 25경기 0골→&quot;...",https://m.sports.naver.com/wfootball/article/413/0000218590,"Tue, 26 May 2026 15:34:00 +0900",브레넌 존슨은 유럽축구연맹(UEFA) 유로파 컨퍼런스리그(UECL) 결승에서 시즌 유종의 미를 노린다. 크리스탈 팰리스는 28일 오전 4시(이하 한국시간) 독일 라이프치히에 위치한 레드불 아레나에서 열리는 2025-26시즌 UECL... ,https://www.interfootball.co.kr/news/articleView.html?idxno=687261,naver_news,손흥민,canonical,1.0,2026-05-26T11:52:45.740012+00:00,0,0,0,0,,브레넌 존슨은 유럽축구연맹(UEFA) 유로파 컨퍼런스리그(UECL) 결승에서 시즌 유종의 미를 노린다. 크리스탈 팰리스는 28일 오전 4시(이하 한국시간) 독일 라이프치히에 위치한 레드불 아레나에서 열리는 2025-26시즌 UECL... ,"{""title"": ""존슨, <b>손흥민</b> 떠나고 망했다...토트넘서 쫓겨나고 팰리스 25경기 0골→&quot;..."", ""originallink"": ""https://www.interfootball.co.kr/news/articleView.html?idxno=687261"", ""link"": ""https://m.sports.naver.com/wfootball/article/413/0000218590"", ""description"": ""브레넌 존슨은 유럽축구연맹(UEFA) 유로파 컨퍼런스리그(UECL) 결승에서 시즌 유종의 미를 노린다. 크리스탈 팰리스는 28일 오전 4시(이하 한국시간) 독일 라이프치히에 위치한 레드불 아레나에서 열리는 2025-26시즌 UECL... "", ""pubDate"": ""Tue, 26 May 2026 15:34:00 +0900""}"
손흥민,single_term_fallback,손흥민,"홍명보호, <b>손흥민</b>·황인범 합류로 완전체 눈앞…월드컵 시계 빨라졌다",https://www.thepowernews.co.kr/view.php?ud=202605261435485847de3f0aa1be_7,"Tue, 26 May 2026 15:20:00 +0900","국내파와 일부 해외파가 먼저 미국 사전 캠프에 들어간 데 이어, 주장 <b>손흥민</b>과 중원 핵심 황인범까지 합류하면서 대표팀의 본선 준비도 본격적인 단계로 들어섰다. <b>손흥민</b>은 26일 홍명보호가 사전 캠프를 차린 미국 유타주... ",https://www.thepowernews.co.kr/view.php?ud=202605261435485847de3f0aa1be_7,naver_news,손흥민,canonical,1.0,2026-05-26T11:52:45.740012+00:00,0,0,0,0,,"국내파와 일부 해외파가 먼저 미국 사전 캠프에 들어간 데 이어, 주장 <b>손흥민</b>과 중원 핵심 황인범까지 합류하면서 대표팀의 본선 준비도 본격적인 단계로 들어섰다. <b>손흥민</b>은 26일 홍명보호가 사전 캠프를 차린 미국 유타주... ","{""title"": ""홍명보호, <b>손흥민</b>·황인범 합류로 완전체 눈앞…월드컵 시계 빨라졌다"", ""originallink"": ""https://www.thepowernews.co.kr/view.php?ud=202605261435485847de3f0aa1be_7"", ""link"": ""https://www.thepowernews.co.kr/view.php?ud=202605261435485847de3f0aa1be_7"", ""description"": ""국내파와 일부 해외파가 먼저 미국 사전 캠프에 들어간 데 이어, 주장 <b>손흥민</b>과 중원 핵심 황인범까지 합류하면서 대표팀의 본선 준비도 본격적인 단계로 들어섰다. <b>손흥민</b>은 26일 홍명보호가 사전 캠프를 차린 미국 유타주... "", ""pubDate"": ""Tue, 26 May 2026 15:20:00 +0900""}"
손흥민,single_term_fallback,손흥민,"이정후, 8주 연속 해외파 스포츠 인물 관심도 1위… <b>손흥민</b>은 2위",http://www.hansbiz.co.kr/news/articleView.html?idxno=840804,"Tue, 26 May 2026 15:14:00 +0900","6점) <b>손흥민</b>과 격차는 크게 좁혀졌다. 그 외엔 김하성(22.6점), 김혜성(18.0점), 김민재(14.1점), 이강인(13.3점), 고우석(8.7점), 양민혁, 송성문(이상 8.1점), 황희찬(6.4점) 순이다. 점유율은 이정후가 22%, <b>손흥민</b>은 16%를... ",http://www.hansbiz.co.kr/news/articleView.html?idxno=840804,naver_news,손흥민,canonical,1.0,2026-05-26T11:52:45.740012+00:00,0,0,0,0,,"6점) <b>손흥민</b>과 격차는 크게 좁혀졌다. 그 외엔 김하성(22.6점), 김혜성(18.0점), 김민재(14.1점), 이강인(13.3점), 고우석(8.7점), 양민혁, 송성문(이상 8.1점), 황희찬(6.4점) 순이다. 점유율은 이정후가 22%, <b>손흥민</b>은 16%를... ","{""title"": ""이정후, 8주 연속 해외파 스포츠 인물 관심도 1위… <b>손흥민</b>은 2위"", ""originallink"": ""http://www.hansbiz.co.kr/news/articleView.html?idxno=840804"", ""link"": ""http://www.hansbiz.co.kr/news/articleView.html?idxno=840804"", ""description"": ""6점) <b>손흥민</b>과 격차는 크게 좁혀졌다. 그 외엔 김하성(22.6점), 김혜성(18.0점), 김민재(14.1점), 이강인(13.3점), 고우석(8.7점), 양민혁, 송성문(이상 8.1점), 황희찬(6.4점) 순이다. 점유율은 이정후가 22%, <b>손흥민</b>은 16%를... "", ""pubDate"": ""Tue, 26 May 2026 15:14:00 +0900""}"
손흥민,single_term_fallback,손흥민,"‘특급 도우미’ 변신한 캡틴 <b>손흥민</b>, 밝고 경쾌하게 ‘홍명보호’ 사전...",https://m.sports.naver.com/kfootball/article/382/0001275226,"Tue, 26 May 2026 15:02:00 +0900",‘영원한 캡틴’ <b>손흥민</b>(34·LAFC)이 본격적인 ‘월드컵 모드’로 전환했다. <b>손흥민</b>은 26일(한국시간) 미국 유타주 솔트레이크시티에서 진행 중인 축구국가대표팀의 사전 훈련캠프에 합류했다. 전날(25일) 시애틀... ,https://sports.donga.com/sports/article/all/20260526/133992506/1,naver_news,손흥민,canonical,1.0,2026-05-26T11:52:45.740012+00:00,0,0,0,0,,‘영원한 캡틴’ <b>손흥민</b>(34·LAFC)이 본격적인 ‘월드컵 모드’로 전환했다. <b>손흥민</b>은 26일(한국시간) 미국 유타주 솔트레이크시티에서 진행 중인 축구국가대표팀의 사전 훈련캠프에 합류했다. 전날(25일) 시애틀... ,"{""title"": ""‘특급 도우미’ 변신한 캡틴 <b>손흥민</b>, 밝고 경쾌하게 ‘홍명보호’ 사전..."", ""originallink"": ""https://sports.donga.com/sports/article/all/20260526/133992506/1"", ""link"": ""https://m.sports.naver.com/kfootball/article/382/0001275226"", ""description"": ""‘영원한 캡틴’ <b>손흥민</b>(34·LAFC)이 본격적인 ‘월드컵 모드’로 전환했다. <b>손흥민</b>은 26일(한국시간) 미국 유타주 솔트레이크시티에서 진행 중인 축구국가대표팀의 사전 훈련캠프에 합류했다. 전날(25일) 시애틀... "", ""pubDate"": ""Tue, 26 May 2026 15:02:00 +0900""}"
손흥민,single_term_fallback,손흥민,[르포] “테라 한잔 하이소!” 잔은 비우고 흥은 채웠다…'2026 센텀맥주...,https://n.news.naver.com/mnews/article/030/0003431309?sid=101,"Tue, 26 May 2026 15:01:00 +0900","테라 모델인 축구선수 <b>손흥민</b>처럼 축구공을 차고, <b>손흥민</b> 선수 등 번호인 '7'에 집중해 7초를 맞히는 타이머 게임 등 어린 아이부터 어른까지 함께 행사장을 누볐다. '맥주 빨리마시기' 이벤트에서는 테라 한병을 그대로... ",https://www.etnews.com/20260526000186,naver_news,손흥민,canonical,1.0,2026-05-26T11:52:45.740012+00:00,0,0,0,0,,"테라 모델인 축구선수 <b>손흥민</b>처럼 축구공을 차고, <b>손흥민</b> 선수 등 번호인 '7'에 집중해 7초를 맞히는 타이머 게임 등 어린 아이부터 어른까지 함께 행사장을 누볐다. '맥주 빨리마시기' 이벤트에서는 테라 한병을 그대로... ","{""title"": ""[르포] “테라 한잔 하이소!” 잔은 비우고 흥은 채웠다…'2026 센텀맥주..."", ""originallink"": ""https://www.etnews.com/20260526000186"", ""link"": ""https://n.news.naver.com/mnews/article/030/0003431309?sid=101"", ""description"": ""테라 모델인 축구선수 <b>손흥민</b>처럼 축구공을 차고, <b>손흥민</b> 선수 등 번호인 '7'에 집중해 7초를 맞히는 타이머 게임 등 어린 아이부터 어른까지 함께 행사장을 누볐다. '맥주 빨리마시기' 이벤트에서는 테라 한병을 그대로... "", ""pubDate"": ""Tue, 26 May 2026 15:01:00 +0900""}"
손흥민,single_term_fallback,손흥민,"[단독] 하이트진로, 맥주 생산능력 30% 축소…수익성 중심 생산효율화 ...",https://www.newspim.com/news/view/20260526000861,"Tue, 26 May 2026 15:01:00 +0900",모델인 <b>손흥민</b> 선수와 연계한 월드컵 시즌 마케팅도 준비 중&quot;이라고 말했다. 이어 &quot;시장 변화에 맞춰 효율적인 생산 체계를 구축하면서도 브랜드 경쟁력 강화와 판매 활성화 노력은 지속 확대해 나갈 계획&quot;이라고... ,https://www.newspim.com/news/view/20260526000861,naver_news,손흥민,canonical,1.0,2026-05-26T11:52:45.740012+00:00,0,0,0,0,,모델인 <b>손흥민</b> 선수와 연계한 월드컵 시즌 마케팅도 준비 중&quot;이라고 말했다. 이어 &quot;시장 변화에 맞춰 효율적인 생산 체계를 구축하면서도 브랜드 경쟁력 강화와 판매 활성화 노력은 지속 확대해 나갈 계획&quot;이라고... ,"{""title"": ""[단독] 하이트진로, 맥주 생산능력 30% 축소…수익성 중심 생산효율화 ..."", ""originallink"": ""https://www.newspim.com/news/view/20260526000861"", ""link"": ""https://www.newspim.com/news/view/20260526000861"", ""description"": ""모델인 <b>손흥민</b> 선수와 연계한 월드컵 시즌 마케팅도 준비 중&quot;이라고 말했다. 이어 &quot;시장 변화에 맞춰 효율적인 생산 체계를 구축하면서도 브랜드 경쟁력 강화와 판매 활성화 노력은 지속 확대해 나갈 계획&quot;이라고... "", ""pubDate"": ""Tue, 26 May 2026 15:01:00 +0900""}"
손흥민,single_term_fallback,손흥민,황인범에 캡틴 <b>손흥민</b>도 합류...고지대 훈련 본격 시작,https://m.sports.naver.com/kfootball/article/052/0002357987,"Tue, 26 May 2026 14:53:00 +0900","주장 <b>손흥민</b>이 리그 경기를 마치고 합류했고, 부상 중이던 중원의 사령관 황인범도 건강한 모습으로... 싼 <b>손흥민</b>도 이곳 시간으로 밤늦게 솔트레이크시티 공항에 도착해 대표팀에 합류했고, [<b>손흥민</b> / 축구대표팀 공격수... ",https://www.ytn.co.kr/_ln/0107_202605261453314298,naver_news,손흥민,canonical,1.0,2026-05-26T11:52:45.740012+00:00,0,0,0,0,,"주장 <b>손흥민</b>이 리그 경기를 마치고 합류했고, 부상 중이던 중원의 사령관 황인범도 건강한 모습으로... 싼 <b>손흥민</b>도 이곳 시간으로 밤늦게 솔트레이크시티 공항에 도착해 대표팀에 합류했고, [<b>손흥민</b> / 축구대표팀 공격수... ","{""title"": ""황인범에 캡틴 <b>손흥민</b>도 합류...고지대 훈련 본격 시작"", ""originallink"": ""https://www.ytn.co.kr/_ln/0107_202605261453314298"", ""link"": ""https://m.sports.naver.com/kfootball/article/052/0002357987"", ""description"": ""주장 <b>손흥민</b>이 리그 경기를 마치고 합류했고, 부상 중이던 중원의 사령관 황인범도 건강한 모습으로... 싼 <b>손흥민</b>도 이곳 시간으로 밤늦게 솔트레이크시티 공항에 도착해 대표팀에 합류했고, [<b>손흥민</b> / 축구대표팀 공격수... "", ""pubDate"": ""Tue, 26 May 2026 14:53:00 +0900""}"
손흥민,single_term_fallback,손흥민,"<b>손흥민</b>, 홍명보호 사전캠프 합류...4번째 본선 담금질 돌입",https://m.sports.naver.com/kfootball/article/052/0002357986,"Tue, 26 May 2026 14:52:00 +0900",4번째 월드컵 무대에 오르는 축구대표팀 주장 <b>손흥민</b> 선수가 사전캠프에 합류해 본격 담금질에 돌입했습니다. 어제(25일) 소속팀 LA FC의 리그 홈경기를 마친 <b>손흥민</b>은 오늘(26일) 홍명보호의 사전캠프가 마련된 미국... ,https://www.ytn.co.kr/_ln/0107_202605261452244102,naver_news,손흥민,canonical,1.0,2026-05-26T11:52:45.740012+00:00,0,0,0,0,,4번째 월드컵 무대에 오르는 축구대표팀 주장 <b>손흥민</b> 선수가 사전캠프에 합류해 본격 담금질에 돌입했습니다. 어제(25일) 소속팀 LA FC의 리그 홈경기를 마친 <b>손흥민</b>은 오늘(26일) 홍명보호의 사전캠프가 마련된 미국... ,"{""title"": ""<b>손흥민</b>, 홍명보호 사전캠프 합류...4번째 본선 담금질 돌입"", ""originallink"": ""https://www.ytn.co.kr/_ln/0107_202605261452244102"", ""link"": ""https://m.sports.naver.com/kfootball/article/052/0002357986"", ""description"": ""4번째 월드컵 무대에 오르는 축구대표팀 주장 <b>손흥민</b> 선수가 사전캠프에 합류해 본격 담금질에 돌입했습니다. 어제(25일) 소속팀 LA FC의 리그 홈경기를 마친 <b>손흥민</b>은 오늘(26일) 홍명보호의 사전캠프가 마련된 미국... "", ""pubDate"": ""Tue, 26 May 2026 14:52:00 +0900""}"
손흥민,single_term_fallback,손흥민,<b>손흥민</b> 이을 ‘차세대 리더’ 황인범 “자기 생각만 하지 않고 26명 모두...,https://m.sports.naver.com/kfootball/article/468/0001242640,"Tue, 26 May 2026 14:51:00 +0900",축구국가대표팀의 황인범(가운데)이 26일(한국시간) 미국 유타주 헤리먼 자이언스 뱅크 트레이닝 센터에서 훈련을 하고 있다. 헤리먼(미 유타주) | 박진업 기자 upandup@sportsseoul.com 축구국가대표팀의 이재성(왼쪽)과... ,https://www.sportsseoul.com/news/read/1611352?ref=naver,naver_news,손흥민,canonical,1.0,2026-05-26T11:52:45.740012+00:00,0,0,0,0,,축구국가대표팀의 황인범(가운데)이 26일(한국시간) 미국 유타주 헤리먼 자이언스 뱅크 트레이닝 센터에서 훈련을 하고 있다. 헤리먼(미 유타주) | 박진업 기자 upandup@sportsseoul.com 축구국가대표팀의 이재성(왼쪽)과... ,"{""title"": ""<b>손흥민</b> 이을 ‘차세대 리더’ 황인범 “자기 생각만 하지 않고 26명 모두..."", ""originallink"": ""https://www.sportsseoul.com/news/read/1611352?ref=naver"", ""link"": ""https://m.sports.naver.com/kfootball/article/468/0001242640"", ""description"": ""축구국가대표팀의 황인범(가운데)이 26일(한국시간) 미국 유타주 헤리먼 자이언스 뱅크 트레이닝 센터에서 훈련을 하고 있다. 헤리먼(미 유타주) | 박진업 기자 upandup@sportsseoul.com 축구국가대표팀의 이재성(왼쪽)과... "", ""pubDate"": ""Tue, 26 May 2026 14:51:00 +0900""}"
손흥민,single_term_fallback,손흥민,"'4번째 월드컵' <b>손흥민</b>, 홍명보호 합류…한국인 최다 골 도전",https://www.jnilbo.com/news/articleView.html?idxno=90000037609,"Tue, 26 May 2026 14:45:00 +0900","4번째 '월드컵 무대'에 오르는 <b>손흥민</b>(LAFC)이 25일(현지시간) 홍명보호에 합류했다. 소속팀 로스앤젤레스FC에서 전날 홈 경기를 치른 <b>손흥민</b>은 이날 홍명보호의 사전캠프가 차려진 미국 유타주 솔트레이크시티로 이동, 밤... ",https://www.jnilbo.com/news/articleView.html?idxno=90000037609,naver_news,손흥민,canonical,1.0,2026-05-26T11:52:45.740012+00:00,0,0,0,0,,"4번째 '월드컵 무대'에 오르는 <b>손흥민</b>(LAFC)이 25일(현지시간) 홍명보호에 합류했다. 소속팀 로스앤젤레스FC에서 전날 홈 경기를 치른 <b>손흥민</b>은 이날 홍명보호의 사전캠프가 차려진 미국 유타주 솔트레이크시티로 이동, 밤... ","{""title"": ""'4번째 월드컵' <b>손흥민</b>, 홍명보호 합류…한국인 최다 골 도전"", ""originallink"": ""https://www.jnilbo.com/news/articleView.html?idxno=90000037609"", ""link"": ""https://www.jnilbo.com/news/articleView.html?idxno=90000037609"", ""description"": ""4번째 '월드컵 무대'에 오르는 <b>손흥민</b>(LAFC)이 25일(현지시간) 홍명보호에 합류했다. 소속팀 로스앤젤레스FC에서 전날 홈 경기를 치른 <b>손흥민</b>은 이날 홍명보호의 사전캠프가 차려진 미국 유타주 솔트레이크시티로 이동, 밤... "", ""pubDate"": ""Tue, 26 May 2026 14:45:00 +0900""}"
손흥민,single_term_fallback,손흥민,"'중동 전쟁' 이란, 미국 대신 멕시코에 베이스캠프…참가국 전원 확정",https://m.sports.naver.com/wfootball/article/003/0013967788,"Tue, 26 May 2026 14:44:00 +0900","프로축구 K리거와 시즌을 일찍 끝낸 일부 해외파에 이어 주장 <b>손흥민</b>(로스앤젤레스FC), 이재성(마인츠), 황인범(페예노르트), 설영우(즈베즈다) 등 핵심 자원들도 차례로 합류하고 있다. 축구대표팀은 현지 시간으로... ",https://www.newsis.com/view/NISX20260526_0003644054,naver_news,손흥민,canonical,1.0,2026-05-26T11:52:45.740012+00:00,0,0,0,0,,"프로축구 K리거와 시즌을 일찍 끝낸 일부 해외파에 이어 주장 <b>손흥민</b>(로스앤젤레스FC), 이재성(마인츠), 황인범(페예노르트), 설영우(즈베즈다) 등 핵심 자원들도 차례로 합류하고 있다. 축구대표팀은 현지 시간으로... ","{""title"": ""'중동 전쟁' 이란, 미국 대신 멕시코에 베이스캠프…참가국 전원 확정"", ""originallink"": ""https://www.newsis.com/view/NISX20260526_0003644054"", ""link"": ""https://m.sports.naver.com/wfootball/article/003/0013967788"", ""description"": ""프로축구 K리거와 시즌을 일찍 끝낸 일부 해외파에 이어 주장 <b>손흥민</b>(로스앤젤레스FC), 이재성(마인츠), 황인범(페예노르트), 설영우(즈베즈다) 등 핵심 자원들도 차례로 합류하고 있다. 축구대표팀은 현지 시간으로... "", ""pubDate"": ""Tue, 26 May 2026 14:44:00 +0900""}"
손흥민,single_term_fallback,손흥민,"‘4번째 월드컵 출전’ 앞둔 <b>손흥민</b>, 홍명보호 합류",https://m.sports.naver.com/kfootball/article/009/0005685010,"Tue, 26 May 2026 14:42:00 +0900","4번째 월드컵 본선 출전을 앞두고 있는 <b>손흥민</b>(로스앤젤레스 FC)이 한국 축구대표팀에 합류한다. <b>손흥민</b>은 26일(한국시간) 축구대표팀의 사전캠프가 차려진 미국 유타주 솔트레이크시티로 이동, 고지대 적응 훈련중인... ",https://www.mk.co.kr/article/12057672,naver_news,손흥민,canonical,1.0,2026-05-26T11:52:45.740012+00:00,0,0,0,0,,"4번째 월드컵 본선 출전을 앞두고 있는 <b>손흥민</b>(로스앤젤레스 FC)이 한국 축구대표팀에 합류한다. <b>손흥민</b>은 26일(한국시간) 축구대표팀의 사전캠프가 차려진 미국 유타주 솔트레이크시티로 이동, 고지대 적응 훈련중인... ","{""title"": ""‘4번째 월드컵 출전’ 앞둔 <b>손흥민</b>, 홍명보호 합류"", ""originallink"": ""https://www.mk.co.kr/article/12057672"", ""link"": ""https://m.sports.naver.com/kfootball/article/009/0005685010"", ""description"": ""4번째 월드컵 본선 출전을 앞두고 있는 <b>손흥민</b>(로스앤젤레스 FC)이 한국 축구대표팀에 합류한다. <b>손흥민</b>은 26일(한국시간) 축구대표팀의 사전캠프가 차려진 미국 유타주 솔트레이크시티로 이동, 고지대 적응 훈련중인... "", ""pubDate"": ""Tue, 26 May 2026 14:42:00 +0900""}"
손흥민,single_term_fallback,손흥민,⑦ 월드컵 징크스 ‘우승국은 다음 대회 조별리그 광탈?’[아하! 월드컵...,https://m.sports.naver.com/wfootball/article/144/0001117369,"Tue, 26 May 2026 14:41:00 +0900",한국은 조별리그 최종전에서 후반 추가시간 김영권과 <b>손흥민</b>의 연속 골로 독일을 2-0으로 완파하며 독일에 사상 첫 조별리그 탈락이라는 굴욕을 안겼다. 한국 축구에는 이른바 ‘카잔의 기적’으로 불리는 이 경기는... ,https://sports.khan.co.kr/article/202605261440013?pt=nv,naver_news,손흥민,canonical,1.0,2026-05-26T11:52:45.740012+00:00,0,0,0,0,,한국은 조별리그 최종전에서 후반 추가시간 김영권과 <b>손흥민</b>의 연속 골로 독일을 2-0으로 완파하며 독일에 사상 첫 조별리그 탈락이라는 굴욕을 안겼다. 한국 축구에는 이른바 ‘카잔의 기적’으로 불리는 이 경기는... ,"{""title"": ""⑦ 월드컵 징크스 ‘우승국은 다음 대회 조별리그 광탈?’[아하! 월드컵..."", ""originallink"": ""https://sports.khan.co.kr/article/202605261440013?pt=nv"", ""link"": ""https://m.sports.naver.com/wfootball/article/144/0001117369"", ""description"": ""한국은 조별리그 최종전에서 후반 추가시간 김영권과 <b>손흥민</b>의 연속 골로 독일을 2-0으로 완파하며 독일에 사상 첫 조별리그 탈락이라는 굴욕을 안겼다. 한국 축구에는 이른바 ‘카잔의 기적’으로 불리는 이 경기는... "", ""pubDate"": ""Tue, 26 May 2026 14:41:00 +0900""}"
손흥민,single_term_fallback,손흥민,[영상] 부상 털고 합류한 중원 사령관 황인범 “목표는 8강”,https://n.news.naver.com/mnews/article/056/0012187968?sid=121,"Tue, 26 May 2026 14:41:00 +0900","경우 타격이 불가피했는데, 다행히 완전히 회복해 합류했습니다. 황인범은 몸 상태는 당장 훈련에 합류할 정도로 완전하다며 8강을 목표로 하고 있다고 야심 찬 목표를 밝혔습니다. 한편 <b>손흥민</b>도 곧 합류할 계획입니다.",https://news.kbs.co.kr/news/pc/view/view.do?ncd=8570087&ref=A,naver_news,손흥민,canonical,1.0,2026-05-26T11:52:45.740012+00:00,0,0,0,0,,"경우 타격이 불가피했는데, 다행히 완전히 회복해 합류했습니다. 황인범은 몸 상태는 당장 훈련에 합류할 정도로 완전하다며 8강을 목표로 하고 있다고 야심 찬 목표를 밝혔습니다. 한편 <b>손흥민</b>도 곧 합류할 계획입니다.","{""title"": ""[영상] 부상 털고 합류한 중원 사령관 황인범 “목표는 8강”"", ""originallink"": ""https://news.kbs.co.kr/news/pc/view/view.do?ncd=8570087&ref=A"", ""link"": ""https://n.news.naver.com/mnews/article/056/0012187968?sid=121"", ""description"": ""경우 타격이 불가피했는데, 다행히 완전히 회복해 합류했습니다. 황인범은 몸 상태는 당장 훈련에 합류할 정도로 완전하다며 8강을 목표로 하고 있다고 야심 찬 목표를 밝혔습니다. 한편 <b>손흥민</b>도 곧 합류할 계획입니다."", ""pubDate"": ""Tue, 26 May 2026 14:41:00 +0900""}"
손흥민,single_term_fallback,손흥민,"<b>손흥민</b>, ‘이것’ 투병 루머에 직접 등판 “스트레스 받는 일 없어”",https://n.news.naver.com/mnews/article/296/0000100887?sid=103,"Tue, 26 May 2026 14:40:00 +0900",축구선수 <b>손흥민</b>이 '원형탈모' 루머를 직접 해명했다. <b>손흥민</b>은 25일(현지 시간) 자신의 인스타그램 계정에 한 장의 셀카와 함께 &quot;원형탈모 아니다. 걱정 마시라. 스트레스 받을 일이 없다&quot;는 글을 게시했다. 최근 유튜브와... ,https://kormedi.com/?p=2819082,naver_news,손흥민,canonical,1.0,2026-05-26T11:52:45.740012+00:00,0,0,0,0,,축구선수 <b>손흥민</b>이 '원형탈모' 루머를 직접 해명했다. <b>손흥민</b>은 25일(현지 시간) 자신의 인스타그램 계정에 한 장의 셀카와 함께 &quot;원형탈모 아니다. 걱정 마시라. 스트레스 받을 일이 없다&quot;는 글을 게시했다. 최근 유튜브와... ,"{""title"": ""<b>손흥민</b>, ‘이것’ 투병 루머에 직접 등판 “스트레스 받는 일 없어”"", ""originallink"": ""https://kormedi.com/?p=2819082"", ""link"": ""https://n.news.naver.com/mnews/article/296/0000100887?sid=103"", ""description"": ""축구선수 <b>손흥민</b>이 '원형탈모' 루머를 직접 해명했다. <b>손흥민</b>은 25일(현지 시간) 자신의 인스타그램 계정에 한 장의 셀카와 함께 &quot;원형탈모 아니다. 걱정 마시라. 스트레스 받을 일이 없다&quot;는 글을 게시했다. 최근 유튜브와... "", ""pubDate"": ""Tue, 26 May 2026 14:40:00 +0900""}"
손흥민,single_term_fallback,손흥민,"4번째 월드컵 무대서 4호 골 노리는 <b>손흥민</b>, 홍명보호 합류(종합)",https://n.news.naver.com/mnews/article/001/0016099479?sid=104,"Tue, 26 May 2026 14:39:00 +0900","오르는 <b>손흥민</b>(LAFC)이 25일(현지시간) 홍명보호에 합류했다. 소속팀 로스앤젤레스FC에서 전날 홈 경기를 치른 <b>손흥민</b>은 이날 홍명보호의 사전캠프가 차려진 미국 유타주 솔트레이크시티로 이동, 밤 11시쯤 대표팀 숙소에... ",https://www.yna.co.kr/view/AKR20260526002351007?input=1195m,naver_news,손흥민,canonical,1.0,2026-05-26T11:52:45.740012+00:00,0,0,0,0,,"오르는 <b>손흥민</b>(LAFC)이 25일(현지시간) 홍명보호에 합류했다. 소속팀 로스앤젤레스FC에서 전날 홈 경기를 치른 <b>손흥민</b>은 이날 홍명보호의 사전캠프가 차려진 미국 유타주 솔트레이크시티로 이동, 밤 11시쯤 대표팀 숙소에... ","{""title"": ""4번째 월드컵 무대서 4호 골 노리는 <b>손흥민</b>, 홍명보호 합류(종합)"", ""originallink"": ""https://www.yna.co.kr/view/AKR20260526002351007?input=1195m"", ""link"": ""https://n.news.naver.com/mnews/article/001/0016099479?sid=104"", ""description"": ""오르는 <b>손흥민</b>(LAFC)이 25일(현지시간) 홍명보호에 합류했다. 소속팀 로스앤젤레스FC에서 전날 홈 경기를 치른 <b>손흥민</b>은 이날 홍명보호의 사전캠프가 차려진 미국 유타주 솔트레이크시티로 이동, 밤 11시쯤 대표팀 숙소에... "", ""pubDate"": ""Tue, 26 May 2026 14:39:00 +0900""}"
손흥민,single_term_fallback,손흥민,"작년엔 SON과 함께 유로파 우승골, 이번에는 팰리스와 컨퍼런스 우승골...",https://m.sports.naver.com/wfootball/article/343/0000142806,"Tue, 26 May 2026 14:35:00 +0900","<b>손흥민</b>의 UEFA 유로파리그 우승으로 이어졌다는 점에서 한동안 크게 화제가 됐던 경기기도 하다. 존슨은 &quot;솔직히 말해 한 번 더 그런 순간을 만들고 싶다는 생각이 자연스럽게 떠오른다. 엄청난 경기가 될 것이고, 팀과... ",https://www.besteleven.com/news/articleView.html?idxno=307254,naver_news,손흥민,canonical,1.0,2026-05-26T11:52:45.740012+00:00,0,0,0,0,,"<b>손흥민</b>의 UEFA 유로파리그 우승으로 이어졌다는 점에서 한동안 크게 화제가 됐던 경기기도 하다. 존슨은 &quot;솔직히 말해 한 번 더 그런 순간을 만들고 싶다는 생각이 자연스럽게 떠오른다. 엄청난 경기가 될 것이고, 팀과... ","{""title"": ""작년엔 SON과 함께 유로파 우승골, 이번에는 팰리스와 컨퍼런스 우승골..."", ""originallink"": ""https://www.besteleven.com/news/articleView.html?idxno=307254"", ""link"": ""https://m.sports.naver.com/wfootball/article/343/0000142806"", ""description"": ""<b>손흥민</b>의 UEFA 유로파리그 우승으로 이어졌다는 점에서 한동안 크게 화제가 됐던 경기기도 하다. 존슨은 &quot;솔직히 말해 한 번 더 그런 순간을 만들고 싶다는 생각이 자연스럽게 떠오른다. 엄청난 경기가 될 것이고, 팀과... "", ""pubDate"": ""Tue, 26 May 2026 14:35:00 +0900""}"
손흥민,single_term_fallback,손흥민,"<b>손흥민</b>, 골은 안 터지고 애꿎은 뒷머리 저격만…쿨한 해명 &quot;걱정 마세요...",https://m.sports.naver.com/kfootball/article/450/0000151658,"Tue, 26 May 2026 14:29:00 +0900",송승은 기자┃축구스타 <b>손흥민</b>(LAFC)이 최근 온라인상에서 확산된 원형탈모 의혹에 대해 직접 진화에 나섰다. <b>손흥민</b>은 자신의 소셜미디어(SNS)를 통해 &quot;원형탈모 아니에요. 걱정 마세요. 스트레스받을 일이 없는데 월드컵... ,https://www.stnsports.co.kr/news/articleView.html?idxno=317038,naver_news,손흥민,canonical,1.0,2026-05-26T11:52:45.740012+00:00,0,0,0,0,,송승은 기자┃축구스타 <b>손흥민</b>(LAFC)이 최근 온라인상에서 확산된 원형탈모 의혹에 대해 직접 진화에 나섰다. <b>손흥민</b>은 자신의 소셜미디어(SNS)를 통해 &quot;원형탈모 아니에요. 걱정 마세요. 스트레스받을 일이 없는데 월드컵... ,"{""title"": ""<b>손흥민</b>, 골은 안 터지고 애꿎은 뒷머리 저격만…쿨한 해명 &quot;걱정 마세요..."", ""originallink"": ""https://www.stnsports.co.kr/news/articleView.html?idxno=317038"", ""link"": ""https://m.sports.naver.com/kfootball/article/450/0000151658"", ""description"": ""송승은 기자┃축구스타 <b>손흥민</b>(LAFC)이 최근 온라인상에서 확산된 원형탈모 의혹에 대해 직접 진화에 나섰다. <b>손흥민</b>은 자신의 소셜미디어(SNS)를 통해 &quot;원형탈모 아니에요. 걱정 마세요. 스트레스받을 일이 없는데 월드컵... "", ""pubDate"": ""Tue, 26 May 2026 14:29:00 +0900""}"
손흥민,single_term_fallback,손흥민,'한국형 미토스'보다 중요한 해킹 방패…&quot;AI 수비수 필요하다&quot;,https://n.news.naver.com/mnews/article/138/0002228937?sid=105,"Tue, 26 May 2026 14:24:00 +0900",그는 &quot;미토스는 사람 <b>손흥민</b>(공격수)보다 100배 정도 훌륭한 AI <b>손흥민</b>&quot;이라고 비유하며 &quot;그렇다면 우리는 이에 맞설 AI 김민재(수비수)가 필요하다는 마음으로 국가와 기업 정책 방향을 바꿔야 한다&quot;고 제언했다. 글로벌... ,https://www.ddaily.co.kr/page/view/2026052614070936455,naver_news,손흥민,canonical,1.0,2026-05-26T11:52:45.740012+00:00,0,0,0,0,,그는 &quot;미토스는 사람 <b>손흥민</b>(공격수)보다 100배 정도 훌륭한 AI <b>손흥민</b>&quot;이라고 비유하며 &quot;그렇다면 우리는 이에 맞설 AI 김민재(수비수)가 필요하다는 마음으로 국가와 기업 정책 방향을 바꿔야 한다&quot;고 제언했다. 글로벌... ,"{""title"": ""'한국형 미토스'보다 중요한 해킹 방패…&quot;AI 수비수 필요하다&quot;"", ""originallink"": ""https://www.ddaily.co.kr/page/view/2026052614070936455"", ""link"": ""https://n.news.naver.com/mnews/article/138/0002228937?sid=105"", ""description"": ""그는 &quot;미토스는 사람 <b>손흥민</b>(공격수)보다 100배 정도 훌륭한 AI <b>손흥민</b>&quot;이라고 비유하며 &quot;그렇다면 우리는 이에 맞설 AI 김민재(수비수)가 필요하다는 마음으로 국가와 기업 정책 방향을 바꿔야 한다&quot;고 제언했다. 글로벌... "", ""pubDate"": ""Tue, 26 May 2026 14:24:00 +0900""}"
손흥민,single_term_fallback,손흥민,<b>손흥민</b>·황인범 홍명보호 합류… 월드컵 본선 대비 본격 나서,https://n.news.naver.com/mnews/article/082/0001382397?sid=102,"Tue, 26 May 2026 13:57:00 +0900",2026 북중미 월드컵에 나서는 한국 축구대표팀의 ‘캡틴’ <b>손흥민</b>(LAFC)이 대표팀에 합류하면서 홍명보호가 월드컵 본선 대비에 본격적으로 나섰다. <b>손흥민</b>은 26일(한국 시간) 홍명보호의 사전캠프가 차려진 미국 유타주... ,https://www.busan.com/view/busan/view.php?code=2026052609172187091,naver_news,손흥민,canonical,1.0,2026-05-26T11:52:45.740012+00:00,0,0,0,0,,2026 북중미 월드컵에 나서는 한국 축구대표팀의 ‘캡틴’ <b>손흥민</b>(LAFC)이 대표팀에 합류하면서 홍명보호가 월드컵 본선 대비에 본격적으로 나섰다. <b>손흥민</b>은 26일(한국 시간) 홍명보호의 사전캠프가 차려진 미국 유타주... ,"{""title"": ""<b>손흥민</b>·황인범 홍명보호 합류… 월드컵 본선 대비 본격 나서"", ""originallink"": ""https://www.busan.com/view/busan/view.php?code=2026052609172187091"", ""link"": ""https://n.news.naver.com/mnews/article/082/0001382397?sid=102"", ""description"": ""2026 북중미 월드컵에 나서는 한국 축구대표팀의 ‘캡틴’ <b>손흥민</b>(LAFC)이 대표팀에 합류하면서 홍명보호가 월드컵 본선 대비에 본격적으로 나섰다. <b>손흥민</b>은 26일(한국 시간) 홍명보호의 사전캠프가 차려진 미국 유타주... "", ""pubDate"": ""Tue, 26 May 2026 13:57:00 +0900""}"
손흥민,single_term_fallback,손흥민,"&quot;160억 보너스 날렸다&quot; 강등 확정 후 탈출 준비, '前 <b>손흥민</b> 스승' 누누...",https://m.sports.naver.com/wfootball/article/076/0004409114,"Tue, 26 May 2026 13:46:00 +0900","누누 에스피리투 산투 감독이 웨스트햄을 떠날 가능성이 커지고 있다. 영국의 더선은 25일(한국시각) '웨스트햄은 누누 감독과 결별할 예정이며, 감독은 800만 파운드(약 160억원)의 잔류 보너스를 놓치게 될 전망이다'고... ",https://www.sportschosun.com/football/2026-05-26/202605260100154360010398,naver_news,손흥민,canonical,1.0,2026-05-26T11:52:45.740012+00:00,0,0,0,0,,"누누 에스피리투 산투 감독이 웨스트햄을 떠날 가능성이 커지고 있다. 영국의 더선은 25일(한국시각) '웨스트햄은 누누 감독과 결별할 예정이며, 감독은 800만 파운드(약 160억원)의 잔류 보너스를 놓치게 될 전망이다'고... ","{""title"": ""&quot;160억 보너스 날렸다&quot; 강등 확정 후 탈출 준비, '前 <b>손흥민</b> 스승' 누누..."", ""originallink"": ""https://www.sportschosun.com/football/2026-05-26/202605260100154360010398"", ""link"": ""https://m.sports.naver.com/wfootball/article/076/0004409114"", ""description"": ""누누 에스피리투 산투 감독이 웨스트햄을 떠날 가능성이 커지고 있다. 영국의 더선은 25일(한국시각) '웨스트햄은 누누 감독과 결별할 예정이며, 감독은 800만 파운드(약 160억원)의 잔류 보너스를 놓치게 될 전망이다'고... "", ""pubDate"": ""Tue, 26 May 2026 13:46:00 +0900""}"
손흥민,single_term_fallback,손흥민,"4번째 월드컵 나서는 <b>손흥민</b>, '새역사' 성큼",https://www.asiatoday.co.kr/kn/view.php?key=20260526010007445,"Tue, 26 May 2026 13:30:00 +0900","주장 <b>손흥민</b>, 월드컵 4회 출전·4호골 사냥 3골의 박지성·안정환과 한국인 공동 1위 1골 더 넣으면 '혼다'의 4골과 아시아 타이 차범근(58골) 이어 A매치 54골, 기록 깰까 대한민국 축구 대표팀의 '주장' <b>손흥민</b>(LAFC)이 개인... ",https://www.asiatoday.co.kr/kn/view.php?key=20260526010007445,naver_news,손흥민,canonical,1.0,2026-05-26T11:52:45.740012+00:00,0,0,0,0,,"주장 <b>손흥민</b>, 월드컵 4회 출전·4호골 사냥 3골의 박지성·안정환과 한국인 공동 1위 1골 더 넣으면 '혼다'의 4골과 아시아 타이 차범근(58골) 이어 A매치 54골, 기록 깰까 대한민국 축구 대표팀의 '주장' <b>손흥민</b>(LAFC)이 개인... ","{""title"": ""4번째 월드컵 나서는 <b>손흥민</b>, '새역사' 성큼"", ""originallink"": ""https://www.asiatoday.co.kr/kn/view.php?key=20260526010007445"", ""link"": ""https://www.asiatoday.co.kr/kn/view.php?key=20260526010007445"", ""description"": ""주장 <b>손흥민</b>, 월드컵 4회 출전·4호골 사냥 3골의 박지성·안정환과 한국인 공동 1위 1골 더 넣으면 '혼다'의 4골과 아시아 타이 차범근(58골) 이어 A매치 54골, 기록 깰까 대한민국 축구 대표팀의 '주장' <b>손흥민</b>(LAFC)이 개인... "", ""pubDate"": ""Tue, 26 May 2026 13:30:00 +0900""}"
손흥민,single_term_fallback,손흥민,&quot;한국 팬들이 월드컵 직전 가장 보고 싶어 했던 순간&quot; <b>손흥민</b> 0골에도 걱...,https://m.sports.naver.com/wfootball/article/411/0000082282,"Tue, 26 May 2026 13:26:00 +0900","<b>손흥민</b>은 끝내 침묵했지만, 날카로움을 과시하며 월드컵 무대에서의 기대감을 높였다. LAFC는 25일 오전 10시... <b>손흥민</b>에게는 중요한 경기였다. 2026 국제축구연맹(FIFA) 북중미 월드컵 직전 마지막 경기였기 때문. <b>손흥민</b>은... ",https://www.fourfourtwo.co.kr/news/articleView.html?idxno=92479,naver_news,손흥민,canonical,1.0,2026-05-26T11:52:45.740012+00:00,0,0,0,0,,"<b>손흥민</b>은 끝내 침묵했지만, 날카로움을 과시하며 월드컵 무대에서의 기대감을 높였다. LAFC는 25일 오전 10시... <b>손흥민</b>에게는 중요한 경기였다. 2026 국제축구연맹(FIFA) 북중미 월드컵 직전 마지막 경기였기 때문. <b>손흥민</b>은... ","{""title"": ""&quot;한국 팬들이 월드컵 직전 가장 보고 싶어 했던 순간&quot; <b>손흥민</b> 0골에도 걱..."", ""originallink"": ""https://www.fourfourtwo.co.kr/news/articleView.html?idxno=92479"", ""link"": ""https://m.sports.naver.com/wfootball/article/411/0000082282"", ""description"": ""<b>손흥민</b>은 끝내 침묵했지만, 날카로움을 과시하며 월드컵 무대에서의 기대감을 높였다. LAFC는 25일 오전 10시... <b>손흥민</b>에게는 중요한 경기였다. 2026 국제축구연맹(FIFA) 북중미 월드컵 직전 마지막 경기였기 때문. <b>손흥민</b>은... "", ""pubDate"": ""Tue, 26 May 2026 13:26:00 +0900""}"
손흥민,single_term_fallback,손흥민,&quot;'챔피언' 독일 무찌른 한국&quot;…월드컵 앞두고 '카잔의 기적' 재조명,https://m.sports.naver.com/kfootball/article/003/0013967454,"Tue, 26 May 2026 13:17:00 +0900","경기 막판 한국은 후반 48분 코너킥 찬스에서 나온 김영권의 선제골, 후반 51분 역습 기회에서 터진 <b>손흥민</b>의 추가골로 독일을 2-0으로 격파했다. 이날 패배로 독일은 1938년 프랑스 대회 이후 80년 만에 처음... ",https://www.newsis.com/view/NISX20260526_0003643739,naver_news,손흥민,canonical,1.0,2026-05-26T11:52:45.740012+00:00,0,0,0,0,,"경기 막판 한국은 후반 48분 코너킥 찬스에서 나온 김영권의 선제골, 후반 51분 역습 기회에서 터진 <b>손흥민</b>의 추가골로 독일을 2-0으로 격파했다. 이날 패배로 독일은 1938년 프랑스 대회 이후 80년 만에 처음... ","{""title"": ""&quot;'챔피언' 독일 무찌른 한국&quot;…월드컵 앞두고 '카잔의 기적' 재조명"", ""originallink"": ""https://www.newsis.com/view/NISX20260526_0003643739"", ""link"": ""https://m.sports.naver.com/kfootball/article/003/0013967454"", ""description"": ""경기 막판 한국은 후반 48분 코너킥 찬스에서 나온 김영권의 선제골, 후반 51분 역습 기회에서 터진 <b>손흥민</b>의 추가골로 독일을 2-0으로 격파했다. 이날 패배로 독일은 1938년 프랑스 대회 이후 80년 만에 처음... "", ""pubDate"": ""Tue, 26 May 2026 13:17:00 +0900""}"
손흥민,single_term_fallback,손흥민,"[오피셜] 구자철 뛰었던 '명문' 볼프스부르크, 승강 PO서 파더보른에 패...",https://m.sports.naver.com/wfootball/article/413/0000218584,"Tue, 26 May 2026 13:16:00 +0900",이번 시즌을 앞두고는 <b>손흥민</b>과 토트넘 홋스퍼에서 함께 뛰었던 크리스티안 에릭센을 영입해 다시 한번 주목을 모았다. 올 시즌 강등 위기를 겪으면서 고전을 했고 자동 강등 직전까지 내몰렸다가 최종전에서... ,https://www.interfootball.co.kr/news/articleView.html?idxno=687253,naver_news,손흥민,canonical,1.0,2026-05-26T11:52:45.740012+00:00,0,0,0,0,,이번 시즌을 앞두고는 <b>손흥민</b>과 토트넘 홋스퍼에서 함께 뛰었던 크리스티안 에릭센을 영입해 다시 한번 주목을 모았다. 올 시즌 강등 위기를 겪으면서 고전을 했고 자동 강등 직전까지 내몰렸다가 최종전에서... ,"{""title"": ""[오피셜] 구자철 뛰었던 '명문' 볼프스부르크, 승강 PO서 파더보른에 패..."", ""originallink"": ""https://www.interfootball.co.kr/news/articleView.html?idxno=687253"", ""link"": ""https://m.sports.naver.com/wfootball/article/413/0000218584"", ""description"": ""이번 시즌을 앞두고는 <b>손흥민</b>과 토트넘 홋스퍼에서 함께 뛰었던 크리스티안 에릭센을 영입해 다시 한번 주목을 모았다. 올 시즌 강등 위기를 겪으면서 고전을 했고 자동 강등 직전까지 내몰렸다가 최종전에서... "", ""pubDate"": ""Tue, 26 May 2026 13:16:00 +0900""}"
손흥민,single_term_fallback,손흥민,"[축구] <b>손흥민</b>, 홍명보호 사전캠프 합류… 네 번째 월드컵 무대서 4호 골...",https://www.newscj.com/news/articleView.html?idxno=3403921,"Tue, 26 May 2026 13:14:00 +0900",'캡틴' <b>손흥민</b>이 다시 축구화 끈을 단단히 묶고 월드컵 무대에 오를 채비에 나선다. <b>손흥민</b>(LAFC)은 26일(한국시간) 2026 북중미 월드컵에 나설 한국 축구 대표팀의 사전캠프가 차려진 미국 유타주 솔트레이크시티로... ,https://www.newscj.com/news/articleView.html?idxno=3403921,naver_news,손흥민,canonical,1.0,2026-05-26T11:52:45.740012+00:00,0,0,0,0,,'캡틴' <b>손흥민</b>이 다시 축구화 끈을 단단히 묶고 월드컵 무대에 오를 채비에 나선다. <b>손흥민</b>(LAFC)은 26일(한국시간) 2026 북중미 월드컵에 나설 한국 축구 대표팀의 사전캠프가 차려진 미국 유타주 솔트레이크시티로... ,"{""title"": ""[축구] <b>손흥민</b>, 홍명보호 사전캠프 합류… 네 번째 월드컵 무대서 4호 골..."", ""originallink"": ""https://www.newscj.com/news/articleView.html?idxno=3403921"", ""link"": ""https://www.newscj.com/news/articleView.html?idxno=3403921"", ""description"": ""'캡틴' <b>손흥민</b>이 다시 축구화 끈을 단단히 묶고 월드컵 무대에 오를 채비에 나선다. <b>손흥민</b>(LAFC)은 26일(한국시간) 2026 북중미 월드컵에 나설 한국 축구 대표팀의 사전캠프가 차려진 미국 유타주 솔트레이크시티로... "", ""pubDate"": ""Tue, 26 May 2026 13:14:00 +0900""}"
손흥민,single_term_fallback,손흥민,"'韓 월드컵 최다골 도전' <b>손흥민</b>, 홍명보호 전격 합류 &quot;마지막일지도 모...",https://m.sports.naver.com/kfootball/article/108/0003438620,"Tue, 26 May 2026 13:11:00 +0900",캡틴' <b>손흥민</b>(34·LAFC)이 4회 연속 월드컵 본선 무대 출전과 한국인 역대 최다 골 대기록 도전을 위해 대한민국 축구대표팀에 전격 가세한다. <b>손흥민</b>은 소속팀 미국 프로축구 메이저리그사커(MLS) 일정을 마친 뒤 25일... ,https://www.starnewskorea.com/sports/2026/05/26/2026052611412714432,naver_news,손흥민,canonical,1.0,2026-05-26T11:52:45.740012+00:00,0,0,0,0,,캡틴' <b>손흥민</b>(34·LAFC)이 4회 연속 월드컵 본선 무대 출전과 한국인 역대 최다 골 대기록 도전을 위해 대한민국 축구대표팀에 전격 가세한다. <b>손흥민</b>은 소속팀 미국 프로축구 메이저리그사커(MLS) 일정을 마친 뒤 25일... ,"{""title"": ""'韓 월드컵 최다골 도전' <b>손흥민</b>, 홍명보호 전격 합류 &quot;마지막일지도 모..."", ""originallink"": ""https://www.starnewskorea.com/sports/2026/05/26/2026052611412714432"", ""link"": ""https://m.sports.naver.com/kfootball/article/108/0003438620"", ""description"": ""캡틴' <b>손흥민</b>(34·LAFC)이 4회 연속 월드컵 본선 무대 출전과 한국인 역대 최다 골 대기록 도전을 위해 대한민국 축구대표팀에 전격 가세한다. <b>손흥민</b>은 소속팀 미국 프로축구 메이저리그사커(MLS) 일정을 마친 뒤 25일... "", ""pubDate"": ""Tue, 26 May 2026 13:11:00 +0900""}"
손흥민,single_term_fallback,손흥민,"“저 원형 탈모 아니에요”…<b>손흥민</b>, ‘때아닌 탈모 논란’ 직접 해명",https://m.sports.naver.com/wfootball/article/410/0001126197,"Tue, 26 May 2026 13:06:00 +0900",2026 국제축구연맹(FIFA) 북중미 월드컵을 앞둔 축구 대표팀의 캡틴 <b>손흥민</b>이 팬들의 걱정에 직접 입을 열었다. <b>손흥민</b>은 25일(한국시간) 자신의 SNS를 통해 “원형 탈모 아니다. (팬들) 걱정하지 말라”라며 밝은 미소띤... ,https://www.mk.co.kr/article/12057591,naver_news,손흥민,canonical,1.0,2026-05-26T11:52:45.740012+00:00,0,0,0,0,,2026 국제축구연맹(FIFA) 북중미 월드컵을 앞둔 축구 대표팀의 캡틴 <b>손흥민</b>이 팬들의 걱정에 직접 입을 열었다. <b>손흥민</b>은 25일(한국시간) 자신의 SNS를 통해 “원형 탈모 아니다. (팬들) 걱정하지 말라”라며 밝은 미소띤... ,"{""title"": ""“저 원형 탈모 아니에요”…<b>손흥민</b>, ‘때아닌 탈모 논란’ 직접 해명"", ""originallink"": ""https://www.mk.co.kr/article/12057591"", ""link"": ""https://m.sports.naver.com/wfootball/article/410/0001126197"", ""description"": ""2026 국제축구연맹(FIFA) 북중미 월드컵을 앞둔 축구 대표팀의 캡틴 <b>손흥민</b>이 팬들의 걱정에 직접 입을 열었다. <b>손흥민</b>은 25일(한국시간) 자신의 SNS를 통해 “원형 탈모 아니다. (팬들) 걱정하지 말라”라며 밝은 미소띤... "", ""pubDate"": ""Tue, 26 May 2026 13:06:00 +0900""}"
손흥민,single_term_fallback,손흥민,"'쏘니, 내가 토트넘 기강 잡을게'...잔류 확정 후 곧바로 합류 유력! &quot;계...",https://m.sports.naver.com/wfootball/article/117/0004068164,"Tue, 26 May 2026 13:04:00 +0900",토트넘은 올시즌 내부 트러블이 계속됐다. <b>손흥민</b>이 LAFC로 떠난 후 팀의 기강이 흔들리면서 성적까지 영향을 끼쳤다. 사이드백을 보강하는 동시에 베테랑의 역할을 기대하는 모습이다.,https://www.mydaily.co.kr/page/view/2026052611174236523,naver_news,손흥민,canonical,1.0,2026-05-26T11:52:45.740012+00:00,0,0,0,0,,토트넘은 올시즌 내부 트러블이 계속됐다. <b>손흥민</b>이 LAFC로 떠난 후 팀의 기강이 흔들리면서 성적까지 영향을 끼쳤다. 사이드백을 보강하는 동시에 베테랑의 역할을 기대하는 모습이다.,"{""title"": ""'쏘니, 내가 토트넘 기강 잡을게'...잔류 확정 후 곧바로 합류 유력! &quot;계..."", ""originallink"": ""https://www.mydaily.co.kr/page/view/2026052611174236523"", ""link"": ""https://m.sports.naver.com/wfootball/article/117/0004068164"", ""description"": ""토트넘은 올시즌 내부 트러블이 계속됐다. <b>손흥민</b>이 LAFC로 떠난 후 팀의 기강이 흔들리면서 성적까지 영향을 끼쳤다. 사이드백을 보강하는 동시에 베테랑의 역할을 기대하는 모습이다."", ""pubDate"": ""Tue, 26 May 2026 13:04:00 +0900""}"
손흥민,single_term_fallback,손흥민,결국 믿을 건 <b>손흥민</b>·이강인·김민재의 풍부한 경험?,https://m.sports.naver.com/kfootball/article/586/0000129912,"Tue, 26 May 2026 13:00:00 +0900","한국 축구 역대 최고의 스타인 주장 <b>손흥민</b>(LAFC)의 라스트 댄스가 예고된 가운데, 세간의 우려를 깨는 성적이... <b>손흥민</b>과 수문장 김승규(도쿄)는 자신들의 4번째 월드컵을 맞이한다. 이재성·황희찬·조현우(울산)는 3번째... ",https://www.sisajournal.com/news/articleView.html?idxno=373651,naver_news,손흥민,canonical,1.0,2026-05-26T11:52:45.740012+00:00,0,0,0,0,,"한국 축구 역대 최고의 스타인 주장 <b>손흥민</b>(LAFC)의 라스트 댄스가 예고된 가운데, 세간의 우려를 깨는 성적이... <b>손흥민</b>과 수문장 김승규(도쿄)는 자신들의 4번째 월드컵을 맞이한다. 이재성·황희찬·조현우(울산)는 3번째... ","{""title"": ""결국 믿을 건 <b>손흥민</b>·이강인·김민재의 풍부한 경험?"", ""originallink"": ""https://www.sisajournal.com/news/articleView.html?idxno=373651"", ""link"": ""https://m.sports.naver.com/kfootball/article/586/0000129912"", ""description"": ""한국 축구 역대 최고의 스타인 주장 <b>손흥민</b>(LAFC)의 라스트 댄스가 예고된 가운데, 세간의 우려를 깨는 성적이... <b>손흥민</b>과 수문장 김승규(도쿄)는 자신들의 4번째 월드컵을 맞이한다. 이재성·황희찬·조현우(울산)는 3번째... "", ""pubDate"": ""Tue, 26 May 2026 13:00:00 +0900""}"
손흥민,single_term_fallback,손흥민,뜨뜻미지근한 관심 속 월드컵 출항... 안정환의 현실적 조언,https://m.sports.naver.com/kfootball/article/047/0002517095,"Tue, 26 May 2026 12:51:00 +0900","주장 <b>손흥민</b>을 중심으로 김민재, 이강인, 황희찬, 이재성 등 유럽 무대에서 실력을 입증한 선수들이 포진해... 특히 <b>손흥민</b>에게 이번 월드컵은 상당히 특별한 의미를 가진다. 2014 브라질 월드컵부터 2026 북중미 월드컵까지... ",https://www.ohmynews.com/NWS_Web/View/at_pg.aspx?CNTN_CD=A0003237346&CMPT_CD=P0010&utm_source=naver&utm_medium=newsearch&utm_campaign=naver_news,naver_news,손흥민,canonical,1.0,2026-05-26T11:52:45.740012+00:00,0,0,0,0,,"주장 <b>손흥민</b>을 중심으로 김민재, 이강인, 황희찬, 이재성 등 유럽 무대에서 실력을 입증한 선수들이 포진해... 특히 <b>손흥민</b>에게 이번 월드컵은 상당히 특별한 의미를 가진다. 2014 브라질 월드컵부터 2026 북중미 월드컵까지... ","{""title"": ""뜨뜻미지근한 관심 속 월드컵 출항... 안정환의 현실적 조언"", ""originallink"": ""https://www.ohmynews.com/NWS_Web/View/at_pg.aspx?CNTN_CD=A0003237346&CMPT_CD=P0010&utm_source=naver&utm_medium=newsearch&utm_campaign=naver_news"", ""link"": ""https://m.sports.naver.com/kfootball/article/047/0002517095"", ""description"": ""주장 <b>손흥민</b>을 중심으로 김민재, 이강인, 황희찬, 이재성 등 유럽 무대에서 실력을 입증한 선수들이 포진해... 특히 <b>손흥민</b>에게 이번 월드컵은 상당히 특별한 의미를 가진다. 2014 브라질 월드컵부터 2026 북중미 월드컵까지... "", ""pubDate"": ""Tue, 26 May 2026 12:51:00 +0900""}"
손흥민,single_term_fallback,손흥민,팬들 놀란 '원형 탈모' 논란에...<b>손흥민</b>이 직접 올린 사진 [지금이뉴스...,https://m.sports.naver.com/general/article/052/0002357909,"Tue, 26 May 2026 12:44:00 +0900",최근 리그 경기 중계 화면에 원형 탈모로 추정되는 모습이 포착된 축구대표팀 주장 <b>손흥민</b> 선수가 이와 관련된 입장을 직접 전했습니다. <b>손흥민</b>은 자신의 SNS에 밝게 웃는 사진과 함께 &quot;스트레스받을 일 없다&quot;며 &quot;원형... ,https://www.ytn.co.kr/_ln/0134_202605261244410972,naver_news,손흥민,canonical,1.0,2026-05-26T11:52:45.740012+00:00,0,0,0,0,,최근 리그 경기 중계 화면에 원형 탈모로 추정되는 모습이 포착된 축구대표팀 주장 <b>손흥민</b> 선수가 이와 관련된 입장을 직접 전했습니다. <b>손흥민</b>은 자신의 SNS에 밝게 웃는 사진과 함께 &quot;스트레스받을 일 없다&quot;며 &quot;원형... ,"{""title"": ""팬들 놀란 '원형 탈모' 논란에...<b>손흥민</b>이 직접 올린 사진 [지금이뉴스..."", ""originallink"": ""https://www.ytn.co.kr/_ln/0134_202605261244410972"", ""link"": ""https://m.sports.naver.com/general/article/052/0002357909"", ""description"": ""최근 리그 경기 중계 화면에 원형 탈모로 추정되는 모습이 포착된 축구대표팀 주장 <b>손흥민</b> 선수가 이와 관련된 입장을 직접 전했습니다. <b>손흥민</b>은 자신의 SNS에 밝게 웃는 사진과 함께 &quot;스트레스받을 일 없다&quot;며 &quot;원형... "", ""pubDate"": ""Tue, 26 May 2026 12:44:00 +0900""}"
손흥민,single_term_fallback,손흥민,[떠먹는 스포츠] <b>손흥민</b> 머리 인증?…&quot;원형 탈모 아니에요&quot;,https://m.sports.naver.com/kfootball/article/422/0000868392,"Tue, 26 May 2026 12:00:00 +0900",▶ <b>손흥민</b> 머리 인증?…&quot;원형 탈모 아니에요&quot; 경기 중계 화면에 원형 탈모를 의심하게 하는 뒷머리가 포착돼 우려를 샀던 <b>손흥민</b>이 자신의 SNS에 &quot;원형 탈모 아니에요. 걱정하지 마세요&quot;라는 게시글을 올려 직접... ,http://www.yonhapnewstv.co.kr/news/MYH20260526113134DUj,naver_news,손흥민,canonical,1.0,2026-05-26T11:52:45.740012+00:00,0,0,0,0,,▶ <b>손흥민</b> 머리 인증?…&quot;원형 탈모 아니에요&quot; 경기 중계 화면에 원형 탈모를 의심하게 하는 뒷머리가 포착돼 우려를 샀던 <b>손흥민</b>이 자신의 SNS에 &quot;원형 탈모 아니에요. 걱정하지 마세요&quot;라는 게시글을 올려 직접... ,"{""title"": ""[떠먹는 스포츠] <b>손흥민</b> 머리 인증?…&quot;원형 탈모 아니에요&quot;"", ""originallink"": ""http://www.yonhapnewstv.co.kr/news/MYH20260526113134DUj"", ""link"": ""https://m.sports.naver.com/kfootball/article/422/0000868392"", ""description"": ""▶ <b>손흥민</b> 머리 인증?…&quot;원형 탈모 아니에요&quot; 경기 중계 화면에 원형 탈모를 의심하게 하는 뒷머리가 포착돼 우려를 샀던 <b>손흥민</b>이 자신의 SNS에 &quot;원형 탈모 아니에요. 걱정하지 마세요&quot;라는 게시글을 올려 직접... "", ""pubDate"": ""Tue, 26 May 2026 12:00:00 +0900""}"
손흥민,single_term_fallback,손흥민,홍명보호 후발대 속속 합류…황인범 “몸 상태 거의 다 올라와”,https://m.sports.naver.com/kfootball/article/028/0002806701,"Tue, 26 May 2026 11:54:00 +0900",선수단을 이끌 주장 <b>손흥민</b>(LAFC)도 26일 합류를 앞두고 있다. 전날 소속팀 경기를 마친 <b>손흥민</b>은 이날 솔트레이크시티로 이동할 예정이다. 4회 연속 월드컵 출전을 눈앞에 둔 <b>손흥민</b>은 이번 대회에서 한국 선수 역대 월드컵... ,https://www.hani.co.kr/arti/sports/soccer/1260389.html,naver_news,손흥민,canonical,1.0,2026-05-26T11:52:45.740012+00:00,0,0,0,0,,선수단을 이끌 주장 <b>손흥민</b>(LAFC)도 26일 합류를 앞두고 있다. 전날 소속팀 경기를 마친 <b>손흥민</b>은 이날 솔트레이크시티로 이동할 예정이다. 4회 연속 월드컵 출전을 눈앞에 둔 <b>손흥민</b>은 이번 대회에서 한국 선수 역대 월드컵... ,"{""title"": ""홍명보호 후발대 속속 합류…황인범 “몸 상태 거의 다 올라와”"", ""originallink"": ""https://www.hani.co.kr/arti/sports/soccer/1260389.html"", ""link"": ""https://m.sports.naver.com/kfootball/article/028/0002806701"", ""description"": ""선수단을 이끌 주장 <b>손흥민</b>(LAFC)도 26일 합류를 앞두고 있다. 전날 소속팀 경기를 마친 <b>손흥민</b>은 이날 솔트레이크시티로 이동할 예정이다. 4회 연속 월드컵 출전을 눈앞에 둔 <b>손흥민</b>은 이번 대회에서 한국 선수 역대 월드컵... "", ""pubDate"": ""Tue, 26 May 2026 11:54:00 +0900""}"
손흥민,single_term_fallback,손흥민,“얼마나 스트레스를…” ‘원형탈모’ 걱정에 <b>손흥민</b> “그럴 일 없는데...,https://n.news.naver.com/mnews/article/081/0003646848?sid=103,"Tue, 26 May 2026 11:49:00 +0900","축구 국가대표팀 주장 <b>손흥민</b>(LA FC)의 이른바 ‘탈모설’이 재차 팬들 사이에서 제기됐다. 팬들은 2026 국제축구협회(FIFA) 북중미 월드컵을 앞두고 <b>손흥민</b>이 스트레스를 겪는 게 아니냐며 걱정했지만, <b>손흥민</b>은 “그럴... ",https://www.seoul.co.kr/news/life/health-news/2026/05/26/20260526500103?wlog_tag3=naver,naver_news,손흥민,canonical,1.0,2026-05-26T11:52:45.740012+00:00,0,0,0,0,,"축구 국가대표팀 주장 <b>손흥민</b>(LA FC)의 이른바 ‘탈모설’이 재차 팬들 사이에서 제기됐다. 팬들은 2026 국제축구협회(FIFA) 북중미 월드컵을 앞두고 <b>손흥민</b>이 스트레스를 겪는 게 아니냐며 걱정했지만, <b>손흥민</b>은 “그럴... ","{""title"": ""“얼마나 스트레스를…” ‘원형탈모’ 걱정에 <b>손흥민</b> “그럴 일 없는데..."", ""originallink"": ""https://www.seoul.co.kr/news/life/health-news/2026/05/26/20260526500103?wlog_tag3=naver"", ""link"": ""https://n.news.naver.com/mnews/article/081/0003646848?sid=103"", ""description"": ""축구 국가대표팀 주장 <b>손흥민</b>(LA FC)의 이른바 ‘탈모설’이 재차 팬들 사이에서 제기됐다. 팬들은 2026 국제축구협회(FIFA) 북중미 월드컵을 앞두고 <b>손흥민</b>이 스트레스를 겪는 게 아니냐며 걱정했지만, <b>손흥민</b>은 “그럴... "", ""pubDate"": ""Tue, 26 May 2026 11:49:00 +0900""}"
손흥민,single_term_fallback,손흥민,"<b>손흥민</b>, 원형 탈모 추측에 &quot;스트레스 받을 일 없어…걱정하지 마세요&quot;",https://www.slist.kr/news/articleView.html?idxno=741298,"Tue, 26 May 2026 11:48:00 +0900",최근 경기 중계 화면에 원형 탈모로 추정되는 모습이 포착돼 우려를 샀던 한국 축구대표팀 '주장' <b>손흥민</b>(LAFC)이 직접 입장을 밝히며 팬들을 안심시켰다. <b>손흥민</b>은 26일(한국시간) 자신의 소셜미디어(SNS)에 밝게 웃는... ,https://www.slist.kr/news/articleView.html?idxno=741298,naver_news,손흥민,canonical,1.0,2026-05-26T11:52:45.740012+00:00,0,0,0,0,,최근 경기 중계 화면에 원형 탈모로 추정되는 모습이 포착돼 우려를 샀던 한국 축구대표팀 '주장' <b>손흥민</b>(LAFC)이 직접 입장을 밝히며 팬들을 안심시켰다. <b>손흥민</b>은 26일(한국시간) 자신의 소셜미디어(SNS)에 밝게 웃는... ,"{""title"": ""<b>손흥민</b>, 원형 탈모 추측에 &quot;스트레스 받을 일 없어…걱정하지 마세요&quot;"", ""originallink"": ""https://www.slist.kr/news/articleView.html?idxno=741298"", ""link"": ""https://www.slist.kr/news/articleView.html?idxno=741298"", ""description"": ""최근 경기 중계 화면에 원형 탈모로 추정되는 모습이 포착돼 우려를 샀던 한국 축구대표팀 '주장' <b>손흥민</b>(LAFC)이 직접 입장을 밝히며 팬들을 안심시켰다. <b>손흥민</b>은 26일(한국시간) 자신의 소셜미디어(SNS)에 밝게 웃는... "", ""pubDate"": ""Tue, 26 May 2026 11:48:00 +0900""}"
손흥민,single_term_fallback,손흥민,"'캡틴' <b>손흥민</b>, 홍명보호 합류... 김민재·이강인 오면 완전체",https://m.sports.naver.com/kfootball/article/018/0006290593,"Tue, 26 May 2026 11:43:00 +0900",홍명보호에 주장 <b>손흥민</b>(로스앤젤레스FC)이 가세한다. <b>손흥민</b>. 사진=연합뉴스 <b>손흥민</b>. 사진=AFPBB NEWS <b>손흥민</b>은 25일(현지시간) 미국 유타주 솔트레이크시티에서 진행 중인 축구 대표팀 사전 캠프에 합류한다. 이날 <b>손흥민</b>... ,https://www.edaily.co.kr/news/newspath.asp?newsid=02997926645452856,naver_news,손흥민,canonical,1.0,2026-05-26T11:52:45.740012+00:00,0,0,0,0,,홍명보호에 주장 <b>손흥민</b>(로스앤젤레스FC)이 가세한다. <b>손흥민</b>. 사진=연합뉴스 <b>손흥민</b>. 사진=AFPBB NEWS <b>손흥민</b>은 25일(현지시간) 미국 유타주 솔트레이크시티에서 진행 중인 축구 대표팀 사전 캠프에 합류한다. 이날 <b>손흥민</b>... ,"{""title"": ""'캡틴' <b>손흥민</b>, 홍명보호 합류... 김민재·이강인 오면 완전체"", ""originallink"": ""https://www.edaily.co.kr/news/newspath.asp?newsid=02997926645452856"", ""link"": ""https://m.sports.naver.com/kfootball/article/018/0006290593"", ""description"": ""홍명보호에 주장 <b>손흥민</b>(로스앤젤레스FC)이 가세한다. <b>손흥민</b>. 사진=연합뉴스 <b>손흥민</b>. 사진=AFPBB NEWS <b>손흥민</b>은 25일(현지시간) 미국 유타주 솔트레이크시티에서 진행 중인 축구 대표팀 사전 캠프에 합류한다. 이날 <b>손흥민</b>... "", ""pubDate"": ""Tue, 26 May 2026 11:43:00 +0900""}"
손흥민,single_term_fallback,손흥민,"26명 중 24명 합류한 홍명보호, 북중미 월드컵 완전체는 언제?",https://m.sports.naver.com/kfootball/article/003/0013967164,"Tue, 26 May 2026 11:43:00 +0900","이후 국내에서 재활 중이던 '핵심 미드필더' 황인범(30·페예노르트), 독일 프로축구 분데스리가 소속 '최초 외국 태생 혼혈 태극전사' 옌스 카스트로프(23·묀헨글라트바흐) 등 유럽파들도 가세했고, '주장' <b>손흥민</b>(34... ",https://www.newsis.com/view/NISX20260526_0003643542,naver_news,손흥민,canonical,1.0,2026-05-26T11:52:45.740012+00:00,0,0,0,0,,"이후 국내에서 재활 중이던 '핵심 미드필더' 황인범(30·페예노르트), 독일 프로축구 분데스리가 소속 '최초 외국 태생 혼혈 태극전사' 옌스 카스트로프(23·묀헨글라트바흐) 등 유럽파들도 가세했고, '주장' <b>손흥민</b>(34... ","{""title"": ""26명 중 24명 합류한 홍명보호, 북중미 월드컵 완전체는 언제?"", ""originallink"": ""https://www.newsis.com/view/NISX20260526_0003643542"", ""link"": ""https://m.sports.naver.com/kfootball/article/003/0013967164"", ""description"": ""이후 국내에서 재활 중이던 '핵심 미드필더' 황인범(30·페예노르트), 독일 프로축구 분데스리가 소속 '최초 외국 태생 혼혈 태극전사' 옌스 카스트로프(23·묀헨글라트바흐) 등 유럽파들도 가세했고, '주장' <b>손흥민</b>(34... "", ""pubDate"": ""Tue, 26 May 2026 11:43:00 +0900""}"
손흥민,single_term_fallback,손흥민,<b>손흥민</b>도 해명한 '이것' &quot;유전 vs 스트레스&quot;…전문가 의견은,https://n.news.naver.com/mnews/article/243/0000098263?sid=102,"Tue, 26 May 2026 11:42:00 +0900",미국프로축구(MLS) LAFC에서 활약 중인 한국 축구대표팀 주장 <b>손흥민</b>이 최근 경기 중계 화면으로 인해 불거진... <b>손흥민</b>은 26일(한국시간) 자신의 소셜미디어(SNS)를 통해 &quot;원형 탈모 아니에요. 걱정하지 마세요&quot;라는 글과 함께... ,https://economist.co.kr/article/view/ecn202605260033,naver_news,손흥민,canonical,1.0,2026-05-26T11:52:45.740012+00:00,0,0,0,0,,미국프로축구(MLS) LAFC에서 활약 중인 한국 축구대표팀 주장 <b>손흥민</b>이 최근 경기 중계 화면으로 인해 불거진... <b>손흥민</b>은 26일(한국시간) 자신의 소셜미디어(SNS)를 통해 &quot;원형 탈모 아니에요. 걱정하지 마세요&quot;라는 글과 함께... ,"{""title"": ""<b>손흥민</b>도 해명한 '이것' &quot;유전 vs 스트레스&quot;…전문가 의견은"", ""originallink"": ""https://economist.co.kr/article/view/ecn202605260033"", ""link"": ""https://n.news.naver.com/mnews/article/243/0000098263?sid=102"", ""description"": ""미국프로축구(MLS) LAFC에서 활약 중인 한국 축구대표팀 주장 <b>손흥민</b>이 최근 경기 중계 화면으로 인해 불거진... <b>손흥민</b>은 26일(한국시간) 자신의 소셜미디어(SNS)를 통해 &quot;원형 탈모 아니에요. 걱정하지 마세요&quot;라는 글과 함께... "", ""pubDate"": ""Tue, 26 May 2026 11:42:00 +0900""}"
손흥민,single_term_fallback,손흥민,이럴 수가! 쏘니처럼 월드컵 '라스트 댄스' 꿈꾸는데...부상 날벼락! 낙...,https://m.sports.naver.com/wfootball/article/117/0004068096,"Tue, 26 May 2026 11:35:00 +0900","FIFA도 메시와 <b>손흥민</b>, 모하메드 살라 등을 이번 대회에서 화려한 마무리를 할 수 있는 선수들로 조명하기도 했다. 아르헨티나는 알제리, 오스트리아, 요르단과 함께 J조에 포함 돼 있다. 조별리그는 1위가 유력한 가운데... ",https://www.mydaily.co.kr/page/view/2026052609423508305,naver_news,손흥민,canonical,1.0,2026-05-26T11:52:45.740012+00:00,0,0,0,0,,"FIFA도 메시와 <b>손흥민</b>, 모하메드 살라 등을 이번 대회에서 화려한 마무리를 할 수 있는 선수들로 조명하기도 했다. 아르헨티나는 알제리, 오스트리아, 요르단과 함께 J조에 포함 돼 있다. 조별리그는 1위가 유력한 가운데... ","{""title"": ""이럴 수가! 쏘니처럼 월드컵 '라스트 댄스' 꿈꾸는데...부상 날벼락! 낙..."", ""originallink"": ""https://www.mydaily.co.kr/page/view/2026052609423508305"", ""link"": ""https://m.sports.naver.com/wfootball/article/117/0004068096"", ""description"": ""FIFA도 메시와 <b>손흥민</b>, 모하메드 살라 등을 이번 대회에서 화려한 마무리를 할 수 있는 선수들로 조명하기도 했다. 아르헨티나는 알제리, 오스트리아, 요르단과 함께 J조에 포함 돼 있다. 조별리그는 1위가 유력한 가운데... "", ""pubDate"": ""Tue, 26 May 2026 11:35:00 +0900""}"
손흥민,single_term_fallback,손흥민,"<b>손흥민</b>, 원형 탈모설 해명…&quot;스트레스 받을 일 없어요&quot;",https://m.sports.naver.com/kfootball/article/018/0006290588,"Tue, 26 May 2026 11:33:00 +0900",한국 축구 대표팀의 ‘캡틴’ <b>손흥민</b>(로스앤젤레스FC)이 최근 불거진 원형 탈모 우려에 대해 직접 해명하며 팬들을 안시시켰다. 월드컵 전 마지막 소속팀 경기에서 나온 해프닝을 유쾌하게 넘겼다. <b>손흥민</b>은 26일... ,https://www.edaily.co.kr/news/newspath.asp?newsid=02971686645452856,naver_news,손흥민,canonical,1.0,2026-05-26T11:52:45.740012+00:00,0,0,0,0,,한국 축구 대표팀의 ‘캡틴’ <b>손흥민</b>(로스앤젤레스FC)이 최근 불거진 원형 탈모 우려에 대해 직접 해명하며 팬들을 안시시켰다. 월드컵 전 마지막 소속팀 경기에서 나온 해프닝을 유쾌하게 넘겼다. <b>손흥민</b>은 26일... ,"{""title"": ""<b>손흥민</b>, 원형 탈모설 해명…&quot;스트레스 받을 일 없어요&quot;"", ""originallink"": ""https://www.edaily.co.kr/news/newspath.asp?newsid=02971686645452856"", ""link"": ""https://m.sports.naver.com/kfootball/article/018/0006290588"", ""description"": ""한국 축구 대표팀의 ‘캡틴’ <b>손흥민</b>(로스앤젤레스FC)이 최근 불거진 원형 탈모 우려에 대해 직접 해명하며 팬들을 안시시켰다. 월드컵 전 마지막 소속팀 경기에서 나온 해프닝을 유쾌하게 넘겼다. <b>손흥민</b>은 26일... "", ""pubDate"": ""Tue, 26 May 2026 11:33:00 +0900""}"
손흥민,single_term_fallback,손흥민,<b>손흥민</b> &quot;원형 탈모 아니에요&quot;…직접 팬들 안심시키며 &quot;월드컵 때 봬요&quot;...,https://www.mediapen.com/news/view/1100880,"Tue, 26 May 2026 11:32:00 +0900",한국 축구대표팀 간판 <b>손흥민</b>(34·LAFC)이 '원형 탈모'설에 대해 직접 나서 아니라고 해명하며 팬들을 안심시켰다. <b>손흥민</b>은 26일(이하 한국시간) 자신의 개인 SNS에 환하게 미소지으며 손가락 V를 그리는 모습이 담긴 사진을... ,https://www.mediapen.com/news/view/1100880,naver_news,손흥민,canonical,1.0,2026-05-26T11:52:45.740012+00:00,0,0,0,0,,한국 축구대표팀 간판 <b>손흥민</b>(34·LAFC)이 '원형 탈모'설에 대해 직접 나서 아니라고 해명하며 팬들을 안심시켰다. <b>손흥민</b>은 26일(이하 한국시간) 자신의 개인 SNS에 환하게 미소지으며 손가락 V를 그리는 모습이 담긴 사진을... ,"{""title"": ""<b>손흥민</b> &quot;원형 탈모 아니에요&quot;…직접 팬들 안심시키며 &quot;월드컵 때 봬요&quot;..."", ""originallink"": ""https://www.mediapen.com/news/view/1100880"", ""link"": ""https://www.mediapen.com/news/view/1100880"", ""description"": ""한국 축구대표팀 간판 <b>손흥민</b>(34·LAFC)이 '원형 탈모'설에 대해 직접 나서 아니라고 해명하며 팬들을 안심시켰다. <b>손흥민</b>은 26일(이하 한국시간) 자신의 개인 SNS에 환하게 미소지으며 손가락 V를 그리는 모습이 담긴 사진을... "", ""pubDate"": ""Tue, 26 May 2026 11:32:00 +0900""}"
손흥민,single_term_fallback,손흥민,<b>손흥민</b>이 원형탈모? 팬들 걱정하자 남긴 말은...,https://m.sports.naver.com/kfootball/article/119/0003094318,"Tue, 26 May 2026 11:32:00 +0900","축구선수 <b>손흥민</b>이 최근 제기된 원형탈모 의혹에 대해 직접 입장을 밝혔다. <b>손흥민</b>은 26일 자신의 사회관계망서비스(SNS)에 &quot;원형탈모 아니에요. 걱정하지 마세요&quot;라며 &quot;스트레스 받을 일 없는데, 월드컵 때 봬요&quot;라는... ",https://www.dailian.co.kr/news/view/1648572/?sc=Naver,naver_news,손흥민,canonical,1.0,2026-05-26T11:52:45.740012+00:00,0,0,0,0,,"축구선수 <b>손흥민</b>이 최근 제기된 원형탈모 의혹에 대해 직접 입장을 밝혔다. <b>손흥민</b>은 26일 자신의 사회관계망서비스(SNS)에 &quot;원형탈모 아니에요. 걱정하지 마세요&quot;라며 &quot;스트레스 받을 일 없는데, 월드컵 때 봬요&quot;라는... ","{""title"": ""<b>손흥민</b>이 원형탈모? 팬들 걱정하자 남긴 말은..."", ""originallink"": ""https://www.dailian.co.kr/news/view/1648572/?sc=Naver"", ""link"": ""https://m.sports.naver.com/kfootball/article/119/0003094318"", ""description"": ""축구선수 <b>손흥민</b>이 최근 제기된 원형탈모 의혹에 대해 직접 입장을 밝혔다. <b>손흥민</b>은 26일 자신의 사회관계망서비스(SNS)에 &quot;원형탈모 아니에요. 걱정하지 마세요&quot;라며 &quot;스트레스 받을 일 없는데, 월드컵 때 봬요&quot;라는... "", ""pubDate"": ""Tue, 26 May 2026 11:32:00 +0900""}"
손흥민,single_term_fallback,손흥민,"<b>손흥민</b>, 월드컵 앞두고 터진 '탈모' 의혹 해명…&quot;스트레스 받을 일 없어...",https://m.entertain.naver.com/article/213/0001387800,"Tue, 26 May 2026 11:28:00 +0900",대한민국 축구대표팀의 영원한 '캡틴' <b>손흥민</b>(LAFC)이 최근 온라인을 중심으로 급속도로 확산한 원형 탈모 의혹에 대해 직접 유쾌한 해명을 내놓으며 팬들을 안심시켰다. <b>손흥민</b>은 25일 자신의 계정 스토리를 통해 &quot;원형... ,https://www.tvreport.co.kr/entertainment/article/1047849/,naver_news,손흥민,canonical,1.0,2026-05-26T11:52:45.740012+00:00,0,0,0,0,,대한민국 축구대표팀의 영원한 '캡틴' <b>손흥민</b>(LAFC)이 최근 온라인을 중심으로 급속도로 확산한 원형 탈모 의혹에 대해 직접 유쾌한 해명을 내놓으며 팬들을 안심시켰다. <b>손흥민</b>은 25일 자신의 계정 스토리를 통해 &quot;원형... ,"{""title"": ""<b>손흥민</b>, 월드컵 앞두고 터진 '탈모' 의혹 해명…&quot;스트레스 받을 일 없어..."", ""originallink"": ""https://www.tvreport.co.kr/entertainment/article/1047849/"", ""link"": ""https://m.entertain.naver.com/article/213/0001387800"", ""description"": ""대한민국 축구대표팀의 영원한 '캡틴' <b>손흥민</b>(LAFC)이 최근 온라인을 중심으로 급속도로 확산한 원형 탈모 의혹에 대해 직접 유쾌한 해명을 내놓으며 팬들을 안심시켰다. <b>손흥민</b>은 25일 자신의 계정 스토리를 통해 &quot;원형... "", ""pubDate"": ""Tue, 26 May 2026 11:28:00 +0900""}"
손흥민,single_term_fallback,손흥민,"[JTBC 월드컵 릴레이 인터뷰⑨] 박용식 캐스터 &quot;오현규, 조규성 이을 새...",https://n.news.naver.com/mnews/article/437/0000492924?sid=103,"Tue, 26 May 2026 11:27:00 +0900",마지막으로 &quot;48개국 체제로 확대되면서 이번 월드컵은 더 다양한 국가와 새로운 스타들을 만날 수 있는 대회가 될 것&quot;이라며 &quot;<b>손흥민</b>을 비롯한 대한민국 대표팀 선수들이 정말 열심히 준비하고 있는 만큼 많은 응원과 관심... ,https://news.jtbc.co.kr/article/NB12299838?influxDiv=NAVER,naver_news,손흥민,canonical,1.0,2026-05-26T11:52:45.740012+00:00,0,0,0,0,,마지막으로 &quot;48개국 체제로 확대되면서 이번 월드컵은 더 다양한 국가와 새로운 스타들을 만날 수 있는 대회가 될 것&quot;이라며 &quot;<b>손흥민</b>을 비롯한 대한민국 대표팀 선수들이 정말 열심히 준비하고 있는 만큼 많은 응원과 관심... ,"{""title"": ""[JTBC 월드컵 릴레이 인터뷰⑨] 박용식 캐스터 &quot;오현규, 조규성 이을 새..."", ""originallink"": ""https://news.jtbc.co.kr/article/NB12299838?influxDiv=NAVER"", ""link"": ""https://n.news.naver.com/mnews/article/437/0000492924?sid=103"", ""description"": ""마지막으로 &quot;48개국 체제로 확대되면서 이번 월드컵은 더 다양한 국가와 새로운 스타들을 만날 수 있는 대회가 될 것&quot;이라며 &quot;<b>손흥민</b>을 비롯한 대한민국 대표팀 선수들이 정말 열심히 준비하고 있는 만큼 많은 응원과 관심... "", ""pubDate"": ""Tue, 26 May 2026 11:27:00 +0900""}"
손흥민,single_term_fallback,손흥민,"골가뭄 스트레스에 원형탈모? ‘본인 등판’ <b>손흥민</b> “아녜요, 걱정마세...",https://m.sports.naver.com/kfootball/article/011/0004624469,"Tue, 26 May 2026 11:21:00 +0900",중계 화면에 원형 탈모로 추정되는 모습이 포착돼 걱정을 낳았던 한국 축구 대표팀 주장 <b>손흥민</b>(34·LA FC)이 입장을 밝히며 팬들을 안심시켰다. <b>손흥민</b>은 26일 자신의 소셜미디어에 밝게 웃는 사진과 함께 “원형 탈모... ,https://www.sedaily.com/article/20048162?ref=naver,naver_news,손흥민,canonical,1.0,2026-05-26T11:52:45.740012+00:00,0,0,0,0,,중계 화면에 원형 탈모로 추정되는 모습이 포착돼 걱정을 낳았던 한국 축구 대표팀 주장 <b>손흥민</b>(34·LA FC)이 입장을 밝히며 팬들을 안심시켰다. <b>손흥민</b>은 26일 자신의 소셜미디어에 밝게 웃는 사진과 함께 “원형 탈모... ,"{""title"": ""골가뭄 스트레스에 원형탈모? ‘본인 등판’ <b>손흥민</b> “아녜요, 걱정마세..."", ""originallink"": ""https://www.sedaily.com/article/20048162?ref=naver"", ""link"": ""https://m.sports.naver.com/kfootball/article/011/0004624469"", ""description"": ""중계 화면에 원형 탈모로 추정되는 모습이 포착돼 걱정을 낳았던 한국 축구 대표팀 주장 <b>손흥민</b>(34·LA FC)이 입장을 밝히며 팬들을 안심시켰다. <b>손흥민</b>은 26일 자신의 소셜미디어에 밝게 웃는 사진과 함께 “원형 탈모... "", ""pubDate"": ""Tue, 26 May 2026 11:21:00 +0900""}"
손흥민,single_term_fallback,손흥민,"믿는다, 캡틴 <b>손흥민</b>… 홍명보號 합류",https://m.sports.naver.com/kfootball/article/021/0002793498,"Tue, 26 May 2026 11:20:00 +0900",주장 <b>손흥민</b>(LA FC·사진)이 홍명보호에 합류한다. <b>손흥민</b>은 26일(한국시간) 한국 축구대표팀의 사전 캠프가 차려진 미국 유타주 솔트레이크시티로 이동해 본격적인 2026 북중미월드컵 준비에 돌입한다. <b>손흥민</b>은 전날... ,https://www.munhwa.com/article/11591236?ref=naver,naver_news,손흥민,canonical,1.0,2026-05-26T11:52:45.740012+00:00,0,0,0,0,,주장 <b>손흥민</b>(LA FC·사진)이 홍명보호에 합류한다. <b>손흥민</b>은 26일(한국시간) 한국 축구대표팀의 사전 캠프가 차려진 미국 유타주 솔트레이크시티로 이동해 본격적인 2026 북중미월드컵 준비에 돌입한다. <b>손흥민</b>은 전날... ,"{""title"": ""믿는다, 캡틴 <b>손흥민</b>… 홍명보號 합류"", ""originallink"": ""https://www.munhwa.com/article/11591236?ref=naver"", ""link"": ""https://m.sports.naver.com/kfootball/article/021/0002793498"", ""description"": ""주장 <b>손흥민</b>(LA FC·사진)이 홍명보호에 합류한다. <b>손흥민</b>은 26일(한국시간) 한국 축구대표팀의 사전 캠프가 차려진 미국 유타주 솔트레이크시티로 이동해 본격적인 2026 북중미월드컵 준비에 돌입한다. <b>손흥민</b>은 전날... "", ""pubDate"": ""Tue, 26 May 2026 11:20:00 +0900""}"
손흥민,single_term_fallback,손흥민,"<b>손흥민</b> ‘원형 탈모설’에…“스트레스 없어, 걱정마세요”",https://n.news.naver.com/mnews/article/020/0003722233?sid=102,"Tue, 26 May 2026 11:18:00 +0900",개인 통산 네 번째 월드컵을 앞둔 <b>손흥민</b>(34·LA FC)이 최근 불거진 ‘원형 탈모설’을 일축했다. <b>손흥민</b>은 26일 자신의 소셜미디어에 밝은 미소와 함께 손가락으로 ‘V’를 그리는 사진을 게시하며 “원형 탈모 아니에요.... ,https://www.donga.com/news/Society/article/all/20260526/133991234/1,naver_news,손흥민,canonical,1.0,2026-05-26T11:52:45.740012+00:00,0,0,0,0,,개인 통산 네 번째 월드컵을 앞둔 <b>손흥민</b>(34·LA FC)이 최근 불거진 ‘원형 탈모설’을 일축했다. <b>손흥민</b>은 26일 자신의 소셜미디어에 밝은 미소와 함께 손가락으로 ‘V’를 그리는 사진을 게시하며 “원형 탈모 아니에요.... ,"{""title"": ""<b>손흥민</b> ‘원형 탈모설’에…“스트레스 없어, 걱정마세요”"", ""originallink"": ""https://www.donga.com/news/Society/article/all/20260526/133991234/1"", ""link"": ""https://n.news.naver.com/mnews/article/020/0003722233?sid=102"", ""description"": ""개인 통산 네 번째 월드컵을 앞둔 <b>손흥민</b>(34·LA FC)이 최근 불거진 ‘원형 탈모설’을 일축했다. <b>손흥민</b>은 26일 자신의 소셜미디어에 밝은 미소와 함께 손가락으로 ‘V’를 그리는 사진을 게시하며 “원형 탈모 아니에요.... "", ""pubDate"": ""Tue, 26 May 2026 11:18:00 +0900""}"
손흥민,single_term_fallback,손흥민,<b>손흥민</b> &quot;원형 탈모 아니에요. 스트레스 받을 일 없어요&quot;,https://m.sports.naver.com/kfootball/article/422/0000868369,"Tue, 26 May 2026 11:15:00 +0900",경기 중계 화면에 원형 탈모를 의심하게 하는 뒷머리가 포착돼 우려를 샀던 <b>손흥민</b>이 자신의 SNS에 &quot;원형 탈모 아니에요. 걱정하지 마세요&quot;라는 게시글을 올려 직접 해명했습니다. LAFC의 <b>손흥민</b>은 북중미 월드컵 전 마지막... ,http://www.yonhapnewstv.co.kr/news/AKR20260526111500dHR,naver_news,손흥민,canonical,1.0,2026-05-26T11:52:45.740012+00:00,0,0,0,0,,경기 중계 화면에 원형 탈모를 의심하게 하는 뒷머리가 포착돼 우려를 샀던 <b>손흥민</b>이 자신의 SNS에 &quot;원형 탈모 아니에요. 걱정하지 마세요&quot;라는 게시글을 올려 직접 해명했습니다. LAFC의 <b>손흥민</b>은 북중미 월드컵 전 마지막... ,"{""title"": ""<b>손흥민</b> &quot;원형 탈모 아니에요. 스트레스 받을 일 없어요&quot;"", ""originallink"": ""http://www.yonhapnewstv.co.kr/news/AKR20260526111500dHR"", ""link"": ""https://m.sports.naver.com/kfootball/article/422/0000868369"", ""description"": ""경기 중계 화면에 원형 탈모를 의심하게 하는 뒷머리가 포착돼 우려를 샀던 <b>손흥민</b>이 자신의 SNS에 &quot;원형 탈모 아니에요. 걱정하지 마세요&quot;라는 게시글을 올려 직접 해명했습니다. LAFC의 <b>손흥민</b>은 북중미 월드컵 전 마지막... "", ""pubDate"": ""Tue, 26 May 2026 11:15:00 +0900""}"
손흥민,single_term_fallback,손흥민,‘탈모 우려’ 나온 <b>손흥민</b> “걱정하지 마세요”,https://n.news.naver.com/mnews/article/366/0001167084?sid=102,"Tue, 26 May 2026 11:13:00 +0900",최근 경기 중계 화면을 계기로 온라인에서 ‘탈모’ 우려가 확산되자 한국 축구대표팀 주장 <b>손흥민</b>이 직접 진화에 나섰다. <b>손흥민</b>은 26일 자신의 인스타그램 스토리에 사진 한 장과 함께 “원형 탈모 아니에요. 걱정하지... ,https://biz.chosun.com/topics/topics_social/2026/05/26/S5KNMTTMEVGO5OHWGI2HU6VUXY/?utm_source=naver&utm_medium=original&utm_campaign=biz,naver_news,손흥민,canonical,1.0,2026-05-26T11:52:45.740012+00:00,0,0,0,0,,최근 경기 중계 화면을 계기로 온라인에서 ‘탈모’ 우려가 확산되자 한국 축구대표팀 주장 <b>손흥민</b>이 직접 진화에 나섰다. <b>손흥민</b>은 26일 자신의 인스타그램 스토리에 사진 한 장과 함께 “원형 탈모 아니에요. 걱정하지... ,"{""title"": ""‘탈모 우려’ 나온 <b>손흥민</b> “걱정하지 마세요”"", ""originallink"": ""https://biz.chosun.com/topics/topics_social/2026/05/26/S5KNMTTMEVGO5OHWGI2HU6VUXY/?utm_source=naver&utm_medium=original&utm_campaign=biz"", ""link"": ""https://n.news.naver.com/mnews/article/366/0001167084?sid=102"", ""description"": ""최근 경기 중계 화면을 계기로 온라인에서 ‘탈모’ 우려가 확산되자 한국 축구대표팀 주장 <b>손흥민</b>이 직접 진화에 나섰다. <b>손흥민</b>은 26일 자신의 인스타그램 스토리에 사진 한 장과 함께 “원형 탈모 아니에요. 걱정하지... "", ""pubDate"": ""Tue, 26 May 2026 11:13:00 +0900""}"
손흥민,single_term_fallback,손흥민,[MD포커스] 금리 경쟁 넘어 '팬덤 경쟁'…은행권 광고비 8000억 시대,https://n.news.naver.com/mnews/article/117/0004068082?sid=103,"Tue, 26 May 2026 11:13:00 +0900","하나은행은 <b>손흥민</b>·안유진·임영웅·강호동·지드래곤 등을 대거 기용 중이며, 우리은행은 장원영, 우리금융은 아이유를 내세우고 있다. NH농협은행도 기안84와 배우 박지훈 등을 신규 모델로 발탁했다. 은행권 광고... ",https://www.mydaily.co.kr/page/view/2026052610501611983,naver_news,손흥민,canonical,1.0,2026-05-26T11:52:45.740012+00:00,0,0,0,0,,"하나은행은 <b>손흥민</b>·안유진·임영웅·강호동·지드래곤 등을 대거 기용 중이며, 우리은행은 장원영, 우리금융은 아이유를 내세우고 있다. NH농협은행도 기안84와 배우 박지훈 등을 신규 모델로 발탁했다. 은행권 광고... ","{""title"": ""[MD포커스] 금리 경쟁 넘어 '팬덤 경쟁'…은행권 광고비 8000억 시대"", ""originallink"": ""https://www.mydaily.co.kr/page/view/2026052610501611983"", ""link"": ""https://n.news.naver.com/mnews/article/117/0004068082?sid=103"", ""description"": ""하나은행은 <b>손흥민</b>·안유진·임영웅·강호동·지드래곤 등을 대거 기용 중이며, 우리은행은 장원영, 우리금융은 아이유를 내세우고 있다. NH농협은행도 기안84와 배우 박지훈 등을 신규 모델로 발탁했다. 은행권 광고... "", ""pubDate"": ""Tue, 26 May 2026 11:13:00 +0900""}"
손흥민,single_term_fallback,손흥민,&quot;<b>손흥민</b> 원형탈모야?&quot; 뒷머리 사진에 깜짝…직접 밝힌 입장,https://m.sports.naver.com/kfootball/article/008/0005362683,"Tue, 26 May 2026 11:03:00 +0900",축구 국가대표 주장 <b>손흥민</b>이 '원형 탈모설'에 대해 직접 입장을 밝혔다. <b>손흥민</b>은 지난 25일 자신의 SNS(소셜미디어) 인스타그램에 &quot;원형 탈모 아니에요. 걱정 마세요. 스트레스 받을 일이 없는데&quot;라고 적었다. 이어... ,https://www.mt.co.kr/sports/2026/05/26/2026052610324026634,naver_news,손흥민,canonical,1.0,2026-05-26T11:52:45.740012+00:00,0,0,0,0,,축구 국가대표 주장 <b>손흥민</b>이 '원형 탈모설'에 대해 직접 입장을 밝혔다. <b>손흥민</b>은 지난 25일 자신의 SNS(소셜미디어) 인스타그램에 &quot;원형 탈모 아니에요. 걱정 마세요. 스트레스 받을 일이 없는데&quot;라고 적었다. 이어... ,"{""title"": ""&quot;<b>손흥민</b> 원형탈모야?&quot; 뒷머리 사진에 깜짝…직접 밝힌 입장"", ""originallink"": ""https://www.mt.co.kr/sports/2026/05/26/2026052610324026634"", ""link"": ""https://m.sports.naver.com/kfootball/article/008/0005362683"", ""description"": ""축구 국가대표 주장 <b>손흥민</b>이 '원형 탈모설'에 대해 직접 입장을 밝혔다. <b>손흥민</b>은 지난 25일 자신의 SNS(소셜미디어) 인스타그램에 &quot;원형 탈모 아니에요. 걱정 마세요. 스트레스 받을 일이 없는데&quot;라고 적었다. 이어... "", ""pubDate"": ""Tue, 26 May 2026 11:03:00 +0900""}"
손흥민,single_term_fallback,손흥민,"<b>손흥민</b>, 직접 해명 &quot;원형탈모 아냐… 스트레스 받을 일 없어&quot;",https://sports.hankooki.com/news/articleView.html?idxno=6933604,"Tue, 26 May 2026 10:58:00 +0900",리그 13경기 무득점으로 전반기를 마치며 월드컵 대표팀에 합류한 <b>손흥민</b>(LAFC)이 원형탈모가 아니라며 스트레스가 없다고 직접 밝혔다. ⓒ<b>손흥민</b>SNS <b>손흥민</b>은 26일(한국시간) 자신의 소셜미디어(SNS)에 밝게 웃는 사진과... ,https://sports.hankooki.com/news/articleView.html?idxno=6933604,naver_news,손흥민,canonical,1.0,2026-05-26T11:52:45.740012+00:00,0,0,0,0,,리그 13경기 무득점으로 전반기를 마치며 월드컵 대표팀에 합류한 <b>손흥민</b>(LAFC)이 원형탈모가 아니라며 스트레스가 없다고 직접 밝혔다. ⓒ<b>손흥민</b>SNS <b>손흥민</b>은 26일(한국시간) 자신의 소셜미디어(SNS)에 밝게 웃는 사진과... ,"{""title"": ""<b>손흥민</b>, 직접 해명 &quot;원형탈모 아냐… 스트레스 받을 일 없어&quot;"", ""originallink"": ""https://sports.hankooki.com/news/articleView.html?idxno=6933604"", ""link"": ""https://sports.hankooki.com/news/articleView.html?idxno=6933604"", ""description"": ""리그 13경기 무득점으로 전반기를 마치며 월드컵 대표팀에 합류한 <b>손흥민</b>(LAFC)이 원형탈모가 아니라며 스트레스가 없다고 직접 밝혔다. ⓒ<b>손흥민</b>SNS <b>손흥민</b>은 26일(한국시간) 자신의 소셜미디어(SNS)에 밝게 웃는 사진과... "", ""pubDate"": ""Tue, 26 May 2026 10:58:00 +0900""}"
손흥민,single_term_fallback,손흥민,'원형탈모설' <b>손흥민</b> &quot;스트레스 없어…걱정마세요&quot;,https://www.newspim.com/news/view/20260526000484,"Tue, 26 May 2026 10:51:00 +0900",한국 축구대표팀의 '캡틴' <b>손흥민</b>(LA FC)이 자신을 둘러싼 우려에 직접 답했다. <b>손흥민</b>은 26일(한국시간) 자신의 소셜미디어(SNS)를 통해 최근 제기된 원형탈모설을 정면으로 부인했다. 가벼운 미소와 함께 손가락으로 'V... ,https://www.newspim.com/news/view/20260526000484,naver_news,손흥민,canonical,1.0,2026-05-26T11:52:45.740012+00:00,0,0,0,0,,한국 축구대표팀의 '캡틴' <b>손흥민</b>(LA FC)이 자신을 둘러싼 우려에 직접 답했다. <b>손흥민</b>은 26일(한국시간) 자신의 소셜미디어(SNS)를 통해 최근 제기된 원형탈모설을 정면으로 부인했다. 가벼운 미소와 함께 손가락으로 'V... ,"{""title"": ""'원형탈모설' <b>손흥민</b> &quot;스트레스 없어…걱정마세요&quot;"", ""originallink"": ""https://www.newspim.com/news/view/20260526000484"", ""link"": ""https://www.newspim.com/news/view/20260526000484"", ""description"": ""한국 축구대표팀의 '캡틴' <b>손흥민</b>(LA FC)이 자신을 둘러싼 우려에 직접 답했다. <b>손흥민</b>은 26일(한국시간) 자신의 소셜미디어(SNS)를 통해 최근 제기된 원형탈모설을 정면으로 부인했다. 가벼운 미소와 함께 손가락으로 'V... "", ""pubDate"": ""Tue, 26 May 2026 10:51:00 +0900""}"
손흥민,single_term_fallback,손흥민,"'골'이 없으면 어떤가, '도움왕' <b>손흥민</b>이 오는데",https://www.newdaily.co.kr/site/data/html/2026/05/26/2026052600112.html,"Tue, 26 May 2026 10:50:00 +0900",뉴데일리 최용재 기자 = 미국 메이저리그사커(MLS) LA FC <b>손흥민</b>이 끝내 리그 득점 없이 2026 북중미 월드컵으로 간다. <b>손흥민</b>은 지난 25일 열린 2026시즌 MLS 15라운드 시애틀 사운더스와 경기에서 선발로 출전해 풀타임을... ,https://www.newdaily.co.kr/site/data/html/2026/05/26/2026052600112.html,naver_news,손흥민,canonical,1.0,2026-05-26T11:52:45.740012+00:00,0,0,0,0,,뉴데일리 최용재 기자 = 미국 메이저리그사커(MLS) LA FC <b>손흥민</b>이 끝내 리그 득점 없이 2026 북중미 월드컵으로 간다. <b>손흥민</b>은 지난 25일 열린 2026시즌 MLS 15라운드 시애틀 사운더스와 경기에서 선발로 출전해 풀타임을... ,"{""title"": ""'골'이 없으면 어떤가, '도움왕' <b>손흥민</b>이 오는데"", ""originallink"": ""https://www.newdaily.co.kr/site/data/html/2026/05/26/2026052600112.html"", ""link"": ""https://www.newdaily.co.kr/site/data/html/2026/05/26/2026052600112.html"", ""description"": ""뉴데일리 최용재 기자 = 미국 메이저리그사커(MLS) LA FC <b>손흥민</b>이 끝내 리그 득점 없이 2026 북중미 월드컵으로 간다. <b>손흥민</b>은 지난 25일 열린 2026시즌 MLS 15라운드 시애틀 사운더스와 경기에서 선발로 출전해 풀타임을... "", ""pubDate"": ""Tue, 26 May 2026 10:50:00 +0900""}"
손흥민,single_term_fallback,손흥민,"박용식, &quot;오현규 오버헤드킥 꼭 나온다&quot;…새 월드컵 스타 기대",https://www.topstarnews.net/news/articleView.html?idxno=16071431,"Tue, 26 May 2026 10:38:00 +0900","박용식은 &quot;<b>손흥민</b>을 비롯한 대한민국 대표팀 선수들이 정말 열심히 준비하고 있는 만큼 많은 응원과 관심 부탁드린다&quot;고 전했다. 대표팀의 준비 과정을 언급하며, 월드컵 무대에 나설 선수들에게 힘을 보태달라는... ",https://www.topstarnews.net/news/articleView.html?idxno=16071431,naver_news,손흥민,canonical,1.0,2026-05-26T11:52:45.740012+00:00,0,0,0,0,,"박용식은 &quot;<b>손흥민</b>을 비롯한 대한민국 대표팀 선수들이 정말 열심히 준비하고 있는 만큼 많은 응원과 관심 부탁드린다&quot;고 전했다. 대표팀의 준비 과정을 언급하며, 월드컵 무대에 나설 선수들에게 힘을 보태달라는... ","{""title"": ""박용식, &quot;오현규 오버헤드킥 꼭 나온다&quot;…새 월드컵 스타 기대"", ""originallink"": ""https://www.topstarnews.net/news/articleView.html?idxno=16071431"", ""link"": ""https://www.topstarnews.net/news/articleView.html?idxno=16071431"", ""description"": ""박용식은 &quot;<b>손흥민</b>을 비롯한 대한민국 대표팀 선수들이 정말 열심히 준비하고 있는 만큼 많은 응원과 관심 부탁드린다&quot;고 전했다. 대표팀의 준비 과정을 언급하며, 월드컵 무대에 나설 선수들에게 힘을 보태달라는... "", ""pubDate"": ""Tue, 26 May 2026 10:38:00 +0900""}"
손흥민,single_term_fallback,손흥민,<b>손흥민</b> &quot;원형 탈모 아니에요...걱정 마세요&quot;,https://m.sports.naver.com/kfootball/article/052/0002357840,"Tue, 26 May 2026 10:37:00 +0900",최근 리그 경기 중계 화면에 원형 탈모로 추정되는 모습이 포착된 축구대표팀 주장 <b>손흥민</b> 선수가 이와 관련된 입장을 직접 전했습니다. <b>손흥민</b>은 자신의 SNS에 밝게 웃는 사진과 함께 &quot;스트레스받을 일 없다&quot;며 &quot;원형... ,https://www.ytn.co.kr/_ln/0107_202605261037265025,naver_news,손흥민,canonical,1.0,2026-05-26T11:52:45.740012+00:00,0,0,0,0,,최근 리그 경기 중계 화면에 원형 탈모로 추정되는 모습이 포착된 축구대표팀 주장 <b>손흥민</b> 선수가 이와 관련된 입장을 직접 전했습니다. <b>손흥민</b>은 자신의 SNS에 밝게 웃는 사진과 함께 &quot;스트레스받을 일 없다&quot;며 &quot;원형... ,"{""title"": ""<b>손흥민</b> &quot;원형 탈모 아니에요...걱정 마세요&quot;"", ""originallink"": ""https://www.ytn.co.kr/_ln/0107_202605261037265025"", ""link"": ""https://m.sports.naver.com/kfootball/article/052/0002357840"", ""description"": ""최근 리그 경기 중계 화면에 원형 탈모로 추정되는 모습이 포착된 축구대표팀 주장 <b>손흥민</b> 선수가 이와 관련된 입장을 직접 전했습니다. <b>손흥민</b>은 자신의 SNS에 밝게 웃는 사진과 함께 &quot;스트레스받을 일 없다&quot;며 &quot;원형... "", ""pubDate"": ""Tue, 26 May 2026 10:37:00 +0900""}"
손흥민,single_term_fallback,손흥민,"<b>손흥민</b>, 직접 해명 &quot;원형 탈모 아니니 안심하세요&quot;",https://www.jnilbo.com/news/articleView.html?idxno=90000037438,"Tue, 26 May 2026 10:34:00 +0900",최근 경기 중계 화면에 원형 탈모로 추정되는 모습이 포착돼 우려를 샀던 한국 축구대표팀 '주장' <b>손흥민</b>(LAFC)이 직접 입장을 밝히며 팬들을 안심시켰다. <b>손흥민</b>은 26일(한국시간) 자신의 소셜미디어(SNS)에 밝게 웃는... ,https://www.jnilbo.com/news/articleView.html?idxno=90000037438,naver_news,손흥민,canonical,1.0,2026-05-26T11:52:45.740012+00:00,0,0,0,0,,최근 경기 중계 화면에 원형 탈모로 추정되는 모습이 포착돼 우려를 샀던 한국 축구대표팀 '주장' <b>손흥민</b>(LAFC)이 직접 입장을 밝히며 팬들을 안심시켰다. <b>손흥민</b>은 26일(한국시간) 자신의 소셜미디어(SNS)에 밝게 웃는... ,"{""title"": ""<b>손흥민</b>, 직접 해명 &quot;원형 탈모 아니니 안심하세요&quot;"", ""originallink"": ""https://www.jnilbo.com/news/articleView.html?idxno=90000037438"", ""link"": ""https://www.jnilbo.com/news/articleView.html?idxno=90000037438"", ""description"": ""최근 경기 중계 화면에 원형 탈모로 추정되는 모습이 포착돼 우려를 샀던 한국 축구대표팀 '주장' <b>손흥민</b>(LAFC)이 직접 입장을 밝히며 팬들을 안심시켰다. <b>손흥민</b>은 26일(한국시간) 자신의 소셜미디어(SNS)에 밝게 웃는... "", ""pubDate"": ""Tue, 26 May 2026 10:34:00 +0900""}"
손흥민,single_term_fallback,손흥민,"<b>손흥민</b>, 원형 탈모 우려에 &quot;걱정마세요&quot;",https://m.sports.naver.com/kfootball/article/469/0000932657,"Tue, 26 May 2026 10:33:00 +0900",월드컵 4회 연속 출전에 빛나는 <b>손흥민</b>(34·LAFC)이 '원형 탈모' 우려에 대해 &quot;걱정말라&quot;며 안심시켰다. <b>손흥민</b>은 26일(한국시간) 자신의 사회관계망서비스(SNS)를 통해 밝게 웃는 사진과 함께 &quot;원형 탈모 아니에요.... ,https://www.hankookilbo.com/news/article/A2026052518290004498?did=NA,naver_news,손흥민,canonical,1.0,2026-05-26T11:52:45.740012+00:00,0,0,0,0,,월드컵 4회 연속 출전에 빛나는 <b>손흥민</b>(34·LAFC)이 '원형 탈모' 우려에 대해 &quot;걱정말라&quot;며 안심시켰다. <b>손흥민</b>은 26일(한국시간) 자신의 사회관계망서비스(SNS)를 통해 밝게 웃는 사진과 함께 &quot;원형 탈모 아니에요.... ,"{""title"": ""<b>손흥민</b>, 원형 탈모 우려에 &quot;걱정마세요&quot;"", ""originallink"": ""https://www.hankookilbo.com/news/article/A2026052518290004498?did=NA"", ""link"": ""https://m.sports.naver.com/kfootball/article/469/0000932657"", ""description"": ""월드컵 4회 연속 출전에 빛나는 <b>손흥민</b>(34·LAFC)이 '원형 탈모' 우려에 대해 &quot;걱정말라&quot;며 안심시켰다. <b>손흥민</b>은 26일(한국시간) 자신의 사회관계망서비스(SNS)를 통해 밝게 웃는 사진과 함께 &quot;원형 탈모 아니에요.... "", ""pubDate"": ""Tue, 26 May 2026 10:33:00 +0900""}"
손흥민,single_term_fallback,손흥민,"‘원형탈모설’ <b>손흥민</b>, SNS서 직접 부인 “걱정마세요”",https://m.sports.naver.com/kfootball/article/021/0002793486,"Tue, 26 May 2026 10:27:00 +0900",축구 국가대표 <b>손흥민</b>은 26일(한국시간) 자신의 인스타그램을 통해 최근 제기됐던 원형탈모설을 직접 부인했다. <b>손흥민</b> 인스타그램 캡처 한국 축구대표팀의 주장 <b>손흥민</b>(LA FC)이 직접 자신의 탈모설을 부인했다.... ,https://www.munhwa.com/article/11591225?ref=naver,naver_news,손흥민,canonical,1.0,2026-05-26T11:52:45.740012+00:00,0,0,0,0,,축구 국가대표 <b>손흥민</b>은 26일(한국시간) 자신의 인스타그램을 통해 최근 제기됐던 원형탈모설을 직접 부인했다. <b>손흥민</b> 인스타그램 캡처 한국 축구대표팀의 주장 <b>손흥민</b>(LA FC)이 직접 자신의 탈모설을 부인했다.... ,"{""title"": ""‘원형탈모설’ <b>손흥민</b>, SNS서 직접 부인 “걱정마세요”"", ""originallink"": ""https://www.munhwa.com/article/11591225?ref=naver"", ""link"": ""https://m.sports.naver.com/kfootball/article/021/0002793486"", ""description"": ""축구 국가대표 <b>손흥민</b>은 26일(한국시간) 자신의 인스타그램을 통해 최근 제기됐던 원형탈모설을 직접 부인했다. <b>손흥민</b> 인스타그램 캡처 한국 축구대표팀의 주장 <b>손흥민</b>(LA FC)이 직접 자신의 탈모설을 부인했다.... "", ""pubDate"": ""Tue, 26 May 2026 10:27:00 +0900""}"
손흥민,single_term_fallback,손흥민,<b>손흥민</b>에게 무슨 일이! &quot;스트레스 받을 일 없어요&quot;…원형 탈모 직접 해...,https://m.sports.naver.com/kfootball/article/477/0000610423,"Tue, 26 May 2026 10:27:00 +0900","<b>손흥민</b>(34, 로스앤젤레스FC)이 중계화면 하나로 시작된 탈모설을 직접 진화했다. <b>손흥민</b>은 지난 25일 미국 로스앤젤레스 BMO 스타디움에서 열린 시애틀 사운더스와의 2026 메이저리그사커(MLS) 15라운드 홈경기에 선발... ",https://www.spotvnews.co.kr/news/articleView.html?idxno=818851,naver_news,손흥민,canonical,1.0,2026-05-26T11:52:45.740012+00:00,0,0,0,0,,"<b>손흥민</b>(34, 로스앤젤레스FC)이 중계화면 하나로 시작된 탈모설을 직접 진화했다. <b>손흥민</b>은 지난 25일 미국 로스앤젤레스 BMO 스타디움에서 열린 시애틀 사운더스와의 2026 메이저리그사커(MLS) 15라운드 홈경기에 선발... ","{""title"": ""<b>손흥민</b>에게 무슨 일이! &quot;스트레스 받을 일 없어요&quot;…원형 탈모 직접 해..."", ""originallink"": ""https://www.spotvnews.co.kr/news/articleView.html?idxno=818851"", ""link"": ""https://m.sports.naver.com/kfootball/article/477/0000610423"", ""description"": ""<b>손흥민</b>(34, 로스앤젤레스FC)이 중계화면 하나로 시작된 탈모설을 직접 진화했다. <b>손흥민</b>은 지난 25일 미국 로스앤젤레스 BMO 스타디움에서 열린 시애틀 사운더스와의 2026 메이저리그사커(MLS) 15라운드 홈경기에 선발... "", ""pubDate"": ""Tue, 26 May 2026 10:27:00 +0900""}"
손흥민,single_term_fallback,손흥민,"'축구는 혼자가 아니다' 골 마른 캡틴의 다짐...<b>손흥민</b>, LAFC 홈경기 마치...",https://m.sports.naver.com/kfootball/article/425/0000191420,"Tue, 26 May 2026 10:24:00 +0900",4번째 월드컵 도전에 나서는 '캡틴' <b>손흥민</b>(LAFC)이다. <b>손흥민</b>은 26일(한국시간) 미국 유타주 솔트레이크시티의 홍명보호 사전캠프로 이동한다. 전날 소속팀 로스앤젤레스FC에서 홈 경기를 치른 직후의 합류다. <b>손흥민</b>은... ,http://www.maniareport.com/view.php?ud=202605261011496416cf2d78c68_19,naver_news,손흥민,canonical,1.0,2026-05-26T11:52:45.740012+00:00,0,0,0,0,,4번째 월드컵 도전에 나서는 '캡틴' <b>손흥민</b>(LAFC)이다. <b>손흥민</b>은 26일(한국시간) 미국 유타주 솔트레이크시티의 홍명보호 사전캠프로 이동한다. 전날 소속팀 로스앤젤레스FC에서 홈 경기를 치른 직후의 합류다. <b>손흥민</b>은... ,"{""title"": ""'축구는 혼자가 아니다' 골 마른 캡틴의 다짐...<b>손흥민</b>, LAFC 홈경기 마치..."", ""originallink"": ""http://www.maniareport.com/view.php?ud=202605261011496416cf2d78c68_19"", ""link"": ""https://m.sports.naver.com/kfootball/article/425/0000191420"", ""description"": ""4번째 월드컵 도전에 나서는 '캡틴' <b>손흥민</b>(LAFC)이다. <b>손흥민</b>은 26일(한국시간) 미국 유타주 솔트레이크시티의 홍명보호 사전캠프로 이동한다. 전날 소속팀 로스앤젤레스FC에서 홈 경기를 치른 직후의 합류다. <b>손흥민</b>은... "", ""pubDate"": ""Tue, 26 May 2026 10:24:00 +0900""}"
손흥민,single_term_fallback,손흥민,"홍명보호 핵심 스트라이커 오현규, 사전 캠프 첫 훈련 소화",https://m.sports.naver.com/kfootball/article/055/0001359085,"Tue, 26 May 2026 10:23:00 +0900",당시 26명의 최종 명단에는 들지 못했으나 파울루 벤투 당시 대표팀 감독은 안면 골절 부상을 당한 <b>손흥민</b>의 상태 등을 고려해 오현규를 등번호 없는 '27번째 태극전사'로 카타르에 데려갔습니다. 결국 한 경기도 뛰지... ,https://news.sbs.co.kr/news/endPage.do?news_id=N1008578601&plink=ORI&cooper=NAVER,naver_news,손흥민,canonical,1.0,2026-05-26T11:52:45.740012+00:00,0,0,0,0,,당시 26명의 최종 명단에는 들지 못했으나 파울루 벤투 당시 대표팀 감독은 안면 골절 부상을 당한 <b>손흥민</b>의 상태 등을 고려해 오현규를 등번호 없는 '27번째 태극전사'로 카타르에 데려갔습니다. 결국 한 경기도 뛰지... ,"{""title"": ""홍명보호 핵심 스트라이커 오현규, 사전 캠프 첫 훈련 소화"", ""originallink"": ""https://news.sbs.co.kr/news/endPage.do?news_id=N1008578601&plink=ORI&cooper=NAVER"", ""link"": ""https://m.sports.naver.com/kfootball/article/055/0001359085"", ""description"": ""당시 26명의 최종 명단에는 들지 못했으나 파울루 벤투 당시 대표팀 감독은 안면 골절 부상을 당한 <b>손흥민</b>의 상태 등을 고려해 오현규를 등번호 없는 '27번째 태극전사'로 카타르에 데려갔습니다. 결국 한 경기도 뛰지... "", ""pubDate"": ""Tue, 26 May 2026 10:23:00 +0900""}"
손흥민,single_term_fallback,손흥민,"월드컵 앞둔 <b>손흥민</b>, 원형 탈모 논란에 직접 해명…&quot;스트레스 받을 일 ...",http://www.stoo.com/article.php?aid=106842560891,"Tue, 26 May 2026 10:20:00 +0900","'라스트 댄스'를 준비하고 있는 <b>손흥민</b>(LAFC)이 원형 탈모 논란을 일축시켰다. 손흥밍느 26일(한국시각) 자신의 SNS에 &quot;원형 탈모 아니예요, 걱정하지 마세요&quot;라는 글과 함께 밝게 웃는 사진 게재했다. 이어 <b>손흥민</b>은... ",http://www.stoo.com/article.php?aid=106842560891,naver_news,손흥민,canonical,1.0,2026-05-26T11:52:45.740012+00:00,0,0,0,0,,"'라스트 댄스'를 준비하고 있는 <b>손흥민</b>(LAFC)이 원형 탈모 논란을 일축시켰다. 손흥밍느 26일(한국시각) 자신의 SNS에 &quot;원형 탈모 아니예요, 걱정하지 마세요&quot;라는 글과 함께 밝게 웃는 사진 게재했다. 이어 <b>손흥민</b>은... ","{""title"": ""월드컵 앞둔 <b>손흥민</b>, 원형 탈모 논란에 직접 해명…&quot;스트레스 받을 일 ..."", ""originallink"": ""http://www.stoo.com/article.php?aid=106842560891"", ""link"": ""http://www.stoo.com/article.php?aid=106842560891"", ""description"": ""'라스트 댄스'를 준비하고 있는 <b>손흥민</b>(LAFC)이 원형 탈모 논란을 일축시켰다. 손흥밍느 26일(한국시각) 자신의 SNS에 &quot;원형 탈모 아니예요, 걱정하지 마세요&quot;라는 글과 함께 밝게 웃는 사진 게재했다. 이어 <b>손흥민</b>은... "", ""pubDate"": ""Tue, 26 May 2026 10:20:00 +0900""}"
손흥민,single_term_fallback,손흥민,"<b>손흥민</b>, 원형 탈모 의혹 직접 해명 “스트레스 받을 일 없어..월드컵 때...",https://m.entertain.naver.com/article/112/0003796734,"Tue, 26 May 2026 10:18:00 +0900",<b>손흥민</b> SNS <b>손흥민</b>이 원형 탈모 의혹을 직접 해명했다. 25일 <b>손흥민</b>은 자신의 SNS 채널 스토리를 통해 “원형 탈모 아니에요. 걱정하지 마세요”라고 적었다. 이어 “스트레스받을 일이 없는데… 월드컵 때 뵈어요”라는... ,https://www.heraldmuse.com/article/10755822?ref=naver,naver_news,손흥민,canonical,1.0,2026-05-26T11:52:45.740012+00:00,0,0,0,0,,<b>손흥민</b> SNS <b>손흥민</b>이 원형 탈모 의혹을 직접 해명했다. 25일 <b>손흥민</b>은 자신의 SNS 채널 스토리를 통해 “원형 탈모 아니에요. 걱정하지 마세요”라고 적었다. 이어 “스트레스받을 일이 없는데… 월드컵 때 뵈어요”라는... ,"{""title"": ""<b>손흥민</b>, 원형 탈모 의혹 직접 해명 “스트레스 받을 일 없어..월드컵 때..."", ""originallink"": ""https://www.heraldmuse.com/article/10755822?ref=naver"", ""link"": ""https://m.entertain.naver.com/article/112/0003796734"", ""description"": ""<b>손흥민</b> SNS <b>손흥민</b>이 원형 탈모 의혹을 직접 해명했다. 25일 <b>손흥민</b>은 자신의 SNS 채널 스토리를 통해 “원형 탈모 아니에요. 걱정하지 마세요”라고 적었다. 이어 “스트레스받을 일이 없는데… 월드컵 때 뵈어요”라는... "", ""pubDate"": ""Tue, 26 May 2026 10:18:00 +0900""}"
손흥민,single_term_fallback,손흥민,"깜짝 런던 복귀에도 '싸늘'...'<b>손흥민</b> 완장' 물려받은 로메로, 방출 명단...",https://m.sports.naver.com/wfootball/article/076/0004408940,"Tue, 26 May 2026 10:16:00 +0900","로메로는 올 시즌 토마스 프랭크 감독 부임 후 <b>손흥민</b>이 떠나며, 새로운 팀의 리더로 낙점됐다. 지난 2021년 토트넘으로 이적한 로메로는 합류 이후 줄곧 토트넘 주전으로 활약했다. 기량에는 의심이 없었다. 리더십까지... ",https://www.sportschosun.com/football/2026-05-26/202605260100150700010129,naver_news,손흥민,canonical,1.0,2026-05-26T11:52:45.740012+00:00,0,0,0,0,,"로메로는 올 시즌 토마스 프랭크 감독 부임 후 <b>손흥민</b>이 떠나며, 새로운 팀의 리더로 낙점됐다. 지난 2021년 토트넘으로 이적한 로메로는 합류 이후 줄곧 토트넘 주전으로 활약했다. 기량에는 의심이 없었다. 리더십까지... ","{""title"": ""깜짝 런던 복귀에도 '싸늘'...'<b>손흥민</b> 완장' 물려받은 로메로, 방출 명단..."", ""originallink"": ""https://www.sportschosun.com/football/2026-05-26/202605260100150700010129"", ""link"": ""https://m.sports.naver.com/wfootball/article/076/0004408940"", ""description"": ""로메로는 올 시즌 토마스 프랭크 감독 부임 후 <b>손흥민</b>이 떠나며, 새로운 팀의 리더로 낙점됐다. 지난 2021년 토트넘으로 이적한 로메로는 합류 이후 줄곧 토트넘 주전으로 활약했다. 기량에는 의심이 없었다. 리더십까지... "", ""pubDate"": ""Tue, 26 May 2026 10:16:00 +0900""}"
손흥민,single_term_fallback,손흥민,<b>손흥민</b> &quot;원형 탈모 아니에요&quot;…SNS로 팬들 걱정 직접 진화,https://m.sports.naver.com/kfootball/article/654/0000182397,"Tue, 26 May 2026 10:16:00 +0900",경기 중계 화면에서 원형 탈모처럼 보이는 장면이 잡히며 팬들의 걱정을 샀던 한국 축구대표팀 주장 <b>손흥민</b>(LAFC)이 직접 해명에 나섰다. <b>손흥민</b>은 26일(한국시간) 자신의 SNS에 환하게 웃는 사진을 올리고 &quot;원형 탈모... ,https://www.kado.net/news/articleView.html?idxno=2052208,naver_news,손흥민,canonical,1.0,2026-05-26T11:52:45.740012+00:00,0,0,0,0,,경기 중계 화면에서 원형 탈모처럼 보이는 장면이 잡히며 팬들의 걱정을 샀던 한국 축구대표팀 주장 <b>손흥민</b>(LAFC)이 직접 해명에 나섰다. <b>손흥민</b>은 26일(한국시간) 자신의 SNS에 환하게 웃는 사진을 올리고 &quot;원형 탈모... ,"{""title"": ""<b>손흥민</b> &quot;원형 탈모 아니에요&quot;…SNS로 팬들 걱정 직접 진화"", ""originallink"": ""https://www.kado.net/news/articleView.html?idxno=2052208"", ""link"": ""https://m.sports.naver.com/kfootball/article/654/0000182397"", ""description"": ""경기 중계 화면에서 원형 탈모처럼 보이는 장면이 잡히며 팬들의 걱정을 샀던 한국 축구대표팀 주장 <b>손흥민</b>(LAFC)이 직접 해명에 나섰다. <b>손흥민</b>은 26일(한국시간) 자신의 SNS에 환하게 웃는 사진을 올리고 &quot;원형 탈모... "", ""pubDate"": ""Tue, 26 May 2026 10:16:00 +0900""}"
손흥민,single_term_fallback,손흥민,‘부상 문제없다’ 오현규 ‘꿀벅지’ 드러내며 별도 훈련…“하의 올...,https://m.sports.naver.com/kfootball/article/468/0001242489,"Tue, 26 May 2026 10:16:00 +0900","이날 오후 조규성(미트윌란) <b>손흥민</b>(LAFC) 황희찬(울버햄턴) 박진섭(저장)이 가세하는 가운데 현지시간으로 김민재(바이에른 뮌헨)가 27일, 이강인(파리 생제르맹)이 유럽 챔피언스리그 결승전을 치른 뒤 1일 각각 합류할... ",https://www.sportsseoul.com/news/read/1611271?ref=naver,naver_news,손흥민,canonical,1.0,2026-05-26T11:52:45.740012+00:00,0,0,0,0,,"이날 오후 조규성(미트윌란) <b>손흥민</b>(LAFC) 황희찬(울버햄턴) 박진섭(저장)이 가세하는 가운데 현지시간으로 김민재(바이에른 뮌헨)가 27일, 이강인(파리 생제르맹)이 유럽 챔피언스리그 결승전을 치른 뒤 1일 각각 합류할... ","{""title"": ""‘부상 문제없다’ 오현규 ‘꿀벅지’ 드러내며 별도 훈련…“하의 올..."", ""originallink"": ""https://www.sportsseoul.com/news/read/1611271?ref=naver"", ""link"": ""https://m.sports.naver.com/kfootball/article/468/0001242489"", ""description"": ""이날 오후 조규성(미트윌란) <b>손흥민</b>(LAFC) 황희찬(울버햄턴) 박진섭(저장)이 가세하는 가운데 현지시간으로 김민재(바이에른 뮌헨)가 27일, 이강인(파리 생제르맹)이 유럽 챔피언스리그 결승전을 치른 뒤 1일 각각 합류할... "", ""pubDate"": ""Tue, 26 May 2026 10:16:00 +0900""}"
손흥민,single_term_fallback,손흥민,<b>손흥민</b> ‘원형 탈모’ 논란에…“걱정마세요” 직접 올린 사진 한장,https://n.news.naver.com/mnews/article/025/0003525746?sid=104,"Tue, 26 May 2026 10:10:00 +0900",최근 경기 중계 화면에 원형 탈모로 추정되는 모습이 포착된 한국 축구대표팀 주장 <b>손흥민</b>(LAFC)이 직접 입장을 밝히며 팬들을 안심시켰다. <b>손흥민</b>은 26일 자신의 인스타그램 스토리에 손가락으로 V(브이) 포즈를 취한... ,https://www.joongang.co.kr/article/25431254,naver_news,손흥민,canonical,1.0,2026-05-26T11:52:45.740012+00:00,0,0,0,0,,최근 경기 중계 화면에 원형 탈모로 추정되는 모습이 포착된 한국 축구대표팀 주장 <b>손흥민</b>(LAFC)이 직접 입장을 밝히며 팬들을 안심시켰다. <b>손흥민</b>은 26일 자신의 인스타그램 스토리에 손가락으로 V(브이) 포즈를 취한... ,"{""title"": ""<b>손흥민</b> ‘원형 탈모’ 논란에…“걱정마세요” 직접 올린 사진 한장"", ""originallink"": ""https://www.joongang.co.kr/article/25431254"", ""link"": ""https://n.news.naver.com/mnews/article/025/0003525746?sid=104"", ""description"": ""최근 경기 중계 화면에 원형 탈모로 추정되는 모습이 포착된 한국 축구대표팀 주장 <b>손흥민</b>(LAFC)이 직접 입장을 밝히며 팬들을 안심시켰다. <b>손흥민</b>은 26일 자신의 인스타그램 스토리에 손가락으로 V(브이) 포즈를 취한... "", ""pubDate"": ""Tue, 26 May 2026 10:10:00 +0900""}"
손흥민,single_term_fallback,손흥민,<b>손흥민</b> “원형 탈모? 아닙니다” 풍성한 머리결 공개,https://m.sports.naver.com/kfootball/article/144/0001117318,"Tue, 26 May 2026 10:08:00 +0900",한국 남자축구대표팀 주장 <b>손흥민</b>(34·LAFC)이 최근 불거진 원형 탈모 추정 논란에 대해 직접 입장을 밝히며 팬들을 안심시켰다. <b>손흥민</b>은 26일 자신의 사회관계망서비스(SNS)에 웃는 사진과 함께 “원형 탈모 아니에요.... ,https://sports.khan.co.kr/article/202605261007003?pt=nv,naver_news,손흥민,canonical,1.0,2026-05-26T11:52:45.740012+00:00,0,0,0,0,,한국 남자축구대표팀 주장 <b>손흥민</b>(34·LAFC)이 최근 불거진 원형 탈모 추정 논란에 대해 직접 입장을 밝히며 팬들을 안심시켰다. <b>손흥민</b>은 26일 자신의 사회관계망서비스(SNS)에 웃는 사진과 함께 “원형 탈모 아니에요.... ,"{""title"": ""<b>손흥민</b> “원형 탈모? 아닙니다” 풍성한 머리결 공개"", ""originallink"": ""https://sports.khan.co.kr/article/202605261007003?pt=nv"", ""link"": ""https://m.sports.naver.com/kfootball/article/144/0001117318"", ""description"": ""한국 남자축구대표팀 주장 <b>손흥민</b>(34·LAFC)이 최근 불거진 원형 탈모 추정 논란에 대해 직접 입장을 밝히며 팬들을 안심시켰다. <b>손흥민</b>은 26일 자신의 사회관계망서비스(SNS)에 웃는 사진과 함께 “원형 탈모 아니에요.... "", ""pubDate"": ""Tue, 26 May 2026 10:08:00 +0900""}"
손흥민,single_term_fallback,손흥민,"&quot;원형 탈모 아닙니다&quot;…<b>손흥민</b>, 직접 입 열었다",https://n.news.naver.com/mnews/article/215/0001253293?sid=103,"Tue, 26 May 2026 10:06:00 +0900",한국 축구대표팀 주장인 <b>손흥민</b>(LAFC)이 일각에서 불거진 원형 탈모 우려에 대해 직접 해명하며 팬들을 안심시켰다. <b>손흥민</b>은 26일(한국시간) 자신의 소셜미디어(SNS) 인스타그램에 밝게 웃는 사진과 함께 &quot;원형 탈모... ,http://www.wowtv.co.kr/NewsCenter/News/Read?articleId=A202605260146&t=NN,naver_news,손흥민,canonical,1.0,2026-05-26T11:52:45.740012+00:00,0,0,0,0,,한국 축구대표팀 주장인 <b>손흥민</b>(LAFC)이 일각에서 불거진 원형 탈모 우려에 대해 직접 해명하며 팬들을 안심시켰다. <b>손흥민</b>은 26일(한국시간) 자신의 소셜미디어(SNS) 인스타그램에 밝게 웃는 사진과 함께 &quot;원형 탈모... ,"{""title"": ""&quot;원형 탈모 아닙니다&quot;…<b>손흥민</b>, 직접 입 열었다"", ""originallink"": ""http://www.wowtv.co.kr/NewsCenter/News/Read?articleId=A202605260146&t=NN"", ""link"": ""https://n.news.naver.com/mnews/article/215/0001253293?sid=103"", ""description"": ""한국 축구대표팀 주장인 <b>손흥민</b>(LAFC)이 일각에서 불거진 원형 탈모 우려에 대해 직접 해명하며 팬들을 안심시켰다. <b>손흥민</b>은 26일(한국시간) 자신의 소셜미디어(SNS) 인스타그램에 밝게 웃는 사진과 함께 &quot;원형 탈모... "", ""pubDate"": ""Tue, 26 May 2026 10:06:00 +0900""}"
손흥민,single_term_fallback,손흥민,<b>손흥민</b> &quot;원형 탈모 아니에요&quot;…논란에 직접 해명,https://n.news.naver.com/mnews/article/055/0001359079?sid=103,"Tue, 26 May 2026 10:02:00 +0900",▲ <b>손흥민</b> <b>손흥민</b>이 최근 원형 탈모 의혹과 관련해 직접 입장을 밝히며 팬들을 안심시켰습니다. <b>손흥민</b>은 오늘(26일) 자신의 SNS에 밝게 웃는 사진과 함께 원형 탈모가 아니니 걱정하지 말아 달라는 글을 올렸습니다. 이어... ,https://news.sbs.co.kr/news/endPage.do?news_id=N1008578560&plink=ORI&cooper=NAVER,naver_news,손흥민,canonical,1.0,2026-05-26T11:52:45.740012+00:00,0,0,0,0,,▲ <b>손흥민</b> <b>손흥민</b>이 최근 원형 탈모 의혹과 관련해 직접 입장을 밝히며 팬들을 안심시켰습니다. <b>손흥민</b>은 오늘(26일) 자신의 SNS에 밝게 웃는 사진과 함께 원형 탈모가 아니니 걱정하지 말아 달라는 글을 올렸습니다. 이어... ,"{""title"": ""<b>손흥민</b> &quot;원형 탈모 아니에요&quot;…논란에 직접 해명"", ""originallink"": ""https://news.sbs.co.kr/news/endPage.do?news_id=N1008578560&plink=ORI&cooper=NAVER"", ""link"": ""https://n.news.naver.com/mnews/article/055/0001359079?sid=103"", ""description"": ""▲ <b>손흥민</b> <b>손흥민</b>이 최근 원형 탈모 의혹과 관련해 직접 입장을 밝히며 팬들을 안심시켰습니다. <b>손흥민</b>은 오늘(26일) 자신의 SNS에 밝게 웃는 사진과 함께 원형 탈모가 아니니 걱정하지 말아 달라는 글을 올렸습니다. 이어... "", ""pubDate"": ""Tue, 26 May 2026 10:02:00 +0900""}"
손흥민,single_term_fallback,손흥민,'<b>손흥민</b> 있는데' 공격진 불만족? 감독 황당 망언 &quot;LAFC에는 타깃 스트라...,https://m.sports.naver.com/wfootball/article/108/0003438538,"Tue, 26 May 2026 10:01:00 +0900",더불어 <b>손흥민</b>(34)과 데니스 부앙가(32)로 이뤄진 초호화 공격진에는 다소 아쉬운듯한 발언까지 내뱉었다.... 이날 선발 출전해 풀타임을 소화한 <b>손흥민</b>은 전반에만 5개의 슈팅을 몰아치는 등 후반전까지 총 7개의 슈팅을... ,https://www.starnewskorea.com/sports/2026/05/26/2026052608541566061,naver_news,손흥민,canonical,1.0,2026-05-26T11:52:45.740012+00:00,0,0,0,0,,더불어 <b>손흥민</b>(34)과 데니스 부앙가(32)로 이뤄진 초호화 공격진에는 다소 아쉬운듯한 발언까지 내뱉었다.... 이날 선발 출전해 풀타임을 소화한 <b>손흥민</b>은 전반에만 5개의 슈팅을 몰아치는 등 후반전까지 총 7개의 슈팅을... ,"{""title"": ""'<b>손흥민</b> 있는데' 공격진 불만족? 감독 황당 망언 &quot;LAFC에는 타깃 스트라..."", ""originallink"": ""https://www.starnewskorea.com/sports/2026/05/26/2026052608541566061"", ""link"": ""https://m.sports.naver.com/wfootball/article/108/0003438538"", ""description"": ""더불어 <b>손흥민</b>(34)과 데니스 부앙가(32)로 이뤄진 초호화 공격진에는 다소 아쉬운듯한 발언까지 내뱉었다.... 이날 선발 출전해 풀타임을 소화한 <b>손흥민</b>은 전반에만 5개의 슈팅을 몰아치는 등 후반전까지 총 7개의 슈팅을... "", ""pubDate"": ""Tue, 26 May 2026 10:01:00 +0900""}"
손흥민,single_term_fallback,손흥민,<b>손흥민</b> &quot;원형 탈모 아냐…스트레스 없으니 걱정하지 말라&quot;,https://m.sports.naver.com/kfootball/article/448/0000614372,"Tue, 26 May 2026 10:00:00 +0900",최근 경기 중계 화면에 원형 탈모로 추정되는 모습이 포착돼 우려를 샀던 한국 축구대표팀의 '주장' <b>손흥민</b>... 화면에 <b>손흥민</b>의 뒷머리 일부가 빠진 듯한 모습이 포착됐다. <b>손흥민</b>은 올 시즌 리그 전반기 13경기에서 득점... ,https://news.tvchosun.com/site/data/html_dir/2026/05/26/2026052690108.html,naver_news,손흥민,canonical,1.0,2026-05-26T11:52:45.740012+00:00,0,0,0,0,,최근 경기 중계 화면에 원형 탈모로 추정되는 모습이 포착돼 우려를 샀던 한국 축구대표팀의 '주장' <b>손흥민</b>... 화면에 <b>손흥민</b>의 뒷머리 일부가 빠진 듯한 모습이 포착됐다. <b>손흥민</b>은 올 시즌 리그 전반기 13경기에서 득점... ,"{""title"": ""<b>손흥민</b> &quot;원형 탈모 아냐…스트레스 없으니 걱정하지 말라&quot;"", ""originallink"": ""https://news.tvchosun.com/site/data/html_dir/2026/05/26/2026052690108.html"", ""link"": ""https://m.sports.naver.com/kfootball/article/448/0000614372"", ""description"": ""최근 경기 중계 화면에 원형 탈모로 추정되는 모습이 포착돼 우려를 샀던 한국 축구대표팀의 '주장' <b>손흥민</b>... 화면에 <b>손흥민</b>의 뒷머리 일부가 빠진 듯한 모습이 포착됐다. <b>손흥민</b>은 올 시즌 리그 전반기 13경기에서 득점... "", ""pubDate"": ""Tue, 26 May 2026 10:00:00 +0900""}"
손흥민,single_term_fallback,손흥민,"<b>손흥민</b>, 리그 무득점 속 홍명보호 합류… 되살려야 할 ‘골 감각’",https://m.sports.naver.com/kfootball/article/396/0000745223,"Tue, 26 May 2026 09:55:00 +0900","LAFC <b>손흥민</b>이 지난 25일 미국 로스앤젤레스 BMO 스타디움에서 끝난 시애틀과의 MLS 15라운드 홈 경기에서 드리블을 하고 있다. 사진=LAFC SNS 캡처 <b>손흥민</b>. 사진=뉴시스 <b>손흥민</b>(LAFC)의 월드컵 사전 캠프의 미션, ‘골 감각’... ",https://www.sportsworldi.com/newsView/20260526504104,naver_news,손흥민,canonical,1.0,2026-05-26T11:52:45.740012+00:00,0,0,0,0,,"LAFC <b>손흥민</b>이 지난 25일 미국 로스앤젤레스 BMO 스타디움에서 끝난 시애틀과의 MLS 15라운드 홈 경기에서 드리블을 하고 있다. 사진=LAFC SNS 캡처 <b>손흥민</b>. 사진=뉴시스 <b>손흥민</b>(LAFC)의 월드컵 사전 캠프의 미션, ‘골 감각’... ","{""title"": ""<b>손흥민</b>, 리그 무득점 속 홍명보호 합류… 되살려야 할 ‘골 감각’"", ""originallink"": ""https://www.sportsworldi.com/newsView/20260526504104"", ""link"": ""https://m.sports.naver.com/kfootball/article/396/0000745223"", ""description"": ""LAFC <b>손흥민</b>이 지난 25일 미국 로스앤젤레스 BMO 스타디움에서 끝난 시애틀과의 MLS 15라운드 홈 경기에서 드리블을 하고 있다. 사진=LAFC SNS 캡처 <b>손흥민</b>. 사진=뉴시스 <b>손흥민</b>(LAFC)의 월드컵 사전 캠프의 미션, ‘골 감각’... "", ""pubDate"": ""Tue, 26 May 2026 09:55:00 +0900""}"
손흥민,single_term_fallback,손흥민,"&quot;원형 탈모 아니다&quot;…<b>손흥민</b>, SNS로 팬 우려 차단",https://www.topstarnews.net/news/articleView.html?idxno=16071335,"Tue, 26 May 2026 09:52:00 +0900","미국프로축구(MLS) 정규리그 일정이 진행 중인 가운데, LAFC에서 뛰는 <b>손흥민</b>이 개인 건강과 관련된 논란에... 당시 중계 화면에는 <b>손흥민</b>의 뒷머리 일부가 빠진 듯 보이는 모습이 잡혔고, 화면 캡처가 온라인을 통해... ",https://www.topstarnews.net/news/articleView.html?idxno=16071335,naver_news,손흥민,canonical,1.0,2026-05-26T11:52:45.740012+00:00,0,0,0,0,,"미국프로축구(MLS) 정규리그 일정이 진행 중인 가운데, LAFC에서 뛰는 <b>손흥민</b>이 개인 건강과 관련된 논란에... 당시 중계 화면에는 <b>손흥민</b>의 뒷머리 일부가 빠진 듯 보이는 모습이 잡혔고, 화면 캡처가 온라인을 통해... ","{""title"": ""&quot;원형 탈모 아니다&quot;…<b>손흥민</b>, SNS로 팬 우려 차단"", ""originallink"": ""https://www.topstarnews.net/news/articleView.html?idxno=16071335"", ""link"": ""https://www.topstarnews.net/news/articleView.html?idxno=16071335"", ""description"": ""미국프로축구(MLS) 정규리그 일정이 진행 중인 가운데, LAFC에서 뛰는 <b>손흥민</b>이 개인 건강과 관련된 논란에... 당시 중계 화면에는 <b>손흥민</b>의 뒷머리 일부가 빠진 듯 보이는 모습이 잡혔고, 화면 캡처가 온라인을 통해... "", ""pubDate"": ""Tue, 26 May 2026 09:52:00 +0900""}"
손흥민,single_term_fallback,손흥민,&quot;원형 탈모 아니에요&quot; <b>손흥민</b>이 직접 해명했다…&quot;스트레스 받을 일 없는...,https://m.sports.naver.com/kfootball/article/413/0000218576,"Tue, 26 May 2026 09:49:00 +0900",대한민국 축구 국가대표팀 주장 <b>손흥민</b>이 원형 탈모 논란을 직접 해명했다. <b>손흥민</b>은 26일(한국시간) 자신의 SNS를 통해 &quot;원형 탈모 아니에요. 걱정마세요&quot;라며 &quot;월드컵 때 봬요&quot;라고 전했다. 최근 <b>손흥민</b>의 탈모 논란이... ,https://www.interfootball.co.kr/news/articleView.html?idxno=687238,naver_news,손흥민,canonical,1.0,2026-05-26T11:52:45.740012+00:00,0,0,0,0,,대한민국 축구 국가대표팀 주장 <b>손흥민</b>이 원형 탈모 논란을 직접 해명했다. <b>손흥민</b>은 26일(한국시간) 자신의 SNS를 통해 &quot;원형 탈모 아니에요. 걱정마세요&quot;라며 &quot;월드컵 때 봬요&quot;라고 전했다. 최근 <b>손흥민</b>의 탈모 논란이... ,"{""title"": ""&quot;원형 탈모 아니에요&quot; <b>손흥민</b>이 직접 해명했다…&quot;스트레스 받을 일 없는..."", ""originallink"": ""https://www.interfootball.co.kr/news/articleView.html?idxno=687238"", ""link"": ""https://m.sports.naver.com/kfootball/article/413/0000218576"", ""description"": ""대한민국 축구 국가대표팀 주장 <b>손흥민</b>이 원형 탈모 논란을 직접 해명했다. <b>손흥민</b>은 26일(한국시간) 자신의 SNS를 통해 &quot;원형 탈모 아니에요. 걱정마세요&quot;라며 &quot;월드컵 때 봬요&quot;라고 전했다. 최근 <b>손흥민</b>의 탈모 논란이... "", ""pubDate"": ""Tue, 26 May 2026 09:49:00 +0900""}"
손흥민,single_term_fallback,손흥민,원형탈모 논란 일축한 <b>손흥민</b> &quot;스트레스 없는데…걱정마세요&quot;,https://m.sports.naver.com/kfootball/article/001/0016098472,"Tue, 26 May 2026 09:44:00 +0900",최근 경기 중계 화면에 원형 탈모로 추정되는 모습이 포착돼 우려를 샀던 한국 축구대표팀 '주장' <b>손흥민</b>(LAFC)이 직접 입장을 밝히며 팬들을 안심시켰다. <b>손흥민</b>은 26일(한국시간) 자신의 소셜미디어(SNS)에 밝게 웃는... ,https://www.yna.co.kr/view/AKR20260526044900007?input=1195m,naver_news,손흥민,canonical,1.0,2026-05-26T11:52:45.740012+00:00,0,0,0,0,,최근 경기 중계 화면에 원형 탈모로 추정되는 모습이 포착돼 우려를 샀던 한국 축구대표팀 '주장' <b>손흥민</b>(LAFC)이 직접 입장을 밝히며 팬들을 안심시켰다. <b>손흥민</b>은 26일(한국시간) 자신의 소셜미디어(SNS)에 밝게 웃는... ,"{""title"": ""원형탈모 논란 일축한 <b>손흥민</b> &quot;스트레스 없는데…걱정마세요&quot;"", ""originallink"": ""https://www.yna.co.kr/view/AKR20260526044900007?input=1195m"", ""link"": ""https://m.sports.naver.com/kfootball/article/001/0016098472"", ""description"": ""최근 경기 중계 화면에 원형 탈모로 추정되는 모습이 포착돼 우려를 샀던 한국 축구대표팀 '주장' <b>손흥민</b>(LAFC)이 직접 입장을 밝히며 팬들을 안심시켰다. <b>손흥민</b>은 26일(한국시간) 자신의 소셜미디어(SNS)에 밝게 웃는... "", ""pubDate"": ""Tue, 26 May 2026 09:44:00 +0900""}"
손흥민,single_term_fallback,손흥민,원형 탈모설에 입장 밝힌 <b>손흥민</b> &quot;걱정 마세요&quot;,https://m.sports.naver.com/kfootball/article/003/0013966683,"Tue, 26 May 2026 09:43:00 +0900",박윤서 인턴 기자 = '원형 탈모설'에 <b>손흥민</b>이 직접 입을 열며 해명했다. 25일 <b>손흥민</b>은 자신의 인스타그램에 사진을 게시하며 &quot;원형 탈모 아니에요. 걱정 마세요. 스트레스 받을 일이 없는데..&quot;라고 말했다. 그러면서... ,https://www.newsis.com/view/NISX20260526_0003643444,naver_news,손흥민,canonical,1.0,2026-05-26T11:52:45.740012+00:00,0,0,0,0,,박윤서 인턴 기자 = '원형 탈모설'에 <b>손흥민</b>이 직접 입을 열며 해명했다. 25일 <b>손흥민</b>은 자신의 인스타그램에 사진을 게시하며 &quot;원형 탈모 아니에요. 걱정 마세요. 스트레스 받을 일이 없는데..&quot;라고 말했다. 그러면서... ,"{""title"": ""원형 탈모설에 입장 밝힌 <b>손흥민</b> &quot;걱정 마세요&quot;"", ""originallink"": ""https://www.newsis.com/view/NISX20260526_0003643444"", ""link"": ""https://m.sports.naver.com/kfootball/article/003/0013966683"", ""description"": ""박윤서 인턴 기자 = '원형 탈모설'에 <b>손흥민</b>이 직접 입을 열며 해명했다. 25일 <b>손흥민</b>은 자신의 인스타그램에 사진을 게시하며 &quot;원형 탈모 아니에요. 걱정 마세요. 스트레스 받을 일이 없는데..&quot;라고 말했다. 그러면서... "", ""pubDate"": ""Tue, 26 May 2026 09:43:00 +0900""}"
손흥민,single_term_fallback,손흥민,<b>손흥민</b> 원형 탈모 논란 자꾸 불거지자…<b>손흥민</b>이 직접 나서 말한 '한 마...,https://www.wikitree.co.kr/articles/1138236,"Tue, 26 May 2026 09:28:00 +0900","한국 축구대표팀 주장 <b>손흥민</b>(34·LAFC)이 원형 탈모 논란을 직접 잠재웠다.<b>손흥민</b>은 26일(한국 시각) 자신의 SNS에 밝게 웃는 셀피를 올리며 &quot;원형탈모 아니에요. 걱정하지 마세요. 스트레스받을 일 없는데, 월드컵 때 봬요... ",https://www.wikitree.co.kr/articles/1138236,naver_news,손흥민,canonical,1.0,2026-05-26T11:52:45.740012+00:00,0,0,0,0,,"한국 축구대표팀 주장 <b>손흥민</b>(34·LAFC)이 원형 탈모 논란을 직접 잠재웠다.<b>손흥민</b>은 26일(한국 시각) 자신의 SNS에 밝게 웃는 셀피를 올리며 &quot;원형탈모 아니에요. 걱정하지 마세요. 스트레스받을 일 없는데, 월드컵 때 봬요... ","{""title"": ""<b>손흥민</b> 원형 탈모 논란 자꾸 불거지자…<b>손흥민</b>이 직접 나서 말한 '한 마..."", ""originallink"": ""https://www.wikitree.co.kr/articles/1138236"", ""link"": ""https://www.wikitree.co.kr/articles/1138236"", ""description"": ""한국 축구대표팀 주장 <b>손흥민</b>(34·LAFC)이 원형 탈모 논란을 직접 잠재웠다.<b>손흥민</b>은 26일(한국 시각) 자신의 SNS에 밝게 웃는 셀피를 올리며 &quot;원형탈모 아니에요. 걱정하지 마세요. 스트레스받을 일 없는데, 월드컵 때 봬요... "", ""pubDate"": ""Tue, 26 May 2026 09:28:00 +0900""}"
손흥민,single_term_fallback,손흥민,"&quot;맨발 러닝 루틴&quot; 오현규, 북중미 월드컵 앞두고 야성미 훈련",https://www.topstarnews.net/news/articleView.html?idxno=16071308,"Tue, 26 May 2026 09:20:00 +0900","당시 파울루 벤투 감독은 안면 골절 부상을 입은 <b>손흥민</b>의 상태를 고려해 26명 정원 외에 오현규를 등번호 없이 동행시키는 결정을 내렸다. 당시 오현규는 27번째 태극전사로 카타르에 입성했지만, 실제 경기에 나서지는... ",https://www.topstarnews.net/news/articleView.html?idxno=16071308,naver_news,손흥민,canonical,1.0,2026-05-26T11:52:45.740012+00:00,0,0,0,0,,"당시 파울루 벤투 감독은 안면 골절 부상을 입은 <b>손흥민</b>의 상태를 고려해 26명 정원 외에 오현규를 등번호 없이 동행시키는 결정을 내렸다. 당시 오현규는 27번째 태극전사로 카타르에 입성했지만, 실제 경기에 나서지는... ","{""title"": ""&quot;맨발 러닝 루틴&quot; 오현규, 북중미 월드컵 앞두고 야성미 훈련"", ""originallink"": ""https://www.topstarnews.net/news/articleView.html?idxno=16071308"", ""link"": ""https://www.topstarnews.net/news/articleView.html?idxno=16071308"", ""description"": ""당시 파울루 벤투 감독은 안면 골절 부상을 입은 <b>손흥민</b>의 상태를 고려해 26명 정원 외에 오현규를 등번호 없이 동행시키는 결정을 내렸다. 당시 오현규는 27번째 태극전사로 카타르에 입성했지만, 실제 경기에 나서지는... "", ""pubDate"": ""Tue, 26 May 2026 09:20:00 +0900""}"
손흥민,single_term_fallback,손흥민,'전반기 리그 무득점' 속 빛난 15개의 도움... '위기 극복 DNA' <b>손흥민</b>을...,https://m.sports.naver.com/kfootball/article/047/0002517023,"Tue, 26 May 2026 09:16:00 +0900",전반기 리그 무득점으로 고개를 숙였으나 <b>손흥민</b>이 보유한 능력치를 절대 의심할 필요는 없다. 항상... 90분 동안 전방에 자리한 <b>손흥민</b>을 필두로 드니 부앙가·마르티네스·틸만이 무려 17개의 슈팅을 퍼부으며 파상... ,https://www.ohmynews.com/NWS_Web/View/at_pg.aspx?CNTN_CD=A0003237344&CMPT_CD=P0010&utm_source=naver&utm_medium=newsearch&utm_campaign=naver_news,naver_news,손흥민,canonical,1.0,2026-05-26T11:52:45.740012+00:00,0,0,0,0,,전반기 리그 무득점으로 고개를 숙였으나 <b>손흥민</b>이 보유한 능력치를 절대 의심할 필요는 없다. 항상... 90분 동안 전방에 자리한 <b>손흥민</b>을 필두로 드니 부앙가·마르티네스·틸만이 무려 17개의 슈팅을 퍼부으며 파상... ,"{""title"": ""'전반기 리그 무득점' 속 빛난 15개의 도움... '위기 극복 DNA' <b>손흥민</b>을..."", ""originallink"": ""https://www.ohmynews.com/NWS_Web/View/at_pg.aspx?CNTN_CD=A0003237344&CMPT_CD=P0010&utm_source=naver&utm_medium=newsearch&utm_campaign=naver_news"", ""link"": ""https://m.sports.naver.com/kfootball/article/047/0002517023"", ""description"": ""전반기 리그 무득점으로 고개를 숙였으나 <b>손흥민</b>이 보유한 능력치를 절대 의심할 필요는 없다. 항상... 90분 동안 전방에 자리한 <b>손흥민</b>을 필두로 드니 부앙가·마르티네스·틸만이 무려 17개의 슈팅을 퍼부으며 파상... "", ""pubDate"": ""Tue, 26 May 2026 09:16:00 +0900""}"
손흥민,single_term_fallback,손흥민,원형 탈모 의심? <b>손흥민</b> “걱정 안해도 돼… 스트레스 받을 일 없다”,https://m.sports.naver.com/kfootball/article/396/0000745216,"Tue, 26 May 2026 09:14:00 +0900",사진=<b>손흥민</b> SNS 캡처 “원형 탈모 아닙니다.” <b>손흥민</b>(LAFC)이 원형 탈모 우려에 아니라고 해명했다. <b>손흥민</b>은 26일 SNS에 “걱정 마세요. 스트레스받을 일이 없다”라며 “월드컵 때 봬요”라고 이같이 전했다.... ,https://www.sportsworldi.com/newsView/20260526502953,naver_news,손흥민,canonical,1.0,2026-05-26T11:52:45.740012+00:00,0,0,0,0,,사진=<b>손흥민</b> SNS 캡처 “원형 탈모 아닙니다.” <b>손흥민</b>(LAFC)이 원형 탈모 우려에 아니라고 해명했다. <b>손흥민</b>은 26일 SNS에 “걱정 마세요. 스트레스받을 일이 없다”라며 “월드컵 때 봬요”라고 이같이 전했다.... ,"{""title"": ""원형 탈모 의심? <b>손흥민</b> “걱정 안해도 돼… 스트레스 받을 일 없다”"", ""originallink"": ""https://www.sportsworldi.com/newsView/20260526502953"", ""link"": ""https://m.sports.naver.com/kfootball/article/396/0000745216"", ""description"": ""사진=<b>손흥민</b> SNS 캡처 “원형 탈모 아닙니다.” <b>손흥민</b>(LAFC)이 원형 탈모 우려에 아니라고 해명했다. <b>손흥민</b>은 26일 SNS에 “걱정 마세요. 스트레스받을 일이 없다”라며 “월드컵 때 봬요”라고 이같이 전했다.... "", ""pubDate"": ""Tue, 26 May 2026 09:14:00 +0900""}"
손흥민,single_term_fallback,손흥민,"북중미 월드컵 앞둔 캡틴 <b>손흥민</b>, 원형 탈모 루머 직접 일축 &quot;스트레스...",https://www.ftimes.kr/news/articleView.html?idxno=37640,"Tue, 26 May 2026 09:14:00 +0900",대한민국 축구 국가대표팀의 영원한 캡틴 <b>손흥민</b>이 2026 북중미 월드컵을 앞두고 불거진 건강 이상설을 직접 일축하며 월드컵을 향한 강한 의지를 드러냈다. 미국 메이저리그사커(MLS) 무대에서 활약 중인 <b>손흥민</b>은 최근... ,https://www.ftimes.kr/news/articleView.html?idxno=37640,naver_news,손흥민,canonical,1.0,2026-05-26T11:52:45.740012+00:00,0,0,0,0,,대한민국 축구 국가대표팀의 영원한 캡틴 <b>손흥민</b>이 2026 북중미 월드컵을 앞두고 불거진 건강 이상설을 직접 일축하며 월드컵을 향한 강한 의지를 드러냈다. 미국 메이저리그사커(MLS) 무대에서 활약 중인 <b>손흥민</b>은 최근... ,"{""title"": ""북중미 월드컵 앞둔 캡틴 <b>손흥민</b>, 원형 탈모 루머 직접 일축 &quot;스트레스..."", ""originallink"": ""https://www.ftimes.kr/news/articleView.html?idxno=37640"", ""link"": ""https://www.ftimes.kr/news/articleView.html?idxno=37640"", ""description"": ""대한민국 축구 국가대표팀의 영원한 캡틴 <b>손흥민</b>이 2026 북중미 월드컵을 앞두고 불거진 건강 이상설을 직접 일축하며 월드컵을 향한 강한 의지를 드러냈다. 미국 메이저리그사커(MLS) 무대에서 활약 중인 <b>손흥민</b>은 최근... "", ""pubDate"": ""Tue, 26 May 2026 09:14:00 +0900""}"
손흥민,single_term_fallback,손흥민,[솔트레이크 LIVE]'야생마' 오현규는 1400m 고지대를 맨발로 달려…'23명...,https://m.sports.naver.com/kfootball/article/076/0004408922,"Tue, 26 May 2026 09:13:00 +0900",주장 <b>손흥민</b>(LA FC)과 황희찬(울버햄튼) 박진섭(저장)은 이날 오후 솔트레이크시티에 도착할 예정이고... 27일엔 <b>손흥민</b> 황희찬 조규성 박진섭도 훈련장에 처음 등장할 가능성이 있다. 월드컵의 시간은 점점 다가올 수록... ,https://www.sportschosun.com/football/2026-05-26/202605260100151310010165,naver_news,손흥민,canonical,1.0,2026-05-26T11:52:45.740012+00:00,0,0,0,0,,주장 <b>손흥민</b>(LA FC)과 황희찬(울버햄튼) 박진섭(저장)은 이날 오후 솔트레이크시티에 도착할 예정이고... 27일엔 <b>손흥민</b> 황희찬 조규성 박진섭도 훈련장에 처음 등장할 가능성이 있다. 월드컵의 시간은 점점 다가올 수록... ,"{""title"": ""[솔트레이크 LIVE]'야생마' 오현규는 1400m 고지대를 맨발로 달려…'23명..."", ""originallink"": ""https://www.sportschosun.com/football/2026-05-26/202605260100151310010165"", ""link"": ""https://m.sports.naver.com/kfootball/article/076/0004408922"", ""description"": ""주장 <b>손흥민</b>(LA FC)과 황희찬(울버햄튼) 박진섭(저장)은 이날 오후 솔트레이크시티에 도착할 예정이고... 27일엔 <b>손흥민</b> 황희찬 조규성 박진섭도 훈련장에 처음 등장할 가능성이 있다. 월드컵의 시간은 점점 다가올 수록... "", ""pubDate"": ""Tue, 26 May 2026 09:13:00 +0900""}"
손흥민,single_term_fallback,손흥민,"‘마지막 축포가 언제더라’ 홍명보호, 골잡이들 침묵 우려",https://m.sports.naver.com/kfootball/article/119/0003094185,"Tue, 26 May 2026 09:13:00 +0900",뛰는 <b>손흥민</b>은 월드컵을 앞두고 치른 소속팀의 마지막 경기에서 이번 시즌 개인 최다인 슈팅 7개를 시도하며 적극적으로 득점을 노렸지만 끝내 리그 마수걸이 득점포를 가동하지 못했다. <b>손흥민</b>은 25일(이하... ,https://www.dailian.co.kr/news/view/1648396/?sc=Naver,naver_news,손흥민,canonical,1.0,2026-05-26T11:52:45.740012+00:00,0,0,0,0,,뛰는 <b>손흥민</b>은 월드컵을 앞두고 치른 소속팀의 마지막 경기에서 이번 시즌 개인 최다인 슈팅 7개를 시도하며 적극적으로 득점을 노렸지만 끝내 리그 마수걸이 득점포를 가동하지 못했다. <b>손흥민</b>은 25일(이하... ,"{""title"": ""‘마지막 축포가 언제더라’ 홍명보호, 골잡이들 침묵 우려"", ""originallink"": ""https://www.dailian.co.kr/news/view/1648396/?sc=Naver"", ""link"": ""https://m.sports.naver.com/kfootball/article/119/0003094185"", ""description"": ""뛰는 <b>손흥민</b>은 월드컵을 앞두고 치른 소속팀의 마지막 경기에서 이번 시즌 개인 최다인 슈팅 7개를 시도하며 적극적으로 득점을 노렸지만 끝내 리그 마수걸이 득점포를 가동하지 못했다. <b>손흥민</b>은 25일(이하... "", ""pubDate"": ""Tue, 26 May 2026 09:13:00 +0900""}"
손흥민,single_term_fallback,손흥민,<b>손흥민</b> “스트레스 받을 일 없어”…‘원형탈모설’ 직접 부인,https://n.news.naver.com/mnews/article/016/0002647923?sid=104,"Tue, 26 May 2026 09:12:00 +0900",<b>손흥민</b>. [연합] 한국 축구국가대표팀 주장 <b>손흥민</b>(34·LA FC)이 자신을 둘러싼 느닷없는 ‘원형 탈모설’에 직접 해명했다. <b>손흥민</b>은 25일 자신의 SNS에 셀카 사진과 함께 “원형탈모 아니에요. 걱정 마세요. 스트레스받을... ,https://biz.heraldcorp.com/article/10755701?ref=naver,naver_news,손흥민,canonical,1.0,2026-05-26T11:52:45.740012+00:00,0,0,0,0,,<b>손흥민</b>. [연합] 한국 축구국가대표팀 주장 <b>손흥민</b>(34·LA FC)이 자신을 둘러싼 느닷없는 ‘원형 탈모설’에 직접 해명했다. <b>손흥민</b>은 25일 자신의 SNS에 셀카 사진과 함께 “원형탈모 아니에요. 걱정 마세요. 스트레스받을... ,"{""title"": ""<b>손흥민</b> “스트레스 받을 일 없어”…‘원형탈모설’ 직접 부인"", ""originallink"": ""https://biz.heraldcorp.com/article/10755701?ref=naver"", ""link"": ""https://n.news.naver.com/mnews/article/016/0002647923?sid=104"", ""description"": ""<b>손흥민</b>. [연합] 한국 축구국가대표팀 주장 <b>손흥민</b>(34·LA FC)이 자신을 둘러싼 느닷없는 ‘원형 탈모설’에 직접 해명했다. <b>손흥민</b>은 25일 자신의 SNS에 셀카 사진과 함께 “원형탈모 아니에요. 걱정 마세요. 스트레스받을... "", ""pubDate"": ""Tue, 26 May 2026 09:12:00 +0900""}"
손흥민,single_term_fallback,손흥민,신발·양말에 웃통까지…툭하면 훌러덩 벗는 '야성남' 오현규,https://m.sports.naver.com/kfootball/article/001/0016098270,"Tue, 26 May 2026 09:08:00 +0900",당시 26명의 최종 명단에는 들지 못했으나 파울루 벤투 당시 대표팀 감독은 안면 골절 부상을 당한 <b>손흥민</b>의 상태 등을 고려해 오현규를 등번호 없는 '27번째 태극전사'로 카타르에 데려갔다. 결국 한 경기도 뛰지 못했지만... ,https://www.yna.co.kr/view/AKR20260526030200007?input=1195m,naver_news,손흥민,canonical,1.0,2026-05-26T11:52:45.740012+00:00,0,0,0,0,,당시 26명의 최종 명단에는 들지 못했으나 파울루 벤투 당시 대표팀 감독은 안면 골절 부상을 당한 <b>손흥민</b>의 상태 등을 고려해 오현규를 등번호 없는 '27번째 태극전사'로 카타르에 데려갔다. 결국 한 경기도 뛰지 못했지만... ,"{""title"": ""신발·양말에 웃통까지…툭하면 훌러덩 벗는 '야성남' 오현규"", ""originallink"": ""https://www.yna.co.kr/view/AKR20260526030200007?input=1195m"", ""link"": ""https://m.sports.naver.com/kfootball/article/001/0016098270"", ""description"": ""당시 26명의 최종 명단에는 들지 못했으나 파울루 벤투 당시 대표팀 감독은 안면 골절 부상을 당한 <b>손흥민</b>의 상태 등을 고려해 오현규를 등번호 없는 '27번째 태극전사'로 카타르에 데려갔다. 결국 한 경기도 뛰지 못했지만... "", ""pubDate"": ""Tue, 26 May 2026 09:08:00 +0900""}"
손흥민,single_term_fallback,손흥민,"통산 4번째 월드컵 출전 앞둔 <b>손흥민</b>, 홍명보호 합류",http://www.hansbiz.co.kr/news/articleView.html?idxno=840661,"Tue, 26 May 2026 09:06:00 +0900",한국 축구 대표팀의 <b>손흥민</b>. /대한축구협회 제공 | 서울=한스경제 박종민 기자 | 한국 축구 국가대표팀 주장 <b>손흥민</b>(34)이 2026 국제축구연맹(FIFA) 북중미 월드컵을 준비하고 있는 홍명보호에 합류한다. 전날 소속 클럽인... ,http://www.hansbiz.co.kr/news/articleView.html?idxno=840661,naver_news,손흥민,canonical,1.0,2026-05-26T11:52:45.740012+00:00,0,0,0,0,,한국 축구 대표팀의 <b>손흥민</b>. /대한축구협회 제공 | 서울=한스경제 박종민 기자 | 한국 축구 국가대표팀 주장 <b>손흥민</b>(34)이 2026 국제축구연맹(FIFA) 북중미 월드컵을 준비하고 있는 홍명보호에 합류한다. 전날 소속 클럽인... ,"{""title"": ""통산 4번째 월드컵 출전 앞둔 <b>손흥민</b>, 홍명보호 합류"", ""originallink"": ""http://www.hansbiz.co.kr/news/articleView.html?idxno=840661"", ""link"": ""http://www.hansbiz.co.kr/news/articleView.html?idxno=840661"", ""description"": ""한국 축구 대표팀의 <b>손흥민</b>. /대한축구협회 제공 | 서울=한스경제 박종민 기자 | 한국 축구 국가대표팀 주장 <b>손흥민</b>(34)이 2026 국제축구연맹(FIFA) 북중미 월드컵을 준비하고 있는 홍명보호에 합류한다. 전날 소속 클럽인... "", ""pubDate"": ""Tue, 26 May 2026 09:06:00 +0900""}"
손흥민,single_term_fallback,손흥민,"&quot;스트레스 받을 일 없어&quot;... <b>손흥민</b>, '원형 탈모' 논란 확산되자 직접 해...",https://www.insight.co.kr/news/555495,"Tue, 26 May 2026 09:06:00 +0900","<b>손흥민</b>이 자신을 둘러싼 원형 탈모 논란에 직접 해명했다. 25일 <b>손흥민</b>은 자신의 SNS에 셀카와 함께 &quot;원형탈모 아니에요. 걱정 마세요. 스트레스받을 일이 없는데, 월드컵 때 뵈어요&quot;라고 밝혔다. 논란의 발단은 이날 미국... ",https://www.insight.co.kr/news/555495,naver_news,손흥민,canonical,1.0,2026-05-26T11:52:45.740012+00:00,0,0,0,0,,"<b>손흥민</b>이 자신을 둘러싼 원형 탈모 논란에 직접 해명했다. 25일 <b>손흥민</b>은 자신의 SNS에 셀카와 함께 &quot;원형탈모 아니에요. 걱정 마세요. 스트레스받을 일이 없는데, 월드컵 때 뵈어요&quot;라고 밝혔다. 논란의 발단은 이날 미국... ","{""title"": ""&quot;스트레스 받을 일 없어&quot;... <b>손흥민</b>, '원형 탈모' 논란 확산되자 직접 해..."", ""originallink"": ""https://www.insight.co.kr/news/555495"", ""link"": ""https://www.insight.co.kr/news/555495"", ""description"": ""<b>손흥민</b>이 자신을 둘러싼 원형 탈모 논란에 직접 해명했다. 25일 <b>손흥민</b>은 자신의 SNS에 셀카와 함께 &quot;원형탈모 아니에요. 걱정 마세요. 스트레스받을 일이 없는데, 월드컵 때 뵈어요&quot;라고 밝혔다. 논란의 발단은 이날 미국... "", ""pubDate"": ""Tue, 26 May 2026 09:06:00 +0900""}"
손흥민,single_term_fallback,손흥민,"류현진 한미 통산 200승, 국내야구 관심도 1위 견인",http://www.hansbiz.co.kr/news/articleView.html?idxno=840664,"Tue, 26 May 2026 09:02:00 +0900",대한축구협회에 따르면 <b>손흥민</b>은 LAFC 홈 경기를 마친 뒤 25일 미국 유타주 솔트레이크시티에 마련된 대표팀 사전 캠프에 합류했다. 대표팀은 19일 현지에 도착해 월드컵 준비에 들어갔다. 3위는 해외야구로 101.1점을... ,http://www.hansbiz.co.kr/news/articleView.html?idxno=840664,naver_news,손흥민,canonical,1.0,2026-05-26T11:52:45.740012+00:00,0,0,0,0,,대한축구협회에 따르면 <b>손흥민</b>은 LAFC 홈 경기를 마친 뒤 25일 미국 유타주 솔트레이크시티에 마련된 대표팀 사전 캠프에 합류했다. 대표팀은 19일 현지에 도착해 월드컵 준비에 들어갔다. 3위는 해외야구로 101.1점을... ,"{""title"": ""류현진 한미 통산 200승, 국내야구 관심도 1위 견인"", ""originallink"": ""http://www.hansbiz.co.kr/news/articleView.html?idxno=840664"", ""link"": ""http://www.hansbiz.co.kr/news/articleView.html?idxno=840664"", ""description"": ""대한축구협회에 따르면 <b>손흥민</b>은 LAFC 홈 경기를 마친 뒤 25일 미국 유타주 솔트레이크시티에 마련된 대표팀 사전 캠프에 합류했다. 대표팀은 19일 현지에 도착해 월드컵 준비에 들어갔다. 3위는 해외야구로 101.1점을... "", ""pubDate"": ""Tue, 26 May 2026 09:02:00 +0900""}"
손흥민,single_term_fallback,손흥민,[스포츠토토 공동 기획]PSG 두 시즌 연속 ‘빅이어’ 도전vs22년 만의 EP...,https://m.sports.naver.com/wfootball/article/468/0001242434,"Tue, 26 May 2026 09:01:00 +0900","박지성(맨체스터 유나이티드), <b>손흥민</b>(토트넘 홋스퍼)에 이어 세 번째로 챔피언스리그 결승전 출전을 노린다. 이강인은 지난시즌과 마찬가지로 이번시즌에도 PSG에서 로테이션 플레이어로 뛰고 있다. 비중이... ",https://www.sportsseoul.com/news/read/1611162?ref=naver,naver_news,손흥민,canonical,1.0,2026-05-26T11:52:45.740012+00:00,0,0,0,0,,"박지성(맨체스터 유나이티드), <b>손흥민</b>(토트넘 홋스퍼)에 이어 세 번째로 챔피언스리그 결승전 출전을 노린다. 이강인은 지난시즌과 마찬가지로 이번시즌에도 PSG에서 로테이션 플레이어로 뛰고 있다. 비중이... ","{""title"": ""[스포츠토토 공동 기획]PSG 두 시즌 연속 ‘빅이어’ 도전vs22년 만의 EP..."", ""originallink"": ""https://www.sportsseoul.com/news/read/1611162?ref=naver"", ""link"": ""https://m.sports.naver.com/wfootball/article/468/0001242434"", ""description"": ""박지성(맨체스터 유나이티드), <b>손흥민</b>(토트넘 홋스퍼)에 이어 세 번째로 챔피언스리그 결승전 출전을 노린다. 이강인은 지난시즌과 마찬가지로 이번시즌에도 PSG에서 로테이션 플레이어로 뛰고 있다. 비중이... "", ""pubDate"": ""Tue, 26 May 2026 09:01:00 +0900""}"
손흥민,single_term_fallback,손흥민,팬들 놀란 '탈모 논란'?…<b>손흥민</b> 직접 입 열었다 [소셜픽],https://m.sports.naver.com/kfootball/article/437/0000492901,"Tue, 26 May 2026 08:52:00 +0900",LAFC <b>손흥민</b> 선수가 '탈모 논란'에 입을 열었습니다. 걱정하지 말라는 메시지와 함께였습니다. 중계 카메라에 잡힌 <b>손흥민</b>의 모습이 팬들에게는 걱정을 불러일으켰습니다. 북중미 월드컵에 대한 부담과 소속 팀의... ,https://news.jtbc.co.kr/article/NB12299796?influxDiv=NAVER,naver_news,손흥민,canonical,1.0,2026-05-26T11:52:45.740012+00:00,0,0,0,0,,LAFC <b>손흥민</b> 선수가 '탈모 논란'에 입을 열었습니다. 걱정하지 말라는 메시지와 함께였습니다. 중계 카메라에 잡힌 <b>손흥민</b>의 모습이 팬들에게는 걱정을 불러일으켰습니다. 북중미 월드컵에 대한 부담과 소속 팀의... ,"{""title"": ""팬들 놀란 '탈모 논란'?…<b>손흥민</b> 직접 입 열었다 [소셜픽]"", ""originallink"": ""https://news.jtbc.co.kr/article/NB12299796?influxDiv=NAVER"", ""link"": ""https://m.sports.naver.com/kfootball/article/437/0000492901"", ""description"": ""LAFC <b>손흥민</b> 선수가 '탈모 논란'에 입을 열었습니다. 걱정하지 말라는 메시지와 함께였습니다. 중계 카메라에 잡힌 <b>손흥민</b>의 모습이 팬들에게는 걱정을 불러일으켰습니다. 북중미 월드컵에 대한 부담과 소속 팀의... "", ""pubDate"": ""Tue, 26 May 2026 08:52:00 +0900""}"
손흥민,single_term_fallback,손흥민,"'네가 진짜 SON 후계자야'...토트넘의 '역대급 집착', 극적 잔류 후 데 제...",https://m.sports.naver.com/wfootball/article/117/0004068040,"Tue, 26 May 2026 08:33:00 +0900","<b>손흥민</b>(LAFC)이 이탈한 공백을 메우기 위한 카드로 맨시티와 협상을 벌였다. 토트넘은 이적료로 7,000만 유로(약 1,230억원)를 제안했지만 맨시티는 끝내 토트넘의 제안을 거절했다. 다만 맨시티 잔류 후 올시즌 리그... ",https://www.mydaily.co.kr/page/view/2026052607102747065,naver_news,손흥민,canonical,1.0,2026-05-26T11:52:45.740012+00:00,0,0,0,0,,"<b>손흥민</b>(LAFC)이 이탈한 공백을 메우기 위한 카드로 맨시티와 협상을 벌였다. 토트넘은 이적료로 7,000만 유로(약 1,230억원)를 제안했지만 맨시티는 끝내 토트넘의 제안을 거절했다. 다만 맨시티 잔류 후 올시즌 리그... ","{""title"": ""'네가 진짜 SON 후계자야'...토트넘의 '역대급 집착', 극적 잔류 후 데 제..."", ""originallink"": ""https://www.mydaily.co.kr/page/view/2026052607102747065"", ""link"": ""https://m.sports.naver.com/wfootball/article/117/0004068040"", ""description"": ""<b>손흥민</b>(LAFC)이 이탈한 공백을 메우기 위한 카드로 맨시티와 협상을 벌였다. 토트넘은 이적료로 7,000만 유로(약 1,230억원)를 제안했지만 맨시티는 끝내 토트넘의 제안을 거절했다. 다만 맨시티 잔류 후 올시즌 리그... "", ""pubDate"": ""Tue, 26 May 2026 08:33:00 +0900""}"
손흥민,single_term_fallback,손흥민,<b>손흥민</b> 직접 입 열었다 “원형탈모? 스트레스받을 일 없다”…가벼운 해...,https://m.sports.naver.com/kfootball/article/241/0003511760,"Tue, 26 May 2026 08:31:00 +0900",<b>손흥민</b>(LAFC)이 탈모와 관련한 팬들의 걱정을 불식했다. <b>손흥민</b>은 25일(한국시간) 소셜미디어(SNS)에 셀피를 게시하며 “원형탈모 아니에요. 걱정 마세요”라며 “스트레스받을 일이 없는데…월드컵 때 봬요”라고... ,https://isplus.com/article/view/isp202605260016,naver_news,손흥민,canonical,1.0,2026-05-26T11:52:45.740012+00:00,0,0,0,0,,<b>손흥민</b>(LAFC)이 탈모와 관련한 팬들의 걱정을 불식했다. <b>손흥민</b>은 25일(한국시간) 소셜미디어(SNS)에 셀피를 게시하며 “원형탈모 아니에요. 걱정 마세요”라며 “스트레스받을 일이 없는데…월드컵 때 봬요”라고... ,"{""title"": ""<b>손흥민</b> 직접 입 열었다 “원형탈모? 스트레스받을 일 없다”…가벼운 해..."", ""originallink"": ""https://isplus.com/article/view/isp202605260016"", ""link"": ""https://m.sports.naver.com/kfootball/article/241/0003511760"", ""description"": ""<b>손흥민</b>(LAFC)이 탈모와 관련한 팬들의 걱정을 불식했다. <b>손흥민</b>은 25일(한국시간) 소셜미디어(SNS)에 셀피를 게시하며 “원형탈모 아니에요. 걱정 마세요”라며 “스트레스받을 일이 없는데…월드컵 때 봬요”라고... "", ""pubDate"": ""Tue, 26 May 2026 08:31:00 +0900""}"
손흥민,single_term_fallback,손흥민,"월드컵 앞둔 <b>손흥민</b>, '원형 탈모' 직접 해명…&quot;스트레스받을 일 없어&quot;",https://m.sports.naver.com/kfootball/article/417/0001144698,"Tue, 26 May 2026 08:30:00 +0900",한국 축구 국가대표팀 주장 <b>손흥민</b>이 경기 도중 포착된 원형 탈모로 추정되는 흔적에 우려가 쏟아지자 직접 설명에 나섰다. 26일 <b>손흥민</b>은 자신의 인스타그램을 통해 &quot;원형탈모 아니에요. 걱정하지 마세요.... ,https://www.sidae.com/article/2026052608142976591,naver_news,손흥민,canonical,1.0,2026-05-26T11:52:45.740012+00:00,0,0,0,0,,한국 축구 국가대표팀 주장 <b>손흥민</b>이 경기 도중 포착된 원형 탈모로 추정되는 흔적에 우려가 쏟아지자 직접 설명에 나섰다. 26일 <b>손흥민</b>은 자신의 인스타그램을 통해 &quot;원형탈모 아니에요. 걱정하지 마세요.... ,"{""title"": ""월드컵 앞둔 <b>손흥민</b>, '원형 탈모' 직접 해명…&quot;스트레스받을 일 없어&quot;"", ""originallink"": ""https://www.sidae.com/article/2026052608142976591"", ""link"": ""https://m.sports.naver.com/kfootball/article/417/0001144698"", ""description"": ""한국 축구 국가대표팀 주장 <b>손흥민</b>이 경기 도중 포착된 원형 탈모로 추정되는 흔적에 우려가 쏟아지자 직접 설명에 나섰다. 26일 <b>손흥민</b>은 자신의 인스타그램을 통해 &quot;원형탈모 아니에요. 걱정하지 마세요.... "", ""pubDate"": ""Tue, 26 May 2026 08:30:00 +0900""}"
손흥민,single_term_fallback,손흥민,&quot;저 원형탈모 아니에요&quot; '홍명보호 합류' <b>손흥민</b>의 유쾌한 해명 &quot;스트레...,https://m.sports.naver.com/kfootball/article/076/0004408903,"Tue, 26 May 2026 08:20:00 +0900","&quot;원형 탈모 아니에요.&quot; '캡틴' <b>손흥민</b>(LA FC)의 유쾌한 해명이었다. <b>손흥민</b>은 26일(한국시각) 자신의 SNS를 통해 밝게 웃는 사진과 함께 '원형탈모 아니에요. 걱정하지 마세요. 스트레스받을 일 없는데, 월드컵 때 뵈요'라는... ",https://www.sportschosun.com/football/2026-05-26/202605260100151010010145,naver_news,손흥민,canonical,1.0,2026-05-26T11:52:45.740012+00:00,0,0,0,0,,"&quot;원형 탈모 아니에요.&quot; '캡틴' <b>손흥민</b>(LA FC)의 유쾌한 해명이었다. <b>손흥민</b>은 26일(한국시각) 자신의 SNS를 통해 밝게 웃는 사진과 함께 '원형탈모 아니에요. 걱정하지 마세요. 스트레스받을 일 없는데, 월드컵 때 뵈요'라는... ","{""title"": ""&quot;저 원형탈모 아니에요&quot; '홍명보호 합류' <b>손흥민</b>의 유쾌한 해명 &quot;스트레..."", ""originallink"": ""https://www.sportschosun.com/football/2026-05-26/202605260100151010010145"", ""link"": ""https://m.sports.naver.com/kfootball/article/076/0004408903"", ""description"": ""&quot;원형 탈모 아니에요.&quot; '캡틴' <b>손흥민</b>(LA FC)의 유쾌한 해명이었다. <b>손흥민</b>은 26일(한국시각) 자신의 SNS를 통해 밝게 웃는 사진과 함께 '원형탈모 아니에요. 걱정하지 마세요. 스트레스받을 일 없는데, 월드컵 때 뵈요'라는... "", ""pubDate"": ""Tue, 26 May 2026 08:20:00 +0900""}"
손흥민,single_term_fallback,손흥민,"'4호골 도전' <b>손흥민</b>, 현지서 홍명보호 합류",https://n.news.naver.com/mnews/article/057/0001950773?sid=102,"Tue, 26 May 2026 08:18:00 +0900",4번째 '월드컵 무대'에 오르는 <b>손흥민</b>(LAFC)이 오늘(26일) 홍명보호에 합류합니다. 소속팀 로스앤젤레스FC에서 홈 경기를 치른 <b>손흥민</b>은 이날 홍명보호의 사전캠프가 차려진 미국 유타주 솔트레이크시티로 이동합니다.... ,http://mbn.mk.co.kr/pages/news/newsView.php?category=mbn00009&news_seq_no=5195897,naver_news,손흥민,canonical,1.0,2026-05-26T11:52:45.740012+00:00,0,0,0,0,,4번째 '월드컵 무대'에 오르는 <b>손흥민</b>(LAFC)이 오늘(26일) 홍명보호에 합류합니다. 소속팀 로스앤젤레스FC에서 홈 경기를 치른 <b>손흥민</b>은 이날 홍명보호의 사전캠프가 차려진 미국 유타주 솔트레이크시티로 이동합니다.... ,"{""title"": ""'4호골 도전' <b>손흥민</b>, 현지서 홍명보호 합류"", ""originallink"": ""http://mbn.mk.co.kr/pages/news/newsView.php?category=mbn00009&news_seq_no=5195897"", ""link"": ""https://n.news.naver.com/mnews/article/057/0001950773?sid=102"", ""description"": ""4번째 '월드컵 무대'에 오르는 <b>손흥민</b>(LAFC)이 오늘(26일) 홍명보호에 합류합니다. 소속팀 로스앤젤레스FC에서 홈 경기를 치른 <b>손흥민</b>은 이날 홍명보호의 사전캠프가 차려진 미국 유타주 솔트레이크시티로 이동합니다.... "", ""pubDate"": ""Tue, 26 May 2026 08:18:00 +0900""}"
손흥민,single_term_fallback,손흥민,16강 가면 '1인당 3억 9천'…<b>손흥민</b> 오늘 합류,https://n.news.naver.com/mnews/article/057/0001950770?sid=103,"Tue, 26 May 2026 08:16:00 +0900","역대 최대 규모의 포상금에 동기 부여는 물론 사기까지 크게 오른 태극전사들, <b>손흥민</b>을 비롯한 해외파들도... 풀타임을 뛰며 LAFC의 4연패 탈출을 이끈 주장 <b>손흥민</b>도 오늘 대표팀에 합류합니다. ▶ 스탠딩 : 최형규... ",http://www.mbn.co.kr/pages/news/newsView.php?news_seq_no=5195864,naver_news,손흥민,canonical,1.0,2026-05-26T11:52:45.740012+00:00,0,0,0,0,,"역대 최대 규모의 포상금에 동기 부여는 물론 사기까지 크게 오른 태극전사들, <b>손흥민</b>을 비롯한 해외파들도... 풀타임을 뛰며 LAFC의 4연패 탈출을 이끈 주장 <b>손흥민</b>도 오늘 대표팀에 합류합니다. ▶ 스탠딩 : 최형규... ","{""title"": ""16강 가면 '1인당 3억 9천'…<b>손흥민</b> 오늘 합류"", ""originallink"": ""http://www.mbn.co.kr/pages/news/newsView.php?news_seq_no=5195864"", ""link"": ""https://n.news.naver.com/mnews/article/057/0001950770?sid=103"", ""description"": ""역대 최대 규모의 포상금에 동기 부여는 물론 사기까지 크게 오른 태극전사들, <b>손흥민</b>을 비롯한 해외파들도... 풀타임을 뛰며 LAFC의 4연패 탈출을 이끈 주장 <b>손흥민</b>도 오늘 대표팀에 합류합니다. ▶ 스탠딩 : 최형규... "", ""pubDate"": ""Tue, 26 May 2026 08:16:00 +0900""}"
손흥민,single_term_fallback,손흥민,"29년 만의 추락, 구자철·KDB 뛰었던 볼프스부르크 강등… 승강 PO서 파더...",https://m.sports.naver.com/wfootball/article/343/0000142794,"Tue, 26 May 2026 08:16:00 +0900",과거 <b>손흥민</b>의 동료였던 크리스티안 에릭센에게도 씁쓸한 결말이다. 2025년 9월 볼프스부르크로 이적한 에릭센은 파더보른전에서 주장 완장을 차고 분투했으나 끝내 팀의 강등을 막지 못했다.,https://www.besteleven.com/news/articleView.html?idxno=307240,naver_news,손흥민,canonical,1.0,2026-05-26T11:52:45.740012+00:00,0,0,0,0,,과거 <b>손흥민</b>의 동료였던 크리스티안 에릭센에게도 씁쓸한 결말이다. 2025년 9월 볼프스부르크로 이적한 에릭센은 파더보른전에서 주장 완장을 차고 분투했으나 끝내 팀의 강등을 막지 못했다.,"{""title"": ""29년 만의 추락, 구자철·KDB 뛰었던 볼프스부르크 강등… 승강 PO서 파더..."", ""originallink"": ""https://www.besteleven.com/news/articleView.html?idxno=307240"", ""link"": ""https://m.sports.naver.com/wfootball/article/343/0000142794"", ""description"": ""과거 <b>손흥민</b>의 동료였던 크리스티안 에릭센에게도 씁쓸한 결말이다. 2025년 9월 볼프스부르크로 이적한 에릭센은 파더보른전에서 주장 완장을 차고 분투했으나 끝내 팀의 강등을 막지 못했다."", ""pubDate"": ""Tue, 26 May 2026 08:16:00 +0900""}"
손흥민,single_term_fallback,손흥민,&quot;원형탈모 아니예요&quot; 탈모설에 직접 나선 '캡틴' <b>손흥민</b>,https://m.sports.naver.com/wfootball/article/079/0004150481,"Tue, 26 May 2026 08:08:00 +0900",'캡틴' <b>손흥민</b>(LAFC)이 느닷 없는 탈모설에 직접 해명했다. <b>손흥민</b>은 지난 25일(한국시간) 미국 캘리포니아주 로스앤젤레스의 BMO 스타디움에서 열린 2026 MLS 15라운드 시애틀 사운더스와 홈 경기에 선발 출전했다. 슈팅... ,https://www.nocutnews.co.kr/news/6522357?utm_source=naver&utm_medium=article&utm_campaign=20260526080703,naver_news,손흥민,canonical,1.0,2026-05-26T11:52:45.740012+00:00,0,0,0,0,,'캡틴' <b>손흥민</b>(LAFC)이 느닷 없는 탈모설에 직접 해명했다. <b>손흥민</b>은 지난 25일(한국시간) 미국 캘리포니아주 로스앤젤레스의 BMO 스타디움에서 열린 2026 MLS 15라운드 시애틀 사운더스와 홈 경기에 선발 출전했다. 슈팅... ,"{""title"": ""&quot;원형탈모 아니예요&quot; 탈모설에 직접 나선 '캡틴' <b>손흥민</b>"", ""originallink"": ""https://www.nocutnews.co.kr/news/6522357?utm_source=naver&utm_medium=article&utm_campaign=20260526080703"", ""link"": ""https://m.sports.naver.com/wfootball/article/079/0004150481"", ""description"": ""'캡틴' <b>손흥민</b>(LAFC)이 느닷 없는 탈모설에 직접 해명했다. <b>손흥민</b>은 지난 25일(한국시간) 미국 캘리포니아주 로스앤젤레스의 BMO 스타디움에서 열린 2026 MLS 15라운드 시애틀 사운더스와 홈 경기에 선발 출전했다. 슈팅... "", ""pubDate"": ""Tue, 26 May 2026 08:08:00 +0900""}"
손흥민,single_term_fallback,손흥민,<b>손흥민</b>에 황인범까지 합류…완전체 가까워진 홍명보호(종합),https://m.sports.naver.com/kfootball/article/003/0013966387,"Tue, 26 May 2026 08:04:00 +0900",한국 남자 축구 대표팀 '주장' <b>손흥민</b>(34·로스앤젤레스FC)이 2026 국제축구연맹(FIFA) 북중미 월드컵을 준비 중인 홍명보호에 합류한다. <b>손흥민</b>은 26일(한국 시간) 홍명보호가 사전 캠프를 차린 미국 유타주... ,https://www.newsis.com/view/NISX20260526_0003643238,naver_news,손흥민,canonical,1.0,2026-05-26T11:52:45.740012+00:00,0,0,0,0,,한국 남자 축구 대표팀 '주장' <b>손흥민</b>(34·로스앤젤레스FC)이 2026 국제축구연맹(FIFA) 북중미 월드컵을 준비 중인 홍명보호에 합류한다. <b>손흥민</b>은 26일(한국 시간) 홍명보호가 사전 캠프를 차린 미국 유타주... ,"{""title"": ""<b>손흥민</b>에 황인범까지 합류…완전체 가까워진 홍명보호(종합)"", ""originallink"": ""https://www.newsis.com/view/NISX20260526_0003643238"", ""link"": ""https://m.sports.naver.com/kfootball/article/003/0013966387"", ""description"": ""한국 남자 축구 대표팀 '주장' <b>손흥민</b>(34·로스앤젤레스FC)이 2026 국제축구연맹(FIFA) 북중미 월드컵을 준비 중인 홍명보호에 합류한다. <b>손흥민</b>은 26일(한국 시간) 홍명보호가 사전 캠프를 차린 미국 유타주... "", ""pubDate"": ""Tue, 26 May 2026 08:04:00 +0900""}"
손흥민,single_term_fallback,손흥민,"'33세' <b>손흥민</b>, 원형 탈모 의혹에 입 열었다…&quot;걱정하지 말길, 스트레스...",https://m.entertain.naver.com/article/312/0000761188,"Tue, 26 May 2026 08:00:00 +0900",<b>손흥민</b>(33)이 원형 탈모 의혹을 해명했다. <b>손흥민</b>은 25일 밤 자신의 인스타그램 스토리에 셀카 사진과 함께 &quot;원형 탈모 아니에요. 걱정하지 마세요&quot;라는 글을 게재했다. 이어 &quot;스트레스받을 일이 없는데… 월드컵 때... ,https://www.tenasia.co.kr/article/2026052677474,naver_news,손흥민,canonical,1.0,2026-05-26T11:52:45.740012+00:00,0,0,0,0,,<b>손흥민</b>(33)이 원형 탈모 의혹을 해명했다. <b>손흥민</b>은 25일 밤 자신의 인스타그램 스토리에 셀카 사진과 함께 &quot;원형 탈모 아니에요. 걱정하지 마세요&quot;라는 글을 게재했다. 이어 &quot;스트레스받을 일이 없는데… 월드컵 때... ,"{""title"": ""'33세' <b>손흥민</b>, 원형 탈모 의혹에 입 열었다…&quot;걱정하지 말길, 스트레스..."", ""originallink"": ""https://www.tenasia.co.kr/article/2026052677474"", ""link"": ""https://m.entertain.naver.com/article/312/0000761188"", ""description"": ""<b>손흥민</b>(33)이 원형 탈모 의혹을 해명했다. <b>손흥민</b>은 25일 밤 자신의 인스타그램 스토리에 셀카 사진과 함께 &quot;원형 탈모 아니에요. 걱정하지 마세요&quot;라는 글을 게재했다. 이어 &quot;스트레스받을 일이 없는데… 월드컵 때... "", ""pubDate"": ""Tue, 26 May 2026 08:00:00 +0900""}"
손흥민,single_term_fallback,손흥민,"“스트레스 받을 일이 없는데…” <b>손흥민</b>, 원형탈모설 직접 부인…중계...",https://m.sports.naver.com/wfootball/article/109/0005540675,"Tue, 26 May 2026 07:57:00 +0900","<b>손흥민</b>(34, LAFC)이 때아닌 ‘원형탈모설’에 대해 직접 해명했다. LAFC는 25일(한국시간) 미국 캘리포니아주... LAFC가 이겼지만 <b>손흥민</b>은 골이 없었다. MLS 12경기 연속 무득점이다. <b>손흥민</b>은 전반기 도움 9개를 올렸지만... ",http://www.osen.co.kr/article/G1112808252,naver_news,손흥민,canonical,1.0,2026-05-26T11:52:45.740012+00:00,0,0,0,0,,"<b>손흥민</b>(34, LAFC)이 때아닌 ‘원형탈모설’에 대해 직접 해명했다. LAFC는 25일(한국시간) 미국 캘리포니아주... LAFC가 이겼지만 <b>손흥민</b>은 골이 없었다. MLS 12경기 연속 무득점이다. <b>손흥민</b>은 전반기 도움 9개를 올렸지만... ","{""title"": ""“스트레스 받을 일이 없는데…” <b>손흥민</b>, 원형탈모설 직접 부인…중계..."", ""originallink"": ""http://www.osen.co.kr/article/G1112808252"", ""link"": ""https://m.sports.naver.com/wfootball/article/109/0005540675"", ""description"": ""<b>손흥민</b>(34, LAFC)이 때아닌 ‘원형탈모설’에 대해 직접 해명했다. LAFC는 25일(한국시간) 미국 캘리포니아주... LAFC가 이겼지만 <b>손흥민</b>은 골이 없었다. MLS 12경기 연속 무득점이다. <b>손흥민</b>은 전반기 도움 9개를 올렸지만... "", ""pubDate"": ""Tue, 26 May 2026 07:57:00 +0900""}"
손흥민,single_term_fallback,손흥민,"'4호골 도전' <b>손흥민</b>, 홍명보호 합류…&quot;월드컵 때 봬요&quot;",https://m.sports.naver.com/kfootball/article/003/0013966380,"Tue, 26 May 2026 07:51:00 +0900",한국 남자 축구 대표팀 '주장' <b>손흥민</b>(34·로스앤젤레스FC)이 2026 국제축구연맹(FIFA) 북중미 월드컵을 준비 중인 홍명보호에 합류한다. <b>손흥민</b>은 26일(한국 시간) 홍명보호가 사전 캠프를 차린 미국 유타주... ,https://www.newsis.com/view/NISX20260526_0003643201,naver_news,손흥민,canonical,1.0,2026-05-26T11:52:45.740012+00:00,0,0,0,0,,한국 남자 축구 대표팀 '주장' <b>손흥민</b>(34·로스앤젤레스FC)이 2026 국제축구연맹(FIFA) 북중미 월드컵을 준비 중인 홍명보호에 합류한다. <b>손흥민</b>은 26일(한국 시간) 홍명보호가 사전 캠프를 차린 미국 유타주... ,"{""title"": ""'4호골 도전' <b>손흥민</b>, 홍명보호 합류…&quot;월드컵 때 봬요&quot;"", ""originallink"": ""https://www.newsis.com/view/NISX20260526_0003643201"", ""link"": ""https://m.sports.naver.com/kfootball/article/003/0013966380"", ""description"": ""한국 남자 축구 대표팀 '주장' <b>손흥민</b>(34·로스앤젤레스FC)이 2026 국제축구연맹(FIFA) 북중미 월드컵을 준비 중인 홍명보호에 합류한다. <b>손흥민</b>은 26일(한국 시간) 홍명보호가 사전 캠프를 차린 미국 유타주... "", ""pubDate"": ""Tue, 26 May 2026 07:51:00 +0900""}"
손흥민,single_term_fallback,손흥민,"<b>손흥민</b>, 원형탈모설 입장 밝혔다 “스트레스 받을 일이 없는데”",https://m.entertain.naver.com/article/109/0005540672,"Tue, 26 May 2026 07:50:00 +0900",국가대표 축구선수 <b>손흥민</b>이 원형탈모설에 대한 입장을 밝혔다. <b>손흥민</b>은 지난 25일 “원형탈모 아니예요. 걱정마세요. 스트레스 받을 일이 없는데. 월드컵 때 뵈요”라고 했다. <b>손흥민</b>은 최근 2026 미국프로축구(MLS)... ,http://www.osen.co.kr/article/G1112808253,naver_news,손흥민,canonical,1.0,2026-05-26T11:52:45.740012+00:00,0,0,0,0,,국가대표 축구선수 <b>손흥민</b>이 원형탈모설에 대한 입장을 밝혔다. <b>손흥민</b>은 지난 25일 “원형탈모 아니예요. 걱정마세요. 스트레스 받을 일이 없는데. 월드컵 때 뵈요”라고 했다. <b>손흥민</b>은 최근 2026 미국프로축구(MLS)... ,"{""title"": ""<b>손흥민</b>, 원형탈모설 입장 밝혔다 “스트레스 받을 일이 없는데”"", ""originallink"": ""http://www.osen.co.kr/article/G1112808253"", ""link"": ""https://m.entertain.naver.com/article/109/0005540672"", ""description"": ""국가대표 축구선수 <b>손흥민</b>이 원형탈모설에 대한 입장을 밝혔다. <b>손흥민</b>은 지난 25일 “원형탈모 아니예요. 걱정마세요. 스트레스 받을 일이 없는데. 월드컵 때 뵈요”라고 했다. <b>손흥민</b>은 최근 2026 미국프로축구(MLS)... "", ""pubDate"": ""Tue, 26 May 2026 07:50:00 +0900""}"
손흥민,single_term_fallback,손흥민,월드컵서 '행복축구' 준비 <b>손흥민</b> &quot;원형 탈모 없으니 걱정마세요&quot;,https://m.sports.naver.com/wfootball/article/421/0008965080,"Tue, 26 May 2026 07:49:00 +0900",한국 축구국가대표 <b>손흥민</b>(34·LA FC)이 원형탈모가 없으니 걱정하지 말라며 팬들을 안심시켰다. <b>손흥민</b>은 26일(이하 한국시간) 자신의 SNS를 통해 밝게 웃는 사진과 함께 &quot;원형탈모 아니에요. 걱정하지 마세요.... ,https://www.news1.kr/sports/soccer/6177045,naver_news,손흥민,canonical,1.0,2026-05-26T11:52:45.740012+00:00,0,0,0,0,,한국 축구국가대표 <b>손흥민</b>(34·LA FC)이 원형탈모가 없으니 걱정하지 말라며 팬들을 안심시켰다. <b>손흥민</b>은 26일(이하 한국시간) 자신의 SNS를 통해 밝게 웃는 사진과 함께 &quot;원형탈모 아니에요. 걱정하지 마세요.... ,"{""title"": ""월드컵서 '행복축구' 준비 <b>손흥민</b> &quot;원형 탈모 없으니 걱정마세요&quot;"", ""originallink"": ""https://www.news1.kr/sports/soccer/6177045"", ""link"": ""https://m.sports.naver.com/wfootball/article/421/0008965080"", ""description"": ""한국 축구국가대표 <b>손흥민</b>(34·LA FC)이 원형탈모가 없으니 걱정하지 말라며 팬들을 안심시켰다. <b>손흥민</b>은 26일(이하 한국시간) 자신의 SNS를 통해 밝게 웃는 사진과 함께 &quot;원형탈모 아니에요. 걱정하지 마세요.... "", ""pubDate"": ""Tue, 26 May 2026 07:49:00 +0900""}"
손흥민,single_term_fallback,손흥민,"[오피셜] '쏘니 절친' 에릭센, 충격적인 결과...&quot;정말 가슴이 아프다&quot; 3...",https://m.sports.naver.com/wfootball/article/139/0002247799,"Tue, 26 May 2026 07:47:00 +0900","<b>손흥민</b>의 절친한 친구로 잘 알려진 크리스티안 에릭센은 볼프스부르크의 주장 자격으로, 두 경기서 교체 없이 210분 이상을 소화했다. 특유의 뛰어난 패싱력과 킥력을 앞세워 중원을 조율한 에릭센은 준수한 활약을... ",https://www.sportalkorea.com/news/articleView.html?idxno=2025052909553243670,naver_news,손흥민,canonical,1.0,2026-05-26T11:52:45.740012+00:00,0,0,0,0,,"<b>손흥민</b>의 절친한 친구로 잘 알려진 크리스티안 에릭센은 볼프스부르크의 주장 자격으로, 두 경기서 교체 없이 210분 이상을 소화했다. 특유의 뛰어난 패싱력과 킥력을 앞세워 중원을 조율한 에릭센은 준수한 활약을... ","{""title"": ""[오피셜] '쏘니 절친' 에릭센, 충격적인 결과...&quot;정말 가슴이 아프다&quot; 3..."", ""originallink"": ""https://www.sportalkorea.com/news/articleView.html?idxno=2025052909553243670"", ""link"": ""https://m.sports.naver.com/wfootball/article/139/0002247799"", ""description"": ""<b>손흥민</b>의 절친한 친구로 잘 알려진 크리스티안 에릭센은 볼프스부르크의 주장 자격으로, 두 경기서 교체 없이 210분 이상을 소화했다. 특유의 뛰어난 패싱력과 킥력을 앞세워 중원을 조율한 에릭센은 준수한 활약을... "", ""pubDate"": ""Tue, 26 May 2026 07:47:00 +0900""}"
손흥민,single_term_fallback,손흥민,"&quot;원형 탈모 아니에요&quot; <b>손흥민</b> 직접 밝혔다, &quot;스트레스 받을 일이 없는데...",https://m.sports.naver.com/wfootball/article/108/0003438502,"Tue, 26 May 2026 07:47:00 +0900",경기 도중 원형 탈모로 추정되는 흔적이 중계 화면에 잡혀 우려를 낳았던 축구 국가대표팀 주장 <b>손흥민</b>(34·LAFC)이 &quot;원형 탈모가 아니&quot;라고 직접 설명했다. <b>손흥민</b>은 26일(한국시간) 자신의 소셜 미디어(SNS)에 &quot;걱정... ,https://www.starnewskorea.com/sports/2026/05/26/2026052607145030644,naver_news,손흥민,canonical,1.0,2026-05-26T11:52:45.740012+00:00,0,0,0,0,,경기 도중 원형 탈모로 추정되는 흔적이 중계 화면에 잡혀 우려를 낳았던 축구 국가대표팀 주장 <b>손흥민</b>(34·LAFC)이 &quot;원형 탈모가 아니&quot;라고 직접 설명했다. <b>손흥민</b>은 26일(한국시간) 자신의 소셜 미디어(SNS)에 &quot;걱정... ,"{""title"": ""&quot;원형 탈모 아니에요&quot; <b>손흥민</b> 직접 밝혔다, &quot;스트레스 받을 일이 없는데..."", ""originallink"": ""https://www.starnewskorea.com/sports/2026/05/26/2026052607145030644"", ""link"": ""https://m.sports.naver.com/wfootball/article/108/0003438502"", ""description"": ""경기 도중 원형 탈모로 추정되는 흔적이 중계 화면에 잡혀 우려를 낳았던 축구 국가대표팀 주장 <b>손흥민</b>(34·LAFC)이 &quot;원형 탈모가 아니&quot;라고 직접 설명했다. <b>손흥민</b>은 26일(한국시간) 자신의 소셜 미디어(SNS)에 &quot;걱정... "", ""pubDate"": ""Tue, 26 May 2026 07:47:00 +0900""}"
손흥민,single_term_fallback,손흥민,<b>손흥민</b> &quot;스트레스 받을 일 없어&quot; 해명…원형탈모 뭐길래,https://n.news.naver.com/mnews/article/015/0005290932?sid=103,"Tue, 26 May 2026 07:40:00 +0900",국가대표 축구대표팀 주장 <b>손흥민</b>이 북중미월드컵을 앞두고 불거진 '원형 탈모' 루머를 직접 해명했다. <b>손흥민</b>은 25일 자신의 사회관계망서비스(SNS)에 &quot;원형 탈모 아니다. 걱정말라&quot;며 &quot;스트레스 받을 일 없었다&quot;는 글을... ,https://www.hankyung.com/article/2026052677797,naver_news,손흥민,canonical,1.0,2026-05-26T11:52:45.740012+00:00,0,0,0,0,,국가대표 축구대표팀 주장 <b>손흥민</b>이 북중미월드컵을 앞두고 불거진 '원형 탈모' 루머를 직접 해명했다. <b>손흥민</b>은 25일 자신의 사회관계망서비스(SNS)에 &quot;원형 탈모 아니다. 걱정말라&quot;며 &quot;스트레스 받을 일 없었다&quot;는 글을... ,"{""title"": ""<b>손흥민</b> &quot;스트레스 받을 일 없어&quot; 해명…원형탈모 뭐길래"", ""originallink"": ""https://www.hankyung.com/article/2026052677797"", ""link"": ""https://n.news.naver.com/mnews/article/015/0005290932?sid=103"", ""description"": ""국가대표 축구대표팀 주장 <b>손흥민</b>이 북중미월드컵을 앞두고 불거진 '원형 탈모' 루머를 직접 해명했다. <b>손흥민</b>은 25일 자신의 사회관계망서비스(SNS)에 &quot;원형 탈모 아니다. 걱정말라&quot;며 &quot;스트레스 받을 일 없었다&quot;는 글을... "", ""pubDate"": ""Tue, 26 May 2026 07:40:00 +0900""}"
손흥민,single_term_fallback,손흥민,"'슈팅만 7개' 예열 끝…<b>손흥민</b>, 오늘 대표팀 합류",https://m.sports.naver.com/kfootball/article/055/0001359035,"Tue, 26 May 2026 07:39:00 +0900",LAFC에서 뛰는 <b>손흥민</b> 선수가 월드컵 전 마지막 리그 경기에서 '슈팅만' 7개를 날렸지만 아쉽게 골 침묵을 깨진 못했습니다. 예열을 마친 <b>손흥민</b> 선수는 오늘 대표팀에 합류합니다. 이정찬 기자입니다. &lt;기자&gt; FIFA가 정한... ,https://news.sbs.co.kr/news/endPage.do?news_id=N1008578221&plink=ORI&cooper=NAVER,naver_news,손흥민,canonical,1.0,2026-05-26T11:52:45.740012+00:00,0,0,0,0,,LAFC에서 뛰는 <b>손흥민</b> 선수가 월드컵 전 마지막 리그 경기에서 '슈팅만' 7개를 날렸지만 아쉽게 골 침묵을 깨진 못했습니다. 예열을 마친 <b>손흥민</b> 선수는 오늘 대표팀에 합류합니다. 이정찬 기자입니다. &lt;기자&gt; FIFA가 정한... ,"{""title"": ""'슈팅만 7개' 예열 끝…<b>손흥민</b>, 오늘 대표팀 합류"", ""originallink"": ""https://news.sbs.co.kr/news/endPage.do?news_id=N1008578221&plink=ORI&cooper=NAVER"", ""link"": ""https://m.sports.naver.com/kfootball/article/055/0001359035"", ""description"": ""LAFC에서 뛰는 <b>손흥민</b> 선수가 월드컵 전 마지막 리그 경기에서 '슈팅만' 7개를 날렸지만 아쉽게 골 침묵을 깨진 못했습니다. 예열을 마친 <b>손흥민</b> 선수는 오늘 대표팀에 합류합니다. 이정찬 기자입니다. &lt;기자&gt; FIFA가 정한... "", ""pubDate"": ""Tue, 26 May 2026 07:39:00 +0900""}"
손흥민,single_term_fallback,손흥민,"홍명보호 '완전체' 다가온다! 핵심 황인범, 부상 털어낸 후 美 합류→손...",https://m.sports.naver.com/kfootball/article/117/0004068029,"Tue, 26 May 2026 07:28:00 +0900","25일에 LAFC 경기를 치른 <b>손흥민</b>도 곧바로 솔트레이크시티로 이동한다. 황희찬, 박진섭도 25일에 도착을 하며 김민재의 합류 날짜는 27일로 예정 돼 있다. 31일 헝가리에서 유럽축구연맹(UEFA) 챔피언스리그(UCL) 결승전을... ",https://www.mydaily.co.kr/page/view/2026052607274814030,naver_news,손흥민,canonical,1.0,2026-05-26T11:52:45.740012+00:00,0,0,0,0,,"25일에 LAFC 경기를 치른 <b>손흥민</b>도 곧바로 솔트레이크시티로 이동한다. 황희찬, 박진섭도 25일에 도착을 하며 김민재의 합류 날짜는 27일로 예정 돼 있다. 31일 헝가리에서 유럽축구연맹(UEFA) 챔피언스리그(UCL) 결승전을... ","{""title"": ""홍명보호 '완전체' 다가온다! 핵심 황인범, 부상 털어낸 후 美 합류→손..."", ""originallink"": ""https://www.mydaily.co.kr/page/view/2026052607274814030"", ""link"": ""https://m.sports.naver.com/kfootball/article/117/0004068029"", ""description"": ""25일에 LAFC 경기를 치른 <b>손흥민</b>도 곧바로 솔트레이크시티로 이동한다. 황희찬, 박진섭도 25일에 도착을 하며 김민재의 합류 날짜는 27일로 예정 돼 있다. 31일 헝가리에서 유럽축구연맹(UEFA) 챔피언스리그(UCL) 결승전을... "", ""pubDate"": ""Tue, 26 May 2026 07:28:00 +0900""}"
손흥민,single_term_fallback,손흥민,"LAFC 홈경기 마친 <b>손흥민</b>, 현지서 홍명보호 합류",https://m.sports.naver.com/kfootball/article/016/0002647856,"Tue, 26 May 2026 07:20:00 +0900",3차례 월드컵서 3골…4호골 도전 소속팀서 전반기 13경기 골 침목 LAFC의 <b>손흥민</b>(왼쪽)이 245 캘리포니아... [AFP] [헤럴드경제=조용직 기자] 소속팀 LAFC에서 홈 경기를 마친 <b>손흥민</b>이 26일(한국시간) 홍명보호에 합류한다.... ,https://biz.heraldcorp.com/article/10755608?ref=naver,naver_news,손흥민,canonical,1.0,2026-05-26T11:52:45.740012+00:00,0,0,0,0,,3차례 월드컵서 3골…4호골 도전 소속팀서 전반기 13경기 골 침목 LAFC의 <b>손흥민</b>(왼쪽)이 245 캘리포니아... [AFP] [헤럴드경제=조용직 기자] 소속팀 LAFC에서 홈 경기를 마친 <b>손흥민</b>이 26일(한국시간) 홍명보호에 합류한다.... ,"{""title"": ""LAFC 홈경기 마친 <b>손흥민</b>, 현지서 홍명보호 합류"", ""originallink"": ""https://biz.heraldcorp.com/article/10755608?ref=naver"", ""link"": ""https://m.sports.naver.com/kfootball/article/016/0002647856"", ""description"": ""3차례 월드컵서 3골…4호골 도전 소속팀서 전반기 13경기 골 침목 LAFC의 <b>손흥민</b>(왼쪽)이 245 캘리포니아... [AFP] [헤럴드경제=조용직 기자] 소속팀 LAFC에서 홈 경기를 마친 <b>손흥민</b>이 26일(한국시간) 홍명보호에 합류한다.... "", ""pubDate"": ""Tue, 26 May 2026 07:20:00 +0900""}"
손흥민,single_term_fallback,손흥민,"[투데이 라인업] 정용진, '스타벅스 논란' 대국민 사과 / '김수현 명예훼...",https://n.news.naver.com/mnews/article/057/0001950750?sid=102,"Tue, 26 May 2026 07:20:00 +0900",월드컵 축구 대표팀 주장 <b>손흥민</b>이 오늘 미국 유타주 솔트레이크시티에 차려진 사전 캠프에 합류합니다. 체력 훈련과 함께 본격적인 고지대 적응에 들어갑니다. ------------------------------------------- 지금까지 투데이... ,http://www.mbn.co.kr/pages/news/newsView.php?news_seq_no=5195876,naver_news,손흥민,canonical,1.0,2026-05-26T11:52:45.740012+00:00,0,0,0,0,,월드컵 축구 대표팀 주장 <b>손흥민</b>이 오늘 미국 유타주 솔트레이크시티에 차려진 사전 캠프에 합류합니다. 체력 훈련과 함께 본격적인 고지대 적응에 들어갑니다. ------------------------------------------- 지금까지 투데이... ,"{""title"": ""[투데이 라인업] 정용진, '스타벅스 논란' 대국민 사과 / '김수현 명예훼..."", ""originallink"": ""http://www.mbn.co.kr/pages/news/newsView.php?news_seq_no=5195876"", ""link"": ""https://n.news.naver.com/mnews/article/057/0001950750?sid=102"", ""description"": ""월드컵 축구 대표팀 주장 <b>손흥민</b>이 오늘 미국 유타주 솔트레이크시티에 차려진 사전 캠프에 합류합니다. 체력 훈련과 함께 본격적인 고지대 적응에 들어갑니다. ------------------------------------------- 지금까지 투데이... "", ""pubDate"": ""Tue, 26 May 2026 07:20:00 +0900""}"
손흥민,single_term_fallback,손흥민,"[현장] “관람객도, 상인도 웃었다”…해운대 초록빛으로 덮은 ‘테라 ...",https://www.socialvalue.kr/news/view/1065599658306009,"Tue, 26 May 2026 07:06:00 +0900","◇ <b>손흥민</b> 부스 앞 긴 줄…초록빛으로 물든 축제장 센텀맥주축제는 2013년 시작해 올해 11회째를 맞은 부산... 테라 모델인 축구선수 <b>손흥민</b>의 얼굴이 그려진 대형 맥주 부스가 중앙을 차지했고, 양옆으로는 음식... ",https://www.socialvalue.kr/news/view/1065599658306009,naver_news,손흥민,canonical,1.0,2026-05-26T11:52:45.740012+00:00,0,0,0,0,,"◇ <b>손흥민</b> 부스 앞 긴 줄…초록빛으로 물든 축제장 센텀맥주축제는 2013년 시작해 올해 11회째를 맞은 부산... 테라 모델인 축구선수 <b>손흥민</b>의 얼굴이 그려진 대형 맥주 부스가 중앙을 차지했고, 양옆으로는 음식... ","{""title"": ""[현장] “관람객도, 상인도 웃었다”…해운대 초록빛으로 덮은 ‘테라 ..."", ""originallink"": ""https://www.socialvalue.kr/news/view/1065599658306009"", ""link"": ""https://www.socialvalue.kr/news/view/1065599658306009"", ""description"": ""◇ <b>손흥민</b> 부스 앞 긴 줄…초록빛으로 물든 축제장 센텀맥주축제는 2013년 시작해 올해 11회째를 맞은 부산... 테라 모델인 축구선수 <b>손흥민</b>의 얼굴이 그려진 대형 맥주 부스가 중앙을 차지했고, 양옆으로는 음식... "", ""pubDate"": ""Tue, 26 May 2026 07:06:00 +0900""}"
손흥민,single_term_fallback,손흥민,기성용이 <b>손흥민</b>에게 &quot;외롭고 부담 큰 싸움…마지막 멋지게 장식했으면...,https://m.sports.naver.com/kfootball/article/421/0008965049,"Tue, 26 May 2026 07:03:00 +0900","주장 <b>손흥민</b>(34·LA FC)에게 격려의 메시지를 전했다. 기성용은 &quot;외로운 싸움이 되겠지만, 마지막 무대를 멋지게 장식하기를 바란다&quot;고 후배 <b>손흥민</b>을 응원했다. 기성용은 2010 남아공 월드컵을 시작으로 2014 브라질... ",https://www.news1.kr/sports/soccer/6176973,naver_news,손흥민,canonical,1.0,2026-05-26T11:52:45.740012+00:00,0,0,0,0,,"주장 <b>손흥민</b>(34·LA FC)에게 격려의 메시지를 전했다. 기성용은 &quot;외로운 싸움이 되겠지만, 마지막 무대를 멋지게 장식하기를 바란다&quot;고 후배 <b>손흥민</b>을 응원했다. 기성용은 2010 남아공 월드컵을 시작으로 2014 브라질... ","{""title"": ""기성용이 <b>손흥민</b>에게 &quot;외롭고 부담 큰 싸움…마지막 멋지게 장식했으면..."", ""originallink"": ""https://www.news1.kr/sports/soccer/6176973"", ""link"": ""https://m.sports.naver.com/kfootball/article/421/0008965049"", ""description"": ""주장 <b>손흥민</b>(34·LA FC)에게 격려의 메시지를 전했다. 기성용은 &quot;외로운 싸움이 되겠지만, 마지막 무대를 멋지게 장식하기를 바란다&quot;고 후배 <b>손흥민</b>을 응원했다. 기성용은 2010 남아공 월드컵을 시작으로 2014 브라질... "", ""pubDate"": ""Tue, 26 May 2026 07:03:00 +0900""}"
손흥민,single_term_fallback,손흥민,'4번째 월드컵' 골키퍼 김승규…굳혀지는 넘버원[포지션별 분석④],https://m.sports.naver.com/kfootball/article/003/0013966364,"Tue, 26 May 2026 07:00:00 +0900",2026 북중미 월드컵에 나서는 홍명보호에서 4번째 월드컵에 도전하는 태극전사는 <b>손흥민</b>(LAFC)만 있는 게 아니다. 베테랑 골키퍼 김승규(FC도쿄)도 <b>손흥민</b>과 함께 통산 4번째 월드컵 무대에서 '라스트 댄스'를 꿈꾼다.... ,https://www.newsis.com/view/NISX20260525_0003643082,naver_news,손흥민,canonical,1.0,2026-05-26T11:52:45.740012+00:00,0,0,0,0,,2026 북중미 월드컵에 나서는 홍명보호에서 4번째 월드컵에 도전하는 태극전사는 <b>손흥민</b>(LAFC)만 있는 게 아니다. 베테랑 골키퍼 김승규(FC도쿄)도 <b>손흥민</b>과 함께 통산 4번째 월드컵 무대에서 '라스트 댄스'를 꿈꾼다.... ,"{""title"": ""'4번째 월드컵' 골키퍼 김승규…굳혀지는 넘버원[포지션별 분석④]"", ""originallink"": ""https://www.newsis.com/view/NISX20260525_0003643082"", ""link"": ""https://m.sports.naver.com/kfootball/article/003/0013966364"", ""description"": ""2026 북중미 월드컵에 나서는 홍명보호에서 4번째 월드컵에 도전하는 태극전사는 <b>손흥민</b>(LAFC)만 있는 게 아니다. 베테랑 골키퍼 김승규(FC도쿄)도 <b>손흥민</b>과 함께 통산 4번째 월드컵 무대에서 '라스트 댄스'를 꿈꾼다.... "", ""pubDate"": ""Tue, 26 May 2026 07:00:00 +0900""}"
손흥민,single_term_fallback,손흥민,"4번째 월드컵 무대서 4호 골 노리는 <b>손흥민</b>, 오늘 홍명보호 합류",https://m.sports.naver.com/kfootball/article/055/0001359021,"Tue, 26 May 2026 06:55:00 +0900",▲ <b>손흥민</b> 4번째 '월드컵 무대'에 오르는 <b>손흥민</b>(LAFC)이 오늘(26일) 홍명보호에 합류합니다. 소속팀 로스앤젤레스FC에서 전날 홈 경기를 치른 <b>손흥민</b>은 이날 홍명보호의 사전캠프가 차려진 미국 유타주 솔트레이크시티로... ,https://news.sbs.co.kr/news/endPage.do?news_id=N1008578203&plink=ORI&cooper=NAVER,naver_news,손흥민,canonical,1.0,2026-05-26T11:52:45.740012+00:00,0,0,0,0,,▲ <b>손흥민</b> 4번째 '월드컵 무대'에 오르는 <b>손흥민</b>(LAFC)이 오늘(26일) 홍명보호에 합류합니다. 소속팀 로스앤젤레스FC에서 전날 홈 경기를 치른 <b>손흥민</b>은 이날 홍명보호의 사전캠프가 차려진 미국 유타주 솔트레이크시티로... ,"{""title"": ""4번째 월드컵 무대서 4호 골 노리는 <b>손흥민</b>, 오늘 홍명보호 합류"", ""originallink"": ""https://news.sbs.co.kr/news/endPage.do?news_id=N1008578203&plink=ORI&cooper=NAVER"", ""link"": ""https://m.sports.naver.com/kfootball/article/055/0001359021"", ""description"": ""▲ <b>손흥민</b> 4번째 '월드컵 무대'에 오르는 <b>손흥민</b>(LAFC)이 오늘(26일) 홍명보호에 합류합니다. 소속팀 로스앤젤레스FC에서 전날 홈 경기를 치른 <b>손흥민</b>은 이날 홍명보호의 사전캠프가 차려진 미국 유타주 솔트레이크시티로... "", ""pubDate"": ""Tue, 26 May 2026 06:55:00 +0900""}"
손흥민,single_term_fallback,손흥민,"<b>손흥민</b>, 홍명보호 합류... '4번째 월드컵' 향해 신발끈 조인다",https://www.newspim.com/news/view/20260526000014,"Tue, 26 May 2026 06:54:00 +0900",'캡틴' <b>손흥민</b>(LA FC)이 홍명보호에 합류했다. 25일(한국시간) 시애틀 사운더스와의 MLS 15라운드를 마치고... 하지만 고지대 적응은 <b>손흥민</b>에게도 필수 과제다. <b>손흥민</b>을 비롯한 후발대 역시 2~3일간 적응기를 거친 후... ,https://www.newspim.com/news/view/20260526000014,naver_news,손흥민,canonical,1.0,2026-05-26T11:52:45.740012+00:00,0,0,0,0,,'캡틴' <b>손흥민</b>(LA FC)이 홍명보호에 합류했다. 25일(한국시간) 시애틀 사운더스와의 MLS 15라운드를 마치고... 하지만 고지대 적응은 <b>손흥민</b>에게도 필수 과제다. <b>손흥민</b>을 비롯한 후발대 역시 2~3일간 적응기를 거친 후... ,"{""title"": ""<b>손흥민</b>, 홍명보호 합류... '4번째 월드컵' 향해 신발끈 조인다"", ""originallink"": ""https://www.newspim.com/news/view/20260526000014"", ""link"": ""https://www.newspim.com/news/view/20260526000014"", ""description"": ""'캡틴' <b>손흥민</b>(LA FC)이 홍명보호에 합류했다. 25일(한국시간) 시애틀 사운더스와의 MLS 15라운드를 마치고... 하지만 고지대 적응은 <b>손흥민</b>에게도 필수 과제다. <b>손흥민</b>을 비롯한 후발대 역시 2~3일간 적응기를 거친 후... "", ""pubDate"": ""Tue, 26 May 2026 06:54:00 +0900""}"
손흥민,single_term_fallback,손흥민,"'4번째 월드컵' <b>손흥민</b>, 홍명보호 합류...韓 최초 4호골 도전",https://www.slist.kr/news/articleView.html?idxno=741185,"Tue, 26 May 2026 06:52:00 +0900",4번째 '월드컵 무대'에 오르는 <b>손흥민</b>(LAFC)이 26일(한국시간) 홍명보호에 합류한다. 소속팀 로스앤젤레스FC에서 전날 홈 경기를 치른 <b>손흥민</b>은 이날 홍명보호의 사전캠프가 차려진 미국 유타주 솔트레이크시티로... ,https://www.slist.kr/news/articleView.html?idxno=741185,naver_news,손흥민,canonical,1.0,2026-05-26T11:52:45.740012+00:00,0,0,0,0,,4번째 '월드컵 무대'에 오르는 <b>손흥민</b>(LAFC)이 26일(한국시간) 홍명보호에 합류한다. 소속팀 로스앤젤레스FC에서 전날 홈 경기를 치른 <b>손흥민</b>은 이날 홍명보호의 사전캠프가 차려진 미국 유타주 솔트레이크시티로... ,"{""title"": ""'4번째 월드컵' <b>손흥민</b>, 홍명보호 합류...韓 최초 4호골 도전"", ""originallink"": ""https://www.slist.kr/news/articleView.html?idxno=741185"", ""link"": ""https://www.slist.kr/news/articleView.html?idxno=741185"", ""description"": ""4번째 '월드컵 무대'에 오르는 <b>손흥민</b>(LAFC)이 26일(한국시간) 홍명보호에 합류한다. 소속팀 로스앤젤레스FC에서 전날 홈 경기를 치른 <b>손흥민</b>은 이날 홍명보호의 사전캠프가 차려진 미국 유타주 솔트레이크시티로... "", ""pubDate"": ""Tue, 26 May 2026 06:52:00 +0900""}"
손흥민,single_term_fallback,손흥민,"세계 축구 팬 좌절, 역대급 월드컵 '라스트댄스' 대위기...휴식기 앞두고...",https://m.sports.naver.com/wfootball/article/076/0004408886,"Tue, 26 May 2026 06:50:00 +0900","이번 북중미월드컵은 메시를 비롯해 크리스티아누 호날두, 루카 모드리치, <b>손흥민</b>, 하메스 로드리게스, 마누엘 노이어 등 월드컵 라스트댄스를 나서는 베테랑들의 여정이 큰 관심을 받을 예정이다. 그중 2022년 카타르... ",https://www.sportschosun.com/football/2026-05-26/202605260100150660010127,naver_news,손흥민,canonical,1.0,2026-05-26T11:52:45.740012+00:00,0,0,0,0,,"이번 북중미월드컵은 메시를 비롯해 크리스티아누 호날두, 루카 모드리치, <b>손흥민</b>, 하메스 로드리게스, 마누엘 노이어 등 월드컵 라스트댄스를 나서는 베테랑들의 여정이 큰 관심을 받을 예정이다. 그중 2022년 카타르... ","{""title"": ""세계 축구 팬 좌절, 역대급 월드컵 '라스트댄스' 대위기...휴식기 앞두고..."", ""originallink"": ""https://www.sportschosun.com/football/2026-05-26/202605260100150660010127"", ""link"": ""https://m.sports.naver.com/wfootball/article/076/0004408886"", ""description"": ""이번 북중미월드컵은 메시를 비롯해 크리스티아누 호날두, 루카 모드리치, <b>손흥민</b>, 하메스 로드리게스, 마누엘 노이어 등 월드컵 라스트댄스를 나서는 베테랑들의 여정이 큰 관심을 받을 예정이다. 그중 2022년 카타르... "", ""pubDate"": ""Tue, 26 May 2026 06:50:00 +0900""}"
손흥민,single_term_fallback,손흥민,'온갖 루머' 다 견딘 <b>손흥민</b>도 못 참고 직접 해명...&quot;원형 탈모 아니에요...,https://m.sports.naver.com/wfootball/article/139/0002247794,"Tue, 26 May 2026 06:05:00 +0900",<b>손흥민</b>이 계속된 원형 탈모설에 직접 선을 그었다. 그간 온갖 루머에도 좀처럼 스스로 나서는 일이 없던 <b>손흥민</b>은 유쾌한 해명을 내놓으며 축구 팬들에게 즐거움을 선사했다. LAFC는 25일(한국시간) 미국 캘리포니아주... ,https://www.sportalkorea.com/news/articleView.html?idxno=2025052909553243543,naver_news,손흥민,canonical,1.0,2026-05-26T11:52:45.740012+00:00,0,0,0,0,,<b>손흥민</b>이 계속된 원형 탈모설에 직접 선을 그었다. 그간 온갖 루머에도 좀처럼 스스로 나서는 일이 없던 <b>손흥민</b>은 유쾌한 해명을 내놓으며 축구 팬들에게 즐거움을 선사했다. LAFC는 25일(한국시간) 미국 캘리포니아주... ,"{""title"": ""'온갖 루머' 다 견딘 <b>손흥민</b>도 못 참고 직접 해명...&quot;원형 탈모 아니에요..."", ""originallink"": ""https://www.sportalkorea.com/news/articleView.html?idxno=2025052909553243543"", ""link"": ""https://m.sports.naver.com/wfootball/article/139/0002247794"", ""description"": ""<b>손흥민</b>이 계속된 원형 탈모설에 직접 선을 그었다. 그간 온갖 루머에도 좀처럼 스스로 나서는 일이 없던 <b>손흥민</b>은 유쾌한 해명을 내놓으며 축구 팬들에게 즐거움을 선사했다. LAFC는 25일(한국시간) 미국 캘리포니아주... "", ""pubDate"": ""Tue, 26 May 2026 06:05:00 +0900""}"
손흥민,single_term_fallback,손흥민,은행들 '멀티 스타' 전략...광고비는 매년 고공행진,https://n.news.naver.com/mnews/article/014/0005526128?sid=101,"Tue, 26 May 2026 06:00:00 +0900","하나은행은 축구선수 <b>손흥민</b>, 걸그룹 아이브 소속의 안유진, 가수 임영웅, 방송인 강호동, 가수 지드래곤 등 특A급 모델을 대거 기용하고 있다. 광고업계에서는 지드래곤의 연간 광고료(30억원 추산)를 업계 최고... ",http://www.fnnews.com/news/202605241543564129,naver_news,손흥민,canonical,1.0,2026-05-26T11:52:45.740012+00:00,0,0,0,0,,"하나은행은 축구선수 <b>손흥민</b>, 걸그룹 아이브 소속의 안유진, 가수 임영웅, 방송인 강호동, 가수 지드래곤 등 특A급 모델을 대거 기용하고 있다. 광고업계에서는 지드래곤의 연간 광고료(30억원 추산)를 업계 최고... ","{""title"": ""은행들 '멀티 스타' 전략...광고비는 매년 고공행진"", ""originallink"": ""http://www.fnnews.com/news/202605241543564129"", ""link"": ""https://n.news.naver.com/mnews/article/014/0005526128?sid=101"", ""description"": ""하나은행은 축구선수 <b>손흥민</b>, 걸그룹 아이브 소속의 안유진, 가수 임영웅, 방송인 강호동, 가수 지드래곤 등 특A급 모델을 대거 기용하고 있다. 광고업계에서는 지드래곤의 연간 광고료(30억원 추산)를 업계 최고... "", ""pubDate"": ""Tue, 26 May 2026 06:00:00 +0900""}"
손흥민,single_term_fallback,손흥민,"토트넘 주전 센터백의 솔직 고백, “마지막 경기서 잔류 여부 갈린 건 창...",https://m.sports.naver.com/wfootball/article/109/0005540638,"Tue, 26 May 2026 05:57:00 +0900","챔피언스리그 결승을 경험했고, 최근까지 <b>손흥민</b>과 해리 케인을 앞세워 유럽 무대를 노렸다. 그런 팀이 시즌 마지막 날까지 2부 강등 가능성을 계산했다. 잔류 확정이 축제가 되기 어려운 이유다. 판 더 펜 개인에게도... ",http://www.osen.co.kr/article/G1112808076,naver_news,손흥민,canonical,1.0,2026-05-26T11:52:45.740012+00:00,0,0,0,0,,"챔피언스리그 결승을 경험했고, 최근까지 <b>손흥민</b>과 해리 케인을 앞세워 유럽 무대를 노렸다. 그런 팀이 시즌 마지막 날까지 2부 강등 가능성을 계산했다. 잔류 확정이 축제가 되기 어려운 이유다. 판 더 펜 개인에게도... ","{""title"": ""토트넘 주전 센터백의 솔직 고백, “마지막 경기서 잔류 여부 갈린 건 창..."", ""originallink"": ""http://www.osen.co.kr/article/G1112808076"", ""link"": ""https://m.sports.naver.com/wfootball/article/109/0005540638"", ""description"": ""챔피언스리그 결승을 경험했고, 최근까지 <b>손흥민</b>과 해리 케인을 앞세워 유럽 무대를 노렸다. 그런 팀이 시즌 마지막 날까지 2부 강등 가능성을 계산했다. 잔류 확정이 축제가 되기 어려운 이유다. 판 더 펜 개인에게도... "", ""pubDate"": ""Tue, 26 May 2026 05:57:00 +0900""}"
손흥민,single_term_fallback,손흥민,"'어쩌면 마지막 월드컵일지 몰라' 전설 <b>손흥민</b>, 드디어 금일(26일) 美 사...",https://m.sports.naver.com/kfootball/article/076/0004408874,"Tue, 26 May 2026 05:50:00 +0900",홍명보호에 '캡틴' <b>손흥민</b>(LA FC)이 드디어 올라탔다. 리그 성적에 대한 아쉬움은 뒤로 하고 개인 통산 네 번째이자 마지막이 될 가능성이 큰 월드컵 준비에 본격 돌입한다. <b>손흥민</b>은 25일(이하 한국시각) 미국 LA의... ,https://www.sportschosun.com/football/2026-05-25/202605250100147490009962,naver_news,손흥민,canonical,1.0,2026-05-26T11:52:45.740012+00:00,0,0,0,0,,홍명보호에 '캡틴' <b>손흥민</b>(LA FC)이 드디어 올라탔다. 리그 성적에 대한 아쉬움은 뒤로 하고 개인 통산 네 번째이자 마지막이 될 가능성이 큰 월드컵 준비에 본격 돌입한다. <b>손흥민</b>은 25일(이하 한국시각) 미국 LA의... ,"{""title"": ""'어쩌면 마지막 월드컵일지 몰라' 전설 <b>손흥민</b>, 드디어 금일(26일) 美 사..."", ""originallink"": ""https://www.sportschosun.com/football/2026-05-25/202605250100147490009962"", ""link"": ""https://m.sports.naver.com/kfootball/article/076/0004408874"", ""description"": ""홍명보호에 '캡틴' <b>손흥민</b>(LA FC)이 드디어 올라탔다. 리그 성적에 대한 아쉬움은 뒤로 하고 개인 통산 네 번째이자 마지막이 될 가능성이 큰 월드컵 준비에 본격 돌입한다. <b>손흥민</b>은 25일(이하 한국시각) 미국 LA의... "", ""pubDate"": ""Tue, 26 May 2026 05:50:00 +0900""}"
손흥민,single_term_fallback,손흥민,"&quot;월드컵 4호골 도전&quot; <b>손흥민</b>, 홍명보호 사전캠프 합류",https://www.topstarnews.net/news/articleView.html?idxno=16071151,"Tue, 26 May 2026 05:46:00 +0900",2026 북중미 월드컵을 앞두고 준비 중인 홍명보호에 핵심 공격수 <b>손흥민</b>(LAFC)이 합류한다. <b>손흥민</b>은 한국시간 26일 미국 유타주 솔트레이크시티에서 진행 중인 대표팀 사전캠프에 도착해 본격적인 월드컵 준비에 들어간다.... ,https://www.topstarnews.net/news/articleView.html?idxno=16071151,naver_news,손흥민,canonical,1.0,2026-05-26T11:52:45.740012+00:00,0,0,0,0,,2026 북중미 월드컵을 앞두고 준비 중인 홍명보호에 핵심 공격수 <b>손흥민</b>(LAFC)이 합류한다. <b>손흥민</b>은 한국시간 26일 미국 유타주 솔트레이크시티에서 진행 중인 대표팀 사전캠프에 도착해 본격적인 월드컵 준비에 들어간다.... ,"{""title"": ""&quot;월드컵 4호골 도전&quot; <b>손흥민</b>, 홍명보호 사전캠프 합류"", ""originallink"": ""https://www.topstarnews.net/news/articleView.html?idxno=16071151"", ""link"": ""https://www.topstarnews.net/news/articleView.html?idxno=16071151"", ""description"": ""2026 북중미 월드컵을 앞두고 준비 중인 홍명보호에 핵심 공격수 <b>손흥민</b>(LAFC)이 합류한다. <b>손흥민</b>은 한국시간 26일 미국 유타주 솔트레이크시티에서 진행 중인 대표팀 사전캠프에 도착해 본격적인 월드컵 준비에 들어간다.... "", ""pubDate"": ""Tue, 26 May 2026 05:46:00 +0900""}"
손흥민,single_term_fallback,손흥민,"4번째 월드컵 무대서 4호 골 노리는 <b>손흥민</b>, 홍명보호 합류",https://n.news.naver.com/mnews/article/001/0016098086?sid=104,"Tue, 26 May 2026 05:31:00 +0900",북중미 월드컵서 득점 올리면 월드컵 한국인 최다 골 신기록 4번째 '월드컵 무대'에 오르는 <b>손흥민</b>(LAFC)이 26일(한국시간) 홍명보호에 합류한다. 소속팀 로스앤젤레스FC에서 전날 홈 경기를 치른 <b>손흥민</b>은 이날 홍명보호의... ,https://www.yna.co.kr/view/AKR20260526002300007?input=1195m,naver_news,손흥민,canonical,1.0,2026-05-26T11:52:45.740012+00:00,0,0,0,0,,북중미 월드컵서 득점 올리면 월드컵 한국인 최다 골 신기록 4번째 '월드컵 무대'에 오르는 <b>손흥민</b>(LAFC)이 26일(한국시간) 홍명보호에 합류한다. 소속팀 로스앤젤레스FC에서 전날 홈 경기를 치른 <b>손흥민</b>은 이날 홍명보호의... ,"{""title"": ""4번째 월드컵 무대서 4호 골 노리는 <b>손흥민</b>, 홍명보호 합류"", ""originallink"": ""https://www.yna.co.kr/view/AKR20260526002300007?input=1195m"", ""link"": ""https://n.news.naver.com/mnews/article/001/0016098086?sid=104"", ""description"": ""북중미 월드컵서 득점 올리면 월드컵 한국인 최다 골 신기록 4번째 '월드컵 무대'에 오르는 <b>손흥민</b>(LAFC)이 26일(한국시간) 홍명보호에 합류한다. 소속팀 로스앤젤레스FC에서 전날 홈 경기를 치른 <b>손흥민</b>은 이날 홍명보호의... "", ""pubDate"": ""Tue, 26 May 2026 05:31:00 +0900""}"
손흥민,single_term_fallback,손흥민,“원형 탈모 아닙니다” <b>손흥민</b>이 직접 입 열었다…‘스트레스 받을일...,https://m.sports.naver.com/wfootball/article/468/0001242389,"Tue, 26 May 2026 05:08:00 +0900",사진 | <b>손흥민</b> 소셜미디어 캡처 “원형 탈모 아닙니다.” 2026 북중미 월드컵 본선에 나서는 축구대표팀 ‘홍명보호’ 합류를 앞둔 ‘캡틴’ <b>손흥민</b>(LAFC)이 온라인상에서 나돈 ‘원형 탈모’ 얘기에 입을 열었다. 자기... ,https://www.sportsseoul.com/news/read/1611181?ref=naver,naver_news,손흥민,canonical,1.0,2026-05-26T11:52:45.740012+00:00,0,0,0,0,,사진 | <b>손흥민</b> 소셜미디어 캡처 “원형 탈모 아닙니다.” 2026 북중미 월드컵 본선에 나서는 축구대표팀 ‘홍명보호’ 합류를 앞둔 ‘캡틴’ <b>손흥민</b>(LAFC)이 온라인상에서 나돈 ‘원형 탈모’ 얘기에 입을 열었다. 자기... ,"{""title"": ""“원형 탈모 아닙니다” <b>손흥민</b>이 직접 입 열었다…‘스트레스 받을일..."", ""originallink"": ""https://www.sportsseoul.com/news/read/1611181?ref=naver"", ""link"": ""https://m.sports.naver.com/wfootball/article/468/0001242389"", ""description"": ""사진 | <b>손흥민</b> 소셜미디어 캡처 “원형 탈모 아닙니다.” 2026 북중미 월드컵 본선에 나서는 축구대표팀 ‘홍명보호’ 합류를 앞둔 ‘캡틴’ <b>손흥민</b>(LAFC)이 온라인상에서 나돈 ‘원형 탈모’ 얘기에 입을 열었다. 자기... "", ""pubDate"": ""Tue, 26 May 2026 05:08:00 +0900""}"
손흥민,single_term_fallback,손흥민,‘중원 보증수표’ 황인범 돌아왔다,https://m.sports.naver.com/kfootball/article/081/0003646738,"Tue, 26 May 2026 05:04:00 +0900",패스 전개·탈압박·활동량 자랑 <b>손흥민</b>·이강인 등 공격 출발점 부상 뒤 전담 의무팀 붙여 관리 오랜 휴식에 감각 회복 급선무 “대한민국은 결코 <b>손흥민</b>의 ‘원팀’이 아니다. 한국의 월드컵은 ‘패스 마스터’... ,https://www.seoul.co.kr/news/sport/soccer/WorldCup2026/2026/05/26/20260526035001?wlog_tag3=naver,naver_news,손흥민,canonical,1.0,2026-05-26T11:52:45.740012+00:00,0,0,0,0,,패스 전개·탈압박·활동량 자랑 <b>손흥민</b>·이강인 등 공격 출발점 부상 뒤 전담 의무팀 붙여 관리 오랜 휴식에 감각 회복 급선무 “대한민국은 결코 <b>손흥민</b>의 ‘원팀’이 아니다. 한국의 월드컵은 ‘패스 마스터’... ,"{""title"": ""‘중원 보증수표’ 황인범 돌아왔다"", ""originallink"": ""https://www.seoul.co.kr/news/sport/soccer/WorldCup2026/2026/05/26/20260526035001?wlog_tag3=naver"", ""link"": ""https://m.sports.naver.com/kfootball/article/081/0003646738"", ""description"": ""패스 전개·탈압박·활동량 자랑 <b>손흥민</b>·이강인 등 공격 출발점 부상 뒤 전담 의무팀 붙여 관리 오랜 휴식에 감각 회복 급선무 “대한민국은 결코 <b>손흥민</b>의 ‘원팀’이 아니다. 한국의 월드컵은 ‘패스 마스터’... "", ""pubDate"": ""Tue, 26 May 2026 05:04:00 +0900""}"
손흥민,single_term_fallback,손흥민,"쏘니도 기뻐했다! 토트넘 에버튼 꺾고 'EPL 잔류' 확정, 데 제르비 감독...",https://m.sports.naver.com/wfootball/article/117/0004068005,"Tue, 26 May 2026 04:56:00 +0900",구단&quot;이라며 &quot;나는 앞으로 더 강하게 밀어붙일 것&quot;이라고 다짐했다. 한편 <b>손흥민</b>(LA FC) 역시 친정팀 토트넘의 잔류 소식에 축하를 보냈다. <b>손흥민</b>은 토트넘 공식 SNS에 구단의 승리 게시물이 올라오자 '좋아요'를 눌렀다.,https://www.mydaily.co.kr/page/view/2026052520143468725,naver_news,손흥민,canonical,1.0,2026-05-26T11:52:45.740012+00:00,0,0,0,0,,구단&quot;이라며 &quot;나는 앞으로 더 강하게 밀어붙일 것&quot;이라고 다짐했다. 한편 <b>손흥민</b>(LA FC) 역시 친정팀 토트넘의 잔류 소식에 축하를 보냈다. <b>손흥민</b>은 토트넘 공식 SNS에 구단의 승리 게시물이 올라오자 '좋아요'를 눌렀다.,"{""title"": ""쏘니도 기뻐했다! 토트넘 에버튼 꺾고 'EPL 잔류' 확정, 데 제르비 감독..."", ""originallink"": ""https://www.mydaily.co.kr/page/view/2026052520143468725"", ""link"": ""https://m.sports.naver.com/wfootball/article/117/0004068005"", ""description"": ""구단&quot;이라며 &quot;나는 앞으로 더 강하게 밀어붙일 것&quot;이라고 다짐했다. 한편 <b>손흥민</b>(LA FC) 역시 친정팀 토트넘의 잔류 소식에 축하를 보냈다. <b>손흥민</b>은 토트넘 공식 SNS에 구단의 승리 게시물이 올라오자 '좋아요'를 눌렀다."", ""pubDate"": ""Tue, 26 May 2026 04:56:00 +0900""}"
손흥민,single_term_fallback,손흥민,"BBC “이런 시즌에 무슨 영광 있나”, “ENIC OUT” 토트넘 팬들 분노 폭...",https://m.sports.naver.com/wfootball/article/109/0005540631,"Tue, 26 May 2026 04:42:00 +0900",<b>손흥민</b>이 팀을 떠났고 엔지 포스테코글루 감독 체제도 막을 내렸다. 이후 로베르토 데 제르비 감독 체제... 해리 케인과 <b>손흥민</b>을 중심으로 이어졌던 시대는 이미 막을 내렸다. 이제 데 제르비 감독 체제 아래 새로운... ,http://www.osen.co.kr/article/G1112808117,naver_news,손흥민,canonical,1.0,2026-05-26T11:52:45.740012+00:00,0,0,0,0,,<b>손흥민</b>이 팀을 떠났고 엔지 포스테코글루 감독 체제도 막을 내렸다. 이후 로베르토 데 제르비 감독 체제... 해리 케인과 <b>손흥민</b>을 중심으로 이어졌던 시대는 이미 막을 내렸다. 이제 데 제르비 감독 체제 아래 새로운... ,"{""title"": ""BBC “이런 시즌에 무슨 영광 있나”, “ENIC OUT” 토트넘 팬들 분노 폭..."", ""originallink"": ""http://www.osen.co.kr/article/G1112808117"", ""link"": ""https://m.sports.naver.com/wfootball/article/109/0005540631"", ""description"": ""<b>손흥민</b>이 팀을 떠났고 엔지 포스테코글루 감독 체제도 막을 내렸다. 이후 로베르토 데 제르비 감독 체제... 해리 케인과 <b>손흥민</b>을 중심으로 이어졌던 시대는 이미 막을 내렸다. 이제 데 제르비 감독 체제 아래 새로운... "", ""pubDate"": ""Tue, 26 May 2026 04:42:00 +0900""}"
손흥민,single_term_fallback,손흥민,뒷머리 포착되자 ‘탈모설’ 확산…<b>손흥민</b> “걱정 마세요”,https://m.sports.naver.com/wfootball/article/468/0001242388,"Tue, 26 May 2026 04:38:00 +0900",<b>손흥민</b> 직접 해명했다…원형탈모설에 “스트레스 받을 일 없어” 사진|SNS <b>손흥민</b>이 자신을 둘러싼 ‘원형탈모설’에 직접 입을 열었다. <b>손흥민</b>은 25일 자신의 SNS에 셀카 사진과 함께 “원형탈모 아니에요. 걱정 마세요.... ,https://www.sportsseoul.com/news/read/1611178?ref=naver,naver_news,손흥민,canonical,1.0,2026-05-26T11:52:45.740012+00:00,0,0,0,0,,<b>손흥민</b> 직접 해명했다…원형탈모설에 “스트레스 받을 일 없어” 사진|SNS <b>손흥민</b>이 자신을 둘러싼 ‘원형탈모설’에 직접 입을 열었다. <b>손흥민</b>은 25일 자신의 SNS에 셀카 사진과 함께 “원형탈모 아니에요. 걱정 마세요.... ,"{""title"": ""뒷머리 포착되자 ‘탈모설’ 확산…<b>손흥민</b> “걱정 마세요”"", ""originallink"": ""https://www.sportsseoul.com/news/read/1611178?ref=naver"", ""link"": ""https://m.sports.naver.com/wfootball/article/468/0001242388"", ""description"": ""<b>손흥민</b> 직접 해명했다…원형탈모설에 “스트레스 받을 일 없어” 사진|SNS <b>손흥민</b>이 자신을 둘러싼 ‘원형탈모설’에 직접 입을 열었다. <b>손흥민</b>은 25일 자신의 SNS에 셀카 사진과 함께 “원형탈모 아니에요. 걱정 마세요.... "", ""pubDate"": ""Tue, 26 May 2026 04:38:00 +0900""}"
손흥민,single_term_fallback,손흥민,‘겁 없는 막내’ 물려받은 배준호 “즐기던 축구는 끝났다”,https://m.sports.naver.com/kfootball/article/020/0003722194,"Tue, 26 May 2026 04:36:00 +0900","현재 대표팀 주장인 <b>손흥민</b>(34·LA FC)은 대표팀 막내였던 2014 브라질 월드컵 알제리전에서 월드컵 첫 득점을... 배준호는 왼쪽 측면 공격수 자리에 배치될 경우 <b>손흥민</b>, 황희찬(30·울버햄프턴) 등 선배들의 백업 멤버로... ",https://www.donga.com/news/Sports/article/all/20260526/133989138/2,naver_news,손흥민,canonical,1.0,2026-05-26T11:52:45.740012+00:00,0,0,0,0,,"현재 대표팀 주장인 <b>손흥민</b>(34·LA FC)은 대표팀 막내였던 2014 브라질 월드컵 알제리전에서 월드컵 첫 득점을... 배준호는 왼쪽 측면 공격수 자리에 배치될 경우 <b>손흥민</b>, 황희찬(30·울버햄프턴) 등 선배들의 백업 멤버로... ","{""title"": ""‘겁 없는 막내’ 물려받은 배준호 “즐기던 축구는 끝났다”"", ""originallink"": ""https://www.donga.com/news/Sports/article/all/20260526/133989138/2"", ""link"": ""https://m.sports.naver.com/kfootball/article/020/0003722194"", ""description"": ""현재 대표팀 주장인 <b>손흥민</b>(34·LA FC)은 대표팀 막내였던 2014 브라질 월드컵 알제리전에서 월드컵 첫 득점을... 배준호는 왼쪽 측면 공격수 자리에 배치될 경우 <b>손흥민</b>, 황희찬(30·울버햄프턴) 등 선배들의 백업 멤버로... "", ""pubDate"": ""Tue, 26 May 2026 04:36:00 +0900""}"
손흥민,single_term_fallback,손흥민,"'<b>손흥민</b> 고별전에서 사실상 시즌 아웃, 강등권 경쟁에 답답' 매디슨…&quot;...",https://m.sports.naver.com/wfootball/article/117/0004068000,"Tue, 26 May 2026 04:10:00 +0900",매디슨이 올 시즌 토트넘을 강등 위기에서 구해낸 데 제르비 감독의 지도력을 높게 평가했다. 매디슨은 지난해 8월 서울에서 열린 뉴캐슬과의 프리시즌 경기에서 무릎 부상을 당한 후 2025-26시즌 프리미어리그에서... ,https://www.mydaily.co.kr/page/view/2026052522171482564,naver_news,손흥민,canonical,1.0,2026-05-26T11:52:45.740012+00:00,0,0,0,0,,매디슨이 올 시즌 토트넘을 강등 위기에서 구해낸 데 제르비 감독의 지도력을 높게 평가했다. 매디슨은 지난해 8월 서울에서 열린 뉴캐슬과의 프리시즌 경기에서 무릎 부상을 당한 후 2025-26시즌 프리미어리그에서... ,"{""title"": ""'<b>손흥민</b> 고별전에서 사실상 시즌 아웃, 강등권 경쟁에 답답' 매디슨…&quot;..."", ""originallink"": ""https://www.mydaily.co.kr/page/view/2026052522171482564"", ""link"": ""https://m.sports.naver.com/wfootball/article/117/0004068000"", ""description"": ""매디슨이 올 시즌 토트넘을 강등 위기에서 구해낸 데 제르비 감독의 지도력을 높게 평가했다. 매디슨은 지난해 8월 서울에서 열린 뉴캐슬과의 프리시즌 경기에서 무릎 부상을 당한 후 2025-26시즌 프리미어리그에서... "", ""pubDate"": ""Tue, 26 May 2026 04:10:00 +0900""}"
손흥민,single_term_fallback,손흥민,"'리그 0골 스트레스?' <b>손흥민</b> 초스피드 깜짝 해명, SNS에 직접 언급한 '...",https://m.sports.naver.com/wfootball/article/076/0004408866,"Tue, 26 May 2026 03:24:00 +0900",<b>손흥민</b>이 황당한 루머에 입을 열었다. <b>손흥민</b>은 25일 개인 SNS를 통해 '원형 탈모 아니에요. 걱정마세요. 스트레스 받을 일이 없는데'라며 글과 함께 셀카가 담긴 게시물을 올렸다. 발단은 탈모 루머였다. <b>손흥민</b>은 25일... ,https://www.sportschosun.com/football/2026-05-26/202605260100150600010124,naver_news,손흥민,canonical,1.0,2026-05-26T11:52:45.740012+00:00,0,0,0,0,,<b>손흥민</b>이 황당한 루머에 입을 열었다. <b>손흥민</b>은 25일 개인 SNS를 통해 '원형 탈모 아니에요. 걱정마세요. 스트레스 받을 일이 없는데'라며 글과 함께 셀카가 담긴 게시물을 올렸다. 발단은 탈모 루머였다. <b>손흥민</b>은 25일... ,"{""title"": ""'리그 0골 스트레스?' <b>손흥민</b> 초스피드 깜짝 해명, SNS에 직접 언급한 '..."", ""originallink"": ""https://www.sportschosun.com/football/2026-05-26/202605260100150600010124"", ""link"": ""https://m.sports.naver.com/wfootball/article/076/0004408866"", ""description"": ""<b>손흥민</b>이 황당한 루머에 입을 열었다. <b>손흥민</b>은 25일 개인 SNS를 통해 '원형 탈모 아니에요. 걱정마세요. 스트레스 받을 일이 없는데'라며 글과 함께 셀카가 담긴 게시물을 올렸다. 발단은 탈모 루머였다. <b>손흥민</b>은 25일... "", ""pubDate"": ""Tue, 26 May 2026 03:24:00 +0900""}"
손흥민,single_term_fallback,손흥민,쏘니 후임 '토트넘 역대 최악의 주장' 확정!…&quot;격동의 시기를 보낸 뒤 구...,https://m.sports.naver.com/wfootball/article/117/0004067997,"Tue, 26 May 2026 03:04:00 +0900",이후 토트넘의 주전 센터백으로 활약했으며 올 시즌을 앞두고 <b>손흥민</b>(LAFC)의 뒤를 이어 토트넘의 주장 완장을 찼다. 그는 올 시즌 32경기에 나와 6골 4도움을 기록했다. 두 차례 퇴장당했다. 로메로는 최근 토트넘 팬들로부터... ,https://www.mydaily.co.kr/page/view/2026052513184773636,naver_news,손흥민,canonical,1.0,2026-05-26T11:52:45.740012+00:00,0,0,0,0,,이후 토트넘의 주전 센터백으로 활약했으며 올 시즌을 앞두고 <b>손흥민</b>(LAFC)의 뒤를 이어 토트넘의 주장 완장을 찼다. 그는 올 시즌 32경기에 나와 6골 4도움을 기록했다. 두 차례 퇴장당했다. 로메로는 최근 토트넘 팬들로부터... ,"{""title"": ""쏘니 후임 '토트넘 역대 최악의 주장' 확정!…&quot;격동의 시기를 보낸 뒤 구..."", ""originallink"": ""https://www.mydaily.co.kr/page/view/2026052513184773636"", ""link"": ""https://m.sports.naver.com/wfootball/article/117/0004067997"", ""description"": ""이후 토트넘의 주전 센터백으로 활약했으며 올 시즌을 앞두고 <b>손흥민</b>(LAFC)의 뒤를 이어 토트넘의 주장 완장을 찼다. 그는 올 시즌 32경기에 나와 6골 4도움을 기록했다. 두 차례 퇴장당했다. 로메로는 최근 토트넘 팬들로부터... "", ""pubDate"": ""Tue, 26 May 2026 03:04:00 +0900""}"
손흥민,single_term_fallback,손흥민,"&quot;죄송합니다, 정말 죄송합니다&quot; PL 잔류 이튿날, 토트넘 회장 석고대죄...",https://m.sports.naver.com/wfootball/article/076/0004408865,"Tue, 26 May 2026 02:45:00 +0900","지난 시즌을 마친 뒤 토마스 프랭크 감독 체제로 전환하고 캡틴 <b>손흥민</b>을 LA FC로 이적시키는 등 큰 폭의 변화를 단행했으나, 결과는 나락이었다. 성적 부진을 이유로 프랭크 감독을 경질한 뒤 이고르 투도르 감독 체제로... ",https://www.sportschosun.com/football/2026-05-26/202605260100150490010117,naver_news,손흥민,canonical,1.0,2026-05-26T11:52:45.740012+00:00,0,0,0,0,,"지난 시즌을 마친 뒤 토마스 프랭크 감독 체제로 전환하고 캡틴 <b>손흥민</b>을 LA FC로 이적시키는 등 큰 폭의 변화를 단행했으나, 결과는 나락이었다. 성적 부진을 이유로 프랭크 감독을 경질한 뒤 이고르 투도르 감독 체제로... ","{""title"": ""&quot;죄송합니다, 정말 죄송합니다&quot; PL 잔류 이튿날, 토트넘 회장 석고대죄..."", ""originallink"": ""https://www.sportschosun.com/football/2026-05-26/202605260100150490010117"", ""link"": ""https://m.sports.naver.com/wfootball/article/076/0004408865"", ""description"": ""지난 시즌을 마친 뒤 토마스 프랭크 감독 체제로 전환하고 캡틴 <b>손흥민</b>을 LA FC로 이적시키는 등 큰 폭의 변화를 단행했으나, 결과는 나락이었다. 성적 부진을 이유로 프랭크 감독을 경질한 뒤 이고르 투도르 감독 체제로... "", ""pubDate"": ""Tue, 26 May 2026 02:45:00 +0900""}"
손흥민,single_term_fallback,손흥민,"'네가 진정한 쏘니 후임 주장'...이러니 SON과 절친이지, &quot;토트넘 팬들 ...",https://m.sports.naver.com/wfootball/article/117/0004067994,"Tue, 26 May 2026 02:12:00 +0900",최근에는 <b>손흥민</b>(LAFC)도 친정팀을 향한 응원을 보냈다. <b>손흥민</b>은 영국 ‘BBC’를 통해 “항상 토트넘의 경기를 체크하고 있다. 시차가 있어서 모든 경기를 챙겨볼 수는 없지만 토트넘은 여전히 내 마음속에 있으며 응원을... ,https://www.mydaily.co.kr/page/view/2026052512553751779,naver_news,손흥민,canonical,1.0,2026-05-26T11:52:45.740012+00:00,0,0,0,0,,최근에는 <b>손흥민</b>(LAFC)도 친정팀을 향한 응원을 보냈다. <b>손흥민</b>은 영국 ‘BBC’를 통해 “항상 토트넘의 경기를 체크하고 있다. 시차가 있어서 모든 경기를 챙겨볼 수는 없지만 토트넘은 여전히 내 마음속에 있으며 응원을... ,"{""title"": ""'네가 진정한 쏘니 후임 주장'...이러니 SON과 절친이지, &quot;토트넘 팬들 ..."", ""originallink"": ""https://www.mydaily.co.kr/page/view/2026052512553751779"", ""link"": ""https://m.sports.naver.com/wfootball/article/117/0004067994"", ""description"": ""최근에는 <b>손흥민</b>(LAFC)도 친정팀을 향한 응원을 보냈다. <b>손흥민</b>은 영국 ‘BBC’를 통해 “항상 토트넘의 경기를 체크하고 있다. 시차가 있어서 모든 경기를 챙겨볼 수는 없지만 토트넘은 여전히 내 마음속에 있으며 응원을... "", ""pubDate"": ""Tue, 26 May 2026 02:12:00 +0900""}"
손흥민,single_term_fallback,손흥민,"[오피셜]<b>손흥민</b> 기록 뛰어넘은 '日 간판' 미토마, 또 亞 대형 기록 도전...",https://m.sports.naver.com/wfootball/article/076/0004408862,"Tue, 26 May 2026 01:53:00 +0900","이번 수상으로 미토마는 <b>손흥민</b>의 기로도 뛰어넘었다. <b>손흥민</b>은 앞서 토트넘 시절 두 차례 이달의 골을 수상했다. 첫 수상은 2018~2019시즌 첼시를 상대로 50m 단독 드리블 돌파를 선보였고, 이후 득점까지 터트리며... ",https://www.sportschosun.com/football/2026-05-26/202605260100150510010118,naver_news,손흥민,canonical,1.0,2026-05-26T11:52:45.740012+00:00,0,0,0,0,,"이번 수상으로 미토마는 <b>손흥민</b>의 기로도 뛰어넘었다. <b>손흥민</b>은 앞서 토트넘 시절 두 차례 이달의 골을 수상했다. 첫 수상은 2018~2019시즌 첼시를 상대로 50m 단독 드리블 돌파를 선보였고, 이후 득점까지 터트리며... ","{""title"": ""[오피셜]<b>손흥민</b> 기록 뛰어넘은 '日 간판' 미토마, 또 亞 대형 기록 도전..."", ""originallink"": ""https://www.sportschosun.com/football/2026-05-26/202605260100150510010118"", ""link"": ""https://m.sports.naver.com/wfootball/article/076/0004408862"", ""description"": ""이번 수상으로 미토마는 <b>손흥민</b>의 기로도 뛰어넘었다. <b>손흥민</b>은 앞서 토트넘 시절 두 차례 이달의 골을 수상했다. 첫 수상은 2018~2019시즌 첼시를 상대로 50m 단독 드리블 돌파를 선보였고, 이후 득점까지 터트리며... "", ""pubDate"": ""Tue, 26 May 2026 01:53:00 +0900""}"
손흥민,single_term_fallback,손흥민,[오피셜] “사위 삼고 싶을 정도로 좋은 사람” <b>손흥민</b> 아꼈던 콘테 감...,https://m.sports.naver.com/wfootball/article/216/0000140872,"Tue, 26 May 2026 01:42:00 +0900","한편, 콘테 감독은 토트넘을 이끌던 시절 사제의 연을 맺은 <b>손흥민</b>을 유독 아꼈다. <b>손흥민</b>이 4경기 연속 골을 터뜨리지 못하면서 시련을 겪을 때 신뢰한다는 뜻을 보내면서 “정말 분별력 있는 선수다. 정말 좋은 사람”... ",https://www.goal.com/kr/뉴스/a/blt6dc5a0f1c678e78d,naver_news,손흥민,canonical,1.0,2026-05-26T11:52:45.740012+00:00,0,0,0,0,,"한편, 콘테 감독은 토트넘을 이끌던 시절 사제의 연을 맺은 <b>손흥민</b>을 유독 아꼈다. <b>손흥민</b>이 4경기 연속 골을 터뜨리지 못하면서 시련을 겪을 때 신뢰한다는 뜻을 보내면서 “정말 분별력 있는 선수다. 정말 좋은 사람”... ","{""title"": ""[오피셜] “사위 삼고 싶을 정도로 좋은 사람” <b>손흥민</b> 아꼈던 콘테 감..."", ""originallink"": ""https://www.goal.com/kr/뉴스/a/blt6dc5a0f1c678e78d"", ""link"": ""https://m.sports.naver.com/wfootball/article/216/0000140872"", ""description"": ""한편, 콘테 감독은 토트넘을 이끌던 시절 사제의 연을 맺은 <b>손흥민</b>을 유독 아꼈다. <b>손흥민</b>이 4경기 연속 골을 터뜨리지 못하면서 시련을 겪을 때 신뢰한다는 뜻을 보내면서 “정말 분별력 있는 선수다. 정말 좋은 사람”... "", ""pubDate"": ""Tue, 26 May 2026 01:42:00 +0900""}"
손흥민,single_term_fallback,손흥민,'분해된 전차' 독일은 그날 <b>손흥민</b>을 죽어도 잊지 못한다…韓 '카잔의 ...,https://m.sports.naver.com/wfootball/article/076/0004408859,"Tue, 26 May 2026 01:25:00 +0900","한국은 노이어의 부정확한 패스를 가로채 역습에 나섰고, 텅 비어있는 골문에 (<b>손흥민</b>이)공을 밀어넣으며 독일의 탈락을 확정지었다. 이는 1938년 대회 이후 독일이 처음으로 월드컵 조별리그를 통과하지 못한... ",https://www.sportschosun.com/football/2026-05-25/202605250100149960010083,naver_news,손흥민,canonical,1.0,2026-05-26T11:52:45.740012+00:00,0,0,0,0,,"한국은 노이어의 부정확한 패스를 가로채 역습에 나섰고, 텅 비어있는 골문에 (<b>손흥민</b>이)공을 밀어넣으며 독일의 탈락을 확정지었다. 이는 1938년 대회 이후 독일이 처음으로 월드컵 조별리그를 통과하지 못한... ","{""title"": ""'분해된 전차' 독일은 그날 <b>손흥민</b>을 죽어도 잊지 못한다…韓 '카잔의 ..."", ""originallink"": ""https://www.sportschosun.com/football/2026-05-25/202605250100149960010083"", ""link"": ""https://m.sports.naver.com/wfootball/article/076/0004408859"", ""description"": ""한국은 노이어의 부정확한 패스를 가로채 역습에 나섰고, 텅 비어있는 골문에 (<b>손흥민</b>이)공을 밀어넣으며 독일의 탈락을 확정지었다. 이는 1938년 대회 이후 독일이 처음으로 월드컵 조별리그를 통과하지 못한... "", ""pubDate"": ""Tue, 26 May 2026 01:25:00 +0900""}"
손흥민,single_term_fallback,손흥민,멕시코만 적수? 예측불가 변수,https://m.sports.naver.com/kfootball/article/005/0001850997,"Tue, 26 May 2026 01:06:00 +0900","사상 첫 2포트로 월드컵에 나서는 한국은 <b>손흥민</b>(LAFC), 이강인(파리 생제르맹), 김민재(바이에른 뮌헨) 등... 에이스 <b>손흥민</b>은 개인 통산 4번째 월드컵을 위해 지난해 미국 무대로 이적하는 결단까지 내렸다. 최근... ",https://www.kmib.co.kr/article/view.asp?arcid=1779689932&code=12190000&cp=nv,naver_news,손흥민,canonical,1.0,2026-05-26T11:52:45.740012+00:00,0,0,0,0,,"사상 첫 2포트로 월드컵에 나서는 한국은 <b>손흥민</b>(LAFC), 이강인(파리 생제르맹), 김민재(바이에른 뮌헨) 등... 에이스 <b>손흥민</b>은 개인 통산 4번째 월드컵을 위해 지난해 미국 무대로 이적하는 결단까지 내렸다. 최근... ","{""title"": ""멕시코만 적수? 예측불가 변수"", ""originallink"": ""https://www.kmib.co.kr/article/view.asp?arcid=1779689932&code=12190000&cp=nv"", ""link"": ""https://m.sports.naver.com/kfootball/article/005/0001850997"", ""description"": ""사상 첫 2포트로 월드컵에 나서는 한국은 <b>손흥민</b>(LAFC), 이강인(파리 생제르맹), 김민재(바이에른 뮌헨) 등... 에이스 <b>손흥민</b>은 개인 통산 4번째 월드컵을 위해 지난해 미국 무대로 이적하는 결단까지 내렸다. 최근... "", ""pubDate"": ""Tue, 26 May 2026 01:06:00 +0900""}"
손흥민,single_term_fallback,손흥민,"<b>손흥민</b> 천만다행! 공격진 공백 우려, LAFC 감독 직접 밝혔다 &quot;특급 유망...",https://m.sports.naver.com/wfootball/article/076/0004408857,"Tue, 26 May 2026 01:00:00 +0900",다만 <b>손흥민</b>은 리그 0골의 흐름을 반전시키지 못했다. 결승골의 주인공은 티모시 틸먼이었다. 승리와 함께 LAFC와 <b>손흥민</b>에게 긍정적인 소식도 있었다. 공격진 이탈 우려에 대해 마크 도스 산토스 감독이 반박한 것이다.... ,https://www.sportschosun.com/football/2026-05-26/202605260100150340010109,naver_news,손흥민,canonical,1.0,2026-05-26T11:52:45.740012+00:00,0,0,0,0,,다만 <b>손흥민</b>은 리그 0골의 흐름을 반전시키지 못했다. 결승골의 주인공은 티모시 틸먼이었다. 승리와 함께 LAFC와 <b>손흥민</b>에게 긍정적인 소식도 있었다. 공격진 이탈 우려에 대해 마크 도스 산토스 감독이 반박한 것이다.... ,"{""title"": ""<b>손흥민</b> 천만다행! 공격진 공백 우려, LAFC 감독 직접 밝혔다 &quot;특급 유망..."", ""originallink"": ""https://www.sportschosun.com/football/2026-05-26/202605260100150340010109"", ""link"": ""https://m.sports.naver.com/wfootball/article/076/0004408857"", ""description"": ""다만 <b>손흥민</b>은 리그 0골의 흐름을 반전시키지 못했다. 결승골의 주인공은 티모시 틸먼이었다. 승리와 함께 LAFC와 <b>손흥민</b>에게 긍정적인 소식도 있었다. 공격진 이탈 우려에 대해 마크 도스 산토스 감독이 반박한 것이다.... "", ""pubDate"": ""Tue, 26 May 2026 01:00:00 +0900""}"
손흥민,single_term_fallback,손흥민,“개인 기록 욕심 없어… 대표팀 좋은 방향으로 이끌겠다”,https://m.sports.naver.com/kfootball/article/023/0003978426,"Tue, 26 May 2026 00:45:00 +0900",‘캡틴’ <b>손흥민</b> 25일(한국 시각) 미국 LA의 BMO 스타디움. 시애틀 사운더스와의 MLS(미 프로축구) 홈경기에 나선 LA FC <b>손흥민</b>(34)의 가슴엔 태극기가 새겨져 있었다. 2026 북중미 월드컵을 앞두고 열린 마지막 리그 경기를... ,https://www.chosun.com/sports/football/2026/05/26/TYITW6RP4BHLDFDXDGMMT6EEA4/?utm_source=naver&utm_medium=referral&utm_campaign=naver-news,naver_news,손흥민,canonical,1.0,2026-05-26T11:52:45.740012+00:00,0,0,0,0,,‘캡틴’ <b>손흥민</b> 25일(한국 시각) 미국 LA의 BMO 스타디움. 시애틀 사운더스와의 MLS(미 프로축구) 홈경기에 나선 LA FC <b>손흥민</b>(34)의 가슴엔 태극기가 새겨져 있었다. 2026 북중미 월드컵을 앞두고 열린 마지막 리그 경기를... ,"{""title"": ""“개인 기록 욕심 없어… 대표팀 좋은 방향으로 이끌겠다”"", ""originallink"": ""https://www.chosun.com/sports/football/2026/05/26/TYITW6RP4BHLDFDXDGMMT6EEA4/?utm_source=naver&utm_medium=referral&utm_campaign=naver-news"", ""link"": ""https://m.sports.naver.com/kfootball/article/023/0003978426"", ""description"": ""‘캡틴’ <b>손흥민</b> 25일(한국 시각) 미국 LA의 BMO 스타디움. 시애틀 사운더스와의 MLS(미 프로축구) 홈경기에 나선 LA FC <b>손흥민</b>(34)의 가슴엔 태극기가 새겨져 있었다. 2026 북중미 월드컵을 앞두고 열린 마지막 리그 경기를... "", ""pubDate"": ""Tue, 26 May 2026 00:45:00 +0900""}"
손흥민,single_term_fallback,손흥민,"6월 1일 가장 늦게 홍명보호 합류하는 이강인, 고지대 적응도 그만큼 늦...",https://m.sports.naver.com/kfootball/article/109/0005540604,"Tue, 26 May 2026 00:39:00 +0900",<b>손흥민</b>은 25일 합류한 것으로 알려졌다. 김민재(바이에른 뮌헨)는 27일 합류 예정이다. 가장 늦게 도착하는 선수는 이강인(PSG)이다. 이강인은 31일 PSG의 유럽축구연맹(UEFA) 챔피언스리그 결승전을 치르고 6월 1일 대표팀에... ,http://www.osen.co.kr/article/G1112808223,naver_news,손흥민,canonical,1.0,2026-05-26T11:52:45.740012+00:00,0,0,0,0,,<b>손흥민</b>은 25일 합류한 것으로 알려졌다. 김민재(바이에른 뮌헨)는 27일 합류 예정이다. 가장 늦게 도착하는 선수는 이강인(PSG)이다. 이강인은 31일 PSG의 유럽축구연맹(UEFA) 챔피언스리그 결승전을 치르고 6월 1일 대표팀에... ,"{""title"": ""6월 1일 가장 늦게 홍명보호 합류하는 이강인, 고지대 적응도 그만큼 늦..."", ""originallink"": ""http://www.osen.co.kr/article/G1112808223"", ""link"": ""https://m.sports.naver.com/kfootball/article/109/0005540604"", ""description"": ""<b>손흥민</b>은 25일 합류한 것으로 알려졌다. 김민재(바이에른 뮌헨)는 27일 합류 예정이다. 가장 늦게 도착하는 선수는 이강인(PSG)이다. 이강인은 31일 PSG의 유럽축구연맹(UEFA) 챔피언스리그 결승전을 치르고 6월 1일 대표팀에... "", ""pubDate"": ""Tue, 26 May 2026 00:39:00 +0900""}"
손흥민,single_term_fallback,손흥민,&quot;원형탈모 아니에요&quot;…<b>손흥민</b> 직접 해명 &quot;스트레스 받을 일 없는데 월드...,https://m.sports.naver.com/wfootball/article/117/0004067987,"Tue, 26 May 2026 00:37:00 +0900","축구대표팀의 주장 <b>손흥민</b>이 북중미월드컵을 앞두고 탈모 루머에 대해 해명했다. <b>손흥민</b>은 25일 자신의 SNS를 통해 '원형탈모 아니에요, 걱정마세요. 스트레스 받을일이 없는데 월드컵때 뵈요'라고 전했다. <b>손흥민</b>은 25일... ",https://www.mydaily.co.kr/page/view/2026052600330026590,naver_news,손흥민,canonical,1.0,2026-05-26T11:52:45.740012+00:00,0,0,0,0,,"축구대표팀의 주장 <b>손흥민</b>이 북중미월드컵을 앞두고 탈모 루머에 대해 해명했다. <b>손흥민</b>은 25일 자신의 SNS를 통해 '원형탈모 아니에요, 걱정마세요. 스트레스 받을일이 없는데 월드컵때 뵈요'라고 전했다. <b>손흥민</b>은 25일... ","{""title"": ""&quot;원형탈모 아니에요&quot;…<b>손흥민</b> 직접 해명 &quot;스트레스 받을 일 없는데 월드..."", ""originallink"": ""https://www.mydaily.co.kr/page/view/2026052600330026590"", ""link"": ""https://m.sports.naver.com/wfootball/article/117/0004067987"", ""description"": ""축구대표팀의 주장 <b>손흥민</b>이 북중미월드컵을 앞두고 탈모 루머에 대해 해명했다. <b>손흥민</b>은 25일 자신의 SNS를 통해 '원형탈모 아니에요, 걱정마세요. 스트레스 받을일이 없는데 월드컵때 뵈요'라고 전했다. <b>손흥민</b>은 25일... "", ""pubDate"": ""Tue, 26 May 2026 00:37:00 +0900""}"
손흥민,single_term_fallback,손흥민,[돋을새김] 국력은 돈이 된다,https://n.news.naver.com/mnews/article/005/0001850990?sid=110,"Tue, 26 May 2026 00:36:00 +0900","3년이 지난 지금은 ‘케데헌’의 글로벌 히트, 한식 열풍, BTS, <b>손흥민</b>과 이강인, 한류 관광 등으로 각 분야에서 약진했으니 우리가 더 선진국이 됐다는 시각을 부정하는 이들은 많지 않을 것 같다. 소프트파워 외에 최근... ",https://www.kmib.co.kr/article/view.asp?arcid=1779691855&code=11171358&cp=nv,naver_news,손흥민,canonical,1.0,2026-05-26T11:52:45.740012+00:00,0,0,0,0,,"3년이 지난 지금은 ‘케데헌’의 글로벌 히트, 한식 열풍, BTS, <b>손흥민</b>과 이강인, 한류 관광 등으로 각 분야에서 약진했으니 우리가 더 선진국이 됐다는 시각을 부정하는 이들은 많지 않을 것 같다. 소프트파워 외에 최근... ","{""title"": ""[돋을새김] 국력은 돈이 된다"", ""originallink"": ""https://www.kmib.co.kr/article/view.asp?arcid=1779691855&code=11171358&cp=nv"", ""link"": ""https://n.news.naver.com/mnews/article/005/0001850990?sid=110"", ""description"": ""3년이 지난 지금은 ‘케데헌’의 글로벌 히트, 한식 열풍, BTS, <b>손흥민</b>과 이강인, 한류 관광 등으로 각 분야에서 약진했으니 우리가 더 선진국이 됐다는 시각을 부정하는 이들은 많지 않을 것 같다. 소프트파워 외에 최근... "", ""pubDate"": ""Tue, 26 May 2026 00:36:00 +0900""}"
손흥민,single_term_fallback,손흥민,<b>손흥민</b> 깜짝 발언! &quot;저 원형 탈모 아니에요…걱정 마세요&quot;→각종 추측 ...,https://m.sports.naver.com/wfootball/article/311/0002015075,"Tue, 26 May 2026 00:16:00 +0900","<b>손흥민</b>이 때아닌 '원형 탈모' 논란에 대해 직접 입을 열고 이를 부인했다. 월드컵을 앞두고 중계 화면에 포착된 모습으로 인해 각종 추측이 이어지자, 본인이 직접 SNS를 통해 사실이 아니라는 점을 분명히 했다. <b>손흥민</b>... ",https://www.xportsnews.com/article/2153009,naver_news,손흥민,canonical,1.0,2026-05-26T11:52:45.740012+00:00,0,0,0,0,,"<b>손흥민</b>이 때아닌 '원형 탈모' 논란에 대해 직접 입을 열고 이를 부인했다. 월드컵을 앞두고 중계 화면에 포착된 모습으로 인해 각종 추측이 이어지자, 본인이 직접 SNS를 통해 사실이 아니라는 점을 분명히 했다. <b>손흥민</b>... ","{""title"": ""<b>손흥민</b> 깜짝 발언! &quot;저 원형 탈모 아니에요…걱정 마세요&quot;→각종 추측 ..."", ""originallink"": ""https://www.xportsnews.com/article/2153009"", ""link"": ""https://m.sports.naver.com/wfootball/article/311/0002015075"", ""description"": ""<b>손흥민</b>이 때아닌 '원형 탈모' 논란에 대해 직접 입을 열고 이를 부인했다. 월드컵을 앞두고 중계 화면에 포착된 모습으로 인해 각종 추측이 이어지자, 본인이 직접 SNS를 통해 사실이 아니라는 점을 분명히 했다. <b>손흥민</b>... "", ""pubDate"": ""Tue, 26 May 2026 00:16:00 +0900""}"
손흥민,single_term_fallback,손흥민,"<b>손흥민</b>, 원형탈모설에 입 열었다 &quot;스트레스받을 일 없어&quot; [★한컷]",https://m.entertain.naver.com/article/440/0000031218,"Tue, 26 May 2026 00:12:00 +0900","축구선수 <b>손흥민</b>이 '원형탈모설'에 입을 열었다. <b>손흥민</b>은 지난 25일 자신의 SNS를 통해 자신의 사진과 함께 &quot;원형탈모 아니에요. 걱정 마세요. 스트레스받을 일이 없는데, 월드컵 때 뵈어요&quot;라는 글을 게재했다. 최근... ",http://www.tvdaily.co.kr/read.php3?aid=17797218461787597002,naver_news,손흥민,canonical,1.0,2026-05-26T11:52:45.740012+00:00,0,0,0,0,,"축구선수 <b>손흥민</b>이 '원형탈모설'에 입을 열었다. <b>손흥민</b>은 지난 25일 자신의 SNS를 통해 자신의 사진과 함께 &quot;원형탈모 아니에요. 걱정 마세요. 스트레스받을 일이 없는데, 월드컵 때 뵈어요&quot;라는 글을 게재했다. 최근... ","{""title"": ""<b>손흥민</b>, 원형탈모설에 입 열었다 &quot;스트레스받을 일 없어&quot; [★한컷]"", ""originallink"": ""http://www.tvdaily.co.kr/read.php3?aid=17797218461787597002"", ""link"": ""https://m.entertain.naver.com/article/440/0000031218"", ""description"": ""축구선수 <b>손흥민</b>이 '원형탈모설'에 입을 열었다. <b>손흥민</b>은 지난 25일 자신의 SNS를 통해 자신의 사진과 함께 &quot;원형탈모 아니에요. 걱정 마세요. 스트레스받을 일이 없는데, 월드컵 때 뵈어요&quot;라는 글을 게재했다. 최근... "", ""pubDate"": ""Tue, 26 May 2026 00:12:00 +0900""}"
손흥민,single_term_fallback,손흥민,<b>손흥민</b>·황희찬·양현준 대표팀 합류…본격 월드컵 담금질 돌입,https://m.sports.naver.com/kfootball/article/087/0001195239,"Tue, 26 May 2026 00:05:00 +0900","춘천 출신 <b>손흥민</b>(LAFC), 황희찬(울버햄프턴)과 강원FC가 키워낸 양현준(셀틱)이 홍명보호에 차례로 합류하며 월드컵 시계를 본격적으로 돌아가기 시작했다. <b>손흥민</b>은 25일 시애틀 사운더스와의 소속팀 LAFC 홈 경기를 마친... ",https://www.kwnews.co.kr/page/view/2026052550088200000,naver_news,손흥민,canonical,1.0,2026-05-26T11:52:45.740012+00:00,0,0,0,0,,"춘천 출신 <b>손흥민</b>(LAFC), 황희찬(울버햄프턴)과 강원FC가 키워낸 양현준(셀틱)이 홍명보호에 차례로 합류하며 월드컵 시계를 본격적으로 돌아가기 시작했다. <b>손흥민</b>은 25일 시애틀 사운더스와의 소속팀 LAFC 홈 경기를 마친... ","{""title"": ""<b>손흥민</b>·황희찬·양현준 대표팀 합류…본격 월드컵 담금질 돌입"", ""originallink"": ""https://www.kwnews.co.kr/page/view/2026052550088200000"", ""link"": ""https://m.sports.naver.com/kfootball/article/087/0001195239"", ""description"": ""춘천 출신 <b>손흥민</b>(LAFC), 황희찬(울버햄프턴)과 강원FC가 키워낸 양현준(셀틱)이 홍명보호에 차례로 합류하며 월드컵 시계를 본격적으로 돌아가기 시작했다. <b>손흥민</b>은 25일 시애틀 사운더스와의 소속팀 LAFC 홈 경기를 마친... "", ""pubDate"": ""Tue, 26 May 2026 00:05:00 +0900""}"
손흥민,single_term_fallback,손흥민,"“내 능력 하루아침에 안 사라져” <b>손흥민</b> 자신감 폭발, “꿈과 열정은...",https://m.sports.naver.com/wfootball/article/109/0005540599,"Tue, 26 May 2026 00:04:00 +0900",<b>손흥민</b>은 아직 자신의 마지막을 정해두지 않았다. 모두가 이번 북중미월드컵을 마지막 무대로 바라보는... <b>손흥민</b> 역시 아직 MLS 데뷔골을 터트리지 못한 가운데 시애틀전을 통해 반등을 노린다. 이번 경기를 끝으로... ,http://www.osen.co.kr/article/G1112808026,naver_news,손흥민,canonical,1.0,2026-05-26T11:52:45.740012+00:00,0,0,0,0,,<b>손흥민</b>은 아직 자신의 마지막을 정해두지 않았다. 모두가 이번 북중미월드컵을 마지막 무대로 바라보는... <b>손흥민</b> 역시 아직 MLS 데뷔골을 터트리지 못한 가운데 시애틀전을 통해 반등을 노린다. 이번 경기를 끝으로... ,"{""title"": ""“내 능력 하루아침에 안 사라져” <b>손흥민</b> 자신감 폭발, “꿈과 열정은..."", ""originallink"": ""http://www.osen.co.kr/article/G1112808026"", ""link"": ""https://m.sports.naver.com/wfootball/article/109/0005540599"", ""description"": ""<b>손흥민</b>은 아직 자신의 마지막을 정해두지 않았다. 모두가 이번 북중미월드컵을 마지막 무대로 바라보는... <b>손흥민</b> 역시 아직 MLS 데뷔골을 터트리지 못한 가운데 시애틀전을 통해 반등을 노린다. 이번 경기를 끝으로... "", ""pubDate"": ""Tue, 26 May 2026 00:04:00 +0900""}"
손흥민,single_term_fallback,손흥민,리그 0골…허기는 월드컵 가서 채운다,https://m.sports.naver.com/wfootball/article/025/0003525651,"Tue, 26 May 2026 00:02:00 +0900",한국 축구대표팀의 ‘캡틴’ <b>손흥민</b>의 소속팀 로스앤젤레스(LA)FC와 시애틀 사운더스의 미국... ‘등번호 7’이 새겨진 <b>손흥민</b>의 유니폼(150~199달러)과 티셔츠를 앞다퉈 사가는 손님은 한인과 히스패닉계 팬이 얼추... ,https://www.joongang.co.kr/article/25431153,naver_news,손흥민,canonical,1.0,2026-05-26T11:52:45.740012+00:00,0,0,0,0,,한국 축구대표팀의 ‘캡틴’ <b>손흥민</b>의 소속팀 로스앤젤레스(LA)FC와 시애틀 사운더스의 미국... ‘등번호 7’이 새겨진 <b>손흥민</b>의 유니폼(150~199달러)과 티셔츠를 앞다퉈 사가는 손님은 한인과 히스패닉계 팬이 얼추... ,"{""title"": ""리그 0골…허기는 월드컵 가서 채운다"", ""originallink"": ""https://www.joongang.co.kr/article/25431153"", ""link"": ""https://m.sports.naver.com/wfootball/article/025/0003525651"", ""description"": ""한국 축구대표팀의 ‘캡틴’ <b>손흥민</b>의 소속팀 로스앤젤레스(LA)FC와 시애틀 사운더스의 미국... ‘등번호 7’이 새겨진 <b>손흥민</b>의 유니폼(150~199달러)과 티셔츠를 앞다퉈 사가는 손님은 한인과 히스패닉계 팬이 얼추... "", ""pubDate"": ""Tue, 26 May 2026 00:02:00 +0900""}"
손흥민,single_term_fallback,손흥민,고지대 매운맛 봤으니 K-매운맛으로 넘어라…월드컵 사전 캠프 현지 훈...,https://m.sports.naver.com/kfootball/article/144/0001117260,"Tue, 26 May 2026 00:00:00 +0900","조규성(미트윌란)과 이날 리그 경기를 마친 <b>손흥민</b>(LAFC)과 황희찬(울버햄프턴), 박진섭(저장)도 합류한다. 일주일 동안 고지대 적응에 초점을 맞춰 훈련해온 대표팀은 이날 하루 휴식 시간을 보냈다. 많은 선수들이 합류한... ",https://sports.khan.co.kr/article/202605260000006?pt=nv,naver_news,손흥민,canonical,1.0,2026-05-26T11:52:45.740012+00:00,0,0,0,0,,"조규성(미트윌란)과 이날 리그 경기를 마친 <b>손흥민</b>(LAFC)과 황희찬(울버햄프턴), 박진섭(저장)도 합류한다. 일주일 동안 고지대 적응에 초점을 맞춰 훈련해온 대표팀은 이날 하루 휴식 시간을 보냈다. 많은 선수들이 합류한... ","{""title"": ""고지대 매운맛 봤으니 K-매운맛으로 넘어라…월드컵 사전 캠프 현지 훈..."", ""originallink"": ""https://sports.khan.co.kr/article/202605260000006?pt=nv"", ""link"": ""https://m.sports.naver.com/kfootball/article/144/0001117260"", ""description"": ""조규성(미트윌란)과 이날 리그 경기를 마친 <b>손흥민</b>(LAFC)과 황희찬(울버햄프턴), 박진섭(저장)도 합류한다. 일주일 동안 고지대 적응에 초점을 맞춰 훈련해온 대표팀은 이날 하루 휴식 시간을 보냈다. 많은 선수들이 합류한... "", ""pubDate"": ""Tue, 26 May 2026 00:00:00 +0900""}"
손흥민,single_term_fallback,손흥민,"경기 중 한국 팬들 깜짝 놀라게 한 <b>손흥민</b> 둘러싼 황당 루머, 결국 직접...",https://m.sports.naver.com/wfootball/article/413/0000218562,"Mon, 25 May 2026 23:40:00 +0900",<b>손흥민</b>이 자신을 둘러싼 뜻밖의 '원형 탈모설'을 직접 부인했다. 팬들의 걱정에 유쾌하게 해명했다. LAFC는... 최전방 공격수로 선발 출전한 <b>손흥민</b>은 어느 때보다 적극적으로 시애틀 골문을 공략했다. MLS 개막 이후... ,https://www.interfootball.co.kr/news/articleView.html?idxno=687222,naver_news,손흥민,canonical,1.0,2026-05-26T11:52:45.740012+00:00,0,0,0,0,,<b>손흥민</b>이 자신을 둘러싼 뜻밖의 '원형 탈모설'을 직접 부인했다. 팬들의 걱정에 유쾌하게 해명했다. LAFC는... 최전방 공격수로 선발 출전한 <b>손흥민</b>은 어느 때보다 적극적으로 시애틀 골문을 공략했다. MLS 개막 이후... ,"{""title"": ""경기 중 한국 팬들 깜짝 놀라게 한 <b>손흥민</b> 둘러싼 황당 루머, 결국 직접..."", ""originallink"": ""https://www.interfootball.co.kr/news/articleView.html?idxno=687222"", ""link"": ""https://m.sports.naver.com/wfootball/article/413/0000218562"", ""description"": ""<b>손흥민</b>이 자신을 둘러싼 뜻밖의 '원형 탈모설'을 직접 부인했다. 팬들의 걱정에 유쾌하게 해명했다. LAFC는... 최전방 공격수로 선발 출전한 <b>손흥민</b>은 어느 때보다 적극적으로 시애틀 골문을 공략했다. MLS 개막 이후... "", ""pubDate"": ""Mon, 25 May 2026 23:40:00 +0900""}"
손흥민,single_term_fallback,손흥민,"&quot;원형 탈모 아닙니다, 스트레스 없어요!&quot; <b>손흥민</b>, 본인 등판… 홍명보호...",https://m.sports.naver.com/wfootball/article/411/0000082260,"Mon, 25 May 2026 23:17:00 +0900",<b>손흥민</b>이 항간에 떠도는 '원형 탈모' 루머에 대해 직접 해명했다. <b>손흥민</b>은 25일(한국시간) 자신의 개인 인스타그램을 통해 &quot;원형 탈모 아니에요. 걱정 마세요. 스트레스 받을 일이 없는데... 월드컵 때 뵈어요♥&quot;라는 글과... ,https://www.fourfourtwo.co.kr/news/articleView.html?idxno=92456,naver_news,손흥민,canonical,1.0,2026-05-26T11:52:45.740012+00:00,0,0,0,0,,<b>손흥민</b>이 항간에 떠도는 '원형 탈모' 루머에 대해 직접 해명했다. <b>손흥민</b>은 25일(한국시간) 자신의 개인 인스타그램을 통해 &quot;원형 탈모 아니에요. 걱정 마세요. 스트레스 받을 일이 없는데... 월드컵 때 뵈어요♥&quot;라는 글과... ,"{""title"": ""&quot;원형 탈모 아닙니다, 스트레스 없어요!&quot; <b>손흥민</b>, 본인 등판… 홍명보호..."", ""originallink"": ""https://www.fourfourtwo.co.kr/news/articleView.html?idxno=92456"", ""link"": ""https://m.sports.naver.com/wfootball/article/411/0000082260"", ""description"": ""<b>손흥민</b>이 항간에 떠도는 '원형 탈모' 루머에 대해 직접 해명했다. <b>손흥민</b>은 25일(한국시간) 자신의 개인 인스타그램을 통해 &quot;원형 탈모 아니에요. 걱정 마세요. 스트레스 받을 일이 없는데... 월드컵 때 뵈어요♥&quot;라는 글과... "", ""pubDate"": ""Mon, 25 May 2026 23:17:00 +0900""}"
손흥민,single_term_fallback,손흥민,"'<b>손흥민</b> 옆에서 득점력 향상' LAFC 신예 공격수, 유럽 진출 가능…'쾰른...",https://m.sports.naver.com/wfootball/article/117/0004067974,"Mon, 25 May 2026 23:02:00 +0900",LAFC 신예 공격수 마르티네스가 유럽 무대에 진출할 가능성이 점쳐지고 있다. LAFC는 25일 미국 LA에서 열린 시애틀과의 2026시즌 메이저리그사커(MLS) 15라운드에서 1-0으로 이겼다. LAFC는 시애틀전 승리와 함께 최근 MLS... ,https://www.mydaily.co.kr/page/view/2026052520421460607,naver_news,손흥민,canonical,1.0,2026-05-26T11:52:45.740012+00:00,0,0,0,0,,LAFC 신예 공격수 마르티네스가 유럽 무대에 진출할 가능성이 점쳐지고 있다. LAFC는 25일 미국 LA에서 열린 시애틀과의 2026시즌 메이저리그사커(MLS) 15라운드에서 1-0으로 이겼다. LAFC는 시애틀전 승리와 함께 최근 MLS... ,"{""title"": ""'<b>손흥민</b> 옆에서 득점력 향상' LAFC 신예 공격수, 유럽 진출 가능…'쾰른..."", ""originallink"": ""https://www.mydaily.co.kr/page/view/2026052520421460607"", ""link"": ""https://m.sports.naver.com/wfootball/article/117/0004067974"", ""description"": ""LAFC 신예 공격수 마르티네스가 유럽 무대에 진출할 가능성이 점쳐지고 있다. LAFC는 25일 미국 LA에서 열린 시애틀과의 2026시즌 메이저리그사커(MLS) 15라운드에서 1-0으로 이겼다. LAFC는 시애틀전 승리와 함께 최근 MLS... "", ""pubDate"": ""Mon, 25 May 2026 23:02:00 +0900""}"
손흥민,single_term_fallback,손흥민,"&quot;<b>손흥민</b> 낭비하는 LAFC, 인터 마이애미의 메시 보는 것 같다&quot;…매 경기 ...",https://m.sports.naver.com/wfootball/article/413/0000218560,"Mon, 25 May 2026 22:55:00 +0900",<b>손흥민</b>은 여전히 번뜩였다. 하지만 LAFC는 세계적인 공격수를 보유하고도 좀처럼 그 능력을 제대로... 최전방 공격수로 선발 출전한 <b>손흥민</b>은 어느 때보다 적극적으로 시애틀 골문을 공략했다. 리그 개막 이후 이어진... ,https://www.interfootball.co.kr/news/articleView.html?idxno=687220,naver_news,손흥민,canonical,1.0,2026-05-26T11:52:45.740012+00:00,0,0,0,0,,<b>손흥민</b>은 여전히 번뜩였다. 하지만 LAFC는 세계적인 공격수를 보유하고도 좀처럼 그 능력을 제대로... 최전방 공격수로 선발 출전한 <b>손흥민</b>은 어느 때보다 적극적으로 시애틀 골문을 공략했다. 리그 개막 이후 이어진... ,"{""title"": ""&quot;<b>손흥민</b> 낭비하는 LAFC, 인터 마이애미의 메시 보는 것 같다&quot;…매 경기 ..."", ""originallink"": ""https://www.interfootball.co.kr/news/articleView.html?idxno=687220"", ""link"": ""https://m.sports.naver.com/wfootball/article/413/0000218560"", ""description"": ""<b>손흥민</b>은 여전히 번뜩였다. 하지만 LAFC는 세계적인 공격수를 보유하고도 좀처럼 그 능력을 제대로... 최전방 공격수로 선발 출전한 <b>손흥민</b>은 어느 때보다 적극적으로 시애틀 골문을 공략했다. 리그 개막 이후 이어진... "", ""pubDate"": ""Mon, 25 May 2026 22:55:00 +0900""}"
손흥민,single_term_fallback,손흥민,"[속보] 아즈문, 이란 대표팀 복귀 급물살…&quot;A매치 57골 공격수 재발탁해...",https://m.sports.naver.com/kfootball/article/477/0000610384,"Mon, 25 May 2026 22:40:00 +0900",'이란의 <b>손흥민</b>' 사르다르 아즈문(31)의 대표팀 복귀 가능성이 수면 위로 떠올랐다. 북중미 월드컵을 앞두고 이란 정부 고위 인사까지 공개적으로 복귀를 요청하고 나서 귀추가 주목된다. 이란 스포츠 전문 기자 하탐... ,https://www.spotvnews.co.kr/news/articleView.html?idxno=818806,naver_news,손흥민,canonical,1.0,2026-05-26T11:52:45.740012+00:00,0,0,0,0,,'이란의 <b>손흥민</b>' 사르다르 아즈문(31)의 대표팀 복귀 가능성이 수면 위로 떠올랐다. 북중미 월드컵을 앞두고 이란 정부 고위 인사까지 공개적으로 복귀를 요청하고 나서 귀추가 주목된다. 이란 스포츠 전문 기자 하탐... ,"{""title"": ""[속보] 아즈문, 이란 대표팀 복귀 급물살…&quot;A매치 57골 공격수 재발탁해..."", ""originallink"": ""https://www.spotvnews.co.kr/news/articleView.html?idxno=818806"", ""link"": ""https://m.sports.naver.com/kfootball/article/477/0000610384"", ""description"": ""'이란의 <b>손흥민</b>' 사르다르 아즈문(31)의 대표팀 복귀 가능성이 수면 위로 떠올랐다. 북중미 월드컵을 앞두고 이란 정부 고위 인사까지 공개적으로 복귀를 요청하고 나서 귀추가 주목된다. 이란 스포츠 전문 기자 하탐... "", ""pubDate"": ""Mon, 25 May 2026 22:40:00 +0900""}"
손흥민,single_term_fallback,손흥민,"'토트넘 떠나고 무관 탈출+3연속 득점왕' 케인, 친정팀 잊지 않았다...잔...",https://m.sports.naver.com/wfootball/article/411/0000082258,"Mon, 25 May 2026 22:35:00 +0900","한때 토트넘의 유스 출신으로서 <b>손흥민</b>과 함께 팀의 에이스였지만, '무관'이 커리어 유일한 오점이었다.... 토트넘은 현재까지도 케인과 <b>손흥민</b>의 부재를 메꾸지 못해 아쉬움을 낳았다. 케인은 올 시즌도 독일 무대에서... ",https://www.fourfourtwo.co.kr/news/articleView.html?idxno=92452,naver_news,손흥민,canonical,1.0,2026-05-26T11:52:45.740012+00:00,0,0,0,0,,"한때 토트넘의 유스 출신으로서 <b>손흥민</b>과 함께 팀의 에이스였지만, '무관'이 커리어 유일한 오점이었다.... 토트넘은 현재까지도 케인과 <b>손흥민</b>의 부재를 메꾸지 못해 아쉬움을 낳았다. 케인은 올 시즌도 독일 무대에서... ","{""title"": ""'토트넘 떠나고 무관 탈출+3연속 득점왕' 케인, 친정팀 잊지 않았다...잔..."", ""originallink"": ""https://www.fourfourtwo.co.kr/news/articleView.html?idxno=92452"", ""link"": ""https://m.sports.naver.com/wfootball/article/411/0000082258"", ""description"": ""한때 토트넘의 유스 출신으로서 <b>손흥민</b>과 함께 팀의 에이스였지만, '무관'이 커리어 유일한 오점이었다.... 토트넘은 현재까지도 케인과 <b>손흥민</b>의 부재를 메꾸지 못해 아쉬움을 낳았다. 케인은 올 시즌도 독일 무대에서... "", ""pubDate"": ""Mon, 25 May 2026 22:35:00 +0900""}"
손흥민,single_term_fallback,손흥민,"감동 코리안더비! '후배' <b>손흥민</b> 향한, '선배' 김기희의 '진심 응원'...&quot;...",https://m.sports.naver.com/wfootball/article/139/0002247780,"Mon, 25 May 2026 22:31:00 +0900","선배 김기희가 후배 <b>손흥민</b>을 향해 응원의 메시지를 보냈다. 시애틀 사운더스 FC는 25일(이하 한국시간)... 시애틀의 베테랑 김기희는 센터백으로 선발 출격했고, LAFC의 핵심 <b>손흥민</b>은 중앙 공격수로 선발 출전해... ",https://www.sportalkorea.com/news/articleView.html?idxno=2025052909553243307,naver_news,손흥민,canonical,1.0,2026-05-26T11:52:45.740012+00:00,0,0,0,0,,"선배 김기희가 후배 <b>손흥민</b>을 향해 응원의 메시지를 보냈다. 시애틀 사운더스 FC는 25일(이하 한국시간)... 시애틀의 베테랑 김기희는 센터백으로 선발 출격했고, LAFC의 핵심 <b>손흥민</b>은 중앙 공격수로 선발 출전해... ","{""title"": ""감동 코리안더비! '후배' <b>손흥민</b> 향한, '선배' 김기희의 '진심 응원'...&quot;..."", ""originallink"": ""https://www.sportalkorea.com/news/articleView.html?idxno=2025052909553243307"", ""link"": ""https://m.sports.naver.com/wfootball/article/139/0002247780"", ""description"": ""선배 김기희가 후배 <b>손흥민</b>을 향해 응원의 메시지를 보냈다. 시애틀 사운더스 FC는 25일(이하 한국시간)... 시애틀의 베테랑 김기희는 센터백으로 선발 출격했고, LAFC의 핵심 <b>손흥민</b>은 중앙 공격수로 선발 출전해... "", ""pubDate"": ""Mon, 25 May 2026 22:31:00 +0900""}"
손흥민,single_term_fallback,손흥민,"‘<b>손흥민</b>과 살라가 모두 EPL을 떠나다니…’ 허탈한 축구팬들, 한 시대...",https://m.sports.naver.com/wfootball/article/109/0005540585,"Mon, 25 May 2026 22:04:00 +0900","프리미어리그를 대표했던 두 공격수, <b>손흥민</b>(34, LAFC)과 모하메드 살라(34, 리버풀)가 잉글랜드 무대를 떠났다. <b>손흥민</b>과 살라는 프리미어리그를 상징한 라이벌이었다. 토트넘과 리버풀의 간판 공격수로 수없이 맞붙으며... ",http://www.osen.co.kr/article/G1112808099,naver_news,손흥민,canonical,1.0,2026-05-26T11:52:45.740012+00:00,0,0,0,0,,"프리미어리그를 대표했던 두 공격수, <b>손흥민</b>(34, LAFC)과 모하메드 살라(34, 리버풀)가 잉글랜드 무대를 떠났다. <b>손흥민</b>과 살라는 프리미어리그를 상징한 라이벌이었다. 토트넘과 리버풀의 간판 공격수로 수없이 맞붙으며... ","{""title"": ""‘<b>손흥민</b>과 살라가 모두 EPL을 떠나다니…’ 허탈한 축구팬들, 한 시대..."", ""originallink"": ""http://www.osen.co.kr/article/G1112808099"", ""link"": ""https://m.sports.naver.com/wfootball/article/109/0005540585"", ""description"": ""프리미어리그를 대표했던 두 공격수, <b>손흥민</b>(34, LAFC)과 모하메드 살라(34, 리버풀)가 잉글랜드 무대를 떠났다. <b>손흥민</b>과 살라는 프리미어리그를 상징한 라이벌이었다. 토트넘과 리버풀의 간판 공격수로 수없이 맞붙으며... "", ""pubDate"": ""Mon, 25 May 2026 22:04:00 +0900""}"
손흥민,single_term_fallback,손흥민,네 번째 월드컵 앞둔 <b>손흥민</b> “월드컵은 여전히 꿈의 무대”,https://m.sports.naver.com/kfootball/article/087/0001195224,"Mon, 25 May 2026 22:04:00 +0900",춘천 출신 ‘캡틴’ <b>손흥민</b>(LAFC)이 네 번째 월드컵 무대 앞에서도 초심을 강조했다. 2026 북중미월드컵에서 대한민국 축구대표팀 주장 완장을 차고 나서는 <b>손흥민</b>은 “월드컵을 생각하면 어린아이가 되는 것 같다”며... ,https://www.kwnews.co.kr/page/view/2026052550069100000,naver_news,손흥민,canonical,1.0,2026-05-26T11:52:45.740012+00:00,0,0,0,0,,춘천 출신 ‘캡틴’ <b>손흥민</b>(LAFC)이 네 번째 월드컵 무대 앞에서도 초심을 강조했다. 2026 북중미월드컵에서 대한민국 축구대표팀 주장 완장을 차고 나서는 <b>손흥민</b>은 “월드컵을 생각하면 어린아이가 되는 것 같다”며... ,"{""title"": ""네 번째 월드컵 앞둔 <b>손흥민</b> “월드컵은 여전히 꿈의 무대”"", ""originallink"": ""https://www.kwnews.co.kr/page/view/2026052550069100000"", ""link"": ""https://m.sports.naver.com/kfootball/article/087/0001195224"", ""description"": ""춘천 출신 ‘캡틴’ <b>손흥민</b>(LAFC)이 네 번째 월드컵 무대 앞에서도 초심을 강조했다. 2026 북중미월드컵에서 대한민국 축구대표팀 주장 완장을 차고 나서는 <b>손흥민</b>은 “월드컵을 생각하면 어린아이가 되는 것 같다”며... "", ""pubDate"": ""Mon, 25 May 2026 22:04:00 +0900""}"
손흥민,single_term_fallback,손흥민,"'토트넘 새 주장 적임자' <b>손흥민</b> 절친, 리버풀 이적설에도 잔류 의지…...",https://m.sports.naver.com/wfootball/article/117/0004067970,"Mon, 25 May 2026 22:02:00 +0900",토트넘이 프리미어리그 잔류에 성공한 가운데 일부 선수들의 거취가 관심받고 있다. 토트넘은 25일(한국시간) 영국 런던 토트넘핫스퍼스타디움에서 열린 에버튼과의 2025-26시즌 프리미어리그 38라운드 최종전에서 1-0... ,https://www.mydaily.co.kr/page/view/2026052519520285803,naver_news,손흥민,canonical,1.0,2026-05-26T11:52:45.740012+00:00,0,0,0,0,,토트넘이 프리미어리그 잔류에 성공한 가운데 일부 선수들의 거취가 관심받고 있다. 토트넘은 25일(한국시간) 영국 런던 토트넘핫스퍼스타디움에서 열린 에버튼과의 2025-26시즌 프리미어리그 38라운드 최종전에서 1-0... ,"{""title"": ""'토트넘 새 주장 적임자' <b>손흥민</b> 절친, 리버풀 이적설에도 잔류 의지…..."", ""originallink"": ""https://www.mydaily.co.kr/page/view/2026052519520285803"", ""link"": ""https://m.sports.naver.com/wfootball/article/117/0004067970"", ""description"": ""토트넘이 프리미어리그 잔류에 성공한 가운데 일부 선수들의 거취가 관심받고 있다. 토트넘은 25일(한국시간) 영국 런던 토트넘핫스퍼스타디움에서 열린 에버튼과의 2025-26시즌 프리미어리그 38라운드 최종전에서 1-0... "", ""pubDate"": ""Mon, 25 May 2026 22:02:00 +0900""}"
손흥민,single_term_fallback,손흥민,또…헛방만 ‘쏘니’,https://m.sports.naver.com/wfootball/article/144/0001117252,"Mon, 25 May 2026 22:00:00 +0900",<b>손흥민</b>(34·LAFC)이 월드컵 직전 마지막 경기에서 메이저리그사커(MLS) 마수걸이 골을 터뜨리기 위해 시즌... 중앙 공격수로 나선 <b>손흥민</b>은 풀타임 그라운드를 누볐으나 공격 포인트를 올리지는 못했다. 이로써 <b>손흥민</b>은... ,https://sports.khan.co.kr/article/202605252200006?pt=nv,naver_news,손흥민,canonical,1.0,2026-05-26T11:52:45.740012+00:00,0,0,0,0,,<b>손흥민</b>(34·LAFC)이 월드컵 직전 마지막 경기에서 메이저리그사커(MLS) 마수걸이 골을 터뜨리기 위해 시즌... 중앙 공격수로 나선 <b>손흥민</b>은 풀타임 그라운드를 누볐으나 공격 포인트를 올리지는 못했다. 이로써 <b>손흥민</b>은... ,"{""title"": ""또…헛방만 ‘쏘니’"", ""originallink"": ""https://sports.khan.co.kr/article/202605252200006?pt=nv"", ""link"": ""https://m.sports.naver.com/wfootball/article/144/0001117252"", ""description"": ""<b>손흥민</b>(34·LAFC)이 월드컵 직전 마지막 경기에서 메이저리그사커(MLS) 마수걸이 골을 터뜨리기 위해 시즌... 중앙 공격수로 나선 <b>손흥민</b>은 풀타임 그라운드를 누볐으나 공격 포인트를 올리지는 못했다. 이로써 <b>손흥민</b>은... "", ""pubDate"": ""Mon, 25 May 2026 22:00:00 +0900""}"
손흥민,single_term_fallback,손흥민,"홍명보호, 고지대 적응 '진땀'…슈팅 7개 <b>손흥민</b>, 아쉬운 무득점",https://m.sports.naver.com/kfootball/article/448/0000614278,"Mon, 25 May 2026 21:48:00 +0900",월드컵 전 마지막 경기를 치른 주장 <b>손흥민</b>도 곧바로 대표팀에 합류합니다. 이다솜 기자입니다. [리포트]... 주장 <b>손흥민</b>도 월드컵을 앞두고 마지막 소속팀 경기를 마쳤습니다. 태극기 패치를 가슴에 달고 뛴... ,https://news.tvchosun.com/site/data/html_dir/2026/05/25/2026052590189.html,naver_news,손흥민,canonical,1.0,2026-05-26T11:52:45.740012+00:00,0,0,0,0,,월드컵 전 마지막 경기를 치른 주장 <b>손흥민</b>도 곧바로 대표팀에 합류합니다. 이다솜 기자입니다. [리포트]... 주장 <b>손흥민</b>도 월드컵을 앞두고 마지막 소속팀 경기를 마쳤습니다. 태극기 패치를 가슴에 달고 뛴... ,"{""title"": ""홍명보호, 고지대 적응 '진땀'…슈팅 7개 <b>손흥민</b>, 아쉬운 무득점"", ""originallink"": ""https://news.tvchosun.com/site/data/html_dir/2026/05/25/2026052590189.html"", ""link"": ""https://m.sports.naver.com/kfootball/article/448/0000614278"", ""description"": ""월드컵 전 마지막 경기를 치른 주장 <b>손흥민</b>도 곧바로 대표팀에 합류합니다. 이다솜 기자입니다. [리포트]... 주장 <b>손흥민</b>도 월드컵을 앞두고 마지막 소속팀 경기를 마쳤습니다. 태극기 패치를 가슴에 달고 뛴... "", ""pubDate"": ""Mon, 25 May 2026 21:48:00 +0900""}"
손흥민,single_term_fallback,손흥민,'<b>손흥민</b>-케인 복귀 시켜야 하나' “톱 클래스 팀 만들겠다” 데 제르비...,https://m.sports.naver.com/wfootball/article/109/0005540580,"Mon, 25 May 2026 21:28:00 +0900",해리 케인과 <b>손흥민</b> 시대 이후 구단은 계속 흔들렸고 두 시즌 연속 17위라는 결과로 이어졌다. 결국 데 제르비 감독 체제 아래 시작될 이번 여름이 토트넘 미래를 결정할 중요한 분기점이 될 전망이다.,http://www.osen.co.kr/article/G1112808137,naver_news,손흥민,canonical,1.0,2026-05-26T11:52:45.740012+00:00,0,0,0,0,,해리 케인과 <b>손흥민</b> 시대 이후 구단은 계속 흔들렸고 두 시즌 연속 17위라는 결과로 이어졌다. 결국 데 제르비 감독 체제 아래 시작될 이번 여름이 토트넘 미래를 결정할 중요한 분기점이 될 전망이다.,"{""title"": ""'<b>손흥민</b>-케인 복귀 시켜야 하나' “톱 클래스 팀 만들겠다” 데 제르비..."", ""originallink"": ""http://www.osen.co.kr/article/G1112808137"", ""link"": ""https://m.sports.naver.com/wfootball/article/109/0005540580"", ""description"": ""해리 케인과 <b>손흥민</b> 시대 이후 구단은 계속 흔들렸고 두 시즌 연속 17위라는 결과로 이어졌다. 결국 데 제르비 감독 체제 아래 시작될 이번 여름이 토트넘 미래를 결정할 중요한 분기점이 될 전망이다."", ""pubDate"": ""Mon, 25 May 2026 21:28:00 +0900""}"
손흥민,single_term_fallback,손흥민,'슈팅만 7개' 예열은 끝났다…이제 대표팀으로!,https://m.sports.naver.com/wfootball/article/055/0001358959,"Mon, 25 May 2026 21:20:00 +0900",LAFC에서 뛰는 <b>손흥민</b> 선수가 월드컵 전 마지막 리그 경기에서 '슈팅만'7개를 날렸지만 아쉽게 골 침묵을 깨진 못했습니다. 예열을 마친 <b>손흥민</b> 선수는 내일(26일) 대표팀에 합류합니다. 이정찬 기자가 취재했습니다. &lt;기자... ,https://news.sbs.co.kr/news/endPage.do?news_id=N1008577911&plink=ORI&cooper=NAVER,naver_news,손흥민,canonical,1.0,2026-05-26T11:52:45.740012+00:00,0,0,0,0,,LAFC에서 뛰는 <b>손흥민</b> 선수가 월드컵 전 마지막 리그 경기에서 '슈팅만'7개를 날렸지만 아쉽게 골 침묵을 깨진 못했습니다. 예열을 마친 <b>손흥민</b> 선수는 내일(26일) 대표팀에 합류합니다. 이정찬 기자가 취재했습니다. &lt;기자... ,"{""title"": ""'슈팅만 7개' 예열은 끝났다…이제 대표팀으로!"", ""originallink"": ""https://news.sbs.co.kr/news/endPage.do?news_id=N1008577911&plink=ORI&cooper=NAVER"", ""link"": ""https://m.sports.naver.com/wfootball/article/055/0001358959"", ""description"": ""LAFC에서 뛰는 <b>손흥민</b> 선수가 월드컵 전 마지막 리그 경기에서 '슈팅만'7개를 날렸지만 아쉽게 골 침묵을 깨진 못했습니다. 예열을 마친 <b>손흥민</b> 선수는 내일(26일) 대표팀에 합류합니다. 이정찬 기자가 취재했습니다. &lt;기자... "", ""pubDate"": ""Mon, 25 May 2026 21:20:00 +0900""}"
손흥민,single_term_fallback,손흥민,"벼랑 끝 섰던 토트넘, 최종전서 ‘극적 잔류’",https://m.sports.naver.com/kfootball/article/022/0004130600,"Mon, 25 May 2026 21:20:00 +0900","런던=로이터연합뉴스 토트넘은 <b>손흥민</b>이 미국 메이저리그사커(MLS)로 떠난 이후 시즌 내내 극심한 부진을 겪었다. 홈에서는 단 3승에 그쳤고, 시즌 중 감독 교체가 이어지는 혼란 속에서 가까스로 강등을 피했다.... ",https://www.segye.com/newsView/20260525508355?OutUrl=naver,naver_news,손흥민,canonical,1.0,2026-05-26T11:52:45.740012+00:00,0,0,0,0,,"런던=로이터연합뉴스 토트넘은 <b>손흥민</b>이 미국 메이저리그사커(MLS)로 떠난 이후 시즌 내내 극심한 부진을 겪었다. 홈에서는 단 3승에 그쳤고, 시즌 중 감독 교체가 이어지는 혼란 속에서 가까스로 강등을 피했다.... ","{""title"": ""벼랑 끝 섰던 토트넘, 최종전서 ‘극적 잔류’"", ""originallink"": ""https://www.segye.com/newsView/20260525508355?OutUrl=naver"", ""link"": ""https://m.sports.naver.com/kfootball/article/022/0004130600"", ""description"": ""런던=로이터연합뉴스 토트넘은 <b>손흥민</b>이 미국 메이저리그사커(MLS)로 떠난 이후 시즌 내내 극심한 부진을 겪었다. 홈에서는 단 3승에 그쳤고, 시즌 중 감독 교체가 이어지는 혼란 속에서 가까스로 강등을 피했다.... "", ""pubDate"": ""Mon, 25 May 2026 21:20:00 +0900""}"
손흥민,single_term_fallback,손흥민,"<b>손흥민</b>, 슈팅 7개에도 무득점… 리그 골 없이 월드컵으로",https://m.sports.naver.com/wfootball/article/022/0004130598,"Mon, 25 May 2026 21:18:00 +0900","LAFC, 안방서 시애틀에 1-0 勝 미국 메이저리그사커(MLS) 로스앤젤레스(LA) FC의 <b>손흥민</b>(사진)이 2026... 이날 경기는 <b>손흥민</b>과 시애틀의 베테랑 센터백 김기희가 모두 선발 출전해 ‘코리안 더비’가 성사됐다. LAFC의... ",https://www.segye.com/newsView/20260525508356?OutUrl=naver,naver_news,손흥민,canonical,1.0,2026-05-26T11:52:45.740012+00:00,0,0,0,0,,"LAFC, 안방서 시애틀에 1-0 勝 미국 메이저리그사커(MLS) 로스앤젤레스(LA) FC의 <b>손흥민</b>(사진)이 2026... 이날 경기는 <b>손흥민</b>과 시애틀의 베테랑 센터백 김기희가 모두 선발 출전해 ‘코리안 더비’가 성사됐다. LAFC의... ","{""title"": ""<b>손흥민</b>, 슈팅 7개에도 무득점… 리그 골 없이 월드컵으로"", ""originallink"": ""https://www.segye.com/newsView/20260525508356?OutUrl=naver"", ""link"": ""https://m.sports.naver.com/wfootball/article/022/0004130598"", ""description"": ""LAFC, 안방서 시애틀에 1-0 勝 미국 메이저리그사커(MLS) 로스앤젤레스(LA) FC의 <b>손흥민</b>(사진)이 2026... 이날 경기는 <b>손흥민</b>과 시애틀의 베테랑 센터백 김기희가 모두 선발 출전해 ‘코리안 더비’가 성사됐다. LAFC의... "", ""pubDate"": ""Mon, 25 May 2026 21:18:00 +0900""}"
손흥민,single_term_fallback,손흥민,"황인범 이어 ‘캡틴’ <b>손흥민</b>까지…완전체 가까워지는 홍명보호, 캠프 ...",https://m.sports.naver.com/kfootball/article/468/0001242380,"Mon, 25 May 2026 21:11:00 +0900",‘중원 사령관’ 황인범(페예노르트)에 이어 ‘캡틴’ <b>손흥민</b>(LAFC)까지 가세한다. 홍명보 감독이 이끄는... LAFC <b>손흥민</b>. 사진 | AFP연합뉴스 하루 뒤인 25일엔 최전방을 책임지는 조규성(미트윌란)에 이어 황희찬(울버햄턴)... ,https://www.sportsseoul.com/news/read/1611114?ref=naver,naver_news,손흥민,canonical,1.0,2026-05-26T11:52:45.740012+00:00,0,0,0,0,,‘중원 사령관’ 황인범(페예노르트)에 이어 ‘캡틴’ <b>손흥민</b>(LAFC)까지 가세한다. 홍명보 감독이 이끄는... LAFC <b>손흥민</b>. 사진 | AFP연합뉴스 하루 뒤인 25일엔 최전방을 책임지는 조규성(미트윌란)에 이어 황희찬(울버햄턴)... ,"{""title"": ""황인범 이어 ‘캡틴’ <b>손흥민</b>까지…완전체 가까워지는 홍명보호, 캠프 ..."", ""originallink"": ""https://www.sportsseoul.com/news/read/1611114?ref=naver"", ""link"": ""https://m.sports.naver.com/kfootball/article/468/0001242380"", ""description"": ""‘중원 사령관’ 황인범(페예노르트)에 이어 ‘캡틴’ <b>손흥민</b>(LAFC)까지 가세한다. 홍명보 감독이 이끄는... LAFC <b>손흥민</b>. 사진 | AFP연합뉴스 하루 뒤인 25일엔 최전방을 책임지는 조규성(미트윌란)에 이어 황희찬(울버햄턴)... "", ""pubDate"": ""Mon, 25 May 2026 21:11:00 +0900""}"
손흥민,single_term_fallback,손흥민,"“부끄러웠지만 살아남았다!” <b>손흥민</b> 친구 반 더 벤, EPL 잔류확정 후 ...",https://m.sports.naver.com/wfootball/article/109/0005540576,"Mon, 25 May 2026 21:02:00 +0900","‘<b>손흥민</b> 친구’ 미키 반 더 벤(25, 토트넘)이 극적으로 챔피언십 강등은 막았다. 토트넘 홋스퍼는 25일(한국시간) 영국 런던 토트넘 홋스퍼 스타디움에서 열린 2025-2026 프리미어리그 최종 38라운드 홈 경기에서 에버튼을 1... ",http://www.osen.co.kr/article/G1112808098,naver_news,손흥민,canonical,1.0,2026-05-26T11:52:45.740012+00:00,0,0,0,0,,"‘<b>손흥민</b> 친구’ 미키 반 더 벤(25, 토트넘)이 극적으로 챔피언십 강등은 막았다. 토트넘 홋스퍼는 25일(한국시간) 영국 런던 토트넘 홋스퍼 스타디움에서 열린 2025-2026 프리미어리그 최종 38라운드 홈 경기에서 에버튼을 1... ","{""title"": ""“부끄러웠지만 살아남았다!” <b>손흥민</b> 친구 반 더 벤, EPL 잔류확정 후 ..."", ""originallink"": ""http://www.osen.co.kr/article/G1112808098"", ""link"": ""https://m.sports.naver.com/wfootball/article/109/0005540576"", ""description"": ""‘<b>손흥민</b> 친구’ 미키 반 더 벤(25, 토트넘)이 극적으로 챔피언십 강등은 막았다. 토트넘 홋스퍼는 25일(한국시간) 영국 런던 토트넘 홋스퍼 스타디움에서 열린 2025-2026 프리미어리그 최종 38라운드 홈 경기에서 에버튼을 1... "", ""pubDate"": ""Mon, 25 May 2026 21:02:00 +0900""}"
손흥민,single_term_fallback,손흥민,<b>손흥민</b>도 '좋아요' 꾹!…토트넘 EPL 잔류 성공,https://m.sports.naver.com/wfootball/article/437/0000492870,"Mon, 25 May 2026 20:57:00 +0900",<b>손흥민</b> 선수가 떠난 뒤부터 패배를 거듭하더니 강등 위기에 놓였었죠? 에버턴과 마지막 경기에서 이겨서... 바로 <b>손흥민</b> 선수입니다. 경기 직후 소셜미디어에 올라온 승리 소식에 '좋아요'를 누르며 끝까지 응원했습니다.,https://news.jtbc.co.kr/article/NB12299754?influxDiv=NAVER,naver_news,손흥민,canonical,1.0,2026-05-26T11:52:45.740012+00:00,0,0,0,0,,<b>손흥민</b> 선수가 떠난 뒤부터 패배를 거듭하더니 강등 위기에 놓였었죠? 에버턴과 마지막 경기에서 이겨서... 바로 <b>손흥민</b> 선수입니다. 경기 직후 소셜미디어에 올라온 승리 소식에 '좋아요'를 누르며 끝까지 응원했습니다.,"{""title"": ""<b>손흥민</b>도 '좋아요' 꾹!…토트넘 EPL 잔류 성공"", ""originallink"": ""https://news.jtbc.co.kr/article/NB12299754?influxDiv=NAVER"", ""link"": ""https://m.sports.naver.com/wfootball/article/437/0000492870"", ""description"": ""<b>손흥민</b> 선수가 떠난 뒤부터 패배를 거듭하더니 강등 위기에 놓였었죠? 에버턴과 마지막 경기에서 이겨서... 바로 <b>손흥민</b> 선수입니다. 경기 직후 소셜미디어에 올라온 승리 소식에 '좋아요'를 누르며 끝까지 응원했습니다."", ""pubDate"": ""Mon, 25 May 2026 20:57:00 +0900""}"
손흥민,single_term_fallback,손흥민,시즌 최다 슈팅에도 무득점‥내일 대표팀 합류,https://m.sports.naver.com/wfootball/article/214/0001501157,"Mon, 25 May 2026 20:54:00 +0900",◀ 앵커 ▶ LAFC <b>손흥민</b> 선수는 대표팀 합류를 앞두고 마지막 경기를 치렀습니다. 올 시즌 최다 슈팅을 기록하고도 아쉽게 득점에는 실패했습니다. ◀ 리포트 ▶ 초반부터 눈에 띄게 적극적으로 슈팅을 시도하는 <b>손흥민</b>.... ,https://imnews.imbc.com/replay/2026/nwdesk/article/6825116_37004.html,naver_news,손흥민,canonical,1.0,2026-05-26T11:52:45.740012+00:00,0,0,0,0,,◀ 앵커 ▶ LAFC <b>손흥민</b> 선수는 대표팀 합류를 앞두고 마지막 경기를 치렀습니다. 올 시즌 최다 슈팅을 기록하고도 아쉽게 득점에는 실패했습니다. ◀ 리포트 ▶ 초반부터 눈에 띄게 적극적으로 슈팅을 시도하는 <b>손흥민</b>.... ,"{""title"": ""시즌 최다 슈팅에도 무득점‥내일 대표팀 합류"", ""originallink"": ""https://imnews.imbc.com/replay/2026/nwdesk/article/6825116_37004.html"", ""link"": ""https://m.sports.naver.com/wfootball/article/214/0001501157"", ""description"": ""◀ 앵커 ▶ LAFC <b>손흥민</b> 선수는 대표팀 합류를 앞두고 마지막 경기를 치렀습니다. 올 시즌 최다 슈팅을 기록하고도 아쉽게 득점에는 실패했습니다. ◀ 리포트 ▶ 초반부터 눈에 띄게 적극적으로 슈팅을 시도하는 <b>손흥민</b>.... "", ""pubDate"": ""Mon, 25 May 2026 20:54:00 +0900""}"
손흥민,single_term_fallback,손흥민,'스트레스 때문?' <b>손흥민</b> 원형탈모 의심…곧 대표팀으로,https://m.sports.naver.com/wfootball/article/437/0000492867,"Mon, 25 May 2026 20:53:00 +0900",LAFC <b>손흥민</b> 선수의 이 모습이 중계 카메라에 잡히면서 여러 반응이 쏟아졌습니다. 원형 탈모가 의심된다 최근 압박과 부담을 느끼는 것 아니냐 이런 걱정도 이어졌는데요. <b>손흥민</b>은 LAFC와의 일정을 마무리하고 이제는... ,https://news.jtbc.co.kr/article/NB12299776?influxDiv=NAVER,naver_news,손흥민,canonical,1.0,2026-05-26T11:52:45.740012+00:00,0,0,0,0,,LAFC <b>손흥민</b> 선수의 이 모습이 중계 카메라에 잡히면서 여러 반응이 쏟아졌습니다. 원형 탈모가 의심된다 최근 압박과 부담을 느끼는 것 아니냐 이런 걱정도 이어졌는데요. <b>손흥민</b>은 LAFC와의 일정을 마무리하고 이제는... ,"{""title"": ""'스트레스 때문?' <b>손흥민</b> 원형탈모 의심…곧 대표팀으로"", ""originallink"": ""https://news.jtbc.co.kr/article/NB12299776?influxDiv=NAVER"", ""link"": ""https://m.sports.naver.com/wfootball/article/437/0000492867"", ""description"": ""LAFC <b>손흥민</b> 선수의 이 모습이 중계 카메라에 잡히면서 여러 반응이 쏟아졌습니다. 원형 탈모가 의심된다 최근 압박과 부담을 느끼는 것 아니냐 이런 걱정도 이어졌는데요. <b>손흥민</b>은 LAFC와의 일정을 마무리하고 이제는... "", ""pubDate"": ""Mon, 25 May 2026 20:53:00 +0900""}"
손흥민,single_term_fallback,손흥민,"&quot;첫 골 넣을 선수&quot; 박지성 픽!…오현규, 홍명보호 합류",https://m.sports.naver.com/kfootball/article/437/0000492866,"Mon, 25 May 2026 20:52:00 +0900","내일은 <b>손흥민</b> 황희찬 조규성 박진섭이 가세합니다. 대표팀은 이 곳에서 두 차례 평가전을 치른 뒤엔 다음달 5일, 멕시코 과달라하라로 향합니다. [화면제공 대한축구협회] [영상취재 박재현 영상편집 임인수]",https://news.jtbc.co.kr/article/NB12299734?influxDiv=NAVER,naver_news,손흥민,canonical,1.0,2026-05-26T11:52:45.740012+00:00,0,0,0,0,,"내일은 <b>손흥민</b> 황희찬 조규성 박진섭이 가세합니다. 대표팀은 이 곳에서 두 차례 평가전을 치른 뒤엔 다음달 5일, 멕시코 과달라하라로 향합니다. [화면제공 대한축구협회] [영상취재 박재현 영상편집 임인수]","{""title"": ""&quot;첫 골 넣을 선수&quot; 박지성 픽!…오현규, 홍명보호 합류"", ""originallink"": ""https://news.jtbc.co.kr/article/NB12299734?influxDiv=NAVER"", ""link"": ""https://m.sports.naver.com/kfootball/article/437/0000492866"", ""description"": ""내일은 <b>손흥민</b> 황희찬 조규성 박진섭이 가세합니다. 대표팀은 이 곳에서 두 차례 평가전을 치른 뒤엔 다음달 5일, 멕시코 과달라하라로 향합니다. [화면제공 대한축구협회] [영상취재 박재현 영상편집 임인수]"", ""pubDate"": ""Mon, 25 May 2026 20:52:00 +0900""}"
손흥민,single_term_fallback,손흥민,"'득점포 침묵' <b>손흥민</b>, MLS 시즌 전반기 무득점 마감…LAFC 감독 &quot;이적시...",https://m.sports.naver.com/wfootball/article/117/0004067961,"Mon, 25 May 2026 20:30:00 +0900",LAFC는 시애틀과의 경기에서 <b>손흥민</b>이 최전방 공격수로 나섰고 부앙가와 마르티네스가 측면 공격을... LAFC의 <b>손흥민</b>은 시애틀전에서 풀타임 활약하며 7차례 슈팅을 때렸다. <b>손흥민</b>은 두 번의 유효슈팅을 포함해 올... ,https://www.mydaily.co.kr/page/view/2026052518592970665,naver_news,손흥민,canonical,1.0,2026-05-26T11:52:45.740012+00:00,0,0,0,0,,LAFC는 시애틀과의 경기에서 <b>손흥민</b>이 최전방 공격수로 나섰고 부앙가와 마르티네스가 측면 공격을... LAFC의 <b>손흥민</b>은 시애틀전에서 풀타임 활약하며 7차례 슈팅을 때렸다. <b>손흥민</b>은 두 번의 유효슈팅을 포함해 올... ,"{""title"": ""'득점포 침묵' <b>손흥민</b>, MLS 시즌 전반기 무득점 마감…LAFC 감독 &quot;이적시..."", ""originallink"": ""https://www.mydaily.co.kr/page/view/2026052518592970665"", ""link"": ""https://m.sports.naver.com/wfootball/article/117/0004067961"", ""description"": ""LAFC는 시애틀과의 경기에서 <b>손흥민</b>이 최전방 공격수로 나섰고 부앙가와 마르티네스가 측면 공격을... LAFC의 <b>손흥민</b>은 시애틀전에서 풀타임 활약하며 7차례 슈팅을 때렸다. <b>손흥민</b>은 두 번의 유효슈팅을 포함해 올... "", ""pubDate"": ""Mon, 25 May 2026 20:30:00 +0900""}"
손흥민,single_term_fallback,손흥민,"&quot;내 아이 축구 절대 안 가르쳐&quot;… <b>손흥민</b>, 미국 매체서 이례적 '결혼' 언...",https://n.news.naver.com/mnews/article/014/0005526111?sid=104,"Mon, 25 May 2026 20:21:00 +0900",오직 축구공 하나만 바라보며 그라운드를 누비던 대한민국 축구대표팀의 '캡틴' <b>손흥민</b>(LAFC)이 이례적으로... <b>손흥민</b>은 지난 21일(현지시간) 미국 유명 매체 'US위클리'와의 단독 인터뷰에서 &quot;이제는 가정을 꾸릴 나이가 된... ,http://www.fnnews.com/news/202605250927371185,naver_news,손흥민,canonical,1.0,2026-05-26T11:52:45.740012+00:00,0,0,0,0,,오직 축구공 하나만 바라보며 그라운드를 누비던 대한민국 축구대표팀의 '캡틴' <b>손흥민</b>(LAFC)이 이례적으로... <b>손흥민</b>은 지난 21일(현지시간) 미국 유명 매체 'US위클리'와의 단독 인터뷰에서 &quot;이제는 가정을 꾸릴 나이가 된... ,"{""title"": ""&quot;내 아이 축구 절대 안 가르쳐&quot;… <b>손흥민</b>, 미국 매체서 이례적 '결혼' 언..."", ""originallink"": ""http://www.fnnews.com/news/202605250927371185"", ""link"": ""https://n.news.naver.com/mnews/article/014/0005526111?sid=104"", ""description"": ""오직 축구공 하나만 바라보며 그라운드를 누비던 대한민국 축구대표팀의 '캡틴' <b>손흥민</b>(LAFC)이 이례적으로... <b>손흥민</b>은 지난 21일(현지시간) 미국 유명 매체 'US위클리'와의 단독 인터뷰에서 &quot;이제는 가정을 꾸릴 나이가 된... "", ""pubDate"": ""Mon, 25 May 2026 20:21:00 +0900""}"
손흥민,single_term_fallback,손흥민,16강 가면 '1인당 3억 9천'…해외파들 속속 합류,https://n.news.naver.com/mnews/article/057/0001950739?sid=103,"Mon, 25 May 2026 20:12:00 +0900","역대 최대 규모의 포상금에 동기 부여는 물론 사기까지 크게 오른 태극전사들, <b>손흥민</b>을 비롯한 해외파들도... 풀타임을 뛰며 LAFC의 4연패 탈출을 이끈 주장 <b>손흥민</b>도 내일 대표팀에 합류할 예정입니다. ▶ 스탠딩... ",http://www.mbn.co.kr/pages/news/newsView.php?news_seq_no=5195844,naver_news,손흥민,canonical,1.0,2026-05-26T11:52:45.740012+00:00,0,0,0,0,,"역대 최대 규모의 포상금에 동기 부여는 물론 사기까지 크게 오른 태극전사들, <b>손흥민</b>을 비롯한 해외파들도... 풀타임을 뛰며 LAFC의 4연패 탈출을 이끈 주장 <b>손흥민</b>도 내일 대표팀에 합류할 예정입니다. ▶ 스탠딩... ","{""title"": ""16강 가면 '1인당 3억 9천'…해외파들 속속 합류"", ""originallink"": ""http://www.mbn.co.kr/pages/news/newsView.php?news_seq_no=5195844"", ""link"": ""https://n.news.naver.com/mnews/article/057/0001950739?sid=103"", ""description"": ""역대 최대 규모의 포상금에 동기 부여는 물론 사기까지 크게 오른 태극전사들, <b>손흥민</b>을 비롯한 해외파들도... 풀타임을 뛰며 LAFC의 4연패 탈출을 이끈 주장 <b>손흥민</b>도 내일 대표팀에 합류할 예정입니다. ▶ 스탠딩... "", ""pubDate"": ""Mon, 25 May 2026 20:12:00 +0900""}"
손흥민,single_term_fallback,손흥민,"“평생 운 눈물보다 더 많이 울었다.” 리버풀의 전설 모하메드 살라, ...",https://m.sports.naver.com/wfootball/article/109/0005540570,"Mon, 25 May 2026 20:05:00 +0900","바로 그런 점 때문에 사랑했다”며 “같은 라커룸을 사용할 수 있었던 것은 영광이었다”고 말했다. 살라의 행선지는 정해지지 않았다. <b>손흥민</b>과 메시가 뛰는 미국 MLS, 호날두가 뛰는 사우디리그 등이 거론되고 있다.",http://www.osen.co.kr/article/G1112808097,naver_news,손흥민,canonical,1.0,2026-05-26T11:52:45.740012+00:00,0,0,0,0,,"바로 그런 점 때문에 사랑했다”며 “같은 라커룸을 사용할 수 있었던 것은 영광이었다”고 말했다. 살라의 행선지는 정해지지 않았다. <b>손흥민</b>과 메시가 뛰는 미국 MLS, 호날두가 뛰는 사우디리그 등이 거론되고 있다.","{""title"": ""“평생 운 눈물보다 더 많이 울었다.” 리버풀의 전설 모하메드 살라, ..."", ""originallink"": ""http://www.osen.co.kr/article/G1112808097"", ""link"": ""https://m.sports.naver.com/wfootball/article/109/0005540570"", ""description"": ""바로 그런 점 때문에 사랑했다”며 “같은 라커룸을 사용할 수 있었던 것은 영광이었다”고 말했다. 살라의 행선지는 정해지지 않았다. <b>손흥민</b>과 메시가 뛰는 미국 MLS, 호날두가 뛰는 사우디리그 등이 거론되고 있다."", ""pubDate"": ""Mon, 25 May 2026 20:05:00 +0900""}"
손흥민,single_term_fallback,손흥민,'<b>손흥민</b>과 함께' 유로파리그 우승→'<b>손흥민</b> 없이' 간신히 EPL 잔류…같은...,https://m.sports.naver.com/wfootball/article/117/0004067959,"Mon, 25 May 2026 20:00:00 +0900",지난 시즌에는 <b>손흥민</b>을 주축으로 유럽축구연맹(UEFA) 유로파리그 우승을 차지했다. 하지만 올 시즌에는 EPL... 10년 동안 토트넘에서 활약한 <b>손흥민</b>도 '무관 한'을 풀었다. 올 시즌 변화를 맞이했다. <b>손흥민</b>이 시즌을... ,https://www.mydaily.co.kr/page/view/2026052513205578728,naver_news,손흥민,canonical,1.0,2026-05-26T11:52:45.740012+00:00,0,0,0,0,,지난 시즌에는 <b>손흥민</b>을 주축으로 유럽축구연맹(UEFA) 유로파리그 우승을 차지했다. 하지만 올 시즌에는 EPL... 10년 동안 토트넘에서 활약한 <b>손흥민</b>도 '무관 한'을 풀었다. 올 시즌 변화를 맞이했다. <b>손흥민</b>이 시즌을... ,"{""title"": ""'<b>손흥민</b>과 함께' 유로파리그 우승→'<b>손흥민</b> 없이' 간신히 EPL 잔류…같은..."", ""originallink"": ""https://www.mydaily.co.kr/page/view/2026052513205578728"", ""link"": ""https://m.sports.naver.com/wfootball/article/117/0004067959"", ""description"": ""지난 시즌에는 <b>손흥민</b>을 주축으로 유럽축구연맹(UEFA) 유로파리그 우승을 차지했다. 하지만 올 시즌에는 EPL... 10년 동안 토트넘에서 활약한 <b>손흥민</b>도 '무관 한'을 풀었다. 올 시즌 변화를 맞이했다. <b>손흥민</b>이 시즌을... "", ""pubDate"": ""Mon, 25 May 2026 20:00:00 +0900""}"
손흥민,single_term_fallback,손흥민,&quot;내 무득점 감독님 탓 아냐&quot; <b>손흥민</b> 품격에 감격했나...월드컵서 &quot;유니...,https://m.sports.naver.com/wfootball/article/411/0000082254,"Mon, 25 May 2026 19:55:00 +0900",끝내 리그 마수걸이 골은 터지지 않았지만 <b>손흥민</b>은 자신보다 스승을 먼저 챙겼다. 마크 도스 산토스 감독은... 이날 경기는 <b>손흥민</b>에게 그 어느 때보다 중요했다. <b>손흥민</b>은 이 경기를 마치는 대로 미국 솔트레이크시티에... ,https://www.fourfourtwo.co.kr/news/articleView.html?idxno=92447,naver_news,손흥민,canonical,1.0,2026-05-26T11:52:45.740012+00:00,0,0,0,0,,끝내 리그 마수걸이 골은 터지지 않았지만 <b>손흥민</b>은 자신보다 스승을 먼저 챙겼다. 마크 도스 산토스 감독은... 이날 경기는 <b>손흥민</b>에게 그 어느 때보다 중요했다. <b>손흥민</b>은 이 경기를 마치는 대로 미국 솔트레이크시티에... ,"{""title"": ""&quot;내 무득점 감독님 탓 아냐&quot; <b>손흥민</b> 품격에 감격했나...월드컵서 &quot;유니..."", ""originallink"": ""https://www.fourfourtwo.co.kr/news/articleView.html?idxno=92447"", ""link"": ""https://m.sports.naver.com/wfootball/article/411/0000082254"", ""description"": ""끝내 리그 마수걸이 골은 터지지 않았지만 <b>손흥민</b>은 자신보다 스승을 먼저 챙겼다. 마크 도스 산토스 감독은... 이날 경기는 <b>손흥민</b>에게 그 어느 때보다 중요했다. <b>손흥민</b>은 이 경기를 마치는 대로 미국 솔트레이크시티에... "", ""pubDate"": ""Mon, 25 May 2026 19:55:00 +0900""}"
손흥민,single_term_fallback,손흥민,"LAFC 감독, &quot;난 완벽주의자&quot; 대대적 물갈이 선언!...<b>손흥민</b> 앞세워 4연패...",https://m.sports.naver.com/wfootball/article/139/0002247776,"Mon, 25 May 2026 19:51:00 +0900","<b>손흥민</b>을 앞세워 지독한 연패 사슬을 끊어낸 로스앤젤레스 FC(LAFC)의 마크 도스 산토스 감독이 월드컵... 이날 <b>손흥민</b>, 드니 부앙가, 다비드 마르티네스로 이어지는 삼각 편대를 앞세운 LAFC는 무려 17개의 슈팅을 쏟아내며... ",https://www.sportalkorea.com/news/articleView.html?idxno=2025052909553243142,naver_news,손흥민,canonical,1.0,2026-05-26T11:52:45.740012+00:00,0,0,0,0,,"<b>손흥민</b>을 앞세워 지독한 연패 사슬을 끊어낸 로스앤젤레스 FC(LAFC)의 마크 도스 산토스 감독이 월드컵... 이날 <b>손흥민</b>, 드니 부앙가, 다비드 마르티네스로 이어지는 삼각 편대를 앞세운 LAFC는 무려 17개의 슈팅을 쏟아내며... ","{""title"": ""LAFC 감독, &quot;난 완벽주의자&quot; 대대적 물갈이 선언!...<b>손흥민</b> 앞세워 4연패..."", ""originallink"": ""https://www.sportalkorea.com/news/articleView.html?idxno=2025052909553243142"", ""link"": ""https://m.sports.naver.com/wfootball/article/139/0002247776"", ""description"": ""<b>손흥민</b>을 앞세워 지독한 연패 사슬을 끊어낸 로스앤젤레스 FC(LAFC)의 마크 도스 산토스 감독이 월드컵... 이날 <b>손흥민</b>, 드니 부앙가, 다비드 마르티네스로 이어지는 삼각 편대를 앞세운 LAFC는 무려 17개의 슈팅을 쏟아내며... "", ""pubDate"": ""Mon, 25 May 2026 19:51:00 +0900""}"
손흥민,single_term_fallback,손흥민,"'1분 컷 좋아요' <b>손흥민</b>급 친정팀 사랑이라니...팬들 엉엉 울렸다, 22년...",https://m.sports.naver.com/wfootball/article/411/0000082252,"Mon, 25 May 2026 19:35:00 +0900",주인공은 바로 <b>손흥민</b>. <b>손흥민</b>은 그가 떠나자마자 올 시즌 내내 벼랑 끝에 몰렸던 토트넘이 에버턴을 꺾고 잔류를 확정하자마자 토트넘의 공식 게시물에 '좋아요'를 꾹 눌렀다. 게시물 업로드 후 채 일 분이 지나지도 않은... ,https://www.fourfourtwo.co.kr/news/articleView.html?idxno=92445,naver_news,손흥민,canonical,1.0,2026-05-26T11:52:45.740012+00:00,0,0,0,0,,주인공은 바로 <b>손흥민</b>. <b>손흥민</b>은 그가 떠나자마자 올 시즌 내내 벼랑 끝에 몰렸던 토트넘이 에버턴을 꺾고 잔류를 확정하자마자 토트넘의 공식 게시물에 '좋아요'를 꾹 눌렀다. 게시물 업로드 후 채 일 분이 지나지도 않은... ,"{""title"": ""'1분 컷 좋아요' <b>손흥민</b>급 친정팀 사랑이라니...팬들 엉엉 울렸다, 22년..."", ""originallink"": ""https://www.fourfourtwo.co.kr/news/articleView.html?idxno=92445"", ""link"": ""https://m.sports.naver.com/wfootball/article/411/0000082252"", ""description"": ""주인공은 바로 <b>손흥민</b>. <b>손흥민</b>은 그가 떠나자마자 올 시즌 내내 벼랑 끝에 몰렸던 토트넘이 에버턴을 꺾고 잔류를 확정하자마자 토트넘의 공식 게시물에 '좋아요'를 꾹 눌렀다. 게시물 업로드 후 채 일 분이 지나지도 않은... "", ""pubDate"": ""Mon, 25 May 2026 19:35:00 +0900""}"
손흥민,single_term_fallback,손흥민,황인범·<b>손흥민</b>도 합류…홍명보호 완전체 훈련 돌입,https://m.sports.naver.com/kfootball/article/658/0000144772,"Mon, 25 May 2026 19:13:00 +0900","25일에는 소속팀 로스앤젤레스FC에서 홈 경기를 치르고 솔트레이크시티로 이동하는 ‘캡틴’ <b>손흥민</b>과 황희찬(울버햄프턴), 박진섭(저장)이, 27일에는 김민재(뮌헨)가 사전캠프에 도착한다. 다음 달 1일에는 유럽축구연맹... ",http://www.kookje.co.kr/news2011/asp/newsbody.asp?code=0600&key=20260526.22013006362,naver_news,손흥민,canonical,1.0,2026-05-26T11:52:45.740012+00:00,0,0,0,0,,"25일에는 소속팀 로스앤젤레스FC에서 홈 경기를 치르고 솔트레이크시티로 이동하는 ‘캡틴’ <b>손흥민</b>과 황희찬(울버햄프턴), 박진섭(저장)이, 27일에는 김민재(뮌헨)가 사전캠프에 도착한다. 다음 달 1일에는 유럽축구연맹... ","{""title"": ""황인범·<b>손흥민</b>도 합류…홍명보호 완전체 훈련 돌입"", ""originallink"": ""http://www.kookje.co.kr/news2011/asp/newsbody.asp?code=0600&key=20260526.22013006362"", ""link"": ""https://m.sports.naver.com/kfootball/article/658/0000144772"", ""description"": ""25일에는 소속팀 로스앤젤레스FC에서 홈 경기를 치르고 솔트레이크시티로 이동하는 ‘캡틴’ <b>손흥민</b>과 황희찬(울버햄프턴), 박진섭(저장)이, 27일에는 김민재(뮌헨)가 사전캠프에 도착한다. 다음 달 1일에는 유럽축구연맹... "", ""pubDate"": ""Mon, 25 May 2026 19:13:00 +0900""}"
손흥민,single_term_fallback,손흥민,‘토트넘 강등 겨우 면했다!’ 데 제르비 감독 “너무 행복하고 감격스...,https://m.sports.naver.com/wfootball/article/109/0005540537,"Mon, 25 May 2026 19:05:00 +0900","<b>손흥민</b>(34, LAFC)이 떠난 토트넘은 강등만은 겨우 면했다. 토트넘 홋스퍼는 25일(한국시간) 영국 런던 토트넘 홋스퍼 스타디움에서 열린 2025-2026 프리미어리그 최종 38라운드 홈 경기에서 에버튼을 1-0으로 꺾었다. 같은 시각... ",http://www.osen.co.kr/article/G1112808096,naver_news,손흥민,canonical,1.0,2026-05-26T11:52:45.740012+00:00,0,0,0,0,,"<b>손흥민</b>(34, LAFC)이 떠난 토트넘은 강등만은 겨우 면했다. 토트넘 홋스퍼는 25일(한국시간) 영국 런던 토트넘 홋스퍼 스타디움에서 열린 2025-2026 프리미어리그 최종 38라운드 홈 경기에서 에버튼을 1-0으로 꺾었다. 같은 시각... ","{""title"": ""‘토트넘 강등 겨우 면했다!’ 데 제르비 감독 “너무 행복하고 감격스..."", ""originallink"": ""http://www.osen.co.kr/article/G1112808096"", ""link"": ""https://m.sports.naver.com/wfootball/article/109/0005540537"", ""description"": ""<b>손흥민</b>(34, LAFC)이 떠난 토트넘은 강등만은 겨우 면했다. 토트넘 홋스퍼는 25일(한국시간) 영국 런던 토트넘 홋스퍼 스타디움에서 열린 2025-2026 프리미어리그 최종 38라운드 홈 경기에서 에버튼을 1-0으로 꺾었다. 같은 시각... "", ""pubDate"": ""Mon, 25 May 2026 19:05:00 +0900""}"
손흥민,single_term_fallback,손흥민,"[맞수토론] 캡틴 쏘니의 '라스트 댄스'?…북중미 월드컵, 16강 가능성은",https://n.news.naver.com/mnews/article/437/0000492835?sid=103,"Mon, 25 May 2026 18:53:00 +0900","그런데 우리가 우리 스스로는 괜찮은데, 걱정하지 마 이러는데 해외 언론은 <b>손흥민</b> 보유국이고 이강인... 심지어 <b>손흥민</b> 선수도 킥 미스를 그 경기에 많이 하거든요. 아무래도 우리가 고산지대에 갔을 때 그런 적응훈련을... ",https://news.jtbc.co.kr/article/NB12299726?influxDiv=NAVER,naver_news,손흥민,canonical,1.0,2026-05-26T11:52:45.740012+00:00,0,0,0,0,,"그런데 우리가 우리 스스로는 괜찮은데, 걱정하지 마 이러는데 해외 언론은 <b>손흥민</b> 보유국이고 이강인... 심지어 <b>손흥민</b> 선수도 킥 미스를 그 경기에 많이 하거든요. 아무래도 우리가 고산지대에 갔을 때 그런 적응훈련을... ","{""title"": ""[맞수토론] 캡틴 쏘니의 '라스트 댄스'?…북중미 월드컵, 16강 가능성은"", ""originallink"": ""https://news.jtbc.co.kr/article/NB12299726?influxDiv=NAVER"", ""link"": ""https://n.news.naver.com/mnews/article/437/0000492835?sid=103"", ""description"": ""그런데 우리가 우리 스스로는 괜찮은데, 걱정하지 마 이러는데 해외 언론은 <b>손흥민</b> 보유국이고 이강인... 심지어 <b>손흥민</b> 선수도 킥 미스를 그 경기에 많이 하거든요. 아무래도 우리가 고산지대에 갔을 때 그런 적응훈련을... "", ""pubDate"": ""Mon, 25 May 2026 18:53:00 +0900""}"
손흥민,single_term_fallback,손흥민,"강등 위기 토트넘도, 'WC 전 마지막' <b>손흥민</b>도 아니었다...'찐팬' 홀랜드...",https://m.sports.naver.com/wfootball/article/411/0000082249,"Mon, 25 May 2026 18:35:00 +0900",토트넘 홋스퍼와 <b>손흥민</b>의 &quot;찐팬'으로 유명한 할리우드 배우 톰 홀랜드가 리오넬 메시의 인터 마이애미... 특히 대한민국 축구대표팀의 주장 <b>손흥민</b>을 향한 남다른 팬심을 고백해 화제를 모으기도 했다. 그는 과거... ,https://www.fourfourtwo.co.kr/news/articleView.html?idxno=92443,naver_news,손흥민,canonical,1.0,2026-05-26T11:52:45.740012+00:00,0,0,0,0,,토트넘 홋스퍼와 <b>손흥민</b>의 &quot;찐팬'으로 유명한 할리우드 배우 톰 홀랜드가 리오넬 메시의 인터 마이애미... 특히 대한민국 축구대표팀의 주장 <b>손흥민</b>을 향한 남다른 팬심을 고백해 화제를 모으기도 했다. 그는 과거... ,"{""title"": ""강등 위기 토트넘도, 'WC 전 마지막' <b>손흥민</b>도 아니었다...'찐팬' 홀랜드..."", ""originallink"": ""https://www.fourfourtwo.co.kr/news/articleView.html?idxno=92443"", ""link"": ""https://m.sports.naver.com/wfootball/article/411/0000082249"", ""description"": ""토트넘 홋스퍼와 <b>손흥민</b>의 &quot;찐팬'으로 유명한 할리우드 배우 톰 홀랜드가 리오넬 메시의 인터 마이애미... 특히 대한민국 축구대표팀의 주장 <b>손흥민</b>을 향한 남다른 팬심을 고백해 화제를 모으기도 했다. 그는 과거... "", ""pubDate"": ""Mon, 25 May 2026 18:35:00 +0900""}"
손흥민,single_term_fallback,손흥민,"'올 시즌 한 경기 최다 슈팅' <b>손흥민</b>, 팀내 최저 평점 혹평…LAFC는 시애...",https://m.sports.naver.com/wfootball/article/117/0004067930,"Mon, 25 May 2026 18:30:00 +0900",<b>손흥민</b>이 풀타임 활약한 LAFC가 시애틀을 꺾고 메이저리그사커(MLS) 4경기 연속 무승 부진에서 벗어났다.... LAFC는 시애틀을 상대로 <b>손흥민</b>이 최전방 공격수로 출전했고 부앙가와 마르티네스가 측면 공격을 이끌었다.... ,https://www.mydaily.co.kr/page/view/2026052518222769793,naver_news,손흥민,canonical,1.0,2026-05-26T11:52:45.740012+00:00,0,0,0,0,,<b>손흥민</b>이 풀타임 활약한 LAFC가 시애틀을 꺾고 메이저리그사커(MLS) 4경기 연속 무승 부진에서 벗어났다.... LAFC는 시애틀을 상대로 <b>손흥민</b>이 최전방 공격수로 출전했고 부앙가와 마르티네스가 측면 공격을 이끌었다.... ,"{""title"": ""'올 시즌 한 경기 최다 슈팅' <b>손흥민</b>, 팀내 최저 평점 혹평…LAFC는 시애..."", ""originallink"": ""https://www.mydaily.co.kr/page/view/2026052518222769793"", ""link"": ""https://m.sports.naver.com/wfootball/article/117/0004067930"", ""description"": ""<b>손흥민</b>이 풀타임 활약한 LAFC가 시애틀을 꺾고 메이저리그사커(MLS) 4경기 연속 무승 부진에서 벗어났다.... LAFC는 시애틀을 상대로 <b>손흥민</b>이 최전방 공격수로 출전했고 부앙가와 마르티네스가 측면 공격을 이끌었다.... "", ""pubDate"": ""Mon, 25 May 2026 18:30:00 +0900""}"
손흥민,single_term_fallback,손흥민,"너도 나도 “현중! 현중!” 일본 취재진에게 포위된 이현중, 취재하기 ...",https://m.sports.naver.com/basketball/article/109/0005540518,"Mon, 25 May 2026 18:28:00 +0900",일본에서도 슈퍼스타가 된 이현중 취재는 결코 쉽지 않았다. 기자가 해외에서 류현진과 <b>손흥민</b>을 취재할 때와 분위기가 비슷했다. 한국기자들도 몸은 힘들어도 이현중 덕분에 괜히 어깨가 으쓱했다.,http://www.osen.co.kr/article/G1112808027,naver_news,손흥민,canonical,1.0,2026-05-26T11:52:45.740012+00:00,0,0,0,0,,일본에서도 슈퍼스타가 된 이현중 취재는 결코 쉽지 않았다. 기자가 해외에서 류현진과 <b>손흥민</b>을 취재할 때와 분위기가 비슷했다. 한국기자들도 몸은 힘들어도 이현중 덕분에 괜히 어깨가 으쓱했다.,"{""title"": ""너도 나도 “현중! 현중!” 일본 취재진에게 포위된 이현중, 취재하기 ..."", ""originallink"": ""http://www.osen.co.kr/article/G1112808027"", ""link"": ""https://m.sports.naver.com/basketball/article/109/0005540518"", ""description"": ""일본에서도 슈퍼스타가 된 이현중 취재는 결코 쉽지 않았다. 기자가 해외에서 류현진과 <b>손흥민</b>을 취재할 때와 분위기가 비슷했다. 한국기자들도 몸은 힘들어도 이현중 덕분에 괜히 어깨가 으쓱했다."", ""pubDate"": ""Mon, 25 May 2026 18:28:00 +0900""}"
손흥민,single_term_fallback,손흥민,"대한민국 캡틴도 형 앞에선 막내가 됐다…<b>손흥민</b>, 김기희 품에 '쏙'→ML...",https://m.sports.naver.com/wfootball/article/413/0000218551,"Mon, 25 May 2026 18:22:00 +0900",<b>손흥민</b>이 과거 국가대표팀 동료 김기희를 만나 환한 미소를 보였다. 한때 대표팀 막내였던 <b>손흥민</b>은 오랜만에 '형' 앞에서 편안한 모습을 드러냈다. LAFC는 25일 오전 10시 15분(한국시간) 미국 로스앤젤레스에 위치한 BMO... ,https://www.interfootball.co.kr/news/articleView.html?idxno=687211,naver_news,손흥민,canonical,1.0,2026-05-26T11:52:45.740012+00:00,0,0,0,0,,<b>손흥민</b>이 과거 국가대표팀 동료 김기희를 만나 환한 미소를 보였다. 한때 대표팀 막내였던 <b>손흥민</b>은 오랜만에 '형' 앞에서 편안한 모습을 드러냈다. LAFC는 25일 오전 10시 15분(한국시간) 미국 로스앤젤레스에 위치한 BMO... ,"{""title"": ""대한민국 캡틴도 형 앞에선 막내가 됐다…<b>손흥민</b>, 김기희 품에 '쏙'→ML..."", ""originallink"": ""https://www.interfootball.co.kr/news/articleView.html?idxno=687211"", ""link"": ""https://m.sports.naver.com/wfootball/article/413/0000218551"", ""description"": ""<b>손흥민</b>이 과거 국가대표팀 동료 김기희를 만나 환한 미소를 보였다. 한때 대표팀 막내였던 <b>손흥민</b>은 오랜만에 '형' 앞에서 편안한 모습을 드러냈다. LAFC는 25일 오전 10시 15분(한국시간) 미국 로스앤젤레스에 위치한 BMO... "", ""pubDate"": ""Mon, 25 May 2026 18:22:00 +0900""}"
손흥민,single_term_fallback,손흥민,"“슈팅만 7개인데 또 침묵” <b>손흥민</b>, MLS 12경기 무득점... '골만 안들어...",https://m.sports.naver.com/wfootball/article/109/0005540513,"Mon, 25 May 2026 18:15:00 +0900",<b>손흥민</b>의 골은 또 다음으로 미뤄졌다. 누구보다 부지런히 움직였고 가장 많은 슈팅을 시도했지만 마지막 한... <b>손흥민</b>은 이날도 최전방 공격수로 선발 출전했다. 드니 부앙가와 데이비드 마르티네즈와 함께 공격진을... ,http://www.osen.co.kr/article/G1112808056,naver_news,손흥민,canonical,1.0,2026-05-26T11:52:45.740012+00:00,0,0,0,0,,<b>손흥민</b>의 골은 또 다음으로 미뤄졌다. 누구보다 부지런히 움직였고 가장 많은 슈팅을 시도했지만 마지막 한... <b>손흥민</b>은 이날도 최전방 공격수로 선발 출전했다. 드니 부앙가와 데이비드 마르티네즈와 함께 공격진을... ,"{""title"": ""“슈팅만 7개인데 또 침묵” <b>손흥민</b>, MLS 12경기 무득점... '골만 안들어..."", ""originallink"": ""http://www.osen.co.kr/article/G1112808056"", ""link"": ""https://m.sports.naver.com/wfootball/article/109/0005540513"", ""description"": ""<b>손흥민</b>의 골은 또 다음으로 미뤄졌다. 누구보다 부지런히 움직였고 가장 많은 슈팅을 시도했지만 마지막 한... <b>손흥민</b>은 이날도 최전방 공격수로 선발 출전했다. 드니 부앙가와 데이비드 마르티네즈와 함께 공격진을... "", ""pubDate"": ""Mon, 25 May 2026 18:15:00 +0900""}"
손흥민,single_term_fallback,손흥민,"황인범·이재성·오현규 등, 홍명보호 사전 캠프지 도착…<b>손흥민</b> 26일 합...",http://www.stoo.com/article.php?aid=106838139013,"Mon, 25 May 2026 18:04:00 +0900","26일에는 주장 <b>손흥민</b>(LA FC), 27일에는 수비의 핵심 김민재(바이에른 뮌헨)이 합류할 예정이다. 가장 마지막에 합류하는 선수는 이강인(파리 생제르맹)으로, 오는 31일 유럽축구연맹(UEFA) 챔피언스리그(UCL) 결승전을 치른... ",http://www.stoo.com/article.php?aid=106838139013,naver_news,손흥민,canonical,1.0,2026-05-26T11:52:45.740012+00:00,0,0,0,0,,"26일에는 주장 <b>손흥민</b>(LA FC), 27일에는 수비의 핵심 김민재(바이에른 뮌헨)이 합류할 예정이다. 가장 마지막에 합류하는 선수는 이강인(파리 생제르맹)으로, 오는 31일 유럽축구연맹(UEFA) 챔피언스리그(UCL) 결승전을 치른... ","{""title"": ""황인범·이재성·오현규 등, 홍명보호 사전 캠프지 도착…<b>손흥민</b> 26일 합..."", ""originallink"": ""http://www.stoo.com/article.php?aid=106838139013"", ""link"": ""http://www.stoo.com/article.php?aid=106838139013"", ""description"": ""26일에는 주장 <b>손흥민</b>(LA FC), 27일에는 수비의 핵심 김민재(바이에른 뮌헨)이 합류할 예정이다. 가장 마지막에 합류하는 선수는 이강인(파리 생제르맹)으로, 오는 31일 유럽축구연맹(UEFA) 챔피언스리그(UCL) 결승전을 치른... "", ""pubDate"": ""Mon, 25 May 2026 18:04:00 +0900""}"
손흥민,single_term_fallback,손흥민,"<b>손흥민</b>, 리그 골 없이 월드컵으로...&quot;내 능력이 도망가나요?&quot;",https://m.sports.naver.com/wfootball/article/052/0002357615,"Mon, 25 May 2026 17:38:00 +0900",2026 북중미 월드컵에 나서는 홍명보호 원톱 공격수 <b>손흥민</b>이 월드컵 전 마지막 리그 경기에서도 득점 없이... [기자] 북중미 월드컵 전 마지막 리그 경기에 나선 LAFC <b>손흥민</b>. 홍명보호와 같은 중앙 공격수를 맡아 팀의... ,https://www.ytn.co.kr/_ln/0107_202605251738112413,naver_news,손흥민,canonical,1.0,2026-05-26T11:52:45.740012+00:00,0,0,0,0,,2026 북중미 월드컵에 나서는 홍명보호 원톱 공격수 <b>손흥민</b>이 월드컵 전 마지막 리그 경기에서도 득점 없이... [기자] 북중미 월드컵 전 마지막 리그 경기에 나선 LAFC <b>손흥민</b>. 홍명보호와 같은 중앙 공격수를 맡아 팀의... ,"{""title"": ""<b>손흥민</b>, 리그 골 없이 월드컵으로...&quot;내 능력이 도망가나요?&quot;"", ""originallink"": ""https://www.ytn.co.kr/_ln/0107_202605251738112413"", ""link"": ""https://m.sports.naver.com/wfootball/article/052/0002357615"", ""description"": ""2026 북중미 월드컵에 나서는 홍명보호 원톱 공격수 <b>손흥민</b>이 월드컵 전 마지막 리그 경기에서도 득점 없이... [기자] 북중미 월드컵 전 마지막 리그 경기에 나선 LAFC <b>손흥민</b>. 홍명보호와 같은 중앙 공격수를 맡아 팀의... "", ""pubDate"": ""Mon, 25 May 2026 17:38:00 +0900""}"
손흥민,single_term_fallback,손흥민,"'골맛 못보고 대표팀 합류' LAFC <b>손흥민</b>, 월드컵 전 마지막 경기에서도...",https://m.sports.naver.com/wfootball/article/472/0000040306,"Mon, 25 May 2026 17:36:00 +0900",미국프로축구 로스앤젤레스 FC(LAFC)에서 뛰는 <b>손흥민</b>이 2026 북중미 월드컵을 앞두고 치른 소속팀 마지막... 이날 경기에서는 <b>손흥민</b>과 시애틀의 베테랑 센터백 김기희가 모두 선발 출전하며 '코리안 더비'가 성사됐다.... ,http://www.thesportstimes.co.kr/news/articleView.html?idxno=372992,naver_news,손흥민,canonical,1.0,2026-05-26T11:52:45.740012+00:00,0,0,0,0,,미국프로축구 로스앤젤레스 FC(LAFC)에서 뛰는 <b>손흥민</b>이 2026 북중미 월드컵을 앞두고 치른 소속팀 마지막... 이날 경기에서는 <b>손흥민</b>과 시애틀의 베테랑 센터백 김기희가 모두 선발 출전하며 '코리안 더비'가 성사됐다.... ,"{""title"": ""'골맛 못보고 대표팀 합류' LAFC <b>손흥민</b>, 월드컵 전 마지막 경기에서도..."", ""originallink"": ""http://www.thesportstimes.co.kr/news/articleView.html?idxno=372992"", ""link"": ""https://m.sports.naver.com/wfootball/article/472/0000040306"", ""description"": ""미국프로축구 로스앤젤레스 FC(LAFC)에서 뛰는 <b>손흥민</b>이 2026 북중미 월드컵을 앞두고 치른 소속팀 마지막... 이날 경기에서는 <b>손흥민</b>과 시애틀의 베테랑 센터백 김기희가 모두 선발 출전하며 '코리안 더비'가 성사됐다.... "", ""pubDate"": ""Mon, 25 May 2026 17:36:00 +0900""}"
손흥민,single_term_fallback,손흥민,"&quot;골 더 원한다&quot;고 했는데, <b>손흥민</b> 대체 언제 터지나? 슈팅 7개에도 '0골...",https://m.sports.naver.com/wfootball/article/311/0002015028,"Mon, 25 May 2026 17:34:00 +0900","<b>손흥민</b>이 월드컵을 앞두고 치른 소속팀 마지막 경기에서 무려 7개의 슈팅을 시도하며 분전했지만 끝내 득점포를 가동하지 못했다. 팀은 오랜만에 값진 승리를 챙겼지만, 정작 최전방에서 골을 책임져야 할 <b>손흥민</b>의 '골... ",https://www.xportsnews.com/article/2152952,naver_news,손흥민,canonical,1.0,2026-05-26T11:52:45.740012+00:00,0,0,0,0,,"<b>손흥민</b>이 월드컵을 앞두고 치른 소속팀 마지막 경기에서 무려 7개의 슈팅을 시도하며 분전했지만 끝내 득점포를 가동하지 못했다. 팀은 오랜만에 값진 승리를 챙겼지만, 정작 최전방에서 골을 책임져야 할 <b>손흥민</b>의 '골... ","{""title"": ""&quot;골 더 원한다&quot;고 했는데, <b>손흥민</b> 대체 언제 터지나? 슈팅 7개에도 '0골..."", ""originallink"": ""https://www.xportsnews.com/article/2152952"", ""link"": ""https://m.sports.naver.com/wfootball/article/311/0002015028"", ""description"": ""<b>손흥민</b>이 월드컵을 앞두고 치른 소속팀 마지막 경기에서 무려 7개의 슈팅을 시도하며 분전했지만 끝내 득점포를 가동하지 못했다. 팀은 오랜만에 값진 승리를 챙겼지만, 정작 최전방에서 골을 책임져야 할 <b>손흥민</b>의 '골... "", ""pubDate"": ""Mon, 25 May 2026 17:34:00 +0900""}"
손흥민,single_term_fallback,손흥민,넓은 시야·탈압박·무한 체력…‘패스 마스터’ 황인범이 돌아왔다,https://m.sports.naver.com/kfootball/article/081/0003646637,"Mon, 25 May 2026 17:26:00 +0900","“대한민국은 결코 <b>손흥민</b>의 ‘원팀’이 아니다. 한국의 월드컵은 ‘패스 마스터’ 황인범의 활약에... 전방의 <b>손흥민</b>, 이강인, 황희찬 등 공격수들이 효과적으로 침투할 수 있는 볼 배급이 제대로 이뤄지지 않았다”고... ",https://www.seoul.co.kr/news/sport/soccer/WorldCup2026/2026/05/25/20260525500098?wlog_tag3=naver,naver_news,손흥민,canonical,1.0,2026-05-26T11:52:45.740012+00:00,0,0,0,0,,"“대한민국은 결코 <b>손흥민</b>의 ‘원팀’이 아니다. 한국의 월드컵은 ‘패스 마스터’ 황인범의 활약에... 전방의 <b>손흥민</b>, 이강인, 황희찬 등 공격수들이 효과적으로 침투할 수 있는 볼 배급이 제대로 이뤄지지 않았다”고... ","{""title"": ""넓은 시야·탈압박·무한 체력…‘패스 마스터’ 황인범이 돌아왔다"", ""originallink"": ""https://www.seoul.co.kr/news/sport/soccer/WorldCup2026/2026/05/25/20260525500098?wlog_tag3=naver"", ""link"": ""https://m.sports.naver.com/kfootball/article/081/0003646637"", ""description"": ""“대한민국은 결코 <b>손흥민</b>의 ‘원팀’이 아니다. 한국의 월드컵은 ‘패스 마스터’ 황인범의 활약에... 전방의 <b>손흥민</b>, 이강인, 황희찬 등 공격수들이 효과적으로 침투할 수 있는 볼 배급이 제대로 이뤄지지 않았다”고... "", ""pubDate"": ""Mon, 25 May 2026 17:26:00 +0900""}"
손흥민,single_term_fallback,손흥민,"황인범·이재성 등 10명, 홍명보호 사전 캠프 입성…26명 중 19명 합류",https://m.sports.naver.com/kfootball/article/421/0008964833,"Mon, 25 May 2026 17:12:00 +0900","MLS 전반기 시즌을 마친 LA FC <b>손흥민</b>은 26일, 바이에른 뮌헨(독일)에서 더블을 달성한 김민재는 27일 합류한다. 유럽축구연맹(UEFA) 챔피언스리그(UCL) 결승전을 치르고 가장 마지막으로 오는 파리생제르맹(프랑스) 소속... ",https://www.news1.kr/sports/soccer/6176887,naver_news,손흥민,canonical,1.0,2026-05-26T11:52:45.740012+00:00,0,0,0,0,,"MLS 전반기 시즌을 마친 LA FC <b>손흥민</b>은 26일, 바이에른 뮌헨(독일)에서 더블을 달성한 김민재는 27일 합류한다. 유럽축구연맹(UEFA) 챔피언스리그(UCL) 결승전을 치르고 가장 마지막으로 오는 파리생제르맹(프랑스) 소속... ","{""title"": ""황인범·이재성 등 10명, 홍명보호 사전 캠프 입성…26명 중 19명 합류"", ""originallink"": ""https://www.news1.kr/sports/soccer/6176887"", ""link"": ""https://m.sports.naver.com/kfootball/article/421/0008964833"", ""description"": ""MLS 전반기 시즌을 마친 LA FC <b>손흥민</b>은 26일, 바이에른 뮌헨(독일)에서 더블을 달성한 김민재는 27일 합류한다. 유럽축구연맹(UEFA) 챔피언스리그(UCL) 결승전을 치르고 가장 마지막으로 오는 파리생제르맹(프랑스) 소속... "", ""pubDate"": ""Mon, 25 May 2026 17:12:00 +0900""}"
손흥민,single_term_fallback,손흥민,"월드컵 모드 돌입 <b>손흥민</b>, LAFC 고군분투 속 시애틀전 승리 견인",https://www.ftimes.kr/news/articleView.html?idxno=37631,"Mon, 25 May 2026 17:06:00 +0900",미국프로축구 LAFC의 <b>손흥민</b>이 2026 북중미 월드컵을 향한 본격적인 여정에 오르기 전 마지막 소속팀... 이날 경기는 <b>손흥민</b>과 시애틀의 베테랑 수비수 김기희가 나란히 선발 출전하며 미국 무대에서의 코리안 더비로도... ,https://www.ftimes.kr/news/articleView.html?idxno=37631,naver_news,손흥민,canonical,1.0,2026-05-26T11:52:45.740012+00:00,0,0,0,0,,미국프로축구 LAFC의 <b>손흥민</b>이 2026 북중미 월드컵을 향한 본격적인 여정에 오르기 전 마지막 소속팀... 이날 경기는 <b>손흥민</b>과 시애틀의 베테랑 수비수 김기희가 나란히 선발 출전하며 미국 무대에서의 코리안 더비로도... ,"{""title"": ""월드컵 모드 돌입 <b>손흥민</b>, LAFC 고군분투 속 시애틀전 승리 견인"", ""originallink"": ""https://www.ftimes.kr/news/articleView.html?idxno=37631"", ""link"": ""https://www.ftimes.kr/news/articleView.html?idxno=37631"", ""description"": ""미국프로축구 LAFC의 <b>손흥민</b>이 2026 북중미 월드컵을 향한 본격적인 여정에 오르기 전 마지막 소속팀... 이날 경기는 <b>손흥민</b>과 시애틀의 베테랑 수비수 김기희가 나란히 선발 출전하며 미국 무대에서의 코리안 더비로도... "", ""pubDate"": ""Mon, 25 May 2026 17:06:00 +0900""}"
손흥민,single_term_fallback,손흥민,"토트넘 강등 위기인데, 아르헨서 월드컵 준비?…쏟아지는 비판에 로메로...",https://m.sports.naver.com/wfootball/article/311/0002015026,"Mon, 25 May 2026 17:05:00 +0900",토트넘 홋스퍼 주장 완장을 <b>손흥민</b>에게 물려 받은 크리스티안 로메로가 극적인 잔류에 눈물을 흘렸다.... <b>손흥민</b>의 뒤를 이어 2025-2026시즌 주장이 된 로메로는 이전에도 토트넘 구단과의 의무진 관련 불화로 문제를 일으킨... ,https://www.xportsnews.com/article/2152947,naver_news,손흥민,canonical,1.0,2026-05-26T11:52:45.740012+00:00,0,0,0,0,,토트넘 홋스퍼 주장 완장을 <b>손흥민</b>에게 물려 받은 크리스티안 로메로가 극적인 잔류에 눈물을 흘렸다.... <b>손흥민</b>의 뒤를 이어 2025-2026시즌 주장이 된 로메로는 이전에도 토트넘 구단과의 의무진 관련 불화로 문제를 일으킨... ,"{""title"": ""토트넘 강등 위기인데, 아르헨서 월드컵 준비?…쏟아지는 비판에 로메로..."", ""originallink"": ""https://www.xportsnews.com/article/2152947"", ""link"": ""https://m.sports.naver.com/wfootball/article/311/0002015026"", ""description"": ""토트넘 홋스퍼 주장 완장을 <b>손흥민</b>에게 물려 받은 크리스티안 로메로가 극적인 잔류에 눈물을 흘렸다.... <b>손흥민</b>의 뒤를 이어 2025-2026시즌 주장이 된 로메로는 이전에도 토트넘 구단과의 의무진 관련 불화로 문제를 일으킨... "", ""pubDate"": ""Mon, 25 May 2026 17:05:00 +0900""}"
손흥민,single_term_fallback,손흥민,"'손-케 듀오', 토트넘 극적 잔류에 축하 메시지…&quot;여전히 내 마음속 고향...",https://m.sports.naver.com/wfootball/article/079/0004150412,"Mon, 25 May 2026 16:56:00 +0900",듀오(<b>손흥민</b>·해리 케인)'가 축하 인사를 전했다. 토트넘은 25일(한국시간) 영국 런던 토트넘 홋스퍼... 강등 위기에서 벗어나자 과거 토트넘의 전성기를 이끌었던 해리 케인과 <b>손흥민</b>은 SNS를 통해 친정팀의 생존을... ,https://www.nocutnews.co.kr/news/6522265?utm_source=naver&utm_medium=article&utm_campaign=20260525045553,naver_news,손흥민,canonical,1.0,2026-05-26T11:52:45.740012+00:00,0,0,0,0,,듀오(<b>손흥민</b>·해리 케인)'가 축하 인사를 전했다. 토트넘은 25일(한국시간) 영국 런던 토트넘 홋스퍼... 강등 위기에서 벗어나자 과거 토트넘의 전성기를 이끌었던 해리 케인과 <b>손흥민</b>은 SNS를 통해 친정팀의 생존을... ,"{""title"": ""'손-케 듀오', 토트넘 극적 잔류에 축하 메시지…&quot;여전히 내 마음속 고향..."", ""originallink"": ""https://www.nocutnews.co.kr/news/6522265?utm_source=naver&utm_medium=article&utm_campaign=20260525045553"", ""link"": ""https://m.sports.naver.com/wfootball/article/079/0004150412"", ""description"": ""듀오(<b>손흥민</b>·해리 케인)'가 축하 인사를 전했다. 토트넘은 25일(한국시간) 영국 런던 토트넘 홋스퍼... 강등 위기에서 벗어나자 과거 토트넘의 전성기를 이끌었던 해리 케인과 <b>손흥민</b>은 SNS를 통해 친정팀의 생존을... "", ""pubDate"": ""Mon, 25 May 2026 16:56:00 +0900""}"
손흥민,single_term_fallback,손흥민,"2025년 <b>손흥민</b>, 2026년은 살라...&quot;내 평생 흘린 눈물보다 더 울었다&quot; EPL ...",https://m.sports.naver.com/wfootball/article/076/0004408803,"Mon, 25 May 2026 16:47:00 +0900","맨시티의 엘링 홀란, 토트넘의 <b>손흥민</b>처럼 팀의 상징적인 공격수로 꾸준히 자리를 지켰다. 리버풀 합류... 2025년 <b>손흥민</b>과 케빈 더브라위너, 2026년에는 살라와 로버트슨 등 EPL 대표 스타들이 소속팀과 작별하고 있다. 한... ",https://www.sportschosun.com/football/2026-05-25/202605250100148780010012,naver_news,손흥민,canonical,1.0,2026-05-26T11:52:45.740012+00:00,0,0,0,0,,"맨시티의 엘링 홀란, 토트넘의 <b>손흥민</b>처럼 팀의 상징적인 공격수로 꾸준히 자리를 지켰다. 리버풀 합류... 2025년 <b>손흥민</b>과 케빈 더브라위너, 2026년에는 살라와 로버트슨 등 EPL 대표 스타들이 소속팀과 작별하고 있다. 한... ","{""title"": ""2025년 <b>손흥민</b>, 2026년은 살라...&quot;내 평생 흘린 눈물보다 더 울었다&quot; EPL ..."", ""originallink"": ""https://www.sportschosun.com/football/2026-05-25/202605250100148780010012"", ""link"": ""https://m.sports.naver.com/wfootball/article/076/0004408803"", ""description"": ""맨시티의 엘링 홀란, 토트넘의 <b>손흥민</b>처럼 팀의 상징적인 공격수로 꾸준히 자리를 지켰다. 리버풀 합류... 2025년 <b>손흥민</b>과 케빈 더브라위너, 2026년에는 살라와 로버트슨 등 EPL 대표 스타들이 소속팀과 작별하고 있다. 한... "", ""pubDate"": ""Mon, 25 May 2026 16:47:00 +0900""}"
손흥민,single_term_fallback,손흥민,토트넘 잔류에 '손-케 듀오' 웃었다…&quot;마지막 날 멋진 결과 축하해&quot;,https://m.sports.naver.com/wfootball/article/421/0008964781,"Mon, 25 May 2026 16:23:00 +0900",듀오(<b>손흥민</b>·해리 케인)'도 웃었다. 토트넘은 25일(한국시간) 영국 런던 토트넘 홋스퍼 스타디움에서 열린... 토트넘이 강등 위기를 벗어나고 생존하자 케인과 <b>손흥민</b>은 SNS를 통해 기쁨을 표현했다. 케인은 같은 날... ,https://www.news1.kr/sports/overseas-soccer/6176852,naver_news,손흥민,canonical,1.0,2026-05-26T11:52:45.740012+00:00,0,0,0,0,,듀오(<b>손흥민</b>·해리 케인)'도 웃었다. 토트넘은 25일(한국시간) 영국 런던 토트넘 홋스퍼 스타디움에서 열린... 토트넘이 강등 위기를 벗어나고 생존하자 케인과 <b>손흥민</b>은 SNS를 통해 기쁨을 표현했다. 케인은 같은 날... ,"{""title"": ""토트넘 잔류에 '손-케 듀오' 웃었다…&quot;마지막 날 멋진 결과 축하해&quot;"", ""originallink"": ""https://www.news1.kr/sports/overseas-soccer/6176852"", ""link"": ""https://m.sports.naver.com/wfootball/article/421/0008964781"", ""description"": ""듀오(<b>손흥민</b>·해리 케인)'도 웃었다. 토트넘은 25일(한국시간) 영국 런던 토트넘 홋스퍼 스타디움에서 열린... 토트넘이 강등 위기를 벗어나고 생존하자 케인과 <b>손흥민</b>은 SNS를 통해 기쁨을 표현했다. 케인은 같은 날... "", ""pubDate"": ""Mon, 25 May 2026 16:23:00 +0900""}"
손흥민,single_term_fallback,손흥민,"'월드컵 앞둔 마지막 경기' <b>손흥민</b>, MLS 시애틀전서 슈팅 7개에도 득점 ...",https://m.sports.naver.com/wfootball/article/425/0000191406,"Mon, 25 May 2026 16:01:00 +0900","2026 북중미 월드컵을 앞두고 <b>손흥민</b>이 LAFC 유니폼으로 치른 마지막 경기 풍경이다. LAFC는 25일(한국시간)... 중앙 공격수로 풀타임을 뛴 <b>손흥민</b>은 평소보다 과감했다. 전반 38분 발리, 5분 뒤 중거리, 후반 22분... ",http://www.maniareport.com/view.php?ud=2026052513404435156cf2d78c68_19,naver_news,손흥민,canonical,1.0,2026-05-26T11:52:45.740012+00:00,0,0,0,0,,"2026 북중미 월드컵을 앞두고 <b>손흥민</b>이 LAFC 유니폼으로 치른 마지막 경기 풍경이다. LAFC는 25일(한국시간)... 중앙 공격수로 풀타임을 뛴 <b>손흥민</b>은 평소보다 과감했다. 전반 38분 발리, 5분 뒤 중거리, 후반 22분... ","{""title"": ""'월드컵 앞둔 마지막 경기' <b>손흥민</b>, MLS 시애틀전서 슈팅 7개에도 득점 ..."", ""originallink"": ""http://www.maniareport.com/view.php?ud=2026052513404435156cf2d78c68_19"", ""link"": ""https://m.sports.naver.com/wfootball/article/425/0000191406"", ""description"": ""2026 북중미 월드컵을 앞두고 <b>손흥민</b>이 LAFC 유니폼으로 치른 마지막 경기 풍경이다. LAFC는 25일(한국시간)... 중앙 공격수로 풀타임을 뛴 <b>손흥민</b>은 평소보다 과감했다. 전반 38분 발리, 5분 뒤 중거리, 후반 22분... "", ""pubDate"": ""Mon, 25 May 2026 16:01:00 +0900""}"
손흥민,single_term_fallback,손흥민,"<b>손흥민</b>, 'MLS 골 침묵' 못 깨고 대표팀 합류...역대 최대 포상금 내건 축...",https://m.sports.naver.com/kfootball/article/469/0000932569,"Mon, 25 May 2026 16:01:00 +0900",미국프로축구(MLS) 로스앤젤레스(LA)FC의 <b>손흥민</b>(34)이 2026 북중미 월드컵을 앞두고 치른 리그 마지막... 선발 출전해 풀타임을 소화한 <b>손흥민</b>은 공격포인트를 올리지 못했다. 이번 시즌 개인 최다인 7개의 슈팅을... ,https://www.hankookilbo.com/news/article/A2026052515310003628?did=NA,naver_news,손흥민,canonical,1.0,2026-05-26T11:52:45.740012+00:00,0,0,0,0,,미국프로축구(MLS) 로스앤젤레스(LA)FC의 <b>손흥민</b>(34)이 2026 북중미 월드컵을 앞두고 치른 리그 마지막... 선발 출전해 풀타임을 소화한 <b>손흥민</b>은 공격포인트를 올리지 못했다. 이번 시즌 개인 최다인 7개의 슈팅을... ,"{""title"": ""<b>손흥민</b>, 'MLS 골 침묵' 못 깨고 대표팀 합류...역대 최대 포상금 내건 축..."", ""originallink"": ""https://www.hankookilbo.com/news/article/A2026052515310003628?did=NA"", ""link"": ""https://m.sports.naver.com/kfootball/article/469/0000932569"", ""description"": ""미국프로축구(MLS) 로스앤젤레스(LA)FC의 <b>손흥민</b>(34)이 2026 북중미 월드컵을 앞두고 치른 리그 마지막... 선발 출전해 풀타임을 소화한 <b>손흥민</b>은 공격포인트를 올리지 못했다. 이번 시즌 개인 최다인 7개의 슈팅을... "", ""pubDate"": ""Mon, 25 May 2026 16:01:00 +0900""}"
손흥민,single_term_fallback,손흥민,"<b>손흥민</b>, 월드컵 중압감 심했나…'원형 탈모' 흔적 포착",https://n.news.naver.com/mnews/article/015/0005290733?sid=104,"Mon, 25 May 2026 15:44:00 +0900",2026 북중미 월드컵을 앞둔 <b>손흥민</b>(LAFC)의 복잡한 심경과 압박감이 고스란히 포착됐다. 대표팀 합류 직전... 경기에서 <b>손흥민</b>은 선발로 출전했다. 이날 중계 화면 전반 7분경 및 후반전 코너킥 상황 등에서 고개를 숙인... ,https://www.hankyung.com/article/2026052571817,naver_news,손흥민,canonical,1.0,2026-05-26T11:52:45.740012+00:00,0,0,0,0,,2026 북중미 월드컵을 앞둔 <b>손흥민</b>(LAFC)의 복잡한 심경과 압박감이 고스란히 포착됐다. 대표팀 합류 직전... 경기에서 <b>손흥민</b>은 선발로 출전했다. 이날 중계 화면 전반 7분경 및 후반전 코너킥 상황 등에서 고개를 숙인... ,"{""title"": ""<b>손흥민</b>, 월드컵 중압감 심했나…'원형 탈모' 흔적 포착"", ""originallink"": ""https://www.hankyung.com/article/2026052571817"", ""link"": ""https://n.news.naver.com/mnews/article/015/0005290733?sid=104"", ""description"": ""2026 북중미 월드컵을 앞둔 <b>손흥민</b>(LAFC)의 복잡한 심경과 압박감이 고스란히 포착됐다. 대표팀 합류 직전... 경기에서 <b>손흥민</b>은 선발로 출전했다. 이날 중계 화면 전반 7분경 및 후반전 코너킥 상황 등에서 고개를 숙인... "", ""pubDate"": ""Mon, 25 May 2026 15:44:00 +0900""}"
손흥민,single_term_fallback,손흥민,"캡틴 <b>손흥민</b>, 가족들 힘 받고 월드컵 뛴다…&quot;축구협회 대표팀 월드컵 일...",https://m.sports.naver.com/kfootball/article/477/0000610359,"Mon, 25 May 2026 15:27:00 +0900",세계 무대에 도전하는 대한민국 축구 대표팀 곁에는 가족들이 함께한다. 4년 전 카타르 대회에 이어 선수단 가족 초청 지원 프로그램이 북중미월드컵에도 가동된다. 축구협회는 25일 &quot;월드컵에 출전하는 선수단이 대회... ,https://www.spotvnews.co.kr/news/articleView.html?idxno=818764,naver_news,손흥민,canonical,1.0,2026-05-26T11:52:45.740012+00:00,0,0,0,0,,세계 무대에 도전하는 대한민국 축구 대표팀 곁에는 가족들이 함께한다. 4년 전 카타르 대회에 이어 선수단 가족 초청 지원 프로그램이 북중미월드컵에도 가동된다. 축구협회는 25일 &quot;월드컵에 출전하는 선수단이 대회... ,"{""title"": ""캡틴 <b>손흥민</b>, 가족들 힘 받고 월드컵 뛴다…&quot;축구협회 대표팀 월드컵 일..."", ""originallink"": ""https://www.spotvnews.co.kr/news/articleView.html?idxno=818764"", ""link"": ""https://m.sports.naver.com/kfootball/article/477/0000610359"", ""description"": ""세계 무대에 도전하는 대한민국 축구 대표팀 곁에는 가족들이 함께한다. 4년 전 카타르 대회에 이어 선수단 가족 초청 지원 프로그램이 북중미월드컵에도 가동된다. 축구협회는 25일 &quot;월드컵에 출전하는 선수단이 대회... "", ""pubDate"": ""Mon, 25 May 2026 15:27:00 +0900""}"
손흥민,single_term_fallback,손흥민,축구대표팀 월드컵 16강 가면 ‘인당 3.9억’,https://m.sports.naver.com/kfootball/article/011/0004624192,"Mon, 25 May 2026 15:24:00 +0900",한편 대표팀 에이스 <b>손흥민</b>(LA FC)은 24일(현지 시간) 시애틀과 미국프로축구 경기(1대0 승)를 풀타임 소화하고 대표팀의 미국 솔트레이크시티 사전캠프에 합류했다. <b>손흥민</b>은 올 시즌 리그 14경기에 출전했지만... ,https://www.sedaily.com/article/20047866?ref=naver,naver_news,손흥민,canonical,1.0,2026-05-26T11:52:45.740012+00:00,0,0,0,0,,한편 대표팀 에이스 <b>손흥민</b>(LA FC)은 24일(현지 시간) 시애틀과 미국프로축구 경기(1대0 승)를 풀타임 소화하고 대표팀의 미국 솔트레이크시티 사전캠프에 합류했다. <b>손흥민</b>은 올 시즌 리그 14경기에 출전했지만... ,"{""title"": ""축구대표팀 월드컵 16강 가면 ‘인당 3.9억’"", ""originallink"": ""https://www.sedaily.com/article/20047866?ref=naver"", ""link"": ""https://m.sports.naver.com/kfootball/article/011/0004624192"", ""description"": ""한편 대표팀 에이스 <b>손흥민</b>(LA FC)은 24일(현지 시간) 시애틀과 미국프로축구 경기(1대0 승)를 풀타임 소화하고 대표팀의 미국 솔트레이크시티 사전캠프에 합류했다. <b>손흥민</b>은 올 시즌 리그 14경기에 출전했지만... "", ""pubDate"": ""Mon, 25 May 2026 15:24:00 +0900""}"
손흥민,single_term_fallback,손흥민,"'중원 사령관' 황인범, 홍명보호 솔트레이크시티 사전캠프 합류",https://m.sports.naver.com/kfootball/article/425/0000191401,"Mon, 25 May 2026 15:24:00 +0900","저녁엔 양현준·이재성이 가세했고, 조규성은 항공편 지연으로 25일 아침 합류한다. 25일 LAFC 홈경기를 마친 <b>손흥민</b>과 황희찬·박진섭, 27일 김민재, 6월 1일 UEFA 챔피언스리그 결승을 치르는 이강인이 차례로 합류한다.",http://www.maniareport.com/view.php?ud=2026052511332516366cf2d78c68_19,naver_news,손흥민,canonical,1.0,2026-05-26T11:52:45.740012+00:00,0,0,0,0,,"저녁엔 양현준·이재성이 가세했고, 조규성은 항공편 지연으로 25일 아침 합류한다. 25일 LAFC 홈경기를 마친 <b>손흥민</b>과 황희찬·박진섭, 27일 김민재, 6월 1일 UEFA 챔피언스리그 결승을 치르는 이강인이 차례로 합류한다.","{""title"": ""'중원 사령관' 황인범, 홍명보호 솔트레이크시티 사전캠프 합류"", ""originallink"": ""http://www.maniareport.com/view.php?ud=2026052511332516366cf2d78c68_19"", ""link"": ""https://m.sports.naver.com/kfootball/article/425/0000191401"", ""description"": ""저녁엔 양현준·이재성이 가세했고, 조규성은 항공편 지연으로 25일 아침 합류한다. 25일 LAFC 홈경기를 마친 <b>손흥민</b>과 황희찬·박진섭, 27일 김민재, 6월 1일 UEFA 챔피언스리그 결승을 치르는 이강인이 차례로 합류한다."", ""pubDate"": ""Mon, 25 May 2026 15:24:00 +0900""}"
손흥민,single_term_fallback,손흥민,"발목 부상 극복한 황인범, 대표팀 사전 캠프 합류…‘홍명보호’ 완전체...",https://m.sports.naver.com/kfootball/article/382/0001275044,"Mon, 25 May 2026 15:21:00 +0900","월드컵 최종 엔트리(26명) 가운데 주장 <b>손흥민</b>(LAFC·142회), 이재성(이상 34·마인츠·103회), 김승규(36·FC도쿄... 26일엔 <b>손흥민</b>과 황희찬, 박진섭(31·저장) 등이 합류한다. 김민재는 28일, 이강인(25·파리 생제르맹)은... ",https://sports.donga.com/sports/article/all/20260525/133986534/1,naver_news,손흥민,canonical,1.0,2026-05-26T11:52:45.740012+00:00,0,0,0,0,,"월드컵 최종 엔트리(26명) 가운데 주장 <b>손흥민</b>(LAFC·142회), 이재성(이상 34·마인츠·103회), 김승규(36·FC도쿄... 26일엔 <b>손흥민</b>과 황희찬, 박진섭(31·저장) 등이 합류한다. 김민재는 28일, 이강인(25·파리 생제르맹)은... ","{""title"": ""발목 부상 극복한 황인범, 대표팀 사전 캠프 합류…‘홍명보호’ 완전체..."", ""originallink"": ""https://sports.donga.com/sports/article/all/20260525/133986534/1"", ""link"": ""https://m.sports.naver.com/kfootball/article/382/0001275044"", ""description"": ""월드컵 최종 엔트리(26명) 가운데 주장 <b>손흥민</b>(LAFC·142회), 이재성(이상 34·마인츠·103회), 김승규(36·FC도쿄... 26일엔 <b>손흥민</b>과 황희찬, 박진섭(31·저장) 등이 합류한다. 김민재는 28일, 이강인(25·파리 생제르맹)은... "", ""pubDate"": ""Mon, 25 May 2026 15:21:00 +0900""}"
손흥민,single_term_fallback,손흥민,"<b>손흥민</b> 왜 이러나...시애틀전 슈팅 7회→무득점, 'MLS 0골' 충격 속 홍명...",https://m.sports.naver.com/wfootball/article/413/0000218546,"Mon, 25 May 2026 15:15:00 +0900",<b>손흥민</b>은 팀 승리에도 마냥 웃지 못했다. LAFC는 25일 오전 10시 15분(이하 한국시간) 미국 LA에 위치한 BMO... LAFC는 위고 요리스 대신 토마스 하살을 골키퍼로 내세웠고 <b>손흥민</b>을 최전방에 내놓은 가운데 에디 세구라... ,https://www.interfootball.co.kr/news/articleView.html?idxno=687200,naver_news,손흥민,canonical,1.0,2026-05-26T11:52:45.740012+00:00,0,0,0,0,,<b>손흥민</b>은 팀 승리에도 마냥 웃지 못했다. LAFC는 25일 오전 10시 15분(이하 한국시간) 미국 LA에 위치한 BMO... LAFC는 위고 요리스 대신 토마스 하살을 골키퍼로 내세웠고 <b>손흥민</b>을 최전방에 내놓은 가운데 에디 세구라... ,"{""title"": ""<b>손흥민</b> 왜 이러나...시애틀전 슈팅 7회→무득점, 'MLS 0골' 충격 속 홍명..."", ""originallink"": ""https://www.interfootball.co.kr/news/articleView.html?idxno=687200"", ""link"": ""https://m.sports.naver.com/wfootball/article/413/0000218546"", ""description"": ""<b>손흥민</b>은 팀 승리에도 마냥 웃지 못했다. LAFC는 25일 오전 10시 15분(이하 한국시간) 미국 LA에 위치한 BMO... LAFC는 위고 요리스 대신 토마스 하살을 골키퍼로 내세웠고 <b>손흥민</b>을 최전방에 내놓은 가운데 에디 세구라... "", ""pubDate"": ""Mon, 25 May 2026 15:15:00 +0900""}"
손흥민,single_term_fallback,손흥민,"LAFC <b>손흥민</b>, 월드컵 전 마지막 경기서도 득점 실패‥팀은 3연패 탈출",https://m.sports.naver.com/wfootball/article/214/0001501103,"Mon, 25 May 2026 15:10:00 +0900",미국프로축구 LAFC의 <b>손흥민</b> 선수가 북중미 월드컵을 앞두고 치른 리그 마지막 경기에서 이번 시즌 개인 최다인 슈팅 7개를 시도하고도 득점을 올리지 못했습니다. 이로써 <b>손흥민</b>은 올 시즌 리그 14경기에서 득점 없이... ,https://imnews.imbc.com/news/2026/sports/article/6825055_36946.html,naver_news,손흥민,canonical,1.0,2026-05-26T11:52:45.740012+00:00,0,0,0,0,,미국프로축구 LAFC의 <b>손흥민</b> 선수가 북중미 월드컵을 앞두고 치른 리그 마지막 경기에서 이번 시즌 개인 최다인 슈팅 7개를 시도하고도 득점을 올리지 못했습니다. 이로써 <b>손흥민</b>은 올 시즌 리그 14경기에서 득점 없이... ,"{""title"": ""LAFC <b>손흥민</b>, 월드컵 전 마지막 경기서도 득점 실패‥팀은 3연패 탈출"", ""originallink"": ""https://imnews.imbc.com/news/2026/sports/article/6825055_36946.html"", ""link"": ""https://m.sports.naver.com/wfootball/article/214/0001501103"", ""description"": ""미국프로축구 LAFC의 <b>손흥민</b> 선수가 북중미 월드컵을 앞두고 치른 리그 마지막 경기에서 이번 시즌 개인 최다인 슈팅 7개를 시도하고도 득점을 올리지 못했습니다. 이로써 <b>손흥민</b>은 올 시즌 리그 14경기에서 득점 없이... "", ""pubDate"": ""Mon, 25 May 2026 15:10:00 +0900""}"
손흥민,single_term_fallback,손흥민,"EPL 황희찬 뛴 울버햄튼, 번리와 무승부..꼴찌 탈출도 실패",https://m.sports.naver.com/wfootball/article/088/0001011485,"Mon, 25 May 2026 15:06:00 +0900",국가대표 공격수 황희찬(울버햄튼)과 <b>손흥민</b>(LAFC) 모두 환하게 웃지 못했다. 울버햄튼은 25일(한국 시간)... 미국프로축구 메이저리그사커(MLS) 무대에서 뛰는 <b>손흥민</b>은 리그 마수걸이 득점에 또 실패했다. LAFC는 25일... ,https://www.imaeil.com/page/view/2026052512512582395,naver_news,손흥민,canonical,1.0,2026-05-26T11:52:45.740012+00:00,0,0,0,0,,국가대표 공격수 황희찬(울버햄튼)과 <b>손흥민</b>(LAFC) 모두 환하게 웃지 못했다. 울버햄튼은 25일(한국 시간)... 미국프로축구 메이저리그사커(MLS) 무대에서 뛰는 <b>손흥민</b>은 리그 마수걸이 득점에 또 실패했다. LAFC는 25일... ,"{""title"": ""EPL 황희찬 뛴 울버햄튼, 번리와 무승부..꼴찌 탈출도 실패"", ""originallink"": ""https://www.imaeil.com/page/view/2026052512512582395"", ""link"": ""https://m.sports.naver.com/wfootball/article/088/0001011485"", ""description"": ""국가대표 공격수 황희찬(울버햄튼)과 <b>손흥민</b>(LAFC) 모두 환하게 웃지 못했다. 울버햄튼은 25일(한국 시간)... 미국프로축구 메이저리그사커(MLS) 무대에서 뛰는 <b>손흥민</b>은 리그 마수걸이 득점에 또 실패했다. LAFC는 25일... "", ""pubDate"": ""Mon, 25 May 2026 15:06:00 +0900""}"
손흥민,single_term_fallback,손흥민,"홍명보호 웃는다! 핵심 MF 황인범, 기나긴 부상 털고 '사전캠프지' 솔트...",https://m.sports.naver.com/kfootball/article/311/0002015009,"Mon, 25 May 2026 15:05:00 +0900","25일에는 소속팀 로스앤젤레스FC에서 홈 경기를 치르고 솔트레이크시티로 이동하는 '캡틴' <b>손흥민</b>과 황희찬(울버햄프턴), 박진섭(저장)이 홍명보호에 온다. 27일에는 '철기둥' 김민재(바이에른 뮌헨), 그리고 6월1일에는... ",https://www.xportsnews.com/article/2152934,naver_news,손흥민,canonical,1.0,2026-05-26T11:52:45.740012+00:00,0,0,0,0,,"25일에는 소속팀 로스앤젤레스FC에서 홈 경기를 치르고 솔트레이크시티로 이동하는 '캡틴' <b>손흥민</b>과 황희찬(울버햄프턴), 박진섭(저장)이 홍명보호에 온다. 27일에는 '철기둥' 김민재(바이에른 뮌헨), 그리고 6월1일에는... ","{""title"": ""홍명보호 웃는다! 핵심 MF 황인범, 기나긴 부상 털고 '사전캠프지' 솔트..."", ""originallink"": ""https://www.xportsnews.com/article/2152934"", ""link"": ""https://m.sports.naver.com/kfootball/article/311/0002015009"", ""description"": ""25일에는 소속팀 로스앤젤레스FC에서 홈 경기를 치르고 솔트레이크시티로 이동하는 '캡틴' <b>손흥민</b>과 황희찬(울버햄프턴), 박진섭(저장)이 홍명보호에 온다. 27일에는 '철기둥' 김민재(바이에른 뮌헨), 그리고 6월1일에는... "", ""pubDate"": ""Mon, 25 May 2026 15:05:00 +0900""}"
손흥민,single_term_fallback,손흥민,"‘이곳에 영광은 없다’ PL 잔류에 환호한 토트넘, BBC의 강력한 ‘팩폭...",https://m.sports.naver.com/wfootball/article/410/0001126038,"Mon, 25 May 2026 15:01:00 +0900","<b>손흥민</b>이 떠났고 엔제 포스테코글루 감독도 떠났다. 그렇게 시도한 과감한 변화에도 결과는 똑같았다. 많은... 해리 케인, <b>손흥민</b>을 중심으로 한 시대는 이제 끝났다. 데 제르비 감독을 중심으로 새로운 시대를 열... ",https://www.mk.co.kr/article/12056839,naver_news,손흥민,canonical,1.0,2026-05-26T11:52:45.740012+00:00,0,0,0,0,,"<b>손흥민</b>이 떠났고 엔제 포스테코글루 감독도 떠났다. 그렇게 시도한 과감한 변화에도 결과는 똑같았다. 많은... 해리 케인, <b>손흥민</b>을 중심으로 한 시대는 이제 끝났다. 데 제르비 감독을 중심으로 새로운 시대를 열... ","{""title"": ""‘이곳에 영광은 없다’ PL 잔류에 환호한 토트넘, BBC의 강력한 ‘팩폭..."", ""originallink"": ""https://www.mk.co.kr/article/12056839"", ""link"": ""https://m.sports.naver.com/wfootball/article/410/0001126038"", ""description"": ""<b>손흥민</b>이 떠났고 엔제 포스테코글루 감독도 떠났다. 그렇게 시도한 과감한 변화에도 결과는 똑같았다. 많은... 해리 케인, <b>손흥민</b>을 중심으로 한 시대는 이제 끝났다. 데 제르비 감독을 중심으로 새로운 시대를 열... "", ""pubDate"": ""Mon, 25 May 2026 15:01:00 +0900""}"
손흥민,single_term_fallback,손흥민,"&quot;무례한 행동!&quot; 뭇매 맞은 '캡틴' 크리스티안 로메로, 결국 토트넘 최종...",https://m.sports.naver.com/wfootball/article/076/0004408785,"Mon, 25 May 2026 14:47:00 +0900",올 시즌을 앞두고 <b>손흥민</b>(LA FC)의 뒤를 이어 토트넘의 주장이 된 로메로의 행실 때문이었다. 영국 현지 언론에 따르면 로메로는 최종전을 앞두고 고국인 아르헨티나로 건너갔다. 그는 어린 시절 뛰었던 팀의 경기를... ,https://www.sportschosun.com/football/2026-05-25/202605250100148020009984,naver_news,손흥민,canonical,1.0,2026-05-26T11:52:45.740012+00:00,0,0,0,0,,올 시즌을 앞두고 <b>손흥민</b>(LA FC)의 뒤를 이어 토트넘의 주장이 된 로메로의 행실 때문이었다. 영국 현지 언론에 따르면 로메로는 최종전을 앞두고 고국인 아르헨티나로 건너갔다. 그는 어린 시절 뛰었던 팀의 경기를... ,"{""title"": ""&quot;무례한 행동!&quot; 뭇매 맞은 '캡틴' 크리스티안 로메로, 결국 토트넘 최종..."", ""originallink"": ""https://www.sportschosun.com/football/2026-05-25/202605250100148020009984"", ""link"": ""https://m.sports.naver.com/wfootball/article/076/0004408785"", ""description"": ""올 시즌을 앞두고 <b>손흥민</b>(LA FC)의 뒤를 이어 토트넘의 주장이 된 로메로의 행실 때문이었다. 영국 현지 언론에 따르면 로메로는 최종전을 앞두고 고국인 아르헨티나로 건너갔다. 그는 어린 시절 뛰었던 팀의 경기를... "", ""pubDate"": ""Mon, 25 May 2026 14:47:00 +0900""}"
손흥민,single_term_fallback,손흥민,"피날레 장식한 북런던 라이벌, 사라지는 한국인 프리미어리거",https://m.sports.naver.com/wfootball/article/047/0002516973,"Mon, 25 May 2026 14:46:00 +0900","<b>손흥민</b>의 친정 팀이자, 아스널과 '북런던 더비' 라이벌 구도를 이루는 토트넘은 최악의 시즌을 보냈지만... 토트넘은 <b>손흥민</b>이 주장으로 활약했던 지난 2024-25시즌 유로파리그 우승을 달성하는 동화 같은 스토리를... ",https://www.ohmynews.com/NWS_Web/View/at_pg.aspx?CNTN_CD=A0003237156&CMPT_CD=P0010&utm_source=naver&utm_medium=newsearch&utm_campaign=naver_news,naver_news,손흥민,canonical,1.0,2026-05-26T11:52:45.740012+00:00,0,0,0,0,,"<b>손흥민</b>의 친정 팀이자, 아스널과 '북런던 더비' 라이벌 구도를 이루는 토트넘은 최악의 시즌을 보냈지만... 토트넘은 <b>손흥민</b>이 주장으로 활약했던 지난 2024-25시즌 유로파리그 우승을 달성하는 동화 같은 스토리를... ","{""title"": ""피날레 장식한 북런던 라이벌, 사라지는 한국인 프리미어리거"", ""originallink"": ""https://www.ohmynews.com/NWS_Web/View/at_pg.aspx?CNTN_CD=A0003237156&CMPT_CD=P0010&utm_source=naver&utm_medium=newsearch&utm_campaign=naver_news"", ""link"": ""https://m.sports.naver.com/wfootball/article/047/0002516973"", ""description"": ""<b>손흥민</b>의 친정 팀이자, 아스널과 '북런던 더비' 라이벌 구도를 이루는 토트넘은 최악의 시즌을 보냈지만... 토트넘은 <b>손흥민</b>이 주장으로 활약했던 지난 2024-25시즌 유로파리그 우승을 달성하는 동화 같은 스토리를... "", ""pubDate"": ""Mon, 25 May 2026 14:46:00 +0900""}"
손흥민,single_term_fallback,손흥민,"리그 '무득점' 대표팀 합류 <b>손흥민</b>, 평가전서 골맛 볼까",https://www.asiatoday.co.kr/kn/view.php?key=20260525010007107,"Mon, 25 May 2026 14:42:00 +0900","월드컵 전 마지막 소속팀 경기, 3연패 탈출 기여 7차례 슈팅에도 골 안 터져, 득점 감각 회복 숙제 <b>손흥민</b>이 소속팀 LAFC의 3연패 탈출에 기여했으나 리그 첫 골은 2026 북중미 월드컵 이후로 미루게 됐다. <b>손흥민</b>은 24일... ",https://www.asiatoday.co.kr/kn/view.php?key=20260525010007107,naver_news,손흥민,canonical,1.0,2026-05-26T11:52:45.740012+00:00,0,0,0,0,,"월드컵 전 마지막 소속팀 경기, 3연패 탈출 기여 7차례 슈팅에도 골 안 터져, 득점 감각 회복 숙제 <b>손흥민</b>이 소속팀 LAFC의 3연패 탈출에 기여했으나 리그 첫 골은 2026 북중미 월드컵 이후로 미루게 됐다. <b>손흥민</b>은 24일... ","{""title"": ""리그 '무득점' 대표팀 합류 <b>손흥민</b>, 평가전서 골맛 볼까"", ""originallink"": ""https://www.asiatoday.co.kr/kn/view.php?key=20260525010007107"", ""link"": ""https://www.asiatoday.co.kr/kn/view.php?key=20260525010007107"", ""description"": ""월드컵 전 마지막 소속팀 경기, 3연패 탈출 기여 7차례 슈팅에도 골 안 터져, 득점 감각 회복 숙제 <b>손흥민</b>이 소속팀 LAFC의 3연패 탈출에 기여했으나 리그 첫 골은 2026 북중미 월드컵 이후로 미루게 됐다. <b>손흥민</b>은 24일... "", ""pubDate"": ""Mon, 25 May 2026 14:42:00 +0900""}"
손흥민,single_term_fallback,손흥민,"<b>손흥민</b>, 월드컵 전 LAFC 마지막 경기서 슈팅 7개…득점은 실패",https://m.sports.naver.com/wfootball/article/020/0003722029,"Mon, 25 May 2026 14:39:00 +0900",한국 축구 대표팀 주장 <b>손흥민</b>이 2026 북중미 월드컵 개막 전 마지막으로 출전한 소속팀 로스앤젤레스(LA) FC... 최전방 공격수로 선발 출전한 <b>손흥민</b>은 경기 종료 휘슬이 울릴 때까지 그라운드를 누볐지만 공격... ,https://www.donga.com/news/Sports/article/all/20260525/133986138/1,naver_news,손흥민,canonical,1.0,2026-05-26T11:52:45.740012+00:00,0,0,0,0,,한국 축구 대표팀 주장 <b>손흥민</b>이 2026 북중미 월드컵 개막 전 마지막으로 출전한 소속팀 로스앤젤레스(LA) FC... 최전방 공격수로 선발 출전한 <b>손흥민</b>은 경기 종료 휘슬이 울릴 때까지 그라운드를 누볐지만 공격... ,"{""title"": ""<b>손흥민</b>, 월드컵 전 LAFC 마지막 경기서 슈팅 7개…득점은 실패"", ""originallink"": ""https://www.donga.com/news/Sports/article/all/20260525/133986138/1"", ""link"": ""https://m.sports.naver.com/wfootball/article/020/0003722029"", ""description"": ""한국 축구 대표팀 주장 <b>손흥민</b>이 2026 북중미 월드컵 개막 전 마지막으로 출전한 소속팀 로스앤젤레스(LA) FC... 최전방 공격수로 선발 출전한 <b>손흥민</b>은 경기 종료 휘슬이 울릴 때까지 그라운드를 누볐지만 공격... "", ""pubDate"": ""Mon, 25 May 2026 14:39:00 +0900""}"
손흥민,single_term_fallback,손흥민,"<b>손흥민</b>, 월드컵 전 마지막 경기서 득점 실패…홍명보호 합류 예정",https://m.sports.naver.com/wfootball/article/448/0000614190,"Mon, 25 May 2026 14:34:00 +0900",미국프로축구 LAFC의 <b>손흥민</b>이 2026 북중미 월드컵을 앞두고 치른 마지막 소속팀 경기에서 침묵했다. LAFC는... LAFC는 3연 최전방 공격수로 선발 출전한 <b>손흥민</b>은 풀타임을 소화하며 7개의 슈팅을 때려봤으나 골망을... ,https://news.tvchosun.com/site/data/html_dir/2026/05/25/2026052590088.html,naver_news,손흥민,canonical,1.0,2026-05-26T11:52:45.740012+00:00,0,0,0,0,,미국프로축구 LAFC의 <b>손흥민</b>이 2026 북중미 월드컵을 앞두고 치른 마지막 소속팀 경기에서 침묵했다. LAFC는... LAFC는 3연 최전방 공격수로 선발 출전한 <b>손흥민</b>은 풀타임을 소화하며 7개의 슈팅을 때려봤으나 골망을... ,"{""title"": ""<b>손흥민</b>, 월드컵 전 마지막 경기서 득점 실패…홍명보호 합류 예정"", ""originallink"": ""https://news.tvchosun.com/site/data/html_dir/2026/05/25/2026052590088.html"", ""link"": ""https://m.sports.naver.com/wfootball/article/448/0000614190"", ""description"": ""미국프로축구 LAFC의 <b>손흥민</b>이 2026 북중미 월드컵을 앞두고 치른 마지막 소속팀 경기에서 침묵했다. LAFC는... LAFC는 3연 최전방 공격수로 선발 출전한 <b>손흥민</b>은 풀타임을 소화하며 7개의 슈팅을 때려봤으나 골망을... "", ""pubDate"": ""Mon, 25 May 2026 14:34:00 +0900""}"
손흥민,single_term_fallback,손흥민,언제쯤 MLS 시즌 마수걸이 골 볼 수 있을까…슈팅 7회 때리고도 침묵한...,https://m.sports.naver.com/wfootball/article/216/0000140865,"Mon, 25 May 2026 14:33:00 +0900",‘손세이셔널’ <b>손흥민</b>(33·LA FC)이 결국 전반기를 ‘무득점’으로 마쳤다. <b>손흥민</b>은 25일(한국시간) 미국 캘리포니아주 LA의 BMO 스타디움에서 펼쳐진 시애틀 사운더스와 2026 미국 메이저리그사커(MLS) 정규리그 15라운드... ,https://www.goal.com/kr/뉴스/a/blt271dc02b50a71411,naver_news,손흥민,canonical,1.0,2026-05-26T11:52:45.740012+00:00,0,0,0,0,,‘손세이셔널’ <b>손흥민</b>(33·LA FC)이 결국 전반기를 ‘무득점’으로 마쳤다. <b>손흥민</b>은 25일(한국시간) 미국 캘리포니아주 LA의 BMO 스타디움에서 펼쳐진 시애틀 사운더스와 2026 미국 메이저리그사커(MLS) 정규리그 15라운드... ,"{""title"": ""언제쯤 MLS 시즌 마수걸이 골 볼 수 있을까…슈팅 7회 때리고도 침묵한..."", ""originallink"": ""https://www.goal.com/kr/뉴스/a/blt271dc02b50a71411"", ""link"": ""https://m.sports.naver.com/wfootball/article/216/0000140865"", ""description"": ""‘손세이셔널’ <b>손흥민</b>(33·LA FC)이 결국 전반기를 ‘무득점’으로 마쳤다. <b>손흥민</b>은 25일(한국시간) 미국 캘리포니아주 LA의 BMO 스타디움에서 펼쳐진 시애틀 사운더스와 2026 미국 메이저리그사커(MLS) 정규리그 15라운드... "", ""pubDate"": ""Mon, 25 May 2026 14:33:00 +0900""}"
손흥민,single_term_fallback,손흥민,“공이 살아서 가요” “호흡이 안터지네요”···월드컵 태극전사는 ...,https://m.sports.naver.com/kfootball/article/144/0001117204,"Mon, 25 May 2026 14:33:00 +0900","조규성(미트윌란)과 이날 리그 경기를 마친 <b>손흥민</b>(LAFC)과 황희찬(울버햄프턴), 박진섭(저장)도 합류한다. 일주일 동안 고지대 적응에 초점을 맞춰 훈련해온 대표팀은 이날 하루 휴식 시간을 보냈다. 많은 선수들이 합류한... ",https://sports.khan.co.kr/article/202605251432003?pt=nv,naver_news,손흥민,canonical,1.0,2026-05-26T11:52:45.740012+00:00,0,0,0,0,,"조규성(미트윌란)과 이날 리그 경기를 마친 <b>손흥민</b>(LAFC)과 황희찬(울버햄프턴), 박진섭(저장)도 합류한다. 일주일 동안 고지대 적응에 초점을 맞춰 훈련해온 대표팀은 이날 하루 휴식 시간을 보냈다. 많은 선수들이 합류한... ","{""title"": ""“공이 살아서 가요” “호흡이 안터지네요”···월드컵 태극전사는 ..."", ""originallink"": ""https://sports.khan.co.kr/article/202605251432003?pt=nv"", ""link"": ""https://m.sports.naver.com/kfootball/article/144/0001117204"", ""description"": ""조규성(미트윌란)과 이날 리그 경기를 마친 <b>손흥민</b>(LAFC)과 황희찬(울버햄프턴), 박진섭(저장)도 합류한다. 일주일 동안 고지대 적응에 초점을 맞춰 훈련해온 대표팀은 이날 하루 휴식 시간을 보냈다. 많은 선수들이 합류한... "", ""pubDate"": ""Mon, 25 May 2026 14:33:00 +0900""}"
손흥민,single_term_fallback,손흥민,'흥민아 월드컵 잘하고 와' 김기희 품에 쏙 안긴 <b>손흥민</b>…전 대표팀 동...,https://m.sports.naver.com/wfootball/article/411/0000082239,"Mon, 25 May 2026 14:29:00 +0900",<b>손흥민</b>과 김기희는 경기가 끝난 뒤 서로를 얼싸안으며 격려했다. LAFC는 25일 오전 10시 15분(한국시간) 미국... <b>손흥민</b>에게는 중요한 경기였다. <b>손흥민</b>은 이날 경기를 마치고 미국 솔트레이크시티에 사전 캠프지를 차린... ,https://www.fourfourtwo.co.kr/news/articleView.html?idxno=92432,naver_news,손흥민,canonical,1.0,2026-05-26T11:52:45.740012+00:00,0,0,0,0,,<b>손흥민</b>과 김기희는 경기가 끝난 뒤 서로를 얼싸안으며 격려했다. LAFC는 25일 오전 10시 15분(한국시간) 미국... <b>손흥민</b>에게는 중요한 경기였다. <b>손흥민</b>은 이날 경기를 마치고 미국 솔트레이크시티에 사전 캠프지를 차린... ,"{""title"": ""'흥민아 월드컵 잘하고 와' 김기희 품에 쏙 안긴 <b>손흥민</b>…전 대표팀 동..."", ""originallink"": ""https://www.fourfourtwo.co.kr/news/articleView.html?idxno=92432"", ""link"": ""https://m.sports.naver.com/wfootball/article/411/0000082239"", ""description"": ""<b>손흥민</b>과 김기희는 경기가 끝난 뒤 서로를 얼싸안으며 격려했다. LAFC는 25일 오전 10시 15분(한국시간) 미국... <b>손흥민</b>에게는 중요한 경기였다. <b>손흥민</b>은 이날 경기를 마치고 미국 솔트레이크시티에 사전 캠프지를 차린... "", ""pubDate"": ""Mon, 25 May 2026 14:29:00 +0900""}"
손흥민,single_term_fallback,손흥민,"<b>손흥민</b>, 월드컵 전 ‘침묵’ 못 끊었다…리그 일정 마치고 홍명보호로",https://m.sports.naver.com/wfootball/article/241/0003511694,"Mon, 25 May 2026 14:27:00 +0900","<b>손흥민</b>(LAFC)이 리그 마수걸이 득점포 가동을 월드컵 이후로 미뤘다. LAFC는 25일(한국시간) 미국... 이날 <b>손흥민</b>은 중앙 공격수로 선발 출격해 풀타임을 소화했지만, 공격포인트를 적립하진 못했다. 시애틀 소속의... ",https://isplus.com/article/view/isp202605250055,naver_news,손흥민,canonical,1.0,2026-05-26T11:52:45.740012+00:00,0,0,0,0,,"<b>손흥민</b>(LAFC)이 리그 마수걸이 득점포 가동을 월드컵 이후로 미뤘다. LAFC는 25일(한국시간) 미국... 이날 <b>손흥민</b>은 중앙 공격수로 선발 출격해 풀타임을 소화했지만, 공격포인트를 적립하진 못했다. 시애틀 소속의... ","{""title"": ""<b>손흥민</b>, 월드컵 전 ‘침묵’ 못 끊었다…리그 일정 마치고 홍명보호로"", ""originallink"": ""https://isplus.com/article/view/isp202605250055"", ""link"": ""https://m.sports.naver.com/wfootball/article/241/0003511694"", ""description"": ""<b>손흥민</b>(LAFC)이 리그 마수걸이 득점포 가동을 월드컵 이후로 미뤘다. LAFC는 25일(한국시간) 미국... 이날 <b>손흥민</b>은 중앙 공격수로 선발 출격해 풀타임을 소화했지만, 공격포인트를 적립하진 못했다. 시애틀 소속의... "", ""pubDate"": ""Mon, 25 May 2026 14:27:00 +0900""}"
손흥민,single_term_fallback,손흥민,<b>손흥민</b> 풀타임에도 리그 1호골 못 넣고 월드컵 무대로…LAFC는 시애틀 꺾...,https://www.mediapen.com/news/view/1100775,"Mon, 25 May 2026 14:24:00 +0900",<b>손흥민</b>(LAFC)이 풀타임을 뛰었지만 끝내 리그 첫 골을 못넣고 월드컵 무대로 향하게 됐다. LAFC는... <b>손흥민</b>이 풀타임 출전한 가운데 LAFC가 시애틀을 1-0으로 꺾고 연패에서 벗어났다. /사진=LAFC 공식 SNS 승점 24(7승 3무... ,https://www.mediapen.com/news/view/1100775,naver_news,손흥민,canonical,1.0,2026-05-26T11:52:45.740012+00:00,0,0,0,0,,<b>손흥민</b>(LAFC)이 풀타임을 뛰었지만 끝내 리그 첫 골을 못넣고 월드컵 무대로 향하게 됐다. LAFC는... <b>손흥민</b>이 풀타임 출전한 가운데 LAFC가 시애틀을 1-0으로 꺾고 연패에서 벗어났다. /사진=LAFC 공식 SNS 승점 24(7승 3무... ,"{""title"": ""<b>손흥민</b> 풀타임에도 리그 1호골 못 넣고 월드컵 무대로…LAFC는 시애틀 꺾..."", ""originallink"": ""https://www.mediapen.com/news/view/1100775"", ""link"": ""https://www.mediapen.com/news/view/1100775"", ""description"": ""<b>손흥민</b>(LAFC)이 풀타임을 뛰었지만 끝내 리그 첫 골을 못넣고 월드컵 무대로 향하게 됐다. LAFC는... <b>손흥민</b>이 풀타임 출전한 가운데 LAFC가 시애틀을 1-0으로 꺾고 연패에서 벗어났다. /사진=LAFC 공식 SNS 승점 24(7승 3무... "", ""pubDate"": ""Mon, 25 May 2026 14:24:00 +0900""}"
손흥민,single_term_fallback,손흥민,"“공 차는 로봇 나온다”…아틀라스, 북중미 월드컵 등장 가능성",https://www.asiatoday.co.kr/kn/view.php?key=20260525010007099,"Mon, 25 May 2026 14:20:00 +0900","보스턴다이내믹스, FIFA 월드컵 앞두고 ‘축구 훈련’ 암시 게시물 공개 <b>손흥민</b> 세리머니·월드컵... 실제 현대차는 지난달 미국 뉴욕 오토쇼에서 아틀라스가 축구선수 <b>손흥민</b>과 함께 '찰칵' 세리머니를 하는 모습을... ",https://www.asiatoday.co.kr/kn/view.php?key=20260525010007099,naver_news,손흥민,canonical,1.0,2026-05-26T11:52:45.740012+00:00,0,0,0,0,,"보스턴다이내믹스, FIFA 월드컵 앞두고 ‘축구 훈련’ 암시 게시물 공개 <b>손흥민</b> 세리머니·월드컵... 실제 현대차는 지난달 미국 뉴욕 오토쇼에서 아틀라스가 축구선수 <b>손흥민</b>과 함께 '찰칵' 세리머니를 하는 모습을... ","{""title"": ""“공 차는 로봇 나온다”…아틀라스, 북중미 월드컵 등장 가능성"", ""originallink"": ""https://www.asiatoday.co.kr/kn/view.php?key=20260525010007099"", ""link"": ""https://www.asiatoday.co.kr/kn/view.php?key=20260525010007099"", ""description"": ""보스턴다이내믹스, FIFA 월드컵 앞두고 ‘축구 훈련’ 암시 게시물 공개 <b>손흥민</b> 세리머니·월드컵... 실제 현대차는 지난달 미국 뉴욕 오토쇼에서 아틀라스가 축구선수 <b>손흥민</b>과 함께 '찰칵' 세리머니를 하는 모습을... "", ""pubDate"": ""Mon, 25 May 2026 14:20:00 +0900""}"
손흥민,single_term_fallback,손흥민,"<b>손흥민</b>, 월드컵 전 마지막 리그 경기서 슈팅 7개…득점은 실패",https://m.sports.naver.com/wfootball/article/055/0001358896,"Mon, 25 May 2026 14:17:00 +0900","▲ <b>손흥민</b> 미국프로축구 로스앤젤레스 FC(LAFC)에서 뛰는 <b>손흥민</b>이 2026 북중미 월드컵을 앞두고 치른 소속팀 마지막 경기에서 이번 시즌 개인 최다인 슈팅 7개를 시도하며 분전했으나, 끝내 리그 마수걸이 득점포를... ",https://news.sbs.co.kr/news/endPage.do?news_id=N1008577679&plink=ORI&cooper=NAVER,naver_news,손흥민,canonical,1.0,2026-05-26T11:52:45.740012+00:00,0,0,0,0,,"▲ <b>손흥민</b> 미국프로축구 로스앤젤레스 FC(LAFC)에서 뛰는 <b>손흥민</b>이 2026 북중미 월드컵을 앞두고 치른 소속팀 마지막 경기에서 이번 시즌 개인 최다인 슈팅 7개를 시도하며 분전했으나, 끝내 리그 마수걸이 득점포를... ","{""title"": ""<b>손흥민</b>, 월드컵 전 마지막 리그 경기서 슈팅 7개…득점은 실패"", ""originallink"": ""https://news.sbs.co.kr/news/endPage.do?news_id=N1008577679&plink=ORI&cooper=NAVER"", ""link"": ""https://m.sports.naver.com/wfootball/article/055/0001358896"", ""description"": ""▲ <b>손흥민</b> 미국프로축구 로스앤젤레스 FC(LAFC)에서 뛰는 <b>손흥민</b>이 2026 북중미 월드컵을 앞두고 치른 소속팀 마지막 경기에서 이번 시즌 개인 최다인 슈팅 7개를 시도하며 분전했으나, 끝내 리그 마수걸이 득점포를... "", ""pubDate"": ""Mon, 25 May 2026 14:17:00 +0900""}"
손흥민,single_term_fallback,손흥민,"리그 무득점에도 경기력은 ‘반짝’…시애틀전 번뜩인 <b>손흥민</b>, 이제는 ...",https://m.sports.naver.com/wfootball/article/382/0001275032,"Mon, 25 May 2026 14:04:00 +0900",축구국가대표팀 주장 <b>손흥민</b>(34·LAFC)이 월드컵 휴식기 전 마지막 경기에서 침묵했으나 좋은 컨디션을 증명하며 2026북중미월드컵을 향한 기대감을 크게 높였다. <b>손흥민</b>은 25일(한국시간) 캘리포니아주 BMO스타디움에서... ,https://sports.donga.com/sports/article/all/20260525/133985946/1,naver_news,손흥민,canonical,1.0,2026-05-26T11:52:45.740012+00:00,0,0,0,0,,축구국가대표팀 주장 <b>손흥민</b>(34·LAFC)이 월드컵 휴식기 전 마지막 경기에서 침묵했으나 좋은 컨디션을 증명하며 2026북중미월드컵을 향한 기대감을 크게 높였다. <b>손흥민</b>은 25일(한국시간) 캘리포니아주 BMO스타디움에서... ,"{""title"": ""리그 무득점에도 경기력은 ‘반짝’…시애틀전 번뜩인 <b>손흥민</b>, 이제는 ..."", ""originallink"": ""https://sports.donga.com/sports/article/all/20260525/133985946/1"", ""link"": ""https://m.sports.naver.com/wfootball/article/382/0001275032"", ""description"": ""축구국가대표팀 주장 <b>손흥민</b>(34·LAFC)이 월드컵 휴식기 전 마지막 경기에서 침묵했으나 좋은 컨디션을 증명하며 2026북중미월드컵을 향한 기대감을 크게 높였다. <b>손흥민</b>은 25일(한국시간) 캘리포니아주 BMO스타디움에서... "", ""pubDate"": ""Mon, 25 May 2026 14:04:00 +0900""}"
손흥민,single_term_fallback,손흥민,<b>손흥민</b> '원형 탈모 의심'…홍명보호 캡틴에 답답한 팀 감독 '얼마나 스...,https://m.sports.naver.com/wfootball/article/477/0000610349,"Mon, 25 May 2026 13:58:00 +0900","대한민국 국민들과 축구 팬들이 같이 웃고 즐길 수 있는 축제(월드컵)를 만들고 싶다.&quot; (<b>손흥민</b>) 겉으로는 당당하고 웃고 있어도 얼마나 지독한 스트레스를 받는 걸까. 북중미월드컵을 앞둔 <b>손흥민</b>(33, LAFC)에게 원형... ",https://www.spotvnews.co.kr/news/articleView.html?idxno=818750,naver_news,손흥민,canonical,1.0,2026-05-26T11:52:45.740012+00:00,0,0,0,0,,"대한민국 국민들과 축구 팬들이 같이 웃고 즐길 수 있는 축제(월드컵)를 만들고 싶다.&quot; (<b>손흥민</b>) 겉으로는 당당하고 웃고 있어도 얼마나 지독한 스트레스를 받는 걸까. 북중미월드컵을 앞둔 <b>손흥민</b>(33, LAFC)에게 원형... ","{""title"": ""<b>손흥민</b> '원형 탈모 의심'…홍명보호 캡틴에 답답한 팀 감독 '얼마나 스..."", ""originallink"": ""https://www.spotvnews.co.kr/news/articleView.html?idxno=818750"", ""link"": ""https://m.sports.naver.com/wfootball/article/477/0000610349"", ""description"": ""대한민국 국민들과 축구 팬들이 같이 웃고 즐길 수 있는 축제(월드컵)를 만들고 싶다.&quot; (<b>손흥민</b>) 겉으로는 당당하고 웃고 있어도 얼마나 지독한 스트레스를 받는 걸까. 북중미월드컵을 앞둔 <b>손흥민</b>(33, LAFC)에게 원형... "", ""pubDate"": ""Mon, 25 May 2026 13:58:00 +0900""}"
손흥민,single_term_fallback,손흥민,"무려 역대 최대 규모...홍명보호, 월드컵 32강만 진출해도 '억 소리' 나...",https://www.wikitree.co.kr/articles/1138166,"Mon, 25 May 2026 13:56:00 +0900","주장 <b>손흥민</b>은 25일 MLS 최종전을 마친 뒤 이동하고, 김민재는 오는 27일 합류 예정이다. 챔피언스리그 결승을 앞둔 PSG 이강인의 합류는 다음 달 1일로 가장 늦다. 한국은 멕시코, 남아프리카공화국, UEFA 플레이오프 D... ",https://www.wikitree.co.kr/articles/1138166,naver_news,손흥민,canonical,1.0,2026-05-26T11:52:45.740012+00:00,0,0,0,0,,"주장 <b>손흥민</b>은 25일 MLS 최종전을 마친 뒤 이동하고, 김민재는 오는 27일 합류 예정이다. 챔피언스리그 결승을 앞둔 PSG 이강인의 합류는 다음 달 1일로 가장 늦다. 한국은 멕시코, 남아프리카공화국, UEFA 플레이오프 D... ","{""title"": ""무려 역대 최대 규모...홍명보호, 월드컵 32강만 진출해도 '억 소리' 나..."", ""originallink"": ""https://www.wikitree.co.kr/articles/1138166"", ""link"": ""https://www.wikitree.co.kr/articles/1138166"", ""description"": ""주장 <b>손흥민</b>은 25일 MLS 최종전을 마친 뒤 이동하고, 김민재는 오는 27일 합류 예정이다. 챔피언스리그 결승을 앞둔 PSG 이강인의 합류는 다음 달 1일로 가장 늦다. 한국은 멕시코, 남아프리카공화국, UEFA 플레이오프 D... "", ""pubDate"": ""Mon, 25 May 2026 13:56:00 +0900""}"
손흥민,single_term_fallback,손흥민,"<b>손흥민</b>, 월드컵 전 마지막 경기서 슈팅 7개 날렸지만 무득점",https://m.sports.naver.com/wfootball/article/052/0002357565,"Mon, 25 May 2026 13:53:00 +0900",미국 프로축구 LAFC에서 뛰는 <b>손흥민</b>이 북중미 월드컵을 앞두고 치른 소속팀 마지막 경기에서도 무득점을 이어갔습니다. <b>손흥민</b>은 시애틀과의 홈 경기에 중앙 공격수로 선발 출전해 올 시즌 개인 최다인 7개의 슈팅을... ,https://www.ytn.co.kr/_ln/0107_202605251353214097,naver_news,손흥민,canonical,1.0,2026-05-26T11:52:45.740012+00:00,0,0,0,0,,미국 프로축구 LAFC에서 뛰는 <b>손흥민</b>이 북중미 월드컵을 앞두고 치른 소속팀 마지막 경기에서도 무득점을 이어갔습니다. <b>손흥민</b>은 시애틀과의 홈 경기에 중앙 공격수로 선발 출전해 올 시즌 개인 최다인 7개의 슈팅을... ,"{""title"": ""<b>손흥민</b>, 월드컵 전 마지막 경기서 슈팅 7개 날렸지만 무득점"", ""originallink"": ""https://www.ytn.co.kr/_ln/0107_202605251353214097"", ""link"": ""https://m.sports.naver.com/wfootball/article/052/0002357565"", ""description"": ""미국 프로축구 LAFC에서 뛰는 <b>손흥민</b>이 북중미 월드컵을 앞두고 치른 소속팀 마지막 경기에서도 무득점을 이어갔습니다. <b>손흥민</b>은 시애틀과의 홈 경기에 중앙 공격수로 선발 출전해 올 시즌 개인 최다인 7개의 슈팅을... "", ""pubDate"": ""Mon, 25 May 2026 13:53:00 +0900""}"
손흥민,single_term_fallback,손흥민,"토트넘 구한 영웅인데 떠나나? 팔리냐, 이적 질문에 &quot;미래 지켜볼 뿐&quot;.....",https://m.sports.naver.com/wfootball/article/108/0003438419,"Mon, 25 May 2026 13:48:00 +0900",<b>손흥민</b>이 뛰었던 지난 시즌에 이어 2연속 17위 턱걸이 생존이다. 토트넘과 생종 경쟁을 하던 18위 웨스트햄은... 지난해 여름 주장 <b>손흥민</b>이 미국 메이저리그사커(MLS) LA FC로 이적한 뒤 몰락이 시작됐다. 새롭게 출발한... ,https://www.starnewskorea.com/sports/2026/05/25/2026052513223665962,naver_news,손흥민,canonical,1.0,2026-05-26T11:52:45.740012+00:00,0,0,0,0,,<b>손흥민</b>이 뛰었던 지난 시즌에 이어 2연속 17위 턱걸이 생존이다. 토트넘과 생종 경쟁을 하던 18위 웨스트햄은... 지난해 여름 주장 <b>손흥민</b>이 미국 메이저리그사커(MLS) LA FC로 이적한 뒤 몰락이 시작됐다. 새롭게 출발한... ,"{""title"": ""토트넘 구한 영웅인데 떠나나? 팔리냐, 이적 질문에 &quot;미래 지켜볼 뿐&quot;....."", ""originallink"": ""https://www.starnewskorea.com/sports/2026/05/25/2026052513223665962"", ""link"": ""https://m.sports.naver.com/wfootball/article/108/0003438419"", ""description"": ""<b>손흥민</b>이 뛰었던 지난 시즌에 이어 2연속 17위 턱걸이 생존이다. 토트넘과 생종 경쟁을 하던 18위 웨스트햄은... 지난해 여름 주장 <b>손흥민</b>이 미국 메이저리그사커(MLS) LA FC로 이적한 뒤 몰락이 시작됐다. 새롭게 출발한... "", ""pubDate"": ""Mon, 25 May 2026 13:48:00 +0900""}"
손흥민,single_term_fallback,손흥민,"'슈팅 7골에도 무득점' <b>손흥민</b>, 평점 6.9점 받아…'62분 활약' 김기희 6....",http://www.stoo.com/article.php?aid=106836452054,"Mon, 25 May 2026 13:48:00 +0900",슈팅을 7개를 시도했지만 득점포 가동에 실패한 <b>손흥민</b>(LA FC)이 평점 6.9점을 받았다. LA FC는 25일(한국시각)... <b>손흥민</b>은 최전방 공격수로 선발 출전해 풀타임을 소화했지만 아쉽게 공격 포인트를 기록하진 못했다.... ,http://www.stoo.com/article.php?aid=106836452054,naver_news,손흥민,canonical,1.0,2026-05-26T11:52:45.740012+00:00,0,0,0,0,,슈팅을 7개를 시도했지만 득점포 가동에 실패한 <b>손흥민</b>(LA FC)이 평점 6.9점을 받았다. LA FC는 25일(한국시각)... <b>손흥민</b>은 최전방 공격수로 선발 출전해 풀타임을 소화했지만 아쉽게 공격 포인트를 기록하진 못했다.... ,"{""title"": ""'슈팅 7골에도 무득점' <b>손흥민</b>, 평점 6.9점 받아…'62분 활약' 김기희 6...."", ""originallink"": ""http://www.stoo.com/article.php?aid=106836452054"", ""link"": ""http://www.stoo.com/article.php?aid=106836452054"", ""description"": ""슈팅을 7개를 시도했지만 득점포 가동에 실패한 <b>손흥민</b>(LA FC)이 평점 6.9점을 받았다. LA FC는 25일(한국시각)... <b>손흥민</b>은 최전방 공격수로 선발 출전해 풀타임을 소화했지만 아쉽게 공격 포인트를 기록하진 못했다.... "", ""pubDate"": ""Mon, 25 May 2026 13:48:00 +0900""}"
손흥민,single_term_fallback,손흥민,"[<b>손흥민</b> 경기일정] 미국프로축구 메이저리그사커(MLS) Los Angeles FC, 슈팅...",https://www.lecturernews.com/news/articleView.html?idxno=203061,"Mon, 25 May 2026 13:46:00 +0900",<b>손흥민</b>이 2026 북중미 월드컵을 앞두고 치른 소속팀 마지막 경기에서 맹활약했지만 끝내 리그 첫 골은... 이날 경기는 <b>손흥민</b>과 시애틀 수비수 김기희의 맞대결로 관심을 모았다. <b>손흥민</b>은 중앙 공격수로 선발 출전해... ,https://www.lecturernews.com/news/articleView.html?idxno=203061,naver_news,손흥민,canonical,1.0,2026-05-26T11:52:45.740012+00:00,0,0,0,0,,<b>손흥민</b>이 2026 북중미 월드컵을 앞두고 치른 소속팀 마지막 경기에서 맹활약했지만 끝내 리그 첫 골은... 이날 경기는 <b>손흥민</b>과 시애틀 수비수 김기희의 맞대결로 관심을 모았다. <b>손흥민</b>은 중앙 공격수로 선발 출전해... ,"{""title"": ""[<b>손흥민</b> 경기일정] 미국프로축구 메이저리그사커(MLS) Los Angeles FC, 슈팅..."", ""originallink"": ""https://www.lecturernews.com/news/articleView.html?idxno=203061"", ""link"": ""https://www.lecturernews.com/news/articleView.html?idxno=203061"", ""description"": ""<b>손흥민</b>이 2026 북중미 월드컵을 앞두고 치른 소속팀 마지막 경기에서 맹활약했지만 끝내 리그 첫 골은... 이날 경기는 <b>손흥민</b>과 시애틀 수비수 김기희의 맞대결로 관심을 모았다. <b>손흥민</b>은 중앙 공격수로 선발 출전해... "", ""pubDate"": ""Mon, 25 May 2026 13:46:00 +0900""}"
손흥민,single_term_fallback,손흥민,"[mls.review] '월드컵 직전 마지막 경기' <b>손흥민</b> 결국 침묵했다…LAFC, 시...",https://m.sports.naver.com/wfootball/article/411/0000082237,"Mon, 25 May 2026 13:44:00 +0900","<b>손흥민</b>은 LAFC의 연패 사슬을 끊고 월드컵 여정을 시작한다. LAFC는 25일 오전 10시 15분(한국시간) 미국... <b>손흥민</b>, 부앙가, 마르티네스, 틸만, 초니에르, 델가도, 세구라, 롱, 포르테우스, 홀링스헤드, 하살이 선발... ",https://www.fourfourtwo.co.kr/news/articleView.html?idxno=92431,naver_news,손흥민,canonical,1.0,2026-05-26T11:52:45.740012+00:00,0,0,0,0,,"<b>손흥민</b>은 LAFC의 연패 사슬을 끊고 월드컵 여정을 시작한다. LAFC는 25일 오전 10시 15분(한국시간) 미국... <b>손흥민</b>, 부앙가, 마르티네스, 틸만, 초니에르, 델가도, 세구라, 롱, 포르테우스, 홀링스헤드, 하살이 선발... ","{""title"": ""[mls.review] '월드컵 직전 마지막 경기' <b>손흥민</b> 결국 침묵했다…LAFC, 시..."", ""originallink"": ""https://www.fourfourtwo.co.kr/news/articleView.html?idxno=92431"", ""link"": ""https://m.sports.naver.com/wfootball/article/411/0000082237"", ""description"": ""<b>손흥민</b>은 LAFC의 연패 사슬을 끊고 월드컵 여정을 시작한다. LAFC는 25일 오전 10시 15분(한국시간) 미국... <b>손흥민</b>, 부앙가, 마르티네스, 틸만, 초니에르, 델가도, 세구라, 롱, 포르테우스, 홀링스헤드, 하살이 선발... "", ""pubDate"": ""Mon, 25 May 2026 13:44:00 +0900""}"
손흥민,single_term_fallback,손흥민,"‘끝내 안터진’ SON, 리그 0골로 대표팀 합류···시애틀전 7개 슈팅 무...",https://m.sports.naver.com/wfootball/article/144/0001117189,"Mon, 25 May 2026 13:43:00 +0900",<b>손흥민</b>(34·LAFC)이 월드컵 직전 마지막 경기에서 메이저리그사커(MLS) 마수걸이 골을 터뜨리기 위해 시즌... 중앙 공격수로 나선 <b>손흥민</b>은 풀타임 그라운드를 누볐으나 공격 포인트를 올리지는 못했다. 이로써 <b>손흥민</b>은... ,https://sports.khan.co.kr/article/202605251342003?pt=nv,naver_news,손흥민,canonical,1.0,2026-05-26T11:52:45.740012+00:00,0,0,0,0,,<b>손흥민</b>(34·LAFC)이 월드컵 직전 마지막 경기에서 메이저리그사커(MLS) 마수걸이 골을 터뜨리기 위해 시즌... 중앙 공격수로 나선 <b>손흥민</b>은 풀타임 그라운드를 누볐으나 공격 포인트를 올리지는 못했다. 이로써 <b>손흥민</b>은... ,"{""title"": ""‘끝내 안터진’ SON, 리그 0골로 대표팀 합류···시애틀전 7개 슈팅 무..."", ""originallink"": ""https://sports.khan.co.kr/article/202605251342003?pt=nv"", ""link"": ""https://m.sports.naver.com/wfootball/article/144/0001117189"", ""description"": ""<b>손흥민</b>(34·LAFC)이 월드컵 직전 마지막 경기에서 메이저리그사커(MLS) 마수걸이 골을 터뜨리기 위해 시즌... 중앙 공격수로 나선 <b>손흥민</b>은 풀타임 그라운드를 누볐으나 공격 포인트를 올리지는 못했다. 이로써 <b>손흥민</b>은... "", ""pubDate"": ""Mon, 25 May 2026 13:43:00 +0900""}"
손흥민,single_term_fallback,손흥민,'태극기' “<b>손흥민</b> 또 침묵했다” 슈팅 7개·헤더 찬스까지 있었는데…...,https://m.sports.naver.com/wfootball/article/109/0005540475,"Mon, 25 May 2026 13:38:00 +0900",<b>손흥민</b>의 침묵은 또 길어졌다. 경기장 곳곳을 누비며 끊임없이 움직였고 상대 수비를 흔들기 위해 애썼지만 끝내 골문은 열리지 않았다. 다만 LAFC는 <b>손흥민</b>과 드니 부앙가가 만들어낸 공간 속에서 결승골을 터트리며... ,http://www.osen.co.kr/article/G1112808055,naver_news,손흥민,canonical,1.0,2026-05-26T11:52:45.740012+00:00,0,0,0,0,,<b>손흥민</b>의 침묵은 또 길어졌다. 경기장 곳곳을 누비며 끊임없이 움직였고 상대 수비를 흔들기 위해 애썼지만 끝내 골문은 열리지 않았다. 다만 LAFC는 <b>손흥민</b>과 드니 부앙가가 만들어낸 공간 속에서 결승골을 터트리며... ,"{""title"": ""'태극기' “<b>손흥민</b> 또 침묵했다” 슈팅 7개·헤더 찬스까지 있었는데…..."", ""originallink"": ""http://www.osen.co.kr/article/G1112808055"", ""link"": ""https://m.sports.naver.com/wfootball/article/109/0005540475"", ""description"": ""<b>손흥민</b>의 침묵은 또 길어졌다. 경기장 곳곳을 누비며 끊임없이 움직였고 상대 수비를 흔들기 위해 애썼지만 끝내 골문은 열리지 않았다. 다만 LAFC는 <b>손흥민</b>과 드니 부앙가가 만들어낸 공간 속에서 결승골을 터트리며... "", ""pubDate"": ""Mon, 25 May 2026 13:38:00 +0900""}"
손흥민,single_term_fallback,손흥민,"'중원 사령관' 황인범 등 8명, 홍명보호 美 사전캠프 합류",https://www.newspim.com/news/view/20260525000098,"Mon, 25 May 2026 13:37:00 +0900","이어 25일에는 소속팀 일정을 마친 '캡틴' <b>손흥민</b>(LAFC)을 비롯해 황희찬(울버햄프턴), 박진섭(저장)이 합류해 힘을 보탠다. '철기둥' 김민재(뮌헨)는 27일에 가세한다. 유럽축구연맹(UEFA) 챔피언스리그 결승 일정을 앞둔... ",https://www.newspim.com/news/view/20260525000098,naver_news,손흥민,canonical,1.0,2026-05-26T11:52:45.740012+00:00,0,0,0,0,,"이어 25일에는 소속팀 일정을 마친 '캡틴' <b>손흥민</b>(LAFC)을 비롯해 황희찬(울버햄프턴), 박진섭(저장)이 합류해 힘을 보탠다. '철기둥' 김민재(뮌헨)는 27일에 가세한다. 유럽축구연맹(UEFA) 챔피언스리그 결승 일정을 앞둔... ","{""title"": ""'중원 사령관' 황인범 등 8명, 홍명보호 美 사전캠프 합류"", ""originallink"": ""https://www.newspim.com/news/view/20260525000098"", ""link"": ""https://www.newspim.com/news/view/20260525000098"", ""description"": ""이어 25일에는 소속팀 일정을 마친 '캡틴' <b>손흥민</b>(LAFC)을 비롯해 황희찬(울버햄프턴), 박진섭(저장)이 합류해 힘을 보탠다. '철기둥' 김민재(뮌헨)는 27일에 가세한다. 유럽축구연맹(UEFA) 챔피언스리그 결승 일정을 앞둔... "", ""pubDate"": ""Mon, 25 May 2026 13:37:00 +0900""}"
손흥민,single_term_fallback,손흥민,"유니폼에 태극마크 <b>손흥민</b>, 득점 못 했지만 공격력 살아났다",https://m.sports.naver.com/wfootball/article/028/0002806572,"Mon, 25 May 2026 13:34:00 +0900",<b>손흥민</b>(LAFC)은 25일(한국시각) 미국 로스앤젤레스 비엠오(BMO) 스타디움에서 열린 시애틀 사운더스와 2026... <b>손흥민</b>은 이날 득점은 못 했지만 2026시즌 리그 개인 최다 7슈팅을 때리며 월드컵을 앞두고 슛 감각을... ,https://www.hani.co.kr/arti/sports/soccer/1260253.html,naver_news,손흥민,canonical,1.0,2026-05-26T11:52:45.740012+00:00,0,0,0,0,,<b>손흥민</b>(LAFC)은 25일(한국시각) 미국 로스앤젤레스 비엠오(BMO) 스타디움에서 열린 시애틀 사운더스와 2026... <b>손흥민</b>은 이날 득점은 못 했지만 2026시즌 리그 개인 최다 7슈팅을 때리며 월드컵을 앞두고 슛 감각을... ,"{""title"": ""유니폼에 태극마크 <b>손흥민</b>, 득점 못 했지만 공격력 살아났다"", ""originallink"": ""https://www.hani.co.kr/arti/sports/soccer/1260253.html"", ""link"": ""https://m.sports.naver.com/wfootball/article/028/0002806572"", ""description"": ""<b>손흥민</b>(LAFC)은 25일(한국시각) 미국 로스앤젤레스 비엠오(BMO) 스타디움에서 열린 시애틀 사운더스와 2026... <b>손흥민</b>은 이날 득점은 못 했지만 2026시즌 리그 개인 최다 7슈팅을 때리며 월드컵을 앞두고 슛 감각을... "", ""pubDate"": ""Mon, 25 May 2026 13:34:00 +0900""}"
손흥민,single_term_fallback,손흥민,32강부터 1억씩 최대 6억…월드컵 홍명보호 '파격 포상',https://m.sports.naver.com/kfootball/article/417/0001144662,"Mon, 25 May 2026 13:28:00 +0900",주장 <b>손흥민</b>은 MLS 일정을 마친 뒤 대표팀에 합류하며 김민재도 27일 합류할 예정이다. 이강인은 유럽 클럽 일정으로 인해 6월1일 마지막으로 캠프에 합류해 완전체가 갖춰질 전망이다.,https://www.sidae.com/article/2026052513221329047,naver_news,손흥민,canonical,1.0,2026-05-26T11:52:45.740012+00:00,0,0,0,0,,주장 <b>손흥민</b>은 MLS 일정을 마친 뒤 대표팀에 합류하며 김민재도 27일 합류할 예정이다. 이강인은 유럽 클럽 일정으로 인해 6월1일 마지막으로 캠프에 합류해 완전체가 갖춰질 전망이다.,"{""title"": ""32강부터 1억씩 최대 6억…월드컵 홍명보호 '파격 포상'"", ""originallink"": ""https://www.sidae.com/article/2026052513221329047"", ""link"": ""https://m.sports.naver.com/kfootball/article/417/0001144662"", ""description"": ""주장 <b>손흥민</b>은 MLS 일정을 마친 뒤 대표팀에 합류하며 김민재도 27일 합류할 예정이다. 이강인은 유럽 클럽 일정으로 인해 6월1일 마지막으로 캠프에 합류해 완전체가 갖춰질 전망이다."", ""pubDate"": ""Mon, 25 May 2026 13:28:00 +0900""}"
손흥민,single_term_fallback,손흥민,"'와, 진짜 어떻게 하냐' 부상 OUT→관중석 위고 요리스, 안타깝고도 답...",https://m.sports.naver.com/wfootball/article/076/0004408777,"Mon, 25 May 2026 13:27:00 +0900","<b>손흥민</b>을 중심으로 드니 부앙가와 데이비드 마르티네즈가 공격을 이끌었다. 중원엔 티모시 틸먼, 마티유 초이니에르, 마르코 델가도가 위치했다. 수비는 에디 세구라, 애런 롱, 라이언 포티어스, 라이언... ",https://www.sportschosun.com/football/2026-05-25/202605250100147370009958,naver_news,손흥민,canonical,1.0,2026-05-26T11:52:45.740012+00:00,0,0,0,0,,"<b>손흥민</b>을 중심으로 드니 부앙가와 데이비드 마르티네즈가 공격을 이끌었다. 중원엔 티모시 틸먼, 마티유 초이니에르, 마르코 델가도가 위치했다. 수비는 에디 세구라, 애런 롱, 라이언 포티어스, 라이언... ","{""title"": ""'와, 진짜 어떻게 하냐' 부상 OUT→관중석 위고 요리스, 안타깝고도 답..."", ""originallink"": ""https://www.sportschosun.com/football/2026-05-25/202605250100147370009958"", ""link"": ""https://m.sports.naver.com/wfootball/article/076/0004408777"", ""description"": ""<b>손흥민</b>을 중심으로 드니 부앙가와 데이비드 마르티네즈가 공격을 이끌었다. 중원엔 티모시 틸먼, 마티유 초이니에르, 마르코 델가도가 위치했다. 수비는 에디 세구라, 애런 롱, 라이언 포티어스, 라이언... "", ""pubDate"": ""Mon, 25 May 2026 13:27:00 +0900""}"
손흥민,single_term_fallback,손흥민,"'최악의 수치' <b>손흥민</b> 떠나고 '와르르', 토트넘 &quot;축제할 때냐... 부끄러...",https://m.sports.naver.com/wfootball/article/108/0003438417,"Mon, 25 May 2026 13:26:00 +0900",<b>손흥민</b>(현 LAFC)이 뛰었던 지난 시즌에 이은 2연속 17위 턱걸이 생존이다. 벼랑 끝 생존에 성공하자... 지난해 여름 팀의 기둥이자 주장이었던 <b>손흥민</b>이 미국 메이저리그사커(MLS) LAFC로 이적한 뒤 몰락이 시작됐다. 새롭게... ,https://www.starnewskorea.com/sports/2026/05/25/2026052509555531370,naver_news,손흥민,canonical,1.0,2026-05-26T11:52:45.740012+00:00,0,0,0,0,,<b>손흥민</b>(현 LAFC)이 뛰었던 지난 시즌에 이은 2연속 17위 턱걸이 생존이다. 벼랑 끝 생존에 성공하자... 지난해 여름 팀의 기둥이자 주장이었던 <b>손흥민</b>이 미국 메이저리그사커(MLS) LAFC로 이적한 뒤 몰락이 시작됐다. 새롭게... ,"{""title"": ""'최악의 수치' <b>손흥민</b> 떠나고 '와르르', 토트넘 &quot;축제할 때냐... 부끄러..."", ""originallink"": ""https://www.starnewskorea.com/sports/2026/05/25/2026052509555531370"", ""link"": ""https://m.sports.naver.com/wfootball/article/108/0003438417"", ""description"": ""<b>손흥민</b>(현 LAFC)이 뛰었던 지난 시즌에 이은 2연속 17위 턱걸이 생존이다. 벼랑 끝 생존에 성공하자... 지난해 여름 팀의 기둥이자 주장이었던 <b>손흥민</b>이 미국 메이저리그사커(MLS) LAFC로 이적한 뒤 몰락이 시작됐다. 새롭게... "", ""pubDate"": ""Mon, 25 May 2026 13:26:00 +0900""}"
손흥민,single_term_fallback,손흥민,"<b>손흥민</b>, 끝내 리그 0골→홍명보호 합류…태극기 달고 김기희와 코리안더...",https://m.sports.naver.com/wfootball/article/311/0002014988,"Mon, 25 May 2026 13:26:00 +0900",<b>손흥민</b>이 2026 국제축구연맹(FIFA) 북중미 월드컵(캐나다·미국·멕시코 공동개최) 직전 마지막 홈 경기에서 적극적인 슈팅에도 결국 무득점 침묵했다. <b>손흥민</b>의 소속팀 LAFC는 25일(한국시간) 미국 캘리포니아주... ,https://www.xportsnews.com/article/2152923,naver_news,손흥민,canonical,1.0,2026-05-26T11:52:45.740012+00:00,0,0,0,0,,<b>손흥민</b>이 2026 국제축구연맹(FIFA) 북중미 월드컵(캐나다·미국·멕시코 공동개최) 직전 마지막 홈 경기에서 적극적인 슈팅에도 결국 무득점 침묵했다. <b>손흥민</b>의 소속팀 LAFC는 25일(한국시간) 미국 캘리포니아주... ,"{""title"": ""<b>손흥민</b>, 끝내 리그 0골→홍명보호 합류…태극기 달고 김기희와 코리안더..."", ""originallink"": ""https://www.xportsnews.com/article/2152923"", ""link"": ""https://m.sports.naver.com/wfootball/article/311/0002014988"", ""description"": ""<b>손흥민</b>이 2026 국제축구연맹(FIFA) 북중미 월드컵(캐나다·미국·멕시코 공동개최) 직전 마지막 홈 경기에서 적극적인 슈팅에도 결국 무득점 침묵했다. <b>손흥민</b>의 소속팀 LAFC는 25일(한국시간) 미국 캘리포니아주... "", ""pubDate"": ""Mon, 25 May 2026 13:26:00 +0900""}"
손흥민,single_term_fallback,손흥민,"<b>손흥민</b>, 대표팀 합류 전 마지막 경기서 리그 마수걸이골 '불발'",https://m.sports.naver.com/wfootball/article/018/0006290135,"Mon, 25 May 2026 13:25:00 +0900",<b>손흥민</b>(33·LAFC)이 2026 북중미 월드컵을 앞두고 치른 소속팀 마지막 경기에서 시즌 최다 슈팅 7개를... 이날 경기에서는 <b>손흥민</b>과 시애틀 소속 센터백 김기희가 동시에 선발 출전하며 ‘코리안 더비’가 성사됐다.... ,https://www.edaily.co.kr/news/newspath.asp?newsid=01653126645452528,naver_news,손흥민,canonical,1.0,2026-05-26T11:52:45.740012+00:00,0,0,0,0,,<b>손흥민</b>(33·LAFC)이 2026 북중미 월드컵을 앞두고 치른 소속팀 마지막 경기에서 시즌 최다 슈팅 7개를... 이날 경기에서는 <b>손흥민</b>과 시애틀 소속 센터백 김기희가 동시에 선발 출전하며 ‘코리안 더비’가 성사됐다.... ,"{""title"": ""<b>손흥민</b>, 대표팀 합류 전 마지막 경기서 리그 마수걸이골 '불발'"", ""originallink"": ""https://www.edaily.co.kr/news/newspath.asp?newsid=01653126645452528"", ""link"": ""https://m.sports.naver.com/wfootball/article/018/0006290135"", ""description"": ""<b>손흥민</b>(33·LAFC)이 2026 북중미 월드컵을 앞두고 치른 소속팀 마지막 경기에서 시즌 최다 슈팅 7개를... 이날 경기에서는 <b>손흥민</b>과 시애틀 소속 센터백 김기희가 동시에 선발 출전하며 ‘코리안 더비’가 성사됐다.... "", ""pubDate"": ""Mon, 25 May 2026 13:25:00 +0900""}"
손흥민,single_term_fallback,손흥민,"슈팅 7개에도 득점 실패한 <b>손흥민</b>, 리그 첫 골 또 불발",https://m.sports.naver.com/wfootball/article/654/0000182215,"Mon, 25 May 2026 13:24:00 +0900",<b>손흥민</b>이 2026 북중미 월드컵을 앞두고 치른 소속팀 마지막 경기에서 올 시즌 가장 많은 슈팅을 기록하며... 이날 경기에서는 <b>손흥민</b>과 시애틀 수비수 김기희가 나란히 선발 출전하며 '코리안 더비'가 성사됐다. 중앙... ,https://www.kado.net/news/articleView.html?idxno=2052017,naver_news,손흥민,canonical,1.0,2026-05-26T11:52:45.740012+00:00,0,0,0,0,,<b>손흥민</b>이 2026 북중미 월드컵을 앞두고 치른 소속팀 마지막 경기에서 올 시즌 가장 많은 슈팅을 기록하며... 이날 경기에서는 <b>손흥민</b>과 시애틀 수비수 김기희가 나란히 선발 출전하며 '코리안 더비'가 성사됐다. 중앙... ,"{""title"": ""슈팅 7개에도 득점 실패한 <b>손흥민</b>, 리그 첫 골 또 불발"", ""originallink"": ""https://www.kado.net/news/articleView.html?idxno=2052017"", ""link"": ""https://m.sports.naver.com/wfootball/article/654/0000182215"", ""description"": ""<b>손흥민</b>이 2026 북중미 월드컵을 앞두고 치른 소속팀 마지막 경기에서 올 시즌 가장 많은 슈팅을 기록하며... 이날 경기에서는 <b>손흥민</b>과 시애틀 수비수 김기희가 나란히 선발 출전하며 '코리안 더비'가 성사됐다. 중앙... "", ""pubDate"": ""Mon, 25 May 2026 13:24:00 +0900""}"
손흥민,single_term_fallback,손흥민,"'슈팅 7개' 분전한 <b>손흥민</b>, 마수걸이 골 침묵 속 월드컵 캠프 합류",https://m.sports.naver.com/wfootball/article/079/0004150369,"Mon, 25 May 2026 13:23:00 +0900",미국 메이저리그사커(MLS) LAFC의 <b>손흥민</b>이 2026 북중미 월드컵 직전 소속팀에서의 마지막 경기에서 슈팅... 이날 경기는 <b>손흥민</b>과 시애틀의 베테랑 수비수 김기희가 나란히 선발 출전하며 '코리안 더비'로 관심을... ,https://www.nocutnews.co.kr/news/6522202?utm_source=naver&utm_medium=article&utm_campaign=20260525012252,naver_news,손흥민,canonical,1.0,2026-05-26T11:52:45.740012+00:00,0,0,0,0,,미국 메이저리그사커(MLS) LAFC의 <b>손흥민</b>이 2026 북중미 월드컵 직전 소속팀에서의 마지막 경기에서 슈팅... 이날 경기는 <b>손흥민</b>과 시애틀의 베테랑 수비수 김기희가 나란히 선발 출전하며 '코리안 더비'로 관심을... ,"{""title"": ""'슈팅 7개' 분전한 <b>손흥민</b>, 마수걸이 골 침묵 속 월드컵 캠프 합류"", ""originallink"": ""https://www.nocutnews.co.kr/news/6522202?utm_source=naver&utm_medium=article&utm_campaign=20260525012252"", ""link"": ""https://m.sports.naver.com/wfootball/article/079/0004150369"", ""description"": ""미국 메이저리그사커(MLS) LAFC의 <b>손흥민</b>이 2026 북중미 월드컵 직전 소속팀에서의 마지막 경기에서 슈팅... 이날 경기는 <b>손흥민</b>과 시애틀의 베테랑 수비수 김기희가 나란히 선발 출전하며 '코리안 더비'로 관심을... "", ""pubDate"": ""Mon, 25 May 2026 13:23:00 +0900""}"
손흥민,single_term_fallback,손흥민,"[MLS] <b>손흥민</b>, 슈팅 7개 쐈지만 불발...득점 '빈손'으로 홍명보호 합류",https://www.newspim.com/news/view/20260525000097,"Mon, 25 May 2026 13:23:00 +0900",<b>손흥민</b>이 북중미 월드컵을 앞두고 치른 소속팀 마지막 경기에서 누구보다 많은 슈팅 7개를 때렸지만... <b>손흥민</b>이 25일(한국시간) 2026 미국 메이저리그사커(MLS) 15라운드에서 시애틀 사운더스전에서 코너킥을 하고... ,https://www.newspim.com/news/view/20260525000097,naver_news,손흥민,canonical,1.0,2026-05-26T11:52:45.740012+00:00,0,0,0,0,,<b>손흥민</b>이 북중미 월드컵을 앞두고 치른 소속팀 마지막 경기에서 누구보다 많은 슈팅 7개를 때렸지만... <b>손흥민</b>이 25일(한국시간) 2026 미국 메이저리그사커(MLS) 15라운드에서 시애틀 사운더스전에서 코너킥을 하고... ,"{""title"": ""[MLS] <b>손흥민</b>, 슈팅 7개 쐈지만 불발...득점 '빈손'으로 홍명보호 합류"", ""originallink"": ""https://www.newspim.com/news/view/20260525000097"", ""link"": ""https://www.newspim.com/news/view/20260525000097"", ""description"": ""<b>손흥민</b>이 북중미 월드컵을 앞두고 치른 소속팀 마지막 경기에서 누구보다 많은 슈팅 7개를 때렸지만... <b>손흥민</b>이 25일(한국시간) 2026 미국 메이저리그사커(MLS) 15라운드에서 시애틀 사운더스전에서 코너킥을 하고... "", ""pubDate"": ""Mon, 25 May 2026 13:23:00 +0900""}"
