canonical_keyword,keyword_set_mode,keyword,video_id,title,published_at,view_count,like_count,comment_count,url,source,term,term_type,term_weight,collected_at,views,likes,comments,engagements,author,snippet,raw_payload,description,originallink,bloggername,bloggerlink
샤브올데이,single_term_fallback,샤브올데이,NZOwy0JrhH4,"샤브올데이, 쿠우쿠우 정신 차려라(???)",2026-05-03T02:48:23Z,1631571.0,11734.0,624.0,https://www.youtube.com/watch?v=NZOwy0JrhH4,youtube,샤브올데이,canonical,1.0,2026-05-26T11:17:04.805326+00:00,1631571,11734,624,12358,푸키키 fookikie,"조건❌ 아무나⭕️ 5성급 호텔식 뷔페를
4만원대에 먹을 수 있는 유일한 방법

모듬사시미, 초밥, 롤, 조개구이 등
신선한 해산물은 물론이고

양고기, LA갈비, 민물장어 등
실시간으로 구워 나오는 그릴 코너에
새우튀김, 치킨 등 일식 튀김요리
테이블마다 냄비채로 끓여먹는 전골 4종

쏘쥬, 맥쮸, 오r인, 음료, 커피 등 마실거리에
망고빙수를 포함한 각종 디저트까지
추가비용 없이 모든게 무한인 뷔페인데?

대충 가짓수 채우기용 음식은 싹 빼고
알짜만 있어서 하나씩만 먹고와도 이득인 곳ㅋㅋ

어설픈 뷔페 가서 허튼걸로 배 채울 바엔
여기서 제대로 된 음식 하나씩 맛보는게 더 나음.

저는 사당점, 구의점 두군데 모두 가봤는데
음식 종류나 퀄리티는 비슷한데, 구의점은
NC이스트폴 안에 있어서 데이트하기 더 좋았어요!

곧 다가오는 가정의 달에 가족들이랑 와서
생색(?) 내기도 좋은 곳ㅋㅋ 미리 예약하셔야
웨이팅 없이 들어오실 수 있습니당.

✔️ 에약 링크 바로 받아보고 싶은 분들은
댓글에 “나도” 라고 남겨주세요 !!!

——————————————————
📍 바르미심비디움 NC이스트폴구의점
• 서울 광진구 아차산로 402, NC이스트폴 지하1층
• 영업시간 11:30-21:30 (평일 B.T 15:00-17:30)
——————————————————
• 평일 런치 ₩44,800 (초등학생 ₩29,800)
• 평일 디너, 주말/공휴일 ₩48,800 (₩30,800)
——————————————————

#가정의달 #뷔페 #가성비맛집 #서울데이트 #서울맛집 #서울호텔뷔페 #서울가성비호텔뷔페 #부모님모시고가기좋은곳 #서울뷔페추천 #서울뷔페 #서울해산물뷔페 #해산물뷔페 #고기뷔페 #서울가성비뷔페 #가성비뷔페 #뷔페추천 #뷔페 #바르미 #심비디움 #바르미심비디움","{""kind"": ""youtube#video"", ""etag"": ""OSkDFW-OXKQ7TXwcXcAUpbQAYUE"", ""id"": ""NZOwy0JrhH4"", ""snippet"": {""publishedAt"": ""2026-05-03T02:48:23Z"", ""channelId"": ""UCMXW69_laxTnoxfJXTRAt1w"", ""title"": ""샤브올데이, 쿠우쿠우 정신 차려라(???)"", ""description"": ""조건❌ 아무나⭕️ 5성급 호텔식 뷔페를\n4만원대에 먹을 수 있는 유일한 방법\n\n모듬사시미, 초밥, 롤, 조개구이 등\n신선한 해산물은 물론이고\n\n양고기, LA갈비, 민물장어 등\n실시간으로 구워 나오는 그릴 코너에\n새우튀김, 치킨 등 일식 튀김요리\n테이블마다 냄비채로 끓여먹는 전골 4종\n\n쏘쥬, 맥쮸, 오r인, 음료, 커피 등 마실거리에\n망고빙수를 포함한 각종 디저트까지\n추가비용 없이 모든게 무한인 뷔페인데?\n\n대충 가짓수 채우기용 음식은 싹 빼고\n알짜만 있어서 하나씩만 먹고와도 이득인 곳ㅋㅋ\n\n어설픈 뷔페 가서 허튼걸로 배 채울 바엔\n여기서 제대로 된 음식 하나씩 맛보는게 더 나음.\n\n저는 사당점, 구의점 두군데 모두 가봤는데\n음식 종류나 퀄리티는 비슷한데, 구의점은\nNC이스트폴 안에 있어서 데이트하기 더 좋았어요!\n\n곧 다가오는 가정의 달에 가족들이랑 와서\n생색(?) 내기도 좋은 곳ㅋㅋ 미리 예약하셔야\n웨이팅 없이 들어오실 수 있습니당.\n\n✔️ 에약 링크 바로 받아보고 싶은 분들은\n댓글에 “나도” 라고 남겨주세요 !!!\n\n——————————————————\n📍 바르미심비디움 NC이스트폴구의점\n• 서울 광진구 아차산로 402, NC이스트폴 지하1층\n• 영업시간 11:30-21:30 (평일 B.T 15:00-17:30)\n——————————————————\n• 평일 런치 ₩44,800 (초등학생 ₩29,800)\n• 평일 디너, 주말/공휴일 ₩48,800 (₩30,800)\n——————————————————\n\n#가정의달 #뷔페 #가성비맛집 #서울데이트 #서울맛집 #서울호텔뷔페 #서울가성비호텔뷔페 #부모님모시고가기좋은곳 #서울뷔페추천 #서울뷔페 #서울해산물뷔페 #해산물뷔페 #고기뷔페 #서울가성비뷔페 #가성비뷔페 #뷔페추천 #뷔페 #바르미 #심비디움 #바르미심비디움"", ""thumbnails"": {""default"": {""url"": ""https://i.ytimg.com/vi/NZOwy0JrhH4/default.jpg"", ""width"": 120, ""height"": 90}, ""medium"": {""url"": ""https://i.ytimg.com/vi/NZOwy0JrhH4/mqdefault.jpg"", ""width"": 320, ""height"": 180}, ""high"": {""url"": ""https://i.ytimg.com/vi/NZOwy0JrhH4/hqdefault.jpg"", ""width"": 480, ""height"": 360}, ""standard"": {""url"": ""https://i.ytimg.com/vi/NZOwy0JrhH4/sddefault.jpg"", ""width"": 640, ""height"": 480}, ""maxres"": {""url"": ""https://i.ytimg.com/vi/NZOwy0JrhH4/maxresdefault.jpg"", ""width"": 1280, ""height"": 720}}, ""channelTitle"": ""푸키키 fookikie"", ""categoryId"": ""19"", ""liveBroadcastContent"": ""none"", ""defaultLanguage"": ""ko"", ""localized"": {""title"": ""샤브올데이, 쿠우쿠우 정신 차려라(???)"", ""description"": ""조건❌ 아무나⭕️ 5성급 호텔식 뷔페를\n4만원대에 먹을 수 있는 유일한 방법\n\n모듬사시미, 초밥, 롤, 조개구이 등\n신선한 해산물은 물론이고\n\n양고기, LA갈비, 민물장어 등\n실시간으로 구워 나오는 그릴 코너에\n새우튀김, 치킨 등 일식 튀김요리\n테이블마다 냄비채로 끓여먹는 전골 4종\n\n쏘쥬, 맥쮸, 오r인, 음료, 커피 등 마실거리에\n망고빙수를 포함한 각종 디저트까지\n추가비용 없이 모든게 무한인 뷔페인데?\n\n대충 가짓수 채우기용 음식은 싹 빼고\n알짜만 있어서 하나씩만 먹고와도 이득인 곳ㅋㅋ\n\n어설픈 뷔페 가서 허튼걸로 배 채울 바엔\n여기서 제대로 된 음식 하나씩 맛보는게 더 나음.\n\n저는 사당점, 구의점 두군데 모두 가봤는데\n음식 종류나 퀄리티는 비슷한데, 구의점은\nNC이스트폴 안에 있어서 데이트하기 더 좋았어요!\n\n곧 다가오는 가정의 달에 가족들이랑 와서\n생색(?) 내기도 좋은 곳ㅋㅋ 미리 예약하셔야\n웨이팅 없이 들어오실 수 있습니당.\n\n✔️ 에약 링크 바로 받아보고 싶은 분들은\n댓글에 “나도” 라고 남겨주세요 !!!\n\n——————————————————\n📍 바르미심비디움 NC이스트폴구의점\n• 서울 광진구 아차산로 402, NC이스트폴 지하1층\n• 영업시간 11:30-21:30 (평일 B.T 15:00-17:30)\n——————————————————\n• 평일 런치 ₩44,800 (초등학생 ₩29,800)\n• 평일 디너, 주말/공휴일 ₩48,800 (₩30,800)\n——————————————————\n\n#가정의달 #뷔페 #가성비맛집 #서울데이트 #서울맛집 #서울호텔뷔페 #서울가성비호텔뷔페 #부모님모시고가기좋은곳 #서울뷔페추천 #서울뷔페 #서울해산물뷔페 #해산물뷔페 #고기뷔페 #서울가성비뷔페 #가성비뷔페 #뷔페추천 #뷔페 #바르미 #심비디움 #바르미심비디움""}, ""defaultAudioLanguage"": ""ko""}, ""statistics"": {""viewCount"": ""1631571"", ""likeCount"": ""11734"", ""favoriteCount"": ""0"", ""commentCount"": ""624""}}",,,,
샤브올데이,single_term_fallback,샤브올데이,0LkpTdYr6dw,"명륜당, 샤브올데이 매각…빚 900억·오너 리스크 ‘숙제’",2026-04-20T08:33:16Z,751185.0,2175.0,1191.0,https://www.youtube.com/watch?v=0LkpTdYr6dw,youtube,샤브올데이,canonical,1.0,2026-05-26T11:17:04.805326+00:00,751185,2175,1191,3366,서울경제TV,"[앵커]
무한리필 샤브샤브로 유명한 ‘샤브올데이’가 필리핀 외식기업에 팔렸습니다. 모기업 명륜당은 1300억 원을 손에 쥐게 됐지만, 시장에서는 ‘절반의 성공’이라는 평가가 나옵니다. 매각 이후 남게 될 리스크에 관심이 쏠리는데요. 이혜연 기자입니다.

[기자]
명륜당이 성장성이 높은 핵심 브랜드 ‘샤브올데이’를 매각해 1300억원의 현금을 확보했습니다.
다만, 재무 부담과 오너 리스크 해소는 여전히 문제라는 지적이 나옵니다.

명륜당은 20일 무한리필 샤브샤브 브랜드 샤브올데이를 필리핀 외식기업 졸리비푸드에 넘겼습니다.
샤브올데이를 운영하는 올데이프레쉬 지분 100%가 약 1300억 원에 매각되면서 해당 브랜드는 명륜당으로부터 완전히 분리됐습니다.

당초 명륜당은 샤브올데이 뿐 아니라 명륜진사갈비·펜플 등 기존 외식 브랜드까지 묶어 일괄 매각을 추진했지만 거래는 순탄치 않았습니다.
오너 일가와 관련된 고금리 대출 의혹이 불거지면서 기업 신뢰도에 타격을 입었고, 세무조사와 수사로까지 이어지며 매각 작업에 제동이 걸렸기 때문.

결국 성장성이 높은 알짜 브랜드만 따로 떼어낸 건데, 이마저도 기대만큼의 실익을 남기지는 못했다는 평가가 나옵니다.
지난해 명륜당의 단기차입금은 1년 새 약 20% 늘어나며 900억원을 넘어선 만큼 매각 대금 상당 부분이 부채 상환에 쓰일 가능성이 높고, 매각에 따른 세금 부담도 있습니다.

특히 명륜당은 지난해 매출 3085억원을 기록하며 전년 대비 27.5% 늘었지만, 영업이익은 40%가량 감소한 128억 원을 보이며 수익성이 악화되고 있습니다.
샤브올데이가 빠져나간 이후에도 명륜당에는 기존 외식 사업의 경쟁력과 대부업 관련 논란 등 핵심 리스크가 여전히 남게 됩니다.

결국 이번 매각이 재도약의 발판이 될지, 위기 대응을 위한 임시방편에 그칠지는 향후 사업 성과에 달려있다는 분석입니다.
서울경제TV 이혜연입니다. /hy2ee@sedaily.com

[영상편집 이한얼]","{""kind"": ""youtube#video"", ""etag"": ""lshr-FLGp2OAglcCO4_vUkcyskw"", ""id"": ""0LkpTdYr6dw"", ""snippet"": {""publishedAt"": ""2026-04-20T08:33:16Z"", ""channelId"": ""UC3p-0EWA8OXko2EUDUXAy5w"", ""title"": ""명륜당, 샤브올데이 매각…빚 900억·오너 리스크 ‘숙제’"", ""description"": ""[앵커]\n무한리필 샤브샤브로 유명한 ‘샤브올데이’가 필리핀 외식기업에 팔렸습니다. 모기업 명륜당은 1300억 원을 손에 쥐게 됐지만, 시장에서는 ‘절반의 성공’이라는 평가가 나옵니다. 매각 이후 남게 될 리스크에 관심이 쏠리는데요. 이혜연 기자입니다.\n\n[기자]\n명륜당이 성장성이 높은 핵심 브랜드 ‘샤브올데이’를 매각해 1300억원의 현금을 확보했습니다.\n다만, 재무 부담과 오너 리스크 해소는 여전히 문제라는 지적이 나옵니다.\n\n명륜당은 20일 무한리필 샤브샤브 브랜드 샤브올데이를 필리핀 외식기업 졸리비푸드에 넘겼습니다.\n샤브올데이를 운영하는 올데이프레쉬 지분 100%가 약 1300억 원에 매각되면서 해당 브랜드는 명륜당으로부터 완전히 분리됐습니다.\n\n당초 명륜당은 샤브올데이 뿐 아니라 명륜진사갈비·펜플 등 기존 외식 브랜드까지 묶어 일괄 매각을 추진했지만 거래는 순탄치 않았습니다.\n오너 일가와 관련된 고금리 대출 의혹이 불거지면서 기업 신뢰도에 타격을 입었고, 세무조사와 수사로까지 이어지며 매각 작업에 제동이 걸렸기 때문.\n\n결국 성장성이 높은 알짜 브랜드만 따로 떼어낸 건데, 이마저도 기대만큼의 실익을 남기지는 못했다는 평가가 나옵니다.\n지난해 명륜당의 단기차입금은 1년 새 약 20% 늘어나며 900억원을 넘어선 만큼 매각 대금 상당 부분이 부채 상환에 쓰일 가능성이 높고, 매각에 따른 세금 부담도 있습니다.\n\n특히 명륜당은 지난해 매출 3085억원을 기록하며 전년 대비 27.5% 늘었지만, 영업이익은 40%가량 감소한 128억 원을 보이며 수익성이 악화되고 있습니다.\n샤브올데이가 빠져나간 이후에도 명륜당에는 기존 외식 사업의 경쟁력과 대부업 관련 논란 등 핵심 리스크가 여전히 남게 됩니다.\n\n결국 이번 매각이 재도약의 발판이 될지, 위기 대응을 위한 임시방편에 그칠지는 향후 사업 성과에 달려있다는 분석입니다.\n서울경제TV 이혜연입니다. /hy2ee@sedaily.com\n\n[영상편집 이한얼]"", ""thumbnails"": {""default"": {""url"": ""https://i.ytimg.com/vi/0LkpTdYr6dw/default.jpg"", ""width"": 120, ""height"": 90}, ""medium"": {""url"": ""https://i.ytimg.com/vi/0LkpTdYr6dw/mqdefault.jpg"", ""width"": 320, ""height"": 180}, ""high"": {""url"": ""https://i.ytimg.com/vi/0LkpTdYr6dw/hqdefault.jpg"", ""width"": 480, ""height"": 360}, ""standard"": {""url"": ""https://i.ytimg.com/vi/0LkpTdYr6dw/sddefault.jpg"", ""width"": 640, ""height"": 480}, ""maxres"": {""url"": ""https://i.ytimg.com/vi/0LkpTdYr6dw/maxresdefault.jpg"", ""width"": 1280, ""height"": 720}}, ""channelTitle"": ""서울경제TV"", ""tags"": [""명륜당"", ""샤브올데이"", ""졸리비푸드"", ""명륜진사갈비""], ""categoryId"": ""27"", ""liveBroadcastContent"": ""none"", ""defaultLanguage"": ""ko"", ""localized"": {""title"": ""명륜당, 샤브올데이 매각…빚 900억·오너 리스크 ‘숙제’"", ""description"": ""[앵커]\n무한리필 샤브샤브로 유명한 ‘샤브올데이’가 필리핀 외식기업에 팔렸습니다. 모기업 명륜당은 1300억 원을 손에 쥐게 됐지만, 시장에서는 ‘절반의 성공’이라는 평가가 나옵니다. 매각 이후 남게 될 리스크에 관심이 쏠리는데요. 이혜연 기자입니다.\n\n[기자]\n명륜당이 성장성이 높은 핵심 브랜드 ‘샤브올데이’를 매각해 1300억원의 현금을 확보했습니다.\n다만, 재무 부담과 오너 리스크 해소는 여전히 문제라는 지적이 나옵니다.\n\n명륜당은 20일 무한리필 샤브샤브 브랜드 샤브올데이를 필리핀 외식기업 졸리비푸드에 넘겼습니다.\n샤브올데이를 운영하는 올데이프레쉬 지분 100%가 약 1300억 원에 매각되면서 해당 브랜드는 명륜당으로부터 완전히 분리됐습니다.\n\n당초 명륜당은 샤브올데이 뿐 아니라 명륜진사갈비·펜플 등 기존 외식 브랜드까지 묶어 일괄 매각을 추진했지만 거래는 순탄치 않았습니다.\n오너 일가와 관련된 고금리 대출 의혹이 불거지면서 기업 신뢰도에 타격을 입었고, 세무조사와 수사로까지 이어지며 매각 작업에 제동이 걸렸기 때문.\n\n결국 성장성이 높은 알짜 브랜드만 따로 떼어낸 건데, 이마저도 기대만큼의 실익을 남기지는 못했다는 평가가 나옵니다.\n지난해 명륜당의 단기차입금은 1년 새 약 20% 늘어나며 900억원을 넘어선 만큼 매각 대금 상당 부분이 부채 상환에 쓰일 가능성이 높고, 매각에 따른 세금 부담도 있습니다.\n\n특히 명륜당은 지난해 매출 3085억원을 기록하며 전년 대비 27.5% 늘었지만, 영업이익은 40%가량 감소한 128억 원을 보이며 수익성이 악화되고 있습니다.\n샤브올데이가 빠져나간 이후에도 명륜당에는 기존 외식 사업의 경쟁력과 대부업 관련 논란 등 핵심 리스크가 여전히 남게 됩니다.\n\n결국 이번 매각이 재도약의 발판이 될지, 위기 대응을 위한 임시방편에 그칠지는 향후 사업 성과에 달려있다는 분석입니다.\n서울경제TV 이혜연입니다. /hy2ee@sedaily.com\n\n[영상편집 이한얼]""}, ""defaultAudioLanguage"": ""ko""}, ""statistics"": {""viewCount"": ""751185"", ""likeCount"": ""2175"", ""favoriteCount"": ""0"", ""commentCount"": ""1191""}}",,,,
샤브올데이,single_term_fallback,샤브올데이,rO3e5IXpgy4,"샤브올데이, 외국 기업한테 팔렸다… 1300억, 50초 안에 설명하기",2026-04-21T22:00:57Z,1243674.0,32664.0,981.0,https://www.youtube.com/watch?v=rO3e5IXpgy4,youtube,샤브올데이,canonical,1.0,2026-05-26T11:17:04.805326+00:00,1243674,32664,981,33645,꽉TV,,"{""kind"": ""youtube#video"", ""etag"": ""T2wLUQNaWeJ4Fwax4ve7R_CrCBU"", ""id"": ""rO3e5IXpgy4"", ""snippet"": {""publishedAt"": ""2026-04-21T22:00:57Z"", ""channelId"": ""UC9-FOv67-03WMjbPApziPwQ"", ""title"": ""샤브올데이, 외국 기업한테 팔렸다… 1300억, 50초 안에 설명하기"", ""description"": """", ""thumbnails"": {""default"": {""url"": ""https://i.ytimg.com/vi/rO3e5IXpgy4/default.jpg"", ""width"": 120, ""height"": 90}, ""medium"": {""url"": ""https://i.ytimg.com/vi/rO3e5IXpgy4/mqdefault.jpg"", ""width"": 320, ""height"": 180}, ""high"": {""url"": ""https://i.ytimg.com/vi/rO3e5IXpgy4/hqdefault.jpg"", ""width"": 480, ""height"": 360}, ""standard"": {""url"": ""https://i.ytimg.com/vi/rO3e5IXpgy4/sddefault.jpg"", ""width"": 640, ""height"": 480}, ""maxres"": {""url"": ""https://i.ytimg.com/vi/rO3e5IXpgy4/maxresdefault.jpg"", ""width"": 1280, ""height"": 720}}, ""channelTitle"": ""꽉TV"", ""categoryId"": ""22"", ""liveBroadcastContent"": ""none"", ""defaultLanguage"": ""ko"", ""localized"": {""title"": ""샤브올데이, 외국 기업한테 팔렸다… 1300억, 50초 안에 설명하기"", ""description"": """"}, ""defaultAudioLanguage"": ""ko""}, ""statistics"": {""viewCount"": ""1243674"", ""likeCount"": ""32664"", ""favoriteCount"": ""0"", ""commentCount"": ""981""}}",,,,
샤브올데이,single_term_fallback,샤브올데이,hdBMMbcU1Kw,"1,300억 벌고도 빚더미? 명륜진사갈비 회장의 끔찍한 최후 (샤브올데이 졸리비 매각의 소름돋는 진실)",2026-02-28T00:15:04Z,661608.0,8910.0,1126.0,https://www.youtube.com/watch?v=hdBMMbcU1Kw,youtube,샤브올데이,canonical,1.0,2026-05-26T11:17:04.805326+00:00,661608,8910,1126,10036,주머니 경제,"필리핀 거대 자본 졸리비가 샤브올데이를 1,300억 원에 인수했습니다. 겉보기엔 명륜당 이종근 회장의 엑시트 대박 같지만, 그 이면에는 소름 돋는 불법 대부업 리스크와 끔찍한 뺄셈이 숨어있습니다. 1,300억을 벌고도 파산 위기에 몰린 프랜차이즈 오너의 탐욕과, 헐값에 알짜만 빼먹은 졸리비의 잔혹한 큰 그림을 주머니 경제가 낱낱이 파헤쳐 드립니다.

[타임라인]

00:00 1,300억 돈방석? 대박 기사 뒤에 숨겨진 완벽하고 잔혹한 함정
02:15 명륜당의 진짜 비즈니스: 갈비가 아니라 '불법 고리대금업' 제국
06:10 사방에서 조여오는 수사망과 산업은행의 650억 상환 최후통첩
09:40 인간의 탐욕: 2,800억짜리 통매각 생명줄을 제 발로 뻥 차버린 이유
13:15 샤브올데이만 뺏겼다! 졸리비의 소름 돋는 5가지 독소 조항
17:40 기적의 뺄셈: 1,300억 매각 대금이 세금과 빚으로 허공에 증발하는 마법
20:50 진짜 승자 '졸리비'의 월스트리트 상장 큰 그림과 팩트 폭행 (결론)

[팩트 출처 목록]

서울경제(2026-02-18) 졸리비·엘리베이션PE 샤브올데이 인수 / 
한국경제(2026-02-18) K푸드 확장하는 졸리비 / 
조선비즈(2026-02-18) 졸리비 SPA 체결 / 
데일리팝(2026-02-09) 산은 대출금 상환 명륜당 / 
조선비즈(2026-01-29) 엘리베이션PE 유력 / 
중앙일보(2025-11-23) 명륜진사갈비 불법대부업 송치 / 
YTN(2025-11-23) 불법 대부업 명륜당 대표 송치 / 
톱데일리(2025-11-13) 명륜당 샤브올데이 출구전략 / 
에너지경제(2025-10-20) 산업은행 명륜당 1270억 대출 / 
필드뉴스(2025-07-17) 국세청 60억 추징 / 
아시아경제(2025-09-25) 이종근·유진숙 12개 대부업체 실소유 / 
네이트뉴스(2026-02-03) 국감 불출석 검찰 고발 /

#샤브올데이 #명륜진사갈비 #졸리비","{""kind"": ""youtube#video"", ""etag"": ""V5kp8I9vUdvCKOkYziHxGDYKG7w"", ""id"": ""hdBMMbcU1Kw"", ""snippet"": {""publishedAt"": ""2026-02-28T00:15:04Z"", ""channelId"": ""UCM211R6rNsqgwqaSFBIqmcg"", ""title"": ""1,300억 벌고도 빚더미? 명륜진사갈비 회장의 끔찍한 최후 (샤브올데이 졸리비 매각의 소름돋는 진실)"", ""description"": ""필리핀 거대 자본 졸리비가 샤브올데이를 1,300억 원에 인수했습니다. 겉보기엔 명륜당 이종근 회장의 엑시트 대박 같지만, 그 이면에는 소름 돋는 불법 대부업 리스크와 끔찍한 뺄셈이 숨어있습니다. 1,300억을 벌고도 파산 위기에 몰린 프랜차이즈 오너의 탐욕과, 헐값에 알짜만 빼먹은 졸리비의 잔혹한 큰 그림을 주머니 경제가 낱낱이 파헤쳐 드립니다.\n\n[타임라인]\n\n00:00 1,300억 돈방석? 대박 기사 뒤에 숨겨진 완벽하고 잔혹한 함정\n02:15 명륜당의 진짜 비즈니스: 갈비가 아니라 '불법 고리대금업' 제국\n06:10 사방에서 조여오는 수사망과 산업은행의 650억 상환 최후통첩\n09:40 인간의 탐욕: 2,800억짜리 통매각 생명줄을 제 발로 뻥 차버린 이유\n13:15 샤브올데이만 뺏겼다! 졸리비의 소름 돋는 5가지 독소 조항\n17:40 기적의 뺄셈: 1,300억 매각 대금이 세금과 빚으로 허공에 증발하는 마법\n20:50 진짜 승자 '졸리비'의 월스트리트 상장 큰 그림과 팩트 폭행 (결론)\n\n[팩트 출처 목록]\n\n서울경제(2026-02-18) 졸리비·엘리베이션PE 샤브올데이 인수 / \n한국경제(2026-02-18) K푸드 확장하는 졸리비 / \n조선비즈(2026-02-18) 졸리비 SPA 체결 / \n데일리팝(2026-02-09) 산은 대출금 상환 명륜당 / \n조선비즈(2026-01-29) 엘리베이션PE 유력 / \n중앙일보(2025-11-23) 명륜진사갈비 불법대부업 송치 / \nYTN(2025-11-23) 불법 대부업 명륜당 대표 송치 / \n톱데일리(2025-11-13) 명륜당 샤브올데이 출구전략 / \n에너지경제(2025-10-20) 산업은행 명륜당 1270억 대출 / \n필드뉴스(2025-07-17) 국세청 60억 추징 / \n아시아경제(2025-09-25) 이종근·유진숙 12개 대부업체 실소유 / \n네이트뉴스(2026-02-03) 국감 불출석 검찰 고발 /\n\n#샤브올데이 #명륜진사갈비 #졸리비"", ""thumbnails"": {""default"": {""url"": ""https://i.ytimg.com/vi/hdBMMbcU1Kw/default.jpg"", ""width"": 120, ""height"": 90}, ""medium"": {""url"": ""https://i.ytimg.com/vi/hdBMMbcU1Kw/mqdefault.jpg"", ""width"": 320, ""height"": 180}, ""high"": {""url"": ""https://i.ytimg.com/vi/hdBMMbcU1Kw/hqdefault.jpg"", ""width"": 480, ""height"": 360}, ""standard"": {""url"": ""https://i.ytimg.com/vi/hdBMMbcU1Kw/sddefault.jpg"", ""width"": 640, ""height"": 480}, ""maxres"": {""url"": ""https://i.ytimg.com/vi/hdBMMbcU1Kw/maxresdefault.jpg"", ""width"": 1280, ""height"": 720}}, ""channelTitle"": ""주머니 경제"", ""tags"": [""샤브올데이"", ""명륜진사갈비"", ""명륜당"", ""이종근 회장"", ""졸리비"", ""컴포즈커피"", ""인수합병"", ""M&A"", ""프랜차이즈 창업"", ""자영업자"", ""대부업"", ""사모펀드"", ""주머니 경제"", ""기업분석"", ""경제이슈"", ""주식투자"", ""팩트폭행""], ""categoryId"": ""27"", ""liveBroadcastContent"": ""none"", ""defaultLanguage"": ""ko"", ""localized"": {""title"": ""1,300억 벌고도 빚더미? 명륜진사갈비 회장의 끔찍한 최후 (샤브올데이 졸리비 매각의 소름돋는 진실)"", ""description"": ""필리핀 거대 자본 졸리비가 샤브올데이를 1,300억 원에 인수했습니다. 겉보기엔 명륜당 이종근 회장의 엑시트 대박 같지만, 그 이면에는 소름 돋는 불법 대부업 리스크와 끔찍한 뺄셈이 숨어있습니다. 1,300억을 벌고도 파산 위기에 몰린 프랜차이즈 오너의 탐욕과, 헐값에 알짜만 빼먹은 졸리비의 잔혹한 큰 그림을 주머니 경제가 낱낱이 파헤쳐 드립니다.\n\n[타임라인]\n\n00:00 1,300억 돈방석? 대박 기사 뒤에 숨겨진 완벽하고 잔혹한 함정\n02:15 명륜당의 진짜 비즈니스: 갈비가 아니라 '불법 고리대금업' 제국\n06:10 사방에서 조여오는 수사망과 산업은행의 650억 상환 최후통첩\n09:40 인간의 탐욕: 2,800억짜리 통매각 생명줄을 제 발로 뻥 차버린 이유\n13:15 샤브올데이만 뺏겼다! 졸리비의 소름 돋는 5가지 독소 조항\n17:40 기적의 뺄셈: 1,300억 매각 대금이 세금과 빚으로 허공에 증발하는 마법\n20:50 진짜 승자 '졸리비'의 월스트리트 상장 큰 그림과 팩트 폭행 (결론)\n\n[팩트 출처 목록]\n\n서울경제(2026-02-18) 졸리비·엘리베이션PE 샤브올데이 인수 / \n한국경제(2026-02-18) K푸드 확장하는 졸리비 / \n조선비즈(2026-02-18) 졸리비 SPA 체결 / \n데일리팝(2026-02-09) 산은 대출금 상환 명륜당 / \n조선비즈(2026-01-29) 엘리베이션PE 유력 / \n중앙일보(2025-11-23) 명륜진사갈비 불법대부업 송치 / \nYTN(2025-11-23) 불법 대부업 명륜당 대표 송치 / \n톱데일리(2025-11-13) 명륜당 샤브올데이 출구전략 / \n에너지경제(2025-10-20) 산업은행 명륜당 1270억 대출 / \n필드뉴스(2025-07-17) 국세청 60억 추징 / \n아시아경제(2025-09-25) 이종근·유진숙 12개 대부업체 실소유 / \n네이트뉴스(2026-02-03) 국감 불출석 검찰 고발 /\n\n#샤브올데이 #명륜진사갈비 #졸리비""}, ""defaultAudioLanguage"": ""ko""}, ""statistics"": {""viewCount"": ""661608"", ""likeCount"": ""8910"", ""favoriteCount"": ""0"", ""commentCount"": ""1126""}}",,,,
샤브올데이,single_term_fallback,샤브올데이,jrF4ui02qRA,[경제학]명륜진사갈비 점주들의 피눈물... 샤브올데이 1300억 '헐값 매각'의 소름돋는 진실,2026-02-26T03:05:23Z,239653.0,2403.0,202.0,https://www.youtube.com/watch?v=jrF4ui02qRA,youtube,샤브올데이,canonical,1.0,2026-05-26T11:17:04.805326+00:00,239653,2403,202,2605,썰푸는 경제학,"#명륜당 #샤브올데이 #프랜차이즈창업

📢 [시청 전 꼭 읽어주세요!]

여러분의 현명한 판단을 돕기 위해 통계청 데이터와 각종 언론 자료를 
바탕으로 꼼꼼히 분석했습니다.
하지만 본 영상은 어디까지나 제작자의 '개인적인 견해'일 뿐, 전문적인 
투자 자문이나 종목 추천이 아닙니다.

⚠️ 유의사항
1. 시장 상황은 언제든 변할 수 있으므로, 본 영상의 내용은 참고용으로만 
활용해 주시기 바랍니다.
2. 투자의 책임은 전적으로 투자자 본인에게 있으며, 제작자는 이에 대한 
법적 책임을 지지 않음을 알려드립니다.

여러분의 성공적인 경제 생활을 진심으로 응원합니다! 🚀

📌 본 영상은 시청자의 이해를 돕기 위해 AI로 생성된 이미지/영상 및 보이스를 활용하여 제작되었습니다

연매출 3,900억, 영업이익률 30%의 프랜차이즈 '샤브올데이'가 필리핀 자본에 1,300억 헐값에 넘어간 충격적인 이유! 명륜진사갈비 본사 명륜당의 '오너 리스크'와 프랜차이즈 수익 구조의 잔혹한 민낯을 낱낱이 파헤칩니다.

단순한 고기집 사장님의 이야기가 아닙니다. 산업은행의 650억 대출 회수 통보, 국내 대형 사모펀드들이 투자를 거부한 이유, 그리고 필리핀 거대 자본 '졸리비'의 소름 돋는 사냥법까지.  자본 시장의 냉혹한 룰이 현실에서 어떻게 작동하는지 확인해 보세요.

특히, 프랜차이즈 본사만 배불리는 기형적인 '물류 마진'과 '인테리어 마진'의 비밀을 공개합니다.  뼈 빠지게 일해도 남는 게 없는 무한리필 창업의 함정, 창업을 준비 중이시라면 이 영상을 절대 놓치지 마세요. 여러분의 피 같은 자산을 지켜드립니다!

#명륜진사갈비 #샤브올데이 #프랜차이즈창업 #명륜당 #졸리비 #사모펀드 #ESG경영 #기업매각 #오너리스크 #썰푸는경제학","{""kind"": ""youtube#video"", ""etag"": ""80VMqpS2o72LusfpkpZYzL7jRSg"", ""id"": ""jrF4ui02qRA"", ""snippet"": {""publishedAt"": ""2026-02-26T03:05:23Z"", ""channelId"": ""UC8UKRhVfrCp608hbjCTv6yg"", ""title"": ""[경제학]명륜진사갈비 점주들의 피눈물... 샤브올데이 1300억 '헐값 매각'의 소름돋는 진실"", ""description"": ""#명륜당 #샤브올데이 #프랜차이즈창업\n\n📢 [시청 전 꼭 읽어주세요!]\n\n여러분의 현명한 판단을 돕기 위해 통계청 데이터와 각종 언론 자료를 \n바탕으로 꼼꼼히 분석했습니다.\n하지만 본 영상은 어디까지나 제작자의 '개인적인 견해'일 뿐, 전문적인 \n투자 자문이나 종목 추천이 아닙니다.\n\n⚠️ 유의사항\n1. 시장 상황은 언제든 변할 수 있으므로, 본 영상의 내용은 참고용으로만 \n활용해 주시기 바랍니다.\n2. 투자의 책임은 전적으로 투자자 본인에게 있으며, 제작자는 이에 대한 \n법적 책임을 지지 않음을 알려드립니다.\n\n여러분의 성공적인 경제 생활을 진심으로 응원합니다! 🚀\n\n📌 본 영상은 시청자의 이해를 돕기 위해 AI로 생성된 이미지/영상 및 보이스를 활용하여 제작되었습니다\n\n연매출 3,900억, 영업이익률 30%의 프랜차이즈 '샤브올데이'가 필리핀 자본에 1,300억 헐값에 넘어간 충격적인 이유! 명륜진사갈비 본사 명륜당의 '오너 리스크'와 프랜차이즈 수익 구조의 잔혹한 민낯을 낱낱이 파헤칩니다.\n\n단순한 고기집 사장님의 이야기가 아닙니다. 산업은행의 650억 대출 회수 통보, 국내 대형 사모펀드들이 투자를 거부한 이유, 그리고 필리핀 거대 자본 '졸리비'의 소름 돋는 사냥법까지.  자본 시장의 냉혹한 룰이 현실에서 어떻게 작동하는지 확인해 보세요.\n\n특히, 프랜차이즈 본사만 배불리는 기형적인 '물류 마진'과 '인테리어 마진'의 비밀을 공개합니다.  뼈 빠지게 일해도 남는 게 없는 무한리필 창업의 함정, 창업을 준비 중이시라면 이 영상을 절대 놓치지 마세요. 여러분의 피 같은 자산을 지켜드립니다!\n\n#명륜진사갈비 #샤브올데이 #프랜차이즈창업 #명륜당 #졸리비 #사모펀드 #ESG경영 #기업매각 #오너리스크 #썰푸는경제학"", ""thumbnails"": {""default"": {""url"": ""https://i.ytimg.com/vi/jrF4ui02qRA/default.jpg"", ""width"": 120, ""height"": 90}, ""medium"": {""url"": ""https://i.ytimg.com/vi/jrF4ui02qRA/mqdefault.jpg"", ""width"": 320, ""height"": 180}, ""high"": {""url"": ""https://i.ytimg.com/vi/jrF4ui02qRA/hqdefault.jpg"", ""width"": 480, ""height"": 360}, ""standard"": {""url"": ""https://i.ytimg.com/vi/jrF4ui02qRA/sddefault.jpg"", ""width"": 640, ""height"": 480}, ""maxres"": {""url"": ""https://i.ytimg.com/vi/jrF4ui02qRA/maxresdefault.jpg"", ""width"": 1280, ""height"": 720}}, ""channelTitle"": ""썰푸는 경제학"", ""tags"": [""샤브올데이 매각 이유"", ""명륜진사갈비 오너 리스크"", ""졸리비 컴포즈커피 샤브올데이 인수"", ""프랜차이즈 물류 마진 구조"", ""엠앤에이 매각 사례""], ""categoryId"": ""27"", ""liveBroadcastContent"": ""none"", ""defaultLanguage"": ""ko"", ""localized"": {""title"": ""[경제학]명륜진사갈비 점주들의 피눈물... 샤브올데이 1300억 '헐값 매각'의 소름돋는 진실"", ""description"": ""#명륜당 #샤브올데이 #프랜차이즈창업\n\n📢 [시청 전 꼭 읽어주세요!]\n\n여러분의 현명한 판단을 돕기 위해 통계청 데이터와 각종 언론 자료를 \n바탕으로 꼼꼼히 분석했습니다.\n하지만 본 영상은 어디까지나 제작자의 '개인적인 견해'일 뿐, 전문적인 \n투자 자문이나 종목 추천이 아닙니다.\n\n⚠️ 유의사항\n1. 시장 상황은 언제든 변할 수 있으므로, 본 영상의 내용은 참고용으로만 \n활용해 주시기 바랍니다.\n2. 투자의 책임은 전적으로 투자자 본인에게 있으며, 제작자는 이에 대한 \n법적 책임을 지지 않음을 알려드립니다.\n\n여러분의 성공적인 경제 생활을 진심으로 응원합니다! 🚀\n\n📌 본 영상은 시청자의 이해를 돕기 위해 AI로 생성된 이미지/영상 및 보이스를 활용하여 제작되었습니다\n\n연매출 3,900억, 영업이익률 30%의 프랜차이즈 '샤브올데이'가 필리핀 자본에 1,300억 헐값에 넘어간 충격적인 이유! 명륜진사갈비 본사 명륜당의 '오너 리스크'와 프랜차이즈 수익 구조의 잔혹한 민낯을 낱낱이 파헤칩니다.\n\n단순한 고기집 사장님의 이야기가 아닙니다. 산업은행의 650억 대출 회수 통보, 국내 대형 사모펀드들이 투자를 거부한 이유, 그리고 필리핀 거대 자본 '졸리비'의 소름 돋는 사냥법까지.  자본 시장의 냉혹한 룰이 현실에서 어떻게 작동하는지 확인해 보세요.\n\n특히, 프랜차이즈 본사만 배불리는 기형적인 '물류 마진'과 '인테리어 마진'의 비밀을 공개합니다.  뼈 빠지게 일해도 남는 게 없는 무한리필 창업의 함정, 창업을 준비 중이시라면 이 영상을 절대 놓치지 마세요. 여러분의 피 같은 자산을 지켜드립니다!\n\n#명륜진사갈비 #샤브올데이 #프랜차이즈창업 #명륜당 #졸리비 #사모펀드 #ESG경영 #기업매각 #오너리스크 #썰푸는경제학""}, ""defaultAudioLanguage"": ""ko""}, ""statistics"": {""viewCount"": ""239653"", ""likeCount"": ""2403"", ""favoriteCount"": ""0"", ""commentCount"": ""202""}}",,,,
샤브올데이,single_term_fallback,샤브올데이,g_BJ_kBILU4,남편이 샤브샤브 즐기는 법😂,2026-03-27T07:50:31Z,396995.0,2691.0,165.0,https://www.youtube.com/watch?v=g_BJ_kBILU4,youtube,샤브올데이,canonical,1.0,2026-05-26T11:17:04.805326+00:00,396995,2691,165,2856,잼쏘부부 Jamsso_couple,"💡자이언트 월남쌈 꿀팁!
라이스페이퍼 3장에 월남쌈 재료 가득 올린 후, 샐러드바에 있는 ‘폭립’을 가위로 잘게 다져 함께 넣어 드셔보세요~!
작게 여러 번 싸는 것보다 편하면서 훨씬 맛있게 먹을 수 있었답니다!😍
(소스는 땅콩 or 칠리 추천👍🏻)

오랜만에 샤브올데이 다녀왔는데 재료도 신선하고 샐러드바 메뉴가 정말 다양하더라고요~
디저트까지 무제한으로 가성비 있게 즐기고 왔습니다!😊

📍샤브올데이 일산대화점
경기 고양시 일산서구 중앙로 1547 201, 207호

⚠️지점별로 구성메뉴 및 주류 제공 방식에는 차이가 있을 수 있어요!

#샤브올데이 #샤브샤브 #샤브뷔페 #월남쌈","{""kind"": ""youtube#video"", ""etag"": ""CYE0ynzK8YLK3ZkWs3aUQNdVLmY"", ""id"": ""g_BJ_kBILU4"", ""snippet"": {""publishedAt"": ""2026-03-27T07:50:31Z"", ""channelId"": ""UC-l8pWSJf-f68dpPPqrU25g"", ""title"": ""남편이 샤브샤브 즐기는 법😂"", ""description"": ""💡자이언트 월남쌈 꿀팁!\n라이스페이퍼 3장에 월남쌈 재료 가득 올린 후, 샐러드바에 있는 ‘폭립’을 가위로 잘게 다져 함께 넣어 드셔보세요~!\n작게 여러 번 싸는 것보다 편하면서 훨씬 맛있게 먹을 수 있었답니다!😍\n(소스는 땅콩 or 칠리 추천👍🏻)\n\n오랜만에 샤브올데이 다녀왔는데 재료도 신선하고 샐러드바 메뉴가 정말 다양하더라고요~\n디저트까지 무제한으로 가성비 있게 즐기고 왔습니다!😊\n\n📍샤브올데이 일산대화점\n경기 고양시 일산서구 중앙로 1547 201, 207호\n\n⚠️지점별로 구성메뉴 및 주류 제공 방식에는 차이가 있을 수 있어요!\n\n#샤브올데이 #샤브샤브 #샤브뷔페 #월남쌈"", ""thumbnails"": {""default"": {""url"": ""https://i.ytimg.com/vi/g_BJ_kBILU4/default.jpg"", ""width"": 120, ""height"": 90}, ""medium"": {""url"": ""https://i.ytimg.com/vi/g_BJ_kBILU4/mqdefault.jpg"", ""width"": 320, ""height"": 180}, ""high"": {""url"": ""https://i.ytimg.com/vi/g_BJ_kBILU4/hqdefault.jpg"", ""width"": 480, ""height"": 360}, ""standard"": {""url"": ""https://i.ytimg.com/vi/g_BJ_kBILU4/sddefault.jpg"", ""width"": 640, ""height"": 480}, ""maxres"": {""url"": ""https://i.ytimg.com/vi/g_BJ_kBILU4/maxresdefault.jpg"", ""width"": 1280, ""height"": 720}}, ""channelTitle"": ""잼쏘부부 Jamsso_couple"", ""categoryId"": ""23"", ""liveBroadcastContent"": ""none"", ""defaultLanguage"": ""ko"", ""localized"": {""title"": ""남편이 샤브샤브 즐기는 법😂"", ""description"": ""💡자이언트 월남쌈 꿀팁!\n라이스페이퍼 3장에 월남쌈 재료 가득 올린 후, 샐러드바에 있는 ‘폭립’을 가위로 잘게 다져 함께 넣어 드셔보세요~!\n작게 여러 번 싸는 것보다 편하면서 훨씬 맛있게 먹을 수 있었답니다!😍\n(소스는 땅콩 or 칠리 추천👍🏻)\n\n오랜만에 샤브올데이 다녀왔는데 재료도 신선하고 샐러드바 메뉴가 정말 다양하더라고요~\n디저트까지 무제한으로 가성비 있게 즐기고 왔습니다!😊\n\n📍샤브올데이 일산대화점\n경기 고양시 일산서구 중앙로 1547 201, 207호\n\n⚠️지점별로 구성메뉴 및 주류 제공 방식에는 차이가 있을 수 있어요!\n\n#샤브올데이 #샤브샤브 #샤브뷔페 #월남쌈""}, ""defaultAudioLanguage"": ""ko""}, ""statistics"": {""viewCount"": ""396995"", ""likeCount"": ""2691"", ""favoriteCount"": ""0"", ""commentCount"": ""165""}}",,,,
샤브올데이,single_term_fallback,샤브올데이,ObQr7N3qrv8,🔴LIVE🔴장타vs장타|김홍택&문서형VS장정우&배진리🏆GTOUR 남녀 혼성 팀대결🏆[샤브20 GTOUR 슈퍼매치 8강 2경기],2026-03-23T12:03:02Z,154921.0,0.0,111.0,https://www.youtube.com/watch?v=ObQr7N3qrv8,youtube,샤브올데이,canonical,1.0,2026-05-26T11:17:04.805326+00:00,154921,0,111,111,골프존,"*본 대회는 프리미엄 샤브샤브 브랜드 ""샤브20""의 후원을 받았습니다.
⭐GTOUR 대표 슈퍼스타들이 모두 모였다⭐ 
2026 샤브20 GTOUR 슈퍼매치!!

3월 23일부터 4월 6일까지 매주 월요일
GTOUR 선수들의 팀 혼성매치! 라이브에서 만나요!
전 경기 골프존 유튜브및 스크린골프존tv 채널에서 생중계로 진행👍👍

⭐라이브 안내⭐
＊8강 1경기 : 3/23(월) 15:00  전재한&윤규미 vs 이세진&양효리
＊8강 2경기 : 3/23(월) 18:30  김홍택&문서형 vs 장정우&배진리
＊8강 3경기 : 3/30(월) 15:00  이정웅&김수아 vs 하승빈&김세영
＊8강 4경기 : 3/30(월) 18:30  공태현&안예인 vs 이용희&고수진
＊4강 1경기 : 4/6(월) 11:30  8강 3~4경기 승자
＊4강 2경기 : 4/6(월) 15:00  8강 1~2경기 승자
＊결승 : 4/6(월) 18:30  결승전

#gtour #슈퍼매치 #골프존 

구독! 누르시고 골프의 모든것을 즐기세요 :) 
비즈니스 문의 : skytoy@golfzon.com

Copyright ⓒ GOLFZON. All rights reserved. 무단 전재, 재배포 및 이용(AI 학습 포함) 금지

TV에서도 '스크린골프존 채널'로 시청 가능합니다.
SK Btv 971번, LG U+tv 115번, KT GENIE TV 133번, SK CATV 973번, LG헬로비전 104번, CMB 67-4번, KCTV 97번, ABN 189번

실시간 시청 바로가기
▶ https://tv.naver.com/gtourpm/live

*골프존 유튜브 운영 정책상, 출연자에 대한 직간접적인 비방 및 비속어 댓글은 삭제 처리하고 있사오니 양해 부탁드립니다.","{""kind"": ""youtube#video"", ""etag"": ""dpHy6m48510bhag5KvcVQ3UqAho"", ""id"": ""ObQr7N3qrv8"", ""snippet"": {""publishedAt"": ""2026-03-23T12:03:02Z"", ""channelId"": ""UClgieCzaMtSRPBJiUfgcXzg"", ""title"": ""🔴LIVE🔴장타vs장타|김홍택&문서형VS장정우&배진리🏆GTOUR 남녀 혼성 팀대결🏆[샤브20 GTOUR 슈퍼매치 8강 2경기]"", ""description"": ""*본 대회는 프리미엄 샤브샤브 브랜드 \""샤브20\""의 후원을 받았습니다.\n⭐GTOUR 대표 슈퍼스타들이 모두 모였다⭐ \n2026 샤브20 GTOUR 슈퍼매치!!\n\n3월 23일부터 4월 6일까지 매주 월요일\nGTOUR 선수들의 팀 혼성매치! 라이브에서 만나요!\n전 경기 골프존 유튜브및 스크린골프존tv 채널에서 생중계로 진행👍👍\n\n⭐라이브 안내⭐\n＊8강 1경기 : 3/23(월) 15:00  전재한&윤규미 vs 이세진&양효리\n＊8강 2경기 : 3/23(월) 18:30  김홍택&문서형 vs 장정우&배진리\n＊8강 3경기 : 3/30(월) 15:00  이정웅&김수아 vs 하승빈&김세영\n＊8강 4경기 : 3/30(월) 18:30  공태현&안예인 vs 이용희&고수진\n＊4강 1경기 : 4/6(월) 11:30  8강 3~4경기 승자\n＊4강 2경기 : 4/6(월) 15:00  8강 1~2경기 승자\n＊결승 : 4/6(월) 18:30  결승전\n\n#gtour #슈퍼매치 #골프존 \n\n구독! 누르시고 골프의 모든것을 즐기세요 :) \n비즈니스 문의 : skytoy@golfzon.com\n\nCopyright ⓒ GOLFZON. All rights reserved. 무단 전재, 재배포 및 이용(AI 학습 포함) 금지\n\nTV에서도 '스크린골프존 채널'로 시청 가능합니다.\nSK Btv 971번, LG U+tv 115번, KT GENIE TV 133번, SK CATV 973번, LG헬로비전 104번, CMB 67-4번, KCTV 97번, ABN 189번\n\n실시간 시청 바로가기\n▶ https://tv.naver.com/gtourpm/live\n\n*골프존 유튜브 운영 정책상, 출연자에 대한 직간접적인 비방 및 비속어 댓글은 삭제 처리하고 있사오니 양해 부탁드립니다."", ""thumbnails"": {""default"": {""url"": ""https://i.ytimg.com/vi/ObQr7N3qrv8/default.jpg"", ""width"": 120, ""height"": 90}, ""medium"": {""url"": ""https://i.ytimg.com/vi/ObQr7N3qrv8/mqdefault.jpg"", ""width"": 320, ""height"": 180}, ""high"": {""url"": ""https://i.ytimg.com/vi/ObQr7N3qrv8/hqdefault.jpg"", ""width"": 480, ""height"": 360}, ""standard"": {""url"": ""https://i.ytimg.com/vi/ObQr7N3qrv8/sddefault.jpg"", ""width"": 640, ""height"": 480}, ""maxres"": {""url"": ""https://i.ytimg.com/vi/ObQr7N3qrv8/maxresdefault.jpg"", ""width"": 1280, ""height"": 720}}, ""channelTitle"": ""골프존"", ""tags"": [""스크린골프존"", ""골프존"", ""스크린골프"", ""골프"", ""골프예능"", ""골프레슨"", ""골프프로그램"", ""골프대결"", ""스크린골프대결"", ""GOLF"", ""골프스윙"", ""프로골프"", ""프로골퍼"", ""프로스윙"", ""프로스윙측면"", ""프로스윙정면"", ""프로vs아마"", ""골프패션"", ""골퍼"", ""골프존팁"", ""GOLF SWING"", ""프로대아마"", ""한지민프로"", ""한지민"", ""골프존투비전"", ""투비전"", ""투비전NX"", ""골프존파크"", ""스크린골프의정석"", ""GTOUR"", ""지투어"", ""아마대아마"", ""드라이버"", ""그립"", ""백스윙"", ""슬라이스""], ""categoryId"": ""17"", ""liveBroadcastContent"": ""none"", ""defaultLanguage"": ""ko"", ""localized"": {""title"": ""🔴LIVE🔴장타vs장타|김홍택&문서형VS장정우&배진리🏆GTOUR 남녀 혼성 팀대결🏆[샤브20 GTOUR 슈퍼매치 8강 2경기]"", ""description"": ""*본 대회는 프리미엄 샤브샤브 브랜드 \""샤브20\""의 후원을 받았습니다.\n⭐GTOUR 대표 슈퍼스타들이 모두 모였다⭐ \n2026 샤브20 GTOUR 슈퍼매치!!\n\n3월 23일부터 4월 6일까지 매주 월요일\nGTOUR 선수들의 팀 혼성매치! 라이브에서 만나요!\n전 경기 골프존 유튜브및 스크린골프존tv 채널에서 생중계로 진행👍👍\n\n⭐라이브 안내⭐\n＊8강 1경기 : 3/23(월) 15:00  전재한&윤규미 vs 이세진&양효리\n＊8강 2경기 : 3/23(월) 18:30  김홍택&문서형 vs 장정우&배진리\n＊8강 3경기 : 3/30(월) 15:00  이정웅&김수아 vs 하승빈&김세영\n＊8강 4경기 : 3/30(월) 18:30  공태현&안예인 vs 이용희&고수진\n＊4강 1경기 : 4/6(월) 11:30  8강 3~4경기 승자\n＊4강 2경기 : 4/6(월) 15:00  8강 1~2경기 승자\n＊결승 : 4/6(월) 18:30  결승전\n\n#gtour #슈퍼매치 #골프존 \n\n구독! 누르시고 골프의 모든것을 즐기세요 :) \n비즈니스 문의 : skytoy@golfzon.com\n\nCopyright ⓒ GOLFZON. All rights reserved. 무단 전재, 재배포 및 이용(AI 학습 포함) 금지\n\nTV에서도 '스크린골프존 채널'로 시청 가능합니다.\nSK Btv 971번, LG U+tv 115번, KT GENIE TV 133번, SK CATV 973번, LG헬로비전 104번, CMB 67-4번, KCTV 97번, ABN 189번\n\n실시간 시청 바로가기\n▶ https://tv.naver.com/gtourpm/live\n\n*골프존 유튜브 운영 정책상, 출연자에 대한 직간접적인 비방 및 비속어 댓글은 삭제 처리하고 있사오니 양해 부탁드립니다.""}, ""defaultAudioLanguage"": ""ko""}, ""statistics"": {""viewCount"": ""154921"", ""favoriteCount"": ""0"", ""commentCount"": ""111""}}",,,,
샤브올데이,single_term_fallback,샤브올데이,XhwMtNuQDIA,'후추겠지' 했는데 다리에 날개가...악몽이 된 샤브샤브 식사 [지금이뉴스] / YTN,2026-04-14T06:22:08Z,100306.0,443.0,146.0,https://www.youtube.com/watch?v=XhwMtNuQDIA,youtube,샤브올데이,canonical,1.0,2026-05-26T11:17:04.805326+00:00,100306,443,146,589, YTN,"가족 외식을 위해 방문한 샤브샤브 식당에서 국물 속에 벌레 수십 마리가 발견됐다는 주장이 제기돼 논란이 일고 있습니다.

12일 사회관계망서비스(SNS)에 따르면 제보자 A씨는 가족 생일을 맞아 찾은 식당에서 국물에 떠다니는 이물질을 발견했습니다.

처음에는 작은 후추나 조미료로 보였지만 확인 결과 벌레인 것을 알게 됐다고 설명했습니다.

그는 ""국자 뜰 때마다 수십마리가 떠올랐다. 이미 다 먹어버린 후였기 때문에 속이 더부룩하고 토할 것 같았다""고 토로했습니다.

이미 식사를 상당 부분 마친 뒤 이를 인지해 불쾌감과 함께 건강 이상을 우려하고 있다고 밝혔습니다.

해당 사연이 확산되자 일부 누리꾼들은 배추 등 채소에 서식하던 벌레가 충분히 세척되지 않아 발생했을 가능성을 제기했습니다.

채소 특성상 뿌리 부분에 벌레가 많고 세척이 쉽지 않다는 점도 원인으로 거론됐습니다.

이물질이 음식에서 발견될 경우 단순 위생 문제를 넘어 식품위생법 위반 소지가 있습니다.

고의 또는 중대한 과실이 인정되면 5년 이하 징역 또는 5000만원 이하 벌금형에 처해질 수 있으며, 통상적으로는 영업정지 등 행정처분이 병행되는 경우가 경우가 상당수입니다.

A씨는 식품의약품안전처와 관할 구청 위생과에 신고를 접수하고 본사에도 관련 내용을 전달한 상태라며, 향후 처리 결과를 지켜보겠다고 밝혔습니다.


오디오ㅣAI앵커
제작ㅣ이 선
출처ㅣ스레드

#지금이뉴스

▶ 기사 원문 : https://www.ytn.co.kr/_ln/0134_202604141507295010
▶ 제보 하기 : https://mj.ytn.co.kr/mj/mj_write.php

▣ YTN 유튜브 채널 구독 : http://goo.gl/Ytb5SZ

ⓒ YTN 무단 전재, 재배포금지 및 AI 데이터 활용 금지","{""kind"": ""youtube#video"", ""etag"": ""CPH8qQ1vKab16Ux7AQV-nSEJtYQ"", ""id"": ""XhwMtNuQDIA"", ""snippet"": {""publishedAt"": ""2026-04-14T06:22:08Z"", ""channelId"": ""UChlgI3UHCOnwUGzWzbJ3H5w"", ""title"": ""'후추겠지' 했는데 다리에 날개가...악몽이 된 샤브샤브 식사 [지금이뉴스] / YTN"", ""description"": ""가족 외식을 위해 방문한 샤브샤브 식당에서 국물 속에 벌레 수십 마리가 발견됐다는 주장이 제기돼 논란이 일고 있습니다.\n\n12일 사회관계망서비스(SNS)에 따르면 제보자 A씨는 가족 생일을 맞아 찾은 식당에서 국물에 떠다니는 이물질을 발견했습니다.\n\n처음에는 작은 후추나 조미료로 보였지만 확인 결과 벌레인 것을 알게 됐다고 설명했습니다.\n\n그는 \""국자 뜰 때마다 수십마리가 떠올랐다. 이미 다 먹어버린 후였기 때문에 속이 더부룩하고 토할 것 같았다\""고 토로했습니다.\n\n이미 식사를 상당 부분 마친 뒤 이를 인지해 불쾌감과 함께 건강 이상을 우려하고 있다고 밝혔습니다.\n\n해당 사연이 확산되자 일부 누리꾼들은 배추 등 채소에 서식하던 벌레가 충분히 세척되지 않아 발생했을 가능성을 제기했습니다.\n\n채소 특성상 뿌리 부분에 벌레가 많고 세척이 쉽지 않다는 점도 원인으로 거론됐습니다.\n\n이물질이 음식에서 발견될 경우 단순 위생 문제를 넘어 식품위생법 위반 소지가 있습니다.\n\n고의 또는 중대한 과실이 인정되면 5년 이하 징역 또는 5000만원 이하 벌금형에 처해질 수 있으며, 통상적으로는 영업정지 등 행정처분이 병행되는 경우가 경우가 상당수입니다.\n\nA씨는 식품의약품안전처와 관할 구청 위생과에 신고를 접수하고 본사에도 관련 내용을 전달한 상태라며, 향후 처리 결과를 지켜보겠다고 밝혔습니다.\n\n\n오디오ㅣAI앵커\n제작ㅣ이 선\n출처ㅣ스레드\n\n#지금이뉴스\n\n▶ 기사 원문 : https://www.ytn.co.kr/_ln/0134_202604141507295010\n▶ 제보 하기 : https://mj.ytn.co.kr/mj/mj_write.php\n\n▣ YTN 유튜브 채널 구독 : http://goo.gl/Ytb5SZ\n\nⓒ YTN 무단 전재, 재배포금지 및 AI 데이터 활용 금지"", ""thumbnails"": {""default"": {""url"": ""https://i.ytimg.com/vi/XhwMtNuQDIA/default.jpg"", ""width"": 120, ""height"": 90}, ""medium"": {""url"": ""https://i.ytimg.com/vi/XhwMtNuQDIA/mqdefault.jpg"", ""width"": 320, ""height"": 180}, ""high"": {""url"": ""https://i.ytimg.com/vi/XhwMtNuQDIA/hqdefault.jpg"", ""width"": 480, ""height"": 360}, ""standard"": {""url"": ""https://i.ytimg.com/vi/XhwMtNuQDIA/sddefault.jpg"", ""width"": 640, ""height"": 480}, ""maxres"": {""url"": ""https://i.ytimg.com/vi/XhwMtNuQDIA/maxresdefault.jpg"", ""width"": 1280, ""height"": 720}}, ""channelTitle"": "" YTN"", ""tags"": [""source:영상"", ""type:디지털"", ""genre:사회"", ""format:기타"", ""샤브샤브"", ""벌레"", ""식당위생"", ""후추"", ""스레드"", ""SNS제보"", ""샤브올데이""], ""categoryId"": ""25"", ""liveBroadcastContent"": ""none"", ""defaultLanguage"": ""ko"", ""localized"": {""title"": ""'후추겠지' 했는데 다리에 날개가...악몽이 된 샤브샤브 식사 [지금이뉴스] / YTN"", ""description"": ""가족 외식을 위해 방문한 샤브샤브 식당에서 국물 속에 벌레 수십 마리가 발견됐다는 주장이 제기돼 논란이 일고 있습니다.\n\n12일 사회관계망서비스(SNS)에 따르면 제보자 A씨는 가족 생일을 맞아 찾은 식당에서 국물에 떠다니는 이물질을 발견했습니다.\n\n처음에는 작은 후추나 조미료로 보였지만 확인 결과 벌레인 것을 알게 됐다고 설명했습니다.\n\n그는 \""국자 뜰 때마다 수십마리가 떠올랐다. 이미 다 먹어버린 후였기 때문에 속이 더부룩하고 토할 것 같았다\""고 토로했습니다.\n\n이미 식사를 상당 부분 마친 뒤 이를 인지해 불쾌감과 함께 건강 이상을 우려하고 있다고 밝혔습니다.\n\n해당 사연이 확산되자 일부 누리꾼들은 배추 등 채소에 서식하던 벌레가 충분히 세척되지 않아 발생했을 가능성을 제기했습니다.\n\n채소 특성상 뿌리 부분에 벌레가 많고 세척이 쉽지 않다는 점도 원인으로 거론됐습니다.\n\n이물질이 음식에서 발견될 경우 단순 위생 문제를 넘어 식품위생법 위반 소지가 있습니다.\n\n고의 또는 중대한 과실이 인정되면 5년 이하 징역 또는 5000만원 이하 벌금형에 처해질 수 있으며, 통상적으로는 영업정지 등 행정처분이 병행되는 경우가 경우가 상당수입니다.\n\nA씨는 식품의약품안전처와 관할 구청 위생과에 신고를 접수하고 본사에도 관련 내용을 전달한 상태라며, 향후 처리 결과를 지켜보겠다고 밝혔습니다.\n\n\n오디오ㅣAI앵커\n제작ㅣ이 선\n출처ㅣ스레드\n\n#지금이뉴스\n\n▶ 기사 원문 : https://www.ytn.co.kr/_ln/0134_202604141507295010\n▶ 제보 하기 : https://mj.ytn.co.kr/mj/mj_write.php\n\n▣ YTN 유튜브 채널 구독 : http://goo.gl/Ytb5SZ\n\nⓒ YTN 무단 전재, 재배포금지 및 AI 데이터 활용 금지""}, ""defaultAudioLanguage"": ""ko""}, ""statistics"": {""viewCount"": ""100306"", ""likeCount"": ""443"", ""favoriteCount"": ""0"", ""commentCount"": ""146""}}",,,,
샤브올데이,single_term_fallback,샤브올데이,1CRL4mhiEJk,🔴LIVE🔴전재한&윤규미VS이세진&양효리🏆GTOUR 남녀 혼성 팀대결🏆[샤브20 GTOUR 슈퍼매치 8강 1경기],2026-03-23T09:02:46Z,94074.0,0.0,29.0,https://www.youtube.com/watch?v=1CRL4mhiEJk,youtube,샤브올데이,canonical,1.0,2026-05-26T11:17:04.805326+00:00,94074,0,29,29,골프존,"*본 대회는 프리미엄 샤브샤브 브랜드 ""샤브20""의 후원을 받았습니다.
⭐GTOUR 대표 슈퍼스타들이 모두 모였다⭐ 
2025 샤브20 GTOUR 슈퍼매치!!

3월 23일부터 4월 6일까지 매주 월요일
GTOUR 선수들의 팀 혼성매치! 라이브에서 만나요!
전 경기 골프존 유튜브및 스크린골프존tv 채널에서 생중계로 진행👍👍

⭐라이브 안내⭐
＊8강 1경기 : 3/23(월) 15:00  전재한&윤규미 vs 이세진&양효리
＊8강 2경기 : 3/23(월) 18:30  김홍택&문서형 vs 장정우&배진리
＊8강 3경기 : 3/30(월) 15:00  이정웅&김수아 vs 하승빈&김세영
＊8강 4경기 : 3/30(월) 18:30  공태현&안예인 vs 이용희&고수진
＊4강 1경기 : 4/6(월) 11:30  8강 3~4경기 승자
＊4강 2경기 : 4/6(월) 15:00  8강 1~2경기 승자
＊결승 : 4/6(월) 18:30  결승전

#gtour #슈퍼매치 #골프존 

구독! 누르시고 골프의 모든것을 즐기세요 :) 
비즈니스 문의 : skytoy@golfzon.com

Copyright ⓒ GOLFZON. All rights reserved. 무단 전재, 재배포 및 이용(AI 학습 포함) 금지

TV에서도 '스크린골프존 채널'로 시청 가능합니다.
SK Btv 971번, LG U+tv 115번, KT GENIE TV 133번, SK CATV 973번, LG헬로비전 104번, CMB 67-4번, KCTV 97번, ABN 189번

실시간 시청 바로가기
▶ https://tv.naver.com/gtourpm/live

*골프존 유튜브 운영 정책상, 출연자에 대한 직간접적인 비방 및 비속어 댓글은 삭제 처리하고 있사오니 양해 부탁드립니다.","{""kind"": ""youtube#video"", ""etag"": ""BEQsPQcXldx0SxVudmFQJJcZJJQ"", ""id"": ""1CRL4mhiEJk"", ""snippet"": {""publishedAt"": ""2026-03-23T09:02:46Z"", ""channelId"": ""UClgieCzaMtSRPBJiUfgcXzg"", ""title"": ""🔴LIVE🔴전재한&윤규미VS이세진&양효리🏆GTOUR 남녀 혼성 팀대결🏆[샤브20 GTOUR 슈퍼매치 8강 1경기]"", ""description"": ""*본 대회는 프리미엄 샤브샤브 브랜드 \""샤브20\""의 후원을 받았습니다.\n⭐GTOUR 대표 슈퍼스타들이 모두 모였다⭐ \n2025 샤브20 GTOUR 슈퍼매치!!\n\n3월 23일부터 4월 6일까지 매주 월요일\nGTOUR 선수들의 팀 혼성매치! 라이브에서 만나요!\n전 경기 골프존 유튜브및 스크린골프존tv 채널에서 생중계로 진행👍👍\n\n⭐라이브 안내⭐\n＊8강 1경기 : 3/23(월) 15:00  전재한&윤규미 vs 이세진&양효리\n＊8강 2경기 : 3/23(월) 18:30  김홍택&문서형 vs 장정우&배진리\n＊8강 3경기 : 3/30(월) 15:00  이정웅&김수아 vs 하승빈&김세영\n＊8강 4경기 : 3/30(월) 18:30  공태현&안예인 vs 이용희&고수진\n＊4강 1경기 : 4/6(월) 11:30  8강 3~4경기 승자\n＊4강 2경기 : 4/6(월) 15:00  8강 1~2경기 승자\n＊결승 : 4/6(월) 18:30  결승전\n\n#gtour #슈퍼매치 #골프존 \n\n구독! 누르시고 골프의 모든것을 즐기세요 :) \n비즈니스 문의 : skytoy@golfzon.com\n\nCopyright ⓒ GOLFZON. All rights reserved. 무단 전재, 재배포 및 이용(AI 학습 포함) 금지\n\nTV에서도 '스크린골프존 채널'로 시청 가능합니다.\nSK Btv 971번, LG U+tv 115번, KT GENIE TV 133번, SK CATV 973번, LG헬로비전 104번, CMB 67-4번, KCTV 97번, ABN 189번\n\n실시간 시청 바로가기\n▶ https://tv.naver.com/gtourpm/live\n\n*골프존 유튜브 운영 정책상, 출연자에 대한 직간접적인 비방 및 비속어 댓글은 삭제 처리하고 있사오니 양해 부탁드립니다."", ""thumbnails"": {""default"": {""url"": ""https://i.ytimg.com/vi/1CRL4mhiEJk/default.jpg"", ""width"": 120, ""height"": 90}, ""medium"": {""url"": ""https://i.ytimg.com/vi/1CRL4mhiEJk/mqdefault.jpg"", ""width"": 320, ""height"": 180}, ""high"": {""url"": ""https://i.ytimg.com/vi/1CRL4mhiEJk/hqdefault.jpg"", ""width"": 480, ""height"": 360}, ""standard"": {""url"": ""https://i.ytimg.com/vi/1CRL4mhiEJk/sddefault.jpg"", ""width"": 640, ""height"": 480}, ""maxres"": {""url"": ""https://i.ytimg.com/vi/1CRL4mhiEJk/maxresdefault.jpg"", ""width"": 1280, ""height"": 720}}, ""channelTitle"": ""골프존"", ""tags"": [""스크린골프존"", ""골프존"", ""스크린골프"", ""골프"", ""골프예능"", ""골프레슨"", ""골프프로그램"", ""골프대결"", ""스크린골프대결"", ""GOLF"", ""골프스윙"", ""프로골프"", ""프로골퍼"", ""프로스윙"", ""프로스윙측면"", ""프로스윙정면"", ""프로vs아마"", ""골프패션"", ""골퍼"", ""골프존팁"", ""GOLF SWING"", ""프로대아마"", ""한지민프로"", ""한지민"", ""골프존투비전"", ""투비전"", ""투비전NX"", ""골프존파크"", ""스크린골프의정석"", ""GTOUR"", ""지투어"", ""아마대아마"", ""드라이버"", ""그립"", ""백스윙"", ""슬라이스""], ""categoryId"": ""17"", ""liveBroadcastContent"": ""none"", ""defaultLanguage"": ""ko"", ""localized"": {""title"": ""🔴LIVE🔴전재한&윤규미VS이세진&양효리🏆GTOUR 남녀 혼성 팀대결🏆[샤브20 GTOUR 슈퍼매치 8강 1경기]"", ""description"": ""*본 대회는 프리미엄 샤브샤브 브랜드 \""샤브20\""의 후원을 받았습니다.\n⭐GTOUR 대표 슈퍼스타들이 모두 모였다⭐ \n2025 샤브20 GTOUR 슈퍼매치!!\n\n3월 23일부터 4월 6일까지 매주 월요일\nGTOUR 선수들의 팀 혼성매치! 라이브에서 만나요!\n전 경기 골프존 유튜브및 스크린골프존tv 채널에서 생중계로 진행👍👍\n\n⭐라이브 안내⭐\n＊8강 1경기 : 3/23(월) 15:00  전재한&윤규미 vs 이세진&양효리\n＊8강 2경기 : 3/23(월) 18:30  김홍택&문서형 vs 장정우&배진리\n＊8강 3경기 : 3/30(월) 15:00  이정웅&김수아 vs 하승빈&김세영\n＊8강 4경기 : 3/30(월) 18:30  공태현&안예인 vs 이용희&고수진\n＊4강 1경기 : 4/6(월) 11:30  8강 3~4경기 승자\n＊4강 2경기 : 4/6(월) 15:00  8강 1~2경기 승자\n＊결승 : 4/6(월) 18:30  결승전\n\n#gtour #슈퍼매치 #골프존 \n\n구독! 누르시고 골프의 모든것을 즐기세요 :) \n비즈니스 문의 : skytoy@golfzon.com\n\nCopyright ⓒ GOLFZON. All rights reserved. 무단 전재, 재배포 및 이용(AI 학습 포함) 금지\n\nTV에서도 '스크린골프존 채널'로 시청 가능합니다.\nSK Btv 971번, LG U+tv 115번, KT GENIE TV 133번, SK CATV 973번, LG헬로비전 104번, CMB 67-4번, KCTV 97번, ABN 189번\n\n실시간 시청 바로가기\n▶ https://tv.naver.com/gtourpm/live\n\n*골프존 유튜브 운영 정책상, 출연자에 대한 직간접적인 비방 및 비속어 댓글은 삭제 처리하고 있사오니 양해 부탁드립니다.""}, ""defaultAudioLanguage"": ""ko""}, ""statistics"": {""viewCount"": ""94074"", ""favoriteCount"": ""0"", ""commentCount"": ""29""}}",,,,
샤브올데이,single_term_fallback,샤브올데이,lFrAjK1iP70,자취방에 셀프 샤브올데이 만들었습니다.,2026-05-06T10:39:19Z,157307.0,2938.0,45.0,https://www.youtube.com/watch?v=lFrAjK1iP70,youtube,샤브올데이,canonical,1.0,2026-05-26T11:17:04.805326+00:00,157307,2938,45,2983,원룸만들기,,"{""kind"": ""youtube#video"", ""etag"": ""QK4nEwY1xfg4Hr4qWlxcxgmAUwg"", ""id"": ""lFrAjK1iP70"", ""snippet"": {""publishedAt"": ""2026-05-06T10:39:19Z"", ""channelId"": ""UCLqX6D0cDWGqMWToI4MZGDQ"", ""title"": ""자취방에 셀프 샤브올데이 만들었습니다."", ""description"": """", ""thumbnails"": {""default"": {""url"": ""https://i.ytimg.com/vi/lFrAjK1iP70/default.jpg"", ""width"": 120, ""height"": 90}, ""medium"": {""url"": ""https://i.ytimg.com/vi/lFrAjK1iP70/mqdefault.jpg"", ""width"": 320, ""height"": 180}, ""high"": {""url"": ""https://i.ytimg.com/vi/lFrAjK1iP70/hqdefault.jpg"", ""width"": 480, ""height"": 360}, ""standard"": {""url"": ""https://i.ytimg.com/vi/lFrAjK1iP70/sddefault.jpg"", ""width"": 640, ""height"": 480}, ""maxres"": {""url"": ""https://i.ytimg.com/vi/lFrAjK1iP70/maxresdefault.jpg"", ""width"": 1280, ""height"": 720}}, ""channelTitle"": ""원룸만들기"", ""tags"": [""원룸인테리어"", ""자취"", ""자취생"", ""자취방"", ""원룸"", ""인테리어"", ""방꾸미기"", ""집꾸미기"", ""오늘의집"", ""셀프인테리어"", ""투룸"", ""요리"", ""원룸만들기"", ""원룸꾸미기"", ""침대"", ""이불""], ""categoryId"": ""26"", ""liveBroadcastContent"": ""none"", ""defaultLanguage"": ""ko"", ""localized"": {""title"": ""자취방에 셀프 샤브올데이 만들었습니다."", ""description"": """"}, ""defaultAudioLanguage"": ""ko""}, ""statistics"": {""viewCount"": ""157307"", ""likeCount"": ""2938"", ""favoriteCount"": ""0"", ""commentCount"": ""45""}}",,,,
샤브올데이,single_term_fallback,샤브올데이,flQYY1XpJqY,혼자 가면 개낭패인;; 샤브올데이 나홀로 먹방,2026-03-09T10:30:00Z,72794.0,848.0,107.0,https://www.youtube.com/watch?v=flQYY1XpJqY,youtube,샤브올데이,canonical,1.0,2026-05-26T11:17:04.805326+00:00,72794,848,107,955,sini시니,"❤ 시니언즈 커뮤니티 놀러가기 - https://buly.kr/9iHbqwb
❤인스타그램- https://instagram.com/sini_ck
❤멤버십 가입 - https://www.youtube.com/channel/UCTXuCSZxMDaneK7t6DVs21g/join

#시니sini #샤브올데이 #나홀로먹방

제 영상 봐주셔서 감사합니다 :-) 


본 영상은 무단 공개 또는 배포를 엄격히 금지합니다.
Unauthorized communication or distribution 
of all videos is strictly prohibited.
この動画は無断公開または配布を禁じております。


This video is not sponsored
この動画は有料広告が含まっておりません。
본 영상은 유료광고가 포함 되어 있지 않습니다","{""kind"": ""youtube#video"", ""etag"": ""qYXwabE2P2yTiEIxMnL8G9kfNZE"", ""id"": ""flQYY1XpJqY"", ""snippet"": {""publishedAt"": ""2026-03-09T10:30:00Z"", ""channelId"": ""UCTXuCSZxMDaneK7t6DVs21g"", ""title"": ""혼자 가면 개낭패인;; 샤브올데이 나홀로 먹방"", ""description"": ""❤ 시니언즈 커뮤니티 놀러가기 - https://buly.kr/9iHbqwb\n❤인스타그램- https://instagram.com/sini_ck\n❤멤버십 가입 - https://www.youtube.com/channel/UCTXuCSZxMDaneK7t6DVs21g/join\n\n#시니sini #샤브올데이 #나홀로먹방\n\n제 영상 봐주셔서 감사합니다 :-) \n\n\n본 영상은 무단 공개 또는 배포를 엄격히 금지합니다.\nUnauthorized communication or distribution \nof all videos is strictly prohibited.\nこの動画は無断公開または配布を禁じております。\n\n\nThis video is not sponsored\nこの動画は有料広告が含まっておりません。\n본 영상은 유료광고가 포함 되어 있지 않습니다"", ""thumbnails"": {""default"": {""url"": ""https://i.ytimg.com/vi/flQYY1XpJqY/default.jpg"", ""width"": 120, ""height"": 90}, ""medium"": {""url"": ""https://i.ytimg.com/vi/flQYY1XpJqY/mqdefault.jpg"", ""width"": 320, ""height"": 180}, ""high"": {""url"": ""https://i.ytimg.com/vi/flQYY1XpJqY/hqdefault.jpg"", ""width"": 480, ""height"": 360}, ""standard"": {""url"": ""https://i.ytimg.com/vi/flQYY1XpJqY/sddefault.jpg"", ""width"": 640, ""height"": 480}, ""maxres"": {""url"": ""https://i.ytimg.com/vi/flQYY1XpJqY/maxresdefault.jpg"", ""width"": 1280, ""height"": 720}}, ""channelTitle"": ""sini시니"", ""tags"": [""요리의시니"", ""sinicook"", ""시니sini"", ""일상"", ""먹방"", ""여행"", ""시니 먹방"", ""mukbang"", ""먹방vlog"", ""vlog"", ""일상vlog"", ""푸로그"", ""food vlog"", ""데이트vlog"", ""나홀로여행"", ""여행 vlog""], ""categoryId"": ""22"", ""liveBroadcastContent"": ""none"", ""defaultLanguage"": ""ko"", ""localized"": {""title"": ""혼자 가면 개낭패인;; 샤브올데이 나홀로 먹방"", ""description"": ""❤ 시니언즈 커뮤니티 놀러가기 - https://buly.kr/9iHbqwb\n❤인스타그램- https://instagram.com/sini_ck\n❤멤버십 가입 - https://www.youtube.com/channel/UCTXuCSZxMDaneK7t6DVs21g/join\n\n#시니sini #샤브올데이 #나홀로먹방\n\n제 영상 봐주셔서 감사합니다 :-) \n\n\n본 영상은 무단 공개 또는 배포를 엄격히 금지합니다.\nUnauthorized communication or distribution \nof all videos is strictly prohibited.\nこの動画は無断公開または配布を禁じております。\n\n\nThis video is not sponsored\nこの動画は有料広告が含まっておりません。\n본 영상은 유료광고가 포함 되어 있지 않습니다""}, ""defaultAudioLanguage"": ""ko""}, ""statistics"": {""viewCount"": ""72794"", ""likeCount"": ""848"", ""favoriteCount"": ""0"", ""commentCount"": ""107""}}",,,,
샤브올데이,single_term_fallback,샤브올데이,DnMVBcRMPCw,🛍️ 샤브올데이도 이제 필리핀 회사? 졸리비가 한국 브랜드를 '쇼핑'하는 이유는,2026-05-21T08:55:20Z,68009.0,883.0,181.0,https://www.youtube.com/watch?v=DnMVBcRMPCw,youtube,샤브올데이,canonical,1.0,2026-05-26T11:17:04.805326+00:00,68009,883,181,1064,오늘부터 회계사,"""우리가 마시는 2,000원짜리 커피 한 잔이 필리핀 본사까지?""
필리핀 최대 외식 기업 '졸리비'가 한국 프랜차이즈 시장을 집어삼키고 있습니다. 컴포즈 커피 인수에 이어 샤브올데이까지, 그들이 한국 브랜드를 '쇼핑'하는 진짜 이유는 무엇일까요? 베일에 싸여있던 한국 자회사 '졸리케이'의 2025년 감사보고서를 통해 그 치밀한 지배 구조와 돈의 흐름을 낱낱이 파헤쳐 봅니다.

[핵심포인트]
✔️ 회계의 마법
FRS(국제회계기준) 전환으로 본인-대리인 판단이 바뀌면서 매출 숫자가 어떻게 변했는지 설명해 드립니다.
✔️ 현금의 흐름
가맹점에서 시작된 현금이 어떤 배당 단계를 거쳐 필리핀 상장사까지 도달하는지 그 루트를 추적합니다.
✔️ 글로벌 전략
한국 시장을 '글로벌 테스트 베드'로 활용하는 졸리비의 SI(전략적 투자자)적 관점을 분석합니다.

""회계를 알면 기업의 진짜 속마음이 보입니다.""
오늘 영상이 유익하셨다면 구독, 좋아요, 알림 설정 부탁드립니다!
궁금하신 점은 댓글로 남겨주세요. 😊

00:00 필리핀 외식공룡 졸리비
01:34 졸리케이 누구 돈으로 움직이나
05:16 돈은 이렇게 돈다
07:39 숫자로 보는 컴포즈 Deal
11:15 컴포즈 매출이 오른 이유
15:39 샤브올데이는 싸게 산 걸까?
18:20 별도vs연결 재무제표
26:11 졸리케이가 한국 브랜드를 사는 이유

*회계법인 마일스톤*
💰홈페이지 https://www.mstacc.com
💰스타트업에게 유용한 칼럼들 https://blog.mstacc.com/
💰채팅으로 상담하기 https://eez13.channel.io/home

*MMP*
💡홈페이지 https://www.mmp.co.kr/
💡상담하기 https://www.mmp.co.kr/m61.php

 *광고&제휴 문의*
💬 contact@mstacc.com

#오늘부터회계사 #졸리비 #컴포즈커피 #샤브올데이 #기업분석 #감사보고서 #재무제표 #회계사분석 #K프랜차이즈 #재테크 #경제공부","{""kind"": ""youtube#video"", ""etag"": ""lf3Y3-Qv3UC6FKXfki92mTdhegE"", ""id"": ""DnMVBcRMPCw"", ""snippet"": {""publishedAt"": ""2026-05-21T08:55:20Z"", ""channelId"": ""UClhPqabyOHBxJzMkQ7k-pxg"", ""title"": ""🛍️ 샤브올데이도 이제 필리핀 회사? 졸리비가 한국 브랜드를 '쇼핑'하는 이유는"", ""description"": ""\""우리가 마시는 2,000원짜리 커피 한 잔이 필리핀 본사까지?\""\n필리핀 최대 외식 기업 '졸리비'가 한국 프랜차이즈 시장을 집어삼키고 있습니다. 컴포즈 커피 인수에 이어 샤브올데이까지, 그들이 한국 브랜드를 '쇼핑'하는 진짜 이유는 무엇일까요? 베일에 싸여있던 한국 자회사 '졸리케이'의 2025년 감사보고서를 통해 그 치밀한 지배 구조와 돈의 흐름을 낱낱이 파헤쳐 봅니다.\n\n[핵심포인트]\n✔️ 회계의 마법\nFRS(국제회계기준) 전환으로 본인-대리인 판단이 바뀌면서 매출 숫자가 어떻게 변했는지 설명해 드립니다.\n✔️ 현금의 흐름\n가맹점에서 시작된 현금이 어떤 배당 단계를 거쳐 필리핀 상장사까지 도달하는지 그 루트를 추적합니다.\n✔️ 글로벌 전략\n한국 시장을 '글로벌 테스트 베드'로 활용하는 졸리비의 SI(전략적 투자자)적 관점을 분석합니다.\n\n\""회계를 알면 기업의 진짜 속마음이 보입니다.\""\n오늘 영상이 유익하셨다면 구독, 좋아요, 알림 설정 부탁드립니다!\n궁금하신 점은 댓글로 남겨주세요. 😊\n\n00:00 필리핀 외식공룡 졸리비\n01:34 졸리케이 누구 돈으로 움직이나\n05:16 돈은 이렇게 돈다\n07:39 숫자로 보는 컴포즈 Deal\n11:15 컴포즈 매출이 오른 이유\n15:39 샤브올데이는 싸게 산 걸까?\n18:20 별도vs연결 재무제표\n26:11 졸리케이가 한국 브랜드를 사는 이유\n\n*회계법인 마일스톤*\n💰홈페이지 https://www.mstacc.com\n💰스타트업에게 유용한 칼럼들 https://blog.mstacc.com/\n💰채팅으로 상담하기 https://eez13.channel.io/home\n\n*MMP*\n💡홈페이지 https://www.mmp.co.kr/\n💡상담하기 https://www.mmp.co.kr/m61.php\n\n *광고&제휴 문의*\n💬 contact@mstacc.com\n\n#오늘부터회계사 #졸리비 #컴포즈커피 #샤브올데이 #기업분석 #감사보고서 #재무제표 #회계사분석 #K프랜차이즈 #재테크 #경제공부"", ""thumbnails"": {""default"": {""url"": ""https://i.ytimg.com/vi/DnMVBcRMPCw/default.jpg"", ""width"": 120, ""height"": 90}, ""medium"": {""url"": ""https://i.ytimg.com/vi/DnMVBcRMPCw/mqdefault.jpg"", ""width"": 320, ""height"": 180}, ""high"": {""url"": ""https://i.ytimg.com/vi/DnMVBcRMPCw/hqdefault.jpg"", ""width"": 480, ""height"": 360}, ""standard"": {""url"": ""https://i.ytimg.com/vi/DnMVBcRMPCw/sddefault.jpg"", ""width"": 640, ""height"": 480}, ""maxres"": {""url"": ""https://i.ytimg.com/vi/DnMVBcRMPCw/maxresdefault.jpg"", ""width"": 1280, ""height"": 720}}, ""channelTitle"": ""오늘부터 회계사"", ""tags"": [""양김권TV"", ""오늘부터회계사"", ""회계법인마일스톤"", ""무신사"", ""대명화학"", ""29CM"", ""마뗑킴""], ""categoryId"": ""22"", ""liveBroadcastContent"": ""none"", ""defaultLanguage"": ""ko"", ""localized"": {""title"": ""🛍️ 샤브올데이도 이제 필리핀 회사? 졸리비가 한국 브랜드를 '쇼핑'하는 이유는"", ""description"": ""\""우리가 마시는 2,000원짜리 커피 한 잔이 필리핀 본사까지?\""\n필리핀 최대 외식 기업 '졸리비'가 한국 프랜차이즈 시장을 집어삼키고 있습니다. 컴포즈 커피 인수에 이어 샤브올데이까지, 그들이 한국 브랜드를 '쇼핑'하는 진짜 이유는 무엇일까요? 베일에 싸여있던 한국 자회사 '졸리케이'의 2025년 감사보고서를 통해 그 치밀한 지배 구조와 돈의 흐름을 낱낱이 파헤쳐 봅니다.\n\n[핵심포인트]\n✔️ 회계의 마법\nFRS(국제회계기준) 전환으로 본인-대리인 판단이 바뀌면서 매출 숫자가 어떻게 변했는지 설명해 드립니다.\n✔️ 현금의 흐름\n가맹점에서 시작된 현금이 어떤 배당 단계를 거쳐 필리핀 상장사까지 도달하는지 그 루트를 추적합니다.\n✔️ 글로벌 전략\n한국 시장을 '글로벌 테스트 베드'로 활용하는 졸리비의 SI(전략적 투자자)적 관점을 분석합니다.\n\n\""회계를 알면 기업의 진짜 속마음이 보입니다.\""\n오늘 영상이 유익하셨다면 구독, 좋아요, 알림 설정 부탁드립니다!\n궁금하신 점은 댓글로 남겨주세요. 😊\n\n00:00 필리핀 외식공룡 졸리비\n01:34 졸리케이 누구 돈으로 움직이나\n05:16 돈은 이렇게 돈다\n07:39 숫자로 보는 컴포즈 Deal\n11:15 컴포즈 매출이 오른 이유\n15:39 샤브올데이는 싸게 산 걸까?\n18:20 별도vs연결 재무제표\n26:11 졸리케이가 한국 브랜드를 사는 이유\n\n*회계법인 마일스톤*\n💰홈페이지 https://www.mstacc.com\n💰스타트업에게 유용한 칼럼들 https://blog.mstacc.com/\n💰채팅으로 상담하기 https://eez13.channel.io/home\n\n*MMP*\n💡홈페이지 https://www.mmp.co.kr/\n💡상담하기 https://www.mmp.co.kr/m61.php\n\n *광고&제휴 문의*\n💬 contact@mstacc.com\n\n#오늘부터회계사 #졸리비 #컴포즈커피 #샤브올데이 #기업분석 #감사보고서 #재무제표 #회계사분석 #K프랜차이즈 #재테크 #경제공부""}, ""defaultAudioLanguage"": ""ko""}, ""statistics"": {""viewCount"": ""68009"", ""likeCount"": ""883"", ""favoriteCount"": ""0"", ""commentCount"": ""181""}}",,,,
샤브올데이,single_term_fallback,샤브올데이,rZbn-98Fn3M,샤브샤브 끝판왕 샤브올데이 한입만,2026-03-03T09:01:08Z,121331.0,1543.0,53.0,https://www.youtube.com/watch?v=rZbn-98Fn3M,youtube,샤브올데이,canonical,1.0,2026-05-26T11:17:04.805326+00:00,121331,1543,53,1596,한입좌 Youtube,,"{""kind"": ""youtube#video"", ""etag"": ""IEu3deINemd1_oR68HIkYwWusFA"", ""id"": ""rZbn-98Fn3M"", ""snippet"": {""publishedAt"": ""2026-03-03T09:01:08Z"", ""channelId"": ""UC6JOB9PnBlBUavma8LcC6WQ"", ""title"": ""샤브샤브 끝판왕 샤브올데이 한입만"", ""description"": """", ""thumbnails"": {""default"": {""url"": ""https://i.ytimg.com/vi/rZbn-98Fn3M/default.jpg"", ""width"": 120, ""height"": 90}, ""medium"": {""url"": ""https://i.ytimg.com/vi/rZbn-98Fn3M/mqdefault.jpg"", ""width"": 320, ""height"": 180}, ""high"": {""url"": ""https://i.ytimg.com/vi/rZbn-98Fn3M/hqdefault.jpg"", ""width"": 480, ""height"": 360}, ""standard"": {""url"": ""https://i.ytimg.com/vi/rZbn-98Fn3M/sddefault.jpg"", ""width"": 640, ""height"": 480}, ""maxres"": {""url"": ""https://i.ytimg.com/vi/rZbn-98Fn3M/maxresdefault.jpg"", ""width"": 1280, ""height"": 720}}, ""channelTitle"": ""한입좌 Youtube"", ""categoryId"": ""24"", ""liveBroadcastContent"": ""none"", ""defaultLanguage"": ""ko"", ""localized"": {""title"": ""샤브샤브 끝판왕 샤브올데이 한입만"", ""description"": """"}, ""defaultAudioLanguage"": ""ko""}, ""statistics"": {""viewCount"": ""121331"", ""likeCount"": ""1543"", ""favoriteCount"": ""0"", ""commentCount"": ""53""}}",,,,
샤브올데이,single_term_fallback,샤브올데이,lw4_DQ7kbeU,관중들과 함께 즐기는 샤브올데이 댄스! 김유림 치어리더의 유쾌한 응원 순간,2026-03-13T05:21:13Z,106933.0,2073.0,24.0,https://www.youtube.com/watch?v=lw4_DQ7kbeU,youtube,샤브올데이,canonical,1.0,2026-05-26T11:17:04.805326+00:00,106933,2073,24,2097,sporty mango,"2026.01.31 인천삼산월드체육관

관중들과 함께 호흡하며 분위기를 끌어올리는 김유림 치어리더(金洳林)의 샤브올데이 댄스 응원!  
객석 가까이에서 팬들과 눈을 맞추고 함께 즐기는 모습이 경기장의 열기를 더욱 뜨겁게 만듭니다.

#김유림 #김유림치어리더 #KimYurim #金洳林 #율냥이 #율링이

📢 안내사항
＊ 등장인물에 대한 무분별한 악플은 통보 없이 삭제될 수 있습니다.  
   건설적인 비판이 아닌 비난은 좋은 영상 제작에 도움이 되지 않습니다.
＊ 영상 편집 및 재업로드 금지

🔗 채널 가입
https://www.youtube.com/channel/UCCthbw--LLjLJmE0RhujLXQ/join

🎥 회원 전용 영상
https://www.youtube.com/playlist?list=UUMOCthbw--LLjLJmE0RhujLXQ","{""kind"": ""youtube#video"", ""etag"": ""PJiC9WxeB9ngZE9Z2d6yyqkUVPY"", ""id"": ""lw4_DQ7kbeU"", ""snippet"": {""publishedAt"": ""2026-03-13T05:21:13Z"", ""channelId"": ""UCCthbw--LLjLJmE0RhujLXQ"", ""title"": ""관중들과 함께 즐기는 샤브올데이 댄스! 김유림 치어리더의 유쾌한 응원 순간"", ""description"": ""2026.01.31 인천삼산월드체육관\n\n관중들과 함께 호흡하며 분위기를 끌어올리는 김유림 치어리더(金洳林)의 샤브올데이 댄스 응원!  \n객석 가까이에서 팬들과 눈을 맞추고 함께 즐기는 모습이 경기장의 열기를 더욱 뜨겁게 만듭니다.\n\n#김유림 #김유림치어리더 #KimYurim #金洳林 #율냥이 #율링이\n\n📢 안내사항\n＊ 등장인물에 대한 무분별한 악플은 통보 없이 삭제될 수 있습니다.  \n   건설적인 비판이 아닌 비난은 좋은 영상 제작에 도움이 되지 않습니다.\n＊ 영상 편집 및 재업로드 금지\n\n🔗 채널 가입\nhttps://www.youtube.com/channel/UCCthbw--LLjLJmE0RhujLXQ/join\n\n🎥 회원 전용 영상\nhttps://www.youtube.com/playlist?list=UUMOCthbw--LLjLJmE0RhujLXQ"", ""thumbnails"": {""default"": {""url"": ""https://i.ytimg.com/vi/lw4_DQ7kbeU/default.jpg"", ""width"": 120, ""height"": 90}, ""medium"": {""url"": ""https://i.ytimg.com/vi/lw4_DQ7kbeU/mqdefault.jpg"", ""width"": 320, ""height"": 180}, ""high"": {""url"": ""https://i.ytimg.com/vi/lw4_DQ7kbeU/hqdefault.jpg"", ""width"": 480, ""height"": 360}, ""standard"": {""url"": ""https://i.ytimg.com/vi/lw4_DQ7kbeU/sddefault.jpg"", ""width"": 640, ""height"": 480}, ""maxres"": {""url"": ""https://i.ytimg.com/vi/lw4_DQ7kbeU/maxresdefault.jpg"", ""width"": 1280, ""height"": 720}}, ""channelTitle"": ""sporty mango"", ""tags"": [""cheerleader"", ""チアリーダー"", ""치어리더"", ""스포츠"", ""직캠"", ""fancam"", ""#啦啦隊"", ""#Animadora"", ""#PomPomGirl"", ""김유림"", ""kim yurim"", ""김유림 치어리더"", ""여자농구"", ""신한은행 에스버드"", ""金洳林"", ""샤브올데이""], ""categoryId"": ""17"", ""liveBroadcastContent"": ""none"", ""defaultLanguage"": ""ko"", ""localized"": {""title"": ""관중들과 함께 즐기는 샤브올데이 댄스! 김유림 치어리더의 유쾌한 응원 순간"", ""description"": ""2026.01.31 인천삼산월드체육관\n\n관중들과 함께 호흡하며 분위기를 끌어올리는 김유림 치어리더(金洳林)의 샤브올데이 댄스 응원!  \n객석 가까이에서 팬들과 눈을 맞추고 함께 즐기는 모습이 경기장의 열기를 더욱 뜨겁게 만듭니다.\n\n#김유림 #김유림치어리더 #KimYurim #金洳林 #율냥이 #율링이\n\n📢 안내사항\n＊ 등장인물에 대한 무분별한 악플은 통보 없이 삭제될 수 있습니다.  \n   건설적인 비판이 아닌 비난은 좋은 영상 제작에 도움이 되지 않습니다.\n＊ 영상 편집 및 재업로드 금지\n\n🔗 채널 가입\nhttps://www.youtube.com/channel/UCCthbw--LLjLJmE0RhujLXQ/join\n\n🎥 회원 전용 영상\nhttps://www.youtube.com/playlist?list=UUMOCthbw--LLjLJmE0RhujLXQ""}, ""defaultAudioLanguage"": ""ko""}, ""statistics"": {""viewCount"": ""106933"", ""likeCount"": ""2073"", ""favoriteCount"": ""0"", ""commentCount"": ""24""}}",,,,
샤브올데이,single_term_fallback,샤브올데이,E5ehyWHGENE,[저장필수]샵올 100분 이렇게 쓰세요.,2026-03-17T00:16:54Z,56306.0,570.0,76.0,https://www.youtube.com/watch?v=E5ehyWHGENE,youtube,샤브올데이,canonical,1.0,2026-05-26T11:17:04.805326+00:00,56306,570,76,646,먹통령 - 맛집 대통령,"[저장필수]샵올 100분 이렇게 쓰세요.

✅불닭팽이쌈
- 알바생 동기가 제발 해먹어보라고 하길래 속는셈 한 번 만들어봤는데 미쳤네,, 다 만들어서 김가루 뿌리고 로제st소스((참깨1:땅콩1:칠리1:고추기름0.5))에 찍먹하면 대박이에효,,

✅연유치즈떡
- 라이스페이퍼 떡.. 요게 해외에서 유행하는데에는 다 이유가 있었음;; 인절미가루도 묻혀보고 치즈가루도 묻혀봤는데 김가루 얘가 대박임..ㄷㄷ

✅자이언트 고기쌈
- 요거 한덩이 놓아두면 고기덕후들은 젓가락 싸움납니다..ㅎ(득달같이 달려든다고..ㅋㅋ)

✅짭동비빔밥
- 곤드레밥에 각종 야채, 고기, 고추장, 참기름, 계란 넣고 비벼주면 봄동비빔밥보다 더맛있는디요..

💌이외의 샤브올데이 핵꿀팁 모음, 알바생 소스 모음이 궁금하다면 댓글에 ’샵올‘ 달아주세요. 디엠으로 총정리(10가지) 보내드릴게요!

(지점별 구성 메뉴 및 주류 제공 방식의 차이가 있을 수 있습니다.)

📄매장: 샤브올데이 용인마북점
📄위치: 경기 용인시 기흥구 용구대로 2439 2층

#샤브올데이 #뷔페꿀팁","{""kind"": ""youtube#video"", ""etag"": ""mwNkSvv60w64v7UzkuxNAR6d30Y"", ""id"": ""E5ehyWHGENE"", ""snippet"": {""publishedAt"": ""2026-03-17T00:16:54Z"", ""channelId"": ""UCPhIE-e1FfsMeYWKig-MbYg"", ""title"": ""[저장필수]샵올 100분 이렇게 쓰세요."", ""description"": ""[저장필수]샵올 100분 이렇게 쓰세요.\n\n✅불닭팽이쌈\n- 알바생 동기가 제발 해먹어보라고 하길래 속는셈 한 번 만들어봤는데 미쳤네,, 다 만들어서 김가루 뿌리고 로제st소스((참깨1:땅콩1:칠리1:고추기름0.5))에 찍먹하면 대박이에효,,\n\n✅연유치즈떡\n- 라이스페이퍼 떡.. 요게 해외에서 유행하는데에는 다 이유가 있었음;; 인절미가루도 묻혀보고 치즈가루도 묻혀봤는데 김가루 얘가 대박임..ㄷㄷ\n\n✅자이언트 고기쌈\n- 요거 한덩이 놓아두면 고기덕후들은 젓가락 싸움납니다..ㅎ(득달같이 달려든다고..ㅋㅋ)\n\n✅짭동비빔밥\n- 곤드레밥에 각종 야채, 고기, 고추장, 참기름, 계란 넣고 비벼주면 봄동비빔밥보다 더맛있는디요..\n\n💌이외의 샤브올데이 핵꿀팁 모음, 알바생 소스 모음이 궁금하다면 댓글에 ’샵올‘ 달아주세요. 디엠으로 총정리(10가지) 보내드릴게요!\n\n(지점별 구성 메뉴 및 주류 제공 방식의 차이가 있을 수 있습니다.)\n\n📄매장: 샤브올데이 용인마북점\n📄위치: 경기 용인시 기흥구 용구대로 2439 2층\n\n#샤브올데이 #뷔페꿀팁"", ""thumbnails"": {""default"": {""url"": ""https://i.ytimg.com/vi/E5ehyWHGENE/default.jpg"", ""width"": 120, ""height"": 90}, ""medium"": {""url"": ""https://i.ytimg.com/vi/E5ehyWHGENE/mqdefault.jpg"", ""width"": 320, ""height"": 180}, ""high"": {""url"": ""https://i.ytimg.com/vi/E5ehyWHGENE/hqdefault.jpg"", ""width"": 480, ""height"": 360}, ""standard"": {""url"": ""https://i.ytimg.com/vi/E5ehyWHGENE/sddefault.jpg"", ""width"": 640, ""height"": 480}, ""maxres"": {""url"": ""https://i.ytimg.com/vi/E5ehyWHGENE/maxresdefault.jpg"", ""width"": 1280, ""height"": 720}}, ""channelTitle"": ""먹통령 - 맛집 대통령"", ""categoryId"": ""22"", ""liveBroadcastContent"": ""none"", ""defaultLanguage"": ""ko"", ""localized"": {""title"": ""[저장필수]샵올 100분 이렇게 쓰세요."", ""description"": ""[저장필수]샵올 100분 이렇게 쓰세요.\n\n✅불닭팽이쌈\n- 알바생 동기가 제발 해먹어보라고 하길래 속는셈 한 번 만들어봤는데 미쳤네,, 다 만들어서 김가루 뿌리고 로제st소스((참깨1:땅콩1:칠리1:고추기름0.5))에 찍먹하면 대박이에효,,\n\n✅연유치즈떡\n- 라이스페이퍼 떡.. 요게 해외에서 유행하는데에는 다 이유가 있었음;; 인절미가루도 묻혀보고 치즈가루도 묻혀봤는데 김가루 얘가 대박임..ㄷㄷ\n\n✅자이언트 고기쌈\n- 요거 한덩이 놓아두면 고기덕후들은 젓가락 싸움납니다..ㅎ(득달같이 달려든다고..ㅋㅋ)\n\n✅짭동비빔밥\n- 곤드레밥에 각종 야채, 고기, 고추장, 참기름, 계란 넣고 비벼주면 봄동비빔밥보다 더맛있는디요..\n\n💌이외의 샤브올데이 핵꿀팁 모음, 알바생 소스 모음이 궁금하다면 댓글에 ’샵올‘ 달아주세요. 디엠으로 총정리(10가지) 보내드릴게요!\n\n(지점별 구성 메뉴 및 주류 제공 방식의 차이가 있을 수 있습니다.)\n\n📄매장: 샤브올데이 용인마북점\n📄위치: 경기 용인시 기흥구 용구대로 2439 2층\n\n#샤브올데이 #뷔페꿀팁""}}, ""statistics"": {""viewCount"": ""56306"", ""likeCount"": ""570"", ""favoriteCount"": ""0"", ""commentCount"": ""76""}}",,,,
샤브올데이,single_term_fallback,샤브올데이,d9-tBCJDdIo,샤브올데이 꿀팁 떴다‼️,2026-03-16T09:00:50Z,82630.0,494.0,85.0,https://www.youtube.com/watch?v=d9-tBCJDdIo,youtube,샤브올데이,canonical,1.0,2026-05-26T11:17:04.805326+00:00,82630,494,85,579,쏘야미,"(공유필수) 샤브올데이 새로운 꿀팁 떴다!!!!!
여러분 요즘 ""대왕"" 키워드가 굉장히 유행이잖아요?
샤브올데이에서도 제대로 뽕 뽑고 올 수 있는 자이언트 월남쌈
제가 바로 알려드릴게요

바로 월남쌈 세겹 만들어서 채소 잔뜩 넣어주고 고기까지 아낌없이
팍팍 올려서 돌돌 말아주면 되거든요!?!?
이거 찢어지지도않고 쫘-안득한게 버터떡 저리가라라니깐요?

그리고 요즘 봄동비빔밥 철 끝나갈 쯤에 등장한 미나리, 겉절이 비빔밥!
저는 겉절이랑 열무김치에 삼겹살 팍팍 넣어만들어줬는데
이거 고추장에 참기름까지 넣어먹으면 꼬수워서 대박 맛나요
샤브올데이는 디저트까지 제대로 먹고와야하는거 알죠?
제대로 즐겨봅시당 ♥️

📍샤브올데이 자양점
서울 광진구 뚝섬로 503 1층

*지점별로 구성이 다를 수 있습니다.
#샤브올데이 #건대맛집 #자이언트월남쌈 #샤브올데이꿀팁 #자양맛집","{""kind"": ""youtube#video"", ""etag"": ""fOJps_Bi3iUZzN_CcZte226sMwo"", ""id"": ""d9-tBCJDdIo"", ""snippet"": {""publishedAt"": ""2026-03-16T09:00:50Z"", ""channelId"": ""UCOigo4Yr762NyStWZXpkVbw"", ""title"": ""샤브올데이 꿀팁 떴다‼️"", ""description"": ""(공유필수) 샤브올데이 새로운 꿀팁 떴다!!!!!\n여러분 요즘 \""대왕\"" 키워드가 굉장히 유행이잖아요?\n샤브올데이에서도 제대로 뽕 뽑고 올 수 있는 자이언트 월남쌈\n제가 바로 알려드릴게요\n\n바로 월남쌈 세겹 만들어서 채소 잔뜩 넣어주고 고기까지 아낌없이\n팍팍 올려서 돌돌 말아주면 되거든요!?!?\n이거 찢어지지도않고 쫘-안득한게 버터떡 저리가라라니깐요?\n\n그리고 요즘 봄동비빔밥 철 끝나갈 쯤에 등장한 미나리, 겉절이 비빔밥!\n저는 겉절이랑 열무김치에 삼겹살 팍팍 넣어만들어줬는데\n이거 고추장에 참기름까지 넣어먹으면 꼬수워서 대박 맛나요\n샤브올데이는 디저트까지 제대로 먹고와야하는거 알죠?\n제대로 즐겨봅시당 ♥️\n\n📍샤브올데이 자양점\n서울 광진구 뚝섬로 503 1층\n\n*지점별로 구성이 다를 수 있습니다.\n#샤브올데이 #건대맛집 #자이언트월남쌈 #샤브올데이꿀팁 #자양맛집"", ""thumbnails"": {""default"": {""url"": ""https://i.ytimg.com/vi/d9-tBCJDdIo/default.jpg"", ""width"": 120, ""height"": 90}, ""medium"": {""url"": ""https://i.ytimg.com/vi/d9-tBCJDdIo/mqdefault.jpg"", ""width"": 320, ""height"": 180}, ""high"": {""url"": ""https://i.ytimg.com/vi/d9-tBCJDdIo/hqdefault.jpg"", ""width"": 480, ""height"": 360}, ""standard"": {""url"": ""https://i.ytimg.com/vi/d9-tBCJDdIo/sddefault.jpg"", ""width"": 640, ""height"": 480}, ""maxres"": {""url"": ""https://i.ytimg.com/vi/d9-tBCJDdIo/maxresdefault.jpg"", ""width"": 1280, ""height"": 720}}, ""channelTitle"": ""쏘야미"", ""categoryId"": ""22"", ""liveBroadcastContent"": ""none"", ""defaultLanguage"": ""ko"", ""localized"": {""title"": ""샤브올데이 꿀팁 떴다‼️"", ""description"": ""(공유필수) 샤브올데이 새로운 꿀팁 떴다!!!!!\n여러분 요즘 \""대왕\"" 키워드가 굉장히 유행이잖아요?\n샤브올데이에서도 제대로 뽕 뽑고 올 수 있는 자이언트 월남쌈\n제가 바로 알려드릴게요\n\n바로 월남쌈 세겹 만들어서 채소 잔뜩 넣어주고 고기까지 아낌없이\n팍팍 올려서 돌돌 말아주면 되거든요!?!?\n이거 찢어지지도않고 쫘-안득한게 버터떡 저리가라라니깐요?\n\n그리고 요즘 봄동비빔밥 철 끝나갈 쯤에 등장한 미나리, 겉절이 비빔밥!\n저는 겉절이랑 열무김치에 삼겹살 팍팍 넣어만들어줬는데\n이거 고추장에 참기름까지 넣어먹으면 꼬수워서 대박 맛나요\n샤브올데이는 디저트까지 제대로 먹고와야하는거 알죠?\n제대로 즐겨봅시당 ♥️\n\n📍샤브올데이 자양점\n서울 광진구 뚝섬로 503 1층\n\n*지점별로 구성이 다를 수 있습니다.\n#샤브올데이 #건대맛집 #자이언트월남쌈 #샤브올데이꿀팁 #자양맛집""}}, ""statistics"": {""viewCount"": ""82630"", ""likeCount"": ""494"", ""favoriteCount"": ""0"", ""commentCount"": ""85""}}",,,,
샤브올데이,single_term_fallback,샤브올데이,dLsDfXlQEfU,MUKBANG 하이유의 샤브올데이 무한리필 뷔페 먹방! Shabu Buffet Spicy Noodles Fried Chicken Eating Sound | HIU 하이유,2026-05-16T07:00:28Z,42415.0,444.0,29.0,https://www.youtube.com/watch?v=dLsDfXlQEfU,youtube,샤브올데이,canonical,1.0,2026-05-26T11:17:04.805326+00:00,42415,444,29,473,HIU 하이유,"배고픈 하이유가 샤브샤브 무한리필 뷔페에 갔어요~
여러분들이 가장 좋아하는 음식은 무엇인가요?
Hungry HIU went to an all-you-can-eat shabu-shabu buffet~!
What’s your favorite food, everyone?

채널에 가입하여 혜택을 누려보세요.
Join the channel and enjoy the benefits.
https://www.youtube.com/channel/UCw-QmownJwilhTje10TYlIg/join

하이유와 함께 먹고 놀고 즐겨요♥
Let's eat, play and enjoy together with HIU♥

#mukbang #먹방","{""kind"": ""youtube#video"", ""etag"": ""KrJx3i-NSvAw7oNaQIwDNK2tL54"", ""id"": ""dLsDfXlQEfU"", ""snippet"": {""publishedAt"": ""2026-05-16T07:00:28Z"", ""channelId"": ""UCw-QmownJwilhTje10TYlIg"", ""title"": ""MUKBANG 하이유의 샤브올데이 무한리필 뷔페 먹방! Shabu Buffet Spicy Noodles Fried Chicken Eating Sound | HIU 하이유"", ""description"": ""배고픈 하이유가 샤브샤브 무한리필 뷔페에 갔어요~\n여러분들이 가장 좋아하는 음식은 무엇인가요?\nHungry HIU went to an all-you-can-eat shabu-shabu buffet~!\nWhat’s your favorite food, everyone?\n\n채널에 가입하여 혜택을 누려보세요.\nJoin the channel and enjoy the benefits.\nhttps://www.youtube.com/channel/UCw-QmownJwilhTje10TYlIg/join\n\n하이유와 함께 먹고 놀고 즐겨요♥\nLet's eat, play and enjoy together with HIU♥\n\n#mukbang #먹방"", ""thumbnails"": {""default"": {""url"": ""https://i.ytimg.com/vi/dLsDfXlQEfU/default.jpg"", ""width"": 120, ""height"": 90}, ""medium"": {""url"": ""https://i.ytimg.com/vi/dLsDfXlQEfU/mqdefault.jpg"", ""width"": 320, ""height"": 180}, ""high"": {""url"": ""https://i.ytimg.com/vi/dLsDfXlQEfU/hqdefault.jpg"", ""width"": 480, ""height"": 360}, ""standard"": {""url"": ""https://i.ytimg.com/vi/dLsDfXlQEfU/sddefault.jpg"", ""width"": 640, ""height"": 480}, ""maxres"": {""url"": ""https://i.ytimg.com/vi/dLsDfXlQEfU/maxresdefault.jpg"", ""width"": 1280, ""height"": 720}}, ""channelTitle"": ""HIU 하이유"", ""tags"": [""하이유"", ""HIU"", ""real sound"", ""리얼사운드"", ""social eating"", ""mukbang"", ""eating show"", ""먹방"", ""맛집"", ""떡볶이"", ""떡볶이 먹방"", ""샤브올데이"", ""샤브샤브"", ""샤브샤브떡볶이"", ""샤브올데이떡볶이"", ""샤브올데이꿀조합"", ""샤브올데이데이트"", ""샤브샤브꿀조합"", ""떡볶이꿀조합"", ""샤브올데이뽕뽑는법"", ""샤브올데이뷔페"", ""뷔페떡볶이"", ""뷔페꿀조합""], ""categoryId"": ""22"", ""liveBroadcastContent"": ""none"", ""defaultLanguage"": ""ko"", ""localized"": {""title"": ""MUKBANG 하이유의 샤브올데이 무한리필 뷔페 먹방! Shabu Buffet Spicy Noodles Fried Chicken Eating Sound | HIU 하이유"", ""description"": ""배고픈 하이유가 샤브샤브 무한리필 뷔페에 갔어요~\n여러분들이 가장 좋아하는 음식은 무엇인가요?\nHungry HIU went to an all-you-can-eat shabu-shabu buffet~!\nWhat’s your favorite food, everyone?\n\n채널에 가입하여 혜택을 누려보세요.\nJoin the channel and enjoy the benefits.\nhttps://www.youtube.com/channel/UCw-QmownJwilhTje10TYlIg/join\n\n하이유와 함께 먹고 놀고 즐겨요♥\nLet's eat, play and enjoy together with HIU♥\n\n#mukbang #먹방""}, ""defaultAudioLanguage"": ""ko""}, ""statistics"": {""viewCount"": ""42415"", ""likeCount"": ""444"", ""favoriteCount"": ""0"", ""commentCount"": ""29""}}",,,,
샤브올데이,single_term_fallback,샤브올데이,qRKuQtYq4XI,할머니랑 샤브샤브 먹은날,2026-03-25T09:01:36Z,54428.0,1425.0,88.0,https://www.youtube.com/watch?v=qRKuQtYq4XI,youtube,샤브올데이,canonical,1.0,2026-05-26T11:17:04.805326+00:00,54428,1425,88,1513,할머니랑나,"할머니께서 평소에 샤브샤브를 좋아하셔서
봄 맞이 샤브올데이에서 밥 먹고 왔어요 🌸

샤브샤브 말고도 다양한 메뉴들이 있어서
골라 먹기도 좋았고 무엇보다 소스가 다양해서 
취향껏 만들어 먹는 재미도 있더라구요!!

아이스크림에 떡까지 할무니 취향에 맞는
디저트까지 든든하게 먹고 왔답니다! 🍨

할무니가 안왔으면 후회할 뻔 하셨다고
좋아하셔서 저도 너무 뿌듯했어요 🫢😆

여러분들도 할머니, 할아버지 모시고 가족분들과
샤브올데이에서 맛난 외식 해보시는건 어떨까요!? 

#가족 #샤브샤브 #샤브올데이","{""kind"": ""youtube#video"", ""etag"": ""6eumkknmFsYO9b1zHK9Ryc0u1X0"", ""id"": ""qRKuQtYq4XI"", ""snippet"": {""publishedAt"": ""2026-03-25T09:01:36Z"", ""channelId"": ""UCqB44kM_Bk1KrN6ic4VoC1w"", ""title"": ""할머니랑 샤브샤브 먹은날"", ""description"": ""할머니께서 평소에 샤브샤브를 좋아하셔서\n봄 맞이 샤브올데이에서 밥 먹고 왔어요 🌸\n\n샤브샤브 말고도 다양한 메뉴들이 있어서\n골라 먹기도 좋았고 무엇보다 소스가 다양해서 \n취향껏 만들어 먹는 재미도 있더라구요!!\n\n아이스크림에 떡까지 할무니 취향에 맞는\n디저트까지 든든하게 먹고 왔답니다! 🍨\n\n할무니가 안왔으면 후회할 뻔 하셨다고\n좋아하셔서 저도 너무 뿌듯했어요 🫢😆\n\n여러분들도 할머니, 할아버지 모시고 가족분들과\n샤브올데이에서 맛난 외식 해보시는건 어떨까요!? \n\n#가족 #샤브샤브 #샤브올데이"", ""thumbnails"": {""default"": {""url"": ""https://i.ytimg.com/vi/qRKuQtYq4XI/default.jpg"", ""width"": 120, ""height"": 90}, ""medium"": {""url"": ""https://i.ytimg.com/vi/qRKuQtYq4XI/mqdefault.jpg"", ""width"": 320, ""height"": 180}, ""high"": {""url"": ""https://i.ytimg.com/vi/qRKuQtYq4XI/hqdefault.jpg"", ""width"": 480, ""height"": 360}, ""standard"": {""url"": ""https://i.ytimg.com/vi/qRKuQtYq4XI/sddefault.jpg"", ""width"": 640, ""height"": 480}, ""maxres"": {""url"": ""https://i.ytimg.com/vi/qRKuQtYq4XI/maxresdefault.jpg"", ""width"": 1280, ""height"": 720}}, ""channelTitle"": ""할머니랑나"", ""tags"": [""샤브샤브"", ""일상"", ""리뷰""], ""categoryId"": ""22"", ""liveBroadcastContent"": ""none"", ""defaultLanguage"": ""ko"", ""localized"": {""title"": ""할머니랑 샤브샤브 먹은날"", ""description"": ""할머니께서 평소에 샤브샤브를 좋아하셔서\n봄 맞이 샤브올데이에서 밥 먹고 왔어요 🌸\n\n샤브샤브 말고도 다양한 메뉴들이 있어서\n골라 먹기도 좋았고 무엇보다 소스가 다양해서 \n취향껏 만들어 먹는 재미도 있더라구요!!\n\n아이스크림에 떡까지 할무니 취향에 맞는\n디저트까지 든든하게 먹고 왔답니다! 🍨\n\n할무니가 안왔으면 후회할 뻔 하셨다고\n좋아하셔서 저도 너무 뿌듯했어요 🫢😆\n\n여러분들도 할머니, 할아버지 모시고 가족분들과\n샤브올데이에서 맛난 외식 해보시는건 어떨까요!? \n\n#가족 #샤브샤브 #샤브올데이""}, ""defaultAudioLanguage"": ""ko""}, ""statistics"": {""viewCount"": ""54428"", ""likeCount"": ""1425"", ""favoriteCount"": ""0"", ""commentCount"": ""88""}}",,,,
샤브올데이,single_term_fallback,샤브올데이,eoK__cDujEU,👊샤브샤브 올데이 관중앞에 펼쳐진 신한 효주! Yanghyoju,2026-03-14T05:28:12Z,69177.0,2441.0,31.0,https://www.youtube.com/watch?v=eoK__cDujEU,youtube,샤브올데이,canonical,1.0,2026-05-26T11:17:04.805326+00:00,69177,2441,31,2472,Cannon Shooter,#양효주 #신한은행 #샤브올데이,"{""kind"": ""youtube#video"", ""etag"": ""c6CUjmdvCF8lEGWBGAL6QqpZzLw"", ""id"": ""eoK__cDujEU"", ""snippet"": {""publishedAt"": ""2026-03-14T05:28:12Z"", ""channelId"": ""UCzeCjRo2sPt8cqW7UZsSbKw"", ""title"": ""👊샤브샤브 올데이 관중앞에 펼쳐진 신한 효주! Yanghyoju"", ""description"": ""#양효주 #신한은행 #샤브올데이"", ""thumbnails"": {""default"": {""url"": ""https://i.ytimg.com/vi/eoK__cDujEU/default.jpg"", ""width"": 120, ""height"": 90}, ""medium"": {""url"": ""https://i.ytimg.com/vi/eoK__cDujEU/mqdefault.jpg"", ""width"": 320, ""height"": 180}, ""high"": {""url"": ""https://i.ytimg.com/vi/eoK__cDujEU/hqdefault.jpg"", ""width"": 480, ""height"": 360}, ""standard"": {""url"": ""https://i.ytimg.com/vi/eoK__cDujEU/sddefault.jpg"", ""width"": 640, ""height"": 480}, ""maxres"": {""url"": ""https://i.ytimg.com/vi/eoK__cDujEU/maxresdefault.jpg"", ""width"": 1280, ""height"": 720}}, ""channelTitle"": ""Cannon Shooter"", ""categoryId"": ""22"", ""liveBroadcastContent"": ""none"", ""defaultLanguage"": ""ko"", ""localized"": {""title"": ""👊샤브샤브 올데이 관중앞에 펼쳐진 신한 효주! Yanghyoju"", ""description"": ""#양효주 #신한은행 #샤브올데이""}, ""defaultAudioLanguage"": ""ko""}, ""statistics"": {""viewCount"": ""69177"", ""likeCount"": ""2441"", ""favoriteCount"": ""0"", ""commentCount"": ""31""}}",,,,
샤브올데이,single_term_fallback,샤브올데이,o46kh-jpD70,샤브올데이 신메뉴 치즈분수 바닥까지 긁는 최신상 레시피,2026-04-03T09:07:14Z,55455.0,560.0,4.0,https://www.youtube.com/watch?v=o46kh-jpD70,youtube,샤브올데이,canonical,1.0,2026-05-26T11:17:04.805326+00:00,55455,560,4,564,미리먹,"#광고 주변에 치즈라면 환장하는 친구 있다면 공유!!

여러분 샤브올데이에서 봄을 맞아 
치즈퐁듀, 인절미크런치, 크런치콘너겟, 눈꽃크런치볶음밥이 신메뉴로 나왔는데요!!

일단 인절미크런치 이거 대박이예요!!
바삭하고 안에는 쪼온득한게 이 자체로도 맛있지만
치즈퐁듀에 찍먹하면 아주 기맥혀여,,

치즈 퐁듀도 치즈맛도 적절하고 
크리미한게 다른 음식에 곁들여주기 딱 좋은데
저처럼 김치필라프에 부어 섞어먹음 댕맛!!
떡볶이에 넣어도 딱 맛있을 것 같아요.

저처럼 불닭소스 만들어서
(야매불닭소스: 시그니처소스1+칠리소스1+고추기름1+고추장0.5)
육수에 익힌 팽이버섯에 소스 발라
라이스페이퍼에 싸 불닭팽이쌈 싸서 치즈에 찍어먹어도

모닝빵에 고기와 채소 넣고 칠리소스 넣고
버거 만들어서 치즈 푹찍해도 부드럽고 맛있어요. 

디저트론 애플망고빙수 만들어 치즈 뿌려먹어도
딱 맛있던데요!!

품질좋은 소고기 3종을 무제한으로 샤브샤브로 먹을 수 있을 뿐 아니라
60여가지의 샐러드바가 있어 그 자체로 이미 갓성비이지만
영상처럼 레시피들 따라해보시며
더 맛있게 샤브올데이 즐겨보세요!!

지점마다 구성메뉴 차이가 있을 수 있어요!!


샤브올데이 서울오금점
서울 송파구 동남로 335 2층
매일 11:00-21:30 (b.t 15:00-17:00)
주말 브레이크 타임 없음

#샤브올데이 #샤브샤브 #샤브올데이서울오금점 #샤브올데이신메뉴 #치즈퐁듀","{""kind"": ""youtube#video"", ""etag"": ""CsIP1S7yIZO4wkl4VH1C9Wdh8Ic"", ""id"": ""o46kh-jpD70"", ""snippet"": {""publishedAt"": ""2026-04-03T09:07:14Z"", ""channelId"": ""UC10lIbjnQUSmHekSTLTfhxQ"", ""title"": ""샤브올데이 신메뉴 치즈분수 바닥까지 긁는 최신상 레시피"", ""description"": ""#광고 주변에 치즈라면 환장하는 친구 있다면 공유!!\n\n여러분 샤브올데이에서 봄을 맞아 \n치즈퐁듀, 인절미크런치, 크런치콘너겟, 눈꽃크런치볶음밥이 신메뉴로 나왔는데요!!\n\n일단 인절미크런치 이거 대박이예요!!\n바삭하고 안에는 쪼온득한게 이 자체로도 맛있지만\n치즈퐁듀에 찍먹하면 아주 기맥혀여,,\n\n치즈 퐁듀도 치즈맛도 적절하고 \n크리미한게 다른 음식에 곁들여주기 딱 좋은데\n저처럼 김치필라프에 부어 섞어먹음 댕맛!!\n떡볶이에 넣어도 딱 맛있을 것 같아요.\n\n저처럼 불닭소스 만들어서\n(야매불닭소스: 시그니처소스1+칠리소스1+고추기름1+고추장0.5)\n육수에 익힌 팽이버섯에 소스 발라\n라이스페이퍼에 싸 불닭팽이쌈 싸서 치즈에 찍어먹어도\n\n모닝빵에 고기와 채소 넣고 칠리소스 넣고\n버거 만들어서 치즈 푹찍해도 부드럽고 맛있어요. \n\n디저트론 애플망고빙수 만들어 치즈 뿌려먹어도\n딱 맛있던데요!!\n\n품질좋은 소고기 3종을 무제한으로 샤브샤브로 먹을 수 있을 뿐 아니라\n60여가지의 샐러드바가 있어 그 자체로 이미 갓성비이지만\n영상처럼 레시피들 따라해보시며\n더 맛있게 샤브올데이 즐겨보세요!!\n\n지점마다 구성메뉴 차이가 있을 수 있어요!!\n\n\n샤브올데이 서울오금점\n서울 송파구 동남로 335 2층\n매일 11:00-21:30 (b.t 15:00-17:00)\n주말 브레이크 타임 없음\n\n#샤브올데이 #샤브샤브 #샤브올데이서울오금점 #샤브올데이신메뉴 #치즈퐁듀"", ""thumbnails"": {""default"": {""url"": ""https://i.ytimg.com/vi/o46kh-jpD70/default.jpg"", ""width"": 120, ""height"": 90}, ""medium"": {""url"": ""https://i.ytimg.com/vi/o46kh-jpD70/mqdefault.jpg"", ""width"": 320, ""height"": 180}, ""high"": {""url"": ""https://i.ytimg.com/vi/o46kh-jpD70/hqdefault.jpg"", ""width"": 480, ""height"": 360}, ""standard"": {""url"": ""https://i.ytimg.com/vi/o46kh-jpD70/sddefault.jpg"", ""width"": 640, ""height"": 480}}, ""channelTitle"": ""미리먹"", ""categoryId"": ""19"", ""liveBroadcastContent"": ""none"", ""defaultLanguage"": ""ko"", ""localized"": {""title"": ""샤브올데이 신메뉴 치즈분수 바닥까지 긁는 최신상 레시피"", ""description"": ""#광고 주변에 치즈라면 환장하는 친구 있다면 공유!!\n\n여러분 샤브올데이에서 봄을 맞아 \n치즈퐁듀, 인절미크런치, 크런치콘너겟, 눈꽃크런치볶음밥이 신메뉴로 나왔는데요!!\n\n일단 인절미크런치 이거 대박이예요!!\n바삭하고 안에는 쪼온득한게 이 자체로도 맛있지만\n치즈퐁듀에 찍먹하면 아주 기맥혀여,,\n\n치즈 퐁듀도 치즈맛도 적절하고 \n크리미한게 다른 음식에 곁들여주기 딱 좋은데\n저처럼 김치필라프에 부어 섞어먹음 댕맛!!\n떡볶이에 넣어도 딱 맛있을 것 같아요.\n\n저처럼 불닭소스 만들어서\n(야매불닭소스: 시그니처소스1+칠리소스1+고추기름1+고추장0.5)\n육수에 익힌 팽이버섯에 소스 발라\n라이스페이퍼에 싸 불닭팽이쌈 싸서 치즈에 찍어먹어도\n\n모닝빵에 고기와 채소 넣고 칠리소스 넣고\n버거 만들어서 치즈 푹찍해도 부드럽고 맛있어요. \n\n디저트론 애플망고빙수 만들어 치즈 뿌려먹어도\n딱 맛있던데요!!\n\n품질좋은 소고기 3종을 무제한으로 샤브샤브로 먹을 수 있을 뿐 아니라\n60여가지의 샐러드바가 있어 그 자체로 이미 갓성비이지만\n영상처럼 레시피들 따라해보시며\n더 맛있게 샤브올데이 즐겨보세요!!\n\n지점마다 구성메뉴 차이가 있을 수 있어요!!\n\n\n샤브올데이 서울오금점\n서울 송파구 동남로 335 2층\n매일 11:00-21:30 (b.t 15:00-17:00)\n주말 브레이크 타임 없음\n\n#샤브올데이 #샤브샤브 #샤브올데이서울오금점 #샤브올데이신메뉴 #치즈퐁듀""}}, ""statistics"": {""viewCount"": ""55455"", ""likeCount"": ""560"", ""favoriteCount"": ""0"", ""commentCount"": ""4""}}",,,,
샤브올데이,single_term_fallback,샤브올데이,sh1u6bVHM2U,샤브올데이 광고 믿을만한가?,2026-03-12T10:51:58Z,50058.0,386.0,6.0,https://www.youtube.com/watch?v=sh1u6bVHM2U,youtube,샤브올데이,canonical,1.0,2026-05-26T11:17:04.805326+00:00,50058,386,6,392,sini시니,,"{""kind"": ""youtube#video"", ""etag"": ""DO6wxpCjF8rtgCYvkaiPAwyiGCc"", ""id"": ""sh1u6bVHM2U"", ""snippet"": {""publishedAt"": ""2026-03-12T10:51:58Z"", ""channelId"": ""UCTXuCSZxMDaneK7t6DVs21g"", ""title"": ""샤브올데이 광고 믿을만한가?"", ""description"": """", ""thumbnails"": {""default"": {""url"": ""https://i.ytimg.com/vi/sh1u6bVHM2U/default.jpg"", ""width"": 120, ""height"": 90}, ""medium"": {""url"": ""https://i.ytimg.com/vi/sh1u6bVHM2U/mqdefault.jpg"", ""width"": 320, ""height"": 180}, ""high"": {""url"": ""https://i.ytimg.com/vi/sh1u6bVHM2U/hqdefault.jpg"", ""width"": 480, ""height"": 360}, ""standard"": {""url"": ""https://i.ytimg.com/vi/sh1u6bVHM2U/sddefault.jpg"", ""width"": 640, ""height"": 480}, ""maxres"": {""url"": ""https://i.ytimg.com/vi/sh1u6bVHM2U/maxresdefault.jpg"", ""width"": 1280, ""height"": 720}}, ""channelTitle"": ""sini시니"", ""categoryId"": ""22"", ""liveBroadcastContent"": ""none"", ""defaultLanguage"": ""ko"", ""localized"": {""title"": ""샤브올데이 광고 믿을만한가?"", ""description"": """"}, ""defaultAudioLanguage"": ""ko""}, ""statistics"": {""viewCount"": ""50058"", ""likeCount"": ""386"", ""favoriteCount"": ""0"", ""commentCount"": ""6""}}",,,,
샤브올데이,single_term_fallback,샤브올데이,Tt2UcEqokm8,김유림 치어리더 샤브올데이 댄스,2026-05-12T01:50:11Z,45143.0,704.0,17.0,https://www.youtube.com/watch?v=Tt2UcEqokm8,youtube,샤브올데이,canonical,1.0,2026-05-26T11:17:04.805326+00:00,45143,704,17,721,sporty mango,"오랜만에 올리는 김유림 치어리더의 샤브올데이 댄스. 샤브샤브도 먹고 싶고 김유림도 보고 싶고~~~

📅 2025.12.29
📍 인천 도원실내체육관

#김유림 #김유림치어리더 #Kimyurim #金洳林 #율냥이 #신한은행에스버드 #응원동작 #샤브올데이

📌 안내사항
* 출연자에 대한 악의적인 댓글은 사전 통보 없이 삭제될 수 있습니다.
* 영상의 편집 및 재업로드는 금지되어 있습니다.

👉 채널 가입
https://www.youtube.com/channel/UCCthbw--LLjLJmE0RhujLXQ/join

👉 멤버 전용 영상
https://www.youtube.com/playlist?list=UUMOCthbw--LLjLJmE0RhujLXQ","{""kind"": ""youtube#video"", ""etag"": ""92xadQ_XJy6-lKtsYVr2J1FB49o"", ""id"": ""Tt2UcEqokm8"", ""snippet"": {""publishedAt"": ""2026-05-12T01:50:11Z"", ""channelId"": ""UCCthbw--LLjLJmE0RhujLXQ"", ""title"": ""김유림 치어리더 샤브올데이 댄스"", ""description"": ""오랜만에 올리는 김유림 치어리더의 샤브올데이 댄스. 샤브샤브도 먹고 싶고 김유림도 보고 싶고~~~\n\n📅 2025.12.29\n📍 인천 도원실내체육관\n\n#김유림 #김유림치어리더 #Kimyurim #金洳林 #율냥이 #신한은행에스버드 #응원동작 #샤브올데이\n\n📌 안내사항\n* 출연자에 대한 악의적인 댓글은 사전 통보 없이 삭제될 수 있습니다.\n* 영상의 편집 및 재업로드는 금지되어 있습니다.\n\n👉 채널 가입\nhttps://www.youtube.com/channel/UCCthbw--LLjLJmE0RhujLXQ/join\n\n👉 멤버 전용 영상\nhttps://www.youtube.com/playlist?list=UUMOCthbw--LLjLJmE0RhujLXQ"", ""thumbnails"": {""default"": {""url"": ""https://i.ytimg.com/vi/Tt2UcEqokm8/default.jpg"", ""width"": 120, ""height"": 90}, ""medium"": {""url"": ""https://i.ytimg.com/vi/Tt2UcEqokm8/mqdefault.jpg"", ""width"": 320, ""height"": 180}, ""high"": {""url"": ""https://i.ytimg.com/vi/Tt2UcEqokm8/hqdefault.jpg"", ""width"": 480, ""height"": 360}, ""standard"": {""url"": ""https://i.ytimg.com/vi/Tt2UcEqokm8/sddefault.jpg"", ""width"": 640, ""height"": 480}, ""maxres"": {""url"": ""https://i.ytimg.com/vi/Tt2UcEqokm8/maxresdefault.jpg"", ""width"": 1280, ""height"": 720}}, ""channelTitle"": ""sporty mango"", ""tags"": [""cheerleader"", ""チアリーダー"", ""치어리더"", ""스포츠"", ""직캠"", ""fancam"", ""#啦啦隊"", ""#Animadora"", ""#PomPomGirl"", ""김유림"", ""kim yurim"", ""김유림 치어리더"", ""여자농구"", ""신한은행 에스버드"", ""金洳林"", ""샤브올데이""], ""categoryId"": ""17"", ""liveBroadcastContent"": ""none"", ""defaultLanguage"": ""ko"", ""localized"": {""title"": ""김유림 치어리더 샤브올데이 댄스"", ""description"": ""오랜만에 올리는 김유림 치어리더의 샤브올데이 댄스. 샤브샤브도 먹고 싶고 김유림도 보고 싶고~~~\n\n📅 2025.12.29\n📍 인천 도원실내체육관\n\n#김유림 #김유림치어리더 #Kimyurim #金洳林 #율냥이 #신한은행에스버드 #응원동작 #샤브올데이\n\n📌 안내사항\n* 출연자에 대한 악의적인 댓글은 사전 통보 없이 삭제될 수 있습니다.\n* 영상의 편집 및 재업로드는 금지되어 있습니다.\n\n👉 채널 가입\nhttps://www.youtube.com/channel/UCCthbw--LLjLJmE0RhujLXQ/join\n\n👉 멤버 전용 영상\nhttps://www.youtube.com/playlist?list=UUMOCthbw--LLjLJmE0RhujLXQ""}, ""defaultAudioLanguage"": ""ko""}, ""statistics"": {""viewCount"": ""45143"", ""likeCount"": ""704"", ""favoriteCount"": ""0"", ""commentCount"": ""17""}}",,,,
샤브올데이,single_term_fallback,샤브올데이,ETB-QZx0jys,샤브올데이 제대로 뽕 뽑으려면?,2026-04-27T04:46:06Z,49843.0,512.0,18.0,https://www.youtube.com/watch?v=ETB-QZx0jys,youtube,샤브올데이,canonical,1.0,2026-05-26T11:17:04.805326+00:00,49843,512,18,530,밥슨[Spicyking],"샤브올데이 제대로 뽕 뽑으러면?

샤브올데이 대구서구점
대구 서구 서대구로 199 2층

#샤브올데이 #샤브샤브 #샤브샤브뷔페 #뷔페먹방","{""kind"": ""youtube#video"", ""etag"": ""z3A0sjGHZr1dBF4fwLanJSb90Eg"", ""id"": ""ETB-QZx0jys"", ""snippet"": {""publishedAt"": ""2026-04-27T04:46:06Z"", ""channelId"": ""UCwX4ljNa8NWObWpK-RUA4HA"", ""title"": ""샤브올데이 제대로 뽕 뽑으려면?"", ""description"": ""샤브올데이 제대로 뽕 뽑으러면?\n\n샤브올데이 대구서구점\n대구 서구 서대구로 199 2층\n\n#샤브올데이 #샤브샤브 #샤브샤브뷔페 #뷔페먹방"", ""thumbnails"": {""default"": {""url"": ""https://i.ytimg.com/vi/ETB-QZx0jys/default.jpg"", ""width"": 120, ""height"": 90}, ""medium"": {""url"": ""https://i.ytimg.com/vi/ETB-QZx0jys/mqdefault.jpg"", ""width"": 320, ""height"": 180}, ""high"": {""url"": ""https://i.ytimg.com/vi/ETB-QZx0jys/hqdefault.jpg"", ""width"": 480, ""height"": 360}, ""standard"": {""url"": ""https://i.ytimg.com/vi/ETB-QZx0jys/sddefault.jpg"", ""width"": 640, ""height"": 480}, ""maxres"": {""url"": ""https://i.ytimg.com/vi/ETB-QZx0jys/maxresdefault.jpg"", ""width"": 1280, ""height"": 720}}, ""channelTitle"": ""밥슨[Spicyking]"", ""categoryId"": ""22"", ""liveBroadcastContent"": ""none"", ""defaultLanguage"": ""ko"", ""localized"": {""title"": ""샤브올데이 제대로 뽕 뽑으려면?"", ""description"": ""샤브올데이 제대로 뽕 뽑으러면?\n\n샤브올데이 대구서구점\n대구 서구 서대구로 199 2층\n\n#샤브올데이 #샤브샤브 #샤브샤브뷔페 #뷔페먹방""}, ""defaultAudioLanguage"": ""ko""}, ""statistics"": {""viewCount"": ""49843"", ""likeCount"": ""512"", ""favoriteCount"": ""0"", ""commentCount"": ""18""}}",,,,
샤브올데이,single_term_fallback,샤브올데이,kMabVGbk-Qs,졸리비가 집어 삼킨 샤브올데이 #샤브올데이 #컴포즈커피 #졸리비,2026-04-22T03:15:08Z,32802.0,438.0,29.0,https://www.youtube.com/watch?v=kMabVGbk-Qs,youtube,샤브올데이,canonical,1.0,2026-05-26T11:17:04.805326+00:00,32802,438,29,467,이슈택배,,"{""kind"": ""youtube#video"", ""etag"": ""YgaI8rdC08oEehZcj97QgBjYNhQ"", ""id"": ""kMabVGbk-Qs"", ""snippet"": {""publishedAt"": ""2026-04-22T03:15:08Z"", ""channelId"": ""UCH7WFRcgvgxZ3c9AcKgLp0A"", ""title"": ""졸리비가 집어 삼킨 샤브올데이 #샤브올데이 #컴포즈커피 #졸리비"", ""description"": """", ""thumbnails"": {""default"": {""url"": ""https://i.ytimg.com/vi/kMabVGbk-Qs/default.jpg"", ""width"": 120, ""height"": 90}, ""medium"": {""url"": ""https://i.ytimg.com/vi/kMabVGbk-Qs/mqdefault.jpg"", ""width"": 320, ""height"": 180}, ""high"": {""url"": ""https://i.ytimg.com/vi/kMabVGbk-Qs/hqdefault.jpg"", ""width"": 480, ""height"": 360}, ""standard"": {""url"": ""https://i.ytimg.com/vi/kMabVGbk-Qs/sddefault.jpg"", ""width"": 640, ""height"": 480}, ""maxres"": {""url"": ""https://i.ytimg.com/vi/kMabVGbk-Qs/maxresdefault.jpg"", ""width"": 1280, ""height"": 720}}, ""channelTitle"": ""이슈택배"", ""categoryId"": ""22"", ""liveBroadcastContent"": ""none"", ""defaultLanguage"": ""ko"", ""localized"": {""title"": ""졸리비가 집어 삼킨 샤브올데이 #샤브올데이 #컴포즈커피 #졸리비"", ""description"": """"}, ""defaultAudioLanguage"": ""ko""}, ""statistics"": {""viewCount"": ""32802"", ""likeCount"": ""438"", ""favoriteCount"": ""0"", ""commentCount"": ""29""}}",,,,
샤브올데이,single_term_fallback,샤브올데이,FeAs9rtrpzA,샤브올데이 이번에 치즈파티 대박인데요?,2026-04-07T06:47:00Z,31815.0,130.0,5.0,https://www.youtube.com/watch?v=FeAs9rtrpzA,youtube,샤브올데이,canonical,1.0,2026-05-26T11:17:04.805326+00:00,31815,130,5,135,과식이,"역대급 샤브올데이 치즈파티 진행중

이제 초코퐁듀에서 치즈퐁듀로 진화해서
조합 메뉴가 더 많아졌는데 알고 계셨나요?

크런치 인절미, 크런치 콘너겟같은 튀김메뉴를
찍어먹으면 단짠고소한게 사이드로 최곤데

눈꽃 크런치 볶음밥에도 추가해서 먹고
샤브샤브 올려서 햄버거 만들어서 또 먹고

떡볶이, 망고, 토마토 등 다양한 조합이
많아서 질리지 않고 먹게되더라고요

저는 이번에 경희대, 외대 사이에 있는 이문점이 신규 오픈했다고해서 다녀왔는데
이번 샤올은 놓치면 무조건 후회할듯?

샤브올데이 서울이문점
서울 동대문구 이문로 120 지하1층

#샤브올데이 #샤브샤브 #이문맛집 #샤브올데이신메뉴 #치즈퐁듀","{""kind"": ""youtube#video"", ""etag"": ""3svol_9iX_y_sInSOKD21hBR4qU"", ""id"": ""FeAs9rtrpzA"", ""snippet"": {""publishedAt"": ""2026-04-07T06:47:00Z"", ""channelId"": ""UCZVMKghypm-AFNsOfX1b0NQ"", ""title"": ""샤브올데이 이번에 치즈파티 대박인데요?"", ""description"": ""역대급 샤브올데이 치즈파티 진행중\n\n이제 초코퐁듀에서 치즈퐁듀로 진화해서\n조합 메뉴가 더 많아졌는데 알고 계셨나요?\n\n크런치 인절미, 크런치 콘너겟같은 튀김메뉴를\n찍어먹으면 단짠고소한게 사이드로 최곤데\n\n눈꽃 크런치 볶음밥에도 추가해서 먹고\n샤브샤브 올려서 햄버거 만들어서 또 먹고\n\n떡볶이, 망고, 토마토 등 다양한 조합이\n많아서 질리지 않고 먹게되더라고요\n\n저는 이번에 경희대, 외대 사이에 있는 이문점이 신규 오픈했다고해서 다녀왔는데\n이번 샤올은 놓치면 무조건 후회할듯?\n\n샤브올데이 서울이문점\n서울 동대문구 이문로 120 지하1층\n\n#샤브올데이 #샤브샤브 #이문맛집 #샤브올데이신메뉴 #치즈퐁듀"", ""thumbnails"": {""default"": {""url"": ""https://i.ytimg.com/vi/FeAs9rtrpzA/default.jpg"", ""width"": 120, ""height"": 90}, ""medium"": {""url"": ""https://i.ytimg.com/vi/FeAs9rtrpzA/mqdefault.jpg"", ""width"": 320, ""height"": 180}, ""high"": {""url"": ""https://i.ytimg.com/vi/FeAs9rtrpzA/hqdefault.jpg"", ""width"": 480, ""height"": 360}, ""standard"": {""url"": ""https://i.ytimg.com/vi/FeAs9rtrpzA/sddefault.jpg"", ""width"": 640, ""height"": 480}, ""maxres"": {""url"": ""https://i.ytimg.com/vi/FeAs9rtrpzA/maxresdefault.jpg"", ""width"": 1280, ""height"": 720}}, ""channelTitle"": ""과식이"", ""categoryId"": ""19"", ""liveBroadcastContent"": ""none"", ""defaultLanguage"": ""ko"", ""localized"": {""title"": ""샤브올데이 이번에 치즈파티 대박인데요?"", ""description"": ""역대급 샤브올데이 치즈파티 진행중\n\n이제 초코퐁듀에서 치즈퐁듀로 진화해서\n조합 메뉴가 더 많아졌는데 알고 계셨나요?\n\n크런치 인절미, 크런치 콘너겟같은 튀김메뉴를\n찍어먹으면 단짠고소한게 사이드로 최곤데\n\n눈꽃 크런치 볶음밥에도 추가해서 먹고\n샤브샤브 올려서 햄버거 만들어서 또 먹고\n\n떡볶이, 망고, 토마토 등 다양한 조합이\n많아서 질리지 않고 먹게되더라고요\n\n저는 이번에 경희대, 외대 사이에 있는 이문점이 신규 오픈했다고해서 다녀왔는데\n이번 샤올은 놓치면 무조건 후회할듯?\n\n샤브올데이 서울이문점\n서울 동대문구 이문로 120 지하1층\n\n#샤브올데이 #샤브샤브 #이문맛집 #샤브올데이신메뉴 #치즈퐁듀""}, ""defaultAudioLanguage"": ""zxx""}, ""statistics"": {""viewCount"": ""31815"", ""likeCount"": ""130"", ""favoriteCount"": ""0"", ""commentCount"": ""5""}}",,,,
샤브올데이,single_term_fallback,샤브올데이,zMm75JceGC0,뷔페에서 이러면 민폐인가요?? #shorts #맛집,2026-03-21T01:51:44Z,21208.0,88.0,8.0,https://www.youtube.com/watch?v=zMm75JceGC0,youtube,샤브올데이,canonical,1.0,2026-05-26T11:17:04.805326+00:00,21208,88,8,96,푸키키 fookikie,"뷔페에서 이러는 친구 이해 가능?
하다하다 이제 치즈파티까지 열어버린
샤브올데이 최신 근황입니다.

3/20부터 신메뉴로 치즈퐁듀, 인절미크런치,
크런치콘너겟, 눈꽃크런치볶음밥이 추가됐는데

특히 인절미크런치 이거 진짜 요물입니다ㅋㅋ
버터떡보다 바삭쫀득한 식감에, 치즈퐁듀 찍먹하면
단짠단짠한게,, 뷔페인데도 한놈만 패고 싶은 맛 ㅠ

치즈 퐁듀가 엄청 느끼할 줄 알았는데
적당히 짭짤하고 크리미해서 다른 음식에 곁들여주면
감칠맛이 확 살아나요!! 김치볶음밥이랑 떡볶이에
넣어주면 딱 SNS에서 난리났던 그 레시피 맛임!!!!!!!

그리고 괴식인 것 같지만,,
애플망고빙수에 치즈퐁듀 뿌려먹으면
설빙 망고치즈빙수랑 싱크로율 오짐ㅋ
영상에 나온 조합들은 꼭 먹어보세요!!

——————————————————
📍 샤브올데이 (전국, 가까운 매장 방문)
• 방문지점 : 서울오금점
• 평일 점심 ₩25,800
• 평일 디너, 주말/공휴일 ₩30,800
——————————————————
• 소고기 3종 포함한 샐러드바 전부 무제한
• 지점별 신메뉴 출시일 상이
• 구성 메뉴 및 주류 제공 방식에 차이 있을 수 있음
——————————————————

#샤브올데이 #맛집 #샤브샤브 #먹방 #맛집추천 #샤브올데이후기 #food #맛집 #무한리필 #샤브샤브뷔페 #샤브샤브맛집 #샤즈올데이꿀팁 #샤브올데이신메뉴 #koreanfood","{""kind"": ""youtube#video"", ""etag"": ""sOHZINE-Jn4N2AdITxsstuaEjgQ"", ""id"": ""zMm75JceGC0"", ""snippet"": {""publishedAt"": ""2026-03-21T01:51:44Z"", ""channelId"": ""UCMXW69_laxTnoxfJXTRAt1w"", ""title"": ""뷔페에서 이러면 민폐인가요?? #shorts #맛집"", ""description"": ""뷔페에서 이러는 친구 이해 가능?\n하다하다 이제 치즈파티까지 열어버린\n샤브올데이 최신 근황입니다.\n\n3/20부터 신메뉴로 치즈퐁듀, 인절미크런치,\n크런치콘너겟, 눈꽃크런치볶음밥이 추가됐는데\n\n특히 인절미크런치 이거 진짜 요물입니다ㅋㅋ\n버터떡보다 바삭쫀득한 식감에, 치즈퐁듀 찍먹하면\n단짠단짠한게,, 뷔페인데도 한놈만 패고 싶은 맛 ㅠ\n\n치즈 퐁듀가 엄청 느끼할 줄 알았는데\n적당히 짭짤하고 크리미해서 다른 음식에 곁들여주면\n감칠맛이 확 살아나요!! 김치볶음밥이랑 떡볶이에\n넣어주면 딱 SNS에서 난리났던 그 레시피 맛임!!!!!!!\n\n그리고 괴식인 것 같지만,,\n애플망고빙수에 치즈퐁듀 뿌려먹으면\n설빙 망고치즈빙수랑 싱크로율 오짐ㅋ\n영상에 나온 조합들은 꼭 먹어보세요!!\n\n——————————————————\n📍 샤브올데이 (전국, 가까운 매장 방문)\n• 방문지점 : 서울오금점\n• 평일 점심 ₩25,800\n• 평일 디너, 주말/공휴일 ₩30,800\n——————————————————\n• 소고기 3종 포함한 샐러드바 전부 무제한\n• 지점별 신메뉴 출시일 상이\n• 구성 메뉴 및 주류 제공 방식에 차이 있을 수 있음\n——————————————————\n\n#샤브올데이 #맛집 #샤브샤브 #먹방 #맛집추천 #샤브올데이후기 #food #맛집 #무한리필 #샤브샤브뷔페 #샤브샤브맛집 #샤즈올데이꿀팁 #샤브올데이신메뉴 #koreanfood"", ""thumbnails"": {""default"": {""url"": ""https://i.ytimg.com/vi/zMm75JceGC0/default.jpg"", ""width"": 120, ""height"": 90}, ""medium"": {""url"": ""https://i.ytimg.com/vi/zMm75JceGC0/mqdefault.jpg"", ""width"": 320, ""height"": 180}, ""high"": {""url"": ""https://i.ytimg.com/vi/zMm75JceGC0/hqdefault.jpg"", ""width"": 480, ""height"": 360}, ""standard"": {""url"": ""https://i.ytimg.com/vi/zMm75JceGC0/sddefault.jpg"", ""width"": 640, ""height"": 480}, ""maxres"": {""url"": ""https://i.ytimg.com/vi/zMm75JceGC0/maxresdefault.jpg"", ""width"": 1280, ""height"": 720}}, ""channelTitle"": ""푸키키 fookikie"", ""categoryId"": ""19"", ""liveBroadcastContent"": ""none"", ""defaultLanguage"": ""ko"", ""localized"": {""title"": ""뷔페에서 이러면 민폐인가요?? #shorts #맛집"", ""description"": ""뷔페에서 이러는 친구 이해 가능?\n하다하다 이제 치즈파티까지 열어버린\n샤브올데이 최신 근황입니다.\n\n3/20부터 신메뉴로 치즈퐁듀, 인절미크런치,\n크런치콘너겟, 눈꽃크런치볶음밥이 추가됐는데\n\n특히 인절미크런치 이거 진짜 요물입니다ㅋㅋ\n버터떡보다 바삭쫀득한 식감에, 치즈퐁듀 찍먹하면\n단짠단짠한게,, 뷔페인데도 한놈만 패고 싶은 맛 ㅠ\n\n치즈 퐁듀가 엄청 느끼할 줄 알았는데\n적당히 짭짤하고 크리미해서 다른 음식에 곁들여주면\n감칠맛이 확 살아나요!! 김치볶음밥이랑 떡볶이에\n넣어주면 딱 SNS에서 난리났던 그 레시피 맛임!!!!!!!\n\n그리고 괴식인 것 같지만,,\n애플망고빙수에 치즈퐁듀 뿌려먹으면\n설빙 망고치즈빙수랑 싱크로율 오짐ㅋ\n영상에 나온 조합들은 꼭 먹어보세요!!\n\n——————————————————\n📍 샤브올데이 (전국, 가까운 매장 방문)\n• 방문지점 : 서울오금점\n• 평일 점심 ₩25,800\n• 평일 디너, 주말/공휴일 ₩30,800\n——————————————————\n• 소고기 3종 포함한 샐러드바 전부 무제한\n• 지점별 신메뉴 출시일 상이\n• 구성 메뉴 및 주류 제공 방식에 차이 있을 수 있음\n——————————————————\n\n#샤브올데이 #맛집 #샤브샤브 #먹방 #맛집추천 #샤브올데이후기 #food #맛집 #무한리필 #샤브샤브뷔페 #샤브샤브맛집 #샤즈올데이꿀팁 #샤브올데이신메뉴 #koreanfood""}, ""defaultAudioLanguage"": ""ko""}, ""statistics"": {""viewCount"": ""21208"", ""likeCount"": ""88"", ""favoriteCount"": ""0"", ""commentCount"": ""8""}}",,,,
샤브올데이,single_term_fallback,샤브올데이,7X-XTnC8dtk,필리핀 식품기업 졸리비는 K-푸드 기업을 왜 이렇게 인수할까 [3분 요정],2026-04-24T08:00:07Z,13638.0,164.0,86.0,https://www.youtube.com/watch?v=7X-XTnC8dtk,youtube,샤브올데이,canonical,1.0,2026-05-26T11:17:04.805326+00:00,13638,164,86,250,tv 뉴시스,"ⓒ 무단 전재, 재배포 및 재가공, 이용(AI학습 포함)금지
협업 문의 및 제보  : video@newsis.com

#졸리비 #사모펀드 #샤브올데이 #컴포즈커피 #미국 #미국상장 #상장","{""kind"": ""youtube#video"", ""etag"": ""whuCs7I453BunFKGDbaCC6z1hBM"", ""id"": ""7X-XTnC8dtk"", ""snippet"": {""publishedAt"": ""2026-04-24T08:00:07Z"", ""channelId"": ""UCAKGKvxlNWuWn1wGXZnr01Q"", ""title"": ""필리핀 식품기업 졸리비는 K-푸드 기업을 왜 이렇게 인수할까 [3분 요정]"", ""description"": ""ⓒ 무단 전재, 재배포 및 재가공, 이용(AI학습 포함)금지\n협업 문의 및 제보  : video@newsis.com\n\n#졸리비 #사모펀드 #샤브올데이 #컴포즈커피 #미국 #미국상장 #상장"", ""thumbnails"": {""default"": {""url"": ""https://i.ytimg.com/vi/7X-XTnC8dtk/default.jpg"", ""width"": 120, ""height"": 90}, ""medium"": {""url"": ""https://i.ytimg.com/vi/7X-XTnC8dtk/mqdefault.jpg"", ""width"": 320, ""height"": 180}, ""high"": {""url"": ""https://i.ytimg.com/vi/7X-XTnC8dtk/hqdefault.jpg"", ""width"": 480, ""height"": 360}, ""standard"": {""url"": ""https://i.ytimg.com/vi/7X-XTnC8dtk/sddefault.jpg"", ""width"": 640, ""height"": 480}, ""maxres"": {""url"": ""https://i.ytimg.com/vi/7X-XTnC8dtk/maxresdefault.jpg"", ""width"": 1280, ""height"": 720}}, ""channelTitle"": ""tv 뉴시스"", ""categoryId"": ""17"", ""liveBroadcastContent"": ""none"", ""defaultLanguage"": ""ko"", ""localized"": {""title"": ""필리핀 식품기업 졸리비는 K-푸드 기업을 왜 이렇게 인수할까 [3분 요정]"", ""description"": ""ⓒ 무단 전재, 재배포 및 재가공, 이용(AI학습 포함)금지\n협업 문의 및 제보  : video@newsis.com\n\n#졸리비 #사모펀드 #샤브올데이 #컴포즈커피 #미국 #미국상장 #상장""}, ""defaultAudioLanguage"": ""ko""}, ""statistics"": {""viewCount"": ""13638"", ""likeCount"": ""164"", ""favoriteCount"": ""0"", ""commentCount"": ""86""}}",,,,
샤브올데이,single_term_fallback,샤브올데이,Rys6MaH-O-A,샤브올데이 알바생 킹받을 듯.. ㅋㅋㅋ,2026-04-06T10:58:15Z,21769.0,110.0,18.0,https://www.youtube.com/watch?v=Rys6MaH-O-A,youtube,샤브올데이,canonical,1.0,2026-05-26T11:17:04.805326+00:00,21769,110,18,128,먹대위,"샤브올데이 욕망의 신메뉴가 나온다..!?

꿀팁 제조기가 말아주는 4가지 방법
1. 크림치즈 파스타 : 식빵에 촉촉하게 치즈랑 파스타가 정말 잘 어울리는군..
2. 치즈 햄버거 : 이거 고기도, 떡갈비도 재료 많으니까 굳굳
3. 크림치즈떡볶이 : 이야 이거 맛있네 
 * 자매품으로 크런치 인절미 치즈 찍어먹으면 야미..
4. 치즈망고아이스크림 : 진짜 개애애애애애애애애애앵 맛있습니다.
 * 얼음 빙수 사용하지말고 소프트 아이스크림 사용하세요 

——————————————————
서울•인천•경기 맛집/핫플/노포/데이트코스
팔로우 하시구 쉽게 구경하세요😘
——————————————————
📌 #샤브올데이 오금점
📌 서울 송파구 동남로 335 2층
⏰ 11:00 - 21:30
——————————————————-
#뷔페 #신메뉴 #꿀팁","{""kind"": ""youtube#video"", ""etag"": ""S79dOTTx0VaOYvdqSICxqAjvmPY"", ""id"": ""Rys6MaH-O-A"", ""snippet"": {""publishedAt"": ""2026-04-06T10:58:15Z"", ""channelId"": ""UCSJBJMGQ3rMkdwaZCrSB94g"", ""title"": ""샤브올데이 알바생 킹받을 듯.. ㅋㅋㅋ"", ""description"": ""샤브올데이 욕망의 신메뉴가 나온다..!?\n\n꿀팁 제조기가 말아주는 4가지 방법\n1. 크림치즈 파스타 : 식빵에 촉촉하게 치즈랑 파스타가 정말 잘 어울리는군..\n2. 치즈 햄버거 : 이거 고기도, 떡갈비도 재료 많으니까 굳굳\n3. 크림치즈떡볶이 : 이야 이거 맛있네 \n * 자매품으로 크런치 인절미 치즈 찍어먹으면 야미..\n4. 치즈망고아이스크림 : 진짜 개애애애애애애애애애앵 맛있습니다.\n * 얼음 빙수 사용하지말고 소프트 아이스크림 사용하세요 \n\n——————————————————\n서울•인천•경기 맛집/핫플/노포/데이트코스\n팔로우 하시구 쉽게 구경하세요😘\n——————————————————\n📌 #샤브올데이 오금점\n📌 서울 송파구 동남로 335 2층\n⏰ 11:00 - 21:30\n——————————————————-\n#뷔페 #신메뉴 #꿀팁"", ""thumbnails"": {""default"": {""url"": ""https://i.ytimg.com/vi/Rys6MaH-O-A/default.jpg"", ""width"": 120, ""height"": 90}, ""medium"": {""url"": ""https://i.ytimg.com/vi/Rys6MaH-O-A/mqdefault.jpg"", ""width"": 320, ""height"": 180}, ""high"": {""url"": ""https://i.ytimg.com/vi/Rys6MaH-O-A/hqdefault.jpg"", ""width"": 480, ""height"": 360}, ""standard"": {""url"": ""https://i.ytimg.com/vi/Rys6MaH-O-A/sddefault.jpg"", ""width"": 640, ""height"": 480}, ""maxres"": {""url"": ""https://i.ytimg.com/vi/Rys6MaH-O-A/maxresdefault.jpg"", ""width"": 1280, ""height"": 720}}, ""channelTitle"": ""먹대위"", ""categoryId"": ""22"", ""liveBroadcastContent"": ""none"", ""defaultLanguage"": ""ko"", ""localized"": {""title"": ""샤브올데이 알바생 킹받을 듯.. ㅋㅋㅋ"", ""description"": ""샤브올데이 욕망의 신메뉴가 나온다..!?\n\n꿀팁 제조기가 말아주는 4가지 방법\n1. 크림치즈 파스타 : 식빵에 촉촉하게 치즈랑 파스타가 정말 잘 어울리는군..\n2. 치즈 햄버거 : 이거 고기도, 떡갈비도 재료 많으니까 굳굳\n3. 크림치즈떡볶이 : 이야 이거 맛있네 \n * 자매품으로 크런치 인절미 치즈 찍어먹으면 야미..\n4. 치즈망고아이스크림 : 진짜 개애애애애애애애애애앵 맛있습니다.\n * 얼음 빙수 사용하지말고 소프트 아이스크림 사용하세요 \n\n——————————————————\n서울•인천•경기 맛집/핫플/노포/데이트코스\n팔로우 하시구 쉽게 구경하세요😘\n——————————————————\n📌 #샤브올데이 오금점\n📌 서울 송파구 동남로 335 2층\n⏰ 11:00 - 21:30\n——————————————————-\n#뷔페 #신메뉴 #꿀팁""}}, ""statistics"": {""viewCount"": ""21769"", ""likeCount"": ""110"", ""favoriteCount"": ""0"", ""commentCount"": ""18""}}",,,,
샤브올데이,single_term_fallback,샤브올데이,jvP9tnVBOls,감다살이라는 샤브올데이 역대급 신메뉴 #샤브올데이 #샤브샤브맛집 #가성비,2026-03-26T10:43:21Z,21016.0,202.0,2.0,https://www.youtube.com/watch?v=jvP9tnVBOls,youtube,샤브올데이,canonical,1.0,2026-05-26T11:17:04.805326+00:00,21016,202,2,204,햄냠,,"{""kind"": ""youtube#video"", ""etag"": ""3tgrnanq3irQahvMY1sa3p6aHpg"", ""id"": ""jvP9tnVBOls"", ""snippet"": {""publishedAt"": ""2026-03-26T10:43:21Z"", ""channelId"": ""UC2PrDeX59Uio9YMQRMCavKA"", ""title"": ""감다살이라는 샤브올데이 역대급 신메뉴 #샤브올데이 #샤브샤브맛집 #가성비"", ""description"": """", ""thumbnails"": {""default"": {""url"": ""https://i.ytimg.com/vi/jvP9tnVBOls/default.jpg"", ""width"": 120, ""height"": 90}, ""medium"": {""url"": ""https://i.ytimg.com/vi/jvP9tnVBOls/mqdefault.jpg"", ""width"": 320, ""height"": 180}, ""high"": {""url"": ""https://i.ytimg.com/vi/jvP9tnVBOls/hqdefault.jpg"", ""width"": 480, ""height"": 360}, ""standard"": {""url"": ""https://i.ytimg.com/vi/jvP9tnVBOls/sddefault.jpg"", ""width"": 640, ""height"": 480}, ""maxres"": {""url"": ""https://i.ytimg.com/vi/jvP9tnVBOls/maxresdefault.jpg"", ""width"": 1280, ""height"": 720}}, ""channelTitle"": ""햄냠"", ""categoryId"": ""22"", ""liveBroadcastContent"": ""none"", ""defaultLanguage"": ""ko"", ""localized"": {""title"": ""감다살이라는 샤브올데이 역대급 신메뉴 #샤브올데이 #샤브샤브맛집 #가성비"", ""description"": """"}}, ""statistics"": {""viewCount"": ""21016"", ""likeCount"": ""202"", ""favoriteCount"": ""0"", ""commentCount"": ""2""}}",,,,
샤브올데이,single_term_fallback,샤브올데이,efCXDFOGihc,요즘 MZ들의 샤브올데이 최신꿀팁,2026-03-03T04:56:54Z,23211.0,210.0,7.0,https://www.youtube.com/watch?v=efCXDFOGihc,youtube,샤브올데이,canonical,1.0,2026-05-26T11:17:04.805326+00:00,23211,210,7,217,바니얌 baniyum,"요즘 MZ들은 샤브올데이 이렇게 먹는다구? #광고

❇️알바생도 모르는 신박하게 먹는 방법 3가지❇️

1️⃣ 양지육수에 도삭면사리 넣어 익혀준 후
버터 올리고 올데이소스 넣어 비벼주면
꾸덕꼬소한 버터칼국수 완성~
겉절이랑 같이 먹으면 더 꿀맛

2️⃣ 마라탕육수에 당면사리 넣어준 후
땅콩소스 부어 마라당면도 해먹기

3️⃣ 씨리얼에 땅콩소스 넣고 뿌셔준후
라이스페이퍼에 감싸 초코소스 푹 찍어서
두쫀쿠 해먹기

✔️그 외에도 60여가지의 신선한 샐러드바와
퀄리티 미친 소고기도 무한으로 즐길 수 있으니까
샤브올데이로 얼른 가보세요👍

📍방문지점 : 대전도안점

#샤브올데이 #샤브올데이꿀팁 #샤브올데이팁 #버터칼국수","{""kind"": ""youtube#video"", ""etag"": ""2bBjkYMmxSWUKQ2gvbIGXwM6Fyk"", ""id"": ""efCXDFOGihc"", ""snippet"": {""publishedAt"": ""2026-03-03T04:56:54Z"", ""channelId"": ""UCrQxEPxWR7_MNsujFVWSOiQ"", ""title"": ""요즘 MZ들의 샤브올데이 최신꿀팁"", ""description"": ""요즘 MZ들은 샤브올데이 이렇게 먹는다구? #광고\n\n❇️알바생도 모르는 신박하게 먹는 방법 3가지❇️\n\n1️⃣ 양지육수에 도삭면사리 넣어 익혀준 후\n버터 올리고 올데이소스 넣어 비벼주면\n꾸덕꼬소한 버터칼국수 완성~\n겉절이랑 같이 먹으면 더 꿀맛\n\n2️⃣ 마라탕육수에 당면사리 넣어준 후\n땅콩소스 부어 마라당면도 해먹기\n\n3️⃣ 씨리얼에 땅콩소스 넣고 뿌셔준후\n라이스페이퍼에 감싸 초코소스 푹 찍어서\n두쫀쿠 해먹기\n\n✔️그 외에도 60여가지의 신선한 샐러드바와\n퀄리티 미친 소고기도 무한으로 즐길 수 있으니까\n샤브올데이로 얼른 가보세요👍\n\n📍방문지점 : 대전도안점\n\n#샤브올데이 #샤브올데이꿀팁 #샤브올데이팁 #버터칼국수"", ""thumbnails"": {""default"": {""url"": ""https://i.ytimg.com/vi/efCXDFOGihc/default.jpg"", ""width"": 120, ""height"": 90}, ""medium"": {""url"": ""https://i.ytimg.com/vi/efCXDFOGihc/mqdefault.jpg"", ""width"": 320, ""height"": 180}, ""high"": {""url"": ""https://i.ytimg.com/vi/efCXDFOGihc/hqdefault.jpg"", ""width"": 480, ""height"": 360}, ""standard"": {""url"": ""https://i.ytimg.com/vi/efCXDFOGihc/sddefault.jpg"", ""width"": 640, ""height"": 480}, ""maxres"": {""url"": ""https://i.ytimg.com/vi/efCXDFOGihc/maxresdefault.jpg"", ""width"": 1280, ""height"": 720}}, ""channelTitle"": ""바니얌 baniyum"", ""categoryId"": ""19"", ""liveBroadcastContent"": ""none"", ""defaultLanguage"": ""ko"", ""localized"": {""title"": ""요즘 MZ들의 샤브올데이 최신꿀팁"", ""description"": ""요즘 MZ들은 샤브올데이 이렇게 먹는다구? #광고\n\n❇️알바생도 모르는 신박하게 먹는 방법 3가지❇️\n\n1️⃣ 양지육수에 도삭면사리 넣어 익혀준 후\n버터 올리고 올데이소스 넣어 비벼주면\n꾸덕꼬소한 버터칼국수 완성~\n겉절이랑 같이 먹으면 더 꿀맛\n\n2️⃣ 마라탕육수에 당면사리 넣어준 후\n땅콩소스 부어 마라당면도 해먹기\n\n3️⃣ 씨리얼에 땅콩소스 넣고 뿌셔준후\n라이스페이퍼에 감싸 초코소스 푹 찍어서\n두쫀쿠 해먹기\n\n✔️그 외에도 60여가지의 신선한 샐러드바와\n퀄리티 미친 소고기도 무한으로 즐길 수 있으니까\n샤브올데이로 얼른 가보세요👍\n\n📍방문지점 : 대전도안점\n\n#샤브올데이 #샤브올데이꿀팁 #샤브올데이팁 #버터칼국수""}, ""defaultAudioLanguage"": ""ko""}, ""statistics"": {""viewCount"": ""23211"", ""likeCount"": ""210"", ""favoriteCount"": ""0"", ""commentCount"": ""7""}}",,,,
샤브올데이,single_term_fallback,샤브올데이,dV2jmm4BLTE,혼자 샤브올데이 가면 얼마 나올까?,2026-03-18T12:09:22Z,22953.0,166.0,3.0,https://www.youtube.com/watch?v=dV2jmm4BLTE,youtube,샤브올데이,canonical,1.0,2026-05-26T11:17:04.805326+00:00,22953,166,3,169,현주zip,,"{""kind"": ""youtube#video"", ""etag"": ""Vcaz72Y6JabsNXWXcg1vjMWwPJc"", ""id"": ""dV2jmm4BLTE"", ""snippet"": {""publishedAt"": ""2026-03-18T12:09:22Z"", ""channelId"": ""UC0iqrB6r48CvWLyJpptLwYw"", ""title"": ""혼자 샤브올데이 가면 얼마 나올까?"", ""description"": """", ""thumbnails"": {""default"": {""url"": ""https://i.ytimg.com/vi/dV2jmm4BLTE/default.jpg"", ""width"": 120, ""height"": 90}, ""medium"": {""url"": ""https://i.ytimg.com/vi/dV2jmm4BLTE/mqdefault.jpg"", ""width"": 320, ""height"": 180}, ""high"": {""url"": ""https://i.ytimg.com/vi/dV2jmm4BLTE/hqdefault.jpg"", ""width"": 480, ""height"": 360}, ""standard"": {""url"": ""https://i.ytimg.com/vi/dV2jmm4BLTE/sddefault.jpg"", ""width"": 640, ""height"": 480}, ""maxres"": {""url"": ""https://i.ytimg.com/vi/dV2jmm4BLTE/maxresdefault.jpg"", ""width"": 1280, ""height"": 720}}, ""channelTitle"": ""현주zip"", ""categoryId"": ""19"", ""liveBroadcastContent"": ""none"", ""defaultLanguage"": ""ko"", ""localized"": {""title"": ""혼자 샤브올데이 가면 얼마 나올까?"", ""description"": """"}}, ""statistics"": {""viewCount"": ""22953"", ""likeCount"": ""166"", ""favoriteCount"": ""0"", ""commentCount"": ""3""}}",,,,
샤브올데이,single_term_fallback,샤브올데이,Nu5RQRKHWlw,샤브올데이 최신꿀팁!!,2026-04-07T03:34:33Z,23545.0,163.0,5.0,https://www.youtube.com/watch?v=Nu5RQRKHWlw,youtube,샤브올데이,canonical,1.0,2026-05-26T11:17:04.805326+00:00,23545,163,5,168,헝그린,,"{""kind"": ""youtube#video"", ""etag"": ""gygYGAqvqeudEsNyyc-7D6pMh3s"", ""id"": ""Nu5RQRKHWlw"", ""snippet"": {""publishedAt"": ""2026-04-07T03:34:33Z"", ""channelId"": ""UCOhqXIDjYANMzKmrXHogV3w"", ""title"": ""샤브올데이 최신꿀팁!!"", ""description"": """", ""thumbnails"": {""default"": {""url"": ""https://i.ytimg.com/vi/Nu5RQRKHWlw/default.jpg"", ""width"": 120, ""height"": 90}, ""medium"": {""url"": ""https://i.ytimg.com/vi/Nu5RQRKHWlw/mqdefault.jpg"", ""width"": 320, ""height"": 180}, ""high"": {""url"": ""https://i.ytimg.com/vi/Nu5RQRKHWlw/hqdefault.jpg"", ""width"": 480, ""height"": 360}, ""standard"": {""url"": ""https://i.ytimg.com/vi/Nu5RQRKHWlw/sddefault.jpg"", ""width"": 640, ""height"": 480}, ""maxres"": {""url"": ""https://i.ytimg.com/vi/Nu5RQRKHWlw/maxresdefault.jpg"", ""width"": 1280, ""height"": 720}}, ""channelTitle"": ""헝그린"", ""categoryId"": ""19"", ""liveBroadcastContent"": ""none"", ""defaultLanguage"": ""ko"", ""localized"": {""title"": ""샤브올데이 최신꿀팁!!"", ""description"": """"}, ""defaultAudioLanguage"": ""ko""}, ""statistics"": {""viewCount"": ""23545"", ""likeCount"": ""163"", ""favoriteCount"": ""0"", ""commentCount"": ""5""}}",,,,
샤브올데이,single_term_fallback,샤브올데이,EI8S0-oXles,얼마나 열심히 부쉈으면..#샤브올데이 #샤브올데이프로젝트 #김우빈 #두쫀쿠,2026-03-18T14:44:23Z,20801.0,32.0,0.0,https://www.youtube.com/watch?v=EI8S0-oXles,youtube,샤브올데이,canonical,1.0,2026-05-26T11:17:04.805326+00:00,20801,32,0,32,가밍글,,"{""kind"": ""youtube#video"", ""etag"": ""7L9_Ubrae2yV5dTqB3FBdwfkhhg"", ""id"": ""EI8S0-oXles"", ""snippet"": {""publishedAt"": ""2026-03-18T14:44:23Z"", ""channelId"": ""UCquTsBWqwzdXRb11smeyr0Q"", ""title"": ""얼마나 열심히 부쉈으면..#샤브올데이 #샤브올데이프로젝트 #김우빈 #두쫀쿠"", ""description"": """", ""thumbnails"": {""default"": {""url"": ""https://i.ytimg.com/vi/EI8S0-oXles/default.jpg"", ""width"": 120, ""height"": 90}, ""medium"": {""url"": ""https://i.ytimg.com/vi/EI8S0-oXles/mqdefault.jpg"", ""width"": 320, ""height"": 180}, ""high"": {""url"": ""https://i.ytimg.com/vi/EI8S0-oXles/hqdefault.jpg"", ""width"": 480, ""height"": 360}, ""standard"": {""url"": ""https://i.ytimg.com/vi/EI8S0-oXles/sddefault.jpg"", ""width"": 640, ""height"": 480}, ""maxres"": {""url"": ""https://i.ytimg.com/vi/EI8S0-oXles/maxresdefault.jpg"", ""width"": 1280, ""height"": 720}}, ""channelTitle"": ""가밍글"", ""categoryId"": ""22"", ""liveBroadcastContent"": ""none"", ""defaultLanguage"": ""ko"", ""localized"": {""title"": ""얼마나 열심히 부쉈으면..#샤브올데이 #샤브올데이프로젝트 #김우빈 #두쫀쿠"", ""description"": """"}, ""defaultAudioLanguage"": ""ko""}, ""statistics"": {""viewCount"": ""20801"", ""likeCount"": ""32"", ""favoriteCount"": ""0"", ""commentCount"": ""0""}}",,,,
샤브올데이,single_term_fallback,샤브올데이,lbCMPEJvR6A,다이어트한다는 여자들 특징 #샤브올데이,2026-03-23T11:01:20Z,19933.0,80.0,2.0,https://www.youtube.com/watch?v=lbCMPEJvR6A,youtube,샤브올데이,canonical,1.0,2026-05-26T11:17:04.805326+00:00,19933,80,2,82,혀누여니,"@이거 너 아님? 

다이어트 한 끼로 끝내겠다고 왔는데
소고기🥩 3종 무한에 샐러드바까지 있으면
먹을 수 밖에 없잖니.. 😵‍💫🤤🤤

맛잘알 여니씨는 마라땅콩국수까지 만들어 드심
👩‍🍳 여니 chef‘s 레시피
마라육수 + 도삭면 + 땅콩소스 + 고추기름 듬뿍🌶️

이 가성비면 내일 또 오고 싶은데 🤔

📍샤브올데이 서울석수점(서울 금천구 시흥대로 10)
지점별 구성메뉴 및 주류 제공 방식에는 차이가 있을 수 있어요!

#커플데이트 #샤브올데이 #다이어트 #커플공감","{""kind"": ""youtube#video"", ""etag"": ""RgzXQR_3g7-I6HTpCjWaJXfEv2g"", ""id"": ""lbCMPEJvR6A"", ""snippet"": {""publishedAt"": ""2026-03-23T11:01:20Z"", ""channelId"": ""UCeUhfWSaoJsmwnSKhMRwwVg"", ""title"": ""다이어트한다는 여자들 특징 #샤브올데이"", ""description"": ""@이거 너 아님? \n\n다이어트 한 끼로 끝내겠다고 왔는데\n소고기🥩 3종 무한에 샐러드바까지 있으면\n먹을 수 밖에 없잖니.. 😵‍💫🤤🤤\n\n맛잘알 여니씨는 마라땅콩국수까지 만들어 드심\n👩‍🍳 여니 chef‘s 레시피\n마라육수 + 도삭면 + 땅콩소스 + 고추기름 듬뿍🌶️\n\n이 가성비면 내일 또 오고 싶은데 🤔\n\n📍샤브올데이 서울석수점(서울 금천구 시흥대로 10)\n지점별 구성메뉴 및 주류 제공 방식에는 차이가 있을 수 있어요!\n\n#커플데이트 #샤브올데이 #다이어트 #커플공감"", ""thumbnails"": {""default"": {""url"": ""https://i.ytimg.com/vi/lbCMPEJvR6A/default.jpg"", ""width"": 120, ""height"": 90}, ""medium"": {""url"": ""https://i.ytimg.com/vi/lbCMPEJvR6A/mqdefault.jpg"", ""width"": 320, ""height"": 180}, ""high"": {""url"": ""https://i.ytimg.com/vi/lbCMPEJvR6A/hqdefault.jpg"", ""width"": 480, ""height"": 360}, ""standard"": {""url"": ""https://i.ytimg.com/vi/lbCMPEJvR6A/sddefault.jpg"", ""width"": 640, ""height"": 480}, ""maxres"": {""url"": ""https://i.ytimg.com/vi/lbCMPEJvR6A/maxresdefault.jpg"", ""width"": 1280, ""height"": 720}}, ""channelTitle"": ""혀누여니"", ""categoryId"": ""22"", ""liveBroadcastContent"": ""none"", ""defaultLanguage"": ""ko"", ""localized"": {""title"": ""다이어트한다는 여자들 특징 #샤브올데이"", ""description"": ""@이거 너 아님? \n\n다이어트 한 끼로 끝내겠다고 왔는데\n소고기🥩 3종 무한에 샐러드바까지 있으면\n먹을 수 밖에 없잖니.. 😵‍💫🤤🤤\n\n맛잘알 여니씨는 마라땅콩국수까지 만들어 드심\n👩‍🍳 여니 chef‘s 레시피\n마라육수 + 도삭면 + 땅콩소스 + 고추기름 듬뿍🌶️\n\n이 가성비면 내일 또 오고 싶은데 🤔\n\n📍샤브올데이 서울석수점(서울 금천구 시흥대로 10)\n지점별 구성메뉴 및 주류 제공 방식에는 차이가 있을 수 있어요!\n\n#커플데이트 #샤브올데이 #다이어트 #커플공감""}, ""defaultAudioLanguage"": ""ko""}, ""statistics"": {""viewCount"": ""19933"", ""likeCount"": ""80"", ""favoriteCount"": ""0"", ""commentCount"": ""2""}}",,,,
샤브올데이,single_term_fallback,샤브올데이,C3GTFTB9Cq8,봄철에 샤브올데이 100배 맛있게 먹는 법 #샤브올데이 #샤브샤브 #샤브올데이인천논현점 #자이언트월남쌈 #월남쌈,2026-03-29T10:58:50Z,20150.0,23.0,2.0,https://www.youtube.com/watch?v=C3GTFTB9Cq8,youtube,샤브올데이,canonical,1.0,2026-05-26T11:17:04.805326+00:00,20150,23,2,25,순하리 • Harrysun foodie couple,"📍샤브올데이 인천논현점
✔️ 인천 남동구 앵고개로 928 3층
* 지점별로 구성 메뉴가 차이가 있을 수 있습니다","{""kind"": ""youtube#video"", ""etag"": ""EmZZOji8MdndC43p0bNGpc4DrJE"", ""id"": ""C3GTFTB9Cq8"", ""snippet"": {""publishedAt"": ""2026-03-29T10:58:50Z"", ""channelId"": ""UCuU6dB5zGu_RN7bSNDwA5LQ"", ""title"": ""봄철에 샤브올데이 100배 맛있게 먹는 법 #샤브올데이 #샤브샤브 #샤브올데이인천논현점 #자이언트월남쌈 #월남쌈"", ""description"": ""📍샤브올데이 인천논현점\n✔️ 인천 남동구 앵고개로 928 3층\n* 지점별로 구성 메뉴가 차이가 있을 수 있습니다"", ""thumbnails"": {""default"": {""url"": ""https://i.ytimg.com/vi/C3GTFTB9Cq8/default.jpg"", ""width"": 120, ""height"": 90}, ""medium"": {""url"": ""https://i.ytimg.com/vi/C3GTFTB9Cq8/mqdefault.jpg"", ""width"": 320, ""height"": 180}, ""high"": {""url"": ""https://i.ytimg.com/vi/C3GTFTB9Cq8/hqdefault.jpg"", ""width"": 480, ""height"": 360}, ""standard"": {""url"": ""https://i.ytimg.com/vi/C3GTFTB9Cq8/sddefault.jpg"", ""width"": 640, ""height"": 480}, ""maxres"": {""url"": ""https://i.ytimg.com/vi/C3GTFTB9Cq8/maxresdefault.jpg"", ""width"": 1280, ""height"": 720}}, ""channelTitle"": ""순하리 • Harrysun foodie couple"", ""categoryId"": ""22"", ""liveBroadcastContent"": ""none"", ""defaultLanguage"": ""ko"", ""localized"": {""title"": ""봄철에 샤브올데이 100배 맛있게 먹는 법 #샤브올데이 #샤브샤브 #샤브올데이인천논현점 #자이언트월남쌈 #월남쌈"", ""description"": ""📍샤브올데이 인천논현점\n✔️ 인천 남동구 앵고개로 928 3층\n* 지점별로 구성 메뉴가 차이가 있을 수 있습니다""}}, ""statistics"": {""viewCount"": ""20150"", ""likeCount"": ""23"", ""favoriteCount"": ""0"", ""commentCount"": ""2""}}",,,,
샤브올데이,single_term_fallback,샤브올데이,_AtnjQLLVag,두쫀쿠도 만들어 먹을 수 있는 샤브올데이 !? #샤브올데이,2026-03-05T06:56:30Z,17403.0,151.0,1.0,https://www.youtube.com/watch?v=_AtnjQLLVag,youtube,샤브올데이,canonical,1.0,2026-05-26T11:17:04.805326+00:00,17403,151,1,152,이현승,"여러분!! 샤브올데이에서
두쫀쿠도 만들어 먹을 수 있는거 아세요??!
😱

일명 ‘땅쫀쿠’ 라고 하는데 
두쫀쿠 4-5개 살 가격으로 샤브올데이 오면

60여가지 샐러드바 소고기3종
음료 어른들의 음료 디저트까지

이 모든게 무제한에
땅쫀쿠 까지 만들어 먹는 재미는 덤 🙋🏻‍♂️
(생각보다 넘 맛잇움)

샤브올데이의 진화는 어디까지일까요?! 🤣

*지점별로 구성 메뉴차이가 있을 수 있습니다 

#두쫀쿠 #샤브올데이수영점 #샤브샤브맛집","{""kind"": ""youtube#video"", ""etag"": ""9gK0K0HGQmSERtTqpHNuRp2px7M"", ""id"": ""_AtnjQLLVag"", ""snippet"": {""publishedAt"": ""2026-03-05T06:56:30Z"", ""channelId"": ""UCCnSNb6KF9INL1awsh7seLQ"", ""title"": ""두쫀쿠도 만들어 먹을 수 있는 샤브올데이 !? #샤브올데이"", ""description"": ""여러분!! 샤브올데이에서\n두쫀쿠도 만들어 먹을 수 있는거 아세요??!\n😱\n\n일명 ‘땅쫀쿠’ 라고 하는데 \n두쫀쿠 4-5개 살 가격으로 샤브올데이 오면\n\n60여가지 샐러드바 소고기3종\n음료 어른들의 음료 디저트까지\n\n이 모든게 무제한에\n땅쫀쿠 까지 만들어 먹는 재미는 덤 🙋🏻‍♂️\n(생각보다 넘 맛잇움)\n\n샤브올데이의 진화는 어디까지일까요?! 🤣\n\n*지점별로 구성 메뉴차이가 있을 수 있습니다 \n\n#두쫀쿠 #샤브올데이수영점 #샤브샤브맛집"", ""thumbnails"": {""default"": {""url"": ""https://i.ytimg.com/vi/_AtnjQLLVag/default.jpg"", ""width"": 120, ""height"": 90}, ""medium"": {""url"": ""https://i.ytimg.com/vi/_AtnjQLLVag/mqdefault.jpg"", ""width"": 320, ""height"": 180}, ""high"": {""url"": ""https://i.ytimg.com/vi/_AtnjQLLVag/hqdefault.jpg"", ""width"": 480, ""height"": 360}, ""standard"": {""url"": ""https://i.ytimg.com/vi/_AtnjQLLVag/sddefault.jpg"", ""width"": 640, ""height"": 480}, ""maxres"": {""url"": ""https://i.ytimg.com/vi/_AtnjQLLVag/maxresdefault.jpg"", ""width"": 1280, ""height"": 720}}, ""channelTitle"": ""이현승"", ""categoryId"": ""22"", ""liveBroadcastContent"": ""none"", ""defaultLanguage"": ""ko"", ""localized"": {""title"": ""두쫀쿠도 만들어 먹을 수 있는 샤브올데이 !? #샤브올데이"", ""description"": ""여러분!! 샤브올데이에서\n두쫀쿠도 만들어 먹을 수 있는거 아세요??!\n😱\n\n일명 ‘땅쫀쿠’ 라고 하는데 \n두쫀쿠 4-5개 살 가격으로 샤브올데이 오면\n\n60여가지 샐러드바 소고기3종\n음료 어른들의 음료 디저트까지\n\n이 모든게 무제한에\n땅쫀쿠 까지 만들어 먹는 재미는 덤 🙋🏻‍♂️\n(생각보다 넘 맛잇움)\n\n샤브올데이의 진화는 어디까지일까요?! 🤣\n\n*지점별로 구성 메뉴차이가 있을 수 있습니다 \n\n#두쫀쿠 #샤브올데이수영점 #샤브샤브맛집""}, ""defaultAudioLanguage"": ""ko""}, ""statistics"": {""viewCount"": ""17403"", ""likeCount"": ""151"", ""favoriteCount"": ""0"", ""commentCount"": ""1""}}",,,,
샤브올데이,single_term_fallback,샤브올데이,h1pqyOj2RFk,(광고)7천원 그냥 줍니다 #샤브올데이 #가정의당 #인천맛집 #5월행사 #무제한,2026-05-04T03:47:10Z,17025.0,118.0,7.0,https://www.youtube.com/watch?v=h1pqyOj2RFk,youtube,샤브올데이,canonical,1.0,2026-05-26T11:17:04.805326+00:00,17025,118,7,125,감성퀸,,"{""kind"": ""youtube#video"", ""etag"": ""4vqcEqp7UyMGFWKt5GVddPqPYfI"", ""id"": ""h1pqyOj2RFk"", ""snippet"": {""publishedAt"": ""2026-05-04T03:47:10Z"", ""channelId"": ""UC9-aG7hXihJ47HWcefahd0A"", ""title"": ""(광고)7천원 그냥 줍니다 #샤브올데이 #가정의당 #인천맛집 #5월행사 #무제한"", ""description"": """", ""thumbnails"": {""default"": {""url"": ""https://i.ytimg.com/vi/h1pqyOj2RFk/default.jpg"", ""width"": 120, ""height"": 90}, ""medium"": {""url"": ""https://i.ytimg.com/vi/h1pqyOj2RFk/mqdefault.jpg"", ""width"": 320, ""height"": 180}, ""high"": {""url"": ""https://i.ytimg.com/vi/h1pqyOj2RFk/hqdefault.jpg"", ""width"": 480, ""height"": 360}, ""standard"": {""url"": ""https://i.ytimg.com/vi/h1pqyOj2RFk/sddefault.jpg"", ""width"": 640, ""height"": 480}, ""maxres"": {""url"": ""https://i.ytimg.com/vi/h1pqyOj2RFk/maxresdefault.jpg"", ""width"": 1280, ""height"": 720}}, ""channelTitle"": ""감성퀸"", ""categoryId"": ""22"", ""liveBroadcastContent"": ""none"", ""defaultLanguage"": ""ko"", ""localized"": {""title"": ""(광고)7천원 그냥 줍니다 #샤브올데이 #가정의당 #인천맛집 #5월행사 #무제한"", ""description"": """"}}, ""statistics"": {""viewCount"": ""17025"", ""likeCount"": ""118"", ""favoriteCount"": ""0"", ""commentCount"": ""7""}}",,,,
샤브올데이,single_term_fallback,샤브올데이,EGZlVzN4CWc,"할머니의 샤브올데이 먹방❤️ 단돈2만원대에 샤브샤브부터 파스타, 튀김, 디저트까지 다양한 메뉴를 마음껏 즐길 수 있는 샤브올데이😍 프리미엄 소고기3종(양지,설도,",2026-03-26T03:33:22Z,21947.0,888.0,42.0,https://www.youtube.com/watch?v=EGZlVzN4CWc,youtube,샤브올데이,canonical,1.0,2026-05-26T11:17:04.805326+00:00,21947,888,42,930,seetv,,"{""kind"": ""youtube#video"", ""etag"": ""3mECeGR8CIZAIYCntsOQugl8BgY"", ""id"": ""EGZlVzN4CWc"", ""snippet"": {""publishedAt"": ""2026-03-26T03:33:22Z"", ""channelId"": ""UCKvot7pb0De6FJoTH-bQoCg"", ""title"": ""할머니의 샤브올데이 먹방❤️ 단돈2만원대에 샤브샤브부터 파스타, 튀김, 디저트까지 다양한 메뉴를 마음껏 즐길 수 있는 샤브올데이😍 프리미엄 소고기3종(양지,설도,"", ""description"": """", ""thumbnails"": {""default"": {""url"": ""https://i.ytimg.com/vi/EGZlVzN4CWc/default.jpg"", ""width"": 120, ""height"": 90}, ""medium"": {""url"": ""https://i.ytimg.com/vi/EGZlVzN4CWc/mqdefault.jpg"", ""width"": 320, ""height"": 180}, ""high"": {""url"": ""https://i.ytimg.com/vi/EGZlVzN4CWc/hqdefault.jpg"", ""width"": 480, ""height"": 360}, ""standard"": {""url"": ""https://i.ytimg.com/vi/EGZlVzN4CWc/sddefault.jpg"", ""width"": 640, ""height"": 480}, ""maxres"": {""url"": ""https://i.ytimg.com/vi/EGZlVzN4CWc/maxresdefault.jpg"", ""width"": 1280, ""height"": 720}}, ""channelTitle"": ""seetv"", ""categoryId"": ""22"", ""liveBroadcastContent"": ""none"", ""defaultLanguage"": ""ko"", ""localized"": {""title"": ""할머니의 샤브올데이 먹방❤️ 단돈2만원대에 샤브샤브부터 파스타, 튀김, 디저트까지 다양한 메뉴를 마음껏 즐길 수 있는 샤브올데이😍 프리미엄 소고기3종(양지,설도,"", ""description"": """"}}, ""statistics"": {""viewCount"": ""21947"", ""likeCount"": ""888"", ""favoriteCount"": ""0"", ""commentCount"": ""42""}}",,,,
샤브올데이,single_term_fallback,샤브올데이,IrK7GMedKSQ,유료광고#샤브올데이 #자이언트월남쌈 #마라국수 방문지점명:서울봉천지점방문지점주소: 서울 관악구 쑥고개로 60 1층⚠ 지점별로 구성메뉴 및 주류 제공 방식에는 차이가 있을 수 있어요,2026-04-10T01:50:15Z,10778.0,80.0,3.0,https://www.youtube.com/watch?v=IrK7GMedKSQ,youtube,샤브올데이,canonical,1.0,2026-05-26T11:17:04.805326+00:00,10778,80,3,83,쪼꼴렛부부(TOO ToxiCouple),,"{""kind"": ""youtube#video"", ""etag"": ""SkmhGwlJLZkIELEWLO7KMm1_Shs"", ""id"": ""IrK7GMedKSQ"", ""snippet"": {""publishedAt"": ""2026-04-10T01:50:15Z"", ""channelId"": ""UC36599xmbmW66B5ALKR-40w"", ""title"": ""유료광고#샤브올데이 #자이언트월남쌈 #마라국수 방문지점명:서울봉천지점방문지점주소: 서울 관악구 쑥고개로 60 1층⚠ 지점별로 구성메뉴 및 주류 제공 방식에는 차이가 있을 수 있어요"", ""description"": """", ""thumbnails"": {""default"": {""url"": ""https://i.ytimg.com/vi/IrK7GMedKSQ/default.jpg"", ""width"": 120, ""height"": 90}, ""medium"": {""url"": ""https://i.ytimg.com/vi/IrK7GMedKSQ/mqdefault.jpg"", ""width"": 320, ""height"": 180}, ""high"": {""url"": ""https://i.ytimg.com/vi/IrK7GMedKSQ/hqdefault.jpg"", ""width"": 480, ""height"": 360}, ""standard"": {""url"": ""https://i.ytimg.com/vi/IrK7GMedKSQ/sddefault.jpg"", ""width"": 640, ""height"": 480}, ""maxres"": {""url"": ""https://i.ytimg.com/vi/IrK7GMedKSQ/maxresdefault.jpg"", ""width"": 1280, ""height"": 720}}, ""channelTitle"": ""쪼꼴렛부부(TOO ToxiCouple)"", ""categoryId"": ""22"", ""liveBroadcastContent"": ""none"", ""defaultLanguage"": ""ko"", ""localized"": {""title"": ""유료광고#샤브올데이 #자이언트월남쌈 #마라국수 방문지점명:서울봉천지점방문지점주소: 서울 관악구 쑥고개로 60 1층⚠ 지점별로 구성메뉴 및 주류 제공 방식에는 차이가 있을 수 있어요"", ""description"": """"}, ""defaultAudioLanguage"": ""ko""}, ""statistics"": {""viewCount"": ""10778"", ""likeCount"": ""80"", ""favoriteCount"": ""0"", ""commentCount"": ""3""}}",,,,
샤브올데이,single_term_fallback,샤브올데이,5ppL1B6Tsi8,샤브올데이,2026-03-06T02:38:51Z,17384.0,67.0,2.0,https://www.youtube.com/watch?v=5ppL1B6Tsi8,youtube,샤브올데이,canonical,1.0,2026-05-26T11:17:04.805326+00:00,17384,67,2,69,이지쿡,,"{""kind"": ""youtube#video"", ""etag"": ""QDyaTKjM80QFrKZQDZtyV0C99kQ"", ""id"": ""5ppL1B6Tsi8"", ""snippet"": {""publishedAt"": ""2026-03-06T02:38:51Z"", ""channelId"": ""UCCX_mXWabWDatYFp4YgPkzA"", ""title"": ""샤브올데이"", ""description"": """", ""thumbnails"": {""default"": {""url"": ""https://i.ytimg.com/vi/5ppL1B6Tsi8/default.jpg"", ""width"": 120, ""height"": 90}, ""medium"": {""url"": ""https://i.ytimg.com/vi/5ppL1B6Tsi8/mqdefault.jpg"", ""width"": 320, ""height"": 180}, ""high"": {""url"": ""https://i.ytimg.com/vi/5ppL1B6Tsi8/hqdefault.jpg"", ""width"": 480, ""height"": 360}, ""standard"": {""url"": ""https://i.ytimg.com/vi/5ppL1B6Tsi8/sddefault.jpg"", ""width"": 640, ""height"": 480}, ""maxres"": {""url"": ""https://i.ytimg.com/vi/5ppL1B6Tsi8/maxresdefault.jpg"", ""width"": 1280, ""height"": 720}}, ""channelTitle"": ""이지쿡"", ""categoryId"": ""22"", ""liveBroadcastContent"": ""none"", ""defaultLanguage"": ""ko"", ""localized"": {""title"": ""샤브올데이"", ""description"": """"}}, ""statistics"": {""viewCount"": ""17384"", ""likeCount"": ""67"", ""favoriteCount"": ""0"", ""commentCount"": ""2""}}",,,,
샤브올데이,single_term_fallback,샤브올데이,jJJDwRYuVBg,샤브올데이 역대급 신메뉴 치즈분수 뽕 뽑는 방법‼️,2026-04-03T08:57:20Z,14047.0,160.0,4.0,https://www.youtube.com/watch?v=jJJDwRYuVBg,youtube,샤브올데이,canonical,1.0,2026-05-26T11:17:04.805326+00:00,14047,160,4,164,맛또리,#샤브올데이 #샤브샤브 #맛집 #꿀팁 #무한리필 #무한리필맛집 #무제한 #뷔페 #치즈,"{""kind"": ""youtube#video"", ""etag"": ""0yLn1T5kZ6LXnK132EruVStDXv8"", ""id"": ""jJJDwRYuVBg"", ""snippet"": {""publishedAt"": ""2026-04-03T08:57:20Z"", ""channelId"": ""UChqSd_IQvCAwV0bfQPKKzVw"", ""title"": ""샤브올데이 역대급 신메뉴 치즈분수 뽕 뽑는 방법‼️"", ""description"": ""#샤브올데이 #샤브샤브 #맛집 #꿀팁 #무한리필 #무한리필맛집 #무제한 #뷔페 #치즈"", ""thumbnails"": {""default"": {""url"": ""https://i.ytimg.com/vi/jJJDwRYuVBg/default.jpg"", ""width"": 120, ""height"": 90}, ""medium"": {""url"": ""https://i.ytimg.com/vi/jJJDwRYuVBg/mqdefault.jpg"", ""width"": 320, ""height"": 180}, ""high"": {""url"": ""https://i.ytimg.com/vi/jJJDwRYuVBg/hqdefault.jpg"", ""width"": 480, ""height"": 360}, ""standard"": {""url"": ""https://i.ytimg.com/vi/jJJDwRYuVBg/sddefault.jpg"", ""width"": 640, ""height"": 480}, ""maxres"": {""url"": ""https://i.ytimg.com/vi/jJJDwRYuVBg/maxresdefault.jpg"", ""width"": 1280, ""height"": 720}}, ""channelTitle"": ""맛또리"", ""categoryId"": ""22"", ""liveBroadcastContent"": ""none"", ""defaultLanguage"": ""ko"", ""localized"": {""title"": ""샤브올데이 역대급 신메뉴 치즈분수 뽕 뽑는 방법‼️"", ""description"": ""#샤브올데이 #샤브샤브 #맛집 #꿀팁 #무한리필 #무한리필맛집 #무제한 #뷔페 #치즈""}}, ""statistics"": {""viewCount"": ""14047"", ""likeCount"": ""160"", ""favoriteCount"": ""0"", ""commentCount"": ""4""}}",,,,
샤브올데이,single_term_fallback,샤브올데이,FSrCrzHX13w,샤브올데이 역대급 치즈축제,2026-04-18T00:57:09Z,15517.0,48.0,2.0,https://www.youtube.com/watch?v=FSrCrzHX13w,youtube,샤브올데이,canonical,1.0,2026-05-26T11:17:04.805326+00:00,15517,48,2,50,먹쌤,,"{""kind"": ""youtube#video"", ""etag"": ""8PQIno-z33QbaXYwavu3gAJEuIY"", ""id"": ""FSrCrzHX13w"", ""snippet"": {""publishedAt"": ""2026-04-18T00:57:09Z"", ""channelId"": ""UCoLpFOX3apt6dwMEfHIciyg"", ""title"": ""샤브올데이 역대급 치즈축제"", ""description"": """", ""thumbnails"": {""default"": {""url"": ""https://i.ytimg.com/vi/FSrCrzHX13w/default.jpg"", ""width"": 120, ""height"": 90}, ""medium"": {""url"": ""https://i.ytimg.com/vi/FSrCrzHX13w/mqdefault.jpg"", ""width"": 320, ""height"": 180}, ""high"": {""url"": ""https://i.ytimg.com/vi/FSrCrzHX13w/hqdefault.jpg"", ""width"": 480, ""height"": 360}, ""standard"": {""url"": ""https://i.ytimg.com/vi/FSrCrzHX13w/sddefault.jpg"", ""width"": 640, ""height"": 480}, ""maxres"": {""url"": ""https://i.ytimg.com/vi/FSrCrzHX13w/maxresdefault.jpg"", ""width"": 1280, ""height"": 720}}, ""channelTitle"": ""먹쌤"", ""categoryId"": ""22"", ""liveBroadcastContent"": ""none"", ""defaultLanguage"": ""ko"", ""localized"": {""title"": ""샤브올데이 역대급 치즈축제"", ""description"": """"}, ""defaultAudioLanguage"": ""ko""}, ""statistics"": {""viewCount"": ""15517"", ""likeCount"": ""48"", ""favoriteCount"": ""0"", ""commentCount"": ""2""}}",,,,
샤브올데이,single_term_fallback,샤브올데이,nvlHwKAcZ_c,샤브올데이에서 치팅데이 제대로 즐기는 4가지 방법,2026-03-19T09:07:10Z,14614.0,94.0,13.0,https://www.youtube.com/watch?v=nvlHwKAcZ_c,youtube,샤브올데이,canonical,1.0,2026-05-26T11:17:04.805326+00:00,14614,94,13,107,살훈 salhun,,"{""kind"": ""youtube#video"", ""etag"": ""tGXk0s27WN0bdqIky7uO6pGp-Ic"", ""id"": ""nvlHwKAcZ_c"", ""snippet"": {""publishedAt"": ""2026-03-19T09:07:10Z"", ""channelId"": ""UC_kTPuVSPhEhIt9YjSZE0oQ"", ""title"": ""샤브올데이에서 치팅데이 제대로 즐기는 4가지 방법"", ""description"": """", ""thumbnails"": {""default"": {""url"": ""https://i.ytimg.com/vi/nvlHwKAcZ_c/default.jpg"", ""width"": 120, ""height"": 90}, ""medium"": {""url"": ""https://i.ytimg.com/vi/nvlHwKAcZ_c/mqdefault.jpg"", ""width"": 320, ""height"": 180}, ""high"": {""url"": ""https://i.ytimg.com/vi/nvlHwKAcZ_c/hqdefault.jpg"", ""width"": 480, ""height"": 360}, ""standard"": {""url"": ""https://i.ytimg.com/vi/nvlHwKAcZ_c/sddefault.jpg"", ""width"": 640, ""height"": 480}, ""maxres"": {""url"": ""https://i.ytimg.com/vi/nvlHwKAcZ_c/maxresdefault.jpg"", ""width"": 1280, ""height"": 720}}, ""channelTitle"": ""살훈 salhun"", ""categoryId"": ""24"", ""liveBroadcastContent"": ""none"", ""defaultLanguage"": ""ko"", ""localized"": {""title"": ""샤브올데이에서 치팅데이 제대로 즐기는 4가지 방법"", ""description"": """"}, ""defaultAudioLanguage"": ""ko""}, ""statistics"": {""viewCount"": ""14614"", ""likeCount"": ""94"", ""favoriteCount"": ""0"", ""commentCount"": ""13""}}",,,,
샤브올데이,single_term_fallback,샤브올데이,YTd6ABFVp-o,#샤브올데이 #버터레시피 #버터도삭면 #버터아이스크림 #샤브샤브무한리필 #샤브샤브 #버터레시피 #무한리필 #무한리필맛집 #샤브무한리필,2026-03-06T12:12:50Z,12355.0,93.0,8.0,https://www.youtube.com/watch?v=YTd6ABFVp-o,youtube,샤브올데이,canonical,1.0,2026-05-26T11:17:04.805326+00:00,12355,93,8,101,먹중사,,"{""kind"": ""youtube#video"", ""etag"": ""kcOmgWymc4Xh8FFb_nq1SvSM1IQ"", ""id"": ""YTd6ABFVp-o"", ""snippet"": {""publishedAt"": ""2026-03-06T12:12:50Z"", ""channelId"": ""UCbwWuIHHYwdLOnfzuYbOFlQ"", ""title"": ""#샤브올데이 #버터레시피 #버터도삭면 #버터아이스크림 #샤브샤브무한리필 #샤브샤브 #버터레시피 #무한리필 #무한리필맛집 #샤브무한리필"", ""description"": """", ""thumbnails"": {""default"": {""url"": ""https://i.ytimg.com/vi/YTd6ABFVp-o/default.jpg"", ""width"": 120, ""height"": 90}, ""medium"": {""url"": ""https://i.ytimg.com/vi/YTd6ABFVp-o/mqdefault.jpg"", ""width"": 320, ""height"": 180}, ""high"": {""url"": ""https://i.ytimg.com/vi/YTd6ABFVp-o/hqdefault.jpg"", ""width"": 480, ""height"": 360}, ""standard"": {""url"": ""https://i.ytimg.com/vi/YTd6ABFVp-o/sddefault.jpg"", ""width"": 640, ""height"": 480}, ""maxres"": {""url"": ""https://i.ytimg.com/vi/YTd6ABFVp-o/maxresdefault.jpg"", ""width"": 1280, ""height"": 720}}, ""channelTitle"": ""먹중사"", ""categoryId"": ""22"", ""liveBroadcastContent"": ""none"", ""defaultLanguage"": ""ko"", ""localized"": {""title"": ""#샤브올데이 #버터레시피 #버터도삭면 #버터아이스크림 #샤브샤브무한리필 #샤브샤브 #버터레시피 #무한리필 #무한리필맛집 #샤브무한리필"", ""description"": """"}}, ""statistics"": {""viewCount"": ""12355"", ""likeCount"": ""93"", ""favoriteCount"": ""0"", ""commentCount"": ""8""}}",,,,
샤브올데이,single_term_fallback,샤브올데이,uEGRHv6KVQY,치즈파티로 난리인 샤브올데이 뽕 뽑는 법,2026-04-17T05:55:54Z,16244.0,90.0,2.0,https://www.youtube.com/watch?v=uEGRHv6KVQY,youtube,샤브올데이,canonical,1.0,2026-05-26T11:17:04.805326+00:00,16244,90,2,92,플팡잇팡,"(광고) 현시점 치즈퐁듀로 난리라는 샤브올데이💛

맛있는 샤브샤브랑 디저트는 물론이고
치즈와의 꿀조합이 굿굿!!

특히 가장 맛있었던 신메뉴 크런치 인절미는
빠삭함과 쫀득함이 미쳤어요🧀

떡볶이에 치즈 부어 먹으면 로제맛 나고
버거, 떡볶이, 김치볶음밥 등
고소한 치즈랑 안 어울리는 게 없답니당

SNS에 인증하면 식사권 증정한다고 하니까
@@같이 갈 사람에게 공유하기📢

📍샤브올데이 서울오금점
서울 송파구 동남로 335 2층
⏰ 매일 11:00 ~ 21:30 / 브레이크타임 15:00 ~ 17:00 / 라스트오더 20:00
📋MENU
✔평일 점심 25.9
✔평일 저녁 / 주말 및 공휴일 30.8
*샤브 고기 무제한 & 샐러드 무료
*지점별로 구성 메뉴가 차이가 있을 수 있습니다.","{""kind"": ""youtube#video"", ""etag"": ""Eq5yCgBGCij1OLp7ODbi9BPbBHE"", ""id"": ""uEGRHv6KVQY"", ""snippet"": {""publishedAt"": ""2026-04-17T05:55:54Z"", ""channelId"": ""UC629UPMZ55oTbRpKDn2C28A"", ""title"": ""치즈파티로 난리인 샤브올데이 뽕 뽑는 법"", ""description"": ""(광고) 현시점 치즈퐁듀로 난리라는 샤브올데이💛\n\n맛있는 샤브샤브랑 디저트는 물론이고\n치즈와의 꿀조합이 굿굿!!\n\n특히 가장 맛있었던 신메뉴 크런치 인절미는\n빠삭함과 쫀득함이 미쳤어요🧀\n\n떡볶이에 치즈 부어 먹으면 로제맛 나고\n버거, 떡볶이, 김치볶음밥 등\n고소한 치즈랑 안 어울리는 게 없답니당\n\nSNS에 인증하면 식사권 증정한다고 하니까\n@@같이 갈 사람에게 공유하기📢\n\n📍샤브올데이 서울오금점\n서울 송파구 동남로 335 2층\n⏰ 매일 11:00 ~ 21:30 / 브레이크타임 15:00 ~ 17:00 / 라스트오더 20:00\n📋MENU\n✔평일 점심 25.9\n✔평일 저녁 / 주말 및 공휴일 30.8\n*샤브 고기 무제한 & 샐러드 무료\n*지점별로 구성 메뉴가 차이가 있을 수 있습니다."", ""thumbnails"": {""default"": {""url"": ""https://i.ytimg.com/vi/uEGRHv6KVQY/default.jpg"", ""width"": 120, ""height"": 90}, ""medium"": {""url"": ""https://i.ytimg.com/vi/uEGRHv6KVQY/mqdefault.jpg"", ""width"": 320, ""height"": 180}, ""high"": {""url"": ""https://i.ytimg.com/vi/uEGRHv6KVQY/hqdefault.jpg"", ""width"": 480, ""height"": 360}, ""standard"": {""url"": ""https://i.ytimg.com/vi/uEGRHv6KVQY/sddefault.jpg"", ""width"": 640, ""height"": 480}, ""maxres"": {""url"": ""https://i.ytimg.com/vi/uEGRHv6KVQY/maxresdefault.jpg"", ""width"": 1280, ""height"": 720}}, ""channelTitle"": ""플팡잇팡"", ""categoryId"": ""22"", ""liveBroadcastContent"": ""none"", ""defaultLanguage"": ""ko"", ""localized"": {""title"": ""치즈파티로 난리인 샤브올데이 뽕 뽑는 법"", ""description"": ""(광고) 현시점 치즈퐁듀로 난리라는 샤브올데이💛\n\n맛있는 샤브샤브랑 디저트는 물론이고\n치즈와의 꿀조합이 굿굿!!\n\n특히 가장 맛있었던 신메뉴 크런치 인절미는\n빠삭함과 쫀득함이 미쳤어요🧀\n\n떡볶이에 치즈 부어 먹으면 로제맛 나고\n버거, 떡볶이, 김치볶음밥 등\n고소한 치즈랑 안 어울리는 게 없답니당\n\nSNS에 인증하면 식사권 증정한다고 하니까\n@@같이 갈 사람에게 공유하기📢\n\n📍샤브올데이 서울오금점\n서울 송파구 동남로 335 2층\n⏰ 매일 11:00 ~ 21:30 / 브레이크타임 15:00 ~ 17:00 / 라스트오더 20:00\n📋MENU\n✔평일 점심 25.9\n✔평일 저녁 / 주말 및 공휴일 30.8\n*샤브 고기 무제한 & 샐러드 무료\n*지점별로 구성 메뉴가 차이가 있을 수 있습니다.""}}, ""statistics"": {""viewCount"": ""16244"", ""likeCount"": ""90"", ""favoriteCount"": ""0"", ""commentCount"": ""2""}}",,,,
샤브올데이,single_term_fallback,샤브올데이,WJRoetukbE0,샤브올데이 제대로 일침 #샤브샤브,2026-03-20T01:47:51Z,12478.0,56.0,6.0,https://www.youtube.com/watch?v=WJRoetukbE0,youtube,샤브올데이,canonical,1.0,2026-05-26T11:17:04.805326+00:00,12478,56,6,62,히희,,"{""kind"": ""youtube#video"", ""etag"": ""WWxh5sYpgm9avapFGI-kUDOyjSs"", ""id"": ""WJRoetukbE0"", ""snippet"": {""publishedAt"": ""2026-03-20T01:47:51Z"", ""channelId"": ""UCiBBi4ctUAt6bij8MqP6L1A"", ""title"": ""샤브올데이 제대로 일침 #샤브샤브"", ""description"": """", ""thumbnails"": {""default"": {""url"": ""https://i.ytimg.com/vi/WJRoetukbE0/default.jpg"", ""width"": 120, ""height"": 90}, ""medium"": {""url"": ""https://i.ytimg.com/vi/WJRoetukbE0/mqdefault.jpg"", ""width"": 320, ""height"": 180}, ""high"": {""url"": ""https://i.ytimg.com/vi/WJRoetukbE0/hqdefault.jpg"", ""width"": 480, ""height"": 360}, ""standard"": {""url"": ""https://i.ytimg.com/vi/WJRoetukbE0/sddefault.jpg"", ""width"": 640, ""height"": 480}, ""maxres"": {""url"": ""https://i.ytimg.com/vi/WJRoetukbE0/maxresdefault.jpg"", ""width"": 1280, ""height"": 720}}, ""channelTitle"": ""히희"", ""categoryId"": ""22"", ""liveBroadcastContent"": ""none"", ""defaultLanguage"": ""ko"", ""localized"": {""title"": ""샤브올데이 제대로 일침 #샤브샤브"", ""description"": """"}, ""defaultAudioLanguage"": ""ko""}, ""statistics"": {""viewCount"": ""12478"", ""likeCount"": ""56"", ""favoriteCount"": ""0"", ""commentCount"": ""6""}}",,,,
샤브올데이,single_term_fallback,샤브올데이,A7oZKvWamAk,자이언트 월남쌈을 아시나효 .. 📍샤브올데이 부산수영점 #부산맛집 #수영맛집 #센텀맛집 #자이언트월남쌈 #샤브샤브,2026-04-03T01:04:32Z,12615.0,26.0,2.0,https://www.youtube.com/watch?v=A7oZKvWamAk,youtube,샤브올데이,canonical,1.0,2026-05-26T11:17:04.805326+00:00,12615,26,2,28,슬아투니 seulatuni,,"{""kind"": ""youtube#video"", ""etag"": ""QlyU0kekiboZ7DVlIGWOu6CdrP8"", ""id"": ""A7oZKvWamAk"", ""snippet"": {""publishedAt"": ""2026-04-03T01:04:32Z"", ""channelId"": ""UC2pQizENqOREIYF-8wOAGTw"", ""title"": ""자이언트 월남쌈을 아시나효 .. 📍샤브올데이 부산수영점 #부산맛집 #수영맛집 #센텀맛집 #자이언트월남쌈 #샤브샤브"", ""description"": """", ""thumbnails"": {""default"": {""url"": ""https://i.ytimg.com/vi/A7oZKvWamAk/default.jpg"", ""width"": 120, ""height"": 90}, ""medium"": {""url"": ""https://i.ytimg.com/vi/A7oZKvWamAk/mqdefault.jpg"", ""width"": 320, ""height"": 180}, ""high"": {""url"": ""https://i.ytimg.com/vi/A7oZKvWamAk/hqdefault.jpg"", ""width"": 480, ""height"": 360}, ""standard"": {""url"": ""https://i.ytimg.com/vi/A7oZKvWamAk/sddefault.jpg"", ""width"": 640, ""height"": 480}, ""maxres"": {""url"": ""https://i.ytimg.com/vi/A7oZKvWamAk/maxresdefault.jpg"", ""width"": 1280, ""height"": 720}}, ""channelTitle"": ""슬아투니 seulatuni"", ""categoryId"": ""22"", ""liveBroadcastContent"": ""none"", ""defaultLanguage"": ""ko"", ""localized"": {""title"": ""자이언트 월남쌈을 아시나효 .. 📍샤브올데이 부산수영점 #부산맛집 #수영맛집 #센텀맛집 #자이언트월남쌈 #샤브샤브"", ""description"": """"}, ""defaultAudioLanguage"": ""ko""}, ""statistics"": {""viewCount"": ""12615"", ""likeCount"": ""26"", ""favoriteCount"": ""0"", ""commentCount"": ""2""}}",,,,
샤브올데이,single_term_fallback,샤브올데이,38hrw8WH6zk,샤브올데이 역대급 개꿀팁 10가지,2026-04-16T17:30:06Z,9564.0,70.0,6.0,https://www.youtube.com/watch?v=38hrw8WH6zk,youtube,샤브올데이,canonical,1.0,2026-05-26T11:17:04.805326+00:00,9564,70,6,76,먹통령 - 맛집 대통령,"[저장필수]쩝쩝박사 손님들 수법 다 털어드림

1. 팽이버섯꼬치
- 인생에서 먹은 꼬치중에 1등이어요.. 소스는 칠리2:시그니처2: 고추기름1 섞어주면 되는데 살짝 매콤하니까 치즈소스 찍먹 필수

2. 치즈버거
- 일본에서 먹은 철판치즈버거보다 더 맛있음.. 양지고기로 버거 만들어서 따뜻한 치즈에 푹 찍어먹으면 극락행ㅠ

3. 치즈라떼
- 치즈덕후들 제발 드셔주세요.. 아이스크림+커피+치즈 조합인데 쉐킷쉐킷해서 마시면 꿀떡꿀떡 들어감..

4. 치즈패션후르츠
- 패션후르츠에 치즈 올려주면 끝. 얘네 둘 진짜 잘어울림..ㅎ

5. 치즈리조또
- 볶음밥의 시대는 끝났다. 이제 무조건 리조또로 드세요. 마라육수로 만든 볶음밥에 치즈 넣어주면 마라로제리조또 되는데 이게 진짜 마쉿서혀..

💌이외의 쩝쩝박사들이 샤브올데이 뽕뽑는 꿀팁 10가지 총정리는 댓글에 ‘쩝쩝’ 달아주시면 싹다 보내드릴게용〰️

(지점별 구성 메뉴 및 주류 제공 방식의 차이가 있을 수 있습니다.)

📄매장: 샤브올데이 과천주차타워점
📄위치: 경기 과천시 과천대로5길 6 2층

#샤브올데이 #팽이버섯 #샤브샤브 #뷔페맛집","{""kind"": ""youtube#video"", ""etag"": ""k4YVG2CvkKsPESIxQZXyom_aUjg"", ""id"": ""38hrw8WH6zk"", ""snippet"": {""publishedAt"": ""2026-04-16T17:30:06Z"", ""channelId"": ""UCPhIE-e1FfsMeYWKig-MbYg"", ""title"": ""샤브올데이 역대급 개꿀팁 10가지"", ""description"": ""[저장필수]쩝쩝박사 손님들 수법 다 털어드림\n\n1. 팽이버섯꼬치\n- 인생에서 먹은 꼬치중에 1등이어요.. 소스는 칠리2:시그니처2: 고추기름1 섞어주면 되는데 살짝 매콤하니까 치즈소스 찍먹 필수\n\n2. 치즈버거\n- 일본에서 먹은 철판치즈버거보다 더 맛있음.. 양지고기로 버거 만들어서 따뜻한 치즈에 푹 찍어먹으면 극락행ㅠ\n\n3. 치즈라떼\n- 치즈덕후들 제발 드셔주세요.. 아이스크림+커피+치즈 조합인데 쉐킷쉐킷해서 마시면 꿀떡꿀떡 들어감..\n\n4. 치즈패션후르츠\n- 패션후르츠에 치즈 올려주면 끝. 얘네 둘 진짜 잘어울림..ㅎ\n\n5. 치즈리조또\n- 볶음밥의 시대는 끝났다. 이제 무조건 리조또로 드세요. 마라육수로 만든 볶음밥에 치즈 넣어주면 마라로제리조또 되는데 이게 진짜 마쉿서혀..\n\n💌이외의 쩝쩝박사들이 샤브올데이 뽕뽑는 꿀팁 10가지 총정리는 댓글에 ‘쩝쩝’ 달아주시면 싹다 보내드릴게용〰️\n\n(지점별 구성 메뉴 및 주류 제공 방식의 차이가 있을 수 있습니다.)\n\n📄매장: 샤브올데이 과천주차타워점\n📄위치: 경기 과천시 과천대로5길 6 2층\n\n#샤브올데이 #팽이버섯 #샤브샤브 #뷔페맛집"", ""thumbnails"": {""default"": {""url"": ""https://i.ytimg.com/vi/38hrw8WH6zk/default.jpg"", ""width"": 120, ""height"": 90}, ""medium"": {""url"": ""https://i.ytimg.com/vi/38hrw8WH6zk/mqdefault.jpg"", ""width"": 320, ""height"": 180}, ""high"": {""url"": ""https://i.ytimg.com/vi/38hrw8WH6zk/hqdefault.jpg"", ""width"": 480, ""height"": 360}, ""standard"": {""url"": ""https://i.ytimg.com/vi/38hrw8WH6zk/sddefault.jpg"", ""width"": 640, ""height"": 480}, ""maxres"": {""url"": ""https://i.ytimg.com/vi/38hrw8WH6zk/maxresdefault.jpg"", ""width"": 1280, ""height"": 720}}, ""channelTitle"": ""먹통령 - 맛집 대통령"", ""categoryId"": ""22"", ""liveBroadcastContent"": ""none"", ""defaultLanguage"": ""ko"", ""localized"": {""title"": ""샤브올데이 역대급 개꿀팁 10가지"", ""description"": ""[저장필수]쩝쩝박사 손님들 수법 다 털어드림\n\n1. 팽이버섯꼬치\n- 인생에서 먹은 꼬치중에 1등이어요.. 소스는 칠리2:시그니처2: 고추기름1 섞어주면 되는데 살짝 매콤하니까 치즈소스 찍먹 필수\n\n2. 치즈버거\n- 일본에서 먹은 철판치즈버거보다 더 맛있음.. 양지고기로 버거 만들어서 따뜻한 치즈에 푹 찍어먹으면 극락행ㅠ\n\n3. 치즈라떼\n- 치즈덕후들 제발 드셔주세요.. 아이스크림+커피+치즈 조합인데 쉐킷쉐킷해서 마시면 꿀떡꿀떡 들어감..\n\n4. 치즈패션후르츠\n- 패션후르츠에 치즈 올려주면 끝. 얘네 둘 진짜 잘어울림..ㅎ\n\n5. 치즈리조또\n- 볶음밥의 시대는 끝났다. 이제 무조건 리조또로 드세요. 마라육수로 만든 볶음밥에 치즈 넣어주면 마라로제리조또 되는데 이게 진짜 마쉿서혀..\n\n💌이외의 쩝쩝박사들이 샤브올데이 뽕뽑는 꿀팁 10가지 총정리는 댓글에 ‘쩝쩝’ 달아주시면 싹다 보내드릴게용〰️\n\n(지점별 구성 메뉴 및 주류 제공 방식의 차이가 있을 수 있습니다.)\n\n📄매장: 샤브올데이 과천주차타워점\n📄위치: 경기 과천시 과천대로5길 6 2층\n\n#샤브올데이 #팽이버섯 #샤브샤브 #뷔페맛집""}}, ""statistics"": {""viewCount"": ""9564"", ""likeCount"": ""70"", ""favoriteCount"": ""0"", ""commentCount"": ""6""}}",,,,
샤브올데이,single_term_fallback,샤브올데이,JAvIShwDuf4,샤브올데이 히든 메뉴 자이언트 월남쌈,2026-03-16T08:58:41Z,12205.0,0.0,2.0,https://www.youtube.com/watch?v=JAvIShwDuf4,youtube,샤브올데이,canonical,1.0,2026-05-26T11:17:04.805326+00:00,12205,0,2,2,하루테이스티 harutasty,,"{""kind"": ""youtube#video"", ""etag"": ""8LV0uKkrKPNDOYjmycVo8ghiP7g"", ""id"": ""JAvIShwDuf4"", ""snippet"": {""publishedAt"": ""2026-03-16T08:58:41Z"", ""channelId"": ""UCS-xuLwqV0yuFCWuq662cjA"", ""title"": ""샤브올데이 히든 메뉴 자이언트 월남쌈"", ""description"": """", ""thumbnails"": {""default"": {""url"": ""https://i.ytimg.com/vi/JAvIShwDuf4/default.jpg"", ""width"": 120, ""height"": 90}, ""medium"": {""url"": ""https://i.ytimg.com/vi/JAvIShwDuf4/mqdefault.jpg"", ""width"": 320, ""height"": 180}, ""high"": {""url"": ""https://i.ytimg.com/vi/JAvIShwDuf4/hqdefault.jpg"", ""width"": 480, ""height"": 360}, ""standard"": {""url"": ""https://i.ytimg.com/vi/JAvIShwDuf4/sddefault.jpg"", ""width"": 640, ""height"": 480}, ""maxres"": {""url"": ""https://i.ytimg.com/vi/JAvIShwDuf4/maxresdefault.jpg"", ""width"": 1280, ""height"": 720}}, ""channelTitle"": ""하루테이스티 harutasty"", ""categoryId"": ""22"", ""liveBroadcastContent"": ""none"", ""defaultLanguage"": ""ko"", ""localized"": {""title"": ""샤브올데이 히든 메뉴 자이언트 월남쌈"", ""description"": """"}, ""defaultAudioLanguage"": ""ko""}, ""statistics"": {""viewCount"": ""12205"", ""favoriteCount"": ""0"", ""commentCount"": ""2""}}",,,,
샤브올데이,single_term_fallback,샤브올데이,rQemnDefjG8,요즘 유행하는 자이언트 월남쌈 먹어보기 #샤브올데이 #샤브샤브뷔페,2026-03-29T10:42:18Z,11147.0,36.0,3.0,https://www.youtube.com/watch?v=rQemnDefjG8,youtube,샤브올데이,canonical,1.0,2026-05-26T11:17:04.805326+00:00,11147,36,3,39,맛집여행다니는 혜띠,,"{""kind"": ""youtube#video"", ""etag"": ""ol091ytdN4oNo9U-szxYkNx4gZo"", ""id"": ""rQemnDefjG8"", ""snippet"": {""publishedAt"": ""2026-03-29T10:42:18Z"", ""channelId"": ""UCdB7n4_22KqbuLtfJa1DO9w"", ""title"": ""요즘 유행하는 자이언트 월남쌈 먹어보기 #샤브올데이 #샤브샤브뷔페"", ""description"": """", ""thumbnails"": {""default"": {""url"": ""https://i.ytimg.com/vi/rQemnDefjG8/default.jpg"", ""width"": 120, ""height"": 90}, ""medium"": {""url"": ""https://i.ytimg.com/vi/rQemnDefjG8/mqdefault.jpg"", ""width"": 320, ""height"": 180}, ""high"": {""url"": ""https://i.ytimg.com/vi/rQemnDefjG8/hqdefault.jpg"", ""width"": 480, ""height"": 360}, ""standard"": {""url"": ""https://i.ytimg.com/vi/rQemnDefjG8/sddefault.jpg"", ""width"": 640, ""height"": 480}, ""maxres"": {""url"": ""https://i.ytimg.com/vi/rQemnDefjG8/maxresdefault.jpg"", ""width"": 1280, ""height"": 720}}, ""channelTitle"": ""맛집여행다니는 혜띠"", ""categoryId"": ""22"", ""liveBroadcastContent"": ""none"", ""defaultLanguage"": ""ko"", ""localized"": {""title"": ""요즘 유행하는 자이언트 월남쌈 먹어보기 #샤브올데이 #샤브샤브뷔페"", ""description"": """"}, ""defaultAudioLanguage"": ""ko""}, ""statistics"": {""viewCount"": ""11147"", ""likeCount"": ""36"", ""favoriteCount"": ""0"", ""commentCount"": ""3""}}",,,,
샤브올데이,single_term_fallback,샤브올데이,dkiVD8VxwaI,샤브올데이 #뷔페 에서 이거까지 무제한이라고?,2026-03-20T08:51:06Z,9909.0,64.0,3.0,https://www.youtube.com/watch?v=dkiVD8VxwaI,youtube,샤브올데이,canonical,1.0,2026-05-26T11:17:04.805326+00:00,9909,64,3,67,냠플렉스,"샤브올데이에 요즘 난리난 신메뉴 떴습니다… 🧀🔥(저장•공유•리포스트)

버터떡만큼 쫀득한 신메뉴 나왔다길래 
먹어봤는데
이게 바로 크런치 인절미인데요,

이거 그냥 먹어도 맛있는데
치즈 폭포 소스에 찍어먹는 순간… 
게임 끝입니다

진짜 이 조합은 반칙이에요;;

그리고 여기서 더 좋아요 👇

미니버거 만들어서
소스 푹~~~ 찍먹하면
JMTGRrrr…

떡볶이에 면 추가하고
치즈소스까지 넣어주면
그거 그냥 로제 완성되는 거 아시죠…?

슬슬 느끼해질 타이밍에
샤브 한입 넣어주면
입안 싹 정리되면서 다시 먹을 수 있음ㅋㅋ

마무리로
애플치즈망고 빙수까지 먹으면
샤브 먹으러 왔다가
치즈파티 하고 나오는 코스 됩니다.

요즘 치즈 제대로 먹고 싶다 하면
저장하고 꼭 가보세요! 

📍 샤브올데이 서울 오금점
(서울 송파구 동남로 335 2층)

*3/20 오늘 샤브올데이 봄 신메뉴 출시*
- 지점별 신메뉴 출시일이 상이할 수 있습니다
- 지점별로 구성 메뉴 차이 있을 수 있습니다

#샤브올데이 #샤브샤브 #샤브올데이신메뉴 #샤브올데이서울오금점 #치즈퐁듀 #맛집추천 #뷔페","{""kind"": ""youtube#video"", ""etag"": ""_GThrF8h47QUzCfnVcdYQpbZcMk"", ""id"": ""dkiVD8VxwaI"", ""snippet"": {""publishedAt"": ""2026-03-20T08:51:06Z"", ""channelId"": ""UCU9K8jVq0quPDDf4pX30e3g"", ""title"": ""샤브올데이 #뷔페 에서 이거까지 무제한이라고?"", ""description"": ""샤브올데이에 요즘 난리난 신메뉴 떴습니다… 🧀🔥(저장•공유•리포스트)\n\n버터떡만큼 쫀득한 신메뉴 나왔다길래 \n먹어봤는데\n이게 바로 크런치 인절미인데요,\n\n이거 그냥 먹어도 맛있는데\n치즈 폭포 소스에 찍어먹는 순간… \n게임 끝입니다\n\n진짜 이 조합은 반칙이에요;;\n\n그리고 여기서 더 좋아요 👇\n\n미니버거 만들어서\n소스 푹~~~ 찍먹하면\nJMTGRrrr…\n\n떡볶이에 면 추가하고\n치즈소스까지 넣어주면\n그거 그냥 로제 완성되는 거 아시죠…?\n\n슬슬 느끼해질 타이밍에\n샤브 한입 넣어주면\n입안 싹 정리되면서 다시 먹을 수 있음ㅋㅋ\n\n마무리로\n애플치즈망고 빙수까지 먹으면\n샤브 먹으러 왔다가\n치즈파티 하고 나오는 코스 됩니다.\n\n요즘 치즈 제대로 먹고 싶다 하면\n저장하고 꼭 가보세요! \n\n📍 샤브올데이 서울 오금점\n(서울 송파구 동남로 335 2층)\n\n*3/20 오늘 샤브올데이 봄 신메뉴 출시*\n- 지점별 신메뉴 출시일이 상이할 수 있습니다\n- 지점별로 구성 메뉴 차이 있을 수 있습니다\n\n#샤브올데이 #샤브샤브 #샤브올데이신메뉴 #샤브올데이서울오금점 #치즈퐁듀 #맛집추천 #뷔페"", ""thumbnails"": {""default"": {""url"": ""https://i.ytimg.com/vi/dkiVD8VxwaI/default.jpg"", ""width"": 120, ""height"": 90}, ""medium"": {""url"": ""https://i.ytimg.com/vi/dkiVD8VxwaI/mqdefault.jpg"", ""width"": 320, ""height"": 180}, ""high"": {""url"": ""https://i.ytimg.com/vi/dkiVD8VxwaI/hqdefault.jpg"", ""width"": 480, ""height"": 360}, ""standard"": {""url"": ""https://i.ytimg.com/vi/dkiVD8VxwaI/sddefault.jpg"", ""width"": 640, ""height"": 480}, ""maxres"": {""url"": ""https://i.ytimg.com/vi/dkiVD8VxwaI/maxresdefault.jpg"", ""width"": 1280, ""height"": 720}}, ""channelTitle"": ""냠플렉스"", ""categoryId"": ""22"", ""liveBroadcastContent"": ""none"", ""defaultLanguage"": ""ko"", ""localized"": {""title"": ""샤브올데이 #뷔페 에서 이거까지 무제한이라고?"", ""description"": ""샤브올데이에 요즘 난리난 신메뉴 떴습니다… 🧀🔥(저장•공유•리포스트)\n\n버터떡만큼 쫀득한 신메뉴 나왔다길래 \n먹어봤는데\n이게 바로 크런치 인절미인데요,\n\n이거 그냥 먹어도 맛있는데\n치즈 폭포 소스에 찍어먹는 순간… \n게임 끝입니다\n\n진짜 이 조합은 반칙이에요;;\n\n그리고 여기서 더 좋아요 👇\n\n미니버거 만들어서\n소스 푹~~~ 찍먹하면\nJMTGRrrr…\n\n떡볶이에 면 추가하고\n치즈소스까지 넣어주면\n그거 그냥 로제 완성되는 거 아시죠…?\n\n슬슬 느끼해질 타이밍에\n샤브 한입 넣어주면\n입안 싹 정리되면서 다시 먹을 수 있음ㅋㅋ\n\n마무리로\n애플치즈망고 빙수까지 먹으면\n샤브 먹으러 왔다가\n치즈파티 하고 나오는 코스 됩니다.\n\n요즘 치즈 제대로 먹고 싶다 하면\n저장하고 꼭 가보세요! \n\n📍 샤브올데이 서울 오금점\n(서울 송파구 동남로 335 2층)\n\n*3/20 오늘 샤브올데이 봄 신메뉴 출시*\n- 지점별 신메뉴 출시일이 상이할 수 있습니다\n- 지점별로 구성 메뉴 차이 있을 수 있습니다\n\n#샤브올데이 #샤브샤브 #샤브올데이신메뉴 #샤브올데이서울오금점 #치즈퐁듀 #맛집추천 #뷔페""}, ""defaultAudioLanguage"": ""ko""}, ""statistics"": {""viewCount"": ""9909"", ""likeCount"": ""64"", ""favoriteCount"": ""0"", ""commentCount"": ""3""}}",,,,
샤브올데이,single_term_fallback,샤브올데이,d5wqeOOJc04,샤브올데이 알차게 뿌시는 꿀팁(저장)💡,2026-03-17T03:36:43Z,9108.0,39.0,0.0,https://www.youtube.com/watch?v=d5wqeOOJc04,youtube,샤브올데이,canonical,1.0,2026-05-26T11:17:04.805326+00:00,9108,39,0,39,맛집여행다니는 혜띠,,"{""kind"": ""youtube#video"", ""etag"": ""IqsY2jo8xjpuePIZbxTqpdBj5D8"", ""id"": ""d5wqeOOJc04"", ""snippet"": {""publishedAt"": ""2026-03-17T03:36:43Z"", ""channelId"": ""UCdB7n4_22KqbuLtfJa1DO9w"", ""title"": ""샤브올데이 알차게 뿌시는 꿀팁(저장)💡"", ""description"": """", ""thumbnails"": {""default"": {""url"": ""https://i.ytimg.com/vi/d5wqeOOJc04/default.jpg"", ""width"": 120, ""height"": 90}, ""medium"": {""url"": ""https://i.ytimg.com/vi/d5wqeOOJc04/mqdefault.jpg"", ""width"": 320, ""height"": 180}, ""high"": {""url"": ""https://i.ytimg.com/vi/d5wqeOOJc04/hqdefault.jpg"", ""width"": 480, ""height"": 360}, ""standard"": {""url"": ""https://i.ytimg.com/vi/d5wqeOOJc04/sddefault.jpg"", ""width"": 640, ""height"": 480}, ""maxres"": {""url"": ""https://i.ytimg.com/vi/d5wqeOOJc04/maxresdefault.jpg"", ""width"": 1280, ""height"": 720}}, ""channelTitle"": ""맛집여행다니는 혜띠"", ""categoryId"": ""22"", ""liveBroadcastContent"": ""none"", ""defaultLanguage"": ""ko"", ""localized"": {""title"": ""샤브올데이 알차게 뿌시는 꿀팁(저장)💡"", ""description"": """"}, ""defaultAudioLanguage"": ""ko""}, ""statistics"": {""viewCount"": ""9108"", ""likeCount"": ""39"", ""favoriteCount"": ""0"", ""commentCount"": ""0""}}",,,,
샤브올데이,single_term_fallback,샤브올데이,3mlFeZSTB_Q,샤브올데이 역대급 치즈 신메뉴 ㄷㄷ,2026-03-26T06:47:07Z,10513.0,51.0,3.0,https://www.youtube.com/watch?v=3mlFeZSTB_Q,youtube,샤브올데이,canonical,1.0,2026-05-26T11:17:04.805326+00:00,10513,51,3,54,너굴,,"{""kind"": ""youtube#video"", ""etag"": ""YsENKPmkS6N8k2TWCmBx_N4dmFo"", ""id"": ""3mlFeZSTB_Q"", ""snippet"": {""publishedAt"": ""2026-03-26T06:47:07Z"", ""channelId"": ""UC881XAyrXWhz__BGsygFwfA"", ""title"": ""샤브올데이 역대급 치즈 신메뉴 ㄷㄷ"", ""description"": """", ""thumbnails"": {""default"": {""url"": ""https://i.ytimg.com/vi/3mlFeZSTB_Q/default.jpg"", ""width"": 120, ""height"": 90}, ""medium"": {""url"": ""https://i.ytimg.com/vi/3mlFeZSTB_Q/mqdefault.jpg"", ""width"": 320, ""height"": 180}, ""high"": {""url"": ""https://i.ytimg.com/vi/3mlFeZSTB_Q/hqdefault.jpg"", ""width"": 480, ""height"": 360}, ""standard"": {""url"": ""https://i.ytimg.com/vi/3mlFeZSTB_Q/sddefault.jpg"", ""width"": 640, ""height"": 480}, ""maxres"": {""url"": ""https://i.ytimg.com/vi/3mlFeZSTB_Q/maxresdefault.jpg"", ""width"": 1280, ""height"": 720}}, ""channelTitle"": ""너굴"", ""categoryId"": ""19"", ""liveBroadcastContent"": ""none"", ""defaultLanguage"": ""ko"", ""localized"": {""title"": ""샤브올데이 역대급 치즈 신메뉴 ㄷㄷ"", ""description"": """"}}, ""statistics"": {""viewCount"": ""10513"", ""likeCount"": ""51"", ""favoriteCount"": ""0"", ""commentCount"": ""3""}}",,,,
샤브올데이,single_term_fallback,샤브올데이,VubYtLNpwTQ,샤브올데이 치즈파티 파산내는법 최신근황,2026-04-07T00:41:17Z,7993.0,61.0,5.0,https://www.youtube.com/watch?v=VubYtLNpwTQ,youtube,샤브올데이,canonical,1.0,2026-05-26T11:17:04.805326+00:00,7993,61,5,66,소원이가 말하는 맛집,,"{""kind"": ""youtube#video"", ""etag"": ""4YJSjpGTRLRtNmpZp5hLHir98IQ"", ""id"": ""VubYtLNpwTQ"", ""snippet"": {""publishedAt"": ""2026-04-07T00:41:17Z"", ""channelId"": ""UCBHanlck7NdVFyBHQVgjSYQ"", ""title"": ""샤브올데이 치즈파티 파산내는법 최신근황"", ""description"": """", ""thumbnails"": {""default"": {""url"": ""https://i.ytimg.com/vi/VubYtLNpwTQ/default.jpg"", ""width"": 120, ""height"": 90}, ""medium"": {""url"": ""https://i.ytimg.com/vi/VubYtLNpwTQ/mqdefault.jpg"", ""width"": 320, ""height"": 180}, ""high"": {""url"": ""https://i.ytimg.com/vi/VubYtLNpwTQ/hqdefault.jpg"", ""width"": 480, ""height"": 360}, ""standard"": {""url"": ""https://i.ytimg.com/vi/VubYtLNpwTQ/sddefault.jpg"", ""width"": 640, ""height"": 480}, ""maxres"": {""url"": ""https://i.ytimg.com/vi/VubYtLNpwTQ/maxresdefault.jpg"", ""width"": 1280, ""height"": 720}}, ""channelTitle"": ""소원이가 말하는 맛집"", ""categoryId"": ""22"", ""liveBroadcastContent"": ""none"", ""defaultLanguage"": ""ko"", ""localized"": {""title"": ""샤브올데이 치즈파티 파산내는법 최신근황"", ""description"": """"}}, ""statistics"": {""viewCount"": ""7993"", ""likeCount"": ""61"", ""favoriteCount"": ""0"", ""commentCount"": ""5""}}",,,,
샤브올데이,single_term_fallback,샤브올데이,r0HxKZnG1v8,샤브올데이 대신 샤브홈데이 도삭면 레시피,2026-03-28T07:39:28Z,12793.0,32.0,1.0,https://www.youtube.com/watch?v=r0HxKZnG1v8,youtube,샤브올데이,canonical,1.0,2026-05-26T11:17:04.805326+00:00,12793,32,1,33,그럼에도홀리키(Holi.ky),,"{""kind"": ""youtube#video"", ""etag"": ""Br5CRgpTqS5Ipt6GR8RX-6LnKE4"", ""id"": ""r0HxKZnG1v8"", ""snippet"": {""publishedAt"": ""2026-03-28T07:39:28Z"", ""channelId"": ""UCu0qMw8ePAyXdg6_aEhYmlQ"", ""title"": ""샤브올데이 대신 샤브홈데이 도삭면 레시피"", ""description"": """", ""thumbnails"": {""default"": {""url"": ""https://i.ytimg.com/vi/r0HxKZnG1v8/default.jpg"", ""width"": 120, ""height"": 90}, ""medium"": {""url"": ""https://i.ytimg.com/vi/r0HxKZnG1v8/mqdefault.jpg"", ""width"": 320, ""height"": 180}, ""high"": {""url"": ""https://i.ytimg.com/vi/r0HxKZnG1v8/hqdefault.jpg"", ""width"": 480, ""height"": 360}, ""standard"": {""url"": ""https://i.ytimg.com/vi/r0HxKZnG1v8/sddefault.jpg"", ""width"": 640, ""height"": 480}, ""maxres"": {""url"": ""https://i.ytimg.com/vi/r0HxKZnG1v8/maxresdefault.jpg"", ""width"": 1280, ""height"": 720}}, ""channelTitle"": ""그럼에도홀리키(Holi.ky)"", ""categoryId"": ""26"", ""liveBroadcastContent"": ""none"", ""defaultLanguage"": ""ko"", ""localized"": {""title"": ""샤브올데이 대신 샤브홈데이 도삭면 레시피"", ""description"": """"}, ""defaultAudioLanguage"": ""en""}, ""statistics"": {""viewCount"": ""12793"", ""likeCount"": ""32"", ""favoriteCount"": ""0"", ""commentCount"": ""1""}}",,,,
샤브올데이,single_term_fallback,샤브올데이,6kVVNnO8JSc,샤브올데이 신메뉴 개꿀 조합 Best5,2026-04-08T12:33:05Z,9115.0,44.0,3.0,https://www.youtube.com/watch?v=6kVVNnO8JSc,youtube,샤브올데이,canonical,1.0,2026-05-26T11:17:04.805326+00:00,9115,44,3,47,강추ㅣ음식의 모든 것,"샤브올데이 신메뉴 개꿀 조합 Best5

#샤브올데이 서울봉천점
📍서울 관악구 쑥고개로 60 1층

*지점별로 구성 메뉴가 차이 가 있을 수 있습니다

-------------------------------
⬇️ 음식의 모든 정보들을
보고 싶다면 '팔로우' 하세요🔥

#샤브샤브 #샤브올데이신메뉴 #치즈퐁듀","{""kind"": ""youtube#video"", ""etag"": ""3JFBdwVn2R3jEmuOzzqhtAPw_sI"", ""id"": ""6kVVNnO8JSc"", ""snippet"": {""publishedAt"": ""2026-04-08T12:33:05Z"", ""channelId"": ""UCVBTzG19GcGmZtroqIfVTMg"", ""title"": ""샤브올데이 신메뉴 개꿀 조합 Best5"", ""description"": ""샤브올데이 신메뉴 개꿀 조합 Best5\n\n#샤브올데이 서울봉천점\n📍서울 관악구 쑥고개로 60 1층\n\n*지점별로 구성 메뉴가 차이 가 있을 수 있습니다\n\n-------------------------------\n⬇️ 음식의 모든 정보들을\n보고 싶다면 '팔로우' 하세요🔥\n\n#샤브샤브 #샤브올데이신메뉴 #치즈퐁듀"", ""thumbnails"": {""default"": {""url"": ""https://i.ytimg.com/vi/6kVVNnO8JSc/default.jpg"", ""width"": 120, ""height"": 90}, ""medium"": {""url"": ""https://i.ytimg.com/vi/6kVVNnO8JSc/mqdefault.jpg"", ""width"": 320, ""height"": 180}, ""high"": {""url"": ""https://i.ytimg.com/vi/6kVVNnO8JSc/hqdefault.jpg"", ""width"": 480, ""height"": 360}, ""standard"": {""url"": ""https://i.ytimg.com/vi/6kVVNnO8JSc/sddefault.jpg"", ""width"": 640, ""height"": 480}, ""maxres"": {""url"": ""https://i.ytimg.com/vi/6kVVNnO8JSc/maxresdefault.jpg"", ""width"": 1280, ""height"": 720}}, ""channelTitle"": ""강추ㅣ음식의 모든 것"", ""tags"": [""샤브올데이"", ""샤브샤브"", ""샤브올데이신메뉴"", ""샤브올데이꿀조합"", ""치즈퐁듀"", ""맛집"", ""맛집추천"", ""강추""], ""categoryId"": ""24"", ""liveBroadcastContent"": ""none"", ""defaultLanguage"": ""ko"", ""localized"": {""title"": ""샤브올데이 신메뉴 개꿀 조합 Best5"", ""description"": ""샤브올데이 신메뉴 개꿀 조합 Best5\n\n#샤브올데이 서울봉천점\n📍서울 관악구 쑥고개로 60 1층\n\n*지점별로 구성 메뉴가 차이 가 있을 수 있습니다\n\n-------------------------------\n⬇️ 음식의 모든 정보들을\n보고 싶다면 '팔로우' 하세요🔥\n\n#샤브샤브 #샤브올데이신메뉴 #치즈퐁듀""}}, ""statistics"": {""viewCount"": ""9115"", ""likeCount"": ""44"", ""favoriteCount"": ""0"", ""commentCount"": ""3""}}",,,,
샤브올데이,single_term_fallback,샤브올데이,ZpJmUrQnjDU,"컴포즈, 샤브올데이 꿀꺽 필리핀 회사 '졸리비'",2026-05-22T00:41:08Z,9361.0,47.0,4.0,https://www.youtube.com/watch?v=ZpJmUrQnjDU,youtube,샤브올데이,canonical,1.0,2026-05-26T11:17:04.805326+00:00,9361,47,4,51,오늘부터 회계사,"컴포즈커피에 이어 샤브올데이까지 삼킨 '졸리비'가 도대체 어떤 기업인지 궁금하셨죠? 필리핀의 맥도날드라 불리는 외식 공룡 졸리비가 한국 시장을 공격적으로 확장하는 속사정을 지금 바로 확인해보세요.

#졸리비 #컴포즈커피 #샤브올데이 #기업분석 #오늘부터회계사","{""kind"": ""youtube#video"", ""etag"": ""2exq_ZzJXW2rThmZ6wY3tEO5IOk"", ""id"": ""ZpJmUrQnjDU"", ""snippet"": {""publishedAt"": ""2026-05-22T00:41:08Z"", ""channelId"": ""UClhPqabyOHBxJzMkQ7k-pxg"", ""title"": ""컴포즈, 샤브올데이 꿀꺽 필리핀 회사 '졸리비'"", ""description"": ""컴포즈커피에 이어 샤브올데이까지 삼킨 '졸리비'가 도대체 어떤 기업인지 궁금하셨죠? 필리핀의 맥도날드라 불리는 외식 공룡 졸리비가 한국 시장을 공격적으로 확장하는 속사정을 지금 바로 확인해보세요.\n\n#졸리비 #컴포즈커피 #샤브올데이 #기업분석 #오늘부터회계사"", ""thumbnails"": {""default"": {""url"": ""https://i.ytimg.com/vi/ZpJmUrQnjDU/default.jpg"", ""width"": 120, ""height"": 90}, ""medium"": {""url"": ""https://i.ytimg.com/vi/ZpJmUrQnjDU/mqdefault.jpg"", ""width"": 320, ""height"": 180}, ""high"": {""url"": ""https://i.ytimg.com/vi/ZpJmUrQnjDU/hqdefault.jpg"", ""width"": 480, ""height"": 360}, ""standard"": {""url"": ""https://i.ytimg.com/vi/ZpJmUrQnjDU/sddefault.jpg"", ""width"": 640, ""height"": 480}, ""maxres"": {""url"": ""https://i.ytimg.com/vi/ZpJmUrQnjDU/maxresdefault.jpg"", ""width"": 1280, ""height"": 720}}, ""channelTitle"": ""오늘부터 회계사"", ""tags"": [""K푸드"", ""경제 뉴스"", ""기업 지배구조"", ""샤브올데이"", ""외식업계 이슈"", ""졸리비"", ""졸리비 인수"", ""컴포즈커피"", ""필리핀 기업""], ""categoryId"": ""25"", ""liveBroadcastContent"": ""none"", ""defaultLanguage"": ""ko"", ""localized"": {""title"": ""컴포즈, 샤브올데이 꿀꺽 필리핀 회사 '졸리비'"", ""description"": ""컴포즈커피에 이어 샤브올데이까지 삼킨 '졸리비'가 도대체 어떤 기업인지 궁금하셨죠? 필리핀의 맥도날드라 불리는 외식 공룡 졸리비가 한국 시장을 공격적으로 확장하는 속사정을 지금 바로 확인해보세요.\n\n#졸리비 #컴포즈커피 #샤브올데이 #기업분석 #오늘부터회계사""}}, ""statistics"": {""viewCount"": ""9361"", ""likeCount"": ""47"", ""favoriteCount"": ""0"", ""commentCount"": ""4""}}",,,,
샤브올데이,single_term_fallback,샤브올데이,42ctmbN8VKI,샤브올데이 서현점 맥주잔 자동충전기 작동 영상 #샤브올데이,2026-05-03T21:57:22Z,9532.0,5.0,2.0,https://www.youtube.com/watch?v=42ctmbN8VKI,youtube,샤브올데이,canonical,1.0,2026-05-26T11:17:04.805326+00:00,9532,5,2,7,제타,"26.05.03 외식 현장입니다.
너무 신기한 맥주 공급기를 봐서 직접 촬영했습니다.","{""kind"": ""youtube#video"", ""etag"": ""aKuHa55s0QOvakEIq2lEetqWcq8"", ""id"": ""42ctmbN8VKI"", ""snippet"": {""publishedAt"": ""2026-05-03T21:57:22Z"", ""channelId"": ""UCstQ1WlVHAi_iPm-f_YGpag"", ""title"": ""샤브올데이 서현점 맥주잔 자동충전기 작동 영상 #샤브올데이"", ""description"": ""26.05.03 외식 현장입니다.\n너무 신기한 맥주 공급기를 봐서 직접 촬영했습니다."", ""thumbnails"": {""default"": {""url"": ""https://i.ytimg.com/vi/42ctmbN8VKI/default.jpg"", ""width"": 120, ""height"": 90}, ""medium"": {""url"": ""https://i.ytimg.com/vi/42ctmbN8VKI/mqdefault.jpg"", ""width"": 320, ""height"": 180}, ""high"": {""url"": ""https://i.ytimg.com/vi/42ctmbN8VKI/hqdefault.jpg"", ""width"": 480, ""height"": 360}, ""standard"": {""url"": ""https://i.ytimg.com/vi/42ctmbN8VKI/sddefault.jpg"", ""width"": 640, ""height"": 480}, ""maxres"": {""url"": ""https://i.ytimg.com/vi/42ctmbN8VKI/maxresdefault.jpg"", ""width"": 1280, ""height"": 720}}, ""channelTitle"": ""제타"", ""categoryId"": ""22"", ""liveBroadcastContent"": ""none"", ""defaultLanguage"": ""ko"", ""localized"": {""title"": ""샤브올데이 서현점 맥주잔 자동충전기 작동 영상 #샤브올데이"", ""description"": ""26.05.03 외식 현장입니다.\n너무 신기한 맥주 공급기를 봐서 직접 촬영했습니다.""}}, ""statistics"": {""viewCount"": ""9532"", ""likeCount"": ""5"", ""favoriteCount"": ""0"", ""commentCount"": ""2""}}",,,,
샤브올데이,single_term_fallback,샤브올데이,ksliCdnsYJ8,성격 급한 친구는 자이언트월남쌈을 먹어요 #샤브올데이 #샤브샤브  #샤브올데이서울천호점 #자이언트월남쌈 #월남쌈,2026-03-09T09:31:55Z,8056.0,31.0,3.0,https://www.youtube.com/watch?v=ksliCdnsYJ8,youtube,샤브올데이,canonical,1.0,2026-05-26T11:17:04.805326+00:00,8056,31,3,34,맛케어,,"{""kind"": ""youtube#video"", ""etag"": ""-1PjAFmDAQPG7d2J9dxH8kI6STQ"", ""id"": ""ksliCdnsYJ8"", ""snippet"": {""publishedAt"": ""2026-03-09T09:31:55Z"", ""channelId"": ""UCGWGUvTXTJX_04Rvszv5A2g"", ""title"": ""성격 급한 친구는 자이언트월남쌈을 먹어요 #샤브올데이 #샤브샤브  #샤브올데이서울천호점 #자이언트월남쌈 #월남쌈"", ""description"": """", ""thumbnails"": {""default"": {""url"": ""https://i.ytimg.com/vi/ksliCdnsYJ8/default.jpg"", ""width"": 120, ""height"": 90}, ""medium"": {""url"": ""https://i.ytimg.com/vi/ksliCdnsYJ8/mqdefault.jpg"", ""width"": 320, ""height"": 180}, ""high"": {""url"": ""https://i.ytimg.com/vi/ksliCdnsYJ8/hqdefault.jpg"", ""width"": 480, ""height"": 360}, ""standard"": {""url"": ""https://i.ytimg.com/vi/ksliCdnsYJ8/sddefault.jpg"", ""width"": 640, ""height"": 480}, ""maxres"": {""url"": ""https://i.ytimg.com/vi/ksliCdnsYJ8/maxresdefault.jpg"", ""width"": 1280, ""height"": 720}}, ""channelTitle"": ""맛케어"", ""categoryId"": ""22"", ""liveBroadcastContent"": ""none"", ""defaultLanguage"": ""ko"", ""localized"": {""title"": ""성격 급한 친구는 자이언트월남쌈을 먹어요 #샤브올데이 #샤브샤브  #샤브올데이서울천호점 #자이언트월남쌈 #월남쌈"", ""description"": """"}, ""defaultAudioLanguage"": ""ko""}, ""statistics"": {""viewCount"": ""8056"", ""likeCount"": ""31"", ""favoriteCount"": ""0"", ""commentCount"": ""3""}}",,,,
샤브올데이,single_term_fallback,샤브올데이,cOvIzMeUMMA,샤브올데이 알바생이 말아주는 역대급 핵꿀팁 10가지,2026-04-23T09:01:02Z,6101.0,70.0,2.0,https://www.youtube.com/watch?v=cOvIzMeUMMA,youtube,샤브올데이,canonical,1.0,2026-05-26T11:17:04.805326+00:00,6101,70,2,72,먹통령 - 맛집 대통령,"[저장필수]샵올 100분 이렇게 쓰세요.

✅불닭팽이쌈
- 알바생 동기가 제발 해먹어보라고 하길래 속는셈 한 번 만들어봤는데 미쳤네,, 다 만들어서 김가루 뿌리고 로제st소스((참깨1:땅콩1:칠리1:고추기름0.5))에 찍먹하면 대박이에효,,

✅연유치즈떡
- 라이스페이퍼 떡.. 요게 해외에서 유행하는데에는 다 이유가 있었음;; 인절미가루도 묻혀보고 치즈가루도 묻혀봤는데 김가루 얘가 대박임..ㄷㄷ

✅자이언트 고기쌈
- 요거 한덩이 놓아두면 고기덕후들은 젓가락 싸움납니다..ㅎ(득달같이 달려든다고..ㅋㅋ)

✅짭동비빔밥
- 곤드레밥에 각종 야채, 고기, 고추장, 참기름, 계란 넣고 비벼주면 봄동비빔밥보다 더맛있는디요..

💌이외의 샤브올데이 핵꿀팁 모음, 알바생 소스 모음이 궁금하다면 댓글에 ’샵올‘ 달아주세요. 디엠으로 총정리(10가지) 보내드릴게요!

(지점별 구성 메뉴 및 주류 제공 방식의 차이가 있을 수 있습니다.)

📄매장: 샤브올데이 용인마북점
📄위치: 경기 용인시 기흥구 용구대로 2439 2층

#샤브올데이 #뷔페꿀팁","{""kind"": ""youtube#video"", ""etag"": ""SoBQISMzfKx1q8qwE0fozMJpe1M"", ""id"": ""cOvIzMeUMMA"", ""snippet"": {""publishedAt"": ""2026-04-23T09:01:02Z"", ""channelId"": ""UCPhIE-e1FfsMeYWKig-MbYg"", ""title"": ""샤브올데이 알바생이 말아주는 역대급 핵꿀팁 10가지"", ""description"": ""[저장필수]샵올 100분 이렇게 쓰세요.\n\n✅불닭팽이쌈\n- 알바생 동기가 제발 해먹어보라고 하길래 속는셈 한 번 만들어봤는데 미쳤네,, 다 만들어서 김가루 뿌리고 로제st소스((참깨1:땅콩1:칠리1:고추기름0.5))에 찍먹하면 대박이에효,,\n\n✅연유치즈떡\n- 라이스페이퍼 떡.. 요게 해외에서 유행하는데에는 다 이유가 있었음;; 인절미가루도 묻혀보고 치즈가루도 묻혀봤는데 김가루 얘가 대박임..ㄷㄷ\n\n✅자이언트 고기쌈\n- 요거 한덩이 놓아두면 고기덕후들은 젓가락 싸움납니다..ㅎ(득달같이 달려든다고..ㅋㅋ)\n\n✅짭동비빔밥\n- 곤드레밥에 각종 야채, 고기, 고추장, 참기름, 계란 넣고 비벼주면 봄동비빔밥보다 더맛있는디요..\n\n💌이외의 샤브올데이 핵꿀팁 모음, 알바생 소스 모음이 궁금하다면 댓글에 ’샵올‘ 달아주세요. 디엠으로 총정리(10가지) 보내드릴게요!\n\n(지점별 구성 메뉴 및 주류 제공 방식의 차이가 있을 수 있습니다.)\n\n📄매장: 샤브올데이 용인마북점\n📄위치: 경기 용인시 기흥구 용구대로 2439 2층\n\n#샤브올데이 #뷔페꿀팁"", ""thumbnails"": {""default"": {""url"": ""https://i.ytimg.com/vi/cOvIzMeUMMA/default.jpg"", ""width"": 120, ""height"": 90}, ""medium"": {""url"": ""https://i.ytimg.com/vi/cOvIzMeUMMA/mqdefault.jpg"", ""width"": 320, ""height"": 180}, ""high"": {""url"": ""https://i.ytimg.com/vi/cOvIzMeUMMA/hqdefault.jpg"", ""width"": 480, ""height"": 360}, ""standard"": {""url"": ""https://i.ytimg.com/vi/cOvIzMeUMMA/sddefault.jpg"", ""width"": 640, ""height"": 480}, ""maxres"": {""url"": ""https://i.ytimg.com/vi/cOvIzMeUMMA/maxresdefault.jpg"", ""width"": 1280, ""height"": 720}}, ""channelTitle"": ""먹통령 - 맛집 대통령"", ""categoryId"": ""22"", ""liveBroadcastContent"": ""none"", ""defaultLanguage"": ""ko"", ""localized"": {""title"": ""샤브올데이 알바생이 말아주는 역대급 핵꿀팁 10가지"", ""description"": ""[저장필수]샵올 100분 이렇게 쓰세요.\n\n✅불닭팽이쌈\n- 알바생 동기가 제발 해먹어보라고 하길래 속는셈 한 번 만들어봤는데 미쳤네,, 다 만들어서 김가루 뿌리고 로제st소스((참깨1:땅콩1:칠리1:고추기름0.5))에 찍먹하면 대박이에효,,\n\n✅연유치즈떡\n- 라이스페이퍼 떡.. 요게 해외에서 유행하는데에는 다 이유가 있었음;; 인절미가루도 묻혀보고 치즈가루도 묻혀봤는데 김가루 얘가 대박임..ㄷㄷ\n\n✅자이언트 고기쌈\n- 요거 한덩이 놓아두면 고기덕후들은 젓가락 싸움납니다..ㅎ(득달같이 달려든다고..ㅋㅋ)\n\n✅짭동비빔밥\n- 곤드레밥에 각종 야채, 고기, 고추장, 참기름, 계란 넣고 비벼주면 봄동비빔밥보다 더맛있는디요..\n\n💌이외의 샤브올데이 핵꿀팁 모음, 알바생 소스 모음이 궁금하다면 댓글에 ’샵올‘ 달아주세요. 디엠으로 총정리(10가지) 보내드릴게요!\n\n(지점별 구성 메뉴 및 주류 제공 방식의 차이가 있을 수 있습니다.)\n\n📄매장: 샤브올데이 용인마북점\n📄위치: 경기 용인시 기흥구 용구대로 2439 2층\n\n#샤브올데이 #뷔페꿀팁""}, ""defaultAudioLanguage"": ""ko""}, ""statistics"": {""viewCount"": ""6101"", ""likeCount"": ""70"", ""favoriteCount"": ""0"", ""commentCount"": ""2""}}",,,,
샤브올데이,single_term_fallback,샤브올데이,b7nfHvH_W4U,#광고 성격 급한 사람의 월남쌈 먹는 법,2026-04-12T06:31:39Z,10790.0,83.0,5.0,https://www.youtube.com/watch?v=b7nfHvH_W4U,youtube,샤브올데이,canonical,1.0,2026-05-26T11:17:04.805326+00:00,10790,83,5,88,하이아정,"#광고 성격급한 사람의 월남쌈 먹는 법

오랜만에 제 최애 샤브샤브집
샤브올데이 다녀왔어요😌

요즘엔 자이언트 월남쌈이라고
왕 크게 만들어 먹는다면서요?
사이즈만큼 맛도 맛있음👅

망고도 진짜 맛있으니까
마무리로 망고빙수도 꼭 해먹으세요!

📍#샤브올데이부산명륜점
""지점별로 구성 메뉴가 차이가 있을 수 있습니다.""

#샤브올데이 #샤브샤브 #자이언트월남쌈","{""kind"": ""youtube#video"", ""etag"": ""RfFjC6gD5wbUDnmaL7DBjy5bvYU"", ""id"": ""b7nfHvH_W4U"", ""snippet"": {""publishedAt"": ""2026-04-12T06:31:39Z"", ""channelId"": ""UC_tG7UgjBkmy3uNmXKyWt9w"", ""title"": ""#광고 성격 급한 사람의 월남쌈 먹는 법"", ""description"": ""#광고 성격급한 사람의 월남쌈 먹는 법\n\n오랜만에 제 최애 샤브샤브집\n샤브올데이 다녀왔어요😌\n\n요즘엔 자이언트 월남쌈이라고\n왕 크게 만들어 먹는다면서요?\n사이즈만큼 맛도 맛있음👅\n\n망고도 진짜 맛있으니까\n마무리로 망고빙수도 꼭 해먹으세요!\n\n📍#샤브올데이부산명륜점\n\""지점별로 구성 메뉴가 차이가 있을 수 있습니다.\""\n\n#샤브올데이 #샤브샤브 #자이언트월남쌈"", ""thumbnails"": {""default"": {""url"": ""https://i.ytimg.com/vi/b7nfHvH_W4U/default.jpg"", ""width"": 120, ""height"": 90}, ""medium"": {""url"": ""https://i.ytimg.com/vi/b7nfHvH_W4U/mqdefault.jpg"", ""width"": 320, ""height"": 180}, ""high"": {""url"": ""https://i.ytimg.com/vi/b7nfHvH_W4U/hqdefault.jpg"", ""width"": 480, ""height"": 360}, ""standard"": {""url"": ""https://i.ytimg.com/vi/b7nfHvH_W4U/sddefault.jpg"", ""width"": 640, ""height"": 480}, ""maxres"": {""url"": ""https://i.ytimg.com/vi/b7nfHvH_W4U/maxresdefault.jpg"", ""width"": 1280, ""height"": 720}}, ""channelTitle"": ""하이아정"", ""categoryId"": ""22"", ""liveBroadcastContent"": ""none"", ""defaultLanguage"": ""ko"", ""localized"": {""title"": ""#광고 성격 급한 사람의 월남쌈 먹는 법"", ""description"": ""#광고 성격급한 사람의 월남쌈 먹는 법\n\n오랜만에 제 최애 샤브샤브집\n샤브올데이 다녀왔어요😌\n\n요즘엔 자이언트 월남쌈이라고\n왕 크게 만들어 먹는다면서요?\n사이즈만큼 맛도 맛있음👅\n\n망고도 진짜 맛있으니까\n마무리로 망고빙수도 꼭 해먹으세요!\n\n📍#샤브올데이부산명륜점\n\""지점별로 구성 메뉴가 차이가 있을 수 있습니다.\""\n\n#샤브올데이 #샤브샤브 #자이언트월남쌈""}, ""defaultAudioLanguage"": ""ko""}, ""statistics"": {""viewCount"": ""10790"", ""likeCount"": ""83"", ""favoriteCount"": ""0"", ""commentCount"": ""5""}}",,,,
샤브올데이,single_term_fallback,샤브올데이,J2xmGxfjcZM,그리운 김정원 치어리더 샤브올데이 댄스 #shorts #그리움 #치어리더 #김정원 #kimjungwon,2026-04-01T05:01:41Z,8875.0,793.0,13.0,https://www.youtube.com/watch?v=J2xmGxfjcZM,youtube,샤브올데이,canonical,1.0,2026-05-26T11:17:04.805326+00:00,8875,793,13,806,파선tv,"#샤브올데이 #댄스 
#파선tv #구독","{""kind"": ""youtube#video"", ""etag"": ""olv041Be56ocQPoOchDQnbmHJlU"", ""id"": ""J2xmGxfjcZM"", ""snippet"": {""publishedAt"": ""2026-04-01T05:01:41Z"", ""channelId"": ""UChJzm5V8nm4x2FLAZ-tH_Tw"", ""title"": ""그리운 김정원 치어리더 샤브올데이 댄스 #shorts #그리움 #치어리더 #김정원 #kimjungwon"", ""description"": ""#샤브올데이 #댄스 \n#파선tv #구독"", ""thumbnails"": {""default"": {""url"": ""https://i.ytimg.com/vi/J2xmGxfjcZM/default.jpg"", ""width"": 120, ""height"": 90}, ""medium"": {""url"": ""https://i.ytimg.com/vi/J2xmGxfjcZM/mqdefault.jpg"", ""width"": 320, ""height"": 180}, ""high"": {""url"": ""https://i.ytimg.com/vi/J2xmGxfjcZM/hqdefault.jpg"", ""width"": 480, ""height"": 360}, ""standard"": {""url"": ""https://i.ytimg.com/vi/J2xmGxfjcZM/sddefault.jpg"", ""width"": 640, ""height"": 480}, ""maxres"": {""url"": ""https://i.ytimg.com/vi/J2xmGxfjcZM/maxresdefault.jpg"", ""width"": 1280, ""height"": 720}}, ""channelTitle"": ""파선tv"", ""categoryId"": ""22"", ""liveBroadcastContent"": ""none"", ""defaultLanguage"": ""ko"", ""localized"": {""title"": ""그리운 김정원 치어리더 샤브올데이 댄스 #shorts #그리움 #치어리더 #김정원 #kimjungwon"", ""description"": ""#샤브올데이 #댄스 \n#파선tv #구독""}, ""defaultAudioLanguage"": ""ko""}, ""statistics"": {""viewCount"": ""8875"", ""likeCount"": ""793"", ""favoriteCount"": ""0"", ""commentCount"": ""13""}}",,,,
샤브올데이,single_term_fallback,샤브올데이,kGCmtlrECM8,요즘 샤브올데이 충격 근황? (무제한 두쫀쿠),2026-03-13T14:28:14Z,6059.0,69.0,1.0,https://www.youtube.com/watch?v=kGCmtlrECM8,youtube,샤브올데이,canonical,1.0,2026-05-26T11:17:04.805326+00:00,6059,69,1,70,맛난것만 먹자규,,"{""kind"": ""youtube#video"", ""etag"": ""e_dwGHoO81RkAQjQz2lvc2EfmdY"", ""id"": ""kGCmtlrECM8"", ""snippet"": {""publishedAt"": ""2026-03-13T14:28:14Z"", ""channelId"": ""UCB6PKcEzua6xFCOPM8RLvDQ"", ""title"": ""요즘 샤브올데이 충격 근황? (무제한 두쫀쿠)"", ""description"": """", ""thumbnails"": {""default"": {""url"": ""https://i.ytimg.com/vi/kGCmtlrECM8/default.jpg"", ""width"": 120, ""height"": 90}, ""medium"": {""url"": ""https://i.ytimg.com/vi/kGCmtlrECM8/mqdefault.jpg"", ""width"": 320, ""height"": 180}, ""high"": {""url"": ""https://i.ytimg.com/vi/kGCmtlrECM8/hqdefault.jpg"", ""width"": 480, ""height"": 360}, ""standard"": {""url"": ""https://i.ytimg.com/vi/kGCmtlrECM8/sddefault.jpg"", ""width"": 640, ""height"": 480}, ""maxres"": {""url"": ""https://i.ytimg.com/vi/kGCmtlrECM8/maxresdefault.jpg"", ""width"": 1280, ""height"": 720}}, ""channelTitle"": ""맛난것만 먹자규"", ""categoryId"": ""22"", ""liveBroadcastContent"": ""none"", ""defaultLanguage"": ""ko"", ""localized"": {""title"": ""요즘 샤브올데이 충격 근황? (무제한 두쫀쿠)"", ""description"": """"}}, ""statistics"": {""viewCount"": ""6059"", ""likeCount"": ""69"", ""favoriteCount"": ""0"", ""commentCount"": ""1""}}",,,,
샤브올데이,single_term_fallback,샤브올데이,rvKFetVy2Dw,버터떡보다 쫀득한 샤브올데이 신메뉴?,2026-03-26T22:36:45Z,7202.0,71.0,1.0,https://www.youtube.com/watch?v=rvKFetVy2Dw,youtube,샤브올데이,canonical,1.0,2026-05-26T11:17:04.805326+00:00,7202,71,1,72,서울에서 먹고 놀고 자고,"⚠️ 광고가 포함된 영상입니다.

지금 샤브올데이에 역대급 봄 신메뉴가 출시되었는데 버터떡보다 쫀득한 인절미크런치에 바삭한 크런치콘너겟과

그냥 먹어도 맛있는 양념치킨에 치즈퐁듀와 함께먹으면 조합이 너무 좋은데다

느끼할 타이밍에 샤브 한번 먹어주고 2차로 산도랑 버거 빙수까지!! 보일링 소세지와 떡으로 소떡소떡을 만들어 함께 먹어도 맛있으니깐 꼭 드셔보세요.

치즈 좋아하시면 이렇게 한번 드셔보시는것을 추천드립니다
지점별 신메뉴 출시일이 상이 할 수 있습니다.)

새로 오픈한 샤브올데이 서울오금점 다녀왔는데 매장도 역대급,,, 넓고 주차장도 너무 넓어 놀랬습니다 ㄷㄷ 이용하기 편하더라구요~

📍샤브올데이 서울오금점
서울 송파구 오금동 618-2

서울 맛집부터 핫플까지 소개합니다.
구독 하시면 서울이 더 재밌어질걸요?
[ 맛집 | 데이트 | 카페 | 팝업 | 핫플 | 여행 ]
@seoulmukplay
@seoulmukplay
@seoulmukplay
____________________________

#샤브샤브 #샤브올데이 #쫀득 #버터떡 #오금역맛집 #버터떡 #샤브올데이오금점
#샤브올데이신메뉴","{""kind"": ""youtube#video"", ""etag"": ""6xQA0OGlWtnQMExxuzqIy78ESXg"", ""id"": ""rvKFetVy2Dw"", ""snippet"": {""publishedAt"": ""2026-03-26T22:36:45Z"", ""channelId"": ""UCbn5Aa5-1jhshhiEFvDNcYA"", ""title"": ""버터떡보다 쫀득한 샤브올데이 신메뉴?"", ""description"": ""⚠️ 광고가 포함된 영상입니다.\n\n지금 샤브올데이에 역대급 봄 신메뉴가 출시되었는데 버터떡보다 쫀득한 인절미크런치에 바삭한 크런치콘너겟과\n\n그냥 먹어도 맛있는 양념치킨에 치즈퐁듀와 함께먹으면 조합이 너무 좋은데다\n\n느끼할 타이밍에 샤브 한번 먹어주고 2차로 산도랑 버거 빙수까지!! 보일링 소세지와 떡으로 소떡소떡을 만들어 함께 먹어도 맛있으니깐 꼭 드셔보세요.\n\n치즈 좋아하시면 이렇게 한번 드셔보시는것을 추천드립니다\n지점별 신메뉴 출시일이 상이 할 수 있습니다.)\n\n새로 오픈한 샤브올데이 서울오금점 다녀왔는데 매장도 역대급,,, 넓고 주차장도 너무 넓어 놀랬습니다 ㄷㄷ 이용하기 편하더라구요~\n\n📍샤브올데이 서울오금점\n서울 송파구 오금동 618-2\n\n서울 맛집부터 핫플까지 소개합니다.\n구독 하시면 서울이 더 재밌어질걸요?\n[ 맛집 | 데이트 | 카페 | 팝업 | 핫플 | 여행 ]\n@seoulmukplay\n@seoulmukplay\n@seoulmukplay\n____________________________\n\n#샤브샤브 #샤브올데이 #쫀득 #버터떡 #오금역맛집 #버터떡 #샤브올데이오금점\n#샤브올데이신메뉴"", ""thumbnails"": {""default"": {""url"": ""https://i.ytimg.com/vi/rvKFetVy2Dw/default.jpg"", ""width"": 120, ""height"": 90}, ""medium"": {""url"": ""https://i.ytimg.com/vi/rvKFetVy2Dw/mqdefault.jpg"", ""width"": 320, ""height"": 180}, ""high"": {""url"": ""https://i.ytimg.com/vi/rvKFetVy2Dw/hqdefault.jpg"", ""width"": 480, ""height"": 360}, ""standard"": {""url"": ""https://i.ytimg.com/vi/rvKFetVy2Dw/sddefault.jpg"", ""width"": 640, ""height"": 480}, ""maxres"": {""url"": ""https://i.ytimg.com/vi/rvKFetVy2Dw/maxresdefault.jpg"", ""width"": 1280, ""height"": 720}}, ""channelTitle"": ""서울에서 먹고 놀고 자고"", ""tags"": [""서울맛집"", ""서울맛집추천"", ""서울핫플"", ""서울놀거리"", ""버터떡"", ""샤브올데이"", ""샤브올데이신메뉴"", ""쫀득""], ""categoryId"": ""22"", ""liveBroadcastContent"": ""none"", ""defaultLanguage"": ""ko"", ""localized"": {""title"": ""버터떡보다 쫀득한 샤브올데이 신메뉴?"", ""description"": ""⚠️ 광고가 포함된 영상입니다.\n\n지금 샤브올데이에 역대급 봄 신메뉴가 출시되었는데 버터떡보다 쫀득한 인절미크런치에 바삭한 크런치콘너겟과\n\n그냥 먹어도 맛있는 양념치킨에 치즈퐁듀와 함께먹으면 조합이 너무 좋은데다\n\n느끼할 타이밍에 샤브 한번 먹어주고 2차로 산도랑 버거 빙수까지!! 보일링 소세지와 떡으로 소떡소떡을 만들어 함께 먹어도 맛있으니깐 꼭 드셔보세요.\n\n치즈 좋아하시면 이렇게 한번 드셔보시는것을 추천드립니다\n지점별 신메뉴 출시일이 상이 할 수 있습니다.)\n\n새로 오픈한 샤브올데이 서울오금점 다녀왔는데 매장도 역대급,,, 넓고 주차장도 너무 넓어 놀랬습니다 ㄷㄷ 이용하기 편하더라구요~\n\n📍샤브올데이 서울오금점\n서울 송파구 오금동 618-2\n\n서울 맛집부터 핫플까지 소개합니다.\n구독 하시면 서울이 더 재밌어질걸요?\n[ 맛집 | 데이트 | 카페 | 팝업 | 핫플 | 여행 ]\n@seoulmukplay\n@seoulmukplay\n@seoulmukplay\n____________________________\n\n#샤브샤브 #샤브올데이 #쫀득 #버터떡 #오금역맛집 #버터떡 #샤브올데이오금점\n#샤브올데이신메뉴""}}, ""statistics"": {""viewCount"": ""7202"", ""likeCount"": ""71"", ""favoriteCount"": ""0"", ""commentCount"": ""1""}}",,,,
샤브올데이,single_term_fallback,샤브올데이,h4FZP20wLFU,"무한리필 샤브샤브, 결국 망하게 되는 심각한 이유",2026-04-07T09:00:00Z,3866.0,34.0,9.0,https://www.youtube.com/watch?v=h4FZP20wLFU,youtube,샤브올데이,canonical,1.0,2026-05-26T11:17:04.805326+00:00,3866,34,9,43,장사 알려주는 남자 이민규,"#장사 #창업 #자영업 #요식업 #동양솥밥
사장도 손님도 웃는 장사🍽️

📁 창업 체크리스트 무료 PDF 파일 다운로드 : https://dongyangsotbab1.imweb.me/

✅ 이런 분들께 저희 채널을 추천합니다
• 장사를 시작하시는 분
• 높은 매출을 올리고 싶으신 분
• 퇴직 후에 새출발 하시는 분
• 요식업에 어려움을 겪는 분

✅ 이 채널에서 얻을 수 있는 것
-      매출 올리는 실전 꿀팁
-      실패 없는 창업하는 방법
-      감이 아닌 숫자와 흐름으로 창업을 설계하는 방법
-      가게 운영, 마케팅, 직원 관리 등 사장이 반드시 알아야 할 핵심 포인트
-      흔들리지 않고 오래 가는 사장의 멘탈 관리와 생활 습관
-      장사를 넘어 평생 써먹는 돈 버는 사고방식

(주)우리이길 대표
'동양솥밥' 런칭, 국내 17개 매장 운영
'동양솥밥' 대만점 3개 매장 운영
'마라홀릭' 론칭 및 전국 37개 매장 운영
'면멘미엔' 대만점 1개 매장 운영
'신은미 동심' 안산 본점 보유
요식업 16년 경력

[타임스탬프]
00:00 무한리필 샤브샤브가 힘든 이유
00:24 1.원가 구조
02:24 2.창업비용과 원금 회수
05:08 인력 구조
05:47 객단가 구조
06:15 본사와 점주의 수익 구조 차이
07:32 내용 정리

[출처]
썸네일: 비욘드포, 샤브올데이, MBC, 편편집, 네이트뉴스","{""kind"": ""youtube#video"", ""etag"": ""_B7oqbIfEOt2aWPLueaiVYcP6ww"", ""id"": ""h4FZP20wLFU"", ""snippet"": {""publishedAt"": ""2026-04-07T09:00:00Z"", ""channelId"": ""UCCxv9GsacM4glGwayVmUJpQ"", ""title"": ""무한리필 샤브샤브, 결국 망하게 되는 심각한 이유"", ""description"": ""#장사 #창업 #자영업 #요식업 #동양솥밥\n사장도 손님도 웃는 장사🍽️\n\n📁 창업 체크리스트 무료 PDF 파일 다운로드 : https://dongyangsotbab1.imweb.me/\n\n✅ 이런 분들께 저희 채널을 추천합니다\n• 장사를 시작하시는 분\n• 높은 매출을 올리고 싶으신 분\n• 퇴직 후에 새출발 하시는 분\n• 요식업에 어려움을 겪는 분\n\n✅ 이 채널에서 얻을 수 있는 것\n-      매출 올리는 실전 꿀팁\n-      실패 없는 창업하는 방법\n-      감이 아닌 숫자와 흐름으로 창업을 설계하는 방법\n-      가게 운영, 마케팅, 직원 관리 등 사장이 반드시 알아야 할 핵심 포인트\n-      흔들리지 않고 오래 가는 사장의 멘탈 관리와 생활 습관\n-      장사를 넘어 평생 써먹는 돈 버는 사고방식\n\n(주)우리이길 대표\n'동양솥밥' 런칭, 국내 17개 매장 운영\n'동양솥밥' 대만점 3개 매장 운영\n'마라홀릭' 론칭 및 전국 37개 매장 운영\n'면멘미엔' 대만점 1개 매장 운영\n'신은미 동심' 안산 본점 보유\n요식업 16년 경력\n\n[타임스탬프]\n00:00 무한리필 샤브샤브가 힘든 이유\n00:24 1.원가 구조\n02:24 2.창업비용과 원금 회수\n05:08 인력 구조\n05:47 객단가 구조\n06:15 본사와 점주의 수익 구조 차이\n07:32 내용 정리\n\n[출처]\n썸네일: 비욘드포, 샤브올데이, MBC, 편편집, 네이트뉴스"", ""thumbnails"": {""default"": {""url"": ""https://i.ytimg.com/vi/h4FZP20wLFU/default.jpg"", ""width"": 120, ""height"": 90}, ""medium"": {""url"": ""https://i.ytimg.com/vi/h4FZP20wLFU/mqdefault.jpg"", ""width"": 320, ""height"": 180}, ""high"": {""url"": ""https://i.ytimg.com/vi/h4FZP20wLFU/hqdefault.jpg"", ""width"": 480, ""height"": 360}, ""standard"": {""url"": ""https://i.ytimg.com/vi/h4FZP20wLFU/sddefault.jpg"", ""width"": 640, ""height"": 480}, ""maxres"": {""url"": ""https://i.ytimg.com/vi/h4FZP20wLFU/maxresdefault.jpg"", ""width"": 1280, ""height"": 720}}, ""channelTitle"": ""장사 알려주는 남자 이민규"", ""tags"": [""창업"", ""장사"", ""요식업"", ""외식업"", ""프랜차이즈"", ""연매출"", ""매출"", ""월매출"", ""동양솥밥"", ""퇴직"", ""퇴사"", ""사업"", ""솥밥창업"", ""솥밥"", ""한식"", ""중식"", ""일식"", ""점주"", ""매장"", ""음식"", ""음식점"", ""가게"", ""덮밥"", ""덮솥밥"", ""자영업"", ""장사현실"", ""자영업자"", ""자영업자이야기"", ""수익구조"", ""수익성"", ""소상공인"", ""자영업현실"", ""자영업성공"", ""자영업노하우"", ""창업노하우"", ""장사노하우"", ""장사기본"", ""은퇴"", ""조기은퇴"", ""조기퇴사"", ""돈버는방법"", ""돈버는법"", ""돈많이버는방법"", ""부자"", ""부자되는방법"", ""자영인"", ""상권"", ""불황"", ""폐업"", ""위기"", ""운영"", ""매장운영"", ""요리"", ""순수익"", ""불경기"", ""사장"", ""사장님"", ""장알남"", ""이민규"", ""1억"", ""10억"", ""100억"", ""홀매출"", ""동네상권"", ""동네장사"", ""평균매출"", ""음식점창업"", ""창업추천"", ""예비창업가"", ""창업가"", ""창업자"", ""예비창업자"", ""손님"", ""장사매출"", ""프랜차이즈박람회"", ""요식업 폐업"", ""장사아이템"", ""가맹"", ""가맹점"", ""가맹점주"", ""장사알려주는남자"", ""현실조언"", ""실전노하우"", ""운영전략"", ""생존전략"", ""제2의인생"", ""인생이야기"", ""조언"", ""멘토"", ""선배"", ""리얼스토리"", ""투자"", ""투자금"", ""가맹확장"", ""인건비"", ""퇴직금"", ""목돈"", ""저축"", ""자금"", ""마라홀릭"", ""신은미"", ""알바"", ""알바생"", ""노후"", ""노후대비"", ""정년"", ""정년퇴직"", ""퇴직연금"", ""요식업대표"", ""월수익"", ""솥밥집"", ""월1억""], ""categoryId"": ""26"", ""liveBroadcastContent"": ""none"", ""defaultLanguage"": ""ko"", ""localized"": {""title"": ""무한리필 샤브샤브, 결국 망하게 되는 심각한 이유"", ""description"": ""#장사 #창업 #자영업 #요식업 #동양솥밥\n사장도 손님도 웃는 장사🍽️\n\n📁 창업 체크리스트 무료 PDF 파일 다운로드 : https://dongyangsotbab1.imweb.me/\n\n✅ 이런 분들께 저희 채널을 추천합니다\n• 장사를 시작하시는 분\n• 높은 매출을 올리고 싶으신 분\n• 퇴직 후에 새출발 하시는 분\n• 요식업에 어려움을 겪는 분\n\n✅ 이 채널에서 얻을 수 있는 것\n-      매출 올리는 실전 꿀팁\n-      실패 없는 창업하는 방법\n-      감이 아닌 숫자와 흐름으로 창업을 설계하는 방법\n-      가게 운영, 마케팅, 직원 관리 등 사장이 반드시 알아야 할 핵심 포인트\n-      흔들리지 않고 오래 가는 사장의 멘탈 관리와 생활 습관\n-      장사를 넘어 평생 써먹는 돈 버는 사고방식\n\n(주)우리이길 대표\n'동양솥밥' 런칭, 국내 17개 매장 운영\n'동양솥밥' 대만점 3개 매장 운영\n'마라홀릭' 론칭 및 전국 37개 매장 운영\n'면멘미엔' 대만점 1개 매장 운영\n'신은미 동심' 안산 본점 보유\n요식업 16년 경력\n\n[타임스탬프]\n00:00 무한리필 샤브샤브가 힘든 이유\n00:24 1.원가 구조\n02:24 2.창업비용과 원금 회수\n05:08 인력 구조\n05:47 객단가 구조\n06:15 본사와 점주의 수익 구조 차이\n07:32 내용 정리\n\n[출처]\n썸네일: 비욘드포, 샤브올데이, MBC, 편편집, 네이트뉴스""}, ""defaultAudioLanguage"": ""ko""}, ""statistics"": {""viewCount"": ""3866"", ""likeCount"": ""34"", ""favoriteCount"": ""0"", ""commentCount"": ""9""}}",,,,
샤브올데이,single_term_fallback,샤브올데이,riyqPMYG0Ns,샤브올데이 인수금 1200억은 헐값일까?,2026-05-22T00:50:45Z,9744.0,28.0,0.0,https://www.youtube.com/watch?v=riyqPMYG0Ns,youtube,샤브올데이,canonical,1.0,2026-05-26T11:17:04.805326+00:00,9744,28,0,28,오늘부터 회계사,"샤브올데이 인수금 1200억은 헐값일까요? 폭발적인 외형 성장 뒤에 숨겨진 실제 현금흐름과 재무제표의 반전, 그 냉정한 진실을 지금 바로 확인해보세요.

#샤브올데이 #기업분석 #오늘부터회계사","{""kind"": ""youtube#video"", ""etag"": ""DBS1402emLPCcUCWOrJshY6OwlA"", ""id"": ""riyqPMYG0Ns"", ""snippet"": {""publishedAt"": ""2026-05-22T00:50:45Z"", ""channelId"": ""UClhPqabyOHBxJzMkQ7k-pxg"", ""title"": ""샤브올데이 인수금 1200억은 헐값일까?"", ""description"": ""샤브올데이 인수금 1200억은 헐값일까요? 폭발적인 외형 성장 뒤에 숨겨진 실제 현금흐름과 재무제표의 반전, 그 냉정한 진실을 지금 바로 확인해보세요.\n\n#샤브올데이 #기업분석 #오늘부터회계사"", ""thumbnails"": {""default"": {""url"": ""https://i.ytimg.com/vi/riyqPMYG0Ns/default.jpg"", ""width"": 120, ""height"": 90}, ""medium"": {""url"": ""https://i.ytimg.com/vi/riyqPMYG0Ns/mqdefault.jpg"", ""width"": 320, ""height"": 180}, ""high"": {""url"": ""https://i.ytimg.com/vi/riyqPMYG0Ns/hqdefault.jpg"", ""width"": 480, ""height"": 360}, ""standard"": {""url"": ""https://i.ytimg.com/vi/riyqPMYG0Ns/sddefault.jpg"", ""width"": 640, ""height"": 480}, ""maxres"": {""url"": ""https://i.ytimg.com/vi/riyqPMYG0Ns/maxresdefault.jpg"", ""width"": 1280, ""height"": 720}}, ""channelTitle"": ""오늘부터 회계사"", ""tags"": [""경제공부"", ""기업성장"", ""기업인수"", ""샤브올데이"", ""영업이익"", ""인수합병"", ""재무제표분석"", ""주식투자"", ""투자전략"", ""현금흐름""], ""categoryId"": ""27"", ""liveBroadcastContent"": ""none"", ""defaultLanguage"": ""ko"", ""localized"": {""title"": ""샤브올데이 인수금 1200억은 헐값일까?"", ""description"": ""샤브올데이 인수금 1200억은 헐값일까요? 폭발적인 외형 성장 뒤에 숨겨진 실제 현금흐름과 재무제표의 반전, 그 냉정한 진실을 지금 바로 확인해보세요.\n\n#샤브올데이 #기업분석 #오늘부터회계사""}}, ""statistics"": {""viewCount"": ""9744"", ""likeCount"": ""28"", ""favoriteCount"": ""0"", ""commentCount"": ""0""}}",,,,
샤브올데이,single_term_fallback,샤브올데이,5xH7iGwc75Q,협찬 샤브올데이에서 5월 한달간 가정의달 이벤트로 최종 결제금액 기준 49800원이상 결제시 네이버페이 7000포인트 적립!! #샤브올데이 #창원맛집,2026-05-14T11:32:46Z,9844.0,30.0,0.0,https://www.youtube.com/watch?v=5xH7iGwc75Q,youtube,샤브올데이,canonical,1.0,2026-05-26T11:17:04.805326+00:00,9844,30,0,30,창원맛집 김해맛집 부산맛집 욤뚜,,"{""kind"": ""youtube#video"", ""etag"": ""jE-RTSFVI5NLy3R-4Oe8ENP87zI"", ""id"": ""5xH7iGwc75Q"", ""snippet"": {""publishedAt"": ""2026-05-14T11:32:46Z"", ""channelId"": ""UCwZJkqjDzZzJkFBnglMEfJQ"", ""title"": ""협찬 샤브올데이에서 5월 한달간 가정의달 이벤트로 최종 결제금액 기준 49800원이상 결제시 네이버페이 7000포인트 적립!! #샤브올데이 #창원맛집"", ""description"": """", ""thumbnails"": {""default"": {""url"": ""https://i.ytimg.com/vi/5xH7iGwc75Q/default.jpg"", ""width"": 120, ""height"": 90}, ""medium"": {""url"": ""https://i.ytimg.com/vi/5xH7iGwc75Q/mqdefault.jpg"", ""width"": 320, ""height"": 180}, ""high"": {""url"": ""https://i.ytimg.com/vi/5xH7iGwc75Q/hqdefault.jpg"", ""width"": 480, ""height"": 360}, ""standard"": {""url"": ""https://i.ytimg.com/vi/5xH7iGwc75Q/sddefault.jpg"", ""width"": 640, ""height"": 480}, ""maxres"": {""url"": ""https://i.ytimg.com/vi/5xH7iGwc75Q/maxresdefault.jpg"", ""width"": 1280, ""height"": 720}}, ""channelTitle"": ""창원맛집 김해맛집 부산맛집 욤뚜"", ""categoryId"": ""22"", ""liveBroadcastContent"": ""none"", ""defaultLanguage"": ""ko"", ""localized"": {""title"": ""협찬 샤브올데이에서 5월 한달간 가정의달 이벤트로 최종 결제금액 기준 49800원이상 결제시 네이버페이 7000포인트 적립!! #샤브올데이 #창원맛집"", ""description"": """"}}, ""statistics"": {""viewCount"": ""9844"", ""likeCount"": ""30"", ""favoriteCount"": ""0"", ""commentCount"": ""0""}}",,,,
샤브올데이,single_term_fallback,샤브올데이,0rVZ46sBi7g,"한순간에 알거지.. ""1,300억 벌고도 빚더미?"" 명륜진사갈비 회장의 끔찍한 최후 (샤브올데이 매각의 피눈물 나는 내막)",2026-03-17T23:45:00Z,3410.0,49.0,5.0,https://www.youtube.com/watch?v=0rVZ46sBi7g,youtube,샤브올데이,canonical,1.0,2026-05-26T11:17:04.805326+00:00,3410,49,5,54,엘리의 경제,"""1,300억 벌고도 빚더미?"" 명륜진사갈비 관련 회장의 끔찍한 최후!

샤브올데이 졸리비 매각 뒤에 숨겨진 피눈물 나는 내막과 소중한 노후 자산을 지키는 비결을 지금 바로 확인하세요.

외식업계 대박 신화로 불리던 1,300억 매각의 진실은 결코 화려한 돈방석이 아니었습니다. 국가 돈을 빌려 가맹점주들의 피를 빨아먹던 고리대금업의 실체와, 인간의 끝없는 탐욕이 부른 비참한 자멸. 

그리고 외국 거대 자본이 쳐놓은 완벽하고 잔혹한 함정까지! 평생 피땀 흘려 모은 노후 자산을 한순간에 날리지 않기 위해 우리 5070 세대가 반드시 알아야 할 자본주의의 소름 돋는 민낯을 낱낱이 파헤칩니다.

#1300억매각 #명륜진사갈비 #샤브올데이 #졸리비 #노후자산 #은퇴준비 #프랜차이즈내막 #경제이슈 #자산방어 #주머니경제","{""kind"": ""youtube#video"", ""etag"": ""Tbwu3SJXMwTW238Sp6iaIqjrSmQ"", ""id"": ""0rVZ46sBi7g"", ""snippet"": {""publishedAt"": ""2026-03-17T23:45:00Z"", ""channelId"": ""UCA7o48oH42Fyj7tkvLlrd4A"", ""title"": ""한순간에 알거지.. \""1,300억 벌고도 빚더미?\"" 명륜진사갈비 회장의 끔찍한 최후 (샤브올데이 매각의 피눈물 나는 내막)"", ""description"": ""\""1,300억 벌고도 빚더미?\"" 명륜진사갈비 관련 회장의 끔찍한 최후!\n\n샤브올데이 졸리비 매각 뒤에 숨겨진 피눈물 나는 내막과 소중한 노후 자산을 지키는 비결을 지금 바로 확인하세요.\n\n외식업계 대박 신화로 불리던 1,300억 매각의 진실은 결코 화려한 돈방석이 아니었습니다. 국가 돈을 빌려 가맹점주들의 피를 빨아먹던 고리대금업의 실체와, 인간의 끝없는 탐욕이 부른 비참한 자멸. \n\n그리고 외국 거대 자본이 쳐놓은 완벽하고 잔혹한 함정까지! 평생 피땀 흘려 모은 노후 자산을 한순간에 날리지 않기 위해 우리 5070 세대가 반드시 알아야 할 자본주의의 소름 돋는 민낯을 낱낱이 파헤칩니다.\n\n#1300억매각 #명륜진사갈비 #샤브올데이 #졸리비 #노후자산 #은퇴준비 #프랜차이즈내막 #경제이슈 #자산방어 #주머니경제"", ""thumbnails"": {""default"": {""url"": ""https://i.ytimg.com/vi/0rVZ46sBi7g/default.jpg"", ""width"": 120, ""height"": 90}, ""medium"": {""url"": ""https://i.ytimg.com/vi/0rVZ46sBi7g/mqdefault.jpg"", ""width"": 320, ""height"": 180}, ""high"": {""url"": ""https://i.ytimg.com/vi/0rVZ46sBi7g/hqdefault.jpg"", ""width"": 480, ""height"": 360}, ""standard"": {""url"": ""https://i.ytimg.com/vi/0rVZ46sBi7g/sddefault.jpg"", ""width"": 640, ""height"": 480}, ""maxres"": {""url"": ""https://i.ytimg.com/vi/0rVZ46sBi7g/maxresdefault.jpg"", ""width"": 1280, ""height"": 720}}, ""channelTitle"": ""엘리의 경제"", ""categoryId"": ""27"", ""liveBroadcastContent"": ""none"", ""defaultLanguage"": ""ko"", ""localized"": {""title"": ""한순간에 알거지.. \""1,300억 벌고도 빚더미?\"" 명륜진사갈비 회장의 끔찍한 최후 (샤브올데이 매각의 피눈물 나는 내막)"", ""description"": ""\""1,300억 벌고도 빚더미?\"" 명륜진사갈비 관련 회장의 끔찍한 최후!\n\n샤브올데이 졸리비 매각 뒤에 숨겨진 피눈물 나는 내막과 소중한 노후 자산을 지키는 비결을 지금 바로 확인하세요.\n\n외식업계 대박 신화로 불리던 1,300억 매각의 진실은 결코 화려한 돈방석이 아니었습니다. 국가 돈을 빌려 가맹점주들의 피를 빨아먹던 고리대금업의 실체와, 인간의 끝없는 탐욕이 부른 비참한 자멸. \n\n그리고 외국 거대 자본이 쳐놓은 완벽하고 잔혹한 함정까지! 평생 피땀 흘려 모은 노후 자산을 한순간에 날리지 않기 위해 우리 5070 세대가 반드시 알아야 할 자본주의의 소름 돋는 민낯을 낱낱이 파헤칩니다.\n\n#1300억매각 #명륜진사갈비 #샤브올데이 #졸리비 #노후자산 #은퇴준비 #프랜차이즈내막 #경제이슈 #자산방어 #주머니경제""}}, ""statistics"": {""viewCount"": ""3410"", ""likeCount"": ""49"", ""favoriteCount"": ""0"", ""commentCount"": ""5""}}",,,,
샤브올데이,single_term_fallback,샤브올데이,_WGCMjicBZk,"할머니의 샤브올데이 먹방 ~ㅋㅋ🍲💗 영원씨 샤브올데이 왔어요✨ 와… 들어가자마자 놀랐어요😳 한식, 양식, 분식, BBQ까지 60여 가지 샐러드바 메뉴가 있어서 고르는",2026-04-13T22:57:34Z,10169.0,545.0,33.0,https://www.youtube.com/watch?v=_WGCMjicBZk,youtube,샤브올데이,canonical,1.0,2026-05-26T11:17:04.805326+00:00,10169,545,33,578,seetv,,"{""kind"": ""youtube#video"", ""etag"": ""8VqFZ1ZsnI_hoUwkceejcdehkZU"", ""id"": ""_WGCMjicBZk"", ""snippet"": {""publishedAt"": ""2026-04-13T22:57:34Z"", ""channelId"": ""UCKvot7pb0De6FJoTH-bQoCg"", ""title"": ""할머니의 샤브올데이 먹방 ~ㅋㅋ🍲💗 영원씨 샤브올데이 왔어요✨ 와… 들어가자마자 놀랐어요😳 한식, 양식, 분식, BBQ까지 60여 가지 샐러드바 메뉴가 있어서 고르는"", ""description"": """", ""thumbnails"": {""default"": {""url"": ""https://i.ytimg.com/vi/_WGCMjicBZk/default.jpg"", ""width"": 120, ""height"": 90}, ""medium"": {""url"": ""https://i.ytimg.com/vi/_WGCMjicBZk/mqdefault.jpg"", ""width"": 320, ""height"": 180}, ""high"": {""url"": ""https://i.ytimg.com/vi/_WGCMjicBZk/hqdefault.jpg"", ""width"": 480, ""height"": 360}, ""standard"": {""url"": ""https://i.ytimg.com/vi/_WGCMjicBZk/sddefault.jpg"", ""width"": 640, ""height"": 480}, ""maxres"": {""url"": ""https://i.ytimg.com/vi/_WGCMjicBZk/maxresdefault.jpg"", ""width"": 1280, ""height"": 720}}, ""channelTitle"": ""seetv"", ""categoryId"": ""22"", ""liveBroadcastContent"": ""none"", ""defaultLanguage"": ""ko"", ""localized"": {""title"": ""할머니의 샤브올데이 먹방 ~ㅋㅋ🍲💗 영원씨 샤브올데이 왔어요✨ 와… 들어가자마자 놀랐어요😳 한식, 양식, 분식, BBQ까지 60여 가지 샐러드바 메뉴가 있어서 고르는"", ""description"": """"}}, ""statistics"": {""viewCount"": ""10169"", ""likeCount"": ""545"", ""favoriteCount"": ""0"", ""commentCount"": ""33""}}",,,,
샤브올데이,single_term_fallback,샤브올데이,VPXa-PxT2ss,해외 MZ들 사이에서 난리난 샤브올데이 최신 레시피 #샤브올데이 #샤브샤브 #샤브샤브맛집 #월남쌈,2026-03-13T23:18:44Z,6444.0,19.0,6.0,https://www.youtube.com/watch?v=VPXa-PxT2ss,youtube,샤브올데이,canonical,1.0,2026-05-26T11:17:04.805326+00:00,6444,19,6,25,킹콩맨,,"{""kind"": ""youtube#video"", ""etag"": ""HXd6RC7X8Aj5h2XwvOseA6Se9Fw"", ""id"": ""VPXa-PxT2ss"", ""snippet"": {""publishedAt"": ""2026-03-13T23:18:44Z"", ""channelId"": ""UCUcFOxDRAF91ar8yMUCb3gg"", ""title"": ""해외 MZ들 사이에서 난리난 샤브올데이 최신 레시피 #샤브올데이 #샤브샤브 #샤브샤브맛집 #월남쌈"", ""description"": """", ""thumbnails"": {""default"": {""url"": ""https://i.ytimg.com/vi/VPXa-PxT2ss/default.jpg"", ""width"": 120, ""height"": 90}, ""medium"": {""url"": ""https://i.ytimg.com/vi/VPXa-PxT2ss/mqdefault.jpg"", ""width"": 320, ""height"": 180}, ""high"": {""url"": ""https://i.ytimg.com/vi/VPXa-PxT2ss/hqdefault.jpg"", ""width"": 480, ""height"": 360}, ""standard"": {""url"": ""https://i.ytimg.com/vi/VPXa-PxT2ss/sddefault.jpg"", ""width"": 640, ""height"": 480}, ""maxres"": {""url"": ""https://i.ytimg.com/vi/VPXa-PxT2ss/maxresdefault.jpg"", ""width"": 1280, ""height"": 720}}, ""channelTitle"": ""킹콩맨"", ""categoryId"": ""22"", ""liveBroadcastContent"": ""none"", ""defaultLanguage"": ""ko"", ""localized"": {""title"": ""해외 MZ들 사이에서 난리난 샤브올데이 최신 레시피 #샤브올데이 #샤브샤브 #샤브샤브맛집 #월남쌈"", ""description"": """"}}, ""statistics"": {""viewCount"": ""6444"", ""likeCount"": ""19"", ""favoriteCount"": ""0"", ""commentCount"": ""6""}}",,,,
샤브올데이,single_term_fallback,샤브올데이,5w2AVphaImE,"할머니의 샤브올데이 먹방 ~ㅋㅋ🍲💗 영원씨 샤브올데이 왔어요✨ 와… 들어가자마자 놀랐어요😳 한식, 양식, 분식,",2026-04-12T08:25:22Z,8198.0,472.0,31.0,https://www.youtube.com/watch?v=5w2AVphaImE,youtube,샤브올데이,canonical,1.0,2026-05-26T11:17:04.805326+00:00,8198,472,31,503,seetv,,"{""kind"": ""youtube#video"", ""etag"": ""Axf4Qexm6Y_5XI8glqqlQkZUlSU"", ""id"": ""5w2AVphaImE"", ""snippet"": {""publishedAt"": ""2026-04-12T08:25:22Z"", ""channelId"": ""UCKvot7pb0De6FJoTH-bQoCg"", ""title"": ""할머니의 샤브올데이 먹방 ~ㅋㅋ🍲💗 영원씨 샤브올데이 왔어요✨ 와… 들어가자마자 놀랐어요😳 한식, 양식, 분식,"", ""description"": """", ""thumbnails"": {""default"": {""url"": ""https://i.ytimg.com/vi/5w2AVphaImE/default.jpg"", ""width"": 120, ""height"": 90}, ""medium"": {""url"": ""https://i.ytimg.com/vi/5w2AVphaImE/mqdefault.jpg"", ""width"": 320, ""height"": 180}, ""high"": {""url"": ""https://i.ytimg.com/vi/5w2AVphaImE/hqdefault.jpg"", ""width"": 480, ""height"": 360}, ""standard"": {""url"": ""https://i.ytimg.com/vi/5w2AVphaImE/sddefault.jpg"", ""width"": 640, ""height"": 480}, ""maxres"": {""url"": ""https://i.ytimg.com/vi/5w2AVphaImE/maxresdefault.jpg"", ""width"": 1280, ""height"": 720}}, ""channelTitle"": ""seetv"", ""categoryId"": ""22"", ""liveBroadcastContent"": ""none"", ""defaultLanguage"": ""ko"", ""localized"": {""title"": ""할머니의 샤브올데이 먹방 ~ㅋㅋ🍲💗 영원씨 샤브올데이 왔어요✨ 와… 들어가자마자 놀랐어요😳 한식, 양식, 분식,"", ""description"": """"}}, ""statistics"": {""viewCount"": ""8198"", ""likeCount"": ""472"", ""favoriteCount"": ""0"", ""commentCount"": ""31""}}",,,,
샤브올데이,single_term_fallback,샤브올데이,vo8yElFrHCU,치즈 퐁듀까지 나온 샤브올데이 최신근황,2026-03-23T10:04:20Z,6627.0,30.0,2.0,https://www.youtube.com/watch?v=vo8yElFrHCU,youtube,샤브올데이,canonical,1.0,2026-05-26T11:17:04.805326+00:00,6627,30,2,32,먹충이,"치즈 찍먹 어디까지 가능?

요즘 샤브올데이 봄 신메뉴가 난리라길래 바로 가봄!

치즈 퐁듀에 크런치 인절미, 크런치 콘너겟, 보일링 소시지&옥수수, 눈꽃 크런치 볶음밥까지 맛있는 봄신메뉴 가득~~

떡볶이에 치즈 넣으니 로제 느낌도 나는데 치킨, 신메뉴, 월남쌈 등 치즈 퐁듀에 찍어 먹는 조합에 재미도 있음ㅋㅋ

버터떡만큼 쫀득한 크런치 인절미는 쭉 늘어나서 이거 치즈랑 먹으니 은근 중독됨..

슬슬 느끼할 타이밍에 야채랑 고기 넣어서 샤브 먹으면 바로 리셋 가능ㅋㅋㅋ

60여가지 샐러드바에 퀄 좋은 샤브 소고기 3종(양지, 설도, 목심)도 무제한으로 계속 가져다 먹을 수 있어서

모임이나 가족 외식으로 딱임!

마지막엔 애플망고빙수까지 먹고 나오면 뽕뽑기 가능ㅋㅋㅋ 

🏠샤브올데이 서울오금점
📍서울 송파구 동남로 335 2층
🚇개롱역 1번 출구에서 953m

👉지점별로 구성 메뉴가 차이가 있을 수 있습니다.
👉지점별 신메뉴 출시일이 상이할 수 있습니다. 

#샤브올데이 #샤브샤브 #샤브올데이서울오금점 #샤브올데이신메뉴 #치즈퐁듀

#맛집 #맛집추천 #서울맛집 #뷔페 #뷔페추천 #가성비맛집 #서울핫플 #개롱역맛집 #송파맛집 #오금동맛집","{""kind"": ""youtube#video"", ""etag"": ""ViyIR2CUF7vV5hBA3raInQa7HsY"", ""id"": ""vo8yElFrHCU"", ""snippet"": {""publishedAt"": ""2026-03-23T10:04:20Z"", ""channelId"": ""UC2mw182Ycbfo7eeqYI5xr6Q"", ""title"": ""치즈 퐁듀까지 나온 샤브올데이 최신근황"", ""description"": ""치즈 찍먹 어디까지 가능?\n\n요즘 샤브올데이 봄 신메뉴가 난리라길래 바로 가봄!\n\n치즈 퐁듀에 크런치 인절미, 크런치 콘너겟, 보일링 소시지&옥수수, 눈꽃 크런치 볶음밥까지 맛있는 봄신메뉴 가득~~\n\n떡볶이에 치즈 넣으니 로제 느낌도 나는데 치킨, 신메뉴, 월남쌈 등 치즈 퐁듀에 찍어 먹는 조합에 재미도 있음ㅋㅋ\n\n버터떡만큼 쫀득한 크런치 인절미는 쭉 늘어나서 이거 치즈랑 먹으니 은근 중독됨..\n\n슬슬 느끼할 타이밍에 야채랑 고기 넣어서 샤브 먹으면 바로 리셋 가능ㅋㅋㅋ\n\n60여가지 샐러드바에 퀄 좋은 샤브 소고기 3종(양지, 설도, 목심)도 무제한으로 계속 가져다 먹을 수 있어서\n\n모임이나 가족 외식으로 딱임!\n\n마지막엔 애플망고빙수까지 먹고 나오면 뽕뽑기 가능ㅋㅋㅋ \n\n🏠샤브올데이 서울오금점\n📍서울 송파구 동남로 335 2층\n🚇개롱역 1번 출구에서 953m\n\n👉지점별로 구성 메뉴가 차이가 있을 수 있습니다.\n👉지점별 신메뉴 출시일이 상이할 수 있습니다. \n\n#샤브올데이 #샤브샤브 #샤브올데이서울오금점 #샤브올데이신메뉴 #치즈퐁듀\n\n#맛집 #맛집추천 #서울맛집 #뷔페 #뷔페추천 #가성비맛집 #서울핫플 #개롱역맛집 #송파맛집 #오금동맛집"", ""thumbnails"": {""default"": {""url"": ""https://i.ytimg.com/vi/vo8yElFrHCU/default.jpg"", ""width"": 120, ""height"": 90}, ""medium"": {""url"": ""https://i.ytimg.com/vi/vo8yElFrHCU/mqdefault.jpg"", ""width"": 320, ""height"": 180}, ""high"": {""url"": ""https://i.ytimg.com/vi/vo8yElFrHCU/hqdefault.jpg"", ""width"": 480, ""height"": 360}, ""standard"": {""url"": ""https://i.ytimg.com/vi/vo8yElFrHCU/sddefault.jpg"", ""width"": 640, ""height"": 480}, ""maxres"": {""url"": ""https://i.ytimg.com/vi/vo8yElFrHCU/maxresdefault.jpg"", ""width"": 1280, ""height"": 720}}, ""channelTitle"": ""먹충이"", ""tags"": [""맛집"", ""맛집추천"", ""가성비맛집"", ""뷔페"", ""샤브샤브""], ""categoryId"": ""24"", ""liveBroadcastContent"": ""none"", ""defaultLanguage"": ""ko"", ""localized"": {""title"": ""치즈 퐁듀까지 나온 샤브올데이 최신근황"", ""description"": ""치즈 찍먹 어디까지 가능?\n\n요즘 샤브올데이 봄 신메뉴가 난리라길래 바로 가봄!\n\n치즈 퐁듀에 크런치 인절미, 크런치 콘너겟, 보일링 소시지&옥수수, 눈꽃 크런치 볶음밥까지 맛있는 봄신메뉴 가득~~\n\n떡볶이에 치즈 넣으니 로제 느낌도 나는데 치킨, 신메뉴, 월남쌈 등 치즈 퐁듀에 찍어 먹는 조합에 재미도 있음ㅋㅋ\n\n버터떡만큼 쫀득한 크런치 인절미는 쭉 늘어나서 이거 치즈랑 먹으니 은근 중독됨..\n\n슬슬 느끼할 타이밍에 야채랑 고기 넣어서 샤브 먹으면 바로 리셋 가능ㅋㅋㅋ\n\n60여가지 샐러드바에 퀄 좋은 샤브 소고기 3종(양지, 설도, 목심)도 무제한으로 계속 가져다 먹을 수 있어서\n\n모임이나 가족 외식으로 딱임!\n\n마지막엔 애플망고빙수까지 먹고 나오면 뽕뽑기 가능ㅋㅋㅋ \n\n🏠샤브올데이 서울오금점\n📍서울 송파구 동남로 335 2층\n🚇개롱역 1번 출구에서 953m\n\n👉지점별로 구성 메뉴가 차이가 있을 수 있습니다.\n👉지점별 신메뉴 출시일이 상이할 수 있습니다. \n\n#샤브올데이 #샤브샤브 #샤브올데이서울오금점 #샤브올데이신메뉴 #치즈퐁듀\n\n#맛집 #맛집추천 #서울맛집 #뷔페 #뷔페추천 #가성비맛집 #서울핫플 #개롱역맛집 #송파맛집 #오금동맛집""}, ""defaultAudioLanguage"": ""zxx""}, ""statistics"": {""viewCount"": ""6627"", ""likeCount"": ""30"", ""favoriteCount"": ""0"", ""commentCount"": ""2""}}",,,,
샤브올데이,single_term_fallback,샤브올데이,rYa444u-8bU,여기 알고부터 샤브올데이 안갑니다,2026-05-03T14:42:35Z,7170.0,23.0,2.0,https://www.youtube.com/watch?v=rYa444u-8bU,youtube,샤브올데이,canonical,1.0,2026-05-26T11:17:04.805326+00:00,7170,23,2,25,서울에서 먹고 놀고 자고,"여기 알고부터 샤브올데이 안갑니다

13년 전부터 운영한 샤브 뷔페의 원조인 곳

단돈 18500원에 샤브와 뷔페를 무한으로 먹을 수 있는 곳

랍스터부터 시작해 가성비 제대로 미쳐버린 100가지 샐러드바에 음식부터 소스까지 정성스레 수제로 조리한거라

뷔페 특유의 쩐맛이 없는 것이 큰장점!

때문에 다른 샤브 뷔페들이랑은 맛이 차원이 다를 정도로 맛있고 가성비 좋으니

평소 폭식증 증상이 있으시거나 샤브샤브 좋아하신분께 추천드립니다

육수에 랍스터 통째로 넣고 푸욱 끓인 육수, 정말 매력적인데 샤브집에 랍스터 주는 곳은 처음!

📍메리킹 (성신여대)
서울 성북구 종암로 167 4층 (주차가능)

-오전 11시30분부터 21시30분까지
(15:30-17:30 평일만 브레이크, 주말 브레이크없음)
평일점심(샤브+뷔페)_18,500원

𝗦𝗘𝗢𝗨𝗟 𝗠𝗨𝗞 𝗣𝗟𝗔𝗬
서울, 맛있게 즐기다
ㅤ
구 하시면 서울이 더 재밌어질걸요?
@seoulmukplay
@seoulmukplay
@seoulmukplay
____________________________

#성신여대맛집 #성신맛집 #성북구맛집 #길음맛집 #메리킹 #성신여대역맛집 #샤브샤브 #샤브샤브맛집 #돈암맛집 #월곡맛집 #청량리맛집 #한성대맛집 #대학로맛집 #혜화맛집 #강북구맛집 #미아사거리","{""kind"": ""youtube#video"", ""etag"": ""VE4REy7sWks_AK2Nby3w8LRjFCc"", ""id"": ""rYa444u-8bU"", ""snippet"": {""publishedAt"": ""2026-05-03T14:42:35Z"", ""channelId"": ""UCbn5Aa5-1jhshhiEFvDNcYA"", ""title"": ""여기 알고부터 샤브올데이 안갑니다"", ""description"": ""여기 알고부터 샤브올데이 안갑니다\n\n13년 전부터 운영한 샤브 뷔페의 원조인 곳\n\n단돈 18500원에 샤브와 뷔페를 무한으로 먹을 수 있는 곳\n\n랍스터부터 시작해 가성비 제대로 미쳐버린 100가지 샐러드바에 음식부터 소스까지 정성스레 수제로 조리한거라\n\n뷔페 특유의 쩐맛이 없는 것이 큰장점!\n\n때문에 다른 샤브 뷔페들이랑은 맛이 차원이 다를 정도로 맛있고 가성비 좋으니\n\n평소 폭식증 증상이 있으시거나 샤브샤브 좋아하신분께 추천드립니다\n\n육수에 랍스터 통째로 넣고 푸욱 끓인 육수, 정말 매력적인데 샤브집에 랍스터 주는 곳은 처음!\n\n📍메리킹 (성신여대)\n서울 성북구 종암로 167 4층 (주차가능)\n\n-오전 11시30분부터 21시30분까지\n(15:30-17:30 평일만 브레이크, 주말 브레이크없음)\n평일점심(샤브+뷔페)_18,500원\n\n𝗦𝗘𝗢𝗨𝗟 𝗠𝗨𝗞 𝗣𝗟𝗔𝗬\n서울, 맛있게 즐기다\nㅤ\n구 하시면 서울이 더 재밌어질걸요?\n@seoulmukplay\n@seoulmukplay\n@seoulmukplay\n____________________________\n\n#성신여대맛집 #성신맛집 #성북구맛집 #길음맛집 #메리킹 #성신여대역맛집 #샤브샤브 #샤브샤브맛집 #돈암맛집 #월곡맛집 #청량리맛집 #한성대맛집 #대학로맛집 #혜화맛집 #강북구맛집 #미아사거리"", ""thumbnails"": {""default"": {""url"": ""https://i.ytimg.com/vi/rYa444u-8bU/default.jpg"", ""width"": 120, ""height"": 90}, ""medium"": {""url"": ""https://i.ytimg.com/vi/rYa444u-8bU/mqdefault.jpg"", ""width"": 320, ""height"": 180}, ""high"": {""url"": ""https://i.ytimg.com/vi/rYa444u-8bU/hqdefault.jpg"", ""width"": 480, ""height"": 360}, ""standard"": {""url"": ""https://i.ytimg.com/vi/rYa444u-8bU/sddefault.jpg"", ""width"": 640, ""height"": 480}, ""maxres"": {""url"": ""https://i.ytimg.com/vi/rYa444u-8bU/maxresdefault.jpg"", ""width"": 1280, ""height"": 720}}, ""channelTitle"": ""서울에서 먹고 놀고 자고"", ""tags"": [""서울맛집"", ""서울맛집추천"", ""서울핫플"", ""서울놀거리"", ""샤브올데이"", ""메리킹"", ""샤브샤브맛집""], ""categoryId"": ""22"", ""liveBroadcastContent"": ""none"", ""defaultLanguage"": ""ko"", ""localized"": {""title"": ""여기 알고부터 샤브올데이 안갑니다"", ""description"": ""여기 알고부터 샤브올데이 안갑니다\n\n13년 전부터 운영한 샤브 뷔페의 원조인 곳\n\n단돈 18500원에 샤브와 뷔페를 무한으로 먹을 수 있는 곳\n\n랍스터부터 시작해 가성비 제대로 미쳐버린 100가지 샐러드바에 음식부터 소스까지 정성스레 수제로 조리한거라\n\n뷔페 특유의 쩐맛이 없는 것이 큰장점!\n\n때문에 다른 샤브 뷔페들이랑은 맛이 차원이 다를 정도로 맛있고 가성비 좋으니\n\n평소 폭식증 증상이 있으시거나 샤브샤브 좋아하신분께 추천드립니다\n\n육수에 랍스터 통째로 넣고 푸욱 끓인 육수, 정말 매력적인데 샤브집에 랍스터 주는 곳은 처음!\n\n📍메리킹 (성신여대)\n서울 성북구 종암로 167 4층 (주차가능)\n\n-오전 11시30분부터 21시30분까지\n(15:30-17:30 평일만 브레이크, 주말 브레이크없음)\n평일점심(샤브+뷔페)_18,500원\n\n𝗦𝗘𝗢𝗨𝗟 𝗠𝗨𝗞 𝗣𝗟𝗔𝗬\n서울, 맛있게 즐기다\nㅤ\n구 하시면 서울이 더 재밌어질걸요?\n@seoulmukplay\n@seoulmukplay\n@seoulmukplay\n____________________________\n\n#성신여대맛집 #성신맛집 #성북구맛집 #길음맛집 #메리킹 #성신여대역맛집 #샤브샤브 #샤브샤브맛집 #돈암맛집 #월곡맛집 #청량리맛집 #한성대맛집 #대학로맛집 #혜화맛집 #강북구맛집 #미아사거리""}, ""defaultAudioLanguage"": ""ko""}, ""statistics"": {""viewCount"": ""7170"", ""likeCount"": ""23"", ""favoriteCount"": ""0"", ""commentCount"": ""2""}}",,,,
샤브올데이,single_term_fallback,샤브올데이,2lVW73mNnpU,샤브 올데이에서 혹시 이거 해 봤어??,2026-02-27T05:38:36Z,6159.0,7.0,0.0,https://www.youtube.com/watch?v=2lVW73mNnpU,youtube,샤브올데이,canonical,1.0,2026-05-26T11:17:04.805326+00:00,6159,7,0,7,하마씨,"요즘 서울에서
버터 칼국수 때문에 줄 선다는데 그 핫한 버터 칼국수 샤브올데이에서 무제한으로 실컷 먹을 수 있는거 아시나요?*광고

✅칼국수 사리 익혀 고소한 버터올려서 뜨거울 때 바로 비벼 먹으면 고소함 폭발에 김치까지 맛있어 김치랑 먹어도 꿀맛 

✅후식은 라이스페이페에 아이스크림+망고 넣어 싸먹음 시원하고 진맛있는 과일 모찌 완성

✅샤브올데이ver 건희소스 레시피
땅콩소스 1T + 칠리소스 2.5T + 고추기름 1T + 다진 마늘 0.5T + 쪽파 0.5T+ 고추 0.3T + 참기름
소스가 진짜 맛있음,

.



🎈샤브올데이 용인마북점
지점별로 구성 메뉴가 차이가 있을 수 있습니다
⸻



Butter kalguksu is trending in Seoul with long waiting lines.
At Shabu All Day, you can recreate it without the wait.

Add butter to your kalguksu noodles while hot and mix —
rich, savory, and surprisingly addictive.

Finish with fruit ice cream mochi for the perfect ending.

⸻
#샤브올데이 #샤브샤브 #버터칼국수 #레시피
#무한리필맛집#요즘핫한#푸드트렌드 #핫플레이스#샤브올데이용인마북점
#ShabuShabu #FoodTrend #KoreanFood","{""kind"": ""youtube#video"", ""etag"": ""Gn0K2Domtma5rpo4ZNr8SVTtdXM"", ""id"": ""2lVW73mNnpU"", ""snippet"": {""publishedAt"": ""2026-02-27T05:38:36Z"", ""channelId"": ""UCdbe2Z1u_HUWoWCkFhjlJzg"", ""title"": ""샤브 올데이에서 혹시 이거 해 봤어??"", ""description"": ""요즘 서울에서\n버터 칼국수 때문에 줄 선다는데 그 핫한 버터 칼국수 샤브올데이에서 무제한으로 실컷 먹을 수 있는거 아시나요?*광고\n\n✅칼국수 사리 익혀 고소한 버터올려서 뜨거울 때 바로 비벼 먹으면 고소함 폭발에 김치까지 맛있어 김치랑 먹어도 꿀맛 \n\n✅후식은 라이스페이페에 아이스크림+망고 넣어 싸먹음 시원하고 진맛있는 과일 모찌 완성\n\n✅샤브올데이ver 건희소스 레시피\n땅콩소스 1T + 칠리소스 2.5T + 고추기름 1T + 다진 마늘 0.5T + 쪽파 0.5T+ 고추 0.3T + 참기름\n소스가 진짜 맛있음,\n\n.\n\n\n\n🎈샤브올데이 용인마북점\n지점별로 구성 메뉴가 차이가 있을 수 있습니다\n⸻\n\n\n\nButter kalguksu is trending in Seoul with long waiting lines.\nAt Shabu All Day, you can recreate it without the wait.\n\nAdd butter to your kalguksu noodles while hot and mix —\nrich, savory, and surprisingly addictive.\n\nFinish with fruit ice cream mochi for the perfect ending.\n\n⸻\n#샤브올데이 #샤브샤브 #버터칼국수 #레시피\n#무한리필맛집#요즘핫한#푸드트렌드 #핫플레이스#샤브올데이용인마북점\n#ShabuShabu #FoodTrend #KoreanFood"", ""thumbnails"": {""default"": {""url"": ""https://i.ytimg.com/vi/2lVW73mNnpU/default.jpg"", ""width"": 120, ""height"": 90}, ""medium"": {""url"": ""https://i.ytimg.com/vi/2lVW73mNnpU/mqdefault.jpg"", ""width"": 320, ""height"": 180}, ""high"": {""url"": ""https://i.ytimg.com/vi/2lVW73mNnpU/hqdefault.jpg"", ""width"": 480, ""height"": 360}, ""standard"": {""url"": ""https://i.ytimg.com/vi/2lVW73mNnpU/sddefault.jpg"", ""width"": 640, ""height"": 480}, ""maxres"": {""url"": ""https://i.ytimg.com/vi/2lVW73mNnpU/maxresdefault.jpg"", ""width"": 1280, ""height"": 720}}, ""channelTitle"": ""하마씨"", ""categoryId"": ""22"", ""liveBroadcastContent"": ""none"", ""defaultLanguage"": ""ko"", ""localized"": {""title"": ""샤브 올데이에서 혹시 이거 해 봤어??"", ""description"": ""요즘 서울에서\n버터 칼국수 때문에 줄 선다는데 그 핫한 버터 칼국수 샤브올데이에서 무제한으로 실컷 먹을 수 있는거 아시나요?*광고\n\n✅칼국수 사리 익혀 고소한 버터올려서 뜨거울 때 바로 비벼 먹으면 고소함 폭발에 김치까지 맛있어 김치랑 먹어도 꿀맛 \n\n✅후식은 라이스페이페에 아이스크림+망고 넣어 싸먹음 시원하고 진맛있는 과일 모찌 완성\n\n✅샤브올데이ver 건희소스 레시피\n땅콩소스 1T + 칠리소스 2.5T + 고추기름 1T + 다진 마늘 0.5T + 쪽파 0.5T+ 고추 0.3T + 참기름\n소스가 진짜 맛있음,\n\n.\n\n\n\n🎈샤브올데이 용인마북점\n지점별로 구성 메뉴가 차이가 있을 수 있습니다\n⸻\n\n\n\nButter kalguksu is trending in Seoul with long waiting lines.\nAt Shabu All Day, you can recreate it without the wait.\n\nAdd butter to your kalguksu noodles while hot and mix —\nrich, savory, and surprisingly addictive.\n\nFinish with fruit ice cream mochi for the perfect ending.\n\n⸻\n#샤브올데이 #샤브샤브 #버터칼국수 #레시피\n#무한리필맛집#요즘핫한#푸드트렌드 #핫플레이스#샤브올데이용인마북점\n#ShabuShabu #FoodTrend #KoreanFood""}}, ""statistics"": {""viewCount"": ""6159"", ""likeCount"": ""7"", ""favoriteCount"": ""0"", ""commentCount"": ""0""}}",,,,
샤브올데이,single_term_fallback,샤브올데이,WEvnx8tVoCs,샤브올데이 신상 레시피 나옴,2026-03-24T02:11:14Z,5281.0,7.0,0.0,https://www.youtube.com/watch?v=WEvnx8tVoCs,youtube,샤브올데이,canonical,1.0,2026-05-26T11:17:04.805326+00:00,5281,7,0,7,인천맛집 먹제니,"2만원대로 배 터질 때까지 먹는 방법 알려드립니다🔥
요즘 핫한 샤브올데이 다녀왔어요

샤브샤브는 기본이고
고기, 채소, 사이드, 디저트까지 전부 무제한

진짜 마음껏 먹었는데
이 가격 맞나 싶을 정도;;

그리고 여기서 꼭 먹어야 하는 꿀조합👇

① 자이언트 월남쌈
요즘 해외에서 난리난 스타일🔥
라이스페이퍼 여러 장 겹쳐서
야채 + 고기 잔뜩 넣고 소스 찍으면… 미쳤습니다

② 미나리 삼겹 비빔밥
제철 미나리에 고기 넣고
참기름 한 바퀴 돌려서 비비기
(+ 열무김치 넣으면 더 맛있음)

③ 망고빙수
망고 그냥 먹어도 맛있는데
빙수 + 아이스크림 조합이면 게임 끝🍧

📍가성비 제대로 터지는 무제한 뷔페 찾는 분들
여기는 무조건 저장하세요!

!! 지점별로 구성 메뉴가 차이가 있을 수 있습니다.

#샤브올데이 #샤브샤브 #샤브올데이인천송도점 #자이언트월남쌈 #월남쌈","{""kind"": ""youtube#video"", ""etag"": ""lQ3msSkEH2SXFRoYAg3F6fO3A-Y"", ""id"": ""WEvnx8tVoCs"", ""snippet"": {""publishedAt"": ""2026-03-24T02:11:14Z"", ""channelId"": ""UCE65MhszSUK_TivpJrUWsDQ"", ""title"": ""샤브올데이 신상 레시피 나옴"", ""description"": ""2만원대로 배 터질 때까지 먹는 방법 알려드립니다🔥\n요즘 핫한 샤브올데이 다녀왔어요\n\n샤브샤브는 기본이고\n고기, 채소, 사이드, 디저트까지 전부 무제한\n\n진짜 마음껏 먹었는데\n이 가격 맞나 싶을 정도;;\n\n그리고 여기서 꼭 먹어야 하는 꿀조합👇\n\n① 자이언트 월남쌈\n요즘 해외에서 난리난 스타일🔥\n라이스페이퍼 여러 장 겹쳐서\n야채 + 고기 잔뜩 넣고 소스 찍으면… 미쳤습니다\n\n② 미나리 삼겹 비빔밥\n제철 미나리에 고기 넣고\n참기름 한 바퀴 돌려서 비비기\n(+ 열무김치 넣으면 더 맛있음)\n\n③ 망고빙수\n망고 그냥 먹어도 맛있는데\n빙수 + 아이스크림 조합이면 게임 끝🍧\n\n📍가성비 제대로 터지는 무제한 뷔페 찾는 분들\n여기는 무조건 저장하세요!\n\n!! 지점별로 구성 메뉴가 차이가 있을 수 있습니다.\n\n#샤브올데이 #샤브샤브 #샤브올데이인천송도점 #자이언트월남쌈 #월남쌈"", ""thumbnails"": {""default"": {""url"": ""https://i.ytimg.com/vi/WEvnx8tVoCs/default.jpg"", ""width"": 120, ""height"": 90}, ""medium"": {""url"": ""https://i.ytimg.com/vi/WEvnx8tVoCs/mqdefault.jpg"", ""width"": 320, ""height"": 180}, ""high"": {""url"": ""https://i.ytimg.com/vi/WEvnx8tVoCs/hqdefault.jpg"", ""width"": 480, ""height"": 360}, ""standard"": {""url"": ""https://i.ytimg.com/vi/WEvnx8tVoCs/sddefault.jpg"", ""width"": 640, ""height"": 480}, ""maxres"": {""url"": ""https://i.ytimg.com/vi/WEvnx8tVoCs/maxresdefault.jpg"", ""width"": 1280, ""height"": 720}}, ""channelTitle"": ""인천맛집 먹제니"", ""tags"": [""#인천맛집 #먹방 #한국음식 #맛스타""], ""categoryId"": ""22"", ""liveBroadcastContent"": ""none"", ""defaultLanguage"": ""ko"", ""localized"": {""title"": ""샤브올데이 신상 레시피 나옴"", ""description"": ""2만원대로 배 터질 때까지 먹는 방법 알려드립니다🔥\n요즘 핫한 샤브올데이 다녀왔어요\n\n샤브샤브는 기본이고\n고기, 채소, 사이드, 디저트까지 전부 무제한\n\n진짜 마음껏 먹었는데\n이 가격 맞나 싶을 정도;;\n\n그리고 여기서 꼭 먹어야 하는 꿀조합👇\n\n① 자이언트 월남쌈\n요즘 해외에서 난리난 스타일🔥\n라이스페이퍼 여러 장 겹쳐서\n야채 + 고기 잔뜩 넣고 소스 찍으면… 미쳤습니다\n\n② 미나리 삼겹 비빔밥\n제철 미나리에 고기 넣고\n참기름 한 바퀴 돌려서 비비기\n(+ 열무김치 넣으면 더 맛있음)\n\n③ 망고빙수\n망고 그냥 먹어도 맛있는데\n빙수 + 아이스크림 조합이면 게임 끝🍧\n\n📍가성비 제대로 터지는 무제한 뷔페 찾는 분들\n여기는 무조건 저장하세요!\n\n!! 지점별로 구성 메뉴가 차이가 있을 수 있습니다.\n\n#샤브올데이 #샤브샤브 #샤브올데이인천송도점 #자이언트월남쌈 #월남쌈""}, ""defaultAudioLanguage"": ""ko""}, ""statistics"": {""viewCount"": ""5281"", ""likeCount"": ""7"", ""favoriteCount"": ""0"", ""commentCount"": ""0""}}",,,,
샤브올데이,single_term_fallback,샤브올데이,JoNTMde9KjY,샤브올데이 히든레시피 저장해라,2026-02-27T07:03:38Z,6405.0,24.0,2.0,https://www.youtube.com/watch?v=JoNTMde9KjY,youtube,샤브올데이,canonical,1.0,2026-05-26T11:17:04.805326+00:00,6405,24,2,26,먹깽,,"{""kind"": ""youtube#video"", ""etag"": ""9IlZOotgkPahGuTGXDNDcwAT6qQ"", ""id"": ""JoNTMde9KjY"", ""snippet"": {""publishedAt"": ""2026-02-27T07:03:38Z"", ""channelId"": ""UCs62IQcBtKRP6aSOXNPbvLA"", ""title"": ""샤브올데이 히든레시피 저장해라"", ""description"": """", ""thumbnails"": {""default"": {""url"": ""https://i.ytimg.com/vi/JoNTMde9KjY/default.jpg"", ""width"": 120, ""height"": 90}, ""medium"": {""url"": ""https://i.ytimg.com/vi/JoNTMde9KjY/mqdefault.jpg"", ""width"": 320, ""height"": 180}, ""high"": {""url"": ""https://i.ytimg.com/vi/JoNTMde9KjY/hqdefault.jpg"", ""width"": 480, ""height"": 360}, ""standard"": {""url"": ""https://i.ytimg.com/vi/JoNTMde9KjY/sddefault.jpg"", ""width"": 640, ""height"": 480}, ""maxres"": {""url"": ""https://i.ytimg.com/vi/JoNTMde9KjY/maxresdefault.jpg"", ""width"": 1280, ""height"": 720}}, ""channelTitle"": ""먹깽"", ""categoryId"": ""22"", ""liveBroadcastContent"": ""none"", ""defaultLanguage"": ""ko"", ""localized"": {""title"": ""샤브올데이 히든레시피 저장해라"", ""description"": """"}}, ""statistics"": {""viewCount"": ""6405"", ""likeCount"": ""24"", ""favoriteCount"": ""0"", ""commentCount"": ""2""}}",,,,
샤브올데이,single_term_fallback,샤브올데이,9Qj43i8URkA,5월에 꼭 샤브올데이 가야하는이유 #샤브올데이 #샤올 #샤브샤브 #샤브맛집,2026-05-18T01:01:41Z,5560.0,16.0,4.0,https://www.youtube.com/watch?v=9Qj43i8URkA,youtube,샤브올데이,canonical,1.0,2026-05-26T11:17:04.805326+00:00,5560,16,4,20,푸짐하게먹는푸짐이,,"{""kind"": ""youtube#video"", ""etag"": ""P-ObKlx5FOFYvm4DozOiqL5ckMM"", ""id"": ""9Qj43i8URkA"", ""snippet"": {""publishedAt"": ""2026-05-18T01:01:41Z"", ""channelId"": ""UCRBwCQva2whj-kAqoNxSmnw"", ""title"": ""5월에 꼭 샤브올데이 가야하는이유 #샤브올데이 #샤올 #샤브샤브 #샤브맛집"", ""description"": """", ""thumbnails"": {""default"": {""url"": ""https://i.ytimg.com/vi/9Qj43i8URkA/default.jpg"", ""width"": 120, ""height"": 90}, ""medium"": {""url"": ""https://i.ytimg.com/vi/9Qj43i8URkA/mqdefault.jpg"", ""width"": 320, ""height"": 180}, ""high"": {""url"": ""https://i.ytimg.com/vi/9Qj43i8URkA/hqdefault.jpg"", ""width"": 480, ""height"": 360}, ""standard"": {""url"": ""https://i.ytimg.com/vi/9Qj43i8URkA/sddefault.jpg"", ""width"": 640, ""height"": 480}, ""maxres"": {""url"": ""https://i.ytimg.com/vi/9Qj43i8URkA/maxresdefault.jpg"", ""width"": 1280, ""height"": 720}}, ""channelTitle"": ""푸짐하게먹는푸짐이"", ""categoryId"": ""22"", ""liveBroadcastContent"": ""none"", ""defaultLanguage"": ""ko"", ""localized"": {""title"": ""5월에 꼭 샤브올데이 가야하는이유 #샤브올데이 #샤올 #샤브샤브 #샤브맛집"", ""description"": """"}}, ""statistics"": {""viewCount"": ""5560"", ""likeCount"": ""16"", ""favoriteCount"": ""0"", ""commentCount"": ""4""}}",,,,
샤브올데이,single_term_fallback,샤브올데이,ljVF5YIX1CI,요즘 버터면이 대세!?🧈👀직원도 모르는 샤브올데이 '버터도삭면' 꿀조합 200% 즐기는 조합#샤브올데이#버터도삭면 #샤브샤브맛집 #버터칼국수 #뷔페 #데이트 코스 #자양맛집,2026-03-04T14:43:58Z,5690.0,12.0,0.0,https://www.youtube.com/watch?v=ljVF5YIX1CI,youtube,샤브올데이,canonical,1.0,2026-05-26T11:17:04.805326+00:00,5690,12,0,12,미니 클로이,,"{""kind"": ""youtube#video"", ""etag"": ""PR8ycMuqikq8KWMKChlK39n_EBw"", ""id"": ""ljVF5YIX1CI"", ""snippet"": {""publishedAt"": ""2026-03-04T14:43:58Z"", ""channelId"": ""UCvjb7sCjGKNekom28ww83vw"", ""title"": ""요즘 버터면이 대세!?🧈👀직원도 모르는 샤브올데이 '버터도삭면' 꿀조합 200% 즐기는 조합#샤브올데이#버터도삭면 #샤브샤브맛집 #버터칼국수 #뷔페 #데이트 코스 #자양맛집"", ""description"": """", ""thumbnails"": {""default"": {""url"": ""https://i.ytimg.com/vi/ljVF5YIX1CI/default.jpg"", ""width"": 120, ""height"": 90}, ""medium"": {""url"": ""https://i.ytimg.com/vi/ljVF5YIX1CI/mqdefault.jpg"", ""width"": 320, ""height"": 180}, ""high"": {""url"": ""https://i.ytimg.com/vi/ljVF5YIX1CI/hqdefault.jpg"", ""width"": 480, ""height"": 360}, ""standard"": {""url"": ""https://i.ytimg.com/vi/ljVF5YIX1CI/sddefault.jpg"", ""width"": 640, ""height"": 480}, ""maxres"": {""url"": ""https://i.ytimg.com/vi/ljVF5YIX1CI/maxresdefault.jpg"", ""width"": 1280, ""height"": 720}}, ""channelTitle"": ""미니 클로이"", ""categoryId"": ""22"", ""liveBroadcastContent"": ""none"", ""defaultLanguage"": ""ko"", ""localized"": {""title"": ""요즘 버터면이 대세!?🧈👀직원도 모르는 샤브올데이 '버터도삭면' 꿀조합 200% 즐기는 조합#샤브올데이#버터도삭면 #샤브샤브맛집 #버터칼국수 #뷔페 #데이트 코스 #자양맛집"", ""description"": """"}}, ""statistics"": {""viewCount"": ""5690"", ""likeCount"": ""12"", ""favoriteCount"": ""0"", ""commentCount"": ""0""}}",,,,
샤브올데이,single_term_fallback,샤브올데이,az7NZ8U5x44,"샤브올데이, 1200억 원에 팔렸다 🤑",2026-03-06T08:30:00Z,4696.0,17.0,3.0,https://www.youtube.com/watch?v=az7NZ8U5x44,youtube,샤브올데이,canonical,1.0,2026-05-26T11:17:04.805326+00:00,4696,17,3,20,딜스커버리 Dealscovery,"더블유엠디(WMD)
▪️ M&A 상담: https://wmdmna.co.kr
▪️ 홈페이지: https://www.wemakedeal.co.kr
▪️ 문의: admin@wemakedeal.co.kr 

#샤브올데이 #졸리비 #컴포즈커피","{""kind"": ""youtube#video"", ""etag"": ""363u8YancHYIwXFlIdHEQpocrp4"", ""id"": ""az7NZ8U5x44"", ""snippet"": {""publishedAt"": ""2026-03-06T08:30:00Z"", ""channelId"": ""UCGiiUrkFqznhAxtY6t_wSkA"", ""title"": ""샤브올데이, 1200억 원에 팔렸다 🤑"", ""description"": ""더블유엠디(WMD)\n▪️ M&A 상담: https://wmdmna.co.kr\n▪️ 홈페이지: https://www.wemakedeal.co.kr\n▪️ 문의: admin@wemakedeal.co.kr \n\n#샤브올데이 #졸리비 #컴포즈커피"", ""thumbnails"": {""default"": {""url"": ""https://i.ytimg.com/vi/az7NZ8U5x44/default.jpg"", ""width"": 120, ""height"": 90}, ""medium"": {""url"": ""https://i.ytimg.com/vi/az7NZ8U5x44/mqdefault.jpg"", ""width"": 320, ""height"": 180}, ""high"": {""url"": ""https://i.ytimg.com/vi/az7NZ8U5x44/hqdefault.jpg"", ""width"": 480, ""height"": 360}, ""standard"": {""url"": ""https://i.ytimg.com/vi/az7NZ8U5x44/sddefault.jpg"", ""width"": 640, ""height"": 480}, ""maxres"": {""url"": ""https://i.ytimg.com/vi/az7NZ8U5x44/maxresdefault.jpg"", ""width"": 1280, ""height"": 720}}, ""channelTitle"": ""딜스커버리 Dealscovery"", ""tags"": [""졸리비"", ""샤브올데이"", ""샤브샤브"", ""컴포즈커피"", ""m&a"", ""돈"", ""부자"", ""경영"", ""경제"", ""인수"", ""합병"", ""매각"", ""비즈니스""], ""categoryId"": ""22"", ""liveBroadcastContent"": ""none"", ""defaultLanguage"": ""ko"", ""localized"": {""title"": ""샤브올데이, 1200억 원에 팔렸다 🤑"", ""description"": ""더블유엠디(WMD)\n▪️ M&A 상담: https://wmdmna.co.kr\n▪️ 홈페이지: https://www.wemakedeal.co.kr\n▪️ 문의: admin@wemakedeal.co.kr \n\n#샤브올데이 #졸리비 #컴포즈커피""}}, ""statistics"": {""viewCount"": ""4696"", ""likeCount"": ""17"", ""favoriteCount"": ""0"", ""commentCount"": ""3""}}",,,,
샤브올데이,single_term_fallback,샤브올데이,sVm471AaE_Y,[샤브올데이] 치즈레시피3,2026-03-29T13:41:52Z,4565.0,28.0,1.0,https://www.youtube.com/watch?v=sVm471AaE_Y,youtube,샤브올데이,canonical,1.0,2026-05-26T11:17:04.805326+00:00,4565,28,1,29,먹퀘스트,,"{""kind"": ""youtube#video"", ""etag"": ""CTQ9wdEXDUuMQ8gT9vvf759x-Fk"", ""id"": ""sVm471AaE_Y"", ""snippet"": {""publishedAt"": ""2026-03-29T13:41:52Z"", ""channelId"": ""UC_9EJXyRHrz6vifw4CDl5tw"", ""title"": ""[샤브올데이] 치즈레시피3"", ""description"": """", ""thumbnails"": {""default"": {""url"": ""https://i.ytimg.com/vi/sVm471AaE_Y/default.jpg"", ""width"": 120, ""height"": 90}, ""medium"": {""url"": ""https://i.ytimg.com/vi/sVm471AaE_Y/mqdefault.jpg"", ""width"": 320, ""height"": 180}, ""high"": {""url"": ""https://i.ytimg.com/vi/sVm471AaE_Y/hqdefault.jpg"", ""width"": 480, ""height"": 360}, ""standard"": {""url"": ""https://i.ytimg.com/vi/sVm471AaE_Y/sddefault.jpg"", ""width"": 640, ""height"": 480}, ""maxres"": {""url"": ""https://i.ytimg.com/vi/sVm471AaE_Y/maxresdefault.jpg"", ""width"": 1280, ""height"": 720}}, ""channelTitle"": ""먹퀘스트"", ""tags"": [""샤브올뎅"", ""샵올"", ""샤브올데이"", ""샤브올데이신메뉴"", ""오금"", ""오금동"", ""오금맛집"", ""외식"", ""가족외식"", ""뷔페"", ""뷔페추천""], ""categoryId"": ""22"", ""liveBroadcastContent"": ""none"", ""defaultLanguage"": ""ko"", ""localized"": {""title"": ""[샤브올데이] 치즈레시피3"", ""description"": """"}}, ""statistics"": {""viewCount"": ""4565"", ""likeCount"": ""28"", ""favoriteCount"": ""0"", ""commentCount"": ""1""}}",,,,
샤브올데이,single_term_fallback,샤브올데이,siVtn0Owl-c,두쫀쿠? 짭쫀쿠 무제한 만들어 먹는 꿀팁ㅋㅋ #샤브올데이 #두쫀쿠 #땅쫀쿠 #꿀팁,2026-02-26T05:13:27Z,5018.0,12.0,1.0,https://www.youtube.com/watch?v=siVtn0Owl-c,youtube,샤브올데이,canonical,1.0,2026-05-26T11:17:04.805326+00:00,5018,12,1,13,순하리 • Harrysun foodie couple,"📍샤브올데이 고양스타필드점
✔️ 경기 고양시 덕양구 고양대로 1970 1층 

* 지점별로 구성 메뉴가 차이가 있을 수 있습니다.","{""kind"": ""youtube#video"", ""etag"": ""k1hxkXzcpLie_5TnUnSH-seOFR0"", ""id"": ""siVtn0Owl-c"", ""snippet"": {""publishedAt"": ""2026-02-26T05:13:27Z"", ""channelId"": ""UCuU6dB5zGu_RN7bSNDwA5LQ"", ""title"": ""두쫀쿠? 짭쫀쿠 무제한 만들어 먹는 꿀팁ㅋㅋ #샤브올데이 #두쫀쿠 #땅쫀쿠 #꿀팁"", ""description"": ""📍샤브올데이 고양스타필드점\n✔️ 경기 고양시 덕양구 고양대로 1970 1층 \n\n* 지점별로 구성 메뉴가 차이가 있을 수 있습니다."", ""thumbnails"": {""default"": {""url"": ""https://i.ytimg.com/vi/siVtn0Owl-c/default.jpg"", ""width"": 120, ""height"": 90}, ""medium"": {""url"": ""https://i.ytimg.com/vi/siVtn0Owl-c/mqdefault.jpg"", ""width"": 320, ""height"": 180}, ""high"": {""url"": ""https://i.ytimg.com/vi/siVtn0Owl-c/hqdefault.jpg"", ""width"": 480, ""height"": 360}, ""standard"": {""url"": ""https://i.ytimg.com/vi/siVtn0Owl-c/sddefault.jpg"", ""width"": 640, ""height"": 480}, ""maxres"": {""url"": ""https://i.ytimg.com/vi/siVtn0Owl-c/maxresdefault.jpg"", ""width"": 1280, ""height"": 720}}, ""channelTitle"": ""순하리 • Harrysun foodie couple"", ""categoryId"": ""22"", ""liveBroadcastContent"": ""none"", ""defaultLanguage"": ""ko"", ""localized"": {""title"": ""두쫀쿠? 짭쫀쿠 무제한 만들어 먹는 꿀팁ㅋㅋ #샤브올데이 #두쫀쿠 #땅쫀쿠 #꿀팁"", ""description"": ""📍샤브올데이 고양스타필드점\n✔️ 경기 고양시 덕양구 고양대로 1970 1층 \n\n* 지점별로 구성 메뉴가 차이가 있을 수 있습니다.""}, ""defaultAudioLanguage"": ""ko""}, ""statistics"": {""viewCount"": ""5018"", ""likeCount"": ""12"", ""favoriteCount"": ""0"", ""commentCount"": ""1""}}",,,,
샤브올데이,single_term_fallback,샤브올데이,nYDoTytdl4s,명륜진사갈비 점주들의 피눈물...샤브올데이 1300억 헐값 매각의 소름돋는 진실,2026-03-03T20:45:03Z,2388.0,22.0,10.0,https://www.youtube.com/watch?v=nYDoTytdl4s,youtube,샤브올데이,canonical,1.0,2026-05-26T11:17:04.805326+00:00,2388,22,10,32,미친경제학,"전국 삼백 개 매장을 거느린 국민 외식 브랜드 명륜진사갈비. 한때는 줄 서서 먹던 그 브랜드의 본사 샤브올데이가 어느 날 갑자기 일천삼백억 원에 매각됐습니다. 업계 전문가들이 추정한 실제 기업 가치는 최소 이천억에서 최대 삼천억 원. 그런데 점주들은 언론 기사로 매각 사실을 처음 알았습니다. 퇴직금 전부를 털어 가게를 차린 수백 명의 점주들은 지금 전국 거리에서 피켓을 들고 눈물을 흘리고 있습니다. 본사를 믿고 브랜드를 믿고 시스템을 믿었던 그 믿음이 하루아침에 배신당한 것입니다. 이 영상은 헐값 매각의 세 가지 충격적인 가설과 함께 노후 자금을 지키기 위해 반드시 알아야 할 네 가지 핵심 조언을 담았습니다.

어렵고 딱딱한 경제 이야기,미친 듯이 쉽게 풀어드립니다.
복잡한 수치와 방대한 데이터 속에서핵심만 콕 집어
 **현실 밀착형 경제 채널, 〈미친 경제학〉**입니다.

🔍 미친 경제학에서 다루는 이야기
📊 경제 & 시사 이슈지금 안 보면 늦는 국내·외 경제 뉴스, 한 번에 이해
💸 투자 & 자산 흐름주식·부동산 등 돈의 흐름을 읽는 기본 감각 키우기
📚 경제 지식 & 역사경제 판을 뒤집은 사건과 흐름을 쉽게 풀어보는 이야기
🌍 글로벌 인사이트세계 경제 변화와 해외 시장 동향, 핵심만 정리

🔔 구독 & 좋아요 안내
매일 쏟아지는 경제 뉴스 속에서미친 듯이 중요한 것만 골라드립니다.
놓치지 않으시려면👉 구독과 알림 설정, 꼭 눌러주세요.
여러분의 경제 감각을 깨워드리는 채널,**〈미친 경제학〉**이 함께하겠습니다.

⚠️
자료 조사 안내본 영상은 공개된 경제 자료와 다양한 데이터 분석을 바탕으로정보 전달과 이해를 돕기 위해 제작되었습니다.
제작 방식본 콘텐츠는 교육 목적의 경제 설명 영상으로,AI 기술을 활용해 복잡한 경제 정보를쉽고 이해하기 쉽게 재구성했습니다.
투자 유의사항영상의 내용은 투자 권유가 아닌 참고용 정보입니다.
투자 판단과 결과에 대한 책임은 시청자 본인에게 있으며,본 채널은 투자 결과에 대해 법적 책임을 지지 않습니다.

#명륜진사갈비 #샤브올데이 #헐값매각 #프랜차이즈창업 #가맹점피해 #점주피눈물 #노후준비 #퇴직금지키기 #시니어창업 #자영업자현실 #프랜차이즈함정 #노후재테크 #창업전필독 #가맹사업법 #공정거래위원회 #외식프랜차이즈 #퇴직후창업 #노후자금 #창업실패 #소상공인","{""kind"": ""youtube#video"", ""etag"": ""xUJtnwS12hpXbI_dpal80_Crd1s"", ""id"": ""nYDoTytdl4s"", ""snippet"": {""publishedAt"": ""2026-03-03T20:45:03Z"", ""channelId"": ""UCM-it0TTbYLJa4SX7vZKbDA"", ""title"": ""명륜진사갈비 점주들의 피눈물...샤브올데이 1300억 헐값 매각의 소름돋는 진실"", ""description"": ""전국 삼백 개 매장을 거느린 국민 외식 브랜드 명륜진사갈비. 한때는 줄 서서 먹던 그 브랜드의 본사 샤브올데이가 어느 날 갑자기 일천삼백억 원에 매각됐습니다. 업계 전문가들이 추정한 실제 기업 가치는 최소 이천억에서 최대 삼천억 원. 그런데 점주들은 언론 기사로 매각 사실을 처음 알았습니다. 퇴직금 전부를 털어 가게를 차린 수백 명의 점주들은 지금 전국 거리에서 피켓을 들고 눈물을 흘리고 있습니다. 본사를 믿고 브랜드를 믿고 시스템을 믿었던 그 믿음이 하루아침에 배신당한 것입니다. 이 영상은 헐값 매각의 세 가지 충격적인 가설과 함께 노후 자금을 지키기 위해 반드시 알아야 할 네 가지 핵심 조언을 담았습니다.\n\n어렵고 딱딱한 경제 이야기,미친 듯이 쉽게 풀어드립니다.\n복잡한 수치와 방대한 데이터 속에서핵심만 콕 집어\n **현실 밀착형 경제 채널, 〈미친 경제학〉**입니다.\n\n🔍 미친 경제학에서 다루는 이야기\n📊 경제 & 시사 이슈지금 안 보면 늦는 국내·외 경제 뉴스, 한 번에 이해\n💸 투자 & 자산 흐름주식·부동산 등 돈의 흐름을 읽는 기본 감각 키우기\n📚 경제 지식 & 역사경제 판을 뒤집은 사건과 흐름을 쉽게 풀어보는 이야기\n🌍 글로벌 인사이트세계 경제 변화와 해외 시장 동향, 핵심만 정리\n\n🔔 구독 & 좋아요 안내\n매일 쏟아지는 경제 뉴스 속에서미친 듯이 중요한 것만 골라드립니다.\n놓치지 않으시려면👉 구독과 알림 설정, 꼭 눌러주세요.\n여러분의 경제 감각을 깨워드리는 채널,**〈미친 경제학〉**이 함께하겠습니다.\n\n⚠️\n자료 조사 안내본 영상은 공개된 경제 자료와 다양한 데이터 분석을 바탕으로정보 전달과 이해를 돕기 위해 제작되었습니다.\n제작 방식본 콘텐츠는 교육 목적의 경제 설명 영상으로,AI 기술을 활용해 복잡한 경제 정보를쉽고 이해하기 쉽게 재구성했습니다.\n투자 유의사항영상의 내용은 투자 권유가 아닌 참고용 정보입니다.\n투자 판단과 결과에 대한 책임은 시청자 본인에게 있으며,본 채널은 투자 결과에 대해 법적 책임을 지지 않습니다.\n\n#명륜진사갈비 #샤브올데이 #헐값매각 #프랜차이즈창업 #가맹점피해 #점주피눈물 #노후준비 #퇴직금지키기 #시니어창업 #자영업자현실 #프랜차이즈함정 #노후재테크 #창업전필독 #가맹사업법 #공정거래위원회 #외식프랜차이즈 #퇴직후창업 #노후자금 #창업실패 #소상공인"", ""thumbnails"": {""default"": {""url"": ""https://i.ytimg.com/vi/nYDoTytdl4s/default.jpg"", ""width"": 120, ""height"": 90}, ""medium"": {""url"": ""https://i.ytimg.com/vi/nYDoTytdl4s/mqdefault.jpg"", ""width"": 320, ""height"": 180}, ""high"": {""url"": ""https://i.ytimg.com/vi/nYDoTytdl4s/hqdefault.jpg"", ""width"": 480, ""height"": 360}, ""standard"": {""url"": ""https://i.ytimg.com/vi/nYDoTytdl4s/sddefault.jpg"", ""width"": 640, ""height"": 480}, ""maxres"": {""url"": ""https://i.ytimg.com/vi/nYDoTytdl4s/maxresdefault.jpg"", ""width"": 1280, ""height"": 720}}, ""channelTitle"": ""미친경제학"", ""categoryId"": ""22"", ""liveBroadcastContent"": ""none"", ""defaultLanguage"": ""ko"", ""localized"": {""title"": ""명륜진사갈비 점주들의 피눈물...샤브올데이 1300억 헐값 매각의 소름돋는 진실"", ""description"": ""전국 삼백 개 매장을 거느린 국민 외식 브랜드 명륜진사갈비. 한때는 줄 서서 먹던 그 브랜드의 본사 샤브올데이가 어느 날 갑자기 일천삼백억 원에 매각됐습니다. 업계 전문가들이 추정한 실제 기업 가치는 최소 이천억에서 최대 삼천억 원. 그런데 점주들은 언론 기사로 매각 사실을 처음 알았습니다. 퇴직금 전부를 털어 가게를 차린 수백 명의 점주들은 지금 전국 거리에서 피켓을 들고 눈물을 흘리고 있습니다. 본사를 믿고 브랜드를 믿고 시스템을 믿었던 그 믿음이 하루아침에 배신당한 것입니다. 이 영상은 헐값 매각의 세 가지 충격적인 가설과 함께 노후 자금을 지키기 위해 반드시 알아야 할 네 가지 핵심 조언을 담았습니다.\n\n어렵고 딱딱한 경제 이야기,미친 듯이 쉽게 풀어드립니다.\n복잡한 수치와 방대한 데이터 속에서핵심만 콕 집어\n **현실 밀착형 경제 채널, 〈미친 경제학〉**입니다.\n\n🔍 미친 경제학에서 다루는 이야기\n📊 경제 & 시사 이슈지금 안 보면 늦는 국내·외 경제 뉴스, 한 번에 이해\n💸 투자 & 자산 흐름주식·부동산 등 돈의 흐름을 읽는 기본 감각 키우기\n📚 경제 지식 & 역사경제 판을 뒤집은 사건과 흐름을 쉽게 풀어보는 이야기\n🌍 글로벌 인사이트세계 경제 변화와 해외 시장 동향, 핵심만 정리\n\n🔔 구독 & 좋아요 안내\n매일 쏟아지는 경제 뉴스 속에서미친 듯이 중요한 것만 골라드립니다.\n놓치지 않으시려면👉 구독과 알림 설정, 꼭 눌러주세요.\n여러분의 경제 감각을 깨워드리는 채널,**〈미친 경제학〉**이 함께하겠습니다.\n\n⚠️\n자료 조사 안내본 영상은 공개된 경제 자료와 다양한 데이터 분석을 바탕으로정보 전달과 이해를 돕기 위해 제작되었습니다.\n제작 방식본 콘텐츠는 교육 목적의 경제 설명 영상으로,AI 기술을 활용해 복잡한 경제 정보를쉽고 이해하기 쉽게 재구성했습니다.\n투자 유의사항영상의 내용은 투자 권유가 아닌 참고용 정보입니다.\n투자 판단과 결과에 대한 책임은 시청자 본인에게 있으며,본 채널은 투자 결과에 대해 법적 책임을 지지 않습니다.\n\n#명륜진사갈비 #샤브올데이 #헐값매각 #프랜차이즈창업 #가맹점피해 #점주피눈물 #노후준비 #퇴직금지키기 #시니어창업 #자영업자현실 #프랜차이즈함정 #노후재테크 #창업전필독 #가맹사업법 #공정거래위원회 #외식프랜차이즈 #퇴직후창업 #노후자금 #창업실패 #소상공인""}}, ""statistics"": {""viewCount"": ""2388"", ""likeCount"": ""22"", ""favoriteCount"": ""0"", ""commentCount"": ""10""}}",,,,
샤브올데이,single_term_fallback,샤브올데이,rlXdvEDjGOk,매력있는 김진아 치어리더 샤브올데이 댄스 #shorts #매력 #치어리더 #김진아,2026-03-24T22:00:00Z,5959.0,325.0,1.0,https://www.youtube.com/watch?v=rlXdvEDjGOk,youtube,샤브올데이,canonical,1.0,2026-05-26T11:17:04.805326+00:00,5959,325,1,326,파선tv,"#샤브올데이 #댄스 
#파선tv #구독","{""kind"": ""youtube#video"", ""etag"": ""4TNq72FJ5ou4bN_btKKkGMgUJ7o"", ""id"": ""rlXdvEDjGOk"", ""snippet"": {""publishedAt"": ""2026-03-24T22:00:00Z"", ""channelId"": ""UChJzm5V8nm4x2FLAZ-tH_Tw"", ""title"": ""매력있는 김진아 치어리더 샤브올데이 댄스 #shorts #매력 #치어리더 #김진아"", ""description"": ""#샤브올데이 #댄스 \n#파선tv #구독"", ""thumbnails"": {""default"": {""url"": ""https://i.ytimg.com/vi/rlXdvEDjGOk/default.jpg"", ""width"": 120, ""height"": 90}, ""medium"": {""url"": ""https://i.ytimg.com/vi/rlXdvEDjGOk/mqdefault.jpg"", ""width"": 320, ""height"": 180}, ""high"": {""url"": ""https://i.ytimg.com/vi/rlXdvEDjGOk/hqdefault.jpg"", ""width"": 480, ""height"": 360}, ""standard"": {""url"": ""https://i.ytimg.com/vi/rlXdvEDjGOk/sddefault.jpg"", ""width"": 640, ""height"": 480}, ""maxres"": {""url"": ""https://i.ytimg.com/vi/rlXdvEDjGOk/maxresdefault.jpg"", ""width"": 1280, ""height"": 720}}, ""channelTitle"": ""파선tv"", ""categoryId"": ""22"", ""liveBroadcastContent"": ""none"", ""defaultLanguage"": ""ko"", ""localized"": {""title"": ""매력있는 김진아 치어리더 샤브올데이 댄스 #shorts #매력 #치어리더 #김진아"", ""description"": ""#샤브올데이 #댄스 \n#파선tv #구독""}, ""defaultAudioLanguage"": ""ko""}, ""statistics"": {""viewCount"": ""5959"", ""likeCount"": ""325"", ""favoriteCount"": ""0"", ""commentCount"": ""1""}}",,,,
샤브올데이,single_term_fallback,샤브올데이,cT9EdQRKyEk,"마라당면국수, 두쫀쿠 무제한 샤브올데이 최신근황",2026-03-04T11:14:38Z,4213.0,6.0,0.0,https://www.youtube.com/watch?v=cT9EdQRKyEk,youtube,샤브올데이,canonical,1.0,2026-05-26T11:17:04.805326+00:00,4213,6,0,6,냠노 | yamyamnomad,,"{""kind"": ""youtube#video"", ""etag"": ""Ub2IyVmLH3qVvE3S_pUoFQnmjcg"", ""id"": ""cT9EdQRKyEk"", ""snippet"": {""publishedAt"": ""2026-03-04T11:14:38Z"", ""channelId"": ""UC7rvmfjPB2DfWpbnpcidUUg"", ""title"": ""마라당면국수, 두쫀쿠 무제한 샤브올데이 최신근황"", ""description"": """", ""thumbnails"": {""default"": {""url"": ""https://i.ytimg.com/vi/cT9EdQRKyEk/default.jpg"", ""width"": 120, ""height"": 90}, ""medium"": {""url"": ""https://i.ytimg.com/vi/cT9EdQRKyEk/mqdefault.jpg"", ""width"": 320, ""height"": 180}, ""high"": {""url"": ""https://i.ytimg.com/vi/cT9EdQRKyEk/hqdefault.jpg"", ""width"": 480, ""height"": 360}, ""standard"": {""url"": ""https://i.ytimg.com/vi/cT9EdQRKyEk/sddefault.jpg"", ""width"": 640, ""height"": 480}, ""maxres"": {""url"": ""https://i.ytimg.com/vi/cT9EdQRKyEk/maxresdefault.jpg"", ""width"": 1280, ""height"": 720}}, ""channelTitle"": ""냠노 | yamyamnomad"", ""categoryId"": ""22"", ""liveBroadcastContent"": ""none"", ""defaultLanguage"": ""ko"", ""localized"": {""title"": ""마라당면국수, 두쫀쿠 무제한 샤브올데이 최신근황"", ""description"": """"}}, ""statistics"": {""viewCount"": ""4213"", ""likeCount"": ""6"", ""favoriteCount"": ""0"", ""commentCount"": ""0""}}",,,,
샤브올데이,single_term_fallback,샤브올데이,juXF-AiQA_A,800억 불법 대부업? 명륜당의 충격적인 근황 명륜진사갈비 대신 샤브올데이 매각 성공 갈비만 파는 줄 알았더니 사채도 판 명륜당 의혹 총정리!,2026-03-04T22:00:58Z,2326.0,59.0,3.0,https://www.youtube.com/watch?v=juXF-AiQA_A,youtube,샤브올데이,canonical,1.0,2026-05-26T11:17:04.805326+00:00,2326,59,3,62,단하나 경제학,"1,300억 매각 잭팟? 기사만 보고 프랜차이즈 오너가 돈다발을 들고 탈출한 줄 아셨다면 완벽히 속으신 겁니다. 이 거래는 탐욕스러운 오너를 파멸시키기 위해 설계된 자본주의의 서늘한 함정이었습니다.

국책은행에서 3%대로 빌린 세금을 가맹점주들에게 15% 고리대금으로 떠넘기기 위해 12개의 대부업체를 쪼개기 설립했던 명륜당. 결국 꼬리가 밟혀 벼랑 끝에 몰린 오너는, 필리핀 최대 외식기업 '졸리비'에게 알짜 브랜드 '샤브올데이'를 넘기게 됩니다. 하지만 1,300억이라는 매각 대금 뒤에는 국책은행 상환, 어마어마한 세금 폭탄, 그리고 가맹점주들의 줄소송이라는 지옥의 청구서가 기다리고 있었습니다.

갈비집을 가장한 사채업의 끔찍한 결말과, 피도 눈물도 없는 거대 자본의 '체리피킹(단물 빼먹기)' 사냥법. 프랜차이즈 창업을 단 한 번이라도 고민해 보셨다면, 오늘 영상은 선택이 아닌 필수입니다.


00:00 1,300억 대박? 오너를 지옥으로 보낸 완벽한 함정
01:25 갈비 팔아 돈 버는 줄 알았지? 15% 고리대금업의 실체
03:40 12개로 쪼개진 대부업체, 치밀하게 설계된 꼼수
06:15 650억 당장 갚아! 국책은행의 최후통첩과 벼랑 끝 명륜당
09:10 필리핀 거대 자본 '졸리비'의 등장과 소름 돋는 체리피킹
11:25 1,300억의 진실: 세금과 빚 갚고 나면 오너에게 남는 돈은?
14:00 오너를 옭아맨 추징금과 가맹점주들의 줄소송
16:20 거대 자본의 먹잇감이 되지 않기 위한 3가지 생존 법칙

[면책 조항]
본 영상에는 내용의 이해를 돕기 위해 인공지능(AI)으로 생성된 이미지가 일부 포함되어 있습니다. 해당 이미지는 실제 존재하는 인물, 장소, 사건을 묘사한 것이 아니며 연출된 장면임에 여러 오류가있을수 있습니다
투자에대한 책임은 본인에게있습니다

#명륜진사갈비 #샤브올데이 #명륜당 #프랜차이즈창업 #대부업 #졸리비 #자본주의 #자영업 #경제스토리 #행동경제학","{""kind"": ""youtube#video"", ""etag"": ""hBUTC9cOPPdXE3VugavDOPqxnII"", ""id"": ""juXF-AiQA_A"", ""snippet"": {""publishedAt"": ""2026-03-04T22:00:58Z"", ""channelId"": ""UCAcX-VjmWB1dYPlAP7j_Htw"", ""title"": ""800억 불법 대부업? 명륜당의 충격적인 근황 명륜진사갈비 대신 샤브올데이 매각 성공 갈비만 파는 줄 알았더니 사채도 판 명륜당 의혹 총정리!"", ""description"": ""1,300억 매각 잭팟? 기사만 보고 프랜차이즈 오너가 돈다발을 들고 탈출한 줄 아셨다면 완벽히 속으신 겁니다. 이 거래는 탐욕스러운 오너를 파멸시키기 위해 설계된 자본주의의 서늘한 함정이었습니다.\n\n국책은행에서 3%대로 빌린 세금을 가맹점주들에게 15% 고리대금으로 떠넘기기 위해 12개의 대부업체를 쪼개기 설립했던 명륜당. 결국 꼬리가 밟혀 벼랑 끝에 몰린 오너는, 필리핀 최대 외식기업 '졸리비'에게 알짜 브랜드 '샤브올데이'를 넘기게 됩니다. 하지만 1,300억이라는 매각 대금 뒤에는 국책은행 상환, 어마어마한 세금 폭탄, 그리고 가맹점주들의 줄소송이라는 지옥의 청구서가 기다리고 있었습니다.\n\n갈비집을 가장한 사채업의 끔찍한 결말과, 피도 눈물도 없는 거대 자본의 '체리피킹(단물 빼먹기)' 사냥법. 프랜차이즈 창업을 단 한 번이라도 고민해 보셨다면, 오늘 영상은 선택이 아닌 필수입니다.\n\n\n00:00 1,300억 대박? 오너를 지옥으로 보낸 완벽한 함정\n01:25 갈비 팔아 돈 버는 줄 알았지? 15% 고리대금업의 실체\n03:40 12개로 쪼개진 대부업체, 치밀하게 설계된 꼼수\n06:15 650억 당장 갚아! 국책은행의 최후통첩과 벼랑 끝 명륜당\n09:10 필리핀 거대 자본 '졸리비'의 등장과 소름 돋는 체리피킹\n11:25 1,300억의 진실: 세금과 빚 갚고 나면 오너에게 남는 돈은?\n14:00 오너를 옭아맨 추징금과 가맹점주들의 줄소송\n16:20 거대 자본의 먹잇감이 되지 않기 위한 3가지 생존 법칙\n\n[면책 조항]\n본 영상에는 내용의 이해를 돕기 위해 인공지능(AI)으로 생성된 이미지가 일부 포함되어 있습니다. 해당 이미지는 실제 존재하는 인물, 장소, 사건을 묘사한 것이 아니며 연출된 장면임에 여러 오류가있을수 있습니다\n투자에대한 책임은 본인에게있습니다\n\n#명륜진사갈비 #샤브올데이 #명륜당 #프랜차이즈창업 #대부업 #졸리비 #자본주의 #자영업 #경제스토리 #행동경제학"", ""thumbnails"": {""default"": {""url"": ""https://i.ytimg.com/vi/juXF-AiQA_A/default.jpg"", ""width"": 120, ""height"": 90}, ""medium"": {""url"": ""https://i.ytimg.com/vi/juXF-AiQA_A/mqdefault.jpg"", ""width"": 320, ""height"": 180}, ""high"": {""url"": ""https://i.ytimg.com/vi/juXF-AiQA_A/hqdefault.jpg"", ""width"": 480, ""height"": 360}, ""standard"": {""url"": ""https://i.ytimg.com/vi/juXF-AiQA_A/sddefault.jpg"", ""width"": 640, ""height"": 480}}, ""channelTitle"": ""단하나 경제학"", ""categoryId"": ""27"", ""liveBroadcastContent"": ""none"", ""defaultLanguage"": ""ko"", ""localized"": {""title"": ""800억 불법 대부업? 명륜당의 충격적인 근황 명륜진사갈비 대신 샤브올데이 매각 성공 갈비만 파는 줄 알았더니 사채도 판 명륜당 의혹 총정리!"", ""description"": ""1,300억 매각 잭팟? 기사만 보고 프랜차이즈 오너가 돈다발을 들고 탈출한 줄 아셨다면 완벽히 속으신 겁니다. 이 거래는 탐욕스러운 오너를 파멸시키기 위해 설계된 자본주의의 서늘한 함정이었습니다.\n\n국책은행에서 3%대로 빌린 세금을 가맹점주들에게 15% 고리대금으로 떠넘기기 위해 12개의 대부업체를 쪼개기 설립했던 명륜당. 결국 꼬리가 밟혀 벼랑 끝에 몰린 오너는, 필리핀 최대 외식기업 '졸리비'에게 알짜 브랜드 '샤브올데이'를 넘기게 됩니다. 하지만 1,300억이라는 매각 대금 뒤에는 국책은행 상환, 어마어마한 세금 폭탄, 그리고 가맹점주들의 줄소송이라는 지옥의 청구서가 기다리고 있었습니다.\n\n갈비집을 가장한 사채업의 끔찍한 결말과, 피도 눈물도 없는 거대 자본의 '체리피킹(단물 빼먹기)' 사냥법. 프랜차이즈 창업을 단 한 번이라도 고민해 보셨다면, 오늘 영상은 선택이 아닌 필수입니다.\n\n\n00:00 1,300억 대박? 오너를 지옥으로 보낸 완벽한 함정\n01:25 갈비 팔아 돈 버는 줄 알았지? 15% 고리대금업의 실체\n03:40 12개로 쪼개진 대부업체, 치밀하게 설계된 꼼수\n06:15 650억 당장 갚아! 국책은행의 최후통첩과 벼랑 끝 명륜당\n09:10 필리핀 거대 자본 '졸리비'의 등장과 소름 돋는 체리피킹\n11:25 1,300억의 진실: 세금과 빚 갚고 나면 오너에게 남는 돈은?\n14:00 오너를 옭아맨 추징금과 가맹점주들의 줄소송\n16:20 거대 자본의 먹잇감이 되지 않기 위한 3가지 생존 법칙\n\n[면책 조항]\n본 영상에는 내용의 이해를 돕기 위해 인공지능(AI)으로 생성된 이미지가 일부 포함되어 있습니다. 해당 이미지는 실제 존재하는 인물, 장소, 사건을 묘사한 것이 아니며 연출된 장면임에 여러 오류가있을수 있습니다\n투자에대한 책임은 본인에게있습니다\n\n#명륜진사갈비 #샤브올데이 #명륜당 #프랜차이즈창업 #대부업 #졸리비 #자본주의 #자영업 #경제스토리 #행동경제학""}, ""defaultAudioLanguage"": ""ko""}, ""statistics"": {""viewCount"": ""2326"", ""likeCount"": ""59"", ""favoriteCount"": ""0"", ""commentCount"": ""3""}}",,,,
샤브올데이,single_term_fallback,샤브올데이,8NWApOoIDG8,샤브올데이 빠네 무제한 출시,2026-03-24T08:28:58Z,4179.0,11.0,3.0,https://www.youtube.com/watch?v=8NWApOoIDG8,youtube,샤브올데이,canonical,1.0,2026-05-26T11:17:04.805326+00:00,4179,11,3,14,하이에나,,"{""kind"": ""youtube#video"", ""etag"": ""St0nh2vQ0WXeamWmLr1b-RP_L6w"", ""id"": ""8NWApOoIDG8"", ""snippet"": {""publishedAt"": ""2026-03-24T08:28:58Z"", ""channelId"": ""UCaIUxHQF9oKsqdB8a4Vl-YA"", ""title"": ""샤브올데이 빠네 무제한 출시"", ""description"": """", ""thumbnails"": {""default"": {""url"": ""https://i.ytimg.com/vi/8NWApOoIDG8/default.jpg"", ""width"": 120, ""height"": 90}, ""medium"": {""url"": ""https://i.ytimg.com/vi/8NWApOoIDG8/mqdefault.jpg"", ""width"": 320, ""height"": 180}, ""high"": {""url"": ""https://i.ytimg.com/vi/8NWApOoIDG8/hqdefault.jpg"", ""width"": 480, ""height"": 360}, ""standard"": {""url"": ""https://i.ytimg.com/vi/8NWApOoIDG8/sddefault.jpg"", ""width"": 640, ""height"": 480}, ""maxres"": {""url"": ""https://i.ytimg.com/vi/8NWApOoIDG8/maxresdefault.jpg"", ""width"": 1280, ""height"": 720}}, ""channelTitle"": ""하이에나"", ""categoryId"": ""22"", ""liveBroadcastContent"": ""none"", ""defaultLanguage"": ""ko"", ""localized"": {""title"": ""샤브올데이 빠네 무제한 출시"", ""description"": """"}}, ""statistics"": {""viewCount"": ""4179"", ""likeCount"": ""11"", ""favoriteCount"": ""0"", ""commentCount"": ""3""}}",,,,
샤브올데이,single_term_fallback,샤브올데이,RJs6I_hj3-0,"만원대 편백찜+샤브샤브+월남쌈 무한리필?🔥9,000원 한식뷔페도 가능한 뷔페가 있다고? 솔직한 평가와 아쉬운점까지! 광고❌ (ft. 구독자이벤트🎁)",2026-04-14T09:31:32Z,2259.0,68.0,44.0,https://www.youtube.com/watch?v=RJs6I_hj3-0,youtube,샤브올데이,canonical,1.0,2026-05-26T11:17:04.805326+00:00,2259,68,44,112,미식가언니 K-Food,"00:00 미식가언니 인트로 
00:38 구독아직안했냥
00:48 늘봄푸드
02:01 샤브무한점심가격
03:31 샤브무한 이용방법
05:16 샤브올데이와 비교
06:20 편백찜
07:08 샤브샤브 

#인천맛집 #인천뷔페 #한식뷔페 #무한리필맛집 #솔직후기 #내돈내산 #광고아님 #편백찜무한리필 #샤브샤브무한리필 #월남쌈무한리필 #한식뷔페 #인천한식뷔페 #미식가언니 #구독자이벤트 #참피디 #떡볶퀸 #팀브라더스 #뷔페냥 #회사랑 #그린바틀 #가성비식당 #인천가볼만한곳 #맛집리뷰 #먹방 #무한리필 #인천회식장소 #샤브샤브맛집 #편백찜맛집 #혜자식당 #갓성비 #늘봄푸드 #편백찜 #샤브샤브 #샤브올데이 #샤브샤브무한리필","{""kind"": ""youtube#video"", ""etag"": ""l34mdVZitlFZFqjTb9ViwQP53JQ"", ""id"": ""RJs6I_hj3-0"", ""snippet"": {""publishedAt"": ""2026-04-14T09:31:32Z"", ""channelId"": ""UCyAJRSUSYEgZpD7eAVlt4Hg"", ""title"": ""만원대 편백찜+샤브샤브+월남쌈 무한리필?🔥9,000원 한식뷔페도 가능한 뷔페가 있다고? 솔직한 평가와 아쉬운점까지! 광고❌ (ft. 구독자이벤트🎁)"", ""description"": ""00:00 미식가언니 인트로 \n00:38 구독아직안했냥\n00:48 늘봄푸드\n02:01 샤브무한점심가격\n03:31 샤브무한 이용방법\n05:16 샤브올데이와 비교\n06:20 편백찜\n07:08 샤브샤브 \n\n#인천맛집 #인천뷔페 #한식뷔페 #무한리필맛집 #솔직후기 #내돈내산 #광고아님 #편백찜무한리필 #샤브샤브무한리필 #월남쌈무한리필 #한식뷔페 #인천한식뷔페 #미식가언니 #구독자이벤트 #참피디 #떡볶퀸 #팀브라더스 #뷔페냥 #회사랑 #그린바틀 #가성비식당 #인천가볼만한곳 #맛집리뷰 #먹방 #무한리필 #인천회식장소 #샤브샤브맛집 #편백찜맛집 #혜자식당 #갓성비 #늘봄푸드 #편백찜 #샤브샤브 #샤브올데이 #샤브샤브무한리필"", ""thumbnails"": {""default"": {""url"": ""https://i.ytimg.com/vi/RJs6I_hj3-0/default.jpg"", ""width"": 120, ""height"": 90}, ""medium"": {""url"": ""https://i.ytimg.com/vi/RJs6I_hj3-0/mqdefault.jpg"", ""width"": 320, ""height"": 180}, ""high"": {""url"": ""https://i.ytimg.com/vi/RJs6I_hj3-0/hqdefault.jpg"", ""width"": 480, ""height"": 360}, ""standard"": {""url"": ""https://i.ytimg.com/vi/RJs6I_hj3-0/sddefault.jpg"", ""width"": 640, ""height"": 480}, ""maxres"": {""url"": ""https://i.ytimg.com/vi/RJs6I_hj3-0/maxresdefault.jpg"", ""width"": 1280, ""height"": 720}}, ""channelTitle"": ""미식가언니 K-Food"", ""tags"": [""인천맛집"", ""편백찜"", ""샤브올데이"", ""샤브샤브무한리필"", ""샤브무한리필"", ""무한리필"", ""인천무한리필"", ""한식무한리필"", ""가성비뷔페"", ""뷔페냥"", ""샤브샤브"", ""그린바틀"", ""독거또랭이"", ""맛상무"", ""팀브라더스"", ""미식가언니"", ""편백찜맛집"", ""샤브무한"", ""샤브샤브무한"", ""가성비맛집"", ""인천뷔페"", ""인천무한리필맛집"", ""참피디"", ""또간집"", ""흑백리뷰"", ""무한리필뷔페"", ""뷔페리뷰"", ""맛집유튜버"", ""회사랑"", ""구독자이벤트""], ""categoryId"": ""24"", ""liveBroadcastContent"": ""none"", ""defaultLanguage"": ""ko"", ""localized"": {""title"": ""만원대 편백찜+샤브샤브+월남쌈 무한리필?🔥9,000원 한식뷔페도 가능한 뷔페가 있다고? 솔직한 평가와 아쉬운점까지! 광고❌ (ft. 구독자이벤트🎁)"", ""description"": ""00:00 미식가언니 인트로 \n00:38 구독아직안했냥\n00:48 늘봄푸드\n02:01 샤브무한점심가격\n03:31 샤브무한 이용방법\n05:16 샤브올데이와 비교\n06:20 편백찜\n07:08 샤브샤브 \n\n#인천맛집 #인천뷔페 #한식뷔페 #무한리필맛집 #솔직후기 #내돈내산 #광고아님 #편백찜무한리필 #샤브샤브무한리필 #월남쌈무한리필 #한식뷔페 #인천한식뷔페 #미식가언니 #구독자이벤트 #참피디 #떡볶퀸 #팀브라더스 #뷔페냥 #회사랑 #그린바틀 #가성비식당 #인천가볼만한곳 #맛집리뷰 #먹방 #무한리필 #인천회식장소 #샤브샤브맛집 #편백찜맛집 #혜자식당 #갓성비 #늘봄푸드 #편백찜 #샤브샤브 #샤브올데이 #샤브샤브무한리필""}, ""defaultAudioLanguage"": ""ko""}, ""statistics"": {""viewCount"": ""2259"", ""likeCount"": ""68"", ""favoriteCount"": ""0"", ""commentCount"": ""44""}}",,,,
샤브올데이,single_term_fallback,샤브올데이,BeGFgb5C0K0,🙏유세빈 샤브샤브!! 올데이 올데이! 하루종일 볼 수 있다..! Yu sebin,2026-02-28T01:29:46Z,7173.0,353.0,3.0,https://www.youtube.com/watch?v=BeGFgb5C0K0,youtube,샤브올데이,canonical,1.0,2026-05-26T11:17:04.805326+00:00,7173,353,3,356,Cannon Shooter,#유세빈 #샤브올데이 #yusebin,"{""kind"": ""youtube#video"", ""etag"": ""MvwpGtiQ2pHO2S3UkibSzmy5qno"", ""id"": ""BeGFgb5C0K0"", ""snippet"": {""publishedAt"": ""2026-02-28T01:29:46Z"", ""channelId"": ""UCzeCjRo2sPt8cqW7UZsSbKw"", ""title"": ""🙏유세빈 샤브샤브!! 올데이 올데이! 하루종일 볼 수 있다..! Yu sebin"", ""description"": ""#유세빈 #샤브올데이 #yusebin"", ""thumbnails"": {""default"": {""url"": ""https://i.ytimg.com/vi/BeGFgb5C0K0/default.jpg"", ""width"": 120, ""height"": 90}, ""medium"": {""url"": ""https://i.ytimg.com/vi/BeGFgb5C0K0/mqdefault.jpg"", ""width"": 320, ""height"": 180}, ""high"": {""url"": ""https://i.ytimg.com/vi/BeGFgb5C0K0/hqdefault.jpg"", ""width"": 480, ""height"": 360}, ""standard"": {""url"": ""https://i.ytimg.com/vi/BeGFgb5C0K0/sddefault.jpg"", ""width"": 640, ""height"": 480}, ""maxres"": {""url"": ""https://i.ytimg.com/vi/BeGFgb5C0K0/maxresdefault.jpg"", ""width"": 1280, ""height"": 720}}, ""channelTitle"": ""Cannon Shooter"", ""categoryId"": ""22"", ""liveBroadcastContent"": ""none"", ""defaultLanguage"": ""ko"", ""localized"": {""title"": ""🙏유세빈 샤브샤브!! 올데이 올데이! 하루종일 볼 수 있다..! Yu sebin"", ""description"": ""#유세빈 #샤브올데이 #yusebin""}}, ""statistics"": {""viewCount"": ""7173"", ""likeCount"": ""353"", ""favoriteCount"": ""0"", ""commentCount"": ""3""}}",,,,
샤브올데이,single_term_fallback,샤브올데이,TZSQGb0rAxg,한국도로공사 김이현치어리더 샤브올데이 260305,2026-03-10T13:33:04Z,7242.0,128.0,1.0,https://www.youtube.com/watch?v=TZSQGb0rAxg,youtube,샤브올데이,canonical,1.0,2026-05-26T11:17:04.805326+00:00,7242,128,1,129,화너니,,"{""kind"": ""youtube#video"", ""etag"": ""1bcARvjv1IOi5c2Wzca_HeS8NRk"", ""id"": ""TZSQGb0rAxg"", ""snippet"": {""publishedAt"": ""2026-03-10T13:33:04Z"", ""channelId"": ""UC_SglwBaxRyrInyLRzrC2BA"", ""title"": ""한국도로공사 김이현치어리더 샤브올데이 260305"", ""description"": """", ""thumbnails"": {""default"": {""url"": ""https://i.ytimg.com/vi/TZSQGb0rAxg/default.jpg"", ""width"": 120, ""height"": 90}, ""medium"": {""url"": ""https://i.ytimg.com/vi/TZSQGb0rAxg/mqdefault.jpg"", ""width"": 320, ""height"": 180}, ""high"": {""url"": ""https://i.ytimg.com/vi/TZSQGb0rAxg/hqdefault.jpg"", ""width"": 480, ""height"": 360}, ""standard"": {""url"": ""https://i.ytimg.com/vi/TZSQGb0rAxg/sddefault.jpg"", ""width"": 640, ""height"": 480}, ""maxres"": {""url"": ""https://i.ytimg.com/vi/TZSQGb0rAxg/maxresdefault.jpg"", ""width"": 1280, ""height"": 720}}, ""channelTitle"": ""화너니"", ""categoryId"": ""22"", ""liveBroadcastContent"": ""none"", ""defaultLanguage"": ""ko"", ""localized"": {""title"": ""한국도로공사 김이현치어리더 샤브올데이 260305"", ""description"": """"}, ""defaultAudioLanguage"": ""ko""}, ""statistics"": {""viewCount"": ""7242"", ""likeCount"": ""128"", ""favoriteCount"": ""0"", ""commentCount"": ""1""}}",,,,
샤브올데이,single_term_fallback,샤브올데이,LXdLDUwiT6c,"명륜진사갈비 가맹점주들의 피눈물... ""샤브올데이 1300억 '헐값 매각'의 충격적인 진실""",2026-03-15T09:30:52Z,2229.0,27.0,21.0,https://www.youtube.com/watch?v=LXdLDUwiT6c,youtube,샤브올데이,canonical,1.0,2026-05-26T11:17:04.805326+00:00,2229,27,21,48,레드카드 경제학,"착한 기업이라는 이름에 속아 우리는 무엇을 씹고 있었을까요?
명륜진사갈비가 숨기고 싶어 하는 15% 고리대금업의 잔혹한 진실을 폭로합니다.

임대료 지원이라는 대대적인 홍보, 인자한 웃음의 광고 모델. 
하지만 그 이면에는 가맹점주들을 사지로 몰아넣는 연 15%의 살인적인 이자 놀이가 있었습니다. 
뇌과학과 행동경제학으로 분석한 '가짜 상생'의 메커니즘. 왜 우리는 그들의 연극에 속을 수밖에 없었는지, 그리고 이 시대의 포식자들이 어떻게 대중의 심리를 이용하는지 그 추악한 민낯을 생생하게 파헤칩니다.

#명륜진사갈비 #이종근회장 #기업갑질 #고리대금 #경제범죄 #소비자주의 #프랜차이즈실체 #사회고발 #상생의민낯 #행동경제학


경제의 결정적 순간을 포착하는 ""레드카드 경제학""입니다.
""역사는 반복된다!"" 
과거 경제가 무너졌던 '레드카드' 사건들을 복기하며 '미래의 생존법'을 찾습니다.
redcardeconomics@gmail.com","{""kind"": ""youtube#video"", ""etag"": ""seU-vCwgArGZiJfDSGRT-5SjHU4"", ""id"": ""LXdLDUwiT6c"", ""snippet"": {""publishedAt"": ""2026-03-15T09:30:52Z"", ""channelId"": ""UC2rS38zkQJlTY2YfH7L2jQg"", ""title"": ""명륜진사갈비 가맹점주들의 피눈물... \""샤브올데이 1300억 '헐값 매각'의 충격적인 진실\"""", ""description"": ""착한 기업이라는 이름에 속아 우리는 무엇을 씹고 있었을까요?\n명륜진사갈비가 숨기고 싶어 하는 15% 고리대금업의 잔혹한 진실을 폭로합니다.\n\n임대료 지원이라는 대대적인 홍보, 인자한 웃음의 광고 모델. \n하지만 그 이면에는 가맹점주들을 사지로 몰아넣는 연 15%의 살인적인 이자 놀이가 있었습니다. \n뇌과학과 행동경제학으로 분석한 '가짜 상생'의 메커니즘. 왜 우리는 그들의 연극에 속을 수밖에 없었는지, 그리고 이 시대의 포식자들이 어떻게 대중의 심리를 이용하는지 그 추악한 민낯을 생생하게 파헤칩니다.\n\n#명륜진사갈비 #이종근회장 #기업갑질 #고리대금 #경제범죄 #소비자주의 #프랜차이즈실체 #사회고발 #상생의민낯 #행동경제학\n\n\n경제의 결정적 순간을 포착하는 \""레드카드 경제학\""입니다.\n\""역사는 반복된다!\"" \n과거 경제가 무너졌던 '레드카드' 사건들을 복기하며 '미래의 생존법'을 찾습니다.\nredcardeconomics@gmail.com"", ""thumbnails"": {""default"": {""url"": ""https://i.ytimg.com/vi/LXdLDUwiT6c/default.jpg"", ""width"": 120, ""height"": 90}, ""medium"": {""url"": ""https://i.ytimg.com/vi/LXdLDUwiT6c/mqdefault.jpg"", ""width"": 320, ""height"": 180}, ""high"": {""url"": ""https://i.ytimg.com/vi/LXdLDUwiT6c/hqdefault.jpg"", ""width"": 480, ""height"": 360}, ""standard"": {""url"": ""https://i.ytimg.com/vi/LXdLDUwiT6c/sddefault.jpg"", ""width"": 640, ""height"": 480}, ""maxres"": {""url"": ""https://i.ytimg.com/vi/LXdLDUwiT6c/maxresdefault.jpg"", ""width"": 1280, ""height"": 720}}, ""channelTitle"": ""레드카드 경제학"", ""categoryId"": ""25"", ""liveBroadcastContent"": ""none"", ""defaultLanguage"": ""ko"", ""localized"": {""title"": ""명륜진사갈비 가맹점주들의 피눈물... \""샤브올데이 1300억 '헐값 매각'의 충격적인 진실\"""", ""description"": ""착한 기업이라는 이름에 속아 우리는 무엇을 씹고 있었을까요?\n명륜진사갈비가 숨기고 싶어 하는 15% 고리대금업의 잔혹한 진실을 폭로합니다.\n\n임대료 지원이라는 대대적인 홍보, 인자한 웃음의 광고 모델. \n하지만 그 이면에는 가맹점주들을 사지로 몰아넣는 연 15%의 살인적인 이자 놀이가 있었습니다. \n뇌과학과 행동경제학으로 분석한 '가짜 상생'의 메커니즘. 왜 우리는 그들의 연극에 속을 수밖에 없었는지, 그리고 이 시대의 포식자들이 어떻게 대중의 심리를 이용하는지 그 추악한 민낯을 생생하게 파헤칩니다.\n\n#명륜진사갈비 #이종근회장 #기업갑질 #고리대금 #경제범죄 #소비자주의 #프랜차이즈실체 #사회고발 #상생의민낯 #행동경제학\n\n\n경제의 결정적 순간을 포착하는 \""레드카드 경제학\""입니다.\n\""역사는 반복된다!\"" \n과거 경제가 무너졌던 '레드카드' 사건들을 복기하며 '미래의 생존법'을 찾습니다.\nredcardeconomics@gmail.com""}, ""defaultAudioLanguage"": ""ko""}, ""statistics"": {""viewCount"": ""2229"", ""likeCount"": ""27"", ""favoriteCount"": ""0"", ""commentCount"": ""21""}}",,,,
샤브올데이,single_term_fallback,샤브올데이,7ijbjyHP6n4,샤브올데이 하남검단산점,2026-05-07T09:00:09Z,2157.0,4.0,0.0,https://www.youtube.com/watch?v=7ijbjyHP6n4,youtube,샤브올데이,canonical,1.0,2026-05-26T11:17:04.805326+00:00,2157,4,0,4,찐냐옹이 창고📦,"한가지 꿀팁 🍯
샤브올데이 하남검단산점은
초창기 샤브올데이라서
가격이 타지점보다 초큼 더 저렴하단 사실!

#샤브올데이 #샤브샤브 #하남맛집","{""kind"": ""youtube#video"", ""etag"": ""Pa0HzQh9UFj7SYZ3S9QIvHjjAXg"", ""id"": ""7ijbjyHP6n4"", ""snippet"": {""publishedAt"": ""2026-05-07T09:00:09Z"", ""channelId"": ""UCS2KCYo_LC4Zs--xWqDDiyg"", ""title"": ""샤브올데이 하남검단산점"", ""description"": ""한가지 꿀팁 🍯\n샤브올데이 하남검단산점은\n초창기 샤브올데이라서\n가격이 타지점보다 초큼 더 저렴하단 사실!\n\n#샤브올데이 #샤브샤브 #하남맛집"", ""thumbnails"": {""default"": {""url"": ""https://i.ytimg.com/vi/7ijbjyHP6n4/default.jpg"", ""width"": 120, ""height"": 90}, ""medium"": {""url"": ""https://i.ytimg.com/vi/7ijbjyHP6n4/mqdefault.jpg"", ""width"": 320, ""height"": 180}, ""high"": {""url"": ""https://i.ytimg.com/vi/7ijbjyHP6n4/hqdefault.jpg"", ""width"": 480, ""height"": 360}, ""standard"": {""url"": ""https://i.ytimg.com/vi/7ijbjyHP6n4/sddefault.jpg"", ""width"": 640, ""height"": 480}, ""maxres"": {""url"": ""https://i.ytimg.com/vi/7ijbjyHP6n4/maxresdefault.jpg"", ""width"": 1280, ""height"": 720}}, ""channelTitle"": ""찐냐옹이 창고📦"", ""categoryId"": ""26"", ""liveBroadcastContent"": ""none"", ""defaultLanguage"": ""ko"", ""localized"": {""title"": ""샤브올데이 하남검단산점"", ""description"": ""한가지 꿀팁 🍯\n샤브올데이 하남검단산점은\n초창기 샤브올데이라서\n가격이 타지점보다 초큼 더 저렴하단 사실!\n\n#샤브올데이 #샤브샤브 #하남맛집""}}, ""statistics"": {""viewCount"": ""2157"", ""likeCount"": ""4"", ""favoriteCount"": ""0"", ""commentCount"": ""0""}}",,,,
샤브올데이,single_term_fallback,샤브올데이,BCkFkjTvIps,대한민국 1%밖에 못먹어봤다는 이게 무제한? #마라탕 #샤브샤브 #꿀팁#샤브올데이 #마라당면국수 #맛집 #뷔페 #무한리필 #food #가성비 #데이트맛집,2026-03-03T06:30:22Z,4675.0,21.0,2.0,https://www.youtube.com/watch?v=BCkFkjTvIps,youtube,샤브올데이,canonical,1.0,2026-05-26T11:17:04.805326+00:00,4675,21,2,23,몰빵,,"{""kind"": ""youtube#video"", ""etag"": ""6C9MjTsCFXvzLCnXc8NPAR3Nm84"", ""id"": ""BCkFkjTvIps"", ""snippet"": {""publishedAt"": ""2026-03-03T06:30:22Z"", ""channelId"": ""UCwXosURSV6nKGe3ukl2z-Mg"", ""title"": ""대한민국 1%밖에 못먹어봤다는 이게 무제한? #마라탕 #샤브샤브 #꿀팁#샤브올데이 #마라당면국수 #맛집 #뷔페 #무한리필 #food #가성비 #데이트맛집"", ""description"": """", ""thumbnails"": {""default"": {""url"": ""https://i.ytimg.com/vi/BCkFkjTvIps/default.jpg"", ""width"": 120, ""height"": 90}, ""medium"": {""url"": ""https://i.ytimg.com/vi/BCkFkjTvIps/mqdefault.jpg"", ""width"": 320, ""height"": 180}, ""high"": {""url"": ""https://i.ytimg.com/vi/BCkFkjTvIps/hqdefault.jpg"", ""width"": 480, ""height"": 360}, ""standard"": {""url"": ""https://i.ytimg.com/vi/BCkFkjTvIps/sddefault.jpg"", ""width"": 640, ""height"": 480}, ""maxres"": {""url"": ""https://i.ytimg.com/vi/BCkFkjTvIps/maxresdefault.jpg"", ""width"": 1280, ""height"": 720}}, ""channelTitle"": ""몰빵"", ""categoryId"": ""22"", ""liveBroadcastContent"": ""none"", ""defaultLanguage"": ""ko"", ""localized"": {""title"": ""대한민국 1%밖에 못먹어봤다는 이게 무제한? #마라탕 #샤브샤브 #꿀팁#샤브올데이 #마라당면국수 #맛집 #뷔페 #무한리필 #food #가성비 #데이트맛집"", ""description"": """"}, ""defaultAudioLanguage"": ""ko""}, ""statistics"": {""viewCount"": ""4675"", ""likeCount"": ""21"", ""favoriteCount"": ""0"", ""commentCount"": ""2""}}",,,,
샤브올데이,single_term_fallback,샤브올데이,A2FUdSH2oKg,샤브올데이 최신근황,2026-03-24T10:05:27Z,4983.0,25.0,1.0,https://www.youtube.com/watch?v=A2FUdSH2oKg,youtube,샤브올데이,canonical,1.0,2026-05-26T11:17:04.805326+00:00,4983,25,1,26,포식러,"샤브올데이 최신근황


요즘 샤브올데이 치즈파티 하는 거 아시나요?
심지어 봄 메뉴로 신메뉴도 나왔는데
크런치 인절미, 크런치 콘너겟, 보일리 소시지&옥수수, 눈꽃 크런치 볶음밥 등등
치즈퐁듀에 쭉 늘어나는 크런치 인절미,
콘너겟 찍어 먹으면 중독성 미쳤고 ㅋㅋ

떡볶이에 치즈 넣어 먹으면 바로 로제 떡볶이 완성에
콘너겟이나 치킨, 피자 같은 메뉴도 같이 찍어 먹을 수 있어서
진짜 너무 좋음!! ㅋㅋㅋ

60가지 넘는 샐러드바에 샤브 소고기 3종을 (양지, 설도, 목심) 무제한으로
계속 먹을 수 있어서 지인들 모임이나 가족 외식으로도 딱 좋고!

샤브 먹다가 치즈 먹고
치즈 먹다가 다시 샤브 먹고
이 조합으로 계속 먹게 되고

마지막엔 애플망고빙수까지 만들어 먹을 수 있어서
후식까지 제대로임!! ㅋㅋ

🏠샤브올데이 서울오금점
📍서울 송파구 동남로 335 2층
🚇개롱역 1번 출구에서 953m

-지점별로 구성 메뉴가 차이가 있을 수 있습니다.
-지점별 신메뉴 출시일이 상이할 수 있습니다.

#샤브올데이 #샤브샤브 #샤브올데오금점 #샤브올데이신메뉴 #치즈퐁듀 #맛집 #맛집추천 #서울맛집 #무한리필맛집 #샤브샤브맛집 #뷔페맛집 #가족외식 #외식추천 #모임장소추천 #송파맛집 #개롱역맛집 #오금동맛집 #서울뷔페","{""kind"": ""youtube#video"", ""etag"": ""64W5ptgi38WWOl1Bw9ygjLLjRgs"", ""id"": ""A2FUdSH2oKg"", ""snippet"": {""publishedAt"": ""2026-03-24T10:05:27Z"", ""channelId"": ""UCoDYP0dnnkCX7rKlm2RXM9Q"", ""title"": ""샤브올데이 최신근황"", ""description"": ""샤브올데이 최신근황\n\n\n요즘 샤브올데이 치즈파티 하는 거 아시나요?\n심지어 봄 메뉴로 신메뉴도 나왔는데\n크런치 인절미, 크런치 콘너겟, 보일리 소시지&옥수수, 눈꽃 크런치 볶음밥 등등\n치즈퐁듀에 쭉 늘어나는 크런치 인절미,\n콘너겟 찍어 먹으면 중독성 미쳤고 ㅋㅋ\n\n떡볶이에 치즈 넣어 먹으면 바로 로제 떡볶이 완성에\n콘너겟이나 치킨, 피자 같은 메뉴도 같이 찍어 먹을 수 있어서\n진짜 너무 좋음!! ㅋㅋㅋ\n\n60가지 넘는 샐러드바에 샤브 소고기 3종을 (양지, 설도, 목심) 무제한으로\n계속 먹을 수 있어서 지인들 모임이나 가족 외식으로도 딱 좋고!\n\n샤브 먹다가 치즈 먹고\n치즈 먹다가 다시 샤브 먹고\n이 조합으로 계속 먹게 되고\n\n마지막엔 애플망고빙수까지 만들어 먹을 수 있어서\n후식까지 제대로임!! ㅋㅋ\n\n🏠샤브올데이 서울오금점\n📍서울 송파구 동남로 335 2층\n🚇개롱역 1번 출구에서 953m\n\n-지점별로 구성 메뉴가 차이가 있을 수 있습니다.\n-지점별 신메뉴 출시일이 상이할 수 있습니다.\n\n#샤브올데이 #샤브샤브 #샤브올데오금점 #샤브올데이신메뉴 #치즈퐁듀 #맛집 #맛집추천 #서울맛집 #무한리필맛집 #샤브샤브맛집 #뷔페맛집 #가족외식 #외식추천 #모임장소추천 #송파맛집 #개롱역맛집 #오금동맛집 #서울뷔페"", ""thumbnails"": {""default"": {""url"": ""https://i.ytimg.com/vi/A2FUdSH2oKg/default.jpg"", ""width"": 120, ""height"": 90}, ""medium"": {""url"": ""https://i.ytimg.com/vi/A2FUdSH2oKg/mqdefault.jpg"", ""width"": 320, ""height"": 180}, ""high"": {""url"": ""https://i.ytimg.com/vi/A2FUdSH2oKg/hqdefault.jpg"", ""width"": 480, ""height"": 360}, ""standard"": {""url"": ""https://i.ytimg.com/vi/A2FUdSH2oKg/sddefault.jpg"", ""width"": 640, ""height"": 480}, ""maxres"": {""url"": ""https://i.ytimg.com/vi/A2FUdSH2oKg/maxresdefault.jpg"", ""width"": 1280, ""height"": 720}}, ""channelTitle"": ""포식러"", ""categoryId"": ""22"", ""liveBroadcastContent"": ""none"", ""defaultLanguage"": ""ko"", ""localized"": {""title"": ""샤브올데이 최신근황"", ""description"": ""샤브올데이 최신근황\n\n\n요즘 샤브올데이 치즈파티 하는 거 아시나요?\n심지어 봄 메뉴로 신메뉴도 나왔는데\n크런치 인절미, 크런치 콘너겟, 보일리 소시지&옥수수, 눈꽃 크런치 볶음밥 등등\n치즈퐁듀에 쭉 늘어나는 크런치 인절미,\n콘너겟 찍어 먹으면 중독성 미쳤고 ㅋㅋ\n\n떡볶이에 치즈 넣어 먹으면 바로 로제 떡볶이 완성에\n콘너겟이나 치킨, 피자 같은 메뉴도 같이 찍어 먹을 수 있어서\n진짜 너무 좋음!! ㅋㅋㅋ\n\n60가지 넘는 샐러드바에 샤브 소고기 3종을 (양지, 설도, 목심) 무제한으로\n계속 먹을 수 있어서 지인들 모임이나 가족 외식으로도 딱 좋고!\n\n샤브 먹다가 치즈 먹고\n치즈 먹다가 다시 샤브 먹고\n이 조합으로 계속 먹게 되고\n\n마지막엔 애플망고빙수까지 만들어 먹을 수 있어서\n후식까지 제대로임!! ㅋㅋ\n\n🏠샤브올데이 서울오금점\n📍서울 송파구 동남로 335 2층\n🚇개롱역 1번 출구에서 953m\n\n-지점별로 구성 메뉴가 차이가 있을 수 있습니다.\n-지점별 신메뉴 출시일이 상이할 수 있습니다.\n\n#샤브올데이 #샤브샤브 #샤브올데오금점 #샤브올데이신메뉴 #치즈퐁듀 #맛집 #맛집추천 #서울맛집 #무한리필맛집 #샤브샤브맛집 #뷔페맛집 #가족외식 #외식추천 #모임장소추천 #송파맛집 #개롱역맛집 #오금동맛집 #서울뷔페""}}, ""statistics"": {""viewCount"": ""4983"", ""likeCount"": ""25"", ""favoriteCount"": ""0"", ""commentCount"": ""1""}}",,,,
샤브올데이,single_term_fallback,샤브올데이,pllrGx5x7RI,샤브올데이 주인도 이제 필리핀 회사?,2026-05-22T00:38:14Z,5622.0,23.0,1.0,https://www.youtube.com/watch?v=pllrGx5x7RI,youtube,샤브올데이,canonical,1.0,2026-05-26T11:17:04.805326+00:00,5622,23,1,24,오늘부터 회계사,"샤브올데이 주인도 이제 필리핀 회사라니, 도대체 무슨 일일까요? 필리핀 외식 공룡 졸리비가 한국 K-푸드 브랜드를 인수하는 진짜 속내와 앞으로의 전략을 분석했습니다.

#샤브올데이 #졸리비 #기업분석 #외식산업 #경제이슈","{""kind"": ""youtube#video"", ""etag"": ""9xtGb5FJVNvnxaJ_iKjQ_kPgPl0"", ""id"": ""pllrGx5x7RI"", ""snippet"": {""publishedAt"": ""2026-05-22T00:38:14Z"", ""channelId"": ""UClhPqabyOHBxJzMkQ7k-pxg"", ""title"": ""샤브올데이 주인도 이제 필리핀 회사?"", ""description"": ""샤브올데이 주인도 이제 필리핀 회사라니, 도대체 무슨 일일까요? 필리핀 외식 공룡 졸리비가 한국 K-푸드 브랜드를 인수하는 진짜 속내와 앞으로의 전략을 분석했습니다.\n\n#샤브올데이 #졸리비 #기업분석 #외식산업 #경제이슈"", ""thumbnails"": {""default"": {""url"": ""https://i.ytimg.com/vi/pllrGx5x7RI/default.jpg"", ""width"": 120, ""height"": 90}, ""medium"": {""url"": ""https://i.ytimg.com/vi/pllrGx5x7RI/mqdefault.jpg"", ""width"": 320, ""height"": 180}, ""high"": {""url"": ""https://i.ytimg.com/vi/pllrGx5x7RI/hqdefault.jpg"", ""width"": 480, ""height"": 360}, ""standard"": {""url"": ""https://i.ytimg.com/vi/pllrGx5x7RI/sddefault.jpg"", ""width"": 640, ""height"": 480}, ""maxres"": {""url"": ""https://i.ytimg.com/vi/pllrGx5x7RI/maxresdefault.jpg"", ""width"": 1280, ""height"": 720}}, ""channelTitle"": ""오늘부터 회계사"", ""tags"": [""Jollibee"", ""K푸드"", ""기업인수"", ""비즈니스인사이트"", ""샤브올데이"", ""외식기업"", ""재무제표분석"", ""졸리비"", ""프랜차이즈""], ""categoryId"": ""25"", ""liveBroadcastContent"": ""none"", ""defaultLanguage"": ""ko"", ""localized"": {""title"": ""샤브올데이 주인도 이제 필리핀 회사?"", ""description"": ""샤브올데이 주인도 이제 필리핀 회사라니, 도대체 무슨 일일까요? 필리핀 외식 공룡 졸리비가 한국 K-푸드 브랜드를 인수하는 진짜 속내와 앞으로의 전략을 분석했습니다.\n\n#샤브올데이 #졸리비 #기업분석 #외식산업 #경제이슈""}}, ""statistics"": {""viewCount"": ""5622"", ""likeCount"": ""23"", ""favoriteCount"": ""0"", ""commentCount"": ""1""}}",,,,
샤브올데이,single_term_fallback,샤브올데이,14YQQPA9-gU,버터떡만큼 쫀득한 샤브올데이 신메뉴 정체 #샤브올데이 #샤브샤브 #샤브올데이오금점 #샤브올데이신메뉴 #치즈퐁듀,2026-03-20T02:56:38Z,3980.0,29.0,1.0,https://www.youtube.com/watch?v=14YQQPA9-gU,youtube,샤브올데이,canonical,1.0,2026-05-26T11:17:04.805326+00:00,3980,29,1,30,제임스꿍이,,"{""kind"": ""youtube#video"", ""etag"": ""K5Pye_7vJ4bLOB564JTjcNLqxUc"", ""id"": ""14YQQPA9-gU"", ""snippet"": {""publishedAt"": ""2026-03-20T02:56:38Z"", ""channelId"": ""UCNwPEUqd-m45AHO9zpOAI9Q"", ""title"": ""버터떡만큼 쫀득한 샤브올데이 신메뉴 정체 #샤브올데이 #샤브샤브 #샤브올데이오금점 #샤브올데이신메뉴 #치즈퐁듀"", ""description"": """", ""thumbnails"": {""default"": {""url"": ""https://i.ytimg.com/vi/14YQQPA9-gU/default.jpg"", ""width"": 120, ""height"": 90}, ""medium"": {""url"": ""https://i.ytimg.com/vi/14YQQPA9-gU/mqdefault.jpg"", ""width"": 320, ""height"": 180}, ""high"": {""url"": ""https://i.ytimg.com/vi/14YQQPA9-gU/hqdefault.jpg"", ""width"": 480, ""height"": 360}, ""standard"": {""url"": ""https://i.ytimg.com/vi/14YQQPA9-gU/sddefault.jpg"", ""width"": 640, ""height"": 480}, ""maxres"": {""url"": ""https://i.ytimg.com/vi/14YQQPA9-gU/maxresdefault.jpg"", ""width"": 1280, ""height"": 720}}, ""channelTitle"": ""제임스꿍이"", ""categoryId"": ""22"", ""liveBroadcastContent"": ""none"", ""defaultLanguage"": ""ko"", ""localized"": {""title"": ""버터떡만큼 쫀득한 샤브올데이 신메뉴 정체 #샤브올데이 #샤브샤브 #샤브올데이오금점 #샤브올데이신메뉴 #치즈퐁듀"", ""description"": """"}, ""defaultAudioLanguage"": ""ko""}, ""statistics"": {""viewCount"": ""3980"", ""likeCount"": ""29"", ""favoriteCount"": ""0"", ""commentCount"": ""1""}}",,,,
샤브올데이,single_term_fallback,샤브올데이,RrAQvMhrpfM,[4K60P] 정희정 ' 샤브올데이 댄스타임 🌸 鄭熙靜  Jung Hee-jung #케이티위즈,2026-03-18T08:58:37Z,5676.0,826.0,8.0,https://www.youtube.com/watch?v=RrAQvMhrpfM,youtube,샤브올데이,canonical,1.0,2026-05-26T11:17:04.805326+00:00,5676,826,8,834,GRIJUA  그리주아TV,"ike N Follow ❤️ 좋아요 누르고 팔로우 ❤️

[4K60P] 정희정 ' 샤브올데이 댄스타임 🌸 鄭熙靜  Jung Hee-jung #케이티위즈
#정희정 #鄭熙靜 #JungHeejung #샤브올데이  @_jung_u","{""kind"": ""youtube#video"", ""etag"": ""sxJoVRPuBMBS1ljD5rGowYcD1j4"", ""id"": ""RrAQvMhrpfM"", ""snippet"": {""publishedAt"": ""2026-03-18T08:58:37Z"", ""channelId"": ""UCgQpXANUKDCt9QHl3x53m5w"", ""title"": ""[4K60P] 정희정 ' 샤브올데이 댄스타임 🌸 鄭熙靜  Jung Hee-jung #케이티위즈"", ""description"": ""ike N Follow ❤️ 좋아요 누르고 팔로우 ❤️\n\n[4K60P] 정희정 ' 샤브올데이 댄스타임 🌸 鄭熙靜  Jung Hee-jung #케이티위즈\n#정희정 #鄭熙靜 #JungHeejung #샤브올데이  @_jung_u"", ""thumbnails"": {""default"": {""url"": ""https://i.ytimg.com/vi/RrAQvMhrpfM/default.jpg"", ""width"": 120, ""height"": 90}, ""medium"": {""url"": ""https://i.ytimg.com/vi/RrAQvMhrpfM/mqdefault.jpg"", ""width"": 320, ""height"": 180}, ""high"": {""url"": ""https://i.ytimg.com/vi/RrAQvMhrpfM/hqdefault.jpg"", ""width"": 480, ""height"": 360}, ""standard"": {""url"": ""https://i.ytimg.com/vi/RrAQvMhrpfM/sddefault.jpg"", ""width"": 640, ""height"": 480}, ""maxres"": {""url"": ""https://i.ytimg.com/vi/RrAQvMhrpfM/maxresdefault.jpg"", ""width"": 1280, ""height"": 720}}, ""channelTitle"": ""GRIJUA  그리주아TV"", ""categoryId"": ""24"", ""liveBroadcastContent"": ""none"", ""defaultLanguage"": ""ko"", ""localized"": {""title"": ""[4K60P] 정희정 ' 샤브올데이 댄스타임 🌸 鄭熙靜  Jung Hee-jung #케이티위즈"", ""description"": ""ike N Follow ❤️ 좋아요 누르고 팔로우 ❤️\n\n[4K60P] 정희정 ' 샤브올데이 댄스타임 🌸 鄭熙靜  Jung Hee-jung #케이티위즈\n#정희정 #鄭熙靜 #JungHeejung #샤브올데이  @_jung_u""}}, ""statistics"": {""viewCount"": ""5676"", ""likeCount"": ""826"", ""favoriteCount"": ""0"", ""commentCount"": ""8""}}",,,,
샤브올데이,single_term_fallback,샤브올데이,J-66Tx0TTzs,졸리비가 샤브올데이를 1300억이라는 '싼' 가격에 가져가 버린 이유 #김정현가맹거래사,2026-04-27T09:00:25Z,4913.0,20.0,0.0,https://www.youtube.com/watch?v=J-66Tx0TTzs,youtube,샤브올데이,canonical,1.0,2026-05-26T11:17:04.805326+00:00,4913,20,0,20,프랜버핏_프랜차이즈 알려 Dream,"샤브올데이는 결국 1300억원에 졸리비에 매각되었습니다. 이게 과연 성공적인 M&A였을까요?
#가맹거래사 #프랜차이즈설립 #정보공개서 #프랜차이즈컨설팅 #프랜차이즈본사설립 #프랜차이즈구축#프랜차이즈사업 #프랜차이즈 #드림프랜차이즈컨설팅그룹 #정보공개서드록 #공정위정보공개서 #프랜차이즈본사매출 #가맹계약서 #샤브올데이M&A #메가커피M&A #컴포즈커피M&A #요아정M&A #프랜차이즈M&A #M&A #프랜차이즈매각 #명륜당 #명륜진사갈비 #졸리비 #jollibee","{""kind"": ""youtube#video"", ""etag"": ""IspJRywzRDkgi11FZMla_1pfghA"", ""id"": ""J-66Tx0TTzs"", ""snippet"": {""publishedAt"": ""2026-04-27T09:00:25Z"", ""channelId"": ""UCuEIB-b8vck_FRWBKh3SySg"", ""title"": ""졸리비가 샤브올데이를 1300억이라는 '싼' 가격에 가져가 버린 이유 #김정현가맹거래사"", ""description"": ""샤브올데이는 결국 1300억원에 졸리비에 매각되었습니다. 이게 과연 성공적인 M&A였을까요?\n#가맹거래사 #프랜차이즈설립 #정보공개서 #프랜차이즈컨설팅 #프랜차이즈본사설립 #프랜차이즈구축#프랜차이즈사업 #프랜차이즈 #드림프랜차이즈컨설팅그룹 #정보공개서드록 #공정위정보공개서 #프랜차이즈본사매출 #가맹계약서 #샤브올데이M&A #메가커피M&A #컴포즈커피M&A #요아정M&A #프랜차이즈M&A #M&A #프랜차이즈매각 #명륜당 #명륜진사갈비 #졸리비 #jollibee"", ""thumbnails"": {""default"": {""url"": ""https://i.ytimg.com/vi/J-66Tx0TTzs/default.jpg"", ""width"": 120, ""height"": 90}, ""medium"": {""url"": ""https://i.ytimg.com/vi/J-66Tx0TTzs/mqdefault.jpg"", ""width"": 320, ""height"": 180}, ""high"": {""url"": ""https://i.ytimg.com/vi/J-66Tx0TTzs/hqdefault.jpg"", ""width"": 480, ""height"": 360}, ""standard"": {""url"": ""https://i.ytimg.com/vi/J-66Tx0TTzs/sddefault.jpg"", ""width"": 640, ""height"": 480}, ""maxres"": {""url"": ""https://i.ytimg.com/vi/J-66Tx0TTzs/maxresdefault.jpg"", ""width"": 1280, ""height"": 720}}, ""channelTitle"": ""프랜버핏_프랜차이즈 알려 Dream"", ""categoryId"": ""22"", ""liveBroadcastContent"": ""none"", ""defaultLanguage"": ""ko"", ""localized"": {""title"": ""졸리비가 샤브올데이를 1300억이라는 '싼' 가격에 가져가 버린 이유 #김정현가맹거래사"", ""description"": ""샤브올데이는 결국 1300억원에 졸리비에 매각되었습니다. 이게 과연 성공적인 M&A였을까요?\n#가맹거래사 #프랜차이즈설립 #정보공개서 #프랜차이즈컨설팅 #프랜차이즈본사설립 #프랜차이즈구축#프랜차이즈사업 #프랜차이즈 #드림프랜차이즈컨설팅그룹 #정보공개서드록 #공정위정보공개서 #프랜차이즈본사매출 #가맹계약서 #샤브올데이M&A #메가커피M&A #컴포즈커피M&A #요아정M&A #프랜차이즈M&A #M&A #프랜차이즈매각 #명륜당 #명륜진사갈비 #졸리비 #jollibee""}, ""defaultAudioLanguage"": ""ko""}, ""statistics"": {""viewCount"": ""4913"", ""likeCount"": ""20"", ""favoriteCount"": ""0"", ""commentCount"": ""0""}}",,,,
샤브올데이,single_term_fallback,샤브올데이,ctNzSnJehaE,본사 직원이 유출해서 난리났다는 #샤브올데이 #샤브샤브 #샤브올데이레시피 #안산샤브올데이 #샤브올데이안산,2026-04-01T13:00:08Z,4504.0,26.0,0.0,https://www.youtube.com/watch?v=ctNzSnJehaE,youtube,샤브올데이,canonical,1.0,2026-05-26T11:17:04.805326+00:00,4504,26,0,26,먹미미 muck_mimi,,"{""kind"": ""youtube#video"", ""etag"": ""_fIUXkFWkC82SAVcimS5WR-FMuY"", ""id"": ""ctNzSnJehaE"", ""snippet"": {""publishedAt"": ""2026-04-01T13:00:08Z"", ""channelId"": ""UCa-h_xp8_4abmItTK2idmWg"", ""title"": ""본사 직원이 유출해서 난리났다는 #샤브올데이 #샤브샤브 #샤브올데이레시피 #안산샤브올데이 #샤브올데이안산"", ""description"": """", ""thumbnails"": {""default"": {""url"": ""https://i.ytimg.com/vi/ctNzSnJehaE/default.jpg"", ""width"": 120, ""height"": 90}, ""medium"": {""url"": ""https://i.ytimg.com/vi/ctNzSnJehaE/mqdefault.jpg"", ""width"": 320, ""height"": 180}, ""high"": {""url"": ""https://i.ytimg.com/vi/ctNzSnJehaE/hqdefault.jpg"", ""width"": 480, ""height"": 360}, ""standard"": {""url"": ""https://i.ytimg.com/vi/ctNzSnJehaE/sddefault.jpg"", ""width"": 640, ""height"": 480}, ""maxres"": {""url"": ""https://i.ytimg.com/vi/ctNzSnJehaE/maxresdefault.jpg"", ""width"": 1280, ""height"": 720}}, ""channelTitle"": ""먹미미 muck_mimi"", ""categoryId"": ""22"", ""liveBroadcastContent"": ""none"", ""defaultLanguage"": ""ko"", ""localized"": {""title"": ""본사 직원이 유출해서 난리났다는 #샤브올데이 #샤브샤브 #샤브올데이레시피 #안산샤브올데이 #샤브올데이안산"", ""description"": """"}}, ""statistics"": {""viewCount"": ""4504"", ""likeCount"": ""26"", ""favoriteCount"": ""0"", ""commentCount"": ""0""}}",,,,
샤브올데이,single_term_fallback,샤브올데이,5vDQfUj4IJ4,📍샤브올데이 해운대점 #맛집 #맛집소개유투버 #맛스타그램 #먹방 #부산맛집,2026-03-25T08:22:54Z,4252.0,18.0,0.0,https://www.youtube.com/watch?v=5vDQfUj4IJ4,youtube,샤브올데이,canonical,1.0,2026-05-26T11:17:04.805326+00:00,4252,18,0,18,쑤히부산,"까르보칼국수 제발 먹어주세요

해운대에서 이 가격에 이 퀄리티 나온다고?😳
소고기 무제한 샐러드바까지 전부 무제한…

샤브만 먹으러 갔다가
튀김, 한식, 디저트까지 계속 손이 감🔥

게다가 여긴 그냥 식당이 아니라
뷔페급인데 오션뷰까지 붙어있음ㅋㅋ

솔직히 이건
👉 가족외식, 데이트, 회식 다 씹어먹는 곳

해운대에서 배터지게 먹고 싶으면
여기 모르면 손해임

🔥꿀조합 레시피🔥
✅ 버터칼국수
칼국수나 도삭면 + 땅콩소스+참깨소스 + 시그니처소스 +버터 + 노른자
✅곤드레비빔밥
곤드레밥+열무+강된장+고추장+참기름+소고기
✅망고아이스크림
얼음+망고+요거트+연유
✅앙버터
모닝빵+버터+팥앙금
지점별로 구성차이가 있을 수 있습니다.

📍 샤브올데이 해운대점

#샤브올데이 #샤브샤브 #버터칼국수 #레시피 #샤브올데이해운대점","{""kind"": ""youtube#video"", ""etag"": ""tLbcb58NKe75E5QXuOi8Mfzk178"", ""id"": ""5vDQfUj4IJ4"", ""snippet"": {""publishedAt"": ""2026-03-25T08:22:54Z"", ""channelId"": ""UCKHqIU0GwTCWJpeozSqxZrw"", ""title"": ""📍샤브올데이 해운대점 #맛집 #맛집소개유투버 #맛스타그램 #먹방 #부산맛집"", ""description"": ""까르보칼국수 제발 먹어주세요\n\n해운대에서 이 가격에 이 퀄리티 나온다고?😳\n소고기 무제한 샐러드바까지 전부 무제한…\n\n샤브만 먹으러 갔다가\n튀김, 한식, 디저트까지 계속 손이 감🔥\n\n게다가 여긴 그냥 식당이 아니라\n뷔페급인데 오션뷰까지 붙어있음ㅋㅋ\n\n솔직히 이건\n👉 가족외식, 데이트, 회식 다 씹어먹는 곳\n\n해운대에서 배터지게 먹고 싶으면\n여기 모르면 손해임\n\n🔥꿀조합 레시피🔥\n✅ 버터칼국수\n칼국수나 도삭면 + 땅콩소스+참깨소스 + 시그니처소스 +버터 + 노른자\n✅곤드레비빔밥\n곤드레밥+열무+강된장+고추장+참기름+소고기\n✅망고아이스크림\n얼음+망고+요거트+연유\n✅앙버터\n모닝빵+버터+팥앙금\n지점별로 구성차이가 있을 수 있습니다.\n\n📍 샤브올데이 해운대점\n\n#샤브올데이 #샤브샤브 #버터칼국수 #레시피 #샤브올데이해운대점"", ""thumbnails"": {""default"": {""url"": ""https://i.ytimg.com/vi/5vDQfUj4IJ4/default.jpg"", ""width"": 120, ""height"": 90}, ""medium"": {""url"": ""https://i.ytimg.com/vi/5vDQfUj4IJ4/mqdefault.jpg"", ""width"": 320, ""height"": 180}, ""high"": {""url"": ""https://i.ytimg.com/vi/5vDQfUj4IJ4/hqdefault.jpg"", ""width"": 480, ""height"": 360}, ""standard"": {""url"": ""https://i.ytimg.com/vi/5vDQfUj4IJ4/sddefault.jpg"", ""width"": 640, ""height"": 480}, ""maxres"": {""url"": ""https://i.ytimg.com/vi/5vDQfUj4IJ4/maxresdefault.jpg"", ""width"": 1280, ""height"": 720}}, ""channelTitle"": ""쑤히부산"", ""categoryId"": ""22"", ""liveBroadcastContent"": ""none"", ""defaultLanguage"": ""ko"", ""localized"": {""title"": ""📍샤브올데이 해운대점 #맛집 #맛집소개유투버 #맛스타그램 #먹방 #부산맛집"", ""description"": ""까르보칼국수 제발 먹어주세요\n\n해운대에서 이 가격에 이 퀄리티 나온다고?😳\n소고기 무제한 샐러드바까지 전부 무제한…\n\n샤브만 먹으러 갔다가\n튀김, 한식, 디저트까지 계속 손이 감🔥\n\n게다가 여긴 그냥 식당이 아니라\n뷔페급인데 오션뷰까지 붙어있음ㅋㅋ\n\n솔직히 이건\n👉 가족외식, 데이트, 회식 다 씹어먹는 곳\n\n해운대에서 배터지게 먹고 싶으면\n여기 모르면 손해임\n\n🔥꿀조합 레시피🔥\n✅ 버터칼국수\n칼국수나 도삭면 + 땅콩소스+참깨소스 + 시그니처소스 +버터 + 노른자\n✅곤드레비빔밥\n곤드레밥+열무+강된장+고추장+참기름+소고기\n✅망고아이스크림\n얼음+망고+요거트+연유\n✅앙버터\n모닝빵+버터+팥앙금\n지점별로 구성차이가 있을 수 있습니다.\n\n📍 샤브올데이 해운대점\n\n#샤브올데이 #샤브샤브 #버터칼국수 #레시피 #샤브올데이해운대점""}, ""defaultAudioLanguage"": ""ko""}, ""statistics"": {""viewCount"": ""4252"", ""likeCount"": ""18"", ""favoriteCount"": ""0"", ""commentCount"": ""0""}}",,,,
샤브올데이,single_term_fallback,샤브올데이,eEPKyctkWYc,"""샤브올데이""260305#박성은 #박성은치어리더 #v리그 #kovo #현대건설힐스테이트 #치어리더 #cheerleader #직캠 #fancam #朴星垠 #Park Sung-eun",2026-03-06T04:00:27Z,4082.0,177.0,1.0,https://www.youtube.com/watch?v=eEPKyctkWYc,youtube,샤브올데이,canonical,1.0,2026-05-26T11:17:04.805326+00:00,4082,177,1,178,치얼업로딩,,"{""kind"": ""youtube#video"", ""etag"": ""YWUiteayzJUHBNKrt9BRA0jEYKs"", ""id"": ""eEPKyctkWYc"", ""snippet"": {""publishedAt"": ""2026-03-06T04:00:27Z"", ""channelId"": ""UCMgXoDJy6acxgTCYynYQRzA"", ""title"": ""\""샤브올데이\""260305#박성은 #박성은치어리더 #v리그 #kovo #현대건설힐스테이트 #치어리더 #cheerleader #직캠 #fancam #朴星垠 #Park Sung-eun"", ""description"": """", ""thumbnails"": {""default"": {""url"": ""https://i.ytimg.com/vi/eEPKyctkWYc/default.jpg"", ""width"": 120, ""height"": 90}, ""medium"": {""url"": ""https://i.ytimg.com/vi/eEPKyctkWYc/mqdefault.jpg"", ""width"": 320, ""height"": 180}, ""high"": {""url"": ""https://i.ytimg.com/vi/eEPKyctkWYc/hqdefault.jpg"", ""width"": 480, ""height"": 360}, ""standard"": {""url"": ""https://i.ytimg.com/vi/eEPKyctkWYc/sddefault.jpg"", ""width"": 640, ""height"": 480}, ""maxres"": {""url"": ""https://i.ytimg.com/vi/eEPKyctkWYc/maxresdefault.jpg"", ""width"": 1280, ""height"": 720}}, ""channelTitle"": ""치얼업로딩"", ""categoryId"": ""22"", ""liveBroadcastContent"": ""none"", ""defaultLanguage"": ""ko"", ""localized"": {""title"": ""\""샤브올데이\""260305#박성은 #박성은치어리더 #v리그 #kovo #현대건설힐스테이트 #치어리더 #cheerleader #직캠 #fancam #朴星垠 #Park Sung-eun"", ""description"": """"}}, ""statistics"": {""viewCount"": ""4082"", ""likeCount"": ""177"", ""favoriteCount"": ""0"", ""commentCount"": ""1""}}",,,,
샤브올데이,single_term_fallback,샤브올데이,BMpkeUPZgEo,"필리핀 졸리비, 이번엔 샤브올데이··· 한국 1등 F&B 사들이는 이유",2026-03-06T08:30:00Z,2010.0,20.0,8.0,https://www.youtube.com/watch?v=BMpkeUPZgEo,youtube,샤브올데이,canonical,1.0,2026-05-26T11:17:04.805326+00:00,2010,20,8,28,딜스커버리 Dealscovery,"필리핀 최대 외식 기업 ‘졸리비(Jollibee)’가
한국 샤브샤브 브랜드 ‘샤브올데이’를 1,200억 원에 인수했습니다.

최근 졸리비는 컴포즈커피 인수, 노랑통닭 인수 시도 등
국내 외식 브랜드에 대한 투자를 지속적으로 확대하고 있습니다.

00:00 오프닝
00:27 졸리비, 샤브올데이 1200억 인수
00:38 졸리비는 어떤 기업인가
01:31 왜 공동 인수였을까
03:06 샤브올데이 성장 이유
03:50 Atlas로 본 샤브올데이 실적
05:15 떠오르는 경쟁 브랜드, 샤브20

더블유엠디(WMD)
▪️ 상담하기: https://wmdmna.co.kr/
▪️ 홈페이지: https://www.wemakedeal.co.kr

#졸리비 #샤브올데이 #컴포즈커피","{""kind"": ""youtube#video"", ""etag"": ""v7IYhTjlrleUtTUddnO_bT6SEDQ"", ""id"": ""BMpkeUPZgEo"", ""snippet"": {""publishedAt"": ""2026-03-06T08:30:00Z"", ""channelId"": ""UCGiiUrkFqznhAxtY6t_wSkA"", ""title"": ""필리핀 졸리비, 이번엔 샤브올데이··· 한국 1등 F&B 사들이는 이유"", ""description"": ""필리핀 최대 외식 기업 ‘졸리비(Jollibee)’가\n한국 샤브샤브 브랜드 ‘샤브올데이’를 1,200억 원에 인수했습니다.\n\n최근 졸리비는 컴포즈커피 인수, 노랑통닭 인수 시도 등\n국내 외식 브랜드에 대한 투자를 지속적으로 확대하고 있습니다.\n\n00:00 오프닝\n00:27 졸리비, 샤브올데이 1200억 인수\n00:38 졸리비는 어떤 기업인가\n01:31 왜 공동 인수였을까\n03:06 샤브올데이 성장 이유\n03:50 Atlas로 본 샤브올데이 실적\n05:15 떠오르는 경쟁 브랜드, 샤브20\n\n더블유엠디(WMD)\n▪️ 상담하기: https://wmdmna.co.kr/\n▪️ 홈페이지: https://www.wemakedeal.co.kr\n\n#졸리비 #샤브올데이 #컴포즈커피"", ""thumbnails"": {""default"": {""url"": ""https://i.ytimg.com/vi/BMpkeUPZgEo/default.jpg"", ""width"": 120, ""height"": 90}, ""medium"": {""url"": ""https://i.ytimg.com/vi/BMpkeUPZgEo/mqdefault.jpg"", ""width"": 320, ""height"": 180}, ""high"": {""url"": ""https://i.ytimg.com/vi/BMpkeUPZgEo/hqdefault.jpg"", ""width"": 480, ""height"": 360}, ""standard"": {""url"": ""https://i.ytimg.com/vi/BMpkeUPZgEo/sddefault.jpg"", ""width"": 640, ""height"": 480}, ""maxres"": {""url"": ""https://i.ytimg.com/vi/BMpkeUPZgEo/maxresdefault.jpg"", ""width"": 1280, ""height"": 720}}, ""channelTitle"": ""딜스커버리 Dealscovery"", ""tags"": [""졸리비"", ""샤브올데이"", ""샤브샤브"", ""컴포즈커피"", ""m&a"", ""돈"", ""부자"", ""경영"", ""경제"", ""인수"", ""합병"", ""매각"", ""비즈니스""], ""categoryId"": ""22"", ""liveBroadcastContent"": ""none"", ""defaultLanguage"": ""ko"", ""localized"": {""title"": ""필리핀 졸리비, 이번엔 샤브올데이··· 한국 1등 F&B 사들이는 이유"", ""description"": ""필리핀 최대 외식 기업 ‘졸리비(Jollibee)’가\n한국 샤브샤브 브랜드 ‘샤브올데이’를 1,200억 원에 인수했습니다.\n\n최근 졸리비는 컴포즈커피 인수, 노랑통닭 인수 시도 등\n국내 외식 브랜드에 대한 투자를 지속적으로 확대하고 있습니다.\n\n00:00 오프닝\n00:27 졸리비, 샤브올데이 1200억 인수\n00:38 졸리비는 어떤 기업인가\n01:31 왜 공동 인수였을까\n03:06 샤브올데이 성장 이유\n03:50 Atlas로 본 샤브올데이 실적\n05:15 떠오르는 경쟁 브랜드, 샤브20\n\n더블유엠디(WMD)\n▪️ 상담하기: https://wmdmna.co.kr/\n▪️ 홈페이지: https://www.wemakedeal.co.kr\n\n#졸리비 #샤브올데이 #컴포즈커피""}, ""defaultAudioLanguage"": ""ko""}, ""statistics"": {""viewCount"": ""2010"", ""likeCount"": ""20"", ""favoriteCount"": ""0"", ""commentCount"": ""8""}}",,,,
샤브올데이,single_term_fallback,샤브올데이,vaRSZxTWXQw,논란의 샤브올데이 치즈퐁듀,2026-04-01T10:14:31Z,4022.0,10.0,0.0,https://www.youtube.com/watch?v=vaRSZxTWXQw,youtube,샤브올데이,canonical,1.0,2026-05-26T11:17:04.805326+00:00,4022,10,0,10,푸디즈,,"{""kind"": ""youtube#video"", ""etag"": ""dEX-GUSAAJCA9SWrexR57NmJ8U8"", ""id"": ""vaRSZxTWXQw"", ""snippet"": {""publishedAt"": ""2026-04-01T10:14:31Z"", ""channelId"": ""UCxGQm7C_kUP4sGjS4TCK6Tw"", ""title"": ""논란의 샤브올데이 치즈퐁듀"", ""description"": """", ""thumbnails"": {""default"": {""url"": ""https://i.ytimg.com/vi/vaRSZxTWXQw/default.jpg"", ""width"": 120, ""height"": 90}, ""medium"": {""url"": ""https://i.ytimg.com/vi/vaRSZxTWXQw/mqdefault.jpg"", ""width"": 320, ""height"": 180}, ""high"": {""url"": ""https://i.ytimg.com/vi/vaRSZxTWXQw/hqdefault.jpg"", ""width"": 480, ""height"": 360}, ""standard"": {""url"": ""https://i.ytimg.com/vi/vaRSZxTWXQw/sddefault.jpg"", ""width"": 640, ""height"": 480}, ""maxres"": {""url"": ""https://i.ytimg.com/vi/vaRSZxTWXQw/maxresdefault.jpg"", ""width"": 1280, ""height"": 720}}, ""channelTitle"": ""푸디즈"", ""categoryId"": ""22"", ""liveBroadcastContent"": ""none"", ""defaultLanguage"": ""ko"", ""localized"": {""title"": ""논란의 샤브올데이 치즈퐁듀"", ""description"": """"}}, ""statistics"": {""viewCount"": ""4022"", ""likeCount"": ""10"", ""favoriteCount"": ""0"", ""commentCount"": ""0""}}",,,,
샤브올데이,single_term_fallback,샤브올데이,4tcYixIwEDQ,명륜당의 배신: 1300억에 팔린 샤브올데이와 버려진 점주들의 눈물 (프랜차이즈 창업의 민낯),2026-03-04T22:16:18Z,1891.0,24.0,3.0,https://www.youtube.com/watch?v=4tcYixIwEDQ,youtube,샤브올데이,canonical,1.0,2026-05-26T11:17:04.805326+00:00,1891,24,3,27,후디의 경제학,"""연 매출 3,900억, 대한민국 외식업계의 '괴물'이라 불리던 브랜드가 왜 반값 세일 가격에 팔려나갔을까요?""

첫해 매출 2억에서 1년 만에 540억으로 270배 폭증한 샤브올데이. 하지만 그 화려한 성공의 이면에는 가맹점주들의 고혈을 짜낸 **'연 15% 고금리 대출'**이라는 잔혹한 설계가 숨어 있었습니다. 국책은행인 산업은행에서 3%대로 빌린 돈을 점주들에게 15%로 빌려주며 본사가 챙긴 부당이익만 155억 원.

이제 그 황금알을 낳는 거위는 필리핀의 외식 공룡 졸리비푸드에 넘어갔고, 남겨진 543명의 명륜진사갈비 점주들은 빚더미와 함께 방치되었습니다. 오늘 영상에서는 명륜당의 불법 대부업 스캔들의 전말과 글로벌 자본의 헐값 사냥 전략, 그리고 위태로운 대한민국 프랜차이즈 시장의 민낯을 경제적 관점에서 낱낱이 해부합니다.

영상에서 다 못 푼 진짜 돈 되는 정보 & 실전 필독서 보러 가기 
👉 https://litt.ly/hoodies.eco

📌 타임라인 (Timeline)
00:00 오프닝: 1,300억 매각과 점주들의 배신감
01:12 [본론 1] 3%에 빌려 15%로 빌려주다: 155억 부당이익의 실체
03:28 매출 270배 폭증, 샤브올데이가 '외식 괴물'이 된 비결
04:45 왜 '반값'일까? 영업이익 9.5배라는 비상식적 매각가의 이유
05:58 [분석] 필리핀 졸리비푸드의 헐값 사냥 전략 (첫 번째 근거)
07:15 졸리비의 K-푸드 포트폴리오와 글로벌 상장 시나리오 (두 번째 근거)
08:32 버려진 543개 가맹점: 패키지 딜 무산과 이종근 회장의 리스크 (세 번째 근거)
09:48 자영업 폐업 100만 시대, 대한민국 프랜차이즈의 구조적 위험
11:05 [실전 가이드] 내 돈 10억을 지키는 창업 전 체크리스트 2가지
12:22 클로징: 비관 속에서 살아남는 자가 승리한다

#명륜진사갈비 #명륜당 #샤브올데이 #졸리비푸드 #프랜차이즈창업 #자영업폐업 #경제범죄 #갑질논란 #금융범죄분석 #창업주의사항","{""kind"": ""youtube#video"", ""etag"": ""9ooFmgaL_mDxXpX2JjLxClzpL6A"", ""id"": ""4tcYixIwEDQ"", ""snippet"": {""publishedAt"": ""2026-03-04T22:16:18Z"", ""channelId"": ""UCLRoOXTpER1GwwuWrDigELQ"", ""title"": ""명륜당의 배신: 1300억에 팔린 샤브올데이와 버려진 점주들의 눈물 (프랜차이즈 창업의 민낯)"", ""description"": ""\""연 매출 3,900억, 대한민국 외식업계의 '괴물'이라 불리던 브랜드가 왜 반값 세일 가격에 팔려나갔을까요?\""\n\n첫해 매출 2억에서 1년 만에 540억으로 270배 폭증한 샤브올데이. 하지만 그 화려한 성공의 이면에는 가맹점주들의 고혈을 짜낸 **'연 15% 고금리 대출'**이라는 잔혹한 설계가 숨어 있었습니다. 국책은행인 산업은행에서 3%대로 빌린 돈을 점주들에게 15%로 빌려주며 본사가 챙긴 부당이익만 155억 원.\n\n이제 그 황금알을 낳는 거위는 필리핀의 외식 공룡 졸리비푸드에 넘어갔고, 남겨진 543명의 명륜진사갈비 점주들은 빚더미와 함께 방치되었습니다. 오늘 영상에서는 명륜당의 불법 대부업 스캔들의 전말과 글로벌 자본의 헐값 사냥 전략, 그리고 위태로운 대한민국 프랜차이즈 시장의 민낯을 경제적 관점에서 낱낱이 해부합니다.\n\n영상에서 다 못 푼 진짜 돈 되는 정보 & 실전 필독서 보러 가기 \n👉 https://litt.ly/hoodies.eco\n\n📌 타임라인 (Timeline)\n00:00 오프닝: 1,300억 매각과 점주들의 배신감\n01:12 [본론 1] 3%에 빌려 15%로 빌려주다: 155억 부당이익의 실체\n03:28 매출 270배 폭증, 샤브올데이가 '외식 괴물'이 된 비결\n04:45 왜 '반값'일까? 영업이익 9.5배라는 비상식적 매각가의 이유\n05:58 [분석] 필리핀 졸리비푸드의 헐값 사냥 전략 (첫 번째 근거)\n07:15 졸리비의 K-푸드 포트폴리오와 글로벌 상장 시나리오 (두 번째 근거)\n08:32 버려진 543개 가맹점: 패키지 딜 무산과 이종근 회장의 리스크 (세 번째 근거)\n09:48 자영업 폐업 100만 시대, 대한민국 프랜차이즈의 구조적 위험\n11:05 [실전 가이드] 내 돈 10억을 지키는 창업 전 체크리스트 2가지\n12:22 클로징: 비관 속에서 살아남는 자가 승리한다\n\n#명륜진사갈비 #명륜당 #샤브올데이 #졸리비푸드 #프랜차이즈창업 #자영업폐업 #경제범죄 #갑질논란 #금융범죄분석 #창업주의사항"", ""thumbnails"": {""default"": {""url"": ""https://i.ytimg.com/vi/4tcYixIwEDQ/default.jpg"", ""width"": 120, ""height"": 90}, ""medium"": {""url"": ""https://i.ytimg.com/vi/4tcYixIwEDQ/mqdefault.jpg"", ""width"": 320, ""height"": 180}, ""high"": {""url"": ""https://i.ytimg.com/vi/4tcYixIwEDQ/hqdefault.jpg"", ""width"": 480, ""height"": 360}, ""standard"": {""url"": ""https://i.ytimg.com/vi/4tcYixIwEDQ/sddefault.jpg"", ""width"": 640, ""height"": 480}, ""maxres"": {""url"": ""https://i.ytimg.com/vi/4tcYixIwEDQ/maxresdefault.jpg"", ""width"": 1280, ""height"": 720}}, ""channelTitle"": ""후디의 경제학"", ""tags"": [""명륜진사갈비"", ""명륜당"", ""샤브올데이 매각"", ""졸리비푸드"", ""프랜차이즈 창업 리스크"", ""불법대부업 스캔들"", ""산업은행 대출"", ""자영업 폐업"", ""컴포즈커피 인수"", ""외식업 경제 분석"", ""샤브올데이 창업"", ""자영업자""], ""categoryId"": ""27"", ""liveBroadcastContent"": ""none"", ""defaultLanguage"": ""ko"", ""localized"": {""title"": ""명륜당의 배신: 1300억에 팔린 샤브올데이와 버려진 점주들의 눈물 (프랜차이즈 창업의 민낯)"", ""description"": ""\""연 매출 3,900억, 대한민국 외식업계의 '괴물'이라 불리던 브랜드가 왜 반값 세일 가격에 팔려나갔을까요?\""\n\n첫해 매출 2억에서 1년 만에 540억으로 270배 폭증한 샤브올데이. 하지만 그 화려한 성공의 이면에는 가맹점주들의 고혈을 짜낸 **'연 15% 고금리 대출'**이라는 잔혹한 설계가 숨어 있었습니다. 국책은행인 산업은행에서 3%대로 빌린 돈을 점주들에게 15%로 빌려주며 본사가 챙긴 부당이익만 155억 원.\n\n이제 그 황금알을 낳는 거위는 필리핀의 외식 공룡 졸리비푸드에 넘어갔고, 남겨진 543명의 명륜진사갈비 점주들은 빚더미와 함께 방치되었습니다. 오늘 영상에서는 명륜당의 불법 대부업 스캔들의 전말과 글로벌 자본의 헐값 사냥 전략, 그리고 위태로운 대한민국 프랜차이즈 시장의 민낯을 경제적 관점에서 낱낱이 해부합니다.\n\n영상에서 다 못 푼 진짜 돈 되는 정보 & 실전 필독서 보러 가기 \n👉 https://litt.ly/hoodies.eco\n\n📌 타임라인 (Timeline)\n00:00 오프닝: 1,300억 매각과 점주들의 배신감\n01:12 [본론 1] 3%에 빌려 15%로 빌려주다: 155억 부당이익의 실체\n03:28 매출 270배 폭증, 샤브올데이가 '외식 괴물'이 된 비결\n04:45 왜 '반값'일까? 영업이익 9.5배라는 비상식적 매각가의 이유\n05:58 [분석] 필리핀 졸리비푸드의 헐값 사냥 전략 (첫 번째 근거)\n07:15 졸리비의 K-푸드 포트폴리오와 글로벌 상장 시나리오 (두 번째 근거)\n08:32 버려진 543개 가맹점: 패키지 딜 무산과 이종근 회장의 리스크 (세 번째 근거)\n09:48 자영업 폐업 100만 시대, 대한민국 프랜차이즈의 구조적 위험\n11:05 [실전 가이드] 내 돈 10억을 지키는 창업 전 체크리스트 2가지\n12:22 클로징: 비관 속에서 살아남는 자가 승리한다\n\n#명륜진사갈비 #명륜당 #샤브올데이 #졸리비푸드 #프랜차이즈창업 #자영업폐업 #경제범죄 #갑질논란 #금융범죄분석 #창업주의사항""}, ""defaultAudioLanguage"": ""ko""}, ""statistics"": {""viewCount"": ""1891"", ""likeCount"": ""24"", ""favoriteCount"": ""0"", ""commentCount"": ""3""}}",,,,
샤브올데이,single_term_fallback,샤브올데이,1Zsp4GSlrFg,‼️MZ들은 마라탕말고 이거먹음🔥#샤브올데이 #샤브샤브 #먹방 #레시피 #마라탕 #도삭면 #김우빈 #뷔페 #외식 #오늘뭐먹지 #디저트 #food #데이트 #비빔밥 #mukbang,2026-04-01T06:52:11Z,3851.0,31.0,12.0,https://www.youtube.com/watch?v=1Zsp4GSlrFg,youtube,샤브올데이,canonical,1.0,2026-05-26T11:17:04.805326+00:00,3851,31,12,43,먹보,"‼️MZ들은 마라탕 말고 '이거' 먹음🔥
샤브올데이 '마라땅콩도삭면' 레시피 공개!!
1. 마라육수에 도삭면을 끓인다.
2. 야들해진 도삭면을 월남쌈그릇에 담는다.
3. 마라장과 땅콩소스를 취향껏 듬뿍 뿌려준다.
4. 고추기름을 두바퀴 정도 둘러준다.
5. 비빈다! 삭싹 긁어 먹는다!

🥬봄내음 물씬!! '미나리비빔밥'
빠질 수 없는 별미인거 아시죠!?
👉곤드레밥 + 삼겹살 + 미나리 + 양념장 + 들기름
(꿀팁) :  열무김치까지 올려 먹으면!! 새콤함까지!

60여가지 샐러드바와 무제한 소고기!!
혼밥? 가능😃
데이트? 가능💕
폭식? 무조건 가능👍

° 지점별로 구성메뉴가 차이 있을 수 있습니다.
정말 맛있고, 너무나도 친절했던 이곳은!?
샤브올데이 (양주회암점)✨️
#샤브샤브 #도삭면 #뷔페 #먹스타그램 #샤브올데이","{""kind"": ""youtube#video"", ""etag"": ""8F50KutPupiqPh0fWmWPX0cFH1k"", ""id"": ""1Zsp4GSlrFg"", ""snippet"": {""publishedAt"": ""2026-04-01T06:52:11Z"", ""channelId"": ""UCmXDQEfzuUB7EbLKAWKWioQ"", ""title"": ""‼️MZ들은 마라탕말고 이거먹음🔥#샤브올데이 #샤브샤브 #먹방 #레시피 #마라탕 #도삭면 #김우빈 #뷔페 #외식 #오늘뭐먹지 #디저트 #food #데이트 #비빔밥 #mukbang"", ""description"": ""‼️MZ들은 마라탕 말고 '이거' 먹음🔥\n샤브올데이 '마라땅콩도삭면' 레시피 공개!!\n1. 마라육수에 도삭면을 끓인다.\n2. 야들해진 도삭면을 월남쌈그릇에 담는다.\n3. 마라장과 땅콩소스를 취향껏 듬뿍 뿌려준다.\n4. 고추기름을 두바퀴 정도 둘러준다.\n5. 비빈다! 삭싹 긁어 먹는다!\n\n🥬봄내음 물씬!! '미나리비빔밥'\n빠질 수 없는 별미인거 아시죠!?\n👉곤드레밥 + 삼겹살 + 미나리 + 양념장 + 들기름\n(꿀팁) :  열무김치까지 올려 먹으면!! 새콤함까지!\n\n60여가지 샐러드바와 무제한 소고기!!\n혼밥? 가능😃\n데이트? 가능💕\n폭식? 무조건 가능👍\n\n° 지점별로 구성메뉴가 차이 있을 수 있습니다.\n정말 맛있고, 너무나도 친절했던 이곳은!?\n샤브올데이 (양주회암점)✨️\n#샤브샤브 #도삭면 #뷔페 #먹스타그램 #샤브올데이"", ""thumbnails"": {""default"": {""url"": ""https://i.ytimg.com/vi/1Zsp4GSlrFg/default.jpg"", ""width"": 120, ""height"": 90}, ""medium"": {""url"": ""https://i.ytimg.com/vi/1Zsp4GSlrFg/mqdefault.jpg"", ""width"": 320, ""height"": 180}, ""high"": {""url"": ""https://i.ytimg.com/vi/1Zsp4GSlrFg/hqdefault.jpg"", ""width"": 480, ""height"": 360}, ""standard"": {""url"": ""https://i.ytimg.com/vi/1Zsp4GSlrFg/sddefault.jpg"", ""width"": 640, ""height"": 480}, ""maxres"": {""url"": ""https://i.ytimg.com/vi/1Zsp4GSlrFg/maxresdefault.jpg"", ""width"": 1280, ""height"": 720}}, ""channelTitle"": ""먹보"", ""categoryId"": ""22"", ""liveBroadcastContent"": ""none"", ""defaultLanguage"": ""ko"", ""localized"": {""title"": ""‼️MZ들은 마라탕말고 이거먹음🔥#샤브올데이 #샤브샤브 #먹방 #레시피 #마라탕 #도삭면 #김우빈 #뷔페 #외식 #오늘뭐먹지 #디저트 #food #데이트 #비빔밥 #mukbang"", ""description"": ""‼️MZ들은 마라탕 말고 '이거' 먹음🔥\n샤브올데이 '마라땅콩도삭면' 레시피 공개!!\n1. 마라육수에 도삭면을 끓인다.\n2. 야들해진 도삭면을 월남쌈그릇에 담는다.\n3. 마라장과 땅콩소스를 취향껏 듬뿍 뿌려준다.\n4. 고추기름을 두바퀴 정도 둘러준다.\n5. 비빈다! 삭싹 긁어 먹는다!\n\n🥬봄내음 물씬!! '미나리비빔밥'\n빠질 수 없는 별미인거 아시죠!?\n👉곤드레밥 + 삼겹살 + 미나리 + 양념장 + 들기름\n(꿀팁) :  열무김치까지 올려 먹으면!! 새콤함까지!\n\n60여가지 샐러드바와 무제한 소고기!!\n혼밥? 가능😃\n데이트? 가능💕\n폭식? 무조건 가능👍\n\n° 지점별로 구성메뉴가 차이 있을 수 있습니다.\n정말 맛있고, 너무나도 친절했던 이곳은!?\n샤브올데이 (양주회암점)✨️\n#샤브샤브 #도삭면 #뷔페 #먹스타그램 #샤브올데이""}, ""defaultAudioLanguage"": ""ko""}, ""statistics"": {""viewCount"": ""3851"", ""likeCount"": ""31"", ""favoriteCount"": ""0"", ""commentCount"": ""12""}}",,,,
샤브올데이,single_term_fallback,샤브올데이,XFA0hUQjY6o,"#광고 나랑 샤브올데이 먹으러 갈래 말래 🍲방문지점명: 샤브올데이 세종소담점방문지점주소: 세종특별자치시 한누리대로 2018, 2층",2026-03-23T12:04:19Z,3736.0,111.0,9.0,https://www.youtube.com/watch?v=XFA0hUQjY6o,youtube,샤브올데이,canonical,1.0,2026-05-26T11:17:04.805326+00:00,3736,111,9,120,해파린,,"{""kind"": ""youtube#video"", ""etag"": ""ZtQjhXIDX4R2igZxlxL5PUDuL6Q"", ""id"": ""XFA0hUQjY6o"", ""snippet"": {""publishedAt"": ""2026-03-23T12:04:19Z"", ""channelId"": ""UCBzO42y4KC094sv6rA43UwQ"", ""title"": ""#광고 나랑 샤브올데이 먹으러 갈래 말래 🍲방문지점명: 샤브올데이 세종소담점방문지점주소: 세종특별자치시 한누리대로 2018, 2층"", ""description"": """", ""thumbnails"": {""default"": {""url"": ""https://i.ytimg.com/vi/XFA0hUQjY6o/default.jpg"", ""width"": 120, ""height"": 90}, ""medium"": {""url"": ""https://i.ytimg.com/vi/XFA0hUQjY6o/mqdefault.jpg"", ""width"": 320, ""height"": 180}, ""high"": {""url"": ""https://i.ytimg.com/vi/XFA0hUQjY6o/hqdefault.jpg"", ""width"": 480, ""height"": 360}, ""standard"": {""url"": ""https://i.ytimg.com/vi/XFA0hUQjY6o/sddefault.jpg"", ""width"": 640, ""height"": 480}, ""maxres"": {""url"": ""https://i.ytimg.com/vi/XFA0hUQjY6o/maxresdefault.jpg"", ""width"": 1280, ""height"": 720}}, ""channelTitle"": ""해파린"", ""categoryId"": ""22"", ""liveBroadcastContent"": ""none"", ""defaultLanguage"": ""ko"", ""localized"": {""title"": ""#광고 나랑 샤브올데이 먹으러 갈래 말래 🍲방문지점명: 샤브올데이 세종소담점방문지점주소: 세종특별자치시 한누리대로 2018, 2층"", ""description"": """"}, ""defaultAudioLanguage"": ""ko""}, ""statistics"": {""viewCount"": ""3736"", ""likeCount"": ""111"", ""favoriteCount"": ""0"", ""commentCount"": ""9""}}",,,,
샤브올데이,single_term_fallback,샤브올데이,zPIpV8x2bdo,요즘 버터떡이 난리라고요? 여기서 버터 무한으로 먹기 가능 #샤브올데이 #버터떡 #샤브샤브,2026-03-16T10:58:19Z,4009.0,16.0,0.0,https://www.youtube.com/watch?v=zPIpV8x2bdo,youtube,샤브올데이,canonical,1.0,2026-05-26T11:17:04.805326+00:00,4009,16,0,16,햅삐,"요즘 난리인 버터떡 대신 버터요리 여기서는 무한임!!
📝인천 #샤브올데이

MZ들 사이에서 핫한 버터도삭면은 팔팔 끓는 육수에
도삭면 넣어서 끓인다음 버터랑 노른자 섞어먹으면
진짜 크리미하고 고소한게 존맛이구요,,,

라이스페이퍼에 팥이랑 버터 넣어만든 쫀득달달 앙버터에
버터 녹여서 아이스크림에 부어먹으면 달달꼬숩 버터아이스크림까지
여기서 무한으로 버터 요리 가득 먹을 수 있습니다!!

무제한 샤브샤브에 프리미엄 소고기 3종,
60여가지 고급진 음식들까지 제대로 뽕뽑고 오세요

📍샤브올데이 계산점
 : 인천 계양구 장제로 807 2층

**지점별로 구성 메뉴가 차이가 있을 수 있습니다

#샤브샤브 #샤브올데이계산점 #버터칼국수 #레시피","{""kind"": ""youtube#video"", ""etag"": ""qlmKLE8zNnhUdzFBqgyZX0N-huE"", ""id"": ""zPIpV8x2bdo"", ""snippet"": {""publishedAt"": ""2026-03-16T10:58:19Z"", ""channelId"": ""UC8Lj6uIEmAdSEzKbkaMz1WQ"", ""title"": ""요즘 버터떡이 난리라고요? 여기서 버터 무한으로 먹기 가능 #샤브올데이 #버터떡 #샤브샤브"", ""description"": ""요즘 난리인 버터떡 대신 버터요리 여기서는 무한임!!\n📝인천 #샤브올데이\n\nMZ들 사이에서 핫한 버터도삭면은 팔팔 끓는 육수에\n도삭면 넣어서 끓인다음 버터랑 노른자 섞어먹으면\n진짜 크리미하고 고소한게 존맛이구요,,,\n\n라이스페이퍼에 팥이랑 버터 넣어만든 쫀득달달 앙버터에\n버터 녹여서 아이스크림에 부어먹으면 달달꼬숩 버터아이스크림까지\n여기서 무한으로 버터 요리 가득 먹을 수 있습니다!!\n\n무제한 샤브샤브에 프리미엄 소고기 3종,\n60여가지 고급진 음식들까지 제대로 뽕뽑고 오세요\n\n📍샤브올데이 계산점\n : 인천 계양구 장제로 807 2층\n\n**지점별로 구성 메뉴가 차이가 있을 수 있습니다\n\n#샤브샤브 #샤브올데이계산점 #버터칼국수 #레시피"", ""thumbnails"": {""default"": {""url"": ""https://i.ytimg.com/vi/zPIpV8x2bdo/default.jpg"", ""width"": 120, ""height"": 90}, ""medium"": {""url"": ""https://i.ytimg.com/vi/zPIpV8x2bdo/mqdefault.jpg"", ""width"": 320, ""height"": 180}, ""high"": {""url"": ""https://i.ytimg.com/vi/zPIpV8x2bdo/hqdefault.jpg"", ""width"": 480, ""height"": 360}, ""standard"": {""url"": ""https://i.ytimg.com/vi/zPIpV8x2bdo/sddefault.jpg"", ""width"": 640, ""height"": 480}, ""maxres"": {""url"": ""https://i.ytimg.com/vi/zPIpV8x2bdo/maxresdefault.jpg"", ""width"": 1280, ""height"": 720}}, ""channelTitle"": ""햅삐"", ""categoryId"": ""22"", ""liveBroadcastContent"": ""none"", ""defaultLanguage"": ""ko"", ""localized"": {""title"": ""요즘 버터떡이 난리라고요? 여기서 버터 무한으로 먹기 가능 #샤브올데이 #버터떡 #샤브샤브"", ""description"": ""요즘 난리인 버터떡 대신 버터요리 여기서는 무한임!!\n📝인천 #샤브올데이\n\nMZ들 사이에서 핫한 버터도삭면은 팔팔 끓는 육수에\n도삭면 넣어서 끓인다음 버터랑 노른자 섞어먹으면\n진짜 크리미하고 고소한게 존맛이구요,,,\n\n라이스페이퍼에 팥이랑 버터 넣어만든 쫀득달달 앙버터에\n버터 녹여서 아이스크림에 부어먹으면 달달꼬숩 버터아이스크림까지\n여기서 무한으로 버터 요리 가득 먹을 수 있습니다!!\n\n무제한 샤브샤브에 프리미엄 소고기 3종,\n60여가지 고급진 음식들까지 제대로 뽕뽑고 오세요\n\n📍샤브올데이 계산점\n : 인천 계양구 장제로 807 2층\n\n**지점별로 구성 메뉴가 차이가 있을 수 있습니다\n\n#샤브샤브 #샤브올데이계산점 #버터칼국수 #레시피""}, ""defaultAudioLanguage"": ""ko""}, ""statistics"": {""viewCount"": ""4009"", ""likeCount"": ""16"", ""favoriteCount"": ""0"", ""commentCount"": ""0""}}",,,,
샤브올데이,single_term_fallback,샤브올데이,yaYOU89IqWs,도대체뭐하는곳이야 #샤브올데이 #빕스 #뷔페 #김수현 #김우빈 #노인석 #런치 #식당 #맛집 #챌린지 #AI #쇼츠 #shorts,2026-03-14T01:58:17Z,4628.0,3.0,0.0,https://www.youtube.com/watch?v=yaYOU89IqWs,youtube,샤브올데이,canonical,1.0,2026-05-26T11:17:04.805326+00:00,4628,3,0,3,놀자우야,,"{""kind"": ""youtube#video"", ""etag"": ""6nwih3FO9aWxDag3Ku90nM3U2Lk"", ""id"": ""yaYOU89IqWs"", ""snippet"": {""publishedAt"": ""2026-03-14T01:58:17Z"", ""channelId"": ""UCUzg1Dpw-3EeoDVRqlhmOVg"", ""title"": ""도대체뭐하는곳이야 #샤브올데이 #빕스 #뷔페 #김수현 #김우빈 #노인석 #런치 #식당 #맛집 #챌린지 #AI #쇼츠 #shorts"", ""description"": """", ""thumbnails"": {""default"": {""url"": ""https://i.ytimg.com/vi/yaYOU89IqWs/default.jpg"", ""width"": 120, ""height"": 90}, ""medium"": {""url"": ""https://i.ytimg.com/vi/yaYOU89IqWs/mqdefault.jpg"", ""width"": 320, ""height"": 180}, ""high"": {""url"": ""https://i.ytimg.com/vi/yaYOU89IqWs/hqdefault.jpg"", ""width"": 480, ""height"": 360}, ""standard"": {""url"": ""https://i.ytimg.com/vi/yaYOU89IqWs/sddefault.jpg"", ""width"": 640, ""height"": 480}, ""maxres"": {""url"": ""https://i.ytimg.com/vi/yaYOU89IqWs/maxresdefault.jpg"", ""width"": 1280, ""height"": 720}}, ""channelTitle"": ""놀자우야"", ""categoryId"": ""22"", ""liveBroadcastContent"": ""none"", ""defaultLanguage"": ""ko"", ""localized"": {""title"": ""도대체뭐하는곳이야 #샤브올데이 #빕스 #뷔페 #김수현 #김우빈 #노인석 #런치 #식당 #맛집 #챌린지 #AI #쇼츠 #shorts"", ""description"": """"}}, ""statistics"": {""viewCount"": ""4628"", ""likeCount"": ""3"", ""favoriteCount"": ""0""}}",,,,
샤브올데이,single_term_fallback,샤브올데이,Mfif55rw1qQ,샤브올데이 마라도삭면?,2026-03-29T02:18:01Z,3064.0,5.0,0.0,https://www.youtube.com/watch?v=Mfif55rw1qQ,youtube,샤브올데이,canonical,1.0,2026-05-26T11:17:04.805326+00:00,3064,5,0,5,먹축제,,"{""kind"": ""youtube#video"", ""etag"": ""R5F5zl-AQ3_Cae7Y3ScdpuVWIgA"", ""id"": ""Mfif55rw1qQ"", ""snippet"": {""publishedAt"": ""2026-03-29T02:18:01Z"", ""channelId"": ""UCfc9zKqp3YUGu--eymtIVqw"", ""title"": ""샤브올데이 마라도삭면?"", ""description"": """", ""thumbnails"": {""default"": {""url"": ""https://i.ytimg.com/vi/Mfif55rw1qQ/default.jpg"", ""width"": 120, ""height"": 90}, ""medium"": {""url"": ""https://i.ytimg.com/vi/Mfif55rw1qQ/mqdefault.jpg"", ""width"": 320, ""height"": 180}, ""high"": {""url"": ""https://i.ytimg.com/vi/Mfif55rw1qQ/hqdefault.jpg"", ""width"": 480, ""height"": 360}, ""standard"": {""url"": ""https://i.ytimg.com/vi/Mfif55rw1qQ/sddefault.jpg"", ""width"": 640, ""height"": 480}, ""maxres"": {""url"": ""https://i.ytimg.com/vi/Mfif55rw1qQ/maxresdefault.jpg"", ""width"": 1280, ""height"": 720}}, ""channelTitle"": ""먹축제"", ""categoryId"": ""22"", ""liveBroadcastContent"": ""none"", ""defaultLanguage"": ""ko"", ""localized"": {""title"": ""샤브올데이 마라도삭면?"", ""description"": """"}}, ""statistics"": {""viewCount"": ""3064"", ""likeCount"": ""5"", ""favoriteCount"": ""0"", ""commentCount"": ""0""}}",,,,
샤브올데이,single_term_fallback,샤브올데이,ELhu8Ws9PEY,샤브올데이 박살내기🔥,2026-03-26T02:03:55Z,4358.0,9.0,1.0,https://www.youtube.com/watch?v=ELhu8Ws9PEY,youtube,샤브올데이,canonical,1.0,2026-05-26T11:17:04.805326+00:00,4358,9,1,10,란쥬행님,,"{""kind"": ""youtube#video"", ""etag"": ""u7RSuo0acEqn7VDUwKo6tmO6iy8"", ""id"": ""ELhu8Ws9PEY"", ""snippet"": {""publishedAt"": ""2026-03-26T02:03:55Z"", ""channelId"": ""UCWFLuVwWOrJBOrbcn9IFaDA"", ""title"": ""샤브올데이 박살내기🔥"", ""description"": """", ""thumbnails"": {""default"": {""url"": ""https://i.ytimg.com/vi/ELhu8Ws9PEY/default.jpg"", ""width"": 120, ""height"": 90}, ""medium"": {""url"": ""https://i.ytimg.com/vi/ELhu8Ws9PEY/mqdefault.jpg"", ""width"": 320, ""height"": 180}, ""high"": {""url"": ""https://i.ytimg.com/vi/ELhu8Ws9PEY/hqdefault.jpg"", ""width"": 480, ""height"": 360}, ""standard"": {""url"": ""https://i.ytimg.com/vi/ELhu8Ws9PEY/sddefault.jpg"", ""width"": 640, ""height"": 480}, ""maxres"": {""url"": ""https://i.ytimg.com/vi/ELhu8Ws9PEY/maxresdefault.jpg"", ""width"": 1280, ""height"": 720}}, ""channelTitle"": ""란쥬행님"", ""categoryId"": ""22"", ""liveBroadcastContent"": ""none"", ""defaultLanguage"": ""ko"", ""localized"": {""title"": ""샤브올데이 박살내기🔥"", ""description"": """"}}, ""statistics"": {""viewCount"": ""4358"", ""likeCount"": ""9"", ""favoriteCount"": ""0"", ""commentCount"": ""1""}}",,,,
샤브올데이,single_term_fallback,샤브올데이,woBgUvj44A4,"샤브올데이도 졸리비가.. K푸드, 동남아에 꿀꺽?",2026-03-23T09:02:53Z,3660.0,17.0,1.0,https://www.youtube.com/watch?v=woBgUvj44A4,youtube,샤브올데이,canonical,1.0,2026-05-26T11:17:04.805326+00:00,3660,17,1,18,오늘부터 회계사,"샤브올데이도 졸리비가 인수?

#졸리비 #K푸드 #샤브올데이 #외식산업","{""kind"": ""youtube#video"", ""etag"": ""NR-PIvTQ71IeldPeUo5pWk9Q2Io"", ""id"": ""woBgUvj44A4"", ""snippet"": {""publishedAt"": ""2026-03-23T09:02:53Z"", ""channelId"": ""UClhPqabyOHBxJzMkQ7k-pxg"", ""title"": ""샤브올데이도 졸리비가.. K푸드, 동남아에 꿀꺽?"", ""description"": ""샤브올데이도 졸리비가 인수?\n\n#졸리비 #K푸드 #샤브올데이 #외식산업"", ""thumbnails"": {""default"": {""url"": ""https://i.ytimg.com/vi/woBgUvj44A4/default.jpg"", ""width"": 120, ""height"": 90}, ""medium"": {""url"": ""https://i.ytimg.com/vi/woBgUvj44A4/mqdefault.jpg"", ""width"": 320, ""height"": 180}, ""high"": {""url"": ""https://i.ytimg.com/vi/woBgUvj44A4/hqdefault.jpg"", ""width"": 480, ""height"": 360}, ""standard"": {""url"": ""https://i.ytimg.com/vi/woBgUvj44A4/sddefault.jpg"", ""width"": 640, ""height"": 480}, ""maxres"": {""url"": ""https://i.ytimg.com/vi/woBgUvj44A4/maxresdefault.jpg"", ""width"": 1280, ""height"": 720}}, ""channelTitle"": ""오늘부터 회계사"", ""tags"": [""K푸드"", ""동남아시장"", ""브랜드인수"", ""샤브올데이"", ""외식산업"", ""졸리비"", ""컴포즈커피"", ""한국음식"", ""해외진출""], ""categoryId"": ""25"", ""liveBroadcastContent"": ""none"", ""defaultLanguage"": ""ko"", ""localized"": {""title"": ""샤브올데이도 졸리비가.. K푸드, 동남아에 꿀꺽?"", ""description"": ""샤브올데이도 졸리비가 인수?\n\n#졸리비 #K푸드 #샤브올데이 #외식산업""}, ""defaultAudioLanguage"": ""ko""}, ""statistics"": {""viewCount"": ""3660"", ""likeCount"": ""17"", ""favoriteCount"": ""0"", ""commentCount"": ""1""}}",,,,
샤브올데이,single_term_fallback,샤브올데이,lKRyHB4Pt2M,와 진작 이렇게 먹을걸.. 월남쌈  #샤브올데이대구수성점 #샤브샤브 #대구핫플 #대구맛집 #수성구맛집 #샤브올데이,2026-03-17T07:55:52Z,3143.0,19.0,1.0,https://www.youtube.com/watch?v=lKRyHB4Pt2M,youtube,샤브올데이,canonical,1.0,2026-05-26T11:17:04.805326+00:00,3143,19,1,20,쭈링🩷 대구맛집 대구핫플 대구여행 대구카페,,"{""kind"": ""youtube#video"", ""etag"": ""mhAiS5ADvcwdgsy4-MiaGssjAao"", ""id"": ""lKRyHB4Pt2M"", ""snippet"": {""publishedAt"": ""2026-03-17T07:55:52Z"", ""channelId"": ""UCM7irTzSKuv0enP4OqfaXOA"", ""title"": ""와 진작 이렇게 먹을걸.. 월남쌈  #샤브올데이대구수성점 #샤브샤브 #대구핫플 #대구맛집 #수성구맛집 #샤브올데이"", ""description"": """", ""thumbnails"": {""default"": {""url"": ""https://i.ytimg.com/vi/lKRyHB4Pt2M/default.jpg"", ""width"": 120, ""height"": 90}, ""medium"": {""url"": ""https://i.ytimg.com/vi/lKRyHB4Pt2M/mqdefault.jpg"", ""width"": 320, ""height"": 180}, ""high"": {""url"": ""https://i.ytimg.com/vi/lKRyHB4Pt2M/hqdefault.jpg"", ""width"": 480, ""height"": 360}, ""standard"": {""url"": ""https://i.ytimg.com/vi/lKRyHB4Pt2M/sddefault.jpg"", ""width"": 640, ""height"": 480}, ""maxres"": {""url"": ""https://i.ytimg.com/vi/lKRyHB4Pt2M/maxresdefault.jpg"", ""width"": 1280, ""height"": 720}}, ""channelTitle"": ""쭈링🩷 대구맛집 대구핫플 대구여행 대구카페"", ""categoryId"": ""22"", ""liveBroadcastContent"": ""none"", ""defaultLanguage"": ""ko"", ""localized"": {""title"": ""와 진작 이렇게 먹을걸.. 월남쌈  #샤브올데이대구수성점 #샤브샤브 #대구핫플 #대구맛집 #수성구맛집 #샤브올데이"", ""description"": """"}, ""defaultAudioLanguage"": ""ko""}, ""statistics"": {""viewCount"": ""3143"", ""likeCount"": ""19"", ""favoriteCount"": ""0"", ""commentCount"": ""1""}}",,,,
샤브올데이,single_term_fallback,샤브올데이,i5o4aE_FZQs,컴포즈커피 이어 샤브올데이까지.. 필리핀 외식 거인 졸리비가 한국 F&B 잇달아 사들이는 이유 [아스쇼 310화 with 이승아 아웃스탠딩 기자],2026-04-01T23:00:44Z,1509.0,18.0,2.0,https://www.youtube.com/watch?v=i5o4aE_FZQs,youtube,샤브올데이,canonical,1.0,2026-05-26T11:17:04.805326+00:00,1509,18,2,20,아웃스탠딩TV,"💡 3월 정기주주총회,
매년 반복되지만 매번 새로 준비하고 계신가요?

ZUZU는
✅ 50,000+ 주주총회·이사회 진행
✅ 20개+ 안건 지원
✅ 30개+ 문서 템플릿 제공
✅ 사용자 10명 중 8명 이상 만족

ZUZU 법인 운영 서비스는 결의서 작성부터 의사록 정리, 변경등기까지 한 흐름으로 연결해
법인 운영 실무를 체계적으로 관리할 수 있습니다.

2026 정기주총 시즌 전에, 우리 회사의 준비 상태를 먼저 점검해보세요. 
▶️ 정기주총 준비 시작하기 https://zuzu.link/4tQwxKZ

👉 아스쇼 문의 및 광고 help@outstanding.kr
👉 아웃스탠딩 구독 https://outstanding.kr/premium-membership
👉 아웃스탠딩 장기구독권 할인 프로모션
https://outstanding.kr/longmembership20211129
👉아웃스탠딩 전자책 '스타트업 700곳 실적 모아보기' 구매
https://outstanding.kr/campaign/2025epub

--- --- ---
01:26 Q. 졸리비는 어떤 회사인가요?
03:41 Q. 우리가 생각하는 그냥 동남아 햄버거 브랜드 수준은 아닌 거네요?
05:41 Q. 필리핀에서는 맥도날드조차 1위를 못 할 정도로, 졸리비의 위상이 크다고요?
07:21 Q. 졸리비가 ‘필리핀의 자부심’이라고요? 그 정도예요?
08:28 Q. 그런데 이런 회사가 왜 한국브랜드를 사는지, 이게 핵심이잖아요?
09:24 Q. 졸리비의 컴포즈커피 인수 당시 '지분 구조'와 '매각 대금'은 어떻게 구성되었나요?
10:43 Q. 한국에 다른 저가 커피 브랜드도 있는데 왜 컴포즈커피였던 거에요?
12:43 Q. 컴포즈커피를 선택한 두 번째 이유는요?
15:36 Q. 현실적인 매물이라는 건 어떤 의미죠?
16:31 Q. 그 다음이 샤브올데이인데, 이건 조금 다른 카테고리잖아요?
18:00 Q. 그런데 왜 하필 샤브샤브일까요?
18:57 Q. 그럼 샤브올데이 인수 구조는요?
20:29 Q. 샤브올데이를 인수한 배경은요?
22:39 Q. 샤브올데이를 인수한 배경에 재무적인 요인도 있었죠?
26:02 Q. 업계에서는 단순한 투자로 보지 않는다고요?
26:35 Q. 졸리비가 목표로 하는 상장 시점은 언제인가요?
28:12 Q. 업계 전문가들은 '제2의 컴포즈커피' 같은 K-브랜드 매각 사례가 계속될 것으로 보나요?

-- --- ---
Powered by kaivrary STUD10 | 카이브러리 스튜디오 제작
영상 제작 및 유튜브 영상 내 광고 편성 문의
전화: 070-5165-4317
메일: ears@kaivrary.com
#카이브러리 #kaivrary
#영상제작 #영상편집 #영상기획
#유튜브광고 #광고제작","{""kind"": ""youtube#video"", ""etag"": ""wcB8zzIA27yipAaQk3l31ngtdFY"", ""id"": ""i5o4aE_FZQs"", ""snippet"": {""publishedAt"": ""2026-04-01T23:00:44Z"", ""channelId"": ""UCRl4mTjvAUCoSZcb83HQ_sg"", ""title"": ""컴포즈커피 이어 샤브올데이까지.. 필리핀 외식 거인 졸리비가 한국 F&B 잇달아 사들이는 이유 [아스쇼 310화 with 이승아 아웃스탠딩 기자]"", ""description"": ""💡 3월 정기주주총회,\n매년 반복되지만 매번 새로 준비하고 계신가요?\n\nZUZU는\n✅ 50,000+ 주주총회·이사회 진행\n✅ 20개+ 안건 지원\n✅ 30개+ 문서 템플릿 제공\n✅ 사용자 10명 중 8명 이상 만족\n\nZUZU 법인 운영 서비스는 결의서 작성부터 의사록 정리, 변경등기까지 한 흐름으로 연결해\n법인 운영 실무를 체계적으로 관리할 수 있습니다.\n\n2026 정기주총 시즌 전에, 우리 회사의 준비 상태를 먼저 점검해보세요. \n▶️ 정기주총 준비 시작하기 https://zuzu.link/4tQwxKZ\n\n👉 아스쇼 문의 및 광고 help@outstanding.kr\n👉 아웃스탠딩 구독 https://outstanding.kr/premium-membership\n👉 아웃스탠딩 장기구독권 할인 프로모션\nhttps://outstanding.kr/longmembership20211129\n👉아웃스탠딩 전자책 '스타트업 700곳 실적 모아보기' 구매\nhttps://outstanding.kr/campaign/2025epub\n\n--- --- ---\n01:26 Q. 졸리비는 어떤 회사인가요?\n03:41 Q. 우리가 생각하는 그냥 동남아 햄버거 브랜드 수준은 아닌 거네요?\n05:41 Q. 필리핀에서는 맥도날드조차 1위를 못 할 정도로, 졸리비의 위상이 크다고요?\n07:21 Q. 졸리비가 ‘필리핀의 자부심’이라고요? 그 정도예요?\n08:28 Q. 그런데 이런 회사가 왜 한국브랜드를 사는지, 이게 핵심이잖아요?\n09:24 Q. 졸리비의 컴포즈커피 인수 당시 '지분 구조'와 '매각 대금'은 어떻게 구성되었나요?\n10:43 Q. 한국에 다른 저가 커피 브랜드도 있는데 왜 컴포즈커피였던 거에요?\n12:43 Q. 컴포즈커피를 선택한 두 번째 이유는요?\n15:36 Q. 현실적인 매물이라는 건 어떤 의미죠?\n16:31 Q. 그 다음이 샤브올데이인데, 이건 조금 다른 카테고리잖아요?\n18:00 Q. 그런데 왜 하필 샤브샤브일까요?\n18:57 Q. 그럼 샤브올데이 인수 구조는요?\n20:29 Q. 샤브올데이를 인수한 배경은요?\n22:39 Q. 샤브올데이를 인수한 배경에 재무적인 요인도 있었죠?\n26:02 Q. 업계에서는 단순한 투자로 보지 않는다고요?\n26:35 Q. 졸리비가 목표로 하는 상장 시점은 언제인가요?\n28:12 Q. 업계 전문가들은 '제2의 컴포즈커피' 같은 K-브랜드 매각 사례가 계속될 것으로 보나요?\n\n-- --- ---\nPowered by kaivrary STUD10 | 카이브러리 스튜디오 제작\n영상 제작 및 유튜브 영상 내 광고 편성 문의\n전화: 070-5165-4317\n메일: ears@kaivrary.com\n#카이브러리 #kaivrary\n#영상제작 #영상편집 #영상기획\n#유튜브광고 #광고제작"", ""thumbnails"": {""default"": {""url"": ""https://i.ytimg.com/vi/i5o4aE_FZQs/default.jpg"", ""width"": 120, ""height"": 90}, ""medium"": {""url"": ""https://i.ytimg.com/vi/i5o4aE_FZQs/mqdefault.jpg"", ""width"": 320, ""height"": 180}, ""high"": {""url"": ""https://i.ytimg.com/vi/i5o4aE_FZQs/hqdefault.jpg"", ""width"": 480, ""height"": 360}, ""standard"": {""url"": ""https://i.ytimg.com/vi/i5o4aE_FZQs/sddefault.jpg"", ""width"": 640, ""height"": 480}, ""maxres"": {""url"": ""https://i.ytimg.com/vi/i5o4aE_FZQs/maxresdefault.jpg"", ""width"": 1280, ""height"": 720}}, ""channelTitle"": ""아웃스탠딩TV"", ""categoryId"": ""24"", ""liveBroadcastContent"": ""none"", ""defaultLanguage"": ""ko"", ""localized"": {""title"": ""컴포즈커피 이어 샤브올데이까지.. 필리핀 외식 거인 졸리비가 한국 F&B 잇달아 사들이는 이유 [아스쇼 310화 with 이승아 아웃스탠딩 기자]"", ""description"": ""💡 3월 정기주주총회,\n매년 반복되지만 매번 새로 준비하고 계신가요?\n\nZUZU는\n✅ 50,000+ 주주총회·이사회 진행\n✅ 20개+ 안건 지원\n✅ 30개+ 문서 템플릿 제공\n✅ 사용자 10명 중 8명 이상 만족\n\nZUZU 법인 운영 서비스는 결의서 작성부터 의사록 정리, 변경등기까지 한 흐름으로 연결해\n법인 운영 실무를 체계적으로 관리할 수 있습니다.\n\n2026 정기주총 시즌 전에, 우리 회사의 준비 상태를 먼저 점검해보세요. \n▶️ 정기주총 준비 시작하기 https://zuzu.link/4tQwxKZ\n\n👉 아스쇼 문의 및 광고 help@outstanding.kr\n👉 아웃스탠딩 구독 https://outstanding.kr/premium-membership\n👉 아웃스탠딩 장기구독권 할인 프로모션\nhttps://outstanding.kr/longmembership20211129\n👉아웃스탠딩 전자책 '스타트업 700곳 실적 모아보기' 구매\nhttps://outstanding.kr/campaign/2025epub\n\n--- --- ---\n01:26 Q. 졸리비는 어떤 회사인가요?\n03:41 Q. 우리가 생각하는 그냥 동남아 햄버거 브랜드 수준은 아닌 거네요?\n05:41 Q. 필리핀에서는 맥도날드조차 1위를 못 할 정도로, 졸리비의 위상이 크다고요?\n07:21 Q. 졸리비가 ‘필리핀의 자부심’이라고요? 그 정도예요?\n08:28 Q. 그런데 이런 회사가 왜 한국브랜드를 사는지, 이게 핵심이잖아요?\n09:24 Q. 졸리비의 컴포즈커피 인수 당시 '지분 구조'와 '매각 대금'은 어떻게 구성되었나요?\n10:43 Q. 한국에 다른 저가 커피 브랜드도 있는데 왜 컴포즈커피였던 거에요?\n12:43 Q. 컴포즈커피를 선택한 두 번째 이유는요?\n15:36 Q. 현실적인 매물이라는 건 어떤 의미죠?\n16:31 Q. 그 다음이 샤브올데이인데, 이건 조금 다른 카테고리잖아요?\n18:00 Q. 그런데 왜 하필 샤브샤브일까요?\n18:57 Q. 그럼 샤브올데이 인수 구조는요?\n20:29 Q. 샤브올데이를 인수한 배경은요?\n22:39 Q. 샤브올데이를 인수한 배경에 재무적인 요인도 있었죠?\n26:02 Q. 업계에서는 단순한 투자로 보지 않는다고요?\n26:35 Q. 졸리비가 목표로 하는 상장 시점은 언제인가요?\n28:12 Q. 업계 전문가들은 '제2의 컴포즈커피' 같은 K-브랜드 매각 사례가 계속될 것으로 보나요?\n\n-- --- ---\nPowered by kaivrary STUD10 | 카이브러리 스튜디오 제작\n영상 제작 및 유튜브 영상 내 광고 편성 문의\n전화: 070-5165-4317\n메일: ears@kaivrary.com\n#카이브러리 #kaivrary\n#영상제작 #영상편집 #영상기획\n#유튜브광고 #광고제작""}}, ""statistics"": {""viewCount"": ""1509"", ""likeCount"": ""18"", ""favoriteCount"": ""0"", ""commentCount"": ""2""}}",,,,
샤브올데이,single_term_fallback,샤브올데이,4nnx6VTmUuQ,다이어터 치팅데이 추천: 샤브올데이 푸짐하게 먹고왔어요..😊👍🏻 #다이어터식단,2026-04-02T05:45:48Z,3045.0,10.0,0.0,https://www.youtube.com/watch?v=4nnx6VTmUuQ,youtube,샤브올데이,canonical,1.0,2026-05-26T11:17:04.805326+00:00,3045,10,0,10,템포,,"{""kind"": ""youtube#video"", ""etag"": ""N05RWwGZ5W2DU3q5CI_Yyk7IEUM"", ""id"": ""4nnx6VTmUuQ"", ""snippet"": {""publishedAt"": ""2026-04-02T05:45:48Z"", ""channelId"": ""UCwbNUZYz4rsZhQ1iISWrzpQ"", ""title"": ""다이어터 치팅데이 추천: 샤브올데이 푸짐하게 먹고왔어요..😊👍🏻 #다이어터식단"", ""description"": """", ""thumbnails"": {""default"": {""url"": ""https://i.ytimg.com/vi/4nnx6VTmUuQ/default.jpg"", ""width"": 120, ""height"": 90}, ""medium"": {""url"": ""https://i.ytimg.com/vi/4nnx6VTmUuQ/mqdefault.jpg"", ""width"": 320, ""height"": 180}, ""high"": {""url"": ""https://i.ytimg.com/vi/4nnx6VTmUuQ/hqdefault.jpg"", ""width"": 480, ""height"": 360}, ""standard"": {""url"": ""https://i.ytimg.com/vi/4nnx6VTmUuQ/sddefault.jpg"", ""width"": 640, ""height"": 480}, ""maxres"": {""url"": ""https://i.ytimg.com/vi/4nnx6VTmUuQ/maxresdefault.jpg"", ""width"": 1280, ""height"": 720}}, ""channelTitle"": ""템포"", ""categoryId"": ""22"", ""liveBroadcastContent"": ""none"", ""defaultLanguage"": ""ko"", ""localized"": {""title"": ""다이어터 치팅데이 추천: 샤브올데이 푸짐하게 먹고왔어요..😊👍🏻 #다이어터식단"", ""description"": """"}}, ""statistics"": {""viewCount"": ""3045"", ""likeCount"": ""10"", ""favoriteCount"": ""0"", ""commentCount"": ""0""}}",,,,
샤브올데이,single_term_fallback,샤브올데이,Y8Umgfha_FY,치즈파티 시작 된 샤브올데이 근황 #부산맛집투어,2026-04-03T03:00:27Z,2992.0,15.0,1.0,https://www.youtube.com/watch?v=Y8Umgfha_FY,youtube,샤브올데이,canonical,1.0,2026-05-26T11:17:04.805326+00:00,2992,15,1,16,맛푸리 MATPURI,,"{""kind"": ""youtube#video"", ""etag"": ""bs64fyFPojb6iXyYrMjFSZvvAAw"", ""id"": ""Y8Umgfha_FY"", ""snippet"": {""publishedAt"": ""2026-04-03T03:00:27Z"", ""channelId"": ""UCZS2H8Ue-HhG6KHWpXX_L2Q"", ""title"": ""치즈파티 시작 된 샤브올데이 근황 #부산맛집투어"", ""description"": """", ""thumbnails"": {""default"": {""url"": ""https://i.ytimg.com/vi/Y8Umgfha_FY/default.jpg"", ""width"": 120, ""height"": 90}, ""medium"": {""url"": ""https://i.ytimg.com/vi/Y8Umgfha_FY/mqdefault.jpg"", ""width"": 320, ""height"": 180}, ""high"": {""url"": ""https://i.ytimg.com/vi/Y8Umgfha_FY/hqdefault.jpg"", ""width"": 480, ""height"": 360}, ""standard"": {""url"": ""https://i.ytimg.com/vi/Y8Umgfha_FY/sddefault.jpg"", ""width"": 640, ""height"": 480}, ""maxres"": {""url"": ""https://i.ytimg.com/vi/Y8Umgfha_FY/maxresdefault.jpg"", ""width"": 1280, ""height"": 720}}, ""channelTitle"": ""맛푸리 MATPURI"", ""categoryId"": ""22"", ""liveBroadcastContent"": ""none"", ""defaultLanguage"": ""ko"", ""localized"": {""title"": ""치즈파티 시작 된 샤브올데이 근황 #부산맛집투어"", ""description"": """"}, ""defaultAudioLanguage"": ""ko""}, ""statistics"": {""viewCount"": ""2992"", ""likeCount"": ""15"", ""favoriteCount"": ""0"", ""commentCount"": ""1""}}",,,,
샤브올데이,single_term_fallback,샤브올데이,CjNCRMomY-E,2026 최신 샤브올데이/소고기·삼겹살·치킨·맥주 무제한을 가장 여유롭게 즐기는 법/황금요일과 시간대는?/전국 최대규모 452평 매장은 어디?,2026-02-28T12:55:57Z,1429.0,8.0,1.0,https://www.youtube.com/watch?v=CjNCRMomY-E,youtube,샤브올데이,canonical,1.0,2026-05-26T11:17:04.805326+00:00,1429,8,1,9,DODO:J 두두제이  ,"몰랐는데 동네 샤브올데이 매장이 현존 가장 큰 무려452평 규모의 매장이라고 하더라고요
집에서 뒹굴뒹굴하다가 뭐먹을지 고민하기 싫어서
다있는 프렌차이즈 뷔페중에 구성이 괜찮은 샤브올데이를 방문해 봤습니다.
2026년 최신 버전! 호텔식 샤브 뷔페 샤브올데이
가장 여유롭게 즐길 수 있는 '황금 요일과 시간대'를 공개합니다.

*내돈내산*
📍 위치: 일산 샤브올데이 고양터미널점 (백석역 앞)
🚗 주차: 고양터미널 빌딩 내 주차 가능 

#샤브올데이  #샤브샤브무한리필 #맥주무한리필 #일산가볼만한곳 #샤브올데이주말 #2026맛집 #샤브뷔페 #일산맛집

🍀Contact : blingcube@gmail.com
🌷Instagram : https://www.instagram.com/dodothings_official
🎈Threads : https://www.threads.net/@dodothings_
🎁Shop : https://wonderlandme.com/

🎵Music provided by 브금대통령
오늘의 일기 - https://youtu.be/_YdFyzU8ryA

-----------------------------------------------------------------------
Song : danmoo - find me
Video link :    • 밝은 느낌의 브금 | 저작권 무료 브금, 브이로그 브금, chillhop, ...  
-----------------------------------------------------------------------

––––––––––––––––––––––––––––––
Morning Routine by Ghostrifter http://bit.ly/ghostrifter-yt
Creative Commons — Attribution-NoDerivs 3.0 Unported — CC BY-ND 3.0
Free Download: https://hypeddit.com/track/24bkbw
––––––––––––––––––––––––––––––

When I Was A Boy by Tokyo Music Walker
  / user-356546060  
Creative Commons — Attribution 3.0 Unported — CC BY 3.0
Free Download / Stream: https://bit.ly/when-i-was-a-boy
Music promoted by Audio Library    • When I Was A Boy – Tokyo Music Walker (No ...  
𝑴𝒖𝒔𝒊𝒄 𝑷𝒍𝒂𝒚𝒍𝒊𝒔𝒕 :    • [무료브금] 브이로그때 필요한📌 Best Vlog BGM Playlist  ...","{""kind"": ""youtube#video"", ""etag"": ""DREUo4XkFYPEbd1QOTVq23XMfB0"", ""id"": ""CjNCRMomY-E"", ""snippet"": {""publishedAt"": ""2026-02-28T12:55:57Z"", ""channelId"": ""UC7xgVMEn13hfURPnCkUYfNw"", ""title"": ""2026 최신 샤브올데이/소고기·삼겹살·치킨·맥주 무제한을 가장 여유롭게 즐기는 법/황금요일과 시간대는?/전국 최대규모 452평 매장은 어디?"", ""description"": ""몰랐는데 동네 샤브올데이 매장이 현존 가장 큰 무려452평 규모의 매장이라고 하더라고요\n집에서 뒹굴뒹굴하다가 뭐먹을지 고민하기 싫어서\n다있는 프렌차이즈 뷔페중에 구성이 괜찮은 샤브올데이를 방문해 봤습니다.\n2026년 최신 버전! 호텔식 샤브 뷔페 샤브올데이\n가장 여유롭게 즐길 수 있는 '황금 요일과 시간대'를 공개합니다.\n\n*내돈내산*\n📍 위치: 일산 샤브올데이 고양터미널점 (백석역 앞)\n🚗 주차: 고양터미널 빌딩 내 주차 가능 \n\n#샤브올데이  #샤브샤브무한리필 #맥주무한리필 #일산가볼만한곳 #샤브올데이주말 #2026맛집 #샤브뷔페 #일산맛집\n\n🍀Contact : blingcube@gmail.com\n🌷Instagram : https://www.instagram.com/dodothings_official\n🎈Threads : https://www.threads.net/@dodothings_\n🎁Shop : https://wonderlandme.com/\n\n🎵Music provided by 브금대통령\n오늘의 일기 - https://youtu.be/_YdFyzU8ryA\n\n-----------------------------------------------------------------------\nSong : danmoo - find me\nVideo link :    • 밝은 느낌의 브금 | 저작권 무료 브금, 브이로그 브금, chillhop, ...  \n-----------------------------------------------------------------------\n\n––––––––––––––––––––––––––––––\nMorning Routine by Ghostrifter http://bit.ly/ghostrifter-yt\nCreative Commons — Attribution-NoDerivs 3.0 Unported — CC BY-ND 3.0\nFree Download: https://hypeddit.com/track/24bkbw\n––––––––––––––––––––––––––––––\n\nWhen I Was A Boy by Tokyo Music Walker\n  / user-356546060  \nCreative Commons — Attribution 3.0 Unported — CC BY 3.0\nFree Download / Stream: https://bit.ly/when-i-was-a-boy\nMusic promoted by Audio Library    • When I Was A Boy – Tokyo Music Walker (No ...  \n𝑴𝒖𝒔𝒊𝒄 𝑷𝒍𝒂𝒚𝒍𝒊𝒔𝒕 :    • [무료브금] 브이로그때 필요한📌 Best Vlog BGM Playlist  ..."", ""thumbnails"": {""default"": {""url"": ""https://i.ytimg.com/vi/CjNCRMomY-E/default.jpg"", ""width"": 120, ""height"": 90}, ""medium"": {""url"": ""https://i.ytimg.com/vi/CjNCRMomY-E/mqdefault.jpg"", ""width"": 320, ""height"": 180}, ""high"": {""url"": ""https://i.ytimg.com/vi/CjNCRMomY-E/hqdefault.jpg"", ""width"": 480, ""height"": 360}, ""standard"": {""url"": ""https://i.ytimg.com/vi/CjNCRMomY-E/sddefault.jpg"", ""width"": 640, ""height"": 480}, ""maxres"": {""url"": ""https://i.ytimg.com/vi/CjNCRMomY-E/maxresdefault.jpg"", ""width"": 1280, ""height"": 720}}, ""channelTitle"": ""DODO:J 두두제이  "", ""categoryId"": ""19"", ""liveBroadcastContent"": ""none"", ""defaultLanguage"": ""ko"", ""localized"": {""title"": ""2026 최신 샤브올데이/소고기·삼겹살·치킨·맥주 무제한을 가장 여유롭게 즐기는 법/황금요일과 시간대는?/전국 최대규모 452평 매장은 어디?"", ""description"": ""몰랐는데 동네 샤브올데이 매장이 현존 가장 큰 무려452평 규모의 매장이라고 하더라고요\n집에서 뒹굴뒹굴하다가 뭐먹을지 고민하기 싫어서\n다있는 프렌차이즈 뷔페중에 구성이 괜찮은 샤브올데이를 방문해 봤습니다.\n2026년 최신 버전! 호텔식 샤브 뷔페 샤브올데이\n가장 여유롭게 즐길 수 있는 '황금 요일과 시간대'를 공개합니다.\n\n*내돈내산*\n📍 위치: 일산 샤브올데이 고양터미널점 (백석역 앞)\n🚗 주차: 고양터미널 빌딩 내 주차 가능 \n\n#샤브올데이  #샤브샤브무한리필 #맥주무한리필 #일산가볼만한곳 #샤브올데이주말 #2026맛집 #샤브뷔페 #일산맛집\n\n🍀Contact : blingcube@gmail.com\n🌷Instagram : https://www.instagram.com/dodothings_official\n🎈Threads : https://www.threads.net/@dodothings_\n🎁Shop : https://wonderlandme.com/\n\n🎵Music provided by 브금대통령\n오늘의 일기 - https://youtu.be/_YdFyzU8ryA\n\n-----------------------------------------------------------------------\nSong : danmoo - find me\nVideo link :    • 밝은 느낌의 브금 | 저작권 무료 브금, 브이로그 브금, chillhop, ...  \n-----------------------------------------------------------------------\n\n––––––––––––––––––––––––––––––\nMorning Routine by Ghostrifter http://bit.ly/ghostrifter-yt\nCreative Commons — Attribution-NoDerivs 3.0 Unported — CC BY-ND 3.0\nFree Download: https://hypeddit.com/track/24bkbw\n––––––––––––––––––––––––––––––\n\nWhen I Was A Boy by Tokyo Music Walker\n  / user-356546060  \nCreative Commons — Attribution 3.0 Unported — CC BY 3.0\nFree Download / Stream: https://bit.ly/when-i-was-a-boy\nMusic promoted by Audio Library    • When I Was A Boy – Tokyo Music Walker (No ...  \n𝑴𝒖𝒔𝒊𝒄 𝑷𝒍𝒂𝒚𝒍𝒊𝒔𝒕 :    • [무료브금] 브이로그때 필요한📌 Best Vlog BGM Playlist  ...""}, ""defaultAudioLanguage"": ""ko""}, ""statistics"": {""viewCount"": ""1429"", ""likeCount"": ""8"", ""favoriteCount"": ""0"", ""commentCount"": ""1""}}",,,,
샤브올데이,single_term_fallback,샤브올데이,UqSoqml6zMk,요즘 이 조합때문에 줄 서서 먹는다는 ‘샤브올데이’에 다녀왔습니다 #인천맛집 #부평맛집 #샤브맛집  #샤브올데이 #버터칼국수,2026-03-10T21:12:08Z,2308.0,27.0,2.0,https://www.youtube.com/watch?v=UqSoqml6zMk,youtube,샤브올데이,canonical,1.0,2026-05-26T11:17:04.805326+00:00,2308,27,2,29,인천맛집빵수,,"{""kind"": ""youtube#video"", ""etag"": ""Tdi3sHAUBJPKB-YPXg2RzuCI_vQ"", ""id"": ""UqSoqml6zMk"", ""snippet"": {""publishedAt"": ""2026-03-10T21:12:08Z"", ""channelId"": ""UCHj4ThKRH4sLg4HPMMwddjA"", ""title"": ""요즘 이 조합때문에 줄 서서 먹는다는 ‘샤브올데이’에 다녀왔습니다 #인천맛집 #부평맛집 #샤브맛집  #샤브올데이 #버터칼국수"", ""description"": """", ""thumbnails"": {""default"": {""url"": ""https://i.ytimg.com/vi/UqSoqml6zMk/default.jpg"", ""width"": 120, ""height"": 90}, ""medium"": {""url"": ""https://i.ytimg.com/vi/UqSoqml6zMk/mqdefault.jpg"", ""width"": 320, ""height"": 180}, ""high"": {""url"": ""https://i.ytimg.com/vi/UqSoqml6zMk/hqdefault.jpg"", ""width"": 480, ""height"": 360}, ""standard"": {""url"": ""https://i.ytimg.com/vi/UqSoqml6zMk/sddefault.jpg"", ""width"": 640, ""height"": 480}, ""maxres"": {""url"": ""https://i.ytimg.com/vi/UqSoqml6zMk/maxresdefault.jpg"", ""width"": 1280, ""height"": 720}}, ""channelTitle"": ""인천맛집빵수"", ""categoryId"": ""22"", ""liveBroadcastContent"": ""none"", ""defaultLanguage"": ""ko"", ""localized"": {""title"": ""요즘 이 조합때문에 줄 서서 먹는다는 ‘샤브올데이’에 다녀왔습니다 #인천맛집 #부평맛집 #샤브맛집  #샤브올데이 #버터칼국수"", ""description"": """"}, ""defaultAudioLanguage"": ""ko""}, ""statistics"": {""viewCount"": ""2308"", ""likeCount"": ""27"", ""favoriteCount"": ""0"", ""commentCount"": ""2""}}",,,,
샤브올데이,single_term_fallback,샤브올데이,hG_LdHCiG7E,"샤브올데이 1,300억 껌값 매각 I 명륜진사갈비 점주 통곡의 서",2026-03-03T15:41:25Z,1400.0,14.0,1.0,https://www.youtube.com/watch?v=hG_LdHCiG7E,youtube,샤브올데이,canonical,1.0,2026-05-26T11:17:04.805326+00:00,1400,14,1,15,카우보이 경제학,"연 매출 3,900억 신화의 몰락 → 필리핀 자본에 헐값 매각까지 단 2년?

대한민국 외식업계를 뒤흔든 '샤브올데이'의 충격적인 근황을 아십니까? 주말마다 빈자리가 없던 매장, 줄 서서 먹던 그 화려한 성공 신화 뒤에는 오너의 위험한 '돈놀이'와 국책은행의 냉혹한 상환 통보가 숨겨져 있었습니다.

""장사는 잘되는데 왜 내 통장은 비어있을까?""
신촌에서 업종 전환을 위해 5억 원을 대출받은 김 사장님의 통장 잔고는 왜 마이너스를 기록했을까요? 본사는 30%의 수익을 남길 때, 뼈 빠지게 일하는 점주들의 순수익이 10% 미만으로 추락한 결정적 이유를 단독 공개합니다.

도대체 본사 내부에서는 무슨 일이 있었던 걸까요? 2026년 만기 대출금을 지금 당장 상환하라는 산업은행의 최후통첩, 그리고 국내 큰손들이 인수를 거부하며 필리핀 자본에 '반값' 매각될 수밖에 없었던 뒷이야기.

대한민국 프랜차즈 자본주의의 민낯과 여러분의 소중한 퇴직금을 지키기 위해 반드시 알아야 할 5가지 진실을 사십 년 경력의 경제 전문가 박소장이 직접 파헤칩니다. 남의 성공에 올라타기 전, 그 발판이 모래성인지 지금 확인하십시오.


본 영상은 교육용으로 AI 기술을 활용하여 제작되었으며, 
복잡한 경제 정보를 알기 쉽게 재구성했습니다.

본 영상은 투자권유 영상이 아닙니다.
저도 투자하면 마이너스입니다.
그냥 재미로만 봐주세요.","{""kind"": ""youtube#video"", ""etag"": ""gDNEm3I0b9vX6YqgIf-ESzPUvQ4"", ""id"": ""hG_LdHCiG7E"", ""snippet"": {""publishedAt"": ""2026-03-03T15:41:25Z"", ""channelId"": ""UCTRP8lE5QSaCdOtqfunaggg"", ""title"": ""샤브올데이 1,300억 껌값 매각 I 명륜진사갈비 점주 통곡의 서"", ""description"": ""연 매출 3,900억 신화의 몰락 → 필리핀 자본에 헐값 매각까지 단 2년?\n\n대한민국 외식업계를 뒤흔든 '샤브올데이'의 충격적인 근황을 아십니까? 주말마다 빈자리가 없던 매장, 줄 서서 먹던 그 화려한 성공 신화 뒤에는 오너의 위험한 '돈놀이'와 국책은행의 냉혹한 상환 통보가 숨겨져 있었습니다.\n\n\""장사는 잘되는데 왜 내 통장은 비어있을까?\""\n신촌에서 업종 전환을 위해 5억 원을 대출받은 김 사장님의 통장 잔고는 왜 마이너스를 기록했을까요? 본사는 30%의 수익을 남길 때, 뼈 빠지게 일하는 점주들의 순수익이 10% 미만으로 추락한 결정적 이유를 단독 공개합니다.\n\n도대체 본사 내부에서는 무슨 일이 있었던 걸까요? 2026년 만기 대출금을 지금 당장 상환하라는 산업은행의 최후통첩, 그리고 국내 큰손들이 인수를 거부하며 필리핀 자본에 '반값' 매각될 수밖에 없었던 뒷이야기.\n\n대한민국 프랜차즈 자본주의의 민낯과 여러분의 소중한 퇴직금을 지키기 위해 반드시 알아야 할 5가지 진실을 사십 년 경력의 경제 전문가 박소장이 직접 파헤칩니다. 남의 성공에 올라타기 전, 그 발판이 모래성인지 지금 확인하십시오.\n\n\n본 영상은 교육용으로 AI 기술을 활용하여 제작되었으며, \n복잡한 경제 정보를 알기 쉽게 재구성했습니다.\n\n본 영상은 투자권유 영상이 아닙니다.\n저도 투자하면 마이너스입니다.\n그냥 재미로만 봐주세요."", ""thumbnails"": {""default"": {""url"": ""https://i.ytimg.com/vi/hG_LdHCiG7E/default.jpg"", ""width"": 120, ""height"": 90}, ""medium"": {""url"": ""https://i.ytimg.com/vi/hG_LdHCiG7E/mqdefault.jpg"", ""width"": 320, ""height"": 180}, ""high"": {""url"": ""https://i.ytimg.com/vi/hG_LdHCiG7E/hqdefault.jpg"", ""width"": 480, ""height"": 360}, ""standard"": {""url"": ""https://i.ytimg.com/vi/hG_LdHCiG7E/sddefault.jpg"", ""width"": 640, ""height"": 480}, ""maxres"": {""url"": ""https://i.ytimg.com/vi/hG_LdHCiG7E/maxresdefault.jpg"", ""width"": 1280, ""height"": 720}}, ""channelTitle"": ""카우보이 경제학"", ""categoryId"": ""1"", ""liveBroadcastContent"": ""none"", ""defaultLanguage"": ""ko"", ""localized"": {""title"": ""샤브올데이 1,300억 껌값 매각 I 명륜진사갈비 점주 통곡의 서"", ""description"": ""연 매출 3,900억 신화의 몰락 → 필리핀 자본에 헐값 매각까지 단 2년?\n\n대한민국 외식업계를 뒤흔든 '샤브올데이'의 충격적인 근황을 아십니까? 주말마다 빈자리가 없던 매장, 줄 서서 먹던 그 화려한 성공 신화 뒤에는 오너의 위험한 '돈놀이'와 국책은행의 냉혹한 상환 통보가 숨겨져 있었습니다.\n\n\""장사는 잘되는데 왜 내 통장은 비어있을까?\""\n신촌에서 업종 전환을 위해 5억 원을 대출받은 김 사장님의 통장 잔고는 왜 마이너스를 기록했을까요? 본사는 30%의 수익을 남길 때, 뼈 빠지게 일하는 점주들의 순수익이 10% 미만으로 추락한 결정적 이유를 단독 공개합니다.\n\n도대체 본사 내부에서는 무슨 일이 있었던 걸까요? 2026년 만기 대출금을 지금 당장 상환하라는 산업은행의 최후통첩, 그리고 국내 큰손들이 인수를 거부하며 필리핀 자본에 '반값' 매각될 수밖에 없었던 뒷이야기.\n\n대한민국 프랜차즈 자본주의의 민낯과 여러분의 소중한 퇴직금을 지키기 위해 반드시 알아야 할 5가지 진실을 사십 년 경력의 경제 전문가 박소장이 직접 파헤칩니다. 남의 성공에 올라타기 전, 그 발판이 모래성인지 지금 확인하십시오.\n\n\n본 영상은 교육용으로 AI 기술을 활용하여 제작되었으며, \n복잡한 경제 정보를 알기 쉽게 재구성했습니다.\n\n본 영상은 투자권유 영상이 아닙니다.\n저도 투자하면 마이너스입니다.\n그냥 재미로만 봐주세요.""}}, ""statistics"": {""viewCount"": ""1400"", ""likeCount"": ""14"", ""favoriteCount"": ""0"", ""commentCount"": ""1""}}",,,,
샤브올데이,single_term_fallback,샤브올데이,OvthXjOZqnc,"명륜진사갈비의 돌연한 샤브올데이 매각, 1300억 속에 숨겨진 '쩐의 전쟁'",2026-03-01T06:30:12Z,1369.0,43.0,0.0,https://www.youtube.com/watch?v=OvthXjOZqnc,youtube,샤브올데이,canonical,1.0,2026-05-26T11:17:04.805326+00:00,1369,43,0,43,시사경제 언박싱,"""고기 파는 줄 알았더니 사채 파는 곳이었습니까?""
영업이익률 25%, 매출 76배 폭등. 대한민국 외식업계의 '기적'이라 불리던 샤브올데이가 왜 갑자기 1,300억 원이라는 금액에 필리핀 자본으로 넘어갔을까요?

단순한 엑시트(투자금 회수)라고 보기엔 너무나 이상한 징후들.
산업은행의 저리 정책 자금이 어떻게 가맹점주들의 고금리 대출로 둔갑했는지, 그리고 왜 오너 일가는 이 잘나가는 브랜드를 서둘러 팔아치워야만 했는지...

오늘 **[시사경제 언박싱]**에서 그 화려한 무한리필 간판 뒤에 숨겨진 '돈놀이'의 전말을 낱낱이 파헤쳐 봅니다.

#명륜진사갈비 #샤브올데이 #명륜당 #졸리비 #프랜차이즈갑질 #산업은행 #대부업논란 #고금리대출 #외식업계이슈 #시사경제언박싱 #경제분석 #기업매각","{""kind"": ""youtube#video"", ""etag"": ""VDBjB1MjMF_gSRih2wG5sf8Bm1A"", ""id"": ""OvthXjOZqnc"", ""snippet"": {""publishedAt"": ""2026-03-01T06:30:12Z"", ""channelId"": ""UCL8qeVAtWJwgZwyKXxkUjPQ"", ""title"": ""명륜진사갈비의 돌연한 샤브올데이 매각, 1300억 속에 숨겨진 '쩐의 전쟁'"", ""description"": ""\""고기 파는 줄 알았더니 사채 파는 곳이었습니까?\""\n영업이익률 25%, 매출 76배 폭등. 대한민국 외식업계의 '기적'이라 불리던 샤브올데이가 왜 갑자기 1,300억 원이라는 금액에 필리핀 자본으로 넘어갔을까요?\n\n단순한 엑시트(투자금 회수)라고 보기엔 너무나 이상한 징후들.\n산업은행의 저리 정책 자금이 어떻게 가맹점주들의 고금리 대출로 둔갑했는지, 그리고 왜 오너 일가는 이 잘나가는 브랜드를 서둘러 팔아치워야만 했는지...\n\n오늘 **[시사경제 언박싱]**에서 그 화려한 무한리필 간판 뒤에 숨겨진 '돈놀이'의 전말을 낱낱이 파헤쳐 봅니다.\n\n#명륜진사갈비 #샤브올데이 #명륜당 #졸리비 #프랜차이즈갑질 #산업은행 #대부업논란 #고금리대출 #외식업계이슈 #시사경제언박싱 #경제분석 #기업매각"", ""thumbnails"": {""default"": {""url"": ""https://i.ytimg.com/vi/OvthXjOZqnc/default.jpg"", ""width"": 120, ""height"": 90}, ""medium"": {""url"": ""https://i.ytimg.com/vi/OvthXjOZqnc/mqdefault.jpg"", ""width"": 320, ""height"": 180}, ""high"": {""url"": ""https://i.ytimg.com/vi/OvthXjOZqnc/hqdefault.jpg"", ""width"": 480, ""height"": 360}, ""standard"": {""url"": ""https://i.ytimg.com/vi/OvthXjOZqnc/sddefault.jpg"", ""width"": 640, ""height"": 480}, ""maxres"": {""url"": ""https://i.ytimg.com/vi/OvthXjOZqnc/maxresdefault.jpg"", ""width"": 1280, ""height"": 720}}, ""channelTitle"": ""시사경제 언박싱"", ""categoryId"": ""24"", ""liveBroadcastContent"": ""none"", ""defaultLanguage"": ""ko"", ""localized"": {""title"": ""명륜진사갈비의 돌연한 샤브올데이 매각, 1300억 속에 숨겨진 '쩐의 전쟁'"", ""description"": ""\""고기 파는 줄 알았더니 사채 파는 곳이었습니까?\""\n영업이익률 25%, 매출 76배 폭등. 대한민국 외식업계의 '기적'이라 불리던 샤브올데이가 왜 갑자기 1,300억 원이라는 금액에 필리핀 자본으로 넘어갔을까요?\n\n단순한 엑시트(투자금 회수)라고 보기엔 너무나 이상한 징후들.\n산업은행의 저리 정책 자금이 어떻게 가맹점주들의 고금리 대출로 둔갑했는지, 그리고 왜 오너 일가는 이 잘나가는 브랜드를 서둘러 팔아치워야만 했는지...\n\n오늘 **[시사경제 언박싱]**에서 그 화려한 무한리필 간판 뒤에 숨겨진 '돈놀이'의 전말을 낱낱이 파헤쳐 봅니다.\n\n#명륜진사갈비 #샤브올데이 #명륜당 #졸리비 #프랜차이즈갑질 #산업은행 #대부업논란 #고금리대출 #외식업계이슈 #시사경제언박싱 #경제분석 #기업매각""}, ""defaultAudioLanguage"": ""ko""}, ""statistics"": {""viewCount"": ""1369"", ""likeCount"": ""43"", ""favoriteCount"": ""0"", ""commentCount"": ""0""}}",,,,
샤브올데이,single_term_fallback,샤브올데이,qic3OCyj1gA,이제 7천원도 주는 무제한 샤브집,2026-04-30T11:06:32Z,3340.0,17.0,1.0,https://www.youtube.com/watch?v=qic3OCyj1gA,youtube,샤브올데이,canonical,1.0,2026-05-26T11:17:04.805326+00:00,3340,17,1,18,푸글,"공유필수)샤브올데이에서 이제 7천원까지 줌!

여러분, 대박소식!

샤브올데이에서 가정의달을 맞이해 5월 한달간 49,800원 이상 Npay로 결제시 네이버페이 포인트 7,000원을 적립해준다고 합니다!

소고기무제한,60여가지 음식의 샐러드바까지 무제한인데 네이버페이 포인트까지 준다니 대박..

5월 외식은 샤브올데이로 ㄱㄱ

#샤브올데이 #네이버페이 #가정의달 #할인","{""kind"": ""youtube#video"", ""etag"": ""La_irZ_UMNYubezdqIPoG6zpJQo"", ""id"": ""qic3OCyj1gA"", ""snippet"": {""publishedAt"": ""2026-04-30T11:06:32Z"", ""channelId"": ""UCZyeNPo2RXSyB62X-YwdoWQ"", ""title"": ""이제 7천원도 주는 무제한 샤브집"", ""description"": ""공유필수)샤브올데이에서 이제 7천원까지 줌!\n\n여러분, 대박소식!\n\n샤브올데이에서 가정의달을 맞이해 5월 한달간 49,800원 이상 Npay로 결제시 네이버페이 포인트 7,000원을 적립해준다고 합니다!\n\n소고기무제한,60여가지 음식의 샐러드바까지 무제한인데 네이버페이 포인트까지 준다니 대박..\n\n5월 외식은 샤브올데이로 ㄱㄱ\n\n#샤브올데이 #네이버페이 #가정의달 #할인"", ""thumbnails"": {""default"": {""url"": ""https://i.ytimg.com/vi/qic3OCyj1gA/default.jpg"", ""width"": 120, ""height"": 90}, ""medium"": {""url"": ""https://i.ytimg.com/vi/qic3OCyj1gA/mqdefault.jpg"", ""width"": 320, ""height"": 180}, ""high"": {""url"": ""https://i.ytimg.com/vi/qic3OCyj1gA/hqdefault.jpg"", ""width"": 480, ""height"": 360}, ""standard"": {""url"": ""https://i.ytimg.com/vi/qic3OCyj1gA/sddefault.jpg"", ""width"": 640, ""height"": 480}, ""maxres"": {""url"": ""https://i.ytimg.com/vi/qic3OCyj1gA/maxresdefault.jpg"", ""width"": 1280, ""height"": 720}}, ""channelTitle"": ""푸글"", ""tags"": [""샤브올데이"", ""맛집"", ""맛집추천"", ""샤브샤브"", ""샤브샤브맛집"", ""네이버페이"", ""샤브샤브맛집 추천"", ""무제한뷔페"", ""무한리필"", ""무한리필맛집""], ""categoryId"": ""19"", ""liveBroadcastContent"": ""none"", ""defaultLanguage"": ""ko"", ""localized"": {""title"": ""이제 7천원도 주는 무제한 샤브집"", ""description"": ""공유필수)샤브올데이에서 이제 7천원까지 줌!\n\n여러분, 대박소식!\n\n샤브올데이에서 가정의달을 맞이해 5월 한달간 49,800원 이상 Npay로 결제시 네이버페이 포인트 7,000원을 적립해준다고 합니다!\n\n소고기무제한,60여가지 음식의 샐러드바까지 무제한인데 네이버페이 포인트까지 준다니 대박..\n\n5월 외식은 샤브올데이로 ㄱㄱ\n\n#샤브올데이 #네이버페이 #가정의달 #할인""}, ""defaultAudioLanguage"": ""ko""}, ""statistics"": {""viewCount"": ""3340"", ""likeCount"": ""17"", ""favoriteCount"": ""0"", ""commentCount"": ""1""}}",,,,
샤브올데이,single_term_fallback,샤브올데이,wL8em_0Dcv8,봄맞이 샤브올데이 먹는 꿀팁 3가지🍯 #샤브올데이 #샤브샤브 #자이언트월남쌈 #샤브올데이인천논현점 #월남쌈,2026-03-24T11:38:59Z,6926.0,7.0,0.0,https://www.youtube.com/watch?v=wL8em_0Dcv8,youtube,샤브올데이,canonical,1.0,2026-05-26T11:17:04.805326+00:00,6926,7,0,7,맛집토깽,,"{""kind"": ""youtube#video"", ""etag"": ""E9Ho_e4UjIt7Ig5GLRmbWNTzNj0"", ""id"": ""wL8em_0Dcv8"", ""snippet"": {""publishedAt"": ""2026-03-24T11:38:59Z"", ""channelId"": ""UCx2I2GnMSSiPaf8vVuolnVA"", ""title"": ""봄맞이 샤브올데이 먹는 꿀팁 3가지🍯 #샤브올데이 #샤브샤브 #자이언트월남쌈 #샤브올데이인천논현점 #월남쌈"", ""description"": """", ""thumbnails"": {""default"": {""url"": ""https://i.ytimg.com/vi/wL8em_0Dcv8/default.jpg"", ""width"": 120, ""height"": 90}, ""medium"": {""url"": ""https://i.ytimg.com/vi/wL8em_0Dcv8/mqdefault.jpg"", ""width"": 320, ""height"": 180}, ""high"": {""url"": ""https://i.ytimg.com/vi/wL8em_0Dcv8/hqdefault.jpg"", ""width"": 480, ""height"": 360}, ""standard"": {""url"": ""https://i.ytimg.com/vi/wL8em_0Dcv8/sddefault.jpg"", ""width"": 640, ""height"": 480}, ""maxres"": {""url"": ""https://i.ytimg.com/vi/wL8em_0Dcv8/maxresdefault.jpg"", ""width"": 1280, ""height"": 720}}, ""channelTitle"": ""맛집토깽"", ""categoryId"": ""22"", ""liveBroadcastContent"": ""none"", ""defaultLanguage"": ""ko"", ""localized"": {""title"": ""봄맞이 샤브올데이 먹는 꿀팁 3가지🍯 #샤브올데이 #샤브샤브 #자이언트월남쌈 #샤브올데이인천논현점 #월남쌈"", ""description"": """"}}, ""statistics"": {""viewCount"": ""6926"", ""likeCount"": ""7"", ""favoriteCount"": ""0"", ""commentCount"": ""0""}}",,,,
샤브올데이,single_term_fallback,샤브올데이,WAxoX_P66rY,이거 모르고 가면 손해임 #샤브올데이,2026-03-27T08:14:38Z,2684.0,13.0,0.0,https://www.youtube.com/watch?v=WAxoX_P66rY,youtube,샤브올데이,canonical,1.0,2026-05-26T11:17:04.805326+00:00,2684,13,0,13,🐰먹토끼🐰,"모르고 가면 손해라는 샵올꿀팁레시피🤤🌟

요즘 mz들은 샤브올데이 가면 
이거 만들어 먹는거 아세요?!🍜🔥

✔️ 마라땅콩도삭면 만드는 법마라육수 + 도삭면 푹 익히고땅콩소스 + 마라장 + 고추기름 넣으면 끝ㅠ
쫄깃한 면이 소스 싹 먹어서마라탕보다 더 중독성 있어요🥹

🥩 무제한 소고기 3종 계속 먹으면서🥗 샐러드바 (중식/양식/분식) 싹 털고
🍚 봄동 비빔밥 보다 맛있는
샵올ver. 미나리 비빔밥으로 든든하게 채워주고
🍧 애플망고빙수로 마무리!

이 코스 모르고 가면 ㄹㅇ 손해니까
당장 저장하세요!!

✔️ 지점별로 구성 메뉴가 차이가 있을 수 있습니다.

📍 샤브올데이 광주수완점

#광고 #샤브올데이 #샤브샤브 #마라땅콩도삭면","{""kind"": ""youtube#video"", ""etag"": ""3KHEHDPq5I8FNl7jeSbl3fFSLfI"", ""id"": ""WAxoX_P66rY"", ""snippet"": {""publishedAt"": ""2026-03-27T08:14:38Z"", ""channelId"": ""UC2DhRN3UPyqBKVv3BzM0m5g"", ""title"": ""이거 모르고 가면 손해임 #샤브올데이"", ""description"": ""모르고 가면 손해라는 샵올꿀팁레시피🤤🌟\n\n요즘 mz들은 샤브올데이 가면 \n이거 만들어 먹는거 아세요?!🍜🔥\n\n✔️ 마라땅콩도삭면 만드는 법마라육수 + 도삭면 푹 익히고땅콩소스 + 마라장 + 고추기름 넣으면 끝ㅠ\n쫄깃한 면이 소스 싹 먹어서마라탕보다 더 중독성 있어요🥹\n\n🥩 무제한 소고기 3종 계속 먹으면서🥗 샐러드바 (중식/양식/분식) 싹 털고\n🍚 봄동 비빔밥 보다 맛있는\n샵올ver. 미나리 비빔밥으로 든든하게 채워주고\n🍧 애플망고빙수로 마무리!\n\n이 코스 모르고 가면 ㄹㅇ 손해니까\n당장 저장하세요!!\n\n✔️ 지점별로 구성 메뉴가 차이가 있을 수 있습니다.\n\n📍 샤브올데이 광주수완점\n\n#광고 #샤브올데이 #샤브샤브 #마라땅콩도삭면"", ""thumbnails"": {""default"": {""url"": ""https://i.ytimg.com/vi/WAxoX_P66rY/default.jpg"", ""width"": 120, ""height"": 90}, ""medium"": {""url"": ""https://i.ytimg.com/vi/WAxoX_P66rY/mqdefault.jpg"", ""width"": 320, ""height"": 180}, ""high"": {""url"": ""https://i.ytimg.com/vi/WAxoX_P66rY/hqdefault.jpg"", ""width"": 480, ""height"": 360}, ""standard"": {""url"": ""https://i.ytimg.com/vi/WAxoX_P66rY/sddefault.jpg"", ""width"": 640, ""height"": 480}, ""maxres"": {""url"": ""https://i.ytimg.com/vi/WAxoX_P66rY/maxresdefault.jpg"", ""width"": 1280, ""height"": 720}}, ""channelTitle"": ""🐰먹토끼🐰"", ""categoryId"": ""22"", ""liveBroadcastContent"": ""none"", ""defaultLanguage"": ""ko"", ""localized"": {""title"": ""이거 모르고 가면 손해임 #샤브올데이"", ""description"": ""모르고 가면 손해라는 샵올꿀팁레시피🤤🌟\n\n요즘 mz들은 샤브올데이 가면 \n이거 만들어 먹는거 아세요?!🍜🔥\n\n✔️ 마라땅콩도삭면 만드는 법마라육수 + 도삭면 푹 익히고땅콩소스 + 마라장 + 고추기름 넣으면 끝ㅠ\n쫄깃한 면이 소스 싹 먹어서마라탕보다 더 중독성 있어요🥹\n\n🥩 무제한 소고기 3종 계속 먹으면서🥗 샐러드바 (중식/양식/분식) 싹 털고\n🍚 봄동 비빔밥 보다 맛있는\n샵올ver. 미나리 비빔밥으로 든든하게 채워주고\n🍧 애플망고빙수로 마무리!\n\n이 코스 모르고 가면 ㄹㅇ 손해니까\n당장 저장하세요!!\n\n✔️ 지점별로 구성 메뉴가 차이가 있을 수 있습니다.\n\n📍 샤브올데이 광주수완점\n\n#광고 #샤브올데이 #샤브샤브 #마라땅콩도삭면""}, ""defaultAudioLanguage"": ""ko""}, ""statistics"": {""viewCount"": ""2684"", ""likeCount"": ""13"", ""favoriteCount"": ""0"", ""commentCount"": ""0""}}",,,,
샤브올데이,single_term_fallback,샤브올데이,bhK_4i9BM8I,"800억 불법 대부업 명륜당의 소름 돋는 행보, 샤브올데이 1300억 '헐값 매각'의 숨겨진 내막",2026-03-02T09:00:46Z,1260.0,9.0,3.0,https://www.youtube.com/watch?v=bhK_4i9BM8I,youtube,샤브올데이,canonical,1.0,2026-05-26T11:17:04.805326+00:00,1260,9,3,12,황금알 경제학,"가맹점주에게 연 17% 고금리 이자 폭탄을 던지던 본사.
정작 가장 잘나가는 알짜 브랜드 '샤브올데이'는 1,300억에 필리핀으로 팔아치웠다?

🔥 영상 핵심 포인트

- 국책은행 자금의 배신: 싼 이자로 돈 빌려 점주들 피 빨아먹은 '명륜당'의 충격 실체

- 사모펀드도 도망친 폭탄: 도덕성 논란에 국내 투자자들은 전부 발 뺀 기막힌 내막

- 필리핀 자본의 줍줍: 텅 빈 판에 들어와 헐값에 매장을 삼킨 '졸리비'의 소름 돋는 빅픽처

결국 죽어나는 건 빚더미에 앉은 자영업자들뿐일까요? 우리가 몰랐던 대한민국 프랜차이즈 자본시장의 추악한 민낯과 그 이면을 낱낱이 파헤칩니다.

#명륜진사갈비 #샤브올데이 #졸리비 #프랜차이즈 #자영업자 #자본시장 #M&A

Music provided by 브금대통령
Track : 내가 그랬어 - https://youtu.be/QKBh2YehfGM","{""kind"": ""youtube#video"", ""etag"": ""Ea5azT9UqGE1V9oKUcGvS34_Wq4"", ""id"": ""bhK_4i9BM8I"", ""snippet"": {""publishedAt"": ""2026-03-02T09:00:46Z"", ""channelId"": ""UCRO430EllrCL7UB_2tmfi8g"", ""title"": ""800억 불법 대부업 명륜당의 소름 돋는 행보, 샤브올데이 1300억 '헐값 매각'의 숨겨진 내막"", ""description"": ""가맹점주에게 연 17% 고금리 이자 폭탄을 던지던 본사.\n정작 가장 잘나가는 알짜 브랜드 '샤브올데이'는 1,300억에 필리핀으로 팔아치웠다?\n\n🔥 영상 핵심 포인트\n\n- 국책은행 자금의 배신: 싼 이자로 돈 빌려 점주들 피 빨아먹은 '명륜당'의 충격 실체\n\n- 사모펀드도 도망친 폭탄: 도덕성 논란에 국내 투자자들은 전부 발 뺀 기막힌 내막\n\n- 필리핀 자본의 줍줍: 텅 빈 판에 들어와 헐값에 매장을 삼킨 '졸리비'의 소름 돋는 빅픽처\n\n결국 죽어나는 건 빚더미에 앉은 자영업자들뿐일까요? 우리가 몰랐던 대한민국 프랜차이즈 자본시장의 추악한 민낯과 그 이면을 낱낱이 파헤칩니다.\n\n#명륜진사갈비 #샤브올데이 #졸리비 #프랜차이즈 #자영업자 #자본시장 #M&A\n\nMusic provided by 브금대통령\nTrack : 내가 그랬어 - https://youtu.be/QKBh2YehfGM"", ""thumbnails"": {""default"": {""url"": ""https://i.ytimg.com/vi/bhK_4i9BM8I/default.jpg"", ""width"": 120, ""height"": 90}, ""medium"": {""url"": ""https://i.ytimg.com/vi/bhK_4i9BM8I/mqdefault.jpg"", ""width"": 320, ""height"": 180}, ""high"": {""url"": ""https://i.ytimg.com/vi/bhK_4i9BM8I/hqdefault.jpg"", ""width"": 480, ""height"": 360}, ""standard"": {""url"": ""https://i.ytimg.com/vi/bhK_4i9BM8I/sddefault.jpg"", ""width"": 640, ""height"": 480}, ""maxres"": {""url"": ""https://i.ytimg.com/vi/bhK_4i9BM8I/maxresdefault.jpg"", ""width"": 1280, ""height"": 720}}, ""channelTitle"": ""황금알 경제학"", ""tags"": [""샤브올데이"", ""샤브올데이매각"", ""명륜진사갈비"", ""명륜당"", ""졸리비"", ""필리핀 졸리비"", ""명륜당 불법대부업"", ""명륜진사갈비 대부업"", ""프랜차이즈 매각"", ""사모펀드 매각"", ""샤브올데이 대부업"", ""샤브올데이 창업"", ""프랜차이즈 정보"", ""정보분석"", ""이슈분석"", ""창업정보"", ""불법대출"", ""정보의 신"", ""정보의신""], ""categoryId"": ""25"", ""liveBroadcastContent"": ""none"", ""defaultLanguage"": ""ko"", ""localized"": {""title"": ""800억 불법 대부업 명륜당의 소름 돋는 행보, 샤브올데이 1300억 '헐값 매각'의 숨겨진 내막"", ""description"": ""가맹점주에게 연 17% 고금리 이자 폭탄을 던지던 본사.\n정작 가장 잘나가는 알짜 브랜드 '샤브올데이'는 1,300억에 필리핀으로 팔아치웠다?\n\n🔥 영상 핵심 포인트\n\n- 국책은행 자금의 배신: 싼 이자로 돈 빌려 점주들 피 빨아먹은 '명륜당'의 충격 실체\n\n- 사모펀드도 도망친 폭탄: 도덕성 논란에 국내 투자자들은 전부 발 뺀 기막힌 내막\n\n- 필리핀 자본의 줍줍: 텅 빈 판에 들어와 헐값에 매장을 삼킨 '졸리비'의 소름 돋는 빅픽처\n\n결국 죽어나는 건 빚더미에 앉은 자영업자들뿐일까요? 우리가 몰랐던 대한민국 프랜차이즈 자본시장의 추악한 민낯과 그 이면을 낱낱이 파헤칩니다.\n\n#명륜진사갈비 #샤브올데이 #졸리비 #프랜차이즈 #자영업자 #자본시장 #M&A\n\nMusic provided by 브금대통령\nTrack : 내가 그랬어 - https://youtu.be/QKBh2YehfGM""}}, ""statistics"": {""viewCount"": ""1260"", ""likeCount"": ""9"", ""favoriteCount"": ""0"", ""commentCount"": ""3""}}",,,,
샤브올데이,single_term_fallback,샤브올데이,yhIZ5NciW5I,코리안 버터떡(!) 나온 샤브올데이 근황..?,2026-04-10T09:16:26Z,2925.0,23.0,1.0,https://www.youtube.com/watch?v=yhIZ5NciW5I,youtube,샤브올데이,canonical,1.0,2026-05-26T11:17:04.805326+00:00,2925,23,1,24,세모간 | 세상의 모든 간식,,"{""kind"": ""youtube#video"", ""etag"": ""6QNj8GgRNwPFjS0c2VIcGHJ_yNc"", ""id"": ""yhIZ5NciW5I"", ""snippet"": {""publishedAt"": ""2026-04-10T09:16:26Z"", ""channelId"": ""UCDGDlyF_FsKzmgm6KctFLQQ"", ""title"": ""코리안 버터떡(!) 나온 샤브올데이 근황..?"", ""description"": """", ""thumbnails"": {""default"": {""url"": ""https://i.ytimg.com/vi/yhIZ5NciW5I/default.jpg"", ""width"": 120, ""height"": 90}, ""medium"": {""url"": ""https://i.ytimg.com/vi/yhIZ5NciW5I/mqdefault.jpg"", ""width"": 320, ""height"": 180}, ""high"": {""url"": ""https://i.ytimg.com/vi/yhIZ5NciW5I/hqdefault.jpg"", ""width"": 480, ""height"": 360}, ""standard"": {""url"": ""https://i.ytimg.com/vi/yhIZ5NciW5I/sddefault.jpg"", ""width"": 640, ""height"": 480}, ""maxres"": {""url"": ""https://i.ytimg.com/vi/yhIZ5NciW5I/maxresdefault.jpg"", ""width"": 1280, ""height"": 720}}, ""channelTitle"": ""세모간 | 세상의 모든 간식"", ""categoryId"": ""22"", ""liveBroadcastContent"": ""none"", ""defaultLanguage"": ""ko"", ""localized"": {""title"": ""코리안 버터떡(!) 나온 샤브올데이 근황..?"", ""description"": """"}, ""defaultAudioLanguage"": ""ko""}, ""statistics"": {""viewCount"": ""2925"", ""likeCount"": ""23"", ""favoriteCount"": ""0"", ""commentCount"": ""1""}}",,,,
샤브올데이,single_term_fallback,샤브올데이,9rolVjC3GPg,다먹어도 살빠지는 배추쌈과 샤브샤브 무제한! #샤브올데이동패점,2026-04-18T09:21:31Z,2057.0,9.0,1.0,https://www.youtube.com/watch?v=9rolVjC3GPg,youtube,샤브올데이,canonical,1.0,2026-05-26T11:17:04.805326+00:00,2057,9,1,10,일산밥풀,,"{""kind"": ""youtube#video"", ""etag"": ""wlfN9dhC2U4RDPADC4aUPtmhs60"", ""id"": ""9rolVjC3GPg"", ""snippet"": {""publishedAt"": ""2026-04-18T09:21:31Z"", ""channelId"": ""UCTuih5ZUcjWt90rjZYtslAA"", ""title"": ""다먹어도 살빠지는 배추쌈과 샤브샤브 무제한! #샤브올데이동패점"", ""description"": """", ""thumbnails"": {""default"": {""url"": ""https://i.ytimg.com/vi/9rolVjC3GPg/default.jpg"", ""width"": 120, ""height"": 90}, ""medium"": {""url"": ""https://i.ytimg.com/vi/9rolVjC3GPg/mqdefault.jpg"", ""width"": 320, ""height"": 180}, ""high"": {""url"": ""https://i.ytimg.com/vi/9rolVjC3GPg/hqdefault.jpg"", ""width"": 480, ""height"": 360}, ""standard"": {""url"": ""https://i.ytimg.com/vi/9rolVjC3GPg/sddefault.jpg"", ""width"": 640, ""height"": 480}, ""maxres"": {""url"": ""https://i.ytimg.com/vi/9rolVjC3GPg/maxresdefault.jpg"", ""width"": 1280, ""height"": 720}}, ""channelTitle"": ""일산밥풀"", ""categoryId"": ""22"", ""liveBroadcastContent"": ""none"", ""defaultLanguage"": ""ko"", ""localized"": {""title"": ""다먹어도 살빠지는 배추쌈과 샤브샤브 무제한! #샤브올데이동패점"", ""description"": """"}, ""defaultAudioLanguage"": ""ko""}, ""statistics"": {""viewCount"": ""2057"", ""likeCount"": ""9"", ""favoriteCount"": ""0"", ""commentCount"": ""1""}}",,,,
샤브올데이,single_term_fallback,샤브올데이,QS6hYnvJjf8,샤브올데이에서 먹을수 있는 아이스모찌 아시나요!라이스페퍼 위에 아이스크림 올리고취향에 맞게 과일부터 초코 등 넣어 감싸주면 되는데시원하고 쫀득쫀득 진짜 맛있는데요?ㅠㅠㅠ♥️,2026-03-01T18:57:38Z,2103.0,8.0,1.0,https://www.youtube.com/watch?v=QS6hYnvJjf8,youtube,샤브올데이,canonical,1.0,2026-05-26T11:17:04.805326+00:00,2103,8,1,9,matport_,"샤브올데이에서 먹을수 있는 아이스모찌 아시나요!
라이스페퍼 위에 아이스크림 올리고
취향에 맞게 과일부터 초코 등 넣어 감싸주면 되는데
시원하고 쫀득쫀득 진짜 맛있는데요?ㅠㅠㅠ♥️

여기는 약 60여가지 요리에 소고기까지
무제한으로 먹을 수 있는 호텔식 샤브뷔페인데
생맥주까지 있어서 정말 대박이에요!
안가면 나만 손해니 꼭 방문해보세요😉","{""kind"": ""youtube#video"", ""etag"": ""kbhcaKhxbkpQ87355ZvEoi3lrUo"", ""id"": ""QS6hYnvJjf8"", ""snippet"": {""publishedAt"": ""2026-03-01T18:57:38Z"", ""channelId"": ""UClIXv8q8u1U2BVDTYyZjS4w"", ""title"": ""샤브올데이에서 먹을수 있는 아이스모찌 아시나요!라이스페퍼 위에 아이스크림 올리고취향에 맞게 과일부터 초코 등 넣어 감싸주면 되는데시원하고 쫀득쫀득 진짜 맛있는데요?ㅠㅠㅠ♥️"", ""description"": ""샤브올데이에서 먹을수 있는 아이스모찌 아시나요!\n라이스페퍼 위에 아이스크림 올리고\n취향에 맞게 과일부터 초코 등 넣어 감싸주면 되는데\n시원하고 쫀득쫀득 진짜 맛있는데요?ㅠㅠㅠ♥️\n\n여기는 약 60여가지 요리에 소고기까지\n무제한으로 먹을 수 있는 호텔식 샤브뷔페인데\n생맥주까지 있어서 정말 대박이에요!\n안가면 나만 손해니 꼭 방문해보세요😉"", ""thumbnails"": {""default"": {""url"": ""https://i.ytimg.com/vi/QS6hYnvJjf8/default.jpg"", ""width"": 120, ""height"": 90}, ""medium"": {""url"": ""https://i.ytimg.com/vi/QS6hYnvJjf8/mqdefault.jpg"", ""width"": 320, ""height"": 180}, ""high"": {""url"": ""https://i.ytimg.com/vi/QS6hYnvJjf8/hqdefault.jpg"", ""width"": 480, ""height"": 360}, ""standard"": {""url"": ""https://i.ytimg.com/vi/QS6hYnvJjf8/sddefault.jpg"", ""width"": 640, ""height"": 480}, ""maxres"": {""url"": ""https://i.ytimg.com/vi/QS6hYnvJjf8/maxresdefault.jpg"", ""width"": 1280, ""height"": 720}}, ""channelTitle"": ""matport_"", ""categoryId"": ""22"", ""liveBroadcastContent"": ""none"", ""defaultLanguage"": ""ko"", ""localized"": {""title"": ""샤브올데이에서 먹을수 있는 아이스모찌 아시나요!라이스페퍼 위에 아이스크림 올리고취향에 맞게 과일부터 초코 등 넣어 감싸주면 되는데시원하고 쫀득쫀득 진짜 맛있는데요?ㅠㅠㅠ♥️"", ""description"": ""샤브올데이에서 먹을수 있는 아이스모찌 아시나요!\n라이스페퍼 위에 아이스크림 올리고\n취향에 맞게 과일부터 초코 등 넣어 감싸주면 되는데\n시원하고 쫀득쫀득 진짜 맛있는데요?ㅠㅠㅠ♥️\n\n여기는 약 60여가지 요리에 소고기까지\n무제한으로 먹을 수 있는 호텔식 샤브뷔페인데\n생맥주까지 있어서 정말 대박이에요!\n안가면 나만 손해니 꼭 방문해보세요😉""}, ""defaultAudioLanguage"": ""ko""}, ""statistics"": {""viewCount"": ""2103"", ""likeCount"": ""8"", ""favoriteCount"": ""0"", ""commentCount"": ""1""}}",,,,
샤브올데이,single_term_fallback,샤브올데이,xtx4g-mbB44,버터떡만큼 쫀득한 샤브올데이 신메뉴,2026-04-02T10:44:08Z,2568.0,23.0,1.0,https://www.youtube.com/watch?v=xtx4g-mbB44,youtube,샤브올데이,canonical,1.0,2026-05-26T11:17:04.805326+00:00,2568,23,1,24,먹비,"봄맞이 샤브올데이 신메뉴 근황

#shorts #샤브올데이","{""kind"": ""youtube#video"", ""etag"": ""ojAxPi9xnKbU4bvJZBOJhX4JwW0"", ""id"": ""xtx4g-mbB44"", ""snippet"": {""publishedAt"": ""2026-04-02T10:44:08Z"", ""channelId"": ""UCmPNDpBC3RdztjQ7UJ9zg2A"", ""title"": ""버터떡만큼 쫀득한 샤브올데이 신메뉴"", ""description"": ""봄맞이 샤브올데이 신메뉴 근황\n\n#shorts #샤브올데이"", ""thumbnails"": {""default"": {""url"": ""https://i.ytimg.com/vi/xtx4g-mbB44/default.jpg"", ""width"": 120, ""height"": 90}, ""medium"": {""url"": ""https://i.ytimg.com/vi/xtx4g-mbB44/mqdefault.jpg"", ""width"": 320, ""height"": 180}, ""high"": {""url"": ""https://i.ytimg.com/vi/xtx4g-mbB44/hqdefault.jpg"", ""width"": 480, ""height"": 360}, ""standard"": {""url"": ""https://i.ytimg.com/vi/xtx4g-mbB44/sddefault.jpg"", ""width"": 640, ""height"": 480}, ""maxres"": {""url"": ""https://i.ytimg.com/vi/xtx4g-mbB44/maxresdefault.jpg"", ""width"": 1280, ""height"": 720}}, ""channelTitle"": ""먹비"", ""categoryId"": ""22"", ""liveBroadcastContent"": ""none"", ""defaultLanguage"": ""ko"", ""localized"": {""title"": ""버터떡만큼 쫀득한 샤브올데이 신메뉴"", ""description"": ""봄맞이 샤브올데이 신메뉴 근황\n\n#shorts #샤브올데이""}}, ""statistics"": {""viewCount"": ""2568"", ""likeCount"": ""23"", ""favoriteCount"": ""0"", ""commentCount"": ""1""}}",,,,
샤브올데이,single_term_fallback,샤브올데이,iOKPCn9vDq4,샤브올데이 졸리비 헐값 매각 사태 총정리: 산업은행 650억 회수와 불법 대출의 나비효과,2026-02-27T08:01:00Z,1161.0,8.0,2.0,https://www.youtube.com/watch?v=iOKPCn9vDq4,youtube,샤브올데이,canonical,1.0,2026-05-26T11:17:04.805326+00:00,1161,8,2,10,가슴뛰는 경제학,"#샤브올데이매각 #명륜진사갈비 #프랜차이즈창업

📢 [시청 전 꼭 읽어주세요!]

여러분의 현명한 판단을 돕기 위해 통계청 데이터와 각종 언론 자료를 
바탕으로 꼼꼼히 분석했습니다.
하지만 본 영상은 어디까지나 제작자의 '개인적인 견해'일 뿐, 전문적인 
투자 자문이나 종목 추천이 아닙니다.

⚠️ 유의사항
1. 시장 상황은 언제든 변할 수 있으므로, 본 영상의 내용은 참고용으로만 
활용해 주시기 바랍니다.
2. 투자의 책임은 전적으로 투자자 본인에게 있으며, 제작자는 이에 대한 
법적 책임을 지지 않음을 알려드립니다.

여러분의 성공적인 경제 생활을 진심으로 응원합니다! 🚀


연매출 3,900억, 영업이익률 30%를 찍던 알짜 프랜차이즈 '샤브올데이'가 필리핀 자본에 단돈 1,300억에 넘어갔습니다. 그 이면에는 가맹점주를 상대로 한 오너의 '불법 돈놀이'와 국책은행의 피 말리는 자금 회수 작전이 숨어있었습니다.

겉으로는 화려한 글로벌 진출로 포장되었지만, 실상은 650억 대출 만기를 막지 못해 황금거위를 헐값에 넘겨야만 했던 명륜당 본사의 처참한 몰락기. 그리고 수천억을 굴리는 국내 사모펀드들이 이 매물을 거들떠보지도 않은 '국민연금'의 나비효과까지.

오늘은 예비 창업자라면 무조건 알아야 할 프랜차이즈 본사 마진 30%의 소름 돋는 착취 구조와, 웬만한 금융맨도 모르는 여의도 자본 시장의 피 튀기는 수싸움을 낱낱이 파헤쳐 드립니다. 내 피 같은 돈을 지키고 싶다면 영상 끝까지 시청해 주세요!

#샤브올데이 #명륜진사갈비 #프랜차이즈창업 #명륜당 #졸리비 #사모펀드 #자본주의 #자영업자 #산업은행 #가맹점 #가슴뛰는경제학","{""kind"": ""youtube#video"", ""etag"": ""PpiXWh57eOcRx8zlzvzSJ61VW6I"", ""id"": ""iOKPCn9vDq4"", ""snippet"": {""publishedAt"": ""2026-02-27T08:01:00Z"", ""channelId"": ""UC7qonHmdvKYeJ3xFoCdrxsg"", ""title"": ""샤브올데이 졸리비 헐값 매각 사태 총정리: 산업은행 650억 회수와 불법 대출의 나비효과"", ""description"": ""#샤브올데이매각 #명륜진사갈비 #프랜차이즈창업\n\n📢 [시청 전 꼭 읽어주세요!]\n\n여러분의 현명한 판단을 돕기 위해 통계청 데이터와 각종 언론 자료를 \n바탕으로 꼼꼼히 분석했습니다.\n하지만 본 영상은 어디까지나 제작자의 '개인적인 견해'일 뿐, 전문적인 \n투자 자문이나 종목 추천이 아닙니다.\n\n⚠️ 유의사항\n1. 시장 상황은 언제든 변할 수 있으므로, 본 영상의 내용은 참고용으로만 \n활용해 주시기 바랍니다.\n2. 투자의 책임은 전적으로 투자자 본인에게 있으며, 제작자는 이에 대한 \n법적 책임을 지지 않음을 알려드립니다.\n\n여러분의 성공적인 경제 생활을 진심으로 응원합니다! 🚀\n\n\n연매출 3,900억, 영업이익률 30%를 찍던 알짜 프랜차이즈 '샤브올데이'가 필리핀 자본에 단돈 1,300억에 넘어갔습니다. 그 이면에는 가맹점주를 상대로 한 오너의 '불법 돈놀이'와 국책은행의 피 말리는 자금 회수 작전이 숨어있었습니다.\n\n겉으로는 화려한 글로벌 진출로 포장되었지만, 실상은 650억 대출 만기를 막지 못해 황금거위를 헐값에 넘겨야만 했던 명륜당 본사의 처참한 몰락기. 그리고 수천억을 굴리는 국내 사모펀드들이 이 매물을 거들떠보지도 않은 '국민연금'의 나비효과까지.\n\n오늘은 예비 창업자라면 무조건 알아야 할 프랜차이즈 본사 마진 30%의 소름 돋는 착취 구조와, 웬만한 금융맨도 모르는 여의도 자본 시장의 피 튀기는 수싸움을 낱낱이 파헤쳐 드립니다. 내 피 같은 돈을 지키고 싶다면 영상 끝까지 시청해 주세요!\n\n#샤브올데이 #명륜진사갈비 #프랜차이즈창업 #명륜당 #졸리비 #사모펀드 #자본주의 #자영업자 #산업은행 #가맹점 #가슴뛰는경제학"", ""thumbnails"": {""default"": {""url"": ""https://i.ytimg.com/vi/iOKPCn9vDq4/default.jpg"", ""width"": 120, ""height"": 90}, ""medium"": {""url"": ""https://i.ytimg.com/vi/iOKPCn9vDq4/mqdefault.jpg"", ""width"": 320, ""height"": 180}, ""high"": {""url"": ""https://i.ytimg.com/vi/iOKPCn9vDq4/hqdefault.jpg"", ""width"": 480, ""height"": 360}, ""standard"": {""url"": ""https://i.ytimg.com/vi/iOKPCn9vDq4/sddefault.jpg"", ""width"": 640, ""height"": 480}, ""maxres"": {""url"": ""https://i.ytimg.com/vi/iOKPCn9vDq4/maxresdefault.jpg"", ""width"": 1280, ""height"": 720}}, ""channelTitle"": ""가슴뛰는 경제학"", ""tags"": [""샤브올데이 매각 이유"", ""명륜당 불법 대부업"", ""프랜차이즈 본사 수익 구조"", ""컴포즈커피 졸리비"", ""프랜차이즈 차액가맹금"", ""명륜진사갈비 불법대출 논란"", ""자영업자 폐업 위기"", ""사모펀드 인수합병(M&A)""], ""categoryId"": ""27"", ""liveBroadcastContent"": ""none"", ""defaultLanguage"": ""ko"", ""localized"": {""title"": ""샤브올데이 졸리비 헐값 매각 사태 총정리: 산업은행 650억 회수와 불법 대출의 나비효과"", ""description"": ""#샤브올데이매각 #명륜진사갈비 #프랜차이즈창업\n\n📢 [시청 전 꼭 읽어주세요!]\n\n여러분의 현명한 판단을 돕기 위해 통계청 데이터와 각종 언론 자료를 \n바탕으로 꼼꼼히 분석했습니다.\n하지만 본 영상은 어디까지나 제작자의 '개인적인 견해'일 뿐, 전문적인 \n투자 자문이나 종목 추천이 아닙니다.\n\n⚠️ 유의사항\n1. 시장 상황은 언제든 변할 수 있으므로, 본 영상의 내용은 참고용으로만 \n활용해 주시기 바랍니다.\n2. 투자의 책임은 전적으로 투자자 본인에게 있으며, 제작자는 이에 대한 \n법적 책임을 지지 않음을 알려드립니다.\n\n여러분의 성공적인 경제 생활을 진심으로 응원합니다! 🚀\n\n\n연매출 3,900억, 영업이익률 30%를 찍던 알짜 프랜차이즈 '샤브올데이'가 필리핀 자본에 단돈 1,300억에 넘어갔습니다. 그 이면에는 가맹점주를 상대로 한 오너의 '불법 돈놀이'와 국책은행의 피 말리는 자금 회수 작전이 숨어있었습니다.\n\n겉으로는 화려한 글로벌 진출로 포장되었지만, 실상은 650억 대출 만기를 막지 못해 황금거위를 헐값에 넘겨야만 했던 명륜당 본사의 처참한 몰락기. 그리고 수천억을 굴리는 국내 사모펀드들이 이 매물을 거들떠보지도 않은 '국민연금'의 나비효과까지.\n\n오늘은 예비 창업자라면 무조건 알아야 할 프랜차이즈 본사 마진 30%의 소름 돋는 착취 구조와, 웬만한 금융맨도 모르는 여의도 자본 시장의 피 튀기는 수싸움을 낱낱이 파헤쳐 드립니다. 내 피 같은 돈을 지키고 싶다면 영상 끝까지 시청해 주세요!\n\n#샤브올데이 #명륜진사갈비 #프랜차이즈창업 #명륜당 #졸리비 #사모펀드 #자본주의 #자영업자 #산업은행 #가맹점 #가슴뛰는경제학""}, ""defaultAudioLanguage"": ""ko""}, ""statistics"": {""viewCount"": ""1161"", ""likeCount"": ""8"", ""favoriteCount"": ""0"", ""commentCount"": ""2""}}",,,,
샤브올데이,single_term_fallback,샤브올데이,9VLrmO2aZ8I,샤브올데이 초신상 레시피 공유👏🏻,2026-03-18T12:17:32Z,3682.0,4.0,1.0,https://www.youtube.com/watch?v=9VLrmO2aZ8I,youtube,샤브올데이,canonical,1.0,2026-05-26T11:17:04.805326+00:00,3682,4,1,5,쩝쩝야미,"샤브올데이 초신상 레시피 공유👏🏻

▪️버터칼국수
칼국수면+ 버터잔뜩+ 노른자+올데이소스
비벼먹어주면 완전 극락가는 조합!
▪️짭존쿠
콘푸로스트 으깨고+땅콩소스+라이스페이퍼+초코소스
아 이거 3번만들어 먹었어요 ㅋㅋ중독성 갑
▪️버터아이스크림
소프트아이스크림+버터녹여뿌리기
달콤고소 약간짭짤? 와 걍 맛있음 ;;

요 세가지는 샤브올데이 가면 꼭 만들어 먹어보세요~
📌 #샤브올데이
서울 영등포구 당산로 83 105~107호
!! 지점별로 구성 메뉴가 차이가 있을 수 있습니다.

 #샤브올데이당산점 #샤브샤브 #버터칼국수 #레시피 #미슐랭","{""kind"": ""youtube#video"", ""etag"": ""81vw7-LbX-YE1VV5NNjM3Gsie-0"", ""id"": ""9VLrmO2aZ8I"", ""snippet"": {""publishedAt"": ""2026-03-18T12:17:32Z"", ""channelId"": ""UCgRFmVDzGD9SDZPxW2R-m5A"", ""title"": ""샤브올데이 초신상 레시피 공유👏🏻"", ""description"": ""샤브올데이 초신상 레시피 공유👏🏻\n\n▪️버터칼국수\n칼국수면+ 버터잔뜩+ 노른자+올데이소스\n비벼먹어주면 완전 극락가는 조합!\n▪️짭존쿠\n콘푸로스트 으깨고+땅콩소스+라이스페이퍼+초코소스\n아 이거 3번만들어 먹었어요 ㅋㅋ중독성 갑\n▪️버터아이스크림\n소프트아이스크림+버터녹여뿌리기\n달콤고소 약간짭짤? 와 걍 맛있음 ;;\n\n요 세가지는 샤브올데이 가면 꼭 만들어 먹어보세요~\n📌 #샤브올데이\n서울 영등포구 당산로 83 105~107호\n!! 지점별로 구성 메뉴가 차이가 있을 수 있습니다.\n\n #샤브올데이당산점 #샤브샤브 #버터칼국수 #레시피 #미슐랭"", ""thumbnails"": {""default"": {""url"": ""https://i.ytimg.com/vi/9VLrmO2aZ8I/default.jpg"", ""width"": 120, ""height"": 90}, ""medium"": {""url"": ""https://i.ytimg.com/vi/9VLrmO2aZ8I/mqdefault.jpg"", ""width"": 320, ""height"": 180}, ""high"": {""url"": ""https://i.ytimg.com/vi/9VLrmO2aZ8I/hqdefault.jpg"", ""width"": 480, ""height"": 360}, ""standard"": {""url"": ""https://i.ytimg.com/vi/9VLrmO2aZ8I/sddefault.jpg"", ""width"": 640, ""height"": 480}, ""maxres"": {""url"": ""https://i.ytimg.com/vi/9VLrmO2aZ8I/maxresdefault.jpg"", ""width"": 1280, ""height"": 720}}, ""channelTitle"": ""쩝쩝야미"", ""categoryId"": ""22"", ""liveBroadcastContent"": ""none"", ""defaultLanguage"": ""ko"", ""localized"": {""title"": ""샤브올데이 초신상 레시피 공유👏🏻"", ""description"": ""샤브올데이 초신상 레시피 공유👏🏻\n\n▪️버터칼국수\n칼국수면+ 버터잔뜩+ 노른자+올데이소스\n비벼먹어주면 완전 극락가는 조합!\n▪️짭존쿠\n콘푸로스트 으깨고+땅콩소스+라이스페이퍼+초코소스\n아 이거 3번만들어 먹었어요 ㅋㅋ중독성 갑\n▪️버터아이스크림\n소프트아이스크림+버터녹여뿌리기\n달콤고소 약간짭짤? 와 걍 맛있음 ;;\n\n요 세가지는 샤브올데이 가면 꼭 만들어 먹어보세요~\n📌 #샤브올데이\n서울 영등포구 당산로 83 105~107호\n!! 지점별로 구성 메뉴가 차이가 있을 수 있습니다.\n\n #샤브올데이당산점 #샤브샤브 #버터칼국수 #레시피 #미슐랭""}}, ""statistics"": {""viewCount"": ""3682"", ""likeCount"": ""4"", ""favoriteCount"": ""0"", ""commentCount"": ""1""}}",,,,
샤브올데이,single_term_fallback,샤브올데이,kYCbo7JEta4,샤브올데이 신메뉴 꿀조합 6가지 모음,2026-04-06T04:44:40Z,2816.0,6.0,0.0,https://www.youtube.com/watch?v=kYCbo7JEta4,youtube,샤브올데이,canonical,1.0,2026-05-26T11:17:04.805326+00:00,2816,6,0,6,영묵 맛집,"이 조합 모르고 가면 아쉬우실걸요

때마다 신메뉴 새로 나와서
어떤 조합으로 먹어야
야무지다고 소문나나 싶은 샤브올데이
이번엔 치즈 퐁듀가 나왔습니다

이 영상 하나만 저장해두고 가셔도
고민할 필요 없으실 거예요

1. 크런치 인절미+치즈퐁듀
2. 떡볶이+치즈퐁듀
3. 소세지+떡+치즈퐁듀
4. 콘너겟+치즈퐁듀
5. 피자+콘너겟+치즈퐁ㄷㅠ
6. ㅇㅓㄹㅇㅡㅁ+ㅁㅏㅇㄱㅗ+ㅇㅕㄴㅇㅠ

육수 하나는 꼭 매콤한 맛으로 선택하시고
살짝 물릴 때쯤 샤브샤브로 사악 내려주세요
그럼 2차전 시작 가능합니다

마무리는 망고빙수 아시죠?

ㅡㅡㅡㅡㅡ

📍   샤브올데이
💁🏻  이렇게 먹으러 고, 댓글, 공유, 태그, 저장
⚠️ 지점별로 구성 메뉴가 차이가 있을 수 있습니다.

ㅡㅡㅡㅡㅡ

팔로우 하고 
인천 맛있는 이야기 
받아보세요

@0___muk
@0___muk
@0___muk


#샤브올데이 #샤브샤브 #샤브올데이인천송도점 #샤브올데이신메뉴 #치즈퐁듀","{""kind"": ""youtube#video"", ""etag"": ""WwZyx5oN9Zgc8w_IWHd0Bg2PO8Q"", ""id"": ""kYCbo7JEta4"", ""snippet"": {""publishedAt"": ""2026-04-06T04:44:40Z"", ""channelId"": ""UCqpRjeukRgcLNMaxnB2n54g"", ""title"": ""샤브올데이 신메뉴 꿀조합 6가지 모음"", ""description"": ""이 조합 모르고 가면 아쉬우실걸요\n\n때마다 신메뉴 새로 나와서\n어떤 조합으로 먹어야\n야무지다고 소문나나 싶은 샤브올데이\n이번엔 치즈 퐁듀가 나왔습니다\n\n이 영상 하나만 저장해두고 가셔도\n고민할 필요 없으실 거예요\n\n1. 크런치 인절미+치즈퐁듀\n2. 떡볶이+치즈퐁듀\n3. 소세지+떡+치즈퐁듀\n4. 콘너겟+치즈퐁듀\n5. 피자+콘너겟+치즈퐁ㄷㅠ\n6. ㅇㅓㄹㅇㅡㅁ+ㅁㅏㅇㄱㅗ+ㅇㅕㄴㅇㅠ\n\n육수 하나는 꼭 매콤한 맛으로 선택하시고\n살짝 물릴 때쯤 샤브샤브로 사악 내려주세요\n그럼 2차전 시작 가능합니다\n\n마무리는 망고빙수 아시죠?\n\nㅡㅡㅡㅡㅡ\n\n📍   샤브올데이\n💁🏻  이렇게 먹으러 고, 댓글, 공유, 태그, 저장\n⚠️ 지점별로 구성 메뉴가 차이가 있을 수 있습니다.\n\nㅡㅡㅡㅡㅡ\n\n팔로우 하고 \n인천 맛있는 이야기 \n받아보세요\n\n@0___muk\n@0___muk\n@0___muk\n\n\n#샤브올데이 #샤브샤브 #샤브올데이인천송도점 #샤브올데이신메뉴 #치즈퐁듀"", ""thumbnails"": {""default"": {""url"": ""https://i.ytimg.com/vi/kYCbo7JEta4/default.jpg"", ""width"": 120, ""height"": 90}, ""medium"": {""url"": ""https://i.ytimg.com/vi/kYCbo7JEta4/mqdefault.jpg"", ""width"": 320, ""height"": 180}, ""high"": {""url"": ""https://i.ytimg.com/vi/kYCbo7JEta4/hqdefault.jpg"", ""width"": 480, ""height"": 360}, ""standard"": {""url"": ""https://i.ytimg.com/vi/kYCbo7JEta4/sddefault.jpg"", ""width"": 640, ""height"": 480}, ""maxres"": {""url"": ""https://i.ytimg.com/vi/kYCbo7JEta4/maxresdefault.jpg"", ""width"": 1280, ""height"": 720}}, ""channelTitle"": ""영묵 맛집"", ""tags"": [""인천"", ""맛집"", ""인천맛집"", ""샤브올데이"", ""신메뉴"", ""치즈"", ""치즈퐁듀"", ""조합"", ""꿀조합"", ""샤브올데이조합"", ""샤브올데이꿀조합"", ""샤브올데이레시피""], ""categoryId"": ""19"", ""liveBroadcastContent"": ""none"", ""defaultLanguage"": ""ko"", ""localized"": {""title"": ""샤브올데이 신메뉴 꿀조합 6가지 모음"", ""description"": ""이 조합 모르고 가면 아쉬우실걸요\n\n때마다 신메뉴 새로 나와서\n어떤 조합으로 먹어야\n야무지다고 소문나나 싶은 샤브올데이\n이번엔 치즈 퐁듀가 나왔습니다\n\n이 영상 하나만 저장해두고 가셔도\n고민할 필요 없으실 거예요\n\n1. 크런치 인절미+치즈퐁듀\n2. 떡볶이+치즈퐁듀\n3. 소세지+떡+치즈퐁듀\n4. 콘너겟+치즈퐁듀\n5. 피자+콘너겟+치즈퐁ㄷㅠ\n6. ㅇㅓㄹㅇㅡㅁ+ㅁㅏㅇㄱㅗ+ㅇㅕㄴㅇㅠ\n\n육수 하나는 꼭 매콤한 맛으로 선택하시고\n살짝 물릴 때쯤 샤브샤브로 사악 내려주세요\n그럼 2차전 시작 가능합니다\n\n마무리는 망고빙수 아시죠?\n\nㅡㅡㅡㅡㅡ\n\n📍   샤브올데이\n💁🏻  이렇게 먹으러 고, 댓글, 공유, 태그, 저장\n⚠️ 지점별로 구성 메뉴가 차이가 있을 수 있습니다.\n\nㅡㅡㅡㅡㅡ\n\n팔로우 하고 \n인천 맛있는 이야기 \n받아보세요\n\n@0___muk\n@0___muk\n@0___muk\n\n\n#샤브올데이 #샤브샤브 #샤브올데이인천송도점 #샤브올데이신메뉴 #치즈퐁듀""}, ""defaultAudioLanguage"": ""ko""}, ""statistics"": {""viewCount"": ""2816"", ""likeCount"": ""6"", ""favoriteCount"": ""0"", ""commentCount"": ""0""}}",,,,
샤브올데이,single_term_fallback,샤브올데이,UOqY7C0XB6o,자이언트 월남쌈 10초만에 만드는 법 #샤브올데이 #샤브샤브 #자이언트월남쌈 #월남쌈 #미나리비빔밥,2026-03-16T09:28:04Z,2622.0,27.0,0.0,https://www.youtube.com/watch?v=UOqY7C0XB6o,youtube,샤브올데이,canonical,1.0,2026-05-26T11:17:04.805326+00:00,2622,27,0,27,빵빵잇(eat),,"{""kind"": ""youtube#video"", ""etag"": ""fPn7ZVNrN-o7Xcm6I0aGxVuiPqk"", ""id"": ""UOqY7C0XB6o"", ""snippet"": {""publishedAt"": ""2026-03-16T09:28:04Z"", ""channelId"": ""UCSl2XGs7QyCkQ_Ybz0myihQ"", ""title"": ""자이언트 월남쌈 10초만에 만드는 법 #샤브올데이 #샤브샤브 #자이언트월남쌈 #월남쌈 #미나리비빔밥"", ""description"": """", ""thumbnails"": {""default"": {""url"": ""https://i.ytimg.com/vi/UOqY7C0XB6o/default.jpg"", ""width"": 120, ""height"": 90}, ""medium"": {""url"": ""https://i.ytimg.com/vi/UOqY7C0XB6o/mqdefault.jpg"", ""width"": 320, ""height"": 180}, ""high"": {""url"": ""https://i.ytimg.com/vi/UOqY7C0XB6o/hqdefault.jpg"", ""width"": 480, ""height"": 360}, ""standard"": {""url"": ""https://i.ytimg.com/vi/UOqY7C0XB6o/sddefault.jpg"", ""width"": 640, ""height"": 480}, ""maxres"": {""url"": ""https://i.ytimg.com/vi/UOqY7C0XB6o/maxresdefault.jpg"", ""width"": 1280, ""height"": 720}}, ""channelTitle"": ""빵빵잇(eat)"", ""categoryId"": ""22"", ""liveBroadcastContent"": ""none"", ""defaultLanguage"": ""ko"", ""localized"": {""title"": ""자이언트 월남쌈 10초만에 만드는 법 #샤브올데이 #샤브샤브 #자이언트월남쌈 #월남쌈 #미나리비빔밥"", ""description"": """"}}, ""statistics"": {""viewCount"": ""2622"", ""likeCount"": ""27"", ""favoriteCount"": ""0"", ""commentCount"": ""0""}}",,,,
샤브올데이,single_term_fallback,샤브올데이,gSybrWxoh1Q,샤브올데이 팔고 울상인 명륜당,2026-04-20T12:37:08Z,1998.0,8.0,0.0,https://www.youtube.com/watch?v=gSybrWxoh1Q,youtube,샤브올데이,canonical,1.0,2026-05-26T11:17:04.805326+00:00,1998,8,0,8,남필승,,"{""kind"": ""youtube#video"", ""etag"": ""jeI8KYaQIKYDX5f5Ed4mAu892sM"", ""id"": ""gSybrWxoh1Q"", ""snippet"": {""publishedAt"": ""2026-04-20T12:37:08Z"", ""channelId"": ""UC8aBUq-jYgc8DUSi63Lx7GA"", ""title"": ""샤브올데이 팔고 울상인 명륜당"", ""description"": """", ""thumbnails"": {""default"": {""url"": ""https://i.ytimg.com/vi/gSybrWxoh1Q/default.jpg"", ""width"": 120, ""height"": 90}, ""medium"": {""url"": ""https://i.ytimg.com/vi/gSybrWxoh1Q/mqdefault.jpg"", ""width"": 320, ""height"": 180}, ""high"": {""url"": ""https://i.ytimg.com/vi/gSybrWxoh1Q/hqdefault.jpg"", ""width"": 480, ""height"": 360}, ""standard"": {""url"": ""https://i.ytimg.com/vi/gSybrWxoh1Q/sddefault.jpg"", ""width"": 640, ""height"": 480}, ""maxres"": {""url"": ""https://i.ytimg.com/vi/gSybrWxoh1Q/maxresdefault.jpg"", ""width"": 1280, ""height"": 720}}, ""channelTitle"": ""남필승"", ""categoryId"": ""22"", ""liveBroadcastContent"": ""none"", ""defaultLanguage"": ""ko"", ""localized"": {""title"": ""샤브올데이 팔고 울상인 명륜당"", ""description"": """"}}, ""statistics"": {""viewCount"": ""1998"", ""likeCount"": ""8"", ""favoriteCount"": ""0"", ""commentCount"": ""0""}}",,,,
샤브올데이,single_term_fallback,샤브올데이,JEh5tGtULdw,버터떡 보다 더 쫄깃한 샤브올데이 신상메뉴!,2026-03-27T09:01:54Z,2467.0,22.0,4.0,https://www.youtube.com/watch?v=JEh5tGtULdw,youtube,샤브올데이,canonical,1.0,2026-05-26T11:17:04.805326+00:00,2467,22,4,26,동대문 가이드 ,"이문동에 드디어 샤브올데이가 오픈했습니다

요즘 이문동에서 가장 화제인 곳이라 바로 다녀와봤습니다.

이곳은 60가지 샐러드바는 물론 품질 좋은 소고기를 무한으로 즐길 수 있는 곳입니다. 구성 자체가 꽤 탄탄해서 가볍게 한 끼보다 제대로 먹고 올 수 있는 스타일입니다.

가장 인상 깊었던 건 치즈퐁듀 조합이었습니다. 크런치 인절미를 퐁듀에 찍어 먹으면 쫀득한 식감에 고소한 풍미가 더해져 생각보다 훨씬 잘 어울립니다.

떡볶이에 치즈를 넣으면 로제처럼 부드럽고 진한 맛으로 바뀌고 피자와 콘너겟도 퐁듀에 찍어 먹으면 짭조름한 감칠맛이 살아납니다.

개인적으로는 토스트를 바삭하게 구운 뒤 샐러드, 고기, 랜치소스, 마늘, 쪽파를 넣어 샌드위치처럼 만들어 먹는 조합이 좋았습니다. 마지막에 퐁듀에 찍어 먹으면 은근히 완성도가 높습니다.

야채와 고기 상태도 신선해서 샤브샤브 자체 만족도도 높았습니다. 마무리로 애플망고빙수와 치즈소떡소떡까지 먹으면 한 코스처럼 깔끔하게 끝납니다.

이문동 샤브샤브 찾으시면 여기입니다.


📍 서울 동대문구 이문로 120 지하1층
⏰ 11:00 – 21:30
⏰ 브레이크타임 15:00 – 17:00
📞 02-6239-4949","{""kind"": ""youtube#video"", ""etag"": ""no1BjFCP_pTNBe06X03LOctcaJ0"", ""id"": ""JEh5tGtULdw"", ""snippet"": {""publishedAt"": ""2026-03-27T09:01:54Z"", ""channelId"": ""UC_13HoGmxlRGYWjybuNuouQ"", ""title"": ""버터떡 보다 더 쫄깃한 샤브올데이 신상메뉴!"", ""description"": ""이문동에 드디어 샤브올데이가 오픈했습니다\n\n요즘 이문동에서 가장 화제인 곳이라 바로 다녀와봤습니다.\n\n이곳은 60가지 샐러드바는 물론 품질 좋은 소고기를 무한으로 즐길 수 있는 곳입니다. 구성 자체가 꽤 탄탄해서 가볍게 한 끼보다 제대로 먹고 올 수 있는 스타일입니다.\n\n가장 인상 깊었던 건 치즈퐁듀 조합이었습니다. 크런치 인절미를 퐁듀에 찍어 먹으면 쫀득한 식감에 고소한 풍미가 더해져 생각보다 훨씬 잘 어울립니다.\n\n떡볶이에 치즈를 넣으면 로제처럼 부드럽고 진한 맛으로 바뀌고 피자와 콘너겟도 퐁듀에 찍어 먹으면 짭조름한 감칠맛이 살아납니다.\n\n개인적으로는 토스트를 바삭하게 구운 뒤 샐러드, 고기, 랜치소스, 마늘, 쪽파를 넣어 샌드위치처럼 만들어 먹는 조합이 좋았습니다. 마지막에 퐁듀에 찍어 먹으면 은근히 완성도가 높습니다.\n\n야채와 고기 상태도 신선해서 샤브샤브 자체 만족도도 높았습니다. 마무리로 애플망고빙수와 치즈소떡소떡까지 먹으면 한 코스처럼 깔끔하게 끝납니다.\n\n이문동 샤브샤브 찾으시면 여기입니다.\n\n\n📍 서울 동대문구 이문로 120 지하1층\n⏰ 11:00 – 21:30\n⏰ 브레이크타임 15:00 – 17:00\n📞 02-6239-4949"", ""thumbnails"": {""default"": {""url"": ""https://i.ytimg.com/vi/JEh5tGtULdw/default.jpg"", ""width"": 120, ""height"": 90}, ""medium"": {""url"": ""https://i.ytimg.com/vi/JEh5tGtULdw/mqdefault.jpg"", ""width"": 320, ""height"": 180}, ""high"": {""url"": ""https://i.ytimg.com/vi/JEh5tGtULdw/hqdefault.jpg"", ""width"": 480, ""height"": 360}, ""standard"": {""url"": ""https://i.ytimg.com/vi/JEh5tGtULdw/sddefault.jpg"", ""width"": 640, ""height"": 480}, ""maxres"": {""url"": ""https://i.ytimg.com/vi/JEh5tGtULdw/maxresdefault.jpg"", ""width"": 1280, ""height"": 720}}, ""channelTitle"": ""동대문 가이드 "", ""categoryId"": ""24"", ""liveBroadcastContent"": ""none"", ""defaultLanguage"": ""ko"", ""localized"": {""title"": ""버터떡 보다 더 쫄깃한 샤브올데이 신상메뉴!"", ""description"": ""이문동에 드디어 샤브올데이가 오픈했습니다\n\n요즘 이문동에서 가장 화제인 곳이라 바로 다녀와봤습니다.\n\n이곳은 60가지 샐러드바는 물론 품질 좋은 소고기를 무한으로 즐길 수 있는 곳입니다. 구성 자체가 꽤 탄탄해서 가볍게 한 끼보다 제대로 먹고 올 수 있는 스타일입니다.\n\n가장 인상 깊었던 건 치즈퐁듀 조합이었습니다. 크런치 인절미를 퐁듀에 찍어 먹으면 쫀득한 식감에 고소한 풍미가 더해져 생각보다 훨씬 잘 어울립니다.\n\n떡볶이에 치즈를 넣으면 로제처럼 부드럽고 진한 맛으로 바뀌고 피자와 콘너겟도 퐁듀에 찍어 먹으면 짭조름한 감칠맛이 살아납니다.\n\n개인적으로는 토스트를 바삭하게 구운 뒤 샐러드, 고기, 랜치소스, 마늘, 쪽파를 넣어 샌드위치처럼 만들어 먹는 조합이 좋았습니다. 마지막에 퐁듀에 찍어 먹으면 은근히 완성도가 높습니다.\n\n야채와 고기 상태도 신선해서 샤브샤브 자체 만족도도 높았습니다. 마무리로 애플망고빙수와 치즈소떡소떡까지 먹으면 한 코스처럼 깔끔하게 끝납니다.\n\n이문동 샤브샤브 찾으시면 여기입니다.\n\n\n📍 서울 동대문구 이문로 120 지하1층\n⏰ 11:00 – 21:30\n⏰ 브레이크타임 15:00 – 17:00\n📞 02-6239-4949""}}, ""statistics"": {""viewCount"": ""2467"", ""likeCount"": ""22"", ""favoriteCount"": ""0"", ""commentCount"": ""4""}}",,,,
샤브올데이,single_term_fallback,샤브올데이,NgVozZu6cgs,샤브올데이에서 꼭 먹어봐야 하는 히든 레시피,2026-03-27T08:17:08Z,2175.0,9.0,0.0,https://www.youtube.com/watch?v=NgVozZu6cgs,youtube,샤브올데이,canonical,1.0,2026-05-26T11:17:04.805326+00:00,2175,9,0,9,맛집 스포일러,,"{""kind"": ""youtube#video"", ""etag"": ""bk1TkHYnDHkGCcwnmbmkFc49GwY"", ""id"": ""NgVozZu6cgs"", ""snippet"": {""publishedAt"": ""2026-03-27T08:17:08Z"", ""channelId"": ""UCRpql2Twv0n_K4kc36VIQLg"", ""title"": ""샤브올데이에서 꼭 먹어봐야 하는 히든 레시피"", ""description"": """", ""thumbnails"": {""default"": {""url"": ""https://i.ytimg.com/vi/NgVozZu6cgs/default.jpg"", ""width"": 120, ""height"": 90}, ""medium"": {""url"": ""https://i.ytimg.com/vi/NgVozZu6cgs/mqdefault.jpg"", ""width"": 320, ""height"": 180}, ""high"": {""url"": ""https://i.ytimg.com/vi/NgVozZu6cgs/hqdefault.jpg"", ""width"": 480, ""height"": 360}, ""standard"": {""url"": ""https://i.ytimg.com/vi/NgVozZu6cgs/sddefault.jpg"", ""width"": 640, ""height"": 480}, ""maxres"": {""url"": ""https://i.ytimg.com/vi/NgVozZu6cgs/maxresdefault.jpg"", ""width"": 1280, ""height"": 720}}, ""channelTitle"": ""맛집 스포일러"", ""categoryId"": ""22"", ""liveBroadcastContent"": ""none"", ""defaultLanguage"": ""ko"", ""localized"": {""title"": ""샤브올데이에서 꼭 먹어봐야 하는 히든 레시피"", ""description"": """"}, ""defaultAudioLanguage"": ""ko""}, ""statistics"": {""viewCount"": ""2175"", ""likeCount"": ""9"", ""favoriteCount"": ""0"", ""commentCount"": ""0""}}",,,,
샤브올데이,single_term_fallback,샤브올데이,SoCqek6bpo8,"샤브올데이, 2년 만에 매출이 539억?",2026-03-08T01:00:00Z,2427.0,4.0,1.0,https://www.youtube.com/watch?v=SoCqek6bpo8,youtube,샤브올데이,canonical,1.0,2026-05-26T11:17:04.805326+00:00,2427,4,1,5,딜스커버리 Dealscovery,"더블유엠디(WMD)
▪️ M&A 상담: https://wmdmna.co.kr
▪️ 홈페이지: https://www.wemakedeal.co.kr
▪️ 문의: admin@wemakedeal.co.kr 

#샤브올데이 #졸리비 #매출","{""kind"": ""youtube#video"", ""etag"": ""EoBrR41VToJahvCUIUTpKEiC7u4"", ""id"": ""SoCqek6bpo8"", ""snippet"": {""publishedAt"": ""2026-03-08T01:00:00Z"", ""channelId"": ""UCGiiUrkFqznhAxtY6t_wSkA"", ""title"": ""샤브올데이, 2년 만에 매출이 539억?"", ""description"": ""더블유엠디(WMD)\n▪️ M&A 상담: https://wmdmna.co.kr\n▪️ 홈페이지: https://www.wemakedeal.co.kr\n▪️ 문의: admin@wemakedeal.co.kr \n\n#샤브올데이 #졸리비 #매출"", ""thumbnails"": {""default"": {""url"": ""https://i.ytimg.com/vi/SoCqek6bpo8/default.jpg"", ""width"": 120, ""height"": 90}, ""medium"": {""url"": ""https://i.ytimg.com/vi/SoCqek6bpo8/mqdefault.jpg"", ""width"": 320, ""height"": 180}, ""high"": {""url"": ""https://i.ytimg.com/vi/SoCqek6bpo8/hqdefault.jpg"", ""width"": 480, ""height"": 360}, ""standard"": {""url"": ""https://i.ytimg.com/vi/SoCqek6bpo8/sddefault.jpg"", ""width"": 640, ""height"": 480}, ""maxres"": {""url"": ""https://i.ytimg.com/vi/SoCqek6bpo8/maxresdefault.jpg"", ""width"": 1280, ""height"": 720}}, ""channelTitle"": ""딜스커버리 Dealscovery"", ""tags"": [""졸리비"", ""샤브올데이"", ""샤브샤브"", ""컴포즈커피"", ""m&a"", ""돈"", ""부자"", ""경영"", ""경제"", ""인수"", ""합병"", ""매각"", ""비즈니스""], ""categoryId"": ""22"", ""liveBroadcastContent"": ""none"", ""defaultLanguage"": ""ko"", ""localized"": {""title"": ""샤브올데이, 2년 만에 매출이 539억?"", ""description"": ""더블유엠디(WMD)\n▪️ M&A 상담: https://wmdmna.co.kr\n▪️ 홈페이지: https://www.wemakedeal.co.kr\n▪️ 문의: admin@wemakedeal.co.kr \n\n#샤브올데이 #졸리비 #매출""}}, ""statistics"": {""viewCount"": ""2427"", ""likeCount"": ""4"", ""favoriteCount"": ""0"", ""commentCount"": ""1""}}",,,,
샤브올데이,single_term_fallback,샤브올데이,XGfc-_V-jrQ,샤브올데이 5월달 할인행사!,2026-04-29T05:56:50Z,3717.0,25.0,1.0,https://www.youtube.com/watch?v=XGfc-_V-jrQ,youtube,샤브올데이,canonical,1.0,2026-05-26T11:17:04.805326+00:00,3717,25,1,26,놀먹대전,"식사비를 돌려준다구요??😮

샤브올데이에서 5월 한달동안 Npay로 49,800원 이상 결제시 포인트 7,000원 즉시 적립! (개꿀✨)

이벤트 기간&적립 조건
✔️2026년5월1일(금)~5월31일(일)
✔️이벤트 기간 내 최초1회 결제건에 한해 적립
✔️최종결제 금액기준 49,800원 이상 결제시 네이버 포인트 7,000원 적립

✅참여방법
• 샤브올데이 매장방문
• 식사후Npay 포인트 또는 머니 결제

#샤브올데이#대전맛집#대전서구맛집#대전가볼만한곳#대전데이트","{""kind"": ""youtube#video"", ""etag"": ""KHqUeIile0VsEyZynS1RUxsScYk"", ""id"": ""XGfc-_V-jrQ"", ""snippet"": {""publishedAt"": ""2026-04-29T05:56:50Z"", ""channelId"": ""UC48s8IenrlpGSvfAe9MOZMg"", ""title"": ""샤브올데이 5월달 할인행사!"", ""description"": ""식사비를 돌려준다구요??😮\n\n샤브올데이에서 5월 한달동안 Npay로 49,800원 이상 결제시 포인트 7,000원 즉시 적립! (개꿀✨)\n\n이벤트 기간&적립 조건\n✔️2026년5월1일(금)~5월31일(일)\n✔️이벤트 기간 내 최초1회 결제건에 한해 적립\n✔️최종결제 금액기준 49,800원 이상 결제시 네이버 포인트 7,000원 적립\n\n✅참여방법\n• 샤브올데이 매장방문\n• 식사후Npay 포인트 또는 머니 결제\n\n#샤브올데이#대전맛집#대전서구맛집#대전가볼만한곳#대전데이트"", ""thumbnails"": {""default"": {""url"": ""https://i.ytimg.com/vi/XGfc-_V-jrQ/default.jpg"", ""width"": 120, ""height"": 90}, ""medium"": {""url"": ""https://i.ytimg.com/vi/XGfc-_V-jrQ/mqdefault.jpg"", ""width"": 320, ""height"": 180}, ""high"": {""url"": ""https://i.ytimg.com/vi/XGfc-_V-jrQ/hqdefault.jpg"", ""width"": 480, ""height"": 360}, ""standard"": {""url"": ""https://i.ytimg.com/vi/XGfc-_V-jrQ/sddefault.jpg"", ""width"": 640, ""height"": 480}, ""maxres"": {""url"": ""https://i.ytimg.com/vi/XGfc-_V-jrQ/maxresdefault.jpg"", ""width"": 1280, ""height"": 720}}, ""channelTitle"": ""놀먹대전"", ""categoryId"": ""22"", ""liveBroadcastContent"": ""none"", ""defaultLanguage"": ""ko"", ""localized"": {""title"": ""샤브올데이 5월달 할인행사!"", ""description"": ""식사비를 돌려준다구요??😮\n\n샤브올데이에서 5월 한달동안 Npay로 49,800원 이상 결제시 포인트 7,000원 즉시 적립! (개꿀✨)\n\n이벤트 기간&적립 조건\n✔️2026년5월1일(금)~5월31일(일)\n✔️이벤트 기간 내 최초1회 결제건에 한해 적립\n✔️최종결제 금액기준 49,800원 이상 결제시 네이버 포인트 7,000원 적립\n\n✅참여방법\n• 샤브올데이 매장방문\n• 식사후Npay 포인트 또는 머니 결제\n\n#샤브올데이#대전맛집#대전서구맛집#대전가볼만한곳#대전데이트""}, ""defaultAudioLanguage"": ""ko""}, ""statistics"": {""viewCount"": ""3717"", ""likeCount"": ""25"", ""favoriteCount"": ""0"", ""commentCount"": ""1""}}",,,,
샤브올데이,single_term_fallback,샤브올데이,DNf3q-Zupak,[저장필수] 공개안된 샤브올데이 비밀레시피,2026-03-03T09:00:27Z,1973.0,22.0,2.0,https://www.youtube.com/watch?v=DNf3q-Zupak,youtube,샤브올데이,canonical,1.0,2026-05-26T11:17:04.805326+00:00,1973,22,2,24,먹통령 - 맛집 대통령,,"{""kind"": ""youtube#video"", ""etag"": ""NHQuuXGduLtHIpnu7HZeYp9JuHs"", ""id"": ""DNf3q-Zupak"", ""snippet"": {""publishedAt"": ""2026-03-03T09:00:27Z"", ""channelId"": ""UCPhIE-e1FfsMeYWKig-MbYg"", ""title"": ""[저장필수] 공개안된 샤브올데이 비밀레시피"", ""description"": """", ""thumbnails"": {""default"": {""url"": ""https://i.ytimg.com/vi/DNf3q-Zupak/default.jpg"", ""width"": 120, ""height"": 90}, ""medium"": {""url"": ""https://i.ytimg.com/vi/DNf3q-Zupak/mqdefault.jpg"", ""width"": 320, ""height"": 180}, ""high"": {""url"": ""https://i.ytimg.com/vi/DNf3q-Zupak/hqdefault.jpg"", ""width"": 480, ""height"": 360}, ""standard"": {""url"": ""https://i.ytimg.com/vi/DNf3q-Zupak/sddefault.jpg"", ""width"": 640, ""height"": 480}, ""maxres"": {""url"": ""https://i.ytimg.com/vi/DNf3q-Zupak/maxresdefault.jpg"", ""width"": 1280, ""height"": 720}}, ""channelTitle"": ""먹통령 - 맛집 대통령"", ""categoryId"": ""22"", ""liveBroadcastContent"": ""none"", ""defaultLanguage"": ""ko"", ""localized"": {""title"": ""[저장필수] 공개안된 샤브올데이 비밀레시피"", ""description"": """"}}, ""statistics"": {""viewCount"": ""1973"", ""likeCount"": ""22"", ""favoriteCount"": ""0"", ""commentCount"": ""2""}}",,,,
샤브올데이,single_term_fallback,샤브올데이,nDmHOoC4654,샤브올데이,2026-04-08T11:18:38Z,1996.0,5.0,0.0,https://www.youtube.com/watch?v=nDmHOoC4654,youtube,샤브올데이,canonical,1.0,2026-05-26T11:17:04.805326+00:00,1996,5,0,5,이리,"샤브올데이 요즘 근황 이거임 🌸🔥
봄맞이 신메뉴로 치즈퐁듀까지 추가돼서
이제 그냥 샤브만 먹는 집 아님

바삭한 크런치 메뉴들에
치즈퐁듀 쭉- 부어 먹는 순간
이건 그냥 게임 끝나는 조합이고

치즈로 달렸다가
샤브샤브로 깔끔하게 리셋되는 코스라
계속 먹게 되는 무한루트임 ㅋㅋ

❣지금 이벤트로 치즈퐁듀 먹고 sns 인증하면 
식사권 까지 주는데

요즘 샤브올데이 가면
이 조합 안 먹으면 손해라는 말 나오는 이유 있음

📍경기 광명시 덕안로77번길 17

#샤브올데이광명이케아점 #샤브올데이 #치즈퐁듀 #광명이케아맛집 #광명맛집","{""kind"": ""youtube#video"", ""etag"": ""ixl0tYq3dYgXq9xGHY02g408aYo"", ""id"": ""nDmHOoC4654"", ""snippet"": {""publishedAt"": ""2026-04-08T11:18:38Z"", ""channelId"": ""UCq-7k2IVEI_2-FN5VzxRHzg"", ""title"": ""샤브올데이"", ""description"": ""샤브올데이 요즘 근황 이거임 🌸🔥\n봄맞이 신메뉴로 치즈퐁듀까지 추가돼서\n이제 그냥 샤브만 먹는 집 아님\n\n바삭한 크런치 메뉴들에\n치즈퐁듀 쭉- 부어 먹는 순간\n이건 그냥 게임 끝나는 조합이고\n\n치즈로 달렸다가\n샤브샤브로 깔끔하게 리셋되는 코스라\n계속 먹게 되는 무한루트임 ㅋㅋ\n\n❣지금 이벤트로 치즈퐁듀 먹고 sns 인증하면 \n식사권 까지 주는데\n\n요즘 샤브올데이 가면\n이 조합 안 먹으면 손해라는 말 나오는 이유 있음\n\n📍경기 광명시 덕안로77번길 17\n\n#샤브올데이광명이케아점 #샤브올데이 #치즈퐁듀 #광명이케아맛집 #광명맛집"", ""thumbnails"": {""default"": {""url"": ""https://i.ytimg.com/vi/nDmHOoC4654/default.jpg"", ""width"": 120, ""height"": 90}, ""medium"": {""url"": ""https://i.ytimg.com/vi/nDmHOoC4654/mqdefault.jpg"", ""width"": 320, ""height"": 180}, ""high"": {""url"": ""https://i.ytimg.com/vi/nDmHOoC4654/hqdefault.jpg"", ""width"": 480, ""height"": 360}, ""standard"": {""url"": ""https://i.ytimg.com/vi/nDmHOoC4654/sddefault.jpg"", ""width"": 640, ""height"": 480}, ""maxres"": {""url"": ""https://i.ytimg.com/vi/nDmHOoC4654/maxresdefault.jpg"", ""width"": 1280, ""height"": 720}}, ""channelTitle"": ""이리"", ""categoryId"": ""24"", ""liveBroadcastContent"": ""none"", ""defaultLanguage"": ""ko"", ""localized"": {""title"": ""샤브올데이"", ""description"": ""샤브올데이 요즘 근황 이거임 🌸🔥\n봄맞이 신메뉴로 치즈퐁듀까지 추가돼서\n이제 그냥 샤브만 먹는 집 아님\n\n바삭한 크런치 메뉴들에\n치즈퐁듀 쭉- 부어 먹는 순간\n이건 그냥 게임 끝나는 조합이고\n\n치즈로 달렸다가\n샤브샤브로 깔끔하게 리셋되는 코스라\n계속 먹게 되는 무한루트임 ㅋㅋ\n\n❣지금 이벤트로 치즈퐁듀 먹고 sns 인증하면 \n식사권 까지 주는데\n\n요즘 샤브올데이 가면\n이 조합 안 먹으면 손해라는 말 나오는 이유 있음\n\n📍경기 광명시 덕안로77번길 17\n\n#샤브올데이광명이케아점 #샤브올데이 #치즈퐁듀 #광명이케아맛집 #광명맛집""}}, ""statistics"": {""viewCount"": ""1996"", ""likeCount"": ""5"", ""favoriteCount"": ""0"", ""commentCount"": ""0""}}",,,,
샤브올데이,single_term_fallback,샤브올데이,Rc-wsRZlhl0,건치 미소 하지원 치어리더 샤브올데이 댄스 #shorts #미소 #치어리더 #hajiwon #하지원,2026-04-10T05:00:39Z,2181.0,130.0,4.0,https://www.youtube.com/watch?v=Rc-wsRZlhl0,youtube,샤브올데이,canonical,1.0,2026-05-26T11:17:04.805326+00:00,2181,130,4,134,파선tv,"#샤브올데이 #댄스 
#파선tv #구독","{""kind"": ""youtube#video"", ""etag"": ""1WuzLHUKAaFZ8mJIpl3sbPyiqpo"", ""id"": ""Rc-wsRZlhl0"", ""snippet"": {""publishedAt"": ""2026-04-10T05:00:39Z"", ""channelId"": ""UChJzm5V8nm4x2FLAZ-tH_Tw"", ""title"": ""건치 미소 하지원 치어리더 샤브올데이 댄스 #shorts #미소 #치어리더 #hajiwon #하지원"", ""description"": ""#샤브올데이 #댄스 \n#파선tv #구독"", ""thumbnails"": {""default"": {""url"": ""https://i.ytimg.com/vi/Rc-wsRZlhl0/default.jpg"", ""width"": 120, ""height"": 90}, ""medium"": {""url"": ""https://i.ytimg.com/vi/Rc-wsRZlhl0/mqdefault.jpg"", ""width"": 320, ""height"": 180}, ""high"": {""url"": ""https://i.ytimg.com/vi/Rc-wsRZlhl0/hqdefault.jpg"", ""width"": 480, ""height"": 360}, ""standard"": {""url"": ""https://i.ytimg.com/vi/Rc-wsRZlhl0/sddefault.jpg"", ""width"": 640, ""height"": 480}, ""maxres"": {""url"": ""https://i.ytimg.com/vi/Rc-wsRZlhl0/maxresdefault.jpg"", ""width"": 1280, ""height"": 720}}, ""channelTitle"": ""파선tv"", ""categoryId"": ""22"", ""liveBroadcastContent"": ""none"", ""defaultLanguage"": ""ko"", ""localized"": {""title"": ""건치 미소 하지원 치어리더 샤브올데이 댄스 #shorts #미소 #치어리더 #hajiwon #하지원"", ""description"": ""#샤브올데이 #댄스 \n#파선tv #구독""}, ""defaultAudioLanguage"": ""ko""}, ""statistics"": {""viewCount"": ""2181"", ""likeCount"": ""130"", ""favoriteCount"": ""0"", ""commentCount"": ""4""}}",,,,
샤브올데이,single_term_fallback,샤브올데이,kGIlzKVVXiQ,한국도로공사 김보미치어리더 샤브올데이  260227,2026-02-28T11:57:25Z,2071.0,160.0,1.0,https://www.youtube.com/watch?v=kGIlzKVVXiQ,youtube,샤브올데이,canonical,1.0,2026-05-26T11:17:04.805326+00:00,2071,160,1,161,화너니,,"{""kind"": ""youtube#video"", ""etag"": ""cnPYby8j_J3vRIPiGlTtH1ubRtQ"", ""id"": ""kGIlzKVVXiQ"", ""snippet"": {""publishedAt"": ""2026-02-28T11:57:25Z"", ""channelId"": ""UC_SglwBaxRyrInyLRzrC2BA"", ""title"": ""한국도로공사 김보미치어리더 샤브올데이  260227"", ""description"": """", ""thumbnails"": {""default"": {""url"": ""https://i.ytimg.com/vi/kGIlzKVVXiQ/default.jpg"", ""width"": 120, ""height"": 90}, ""medium"": {""url"": ""https://i.ytimg.com/vi/kGIlzKVVXiQ/mqdefault.jpg"", ""width"": 320, ""height"": 180}, ""high"": {""url"": ""https://i.ytimg.com/vi/kGIlzKVVXiQ/hqdefault.jpg"", ""width"": 480, ""height"": 360}, ""standard"": {""url"": ""https://i.ytimg.com/vi/kGIlzKVVXiQ/sddefault.jpg"", ""width"": 640, ""height"": 480}, ""maxres"": {""url"": ""https://i.ytimg.com/vi/kGIlzKVVXiQ/maxresdefault.jpg"", ""width"": 1280, ""height"": 720}}, ""channelTitle"": ""화너니"", ""categoryId"": ""22"", ""liveBroadcastContent"": ""none"", ""defaultLanguage"": ""ko"", ""localized"": {""title"": ""한국도로공사 김보미치어리더 샤브올데이  260227"", ""description"": """"}, ""defaultAudioLanguage"": ""ko""}, ""statistics"": {""viewCount"": ""2071"", ""likeCount"": ""160"", ""favoriteCount"": ""0"", ""commentCount"": ""1""}}",,,,
샤브올데이,single_term_fallback,샤브올데이,a4J-P0v2OM4,유행하는거 다사주고 다만들어주는 남친❤️ #유행 #샤브올데이 #창억떡 #두쫀쿠,2026-03-19T16:25:10Z,1816.0,16.0,0.0,https://www.youtube.com/watch?v=a4J-P0v2OM4,youtube,샤브올데이,canonical,1.0,2026-05-26T11:17:04.805326+00:00,1816,16,0,16,밥먹는주주 JooJoo,,"{""kind"": ""youtube#video"", ""etag"": ""gQsmxhicDn5U1qLiSXQs7fb0trE"", ""id"": ""a4J-P0v2OM4"", ""snippet"": {""publishedAt"": ""2026-03-19T16:25:10Z"", ""channelId"": ""UC9vSbUNKxs4m3Bfgf31Vsag"", ""title"": ""유행하는거 다사주고 다만들어주는 남친❤️ #유행 #샤브올데이 #창억떡 #두쫀쿠"", ""description"": """", ""thumbnails"": {""default"": {""url"": ""https://i.ytimg.com/vi/a4J-P0v2OM4/default.jpg"", ""width"": 120, ""height"": 90}, ""medium"": {""url"": ""https://i.ytimg.com/vi/a4J-P0v2OM4/mqdefault.jpg"", ""width"": 320, ""height"": 180}, ""high"": {""url"": ""https://i.ytimg.com/vi/a4J-P0v2OM4/hqdefault.jpg"", ""width"": 480, ""height"": 360}, ""standard"": {""url"": ""https://i.ytimg.com/vi/a4J-P0v2OM4/sddefault.jpg"", ""width"": 640, ""height"": 480}, ""maxres"": {""url"": ""https://i.ytimg.com/vi/a4J-P0v2OM4/maxresdefault.jpg"", ""width"": 1280, ""height"": 720}}, ""channelTitle"": ""밥먹는주주 JooJoo"", ""tags"": [""샤브올데이"", ""샤브샤브"", ""두쫀쿠"", ""창억떡"", ""봄동비빔밥"", ""버터떡"", ""유행음식"", ""먹방"", ""먹방브이로그"", ""맛집데이트"", ""데이트브이로그"", ""커플브이로그"", ""남친여친"", ""여대생브이로그"", ""한국여대생"", ""korean food"", ""korean mukbang"", ""food vlog"", ""food shorts"", ""fyp""], ""categoryId"": ""25"", ""liveBroadcastContent"": ""none"", ""defaultLanguage"": ""ko"", ""localized"": {""title"": ""유행하는거 다사주고 다만들어주는 남친❤️ #유행 #샤브올데이 #창억떡 #두쫀쿠"", ""description"": """"}}, ""statistics"": {""viewCount"": ""1816"", ""likeCount"": ""16"", ""favoriteCount"": ""0"", ""commentCount"": ""0""}}",,,,
샤브올데이,single_term_fallback,샤브올데이,TbjStrcGL0M,샤브올데이에가면 7천원을 돌려준다고? 5월 이벤트 ! #샤브올데이 *광고,2026-05-12T07:05:51Z,2902.0,5.0,0.0,https://www.youtube.com/watch?v=TbjStrcGL0M,youtube,샤브올데이,canonical,1.0,2026-05-26T11:17:04.805326+00:00,2902,5,0,5,핫딜리셔스,"샤브올데이 5월 혜택 미쳤는데요?🔥
5월 한달동안 Npay로 45,800원 이상 결제하면 네이버페이 7,000포인트 적립 가능! 소고기 무제한에 샐러드바만 60가지 넘고 육수, 소스도 취향대로✨ 월남쌈에 맥주 무제한까지라 가족외식, 모임, 데이트로 완전 딱이예요🍲🍺
#샤브올데이 #샤브샤브무한리필 #울산맛집 #가족외식 #네이버페이이벤트 #샐러드바맛집 #월남쌈맛집 #무한리필맛집 #울산핫플 #외식추천","{""kind"": ""youtube#video"", ""etag"": ""k6_opG3egliLuxcUGHexnmXI6B4"", ""id"": ""TbjStrcGL0M"", ""snippet"": {""publishedAt"": ""2026-05-12T07:05:51Z"", ""channelId"": ""UC8uqNTcIaK0wzZqL0UD341A"", ""title"": ""샤브올데이에가면 7천원을 돌려준다고? 5월 이벤트 ! #샤브올데이 *광고"", ""description"": ""샤브올데이 5월 혜택 미쳤는데요?🔥\n5월 한달동안 Npay로 45,800원 이상 결제하면 네이버페이 7,000포인트 적립 가능! 소고기 무제한에 샐러드바만 60가지 넘고 육수, 소스도 취향대로✨ 월남쌈에 맥주 무제한까지라 가족외식, 모임, 데이트로 완전 딱이예요🍲🍺\n#샤브올데이 #샤브샤브무한리필 #울산맛집 #가족외식 #네이버페이이벤트 #샐러드바맛집 #월남쌈맛집 #무한리필맛집 #울산핫플 #외식추천"", ""thumbnails"": {""default"": {""url"": ""https://i.ytimg.com/vi/TbjStrcGL0M/default.jpg"", ""width"": 120, ""height"": 90}, ""medium"": {""url"": ""https://i.ytimg.com/vi/TbjStrcGL0M/mqdefault.jpg"", ""width"": 320, ""height"": 180}, ""high"": {""url"": ""https://i.ytimg.com/vi/TbjStrcGL0M/hqdefault.jpg"", ""width"": 480, ""height"": 360}, ""standard"": {""url"": ""https://i.ytimg.com/vi/TbjStrcGL0M/sddefault.jpg"", ""width"": 640, ""height"": 480}, ""maxres"": {""url"": ""https://i.ytimg.com/vi/TbjStrcGL0M/maxresdefault.jpg"", ""width"": 1280, ""height"": 720}}, ""channelTitle"": ""핫딜리셔스"", ""categoryId"": ""22"", ""liveBroadcastContent"": ""none"", ""defaultLanguage"": ""ko"", ""localized"": {""title"": ""샤브올데이에가면 7천원을 돌려준다고? 5월 이벤트 ! #샤브올데이 *광고"", ""description"": ""샤브올데이 5월 혜택 미쳤는데요?🔥\n5월 한달동안 Npay로 45,800원 이상 결제하면 네이버페이 7,000포인트 적립 가능! 소고기 무제한에 샐러드바만 60가지 넘고 육수, 소스도 취향대로✨ 월남쌈에 맥주 무제한까지라 가족외식, 모임, 데이트로 완전 딱이예요🍲🍺\n#샤브올데이 #샤브샤브무한리필 #울산맛집 #가족외식 #네이버페이이벤트 #샐러드바맛집 #월남쌈맛집 #무한리필맛집 #울산핫플 #외식추천""}}, ""statistics"": {""viewCount"": ""2902"", ""likeCount"": ""5"", ""favoriteCount"": ""0"", ""commentCount"": ""0""}}",,,,
샤브올데이,single_term_fallback,샤브올데이,wAOLkD-aGEM,샤브 먹고 7천원 받는 방법,2026-05-07T12:59:57Z,2245.0,7.0,1.0,https://www.youtube.com/watch?v=wAOLkD-aGEM,youtube,샤브올데이,canonical,1.0,2026-05-26T11:17:04.805326+00:00,2245,7,1,8,제보왕,"샤브올데이 7천원 돌려받는법🔻

5월 한달동안 가정의달 맞이
Npay 결제하면
네이버페이 7,000 포인트 적립‼️

📆26.05.01~05.31
✔️이벤트 기간 내 최초 1회 결제 건에 한해 적립
✔️최정 결제금액 기준 49,800원 이상 결제 시에 포인트 적립 가능
*이벤트 기간 내 1인 1회 참여 가능
📍샤브올데이 전매장

#샤브올데이#부산샤브샤브 #네이버페이 #할인 #가정의달","{""kind"": ""youtube#video"", ""etag"": ""MyYTOPXJPJ8Px_CYSQUXmwDG3z0"", ""id"": ""wAOLkD-aGEM"", ""snippet"": {""publishedAt"": ""2026-05-07T12:59:57Z"", ""channelId"": ""UCWPKV_fQgL-aR5wkr3d9TGw"", ""title"": ""샤브 먹고 7천원 받는 방법"", ""description"": ""샤브올데이 7천원 돌려받는법🔻\n\n5월 한달동안 가정의달 맞이\nNpay 결제하면\n네이버페이 7,000 포인트 적립‼️\n\n📆26.05.01~05.31\n✔️이벤트 기간 내 최초 1회 결제 건에 한해 적립\n✔️최정 결제금액 기준 49,800원 이상 결제 시에 포인트 적립 가능\n*이벤트 기간 내 1인 1회 참여 가능\n📍샤브올데이 전매장\n\n#샤브올데이#부산샤브샤브 #네이버페이 #할인 #가정의달"", ""thumbnails"": {""default"": {""url"": ""https://i.ytimg.com/vi/wAOLkD-aGEM/default.jpg"", ""width"": 120, ""height"": 90}, ""medium"": {""url"": ""https://i.ytimg.com/vi/wAOLkD-aGEM/mqdefault.jpg"", ""width"": 320, ""height"": 180}, ""high"": {""url"": ""https://i.ytimg.com/vi/wAOLkD-aGEM/hqdefault.jpg"", ""width"": 480, ""height"": 360}, ""standard"": {""url"": ""https://i.ytimg.com/vi/wAOLkD-aGEM/sddefault.jpg"", ""width"": 640, ""height"": 480}, ""maxres"": {""url"": ""https://i.ytimg.com/vi/wAOLkD-aGEM/maxresdefault.jpg"", ""width"": 1280, ""height"": 720}}, ""channelTitle"": ""제보왕"", ""tags"": [""샤브샤브"", ""샤브올데이"", ""샤브맛집"", ""부산샤브샤브"", ""부산샤브맛집"", ""네이버페이"", ""가정의달""], ""categoryId"": ""22"", ""liveBroadcastContent"": ""none"", ""defaultLanguage"": ""ko"", ""localized"": {""title"": ""샤브 먹고 7천원 받는 방법"", ""description"": ""샤브올데이 7천원 돌려받는법🔻\n\n5월 한달동안 가정의달 맞이\nNpay 결제하면\n네이버페이 7,000 포인트 적립‼️\n\n📆26.05.01~05.31\n✔️이벤트 기간 내 최초 1회 결제 건에 한해 적립\n✔️최정 결제금액 기준 49,800원 이상 결제 시에 포인트 적립 가능\n*이벤트 기간 내 1인 1회 참여 가능\n📍샤브올데이 전매장\n\n#샤브올데이#부산샤브샤브 #네이버페이 #할인 #가정의달""}}, ""statistics"": {""viewCount"": ""2245"", ""likeCount"": ""7"", ""favoriteCount"": ""0"", ""commentCount"": ""1""}}",,,,
샤브올데이,single_term_fallback,샤브올데이,vMUfOUoaSbA,샤브올데이 처음가본사람 나야나!,2026-04-06T13:27:18Z,1804.0,9.0,1.0,https://www.youtube.com/watch?v=vMUfOUoaSbA,youtube,샤브올데이,canonical,1.0,2026-05-26T11:17:04.805326+00:00,1804,9,1,10,실버카우,#샤브올데이 #샤브샤브 #샤브뷔페 #먹방 #인천송도 #음식 #좋아요댓글 #좋아요,"{""kind"": ""youtube#video"", ""etag"": ""LC8zzh6q5sMkMmG7G0OKngyMCW8"", ""id"": ""vMUfOUoaSbA"", ""snippet"": {""publishedAt"": ""2026-04-06T13:27:18Z"", ""channelId"": ""UCg7tXgOrQfzuJF6dVCIbx4A"", ""title"": ""샤브올데이 처음가본사람 나야나!"", ""description"": ""#샤브올데이 #샤브샤브 #샤브뷔페 #먹방 #인천송도 #음식 #좋아요댓글 #좋아요"", ""thumbnails"": {""default"": {""url"": ""https://i.ytimg.com/vi/vMUfOUoaSbA/default.jpg"", ""width"": 120, ""height"": 90}, ""medium"": {""url"": ""https://i.ytimg.com/vi/vMUfOUoaSbA/mqdefault.jpg"", ""width"": 320, ""height"": 180}, ""high"": {""url"": ""https://i.ytimg.com/vi/vMUfOUoaSbA/hqdefault.jpg"", ""width"": 480, ""height"": 360}, ""standard"": {""url"": ""https://i.ytimg.com/vi/vMUfOUoaSbA/sddefault.jpg"", ""width"": 640, ""height"": 480}, ""maxres"": {""url"": ""https://i.ytimg.com/vi/vMUfOUoaSbA/maxresdefault.jpg"", ""width"": 1280, ""height"": 720}}, ""channelTitle"": ""실버카우"", ""categoryId"": ""22"", ""liveBroadcastContent"": ""none"", ""defaultLanguage"": ""ko"", ""localized"": {""title"": ""샤브올데이 처음가본사람 나야나!"", ""description"": ""#샤브올데이 #샤브샤브 #샤브뷔페 #먹방 #인천송도 #음식 #좋아요댓글 #좋아요""}}, ""statistics"": {""viewCount"": ""1804"", ""likeCount"": ""9"", ""favoriteCount"": ""0"", ""commentCount"": ""1""}}",,,,
샤브올데이,single_term_fallback,샤브올데이,WDaQ4SHwXWs,샤브올데이 댄스챌린지 정가예 치어리더,2026-03-03T06:00:21Z,2595.0,23.0,1.0,https://www.youtube.com/watch?v=WDaQ4SHwXWs,youtube,샤브올데이,canonical,1.0,2026-05-26T11:17:04.805326+00:00,2595,23,1,24,로얄직캠,#정가예 #정가예치어리더 #한국전력빅스톰 #cheerleader #shorts,"{""kind"": ""youtube#video"", ""etag"": ""E1Y5bV47M395DhnEdunzMHvT9NM"", ""id"": ""WDaQ4SHwXWs"", ""snippet"": {""publishedAt"": ""2026-03-03T06:00:21Z"", ""channelId"": ""UC59zdY7Lskrl1ykMCLYou4A"", ""title"": ""샤브올데이 댄스챌린지 정가예 치어리더"", ""description"": ""#정가예 #정가예치어리더 #한국전력빅스톰 #cheerleader #shorts"", ""thumbnails"": {""default"": {""url"": ""https://i.ytimg.com/vi/WDaQ4SHwXWs/default.jpg"", ""width"": 120, ""height"": 90}, ""medium"": {""url"": ""https://i.ytimg.com/vi/WDaQ4SHwXWs/mqdefault.jpg"", ""width"": 320, ""height"": 180}, ""high"": {""url"": ""https://i.ytimg.com/vi/WDaQ4SHwXWs/hqdefault.jpg"", ""width"": 480, ""height"": 360}, ""standard"": {""url"": ""https://i.ytimg.com/vi/WDaQ4SHwXWs/sddefault.jpg"", ""width"": 640, ""height"": 480}, ""maxres"": {""url"": ""https://i.ytimg.com/vi/WDaQ4SHwXWs/maxresdefault.jpg"", ""width"": 1280, ""height"": 720}}, ""channelTitle"": ""로얄직캠"", ""categoryId"": ""22"", ""liveBroadcastContent"": ""none"", ""defaultLanguage"": ""en-US"", ""localized"": {""title"": ""샤브올데이 댄스챌린지 정가예 치어리더"", ""description"": ""#정가예 #정가예치어리더 #한국전력빅스톰 #cheerleader #shorts""}, ""defaultAudioLanguage"": ""en-US""}, ""statistics"": {""viewCount"": ""2595"", ""likeCount"": ""23"", ""favoriteCount"": ""0"", ""commentCount"": ""1""}}",,,,
샤브올데이,single_term_fallback,샤브올데이,jyUqmVmcSNo,"제발 가지마세요. 악덕업체 명륜진사갈비, 샤브올데이 헐값 매각. 그 추악한 실태.",2026-03-02T04:18:53Z,844.0,8.0,3.0,https://www.youtube.com/watch?v=jyUqmVmcSNo,youtube,샤브올데이,canonical,1.0,2026-05-26T11:17:04.805326+00:00,844,8,3,11,경제 복덕방,"가맹점에게 대부업하는 명륜진사갈비의 배신? 
샤브올데이 헐값 매각 뒤에 숨겨진 추악한 진실

 **'샤브올데이'**가 왜 갑자기 필리핀 자본(졸리비, Jollibee)에 1,300억 원이라는 말도 안 되는 헐값에 매각되어야 했을까요? 그 이면에는 오너의 불법 대부업 스캔들과 산업은행의 650억 원 상환 독촉이라는 소름 끼치는 진실이 숨어 있었습니다.

영상을 끝까지 시청하시고, 대한민국 외식업계의 서글픈 민낯에 대한 여러분의 소중한 의견을 댓글로 남겨주세요.

📌 오늘 영상의 핵심 포인트

명륜당 오너의 불법 대부업 스캔들과 산업은행의 최후통첩
샤브올데이 헐값 매각(1,300억)이 '야반도주'인 이유
본사 이익률 30% vs 점주들의 쥐꼬리 수익, 그 착취의 메커니즘
외국 자본 유입 이후 가맹점주들이 마주할 가혹한 미래

#명륜진사갈비 #명륜당 #샤브올데이 #졸리비 #헐값매각 #외식업계실태 #가맹점주 #무한리필 #경제 #경제학 #사기 #대부업 #점주 #","{""kind"": ""youtube#video"", ""etag"": ""t187rLZ96TxdmdzvunvHIvSbpfI"", ""id"": ""jyUqmVmcSNo"", ""snippet"": {""publishedAt"": ""2026-03-02T04:18:53Z"", ""channelId"": ""UCdXCqzvoXbFVOhnC28uJV4w"", ""title"": ""제발 가지마세요. 악덕업체 명륜진사갈비, 샤브올데이 헐값 매각. 그 추악한 실태."", ""description"": ""가맹점에게 대부업하는 명륜진사갈비의 배신? \n샤브올데이 헐값 매각 뒤에 숨겨진 추악한 진실\n\n **'샤브올데이'**가 왜 갑자기 필리핀 자본(졸리비, Jollibee)에 1,300억 원이라는 말도 안 되는 헐값에 매각되어야 했을까요? 그 이면에는 오너의 불법 대부업 스캔들과 산업은행의 650억 원 상환 독촉이라는 소름 끼치는 진실이 숨어 있었습니다.\n\n영상을 끝까지 시청하시고, 대한민국 외식업계의 서글픈 민낯에 대한 여러분의 소중한 의견을 댓글로 남겨주세요.\n\n📌 오늘 영상의 핵심 포인트\n\n명륜당 오너의 불법 대부업 스캔들과 산업은행의 최후통첩\n샤브올데이 헐값 매각(1,300억)이 '야반도주'인 이유\n본사 이익률 30% vs 점주들의 쥐꼬리 수익, 그 착취의 메커니즘\n외국 자본 유입 이후 가맹점주들이 마주할 가혹한 미래\n\n#명륜진사갈비 #명륜당 #샤브올데이 #졸리비 #헐값매각 #외식업계실태 #가맹점주 #무한리필 #경제 #경제학 #사기 #대부업 #점주 #"", ""thumbnails"": {""default"": {""url"": ""https://i.ytimg.com/vi/jyUqmVmcSNo/default.jpg"", ""width"": 120, ""height"": 90}, ""medium"": {""url"": ""https://i.ytimg.com/vi/jyUqmVmcSNo/mqdefault.jpg"", ""width"": 320, ""height"": 180}, ""high"": {""url"": ""https://i.ytimg.com/vi/jyUqmVmcSNo/hqdefault.jpg"", ""width"": 480, ""height"": 360}, ""standard"": {""url"": ""https://i.ytimg.com/vi/jyUqmVmcSNo/sddefault.jpg"", ""width"": 640, ""height"": 480}, ""maxres"": {""url"": ""https://i.ytimg.com/vi/jyUqmVmcSNo/maxresdefault.jpg"", ""width"": 1280, ""height"": 720}}, ""channelTitle"": ""경제 복덕방"", ""tags"": [""경제학"", ""환율"", ""주식"", ""비트코인"", ""인플레이션"", ""금융"", ""명륜진사갈비"", ""명륜당"", ""샤브올데이"", ""졸리비"", ""헐값매각"", ""외식업계"", ""가맹점주"", ""무한리필"", ""불법대부업"", ""오너리스크"", ""대부업"", ""사기"", ""올리비""], ""categoryId"": ""25"", ""liveBroadcastContent"": ""none"", ""defaultLanguage"": ""ko"", ""localized"": {""title"": ""제발 가지마세요. 악덕업체 명륜진사갈비, 샤브올데이 헐값 매각. 그 추악한 실태."", ""description"": ""가맹점에게 대부업하는 명륜진사갈비의 배신? \n샤브올데이 헐값 매각 뒤에 숨겨진 추악한 진실\n\n **'샤브올데이'**가 왜 갑자기 필리핀 자본(졸리비, Jollibee)에 1,300억 원이라는 말도 안 되는 헐값에 매각되어야 했을까요? 그 이면에는 오너의 불법 대부업 스캔들과 산업은행의 650억 원 상환 독촉이라는 소름 끼치는 진실이 숨어 있었습니다.\n\n영상을 끝까지 시청하시고, 대한민국 외식업계의 서글픈 민낯에 대한 여러분의 소중한 의견을 댓글로 남겨주세요.\n\n📌 오늘 영상의 핵심 포인트\n\n명륜당 오너의 불법 대부업 스캔들과 산업은행의 최후통첩\n샤브올데이 헐값 매각(1,300억)이 '야반도주'인 이유\n본사 이익률 30% vs 점주들의 쥐꼬리 수익, 그 착취의 메커니즘\n외국 자본 유입 이후 가맹점주들이 마주할 가혹한 미래\n\n#명륜진사갈비 #명륜당 #샤브올데이 #졸리비 #헐값매각 #외식업계실태 #가맹점주 #무한리필 #경제 #경제학 #사기 #대부업 #점주 #""}}, ""statistics"": {""viewCount"": ""844"", ""likeCount"": ""8"", ""favoriteCount"": ""0"", ""commentCount"": ""3""}}",,,,
샤브올데이,single_term_fallback,샤브올데이,tELePJt71bs,다이어트 외식 성지 찾았다! 샤브올데이 🥗,2026-04-21T09:18:28Z,1903.0,17.0,4.0,https://www.youtube.com/watch?v=tELePJt71bs,youtube,샤브올데이,canonical,1.0,2026-05-26T11:17:04.805326+00:00,1903,17,4,21,그좋부부(gujotbubu),"*광고 다이어트 외식 성지 찾았다! 샤브올데이 🥗✨

식이섬유 폭탄 숙주부터 단백질 듬뿍 소고기까지!
여기까진 완벽했는데... 샐러드바랑 디저트 코너 퀄리티 보고
이성의 끈 놓아버렸습니다 😅

탄단지 완벽 조화라고 합리화하며 배 터지게 먹고 옴!
가성비 미쳤으니까 다들 고무줄 바지 입고 가세요..

📌 체크포인트
✅ 신선한 야채 & 소고기 무한리필
✅ 주류 무제한 🍻
✅ 치즈 분수 & 디저트까지 완벽 코스

샤브올데이 천안불당점
충남 천안시 서북구 불당4로 101 2층

⚠ 지점별로 구성메뉴 및 주류 제공 방식에는 차이가 있을 수 있어요!
 #샤브올데이 #샤브샤브 #다이어트 #신혼부부 #부부","{""kind"": ""youtube#video"", ""etag"": ""J_Vx6Lx64hkWwsgxNe-6-ldGARI"", ""id"": ""tELePJt71bs"", ""snippet"": {""publishedAt"": ""2026-04-21T09:18:28Z"", ""channelId"": ""UCJzKm31-Whb-InAgVqaS9dQ"", ""title"": ""다이어트 외식 성지 찾았다! 샤브올데이 🥗"", ""description"": ""*광고 다이어트 외식 성지 찾았다! 샤브올데이 🥗✨\n\n식이섬유 폭탄 숙주부터 단백질 듬뿍 소고기까지!\n여기까진 완벽했는데... 샐러드바랑 디저트 코너 퀄리티 보고\n이성의 끈 놓아버렸습니다 😅\n\n탄단지 완벽 조화라고 합리화하며 배 터지게 먹고 옴!\n가성비 미쳤으니까 다들 고무줄 바지 입고 가세요..\n\n📌 체크포인트\n✅ 신선한 야채 & 소고기 무한리필\n✅ 주류 무제한 🍻\n✅ 치즈 분수 & 디저트까지 완벽 코스\n\n샤브올데이 천안불당점\n충남 천안시 서북구 불당4로 101 2층\n\n⚠ 지점별로 구성메뉴 및 주류 제공 방식에는 차이가 있을 수 있어요!\n #샤브올데이 #샤브샤브 #다이어트 #신혼부부 #부부"", ""thumbnails"": {""default"": {""url"": ""https://i.ytimg.com/vi/tELePJt71bs/default.jpg"", ""width"": 120, ""height"": 90}, ""medium"": {""url"": ""https://i.ytimg.com/vi/tELePJt71bs/mqdefault.jpg"", ""width"": 320, ""height"": 180}, ""high"": {""url"": ""https://i.ytimg.com/vi/tELePJt71bs/hqdefault.jpg"", ""width"": 480, ""height"": 360}, ""standard"": {""url"": ""https://i.ytimg.com/vi/tELePJt71bs/sddefault.jpg"", ""width"": 640, ""height"": 480}, ""maxres"": {""url"": ""https://i.ytimg.com/vi/tELePJt71bs/maxresdefault.jpg"", ""width"": 1280, ""height"": 720}}, ""channelTitle"": ""그좋부부(gujotbubu)"", ""categoryId"": ""22"", ""liveBroadcastContent"": ""none"", ""defaultLanguage"": ""ko"", ""localized"": {""title"": ""다이어트 외식 성지 찾았다! 샤브올데이 🥗"", ""description"": ""*광고 다이어트 외식 성지 찾았다! 샤브올데이 🥗✨\n\n식이섬유 폭탄 숙주부터 단백질 듬뿍 소고기까지!\n여기까진 완벽했는데... 샐러드바랑 디저트 코너 퀄리티 보고\n이성의 끈 놓아버렸습니다 😅\n\n탄단지 완벽 조화라고 합리화하며 배 터지게 먹고 옴!\n가성비 미쳤으니까 다들 고무줄 바지 입고 가세요..\n\n📌 체크포인트\n✅ 신선한 야채 & 소고기 무한리필\n✅ 주류 무제한 🍻\n✅ 치즈 분수 & 디저트까지 완벽 코스\n\n샤브올데이 천안불당점\n충남 천안시 서북구 불당4로 101 2층\n\n⚠ 지점별로 구성메뉴 및 주류 제공 방식에는 차이가 있을 수 있어요!\n #샤브올데이 #샤브샤브 #다이어트 #신혼부부 #부부""}}, ""statistics"": {""viewCount"": ""1903"", ""likeCount"": ""17"", ""favoriteCount"": ""0"", ""commentCount"": ""4""}}",,,,
샤브올데이,single_term_fallback,샤브올데이,zKmVm7IhbaA,벌써 샤브올데이 3회차 ㅠ단백질파에게는 극강의 가성비라 포기 못 함 #koreanfood,2026-03-20T11:10:06Z,1405.0,12.0,1.0,https://www.youtube.com/watch?v=zKmVm7IhbaA,youtube,샤브올데이,canonical,1.0,2026-05-26T11:17:04.805326+00:00,1405,12,1,13,지니,,"{""kind"": ""youtube#video"", ""etag"": ""qS9o5HEd5dTBIo5iDqP461aRzqI"", ""id"": ""zKmVm7IhbaA"", ""snippet"": {""publishedAt"": ""2026-03-20T11:10:06Z"", ""channelId"": ""UC1SJhcsO0kZ3xoaiLGpg7Eg"", ""title"": ""벌써 샤브올데이 3회차 ㅠ단백질파에게는 극강의 가성비라 포기 못 함 #koreanfood"", ""description"": """", ""thumbnails"": {""default"": {""url"": ""https://i.ytimg.com/vi/zKmVm7IhbaA/default.jpg"", ""width"": 120, ""height"": 90}, ""medium"": {""url"": ""https://i.ytimg.com/vi/zKmVm7IhbaA/mqdefault.jpg"", ""width"": 320, ""height"": 180}, ""high"": {""url"": ""https://i.ytimg.com/vi/zKmVm7IhbaA/hqdefault.jpg"", ""width"": 480, ""height"": 360}, ""standard"": {""url"": ""https://i.ytimg.com/vi/zKmVm7IhbaA/sddefault.jpg"", ""width"": 640, ""height"": 480}, ""maxres"": {""url"": ""https://i.ytimg.com/vi/zKmVm7IhbaA/maxresdefault.jpg"", ""width"": 1280, ""height"": 720}}, ""channelTitle"": ""지니"", ""categoryId"": ""22"", ""liveBroadcastContent"": ""none"", ""defaultLanguage"": ""ko"", ""localized"": {""title"": ""벌써 샤브올데이 3회차 ㅠ단백질파에게는 극강의 가성비라 포기 못 함 #koreanfood"", ""description"": """"}, ""defaultAudioLanguage"": ""ko""}, ""statistics"": {""viewCount"": ""1405"", ""likeCount"": ""12"", ""favoriteCount"": ""0"", ""commentCount"": ""1""}}",,,,
샤브올데이,single_term_fallback,샤브올데이,SIJrHTTfSik,1%만 아는 진짜 비결   #샤브샤브 #샤브올데이 #뷔페 #맛집추천,2026-05-10T01:30:08Z,1700.0,35.0,0.0,https://www.youtube.com/watch?v=SIJrHTTfSik,youtube,샤브올데이,canonical,1.0,2026-05-26T11:17:04.805326+00:00,1700,35,0,35,물톡 ,"지금까지 샤브샤브 먹은 시간들이 아까워지네요.. 
1%만 아는 진짜 비결, 
고기보다 '이것'이 먼저입니다. 
당신은 어떻게 드시나요? 댓글로 알려주세요!""","{""kind"": ""youtube#video"", ""etag"": ""6izmOxCJbBAp3YyuX6D3_xhh-tI"", ""id"": ""SIJrHTTfSik"", ""snippet"": {""publishedAt"": ""2026-05-10T01:30:08Z"", ""channelId"": ""UCApD_x8kgOVbtTT6a8OvzTw"", ""title"": ""1%만 아는 진짜 비결   #샤브샤브 #샤브올데이 #뷔페 #맛집추천"", ""description"": ""지금까지 샤브샤브 먹은 시간들이 아까워지네요.. \n1%만 아는 진짜 비결, \n고기보다 '이것'이 먼저입니다. \n당신은 어떻게 드시나요? 댓글로 알려주세요!\"""", ""thumbnails"": {""default"": {""url"": ""https://i.ytimg.com/vi/SIJrHTTfSik/default.jpg"", ""width"": 120, ""height"": 90}, ""medium"": {""url"": ""https://i.ytimg.com/vi/SIJrHTTfSik/mqdefault.jpg"", ""width"": 320, ""height"": 180}, ""high"": {""url"": ""https://i.ytimg.com/vi/SIJrHTTfSik/hqdefault.jpg"", ""width"": 480, ""height"": 360}, ""standard"": {""url"": ""https://i.ytimg.com/vi/SIJrHTTfSik/sddefault.jpg"", ""width"": 640, ""height"": 480}, ""maxres"": {""url"": ""https://i.ytimg.com/vi/SIJrHTTfSik/maxresdefault.jpg"", ""width"": 1280, ""height"": 720}}, ""channelTitle"": ""물톡 "", ""tags"": [""맛집"", ""건강음식"", ""버섯"", ""배추"", ""올데이샤브샤브""], ""categoryId"": ""27"", ""liveBroadcastContent"": ""none"", ""defaultLanguage"": ""ko"", ""localized"": {""title"": ""1%만 아는 진짜 비결   #샤브샤브 #샤브올데이 #뷔페 #맛집추천"", ""description"": ""지금까지 샤브샤브 먹은 시간들이 아까워지네요.. \n1%만 아는 진짜 비결, \n고기보다 '이것'이 먼저입니다. \n당신은 어떻게 드시나요? 댓글로 알려주세요!\""""}, ""defaultAudioLanguage"": ""ko""}, ""statistics"": {""viewCount"": ""1700"", ""likeCount"": ""35"", ""favoriteCount"": ""0"", ""commentCount"": ""0""}}",,,,
샤브올데이,single_term_fallback,샤브올데이,qPTkgsrgu8U,샤브올데이 5월달에 싸게 가는 법 I 샤브올데이 7천원 할인받기(단 5월만),2026-05-14T02:07:50Z,2315.0,7.0,0.0,https://www.youtube.com/watch?v=qPTkgsrgu8U,youtube,샤브올데이,canonical,1.0,2026-05-26T11:17:04.805326+00:00,2315,7,0,7,월클꿀팁,"*이 포스팅은 쿠팡 파트너스 활동의 일환으로 일정액의 수수료를 지급받습니다.
월클꿀팁 특가 엄선 : https://influencers.coupang.com/s/worldclasstip

★겜스고(세계최대 유튜브 전문 우회업체, 넷플릭스, 챗GPT, 재미나이 한달 약3천원) : http://ko.gamsgo.com/partner/H9Tm2
프로모션 코드(어떤 유튜브,블로그 보다 최저가할인코드) : PQR6M

문의 : howtostylehelp@naver.com","{""kind"": ""youtube#video"", ""etag"": ""RLPugaXO7A_a5dgBs_rKtc6WKGw"", ""id"": ""qPTkgsrgu8U"", ""snippet"": {""publishedAt"": ""2026-05-14T02:07:50Z"", ""channelId"": ""UCenpYIruuhAITumW-5KBB2Q"", ""title"": ""샤브올데이 5월달에 싸게 가는 법 I 샤브올데이 7천원 할인받기(단 5월만)"", ""description"": ""*이 포스팅은 쿠팡 파트너스 활동의 일환으로 일정액의 수수료를 지급받습니다.\n월클꿀팁 특가 엄선 : https://influencers.coupang.com/s/worldclasstip\n\n★겜스고(세계최대 유튜브 전문 우회업체, 넷플릭스, 챗GPT, 재미나이 한달 약3천원) : http://ko.gamsgo.com/partner/H9Tm2\n프로모션 코드(어떤 유튜브,블로그 보다 최저가할인코드) : PQR6M\n\n문의 : howtostylehelp@naver.com"", ""thumbnails"": {""default"": {""url"": ""https://i.ytimg.com/vi/qPTkgsrgu8U/default.jpg"", ""width"": 120, ""height"": 90}, ""medium"": {""url"": ""https://i.ytimg.com/vi/qPTkgsrgu8U/mqdefault.jpg"", ""width"": 320, ""height"": 180}, ""high"": {""url"": ""https://i.ytimg.com/vi/qPTkgsrgu8U/hqdefault.jpg"", ""width"": 480, ""height"": 360}, ""standard"": {""url"": ""https://i.ytimg.com/vi/qPTkgsrgu8U/sddefault.jpg"", ""width"": 640, ""height"": 480}, ""maxres"": {""url"": ""https://i.ytimg.com/vi/qPTkgsrgu8U/maxresdefault.jpg"", ""width"": 1280, ""height"": 720}}, ""channelTitle"": ""월클꿀팁"", ""tags"": [""정가거부"", ""정가거부 유튜버"", ""샤브올데이"", ""샤브올데이 할인"", ""샤브올데이 할인받는법"", ""샤브올데이 꿀팁"", ""샤브올데이 저렴하게"", ""샤브올데이 쿠폰"", ""샤브올데이 가격"", ""샤브올데이 런치"", ""샤브올데이 디너"", ""샤브올데이 평일할인"", ""샤브올데이 주말가격"", ""샤브올데이 멤버십"", ""샤브올데이 이벤트"", ""샤브올데이 추천"", ""샤브샤브 무한리필"", ""무한리필 맛집"", ""가성비 맛집"", ""외식 할인"", ""쿠폰 할인"", ""네이버 예약 할인"", ""카카오 할인"", ""통신사 할인"", ""포인트 할인"", ""샤브샤브 맛집"", ""뷔페 추천"", ""핫플 맛집"", ""먹방 숏츠"", ""맛집 숏츠"", ""외식 꿀팁"", ""생활 꿀팁"", ""데이트 맛집"", ""가족외식 추천"", ""학생 할인"", ""직장인 점심"", ""샤브올데이 리뷰"", ""샤브올데이 이용팁"", ""샤브올데이 방문후기"", ""샤브올데이 인기메뉴"", ""샤브올데이 소고기"", ""샤브올데이 월남쌈"", ""샤브올데이 샐러드바"", ""샤브올데이 할인카드"", ""샤브올데이 적립"", ""맛집 추천"", ""뷔페 할인"", ""가성비 외식"", ""외식비 절약""], ""categoryId"": ""26"", ""liveBroadcastContent"": ""none"", ""defaultLanguage"": ""ko"", ""localized"": {""title"": ""샤브올데이 5월달에 싸게 가는 법 I 샤브올데이 7천원 할인받기(단 5월만)"", ""description"": ""*이 포스팅은 쿠팡 파트너스 활동의 일환으로 일정액의 수수료를 지급받습니다.\n월클꿀팁 특가 엄선 : https://influencers.coupang.com/s/worldclasstip\n\n★겜스고(세계최대 유튜브 전문 우회업체, 넷플릭스, 챗GPT, 재미나이 한달 약3천원) : http://ko.gamsgo.com/partner/H9Tm2\n프로모션 코드(어떤 유튜브,블로그 보다 최저가할인코드) : PQR6M\n\n문의 : howtostylehelp@naver.com""}}, ""statistics"": {""viewCount"": ""2315"", ""likeCount"": ""7"", ""favoriteCount"": ""0"", ""commentCount"": ""0""}}",,,,
샤브올데이,single_term_fallback,샤브올데이,JS0qgdPj0Ug,샤브올데이 먹방 !!,2026-03-23T03:45:35Z,1818.0,17.0,1.0,https://www.youtube.com/watch?v=JS0qgdPj0Ug,youtube,샤브올데이,canonical,1.0,2026-05-26T11:17:04.805326+00:00,1818,17,1,18,와뜨기,"샤브올데이 뿌시고 왔어욤 

마라땅콩도삭면에 미나리삼겹살비빔밥 말아주고,,, 자이언트 월남쌈, 디저트로 망고빙수까지 바쁘다 바빠 🤓💛

#샤브올데이 #샤브샤브 #청주터미널점 #마라땅콩도삭면 #자이언트월남쌈","{""kind"": ""youtube#video"", ""etag"": ""pdDz1QBYz4I5UZqWejSHnq5VikQ"", ""id"": ""JS0qgdPj0Ug"", ""snippet"": {""publishedAt"": ""2026-03-23T03:45:35Z"", ""channelId"": ""UCqsj-EMunTSPwSlyoij-RYQ"", ""title"": ""샤브올데이 먹방 !!"", ""description"": ""샤브올데이 뿌시고 왔어욤 \n\n마라땅콩도삭면에 미나리삼겹살비빔밥 말아주고,,, 자이언트 월남쌈, 디저트로 망고빙수까지 바쁘다 바빠 🤓💛\n\n#샤브올데이 #샤브샤브 #청주터미널점 #마라땅콩도삭면 #자이언트월남쌈"", ""thumbnails"": {""default"": {""url"": ""https://i.ytimg.com/vi/JS0qgdPj0Ug/default.jpg"", ""width"": 120, ""height"": 90}, ""medium"": {""url"": ""https://i.ytimg.com/vi/JS0qgdPj0Ug/mqdefault.jpg"", ""width"": 320, ""height"": 180}, ""high"": {""url"": ""https://i.ytimg.com/vi/JS0qgdPj0Ug/hqdefault.jpg"", ""width"": 480, ""height"": 360}, ""standard"": {""url"": ""https://i.ytimg.com/vi/JS0qgdPj0Ug/sddefault.jpg"", ""width"": 640, ""height"": 480}, ""maxres"": {""url"": ""https://i.ytimg.com/vi/JS0qgdPj0Ug/maxresdefault.jpg"", ""width"": 1280, ""height"": 720}}, ""channelTitle"": ""와뜨기"", ""categoryId"": ""22"", ""liveBroadcastContent"": ""none"", ""defaultLanguage"": ""ko"", ""localized"": {""title"": ""샤브올데이 먹방 !!"", ""description"": ""샤브올데이 뿌시고 왔어욤 \n\n마라땅콩도삭면에 미나리삼겹살비빔밥 말아주고,,, 자이언트 월남쌈, 디저트로 망고빙수까지 바쁘다 바빠 🤓💛\n\n#샤브올데이 #샤브샤브 #청주터미널점 #마라땅콩도삭면 #자이언트월남쌈""}}, ""statistics"": {""viewCount"": ""1818"", ""likeCount"": ""17"", ""favoriteCount"": ""0"", ""commentCount"": ""1""}}",,,,
샤브올데이,single_term_fallback,샤브올데이,NE7IFjL9U10,샤브올데이 직원들은 이렇게 먹는다는데요?,2026-03-25T08:46:03Z,1229.0,10.0,0.0,https://www.youtube.com/watch?v=NE7IFjL9U10,youtube,샤브올데이,canonical,1.0,2026-05-26T11:17:04.805326+00:00,1229,10,0,10,맛집은 송팔팔,,"{""kind"": ""youtube#video"", ""etag"": ""fRzXFK2jjwnZQ7WJGtOHfyrjR4M"", ""id"": ""NE7IFjL9U10"", ""snippet"": {""publishedAt"": ""2026-03-25T08:46:03Z"", ""channelId"": ""UCyJHJnnFkiTokfv41Ol-Q4Q"", ""title"": ""샤브올데이 직원들은 이렇게 먹는다는데요?"", ""description"": """", ""thumbnails"": {""default"": {""url"": ""https://i.ytimg.com/vi/NE7IFjL9U10/default.jpg"", ""width"": 120, ""height"": 90}, ""medium"": {""url"": ""https://i.ytimg.com/vi/NE7IFjL9U10/mqdefault.jpg"", ""width"": 320, ""height"": 180}, ""high"": {""url"": ""https://i.ytimg.com/vi/NE7IFjL9U10/hqdefault.jpg"", ""width"": 480, ""height"": 360}, ""standard"": {""url"": ""https://i.ytimg.com/vi/NE7IFjL9U10/sddefault.jpg"", ""width"": 640, ""height"": 480}, ""maxres"": {""url"": ""https://i.ytimg.com/vi/NE7IFjL9U10/maxresdefault.jpg"", ""width"": 1280, ""height"": 720}}, ""channelTitle"": ""맛집은 송팔팔"", ""categoryId"": ""22"", ""liveBroadcastContent"": ""none"", ""defaultLanguage"": ""ko"", ""localized"": {""title"": ""샤브올데이 직원들은 이렇게 먹는다는데요?"", ""description"": """"}}, ""statistics"": {""viewCount"": ""1229"", ""likeCount"": ""10"", ""favoriteCount"": ""0"", ""commentCount"": ""0""}}",,,,
샤브올데이,single_term_fallback,샤브올데이,EFc3FAvw8xQ,#샤브올데이 #샤브샤브  #서울샤브샤브 #월남쌈맛집 #샤브샤브맛집 #고척맛집추천 #구로데이트 #서울맛집추천 #미나리맛집 #곤드레밥맛집 #서울핫플 #맛집추천 #호텔식샤브뷔페,2026-03-25T13:03:50Z,1393.0,3.0,0.0,https://www.youtube.com/watch?v=EFc3FAvw8xQ,youtube,샤브올데이,canonical,1.0,2026-05-26T11:17:04.805326+00:00,1393,3,0,3,맛타령,"🥬 성격 급한 친구가 답답하다며 알려준 세상 맛있는 꿀팁입니다.

라이스페이퍼 3장에 신선한 채소 듬뿍,
소고기 듬뿍 넣고 소스까지 올려서 한입 먹는 순간
입안 가득 차는 그 느낌이 완전히 다릅니다.
이거 한 번 해보면 예전처럼 못 먹습니다.

🔥 소고기 3종에 60여 가지 샐러드바라
그날 기분대로 조합 바꿔가며 먹는 재미가 있습니다.
샤브인데도 계속 새로운 맛이 나옵니다.

🌿 곤드레밥에 미나리 듬뿍 올리고
열무김치까지 넣어 비비면
고소함에 상큼함까지 더해져서
여기서 또 한 번 맛이 바뀝니다.

🥢 샤브 → 월남쌈 → 비빔밥
이 순서로 먹으면
그냥 한 끼가 아니라 코스처럼 이어집니다.

🥭 마지막은 망고빙수입니다.
망고를 아낌없이 올려줘서
입안 깔끔하게 정리되면서 마무리됩니다.

👉 이렇게 먹으면
샤브올데이 또 한바
제대로 즐긴 날이죠!

📍 샤브올데이 서울고척점
주소: 서울 구로구 경인로 393-7 2동 1층
전화번호: 0507-1407-4090

#샤브올데이 #샤브올데이서울고척점 #고척맛집 #구로맛집 #서울샤브샤브 #월남쌈맛집 #샤브샤브맛집 #고척맛집추천 #구로데이트 #서울맛집추천 #미나리맛집 #곤드레밥맛집 #망고빙수맛집 #서울핫플 #맛집추천 #호텔식샤브뷔페","{""kind"": ""youtube#video"", ""etag"": ""Ks-n1FUChuEqv6O0RyOYpKQ1h10"", ""id"": ""EFc3FAvw8xQ"", ""snippet"": {""publishedAt"": ""2026-03-25T13:03:50Z"", ""channelId"": ""UCvoDlJ1hcAFB8t-XurzVMFA"", ""title"": ""#샤브올데이 #샤브샤브  #서울샤브샤브 #월남쌈맛집 #샤브샤브맛집 #고척맛집추천 #구로데이트 #서울맛집추천 #미나리맛집 #곤드레밥맛집 #서울핫플 #맛집추천 #호텔식샤브뷔페"", ""description"": ""🥬 성격 급한 친구가 답답하다며 알려준 세상 맛있는 꿀팁입니다.\n\n라이스페이퍼 3장에 신선한 채소 듬뿍,\n소고기 듬뿍 넣고 소스까지 올려서 한입 먹는 순간\n입안 가득 차는 그 느낌이 완전히 다릅니다.\n이거 한 번 해보면 예전처럼 못 먹습니다.\n\n🔥 소고기 3종에 60여 가지 샐러드바라\n그날 기분대로 조합 바꿔가며 먹는 재미가 있습니다.\n샤브인데도 계속 새로운 맛이 나옵니다.\n\n🌿 곤드레밥에 미나리 듬뿍 올리고\n열무김치까지 넣어 비비면\n고소함에 상큼함까지 더해져서\n여기서 또 한 번 맛이 바뀝니다.\n\n🥢 샤브 → 월남쌈 → 비빔밥\n이 순서로 먹으면\n그냥 한 끼가 아니라 코스처럼 이어집니다.\n\n🥭 마지막은 망고빙수입니다.\n망고를 아낌없이 올려줘서\n입안 깔끔하게 정리되면서 마무리됩니다.\n\n👉 이렇게 먹으면\n샤브올데이 또 한바\n제대로 즐긴 날이죠!\n\n📍 샤브올데이 서울고척점\n주소: 서울 구로구 경인로 393-7 2동 1층\n전화번호: 0507-1407-4090\n\n#샤브올데이 #샤브올데이서울고척점 #고척맛집 #구로맛집 #서울샤브샤브 #월남쌈맛집 #샤브샤브맛집 #고척맛집추천 #구로데이트 #서울맛집추천 #미나리맛집 #곤드레밥맛집 #망고빙수맛집 #서울핫플 #맛집추천 #호텔식샤브뷔페"", ""thumbnails"": {""default"": {""url"": ""https://i.ytimg.com/vi/EFc3FAvw8xQ/default.jpg"", ""width"": 120, ""height"": 90}, ""medium"": {""url"": ""https://i.ytimg.com/vi/EFc3FAvw8xQ/mqdefault.jpg"", ""width"": 320, ""height"": 180}, ""high"": {""url"": ""https://i.ytimg.com/vi/EFc3FAvw8xQ/hqdefault.jpg"", ""width"": 480, ""height"": 360}, ""standard"": {""url"": ""https://i.ytimg.com/vi/EFc3FAvw8xQ/sddefault.jpg"", ""width"": 640, ""height"": 480}, ""maxres"": {""url"": ""https://i.ytimg.com/vi/EFc3FAvw8xQ/maxresdefault.jpg"", ""width"": 1280, ""height"": 720}}, ""channelTitle"": ""맛타령"", ""categoryId"": ""22"", ""liveBroadcastContent"": ""none"", ""defaultLanguage"": ""ko"", ""localized"": {""title"": ""#샤브올데이 #샤브샤브  #서울샤브샤브 #월남쌈맛집 #샤브샤브맛집 #고척맛집추천 #구로데이트 #서울맛집추천 #미나리맛집 #곤드레밥맛집 #서울핫플 #맛집추천 #호텔식샤브뷔페"", ""description"": ""🥬 성격 급한 친구가 답답하다며 알려준 세상 맛있는 꿀팁입니다.\n\n라이스페이퍼 3장에 신선한 채소 듬뿍,\n소고기 듬뿍 넣고 소스까지 올려서 한입 먹는 순간\n입안 가득 차는 그 느낌이 완전히 다릅니다.\n이거 한 번 해보면 예전처럼 못 먹습니다.\n\n🔥 소고기 3종에 60여 가지 샐러드바라\n그날 기분대로 조합 바꿔가며 먹는 재미가 있습니다.\n샤브인데도 계속 새로운 맛이 나옵니다.\n\n🌿 곤드레밥에 미나리 듬뿍 올리고\n열무김치까지 넣어 비비면\n고소함에 상큼함까지 더해져서\n여기서 또 한 번 맛이 바뀝니다.\n\n🥢 샤브 → 월남쌈 → 비빔밥\n이 순서로 먹으면\n그냥 한 끼가 아니라 코스처럼 이어집니다.\n\n🥭 마지막은 망고빙수입니다.\n망고를 아낌없이 올려줘서\n입안 깔끔하게 정리되면서 마무리됩니다.\n\n👉 이렇게 먹으면\n샤브올데이 또 한바\n제대로 즐긴 날이죠!\n\n📍 샤브올데이 서울고척점\n주소: 서울 구로구 경인로 393-7 2동 1층\n전화번호: 0507-1407-4090\n\n#샤브올데이 #샤브올데이서울고척점 #고척맛집 #구로맛집 #서울샤브샤브 #월남쌈맛집 #샤브샤브맛집 #고척맛집추천 #구로데이트 #서울맛집추천 #미나리맛집 #곤드레밥맛집 #망고빙수맛집 #서울핫플 #맛집추천 #호텔식샤브뷔페""}}, ""statistics"": {""viewCount"": ""1393"", ""likeCount"": ""3"", ""favoriteCount"": ""0"", ""commentCount"": ""0""}}",,,,
샤브올데이,single_term_fallback,샤브올데이,wn_Xpb4WarQ,"샤브올데이 조아,,",2026-04-10T00:26:55Z,1568.0,4.0,2.0,https://www.youtube.com/watch?v=wn_Xpb4WarQ,youtube,샤브올데이,canonical,1.0,2026-05-26T11:17:04.805326+00:00,1568,4,2,6,호미의 소비일기,,"{""kind"": ""youtube#video"", ""etag"": ""hRKWS8PwrUt5_FBnzCjWgt5yFcU"", ""id"": ""wn_Xpb4WarQ"", ""snippet"": {""publishedAt"": ""2026-04-10T00:26:55Z"", ""channelId"": ""UCejFxqt3Nlc7ajVCrxh0Img"", ""title"": ""샤브올데이 조아,,"", ""description"": """", ""thumbnails"": {""default"": {""url"": ""https://i.ytimg.com/vi/wn_Xpb4WarQ/default.jpg"", ""width"": 120, ""height"": 90}, ""medium"": {""url"": ""https://i.ytimg.com/vi/wn_Xpb4WarQ/mqdefault.jpg"", ""width"": 320, ""height"": 180}, ""high"": {""url"": ""https://i.ytimg.com/vi/wn_Xpb4WarQ/hqdefault.jpg"", ""width"": 480, ""height"": 360}, ""standard"": {""url"": ""https://i.ytimg.com/vi/wn_Xpb4WarQ/sddefault.jpg"", ""width"": 640, ""height"": 480}, ""maxres"": {""url"": ""https://i.ytimg.com/vi/wn_Xpb4WarQ/maxresdefault.jpg"", ""width"": 1280, ""height"": 720}}, ""channelTitle"": ""호미의 소비일기"", ""categoryId"": ""22"", ""liveBroadcastContent"": ""none"", ""defaultLanguage"": ""ko"", ""localized"": {""title"": ""샤브올데이 조아,,"", ""description"": """"}}, ""statistics"": {""viewCount"": ""1568"", ""likeCount"": ""4"", ""favoriteCount"": ""0"", ""commentCount"": ""2""}}",,,,
샤브올데이,single_term_fallback,샤브올데이,H3tDrZyzyEQ,매력 만점 조다빈 치어리더 샤브올데이 댄스 #shorts #매력 #치어리더 #조다빈,2026-03-10T22:00:00Z,2408.0,141.0,2.0,https://www.youtube.com/watch?v=H3tDrZyzyEQ,youtube,샤브올데이,canonical,1.0,2026-05-26T11:17:04.805326+00:00,2408,141,2,143,파선tv,"#샤브올데이 #댄스 
#파선tv #구독","{""kind"": ""youtube#video"", ""etag"": ""SBcPHqbjy6SA1ej1f-g5NG3SZQc"", ""id"": ""H3tDrZyzyEQ"", ""snippet"": {""publishedAt"": ""2026-03-10T22:00:00Z"", ""channelId"": ""UChJzm5V8nm4x2FLAZ-tH_Tw"", ""title"": ""매력 만점 조다빈 치어리더 샤브올데이 댄스 #shorts #매력 #치어리더 #조다빈"", ""description"": ""#샤브올데이 #댄스 \n#파선tv #구독"", ""thumbnails"": {""default"": {""url"": ""https://i.ytimg.com/vi/H3tDrZyzyEQ/default.jpg"", ""width"": 120, ""height"": 90}, ""medium"": {""url"": ""https://i.ytimg.com/vi/H3tDrZyzyEQ/mqdefault.jpg"", ""width"": 320, ""height"": 180}, ""high"": {""url"": ""https://i.ytimg.com/vi/H3tDrZyzyEQ/hqdefault.jpg"", ""width"": 480, ""height"": 360}, ""standard"": {""url"": ""https://i.ytimg.com/vi/H3tDrZyzyEQ/sddefault.jpg"", ""width"": 640, ""height"": 480}, ""maxres"": {""url"": ""https://i.ytimg.com/vi/H3tDrZyzyEQ/maxresdefault.jpg"", ""width"": 1280, ""height"": 720}}, ""channelTitle"": ""파선tv"", ""categoryId"": ""22"", ""liveBroadcastContent"": ""none"", ""defaultLanguage"": ""ko"", ""localized"": {""title"": ""매력 만점 조다빈 치어리더 샤브올데이 댄스 #shorts #매력 #치어리더 #조다빈"", ""description"": ""#샤브올데이 #댄스 \n#파선tv #구독""}, ""defaultAudioLanguage"": ""ko""}, ""statistics"": {""viewCount"": ""2408"", ""likeCount"": ""141"", ""favoriteCount"": ""0"", ""commentCount"": ""2""}}",,,,
샤브올데이,single_term_fallback,샤브올데이,eqUakEjlJV8,치즈폭포 쏟아지는 집! 무제한이라 미쳤다 진짜,2026-04-10T07:00:41Z,1410.0,23.0,0.0,https://www.youtube.com/watch?v=eqUakEjlJV8,youtube,샤브올데이,canonical,1.0,2026-05-26T11:17:04.805326+00:00,1410,23,0,23,경례하는언니,"치즈폭포가 쏟아진다!!🧀

치즈덕후들 환장 할
치즈분수 파티중인 샤브올데이!

신메뉴로 크런치 인절미, 콘너겟, 치킨에
치즈 퐁당 찍는 순간 끝!

피자에 콘너겟 말아서 찍먹하거나
소떡소떡까지 치즈 입히는 조합까지 가능

떡볶이에 치즈 부으면
로제떡볶이 완성되고

마무리는 치즈애플망고빙수로
상큼한 마무리까지💥

60여 가지 샐러드바에
소고기, 야채, 음료, 과일, 
아이스크림, 빙수, 맥주까지!

이거 싹 다 무제한으로 즐길 수 있어서
왜 사람 몰리는지 바로 이해됨

※치즈퐁듀 SNS 인증 시식권 이벤트도 진행중
공식계정 @sballday_offcial

※지점별 구성메뉴, 주류 제공 방식은 다를 수 있습니다

#샤브올데이부산대연점
📍부산 남구 못골로 87 대연스퀘어 4층
🕐11:00~21:30
📞051-621-6777

#샤브올데이 #샤브샤브 #샤브올데이신메뉴 #치즈퐁듀 #광고","{""kind"": ""youtube#video"", ""etag"": ""jFTgQVsnn2ZgnDnkd2bZ1jzCNHk"", ""id"": ""eqUakEjlJV8"", ""snippet"": {""publishedAt"": ""2026-04-10T07:00:41Z"", ""channelId"": ""UCKg1nmtO4_e9ZJci0sL4zKg"", ""title"": ""치즈폭포 쏟아지는 집! 무제한이라 미쳤다 진짜"", ""description"": ""치즈폭포가 쏟아진다!!🧀\n\n치즈덕후들 환장 할\n치즈분수 파티중인 샤브올데이!\n\n신메뉴로 크런치 인절미, 콘너겟, 치킨에\n치즈 퐁당 찍는 순간 끝!\n\n피자에 콘너겟 말아서 찍먹하거나\n소떡소떡까지 치즈 입히는 조합까지 가능\n\n떡볶이에 치즈 부으면\n로제떡볶이 완성되고\n\n마무리는 치즈애플망고빙수로\n상큼한 마무리까지💥\n\n60여 가지 샐러드바에\n소고기, 야채, 음료, 과일, \n아이스크림, 빙수, 맥주까지!\n\n이거 싹 다 무제한으로 즐길 수 있어서\n왜 사람 몰리는지 바로 이해됨\n\n※치즈퐁듀 SNS 인증 시식권 이벤트도 진행중\n공식계정 @sballday_offcial\n\n※지점별 구성메뉴, 주류 제공 방식은 다를 수 있습니다\n\n#샤브올데이부산대연점\n📍부산 남구 못골로 87 대연스퀘어 4층\n🕐11:00~21:30\n📞051-621-6777\n\n#샤브올데이 #샤브샤브 #샤브올데이신메뉴 #치즈퐁듀 #광고"", ""thumbnails"": {""default"": {""url"": ""https://i.ytimg.com/vi/eqUakEjlJV8/default.jpg"", ""width"": 120, ""height"": 90}, ""medium"": {""url"": ""https://i.ytimg.com/vi/eqUakEjlJV8/mqdefault.jpg"", ""width"": 320, ""height"": 180}, ""high"": {""url"": ""https://i.ytimg.com/vi/eqUakEjlJV8/hqdefault.jpg"", ""width"": 480, ""height"": 360}, ""standard"": {""url"": ""https://i.ytimg.com/vi/eqUakEjlJV8/sddefault.jpg"", ""width"": 640, ""height"": 480}, ""maxres"": {""url"": ""https://i.ytimg.com/vi/eqUakEjlJV8/maxresdefault.jpg"", ""width"": 1280, ""height"": 720}}, ""channelTitle"": ""경례하는언니"", ""tags"": [""부산맛집"", ""부산 맛집"", ""부산가볼만한곳"", ""부산 가볼만한곳"", ""부산여행"", ""부산 여행"", ""부산길거리음식"", ""busanfood"", ""visitbusan""], ""categoryId"": ""22"", ""liveBroadcastContent"": ""none"", ""defaultLanguage"": ""ko"", ""localized"": {""title"": ""치즈폭포 쏟아지는 집! 무제한이라 미쳤다 진짜"", ""description"": ""치즈폭포가 쏟아진다!!🧀\n\n치즈덕후들 환장 할\n치즈분수 파티중인 샤브올데이!\n\n신메뉴로 크런치 인절미, 콘너겟, 치킨에\n치즈 퐁당 찍는 순간 끝!\n\n피자에 콘너겟 말아서 찍먹하거나\n소떡소떡까지 치즈 입히는 조합까지 가능\n\n떡볶이에 치즈 부으면\n로제떡볶이 완성되고\n\n마무리는 치즈애플망고빙수로\n상큼한 마무리까지💥\n\n60여 가지 샐러드바에\n소고기, 야채, 음료, 과일, \n아이스크림, 빙수, 맥주까지!\n\n이거 싹 다 무제한으로 즐길 수 있어서\n왜 사람 몰리는지 바로 이해됨\n\n※치즈퐁듀 SNS 인증 시식권 이벤트도 진행중\n공식계정 @sballday_offcial\n\n※지점별 구성메뉴, 주류 제공 방식은 다를 수 있습니다\n\n#샤브올데이부산대연점\n📍부산 남구 못골로 87 대연스퀘어 4층\n🕐11:00~21:30\n📞051-621-6777\n\n#샤브올데이 #샤브샤브 #샤브올데이신메뉴 #치즈퐁듀 #광고""}, ""defaultAudioLanguage"": ""ko""}, ""statistics"": {""viewCount"": ""1410"", ""likeCount"": ""23"", ""favoriteCount"": ""0"", ""commentCount"": ""0""}}",,,,
샤브올데이,single_term_fallback,샤브올데이,ID7HCOKuRX0,샤브올데이 꿀팁 다 가지고 왔어요‼️ 당장 클릭 ‼️‼️,2026-03-27T07:14:46Z,1525.0,5.0,0.0,https://www.youtube.com/watch?v=ID7HCOKuRX0,youtube,샤브올데이,canonical,1.0,2026-05-26T11:17:04.805326+00:00,1525,5,0,5,30초 경북맛집 맛드림,"오늘 이 꿀팁 당장 써먹으러 갈 준비됐어요? 😆💛

지금 바로 달려가야 하는 이유… 제가 제대로 알려드릴게요✨
샤브올데이 제대로 즐기는 법, 이건 저장 필수에요❤️

👉 자이언트 월남쌈부터 시작!
라이스페이퍼 3장 겹쳐서 채소 듬뿍 + 샤브고기 왕창 넣고
취향대로 소스 만들어 푹- 찍어 먹으면 게임 끝🤤

👉 요즘 제일 핫한 조합
향긋한 미나리 + 고소한 삼겹살 = 미나리 삼겹 비빔밥
이건 진짜 안 먹으면 손해에요💚

👉 중간에 뜨끈한 샤브 한입
고기랑 야채 가득 넣어서 먹으면 리셋 제대로🔥

👉 마무리는 무조건 망고빙수🥭❄️
달콤+시원하게 입가심하면 완벽한 코스 완성✨

이 루트대로 먹으면 그냥… 또 가고 싶어져요🥹
요즘 왜 다시 샤브 열풍인지 바로 이해되는 맛💥

같이 가서 이 꿀조합 먹어볼 친구 바로 태그해줘요👇💕
저장해두면 100% 써먹는 찐 꿀팁입니다🫶

📍경상북도 포항시 북구 양덕동 1422 1층
📞054-612-6011

""지점별로 구성 메뉴가 차이가 있을 수 있습니다.""","{""kind"": ""youtube#video"", ""etag"": ""v1mzycgRlP3KtAsJ51lZwT-JfA0"", ""id"": ""ID7HCOKuRX0"", ""snippet"": {""publishedAt"": ""2026-03-27T07:14:46Z"", ""channelId"": ""UC6jn6uNpkntCpOPhSslVkHA"", ""title"": ""샤브올데이 꿀팁 다 가지고 왔어요‼️ 당장 클릭 ‼️‼️"", ""description"": ""오늘 이 꿀팁 당장 써먹으러 갈 준비됐어요? 😆💛\n\n지금 바로 달려가야 하는 이유… 제가 제대로 알려드릴게요✨\n샤브올데이 제대로 즐기는 법, 이건 저장 필수에요❤️\n\n👉 자이언트 월남쌈부터 시작!\n라이스페이퍼 3장 겹쳐서 채소 듬뿍 + 샤브고기 왕창 넣고\n취향대로 소스 만들어 푹- 찍어 먹으면 게임 끝🤤\n\n👉 요즘 제일 핫한 조합\n향긋한 미나리 + 고소한 삼겹살 = 미나리 삼겹 비빔밥\n이건 진짜 안 먹으면 손해에요💚\n\n👉 중간에 뜨끈한 샤브 한입\n고기랑 야채 가득 넣어서 먹으면 리셋 제대로🔥\n\n👉 마무리는 무조건 망고빙수🥭❄️\n달콤+시원하게 입가심하면 완벽한 코스 완성✨\n\n이 루트대로 먹으면 그냥… 또 가고 싶어져요🥹\n요즘 왜 다시 샤브 열풍인지 바로 이해되는 맛💥\n\n같이 가서 이 꿀조합 먹어볼 친구 바로 태그해줘요👇💕\n저장해두면 100% 써먹는 찐 꿀팁입니다🫶\n\n📍경상북도 포항시 북구 양덕동 1422 1층\n📞054-612-6011\n\n\""지점별로 구성 메뉴가 차이가 있을 수 있습니다.\"""", ""thumbnails"": {""default"": {""url"": ""https://i.ytimg.com/vi/ID7HCOKuRX0/default.jpg"", ""width"": 120, ""height"": 90}, ""medium"": {""url"": ""https://i.ytimg.com/vi/ID7HCOKuRX0/mqdefault.jpg"", ""width"": 320, ""height"": 180}, ""high"": {""url"": ""https://i.ytimg.com/vi/ID7HCOKuRX0/hqdefault.jpg"", ""width"": 480, ""height"": 360}, ""standard"": {""url"": ""https://i.ytimg.com/vi/ID7HCOKuRX0/sddefault.jpg"", ""width"": 640, ""height"": 480}, ""maxres"": {""url"": ""https://i.ytimg.com/vi/ID7HCOKuRX0/maxresdefault.jpg"", ""width"": 1280, ""height"": 720}}, ""channelTitle"": ""30초 경북맛집 맛드림"", ""categoryId"": ""22"", ""liveBroadcastContent"": ""none"", ""defaultLanguage"": ""ko"", ""localized"": {""title"": ""샤브올데이 꿀팁 다 가지고 왔어요‼️ 당장 클릭 ‼️‼️"", ""description"": ""오늘 이 꿀팁 당장 써먹으러 갈 준비됐어요? 😆💛\n\n지금 바로 달려가야 하는 이유… 제가 제대로 알려드릴게요✨\n샤브올데이 제대로 즐기는 법, 이건 저장 필수에요❤️\n\n👉 자이언트 월남쌈부터 시작!\n라이스페이퍼 3장 겹쳐서 채소 듬뿍 + 샤브고기 왕창 넣고\n취향대로 소스 만들어 푹- 찍어 먹으면 게임 끝🤤\n\n👉 요즘 제일 핫한 조합\n향긋한 미나리 + 고소한 삼겹살 = 미나리 삼겹 비빔밥\n이건 진짜 안 먹으면 손해에요💚\n\n👉 중간에 뜨끈한 샤브 한입\n고기랑 야채 가득 넣어서 먹으면 리셋 제대로🔥\n\n👉 마무리는 무조건 망고빙수🥭❄️\n달콤+시원하게 입가심하면 완벽한 코스 완성✨\n\n이 루트대로 먹으면 그냥… 또 가고 싶어져요🥹\n요즘 왜 다시 샤브 열풍인지 바로 이해되는 맛💥\n\n같이 가서 이 꿀조합 먹어볼 친구 바로 태그해줘요👇💕\n저장해두면 100% 써먹는 찐 꿀팁입니다🫶\n\n📍경상북도 포항시 북구 양덕동 1422 1층\n📞054-612-6011\n\n\""지점별로 구성 메뉴가 차이가 있을 수 있습니다.\""""}, ""defaultAudioLanguage"": ""ko""}, ""statistics"": {""viewCount"": ""1525"", ""likeCount"": ""5"", ""favoriteCount"": ""0"", ""commentCount"": ""0""}}",,,,
샤브올데이,single_term_fallback,샤브올데이,Vuuvu2Xft1Q,샤브올데이 고애리 치어리더 직캠 1 #고애리 #고애리치어리더 #치어리더,2026-03-04T12:05:38Z,1453.0,20.0,1.0,https://www.youtube.com/watch?v=Vuuvu2Xft1Q,youtube,샤브올데이,canonical,1.0,2026-05-26T11:17:04.805326+00:00,1453,20,1,21,직관 중입니다,고애리 치어리더 직캠  #고애리   #고애리치어리더 #치어리더 #cheerleader #치어리더직캠  #직캠  #kbl #삼성생명치어리더  #kovo  #서울삼성썬더스 #lg치어리더 #lg트윈스치어리더 #lg트윈스   #서울삼성치어리더 #삼성생명블루밍스   #kpop   #啦啦隊  #韓国 #cheer  #댄스챌린지,"{""kind"": ""youtube#video"", ""etag"": ""mWoIna7y_dl_yYfE_vkig4dzsCM"", ""id"": ""Vuuvu2Xft1Q"", ""snippet"": {""publishedAt"": ""2026-03-04T12:05:38Z"", ""channelId"": ""UCzooSECkTLJ38E1I_DS60rQ"", ""title"": ""샤브올데이 고애리 치어리더 직캠 1 #고애리 #고애리치어리더 #치어리더"", ""description"": ""고애리 치어리더 직캠  #고애리   #고애리치어리더 #치어리더 #cheerleader #치어리더직캠  #직캠  #kbl #삼성생명치어리더  #kovo  #서울삼성썬더스 #lg치어리더 #lg트윈스치어리더 #lg트윈스   #서울삼성치어리더 #삼성생명블루밍스   #kpop   #啦啦隊  #韓国 #cheer  #댄스챌린지"", ""thumbnails"": {""default"": {""url"": ""https://i.ytimg.com/vi/Vuuvu2Xft1Q/default.jpg"", ""width"": 120, ""height"": 90}, ""medium"": {""url"": ""https://i.ytimg.com/vi/Vuuvu2Xft1Q/mqdefault.jpg"", ""width"": 320, ""height"": 180}, ""high"": {""url"": ""https://i.ytimg.com/vi/Vuuvu2Xft1Q/hqdefault.jpg"", ""width"": 480, ""height"": 360}, ""standard"": {""url"": ""https://i.ytimg.com/vi/Vuuvu2Xft1Q/sddefault.jpg"", ""width"": 640, ""height"": 480}, ""maxres"": {""url"": ""https://i.ytimg.com/vi/Vuuvu2Xft1Q/maxresdefault.jpg"", ""width"": 1280, ""height"": 720}}, ""channelTitle"": ""직관 중입니다"", ""categoryId"": ""22"", ""liveBroadcastContent"": ""none"", ""defaultLanguage"": ""ko"", ""localized"": {""title"": ""샤브올데이 고애리 치어리더 직캠 1 #고애리 #고애리치어리더 #치어리더"", ""description"": ""고애리 치어리더 직캠  #고애리   #고애리치어리더 #치어리더 #cheerleader #치어리더직캠  #직캠  #kbl #삼성생명치어리더  #kovo  #서울삼성썬더스 #lg치어리더 #lg트윈스치어리더 #lg트윈스   #서울삼성치어리더 #삼성생명블루밍스   #kpop   #啦啦隊  #韓国 #cheer  #댄스챌린지""}}, ""statistics"": {""viewCount"": ""1453"", ""likeCount"": ""20"", ""favoriteCount"": ""0"", ""commentCount"": ""1""}}",,,,
샤브올데이,single_term_fallback,샤브올데이,HZtfRbjJkTg,샤브올데이 댄스! 김보배(Kim bo-bae) 치어리더,2026-03-29T14:39:09Z,2256.0,12.0,0.0,https://www.youtube.com/watch?v=HZtfRbjJkTg,youtube,샤브올데이,canonical,1.0,2026-05-26T11:17:04.805326+00:00,2256,12,0,12,march cam,#김보배 #김보배치어리더 #치어리더 #cheerleader #fancam,"{""kind"": ""youtube#video"", ""etag"": ""uToyzNClmx1LxtdV2gRYBpqLx1U"", ""id"": ""HZtfRbjJkTg"", ""snippet"": {""publishedAt"": ""2026-03-29T14:39:09Z"", ""channelId"": ""UCIrEz6CLoq04zeBLU8DEI0g"", ""title"": ""샤브올데이 댄스! 김보배(Kim bo-bae) 치어리더"", ""description"": ""#김보배 #김보배치어리더 #치어리더 #cheerleader #fancam"", ""thumbnails"": {""default"": {""url"": ""https://i.ytimg.com/vi/HZtfRbjJkTg/default.jpg"", ""width"": 120, ""height"": 90}, ""medium"": {""url"": ""https://i.ytimg.com/vi/HZtfRbjJkTg/mqdefault.jpg"", ""width"": 320, ""height"": 180}, ""high"": {""url"": ""https://i.ytimg.com/vi/HZtfRbjJkTg/hqdefault.jpg"", ""width"": 480, ""height"": 360}, ""standard"": {""url"": ""https://i.ytimg.com/vi/HZtfRbjJkTg/sddefault.jpg"", ""width"": 640, ""height"": 480}, ""maxres"": {""url"": ""https://i.ytimg.com/vi/HZtfRbjJkTg/maxresdefault.jpg"", ""width"": 1280, ""height"": 720}}, ""channelTitle"": ""march cam"", ""categoryId"": ""24"", ""liveBroadcastContent"": ""none"", ""defaultLanguage"": ""ko"", ""localized"": {""title"": ""샤브올데이 댄스! 김보배(Kim bo-bae) 치어리더"", ""description"": ""#김보배 #김보배치어리더 #치어리더 #cheerleader #fancam""}, ""defaultAudioLanguage"": ""ko""}, ""statistics"": {""viewCount"": ""2256"", ""likeCount"": ""12"", ""favoriteCount"": ""0"", ""commentCount"": ""0""}}",,,,
샤브올데이,single_term_fallback,샤브올데이,QvQ_TN988mk,샤브올데이 서울이문점 오픈런 #샤브올데이 #샤브샤브 #이문동 #외대 #휘경동,2026-03-28T23:59:59Z,1744.0,2.0,0.0,https://www.youtube.com/watch?v=QvQ_TN988mk,youtube,샤브올데이,canonical,1.0,2026-05-26T11:17:04.805326+00:00,1744,2,0,2,집안일,"샤브올데이 서울이문점 오픈런을 해봤는데요
매장이 넓고 메뉴가 다양하더라구요
가족단위가 많이 방문하기 좋은 구성이였어요
쿠우쿠우나 애슐리같은 느낌이였습니다
오픈하고 1시간 채 되지 않아 웨이팅이 생기니 오픈런 추천합니다
#샤브올데이 #샤브샤브 #이문동 #외대 #휘경동","{""kind"": ""youtube#video"", ""etag"": ""drvKTNUrP15qbFTKZW8uK5_Rw8s"", ""id"": ""QvQ_TN988mk"", ""snippet"": {""publishedAt"": ""2026-03-28T23:59:59Z"", ""channelId"": ""UCX_2uwRHMhEmVsXsfOe8GGQ"", ""title"": ""샤브올데이 서울이문점 오픈런 #샤브올데이 #샤브샤브 #이문동 #외대 #휘경동"", ""description"": ""샤브올데이 서울이문점 오픈런을 해봤는데요\n매장이 넓고 메뉴가 다양하더라구요\n가족단위가 많이 방문하기 좋은 구성이였어요\n쿠우쿠우나 애슐리같은 느낌이였습니다\n오픈하고 1시간 채 되지 않아 웨이팅이 생기니 오픈런 추천합니다\n#샤브올데이 #샤브샤브 #이문동 #외대 #휘경동"", ""thumbnails"": {""default"": {""url"": ""https://i.ytimg.com/vi/QvQ_TN988mk/default.jpg"", ""width"": 120, ""height"": 90}, ""medium"": {""url"": ""https://i.ytimg.com/vi/QvQ_TN988mk/mqdefault.jpg"", ""width"": 320, ""height"": 180}, ""high"": {""url"": ""https://i.ytimg.com/vi/QvQ_TN988mk/hqdefault.jpg"", ""width"": 480, ""height"": 360}, ""standard"": {""url"": ""https://i.ytimg.com/vi/QvQ_TN988mk/sddefault.jpg"", ""width"": 640, ""height"": 480}, ""maxres"": {""url"": ""https://i.ytimg.com/vi/QvQ_TN988mk/maxresdefault.jpg"", ""width"": 1280, ""height"": 720}}, ""channelTitle"": ""\b집안일"", ""categoryId"": ""26"", ""liveBroadcastContent"": ""none"", ""defaultLanguage"": ""ko"", ""localized"": {""title"": ""샤브올데이 서울이문점 오픈런 #샤브올데이 #샤브샤브 #이문동 #외대 #휘경동"", ""description"": ""샤브올데이 서울이문점 오픈런을 해봤는데요\n매장이 넓고 메뉴가 다양하더라구요\n가족단위가 많이 방문하기 좋은 구성이였어요\n쿠우쿠우나 애슐리같은 느낌이였습니다\n오픈하고 1시간 채 되지 않아 웨이팅이 생기니 오픈런 추천합니다\n#샤브올데이 #샤브샤브 #이문동 #외대 #휘경동""}, ""defaultAudioLanguage"": ""ko""}, ""statistics"": {""viewCount"": ""1744"", ""likeCount"": ""2"", ""favoriteCount"": ""0"", ""commentCount"": ""0""}}",,,,
샤브올데이,single_term_fallback,샤브올데이,Mos_URTokZE,샤브올데이 고애리 치어리더 직캠 4 #고애리 #고애리치어리더 #치어리더,2026-03-04T12:23:56Z,1515.0,23.0,0.0,https://www.youtube.com/watch?v=Mos_URTokZE,youtube,샤브올데이,canonical,1.0,2026-05-26T11:17:04.805326+00:00,1515,23,0,23,직관 중입니다,고애리 치어리더 직캠  #고애리   #고애리치어리더 #치어리더 #cheerleader #치어리더직캠  #직캠  #kbl #삼성생명치어리더  #kovo  #서울삼성썬더스 #lg치어리더 #lg트윈스치어리더 #lg트윈스   #서울삼성치어리더 #삼성생명블루밍스   #kpop   #啦啦隊  #韓国 #cheer  #댄스챌린지,"{""kind"": ""youtube#video"", ""etag"": ""3uzwZ5ykuWfpbdUekN7ifvE7WXg"", ""id"": ""Mos_URTokZE"", ""snippet"": {""publishedAt"": ""2026-03-04T12:23:56Z"", ""channelId"": ""UCzooSECkTLJ38E1I_DS60rQ"", ""title"": ""샤브올데이 고애리 치어리더 직캠 4 #고애리 #고애리치어리더 #치어리더"", ""description"": ""고애리 치어리더 직캠  #고애리   #고애리치어리더 #치어리더 #cheerleader #치어리더직캠  #직캠  #kbl #삼성생명치어리더  #kovo  #서울삼성썬더스 #lg치어리더 #lg트윈스치어리더 #lg트윈스   #서울삼성치어리더 #삼성생명블루밍스   #kpop   #啦啦隊  #韓国 #cheer  #댄스챌린지"", ""thumbnails"": {""default"": {""url"": ""https://i.ytimg.com/vi/Mos_URTokZE/default.jpg"", ""width"": 120, ""height"": 90}, ""medium"": {""url"": ""https://i.ytimg.com/vi/Mos_URTokZE/mqdefault.jpg"", ""width"": 320, ""height"": 180}, ""high"": {""url"": ""https://i.ytimg.com/vi/Mos_URTokZE/hqdefault.jpg"", ""width"": 480, ""height"": 360}, ""standard"": {""url"": ""https://i.ytimg.com/vi/Mos_URTokZE/sddefault.jpg"", ""width"": 640, ""height"": 480}, ""maxres"": {""url"": ""https://i.ytimg.com/vi/Mos_URTokZE/maxresdefault.jpg"", ""width"": 1280, ""height"": 720}}, ""channelTitle"": ""직관 중입니다"", ""categoryId"": ""22"", ""liveBroadcastContent"": ""none"", ""defaultLanguage"": ""ko"", ""localized"": {""title"": ""샤브올데이 고애리 치어리더 직캠 4 #고애리 #고애리치어리더 #치어리더"", ""description"": ""고애리 치어리더 직캠  #고애리   #고애리치어리더 #치어리더 #cheerleader #치어리더직캠  #직캠  #kbl #삼성생명치어리더  #kovo  #서울삼성썬더스 #lg치어리더 #lg트윈스치어리더 #lg트윈스   #서울삼성치어리더 #삼성생명블루밍스   #kpop   #啦啦隊  #韓国 #cheer  #댄스챌린지""}}, ""statistics"": {""viewCount"": ""1515"", ""likeCount"": ""23"", ""favoriteCount"": ""0"", ""commentCount"": ""0""}}",,,,
샤브올데이,single_term_fallback,샤브올데이,kfABas5eZ3c,샤브올데이 고애리 치어리더 직캠 5 #고애리 #고애리치어리더 #치어리더,2026-03-04T12:25:09Z,1696.0,17.0,0.0,https://www.youtube.com/watch?v=kfABas5eZ3c,youtube,샤브올데이,canonical,1.0,2026-05-26T11:17:04.805326+00:00,1696,17,0,17,직관 중입니다,고애리 치어리더 직캠  #고애리   #고애리치어리더 #치어리더 #cheerleader #치어리더직캠  #직캠  #kbl #삼성생명치어리더  #kovo  #서울삼성썬더스 #lg치어리더 #lg트윈스치어리더 #lg트윈스   #서울삼성치어리더 #삼성생명블루밍스   #kpop   #啦啦隊  #韓国 #cheer  #댄스챌린지,"{""kind"": ""youtube#video"", ""etag"": ""-tX_gBwyi__thCL6z6uztoL1ANs"", ""id"": ""kfABas5eZ3c"", ""snippet"": {""publishedAt"": ""2026-03-04T12:25:09Z"", ""channelId"": ""UCzooSECkTLJ38E1I_DS60rQ"", ""title"": ""샤브올데이 고애리 치어리더 직캠 5 #고애리 #고애리치어리더 #치어리더"", ""description"": ""고애리 치어리더 직캠  #고애리   #고애리치어리더 #치어리더 #cheerleader #치어리더직캠  #직캠  #kbl #삼성생명치어리더  #kovo  #서울삼성썬더스 #lg치어리더 #lg트윈스치어리더 #lg트윈스   #서울삼성치어리더 #삼성생명블루밍스   #kpop   #啦啦隊  #韓国 #cheer  #댄스챌린지"", ""thumbnails"": {""default"": {""url"": ""https://i.ytimg.com/vi/kfABas5eZ3c/default.jpg"", ""width"": 120, ""height"": 90}, ""medium"": {""url"": ""https://i.ytimg.com/vi/kfABas5eZ3c/mqdefault.jpg"", ""width"": 320, ""height"": 180}, ""high"": {""url"": ""https://i.ytimg.com/vi/kfABas5eZ3c/hqdefault.jpg"", ""width"": 480, ""height"": 360}, ""standard"": {""url"": ""https://i.ytimg.com/vi/kfABas5eZ3c/sddefault.jpg"", ""width"": 640, ""height"": 480}, ""maxres"": {""url"": ""https://i.ytimg.com/vi/kfABas5eZ3c/maxresdefault.jpg"", ""width"": 1280, ""height"": 720}}, ""channelTitle"": ""직관 중입니다"", ""categoryId"": ""22"", ""liveBroadcastContent"": ""none"", ""defaultLanguage"": ""ko"", ""localized"": {""title"": ""샤브올데이 고애리 치어리더 직캠 5 #고애리 #고애리치어리더 #치어리더"", ""description"": ""고애리 치어리더 직캠  #고애리   #고애리치어리더 #치어리더 #cheerleader #치어리더직캠  #직캠  #kbl #삼성생명치어리더  #kovo  #서울삼성썬더스 #lg치어리더 #lg트윈스치어리더 #lg트윈스   #서울삼성치어리더 #삼성생명블루밍스   #kpop   #啦啦隊  #韓国 #cheer  #댄스챌린지""}}, ""statistics"": {""viewCount"": ""1696"", ""likeCount"": ""17"", ""favoriteCount"": ""0"", ""commentCount"": ""0""}}",,,,
샤브올데이,single_term_fallback,샤브올데이,aROS71zc5mg,가정의달 남편들 힘쓸 기회가 왔다!!!#울산맛집#샤브올데이#샤브올데이이벤트#네이버페이#샤브올데이할인,2026-04-30T10:13:54Z,1870.0,7.0,0.0,https://www.youtube.com/watch?v=aROS71zc5mg,youtube,샤브올데이,canonical,1.0,2026-05-26T11:17:04.805326+00:00,1870,7,0,7,울산대표,"🌟가정의 달 외식 고민하는 사람들🌟
✔️샤브올데이에서
5월 한달간 이벤트 진행중인데❣️

💳 Npay로 49,800원 이상 결제하면
👉 7,000원 네이버페이 포인트 
바로 적립된다니까~💸

무조건 이득!!😆

🍲 소고기 무제한 샤브샤브에
🥗 샐러드바 60가지 구성까지

고기부터 야채, 사이드, 디저트
한 번에 싹 해결되는곳👍🏻👍🏻

👨‍👩‍👧 가족 외식
💑 데이트
👥 모임까지

어린이날, 어버이날
가정의 달 딱 좋은 이벤트💯

맛있는 신메뉴도 엄청 많으니까!
절대 놓치지 마레이😄

✔ 기간 : 5월 1일 ~ 5월 31일
✔ 조건 : Npay 49,800원 이상 결제
✔ 혜택 : 7,000원 네이버페이 포인트 적립


#샤브올데이 #울산샤브올데이 #네이버페이 #할인 #가정의달","{""kind"": ""youtube#video"", ""etag"": ""EJ8aiFGFLdGXBBpkythKCSyb-FI"", ""id"": ""aROS71zc5mg"", ""snippet"": {""publishedAt"": ""2026-04-30T10:13:54Z"", ""channelId"": ""UCcL4Rul0xzIIcrG97PRX3Gw"", ""title"": ""가정의달 남편들 힘쓸 기회가 왔다!!!#울산맛집#샤브올데이#샤브올데이이벤트#네이버페이#샤브올데이할인"", ""description"": ""🌟가정의 달 외식 고민하는 사람들🌟\n✔️샤브올데이에서\n5월 한달간 이벤트 진행중인데❣️\n\n💳 Npay로 49,800원 이상 결제하면\n👉 7,000원 네이버페이 포인트 \n바로 적립된다니까~💸\n\n무조건 이득!!😆\n\n🍲 소고기 무제한 샤브샤브에\n🥗 샐러드바 60가지 구성까지\n\n고기부터 야채, 사이드, 디저트\n한 번에 싹 해결되는곳👍🏻👍🏻\n\n👨‍👩‍👧 가족 외식\n💑 데이트\n👥 모임까지\n\n어린이날, 어버이날\n가정의 달 딱 좋은 이벤트💯\n\n맛있는 신메뉴도 엄청 많으니까!\n절대 놓치지 마레이😄\n\n✔ 기간 : 5월 1일 ~ 5월 31일\n✔ 조건 : Npay 49,800원 이상 결제\n✔ 혜택 : 7,000원 네이버페이 포인트 적립\n\n\n#샤브올데이 #울산샤브올데이 #네이버페이 #할인 #가정의달"", ""thumbnails"": {""default"": {""url"": ""https://i.ytimg.com/vi/aROS71zc5mg/default.jpg"", ""width"": 120, ""height"": 90}, ""medium"": {""url"": ""https://i.ytimg.com/vi/aROS71zc5mg/mqdefault.jpg"", ""width"": 320, ""height"": 180}, ""high"": {""url"": ""https://i.ytimg.com/vi/aROS71zc5mg/hqdefault.jpg"", ""width"": 480, ""height"": 360}, ""standard"": {""url"": ""https://i.ytimg.com/vi/aROS71zc5mg/sddefault.jpg"", ""width"": 640, ""height"": 480}, ""maxres"": {""url"": ""https://i.ytimg.com/vi/aROS71zc5mg/maxresdefault.jpg"", ""width"": 1280, ""height"": 720}}, ""channelTitle"": ""울산대표"", ""categoryId"": ""22"", ""liveBroadcastContent"": ""none"", ""defaultLanguage"": ""ko"", ""localized"": {""title"": ""가정의달 남편들 힘쓸 기회가 왔다!!!#울산맛집#샤브올데이#샤브올데이이벤트#네이버페이#샤브올데이할인"", ""description"": ""🌟가정의 달 외식 고민하는 사람들🌟\n✔️샤브올데이에서\n5월 한달간 이벤트 진행중인데❣️\n\n💳 Npay로 49,800원 이상 결제하면\n👉 7,000원 네이버페이 포인트 \n바로 적립된다니까~💸\n\n무조건 이득!!😆\n\n🍲 소고기 무제한 샤브샤브에\n🥗 샐러드바 60가지 구성까지\n\n고기부터 야채, 사이드, 디저트\n한 번에 싹 해결되는곳👍🏻👍🏻\n\n👨‍👩‍👧 가족 외식\n💑 데이트\n👥 모임까지\n\n어린이날, 어버이날\n가정의 달 딱 좋은 이벤트💯\n\n맛있는 신메뉴도 엄청 많으니까!\n절대 놓치지 마레이😄\n\n✔ 기간 : 5월 1일 ~ 5월 31일\n✔ 조건 : Npay 49,800원 이상 결제\n✔ 혜택 : 7,000원 네이버페이 포인트 적립\n\n\n#샤브올데이 #울산샤브올데이 #네이버페이 #할인 #가정의달""}, ""defaultAudioLanguage"": ""ko""}, ""statistics"": {""viewCount"": ""1870"", ""likeCount"": ""7"", ""favoriteCount"": ""0"", ""commentCount"": ""0""}}",,,,
샤브올데이,single_term_fallback,샤브올데이,TeXCfrXG57Y,김가현치어 샤브올데이,2026-03-03T12:16:00Z,1476.0,11.0,0.0,https://www.youtube.com/watch?v=TeXCfrXG57Y,youtube,샤브올데이,canonical,1.0,2026-05-26T11:17:04.805326+00:00,1476,11,0,11,김민혁,#kt소닉붐 #김가현 #fancam #cheerleader #농구,"{""kind"": ""youtube#video"", ""etag"": ""YT6GXWBukB9eKzMoFeswvzdi-c0"", ""id"": ""TeXCfrXG57Y"", ""snippet"": {""publishedAt"": ""2026-03-03T12:16:00Z"", ""channelId"": ""UCsJMkoPG3D2IkGeA7MEFobA"", ""title"": ""김가현치어 샤브올데이"", ""description"": ""#kt소닉붐 #김가현 #fancam #cheerleader #농구"", ""thumbnails"": {""default"": {""url"": ""https://i.ytimg.com/vi/TeXCfrXG57Y/default.jpg"", ""width"": 120, ""height"": 90}, ""medium"": {""url"": ""https://i.ytimg.com/vi/TeXCfrXG57Y/mqdefault.jpg"", ""width"": 320, ""height"": 180}, ""high"": {""url"": ""https://i.ytimg.com/vi/TeXCfrXG57Y/hqdefault.jpg"", ""width"": 480, ""height"": 360}, ""standard"": {""url"": ""https://i.ytimg.com/vi/TeXCfrXG57Y/sddefault.jpg"", ""width"": 640, ""height"": 480}, ""maxres"": {""url"": ""https://i.ytimg.com/vi/TeXCfrXG57Y/maxresdefault.jpg"", ""width"": 1280, ""height"": 720}}, ""channelTitle"": ""김민혁"", ""categoryId"": ""17"", ""liveBroadcastContent"": ""none"", ""defaultLanguage"": ""ko"", ""localized"": {""title"": ""김가현치어 샤브올데이"", ""description"": ""#kt소닉붐 #김가현 #fancam #cheerleader #농구""}}, ""statistics"": {""viewCount"": ""1476"", ""likeCount"": ""11"", ""favoriteCount"": ""0"", ""commentCount"": ""0""}}",,,,
샤브올데이,single_term_fallback,샤브올데이,5EaVMdADozg,샤브올데이 신메뉴 역대급 치즈파티,2026-04-08T02:40:00Z,1834.0,5.0,3.0,https://www.youtube.com/watch?v=5EaVMdADozg,youtube,샤브올데이,canonical,1.0,2026-05-26T11:17:04.805326+00:00,1834,5,3,8,도시미각,"요즘 샤브올데이 신메뉴가 화제라
새로 생긴 샤브올데이 광명이케아점으로 달려갔어요!

제일 난리난 치즈퐁듀 직접 찍먹 실험했는데
이번 신메뉴 크런치 인절미 & 콘너겟 그냥도 너무 맛있고
치즈 푹 담긴 인절미는 쭉 늘어나는 것 좀 보세요!
치즈를 치킨에도 찍어먹어보고
떡볶이에 섞섞하면 로제 떡볶이 뚝딱 입니다!
솔직히 그냥 먹어도 맛있는데
치즈 찍어먹으니까 감칠맛 X 1000배!!
슬슬 느끼해질 타이밍에
따끈한 얼큰샤브 한입 먹으면
리셋되서 2회차 가능이에요! 
무한제공 되는 샤브샤브로 배부르게 먹어주고
디저트 애플망고빙수로 상큼하게 마무리해주면??
샤브먹으러 왔다가 치즈파티까지 열고 갑니다
SNS 인증하면 식사권까지 주는 이벤트 진행중이에요!
같이 갈 친구 당장 태그 ㄱㄱ
*지점별로 구성 메뉴가 차이가 있을 수 있습니다. 

📍#샤브올데이 광명이케아점 (광고)
경기 광명시 덕안로77번길 17 (오전11:00-오후21:30)

#샤브올데이 #샤브샤브 #광명이케아점 #샤브올데이신메뉴 #치즈퐁듀 #샤브샤브무제한","{""kind"": ""youtube#video"", ""etag"": ""pGLPw3_Pwb6X7ijueQqWaTWRYM4"", ""id"": ""5EaVMdADozg"", ""snippet"": {""publishedAt"": ""2026-04-08T02:40:00Z"", ""channelId"": ""UCldcxcwgahRJPghUN_C2m1w"", ""title"": ""샤브올데이 신메뉴 역대급 치즈파티"", ""description"": ""요즘 샤브올데이 신메뉴가 화제라\n새로 생긴 샤브올데이 광명이케아점으로 달려갔어요!\n\n제일 난리난 치즈퐁듀 직접 찍먹 실험했는데\n이번 신메뉴 크런치 인절미 & 콘너겟 그냥도 너무 맛있고\n치즈 푹 담긴 인절미는 쭉 늘어나는 것 좀 보세요!\n치즈를 치킨에도 찍어먹어보고\n떡볶이에 섞섞하면 로제 떡볶이 뚝딱 입니다!\n솔직히 그냥 먹어도 맛있는데\n치즈 찍어먹으니까 감칠맛 X 1000배!!\n슬슬 느끼해질 타이밍에\n따끈한 얼큰샤브 한입 먹으면\n리셋되서 2회차 가능이에요! \n무한제공 되는 샤브샤브로 배부르게 먹어주고\n디저트 애플망고빙수로 상큼하게 마무리해주면??\n샤브먹으러 왔다가 치즈파티까지 열고 갑니다\nSNS 인증하면 식사권까지 주는 이벤트 진행중이에요!\n같이 갈 친구 당장 태그 ㄱㄱ\n*지점별로 구성 메뉴가 차이가 있을 수 있습니다. \n\n📍#샤브올데이 광명이케아점 (광고)\n경기 광명시 덕안로77번길 17 (오전11:00-오후21:30)\n\n#샤브올데이 #샤브샤브 #광명이케아점 #샤브올데이신메뉴 #치즈퐁듀 #샤브샤브무제한"", ""thumbnails"": {""default"": {""url"": ""https://i.ytimg.com/vi/5EaVMdADozg/default.jpg"", ""width"": 120, ""height"": 90}, ""medium"": {""url"": ""https://i.ytimg.com/vi/5EaVMdADozg/mqdefault.jpg"", ""width"": 320, ""height"": 180}, ""high"": {""url"": ""https://i.ytimg.com/vi/5EaVMdADozg/hqdefault.jpg"", ""width"": 480, ""height"": 360}, ""standard"": {""url"": ""https://i.ytimg.com/vi/5EaVMdADozg/sddefault.jpg"", ""width"": 640, ""height"": 480}, ""maxres"": {""url"": ""https://i.ytimg.com/vi/5EaVMdADozg/maxresdefault.jpg"", ""width"": 1280, ""height"": 720}}, ""channelTitle"": ""도시미각"", ""categoryId"": ""22"", ""liveBroadcastContent"": ""none"", ""defaultLanguage"": ""ko"", ""localized"": {""title"": ""샤브올데이 신메뉴 역대급 치즈파티"", ""description"": ""요즘 샤브올데이 신메뉴가 화제라\n새로 생긴 샤브올데이 광명이케아점으로 달려갔어요!\n\n제일 난리난 치즈퐁듀 직접 찍먹 실험했는데\n이번 신메뉴 크런치 인절미 & 콘너겟 그냥도 너무 맛있고\n치즈 푹 담긴 인절미는 쭉 늘어나는 것 좀 보세요!\n치즈를 치킨에도 찍어먹어보고\n떡볶이에 섞섞하면 로제 떡볶이 뚝딱 입니다!\n솔직히 그냥 먹어도 맛있는데\n치즈 찍어먹으니까 감칠맛 X 1000배!!\n슬슬 느끼해질 타이밍에\n따끈한 얼큰샤브 한입 먹으면\n리셋되서 2회차 가능이에요! \n무한제공 되는 샤브샤브로 배부르게 먹어주고\n디저트 애플망고빙수로 상큼하게 마무리해주면??\n샤브먹으러 왔다가 치즈파티까지 열고 갑니다\nSNS 인증하면 식사권까지 주는 이벤트 진행중이에요!\n같이 갈 친구 당장 태그 ㄱㄱ\n*지점별로 구성 메뉴가 차이가 있을 수 있습니다. \n\n📍#샤브올데이 광명이케아점 (광고)\n경기 광명시 덕안로77번길 17 (오전11:00-오후21:30)\n\n#샤브올데이 #샤브샤브 #광명이케아점 #샤브올데이신메뉴 #치즈퐁듀 #샤브샤브무제한""}}, ""statistics"": {""viewCount"": ""1834"", ""likeCount"": ""5"", ""favoriteCount"": ""0"", ""commentCount"": ""3""}}",,,,
샤브올데이,single_term_fallback,샤브올데이,EWLBTEqt_mI,샤브올데이 고애리 치어리더 직캠 2 #고애리 #고애리치어리더 #치어리더,2026-03-04T12:11:42Z,1623.0,22.0,0.0,https://www.youtube.com/watch?v=EWLBTEqt_mI,youtube,샤브올데이,canonical,1.0,2026-05-26T11:17:04.805326+00:00,1623,22,0,22,직관 중입니다,고애리 치어리더 직캠  #고애리   #고애리치어리더 #치어리더 #cheerleader #치어리더직캠  #직캠  #kbl #삼성생명치어리더  #kovo  #서울삼성썬더스 #lg치어리더 #lg트윈스치어리더 #lg트윈스   #서울삼성치어리더 #삼성생명블루밍스   #kpop   #啦啦隊  #韓国 #cheer  #댄스챌린지,"{""kind"": ""youtube#video"", ""etag"": ""kRSFX6rLL_VFJE6ECL0DJpqTtbw"", ""id"": ""EWLBTEqt_mI"", ""snippet"": {""publishedAt"": ""2026-03-04T12:11:42Z"", ""channelId"": ""UCzooSECkTLJ38E1I_DS60rQ"", ""title"": ""샤브올데이 고애리 치어리더 직캠 2 #고애리 #고애리치어리더 #치어리더"", ""description"": ""고애리 치어리더 직캠  #고애리   #고애리치어리더 #치어리더 #cheerleader #치어리더직캠  #직캠  #kbl #삼성생명치어리더  #kovo  #서울삼성썬더스 #lg치어리더 #lg트윈스치어리더 #lg트윈스   #서울삼성치어리더 #삼성생명블루밍스   #kpop   #啦啦隊  #韓国 #cheer  #댄스챌린지"", ""thumbnails"": {""default"": {""url"": ""https://i.ytimg.com/vi/EWLBTEqt_mI/default.jpg"", ""width"": 120, ""height"": 90}, ""medium"": {""url"": ""https://i.ytimg.com/vi/EWLBTEqt_mI/mqdefault.jpg"", ""width"": 320, ""height"": 180}, ""high"": {""url"": ""https://i.ytimg.com/vi/EWLBTEqt_mI/hqdefault.jpg"", ""width"": 480, ""height"": 360}, ""standard"": {""url"": ""https://i.ytimg.com/vi/EWLBTEqt_mI/sddefault.jpg"", ""width"": 640, ""height"": 480}, ""maxres"": {""url"": ""https://i.ytimg.com/vi/EWLBTEqt_mI/maxresdefault.jpg"", ""width"": 1280, ""height"": 720}}, ""channelTitle"": ""직관 중입니다"", ""categoryId"": ""22"", ""liveBroadcastContent"": ""none"", ""defaultLanguage"": ""ko"", ""localized"": {""title"": ""샤브올데이 고애리 치어리더 직캠 2 #고애리 #고애리치어리더 #치어리더"", ""description"": ""고애리 치어리더 직캠  #고애리   #고애리치어리더 #치어리더 #cheerleader #치어리더직캠  #직캠  #kbl #삼성생명치어리더  #kovo  #서울삼성썬더스 #lg치어리더 #lg트윈스치어리더 #lg트윈스   #서울삼성치어리더 #삼성생명블루밍스   #kpop   #啦啦隊  #韓国 #cheer  #댄스챌린지""}}, ""statistics"": {""viewCount"": ""1623"", ""likeCount"": ""22"", ""favoriteCount"": ""0"", ""commentCount"": ""0""}}",,,,
샤브올데이,single_term_fallback,샤브올데이,pMe8YJgCFug,나 빼고 다 아는 샤브올데이 할인 받는 법,2026-05-14T13:35:11Z,2548.0,8.0,0.0,https://www.youtube.com/watch?v=pMe8YJgCFug,youtube,샤브올데이,canonical,1.0,2026-05-26T11:17:04.805326+00:00,2548,8,0,8,푸디즈,"샤브올데이 할인하는 거 저만 몰랐나요!?
@같이 샤올 뿌시러 갈 친구에게 보여주기@

아니 여러분....
지금 샤브올데이 5월 혜택 난리났는데요?🫨

안 그래도 소고기 무제한에 
샐러드바도 60가지나 있고

월남쌈에 맥주까지 무제한으로
뽕 뽑기 쌉가능한 샤브올데이라
이미 배터지게 먹을 수 있는데

5월 한달동안 네이버페이로 결제하면
7천원 네이버페이 포인트 바로 쏴줌;;;

이거 놓치면 완전 손해겠는데요!?

위치 : 전국 샤브올데이
촬영 위치 : 샤브올데이 자양점

#샤브올데이 #샤브올데이자양점 #네이버페이 #할인 #가정의달 #샤브샤브 #뷔페 #부페 #부페꿀팁 #샤브 #푸디즈_건대 #푸디즈_성동","{""kind"": ""youtube#video"", ""etag"": ""51yqg3Gw3xUwTuEif0IUbuFik-4"", ""id"": ""pMe8YJgCFug"", ""snippet"": {""publishedAt"": ""2026-05-14T13:35:11Z"", ""channelId"": ""UCxGQm7C_kUP4sGjS4TCK6Tw"", ""title"": ""나 빼고 다 아는 샤브올데이 할인 받는 법"", ""description"": ""샤브올데이 할인하는 거 저만 몰랐나요!?\n@같이 샤올 뿌시러 갈 친구에게 보여주기@\n\n아니 여러분....\n지금 샤브올데이 5월 혜택 난리났는데요?🫨\n\n안 그래도 소고기 무제한에 \n샐러드바도 60가지나 있고\n\n월남쌈에 맥주까지 무제한으로\n뽕 뽑기 쌉가능한 샤브올데이라\n이미 배터지게 먹을 수 있는데\n\r\n5월 한달동안 네이버페이로 결제하면\r\n7천원 네이버페이 포인트 바로 쏴줌;;;\n\n이거 놓치면 완전 손해겠는데요!?\n\n위치 : 전국 샤브올데이\n촬영 위치 : 샤브올데이 자양점\n\n#샤브올데이 #샤브올데이자양점 #네이버페이 #할인 #가정의달 #샤브샤브 #뷔페 #부페 #부페꿀팁 #샤브 #푸디즈_건대 #푸디즈_성동"", ""thumbnails"": {""default"": {""url"": ""https://i.ytimg.com/vi/pMe8YJgCFug/default.jpg"", ""width"": 120, ""height"": 90}, ""medium"": {""url"": ""https://i.ytimg.com/vi/pMe8YJgCFug/mqdefault.jpg"", ""width"": 320, ""height"": 180}, ""high"": {""url"": ""https://i.ytimg.com/vi/pMe8YJgCFug/hqdefault.jpg"", ""width"": 480, ""height"": 360}, ""standard"": {""url"": ""https://i.ytimg.com/vi/pMe8YJgCFug/sddefault.jpg"", ""width"": 640, ""height"": 480}, ""maxres"": {""url"": ""https://i.ytimg.com/vi/pMe8YJgCFug/maxresdefault.jpg"", ""width"": 1280, ""height"": 720}}, ""channelTitle"": ""푸디즈"", ""categoryId"": ""22"", ""liveBroadcastContent"": ""none"", ""defaultLanguage"": ""ko"", ""localized"": {""title"": ""나 빼고 다 아는 샤브올데이 할인 받는 법"", ""description"": ""샤브올데이 할인하는 거 저만 몰랐나요!?\n@같이 샤올 뿌시러 갈 친구에게 보여주기@\n\n아니 여러분....\n지금 샤브올데이 5월 혜택 난리났는데요?🫨\n\n안 그래도 소고기 무제한에 \n샐러드바도 60가지나 있고\n\n월남쌈에 맥주까지 무제한으로\n뽕 뽑기 쌉가능한 샤브올데이라\n이미 배터지게 먹을 수 있는데\n\r\n5월 한달동안 네이버페이로 결제하면\r\n7천원 네이버페이 포인트 바로 쏴줌;;;\n\n이거 놓치면 완전 손해겠는데요!?\n\n위치 : 전국 샤브올데이\n촬영 위치 : 샤브올데이 자양점\n\n#샤브올데이 #샤브올데이자양점 #네이버페이 #할인 #가정의달 #샤브샤브 #뷔페 #부페 #부페꿀팁 #샤브 #푸디즈_건대 #푸디즈_성동""}, ""defaultAudioLanguage"": ""ko""}, ""statistics"": {""viewCount"": ""2548"", ""likeCount"": ""8"", ""favoriteCount"": ""0"", ""commentCount"": ""0""}}",,,,
샤브올데이,single_term_fallback,샤브올데이,k0Q2QHgqEf4,맥주무제한 #샤브올데이 #맥주 #무제한 #무한리필,2026-03-05T07:37:50Z,1829.0,3.0,0.0,https://www.youtube.com/watch?v=k0Q2QHgqEf4,youtube,샤브올데이,canonical,1.0,2026-05-26T11:17:04.805326+00:00,1829,3,0,3,배고파파,"샤브올데이에서 무한 무제한 맥주를 즐겼습니다. 배불러서 많이 먹지는 못했지만 술배가 따로있거나, 술 고픈 분들은 본전 뽑고가세요~ㅎㅎ","{""kind"": ""youtube#video"", ""etag"": ""CKMwcvjheCvvcE7-72zejW11VCM"", ""id"": ""k0Q2QHgqEf4"", ""snippet"": {""publishedAt"": ""2026-03-05T07:37:50Z"", ""channelId"": ""UC4ILtBR-z383g5KP4y7Pn8g"", ""title"": ""맥주무제한 #샤브올데이 #맥주 #무제한 #무한리필"", ""description"": ""샤브올데이에서 무한 무제한 맥주를 즐겼습니다. 배불러서 많이 먹지는 못했지만 술배가 따로있거나, 술 고픈 분들은 본전 뽑고가세요~ㅎㅎ"", ""thumbnails"": {""default"": {""url"": ""https://i.ytimg.com/vi/k0Q2QHgqEf4/default.jpg"", ""width"": 120, ""height"": 90}, ""medium"": {""url"": ""https://i.ytimg.com/vi/k0Q2QHgqEf4/mqdefault.jpg"", ""width"": 320, ""height"": 180}, ""high"": {""url"": ""https://i.ytimg.com/vi/k0Q2QHgqEf4/hqdefault.jpg"", ""width"": 480, ""height"": 360}, ""standard"": {""url"": ""https://i.ytimg.com/vi/k0Q2QHgqEf4/sddefault.jpg"", ""width"": 640, ""height"": 480}, ""maxres"": {""url"": ""https://i.ytimg.com/vi/k0Q2QHgqEf4/maxresdefault.jpg"", ""width"": 1280, ""height"": 720}}, ""channelTitle"": ""배고파파"", ""tags"": [""맥주"", ""맥주무제한"", ""맥주무한리필"", ""샤브"", ""샤브올데이"", ""부페맛집"", ""뷔페맛집"", ""무한맥주""], ""categoryId"": ""19"", ""liveBroadcastContent"": ""none"", ""defaultLanguage"": ""ko"", ""localized"": {""title"": ""맥주무제한 #샤브올데이 #맥주 #무제한 #무한리필"", ""description"": ""샤브올데이에서 무한 무제한 맥주를 즐겼습니다. 배불러서 많이 먹지는 못했지만 술배가 따로있거나, 술 고픈 분들은 본전 뽑고가세요~ㅎㅎ""}}, ""statistics"": {""viewCount"": ""1829"", ""likeCount"": ""3"", ""favoriteCount"": ""0"", ""commentCount"": ""0""}}",,,,
샤브올데이,single_term_fallback,샤브올데이,kDYxuwL4UZw,#2026년3월1일울산북구#신선도원#샤브올데이,2026-03-04T10:32:09Z,2391.0,8.0,2.0,https://www.youtube.com/watch?v=kDYxuwL4UZw,youtube,샤브올데이,canonical,1.0,2026-05-26T11:17:04.805326+00:00,2391,8,2,10,홍삼이네,,"{""kind"": ""youtube#video"", ""etag"": ""SmDz75tJ32SxkdNSWZR5EMRqvGk"", ""id"": ""kDYxuwL4UZw"", ""snippet"": {""publishedAt"": ""2026-03-04T10:32:09Z"", ""channelId"": ""UCkZB37mNb0jjw7geNgbJhlQ"", ""title"": ""#2026년3월1일울산북구#신선도원#샤브올데이"", ""description"": """", ""thumbnails"": {""default"": {""url"": ""https://i.ytimg.com/vi/kDYxuwL4UZw/default.jpg"", ""width"": 120, ""height"": 90}, ""medium"": {""url"": ""https://i.ytimg.com/vi/kDYxuwL4UZw/mqdefault.jpg"", ""width"": 320, ""height"": 180}, ""high"": {""url"": ""https://i.ytimg.com/vi/kDYxuwL4UZw/hqdefault.jpg"", ""width"": 480, ""height"": 360}, ""standard"": {""url"": ""https://i.ytimg.com/vi/kDYxuwL4UZw/sddefault.jpg"", ""width"": 640, ""height"": 480}, ""maxres"": {""url"": ""https://i.ytimg.com/vi/kDYxuwL4UZw/maxresdefault.jpg"", ""width"": 1280, ""height"": 720}}, ""channelTitle"": ""홍삼이네"", ""categoryId"": ""22"", ""liveBroadcastContent"": ""none"", ""defaultLanguage"": ""ko"", ""localized"": {""title"": ""#2026년3월1일울산북구#신선도원#샤브올데이"", ""description"": """"}}, ""statistics"": {""viewCount"": ""2391"", ""likeCount"": ""8"", ""favoriteCount"": ""0"", ""commentCount"": ""2""}}",,,,
샤브올데이,single_term_fallback,샤브올데이,tO4K_ks9KtI,"딸이 중국 가기 전, 둘이 마지막 한 끼🥹 #샤브올데이 #가족일상 #융그미찰칵일상",2026-03-03T10:01:17Z,1713.0,10.0,5.0,https://www.youtube.com/watch?v=tO4K_ks9KtI,youtube,샤브올데이,canonical,1.0,2026-05-26T11:17:04.805326+00:00,1713,10,5,15,융그미찰칵일상,"💛 딸과 출국 전 마지막 데이트
중국 가기 전에 둘이 먹은 따뜻한 샤브샤브 한 끼 🍲
평범한 식사였는데, 괜히 더 오래 보고 싶었던 날이에요.

📍 경기 안산시 단원구 고잔2길 41 108호
샤브올데이 안산중앙점

#출국전데이트 #엄마와딸 #안산맛집 #중앙동맛집 #일상기록","{""kind"": ""youtube#video"", ""etag"": ""WvLe9G2xfXX3HfSyN7yN0uqyni8"", ""id"": ""tO4K_ks9KtI"", ""snippet"": {""publishedAt"": ""2026-03-03T10:01:17Z"", ""channelId"": ""UC2pZgOZoYh7qEefmSGNxnwA"", ""title"": ""딸이 중국 가기 전, 둘이 마지막 한 끼🥹 #샤브올데이 #가족일상 #융그미찰칵일상"", ""description"": ""💛 딸과 출국 전 마지막 데이트\n중국 가기 전에 둘이 먹은 따뜻한 샤브샤브 한 끼 🍲\n평범한 식사였는데, 괜히 더 오래 보고 싶었던 날이에요.\n\n📍 경기 안산시 단원구 고잔2길 41 108호\n샤브올데이 안산중앙점\n\n#출국전데이트 #엄마와딸 #안산맛집 #중앙동맛집 #일상기록"", ""thumbnails"": {""default"": {""url"": ""https://i.ytimg.com/vi/tO4K_ks9KtI/default.jpg"", ""width"": 120, ""height"": 90}, ""medium"": {""url"": ""https://i.ytimg.com/vi/tO4K_ks9KtI/mqdefault.jpg"", ""width"": 320, ""height"": 180}, ""high"": {""url"": ""https://i.ytimg.com/vi/tO4K_ks9KtI/hqdefault.jpg"", ""width"": 480, ""height"": 360}, ""standard"": {""url"": ""https://i.ytimg.com/vi/tO4K_ks9KtI/sddefault.jpg"", ""width"": 640, ""height"": 480}, ""maxres"": {""url"": ""https://i.ytimg.com/vi/tO4K_ks9KtI/maxresdefault.jpg"", ""width"": 1280, ""height"": 720}}, ""channelTitle"": ""융그미찰칵일상"", ""categoryId"": ""22"", ""liveBroadcastContent"": ""none"", ""defaultLanguage"": ""ko"", ""localized"": {""title"": ""딸이 중국 가기 전, 둘이 마지막 한 끼🥹 #샤브올데이 #가족일상 #융그미찰칵일상"", ""description"": ""💛 딸과 출국 전 마지막 데이트\n중국 가기 전에 둘이 먹은 따뜻한 샤브샤브 한 끼 🍲\n평범한 식사였는데, 괜히 더 오래 보고 싶었던 날이에요.\n\n📍 경기 안산시 단원구 고잔2길 41 108호\n샤브올데이 안산중앙점\n\n#출국전데이트 #엄마와딸 #안산맛집 #중앙동맛집 #일상기록""}}, ""statistics"": {""viewCount"": ""1713"", ""likeCount"": ""10"", ""favoriteCount"": ""0"", ""commentCount"": ""5""}}",,,,
샤브올데이,single_term_fallback,샤브올데이,6ZwXMqeXB1w,5월 한달동안 샤브올데이 7천원 돌려받는법,2026-05-13T08:25:45Z,1947.0,9.0,0.0,https://www.youtube.com/watch?v=6ZwXMqeXB1w,youtube,샤브올데이,canonical,1.0,2026-05-26T11:17:04.805326+00:00,1947,9,0,9,먹둥이룽,,"{""kind"": ""youtube#video"", ""etag"": ""6OeDUUBhdn4C5Y3PD2HzizCdXXc"", ""id"": ""6ZwXMqeXB1w"", ""snippet"": {""publishedAt"": ""2026-05-13T08:25:45Z"", ""channelId"": ""UCTRZES79cmU_qwKHReAsdbQ"", ""title"": ""5월 한달동안 샤브올데이 7천원 돌려받는법"", ""description"": """", ""thumbnails"": {""default"": {""url"": ""https://i.ytimg.com/vi/6ZwXMqeXB1w/default.jpg"", ""width"": 120, ""height"": 90}, ""medium"": {""url"": ""https://i.ytimg.com/vi/6ZwXMqeXB1w/mqdefault.jpg"", ""width"": 320, ""height"": 180}, ""high"": {""url"": ""https://i.ytimg.com/vi/6ZwXMqeXB1w/hqdefault.jpg"", ""width"": 480, ""height"": 360}, ""standard"": {""url"": ""https://i.ytimg.com/vi/6ZwXMqeXB1w/sddefault.jpg"", ""width"": 640, ""height"": 480}, ""maxres"": {""url"": ""https://i.ytimg.com/vi/6ZwXMqeXB1w/maxresdefault.jpg"", ""width"": 1280, ""height"": 720}}, ""channelTitle"": ""먹둥이룽"", ""categoryId"": ""22"", ""liveBroadcastContent"": ""none"", ""defaultLanguage"": ""ko"", ""localized"": {""title"": ""5월 한달동안 샤브올데이 7천원 돌려받는법"", ""description"": """"}, ""defaultAudioLanguage"": ""ko""}, ""statistics"": {""viewCount"": ""1947"", ""likeCount"": ""9"", ""favoriteCount"": ""0"", ""commentCount"": ""0""}}",,,,
샤브올데이,single_term_fallback,샤브올데이,3HHnG-AfeYQ,샤브올데이 가서 이렇게만 하지 마세요😂 #협찬 #샤브올데이 #샤브샤브 #샤브올데이광명이케아점 #샤브샤브뷔페 #뷔페추천 #뷔페먹방 #먹방 #mukbang,2026-03-25T10:10:27Z,1679.0,9.0,0.0,https://www.youtube.com/watch?v=3HHnG-AfeYQ,youtube,샤브올데이,canonical,1.0,2026-05-26T11:17:04.805326+00:00,1679,9,0,9,묭쩝,,"{""kind"": ""youtube#video"", ""etag"": ""JmCcNQnrSNLllQav5EjRuLpa4wM"", ""id"": ""3HHnG-AfeYQ"", ""snippet"": {""publishedAt"": ""2026-03-25T10:10:27Z"", ""channelId"": ""UCjdbwqK1FJRZ2VV_g0BOKwA"", ""title"": ""샤브올데이 가서 이렇게만 하지 마세요😂 #협찬 #샤브올데이 #샤브샤브 #샤브올데이광명이케아점 #샤브샤브뷔페 #뷔페추천 #뷔페먹방 #먹방 #mukbang"", ""description"": """", ""thumbnails"": {""default"": {""url"": ""https://i.ytimg.com/vi/3HHnG-AfeYQ/default.jpg"", ""width"": 120, ""height"": 90}, ""medium"": {""url"": ""https://i.ytimg.com/vi/3HHnG-AfeYQ/mqdefault.jpg"", ""width"": 320, ""height"": 180}, ""high"": {""url"": ""https://i.ytimg.com/vi/3HHnG-AfeYQ/hqdefault.jpg"", ""width"": 480, ""height"": 360}, ""standard"": {""url"": ""https://i.ytimg.com/vi/3HHnG-AfeYQ/sddefault.jpg"", ""width"": 640, ""height"": 480}, ""maxres"": {""url"": ""https://i.ytimg.com/vi/3HHnG-AfeYQ/maxresdefault.jpg"", ""width"": 1280, ""height"": 720}}, ""channelTitle"": ""묭쩝"", ""categoryId"": ""22"", ""liveBroadcastContent"": ""none"", ""defaultLanguage"": ""ko"", ""localized"": {""title"": ""샤브올데이 가서 이렇게만 하지 마세요😂 #협찬 #샤브올데이 #샤브샤브 #샤브올데이광명이케아점 #샤브샤브뷔페 #뷔페추천 #뷔페먹방 #먹방 #mukbang"", ""description"": """"}}, ""statistics"": {""viewCount"": ""1679"", ""likeCount"": ""9"", ""favoriteCount"": ""0"", ""commentCount"": ""0""}}",,,,
샤브올데이,single_term_fallback,샤브올데이,LOrYGsAvhD8,샤브올데이 고애리 치어리더 직캠 3 #고애리 #고애리치어리더 #치어리더,2026-03-04T12:21:00Z,1544.0,22.0,1.0,https://www.youtube.com/watch?v=LOrYGsAvhD8,youtube,샤브올데이,canonical,1.0,2026-05-26T11:17:04.805326+00:00,1544,22,1,23,직관 중입니다,고애리 치어리더 직캠  #고애리   #고애리치어리더 #치어리더 #cheerleader #치어리더직캠  #직캠  #kbl #삼성생명치어리더  #kovo  #서울삼성썬더스 #lg치어리더 #lg트윈스치어리더 #lg트윈스   #서울삼성치어리더 #삼성생명블루밍스   #kpop   #啦啦隊  #韓国 #cheer  #댄스챌린지,"{""kind"": ""youtube#video"", ""etag"": ""E7zIkgfNKH0l4pr0lksP61xaras"", ""id"": ""LOrYGsAvhD8"", ""snippet"": {""publishedAt"": ""2026-03-04T12:21:00Z"", ""channelId"": ""UCzooSECkTLJ38E1I_DS60rQ"", ""title"": ""샤브올데이 고애리 치어리더 직캠 3 #고애리 #고애리치어리더 #치어리더"", ""description"": ""고애리 치어리더 직캠  #고애리   #고애리치어리더 #치어리더 #cheerleader #치어리더직캠  #직캠  #kbl #삼성생명치어리더  #kovo  #서울삼성썬더스 #lg치어리더 #lg트윈스치어리더 #lg트윈스   #서울삼성치어리더 #삼성생명블루밍스   #kpop   #啦啦隊  #韓国 #cheer  #댄스챌린지"", ""thumbnails"": {""default"": {""url"": ""https://i.ytimg.com/vi/LOrYGsAvhD8/default.jpg"", ""width"": 120, ""height"": 90}, ""medium"": {""url"": ""https://i.ytimg.com/vi/LOrYGsAvhD8/mqdefault.jpg"", ""width"": 320, ""height"": 180}, ""high"": {""url"": ""https://i.ytimg.com/vi/LOrYGsAvhD8/hqdefault.jpg"", ""width"": 480, ""height"": 360}, ""standard"": {""url"": ""https://i.ytimg.com/vi/LOrYGsAvhD8/sddefault.jpg"", ""width"": 640, ""height"": 480}, ""maxres"": {""url"": ""https://i.ytimg.com/vi/LOrYGsAvhD8/maxresdefault.jpg"", ""width"": 1280, ""height"": 720}}, ""channelTitle"": ""직관 중입니다"", ""categoryId"": ""22"", ""liveBroadcastContent"": ""none"", ""defaultLanguage"": ""ko"", ""localized"": {""title"": ""샤브올데이 고애리 치어리더 직캠 3 #고애리 #고애리치어리더 #치어리더"", ""description"": ""고애리 치어리더 직캠  #고애리   #고애리치어리더 #치어리더 #cheerleader #치어리더직캠  #직캠  #kbl #삼성생명치어리더  #kovo  #서울삼성썬더스 #lg치어리더 #lg트윈스치어리더 #lg트윈스   #서울삼성치어리더 #삼성생명블루밍스   #kpop   #啦啦隊  #韓国 #cheer  #댄스챌린지""}}, ""statistics"": {""viewCount"": ""1544"", ""likeCount"": ""22"", ""favoriteCount"": ""0"", ""commentCount"": ""1""}}",,,,
샤브올데이,single_term_fallback,샤브올데이,ndwdE-hp-AM,칼국수에 버터를..?😲 #샤브올데이 #버터칼국수 #의정부맛집,2026-02-27T04:17:10Z,1535.0,3.0,1.0,https://www.youtube.com/watch?v=ndwdE-hp-AM,youtube,샤브올데이,canonical,1.0,2026-05-26T11:17:04.805326+00:00,1535,3,1,4,이든찡🎀🐰,"#이든찡 #호텔식샤브뷔페 #샤브샤브뷔페 #뷔페  #샤브샤브맛집 #뷔페꿀조합 #의정부맛집 #민락동맛집 #의정부맛집추천 #의정부데이트 #의정부가볼만한곳 #의정부샤브샤브  #foodstagram #koreanfood #kfood #shabushabu 
#샤브샤브 #샤브올데이의정부민락점 #레시피 #버터칼국수","{""kind"": ""youtube#video"", ""etag"": ""MH1xi5RqTwHLurufOuXoexKqBt0"", ""id"": ""ndwdE-hp-AM"", ""snippet"": {""publishedAt"": ""2026-02-27T04:17:10Z"", ""channelId"": ""UCEGbdyvyKhVaXf0HghiU4NQ"", ""title"": ""칼국수에 버터를..?😲 #샤브올데이 #버터칼국수 #의정부맛집"", ""description"": ""#이든찡 #호텔식샤브뷔페 #샤브샤브뷔페 #뷔페  #샤브샤브맛집 #뷔페꿀조합 #의정부맛집 #민락동맛집 #의정부맛집추천 #의정부데이트 #의정부가볼만한곳 #의정부샤브샤브  #foodstagram #koreanfood #kfood #shabushabu \n#샤브샤브 #샤브올데이의정부민락점 #레시피 #버터칼국수"", ""thumbnails"": {""default"": {""url"": ""https://i.ytimg.com/vi/ndwdE-hp-AM/default.jpg"", ""width"": 120, ""height"": 90}, ""medium"": {""url"": ""https://i.ytimg.com/vi/ndwdE-hp-AM/mqdefault.jpg"", ""width"": 320, ""height"": 180}, ""high"": {""url"": ""https://i.ytimg.com/vi/ndwdE-hp-AM/hqdefault.jpg"", ""width"": 480, ""height"": 360}, ""standard"": {""url"": ""https://i.ytimg.com/vi/ndwdE-hp-AM/sddefault.jpg"", ""width"": 640, ""height"": 480}, ""maxres"": {""url"": ""https://i.ytimg.com/vi/ndwdE-hp-AM/maxresdefault.jpg"", ""width"": 1280, ""height"": 720}}, ""channelTitle"": ""이든찡🎀🐰"", ""categoryId"": ""22"", ""liveBroadcastContent"": ""none"", ""defaultLanguage"": ""ko"", ""localized"": {""title"": ""칼국수에 버터를..?😲 #샤브올데이 #버터칼국수 #의정부맛집"", ""description"": ""#이든찡 #호텔식샤브뷔페 #샤브샤브뷔페 #뷔페  #샤브샤브맛집 #뷔페꿀조합 #의정부맛집 #민락동맛집 #의정부맛집추천 #의정부데이트 #의정부가볼만한곳 #의정부샤브샤브  #foodstagram #koreanfood #kfood #shabushabu \n#샤브샤브 #샤브올데이의정부민락점 #레시피 #버터칼국수""}}, ""statistics"": {""viewCount"": ""1535"", ""likeCount"": ""3"", ""favoriteCount"": ""0"", ""commentCount"": ""1""}}",,,,
샤브올데이,single_term_fallback,샤브올데이,0oKLsEWshaE,260304 귀여운 보미 샤브올데이 댄스 #한국도로공사배구단 #치어리더 #korean #cheerleader #직캠 #fancam #김천 #김보미,2026-03-05T13:35:33Z,1210.0,10.0,0.0,https://www.youtube.com/watch?v=0oKLsEWshaE,youtube,샤브올데이,canonical,1.0,2026-05-26T11:17:04.805326+00:00,1210,10,0,10,대구나방,,"{""kind"": ""youtube#video"", ""etag"": ""VkAHalmL2hR39nj6gGGrYnUSfxU"", ""id"": ""0oKLsEWshaE"", ""snippet"": {""publishedAt"": ""2026-03-05T13:35:33Z"", ""channelId"": ""UC8B6Sio4ZZpbi4bvNlts8LQ"", ""title"": ""260304 귀여운 보미 샤브올데이 댄스 #한국도로공사배구단 #치어리더 #korean #cheerleader #직캠 #fancam #김천 #김보미"", ""description"": """", ""thumbnails"": {""default"": {""url"": ""https://i.ytimg.com/vi/0oKLsEWshaE/default.jpg"", ""width"": 120, ""height"": 90}, ""medium"": {""url"": ""https://i.ytimg.com/vi/0oKLsEWshaE/mqdefault.jpg"", ""width"": 320, ""height"": 180}, ""high"": {""url"": ""https://i.ytimg.com/vi/0oKLsEWshaE/hqdefault.jpg"", ""width"": 480, ""height"": 360}, ""standard"": {""url"": ""https://i.ytimg.com/vi/0oKLsEWshaE/sddefault.jpg"", ""width"": 640, ""height"": 480}, ""maxres"": {""url"": ""https://i.ytimg.com/vi/0oKLsEWshaE/maxresdefault.jpg"", ""width"": 1280, ""height"": 720}}, ""channelTitle"": ""대구나방"", ""categoryId"": ""22"", ""liveBroadcastContent"": ""none"", ""defaultLanguage"": ""ko"", ""localized"": {""title"": ""260304 귀여운 보미 샤브올데이 댄스 #한국도로공사배구단 #치어리더 #korean #cheerleader #직캠 #fancam #김천 #김보미"", ""description"": """"}, ""defaultAudioLanguage"": ""ko""}, ""statistics"": {""viewCount"": ""1210"", ""likeCount"": ""10"", ""favoriteCount"": ""0"", ""commentCount"": ""0""}}",,,,
샤브올데이,single_term_fallback,샤브올데이,Rxk7I-du6Ow,개학전 샤브올데이먹방 브이로그 #먹방 #고삼  #브이로그 #샤브올데이,2026-03-12T15:45:40Z,2368.0,12.0,0.0,https://www.youtube.com/watch?v=Rxk7I-du6Ow,youtube,샤브올데이,canonical,1.0,2026-05-26T11:17:04.805326+00:00,2368,12,0,12,뭉,,"{""kind"": ""youtube#video"", ""etag"": ""3FtWSGMP1TeeRs_Z3PxESU8TEKw"", ""id"": ""Rxk7I-du6Ow"", ""snippet"": {""publishedAt"": ""2026-03-12T15:45:40Z"", ""channelId"": ""UCw6XXfoOXfyeCE4thQ-TdUA"", ""title"": ""개학전 샤브올데이먹방 브이로그 #먹방 #고삼  #브이로그 #샤브올데이"", ""description"": """", ""thumbnails"": {""default"": {""url"": ""https://i.ytimg.com/vi/Rxk7I-du6Ow/default.jpg"", ""width"": 120, ""height"": 90}, ""medium"": {""url"": ""https://i.ytimg.com/vi/Rxk7I-du6Ow/mqdefault.jpg"", ""width"": 320, ""height"": 180}, ""high"": {""url"": ""https://i.ytimg.com/vi/Rxk7I-du6Ow/hqdefault.jpg"", ""width"": 480, ""height"": 360}, ""standard"": {""url"": ""https://i.ytimg.com/vi/Rxk7I-du6Ow/sddefault.jpg"", ""width"": 640, ""height"": 480}, ""maxres"": {""url"": ""https://i.ytimg.com/vi/Rxk7I-du6Ow/maxresdefault.jpg"", ""width"": 1280, ""height"": 720}}, ""channelTitle"": ""뭉"", ""categoryId"": ""22"", ""liveBroadcastContent"": ""none"", ""defaultLanguage"": ""ko"", ""localized"": {""title"": ""개학전 샤브올데이먹방 브이로그 #먹방 #고삼  #브이로그 #샤브올데이"", ""description"": """"}}, ""statistics"": {""viewCount"": ""2368"", ""likeCount"": ""12"", ""favoriteCount"": ""0"", ""commentCount"": ""0""}}",,,,
샤브올데이,single_term_fallback,샤브올데이,aRajG82dGiI,#생맥주 #자동 #기계 #생맥주기계 #들어봤니 #샤브올데이 #있더라 #생맥짱,2026-03-21T13:02:35Z,1554.0,4.0,2.0,https://www.youtube.com/watch?v=aRajG82dGiI,youtube,샤브올데이,canonical,1.0,2026-05-26T11:17:04.805326+00:00,1554,4,2,6,곰튜브TV,,"{""kind"": ""youtube#video"", ""etag"": ""QvVuFfo88gC-eSy_Gy7kBU8xIwI"", ""id"": ""aRajG82dGiI"", ""snippet"": {""publishedAt"": ""2026-03-21T13:02:35Z"", ""channelId"": ""UC-v5IiXP1U_1F6PWd-6e45Q"", ""title"": ""#생맥주 #자동 #기계 #생맥주기계 #들어봤니 #샤브올데이 #있더라 #생맥짱"", ""description"": """", ""thumbnails"": {""default"": {""url"": ""https://i.ytimg.com/vi/aRajG82dGiI/default.jpg"", ""width"": 120, ""height"": 90}, ""medium"": {""url"": ""https://i.ytimg.com/vi/aRajG82dGiI/mqdefault.jpg"", ""width"": 320, ""height"": 180}, ""high"": {""url"": ""https://i.ytimg.com/vi/aRajG82dGiI/hqdefault.jpg"", ""width"": 480, ""height"": 360}, ""standard"": {""url"": ""https://i.ytimg.com/vi/aRajG82dGiI/sddefault.jpg"", ""width"": 640, ""height"": 480}, ""maxres"": {""url"": ""https://i.ytimg.com/vi/aRajG82dGiI/maxresdefault.jpg"", ""width"": 1280, ""height"": 720}}, ""channelTitle"": ""곰튜브TV"", ""categoryId"": ""22"", ""liveBroadcastContent"": ""none"", ""defaultLanguage"": ""ko"", ""localized"": {""title"": ""#생맥주 #자동 #기계 #생맥주기계 #들어봤니 #샤브올데이 #있더라 #생맥짱"", ""description"": """"}, ""defaultAudioLanguage"": ""ko""}, ""statistics"": {""viewCount"": ""1554"", ""likeCount"": ""4"", ""favoriteCount"": ""0"", ""commentCount"": ""2""}}",,,,
샤브올데이,single_term_fallback,샤브올데이,RBBf4k8DZxo,샤브올데이 가면 제발 이렇게 드세요! 한 번 먹으면 절대 못 끊는 버터 칼국수,2026-03-09T02:21:31Z,1711.0,9.0,2.0,https://www.youtube.com/watch?v=RBBf4k8DZxo,youtube,샤브올데이,canonical,1.0,2026-05-26T11:17:04.805326+00:00,1711,9,2,11,sosodaylog,"#협찬

아직도 샤브샤브 먹고 죽만 드시나요? 
이제 대세는 무조건 ’버터 칼국수‘입니다! 
남은 진국 육수에 칼국수 면 익혀서 건진 다음,
버터 한 조각 툭! 넣고 비비면 고소함 폭발하는 K-까르보나라 완성 
한 번 먹으면 절대 못 끊는 미친 중독성이니까, 영상 저장해두고 샤브올데이 갈 때 꼭 따라해 보세요!

• 주소: 부산 해운대구 달맞이길 30 엘시티 제포디움동 3층 3005호~3007호
• 영업시간:09:30 - 21:30 라스트오더21:00
16시 30분 이후 디너 메뉴 가격 적용
• 전화번호: 0507-1435-4952
• 주차: 엘시티건물 지하 3시간 지원

#샤브올데이 #샤브샤브무한리필 #버터칼국수 #부산샤브올데이","{""kind"": ""youtube#video"", ""etag"": ""1MuVjFjynJaYuiNcDN43DctTXMo"", ""id"": ""RBBf4k8DZxo"", ""snippet"": {""publishedAt"": ""2026-03-09T02:21:31Z"", ""channelId"": ""UCviqd2pyT1y8h4cUChXkkRw"", ""title"": ""샤브올데이 가면 제발 이렇게 드세요! 한 번 먹으면 절대 못 끊는 버터 칼국수"", ""description"": ""#협찬\n\n아직도 샤브샤브 먹고 죽만 드시나요? \n이제 대세는 무조건 ’버터 칼국수‘입니다! \n남은 진국 육수에 칼국수 면 익혀서 건진 다음,\n버터 한 조각 툭! 넣고 비비면 고소함 폭발하는 K-까르보나라 완성 \n한 번 먹으면 절대 못 끊는 미친 중독성이니까, 영상 저장해두고 샤브올데이 갈 때 꼭 따라해 보세요!\n\n• 주소: 부산 해운대구 달맞이길 30 엘시티 제포디움동 3층 3005호~3007호\n• 영업시간:09:30 - 21:30 라스트오더21:00\n16시 30분 이후 디너 메뉴 가격 적용\n• 전화번호: 0507-1435-4952\n• 주차: 엘시티건물 지하 3시간 지원\n\n#샤브올데이 #샤브샤브무한리필 #버터칼국수 #부산샤브올데이"", ""thumbnails"": {""default"": {""url"": ""https://i.ytimg.com/vi/RBBf4k8DZxo/default.jpg"", ""width"": 120, ""height"": 90}, ""medium"": {""url"": ""https://i.ytimg.com/vi/RBBf4k8DZxo/mqdefault.jpg"", ""width"": 320, ""height"": 180}, ""high"": {""url"": ""https://i.ytimg.com/vi/RBBf4k8DZxo/hqdefault.jpg"", ""width"": 480, ""height"": 360}, ""standard"": {""url"": ""https://i.ytimg.com/vi/RBBf4k8DZxo/sddefault.jpg"", ""width"": 640, ""height"": 480}, ""maxres"": {""url"": ""https://i.ytimg.com/vi/RBBf4k8DZxo/maxresdefault.jpg"", ""width"": 1280, ""height"": 720}}, ""channelTitle"": ""sosodaylog"", ""categoryId"": ""22"", ""liveBroadcastContent"": ""none"", ""defaultLanguage"": ""ko"", ""localized"": {""title"": ""샤브올데이 가면 제발 이렇게 드세요! 한 번 먹으면 절대 못 끊는 버터 칼국수"", ""description"": ""#협찬\n\n아직도 샤브샤브 먹고 죽만 드시나요? \n이제 대세는 무조건 ’버터 칼국수‘입니다! \n남은 진국 육수에 칼국수 면 익혀서 건진 다음,\n버터 한 조각 툭! 넣고 비비면 고소함 폭발하는 K-까르보나라 완성 \n한 번 먹으면 절대 못 끊는 미친 중독성이니까, 영상 저장해두고 샤브올데이 갈 때 꼭 따라해 보세요!\n\n• 주소: 부산 해운대구 달맞이길 30 엘시티 제포디움동 3층 3005호~3007호\n• 영업시간:09:30 - 21:30 라스트오더21:00\n16시 30분 이후 디너 메뉴 가격 적용\n• 전화번호: 0507-1435-4952\n• 주차: 엘시티건물 지하 3시간 지원\n\n#샤브올데이 #샤브샤브무한리필 #버터칼국수 #부산샤브올데이""}, ""defaultAudioLanguage"": ""ko""}, ""statistics"": {""viewCount"": ""1711"", ""likeCount"": ""9"", ""favoriteCount"": ""0"", ""commentCount"": ""2""}}",,,,
샤브올데이,single_term_fallback,샤브올데이,C3yjY6hj2jE,화명동 샤브샤브 맛집 샤브올데이,2026-02-28T11:29:09Z,1789.0,2.0,0.0,https://www.youtube.com/watch?v=C3yjY6hj2jE,youtube,샤브올데이,canonical,1.0,2026-05-26T11:17:04.805326+00:00,1789,2,0,2,젤리또야,"소고기 샤브샤브와 호텔식 샐러드바를
무제한으로 즐길 수 있는 곳이에요 : )

사브샤브 무한리필 프랜차이즈 중 원탑💖

#샤브올데이부산화명점
(위치 : 부산 북구 금곡대로 201 (화명동) 1층)

#샤브올데이 #화명동맛집 #부산화명맛집 #부산샤브샤브","{""kind"": ""youtube#video"", ""etag"": ""2YazZEsHd7eJYvn9fR0Jbe6v6Uw"", ""id"": ""C3yjY6hj2jE"", ""snippet"": {""publishedAt"": ""2026-02-28T11:29:09Z"", ""channelId"": ""UC_MSIUhuepTkblmd6oHc34w"", ""title"": ""화명동 샤브샤브 맛집 샤브올데이"", ""description"": ""소고기 샤브샤브와 호텔식 샐러드바를\n무제한으로 즐길 수 있는 곳이에요 : )\n\n사브샤브 무한리필 프랜차이즈 중 원탑💖\n\n#샤브올데이부산화명점\n(위치 : 부산 북구 금곡대로 201 (화명동) 1층)\n\n#샤브올데이 #화명동맛집 #부산화명맛집 #부산샤브샤브"", ""thumbnails"": {""default"": {""url"": ""https://i.ytimg.com/vi/C3yjY6hj2jE/default.jpg"", ""width"": 120, ""height"": 90}, ""medium"": {""url"": ""https://i.ytimg.com/vi/C3yjY6hj2jE/mqdefault.jpg"", ""width"": 320, ""height"": 180}, ""high"": {""url"": ""https://i.ytimg.com/vi/C3yjY6hj2jE/hqdefault.jpg"", ""width"": 480, ""height"": 360}, ""standard"": {""url"": ""https://i.ytimg.com/vi/C3yjY6hj2jE/sddefault.jpg"", ""width"": 640, ""height"": 480}, ""maxres"": {""url"": ""https://i.ytimg.com/vi/C3yjY6hj2jE/maxresdefault.jpg"", ""width"": 1280, ""height"": 720}}, ""channelTitle"": ""젤리또야"", ""categoryId"": ""22"", ""liveBroadcastContent"": ""none"", ""defaultLanguage"": ""ko"", ""localized"": {""title"": ""화명동 샤브샤브 맛집 샤브올데이"", ""description"": ""소고기 샤브샤브와 호텔식 샐러드바를\n무제한으로 즐길 수 있는 곳이에요 : )\n\n사브샤브 무한리필 프랜차이즈 중 원탑💖\n\n#샤브올데이부산화명점\n(위치 : 부산 북구 금곡대로 201 (화명동) 1층)\n\n#샤브올데이 #화명동맛집 #부산화명맛집 #부산샤브샤브""}, ""defaultAudioLanguage"": ""ko""}, ""statistics"": {""viewCount"": ""1789"", ""likeCount"": ""2"", ""favoriteCount"": ""0"", ""commentCount"": ""0""}}",,,,
샤브올데이,single_term_fallback,샤브올데이,PlBSaqbg-Q0,5월 샤브올데이 가면 돈을 돌려준대요!!,2026-05-12T13:10:00Z,2183.0,4.0,0.0,https://www.youtube.com/watch?v=PlBSaqbg-Q0,youtube,샤브올데이,canonical,1.0,2026-05-26T11:17:04.805326+00:00,2183,4,0,4,규리뷰 🍊,"샤브올데이 5월에 가면 돈을 돌려준대요!! 개꿀❤️

가정의달 이벤트로 5월 한달간 샤브올데이 식사 후 네이버페이로 49,800원 이상 결제 시 무려 7,000원을 네이버페이 포인트로 적립해주는데요! 

타 할인쿠폰이랑도 중복 적용되니까 이거 무조건 가셔야해요!
(단 할인쿠폰 적용 후 49,800원 미만이라면 적립 불가)

무제한 소고기 샤브샤브부터 샐러드바 디저트 그리고 무제한 맥주까지 가족 친구 지인 누구랑 가도 다 좋아하는 곳이니까 5월에 소중한 사람들과 샤브올데이 꼭 가보세요!

#샤브올데이 #샤브올데이서울대림점 #네이버페이 #할인 #가정의달","{""kind"": ""youtube#video"", ""etag"": ""NIMqxIQMoul-yCj-VMopqYnFe08"", ""id"": ""PlBSaqbg-Q0"", ""snippet"": {""publishedAt"": ""2026-05-12T13:10:00Z"", ""channelId"": ""UCRFqJAw6D3bpfMWS6u8_QPQ"", ""title"": ""5월 샤브올데이 가면 돈을 돌려준대요!!"", ""description"": ""샤브올데이 5월에 가면 돈을 돌려준대요!! 개꿀❤️\n\n가정의달 이벤트로 5월 한달간 샤브올데이 식사 후 네이버페이로 49,800원 이상 결제 시 무려 7,000원을 네이버페이 포인트로 적립해주는데요! \n\n타 할인쿠폰이랑도 중복 적용되니까 이거 무조건 가셔야해요!\n(단 할인쿠폰 적용 후 49,800원 미만이라면 적립 불가)\n\n무제한 소고기 샤브샤브부터 샐러드바 디저트 그리고 무제한 맥주까지 가족 친구 지인 누구랑 가도 다 좋아하는 곳이니까 5월에 소중한 사람들과 샤브올데이 꼭 가보세요!\n\n#샤브올데이 #샤브올데이서울대림점 #네이버페이 #할인 #가정의달"", ""thumbnails"": {""default"": {""url"": ""https://i.ytimg.com/vi/PlBSaqbg-Q0/default.jpg"", ""width"": 120, ""height"": 90}, ""medium"": {""url"": ""https://i.ytimg.com/vi/PlBSaqbg-Q0/mqdefault.jpg"", ""width"": 320, ""height"": 180}, ""high"": {""url"": ""https://i.ytimg.com/vi/PlBSaqbg-Q0/hqdefault.jpg"", ""width"": 480, ""height"": 360}, ""standard"": {""url"": ""https://i.ytimg.com/vi/PlBSaqbg-Q0/sddefault.jpg"", ""width"": 640, ""height"": 480}, ""maxres"": {""url"": ""https://i.ytimg.com/vi/PlBSaqbg-Q0/maxresdefault.jpg"", ""width"": 1280, ""height"": 720}}, ""channelTitle"": ""규리뷰 🍊"", ""tags"": [""샤브올데이"", ""샤올"", ""샤브올데이꿀팁"", ""가정의달"", ""네이버페이"", ""샤올꿀팁"", ""샤브올데이할인"", ""샤브올데이레시피""], ""categoryId"": ""17"", ""liveBroadcastContent"": ""none"", ""defaultLanguage"": ""ko"", ""localized"": {""title"": ""5월 샤브올데이 가면 돈을 돌려준대요!!"", ""description"": ""샤브올데이 5월에 가면 돈을 돌려준대요!! 개꿀❤️\n\n가정의달 이벤트로 5월 한달간 샤브올데이 식사 후 네이버페이로 49,800원 이상 결제 시 무려 7,000원을 네이버페이 포인트로 적립해주는데요! \n\n타 할인쿠폰이랑도 중복 적용되니까 이거 무조건 가셔야해요!\n(단 할인쿠폰 적용 후 49,800원 미만이라면 적립 불가)\n\n무제한 소고기 샤브샤브부터 샐러드바 디저트 그리고 무제한 맥주까지 가족 친구 지인 누구랑 가도 다 좋아하는 곳이니까 5월에 소중한 사람들과 샤브올데이 꼭 가보세요!\n\n#샤브올데이 #샤브올데이서울대림점 #네이버페이 #할인 #가정의달""}, ""defaultAudioLanguage"": ""ko""}, ""statistics"": {""viewCount"": ""2183"", ""likeCount"": ""4"", ""favoriteCount"": ""0"", ""commentCount"": ""0""}}",,,,
샤브올데이,single_term_fallback,샤브올데이,oxOAsxpaxhk,두쫀쿠 무제한‼️샤브올데이 선넘음‼️,2026-03-02T15:22:45Z,1275.0,5.0,0.0,https://www.youtube.com/watch?v=oxOAsxpaxhk,youtube,샤브올데이,canonical,1.0,2026-05-26T11:17:04.805326+00:00,1275,5,0,5,먹어영,"샤브올데이에서 두쫀쿠를 무제한으로 먹는다고요?

비밀 레시피 공유해드림

콘푸라이트 잘게 부숴서
고소한 땅콩소스에 버무리고🫶🫶

라이스페이퍼에 돌돌 말아
초코에 퐁당 찍어 먹으면
이게 바로 ‘땅쫀쿠’ 완성‼️ 

두쫀쿠 5개 값이면
소고기 3종에 60가지 샤브가 무제한인데
마무리는 달콤하게 땅쫀쿠까지 가능

고기부터 디저트까지 한 번에 끝내는
와… 샤브올데이 
이번에 제대로 작정했네요 

📍샤브올데이 대구서구점
 •대구 서구 서대구로 199
 •open 11:00~21:30

▪︎지점별 구성 메뉴와 주류 제공 방식의 차이가 있을 수 있습니다

#샤브올데이 #샤브올데이서구점 #두폰쿠 #잡쫀쿠 #뷔페추천
#땅쫀쿠 #비밀레시피 #무한리필 #샤브샤브 #무제한소고기","{""kind"": ""youtube#video"", ""etag"": ""_GdGN_eLH7yU5mnXvrt7-RdJ_PM"", ""id"": ""oxOAsxpaxhk"", ""snippet"": {""publishedAt"": ""2026-03-02T15:22:45Z"", ""channelId"": ""UCdnBLZhHBLawQR30A5YMKqw"", ""title"": ""두쫀쿠 무제한‼️샤브올데이 선넘음‼️"", ""description"": ""샤브올데이에서 두쫀쿠를 무제한으로 먹는다고요?\n\n비밀 레시피 공유해드림\n\n콘푸라이트 잘게 부숴서\n고소한 땅콩소스에 버무리고🫶🫶\n\n라이스페이퍼에 돌돌 말아\n초코에 퐁당 찍어 먹으면\n이게 바로 ‘땅쫀쿠’ 완성‼️ \n\n두쫀쿠 5개 값이면\n소고기 3종에 60가지 샤브가 무제한인데\n마무리는 달콤하게 땅쫀쿠까지 가능\n\n고기부터 디저트까지 한 번에 끝내는\n와… 샤브올데이 \n이번에 제대로 작정했네요 \n\n📍샤브올데이 대구서구점\n •대구 서구 서대구로 199\n •open 11:00~21:30\n\n▪︎지점별 구성 메뉴와 주류 제공 방식의 차이가 있을 수 있습니다\n\n#샤브올데이 #샤브올데이서구점 #두폰쿠 #잡쫀쿠 #뷔페추천\n#땅쫀쿠 #비밀레시피 #무한리필 #샤브샤브 #무제한소고기"", ""thumbnails"": {""default"": {""url"": ""https://i.ytimg.com/vi/oxOAsxpaxhk/default.jpg"", ""width"": 120, ""height"": 90}, ""medium"": {""url"": ""https://i.ytimg.com/vi/oxOAsxpaxhk/mqdefault.jpg"", ""width"": 320, ""height"": 180}, ""high"": {""url"": ""https://i.ytimg.com/vi/oxOAsxpaxhk/hqdefault.jpg"", ""width"": 480, ""height"": 360}, ""standard"": {""url"": ""https://i.ytimg.com/vi/oxOAsxpaxhk/sddefault.jpg"", ""width"": 640, ""height"": 480}, ""maxres"": {""url"": ""https://i.ytimg.com/vi/oxOAsxpaxhk/maxresdefault.jpg"", ""width"": 1280, ""height"": 720}}, ""channelTitle"": ""먹어영"", ""categoryId"": ""22"", ""liveBroadcastContent"": ""none"", ""defaultLanguage"": ""ko"", ""localized"": {""title"": ""두쫀쿠 무제한‼️샤브올데이 선넘음‼️"", ""description"": ""샤브올데이에서 두쫀쿠를 무제한으로 먹는다고요?\n\n비밀 레시피 공유해드림\n\n콘푸라이트 잘게 부숴서\n고소한 땅콩소스에 버무리고🫶🫶\n\n라이스페이퍼에 돌돌 말아\n초코에 퐁당 찍어 먹으면\n이게 바로 ‘땅쫀쿠’ 완성‼️ \n\n두쫀쿠 5개 값이면\n소고기 3종에 60가지 샤브가 무제한인데\n마무리는 달콤하게 땅쫀쿠까지 가능\n\n고기부터 디저트까지 한 번에 끝내는\n와… 샤브올데이 \n이번에 제대로 작정했네요 \n\n📍샤브올데이 대구서구점\n •대구 서구 서대구로 199\n •open 11:00~21:30\n\n▪︎지점별 구성 메뉴와 주류 제공 방식의 차이가 있을 수 있습니다\n\n#샤브올데이 #샤브올데이서구점 #두폰쿠 #잡쫀쿠 #뷔페추천\n#땅쫀쿠 #비밀레시피 #무한리필 #샤브샤브 #무제한소고기""}}, ""statistics"": {""viewCount"": ""1275"", ""likeCount"": ""5"", ""favoriteCount"": ""0"", ""commentCount"": ""0""}}",,,,
샤브올데이,single_term_fallback,샤브올데이,6NHPySeUsS4,샤브올데이 처음  간 사람 #브이로그 #샤브샤브 #샤브올데이 #일상 #쇼츠,2026-04-19T01:56:22Z,1626.0,9.0,2.0,https://www.youtube.com/watch?v=6NHPySeUsS4,youtube,샤브올데이,canonical,1.0,2026-05-26T11:17:04.805326+00:00,1626,9,2,11,아이ちゃん,#제주 #맛집 #제주맛집 #vlog #jeju,"{""kind"": ""youtube#video"", ""etag"": ""jFQ4zknfpm30ri4YHI07AQaBGuQ"", ""id"": ""6NHPySeUsS4"", ""snippet"": {""publishedAt"": ""2026-04-19T01:56:22Z"", ""channelId"": ""UCGmgiOj21Oda-a6p1v4Kwrg"", ""title"": ""샤브올데이 처음  간 사람 #브이로그 #샤브샤브 #샤브올데이 #일상 #쇼츠"", ""description"": ""#제주 #맛집 #제주맛집 #vlog #jeju"", ""thumbnails"": {""default"": {""url"": ""https://i.ytimg.com/vi/6NHPySeUsS4/default.jpg"", ""width"": 120, ""height"": 90}, ""medium"": {""url"": ""https://i.ytimg.com/vi/6NHPySeUsS4/mqdefault.jpg"", ""width"": 320, ""height"": 180}, ""high"": {""url"": ""https://i.ytimg.com/vi/6NHPySeUsS4/hqdefault.jpg"", ""width"": 480, ""height"": 360}, ""standard"": {""url"": ""https://i.ytimg.com/vi/6NHPySeUsS4/sddefault.jpg"", ""width"": 640, ""height"": 480}, ""maxres"": {""url"": ""https://i.ytimg.com/vi/6NHPySeUsS4/maxresdefault.jpg"", ""width"": 1280, ""height"": 720}}, ""channelTitle"": ""아이ちゃん"", ""categoryId"": ""22"", ""liveBroadcastContent"": ""none"", ""defaultLanguage"": ""ko"", ""localized"": {""title"": ""샤브올데이 처음  간 사람 #브이로그 #샤브샤브 #샤브올데이 #일상 #쇼츠"", ""description"": ""#제주 #맛집 #제주맛집 #vlog #jeju""}, ""defaultAudioLanguage"": ""ko""}, ""statistics"": {""viewCount"": ""1626"", ""likeCount"": ""9"", ""favoriteCount"": ""0"", ""commentCount"": ""2""}}",,,,
샤브올데이,single_term_fallback,샤브올데이,iEhEuo4eL5M,#레시피 #샤브올데이 #버섯꼬치 #패션후르츠 #food,2026-04-19T04:48:57Z,1479.0,4.0,0.0,https://www.youtube.com/watch?v=iEhEuo4eL5M,youtube,샤브올데이,canonical,1.0,2026-05-26T11:17:04.805326+00:00,1479,4,0,4,energy 💪 health 🍕 food ,,"{""kind"": ""youtube#video"", ""etag"": ""aMASI74jZhDqaPqMprhnPN4CJXI"", ""id"": ""iEhEuo4eL5M"", ""snippet"": {""publishedAt"": ""2026-04-19T04:48:57Z"", ""channelId"": ""UC1lWQ8JqAn0iw_f7ZRhoUYw"", ""title"": ""#레시피 #샤브올데이 #버섯꼬치 #패션후르츠 #food"", ""description"": """", ""thumbnails"": {""default"": {""url"": ""https://i.ytimg.com/vi/iEhEuo4eL5M/default.jpg"", ""width"": 120, ""height"": 90}, ""medium"": {""url"": ""https://i.ytimg.com/vi/iEhEuo4eL5M/mqdefault.jpg"", ""width"": 320, ""height"": 180}, ""high"": {""url"": ""https://i.ytimg.com/vi/iEhEuo4eL5M/hqdefault.jpg"", ""width"": 480, ""height"": 360}, ""standard"": {""url"": ""https://i.ytimg.com/vi/iEhEuo4eL5M/sddefault.jpg"", ""width"": 640, ""height"": 480}, ""maxres"": {""url"": ""https://i.ytimg.com/vi/iEhEuo4eL5M/maxresdefault.jpg"", ""width"": 1280, ""height"": 720}}, ""channelTitle"": ""energy 💪 health 🍕 food "", ""categoryId"": ""22"", ""liveBroadcastContent"": ""none"", ""defaultLanguage"": ""ko"", ""localized"": {""title"": ""#레시피 #샤브올데이 #버섯꼬치 #패션후르츠 #food"", ""description"": """"}}, ""statistics"": {""viewCount"": ""1479"", ""likeCount"": ""4"", ""favoriteCount"": ""0""}}",,,,
샤브올데이,single_term_fallback,샤브올데이,7UMG0wcy7YI,'샤브샤브 안무가가 추는 샤브올데이댄스' 박세인 치어리더,2026-03-11T10:00:11Z,1084.0,14.0,0.0,https://www.youtube.com/watch?v=7UMG0wcy7YI,youtube,샤브올데이,canonical,1.0,2026-05-26T11:17:04.805326+00:00,1084,14,0,14,야채,"251226 한국도로공사 하이패스 배구단
#박세인 #박세인치어리더 #치어리더 
#한국도로공사 #한국도로공사배구단 #도로공사 #프로배구
#직캠 #치어리더직캠 #fancam #cheerleader","{""kind"": ""youtube#video"", ""etag"": ""xg0gZnD204Y_mYbq30MBA9ldJmI"", ""id"": ""7UMG0wcy7YI"", ""snippet"": {""publishedAt"": ""2026-03-11T10:00:11Z"", ""channelId"": ""UCO0BsNGL9_dtXDAUhWFXJsw"", ""title"": ""'샤브샤브 안무가가 추는 샤브올데이댄스' 박세인 치어리더"", ""description"": ""251226 한국도로공사 하이패스 배구단\n#박세인 #박세인치어리더 #치어리더 \n#한국도로공사 #한국도로공사배구단 #도로공사 #프로배구\n#직캠 #치어리더직캠 #fancam #cheerleader"", ""thumbnails"": {""default"": {""url"": ""https://i.ytimg.com/vi/7UMG0wcy7YI/default.jpg"", ""width"": 120, ""height"": 90}, ""medium"": {""url"": ""https://i.ytimg.com/vi/7UMG0wcy7YI/mqdefault.jpg"", ""width"": 320, ""height"": 180}, ""high"": {""url"": ""https://i.ytimg.com/vi/7UMG0wcy7YI/hqdefault.jpg"", ""width"": 480, ""height"": 360}, ""standard"": {""url"": ""https://i.ytimg.com/vi/7UMG0wcy7YI/sddefault.jpg"", ""width"": 640, ""height"": 480}, ""maxres"": {""url"": ""https://i.ytimg.com/vi/7UMG0wcy7YI/maxresdefault.jpg"", ""width"": 1280, ""height"": 720}}, ""channelTitle"": ""야채"", ""categoryId"": ""22"", ""liveBroadcastContent"": ""none"", ""defaultLanguage"": ""ko"", ""localized"": {""title"": ""'샤브샤브 안무가가 추는 샤브올데이댄스' 박세인 치어리더"", ""description"": ""251226 한국도로공사 하이패스 배구단\n#박세인 #박세인치어리더 #치어리더 \n#한국도로공사 #한국도로공사배구단 #도로공사 #프로배구\n#직캠 #치어리더직캠 #fancam #cheerleader""}}, ""statistics"": {""viewCount"": ""1084"", ""likeCount"": ""14"", ""favoriteCount"": ""0"", ""commentCount"": ""0""}}",,,,
샤브올데이,single_term_fallback,샤브올데이,lktRxwdhnWE,샤브올데이 광고비 주세요 ㅋㅋㅋㅋㅋㅋ #baby #shorts #샤브올데이 #아기 #모델,2026-05-06T09:01:09Z,1121.0,18.0,0.0,https://www.youtube.com/watch?v=lktRxwdhnWE,youtube,샤브올데이,canonical,1.0,2026-05-26T11:17:04.805326+00:00,1121,18,0,18,하밍쿵야,,"{""kind"": ""youtube#video"", ""etag"": ""xsrN9yeSXP3Stn3saoI48Mmx-aQ"", ""id"": ""lktRxwdhnWE"", ""snippet"": {""publishedAt"": ""2026-05-06T09:01:09Z"", ""channelId"": ""UCnya3L0qsTL0pkC6iUEHzWA"", ""title"": ""샤브올데이 광고비 주세요 ㅋㅋㅋㅋㅋㅋ #baby #shorts #샤브올데이 #아기 #모델"", ""description"": """", ""thumbnails"": {""default"": {""url"": ""https://i.ytimg.com/vi/lktRxwdhnWE/default.jpg"", ""width"": 120, ""height"": 90}, ""medium"": {""url"": ""https://i.ytimg.com/vi/lktRxwdhnWE/mqdefault.jpg"", ""width"": 320, ""height"": 180}, ""high"": {""url"": ""https://i.ytimg.com/vi/lktRxwdhnWE/hqdefault.jpg"", ""width"": 480, ""height"": 360}, ""standard"": {""url"": ""https://i.ytimg.com/vi/lktRxwdhnWE/sddefault.jpg"", ""width"": 640, ""height"": 480}, ""maxres"": {""url"": ""https://i.ytimg.com/vi/lktRxwdhnWE/maxresdefault.jpg"", ""width"": 1280, ""height"": 720}}, ""channelTitle"": ""하밍쿵야"", ""categoryId"": ""26"", ""liveBroadcastContent"": ""none"", ""defaultLanguage"": ""ko"", ""localized"": {""title"": ""샤브올데이 광고비 주세요 ㅋㅋㅋㅋㅋㅋ #baby #shorts #샤브올데이 #아기 #모델"", ""description"": """"}}, ""statistics"": {""viewCount"": ""1121"", ""likeCount"": ""18"", ""favoriteCount"": ""0"", ""commentCount"": ""0""}}",,,,
샤브올데이,single_term_fallback,샤브올데이,wczpNxaZdiY,샤브올데이에서 짭쫀쿠  ㅋㅋㅋㅋㅋ,2026-02-27T11:40:20Z,1282.0,6.0,0.0,https://www.youtube.com/watch?v=wczpNxaZdiY,youtube,샤브올데이,canonical,1.0,2026-05-26T11:17:04.805326+00:00,1282,6,0,6,무보자,,"{""kind"": ""youtube#video"", ""etag"": ""txzpG-jZBa9rohGBIKkUXCMkDU0"", ""id"": ""wczpNxaZdiY"", ""snippet"": {""publishedAt"": ""2026-02-27T11:40:20Z"", ""channelId"": ""UCDJSZ3HZWraAzV5R4ZwAqFQ"", ""title"": ""샤브올데이에서 짭쫀쿠  ㅋㅋㅋㅋㅋ"", ""description"": """", ""thumbnails"": {""default"": {""url"": ""https://i.ytimg.com/vi/wczpNxaZdiY/default.jpg"", ""width"": 120, ""height"": 90}, ""medium"": {""url"": ""https://i.ytimg.com/vi/wczpNxaZdiY/mqdefault.jpg"", ""width"": 320, ""height"": 180}, ""high"": {""url"": ""https://i.ytimg.com/vi/wczpNxaZdiY/hqdefault.jpg"", ""width"": 480, ""height"": 360}, ""standard"": {""url"": ""https://i.ytimg.com/vi/wczpNxaZdiY/sddefault.jpg"", ""width"": 640, ""height"": 480}, ""maxres"": {""url"": ""https://i.ytimg.com/vi/wczpNxaZdiY/maxresdefault.jpg"", ""width"": 1280, ""height"": 720}}, ""channelTitle"": ""무보자"", ""categoryId"": ""22"", ""liveBroadcastContent"": ""none"", ""defaultLanguage"": ""ko"", ""localized"": {""title"": ""샤브올데이에서 짭쫀쿠  ㅋㅋㅋㅋㅋ"", ""description"": """"}}, ""statistics"": {""viewCount"": ""1282"", ""likeCount"": ""6"", ""favoriteCount"": ""0"", ""commentCount"": ""0""}}",,,,
샤브올데이,single_term_fallback,샤브올데이,1OOJXKKGGp8,샤브올데이 인천논현점,2026-03-26T11:03:53Z,1799.0,7.0,0.0,https://www.youtube.com/watch?v=1OOJXKKGGp8,youtube,샤브올데이,canonical,1.0,2026-05-26T11:17:04.805326+00:00,1799,7,0,7,펀푸드,,"{""kind"": ""youtube#video"", ""etag"": ""MVnoXQXh_UNc49sPins1WbVEcY8"", ""id"": ""1OOJXKKGGp8"", ""snippet"": {""publishedAt"": ""2026-03-26T11:03:53Z"", ""channelId"": ""UCyT0cECZinsCRIZkCknkZUg"", ""title"": ""샤브올데이 인천논현점"", ""description"": """", ""thumbnails"": {""default"": {""url"": ""https://i.ytimg.com/vi/1OOJXKKGGp8/default.jpg"", ""width"": 120, ""height"": 90}, ""medium"": {""url"": ""https://i.ytimg.com/vi/1OOJXKKGGp8/mqdefault.jpg"", ""width"": 320, ""height"": 180}, ""high"": {""url"": ""https://i.ytimg.com/vi/1OOJXKKGGp8/hqdefault.jpg"", ""width"": 480, ""height"": 360}, ""standard"": {""url"": ""https://i.ytimg.com/vi/1OOJXKKGGp8/sddefault.jpg"", ""width"": 640, ""height"": 480}, ""maxres"": {""url"": ""https://i.ytimg.com/vi/1OOJXKKGGp8/maxresdefault.jpg"", ""width"": 1280, ""height"": 720}}, ""channelTitle"": ""펀푸드"", ""categoryId"": ""19"", ""liveBroadcastContent"": ""none"", ""defaultLanguage"": ""ko"", ""localized"": {""title"": ""샤브올데이 인천논현점"", ""description"": """"}, ""defaultAudioLanguage"": ""ko""}, ""statistics"": {""viewCount"": ""1799"", ""likeCount"": ""7"", ""favoriteCount"": ""0"", ""commentCount"": ""0""}}",,,,
샤브올데이,single_term_fallback,샤브올데이,GFh1BhR2mqA,진주 샤브무한리필 샤브올데이,2026-04-21T07:44:25Z,1729.0,2.0,0.0,https://www.youtube.com/watch?v=GFh1BhR2mqA,youtube,샤브올데이,canonical,1.0,2026-05-26T11:17:04.805326+00:00,1729,2,0,2,진주맛집,,"{""kind"": ""youtube#video"", ""etag"": ""DZ-PxDodS7gZ0C1h2-aZfazW4oI"", ""id"": ""GFh1BhR2mqA"", ""snippet"": {""publishedAt"": ""2026-04-21T07:44:25Z"", ""channelId"": ""UCS0RoWnYkDXtg2Tvi7el5JA"", ""title"": ""진주 샤브무한리필 샤브올데이"", ""description"": """", ""thumbnails"": {""default"": {""url"": ""https://i.ytimg.com/vi/GFh1BhR2mqA/default.jpg"", ""width"": 120, ""height"": 90}, ""medium"": {""url"": ""https://i.ytimg.com/vi/GFh1BhR2mqA/mqdefault.jpg"", ""width"": 320, ""height"": 180}, ""high"": {""url"": ""https://i.ytimg.com/vi/GFh1BhR2mqA/hqdefault.jpg"", ""width"": 480, ""height"": 360}, ""standard"": {""url"": ""https://i.ytimg.com/vi/GFh1BhR2mqA/sddefault.jpg"", ""width"": 640, ""height"": 480}, ""maxres"": {""url"": ""https://i.ytimg.com/vi/GFh1BhR2mqA/maxresdefault.jpg"", ""width"": 1280, ""height"": 720}}, ""channelTitle"": ""진주맛집"", ""tags"": [""진주맛집"", ""진주샤브"", ""진주샤브올데이"", ""진주외식"", ""고성맛집"", ""고성외식"", ""고성가족외식"", ""고성샤브올데이""], ""categoryId"": ""22"", ""liveBroadcastContent"": ""none"", ""defaultLanguage"": ""ko"", ""localized"": {""title"": ""진주 샤브무한리필 샤브올데이"", ""description"": """"}}, ""statistics"": {""viewCount"": ""1729"", ""likeCount"": ""2"", ""favoriteCount"": ""0"", ""commentCount"": ""0""}}",,,,
샤브올데이,single_term_fallback,샤브올데이,JURg350266A,다이어트중 샤브올데이 청첩장 모임,2026-03-22T09:30:10Z,1001.0,4.0,0.0,https://www.youtube.com/watch?v=JURg350266A,youtube,샤브올데이,canonical,1.0,2026-05-26T11:17:04.805326+00:00,1001,4,0,4,박프피,,"{""kind"": ""youtube#video"", ""etag"": ""3RXvnQl98VUS0YW_wclNU0O1arU"", ""id"": ""JURg350266A"", ""snippet"": {""publishedAt"": ""2026-03-22T09:30:10Z"", ""channelId"": ""UCnG4TbPC4VtTJQg9ijxi_Tw"", ""title"": ""다이어트중 샤브올데이 청첩장 모임"", ""description"": """", ""thumbnails"": {""default"": {""url"": ""https://i.ytimg.com/vi/JURg350266A/default.jpg"", ""width"": 120, ""height"": 90}, ""medium"": {""url"": ""https://i.ytimg.com/vi/JURg350266A/mqdefault.jpg"", ""width"": 320, ""height"": 180}, ""high"": {""url"": ""https://i.ytimg.com/vi/JURg350266A/hqdefault.jpg"", ""width"": 480, ""height"": 360}, ""standard"": {""url"": ""https://i.ytimg.com/vi/JURg350266A/sddefault.jpg"", ""width"": 640, ""height"": 480}, ""maxres"": {""url"": ""https://i.ytimg.com/vi/JURg350266A/maxresdefault.jpg"", ""width"": 1280, ""height"": 720}}, ""channelTitle"": ""박프피"", ""tags"": [""샤브올데이"", ""청첩장모임"", ""다이어트"", ""단백질"", ""축의금""], ""categoryId"": ""24"", ""liveBroadcastContent"": ""none"", ""defaultLanguage"": ""ko"", ""localized"": {""title"": ""다이어트중 샤브올데이 청첩장 모임"", ""description"": """"}, ""defaultAudioLanguage"": ""ko""}, ""statistics"": {""viewCount"": ""1001"", ""likeCount"": ""4"", ""favoriteCount"": ""0"", ""commentCount"": ""0""}}",,,,
샤브올데이,single_term_fallback,샤브올데이,u4zcTu8q9wY,샤브올데이가 '고작' 1300억원에 팔린 이유가 뭘까요?,2026-05-01T08:01:07Z,1531.0,7.0,3.0,https://www.youtube.com/watch?v=u4zcTu8q9wY,youtube,샤브올데이,canonical,1.0,2026-05-26T11:17:04.805326+00:00,1531,7,3,10,프랜버핏_프랜차이즈 알려 Dream,"졸리비는 샤브올데이를 1300억원이라는 '싼 값'에 사갔습니다.
왜 샤브올데이는 3천억이 될 수도 있었던 브랜드를 1300억에 팔았을까요?

#가맹거래사 #프랜차이즈설립 #정보공개서 #프랜차이즈컨설팅 #프랜차이즈본사설립 #프랜차이즈구축#프랜차이즈사업 #프랜차이즈 #드림프랜차이즈컨설팅그룹 #정보공개서드록 #공정위정보공개서 #프랜차이즈본사매출 #가맹계약서 #샤브올데이M&A #메가커피M&A #컴포즈커피M&A #요아정M&A #프랜차이즈M&A #M&A #프랜차이즈매각 #명륜당 #명륜진사갈비 #졸리비 #jollibee","{""kind"": ""youtube#video"", ""etag"": ""vRlSE1vVy6JPVM42Idk2FPn74IE"", ""id"": ""u4zcTu8q9wY"", ""snippet"": {""publishedAt"": ""2026-05-01T08:01:07Z"", ""channelId"": ""UCuEIB-b8vck_FRWBKh3SySg"", ""title"": ""샤브올데이가 '고작' 1300억원에 팔린 이유가 뭘까요?"", ""description"": ""졸리비는 샤브올데이를 1300억원이라는 '싼 값'에 사갔습니다.\n왜 샤브올데이는 3천억이 될 수도 있었던 브랜드를 1300억에 팔았을까요?\n\n#가맹거래사 #프랜차이즈설립 #정보공개서 #프랜차이즈컨설팅 #프랜차이즈본사설립 #프랜차이즈구축#프랜차이즈사업 #프랜차이즈 #드림프랜차이즈컨설팅그룹 #정보공개서드록 #공정위정보공개서 #프랜차이즈본사매출 #가맹계약서 #샤브올데이M&A #메가커피M&A #컴포즈커피M&A #요아정M&A #프랜차이즈M&A #M&A #프랜차이즈매각 #명륜당 #명륜진사갈비 #졸리비 #jollibee"", ""thumbnails"": {""default"": {""url"": ""https://i.ytimg.com/vi/u4zcTu8q9wY/default.jpg"", ""width"": 120, ""height"": 90}, ""medium"": {""url"": ""https://i.ytimg.com/vi/u4zcTu8q9wY/mqdefault.jpg"", ""width"": 320, ""height"": 180}, ""high"": {""url"": ""https://i.ytimg.com/vi/u4zcTu8q9wY/hqdefault.jpg"", ""width"": 480, ""height"": 360}, ""standard"": {""url"": ""https://i.ytimg.com/vi/u4zcTu8q9wY/sddefault.jpg"", ""width"": 640, ""height"": 480}, ""maxres"": {""url"": ""https://i.ytimg.com/vi/u4zcTu8q9wY/maxresdefault.jpg"", ""width"": 1280, ""height"": 720}}, ""channelTitle"": ""프랜버핏_프랜차이즈 알려 Dream"", ""categoryId"": ""22"", ""liveBroadcastContent"": ""none"", ""defaultLanguage"": ""ko"", ""localized"": {""title"": ""샤브올데이가 '고작' 1300억원에 팔린 이유가 뭘까요?"", ""description"": ""졸리비는 샤브올데이를 1300억원이라는 '싼 값'에 사갔습니다.\n왜 샤브올데이는 3천억이 될 수도 있었던 브랜드를 1300억에 팔았을까요?\n\n#가맹거래사 #프랜차이즈설립 #정보공개서 #프랜차이즈컨설팅 #프랜차이즈본사설립 #프랜차이즈구축#프랜차이즈사업 #프랜차이즈 #드림프랜차이즈컨설팅그룹 #정보공개서드록 #공정위정보공개서 #프랜차이즈본사매출 #가맹계약서 #샤브올데이M&A #메가커피M&A #컴포즈커피M&A #요아정M&A #프랜차이즈M&A #M&A #프랜차이즈매각 #명륜당 #명륜진사갈비 #졸리비 #jollibee""}}, ""statistics"": {""viewCount"": ""1531"", ""likeCount"": ""7"", ""favoriteCount"": ""0"", ""commentCount"": ""3""}}",,,,
샤브올데이,single_term_fallback,샤브올데이,7hlXSLdqhvM,5월 샤브올데이에서 7천원 돌려받는법,2026-04-27T00:21:39Z,2051.0,3.0,0.0,https://www.youtube.com/watch?v=7hlXSLdqhvM,youtube,샤브올데이,canonical,1.0,2026-05-26T11:17:04.805326+00:00,2051,3,0,3,마델언니,"#광고 샤브올데이에서 7천원 돌려받는법?

대박 여러분!✨
5월에 샤브올데이 무조건 가야겠는데요?!🏃‍♀️‍➡️

샤브올데이에서 5월 가정의달 이벤트로 
네이버페이 포인트/머니로 49800원이상 결제시
네이버페이 7천원 포인트를 즉시 적립해준다는데
이럴때 가족외식 무조건 해야 됨!!ㅋㅋㅋㅋ

-기간: 5.1.(금)-5.31.(일)
-이벤트기간내 최초1회 결제건에 한해 적립
-최종결제금액기준 49,800원이상 결제시 포인트적립가능
-할인쿠폰적용 후 결제금액이 49,800원 미만일경우 적립불가

@@같이 샤브올데이 뿌시러가고싶은 친구에게 공유해주세요‼️

#샤브올데이 #샤브올데이서울자양점 #네이버페이 #할인 #가정의달","{""kind"": ""youtube#video"", ""etag"": ""VcyO1bbDdkI9CdcuvdIBxZTixK4"", ""id"": ""7hlXSLdqhvM"", ""snippet"": {""publishedAt"": ""2026-04-27T00:21:39Z"", ""channelId"": ""UCUdBbAMFrLAphAsnr2KxrDg"", ""title"": ""5월 샤브올데이에서 7천원 돌려받는법"", ""description"": ""#광고 샤브올데이에서 7천원 돌려받는법?\n\n대박 여러분!✨\n5월에 샤브올데이 무조건 가야겠는데요?!🏃‍♀️‍➡️\n\n샤브올데이에서 5월 가정의달 이벤트로 \n네이버페이 포인트/머니로 49800원이상 결제시\n네이버페이 7천원 포인트를 즉시 적립해준다는데\n이럴때 가족외식 무조건 해야 됨!!ㅋㅋㅋㅋ\n\n-기간: 5.1.(금)-5.31.(일)\n-이벤트기간내 최초1회 결제건에 한해 적립\n-최종결제금액기준 49,800원이상 결제시 포인트적립가능\n-할인쿠폰적용 후 결제금액이 49,800원 미만일경우 적립불가\n\n@@같이 샤브올데이 뿌시러가고싶은 친구에게 공유해주세요‼️\n\n#샤브올데이 #샤브올데이서울자양점 #네이버페이 #할인 #가정의달"", ""thumbnails"": {""default"": {""url"": ""https://i.ytimg.com/vi/7hlXSLdqhvM/default.jpg"", ""width"": 120, ""height"": 90}, ""medium"": {""url"": ""https://i.ytimg.com/vi/7hlXSLdqhvM/mqdefault.jpg"", ""width"": 320, ""height"": 180}, ""high"": {""url"": ""https://i.ytimg.com/vi/7hlXSLdqhvM/hqdefault.jpg"", ""width"": 480, ""height"": 360}, ""standard"": {""url"": ""https://i.ytimg.com/vi/7hlXSLdqhvM/sddefault.jpg"", ""width"": 640, ""height"": 480}, ""maxres"": {""url"": ""https://i.ytimg.com/vi/7hlXSLdqhvM/maxresdefault.jpg"", ""width"": 1280, ""height"": 720}}, ""channelTitle"": ""마델언니"", ""categoryId"": ""19"", ""liveBroadcastContent"": ""none"", ""defaultLanguage"": ""ko"", ""localized"": {""title"": ""5월 샤브올데이에서 7천원 돌려받는법"", ""description"": ""#광고 샤브올데이에서 7천원 돌려받는법?\n\n대박 여러분!✨\n5월에 샤브올데이 무조건 가야겠는데요?!🏃‍♀️‍➡️\n\n샤브올데이에서 5월 가정의달 이벤트로 \n네이버페이 포인트/머니로 49800원이상 결제시\n네이버페이 7천원 포인트를 즉시 적립해준다는데\n이럴때 가족외식 무조건 해야 됨!!ㅋㅋㅋㅋ\n\n-기간: 5.1.(금)-5.31.(일)\n-이벤트기간내 최초1회 결제건에 한해 적립\n-최종결제금액기준 49,800원이상 결제시 포인트적립가능\n-할인쿠폰적용 후 결제금액이 49,800원 미만일경우 적립불가\n\n@@같이 샤브올데이 뿌시러가고싶은 친구에게 공유해주세요‼️\n\n#샤브올데이 #샤브올데이서울자양점 #네이버페이 #할인 #가정의달""}}, ""statistics"": {""viewCount"": ""2051"", ""likeCount"": ""3"", ""favoriteCount"": ""0"", ""commentCount"": ""0""}}",,,,
샤브올데이,single_term_fallback,샤브올데이,-9TnJglUjPk,외식비 10만원 시대? 고기 야채 싹 다 무한리필 샤브올데이,2026-04-03T07:30:00Z,1678.0,7.0,2.0,https://www.youtube.com/watch?v=-9TnJglUjPk,youtube,샤브올데이,canonical,1.0,2026-05-26T11:17:04.805326+00:00,1678,7,2,9,커피타는남자,"안녕하세요! 커남입니다.

""외식 한 번에 10만 원? 이제 그 돈 아끼세요.""
요즘처럼 미친 물가 시대에 샤브샤브 고기랑 야채만 무한리필이라고 감탄하셨나요? 여긴 차원이 다릅니다. 이 영상을 끝까지 보지 않으시면, 오늘 저녁 여러분은 같은 돈을 쓰고도 절반의 만족밖에 못 느끼는 '손해 보는 선택'을 하게 될지도 모릅니다.
신선한 소고기와 야채가 무한인 건 기본입니다. 하지만 진짜 '패턴'을 깨는 건 사이드 메뉴입니다. 노릇하게 구워진 삼겹살, 바삭한 치킨 윙, 그리고 전문점 퀄리티의 파스타까지 이 모든 게 추가 비용 없이 '공짜'입니다.
샤브올데이는 '가성비'라는 단어가 부족한 '갓성비'의 성지입니다.
영상 잼있게 봐주세요. 
지금부터 시작합니다.","{""kind"": ""youtube#video"", ""etag"": ""43dfejoNI09c_jPC3x21biQxukk"", ""id"": ""-9TnJglUjPk"", ""snippet"": {""publishedAt"": ""2026-04-03T07:30:00Z"", ""channelId"": ""UCwzAIaKaHv_j5IPrAGr2BAQ"", ""title"": ""외식비 10만원 시대? 고기 야채 싹 다 무한리필 샤브올데이"", ""description"": ""안녕하세요! 커남입니다.\n\n\""외식 한 번에 10만 원? 이제 그 돈 아끼세요.\""\n요즘처럼 미친 물가 시대에 샤브샤브 고기랑 야채만 무한리필이라고 감탄하셨나요? 여긴 차원이 다릅니다. 이 영상을 끝까지 보지 않으시면, 오늘 저녁 여러분은 같은 돈을 쓰고도 절반의 만족밖에 못 느끼는 '손해 보는 선택'을 하게 될지도 모릅니다.\n신선한 소고기와 야채가 무한인 건 기본입니다. 하지만 진짜 '패턴'을 깨는 건 사이드 메뉴입니다. 노릇하게 구워진 삼겹살, 바삭한 치킨 윙, 그리고 전문점 퀄리티의 파스타까지 이 모든 게 추가 비용 없이 '공짜'입니다.\n샤브올데이는 '가성비'라는 단어가 부족한 '갓성비'의 성지입니다.\n영상 잼있게 봐주세요. \n지금부터 시작합니다."", ""thumbnails"": {""default"": {""url"": ""https://i.ytimg.com/vi/-9TnJglUjPk/default.jpg"", ""width"": 120, ""height"": 90}, ""medium"": {""url"": ""https://i.ytimg.com/vi/-9TnJglUjPk/mqdefault.jpg"", ""width"": 320, ""height"": 180}, ""high"": {""url"": ""https://i.ytimg.com/vi/-9TnJglUjPk/hqdefault.jpg"", ""width"": 480, ""height"": 360}, ""standard"": {""url"": ""https://i.ytimg.com/vi/-9TnJglUjPk/sddefault.jpg"", ""width"": 640, ""height"": 480}, ""maxres"": {""url"": ""https://i.ytimg.com/vi/-9TnJglUjPk/maxresdefault.jpg"", ""width"": 1280, ""height"": 720}}, ""channelTitle"": ""커피타는남자"", ""tags"": [""커피타는남자"", ""유튜브"", ""유튜버"", ""샤브올데이"", ""샤브샤브무한리필"", ""가성비맛집"", ""고기무한리필"", ""뷔페맛집"", ""외식추천"", ""주말데이트"", ""샤브샤브맛집"", ""삼겹살무한리필"", ""치킨맛집"", ""가성비뷔페"", ""점심메뉴추천"", ""저녁메뉴추천"", ""무한리필맛집"", ""갓성비"", ""ShabuAllDay"", ""ShabuShabuUnlimited"", ""ValueForMoney"", ""AllYouCanEatMeat"", ""BuffetRestaurant"", ""DiningOut"", ""WeekendDate"", ""ShabuShabuRestaurant"", ""PorkBellyUnlimited"", ""FriedChicken"", ""BudgetBuffet"", ""LunchRecommendation"", ""DinnerRecommendation"", ""UnlimitedRefill"", ""BestValue""], ""categoryId"": ""19"", ""liveBroadcastContent"": ""none"", ""defaultLanguage"": ""ko"", ""localized"": {""title"": ""외식비 10만원 시대? 고기 야채 싹 다 무한리필 샤브올데이"", ""description"": ""안녕하세요! 커남입니다.\n\n\""외식 한 번에 10만 원? 이제 그 돈 아끼세요.\""\n요즘처럼 미친 물가 시대에 샤브샤브 고기랑 야채만 무한리필이라고 감탄하셨나요? 여긴 차원이 다릅니다. 이 영상을 끝까지 보지 않으시면, 오늘 저녁 여러분은 같은 돈을 쓰고도 절반의 만족밖에 못 느끼는 '손해 보는 선택'을 하게 될지도 모릅니다.\n신선한 소고기와 야채가 무한인 건 기본입니다. 하지만 진짜 '패턴'을 깨는 건 사이드 메뉴입니다. 노릇하게 구워진 삼겹살, 바삭한 치킨 윙, 그리고 전문점 퀄리티의 파스타까지 이 모든 게 추가 비용 없이 '공짜'입니다.\n샤브올데이는 '가성비'라는 단어가 부족한 '갓성비'의 성지입니다.\n영상 잼있게 봐주세요. \n지금부터 시작합니다.""}, ""defaultAudioLanguage"": ""ko""}, ""statistics"": {""viewCount"": ""1678"", ""likeCount"": ""7"", ""favoriteCount"": ""0"", ""commentCount"": ""2""}}",,,,
샤브올데이,single_term_fallback,샤브올데이,LFmjC5i76zo,점심 고르기 애매할때 샤브올데이로 #shorts,2026-05-11T11:52:41Z,1989.0,4.0,0.0,https://www.youtube.com/watch?v=LFmjC5i76zo,youtube,샤브올데이,canonical,1.0,2026-05-26T11:17:04.805326+00:00,1989,4,0,4,백년지계,,"{""kind"": ""youtube#video"", ""etag"": ""cF5SyXxKHHzs-59osTrMD7vQUR0"", ""id"": ""LFmjC5i76zo"", ""snippet"": {""publishedAt"": ""2026-05-11T11:52:41Z"", ""channelId"": ""UCF_gkfNEvhU1H1u0hY_UQmQ"", ""title"": ""점심 고르기 애매할때 샤브올데이로 #shorts"", ""description"": """", ""thumbnails"": {""default"": {""url"": ""https://i.ytimg.com/vi/LFmjC5i76zo/default.jpg"", ""width"": 120, ""height"": 90}, ""medium"": {""url"": ""https://i.ytimg.com/vi/LFmjC5i76zo/mqdefault.jpg"", ""width"": 320, ""height"": 180}, ""high"": {""url"": ""https://i.ytimg.com/vi/LFmjC5i76zo/hqdefault.jpg"", ""width"": 480, ""height"": 360}, ""standard"": {""url"": ""https://i.ytimg.com/vi/LFmjC5i76zo/sddefault.jpg"", ""width"": 640, ""height"": 480}, ""maxres"": {""url"": ""https://i.ytimg.com/vi/LFmjC5i76zo/maxresdefault.jpg"", ""width"": 1280, ""height"": 720}}, ""channelTitle"": ""백년지계"", ""categoryId"": ""27"", ""liveBroadcastContent"": ""none"", ""defaultLanguage"": ""ko"", ""localized"": {""title"": ""점심 고르기 애매할때 샤브올데이로 #shorts"", ""description"": """"}, ""defaultAudioLanguage"": ""ko""}, ""statistics"": {""viewCount"": ""1989"", ""likeCount"": ""4"", ""favoriteCount"": ""0"", ""commentCount"": ""0""}}",,,,
샤브올데이,single_term_fallback,샤브올데이,6ej3b7YKa1Q,#학교개학후바쁜일상#광주맛집#수완지구맛집#샤브올데이#샤브샤브무한맛집,2026-03-19T13:29:29Z,1326.0,7.0,0.0,https://www.youtube.com/watch?v=6ej3b7YKa1Q,youtube,샤브올데이,canonical,1.0,2026-05-26T11:17:04.805326+00:00,1326,7,0,7,맛집보궁바다보궁,,"{""kind"": ""youtube#video"", ""etag"": ""kB9jgzyJZfLmpieuPvHLCangiNg"", ""id"": ""6ej3b7YKa1Q"", ""snippet"": {""publishedAt"": ""2026-03-19T13:29:29Z"", ""channelId"": ""UCr-cet5vw1xC7QSTGUhlJtg"", ""title"": ""#학교개학후바쁜일상#광주맛집#수완지구맛집#샤브올데이#샤브샤브무한맛집"", ""description"": """", ""thumbnails"": {""default"": {""url"": ""https://i.ytimg.com/vi/6ej3b7YKa1Q/default.jpg"", ""width"": 120, ""height"": 90}, ""medium"": {""url"": ""https://i.ytimg.com/vi/6ej3b7YKa1Q/mqdefault.jpg"", ""width"": 320, ""height"": 180}, ""high"": {""url"": ""https://i.ytimg.com/vi/6ej3b7YKa1Q/hqdefault.jpg"", ""width"": 480, ""height"": 360}, ""standard"": {""url"": ""https://i.ytimg.com/vi/6ej3b7YKa1Q/sddefault.jpg"", ""width"": 640, ""height"": 480}, ""maxres"": {""url"": ""https://i.ytimg.com/vi/6ej3b7YKa1Q/maxresdefault.jpg"", ""width"": 1280, ""height"": 720}}, ""channelTitle"": ""맛집보궁바다보궁"", ""categoryId"": ""22"", ""liveBroadcastContent"": ""none"", ""defaultLanguage"": ""ko"", ""localized"": {""title"": ""#학교개학후바쁜일상#광주맛집#수완지구맛집#샤브올데이#샤브샤브무한맛집"", ""description"": """"}}, ""statistics"": {""viewCount"": ""1326"", ""likeCount"": ""7"", ""favoriteCount"": ""0"", ""commentCount"": ""0""}}",,,,
샤브올데이,single_term_fallback,샤브올데이,mUQ4FKbA5Cw,두쫀쿠까지 무한인 샤브올데이,2026-02-26T12:59:41Z,1642.0,3.0,1.0,https://www.youtube.com/watch?v=mUQ4FKbA5Cw,youtube,샤브올데이,canonical,1.0,2026-05-26T11:17:04.805326+00:00,1642,3,1,4,한입하남,,"{""kind"": ""youtube#video"", ""etag"": ""WmD5TeQi8_An0sxahY9AY6XBQlk"", ""id"": ""mUQ4FKbA5Cw"", ""snippet"": {""publishedAt"": ""2026-02-26T12:59:41Z"", ""channelId"": ""UCj12-71p3eKyDYp-fMTZjRw"", ""title"": ""두쫀쿠까지 무한인 샤브올데이"", ""description"": """", ""thumbnails"": {""default"": {""url"": ""https://i.ytimg.com/vi/mUQ4FKbA5Cw/default.jpg"", ""width"": 120, ""height"": 90}, ""medium"": {""url"": ""https://i.ytimg.com/vi/mUQ4FKbA5Cw/mqdefault.jpg"", ""width"": 320, ""height"": 180}, ""high"": {""url"": ""https://i.ytimg.com/vi/mUQ4FKbA5Cw/hqdefault.jpg"", ""width"": 480, ""height"": 360}, ""standard"": {""url"": ""https://i.ytimg.com/vi/mUQ4FKbA5Cw/sddefault.jpg"", ""width"": 640, ""height"": 480}, ""maxres"": {""url"": ""https://i.ytimg.com/vi/mUQ4FKbA5Cw/maxresdefault.jpg"", ""width"": 1280, ""height"": 720}}, ""channelTitle"": ""한입하남"", ""categoryId"": ""22"", ""liveBroadcastContent"": ""none"", ""defaultLanguage"": ""ko"", ""localized"": {""title"": ""두쫀쿠까지 무한인 샤브올데이"", ""description"": """"}}, ""statistics"": {""viewCount"": ""1642"", ""likeCount"": ""3"", ""favoriteCount"": ""0"", ""commentCount"": ""1""}}",,,,
샤브올데이,single_term_fallback,샤브올데이,dlKFZTJEtEI,샤브올데이 마석점^^2026/03/01일요일 점심😃,2026-03-01T06:11:32Z,1730.0,1.0,0.0,https://www.youtube.com/watch?v=dlKFZTJEtEI,youtube,샤브올데이,canonical,1.0,2026-05-26T11:17:04.805326+00:00,1730,1,0,1,나이스💎K,,"{""kind"": ""youtube#video"", ""etag"": ""Tq0euFNkki3KWJJkPyfJh5uWky0"", ""id"": ""dlKFZTJEtEI"", ""snippet"": {""publishedAt"": ""2026-03-01T06:11:32Z"", ""channelId"": ""UCI6rqhZIQeEv2-HHcjiSUMg"", ""title"": ""샤브올데이 마석점^^2026/03/01일요일 점심😃"", ""description"": """", ""thumbnails"": {""default"": {""url"": ""https://i.ytimg.com/vi/dlKFZTJEtEI/default.jpg"", ""width"": 120, ""height"": 90}, ""medium"": {""url"": ""https://i.ytimg.com/vi/dlKFZTJEtEI/mqdefault.jpg"", ""width"": 320, ""height"": 180}, ""high"": {""url"": ""https://i.ytimg.com/vi/dlKFZTJEtEI/hqdefault.jpg"", ""width"": 480, ""height"": 360}, ""standard"": {""url"": ""https://i.ytimg.com/vi/dlKFZTJEtEI/sddefault.jpg"", ""width"": 640, ""height"": 480}, ""maxres"": {""url"": ""https://i.ytimg.com/vi/dlKFZTJEtEI/maxresdefault.jpg"", ""width"": 1280, ""height"": 720}}, ""channelTitle"": ""나이스💎K"", ""categoryId"": ""22"", ""liveBroadcastContent"": ""none"", ""defaultLanguage"": ""ko"", ""localized"": {""title"": ""샤브올데이 마석점^^2026/03/01일요일 점심😃"", ""description"": """"}, ""defaultAudioLanguage"": ""ko""}, ""statistics"": {""viewCount"": ""1730"", ""likeCount"": ""1"", ""favoriteCount"": ""0"", ""commentCount"": ""0""}}",,,,
샤브올데이,single_term_fallback,샤브올데이,7abZzWsu_lg,전국최대규모 '샤브올데이' 여유롭게 즐기는 시간대는?' 맥주무제한에 필수추천메뉴까지 #맛집 #먹방#샤브올데이,2026-03-08T01:25:31Z,2049.0,3.0,0.0,https://www.youtube.com/watch?v=7abZzWsu_lg,youtube,샤브올데이,canonical,1.0,2026-05-26T11:17:04.805326+00:00,2049,3,0,3,DODO:J 두두제이  ,"동네에 전국 최대규모의 샤브올데이가 있어서 다녀왔어요. 🍲
샤브샤브는 기본이고 소고기, 삼겹살, 치킨에 맥주까지 무제한 ㄷ ㄷ 🍺
심지어 여기 떡볶이랑 파김치 맛집인 거 아시나요? 🤣

주말인데도 줄 안 서고 여유롭게 먹는 시간대와 추천 필수 메뉴까지 1분안에 몰아보실께요 🫡

📍 본편 영상에서 꿀팁 확인하기: https://youtu.be/CjNCRMomY-E

#샤브올데이 #샤브샤브무한리필 #샤브올데이꿀팁 #주말외식 #먹방하울 #가성비맛집 #내돈내산 #두두제이 #shorts","{""kind"": ""youtube#video"", ""etag"": ""ekMDVtnBLKbXNvT2lbjpfEBQz_M"", ""id"": ""7abZzWsu_lg"", ""snippet"": {""publishedAt"": ""2026-03-08T01:25:31Z"", ""channelId"": ""UC7xgVMEn13hfURPnCkUYfNw"", ""title"": ""전국최대규모 '샤브올데이' 여유롭게 즐기는 시간대는?' 맥주무제한에 필수추천메뉴까지 #맛집 #먹방#샤브올데이"", ""description"": ""동네에 전국 최대규모의 샤브올데이가 있어서 다녀왔어요. 🍲\n샤브샤브는 기본이고 소고기, 삼겹살, 치킨에 맥주까지 무제한 ㄷ ㄷ 🍺\n심지어 여기 떡볶이랑 파김치 맛집인 거 아시나요? 🤣\n\n주말인데도 줄 안 서고 여유롭게 먹는 시간대와 추천 필수 메뉴까지 1분안에 몰아보실께요 🫡\n\n📍 본편 영상에서 꿀팁 확인하기: https://youtu.be/CjNCRMomY-E\n\n#샤브올데이 #샤브샤브무한리필 #샤브올데이꿀팁 #주말외식 #먹방하울 #가성비맛집 #내돈내산 #두두제이 #shorts"", ""thumbnails"": {""default"": {""url"": ""https://i.ytimg.com/vi/7abZzWsu_lg/default.jpg"", ""width"": 120, ""height"": 90}, ""medium"": {""url"": ""https://i.ytimg.com/vi/7abZzWsu_lg/mqdefault.jpg"", ""width"": 320, ""height"": 180}, ""high"": {""url"": ""https://i.ytimg.com/vi/7abZzWsu_lg/hqdefault.jpg"", ""width"": 480, ""height"": 360}, ""standard"": {""url"": ""https://i.ytimg.com/vi/7abZzWsu_lg/sddefault.jpg"", ""width"": 640, ""height"": 480}, ""maxres"": {""url"": ""https://i.ytimg.com/vi/7abZzWsu_lg/maxresdefault.jpg"", ""width"": 1280, ""height"": 720}}, ""channelTitle"": ""DODO:J 두두제이  "", ""categoryId"": ""19"", ""liveBroadcastContent"": ""none"", ""defaultLanguage"": ""ko"", ""localized"": {""title"": ""전국최대규모 '샤브올데이' 여유롭게 즐기는 시간대는?' 맥주무제한에 필수추천메뉴까지 #맛집 #먹방#샤브올데이"", ""description"": ""동네에 전국 최대규모의 샤브올데이가 있어서 다녀왔어요. 🍲\n샤브샤브는 기본이고 소고기, 삼겹살, 치킨에 맥주까지 무제한 ㄷ ㄷ 🍺\n심지어 여기 떡볶이랑 파김치 맛집인 거 아시나요? 🤣\n\n주말인데도 줄 안 서고 여유롭게 먹는 시간대와 추천 필수 메뉴까지 1분안에 몰아보실께요 🫡\n\n📍 본편 영상에서 꿀팁 확인하기: https://youtu.be/CjNCRMomY-E\n\n#샤브올데이 #샤브샤브무한리필 #샤브올데이꿀팁 #주말외식 #먹방하울 #가성비맛집 #내돈내산 #두두제이 #shorts""}, ""defaultAudioLanguage"": ""ko""}, ""statistics"": {""viewCount"": ""2049"", ""likeCount"": ""3"", ""favoriteCount"": ""0"", ""commentCount"": ""0""}}",,,,
샤브올데이,single_term_fallback,샤브올데이,LCA4m3XU8LA,🌿샤브올데이 인천계산점✨고기 샐러드 무한뷔페🌿매장 넓고 쾌적해서 모임하기 좋아요💕✨#인천모임하기좋은곳 #샤브올데이 #인천,2026-05-06T23:00:00Z,1933.0,3.0,0.0,https://www.youtube.com/watch?v=LCA4m3XU8LA,youtube,샤브올데이,canonical,1.0,2026-05-26T11:17:04.805326+00:00,1933,3,0,3,워킹맘김또리,,"{""kind"": ""youtube#video"", ""etag"": ""8mD3vII8rSS53_B1GFuB90_kJrQ"", ""id"": ""LCA4m3XU8LA"", ""snippet"": {""publishedAt"": ""2026-05-06T23:00:00Z"", ""channelId"": ""UCI2EUK8kq5FO7ZY0b16BQhg"", ""title"": ""🌿샤브올데이 인천계산점✨고기 샐러드 무한뷔페🌿매장 넓고 쾌적해서 모임하기 좋아요💕✨#인천모임하기좋은곳 #샤브올데이 #인천"", ""description"": """", ""thumbnails"": {""default"": {""url"": ""https://i.ytimg.com/vi/LCA4m3XU8LA/default.jpg"", ""width"": 120, ""height"": 90}, ""medium"": {""url"": ""https://i.ytimg.com/vi/LCA4m3XU8LA/mqdefault.jpg"", ""width"": 320, ""height"": 180}, ""high"": {""url"": ""https://i.ytimg.com/vi/LCA4m3XU8LA/hqdefault.jpg"", ""width"": 480, ""height"": 360}, ""standard"": {""url"": ""https://i.ytimg.com/vi/LCA4m3XU8LA/sddefault.jpg"", ""width"": 640, ""height"": 480}, ""maxres"": {""url"": ""https://i.ytimg.com/vi/LCA4m3XU8LA/maxresdefault.jpg"", ""width"": 1280, ""height"": 720}}, ""channelTitle"": ""워킹맘김또리"", ""categoryId"": ""22"", ""liveBroadcastContent"": ""none"", ""defaultLanguage"": ""ko"", ""localized"": {""title"": ""🌿샤브올데이 인천계산점✨고기 샐러드 무한뷔페🌿매장 넓고 쾌적해서 모임하기 좋아요💕✨#인천모임하기좋은곳 #샤브올데이 #인천"", ""description"": """"}}, ""statistics"": {""viewCount"": ""1933"", ""likeCount"": ""3"", ""favoriteCount"": ""0"", ""commentCount"": ""0""}}",,,,
샤브올데이,single_term_fallback,샤브올데이,U-uhlO_RGIo,진주 샤브올데이,2026-04-21T07:07:13Z,2480.0,1.0,0.0,https://www.youtube.com/watch?v=U-uhlO_RGIo,youtube,샤브올데이,canonical,1.0,2026-05-26T11:17:04.805326+00:00,2480,1,0,1,진주맛집,,"{""kind"": ""youtube#video"", ""etag"": ""7DcybU1-dZCwG1iQfDAXesz47yY"", ""id"": ""U-uhlO_RGIo"", ""snippet"": {""publishedAt"": ""2026-04-21T07:07:13Z"", ""channelId"": ""UCS0RoWnYkDXtg2Tvi7el5JA"", ""title"": ""진주 샤브올데이"", ""description"": """", ""thumbnails"": {""default"": {""url"": ""https://i.ytimg.com/vi/U-uhlO_RGIo/default.jpg"", ""width"": 120, ""height"": 90}, ""medium"": {""url"": ""https://i.ytimg.com/vi/U-uhlO_RGIo/mqdefault.jpg"", ""width"": 320, ""height"": 180}, ""high"": {""url"": ""https://i.ytimg.com/vi/U-uhlO_RGIo/hqdefault.jpg"", ""width"": 480, ""height"": 360}, ""standard"": {""url"": ""https://i.ytimg.com/vi/U-uhlO_RGIo/sddefault.jpg"", ""width"": 640, ""height"": 480}, ""maxres"": {""url"": ""https://i.ytimg.com/vi/U-uhlO_RGIo/maxresdefault.jpg"", ""width"": 1280, ""height"": 720}}, ""channelTitle"": ""진주맛집"", ""tags"": [""진주맛집"", ""진주샤브올데이"", ""진주샤브"", ""진주샤브샤브"", ""고성맛집"", ""고성여행"", ""고성샤브올데이"", ""샤브올데이""], ""categoryId"": ""22"", ""liveBroadcastContent"": ""none"", ""defaultLanguage"": ""ko"", ""localized"": {""title"": ""진주 샤브올데이"", ""description"": """"}}, ""statistics"": {""viewCount"": ""2480"", ""likeCount"": ""1"", ""favoriteCount"": ""0"", ""commentCount"": ""0""}}",,,,
샤브올데이,single_term_fallback,샤브올데이,IrPJEAW2Cug,진주 맛집 샤브올데이,2026-04-21T07:28:46Z,1685.0,2.0,2.0,https://www.youtube.com/watch?v=IrPJEAW2Cug,youtube,샤브올데이,canonical,1.0,2026-05-26T11:17:04.805326+00:00,1685,2,2,4,진주맛집,,"{""kind"": ""youtube#video"", ""etag"": ""7qIo2E48RtyBa8p0ROb3wtN-Owk"", ""id"": ""IrPJEAW2Cug"", ""snippet"": {""publishedAt"": ""2026-04-21T07:28:46Z"", ""channelId"": ""UCS0RoWnYkDXtg2Tvi7el5JA"", ""title"": ""진주 맛집 샤브올데이"", ""description"": """", ""thumbnails"": {""default"": {""url"": ""https://i.ytimg.com/vi/IrPJEAW2Cug/default.jpg"", ""width"": 120, ""height"": 90}, ""medium"": {""url"": ""https://i.ytimg.com/vi/IrPJEAW2Cug/mqdefault.jpg"", ""width"": 320, ""height"": 180}, ""high"": {""url"": ""https://i.ytimg.com/vi/IrPJEAW2Cug/hqdefault.jpg"", ""width"": 480, ""height"": 360}, ""standard"": {""url"": ""https://i.ytimg.com/vi/IrPJEAW2Cug/sddefault.jpg"", ""width"": 640, ""height"": 480}, ""maxres"": {""url"": ""https://i.ytimg.com/vi/IrPJEAW2Cug/maxresdefault.jpg"", ""width"": 1280, ""height"": 720}}, ""channelTitle"": ""진주맛집"", ""tags"": [""진주맛집"", ""진주샤브샤브"", ""진주샤브올데이"", ""고성맛집"", ""고성여행"", ""고성샤브"", ""샤브올데이""], ""categoryId"": ""22"", ""liveBroadcastContent"": ""none"", ""defaultLanguage"": ""ko"", ""localized"": {""title"": ""진주 맛집 샤브올데이"", ""description"": """"}}, ""statistics"": {""viewCount"": ""1685"", ""likeCount"": ""2"", ""favoriteCount"": ""0"", ""commentCount"": ""2""}}",,,,
샤브올데이,single_term_fallback,샤브올데이,y_Djx6EDJSo,"필리핀 졸리비,  샤브올데이 인수의 진짜 의미",2026-03-09T12:32:41Z,1036.0,3.0,1.0,https://www.youtube.com/watch?v=y_Djx6EDJSo,youtube,샤브올데이,canonical,1.0,2026-05-26T11:17:04.805326+00:00,1036,3,1,4,칩 인사이드,"필리핀 최대 외식기업 졸리비(Jollibee)가
한국 샤브샤브 브랜드 샤브올데이에 투자(또는 인수)를 진행한 이유는 무엇일까요?

#졸리비
#Jollibee
#샤브올데이
#외식산업
#외식기업
#글로벌프랜차이즈
#한국외식시장
#기업분석
#경제이야기
#비즈니스분석
#프랜차이즈
#글로벌기업
#아시아기업
#외식시장
#기업전략","{""kind"": ""youtube#video"", ""etag"": ""j8kRDoz9srzNsOf6ZhF7Bak1mFY"", ""id"": ""y_Djx6EDJSo"", ""snippet"": {""publishedAt"": ""2026-03-09T12:32:41Z"", ""channelId"": ""UC7JU3n06j8n0vexJBi-reqg"", ""title"": ""필리핀 졸리비,  샤브올데이 인수의 진짜 의미"", ""description"": ""필리핀 최대 외식기업 졸리비(Jollibee)가\n한국 샤브샤브 브랜드 샤브올데이에 투자(또는 인수)를 진행한 이유는 무엇일까요?\n\n#졸리비\n#Jollibee\n#샤브올데이\n#외식산업\n#외식기업\n#글로벌프랜차이즈\n#한국외식시장\n#기업분석\n#경제이야기\n#비즈니스분석\n#프랜차이즈\n#글로벌기업\n#아시아기업\n#외식시장\n#기업전략"", ""thumbnails"": {""default"": {""url"": ""https://i.ytimg.com/vi/y_Djx6EDJSo/default.jpg"", ""width"": 120, ""height"": 90}, ""medium"": {""url"": ""https://i.ytimg.com/vi/y_Djx6EDJSo/mqdefault.jpg"", ""width"": 320, ""height"": 180}, ""high"": {""url"": ""https://i.ytimg.com/vi/y_Djx6EDJSo/hqdefault.jpg"", ""width"": 480, ""height"": 360}, ""standard"": {""url"": ""https://i.ytimg.com/vi/y_Djx6EDJSo/sddefault.jpg"", ""width"": 640, ""height"": 480}, ""maxres"": {""url"": ""https://i.ytimg.com/vi/y_Djx6EDJSo/maxresdefault.jpg"", ""width"": 1280, ""height"": 720}}, ""channelTitle"": ""칩 인사이드"", ""tags"": [""반도체"", ""AI"", ""졸리비"", ""jollibee"", ""졸리비 한국"", ""졸리비 샤브올데이"", ""샤브올데이"", ""한국 샤브샤브 체인"", ""외식 프랜차이즈"", ""글로벌 외식기업"", ""필리핀 기업"", ""한국 외식시장"", ""외식 산업 분석"", ""프랜차이즈 전략"", ""외식 브랜드 인수"", ""아시아 외식기업"", ""기업 전략 분석""], ""categoryId"": ""28"", ""liveBroadcastContent"": ""none"", ""defaultLanguage"": ""ko"", ""localized"": {""title"": ""필리핀 졸리비,  샤브올데이 인수의 진짜 의미"", ""description"": ""필리핀 최대 외식기업 졸리비(Jollibee)가\n한국 샤브샤브 브랜드 샤브올데이에 투자(또는 인수)를 진행한 이유는 무엇일까요?\n\n#졸리비\n#Jollibee\n#샤브올데이\n#외식산업\n#외식기업\n#글로벌프랜차이즈\n#한국외식시장\n#기업분석\n#경제이야기\n#비즈니스분석\n#프랜차이즈\n#글로벌기업\n#아시아기업\n#외식시장\n#기업전략""}, ""defaultAudioLanguage"": ""ko""}, ""statistics"": {""viewCount"": ""1036"", ""likeCount"": ""3"", ""favoriteCount"": ""0"", ""commentCount"": ""1""}}",,,,
샤브올데이,single_term_fallback,샤브올데이,ysMrM7jCJDQ,샤브 올 데이~🎶 김보미 치어리더 직캠,2026-03-12T12:39:02Z,2049.0,135.0,0.0,https://www.youtube.com/watch?v=ysMrM7jCJDQ,youtube,샤브올데이,canonical,1.0,2026-05-26T11:17:04.805326+00:00,2049,135,0,135,하루,#김보미 #김보미치어리더 #도로공사 #하이패스 #도로공사하이패스 #도로공사치어리더 #치어리더 #fancam #cheerleader,"{""kind"": ""youtube#video"", ""etag"": ""1vARBLFpYjHuf7-4qKYJViTp-bs"", ""id"": ""ysMrM7jCJDQ"", ""snippet"": {""publishedAt"": ""2026-03-12T12:39:02Z"", ""channelId"": ""UC8Ibda9Vrww5mXtdPi9uMTw"", ""title"": ""샤브 올 데이~🎶 김보미 치어리더 직캠"", ""description"": ""#김보미 #김보미치어리더 #도로공사 #하이패스 #도로공사하이패스 #도로공사치어리더 #치어리더 #fancam #cheerleader"", ""thumbnails"": {""default"": {""url"": ""https://i.ytimg.com/vi/ysMrM7jCJDQ/default.jpg"", ""width"": 120, ""height"": 90}, ""medium"": {""url"": ""https://i.ytimg.com/vi/ysMrM7jCJDQ/mqdefault.jpg"", ""width"": 320, ""height"": 180}, ""high"": {""url"": ""https://i.ytimg.com/vi/ysMrM7jCJDQ/hqdefault.jpg"", ""width"": 480, ""height"": 360}, ""standard"": {""url"": ""https://i.ytimg.com/vi/ysMrM7jCJDQ/sddefault.jpg"", ""width"": 640, ""height"": 480}, ""maxres"": {""url"": ""https://i.ytimg.com/vi/ysMrM7jCJDQ/maxresdefault.jpg"", ""width"": 1280, ""height"": 720}}, ""channelTitle"": ""하루"", ""categoryId"": ""22"", ""liveBroadcastContent"": ""none"", ""defaultLanguage"": ""ko"", ""localized"": {""title"": ""샤브 올 데이~🎶 김보미 치어리더 직캠"", ""description"": ""#김보미 #김보미치어리더 #도로공사 #하이패스 #도로공사하이패스 #도로공사치어리더 #치어리더 #fancam #cheerleader""}}, ""statistics"": {""viewCount"": ""2049"", ""likeCount"": ""135"", ""favoriteCount"": ""0"", ""commentCount"": ""0""}}",,,,
샤브올데이,single_term_fallback,샤브올데이,sqZCCfYsG-g,"컴포즈·샤브올데이 진짜 주인  ""한국 회사가 아니라고?""",2026-04-01T08:00:38Z,1359.0,4.0,0.0,https://www.youtube.com/watch?v=sqZCCfYsG-g,youtube,샤브올데이,canonical,1.0,2026-05-26T11:17:04.805326+00:00,1359,4,0,4,딜네버슬립,"💼 광고 및 비즈니스 문의 : snowballlabs.official@gmail.com 
☕️ 다양한 ETF 자료는 여기 : https://cafe.naver.com/whatismoney","{""kind"": ""youtube#video"", ""etag"": ""ayxnUjHE3v7tU08TmPINTsBbqP4"", ""id"": ""sqZCCfYsG-g"", ""snippet"": {""publishedAt"": ""2026-04-01T08:00:38Z"", ""channelId"": ""UCmlkP4rMcah5dAc-m3NEHVw"", ""title"": ""컴포즈·샤브올데이 진짜 주인  \""한국 회사가 아니라고?\"""", ""description"": ""💼 광고 및 비즈니스 문의 : snowballlabs.official@gmail.com \n☕️ 다양한 ETF 자료는 여기 : https://cafe.naver.com/whatismoney"", ""thumbnails"": {""default"": {""url"": ""https://i.ytimg.com/vi/sqZCCfYsG-g/default.jpg"", ""width"": 120, ""height"": 90}, ""medium"": {""url"": ""https://i.ytimg.com/vi/sqZCCfYsG-g/mqdefault.jpg"", ""width"": 320, ""height"": 180}, ""high"": {""url"": ""https://i.ytimg.com/vi/sqZCCfYsG-g/hqdefault.jpg"", ""width"": 480, ""height"": 360}, ""standard"": {""url"": ""https://i.ytimg.com/vi/sqZCCfYsG-g/sddefault.jpg"", ""width"": 640, ""height"": 480}, ""maxres"": {""url"": ""https://i.ytimg.com/vi/sqZCCfYsG-g/maxresdefault.jpg"", ""width"": 1280, ""height"": 720}}, ""channelTitle"": ""딜네버슬립"", ""tags"": [""기업"", ""딜네버슬립"", ""딜네슬"", ""DEAL"", ""deal"", ""딜사이트"", ""사모펀드"", ""제약바이오"", ""중화학"", ""방산""], ""categoryId"": ""25"", ""liveBroadcastContent"": ""none"", ""defaultLanguage"": ""ko"", ""localized"": {""title"": ""컴포즈·샤브올데이 진짜 주인  \""한국 회사가 아니라고?\"""", ""description"": ""💼 광고 및 비즈니스 문의 : snowballlabs.official@gmail.com \n☕️ 다양한 ETF 자료는 여기 : https://cafe.naver.com/whatismoney""}, ""defaultAudioLanguage"": ""ko""}, ""statistics"": {""viewCount"": ""1359"", ""likeCount"": ""4"", ""favoriteCount"": ""0"", ""commentCount"": ""0""}}",,,,
샤브올데이,single_term_fallback,샤브올데이,9hRbjNTpWf0,#샤브샤브 #샤브올데이 #샤브샤브맛집 #맛집 #먹방 #여름 #봄 #외식 #샤브맛집 #무한리필맛집 #무한리필 #소고기 #한우,2026-04-28T09:03:30Z,1507.0,14.0,0.0,https://www.youtube.com/watch?v=9hRbjNTpWf0,youtube,샤브올데이,canonical,1.0,2026-05-26T11:17:04.805326+00:00,1507,14,0,14,아윤아안녕,,"{""kind"": ""youtube#video"", ""etag"": ""aDv856NbVjC-moEOaM7F2wu4Qq4"", ""id"": ""9hRbjNTpWf0"", ""snippet"": {""publishedAt"": ""2026-04-28T09:03:30Z"", ""channelId"": ""UC_IqX4NVnSzRzBSgp1cLwuA"", ""title"": ""#샤브샤브 #샤브올데이 #샤브샤브맛집 #맛집 #먹방 #여름 #봄 #외식 #샤브맛집 #무한리필맛집 #무한리필 #소고기 #한우"", ""description"": """", ""thumbnails"": {""default"": {""url"": ""https://i.ytimg.com/vi/9hRbjNTpWf0/default.jpg"", ""width"": 120, ""height"": 90}, ""medium"": {""url"": ""https://i.ytimg.com/vi/9hRbjNTpWf0/mqdefault.jpg"", ""width"": 320, ""height"": 180}, ""high"": {""url"": ""https://i.ytimg.com/vi/9hRbjNTpWf0/hqdefault.jpg"", ""width"": 480, ""height"": 360}, ""standard"": {""url"": ""https://i.ytimg.com/vi/9hRbjNTpWf0/sddefault.jpg"", ""width"": 640, ""height"": 480}, ""maxres"": {""url"": ""https://i.ytimg.com/vi/9hRbjNTpWf0/maxresdefault.jpg"", ""width"": 1280, ""height"": 720}}, ""channelTitle"": ""아윤아안녕"", ""categoryId"": ""22"", ""liveBroadcastContent"": ""none"", ""defaultLanguage"": ""ko"", ""localized"": {""title"": ""#샤브샤브 #샤브올데이 #샤브샤브맛집 #맛집 #먹방 #여름 #봄 #외식 #샤브맛집 #무한리필맛집 #무한리필 #소고기 #한우"", ""description"": """"}}, ""statistics"": {""viewCount"": ""1507"", ""likeCount"": ""14"", ""favoriteCount"": ""0"", ""commentCount"": ""0""}}",,,,
샤브올데이,single_term_fallback,샤브올데이,gL756cUdWPs,“잘나가던 샤브올데이 왜?” 명륜진사갈비가 금쪽같은 브랜드를 버릴 수밖에 없었던 진짜 이유,2026-04-25T09:15:03Z,533.0,0.0,0.0,https://www.youtube.com/watch?v=gL756cUdWPs,youtube,샤브올데이,canonical,1.0,2026-05-26T11:17:04.805326+00:00,533,0,0,0,지혜로운 삶,"""1,300억의 퇴장, 그러나 남겨진 900억의 빚"" 샤브올데이 매각, 화려한 육수 뒤에 숨겨진 짠맛 나는 진실

2026년 4월, 한국 외식 프랜차이즈 업계에 한 줄기 충격이 전해졌습니다. 국내 무한리필 샤브샤브의 강자로 군림하던 **‘샤브올데이’**가 해외 사모펀드(PEF)의 손으로 넘어갔다는 소식이죠. 거래 규모는 약 1,300억 원. 한 외식 브랜드가 일궈낸 성과치고는 눈부신 액수지만, 냄비 뚜껑을 열어본 실상은 생각보다 훨씬 복잡하고 씁쓸합니다.

📈 1. '샤브올데이'는 어떻게 1,300억의 몸값을 만들었나?
샤브올데이는 단순히 ""고기 무제한""을 넘어선 전략으로 단기간에 시장을 장악했습니다.

프리미엄 무한리필 전략: 기존의 저가형 이미지에서 탈피해, 호텔 뷔페급 인테리어와 신선한 채소 바를 결합해 가족 단위 고객과 회식 수요를 동시에 잡았습니다.

공격적인 출점: 브랜드 인지도가 쌓이기 시작한 시점에 폭발적으로 매장을 늘리며 '규모의 경제'를 실현했습니다.

해외 자본의 타겟: 안정적인 현금 흐름과 높은 객단가는 글로벌 F&B 그룹이나 해외 투자사들이 한국 시장에 진입하기에 아주 매력적인 '먹잇감'이었습니다.

⚠️ 2. 화려한 겉치레 뒤에 숨은 '900억의 빚'과 '오너 리스크'
이번 매각은 '성공한 엑시트(Exit)'라기보다 **'생존을 위한 손절'**에 가깝다는 평가가 지배적입니다.

부채의 늪: 1,300억 원에 팔렸지만, 기업이 안고 있는 빚이 무려 900억 원에 육박합니다. 매각 대금의 상당 부분이 채무 변제에 쓰일 수밖에 없는 구조입니다.

오너 리스크의 그림자: 브랜드 성장 과정에서 불거진 경영진의 도덕적 해이나 사생활 논란 등 '오너 리스크'는 기업 가치를 깎아먹는 고질적인 병폐였습니다. 이번 매각은 이러한 리스크를 완전히 털어내고 경영권을 분리하려는 고육지책으로 보입니다.

""알짜 브랜드의 매각인가, 구조적 붕괴의 서막인가?""
이 사건은 한 기업이 외형 성장에만 치중했을 때 어떤 구조적 문제를 축적하게 되는지 보여주는 전형적인 사례입니다. 900억 원의 빚을 지고도 1,300억 원에 팔 수 있었던 것은 그만큼 '샤브올데이'라는 브랜드가 가진 시장 장악력이 컸기 때문입니다. 하지만 해외 자본이 주인으로 바뀐 뒤에도 가맹점주들과의 상생, 그리고 훼손된 브랜드 이미지를 회복할 수 있을지는 여전히 미지수입니다.

""결국 외식업의 본질은 육수의 깊이만큼이나 경영의 투명함에 있습니다. 빚으로 쌓아 올린 성벽은 바람 앞에 위태롭기 마련이죠.""

[자세하고 명확한 면책 고지]
본 답변은 2026년 4월 기준 외식 프랜차이즈 업계의 동향과 관련 언론 보도, 기업 공시 자료를 바탕으로 재구성되었습니다. 구체적인 매각 금액과 부채 규모는 최종 실사 과정이나 비공개 계약 조건에 따라 실제와 차이가 있을 수 있습니다. 본 콘텐츠는 정보 전달과 시사 분석을 목적으로 하며, 특정 기업에 대한 비방이나 투자 권유를 의도하지 않습니다. 모든 경제적 판단은 사용자 본인의 책임 하에 신중히 결정하시기 바랍니다.","{""kind"": ""youtube#video"", ""etag"": ""Di_c2fNMeHOopNkA745Pi7zUzCs"", ""id"": ""gL756cUdWPs"", ""snippet"": {""publishedAt"": ""2026-04-25T09:15:03Z"", ""channelId"": ""UCcMu163S2OWNW0BDEtUcQpw"", ""title"": ""“잘나가던 샤브올데이 왜?” 명륜진사갈비가 금쪽같은 브랜드를 버릴 수밖에 없었던 진짜 이유"", ""description"": ""\""1,300억의 퇴장, 그러나 남겨진 900억의 빚\"" 샤브올데이 매각, 화려한 육수 뒤에 숨겨진 짠맛 나는 진실\n\n2026년 4월, 한국 외식 프랜차이즈 업계에 한 줄기 충격이 전해졌습니다. 국내 무한리필 샤브샤브의 강자로 군림하던 **‘샤브올데이’**가 해외 사모펀드(PEF)의 손으로 넘어갔다는 소식이죠. 거래 규모는 약 1,300억 원. 한 외식 브랜드가 일궈낸 성과치고는 눈부신 액수지만, 냄비 뚜껑을 열어본 실상은 생각보다 훨씬 복잡하고 씁쓸합니다.\n\n📈 1. '샤브올데이'는 어떻게 1,300억의 몸값을 만들었나?\n샤브올데이는 단순히 \""고기 무제한\""을 넘어선 전략으로 단기간에 시장을 장악했습니다.\n\n프리미엄 무한리필 전략: 기존의 저가형 이미지에서 탈피해, 호텔 뷔페급 인테리어와 신선한 채소 바를 결합해 가족 단위 고객과 회식 수요를 동시에 잡았습니다.\n\n공격적인 출점: 브랜드 인지도가 쌓이기 시작한 시점에 폭발적으로 매장을 늘리며 '규모의 경제'를 실현했습니다.\n\n해외 자본의 타겟: 안정적인 현금 흐름과 높은 객단가는 글로벌 F&B 그룹이나 해외 투자사들이 한국 시장에 진입하기에 아주 매력적인 '먹잇감'이었습니다.\n\n⚠️ 2. 화려한 겉치레 뒤에 숨은 '900억의 빚'과 '오너 리스크'\n이번 매각은 '성공한 엑시트(Exit)'라기보다 **'생존을 위한 손절'**에 가깝다는 평가가 지배적입니다.\n\n부채의 늪: 1,300억 원에 팔렸지만, 기업이 안고 있는 빚이 무려 900억 원에 육박합니다. 매각 대금의 상당 부분이 채무 변제에 쓰일 수밖에 없는 구조입니다.\n\n오너 리스크의 그림자: 브랜드 성장 과정에서 불거진 경영진의 도덕적 해이나 사생활 논란 등 '오너 리스크'는 기업 가치를 깎아먹는 고질적인 병폐였습니다. 이번 매각은 이러한 리스크를 완전히 털어내고 경영권을 분리하려는 고육지책으로 보입니다.\n\n\""알짜 브랜드의 매각인가, 구조적 붕괴의 서막인가?\""\n이 사건은 한 기업이 외형 성장에만 치중했을 때 어떤 구조적 문제를 축적하게 되는지 보여주는 전형적인 사례입니다. 900억 원의 빚을 지고도 1,300억 원에 팔 수 있었던 것은 그만큼 '샤브올데이'라는 브랜드가 가진 시장 장악력이 컸기 때문입니다. 하지만 해외 자본이 주인으로 바뀐 뒤에도 가맹점주들과의 상생, 그리고 훼손된 브랜드 이미지를 회복할 수 있을지는 여전히 미지수입니다.\n\n\""결국 외식업의 본질은 육수의 깊이만큼이나 경영의 투명함에 있습니다. 빚으로 쌓아 올린 성벽은 바람 앞에 위태롭기 마련이죠.\""\n\n[자세하고 명확한 면책 고지]\n본 답변은 2026년 4월 기준 외식 프랜차이즈 업계의 동향과 관련 언론 보도, 기업 공시 자료를 바탕으로 재구성되었습니다. 구체적인 매각 금액과 부채 규모는 최종 실사 과정이나 비공개 계약 조건에 따라 실제와 차이가 있을 수 있습니다. 본 콘텐츠는 정보 전달과 시사 분석을 목적으로 하며, 특정 기업에 대한 비방이나 투자 권유를 의도하지 않습니다. 모든 경제적 판단은 사용자 본인의 책임 하에 신중히 결정하시기 바랍니다."", ""thumbnails"": {""default"": {""url"": ""https://i.ytimg.com/vi/gL756cUdWPs/default.jpg"", ""width"": 120, ""height"": 90}, ""medium"": {""url"": ""https://i.ytimg.com/vi/gL756cUdWPs/mqdefault.jpg"", ""width"": 320, ""height"": 180}, ""high"": {""url"": ""https://i.ytimg.com/vi/gL756cUdWPs/hqdefault.jpg"", ""width"": 480, ""height"": 360}, ""standard"": {""url"": ""https://i.ytimg.com/vi/gL756cUdWPs/sddefault.jpg"", ""width"": 640, ""height"": 480}, ""maxres"": {""url"": ""https://i.ytimg.com/vi/gL756cUdWPs/maxresdefault.jpg"", ""width"": 1280, ""height"": 720}}, ""channelTitle"": ""지혜로운 삶"", ""tags"": [""샤브올데이"", ""샤브올데이매각"", ""1300억거래"", ""무한리필샤브샤브"", ""외식프랜차이즈"", ""오너리스크"", ""기업부채"", ""900억빚"", ""엑시트전략"", ""사모펀드인수"", ""F&B시장"", ""2026년이슈"", ""유동성위기"", ""경영권승계"", ""가맹점주보호"", ""잡학지식"", ""브랜드스토리"", ""지식픽"", ""G-pick"", ""팩트체크"", ""오늘의뉴스"", ""시사상식"", ""경제브리핑"", ""미래전망"", ""생존전략"", ""대한민국저력""], ""categoryId"": ""26"", ""liveBroadcastContent"": ""none"", ""defaultLanguage"": ""ko"", ""localized"": {""title"": ""“잘나가던 샤브올데이 왜?” 명륜진사갈비가 금쪽같은 브랜드를 버릴 수밖에 없었던 진짜 이유"", ""description"": ""\""1,300억의 퇴장, 그러나 남겨진 900억의 빚\"" 샤브올데이 매각, 화려한 육수 뒤에 숨겨진 짠맛 나는 진실\n\n2026년 4월, 한국 외식 프랜차이즈 업계에 한 줄기 충격이 전해졌습니다. 국내 무한리필 샤브샤브의 강자로 군림하던 **‘샤브올데이’**가 해외 사모펀드(PEF)의 손으로 넘어갔다는 소식이죠. 거래 규모는 약 1,300억 원. 한 외식 브랜드가 일궈낸 성과치고는 눈부신 액수지만, 냄비 뚜껑을 열어본 실상은 생각보다 훨씬 복잡하고 씁쓸합니다.\n\n📈 1. '샤브올데이'는 어떻게 1,300억의 몸값을 만들었나?\n샤브올데이는 단순히 \""고기 무제한\""을 넘어선 전략으로 단기간에 시장을 장악했습니다.\n\n프리미엄 무한리필 전략: 기존의 저가형 이미지에서 탈피해, 호텔 뷔페급 인테리어와 신선한 채소 바를 결합해 가족 단위 고객과 회식 수요를 동시에 잡았습니다.\n\n공격적인 출점: 브랜드 인지도가 쌓이기 시작한 시점에 폭발적으로 매장을 늘리며 '규모의 경제'를 실현했습니다.\n\n해외 자본의 타겟: 안정적인 현금 흐름과 높은 객단가는 글로벌 F&B 그룹이나 해외 투자사들이 한국 시장에 진입하기에 아주 매력적인 '먹잇감'이었습니다.\n\n⚠️ 2. 화려한 겉치레 뒤에 숨은 '900억의 빚'과 '오너 리스크'\n이번 매각은 '성공한 엑시트(Exit)'라기보다 **'생존을 위한 손절'**에 가깝다는 평가가 지배적입니다.\n\n부채의 늪: 1,300억 원에 팔렸지만, 기업이 안고 있는 빚이 무려 900억 원에 육박합니다. 매각 대금의 상당 부분이 채무 변제에 쓰일 수밖에 없는 구조입니다.\n\n오너 리스크의 그림자: 브랜드 성장 과정에서 불거진 경영진의 도덕적 해이나 사생활 논란 등 '오너 리스크'는 기업 가치를 깎아먹는 고질적인 병폐였습니다. 이번 매각은 이러한 리스크를 완전히 털어내고 경영권을 분리하려는 고육지책으로 보입니다.\n\n\""알짜 브랜드의 매각인가, 구조적 붕괴의 서막인가?\""\n이 사건은 한 기업이 외형 성장에만 치중했을 때 어떤 구조적 문제를 축적하게 되는지 보여주는 전형적인 사례입니다. 900억 원의 빚을 지고도 1,300억 원에 팔 수 있었던 것은 그만큼 '샤브올데이'라는 브랜드가 가진 시장 장악력이 컸기 때문입니다. 하지만 해외 자본이 주인으로 바뀐 뒤에도 가맹점주들과의 상생, 그리고 훼손된 브랜드 이미지를 회복할 수 있을지는 여전히 미지수입니다.\n\n\""결국 외식업의 본질은 육수의 깊이만큼이나 경영의 투명함에 있습니다. 빚으로 쌓아 올린 성벽은 바람 앞에 위태롭기 마련이죠.\""\n\n[자세하고 명확한 면책 고지]\n본 답변은 2026년 4월 기준 외식 프랜차이즈 업계의 동향과 관련 언론 보도, 기업 공시 자료를 바탕으로 재구성되었습니다. 구체적인 매각 금액과 부채 규모는 최종 실사 과정이나 비공개 계약 조건에 따라 실제와 차이가 있을 수 있습니다. 본 콘텐츠는 정보 전달과 시사 분석을 목적으로 하며, 특정 기업에 대한 비방이나 투자 권유를 의도하지 않습니다. 모든 경제적 판단은 사용자 본인의 책임 하에 신중히 결정하시기 바랍니다.""}, ""defaultAudioLanguage"": ""ko""}, ""statistics"": {""viewCount"": ""533"", ""likeCount"": ""0"", ""favoriteCount"": ""0"", ""commentCount"": ""0""}}",,,,
샤브올데이,single_term_fallback,샤브올데이,tJgtZG13sPM,#샤브올데이 #리뷰 #이시아폴리스 #대구 #맛집 #추천 #마라 #뷔페 #샤브샤브 #shorts,2026-03-01T00:06:17Z,2107.0,8.0,0.0,https://www.youtube.com/watch?v=tJgtZG13sPM,youtube,샤브올데이,canonical,1.0,2026-05-26T11:17:04.805326+00:00,2107,8,0,8,승승브라더,,"{""kind"": ""youtube#video"", ""etag"": ""fBfo1MPa5scdAmk3_iGyUtzhk10"", ""id"": ""tJgtZG13sPM"", ""snippet"": {""publishedAt"": ""2026-03-01T00:06:17Z"", ""channelId"": ""UCy7faQ86oGWgQDMUXdnqGbA"", ""title"": ""#샤브올데이 #리뷰 #이시아폴리스 #대구 #맛집 #추천 #마라 #뷔페 #샤브샤브 #shorts"", ""description"": """", ""thumbnails"": {""default"": {""url"": ""https://i.ytimg.com/vi/tJgtZG13sPM/default.jpg"", ""width"": 120, ""height"": 90}, ""medium"": {""url"": ""https://i.ytimg.com/vi/tJgtZG13sPM/mqdefault.jpg"", ""width"": 320, ""height"": 180}, ""high"": {""url"": ""https://i.ytimg.com/vi/tJgtZG13sPM/hqdefault.jpg"", ""width"": 480, ""height"": 360}, ""standard"": {""url"": ""https://i.ytimg.com/vi/tJgtZG13sPM/sddefault.jpg"", ""width"": 640, ""height"": 480}, ""maxres"": {""url"": ""https://i.ytimg.com/vi/tJgtZG13sPM/maxresdefault.jpg"", ""width"": 1280, ""height"": 720}}, ""channelTitle"": ""승승브라더"", ""categoryId"": ""20"", ""liveBroadcastContent"": ""none"", ""defaultLanguage"": ""ko"", ""localized"": {""title"": ""#샤브올데이 #리뷰 #이시아폴리스 #대구 #맛집 #추천 #마라 #뷔페 #샤브샤브 #shorts"", ""description"": """"}, ""defaultAudioLanguage"": ""en""}, ""statistics"": {""viewCount"": ""2107"", ""likeCount"": ""8"", ""favoriteCount"": ""0"", ""commentCount"": ""0""}}",,,,
샤브올데이,single_term_fallback,샤브올데이,PIRQS8Jh-2s,샤브올데이 창업 도대체 얼마벌까? #창업 #창업비용 #부업 #노점창업  #창업스토리 #돈벌기 #샤브올데이 #샤브올데이창업 #샤브올데이수익,2026-03-07T13:00:44Z,2131.0,2.0,0.0,https://www.youtube.com/watch?v=PIRQS8Jh-2s,youtube,샤브올데이,canonical,1.0,2026-05-26T11:17:04.805326+00:00,2131,2,0,2,사장은처음,"샤브올데이 창업 도대체 얼마벌까? #창업 #창업비용 #부업 #노점창업  #창업스토리 #돈벌기 #샤브올데이 #샤브올데이창업 #샤브올데이수익

비지니스 협업 문의 : river888@naver.com","{""kind"": ""youtube#video"", ""etag"": ""T2ZePvSHEEcgemRTa1JBwYiiRmU"", ""id"": ""PIRQS8Jh-2s"", ""snippet"": {""publishedAt"": ""2026-03-07T13:00:44Z"", ""channelId"": ""UC_vpmOdf9scdiZLEorxbmHg"", ""title"": ""샤브올데이 창업 도대체 얼마벌까? #창업 #창업비용 #부업 #노점창업  #창업스토리 #돈벌기 #샤브올데이 #샤브올데이창업 #샤브올데이수익"", ""description"": ""샤브올데이 창업 도대체 얼마벌까? #창업 #창업비용 #부업 #노점창업  #창업스토리 #돈벌기 #샤브올데이 #샤브올데이창업 #샤브올데이수익\n\n비지니스 협업 문의 : river888@naver.com"", ""thumbnails"": {""default"": {""url"": ""https://i.ytimg.com/vi/PIRQS8Jh-2s/default.jpg"", ""width"": 120, ""height"": 90}, ""medium"": {""url"": ""https://i.ytimg.com/vi/PIRQS8Jh-2s/mqdefault.jpg"", ""width"": 320, ""height"": 180}, ""high"": {""url"": ""https://i.ytimg.com/vi/PIRQS8Jh-2s/hqdefault.jpg"", ""width"": 480, ""height"": 360}, ""standard"": {""url"": ""https://i.ytimg.com/vi/PIRQS8Jh-2s/sddefault.jpg"", ""width"": 640, ""height"": 480}, ""maxres"": {""url"": ""https://i.ytimg.com/vi/PIRQS8Jh-2s/maxresdefault.jpg"", ""width"": 1280, ""height"": 720}}, ""channelTitle"": ""사장은처음"", ""categoryId"": ""22"", ""liveBroadcastContent"": ""none"", ""defaultLanguage"": ""ko"", ""localized"": {""title"": ""샤브올데이 창업 도대체 얼마벌까? #창업 #창업비용 #부업 #노점창업  #창업스토리 #돈벌기 #샤브올데이 #샤브올데이창업 #샤브올데이수익"", ""description"": ""샤브올데이 창업 도대체 얼마벌까? #창업 #창업비용 #부업 #노점창업  #창업스토리 #돈벌기 #샤브올데이 #샤브올데이창업 #샤브올데이수익\n\n비지니스 협업 문의 : river888@naver.com""}}, ""statistics"": {""viewCount"": ""2131"", ""likeCount"": ""2"", ""favoriteCount"": ""0"", ""commentCount"": ""0""}}",,,,
샤브올데이,single_term_fallback,샤브올데이,p3gByrfkYSY,[구미/맛집] 고기를 못 먹어도 맛있는 《샤브올데이》 🍲 튀김이 진짜 너무 맛있어서 놀랐음,2026-04-26T04:56:16Z,1271.0,2.0,0.0,https://www.youtube.com/watch?v=p3gByrfkYSY,youtube,샤브올데이,canonical,1.0,2026-05-26T11:17:04.805326+00:00,1271,2,0,2,먹보,#맛집 #맛집추천 #구미맛집 #구미가볼만한곳 #구미맛집추천 #구미카페 #구미점 #샤브샤브 #샤브올데이 #구미샤브올데이 #구미맛집추천 #디저트 #초코분수 #튀김맛집 #후식카페 #샤브 #데이트 #데이트코스 #회의 #모임 #내돈내산,"{""kind"": ""youtube#video"", ""etag"": ""ZZbmtok7WzSo2u8y10K_rzBzah0"", ""id"": ""p3gByrfkYSY"", ""snippet"": {""publishedAt"": ""2026-04-26T04:56:16Z"", ""channelId"": ""UCqgnpUXoUY74vOspQtH-xjg"", ""title"": ""[구미/맛집] 고기를 못 먹어도 맛있는 《샤브올데이》 🍲 튀김이 진짜 너무 맛있어서 놀랐음"", ""description"": ""#맛집 #맛집추천 #구미맛집 #구미가볼만한곳 #구미맛집추천 #구미카페 #구미점 #샤브샤브 #샤브올데이 #구미샤브올데이 #구미맛집추천 #디저트 #초코분수 #튀김맛집 #후식카페 #샤브 #데이트 #데이트코스 #회의 #모임 #내돈내산"", ""thumbnails"": {""default"": {""url"": ""https://i.ytimg.com/vi/p3gByrfkYSY/default.jpg"", ""width"": 120, ""height"": 90}, ""medium"": {""url"": ""https://i.ytimg.com/vi/p3gByrfkYSY/mqdefault.jpg"", ""width"": 320, ""height"": 180}, ""high"": {""url"": ""https://i.ytimg.com/vi/p3gByrfkYSY/hqdefault.jpg"", ""width"": 480, ""height"": 360}, ""standard"": {""url"": ""https://i.ytimg.com/vi/p3gByrfkYSY/sddefault.jpg"", ""width"": 640, ""height"": 480}, ""maxres"": {""url"": ""https://i.ytimg.com/vi/p3gByrfkYSY/maxresdefault.jpg"", ""width"": 1280, ""height"": 720}}, ""channelTitle"": ""먹보"", ""categoryId"": ""22"", ""liveBroadcastContent"": ""none"", ""defaultLanguage"": ""ko"", ""localized"": {""title"": ""[구미/맛집] 고기를 못 먹어도 맛있는 《샤브올데이》 🍲 튀김이 진짜 너무 맛있어서 놀랐음"", ""description"": ""#맛집 #맛집추천 #구미맛집 #구미가볼만한곳 #구미맛집추천 #구미카페 #구미점 #샤브샤브 #샤브올데이 #구미샤브올데이 #구미맛집추천 #디저트 #초코분수 #튀김맛집 #후식카페 #샤브 #데이트 #데이트코스 #회의 #모임 #내돈내산""}}, ""statistics"": {""viewCount"": ""1271"", ""likeCount"": ""2"", ""favoriteCount"": ""0"", ""commentCount"": ""0""}}",,,,
샤브올데이,single_term_fallback,샤브올데이,1yl49UMGhVo,치즈 없이 못 사는 치친자들 무조건 가야 할 샤브올데이,2026-03-29T10:38:34Z,1210.0,5.0,1.0,https://www.youtube.com/watch?v=1yl49UMGhVo,youtube,샤브올데이,canonical,1.0,2026-05-26T11:17:04.805326+00:00,1210,5,1,6,송파레코드,,"{""kind"": ""youtube#video"", ""etag"": ""P3uEzUCmzlFaM_KW2EwC6U5VKAY"", ""id"": ""1yl49UMGhVo"", ""snippet"": {""publishedAt"": ""2026-03-29T10:38:34Z"", ""channelId"": ""UCL11hAum2T9VXfRtahYvhKA"", ""title"": ""치즈 없이 못 사는 치친자들 무조건 가야 할 샤브올데이"", ""description"": """", ""thumbnails"": {""default"": {""url"": ""https://i.ytimg.com/vi/1yl49UMGhVo/default.jpg"", ""width"": 120, ""height"": 90}, ""medium"": {""url"": ""https://i.ytimg.com/vi/1yl49UMGhVo/mqdefault.jpg"", ""width"": 320, ""height"": 180}, ""high"": {""url"": ""https://i.ytimg.com/vi/1yl49UMGhVo/hqdefault.jpg"", ""width"": 480, ""height"": 360}, ""standard"": {""url"": ""https://i.ytimg.com/vi/1yl49UMGhVo/sddefault.jpg"", ""width"": 640, ""height"": 480}, ""maxres"": {""url"": ""https://i.ytimg.com/vi/1yl49UMGhVo/maxresdefault.jpg"", ""width"": 1280, ""height"": 720}}, ""channelTitle"": ""송파레코드"", ""categoryId"": ""22"", ""liveBroadcastContent"": ""none"", ""defaultLanguage"": ""ko"", ""localized"": {""title"": ""치즈 없이 못 사는 치친자들 무조건 가야 할 샤브올데이"", ""description"": """"}}, ""statistics"": {""viewCount"": ""1210"", ""likeCount"": ""5"", ""favoriteCount"": ""0"", ""commentCount"": ""1""}}",,,,
샤브올데이,single_term_fallback,샤브올데이,qd_8k3NluIw,식당에 있는 패드 뚫기 #구독부탁합니다 #travel #샤브샤브 #샤브올데이 #식당 #식당마케팅,2026-03-02T04:56:02Z,1968.0,7.0,0.0,https://www.youtube.com/watch?v=qd_8k3NluIw,youtube,샤브올데이,canonical,1.0,2026-05-26T11:17:04.805326+00:00,1968,7,0,7,꽌찬,,"{""kind"": ""youtube#video"", ""etag"": ""eTjhJlAhcAzLccxBqaXhEsmZrWk"", ""id"": ""qd_8k3NluIw"", ""snippet"": {""publishedAt"": ""2026-03-02T04:56:02Z"", ""channelId"": ""UC-RihjcN48DUq5T8384PzuA"", ""title"": ""식당에 있는 패드 뚫기 #구독부탁합니다 #travel #샤브샤브 #샤브올데이 #식당 #식당마케팅"", ""description"": """", ""thumbnails"": {""default"": {""url"": ""https://i.ytimg.com/vi/qd_8k3NluIw/default.jpg"", ""width"": 120, ""height"": 90}, ""medium"": {""url"": ""https://i.ytimg.com/vi/qd_8k3NluIw/mqdefault.jpg"", ""width"": 320, ""height"": 180}, ""high"": {""url"": ""https://i.ytimg.com/vi/qd_8k3NluIw/hqdefault.jpg"", ""width"": 480, ""height"": 360}, ""standard"": {""url"": ""https://i.ytimg.com/vi/qd_8k3NluIw/sddefault.jpg"", ""width"": 640, ""height"": 480}, ""maxres"": {""url"": ""https://i.ytimg.com/vi/qd_8k3NluIw/maxresdefault.jpg"", ""width"": 1280, ""height"": 720}}, ""channelTitle"": ""꽌찬"", ""categoryId"": ""22"", ""liveBroadcastContent"": ""none"", ""defaultLanguage"": ""ko"", ""localized"": {""title"": ""식당에 있는 패드 뚫기 #구독부탁합니다 #travel #샤브샤브 #샤브올데이 #식당 #식당마케팅"", ""description"": """"}}, ""statistics"": {""viewCount"": ""1968"", ""likeCount"": ""7"", ""favoriteCount"": ""0""}}",,,,
샤브올데이,single_term_fallback,샤브올데이,W1Zigd4X1IU,샤브올데이 다녀왔는데 배 터질뻔했어.. 친구 델고 가보쟈!! #샤브올데이 #오모리얌,2026-03-11T09:17:31Z,1364.0,6.0,0.0,https://www.youtube.com/watch?v=W1Zigd4X1IU,youtube,샤브올데이,canonical,1.0,2026-05-26T11:17:04.805326+00:00,1364,6,0,6,오모리얌,"방문지점명: 샤브올데이 서울보문점
방문지점주소: 서울 성북구 보문동4가 8
⚠지점별로 구성메뉴 및 주류 제공 방식에는 차이가 있을 수 있습니다⚠","{""kind"": ""youtube#video"", ""etag"": ""gUtoGuI5GSH69jNXdhWWiGkShC0"", ""id"": ""W1Zigd4X1IU"", ""snippet"": {""publishedAt"": ""2026-03-11T09:17:31Z"", ""channelId"": ""UCqhHhVPKEcNH2VaOFsJNv8w"", ""title"": ""샤브올데이 다녀왔는데 배 터질뻔했어.. 친구 델고 가보쟈!! #샤브올데이 #오모리얌"", ""description"": ""방문지점명: 샤브올데이 서울보문점\n방문지점주소: 서울 성북구 보문동4가 8\n⚠지점별로 구성메뉴 및 주류 제공 방식에는 차이가 있을 수 있습니다⚠"", ""thumbnails"": {""default"": {""url"": ""https://i.ytimg.com/vi/W1Zigd4X1IU/default.jpg"", ""width"": 120, ""height"": 90}, ""medium"": {""url"": ""https://i.ytimg.com/vi/W1Zigd4X1IU/mqdefault.jpg"", ""width"": 320, ""height"": 180}, ""high"": {""url"": ""https://i.ytimg.com/vi/W1Zigd4X1IU/hqdefault.jpg"", ""width"": 480, ""height"": 360}, ""standard"": {""url"": ""https://i.ytimg.com/vi/W1Zigd4X1IU/sddefault.jpg"", ""width"": 640, ""height"": 480}, ""maxres"": {""url"": ""https://i.ytimg.com/vi/W1Zigd4X1IU/maxresdefault.jpg"", ""width"": 1280, ""height"": 720}}, ""channelTitle"": ""오모리얌"", ""categoryId"": ""22"", ""liveBroadcastContent"": ""none"", ""defaultLanguage"": ""ko"", ""localized"": {""title"": ""샤브올데이 다녀왔는데 배 터질뻔했어.. 친구 델고 가보쟈!! #샤브올데이 #오모리얌"", ""description"": ""방문지점명: 샤브올데이 서울보문점\n방문지점주소: 서울 성북구 보문동4가 8\n⚠지점별로 구성메뉴 및 주류 제공 방식에는 차이가 있을 수 있습니다⚠""}}, ""statistics"": {""viewCount"": ""1364"", ""likeCount"": ""6"", ""favoriteCount"": ""0"", ""commentCount"": ""0""}}",,,,
샤브올데이,single_term_fallback,샤브올데이,6Wgpon7jzPI,#서울#가양동#샤브올데이#,2026-04-12T02:18:34Z,2066.0,13.0,9.0,https://www.youtube.com/watch?v=6Wgpon7jzPI,youtube,샤브올데이,canonical,1.0,2026-05-26T11:17:04.805326+00:00,2066,13,9,22,츄레라tv,,"{""kind"": ""youtube#video"", ""etag"": ""F3-schsdWjcAj8mqnS1hAbueNrc"", ""id"": ""6Wgpon7jzPI"", ""snippet"": {""publishedAt"": ""2026-04-12T02:18:34Z"", ""channelId"": ""UCOcsK2NFqUoONe_YtyQkZhA"", ""title"": ""#서울#가양동#샤브올데이#"", ""description"": """", ""thumbnails"": {""default"": {""url"": ""https://i.ytimg.com/vi/6Wgpon7jzPI/default.jpg"", ""width"": 120, ""height"": 90}, ""medium"": {""url"": ""https://i.ytimg.com/vi/6Wgpon7jzPI/mqdefault.jpg"", ""width"": 320, ""height"": 180}, ""high"": {""url"": ""https://i.ytimg.com/vi/6Wgpon7jzPI/hqdefault.jpg"", ""width"": 480, ""height"": 360}, ""standard"": {""url"": ""https://i.ytimg.com/vi/6Wgpon7jzPI/sddefault.jpg"", ""width"": 640, ""height"": 480}, ""maxres"": {""url"": ""https://i.ytimg.com/vi/6Wgpon7jzPI/maxresdefault.jpg"", ""width"": 1280, ""height"": 720}}, ""channelTitle"": ""츄레라tv"", ""categoryId"": ""24"", ""liveBroadcastContent"": ""none"", ""defaultLanguage"": ""ko"", ""localized"": {""title"": ""#서울#가양동#샤브올데이#"", ""description"": """"}}, ""statistics"": {""viewCount"": ""2066"", ""likeCount"": ""13"", ""favoriteCount"": ""0"", ""commentCount"": ""9""}}",,,,
샤브올데이,single_term_fallback,샤브올데이,jlA3S6Jztp0,8 - 샤브올데이,2026-03-31T02:18:36Z,2265.0,6.0,0.0,https://www.youtube.com/watch?v=jlA3S6Jztp0,youtube,샤브올데이,canonical,1.0,2026-05-26T11:17:04.805326+00:00,2265,6,0,6,새로고침,,"{""kind"": ""youtube#video"", ""etag"": ""Ry0mj098Sdnk9vAbaag2uJtiP4k"", ""id"": ""jlA3S6Jztp0"", ""snippet"": {""publishedAt"": ""2026-03-31T02:18:36Z"", ""channelId"": ""UCLuGrlAos2SaD4xIskGfwag"", ""title"": ""8 - 샤브올데이"", ""description"": """", ""thumbnails"": {""default"": {""url"": ""https://i.ytimg.com/vi/jlA3S6Jztp0/default.jpg"", ""width"": 120, ""height"": 90}, ""medium"": {""url"": ""https://i.ytimg.com/vi/jlA3S6Jztp0/mqdefault.jpg"", ""width"": 320, ""height"": 180}, ""high"": {""url"": ""https://i.ytimg.com/vi/jlA3S6Jztp0/hqdefault.jpg"", ""width"": 480, ""height"": 360}, ""standard"": {""url"": ""https://i.ytimg.com/vi/jlA3S6Jztp0/sddefault.jpg"", ""width"": 640, ""height"": 480}, ""maxres"": {""url"": ""https://i.ytimg.com/vi/jlA3S6Jztp0/maxresdefault.jpg"", ""width"": 1280, ""height"": 720}}, ""channelTitle"": ""새로고침"", ""categoryId"": ""27"", ""liveBroadcastContent"": ""none"", ""defaultLanguage"": ""ko"", ""localized"": {""title"": ""8 - 샤브올데이"", ""description"": """"}, ""defaultAudioLanguage"": ""ko""}, ""statistics"": {""viewCount"": ""2265"", ""likeCount"": ""6"", ""favoriteCount"": ""0"", ""commentCount"": ""0""}}",,,,
샤브올데이,single_term_fallback,샤브올데이,Ih4MRor2mAQ,#먹방 #샤브올데이 프리미엄 소고기 샤브샤브와 다양한 샐러드 바를 함께 즐기는 우리 동네집 샤브올데이 주기적으로 생각나는맛 배가 무지고픈관계로 야무지게 먹어보겠습니다 샤브올데이,2026-03-26T03:14:24Z,2578.0,6.0,0.0,https://www.youtube.com/watch?v=Ih4MRor2mAQ,youtube,샤브올데이,canonical,1.0,2026-05-26T11:17:04.805326+00:00,2578,6,0,6,루비의 일상,,"{""kind"": ""youtube#video"", ""etag"": ""WfIVRI1sMoRkjNPFZ7xojzovX8A"", ""id"": ""Ih4MRor2mAQ"", ""snippet"": {""publishedAt"": ""2026-03-26T03:14:24Z"", ""channelId"": ""UCPfEiZGrp8pRQ_MaxASFIXw"", ""title"": ""#먹방 #샤브올데이 프리미엄 소고기 샤브샤브와 다양한 샐러드 바를 함께 즐기는 우리 동네집 샤브올데이 주기적으로 생각나는맛 배가 무지고픈관계로 야무지게 먹어보겠습니다 샤브올데이"", ""description"": """", ""thumbnails"": {""default"": {""url"": ""https://i.ytimg.com/vi/Ih4MRor2mAQ/default.jpg"", ""width"": 120, ""height"": 90}, ""medium"": {""url"": ""https://i.ytimg.com/vi/Ih4MRor2mAQ/mqdefault.jpg"", ""width"": 320, ""height"": 180}, ""high"": {""url"": ""https://i.ytimg.com/vi/Ih4MRor2mAQ/hqdefault.jpg"", ""width"": 480, ""height"": 360}, ""standard"": {""url"": ""https://i.ytimg.com/vi/Ih4MRor2mAQ/sddefault.jpg"", ""width"": 640, ""height"": 480}, ""maxres"": {""url"": ""https://i.ytimg.com/vi/Ih4MRor2mAQ/maxresdefault.jpg"", ""width"": 1280, ""height"": 720}}, ""channelTitle"": ""루비의 일상"", ""categoryId"": ""22"", ""liveBroadcastContent"": ""none"", ""defaultLanguage"": ""ko"", ""localized"": {""title"": ""#먹방 #샤브올데이 프리미엄 소고기 샤브샤브와 다양한 샐러드 바를 함께 즐기는 우리 동네집 샤브올데이 주기적으로 생각나는맛 배가 무지고픈관계로 야무지게 먹어보겠습니다 샤브올데이"", ""description"": """"}, ""defaultAudioLanguage"": ""ko""}, ""statistics"": {""viewCount"": ""2578"", ""likeCount"": ""6"", ""favoriteCount"": ""0"", ""commentCount"": ""0""}}",,,,
샤브올데이,single_term_fallback,샤브올데이,zVAzVsEYM5g,딸아이랑 데이트 #샤브올데이 #샤브맛집 #오산시청점 #학교 땡땡이,2026-03-26T22:36:05Z,1733.0,6.0,0.0,https://www.youtube.com/watch?v=zVAzVsEYM5g,youtube,샤브올데이,canonical,1.0,2026-05-26T11:17:04.805326+00:00,1733,6,0,6,유니의 일상,,"{""kind"": ""youtube#video"", ""etag"": ""Ql_wSfhp7krW8FmNJVi2z2COsY8"", ""id"": ""zVAzVsEYM5g"", ""snippet"": {""publishedAt"": ""2026-03-26T22:36:05Z"", ""channelId"": ""UC04_pzS8x4J2EFZzvkHWlZw"", ""title"": ""딸아이랑 데이트 #샤브올데이 #샤브맛집 #오산시청점 #학교 땡땡이"", ""description"": """", ""thumbnails"": {""default"": {""url"": ""https://i.ytimg.com/vi/zVAzVsEYM5g/default.jpg"", ""width"": 120, ""height"": 90}, ""medium"": {""url"": ""https://i.ytimg.com/vi/zVAzVsEYM5g/mqdefault.jpg"", ""width"": 320, ""height"": 180}, ""high"": {""url"": ""https://i.ytimg.com/vi/zVAzVsEYM5g/hqdefault.jpg"", ""width"": 480, ""height"": 360}, ""standard"": {""url"": ""https://i.ytimg.com/vi/zVAzVsEYM5g/sddefault.jpg"", ""width"": 640, ""height"": 480}, ""maxres"": {""url"": ""https://i.ytimg.com/vi/zVAzVsEYM5g/maxresdefault.jpg"", ""width"": 1280, ""height"": 720}}, ""channelTitle"": ""유니의 일상"", ""categoryId"": ""1"", ""liveBroadcastContent"": ""none"", ""defaultLanguage"": ""ko"", ""localized"": {""title"": ""딸아이랑 데이트 #샤브올데이 #샤브맛집 #오산시청점 #학교 땡땡이"", ""description"": """"}, ""defaultAudioLanguage"": ""ko""}, ""statistics"": {""viewCount"": ""1733"", ""likeCount"": ""6"", ""favoriteCount"": ""0"", ""commentCount"": ""0""}}",,,,
샤브올데이,single_term_fallback,샤브올데이,Ki2tczRhMyY,"""한국 샤브샤브에 1,200억 태웠다!"" 졸리비는 왜 명륜진사갈비의 자매 브랜드를 선택했나?",2026-03-20T09:00:00Z,527.0,0.0,10.0,https://www.youtube.com/watch?v=Ki2tczRhMyY,youtube,샤브올데이,canonical,1.0,2026-05-26T11:17:04.805326+00:00,527,0,10,10,지식의우물,"필리핀의 외식 공룡 졸리비(Jollibee)가 한국의 샤브샤브 브랜드 '샤브올데이'를 전격 인수했습니다!
명륜진사갈비의 노하우를 이식받아 성장한 이 브랜드가 왜 글로벌 자산가의 타겟이 되었을까요?
샤브샤브 시장의 '진짜 몸값'과 향후 전망을 공개합니다.

#샤브올데이 #졸리비 #샤브올데이인수 #jollibee  #명륜진사갈비 #무한리필수익구조

🧠박성훈
저서 《누가 내 돈을 훔쳤을까》, 《모르면 불편한 돈의 교양》, 《경제시그널》
팟캐스트《경제브리핑 불편한 진실》진행","{""kind"": ""youtube#video"", ""etag"": ""P8gNRBi2Qu_qzOBiehE6dTgR3IQ"", ""id"": ""Ki2tczRhMyY"", ""snippet"": {""publishedAt"": ""2026-03-20T09:00:00Z"", ""channelId"": ""UC-sNR0PB3oZK0XpyJKprrdA"", ""title"": ""\""한국 샤브샤브에 1,200억 태웠다!\"" 졸리비는 왜 명륜진사갈비의 자매 브랜드를 선택했나?"", ""description"": ""필리핀의 외식 공룡 졸리비(Jollibee)가 한국의 샤브샤브 브랜드 '샤브올데이'를 전격 인수했습니다!\n명륜진사갈비의 노하우를 이식받아 성장한 이 브랜드가 왜 글로벌 자산가의 타겟이 되었을까요?\n샤브샤브 시장의 '진짜 몸값'과 향후 전망을 공개합니다.\n\n#샤브올데이 #졸리비 #샤브올데이인수 #jollibee  #명륜진사갈비 #무한리필수익구조\n\n🧠박성훈\n저서 《누가 내 돈을 훔쳤을까》, 《모르면 불편한 돈의 교양》, 《경제시그널》\n팟캐스트《경제브리핑 불편한 진실》진행"", ""thumbnails"": {""default"": {""url"": ""https://i.ytimg.com/vi/Ki2tczRhMyY/default.jpg"", ""width"": 120, ""height"": 90}, ""medium"": {""url"": ""https://i.ytimg.com/vi/Ki2tczRhMyY/mqdefault.jpg"", ""width"": 320, ""height"": 180}, ""high"": {""url"": ""https://i.ytimg.com/vi/Ki2tczRhMyY/hqdefault.jpg"", ""width"": 480, ""height"": 360}, ""standard"": {""url"": ""https://i.ytimg.com/vi/Ki2tczRhMyY/sddefault.jpg"", ""width"": 640, ""height"": 480}, ""maxres"": {""url"": ""https://i.ytimg.com/vi/Ki2tczRhMyY/maxresdefault.jpg"", ""width"": 1280, ""height"": 720}}, ""channelTitle"": ""지식의우물"", ""tags"": [""샤브올데이"", ""졸리비"", ""샤브올데이인수"", ""Jollibee"", ""명륜진사갈비"", ""무한리필수익구조"", ""명륜당""], ""categoryId"": ""22"", ""liveBroadcastContent"": ""none"", ""defaultLanguage"": ""ko"", ""localized"": {""title"": ""\""한국 샤브샤브에 1,200억 태웠다!\"" 졸리비는 왜 명륜진사갈비의 자매 브랜드를 선택했나?"", ""description"": ""필리핀의 외식 공룡 졸리비(Jollibee)가 한국의 샤브샤브 브랜드 '샤브올데이'를 전격 인수했습니다!\n명륜진사갈비의 노하우를 이식받아 성장한 이 브랜드가 왜 글로벌 자산가의 타겟이 되었을까요?\n샤브샤브 시장의 '진짜 몸값'과 향후 전망을 공개합니다.\n\n#샤브올데이 #졸리비 #샤브올데이인수 #jollibee  #명륜진사갈비 #무한리필수익구조\n\n🧠박성훈\n저서 《누가 내 돈을 훔쳤을까》, 《모르면 불편한 돈의 교양》, 《경제시그널》\n팟캐스트《경제브리핑 불편한 진실》진행""}, ""defaultAudioLanguage"": ""ko""}, ""statistics"": {""viewCount"": ""527"", ""favoriteCount"": ""0"", ""commentCount"": ""10""}}",,,,
샤브올데이,single_term_fallback,샤브올데이,jzINwO_jsX0,샤브올데이 | 공서희 치어리더 | 260217,2026-03-24T17:34:21Z,1267.0,13.0,0.0,https://www.youtube.com/watch?v=jzINwO_jsX0,youtube,샤브올데이,canonical,1.0,2026-05-26T11:17:04.805326+00:00,1267,13,0,13,리바이블,,"{""kind"": ""youtube#video"", ""etag"": ""d6WBp_buwQFLWam2V6T5XRyql7E"", ""id"": ""jzINwO_jsX0"", ""snippet"": {""publishedAt"": ""2026-03-24T17:34:21Z"", ""channelId"": ""UCEdVcbIkmuMoMIWQUv6Q0ug"", ""title"": ""샤브올데이 | 공서희 치어리더 | 260217"", ""description"": """", ""thumbnails"": {""default"": {""url"": ""https://i.ytimg.com/vi/jzINwO_jsX0/default.jpg"", ""width"": 120, ""height"": 90}, ""medium"": {""url"": ""https://i.ytimg.com/vi/jzINwO_jsX0/mqdefault.jpg"", ""width"": 320, ""height"": 180}, ""high"": {""url"": ""https://i.ytimg.com/vi/jzINwO_jsX0/hqdefault.jpg"", ""width"": 480, ""height"": 360}, ""standard"": {""url"": ""https://i.ytimg.com/vi/jzINwO_jsX0/sddefault.jpg"", ""width"": 640, ""height"": 480}, ""maxres"": {""url"": ""https://i.ytimg.com/vi/jzINwO_jsX0/maxresdefault.jpg"", ""width"": 1280, ""height"": 720}}, ""channelTitle"": ""리바이블"", ""categoryId"": ""22"", ""liveBroadcastContent"": ""none"", ""defaultLanguage"": ""ko"", ""localized"": {""title"": ""샤브올데이 | 공서희 치어리더 | 260217"", ""description"": """"}}, ""statistics"": {""viewCount"": ""1267"", ""likeCount"": ""13"", ""favoriteCount"": ""0"", ""commentCount"": ""0""}}",,,,
샤브올데이,single_term_fallback,샤브올데이,LZZxuD0LXik,어린이날 기념 어른이들 샤브올데이 출격 고깃국밥,2026-05-05T08:46:14Z,1677.0,6.0,0.0,https://www.youtube.com/watch?v=LZZxuD0LXik,youtube,샤브올데이,canonical,1.0,2026-05-26T11:17:04.805326+00:00,1677,6,0,6,깃나래,#어린이날 #어린이날행사 #샤브올데이 #샤브올데이할인 #네이버페이할인 #샤브올데이꿀팁 #샤브올데이본점 #볶음밥만들기,"{""kind"": ""youtube#video"", ""etag"": ""tjri9Bq49D62MA-sJNahlL_IZDc"", ""id"": ""LZZxuD0LXik"", ""snippet"": {""publishedAt"": ""2026-05-05T08:46:14Z"", ""channelId"": ""UC9D_JS1pUKKmDcqo8N6x_bg"", ""title"": ""어린이날 기념 어른이들 샤브올데이 출격 고깃국밥"", ""description"": ""#어린이날 #어린이날행사 #샤브올데이 #샤브올데이할인 #네이버페이할인 #샤브올데이꿀팁 #샤브올데이본점 #볶음밥만들기"", ""thumbnails"": {""default"": {""url"": ""https://i.ytimg.com/vi/LZZxuD0LXik/default.jpg"", ""width"": 120, ""height"": 90}, ""medium"": {""url"": ""https://i.ytimg.com/vi/LZZxuD0LXik/mqdefault.jpg"", ""width"": 320, ""height"": 180}, ""high"": {""url"": ""https://i.ytimg.com/vi/LZZxuD0LXik/hqdefault.jpg"", ""width"": 480, ""height"": 360}, ""standard"": {""url"": ""https://i.ytimg.com/vi/LZZxuD0LXik/sddefault.jpg"", ""width"": 640, ""height"": 480}, ""maxres"": {""url"": ""https://i.ytimg.com/vi/LZZxuD0LXik/maxresdefault.jpg"", ""width"": 1280, ""height"": 720}}, ""channelTitle"": ""깃나래"", ""tags"": [""샤브올데이"", ""어린이날"", ""어른이"", ""샤브올데이본점"", ""샤브올데이할인"", ""네이버페이""], ""categoryId"": ""22"", ""liveBroadcastContent"": ""none"", ""defaultLanguage"": ""ko"", ""localized"": {""title"": ""어린이날 기념 어른이들 샤브올데이 출격 고깃국밥"", ""description"": ""#어린이날 #어린이날행사 #샤브올데이 #샤브올데이할인 #네이버페이할인 #샤브올데이꿀팁 #샤브올데이본점 #볶음밥만들기""}}, ""statistics"": {""viewCount"": ""1677"", ""likeCount"": ""6"", ""favoriteCount"": ""0"", ""commentCount"": ""0""}}",,,,
샤브올데이,single_term_fallback,샤브올데이,BSvt0eNheyA,샤브올데이 첫입성 이것저것 좋은데 고기는음..?,2026-03-15T05:31:39Z,1939.0,2.0,0.0,https://www.youtube.com/watch?v=BSvt0eNheyA,youtube,샤브올데이,canonical,1.0,2026-05-26T11:17:04.805326+00:00,1939,2,0,2,스케치북,,"{""kind"": ""youtube#video"", ""etag"": ""MdT7-CmtJ2vRU1vtlq3MJMuY8lk"", ""id"": ""BSvt0eNheyA"", ""snippet"": {""publishedAt"": ""2026-03-15T05:31:39Z"", ""channelId"": ""UCOn5p5PtBOWIHUm0roKxuxw"", ""title"": ""샤브올데이 첫입성 이것저것 좋은데 고기는음..?"", ""description"": """", ""thumbnails"": {""default"": {""url"": ""https://i.ytimg.com/vi/BSvt0eNheyA/default.jpg"", ""width"": 120, ""height"": 90}, ""medium"": {""url"": ""https://i.ytimg.com/vi/BSvt0eNheyA/mqdefault.jpg"", ""width"": 320, ""height"": 180}, ""high"": {""url"": ""https://i.ytimg.com/vi/BSvt0eNheyA/hqdefault.jpg"", ""width"": 480, ""height"": 360}, ""standard"": {""url"": ""https://i.ytimg.com/vi/BSvt0eNheyA/sddefault.jpg"", ""width"": 640, ""height"": 480}, ""maxres"": {""url"": ""https://i.ytimg.com/vi/BSvt0eNheyA/maxresdefault.jpg"", ""width"": 1280, ""height"": 720}}, ""channelTitle"": ""스케치북"", ""categoryId"": ""22"", ""liveBroadcastContent"": ""none"", ""defaultLanguage"": ""ko"", ""localized"": {""title"": ""샤브올데이 첫입성 이것저것 좋은데 고기는음..?"", ""description"": """"}}, ""statistics"": {""viewCount"": ""1939"", ""likeCount"": ""2"", ""favoriteCount"": ""0"", ""commentCount"": ""0""}}",,,,
샤브올데이,single_term_fallback,샤브올데이,lAAtXX8Mcc8,샤브올데이 미친소스 레시피 +네이버포인트6000점받는법❤️,2026-04-15T19:29:08Z,3241.0,10.0,1.0,https://www.youtube.com/watch?v=lAAtXX8Mcc8,youtube,샤브올데이,canonical,1.0,2026-05-26T11:17:04.805326+00:00,3241,10,1,11,민똑띠,,"{""kind"": ""youtube#video"", ""etag"": ""cDgCEgFBa6oeb1NlpQdqNdN3Tao"", ""id"": ""lAAtXX8Mcc8"", ""snippet"": {""publishedAt"": ""2026-04-15T19:29:08Z"", ""channelId"": ""UC7UKL9VYlWUtq9MAK-R3Ulg"", ""title"": ""샤브올데이 미친소스 레시피 +네이버포인트6000점받는법❤️"", ""description"": """", ""thumbnails"": {""default"": {""url"": ""https://i.ytimg.com/vi/lAAtXX8Mcc8/default.jpg"", ""width"": 120, ""height"": 90}, ""medium"": {""url"": ""https://i.ytimg.com/vi/lAAtXX8Mcc8/mqdefault.jpg"", ""width"": 320, ""height"": 180}, ""high"": {""url"": ""https://i.ytimg.com/vi/lAAtXX8Mcc8/hqdefault.jpg"", ""width"": 480, ""height"": 360}, ""standard"": {""url"": ""https://i.ytimg.com/vi/lAAtXX8Mcc8/sddefault.jpg"", ""width"": 640, ""height"": 480}, ""maxres"": {""url"": ""https://i.ytimg.com/vi/lAAtXX8Mcc8/maxresdefault.jpg"", ""width"": 1280, ""height"": 720}}, ""channelTitle"": ""민똑띠"", ""categoryId"": ""22"", ""liveBroadcastContent"": ""none"", ""defaultLanguage"": ""ko"", ""localized"": {""title"": ""샤브올데이 미친소스 레시피 +네이버포인트6000점받는법❤️"", ""description"": """"}}, ""statistics"": {""viewCount"": ""3241"", ""likeCount"": ""10"", ""favoriteCount"": ""0"", ""commentCount"": ""1""}}",,,,
샤브올데이,single_term_fallback,샤브올데이,2Nn43FpSKYo,샤브올데이 하지원 치어리더,2026-04-17T13:28:55Z,1022.0,0.0,1.0,https://www.youtube.com/watch?v=2Nn43FpSKYo,youtube,샤브올데이,canonical,1.0,2026-05-26T11:17:04.805326+00:00,1022,0,1,1,준픽스 ,"#하지원치어리더 #하지원 # 치어리더  
https://www.youtube.com/playlist?list=PLL2l5jrlxB2vmfiNaBZkw9KkoF9_NTgDV

[4K] 260306 하지원 치어리더 Ha ji-won cheerleader JungKwanjang redsparks

 https://www.youtube.com/channel/UCbnKdybPGM3rZWjlPHIHr3A
 https://www.youtube.com/channel/UCbnKdybPGM3rZWjlPHIHr3A","{""kind"": ""youtube#video"", ""etag"": ""PE_YY3ClxNeoVtLIS_rnOHO_F4Y"", ""id"": ""2Nn43FpSKYo"", ""snippet"": {""publishedAt"": ""2026-04-17T13:28:55Z"", ""channelId"": ""UCbnKdybPGM3rZWjlPHIHr3A"", ""title"": ""샤브올데이 하지원 치어리더"", ""description"": ""#하지원치어리더 #하지원 # 치어리더  \nhttps://www.youtube.com/playlist?list=PLL2l5jrlxB2vmfiNaBZkw9KkoF9_NTgDV\n\n[4K] 260306 하지원 치어리더 Ha ji-won cheerleader JungKwanjang redsparks\n\n https://www.youtube.com/channel/UCbnKdybPGM3rZWjlPHIHr3A\n https://www.youtube.com/channel/UCbnKdybPGM3rZWjlPHIHr3A"", ""thumbnails"": {""default"": {""url"": ""https://i.ytimg.com/vi/2Nn43FpSKYo/default.jpg"", ""width"": 120, ""height"": 90}, ""medium"": {""url"": ""https://i.ytimg.com/vi/2Nn43FpSKYo/mqdefault.jpg"", ""width"": 320, ""height"": 180}, ""high"": {""url"": ""https://i.ytimg.com/vi/2Nn43FpSKYo/hqdefault.jpg"", ""width"": 480, ""height"": 360}, ""standard"": {""url"": ""https://i.ytimg.com/vi/2Nn43FpSKYo/sddefault.jpg"", ""width"": 640, ""height"": 480}, ""maxres"": {""url"": ""https://i.ytimg.com/vi/2Nn43FpSKYo/maxresdefault.jpg"", ""width"": 1280, ""height"": 720}}, ""channelTitle"": ""준픽스 "", ""tags"": [""korean"", ""치어리더"", ""공연"", ""직캠"", ""농구"", ""배구"", ""코스프레"", ""cheerleader"", ""cheer"", ""정관장"", ""redsparks"", ""mega"", ""정관장레드스파크스"", ""김천하이패스"", ""여자배구"", ""남자배구"", ""하지원"", ""hajiwon"", ""하지원치어리더""], ""categoryId"": ""22"", ""liveBroadcastContent"": ""none"", ""defaultLanguage"": ""ko"", ""localized"": {""title"": ""샤브올데이 하지원 치어리더"", ""description"": ""#하지원치어리더 #하지원 # 치어리더  \nhttps://www.youtube.com/playlist?list=PLL2l5jrlxB2vmfiNaBZkw9KkoF9_NTgDV\n\n[4K] 260306 하지원 치어리더 Ha ji-won cheerleader JungKwanjang redsparks\n\n https://www.youtube.com/channel/UCbnKdybPGM3rZWjlPHIHr3A\n https://www.youtube.com/channel/UCbnKdybPGM3rZWjlPHIHr3A""}, ""defaultAudioLanguage"": ""ko""}, ""statistics"": {""viewCount"": ""1022"", ""favoriteCount"": ""0"", ""commentCount"": ""1""}}",,,,
샤브올데이,single_term_fallback,샤브올데이,7gB2VTL6VQk,오랜만에 다녀온 샤브올데이,2026-02-28T05:27:14Z,1949.0,2.0,0.0,https://www.youtube.com/watch?v=7gB2VTL6VQk,youtube,샤브올데이,canonical,1.0,2026-05-26T11:17:04.805326+00:00,1949,2,0,2,ㄹㅏㅇ,,"{""kind"": ""youtube#video"", ""etag"": ""QrK2R7gpVL7K2_GVWGPTSXyW1Rw"", ""id"": ""7gB2VTL6VQk"", ""snippet"": {""publishedAt"": ""2026-02-28T05:27:14Z"", ""channelId"": ""UCmI0tlIpCYIqsmd2zhzkj1g"", ""title"": ""오랜만에 다녀온 샤브올데이"", ""description"": """", ""thumbnails"": {""default"": {""url"": ""https://i.ytimg.com/vi/7gB2VTL6VQk/default.jpg"", ""width"": 120, ""height"": 90}, ""medium"": {""url"": ""https://i.ytimg.com/vi/7gB2VTL6VQk/mqdefault.jpg"", ""width"": 320, ""height"": 180}, ""high"": {""url"": ""https://i.ytimg.com/vi/7gB2VTL6VQk/hqdefault.jpg"", ""width"": 480, ""height"": 360}, ""standard"": {""url"": ""https://i.ytimg.com/vi/7gB2VTL6VQk/sddefault.jpg"", ""width"": 640, ""height"": 480}, ""maxres"": {""url"": ""https://i.ytimg.com/vi/7gB2VTL6VQk/maxresdefault.jpg"", ""width"": 1280, ""height"": 720}}, ""channelTitle"": ""ㄹㅏㅇ"", ""categoryId"": ""22"", ""liveBroadcastContent"": ""none"", ""defaultLanguage"": ""ko"", ""localized"": {""title"": ""오랜만에 다녀온 샤브올데이"", ""description"": """"}}, ""statistics"": {""viewCount"": ""1949"", ""likeCount"": ""2"", ""favoriteCount"": ""0"", ""commentCount"": ""0""}}",,,,
샤브올데이,single_term_fallback,샤브올데이,LnWKKzP5j9A,샤브올데이 서울오금점. 20260228,2026-02-28T12:04:38Z,2140.0,0.0,0.0,https://www.youtube.com/watch?v=LnWKKzP5j9A,youtube,샤브올데이,canonical,1.0,2026-05-26T11:17:04.805326+00:00,2140,0,0,0,빌딩연구원,,"{""kind"": ""youtube#video"", ""etag"": ""lgb0fqOkVkx1hIjO4ZctMIWDBD4"", ""id"": ""LnWKKzP5j9A"", ""snippet"": {""publishedAt"": ""2026-02-28T12:04:38Z"", ""channelId"": ""UCQwiZJNoPPC1q9t4y2TBttA"", ""title"": ""샤브올데이 서울오금점. 20260228"", ""description"": """", ""thumbnails"": {""default"": {""url"": ""https://i.ytimg.com/vi/LnWKKzP5j9A/default.jpg"", ""width"": 120, ""height"": 90}, ""medium"": {""url"": ""https://i.ytimg.com/vi/LnWKKzP5j9A/mqdefault.jpg"", ""width"": 320, ""height"": 180}, ""high"": {""url"": ""https://i.ytimg.com/vi/LnWKKzP5j9A/hqdefault.jpg"", ""width"": 480, ""height"": 360}, ""standard"": {""url"": ""https://i.ytimg.com/vi/LnWKKzP5j9A/sddefault.jpg"", ""width"": 640, ""height"": 480}, ""maxres"": {""url"": ""https://i.ytimg.com/vi/LnWKKzP5j9A/maxresdefault.jpg"", ""width"": 1280, ""height"": 720}}, ""channelTitle"": ""빌딩연구원"", ""categoryId"": ""25"", ""liveBroadcastContent"": ""none"", ""defaultLanguage"": ""ko"", ""localized"": {""title"": ""샤브올데이 서울오금점. 20260228"", ""description"": """"}, ""defaultAudioLanguage"": ""ko""}, ""statistics"": {""viewCount"": ""2140"", ""favoriteCount"": ""0""}}",,,,
샤브올데이,single_term_fallback,샤브올데이,aYLb16g0YOU,샤브올데이에 도삭면까지 나왔다는데요..?,2026-03-31T01:20:31Z,1710.0,3.0,0.0,https://www.youtube.com/watch?v=aYLb16g0YOU,youtube,샤브올데이,canonical,1.0,2026-05-26T11:17:04.805326+00:00,1710,3,0,3,광진집,"샤브올데이에 도삭면까지 나왔다는데요..?

요즘 마라 좋아하는 분들 사이에서
이렇게 먹는 조합이 핫하다고 하더라구요.

마라 육수에 도삭면 푹 익혀서
땅콩소스에 마라장, 고추기름까지 더해주면
은근 꾸덕하면서도 매콤한 맛이 잘 살아나는 편이구요.

이렇게 만들어 먹는 걸
마라땅콩도삭면이라고 하는데
한 번 손대면 계속 먹게 되는 스타일입니다.

여기에 소고기 무제한부터
양식, 중식, 분식까지 다양하게 즐길 수 있어서
골라 먹는 재미도 확실히 있고요.

중간에 미나리 넣고 비빔밥처럼 한 번 정리해주고
마무리로 애플망고빙수까지 먹어주면
한 끼 제대로 채우고 나오는 느낌입니다.

전체적으로 구성이나 만족도 보면
샤브 뷔페 원조 느낌 괜히 있는 게 아니더라구요.

지점별로 메뉴 구성은 상이할 수 있습니다.

📌 샤브올데이 의정부민락점
📌 경기 의정부시 천보로 56 3층

#샤브올데이 #샤브샤브 #의정부민락점 #마라땅콩도삭면 #도삭면","{""kind"": ""youtube#video"", ""etag"": ""jN9q8b3BrGDeFy7ipAp6i-HoLdo"", ""id"": ""aYLb16g0YOU"", ""snippet"": {""publishedAt"": ""2026-03-31T01:20:31Z"", ""channelId"": ""UCcbg87SRY_ofmIipSvi0PtQ"", ""title"": ""샤브올데이에 도삭면까지 나왔다는데요..?"", ""description"": ""샤브올데이에 도삭면까지 나왔다는데요..?\n\n요즘 마라 좋아하는 분들 사이에서\n이렇게 먹는 조합이 핫하다고 하더라구요.\n\n마라 육수에 도삭면 푹 익혀서\n땅콩소스에 마라장, 고추기름까지 더해주면\n은근 꾸덕하면서도 매콤한 맛이 잘 살아나는 편이구요.\n\n이렇게 만들어 먹는 걸\n마라땅콩도삭면이라고 하는데\n한 번 손대면 계속 먹게 되는 스타일입니다.\n\n여기에 소고기 무제한부터\n양식, 중식, 분식까지 다양하게 즐길 수 있어서\n골라 먹는 재미도 확실히 있고요.\n\n중간에 미나리 넣고 비빔밥처럼 한 번 정리해주고\n마무리로 애플망고빙수까지 먹어주면\n한 끼 제대로 채우고 나오는 느낌입니다.\n\n전체적으로 구성이나 만족도 보면\n샤브 뷔페 원조 느낌 괜히 있는 게 아니더라구요.\n\n지점별로 메뉴 구성은 상이할 수 있습니다.\n\n📌 샤브올데이 의정부민락점\n📌 경기 의정부시 천보로 56 3층\n\n#샤브올데이 #샤브샤브 #의정부민락점 #마라땅콩도삭면 #도삭면"", ""thumbnails"": {""default"": {""url"": ""https://i.ytimg.com/vi/aYLb16g0YOU/default.jpg"", ""width"": 120, ""height"": 90}, ""medium"": {""url"": ""https://i.ytimg.com/vi/aYLb16g0YOU/mqdefault.jpg"", ""width"": 320, ""height"": 180}, ""high"": {""url"": ""https://i.ytimg.com/vi/aYLb16g0YOU/hqdefault.jpg"", ""width"": 480, ""height"": 360}, ""standard"": {""url"": ""https://i.ytimg.com/vi/aYLb16g0YOU/sddefault.jpg"", ""width"": 640, ""height"": 480}, ""maxres"": {""url"": ""https://i.ytimg.com/vi/aYLb16g0YOU/maxresdefault.jpg"", ""width"": 1280, ""height"": 720}}, ""channelTitle"": ""광진집"", ""categoryId"": ""22"", ""liveBroadcastContent"": ""none"", ""defaultLanguage"": ""ko"", ""localized"": {""title"": ""샤브올데이에 도삭면까지 나왔다는데요..?"", ""description"": ""샤브올데이에 도삭면까지 나왔다는데요..?\n\n요즘 마라 좋아하는 분들 사이에서\n이렇게 먹는 조합이 핫하다고 하더라구요.\n\n마라 육수에 도삭면 푹 익혀서\n땅콩소스에 마라장, 고추기름까지 더해주면\n은근 꾸덕하면서도 매콤한 맛이 잘 살아나는 편이구요.\n\n이렇게 만들어 먹는 걸\n마라땅콩도삭면이라고 하는데\n한 번 손대면 계속 먹게 되는 스타일입니다.\n\n여기에 소고기 무제한부터\n양식, 중식, 분식까지 다양하게 즐길 수 있어서\n골라 먹는 재미도 확실히 있고요.\n\n중간에 미나리 넣고 비빔밥처럼 한 번 정리해주고\n마무리로 애플망고빙수까지 먹어주면\n한 끼 제대로 채우고 나오는 느낌입니다.\n\n전체적으로 구성이나 만족도 보면\n샤브 뷔페 원조 느낌 괜히 있는 게 아니더라구요.\n\n지점별로 메뉴 구성은 상이할 수 있습니다.\n\n📌 샤브올데이 의정부민락점\n📌 경기 의정부시 천보로 56 3층\n\n#샤브올데이 #샤브샤브 #의정부민락점 #마라땅콩도삭면 #도삭면""}, ""defaultAudioLanguage"": ""ko""}, ""statistics"": {""viewCount"": ""1710"", ""likeCount"": ""3"", ""favoriteCount"": ""0"", ""commentCount"": ""0""}}",,,,
샤브올데이,single_term_fallback,샤브올데이,Nh13EuXFRPI,#샤브샤브 #샤브맛집 #샤브올데이 #서울맛집 #수원맛집 #천안맛집 #대전맛집 #대구맛집 #갈마동맛집 #무한리필 #뷔페맛집 #맛집추천 #맛집 #데이트코스 #외식 #kfood,2026-05-14T10:49:46Z,1742.0,5.0,4.0,https://www.youtube.com/watch?v=Nh13EuXFRPI,youtube,샤브올데이,canonical,1.0,2026-05-26T11:17:04.805326+00:00,1742,5,4,9,동네맛집(숙소l맛집l카페),,"{""kind"": ""youtube#video"", ""etag"": ""aNNXfnNHWVyLVPMsRTKyJhKXIx0"", ""id"": ""Nh13EuXFRPI"", ""snippet"": {""publishedAt"": ""2026-05-14T10:49:46Z"", ""channelId"": ""UCuNcAxPkSBPXsg0HcCZmEuw"", ""title"": ""#샤브샤브 #샤브맛집 #샤브올데이 #서울맛집 #수원맛집 #천안맛집 #대전맛집 #대구맛집 #갈마동맛집 #무한리필 #뷔페맛집 #맛집추천 #맛집 #데이트코스 #외식 #kfood"", ""description"": """", ""thumbnails"": {""default"": {""url"": ""https://i.ytimg.com/vi/Nh13EuXFRPI/default.jpg"", ""width"": 120, ""height"": 90}, ""medium"": {""url"": ""https://i.ytimg.com/vi/Nh13EuXFRPI/mqdefault.jpg"", ""width"": 320, ""height"": 180}, ""high"": {""url"": ""https://i.ytimg.com/vi/Nh13EuXFRPI/hqdefault.jpg"", ""width"": 480, ""height"": 360}, ""standard"": {""url"": ""https://i.ytimg.com/vi/Nh13EuXFRPI/sddefault.jpg"", ""width"": 640, ""height"": 480}, ""maxres"": {""url"": ""https://i.ytimg.com/vi/Nh13EuXFRPI/maxresdefault.jpg"", ""width"": 1280, ""height"": 720}}, ""channelTitle"": ""동네맛집(숙소l맛집l카페)"", ""categoryId"": ""22"", ""liveBroadcastContent"": ""none"", ""defaultLanguage"": ""ko"", ""localized"": {""title"": ""#샤브샤브 #샤브맛집 #샤브올데이 #서울맛집 #수원맛집 #천안맛집 #대전맛집 #대구맛집 #갈마동맛집 #무한리필 #뷔페맛집 #맛집추천 #맛집 #데이트코스 #외식 #kfood"", ""description"": """"}}, ""statistics"": {""viewCount"": ""1742"", ""likeCount"": ""5"", ""favoriteCount"": ""0"", ""commentCount"": ""4""}}",,,,
샤브올데이,single_term_fallback,샤브올데이,f9YNHVWqvVA,샤브올데이가 두번째 협상에서 2800억을 날린 이유 #김정현가맹거래사,2026-04-29T09:01:05Z,1284.0,6.0,0.0,https://www.youtube.com/watch?v=f9YNHVWqvVA,youtube,샤브올데이,canonical,1.0,2026-05-26T11:17:04.805326+00:00,1284,6,0,6,프랜버핏_프랜차이즈 알려 Dream,"명륜당은 두 번째 협상을 놓칠 수 밖에 없는 큰 이유가 있었습니다.

#가맹거래사 #프랜차이즈설립 #정보공개서 #프랜차이즈컨설팅 #프랜차이즈본사설립 #프랜차이즈구축#프랜차이즈사업 #프랜차이즈 #드림프랜차이즈컨설팅그룹 #정보공개서드록 #공정위정보공개서 #프랜차이즈본사매출 #가맹계약서 #샤브올데이M&A #메가커피M&A #컴포즈커피M&A #요아정M&A #프랜차이즈M&A #M&A #프랜차이즈매각 #명륜당 #명륜진사갈비 #졸리비 #jollibee","{""kind"": ""youtube#video"", ""etag"": ""i75prP5DR78quV6hCeMsJfl8lZE"", ""id"": ""f9YNHVWqvVA"", ""snippet"": {""publishedAt"": ""2026-04-29T09:01:05Z"", ""channelId"": ""UCuEIB-b8vck_FRWBKh3SySg"", ""title"": ""샤브올데이가 두번째 협상에서 2800억을 날린 이유 #김정현가맹거래사"", ""description"": ""명륜당은 두 번째 협상을 놓칠 수 밖에 없는 큰 이유가 있었습니다.\n\n#가맹거래사 #프랜차이즈설립 #정보공개서 #프랜차이즈컨설팅 #프랜차이즈본사설립 #프랜차이즈구축#프랜차이즈사업 #프랜차이즈 #드림프랜차이즈컨설팅그룹 #정보공개서드록 #공정위정보공개서 #프랜차이즈본사매출 #가맹계약서 #샤브올데이M&A #메가커피M&A #컴포즈커피M&A #요아정M&A #프랜차이즈M&A #M&A #프랜차이즈매각 #명륜당 #명륜진사갈비 #졸리비 #jollibee"", ""thumbnails"": {""default"": {""url"": ""https://i.ytimg.com/vi/f9YNHVWqvVA/default.jpg"", ""width"": 120, ""height"": 90}, ""medium"": {""url"": ""https://i.ytimg.com/vi/f9YNHVWqvVA/mqdefault.jpg"", ""width"": 320, ""height"": 180}, ""high"": {""url"": ""https://i.ytimg.com/vi/f9YNHVWqvVA/hqdefault.jpg"", ""width"": 480, ""height"": 360}, ""standard"": {""url"": ""https://i.ytimg.com/vi/f9YNHVWqvVA/sddefault.jpg"", ""width"": 640, ""height"": 480}, ""maxres"": {""url"": ""https://i.ytimg.com/vi/f9YNHVWqvVA/maxresdefault.jpg"", ""width"": 1280, ""height"": 720}}, ""channelTitle"": ""프랜버핏_프랜차이즈 알려 Dream"", ""categoryId"": ""22"", ""liveBroadcastContent"": ""none"", ""defaultLanguage"": ""ko"", ""localized"": {""title"": ""샤브올데이가 두번째 협상에서 2800억을 날린 이유 #김정현가맹거래사"", ""description"": ""명륜당은 두 번째 협상을 놓칠 수 밖에 없는 큰 이유가 있었습니다.\n\n#가맹거래사 #프랜차이즈설립 #정보공개서 #프랜차이즈컨설팅 #프랜차이즈본사설립 #프랜차이즈구축#프랜차이즈사업 #프랜차이즈 #드림프랜차이즈컨설팅그룹 #정보공개서드록 #공정위정보공개서 #프랜차이즈본사매출 #가맹계약서 #샤브올데이M&A #메가커피M&A #컴포즈커피M&A #요아정M&A #프랜차이즈M&A #M&A #프랜차이즈매각 #명륜당 #명륜진사갈비 #졸리비 #jollibee""}}, ""statistics"": {""viewCount"": ""1284"", ""likeCount"": ""6"", ""favoriteCount"": ""0"", ""commentCount"": ""0""}}",,,,
샤브올데이,single_term_fallback,샤브올데이,0xrpKmiWDPs,귀여운 양효주 치어리더 샤브올데이 댄스 #shorts #귀여운 #치어리더 #양효주,2026-03-24T05:33:33Z,2516.0,27.0,1.0,https://www.youtube.com/watch?v=0xrpKmiWDPs,youtube,샤브올데이,canonical,1.0,2026-05-26T11:17:04.805326+00:00,2516,27,1,28,파선tv,"#샤브올데이 #댄스 
#파선tv #구독","{""kind"": ""youtube#video"", ""etag"": ""aL7dXDMuReiunv21qlvTXeCTchw"", ""id"": ""0xrpKmiWDPs"", ""snippet"": {""publishedAt"": ""2026-03-24T05:33:33Z"", ""channelId"": ""UChJzm5V8nm4x2FLAZ-tH_Tw"", ""title"": ""귀여운 양효주 치어리더 샤브올데이 댄스 #shorts #귀여운 #치어리더 #양효주"", ""description"": ""#샤브올데이 #댄스 \n#파선tv #구독"", ""thumbnails"": {""default"": {""url"": ""https://i.ytimg.com/vi/0xrpKmiWDPs/default.jpg"", ""width"": 120, ""height"": 90}, ""medium"": {""url"": ""https://i.ytimg.com/vi/0xrpKmiWDPs/mqdefault.jpg"", ""width"": 320, ""height"": 180}, ""high"": {""url"": ""https://i.ytimg.com/vi/0xrpKmiWDPs/hqdefault.jpg"", ""width"": 480, ""height"": 360}, ""standard"": {""url"": ""https://i.ytimg.com/vi/0xrpKmiWDPs/sddefault.jpg"", ""width"": 640, ""height"": 480}, ""maxres"": {""url"": ""https://i.ytimg.com/vi/0xrpKmiWDPs/maxresdefault.jpg"", ""width"": 1280, ""height"": 720}}, ""channelTitle"": ""파선tv"", ""categoryId"": ""22"", ""liveBroadcastContent"": ""none"", ""defaultLanguage"": ""ko"", ""localized"": {""title"": ""귀여운 양효주 치어리더 샤브올데이 댄스 #shorts #귀여운 #치어리더 #양효주"", ""description"": ""#샤브올데이 #댄스 \n#파선tv #구독""}, ""defaultAudioLanguage"": ""ko""}, ""statistics"": {""viewCount"": ""2516"", ""likeCount"": ""27"", ""favoriteCount"": ""0"", ""commentCount"": ""1""}}",,,,
샤브올데이,single_term_fallback,샤브올데이,gLwqHPYW6mA,??? : 사실 내가 샤브올데이 진짜 주인임 | DEEP DIVE,2026-03-31T08:00:28Z,471.0,3.0,1.0,https://www.youtube.com/watch?v=gLwqHPYW6mA,youtube,샤브올데이,canonical,1.0,2026-05-26T11:17:04.805326+00:00,471,3,1,4,딜네버슬립,"💼 광고 및 비즈니스 문의 : snowballlabs.official@gmail.com 
☕️ 다양한 ETF 자료는 여기 : https://cafe.naver.com/whatismoney","{""kind"": ""youtube#video"", ""etag"": ""khF1ZWXIQITkXflGB6EmrsMYboQ"", ""id"": ""gLwqHPYW6mA"", ""snippet"": {""publishedAt"": ""2026-03-31T08:00:28Z"", ""channelId"": ""UCmlkP4rMcah5dAc-m3NEHVw"", ""title"": ""??? : 사실 내가 샤브올데이 진짜 주인임 | DEEP DIVE"", ""description"": ""💼 광고 및 비즈니스 문의 : snowballlabs.official@gmail.com \n☕️ 다양한 ETF 자료는 여기 : https://cafe.naver.com/whatismoney"", ""thumbnails"": {""default"": {""url"": ""https://i.ytimg.com/vi/gLwqHPYW6mA/default.jpg"", ""width"": 120, ""height"": 90}, ""medium"": {""url"": ""https://i.ytimg.com/vi/gLwqHPYW6mA/mqdefault.jpg"", ""width"": 320, ""height"": 180}, ""high"": {""url"": ""https://i.ytimg.com/vi/gLwqHPYW6mA/hqdefault.jpg"", ""width"": 480, ""height"": 360}, ""standard"": {""url"": ""https://i.ytimg.com/vi/gLwqHPYW6mA/sddefault.jpg"", ""width"": 640, ""height"": 480}, ""maxres"": {""url"": ""https://i.ytimg.com/vi/gLwqHPYW6mA/maxresdefault.jpg"", ""width"": 1280, ""height"": 720}}, ""channelTitle"": ""딜네버슬립"", ""tags"": [""기업"", ""딜네버슬립"", ""딜네슬"", ""DEAL"", ""deal"", ""딜사이트"", ""사모펀드"", ""제약바이오"", ""중화학"", ""방산""], ""categoryId"": ""25"", ""liveBroadcastContent"": ""none"", ""defaultLanguage"": ""ko"", ""localized"": {""title"": ""??? : 사실 내가 샤브올데이 진짜 주인임 | DEEP DIVE"", ""description"": ""💼 광고 및 비즈니스 문의 : snowballlabs.official@gmail.com \n☕️ 다양한 ETF 자료는 여기 : https://cafe.naver.com/whatismoney""}, ""defaultAudioLanguage"": ""ko""}, ""statistics"": {""viewCount"": ""471"", ""likeCount"": ""3"", ""favoriteCount"": ""0"", ""commentCount"": ""1""}}",,,,
샤브올데이,single_term_fallback,샤브올데이,mSxP1X7D1pA,샤브올데이의 엄청난 성장속도 #김정현가맹거래사,2026-04-26T05:00:43Z,1167.0,14.0,0.0,https://www.youtube.com/watch?v=mSxP1X7D1pA,youtube,샤브올데이,canonical,1.0,2026-05-26T11:17:04.805326+00:00,1167,14,0,14,프랜버핏_프랜차이즈 알려 Dream,"명륜진사갈비로 쌓은 노하우가 있는 명륜당은 샤브올데이도 금방 성공시켰습니다.
#가맹거래사 #프랜차이즈설립 #정보공개서 #프랜차이즈컨설팅 #프랜차이즈본사설립 #프랜차이즈구축#프랜차이즈사업 #프랜차이즈 #드림프랜차이즈컨설팅그룹 #정보공개서드록 #공정위정보공개서 #프랜차이즈본사매출 #가맹계약서 #샤브올데이M&A #메가커피M&A #컴포즈커피M&A #요아정M&A #프랜차이즈M&A #M&A #프랜차이즈매각 #명륜당 #명륜진사갈비 #졸리비 #jollibee","{""kind"": ""youtube#video"", ""etag"": ""tGST5mQtsMmT5ueYBGavDcsruGw"", ""id"": ""mSxP1X7D1pA"", ""snippet"": {""publishedAt"": ""2026-04-26T05:00:43Z"", ""channelId"": ""UCuEIB-b8vck_FRWBKh3SySg"", ""title"": ""샤브올데이의 엄청난 성장속도 #김정현가맹거래사"", ""description"": ""명륜진사갈비로 쌓은 노하우가 있는 명륜당은 샤브올데이도 금방 성공시켰습니다.\n#가맹거래사 #프랜차이즈설립 #정보공개서 #프랜차이즈컨설팅 #프랜차이즈본사설립 #프랜차이즈구축#프랜차이즈사업 #프랜차이즈 #드림프랜차이즈컨설팅그룹 #정보공개서드록 #공정위정보공개서 #프랜차이즈본사매출 #가맹계약서 #샤브올데이M&A #메가커피M&A #컴포즈커피M&A #요아정M&A #프랜차이즈M&A #M&A #프랜차이즈매각 #명륜당 #명륜진사갈비 #졸리비 #jollibee"", ""thumbnails"": {""default"": {""url"": ""https://i.ytimg.com/vi/mSxP1X7D1pA/default.jpg"", ""width"": 120, ""height"": 90}, ""medium"": {""url"": ""https://i.ytimg.com/vi/mSxP1X7D1pA/mqdefault.jpg"", ""width"": 320, ""height"": 180}, ""high"": {""url"": ""https://i.ytimg.com/vi/mSxP1X7D1pA/hqdefault.jpg"", ""width"": 480, ""height"": 360}, ""standard"": {""url"": ""https://i.ytimg.com/vi/mSxP1X7D1pA/sddefault.jpg"", ""width"": 640, ""height"": 480}, ""maxres"": {""url"": ""https://i.ytimg.com/vi/mSxP1X7D1pA/maxresdefault.jpg"", ""width"": 1280, ""height"": 720}}, ""channelTitle"": ""프랜버핏_프랜차이즈 알려 Dream"", ""categoryId"": ""22"", ""liveBroadcastContent"": ""none"", ""defaultLanguage"": ""ko"", ""localized"": {""title"": ""샤브올데이의 엄청난 성장속도 #김정현가맹거래사"", ""description"": ""명륜진사갈비로 쌓은 노하우가 있는 명륜당은 샤브올데이도 금방 성공시켰습니다.\n#가맹거래사 #프랜차이즈설립 #정보공개서 #프랜차이즈컨설팅 #프랜차이즈본사설립 #프랜차이즈구축#프랜차이즈사업 #프랜차이즈 #드림프랜차이즈컨설팅그룹 #정보공개서드록 #공정위정보공개서 #프랜차이즈본사매출 #가맹계약서 #샤브올데이M&A #메가커피M&A #컴포즈커피M&A #요아정M&A #프랜차이즈M&A #M&A #프랜차이즈매각 #명륜당 #명륜진사갈비 #졸리비 #jollibee""}}, ""statistics"": {""viewCount"": ""1167"", ""likeCount"": ""14"", ""favoriteCount"": ""0"", ""commentCount"": ""0""}}",,,,
샤브올데이,single_term_fallback,샤브올데이,QlqTK_bXcLE,"벚꽃이 만발하네요 #임영웅, #샤브올데이, #먹방",2026-04-01T14:37:26Z,1333.0,92.0,15.0,https://www.youtube.com/watch?v=QlqTK_bXcLE,youtube,샤브올데이,canonical,1.0,2026-05-26T11:17:04.805326+00:00,1333,92,15,107,양띠모녀 ,,"{""kind"": ""youtube#video"", ""etag"": ""eqvggeXqKy8IeP1dy2exTNNcnp4"", ""id"": ""QlqTK_bXcLE"", ""snippet"": {""publishedAt"": ""2026-04-01T14:37:26Z"", ""channelId"": ""UCJz6kH1UjNZ4xsarjwXcIMw"", ""title"": ""벚꽃이 만발하네요 #임영웅, #샤브올데이, #먹방"", ""description"": """", ""thumbnails"": {""default"": {""url"": ""https://i.ytimg.com/vi/QlqTK_bXcLE/default.jpg"", ""width"": 120, ""height"": 90}, ""medium"": {""url"": ""https://i.ytimg.com/vi/QlqTK_bXcLE/mqdefault.jpg"", ""width"": 320, ""height"": 180}, ""high"": {""url"": ""https://i.ytimg.com/vi/QlqTK_bXcLE/hqdefault.jpg"", ""width"": 480, ""height"": 360}, ""standard"": {""url"": ""https://i.ytimg.com/vi/QlqTK_bXcLE/sddefault.jpg"", ""width"": 640, ""height"": 480}, ""maxres"": {""url"": ""https://i.ytimg.com/vi/QlqTK_bXcLE/maxresdefault.jpg"", ""width"": 1280, ""height"": 720}}, ""channelTitle"": ""양띠모녀 "", ""categoryId"": ""22"", ""liveBroadcastContent"": ""none"", ""defaultLanguage"": ""ko"", ""localized"": {""title"": ""벚꽃이 만발하네요 #임영웅, #샤브올데이, #먹방"", ""description"": """"}}, ""statistics"": {""viewCount"": ""1333"", ""likeCount"": ""92"", ""favoriteCount"": ""0"", ""commentCount"": ""15""}}",,,,
샤브올데이,single_term_fallback,샤브올데이,OVwGbiZiYGA,늦은감이 있지만 너무 궁금했던 샤브올데이 보문점을 다녀왔습니다,2026-03-18T03:38:34Z,471.0,0.0,0.0,https://www.youtube.com/watch?v=OVwGbiZiYGA,youtube,샤브올데이,canonical,1.0,2026-05-26T11:17:04.805326+00:00,471,0,0,0,새깡구리,"샤브샤브체인점들이 여럿이 있지만 그중 제일 약진하는 곳이 샤브올데이같아요. 요즘 음식값이 너무 올라서 세미뷔페식인 샤브샤브집들이 인기가 있는 것 같습니다. 생각보다 샤브샤브이외의 음식들이 너무 다양하고 훌룡했습니다. 가격대비로 보면 모든면이 만족스럽다고 할 수 있었구요, 특히 셀프맥주는 너무 신기하고 재미있었습니다. 만남의 의미니 기분에 따라 편하게 오시기에는 아주 훌룡한 곳이 아닐까 하는 생각이 들었습니다. 

==============================================================

안녕하세요^^;;

제가 찾아가는 식당들은 맛집이라고 추천드리기 위해서 가고 또 소개해 드리는 것이 아닙니다. 그저 저의 일상생활속 한끼니 한끼니를 해결하면서 우연히 어떤식당에 들리기도 하고 또 어떤때는 목적지를 정하고 찾아 가기도 합니다. 그러다보니 어떤 식당은 좋은 느낌으로 나올 때도 있고요 또 어떤 식당들은 실망과 분노(?)를 느끼며 나오기도 합니다. 기왕이면 조금 소문난 식당? 맛있다고 하는 맛집? 그런집을 찾아가는 편이기는 하지만 그런집이 꼭 최선은 아니더라구요. 

그리고 제일 중요한 거...맛이라는 건 워낙 개인차가 심하고 호불호가 있는 것이다보니 남의 맛집이 꼭 나의 맛집이 될 수는 없는 것 같아요.
기왕이면 사장님들을 위해서 좋은 느낌의 소감을 남기고 싶은데 뭔가 조금 꼬집어 드리고 이건 아니지 않나요 하고 손을 들어 질문을 하고 싶은 느낌으로 안좋은 평가를 남기기도 합니다. 
사장님들도 저렇게 생각하는 손님도 있구나 하고 너그럽게 봐주시고 우연히 보시는 분들은 저의 소개영상을 보시고 느낌이 있으면 방문해 보시는 것도 좋을 것 같네요.

늘 행복하시기를~","{""kind"": ""youtube#video"", ""etag"": ""wXsZmBZJVq6jaR-TihecPaW0KHU"", ""id"": ""OVwGbiZiYGA"", ""snippet"": {""publishedAt"": ""2026-03-18T03:38:34Z"", ""channelId"": ""UC2T36_iOXMEmq9cwS77GiOA"", ""title"": ""늦은감이 있지만 너무 궁금했던 샤브올데이 보문점을 다녀왔습니다"", ""description"": ""샤브샤브체인점들이 여럿이 있지만 그중 제일 약진하는 곳이 샤브올데이같아요. 요즘 음식값이 너무 올라서 세미뷔페식인 샤브샤브집들이 인기가 있는 것 같습니다. 생각보다 샤브샤브이외의 음식들이 너무 다양하고 훌룡했습니다. 가격대비로 보면 모든면이 만족스럽다고 할 수 있었구요, 특히 셀프맥주는 너무 신기하고 재미있었습니다. 만남의 의미니 기분에 따라 편하게 오시기에는 아주 훌룡한 곳이 아닐까 하는 생각이 들었습니다. \n\n==============================================================\n\n안녕하세요^^;;\n\n제가 찾아가는 식당들은 맛집이라고 추천드리기 위해서 가고 또 소개해 드리는 것이 아닙니다. 그저 저의 일상생활속 한끼니 한끼니를 해결하면서 우연히 어떤식당에 들리기도 하고 또 어떤때는 목적지를 정하고 찾아 가기도 합니다. 그러다보니 어떤 식당은 좋은 느낌으로 나올 때도 있고요 또 어떤 식당들은 실망과 분노(?)를 느끼며 나오기도 합니다. 기왕이면 조금 소문난 식당? 맛있다고 하는 맛집? 그런집을 찾아가는 편이기는 하지만 그런집이 꼭 최선은 아니더라구요. \n\n그리고 제일 중요한 거...맛이라는 건 워낙 개인차가 심하고 호불호가 있는 것이다보니 남의 맛집이 꼭 나의 맛집이 될 수는 없는 것 같아요.\n기왕이면 사장님들을 위해서 좋은 느낌의 소감을 남기고 싶은데 뭔가 조금 꼬집어 드리고 이건 아니지 않나요 하고 손을 들어 질문을 하고 싶은 느낌으로 안좋은 평가를 남기기도 합니다. \n사장님들도 저렇게 생각하는 손님도 있구나 하고 너그럽게 봐주시고 우연히 보시는 분들은 저의 소개영상을 보시고 느낌이 있으면 방문해 보시는 것도 좋을 것 같네요.\n\n늘 행복하시기를~"", ""thumbnails"": {""default"": {""url"": ""https://i.ytimg.com/vi/OVwGbiZiYGA/default.jpg"", ""width"": 120, ""height"": 90}, ""medium"": {""url"": ""https://i.ytimg.com/vi/OVwGbiZiYGA/mqdefault.jpg"", ""width"": 320, ""height"": 180}, ""high"": {""url"": ""https://i.ytimg.com/vi/OVwGbiZiYGA/hqdefault.jpg"", ""width"": 480, ""height"": 360}, ""standard"": {""url"": ""https://i.ytimg.com/vi/OVwGbiZiYGA/sddefault.jpg"", ""width"": 640, ""height"": 480}, ""maxres"": {""url"": ""https://i.ytimg.com/vi/OVwGbiZiYGA/maxresdefault.jpg"", ""width"": 1280, ""height"": 720}}, ""channelTitle"": ""새깡구리"", ""categoryId"": ""19"", ""liveBroadcastContent"": ""none"", ""defaultLanguage"": ""ko"", ""localized"": {""title"": ""늦은감이 있지만 너무 궁금했던 샤브올데이 보문점을 다녀왔습니다"", ""description"": ""샤브샤브체인점들이 여럿이 있지만 그중 제일 약진하는 곳이 샤브올데이같아요. 요즘 음식값이 너무 올라서 세미뷔페식인 샤브샤브집들이 인기가 있는 것 같습니다. 생각보다 샤브샤브이외의 음식들이 너무 다양하고 훌룡했습니다. 가격대비로 보면 모든면이 만족스럽다고 할 수 있었구요, 특히 셀프맥주는 너무 신기하고 재미있었습니다. 만남의 의미니 기분에 따라 편하게 오시기에는 아주 훌룡한 곳이 아닐까 하는 생각이 들었습니다. \n\n==============================================================\n\n안녕하세요^^;;\n\n제가 찾아가는 식당들은 맛집이라고 추천드리기 위해서 가고 또 소개해 드리는 것이 아닙니다. 그저 저의 일상생활속 한끼니 한끼니를 해결하면서 우연히 어떤식당에 들리기도 하고 또 어떤때는 목적지를 정하고 찾아 가기도 합니다. 그러다보니 어떤 식당은 좋은 느낌으로 나올 때도 있고요 또 어떤 식당들은 실망과 분노(?)를 느끼며 나오기도 합니다. 기왕이면 조금 소문난 식당? 맛있다고 하는 맛집? 그런집을 찾아가는 편이기는 하지만 그런집이 꼭 최선은 아니더라구요. \n\n그리고 제일 중요한 거...맛이라는 건 워낙 개인차가 심하고 호불호가 있는 것이다보니 남의 맛집이 꼭 나의 맛집이 될 수는 없는 것 같아요.\n기왕이면 사장님들을 위해서 좋은 느낌의 소감을 남기고 싶은데 뭔가 조금 꼬집어 드리고 이건 아니지 않나요 하고 손을 들어 질문을 하고 싶은 느낌으로 안좋은 평가를 남기기도 합니다. \n사장님들도 저렇게 생각하는 손님도 있구나 하고 너그럽게 봐주시고 우연히 보시는 분들은 저의 소개영상을 보시고 느낌이 있으면 방문해 보시는 것도 좋을 것 같네요.\n\n늘 행복하시기를~""}, ""defaultAudioLanguage"": ""ja""}, ""statistics"": {""viewCount"": ""471"", ""likeCount"": ""0"", ""favoriteCount"": ""0"", ""commentCount"": ""0""}}",,,,
샤브올데이,single_term_fallback,샤브올데이,SeexIlrmKto,"[VLOG] EP98 갑자기 말이 늘기 시작한 22개월 아기 I 남자육아,22개월아기,육아대디,언어발달,샤브올데이,아기파마,성심당딸기시루",2026-03-26T15:41:04Z,428.0,9.0,3.0,https://www.youtube.com/watch?v=SeexIlrmKto,youtube,샤브올데이,canonical,1.0,2026-05-26T11:17:04.805326+00:00,428,9,3,12,육아하는 욱아빠,"지난 성장기가 궁금하다면? :  https://www.youtube.com/playlist?list=PLgX_yqbHCWJ5atQwqxVq88tsozTZLFMUS

timeline-------------------
00:00 하이라이트
00:09 DAY680 농구가 하고픈 도깨비
03:55 DAY681 한의원 가자
05:14 DAY682 샤브올데이는 어떤맛일까
07:08 DAY683 남자아기 정석코스
08:05 DAY684 아파!아파!아파!
12:24 DAY685 아침운동은 피곤해
15:38 DAY686 F아가의 공감

#남자육아 #아들육아 #육아브이로그","{""kind"": ""youtube#video"", ""etag"": ""_adEgLss32XiU_gPKIC-B-fi7p0"", ""id"": ""SeexIlrmKto"", ""snippet"": {""publishedAt"": ""2026-03-26T15:41:04Z"", ""channelId"": ""UCA_BiJk69RON457x2I1z4sQ"", ""title"": ""[VLOG] EP98 갑자기 말이 늘기 시작한 22개월 아기 I 남자육아,22개월아기,육아대디,언어발달,샤브올데이,아기파마,성심당딸기시루"", ""description"": ""지난 성장기가 궁금하다면? :  https://www.youtube.com/playlist?list=PLgX_yqbHCWJ5atQwqxVq88tsozTZLFMUS\n\ntimeline-------------------\n00:00 하이라이트\n00:09 DAY680 농구가 하고픈 도깨비\n03:55 DAY681 한의원 가자\n05:14 DAY682 샤브올데이는 어떤맛일까\n07:08 DAY683 남자아기 정석코스\n08:05 DAY684 아파!아파!아파!\n12:24 DAY685 아침운동은 피곤해\n15:38 DAY686 F아가의 공감\n\n#남자육아 #아들육아 #육아브이로그"", ""thumbnails"": {""default"": {""url"": ""https://i.ytimg.com/vi/SeexIlrmKto/default.jpg"", ""width"": 120, ""height"": 90}, ""medium"": {""url"": ""https://i.ytimg.com/vi/SeexIlrmKto/mqdefault.jpg"", ""width"": 320, ""height"": 180}, ""high"": {""url"": ""https://i.ytimg.com/vi/SeexIlrmKto/hqdefault.jpg"", ""width"": 480, ""height"": 360}, ""standard"": {""url"": ""https://i.ytimg.com/vi/SeexIlrmKto/sddefault.jpg"", ""width"": 640, ""height"": 480}, ""maxres"": {""url"": ""https://i.ytimg.com/vi/SeexIlrmKto/maxresdefault.jpg"", ""width"": 1280, ""height"": 720}}, ""channelTitle"": ""육아하는 욱아빠"", ""tags"": [""육아"", ""남자육아"", ""아빠육아"", ""육아휴직"", ""남아"", ""남자아기"", ""유아"", ""Baby"", ""korean"", ""korea"", ""koreanbaby"", ""서울"", ""seoul"", ""boy"", ""koreanboy"", ""강동"", ""아빠"", ""말하기"", ""일상브이로그"", ""육아브이로그"", ""22개월"", ""친구"", ""올림픽파크포레온"", ""포레온"", ""올파포"", ""커뮤니티"", ""놀이터"", ""옹알이"", ""22개월남아"", ""걸음마"", ""걸음"", ""첫걸음"", ""애착"", ""농구"", ""언어발달"", ""샤브올데이"", ""아기파마"", ""파마"", ""섬심당"", ""딸기시루"", ""크로스핏"", ""체육관"", ""크로스핏안짐"", ""강동구"", ""성내동"", ""둔촌동""], ""categoryId"": ""22"", ""liveBroadcastContent"": ""none"", ""defaultLanguage"": ""ko"", ""localized"": {""title"": ""[VLOG] EP98 갑자기 말이 늘기 시작한 22개월 아기 I 남자육아,22개월아기,육아대디,언어발달,샤브올데이,아기파마,성심당딸기시루"", ""description"": ""지난 성장기가 궁금하다면? :  https://www.youtube.com/playlist?list=PLgX_yqbHCWJ5atQwqxVq88tsozTZLFMUS\n\ntimeline-------------------\n00:00 하이라이트\n00:09 DAY680 농구가 하고픈 도깨비\n03:55 DAY681 한의원 가자\n05:14 DAY682 샤브올데이는 어떤맛일까\n07:08 DAY683 남자아기 정석코스\n08:05 DAY684 아파!아파!아파!\n12:24 DAY685 아침운동은 피곤해\n15:38 DAY686 F아가의 공감\n\n#남자육아 #아들육아 #육아브이로그""}, ""defaultAudioLanguage"": ""ko""}, ""statistics"": {""viewCount"": ""428"", ""likeCount"": ""9"", ""favoriteCount"": ""0"", ""commentCount"": ""3""}}",,,,
샤브올데이,single_term_fallback,샤브올데이,zcsIPDBNPV4,"샤브올데이 샤브샤브 먹고 7,000원 돌려받는 꿅팁! (5월 한정) #샤브올데이",2026-05-04T11:50:31Z,1931.0,4.0,1.0,https://www.youtube.com/watch?v=zcsIPDBNPV4,youtube,샤브올데이,canonical,1.0,2026-05-26T11:17:04.805326+00:00,1931,4,1,5,아델레 광주,,"{""kind"": ""youtube#video"", ""etag"": ""pHaC2nr1JeZZ_fdamhDKzH0ANmU"", ""id"": ""zcsIPDBNPV4"", ""snippet"": {""publishedAt"": ""2026-05-04T11:50:31Z"", ""channelId"": ""UCiKhGvWxTk5tsWY2pXvJNFA"", ""title"": ""샤브올데이 샤브샤브 먹고 7,000원 돌려받는 꿅팁! (5월 한정) #샤브올데이"", ""description"": """", ""thumbnails"": {""default"": {""url"": ""https://i.ytimg.com/vi/zcsIPDBNPV4/default.jpg"", ""width"": 120, ""height"": 90}, ""medium"": {""url"": ""https://i.ytimg.com/vi/zcsIPDBNPV4/mqdefault.jpg"", ""width"": 320, ""height"": 180}, ""high"": {""url"": ""https://i.ytimg.com/vi/zcsIPDBNPV4/hqdefault.jpg"", ""width"": 480, ""height"": 360}, ""standard"": {""url"": ""https://i.ytimg.com/vi/zcsIPDBNPV4/sddefault.jpg"", ""width"": 640, ""height"": 480}, ""maxres"": {""url"": ""https://i.ytimg.com/vi/zcsIPDBNPV4/maxresdefault.jpg"", ""width"": 1280, ""height"": 720}}, ""channelTitle"": ""아델레 광주"", ""categoryId"": ""19"", ""liveBroadcastContent"": ""none"", ""defaultLanguage"": ""ko"", ""localized"": {""title"": ""샤브올데이 샤브샤브 먹고 7,000원 돌려받는 꿅팁! (5월 한정) #샤브올데이"", ""description"": """"}}, ""statistics"": {""viewCount"": ""1931"", ""likeCount"": ""4"", ""favoriteCount"": ""0"", ""commentCount"": ""1""}}",,,,
샤브올데이,single_term_fallback,샤브올데이,fgCLPK6VnVQ,샤브올데이 유세빈 치어리더 Yu se-bin Cheerleader,2026-03-08T13:09:47Z,980.0,0.0,0.0,https://www.youtube.com/watch?v=fgCLPK6VnVQ,youtube,샤브올데이,canonical,1.0,2026-05-26T11:17:04.805326+00:00,980,0,0,0,준픽스 ,"#도로공사 #유세빈 #치어리더 

[4K] 260227 김천 하이패스 도로공사 치어리더 공연 
유세빈 치어리더 Yu se-bin Cheerleader 

https://www.youtube.com/channel/UCbnKdybPGM3rZWjlPHIHr3A
https://www.youtube.com/channel/UCbnKdybPGM3rZWjlPHIHr3A","{""kind"": ""youtube#video"", ""etag"": ""ENOQZpyWxvr6r2ITS3F18TIHSaE"", ""id"": ""fgCLPK6VnVQ"", ""snippet"": {""publishedAt"": ""2026-03-08T13:09:47Z"", ""channelId"": ""UCbnKdybPGM3rZWjlPHIHr3A"", ""title"": ""샤브올데이 유세빈 치어리더 Yu se-bin Cheerleader"", ""description"": ""#도로공사 #유세빈 #치어리더 \n\n[4K] 260227 김천 하이패스 도로공사 치어리더 공연 \n유세빈 치어리더 Yu se-bin Cheerleader \n\nhttps://www.youtube.com/channel/UCbnKdybPGM3rZWjlPHIHr3A\nhttps://www.youtube.com/channel/UCbnKdybPGM3rZWjlPHIHr3A"", ""thumbnails"": {""default"": {""url"": ""https://i.ytimg.com/vi/fgCLPK6VnVQ/default.jpg"", ""width"": 120, ""height"": 90}, ""medium"": {""url"": ""https://i.ytimg.com/vi/fgCLPK6VnVQ/mqdefault.jpg"", ""width"": 320, ""height"": 180}, ""high"": {""url"": ""https://i.ytimg.com/vi/fgCLPK6VnVQ/hqdefault.jpg"", ""width"": 480, ""height"": 360}, ""standard"": {""url"": ""https://i.ytimg.com/vi/fgCLPK6VnVQ/sddefault.jpg"", ""width"": 640, ""height"": 480}, ""maxres"": {""url"": ""https://i.ytimg.com/vi/fgCLPK6VnVQ/maxresdefault.jpg"", ""width"": 1280, ""height"": 720}}, ""channelTitle"": ""준픽스 "", ""tags"": [""korean"", ""치어리더"", ""공연"", ""직캠"", ""농구"", ""배구"", ""코스프레"", ""cheerleader"", ""cheer"", ""정관장"", ""redsparks"", ""mega"", ""삼성화재블루팡스"", ""정관장레드스파크스"", ""김천하이패스"", ""여자배구"", ""남자배구"", ""야구"", ""한화"", ""KBO"", ""한화이글스"", ""eagles"", ""레드스파크스"", ""우수한"", ""하지원"", ""김나연"", ""최석화"", ""이아영"", ""박소영"", ""박선주"", ""이호은"", ""leehoeun"", ""지아영"", ""jeeayoung"", ""도로공사"", ""유세빈"", ""yusebin""], ""categoryId"": ""17"", ""liveBroadcastContent"": ""none"", ""defaultLanguage"": ""ko"", ""localized"": {""title"": ""샤브올데이 유세빈 치어리더 Yu se-bin Cheerleader"", ""description"": ""#도로공사 #유세빈 #치어리더 \n\n[4K] 260227 김천 하이패스 도로공사 치어리더 공연 \n유세빈 치어리더 Yu se-bin Cheerleader \n\nhttps://www.youtube.com/channel/UCbnKdybPGM3rZWjlPHIHr3A\nhttps://www.youtube.com/channel/UCbnKdybPGM3rZWjlPHIHr3A""}, ""defaultAudioLanguage"": ""ko""}, ""statistics"": {""viewCount"": ""980"", ""favoriteCount"": ""0"", ""commentCount"": ""0""}}",,,,
샤브올데이,single_term_fallback,샤브올데이,I3r0BA9ySPM,샤브올데이가 불러일으킨 샤브경쟁상대?,2026-03-20T07:45:01Z,1796.0,8.0,0.0,https://www.youtube.com/watch?v=I3r0BA9ySPM,youtube,샤브올데이,canonical,1.0,2026-05-26T11:17:04.805326+00:00,1796,8,0,8,어디가유나?,"샤브올데이가 불 붙인 샤브 무한리필 경쟁🔥
그 경쟁 속에서 등장한 샤브야키… 과연 어떨까?

회전초밥부터 샤브샤브까지 한 번에 즐길 수 있는 구성에
직접 먹어보니 가성비까지 꽤 괜찮았던 곳!

요즘 샤브집들 퀄리티 경쟁 제대로 붙은 느낌입니다 👀

영상 끝까지 보면 솔직 후기 나옵니다👇
재밌게 보셨다면 구독 & 좋아요 부탁드리고요 👍

여기 말고도 괜찮은 샤브 맛집 있으면
댓글로 추천해 주세요! 💬

#커플브이로그 #샤브올데이 #샤브샤브 #먹방브이로그 #샤브샤브맛집 #샤브야키 #회전초밥 #초밥맛집","{""kind"": ""youtube#video"", ""etag"": ""0Hca1CKdKfP_cAizVKPVG_tGpbM"", ""id"": ""I3r0BA9ySPM"", ""snippet"": {""publishedAt"": ""2026-03-20T07:45:01Z"", ""channelId"": ""UCcwdvv0kDqaSQ-PThGjyagA"", ""title"": ""샤브올데이가 불러일으킨 샤브경쟁상대?"", ""description"": ""샤브올데이가 불 붙인 샤브 무한리필 경쟁🔥\n그 경쟁 속에서 등장한 샤브야키… 과연 어떨까?\n\n회전초밥부터 샤브샤브까지 한 번에 즐길 수 있는 구성에\n직접 먹어보니 가성비까지 꽤 괜찮았던 곳!\n\n요즘 샤브집들 퀄리티 경쟁 제대로 붙은 느낌입니다 👀\n\n영상 끝까지 보면 솔직 후기 나옵니다👇\n재밌게 보셨다면 구독 & 좋아요 부탁드리고요 👍\n\n여기 말고도 괜찮은 샤브 맛집 있으면\n댓글로 추천해 주세요! 💬\n\n#커플브이로그 #샤브올데이 #샤브샤브 #먹방브이로그 #샤브샤브맛집 #샤브야키 #회전초밥 #초밥맛집"", ""thumbnails"": {""default"": {""url"": ""https://i.ytimg.com/vi/I3r0BA9ySPM/default.jpg"", ""width"": 120, ""height"": 90}, ""medium"": {""url"": ""https://i.ytimg.com/vi/I3r0BA9ySPM/mqdefault.jpg"", ""width"": 320, ""height"": 180}, ""high"": {""url"": ""https://i.ytimg.com/vi/I3r0BA9ySPM/hqdefault.jpg"", ""width"": 480, ""height"": 360}, ""standard"": {""url"": ""https://i.ytimg.com/vi/I3r0BA9ySPM/sddefault.jpg"", ""width"": 640, ""height"": 480}, ""maxres"": {""url"": ""https://i.ytimg.com/vi/I3r0BA9ySPM/maxresdefault.jpg"", ""width"": 1280, ""height"": 720}}, ""channelTitle"": ""어디가유나?"", ""categoryId"": ""19"", ""liveBroadcastContent"": ""none"", ""defaultLanguage"": ""ko"", ""localized"": {""title"": ""샤브올데이가 불러일으킨 샤브경쟁상대?"", ""description"": ""샤브올데이가 불 붙인 샤브 무한리필 경쟁🔥\n그 경쟁 속에서 등장한 샤브야키… 과연 어떨까?\n\n회전초밥부터 샤브샤브까지 한 번에 즐길 수 있는 구성에\n직접 먹어보니 가성비까지 꽤 괜찮았던 곳!\n\n요즘 샤브집들 퀄리티 경쟁 제대로 붙은 느낌입니다 👀\n\n영상 끝까지 보면 솔직 후기 나옵니다👇\n재밌게 보셨다면 구독 & 좋아요 부탁드리고요 👍\n\n여기 말고도 괜찮은 샤브 맛집 있으면\n댓글로 추천해 주세요! 💬\n\n#커플브이로그 #샤브올데이 #샤브샤브 #먹방브이로그 #샤브샤브맛집 #샤브야키 #회전초밥 #초밥맛집""}, ""defaultAudioLanguage"": ""zxx""}, ""statistics"": {""viewCount"": ""1796"", ""likeCount"": ""8"", ""favoriteCount"": ""0"", ""commentCount"": ""0""}}",,,,
샤브올데이,single_term_fallback,샤브올데이,pPIE2YqPVYQ,샤브올데이 챌린지😆 박예은 치어리더 #박예은 #박예은치어리더 #직캠 #fancam #cheerleader,2026-03-22T23:12:21Z,1341.0,29.0,1.0,https://www.youtube.com/watch?v=pPIE2YqPVYQ,youtube,샤브올데이,canonical,1.0,2026-05-26T11:17:04.805326+00:00,1341,29,1,30,롯댕,,"{""kind"": ""youtube#video"", ""etag"": ""N_LauZTXlb-2jBJRgDbstqGJNLw"", ""id"": ""pPIE2YqPVYQ"", ""snippet"": {""publishedAt"": ""2026-03-22T23:12:21Z"", ""channelId"": ""UCeQsSbWJEDKjhx8niHbTqDw"", ""title"": ""샤브올데이 챌린지😆 박예은 치어리더 #박예은 #박예은치어리더 #직캠 #fancam #cheerleader"", ""description"": """", ""thumbnails"": {""default"": {""url"": ""https://i.ytimg.com/vi/pPIE2YqPVYQ/default.jpg"", ""width"": 120, ""height"": 90}, ""medium"": {""url"": ""https://i.ytimg.com/vi/pPIE2YqPVYQ/mqdefault.jpg"", ""width"": 320, ""height"": 180}, ""high"": {""url"": ""https://i.ytimg.com/vi/pPIE2YqPVYQ/hqdefault.jpg"", ""width"": 480, ""height"": 360}, ""standard"": {""url"": ""https://i.ytimg.com/vi/pPIE2YqPVYQ/sddefault.jpg"", ""width"": 640, ""height"": 480}, ""maxres"": {""url"": ""https://i.ytimg.com/vi/pPIE2YqPVYQ/maxresdefault.jpg"", ""width"": 1280, ""height"": 720}}, ""channelTitle"": ""롯댕"", ""categoryId"": ""22"", ""liveBroadcastContent"": ""none"", ""defaultLanguage"": ""ko"", ""localized"": {""title"": ""샤브올데이 챌린지😆 박예은 치어리더 #박예은 #박예은치어리더 #직캠 #fancam #cheerleader"", ""description"": """"}, ""defaultAudioLanguage"": ""ko""}, ""statistics"": {""viewCount"": ""1341"", ""likeCount"": ""29"", ""favoriteCount"": ""0"", ""commentCount"": ""1""}}",,,,
샤브올데이,single_term_fallback,샤브올데이,kL9tUiURzr4,차영현치어리더 의 샤브올데이,2026-03-11T14:44:30Z,1347.0,21.0,0.0,https://www.youtube.com/watch?v=kL9tUiURzr4,youtube,샤브올데이,canonical,1.0,2026-05-26T11:17:04.805326+00:00,1347,21,0,21,직캠연구소,"#블루밍스 #삼성생명블루밍스 #밍키스 #라인업 #lg #lg트윈스
#kbl #농구 #치어리더 #프로농구 #야구 #KBO #프로야구 #프로농구  #배구 #프로배구 #KOVO #V리그  #치어리더직캠 #응원가 #직캠
#차영현 #차영현치어리더 #서울삼성썬더스","{""kind"": ""youtube#video"", ""etag"": ""x6LtqyyxU7VS1fOcQRmgEpseUGE"", ""id"": ""kL9tUiURzr4"", ""snippet"": {""publishedAt"": ""2026-03-11T14:44:30Z"", ""channelId"": ""UCnEpc1-a2QY2obDFtYSOqdg"", ""title"": ""차영현치어리더 의 샤브올데이"", ""description"": ""#블루밍스 #삼성생명블루밍스 #밍키스 #라인업 #lg #lg트윈스\n#kbl #농구 #치어리더 #프로농구 #야구 #KBO #프로야구 #프로농구  #배구 #프로배구 #KOVO #V리그  #치어리더직캠 #응원가 #직캠\n#차영현 #차영현치어리더 #서울삼성썬더스"", ""thumbnails"": {""default"": {""url"": ""https://i.ytimg.com/vi/kL9tUiURzr4/default.jpg"", ""width"": 120, ""height"": 90}, ""medium"": {""url"": ""https://i.ytimg.com/vi/kL9tUiURzr4/mqdefault.jpg"", ""width"": 320, ""height"": 180}, ""high"": {""url"": ""https://i.ytimg.com/vi/kL9tUiURzr4/hqdefault.jpg"", ""width"": 480, ""height"": 360}}, ""channelTitle"": ""직캠연구소"", ""categoryId"": ""22"", ""liveBroadcastContent"": ""none"", ""defaultLanguage"": ""ko"", ""localized"": {""title"": ""차영현치어리더 의 샤브올데이"", ""description"": ""#블루밍스 #삼성생명블루밍스 #밍키스 #라인업 #lg #lg트윈스\n#kbl #농구 #치어리더 #프로농구 #야구 #KBO #프로야구 #프로농구  #배구 #프로배구 #KOVO #V리그  #치어리더직캠 #응원가 #직캠\n#차영현 #차영현치어리더 #서울삼성썬더스""}}, ""statistics"": {""viewCount"": ""1347"", ""likeCount"": ""21"", ""favoriteCount"": ""0"", ""commentCount"": ""0""}}",,,,
샤브올데이,single_term_fallback,샤브올데이,NGlENqxEbzE,샤브올데이 1700억짜리 1차 협상 무산! #김정현가맹거래사,2026-04-28T09:00:35Z,1292.0,6.0,0.0,https://www.youtube.com/watch?v=NGlENqxEbzE,youtube,샤브올데이,canonical,1.0,2026-05-26T11:17:04.805326+00:00,1292,6,0,6,프랜버핏_프랜차이즈 알려 Dream,"샤브올데이는 여러 번의 협상 끝에 M&A가 성사되었습니다. 그 첫 번째 매각이 어떻게 무산되었을까요?
#가맹거래사 #프랜차이즈설립 #정보공개서 #프랜차이즈컨설팅 #프랜차이즈본사설립 #프랜차이즈구축#프랜차이즈사업 #프랜차이즈 #드림프랜차이즈컨설팅그룹 #정보공개서드록 #공정위정보공개서 #프랜차이즈본사매출 #가맹계약서 #샤브올데이M&A #메가커피M&A #컴포즈커피M&A #요아정M&A #프랜차이즈M&A #M&A #프랜차이즈매각 #명륜당 #명륜진사갈비 #졸리비 #jollibee","{""kind"": ""youtube#video"", ""etag"": ""JTuCSS76QHwyYy8HdJ_ZCKiubKw"", ""id"": ""NGlENqxEbzE"", ""snippet"": {""publishedAt"": ""2026-04-28T09:00:35Z"", ""channelId"": ""UCuEIB-b8vck_FRWBKh3SySg"", ""title"": ""샤브올데이 1700억짜리 1차 협상 무산! #김정현가맹거래사"", ""description"": ""샤브올데이는 여러 번의 협상 끝에 M&A가 성사되었습니다. 그 첫 번째 매각이 어떻게 무산되었을까요?\n#가맹거래사 #프랜차이즈설립 #정보공개서 #프랜차이즈컨설팅 #프랜차이즈본사설립 #프랜차이즈구축#프랜차이즈사업 #프랜차이즈 #드림프랜차이즈컨설팅그룹 #정보공개서드록 #공정위정보공개서 #프랜차이즈본사매출 #가맹계약서 #샤브올데이M&A #메가커피M&A #컴포즈커피M&A #요아정M&A #프랜차이즈M&A #M&A #프랜차이즈매각 #명륜당 #명륜진사갈비 #졸리비 #jollibee"", ""thumbnails"": {""default"": {""url"": ""https://i.ytimg.com/vi/NGlENqxEbzE/default.jpg"", ""width"": 120, ""height"": 90}, ""medium"": {""url"": ""https://i.ytimg.com/vi/NGlENqxEbzE/mqdefault.jpg"", ""width"": 320, ""height"": 180}, ""high"": {""url"": ""https://i.ytimg.com/vi/NGlENqxEbzE/hqdefault.jpg"", ""width"": 480, ""height"": 360}, ""standard"": {""url"": ""https://i.ytimg.com/vi/NGlENqxEbzE/sddefault.jpg"", ""width"": 640, ""height"": 480}, ""maxres"": {""url"": ""https://i.ytimg.com/vi/NGlENqxEbzE/maxresdefault.jpg"", ""width"": 1280, ""height"": 720}}, ""channelTitle"": ""프랜버핏_프랜차이즈 알려 Dream"", ""categoryId"": ""22"", ""liveBroadcastContent"": ""none"", ""defaultLanguage"": ""ko"", ""localized"": {""title"": ""샤브올데이 1700억짜리 1차 협상 무산! #김정현가맹거래사"", ""description"": ""샤브올데이는 여러 번의 협상 끝에 M&A가 성사되었습니다. 그 첫 번째 매각이 어떻게 무산되었을까요?\n#가맹거래사 #프랜차이즈설립 #정보공개서 #프랜차이즈컨설팅 #프랜차이즈본사설립 #프랜차이즈구축#프랜차이즈사업 #프랜차이즈 #드림프랜차이즈컨설팅그룹 #정보공개서드록 #공정위정보공개서 #프랜차이즈본사매출 #가맹계약서 #샤브올데이M&A #메가커피M&A #컴포즈커피M&A #요아정M&A #프랜차이즈M&A #M&A #프랜차이즈매각 #명륜당 #명륜진사갈비 #졸리비 #jollibee""}, ""defaultAudioLanguage"": ""ko""}, ""statistics"": {""viewCount"": ""1292"", ""likeCount"": ""6"", ""favoriteCount"": ""0"", ""commentCount"": ""0""}}",,,,
샤브올데이,single_term_fallback,샤브올데이,NQ5I7I4gBoY,중국한테 먹힌 샤브올데이?,2026-02-28T03:11:22Z,819.0,11.0,3.0,https://www.youtube.com/watch?v=NQ5I7I4gBoY,youtube,샤브올데이,canonical,1.0,2026-05-26T11:17:04.805326+00:00,819,11,3,14,정보알짜,"샤브올데이,샤브올데이인수,졸리비,졸리비그룹,외식기업인수,K푸드,K푸드위기,K푸드주권,한국외식브랜드,외식산업,프랜차이즈뉴스,컴포즈커피,컴포즈커피인수,노랑통닭,해외자본,글로벌기업,외국자본,한국브랜드,브랜드인수,경제이슈,사회이슈,오늘뉴스,속보,뉴스쇼츠,정보알짜,시사쇼츠,이슈요약,경제쇼츠,외식뉴스,카페뉴스,프랜차이즈이슈,산업경쟁력,한국경제,글로벌확장,아시아기업,필리핀기업,중국계논란,기업확장,외식트렌드,K푸드글로벌,한국시장","{""kind"": ""youtube#video"", ""etag"": ""5w4MPj1CDb4fofnspukV8t88JkE"", ""id"": ""NQ5I7I4gBoY"", ""snippet"": {""publishedAt"": ""2026-02-28T03:11:22Z"", ""channelId"": ""UCSh8ZYTrg9efQvnUCMDINlw"", ""title"": ""중국한테 먹힌 샤브올데이?"", ""description"": ""샤브올데이,샤브올데이인수,졸리비,졸리비그룹,외식기업인수,K푸드,K푸드위기,K푸드주권,한국외식브랜드,외식산업,프랜차이즈뉴스,컴포즈커피,컴포즈커피인수,노랑통닭,해외자본,글로벌기업,외국자본,한국브랜드,브랜드인수,경제이슈,사회이슈,오늘뉴스,속보,뉴스쇼츠,정보알짜,시사쇼츠,이슈요약,경제쇼츠,외식뉴스,카페뉴스,프랜차이즈이슈,산업경쟁력,한국경제,글로벌확장,아시아기업,필리핀기업,중국계논란,기업확장,외식트렌드,K푸드글로벌,한국시장"", ""thumbnails"": {""default"": {""url"": ""https://i.ytimg.com/vi/NQ5I7I4gBoY/default.jpg"", ""width"": 120, ""height"": 90}, ""medium"": {""url"": ""https://i.ytimg.com/vi/NQ5I7I4gBoY/mqdefault.jpg"", ""width"": 320, ""height"": 180}, ""high"": {""url"": ""https://i.ytimg.com/vi/NQ5I7I4gBoY/hqdefault.jpg"", ""width"": 480, ""height"": 360}, ""standard"": {""url"": ""https://i.ytimg.com/vi/NQ5I7I4gBoY/sddefault.jpg"", ""width"": 640, ""height"": 480}, ""maxres"": {""url"": ""https://i.ytimg.com/vi/NQ5I7I4gBoY/maxresdefault.jpg"", ""width"": 1280, ""height"": 720}}, ""channelTitle"": ""정보알짜"", ""tags"": [""샤브올데이"", ""샤브올데이인수"", ""졸리비"", ""졸리비그룹"", ""외식기업인수"", ""K푸드"", ""K푸드위기"", ""K푸드주권"", ""한국외식브랜드"", ""외식산업"", ""프랜차이즈뉴스"", ""컴포즈커피"", ""컴포즈커피인수"", ""노랑통닭"", ""해외자본"", ""글로벌기업"", ""외국자본"", ""한국브랜드"", ""브랜드인수"", ""경제이슈"", ""사회이슈"", ""오늘뉴스"", ""속보"", ""뉴스쇼츠"", ""정보알짜"", ""시사쇼츠"", ""이슈요약"", ""경제쇼츠"", ""외식뉴스"", ""카페뉴스"", ""프랜차이즈이슈"", ""산업경쟁력"", ""한국경제"", ""글로벌확장"", ""아시아기업"", ""필리핀기업"", ""중국계논란"", ""기업확장"", ""외식트렌드"", ""K푸드글로벌"", ""한국시장""], ""categoryId"": ""22"", ""liveBroadcastContent"": ""none"", ""defaultLanguage"": ""ko"", ""localized"": {""title"": ""중국한테 먹힌 샤브올데이?"", ""description"": ""샤브올데이,샤브올데이인수,졸리비,졸리비그룹,외식기업인수,K푸드,K푸드위기,K푸드주권,한국외식브랜드,외식산업,프랜차이즈뉴스,컴포즈커피,컴포즈커피인수,노랑통닭,해외자본,글로벌기업,외국자본,한국브랜드,브랜드인수,경제이슈,사회이슈,오늘뉴스,속보,뉴스쇼츠,정보알짜,시사쇼츠,이슈요약,경제쇼츠,외식뉴스,카페뉴스,프랜차이즈이슈,산업경쟁력,한국경제,글로벌확장,아시아기업,필리핀기업,중국계논란,기업확장,외식트렌드,K푸드글로벌,한국시장""}}, ""statistics"": {""viewCount"": ""819"", ""likeCount"": ""11"", ""favoriteCount"": ""0"", ""commentCount"": ""3""}}",,,,
샤브올데이,single_term_fallback,샤브올데이,yX3lHsRMhuc,(협찬)(공유⭕️) 두친자가 낋여주는 땅쫀쿠‼️ #샤브올데이 #샤브올데이서울천호점 #두쫀쿠 #짭쫀쿠 #뷔페추천,2026-03-03T03:42:28Z,915.0,4.0,1.0,https://www.youtube.com/watch?v=yX3lHsRMhuc,youtube,샤브올데이,canonical,1.0,2026-05-26T11:17:04.805326+00:00,915,4,1,5,잇츠영진 I 먹스타그램 맛집 저장소,,"{""kind"": ""youtube#video"", ""etag"": ""XFFCLX24onDWDRiLAtHKfq4PhcA"", ""id"": ""yX3lHsRMhuc"", ""snippet"": {""publishedAt"": ""2026-03-03T03:42:28Z"", ""channelId"": ""UCHJJsB43plvH68VW-GV0TZg"", ""title"": ""(협찬)(공유⭕️) 두친자가 낋여주는 땅쫀쿠‼️ #샤브올데이 #샤브올데이서울천호점 #두쫀쿠 #짭쫀쿠 #뷔페추천"", ""description"": """", ""thumbnails"": {""default"": {""url"": ""https://i.ytimg.com/vi/yX3lHsRMhuc/default.jpg"", ""width"": 120, ""height"": 90}, ""medium"": {""url"": ""https://i.ytimg.com/vi/yX3lHsRMhuc/mqdefault.jpg"", ""width"": 320, ""height"": 180}, ""high"": {""url"": ""https://i.ytimg.com/vi/yX3lHsRMhuc/hqdefault.jpg"", ""width"": 480, ""height"": 360}, ""standard"": {""url"": ""https://i.ytimg.com/vi/yX3lHsRMhuc/sddefault.jpg"", ""width"": 640, ""height"": 480}, ""maxres"": {""url"": ""https://i.ytimg.com/vi/yX3lHsRMhuc/maxresdefault.jpg"", ""width"": 1280, ""height"": 720}}, ""channelTitle"": ""잇츠영진 I 먹스타그램 맛집 저장소"", ""categoryId"": ""26"", ""liveBroadcastContent"": ""none"", ""defaultLanguage"": ""ko"", ""localized"": {""title"": ""(협찬)(공유⭕️) 두친자가 낋여주는 땅쫀쿠‼️ #샤브올데이 #샤브올데이서울천호점 #두쫀쿠 #짭쫀쿠 #뷔페추천"", ""description"": """"}, ""defaultAudioLanguage"": ""ja""}, ""statistics"": {""viewCount"": ""915"", ""likeCount"": ""4"", ""favoriteCount"": ""0"", ""commentCount"": ""1""}}",,,,
샤브올데이,single_term_fallback,샤브올데이,WKyN2iWPNxw,샤브올데이에서 쌍란 나올 확률,2026-03-23T01:02:42Z,952.0,5.0,2.0,https://www.youtube.com/watch?v=WKyN2iWPNxw,youtube,샤브올데이,canonical,1.0,2026-05-26T11:17:04.805326+00:00,952,5,2,7,밍그래,"📝요즘 유행하는 버터칼국수 레시피!

빵 디저트 코너 버터와 죽 코너 계란 준비
(칼국수 대신 도삭면으로 해도 맛있음))

맑은 육수에 칼국수 넣고 익힌 뒤
건져서 버터와 계란 노른자를 올리고
마구 비벼주면 끝~!
🫕평일점심 24,900원
평일저녁, 주말 및 공휴일 29,900원

지점별로 구성 메뉴가 차이가 있을 수 있습니다.

📌첨단 #샤브올데이

• 북구 신용동 690
• 11:00 - 21:30
• B.T 15:00 - 17:00(주말은 브레이크 타임 없음)
• L.O 20:30
• 건물 내 지하주차장 , 첨단산단 공영주차장

#첨단맛집","{""kind"": ""youtube#video"", ""etag"": ""n7aNIxOha6XDsPjaXM55PRVIV0I"", ""id"": ""WKyN2iWPNxw"", ""snippet"": {""publishedAt"": ""2026-03-23T01:02:42Z"", ""channelId"": ""UCDftNOxmUM4JbbnVvUa9RWQ"", ""title"": ""샤브올데이에서 쌍란 나올 확률"", ""description"": ""📝요즘 유행하는 버터칼국수 레시피!\n\n빵 디저트 코너 버터와 죽 코너 계란 준비\n(칼국수 대신 도삭면으로 해도 맛있음))\n\n맑은 육수에 칼국수 넣고 익힌 뒤\n건져서 버터와 계란 노른자를 올리고\n마구 비벼주면 끝~!\n🫕평일점심 24,900원\n평일저녁, 주말 및 공휴일 29,900원\n\n지점별로 구성 메뉴가 차이가 있을 수 있습니다.\n\n📌첨단 #샤브올데이\n\n• 북구 신용동 690\n• 11:00 - 21:30\n• B.T 15:00 - 17:00(주말은 브레이크 타임 없음)\n• L.O 20:30\n• 건물 내 지하주차장 , 첨단산단 공영주차장\n\n#첨단맛집"", ""thumbnails"": {""default"": {""url"": ""https://i.ytimg.com/vi/WKyN2iWPNxw/default.jpg"", ""width"": 120, ""height"": 90}, ""medium"": {""url"": ""https://i.ytimg.com/vi/WKyN2iWPNxw/mqdefault.jpg"", ""width"": 320, ""height"": 180}, ""high"": {""url"": ""https://i.ytimg.com/vi/WKyN2iWPNxw/hqdefault.jpg"", ""width"": 480, ""height"": 360}, ""standard"": {""url"": ""https://i.ytimg.com/vi/WKyN2iWPNxw/sddefault.jpg"", ""width"": 640, ""height"": 480}, ""maxres"": {""url"": ""https://i.ytimg.com/vi/WKyN2iWPNxw/maxresdefault.jpg"", ""width"": 1280, ""height"": 720}}, ""channelTitle"": ""밍그래"", ""categoryId"": ""22"", ""liveBroadcastContent"": ""none"", ""defaultLanguage"": ""ko"", ""localized"": {""title"": ""샤브올데이에서 쌍란 나올 확률"", ""description"": ""📝요즘 유행하는 버터칼국수 레시피!\n\n빵 디저트 코너 버터와 죽 코너 계란 준비\n(칼국수 대신 도삭면으로 해도 맛있음))\n\n맑은 육수에 칼국수 넣고 익힌 뒤\n건져서 버터와 계란 노른자를 올리고\n마구 비벼주면 끝~!\n🫕평일점심 24,900원\n평일저녁, 주말 및 공휴일 29,900원\n\n지점별로 구성 메뉴가 차이가 있을 수 있습니다.\n\n📌첨단 #샤브올데이\n\n• 북구 신용동 690\n• 11:00 - 21:30\n• B.T 15:00 - 17:00(주말은 브레이크 타임 없음)\n• L.O 20:30\n• 건물 내 지하주차장 , 첨단산단 공영주차장\n\n#첨단맛집""}}, ""statistics"": {""viewCount"": ""952"", ""likeCount"": ""5"", ""favoriteCount"": ""0"", ""commentCount"": ""2""}}",,,,
샤브올데이,single_term_fallback,샤브올데이,YMs0gR1JvJs,솔직하게 전부 팩트만 날려드립니다. (인천 송도점),2026-03-17T09:15:00Z,365.0,18.0,4.0,https://www.youtube.com/watch?v=YMs0gR1JvJs,youtube,샤브올데이,canonical,1.0,2026-05-26T11:17:04.805326+00:00,365,18,4,22,애덤TV,"#샤브올데이 #SHABUALLDAY #송도 뷔페 #인천 뷔페 #샤브샤브 #애덤TV

내돈내산. 리얼 후기입니다.

1. 이 영상에 대한 맛은 주관적인 맛입니다.참고만 하시고 편하게 시청해주세요. ^^ ;;

2. 조언이나 추가정보의 댓글 환영합니다.

3. 정보.

상호명: 샤브올데이 인천송도점
주소: 인천 연수구 첨단대로 40 에스파이브시티 B동 2층 201~204호
전화번호: 0507-1474-0786

*2시간 주차가능","{""kind"": ""youtube#video"", ""etag"": ""0f2doC7ONacRmYHVXH_bZQFBFLI"", ""id"": ""YMs0gR1JvJs"", ""snippet"": {""publishedAt"": ""2026-03-17T09:15:00Z"", ""channelId"": ""UCD6YLBntyQ-KSM4r8K3foGg"", ""title"": ""솔직하게 전부 팩트만 날려드립니다. (인천 송도점)"", ""description"": ""#샤브올데이 #SHABUALLDAY #송도 뷔페 #인천 뷔페 #샤브샤브 #애덤TV\n\n내돈내산. 리얼 후기입니다.\n\n1. 이 영상에 대한 맛은 주관적인 맛입니다.참고만 하시고 편하게 시청해주세요. ^^ ;;\n\n2. 조언이나 추가정보의 댓글 환영합니다.\n\n3. 정보.\n\n상호명: 샤브올데이 인천송도점\n주소: 인천 연수구 첨단대로 40 에스파이브시티 B동 2층 201~204호\n전화번호: 0507-1474-0786\n\n*2시간 주차가능"", ""thumbnails"": {""default"": {""url"": ""https://i.ytimg.com/vi/YMs0gR1JvJs/default.jpg"", ""width"": 120, ""height"": 90}, ""medium"": {""url"": ""https://i.ytimg.com/vi/YMs0gR1JvJs/mqdefault.jpg"", ""width"": 320, ""height"": 180}, ""high"": {""url"": ""https://i.ytimg.com/vi/YMs0gR1JvJs/hqdefault.jpg"", ""width"": 480, ""height"": 360}, ""standard"": {""url"": ""https://i.ytimg.com/vi/YMs0gR1JvJs/sddefault.jpg"", ""width"": 640, ""height"": 480}, ""maxres"": {""url"": ""https://i.ytimg.com/vi/YMs0gR1JvJs/maxresdefault.jpg"", ""width"": 1280, ""height"": 720}}, ""channelTitle"": ""애덤TV"", ""categoryId"": ""22"", ""liveBroadcastContent"": ""none"", ""defaultLanguage"": ""ko"", ""localized"": {""title"": ""솔직하게 전부 팩트만 날려드립니다. (인천 송도점)"", ""description"": ""#샤브올데이 #SHABUALLDAY #송도 뷔페 #인천 뷔페 #샤브샤브 #애덤TV\n\n내돈내산. 리얼 후기입니다.\n\n1. 이 영상에 대한 맛은 주관적인 맛입니다.참고만 하시고 편하게 시청해주세요. ^^ ;;\n\n2. 조언이나 추가정보의 댓글 환영합니다.\n\n3. 정보.\n\n상호명: 샤브올데이 인천송도점\n주소: 인천 연수구 첨단대로 40 에스파이브시티 B동 2층 201~204호\n전화번호: 0507-1474-0786\n\n*2시간 주차가능""}, ""defaultAudioLanguage"": ""ko""}, ""statistics"": {""viewCount"": ""365"", ""likeCount"": ""18"", ""favoriteCount"": ""0"", ""commentCount"": ""4""}}",,,,
샤브올데이,single_term_fallback,샤브올데이,XYFJEyUMdFQ,"임채빈 치어리더 신입 샤브올데이 응원 직캠, 04/04 #임채빈치어리더",2026-04-15T07:25:49Z,1274.0,7.0,0.0,https://www.youtube.com/watch?v=XYFJEyUMdFQ,youtube,샤브올데이,canonical,1.0,2026-05-26T11:17:04.805326+00:00,1274,7,0,7,신이내린몸,"안양정관장레드부스터스 농구 경기 직관 중 임채빈 치어리더의 샤브올데이 응원 직캠

#안양정관장레드부스터스 #안양정관장 #수원한국전력빅스톰치어리더 #수원현대건설힐스테이트치어리더 #임채빈치어리더 #농구 #배구 #직캠 #치어리더 #기아타이거즈치어리더 #기아타이거즈 #야구 #kbl #kbo #에이펙스커뮤니케이션스","{""kind"": ""youtube#video"", ""etag"": ""AqmNtSbWAlLUXBl5ls0Df3V8ps4"", ""id"": ""XYFJEyUMdFQ"", ""snippet"": {""publishedAt"": ""2026-04-15T07:25:49Z"", ""channelId"": ""UColiibxX9sj4bZPJVX8ZUlw"", ""title"": ""임채빈 치어리더 신입 샤브올데이 응원 직캠, 04/04 #임채빈치어리더"", ""description"": ""안양정관장레드부스터스 농구 경기 직관 중 임채빈 치어리더의 샤브올데이 응원 직캠\n\n#안양정관장레드부스터스 #안양정관장 #수원한국전력빅스톰치어리더 #수원현대건설힐스테이트치어리더 #임채빈치어리더 #농구 #배구 #직캠 #치어리더 #기아타이거즈치어리더 #기아타이거즈 #야구 #kbl #kbo #에이펙스커뮤니케이션스"", ""thumbnails"": {""default"": {""url"": ""https://i.ytimg.com/vi/XYFJEyUMdFQ/default.jpg"", ""width"": 120, ""height"": 90}, ""medium"": {""url"": ""https://i.ytimg.com/vi/XYFJEyUMdFQ/mqdefault.jpg"", ""width"": 320, ""height"": 180}, ""high"": {""url"": ""https://i.ytimg.com/vi/XYFJEyUMdFQ/hqdefault.jpg"", ""width"": 480, ""height"": 360}, ""standard"": {""url"": ""https://i.ytimg.com/vi/XYFJEyUMdFQ/sddefault.jpg"", ""width"": 640, ""height"": 480}, ""maxres"": {""url"": ""https://i.ytimg.com/vi/XYFJEyUMdFQ/maxresdefault.jpg"", ""width"": 1280, ""height"": 720}}, ""channelTitle"": ""신이내린몸"", ""tags"": [""안양정관장"", ""안양정관장레드부스터스"", ""기아타이거즈"", ""기아타이거즈치어리더"", ""치어리더"", ""임채빈치어리더"", ""야구"", ""농구"", ""배구"", ""kbo"", ""kbl"", ""에이펙스커뮤니케이션스""], ""categoryId"": ""22"", ""liveBroadcastContent"": ""none"", ""defaultLanguage"": ""ko"", ""localized"": {""title"": ""임채빈 치어리더 신입 샤브올데이 응원 직캠, 04/04 #임채빈치어리더"", ""description"": ""안양정관장레드부스터스 농구 경기 직관 중 임채빈 치어리더의 샤브올데이 응원 직캠\n\n#안양정관장레드부스터스 #안양정관장 #수원한국전력빅스톰치어리더 #수원현대건설힐스테이트치어리더 #임채빈치어리더 #농구 #배구 #직캠 #치어리더 #기아타이거즈치어리더 #기아타이거즈 #야구 #kbl #kbo #에이펙스커뮤니케이션스""}, ""defaultAudioLanguage"": ""ko""}, ""statistics"": {""viewCount"": ""1274"", ""likeCount"": ""7"", ""favoriteCount"": ""0"", ""commentCount"": ""0""}}",,,,
샤브올데이,single_term_fallback,샤브올데이,hP_4Cyoqjr8,편백찜 샤브샤브 무한리필집? 샤브올데이와 비교!,2026-04-14T11:30:37Z,1121.0,1.0,0.0,https://www.youtube.com/watch?v=hP_4Cyoqjr8,youtube,샤브올데이,canonical,1.0,2026-05-26T11:17:04.805326+00:00,1121,1,0,1,미식가언니 K-Food,#인천맛집 #인천뷔페 #한식뷔페 #무한리필맛집 #솔직후기 #내돈내산 #광고아님 #편백찜무한리필 #샤브샤브무한리필 #월남쌈무한리필 #한식뷔페 #인천한식뷔페 #미식가언니 #구독자이벤트 #참피디 #떡볶퀸 #팀브라더스 #뷔페냥 #회사랑 #그린바틀 #가성비식당 #인천가볼만한곳 #맛집리뷰 #먹방 #무한리필 #인천회식장소 #샤브샤브맛집 #편백찜맛집 #혜자식당 #갓성비 #늘봄푸드 #편백찜 #샤브샤브 #샤브올데이 #샤브샤브무한리필,"{""kind"": ""youtube#video"", ""etag"": ""j6qDjCWNhBFND1lW6szpryAtFy8"", ""id"": ""hP_4Cyoqjr8"", ""snippet"": {""publishedAt"": ""2026-04-14T11:30:37Z"", ""channelId"": ""UCyAJRSUSYEgZpD7eAVlt4Hg"", ""title"": ""편백찜 샤브샤브 무한리필집? 샤브올데이와 비교!"", ""description"": ""#인천맛집 #인천뷔페 #한식뷔페 #무한리필맛집 #솔직후기 #내돈내산 #광고아님 #편백찜무한리필 #샤브샤브무한리필 #월남쌈무한리필 #한식뷔페 #인천한식뷔페 #미식가언니 #구독자이벤트 #참피디 #떡볶퀸 #팀브라더스 #뷔페냥 #회사랑 #그린바틀 #가성비식당 #인천가볼만한곳 #맛집리뷰 #먹방 #무한리필 #인천회식장소 #샤브샤브맛집 #편백찜맛집 #혜자식당 #갓성비 #늘봄푸드 #편백찜 #샤브샤브 #샤브올데이 #샤브샤브무한리필"", ""thumbnails"": {""default"": {""url"": ""https://i.ytimg.com/vi/hP_4Cyoqjr8/default.jpg"", ""width"": 120, ""height"": 90}, ""medium"": {""url"": ""https://i.ytimg.com/vi/hP_4Cyoqjr8/mqdefault.jpg"", ""width"": 320, ""height"": 180}, ""high"": {""url"": ""https://i.ytimg.com/vi/hP_4Cyoqjr8/hqdefault.jpg"", ""width"": 480, ""height"": 360}, ""standard"": {""url"": ""https://i.ytimg.com/vi/hP_4Cyoqjr8/sddefault.jpg"", ""width"": 640, ""height"": 480}, ""maxres"": {""url"": ""https://i.ytimg.com/vi/hP_4Cyoqjr8/maxresdefault.jpg"", ""width"": 1280, ""height"": 720}}, ""channelTitle"": ""미식가언니 K-Food"", ""tags"": [""인천맛집"", ""편백찜"", ""샤브올데이"", ""샤브샤브무한리필"", ""샤브무한리필"", ""무한리필"", ""인천무한리필"", ""한식무한리필"", ""가성비뷔페"", ""뷔페냥"", ""샤브샤브"", ""그린바틀"", ""독거또랭이"", ""맛상무"", ""팀브라더스"", ""미식가언니"", ""편백찜맛집"", ""샤브무한"", ""샤브샤브무한"", ""가성비맛집"", ""인천뷔페"", ""인천무한리필맛집"", ""참피디"", ""또간집"", ""흑백리뷰"", ""무한리필뷔페"", ""뷔페리뷰"", ""맛집유튜버"", ""회사랑"", ""구독자이벤트""], ""categoryId"": ""24"", ""liveBroadcastContent"": ""none"", ""defaultLanguage"": ""ko"", ""localized"": {""title"": ""편백찜 샤브샤브 무한리필집? 샤브올데이와 비교!"", ""description"": ""#인천맛집 #인천뷔페 #한식뷔페 #무한리필맛집 #솔직후기 #내돈내산 #광고아님 #편백찜무한리필 #샤브샤브무한리필 #월남쌈무한리필 #한식뷔페 #인천한식뷔페 #미식가언니 #구독자이벤트 #참피디 #떡볶퀸 #팀브라더스 #뷔페냥 #회사랑 #그린바틀 #가성비식당 #인천가볼만한곳 #맛집리뷰 #먹방 #무한리필 #인천회식장소 #샤브샤브맛집 #편백찜맛집 #혜자식당 #갓성비 #늘봄푸드 #편백찜 #샤브샤브 #샤브올데이 #샤브샤브무한리필""}, ""defaultAudioLanguage"": ""ko""}, ""statistics"": {""viewCount"": ""1121"", ""likeCount"": ""1"", ""favoriteCount"": ""0"", ""commentCount"": ""0""}}",,,,
샤브올데이,single_term_fallback,샤브올데이,4VMkAndx2WE,샤브올데이 다녀오신 3살 어린이,2026-04-07T14:49:23Z,934.0,12.0,3.0,https://www.youtube.com/watch?v=4VMkAndx2WE,youtube,샤브올데이,canonical,1.0,2026-05-26T11:17:04.805326+00:00,934,12,3,15,복도리의 일상,"공짜라 뽕 뽑기 성공했어요

#샤브올데이 
#육아일상 
#육아","{""kind"": ""youtube#video"", ""etag"": ""Mv4oH7rQIYciZjE-zN-6d0Owcxo"", ""id"": ""4VMkAndx2WE"", ""snippet"": {""publishedAt"": ""2026-04-07T14:49:23Z"", ""channelId"": ""UCMm_HyU_04rqVUgNzhDkeMQ"", ""title"": ""샤브올데이 다녀오신 3살 어린이"", ""description"": ""공짜라 뽕 뽑기 성공했어요\n\n#샤브올데이 \n#육아일상 \n#육아"", ""thumbnails"": {""default"": {""url"": ""https://i.ytimg.com/vi/4VMkAndx2WE/default.jpg"", ""width"": 120, ""height"": 90}, ""medium"": {""url"": ""https://i.ytimg.com/vi/4VMkAndx2WE/mqdefault.jpg"", ""width"": 320, ""height"": 180}, ""high"": {""url"": ""https://i.ytimg.com/vi/4VMkAndx2WE/hqdefault.jpg"", ""width"": 480, ""height"": 360}, ""standard"": {""url"": ""https://i.ytimg.com/vi/4VMkAndx2WE/sddefault.jpg"", ""width"": 640, ""height"": 480}, ""maxres"": {""url"": ""https://i.ytimg.com/vi/4VMkAndx2WE/maxresdefault.jpg"", ""width"": 1280, ""height"": 720}}, ""channelTitle"": ""복도리의 일상"", ""categoryId"": ""22"", ""liveBroadcastContent"": ""none"", ""defaultLanguage"": ""ko"", ""localized"": {""title"": ""샤브올데이 다녀오신 3살 어린이"", ""description"": ""공짜라 뽕 뽑기 성공했어요\n\n#샤브올데이 \n#육아일상 \n#육아""}, ""defaultAudioLanguage"": ""ko""}, ""statistics"": {""viewCount"": ""934"", ""likeCount"": ""12"", ""favoriteCount"": ""0"", ""commentCount"": ""3""}}",,,,
샤브올데이,single_term_fallback,샤브올데이,L6D7RKXD17Y,#동시육수리필 #맛점 #샤브올데이  #식사초대,2026-03-06T04:16:38Z,1124.0,4.0,1.0,https://www.youtube.com/watch?v=L6D7RKXD17Y,youtube,샤브올데이,canonical,1.0,2026-05-26T11:17:04.805326+00:00,1124,4,1,5,예수기쁨의교회TV,,"{""kind"": ""youtube#video"", ""etag"": ""-NJkvjwlUjh8d3EuTGLlfZCe9pI"", ""id"": ""L6D7RKXD17Y"", ""snippet"": {""publishedAt"": ""2026-03-06T04:16:38Z"", ""channelId"": ""UCckrTlWrapBuxU94QB4a8uw"", ""title"": ""#동시육수리필 #맛점 #샤브올데이  #식사초대"", ""description"": """", ""thumbnails"": {""default"": {""url"": ""https://i.ytimg.com/vi/L6D7RKXD17Y/default.jpg"", ""width"": 120, ""height"": 90}, ""medium"": {""url"": ""https://i.ytimg.com/vi/L6D7RKXD17Y/mqdefault.jpg"", ""width"": 320, ""height"": 180}, ""high"": {""url"": ""https://i.ytimg.com/vi/L6D7RKXD17Y/hqdefault.jpg"", ""width"": 480, ""height"": 360}, ""standard"": {""url"": ""https://i.ytimg.com/vi/L6D7RKXD17Y/sddefault.jpg"", ""width"": 640, ""height"": 480}, ""maxres"": {""url"": ""https://i.ytimg.com/vi/L6D7RKXD17Y/maxresdefault.jpg"", ""width"": 1280, ""height"": 720}}, ""channelTitle"": ""예수기쁨의교회TV"", ""categoryId"": ""20"", ""liveBroadcastContent"": ""none"", ""defaultLanguage"": ""ko"", ""localized"": {""title"": ""#동시육수리필 #맛점 #샤브올데이  #식사초대"", ""description"": """"}, ""defaultAudioLanguage"": ""ko""}, ""statistics"": {""viewCount"": ""1124"", ""likeCount"": ""4"", ""favoriteCount"": ""0"", ""commentCount"": ""1""}}",,,,
샤브올데이,single_term_fallback,샤브올데이,ofjJBkskoVQ,샤브 올데이 입니다,2026-04-04T10:39:18Z,1466.0,16.0,14.0,https://www.youtube.com/watch?v=ofjJBkskoVQ,youtube,샤브올데이,canonical,1.0,2026-05-26T11:17:04.805326+00:00,1466,16,14,30,정진JJ,,"{""kind"": ""youtube#video"", ""etag"": ""ikFVRFh_DTnObAAzqHKhX1x5or4"", ""id"": ""ofjJBkskoVQ"", ""snippet"": {""publishedAt"": ""2026-04-04T10:39:18Z"", ""channelId"": ""UCU0LzzqJY0Xw762eR6iR_RA"", ""title"": ""샤브 올데이 입니다"", ""description"": """", ""thumbnails"": {""default"": {""url"": ""https://i.ytimg.com/vi/ofjJBkskoVQ/default.jpg"", ""width"": 120, ""height"": 90}, ""medium"": {""url"": ""https://i.ytimg.com/vi/ofjJBkskoVQ/mqdefault.jpg"", ""width"": 320, ""height"": 180}, ""high"": {""url"": ""https://i.ytimg.com/vi/ofjJBkskoVQ/hqdefault.jpg"", ""width"": 480, ""height"": 360}, ""standard"": {""url"": ""https://i.ytimg.com/vi/ofjJBkskoVQ/sddefault.jpg"", ""width"": 640, ""height"": 480}, ""maxres"": {""url"": ""https://i.ytimg.com/vi/ofjJBkskoVQ/maxresdefault.jpg"", ""width"": 1280, ""height"": 720}}, ""channelTitle"": ""정진JJ"", ""categoryId"": ""24"", ""liveBroadcastContent"": ""none"", ""defaultLanguage"": ""ko"", ""localized"": {""title"": ""샤브 올데이 입니다"", ""description"": """"}}, ""statistics"": {""viewCount"": ""1466"", ""likeCount"": ""16"", ""favoriteCount"": ""0"", ""commentCount"": ""14""}}",,,,
샤브올데이,single_term_fallback,샤브올데이,incbNoInfhU,"800억 불법 대부업 명륜당의 충격 근황, 샤브올데이 1300억 '헐값 매각'의 충격적 진실",2026-02-27T07:43:36Z,343.0,11.0,3.0,https://www.youtube.com/watch?v=incbNoInfhU,youtube,샤브올데이,canonical,1.0,2026-05-26T11:17:04.805326+00:00,343,11,3,14,세상을 보는 경제학,"""화려한 보라색 조명 아래, 점주들의 생존권은 안녕하신가요?""

최근 길거리에서 흔히 보이는 명륜진사갈비의 ‘뉴 버전’ 리뉴얼. 겉보기에는 브랜드의 세련된 변신처럼 보이지만, 그 이면에는 가맹점주들의 수억 원대 대출금과 창업주의 치밀한 엑시트 시나리오가 숨겨져 있습니다.

단순히 고기를 파는 장사 이야기가 아닙니다. 누군가는 수천억 원의 현금을 챙겨 떠날 준비를 하고, 누군가는 평생 모은 전 재산을 날릴 위기에 처한 대한민국 외식 프랜차이즈 시장의 잔혹한 민낯을 공개합니다.","{""kind"": ""youtube#video"", ""etag"": ""QBQ69lAm_DbaoXI-ak3DY6BdBk0"", ""id"": ""incbNoInfhU"", ""snippet"": {""publishedAt"": ""2026-02-27T07:43:36Z"", ""channelId"": ""UCoZlGcDZzHVTjbfaAaRdEjQ"", ""title"": ""800억 불법 대부업 명륜당의 충격 근황, 샤브올데이 1300억 '헐값 매각'의 충격적 진실"", ""description"": ""\""화려한 보라색 조명 아래, 점주들의 생존권은 안녕하신가요?\""\n\n최근 길거리에서 흔히 보이는 명륜진사갈비의 ‘뉴 버전’ 리뉴얼. 겉보기에는 브랜드의 세련된 변신처럼 보이지만, 그 이면에는 가맹점주들의 수억 원대 대출금과 창업주의 치밀한 엑시트 시나리오가 숨겨져 있습니다.\n\n단순히 고기를 파는 장사 이야기가 아닙니다. 누군가는 수천억 원의 현금을 챙겨 떠날 준비를 하고, 누군가는 평생 모은 전 재산을 날릴 위기에 처한 대한민국 외식 프랜차이즈 시장의 잔혹한 민낯을 공개합니다."", ""thumbnails"": {""default"": {""url"": ""https://i.ytimg.com/vi/incbNoInfhU/default.jpg"", ""width"": 120, ""height"": 90}, ""medium"": {""url"": ""https://i.ytimg.com/vi/incbNoInfhU/mqdefault.jpg"", ""width"": 320, ""height"": 180}, ""high"": {""url"": ""https://i.ytimg.com/vi/incbNoInfhU/hqdefault.jpg"", ""width"": 480, ""height"": 360}, ""standard"": {""url"": ""https://i.ytimg.com/vi/incbNoInfhU/sddefault.jpg"", ""width"": 640, ""height"": 480}, ""maxres"": {""url"": ""https://i.ytimg.com/vi/incbNoInfhU/maxresdefault.jpg"", ""width"": 1280, ""height"": 720}}, ""channelTitle"": ""세상을 보는 경제학"", ""categoryId"": ""22"", ""liveBroadcastContent"": ""none"", ""defaultLanguage"": ""ko"", ""localized"": {""title"": ""800억 불법 대부업 명륜당의 충격 근황, 샤브올데이 1300억 '헐값 매각'의 충격적 진실"", ""description"": ""\""화려한 보라색 조명 아래, 점주들의 생존권은 안녕하신가요?\""\n\n최근 길거리에서 흔히 보이는 명륜진사갈비의 ‘뉴 버전’ 리뉴얼. 겉보기에는 브랜드의 세련된 변신처럼 보이지만, 그 이면에는 가맹점주들의 수억 원대 대출금과 창업주의 치밀한 엑시트 시나리오가 숨겨져 있습니다.\n\n단순히 고기를 파는 장사 이야기가 아닙니다. 누군가는 수천억 원의 현금을 챙겨 떠날 준비를 하고, 누군가는 평생 모은 전 재산을 날릴 위기에 처한 대한민국 외식 프랜차이즈 시장의 잔혹한 민낯을 공개합니다.""}}, ""statistics"": {""viewCount"": ""343"", ""likeCount"": ""11"", ""favoriteCount"": ""0"", ""commentCount"": ""3""}}",,,,
샤브올데이,single_term_fallback,샤브올데이,,'싸이버거 신화' 맘스터치 매각 착수…몸값 '1조원' 뚫어낼까,"Fri, 22 May 2026 06:00:00 +0900",,,,https://www.ziksir.com/news/articleView.html?idxno=134581,naver_news,샤브올데이,canonical,1.0,2026-05-26T11:17:08.716974+00:00,0,0,0,0,,"또 빠른 성장세를 보여온 샤브샤브 프랜차이즈 '<b>샤브올데이</b>'는 필리핀 외식기업 졸리비에 인수됐고, 피자나라 치킨공주 등 국내 외식 프랜차이즈들도 새 주인 찾기에 나선 상태다. 특히 F&amp;B 업종은 경기 변동이나... ","{""title"": ""'싸이버거 신화' 맘스터치 매각 착수…몸값 '1조원' 뚫어낼까"", ""originallink"": ""https://www.ziksir.com/news/articleView.html?idxno=134581"", ""link"": ""https://www.ziksir.com/news/articleView.html?idxno=134581"", ""description"": ""또 빠른 성장세를 보여온 샤브샤브 프랜차이즈 '<b>샤브올데이</b>'는 필리핀 외식기업 졸리비에 인수됐고, 피자나라 치킨공주 등 국내 외식 프랜차이즈들도 새 주인 찾기에 나선 상태다. 특히 F&amp;B 업종은 경기 변동이나... "", ""pubDate"": ""Fri, 22 May 2026 06:00:00 +0900""}","또 빠른 성장세를 보여온 샤브샤브 프랜차이즈 '<b>샤브올데이</b>'는 필리핀 외식기업 졸리비에 인수됐고, 피자나라 치킨공주 등 국내 외식 프랜차이즈들도 새 주인 찾기에 나선 상태다. 특히 F&amp;B 업종은 경기 변동이나... ",https://www.ziksir.com/news/articleView.html?idxno=134581,,
샤브올데이,single_term_fallback,샤브올데이,,"졸리비 품에 안긴 '<b>샤브올데이</b>', 신임 대표에 송명주 전 삼성전자 부사...","Wed, 20 May 2026 15:32:00 +0900",,,,https://www.junggi.co.kr/news/articleView.html?idxno=36499,naver_news,샤브올데이,canonical,1.0,2026-05-26T11:17:08.716974+00:00,0,0,0,0,,필리핀에 본사를 둔 아시아 최대 외식 프랜차이즈 기업 졸리비푸드가 한국 법인 '졸리-K'를 통해 무한리필 샤브샤브 프랜차이즈 <b>샤브올데이</b> 지분 100%를 명륜당으로부터 1300억원에 인수하는 절차를 지난 4월 완료했다.... ,"{""title"": ""졸리비 품에 안긴 '<b>샤브올데이</b>', 신임 대표에 송명주 전 삼성전자 부사..."", ""originallink"": ""https://www.junggi.co.kr/news/articleView.html?idxno=36499"", ""link"": ""https://www.junggi.co.kr/news/articleView.html?idxno=36499"", ""description"": ""필리핀에 본사를 둔 아시아 최대 외식 프랜차이즈 기업 졸리비푸드가 한국 법인 '졸리-K'를 통해 무한리필 샤브샤브 프랜차이즈 <b>샤브올데이</b> 지분 100%를 명륜당으로부터 1300억원에 인수하는 절차를 지난 4월 완료했다.... "", ""pubDate"": ""Wed, 20 May 2026 15:32:00 +0900""}",필리핀에 본사를 둔 아시아 최대 외식 프랜차이즈 기업 졸리비푸드가 한국 법인 '졸리-K'를 통해 무한리필 샤브샤브 프랜차이즈 <b>샤브올데이</b> 지분 100%를 명륜당으로부터 1300억원에 인수하는 절차를 지난 4월 완료했다.... ,https://www.junggi.co.kr/news/articleView.html?idxno=36499,,
샤브올데이,single_term_fallback,샤브올데이,,"<b>샤브올데이</b> 운영사 올데이프레쉬, 신임 대표에 송명주","Sat, 16 May 2026 18:10:00 +0900",,,,https://www.shinailbo.co.kr/news/articleView.html?idxno=5021335,naver_news,샤브올데이,canonical,1.0,2026-05-26T11:17:08.716974+00:00,0,0,0,0,,프리미엄 샤브샤브 뷔페 <b>샤브올데이</b> 운영사 올데이프레쉬는 송명주 전 삼성전자 부사장을 신임 대표이사로 선임했다. 송 대표는 삼성전자 여성 대졸 공채 1기로 입사해 약 30년간 근무하며 '비스포크'와 '그랑데' 등... ,"{""title"": ""<b>샤브올데이</b> 운영사 올데이프레쉬, 신임 대표에 송명주"", ""originallink"": ""https://www.shinailbo.co.kr/news/articleView.html?idxno=5021335"", ""link"": ""https://www.shinailbo.co.kr/news/articleView.html?idxno=5021335"", ""description"": ""프리미엄 샤브샤브 뷔페 <b>샤브올데이</b> 운영사 올데이프레쉬는 송명주 전 삼성전자 부사장을 신임 대표이사로 선임했다. 송 대표는 삼성전자 여성 대졸 공채 1기로 입사해 약 30년간 근무하며 '비스포크'와 '그랑데' 등... "", ""pubDate"": ""Sat, 16 May 2026 18:10:00 +0900""}",프리미엄 샤브샤브 뷔페 <b>샤브올데이</b> 운영사 올데이프레쉬는 송명주 전 삼성전자 부사장을 신임 대표이사로 선임했다. 송 대표는 삼성전자 여성 대졸 공채 1기로 입사해 약 30년간 근무하며 '비스포크'와 '그랑데' 등... ,https://www.shinailbo.co.kr/news/articleView.html?idxno=5021335,,
샤브올데이,single_term_fallback,샤브올데이,,"C&amp;B WEB HR, HR 플랫폼 ‘노무사랑’ 소상공인·프랜차이즈 노무관리 디...","Thu, 14 May 2026 17:14:00 +0900",,,,https://www.g-enews.com/view.php?ud=202605141648148366e7e8286d56_1,naver_news,샤브올데이,canonical,1.0,2026-05-26T11:17:08.716974+00:00,0,0,0,0,,"현재 노무사랑은 GS리테일, 써브웨이, 메가커피, 채선당, CU, 세븐일레븐 등 주요 프랜차이즈 현장에서 활용되고 있으며, 최근 고반홀딩스와 업무협약(MOU)을 체결하고 <b>샤브올데이</b>, 역전할맥 등으로 적용 업장을 넓히고... ","{""title"": ""C&amp;B WEB HR, HR 플랫폼 ‘노무사랑’ 소상공인·프랜차이즈 노무관리 디..."", ""originallink"": ""https://www.g-enews.com/view.php?ud=202605141648148366e7e8286d56_1"", ""link"": ""https://www.g-enews.com/view.php?ud=202605141648148366e7e8286d56_1"", ""description"": ""현재 노무사랑은 GS리테일, 써브웨이, 메가커피, 채선당, CU, 세븐일레븐 등 주요 프랜차이즈 현장에서 활용되고 있으며, 최근 고반홀딩스와 업무협약(MOU)을 체결하고 <b>샤브올데이</b>, 역전할맥 등으로 적용 업장을 넓히고... "", ""pubDate"": ""Thu, 14 May 2026 17:14:00 +0900""}","현재 노무사랑은 GS리테일, 써브웨이, 메가커피, 채선당, CU, 세븐일레븐 등 주요 프랜차이즈 현장에서 활용되고 있으며, 최근 고반홀딩스와 업무협약(MOU)을 체결하고 <b>샤브올데이</b>, 역전할맥 등으로 적용 업장을 넓히고... ",https://www.g-enews.com/view.php?ud=202605141648148366e7e8286d56_1,,
샤브올데이,single_term_fallback,샤브올데이,,"가성비 '뷔페' 인기…애슐리퀸즈·빕스·<b>샤브올데이</b>, 각축","Thu, 14 May 2026 16:10:00 +0900",,,,http://www.srtimes.kr/news/articleView.html?idxno=203243,naver_news,샤브올데이,canonical,1.0,2026-05-26T11:17:08.716974+00:00,0,0,0,0,,샤브샤브 뷔페 브랜드 <b>샤브올데이</b>도 빠르게 외형을 키우고 있다. 운영사 올데이프레쉬는 최근 글로벌 외식기업 졸리비푸드에 인수된 이후 송명주 전 삼성전자 부사장을 신임 대표로 선임했다. <b>샤브올데이</b>는 2023년... ,"{""title"": ""가성비 '뷔페' 인기…애슐리퀸즈·빕스·<b>샤브올데이</b>, 각축"", ""originallink"": ""http://www.srtimes.kr/news/articleView.html?idxno=203243"", ""link"": ""http://www.srtimes.kr/news/articleView.html?idxno=203243"", ""description"": ""샤브샤브 뷔페 브랜드 <b>샤브올데이</b>도 빠르게 외형을 키우고 있다. 운영사 올데이프레쉬는 최근 글로벌 외식기업 졸리비푸드에 인수된 이후 송명주 전 삼성전자 부사장을 신임 대표로 선임했다. <b>샤브올데이</b>는 2023년... "", ""pubDate"": ""Thu, 14 May 2026 16:10:00 +0900""}",샤브샤브 뷔페 브랜드 <b>샤브올데이</b>도 빠르게 외형을 키우고 있다. 운영사 올데이프레쉬는 최근 글로벌 외식기업 졸리비푸드에 인수된 이후 송명주 전 삼성전자 부사장을 신임 대표로 선임했다. <b>샤브올데이</b>는 2023년... ,http://www.srtimes.kr/news/articleView.html?idxno=203243,,
샤브올데이,single_term_fallback,샤브올데이,,"졸리비 품에 안긴 <b>샤브올데이</b>, 첫 선택은 '삼성 출신 송명주 CEO'","Thu, 14 May 2026 07:36:00 +0900",,,,https://www.thepublic.kr/news/articleView.html?idxno=304342,naver_news,샤브올데이,canonical,1.0,2026-05-26T11:17:08.716974+00:00,0,0,0,0,,샤부샤부 뷔페 브랜드 <b>샤브올데이</b>가 삼성전자 출신 브랜드 전략가를 새 대표로 맞았다. 필리핀 외식 기업 졸리비푸드그룹이 <b>샤브올데이</b> 운영사를 인수한 뒤 내놓은 첫 경영진 인사다. 국내에서 빠르게 성장한... ,"{""title"": ""졸리비 품에 안긴 <b>샤브올데이</b>, 첫 선택은 '삼성 출신 송명주 CEO'"", ""originallink"": ""https://www.thepublic.kr/news/articleView.html?idxno=304342"", ""link"": ""https://www.thepublic.kr/news/articleView.html?idxno=304342"", ""description"": ""샤부샤부 뷔페 브랜드 <b>샤브올데이</b>가 삼성전자 출신 브랜드 전략가를 새 대표로 맞았다. 필리핀 외식 기업 졸리비푸드그룹이 <b>샤브올데이</b> 운영사를 인수한 뒤 내놓은 첫 경영진 인사다. 국내에서 빠르게 성장한... "", ""pubDate"": ""Thu, 14 May 2026 07:36:00 +0900""}",샤부샤부 뷔페 브랜드 <b>샤브올데이</b>가 삼성전자 출신 브랜드 전략가를 새 대표로 맞았다. 필리핀 외식 기업 졸리비푸드그룹이 <b>샤브올데이</b> 운영사를 인수한 뒤 내놓은 첫 경영진 인사다. 국내에서 빠르게 성장한... ,https://www.thepublic.kr/news/articleView.html?idxno=304342,,
샤브올데이,single_term_fallback,샤브올데이,,"<b>샤브올데이</b>, 삼성 '비스포크' 전략가 영입…송명주 대표 체제 출범","Thu, 14 May 2026 06:30:00 +0900",,,,http://www.newsroad.co.kr/news/articleView.html?idxno=59284,naver_news,샤브올데이,canonical,1.0,2026-05-26T11:17:08.716974+00:00,0,0,0,0,,샤부샤부 뷔페 프랜차이즈 <b>샤브올데이</b>를 운영하는 올데이프레쉬가 삼성전자 프리미엄 가전 브랜드 전략을 이끌었던 송명주 전 삼성전자 부사장을 신임 대표이사로 영입했다. 필리핀 외식 기업 졸리비푸드그룹의... ,"{""title"": ""<b>샤브올데이</b>, 삼성 '비스포크' 전략가 영입…송명주 대표 체제 출범"", ""originallink"": ""http://www.newsroad.co.kr/news/articleView.html?idxno=59284"", ""link"": ""http://www.newsroad.co.kr/news/articleView.html?idxno=59284"", ""description"": ""샤부샤부 뷔페 프랜차이즈 <b>샤브올데이</b>를 운영하는 올데이프레쉬가 삼성전자 프리미엄 가전 브랜드 전략을 이끌었던 송명주 전 삼성전자 부사장을 신임 대표이사로 영입했다. 필리핀 외식 기업 졸리비푸드그룹의... "", ""pubDate"": ""Thu, 14 May 2026 06:30:00 +0900""}",샤부샤부 뷔페 프랜차이즈 <b>샤브올데이</b>를 운영하는 올데이프레쉬가 삼성전자 프리미엄 가전 브랜드 전략을 이끌었던 송명주 전 삼성전자 부사장을 신임 대표이사로 영입했다. 필리핀 외식 기업 졸리비푸드그룹의... ,http://www.newsroad.co.kr/news/articleView.html?idxno=59284,,
샤브올데이,single_term_fallback,샤브올데이,,비스포크 브랜딩하던 삼성 부사장이 <b>샤브</b><b>샤브</b> 시장 뛰어든 이유,"Wed, 13 May 2026 18:59:00 +0900",,,,https://n.news.naver.com/mnews/article/015/0005286689?sid=103,naver_news,샤브올데이,canonical,1.0,2026-05-26T11:17:08.716974+00:00,0,0,0,0,,프리미엄 샤브샤브 뷔페 <b>샤브올데이</b>를 운영하는 올데이프레쉬가 삼성전자의 프리미엄 가전 브랜드 전략을 이끌었던 송명주 전 삼성전자 부사장을 신임 대표이사로 선임했다고 13일 밝혔다. 송 대표는 삼성전자 공채... ,"{""title"": ""비스포크 브랜딩하던 삼성 부사장이 <b>샤브</b><b>샤브</b> 시장 뛰어든 이유"", ""originallink"": ""https://www.hankyung.com/article/202605134729i"", ""link"": ""https://n.news.naver.com/mnews/article/015/0005286689?sid=103"", ""description"": ""프리미엄 샤브샤브 뷔페 <b>샤브올데이</b>를 운영하는 올데이프레쉬가 삼성전자의 프리미엄 가전 브랜드 전략을 이끌었던 송명주 전 삼성전자 부사장을 신임 대표이사로 선임했다고 13일 밝혔다. 송 대표는 삼성전자 공채... "", ""pubDate"": ""Wed, 13 May 2026 18:59:00 +0900""}",프리미엄 샤브샤브 뷔페 <b>샤브올데이</b>를 운영하는 올데이프레쉬가 삼성전자의 프리미엄 가전 브랜드 전략을 이끌었던 송명주 전 삼성전자 부사장을 신임 대표이사로 선임했다고 13일 밝혔다. 송 대표는 삼성전자 공채... ,https://www.hankyung.com/article/202605134729i,,
샤브올데이,single_term_fallback,샤브올데이,,"졸리비 안긴 <b>샤브올데이</b>, 새 수장에 송명주 전 삼성전자 부사장","Wed, 13 May 2026 18:01:00 +0900",,,,https://n.news.naver.com/mnews/article/243/0000097782?sid=101,naver_news,샤브올데이,canonical,1.0,2026-05-26T11:17:08.716974+00:00,0,0,0,0,,샤부샤부 뷔페 프랜차이즈 ‘<b>샤브올데이</b>’를 운영하는 올데이프레쉬는 삼성전자의 프리미엄 가전 브랜드 전략을 이끌었던 송명주 전 삼성전자 부사장을 신임 대표이사로 선임했다고 13일 밝혔다. 송 대표는 삼성전자... ,"{""title"": ""졸리비 안긴 <b>샤브올데이</b>, 새 수장에 송명주 전 삼성전자 부사장"", ""originallink"": ""https://economist.co.kr/article/view/ecn202605130062"", ""link"": ""https://n.news.naver.com/mnews/article/243/0000097782?sid=101"", ""description"": ""샤부샤부 뷔페 프랜차이즈 ‘<b>샤브올데이</b>’를 운영하는 올데이프레쉬는 삼성전자의 프리미엄 가전 브랜드 전략을 이끌었던 송명주 전 삼성전자 부사장을 신임 대표이사로 선임했다고 13일 밝혔다. 송 대표는 삼성전자... "", ""pubDate"": ""Wed, 13 May 2026 18:01:00 +0900""}",샤부샤부 뷔페 프랜차이즈 ‘<b>샤브올데이</b>’를 운영하는 올데이프레쉬는 삼성전자의 프리미엄 가전 브랜드 전략을 이끌었던 송명주 전 삼성전자 부사장을 신임 대표이사로 선임했다고 13일 밝혔다. 송 대표는 삼성전자... ,https://economist.co.kr/article/view/ecn202605130062,,
샤브올데이,single_term_fallback,샤브올데이,,[오늘의 인사 : 5월 13일] 국토교통부·과학기술정보통신부·<b>샤브올데이</b>...,"Wed, 13 May 2026 17:32:00 +0900",,,,https://www.news2day.co.kr/article/20260513500270,naver_news,샤브올데이,canonical,1.0,2026-05-26T11:17:08.716974+00:00,0,0,0,0,,■ 국토교통부 ◇ 실장급 인사 ▷ 주택토지실장 김영국 ■ 과학기술정보통신부 ◇ 국장급 기관 간 전보 ▷ 통신정책관 남석 ■ <b>샤브올데이</b> ▷ 대표이사 송명주 ■ 샤오미코리아 ▷ 사장 써머 펑,"{""title"": ""[오늘의 인사 : 5월 13일] 국토교통부·과학기술정보통신부·<b>샤브올데이</b>..."", ""originallink"": ""https://www.news2day.co.kr/article/20260513500270"", ""link"": ""https://www.news2day.co.kr/article/20260513500270"", ""description"": ""■ 국토교통부 ◇ 실장급 인사 ▷ 주택토지실장 김영국 ■ 과학기술정보통신부 ◇ 국장급 기관 간 전보 ▷ 통신정책관 남석 ■ <b>샤브올데이</b> ▷ 대표이사 송명주 ■ 샤오미코리아 ▷ 사장 써머 펑"", ""pubDate"": ""Wed, 13 May 2026 17:32:00 +0900""}",■ 국토교통부 ◇ 실장급 인사 ▷ 주택토지실장 김영국 ■ 과학기술정보통신부 ◇ 국장급 기관 간 전보 ▷ 통신정책관 남석 ■ <b>샤브올데이</b> ▷ 대표이사 송명주 ■ 샤오미코리아 ▷ 사장 써머 펑,https://www.news2day.co.kr/article/20260513500270,,
샤브올데이,single_term_fallback,샤브올데이,,"<b>샤브올데이</b>, 신임 대표에 송명주 전 삼성전자 부사장 선임","Wed, 13 May 2026 17:02:00 +0900",,,,http://www.srtimes.kr/news/articleView.html?idxno=203167,naver_news,샤브올데이,canonical,1.0,2026-05-26T11:17:08.716974+00:00,0,0,0,0,,졸리비푸드 인수 이후 첫 인사…송 대표 &quot;글로벌 F&amp;B 노하우로 지속가능 성장 도모&quot;  샤브샤브 뷔페 <b>샤브올데이</b> 운영사 올데이프레쉬는 송명주 전 삼성전자 부사장을 신임 대표로 선임했다고 13일 밝혔다. 앞서 글로벌... ,"{""title"": ""<b>샤브올데이</b>, 신임 대표에 송명주 전 삼성전자 부사장 선임"", ""originallink"": ""http://www.srtimes.kr/news/articleView.html?idxno=203167"", ""link"": ""http://www.srtimes.kr/news/articleView.html?idxno=203167"", ""description"": ""졸리비푸드 인수 이후 첫 인사…송 대표 &quot;글로벌 F&amp;B 노하우로 지속가능 성장 도모&quot;  샤브샤브 뷔페 <b>샤브올데이</b> 운영사 올데이프레쉬는 송명주 전 삼성전자 부사장을 신임 대표로 선임했다고 13일 밝혔다. 앞서 글로벌... "", ""pubDate"": ""Wed, 13 May 2026 17:02:00 +0900""}",졸리비푸드 인수 이후 첫 인사…송 대표 &quot;글로벌 F&amp;B 노하우로 지속가능 성장 도모&quot;  샤브샤브 뷔페 <b>샤브올데이</b> 운영사 올데이프레쉬는 송명주 전 삼성전자 부사장을 신임 대표로 선임했다고 13일 밝혔다. 앞서 글로벌... ,http://www.srtimes.kr/news/articleView.html?idxno=203167,,
샤브올데이,single_term_fallback,샤브올데이,,"졸리비가 품은 <b>샤브올데이</b>, 삼성전자 출신 송명주 대표 선임","Wed, 13 May 2026 17:00:00 +0900",,,,https://www.ajunews.com/view/20260513154713187,naver_news,샤브올데이,canonical,1.0,2026-05-26T11:17:08.716974+00:00,0,0,0,0,,[사진=올데이프레쉬] 샤브샤브 브랜드 <b>샤브올데이</b>에 삼성전자 출신 최고경영자(CEO)가 취임했다. 글로벌 외식 기업 졸리비푸드그룹이 올데이프레쉬를 인수한 이후 첫 번째 경영진 인사다. <b>샤브올데이</b> 운영사... ,"{""title"": ""졸리비가 품은 <b>샤브올데이</b>, 삼성전자 출신 송명주 대표 선임"", ""originallink"": ""https://www.ajunews.com/view/20260513154713187"", ""link"": ""https://www.ajunews.com/view/20260513154713187"", ""description"": ""[사진=올데이프레쉬] 샤브샤브 브랜드 <b>샤브올데이</b>에 삼성전자 출신 최고경영자(CEO)가 취임했다. 글로벌 외식 기업 졸리비푸드그룹이 올데이프레쉬를 인수한 이후 첫 번째 경영진 인사다. <b>샤브올데이</b> 운영사... "", ""pubDate"": ""Wed, 13 May 2026 17:00:00 +0900""}",[사진=올데이프레쉬] 샤브샤브 브랜드 <b>샤브올데이</b>에 삼성전자 출신 최고경영자(CEO)가 취임했다. 글로벌 외식 기업 졸리비푸드그룹이 올데이프레쉬를 인수한 이후 첫 번째 경영진 인사다. <b>샤브올데이</b> 운영사... ,https://www.ajunews.com/view/20260513154713187,,
샤브올데이,single_term_fallback,샤브올데이,,"졸리비 품에 안긴 <b>샤브올데이</b>, 신임 대표에 송명주 前 삼성전자 부사장...","Wed, 13 May 2026 16:44:00 +0900",,,,http://www.newslock.co.kr/news/articleView.html?idxno=130065,naver_news,샤브올데이,canonical,1.0,2026-05-26T11:17:08.716974+00:00,0,0,0,0,,<b>샤브올데이</b>의 운영사인 올데이프레쉬가 송명주 전 삼성전자 부사장을 수장으로 발탁하며 새출발에 나선다. 올데이프레쉬는 삼성전자의 프리미엄 가전 브랜드 전략을 이끌었던 송명주 전 삼성전자 부사장을 신임... ,"{""title"": ""졸리비 품에 안긴 <b>샤브올데이</b>, 신임 대표에 송명주 前 삼성전자 부사장..."", ""originallink"": ""http://www.newslock.co.kr/news/articleView.html?idxno=130065"", ""link"": ""http://www.newslock.co.kr/news/articleView.html?idxno=130065"", ""description"": ""<b>샤브올데이</b>의 운영사인 올데이프레쉬가 송명주 전 삼성전자 부사장을 수장으로 발탁하며 새출발에 나선다. 올데이프레쉬는 삼성전자의 프리미엄 가전 브랜드 전략을 이끌었던 송명주 전 삼성전자 부사장을 신임... "", ""pubDate"": ""Wed, 13 May 2026 16:44:00 +0900""}",<b>샤브올데이</b>의 운영사인 올데이프레쉬가 송명주 전 삼성전자 부사장을 수장으로 발탁하며 새출발에 나선다. 올데이프레쉬는 삼성전자의 프리미엄 가전 브랜드 전략을 이끌었던 송명주 전 삼성전자 부사장을 신임... ,http://www.newslock.co.kr/news/articleView.html?idxno=130065,,
샤브올데이,single_term_fallback,샤브올데이,,"[유통단신] 여기어때, 유류할증료 항공 결제 금액 포인트 환급 外 한진...","Wed, 13 May 2026 16:28:00 +0900",,,,https://www.getnews.co.kr/news/articleView.html?idxno=870053,naver_news,샤브올데이,canonical,1.0,2026-05-26T11:17:08.716974+00:00,0,0,0,0,,◆프리미엄 샤브샤브 뷔페 <b>샤브올데이</b>의 운영사인 올데이프레쉬는 송명주 전 삼성전자 부사장을 신임 대표이사로 선임했다. 송 대표는 삼성전자 대졸 여성 공채 1기로 입사해 30여년간 근무하면서 '비스포크'와... ,"{""title"": ""[유통단신] 여기어때, 유류할증료 항공 결제 금액 포인트 환급 外 한진..."", ""originallink"": ""https://www.getnews.co.kr/news/articleView.html?idxno=870053"", ""link"": ""https://www.getnews.co.kr/news/articleView.html?idxno=870053"", ""description"": ""◆프리미엄 샤브샤브 뷔페 <b>샤브올데이</b>의 운영사인 올데이프레쉬는 송명주 전 삼성전자 부사장을 신임 대표이사로 선임했다. 송 대표는 삼성전자 대졸 여성 공채 1기로 입사해 30여년간 근무하면서 '비스포크'와... "", ""pubDate"": ""Wed, 13 May 2026 16:28:00 +0900""}",◆프리미엄 샤브샤브 뷔페 <b>샤브올데이</b>의 운영사인 올데이프레쉬는 송명주 전 삼성전자 부사장을 신임 대표이사로 선임했다. 송 대표는 삼성전자 대졸 여성 공채 1기로 입사해 30여년간 근무하면서 '비스포크'와... ,https://www.getnews.co.kr/news/articleView.html?idxno=870053,,
샤브올데이,single_term_fallback,샤브올데이,,"‘비스포크’ 이끈 삼성전자 출신, <b>샤브올데이</b> 새 대표 됐다","Wed, 13 May 2026 16:12:00 +0900",,,,https://n.news.naver.com/mnews/article/119/0003090073?sid=101,naver_news,샤브올데이,canonical,1.0,2026-05-26T11:17:08.716974+00:00,0,0,0,0,,"글로벌 외식기업 졸리비푸드 인수 이후 첫 인사로, <b>샤브올데이</b>를 ‘K-샤브’ 대표 브랜드로 키워 해외 시장 공략에 속도를 내겠다는 전략으로 풀이된다. 13일 업계에 따르면 송 대표는 삼성전자 대졸 여성 공채 1기로... ","{""title"": ""‘비스포크’ 이끈 삼성전자 출신, <b>샤브올데이</b> 새 대표 됐다"", ""originallink"": ""https://www.dailian.co.kr/news/view/1643860/?sc=Naver"", ""link"": ""https://n.news.naver.com/mnews/article/119/0003090073?sid=101"", ""description"": ""글로벌 외식기업 졸리비푸드 인수 이후 첫 인사로, <b>샤브올데이</b>를 ‘K-샤브’ 대표 브랜드로 키워 해외 시장 공략에 속도를 내겠다는 전략으로 풀이된다. 13일 업계에 따르면 송 대표는 삼성전자 대졸 여성 공채 1기로... "", ""pubDate"": ""Wed, 13 May 2026 16:12:00 +0900""}","글로벌 외식기업 졸리비푸드 인수 이후 첫 인사로, <b>샤브올데이</b>를 ‘K-샤브’ 대표 브랜드로 키워 해외 시장 공략에 속도를 내겠다는 전략으로 풀이된다. 13일 업계에 따르면 송 대표는 삼성전자 대졸 여성 공채 1기로... ",https://www.dailian.co.kr/news/view/1643860/?sc=Naver,,
샤브올데이,single_term_fallback,샤브올데이,,"<b>샤브올데이</b>, 삼성전자 부사장 출신 송명주 대표 선임…&quot;현장 경영 강화...","Wed, 13 May 2026 15:31:00 +0900",,,,https://n.news.naver.com/mnews/article/421/0008942534?sid=102,naver_news,샤브올데이,canonical,1.0,2026-05-26T11:17:08.716974+00:00,0,0,0,0,,샤부샤부 뷔페 <b>샤브올데이</b>의 운영사인 올데이프레쉬는 삼성전자의 프리미엄 가전 브랜드 전략을 이끌었던 송명주 전 삼성전자 부사장을 신임 대표이사로 선임했다고 13일 밝혔다. 송 대표는 삼성전자 대졸 여성 공채... ,"{""title"": ""<b>샤브올데이</b>, 삼성전자 부사장 출신 송명주 대표 선임…&quot;현장 경영 강화..."", ""originallink"": ""https://www.news1.kr/industry/distribution/6165503"", ""link"": ""https://n.news.naver.com/mnews/article/421/0008942534?sid=102"", ""description"": ""샤부샤부 뷔페 <b>샤브올데이</b>의 운영사인 올데이프레쉬는 삼성전자의 프리미엄 가전 브랜드 전략을 이끌었던 송명주 전 삼성전자 부사장을 신임 대표이사로 선임했다고 13일 밝혔다. 송 대표는 삼성전자 대졸 여성 공채... "", ""pubDate"": ""Wed, 13 May 2026 15:31:00 +0900""}",샤부샤부 뷔페 <b>샤브올데이</b>의 운영사인 올데이프레쉬는 삼성전자의 프리미엄 가전 브랜드 전략을 이끌었던 송명주 전 삼성전자 부사장을 신임 대표이사로 선임했다고 13일 밝혔다. 송 대표는 삼성전자 대졸 여성 공채... ,https://www.news1.kr/industry/distribution/6165503,,
샤브올데이,single_term_fallback,샤브올데이,,"졸리비에 안긴 <b>샤브올데이</b>, 삼성 부사장 출신 송명주 대표 선임","Wed, 13 May 2026 15:26:00 +0900",,,,https://n.news.naver.com/mnews/article/018/0006280012?sid=101,naver_news,샤브올데이,canonical,1.0,2026-05-26T11:17:08.716974+00:00,0,0,0,0,,프리미엄 샤브샤브 브랜드 ‘<b>샤브올데이</b>’의 운영사인 올데이프레쉬는 삼성전자 출신 송명주 전 부사장을 신임 대표로 선임했다고 13일 밝혔다. 필리핀 외식기업 졸리비푸드 그룹에 인수된 이후 첫 인사다.... ,"{""title"": ""졸리비에 안긴 <b>샤브올데이</b>, 삼성 부사장 출신 송명주 대표 선임"", ""originallink"": ""http://www.edaily.co.kr/news/newspath.asp?newsid=04903606645448592"", ""link"": ""https://n.news.naver.com/mnews/article/018/0006280012?sid=101"", ""description"": ""프리미엄 샤브샤브 브랜드 ‘<b>샤브올데이</b>’의 운영사인 올데이프레쉬는 삼성전자 출신 송명주 전 부사장을 신임 대표로 선임했다고 13일 밝혔다. 필리핀 외식기업 졸리비푸드 그룹에 인수된 이후 첫 인사다.... "", ""pubDate"": ""Wed, 13 May 2026 15:26:00 +0900""}",프리미엄 샤브샤브 브랜드 ‘<b>샤브올데이</b>’의 운영사인 올데이프레쉬는 삼성전자 출신 송명주 전 부사장을 신임 대표로 선임했다고 13일 밝혔다. 필리핀 외식기업 졸리비푸드 그룹에 인수된 이후 첫 인사다.... ,http://www.edaily.co.kr/news/newspath.asp?newsid=04903606645448592,,
샤브올데이,single_term_fallback,샤브올데이,,"졸리비가 품은 '<b>샤브올데이</b>', 새 대표에 송명주 전 삼성전자 부사장","Wed, 13 May 2026 15:06:00 +0900",,,,https://n.news.naver.com/mnews/article/003/0013942589?sid=101,naver_news,샤브올데이,canonical,1.0,2026-05-26T11:17:08.716974+00:00,0,0,0,0,,샤브샤브 뷔페 <b>샤브올데이</b>의 운영사인 올데이프레쉬는 송명주 전 삼성전자 부사장을 신임 대표이사로 선임했다고 13일 밝혔다. 송명주 대표는 삼성전자에서 프리미엄 가전 브랜드 전략을 이끌었다. 삼성전자 대졸 여성... ,"{""title"": ""졸리비가 품은 '<b>샤브올데이</b>', 새 대표에 송명주 전 삼성전자 부사장"", ""originallink"": ""https://www.newsis.com/view/NISX20260513_0003627898"", ""link"": ""https://n.news.naver.com/mnews/article/003/0013942589?sid=101"", ""description"": ""샤브샤브 뷔페 <b>샤브올데이</b>의 운영사인 올데이프레쉬는 송명주 전 삼성전자 부사장을 신임 대표이사로 선임했다고 13일 밝혔다. 송명주 대표는 삼성전자에서 프리미엄 가전 브랜드 전략을 이끌었다. 삼성전자 대졸 여성... "", ""pubDate"": ""Wed, 13 May 2026 15:06:00 +0900""}",샤브샤브 뷔페 <b>샤브올데이</b>의 운영사인 올데이프레쉬는 송명주 전 삼성전자 부사장을 신임 대표이사로 선임했다고 13일 밝혔다. 송명주 대표는 삼성전자에서 프리미엄 가전 브랜드 전략을 이끌었다. 삼성전자 대졸 여성... ,https://www.newsis.com/view/NISX20260513_0003627898,,
샤브올데이,single_term_fallback,샤브올데이,,"<b>샤브올데이</b>, 신임 대표에 송명주 전 삼성전자 부사장 선임","Wed, 13 May 2026 14:58:00 +0900",,,,https://n.news.naver.com/mnews/article/422/0000864333?sid=101,naver_news,샤브올데이,canonical,1.0,2026-05-26T11:17:08.716974+00:00,0,0,0,0,,"<b>샤브올데이</b> 운영사 올데이프레쉬가 삼성전자 출신 송명주 전 부사장을 신임 대표이사로 선임했습니다. 송 대표는 삼성전자 여성 대졸 공채 1기 출신으로, 30여 년간 근무하며 ‘비스포크’, ‘그랑데’ 등 프리미엄... ","{""title"": ""<b>샤브올데이</b>, 신임 대표에 송명주 전 삼성전자 부사장 선임"", ""originallink"": ""http://www.yonhapnewstv.co.kr/news/AKR20260513145806xdM"", ""link"": ""https://n.news.naver.com/mnews/article/422/0000864333?sid=101"", ""description"": ""<b>샤브올데이</b> 운영사 올데이프레쉬가 삼성전자 출신 송명주 전 부사장을 신임 대표이사로 선임했습니다. 송 대표는 삼성전자 여성 대졸 공채 1기 출신으로, 30여 년간 근무하며 ‘비스포크’, ‘그랑데’ 등 프리미엄... "", ""pubDate"": ""Wed, 13 May 2026 14:58:00 +0900""}","<b>샤브올데이</b> 운영사 올데이프레쉬가 삼성전자 출신 송명주 전 부사장을 신임 대표이사로 선임했습니다. 송 대표는 삼성전자 여성 대졸 공채 1기 출신으로, 30여 년간 근무하며 ‘비스포크’, ‘그랑데’ 등 프리미엄... ",http://www.yonhapnewstv.co.kr/news/AKR20260513145806xdM,,
샤브올데이,single_term_fallback,샤브올데이,,"<b>샤브올데이</b>, 대표에 송명주 전 삼성전자 부사장…&quot;가맹점과 상생&quot;","Wed, 13 May 2026 14:49:00 +0900",,,,https://n.news.naver.com/mnews/article/001/0016074672?sid=101,naver_news,샤브올데이,canonical,1.0,2026-05-26T11:17:08.716974+00:00,0,0,0,0,,삼성 '비스포크' 전략가 영입…졸리비푸드 인수 후 첫 행보 샤부샤부 뷔페 음식점인 <b>샤브올데이</b>의 운영사 올데이프레쉬는 삼성전자의 프리미엄 가전 브랜드 전략을 이끌었던 송명주 전 삼성전자 부사장을 신임... ,"{""title"": ""<b>샤브올데이</b>, 대표에 송명주 전 삼성전자 부사장…&quot;가맹점과 상생&quot;"", ""originallink"": ""https://www.yna.co.kr/view/AKR20260513111700030?input=1195m"", ""link"": ""https://n.news.naver.com/mnews/article/001/0016074672?sid=101"", ""description"": ""삼성 '비스포크' 전략가 영입…졸리비푸드 인수 후 첫 행보 샤부샤부 뷔페 음식점인 <b>샤브올데이</b>의 운영사 올데이프레쉬는 삼성전자의 프리미엄 가전 브랜드 전략을 이끌었던 송명주 전 삼성전자 부사장을 신임... "", ""pubDate"": ""Wed, 13 May 2026 14:49:00 +0900""}",삼성 '비스포크' 전략가 영입…졸리비푸드 인수 후 첫 행보 샤부샤부 뷔페 음식점인 <b>샤브올데이</b>의 운영사 올데이프레쉬는 삼성전자의 프리미엄 가전 브랜드 전략을 이끌었던 송명주 전 삼성전자 부사장을 신임... ,https://www.yna.co.kr/view/AKR20260513111700030?input=1195m,,
샤브올데이,single_term_fallback,샤브올데이,,"'졸리비'에 인수된 <b>샤브올데이</b>, 삼성전자 부사장 출신 송명주 대표 선임","Wed, 13 May 2026 14:25:00 +0900",,,,https://n.news.naver.com/mnews/article/008/0005357068?sid=101,naver_news,샤브올데이,canonical,1.0,2026-05-26T11:17:08.716974+00:00,0,0,0,0,,프리미엄 샤브샤브 뷔페 <b>샤브올데이</b>의 운영사인 올데이프레쉬가 송명주 전 삼성전자 부사장을 신임 대표이사로 선임했다고 13일 밝혔다. 송 대표는 삼성전자 대졸 여성 공채 1기로 입사해 30여 년간 근무하면서... ,"{""title"": ""'졸리비'에 인수된 <b>샤브올데이</b>, 삼성전자 부사장 출신 송명주 대표 선임"", ""originallink"": ""https://www.mt.co.kr/living/2026/05/13/2026051313500649786"", ""link"": ""https://n.news.naver.com/mnews/article/008/0005357068?sid=101"", ""description"": ""프리미엄 샤브샤브 뷔페 <b>샤브올데이</b>의 운영사인 올데이프레쉬가 송명주 전 삼성전자 부사장을 신임 대표이사로 선임했다고 13일 밝혔다. 송 대표는 삼성전자 대졸 여성 공채 1기로 입사해 30여 년간 근무하면서... "", ""pubDate"": ""Wed, 13 May 2026 14:25:00 +0900""}",프리미엄 샤브샤브 뷔페 <b>샤브올데이</b>의 운영사인 올데이프레쉬가 송명주 전 삼성전자 부사장을 신임 대표이사로 선임했다고 13일 밝혔다. 송 대표는 삼성전자 대졸 여성 공채 1기로 입사해 30여 년간 근무하면서... ,https://www.mt.co.kr/living/2026/05/13/2026051313500649786,,
샤브올데이,single_term_fallback,샤브올데이,,"새 출발 <b>샤브올데이</b>, 삼성전자 부사장 출신 송명주 대표 선임","Wed, 13 May 2026 11:30:00 +0900",,,,http://www.opinionnews.co.kr/news/articleView.html?idxno=138329,naver_news,샤브올데이,canonical,1.0,2026-05-26T11:17:08.716974+00:00,0,0,0,0,,사진제공=올데이프레쉬  프리미엄 샤브샤브 뷔페 <b>샤브올데이</b>의 운영사인 올데이프레쉬는 삼성전자의 프리미엄 가전 브랜드 전략을 이끌었던 송명주 전 삼성전자 부사장을 신임 대표이사로 선임했다고 13일 밝혔다. 송... ,"{""title"": ""새 출발 <b>샤브올데이</b>, 삼성전자 부사장 출신 송명주 대표 선임"", ""originallink"": ""http://www.opinionnews.co.kr/news/articleView.html?idxno=138329"", ""link"": ""http://www.opinionnews.co.kr/news/articleView.html?idxno=138329"", ""description"": ""사진제공=올데이프레쉬  프리미엄 샤브샤브 뷔페 <b>샤브올데이</b>의 운영사인 올데이프레쉬는 삼성전자의 프리미엄 가전 브랜드 전략을 이끌었던 송명주 전 삼성전자 부사장을 신임 대표이사로 선임했다고 13일 밝혔다. 송... "", ""pubDate"": ""Wed, 13 May 2026 11:30:00 +0900""}",사진제공=올데이프레쉬  프리미엄 샤브샤브 뷔페 <b>샤브올데이</b>의 운영사인 올데이프레쉬는 삼성전자의 프리미엄 가전 브랜드 전략을 이끌었던 송명주 전 삼성전자 부사장을 신임 대표이사로 선임했다고 13일 밝혔다. 송... ,http://www.opinionnews.co.kr/news/articleView.html?idxno=138329,,
샤브올데이,single_term_fallback,샤브올데이,,"졸리비가 품은 <b>샤브올데이</b>, 새 수장에 삼성전자 출신 송명주","Wed, 13 May 2026 10:26:00 +0900",,,,http://www.newsprime.co.kr/news/article.html?no=733276,naver_news,샤브올데이,canonical,1.0,2026-05-26T11:17:08.716974+00:00,0,0,0,0,,샤브샤브 뷔페 브랜드 <b>샤브올데이</b> 운영사 올데이프레쉬가 삼성전자(005930) 프리미엄 가전 브랜드 전략을 이끌었던 송명주 전 삼성전자 부사장을 신임 대표이사로 선임했다. 올데이프레쉬는 13일 송 대표가... ,"{""title"": ""졸리비가 품은 <b>샤브올데이</b>, 새 수장에 삼성전자 출신 송명주"", ""originallink"": ""http://www.newsprime.co.kr/news/article.html?no=733276"", ""link"": ""http://www.newsprime.co.kr/news/article.html?no=733276"", ""description"": ""샤브샤브 뷔페 브랜드 <b>샤브올데이</b> 운영사 올데이프레쉬가 삼성전자(005930) 프리미엄 가전 브랜드 전략을 이끌었던 송명주 전 삼성전자 부사장을 신임 대표이사로 선임했다. 올데이프레쉬는 13일 송 대표가... "", ""pubDate"": ""Wed, 13 May 2026 10:26:00 +0900""}",샤브샤브 뷔페 브랜드 <b>샤브올데이</b> 운영사 올데이프레쉬가 삼성전자(005930) 프리미엄 가전 브랜드 전략을 이끌었던 송명주 전 삼성전자 부사장을 신임 대표이사로 선임했다. 올데이프레쉬는 13일 송 대표가... ,http://www.newsprime.co.kr/news/article.html?no=733276,,
샤브올데이,single_term_fallback,샤브올데이,,"<b>샤브올데이</b>, 삼성전자 부사장 출신 송명주 대표 선임","Wed, 13 May 2026 10:18:00 +0900",,,,https://www.viva100.com/article/20260513500340,naver_news,샤브올데이,canonical,1.0,2026-05-26T11:17:08.716974+00:00,0,0,0,0,,프리미엄 샤브샤브 뷔페 브랜드 ‘<b>샤브올데이</b>’를 운영하는 올데이프레쉬가 삼성전자 출신 경영인을 수장으로 영입하며 글로벌 사업 확대에 속도를 낸다. 올데이프레쉬는 삼성전자의 프리미엄 가전 브랜드 전략을... ,"{""title"": ""<b>샤브올데이</b>, 삼성전자 부사장 출신 송명주 대표 선임"", ""originallink"": ""https://www.viva100.com/article/20260513500340"", ""link"": ""https://www.viva100.com/article/20260513500340"", ""description"": ""프리미엄 샤브샤브 뷔페 브랜드 ‘<b>샤브올데이</b>’를 운영하는 올데이프레쉬가 삼성전자 출신 경영인을 수장으로 영입하며 글로벌 사업 확대에 속도를 낸다. 올데이프레쉬는 삼성전자의 프리미엄 가전 브랜드 전략을... "", ""pubDate"": ""Wed, 13 May 2026 10:18:00 +0900""}",프리미엄 샤브샤브 뷔페 브랜드 ‘<b>샤브올데이</b>’를 운영하는 올데이프레쉬가 삼성전자 출신 경영인을 수장으로 영입하며 글로벌 사업 확대에 속도를 낸다. 올데이프레쉬는 삼성전자의 프리미엄 가전 브랜드 전략을... ,https://www.viva100.com/article/20260513500340,,
샤브올데이,single_term_fallback,샤브올데이,,"졸리비 품에 안긴 <b>샤브올데이</b>, 삼성전자 출신 송명주 대표 선임","Wed, 13 May 2026 10:04:00 +0900",,,,https://n.news.naver.com/mnews/article/277/0005762022?sid=103,naver_news,샤브올데이,canonical,1.0,2026-05-26T11:17:08.716974+00:00,0,0,0,0,,프리미엄 샤부샤부 뷔페 브랜드 '<b>샤브올데이</b>'를 운영하는 올데이프레쉬는 삼성전자 출신 송명주 전 부사장(사진)을 신임 대표로 선임했다고 13일 밝혔다. 글로벌 외식 기업 졸리비푸드그룹에 인수된 이후 첫... ,"{""title"": ""졸리비 품에 안긴 <b>샤브올데이</b>, 삼성전자 출신 송명주 대표 선임"", ""originallink"": ""https://view.asiae.co.kr/article/2026051309501018513"", ""link"": ""https://n.news.naver.com/mnews/article/277/0005762022?sid=103"", ""description"": ""프리미엄 샤부샤부 뷔페 브랜드 '<b>샤브올데이</b>'를 운영하는 올데이프레쉬는 삼성전자 출신 송명주 전 부사장(사진)을 신임 대표로 선임했다고 13일 밝혔다. 글로벌 외식 기업 졸리비푸드그룹에 인수된 이후 첫... "", ""pubDate"": ""Wed, 13 May 2026 10:04:00 +0900""}",프리미엄 샤부샤부 뷔페 브랜드 '<b>샤브올데이</b>'를 운영하는 올데이프레쉬는 삼성전자 출신 송명주 전 부사장(사진)을 신임 대표로 선임했다고 13일 밝혔다. 글로벌 외식 기업 졸리비푸드그룹에 인수된 이후 첫... ,https://view.asiae.co.kr/article/2026051309501018513,,
샤브올데이,single_term_fallback,샤브올데이,,"<b>샤브올데이</b>, 신임 대표에 송명주 전 삼성전자 부사장 선임","Wed, 13 May 2026 10:02:00 +0900",,,,https://www.cstimes.com/news/articleView.html?idxno=705460,naver_news,샤브올데이,canonical,1.0,2026-05-26T11:17:08.716974+00:00,0,0,0,0,,"컨슈머타임스=안솔지 기자 | <b>샤브올데이</b> 운영사인 올데이프레쉬가 송명주 전 삼성전자 부사장을 신임 대표이사로 선임했다. 송 대표는 삼성전자 대졸 여성 공채 1기로 입사해, '비스포크'와 '그랑데' 등 프리미엄 브랜드... ","{""title"": ""<b>샤브올데이</b>, 신임 대표에 송명주 전 삼성전자 부사장 선임"", ""originallink"": ""https://www.cstimes.com/news/articleView.html?idxno=705460"", ""link"": ""https://www.cstimes.com/news/articleView.html?idxno=705460"", ""description"": ""컨슈머타임스=안솔지 기자 | <b>샤브올데이</b> 운영사인 올데이프레쉬가 송명주 전 삼성전자 부사장을 신임 대표이사로 선임했다. 송 대표는 삼성전자 대졸 여성 공채 1기로 입사해, '비스포크'와 '그랑데' 등 프리미엄 브랜드... "", ""pubDate"": ""Wed, 13 May 2026 10:02:00 +0900""}","컨슈머타임스=안솔지 기자 | <b>샤브올데이</b> 운영사인 올데이프레쉬가 송명주 전 삼성전자 부사장을 신임 대표이사로 선임했다. 송 대표는 삼성전자 대졸 여성 공채 1기로 입사해, '비스포크'와 '그랑데' 등 프리미엄 브랜드... ",https://www.cstimes.com/news/articleView.html?idxno=705460,,
샤브올데이,single_term_fallback,샤브올데이,,"졸리비가 품은 <b>샤브올데이</b>, 신임 대표에 송명주 전 삼성전자 부사장","Wed, 13 May 2026 09:59:00 +0900",,,,https://n.news.naver.com/mnews/article/011/0004620263?sid=101,naver_news,샤브올데이,canonical,1.0,2026-05-26T11:17:08.716974+00:00,0,0,0,0,,샤브샤브 뷔페 브랜드 <b>샤브올데이</b>를 운영하는 올데이프레쉬는 신임 대표이사로 송명주 전 삼성전자 부사장을 선임했다고 13일 밝혔다. 올해 초 필리핀 외식 기업 졸리비푸드 그룹이 올데이프레쉬를 인수한 뒤 단행한 첫... ,"{""title"": ""졸리비가 품은 <b>샤브올데이</b>, 신임 대표에 송명주 전 삼성전자 부사장"", ""originallink"": ""https://www.sedaily.com/article/20043418?ref=naver"", ""link"": ""https://n.news.naver.com/mnews/article/011/0004620263?sid=101"", ""description"": ""샤브샤브 뷔페 브랜드 <b>샤브올데이</b>를 운영하는 올데이프레쉬는 신임 대표이사로 송명주 전 삼성전자 부사장을 선임했다고 13일 밝혔다. 올해 초 필리핀 외식 기업 졸리비푸드 그룹이 올데이프레쉬를 인수한 뒤 단행한 첫... "", ""pubDate"": ""Wed, 13 May 2026 09:59:00 +0900""}",샤브샤브 뷔페 브랜드 <b>샤브올데이</b>를 운영하는 올데이프레쉬는 신임 대표이사로 송명주 전 삼성전자 부사장을 선임했다고 13일 밝혔다. 올해 초 필리핀 외식 기업 졸리비푸드 그룹이 올데이프레쉬를 인수한 뒤 단행한 첫... ,https://www.sedaily.com/article/20043418?ref=naver,,
샤브올데이,single_term_fallback,샤브올데이,,"<b>샤브올데이</b>, 신임 대표에 송명주 전 삼성전자 부사장 영입","Wed, 13 May 2026 09:45:00 +0900",,,,https://n.news.naver.com/mnews/article/015/0005286316?sid=101,naver_news,샤브올데이,canonical,1.0,2026-05-26T11:17:08.716974+00:00,0,0,0,0,,샤브샤브 전문 프랜차이즈 <b>샤브올데이</b> 운영사 올데이프레쉬가 송명주 전 삼성전자 부사장을 신임 대표로 영입했다. 올데이프레쉬는 삼성전자에서 프리미엄 가전 브랜드 전략을 이끌던 송명주 전 삼성전자 부사장을 신임... ,"{""title"": ""<b>샤브올데이</b>, 신임 대표에 송명주 전 삼성전자 부사장 영입"", ""originallink"": ""https://www.hankyung.com/article/202605132778g"", ""link"": ""https://n.news.naver.com/mnews/article/015/0005286316?sid=101"", ""description"": ""샤브샤브 전문 프랜차이즈 <b>샤브올데이</b> 운영사 올데이프레쉬가 송명주 전 삼성전자 부사장을 신임 대표로 영입했다. 올데이프레쉬는 삼성전자에서 프리미엄 가전 브랜드 전략을 이끌던 송명주 전 삼성전자 부사장을 신임... "", ""pubDate"": ""Wed, 13 May 2026 09:45:00 +0900""}",샤브샤브 전문 프랜차이즈 <b>샤브올데이</b> 운영사 올데이프레쉬가 송명주 전 삼성전자 부사장을 신임 대표로 영입했다. 올데이프레쉬는 삼성전자에서 프리미엄 가전 브랜드 전략을 이끌던 송명주 전 삼성전자 부사장을 신임... ,https://www.hankyung.com/article/202605132778g,,
샤브올데이,single_term_fallback,샤브올데이,,"<b>샤브올데이</b>, 송명주 전 삼성전자 부사장 신임 대표로 선임","Wed, 13 May 2026 09:24:00 +0900",,,,https://www.etoday.co.kr/news/view/2583963,naver_news,샤브올데이,canonical,1.0,2026-05-26T11:17:08.716974+00:00,0,0,0,0,,이투데이=연희진 기자 | <b>샤브올데이</b> 운영사 올데이프레쉬는 송명주 전 삼성전자 부사장을 신임 대표이사로 선임했다고 13일 밝혔다. 송 대표는 삼성전자 대졸 여성 공채 1기로 입사해 ‘비스포크’ 등 삼성전자의... ,"{""title"": ""<b>샤브올데이</b>, 송명주 전 삼성전자 부사장 신임 대표로 선임"", ""originallink"": ""https://www.etoday.co.kr/news/view/2583963"", ""link"": ""https://www.etoday.co.kr/news/view/2583963"", ""description"": ""이투데이=연희진 기자 | <b>샤브올데이</b> 운영사 올데이프레쉬는 송명주 전 삼성전자 부사장을 신임 대표이사로 선임했다고 13일 밝혔다. 송 대표는 삼성전자 대졸 여성 공채 1기로 입사해 ‘비스포크’ 등 삼성전자의... "", ""pubDate"": ""Wed, 13 May 2026 09:24:00 +0900""}",이투데이=연희진 기자 | <b>샤브올데이</b> 운영사 올데이프레쉬는 송명주 전 삼성전자 부사장을 신임 대표이사로 선임했다고 13일 밝혔다. 송 대표는 삼성전자 대졸 여성 공채 1기로 입사해 ‘비스포크’ 등 삼성전자의... ,https://www.etoday.co.kr/news/view/2583963,,
샤브올데이,single_term_fallback,샤브올데이,,"㈜명륜당 명륜진사갈비, 금융권 대출 전액상환… 대부업 중단","Tue, 12 May 2026 16:53:00 +0900",,,,https://n.news.naver.com/mnews/article/081/0003643115?sid=101,naver_news,샤브올데이,canonical,1.0,2026-05-26T11:17:08.716974+00:00,0,0,0,0,,상환 자금은 관계사인 ㈜올데이프레쉬(<b>샤브올데이</b>) 매각 등을 통해 마련됐다. 이와 함께 대부업 등록 법인들은 지난해 12월 대부업 등록증을 반납하며 관련 사업을 종료했다. 현재 신규 대출 및 가맹점 대상 창업 대출... ,"{""title"": ""㈜명륜당 명륜진사갈비, 금융권 대출 전액상환… 대부업 중단"", ""originallink"": ""https://www.seoul.co.kr/news/economy/2026/05/12/20260512500231?wlog_tag3=naver"", ""link"": ""https://n.news.naver.com/mnews/article/081/0003643115?sid=101"", ""description"": ""상환 자금은 관계사인 ㈜올데이프레쉬(<b>샤브올데이</b>) 매각 등을 통해 마련됐다. 이와 함께 대부업 등록 법인들은 지난해 12월 대부업 등록증을 반납하며 관련 사업을 종료했다. 현재 신규 대출 및 가맹점 대상 창업 대출... "", ""pubDate"": ""Tue, 12 May 2026 16:53:00 +0900""}",상환 자금은 관계사인 ㈜올데이프레쉬(<b>샤브올데이</b>) 매각 등을 통해 마련됐다. 이와 함께 대부업 등록 법인들은 지난해 12월 대부업 등록증을 반납하며 관련 사업을 종료했다. 현재 신규 대출 및 가맹점 대상 창업 대출... ,https://www.seoul.co.kr/news/economy/2026/05/12/20260512500231?wlog_tag3=naver,,
샤브올데이,single_term_fallback,샤브올데이,,"‘명륜진사갈비’ 명륜당, 외형 성장 이면엔 가맹사업법 위반 의혹","Tue, 12 May 2026 11:20:00 +0900",,,,https://mdtoday.co.kr/news/view/1065575254105075,naver_news,샤브올데이,canonical,1.0,2026-05-26T11:17:08.716974+00:00,0,0,0,0,,최근 명륜당은 유동성 확보와 사업 리스크 축소를 위해 무한리필 샤브샤브 브랜드 '<b>샤브올데이</b>'를 필리핀 외식기업 졸리비푸드코퍼레이션에 약 1300억 원에 매각했다. 업계에서는 이를 두고 무리한 출점 전략이 본사의... ,"{""title"": ""‘명륜진사갈비’ 명륜당, 외형 성장 이면엔 가맹사업법 위반 의혹"", ""originallink"": ""https://mdtoday.co.kr/news/view/1065575254105075"", ""link"": ""https://mdtoday.co.kr/news/view/1065575254105075"", ""description"": ""최근 명륜당은 유동성 확보와 사업 리스크 축소를 위해 무한리필 샤브샤브 브랜드 '<b>샤브올데이</b>'를 필리핀 외식기업 졸리비푸드코퍼레이션에 약 1300억 원에 매각했다. 업계에서는 이를 두고 무리한 출점 전략이 본사의... "", ""pubDate"": ""Tue, 12 May 2026 11:20:00 +0900""}",최근 명륜당은 유동성 확보와 사업 리스크 축소를 위해 무한리필 샤브샤브 브랜드 '<b>샤브올데이</b>'를 필리핀 외식기업 졸리비푸드코퍼레이션에 약 1300억 원에 매각했다. 업계에서는 이를 두고 무리한 출점 전략이 본사의... ,https://mdtoday.co.kr/news/view/1065575254105075,,
샤브올데이,single_term_fallback,샤브올데이,,"무리한 확장의 민낯 '명륜진사갈비' 명륜당, 성공신화 물거품되나","Tue, 12 May 2026 06:00:00 +0900",,,,https://n.news.naver.com/mnews/article/003/0013938332?sid=101,naver_news,샤브올데이,canonical,1.0,2026-05-26T11:17:08.716974+00:00,0,0,0,0,,또 무한리필 샤브샤브 전문 브랜드 '<b>샤브올데이</b>' 등의 프랜차이즈를 추가로 키웠다. 이중 <b>샤브올데이</b>는 지난달 필리핀 외식기업 졸리비푸드코퍼레이션에 약 1300억원에 매각했다. 졸리비푸드는 <b>샤브올데이</b> 운영사... ,"{""title"": ""무리한 확장의 민낯 '명륜진사갈비' 명륜당, 성공신화 물거품되나"", ""originallink"": ""https://www.newsis.com/view/NISX20260511_0003624798"", ""link"": ""https://n.news.naver.com/mnews/article/003/0013938332?sid=101"", ""description"": ""또 무한리필 샤브샤브 전문 브랜드 '<b>샤브올데이</b>' 등의 프랜차이즈를 추가로 키웠다. 이중 <b>샤브올데이</b>는 지난달 필리핀 외식기업 졸리비푸드코퍼레이션에 약 1300억원에 매각했다. 졸리비푸드는 <b>샤브올데이</b> 운영사... "", ""pubDate"": ""Tue, 12 May 2026 06:00:00 +0900""}",또 무한리필 샤브샤브 전문 브랜드 '<b>샤브올데이</b>' 등의 프랜차이즈를 추가로 키웠다. 이중 <b>샤브올데이</b>는 지난달 필리핀 외식기업 졸리비푸드코퍼레이션에 약 1300억원에 매각했다. 졸리비푸드는 <b>샤브올데이</b> 운영사... ,https://www.newsis.com/view/NISX20260511_0003624798,,
샤브올데이,single_term_fallback,샤브올데이,,명륜당 사태로 '가맹점 대출' 퇴출 수순…가맹점주만 고금리로 빚 더미,"Mon, 11 May 2026 16:14:00 +0900",,,,https://www.newspim.com/news/view/20260511001075,naver_news,샤브올데이,canonical,1.0,2026-05-26T11:17:08.716974+00:00,0,0,0,0,,"[사진=금융위원회]2026.05.11 dedanhi@newspim.com ◆필리핀 졸리비 '알짜'만 가져갔다, <b>샤브올데이</b> 1300억원 매각 후에도 논란 검찰 수사와 정책자금 회수가 다가오면서 명륜당 계열이었던 <b>샤브올데이</b>가 필리핀 졸리비 푸드에... ","{""title"": ""명륜당 사태로 '가맹점 대출' 퇴출 수순…가맹점주만 고금리로 빚 더미"", ""originallink"": ""https://www.newspim.com/news/view/20260511001075"", ""link"": ""https://www.newspim.com/news/view/20260511001075"", ""description"": ""[사진=금융위원회]2026.05.11 dedanhi@newspim.com ◆필리핀 졸리비 '알짜'만 가져갔다, <b>샤브올데이</b> 1300억원 매각 후에도 논란 검찰 수사와 정책자금 회수가 다가오면서 명륜당 계열이었던 <b>샤브올데이</b>가 필리핀 졸리비 푸드에... "", ""pubDate"": ""Mon, 11 May 2026 16:14:00 +0900""}","[사진=금융위원회]2026.05.11 dedanhi@newspim.com ◆필리핀 졸리비 '알짜'만 가져갔다, <b>샤브올데이</b> 1300억원 매각 후에도 논란 검찰 수사와 정책자금 회수가 다가오면서 명륜당 계열이었던 <b>샤브올데이</b>가 필리핀 졸리비 푸드에... ",https://www.newspim.com/news/view/20260511001075,,
샤브올데이,single_term_fallback,샤브올데이,,"공정위, '금융 갑질' 명륜당에 제재 착수","Mon, 11 May 2026 15:38:00 +0900",,,,https://www.nbntv.co.kr/news/articleView.html?idxno=4021538,naver_news,샤브올데이,canonical,1.0,2026-05-26T11:17:08.716974+00:00,0,0,0,0,,| 내외경제TV=김민호 기자 | 공정거래위원회가 '명륜진사갈비·<b>샤브올데이</b>·이태리양조장' 등 국내 유명 프랜차이즈를 운영사로 알려진 명륜당에 대한 제재를 절차에 돌입한다. 11일 유통업계 등에 따르면 공정위는 지난... ,"{""title"": ""공정위, '금융 갑질' 명륜당에 제재 착수"", ""originallink"": ""https://www.nbntv.co.kr/news/articleView.html?idxno=4021538"", ""link"": ""https://www.nbntv.co.kr/news/articleView.html?idxno=4021538"", ""description"": ""| 내외경제TV=김민호 기자 | 공정거래위원회가 '명륜진사갈비·<b>샤브올데이</b>·이태리양조장' 등 국내 유명 프랜차이즈를 운영사로 알려진 명륜당에 대한 제재를 절차에 돌입한다. 11일 유통업계 등에 따르면 공정위는 지난... "", ""pubDate"": ""Mon, 11 May 2026 15:38:00 +0900""}",| 내외경제TV=김민호 기자 | 공정거래위원회가 '명륜진사갈비·<b>샤브올데이</b>·이태리양조장' 등 국내 유명 프랜차이즈를 운영사로 알려진 명륜당에 대한 제재를 절차에 돌입한다. 11일 유통업계 등에 따르면 공정위는 지난... ,https://www.nbntv.co.kr/news/articleView.html?idxno=4021538,,
샤브올데이,single_term_fallback,샤브올데이,,3%에 빌려 18%에 돌려...명륜진사갈비 ‘사채놀이’의 구조 [인포그래픽...,"Mon, 11 May 2026 14:42:00 +0900",,,,https://www.etoday.co.kr/news/view/2583304,naver_news,샤브올데이,canonical,1.0,2026-05-26T11:17:08.716974+00:00,0,0,0,0,,"또 다른 외식 브랜드 ‘<b>샤브올데이</b>’까지 포함하면 전체 규모는 2319억원에 달한다. <b>샤브올데이</b>는 명륜당이 2024년 론칭한 샤브샤브 전문 프랜차이즈로, 현재는 필리핀 외식기업에 인수된 상태다. 프랜차이즈 업계에서는... ","{""title"": ""3%에 빌려 18%에 돌려...명륜진사갈비 ‘사채놀이’의 구조 [인포그래픽..."", ""originallink"": ""https://www.etoday.co.kr/news/view/2583304"", ""link"": ""https://www.etoday.co.kr/news/view/2583304"", ""description"": ""또 다른 외식 브랜드 ‘<b>샤브올데이</b>’까지 포함하면 전체 규모는 2319억원에 달한다. <b>샤브올데이</b>는 명륜당이 2024년 론칭한 샤브샤브 전문 프랜차이즈로, 현재는 필리핀 외식기업에 인수된 상태다. 프랜차이즈 업계에서는... "", ""pubDate"": ""Mon, 11 May 2026 14:42:00 +0900""}","또 다른 외식 브랜드 ‘<b>샤브올데이</b>’까지 포함하면 전체 규모는 2319억원에 달한다. <b>샤브올데이</b>는 명륜당이 2024년 론칭한 샤브샤브 전문 프랜차이즈로, 현재는 필리핀 외식기업에 인수된 상태다. 프랜차이즈 업계에서는... ",https://www.etoday.co.kr/news/view/2583304,,
샤브올데이,single_term_fallback,샤브올데이,,"명륜당 가맹점주에 고금리 '대출 장사'…공정위, 제재 착수","Mon, 11 May 2026 10:32:00 +0900",,,,http://www.seouleconews.com/news/articleView.html?idxno=91136,naver_news,샤브올데이,canonical,1.0,2026-05-26T11:17:08.716974+00:00,0,0,0,0,,명륜당은 명륜진사갈비뿐 아니라 또 다른 외식 브랜드 '<b>샤브올데이</b>' 가맹점주들에게도 대부업체를 통해 고금리 대출을 한 것으로 드러났다. <b>샤브올데이</b> 운영사인 '올데이프레쉬'는 해당 대부업체들에게 매월 가맹점별... ,"{""title"": ""명륜당 가맹점주에 고금리 '대출 장사'…공정위, 제재 착수"", ""originallink"": ""http://www.seouleconews.com/news/articleView.html?idxno=91136"", ""link"": ""http://www.seouleconews.com/news/articleView.html?idxno=91136"", ""description"": ""명륜당은 명륜진사갈비뿐 아니라 또 다른 외식 브랜드 '<b>샤브올데이</b>' 가맹점주들에게도 대부업체를 통해 고금리 대출을 한 것으로 드러났다. <b>샤브올데이</b> 운영사인 '올데이프레쉬'는 해당 대부업체들에게 매월 가맹점별... "", ""pubDate"": ""Mon, 11 May 2026 10:32:00 +0900""}",명륜당은 명륜진사갈비뿐 아니라 또 다른 외식 브랜드 '<b>샤브올데이</b>' 가맹점주들에게도 대부업체를 통해 고금리 대출을 한 것으로 드러났다. <b>샤브올데이</b> 운영사인 '올데이프레쉬'는 해당 대부업체들에게 매월 가맹점별... ,http://www.seouleconews.com/news/articleView.html?idxno=91136,,
샤브올데이,single_term_fallback,샤브올데이,,"계산부터 리뷰 작성까지 '한 번에' 온·오프라인 연결, 결제경험 혁신","Mon, 11 May 2026 04:00:00 +0900",,,,https://n.news.naver.com/mnews/article/008/0005355348?sid=101,naver_news,샤브올데이,canonical,1.0,2026-05-26T11:17:08.716974+00:00,0,0,0,0,,"상반기엔 티스테이션과 이삭토스트, <b>샤브올데이</b>에도 커넥트가 설치된다. 또 하반기엔 전국 3500여개 파리바게뜨 매장에서 커넥트를 만날 수 있다. 네이버페이는 기존 밴사(VAN·부가통신업자)와 협력과 상생도 강화한다.... ","{""title"": ""계산부터 리뷰 작성까지 '한 번에' 온·오프라인 연결, 결제경험 혁신"", ""originallink"": ""https://www.mt.co.kr/finance/2026/05/11/2026051019095110381"", ""link"": ""https://n.news.naver.com/mnews/article/008/0005355348?sid=101"", ""description"": ""상반기엔 티스테이션과 이삭토스트, <b>샤브올데이</b>에도 커넥트가 설치된다. 또 하반기엔 전국 3500여개 파리바게뜨 매장에서 커넥트를 만날 수 있다. 네이버페이는 기존 밴사(VAN·부가통신업자)와 협력과 상생도 강화한다.... "", ""pubDate"": ""Mon, 11 May 2026 04:00:00 +0900""}","상반기엔 티스테이션과 이삭토스트, <b>샤브올데이</b>에도 커넥트가 설치된다. 또 하반기엔 전국 3500여개 파리바게뜨 매장에서 커넥트를 만날 수 있다. 네이버페이는 기존 밴사(VAN·부가통신업자)와 협력과 상생도 강화한다.... ",https://www.mt.co.kr/finance/2026/05/11/2026051019095110381,,
샤브올데이,single_term_fallback,샤브올데이,,"SK 나이츠, 시즌 종료 후 성황리에 팬미팅 개최","Sun, 10 May 2026 21:48:00 +0900",,,,https://m.sports.naver.com/basketball/article/139/0002246984,naver_news,샤브올데이,canonical,1.0,2026-05-26T11:17:08.716974+00:00,0,0,0,0,,"선수들의 애장품 외에도 이날 참석한 팬들에게는 봄소와 소파 세트, MIVE ZEM 키즈 폰, 허쉬초콜렛, 아웃도어 브랜드 버팔로 백팩, 톰디어 선그라스, 실리만 텀블러, 9988병원 MRI 검진권, <b>샤브올데이</b> 상품권, SK나이츠 굿즈... ","{""title"": ""SK 나이츠, 시즌 종료 후 성황리에 팬미팅 개최"", ""originallink"": ""https://www.sportalkorea.com/news/articleView.html?idxno=2025052909553203980"", ""link"": ""https://m.sports.naver.com/basketball/article/139/0002246984"", ""description"": ""선수들의 애장품 외에도 이날 참석한 팬들에게는 봄소와 소파 세트, MIVE ZEM 키즈 폰, 허쉬초콜렛, 아웃도어 브랜드 버팔로 백팩, 톰디어 선그라스, 실리만 텀블러, 9988병원 MRI 검진권, <b>샤브올데이</b> 상품권, SK나이츠 굿즈... "", ""pubDate"": ""Sun, 10 May 2026 21:48:00 +0900""}","선수들의 애장품 외에도 이날 참석한 팬들에게는 봄소와 소파 세트, MIVE ZEM 키즈 폰, 허쉬초콜렛, 아웃도어 브랜드 버팔로 백팩, 톰디어 선그라스, 실리만 텀블러, 9988병원 MRI 검진권, <b>샤브올데이</b> 상품권, SK나이츠 굿즈... ",https://www.sportalkorea.com/news/articleView.html?idxno=2025052909553203980,,
샤브올데이,single_term_fallback,샤브올데이,,"저금리 정부자금 악용, 가맹점에 고금리 ‘이자장사’…공정위, 명륜당...","Sun, 10 May 2026 20:28:00 +0900",,,,https://n.news.naver.com/mnews/article/032/0003444840?sid=101,naver_news,샤브올데이,canonical,1.0,2026-05-26T11:17:08.716974+00:00,0,0,0,0,,또한 명륜당은 명륜진사갈비뿐 아니라 또 다른 외식 브랜드 ‘<b>샤브올데이</b>’ 가맹점주들에게도 대부업체를 통해 고금리 대출을 한 것으로 조사됐다. <b>샤브올데이</b> 운영사 ‘올데이프레쉬’는 이 대부업체들에 매달... ,"{""title"": ""저금리 정부자금 악용, 가맹점에 고금리 ‘이자장사’…공정위, 명륜당..."", ""originallink"": ""https://www.khan.co.kr/article/202605102028025"", ""link"": ""https://n.news.naver.com/mnews/article/032/0003444840?sid=101"", ""description"": ""또한 명륜당은 명륜진사갈비뿐 아니라 또 다른 외식 브랜드 ‘<b>샤브올데이</b>’ 가맹점주들에게도 대부업체를 통해 고금리 대출을 한 것으로 조사됐다. <b>샤브올데이</b> 운영사 ‘올데이프레쉬’는 이 대부업체들에 매달... "", ""pubDate"": ""Sun, 10 May 2026 20:28:00 +0900""}",또한 명륜당은 명륜진사갈비뿐 아니라 또 다른 외식 브랜드 ‘<b>샤브올데이</b>’ 가맹점주들에게도 대부업체를 통해 고금리 대출을 한 것으로 조사됐다. <b>샤브올데이</b> 운영사 ‘올데이프레쉬’는 이 대부업체들에 매달... ,https://www.khan.co.kr/article/202605102028025,,
샤브올데이,single_term_fallback,샤브올데이,,정책자금으로 가맹점에 고리 이자 장사…명륜당 제재,"Sun, 10 May 2026 19:05:00 +0900",,,,https://n.news.naver.com/mnews/article/056/0012178159?sid=101,naver_news,샤브올데이,canonical,1.0,2026-05-26T11:17:08.716974+00:00,0,0,0,0,,"대부업체들은 명륜진사갈비, <b>샤브올데이</b> 가맹점주들에게 인테리어 비용 등으로 대출을 해줬는데, 금리가 연 12~18%에 달했습니다. 저금리로 나랏돈을 빌려와선 고금리로 이자 장사를 한 겁니다. 이 대부업체들은... ","{""title"": ""정책자금으로 가맹점에 고리 이자 장사…명륜당 제재"", ""originallink"": ""https://news.kbs.co.kr/news/pc/view/view.do?ncd=8557099&ref=A"", ""link"": ""https://n.news.naver.com/mnews/article/056/0012178159?sid=101"", ""description"": ""대부업체들은 명륜진사갈비, <b>샤브올데이</b> 가맹점주들에게 인테리어 비용 등으로 대출을 해줬는데, 금리가 연 12~18%에 달했습니다. 저금리로 나랏돈을 빌려와선 고금리로 이자 장사를 한 겁니다. 이 대부업체들은... "", ""pubDate"": ""Sun, 10 May 2026 19:05:00 +0900""}","대부업체들은 명륜진사갈비, <b>샤브올데이</b> 가맹점주들에게 인테리어 비용 등으로 대출을 해줬는데, 금리가 연 12~18%에 달했습니다. 저금리로 나랏돈을 빌려와선 고금리로 이자 장사를 한 겁니다. 이 대부업체들은... ",https://news.kbs.co.kr/news/pc/view/view.do?ncd=8557099&ref=A,,
샤브올데이,single_term_fallback,샤브올데이,,[BS현장] “메뉴 다양하고 가격 합리적”…외식 장소로 뜨는 ‘중저가 ...,"Sun, 10 May 2026 18:31:00 +0900",,,,https://n.news.naver.com/mnews/article/396/0000743970?sid=103,naver_news,샤브올데이,canonical,1.0,2026-05-26T11:17:08.716974+00:00,0,0,0,0,,"애슐리퀸즈·빕스·<b>샤브올데이</b> 등 고물가에 가족 외식 장소 부상 아워홈, ‘테이크’ 1호점 출사표 콘셉트 ‘글로벌 푸드 마켓’으로 亞·유럽 등 메뉴 130가지 제공 고객 체험형 바비큐 코너 마련 삼양 불닭 등... ","{""title"": ""[BS현장] “메뉴 다양하고 가격 합리적”…외식 장소로 뜨는 ‘중저가 ..."", ""originallink"": ""https://www.sportsworldi.com/newsView/20260510507468"", ""link"": ""https://n.news.naver.com/mnews/article/396/0000743970?sid=103"", ""description"": ""애슐리퀸즈·빕스·<b>샤브올데이</b> 등 고물가에 가족 외식 장소 부상 아워홈, ‘테이크’ 1호점 출사표 콘셉트 ‘글로벌 푸드 마켓’으로 亞·유럽 등 메뉴 130가지 제공 고객 체험형 바비큐 코너 마련 삼양 불닭 등... "", ""pubDate"": ""Sun, 10 May 2026 18:31:00 +0900""}","애슐리퀸즈·빕스·<b>샤브올데이</b> 등 고물가에 가족 외식 장소 부상 아워홈, ‘테이크’ 1호점 출사표 콘셉트 ‘글로벌 푸드 마켓’으로 亞·유럽 등 메뉴 130가지 제공 고객 체험형 바비큐 코너 마련 삼양 불닭 등... ",https://www.sportsworldi.com/newsView/20260510507468,,
샤브올데이,single_term_fallback,샤브올데이,,정책자금으로 가맹점에 고리 이자 장사…명륜당 제재,"Sun, 10 May 2026 17:06:00 +0900",,,,https://n.news.naver.com/mnews/article/056/0012178138?sid=101,naver_news,샤브올데이,canonical,1.0,2026-05-26T11:17:08.716974+00:00,0,0,0,0,,"대부업체들은 명륜진사갈비, <b>샤브올데이</b> 가맹점주들에게 인테리어 비용 등으로 대출을 해줬는데, 금리가 연 12~18%에 달했습니다. 저금리로 나랏돈을 빌려와선 고금리로 이자 장사를 한 겁니다. 이 대부업체들은... ","{""title"": ""정책자금으로 가맹점에 고리 이자 장사…명륜당 제재"", ""originallink"": ""https://news.kbs.co.kr/news/pc/view/view.do?ncd=8557075&ref=A"", ""link"": ""https://n.news.naver.com/mnews/article/056/0012178138?sid=101"", ""description"": ""대부업체들은 명륜진사갈비, <b>샤브올데이</b> 가맹점주들에게 인테리어 비용 등으로 대출을 해줬는데, 금리가 연 12~18%에 달했습니다. 저금리로 나랏돈을 빌려와선 고금리로 이자 장사를 한 겁니다. 이 대부업체들은... "", ""pubDate"": ""Sun, 10 May 2026 17:06:00 +0900""}","대부업체들은 명륜진사갈비, <b>샤브올데이</b> 가맹점주들에게 인테리어 비용 등으로 대출을 해줬는데, 금리가 연 12~18%에 달했습니다. 저금리로 나랏돈을 빌려와선 고금리로 이자 장사를 한 겁니다. 이 대부업체들은... ",https://news.kbs.co.kr/news/pc/view/view.do?ncd=8557075&ref=A,,
샤브올데이,single_term_fallback,샤브올데이,,점주 90%가 당했다…명륜진사갈비 '돈놀이'에 칼 빼든 정부,"Sun, 10 May 2026 16:37:00 +0900",,,,https://n.news.naver.com/mnews/article/015/0005285040?sid=101,naver_news,샤브올데이,canonical,1.0,2026-05-26T11:17:08.716974+00:00,0,0,0,0,,명륜당은 2017년 명륜진사갈비 프랜차이즈 사업을 시작해 빠르게 세를 넓혔다. 최근에는 특수관계자인 올데이프레시가 운영하는 '<b>샤브올데이</b>'를 서브 브랜드로 키우고 있다.,"{""title"": ""점주 90%가 당했다…명륜진사갈비 '돈놀이'에 칼 빼든 정부"", ""originallink"": ""https://www.hankyung.com/article/2026051064387"", ""link"": ""https://n.news.naver.com/mnews/article/015/0005285040?sid=101"", ""description"": ""명륜당은 2017년 명륜진사갈비 프랜차이즈 사업을 시작해 빠르게 세를 넓혔다. 최근에는 특수관계자인 올데이프레시가 운영하는 '<b>샤브올데이</b>'를 서브 브랜드로 키우고 있다."", ""pubDate"": ""Sun, 10 May 2026 16:37:00 +0900""}",명륜당은 2017년 명륜진사갈비 프랜차이즈 사업을 시작해 빠르게 세를 넓혔다. 최근에는 특수관계자인 올데이프레시가 운영하는 '<b>샤브올데이</b>'를 서브 브랜드로 키우고 있다.,https://www.hankyung.com/article/2026051064387,,
샤브올데이,single_term_fallback,샤브올데이,,"SK, 9일 용인서 팬들과 함께하는 ‘팬 감사 행사’ 개최","Sun, 10 May 2026 16:19:00 +0900",,,,https://m.sports.naver.com/basketball/article/410/0001124064,naver_news,샤브올데이,canonical,1.0,2026-05-26T11:17:08.716974+00:00,0,0,0,0,,"이번 행사에는 올 시즌 SK 홈경기장을 꾸준히 찾으며 열정적인 응원을 보낸 팬들 가운데 선정된 200명이... 검진권, <b>샤브올데이</b> 식사권, SK나이츠 굿즈 등 다양한 경품이 제공되며 풍성한 즐거움을 더했다. [민준구... ","{""title"": ""SK, 9일 용인서 팬들과 함께하는 ‘팬 감사 행사’ 개최"", ""originallink"": ""https://www.mk.co.kr/article/12042614"", ""link"": ""https://m.sports.naver.com/basketball/article/410/0001124064"", ""description"": ""이번 행사에는 올 시즌 SK 홈경기장을 꾸준히 찾으며 열정적인 응원을 보낸 팬들 가운데 선정된 200명이... 검진권, <b>샤브올데이</b> 식사권, SK나이츠 굿즈 등 다양한 경품이 제공되며 풍성한 즐거움을 더했다. [민준구... "", ""pubDate"": ""Sun, 10 May 2026 16:19:00 +0900""}","이번 행사에는 올 시즌 SK 홈경기장을 꾸준히 찾으며 열정적인 응원을 보낸 팬들 가운데 선정된 200명이... 검진권, <b>샤브올데이</b> 식사권, SK나이츠 굿즈 등 다양한 경품이 제공되며 풍성한 즐거움을 더했다. [민준구... ",https://www.mk.co.kr/article/12042614,,
샤브올데이,single_term_fallback,샤브올데이,,"‘선수단·전희철 감독 총출동’ SK, 팬 감사 행사 ‘우리들의 봄’ 성...","Sun, 10 May 2026 15:02:00 +0900",,,,https://m.sports.naver.com/basketball/article/468/0001239465,naver_news,샤브올데이,canonical,1.0,2026-05-26T11:17:08.716974+00:00,0,0,0,0,,"이밖에도 봄소와 소파 세트, MIVE ZEM 키즈 폰, 허쉬초콜렛, 아웃도어 브랜드 버팔로 백팩, 톰디어 선그라스, 실리만 텀블러, 9988병원 MRI 검진권, <b>샤브올데이</b> 상품권, SK 굿즈 등 다양한 경품이 제공됐다. sshong... ","{""title"": ""‘선수단·전희철 감독 총출동’ SK, 팬 감사 행사 ‘우리들의 봄’ 성..."", ""originallink"": ""https://www.sportsseoul.com/news/read/1608261?ref=naver"", ""link"": ""https://m.sports.naver.com/basketball/article/468/0001239465"", ""description"": ""이밖에도 봄소와 소파 세트, MIVE ZEM 키즈 폰, 허쉬초콜렛, 아웃도어 브랜드 버팔로 백팩, 톰디어 선그라스, 실리만 텀블러, 9988병원 MRI 검진권, <b>샤브올데이</b> 상품권, SK 굿즈 등 다양한 경품이 제공됐다. sshong... "", ""pubDate"": ""Sun, 10 May 2026 15:02:00 +0900""}","이밖에도 봄소와 소파 세트, MIVE ZEM 키즈 폰, 허쉬초콜렛, 아웃도어 브랜드 버팔로 백팩, 톰디어 선그라스, 실리만 텀블러, 9988병원 MRI 검진권, <b>샤브올데이</b> 상품권, SK 굿즈 등 다양한 경품이 제공됐다. sshong... ",https://www.sportsseoul.com/news/read/1608261?ref=naver,,
샤브올데이,single_term_fallback,샤브올데이,,"명륜당, 정부자금으로 가맹점에 2300억원 ‘이자 장사’…공정위 제재 ...","Sun, 10 May 2026 13:56:00 +0900",,,,https://n.news.naver.com/mnews/article/032/0003444756?sid=101,naver_news,샤브올데이,canonical,1.0,2026-05-26T11:17:08.716974+00:00,0,0,0,0,,명륜당은 명륜진사갈비뿐 아니라 또 다른 외식 브랜드 ‘<b>샤브올데이</b>’ 가맹점주들에게도 대부업체를 통해 고금리 대출을 한 것으로 조사됐다. <b>샤브올데이</b> 운영사 ‘올데이프레쉬’는 이 대부업체들에게 매달... ,"{""title"": ""명륜당, 정부자금으로 가맹점에 2300억원 ‘이자 장사’…공정위 제재 ..."", ""originallink"": ""https://www.khan.co.kr/article/202605101356001"", ""link"": ""https://n.news.naver.com/mnews/article/032/0003444756?sid=101"", ""description"": ""명륜당은 명륜진사갈비뿐 아니라 또 다른 외식 브랜드 ‘<b>샤브올데이</b>’ 가맹점주들에게도 대부업체를 통해 고금리 대출을 한 것으로 조사됐다. <b>샤브올데이</b> 운영사 ‘올데이프레쉬’는 이 대부업체들에게 매달... "", ""pubDate"": ""Sun, 10 May 2026 13:56:00 +0900""}",명륜당은 명륜진사갈비뿐 아니라 또 다른 외식 브랜드 ‘<b>샤브올데이</b>’ 가맹점주들에게도 대부업체를 통해 고금리 대출을 한 것으로 조사됐다. <b>샤브올데이</b> 운영사 ‘올데이프레쉬’는 이 대부업체들에게 매달... ,https://www.khan.co.kr/article/202605101356001,,
샤브올데이,single_term_fallback,샤브올데이,,[르포]&quot;음식 맛있어요&quot; 밥값내고 곧장 후기… 네이버리뷰도 폭발,"Sun, 10 May 2026 13:24:00 +0900",,,,https://n.news.naver.com/mnews/article/008/0005355236?sid=101,naver_news,샤브올데이,canonical,1.0,2026-05-26T11:17:08.716974+00:00,0,0,0,0,,"상반기 중으로는 티스테이션과 이삭토스트, <b>샤브올데이</b>에도 커넥트가 설치된다. 또 오는 하반기 전국 3500여개 파리바게뜨 매장에서 커넥트를 만날 수 있다. 현재 서울에선 신용보증재단과 하나은행이 커넥트 설치... ","{""title"": ""[르포]&quot;음식 맛있어요&quot; 밥값내고 곧장 후기… 네이버리뷰도 폭발"", ""originallink"": ""https://www.mt.co.kr/finance/2026/05/11/2026051010592195354"", ""link"": ""https://n.news.naver.com/mnews/article/008/0005355236?sid=101"", ""description"": ""상반기 중으로는 티스테이션과 이삭토스트, <b>샤브올데이</b>에도 커넥트가 설치된다. 또 오는 하반기 전국 3500여개 파리바게뜨 매장에서 커넥트를 만날 수 있다. 현재 서울에선 신용보증재단과 하나은행이 커넥트 설치... "", ""pubDate"": ""Sun, 10 May 2026 13:24:00 +0900""}","상반기 중으로는 티스테이션과 이삭토스트, <b>샤브올데이</b>에도 커넥트가 설치된다. 또 오는 하반기 전국 3500여개 파리바게뜨 매장에서 커넥트를 만날 수 있다. 현재 서울에선 신용보증재단과 하나은행이 커넥트 설치... ",https://www.mt.co.kr/finance/2026/05/11/2026051010592195354,,
샤브올데이,single_term_fallback,샤브올데이,,"서울 SK, 팬 초청 행사『우리들의 봄』개최","Sun, 10 May 2026 12:03:00 +0900",,,,https://m.sports.naver.com/basketball/article/351/0000086444,naver_news,샤브올데이,canonical,1.0,2026-05-26T11:17:08.716974+00:00,0,0,0,0,,"선수들의 애장품 외에도 이날 참석한 팬들에게는 봄소와 소파 세트, MIVE ZEM 키즈 폰, 허쉬초콜렛, 아웃도어 브랜드 버팔로 백팩, 톰디어 선그라스, 실리만 텀블러, 9988병원 MRI 검진권, <b>샤브올데이</b> 상품권, SK나이츠 굿즈... ","{""title"": ""서울 SK, 팬 초청 행사『우리들의 봄』개최"", ""originallink"": ""https://basketkorea.com/news/newsview.php?ncode=1065582111949999"", ""link"": ""https://m.sports.naver.com/basketball/article/351/0000086444"", ""description"": ""선수들의 애장품 외에도 이날 참석한 팬들에게는 봄소와 소파 세트, MIVE ZEM 키즈 폰, 허쉬초콜렛, 아웃도어 브랜드 버팔로 백팩, 톰디어 선그라스, 실리만 텀블러, 9988병원 MRI 검진권, <b>샤브올데이</b> 상품권, SK나이츠 굿즈... "", ""pubDate"": ""Sun, 10 May 2026 12:03:00 +0900""}","선수들의 애장품 외에도 이날 참석한 팬들에게는 봄소와 소파 세트, MIVE ZEM 키즈 폰, 허쉬초콜렛, 아웃도어 브랜드 버팔로 백팩, 톰디어 선그라스, 실리만 텀블러, 9988병원 MRI 검진권, <b>샤브올데이</b> 상품권, SK나이츠 굿즈... ",https://basketkorea.com/news/newsview.php?ncode=1065582111949999,,
샤브올데이,single_term_fallback,샤브올데이,,"명륜진사갈비, 정책자금으로 가맹점주에 이자장사…공정위 제재 착수","Sun, 10 May 2026 12:02:00 +0900",,,,https://n.news.naver.com/mnews/article/028/0002804374?sid=101,naver_news,샤브올데이,canonical,1.0,2026-05-26T11:17:08.716974+00:00,0,0,0,0,,"명륜당의 관계사였으나 최근 매각된 올데이프레쉬(<b>샤브올데이</b>) 역시 이와 유사한 구조였다. 대부업체들은 명륜진사갈비 가맹점주에 대해 총 1451억원, <b>샤브올데이</b> 가맹점주에 대해 총 868억원의 대출을 실행한 것으로... ","{""title"": ""명륜진사갈비, 정책자금으로 가맹점주에 이자장사…공정위 제재 착수"", ""originallink"": ""https://www.hani.co.kr/arti/economy/economy_general/1257919.html"", ""link"": ""https://n.news.naver.com/mnews/article/028/0002804374?sid=101"", ""description"": ""명륜당의 관계사였으나 최근 매각된 올데이프레쉬(<b>샤브올데이</b>) 역시 이와 유사한 구조였다. 대부업체들은 명륜진사갈비 가맹점주에 대해 총 1451억원, <b>샤브올데이</b> 가맹점주에 대해 총 868억원의 대출을 실행한 것으로... "", ""pubDate"": ""Sun, 10 May 2026 12:02:00 +0900""}","명륜당의 관계사였으나 최근 매각된 올데이프레쉬(<b>샤브올데이</b>) 역시 이와 유사한 구조였다. 대부업체들은 명륜진사갈비 가맹점주에 대해 총 1451억원, <b>샤브올데이</b> 가맹점주에 대해 총 868억원의 대출을 실행한 것으로... ",https://www.hani.co.kr/arti/economy/economy_general/1257919.html,,
샤브올데이,single_term_fallback,샤브올데이,,"“팬 사랑 미쳤다” SK, 즉석 유니폼 선물까지 감동 행사","Sun, 10 May 2026 10:09:00 +0900",,,,https://m.sports.naver.com/basketball/article/109/0005531094,naver_news,샤브올데이,canonical,1.0,2026-05-26T11:17:08.716974+00:00,0,0,0,0,,"이번 행사에는 올 시즌 SK 나이츠 홈경기 직관 인증 팬 가운데 상위 200명이 초청됐다. 시즌 내내 경기장을... 검진권, <b>샤브올데이</b> 상품권 그리고 SK 나이츠 굿즈 등 다양한 선물이 준비됐다. 행사 내내 선수들과 팬들은... ","{""title"": ""“팬 사랑 미쳤다” SK, 즉석 유니폼 선물까지 감동 행사"", ""originallink"": ""http://www.osen.co.kr/article/G1112798470"", ""link"": ""https://m.sports.naver.com/basketball/article/109/0005531094"", ""description"": ""이번 행사에는 올 시즌 SK 나이츠 홈경기 직관 인증 팬 가운데 상위 200명이 초청됐다. 시즌 내내 경기장을... 검진권, <b>샤브올데이</b> 상품권 그리고 SK 나이츠 굿즈 등 다양한 선물이 준비됐다. 행사 내내 선수들과 팬들은... "", ""pubDate"": ""Sun, 10 May 2026 10:09:00 +0900""}","이번 행사에는 올 시즌 SK 나이츠 홈경기 직관 인증 팬 가운데 상위 200명이 초청됐다. 시즌 내내 경기장을... 검진권, <b>샤브올데이</b> 상품권 그리고 SK 나이츠 굿즈 등 다양한 선물이 준비됐다. 행사 내내 선수들과 팬들은... ",http://www.osen.co.kr/article/G1112798470,,
샤브올데이,single_term_fallback,샤브올데이,,"﻿SK 나이츠, 팬 초청 행사 '우리들의 봄' 개최...홈 경기 직관 상위 팬...","Sun, 10 May 2026 10:08:00 +0900",,,,https://m.sports.naver.com/basketball/article/398/0000099558,naver_news,샤브올데이,canonical,1.0,2026-05-26T11:17:08.716974+00:00,0,0,0,0,,"선수들의 애장품 외에도 이날 참석한 팬들에게는 봄소와 소파 세트, MIVE ZEM 키즈 폰, 허쉬초콜렛, 아웃도어 브랜드 버팔로 백팩, 톰디어 선그라스, 실리만 텀블러, 9988병원 MRI 검진권, <b>샤브올데이</b> 상품권, SK나이츠 굿즈... ","{""title"": ""﻿SK 나이츠, 팬 초청 행사 '우리들의 봄' 개최...홈 경기 직관 상위 팬..."", ""originallink"": ""http://www.rookie.co.kr/news/articleView.html?idxno=122885"", ""link"": ""https://m.sports.naver.com/basketball/article/398/0000099558"", ""description"": ""선수들의 애장품 외에도 이날 참석한 팬들에게는 봄소와 소파 세트, MIVE ZEM 키즈 폰, 허쉬초콜렛, 아웃도어 브랜드 버팔로 백팩, 톰디어 선그라스, 실리만 텀블러, 9988병원 MRI 검진권, <b>샤브올데이</b> 상품권, SK나이츠 굿즈... "", ""pubDate"": ""Sun, 10 May 2026 10:08:00 +0900""}","선수들의 애장품 외에도 이날 참석한 팬들에게는 봄소와 소파 세트, MIVE ZEM 키즈 폰, 허쉬초콜렛, 아웃도어 브랜드 버팔로 백팩, 톰디어 선그라스, 실리만 텀블러, 9988병원 MRI 검진권, <b>샤브올데이</b> 상품권, SK나이츠 굿즈... ",http://www.rookie.co.kr/news/articleView.html?idxno=122885,,
샤브올데이,single_term_fallback,샤브올데이,,"SK, 팬 200명 초청... ‘우리들의 봄’ 개최","Sun, 10 May 2026 09:12:00 +0900",,,,https://m.sports.naver.com/basketball/article/065/0000297613,naver_news,샤브올데이,canonical,1.0,2026-05-26T11:17:08.716974+00:00,0,0,0,0,,"선수들의 애장품 외에도 이날 참석한 팬들에게는 봄소와 소파 세트, MIVE ZEM 키즈 폰, 허쉬초콜렛, 아웃도어 브랜드 버팔로 백팩, 톰디어 선그라스, 실리만 텀블러, 9988병원 MRI 검진권, <b>샤브올데이</b> 상품권, SK 굿즈 등... ","{""title"": ""SK, 팬 200명 초청... ‘우리들의 봄’ 개최"", ""originallink"": """", ""link"": ""https://m.sports.naver.com/basketball/article/065/0000297613"", ""description"": ""선수들의 애장품 외에도 이날 참석한 팬들에게는 봄소와 소파 세트, MIVE ZEM 키즈 폰, 허쉬초콜렛, 아웃도어 브랜드 버팔로 백팩, 톰디어 선그라스, 실리만 텀블러, 9988병원 MRI 검진권, <b>샤브올데이</b> 상품권, SK 굿즈 등... "", ""pubDate"": ""Sun, 10 May 2026 09:12:00 +0900""}","선수들의 애장품 외에도 이날 참석한 팬들에게는 봄소와 소파 세트, MIVE ZEM 키즈 폰, 허쉬초콜렛, 아웃도어 브랜드 버팔로 백팩, 톰디어 선그라스, 실리만 텀블러, 9988병원 MRI 검진권, <b>샤브올데이</b> 상품권, SK 굿즈 등... ",,,
샤브올데이,single_term_fallback,샤브올데이,,<b>샤브올데이</b> “혼자 오면 1만3900원 더 내라”…‘제각각 추가요금’ 논...,"Sat, 09 May 2026 07:00:00 +0900",,,,https://n.news.naver.com/mnews/article/117/0004062646?sid=102,naver_news,샤브올데이,canonical,1.0,2026-05-26T11:17:08.716974+00:00,0,0,0,0,,샤브샤브 프랜차이즈 ‘<b>샤브올데이</b>’가 1인 방문객에게 추가 요금을 부과해 온라인상에서 논란이 확산하고 있다. 9일 온라인 커뮤니티와 SNS(소셜네트워크서비스)에 따르면 <b>샤브올데이</b> 매장을 찾았다가 예상치 못한... ,"{""title"": ""<b>샤브올데이</b> “혼자 오면 1만3900원 더 내라”…‘제각각 추가요금’ 논..."", ""originallink"": ""https://www.mydaily.co.kr/page/view/2026050816402767576"", ""link"": ""https://n.news.naver.com/mnews/article/117/0004062646?sid=102"", ""description"": ""샤브샤브 프랜차이즈 ‘<b>샤브올데이</b>’가 1인 방문객에게 추가 요금을 부과해 온라인상에서 논란이 확산하고 있다. 9일 온라인 커뮤니티와 SNS(소셜네트워크서비스)에 따르면 <b>샤브올데이</b> 매장을 찾았다가 예상치 못한... "", ""pubDate"": ""Sat, 09 May 2026 07:00:00 +0900""}",샤브샤브 프랜차이즈 ‘<b>샤브올데이</b>’가 1인 방문객에게 추가 요금을 부과해 온라인상에서 논란이 확산하고 있다. 9일 온라인 커뮤니티와 SNS(소셜네트워크서비스)에 따르면 <b>샤브올데이</b> 매장을 찾았다가 예상치 못한... ,https://www.mydaily.co.kr/page/view/2026050816402767576,,
샤브올데이,single_term_fallback,샤브올데이,,"명륜진사갈비, 차입금 전액 청산…재무 건정성 강화 및 가맹점 상생 기...","Fri, 08 May 2026 11:32:00 +0900",,,,https://n.news.naver.com/mnews/article/030/0003425416?sid=101,naver_news,샤브올데이,canonical,1.0,2026-05-26T11:17:08.716974+00:00,0,0,0,0,,"상환 재원은 관계사인 ㈜올데이프레쉬(<b>샤브올데이</b>) 지분 매각 등을 통해 마련한 것으로 알려졌다. 대부업 등록 법인들은 지난해 12월 면허를 반납하고 관련 사업을 종료했다. 현재 신규 대출은 진행하지 않으며, 가맹점주... ","{""title"": ""명륜진사갈비, 차입금 전액 청산…재무 건정성 강화 및 가맹점 상생 기..."", ""originallink"": ""https://www.etnews.com/20260508000125"", ""link"": ""https://n.news.naver.com/mnews/article/030/0003425416?sid=101"", ""description"": ""상환 재원은 관계사인 ㈜올데이프레쉬(<b>샤브올데이</b>) 지분 매각 등을 통해 마련한 것으로 알려졌다. 대부업 등록 법인들은 지난해 12월 면허를 반납하고 관련 사업을 종료했다. 현재 신규 대출은 진행하지 않으며, 가맹점주... "", ""pubDate"": ""Fri, 08 May 2026 11:32:00 +0900""}","상환 재원은 관계사인 ㈜올데이프레쉬(<b>샤브올데이</b>) 지분 매각 등을 통해 마련한 것으로 알려졌다. 대부업 등록 법인들은 지난해 12월 면허를 반납하고 관련 사업을 종료했다. 현재 신규 대출은 진행하지 않으며, 가맹점주... ",https://www.etnews.com/20260508000125,,
샤브올데이,single_term_fallback,샤브올데이,,"명륜진사갈비, 산업은행 대출금 전액 상환…대부업 중단","Thu, 07 May 2026 14:02:00 +0900",,,,https://www.dnews.co.kr/uhtml/view.jsp?idxno=202605071356309930858,naver_news,샤브올데이,canonical,1.0,2026-05-26T11:17:08.716974+00:00,0,0,0,0,,"상환 자금은㈜명륜당 관계사인 ㈜올데이프레쉬(<b>샤브올데이</b>) 매각 등을 통해 확보한 것으로 알려졌다. 대부업등록법인들도 지난해 12월 대부업등록증을 반납했다. 현재 신규 대출은 진행하지 않고 있으며, 가맹점 대상... ","{""title"": ""명륜진사갈비, 산업은행 대출금 전액 상환…대부업 중단"", ""originallink"": ""https://www.dnews.co.kr/uhtml/view.jsp?idxno=202605071356309930858"", ""link"": ""https://www.dnews.co.kr/uhtml/view.jsp?idxno=202605071356309930858"", ""description"": ""상환 자금은㈜명륜당 관계사인 ㈜올데이프레쉬(<b>샤브올데이</b>) 매각 등을 통해 확보한 것으로 알려졌다. 대부업등록법인들도 지난해 12월 대부업등록증을 반납했다. 현재 신규 대출은 진행하지 않고 있으며, 가맹점 대상... "", ""pubDate"": ""Thu, 07 May 2026 14:02:00 +0900""}","상환 자금은㈜명륜당 관계사인 ㈜올데이프레쉬(<b>샤브올데이</b>) 매각 등을 통해 확보한 것으로 알려졌다. 대부업등록법인들도 지난해 12월 대부업등록증을 반납했다. 현재 신규 대출은 진행하지 않고 있으며, 가맹점 대상... ",https://www.dnews.co.kr/uhtml/view.jsp?idxno=202605071356309930858,,
샤브올데이,single_term_fallback,샤브올데이,,"명륜진사갈비, 기존 가맹점 대출금리 4.6%로 인하","Thu, 07 May 2026 14:01:00 +0900",,,,https://n.news.naver.com/mnews/article/119/0003088028?sid=101,naver_news,샤브올데이,canonical,1.0,2026-05-26T11:17:08.716974+00:00,0,0,0,0,,상환 자금은 명륜당 관계사인 올데이프레쉬(<b>샤브올데이</b>) 매각 등을 통해 확보한 것으로 알려졌다. 업계에서는 이번 조치를 가맹점 운영 안정성과 재무 안정화를 함께 고려한 결정으로 보고 있다. 금융권 차입금 상환과... ,"{""title"": ""명륜진사갈비, 기존 가맹점 대출금리 4.6%로 인하"", ""originallink"": ""https://www.dailian.co.kr/news/view/1641558/?sc=Naver"", ""link"": ""https://n.news.naver.com/mnews/article/119/0003088028?sid=101"", ""description"": ""상환 자금은 명륜당 관계사인 올데이프레쉬(<b>샤브올데이</b>) 매각 등을 통해 확보한 것으로 알려졌다. 업계에서는 이번 조치를 가맹점 운영 안정성과 재무 안정화를 함께 고려한 결정으로 보고 있다. 금융권 차입금 상환과... "", ""pubDate"": ""Thu, 07 May 2026 14:01:00 +0900""}",상환 자금은 명륜당 관계사인 올데이프레쉬(<b>샤브올데이</b>) 매각 등을 통해 확보한 것으로 알려졌다. 업계에서는 이번 조치를 가맹점 운영 안정성과 재무 안정화를 함께 고려한 결정으로 보고 있다. 금융권 차입금 상환과... ,https://www.dailian.co.kr/news/view/1641558/?sc=Naver,,
샤브올데이,single_term_fallback,샤브올데이,,"명륜당, 금융권 차입금 전액 상환…재무 안정성 강화","Thu, 07 May 2026 10:20:00 +0900",,,,https://n.news.naver.com/mnews/article/050/0000105839?sid=101,naver_news,샤브올데이,canonical,1.0,2026-05-26T11:17:08.716974+00:00,0,0,0,0,,상환 재원은 <b>샤브올데이</b> 브랜드 매각 등을 통해 마련한 것으로 알려졌다. 가맹점 금융 조건도 함께 조정했다. 기존 가맹점을 대상으로 적용하던 대출금리를 연 4.6% 수준으로 일괄 조정했다. 최근 외식업계 경기 둔화와... ,"{""title"": ""명륜당, 금융권 차입금 전액 상환…재무 안정성 강화"", ""originallink"": ""https://magazine.hankyung.com/business/article/202605070823b"", ""link"": ""https://n.news.naver.com/mnews/article/050/0000105839?sid=101"", ""description"": ""상환 재원은 <b>샤브올데이</b> 브랜드 매각 등을 통해 마련한 것으로 알려졌다. 가맹점 금융 조건도 함께 조정했다. 기존 가맹점을 대상으로 적용하던 대출금리를 연 4.6% 수준으로 일괄 조정했다. 최근 외식업계 경기 둔화와... "", ""pubDate"": ""Thu, 07 May 2026 10:20:00 +0900""}",상환 재원은 <b>샤브올데이</b> 브랜드 매각 등을 통해 마련한 것으로 알려졌다. 가맹점 금융 조건도 함께 조정했다. 기존 가맹점을 대상으로 적용하던 대출금리를 연 4.6% 수준으로 일괄 조정했다. 최근 외식업계 경기 둔화와... ,https://magazine.hankyung.com/business/article/202605070823b,,
샤브올데이,single_term_fallback,샤브올데이,,"<b>샤브올데이</b> 제천영천점, 어버이날 맞아 어르신 대상 점심 나눔 행사","Wed, 06 May 2026 19:04:00 +0900",,,,https://www.ccdn.co.kr/news/articleView.html?idxno=1076863,naver_news,샤브올데이,canonical,1.0,2026-05-26T11:17:08.716974+00:00,0,0,0,0,,<b>샤브올데이</b> 충북 제천영천점(대표 홍병오)은 6일 지역 어르신들을 위한 점심 나눔 행사를 개최했다. 이날 모란경로당 회원 50여 명이 참석해 정성껏 준비된 식사를 함께 나누며 서로의 안부를 묻는 뜻깊은 시간을 보냈다.... ,"{""title"": ""<b>샤브올데이</b> 제천영천점, 어버이날 맞아 어르신 대상 점심 나눔 행사"", ""originallink"": ""https://www.ccdn.co.kr/news/articleView.html?idxno=1076863"", ""link"": ""https://www.ccdn.co.kr/news/articleView.html?idxno=1076863"", ""description"": ""<b>샤브올데이</b> 충북 제천영천점(대표 홍병오)은 6일 지역 어르신들을 위한 점심 나눔 행사를 개최했다. 이날 모란경로당 회원 50여 명이 참석해 정성껏 준비된 식사를 함께 나누며 서로의 안부를 묻는 뜻깊은 시간을 보냈다.... "", ""pubDate"": ""Wed, 06 May 2026 19:04:00 +0900""}",<b>샤브올데이</b> 충북 제천영천점(대표 홍병오)은 6일 지역 어르신들을 위한 점심 나눔 행사를 개최했다. 이날 모란경로당 회원 50여 명이 참석해 정성껏 준비된 식사를 함께 나누며 서로의 안부를 묻는 뜻깊은 시간을 보냈다.... ,https://www.ccdn.co.kr/news/articleView.html?idxno=1076863,,
샤브올데이,single_term_fallback,샤브올데이,,"차입리스크 털어내고 본업집중… 명륜진사갈비, 금융권 부채 809억 완제","Wed, 06 May 2026 16:10:00 +0900",,,,https://n.news.naver.com/mnews/article/020/0003717598?sid=101,naver_news,샤브올데이,canonical,1.0,2026-05-26T11:17:08.716974+00:00,0,0,0,0,,이번 변제 재원은 관계사인 올데이프레쉬(<b>샤브올데이</b>) 지분 매각 등을 통해 확보한 유동성이 투입된 것으로 파악된다. 재무 건전성 강화와 함께 사업 포트폴리오의 재편도 이뤄졌다. 명륜당 소속 대부업 법인들은 지난해... ,"{""title"": ""차입리스크 털어내고 본업집중… 명륜진사갈비, 금융권 부채 809억 완제"", ""originallink"": ""https://www.donga.com/news/Economy/article/all/20260506/133871352/1"", ""link"": ""https://n.news.naver.com/mnews/article/020/0003717598?sid=101"", ""description"": ""이번 변제 재원은 관계사인 올데이프레쉬(<b>샤브올데이</b>) 지분 매각 등을 통해 확보한 유동성이 투입된 것으로 파악된다. 재무 건전성 강화와 함께 사업 포트폴리오의 재편도 이뤄졌다. 명륜당 소속 대부업 법인들은 지난해... "", ""pubDate"": ""Wed, 06 May 2026 16:10:00 +0900""}",이번 변제 재원은 관계사인 올데이프레쉬(<b>샤브올데이</b>) 지분 매각 등을 통해 확보한 유동성이 투입된 것으로 파악된다. 재무 건전성 강화와 함께 사업 포트폴리오의 재편도 이뤄졌다. 명륜당 소속 대부업 법인들은 지난해... ,https://www.donga.com/news/Economy/article/all/20260506/133871352/1,,
샤브올데이,single_term_fallback,샤브올데이,,"<b>샤브올데이</b> 제천영천점, 어버이날 맞아 지역 어르신과 따뜻한 점심 나눔","Wed, 06 May 2026 15:00:00 +0900",,,,https://www.inews365.com/news/article.html?no=918056,naver_news,샤브올데이,canonical,1.0,2026-05-26T11:17:08.716974+00:00,0,0,0,0,,"모란경로당 회원 50여 명 초청, 정성껏 준비한 음식 대접 ［충북일보］ <b>샤브올데이</b> 제천영천점이 6일 제54회 어버이날을 맞아 지역 어르신들을 위한 사랑의 점심 나눔 행사를 개최했다. 이날 행사에는 모란경로당 회원 약... ","{""title"": ""<b>샤브올데이</b> 제천영천점, 어버이날 맞아 지역 어르신과 따뜻한 점심 나눔"", ""originallink"": ""https://www.inews365.com/news/article.html?no=918056"", ""link"": ""https://www.inews365.com/news/article.html?no=918056"", ""description"": ""모란경로당 회원 50여 명 초청, 정성껏 준비한 음식 대접 ［충북일보］ <b>샤브올데이</b> 제천영천점이 6일 제54회 어버이날을 맞아 지역 어르신들을 위한 사랑의 점심 나눔 행사를 개최했다. 이날 행사에는 모란경로당 회원 약... "", ""pubDate"": ""Wed, 06 May 2026 15:00:00 +0900""}","모란경로당 회원 50여 명 초청, 정성껏 준비한 음식 대접 ［충북일보］ <b>샤브올데이</b> 제천영천점이 6일 제54회 어버이날을 맞아 지역 어르신들을 위한 사랑의 점심 나눔 행사를 개최했다. 이날 행사에는 모란경로당 회원 약... ",https://www.inews365.com/news/article.html?no=918056,,
샤브올데이,single_term_fallback,샤브올데이,,"명륜진사갈비, ‘돈놀이’ 지적에 대부업 사업구조 접는다","Wed, 06 May 2026 08:56:00 +0900",,,,https://mdtoday.co.kr/news/view/1065594979413874,naver_news,샤브올데이,canonical,1.0,2026-05-26T11:17:08.716974+00:00,0,0,0,0,,"이번 상환 자금은 명륜당의 관계사이자 샤브샤브 프랜차이즈 ‘<b>샤브올데이</b>’를 운영하는 올데이프레쉬의 매각 대금을 통해 마련된 것으로 전해졌다. 또한, 명륜당 대주주 측은 가맹점주들에게 자금을 대여하던 12곳의... ","{""title"": ""명륜진사갈비, ‘돈놀이’ 지적에 대부업 사업구조 접는다"", ""originallink"": ""https://mdtoday.co.kr/news/view/1065594979413874"", ""link"": ""https://mdtoday.co.kr/news/view/1065594979413874"", ""description"": ""이번 상환 자금은 명륜당의 관계사이자 샤브샤브 프랜차이즈 ‘<b>샤브올데이</b>’를 운영하는 올데이프레쉬의 매각 대금을 통해 마련된 것으로 전해졌다. 또한, 명륜당 대주주 측은 가맹점주들에게 자금을 대여하던 12곳의... "", ""pubDate"": ""Wed, 06 May 2026 08:56:00 +0900""}","이번 상환 자금은 명륜당의 관계사이자 샤브샤브 프랜차이즈 ‘<b>샤브올데이</b>’를 운영하는 올데이프레쉬의 매각 대금을 통해 마련된 것으로 전해졌다. 또한, 명륜당 대주주 측은 가맹점주들에게 자금을 대여하던 12곳의... ",https://mdtoday.co.kr/news/view/1065594979413874,,
샤브올데이,single_term_fallback,샤브올데이,,고물가 속 '가성비 뷔페' 부활…외식시장 판도 다시 흔든다,"Tue, 05 May 2026 06:02:00 +0900",,,,https://news.mtn.co.kr/news-detail/2026050413412473974,naver_news,샤브올데이,canonical,1.0,2026-05-26T11:17:08.716974+00:00,0,0,0,0,,"샤브샤브와 뷔페 콘셉트를 결합한 '<b>샤브올데이</b>'는 2023년 첫 매장을 연 이후 빠르게 성장하고 있다. 2023년 매출 7억원에서 지난해 540억원으로 몸집을 키웠고, 영업이익도 2억원에서 137억원으로 급증했다. 올해 역시 매출... ","{""title"": ""고물가 속 '가성비 뷔페' 부활…외식시장 판도 다시 흔든다"", ""originallink"": ""https://news.mtn.co.kr/news-detail/2026050413412473974"", ""link"": ""https://news.mtn.co.kr/news-detail/2026050413412473974"", ""description"": ""샤브샤브와 뷔페 콘셉트를 결합한 '<b>샤브올데이</b>'는 2023년 첫 매장을 연 이후 빠르게 성장하고 있다. 2023년 매출 7억원에서 지난해 540억원으로 몸집을 키웠고, 영업이익도 2억원에서 137억원으로 급증했다. 올해 역시 매출... "", ""pubDate"": ""Tue, 05 May 2026 06:02:00 +0900""}","샤브샤브와 뷔페 콘셉트를 결합한 '<b>샤브올데이</b>'는 2023년 첫 매장을 연 이후 빠르게 성장하고 있다. 2023년 매출 7억원에서 지난해 540억원으로 몸집을 키웠고, 영업이익도 2억원에서 137억원으로 급증했다. 올해 역시 매출... ",https://news.mtn.co.kr/news-detail/2026050413412473974,,
샤브올데이,single_term_fallback,샤브올데이,,"&quot;국책은행서 싸게 빌려 가맹점주에 '돈놀이'&quot;…명륜진사갈비, 대부업 정...","Mon, 04 May 2026 13:44:00 +0900",,,,https://n.news.naver.com/mnews/article/014/0005516870?sid=101,naver_news,샤브올데이,canonical,1.0,2026-05-26T11:17:08.716974+00:00,0,0,0,0,,한국경제에 따르면 상환 자금은 샤브샤브 프랜차이즈 <b>샤브올데이</b>를 운영하는 명륜당 관계사 올데이프레쉬를 매각해 마련했다. 또 명륜당 대주주 등은 전직 직원을 대표이사로 내세워 가맹점주들에게 고금리로 자금을... ,"{""title"": ""&quot;국책은행서 싸게 빌려 가맹점주에 '돈놀이'&quot;…명륜진사갈비, 대부업 정..."", ""originallink"": ""http://www.fnnews.com/news/202605041327166946"", ""link"": ""https://n.news.naver.com/mnews/article/014/0005516870?sid=101"", ""description"": ""한국경제에 따르면 상환 자금은 샤브샤브 프랜차이즈 <b>샤브올데이</b>를 운영하는 명륜당 관계사 올데이프레쉬를 매각해 마련했다. 또 명륜당 대주주 등은 전직 직원을 대표이사로 내세워 가맹점주들에게 고금리로 자금을... "", ""pubDate"": ""Mon, 04 May 2026 13:44:00 +0900""}",한국경제에 따르면 상환 자금은 샤브샤브 프랜차이즈 <b>샤브올데이</b>를 운영하는 명륜당 관계사 올데이프레쉬를 매각해 마련했다. 또 명륜당 대주주 등은 전직 직원을 대표이사로 내세워 가맹점주들에게 고금리로 자금을... ,http://www.fnnews.com/news/202605041327166946,,
샤브올데이,single_term_fallback,샤브올데이,,K-외식 브랜드 줄줄이 주인 바뀐다… 인수 릴레이 배경은,"Mon, 04 May 2026 11:14:00 +0900",,,,http://www.seoulwire.com/news/articleView.html?idxno=719856,naver_news,샤브올데이,canonical,1.0,2026-05-26T11:17:08.716974+00:00,0,0,0,0,,필리핀기업 졸리비푸드는 샤브샤브 프랜차이즈 '<b>샤브올데이</b>'를 인수한 데 이어 저가 커피 브랜드 컴포즈커피 경영권도 확보하며 한국 외식시장에 대한 베팅을 확대하고 있다. 어피니티에쿼티파트너스가 보유한 BKR 매각도... ,"{""title"": ""K-외식 브랜드 줄줄이 주인 바뀐다… 인수 릴레이 배경은"", ""originallink"": ""http://www.seoulwire.com/news/articleView.html?idxno=719856"", ""link"": ""http://www.seoulwire.com/news/articleView.html?idxno=719856"", ""description"": ""필리핀기업 졸리비푸드는 샤브샤브 프랜차이즈 '<b>샤브올데이</b>'를 인수한 데 이어 저가 커피 브랜드 컴포즈커피 경영권도 확보하며 한국 외식시장에 대한 베팅을 확대하고 있다. 어피니티에쿼티파트너스가 보유한 BKR 매각도... "", ""pubDate"": ""Mon, 04 May 2026 11:14:00 +0900""}",필리핀기업 졸리비푸드는 샤브샤브 프랜차이즈 '<b>샤브올데이</b>'를 인수한 데 이어 저가 커피 브랜드 컴포즈커피 경영권도 확보하며 한국 외식시장에 대한 베팅을 확대하고 있다. 어피니티에쿼티파트너스가 보유한 BKR 매각도... ,http://www.seoulwire.com/news/articleView.html?idxno=719856,,
샤브올데이,single_term_fallback,샤브올데이,,"[단독] 점주 상대로 '돈놀이' 논란…명륜진사갈비, 대부업 손뗐다","Mon, 04 May 2026 10:17:00 +0900",,,,https://n.news.naver.com/mnews/article/015/0005282713?sid=101,naver_news,샤브올데이,canonical,1.0,2026-05-26T11:17:08.716974+00:00,0,0,0,0,,상환 자금은 샤브샤브 프랜차이즈 <b>샤브올데이</b>를 운영하는 명륜당 관계사 올데이프레쉬를 매각해 마련한 것으로 알려졌다. 명륜당 대주주 등은 전직 직원을 대표이사로 내세워 가맹점주들에게 고금리로 자금을 빌려주던... ,"{""title"": ""[단독] 점주 상대로 '돈놀이' 논란…명륜진사갈비, 대부업 손뗐다"", ""originallink"": ""https://www.hankyung.com/article/202604309453i"", ""link"": ""https://n.news.naver.com/mnews/article/015/0005282713?sid=101"", ""description"": ""상환 자금은 샤브샤브 프랜차이즈 <b>샤브올데이</b>를 운영하는 명륜당 관계사 올데이프레쉬를 매각해 마련한 것으로 알려졌다. 명륜당 대주주 등은 전직 직원을 대표이사로 내세워 가맹점주들에게 고금리로 자금을 빌려주던... "", ""pubDate"": ""Mon, 04 May 2026 10:17:00 +0900""}",상환 자금은 샤브샤브 프랜차이즈 <b>샤브올데이</b>를 운영하는 명륜당 관계사 올데이프레쉬를 매각해 마련한 것으로 알려졌다. 명륜당 대주주 등은 전직 직원을 대표이사로 내세워 가맹점주들에게 고금리로 자금을 빌려주던... ,https://www.hankyung.com/article/202604309453i,,
샤브올데이,single_term_fallback,샤브올데이,,“단품보다 뷔페”… 고물가 시대 외식 소비 공식 바뀐다,"Sun, 03 May 2026 11:24:00 +0900",,,,https://m.skyedaily.com/news_view.html?ID=303472,naver_news,샤브올데이,canonical,1.0,2026-05-26T11:17:08.716974+00:00,0,0,0,0,,무한리필 샤브샤브 브랜드 <b>샤브올데이</b> 등 신흥 브랜드들도 빠르게 몸집을 키우며 경쟁 구도를 넓히고 있다. 외식업계 관계자는 “고물가로 소비자들이 지출을 더 꼼꼼히 따지면서 뷔페가 다시 선택받고 있다”며... ,"{""title"": ""“단품보다 뷔페”… 고물가 시대 외식 소비 공식 바뀐다"", ""originallink"": ""https://m.skyedaily.com/news_view.html?ID=303472"", ""link"": ""https://m.skyedaily.com/news_view.html?ID=303472"", ""description"": ""무한리필 샤브샤브 브랜드 <b>샤브올데이</b> 등 신흥 브랜드들도 빠르게 몸집을 키우며 경쟁 구도를 넓히고 있다. 외식업계 관계자는 “고물가로 소비자들이 지출을 더 꼼꼼히 따지면서 뷔페가 다시 선택받고 있다”며... "", ""pubDate"": ""Sun, 03 May 2026 11:24:00 +0900""}",무한리필 샤브샤브 브랜드 <b>샤브올데이</b> 등 신흥 브랜드들도 빠르게 몸집을 키우며 경쟁 구도를 넓히고 있다. 외식업계 관계자는 “고물가로 소비자들이 지출을 더 꼼꼼히 따지면서 뷔페가 다시 선택받고 있다”며... ,https://m.skyedaily.com/news_view.html?ID=303472,,
샤브올데이,single_term_fallback,샤브올데이,,뷔페 프랜차이즈 성장세...아워홈도 뛰어든다,"Wed, 29 Apr 2026 16:47:00 +0900",,,,https://www.kpinews.kr/newsView/1065597411126613,naver_news,샤브올데이,canonical,1.0,2026-05-26T11:17:08.716974+00:00,0,0,0,0,,최근 필리핀 외식기업 졸리비는 명륜당의 자회사인 올데이프레쉬가 운영하는 샤브샤브 뷔페 '<b>샤브올데이</b>'를 1300억 원에 인수했다. 올데이프레쉬의 지난해 매출액은 2099억 원이다. 전년 매출(540억 원) 대비 1년새 4배... ,"{""title"": ""뷔페 프랜차이즈 성장세...아워홈도 뛰어든다"", ""originallink"": ""https://www.kpinews.kr/newsView/1065597411126613"", ""link"": ""https://www.kpinews.kr/newsView/1065597411126613"", ""description"": ""최근 필리핀 외식기업 졸리비는 명륜당의 자회사인 올데이프레쉬가 운영하는 샤브샤브 뷔페 '<b>샤브올데이</b>'를 1300억 원에 인수했다. 올데이프레쉬의 지난해 매출액은 2099억 원이다. 전년 매출(540억 원) 대비 1년새 4배... "", ""pubDate"": ""Wed, 29 Apr 2026 16:47:00 +0900""}",최근 필리핀 외식기업 졸리비는 명륜당의 자회사인 올데이프레쉬가 운영하는 샤브샤브 뷔페 '<b>샤브올데이</b>'를 1300억 원에 인수했다. 올데이프레쉬의 지난해 매출액은 2099억 원이다. 전년 매출(540억 원) 대비 1년새 4배... ,https://www.kpinews.kr/newsView/1065597411126613,,
샤브올데이,single_term_fallback,샤브올데이,,"아워홈, 뷔페 전쟁 참전…애슐리·빕스에 '테이크'로 도전장","Wed, 29 Apr 2026 11:04:00 +0900",,,,http://www.newsprime.co.kr/news/article.html?no=731911,naver_news,샤브올데이,canonical,1.0,2026-05-26T11:17:08.716974+00:00,0,0,0,0,,무한리필 샤브샤브 브랜드 <b>샤브올데이</b> 등 신흥 브랜드도 빠르게 몸집을 키우며 외식 시장 내 '뷔페 패권 경쟁'이 본격화하는 모습이다. 아워홈이 선보이는 테이크의 콘셉트는 '글로벌 푸드 마켓'이다. 세계 각국의... ,"{""title"": ""아워홈, 뷔페 전쟁 참전…애슐리·빕스에 '테이크'로 도전장"", ""originallink"": ""http://www.newsprime.co.kr/news/article.html?no=731911"", ""link"": ""http://www.newsprime.co.kr/news/article.html?no=731911"", ""description"": ""무한리필 샤브샤브 브랜드 <b>샤브올데이</b> 등 신흥 브랜드도 빠르게 몸집을 키우며 외식 시장 내 '뷔페 패권 경쟁'이 본격화하는 모습이다. 아워홈이 선보이는 테이크의 콘셉트는 '글로벌 푸드 마켓'이다. 세계 각국의... "", ""pubDate"": ""Wed, 29 Apr 2026 11:04:00 +0900""}",무한리필 샤브샤브 브랜드 <b>샤브올데이</b> 등 신흥 브랜드도 빠르게 몸집을 키우며 외식 시장 내 '뷔페 패권 경쟁'이 본격화하는 모습이다. 아워홈이 선보이는 테이크의 콘셉트는 '글로벌 푸드 마켓'이다. 세계 각국의... ,http://www.newsprime.co.kr/news/article.html?no=731911,,
샤브올데이,single_term_fallback,샤브올데이,,"<b>샤브올데이</b>, 5월 한 달간 네이버페이 결제 시 포인트 적립 행사 진행","Tue, 28 Apr 2026 11:10:00 +0900",,,,https://www.shinailbo.co.kr/news/articleView.html?idxno=5015158,naver_news,샤브올데이,canonical,1.0,2026-05-26T11:17:08.716974+00:00,0,0,0,0,,"샤브샤브 전문 외식 브랜드 <b>샤브올데이</b>가 5월 가정의 달을 맞아 네이버페이 결제 고객을 대상으로 포인트 적립 행사를 진행한다. 이번 행사는 2026년 5월 1일부터 5월 31일까지 한 달간 운영되며, 행사 기간 중 매장을... ","{""title"": ""<b>샤브올데이</b>, 5월 한 달간 네이버페이 결제 시 포인트 적립 행사 진행"", ""originallink"": ""https://www.shinailbo.co.kr/news/articleView.html?idxno=5015158"", ""link"": ""https://www.shinailbo.co.kr/news/articleView.html?idxno=5015158"", ""description"": ""샤브샤브 전문 외식 브랜드 <b>샤브올데이</b>가 5월 가정의 달을 맞아 네이버페이 결제 고객을 대상으로 포인트 적립 행사를 진행한다. 이번 행사는 2026년 5월 1일부터 5월 31일까지 한 달간 운영되며, 행사 기간 중 매장을... "", ""pubDate"": ""Tue, 28 Apr 2026 11:10:00 +0900""}","샤브샤브 전문 외식 브랜드 <b>샤브올데이</b>가 5월 가정의 달을 맞아 네이버페이 결제 고객을 대상으로 포인트 적립 행사를 진행한다. 이번 행사는 2026년 5월 1일부터 5월 31일까지 한 달간 운영되며, 행사 기간 중 매장을... ",https://www.shinailbo.co.kr/news/articleView.html?idxno=5015158,,
샤브올데이,single_term_fallback,샤브올데이,,"[고물가 시대, 유통의 재구성 ③] '무한 리필' 부활, 가성비 뷔페 전성시...","Tue, 28 Apr 2026 10:06:00 +0900",,,,http://www.newsprime.co.kr/news/article.html?no=731724,naver_news,샤브올데이,canonical,1.0,2026-05-26T11:17:08.716974+00:00,0,0,0,0,,◆애슐리·빕스의 부활과 '<b>샤브올데이</b>'의 맹렬한 돌풍 뷔페 전성시대의 귀환을 이끄는 것은 패밀리 레스토랑의 원조 격인 이랜드이츠의 '애슐리퀸즈'와 CJ푸드빌의 '빕스'다. 애슐리퀸즈는 2022년 59개였던 매장 수를... ,"{""title"": ""[고물가 시대, 유통의 재구성 ③] '무한 리필' 부활, 가성비 뷔페 전성시..."", ""originallink"": ""http://www.newsprime.co.kr/news/article.html?no=731724"", ""link"": ""http://www.newsprime.co.kr/news/article.html?no=731724"", ""description"": ""◆애슐리·빕스의 부활과 '<b>샤브올데이</b>'의 맹렬한 돌풍 뷔페 전성시대의 귀환을 이끄는 것은 패밀리 레스토랑의 원조 격인 이랜드이츠의 '애슐리퀸즈'와 CJ푸드빌의 '빕스'다. 애슐리퀸즈는 2022년 59개였던 매장 수를... "", ""pubDate"": ""Tue, 28 Apr 2026 10:06:00 +0900""}",◆애슐리·빕스의 부활과 '<b>샤브올데이</b>'의 맹렬한 돌풍 뷔페 전성시대의 귀환을 이끄는 것은 패밀리 레스토랑의 원조 격인 이랜드이츠의 '애슐리퀸즈'와 CJ푸드빌의 '빕스'다. 애슐리퀸즈는 2022년 59개였던 매장 수를... ,http://www.newsprime.co.kr/news/article.html?no=731724,,
샤브올데이,single_term_fallback,샤브올데이,,7000까지 5.8% 남았다…외국인 1조 순매수,"Tue, 28 Apr 2026 07:13:00 +0900",,,,https://n.news.naver.com/mnews/article/011/0004615320?sid=105,naver_news,샤브올데이,canonical,1.0,2026-05-26T11:17:08.716974+00:00,0,0,0,0,,"글로벌 PEF(사모펀드) 칼라일 그룹은 이날 KFC코리아 경영권 인수를 마무리했고, 필리핀 기업 졸리비푸드는 <b>샤브올데이</b> 운영사 지분 100%를 약 1300억 원에 인수해 동남아 진출을 검토 중이다. 해외 자본의 국내... ","{""title"": ""7000까지 5.8% 남았다…외국인 1조 순매수"", ""originallink"": ""https://www.sedaily.com/article/20037825?ref=naver"", ""link"": ""https://n.news.naver.com/mnews/article/011/0004615320?sid=105"", ""description"": ""글로벌 PEF(사모펀드) 칼라일 그룹은 이날 KFC코리아 경영권 인수를 마무리했고, 필리핀 기업 졸리비푸드는 <b>샤브올데이</b> 운영사 지분 100%를 약 1300억 원에 인수해 동남아 진출을 검토 중이다. 해외 자본의 국내... "", ""pubDate"": ""Tue, 28 Apr 2026 07:13:00 +0900""}","글로벌 PEF(사모펀드) 칼라일 그룹은 이날 KFC코리아 경영권 인수를 마무리했고, 필리핀 기업 졸리비푸드는 <b>샤브올데이</b> 운영사 지분 100%를 약 1300억 원에 인수해 동남아 진출을 검토 중이다. 해외 자본의 국내... ",https://www.sedaily.com/article/20037825?ref=naver,,
샤브올데이,single_term_fallback,샤브올데이,,해외 자본 몰린다…K프랜차이즈 줄줄이 인수,"Tue, 28 Apr 2026 07:13:00 +0900",,,,https://n.news.naver.com/mnews/article/011/0004615319?sid=105,naver_news,샤브올데이,canonical,1.0,2026-05-26T11:17:08.716974+00:00,0,0,0,0,,"졸리비푸드의 <b>샤브올데이</b> 인수, 컴포즈커피 경영권 이전 등 해외 자본의 국내 프랜차이즈 투자가 연이어 성사되고 있다. ■ 중국 전기차의 글로벌 기술 역전: 메르세데스벤츠와 BMW가 중국 자율주행 기업 모멘타... ","{""title"": ""해외 자본 몰린다…K프랜차이즈 줄줄이 인수"", ""originallink"": ""https://www.sedaily.com/article/20037824?ref=naver"", ""link"": ""https://n.news.naver.com/mnews/article/011/0004615319?sid=105"", ""description"": ""졸리비푸드의 <b>샤브올데이</b> 인수, 컴포즈커피 경영권 이전 등 해외 자본의 국내 프랜차이즈 투자가 연이어 성사되고 있다. ■ 중국 전기차의 글로벌 기술 역전: 메르세데스벤츠와 BMW가 중국 자율주행 기업 모멘타... "", ""pubDate"": ""Tue, 28 Apr 2026 07:13:00 +0900""}","졸리비푸드의 <b>샤브올데이</b> 인수, 컴포즈커피 경영권 이전 등 해외 자본의 국내 프랜차이즈 투자가 연이어 성사되고 있다. ■ 중국 전기차의 글로벌 기술 역전: 메르세데스벤츠와 BMW가 중국 자율주행 기업 모멘타... ",https://www.sedaily.com/article/20037824?ref=naver,,
샤브올데이,single_term_fallback,샤브올데이,,청년 실업률 7.4% 4년 만에 최고…정부·재계 700개사 채용박람회 연다,"Tue, 28 Apr 2026 07:11:00 +0900",,,,https://n.news.naver.com/mnews/article/011/0004615316?sid=101,naver_news,샤브올데이,canonical,1.0,2026-05-26T11:17:08.716974+00:00,0,0,0,0,,"■ 청년 고용 한파와 대규모 채용 기회 공존: 올 1분기 청년층 실업률이 7.4%로 팬데믹 정점이던 2021년 이후... 글로벌 PEF 칼라일 그룹의 KFC코리아 인수, 필리핀 졸리비푸드의 <b>샤브올데이</b>·컴포즈커피 인수... ","{""title"": ""청년 실업률 7.4% 4년 만에 최고…정부·재계 700개사 채용박람회 연다"", ""originallink"": ""https://www.sedaily.com/article/20037821?ref=naver"", ""link"": ""https://n.news.naver.com/mnews/article/011/0004615316?sid=101"", ""description"": ""■ 청년 고용 한파와 대규모 채용 기회 공존: 올 1분기 청년층 실업률이 7.4%로 팬데믹 정점이던 2021년 이후... 글로벌 PEF 칼라일 그룹의 KFC코리아 인수, 필리핀 졸리비푸드의 <b>샤브올데이</b>·컴포즈커피 인수... "", ""pubDate"": ""Tue, 28 Apr 2026 07:11:00 +0900""}","■ 청년 고용 한파와 대규모 채용 기회 공존: 올 1분기 청년층 실업률이 7.4%로 팬데믹 정점이던 2021년 이후... 글로벌 PEF 칼라일 그룹의 KFC코리아 인수, 필리핀 졸리비푸드의 <b>샤브올데이</b>·컴포즈커피 인수... ",https://www.sedaily.com/article/20037821?ref=naver,,
샤브올데이,single_term_fallback,샤브올데이,,K푸드 기획력·노하우로 몸값 껑충…해외 자본도 눈독,"Mon, 27 Apr 2026 17:32:00 +0900",,,,https://n.news.naver.com/mnews/article/011/0004615173?sid=101,naver_news,샤브올데이,canonical,1.0,2026-05-26T11:17:08.716974+00:00,0,0,0,0,,이달 <b>샤브올데이</b> 운영사 올데이프레쉬 지분 100%를 약 1300억 원에 인수한 필리핀 기업 졸리비푸드는 <b>샤브올데이</b>의 동남아 시장 진출을 검토 중이다. 졸리비푸드는 앞서 컴포즈커피 경영권도 인수했다. 올해 1월... ,"{""title"": ""K푸드 기획력·노하우로 몸값 껑충…해외 자본도 눈독"", ""originallink"": ""https://www.sedaily.com/article/20037679?ref=naver"", ""link"": ""https://n.news.naver.com/mnews/article/011/0004615173?sid=101"", ""description"": ""이달 <b>샤브올데이</b> 운영사 올데이프레쉬 지분 100%를 약 1300억 원에 인수한 필리핀 기업 졸리비푸드는 <b>샤브올데이</b>의 동남아 시장 진출을 검토 중이다. 졸리비푸드는 앞서 컴포즈커피 경영권도 인수했다. 올해 1월... "", ""pubDate"": ""Mon, 27 Apr 2026 17:32:00 +0900""}",이달 <b>샤브올데이</b> 운영사 올데이프레쉬 지분 100%를 약 1300억 원에 인수한 필리핀 기업 졸리비푸드는 <b>샤브올데이</b>의 동남아 시장 진출을 검토 중이다. 졸리비푸드는 앞서 컴포즈커피 경영권도 인수했다. 올해 1월... ,https://www.sedaily.com/article/20037679?ref=naver,,
샤브올데이,single_term_fallback,샤브올데이,,"'3억원 내걸고' 日버거킹, '경쟁사 점주 영입' 총공세","Sat, 25 Apr 2026 10:28:00 +0900",,,,https://n.news.naver.com/mnews/article/003/0013909110?sid=104,naver_news,샤브올데이,canonical,1.0,2026-05-26T11:17:08.716974+00:00,0,0,0,0,,특히 졸리비는 최근 한국의 샤부샤부 체인 '<b>샤브올데이</b>' 운영사인 올데이프레시를 1300억원에 인수하며 한국 시장 공략을 강화했다. 한국 내 172개 <b>샤브올데이</b> 매장은 연간 약 4800억 원의 매출을 올리고 있는데... ,"{""title"": ""'3억원 내걸고' 日버거킹, '경쟁사 점주 영입' 총공세"", ""originallink"": ""https://www.newsis.com/view/NISX20260425_0003606047"", ""link"": ""https://n.news.naver.com/mnews/article/003/0013909110?sid=104"", ""description"": ""특히 졸리비는 최근 한국의 샤부샤부 체인 '<b>샤브올데이</b>' 운영사인 올데이프레시를 1300억원에 인수하며 한국 시장 공략을 강화했다. 한국 내 172개 <b>샤브올데이</b> 매장은 연간 약 4800억 원의 매출을 올리고 있는데... "", ""pubDate"": ""Sat, 25 Apr 2026 10:28:00 +0900""}",특히 졸리비는 최근 한국의 샤부샤부 체인 '<b>샤브올데이</b>' 운영사인 올데이프레시를 1300억원에 인수하며 한국 시장 공략을 강화했다. 한국 내 172개 <b>샤브올데이</b> 매장은 연간 약 4800억 원의 매출을 올리고 있는데... ,https://www.newsis.com/view/NISX20260425_0003606047,,
샤브올데이,single_term_fallback,샤브올데이,,"[기자수첩] 매각 우선, '본말전도' 프랜차이즈","Sat, 25 Apr 2026 09:00:00 +0900",,,,https://www.seoulfn.com/news/articleView.html?idxno=627227,naver_news,샤브올데이,canonical,1.0,2026-05-26T11:17:08.716974+00:00,0,0,0,0,,"약 1300억원에 거래된 '<b>샤브올데이</b>'는 150개 안팎 점포 규모에서 해외 PEF에 매각됐다. 업계에서는 이를 두고 &quot;잘나갈 때 파는 구조&quot;라는 평가와 함께, 기존 운영사의 차입금 상환 등 재무 개선 수요가 PEF에 유리하게... ","{""title"": ""[기자수첩] 매각 우선, '본말전도' 프랜차이즈"", ""originallink"": ""https://www.seoulfn.com/news/articleView.html?idxno=627227"", ""link"": ""https://www.seoulfn.com/news/articleView.html?idxno=627227"", ""description"": ""약 1300억원에 거래된 '<b>샤브올데이</b>'는 150개 안팎 점포 규모에서 해외 PEF에 매각됐다. 업계에서는 이를 두고 &quot;잘나갈 때 파는 구조&quot;라는 평가와 함께, 기존 운영사의 차입금 상환 등 재무 개선 수요가 PEF에 유리하게... "", ""pubDate"": ""Sat, 25 Apr 2026 09:00:00 +0900""}","약 1300억원에 거래된 '<b>샤브올데이</b>'는 150개 안팎 점포 규모에서 해외 PEF에 매각됐다. 업계에서는 이를 두고 &quot;잘나갈 때 파는 구조&quot;라는 평가와 함께, 기존 운영사의 차입금 상환 등 재무 개선 수요가 PEF에 유리하게... ",https://www.seoulfn.com/news/articleView.html?idxno=627227,,
샤브올데이,single_term_fallback,샤브올데이,,"[기자수첩] 컴포즈커피 인수한 졸리비푸드, '상생' 안 보인다","Fri, 24 Apr 2026 07:00:00 +0900",,,,https://www.startuptoday.co.kr/news/articleView.html?idxno=610988,naver_news,샤브올데이,canonical,1.0,2026-05-26T11:17:08.716974+00:00,0,0,0,0,,최근엔 국내 샤브샤브 프랜차이즈 <b>샤브올데이</b>를 약 1300억 원에 사들이며 한국에서 공격적인 행보를 보이고 있으나 매장들과 같이 성장하려는 '상생 정신'이 느껴지지 않는다. 비교적 빠른 기간 안에 3100여 개(2026년 3월... ,"{""title"": ""[기자수첩] 컴포즈커피 인수한 졸리비푸드, '상생' 안 보인다"", ""originallink"": ""https://www.startuptoday.co.kr/news/articleView.html?idxno=610988"", ""link"": ""https://www.startuptoday.co.kr/news/articleView.html?idxno=610988"", ""description"": ""최근엔 국내 샤브샤브 프랜차이즈 <b>샤브올데이</b>를 약 1300억 원에 사들이며 한국에서 공격적인 행보를 보이고 있으나 매장들과 같이 성장하려는 '상생 정신'이 느껴지지 않는다. 비교적 빠른 기간 안에 3100여 개(2026년 3월... "", ""pubDate"": ""Fri, 24 Apr 2026 07:00:00 +0900""}",최근엔 국내 샤브샤브 프랜차이즈 <b>샤브올데이</b>를 약 1300억 원에 사들이며 한국에서 공격적인 행보를 보이고 있으나 매장들과 같이 성장하려는 '상생 정신'이 느껴지지 않는다. 비교적 빠른 기간 안에 3100여 개(2026년 3월... ,https://www.startuptoday.co.kr/news/articleView.html?idxno=610988,,
샤브올데이,single_term_fallback,샤브올데이,,"명륜당, 필리핀 졸리비푸드에 '<b>샤브올데이</b>' 매각... 현금 확보에도 수익...","Thu, 23 Apr 2026 13:08:00 +0900",,,,http://www.newslock.co.kr/news/articleView.html?idxno=129185,naver_news,샤브올데이,canonical,1.0,2026-05-26T11:17:08.716974+00:00,0,0,0,0,,"명륜당이 '<b>샤브올데이</b>'를 필리핀 외식기업 졸리비에 매각하며 유동성 확보에 나섰다. 매각과 함께 1300억 원 규모의 현금을 손에 쥐며 급한 불은 껐으나, 악화된 수익성 지표와 오너 리스크 등 근본적인 불안 요소는... ","{""title"": ""명륜당, 필리핀 졸리비푸드에 '<b>샤브올데이</b>' 매각... 현금 확보에도 수익..."", ""originallink"": ""http://www.newslock.co.kr/news/articleView.html?idxno=129185"", ""link"": ""http://www.newslock.co.kr/news/articleView.html?idxno=129185"", ""description"": ""명륜당이 '<b>샤브올데이</b>'를 필리핀 외식기업 졸리비에 매각하며 유동성 확보에 나섰다. 매각과 함께 1300억 원 규모의 현금을 손에 쥐며 급한 불은 껐으나, 악화된 수익성 지표와 오너 리스크 등 근본적인 불안 요소는... "", ""pubDate"": ""Thu, 23 Apr 2026 13:08:00 +0900""}","명륜당이 '<b>샤브올데이</b>'를 필리핀 외식기업 졸리비에 매각하며 유동성 확보에 나섰다. 매각과 함께 1300억 원 규모의 현금을 손에 쥐며 급한 불은 껐으나, 악화된 수익성 지표와 오너 리스크 등 근본적인 불안 요소는... ",http://www.newslock.co.kr/news/articleView.html?idxno=129185,,
샤브올데이,single_term_fallback,샤브올데이,,"삼성생명, 26일 챔프전 3차전 시투자로 '20-21시즌 영웅' 김보미 해설위...","Thu, 23 Apr 2026 12:16:00 +0900",,,,https://m.sports.naver.com/basketball/article/117/0004057329,naver_news,샤브올데이,canonical,1.0,2026-05-26T11:17:08.716974+00:00,0,0,0,0,,"이밖에도 이디야 라떼 세트, <b>샤브올데이</b> 식사권, 온잠베개, 버팔로 캠핑용품, 매일유업 셀렉스 프로핏, 해태제과 과자, 뜸들이다 제품 등 다양한 경품이 경기 중 이벤트를 통해 제공된다. 한편, 삼성생명의 홈경기... ","{""title"": ""삼성생명, 26일 챔프전 3차전 시투자로 '20-21시즌 영웅' 김보미 해설위..."", ""originallink"": ""https://www.mydaily.co.kr/page/view/2026042310163165981"", ""link"": ""https://m.sports.naver.com/basketball/article/117/0004057329"", ""description"": ""이밖에도 이디야 라떼 세트, <b>샤브올데이</b> 식사권, 온잠베개, 버팔로 캠핑용품, 매일유업 셀렉스 프로핏, 해태제과 과자, 뜸들이다 제품 등 다양한 경품이 경기 중 이벤트를 통해 제공된다. 한편, 삼성생명의 홈경기... "", ""pubDate"": ""Thu, 23 Apr 2026 12:16:00 +0900""}","이밖에도 이디야 라떼 세트, <b>샤브올데이</b> 식사권, 온잠베개, 버팔로 캠핑용품, 매일유업 셀렉스 프로핏, 해태제과 과자, 뜸들이다 제품 등 다양한 경품이 경기 중 이벤트를 통해 제공된다. 한편, 삼성생명의 홈경기... ",https://www.mydaily.co.kr/page/view/2026042310163165981,,
샤브올데이,single_term_fallback,샤브올데이,,"'챔프전 전설 기운 받는다' 여자프로농구 삼성생명, 챔피언결정전 3차전...","Thu, 23 Apr 2026 11:45:00 +0900",,,,https://m.sports.naver.com/basketball/article/139/0002246091,naver_news,샤브올데이,canonical,1.0,2026-05-26T11:17:08.716974+00:00,0,0,0,0,,"이밖에도 이디야 라떼 세트, <b>샤브올데이</b> 식사권, 온잠베개, 버팔로 캠핑용품, 매일유업 셀렉스 프로핏, 해태제과 과자, 뜸들이다 제품 등 다양한 경품이 경기 중 이벤트를 통해 제공될 예정이다. 한편, 용인... ","{""title"": ""'챔프전 전설 기운 받는다' 여자프로농구 삼성생명, 챔피언결정전 3차전..."", ""originallink"": ""https://www.sportalkorea.com/news/articleView.html?idxno=2025052909553162046"", ""link"": ""https://m.sports.naver.com/basketball/article/139/0002246091"", ""description"": ""이밖에도 이디야 라떼 세트, <b>샤브올데이</b> 식사권, 온잠베개, 버팔로 캠핑용품, 매일유업 셀렉스 프로핏, 해태제과 과자, 뜸들이다 제품 등 다양한 경품이 경기 중 이벤트를 통해 제공될 예정이다. 한편, 용인... "", ""pubDate"": ""Thu, 23 Apr 2026 11:45:00 +0900""}","이밖에도 이디야 라떼 세트, <b>샤브올데이</b> 식사권, 온잠베개, 버팔로 캠핑용품, 매일유업 셀렉스 프로핏, 해태제과 과자, 뜸들이다 제품 등 다양한 경품이 경기 중 이벤트를 통해 제공될 예정이다. 한편, 용인... ",https://www.sportalkorea.com/news/articleView.html?idxno=2025052909553162046,,
샤브올데이,single_term_fallback,샤브올데이,,"우승 이끈 김보미 해설위원, 삼성생명 챔프 3차전 시투","Thu, 23 Apr 2026 11:01:00 +0900",,,,https://m.sports.naver.com/basketball/article/398/0000099133,naver_news,샤브올데이,canonical,1.0,2026-05-26T11:17:08.716974+00:00,0,0,0,0,,"이밖에도 이디야 라떼 세트, <b>샤브올데이</b> 식사권, 온잠베개, 버팔로 캠핑용품, 매일유업 셀렉스 프로핏, 해태제과 과자, 뜸들이다 제품 등 다양한 경품이 경기 중 이벤트를 통해 제공될 예정이다. 한편, 용인... ","{""title"": ""우승 이끈 김보미 해설위원, 삼성생명 챔프 3차전 시투"", ""originallink"": ""http://www.rookie.co.kr/news/articleView.html?idxno=122376"", ""link"": ""https://m.sports.naver.com/basketball/article/398/0000099133"", ""description"": ""이밖에도 이디야 라떼 세트, <b>샤브올데이</b> 식사권, 온잠베개, 버팔로 캠핑용품, 매일유업 셀렉스 프로핏, 해태제과 과자, 뜸들이다 제품 등 다양한 경품이 경기 중 이벤트를 통해 제공될 예정이다. 한편, 용인... "", ""pubDate"": ""Thu, 23 Apr 2026 11:01:00 +0900""}","이밖에도 이디야 라떼 세트, <b>샤브올데이</b> 식사권, 온잠베개, 버팔로 캠핑용품, 매일유업 셀렉스 프로핏, 해태제과 과자, 뜸들이다 제품 등 다양한 경품이 경기 중 이벤트를 통해 제공될 예정이다. 한편, 용인... ",http://www.rookie.co.kr/news/articleView.html?idxno=122376,,
샤브올데이,single_term_fallback,샤브올데이,,"‘우승 주역’ 김보미 해설위원, 26일 삼성생명 vs KB 챔프 3차전 시투","Thu, 23 Apr 2026 09:01:00 +0900",,,,https://m.sports.naver.com/basketball/article/468/0001236088,naver_news,샤브올데이,canonical,1.0,2026-05-26T11:17:08.716974+00:00,0,0,0,0,,"이밖에도 이디야 라떼 세트, <b>샤브올데이</b> 식사권, 온잠베개, 버팔로 캠핑용품, 매일유업 셀렉스 프로핏, 해태제과 과자, 뜸들이다 제품 등 다양한 경품이 경기 중 이벤트를 통해 제공될 예정이다. 한편 홈경기 예매는... ","{""title"": ""‘우승 주역’ 김보미 해설위원, 26일 삼성생명 vs KB 챔프 3차전 시투"", ""originallink"": ""https://www.sportsseoul.com/news/read/1604871?ref=naver"", ""link"": ""https://m.sports.naver.com/basketball/article/468/0001236088"", ""description"": ""이밖에도 이디야 라떼 세트, <b>샤브올데이</b> 식사권, 온잠베개, 버팔로 캠핑용품, 매일유업 셀렉스 프로핏, 해태제과 과자, 뜸들이다 제품 등 다양한 경품이 경기 중 이벤트를 통해 제공될 예정이다. 한편 홈경기 예매는... "", ""pubDate"": ""Thu, 23 Apr 2026 09:01:00 +0900""}","이밖에도 이디야 라떼 세트, <b>샤브올데이</b> 식사권, 온잠베개, 버팔로 캠핑용품, 매일유업 셀렉스 프로핏, 해태제과 과자, 뜸들이다 제품 등 다양한 경품이 경기 중 이벤트를 통해 제공될 예정이다. 한편 홈경기 예매는... ",https://www.sportsseoul.com/news/read/1604871?ref=naver,,
샤브올데이,single_term_fallback,샤브올데이,,"삼성생명 우승 이끈 김보미 해설위원, 챔피언 결정전 3차전 시투","Thu, 23 Apr 2026 08:54:00 +0900",,,,https://m.sports.naver.com/basketball/article/351/0000086182,naver_news,샤브올데이,canonical,1.0,2026-05-26T11:17:08.716974+00:00,0,0,0,0,,"이밖에도 이디야 라떼 세트, <b>샤브올데이</b> 식사권, 온잠베개, 버팔로 캠핑용품, 매일유업 셀렉스 프로핏, 해태제과 과자, 뜸들이다 제품 등 다양한 경품이 경기 중 이벤트를 통해 제공될 예정이다. 한편, 용인... ","{""title"": ""삼성생명 우승 이끈 김보미 해설위원, 챔피언 결정전 3차전 시투"", ""originallink"": ""https://basketkorea.com/news/newsview.php?ncode=1065570737832795"", ""link"": ""https://m.sports.naver.com/basketball/article/351/0000086182"", ""description"": ""이밖에도 이디야 라떼 세트, <b>샤브올데이</b> 식사권, 온잠베개, 버팔로 캠핑용품, 매일유업 셀렉스 프로핏, 해태제과 과자, 뜸들이다 제품 등 다양한 경품이 경기 중 이벤트를 통해 제공될 예정이다. 한편, 용인... "", ""pubDate"": ""Thu, 23 Apr 2026 08:54:00 +0900""}","이밖에도 이디야 라떼 세트, <b>샤브올데이</b> 식사권, 온잠베개, 버팔로 캠핑용품, 매일유업 셀렉스 프로핏, 해태제과 과자, 뜸들이다 제품 등 다양한 경품이 경기 중 이벤트를 통해 제공될 예정이다. 한편, 용인... ",https://basketkorea.com/news/newsview.php?ncode=1065570737832795,,
샤브올데이,single_term_fallback,샤브올데이,,"‘우승의 주역’ 김보미 해설위원, 용인에 뜬다…삼성생명 챔프 3차전 ...","Thu, 23 Apr 2026 08:03:00 +0900",,,,https://m.sports.naver.com/basketball/article/396/0000742591,naver_news,샤브올데이,canonical,1.0,2026-05-26T11:17:08.716974+00:00,0,0,0,0,,"이밖에도 이디야 라떼 세트, <b>샤브올데이</b> 식사권, 온잠베개, 버팔로 캠핑용품, 매일유업 셀렉스 프로핏, 해태제과 과자, 뜸들이다 제품 등 다양한 경품이 경기 중 이벤트를 통해 제공될 예정이다. 한편, 용인... ","{""title"": ""‘우승의 주역’ 김보미 해설위원, 용인에 뜬다…삼성생명 챔프 3차전 ..."", ""originallink"": ""https://www.sportsworldi.com/newsView/20260423503173"", ""link"": ""https://m.sports.naver.com/basketball/article/396/0000742591"", ""description"": ""이밖에도 이디야 라떼 세트, <b>샤브올데이</b> 식사권, 온잠베개, 버팔로 캠핑용품, 매일유업 셀렉스 프로핏, 해태제과 과자, 뜸들이다 제품 등 다양한 경품이 경기 중 이벤트를 통해 제공될 예정이다. 한편, 용인... "", ""pubDate"": ""Thu, 23 Apr 2026 08:03:00 +0900""}","이밖에도 이디야 라떼 세트, <b>샤브올데이</b> 식사권, 온잠베개, 버팔로 캠핑용품, 매일유업 셀렉스 프로핏, 해태제과 과자, 뜸들이다 제품 등 다양한 경품이 경기 중 이벤트를 통해 제공될 예정이다. 한편, 용인... ",https://www.sportsworldi.com/newsView/20260423503173,,
샤브올데이,single_term_fallback,샤브올데이,,"‘최초 4위 우승 주역’ 김보미 해설위원, 25일 삼성생명 챔피언결정전...","Thu, 23 Apr 2026 08:03:00 +0900",,,,https://m.sports.naver.com/basketball/article/065/0000296735,naver_news,샤브올데이,canonical,1.0,2026-05-26T11:17:08.716974+00:00,0,0,0,0,,"이밖에도 이디야 라떼 세트, <b>샤브올데이</b> 식사권, 온잠베개, 버팔로 캠핑용품, 매일유업 셀렉스 프로핏, 해태제과 과자, 뜸들이다 제품 등 다양한 경품이 경기 중 이벤트를 통해 제공될 예정이다. 한편, 삼성생명의... ","{""title"": ""‘최초 4위 우승 주역’ 김보미 해설위원, 25일 삼성생명 챔피언결정전..."", ""originallink"": """", ""link"": ""https://m.sports.naver.com/basketball/article/065/0000296735"", ""description"": ""이밖에도 이디야 라떼 세트, <b>샤브올데이</b> 식사권, 온잠베개, 버팔로 캠핑용품, 매일유업 셀렉스 프로핏, 해태제과 과자, 뜸들이다 제품 등 다양한 경품이 경기 중 이벤트를 통해 제공될 예정이다. 한편, 삼성생명의... "", ""pubDate"": ""Thu, 23 Apr 2026 08:03:00 +0900""}","이밖에도 이디야 라떼 세트, <b>샤브올데이</b> 식사권, 온잠베개, 버팔로 캠핑용품, 매일유업 셀렉스 프로핏, 해태제과 과자, 뜸들이다 제품 등 다양한 경품이 경기 중 이벤트를 통해 제공될 예정이다. 한편, 삼성생명의... ",,,
샤브올데이,single_term_fallback,샤브올데이,,“옆집이 또 컴포즈?”…점주들 ‘상권 붕괴’ vs 본사 ‘문제 없다’,"Wed, 22 Apr 2026 10:00:00 +0900",,,,https://www.megaeconomy.co.kr/news/newsview.php?ncode=1065573282707266,naver_news,샤브올데이,canonical,1.0,2026-05-26T11:17:08.716974+00:00,0,0,0,0,,최근에는 국내 무한리필 샤브샤브 전문 프랜차이즈 <b>샤브올데이</b>를 운영하는 올데이프레쉬의 지분 100%를 약 1300억원에 인수하기도 했다. 또다른 업계 관계자는 &quot;국내 기업과 글로벌 기업의 차이라고 생각해 볼 수 있다&quot;라며... ,"{""title"": ""“옆집이 또 컴포즈?”…점주들 ‘상권 붕괴’ vs 본사 ‘문제 없다’"", ""originallink"": ""https://www.megaeconomy.co.kr/news/newsview.php?ncode=1065573282707266"", ""link"": ""https://www.megaeconomy.co.kr/news/newsview.php?ncode=1065573282707266"", ""description"": ""최근에는 국내 무한리필 샤브샤브 전문 프랜차이즈 <b>샤브올데이</b>를 운영하는 올데이프레쉬의 지분 100%를 약 1300억원에 인수하기도 했다. 또다른 업계 관계자는 &quot;국내 기업과 글로벌 기업의 차이라고 생각해 볼 수 있다&quot;라며... "", ""pubDate"": ""Wed, 22 Apr 2026 10:00:00 +0900""}",최근에는 국내 무한리필 샤브샤브 전문 프랜차이즈 <b>샤브올데이</b>를 운영하는 올데이프레쉬의 지분 100%를 약 1300억원에 인수하기도 했다. 또다른 업계 관계자는 &quot;국내 기업과 글로벌 기업의 차이라고 생각해 볼 수 있다&quot;라며... ,https://www.megaeconomy.co.kr/news/newsview.php?ncode=1065573282707266,,
샤브올데이,single_term_fallback,샤브올데이,,"<b>샤브올데이</b>, SKT T day 쿠폰 행사…22일 단하루 다운로드 가능","Wed, 22 Apr 2026 09:10:00 +0900",,,,https://www.shinailbo.co.kr/news/articleView.html?idxno=5013683,naver_news,샤브올데이,canonical,1.0,2026-05-26T11:17:08.716974+00:00,0,0,0,0,,샤브 뷔페 프랜차이즈 브랜드 '<b>샤브올데이</b>'가 SK텔레콤의 멤버십 프로그램 'T day'를 통해 특정 매장에서 사용할 수 있는 쿠폰이 오는 22일 하루 동안 제공한다. 이번 쿠폰은 당일 오전 9시부터 밤 11시 59분까지... ,"{""title"": ""<b>샤브올데이</b>, SKT T day 쿠폰 행사…22일 단하루 다운로드 가능"", ""originallink"": ""https://www.shinailbo.co.kr/news/articleView.html?idxno=5013683"", ""link"": ""https://www.shinailbo.co.kr/news/articleView.html?idxno=5013683"", ""description"": ""샤브 뷔페 프랜차이즈 브랜드 '<b>샤브올데이</b>'가 SK텔레콤의 멤버십 프로그램 'T day'를 통해 특정 매장에서 사용할 수 있는 쿠폰이 오는 22일 하루 동안 제공한다. 이번 쿠폰은 당일 오전 9시부터 밤 11시 59분까지... "", ""pubDate"": ""Wed, 22 Apr 2026 09:10:00 +0900""}",샤브 뷔페 프랜차이즈 브랜드 '<b>샤브올데이</b>'가 SK텔레콤의 멤버십 프로그램 'T day'를 통해 특정 매장에서 사용할 수 있는 쿠폰이 오는 22일 하루 동안 제공한다. 이번 쿠폰은 당일 오전 9시부터 밤 11시 59분까지... ,https://www.shinailbo.co.kr/news/articleView.html?idxno=5013683,,
샤브올데이,single_term_fallback,샤브올데이,,"졸리비, '컴포즈' 이어 '<b>샤브올데이</b>'까지 삼켰다···7.4조 실적 업고 ...","Tue, 21 Apr 2026 17:44:00 +0900",,,,https://www.sisajournal-e.com/news/articleView.html?idxno=420624,naver_news,샤브올데이,canonical,1.0,2026-05-26T11:17:08.716974+00:00,0,0,0,0,,필리핀 최대 외식 기업 졸리비푸드코퍼레이션(졸리비푸드)가 국내 무한리필 샤브샤브 프랜차이즈 '<b>샤브올데이</b>'를 약 1300억원에 인수했다. 2024년 컴포즈커피 인수에 이은 두 번째 국내 F&amp;B 투자로 한국 시장 내 영향력... ,"{""title"": ""졸리비, '컴포즈' 이어 '<b>샤브올데이</b>'까지 삼켰다···7.4조 실적 업고 ..."", ""originallink"": ""https://www.sisajournal-e.com/news/articleView.html?idxno=420624"", ""link"": ""https://www.sisajournal-e.com/news/articleView.html?idxno=420624"", ""description"": ""필리핀 최대 외식 기업 졸리비푸드코퍼레이션(졸리비푸드)가 국내 무한리필 샤브샤브 프랜차이즈 '<b>샤브올데이</b>'를 약 1300억원에 인수했다. 2024년 컴포즈커피 인수에 이은 두 번째 국내 F&amp;B 투자로 한국 시장 내 영향력... "", ""pubDate"": ""Tue, 21 Apr 2026 17:44:00 +0900""}",필리핀 최대 외식 기업 졸리비푸드코퍼레이션(졸리비푸드)가 국내 무한리필 샤브샤브 프랜차이즈 '<b>샤브올데이</b>'를 약 1300억원에 인수했다. 2024년 컴포즈커피 인수에 이은 두 번째 국내 F&amp;B 투자로 한국 시장 내 영향력... ,https://www.sisajournal-e.com/news/articleView.html?idxno=420624,,
샤브올데이,single_term_fallback,샤브올데이,,"커피빈코리아, 美 법원서 졸리비 제소…&quot;아일랜드 법인은 위장기업&quot;","Tue, 21 Apr 2026 10:58:00 +0900",,,,https://www.g-enews.com/view.php?ud=202604210947305029fbbec65dfb_1,naver_news,샤브올데이,canonical,1.0,2026-05-26T11:17:08.716974+00:00,0,0,0,0,,2026년 2월에는 샤브샤브 전문점 '<b>샤브올데이</b>' 인수 계약을 체결하는 등 한국 외식 시장 M&amp;A를 공격적으로 이어가고 있다. 인디펜던트는 커피빈코리아가 소장에서 &quot;JFC가 이후 한국에서 경쟁 커피 체인의 지배... ,"{""title"": ""커피빈코리아, 美 법원서 졸리비 제소…&quot;아일랜드 법인은 위장기업&quot;"", ""originallink"": ""https://www.g-enews.com/view.php?ud=202604210947305029fbbec65dfb_1"", ""link"": ""https://www.g-enews.com/view.php?ud=202604210947305029fbbec65dfb_1"", ""description"": ""2026년 2월에는 샤브샤브 전문점 '<b>샤브올데이</b>' 인수 계약을 체결하는 등 한국 외식 시장 M&amp;A를 공격적으로 이어가고 있다. 인디펜던트는 커피빈코리아가 소장에서 &quot;JFC가 이후 한국에서 경쟁 커피 체인의 지배... "", ""pubDate"": ""Tue, 21 Apr 2026 10:58:00 +0900""}",2026년 2월에는 샤브샤브 전문점 '<b>샤브올데이</b>' 인수 계약을 체결하는 등 한국 외식 시장 M&amp;A를 공격적으로 이어가고 있다. 인디펜던트는 커피빈코리아가 소장에서 &quot;JFC가 이후 한국에서 경쟁 커피 체인의 지배... ,https://www.g-enews.com/view.php?ud=202604210947305029fbbec65dfb_1,,
샤브올데이,single_term_fallback,샤브올데이,,컴포즈부터 <b>샤브올데이</b>까지…韓 식음료 큰 손 된 필리핀 '졸리비',"Tue, 21 Apr 2026 05:30:00 +0900",,,,https://n.news.naver.com/mnews/article/003/0013899185?sid=101,naver_news,샤브올데이,canonical,1.0,2026-05-26T11:17:08.716974+00:00,0,0,0,0,,20일 업계에 따르면 졸리비푸드코퍼레이션(졸리비푸드)는 최근 국내 무한리필 샤브샤브 전문 프랜차이즈 <b>샤브올데이</b>를 운영하는 올데이프레쉬의 지분 100%를 약 1300억원에 인수했다. 이에 앞서 2024년에는 저가커피... ,"{""title"": ""컴포즈부터 <b>샤브올데이</b>까지…韓 식음료 큰 손 된 필리핀 '졸리비'"", ""originallink"": ""https://www.newsis.com/view/NISX20260420_0003598780"", ""link"": ""https://n.news.naver.com/mnews/article/003/0013899185?sid=101"", ""description"": ""20일 업계에 따르면 졸리비푸드코퍼레이션(졸리비푸드)는 최근 국내 무한리필 샤브샤브 전문 프랜차이즈 <b>샤브올데이</b>를 운영하는 올데이프레쉬의 지분 100%를 약 1300억원에 인수했다. 이에 앞서 2024년에는 저가커피... "", ""pubDate"": ""Tue, 21 Apr 2026 05:30:00 +0900""}",20일 업계에 따르면 졸리비푸드코퍼레이션(졸리비푸드)는 최근 국내 무한리필 샤브샤브 전문 프랜차이즈 <b>샤브올데이</b>를 운영하는 올데이프레쉬의 지분 100%를 약 1300억원에 인수했다. 이에 앞서 2024년에는 저가커피... ,https://www.newsis.com/view/NISX20260420_0003598780,,
샤브올데이,single_term_fallback,샤브올데이,,"필리핀 졸리비푸드, 1300억에 '<b>샤브올데이</b>' 샀다","Mon, 20 Apr 2026 17:42:00 +0900",,,,https://n.news.naver.com/mnews/article/031/0001023476?sid=101,naver_news,샤브올데이,canonical,1.0,2026-05-26T11:17:08.716974+00:00,0,0,0,0,,필리핀 외식기업 졸리비푸드가 한국 무한리필 샤브샤브 프랜차이즈 <b>샤브올데이</b>를 인수했다. 20일 관련 업계와 연합뉴스 등에 따르면 졸리비푸드는 <b>샤브올데이</b> 운영사 올데이프레쉬 지분 100%를 약 1300억원에 인수했다.... ,"{""title"": ""필리핀 졸리비푸드, 1300억에 '<b>샤브올데이</b>' 샀다"", ""originallink"": ""http://www.inews24.com/view/1961864"", ""link"": ""https://n.news.naver.com/mnews/article/031/0001023476?sid=101"", ""description"": ""필리핀 외식기업 졸리비푸드가 한국 무한리필 샤브샤브 프랜차이즈 <b>샤브올데이</b>를 인수했다. 20일 관련 업계와 연합뉴스 등에 따르면 졸리비푸드는 <b>샤브올데이</b> 운영사 올데이프레쉬 지분 100%를 약 1300억원에 인수했다.... "", ""pubDate"": ""Mon, 20 Apr 2026 17:42:00 +0900""}",필리핀 외식기업 졸리비푸드가 한국 무한리필 샤브샤브 프랜차이즈 <b>샤브올데이</b>를 인수했다. 20일 관련 업계와 연합뉴스 등에 따르면 졸리비푸드는 <b>샤브올데이</b> 운영사 올데이프레쉬 지분 100%를 약 1300억원에 인수했다.... ,http://www.inews24.com/view/1961864,,
샤브올데이,single_term_fallback,샤브올데이,,"필리핀 졸리비푸드, <b>샤브올데이</b> 품었다","Mon, 20 Apr 2026 17:21:00 +0900",,,,https://n.news.naver.com/mnews/article/015/0005277218?sid=101,naver_news,샤브올데이,canonical,1.0,2026-05-26T11:17:08.716974+00:00,0,0,0,0,,필리핀 외식기업 졸리비푸드가 샤브샤브 전문 프랜차이즈 <b>샤브올데이</b>를 운영하는 올데이프레쉬 지분 100%를 약 1300억원에 인수했다고 20일 밝혔다. 주식매매계약(SPA)이 완료돼 올데이프레쉬는 모기업인 명륜당에서... ,"{""title"": ""필리핀 졸리비푸드, <b>샤브올데이</b> 품었다"", ""originallink"": ""https://www.hankyung.com/article/2026042037511"", ""link"": ""https://n.news.naver.com/mnews/article/015/0005277218?sid=101"", ""description"": ""필리핀 외식기업 졸리비푸드가 샤브샤브 전문 프랜차이즈 <b>샤브올데이</b>를 운영하는 올데이프레쉬 지분 100%를 약 1300억원에 인수했다고 20일 밝혔다. 주식매매계약(SPA)이 완료돼 올데이프레쉬는 모기업인 명륜당에서... "", ""pubDate"": ""Mon, 20 Apr 2026 17:21:00 +0900""}",필리핀 외식기업 졸리비푸드가 샤브샤브 전문 프랜차이즈 <b>샤브올데이</b>를 운영하는 올데이프레쉬 지분 100%를 약 1300억원에 인수했다고 20일 밝혔다. 주식매매계약(SPA)이 완료돼 올데이프레쉬는 모기업인 명륜당에서... ,https://www.hankyung.com/article/2026042037511,,
샤브올데이,single_term_fallback,샤브올데이,,"명륜당, <b>샤브올데이</b> 매각…빚 900억·오너 리스크 ‘숙제’","Mon, 20 Apr 2026 17:08:00 +0900",,,,https://www.sentv.co.kr/article/view/sentv202604200075,naver_news,샤브올데이,canonical,1.0,2026-05-26T11:17:08.716974+00:00,0,0,0,0,,"서울경제티브이 이혜연 기자 무한리필 샤브샤브로 유명한 ‘<b>샤브올데이</b>’가 필리핀 외식기업에 팔렸습니다. 모기업 명륜당은 1300억 원을 손에 쥐게 됐지만, 시장에서는 ‘절반의 성공’이라는 평가가 나옵니다. 매각... ","{""title"": ""명륜당, <b>샤브올데이</b> 매각…빚 900억·오너 리스크 ‘숙제’"", ""originallink"": ""https://www.sentv.co.kr/article/view/sentv202604200075"", ""link"": ""https://www.sentv.co.kr/article/view/sentv202604200075"", ""description"": ""서울경제티브이 이혜연 기자 무한리필 샤브샤브로 유명한 ‘<b>샤브올데이</b>’가 필리핀 외식기업에 팔렸습니다. 모기업 명륜당은 1300억 원을 손에 쥐게 됐지만, 시장에서는 ‘절반의 성공’이라는 평가가 나옵니다. 매각... "", ""pubDate"": ""Mon, 20 Apr 2026 17:08:00 +0900""}","서울경제티브이 이혜연 기자 무한리필 샤브샤브로 유명한 ‘<b>샤브올데이</b>’가 필리핀 외식기업에 팔렸습니다. 모기업 명륜당은 1300억 원을 손에 쥐게 됐지만, 시장에서는 ‘절반의 성공’이라는 평가가 나옵니다. 매각... ",https://www.sentv.co.kr/article/view/sentv202604200075,,
샤브올데이,single_term_fallback,샤브올데이,,"필리핀 졸리비푸드, 컴포즈커피 이어 '<b>샤브올데이</b>' 1300억원 인수","Mon, 20 Apr 2026 16:32:00 +0900",,,,https://weekly.hankooki.com/news/articleView.html?idxno=7160670,naver_news,샤브올데이,canonical,1.0,2026-05-26T11:17:08.716974+00:00,0,0,0,0,,"사진=올데이프레쉬 필리핀 외식기업 졸리비푸드가 국내 샤브샤브 프랜차이즈 <b>샤브올데이</b> 운영사 올데이프레쉬 지분 100% 인수를 완료했다고 20일 밝혔다. 인수 금액은 약 1300억원 규모로, 이번 거래 완료에 따라... ","{""title"": ""필리핀 졸리비푸드, 컴포즈커피 이어 '<b>샤브올데이</b>' 1300억원 인수"", ""originallink"": ""https://weekly.hankooki.com/news/articleView.html?idxno=7160670"", ""link"": ""https://weekly.hankooki.com/news/articleView.html?idxno=7160670"", ""description"": ""사진=올데이프레쉬 필리핀 외식기업 졸리비푸드가 국내 샤브샤브 프랜차이즈 <b>샤브올데이</b> 운영사 올데이프레쉬 지분 100% 인수를 완료했다고 20일 밝혔다. 인수 금액은 약 1300억원 규모로, 이번 거래 완료에 따라... "", ""pubDate"": ""Mon, 20 Apr 2026 16:32:00 +0900""}","사진=올데이프레쉬 필리핀 외식기업 졸리비푸드가 국내 샤브샤브 프랜차이즈 <b>샤브올데이</b> 운영사 올데이프레쉬 지분 100% 인수를 완료했다고 20일 밝혔다. 인수 금액은 약 1300억원 규모로, 이번 거래 완료에 따라... ",https://weekly.hankooki.com/news/articleView.html?idxno=7160670,,
샤브올데이,single_term_fallback,샤브올데이,,'필리핀 공룡' 졸리비의 K외식 사냥…컴포즈 이어 <b>샤브</b>까지 삼켰다,"Mon, 20 Apr 2026 16:02:00 +0900",,,,https://www.ebn.co.kr/news/articleView.html?idxno=1705967,naver_news,샤브올데이,canonical,1.0,2026-05-26T11:17:08.716974+00:00,0,0,0,0,,이번에는 샤브샤브 뷔페 프랜차이즈 '<b>샤브올데이</b>'를 품에 안으며 한국 외식 시장 공략을 한층 강화했다. ◆<b>샤브올데이</b> 100% 인수…1300억 베팅 20일 유통업계에 따르면 졸리비푸드는 <b>샤브올데이</b>를 운영하는 올데이프레쉬... ,"{""title"": ""'필리핀 공룡' 졸리비의 K외식 사냥…컴포즈 이어 <b>샤브</b>까지 삼켰다"", ""originallink"": ""https://www.ebn.co.kr/news/articleView.html?idxno=1705967"", ""link"": ""https://www.ebn.co.kr/news/articleView.html?idxno=1705967"", ""description"": ""이번에는 샤브샤브 뷔페 프랜차이즈 '<b>샤브올데이</b>'를 품에 안으며 한국 외식 시장 공략을 한층 강화했다. ◆<b>샤브올데이</b> 100% 인수…1300억 베팅 20일 유통업계에 따르면 졸리비푸드는 <b>샤브올데이</b>를 운영하는 올데이프레쉬... "", ""pubDate"": ""Mon, 20 Apr 2026 16:02:00 +0900""}",이번에는 샤브샤브 뷔페 프랜차이즈 '<b>샤브올데이</b>'를 품에 안으며 한국 외식 시장 공략을 한층 강화했다. ◆<b>샤브올데이</b> 100% 인수…1300억 베팅 20일 유통업계에 따르면 졸리비푸드는 <b>샤브올데이</b>를 운영하는 올데이프레쉬... ,https://www.ebn.co.kr/news/articleView.html?idxno=1705967,,
샤브올데이,single_term_fallback,샤브올데이,,"<b>샤브올데이</b>, 필리핀 기업 됐다","Mon, 20 Apr 2026 15:51:00 +0900",,,,https://n.news.naver.com/mnews/article/138/0002225154?sid=101,naver_news,샤브올데이,canonical,1.0,2026-05-26T11:17:08.716974+00:00,0,0,0,0,,필리핀의 글로벌 외식 기업 졸리비푸드코퍼레이션이 국내 무한리필 샤브샤브 프랜차이즈인 '<b>샤브올데이</b>'를 전격 인수했다. 졸리비푸드는 20일 <b>샤브올데이</b> 운영사인 올데이프레쉬의 지분 100%를 약 1300억원에... ,"{""title"": ""<b>샤브올데이</b>, 필리핀 기업 됐다"", ""originallink"": ""https://www.ddaily.co.kr/page/view/2026042015445710777"", ""link"": ""https://n.news.naver.com/mnews/article/138/0002225154?sid=101"", ""description"": ""필리핀의 글로벌 외식 기업 졸리비푸드코퍼레이션이 국내 무한리필 샤브샤브 프랜차이즈인 '<b>샤브올데이</b>'를 전격 인수했다. 졸리비푸드는 20일 <b>샤브올데이</b> 운영사인 올데이프레쉬의 지분 100%를 약 1300억원에... "", ""pubDate"": ""Mon, 20 Apr 2026 15:51:00 +0900""}",필리핀의 글로벌 외식 기업 졸리비푸드코퍼레이션이 국내 무한리필 샤브샤브 프랜차이즈인 '<b>샤브올데이</b>'를 전격 인수했다. 졸리비푸드는 20일 <b>샤브올데이</b> 운영사인 올데이프레쉬의 지분 100%를 약 1300억원에... ,https://www.ddaily.co.kr/page/view/2026042015445710777,,
샤브올데이,single_term_fallback,샤브올데이,,"필리핀 졸리비푸드, 1300억에 ‘<b>샤브올데이</b>’ 품었다…동남아 진출 검토","Mon, 20 Apr 2026 15:39:00 +0900",,,,https://n.news.naver.com/mnews/article/243/0000096692?sid=101,naver_news,샤브올데이,canonical,1.0,2026-05-26T11:17:08.716974+00:00,0,0,0,0,,필리핀 외식기업 졸리비푸드코퍼레이션은 한국 무한리필 샤브샤브 프랜차이즈 ‘<b>샤브올데이</b>’를 운영하는 올데이프레쉬 지분 100% 인수를 완료했다고 20일 밝혔다. 인수 금액은 약 1300억원이다. 이번 주식매매계약(SPA)... ,"{""title"": ""필리핀 졸리비푸드, 1300억에 ‘<b>샤브올데이</b>’ 품었다…동남아 진출 검토"", ""originallink"": ""https://economist.co.kr/article/view/ecn202604200070"", ""link"": ""https://n.news.naver.com/mnews/article/243/0000096692?sid=101"", ""description"": ""필리핀 외식기업 졸리비푸드코퍼레이션은 한국 무한리필 샤브샤브 프랜차이즈 ‘<b>샤브올데이</b>’를 운영하는 올데이프레쉬 지분 100% 인수를 완료했다고 20일 밝혔다. 인수 금액은 약 1300억원이다. 이번 주식매매계약(SPA)... "", ""pubDate"": ""Mon, 20 Apr 2026 15:39:00 +0900""}",필리핀 외식기업 졸리비푸드코퍼레이션은 한국 무한리필 샤브샤브 프랜차이즈 ‘<b>샤브올데이</b>’를 운영하는 올데이프레쉬 지분 100% 인수를 완료했다고 20일 밝혔다. 인수 금액은 약 1300억원이다. 이번 주식매매계약(SPA)... ,https://economist.co.kr/article/view/ecn202604200070,,
샤브올데이,single_term_fallback,샤브올데이,,"졸리비푸드, 샤브샤브 프랜차이즈 '<b>샤브올데이</b>' 1300억원에 인수완료","Mon, 20 Apr 2026 15:36:00 +0900",,,,https://n.news.naver.com/mnews/article/008/0005346633?sid=101,naver_news,샤브올데이,canonical,1.0,2026-05-26T11:17:08.716974+00:00,0,0,0,0,,글로벌 외식 대기업 졸리비푸드코퍼레이션이 국내 무한리필 샤브샤브 전문 프랜차이즈 '<b>샤브올데이</b>'를 운영하는 올데이프레쉬의 지분 100%를 약 1300억원에 인수하는 주식매매계약(SPA)을 최종 완료했다고 20일 밝혔다.... ,"{""title"": ""졸리비푸드, 샤브샤브 프랜차이즈 '<b>샤브올데이</b>' 1300억원에 인수완료"", ""originallink"": ""https://www.mt.co.kr/living/2026/04/20/2026042015202175812"", ""link"": ""https://n.news.naver.com/mnews/article/008/0005346633?sid=101"", ""description"": ""글로벌 외식 대기업 졸리비푸드코퍼레이션이 국내 무한리필 샤브샤브 전문 프랜차이즈 '<b>샤브올데이</b>'를 운영하는 올데이프레쉬의 지분 100%를 약 1300억원에 인수하는 주식매매계약(SPA)을 최종 완료했다고 20일 밝혔다.... "", ""pubDate"": ""Mon, 20 Apr 2026 15:36:00 +0900""}",글로벌 외식 대기업 졸리비푸드코퍼레이션이 국내 무한리필 샤브샤브 전문 프랜차이즈 '<b>샤브올데이</b>'를 운영하는 올데이프레쉬의 지분 100%를 약 1300억원에 인수하는 주식매매계약(SPA)을 최종 완료했다고 20일 밝혔다.... ,https://www.mt.co.kr/living/2026/04/20/2026042015202175812,,
샤브올데이,single_term_fallback,샤브올데이,,"필리핀 졸리비푸드, '<b>샤브올데이</b>' 약 1300억원에 인수","Mon, 20 Apr 2026 15:24:00 +0900",,,,https://www.smarttoday.co.kr/ko-kr/articles/106696,naver_news,샤브올데이,canonical,1.0,2026-05-26T11:17:08.716974+00:00,0,0,0,0,,|스마트투데이=황태규 기자| 필리핀 외식 대기업 졸리비푸드코퍼레이션(졸리비푸드)이 국내 무한리필 샤브샤브 전문 프랜차이즈 '<b>샤브올데이</b>' 운영사 올데이프레쉬의 지분 100%를 약 1300억원에 인수하는 주식매매계약... ,"{""title"": ""필리핀 졸리비푸드, '<b>샤브올데이</b>' 약 1300억원에 인수"", ""originallink"": ""https://www.smarttoday.co.kr/ko-kr/articles/106696"", ""link"": ""https://www.smarttoday.co.kr/ko-kr/articles/106696"", ""description"": ""|스마트투데이=황태규 기자| 필리핀 외식 대기업 졸리비푸드코퍼레이션(졸리비푸드)이 국내 무한리필 샤브샤브 전문 프랜차이즈 '<b>샤브올데이</b>' 운영사 올데이프레쉬의 지분 100%를 약 1300억원에 인수하는 주식매매계약... "", ""pubDate"": ""Mon, 20 Apr 2026 15:24:00 +0900""}",|스마트투데이=황태규 기자| 필리핀 외식 대기업 졸리비푸드코퍼레이션(졸리비푸드)이 국내 무한리필 샤브샤브 전문 프랜차이즈 '<b>샤브올데이</b>' 운영사 올데이프레쉬의 지분 100%를 약 1300억원에 인수하는 주식매매계약... ,https://www.smarttoday.co.kr/ko-kr/articles/106696,,
샤브올데이,single_term_fallback,샤브올데이,,"졸리비, 1300억 베팅…<b>샤브올데이</b> 품고 포트폴리오 확대","Mon, 20 Apr 2026 11:18:00 +0900",,,,https://www.thepublic.kr/news/articleView.html?idxno=301719,naver_news,샤브올데이,canonical,1.0,2026-05-26T11:17:08.716974+00:00,0,0,0,0,,필리핀 최대 외식기업 졸리비 푸드가 국내 프리미엄 샤브샤브 뷔페 브랜드 '<b>샤브올데이</b>'를 약 1300억원에 인수하면서 포트폴리오 다각화를 해나가고 있다. 20일 업계에 따르면 졸리비 푸드는 한국 무한리필 샤브샤브... ,"{""title"": ""졸리비, 1300억 베팅…<b>샤브올데이</b> 품고 포트폴리오 확대"", ""originallink"": ""https://www.thepublic.kr/news/articleView.html?idxno=301719"", ""link"": ""https://www.thepublic.kr/news/articleView.html?idxno=301719"", ""description"": ""필리핀 최대 외식기업 졸리비 푸드가 국내 프리미엄 샤브샤브 뷔페 브랜드 '<b>샤브올데이</b>'를 약 1300억원에 인수하면서 포트폴리오 다각화를 해나가고 있다. 20일 업계에 따르면 졸리비 푸드는 한국 무한리필 샤브샤브... "", ""pubDate"": ""Mon, 20 Apr 2026 11:18:00 +0900""}",필리핀 최대 외식기업 졸리비 푸드가 국내 프리미엄 샤브샤브 뷔페 브랜드 '<b>샤브올데이</b>'를 약 1300억원에 인수하면서 포트폴리오 다각화를 해나가고 있다. 20일 업계에 따르면 졸리비 푸드는 한국 무한리필 샤브샤브... ,https://www.thepublic.kr/news/articleView.html?idxno=301719,,
샤브올데이,single_term_fallback,샤브올데이,,오산 <b>샤브</b> 마니아 월남쌈 먹으러 출똥,20260526,,,,https://blog.naver.com/scoco3/224297165063,naver_blog,샤브올데이,canonical,1.0,2026-05-26T11:17:09.039904+00:00,0,0,0,0,핸드메이드 버블라보떼♥,<b>올데이</b>가 생기면서 그런건진 모르겠지만 개인적으로 나는 <b>올데이</b>보단 마니아가 더 좋은편.. 육수는 맑은 육수와 얼큰육수로 나뉘어져있고 반반도 가능해서 반반으로 주문했다. 오산 <b>샤브</b>마니아의 메뉴로는... ,"{""title"": ""오산 <b>샤브</b> 마니아 월남쌈 먹으러 출똥"", ""link"": ""https://blog.naver.com/scoco3/224297165063"", ""description"": ""<b>올데이</b>가 생기면서 그런건진 모르겠지만 개인적으로 나는 <b>올데이</b>보단 마니아가 더 좋은편.. 육수는 맑은 육수와 얼큰육수로 나뉘어져있고 반반도 가능해서 반반으로 주문했다. 오산 <b>샤브</b>마니아의 메뉴로는... "", ""bloggername"": ""핸드메이드 버블라보떼♥"", ""bloggerlink"": ""blog.naver.com/scoco3"", ""postdate"": ""20260526""}",<b>올데이</b>가 생기면서 그런건진 모르겠지만 개인적으로 나는 <b>올데이</b>보단 마니아가 더 좋은편.. 육수는 맑은 육수와 얼큰육수로 나뉘어져있고 반반도 가능해서 반반으로 주문했다. 오산 <b>샤브</b>마니아의 메뉴로는... ,,핸드메이드 버블라보떼♥,blog.naver.com/scoco3
샤브올데이,single_term_fallback,샤브올데이,,"인천 고유가지원금 신청방법, 사용처 조회 검색(지역... ",20260526,,,,https://blog.naver.com/pressuren0/224297147347,naver_blog,샤브올데이,canonical,1.0,2026-05-26T11:17:09.039904+00:00,0,0,0,0,지원금모아,"마이데이터 스크리닝 심사를 통과하면 신청 완료 다음 날(익일) 오전 중 바우처 한도가 자동... 매장인 <b>샤브올데이</b>, 명륜진사갈비, 채선당, 쿠우쿠우, 등촌샤브칼국수, 이바돔감자탕, 새마을식당, 홍콩반점... ","{""title"": ""인천 고유가지원금 신청방법, 사용처 조회 검색(지역... "", ""link"": ""https://blog.naver.com/pressuren0/224297147347"", ""description"": ""마이데이터 스크리닝 심사를 통과하면 신청 완료 다음 날(익일) 오전 중 바우처 한도가 자동... 매장인 <b>샤브올데이</b>, 명륜진사갈비, 채선당, 쿠우쿠우, 등촌샤브칼국수, 이바돔감자탕, 새마을식당, 홍콩반점... "", ""bloggername"": ""지원금모아"", ""bloggerlink"": ""blog.naver.com/pressuren0"", ""postdate"": ""20260526""}","마이데이터 스크리닝 심사를 통과하면 신청 완료 다음 날(익일) 오전 중 바우처 한도가 자동... 매장인 <b>샤브올데이</b>, 명륜진사갈비, 채선당, 쿠우쿠우, 등촌샤브칼국수, 이바돔감자탕, 새마을식당, 홍콩반점... ",,지원금모아,blog.naver.com/pressuren0
샤브올데이,single_term_fallback,샤브올데이,,머리한번쓰다듬어주십시오,20260526,,,,https://blog.naver.com/mm_m__/224297159453,naver_blog,샤브올데이,canonical,1.0,2026-05-26T11:17:09.039904+00:00,0,0,0,0,༚✧˳⁺⁎,대학생때느낌 <b>샤브올데이</b> 한번도 안가봤다니까 까~음짝 놀라시길래 가봤습니다 이잉 그냥그랫어요 올림픽대로를 달료 왜 욕해요 길 가는 사람 붙잡고 추근덕거리시는 중 감사합니다 얘가 나 마주치면 와서... ,"{""title"": ""머리한번쓰다듬어주십시오"", ""link"": ""https://blog.naver.com/mm_m__/224297159453"", ""description"": ""대학생때느낌 <b>샤브올데이</b> 한번도 안가봤다니까 까~음짝 놀라시길래 가봤습니다 이잉 그냥그랫어요 올림픽대로를 달료 왜 욕해요 길 가는 사람 붙잡고 추근덕거리시는 중 감사합니다 얘가 나 마주치면 와서... "", ""bloggername"": ""༚✧˳⁺⁎"", ""bloggerlink"": ""blog.naver.com/mm_m__"", ""postdate"": ""20260526""}",대학생때느낌 <b>샤브올데이</b> 한번도 안가봤다니까 까~음짝 놀라시길래 가봤습니다 이잉 그냥그랫어요 올림픽대로를 달료 왜 욕해요 길 가는 사람 붙잡고 추근덕거리시는 중 감사합니다 얘가 나 마주치면 와서... ,,༚✧˳⁺⁎,blog.naver.com/mm_m__
샤브올데이,single_term_fallback,샤브올데이,,원래 girl 의 생일은 한달 내내야,20260526,,,,https://blog.naver.com/vksdmlalfh/224297156506,naver_blog,샤브올데이,canonical,1.0,2026-05-26T11:17:09.039904+00:00,0,0,0,0,日常 記錄帳,튀김 맛집 있을 준 몰랐지 진즉에 사먹어볼껄 … 튀김이 폭룡적으로 컸음 혈육이~~ <b>샤브올데이</b>... 찜해뒀던데인데 브런치 먹었어요 맛있어서 쿰척쿰척 먹음 그리고 돌아다니다가 결국 샀습니다 위시템 건져서... ,"{""title"": ""원래 girl 의 생일은 한달 내내야"", ""link"": ""https://blog.naver.com/vksdmlalfh/224297156506"", ""description"": ""튀김 맛집 있을 준 몰랐지 진즉에 사먹어볼껄 … 튀김이 폭룡적으로 컸음 혈육이~~ <b>샤브올데이</b>... 찜해뒀던데인데 브런치 먹었어요 맛있어서 쿰척쿰척 먹음 그리고 돌아다니다가 결국 샀습니다 위시템 건져서... "", ""bloggername"": ""日常 記錄帳"", ""bloggerlink"": ""blog.naver.com/vksdmlalfh"", ""postdate"": ""20260526""}",튀김 맛집 있을 준 몰랐지 진즉에 사먹어볼껄 … 튀김이 폭룡적으로 컸음 혈육이~~ <b>샤브올데이</b>... 찜해뒀던데인데 브런치 먹었어요 맛있어서 쿰척쿰척 먹음 그리고 돌아다니다가 결국 샀습니다 위시템 건져서... ,,日常 記錄帳,blog.naver.com/vksdmlalfh
샤브올데이,single_term_fallback,샤브올데이,,"부산 고유가지원금 신청방법, 사용처 조회 검색(지역... ",20260526,,,,https://blog.naver.com/pressuren0/224297145742,naver_blog,샤브올데이,canonical,1.0,2026-05-26T11:17:09.039904+00:00,0,0,0,0,지원금모아,"마이데이터 스크리닝 심사를 통과하면 신청 완료 다음 날(익일) 오전 중 바우처 한도가 자동... 매장인 <b>샤브올데이</b>, 명륜진사갈비, 채선당, 쿠우쿠우, 등촌샤브칼국수, 이바돔감자탕, 유가네닭갈비, 홍콩반점... ","{""title"": ""부산 고유가지원금 신청방법, 사용처 조회 검색(지역... "", ""link"": ""https://blog.naver.com/pressuren0/224297145742"", ""description"": ""마이데이터 스크리닝 심사를 통과하면 신청 완료 다음 날(익일) 오전 중 바우처 한도가 자동... 매장인 <b>샤브올데이</b>, 명륜진사갈비, 채선당, 쿠우쿠우, 등촌샤브칼국수, 이바돔감자탕, 유가네닭갈비, 홍콩반점... "", ""bloggername"": ""지원금모아"", ""bloggerlink"": ""blog.naver.com/pressuren0"", ""postdate"": ""20260526""}","마이데이터 스크리닝 심사를 통과하면 신청 완료 다음 날(익일) 오전 중 바우처 한도가 자동... 매장인 <b>샤브올데이</b>, 명륜진사갈비, 채선당, 쿠우쿠우, 등촌샤브칼국수, 이바돔감자탕, 유가네닭갈비, 홍콩반점... ",,지원금모아,blog.naver.com/pressuren0
샤브올데이,single_term_fallback,샤브올데이,,"서울 고유가지원금 신청방법, 사용처 조회 검색(지역... ",20260526,,,,https://blog.naver.com/pressuren0/224297143864,naver_blog,샤브올데이,canonical,1.0,2026-05-26T11:17:09.039904+00:00,0,0,0,0,지원금모아,"핫플인 <b>샤브올데이</b>, 명륜진사갈비, 채선당, 쿠우쿠우, 아웃백(일부 가맹점), 등촌샤브칼비... (이마트에브리데이, 홈플러스익스프레스, GS더프레시, 롯데슈퍼)은 전산 락이 작동합니다. 대신 도심 외곽에 등록된... ","{""title"": ""서울 고유가지원금 신청방법, 사용처 조회 검색(지역... "", ""link"": ""https://blog.naver.com/pressuren0/224297143864"", ""description"": ""핫플인 <b>샤브올데이</b>, 명륜진사갈비, 채선당, 쿠우쿠우, 아웃백(일부 가맹점), 등촌샤브칼비... (이마트에브리데이, 홈플러스익스프레스, GS더프레시, 롯데슈퍼)은 전산 락이 작동합니다. 대신 도심 외곽에 등록된... "", ""bloggername"": ""지원금모아"", ""bloggerlink"": ""blog.naver.com/pressuren0"", ""postdate"": ""20260526""}","핫플인 <b>샤브올데이</b>, 명륜진사갈비, 채선당, 쿠우쿠우, 아웃백(일부 가맹점), 등촌샤브칼비... (이마트에브리데이, 홈플러스익스프레스, GS더프레시, 롯데슈퍼)은 전산 락이 작동합니다. 대신 도심 외곽에 등록된... ",,지원금모아,blog.naver.com/pressuren0
샤브올데이,single_term_fallback,샤브올데이,,동탄 라크몽 맛집 '<b>샤브</b>야키 동탄호수공원점' 강추~,20260526,,,,https://blog.naver.com/yjmong89/224297130343,naver_blog,샤브올데이,canonical,1.0,2026-05-26T11:17:09.039904+00:00,0,0,0,0,권몽실 블로그,ㅎㅎ 좀 더 노력해볼게유 ㅠㅠ ㅎㅎㅎㅎㅎ 아니 요새 무한 샤브샤브집 진짜 많잖아요 <b>샤브올데이</b> 뭐 등등 근데 여기 샤브야키는 샤브샤브랑 회전초밥을 같이 먹을수가 있어요 !!! 물론 샤브 재료들은 셀프로... ,"{""title"": ""동탄 라크몽 맛집 '<b>샤브</b>야키 동탄호수공원점' 강추~"", ""link"": ""https://blog.naver.com/yjmong89/224297130343"", ""description"": ""ㅎㅎ 좀 더 노력해볼게유 ㅠㅠ ㅎㅎㅎㅎㅎ 아니 요새 무한 샤브샤브집 진짜 많잖아요 <b>샤브올데이</b> 뭐 등등 근데 여기 샤브야키는 샤브샤브랑 회전초밥을 같이 먹을수가 있어요 !!! 물론 샤브 재료들은 셀프로... "", ""bloggername"": ""권몽실 블로그"", ""bloggerlink"": ""blog.naver.com/yjmong89"", ""postdate"": ""20260526""}",ㅎㅎ 좀 더 노력해볼게유 ㅠㅠ ㅎㅎㅎㅎㅎ 아니 요새 무한 샤브샤브집 진짜 많잖아요 <b>샤브올데이</b> 뭐 등등 근데 여기 샤브야키는 샤브샤브랑 회전초밥을 같이 먹을수가 있어요 !!! 물론 샤브 재료들은 셀프로... ,,권몽실 블로그,blog.naver.com/yjmong89
샤브올데이,single_term_fallback,샤브올데이,,광명샤브샤브 이케아맛집 <b>샤브올데이</b>,20260526,,,,https://blog.naver.com/irenesumi/224297120638,naver_blog,샤브올데이,canonical,1.0,2026-05-26T11:17:09.039904+00:00,0,0,0,0,소소한 37% 문쑴 log,<b>샤브올데이</b> 광명이케아점 덕안로77번길 17 https://naver.me/5Iizhngl,"{""title"": ""광명샤브샤브 이케아맛집 <b>샤브올데이</b>"", ""link"": ""https://blog.naver.com/irenesumi/224297120638"", ""description"": ""<b>샤브올데이</b> 광명이케아점 덕안로77번길 17 https://naver.me/5Iizhngl"", ""bloggername"": ""소소한 37% 문쑴 log"", ""bloggerlink"": ""blog.naver.com/irenesumi"", ""postdate"": ""20260526""}",<b>샤브올데이</b> 광명이케아점 덕안로77번길 17 https://naver.me/5Iizhngl,,소소한 37% 문쑴 log,blog.naver.com/irenesumi
샤브올데이,single_term_fallback,샤브올데이,,전주에서 새끼 고양이 만나기 신나는 농촌 체험,20260526,,,,https://blog.naver.com/polojh82/224297090467,naver_blog,샤브올데이,canonical,1.0,2026-05-26T11:17:09.039904+00:00,0,0,0,0,남매의 알콩달콩 행복한 이야기,저녁은 엄마가 <b>샤브올데이</b> 가자고 해서 오고. 전주에서 <b>샤브올데이</b> 처음 가서 맛있어서 서울에 와서 먹었거든요!? 확실히 전주가 맛있습니다. 수경이랑 은영이는 말해 뭐해~ 너무 잘 먹어요. 도경이랑 우영이... ,"{""title"": ""전주에서 새끼 고양이 만나기 신나는 농촌 체험"", ""link"": ""https://blog.naver.com/polojh82/224297090467"", ""description"": ""저녁은 엄마가 <b>샤브올데이</b> 가자고 해서 오고. 전주에서 <b>샤브올데이</b> 처음 가서 맛있어서 서울에 와서 먹었거든요!? 확실히 전주가 맛있습니다. 수경이랑 은영이는 말해 뭐해~ 너무 잘 먹어요. 도경이랑 우영이... "", ""bloggername"": ""남매의 알콩달콩 행복한 이야기"", ""bloggerlink"": ""blog.naver.com/polojh82"", ""postdate"": ""20260526""}",저녁은 엄마가 <b>샤브올데이</b> 가자고 해서 오고. 전주에서 <b>샤브올데이</b> 처음 가서 맛있어서 서울에 와서 먹었거든요!? 확실히 전주가 맛있습니다. 수경이랑 은영이는 말해 뭐해~ 너무 잘 먹어요. 도경이랑 우영이... ,,남매의 알콩달콩 행복한 이야기,blog.naver.com/polojh82
샤브올데이,single_term_fallback,샤브올데이,,바쁘다 바빠 5월 3주차 찰오리의 일상 (05/18~25),20260526,,,,https://blog.naver.com/chal_5ri/224297080857,naver_blog,샤브올데이,canonical,1.0,2026-05-26T11:17:09.039904+00:00,0,0,0,0,찰오리,집에와서 애들 놓고 저녁먹으러 가기 저녁 메뉴는 <b>샤브올데이</b> 샤브샤브 원없이 먹기 성공~ 난 배가 안고픈 상태였는데 고기를 도대체 몇판을 먹었는지 ㅋㅋㅋㅋㅋㅋㅋㅋㅋㅋㅋㅋㅋㅋㅋㅋㅋㅋ 하 이렇게... ,"{""title"": ""바쁘다 바빠 5월 3주차 찰오리의 일상 (05/18~25)"", ""link"": ""https://blog.naver.com/chal_5ri/224297080857"", ""description"": ""집에와서 애들 놓고 저녁먹으러 가기 저녁 메뉴는 <b>샤브올데이</b> 샤브샤브 원없이 먹기 성공~ 난 배가 안고픈 상태였는데 고기를 도대체 몇판을 먹었는지 ㅋㅋㅋㅋㅋㅋㅋㅋㅋㅋㅋㅋㅋㅋㅋㅋㅋㅋ 하 이렇게... "", ""bloggername"": ""찰오리"", ""bloggerlink"": ""blog.naver.com/chal_5ri"", ""postdate"": ""20260526""}",집에와서 애들 놓고 저녁먹으러 가기 저녁 메뉴는 <b>샤브올데이</b> 샤브샤브 원없이 먹기 성공~ 난 배가 안고픈 상태였는데 고기를 도대체 몇판을 먹었는지 ㅋㅋㅋㅋㅋㅋㅋㅋㅋㅋㅋㅋㅋㅋㅋㅋㅋㅋ 하 이렇게... ,,찰오리,blog.naver.com/chal_5ri
샤브올데이,single_term_fallback,샤브올데이,,송탄 <b>샤브올데이</b>,20260526,,,,https://blog.naver.com/dlsdochlrh/224297071258,naver_blog,샤브올데이,canonical,1.0,2026-05-26T11:17:09.039904+00:00,0,0,0,0,우당탕탕 주형제,주차도 3시간 무료에용 오랜만에 맛있게먹고 포스팅 올렸네요☺️ 오늘 저녁은 샤브샤브 어떠신가요 우당탕탕 포스팅 마무리하겠습니다 #<b>샤브올데이</b> #송탄<b>샤브올데이</b> #샤브샤브 #뷔페 #고기무제한... ,"{""title"": ""송탄 <b>샤브올데이</b>"", ""link"": ""https://blog.naver.com/dlsdochlrh/224297071258"", ""description"": ""주차도 3시간 무료에용 오랜만에 맛있게먹고 포스팅 올렸네요☺️ 오늘 저녁은 샤브샤브 어떠신가요 우당탕탕 포스팅 마무리하겠습니다 #<b>샤브올데이</b> #송탄<b>샤브올데이</b> #샤브샤브 #뷔페 #고기무제한... "", ""bloggername"": ""우당탕탕 주형제"", ""bloggerlink"": ""blog.naver.com/dlsdochlrh"", ""postdate"": ""20260526""}",주차도 3시간 무료에용 오랜만에 맛있게먹고 포스팅 올렸네요☺️ 오늘 저녁은 샤브샤브 어떠신가요 우당탕탕 포스팅 마무리하겠습니다 #<b>샤브올데이</b> #송탄<b>샤브올데이</b> #샤브샤브 #뷔페 #고기무제한... ,,우당탕탕 주형제,blog.naver.com/dlsdochlrh
샤브올데이,single_term_fallback,샤브올데이,,고척동 맛집 <b>샤브</b><b>샤브</b>와 월남쌈 최애 가게ㅣ<b>샤브</b>향 구로점,20260526,,,,https://blog.naver.com/zxcv7500/224297064230,naver_blog,샤브올데이,canonical,1.0,2026-05-26T11:17:09.039904+00:00,0,0,0,0,"NO WHERE, NOW HERE",심지어 입원 전에 뼈 부러진 상태로 당분간 못 먹을 테니까 집에서 먹고 가겠다고 그 상태로 요리해서 먹은 사람임 ㅋㅋㅋㅋ 그런 샤브러버가 가장 애정하는 브랜드가 있다. <b>샤브올데이</b>가 요즘 대세인 것... ,"{""title"": ""고척동 맛집 <b>샤브</b><b>샤브</b>와 월남쌈 최애 가게ㅣ<b>샤브</b>향 구로점"", ""link"": ""https://blog.naver.com/zxcv7500/224297064230"", ""description"": ""심지어 입원 전에 뼈 부러진 상태로 당분간 못 먹을 테니까 집에서 먹고 가겠다고 그 상태로 요리해서 먹은 사람임 ㅋㅋㅋㅋ 그런 샤브러버가 가장 애정하는 브랜드가 있다. <b>샤브올데이</b>가 요즘 대세인 것... "", ""bloggername"": ""NO WHERE, NOW HERE"", ""bloggerlink"": ""blog.naver.com/zxcv7500"", ""postdate"": ""20260526""}",심지어 입원 전에 뼈 부러진 상태로 당분간 못 먹을 테니까 집에서 먹고 가겠다고 그 상태로 요리해서 먹은 사람임 ㅋㅋㅋㅋ 그런 샤브러버가 가장 애정하는 브랜드가 있다. <b>샤브올데이</b>가 요즘 대세인 것... ,,"NO WHERE, NOW HERE",blog.naver.com/zxcv7500
샤브올데이,single_term_fallback,샤브올데이,,구로역 <b>샤브</b><b>샤브</b> 무한리필 맛집 “<b>샤브</b>향” 솔직후기... ,20260526,,,,https://blog.naver.com/susu__278/224297034020,naver_blog,샤브올데이,canonical,1.0,2026-05-26T11:17:09.039904+00:00,0,0,0,0,My 블로그,"야채, 육수, 사리, 만두, 어묵 등을 무한리필로 이용할 수 있다는 점입니다 사리 무한리필 <b>샤브올데이</b>... 생각난다면 샤브향 구로점 추천드립니다! 가성비 좋고 푸짐하게 먹을 수 있어서 가족 외식이나 데이트... ","{""title"": ""구로역 <b>샤브</b><b>샤브</b> 무한리필 맛집 “<b>샤브</b>향” 솔직후기... "", ""link"": ""https://blog.naver.com/susu__278/224297034020"", ""description"": ""야채, 육수, 사리, 만두, 어묵 등을 무한리필로 이용할 수 있다는 점입니다 사리 무한리필 <b>샤브올데이</b>... 생각난다면 샤브향 구로점 추천드립니다! 가성비 좋고 푸짐하게 먹을 수 있어서 가족 외식이나 데이트... "", ""bloggername"": ""My 블로그"", ""bloggerlink"": ""blog.naver.com/susu__278"", ""postdate"": ""20260526""}","야채, 육수, 사리, 만두, 어묵 등을 무한리필로 이용할 수 있다는 점입니다 사리 무한리필 <b>샤브올데이</b>... 생각난다면 샤브향 구로점 추천드립니다! 가성비 좋고 푸짐하게 먹을 수 있어서 가족 외식이나 데이트... ",,My 블로그,blog.naver.com/susu__278
샤브올데이,single_term_fallback,샤브올데이,,2026 03,20260526,,,,https://blog.naver.com/codms7325/224297015547,naver_blog,샤브올데이,canonical,1.0,2026-05-26T11:17:09.039904+00:00,0,0,0,0,셰의 B-log,3 데이 워밍업 #김치솥뚜껑삼겹살 #창원중동삼겹살 #건희소스 #<b>샤브올데이</b> 림꾸 만나서 샤브샤브 먹기 건희소스 이제야 이걸 만들다니 ㅠ 나 샤브샤브 헛 먹었네 ㅋ 배불리 먹어도 치즈으케익 못참즤 ㅋ ㅋ ㅋ... ,"{""title"": ""2026 03"", ""link"": ""https://blog.naver.com/codms7325/224297015547"", ""description"": ""3 데이 워밍업 #김치솥뚜껑삼겹살 #창원중동삼겹살 #건희소스 #<b>샤브올데이</b> 림꾸 만나서 샤브샤브 먹기 건희소스 이제야 이걸 만들다니 ㅠ 나 샤브샤브 헛 먹었네 ㅋ 배불리 먹어도 치즈으케익 못참즤 ㅋ ㅋ ㅋ... "", ""bloggername"": ""셰의 B-log"", ""bloggerlink"": ""blog.naver.com/codms7325"", ""postdate"": ""20260526""}",3 데이 워밍업 #김치솥뚜껑삼겹살 #창원중동삼겹살 #건희소스 #<b>샤브올데이</b> 림꾸 만나서 샤브샤브 먹기 건희소스 이제야 이걸 만들다니 ㅠ 나 샤브샤브 헛 먹었네 ㅋ 배불리 먹어도 치즈으케익 못참즤 ㅋ ㅋ ㅋ... ,,셰의 B-log,blog.naver.com/codms7325
샤브올데이,single_term_fallback,샤브올데이,,대구 샤브샤브 무한리필 <b>샤브올데이</b> 상인점 방문후기,20260526,,,,https://blog.naver.com/k0108368/224297011667,naver_blog,샤브올데이,canonical,1.0,2026-05-26T11:17:09.039904+00:00,0,0,0,0,일상속의 행복만땅♡♡,"특히 가족 외식, 친구 모임, 회식 장소 찾는 분들에게 추천합니다 #<b>샤브올데이</b>상인점 #대구맛집 #상인동맛집 #상인역맛집 #<b>샤브올데이</b> #<b>샤브올데이</b>상인점 #대구샤브샤브 #상인동샤브 #대구외식 #대구무한리필... ","{""title"": ""대구 샤브샤브 무한리필 <b>샤브올데이</b> 상인점 방문후기"", ""link"": ""https://blog.naver.com/k0108368/224297011667"", ""description"": ""특히 가족 외식, 친구 모임, 회식 장소 찾는 분들에게 추천합니다 #<b>샤브올데이</b>상인점 #대구맛집 #상인동맛집 #상인역맛집 #<b>샤브올데이</b> #<b>샤브올데이</b>상인점 #대구샤브샤브 #상인동샤브 #대구외식 #대구무한리필... "", ""bloggername"": ""일상속의 행복만땅♡♡"", ""bloggerlink"": ""blog.naver.com/k0108368"", ""postdate"": ""20260526""}","특히 가족 외식, 친구 모임, 회식 장소 찾는 분들에게 추천합니다 #<b>샤브올데이</b>상인점 #대구맛집 #상인동맛집 #상인역맛집 #<b>샤브올데이</b> #<b>샤브올데이</b>상인점 #대구샤브샤브 #상인동샤브 #대구외식 #대구무한리필... ",,일상속의 행복만땅♡♡,blog.naver.com/k0108368
샤브올데이,single_term_fallback,샤브올데이,,겸업)의 알찬 하루 : 클라이밍/장블랑제리/PC방/<b>샤브올데이</b>,20260526,,,,https://blog.naver.com/thedayofjerry/224297001135,naver_blog,샤브올데이,canonical,1.0,2026-05-26T11:17:09.039904+00:00,0,0,0,0,메모한다,무한 샤브샤브에게로 뚜벅뚜벅 고기는 &lt;양지&gt;가 맛있습니다 사람들도 다 그걸 아는지 양지 냉장고만... 찍었어요 <b>샤브올데이</b> 불만 하나 생맥주 무제한이라고 컵 똥꼬로 맥주 채우는 그 기계로 스스로 가져다... ,"{""title"": ""겸업)의 알찬 하루 : 클라이밍/장블랑제리/PC방/<b>샤브올데이</b>"", ""link"": ""https://blog.naver.com/thedayofjerry/224297001135"", ""description"": ""무한 샤브샤브에게로 뚜벅뚜벅 고기는 &lt;양지&gt;가 맛있습니다 사람들도 다 그걸 아는지 양지 냉장고만... 찍었어요 <b>샤브올데이</b> 불만 하나 생맥주 무제한이라고 컵 똥꼬로 맥주 채우는 그 기계로 스스로 가져다... "", ""bloggername"": ""메모한다"", ""bloggerlink"": ""blog.naver.com/thedayofjerry"", ""postdate"": ""20260526""}",무한 샤브샤브에게로 뚜벅뚜벅 고기는 &lt;양지&gt;가 맛있습니다 사람들도 다 그걸 아는지 양지 냉장고만... 찍었어요 <b>샤브올데이</b> 불만 하나 생맥주 무제한이라고 컵 똥꼬로 맥주 채우는 그 기계로 스스로 가져다... ,,메모한다,blog.naver.com/thedayofjerry
샤브올데이,single_term_fallback,샤브올데이,,있다와 없다는 공생한다,20260526,,,,https://blog.naver.com/lik0421/224296968682,naver_blog,샤브올데이,canonical,1.0,2026-05-26T11:17:09.039904+00:00,0,0,0,0,˚✧₊⁎⁺,1잔에 9000원 통새우해물파전 꼭 먹어야 됨 저번에 엄마랑 묵호 여행 갔을 때 저녁으로 <b>샤브올데이</b>... 탱커 하다가 공황 올 듯 부담이 너무 심해서 탭 누를 때마다 눈물 흘릴 뻔 ㅠ 엄마 할 때마다 자신감을... ,"{""title"": ""있다와 없다는 공생한다"", ""link"": ""https://blog.naver.com/lik0421/224296968682"", ""description"": ""1잔에 9000원 통새우해물파전 꼭 먹어야 됨 저번에 엄마랑 묵호 여행 갔을 때 저녁으로 <b>샤브올데이</b>... 탱커 하다가 공황 올 듯 부담이 너무 심해서 탭 누를 때마다 눈물 흘릴 뻔 ㅠ 엄마 할 때마다 자신감을... "", ""bloggername"": ""˚✧₊⁎⁺"", ""bloggerlink"": ""blog.naver.com/lik0421"", ""postdate"": ""20260526""}",1잔에 9000원 통새우해물파전 꼭 먹어야 됨 저번에 엄마랑 묵호 여행 갔을 때 저녁으로 <b>샤브올데이</b>... 탱커 하다가 공황 올 듯 부담이 너무 심해서 탭 누를 때마다 눈물 흘릴 뻔 ㅠ 엄마 할 때마다 자신감을... ,,˚✧₊⁎⁺,blog.naver.com/lik0421
샤브올데이,single_term_fallback,샤브올데이,,책임 HAPPY ~,20260526,,,,https://blog.naver.com/romzzang-/224296958059,naver_blog,샤브올데이,canonical,1.0,2026-05-26T11:17:09.039904+00:00,0,0,0,0,Dear_로미,부조리 한걸 못참아서 아닌건 아니라고 꼭 말해야하는 성격이라 그렇게 느끼셨나봄 자주 가는 <b>샤브올데이</b> 오산 세교점에서 영수증 리뷰한다고 했더니 그냥 챙겨주시는게 아니라 눈 앞에서 일일히 손글씨로... ,"{""title"": ""책임 HAPPY ~"", ""link"": ""https://blog.naver.com/romzzang-/224296958059"", ""description"": ""부조리 한걸 못참아서 아닌건 아니라고 꼭 말해야하는 성격이라 그렇게 느끼셨나봄 자주 가는 <b>샤브올데이</b> 오산 세교점에서 영수증 리뷰한다고 했더니 그냥 챙겨주시는게 아니라 눈 앞에서 일일히 손글씨로... "", ""bloggername"": ""Dear_로미"", ""bloggerlink"": ""blog.naver.com/romzzang-"", ""postdate"": ""20260526""}",부조리 한걸 못참아서 아닌건 아니라고 꼭 말해야하는 성격이라 그렇게 느끼셨나봄 자주 가는 <b>샤브올데이</b> 오산 세교점에서 영수증 리뷰한다고 했더니 그냥 챙겨주시는게 아니라 눈 앞에서 일일히 손글씨로... ,,Dear_로미,blog.naver.com/romzzang-
샤브올데이,single_term_fallback,샤브올데이,,그만 먹어 좀,20260526,,,,https://blog.naver.com/e_da_da/224296944834,naver_blog,샤브올데이,canonical,1.0,2026-05-26T11:17:09.039904+00:00,0,0,0,0,다룡's 블로그,시작하자마자 #<b>샤브올데이</b> 가서 샤브샤브 원없이 먹었어요 그리고 #잠실롯데몰 넘어가서 쇼핑도 하고... 근데 제 잇님이 저 헬창남친 만날거 같대요 헬스장 데이트 해보고 싶긴 한데 운동 잘 못해서 남친이... ,"{""title"": ""그만 먹어 좀"", ""link"": ""https://blog.naver.com/e_da_da/224296944834"", ""description"": ""시작하자마자 #<b>샤브올데이</b> 가서 샤브샤브 원없이 먹었어요 그리고 #잠실롯데몰 넘어가서 쇼핑도 하고... 근데 제 잇님이 저 헬창남친 만날거 같대요 헬스장 데이트 해보고 싶긴 한데 운동 잘 못해서 남친이... "", ""bloggername"": ""다룡's 블로그"", ""bloggerlink"": ""blog.naver.com/e_da_da"", ""postdate"": ""20260526""}",시작하자마자 #<b>샤브올데이</b> 가서 샤브샤브 원없이 먹었어요 그리고 #잠실롯데몰 넘어가서 쇼핑도 하고... 근데 제 잇님이 저 헬창남친 만날거 같대요 헬스장 데이트 해보고 싶긴 한데 운동 잘 못해서 남친이... ,,다룡's 블로그,blog.naver.com/e_da_da
샤브올데이,single_term_fallback,샤브올데이,,26년 4월 일기,20260526,,,,https://blog.naver.com/inthesunssshine/224296872911,naver_blog,샤브올데이,canonical,1.0,2026-05-26T11:17:09.039904+00:00,0,0,0,0,Need some time in the sunshine,"아부지 생신 식사 꼭 <b>샤브올데이</b>가 먹고 싶다길래 <b>샤브올데이</b>에 왔다 전에 삼촌,외숙모랑 넷이서 왔다는데 소고기,생맥주 무한리필인 것도 모르고 초기에 제공되는 소고기만 먹고 갔다고 억울해 하는 엄빠ㅋㅋ... ","{""title"": ""26년 4월 일기"", ""link"": ""https://blog.naver.com/inthesunssshine/224296872911"", ""description"": ""아부지 생신 식사 꼭 <b>샤브올데이</b>가 먹고 싶다길래 <b>샤브올데이</b>에 왔다 전에 삼촌,외숙모랑 넷이서 왔다는데 소고기,생맥주 무한리필인 것도 모르고 초기에 제공되는 소고기만 먹고 갔다고 억울해 하는 엄빠ㅋㅋ... "", ""bloggername"": ""Need some time in the sunshine"", ""bloggerlink"": ""blog.naver.com/inthesunssshine"", ""postdate"": ""20260526""}","아부지 생신 식사 꼭 <b>샤브올데이</b>가 먹고 싶다길래 <b>샤브올데이</b>에 왔다 전에 삼촌,외숙모랑 넷이서 왔다는데 소고기,생맥주 무한리필인 것도 모르고 초기에 제공되는 소고기만 먹고 갔다고 억울해 하는 엄빠ㅋㅋ... ",,Need some time in the sunshine,blog.naver.com/inthesunssshine
샤브올데이,single_term_fallback,샤브올데이,,4월 일상 : 끝나버린 봄,20260526,,,,https://blog.naver.com/s0_ohhh/224296863657,naver_blog,샤브올데이,canonical,1.0,2026-05-26T11:17:09.039904+00:00,0,0,0,0,비오는 날의 수채화,"점심겸저녁은 <b>샤브올데이</b>에서 푸파! 둘다 대 만족하고 개뿌숨 ㅋㅎㅎㅎㅎ 샤브샤브 정도면 강식이지,, 건강식,, 그리고 완성된 내 자리 어떤데;; 아 모니터까지 흰 색이어야 올 화이트로 완성인데 아쉽다 하지만?... ","{""title"": ""4월 일상 : 끝나버린 봄"", ""link"": ""https://blog.naver.com/s0_ohhh/224296863657"", ""description"": ""점심겸저녁은 <b>샤브올데이</b>에서 푸파! 둘다 대 만족하고 개뿌숨 ㅋㅎㅎㅎㅎ 샤브샤브 정도면 강식이지,, 건강식,, 그리고 완성된 내 자리 어떤데;; 아 모니터까지 흰 색이어야 올 화이트로 완성인데 아쉽다 하지만?... "", ""bloggername"": ""비오는 날의 수채화"", ""bloggerlink"": ""blog.naver.com/s0_ohhh"", ""postdate"": ""20260526""}","점심겸저녁은 <b>샤브올데이</b>에서 푸파! 둘다 대 만족하고 개뿌숨 ㅋㅎㅎㅎㅎ 샤브샤브 정도면 강식이지,, 건강식,, 그리고 완성된 내 자리 어떤데;; 아 모니터까지 흰 색이어야 올 화이트로 완성인데 아쉽다 하지만?... ",,비오는 날의 수채화,blog.naver.com/s0_ohhh
샤브올데이,single_term_fallback,샤브올데이,,가족외식 맛집 <b>샤브올데이</b>｜주차 편한 부평 샤브샤브 맛집,20260526,,,,https://blog.naver.com/mostreetdong/224296863460,naver_blog,샤브올데이,canonical,1.0,2026-05-26T11:17:09.039904+00:00,0,0,0,0,모지모지 탐방일지,#부평구청맛집 #부평샤브샤브 #<b>샤브올데이</b> #부평구청<b>샤브올데이</b> #인천맛집 #부평맛집 #부평구청역맛집... 부평뷔페 #샤브샤브맛집 #인천뷔페 #부평데이트 #부평회식 #인천가족외식 #부평구청맛집추천... ,"{""title"": ""가족외식 맛집 <b>샤브올데이</b>｜주차 편한 부평 샤브샤브 맛집"", ""link"": ""https://blog.naver.com/mostreetdong/224296863460"", ""description"": ""#부평구청맛집 #부평샤브샤브 #<b>샤브올데이</b> #부평구청<b>샤브올데이</b> #인천맛집 #부평맛집 #부평구청역맛집... 부평뷔페 #샤브샤브맛집 #인천뷔페 #부평데이트 #부평회식 #인천가족외식 #부평구청맛집추천... "", ""bloggername"": ""모지모지 탐방일지"", ""bloggerlink"": ""blog.naver.com/mostreetdong"", ""postdate"": ""20260526""}",#부평구청맛집 #부평샤브샤브 #<b>샤브올데이</b> #부평구청<b>샤브올데이</b> #인천맛집 #부평맛집 #부평구청역맛집... 부평뷔페 #샤브샤브맛집 #인천뷔페 #부평데이트 #부평회식 #인천가족외식 #부평구청맛집추천... ,,모지모지 탐방일지,blog.naver.com/mostreetdong
샤브올데이,single_term_fallback,샤브올데이,,"25.3월 어느 주말, 우리 동네 산책",20260526,,,,https://blog.naver.com/jsuim88/224296863111,naver_blog,샤브올데이,canonical,1.0,2026-05-26T11:17:09.039904+00:00,0,0,0,0,흥 넘치는 수다쟁이,"* 25년에 쓰려고 저장해놨는데 안쓰고 안쓰다 26년 6월이 다되서야 쓰는 글  2025년 3월의, 어느 토요일과 일요일 우리 동네 산책기 토요일엔 아버님 생신이라 온 가족이 <b>샤브올데이</b> 가서 샤브샤브 배 터지게 먹고... ","{""title"": ""25.3월 어느 주말, 우리 동네 산책"", ""link"": ""https://blog.naver.com/jsuim88/224296863111"", ""description"": ""* 25년에 쓰려고 저장해놨는데 안쓰고 안쓰다 26년 6월이 다되서야 쓰는 글  2025년 3월의, 어느 토요일과 일요일 우리 동네 산책기 토요일엔 아버님 생신이라 온 가족이 <b>샤브올데이</b> 가서 샤브샤브 배 터지게 먹고... "", ""bloggername"": ""흥 넘치는 수다쟁이"", ""bloggerlink"": ""blog.naver.com/jsuim88"", ""postdate"": ""20260526""}","* 25년에 쓰려고 저장해놨는데 안쓰고 안쓰다 26년 6월이 다되서야 쓰는 글  2025년 3월의, 어느 토요일과 일요일 우리 동네 산책기 토요일엔 아버님 생신이라 온 가족이 <b>샤브올데이</b> 가서 샤브샤브 배 터지게 먹고... ",,흥 넘치는 수다쟁이,blog.naver.com/jsuim88
샤브올데이,single_term_fallback,샤브올데이,,[분당] 내돈내산 서현역 샤브샤브 무한리필 맛집 '<b>샤브올데이</b>',20260526,,,,https://blog.naver.com/csm2022/224296636818,naver_blog,샤브올데이,canonical,1.0,2026-05-26T11:17:09.039904+00:00,0,0,0,0,꿀듀,"선호하진않는데 서현역 <b>샤브올데이</b>는 정말 만족스러웠습니다! 매장도 넓어서 단체모임, 가족, 연인과 함께 방문하기도 너무 좋을 거 같아요! 분당 샤브샤브 맛집 찾으신다면 <b>샤브올데이</b> 서현점 추천드릴게요","{""title"": ""[분당] 내돈내산 서현역 샤브샤브 무한리필 맛집 '<b>샤브올데이</b>'"", ""link"": ""https://blog.naver.com/csm2022/224296636818"", ""description"": ""선호하진않는데 서현역 <b>샤브올데이</b>는 정말 만족스러웠습니다! 매장도 넓어서 단체모임, 가족, 연인과 함께 방문하기도 너무 좋을 거 같아요! 분당 샤브샤브 맛집 찾으신다면 <b>샤브올데이</b> 서현점 추천드릴게요"", ""bloggername"": ""꿀듀"", ""bloggerlink"": ""blog.naver.com/csm2022"", ""postdate"": ""20260526""}","선호하진않는데 서현역 <b>샤브올데이</b>는 정말 만족스러웠습니다! 매장도 넓어서 단체모임, 가족, 연인과 함께 방문하기도 너무 좋을 거 같아요! 분당 샤브샤브 맛집 찾으신다면 <b>샤브올데이</b> 서현점 추천드릴게요",,꿀듀,blog.naver.com/csm2022
샤브올데이,single_term_fallback,샤브올데이,,1인가구로 살아남는 법,20260526,,,,https://blog.naver.com/i1lss/224296822257,naver_blog,샤브올데이,canonical,1.0,2026-05-26T11:17:09.039904+00:00,0,0,0,0,ham..,다은이 올 때까지 회피함 다은이와 열심히 의자 조립하니 정말 집에 의자하나 있어요 사색에 빠짐 그냥 앉아서 창밖구경함 다은이와 의자조립말고 한 것) <b>샤브올데이</b>에서 런치 마감까지 떵개하고 고척감... ,"{""title"": ""1인가구로 살아남는 법"", ""link"": ""https://blog.naver.com/i1lss/224296822257"", ""description"": ""다은이 올 때까지 회피함 다은이와 열심히 의자 조립하니 정말 집에 의자하나 있어요 사색에 빠짐 그냥 앉아서 창밖구경함 다은이와 의자조립말고 한 것) <b>샤브올데이</b>에서 런치 마감까지 떵개하고 고척감... "", ""bloggername"": ""ham.."", ""bloggerlink"": ""blog.naver.com/i1lss"", ""postdate"": ""20260526""}",다은이 올 때까지 회피함 다은이와 열심히 의자 조립하니 정말 집에 의자하나 있어요 사색에 빠짐 그냥 앉아서 창밖구경함 다은이와 의자조립말고 한 것) <b>샤브올데이</b>에서 런치 마감까지 떵개하고 고척감... ,,ham..,blog.naver.com/i1lss
샤브올데이,single_term_fallback,샤브올데이,,오키나와 | 24개월 아이랑 하얏트 세라가키 오키나와 중부... ,20260526,,,,https://blog.naver.com/mill_life/224296812190,naver_blog,샤브올데이,canonical,1.0,2026-05-26T11:17:09.039904+00:00,0,0,0,0,나의 모든 기록,아구<b>샤브</b><b>샤브</b> ‘얀바루’ #오키나와하얏트근처맛집 #오키나와온나손맛집 첫째 날 저녁으로 숙소... 조식 <b>올데이</b> 다이닝 세라레 1층 6:00 - 10:00 저는 7:50분쯤 갔는데 대기 없이 먹을 수 있었어요 입장할 때 룸... ,"{""title"": ""오키나와 | 24개월 아이랑 하얏트 세라가키 오키나와 중부... "", ""link"": ""https://blog.naver.com/mill_life/224296812190"", ""description"": ""아구<b>샤브</b><b>샤브</b> ‘얀바루’ #오키나와하얏트근처맛집 #오키나와온나손맛집 첫째 날 저녁으로 숙소... 조식 <b>올데이</b> 다이닝 세라레 1층 6:00 - 10:00 저는 7:50분쯤 갔는데 대기 없이 먹을 수 있었어요 입장할 때 룸... "", ""bloggername"": ""나의 모든 기록"", ""bloggerlink"": ""blog.naver.com/mill_life"", ""postdate"": ""20260526""}",아구<b>샤브</b><b>샤브</b> ‘얀바루’ #오키나와하얏트근처맛집 #오키나와온나손맛집 첫째 날 저녁으로 숙소... 조식 <b>올데이</b> 다이닝 세라레 1층 6:00 - 10:00 저는 7:50분쯤 갔는데 대기 없이 먹을 수 있었어요 입장할 때 룸... ,,나의 모든 기록,blog.naver.com/mill_life
샤브올데이,single_term_fallback,샤브올데이,,너의 기억엔 영원히 남겨지기를 바라,20260526,,,,https://blog.naver.com/j580oo/224296766786,naver_blog,샤브올데이,canonical,1.0,2026-05-26T11:17:09.039904+00:00,0,0,0,0,_,샌드위치데이지만 출근 했습니닷 .... 연습하러 학원 왔는데 너무 안무가 안짜져서 절망에 빠지고... <b>샤브올데이</b> 엄마랑 저녁에 샤브샤브 먹엇듀 엄마랑 롯데마트에서 장보기 0509 도넛 반대편은 사실 탔음... ,"{""title"": ""너의 기억엔 영원히 남겨지기를 바라"", ""link"": ""https://blog.naver.com/j580oo/224296766786"", ""description"": ""샌드위치데이지만 출근 했습니닷 .... 연습하러 학원 왔는데 너무 안무가 안짜져서 절망에 빠지고... <b>샤브올데이</b> 엄마랑 저녁에 샤브샤브 먹엇듀 엄마랑 롯데마트에서 장보기 0509 도넛 반대편은 사실 탔음... "", ""bloggername"": ""_"", ""bloggerlink"": ""blog.naver.com/j580oo"", ""postdate"": ""20260526""}",샌드위치데이지만 출근 했습니닷 .... 연습하러 학원 왔는데 너무 안무가 안짜져서 절망에 빠지고... <b>샤브올데이</b> 엄마랑 저녁에 샤브샤브 먹엇듀 엄마랑 롯데마트에서 장보기 0509 도넛 반대편은 사실 탔음... ,,_,blog.naver.com/j580oo
샤브올데이,single_term_fallback,샤브올데이,,투잡뛰는동아리2개하고연애까지하는대학생일상,20260526,,,,https://blog.naver.com/qwer03211/224296757095,naver_blog,샤브올데이,canonical,1.0,2026-05-26T11:17:09.039904+00:00,0,0,0,0,2025,"근데이날 진짜 바람선선하고 날씨도 너무좋았음 그리고 진짜 좋사좋시 보내서 진짜좋앗듬... 첨으로 <b>샤브올데이</b>를 갔고, 저녁엔 판교 놀러감~!! 판교현백에서 먹은 개비싼 밥 ㄷㄷ 이게 대체 언제지 기억도안남... ","{""title"": ""투잡뛰는동아리2개하고연애까지하는대학생일상"", ""link"": ""https://blog.naver.com/qwer03211/224296757095"", ""description"": ""근데이날 진짜 바람선선하고 날씨도 너무좋았음 그리고 진짜 좋사좋시 보내서 진짜좋앗듬... 첨으로 <b>샤브올데이</b>를 갔고, 저녁엔 판교 놀러감~!! 판교현백에서 먹은 개비싼 밥 ㄷㄷ 이게 대체 언제지 기억도안남... "", ""bloggername"": ""2025"", ""bloggerlink"": ""blog.naver.com/qwer03211"", ""postdate"": ""20260526""}","근데이날 진짜 바람선선하고 날씨도 너무좋았음 그리고 진짜 좋사좋시 보내서 진짜좋앗듬... 첨으로 <b>샤브올데이</b>를 갔고, 저녁엔 판교 놀러감~!! 판교현백에서 먹은 개비싼 밥 ㄷㄷ 이게 대체 언제지 기억도안남... ",,2025,blog.naver.com/qwer03211
샤브올데이,single_term_fallback,샤브올데이,,고3 투잡러의 삶,20260526,,,,https://blog.naver.com/sa_rang__he/224296725406,naver_blog,샤브올데이,canonical,1.0,2026-05-26T11:17:09.039904+00:00,0,0,0,0,에겐남일기,다른곳은 “<b>샤브올데이</b> 오산 세교점” 입니다 ㅎㅎ (일이 너무 힘들어요 죽을 거 같아요) 여기도 분위기가 너무 좋아서 일이 힘들긴 한데 할만해요..^^ 저도 일 나간지 3일차 였는데요 신입 친구들 3명? 제가 일... ,"{""title"": ""고3 투잡러의 삶"", ""link"": ""https://blog.naver.com/sa_rang__he/224296725406"", ""description"": ""다른곳은 “<b>샤브올데이</b> 오산 세교점” 입니다 ㅎㅎ (일이 너무 힘들어요 죽을 거 같아요) 여기도 분위기가 너무 좋아서 일이 힘들긴 한데 할만해요..^^ 저도 일 나간지 3일차 였는데요 신입 친구들 3명? 제가 일... "", ""bloggername"": ""에겐남일기"", ""bloggerlink"": ""blog.naver.com/sa_rang__he"", ""postdate"": ""20260526""}",다른곳은 “<b>샤브올데이</b> 오산 세교점” 입니다 ㅎㅎ (일이 너무 힘들어요 죽을 거 같아요) 여기도 분위기가 너무 좋아서 일이 힘들긴 한데 할만해요..^^ 저도 일 나간지 3일차 였는데요 신입 친구들 3명? 제가 일... ,,에겐남일기,blog.naver.com/sa_rang__he
샤브올데이,single_term_fallback,샤브올데이,,양주 맛집 <b>샤브올데이</b> 양주삼숭점 내돈내산 리얼 후기,20260526,,,,https://blog.naver.com/gold85521/224296724376,naver_blog,샤브올데이,canonical,1.0,2026-05-26T11:17:09.039904+00:00,0,0,0,0,전업주부 탈출기,다행하게도 <b>샤브올데이</b> 양주삼숭점은 주차장도 넓고 식당도 넓어서 12명 인원이 휴일에 예약... 7699 <b>샤브올데이</b> 양주삼숭점은 넒은 매장 덕분에 아무리 많은 사람이 몰려와도 쾌적한 분위기에서... ,"{""title"": ""양주 맛집 <b>샤브올데이</b> 양주삼숭점 내돈내산 리얼 후기"", ""link"": ""https://blog.naver.com/gold85521/224296724376"", ""description"": ""다행하게도 <b>샤브올데이</b> 양주삼숭점은 주차장도 넓고 식당도 넓어서 12명 인원이 휴일에 예약... 7699 <b>샤브올데이</b> 양주삼숭점은 넒은 매장 덕분에 아무리 많은 사람이 몰려와도 쾌적한 분위기에서... "", ""bloggername"": ""전업주부 탈출기"", ""bloggerlink"": ""blog.naver.com/gold85521"", ""postdate"": ""20260526""}",다행하게도 <b>샤브올데이</b> 양주삼숭점은 주차장도 넓고 식당도 넓어서 12명 인원이 휴일에 예약... 7699 <b>샤브올데이</b> 양주삼숭점은 넒은 매장 덕분에 아무리 많은 사람이 몰려와도 쾌적한 분위기에서... ,,전업주부 탈출기,blog.naver.com/gold85521
샤브올데이,single_term_fallback,샤브올데이,,5월이 가기 전에 4월과 5월,20260526,,,,https://blog.naver.com/rlahdtjr_/224296721656,naver_blog,샤브올데이,canonical,1.0,2026-05-26T11:17:09.039904+00:00,0,0,0,0,13,모기 색기 디졋다 <b>샤브올데이</b> 뷔페선방했다. 이날 저녁 안먹음 <b>샤브올데이</b>프로젝트 아빠 폰배경화면..ㅋㅋㅋㅋㅋ개귀여움ㅋㅋㅋㅋ 할배가 해적같다고 한 대갈빤스.. 운동할때만 끼기로해요 약속~ 먹지도않을... ,"{""title"": ""5월이 가기 전에 4월과 5월"", ""link"": ""https://blog.naver.com/rlahdtjr_/224296721656"", ""description"": ""모기 색기 디졋다 <b>샤브올데이</b> 뷔페선방했다. 이날 저녁 안먹음 <b>샤브올데이</b>프로젝트 아빠 폰배경화면..ㅋㅋㅋㅋㅋ개귀여움ㅋㅋㅋㅋ 할배가 해적같다고 한 대갈빤스.. 운동할때만 끼기로해요 약속~ 먹지도않을... "", ""bloggername"": ""13"", ""bloggerlink"": ""blog.naver.com/rlahdtjr_"", ""postdate"": ""20260526""}",모기 색기 디졋다 <b>샤브올데이</b> 뷔페선방했다. 이날 저녁 안먹음 <b>샤브올데이</b>프로젝트 아빠 폰배경화면..ㅋㅋㅋㅋㅋ개귀여움ㅋㅋㅋㅋ 할배가 해적같다고 한 대갈빤스.. 운동할때만 끼기로해요 약속~ 먹지도않을... ,,13,blog.naver.com/rlahdtjr_
샤브올데이,single_term_fallback,샤브올데이,,인천 검단 샤브샤브 무제한 샐러드바 &quot;<b>샤브올데이</b>... ,20260526,,,,https://blog.naver.com/riverwind9798/224296716094,naver_blog,샤브올데이,canonical,1.0,2026-05-26T11:17:09.039904+00:00,0,0,0,0,행복한 김꽁님의 하루:D,"깔끔한 시설에 다양하고 푸짐한 샐러드바, 무제한 고기 리필까지 완벽했던 인천 검단 샤브샤브 <b>샤브올데이</b> 인천검단신도시점. 친구모임, 가족외식, 데이트장소로 방문해 보세요.... ","{""title"": ""인천 검단 샤브샤브 무제한 샐러드바 &quot;<b>샤브올데이</b>... "", ""link"": ""https://blog.naver.com/riverwind9798/224296716094"", ""description"": ""깔끔한 시설에 다양하고 푸짐한 샐러드바, 무제한 고기 리필까지 완벽했던 인천 검단 샤브샤브 <b>샤브올데이</b> 인천검단신도시점. 친구모임, 가족외식, 데이트장소로 방문해 보세요.... "", ""bloggername"": ""행복한 김꽁님의 하루:D"", ""bloggerlink"": ""blog.naver.com/riverwind9798"", ""postdate"": ""20260526""}","깔끔한 시설에 다양하고 푸짐한 샐러드바, 무제한 고기 리필까지 완벽했던 인천 검단 샤브샤브 <b>샤브올데이</b> 인천검단신도시점. 친구모임, 가족외식, 데이트장소로 방문해 보세요.... ",,행복한 김꽁님의 하루:D,blog.naver.com/riverwind9798
샤브올데이,single_term_fallback,샤브올데이,,2026. 5월 일상 이모저모고모,20260526,,,,https://blog.naver.com/sceer12/224296711398,naver_blog,샤브올데이,canonical,1.0,2026-05-26T11:17:09.039904+00:00,0,0,0,0,행복 찾기,<b>샤브올데이</b>에서 오래 앉아있어야하기 때문에 간식 종류별로 가쟈가기! 처음으로 생선 구워줬다. 올... 둘이 데이트 한 날 더 자주자주 하자. 엄마 고마워.애기 봐줘서. ㅋㅋㅋㅋㅋ 사랑해❤️ 희정이가 만들어준... ,"{""title"": ""2026. 5월 일상 이모저모고모"", ""link"": ""https://blog.naver.com/sceer12/224296711398"", ""description"": ""<b>샤브올데이</b>에서 오래 앉아있어야하기 때문에 간식 종류별로 가쟈가기! 처음으로 생선 구워줬다. 올... 둘이 데이트 한 날 더 자주자주 하자. 엄마 고마워.애기 봐줘서. ㅋㅋㅋㅋㅋ 사랑해❤️ 희정이가 만들어준... "", ""bloggername"": ""행복 찾기"", ""bloggerlink"": ""blog.naver.com/sceer12"", ""postdate"": ""20260526""}",<b>샤브올데이</b>에서 오래 앉아있어야하기 때문에 간식 종류별로 가쟈가기! 처음으로 생선 구워줬다. 올... 둘이 데이트 한 날 더 자주자주 하자. 엄마 고마워.애기 봐줘서. ㅋㅋㅋㅋㅋ 사랑해❤️ 희정이가 만들어준... ,,행복 찾기,blog.naver.com/sceer12
샤브올데이,single_term_fallback,샤브올데이,,[강동 이스턴스퀘어] 이전등기 전 수익률 최고 18% 폭발! 등기... ,20260526,,,,https://blog.naver.com/dlauwls1228/224296708153,naver_blog,샤브올데이,canonical,1.0,2026-05-26T11:17:09.039904+00:00,0,0,0,0,지니의분양이야기,"F&amp;B/라이프스타일 <b>샤브올데이</b>, 고메스퀘어, 대형 휘트니스, 중국집 등 메디컬/기타 약국, 안경점, 동물병원 등 운영 중 ️ 지상 1층 (스트리트형 생활 밀착 구역) 카페/디저트 이디야, 메가커피, 24시 무인카페... ","{""title"": ""[강동 이스턴스퀘어] 이전등기 전 수익률 최고 18% 폭발! 등기... "", ""link"": ""https://blog.naver.com/dlauwls1228/224296708153"", ""description"": ""F&amp;B/라이프스타일 <b>샤브올데이</b>, 고메스퀘어, 대형 휘트니스, 중국집 등 메디컬/기타 약국, 안경점, 동물병원 등 운영 중 ️ 지상 1층 (스트리트형 생활 밀착 구역) 카페/디저트 이디야, 메가커피, 24시 무인카페... "", ""bloggername"": ""지니의분양이야기"", ""bloggerlink"": ""blog.naver.com/dlauwls1228"", ""postdate"": ""20260526""}","F&amp;B/라이프스타일 <b>샤브올데이</b>, 고메스퀘어, 대형 휘트니스, 중국집 등 메디컬/기타 약국, 안경점, 동물병원 등 운영 중 ️ 지상 1층 (스트리트형 생활 밀착 구역) 카페/디저트 이디야, 메가커피, 24시 무인카페... ",,지니의분양이야기,blog.naver.com/dlauwls1228
샤브올데이,single_term_fallback,샤브올데이,,[경기광주]<b>샤브올데이</b> 광주역동점 내돈내산 후기,20260526,,,,https://blog.naver.com/phopho-_-/224296688145,naver_blog,샤브올데이,canonical,1.0,2026-05-26T11:17:09.039904+00:00,0,0,0,0,포포의 블로그,전체적으로 <b>샤브올데이</b> 광주역동점은 넓은 매장과 다양한 음식들 덕분에 가족 외식이나 편하게 식사하러 오기 괜찮은 곳이었어요 샤브샤브뿐만 아니라 튀김이나 샐러드류 먹는 재미도 있어서 이것저것... ,"{""title"": ""[경기광주]<b>샤브올데이</b> 광주역동점 내돈내산 후기"", ""link"": ""https://blog.naver.com/phopho-_-/224296688145"", ""description"": ""전체적으로 <b>샤브올데이</b> 광주역동점은 넓은 매장과 다양한 음식들 덕분에 가족 외식이나 편하게 식사하러 오기 괜찮은 곳이었어요 샤브샤브뿐만 아니라 튀김이나 샐러드류 먹는 재미도 있어서 이것저것... "", ""bloggername"": ""포포의 블로그"", ""bloggerlink"": ""blog.naver.com/phopho-_-"", ""postdate"": ""20260526""}",전체적으로 <b>샤브올데이</b> 광주역동점은 넓은 매장과 다양한 음식들 덕분에 가족 외식이나 편하게 식사하러 오기 괜찮은 곳이었어요 샤브샤브뿐만 아니라 튀김이나 샐러드류 먹는 재미도 있어서 이것저것... ,,포포의 블로그,blog.naver.com/phopho-_-
샤브올데이,single_term_fallback,샤브올데이,,25년 3월,20260526,,,,https://blog.naver.com/veryordinaryday/224296665031,naver_blog,샤브올데이,canonical,1.0,2026-05-26T11:17:09.039904+00:00,0,0,0,0,Ordinary Day,배고파서 우동한그릇 나눠먹고 저녁으로 샤브샤브 #<b>샤브올데이</b> 집에서 쉬다가 백화점에서 산 #홍성딸기모찌 먹기. 딸기모찌 맛집 찾아요.. (쥬륵) 동생이하고 바람Thlfj 오이도 #스미카츠 맛있던데 ? 샐러드도... ,"{""title"": ""25년 3월"", ""link"": ""https://blog.naver.com/veryordinaryday/224296665031"", ""description"": ""배고파서 우동한그릇 나눠먹고 저녁으로 샤브샤브 #<b>샤브올데이</b> 집에서 쉬다가 백화점에서 산 #홍성딸기모찌 먹기. 딸기모찌 맛집 찾아요.. (쥬륵) 동생이하고 바람Thlfj 오이도 #스미카츠 맛있던데 ? 샐러드도... "", ""bloggername"": ""Ordinary Day"", ""bloggerlink"": ""blog.naver.com/veryordinaryday"", ""postdate"": ""20260526""}",배고파서 우동한그릇 나눠먹고 저녁으로 샤브샤브 #<b>샤브올데이</b> 집에서 쉬다가 백화점에서 산 #홍성딸기모찌 먹기. 딸기모찌 맛집 찾아요.. (쥬륵) 동생이하고 바람Thlfj 오이도 #스미카츠 맛있던데 ? 샐러드도... ,,Ordinary Day,blog.naver.com/veryordinaryday
샤브올데이,single_term_fallback,샤브올데이,,[김포 짬뽕] 구래역 중식당 라연 솔직 후기 | 차돌짬뽕&amp;탕수육,20260526,,,,https://blog.naver.com/soso_notsoso/224296663224,naver_blog,샤브올데이,canonical,1.0,2026-05-26T11:17:09.039904+00:00,0,0,0,0,소소하지만 소소하지 않은,"위치 &amp; 주차 구래역에서 <b>샤브올데이</b> 방향으로 가다 보면 로터리가 나오는데, 조금 더 들어가면 왼편에... 김포데이트맛집 #구래역근처맛집 #김포넓은식당 #김포중화요리 #탕수육맛집 #짬뽕맛집 #차돌짬뽕맛집... ","{""title"": ""[김포 짬뽕] 구래역 중식당 라연 솔직 후기 | 차돌짬뽕&amp;탕수육"", ""link"": ""https://blog.naver.com/soso_notsoso/224296663224"", ""description"": ""위치 &amp; 주차 구래역에서 <b>샤브올데이</b> 방향으로 가다 보면 로터리가 나오는데, 조금 더 들어가면 왼편에... 김포데이트맛집 #구래역근처맛집 #김포넓은식당 #김포중화요리 #탕수육맛집 #짬뽕맛집 #차돌짬뽕맛집... "", ""bloggername"": ""소소하지만 소소하지 않은"", ""bloggerlink"": ""blog.naver.com/soso_notsoso"", ""postdate"": ""20260526""}","위치 &amp; 주차 구래역에서 <b>샤브올데이</b> 방향으로 가다 보면 로터리가 나오는데, 조금 더 들어가면 왼편에... 김포데이트맛집 #구래역근처맛집 #김포넓은식당 #김포중화요리 #탕수육맛집 #짬뽕맛집 #차돌짬뽕맛집... ",,소소하지만 소소하지 않은,blog.naver.com/soso_notsoso
샤브올데이,single_term_fallback,샤브올데이,,임신당뇨 확정받은지 17일차! 식단공유,20260526,,,,https://blog.naver.com/dmsqlgk123/224296641596,naver_blog,샤브올데이,canonical,1.0,2026-05-26T11:17:09.039904+00:00,0,0,0,0,뽀로로♡두부 김치,"생선,콩불 <b>샤브</b><b>샤브</b>, 햄버거,된찌,단호박, 치즈계란말이,김치찜,피자,엽닭..... 수치인했어요 ㅎㅎ 제일궁금하실 속세의식단 [피자&amp;파스타 ] 109 [빅백&amp; 아몬드브리즈] 109 [싸이버거] 99 [몬스터와퍼주니어... ","{""title"": ""임신당뇨 확정받은지 17일차! 식단공유"", ""link"": ""https://blog.naver.com/dmsqlgk123/224296641596"", ""description"": ""생선,콩불 <b>샤브</b><b>샤브</b>, 햄버거,된찌,단호박, 치즈계란말이,김치찜,피자,엽닭..... 수치인했어요 ㅎㅎ 제일궁금하실 속세의식단 [피자&amp;파스타 ] 109 [빅백&amp; 아몬드브리즈] 109 [싸이버거] 99 [몬스터와퍼주니어... "", ""bloggername"": ""뽀로로♡두부 김치"", ""bloggerlink"": ""blog.naver.com/dmsqlgk123"", ""postdate"": ""20260526""}","생선,콩불 <b>샤브</b><b>샤브</b>, 햄버거,된찌,단호박, 치즈계란말이,김치찜,피자,엽닭..... 수치인했어요 ㅎㅎ 제일궁금하실 속세의식단 [피자&amp;파스타 ] 109 [빅백&amp; 아몬드브리즈] 109 [싸이버거] 99 [몬스터와퍼주니어... ",,뽀로로♡두부 김치,blog.naver.com/dmsqlgk123
샤브올데이,single_term_fallback,샤브올데이,,[자양동 골목시장] 떡볶기 맛집으로 유명한 &lt;자양한강전통시장... ,20260526,,,,https://blog.naver.com/ojyeo0823/224296614880,naver_blog,샤브올데이,canonical,1.0,2026-05-26T11:17:09.039904+00:00,0,0,0,0,바비줌마의 여행 그리고 밥상,성수동에 갔다가 자양동에 있는 &lt;자양한강전통시장&gt;의 유명한 떡볶기집인 &lt;연정분식&gt;을 가자고 나선 길인데 엉뚱하게 우리는 &lt;<b>샤브올데이</b>&gt;에서 식사를 해버렸다~ㅎㅎ 목적지까지 가기 전에 늘 시선을 강탈하는... ,"{""title"": ""[자양동 골목시장] 떡볶기 맛집으로 유명한 &lt;자양한강전통시장... "", ""link"": ""https://blog.naver.com/ojyeo0823/224296614880"", ""description"": ""성수동에 갔다가 자양동에 있는 &lt;자양한강전통시장&gt;의 유명한 떡볶기집인 &lt;연정분식&gt;을 가자고 나선 길인데 엉뚱하게 우리는 &lt;<b>샤브올데이</b>&gt;에서 식사를 해버렸다~ㅎㅎ 목적지까지 가기 전에 늘 시선을 강탈하는... "", ""bloggername"": ""바비줌마의 여행 그리고 밥상"", ""bloggerlink"": ""blog.naver.com/ojyeo0823"", ""postdate"": ""20260526""}",성수동에 갔다가 자양동에 있는 &lt;자양한강전통시장&gt;의 유명한 떡볶기집인 &lt;연정분식&gt;을 가자고 나선 길인데 엉뚱하게 우리는 &lt;<b>샤브올데이</b>&gt;에서 식사를 해버렸다~ㅎㅎ 목적지까지 가기 전에 늘 시선을 강탈하는... ,,바비줌마의 여행 그리고 밥상,blog.naver.com/ojyeo0823
샤브올데이,single_term_fallback,샤브올데이,,오산 장미축제 저녁피크 정보후기,20260526,,,,https://blog.naver.com/kkyyy102563/224296613100,naver_blog,샤브올데이,canonical,1.0,2026-05-26T11:17:09.039904+00:00,0,0,0,0,콘야의 맛집일지,<b>샤브올데이</b> 앞에 임시공영주차장이 있고 어려우시면 고인돌 공원 인근에 단독주택 거리가 있는데 거기에 운 좋으면 갓길 주차가 가능한거 같더라고요. 저희는 스트레스 받지 않기 위해서 버스타고 왔습니다 ㅎ... ,"{""title"": ""오산 장미축제 저녁피크 정보후기"", ""link"": ""https://blog.naver.com/kkyyy102563/224296613100"", ""description"": ""<b>샤브올데이</b> 앞에 임시공영주차장이 있고 어려우시면 고인돌 공원 인근에 단독주택 거리가 있는데 거기에 운 좋으면 갓길 주차가 가능한거 같더라고요. 저희는 스트레스 받지 않기 위해서 버스타고 왔습니다 ㅎ... "", ""bloggername"": ""콘야의 맛집일지"", ""bloggerlink"": ""blog.naver.com/kkyyy102563"", ""postdate"": ""20260526""}",<b>샤브올데이</b> 앞에 임시공영주차장이 있고 어려우시면 고인돌 공원 인근에 단독주택 거리가 있는데 거기에 운 좋으면 갓길 주차가 가능한거 같더라고요. 저희는 스트레스 받지 않기 위해서 버스타고 왔습니다 ㅎ... ,,콘야의 맛집일지,blog.naver.com/kkyyy102563
샤브올데이,single_term_fallback,샤브올데이,,May. (Summer is here),20260526,,,,https://blog.naver.com/feb8_-/224296612481,naver_blog,샤브올데이,canonical,1.0,2026-05-26T11:17:09.039904+00:00,0,0,0,0,Feb8,등원시키고 엄마랑 <b>샤브올데이</b> 통창이라 뷰 때문에 좋아하는 지점이다. 생맥주까지 마셔주고 배 두들기며 나온 날 주말에는 문센 갔다 온 부녀와 함께 유일하게 가는 대형카페로. 여름이면 들려줘야 하는... ,"{""title"": ""May. (Summer is here)"", ""link"": ""https://blog.naver.com/feb8_-/224296612481"", ""description"": ""등원시키고 엄마랑 <b>샤브올데이</b> 통창이라 뷰 때문에 좋아하는 지점이다. 생맥주까지 마셔주고 배 두들기며 나온 날 주말에는 문센 갔다 온 부녀와 함께 유일하게 가는 대형카페로. 여름이면 들려줘야 하는... "", ""bloggername"": ""Feb8"", ""bloggerlink"": ""blog.naver.com/feb8_-"", ""postdate"": ""20260526""}",등원시키고 엄마랑 <b>샤브올데이</b> 통창이라 뷰 때문에 좋아하는 지점이다. 생맥주까지 마셔주고 배 두들기며 나온 날 주말에는 문센 갔다 온 부녀와 함께 유일하게 가는 대형카페로. 여름이면 들려줘야 하는... ,,Feb8,blog.naver.com/feb8_-
샤브올데이,single_term_fallback,샤브올데이,,평택 고덕 <b>샤브올데이</b> 가족외식으로 다녀온 샤브샤브 맛집,20260526,,,,https://blog.naver.com/ent1822/224296591316,naver_blog,샤브올데이,canonical,1.0,2026-05-26T11:17:09.039904+00:00,0,0,0,0,기록하는 하루,"샤브샤브 맛집 <b>샤브올데이</b>  위치 경기 평택시 고덕국제대로99 지하1층 B015호 ⏰ 영업시간 매일 11:00 ~ 21:30  전화문의 031-615-4233  주차 지하주차장 무료 ✔️ 가격 평일점심 24,900원 평일저녁 29,900원 주말 및... ","{""title"": ""평택 고덕 <b>샤브올데이</b> 가족외식으로 다녀온 샤브샤브 맛집"", ""link"": ""https://blog.naver.com/ent1822/224296591316"", ""description"": ""샤브샤브 맛집 <b>샤브올데이</b>  위치 경기 평택시 고덕국제대로99 지하1층 B015호 ⏰ 영업시간 매일 11:00 ~ 21:30  전화문의 031-615-4233  주차 지하주차장 무료 ✔️ 가격 평일점심 24,900원 평일저녁 29,900원 주말 및... "", ""bloggername"": ""기록하는 하루"", ""bloggerlink"": ""blog.naver.com/ent1822"", ""postdate"": ""20260526""}","샤브샤브 맛집 <b>샤브올데이</b>  위치 경기 평택시 고덕국제대로99 지하1층 B015호 ⏰ 영업시간 매일 11:00 ~ 21:30  전화문의 031-615-4233  주차 지하주차장 무료 ✔️ 가격 평일점심 24,900원 평일저녁 29,900원 주말 및... ",,기록하는 하루,blog.naver.com/ent1822
샤브올데이,single_term_fallback,샤브올데이,,왜요? (일본이불 아님),20260526,,,,https://blog.naver.com/blogjuin/224296588695,naver_blog,샤브올데이,canonical,1.0,2026-05-26T11:17:09.039904+00:00,0,0,0,0,주간일깅,○ 먹은 것들 지난주는 일정이 좀 많았어요 (먹은 게 많다는 뜻) 생일 기념으로 가족끼리 <b>샤브올데이</b>에 갔습니다. 원래 참치 먹기로 했는데 당일에 배가 너무 고파서 <b>샤브올데이</b>로 바꿔버렸습니다. 전 뷔페 같은... ,"{""title"": ""왜요? (일본이불 아님)"", ""link"": ""https://blog.naver.com/blogjuin/224296588695"", ""description"": ""○ 먹은 것들 지난주는 일정이 좀 많았어요 (먹은 게 많다는 뜻) 생일 기념으로 가족끼리 <b>샤브올데이</b>에 갔습니다. 원래 참치 먹기로 했는데 당일에 배가 너무 고파서 <b>샤브올데이</b>로 바꿔버렸습니다. 전 뷔페 같은... "", ""bloggername"": ""주간일깅"", ""bloggerlink"": ""blog.naver.com/blogjuin"", ""postdate"": ""20260526""}",○ 먹은 것들 지난주는 일정이 좀 많았어요 (먹은 게 많다는 뜻) 생일 기념으로 가족끼리 <b>샤브올데이</b>에 갔습니다. 원래 참치 먹기로 했는데 당일에 배가 너무 고파서 <b>샤브올데이</b>로 바꿔버렸습니다. 전 뷔페 같은... ,,주간일깅,blog.naver.com/blogjuin
샤브올데이,single_term_fallback,샤브올데이,,"동탄맛집, 재재재재재방문한 <b>샤브</b>20 내돈내산후기",20260526,,,,https://blog.naver.com/gorgeouss__/224296586785,naver_blog,샤브올데이,canonical,1.0,2026-05-26T11:17:09.039904+00:00,0,0,0,0,gor·geous,샤브샤브용 야채를 담고 월남쌈재료는 따로 샐러드바그릇에 <b>샤브올데이</b>에 비하면 샐러드바 종류가 막 엄청 많은건 아닌데 딱 맛있는종류만 있는 느낌 LA갈비랑 마라샹궈도 있어서 맛있기도하고 특히 닭강정... ,"{""title"": ""동탄맛집, 재재재재재방문한 <b>샤브</b>20 내돈내산후기"", ""link"": ""https://blog.naver.com/gorgeouss__/224296586785"", ""description"": ""샤브샤브용 야채를 담고 월남쌈재료는 따로 샐러드바그릇에 <b>샤브올데이</b>에 비하면 샐러드바 종류가 막 엄청 많은건 아닌데 딱 맛있는종류만 있는 느낌 LA갈비랑 마라샹궈도 있어서 맛있기도하고 특히 닭강정... "", ""bloggername"": ""gor·geous"", ""bloggerlink"": ""blog.naver.com/gorgeouss__"", ""postdate"": ""20260526""}",샤브샤브용 야채를 담고 월남쌈재료는 따로 샐러드바그릇에 <b>샤브올데이</b>에 비하면 샐러드바 종류가 막 엄청 많은건 아닌데 딱 맛있는종류만 있는 느낌 LA갈비랑 마라샹궈도 있어서 맛있기도하고 특히 닭강정... ,,gor·geous,blog.naver.com/gorgeouss__
샤브올데이,single_term_fallback,샤브올데이,,부산 대연동 맛집모음 (경성대부경대역),20260526,,,,https://blog.naver.com/yewon2333/224296577209,naver_blog,샤브올데이,canonical,1.0,2026-05-26T11:17:09.039904+00:00,0,0,0,0,예오니 부산맛집 거제맛집,<b>샤브올데이</b> 무한리필 샤브샤브 맛집  입 터질 각오하고 가야됨 ... + 샤브샤브 좋아하면 추가로... 코고미식당 일본 가정식 느낌 낭낭 분위기 조용해서 데이트하기도 좋음  카레 맛집 !!  쌀국수 / 아시안 1.... ,"{""title"": ""부산 대연동 맛집모음 (경성대부경대역)"", ""link"": ""https://blog.naver.com/yewon2333/224296577209"", ""description"": ""<b>샤브올데이</b> 무한리필 샤브샤브 맛집  입 터질 각오하고 가야됨 ... + 샤브샤브 좋아하면 추가로... 코고미식당 일본 가정식 느낌 낭낭 분위기 조용해서 데이트하기도 좋음  카레 맛집 !!  쌀국수 / 아시안 1.... "", ""bloggername"": ""예오니 부산맛집 거제맛집"", ""bloggerlink"": ""blog.naver.com/yewon2333"", ""postdate"": ""20260526""}",<b>샤브올데이</b> 무한리필 샤브샤브 맛집  입 터질 각오하고 가야됨 ... + 샤브샤브 좋아하면 추가로... 코고미식당 일본 가정식 느낌 낭낭 분위기 조용해서 데이트하기도 좋음  카레 맛집 !!  쌀국수 / 아시안 1.... ,,예오니 부산맛집 거제맛집,blog.naver.com/yewon2333
샤브올데이,single_term_fallback,샤브올데이,,속초시 주간행사[ 2026. 5. 25.(월) ~ 2026. 5 .31.(일) ],20260526,,,,https://blog.naver.com/parkhonny/224296560990,naver_blog,샤브올데이,canonical,1.0,2026-05-26T11:17:09.039904+00:00,0,0,0,0,속초호반부동산 010-6379-5578,11:30 <b>샤브올데이</b> 속초점 20명 道 장애인종합 복지관 속초분관 ‣ 속초분관 이용자 및 가족(20명) 초대하여 식사 제공 제9회 전국동시지방선거 사전투표 종사자 교육(최종) 14:00 속초시선거관리위원회... ,"{""title"": ""속초시 주간행사[ 2026. 5. 25.(월) ~ 2026. 5 .31.(일) ]"", ""link"": ""https://blog.naver.com/parkhonny/224296560990"", ""description"": ""11:30 <b>샤브올데이</b> 속초점 20명 道 장애인종합 복지관 속초분관 ‣ 속초분관 이용자 및 가족(20명) 초대하여 식사 제공 제9회 전국동시지방선거 사전투표 종사자 교육(최종) 14:00 속초시선거관리위원회... "", ""bloggername"": ""속초호반부동산 010-6379-5578"", ""bloggerlink"": ""blog.naver.com/parkhonny"", ""postdate"": ""20260526""}",11:30 <b>샤브올데이</b> 속초점 20명 道 장애인종합 복지관 속초분관 ‣ 속초분관 이용자 및 가족(20명) 초대하여 식사 제공 제9회 전국동시지방선거 사전투표 종사자 교육(최종) 14:00 속초시선거관리위원회... ,,속초호반부동산 010-6379-5578,blog.naver.com/parkhonny
샤브올데이,single_term_fallback,샤브올데이,,엉망진창 일상,20260526,,,,https://blog.naver.com/chaewon020530/224296518184,naver_blog,샤브올데이,canonical,1.0,2026-05-26T11:17:09.039904+00:00,0,0,0,0,ｃｈａｅｗｏｎ’ｓ ｂｌｏｇ,오랜만에 데이트 나왔는데 사람 뭐죠 ? 너무 많아요 ㅠ 시러요 ㅠ 제 자세 왜 이럴까요 .. 굉장히 킹받게... 샤브샤브 먹으러감 <b>샤브올데이</b> ~ 거짓말 안 하고 김우빈님 온 줄 알았어요 살목지 후기 .. 진짜 소리... ,"{""title"": ""엉망진창 일상"", ""link"": ""https://blog.naver.com/chaewon020530/224296518184"", ""description"": ""오랜만에 데이트 나왔는데 사람 뭐죠 ? 너무 많아요 ㅠ 시러요 ㅠ 제 자세 왜 이럴까요 .. 굉장히 킹받게... 샤브샤브 먹으러감 <b>샤브올데이</b> ~ 거짓말 안 하고 김우빈님 온 줄 알았어요 살목지 후기 .. 진짜 소리... "", ""bloggername"": ""ｃｈａｅｗｏｎ’ｓ ｂｌｏｇ"", ""bloggerlink"": ""blog.naver.com/chaewon020530"", ""postdate"": ""20260526""}",오랜만에 데이트 나왔는데 사람 뭐죠 ? 너무 많아요 ㅠ 시러요 ㅠ 제 자세 왜 이럴까요 .. 굉장히 킹받게... 샤브샤브 먹으러감 <b>샤브올데이</b> ~ 거짓말 안 하고 김우빈님 온 줄 알았어요 살목지 후기 .. 진짜 소리... ,,ｃｈａｅｗｏｎ’ｓ ｂｌｏｇ,blog.naver.com/chaewon020530
샤브올데이,single_term_fallback,샤브올데이,,일산 ‘풍천관’ / 일산 가족 외식 추천 / 장어 싫어 인간도 다시... ,20260526,,,,https://blog.naver.com/yoonitsme/224296512766,naver_blog,샤브올데이,canonical,1.0,2026-05-26T11:17:09.039904+00:00,0,0,0,0,⋆⁺₊⋆,2층에 <b>샤브올데이</b>가 같이 있어서 “아 여기구나” 하고 바로 발견 가능했답니다. 평일 금요일 저녁에 방문했는데도 주차 자리가 여유 있어서 편하게 주차할 수 있었어요. 식사 시간대라 걱정했는데 생각보다... ,"{""title"": ""일산 ‘풍천관’ / 일산 가족 외식 추천 / 장어 싫어 인간도 다시... "", ""link"": ""https://blog.naver.com/yoonitsme/224296512766"", ""description"": ""2층에 <b>샤브올데이</b>가 같이 있어서 “아 여기구나” 하고 바로 발견 가능했답니다. 평일 금요일 저녁에 방문했는데도 주차 자리가 여유 있어서 편하게 주차할 수 있었어요. 식사 시간대라 걱정했는데 생각보다... "", ""bloggername"": ""⋆⁺₊⋆"", ""bloggerlink"": ""blog.naver.com/yoonitsme"", ""postdate"": ""20260526""}",2층에 <b>샤브올데이</b>가 같이 있어서 “아 여기구나” 하고 바로 발견 가능했답니다. 평일 금요일 저녁에 방문했는데도 주차 자리가 여유 있어서 편하게 주차할 수 있었어요. 식사 시간대라 걱정했는데 생각보다... ,,⋆⁺₊⋆,blog.naver.com/yoonitsme
샤브올데이,single_term_fallback,샤브올데이,,"광주 <b>샤브올데이</b> 진월점, 소금빵 맛집 무뜨 다녀온 후기",20260526,,,,https://blog.naver.com/okaysin44/224296507501,naver_blog,샤브올데이,canonical,1.0,2026-05-26T11:17:09.039904+00:00,0,0,0,0,그나저나 나의 일상,나와있음.) <b>샤브올데이</b>는 저는 처음 가본거였어요 마음에 쏙 들었습니다 샤브샤브용 채소와 월남쌈 야채들이 한가득이고 소스도 다양해요! 고기랑 육수도 냉장고에 있으니까 편하게 가져다가 먹으면 되구요... ,"{""title"": ""광주 <b>샤브올데이</b> 진월점, 소금빵 맛집 무뜨 다녀온 후기"", ""link"": ""https://blog.naver.com/okaysin44/224296507501"", ""description"": ""나와있음.) <b>샤브올데이</b>는 저는 처음 가본거였어요 마음에 쏙 들었습니다 샤브샤브용 채소와 월남쌈 야채들이 한가득이고 소스도 다양해요! 고기랑 육수도 냉장고에 있으니까 편하게 가져다가 먹으면 되구요... "", ""bloggername"": ""그나저나 나의 일상"", ""bloggerlink"": ""blog.naver.com/okaysin44"", ""postdate"": ""20260526""}",나와있음.) <b>샤브올데이</b>는 저는 처음 가본거였어요 마음에 쏙 들었습니다 샤브샤브용 채소와 월남쌈 야채들이 한가득이고 소스도 다양해요! 고기랑 육수도 냉장고에 있으니까 편하게 가져다가 먹으면 되구요... ,,그나저나 나의 일상,blog.naver.com/okaysin44
샤브올데이,single_term_fallback,샤브올데이,,. . ♥︎,20260526,,,,https://blog.naver.com/yez_vely/224296501098,naver_blog,샤브올데이,canonical,1.0,2026-05-26T11:17:09.039904+00:00,0,0,0,0,⑅⋅˚₊‧ ୨୧ ‧₊˚⋅,어버이날 기념 예저씨가 준비한 샤브샤브 사촌언니네도 불러서 냠냠 외삼촌 많이 아프지 마세요... 갔다가 <b>샤브올데이</b>로 마무링 개맛있움 ㅠㅠㅠㅠㅠㅠㅠㅠㅠ 성현이 눈썰미좀 보세요 여러분 진심 내... ,"{""title"": "". . ♥︎"", ""link"": ""https://blog.naver.com/yez_vely/224296501098"", ""description"": ""어버이날 기념 예저씨가 준비한 샤브샤브 사촌언니네도 불러서 냠냠 외삼촌 많이 아프지 마세요... 갔다가 <b>샤브올데이</b>로 마무링 개맛있움 ㅠㅠㅠㅠㅠㅠㅠㅠㅠ 성현이 눈썰미좀 보세요 여러분 진심 내... "", ""bloggername"": ""⑅⋅˚₊‧ ୨୧ ‧₊˚⋅"", ""bloggerlink"": ""blog.naver.com/yez_vely"", ""postdate"": ""20260526""}",어버이날 기념 예저씨가 준비한 샤브샤브 사촌언니네도 불러서 냠냠 외삼촌 많이 아프지 마세요... 갔다가 <b>샤브올데이</b>로 마무링 개맛있움 ㅠㅠㅠㅠㅠㅠㅠㅠㅠ 성현이 눈썰미좀 보세요 여러분 진심 내... ,,⑅⋅˚₊‧ ୨୧ ‧₊˚⋅,blog.naver.com/yez_vely
샤브올데이,single_term_fallback,샤브올데이,,2026년의 여섯번째 일상 - 먹고 먹고 먹고,20260526,,,,https://blog.naver.com/neoyosley/224294985977,naver_blog,샤브올데이,canonical,1.0,2026-05-26T11:17:09.039904+00:00,0,0,0,0,소소한 일상,첨으로 #<b>샤브올데이</b> 가봣어요 머가 너무 많아서 정신이 나갈거같더라고요 샤부 배터지게 먹고 4.5km 산책함 ㅋㅋㅋㅋㅋㅋㅋㅋㅋ #봉선동프엘투알퀴진 내가 죠아하는 곳 당연히 맛은 있지만? 이날 직원들이 메뉴... ,"{""title"": ""2026년의 여섯번째 일상 - 먹고 먹고 먹고"", ""link"": ""https://blog.naver.com/neoyosley/224294985977"", ""description"": ""첨으로 #<b>샤브올데이</b> 가봣어요 머가 너무 많아서 정신이 나갈거같더라고요 샤부 배터지게 먹고 4.5km 산책함 ㅋㅋㅋㅋㅋㅋㅋㅋㅋ #봉선동프엘투알퀴진 내가 죠아하는 곳 당연히 맛은 있지만? 이날 직원들이 메뉴... "", ""bloggername"": ""소소한 일상"", ""bloggerlink"": ""blog.naver.com/neoyosley"", ""postdate"": ""20260526""}",첨으로 #<b>샤브올데이</b> 가봣어요 머가 너무 많아서 정신이 나갈거같더라고요 샤부 배터지게 먹고 4.5km 산책함 ㅋㅋㅋㅋㅋㅋㅋㅋㅋ #봉선동프엘투알퀴진 내가 죠아하는 곳 당연히 맛은 있지만? 이날 직원들이 메뉴... ,,소소한 일상,blog.naver.com/neoyosley
샤브올데이,single_term_fallback,샤브올데이,,[부산 아이와 가볼만한곳] 영도 흰여울문화마을 산책 코스... ,20260526,,,,https://blog.naver.com/triplog_korea/224295716724,naver_blog,샤브올데이,canonical,1.0,2026-05-26T11:17:09.039904+00:00,0,0,0,0,아이랑 '발로 쓴' 전국 여행 지도,다음 포스팅에서는 흰여울마을 근처에 위치해 아이들이 정말 시간 가는 줄 모르고 놀았던 [국립해양박물관 체험기]와 온 가족이 호불호 없이 배터지게 먹고 온 [<b>샤브올데이</b> 맛집 후기]로 알차게 돌아올 테니... ,"{""title"": ""[부산 아이와 가볼만한곳] 영도 흰여울문화마을 산책 코스... "", ""link"": ""https://blog.naver.com/triplog_korea/224295716724"", ""description"": ""다음 포스팅에서는 흰여울마을 근처에 위치해 아이들이 정말 시간 가는 줄 모르고 놀았던 [국립해양박물관 체험기]와 온 가족이 호불호 없이 배터지게 먹고 온 [<b>샤브올데이</b> 맛집 후기]로 알차게 돌아올 테니... "", ""bloggername"": ""아이랑 '발로 쓴' 전국 여행 지도"", ""bloggerlink"": ""blog.naver.com/triplog_korea"", ""postdate"": ""20260526""}",다음 포스팅에서는 흰여울마을 근처에 위치해 아이들이 정말 시간 가는 줄 모르고 놀았던 [국립해양박물관 체험기]와 온 가족이 호불호 없이 배터지게 먹고 온 [<b>샤브올데이</b> 맛집 후기]로 알차게 돌아올 테니... ,,아이랑 '발로 쓴' 전국 여행 지도,blog.naver.com/triplog_korea
샤브올데이,single_term_fallback,샤브올데이,,"[동대문] <b>샤브올데이</b> 이문점 주말 가격 웨이팅 시간, 육수 선택... ",20260526,,,,https://blog.naver.com/ire9750/224296149970,naver_blog,샤브올데이,canonical,1.0,2026-05-26T11:17:09.039904+00:00,0,0,0,0,뽀송너구리의 일상기록,2026.05.09 이문동샤브샤브 이문아이파크자이상가 이문아이파크자이샤브샤브 <b>샤브올데이</b>이문동 안녕하세요 이문아이파크자이 상가에 <b>샤브올데이</b>가 생겨서 가족들과 외식하러 다녀왔어요 ~ 영업시간 월/화... ,"{""title"": ""[동대문] <b>샤브올데이</b> 이문점 주말 가격 웨이팅 시간, 육수 선택... "", ""link"": ""https://blog.naver.com/ire9750/224296149970"", ""description"": ""2026.05.09 이문동샤브샤브 이문아이파크자이상가 이문아이파크자이샤브샤브 <b>샤브올데이</b>이문동 안녕하세요 이문아이파크자이 상가에 <b>샤브올데이</b>가 생겨서 가족들과 외식하러 다녀왔어요 ~ 영업시간 월/화... "", ""bloggername"": ""뽀송너구리의 일상기록"", ""bloggerlink"": ""blog.naver.com/ire9750"", ""postdate"": ""20260526""}",2026.05.09 이문동샤브샤브 이문아이파크자이상가 이문아이파크자이샤브샤브 <b>샤브올데이</b>이문동 안녕하세요 이문아이파크자이 상가에 <b>샤브올데이</b>가 생겨서 가족들과 외식하러 다녀왔어요 ~ 영업시간 월/화... ,,뽀송너구리의 일상기록,blog.naver.com/ire9750
샤브올데이,single_term_fallback,샤브올데이,,[경기/안양] <b>샤브올데이</b> : 주말 런치,20260526,,,,https://blog.naver.com/m_nemosia/224199959230,naver_blog,샤브올데이,canonical,1.0,2026-05-26T11:17:09.039904+00:00,0,0,0,0,Le merveilleux VOYAGE,많아서 그렇게 불편하진 않지만 뭔가 불편함을 느끼는 ? 소스도 뭔가 다양하게 먹을 수 있는데 이런거 이제 어려운 나이가 되어버렸더라... #경기도 #안양시 #안양 #관평로 #평촌역 #평촌 #<b>샤브올데이</b> #샤브샤브,"{""title"": ""[경기/안양] <b>샤브올데이</b> : 주말 런치"", ""link"": ""https://blog.naver.com/m_nemosia/224199959230"", ""description"": ""많아서 그렇게 불편하진 않지만 뭔가 불편함을 느끼는 ? 소스도 뭔가 다양하게 먹을 수 있는데 이런거 이제 어려운 나이가 되어버렸더라... #경기도 #안양시 #안양 #관평로 #평촌역 #평촌 #<b>샤브올데이</b> #샤브샤브"", ""bloggername"": ""Le merveilleux VOYAGE"", ""bloggerlink"": ""blog.naver.com/m_nemosia"", ""postdate"": ""20260526""}",많아서 그렇게 불편하진 않지만 뭔가 불편함을 느끼는 ? 소스도 뭔가 다양하게 먹을 수 있는데 이런거 이제 어려운 나이가 되어버렸더라... #경기도 #안양시 #안양 #관평로 #평촌역 #평촌 #<b>샤브올데이</b> #샤브샤브,,Le merveilleux VOYAGE,blog.naver.com/m_nemosia
샤브올데이,single_term_fallback,샤브올데이,,"경기광주 짬뽕 :: 오남리짬뽕집, 계속 생각나는 그맛!",20260526,,,,https://blog.naver.com/happysmiles99/224296454207,naver_blog,샤브올데이,canonical,1.0,2026-05-26T11:17:09.039904+00:00,0,0,0,0,일개미의 일상 :),"노노 <b>샤브올데이</b> 옆에 위치하고 있는데 여긴 옆이랑 공동으로 주차장을 사용하고 있다고 하니 가게... 부담없이 올 수 있어요 통오징어짬뽕 12,000원 통문어짬뽕 13,000원 어떤 메뉴를 주문할까 하다가... ","{""title"": ""경기광주 짬뽕 :: 오남리짬뽕집, 계속 생각나는 그맛!"", ""link"": ""https://blog.naver.com/happysmiles99/224296454207"", ""description"": ""노노 <b>샤브올데이</b> 옆에 위치하고 있는데 여긴 옆이랑 공동으로 주차장을 사용하고 있다고 하니 가게... 부담없이 올 수 있어요 통오징어짬뽕 12,000원 통문어짬뽕 13,000원 어떤 메뉴를 주문할까 하다가... "", ""bloggername"": ""일개미의 일상 :)"", ""bloggerlink"": ""blog.naver.com/happysmiles99"", ""postdate"": ""20260526""}","노노 <b>샤브올데이</b> 옆에 위치하고 있는데 여긴 옆이랑 공동으로 주차장을 사용하고 있다고 하니 가게... 부담없이 올 수 있어요 통오징어짬뽕 12,000원 통문어짬뽕 13,000원 어떤 메뉴를 주문할까 하다가... ",,일개미의 일상 :),blog.naver.com/happysmiles99
샤브올데이,single_term_fallback,샤브올데이,,<b>샤브올데이</b>에 갔어요,20260526,,,,https://blog.naver.com/bbdd6768/224296448819,naver_blog,샤브올데이,canonical,1.0,2026-05-26T11:17:09.039904+00:00,0,0,0,0,뿅뿅,<b>샤브올데이</b>에 감 이번이 세 번째 방문임 이 지점으로 갔음! 예약은 안 했고 토요일 12시에 갔는데 점심시간이었는데도 대기 없이 바로 입장함 근데 여기 내가 갔던 지점 중에 제일 괜찮았음 야채들이 냉장고에... ,"{""title"": ""<b>샤브올데이</b>에 갔어요"", ""link"": ""https://blog.naver.com/bbdd6768/224296448819"", ""description"": ""<b>샤브올데이</b>에 감 이번이 세 번째 방문임 이 지점으로 갔음! 예약은 안 했고 토요일 12시에 갔는데 점심시간이었는데도 대기 없이 바로 입장함 근데 여기 내가 갔던 지점 중에 제일 괜찮았음 야채들이 냉장고에... "", ""bloggername"": ""뿅뿅"", ""bloggerlink"": ""blog.naver.com/bbdd6768"", ""postdate"": ""20260526""}",<b>샤브올데이</b>에 감 이번이 세 번째 방문임 이 지점으로 갔음! 예약은 안 했고 토요일 12시에 갔는데 점심시간이었는데도 대기 없이 바로 입장함 근데 여기 내가 갔던 지점 중에 제일 괜찮았음 야채들이 냉장고에... ,,뿅뿅,blog.naver.com/bbdd6768
샤브올데이,single_term_fallback,샤브올데이,,[필리핀 여행 추천] 맥도날드도 이긴 국민 맛집 졸리비 메뉴... ,20260526,,,,https://blog.naver.com/psk839/224295566383,naver_blog,샤브올데이,canonical,1.0,2026-05-26T11:17:09.039904+00:00,0,0,0,0,화개장터(쇼핑)와트래블의 만남!!! 화개장트러블!!,"필리핀의 졸리비 그룹이 대한민국 대표 저가 커피 브랜드인 '컴포즈커피(Compose Coffee)'를 전격 인수한 데 이어, 최근에는 국내 프리미엄 무한리필 샤브샤브 프랜차이즈인 '<b>샤브올데이</b>'까지 무려 1,300억... ","{""title"": ""[필리핀 여행 추천] 맥도날드도 이긴 국민 맛집 졸리비 메뉴... "", ""link"": ""https://blog.naver.com/psk839/224295566383"", ""description"": ""필리핀의 졸리비 그룹이 대한민국 대표 저가 커피 브랜드인 '컴포즈커피(Compose Coffee)'를 전격 인수한 데 이어, 최근에는 국내 프리미엄 무한리필 샤브샤브 프랜차이즈인 '<b>샤브올데이</b>'까지 무려 1,300억... "", ""bloggername"": ""화개장터(쇼핑)와트래블의 만남!!! 화개장트러블!!"", ""bloggerlink"": ""blog.naver.com/psk839"", ""postdate"": ""20260526""}","필리핀의 졸리비 그룹이 대한민국 대표 저가 커피 브랜드인 '컴포즈커피(Compose Coffee)'를 전격 인수한 데 이어, 최근에는 국내 프리미엄 무한리필 샤브샤브 프랜차이즈인 '<b>샤브올데이</b>'까지 무려 1,300억... ",,화개장터(쇼핑)와트래블의 만남!!! 화개장트러블!!,blog.naver.com/psk839
샤브올데이,single_term_fallback,샤브올데이,,데일리 갱은,20260526,,,,https://blog.naver.com/youth_of_eun/224296391608,naver_blog,샤브올데이,canonical,1.0,2026-05-26T11:17:09.039904+00:00,0,0,0,0,갱쓰토리,하트모양으로 잘랐당 ㅎㅋㅎ헤헤 안혼낫당 ㅎㅎㅎ 김밥 만드는 중 첨으로 <b>샤브올데이</b> 가봤는데여... 여기는 이름은 기억 안나지만 암튼 샤브샤브 집이었는데 맛있었다! (어김없는 유부탕 나는 소담촌이 더... ,"{""title"": ""데일리 갱은"", ""link"": ""https://blog.naver.com/youth_of_eun/224296391608"", ""description"": ""하트모양으로 잘랐당 ㅎㅋㅎ헤헤 안혼낫당 ㅎㅎㅎ 김밥 만드는 중 첨으로 <b>샤브올데이</b> 가봤는데여... 여기는 이름은 기억 안나지만 암튼 샤브샤브 집이었는데 맛있었다! (어김없는 유부탕 나는 소담촌이 더... "", ""bloggername"": ""갱쓰토리"", ""bloggerlink"": ""blog.naver.com/youth_of_eun"", ""postdate"": ""20260526""}",하트모양으로 잘랐당 ㅎㅋㅎ헤헤 안혼낫당 ㅎㅎㅎ 김밥 만드는 중 첨으로 <b>샤브올데이</b> 가봤는데여... 여기는 이름은 기억 안나지만 암튼 샤브샤브 집이었는데 맛있었다! (어김없는 유부탕 나는 소담촌이 더... ,,갱쓰토리,blog.naver.com/youth_of_eun
샤브올데이,single_term_fallback,샤브올데이,,어릴때부터저는츤데레타입미소녀와쿨데레타입미소녀가저를두... ,20260526,,,,https://blog.naver.com/juwonnning/224296376132,naver_blog,샤브올데이,canonical,1.0,2026-05-26T11:17:09.039904+00:00,0,0,0,0,수련중..,샤브ㄹㅇ팸(각 반의 대표킹따를 담당하는 사람들의 모임)들은 시험이 끝나자마자. <b>샤브올데이</b> 로... 왜냐면 허락받기 귀찮다 이마데모.아와신데이루 고2때 와타시의.멱살을잡고 애니의길로 이끌어주신... ,"{""title"": ""어릴때부터저는츤데레타입미소녀와쿨데레타입미소녀가저를두... "", ""link"": ""https://blog.naver.com/juwonnning/224296376132"", ""description"": ""샤브ㄹㅇ팸(각 반의 대표킹따를 담당하는 사람들의 모임)들은 시험이 끝나자마자. <b>샤브올데이</b> 로... 왜냐면 허락받기 귀찮다 이마데모.아와신데이루 고2때 와타시의.멱살을잡고 애니의길로 이끌어주신... "", ""bloggername"": ""수련중.."", ""bloggerlink"": ""blog.naver.com/juwonnning"", ""postdate"": ""20260526""}",샤브ㄹㅇ팸(각 반의 대표킹따를 담당하는 사람들의 모임)들은 시험이 끝나자마자. <b>샤브올데이</b> 로... 왜냐면 허락받기 귀찮다 이마데모.아와신데이루 고2때 와타시의.멱살을잡고 애니의길로 이끌어주신... ,,수련중..,blog.naver.com/juwonnning
샤브올데이,single_term_fallback,샤브올데이,,Where change begins,20260526,,,,https://blog.naver.com/suhyun_-/224296365509,naver_blog,샤브올데이,canonical,1.0,2026-05-26T11:17:09.039904+00:00,0,0,0,0,수현이의 블로그,화이트데이 선물받기와 드라이브 4. 김천1등막창맛집 황소막창 푸파하기 5.김천 1등마라탕맛집 대쑈진즈에서 푸파하기 6. 나윤이지원이오랜만에 만나서 <b>샤브올데이</b> 푸파하기 적고보니 다 먹는 거네요... ,"{""title"": ""Where change begins"", ""link"": ""https://blog.naver.com/suhyun_-/224296365509"", ""description"": ""화이트데이 선물받기와 드라이브 4. 김천1등막창맛집 황소막창 푸파하기 5.김천 1등마라탕맛집 대쑈진즈에서 푸파하기 6. 나윤이지원이오랜만에 만나서 <b>샤브올데이</b> 푸파하기 적고보니 다 먹는 거네요... "", ""bloggername"": ""수현이의 블로그"", ""bloggerlink"": ""blog.naver.com/suhyun_-"", ""postdate"": ""20260526""}",화이트데이 선물받기와 드라이브 4. 김천1등막창맛집 황소막창 푸파하기 5.김천 1등마라탕맛집 대쑈진즈에서 푸파하기 6. 나윤이지원이오랜만에 만나서 <b>샤브올데이</b> 푸파하기 적고보니 다 먹는 거네요... ,,수현이의 블로그,blog.naver.com/suhyun_-
샤브올데이,single_term_fallback,샤브올데이,,넓고 쾌적해서 만족했던 <b>샤브올데이</b> 신선도원몰점(무한리필),20260526,,,,https://blog.naver.com/sailkee_daily/224296331317,naver_blog,샤브올데이,canonical,1.0,2026-05-26T11:17:09.039904+00:00,0,0,0,0,"세상의 모든 것, 일상, 그리고 기록",이번에는 가족 외식이나 지인들과의 식사 등 모임 장소로도 너무 괜찮았던 샤브샤브 무한리필 가게... 들기름 / 참기름 / 곤드레밥 약고추장 vs 강된장 vs 부추간장 취향에 따라 골라보세요  제가 <b>샤브올데이</b> 올... ,"{""title"": ""넓고 쾌적해서 만족했던 <b>샤브올데이</b> 신선도원몰점(무한리필)"", ""link"": ""https://blog.naver.com/sailkee_daily/224296331317"", ""description"": ""이번에는 가족 외식이나 지인들과의 식사 등 모임 장소로도 너무 괜찮았던 샤브샤브 무한리필 가게... 들기름 / 참기름 / 곤드레밥 약고추장 vs 강된장 vs 부추간장 취향에 따라 골라보세요  제가 <b>샤브올데이</b> 올... "", ""bloggername"": ""세상의 모든 것, 일상, 그리고 기록"", ""bloggerlink"": ""blog.naver.com/sailkee_daily"", ""postdate"": ""20260526""}",이번에는 가족 외식이나 지인들과의 식사 등 모임 장소로도 너무 괜찮았던 샤브샤브 무한리필 가게... 들기름 / 참기름 / 곤드레밥 약고추장 vs 강된장 vs 부추간장 취향에 따라 골라보세요  제가 <b>샤브올데이</b> 올... ,,"세상의 모든 것, 일상, 그리고 기록",blog.naver.com/sailkee_daily
샤브올데이,single_term_fallback,샤브올데이,,1,20260526,,,,https://blog.naver.com/2080dpwls/224296321819,naver_blog,샤브올데이,canonical,1.0,2026-05-26T11:17:09.039904+00:00,0,0,0,0,^ㅅ^,다시는 먹을 수 없겟지요..(?) <b>샤브올데이</b>에 왓군요 티를 내는 아이 누가봐도 수상함 정성가득한 토퍼들.. 가리지 않을 수 없는 사진들만 가득한 토퍼들.. 정말 감동적이어서 눈물이 났다 마토의 손편지 선물 증정... ,"{""title"": ""1"", ""link"": ""https://blog.naver.com/2080dpwls/224296321819"", ""description"": ""다시는 먹을 수 없겟지요..(?) <b>샤브올데이</b>에 왓군요 티를 내는 아이 누가봐도 수상함 정성가득한 토퍼들.. 가리지 않을 수 없는 사진들만 가득한 토퍼들.. 정말 감동적이어서 눈물이 났다 마토의 손편지 선물 증정... "", ""bloggername"": ""^ㅅ^"", ""bloggerlink"": ""blog.naver.com/2080dpwls"", ""postdate"": ""20260526""}",다시는 먹을 수 없겟지요..(?) <b>샤브올데이</b>에 왓군요 티를 내는 아이 누가봐도 수상함 정성가득한 토퍼들.. 가리지 않을 수 없는 사진들만 가득한 토퍼들.. 정말 감동적이어서 눈물이 났다 마토의 손편지 선물 증정... ,,^ㅅ^,blog.naver.com/2080dpwls
샤브올데이,single_term_fallback,샤브올데이,,있겠죠 사랑해 본 적,20260526,,,,https://blog.naver.com/youheehee1/224296321650,naver_blog,샤브올데이,canonical,1.0,2026-05-26T11:17:09.039904+00:00,0,0,0,0,희소식,레전드 조합을 못참고 원데이클레스 바로 등록했어요 꺄 ♥ ♥ 넘넘 귀욥잖아 ㅜㅜ 근데 얘가 더... 집 와서 포포랑 사진 찍구 이번엔 리리 갇혔길래 놀려주고  또 야무지게 먹어주고 아 진짜 진짜 <b>샤브올데이</b>?... ,"{""title"": ""있겠죠 사랑해 본 적"", ""link"": ""https://blog.naver.com/youheehee1/224296321650"", ""description"": ""레전드 조합을 못참고 원데이클레스 바로 등록했어요 꺄 ♥ ♥ 넘넘 귀욥잖아 ㅜㅜ 근데 얘가 더... 집 와서 포포랑 사진 찍구 이번엔 리리 갇혔길래 놀려주고  또 야무지게 먹어주고 아 진짜 진짜 <b>샤브올데이</b>?... "", ""bloggername"": ""희소식"", ""bloggerlink"": ""blog.naver.com/youheehee1"", ""postdate"": ""20260526""}",레전드 조합을 못참고 원데이클레스 바로 등록했어요 꺄 ♥ ♥ 넘넘 귀욥잖아 ㅜㅜ 근데 얘가 더... 집 와서 포포랑 사진 찍구 이번엔 리리 갇혔길래 놀려주고  또 야무지게 먹어주고 아 진짜 진짜 <b>샤브올데이</b>?... ,,희소식,blog.naver.com/youheehee1
샤브올데이,single_term_fallback,샤브올데이,,4월은 죤낸먹기라지?,20260526,,,,https://blog.naver.com/jihee78975/224296308565,naver_blog,샤브올데이,canonical,1.0,2026-05-26T11:17:09.039904+00:00,0,0,0,0,(¦3[▓▓],(내 배속에 들어가야하기 때문) <b>샤브올데이</b>를 첨 가봤는데요 끝날때가서 부랴부랴먹어서 아쉽긴하지만 마싯섯구여 100원에 맥주를 무제한으로 즐길 수 있다는것에 영광에 한표 드립니다. 네 찜질방가면 뭐겠어요... ,"{""title"": ""4월은 죤낸먹기라지?"", ""link"": ""https://blog.naver.com/jihee78975/224296308565"", ""description"": ""(내 배속에 들어가야하기 때문) <b>샤브올데이</b>를 첨 가봤는데요 끝날때가서 부랴부랴먹어서 아쉽긴하지만 마싯섯구여 100원에 맥주를 무제한으로 즐길 수 있다는것에 영광에 한표 드립니다. 네 찜질방가면 뭐겠어요... "", ""bloggername"": ""(¦3[▓▓]"", ""bloggerlink"": ""blog.naver.com/jihee78975"", ""postdate"": ""20260526""}",(내 배속에 들어가야하기 때문) <b>샤브올데이</b>를 첨 가봤는데요 끝날때가서 부랴부랴먹어서 아쉽긴하지만 마싯섯구여 100원에 맥주를 무제한으로 즐길 수 있다는것에 영광에 한표 드립니다. 네 찜질방가면 뭐겠어요... ,,(¦3[▓▓],blog.naver.com/jihee78975
샤브올데이,single_term_fallback,샤브올데이,,"[오키나와 여행] 르와지르 호텔 나하, 다이닝 폰테인, 블루씰... ",20260526,,,,https://blog.naver.com/kky2112/224296307028,naver_blog,샤브올데이,canonical,1.0,2026-05-26T11:17:09.039904+00:00,0,0,0,0,위시리스트를 체크리스트로,"다이닝 폰테인 호텔 로비에는 <b>올데이</b> 다이닝 폰테인(Fontaine)이 있다. 호텔에 도착했을때가 딱... 돼지고기 <b>샤브</b><b>샤브</b>, 해산물, 튀김, 와규 스테이크가 무제한이란다. 고민할것도 없이 GoGo~~~ 카운터에서... ","{""title"": ""[오키나와 여행] 르와지르 호텔 나하, 다이닝 폰테인, 블루씰... "", ""link"": ""https://blog.naver.com/kky2112/224296307028"", ""description"": ""다이닝 폰테인 호텔 로비에는 <b>올데이</b> 다이닝 폰테인(Fontaine)이 있다. 호텔에 도착했을때가 딱... 돼지고기 <b>샤브</b><b>샤브</b>, 해산물, 튀김, 와규 스테이크가 무제한이란다. 고민할것도 없이 GoGo~~~ 카운터에서... "", ""bloggername"": ""위시리스트를 체크리스트로"", ""bloggerlink"": ""blog.naver.com/kky2112"", ""postdate"": ""20260526""}","다이닝 폰테인 호텔 로비에는 <b>올데이</b> 다이닝 폰테인(Fontaine)이 있다. 호텔에 도착했을때가 딱... 돼지고기 <b>샤브</b><b>샤브</b>, 해산물, 튀김, 와규 스테이크가 무제한이란다. 고민할것도 없이 GoGo~~~ 카운터에서... ",,위시리스트를 체크리스트로,blog.naver.com/kky2112
샤브올데이,single_term_fallback,샤브올데이,,천안 불당동 맛집 15일 숙성 소고기 맛있는 백양한우정육식당,20260526,,,,https://blog.naver.com/hyoni2_/224296304486,naver_blog,샤브올데이,canonical,1.0,2026-05-26T11:17:09.039904+00:00,0,0,0,0,hyoni blog,"바로 천안 불당동 백양한우정육식당인데요~ 찐만족 했던 식사 후기 써볼게요 &gt;_&lt; 위치 천안 서북구 불당동 691 (불당동 <b>샤브올데이</b> 바로 옆) 영업시간 평일 16시 - 02시 주말, 공휴일 16시 - 24시 전화번호 0507-1309... ","{""title"": ""천안 불당동 맛집 15일 숙성 소고기 맛있는 백양한우정육식당"", ""link"": ""https://blog.naver.com/hyoni2_/224296304486"", ""description"": ""바로 천안 불당동 백양한우정육식당인데요~ 찐만족 했던 식사 후기 써볼게요 &gt;_&lt; 위치 천안 서북구 불당동 691 (불당동 <b>샤브올데이</b> 바로 옆) 영업시간 평일 16시 - 02시 주말, 공휴일 16시 - 24시 전화번호 0507-1309... "", ""bloggername"": ""hyoni blog"", ""bloggerlink"": ""blog.naver.com/hyoni2_"", ""postdate"": ""20260526""}","바로 천안 불당동 백양한우정육식당인데요~ 찐만족 했던 식사 후기 써볼게요 &gt;_&lt; 위치 천안 서북구 불당동 691 (불당동 <b>샤브올데이</b> 바로 옆) 영업시간 평일 16시 - 02시 주말, 공휴일 16시 - 24시 전화번호 0507-1309... ",,hyoni blog,blog.naver.com/hyoni2_
샤브올데이,single_term_fallback,샤브올데이,,"55개월 육아일상(10월2주) - 추석연휴#2, 스타필드시티, 쁘지의... ",20260526,,,,https://blog.naver.com/petji/224296299179,naver_blog,샤브올데이,canonical,1.0,2026-05-26T11:17:09.039904+00:00,0,0,0,0,육아다반사(育兒茶飯事),저녁은 <b>샤브올데이</b> 이제 음료수도 혼자 따라서 잘 가지고 오는 쁘지 엄마의 강력한 요청으로 갔지만 추석 연휴동안 계속 잘 먹어서 배가 부른 상태라 많이 먹진 못 했다 뷔페식당인데 아까워라 쁘지는 옥수수... ,"{""title"": ""55개월 육아일상(10월2주) - 추석연휴#2, 스타필드시티, 쁘지의... "", ""link"": ""https://blog.naver.com/petji/224296299179"", ""description"": ""저녁은 <b>샤브올데이</b> 이제 음료수도 혼자 따라서 잘 가지고 오는 쁘지 엄마의 강력한 요청으로 갔지만 추석 연휴동안 계속 잘 먹어서 배가 부른 상태라 많이 먹진 못 했다 뷔페식당인데 아까워라 쁘지는 옥수수... "", ""bloggername"": ""육아다반사(育兒茶飯事)"", ""bloggerlink"": ""blog.naver.com/petji"", ""postdate"": ""20260526""}",저녁은 <b>샤브올데이</b> 이제 음료수도 혼자 따라서 잘 가지고 오는 쁘지 엄마의 강력한 요청으로 갔지만 추석 연휴동안 계속 잘 먹어서 배가 부른 상태라 많이 먹진 못 했다 뷔페식당인데 아까워라 쁘지는 옥수수... ,,육아다반사(育兒茶飯事),blog.naver.com/petji
샤브올데이,single_term_fallback,샤브올데이,,학교싫어싫어,20260525,,,,https://blog.naver.com/h0xnl1/224296264144,naver_blog,샤브올데이,canonical,1.0,2026-05-26T11:17:09.039904+00:00,0,0,0,0,이번역은,쌤 사랑해요 일찍 끝난 기념 일찍 끝난 김에 <b>샤브올데이</b> 와죠써요 다 먹구 차 두고 집까지 30분 걸어갔다는 사실… (너무힘듦) 요건 전날에 발표 수행 준비한 건데 쌤이 뭔가 착각하셨는지 발표 안부르셔서 그냥... ,"{""title"": ""학교싫어싫어"", ""link"": ""https://blog.naver.com/h0xnl1/224296264144"", ""description"": ""쌤 사랑해요 일찍 끝난 기념 일찍 끝난 김에 <b>샤브올데이</b> 와죠써요 다 먹구 차 두고 집까지 30분 걸어갔다는 사실… (너무힘듦) 요건 전날에 발표 수행 준비한 건데 쌤이 뭔가 착각하셨는지 발표 안부르셔서 그냥... "", ""bloggername"": ""이번역은"", ""bloggerlink"": ""blog.naver.com/h0xnl1"", ""postdate"": ""20260525""}",쌤 사랑해요 일찍 끝난 기념 일찍 끝난 김에 <b>샤브올데이</b> 와죠써요 다 먹구 차 두고 집까지 30분 걸어갔다는 사실… (너무힘듦) 요건 전날에 발표 수행 준비한 건데 쌤이 뭔가 착각하셨는지 발표 안부르셔서 그냥... ,,이번역은,blog.naver.com/h0xnl1
샤브올데이,single_term_fallback,샤브올데이,,꼬꼬싱,20260525,,,,https://blog.naver.com/lynif5/224296248556,naver_blog,샤브올데이,canonical,1.0,2026-05-26T11:17:09.039904+00:00,0,0,0,0,lynif5님의 블로그,화이트데이 안 챙겨줄 것처럼 굴더니 세상에서 제일 열심히 고르고 사옴 에겐남아  에겐남2... 릴스보니까 벚꽃을 코에 막 넣던데요 유행 따라가기 힘들다 나 스물한살예원쓴데 ㅜㅜ <b>샤브올데이</b> 갓는데... ,"{""title"": ""꼬꼬싱"", ""link"": ""https://blog.naver.com/lynif5/224296248556"", ""description"": ""화이트데이 안 챙겨줄 것처럼 굴더니 세상에서 제일 열심히 고르고 사옴 에겐남아  에겐남2... 릴스보니까 벚꽃을 코에 막 넣던데요 유행 따라가기 힘들다 나 스물한살예원쓴데 ㅜㅜ <b>샤브올데이</b> 갓는데... "", ""bloggername"": ""lynif5님의 블로그"", ""bloggerlink"": ""blog.naver.com/lynif5"", ""postdate"": ""20260525""}",화이트데이 안 챙겨줄 것처럼 굴더니 세상에서 제일 열심히 고르고 사옴 에겐남아  에겐남2... 릴스보니까 벚꽃을 코에 막 넣던데요 유행 따라가기 힘들다 나 스물한살예원쓴데 ㅜㅜ <b>샤브올데이</b> 갓는데... ,,lynif5님의 블로그,blog.naver.com/lynif5
샤브올데이,single_term_fallback,샤브올데이,,<b>샤브올데이</b> 식사권 당첨 28개월 아들과 저녁 식사,20260525,,,,https://blog.naver.com/dailylife_my/224296246274,naver_blog,샤브올데이,canonical,1.0,2026-05-26T11:17:09.039904+00:00,0,0,0,0,일상을 담다 :),안녕하세요 :) 오랜만에 블로그를 올려요 <b>샤브올데이</b> 오늘 다녀왔는데 리뷰 시작해볼게요 말썽꾸러기 28개월 아들과 함께 <b>샤브올데이</b> 방문! 지정 주차장이 있지만 저희는 근처에 주차할 곳이 있어서 주차를... ,"{""title"": ""<b>샤브올데이</b> 식사권 당첨 28개월 아들과 저녁 식사"", ""link"": ""https://blog.naver.com/dailylife_my/224296246274"", ""description"": ""안녕하세요 :) 오랜만에 블로그를 올려요 <b>샤브올데이</b> 오늘 다녀왔는데 리뷰 시작해볼게요 말썽꾸러기 28개월 아들과 함께 <b>샤브올데이</b> 방문! 지정 주차장이 있지만 저희는 근처에 주차할 곳이 있어서 주차를... "", ""bloggername"": ""일상을 담다 :)"", ""bloggerlink"": ""blog.naver.com/dailylife_my"", ""postdate"": ""20260525""}",안녕하세요 :) 오랜만에 블로그를 올려요 <b>샤브올데이</b> 오늘 다녀왔는데 리뷰 시작해볼게요 말썽꾸러기 28개월 아들과 함께 <b>샤브올데이</b> 방문! 지정 주차장이 있지만 저희는 근처에 주차할 곳이 있어서 주차를... ,,일상을 담다 :),blog.naver.com/dailylife_my
샤브올데이,single_term_fallback,샤브올데이,,2026년 2월 일기,20260525,,,,https://blog.naver.com/hayondjo/224296241263,naver_blog,샤브올데이,canonical,1.0,2026-05-26T11:17:09.039904+00:00,0,0,0,0,놀고 먹는 블로그,친구들과 먹은 별내 샤브르정원! <b>샤브올데이</b> 말고 여긴 어떤가 해서 가봤는데 셀프바는 여기가 훨씬 다양하고 좋았다 그래도 샤브샤브 자체는 <b>샤브올데이</b>가 맛있었다 ㅎㅎ 각각의 장단점이 있는듯! 우리가 모인... ,"{""title"": ""2026년 2월 일기"", ""link"": ""https://blog.naver.com/hayondjo/224296241263"", ""description"": ""친구들과 먹은 별내 샤브르정원! <b>샤브올데이</b> 말고 여긴 어떤가 해서 가봤는데 셀프바는 여기가 훨씬 다양하고 좋았다 그래도 샤브샤브 자체는 <b>샤브올데이</b>가 맛있었다 ㅎㅎ 각각의 장단점이 있는듯! 우리가 모인... "", ""bloggername"": ""놀고 먹는 블로그"", ""bloggerlink"": ""blog.naver.com/hayondjo"", ""postdate"": ""20260525""}",친구들과 먹은 별내 샤브르정원! <b>샤브올데이</b> 말고 여긴 어떤가 해서 가봤는데 셀프바는 여기가 훨씬 다양하고 좋았다 그래도 샤브샤브 자체는 <b>샤브올데이</b>가 맛있었다 ㅎㅎ 각각의 장단점이 있는듯! 우리가 모인... ,,놀고 먹는 블로그,blog.naver.com/hayondjo
샤브올데이,single_term_fallback,샤브올데이,,시간을 건너 보내는 편지 (129),20260525,,,,https://blog.naver.com/w0167love/224296237013,naver_blog,샤브올데이,canonical,1.0,2026-05-26T11:17:09.039904+00:00,0,0,0,0,느린 우체통,지영이 다이어트 한다고 매일 단백질 쉐이크로 끼니 챙기고 데이트 한다고 간만에 외식이라고 <b>샤브올데이</b> 가고 싶다면서 기뻐하면서 왔는데 그와중에도 다른건 손도 안대고 야채만 엄청 먹고 소스 조차 안찍어... ,"{""title"": ""시간을 건너 보내는 편지 (129)"", ""link"": ""https://blog.naver.com/w0167love/224296237013"", ""description"": ""지영이 다이어트 한다고 매일 단백질 쉐이크로 끼니 챙기고 데이트 한다고 간만에 외식이라고 <b>샤브올데이</b> 가고 싶다면서 기뻐하면서 왔는데 그와중에도 다른건 손도 안대고 야채만 엄청 먹고 소스 조차 안찍어... "", ""bloggername"": ""느린 우체통"", ""bloggerlink"": ""blog.naver.com/w0167love"", ""postdate"": ""20260525""}",지영이 다이어트 한다고 매일 단백질 쉐이크로 끼니 챙기고 데이트 한다고 간만에 외식이라고 <b>샤브올데이</b> 가고 싶다면서 기뻐하면서 왔는데 그와중에도 다른건 손도 안대고 야채만 엄청 먹고 소스 조차 안찍어... ,,느린 우체통,blog.naver.com/w0167love
샤브올데이,single_term_fallback,샤브올데이,,'바르미<b>샤브</b><b>샤브</b>' 신도림 맛집 디큐브시티 맛집 내돈내산,20260525,,,,https://blog.naver.com/hdr_jmt/224296229754,naver_blog,샤브올데이,canonical,1.0,2026-05-26T11:17:09.039904+00:00,0,0,0,0,덕률이의 일상,'바르미샤브샤브' 신도림 맛집 디큐브시티 맛집 내돈내산 <b>샤브올데이</b>처럼 샤브샤브 뷔페가 있었네요 바르미샤브샤브 신도림점 내돈내산으로 다녀왔어요 원래는 신도림 디큐브시티에 있었는데 신도림... ,"{""title"": ""'바르미<b>샤브</b><b>샤브</b>' 신도림 맛집 디큐브시티 맛집 내돈내산"", ""link"": ""https://blog.naver.com/hdr_jmt/224296229754"", ""description"": ""'바르미샤브샤브' 신도림 맛집 디큐브시티 맛집 내돈내산 <b>샤브올데이</b>처럼 샤브샤브 뷔페가 있었네요 바르미샤브샤브 신도림점 내돈내산으로 다녀왔어요 원래는 신도림 디큐브시티에 있었는데 신도림... "", ""bloggername"": ""덕률이의 일상"", ""bloggerlink"": ""blog.naver.com/hdr_jmt"", ""postdate"": ""20260525""}",'바르미샤브샤브' 신도림 맛집 디큐브시티 맛집 내돈내산 <b>샤브올데이</b>처럼 샤브샤브 뷔페가 있었네요 바르미샤브샤브 신도림점 내돈내산으로 다녀왔어요 원래는 신도림 디큐브시티에 있었는데 신도림... ,,덕률이의 일상,blog.naver.com/hdr_jmt
샤브올데이,single_term_fallback,샤브올데이,,서울랜드 5월 장미 축제,20260525,,,,https://blog.naver.com/cet4245/224296205621,naver_blog,샤브올데이,canonical,1.0,2026-05-26T11:17:09.039904+00:00,0,0,0,0,cet4245님의 블로그,2026 5월 26일 서울랜드 장미 축제 점심을 <b>샤브 올데이</b>에서 먹고 오후엔 서울랜드 장미 축제를 보러 갔다. 입구에서 부터 장미향이 코끝을 유혹한다.,"{""title"": ""서울랜드 5월 장미 축제"", ""link"": ""https://blog.naver.com/cet4245/224296205621"", ""description"": ""2026 5월 26일 서울랜드 장미 축제 점심을 <b>샤브 올데이</b>에서 먹고 오후엔 서울랜드 장미 축제를 보러 갔다. 입구에서 부터 장미향이 코끝을 유혹한다."", ""bloggername"": ""cet4245님의 블로그"", ""bloggerlink"": ""blog.naver.com/cet4245"", ""postdate"": ""20260525""}",2026 5월 26일 서울랜드 장미 축제 점심을 <b>샤브 올데이</b>에서 먹고 오후엔 서울랜드 장미 축제를 보러 갔다. 입구에서 부터 장미향이 코끝을 유혹한다.,,cet4245님의 블로그,blog.naver.com/cet4245
샤브올데이,single_term_fallback,샤브올데이,,"광양 <b>샤브올데이</b> 입점 최적지, 지금은 광영동 대륜라운지... ",20260525,,,,https://blog.naver.com/ipsomoon5100/224296203627,naver_blog,샤브올데이,canonical,1.0,2026-05-26T11:17:09.039904+00:00,0,0,0,0,광양부동산 061-795-5500,요즘 외식 프랜차이즈 시장에서 꾸준하게 안정적인 수요를 만들어내는 업종 중 하나가 바로 샤브뷔페 브랜드입니다. 그중에서도 전국적으로 빠르게 확장 중인 광양 <b>샤브올데이</b> 입점을 기다리는 자리가 바로... ,"{""title"": ""광양 <b>샤브올데이</b> 입점 최적지, 지금은 광영동 대륜라운지... "", ""link"": ""https://blog.naver.com/ipsomoon5100/224296203627"", ""description"": ""요즘 외식 프랜차이즈 시장에서 꾸준하게 안정적인 수요를 만들어내는 업종 중 하나가 바로 샤브뷔페 브랜드입니다. 그중에서도 전국적으로 빠르게 확장 중인 광양 <b>샤브올데이</b> 입점을 기다리는 자리가 바로... "", ""bloggername"": ""광양부동산 061-795-5500"", ""bloggerlink"": ""blog.naver.com/ipsomoon5100"", ""postdate"": ""20260525""}",요즘 외식 프랜차이즈 시장에서 꾸준하게 안정적인 수요를 만들어내는 업종 중 하나가 바로 샤브뷔페 브랜드입니다. 그중에서도 전국적으로 빠르게 확장 중인 광양 <b>샤브올데이</b> 입점을 기다리는 자리가 바로... ,,광양부동산 061-795-5500,blog.naver.com/ipsomoon5100
샤브올데이,single_term_fallback,샤브올데이,,가로 막히면 세로 시작하면 돼~,20260525,,,,https://blog.naver.com/yxexo/224296199392,naver_blog,샤브올데이,canonical,1.0,2026-05-26T11:17:09.039904+00:00,0,0,0,0,the corinthians16:14,종강주세요종강 승연둥이랑만났어요 우리진짜자쥬만나자ㅜ 교환학생친구들이랑 필드트립도 가구 샤라웃투k-pop 민정이랑 데이투! 기마영수혈 김수민이랑은 백투더 2025해가지구 <b>샤브올데이</b> 가게 하나 다... ,"{""title"": ""가로 막히면 세로 시작하면 돼~"", ""link"": ""https://blog.naver.com/yxexo/224296199392"", ""description"": ""종강주세요종강 승연둥이랑만났어요 우리진짜자쥬만나자ㅜ 교환학생친구들이랑 필드트립도 가구 샤라웃투k-pop 민정이랑 데이투! 기마영수혈 김수민이랑은 백투더 2025해가지구 <b>샤브올데이</b> 가게 하나 다... "", ""bloggername"": ""the corinthians16:14"", ""bloggerlink"": ""blog.naver.com/yxexo"", ""postdate"": ""20260525""}",종강주세요종강 승연둥이랑만났어요 우리진짜자쥬만나자ㅜ 교환학생친구들이랑 필드트립도 가구 샤라웃투k-pop 민정이랑 데이투! 기마영수혈 김수민이랑은 백투더 2025해가지구 <b>샤브올데이</b> 가게 하나 다... ,,the corinthians16:14,blog.naver.com/yxexo
샤브올데이,single_term_fallback,샤브올데이,,샤브 먹으러 갔다가 셀프바에 반하고 옴…” 안산 <b>샤브올데이</b>... ,20260525,,,,https://blog.naver.com/gsw01302/224296196346,naver_blog,샤브올데이,canonical,1.0,2026-05-26T11:17:09.039904+00:00,0,0,0,0,몽키 초초롱 해피 별책부록,와야겠어요 #안산맛집 #<b>샤브올데이</b> #안산샤브샤브 #샤브샤브맛집 #안산뷔페 #셀프바맛집 #안산데이트 #안산먹방 #고잔동맛집 #안산외식 #안산가볼만한곳 #샤브샤브 #월남쌈 #버섯샤브 #무한리필 #맛집후기... ,"{""title"": ""샤브 먹으러 갔다가 셀프바에 반하고 옴…” 안산 <b>샤브올데이</b>... "", ""link"": ""https://blog.naver.com/gsw01302/224296196346"", ""description"": ""와야겠어요 #안산맛집 #<b>샤브올데이</b> #안산샤브샤브 #샤브샤브맛집 #안산뷔페 #셀프바맛집 #안산데이트 #안산먹방 #고잔동맛집 #안산외식 #안산가볼만한곳 #샤브샤브 #월남쌈 #버섯샤브 #무한리필 #맛집후기... "", ""bloggername"": ""몽키 초초롱 해피 별책부록"", ""bloggerlink"": ""blog.naver.com/gsw01302"", ""postdate"": ""20260525""}",와야겠어요 #안산맛집 #<b>샤브올데이</b> #안산샤브샤브 #샤브샤브맛집 #안산뷔페 #셀프바맛집 #안산데이트 #안산먹방 #고잔동맛집 #안산외식 #안산가볼만한곳 #샤브샤브 #월남쌈 #버섯샤브 #무한리필 #맛집후기... ,,몽키 초초롱 해피 별책부록,blog.naver.com/gsw01302
샤브올데이,single_term_fallback,샤브올데이,,"2월 3/3, 봄방학 일상 feat. 1박2일 대구여행(대구10미/동성로... ",20260525,,,,https://blog.naver.com/sweetsim83/224296182816,naver_blog,샤브올데이,canonical,1.0,2026-05-26T11:17:09.039904+00:00,0,0,0,0,방랑의 날들,"언니 와서 <b>샤브올데이</b> 먹으러 갔당~~ 옛날만큼 많이 못먹음 ㅠㅠㅠㅠ 먹는 양이 줄어들고 있다는게,, 갈때마다 느껴짐 ㅠㅠㅠㅠ 맥주 안주로 김만한 것이 없다죠? 사실 다른 안주라고는 없고요. 흑흑 ㅠㅠ 과일과... ","{""title"": ""2월 3/3, 봄방학 일상 feat. 1박2일 대구여행(대구10미/동성로... "", ""link"": ""https://blog.naver.com/sweetsim83/224296182816"", ""description"": ""언니 와서 <b>샤브올데이</b> 먹으러 갔당~~ 옛날만큼 많이 못먹음 ㅠㅠㅠㅠ 먹는 양이 줄어들고 있다는게,, 갈때마다 느껴짐 ㅠㅠㅠㅠ 맥주 안주로 김만한 것이 없다죠? 사실 다른 안주라고는 없고요. 흑흑 ㅠㅠ 과일과... "", ""bloggername"": ""방랑의 날들"", ""bloggerlink"": ""blog.naver.com/sweetsim83"", ""postdate"": ""20260525""}","언니 와서 <b>샤브올데이</b> 먹으러 갔당~~ 옛날만큼 많이 못먹음 ㅠㅠㅠㅠ 먹는 양이 줄어들고 있다는게,, 갈때마다 느껴짐 ㅠㅠㅠㅠ 맥주 안주로 김만한 것이 없다죠? 사실 다른 안주라고는 없고요. 흑흑 ㅠㅠ 과일과... ",,방랑의 날들,blog.naver.com/sweetsim83
샤브올데이,single_term_fallback,샤브올데이,,26.05(1),20260525,,,,https://blog.naver.com/han_ing-/224296178576,naver_blog,샤브올데이,canonical,1.0,2026-05-26T11:17:09.039904+00:00,0,0,0,0,(„• ֊ •„)੭,샤브샤브 얘기나오고 찾아보니 <b>샤브올데이</b>가 주변에 있네 ? 바로 출발 가는 길에 본 기염둥이 ㅠㅠ 샤브샤브 먹으러 오긴 했는데 (아니 파인애플인가?) 둘 다 진짜 많이 먹자 하고 오긴 했는데 그래서 나름 많이... ,"{""title"": ""26.05(1)"", ""link"": ""https://blog.naver.com/han_ing-/224296178576"", ""description"": ""샤브샤브 얘기나오고 찾아보니 <b>샤브올데이</b>가 주변에 있네 ? 바로 출발 가는 길에 본 기염둥이 ㅠㅠ 샤브샤브 먹으러 오긴 했는데 (아니 파인애플인가?) 둘 다 진짜 많이 먹자 하고 오긴 했는데 그래서 나름 많이... "", ""bloggername"": ""(„• ֊ •„)੭"", ""bloggerlink"": ""blog.naver.com/han_ing-"", ""postdate"": ""20260525""}",샤브샤브 얘기나오고 찾아보니 <b>샤브올데이</b>가 주변에 있네 ? 바로 출발 가는 길에 본 기염둥이 ㅠㅠ 샤브샤브 먹으러 오긴 했는데 (아니 파인애플인가?) 둘 다 진짜 많이 먹자 하고 오긴 했는데 그래서 나름 많이... ,,(„• ֊ •„)੭,blog.naver.com/han_ing-
샤브올데이,single_term_fallback,샤브올데이,,2026년도 4월의 일상상더하기(봄을 즐겨),20260525,,,,https://blog.naver.com/yoga_seungji/224296169360,naver_blog,샤브올데이,canonical,1.0,2026-05-26T11:17:09.039904+00:00,0,0,0,0,Be myself!,제 회원님 아니지만 너무 감사했다 저까지 챙겨주시다니ㅠㅠ 오빠 시간 많이 떴고 나는 퇴근하는길에 원기회복을 위해 <b>샤브올데이</b> 근데 왤케 우리 죽었냐 샤브샤브 집 거덜내던 우리였는데!!! 혼자 요가... ,"{""title"": ""2026년도 4월의 일상상더하기(봄을 즐겨)"", ""link"": ""https://blog.naver.com/yoga_seungji/224296169360"", ""description"": ""제 회원님 아니지만 너무 감사했다 저까지 챙겨주시다니ㅠㅠ 오빠 시간 많이 떴고 나는 퇴근하는길에 원기회복을 위해 <b>샤브올데이</b> 근데 왤케 우리 죽었냐 샤브샤브 집 거덜내던 우리였는데!!! 혼자 요가... "", ""bloggername"": ""Be myself!"", ""bloggerlink"": ""blog.naver.com/yoga_seungji"", ""postdate"": ""20260525""}",제 회원님 아니지만 너무 감사했다 저까지 챙겨주시다니ㅠㅠ 오빠 시간 많이 떴고 나는 퇴근하는길에 원기회복을 위해 <b>샤브올데이</b> 근데 왤케 우리 죽었냐 샤브샤브 집 거덜내던 우리였는데!!! 혼자 요가... ,,Be myself!,blog.naver.com/yoga_seungji
샤브올데이,single_term_fallback,샤브올데이,,[N잡대디의 짠테크] 오케이캐쉬백 ‘오!또!’ 돌리다 외식 할인... ,20260525,,,,https://blog.naver.com/hyunstudio89/224296168500,naver_blog,샤브올데이,canonical,1.0,2026-05-26T11:17:09.039904+00:00,0,0,0,0,정가 결제를 정중히 사양하는 N잡대디 :),"플랜 B: <b>샤브올데이</b> 출격! 그리고 7천 원 방어 결국 급하게 방향을 틀어 '<b>샤브올데이</b>'로 향했습니다.... ✨ 마무리하며 완벽했던 짠테크 계획은 롯데리아 리뉴얼 공사로 물 건너가고, 샤브샤브집에서 혼이 쏙... ","{""title"": ""[N잡대디의 짠테크] 오케이캐쉬백 ‘오!또!’ 돌리다 외식 할인... "", ""link"": ""https://blog.naver.com/hyunstudio89/224296168500"", ""description"": ""플랜 B: <b>샤브올데이</b> 출격! 그리고 7천 원 방어 결국 급하게 방향을 틀어 '<b>샤브올데이</b>'로 향했습니다.... ✨ 마무리하며 완벽했던 짠테크 계획은 롯데리아 리뉴얼 공사로 물 건너가고, 샤브샤브집에서 혼이 쏙... "", ""bloggername"": ""정가 결제를 정중히 사양하는 N잡대디 :)"", ""bloggerlink"": ""blog.naver.com/hyunstudio89"", ""postdate"": ""20260525""}","플랜 B: <b>샤브올데이</b> 출격! 그리고 7천 원 방어 결국 급하게 방향을 틀어 '<b>샤브올데이</b>'로 향했습니다.... ✨ 마무리하며 완벽했던 짠테크 계획은 롯데리아 리뉴얼 공사로 물 건너가고, 샤브샤브집에서 혼이 쏙... ",,정가 결제를 정중히 사양하는 N잡대디 :),blog.naver.com/hyunstudio89
샤브올데이,single_term_fallback,샤브올데이,,4월 일상:),20260525,,,,https://blog.naver.com/wldms788800/224296160401,naver_blog,샤브올데이,canonical,1.0,2026-05-26T11:17:09.039904+00:00,0,0,0,0,"그냥, 내가 좋아서 하는 모든 것","<b>샤브올데이</b> 왔다! 엄청나게 많~이 먹었다 ㅎ,ㅎ 소화시키려고 남한산성 산책! 날씨 좋고 공기 좋고~ 꽃 매일매일 보고~ 소화시키러 왔다가 또 먹고 ㅋㅋㅋㅋㅋㅋㅋㅋㅋ 14일 신전 로제 또 먹고!!!!! 15일 엄빠가... ","{""title"": ""4월 일상:)"", ""link"": ""https://blog.naver.com/wldms788800/224296160401"", ""description"": ""<b>샤브올데이</b> 왔다! 엄청나게 많~이 먹었다 ㅎ,ㅎ 소화시키려고 남한산성 산책! 날씨 좋고 공기 좋고~ 꽃 매일매일 보고~ 소화시키러 왔다가 또 먹고 ㅋㅋㅋㅋㅋㅋㅋㅋㅋ 14일 신전 로제 또 먹고!!!!! 15일 엄빠가... "", ""bloggername"": ""그냥, 내가 좋아서 하는 모든 것"", ""bloggerlink"": ""blog.naver.com/wldms788800"", ""postdate"": ""20260525""}","<b>샤브올데이</b> 왔다! 엄청나게 많~이 먹었다 ㅎ,ㅎ 소화시키려고 남한산성 산책! 날씨 좋고 공기 좋고~ 꽃 매일매일 보고~ 소화시키러 왔다가 또 먹고 ㅋㅋㅋㅋㅋㅋㅋㅋㅋ 14일 신전 로제 또 먹고!!!!! 15일 엄빠가... ",,"그냥, 내가 좋아서 하는 모든 것",blog.naver.com/wldms788800
샤브올데이,single_term_fallback,샤브올데이,,20260525,20260525,,,,https://blog.naver.com/kbora120907/224296155545,naver_blog,샤브올데이,canonical,1.0,2026-05-26T11:17:09.039904+00:00,0,0,0,0,sometime,끝나고 <b>샤브올데이</b>가서 회식도 했지렁 ✌️ 완전 행복했어 이건 어제 찍은 인생네컷!! 꽤 잘나옴거같아ㅎ 다들 5월달 어땠어?? 나는 그냥 그럭저럭인거같기도하고 근데 벌써 5월말인게 믿기지가않아 ㅎ 2026년의... ,"{""title"": ""20260525"", ""link"": ""https://blog.naver.com/kbora120907/224296155545"", ""description"": ""끝나고 <b>샤브올데이</b>가서 회식도 했지렁 ✌️ 완전 행복했어 이건 어제 찍은 인생네컷!! 꽤 잘나옴거같아ㅎ 다들 5월달 어땠어?? 나는 그냥 그럭저럭인거같기도하고 근데 벌써 5월말인게 믿기지가않아 ㅎ 2026년의... "", ""bloggername"": ""sometime"", ""bloggerlink"": ""blog.naver.com/kbora120907"", ""postdate"": ""20260525""}",끝나고 <b>샤브올데이</b>가서 회식도 했지렁 ✌️ 완전 행복했어 이건 어제 찍은 인생네컷!! 꽤 잘나옴거같아ㅎ 다들 5월달 어땠어?? 나는 그냥 그럭저럭인거같기도하고 근데 벌써 5월말인게 믿기지가않아 ㅎ 2026년의... ,,sometime,blog.naver.com/kbora120907
샤브올데이,single_term_fallback,샤브올데이,,영등포구청 <b>샤브</b><b>샤브</b> 맛집 등촌<b>샤브</b>칼국수 내돈내산 후기,20260525,,,,https://blog.naver.com/seungrr_dailydelight/224296119174,naver_blog,샤브올데이,canonical,1.0,2026-05-26T11:17:09.039904+00:00,0,0,0,0,하고 싶어서 하는 블로그,"100% 내돈내산 후기 요즘 <b>샤브올데이</b>, 샤브로21 등 샤브샤브 프랜차이즈가 많이 생겼지만, 그래도 역시 근본은 '등촌샤브칼국수' 아닐까 싶다. 샤브샤브 음식 자체에 호불호가 갈릴 수는 있을지언정, 샤브샤브를... ","{""title"": ""영등포구청 <b>샤브</b><b>샤브</b> 맛집 등촌<b>샤브</b>칼국수 내돈내산 후기"", ""link"": ""https://blog.naver.com/seungrr_dailydelight/224296119174"", ""description"": ""100% 내돈내산 후기 요즘 <b>샤브올데이</b>, 샤브로21 등 샤브샤브 프랜차이즈가 많이 생겼지만, 그래도 역시 근본은 '등촌샤브칼국수' 아닐까 싶다. 샤브샤브 음식 자체에 호불호가 갈릴 수는 있을지언정, 샤브샤브를... "", ""bloggername"": ""하고 싶어서 하는 블로그"", ""bloggerlink"": ""blog.naver.com/seungrr_dailydelight"", ""postdate"": ""20260525""}","100% 내돈내산 후기 요즘 <b>샤브올데이</b>, 샤브로21 등 샤브샤브 프랜차이즈가 많이 생겼지만, 그래도 역시 근본은 '등촌샤브칼국수' 아닐까 싶다. 샤브샤브 음식 자체에 호불호가 갈릴 수는 있을지언정, 샤브샤브를... ",,하고 싶어서 하는 블로그,blog.naver.com/seungrr_dailydelight
샤브올데이,single_term_fallback,샤브올데이,,좋아해요 어제보다 더 내일은 더 좋아지겠죠 그렇겠죠,20260525,,,,https://blog.naver.com/rangbeom990118/224296104856,naver_blog,샤브올데이,canonical,1.0,2026-05-26T11:17:09.039904+00:00,0,0,0,0,랑종범,2 선 넘었다 휴 갤러리에 꽃 사진 많으면 늙은 거라던데 샵샵 좋아하는 친척 누나랑 <b>데이</b>트 항상... 제에에이앵ㄴ장 이번에 광주 내려와서 제일 많이 먹은 음식 랭킹 1위 <b>샤브</b><b>샤브</b> 삽샵 값으로 12만원... ,"{""title"": ""좋아해요 어제보다 더 내일은 더 좋아지겠죠 그렇겠죠"", ""link"": ""https://blog.naver.com/rangbeom990118/224296104856"", ""description"": ""2 선 넘었다 휴 갤러리에 꽃 사진 많으면 늙은 거라던데 샵샵 좋아하는 친척 누나랑 <b>데이</b>트 항상... 제에에이앵ㄴ장 이번에 광주 내려와서 제일 많이 먹은 음식 랭킹 1위 <b>샤브</b><b>샤브</b> 삽샵 값으로 12만원... "", ""bloggername"": ""랑종범"", ""bloggerlink"": ""blog.naver.com/rangbeom990118"", ""postdate"": ""20260525""}",2 선 넘었다 휴 갤러리에 꽃 사진 많으면 늙은 거라던데 샵샵 좋아하는 친척 누나랑 <b>데이</b>트 항상... 제에에이앵ㄴ장 이번에 광주 내려와서 제일 많이 먹은 음식 랭킹 1위 <b>샤브</b><b>샤브</b> 삽샵 값으로 12만원... ,,랑종범,blog.naver.com/rangbeom990118
샤브올데이,single_term_fallback,샤브올데이,,[기흥구 맛집] <b>샤브올데이</b> 용인마북점,20260525,,,,https://blog.naver.com/ejjhr2012/224296081022,naver_blog,샤브올데이,canonical,1.0,2026-05-26T11:17:09.039904+00:00,0,0,0,0,♡은짱핸드메이드리본♡,"^^ 가족들과 부모님모시고, 어린아이들도 좋아할만한 샤브샤브~ <b>샤브올데이</b> 추천합니다~ [업체정보] 상호 : <b>샤브올데이</b> 용인마북점 주소 : 경기 용인시 기흥구 용구대로 2439 2층 1호 영업시간 : 11:00 ~ 21:30... ","{""title"": ""[기흥구 맛집] <b>샤브올데이</b> 용인마북점"", ""link"": ""https://blog.naver.com/ejjhr2012/224296081022"", ""description"": ""^^ 가족들과 부모님모시고, 어린아이들도 좋아할만한 샤브샤브~ <b>샤브올데이</b> 추천합니다~ [업체정보] 상호 : <b>샤브올데이</b> 용인마북점 주소 : 경기 용인시 기흥구 용구대로 2439 2층 1호 영업시간 : 11:00 ~ 21:30... "", ""bloggername"": ""♡은짱핸드메이드리본♡"", ""bloggerlink"": ""blog.naver.com/ejjhr2012"", ""postdate"": ""20260525""}","^^ 가족들과 부모님모시고, 어린아이들도 좋아할만한 샤브샤브~ <b>샤브올데이</b> 추천합니다~ [업체정보] 상호 : <b>샤브올데이</b> 용인마북점 주소 : 경기 용인시 기흥구 용구대로 2439 2층 1호 영업시간 : 11:00 ~ 21:30... ",,♡은짱핸드메이드리본♡,blog.naver.com/ejjhr2012
샤브올데이,single_term_fallback,샤브올데이,,"무한리필 샤브샤브, ‘<b>샤브올데이</b> 파주봉일천점’ 솔직 후기!",20260525,,,,https://blog.naver.com/soiljeon-/224296071266,naver_blog,샤브올데이,canonical,1.0,2026-05-26T11:17:09.039904+00:00,0,0,0,0,전하고 싶은 소소한 일상,파주에서 가족 외식이나 무한리필 샤브샤브 맛집을 찾고 계신다면 ‘<b>샤브올데이</b> 파주봉일천점’ 추천드립니다  #파주맛집 #파주샤브샤브 #<b>샤브올데이</b> #<b>샤브올데이</b>파주봉일천점 #파주가족외식 #파주무한리필... ,"{""title"": ""무한리필 샤브샤브, ‘<b>샤브올데이</b> 파주봉일천점’ 솔직 후기!"", ""link"": ""https://blog.naver.com/soiljeon-/224296071266"", ""description"": ""파주에서 가족 외식이나 무한리필 샤브샤브 맛집을 찾고 계신다면 ‘<b>샤브올데이</b> 파주봉일천점’ 추천드립니다  #파주맛집 #파주샤브샤브 #<b>샤브올데이</b> #<b>샤브올데이</b>파주봉일천점 #파주가족외식 #파주무한리필... "", ""bloggername"": ""전하고 싶은 소소한 일상"", ""bloggerlink"": ""blog.naver.com/soiljeon-"", ""postdate"": ""20260525""}",파주에서 가족 외식이나 무한리필 샤브샤브 맛집을 찾고 계신다면 ‘<b>샤브올데이</b> 파주봉일천점’ 추천드립니다  #파주맛집 #파주샤브샤브 #<b>샤브올데이</b> #<b>샤브올데이</b>파주봉일천점 #파주가족외식 #파주무한리필... ,,전하고 싶은 소소한 일상,blog.naver.com/soiljeon-
샤브올데이,single_term_fallback,샤브올데이,,사람 많아서 궁금했던 <b>샤브올데이</b> 용인IC점 샤브샤브 뷔페... ,20260525,,,,https://blog.naver.com/dnglg1/224296070429,naver_blog,샤브올데이,canonical,1.0,2026-05-26T11:17:09.039904+00:00,0,0,0,0,승숙이네 일상블로그,"<b>샤브올데이</b> 용인IC점 앞쪽은 항상 대기 차량이 있어서 지나갈때마다 &quot;언제한번가보자~가보자~&quot;말.만.... 저희는 칠리, 올데이 소스로 먹었는데 샤브샤브는 역시 칠리.. 사이드로는 치킨, 볶음밥, 파스타도... ","{""title"": ""사람 많아서 궁금했던 <b>샤브올데이</b> 용인IC점 샤브샤브 뷔페... "", ""link"": ""https://blog.naver.com/dnglg1/224296070429"", ""description"": ""<b>샤브올데이</b> 용인IC점 앞쪽은 항상 대기 차량이 있어서 지나갈때마다 &quot;언제한번가보자~가보자~&quot;말.만.... 저희는 칠리, 올데이 소스로 먹었는데 샤브샤브는 역시 칠리.. 사이드로는 치킨, 볶음밥, 파스타도... "", ""bloggername"": ""승숙이네 일상블로그"", ""bloggerlink"": ""blog.naver.com/dnglg1"", ""postdate"": ""20260525""}","<b>샤브올데이</b> 용인IC점 앞쪽은 항상 대기 차량이 있어서 지나갈때마다 &quot;언제한번가보자~가보자~&quot;말.만.... 저희는 칠리, 올데이 소스로 먹었는데 샤브샤브는 역시 칠리.. 사이드로는 치킨, 볶음밥, 파스타도... ",,승숙이네 일상블로그,blog.naver.com/dnglg1
샤브올데이,single_term_fallback,샤브올데이,,"창원 중동 유니시티 샤브샤브 <b>샤브올데이</b> 월남쌈, 샐러드바... ",20260525,,,,https://blog.naver.com/didwltn26/224296060443,naver_blog,샤브올데이,canonical,1.0,2026-05-26T11:17:09.039904+00:00,0,0,0,0,ෆ행보카자 아프지망고ෆ,원래 샤브샤브 먹고 죽까지 해먹는데 이번에 죽은 노맛... 그치만 <b>샤브올데이</b>는 항상 올 때마다 만족 100% 창원 유니시티 어반브릭스 근처 창원 중동 샤브샤브 찾는다면 <b>샤브올데이</b>! 방문해보세요 샐러드바도... ,"{""title"": ""창원 중동 유니시티 샤브샤브 <b>샤브올데이</b> 월남쌈, 샐러드바... "", ""link"": ""https://blog.naver.com/didwltn26/224296060443"", ""description"": ""원래 샤브샤브 먹고 죽까지 해먹는데 이번에 죽은 노맛... 그치만 <b>샤브올데이</b>는 항상 올 때마다 만족 100% 창원 유니시티 어반브릭스 근처 창원 중동 샤브샤브 찾는다면 <b>샤브올데이</b>! 방문해보세요 샐러드바도... "", ""bloggername"": ""ෆ행보카자 아프지망고ෆ"", ""bloggerlink"": ""blog.naver.com/didwltn26"", ""postdate"": ""20260525""}",원래 샤브샤브 먹고 죽까지 해먹는데 이번에 죽은 노맛... 그치만 <b>샤브올데이</b>는 항상 올 때마다 만족 100% 창원 유니시티 어반브릭스 근처 창원 중동 샤브샤브 찾는다면 <b>샤브올데이</b>! 방문해보세요 샐러드바도... ,,ෆ행보카자 아프지망고ෆ,blog.naver.com/didwltn26
샤브올데이,single_term_fallback,샤브올데이,,오금 샤브샤브 - <b>샤브올데이</b> 서울오금점,20260525,,,,https://blog.naver.com/waterminsoo/224296058843,naver_blog,샤브올데이,canonical,1.0,2026-05-26T11:17:09.039904+00:00,0,0,0,0,누워서 세계일주,나오니까 사진찍는 기계도 있어서 기념으로 한번 찍어봄 ㅎㅎ 아주 던던한 저녁되었슴둥 주차장도 크게 있어서 차가지고 와도 문제없음! 그럼 2만 #오금맛집 #오금샤브샤브 #<b>샤브올데이</b> #<b>샤브올데이</b>서울오금점,"{""title"": ""오금 샤브샤브 - <b>샤브올데이</b> 서울오금점"", ""link"": ""https://blog.naver.com/waterminsoo/224296058843"", ""description"": ""나오니까 사진찍는 기계도 있어서 기념으로 한번 찍어봄 ㅎㅎ 아주 던던한 저녁되었슴둥 주차장도 크게 있어서 차가지고 와도 문제없음! 그럼 2만 #오금맛집 #오금샤브샤브 #<b>샤브올데이</b> #<b>샤브올데이</b>서울오금점"", ""bloggername"": ""누워서 세계일주"", ""bloggerlink"": ""blog.naver.com/waterminsoo"", ""postdate"": ""20260525""}",나오니까 사진찍는 기계도 있어서 기념으로 한번 찍어봄 ㅎㅎ 아주 던던한 저녁되었슴둥 주차장도 크게 있어서 차가지고 와도 문제없음! 그럼 2만 #오금맛집 #오금샤브샤브 #<b>샤브올데이</b> #<b>샤브올데이</b>서울오금점,,누워서 세계일주,blog.naver.com/waterminsoo
샤브올데이,single_term_fallback,샤브올데이,,"May(2), 2026",20260525,,,,https://blog.naver.com/huixyeong/224296049387,naver_blog,샤브올데이,canonical,1.0,2026-05-26T11:17:09.039904+00:00,0,0,0,0,♥,맨날 샤브 20만 갔었는데 처음으로 <b>샤브올데이</b> 가봤는데 여기가 찐 맛집이었음 . 진짜 이 때 점심 안 먹으려고 쉐이크 먹는다고 했는데 크림 떡볶이 나오는데 안 먹는다고 ????? 라는 회유를 받으며 결국엔... ,"{""title"": ""May(2), 2026"", ""link"": ""https://blog.naver.com/huixyeong/224296049387"", ""description"": ""맨날 샤브 20만 갔었는데 처음으로 <b>샤브올데이</b> 가봤는데 여기가 찐 맛집이었음 . 진짜 이 때 점심 안 먹으려고 쉐이크 먹는다고 했는데 크림 떡볶이 나오는데 안 먹는다고 ????? 라는 회유를 받으며 결국엔... "", ""bloggername"": ""♥"", ""bloggerlink"": ""blog.naver.com/huixyeong"", ""postdate"": ""20260525""}",맨날 샤브 20만 갔었는데 처음으로 <b>샤브올데이</b> 가봤는데 여기가 찐 맛집이었음 . 진짜 이 때 점심 안 먹으려고 쉐이크 먹는다고 했는데 크림 떡볶이 나오는데 안 먹는다고 ????? 라는 회유를 받으며 결국엔... ,,♥,blog.naver.com/huixyeong
샤브올데이,single_term_fallback,샤브올데이,,2026.03.22 ~ 2026.03.28,20260525,,,,https://blog.naver.com/shsh0418/224296038810,naver_blog,샤브올데이,canonical,1.0,2026-05-26T11:17:09.039904+00:00,0,0,0,0,배배의 소소한 일상,<b>샤브올데이</b>에서 여사님이랑 울남매 셋이서 7년 만에 외식. 우리 셋만 밖에서 밥을 따로 먹어본 지가... 울엄마 자신 새끼들이랑만 맘편히 밥 먹은 게 그러기까지 7년 만이라니 슬펐겠다 그나저나 <b>샤브올데이</b>는... ,"{""title"": ""2026.03.22 ~ 2026.03.28"", ""link"": ""https://blog.naver.com/shsh0418/224296038810"", ""description"": ""<b>샤브올데이</b>에서 여사님이랑 울남매 셋이서 7년 만에 외식. 우리 셋만 밖에서 밥을 따로 먹어본 지가... 울엄마 자신 새끼들이랑만 맘편히 밥 먹은 게 그러기까지 7년 만이라니 슬펐겠다 그나저나 <b>샤브올데이</b>는... "", ""bloggername"": ""배배의 소소한 일상"", ""bloggerlink"": ""blog.naver.com/shsh0418"", ""postdate"": ""20260525""}",<b>샤브올데이</b>에서 여사님이랑 울남매 셋이서 7년 만에 외식. 우리 셋만 밖에서 밥을 따로 먹어본 지가... 울엄마 자신 새끼들이랑만 맘편히 밥 먹은 게 그러기까지 7년 만이라니 슬펐겠다 그나저나 <b>샤브올데이</b>는... ,,배배의 소소한 일상,blog.naver.com/shsh0418
샤브올데이,single_term_fallback,샤브올데이,,2026년 5월 24일 일요일 감사일기,20260525,,,,https://blog.naver.com/cecilia290/224296035206,naver_blog,샤브올데이,canonical,1.0,2026-05-26T11:17:09.039904+00:00,0,0,0,0,이국영의 블로그,"형석이랑 <b>샤브올데이</b> 점심 데이트 감사합니다. 6. 친정 잠깐 들러 엄마, 아빠 얼굴 볼 수 있어 감사합니다. 7. &lt;모두가 자신의 무가치함과 싸우고 있다&gt; 정주행 감사합니다. 8. 밤새 드라마 정주행하며... ","{""title"": ""2026년 5월 24일 일요일 감사일기"", ""link"": ""https://blog.naver.com/cecilia290/224296035206"", ""description"": ""형석이랑 <b>샤브올데이</b> 점심 데이트 감사합니다. 6. 친정 잠깐 들러 엄마, 아빠 얼굴 볼 수 있어 감사합니다. 7. &lt;모두가 자신의 무가치함과 싸우고 있다&gt; 정주행 감사합니다. 8. 밤새 드라마 정주행하며... "", ""bloggername"": ""이국영의 블로그"", ""bloggerlink"": ""blog.naver.com/cecilia290"", ""postdate"": ""20260525""}","형석이랑 <b>샤브올데이</b> 점심 데이트 감사합니다. 6. 친정 잠깐 들러 엄마, 아빠 얼굴 볼 수 있어 감사합니다. 7. &lt;모두가 자신의 무가치함과 싸우고 있다&gt; 정주행 감사합니다. 8. 밤새 드라마 정주행하며... ",,이국영의 블로그,blog.naver.com/cecilia290
샤브올데이,single_term_fallback,샤브올데이,,<b>샤브올데이</b> 솔직 후기가 가져다준 762회 조회수의 스릴,20260525,,,,https://damduck01.tistory.com/3912,naver_blog,샤브올데이,canonical,1.0,2026-05-26T11:17:09.039904+00:00,0,0,0,0,담덕이의 탐방일지,오늘은 큰 아이가 학교 행사를 하고 집에 올 수 있는 날이라 데리러 가야 합니다. 큰 아이가 기숙사... <b>샤브올데이</b> 수원금곡점 솔직한 '노(No) 재방문' 후기 글이 2026년 4월 18일 토요일에 다음 메인에... ,"{""title"": ""<b>샤브올데이</b> 솔직 후기가 가져다준 762회 조회수의 스릴"", ""link"": ""https://damduck01.tistory.com/3912"", ""description"": ""오늘은 큰 아이가 학교 행사를 하고 집에 올 수 있는 날이라 데리러 가야 합니다. 큰 아이가 기숙사... <b>샤브올데이</b> 수원금곡점 솔직한 '노(No) 재방문' 후기 글이 2026년 4월 18일 토요일에 다음 메인에... "", ""bloggername"": ""담덕이의 탐방일지"", ""bloggerlink"": ""https://damduck01.tistory.com/"", ""postdate"": ""20260525""}",오늘은 큰 아이가 학교 행사를 하고 집에 올 수 있는 날이라 데리러 가야 합니다. 큰 아이가 기숙사... <b>샤브올데이</b> 수원금곡점 솔직한 '노(No) 재방문' 후기 글이 2026년 4월 18일 토요일에 다음 메인에... ,,담덕이의 탐방일지,https://damduck01.tistory.com/
샤브올데이,single_term_fallback,샤브올데이,,모임하기 좋은 호텔식 샤브뷔페 <b>샤브올데이</b> 내돈내산 후기,20260525,,,,https://blog.naver.com/mundam_e/224296025650,naver_blog,샤브올데이,canonical,1.0,2026-05-26T11:17:09.039904+00:00,0,0,0,0,DAMI,매장 내부 이번에 방문한 곳은 인천 계산동에 있는 호텔식 샤브뷔페 <b>샤브올데이</b> 계산점인데요 평소에도 샤브샤브를 정말 좋아하는 편이라 기대하면서 방문했는데 결론부터 말하면 가족모임 장소로 정말... ,"{""title"": ""모임하기 좋은 호텔식 샤브뷔페 <b>샤브올데이</b> 내돈내산 후기"", ""link"": ""https://blog.naver.com/mundam_e/224296025650"", ""description"": ""매장 내부 이번에 방문한 곳은 인천 계산동에 있는 호텔식 샤브뷔페 <b>샤브올데이</b> 계산점인데요 평소에도 샤브샤브를 정말 좋아하는 편이라 기대하면서 방문했는데 결론부터 말하면 가족모임 장소로 정말... "", ""bloggername"": ""DAMI"", ""bloggerlink"": ""blog.naver.com/mundam_e"", ""postdate"": ""20260525""}",매장 내부 이번에 방문한 곳은 인천 계산동에 있는 호텔식 샤브뷔페 <b>샤브올데이</b> 계산점인데요 평소에도 샤브샤브를 정말 좋아하는 편이라 기대하면서 방문했는데 결론부터 말하면 가족모임 장소로 정말... ,,DAMI,blog.naver.com/mundam_e
샤브올데이,single_term_fallback,샤브올데이,,일상,20260525,,,,https://blog.naver.com/aprilspring_dia/224296015000,naver_blog,샤브올데이,canonical,1.0,2026-05-26T11:17:09.039904+00:00,0,0,0,0,aprilspringdia,ㅋ <b>샤브올데이</b> 서울상계점 샤브샤브는 언제나 최고 당연 볶음밥까지 다 먹고 옴 ㅋ ㅋ ㅋ ㅋ ㅋ ㅋ ㅋ ㅋ ㅋ ㅋ 머리스타일까지 완벽 조카랑 야구장 다녀와써염 카페에서 더머와 다낭여행 계획 하루 더 가고... ,"{""title"": ""일상"", ""link"": ""https://blog.naver.com/aprilspring_dia/224296015000"", ""description"": ""ㅋ <b>샤브올데이</b> 서울상계점 샤브샤브는 언제나 최고 당연 볶음밥까지 다 먹고 옴 ㅋ ㅋ ㅋ ㅋ ㅋ ㅋ ㅋ ㅋ ㅋ ㅋ 머리스타일까지 완벽 조카랑 야구장 다녀와써염 카페에서 더머와 다낭여행 계획 하루 더 가고... "", ""bloggername"": ""aprilspringdia"", ""bloggerlink"": ""blog.naver.com/aprilspring_dia"", ""postdate"": ""20260525""}",ㅋ <b>샤브올데이</b> 서울상계점 샤브샤브는 언제나 최고 당연 볶음밥까지 다 먹고 옴 ㅋ ㅋ ㅋ ㅋ ㅋ ㅋ ㅋ ㅋ ㅋ ㅋ 머리스타일까지 완벽 조카랑 야구장 다녀와써염 카페에서 더머와 다낭여행 계획 하루 더 가고... ,,aprilspringdia,blog.naver.com/aprilspring_dia
샤브올데이,single_term_fallback,샤브올데이,,좋은 날은 끝났다. 귀국했니? 그럼 일하자.,20260525,,,,https://blog.naver.com/forest0422/224296011908,naver_blog,샤브올데이,canonical,1.0,2026-05-26T11:17:09.039904+00:00,0,0,0,0,live live star star people I see ⭐️,<b>샤브올데이</b> 받았어요 개꿀 원래 앞전에 주스 받을 뻔 했는데 치어리더분이 내 얼굴 보더니 잠시만요!!! 하고 다른 분 주시는 거임 그래서 아 내가 저번에 많이 받아서 그런가 했는데 좀이따 <b>샤브올데이</b>로 주심... ,"{""title"": ""좋은 날은 끝났다. 귀국했니? 그럼 일하자."", ""link"": ""https://blog.naver.com/forest0422/224296011908"", ""description"": ""<b>샤브올데이</b> 받았어요 개꿀 원래 앞전에 주스 받을 뻔 했는데 치어리더분이 내 얼굴 보더니 잠시만요!!! 하고 다른 분 주시는 거임 그래서 아 내가 저번에 많이 받아서 그런가 했는데 좀이따 <b>샤브올데이</b>로 주심... "", ""bloggername"": ""live live star star people I see ⭐️"", ""bloggerlink"": ""blog.naver.com/forest0422"", ""postdate"": ""20260525""}",<b>샤브올데이</b> 받았어요 개꿀 원래 앞전에 주스 받을 뻔 했는데 치어리더분이 내 얼굴 보더니 잠시만요!!! 하고 다른 분 주시는 거임 그래서 아 내가 저번에 많이 받아서 그런가 했는데 좀이따 <b>샤브올데이</b>로 주심... ,,live live star star people I see ⭐️,blog.naver.com/forest0422
샤브올데이,single_term_fallback,샤브올데이,,상반기 모음 zip.,20260525,,,,https://blog.naver.com/ju05138/224296008333,naver_blog,샤브올데이,canonical,1.0,2026-05-26T11:17:09.039904+00:00,0,0,0,0,일상 LOG,어무이 생신에 간 <b>샤브올데이</b> 진짜 뷔페 먹고 배불러서 많이 못먹었다 .. 아쉽 친구놈이랑 동네 공원에서 장기둔 썰 .. 어르신들 없는 굿 타이밍에 오목하기 근데 제가 졌어요;; 꼬질 CUTE.. 관악산 대신 간 하얏트... ,"{""title"": ""상반기 모음 zip."", ""link"": ""https://blog.naver.com/ju05138/224296008333"", ""description"": ""어무이 생신에 간 <b>샤브올데이</b> 진짜 뷔페 먹고 배불러서 많이 못먹었다 .. 아쉽 친구놈이랑 동네 공원에서 장기둔 썰 .. 어르신들 없는 굿 타이밍에 오목하기 근데 제가 졌어요;; 꼬질 CUTE.. 관악산 대신 간 하얏트... "", ""bloggername"": ""일상 LOG"", ""bloggerlink"": ""blog.naver.com/ju05138"", ""postdate"": ""20260525""}",어무이 생신에 간 <b>샤브올데이</b> 진짜 뷔페 먹고 배불러서 많이 못먹었다 .. 아쉽 친구놈이랑 동네 공원에서 장기둔 썰 .. 어르신들 없는 굿 타이밍에 오목하기 근데 제가 졌어요;; 꼬질 CUTE.. 관악산 대신 간 하얏트... ,,일상 LOG,blog.naver.com/ju05138
샤브올데이,single_term_fallback,샤브올데이,,샤브샤브 | 봄담아 천호점 내돈내산 후기(<b>샤브올데이</b> 비교),20260525,,,,https://blog.naver.com/jbbj7790/224295941175,naver_blog,샤브올데이,canonical,1.0,2026-05-26T11:17:09.039904+00:00,0,0,0,0,bright_hyedin의 일기장 ღ,강동구 천호 샤브샤브 무한리필 맛집으로 추천하는 봄담아 천호점 샤브샤브 무한리필 가게가 다양한데 근처 <b>샤브올데이</b>랑 비교해보면 가장 큰 차이점은 고기 무한리필과 별도 주문차이 ! 고기를 많이... ,"{""title"": ""샤브샤브 | 봄담아 천호점 내돈내산 후기(<b>샤브올데이</b> 비교)"", ""link"": ""https://blog.naver.com/jbbj7790/224295941175"", ""description"": ""강동구 천호 샤브샤브 무한리필 맛집으로 추천하는 봄담아 천호점 샤브샤브 무한리필 가게가 다양한데 근처 <b>샤브올데이</b>랑 비교해보면 가장 큰 차이점은 고기 무한리필과 별도 주문차이 ! 고기를 많이... "", ""bloggername"": ""bright_hyedin의 일기장 ღ"", ""bloggerlink"": ""blog.naver.com/jbbj7790"", ""postdate"": ""20260525""}",강동구 천호 샤브샤브 무한리필 맛집으로 추천하는 봄담아 천호점 샤브샤브 무한리필 가게가 다양한데 근처 <b>샤브올데이</b>랑 비교해보면 가장 큰 차이점은 고기 무한리필과 별도 주문차이 ! 고기를 많이... ,,bright_hyedin의 일기장 ღ,blog.naver.com/jbbj7790
샤브올데이,single_term_fallback,샤브올데이,,11,20260525,,,,https://blog.naver.com/miro_archive/224295935078,naver_blog,샤브올데이,canonical,1.0,2026-05-26T11:17:09.039904+00:00,0,0,0,0,miro_archive,일 이번주 먹은 것들 부서 봉활을 하고 나서 다같이 온 <b>샤브올데이</b> <b>샤브올데이</b>..두 번째인데 전 별루에요 나름 적게 먹으려 노력했더니 정말 성공했어요 밀프랩 해 둔 것도 한 번은 먹고 출장 나갔다가 먹은... ,"{""title"": ""11"", ""link"": ""https://blog.naver.com/miro_archive/224295935078"", ""description"": ""일 이번주 먹은 것들 부서 봉활을 하고 나서 다같이 온 <b>샤브올데이</b> <b>샤브올데이</b>..두 번째인데 전 별루에요 나름 적게 먹으려 노력했더니 정말 성공했어요 밀프랩 해 둔 것도 한 번은 먹고 출장 나갔다가 먹은... "", ""bloggername"": ""miro_archive"", ""bloggerlink"": ""blog.naver.com/miro_archive"", ""postdate"": ""20260525""}",일 이번주 먹은 것들 부서 봉활을 하고 나서 다같이 온 <b>샤브올데이</b> <b>샤브올데이</b>..두 번째인데 전 별루에요 나름 적게 먹으려 노력했더니 정말 성공했어요 밀프랩 해 둔 것도 한 번은 먹고 출장 나갔다가 먹은... ,,miro_archive,blog.naver.com/miro_archive
