canonical_keyword,keyword_set_mode,keyword,video_id,title,published_at,view_count,like_count,comment_count,url,source,term,term_type,term_weight,collected_at,views,likes,comments,engagements,author,snippet,raw_payload,description,originallink,bloggername,bloggerlink
느금마,single_term_fallback,느금마,qiGLP6_cwqE,느금마엔터 합방 풀버전,2026-04-04T07:40:39Z,12193.0,178.0,52.0,https://www.youtube.com/watch?v=qiGLP6_cwqE,youtube,느금마,canonical,1.0,2026-05-26T11:15:48.779169+00:00,12193,178,52,230,엘오비,#신태일 #김윤태 #푸워 #미니상 #이병욱 #최홍철,"{""kind"": ""youtube#video"", ""etag"": ""LelMchU0VYngU3Eef3-ET2gnSQc"", ""id"": ""qiGLP6_cwqE"", ""snippet"": {""publishedAt"": ""2026-04-04T07:40:39Z"", ""channelId"": ""UCV3M9DBOSSlABXN5WgP9s3Q"", ""title"": ""느금마엔터 합방 풀버전"", ""description"": ""#신태일 #김윤태 #푸워 #미니상 #이병욱 #최홍철"", ""thumbnails"": {""default"": {""url"": ""https://i.ytimg.com/vi/qiGLP6_cwqE/default.jpg"", ""width"": 120, ""height"": 90}, ""medium"": {""url"": ""https://i.ytimg.com/vi/qiGLP6_cwqE/mqdefault.jpg"", ""width"": 320, ""height"": 180}, ""high"": {""url"": ""https://i.ytimg.com/vi/qiGLP6_cwqE/hqdefault.jpg"", ""width"": 480, ""height"": 360}, ""standard"": {""url"": ""https://i.ytimg.com/vi/qiGLP6_cwqE/sddefault.jpg"", ""width"": 640, ""height"": 480}, ""maxres"": {""url"": ""https://i.ytimg.com/vi/qiGLP6_cwqE/maxresdefault.jpg"", ""width"": 1280, ""height"": 720}}, ""channelTitle"": ""엘오비"", ""categoryId"": ""22"", ""liveBroadcastContent"": ""none"", ""defaultLanguage"": ""ko"", ""localized"": {""title"": ""느금마엔터 합방 풀버전"", ""description"": ""#신태일 #김윤태 #푸워 #미니상 #이병욱 #최홍철""}}, ""statistics"": {""viewCount"": ""12193"", ""likeCount"": ""178"", ""favoriteCount"": ""0"", ""commentCount"": ""52""}}",,,,
느금마,single_term_fallback,느금마,kEKol-P0VIM,결국 푸워에게 도움을 요청하는 남구...,2026-03-22T09:00:00Z,7777.0,36.0,19.0,https://www.youtube.com/watch?v=kEKol-P0VIM,youtube,느금마,canonical,1.0,2026-05-26T11:15:48.779169+00:00,7777,36,19,55,푸워 답변기,푸워 신태일 남구 뚱구 승냥이 느금마엔터,"{""kind"": ""youtube#video"", ""etag"": ""75EhBf6WH0uCb-UHL6xrmCrPVsw"", ""id"": ""kEKol-P0VIM"", ""snippet"": {""publishedAt"": ""2026-03-22T09:00:00Z"", ""channelId"": ""UCNEx85O4wEyATgfy15_d20A"", ""title"": ""결국 푸워에게 도움을 요청하는 남구..."", ""description"": ""푸워 신태일 남구 뚱구 승냥이 느금마엔터"", ""thumbnails"": {""default"": {""url"": ""https://i.ytimg.com/vi/kEKol-P0VIM/default.jpg"", ""width"": 120, ""height"": 90}, ""medium"": {""url"": ""https://i.ytimg.com/vi/kEKol-P0VIM/mqdefault.jpg"", ""width"": 320, ""height"": 180}, ""high"": {""url"": ""https://i.ytimg.com/vi/kEKol-P0VIM/hqdefault.jpg"", ""width"": 480, ""height"": 360}, ""standard"": {""url"": ""https://i.ytimg.com/vi/kEKol-P0VIM/sddefault.jpg"", ""width"": 640, ""height"": 480}}, ""channelTitle"": ""푸워 답변기"", ""categoryId"": ""22"", ""liveBroadcastContent"": ""none"", ""defaultLanguage"": ""ko"", ""localized"": {""title"": ""결국 푸워에게 도움을 요청하는 남구..."", ""description"": ""푸워 신태일 남구 뚱구 승냥이 느금마엔터""}}, ""statistics"": {""viewCount"": ""7777"", ""likeCount"": ""36"", ""favoriteCount"": ""0"", ""commentCount"": ""19""}}",,,,
느금마,single_term_fallback,느금마,Y3cBF3TIJP4,느금마엔터 스카이프 ( 신태일 승냥이 김윤태 푸워 미니상 남구 정자왕 이환 ),2026-03-17T02:40:50Z,6289.0,42.0,7.0,https://www.youtube.com/watch?v=Y3cBF3TIJP4,youtube,느금마,canonical,1.0,2026-05-26T11:15:48.779169+00:00,6289,42,7,49,엘오비,,"{""kind"": ""youtube#video"", ""etag"": ""ZnMo2XkEz1A9hhY69_dsU6fo6uU"", ""id"": ""Y3cBF3TIJP4"", ""snippet"": {""publishedAt"": ""2026-03-17T02:40:50Z"", ""channelId"": ""UCV3M9DBOSSlABXN5WgP9s3Q"", ""title"": ""느금마엔터 스카이프 ( 신태일 승냥이 김윤태 푸워 미니상 남구 정자왕 이환 )"", ""description"": """", ""thumbnails"": {""default"": {""url"": ""https://i.ytimg.com/vi/Y3cBF3TIJP4/default.jpg"", ""width"": 120, ""height"": 90}, ""medium"": {""url"": ""https://i.ytimg.com/vi/Y3cBF3TIJP4/mqdefault.jpg"", ""width"": 320, ""height"": 180}, ""high"": {""url"": ""https://i.ytimg.com/vi/Y3cBF3TIJP4/hqdefault.jpg"", ""width"": 480, ""height"": 360}, ""standard"": {""url"": ""https://i.ytimg.com/vi/Y3cBF3TIJP4/sddefault.jpg"", ""width"": 640, ""height"": 480}, ""maxres"": {""url"": ""https://i.ytimg.com/vi/Y3cBF3TIJP4/maxresdefault.jpg"", ""width"": 1280, ""height"": 720}}, ""channelTitle"": ""엘오비"", ""categoryId"": ""22"", ""liveBroadcastContent"": ""none"", ""defaultLanguage"": ""ko"", ""localized"": {""title"": ""느금마엔터 스카이프 ( 신태일 승냥이 김윤태 푸워 미니상 남구 정자왕 이환 )"", ""description"": """"}, ""defaultAudioLanguage"": ""ko""}, ""statistics"": {""viewCount"": ""6289"", ""likeCount"": ""42"", ""favoriteCount"": ""0"", ""commentCount"": ""7""}}",,,,
느금마,single_term_fallback,느금마,ErnkQsTxITQ,처음이자 마지막 느금마엔터 멤버 조합... ( 푸워 신태일 승냥이 김윤태 이상윤 디스코드 ),2026-04-05T11:00:00Z,5863.0,39.0,9.0,https://www.youtube.com/watch?v=ErnkQsTxITQ,youtube,느금마,canonical,1.0,2026-05-26T11:15:48.779169+00:00,5863,39,9,48,푸워 답변기,,"{""kind"": ""youtube#video"", ""etag"": ""sQO-meRdAEBEIOQj1yOL5G8Xrd4"", ""id"": ""ErnkQsTxITQ"", ""snippet"": {""publishedAt"": ""2026-04-05T11:00:00Z"", ""channelId"": ""UCNEx85O4wEyATgfy15_d20A"", ""title"": ""처음이자 마지막 느금마엔터 멤버 조합... ( 푸워 신태일 승냥이 김윤태 이상윤 디스코드 )"", ""description"": """", ""thumbnails"": {""default"": {""url"": ""https://i.ytimg.com/vi/ErnkQsTxITQ/default.jpg"", ""width"": 120, ""height"": 90}, ""medium"": {""url"": ""https://i.ytimg.com/vi/ErnkQsTxITQ/mqdefault.jpg"", ""width"": 320, ""height"": 180}, ""high"": {""url"": ""https://i.ytimg.com/vi/ErnkQsTxITQ/hqdefault.jpg"", ""width"": 480, ""height"": 360}, ""standard"": {""url"": ""https://i.ytimg.com/vi/ErnkQsTxITQ/sddefault.jpg"", ""width"": 640, ""height"": 480}}, ""channelTitle"": ""푸워 답변기"", ""categoryId"": ""23"", ""liveBroadcastContent"": ""none"", ""defaultLanguage"": ""ko"", ""localized"": {""title"": ""처음이자 마지막 느금마엔터 멤버 조합... ( 푸워 신태일 승냥이 김윤태 이상윤 디스코드 )"", ""description"": """"}}, ""statistics"": {""viewCount"": ""5863"", ""likeCount"": ""39"", ""favoriteCount"": ""0"", ""commentCount"": ""9""}}",,,,
느금마,single_term_fallback,느금마,PIc4yTX3voQ,푸태남 전설의 시작... ( 푸태남 투표 1등 기념 특집 ),2026-04-15T10:00:00Z,4658.0,29.0,16.0,https://www.youtube.com/watch?v=PIc4yTX3voQ,youtube,느금마,canonical,1.0,2026-05-26T11:15:48.779169+00:00,4658,29,16,45,푸워 답변기,푸워 신태일 남구 디스코드 느금마엔터,"{""kind"": ""youtube#video"", ""etag"": ""fSzshrHzDTurzyJTeX-TUJvl8ts"", ""id"": ""PIc4yTX3voQ"", ""snippet"": {""publishedAt"": ""2026-04-15T10:00:00Z"", ""channelId"": ""UCNEx85O4wEyATgfy15_d20A"", ""title"": ""푸태남 전설의 시작... ( 푸태남 투표 1등 기념 특집 )"", ""description"": ""푸워 신태일 남구 디스코드 느금마엔터"", ""thumbnails"": {""default"": {""url"": ""https://i.ytimg.com/vi/PIc4yTX3voQ/default.jpg"", ""width"": 120, ""height"": 90}, ""medium"": {""url"": ""https://i.ytimg.com/vi/PIc4yTX3voQ/mqdefault.jpg"", ""width"": 320, ""height"": 180}, ""high"": {""url"": ""https://i.ytimg.com/vi/PIc4yTX3voQ/hqdefault.jpg"", ""width"": 480, ""height"": 360}, ""standard"": {""url"": ""https://i.ytimg.com/vi/PIc4yTX3voQ/sddefault.jpg"", ""width"": 640, ""height"": 480}}, ""channelTitle"": ""푸워 답변기"", ""categoryId"": ""23"", ""liveBroadcastContent"": ""none"", ""defaultLanguage"": ""ko"", ""localized"": {""title"": ""푸태남 전설의 시작... ( 푸태남 투표 1등 기념 특집 )"", ""description"": ""푸워 신태일 남구 디스코드 느금마엔터""}, ""defaultAudioLanguage"": ""ko""}, ""statistics"": {""viewCount"": ""4658"", ""likeCount"": ""29"", ""favoriteCount"": ""0"", ""commentCount"": ""16""}}",,,,
느금마,single_term_fallback,느금마,bOrbbzedWPw,예으뜸 vs 노숙자,2026-04-05T05:58:23Z,4469.0,20.0,5.0,https://www.youtube.com/watch?v=bOrbbzedWPw,youtube,느금마,canonical,1.0,2026-05-26T11:15:48.779169+00:00,4469,20,5,25,신태일&목정자,#신태일 #이술인 #김윤태 #예으뜸 #이승희 #노애미크루 #느금마엔터 #NGM #뉴애미크루 #노숙자 #현피 #야차,"{""kind"": ""youtube#video"", ""etag"": ""Nd9HzUpXZGvMerUT2rXBxQa65nw"", ""id"": ""bOrbbzedWPw"", ""snippet"": {""publishedAt"": ""2026-04-05T05:58:23Z"", ""channelId"": ""UCuaLF3_GDSFxISju-cUNm7g"", ""title"": ""예으뜸 vs 노숙자"", ""description"": ""#신태일 #이술인 #김윤태 #예으뜸 #이승희 #노애미크루 #느금마엔터 #NGM #뉴애미크루 #노숙자 #현피 #야차"", ""thumbnails"": {""default"": {""url"": ""https://i.ytimg.com/vi/bOrbbzedWPw/default.jpg"", ""width"": 120, ""height"": 90}, ""medium"": {""url"": ""https://i.ytimg.com/vi/bOrbbzedWPw/mqdefault.jpg"", ""width"": 320, ""height"": 180}, ""high"": {""url"": ""https://i.ytimg.com/vi/bOrbbzedWPw/hqdefault.jpg"", ""width"": 480, ""height"": 360}, ""standard"": {""url"": ""https://i.ytimg.com/vi/bOrbbzedWPw/sddefault.jpg"", ""width"": 640, ""height"": 480}, ""maxres"": {""url"": ""https://i.ytimg.com/vi/bOrbbzedWPw/maxresdefault.jpg"", ""width"": 1280, ""height"": 720}}, ""channelTitle"": ""신태일&목정자"", ""categoryId"": ""22"", ""liveBroadcastContent"": ""none"", ""defaultLanguage"": ""ko"", ""localized"": {""title"": ""예으뜸 vs 노숙자"", ""description"": ""#신태일 #이술인 #김윤태 #예으뜸 #이승희 #노애미크루 #느금마엔터 #NGM #뉴애미크루 #노숙자 #현피 #야차""}}, ""statistics"": {""viewCount"": ""4469"", ""likeCount"": ""20"", ""favoriteCount"": ""0"", ""commentCount"": ""5""}}",,,,
느금마,single_term_fallback,느금마,laQNLPo15iE,느금마엔터 앙톡남 낚시 하이라이트,2026-05-07T11:41:06Z,1245.0,20.0,7.0,https://www.youtube.com/watch?v=laQNLPo15iE,youtube,느금마,canonical,1.0,2026-05-26T11:15:48.779169+00:00,1245,20,7,27,크루쉬,,"{""kind"": ""youtube#video"", ""etag"": ""Mn0PJbiVdW6U3KgRgZPymXWcedM"", ""id"": ""laQNLPo15iE"", ""snippet"": {""publishedAt"": ""2026-05-07T11:41:06Z"", ""channelId"": ""UClyk3iawAZAlXmQZetBSRVA"", ""title"": ""느금마엔터 앙톡남 낚시 하이라이트"", ""description"": """", ""thumbnails"": {""default"": {""url"": ""https://i.ytimg.com/vi/laQNLPo15iE/default.jpg"", ""width"": 120, ""height"": 90}, ""medium"": {""url"": ""https://i.ytimg.com/vi/laQNLPo15iE/mqdefault.jpg"", ""width"": 320, ""height"": 180}, ""high"": {""url"": ""https://i.ytimg.com/vi/laQNLPo15iE/hqdefault.jpg"", ""width"": 480, ""height"": 360}, ""standard"": {""url"": ""https://i.ytimg.com/vi/laQNLPo15iE/sddefault.jpg"", ""width"": 640, ""height"": 480}}, ""channelTitle"": ""크루쉬"", ""categoryId"": ""22"", ""liveBroadcastContent"": ""none"", ""defaultLanguage"": ""ko"", ""localized"": {""title"": ""느금마엔터 앙톡남 낚시 하이라이트"", ""description"": """"}}, ""statistics"": {""viewCount"": ""1245"", ""likeCount"": ""20"", ""favoriteCount"": ""0"", ""commentCount"": ""7""}}",,,,
느금마,single_term_fallback,느금마,eO_XbB4g5Y4,누구게? #추천 #신태일 #노애미크루 #김윤태 #YT크루 #NGM #느금마엔터 #이술인 #로봉순 #남구 #미니상 #김중우,2026-03-28T02:04:33Z,2298.0,10.0,1.0,https://www.youtube.com/watch?v=eO_XbB4g5Y4,youtube,느금마,canonical,1.0,2026-05-26T11:15:48.779169+00:00,2298,10,1,11,2태일,,"{""kind"": ""youtube#video"", ""etag"": ""m829Y71HZZywfSyEFHzzjn824nM"", ""id"": ""eO_XbB4g5Y4"", ""snippet"": {""publishedAt"": ""2026-03-28T02:04:33Z"", ""channelId"": ""UC6OEXI5qRxJEgVUJSASvExg"", ""title"": ""누구게? #추천 #신태일 #노애미크루 #김윤태 #YT크루 #NGM #느금마엔터 #이술인 #로봉순 #남구 #미니상 #김중우"", ""description"": """", ""thumbnails"": {""default"": {""url"": ""https://i.ytimg.com/vi/eO_XbB4g5Y4/default.jpg"", ""width"": 120, ""height"": 90}, ""medium"": {""url"": ""https://i.ytimg.com/vi/eO_XbB4g5Y4/mqdefault.jpg"", ""width"": 320, ""height"": 180}, ""high"": {""url"": ""https://i.ytimg.com/vi/eO_XbB4g5Y4/hqdefault.jpg"", ""width"": 480, ""height"": 360}, ""standard"": {""url"": ""https://i.ytimg.com/vi/eO_XbB4g5Y4/sddefault.jpg"", ""width"": 640, ""height"": 480}, ""maxres"": {""url"": ""https://i.ytimg.com/vi/eO_XbB4g5Y4/maxresdefault.jpg"", ""width"": 1280, ""height"": 720}}, ""channelTitle"": ""2태일"", ""categoryId"": ""22"", ""liveBroadcastContent"": ""none"", ""defaultLanguage"": ""ko"", ""localized"": {""title"": ""누구게? #추천 #신태일 #노애미크루 #김윤태 #YT크루 #NGM #느금마엔터 #이술인 #로봉순 #남구 #미니상 #김중우"", ""description"": """"}, ""defaultAudioLanguage"": ""ko""}, ""statistics"": {""viewCount"": ""2298"", ""likeCount"": ""10"", ""favoriteCount"": ""0"", ""commentCount"": ""1""}}",,,,
느금마,single_term_fallback,느금마,8s0eRDUKQ6s,음지계 2황 #추천 #신태일 #김윤태 #NGM #느금마엔터 #YT크루 #노애미크루 #음지,2026-03-24T10:53:30Z,2637.0,15.0,1.0,https://www.youtube.com/watch?v=8s0eRDUKQ6s,youtube,느금마,canonical,1.0,2026-05-26T11:15:48.779169+00:00,2637,15,1,16,2태일,,"{""kind"": ""youtube#video"", ""etag"": ""11jOy8bK0vo3y4JBReVLU4xqlQo"", ""id"": ""8s0eRDUKQ6s"", ""snippet"": {""publishedAt"": ""2026-03-24T10:53:30Z"", ""channelId"": ""UC6OEXI5qRxJEgVUJSASvExg"", ""title"": ""음지계 2황 #추천 #신태일 #김윤태 #NGM #느금마엔터 #YT크루 #노애미크루 #음지"", ""description"": """", ""thumbnails"": {""default"": {""url"": ""https://i.ytimg.com/vi/8s0eRDUKQ6s/default.jpg"", ""width"": 120, ""height"": 90}, ""medium"": {""url"": ""https://i.ytimg.com/vi/8s0eRDUKQ6s/mqdefault.jpg"", ""width"": 320, ""height"": 180}, ""high"": {""url"": ""https://i.ytimg.com/vi/8s0eRDUKQ6s/hqdefault.jpg"", ""width"": 480, ""height"": 360}, ""standard"": {""url"": ""https://i.ytimg.com/vi/8s0eRDUKQ6s/sddefault.jpg"", ""width"": 640, ""height"": 480}, ""maxres"": {""url"": ""https://i.ytimg.com/vi/8s0eRDUKQ6s/maxresdefault.jpg"", ""width"": 1280, ""height"": 720}}, ""channelTitle"": ""2태일"", ""categoryId"": ""22"", ""liveBroadcastContent"": ""none"", ""defaultLanguage"": ""ko"", ""localized"": {""title"": ""음지계 2황 #추천 #신태일 #김윤태 #NGM #느금마엔터 #YT크루 #노애미크루 #음지"", ""description"": """"}}, ""statistics"": {""viewCount"": ""2637"", ""likeCount"": ""15"", ""favoriteCount"": ""0"", ""commentCount"": ""1""}}",,,,
느금마,single_term_fallback,느금마,onCCYh7TX_M,뭐하세요 ???: 느금마,2026-05-22T12:09:48Z,973.0,0.0,5.0,https://www.youtube.com/watch?v=onCCYh7TX_M,youtube,느금마,canonical,1.0,2026-05-26T11:15:48.779169+00:00,973,0,5,5,Z5c_KR,,"{""kind"": ""youtube#video"", ""etag"": ""FGAUwVCP4OMT-HwOV4FMhWIw9Zs"", ""id"": ""onCCYh7TX_M"", ""snippet"": {""publishedAt"": ""2026-05-22T12:09:48Z"", ""channelId"": ""UCCnigEYrN8vBNw8we7Aqv0w"", ""title"": ""뭐하세요 ???: 느금마"", ""description"": """", ""thumbnails"": {""default"": {""url"": ""https://i.ytimg.com/vi/onCCYh7TX_M/default.jpg"", ""width"": 120, ""height"": 90}, ""medium"": {""url"": ""https://i.ytimg.com/vi/onCCYh7TX_M/mqdefault.jpg"", ""width"": 320, ""height"": 180}, ""high"": {""url"": ""https://i.ytimg.com/vi/onCCYh7TX_M/hqdefault.jpg"", ""width"": 480, ""height"": 360}, ""standard"": {""url"": ""https://i.ytimg.com/vi/onCCYh7TX_M/sddefault.jpg"", ""width"": 640, ""height"": 480}, ""maxres"": {""url"": ""https://i.ytimg.com/vi/onCCYh7TX_M/maxresdefault.jpg"", ""width"": 1280, ""height"": 720}}, ""channelTitle"": ""Z5c_KR"", ""categoryId"": ""22"", ""liveBroadcastContent"": ""none"", ""defaultLanguage"": ""ko"", ""localized"": {""title"": ""뭐하세요 ???: 느금마"", ""description"": """"}}, ""statistics"": {""viewCount"": ""973"", ""favoriteCount"": ""0"", ""commentCount"": ""5""}}",,,,
느금마,single_term_fallback,느금마,3egh3u6pglI,신태일vs이술인 #추천 #신태일 #이술인 #NGM #느금마엔터 #노애미크루 #김윤태 #YT크루 #남구 #푸워 #김중우 #예으뜸 #이승희 #로봉순 #미니상,2026-03-30T13:32:38Z,1968.0,5.0,1.0,https://www.youtube.com/watch?v=3egh3u6pglI,youtube,느금마,canonical,1.0,2026-05-26T11:15:48.779169+00:00,1968,5,1,6,2태일,,"{""kind"": ""youtube#video"", ""etag"": ""9z0vVB8vXG2izQf4w67bVEfYeWw"", ""id"": ""3egh3u6pglI"", ""snippet"": {""publishedAt"": ""2026-03-30T13:32:38Z"", ""channelId"": ""UC6OEXI5qRxJEgVUJSASvExg"", ""title"": ""신태일vs이술인 #추천 #신태일 #이술인 #NGM #느금마엔터 #노애미크루 #김윤태 #YT크루 #남구 #푸워 #김중우 #예으뜸 #이승희 #로봉순 #미니상"", ""description"": """", ""thumbnails"": {""default"": {""url"": ""https://i.ytimg.com/vi/3egh3u6pglI/default.jpg"", ""width"": 120, ""height"": 90}, ""medium"": {""url"": ""https://i.ytimg.com/vi/3egh3u6pglI/mqdefault.jpg"", ""width"": 320, ""height"": 180}, ""high"": {""url"": ""https://i.ytimg.com/vi/3egh3u6pglI/hqdefault.jpg"", ""width"": 480, ""height"": 360}, ""standard"": {""url"": ""https://i.ytimg.com/vi/3egh3u6pglI/sddefault.jpg"", ""width"": 640, ""height"": 480}, ""maxres"": {""url"": ""https://i.ytimg.com/vi/3egh3u6pglI/maxresdefault.jpg"", ""width"": 1280, ""height"": 720}}, ""channelTitle"": ""2태일"", ""categoryId"": ""22"", ""liveBroadcastContent"": ""none"", ""defaultLanguage"": ""ko"", ""localized"": {""title"": ""신태일vs이술인 #추천 #신태일 #이술인 #NGM #느금마엔터 #노애미크루 #김윤태 #YT크루 #남구 #푸워 #김중우 #예으뜸 #이승희 #로봉순 #미니상"", ""description"": """"}}, ""statistics"": {""viewCount"": ""1968"", ""likeCount"": ""5"", ""favoriteCount"": ""0"", ""commentCount"": ""1""}}",,,,
느금마,single_term_fallback,느금마,1nbFfwR3HWk,리즈시절 김윤태 #추천 #김윤태 #YT크루 #신태일 #노애미크루 #느금마엔터 #NGM #이술인 #김중우 #남구 #예으뜸 #로봉순 #이승희 #미니상,2026-04-02T08:32:49Z,3070.0,3.0,0.0,https://www.youtube.com/watch?v=1nbFfwR3HWk,youtube,느금마,canonical,1.0,2026-05-26T11:15:48.779169+00:00,3070,3,0,3,2태일,,"{""kind"": ""youtube#video"", ""etag"": ""Z_ParHJ_MjIYH1qPaYrBB7k5ot4"", ""id"": ""1nbFfwR3HWk"", ""snippet"": {""publishedAt"": ""2026-04-02T08:32:49Z"", ""channelId"": ""UC6OEXI5qRxJEgVUJSASvExg"", ""title"": ""리즈시절 김윤태 #추천 #김윤태 #YT크루 #신태일 #노애미크루 #느금마엔터 #NGM #이술인 #김중우 #남구 #예으뜸 #로봉순 #이승희 #미니상"", ""description"": """", ""thumbnails"": {""default"": {""url"": ""https://i.ytimg.com/vi/1nbFfwR3HWk/default.jpg"", ""width"": 120, ""height"": 90}, ""medium"": {""url"": ""https://i.ytimg.com/vi/1nbFfwR3HWk/mqdefault.jpg"", ""width"": 320, ""height"": 180}, ""high"": {""url"": ""https://i.ytimg.com/vi/1nbFfwR3HWk/hqdefault.jpg"", ""width"": 480, ""height"": 360}, ""standard"": {""url"": ""https://i.ytimg.com/vi/1nbFfwR3HWk/sddefault.jpg"", ""width"": 640, ""height"": 480}, ""maxres"": {""url"": ""https://i.ytimg.com/vi/1nbFfwR3HWk/maxresdefault.jpg"", ""width"": 1280, ""height"": 720}}, ""channelTitle"": ""2태일"", ""categoryId"": ""22"", ""liveBroadcastContent"": ""none"", ""defaultLanguage"": ""ko"", ""localized"": {""title"": ""리즈시절 김윤태 #추천 #김윤태 #YT크루 #신태일 #노애미크루 #느금마엔터 #NGM #이술인 #김중우 #남구 #예으뜸 #로봉순 #이승희 #미니상"", ""description"": """"}, ""defaultAudioLanguage"": ""ko""}, ""statistics"": {""viewCount"": ""3070"", ""likeCount"": ""3"", ""favoriteCount"": ""0"", ""commentCount"": ""0""}}",,,,
느금마,single_term_fallback,느금마,hUxTM5WzjSw,예으뜸 & 송구 & 김윤태의 목정자송,2026-04-14T09:44:38Z,446.0,1.0,1.0,https://www.youtube.com/watch?v=hUxTM5WzjSw,youtube,느금마,canonical,1.0,2026-05-26T11:15:48.779169+00:00,446,1,1,2,퇴구답변기,#신태일 #이승희 #목정자 #김윤태 #느금마엔터 #예으뜸 #뚱구 #남구 #푸워,"{""kind"": ""youtube#video"", ""etag"": ""5fTSmx6CIIlFhISU6j0QmBvrVyE"", ""id"": ""hUxTM5WzjSw"", ""snippet"": {""publishedAt"": ""2026-04-14T09:44:38Z"", ""channelId"": ""UCUtqMYe3ioyYSx2tE7cNCwg"", ""title"": ""예으뜸 & 송구 & 김윤태의 목정자송"", ""description"": ""#신태일 #이승희 #목정자 #김윤태 #느금마엔터 #예으뜸 #뚱구 #남구 #푸워"", ""thumbnails"": {""default"": {""url"": ""https://i.ytimg.com/vi/hUxTM5WzjSw/default.jpg"", ""width"": 120, ""height"": 90}, ""medium"": {""url"": ""https://i.ytimg.com/vi/hUxTM5WzjSw/mqdefault.jpg"", ""width"": 320, ""height"": 180}, ""high"": {""url"": ""https://i.ytimg.com/vi/hUxTM5WzjSw/hqdefault.jpg"", ""width"": 480, ""height"": 360}, ""standard"": {""url"": ""https://i.ytimg.com/vi/hUxTM5WzjSw/sddefault.jpg"", ""width"": 640, ""height"": 480}, ""maxres"": {""url"": ""https://i.ytimg.com/vi/hUxTM5WzjSw/maxresdefault.jpg"", ""width"": 1280, ""height"": 720}}, ""channelTitle"": ""퇴구답변기"", ""categoryId"": ""22"", ""liveBroadcastContent"": ""none"", ""defaultLanguage"": ""ko"", ""localized"": {""title"": ""예으뜸 & 송구 & 김윤태의 목정자송"", ""description"": ""#신태일 #이승희 #목정자 #김윤태 #느금마엔터 #예으뜸 #뚱구 #남구 #푸워""}}, ""statistics"": {""viewCount"": ""446"", ""likeCount"": ""1"", ""favoriteCount"": ""0"", ""commentCount"": ""1""}}",,,,
느금마,single_term_fallback,느금마,iIqgBS_xU-w,느금마 내가 빵꾸냄 ㅅㄱ  #shorts #vtuber #nikke,2026-03-11T03:00:00Z,1238.0,9.0,0.0,https://www.youtube.com/watch?v=iIqgBS_xU-w,youtube,느금마,canonical,1.0,2026-05-26T11:15:48.779169+00:00,1238,9,0,9,쬬물이,"【치지직】 : https://chzzk.naver.com/2e5fe3581f9c9cf5f80170ce74b6ba04
【유튜브】 : https://youtube.com/@zzyomulee/featured
【트위터】 : https://twitter.com/zzyomulee
#shorts 

【판떼기 제공】 「爽（@SOOOOOTTTT）」

【BGM】
Music by Khaim: https://www.khaimmusic.com/
Beat by Khaim: https://www.khaimmusic.com/
BGM: https://youtu.be/0dP7cdf-EgI
https://youtu.be/Gsiy44dCOs4

#vtuber  #한국어 #krvtuber #버튜버 #nikkevideo","{""kind"": ""youtube#video"", ""etag"": ""mVeTl8j0a11MidFhNW09Ncy48iI"", ""id"": ""iIqgBS_xU-w"", ""snippet"": {""publishedAt"": ""2026-03-11T03:00:00Z"", ""channelId"": ""UCdqKqNztHN_edlaaMoMaS4w"", ""title"": ""느금마 내가 빵꾸냄 ㅅㄱ  #shorts #vtuber #nikke"", ""description"": ""【치지직】 : https://chzzk.naver.com/2e5fe3581f9c9cf5f80170ce74b6ba04\n【유튜브】 : https://youtube.com/@zzyomulee/featured\n【트위터】 : https://twitter.com/zzyomulee\n#shorts \n\n【판떼기 제공】 「爽（@SOOOOOTTTT）」\n\n【BGM】\nMusic by Khaim: https://www.khaimmusic.com/\nBeat by Khaim: https://www.khaimmusic.com/\nBGM: https://youtu.be/0dP7cdf-EgI\nhttps://youtu.be/Gsiy44dCOs4\n\n#vtuber  #한국어 #krvtuber #버튜버 #nikkevideo"", ""thumbnails"": {""default"": {""url"": ""https://i.ytimg.com/vi/iIqgBS_xU-w/default.jpg"", ""width"": 120, ""height"": 90}, ""medium"": {""url"": ""https://i.ytimg.com/vi/iIqgBS_xU-w/mqdefault.jpg"", ""width"": 320, ""height"": 180}, ""high"": {""url"": ""https://i.ytimg.com/vi/iIqgBS_xU-w/hqdefault.jpg"", ""width"": 480, ""height"": 360}, ""standard"": {""url"": ""https://i.ytimg.com/vi/iIqgBS_xU-w/sddefault.jpg"", ""width"": 640, ""height"": 480}, ""maxres"": {""url"": ""https://i.ytimg.com/vi/iIqgBS_xU-w/maxresdefault.jpg"", ""width"": 1280, ""height"": 720}}, ""channelTitle"": ""쬬물이"", ""tags"": [""버튜버"", ""Vtuber"", ""쬬물이"", ""니케"", ""도로롱"", ""네온"", ""아니스"", ""라피"", ""스노우화이트"", ""앨트루이아""], ""categoryId"": ""20"", ""liveBroadcastContent"": ""none"", ""defaultLanguage"": ""ko"", ""localized"": {""title"": ""느금마 내가 빵꾸냄 ㅅㄱ  #shorts #vtuber #nikke"", ""description"": ""【치지직】 : https://chzzk.naver.com/2e5fe3581f9c9cf5f80170ce74b6ba04\n【유튜브】 : https://youtube.com/@zzyomulee/featured\n【트위터】 : https://twitter.com/zzyomulee\n#shorts \n\n【판떼기 제공】 「爽（@SOOOOOTTTT）」\n\n【BGM】\nMusic by Khaim: https://www.khaimmusic.com/\nBeat by Khaim: https://www.khaimmusic.com/\nBGM: https://youtu.be/0dP7cdf-EgI\nhttps://youtu.be/Gsiy44dCOs4\n\n#vtuber  #한국어 #krvtuber #버튜버 #nikkevideo""}, ""defaultAudioLanguage"": ""ko""}, ""statistics"": {""viewCount"": ""1238"", ""likeCount"": ""9"", ""favoriteCount"": ""0"", ""commentCount"": ""0""}}",,,,
느금마,single_term_fallback,느금마,C8NjL0DFgrw,노애미크루 #추천 #신태일 #이승희 #남구 #미니상 #김윤태 #노애미크루 #YT크루 #느금마엔터 #NGM,2026-03-22T03:17:49Z,788.0,10.0,1.0,https://www.youtube.com/watch?v=C8NjL0DFgrw,youtube,느금마,canonical,1.0,2026-05-26T11:15:48.779169+00:00,788,10,1,11,2태일,,"{""kind"": ""youtube#video"", ""etag"": ""VKGPZkAzOB7aFFVsw1lZNECPAvc"", ""id"": ""C8NjL0DFgrw"", ""snippet"": {""publishedAt"": ""2026-03-22T03:17:49Z"", ""channelId"": ""UC6OEXI5qRxJEgVUJSASvExg"", ""title"": ""노애미크루 #추천 #신태일 #이승희 #남구 #미니상 #김윤태 #노애미크루 #YT크루 #느금마엔터 #NGM"", ""description"": """", ""thumbnails"": {""default"": {""url"": ""https://i.ytimg.com/vi/C8NjL0DFgrw/default.jpg"", ""width"": 120, ""height"": 90}, ""medium"": {""url"": ""https://i.ytimg.com/vi/C8NjL0DFgrw/mqdefault.jpg"", ""width"": 320, ""height"": 180}, ""high"": {""url"": ""https://i.ytimg.com/vi/C8NjL0DFgrw/hqdefault.jpg"", ""width"": 480, ""height"": 360}, ""standard"": {""url"": ""https://i.ytimg.com/vi/C8NjL0DFgrw/sddefault.jpg"", ""width"": 640, ""height"": 480}, ""maxres"": {""url"": ""https://i.ytimg.com/vi/C8NjL0DFgrw/maxresdefault.jpg"", ""width"": 1280, ""height"": 720}}, ""channelTitle"": ""2태일"", ""categoryId"": ""22"", ""liveBroadcastContent"": ""none"", ""defaultLanguage"": ""ko"", ""localized"": {""title"": ""노애미크루 #추천 #신태일 #이승희 #남구 #미니상 #김윤태 #노애미크루 #YT크루 #느금마엔터 #NGM"", ""description"": """"}}, ""statistics"": {""viewCount"": ""788"", ""likeCount"": ""10"", ""favoriteCount"": ""0"", ""commentCount"": ""1""}}",,,,
느금마,single_term_fallback,느금마,oJSXO3FsA6Y,느금마,2026-05-20T04:12:04Z,563.0,1.0,0.0,https://www.youtube.com/watch?v=oJSXO3FsA6Y,youtube,느금마,canonical,1.0,2026-05-26T11:15:48.779169+00:00,563,1,0,1,이민준,,"{""kind"": ""youtube#video"", ""etag"": ""qxO1xIZH7xYH8_D1OHAsr6JamRQ"", ""id"": ""oJSXO3FsA6Y"", ""snippet"": {""publishedAt"": ""2026-05-20T04:12:04Z"", ""channelId"": ""UC5tpmtLw6by4iv-5W2BTajg"", ""title"": ""느금마"", ""description"": """", ""thumbnails"": {""default"": {""url"": ""https://i.ytimg.com/vi/oJSXO3FsA6Y/default.jpg"", ""width"": 120, ""height"": 90}, ""medium"": {""url"": ""https://i.ytimg.com/vi/oJSXO3FsA6Y/mqdefault.jpg"", ""width"": 320, ""height"": 180}, ""high"": {""url"": ""https://i.ytimg.com/vi/oJSXO3FsA6Y/hqdefault.jpg"", ""width"": 480, ""height"": 360}, ""standard"": {""url"": ""https://i.ytimg.com/vi/oJSXO3FsA6Y/sddefault.jpg"", ""width"": 640, ""height"": 480}, ""maxres"": {""url"": ""https://i.ytimg.com/vi/oJSXO3FsA6Y/maxresdefault.jpg"", ""width"": 1280, ""height"": 720}}, ""channelTitle"": ""이민준"", ""categoryId"": ""22"", ""liveBroadcastContent"": ""none"", ""defaultLanguage"": ""ko"", ""localized"": {""title"": ""느금마"", ""description"": """"}}, ""statistics"": {""viewCount"": ""563"", ""likeCount"": ""1"", ""favoriteCount"": ""0"", ""commentCount"": ""0""}}",,,,
느금마,single_term_fallback,느금마,AqID6aug-lI,#4 크루심 알파 좃망한 리뷰(주행영상 없음),2026-03-02T10:34:14Z,68.0,6.0,7.0,https://www.youtube.com/watch?v=AqID6aug-lI,youtube,느금마,canonical,1.0,2026-05-26T11:15:48.779169+00:00,68,6,7,13,느금마모터스,"좆망한 크루심 리뷰 영상들 짬처리했습니다
좆노잼이지만 사랑해주세요","{""kind"": ""youtube#video"", ""etag"": ""-sD8V9GngaZjgQ8sC7XPuzddeWE"", ""id"": ""AqID6aug-lI"", ""snippet"": {""publishedAt"": ""2026-03-02T10:34:14Z"", ""channelId"": ""UC4ZAqgLEPDub0oIPDpeZlaw"", ""title"": ""#4 크루심 알파 좃망한 리뷰(주행영상 없음)"", ""description"": ""좆망한 크루심 리뷰 영상들 짬처리했습니다\n좆노잼이지만 사랑해주세요"", ""thumbnails"": {""default"": {""url"": ""https://i.ytimg.com/vi/AqID6aug-lI/default.jpg"", ""width"": 120, ""height"": 90}, ""medium"": {""url"": ""https://i.ytimg.com/vi/AqID6aug-lI/mqdefault.jpg"", ""width"": 320, ""height"": 180}, ""high"": {""url"": ""https://i.ytimg.com/vi/AqID6aug-lI/hqdefault.jpg"", ""width"": 480, ""height"": 360}, ""standard"": {""url"": ""https://i.ytimg.com/vi/AqID6aug-lI/sddefault.jpg"", ""width"": 640, ""height"": 480}, ""maxres"": {""url"": ""https://i.ytimg.com/vi/AqID6aug-lI/maxresdefault.jpg"", ""width"": 1280, ""height"": 720}}, ""channelTitle"": ""느금마모터스"", ""categoryId"": ""22"", ""liveBroadcastContent"": ""none"", ""defaultLanguage"": ""ko"", ""localized"": {""title"": ""#4 크루심 알파 좃망한 리뷰(주행영상 없음)"", ""description"": ""좆망한 크루심 리뷰 영상들 짬처리했습니다\n좆노잼이지만 사랑해주세요""}}, ""statistics"": {""viewCount"": ""68"", ""likeCount"": ""6"", ""favoriteCount"": ""0"", ""commentCount"": ""7""}}",,,,
느금마,single_term_fallback,느금마,xogcT063VfA,느금마,2026-04-13T06:12:26Z,114.0,3.0,0.0,https://www.youtube.com/watch?v=xogcT063VfA,youtube,느금마,canonical,1.0,2026-05-26T11:15:48.779169+00:00,114,3,0,3,돼지바 야르TV,,"{""kind"": ""youtube#video"", ""etag"": ""Ln-hHpi2gDoXYKySJNi7NqXm-fc"", ""id"": ""xogcT063VfA"", ""snippet"": {""publishedAt"": ""2026-04-13T06:12:26Z"", ""channelId"": ""UC4N4ZcEJ4s9exNSwkwexGlQ"", ""title"": ""느금마"", ""description"": """", ""thumbnails"": {""default"": {""url"": ""https://i.ytimg.com/vi/xogcT063VfA/default.jpg"", ""width"": 120, ""height"": 90}, ""medium"": {""url"": ""https://i.ytimg.com/vi/xogcT063VfA/mqdefault.jpg"", ""width"": 320, ""height"": 180}, ""high"": {""url"": ""https://i.ytimg.com/vi/xogcT063VfA/hqdefault.jpg"", ""width"": 480, ""height"": 360}, ""standard"": {""url"": ""https://i.ytimg.com/vi/xogcT063VfA/sddefault.jpg"", ""width"": 640, ""height"": 480}, ""maxres"": {""url"": ""https://i.ytimg.com/vi/xogcT063VfA/maxresdefault.jpg"", ""width"": 1280, ""height"": 720}}, ""channelTitle"": ""돼지바 야르TV"", ""categoryId"": ""22"", ""liveBroadcastContent"": ""none"", ""defaultLanguage"": ""ko"", ""localized"": {""title"": ""느금마"", ""description"": """"}}, ""statistics"": {""viewCount"": ""114"", ""likeCount"": ""3"", ""favoriteCount"": ""0"", ""commentCount"": ""0""}}",,,,
느금마,single_term_fallback,느금마,p15eZyhPBHc,느금마 개보지털,2026-03-04T10:12:37Z,188.0,0.0,2.0,https://www.youtube.com/watch?v=p15eZyhPBHc,youtube,느금마,canonical,1.0,2026-05-26T11:15:48.779169+00:00,188,0,2,2,햄북이,,"{""kind"": ""youtube#video"", ""etag"": ""WDxz5qjW68Obcjme7fLx7EtTtME"", ""id"": ""p15eZyhPBHc"", ""snippet"": {""publishedAt"": ""2026-03-04T10:12:37Z"", ""channelId"": ""UCY1wUPCZt4F30vcHwOjjSbQ"", ""title"": ""느금마 개보지털"", ""description"": """", ""thumbnails"": {""default"": {""url"": ""https://i.ytimg.com/vi/p15eZyhPBHc/default.jpg"", ""width"": 120, ""height"": 90}, ""medium"": {""url"": ""https://i.ytimg.com/vi/p15eZyhPBHc/mqdefault.jpg"", ""width"": 320, ""height"": 180}, ""high"": {""url"": ""https://i.ytimg.com/vi/p15eZyhPBHc/hqdefault.jpg"", ""width"": 480, ""height"": 360}, ""standard"": {""url"": ""https://i.ytimg.com/vi/p15eZyhPBHc/sddefault.jpg"", ""width"": 640, ""height"": 480}, ""maxres"": {""url"": ""https://i.ytimg.com/vi/p15eZyhPBHc/maxresdefault.jpg"", ""width"": 1280, ""height"": 720}}, ""channelTitle"": ""햄북이"", ""categoryId"": ""22"", ""liveBroadcastContent"": ""none"", ""defaultLanguage"": ""ko"", ""localized"": {""title"": ""느금마 개보지털"", ""description"": """"}}, ""statistics"": {""viewCount"": ""188"", ""likeCount"": ""0"", ""favoriteCount"": ""0"", ""commentCount"": ""2""}}",,,,
느금마,single_term_fallback,느금마,K530fLXMnNU,돈벌러 가야'대'는 발로란트 모바일 피닉siu 매드무비 #돈벌러가야대 #비치 #섹시 #코인을해야대 #myteam #mymother #your mom #느금마 #젖꼭지 #민감,2026-04-19T03:11:38Z,14.0,0.0,0.0,https://www.youtube.com/watch?v=K530fLXMnNU,youtube,느금마,canonical,1.0,2026-05-26T11:15:48.779169+00:00,14,0,0,0,극순환 꼭지,,"{""kind"": ""youtube#video"", ""etag"": ""p-9iM-S6emP1FwOV4paaTuU9GoU"", ""id"": ""K530fLXMnNU"", ""snippet"": {""publishedAt"": ""2026-04-19T03:11:38Z"", ""channelId"": ""UCP__HyOg8fUH0OsqmqaJvTw"", ""title"": ""돈벌러 가야'대'는 발로란트 모바일 피닉siu 매드무비 #돈벌러가야대 #비치 #섹시 #코인을해야대 #myteam #mymother #your mom #느금마 #젖꼭지 #민감"", ""description"": """", ""thumbnails"": {""default"": {""url"": ""https://i.ytimg.com/vi/K530fLXMnNU/default.jpg"", ""width"": 120, ""height"": 90}, ""medium"": {""url"": ""https://i.ytimg.com/vi/K530fLXMnNU/mqdefault.jpg"", ""width"": 320, ""height"": 180}, ""high"": {""url"": ""https://i.ytimg.com/vi/K530fLXMnNU/hqdefault.jpg"", ""width"": 480, ""height"": 360}, ""standard"": {""url"": ""https://i.ytimg.com/vi/K530fLXMnNU/sddefault.jpg"", ""width"": 640, ""height"": 480}, ""maxres"": {""url"": ""https://i.ytimg.com/vi/K530fLXMnNU/maxresdefault.jpg"", ""width"": 1280, ""height"": 720}}, ""channelTitle"": ""극순환 꼭지"", ""categoryId"": ""22"", ""liveBroadcastContent"": ""none"", ""defaultLanguage"": ""ko"", ""localized"": {""title"": ""돈벌러 가야'대'는 발로란트 모바일 피닉siu 매드무비 #돈벌러가야대 #비치 #섹시 #코인을해야대 #myteam #mymother #your mom #느금마 #젖꼭지 #민감"", ""description"": """"}}, ""statistics"": {""viewCount"": ""14"", ""likeCount"": ""0"", ""favoriteCount"": ""0"", ""commentCount"": ""0""}}",,,,
느금마,single_term_fallback,느금마,CSOPDQvAcTw,6#0 이 실력으로 느금마드립? Nikeacg 너무 서운한데?,2026-05-02T04:41:26Z,13.0,0.0,0.0,https://www.youtube.com/watch?v=CSOPDQvAcTw,youtube,느금마,canonical,1.0,2026-05-26T11:15:48.779169+00:00,13,0,0,0,간사이,,"{""kind"": ""youtube#video"", ""etag"": ""4U32XxdabY0i3LysBvQAfEL-yIU"", ""id"": ""CSOPDQvAcTw"", ""snippet"": {""publishedAt"": ""2026-05-02T04:41:26Z"", ""channelId"": ""UCWSOcUxNpAALFeHu8DZPkwA"", ""title"": ""6#0 이 실력으로 느금마드립? Nikeacg 너무 서운한데?"", ""description"": """", ""thumbnails"": {""default"": {""url"": ""https://i.ytimg.com/vi/CSOPDQvAcTw/default.jpg"", ""width"": 120, ""height"": 90}, ""medium"": {""url"": ""https://i.ytimg.com/vi/CSOPDQvAcTw/mqdefault.jpg"", ""width"": 320, ""height"": 180}, ""high"": {""url"": ""https://i.ytimg.com/vi/CSOPDQvAcTw/hqdefault.jpg"", ""width"": 480, ""height"": 360}, ""standard"": {""url"": ""https://i.ytimg.com/vi/CSOPDQvAcTw/sddefault.jpg"", ""width"": 640, ""height"": 480}, ""maxres"": {""url"": ""https://i.ytimg.com/vi/CSOPDQvAcTw/maxresdefault.jpg"", ""width"": 1280, ""height"": 720}}, ""channelTitle"": ""간사이"", ""tags"": [""PS5Share"", ""eFootball""], ""categoryId"": ""20"", ""liveBroadcastContent"": ""none"", ""defaultLanguage"": ""ko"", ""localized"": {""title"": ""6#0 이 실력으로 느금마드립? Nikeacg 너무 서운한데?"", ""description"": """"}}, ""statistics"": {""viewCount"": ""13"", ""likeCount"": ""0"", ""favoriteCount"": ""0"", ""commentCount"": ""0""}}",,,,
느금마,single_term_fallback,느금마,PWxjoLf7cME,@chips-s3p  저격 영상 ㄴㅇㅁ 뒤짐 ㅅㄱ링 ㅋㅋㅋ 미친년임 느금마 뒤졌죸ㅋㅋㅋㅋ 잼민이 #잼민이 #욕쟁이 #추천추천추천추천추천추천추천추천추천추천 #삭발 10명 되면,2026-04-03T04:00:43Z,33.0,1.0,0.0,https://www.youtube.com/watch?v=PWxjoLf7cME,youtube,느금마,canonical,1.0,2026-05-26T11:15:48.779169+00:00,33,1,0,1,저격 채널,,"{""kind"": ""youtube#video"", ""etag"": ""5LmY1gmLm8EjNHw9k6MTNt7XGcM"", ""id"": ""PWxjoLf7cME"", ""snippet"": {""publishedAt"": ""2026-04-03T04:00:43Z"", ""channelId"": ""UCrAwgvSC-3vUMkz2pWtwJpg"", ""title"": ""@chips-s3p  저격 영상 ㄴㅇㅁ 뒤짐 ㅅㄱ링 ㅋㅋㅋ 미친년임 느금마 뒤졌죸ㅋㅋㅋㅋ 잼민이 #잼민이 #욕쟁이 #추천추천추천추천추천추천추천추천추천추천 #삭발 10명 되면"", ""description"": """", ""thumbnails"": {""default"": {""url"": ""https://i.ytimg.com/vi/PWxjoLf7cME/default.jpg"", ""width"": 120, ""height"": 90}, ""medium"": {""url"": ""https://i.ytimg.com/vi/PWxjoLf7cME/mqdefault.jpg"", ""width"": 320, ""height"": 180}, ""high"": {""url"": ""https://i.ytimg.com/vi/PWxjoLf7cME/hqdefault.jpg"", ""width"": 480, ""height"": 360}, ""standard"": {""url"": ""https://i.ytimg.com/vi/PWxjoLf7cME/sddefault.jpg"", ""width"": 640, ""height"": 480}, ""maxres"": {""url"": ""https://i.ytimg.com/vi/PWxjoLf7cME/maxresdefault.jpg"", ""width"": 1280, ""height"": 720}}, ""channelTitle"": ""저격 채널"", ""categoryId"": ""22"", ""liveBroadcastContent"": ""none"", ""defaultLanguage"": ""ko"", ""localized"": {""title"": ""@chips-s3p  저격 영상 ㄴㅇㅁ 뒤짐 ㅅㄱ링 ㅋㅋㅋ 미친년임 느금마 뒤졌죸ㅋㅋㅋㅋ 잼민이 #잼민이 #욕쟁이 #추천추천추천추천추천추천추천추천추천추천 #삭발 10명 되면"", ""description"": """"}, ""defaultAudioLanguage"": ""zh""}, ""statistics"": {""viewCount"": ""33"", ""likeCount"": ""1"", ""favoriteCount"": ""0"", ""commentCount"": ""0""}}",,,,
느금마,single_term_fallback,느금마,2RPwBiOJCVw,느금마,2026-04-23T14:14:45Z,25.0,2.0,0.0,https://www.youtube.com/watch?v=2RPwBiOJCVw,youtube,느금마,canonical,1.0,2026-05-26T11:15:48.779169+00:00,25,2,0,2,VROOM,,"{""kind"": ""youtube#video"", ""etag"": ""_ea5dNopFsR8tVuHcOJpbBJKd1I"", ""id"": ""2RPwBiOJCVw"", ""snippet"": {""publishedAt"": ""2026-04-23T14:14:45Z"", ""channelId"": ""UChupwEEW9RlcOknsbsJgB8g"", ""title"": ""느금마"", ""description"": """", ""thumbnails"": {""default"": {""url"": ""https://i.ytimg.com/vi/2RPwBiOJCVw/default.jpg"", ""width"": 120, ""height"": 90}, ""medium"": {""url"": ""https://i.ytimg.com/vi/2RPwBiOJCVw/mqdefault.jpg"", ""width"": 320, ""height"": 180}, ""high"": {""url"": ""https://i.ytimg.com/vi/2RPwBiOJCVw/hqdefault.jpg"", ""width"": 480, ""height"": 360}, ""standard"": {""url"": ""https://i.ytimg.com/vi/2RPwBiOJCVw/sddefault.jpg"", ""width"": 640, ""height"": 480}, ""maxres"": {""url"": ""https://i.ytimg.com/vi/2RPwBiOJCVw/maxresdefault.jpg"", ""width"": 1280, ""height"": 720}}, ""channelTitle"": ""VROOM"", ""categoryId"": ""22"", ""liveBroadcastContent"": ""none"", ""defaultLanguage"": ""ko"", ""localized"": {""title"": ""느금마"", ""description"": """"}, ""defaultAudioLanguage"": ""ko""}, ""statistics"": {""viewCount"": ""25"", ""likeCount"": ""2"", ""favoriteCount"": ""0"", ""commentCount"": ""0""}}",,,,
느금마,single_term_fallback,느금마,,칠판에 교사 실명·성적 낙서한 고교생…법원 &quot;전학은 과해&quot;,"Mon, 18 May 2026 16:02:00 +0900",,,,https://lawtalknews.co.kr/article/HG2ADRYOD4NV,naver_news,느금마,canonical,1.0,2026-05-26T11:15:49.578772+00:00,0,0,0,0,,"칠판에 교사 실명과 성적 낙서…학교 측 전학 조치 공립 고등학교 2학년에 재학 중이던 A씨는 2023년 8월 29일 다른 학생과 함께 빈 교과교실 칠판에 담당 교사의 실명과 함께 성기를 묘사한 그림을 그리고 &quot;<b>느금마</b>&quot;, &quot;무리수... ","{""title"": ""칠판에 교사 실명·성적 낙서한 고교생…법원 &quot;전학은 과해&quot;"", ""originallink"": ""https://lawtalknews.co.kr/article/HG2ADRYOD4NV"", ""link"": ""https://lawtalknews.co.kr/article/HG2ADRYOD4NV"", ""description"": ""칠판에 교사 실명과 성적 낙서…학교 측 전학 조치 공립 고등학교 2학년에 재학 중이던 A씨는 2023년 8월 29일 다른 학생과 함께 빈 교과교실 칠판에 담당 교사의 실명과 함께 성기를 묘사한 그림을 그리고 &quot;<b>느금마</b>&quot;, &quot;무리수... "", ""pubDate"": ""Mon, 18 May 2026 16:02:00 +0900""}","칠판에 교사 실명과 성적 낙서…학교 측 전학 조치 공립 고등학교 2학년에 재학 중이던 A씨는 2023년 8월 29일 다른 학생과 함께 빈 교과교실 칠판에 담당 교사의 실명과 함께 성기를 묘사한 그림을 그리고 &quot;<b>느금마</b>&quot;, &quot;무리수... ",https://lawtalknews.co.kr/article/HG2ADRYOD4NV,,
느금마,single_term_fallback,느금마,,"성폭력 저지른 아들, 우리는 왜 엄마의 죄를 물을까","Tue, 12 May 2026 22:11:00 +0900",,,,https://n.news.naver.com/mnews/article/310/0000136555?sid=103,naver_news,느금마,canonical,1.0,2026-05-26T11:15:49.578772+00:00,0,0,0,0,,"'니 애미', '<b>느금마</b>' 같은 '패륜 드립'이 유행하기 전부터 아이의 결함이 드러나면 사람들은 손쉽게 그 엄마를 비난했다. 브렌다는 분노한다. 아들이 범죄자가 된 게 제 탓이 아님을 증명할 수 없다. 자신이 '좋은 엄마'인지도... ","{""title"": ""성폭력 저지른 아들, 우리는 왜 엄마의 죄를 물을까"", ""originallink"": ""https://www.womennews.co.kr/news/articleView.html?idxno=277405"", ""link"": ""https://n.news.naver.com/mnews/article/310/0000136555?sid=103"", ""description"": ""'니 애미', '<b>느금마</b>' 같은 '패륜 드립'이 유행하기 전부터 아이의 결함이 드러나면 사람들은 손쉽게 그 엄마를 비난했다. 브렌다는 분노한다. 아들이 범죄자가 된 게 제 탓이 아님을 증명할 수 없다. 자신이 '좋은 엄마'인지도... "", ""pubDate"": ""Tue, 12 May 2026 22:11:00 +0900""}","'니 애미', '<b>느금마</b>' 같은 '패륜 드립'이 유행하기 전부터 아이의 결함이 드러나면 사람들은 손쉽게 그 엄마를 비난했다. 브렌다는 분노한다. 아들이 범죄자가 된 게 제 탓이 아님을 증명할 수 없다. 자신이 '좋은 엄마'인지도... ",https://www.womennews.co.kr/news/articleView.html?idxno=277405,,
느금마,single_term_fallback,느금마,,‘가해 방지’와 ‘경계 존중’ 더 나아가 ‘공감 능력’을 키워주세요,"Mon, 02 Mar 2026 17:44:00 +0900",,,,https://n.news.naver.com/mnews/article/028/0002793923?sid=102,naver_news,느금마,canonical,1.0,2026-05-26T11:15:49.578772+00:00,0,0,0,0,,"“‘응, 니 애미’ ‘장애인이냐’ ‘<b>느금마</b> 김치찌개 장인’ 같은 말을 유행어처럼 사용한다. 이런 말이 여성혐오 문화에서 왔다는 사실도 모른 채 쓰는 것이 현실이다. 일상에서 접하는 이모티콘, 광고, 유튜브 등이... ","{""title"": ""‘가해 방지’와 ‘경계 존중’ 더 나아가 ‘공감 능력’을 키워주세요"", ""originallink"": ""https://www.hani.co.kr/arti/society/schooling/1247277.html"", ""link"": ""https://n.news.naver.com/mnews/article/028/0002793923?sid=102"", ""description"": ""“‘응, 니 애미’ ‘장애인이냐’ ‘<b>느금마</b> 김치찌개 장인’ 같은 말을 유행어처럼 사용한다. 이런 말이 여성혐오 문화에서 왔다는 사실도 모른 채 쓰는 것이 현실이다. 일상에서 접하는 이모티콘, 광고, 유튜브 등이... "", ""pubDate"": ""Mon, 02 Mar 2026 17:44:00 +0900""}","“‘응, 니 애미’ ‘장애인이냐’ ‘<b>느금마</b> 김치찌개 장인’ 같은 말을 유행어처럼 사용한다. 이런 말이 여성혐오 문화에서 왔다는 사실도 모른 채 쓰는 것이 현실이다. 일상에서 접하는 이모티콘, 광고, 유튜브 등이... ",https://www.hani.co.kr/arti/society/schooling/1247277.html,,
느금마,single_term_fallback,느금마,,"“짱깨” “네 여자친구나 만져” 초등 교실 덮친 혐오…교육부, 형평성...","Mon, 02 Mar 2026 07:18:00 +0900",,,,https://n.news.naver.com/mnews/article/036/0000053217?sid=102,naver_news,느금마,canonical,1.0,2026-05-26T11:15:49.578772+00:00,0,0,0,0,,‘<b>느금마</b>’ ‘니애미’ ‘○○맘 즐’ 같은 패륜적 언동도 일상이 됐다. 정혜진(34·가명) 교사는 “수업 중에 빙고 같은 게임을 할 때가 있는데 게임에서 져서 감정이 격앙될 때 몇몇 학생이 ‘<b>느금마</b>’ ‘애미 뒤진... ,"{""title"": ""“짱깨” “네 여자친구나 만져” 초등 교실 덮친 혐오…교육부, 형평성..."", ""originallink"": ""https://h21.hani.co.kr/arti/society/society_general/58941.html"", ""link"": ""https://n.news.naver.com/mnews/article/036/0000053217?sid=102"", ""description"": ""‘<b>느금마</b>’ ‘니애미’ ‘○○맘 즐’ 같은 패륜적 언동도 일상이 됐다. 정혜진(34·가명) 교사는 “수업 중에 빙고 같은 게임을 할 때가 있는데 게임에서 져서 감정이 격앙될 때 몇몇 학생이 ‘<b>느금마</b>’ ‘애미 뒤진... "", ""pubDate"": ""Mon, 02 Mar 2026 07:18:00 +0900""}",‘<b>느금마</b>’ ‘니애미’ ‘○○맘 즐’ 같은 패륜적 언동도 일상이 됐다. 정혜진(34·가명) 교사는 “수업 중에 빙고 같은 게임을 할 때가 있는데 게임에서 져서 감정이 격앙될 때 몇몇 학생이 ‘<b>느금마</b>’ ‘애미 뒤진... ,https://h21.hani.co.kr/arti/society/society_general/58941.html,,
느금마,single_term_fallback,느금마,,주문형 가혹행위와 원격 가해자 [권김현영의 사건 이후],"Fri, 16 Jan 2026 05:02:00 +0900",,,,https://n.news.naver.com/mnews/article/028/0002786747?sid=110,naver_news,느금마,canonical,1.0,2026-05-26T11:15:49.578772+00:00,0,0,0,0,,"그가 이끄는 크루의 이름은 ‘<b>느금마</b>’, ‘노애미’ 등이었다. 패륜적이고 여성 혐오적인 언어는 유머로 포장되고 놀이로 체화되었다. 이번 사건은 그러한 혐오의 문법이 미성년자 성착취로 확장된 결과라는 점에서 우리... ","{""title"": ""주문형 가혹행위와 원격 가해자 [권김현영의 사건 이후]"", ""originallink"": ""https://www.hani.co.kr/arti/opinion/column/1240040.html"", ""link"": ""https://n.news.naver.com/mnews/article/028/0002786747?sid=110"", ""description"": ""그가 이끄는 크루의 이름은 ‘<b>느금마</b>’, ‘노애미’ 등이었다. 패륜적이고 여성 혐오적인 언어는 유머로 포장되고 놀이로 체화되었다. 이번 사건은 그러한 혐오의 문법이 미성년자 성착취로 확장된 결과라는 점에서 우리... "", ""pubDate"": ""Fri, 16 Jan 2026 05:02:00 +0900""}","그가 이끄는 크루의 이름은 ‘<b>느금마</b>’, ‘노애미’ 등이었다. 패륜적이고 여성 혐오적인 언어는 유머로 포장되고 놀이로 체화되었다. 이번 사건은 그러한 혐오의 문법이 미성년자 성착취로 확장된 결과라는 점에서 우리... ",https://www.hani.co.kr/arti/opinion/column/1240040.html,,
느금마,single_term_fallback,느금마,,사랑이라는 전문성을 길어올리다[신간],"Wed, 12 Nov 2025 06:04:00 +0900",,,,https://n.news.naver.com/mnews/article/033/0000049784?sid=103,naver_news,느금마,canonical,1.0,2026-05-26T11:15:49.578772+00:00,0,0,0,0,,‘<b>느금마</b>(상대의 어머니를 비하하는 말)’라는 혐오의 말이 오가는 6학년 수업에서는 ‘노 키즈 존’에 대한 이야기를 나눈다. 노 키즈 존의 부당함을 잘 아는 아이들은 ‘아동 혐오’와 ‘여성 혐오’ 등 사회적 약자에... ,"{""title"": ""사랑이라는 전문성을 길어올리다[신간]"", ""originallink"": ""https://weekly.khan.co.kr/article/202511120600021"", ""link"": ""https://n.news.naver.com/mnews/article/033/0000049784?sid=103"", ""description"": ""‘<b>느금마</b>(상대의 어머니를 비하하는 말)’라는 혐오의 말이 오가는 6학년 수업에서는 ‘노 키즈 존’에 대한 이야기를 나눈다. 노 키즈 존의 부당함을 잘 아는 아이들은 ‘아동 혐오’와 ‘여성 혐오’ 등 사회적 약자에... "", ""pubDate"": ""Wed, 12 Nov 2025 06:04:00 +0900""}",‘<b>느금마</b>(상대의 어머니를 비하하는 말)’라는 혐오의 말이 오가는 6학년 수업에서는 ‘노 키즈 존’에 대한 이야기를 나눈다. 노 키즈 존의 부당함을 잘 아는 아이들은 ‘아동 혐오’와 ‘여성 혐오’ 등 사회적 약자에... ,https://weekly.khan.co.kr/article/202511120600021,,
느금마,single_term_fallback,느금마,,[단독] &quot;니네 엄마 조건 돌려버린다&quot; 키보드 배틀 끝은 벌금 150만원과 ...,"Thu, 28 Aug 2025 17:16:00 +0900",,,,https://lawtalknews.co.kr/article/DL3JP5D0XOLF,naver_news,느금마,canonical,1.0,2026-05-26T11:15:49.578772+00:00,0,0,0,0,,&gt; &quot;<b>느금마</b>토막살인. XXX아. … 족보도 없눈 조건녀. 더러워. 냄새나. … <b>느금마</b> 죽일게&quot; &quot;성적 욕망은 없었다&quot;는 변명…법원의 서늘한 일침 결국 A씨와 B씨는 정보통신망법 위반(불안감 조성)과 성폭력처벌법 위반... ,"{""title"": ""[단독] &quot;니네 엄마 조건 돌려버린다&quot; 키보드 배틀 끝은 벌금 150만원과 ..."", ""originallink"": ""https://lawtalknews.co.kr/article/DL3JP5D0XOLF"", ""link"": ""https://lawtalknews.co.kr/article/DL3JP5D0XOLF"", ""description"": ""&gt; &quot;<b>느금마</b>토막살인. XXX아. … 족보도 없눈 조건녀. 더러워. 냄새나. … <b>느금마</b> 죽일게&quot; &quot;성적 욕망은 없었다&quot;는 변명…법원의 서늘한 일침 결국 A씨와 B씨는 정보통신망법 위반(불안감 조성)과 성폭력처벌법 위반... "", ""pubDate"": ""Thu, 28 Aug 2025 17:16:00 +0900""}",&gt; &quot;<b>느금마</b>토막살인. XXX아. … 족보도 없눈 조건녀. 더러워. 냄새나. … <b>느금마</b> 죽일게&quot; &quot;성적 욕망은 없었다&quot;는 변명…법원의 서늘한 일침 결국 A씨와 B씨는 정보통신망법 위반(불안감 조성)과 성폭력처벌법 위반... ,https://lawtalknews.co.kr/article/DL3JP5D0XOLF,,
느금마,single_term_fallback,느금마,,"기아 박정우, 실력 비하 댓글에 &quot;엄마 아빠가…&quot; 패드립 메시지→일반인...","Fri, 22 Aug 2025 19:24:00 +0900",,,,https://www.topstarnews.net/news/articleView.html?idxno=15778634,naver_news,느금마,canonical,1.0,2026-05-26T11:15:49.578772+00:00,0,0,0,0,,"없어?&quot;, &quot;<b>느금마</b>&quot; 등 패드립 발언을 하는 모습을 보였고, B씨는 &quot;누구는 똥받이 하라고 가르쳤나&quot;, &quot;한심하게 살지마&quot;라고 반박했다. 또 B씨는 자신의 연락처가 담긴 대화 내용을 박정우가 자신의 개인 계정에 올린 것에 대해... ","{""title"": ""기아 박정우, 실력 비하 댓글에 &quot;엄마 아빠가…&quot; 패드립 메시지→일반인..."", ""originallink"": ""https://www.topstarnews.net/news/articleView.html?idxno=15778634"", ""link"": ""https://www.topstarnews.net/news/articleView.html?idxno=15778634"", ""description"": ""없어?&quot;, &quot;<b>느금마</b>&quot; 등 패드립 발언을 하는 모습을 보였고, B씨는 &quot;누구는 똥받이 하라고 가르쳤나&quot;, &quot;한심하게 살지마&quot;라고 반박했다. 또 B씨는 자신의 연락처가 담긴 대화 내용을 박정우가 자신의 개인 계정에 올린 것에 대해... "", ""pubDate"": ""Fri, 22 Aug 2025 19:24:00 +0900""}","없어?&quot;, &quot;<b>느금마</b>&quot; 등 패드립 발언을 하는 모습을 보였고, B씨는 &quot;누구는 똥받이 하라고 가르쳤나&quot;, &quot;한심하게 살지마&quot;라고 반박했다. 또 B씨는 자신의 연락처가 담긴 대화 내용을 박정우가 자신의 개인 계정에 올린 것에 대해... ",https://www.topstarnews.net/news/articleView.html?idxno=15778634,,
느금마,single_term_fallback,느금마,,아들 단톡방에서 충격적인 메시지를 발견했다,"Tue, 10 Jun 2025 18:16:00 +0900",,,,https://lawtalknews.co.kr/article/R1RJ7KSO2H1L,naver_news,느금마,canonical,1.0,2026-05-26T11:15:49.578772+00:00,0,0,0,0,,"심지어 &quot;<b>느금마</b> XX A씨 아들 이름&quot;, &quot;X같은 A 죽여버릴까&quot;라며 모욕하고 협박하는 내용도 있었다. 해당 단톡방은 현재 사라졌고, A씨가 가진 증거는 대화 내용 캡처본 3장이 전부다. A씨는 &quot;아이의 SNS를 몰래 본 것과, 아들과... ","{""title"": ""아들 단톡방에서 충격적인 메시지를 발견했다"", ""originallink"": ""https://lawtalknews.co.kr/article/R1RJ7KSO2H1L"", ""link"": ""https://lawtalknews.co.kr/article/R1RJ7KSO2H1L"", ""description"": ""심지어 &quot;<b>느금마</b> XX A씨 아들 이름&quot;, &quot;X같은 A 죽여버릴까&quot;라며 모욕하고 협박하는 내용도 있었다. 해당 단톡방은 현재 사라졌고, A씨가 가진 증거는 대화 내용 캡처본 3장이 전부다. A씨는 &quot;아이의 SNS를 몰래 본 것과, 아들과... "", ""pubDate"": ""Tue, 10 Jun 2025 18:16:00 +0900""}","심지어 &quot;<b>느금마</b> XX A씨 아들 이름&quot;, &quot;X같은 A 죽여버릴까&quot;라며 모욕하고 협박하는 내용도 있었다. 해당 단톡방은 현재 사라졌고, A씨가 가진 증거는 대화 내용 캡처본 3장이 전부다. A씨는 &quot;아이의 SNS를 몰래 본 것과, 아들과... ",https://lawtalknews.co.kr/article/R1RJ7KSO2H1L,,
느금마,single_term_fallback,느금마,,날 '이모'라 부르던 살가운 아이가 내 딸 딥페이크를 만들었다,"Mon, 02 Dec 2024 04:00:00 +0900",,,,https://n.news.naver.com/mnews/article/469/0000836255?sid=102,naver_news,느금마,canonical,1.0,2026-05-26T11:15:49.578772+00:00,0,0,0,0,,"아이들은 온라인 커뮤니티에서 본 여성혐오 밈(유행 콘텐츠)을 생각 없이 따라 하고, 온라인 게임을 하면서 상대를 자극하려고 '<b>느금마</b>'(상대 엄마를 비하하는 말), '혜지'(실력이 부족한 상대를 여성형 이름으로... ","{""title"": ""날 '이모'라 부르던 살가운 아이가 내 딸 딥페이크를 만들었다"", ""originallink"": ""https://www.hankookilbo.com/News/Read/A2024112515400005496?did=NA"", ""link"": ""https://n.news.naver.com/mnews/article/469/0000836255?sid=102"", ""description"": ""아이들은 온라인 커뮤니티에서 본 여성혐오 밈(유행 콘텐츠)을 생각 없이 따라 하고, 온라인 게임을 하면서 상대를 자극하려고 '<b>느금마</b>'(상대 엄마를 비하하는 말), '혜지'(실력이 부족한 상대를 여성형 이름으로... "", ""pubDate"": ""Mon, 02 Dec 2024 04:00:00 +0900""}","아이들은 온라인 커뮤니티에서 본 여성혐오 밈(유행 콘텐츠)을 생각 없이 따라 하고, 온라인 게임을 하면서 상대를 자극하려고 '<b>느금마</b>'(상대 엄마를 비하하는 말), '혜지'(실력이 부족한 상대를 여성형 이름으로... ",https://www.hankookilbo.com/News/Read/A2024112515400005496?did=NA,,
느금마,single_term_fallback,느금마,,“XX”이라 했는데 모욕 아냐?… “규제 필요”vs&quot;표현의 자유 억압&quot;,"Sat, 04 Jun 2022 06:00:00 +0900",,,,https://n.news.naver.com/mnews/article/277/0005098781?sid=102,naver_news,느금마,canonical,1.0,2026-05-26T11:15:49.578772+00:00,0,0,0,0,,"B씨는 게임 ‘리그오브레전드’를 즐기다 상대방에게 ‘ㄴㄱㅁ’(<b>느금마</b>라는 뜻으로 부모 욕 지칭), ‘벌레’ 소리를 들었다. 그는 모욕감을 느꼈다 생각해 고소장 접수를 고려했다. 하지만 온라인상에서 닉네임 또는... ","{""title"": ""“XX”이라 했는데 모욕 아냐?… “규제 필요”vs&quot;표현의 자유 억압&quot;"", ""originallink"": ""https://view.asiae.co.kr/article/2022060309061502358"", ""link"": ""https://n.news.naver.com/mnews/article/277/0005098781?sid=102"", ""description"": ""B씨는 게임 ‘리그오브레전드’를 즐기다 상대방에게 ‘ㄴㄱㅁ’(<b>느금마</b>라는 뜻으로 부모 욕 지칭), ‘벌레’ 소리를 들었다. 그는 모욕감을 느꼈다 생각해 고소장 접수를 고려했다. 하지만 온라인상에서 닉네임 또는... "", ""pubDate"": ""Sat, 04 Jun 2022 06:00:00 +0900""}","B씨는 게임 ‘리그오브레전드’를 즐기다 상대방에게 ‘ㄴㄱㅁ’(<b>느금마</b>라는 뜻으로 부모 욕 지칭), ‘벌레’ 소리를 들었다. 그는 모욕감을 느꼈다 생각해 고소장 접수를 고려했다. 하지만 온라인상에서 닉네임 또는... ",https://view.asiae.co.kr/article/2022060309061502358,,
느금마,single_term_fallback,느금마,,EBS 〈딩동댕대학교〉 이슬예나·박재영 PD ① | 어른이들을 위한 매운맛...,"Sat, 26 Feb 2022 17:28:00 +0900",,,,http://topclass.chosun.com/board/view.asp?catecode=L&tnu=202203100023,naver_news,느금마,canonical,1.0,2026-05-26T11:15:49.578772+00:00,0,0,0,0,,한 영상에 ‘<b>느금마</b>·니미’란 단어를 넣었는데 짤만 보면 오해할 수 있지만 ‘왜 엄마 욕을 남발할까’ 어원을 발견하는 내용이거든요. 영상을 보고 나면 이해가 되죠. 기획·제작·편집 단계에서 양심에 맞게 하면서도... ,"{""title"": ""EBS 〈딩동댕대학교〉 이슬예나·박재영 PD ① | 어른이들을 위한 매운맛..."", ""originallink"": ""http://topclass.chosun.com/board/view.asp?catecode=L&tnu=202203100023"", ""link"": ""http://topclass.chosun.com/board/view.asp?catecode=L&tnu=202203100023"", ""description"": ""한 영상에 ‘<b>느금마</b>·니미’란 단어를 넣었는데 짤만 보면 오해할 수 있지만 ‘왜 엄마 욕을 남발할까’ 어원을 발견하는 내용이거든요. 영상을 보고 나면 이해가 되죠. 기획·제작·편집 단계에서 양심에 맞게 하면서도... "", ""pubDate"": ""Sat, 26 Feb 2022 17:28:00 +0900""}",한 영상에 ‘<b>느금마</b>·니미’란 단어를 넣었는데 짤만 보면 오해할 수 있지만 ‘왜 엄마 욕을 남발할까’ 어원을 발견하는 내용이거든요. 영상을 보고 나면 이해가 되죠. 기획·제작·편집 단계에서 양심에 맞게 하면서도... ,http://topclass.chosun.com/board/view.asp?catecode=L&tnu=202203100023,,
느금마,single_term_fallback,느금마,,"“응 <b>느금마</b>…” 배달 시킨 고객, 넘어선 안 될 선 넘어버렸다 (사진)","Wed, 21 Jul 2021 15:50:00 +0900",,,,https://www.wikitree.co.kr/articles/671615,naver_news,느금마,canonical,1.0,2026-05-26T11:15:49.578772+00:00,0,0,0,0,,고객으로 추정되는 리뷰 작성자는 &quot;응 <b>느금마</b>(상대방의 어머니를 깎아 내리는 혐오 표현)&quot; 단 네 글자와 함께... XXX님 웅 <b>느금마</b>&quot;라고 리뷰 작성자에게 받았던 욕설을 그대로 되돌려줬다.이를 본 누리꾼들은 &quot;리뷰 적는 거... ,"{""title"": ""“응 <b>느금마</b>…” 배달 시킨 고객, 넘어선 안 될 선 넘어버렸다 (사진)"", ""originallink"": ""https://www.wikitree.co.kr/articles/671615"", ""link"": ""https://www.wikitree.co.kr/articles/671615"", ""description"": ""고객으로 추정되는 리뷰 작성자는 &quot;응 <b>느금마</b>(상대방의 어머니를 깎아 내리는 혐오 표현)&quot; 단 네 글자와 함께... XXX님 웅 <b>느금마</b>&quot;라고 리뷰 작성자에게 받았던 욕설을 그대로 되돌려줬다.이를 본 누리꾼들은 &quot;리뷰 적는 거... "", ""pubDate"": ""Wed, 21 Jul 2021 15:50:00 +0900""}",고객으로 추정되는 리뷰 작성자는 &quot;응 <b>느금마</b>(상대방의 어머니를 깎아 내리는 혐오 표현)&quot; 단 네 글자와 함께... XXX님 웅 <b>느금마</b>&quot;라고 리뷰 작성자에게 받았던 욕설을 그대로 되돌려줬다.이를 본 누리꾼들은 &quot;리뷰 적는 거... ,https://www.wikitree.co.kr/articles/671615,,
느금마,single_term_fallback,느금마,,“세금 축내는 벌레” “네까짓 게 감히” 마음 후벼파는 민원인들 ‘언...,"Mon, 12 Jul 2021 12:21:00 +0900",,,,https://n.news.naver.com/mnews/article/021/0002477966?sid=102,naver_news,느금마,canonical,1.0,2026-05-26T11:15:49.578772+00:00,0,0,0,0,,"당시 그는 ‘<b>느금마</b> XX 주차’ ‘XX 배때기에 바퀴벌레 알 깐 년의 주차’ 등 차마 입에 담지 못할 표현을 썼다. 성추행도 부지기수다. 남성 상담원도 심심치 않게 겪는 문제지만, 여성 상담원들이 주로 호소한 대목이다.... ","{""title"": ""“세금 축내는 벌레” “네까짓 게 감히” 마음 후벼파는 민원인들 ‘언..."", ""originallink"": ""http://www.munhwa.com/news/view.html?no=20210712MW121419376654"", ""link"": ""https://n.news.naver.com/mnews/article/021/0002477966?sid=102"", ""description"": ""당시 그는 ‘<b>느금마</b> XX 주차’ ‘XX 배때기에 바퀴벌레 알 깐 년의 주차’ 등 차마 입에 담지 못할 표현을 썼다. 성추행도 부지기수다. 남성 상담원도 심심치 않게 겪는 문제지만, 여성 상담원들이 주로 호소한 대목이다.... "", ""pubDate"": ""Mon, 12 Jul 2021 12:21:00 +0900""}","당시 그는 ‘<b>느금마</b> XX 주차’ ‘XX 배때기에 바퀴벌레 알 깐 년의 주차’ 등 차마 입에 담지 못할 표현을 썼다. 성추행도 부지기수다. 남성 상담원도 심심치 않게 겪는 문제지만, 여성 상담원들이 주로 호소한 대목이다.... ",http://www.munhwa.com/news/view.html?no=20210712MW121419376654,,
느금마,single_term_fallback,느금마,,"[HOME CINEMA] 유튜브 '딩동댕대학교', 현대인을 위한 기초 교양","Fri, 14 May 2021 15:15:00 +0900",,,,https://n.news.naver.com/mnews/article/140/0000044393?sid=004,naver_news,느금마,canonical,1.0,2026-05-26T11:15:49.578772+00:00,0,0,0,0,,‘우리는 왜 남의 엄마를 욕하는가?’ 수업에서는 흔히 사용하는 ‘<b>느금마</b>’ 같은 욕설이 얼마나 오랜 계보를 거쳐왔고 동서양에 널리 퍼져 있는지를 설명하며 언어표현 속의 여성 혐오를 지적한다. 브리트니 스피어스가... ,"{""title"": ""[HOME CINEMA] 유튜브 '딩동댕대학교', 현대인을 위한 기초 교양"", ""originallink"": ""http://www.cine21.com/news/view/?mag_id=97732&utm_source=naver&utm_medium=news"", ""link"": ""https://n.news.naver.com/mnews/article/140/0000044393?sid=004"", ""description"": ""‘우리는 왜 남의 엄마를 욕하는가?’ 수업에서는 흔히 사용하는 ‘<b>느금마</b>’ 같은 욕설이 얼마나 오랜 계보를 거쳐왔고 동서양에 널리 퍼져 있는지를 설명하며 언어표현 속의 여성 혐오를 지적한다. 브리트니 스피어스가... "", ""pubDate"": ""Fri, 14 May 2021 15:15:00 +0900""}",‘우리는 왜 남의 엄마를 욕하는가?’ 수업에서는 흔히 사용하는 ‘<b>느금마</b>’ 같은 욕설이 얼마나 오랜 계보를 거쳐왔고 동서양에 널리 퍼져 있는지를 설명하며 언어표현 속의 여성 혐오를 지적한다. 브리트니 스피어스가... ,http://www.cine21.com/news/view/?mag_id=97732&utm_source=naver&utm_medium=news,,
느금마,single_term_fallback,느금마,,"[단독] '<b>느금마</b>'가 '너의 엄마, 창녀'라고? 혐오 위한 연구인가 [김기자...","Sat, 17 Apr 2021 13:17:00 +0900",,,,https://n.news.naver.com/mnews/article/014/0004622271?sid=102,naver_news,느금마,canonical,1.0,2026-05-26T11:15:49.578772+00:00,0,0,0,0,,"‘<b>느금마</b>’는 ‘너의 엄마, 창녀’라는 모욕의 욕설이며 ‘멧퇘지’는 뚱뚱하거나 못생긴 여아나 여성을... '<b>느금마</b>'가 '너의 엄마, 창녀'라고? 17일 본지가 철학계 관계자들과 함께 윤 교수 논문 ‘관음충의 발생학... ","{""title"": ""[단독] '<b>느금마</b>'가 '너의 엄마, 창녀'라고? 혐오 위한 연구인가 [김기자..."", ""originallink"": ""http://www.fnnews.com/news/202104170110006370"", ""link"": ""https://n.news.naver.com/mnews/article/014/0004622271?sid=102"", ""description"": ""‘<b>느금마</b>’는 ‘너의 엄마, 창녀’라는 모욕의 욕설이며 ‘멧퇘지’는 뚱뚱하거나 못생긴 여아나 여성을... '<b>느금마</b>'가 '너의 엄마, 창녀'라고? 17일 본지가 철학계 관계자들과 함께 윤 교수 논문 ‘관음충의 발생학... "", ""pubDate"": ""Sat, 17 Apr 2021 13:17:00 +0900""}","‘<b>느금마</b>’는 ‘너의 엄마, 창녀’라는 모욕의 욕설이며 ‘멧퇘지’는 뚱뚱하거나 못생긴 여아나 여성을... '<b>느금마</b>'가 '너의 엄마, 창녀'라고? 17일 본지가 철학계 관계자들과 함께 윤 교수 논문 ‘관음충의 발생학... ",http://www.fnnews.com/news/202104170110006370,,
느금마,single_term_fallback,느금마,,"[단독] '혐오논란' 윤지선 논문, 다수 결함에도 불성실 해명 [김기자의...","Sat, 17 Apr 2021 08:16:00 +0900",,,,https://n.news.naver.com/mnews/article/014/0004622181?sid=102,naver_news,느금마,canonical,1.0,2026-05-26T11:15:49.578772+00:00,0,0,0,0,,"우선 해당 논문은 ‘남성 놀이 문화’의 일종으로 초등학교 남아들 사이에서 ‘보이루, <b>느금마</b>, 멧퇘지’ 등의 용어가 많이 쓰이고 있다고 주장해 논란의 중심에 섰다. 특히 이중 보겸이라는 유튜버의 인사말인... ","{""title"": ""[단독] '혐오논란' 윤지선 논문, 다수 결함에도 불성실 해명 [김기자의..."", ""originallink"": ""http://www.fnnews.com/news/202104170024500467"", ""link"": ""https://n.news.naver.com/mnews/article/014/0004622181?sid=102"", ""description"": ""우선 해당 논문은 ‘남성 놀이 문화’의 일종으로 초등학교 남아들 사이에서 ‘보이루, <b>느금마</b>, 멧퇘지’ 등의 용어가 많이 쓰이고 있다고 주장해 논란의 중심에 섰다. 특히 이중 보겸이라는 유튜버의 인사말인... "", ""pubDate"": ""Sat, 17 Apr 2021 08:16:00 +0900""}","우선 해당 논문은 ‘남성 놀이 문화’의 일종으로 초등학교 남아들 사이에서 ‘보이루, <b>느금마</b>, 멧퇘지’ 등의 용어가 많이 쓰이고 있다고 주장해 논란의 중심에 섰다. 특히 이중 보겸이라는 유튜버의 인사말인... ",http://www.fnnews.com/news/202104170024500467,,
느금마,single_term_fallback,느금마,,[홍숙영의 젠더프리즘] ‘감히’가 아니라 ‘왜’,"Tue, 02 Mar 2021 06:03:00 +0900",,,,https://www.kgnews.co.kr/news/article.html?no=631276,naver_news,느금마,canonical,1.0,2026-05-26T11:15:49.578772+00:00,0,0,0,0,,"‘보이루’라는 인사말을 비롯해 여성의 성기를 지칭하는 단어를 접두어로 붙인 ‘보징어’, ‘보슬아치’, 상대의 부모에 관한 욕으로 이른바 패드립(패륜+애드리브)이라고 불리는 ‘<b>느금마</b>’, ‘xx년’, ‘엠창’은... ","{""title"": ""[홍숙영의 젠더프리즘] ‘감히’가 아니라 ‘왜’"", ""originallink"": ""https://www.kgnews.co.kr/news/article.html?no=631276"", ""link"": ""https://www.kgnews.co.kr/news/article.html?no=631276"", ""description"": ""‘보이루’라는 인사말을 비롯해 여성의 성기를 지칭하는 단어를 접두어로 붙인 ‘보징어’, ‘보슬아치’, 상대의 부모에 관한 욕으로 이른바 패드립(패륜+애드리브)이라고 불리는 ‘<b>느금마</b>’, ‘xx년’, ‘엠창’은... "", ""pubDate"": ""Tue, 02 Mar 2021 06:03:00 +0900""}","‘보이루’라는 인사말을 비롯해 여성의 성기를 지칭하는 단어를 접두어로 붙인 ‘보징어’, ‘보슬아치’, 상대의 부모에 관한 욕으로 이른바 패드립(패륜+애드리브)이라고 불리는 ‘<b>느금마</b>’, ‘xx년’, ‘엠창’은... ",https://www.kgnews.co.kr/news/article.html?no=631276,,
느금마,single_term_fallback,느금마,,"[배려하는 설, 집콕라이프]따라하기 좋은 유튜브 채널·시간 날 때 읽어...","Tue, 09 Feb 2021 22:00:00 +0900",,,,http://www.kyeongin.com/main/view.php?key=20210202010000412,naver_news,느금마,canonical,1.0,2026-05-26T11:15:49.578772+00:00,0,0,0,0,,"아이가 '앙 기모띠', '<b>느금마</b>'와 같은 혐오 표현을 아무렇지 않게 내뱉을 때 부모가 해야 할 일은 무엇인지. 10대 자녀를 둔 부모라면 누구나 한 번쯤 겪는 고민에 대해 현장 교육자 입장에서 실질적인 해법을 제안한다.... ","{""title"": ""[배려하는 설, 집콕라이프]따라하기 좋은 유튜브 채널·시간 날 때 읽어..."", ""originallink"": ""http://www.kyeongin.com/main/view.php?key=20210202010000412"", ""link"": ""http://www.kyeongin.com/main/view.php?key=20210202010000412"", ""description"": ""아이가 '앙 기모띠', '<b>느금마</b>'와 같은 혐오 표현을 아무렇지 않게 내뱉을 때 부모가 해야 할 일은 무엇인지. 10대 자녀를 둔 부모라면 누구나 한 번쯤 겪는 고민에 대해 현장 교육자 입장에서 실질적인 해법을 제안한다.... "", ""pubDate"": ""Tue, 09 Feb 2021 22:00:00 +0900""}","아이가 '앙 기모띠', '<b>느금마</b>'와 같은 혐오 표현을 아무렇지 않게 내뱉을 때 부모가 해야 할 일은 무엇인지. 10대 자녀를 둔 부모라면 누구나 한 번쯤 겪는 고민에 대해 현장 교육자 입장에서 실질적인 해법을 제안한다.... ",http://www.kyeongin.com/main/view.php?key=20210202010000412,,
느금마,single_term_fallback,느금마,,“많은 부모들 n번방 사태 개탄하면서도 디지털 성폭력 잘 몰라”,"Wed, 27 May 2020 05:03:00 +0900",,,,https://n.news.naver.com/mnews/article/028/0002498731?sid=102,naver_news,느금마,canonical,1.0,2026-05-26T11:15:49.578772+00:00,0,0,0,0,,평범한 초등 단톡방에만 들어가도 엄마 엉덩이를 몰래 찍어서 올린다거나 ‘<b>느금마</b>’ 등 엄마를 비하하거나 여성혐오적인 언어들이 쏟아진다. 아이들은 유튜브 등에서 보고 흉내내며 장난으로 이런 행동을 시작하지만... ,"{""title"": ""“많은 부모들 n번방 사태 개탄하면서도 디지털 성폭력 잘 몰라”"", ""originallink"": ""http://www.hani.co.kr/arti/society/society_general/946633.html"", ""link"": ""https://n.news.naver.com/mnews/article/028/0002498731?sid=102"", ""description"": ""평범한 초등 단톡방에만 들어가도 엄마 엉덩이를 몰래 찍어서 올린다거나 ‘<b>느금마</b>’ 등 엄마를 비하하거나 여성혐오적인 언어들이 쏟아진다. 아이들은 유튜브 등에서 보고 흉내내며 장난으로 이런 행동을 시작하지만... "", ""pubDate"": ""Wed, 27 May 2020 05:03:00 +0900""}",평범한 초등 단톡방에만 들어가도 엄마 엉덩이를 몰래 찍어서 올린다거나 ‘<b>느금마</b>’ 등 엄마를 비하하거나 여성혐오적인 언어들이 쏟아진다. 아이들은 유튜브 등에서 보고 흉내내며 장난으로 이런 행동을 시작하지만... ,http://www.hani.co.kr/arti/society/society_general/946633.html,,
느금마,single_term_fallback,느금마,,[손배] &quot;왕따 가해 학생 부모도 배상책임&quot;,"Fri, 01 May 2020 15:23:00 +0900",,,,http://www.legaltimes.co.kr/news/articleView.html?idxno=52780,naver_news,느금마,canonical,1.0,2026-05-26T11:15:49.578772+00:00,0,0,0,0,,"B는 음악시간에 학교 음악실에서 A의 바로 뒷자리에 앉아서 단소 끝으로 A의 뒤통수를 찌르고 단소를 일자로 세워 바람을 부는 방법으로 A의 뒤통수에 침을 뱉고, A가 '아유 입냄새, 아'라고 말하자 &quot;<b>느금마</b>. 친구 없는... ","{""title"": ""[손배] &quot;왕따 가해 학생 부모도 배상책임&quot;"", ""originallink"": ""http://www.legaltimes.co.kr/news/articleView.html?idxno=52780"", ""link"": ""http://www.legaltimes.co.kr/news/articleView.html?idxno=52780"", ""description"": ""B는 음악시간에 학교 음악실에서 A의 바로 뒷자리에 앉아서 단소 끝으로 A의 뒤통수를 찌르고 단소를 일자로 세워 바람을 부는 방법으로 A의 뒤통수에 침을 뱉고, A가 '아유 입냄새, 아'라고 말하자 &quot;<b>느금마</b>. 친구 없는... "", ""pubDate"": ""Fri, 01 May 2020 15:23:00 +0900""}","B는 음악시간에 학교 음악실에서 A의 바로 뒷자리에 앉아서 단소 끝으로 A의 뒤통수를 찌르고 단소를 일자로 세워 바람을 부는 방법으로 A의 뒤통수에 침을 뱉고, A가 '아유 입냄새, 아'라고 말하자 &quot;<b>느금마</b>. 친구 없는... ",http://www.legaltimes.co.kr/news/articleView.html?idxno=52780,,
느금마,single_term_fallback,느금마,,일상에서 시작하는 우리 아이 성교육,"Fri, 17 Apr 2020 16:54:00 +0900",,,,http://woman.donga.com/3/all/12/2040291/1,naver_news,느금마,canonical,1.0,2026-05-26T11:15:49.578772+00:00,0,0,0,0,,"요즘도 남학생들은 대화 중에 성적인 용어를 남발하고, 아무렇지 않게 “<b>느금마</b> 창녀”라는 말을 하며 웃어재낀다. 초등학교 성교육 강의 때 아이들에게 그 단어의 뜻을 진지하게 설명했더니 낯빛이 변했다. 인식이 바뀌고... ","{""title"": ""일상에서 시작하는 우리 아이 성교육"", ""originallink"": ""http://woman.donga.com/3/all/12/2040291/1"", ""link"": ""http://woman.donga.com/3/all/12/2040291/1"", ""description"": ""요즘도 남학생들은 대화 중에 성적인 용어를 남발하고, 아무렇지 않게 “<b>느금마</b> 창녀”라는 말을 하며 웃어재낀다. 초등학교 성교육 강의 때 아이들에게 그 단어의 뜻을 진지하게 설명했더니 낯빛이 변했다. 인식이 바뀌고... "", ""pubDate"": ""Fri, 17 Apr 2020 16:54:00 +0900""}","요즘도 남학생들은 대화 중에 성적인 용어를 남발하고, 아무렇지 않게 “<b>느금마</b> 창녀”라는 말을 하며 웃어재낀다. 초등학교 성교육 강의 때 아이들에게 그 단어의 뜻을 진지하게 설명했더니 낯빛이 변했다. 인식이 바뀌고... ",http://woman.donga.com/3/all/12/2040291/1,,
느금마,single_term_fallback,느금마,,틀니 압수·웅앵웅... 도넘은 혐오 표현 주의보,"Wed, 08 Jan 2020 00:34:00 +0900",,,,https://n.news.naver.com/mnews/article/018/0004550786?sid=102,naver_news,느금마,canonical,1.0,2026-05-26T11:15:49.578772+00:00,0,0,0,0,,‘웅앵웅’?‘<b>느금마</b>’ 무의미한 말이 되레 분쟁 일으켜 (사진=이미지투데이) 끊임없이 나오는 혐오표현은 그... 상대방의 어머니를 비하하는 ‘<b>느금마</b>’(너희 엄마→느그 엄마→느그 음마→<b>느금마</b>)라는 표현은 이제 옛말.... ,"{""title"": ""틀니 압수·웅앵웅... 도넘은 혐오 표현 주의보"", ""originallink"": ""http://www.edaily.co.kr/news/newspath.asp?newsid=01193926625635752&snapkey=36676"", ""link"": ""https://n.news.naver.com/mnews/article/018/0004550786?sid=102"", ""description"": ""‘웅앵웅’?‘<b>느금마</b>’ 무의미한 말이 되레 분쟁 일으켜 (사진=이미지투데이) 끊임없이 나오는 혐오표현은 그... 상대방의 어머니를 비하하는 ‘<b>느금마</b>’(너희 엄마→느그 엄마→느그 음마→<b>느금마</b>)라는 표현은 이제 옛말.... "", ""pubDate"": ""Wed, 08 Jan 2020 00:34:00 +0900""}",‘웅앵웅’?‘<b>느금마</b>’ 무의미한 말이 되레 분쟁 일으켜 (사진=이미지투데이) 끊임없이 나오는 혐오표현은 그... 상대방의 어머니를 비하하는 ‘<b>느금마</b>’(너희 엄마→느그 엄마→느그 음마→<b>느금마</b>)라는 표현은 이제 옛말.... ,http://www.edaily.co.kr/news/newspath.asp?newsid=01193926625635752&snapkey=36676,,
느금마,single_term_fallback,느금마,,"‘혐오, 교실에 들어오다’ 저자 이혜정·이신애 씨 “학교가 ‘쓸모’...","Mon, 23 Dec 2019 22:40:00 +0900",,,,https://n.news.naver.com/mnews/article/032/0002982348?sid=102,naver_news,느금마,canonical,1.0,2026-05-26T11:15:49.578772+00:00,0,0,0,0,,너른중학교 남학생들은 ‘<b>느금마</b>’ 같은 여성 비하적 표현을 대놓고 쓰면 여학생들이 단체로 자신을 ‘뒷담’할 것이 두려워 자기들끼리 있을 때만 쓴다. 저자들은 “특정 혐오표현에 대한 집단적 거부 분위기가 형성된... ,"{""title"": ""‘혐오, 교실에 들어오다’ 저자 이혜정·이신애 씨 “학교가 ‘쓸모’..."", ""originallink"": ""https://www.khan.co.kr/article/201912232240005"", ""link"": ""https://n.news.naver.com/mnews/article/032/0002982348?sid=102"", ""description"": ""너른중학교 남학생들은 ‘<b>느금마</b>’ 같은 여성 비하적 표현을 대놓고 쓰면 여학생들이 단체로 자신을 ‘뒷담’할 것이 두려워 자기들끼리 있을 때만 쓴다. 저자들은 “특정 혐오표현에 대한 집단적 거부 분위기가 형성된... "", ""pubDate"": ""Mon, 23 Dec 2019 22:40:00 +0900""}",너른중학교 남학생들은 ‘<b>느금마</b>’ 같은 여성 비하적 표현을 대놓고 쓰면 여학생들이 단체로 자신을 ‘뒷담’할 것이 두려워 자기들끼리 있을 때만 쓴다. 저자들은 “특정 혐오표현에 대한 집단적 거부 분위기가 형성된... ,https://www.khan.co.kr/article/201912232240005,,
느금마,single_term_fallback,느금마,,학교 안 혐오현상의 실태는 어떻고 대책은 또 뭘까?,"Thu, 05 Dec 2019 14:56:00 +0900",,,,https://n.news.naver.com/mnews/article/001/0011258330?sid=103,naver_news,느금마,canonical,1.0,2026-05-26T11:15:49.578772+00:00,0,0,0,0,,"'<b>느금마</b>(너희 엄마)', '걸레', '게이/레즈' 등과 같은 비하 표현이 많고, '돼지새끼', '멧돼지' 등 사람의 몸과 얼굴을 짐승에 비유해 혐오감을 드러내기도 한다. 저자들은 이런 혐오 표현을 학생들이 '친하고 편한' 사이에서... ","{""title"": ""학교 안 혐오현상의 실태는 어떻고 대책은 또 뭘까?"", ""originallink"": ""http://yna.kr/AKR20191205106800005?did=1195m"", ""link"": ""https://n.news.naver.com/mnews/article/001/0011258330?sid=103"", ""description"": ""'<b>느금마</b>(너희 엄마)', '걸레', '게이/레즈' 등과 같은 비하 표현이 많고, '돼지새끼', '멧돼지' 등 사람의 몸과 얼굴을 짐승에 비유해 혐오감을 드러내기도 한다. 저자들은 이런 혐오 표현을 학생들이 '친하고 편한' 사이에서... "", ""pubDate"": ""Thu, 05 Dec 2019 14:56:00 +0900""}","'<b>느금마</b>(너희 엄마)', '걸레', '게이/레즈' 등과 같은 비하 표현이 많고, '돼지새끼', '멧돼지' 등 사람의 몸과 얼굴을 짐승에 비유해 혐오감을 드러내기도 한다. 저자들은 이런 혐오 표현을 학생들이 '친하고 편한' 사이에서... ",http://yna.kr/AKR20191205106800005?did=1195m,,
느금마,single_term_fallback,느금마,,“너무 심해요. 그러지 마세요...” 한 야구선수가 받은 인스타 DM 수준,"Sat, 23 Nov 2019 20:50:00 +0900",,,,http://www.wikitree.co.kr/main/news_view.php?id=483273,naver_news,느금마,canonical,1.0,2026-05-26T11:15:49.578772+00:00,0,0,0,0,,"<b>느금마</b>가 그렇게 던지게 시키든? 니 때매 10만원 꼴앗잔아 ㅋㅋ 그냥 야구하지 말아줘 부탁이야. 수원에서... 일어나겠음 <b>느금마</b>한테 깨워달라 해 X같은 X아&quot;라는 메시지가 왔다. 한편, 김민 선수는 지난해 KT WIZ로 입단해... ","{""title"": ""“너무 심해요. 그러지 마세요...” 한 야구선수가 받은 인스타 DM 수준"", ""originallink"": ""http://www.wikitree.co.kr/main/news_view.php?id=483273"", ""link"": ""http://www.wikitree.co.kr/main/news_view.php?id=483273"", ""description"": ""<b>느금마</b>가 그렇게 던지게 시키든? 니 때매 10만원 꼴앗잔아 ㅋㅋ 그냥 야구하지 말아줘 부탁이야. 수원에서... 일어나겠음 <b>느금마</b>한테 깨워달라 해 X같은 X아&quot;라는 메시지가 왔다. 한편, 김민 선수는 지난해 KT WIZ로 입단해... "", ""pubDate"": ""Sat, 23 Nov 2019 20:50:00 +0900""}","<b>느금마</b>가 그렇게 던지게 시키든? 니 때매 10만원 꼴앗잔아 ㅋㅋ 그냥 야구하지 말아줘 부탁이야. 수원에서... 일어나겠음 <b>느금마</b>한테 깨워달라 해 X같은 X아&quot;라는 메시지가 왔다. 한편, 김민 선수는 지난해 KT WIZ로 입단해... ",http://www.wikitree.co.kr/main/news_view.php?id=483273,,
느금마,single_term_fallback,느금마,,[3040칼럼] 혐오와 권력,"Tue, 19 Nov 2019 08:26:00 +0900",,,,https://www.yeongnam.com/web/view.php?key=20191119.010300820310001,naver_news,느금마,canonical,1.0,2026-05-26T11:15:49.578772+00:00,0,0,0,0,,아래는 서울의 한 중학교에서 ‘요즘 어떤 욕을 사용하냐’는 질문에 학생들이 답한 ‘욕’들이다.“<b>느금마</b> 내가 사랑해요” “<b>느금마</b> 김치찌개 장인” “응 니 며느리” “SLD나 챙겨라” “너 오늘 그날이냐”여기서... ,"{""title"": ""[3040칼럼] 혐오와 권력"", ""originallink"": ""https://www.yeongnam.com/web/view.php?key=20191119.010300820310001"", ""link"": ""https://www.yeongnam.com/web/view.php?key=20191119.010300820310001"", ""description"": ""아래는 서울의 한 중학교에서 ‘요즘 어떤 욕을 사용하냐’는 질문에 학생들이 답한 ‘욕’들이다.“<b>느금마</b> 내가 사랑해요” “<b>느금마</b> 김치찌개 장인” “응 니 며느리” “SLD나 챙겨라” “너 오늘 그날이냐”여기서... "", ""pubDate"": ""Tue, 19 Nov 2019 08:26:00 +0900""}",아래는 서울의 한 중학교에서 ‘요즘 어떤 욕을 사용하냐’는 질문에 학생들이 답한 ‘욕’들이다.“<b>느금마</b> 내가 사랑해요” “<b>느금마</b> 김치찌개 장인” “응 니 며느리” “SLD나 챙겨라” “너 오늘 그날이냐”여기서... ,https://www.yeongnam.com/web/view.php?key=20191119.010300820310001,,
느금마,single_term_fallback,느금마,,“<b>느금마</b> 김치찌개 장인” 요즘 초등학생 욕설에 깔린 여성 혐오,"Fri, 15 Nov 2019 17:30:00 +0900",,,,http://www.wikitree.co.kr/main/news_view.php?id=480970,naver_news,느금마,canonical,1.0,2026-05-26T11:15:49.578772+00:00,0,0,0,0,,"조사는 서울 서대문구에 위치한 초등학교, 중학교에 다니는 학생들을 대상으로 이뤄졌다.욕설의 종류로는 “<b>느금마</b>, 내가 사랑해요”, “<b>느금마</b> 김치찌개 장인” 등이 있었다. ‘<b>느금마</b>’는 ‘너희 엄마’를 뜻하는... ","{""title"": ""“<b>느금마</b> 김치찌개 장인” 요즘 초등학생 욕설에 깔린 여성 혐오"", ""originallink"": ""http://www.wikitree.co.kr/main/news_view.php?id=480970"", ""link"": ""http://www.wikitree.co.kr/main/news_view.php?id=480970"", ""description"": ""조사는 서울 서대문구에 위치한 초등학교, 중학교에 다니는 학생들을 대상으로 이뤄졌다.욕설의 종류로는 “<b>느금마</b>, 내가 사랑해요”, “<b>느금마</b> 김치찌개 장인” 등이 있었다. ‘<b>느금마</b>’는 ‘너희 엄마’를 뜻하는... "", ""pubDate"": ""Fri, 15 Nov 2019 17:30:00 +0900""}","조사는 서울 서대문구에 위치한 초등학교, 중학교에 다니는 학생들을 대상으로 이뤄졌다.욕설의 종류로는 “<b>느금마</b>, 내가 사랑해요”, “<b>느금마</b> 김치찌개 장인” 등이 있었다. ‘<b>느금마</b>’는 ‘너희 엄마’를 뜻하는... ",http://www.wikitree.co.kr/main/news_view.php?id=480970,,
느금마,single_term_fallback,느금마,,[밀실] &quot;너희 엄마 김치찌개 장인&quot;···여혐 표현 넘쳐나는 교실,"Fri, 15 Nov 2019 05:01:00 +0900",,,,https://n.news.naver.com/mnews/article/025/0002952977?sid=102,naver_news,느금마,canonical,1.0,2026-05-26T11:15:49.578772+00:00,0,0,0,0,,&quot; “<b>느금마</b> 김치찌개 장인” &quot; 지난달 28일 서울 서대문구의 한 초등학교 앞에서 학생들에게 ‘요즘 어떤 욕을... ▶<b>느금마</b> 김치찌개 장인 : 맥락없이 상대방의 부모님을 언급하면서 기분을 상하게 하는 표현. <b>느금마</b>는... ,"{""title"": ""[밀실] &quot;너희 엄마 김치찌개 장인&quot;···여혐 표현 넘쳐나는 교실"", ""originallink"": ""https://www.joongang.co.kr/article/23633235"", ""link"": ""https://n.news.naver.com/mnews/article/025/0002952977?sid=102"", ""description"": ""&quot; “<b>느금마</b> 김치찌개 장인” &quot; 지난달 28일 서울 서대문구의 한 초등학교 앞에서 학생들에게 ‘요즘 어떤 욕을... ▶<b>느금마</b> 김치찌개 장인 : 맥락없이 상대방의 부모님을 언급하면서 기분을 상하게 하는 표현. <b>느금마</b>는... "", ""pubDate"": ""Fri, 15 Nov 2019 05:01:00 +0900""}",&quot; “<b>느금마</b> 김치찌개 장인” &quot; 지난달 28일 서울 서대문구의 한 초등학교 앞에서 학생들에게 ‘요즘 어떤 욕을... ▶<b>느금마</b> 김치찌개 장인 : 맥락없이 상대방의 부모님을 언급하면서 기분을 상하게 하는 표현. <b>느금마</b>는... ,https://www.joongang.co.kr/article/23633235,,
느금마,single_term_fallback,느금마,,"아이를 낳지 않는 여성은 집안의 죄인이 되고, 아이를 낳은 여성은 사회...","Thu, 27 Jun 2019 11:52:00 +0900",,,,https://ppss.kr/archives/197847,naver_news,느금마,canonical,1.0,2026-05-26T11:15:49.578772+00:00,0,0,0,0,,"아이들은 ‘니애미’ ‘<b>느금마</b>’ ‘엄창’ 따위의 말들을 쓰며, 상대와 관련된 가장 비하적인 표현으로 엄마를 활용한다. 이제는 엄마들이 어떤 실수라도 하면, 사소한 잘못이라도 하면, 곧바로 사회 전체 구성원들이... ","{""title"": ""아이를 낳지 않는 여성은 집안의 죄인이 되고, 아이를 낳은 여성은 사회..."", ""originallink"": ""https://ppss.kr/archives/197847"", ""link"": ""https://ppss.kr/archives/197847"", ""description"": ""아이들은 ‘니애미’ ‘<b>느금마</b>’ ‘엄창’ 따위의 말들을 쓰며, 상대와 관련된 가장 비하적인 표현으로 엄마를 활용한다. 이제는 엄마들이 어떤 실수라도 하면, 사소한 잘못이라도 하면, 곧바로 사회 전체 구성원들이... "", ""pubDate"": ""Thu, 27 Jun 2019 11:52:00 +0900""}","아이들은 ‘니애미’ ‘<b>느금마</b>’ ‘엄창’ 따위의 말들을 쓰며, 상대와 관련된 가장 비하적인 표현으로 엄마를 활용한다. 이제는 엄마들이 어떤 실수라도 하면, 사소한 잘못이라도 하면, 곧바로 사회 전체 구성원들이... ",https://ppss.kr/archives/197847,,
느금마,single_term_fallback,느금마,,“게임 중 욕설도 당사자 특정 땐 모욕죄”,"Thu, 06 Jun 2019 21:35:00 +0900",,,,https://n.news.naver.com/mnews/article/032/0002944476?sid=102,naver_news,느금마,canonical,1.0,2026-05-26T11:15:49.578772+00:00,0,0,0,0,,메이플스토리 이용자인 그는 게임 도중 “X년” “X먹는다” “<b>느금마</b>(느그 엄마)” 같은 욕설을 들었다. 김씨는 “게임 속이지만 많은 사람이 모인 자리여서 모욕감을 느껴 고소를 결심했다”고 말했다. 욕설이 나온... ,"{""title"": ""“게임 중 욕설도 당사자 특정 땐 모욕죄”"", ""originallink"": ""https://www.khan.co.kr/article/201906062135015"", ""link"": ""https://n.news.naver.com/mnews/article/032/0002944476?sid=102"", ""description"": ""메이플스토리 이용자인 그는 게임 도중 “X년” “X먹는다” “<b>느금마</b>(느그 엄마)” 같은 욕설을 들었다. 김씨는 “게임 속이지만 많은 사람이 모인 자리여서 모욕감을 느껴 고소를 결심했다”고 말했다. 욕설이 나온... "", ""pubDate"": ""Thu, 06 Jun 2019 21:35:00 +0900""}",메이플스토리 이용자인 그는 게임 도중 “X년” “X먹는다” “<b>느금마</b>(느그 엄마)” 같은 욕설을 들었다. 김씨는 “게임 속이지만 많은 사람이 모인 자리여서 모욕감을 느껴 고소를 결심했다”고 말했다. 욕설이 나온... ,https://www.khan.co.kr/article/201906062135015,,
느금마,single_term_fallback,느금마,,[10대를 위한 젠더클리닉 (끝)] ‘튀고 싶어서’ ‘인정받으려’ 성폭력...,"Thu, 06 Jun 2019 10:33:00 +0900",,,,https://n.news.naver.com/mnews/article/310/0000073149?sid=110,naver_news,느금마,canonical,1.0,2026-05-26T11:15:49.578772+00:00,0,0,0,0,,"보이루뿐 아니라 '기모띠', '야마테', '레알 밥도둑', '니 얼굴 실화냐' 등의 말을 여자 친구들과 여선생님에게 일상적으로 하고 있고, 상대방의 엄마뿐 아니라 본인의 엄마에게도 '<b>느금마</b>', '느큼(<b>느금마</b> 김치녀)', '엠창... ","{""title"": ""[10대를 위한 젠더클리닉 (끝)] ‘튀고 싶어서’ ‘인정받으려’ 성폭력..."", ""originallink"": ""https://www.womennews.co.kr/news/articleView.html?idxno=190291"", ""link"": ""https://n.news.naver.com/mnews/article/310/0000073149?sid=110"", ""description"": ""보이루뿐 아니라 '기모띠', '야마테', '레알 밥도둑', '니 얼굴 실화냐' 등의 말을 여자 친구들과 여선생님에게 일상적으로 하고 있고, 상대방의 엄마뿐 아니라 본인의 엄마에게도 '<b>느금마</b>', '느큼(<b>느금마</b> 김치녀)', '엠창... "", ""pubDate"": ""Thu, 06 Jun 2019 10:33:00 +0900""}","보이루뿐 아니라 '기모띠', '야마테', '레알 밥도둑', '니 얼굴 실화냐' 등의 말을 여자 친구들과 여선생님에게 일상적으로 하고 있고, 상대방의 엄마뿐 아니라 본인의 엄마에게도 '<b>느금마</b>', '느큼(<b>느금마</b> 김치녀)', '엠창... ",https://www.womennews.co.kr/news/articleView.html?idxno=190291,,
느금마,single_term_fallback,느금마,,"어린이날 특집 ‘거리의 만찬’, 성평등 넘어 인권존중을 향한 '백신 수...","Sun, 05 May 2019 10:34:00 +0900",,,,http://www.mediaus.co.kr/news/articleView.html?idxno=151985,naver_news,느금마,canonical,1.0,2026-05-26T11:15:49.578772+00:00,0,0,0,0,,"자신들이 접하는 인터넷 상의 콘텐츠에서 익힌 '니애미', '<b>느금마</b>'(엄마를 혐오적으로 부르는 표현)부터 '피싸개'(생리를 하는 여성을 낮잡아 부르는 말) 등 혐오 표현을 무분별하게 습득하고 일상화시키는 아이들. 더... ","{""title"": ""어린이날 특집 ‘거리의 만찬’, 성평등 넘어 인권존중을 향한 '백신 수..."", ""originallink"": ""http://www.mediaus.co.kr/news/articleView.html?idxno=151985"", ""link"": ""http://www.mediaus.co.kr/news/articleView.html?idxno=151985"", ""description"": ""자신들이 접하는 인터넷 상의 콘텐츠에서 익힌 '니애미', '<b>느금마</b>'(엄마를 혐오적으로 부르는 표현)부터 '피싸개'(생리를 하는 여성을 낮잡아 부르는 말) 등 혐오 표현을 무분별하게 습득하고 일상화시키는 아이들. 더... "", ""pubDate"": ""Sun, 05 May 2019 10:34:00 +0900""}","자신들이 접하는 인터넷 상의 콘텐츠에서 익힌 '니애미', '<b>느금마</b>'(엄마를 혐오적으로 부르는 표현)부터 '피싸개'(생리를 하는 여성을 낮잡아 부르는 말) 등 혐오 표현을 무분별하게 습득하고 일상화시키는 아이들. 더... ",http://www.mediaus.co.kr/news/articleView.html?idxno=151985,,
느금마,single_term_fallback,느금마,,돈 받고 가슴 보여준 아이... 초등 '성평등 교육' 시작된 이유,"Sat, 04 May 2019 19:39:00 +0900",,,,https://m.entertain.naver.com/article/047/0002226006,naver_news,느금마,canonical,1.0,2026-05-26T11:15:49.578772+00:00,0,0,0,0,,"아이들이 접하는 인터넷 상의 콘텐츠에서 '응 니 X미', '<b>느금마</b>'(엄마를 혐오적으로 부르는 표현)부터 '피싸개'(생리를 하는 여성을 낮잡아 부르는 말)까지 무분별하게 혐오 표현이 나온다. 별다른 교육 없이 이런 표현을... ","{""title"": ""돈 받고 가슴 보여준 아이... 초등 '성평등 교육' 시작된 이유"", ""originallink"": ""http://www.ohmynews.com/NWS_Web/View/at_pg.aspx?CNTN_CD=A0002533922&CMPT_CD=P0010&utm_source=naver&utm_medium=newsearch&utm_campaign=naver_news"", ""link"": ""https://m.entertain.naver.com/article/047/0002226006"", ""description"": ""아이들이 접하는 인터넷 상의 콘텐츠에서 '응 니 X미', '<b>느금마</b>'(엄마를 혐오적으로 부르는 표현)부터 '피싸개'(생리를 하는 여성을 낮잡아 부르는 말)까지 무분별하게 혐오 표현이 나온다. 별다른 교육 없이 이런 표현을... "", ""pubDate"": ""Sat, 04 May 2019 19:39:00 +0900""}","아이들이 접하는 인터넷 상의 콘텐츠에서 '응 니 X미', '<b>느금마</b>'(엄마를 혐오적으로 부르는 표현)부터 '피싸개'(생리를 하는 여성을 낮잡아 부르는 말)까지 무분별하게 혐오 표현이 나온다. 별다른 교육 없이 이런 표현을... ",http://www.ohmynews.com/NWS_Web/View/at_pg.aspx?CNTN_CD=A0002533922&CMPT_CD=P0010&utm_source=naver&utm_medium=newsearch&utm_campaign=naver_news,,
느금마,single_term_fallback,느금마,,"'거리의 만찬' 어린이날 특집, 아이들이 묻습니다…'6남매 아빠' 가수 박...","Fri, 03 May 2019 20:46:00 +0900",,,,https://n.news.naver.com/mnews/article/082/0000901226?sid=102,naver_news,느금마,canonical,1.0,2026-05-26T11:15:49.578772+00:00,0,0,0,0,,"또한 박미선은 요즘 아이들이 유행어처럼 ‘<b>느금마</b>’, ‘니애미’를 쓴다는 말을 듣고 놀라움을 감추지 못했다. 그러나 박미선은 “속도가 더디긴 하지만 조금 더 나은 시대가 올 것”이라며 앞으로의 세대에 대한... ","{""title"": ""'거리의 만찬' 어린이날 특집, 아이들이 묻습니다…'6남매 아빠' 가수 박..."", ""originallink"": ""http://www.busan.com/view/busan/view.php?code=2019050316232921824"", ""link"": ""https://n.news.naver.com/mnews/article/082/0000901226?sid=102"", ""description"": ""또한 박미선은 요즘 아이들이 유행어처럼 ‘<b>느금마</b>’, ‘니애미’를 쓴다는 말을 듣고 놀라움을 감추지 못했다. 그러나 박미선은 “속도가 더디긴 하지만 조금 더 나은 시대가 올 것”이라며 앞으로의 세대에 대한... "", ""pubDate"": ""Fri, 03 May 2019 20:46:00 +0900""}","또한 박미선은 요즘 아이들이 유행어처럼 ‘<b>느금마</b>’, ‘니애미’를 쓴다는 말을 듣고 놀라움을 감추지 못했다. 그러나 박미선은 “속도가 더디긴 하지만 조금 더 나은 시대가 올 것”이라며 앞으로의 세대에 대한... ",http://www.busan.com/view/busan/view.php?code=2019050316232921824,,
느금마,single_term_fallback,느금마,,"'거리의 만찬' 어린이날 특집, 아이들이 묻습니다","Fri, 03 May 2019 00:06:00 +0900",,,,http://www.jjan.kr/news/articleView.html?idxno=2043266&sc_section_code=S1N36&sc_sub_section_code=S2N71,naver_news,느금마,canonical,1.0,2026-05-26T11:15:49.578772+00:00,0,0,0,0,,"또한 박미선은 요즘 아이들이 유행어처럼 '<b>느금마</b>', '니애미'를 쓴다는 말을 듣고 놀라움을 감추지 못했다. 그러나 박미선은 &quot;속도가 더디긴 하지만 조금 더 나은 시대가 올 것&quot;이라며 앞으로의 세대에 대한 희망을... ","{""title"": ""'거리의 만찬' 어린이날 특집, 아이들이 묻습니다"", ""originallink"": ""http://www.jjan.kr/news/articleView.html?idxno=2043266&sc_section_code=S1N36&sc_sub_section_code=S2N71"", ""link"": ""http://www.jjan.kr/news/articleView.html?idxno=2043266&sc_section_code=S1N36&sc_sub_section_code=S2N71"", ""description"": ""또한 박미선은 요즘 아이들이 유행어처럼 '<b>느금마</b>', '니애미'를 쓴다는 말을 듣고 놀라움을 감추지 못했다. 그러나 박미선은 &quot;속도가 더디긴 하지만 조금 더 나은 시대가 올 것&quot;이라며 앞으로의 세대에 대한 희망을... "", ""pubDate"": ""Fri, 03 May 2019 00:06:00 +0900""}","또한 박미선은 요즘 아이들이 유행어처럼 '<b>느금마</b>', '니애미'를 쓴다는 말을 듣고 놀라움을 감추지 못했다. 그러나 박미선은 &quot;속도가 더디긴 하지만 조금 더 나은 시대가 올 것&quot;이라며 앞으로의 세대에 대한 희망을... ",http://www.jjan.kr/news/articleView.html?idxno=2043266&sc_section_code=S1N36&sc_sub_section_code=S2N71,,
느금마,single_term_fallback,느금마,,이 주의 신간 [새로 나온 책],"Sat, 27 Apr 2019 11:08:00 +0900",,,,https://n.news.naver.com/mnews/article/308/0000024916?sid=103,naver_news,느금마,canonical,1.0,2026-05-26T11:15:49.578772+00:00,0,0,0,0,,"그렇다고 에둘러가지 않는다. 해당 주제 안에서 가장 첨예한 페미니즘 이슈들의 정곡을 겨눈다. ‘<b>느금마</b>’와 ‘앙 기모띠’가 일상인 교실에서 학생들이 어떤 경험을 하고 있는지, 어떤 감정을 느끼고 있는지 안부를 묻는다.","{""title"": ""이 주의 신간 [새로 나온 책]"", ""originallink"": ""https://www.sisain.co.kr/news/articleView.html?idxno=34411"", ""link"": ""https://n.news.naver.com/mnews/article/308/0000024916?sid=103"", ""description"": ""그렇다고 에둘러가지 않는다. 해당 주제 안에서 가장 첨예한 페미니즘 이슈들의 정곡을 겨눈다. ‘<b>느금마</b>’와 ‘앙 기모띠’가 일상인 교실에서 학생들이 어떤 경험을 하고 있는지, 어떤 감정을 느끼고 있는지 안부를 묻는다."", ""pubDate"": ""Sat, 27 Apr 2019 11:08:00 +0900""}","그렇다고 에둘러가지 않는다. 해당 주제 안에서 가장 첨예한 페미니즘 이슈들의 정곡을 겨눈다. ‘<b>느금마</b>’와 ‘앙 기모띠’가 일상인 교실에서 학생들이 어떤 경험을 하고 있는지, 어떤 감정을 느끼고 있는지 안부를 묻는다.",https://www.sisain.co.kr/news/articleView.html?idxno=34411,,
느금마,single_term_fallback,느금마,,“정자·난자 만난 얘기 말고 ‘진짜 성교육’ 필요해요”,"Tue, 12 Mar 2019 07:21:00 +0900",,,,https://n.news.naver.com/mnews/article/028/0002446121?sid=102,naver_news,느금마,canonical,1.0,2026-05-26T11:15:49.578772+00:00,0,0,0,0,,"아이들이 습관적으로 사용하는 ‘니애미 창×’ ‘<b>느금마</b>’ 등 유행어의 대부분이 여성 혐오 표현이고, 전국 온갖 지역의 학교에서는 1년 내내 스쿨 미투가 터져 나오고 있다. 성폭력 가해자는 교사뿐 아니라 같은... ","{""title"": ""“정자·난자 만난 얘기 말고 ‘진짜 성교육’ 필요해요”"", ""originallink"": ""https://www.hani.co.kr/arti/society/schooling/885531.html"", ""link"": ""https://n.news.naver.com/mnews/article/028/0002446121?sid=102"", ""description"": ""아이들이 습관적으로 사용하는 ‘니애미 창×’ ‘<b>느금마</b>’ 등 유행어의 대부분이 여성 혐오 표현이고, 전국 온갖 지역의 학교에서는 1년 내내 스쿨 미투가 터져 나오고 있다. 성폭력 가해자는 교사뿐 아니라 같은... "", ""pubDate"": ""Tue, 12 Mar 2019 07:21:00 +0900""}","아이들이 습관적으로 사용하는 ‘니애미 창×’ ‘<b>느금마</b>’ 등 유행어의 대부분이 여성 혐오 표현이고, 전국 온갖 지역의 학교에서는 1년 내내 스쿨 미투가 터져 나오고 있다. 성폭력 가해자는 교사뿐 아니라 같은... ",https://www.hani.co.kr/arti/society/schooling/885531.html,,
느금마,single_term_fallback,느금마,,"‘말이 칼이 되는 순간들’, 이젠 그냥 넘어가지 마세요","Tue, 22 Jan 2019 06:05:00 +0900",,,,https://n.news.naver.com/mnews/article/028/0002440548?sid=102,naver_news,느금마,canonical,1.0,2026-05-26T11:15:49.578772+00:00,0,0,0,0,,"선생님한테 말해도 ‘장난이겠지’라며 아무런 조치가 없었어요.” “엠X, ‘<b>느금마</b>’, ‘니애미 창X’…. 애들이 싸우다가 너무 화가 나면 저런 말을 아무렇지도 않게 해요. 제일 심한 욕이 다 ‘엄마’랑 관련된 거고... ","{""title"": ""‘말이 칼이 되는 순간들’, 이젠 그냥 넘어가지 마세요"", ""originallink"": ""https://www.hani.co.kr/arti/society/schooling/879336.html"", ""link"": ""https://n.news.naver.com/mnews/article/028/0002440548?sid=102"", ""description"": ""선생님한테 말해도 ‘장난이겠지’라며 아무런 조치가 없었어요.” “엠X, ‘<b>느금마</b>’, ‘니애미 창X’…. 애들이 싸우다가 너무 화가 나면 저런 말을 아무렇지도 않게 해요. 제일 심한 욕이 다 ‘엄마’랑 관련된 거고... "", ""pubDate"": ""Tue, 22 Jan 2019 06:05:00 +0900""}","선생님한테 말해도 ‘장난이겠지’라며 아무런 조치가 없었어요.” “엠X, ‘<b>느금마</b>’, ‘니애미 창X’…. 애들이 싸우다가 너무 화가 나면 저런 말을 아무렇지도 않게 해요. 제일 심한 욕이 다 ‘엄마’랑 관련된 거고... ",https://www.hani.co.kr/arti/society/schooling/879336.html,,
느금마,single_term_fallback,느금마,,[바튼소리]'소추××' 미러링을 보며,"Wed, 05 Dec 2018 04:18:00 +0900",,,,http://www.idomin.com/?mod=news&act=articleView&idxno=583241,naver_news,느금마,canonical,1.0,2026-05-26T11:15:49.578772+00:00,0,0,0,0,,"'<b>느금마</b>' vs '느개비'에 '유×무죄 무×유죄'의 '남혐'은 급기야 '소추민국 한남충 ××들 다 재기했으면'으로까지 발전했습니다. '여혐' 표현을, 남성을 향해 '거울처럼 똑같이 갚아준다(미러링)'며 어깨를 결은 여성 연대의... ","{""title"": ""[바튼소리]'소추××' 미러링을 보며"", ""originallink"": ""http://www.idomin.com/?mod=news&act=articleView&idxno=583241"", ""link"": ""http://www.idomin.com/?mod=news&act=articleView&idxno=583241"", ""description"": ""'<b>느금마</b>' vs '느개비'에 '유×무죄 무×유죄'의 '남혐'은 급기야 '소추민국 한남충 ××들 다 재기했으면'으로까지 발전했습니다. '여혐' 표현을, 남성을 향해 '거울처럼 똑같이 갚아준다(미러링)'며 어깨를 결은 여성 연대의... "", ""pubDate"": ""Wed, 05 Dec 2018 04:18:00 +0900""}","'<b>느금마</b>' vs '느개비'에 '유×무죄 무×유죄'의 '남혐'은 급기야 '소추민국 한남충 ××들 다 재기했으면'으로까지 발전했습니다. '여혐' 표현을, 남성을 향해 '거울처럼 똑같이 갚아준다(미러링)'며 어깨를 결은 여성 연대의... ",http://www.idomin.com/?mod=news&act=articleView&idxno=583241,,
느금마,single_term_fallback,느금마,,2018지역신문발전위원회 공동기획취재'성평등과 지역 언론의 역할'생활...,"Mon, 12 Nov 2018 00:51:00 +0900",,,,http://www.honam.co.kr/read.php3?aid=1541948400569377238,naver_news,느금마,canonical,1.0,2026-05-26T11:15:49.578772+00:00,0,0,0,0,,실제 초등학생들은 교실 안에서 '페미' '맘충' '꽃뱀' '한남충' '<b>느금마</b>(너희 어머니)' '느개비(너희 아버지)'라는 단어를 정확한 뜻조차 모르고 사용하기도 한다. #그림1왼쪽# ◆'폭로' 저널리즘 '2차 피해' 양산 성차별적... ,"{""title"": ""2018지역신문발전위원회 공동기획취재'성평등과 지역 언론의 역할'생활..."", ""originallink"": ""http://www.honam.co.kr/read.php3?aid=1541948400569377238"", ""link"": ""http://www.honam.co.kr/read.php3?aid=1541948400569377238"", ""description"": ""실제 초등학생들은 교실 안에서 '페미' '맘충' '꽃뱀' '한남충' '<b>느금마</b>(너희 어머니)' '느개비(너희 아버지)'라는 단어를 정확한 뜻조차 모르고 사용하기도 한다. #그림1왼쪽# ◆'폭로' 저널리즘 '2차 피해' 양산 성차별적... "", ""pubDate"": ""Mon, 12 Nov 2018 00:51:00 +0900""}",실제 초등학생들은 교실 안에서 '페미' '맘충' '꽃뱀' '한남충' '<b>느금마</b>(너희 어머니)' '느개비(너희 아버지)'라는 단어를 정확한 뜻조차 모르고 사용하기도 한다. #그림1왼쪽# ◆'폭로' 저널리즘 '2차 피해' 양산 성차별적... ,http://www.honam.co.kr/read.php3?aid=1541948400569377238,,
느금마,single_term_fallback,느금마,,572돌 한글날…신조어·줄임말 남발 '심각',"Mon, 08 Oct 2018 20:11:00 +0900",,,,http://www.namdonews.com/news/articleView.html?idxno=492759,naver_news,느금마,canonical,1.0,2026-05-26T11:15:49.578772+00:00,0,0,0,0,,"느개미ㆍ<b>느금마</b> (부모 비하 표현), 한남충(한국 남성 비하 표현), 삼일한(여자는 하루 세 번 맞아야한다는 비속어) 등 혐오를 조장하는 표현도 1인 방송을 통해 무분별하게 번지고 있다. 이런 신조어들은 무슨 뜻인지... ","{""title"": ""572돌 한글날…신조어·줄임말 남발 '심각'"", ""originallink"": ""http://www.namdonews.com/news/articleView.html?idxno=492759"", ""link"": ""http://www.namdonews.com/news/articleView.html?idxno=492759"", ""description"": ""느개미ㆍ<b>느금마</b> (부모 비하 표현), 한남충(한국 남성 비하 표현), 삼일한(여자는 하루 세 번 맞아야한다는 비속어) 등 혐오를 조장하는 표현도 1인 방송을 통해 무분별하게 번지고 있다. 이런 신조어들은 무슨 뜻인지... "", ""pubDate"": ""Mon, 08 Oct 2018 20:11:00 +0900""}","느개미ㆍ<b>느금마</b> (부모 비하 표현), 한남충(한국 남성 비하 표현), 삼일한(여자는 하루 세 번 맞아야한다는 비속어) 등 혐오를 조장하는 표현도 1인 방송을 통해 무분별하게 번지고 있다. 이런 신조어들은 무슨 뜻인지... ",http://www.namdonews.com/news/articleView.html?idxno=492759,,
느금마,single_term_fallback,느금마,,[표지 이야기]그들은 왜 ‘빨간 약을 먹은 여전사’가 됐나,"Wed, 25 Jul 2018 09:47:00 +0900",,,,https://n.news.naver.com/mnews/article/033/0000037643?sid=102,naver_news,느금마,canonical,1.0,2026-05-26T11:15:49.578772+00:00,0,0,0,0,,"(현재는 폐쇄된) 메갈리아나 워마드 등은 일베에서 만들어낸 각종 언어에 대항해 ‘씹치(씹+김치남·김치녀의 미러링)’, ‘한남충’, ‘한남유충’, ‘느개비(느그 애비·<b>느금마</b>의 미러링)’, 앱충(애비+충·맘충의 미러링)... ","{""title"": ""[표지 이야기]그들은 왜 ‘빨간 약을 먹은 여전사’가 됐나"", ""originallink"": ""http://weekly.khan.co.kr/khnm.html?mode=view&code=115&artid=201807231437041&pt=nv"", ""link"": ""https://n.news.naver.com/mnews/article/033/0000037643?sid=102"", ""description"": ""(현재는 폐쇄된) 메갈리아나 워마드 등은 일베에서 만들어낸 각종 언어에 대항해 ‘씹치(씹+김치남·김치녀의 미러링)’, ‘한남충’, ‘한남유충’, ‘느개비(느그 애비·<b>느금마</b>의 미러링)’, 앱충(애비+충·맘충의 미러링)... "", ""pubDate"": ""Wed, 25 Jul 2018 09:47:00 +0900""}","(현재는 폐쇄된) 메갈리아나 워마드 등은 일베에서 만들어낸 각종 언어에 대항해 ‘씹치(씹+김치남·김치녀의 미러링)’, ‘한남충’, ‘한남유충’, ‘느개비(느그 애비·<b>느금마</b>의 미러링)’, 앱충(애비+충·맘충의 미러링)... ",http://weekly.khan.co.kr/khnm.html?mode=view&code=115&artid=201807231437041&pt=nv,,
느금마,single_term_fallback,느금마,,"워마드, 빨간약을 먹은 전사들","Sat, 21 Jul 2018 13:12:00 +0900",,,,https://n.news.naver.com/mnews/article/032/0002883108?sid=102,naver_news,느금마,canonical,1.0,2026-05-26T11:15:49.578772+00:00,0,0,0,0,,"(현재는 폐쇄된) 메갈리아나 워마드 등은 일베에서 만들어낸 각종 언어에 대항해 ‘씹치(씹+김치남·김치녀의 미러링)’, ‘한남충’, ‘한남유충’, ‘느개비(느그 애비·<b>느금마</b>의 미러링)’, 앱충(애비+충·맘충의 미러링)... ","{""title"": ""워마드, 빨간약을 먹은 전사들"", ""originallink"": ""https://www.khan.co.kr/article/201807211310001"", ""link"": ""https://n.news.naver.com/mnews/article/032/0002883108?sid=102"", ""description"": ""(현재는 폐쇄된) 메갈리아나 워마드 등은 일베에서 만들어낸 각종 언어에 대항해 ‘씹치(씹+김치남·김치녀의 미러링)’, ‘한남충’, ‘한남유충’, ‘느개비(느그 애비·<b>느금마</b>의 미러링)’, 앱충(애비+충·맘충의 미러링)... "", ""pubDate"": ""Sat, 21 Jul 2018 13:12:00 +0900""}","(현재는 폐쇄된) 메갈리아나 워마드 등은 일베에서 만들어낸 각종 언어에 대항해 ‘씹치(씹+김치남·김치녀의 미러링)’, ‘한남충’, ‘한남유충’, ‘느개비(느그 애비·<b>느금마</b>의 미러링)’, 앱충(애비+충·맘충의 미러링)... ",https://www.khan.co.kr/article/201807211310001,,
느금마,single_term_fallback,느금마,,"교실 속 오가는 성차별·혐오 표현… “아이들, 유행어처럼 사용해”","Fri, 29 Jun 2018 06:01:00 +0900",,,,https://n.news.naver.com/mnews/article/005/0001110084?sid=102,naver_news,느금마,canonical,1.0,2026-05-26T11:15:49.578772+00:00,0,0,0,0,,초등학생들은 공공연하게 교실 안에서 ‘OO녀’ ‘맘충’ ‘꽃뱀’ ‘한남충’ ‘<b>느금마</b>(너희 어머니)’ ‘느개비(너희 아버지)’라는 단어를 사용하기도 한다. 하지만 이러한 용어들의 정확한 뜻조차 모르고 사용하는... ,"{""title"": ""교실 속 오가는 성차별·혐오 표현… “아이들, 유행어처럼 사용해”"", ""originallink"": ""http://news.kmib.co.kr/article/view.asp?arcid=0012480445&code=61121111&cp=nv"", ""link"": ""https://n.news.naver.com/mnews/article/005/0001110084?sid=102"", ""description"": ""초등학생들은 공공연하게 교실 안에서 ‘OO녀’ ‘맘충’ ‘꽃뱀’ ‘한남충’ ‘<b>느금마</b>(너희 어머니)’ ‘느개비(너희 아버지)’라는 단어를 사용하기도 한다. 하지만 이러한 용어들의 정확한 뜻조차 모르고 사용하는... "", ""pubDate"": ""Fri, 29 Jun 2018 06:01:00 +0900""}",초등학생들은 공공연하게 교실 안에서 ‘OO녀’ ‘맘충’ ‘꽃뱀’ ‘한남충’ ‘<b>느금마</b>(너희 어머니)’ ‘느개비(너희 아버지)’라는 단어를 사용하기도 한다. 하지만 이러한 용어들의 정확한 뜻조차 모르고 사용하는... ,http://news.kmib.co.kr/article/view.asp?arcid=0012480445&code=61121111&cp=nv,,
느금마,single_term_fallback,느금마,,여성이기에 겪었던 힘겨웠던 일상[책과 삶],"Fri, 01 Jun 2018 20:54:00 +0900",,,,https://n.news.naver.com/mnews/article/032/0002873301?sid=103,naver_news,느금마,canonical,1.0,2026-05-26T11:15:49.578772+00:00,0,0,0,0,,"초등학교 6학년 교실에는 “<b>느금마</b>, 니애미, 하며 엄마를 욕하고 여학생의 외모를 평가하고 야한 동영상을 흉내내고 습관처럼 ‘앙기모띠’를 말하”는 남자친구들이 있다.(&lt;열세 살의 출사표&gt; 중) 비혼 여성에게 가족들은... ","{""title"": ""여성이기에 겪었던 힘겨웠던 일상[책과 삶]"", ""originallink"": ""https://www.khan.co.kr/article/201806012047015"", ""link"": ""https://n.news.naver.com/mnews/article/032/0002873301?sid=103"", ""description"": ""초등학교 6학년 교실에는 “<b>느금마</b>, 니애미, 하며 엄마를 욕하고 여학생의 외모를 평가하고 야한 동영상을 흉내내고 습관처럼 ‘앙기모띠’를 말하”는 남자친구들이 있다.(&lt;열세 살의 출사표&gt; 중) 비혼 여성에게 가족들은... "", ""pubDate"": ""Fri, 01 Jun 2018 20:54:00 +0900""}","초등학교 6학년 교실에는 “<b>느금마</b>, 니애미, 하며 엄마를 욕하고 여학생의 외모를 평가하고 야한 동영상을 흉내내고 습관처럼 ‘앙기모띠’를 말하”는 남자친구들이 있다.(&lt;열세 살의 출사표&gt; 중) 비혼 여성에게 가족들은... ",https://www.khan.co.kr/article/201806012047015,,
느금마,single_term_fallback,느금마,,&lt;충격세태&gt; '야메떼∼' AV용어 유행하는 교실 천태만상,"Wed, 09 May 2018 10:42:00 +0900",,,,http://www.ilyosisa.co.kr/news/articleView.html?idxno=144828,naver_news,느금마,canonical,1.0,2026-05-26T11:15:49.578772+00:00,0,0,0,0,,같은 반 남학생이 &quot;<b>느금마</b>(상대방의 엄마를 비하하는 말)도 맘충(엄마를 뜻하는 맘(mom)에 벌레충(蟲)을 합친 말) 아냐?&quot;라고 놀렸다는 것.  C씨는 &quot;딸아이가 무슨 뜻인지 잘 몰라서 차라리 다행이었다&quot;며 &quot;큰 상처를 받을... ,"{""title"": ""&lt;충격세태&gt; '야메떼∼' AV용어 유행하는 교실 천태만상"", ""originallink"": ""http://www.ilyosisa.co.kr/news/articleView.html?idxno=144828"", ""link"": ""http://www.ilyosisa.co.kr/news/articleView.html?idxno=144828"", ""description"": ""같은 반 남학생이 &quot;<b>느금마</b>(상대방의 엄마를 비하하는 말)도 맘충(엄마를 뜻하는 맘(mom)에 벌레충(蟲)을 합친 말) 아냐?&quot;라고 놀렸다는 것.  C씨는 &quot;딸아이가 무슨 뜻인지 잘 몰라서 차라리 다행이었다&quot;며 &quot;큰 상처를 받을... "", ""pubDate"": ""Wed, 09 May 2018 10:42:00 +0900""}",같은 반 남학생이 &quot;<b>느금마</b>(상대방의 엄마를 비하하는 말)도 맘충(엄마를 뜻하는 맘(mom)에 벌레충(蟲)을 합친 말) 아냐?&quot;라고 놀렸다는 것.  C씨는 &quot;딸아이가 무슨 뜻인지 잘 몰라서 차라리 다행이었다&quot;며 &quot;큰 상처를 받을... ,http://www.ilyosisa.co.kr/news/articleView.html?idxno=144828,,
느금마,single_term_fallback,느금마,,여성혐오 단어 ‘차단 안 한’ 커피브랜드 애플리케이션,"Sun, 15 Apr 2018 00:43:00 +0900",,,,https://n.news.naver.com/mnews/article/310/0000065380?sid=102,naver_news,느금마,canonical,1.0,2026-05-26T11:15:49.578772+00:00,0,0,0,0,,"가령 ‘한남’ ‘허수애비’ ‘애비충’ ‘개저씨’ 등은 닉네임으로 설정할 수 없었지만, ‘된장녀’ ‘맘충’ ‘상폐녀’ ‘<b>느금마</b>’ ‘보이루’ 등은 닉네임으로 쓸 수 있었다. 여성혐오적인 단어에 비교적 더 느슨한... ","{""title"": ""여성혐오 단어 ‘차단 안 한’ 커피브랜드 애플리케이션"", ""originallink"": ""http://www.womennews.co.kr/news/141187"", ""link"": ""https://n.news.naver.com/mnews/article/310/0000065380?sid=102"", ""description"": ""가령 ‘한남’ ‘허수애비’ ‘애비충’ ‘개저씨’ 등은 닉네임으로 설정할 수 없었지만, ‘된장녀’ ‘맘충’ ‘상폐녀’ ‘<b>느금마</b>’ ‘보이루’ 등은 닉네임으로 쓸 수 있었다. 여성혐오적인 단어에 비교적 더 느슨한... "", ""pubDate"": ""Sun, 15 Apr 2018 00:43:00 +0900""}","가령 ‘한남’ ‘허수애비’ ‘애비충’ ‘개저씨’ 등은 닉네임으로 설정할 수 없었지만, ‘된장녀’ ‘맘충’ ‘상폐녀’ ‘<b>느금마</b>’ ‘보이루’ 등은 닉네임으로 쓸 수 있었다. 여성혐오적인 단어에 비교적 더 느슨한... ",http://www.womennews.co.kr/news/141187,,
느금마,single_term_fallback,느금마,,[혐오를 혐오하자] “니애미·<b>느금마</b>·엠창”…혐오표현을 멈추게 할 방...,"Wed, 04 Apr 2018 09:36:00 +0900",,,,https://n.news.naver.com/mnews/article/081/0002905083?sid=102,naver_news,느금마,canonical,1.0,2026-05-26T11:15:49.578772+00:00,0,0,0,0,,학생들은 ‘니애미·<b>느금마</b>·엠창’처럼 부모를 모욕하는 단어도 거리낌 없이 쓴다. 김씨는 “아이들은 아무리 친한 사이라도 그 안에서 권력이 나누어진다”면서 “또래집단 안에서 더 강해 보이고 싶은 마음에... ,"{""title"": ""[혐오를 혐오하자] “니애미·<b>느금마</b>·엠창”…혐오표현을 멈추게 할 방..."", ""originallink"": ""http://www.seoul.co.kr/news/newsView.php?id=20180404500016&wlog_tag3=naver"", ""link"": ""https://n.news.naver.com/mnews/article/081/0002905083?sid=102"", ""description"": ""학생들은 ‘니애미·<b>느금마</b>·엠창’처럼 부모를 모욕하는 단어도 거리낌 없이 쓴다. 김씨는 “아이들은 아무리 친한 사이라도 그 안에서 권력이 나누어진다”면서 “또래집단 안에서 더 강해 보이고 싶은 마음에... "", ""pubDate"": ""Wed, 04 Apr 2018 09:36:00 +0900""}",학생들은 ‘니애미·<b>느금마</b>·엠창’처럼 부모를 모욕하는 단어도 거리낌 없이 쓴다. 김씨는 “아이들은 아무리 친한 사이라도 그 안에서 권력이 나누어진다”면서 “또래집단 안에서 더 강해 보이고 싶은 마음에... ,http://www.seoul.co.kr/news/newsView.php?id=20180404500016&wlog_tag3=naver,,
느금마,single_term_fallback,느금마,,&quot;야하니까 흰 속옷 입어&quot; 혐오를 가르치는 학교,"Wed, 07 Mar 2018 13:49:00 +0900",,,,https://n.news.naver.com/mnews/article/047/0002181197?sid=102,naver_news,느금마,canonical,1.0,2026-05-26T11:15:49.578772+00:00,0,0,0,0,,'앙 기모띠'에서 '<b>느금마</b>'로 교실은 혐오의 전시장이 되었다. 여학생들의 괴로움은 상상 이상이다. 매일 듣는 혐오발화는 여학생들의 자긍심에 심각한 상처를 준다. 혐오는 폭력을 정당화한다. 사회 구성원 중 누가 혐오의... ,"{""title"": ""&quot;야하니까 흰 속옷 입어&quot; 혐오를 가르치는 학교"", ""originallink"": ""http://www.ohmynews.com/NWS_Web/View/at_pg.aspx?CNTN_CD=A0002410757&CMPT_CD=P0010&utm_source=naver&utm_medium=newsearch&utm_campaign=naver_news"", ""link"": ""https://n.news.naver.com/mnews/article/047/0002181197?sid=102"", ""description"": ""'앙 기모띠'에서 '<b>느금마</b>'로 교실은 혐오의 전시장이 되었다. 여학생들의 괴로움은 상상 이상이다. 매일 듣는 혐오발화는 여학생들의 자긍심에 심각한 상처를 준다. 혐오는 폭력을 정당화한다. 사회 구성원 중 누가 혐오의... "", ""pubDate"": ""Wed, 07 Mar 2018 13:49:00 +0900""}",'앙 기모띠'에서 '<b>느금마</b>'로 교실은 혐오의 전시장이 되었다. 여학생들의 괴로움은 상상 이상이다. 매일 듣는 혐오발화는 여학생들의 자긍심에 심각한 상처를 준다. 혐오는 폭력을 정당화한다. 사회 구성원 중 누가 혐오의... ,http://www.ohmynews.com/NWS_Web/View/at_pg.aspx?CNTN_CD=A0002410757&CMPT_CD=P0010&utm_source=naver&utm_medium=newsearch&utm_campaign=naver_news,,
느금마,single_term_fallback,느금마,,'응답하라 청와대'···20만명 이상이 동의한 국민청원들,"Sat, 17 Feb 2018 09:01:00 +0900",,,,https://n.news.naver.com/mnews/article/032/0002851656?sid=102,naver_news,느금마,canonical,1.0,2026-05-26T11:15:49.578772+00:00,0,0,0,0,,실제로 초·중·고 학생들은 ‘니애미·<b>느금마</b>’ 등 상대방의 엄마를 비하하는 표현을 욕으로 사용하고 있었고 일부 학생들은 ‘니애미’를 일상 대화에서 사용하는 단순 추임새 정도로 인식하기도 했다. ▶[관련기사]... ,"{""title"": ""'응답하라 청와대'···20만명 이상이 동의한 국민청원들"", ""originallink"": ""https://www.khan.co.kr/article/201802170901001"", ""link"": ""https://n.news.naver.com/mnews/article/032/0002851656?sid=102"", ""description"": ""실제로 초·중·고 학생들은 ‘니애미·<b>느금마</b>’ 등 상대방의 엄마를 비하하는 표현을 욕으로 사용하고 있었고 일부 학생들은 ‘니애미’를 일상 대화에서 사용하는 단순 추임새 정도로 인식하기도 했다. ▶[관련기사]... "", ""pubDate"": ""Sat, 17 Feb 2018 09:01:00 +0900""}",실제로 초·중·고 학생들은 ‘니애미·<b>느금마</b>’ 등 상대방의 엄마를 비하하는 표현을 욕으로 사용하고 있었고 일부 학생들은 ‘니애미’를 일상 대화에서 사용하는 단순 추임새 정도로 인식하기도 했다. ▶[관련기사]... ,https://www.khan.co.kr/article/201802170901001,,
느금마,single_term_fallback,느금마,,"“앙 기모띠” “느개미” 혐오 막기 위한 페미니즘 교육 의무화, 어떻...","Fri, 16 Feb 2018 10:06:00 +0900",,,,https://n.news.naver.com/mnews/article/469/0000278611?sid=102,naver_news,느금마,canonical,1.0,2026-05-26T11:15:49.578772+00:00,0,0,0,0,,"“초등학교 저학년 사이에서도 앙 기모띠(気持ちいい: 기분 좋다는 뜻으로 일본 성인동영상에서 자주 나오는 표현), 느개미ㆍ<b>느금마</b>(상대방의 엄마를 비하하는 말), 김치녀(한국 여성을 비하하는 표현) 등 단어 사용은... ","{""title"": ""“앙 기모띠” “느개미” 혐오 막기 위한 페미니즘 교육 의무화, 어떻..."", ""originallink"": ""http://www.hankookilbo.com/v/a6446c2f78f6471e8bdff7b9a4f97a7e"", ""link"": ""https://n.news.naver.com/mnews/article/469/0000278611?sid=102"", ""description"": ""“초등학교 저학년 사이에서도 앙 기모띠(気持ちいい: 기분 좋다는 뜻으로 일본 성인동영상에서 자주 나오는 표현), 느개미ㆍ<b>느금마</b>(상대방의 엄마를 비하하는 말), 김치녀(한국 여성을 비하하는 표현) 등 단어 사용은... "", ""pubDate"": ""Fri, 16 Feb 2018 10:06:00 +0900""}","“초등학교 저학년 사이에서도 앙 기모띠(気持ちいい: 기분 좋다는 뜻으로 일본 성인동영상에서 자주 나오는 표현), 느개미ㆍ<b>느금마</b>(상대방의 엄마를 비하하는 말), 김치녀(한국 여성을 비하하는 표현) 등 단어 사용은... ",http://www.hankookilbo.com/v/a6446c2f78f6471e8bdff7b9a4f97a7e,,
느금마,single_term_fallback,느금마,,&quot;초중고생 여성혐오 심각&quot;..靑 답변만 남은 '페미니즘 교육 의무화',"Thu, 08 Feb 2018 15:04:00 +0900",,,,http://www.newspim.com/news/view/20180208000147,naver_news,느금마,canonical,1.0,2026-05-26T11:15:49.578772+00:00,0,0,0,0,,'<b>느금마</b>' '김치녀' 등 표현을 종종 쓰는데 주의밖에 줄 수 없어 성평등에 대해 가르칠 방법이 없다&quot;고 말했다. 여성 성기와 관련한 단어나 '맘충' 등 여성비하 표현도 남학생들 사이에서 자주 사용된다. 일부 교사는... ,"{""title"": ""&quot;초중고생 여성혐오 심각&quot;..靑 답변만 남은 '페미니즘 교육 의무화'"", ""originallink"": ""http://www.newspim.com/news/view/20180208000147"", ""link"": ""http://www.newspim.com/news/view/20180208000147"", ""description"": ""'<b>느금마</b>' '김치녀' 등 표현을 종종 쓰는데 주의밖에 줄 수 없어 성평등에 대해 가르칠 방법이 없다&quot;고 말했다. 여성 성기와 관련한 단어나 '맘충' 등 여성비하 표현도 남학생들 사이에서 자주 사용된다. 일부 교사는... "", ""pubDate"": ""Thu, 08 Feb 2018 15:04:00 +0900""}",'<b>느금마</b>' '김치녀' 등 표현을 종종 쓰는데 주의밖에 줄 수 없어 성평등에 대해 가르칠 방법이 없다&quot;고 말했다. 여성 성기와 관련한 단어나 '맘충' 등 여성비하 표현도 남학생들 사이에서 자주 사용된다. 일부 교사는... ,http://www.newspim.com/news/view/20180208000147,,
느금마,single_term_fallback,느금마,,초등학생이 &quot;앙 기모띠&quot;… 교실에 퍼진 '여성혐오',"Thu, 18 Jan 2018 04:34:00 +0900",,,,https://n.news.naver.com/mnews/article/008/0003994443?sid=102,naver_news,느금마,canonical,1.0,2026-05-26T11:15:49.578772+00:00,0,0,0,0,,"[[교실서 자라난 여혐-①]'<b>느금마</b>', '맘충' 등 인터넷 통해 무분별하게 습득, 유행어처럼 번져] &quot;앙 기모띠.... 같은 반 남학생이 &quot;<b>느금마</b>(상대방의 엄마를 비하하는 말)도 맘충(엄마를 뜻하는 맘(mom)에 벌레충(蟲)을 합친 말)... ","{""title"": ""초등학생이 &quot;앙 기모띠&quot;… 교실에 퍼진 '여성혐오'"", ""originallink"": ""http://news.mt.co.kr/mtview.php?no=2018011714080781525"", ""link"": ""https://n.news.naver.com/mnews/article/008/0003994443?sid=102"", ""description"": ""[[교실서 자라난 여혐-①]'<b>느금마</b>', '맘충' 등 인터넷 통해 무분별하게 습득, 유행어처럼 번져] &quot;앙 기모띠.... 같은 반 남학생이 &quot;<b>느금마</b>(상대방의 엄마를 비하하는 말)도 맘충(엄마를 뜻하는 맘(mom)에 벌레충(蟲)을 합친 말)... "", ""pubDate"": ""Thu, 18 Jan 2018 04:34:00 +0900""}","[[교실서 자라난 여혐-①]'<b>느금마</b>', '맘충' 등 인터넷 통해 무분별하게 습득, 유행어처럼 번져] &quot;앙 기모띠.... 같은 반 남학생이 &quot;<b>느금마</b>(상대방의 엄마를 비하하는 말)도 맘충(엄마를 뜻하는 맘(mom)에 벌레충(蟲)을 합친 말)... ",http://news.mt.co.kr/mtview.php?no=2018011714080781525,,
느금마,single_term_fallback,느금마,,"다듀 개코, 아들 메시지 탓 욱한 사연 “자동 완성 기능”","Fri, 15 Dec 2017 16:32:00 +0900",,,,http://www.newsen.com/news_view.php?uid=201712151622544110,naver_news,느금마,canonical,1.0,2026-05-26T11:15:49.578772+00:00,0,0,0,0,,"했다, <b>느금마</b>가 아니고 늦지마였구나. 자동완성기능&quot;이라는 글과 사진을 게재했다. 공개된 사진은 개코와 아들이 주고받은 메시지 내용. 아들은 '늦지마'를 자동완성기능 탓 '<b>느금마</b>'라고 보내 폭소를 자아낸다. 개코와... ","{""title"": ""다듀 개코, 아들 메시지 탓 욱한 사연 “자동 완성 기능”"", ""originallink"": ""http://www.newsen.com/news_view.php?uid=201712151622544110"", ""link"": ""http://www.newsen.com/news_view.php?uid=201712151622544110"", ""description"": ""했다, <b>느금마</b>가 아니고 늦지마였구나. 자동완성기능&quot;이라는 글과 사진을 게재했다. 공개된 사진은 개코와 아들이 주고받은 메시지 내용. 아들은 '늦지마'를 자동완성기능 탓 '<b>느금마</b>'라고 보내 폭소를 자아낸다. 개코와... "", ""pubDate"": ""Fri, 15 Dec 2017 16:32:00 +0900""}","했다, <b>느금마</b>가 아니고 늦지마였구나. 자동완성기능&quot;이라는 글과 사진을 게재했다. 공개된 사진은 개코와 아들이 주고받은 메시지 내용. 아들은 '늦지마'를 자동완성기능 탓 '<b>느금마</b>'라고 보내 폭소를 자아낸다. 개코와... ",http://www.newsen.com/news_view.php?uid=201712151622544110,,
느금마,single_term_fallback,느금마,,"차별과 혐오로 물든 교실, 소년들을 망친다","Fri, 15 Dec 2017 07:08:00 +0900",,,,https://n.news.naver.com/mnews/article/310/0000063018?sid=102,naver_news,느금마,canonical,1.0,2026-05-26T11:15:49.578772+00:00,0,0,0,0,,"61.1%, 혐오 표현 사용 여학생의 세 배 이상 성적 권리 인식 낮고 성폭력 당해도 말 못해   “<b>느금마</b>, 엠창, 니애미... 너도 친구들끼리 이런 말 하니?” “안 하는 애들은 없겠지. 근데 그냥 하는 말이야.” “그냥?” “별... ","{""title"": ""차별과 혐오로 물든 교실, 소년들을 망친다"", ""originallink"": ""http://www.womennews.co.kr/news/128530"", ""link"": ""https://n.news.naver.com/mnews/article/310/0000063018?sid=102"", ""description"": ""61.1%, 혐오 표현 사용 여학생의 세 배 이상 성적 권리 인식 낮고 성폭력 당해도 말 못해   “<b>느금마</b>, 엠창, 니애미... 너도 친구들끼리 이런 말 하니?” “안 하는 애들은 없겠지. 근데 그냥 하는 말이야.” “그냥?” “별... "", ""pubDate"": ""Fri, 15 Dec 2017 07:08:00 +0900""}","61.1%, 혐오 표현 사용 여학생의 세 배 이상 성적 권리 인식 낮고 성폭력 당해도 말 못해   “<b>느금마</b>, 엠창, 니애미... 너도 친구들끼리 이런 말 하니?” “안 하는 애들은 없겠지. 근데 그냥 하는 말이야.” “그냥?” “별... ",http://www.womennews.co.kr/news/128530,,
느금마,single_term_fallback,느금마,,&quot;응 <b>느금마</b>&quot;…개코가 아들한테 받고 욱할 뻔했다는 카톡 내용,"Thu, 14 Dec 2017 15:33:00 +0900",,,,http://www.insight.co.kr/news/130563,naver_news,느금마,canonical,1.0,2026-05-26T11:15:49.578772+00:00,0,0,0,0,,"#<b>느금마</b> 가 아니고 #늦지마 였구나. #자동완성기능&quot;이라는 글과 함께 사진을 공개했다. 김리듬군은 &quot;아빠 뭐 해&quot;, &quot;빨리 와&quot;,&quot;응 <b>느금마</b>&quot;라고 연달아 메시지를 보낸 모습이다. 휴대폰에 있는 자동완성 기능 때문에 &quot;늦지마... ","{""title"": ""&quot;응 <b>느금마</b>&quot;…개코가 아들한테 받고 욱할 뻔했다는 카톡 내용"", ""originallink"": ""http://www.insight.co.kr/news/130563"", ""link"": ""http://www.insight.co.kr/news/130563"", ""description"": ""#<b>느금마</b> 가 아니고 #늦지마 였구나. #자동완성기능&quot;이라는 글과 함께 사진을 공개했다. 김리듬군은 &quot;아빠 뭐 해&quot;, &quot;빨리 와&quot;,&quot;응 <b>느금마</b>&quot;라고 연달아 메시지를 보낸 모습이다. 휴대폰에 있는 자동완성 기능 때문에 &quot;늦지마... "", ""pubDate"": ""Thu, 14 Dec 2017 15:33:00 +0900""}","#<b>느금마</b> 가 아니고 #늦지마 였구나. #자동완성기능&quot;이라는 글과 함께 사진을 공개했다. 김리듬군은 &quot;아빠 뭐 해&quot;, &quot;빨리 와&quot;,&quot;응 <b>느금마</b>&quot;라고 연달아 메시지를 보낸 모습이다. 휴대폰에 있는 자동완성 기능 때문에 &quot;늦지마... ",http://www.insight.co.kr/news/130563,,
느금마,single_term_fallback,느금마,,개코 아들이 보낸 카톡 “응 <b>느금마</b>” ··· 누리꾼 반응 “이게 웃겨?...,"Thu, 14 Dec 2017 14:45:00 +0900",,,,https://m.entertain.naver.com/article/005/0001056021,naver_news,느금마,canonical,1.0,2026-05-26T11:15:49.578772+00:00,0,0,0,0,,그런데 카톡의 내용 중 ‘<b>느금마</b>’라는 단어가 포함돼 있어 논란이 있다. 13일 오후 개코는 인스타그램에 “욱할뻔했다 #<b>느금마</b> 가 아니고 #늦지마 였구나 #자동완성기능”이라는 내용과 함께 아들이 보낸 카톡 사진을... ,"{""title"": ""개코 아들이 보낸 카톡 “응 <b>느금마</b>” ··· 누리꾼 반응 “이게 웃겨?..."", ""originallink"": ""http://news.kmib.co.kr/article/view.asp?arcid=0011980493&code=61181111&cp=nv"", ""link"": ""https://m.entertain.naver.com/article/005/0001056021"", ""description"": ""그런데 카톡의 내용 중 ‘<b>느금마</b>’라는 단어가 포함돼 있어 논란이 있다. 13일 오후 개코는 인스타그램에 “욱할뻔했다 #<b>느금마</b> 가 아니고 #늦지마 였구나 #자동완성기능”이라는 내용과 함께 아들이 보낸 카톡 사진을... "", ""pubDate"": ""Thu, 14 Dec 2017 14:45:00 +0900""}",그런데 카톡의 내용 중 ‘<b>느금마</b>’라는 단어가 포함돼 있어 논란이 있다. 13일 오후 개코는 인스타그램에 “욱할뻔했다 #<b>느금마</b> 가 아니고 #늦지마 였구나 #자동완성기능”이라는 내용과 함께 아들이 보낸 카톡 사진을... ,http://news.kmib.co.kr/article/view.asp?arcid=0011980493&code=61181111&cp=nv,,
느금마,single_term_fallback,느금마,,“응 <b>느금마</b>” 개코가 아들한테 받은 카톡 (ft. 자동완성),"Thu, 14 Dec 2017 14:35:00 +0900",,,,http://www.wikitree.co.kr/main/news_view.php?id=322281,naver_news,느금마,canonical,1.0,2026-05-26T11:15:49.578772+00:00,0,0,0,0,,"<b>느금마</b>가 아니고 늦지 마였구나. 자동완성기능&quot;이라는 글을 남겼다.  대화 내용이 담긴 사진도 올렸다. 사진을 보면 김리듬 군은 &quot;아빠 뭐 해&quot;, &quot;빨리 와&quot;, &quot;응 <b>느금마</b>&quot;라고 연달아 메시지를 보냈다.  메시지 내용은... ","{""title"": ""“응 <b>느금마</b>” 개코가 아들한테 받은 카톡 (ft. 자동완성)"", ""originallink"": ""http://www.wikitree.co.kr/main/news_view.php?id=322281"", ""link"": ""http://www.wikitree.co.kr/main/news_view.php?id=322281"", ""description"": ""<b>느금마</b>가 아니고 늦지 마였구나. 자동완성기능&quot;이라는 글을 남겼다.  대화 내용이 담긴 사진도 올렸다. 사진을 보면 김리듬 군은 &quot;아빠 뭐 해&quot;, &quot;빨리 와&quot;, &quot;응 <b>느금마</b>&quot;라고 연달아 메시지를 보냈다.  메시지 내용은... "", ""pubDate"": ""Thu, 14 Dec 2017 14:35:00 +0900""}","<b>느금마</b>가 아니고 늦지 마였구나. 자동완성기능&quot;이라는 글을 남겼다.  대화 내용이 담긴 사진도 올렸다. 사진을 보면 김리듬 군은 &quot;아빠 뭐 해&quot;, &quot;빨리 와&quot;, &quot;응 <b>느금마</b>&quot;라고 연달아 메시지를 보냈다.  메시지 내용은... ",http://www.wikitree.co.kr/main/news_view.php?id=322281,,
느금마,single_term_fallback,느금마,,"섹드립 ·성폭력 만연한 교실, 아이들이 위험하다","Tue, 12 Dec 2017 17:51:00 +0900",,,,https://n.news.naver.com/mnews/article/047/0002171551?sid=102,naver_news,느금마,canonical,1.0,2026-05-26T11:15:49.578772+00:00,0,0,0,0,,학교서 오히려 '혐오문화' 배우는 현실 [ ▲  무분별한 '섹드립'과 '또래성폭력'의 위협에 노출된 학생들 ⓒ 오마이뉴스 &quot;응 니애미&quot; &quot;<b>느금마</b> ㅇㅇ&quot; &quot;빨랫대에 걸린 <b>느금마</b> 브라자 보고 ㅇㅇㅇ&quot; 지난 8월 '갓건배'라는 여성... ,"{""title"": ""섹드립 ·성폭력 만연한 교실, 아이들이 위험하다"", ""originallink"": ""http://www.ohmynews.com/NWS_Web/View/at_pg.aspx?CNTN_CD=A0002385117&CMPT_CD=P0010&utm_source=naver&utm_medium=newsearch&utm_campaign=naver_news"", ""link"": ""https://n.news.naver.com/mnews/article/047/0002171551?sid=102"", ""description"": ""학교서 오히려 '혐오문화' 배우는 현실 [ ▲  무분별한 '섹드립'과 '또래성폭력'의 위협에 노출된 학생들 ⓒ 오마이뉴스 &quot;응 니애미&quot; &quot;<b>느금마</b> ㅇㅇ&quot; &quot;빨랫대에 걸린 <b>느금마</b> 브라자 보고 ㅇㅇㅇ&quot; 지난 8월 '갓건배'라는 여성... "", ""pubDate"": ""Tue, 12 Dec 2017 17:51:00 +0900""}",학교서 오히려 '혐오문화' 배우는 현실 [ ▲  무분별한 '섹드립'과 '또래성폭력'의 위협에 노출된 학생들 ⓒ 오마이뉴스 &quot;응 니애미&quot; &quot;<b>느금마</b> ㅇㅇ&quot; &quot;빨랫대에 걸린 <b>느금마</b> 브라자 보고 ㅇㅇㅇ&quot; 지난 8월 '갓건배'라는 여성... ,http://www.ohmynews.com/NWS_Web/View/at_pg.aspx?CNTN_CD=A0002385117&CMPT_CD=P0010&utm_source=naver&utm_medium=newsearch&utm_campaign=naver_news,,
느금마,single_term_fallback,느금마,,"“야이, 게이 XX!” 어른들이 만약 ‘소수자의 삶’ 존중하는 사회를 만...","Fri, 01 Dec 2017 21:10:00 +0900",,,,https://n.news.naver.com/mnews/article/032/0002835828?sid=102,naver_news,느금마,canonical,1.0,2026-05-26T11:15:49.578772+00:00,0,0,0,0,,"‘너 게이지’, ‘너 애자(장애인을 비하하는 말)냐?’, ‘<b>느금마</b>’(엄마를 비하하는 말), ‘앙기모띠’와 같은 말은 이미 교실에서 일상적인 언어로 자리 잡은 지 오래이다. 이러한 현실을 뒤늦게 알고 들은 사람들은... ","{""title"": ""“야이, 게이 XX!” 어른들이 만약 ‘소수자의 삶’ 존중하는 사회를 만..."", ""originallink"": ""https://www.khan.co.kr/article/201712012058005"", ""link"": ""https://n.news.naver.com/mnews/article/032/0002835828?sid=102"", ""description"": ""‘너 게이지’, ‘너 애자(장애인을 비하하는 말)냐?’, ‘<b>느금마</b>’(엄마를 비하하는 말), ‘앙기모띠’와 같은 말은 이미 교실에서 일상적인 언어로 자리 잡은 지 오래이다. 이러한 현실을 뒤늦게 알고 들은 사람들은... "", ""pubDate"": ""Fri, 01 Dec 2017 21:10:00 +0900""}","‘너 게이지’, ‘너 애자(장애인을 비하하는 말)냐?’, ‘<b>느금마</b>’(엄마를 비하하는 말), ‘앙기모띠’와 같은 말은 이미 교실에서 일상적인 언어로 자리 잡은 지 오래이다. 이러한 현실을 뒤늦게 알고 들은 사람들은... ",https://www.khan.co.kr/article/201712012058005,,
느금마,single_term_fallback,느금마,,"급식체 열풍…언어문화인가, 언어파괴인가","Wed, 29 Nov 2017 20:00:00 +0900",,,,http://www.ggilbo.com/news/articleView.html?idxno=424970,naver_news,느금마,canonical,1.0,2026-05-26T11:15:49.578772+00:00,0,0,0,0,,"대학생 박상진(25) 씨는&quot;'앙 기모띠', '<b>느금마</b>'처럼 남을 조롱하거나 부정적 표현이 너무 많은 것 같다. 급식체가 어떤 것인지는 알고 있지만 나서서 유행 따라 쓰고 싶진 않다&quot;고 말했다. 반면 한글에 관심을 보이는 것이니... ","{""title"": ""급식체 열풍…언어문화인가, 언어파괴인가"", ""originallink"": ""http://www.ggilbo.com/news/articleView.html?idxno=424970"", ""link"": ""http://www.ggilbo.com/news/articleView.html?idxno=424970"", ""description"": ""대학생 박상진(25) 씨는&quot;'앙 기모띠', '<b>느금마</b>'처럼 남을 조롱하거나 부정적 표현이 너무 많은 것 같다. 급식체가 어떤 것인지는 알고 있지만 나서서 유행 따라 쓰고 싶진 않다&quot;고 말했다. 반면 한글에 관심을 보이는 것이니... "", ""pubDate"": ""Wed, 29 Nov 2017 20:00:00 +0900""}","대학생 박상진(25) 씨는&quot;'앙 기모띠', '<b>느금마</b>'처럼 남을 조롱하거나 부정적 표현이 너무 많은 것 같다. 급식체가 어떤 것인지는 알고 있지만 나서서 유행 따라 쓰고 싶진 않다&quot;고 말했다. 반면 한글에 관심을 보이는 것이니... ",http://www.ggilbo.com/news/articleView.html?idxno=424970,,
느금마,single_term_fallback,느금마,,"&quot;동의?&quot; &quot;어 보감~&quot;, 청소년 은어 '급식체' 따라하기 열풍","Sat, 25 Nov 2017 06:31:00 +0900",,,,http://www.civicnews.com/news/articleView.html?idxno=11587,naver_news,느금마,canonical,1.0,2026-05-26T11:15:49.578772+00:00,0,0,0,0,,"일부 급식체 중 포르노 영상에서 유래한 &quot;앙 기모띠&quot;, 어머니를 비하하는 &quot;응~<b>느금마</b>(너희 엄마)&quot; 등 외설적, 패륜적인 단어들이 있으나, 뜻을 모르고 무분별하게 사용되고 있다. 연제구 연산동에 사는 남희윤(21) 씨는 &quot;뜻도... ","{""title"": ""&quot;동의?&quot; &quot;어 보감~&quot;, 청소년 은어 '급식체' 따라하기 열풍"", ""originallink"": ""http://www.civicnews.com/news/articleView.html?idxno=11587"", ""link"": ""http://www.civicnews.com/news/articleView.html?idxno=11587"", ""description"": ""일부 급식체 중 포르노 영상에서 유래한 &quot;앙 기모띠&quot;, 어머니를 비하하는 &quot;응~<b>느금마</b>(너희 엄마)&quot; 등 외설적, 패륜적인 단어들이 있으나, 뜻을 모르고 무분별하게 사용되고 있다. 연제구 연산동에 사는 남희윤(21) 씨는 &quot;뜻도... "", ""pubDate"": ""Sat, 25 Nov 2017 06:31:00 +0900""}","일부 급식체 중 포르노 영상에서 유래한 &quot;앙 기모띠&quot;, 어머니를 비하하는 &quot;응~<b>느금마</b>(너희 엄마)&quot; 등 외설적, 패륜적인 단어들이 있으나, 뜻을 모르고 무분별하게 사용되고 있다. 연제구 연산동에 사는 남희윤(21) 씨는 &quot;뜻도... ",http://www.civicnews.com/news/articleView.html?idxno=11587,,
느금마,single_term_fallback,느금마,,'띵곡' 'ㅇㅈ' 급식체…&quot;10대 문화&quot; vs &quot;언어 파괴&quot;,"Sun, 19 Nov 2017 06:25:00 +0900",,,,https://n.news.naver.com/mnews/article/008/0003966206?sid=102,naver_news,느금마,canonical,1.0,2026-05-26T11:15:49.578772+00:00,0,0,0,0,,"급식체라는 말 자체가 10대 청소년들을 비하하는 단어인 '급식충'에서 시작된데다가, 포르노 영상에서 유래한 '앙, 기모띠', 어머니를 비하하는 '<b>느금마</b>'(너의 어머니) 등 부정적 유래를 가진 말들이 무분별하게 사용되고... ","{""title"": ""'띵곡' 'ㅇㅈ' 급식체…&quot;10대 문화&quot; vs &quot;언어 파괴&quot;"", ""originallink"": ""http://www.mt.co.kr/view/mtview.php?type=1&no=2017103111075241742&outlink=1"", ""link"": ""https://n.news.naver.com/mnews/article/008/0003966206?sid=102"", ""description"": ""급식체라는 말 자체가 10대 청소년들을 비하하는 단어인 '급식충'에서 시작된데다가, 포르노 영상에서 유래한 '앙, 기모띠', 어머니를 비하하는 '<b>느금마</b>'(너의 어머니) 등 부정적 유래를 가진 말들이 무분별하게 사용되고... "", ""pubDate"": ""Sun, 19 Nov 2017 06:25:00 +0900""}","급식체라는 말 자체가 10대 청소년들을 비하하는 단어인 '급식충'에서 시작된데다가, 포르노 영상에서 유래한 '앙, 기모띠', 어머니를 비하하는 '<b>느금마</b>'(너의 어머니) 등 부정적 유래를 가진 말들이 무분별하게 사용되고... ",http://www.mt.co.kr/view/mtview.php?type=1&no=2017103111075241742&outlink=1,,
느금마,single_term_fallback,느금마,,&lt;하재근의 문화읽기&gt; SNS '급식체' 유행‥문제는?,"Mon, 30 Oct 2017 22:22:00 +0900",,,,http://news.ebs.co.kr/ebsnews/allView/10779218/H,naver_news,느금마,canonical,1.0,2026-05-26T11:15:49.578772+00:00,0,0,0,0,,"또 ‘<b>느금마</b>’라는 표현이 있는데 이것은 또 어머니를 조롱하고 희화화하고 그런 의미가 있어서, 각 단어 안에 담겨진 굉장히 어떤 부정적인 의미가 있는데 아무 생각 없이 장난으로 쓴다는 거죠. 그리고 이 급식체 안에... ","{""title"": ""&lt;하재근의 문화읽기&gt; SNS '급식체' 유행‥문제는?"", ""originallink"": ""http://news.ebs.co.kr/ebsnews/allView/10779218/H"", ""link"": ""http://news.ebs.co.kr/ebsnews/allView/10779218/H"", ""description"": ""또 ‘<b>느금마</b>’라는 표현이 있는데 이것은 또 어머니를 조롱하고 희화화하고 그런 의미가 있어서, 각 단어 안에 담겨진 굉장히 어떤 부정적인 의미가 있는데 아무 생각 없이 장난으로 쓴다는 거죠. 그리고 이 급식체 안에... "", ""pubDate"": ""Mon, 30 Oct 2017 22:22:00 +0900""}","또 ‘<b>느금마</b>’라는 표현이 있는데 이것은 또 어머니를 조롱하고 희화화하고 그런 의미가 있어서, 각 단어 안에 담겨진 굉장히 어떤 부정적인 의미가 있는데 아무 생각 없이 장난으로 쓴다는 거죠. 그리고 이 급식체 안에... ",http://news.ebs.co.kr/ebsnews/allView/10779218/H,,
느금마,single_term_fallback,느금마,,[청춘직설]‘<b>느금마</b> 엔터테인먼트’와 ‘한국남자’,"Mon, 30 Oct 2017 21:16:00 +0900",,,,https://n.news.naver.com/mnews/article/032/0002828648?sid=110,naver_news,느금마,canonical,1.0,2026-05-26T11:15:49.578772+00:00,0,0,0,0,,그 네트워크의 이름이 ‘<b>느금마</b> 엔터테인먼트’다. <b>느금마</b> 엔터는 명확한 실체는 없지만 느슨한 동아리라 할 만한 집단이다. 여기서 ‘<b>느금마</b>’(느그 엄마)는 상대방의 어머니를 비하하는 말이다. <b>느금마</b> 엔터는 ‘신태일... ,"{""title"": ""[청춘직설]‘<b>느금마</b> 엔터테인먼트’와 ‘한국남자’"", ""originallink"": ""https://www.khan.co.kr/article/201710302113005"", ""link"": ""https://n.news.naver.com/mnews/article/032/0002828648?sid=110"", ""description"": ""그 네트워크의 이름이 ‘<b>느금마</b> 엔터테인먼트’다. <b>느금마</b> 엔터는 명확한 실체는 없지만 느슨한 동아리라 할 만한 집단이다. 여기서 ‘<b>느금마</b>’(느그 엄마)는 상대방의 어머니를 비하하는 말이다. <b>느금마</b> 엔터는 ‘신태일... "", ""pubDate"": ""Mon, 30 Oct 2017 21:16:00 +0900""}",그 네트워크의 이름이 ‘<b>느금마</b> 엔터테인먼트’다. <b>느금마</b> 엔터는 명확한 실체는 없지만 느슨한 동아리라 할 만한 집단이다. 여기서 ‘<b>느금마</b>’(느그 엄마)는 상대방의 어머니를 비하하는 말이다. <b>느금마</b> 엔터는 ‘신태일... ,https://www.khan.co.kr/article/201710302113005,,
느금마,single_term_fallback,느금마,,"[리포트+] &quot;실화냐 다큐냐 맨큐냐&quot;…10대의 급식체, 유행일까? 언어파괴...","Sun, 22 Oct 2017 10:02:00 +0900",,,,https://n.news.naver.com/mnews/article/055/0000578707?sid=102,naver_news,느금마,canonical,1.0,2026-05-26T11:15:49.578772+00:00,0,0,0,0,,"'응 니애미', '응 <b>느금마</b>'라는 급식체는 '너희 어머니'라는 의미인데 온라인상에서 상대방을 무시하고 조롱할 때 사용하는 표현입니다. 이 때문에 모욕이나 조롱의 의미가 섞인 단어까지 바로잡지 않는 것은 위험하다는... ","{""title"": ""[리포트+] &quot;실화냐 다큐냐 맨큐냐&quot;…10대의 급식체, 유행일까? 언어파괴..."", ""originallink"": ""http://news.sbs.co.kr/news/endPage.do?news_id=N1004445698&plink=ORI&cooper=NAVER"", ""link"": ""https://n.news.naver.com/mnews/article/055/0000578707?sid=102"", ""description"": ""'응 니애미', '응 <b>느금마</b>'라는 급식체는 '너희 어머니'라는 의미인데 온라인상에서 상대방을 무시하고 조롱할 때 사용하는 표현입니다. 이 때문에 모욕이나 조롱의 의미가 섞인 단어까지 바로잡지 않는 것은 위험하다는... "", ""pubDate"": ""Sun, 22 Oct 2017 10:02:00 +0900""}","'응 니애미', '응 <b>느금마</b>'라는 급식체는 '너희 어머니'라는 의미인데 온라인상에서 상대방을 무시하고 조롱할 때 사용하는 표현입니다. 이 때문에 모욕이나 조롱의 의미가 섞인 단어까지 바로잡지 않는 것은 위험하다는... ",http://news.sbs.co.kr/news/endPage.do?news_id=N1004445698&plink=ORI&cooper=NAVER,,
느금마,single_term_fallback,느금마,,"[내일은 한글날②] 갓띵작, 커엽 등 넘치는 신조어…“한글 훼손”vs “...","Sun, 08 Oct 2017 08:16:00 +0900",,,,https://n.news.naver.com/mnews/article/016/0001298791?sid=103,naver_news,느금마,canonical,1.0,2026-05-26T11:15:49.578772+00:00,0,0,0,0,,"느개미ㆍ<b>느금마</b> (부모 비하 표현), 한남충(한국 남성 비하 표현), 삼일한(여자는 하루 세 번 맞아야한다는 비속어) 등 혐오를 조장하는 표현이 대표적이다. 이처럼 특정 집단을 혐오하거나 비하하는 신조어는 교육적으로... ","{""title"": ""[내일은 한글날②] 갓띵작, 커엽 등 넘치는 신조어…“한글 훼손”vs “..."", ""originallink"": ""http://news.heraldcorp.com/view.php?ud=20171008000002"", ""link"": ""https://n.news.naver.com/mnews/article/016/0001298791?sid=103"", ""description"": ""느개미ㆍ<b>느금마</b> (부모 비하 표현), 한남충(한국 남성 비하 표현), 삼일한(여자는 하루 세 번 맞아야한다는 비속어) 등 혐오를 조장하는 표현이 대표적이다. 이처럼 특정 집단을 혐오하거나 비하하는 신조어는 교육적으로... "", ""pubDate"": ""Sun, 08 Oct 2017 08:16:00 +0900""}","느개미ㆍ<b>느금마</b> (부모 비하 표현), 한남충(한국 남성 비하 표현), 삼일한(여자는 하루 세 번 맞아야한다는 비속어) 등 혐오를 조장하는 표현이 대표적이다. 이처럼 특정 집단을 혐오하거나 비하하는 신조어는 교육적으로... ",http://news.heraldcorp.com/view.php?ud=20171008000002,,
느금마,single_term_fallback,느금마,,조카에 용돈 줬더니 '앙 기모띠'? 10대들의 외계어,"Tue, 03 Oct 2017 13:12:00 +0900",,,,https://n.news.naver.com/mnews/article/008/0003943904?sid=103,naver_news,느금마,canonical,1.0,2026-05-26T11:15:49.578772+00:00,0,0,0,0,,"'느개미', '<b>느금마</b>' 등 상대방의 부모를 비하하는 표현도 청소년들이 1인 방송을 무분별하게 받아들인 영향으로 풀이된다. 이밖에 '솔까말'(솔직히 까놓고 말해서), '낫닝겐'('인간이 아니다'는 뜻의 일본어), '빼박캔트... ","{""title"": ""조카에 용돈 줬더니 '앙 기모띠'? 10대들의 외계어"", ""originallink"": ""http://www.mt.co.kr/view/mtview.php?type=1&no=2017092913045439464&outlink=1"", ""link"": ""https://n.news.naver.com/mnews/article/008/0003943904?sid=103"", ""description"": ""'느개미', '<b>느금마</b>' 등 상대방의 부모를 비하하는 표현도 청소년들이 1인 방송을 무분별하게 받아들인 영향으로 풀이된다. 이밖에 '솔까말'(솔직히 까놓고 말해서), '낫닝겐'('인간이 아니다'는 뜻의 일본어), '빼박캔트... "", ""pubDate"": ""Tue, 03 Oct 2017 13:12:00 +0900""}","'느개미', '<b>느금마</b>' 등 상대방의 부모를 비하하는 표현도 청소년들이 1인 방송을 무분별하게 받아들인 영향으로 풀이된다. 이밖에 '솔까말'(솔직히 까놓고 말해서), '낫닝겐'('인간이 아니다'는 뜻의 일본어), '빼박캔트... ",http://www.mt.co.kr/view/mtview.php?type=1&no=2017092913045439464&outlink=1,,
느금마,single_term_fallback,느금마,,(1) ‘엄마’를 욕하며 노는 아이들…교실이 ‘혐오의 배양지’가 되었...,"Sun, 01 Oct 2017 19:37:00 +0900",,,,https://n.news.naver.com/mnews/article/032/0002822587?sid=102,naver_news,느금마,canonical,1.0,2026-05-26T11:15:49.578772+00:00,0,0,0,0,,"‘니애미, <b>느금마</b>, 엠창….’ 경향신문 특별취재팀이 만난 초·중·고등학생들은 모두 이런 표현이 익숙하다고 했다. 한국 사회가 분열과 갈등을 확산시키는 혐오에 제대로 대응하지 못하면서, 미래세대가 자라나는 학교는... ","{""title"": ""(1) ‘엄마’를 욕하며 노는 아이들…교실이 ‘혐오의 배양지’가 되었..."", ""originallink"": ""https://www.khan.co.kr/article/201710011935005"", ""link"": ""https://n.news.naver.com/mnews/article/032/0002822587?sid=102"", ""description"": ""‘니애미, <b>느금마</b>, 엠창….’ 경향신문 특별취재팀이 만난 초·중·고등학생들은 모두 이런 표현이 익숙하다고 했다. 한국 사회가 분열과 갈등을 확산시키는 혐오에 제대로 대응하지 못하면서, 미래세대가 자라나는 학교는... "", ""pubDate"": ""Sun, 01 Oct 2017 19:37:00 +0900""}","‘니애미, <b>느금마</b>, 엠창….’ 경향신문 특별취재팀이 만난 초·중·고등학생들은 모두 이런 표현이 익숙하다고 했다. 한국 사회가 분열과 갈등을 확산시키는 혐오에 제대로 대응하지 못하면서, 미래세대가 자라나는 학교는... ",https://www.khan.co.kr/article/201710011935005,,
느금마,single_term_fallback,느금마,,"여성 혐오, 교실을 점령하다","Tue, 05 Sep 2017 13:55:00 +0900",,,,https://n.news.naver.com/mnews/article/308/0000021605?sid=102,naver_news,느금마,canonical,1.0,2026-05-26T11:15:49.578772+00:00,0,0,0,0,,"두 사람은 한때 ‘<b>느금마</b>엔터테인먼트’(<b>느금마</b>는 너네 엄마를 뜻하는 사투리를 줄인 말로 엄마를 비하하는 의미로 쓰인다. 일명 ‘패드립’)를 이끌었고, 10대들 사이에서 ‘모르면 왕따’일 정도로 큰 영향력을 미치고... ","{""title"": ""여성 혐오, 교실을 점령하다"", ""originallink"": ""http://www.sisain.co.kr/?mod=news&act=articleView&idxno=29993"", ""link"": ""https://n.news.naver.com/mnews/article/308/0000021605?sid=102"", ""description"": ""두 사람은 한때 ‘<b>느금마</b>엔터테인먼트’(<b>느금마</b>는 너네 엄마를 뜻하는 사투리를 줄인 말로 엄마를 비하하는 의미로 쓰인다. 일명 ‘패드립’)를 이끌었고, 10대들 사이에서 ‘모르면 왕따’일 정도로 큰 영향력을 미치고... "", ""pubDate"": ""Tue, 05 Sep 2017 13:55:00 +0900""}","두 사람은 한때 ‘<b>느금마</b>엔터테인먼트’(<b>느금마</b>는 너네 엄마를 뜻하는 사투리를 줄인 말로 엄마를 비하하는 의미로 쓰인다. 일명 ‘패드립’)를 이끌었고, 10대들 사이에서 ‘모르면 왕따’일 정도로 큰 영향력을 미치고... ",http://www.sisain.co.kr/?mod=news&act=articleView&idxno=29993,,
느금마,single_term_fallback,느금마,,개막장 BJ 사건사고 열전,"Thu, 24 Aug 2017 17:56:00 +0900",,,,http://www.ziksir.com/ziksir/view/4703,naver_news,느금마,canonical,1.0,2026-05-26T11:15:49.578772+00:00,0,0,0,0,,"한때 BJ 김윤태, BJ 푸워와 발음하기도 민망한 <b>느금마</b>엔터테인먼트를 이끌었다. BJ 철구와 함께 10대 학생들에게 안 좋은 쪽으로 지대한 영향력을 행사하고 있어 학교 선생님들의 주적으로 불린다. 그의 막장 퍼포먼스는... ","{""title"": ""개막장 BJ 사건사고 열전"", ""originallink"": ""http://www.ziksir.com/ziksir/view/4703"", ""link"": ""http://www.ziksir.com/ziksir/view/4703"", ""description"": ""한때 BJ 김윤태, BJ 푸워와 발음하기도 민망한 <b>느금마</b>엔터테인먼트를 이끌었다. BJ 철구와 함께 10대 학생들에게 안 좋은 쪽으로 지대한 영향력을 행사하고 있어 학교 선생님들의 주적으로 불린다. 그의 막장 퍼포먼스는... "", ""pubDate"": ""Thu, 24 Aug 2017 17:56:00 +0900""}","한때 BJ 김윤태, BJ 푸워와 발음하기도 민망한 <b>느금마</b>엔터테인먼트를 이끌었다. BJ 철구와 함께 10대 학생들에게 안 좋은 쪽으로 지대한 영향력을 행사하고 있어 학교 선생님들의 주적으로 불린다. 그의 막장 퍼포먼스는... ",http://www.ziksir.com/ziksir/view/4703,,
느금마,single_term_fallback,느금마,,#살인예고남_여혐유투버 #토일렛_상영_반대,"Thu, 17 Aug 2017 11:47:00 +0900",,,,http://ppss.kr/archives/128182,naver_news,느금마,canonical,1.0,2026-05-26T11:15:49.578772+00:00,0,0,0,0,,"해당 사건이 공론화된 지 채 한 달도 되지 않아 신태일, 김윤태 등 ‘<b>느금마</b> 엔터’ 소속(뭔진 모르겠는데... 초등학생~고등학생에 이르는 10대 남성들은 각자 자신의 유투브 채널을 개설하고 <b>느금마</b> 엔터 남성 유투버들의... ","{""title"": ""#살인예고남_여혐유투버 #토일렛_상영_반대"", ""originallink"": ""http://ppss.kr/archives/128182"", ""link"": ""http://ppss.kr/archives/128182"", ""description"": ""해당 사건이 공론화된 지 채 한 달도 되지 않아 신태일, 김윤태 등 ‘<b>느금마</b> 엔터’ 소속(뭔진 모르겠는데... 초등학생~고등학생에 이르는 10대 남성들은 각자 자신의 유투브 채널을 개설하고 <b>느금마</b> 엔터 남성 유투버들의... "", ""pubDate"": ""Thu, 17 Aug 2017 11:47:00 +0900""}","해당 사건이 공론화된 지 채 한 달도 되지 않아 신태일, 김윤태 등 ‘<b>느금마</b> 엔터’ 소속(뭔진 모르겠는데... 초등학생~고등학생에 이르는 10대 남성들은 각자 자신의 유투브 채널을 개설하고 <b>느금마</b> 엔터 남성 유투버들의... ",http://ppss.kr/archives/128182,,
느금마,single_term_fallback,느금마,,‘유튜버 막말’ 달고 사는 초등생들,"Mon, 07 Aug 2017 03:03:00 +0900",,,,https://n.news.naver.com/mnews/article/020/0003085248?sid=102,naver_news,느금마,canonical,1.0,2026-05-26T11:15:49.578772+00:00,0,0,0,0,,"남학생끼리도 ‘<b>느금마</b>’(‘너희 엄마’의 사투리를 줄인 말), ‘니에미’ 등의 감정을 자극하는 단어를 쓰면서 서로 다투기도 했다. 김 교사는 “인터넷 막말을 따라 하는 학생들을 일일이 지도하는 게 버겁다”며... ","{""title"": ""‘유튜버 막말’ 달고 사는 초등생들"", ""originallink"": ""http://news.donga.com/3/all/20170807/85707614/1"", ""link"": ""https://n.news.naver.com/mnews/article/020/0003085248?sid=102"", ""description"": ""남학생끼리도 ‘<b>느금마</b>’(‘너희 엄마’의 사투리를 줄인 말), ‘니에미’ 등의 감정을 자극하는 단어를 쓰면서 서로 다투기도 했다. 김 교사는 “인터넷 막말을 따라 하는 학생들을 일일이 지도하는 게 버겁다”며... "", ""pubDate"": ""Mon, 07 Aug 2017 03:03:00 +0900""}","남학생끼리도 ‘<b>느금마</b>’(‘너희 엄마’의 사투리를 줄인 말), ‘니에미’ 등의 감정을 자극하는 단어를 쓰면서 서로 다투기도 했다. 김 교사는 “인터넷 막말을 따라 하는 학생들을 일일이 지도하는 게 버겁다”며... ",http://news.donga.com/3/all/20170807/85707614/1,,
느금마,single_term_fallback,느금마,,[편집국에서] 자극적인 인터넷 방송이 아이들에게 끼치는 영향,"Tue, 01 Aug 2017 16:04:00 +0900",,,,http://www.joongdo.co.kr/jsp/article/article_view.jsp?pq=201708012373,naver_news,느금마,canonical,1.0,2026-05-26T11:15:49.578772+00:00,0,0,0,0,,"‘앙 기모띠’, ‘빼박캔트’처럼 알아듣지 못하는 단어부터 ‘니애미’, ‘응 <b>느금마</b>’처럼 부모에 대한 욕까지 다양했다. 나중에 알고보니 ‘앙 기모띠’는 기분이 좋을 때 쓰는 감탄사였고 ‘빼박캔트’는 빼도 박도... ","{""title"": ""[편집국에서] 자극적인 인터넷 방송이 아이들에게 끼치는 영향"", ""originallink"": ""http://www.joongdo.co.kr/jsp/article/article_view.jsp?pq=201708012373"", ""link"": ""http://www.joongdo.co.kr/jsp/article/article_view.jsp?pq=201708012373"", ""description"": ""‘앙 기모띠’, ‘빼박캔트’처럼 알아듣지 못하는 단어부터 ‘니애미’, ‘응 <b>느금마</b>’처럼 부모에 대한 욕까지 다양했다. 나중에 알고보니 ‘앙 기모띠’는 기분이 좋을 때 쓰는 감탄사였고 ‘빼박캔트’는 빼도 박도... "", ""pubDate"": ""Tue, 01 Aug 2017 16:04:00 +0900""}","‘앙 기모띠’, ‘빼박캔트’처럼 알아듣지 못하는 단어부터 ‘니애미’, ‘응 <b>느금마</b>’처럼 부모에 대한 욕까지 다양했다. 나중에 알고보니 ‘앙 기모띠’는 기분이 좋을 때 쓰는 감탄사였고 ‘빼박캔트’는 빼도 박도... ",http://www.joongdo.co.kr/jsp/article/article_view.jsp?pq=201708012373,,
느금마,single_term_fallback,느금마,,"저질 인터넷 방송에 물드는 아이들, 대체 왜?","Thu, 13 Jul 2017 11:31:00 +0900",,,,https://n.news.naver.com/mnews/article/047/0002156005?sid=102,naver_news,느금마,canonical,1.0,2026-05-26T11:15:49.578772+00:00,0,0,0,0,,"'니애미', '응 <b>느금마</b>'처럼 부모에 대한 욕은 물론, 고인이 된 전직 대통령에 대한 모욕 등 기사에 옮기기 민망한 단어들이 가득했기 때문이다. 그런데 아이들의 천진난만한 표정을 보면, 무슨 뜻인지 제대로 알고 쓰는 것... ","{""title"": ""저질 인터넷 방송에 물드는 아이들, 대체 왜?"", ""originallink"": ""http://www.ohmynews.com/NWS_Web/View/at_pg.aspx?CNTN_CD=A0002341648"", ""link"": ""https://n.news.naver.com/mnews/article/047/0002156005?sid=102"", ""description"": ""'니애미', '응 <b>느금마</b>'처럼 부모에 대한 욕은 물론, 고인이 된 전직 대통령에 대한 모욕 등 기사에 옮기기 민망한 단어들이 가득했기 때문이다. 그런데 아이들의 천진난만한 표정을 보면, 무슨 뜻인지 제대로 알고 쓰는 것... "", ""pubDate"": ""Thu, 13 Jul 2017 11:31:00 +0900""}","'니애미', '응 <b>느금마</b>'처럼 부모에 대한 욕은 물론, 고인이 된 전직 대통령에 대한 모욕 등 기사에 옮기기 민망한 단어들이 가득했기 때문이다. 그런데 아이들의 천진난만한 표정을 보면, 무슨 뜻인지 제대로 알고 쓰는 것... ",http://www.ohmynews.com/NWS_Web/View/at_pg.aspx?CNTN_CD=A0002341648,,
느금마,single_term_fallback,느금마,,<b>느금마</b>·개XX… 습관이 된 막말,"Tue, 09 May 2017 03:36:00 +0900",,,,https://n.news.naver.com/mnews/article/081/0002819428?sid=102,naver_news,느금마,canonical,1.0,2026-05-26T11:15:49.578772+00:00,0,0,0,0,,"상대방의 엄마를 지칭하는 ‘<b>느금마</b>’(‘너희 엄마’의 사투리를 줄인 말), ‘니애×’ 등의 비속어가 유행하고, 장애인이나 기초생활수급자를 비하하거나 동물을 학대하는 표현도 서슴지 않는다. ●국민들 습관적... ","{""title"": ""<b>느금마</b>·개XX… 습관이 된 막말"", ""originallink"": ""http://www.seoul.co.kr/news/newsView.php?id=20170509011012&wlog_tag3=naver"", ""link"": ""https://n.news.naver.com/mnews/article/081/0002819428?sid=102"", ""description"": ""상대방의 엄마를 지칭하는 ‘<b>느금마</b>’(‘너희 엄마’의 사투리를 줄인 말), ‘니애×’ 등의 비속어가 유행하고, 장애인이나 기초생활수급자를 비하하거나 동물을 학대하는 표현도 서슴지 않는다. ●국민들 습관적... "", ""pubDate"": ""Tue, 09 May 2017 03:36:00 +0900""}","상대방의 엄마를 지칭하는 ‘<b>느금마</b>’(‘너희 엄마’의 사투리를 줄인 말), ‘니애×’ 등의 비속어가 유행하고, 장애인이나 기초생활수급자를 비하하거나 동물을 학대하는 표현도 서슴지 않는다. ●국민들 습관적... ",http://www.seoul.co.kr/news/newsView.php?id=20170509011012&wlog_tag3=naver,,
느금마,single_term_fallback,느금마,,소녀시대 써니의 귀여운 실수... &quot;<b>느금마</b> 이제 큰일났어&quot;,"Thu, 13 Apr 2017 14:22:00 +0900",,,,http://www.sporbiz.co.kr/news/articleView.html?idxno=96091,naver_news,느금마,canonical,1.0,2026-05-26T11:15:49.578772+00:00,0,0,0,0,,그러나 덧붙인 해쉬태그에 &quot;#<b>느금마</b>이제큰일났어 #일주일동안변비걸릴거임 #흥칫뿡 #최고템강화실패를빈다&quot;라며 '<b>느금마</b>'라는 단어를 언급했다. '<b>느금마</b>'라는 단어는 보통 '엄마'를 일컫는 비속어로 사용되고 있다. 뒤늦게... ,"{""title"": ""소녀시대 써니의 귀여운 실수... &quot;<b>느금마</b> 이제 큰일났어&quot;"", ""originallink"": ""http://www.sporbiz.co.kr/news/articleView.html?idxno=96091"", ""link"": ""http://www.sporbiz.co.kr/news/articleView.html?idxno=96091"", ""description"": ""그러나 덧붙인 해쉬태그에 &quot;#<b>느금마</b>이제큰일났어 #일주일동안변비걸릴거임 #흥칫뿡 #최고템강화실패를빈다&quot;라며 '<b>느금마</b>'라는 단어를 언급했다. '<b>느금마</b>'라는 단어는 보통 '엄마'를 일컫는 비속어로 사용되고 있다. 뒤늦게... "", ""pubDate"": ""Thu, 13 Apr 2017 14:22:00 +0900""}",그러나 덧붙인 해쉬태그에 &quot;#<b>느금마</b>이제큰일났어 #일주일동안변비걸릴거임 #흥칫뿡 #최고템강화실패를빈다&quot;라며 '<b>느금마</b>'라는 단어를 언급했다. '<b>느금마</b>'라는 단어는 보통 '엄마'를 일컫는 비속어로 사용되고 있다. 뒤늦게... ,http://www.sporbiz.co.kr/news/articleView.html?idxno=96091,,
느금마,single_term_fallback,느금마,,[이슈탐색] 막 나가는 1인 방송에 아이들이 위험하다,"Mon, 30 Jan 2017 11:53:00 +0900",,,,https://n.news.naver.com/mnews/article/022/0003140770?sid=102,naver_news,느금마,canonical,1.0,2026-05-26T11:15:49.578772+00:00,0,0,0,0,,학생들이 서로 “<b>느금마</b>(너희 엄마)”라는 표현을 서슴없이 사용했던 것이다. 학생들의 욕은 끝이 아니었다. 학생들은 차마 입에 담기 어려운 부모와 여성의 성기를 비하하는 ‘패드립(패륜과 애드리브의 합성어)’을... ,"{""title"": ""[이슈탐색] 막 나가는 1인 방송에 아이들이 위험하다"", ""originallink"": ""http://www.segye.com/content/html/2017/01/30/20170130000664.html?OutUrl=naver"", ""link"": ""https://n.news.naver.com/mnews/article/022/0003140770?sid=102"", ""description"": ""학생들이 서로 “<b>느금마</b>(너희 엄마)”라는 표현을 서슴없이 사용했던 것이다. 학생들의 욕은 끝이 아니었다. 학생들은 차마 입에 담기 어려운 부모와 여성의 성기를 비하하는 ‘패드립(패륜과 애드리브의 합성어)’을... "", ""pubDate"": ""Mon, 30 Jan 2017 11:53:00 +0900""}",학생들이 서로 “<b>느금마</b>(너희 엄마)”라는 표현을 서슴없이 사용했던 것이다. 학생들의 욕은 끝이 아니었다. 학생들은 차마 입에 담기 어려운 부모와 여성의 성기를 비하하는 ‘패드립(패륜과 애드리브의 합성어)’을... ,http://www.segye.com/content/html/2017/01/30/20170130000664.html?OutUrl=naver,,
느금마,single_term_fallback,느금마,,&quot;따봉충 악플 상처…공약과 달리 독한 개그 좋아해&quot; 김대범 인터뷰,"Thu, 20 Oct 2016 16:02:00 +0900",,,,http://www.wikitree.co.kr/main/news_view.php?id=278790,naver_news,느금마,canonical,1.0,2026-05-26T11:15:49.578772+00:00,0,0,0,0,,"인터넷에서 유행하는 나쁜 댓글, <b>느금마</b>, 니애미, 애미 뒤졌나 그런 댓글도 진짜 고소하고싶었다. 그런데 고소하자니 마음이 편하지 않더라. 그래서 안 했다. 지금은 악플 다는 사람들 봐도 웃으려고 노력하는데 쉽지는... ","{""title"": ""&quot;따봉충 악플 상처…공약과 달리 독한 개그 좋아해&quot; 김대범 인터뷰"", ""originallink"": ""http://www.wikitree.co.kr/main/news_view.php?id=278790"", ""link"": ""http://www.wikitree.co.kr/main/news_view.php?id=278790"", ""description"": ""인터넷에서 유행하는 나쁜 댓글, <b>느금마</b>, 니애미, 애미 뒤졌나 그런 댓글도 진짜 고소하고싶었다. 그런데 고소하자니 마음이 편하지 않더라. 그래서 안 했다. 지금은 악플 다는 사람들 봐도 웃으려고 노력하는데 쉽지는... "", ""pubDate"": ""Thu, 20 Oct 2016 16:02:00 +0900""}","인터넷에서 유행하는 나쁜 댓글, <b>느금마</b>, 니애미, 애미 뒤졌나 그런 댓글도 진짜 고소하고싶었다. 그런데 고소하자니 마음이 편하지 않더라. 그래서 안 했다. 지금은 악플 다는 사람들 봐도 웃으려고 노력하는데 쉽지는... ",http://www.wikitree.co.kr/main/news_view.php?id=278790,,
느금마,single_term_fallback,느금마,,[트렌드] ‘ㅃㅂㅋㅌ’ ‘앙 기모띠’ ‘자살각’ 손가락 대화방 휴먼급...,"Wed, 16 Mar 2016 10:50:00 +0900",,,,https://n.news.naver.com/mnews/article/037/0000021435?sid=102,naver_news,느금마,canonical,1.0,2026-05-26T11:15:49.578772+00:00,0,0,0,0,,"‘응 니애미’(그래, 너희 어머니), ‘응 <b>느금마</b>’(그래, 너희 어머니) 같은 상용구가 대표적이다. 휴먼급식체 사용자들은 온라인상에서 상대방을 무시할 때 주로 이런 표현을 쓴다. 인터넷 동영상 공유 사이트 유튜브... ","{""title"": ""[트렌드] ‘ㅃㅂㅋㅌ’ ‘앙 기모띠’ ‘자살각’ 손가락 대화방 휴먼급..."", ""originallink"": ""http://weekly.donga.com/3/all/11/527471/1"", ""link"": ""https://n.news.naver.com/mnews/article/037/0000021435?sid=102"", ""description"": ""‘응 니애미’(그래, 너희 어머니), ‘응 <b>느금마</b>’(그래, 너희 어머니) 같은 상용구가 대표적이다. 휴먼급식체 사용자들은 온라인상에서 상대방을 무시할 때 주로 이런 표현을 쓴다. 인터넷 동영상 공유 사이트 유튜브... "", ""pubDate"": ""Wed, 16 Mar 2016 10:50:00 +0900""}","‘응 니애미’(그래, 너희 어머니), ‘응 <b>느금마</b>’(그래, 너희 어머니) 같은 상용구가 대표적이다. 휴먼급식체 사용자들은 온라인상에서 상대방을 무시할 때 주로 이런 표현을 쓴다. 인터넷 동영상 공유 사이트 유튜브... ",http://weekly.donga.com/3/all/11/527471/1,,
느금마,single_term_fallback,느금마,,“누가누가 부모욕 잘하나”…“패드립&lt;패륜적 애드립&gt;에 물든 청소년들,"Tue, 08 May 2012 11:46:00 +0900",,,,https://n.news.naver.com/mnews/article/016/0000417740?sid=102,naver_news,느금마,canonical,1.0,2026-05-26T11:15:49.578772+00:00,0,0,0,0,,예전에는 침대에서 안 자고 바닥에서 재웠더니 일어나지 못하고 누워서 오줌지려 .”(일명 ‘패드립’ 카페에 올라온 글) “<b>느금마</b>(너희 엄마) 전봇대에 머리 박아서 과다출혈로 사망.”(포털사이트에 ‘패드립을... ,"{""title"": ""“누가누가 부모욕 잘하나”…“패드립&lt;패륜적 애드립&gt;에 물든 청소년들"", ""originallink"": ""http://biz.heraldm.com/common/redirect.jsp?category_id=010109010000&news_id=20120508000444"", ""link"": ""https://n.news.naver.com/mnews/article/016/0000417740?sid=102"", ""description"": ""예전에는 침대에서 안 자고 바닥에서 재웠더니 일어나지 못하고 누워서 오줌지려 .”(일명 ‘패드립’ 카페에 올라온 글) “<b>느금마</b>(너희 엄마) 전봇대에 머리 박아서 과다출혈로 사망.”(포털사이트에 ‘패드립을... "", ""pubDate"": ""Tue, 08 May 2012 11:46:00 +0900""}",예전에는 침대에서 안 자고 바닥에서 재웠더니 일어나지 못하고 누워서 오줌지려 .”(일명 ‘패드립’ 카페에 올라온 글) “<b>느금마</b>(너희 엄마) 전봇대에 머리 박아서 과다출혈로 사망.”(포털사이트에 ‘패드립을... ,http://biz.heraldm.com/common/redirect.jsp?category_id=010109010000&news_id=20120508000444,,
느금마,single_term_fallback,느금마,,“누가 누가 부모 욕 더 잘하나” 기가찰 노릇 버젓…,"Tue, 08 May 2012 10:06:00 +0900",,,,https://n.news.naver.com/mnews/article/112/0002295948?sid=102,naver_news,느금마,canonical,1.0,2026-05-26T11:15:49.578772+00:00,0,0,0,0,,예전에는 침대에서 안자고 바닥에서 재웠더니 일어나지 못하고 누워서 오줌지려 XXX.” (일명 ‘패드립’ 카페에 올라온 글) “<b>느금마</b>(너희 엄마) 전봇대에 머리 박아서 과다 출혈로 사망” (포털사이트에 ‘패드립을... ,"{""title"": ""“누가 누가 부모 욕 더 잘하나” 기가찰 노릇 버젓…"", ""originallink"": ""http://biz.heraldm.com/common/redirect.jsp?category_id=010109010000&news_id=20120508000389"", ""link"": ""https://n.news.naver.com/mnews/article/112/0002295948?sid=102"", ""description"": ""예전에는 침대에서 안자고 바닥에서 재웠더니 일어나지 못하고 누워서 오줌지려 XXX.” (일명 ‘패드립’ 카페에 올라온 글) “<b>느금마</b>(너희 엄마) 전봇대에 머리 박아서 과다 출혈로 사망” (포털사이트에 ‘패드립을... "", ""pubDate"": ""Tue, 08 May 2012 10:06:00 +0900""}",예전에는 침대에서 안자고 바닥에서 재웠더니 일어나지 못하고 누워서 오줌지려 XXX.” (일명 ‘패드립’ 카페에 올라온 글) “<b>느금마</b>(너희 엄마) 전봇대에 머리 박아서 과다 출혈로 사망” (포털사이트에 ‘패드립을... ,http://biz.heraldm.com/common/redirect.jsp?category_id=010109010000&news_id=20120508000389,,
느금마,single_term_fallback,느금마,,회피엔딩 말고 해피엔딩을 위해서,20260526,,,,https://blog.naver.com/vain_thing/224296623323,naver_blog,느금마,canonical,1.0,2026-05-26T11:15:49.899489+00:00,0,0,0,0,444_I love it,콩불 너무 좋아요 갑자기 마라탕 땡겻는데 ㅋㅋ <b>느금마</b> 나와 금요일 마라탕 할 사람 죽지 않고도 잘 피는 캄파눌라 44챕터의 사랑한다 아침마다 너무 버겁긴 해 그래도 나한테 이젠 많이 안 권하셔서 너무 좋음... ,"{""title"": ""회피엔딩 말고 해피엔딩을 위해서"", ""link"": ""https://blog.naver.com/vain_thing/224296623323"", ""description"": ""콩불 너무 좋아요 갑자기 마라탕 땡겻는데 ㅋㅋ <b>느금마</b> 나와 금요일 마라탕 할 사람 죽지 않고도 잘 피는 캄파눌라 44챕터의 사랑한다 아침마다 너무 버겁긴 해 그래도 나한테 이젠 많이 안 권하셔서 너무 좋음... "", ""bloggername"": ""444_I love it"", ""bloggerlink"": ""blog.naver.com/vain_thing"", ""postdate"": ""20260526""}",콩불 너무 좋아요 갑자기 마라탕 땡겻는데 ㅋㅋ <b>느금마</b> 나와 금요일 마라탕 할 사람 죽지 않고도 잘 피는 캄파눌라 44챕터의 사랑한다 아침마다 너무 버겁긴 해 그래도 나한테 이젠 많이 안 권하셔서 너무 좋음... ,,444_I love it,blog.naver.com/vain_thing
느금마,single_term_fallback,느금마,,오로지 패고만 싶다,20260526,,,,https://blog.naver.com/atj1201/224296592533,naver_blog,느금마,canonical,1.0,2026-05-26T11:15:49.899489+00:00,0,0,0,0,세상은요지경,<b>느금마</b>... 온세상이 <b>느금마</b> 모르는 사람들을 위해 다시한번 올려준다 얜 무슨 맨날 나한테 뽀뽀할생각밖에없나 알아서 할게~~~ 하 오랜만에 야마도네 너는 민원이다 십련아 공무원새끼들 잡아다가 패든가 해야지... ,"{""title"": ""오로지 패고만 싶다"", ""link"": ""https://blog.naver.com/atj1201/224296592533"", ""description"": ""<b>느금마</b>... 온세상이 <b>느금마</b> 모르는 사람들을 위해 다시한번 올려준다 얜 무슨 맨날 나한테 뽀뽀할생각밖에없나 알아서 할게~~~ 하 오랜만에 야마도네 너는 민원이다 십련아 공무원새끼들 잡아다가 패든가 해야지... "", ""bloggername"": ""세상은요지경"", ""bloggerlink"": ""blog.naver.com/atj1201"", ""postdate"": ""20260526""}",<b>느금마</b>... 온세상이 <b>느금마</b> 모르는 사람들을 위해 다시한번 올려준다 얜 무슨 맨날 나한테 뽀뽀할생각밖에없나 알아서 할게~~~ 하 오랜만에 야마도네 너는 민원이다 십련아 공무원새끼들 잡아다가 패든가 해야지... ,,세상은요지경,blog.naver.com/atj1201
느금마,single_term_fallback,느금마,,Huckleberry P (허클베리 피) - KAMUSARI (feat. The Quiett... ,20260525,,,,https://blog.naver.com/hgu2z/224296231407,naver_blog,느금마,canonical,1.0,2026-05-26T11:15:49.899489+00:00,0,0,0,0,Somewhere over the rainbow,"날아오는 <b>느금마</b> 여긴 찌라시가 난무하네, 거의 증권가 그런데도 넌 이걸 하는 게 아직 즐거운가 시장은 갈수록 짠물 수비 덕분에 드러나네, 이 바닥의 진짜 모습이 할... ","{""title"": ""Huckleberry P (허클베리 피) - KAMUSARI (feat. The Quiett... "", ""link"": ""https://blog.naver.com/hgu2z/224296231407"", ""description"": ""날아오는 <b>느금마</b> 여긴 찌라시가 난무하네, 거의 증권가 그런데도 넌 이걸 하는 게 아직 즐거운가 시장은 갈수록 짠물 수비 덕분에 드러나네, 이 바닥의 진짜 모습이 할... "", ""bloggername"": ""Somewhere over the rainbow"", ""bloggerlink"": ""blog.naver.com/hgu2z"", ""postdate"": ""20260525""}","날아오는 <b>느금마</b> 여긴 찌라시가 난무하네, 거의 증권가 그런데도 넌 이걸 하는 게 아직 즐거운가 시장은 갈수록 짠물 수비 덕분에 드러나네, 이 바닥의 진짜 모습이 할... ",,Somewhere over the rainbow,blog.naver.com/hgu2z
느금마,single_term_fallback,느금마,,<b>느금마</b> 디지몬보지,20260525,,,,https://blog.naver.com/ihopesogod0691/224296203392,naver_blog,느금마,canonical,1.0,2026-05-26T11:15:49.899489+00:00,0,0,0,0,맛집탐구하는 블린이,<b>느금마</b> 디지몬보지,"{""title"": ""<b>느금마</b> 디지몬보지"", ""link"": ""https://blog.naver.com/ihopesogod0691/224296203392"", ""description"": ""<b>느금마</b> 디지몬보지"", ""bloggername"": ""맛집탐구하는 블린이"", ""bloggerlink"": ""blog.naver.com/ihopesogod0691"", ""postdate"": ""20260525""}",<b>느금마</b> 디지몬보지,,맛집탐구하는 블린이,blog.naver.com/ihopesogod0691
느금마,single_term_fallback,느금마,,부처님 어서오시소,20260524,,,,https://blog.naver.com/equalkrj/224295316803,naver_blog,느금마,canonical,1.0,2026-05-26T11:15:49.899489+00:00,0,0,0,0,=,늘었다 <b>느금마</b>했습니다 문래에 찾아 놓은 카페를 갔어요 의영: 야 진심 장난하지 마 저도 좀 당황했지만 여기 진짜 카페 맞습니다 의영 선배가 친히 동묘에서 사 오신 청사과왁뿌볼을 후원해 주셨어요 청사과는... ,"{""title"": ""부처님 어서오시소"", ""link"": ""https://blog.naver.com/equalkrj/224295316803"", ""description"": ""늘었다 <b>느금마</b>했습니다 문래에 찾아 놓은 카페를 갔어요 의영: 야 진심 장난하지 마 저도 좀 당황했지만 여기 진짜 카페 맞습니다 의영 선배가 친히 동묘에서 사 오신 청사과왁뿌볼을 후원해 주셨어요 청사과는... "", ""bloggername"": ""="", ""bloggerlink"": ""blog.naver.com/equalkrj"", ""postdate"": ""20260524""}",늘었다 <b>느금마</b>했습니다 문래에 찾아 놓은 카페를 갔어요 의영: 야 진심 장난하지 마 저도 좀 당황했지만 여기 진짜 카페 맞습니다 의영 선배가 친히 동묘에서 사 오신 청사과왁뿌볼을 후원해 주셨어요 청사과는... ,,=,blog.naver.com/equalkrj
느금마,single_term_fallback,느금마,,일기 #54,20260524,,,,https://blog.naver.com/rashisyammy/224295103234,naver_blog,느금마,canonical,1.0,2026-05-26T11:15:49.899489+00:00,0,0,0,0,2026생존기,안녕하십니까 기분좋은금요일 그 제가 이상한 사람은 아니고 고등학교를 다니던 시절 괌맨들과 장난으로 하는 말이 있었는데요 다들 나쁜의도없이 장난으로만 하는 말이니까 오해는 말아주세요 바로 <b>느금마</b>인... ,"{""title"": ""일기 #54"", ""link"": ""https://blog.naver.com/rashisyammy/224295103234"", ""description"": ""안녕하십니까 기분좋은금요일 그 제가 이상한 사람은 아니고 고등학교를 다니던 시절 괌맨들과 장난으로 하는 말이 있었는데요 다들 나쁜의도없이 장난으로만 하는 말이니까 오해는 말아주세요 바로 <b>느금마</b>인... "", ""bloggername"": ""2026생존기"", ""bloggerlink"": ""blog.naver.com/rashisyammy"", ""postdate"": ""20260524""}",안녕하십니까 기분좋은금요일 그 제가 이상한 사람은 아니고 고등학교를 다니던 시절 괌맨들과 장난으로 하는 말이 있었는데요 다들 나쁜의도없이 장난으로만 하는 말이니까 오해는 말아주세요 바로 <b>느금마</b>인... ,,2026생존기,blog.naver.com/rashisyammy
느금마,single_term_fallback,느금마,,여러분,20260524,,,,https://blog.naver.com/jiyuni_ahs/224294979180,naver_blog,느금마,canonical,1.0,2026-05-26T11:15:49.899489+00:00,0,0,0,0,Forever in the rain,<b>느금마</b> 라는 말을 아십니까 저는 이 단어를 정말 좋아합니다. 모든걸 설명하기귀찮은데 진짜 짜증날때 <b>느금마</b>. 이 한마디로 정리됩니다.,"{""title"": ""여러분"", ""link"": ""https://blog.naver.com/jiyuni_ahs/224294979180"", ""description"": ""<b>느금마</b> 라는 말을 아십니까 저는 이 단어를 정말 좋아합니다. 모든걸 설명하기귀찮은데 진짜 짜증날때 <b>느금마</b>. 이 한마디로 정리됩니다."", ""bloggername"": ""Forever in the rain"", ""bloggerlink"": ""blog.naver.com/jiyuni_ahs"", ""postdate"": ""20260524""}",<b>느금마</b> 라는 말을 아십니까 저는 이 단어를 정말 좋아합니다. 모든걸 설명하기귀찮은데 진짜 짜증날때 <b>느금마</b>. 이 한마디로 정리됩니다.,,Forever in the rain,blog.naver.com/jiyuni_ahs
느금마,single_term_fallback,느금마,,<b>느금마</b> 노래방 가서 DMX  party up 부름,20260521,,,,https://blog.naver.com/ihopesogod0691/224292821195,naver_blog,느금마,canonical,1.0,2026-05-26T11:15:49.899489+00:00,0,0,0,0,맛집탐구하는 블린이,<b>느금마</b> 노래방 가서 DMX party up 부름,"{""title"": ""<b>느금마</b> 노래방 가서 DMX  party up 부름"", ""link"": ""https://blog.naver.com/ihopesogod0691/224292821195"", ""description"": ""<b>느금마</b> 노래방 가서 DMX party up 부름"", ""bloggername"": ""맛집탐구하는 블린이"", ""bloggerlink"": ""blog.naver.com/ihopesogod0691"", ""postdate"": ""20260521""}",<b>느금마</b> 노래방 가서 DMX party up 부름,,맛집탐구하는 블린이,blog.naver.com/ihopesogod0691
느금마,single_term_fallback,느금마,,역사는 반복된다?[가면라이더 젯츠],20260521,,,,https://blog.naver.com/rangrook0103/224292768888,naver_blog,느금마,canonical,1.0,2026-05-26T11:15:49.899489+00:00,0,0,0,0,나의 특촬물 아카데미아,"왈왈!!!(<b>느금마</b> 고양이) 왈왈왈! 컹 컹!!(이 새끼가 선 넘네?!) 알았어, 알았다고....! 이걸... 이걸 포기하면 될 거 아니야.... 약속은 지키겠다 (솜니아!) 왈왈왈왈왈?!?! 아르르르르...! 현타 올 걱정은 안 해도 돼... ","{""title"": ""역사는 반복된다?[가면라이더 젯츠]"", ""link"": ""https://blog.naver.com/rangrook0103/224292768888"", ""description"": ""왈왈!!!(<b>느금마</b> 고양이) 왈왈왈! 컹 컹!!(이 새끼가 선 넘네?!) 알았어, 알았다고....! 이걸... 이걸 포기하면 될 거 아니야.... 약속은 지키겠다 (솜니아!) 왈왈왈왈왈?!?! 아르르르르...! 현타 올 걱정은 안 해도 돼... "", ""bloggername"": ""나의 특촬물 아카데미아"", ""bloggerlink"": ""blog.naver.com/rangrook0103"", ""postdate"": ""20260521""}","왈왈!!!(<b>느금마</b> 고양이) 왈왈왈! 컹 컹!!(이 새끼가 선 넘네?!) 알았어, 알았다고....! 이걸... 이걸 포기하면 될 거 아니야.... 약속은 지키겠다 (솜니아!) 왈왈왈왈왈?!?! 아르르르르...! 현타 올 걱정은 안 해도 돼... ",,나의 특촬물 아카데미아,blog.naver.com/rangrook0103
느금마,single_term_fallback,느금마,,[도쿄 어학연수] #1 목표:,20260521,,,,https://blog.naver.com/makeittt/224292735706,naver_blog,느금마,canonical,1.0,2026-05-26T11:15:49.899489+00:00,0,0,0,0,こんにちは,가격이<b>느금마</b>같다는게아니라(이것도사실맞음 그 택시 시스템?이름이nearme래요 와 뭐지? 집이 죤내 넓어 칭긔들이 오래자주놀러와있어서 넓은집한건데 생각보다 너무넓네 이불없이 자서 진심 입돌아갈뻔;;... ,"{""title"": ""[도쿄 어학연수] #1 목표:"", ""link"": ""https://blog.naver.com/makeittt/224292735706"", ""description"": ""가격이<b>느금마</b>같다는게아니라(이것도사실맞음 그 택시 시스템?이름이nearme래요 와 뭐지? 집이 죤내 넓어 칭긔들이 오래자주놀러와있어서 넓은집한건데 생각보다 너무넓네 이불없이 자서 진심 입돌아갈뻔;;... "", ""bloggername"": ""こんにちは"", ""bloggerlink"": ""blog.naver.com/makeittt"", ""postdate"": ""20260521""}",가격이<b>느금마</b>같다는게아니라(이것도사실맞음 그 택시 시스템?이름이nearme래요 와 뭐지? 집이 죤내 넓어 칭긔들이 오래자주놀러와있어서 넓은집한건데 생각보다 너무넓네 이불없이 자서 진심 입돌아갈뻔;;... ,,こんにちは,blog.naver.com/makeittt
느금마,single_term_fallback,느금마,,<b>느금마</b> 흑인 랩퍼,20260521,,,,https://blog.naver.com/ihopesogod0691/224292371095,naver_blog,느금마,canonical,1.0,2026-05-26T11:15:49.899489+00:00,0,0,0,0,맛집탐구하는 블린이,피쳐링 신미영,"{""title"": ""<b>느금마</b> 흑인 랩퍼"", ""link"": ""https://blog.naver.com/ihopesogod0691/224292371095"", ""description"": ""피쳐링 신미영"", ""bloggername"": ""맛집탐구하는 블린이"", ""bloggerlink"": ""blog.naver.com/ihopesogod0691"", ""postdate"": ""20260521""}",피쳐링 신미영,,맛집탐구하는 블린이,blog.naver.com/ihopesogod0691
느금마,single_term_fallback,느금마,,"짜증나는 글들, 근데 이제 인용문 2개를 곁들인",20260521,,,,https://blog.naver.com/cyberpunk2075/224291906983,naver_blog,느금마,canonical,1.0,2026-05-26T11:15:49.899489+00:00,0,0,0,0,S,"살다 보면 진짜 ㅈ같이 행동하는 놈들이 많아서, “<b>느금마</b>”라고 외쳐주고 싶은 ㅅㄲ들이 너무 많다.... <b>느금마</b> 느억맘 능금 사과 사과드립니다. 아 마지막으로 하나 더. 그냥 여자가 좋아할만한 글만 쓰는... ","{""title"": ""짜증나는 글들, 근데 이제 인용문 2개를 곁들인"", ""link"": ""https://blog.naver.com/cyberpunk2075/224291906983"", ""description"": ""살다 보면 진짜 ㅈ같이 행동하는 놈들이 많아서, “<b>느금마</b>”라고 외쳐주고 싶은 ㅅㄲ들이 너무 많다.... <b>느금마</b> 느억맘 능금 사과 사과드립니다. 아 마지막으로 하나 더. 그냥 여자가 좋아할만한 글만 쓰는... "", ""bloggername"": ""S"", ""bloggerlink"": ""blog.naver.com/cyberpunk2075"", ""postdate"": ""20260521""}","살다 보면 진짜 ㅈ같이 행동하는 놈들이 많아서, “<b>느금마</b>”라고 외쳐주고 싶은 ㅅㄲ들이 너무 많다.... <b>느금마</b> 느억맘 능금 사과 사과드립니다. 아 마지막으로 하나 더. 그냥 여자가 좋아할만한 글만 쓰는... ",,S,blog.naver.com/cyberpunk2075
느금마,single_term_fallback,느금마,,"최악의 국힙씬, 최악의 선배들. (프릭쇼 쁘띠쁘띠)",20260520,,,,https://blog.naver.com/5manwine/224291429688,naver_blog,느금마,canonical,1.0,2026-05-26T11:15:49.899489+00:00,0,0,0,0,7호선 와인쟁이,3) 사실 리치 이기의 가사는 픽시 타고 니애미 <b>느금마</b> 소리 지르면서 동네방네 민폐나 끼치는 일진 남중딩의 감성이어서 별다른 생각이 들지 않는다. 그저 유치하고 그의 음악을 듣고 싶지 않을 뿐. 리치 이기는... ,"{""title"": ""최악의 국힙씬, 최악의 선배들. (프릭쇼 쁘띠쁘띠)"", ""link"": ""https://blog.naver.com/5manwine/224291429688"", ""description"": ""3) 사실 리치 이기의 가사는 픽시 타고 니애미 <b>느금마</b> 소리 지르면서 동네방네 민폐나 끼치는 일진 남중딩의 감성이어서 별다른 생각이 들지 않는다. 그저 유치하고 그의 음악을 듣고 싶지 않을 뿐. 리치 이기는... "", ""bloggername"": ""7호선 와인쟁이"", ""bloggerlink"": ""blog.naver.com/5manwine"", ""postdate"": ""20260520""}",3) 사실 리치 이기의 가사는 픽시 타고 니애미 <b>느금마</b> 소리 지르면서 동네방네 민폐나 끼치는 일진 남중딩의 감성이어서 별다른 생각이 들지 않는다. 그저 유치하고 그의 음악을 듣고 싶지 않을 뿐. 리치 이기는... ,,7호선 와인쟁이,blog.naver.com/5manwine
느금마,single_term_fallback,느금마,,[상하이] 오늘도 <b>느금마</b>하셨네요,20260520,,,,https://blog.naver.com/atj1201/224291383445,naver_blog,느금마,canonical,1.0,2026-05-26T11:15:49.899489+00:00,0,0,0,0,세상은요지경,<b>느금마</b> 같은 상하이 3박 4일 당일에 짐 부랴부랴싸서 얼레벌레출발함 미루기는 아주 세상에서 제일가는 울퉁불퉁싸나에 울아버지 : 데파츄레 무난....무난합니다 근데 출국전 메뉴로는 음~ 그냥그랬다 뭔... ,"{""title"": ""[상하이] 오늘도 <b>느금마</b>하셨네요"", ""link"": ""https://blog.naver.com/atj1201/224291383445"", ""description"": ""<b>느금마</b> 같은 상하이 3박 4일 당일에 짐 부랴부랴싸서 얼레벌레출발함 미루기는 아주 세상에서 제일가는 울퉁불퉁싸나에 울아버지 : 데파츄레 무난....무난합니다 근데 출국전 메뉴로는 음~ 그냥그랬다 뭔... "", ""bloggername"": ""세상은요지경"", ""bloggerlink"": ""blog.naver.com/atj1201"", ""postdate"": ""20260520""}",<b>느금마</b> 같은 상하이 3박 4일 당일에 짐 부랴부랴싸서 얼레벌레출발함 미루기는 아주 세상에서 제일가는 울퉁불퉁싸나에 울아버지 : 데파츄레 무난....무난합니다 근데 출국전 메뉴로는 음~ 그냥그랬다 뭔... ,,세상은요지경,blog.naver.com/atj1201
느금마,single_term_fallback,느금마,,엄성현 처하자 That's green green,20260519,,,,https://blog.naver.com/beeunixxn/224290469291,naver_blog,느금마,canonical,1.0,2026-05-26T11:15:49.899489+00:00,0,0,0,0,사랑하는데 왜 안되지?,하 ㅋㅋ 그래서 그냥 양도행열차 탔어요 니애미요~~ 양도받을려고햇는데 시세가 존나 <b>느금마</b>라서 안받음 사실 기대도안함... 아니존나함...사실안함...아니미친듯이함... ,"{""title"": ""엄성현 처하자 That's green green"", ""link"": ""https://blog.naver.com/beeunixxn/224290469291"", ""description"": ""하 ㅋㅋ 그래서 그냥 양도행열차 탔어요 니애미요~~ 양도받을려고햇는데 시세가 존나 <b>느금마</b>라서 안받음 사실 기대도안함... 아니존나함...사실안함...아니미친듯이함... "", ""bloggername"": ""사랑하는데 왜 안되지?"", ""bloggerlink"": ""blog.naver.com/beeunixxn"", ""postdate"": ""20260519""}",하 ㅋㅋ 그래서 그냥 양도행열차 탔어요 니애미요~~ 양도받을려고햇는데 시세가 존나 <b>느금마</b>라서 안받음 사실 기대도안함... 아니존나함...사실안함...아니미친듯이함... ,,사랑하는데 왜 안되지?,blog.naver.com/beeunixxn
느금마,single_term_fallback,느금마,,나우아임올드앤타이어드,20260517,,,,https://blog.naver.com/jkxxz/224288256808,naver_blog,느금마,canonical,1.0,2026-05-26T11:15:49.899489+00:00,0,0,0,0,대충 살자,그마고 <b>느금마</b>고 뭐고 <b>느금마</b>스터고 지랄이고 안 믿어요 그논리면 나는 롤 개발자였어요시발아?ㅋㅋ 글고 맨날 나랑 듀오하자는 개애미척살난년들 하루에 밥먹고 롤만 12시간하는 유나랑 1대1 까서 이기면... ,"{""title"": ""나우아임올드앤타이어드"", ""link"": ""https://blog.naver.com/jkxxz/224288256808"", ""description"": ""그마고 <b>느금마</b>고 뭐고 <b>느금마</b>스터고 지랄이고 안 믿어요 그논리면 나는 롤 개발자였어요시발아?ㅋㅋ 글고 맨날 나랑 듀오하자는 개애미척살난년들 하루에 밥먹고 롤만 12시간하는 유나랑 1대1 까서 이기면... "", ""bloggername"": ""대충 살자"", ""bloggerlink"": ""blog.naver.com/jkxxz"", ""postdate"": ""20260517""}",그마고 <b>느금마</b>고 뭐고 <b>느금마</b>스터고 지랄이고 안 믿어요 그논리면 나는 롤 개발자였어요시발아?ㅋㅋ 글고 맨날 나랑 듀오하자는 개애미척살난년들 하루에 밥먹고 롤만 12시간하는 유나랑 1대1 까서 이기면... ,,대충 살자,blog.naver.com/jkxxz
느금마,single_term_fallback,느금마,,<b>느금마</b> 자다가 꽹과리 소리 듣고 일어나더라,20260516,,,,https://blog.naver.com/ihopesogod0691/224287662048,naver_blog,느금마,canonical,1.0,2026-05-26T11:15:49.899489+00:00,0,0,0,0,맛집탐구하는 블린이,내가 옆에서 꽹과리침 ㅎ,"{""title"": ""<b>느금마</b> 자다가 꽹과리 소리 듣고 일어나더라"", ""link"": ""https://blog.naver.com/ihopesogod0691/224287662048"", ""description"": ""내가 옆에서 꽹과리침 ㅎ"", ""bloggername"": ""맛집탐구하는 블린이"", ""bloggerlink"": ""blog.naver.com/ihopesogod0691"", ""postdate"": ""20260516""}",내가 옆에서 꽹과리침 ㅎ,,맛집탐구하는 블린이,blog.naver.com/ihopesogod0691
느금마,single_term_fallback,느금마,,ルカルカ★ナイトフィーバー,20260516,,,,https://blog.naver.com/heowunxi/224287628302,naver_blog,느금마,canonical,1.0,2026-05-26T11:15:49.899489+00:00,0,0,0,0,⠀,<b>느금마</b>소리밖에안나옴 짱구보면서 예.쓰 정리햇는데 뭔그렇게 처많이산건지 2년전에사두고 지금뜯음 논제로섬 다시봣어요 한달?2주..? 만에 다시봄 미친년이지그냥 정신병에게로 내가간다는거지 그만큼... ,"{""title"": ""ルカルカ★ナイトフィーバー"", ""link"": ""https://blog.naver.com/heowunxi/224287628302"", ""description"": ""<b>느금마</b>소리밖에안나옴 짱구보면서 예.쓰 정리햇는데 뭔그렇게 처많이산건지 2년전에사두고 지금뜯음 논제로섬 다시봣어요 한달?2주..? 만에 다시봄 미친년이지그냥 정신병에게로 내가간다는거지 그만큼... "", ""bloggername"": ""⠀"", ""bloggerlink"": ""blog.naver.com/heowunxi"", ""postdate"": ""20260516""}",<b>느금마</b>소리밖에안나옴 짱구보면서 예.쓰 정리햇는데 뭔그렇게 처많이산건지 2년전에사두고 지금뜯음 논제로섬 다시봣어요 한달?2주..? 만에 다시봄 미친년이지그냥 정신병에게로 내가간다는거지 그만큼... ,,⠀,blog.naver.com/heowunxi
느금마,single_term_fallback,느금마,,안규백 예비군 정예화 추진 <b>느금마</b> 댓글 달리는 이유,20260514,,,,https://blog.naver.com/vitaminnala/224285784544,naver_blog,느금마,canonical,1.0,2026-05-26T11:15:49.899489+00:00,0,0,0,0,방랑캠퍼,안규백 예비군 정예화 추진 <b>느금마</b> 댓글 달리는 이유 막상 전쟁 터지면 작전권도 없는 주제에... 예비군은 전쟁 터지는것 대비해서 준비하는 것인데... 막상 전쟁 터지먄 작전권도 없는 주제에 주제 파악이 안되는... ,"{""title"": ""안규백 예비군 정예화 추진 <b>느금마</b> 댓글 달리는 이유"", ""link"": ""https://blog.naver.com/vitaminnala/224285784544"", ""description"": ""안규백 예비군 정예화 추진 <b>느금마</b> 댓글 달리는 이유 막상 전쟁 터지면 작전권도 없는 주제에... 예비군은 전쟁 터지는것 대비해서 준비하는 것인데... 막상 전쟁 터지먄 작전권도 없는 주제에 주제 파악이 안되는... "", ""bloggername"": ""방랑캠퍼"", ""bloggerlink"": ""blog.naver.com/vitaminnala"", ""postdate"": ""20260514""}",안규백 예비군 정예화 추진 <b>느금마</b> 댓글 달리는 이유 막상 전쟁 터지면 작전권도 없는 주제에... 예비군은 전쟁 터지는것 대비해서 준비하는 것인데... 막상 전쟁 터지먄 작전권도 없는 주제에 주제 파악이 안되는... ,,방랑캠퍼,blog.naver.com/vitaminnala
느금마,single_term_fallback,느금마,,2026년 5월 14일 목요일,20260514,,,,https://blog.naver.com/iam_yesir/224285744730,naver_blog,느금마,canonical,1.0,2026-05-26T11:15:49.899489+00:00,0,0,0,0,달빛솜구름,아놔 누가 그냥 담배빵 놓은 줄 알았는데.. <b>느금마</b>로 해두면 .. 느낌 좋은 금요일엔 마라탕~ 내 필름.. 배송왔는데 골드는 아주 그냥 개박살이 나서 왔는데요 ? 박스만 개박살이고 필름 은 괜찮지만 기분은 좀;;,"{""title"": ""2026년 5월 14일 목요일"", ""link"": ""https://blog.naver.com/iam_yesir/224285744730"", ""description"": ""아놔 누가 그냥 담배빵 놓은 줄 알았는데.. <b>느금마</b>로 해두면 .. 느낌 좋은 금요일엔 마라탕~ 내 필름.. 배송왔는데 골드는 아주 그냥 개박살이 나서 왔는데요 ? 박스만 개박살이고 필름 은 괜찮지만 기분은 좀;;"", ""bloggername"": ""달빛솜구름"", ""bloggerlink"": ""blog.naver.com/iam_yesir"", ""postdate"": ""20260514""}",아놔 누가 그냥 담배빵 놓은 줄 알았는데.. <b>느금마</b>로 해두면 .. 느낌 좋은 금요일엔 마라탕~ 내 필름.. 배송왔는데 골드는 아주 그냥 개박살이 나서 왔는데요 ? 박스만 개박살이고 필름 은 괜찮지만 기분은 좀;;,,달빛솜구름,blog.naver.com/iam_yesir
느금마,single_term_fallback,느금마,,[제목] 스트리머 로봉순 프로필! 본명부터 사건사고... ,20260513,,,,https://blog.naver.com/hotissueinsight/224266785092,naver_blog,느금마,canonical,1.0,2026-05-26T11:15:49.899489+00:00,0,0,0,0,핫이슈 인사이트,"<b>느금마</b>엔터테인먼트(NGM): 신태일 패밀리의 유일한 여성 멤버(준멤버)로 활동하며 '관종의 삶' 등 레전드 콘텐츠에 다수 출연했습니다. 노애미크루 활동: 2025년 4월, 신태일의 노애미크루 2기로... ","{""title"": ""[제목] 스트리머 로봉순 프로필! 본명부터 사건사고... "", ""link"": ""https://blog.naver.com/hotissueinsight/224266785092"", ""description"": ""<b>느금마</b>엔터테인먼트(NGM): 신태일 패밀리의 유일한 여성 멤버(준멤버)로 활동하며 '관종의 삶' 등 레전드 콘텐츠에 다수 출연했습니다. 노애미크루 활동: 2025년 4월, 신태일의 노애미크루 2기로... "", ""bloggername"": ""핫이슈 인사이트"", ""bloggerlink"": ""blog.naver.com/hotissueinsight"", ""postdate"": ""20260513""}","<b>느금마</b>엔터테인먼트(NGM): 신태일 패밀리의 유일한 여성 멤버(준멤버)로 활동하며 '관종의 삶' 등 레전드 콘텐츠에 다수 출연했습니다. 노애미크루 활동: 2025년 4월, 신태일의 노애미크루 2기로... ",,핫이슈 인사이트,blog.naver.com/hotissueinsight
느금마,single_term_fallback,느금마,,이걸위해태어날수는없어,20260513,,,,https://blog.naver.com/superyoungwest/224283844658,naver_blog,느금마,canonical,1.0,2026-05-26T11:15:49.899489+00:00,0,0,0,0,국내여초딩갤러리,발로란트잘하고싶은데씨발 난초딩만치도못한다 이쯤되면하는자기합리화 #게임을꼭잘해야만하나 내가쳐박을땐돈마이 남이처박으면<b>느금마</b>ㅋ 난게임을너무못한다,"{""title"": ""이걸위해태어날수는없어"", ""link"": ""https://blog.naver.com/superyoungwest/224283844658"", ""description"": ""발로란트잘하고싶은데씨발 난초딩만치도못한다 이쯤되면하는자기합리화 #게임을꼭잘해야만하나 내가쳐박을땐돈마이 남이처박으면<b>느금마</b>ㅋ 난게임을너무못한다"", ""bloggername"": ""국내여초딩갤러리"", ""bloggerlink"": ""blog.naver.com/superyoungwest"", ""postdate"": ""20260513""}",발로란트잘하고싶은데씨발 난초딩만치도못한다 이쯤되면하는자기합리화 #게임을꼭잘해야만하나 내가쳐박을땐돈마이 남이처박으면<b>느금마</b>ㅋ 난게임을너무못한다,,국내여초딩갤러리,blog.naver.com/superyoungwest
느금마,single_term_fallback,느금마,,서영아 어디니 I'm at the 힙플페,20260513,,,,https://blog.naver.com/covetfor/224283554382,naver_blog,느금마,canonical,1.0,2026-05-26T11:15:49.899489+00:00,0,0,0,0,智者樂水,디오 비제이 산이 가리온 산이슬로 피타입 이걸 내가 라이브로 들을 줄이야 너무 목 마르고 다리 아파져서 씨잼 보기 전에 나옴 ㅜㅜ 나오는 길에 잠깐 vvd 봤는데 블랙넛한테서 <b>느금마</b> 소리 듣다가 로꼬는... ,"{""title"": ""서영아 어디니 I'm at the 힙플페"", ""link"": ""https://blog.naver.com/covetfor/224283554382"", ""description"": ""디오 비제이 산이 가리온 산이슬로 피타입 이걸 내가 라이브로 들을 줄이야 너무 목 마르고 다리 아파져서 씨잼 보기 전에 나옴 ㅜㅜ 나오는 길에 잠깐 vvd 봤는데 블랙넛한테서 <b>느금마</b> 소리 듣다가 로꼬는... "", ""bloggername"": ""智者樂水"", ""bloggerlink"": ""blog.naver.com/covetfor"", ""postdate"": ""20260513""}",디오 비제이 산이 가리온 산이슬로 피타입 이걸 내가 라이브로 들을 줄이야 너무 목 마르고 다리 아파져서 씨잼 보기 전에 나옴 ㅜㅜ 나오는 길에 잠깐 vvd 봤는데 블랙넛한테서 <b>느금마</b> 소리 듣다가 로꼬는... ,,智者樂水,blog.naver.com/covetfor
느금마,single_term_fallback,느금마,,<b>느금마</b> 미군이랑 붙어처먹은년 화냥년 양공주,20260512,,,,https://blog.naver.com/dr181231/224283470444,naver_blog,느금마,canonical,1.0,2026-05-26T11:15:49.899489+00:00,0,0,0,0,가능공주님 호위본부,도조 히데키 폐해,"{""title"": ""<b>느금마</b> 미군이랑 붙어처먹은년 화냥년 양공주"", ""link"": ""https://blog.naver.com/dr181231/224283470444"", ""description"": ""도조 히데키 폐해"", ""bloggername"": ""가능공주님 호위본부"", ""bloggerlink"": ""blog.naver.com/dr181231"", ""postdate"": ""20260512""}",도조 히데키 폐해,,가능공주님 호위본부,blog.naver.com/dr181231
느금마,single_term_fallback,느금마,,구라 안치고 지하철에서                  똑같은 새끼만 12명을 봤어,20260511,,,,https://blog.naver.com/ylxrsxn/224281200626,naver_blog,느금마,canonical,1.0,2026-05-26T11:15:49.899489+00:00,0,0,0,0,Okokok,나세하랑<b>느금마</b>하기로함 (느낌좋은금요일에마라탕먹기)//// 하아… 누가나보고법사하라했어현사윤하라했어동역기하라했어 하뉴니랑공브하러도서관갔음ㅎㅎ 진짜진짜한오분자고공부개열심히했음... ,"{""title"": ""구라 안치고 지하철에서                  똑같은 새끼만 12명을 봤어"", ""link"": ""https://blog.naver.com/ylxrsxn/224281200626"", ""description"": ""나세하랑<b>느금마</b>하기로함 (느낌좋은금요일에마라탕먹기)//// 하아… 누가나보고법사하라했어현사윤하라했어동역기하라했어 하뉴니랑공브하러도서관갔음ㅎㅎ 진짜진짜한오분자고공부개열심히했음... "", ""bloggername"": ""Okokok"", ""bloggerlink"": ""blog.naver.com/ylxrsxn"", ""postdate"": ""20260511""}",나세하랑<b>느금마</b>하기로함 (느낌좋은금요일에마라탕먹기)//// 하아… 누가나보고법사하라했어현사윤하라했어동역기하라했어 하뉴니랑공브하러도서관갔음ㅎㅎ 진짜진짜한오분자고공부개열심히했음... ,,Okokok,blog.naver.com/ylxrsxn
느금마,single_term_fallback,느금마,,<b>느금마</b> 똥꼬털 뽑아서 겨드랑이 이식 함,20260510,,,,https://blog.naver.com/ihopesogod0691/224280591271,naver_blog,느금마,canonical,1.0,2026-05-26T11:15:49.899489+00:00,0,0,0,0,맛집탐구하는 블린이,ㅁ,"{""title"": ""<b>느금마</b> 똥꼬털 뽑아서 겨드랑이 이식 함"", ""link"": ""https://blog.naver.com/ihopesogod0691/224280591271"", ""description"": ""ㅁ"", ""bloggername"": ""맛집탐구하는 블린이"", ""bloggerlink"": ""blog.naver.com/ihopesogod0691"", ""postdate"": ""20260510""}",ㅁ,,맛집탐구하는 블린이,blog.naver.com/ihopesogod0691
느금마,single_term_fallback,느금마,,<b>느금마</b> 초대남이랑 헤어지고 발로 바닥 차다가,20260509,,,,https://blog.naver.com/ihopesogod0691/224279522125,naver_blog,느금마,canonical,1.0,2026-05-26T11:15:49.899489+00:00,0,0,0,0,맛집탐구하는 블린이,경찰이 잡아감,"{""title"": ""<b>느금마</b> 초대남이랑 헤어지고 발로 바닥 차다가"", ""link"": ""https://blog.naver.com/ihopesogod0691/224279522125"", ""description"": ""경찰이 잡아감"", ""bloggername"": ""맛집탐구하는 블린이"", ""bloggerlink"": ""blog.naver.com/ihopesogod0691"", ""postdate"": ""20260509""}",경찰이 잡아감,,맛집탐구하는 블린이,blog.naver.com/ihopesogod0691
느금마,single_term_fallback,느금마,,<b>느금마</b> 노래방 가서 헤이 랩해도되 부르더라,20260509,,,,https://blog.naver.com/ihopesogod0691/224279520374,naver_blog,느금마,canonical,1.0,2026-05-26T11:15:49.899489+00:00,0,0,0,0,맛집탐구하는 블린이,이비아 랩해도되랑 병맛노래,"{""title"": ""<b>느금마</b> 노래방 가서 헤이 랩해도되 부르더라"", ""link"": ""https://blog.naver.com/ihopesogod0691/224279520374"", ""description"": ""이비아 랩해도되랑 병맛노래"", ""bloggername"": ""맛집탐구하는 블린이"", ""bloggerlink"": ""blog.naver.com/ihopesogod0691"", ""postdate"": ""20260509""}",이비아 랩해도되랑 병맛노래,,맛집탐구하는 블린이,blog.naver.com/ihopesogod0691
느금마,single_term_fallback,느금마,,중졸무직앰생은 뭐하고 살까?,20260508,,,,https://blog.naver.com/tojong_dak/224279283892,naver_blog,느금마,canonical,1.0,2026-05-26T11:15:49.899489+00:00,0,0,0,0,김나은,은지쌤이랑 마라탕먹음 내가 중국인보다 마라탕 자주 먹을듯 <b>느금마</b>의 유해를 모으는 것은 코노죠니죠스타다!!!!!!!!!!!!! 부차라티 피규어 배송옴!야르 아리 아리 아리 아리 아리 아리 아리!!!!!!!!! 아리베데르치... ,"{""title"": ""중졸무직앰생은 뭐하고 살까?"", ""link"": ""https://blog.naver.com/tojong_dak/224279283892"", ""description"": ""은지쌤이랑 마라탕먹음 내가 중국인보다 마라탕 자주 먹을듯 <b>느금마</b>의 유해를 모으는 것은 코노죠니죠스타다!!!!!!!!!!!!! 부차라티 피규어 배송옴!야르 아리 아리 아리 아리 아리 아리 아리!!!!!!!!! 아리베데르치... "", ""bloggername"": ""김나은"", ""bloggerlink"": ""blog.naver.com/tojong_dak"", ""postdate"": ""20260508""}",은지쌤이랑 마라탕먹음 내가 중국인보다 마라탕 자주 먹을듯 <b>느금마</b>의 유해를 모으는 것은 코노죠니죠스타다!!!!!!!!!!!!! 부차라티 피규어 배송옴!야르 아리 아리 아리 아리 아리 아리 아리!!!!!!!!! 아리베데르치... ,,김나은,blog.naver.com/tojong_dak
느금마,single_term_fallback,느금마,,[Review] 행복했던 하루,20260506,,,,https://blog.naver.com/waynelim0312/224277059547,naver_blog,느금마,canonical,1.0,2026-05-26T11:15:49.899489+00:00,0,0,0,0,프로N잡러 임프로의 일상&기록,"아기노루 <b>느금마</b> 아니 너희 어머니셨니..? (인성) 01:30 PM 극후반부에 돌입했어요 이때 솔직히, 제 자신이 대견스러웠어요 한시반이라니.. 한라산을.. 하면서.. 01:40 PM 한라산 완등 등산 : 06시~10시 하산 : 10시반... ","{""title"": ""[Review] 행복했던 하루"", ""link"": ""https://blog.naver.com/waynelim0312/224277059547"", ""description"": ""아기노루 <b>느금마</b> 아니 너희 어머니셨니..? (인성) 01:30 PM 극후반부에 돌입했어요 이때 솔직히, 제 자신이 대견스러웠어요 한시반이라니.. 한라산을.. 하면서.. 01:40 PM 한라산 완등 등산 : 06시~10시 하산 : 10시반... "", ""bloggername"": ""프로N잡러 임프로의 일상&기록"", ""bloggerlink"": ""blog.naver.com/waynelim0312"", ""postdate"": ""20260506""}","아기노루 <b>느금마</b> 아니 너희 어머니셨니..? (인성) 01:30 PM 극후반부에 돌입했어요 이때 솔직히, 제 자신이 대견스러웠어요 한시반이라니.. 한라산을.. 하면서.. 01:40 PM 한라산 완등 등산 : 06시~10시 하산 : 10시반... ",,프로N잡러 임프로의 일상&기록,blog.naver.com/waynelim0312
느금마,single_term_fallback,느금마,,13의 <b>느금마</b>라는 영화를 제일 좋아해,20260506,,,,https://blog.naver.com/zagisogae/224275879922,naver_blog,느금마,canonical,1.0,2026-05-26T11:15:49.899489+00:00,0,0,0,0,이 페이지에 연결할 수 없습니다. 다시 시도해 주세요,,"{""title"": ""13의 <b>느금마</b>라는 영화를 제일 좋아해"", ""link"": ""https://blog.naver.com/zagisogae/224275879922"", ""description"": """", ""bloggername"": ""이 페이지에 연결할 수 없습니다. 다시 시도해 주세요"", ""bloggerlink"": ""blog.naver.com/zagisogae"", ""postdate"": ""20260506""}",,,이 페이지에 연결할 수 없습니다. 다시 시도해 주세요,blog.naver.com/zagisogae
느금마,single_term_fallback,느금마,,<b>느금마</b> 발기,20260505,,,,https://blog.naver.com/ihopesogod0691/224275789363,naver_blog,느금마,canonical,1.0,2026-05-26T11:15:49.899489+00:00,0,0,0,0,맛집탐구하는 블린이,ㅂ,"{""title"": ""<b>느금마</b> 발기"", ""link"": ""https://blog.naver.com/ihopesogod0691/224275789363"", ""description"": ""ㅂ"", ""bloggername"": ""맛집탐구하는 블린이"", ""bloggerlink"": ""blog.naver.com/ihopesogod0691"", ""postdate"": ""20260505""}",ㅂ,,맛집탐구하는 블린이,blog.naver.com/ihopesogod0691
느금마,single_term_fallback,느금마,,<b>느금마</b>~!,20260505,,,,https://blog.naver.com/ihopesogod0691/224275725661,naver_blog,느금마,canonical,1.0,2026-05-26T11:15:49.899489+00:00,0,0,0,0,맛집탐구하는 블린이,<b>느금마</b>~!,"{""title"": ""<b>느금마</b>~!"", ""link"": ""https://blog.naver.com/ihopesogod0691/224275725661"", ""description"": ""<b>느금마</b>~!"", ""bloggername"": ""맛집탐구하는 블린이"", ""bloggerlink"": ""blog.naver.com/ihopesogod0691"", ""postdate"": ""20260505""}",<b>느금마</b>~!,,맛집탐구하는 블린이,blog.naver.com/ihopesogod0691
느금마,single_term_fallback,느금마,,SHF 슬레타 머큐리,20260505,,,,https://blog.naver.com/ardanid/224275660902,naver_blog,느금마,canonical,1.0,2026-05-26T11:15:49.899489+00:00,0,0,0,0,두루미 둥지,너굴 따봉 한정판인 일반교복 버전도 떨이중이라 같이 데려왔습니다. 미오리네요? 그런 사람 모릅니다. 이 포스트는 농심에게 소정의 원고료를 받지 못했으니 좀 보내주세요. 마지막은 느.. <b>느금마</b>!,"{""title"": ""SHF 슬레타 머큐리"", ""link"": ""https://blog.naver.com/ardanid/224275660902"", ""description"": ""너굴 따봉 한정판인 일반교복 버전도 떨이중이라 같이 데려왔습니다. 미오리네요? 그런 사람 모릅니다. 이 포스트는 농심에게 소정의 원고료를 받지 못했으니 좀 보내주세요. 마지막은 느.. <b>느금마</b>!"", ""bloggername"": ""두루미 둥지"", ""bloggerlink"": ""blog.naver.com/ardanid"", ""postdate"": ""20260505""}",너굴 따봉 한정판인 일반교복 버전도 떨이중이라 같이 데려왔습니다. 미오리네요? 그런 사람 모릅니다. 이 포스트는 농심에게 소정의 원고료를 받지 못했으니 좀 보내주세요. 마지막은 느.. <b>느금마</b>!,,두루미 둥지,blog.naver.com/ardanid
느금마,single_term_fallback,느금마,,나와 너를 막는 건 다 신경 쓰지 마,20260505,,,,https://blog.naver.com/my_fullsun6/224275544407,naver_blog,느금마,canonical,1.0,2026-05-26T11:15:49.899489+00:00,0,0,0,0,CRIMINALOVE,또 <b>느금마</b>같은 상황이……. 체조안에 존나 더워서 핸드폰 자살함 더보이즈만 죽으면 되지 왜 아이폰16pro 너 까지 죽어버렸어? 자꾸 핸드폰 발열이 심해서 촬영을 할수가 없대 씨발몬소리냐고더보이즈앞에있는데... ,"{""title"": ""나와 너를 막는 건 다 신경 쓰지 마"", ""link"": ""https://blog.naver.com/my_fullsun6/224275544407"", ""description"": ""또 <b>느금마</b>같은 상황이……. 체조안에 존나 더워서 핸드폰 자살함 더보이즈만 죽으면 되지 왜 아이폰16pro 너 까지 죽어버렸어? 자꾸 핸드폰 발열이 심해서 촬영을 할수가 없대 씨발몬소리냐고더보이즈앞에있는데... "", ""bloggername"": ""CRIMINALOVE"", ""bloggerlink"": ""blog.naver.com/my_fullsun6"", ""postdate"": ""20260505""}",또 <b>느금마</b>같은 상황이……. 체조안에 존나 더워서 핸드폰 자살함 더보이즈만 죽으면 되지 왜 아이폰16pro 너 까지 죽어버렸어? 자꾸 핸드폰 발열이 심해서 촬영을 할수가 없대 씨발몬소리냐고더보이즈앞에있는데... ,,CRIMINALOVE,blog.naver.com/my_fullsun6
느금마,single_term_fallback,느금마,,"게임 채팅 한 줄, 통매음 처벌됩니다.",20260504,,,,https://blog.naver.com/younswn63/224274705714,naver_blog,느금마,canonical,1.0,2026-05-26T11:15:49.899489+00:00,0,0,0,0,법률시선 | 형사·이혼 실무 (전직경찰 ),“내가 <b>느금마</b> 따먹었으니 너는 내 자식이냐” 이 한 줄로 상황이 완전히 바뀝니다. 이걸 두고 “게임하다 보면 나올 수 있는 욕 아니냐” 이렇게 생각하는 경우가 많습니다. 그런데 실제로는 그렇게 보지... ,"{""title"": ""게임 채팅 한 줄, 통매음 처벌됩니다."", ""link"": ""https://blog.naver.com/younswn63/224274705714"", ""description"": ""“내가 <b>느금마</b> 따먹었으니 너는 내 자식이냐” 이 한 줄로 상황이 완전히 바뀝니다. 이걸 두고 “게임하다 보면 나올 수 있는 욕 아니냐” 이렇게 생각하는 경우가 많습니다. 그런데 실제로는 그렇게 보지... "", ""bloggername"": ""법률시선 | 형사·이혼 실무 (전직경찰 )"", ""bloggerlink"": ""blog.naver.com/younswn63"", ""postdate"": ""20260504""}",“내가 <b>느금마</b> 따먹었으니 너는 내 자식이냐” 이 한 줄로 상황이 완전히 바뀝니다. 이걸 두고 “게임하다 보면 나올 수 있는 욕 아니냐” 이렇게 생각하는 경우가 많습니다. 그런데 실제로는 그렇게 보지... ,,법률시선 | 형사·이혼 실무 (전직경찰 ),blog.naver.com/younswn63
느금마,single_term_fallback,느금마,,<b>느금마</b>,20260502,,,,https://blog.naver.com/je3111/224272604892,naver_blog,느금마,canonical,1.0,2026-05-26T11:15:49.899489+00:00,0,0,0,0,살기싫다,음 아무생각도 안든다 죽고싶음 그냥,"{""title"": ""<b>느금마</b>"", ""link"": ""https://blog.naver.com/je3111/224272604892"", ""description"": ""음 아무생각도 안든다 죽고싶음 그냥"", ""bloggername"": ""살기싫다"", ""bloggerlink"": ""blog.naver.com/je3111"", ""postdate"": ""20260502""}",음 아무생각도 안든다 죽고싶음 그냥,,살기싫다,blog.naver.com/je3111
느금마,single_term_fallback,느금마,,엔추파도스의 진짜 용례: 아르헨티나 주요 언론의 기사,20260501,,,,https://blog.naver.com/mudriy/224271757641,naver_blog,느금마,canonical,1.0,2026-05-26T11:15:49.899489+00:00,0,0,0,0,mudriy님의블로그,"대한 분노, 경멸, 혐오, 그리고 베네수엘라식 표현으로 말하자면 &quot;아레체라&quot;(arrechera, &quot;분노&quot;)를 반영한다. 아주 간단하다. &quot;마두로 <b>느금마</b> 창X&quot;(Maduro Coño'e tu madre) 관련 글: https://blog.naver.com/mudriy/224248563725","{""title"": ""엔추파도스의 진짜 용례: 아르헨티나 주요 언론의 기사"", ""link"": ""https://blog.naver.com/mudriy/224271757641"", ""description"": ""대한 분노, 경멸, 혐오, 그리고 베네수엘라식 표현으로 말하자면 &quot;아레체라&quot;(arrechera, &quot;분노&quot;)를 반영한다. 아주 간단하다. &quot;마두로 <b>느금마</b> 창X&quot;(Maduro Coño'e tu madre) 관련 글: https://blog.naver.com/mudriy/224248563725"", ""bloggername"": ""mudriy님의블로그"", ""bloggerlink"": ""blog.naver.com/mudriy"", ""postdate"": ""20260501""}","대한 분노, 경멸, 혐오, 그리고 베네수엘라식 표현으로 말하자면 &quot;아레체라&quot;(arrechera, &quot;분노&quot;)를 반영한다. 아주 간단하다. &quot;마두로 <b>느금마</b> 창X&quot;(Maduro Coño'e tu madre) 관련 글: https://blog.naver.com/mudriy/224248563725",,mudriy님의블로그,blog.naver.com/mudriy
느금마,single_term_fallback,느금마,,<b>느금마</b> 한 대 칠려고 주먹 쥐니까 사팔뜨기 눈 되더라,20260501,,,,https://blog.naver.com/ihopesogod0691/224271528600,naver_blog,느금마,canonical,1.0,2026-05-26T11:15:49.899489+00:00,0,0,0,0,맛집탐구하는 블린이,귀엽노,"{""title"": ""<b>느금마</b> 한 대 칠려고 주먹 쥐니까 사팔뜨기 눈 되더라"", ""link"": ""https://blog.naver.com/ihopesogod0691/224271528600"", ""description"": ""귀엽노"", ""bloggername"": ""맛집탐구하는 블린이"", ""bloggerlink"": ""blog.naver.com/ihopesogod0691"", ""postdate"": ""20260501""}",귀엽노,,맛집탐구하는 블린이,blog.naver.com/ihopesogod0691
느금마,single_term_fallback,느금마,,니한테 하는 말은 여기 뿐이라니까,20260501,,,,https://blog.naver.com/ihopesogod0691/224271224293,naver_blog,느금마,canonical,1.0,2026-05-26T11:15:49.899489+00:00,0,0,0,0,맛집탐구하는 블린이,그 외의 플랫폼은 니같은 병신 비유하느라 잠깐 얘기한 거고 <b>느금마</b> 크크루삥뽕,"{""title"": ""니한테 하는 말은 여기 뿐이라니까"", ""link"": ""https://blog.naver.com/ihopesogod0691/224271224293"", ""description"": ""그 외의 플랫폼은 니같은 병신 비유하느라 잠깐 얘기한 거고 <b>느금마</b> 크크루삥뽕"", ""bloggername"": ""맛집탐구하는 블린이"", ""bloggerlink"": ""blog.naver.com/ihopesogod0691"", ""postdate"": ""20260501""}",그 외의 플랫폼은 니같은 병신 비유하느라 잠깐 얘기한 거고 <b>느금마</b> 크크루삥뽕,,맛집탐구하는 블린이,blog.naver.com/ihopesogod0691
느금마,single_term_fallback,느금마,,<b>느금마</b> 관세탑 추는 소리하노,20260501,,,,https://blog.naver.com/ihopesogod0691/224271208958,naver_blog,느금마,canonical,1.0,2026-05-26T11:15:49.899489+00:00,0,0,0,0,맛집탐구하는 블린이,<b>느금마</b> 엄상용 아빠 강스트,"{""title"": ""<b>느금마</b> 관세탑 추는 소리하노"", ""link"": ""https://blog.naver.com/ihopesogod0691/224271208958"", ""description"": ""<b>느금마</b> 엄상용 아빠 강스트"", ""bloggername"": ""맛집탐구하는 블린이"", ""bloggerlink"": ""blog.naver.com/ihopesogod0691"", ""postdate"": ""20260501""}",<b>느금마</b> 엄상용 아빠 강스트,,맛집탐구하는 블린이,blog.naver.com/ihopesogod0691
느금마,single_term_fallback,느금마,,드럽게 몬생긴게 자만에 자뻑에,20260501,,,,https://blog.naver.com/ihopesogod0691/224271194591,naver_blog,느금마,canonical,1.0,2026-05-26T11:15:49.899489+00:00,0,0,0,0,맛집탐구하는 블린이,<b>느금마</b> 똥꼬주름 100만개,"{""title"": ""드럽게 몬생긴게 자만에 자뻑에"", ""link"": ""https://blog.naver.com/ihopesogod0691/224271194591"", ""description"": ""<b>느금마</b> 똥꼬주름 100만개"", ""bloggername"": ""맛집탐구하는 블린이"", ""bloggerlink"": ""blog.naver.com/ihopesogod0691"", ""postdate"": ""20260501""}",<b>느금마</b> 똥꼬주름 100만개,,맛집탐구하는 블린이,blog.naver.com/ihopesogod0691
느금마,single_term_fallback,느금마,,내 37323자 글 4월 24일에 신고한 숨은새끼찾기,20260430,,,,https://blog.naver.com/apeach2319/224270475936,naver_blog,느금마,canonical,1.0,2026-05-26T11:15:49.899489+00:00,0,0,0,0,이파리의 감정 연구소,또올려 또올리면 돼 <b>느금마</b>느개비다 씨발새끼야 내한테 사과는 못할망정 신고쳐먹여서 글쳐내리냐? 니도 고소해보던가 씨발 니 부모랑 니 애새끼 있으면 애새끼랑 니 사업이랑 니 주변 지인까지 싹다... ,"{""title"": ""내 37323자 글 4월 24일에 신고한 숨은새끼찾기"", ""link"": ""https://blog.naver.com/apeach2319/224270475936"", ""description"": ""또올려 또올리면 돼 <b>느금마</b>느개비다 씨발새끼야 내한테 사과는 못할망정 신고쳐먹여서 글쳐내리냐? 니도 고소해보던가 씨발 니 부모랑 니 애새끼 있으면 애새끼랑 니 사업이랑 니 주변 지인까지 싹다... "", ""bloggername"": ""이파리의 감정 연구소"", ""bloggerlink"": ""blog.naver.com/apeach2319"", ""postdate"": ""20260430""}",또올려 또올리면 돼 <b>느금마</b>느개비다 씨발새끼야 내한테 사과는 못할망정 신고쳐먹여서 글쳐내리냐? 니도 고소해보던가 씨발 니 부모랑 니 애새끼 있으면 애새끼랑 니 사업이랑 니 주변 지인까지 싹다... ,,이파리의 감정 연구소,blog.naver.com/apeach2319
느금마,single_term_fallback,느금마,,제 7회 오락관을 참가하다,20260429,,,,https://blog.naver.com/crimsonsoda/224269803575,naver_blog,느금마,canonical,1.0,2026-05-26T11:15:49.899489+00:00,0,0,0,0,십타쿠의 삶,가격이 <b>느금마</b>가 됨 7900원 가챠 처음 봤어요 더 돌고 싶었는데 이때 시간이 7:40 이래서 3층까지만 보고 나옴 서초 카츠공방 맛있어요 추천합니다 마이하우스 좁긴 한데 역도 가깝고 깔끔하고 ㄱㅊ 욕조는... ,"{""title"": ""제 7회 오락관을 참가하다"", ""link"": ""https://blog.naver.com/crimsonsoda/224269803575"", ""description"": ""가격이 <b>느금마</b>가 됨 7900원 가챠 처음 봤어요 더 돌고 싶었는데 이때 시간이 7:40 이래서 3층까지만 보고 나옴 서초 카츠공방 맛있어요 추천합니다 마이하우스 좁긴 한데 역도 가깝고 깔끔하고 ㄱㅊ 욕조는... "", ""bloggername"": ""십타쿠의 삶"", ""bloggerlink"": ""blog.naver.com/crimsonsoda"", ""postdate"": ""20260429""}",가격이 <b>느금마</b>가 됨 7900원 가챠 처음 봤어요 더 돌고 싶었는데 이때 시간이 7:40 이래서 3층까지만 보고 나옴 서초 카츠공방 맛있어요 추천합니다 마이하우스 좁긴 한데 역도 가깝고 깔끔하고 ㄱㅊ 욕조는... ,,십타쿠의 삶,blog.naver.com/crimsonsoda
느금마,single_term_fallback,느금마,,<b>느금마</b>,20260429,,,,https://blog.naver.com/gkdms0796/224269107970,naver_blog,느금마,canonical,1.0,2026-05-26T11:15:49.899489+00:00,0,0,0,0,gkdms0796님의블로그,<b>느금마</b>를 순화해서 말하겠슴니다 니 어머니 절 두고 어디 가시나요 직원이 할 일을 나에게 시키지 마 ㅈㄴ 호화스럽게 나옴 이옥토 꿈꿨는데 다음날에 바로 절판된 책 재판됨...당연히 바로 삼ㅋ 책 둘 공간이... ,"{""title"": ""<b>느금마</b>"", ""link"": ""https://blog.naver.com/gkdms0796/224269107970"", ""description"": ""<b>느금마</b>를 순화해서 말하겠슴니다 니 어머니 절 두고 어디 가시나요 직원이 할 일을 나에게 시키지 마 ㅈㄴ 호화스럽게 나옴 이옥토 꿈꿨는데 다음날에 바로 절판된 책 재판됨...당연히 바로 삼ㅋ 책 둘 공간이... "", ""bloggername"": ""gkdms0796님의블로그"", ""bloggerlink"": ""blog.naver.com/gkdms0796"", ""postdate"": ""20260429""}",<b>느금마</b>를 순화해서 말하겠슴니다 니 어머니 절 두고 어디 가시나요 직원이 할 일을 나에게 시키지 마 ㅈㄴ 호화스럽게 나옴 이옥토 꿈꿨는데 다음날에 바로 절판된 책 재판됨...당연히 바로 삼ㅋ 책 둘 공간이... ,,gkdms0796님의블로그,blog.naver.com/gkdms0796
느금마,single_term_fallback,느금마,,네 엄마,20260427,,,,https://blog.naver.com/jkxxz/224266433189,naver_blog,느금마,canonical,1.0,2026-05-26T11:15:49.899489+00:00,0,0,0,0,대충 살자,날~씨존나좋아서구도고뽀샵이고각도고<b>느금마</b>고걍존나올려야지사진울시입새끼마냥ㅋㅋㅋㅋ 이거 그건가본데 그 뭐냐 롯데월드 안에 뭐 메이플 월든지 찵텨놨다더니 그건가보네 걍... ,"{""title"": ""네 엄마"", ""link"": ""https://blog.naver.com/jkxxz/224266433189"", ""description"": ""날~씨존나좋아서구도고뽀샵이고각도고<b>느금마</b>고걍존나올려야지사진울시입새끼마냥ㅋㅋㅋㅋ 이거 그건가본데 그 뭐냐 롯데월드 안에 뭐 메이플 월든지 찵텨놨다더니 그건가보네 걍... "", ""bloggername"": ""대충 살자"", ""bloggerlink"": ""blog.naver.com/jkxxz"", ""postdate"": ""20260427""}",날~씨존나좋아서구도고뽀샵이고각도고<b>느금마</b>고걍존나올려야지사진울시입새끼마냥ㅋㅋㅋㅋ 이거 그건가본데 그 뭐냐 롯데월드 안에 뭐 메이플 월든지 찵텨놨다더니 그건가보네 걍... ,,대충 살자,blog.naver.com/jkxxz
느금마,single_term_fallback,느금마,,<b>느금마</b>가낋인&quot;너&quot;,20260425,,,,https://blog.naver.com/uiin0730/224264396027,naver_blog,느금마,canonical,1.0,2026-05-26T11:15:49.899489+00:00,0,0,0,0,깔깔TV브이로그,안녕하세요 오랜만입니다 새벽에 심심해서 사진첩에 저장대잇는 사진들로 블로그 좀 끼려보려구여^^ Start! 여러분 한국정병경지메컵을 아시는지요 18살의 황의인이 데일리로 하고 다녔어요 개쩔죠 애교살을... ,"{""title"": ""<b>느금마</b>가낋인&quot;너&quot;"", ""link"": ""https://blog.naver.com/uiin0730/224264396027"", ""description"": ""안녕하세요 오랜만입니다 새벽에 심심해서 사진첩에 저장대잇는 사진들로 블로그 좀 끼려보려구여^^ Start! 여러분 한국정병경지메컵을 아시는지요 18살의 황의인이 데일리로 하고 다녔어요 개쩔죠 애교살을... "", ""bloggername"": ""깔깔TV브이로그"", ""bloggerlink"": ""blog.naver.com/uiin0730"", ""postdate"": ""20260425""}",안녕하세요 오랜만입니다 새벽에 심심해서 사진첩에 저장대잇는 사진들로 블로그 좀 끼려보려구여^^ Start! 여러분 한국정병경지메컵을 아시는지요 18살의 황의인이 데일리로 하고 다녔어요 개쩔죠 애교살을... ,,깔깔TV브이로그,blog.naver.com/uiin0730
느금마,single_term_fallback,느금마,,위잉,20260425,,,,https://blog.naver.com/xxxxxxeoyu/224264295993,naver_blog,느금마,canonical,1.0,2026-05-26T11:15:49.899489+00:00,0,0,0,0,서율,<b>느금마</b>다씨발아 진짜 니 친구들한테도 얼마나 떠들어 댔으면 우리 반 와서 나보고 속닥대 진짜 죽너버릴거야 죽어버릴거야 줄어버릴거야 죽어버릴거야죽어버릵ㅣ야 죽어버릴거여 죽어버릴거야 죽어버릴거야... ,"{""title"": ""위잉"", ""link"": ""https://blog.naver.com/xxxxxxeoyu/224264295993"", ""description"": ""<b>느금마</b>다씨발아 진짜 니 친구들한테도 얼마나 떠들어 댔으면 우리 반 와서 나보고 속닥대 진짜 죽너버릴거야 죽어버릴거야 줄어버릴거야 죽어버릴거야죽어버릵ㅣ야 죽어버릴거여 죽어버릴거야 죽어버릴거야... "", ""bloggername"": ""서율"", ""bloggerlink"": ""blog.naver.com/xxxxxxeoyu"", ""postdate"": ""20260425""}",<b>느금마</b>다씨발아 진짜 니 친구들한테도 얼마나 떠들어 댔으면 우리 반 와서 나보고 속닥대 진짜 죽너버릴거야 죽어버릴거야 줄어버릴거야 죽어버릴거야죽어버릵ㅣ야 죽어버릴거여 죽어버릴거야 죽어버릴거야... ,,서율,blog.naver.com/xxxxxxeoyu
느금마,single_term_fallback,느금마,,진짜씨발뭔개구리혓바닥마냥생긴ㅅㄲ들이,20260424,,,,https://blog.naver.com/unknown261/224263293686,naver_blog,느금마,canonical,1.0,2026-05-26T11:15:49.899489+00:00,0,0,0,0,⠀,똥감성잡으면서어케든좋은글귀찾고글쓰는거대체언제안좆같아지냐? 느그들평소에는그냥저능한말만그득싸잖아이씨발개좆같네진짜 <b>느금마</b>느거매느개미,"{""title"": ""진짜씨발뭔개구리혓바닥마냥생긴ㅅㄲ들이"", ""link"": ""https://blog.naver.com/unknown261/224263293686"", ""description"": ""똥감성잡으면서어케든좋은글귀찾고글쓰는거대체언제안좆같아지냐? 느그들평소에는그냥저능한말만그득싸잖아이씨발개좆같네진짜 <b>느금마</b>느거매느개미"", ""bloggername"": ""⠀"", ""bloggerlink"": ""blog.naver.com/unknown261"", ""postdate"": ""20260424""}",똥감성잡으면서어케든좋은글귀찾고글쓰는거대체언제안좆같아지냐? 느그들평소에는그냥저능한말만그득싸잖아이씨발개좆같네진짜 <b>느금마</b>느거매느개미,,⠀,blog.naver.com/unknown261
느금마,single_term_fallback,느금마,,지가 스스로 뒤통수 치는 병신입네다 어필할 거면서 뭘 진실과... ,20260422,,,,https://blog.naver.com/ihopesogod0691/224261481917,naver_blog,느금마,canonical,1.0,2026-05-26T11:15:49.899489+00:00,0,0,0,0,맛집탐구하는 블린이,<b>느금마</b> 보지에 코박는 소리하노,"{""title"": ""지가 스스로 뒤통수 치는 병신입네다 어필할 거면서 뭘 진실과... "", ""link"": ""https://blog.naver.com/ihopesogod0691/224261481917"", ""description"": ""<b>느금마</b> 보지에 코박는 소리하노"", ""bloggername"": ""맛집탐구하는 블린이"", ""bloggerlink"": ""blog.naver.com/ihopesogod0691"", ""postdate"": ""20260422""}",<b>느금마</b> 보지에 코박는 소리하노,,맛집탐구하는 블린이,blog.naver.com/ihopesogod0691
느금마,single_term_fallback,느금마,,난 1명인데?,20260422,,,,https://blog.naver.com/nungnum/224261203383,naver_blog,느금마,canonical,1.0,2026-05-26T11:15:49.899489+00:00,0,0,0,0,우리를 죽음으로 인도하는 파란자동차,내가 이정도로 바쁘진 않았을거 아니야 시발 정화 <b>느금마</b> 내가 안바쁘다는 이사 <b>느금마</b> 5명 누가 진짜 느금만지 아무도 모름 느개비만 앎 사실 느개비도 모름 느그딸만앎 느그딸 사실 니딸아님 ㅅㄱ,"{""title"": ""난 1명인데?"", ""link"": ""https://blog.naver.com/nungnum/224261203383"", ""description"": ""내가 이정도로 바쁘진 않았을거 아니야 시발 정화 <b>느금마</b> 내가 안바쁘다는 이사 <b>느금마</b> 5명 누가 진짜 느금만지 아무도 모름 느개비만 앎 사실 느개비도 모름 느그딸만앎 느그딸 사실 니딸아님 ㅅㄱ"", ""bloggername"": ""우리를 죽음으로 인도하는 파란자동차"", ""bloggerlink"": ""blog.naver.com/nungnum"", ""postdate"": ""20260422""}",내가 이정도로 바쁘진 않았을거 아니야 시발 정화 <b>느금마</b> 내가 안바쁘다는 이사 <b>느금마</b> 5명 누가 진짜 느금만지 아무도 모름 느개비만 앎 사실 느개비도 모름 느그딸만앎 느그딸 사실 니딸아님 ㅅㄱ,,우리를 죽음으로 인도하는 파란자동차,blog.naver.com/nungnum
느금마,single_term_fallback,느금마,,하 오늘 지각도 하고 걍 <b>느금마</b>,20260421,,,,https://blog.naver.com/cjstk572/224260457855,naver_blog,느금마,canonical,1.0,2026-05-26T11:15:49.899489+00:00,0,0,0,0,만지,,"{""title"": ""하 오늘 지각도 하고 걍 <b>느금마</b>"", ""link"": ""https://blog.naver.com/cjstk572/224260457855"", ""description"": """", ""bloggername"": ""만지"", ""bloggerlink"": ""blog.naver.com/cjstk572"", ""postdate"": ""20260421""}",,,만지,blog.naver.com/cjstk572
느금마,single_term_fallback,느금마,,내 맘대로 지구별 10,20260419,,,,https://blog.naver.com/orangecandy_0/224257939406,naver_blog,느금마,canonical,1.0,2026-05-26T11:15:49.899489+00:00,0,0,0,0,블로그,이건 애초에 존재하지도 않을 친구까지 뒤진 꼴이네요 <b>느금마</b> ㅗ 이거 정말 가지고 싶었는데 아쉬울 따름입니다... 은방울꽃 심어봤는데 예쁘긴 하네요 명당 기준 15개 심으니까 이 정도 나옴 이벤템이라... ,"{""title"": ""내 맘대로 지구별 10"", ""link"": ""https://blog.naver.com/orangecandy_0/224257939406"", ""description"": ""이건 애초에 존재하지도 않을 친구까지 뒤진 꼴이네요 <b>느금마</b> ㅗ 이거 정말 가지고 싶었는데 아쉬울 따름입니다... 은방울꽃 심어봤는데 예쁘긴 하네요 명당 기준 15개 심으니까 이 정도 나옴 이벤템이라... "", ""bloggername"": ""블로그"", ""bloggerlink"": ""blog.naver.com/orangecandy_0"", ""postdate"": ""20260419""}",이건 애초에 존재하지도 않을 친구까지 뒤진 꼴이네요 <b>느금마</b> ㅗ 이거 정말 가지고 싶었는데 아쉬울 따름입니다... 은방울꽃 심어봤는데 예쁘긴 하네요 명당 기준 15개 심으니까 이 정도 나옴 이벤템이라... ,,블로그,blog.naver.com/orangecandy_0
느금마,single_term_fallback,느금마,,4.,20260419,,,,https://blog.naver.com/gkwlgp_/224257430128,naver_blog,느금마,canonical,1.0,2026-05-26T11:15:49.899489+00:00,0,0,0,0,ᴊᴇᴇʜʏᴇ,갑자기 <b>느금마</b>!!! 이러고 이상한말만 내뱉음 그게 영화 대사에서 봤다함 뭘 본걸까 ㅋㅋㅋㅋㅋㅋㅋㅋㅋㅋㅋㅋㅋㅋㅋㅋㅋㅋㅋㅋㅋㅋ ㅋㅋㅋㅋㅋㅋㅋㅋㅋㅋㅋㅋㅋㅋㅋㅋㅋㅋㅋㅋㅋㅋㅋㅋㅋㅋㅋㅋㅋㅋ... ,"{""title"": ""4."", ""link"": ""https://blog.naver.com/gkwlgp_/224257430128"", ""description"": ""갑자기 <b>느금마</b>!!! 이러고 이상한말만 내뱉음 그게 영화 대사에서 봤다함 뭘 본걸까 ㅋㅋㅋㅋㅋㅋㅋㅋㅋㅋㅋㅋㅋㅋㅋㅋㅋㅋㅋㅋㅋㅋ ㅋㅋㅋㅋㅋㅋㅋㅋㅋㅋㅋㅋㅋㅋㅋㅋㅋㅋㅋㅋㅋㅋㅋㅋㅋㅋㅋㅋㅋㅋ... "", ""bloggername"": ""ᴊᴇᴇʜʏᴇ"", ""bloggerlink"": ""blog.naver.com/gkwlgp_"", ""postdate"": ""20260419""}",갑자기 <b>느금마</b>!!! 이러고 이상한말만 내뱉음 그게 영화 대사에서 봤다함 뭘 본걸까 ㅋㅋㅋㅋㅋㅋㅋㅋㅋㅋㅋㅋㅋㅋㅋㅋㅋㅋㅋㅋㅋㅋ ㅋㅋㅋㅋㅋㅋㅋㅋㅋㅋㅋㅋㅋㅋㅋㅋㅋㅋㅋㅋㅋㅋㅋㅋㅋㅋㅋㅋㅋㅋ... ,,ᴊᴇᴇʜʏᴇ,blog.naver.com/gkwlgp_
느금마,single_term_fallback,느금마,,강호동: 금마가 <b>느금마</b>라고?,20260418,,,,https://blog.naver.com/ldh7_/224256894936,naver_blog,느금마,canonical,1.0,2026-05-26T11:15:49.899489+00:00,0,0,0,0,불법 토토보다 위험한 투자처,교수들 개명시킬게요 성:느 이름:금마,"{""title"": ""강호동: 금마가 <b>느금마</b>라고?"", ""link"": ""https://blog.naver.com/ldh7_/224256894936"", ""description"": ""교수들 개명시킬게요 성:느 이름:금마"", ""bloggername"": ""불법 토토보다 위험한 투자처"", ""bloggerlink"": ""blog.naver.com/ldh7_"", ""postdate"": ""20260418""}",교수들 개명시킬게요 성:느 이름:금마,,불법 토토보다 위험한 투자처,blog.naver.com/ldh7_
느금마,single_term_fallback,느금마,,꿈....스카라베딱정벌레,20260416,,,,https://blog.naver.com/inoticetoo/224254934540,naver_blog,느금마,canonical,1.0,2026-05-26T11:15:49.899489+00:00,0,0,0,0,idgaf,(근데 이상하게도 팟캐스트는 잘 … 그리고 옛날 연극도 보면 <b>느금마</b> 불륜 이런거 개 많아서 역시 시이팔. 이러고 국밥같은 느낌을 준다. 내가 왜 이 얘기를 하고있지?,"{""title"": ""꿈....스카라베딱정벌레"", ""link"": ""https://blog.naver.com/inoticetoo/224254934540"", ""description"": ""(근데 이상하게도 팟캐스트는 잘 … 그리고 옛날 연극도 보면 <b>느금마</b> 불륜 이런거 개 많아서 역시 시이팔. 이러고 국밥같은 느낌을 준다. 내가 왜 이 얘기를 하고있지?"", ""bloggername"": ""idgaf"", ""bloggerlink"": ""blog.naver.com/inoticetoo"", ""postdate"": ""20260416""}",(근데 이상하게도 팟캐스트는 잘 … 그리고 옛날 연극도 보면 <b>느금마</b> 불륜 이런거 개 많아서 역시 시이팔. 이러고 국밥같은 느낌을 준다. 내가 왜 이 얘기를 하고있지?,,idgaf,blog.naver.com/inoticetoo
느금마,single_term_fallback,느금마,,레몬사와,20260413,,,,https://blog.naver.com/0030707/224251225125,naver_blog,느금마,canonical,1.0,2026-05-26T11:15:49.899489+00:00,0,0,0,0,lyaroachive,욕하고 <b>느금마</b> 이런말좀 줄이려고요 시간이 흐르는 속도를보니 저도 곧 부끄러움을 아는 나이가 될거같아서요 아무튼 살아가면서 가장 중요한건 재미라고 생각하는데요 그래서인지 연고지도 참 옮겨다녔습니다... ,"{""title"": ""레몬사와"", ""link"": ""https://blog.naver.com/0030707/224251225125"", ""description"": ""욕하고 <b>느금마</b> 이런말좀 줄이려고요 시간이 흐르는 속도를보니 저도 곧 부끄러움을 아는 나이가 될거같아서요 아무튼 살아가면서 가장 중요한건 재미라고 생각하는데요 그래서인지 연고지도 참 옮겨다녔습니다... "", ""bloggername"": ""lyaroachive"", ""bloggerlink"": ""blog.naver.com/0030707"", ""postdate"": ""20260413""}",욕하고 <b>느금마</b> 이런말좀 줄이려고요 시간이 흐르는 속도를보니 저도 곧 부끄러움을 아는 나이가 될거같아서요 아무튼 살아가면서 가장 중요한건 재미라고 생각하는데요 그래서인지 연고지도 참 옮겨다녔습니다... ,,lyaroachive,blog.naver.com/0030707
느금마,single_term_fallback,느금마,,보보보극장제2화 뽀동뽀동뽀도동,20260413,,,,https://blog.naver.com/minjexnggggg/224250401810,naver_blog,느금마,canonical,1.0,2026-05-26T11:15:49.899489+00:00,0,0,0,0,I ♥ YURI,좀 좋아서 걍이제 모든 걸 포기하고 내 안의 일남을 받아들이고 터치커뮤 나올 때마다 마코토 가슴 터치하는 중 ㅋㅋ 하… 씨발 <b>느금마</b> 경마를 보고자 하는 마음만 있으면 그곳이 경마장이다 놀이터에서... ,"{""title"": ""보보보극장제2화 뽀동뽀동뽀도동"", ""link"": ""https://blog.naver.com/minjexnggggg/224250401810"", ""description"": ""좀 좋아서 걍이제 모든 걸 포기하고 내 안의 일남을 받아들이고 터치커뮤 나올 때마다 마코토 가슴 터치하는 중 ㅋㅋ 하… 씨발 <b>느금마</b> 경마를 보고자 하는 마음만 있으면 그곳이 경마장이다 놀이터에서... "", ""bloggername"": ""I ♥ YURI"", ""bloggerlink"": ""blog.naver.com/minjexnggggg"", ""postdate"": ""20260413""}",좀 좋아서 걍이제 모든 걸 포기하고 내 안의 일남을 받아들이고 터치커뮤 나올 때마다 마코토 가슴 터치하는 중 ㅋㅋ 하… 씨발 <b>느금마</b> 경마를 보고자 하는 마음만 있으면 그곳이 경마장이다 놀이터에서... ,,I ♥ YURI,blog.naver.com/minjexnggggg
느금마,single_term_fallback,느금마,,약값벌자,20260412,,,,https://blog.naver.com/jkxxz/224249582193,naver_blog,느금마,canonical,1.0,2026-05-26T11:15:49.899489+00:00,0,0,0,0,대충 살자,질염걸린거같아서치료할라치면그거걸리면서곰팡이성<b>느금마</b>성병신성온갖거다걸리느라애미뒤져야되는데 그냥봉다리안써도 질곰팡이쓸고 거미줄치고 걍 폐가마냥 썩어빠지는거같은데 고추로안에나긁어내고... ,"{""title"": ""약값벌자"", ""link"": ""https://blog.naver.com/jkxxz/224249582193"", ""description"": ""질염걸린거같아서치료할라치면그거걸리면서곰팡이성<b>느금마</b>성병신성온갖거다걸리느라애미뒤져야되는데 그냥봉다리안써도 질곰팡이쓸고 거미줄치고 걍 폐가마냥 썩어빠지는거같은데 고추로안에나긁어내고... "", ""bloggername"": ""대충 살자"", ""bloggerlink"": ""blog.naver.com/jkxxz"", ""postdate"": ""20260412""}",질염걸린거같아서치료할라치면그거걸리면서곰팡이성<b>느금마</b>성병신성온갖거다걸리느라애미뒤져야되는데 그냥봉다리안써도 질곰팡이쓸고 거미줄치고 걍 폐가마냥 썩어빠지는거같은데 고추로안에나긁어내고... ,,대충 살자,blog.naver.com/jkxxz
느금마,single_term_fallback,느금마,,한국 미디어에서 사회 풍자와 정치 비판 풍자가 사라진 궁극적... ,20260410,,,,https://blog.naver.com/oa3284/224247499942,naver_blog,느금마,canonical,1.0,2026-05-26T11:15:49.899489+00:00,0,0,0,0,oa3284님의 블로그,한국 미디어에서 사회 풍자와 정치 비판 풍자가 사라진 궁극적 통찰적인 이유 한국 미디어에서 날카로운 사회 풍자와 정치 비판이 사라진 현상은 단순히 '검열'이나 '외압'이라는 고전적인 이유만으로는... ,"{""title"": ""한국 미디어에서 사회 풍자와 정치 비판 풍자가 사라진 궁극적... "", ""link"": ""https://blog.naver.com/oa3284/224247499942"", ""description"": ""한국 미디어에서 사회 풍자와 정치 비판 풍자가 사라진 궁극적 통찰적인 이유 한국 미디어에서 날카로운 사회 풍자와 정치 비판이 사라진 현상은 단순히 '검열'이나 '외압'이라는 고전적인 이유만으로는... "", ""bloggername"": ""oa3284님의 블로그"", ""bloggerlink"": ""blog.naver.com/oa3284"", ""postdate"": ""20260410""}",한국 미디어에서 사회 풍자와 정치 비판 풍자가 사라진 궁극적 통찰적인 이유 한국 미디어에서 날카로운 사회 풍자와 정치 비판이 사라진 현상은 단순히 '검열'이나 '외압'이라는 고전적인 이유만으로는... ,,oa3284님의 블로그,blog.naver.com/oa3284
느금마,single_term_fallback,느금마,,3월,20260410,,,,https://blog.naver.com/sailorv2nus/224247136787,naver_blog,느금마,canonical,1.0,2026-05-26T11:15:49.899489+00:00,0,0,0,0,사소하고 이기적인 기록들,여포 손권 주유 조한결(방울감녕) 렛츠고 고민하다 피카추 뜯었는데 <b>느금마</b> 나옴!! 260307 오전부터 부지런히 승콩의 결혼식에 참석.. 정말.. 넘 아름다웠구.. 둘 영원히 행복하길.. !! 다행히 코코모네 부부 덕에... ,"{""title"": ""3월"", ""link"": ""https://blog.naver.com/sailorv2nus/224247136787"", ""description"": ""여포 손권 주유 조한결(방울감녕) 렛츠고 고민하다 피카추 뜯었는데 <b>느금마</b> 나옴!! 260307 오전부터 부지런히 승콩의 결혼식에 참석.. 정말.. 넘 아름다웠구.. 둘 영원히 행복하길.. !! 다행히 코코모네 부부 덕에... "", ""bloggername"": ""사소하고 이기적인 기록들"", ""bloggerlink"": ""blog.naver.com/sailorv2nus"", ""postdate"": ""20260410""}",여포 손권 주유 조한결(방울감녕) 렛츠고 고민하다 피카추 뜯었는데 <b>느금마</b> 나옴!! 260307 오전부터 부지런히 승콩의 결혼식에 참석.. 정말.. 넘 아름다웠구.. 둘 영원히 행복하길.. !! 다행히 코코모네 부부 덕에... ,,사소하고 이기적인 기록들,blog.naver.com/sailorv2nus
느금마,single_term_fallback,느금마,,<b>느금마</b> 메탈슬러그 할배,20260408,,,,https://blog.naver.com/ihopesogod0691/224244928688,naver_blog,느금마,canonical,1.0,2026-05-26T11:15:49.899489+00:00,0,0,0,0,맛집탐구하는 블린이,ㅁ,"{""title"": ""<b>느금마</b> 메탈슬러그 할배"", ""link"": ""https://blog.naver.com/ihopesogod0691/224244928688"", ""description"": ""ㅁ"", ""bloggername"": ""맛집탐구하는 블린이"", ""bloggerlink"": ""blog.naver.com/ihopesogod0691"", ""postdate"": ""20260408""}",ㅁ,,맛집탐구하는 블린이,blog.naver.com/ihopesogod0691
느금마,single_term_fallback,느금마,,"중고거래 1대1 채팅 욕설·패드립, 모욕죄와 통매음 성립 여부",20260408,,,,https://blog.naver.com/legal-note/224244761898,naver_blog,느금마,canonical,1.0,2026-05-26T11:15:49.899489+00:00,0,0,0,0,하남 미사 법률상담 노트,"패드립과 통신매체이용음란죄의 관계 이번에는 &quot;<b>느금마</b>&quot; 류의 성적 표현, 즉 패드립이... &quot;<b>느금마</b>&quot;와 같은 표현은 혐오와 멸시의 뉘앙스가 강하고, 성적 자극을 목적으로 한다고 보기 어려운 경우가 대부분이다.... ","{""title"": ""중고거래 1대1 채팅 욕설·패드립, 모욕죄와 통매음 성립 여부"", ""link"": ""https://blog.naver.com/legal-note/224244761898"", ""description"": ""패드립과 통신매체이용음란죄의 관계 이번에는 &quot;<b>느금마</b>&quot; 류의 성적 표현, 즉 패드립이... &quot;<b>느금마</b>&quot;와 같은 표현은 혐오와 멸시의 뉘앙스가 강하고, 성적 자극을 목적으로 한다고 보기 어려운 경우가 대부분이다.... "", ""bloggername"": ""하남 미사 법률상담 노트"", ""bloggerlink"": ""blog.naver.com/legal-note"", ""postdate"": ""20260408""}","패드립과 통신매체이용음란죄의 관계 이번에는 &quot;<b>느금마</b>&quot; 류의 성적 표현, 즉 패드립이... &quot;<b>느금마</b>&quot;와 같은 표현은 혐오와 멸시의 뉘앙스가 강하고, 성적 자극을 목적으로 한다고 보기 어려운 경우가 대부분이다.... ",,하남 미사 법률상담 노트,blog.naver.com/legal-note
느금마,single_term_fallback,느금마,,오늘의 조선장 추노,20260407,,,,https://blog.naver.com/wwvwvwwv/224244159059,naver_blog,느금마,canonical,1.0,2026-05-26T11:15:49.899489+00:00,0,0,0,0,린생은곧홍의련속,기술이니 미래니 개 ㅈ까는 소리는 <b>느금마</b> 달나라갈때 하시고.. 조선장은 줄먹 먹튀 추노가 미래다. 망조가든 망국 개헬조선 조선기업에 믿음? 애국심? ㅈ까라고 해라 but 재드레곤 대선출마시 1표 행사하겠다.... ,"{""title"": ""오늘의 조선장 추노"", ""link"": ""https://blog.naver.com/wwvwvwwv/224244159059"", ""description"": ""기술이니 미래니 개 ㅈ까는 소리는 <b>느금마</b> 달나라갈때 하시고.. 조선장은 줄먹 먹튀 추노가 미래다. 망조가든 망국 개헬조선 조선기업에 믿음? 애국심? ㅈ까라고 해라 but 재드레곤 대선출마시 1표 행사하겠다.... "", ""bloggername"": ""린생은곧홍의련속"", ""bloggerlink"": ""blog.naver.com/wwvwvwwv"", ""postdate"": ""20260407""}",기술이니 미래니 개 ㅈ까는 소리는 <b>느금마</b> 달나라갈때 하시고.. 조선장은 줄먹 먹튀 추노가 미래다. 망조가든 망국 개헬조선 조선기업에 믿음? 애국심? ㅈ까라고 해라 but 재드레곤 대선출마시 1표 행사하겠다.... ,,린생은곧홍의련속,blog.naver.com/wwvwvwwv
느금마,single_term_fallback,느금마,,허접들아여기까지오느라수고했고언니가진짜ㅈ박은게뭔지보여... ,20260407,,,,https://blog.naver.com/kxurx/224243818349,naver_blog,느금마,canonical,1.0,2026-05-26T11:15:49.899489+00:00,0,0,0,0,매미는 비가 와도 운다,"진심 요즘 누가 말걸면 예 부르셨어요 씨발새끼야 라고할정도로 성격안좋음 <b>느금마</b>... 남혐외길인생19년차 진심몇년동안 남자랑대화를 아이돌오빠, 율버지 율사촌밖에안해서 남자가 말걸면 <b>느금마</b>라고대답함... ","{""title"": ""허접들아여기까지오느라수고했고언니가진짜ㅈ박은게뭔지보여... "", ""link"": ""https://blog.naver.com/kxurx/224243818349"", ""description"": ""진심 요즘 누가 말걸면 예 부르셨어요 씨발새끼야 라고할정도로 성격안좋음 <b>느금마</b>... 남혐외길인생19년차 진심몇년동안 남자랑대화를 아이돌오빠, 율버지 율사촌밖에안해서 남자가 말걸면 <b>느금마</b>라고대답함... "", ""bloggername"": ""매미는 비가 와도 운다"", ""bloggerlink"": ""blog.naver.com/kxurx"", ""postdate"": ""20260407""}","진심 요즘 누가 말걸면 예 부르셨어요 씨발새끼야 라고할정도로 성격안좋음 <b>느금마</b>... 남혐외길인생19년차 진심몇년동안 남자랑대화를 아이돌오빠, 율버지 율사촌밖에안해서 남자가 말걸면 <b>느금마</b>라고대답함... ",,매미는 비가 와도 운다,blog.naver.com/kxurx
느금마,single_term_fallback,느금마,,<b>느금마</b> 시불련,20260407,,,,https://blog.naver.com/ihopesogod0691/224243420870,naver_blog,느금마,canonical,1.0,2026-05-26T11:15:49.899489+00:00,0,0,0,0,맛집탐구하는 블린이,클리 존나 큼,"{""title"": ""<b>느금마</b> 시불련"", ""link"": ""https://blog.naver.com/ihopesogod0691/224243420870"", ""description"": ""클리 존나 큼"", ""bloggername"": ""맛집탐구하는 블린이"", ""bloggerlink"": ""blog.naver.com/ihopesogod0691"", ""postdate"": ""20260407""}",클리 존나 큼,,맛집탐구하는 블린이,blog.naver.com/ihopesogod0691
느금마,single_term_fallback,느금마,,<b>느금마</b>,20260406,,,,https://blog.naver.com/r847_/224242302964,naver_blog,느금마,canonical,1.0,2026-05-26T11:15:49.899489+00:00,0,0,0,0,바탕화면..,엄마보고싶다 엄마 자기 내킬때만 집착광공 멘헤라 한국발라드처럼 굴고 안읽씹 뭐임? 소녀의 마음 알수가 없구만,"{""title"": ""<b>느금마</b>"", ""link"": ""https://blog.naver.com/r847_/224242302964"", ""description"": ""엄마보고싶다 엄마 자기 내킬때만 집착광공 멘헤라 한국발라드처럼 굴고 안읽씹 뭐임? 소녀의 마음 알수가 없구만"", ""bloggername"": ""바탕화면.."", ""bloggerlink"": ""blog.naver.com/r847_"", ""postdate"": ""20260406""}",엄마보고싶다 엄마 자기 내킬때만 집착광공 멘헤라 한국발라드처럼 굴고 안읽씹 뭐임? 소녀의 마음 알수가 없구만,,바탕화면..,blog.naver.com/r847_
느금마,single_term_fallback,느금마,,[저녁] 초밥과 술,20260405,,,,https://blog.naver.com/mcnark/224241505233,naver_blog,느금마,canonical,1.0,2026-05-26T11:15:49.899489+00:00,0,0,0,0,블로긔,맷주주주 냠냠 저 매생이가 고소하니 맛있음^_^_^_^ <b>느금마</b> 매생이 같은 나쁜말음 노노노 골뱅이와 전복과 안키모!!!!! 여기 전복과 안키모 존맛!!!! 특히 참돔이 밋있네!!!! 앗! 겨울이 끝났다 생각했는데 복어... ,"{""title"": ""[저녁] 초밥과 술"", ""link"": ""https://blog.naver.com/mcnark/224241505233"", ""description"": ""맷주주주 냠냠 저 매생이가 고소하니 맛있음^_^_^_^ <b>느금마</b> 매생이 같은 나쁜말음 노노노 골뱅이와 전복과 안키모!!!!! 여기 전복과 안키모 존맛!!!! 특히 참돔이 밋있네!!!! 앗! 겨울이 끝났다 생각했는데 복어... "", ""bloggername"": ""블로긔"", ""bloggerlink"": ""blog.naver.com/mcnark"", ""postdate"": ""20260405""}",맷주주주 냠냠 저 매생이가 고소하니 맛있음^_^_^_^ <b>느금마</b> 매생이 같은 나쁜말음 노노노 골뱅이와 전복과 안키모!!!!! 여기 전복과 안키모 존맛!!!! 특히 참돔이 밋있네!!!! 앗! 겨울이 끝났다 생각했는데 복어... ,,블로긔,blog.naver.com/mcnark
느금마,single_term_fallback,느금마,,이순신 장군 曰 &quot;<b>느금마</b>다 새꺄 이미 이 정도면 바뀌는것도... ,20260405,,,,https://blog.naver.com/luminamiko/224241113927,naver_blog,느금마,canonical,1.0,2026-05-26T11:15:49.899489+00:00,0,0,0,0,인류애 저항 최후 전선,루미나미코 曰 &quot;나 더 이상 추락할 곳도 쪽팔릴 것도 없다! 좋은 세상 만들려고 하는 거니까 네 마음대로 하셔 나도 내 멋대로 할 테니까! ㅋㅋㅋ&quot;,"{""title"": ""이순신 장군 曰 &quot;<b>느금마</b>다 새꺄 이미 이 정도면 바뀌는것도... "", ""link"": ""https://blog.naver.com/luminamiko/224241113927"", ""description"": ""루미나미코 曰 &quot;나 더 이상 추락할 곳도 쪽팔릴 것도 없다! 좋은 세상 만들려고 하는 거니까 네 마음대로 하셔 나도 내 멋대로 할 테니까! ㅋㅋㅋ&quot;"", ""bloggername"": ""인류애 저항 최후 전선"", ""bloggerlink"": ""blog.naver.com/luminamiko"", ""postdate"": ""20260405""}",루미나미코 曰 &quot;나 더 이상 추락할 곳도 쪽팔릴 것도 없다! 좋은 세상 만들려고 하는 거니까 네 마음대로 하셔 나도 내 멋대로 할 테니까! ㅋㅋㅋ&quot;,,인류애 저항 최후 전선,blog.naver.com/luminamiko
느금마,single_term_fallback,느금마,,"겨울 여행 모음집(홋카이도, 삿포로와 오타루 편)",20260402,,,,https://blog.naver.com/ayyat_/224237817913,naver_blog,느금마,canonical,1.0,2026-05-26T11:15:49.899489+00:00,0,0,0,0,슈슈슈슉,"하지만 현실은 부모님이 저 같은 여자랑 결혼해 줄 남자는 저의 그이밖에 없다고 생각하시는지 (하루 종일 오늘의 똥 얘기함, 주기적으로 신태일 크루 이름이 니애미컴퍼니였는지 <b>느금마</b>컴퍼니였는지... ","{""title"": ""겨울 여행 모음집(홋카이도, 삿포로와 오타루 편)"", ""link"": ""https://blog.naver.com/ayyat_/224237817913"", ""description"": ""하지만 현실은 부모님이 저 같은 여자랑 결혼해 줄 남자는 저의 그이밖에 없다고 생각하시는지 (하루 종일 오늘의 똥 얘기함, 주기적으로 신태일 크루 이름이 니애미컴퍼니였는지 <b>느금마</b>컴퍼니였는지... "", ""bloggername"": ""슈슈슈슉"", ""bloggerlink"": ""blog.naver.com/ayyat_"", ""postdate"": ""20260402""}","하지만 현실은 부모님이 저 같은 여자랑 결혼해 줄 남자는 저의 그이밖에 없다고 생각하시는지 (하루 종일 오늘의 똥 얘기함, 주기적으로 신태일 크루 이름이 니애미컴퍼니였는지 <b>느금마</b>컴퍼니였는지... ",,슈슈슈슉,blog.naver.com/ayyat_
느금마,single_term_fallback,느금마,,화가나요,20260401,,,,https://blog.naver.com/sm080406/224237593672,naver_blog,느금마,canonical,1.0,2026-05-26T11:15:49.899489+00:00,0,0,0,0,정신병 갤러리,": 이는 제 소설 [<b>느금마</b>]에 등장하는 전철이 사랑하는 여자 윤00에게 하는 독백을 편집한 것입니다. 여기에 등장하는 ”너“는 실존인물이나 상황을 지시하지 않습니다. 누군가를 특정하지도, 누군가를... ","{""title"": ""화가나요"", ""link"": ""https://blog.naver.com/sm080406/224237593672"", ""description"": "": 이는 제 소설 [<b>느금마</b>]에 등장하는 전철이 사랑하는 여자 윤00에게 하는 독백을 편집한 것입니다. 여기에 등장하는 ”너“는 실존인물이나 상황을 지시하지 않습니다. 누군가를 특정하지도, 누군가를... "", ""bloggername"": ""정신병 갤러리"", ""bloggerlink"": ""blog.naver.com/sm080406"", ""postdate"": ""20260401""}",": 이는 제 소설 [<b>느금마</b>]에 등장하는 전철이 사랑하는 여자 윤00에게 하는 독백을 편집한 것입니다. 여기에 등장하는 ”너“는 실존인물이나 상황을 지시하지 않습니다. 누군가를 특정하지도, 누군가를... ",,정신병 갤러리,blog.naver.com/sm080406
느금마,single_term_fallback,느금마,,[<b>느금마</b>가 아니고❌️느억맘 소스예요] 히키의 비루한 일상.....,20260331,,,,https://blog.naver.com/kkkkk899/224235666498,naver_blog,느금마,canonical,1.0,2026-05-26T11:15:49.899489+00:00,0,0,0,0,◕_◕,오늘 아니구요! 월요일은 좃바 가는 날이라... 지금 일하다 손놈... 아니 손님 싹 빠져서 쓰는 글 직장인들 월요일 점심시간 왜 이렇게 몰려오니??? 회사의 노예들.... 아아나 마시지 다양하게 드시네 정말... ,"{""title"": ""[<b>느금마</b>가 아니고❌️느억맘 소스예요] 히키의 비루한 일상....."", ""link"": ""https://blog.naver.com/kkkkk899/224235666498"", ""description"": ""오늘 아니구요! 월요일은 좃바 가는 날이라... 지금 일하다 손놈... 아니 손님 싹 빠져서 쓰는 글 직장인들 월요일 점심시간 왜 이렇게 몰려오니??? 회사의 노예들.... 아아나 마시지 다양하게 드시네 정말... "", ""bloggername"": ""◕_◕"", ""bloggerlink"": ""blog.naver.com/kkkkk899"", ""postdate"": ""20260331""}",오늘 아니구요! 월요일은 좃바 가는 날이라... 지금 일하다 손놈... 아니 손님 싹 빠져서 쓰는 글 직장인들 월요일 점심시간 왜 이렇게 몰려오니??? 회사의 노예들.... 아아나 마시지 다양하게 드시네 정말... ,,◕_◕,blog.naver.com/kkkkk899
느금마,single_term_fallback,느금마,,"이순신 장군, &quot;<b>느금마</b>다 새꺄, 이미 이 정도면 바뀌는것도 없는데&quot;",20260331,,,,https://blog.naver.com/luminamiko/224235478708,naver_blog,느금마,canonical,1.0,2026-05-26T11:15:49.899489+00:00,0,0,0,0,인류애 저항 최후 전선,"격식있는 어조 &quot;죽으면 죽는 것이지, 어찌 구차하게 죽음을 면하려 할까보냐!&quot;","{""title"": ""이순신 장군, &quot;<b>느금마</b>다 새꺄, 이미 이 정도면 바뀌는것도 없는데&quot;"", ""link"": ""https://blog.naver.com/luminamiko/224235478708"", ""description"": ""격식있는 어조 &quot;죽으면 죽는 것이지, 어찌 구차하게 죽음을 면하려 할까보냐!&quot;"", ""bloggername"": ""인류애 저항 최후 전선"", ""bloggerlink"": ""blog.naver.com/luminamiko"", ""postdate"": ""20260331""}","격식있는 어조 &quot;죽으면 죽는 것이지, 어찌 구차하게 죽음을 면하려 할까보냐!&quot;",,인류애 저항 최후 전선,blog.naver.com/luminamiko
느금마,single_term_fallback,느금마,,3월 일기,20260330,,,,https://blog.naver.com/m1nzy04/224234438315,naver_blog,느금마,canonical,1.0,2026-05-26T11:15:49.899489+00:00,0,0,0,0,일기장★彡,진짜 하루종일 <b>느금마</b>프라페 갈다가 언니가 버터떡 갖고옴 언미새 미친새끼 식단 푸딩이 힐링 ㅠ 새 아이패드 6년쓰고 드뎌 바꿈 이번엔 7년써주마 ㅋㅋ ㅁㅊ 무대인사 잡음 근데 맨뒷자리 근데 알바대타... ,"{""title"": ""3월 일기"", ""link"": ""https://blog.naver.com/m1nzy04/224234438315"", ""description"": ""진짜 하루종일 <b>느금마</b>프라페 갈다가 언니가 버터떡 갖고옴 언미새 미친새끼 식단 푸딩이 힐링 ㅠ 새 아이패드 6년쓰고 드뎌 바꿈 이번엔 7년써주마 ㅋㅋ ㅁㅊ 무대인사 잡음 근데 맨뒷자리 근데 알바대타... "", ""bloggername"": ""일기장★彡"", ""bloggerlink"": ""blog.naver.com/m1nzy04"", ""postdate"": ""20260330""}",진짜 하루종일 <b>느금마</b>프라페 갈다가 언니가 버터떡 갖고옴 언미새 미친새끼 식단 푸딩이 힐링 ㅠ 새 아이패드 6년쓰고 드뎌 바꿈 이번엔 7년써주마 ㅋㅋ ㅁㅊ 무대인사 잡음 근데 맨뒷자리 근데 알바대타... ,,일기장★彡,blog.naver.com/m1nzy04
느금마,single_term_fallback,느금마,,3.26&lt;슈퍼단간론파 2 리뷰&gt;,20260330,,,,https://blog.naver.com/si0000000/224234133013,naver_blog,느금마,canonical,1.0,2026-05-26T11:15:49.899489+00:00,0,0,0,0,Rhyme蟲,에노시마가 <b>느금마</b>의궁 안썻으면 이쿠사바가 에노시마배신햇을거같다는생각도들고연… 글고 가짜나에기 진짠줄 11037!!!!!1 빨리3하고싶은데 2하고 어나더하라그래서 그거해야한다는... ,"{""title"": ""3.26&lt;슈퍼단간론파 2 리뷰&gt;"", ""link"": ""https://blog.naver.com/si0000000/224234133013"", ""description"": ""에노시마가 <b>느금마</b>의궁 안썻으면 이쿠사바가 에노시마배신햇을거같다는생각도들고연… 글고 가짜나에기 진짠줄 11037!!!!!1 빨리3하고싶은데 2하고 어나더하라그래서 그거해야한다는... "", ""bloggername"": ""Rhyme蟲"", ""bloggerlink"": ""blog.naver.com/si0000000"", ""postdate"": ""20260330""}",에노시마가 <b>느금마</b>의궁 안썻으면 이쿠사바가 에노시마배신햇을거같다는생각도들고연… 글고 가짜나에기 진짠줄 11037!!!!!1 빨리3하고싶은데 2하고 어나더하라그래서 그거해야한다는... ,,Rhyme蟲,blog.naver.com/si0000000
느금마,single_term_fallback,느금마,,사람은 결혼하여도 성격차이로도 이혼한다 꼭... ,20260329,,,,https://blog.naver.com/tkdtkdgjtkddlagytns1/224232927183,naver_blog,느금마,canonical,1.0,2026-05-26T11:15:49.899489+00:00,0,0,0,0,tkdtkdgjtkddlagytns1님의 블로그,"싸잡아서 <b>느금마</b> 패드립 외에 갑자기 병x 라고하거나 그리고 &quot;조현병&quot; , &quot;정신질환자&quot; 라고 막말하는유저도있다 꼭 인터넷 디시인사이드 디씨인사이드갤러리 아니어도 &quot;네이트뉴스&quot; , &quot;네이버뉴스&quot; 등등... ","{""title"": ""사람은 결혼하여도 성격차이로도 이혼한다 꼭... "", ""link"": ""https://blog.naver.com/tkdtkdgjtkddlagytns1/224232927183"", ""description"": ""싸잡아서 <b>느금마</b> 패드립 외에 갑자기 병x 라고하거나 그리고 &quot;조현병&quot; , &quot;정신질환자&quot; 라고 막말하는유저도있다 꼭 인터넷 디시인사이드 디씨인사이드갤러리 아니어도 &quot;네이트뉴스&quot; , &quot;네이버뉴스&quot; 등등... "", ""bloggername"": ""tkdtkdgjtkddlagytns1님의 블로그"", ""bloggerlink"": ""blog.naver.com/tkdtkdgjtkddlagytns1"", ""postdate"": ""20260329""}","싸잡아서 <b>느금마</b> 패드립 외에 갑자기 병x 라고하거나 그리고 &quot;조현병&quot; , &quot;정신질환자&quot; 라고 막말하는유저도있다 꼭 인터넷 디시인사이드 디씨인사이드갤러리 아니어도 &quot;네이트뉴스&quot; , &quot;네이버뉴스&quot; 등등... ",,tkdtkdgjtkddlagytns1님의 블로그,blog.naver.com/tkdtkdgjtkddlagytns1
느금마,single_term_fallback,느금마,,결혼 안하고 혼자서사는게 낫다 꼭 종교인아니어도 불교도... ,20260329,,,,https://blog.naver.com/tkdtkdgjtkddlagytns1/224232925304,naver_blog,느금마,canonical,1.0,2026-05-26T11:15:49.899489+00:00,0,0,0,0,tkdtkdgjtkddlagytns1님의 블로그,26 유저는 조현병은 자기가 조현병인줄 모른다고 막말하는 그리고 유저도있다 그리고 나에게 <b>느금마</b> 뭐라고 욕하는유저이다 내 아이피 58.120 으로 단거에 이어 세상은 디씨인사이드갤러리에 악플아니어도... ,"{""title"": ""결혼 안하고 혼자서사는게 낫다 꼭 종교인아니어도 불교도... "", ""link"": ""https://blog.naver.com/tkdtkdgjtkddlagytns1/224232925304"", ""description"": ""26 유저는 조현병은 자기가 조현병인줄 모른다고 막말하는 그리고 유저도있다 그리고 나에게 <b>느금마</b> 뭐라고 욕하는유저이다 내 아이피 58.120 으로 단거에 이어 세상은 디씨인사이드갤러리에 악플아니어도... "", ""bloggername"": ""tkdtkdgjtkddlagytns1님의 블로그"", ""bloggerlink"": ""blog.naver.com/tkdtkdgjtkddlagytns1"", ""postdate"": ""20260329""}",26 유저는 조현병은 자기가 조현병인줄 모른다고 막말하는 그리고 유저도있다 그리고 나에게 <b>느금마</b> 뭐라고 욕하는유저이다 내 아이피 58.120 으로 단거에 이어 세상은 디씨인사이드갤러리에 악플아니어도... ,,tkdtkdgjtkddlagytns1님의 블로그,blog.naver.com/tkdtkdgjtkddlagytns1
느금마,single_term_fallback,느금마,,https://kin.naver.com/myinfo/deletedArticleList.naver?... ,20260328,,,,https://blog.naver.com/tkdtkdgjtkddlagytns1/224232196820,naver_blog,느금마,canonical,1.0,2026-05-26T11:15:49.899489+00:00,0,0,0,0,tkdtkdgjtkddlagytns1님의 블로그,서비스성격에 맞지 않는 게시물 16시간 전 15시간 전 디씨인사이드갤러리에 막말로 <b>느금마</b> 외에 욕을하는... 서비스성격에 맞지 않는 게시물 16시간 전 15시간 전 인터넷 온라인상에 악플은 꼭... ,"{""title"": ""https://kin.naver.com/myinfo/deletedArticleList.naver?... "", ""link"": ""https://blog.naver.com/tkdtkdgjtkddlagytns1/224232196820"", ""description"": ""서비스성격에 맞지 않는 게시물 16시간 전 15시간 전 디씨인사이드갤러리에 막말로 <b>느금마</b> 외에 욕을하는... 서비스성격에 맞지 않는 게시물 16시간 전 15시간 전 인터넷 온라인상에 악플은 꼭... "", ""bloggername"": ""tkdtkdgjtkddlagytns1님의 블로그"", ""bloggerlink"": ""blog.naver.com/tkdtkdgjtkddlagytns1"", ""postdate"": ""20260328""}",서비스성격에 맞지 않는 게시물 16시간 전 15시간 전 디씨인사이드갤러리에 막말로 <b>느금마</b> 외에 욕을하는... 서비스성격에 맞지 않는 게시물 16시간 전 15시간 전 인터넷 온라인상에 악플은 꼭... ,,tkdtkdgjtkddlagytns1님의 블로그,blog.naver.com/tkdtkdgjtkddlagytns1
느금마,single_term_fallback,느금마,,https://kin.naver.com/myinfo/deletedArticleList.naver,20260328,,,,https://blog.naver.com/tkdtkdgjtkddlagytns1/224232124702,naver_blog,느금마,canonical,1.0,2026-05-26T11:15:49.899489+00:00,0,0,0,0,tkdtkdgjtkddlagytns1님의 블로그,서비스성격에 맞지 않는 게시물 13시간 전 13시간 전 디씨인사이드갤러리에 막말로 <b>느금마</b> 외에 욕을하는... 서비스성격에 맞지 않는 게시물 13시간 전 13시간 전 인터넷 온라인상에 악플은 꼭... ,"{""title"": ""https://kin.naver.com/myinfo/deletedArticleList.naver"", ""link"": ""https://blog.naver.com/tkdtkdgjtkddlagytns1/224232124702"", ""description"": ""서비스성격에 맞지 않는 게시물 13시간 전 13시간 전 디씨인사이드갤러리에 막말로 <b>느금마</b> 외에 욕을하는... 서비스성격에 맞지 않는 게시물 13시간 전 13시간 전 인터넷 온라인상에 악플은 꼭... "", ""bloggername"": ""tkdtkdgjtkddlagytns1님의 블로그"", ""bloggerlink"": ""blog.naver.com/tkdtkdgjtkddlagytns1"", ""postdate"": ""20260328""}",서비스성격에 맞지 않는 게시물 13시간 전 13시간 전 디씨인사이드갤러리에 막말로 <b>느금마</b> 외에 욕을하는... 서비스성격에 맞지 않는 게시물 13시간 전 13시간 전 인터넷 온라인상에 악플은 꼭... ,,tkdtkdgjtkddlagytns1님의 블로그,blog.naver.com/tkdtkdgjtkddlagytns1
느금마,single_term_fallback,느금마,,https://kin.naver.com/myinfo/questionList.naver,20260327,,,,https://blog.naver.com/tkdtkdgjtkddlagytns1/224231693095,naver_blog,느금마,canonical,1.0,2026-05-26T11:15:49.899489+00:00,0,0,0,0,tkdtkdgjtkddlagytns1님의 블로그,"인터넷 0 9분 전 디씨인사이드갤러리에 막말로 <b>느금마</b> 외에... 목록에서 제외 언론, 미디어 관련법 1 11분 전 역대대통령 트럼프 전전 대통령 정치외교학 0 27분 전 인간 사람은 성별상관없이 누구나... ","{""title"": ""https://kin.naver.com/myinfo/questionList.naver"", ""link"": ""https://blog.naver.com/tkdtkdgjtkddlagytns1/224231693095"", ""description"": ""인터넷 0 9분 전 디씨인사이드갤러리에 막말로 <b>느금마</b> 외에... 목록에서 제외 언론, 미디어 관련법 1 11분 전 역대대통령 트럼프 전전 대통령 정치외교학 0 27분 전 인간 사람은 성별상관없이 누구나... "", ""bloggername"": ""tkdtkdgjtkddlagytns1님의 블로그"", ""bloggerlink"": ""blog.naver.com/tkdtkdgjtkddlagytns1"", ""postdate"": ""20260327""}","인터넷 0 9분 전 디씨인사이드갤러리에 막말로 <b>느금마</b> 외에... 목록에서 제외 언론, 미디어 관련법 1 11분 전 역대대통령 트럼프 전전 대통령 정치외교학 0 27분 전 인간 사람은 성별상관없이 누구나... ",,tkdtkdgjtkddlagytns1님의 블로그,blog.naver.com/tkdtkdgjtkddlagytns1
느금마,single_term_fallback,느금마,,https://kin.naver.com/myinfo/questionList.naver,20260327,,,,https://blog.naver.com/tkdtkdgjtkddlagytns1/224231689393,naver_blog,느금마,canonical,1.0,2026-05-26T11:15:49.899489+00:00,0,0,0,0,tkdtkdgjtkddlagytns1님의 블로그,"인터넷 0 7분 전 디씨인사이드갤러리에 막말로 <b>느금마</b> 외에... 목록에서 제외 언론, 미디어 관련법 1 10분 전 역대대통령 트럼프 전전 대통령 정치외교학 0 25분 전 인간 사람은 성별상관없이 누구나... ","{""title"": ""https://kin.naver.com/myinfo/questionList.naver"", ""link"": ""https://blog.naver.com/tkdtkdgjtkddlagytns1/224231689393"", ""description"": ""인터넷 0 7분 전 디씨인사이드갤러리에 막말로 <b>느금마</b> 외에... 목록에서 제외 언론, 미디어 관련법 1 10분 전 역대대통령 트럼프 전전 대통령 정치외교학 0 25분 전 인간 사람은 성별상관없이 누구나... "", ""bloggername"": ""tkdtkdgjtkddlagytns1님의 블로그"", ""bloggerlink"": ""blog.naver.com/tkdtkdgjtkddlagytns1"", ""postdate"": ""20260327""}","인터넷 0 7분 전 디씨인사이드갤러리에 막말로 <b>느금마</b> 외에... 목록에서 제외 언론, 미디어 관련법 1 10분 전 역대대통령 트럼프 전전 대통령 정치외교학 0 25분 전 인간 사람은 성별상관없이 누구나... ",,tkdtkdgjtkddlagytns1님의 블로그,blog.naver.com/tkdtkdgjtkddlagytns1
느금마,single_term_fallback,느금마,,https://kin.naver.com/myinfo/questionList.naver,20260327,,,,https://blog.naver.com/tkdtkdgjtkddlagytns1/224231670488,naver_blog,느금마,canonical,1.0,2026-05-26T11:15:49.899489+00:00,0,0,0,0,tkdtkdgjtkddlagytns1님의 블로그,"Q&amp;A 목록 제목 분야 채택 답변 작성일 디씨인사이드갤러리에 막말로 <b>느금마</b> 외에... 언론, 미디어 관련법 0 방금 역대대통령 트럼프 전전 대통령 정치외교학 0 16분 전 인간 사람은 성별상관없이... ","{""title"": ""https://kin.naver.com/myinfo/questionList.naver"", ""link"": ""https://blog.naver.com/tkdtkdgjtkddlagytns1/224231670488"", ""description"": ""Q&amp;A 목록 제목 분야 채택 답변 작성일 디씨인사이드갤러리에 막말로 <b>느금마</b> 외에... 언론, 미디어 관련법 0 방금 역대대통령 트럼프 전전 대통령 정치외교학 0 16분 전 인간 사람은 성별상관없이... "", ""bloggername"": ""tkdtkdgjtkddlagytns1님의 블로그"", ""bloggerlink"": ""blog.naver.com/tkdtkdgjtkddlagytns1"", ""postdate"": ""20260327""}","Q&amp;A 목록 제목 분야 채택 답변 작성일 디씨인사이드갤러리에 막말로 <b>느금마</b> 외에... 언론, 미디어 관련법 0 방금 역대대통령 트럼프 전전 대통령 정치외교학 0 16분 전 인간 사람은 성별상관없이... ",,tkdtkdgjtkddlagytns1님의 블로그,blog.naver.com/tkdtkdgjtkddlagytns1
느금마,single_term_fallback,느금마,,디씨인사이드갤러리에 막말로 <b>느금마</b> 외에 욕을하는... ,20260327,,,,https://blog.naver.com/tkdtkdgjtkddlagytns1/224231669847,naver_blog,느금마,canonical,1.0,2026-05-26T11:15:49.899489+00:00,0,0,0,0,tkdtkdgjtkddlagytns1님의 블로그,디씨인사이드갤러리에 막말로 <b>느금마</b> 외에 욕을하는 유저들도있다 왕과나 갤러리 외에 등등 무시... 막말로 <b>느금마</b> 외에 욕을하는 유저들도있다 왕과나 갤러리 외에 등등 무시 tkdt**** 조회수 1... ,"{""title"": ""디씨인사이드갤러리에 막말로 <b>느금마</b> 외에 욕을하는... "", ""link"": ""https://blog.naver.com/tkdtkdgjtkddlagytns1/224231669847"", ""description"": ""디씨인사이드갤러리에 막말로 <b>느금마</b> 외에 욕을하는 유저들도있다 왕과나 갤러리 외에 등등 무시... 막말로 <b>느금마</b> 외에 욕을하는 유저들도있다 왕과나 갤러리 외에 등등 무시 tkdt**** 조회수 1... "", ""bloggername"": ""tkdtkdgjtkddlagytns1님의 블로그"", ""bloggerlink"": ""blog.naver.com/tkdtkdgjtkddlagytns1"", ""postdate"": ""20260327""}",디씨인사이드갤러리에 막말로 <b>느금마</b> 외에 욕을하는 유저들도있다 왕과나 갤러리 외에 등등 무시... 막말로 <b>느금마</b> 외에 욕을하는 유저들도있다 왕과나 갤러리 외에 등등 무시 tkdt**** 조회수 1... ,,tkdtkdgjtkddlagytns1님의 블로그,blog.naver.com/tkdtkdgjtkddlagytns1
느금마,single_term_fallback,느금마,,&quot;너는 뭔가 행복하지 않았지?&quot;,20260327,,,,https://blog.naver.com/qudwn139/224230856865,naver_blog,느금마,canonical,1.0,2026-05-26T11:15:49.899489+00:00,0,0,0,0,귀찮아,희대의 개씹좆병신1부물로켓<b>느금마</b>앰창타츠키좆버러지영알못씨발호로새끼작품 체인소맨이었으면 개추 ㅋㅋ 위대한 레보스키는 니미 2시간짜리 코미디 영화에 나름 탄탄한 플롯과 IMDB rate 8.1 Top250이... ,"{""title"": ""&quot;너는 뭔가 행복하지 않았지?&quot;"", ""link"": ""https://blog.naver.com/qudwn139/224230856865"", ""description"": ""희대의 개씹좆병신1부물로켓<b>느금마</b>앰창타츠키좆버러지영알못씨발호로새끼작품 체인소맨이었으면 개추 ㅋㅋ 위대한 레보스키는 니미 2시간짜리 코미디 영화에 나름 탄탄한 플롯과 IMDB rate 8.1 Top250이... "", ""bloggername"": ""귀찮아"", ""bloggerlink"": ""blog.naver.com/qudwn139"", ""postdate"": ""20260327""}",희대의 개씹좆병신1부물로켓<b>느금마</b>앰창타츠키좆버러지영알못씨발호로새끼작품 체인소맨이었으면 개추 ㅋㅋ 위대한 레보스키는 니미 2시간짜리 코미디 영화에 나름 탄탄한 플롯과 IMDB rate 8.1 Top250이... ,,귀찮아,blog.naver.com/qudwn139
느금마,single_term_fallback,느금마,,느좋이 <b>느금마</b> 좃인줄 알앗어,20260326,,,,https://blog.naver.com/hiph0piscool/224230764141,naver_blog,느금마,canonical,1.0,2026-05-26T11:15:49.899489+00:00,0,0,0,0,그날을 그대는 기억이나 할까요,3월달이면 학교에 적응해서 공부해야 할 시기인데 왜 제 사진첩에는 초딩처럼 노는 사진들 밖에 없을까요 ㅋ 일단 스카 가서 라이브로 야구 봐주고~ 말도 안되는 경우의 수라서 별 기대 안 하긴 했는데 갑자기... ,"{""title"": ""느좋이 <b>느금마</b> 좃인줄 알앗어"", ""link"": ""https://blog.naver.com/hiph0piscool/224230764141"", ""description"": ""3월달이면 학교에 적응해서 공부해야 할 시기인데 왜 제 사진첩에는 초딩처럼 노는 사진들 밖에 없을까요 ㅋ 일단 스카 가서 라이브로 야구 봐주고~ 말도 안되는 경우의 수라서 별 기대 안 하긴 했는데 갑자기... "", ""bloggername"": ""그날을 그대는 기억이나 할까요"", ""bloggerlink"": ""blog.naver.com/hiph0piscool"", ""postdate"": ""20260326""}",3월달이면 학교에 적응해서 공부해야 할 시기인데 왜 제 사진첩에는 초딩처럼 노는 사진들 밖에 없을까요 ㅋ 일단 스카 가서 라이브로 야구 봐주고~ 말도 안되는 경우의 수라서 별 기대 안 하긴 했는데 갑자기... ,,그날을 그대는 기억이나 할까요,blog.naver.com/hiph0piscool
느금마,single_term_fallback,느금마,,엄마아..,20260326,,,,https://blog.naver.com/elixiroflove_/224230659659,naver_blog,느금마,canonical,1.0,2026-05-26T11:15:49.899489+00:00,0,0,0,0,①,3번더받음ㅎㅎ 화학즈 진영즈 심수즈(예서제외) 예서가 자고있게요 안자고있게요? 민지인권보호를위해서 모자이크합니다 민지야힘내 김승리:씨발 엄마귀욥당ㅎㅎ 인생이<b>느금마</b>같으신분댓글좀요,"{""title"": ""엄마아.."", ""link"": ""https://blog.naver.com/elixiroflove_/224230659659"", ""description"": ""3번더받음ㅎㅎ 화학즈 진영즈 심수즈(예서제외) 예서가 자고있게요 안자고있게요? 민지인권보호를위해서 모자이크합니다 민지야힘내 김승리:씨발 엄마귀욥당ㅎㅎ 인생이<b>느금마</b>같으신분댓글좀요"", ""bloggername"": ""①"", ""bloggerlink"": ""blog.naver.com/elixiroflove_"", ""postdate"": ""20260326""}",3번더받음ㅎㅎ 화학즈 진영즈 심수즈(예서제외) 예서가 자고있게요 안자고있게요? 민지인권보호를위해서 모자이크합니다 민지야힘내 김승리:씨발 엄마귀욥당ㅎㅎ 인생이<b>느금마</b>같으신분댓글좀요,,①,blog.naver.com/elixiroflove_
느금마,single_term_fallback,느금마,,학교폭력 패드립 모욕죄 고소 가능합니다,20260326,,,,https://blog.naver.com/popular13903/224230527051,naver_blog,느금마,canonical,1.0,2026-05-26T11:15:49.899489+00:00,0,0,0,0,다음 승소는 여러분의 차례,"&quot;<b>느금마</b>...&quot;, &quot;니네 아빠...&quot; 입에 담기도 민망한 이런 발언들이 학교 현장에서는 '놀이'라는 이름으로 소비되고 있습니다. 하지만 자녀로부터 이런 학교폭력 패드립을 들었다는 이야기를 듣게 된 부모님의 심정은... ","{""title"": ""학교폭력 패드립 모욕죄 고소 가능합니다"", ""link"": ""https://blog.naver.com/popular13903/224230527051"", ""description"": ""&quot;<b>느금마</b>...&quot;, &quot;니네 아빠...&quot; 입에 담기도 민망한 이런 발언들이 학교 현장에서는 '놀이'라는 이름으로 소비되고 있습니다. 하지만 자녀로부터 이런 학교폭력 패드립을 들었다는 이야기를 듣게 된 부모님의 심정은... "", ""bloggername"": ""다음 승소는 여러분의 차례"", ""bloggerlink"": ""blog.naver.com/popular13903"", ""postdate"": ""20260326""}","&quot;<b>느금마</b>...&quot;, &quot;니네 아빠...&quot; 입에 담기도 민망한 이런 발언들이 학교 현장에서는 '놀이'라는 이름으로 소비되고 있습니다. 하지만 자녀로부터 이런 학교폭력 패드립을 들었다는 이야기를 듣게 된 부모님의 심정은... ",,다음 승소는 여러분의 차례,blog.naver.com/popular13903
느금마,single_term_fallback,느금마,,Your mom did.,20260325,,,,https://blog.naver.com/rxiv/224229447207,naver_blog,느금마,canonical,1.0,2026-05-26T11:15:49.899489+00:00,0,0,0,0,서울 개인택시 블로그,https://www.youtube.com/watch?v=6X9umFpUY20 <b>느금마</b> ㅋㅋㅋㅋㅋㅋㅋㅋㅋㅋㅋㅋㅋㅋㅋㅋㅋㅋㅋㅋㅋㅋㅋㅋㅋㅋㅋㅋㅋㅋㅋㅋㅋㅋ,"{""title"": ""Your mom did."", ""link"": ""https://blog.naver.com/rxiv/224229447207"", ""description"": ""https://www.youtube.com/watch?v=6X9umFpUY20 <b>느금마</b> ㅋㅋㅋㅋㅋㅋㅋㅋㅋㅋㅋㅋㅋㅋㅋㅋㅋㅋㅋㅋㅋㅋㅋㅋㅋㅋㅋㅋㅋㅋㅋㅋㅋㅋ"", ""bloggername"": ""서울 개인택시 블로그"", ""bloggerlink"": ""blog.naver.com/rxiv"", ""postdate"": ""20260325""}",https://www.youtube.com/watch?v=6X9umFpUY20 <b>느금마</b> ㅋㅋㅋㅋㅋㅋㅋㅋㅋㅋㅋㅋㅋㅋㅋㅋㅋㅋㅋㅋㅋㅋㅋㅋㅋㅋㅋㅋㅋㅋㅋㅋㅋㅋ,,서울 개인택시 블로그,blog.naver.com/rxiv
느금마,single_term_fallback,느금마,,<b>느금마</b> 희선이 느그아빠 기철이,20260324,,,,https://blog.naver.com/ihopesogod0691/224227989494,naver_blog,느금마,canonical,1.0,2026-05-26T11:15:49.899489+00:00,0,0,0,0,맛집탐구하는 블린이,세엑수,"{""title"": ""<b>느금마</b> 희선이 느그아빠 기철이"", ""link"": ""https://blog.naver.com/ihopesogod0691/224227989494"", ""description"": ""세엑수"", ""bloggername"": ""맛집탐구하는 블린이"", ""bloggerlink"": ""blog.naver.com/ihopesogod0691"", ""postdate"": ""20260324""}",세엑수,,맛집탐구하는 블린이,blog.naver.com/ihopesogod0691
느금마,single_term_fallback,느금마,,<b>느금마</b> 사용한 공식 1호 아이돌.jpg,20260324,,,,https://blog.naver.com/reseria/224226567512,naver_blog,느금마,canonical,1.0,2026-05-26T11:15:49.899489+00:00,0,0,0,0,레세리아의 일상,<b>느금마</b> 사용한 공식 1호 아이돌.jpg,"{""title"": ""<b>느금마</b> 사용한 공식 1호 아이돌.jpg"", ""link"": ""https://blog.naver.com/reseria/224226567512"", ""description"": ""<b>느금마</b> 사용한 공식 1호 아이돌.jpg"", ""bloggername"": ""레세리아의 일상"", ""bloggerlink"": ""blog.naver.com/reseria"", ""postdate"": ""20260324""}",<b>느금마</b> 사용한 공식 1호 아이돌.jpg,,레세리아의 일상,blog.naver.com/reseria
느금마,single_term_fallback,느금마,,데판야키,20260323,,,,https://blog.naver.com/xdprp/224226030150,naver_blog,느금마,canonical,1.0,2026-05-26T11:15:49.899489+00:00,0,0,0,0,私はまだ真っ青に若いにもかかわらず。,<b>느금마</b>크크,"{""title"": ""데판야키"", ""link"": ""https://blog.naver.com/xdprp/224226030150"", ""description"": ""<b>느금마</b>크크"", ""bloggername"": ""私はまだ真っ青に若いにもかかわらず。"", ""bloggerlink"": ""blog.naver.com/xdprp"", ""postdate"": ""20260323""}",<b>느금마</b>크크,,私はまだ真っ青に若いにもかかわらず。,blog.naver.com/xdprp
느금마,single_term_fallback,느금마,,"인스타그램 댓글로 인한 고소 가능성, 어떻게 되는 걸까?",20260321,,,,https://blog.naver.com/high-speed/224224962060,naver_blog,느금마,canonical,1.0,2026-05-26T11:15:49.899489+00:00,0,0,0,0,High-Speed Design House,"예를 들어, 친구가 &quot;<b>느금마</b>&quot;라는 단어를 사용하였다고 하더라도, 이는 일상적인 언어 사용으로 해석될 가능성이 높아 고소의 대상이 되기 어려울 것입니다. 법원이 이와 같은 케이스를 어떻게 해석하느냐에... ","{""title"": ""인스타그램 댓글로 인한 고소 가능성, 어떻게 되는 걸까?"", ""link"": ""https://blog.naver.com/high-speed/224224962060"", ""description"": ""예를 들어, 친구가 &quot;<b>느금마</b>&quot;라는 단어를 사용하였다고 하더라도, 이는 일상적인 언어 사용으로 해석될 가능성이 높아 고소의 대상이 되기 어려울 것입니다. 법원이 이와 같은 케이스를 어떻게 해석하느냐에... "", ""bloggername"": ""High-Speed Design House"", ""bloggerlink"": ""blog.naver.com/high-speed"", ""postdate"": ""20260321""}","예를 들어, 친구가 &quot;<b>느금마</b>&quot;라는 단어를 사용하였다고 하더라도, 이는 일상적인 언어 사용으로 해석될 가능성이 높아 고소의 대상이 되기 어려울 것입니다. 법원이 이와 같은 케이스를 어떻게 해석하느냐에... ",,High-Speed Design House,blog.naver.com/high-speed
느금마,single_term_fallback,느금마,,[일반] 코스피 존나 비정상 개거품 맞음,20260321,,,,https://blog.naver.com/jojori_/224224294820,naver_blog,느금마,canonical,1.0,2026-05-26T11:15:49.899489+00:00,0,0,0,0,나야 재테크,응 오르는게 올라 <b>느금마</b> 매수 하는 레벨. 전형적인 국장다운 국장으로 복귀중 정 올리더라도 저새끼들 반토막내고 삼하만 오르던지 해야맞음  실시간 댓글 현황,"{""title"": ""[일반] 코스피 존나 비정상 개거품 맞음"", ""link"": ""https://blog.naver.com/jojori_/224224294820"", ""description"": ""응 오르는게 올라 <b>느금마</b> 매수 하는 레벨. 전형적인 국장다운 국장으로 복귀중 정 올리더라도 저새끼들 반토막내고 삼하만 오르던지 해야맞음  실시간 댓글 현황"", ""bloggername"": ""나야 재테크"", ""bloggerlink"": ""blog.naver.com/jojori_"", ""postdate"": ""20260321""}",응 오르는게 올라 <b>느금마</b> 매수 하는 레벨. 전형적인 국장다운 국장으로 복귀중 정 올리더라도 저새끼들 반토막내고 삼하만 오르던지 해야맞음  실시간 댓글 현황,,나야 재테크,blog.naver.com/jojori_
느금마,single_term_fallback,느금마,,<b>느금마</b> 포켓몬스터 가방 메고 나갔다가 니친구들한테,20260318,,,,https://blog.naver.com/ihopesogod0691/224220837181,naver_blog,느금마,canonical,1.0,2026-05-26T11:15:49.899489+00:00,0,0,0,0,맛집탐구하는 블린이,술쳐먹고 오바이트 하면서 엎혀옴,"{""title"": ""<b>느금마</b> 포켓몬스터 가방 메고 나갔다가 니친구들한테"", ""link"": ""https://blog.naver.com/ihopesogod0691/224220837181"", ""description"": ""술쳐먹고 오바이트 하면서 엎혀옴"", ""bloggername"": ""맛집탐구하는 블린이"", ""bloggerlink"": ""blog.naver.com/ihopesogod0691"", ""postdate"": ""20260318""}",술쳐먹고 오바이트 하면서 엎혀옴,,맛집탐구하는 블린이,blog.naver.com/ihopesogod0691
느금마,single_term_fallback,느금마,,의도,20260317,,,,https://blog.naver.com/simyeo05n/224219703151,naver_blog,느금마,canonical,1.0,2026-05-26T11:15:49.899489+00:00,0,0,0,0,"오, 시며 블로그.","<b>느금마</b>=너엄마없음=맞는말=나=어떻게아셨냐고묻는다.(비꼼 아님,진짜 순수하게 풀이가 궁금한 교수님됨) 정신병자사이코패스=맞는말=나=좋은거=감사합니다를박는다. 시발놈아=내기분이안좋고니를욕하겠다... ","{""title"": ""의도"", ""link"": ""https://blog.naver.com/simyeo05n/224219703151"", ""description"": ""<b>느금마</b>=너엄마없음=맞는말=나=어떻게아셨냐고묻는다.(비꼼 아님,진짜 순수하게 풀이가 궁금한 교수님됨) 정신병자사이코패스=맞는말=나=좋은거=감사합니다를박는다. 시발놈아=내기분이안좋고니를욕하겠다... "", ""bloggername"": ""오, 시며 블로그."", ""bloggerlink"": ""blog.naver.com/simyeo05n"", ""postdate"": ""20260317""}","<b>느금마</b>=너엄마없음=맞는말=나=어떻게아셨냐고묻는다.(비꼼 아님,진짜 순수하게 풀이가 궁금한 교수님됨) 정신병자사이코패스=맞는말=나=좋은거=감사합니다를박는다. 시발놈아=내기분이안좋고니를욕하겠다... ",,"오, 시며 블로그.",blog.naver.com/simyeo05n
느금마,single_term_fallback,느금마,,지옥 가면 플레이 안 한 팩들 다 비벼 먹어야 함,20260316,,,,https://blog.naver.com/ssibal_girl_/224217621852,naver_blog,느금마,canonical,1.0,2026-05-26T11:15:49.899489+00:00,0,0,0,0,"Face to face, toe to toe",터지지 <b>느금마</b> 플레이스 같은 거 들이밀지 세이브 새로 파야 반영해 준다고 협박해대지 아휴 환장해♀️ 딴 건 다 치우더라도 갤러리 문제가 심각해서 예쁜 새 집도 못 찾아 주는데? 문제는? 새 집 찾아 주기로... ,"{""title"": ""지옥 가면 플레이 안 한 팩들 다 비벼 먹어야 함"", ""link"": ""https://blog.naver.com/ssibal_girl_/224217621852"", ""description"": ""터지지 <b>느금마</b> 플레이스 같은 거 들이밀지 세이브 새로 파야 반영해 준다고 협박해대지 아휴 환장해♀️ 딴 건 다 치우더라도 갤러리 문제가 심각해서 예쁜 새 집도 못 찾아 주는데? 문제는? 새 집 찾아 주기로... "", ""bloggername"": ""Face to face, toe to toe"", ""bloggerlink"": ""blog.naver.com/ssibal_girl_"", ""postdate"": ""20260316""}",터지지 <b>느금마</b> 플레이스 같은 거 들이밀지 세이브 새로 파야 반영해 준다고 협박해대지 아휴 환장해♀️ 딴 건 다 치우더라도 갤러리 문제가 심각해서 예쁜 새 집도 못 찾아 주는데? 문제는? 새 집 찾아 주기로... ,,"Face to face, toe to toe",blog.naver.com/ssibal_girl_
느금마,single_term_fallback,느금마,,내 소신껏 푸는 WBC 소감문 - 도미니카 공화국전,20260314,,,,https://blog.naver.com/t0xicc/224216063410,naver_blog,느금마,canonical,1.0,2026-05-26T11:15:49.899489+00:00,0,0,0,0,TrashLanD,<b>느금마</b>요 씹새들아. 좆도 모르면서 제발 깝치지 마세요. 자칭 잘알새끼들 아가리 싸물게 만들 수 있어서 참 만족스러운 대회였다. 물론 그래도 깔 놈은 까겠지. 근데 이런 좆병신들은 먹이주기도 아까운... ,"{""title"": ""내 소신껏 푸는 WBC 소감문 - 도미니카 공화국전"", ""link"": ""https://blog.naver.com/t0xicc/224216063410"", ""description"": ""<b>느금마</b>요 씹새들아. 좆도 모르면서 제발 깝치지 마세요. 자칭 잘알새끼들 아가리 싸물게 만들 수 있어서 참 만족스러운 대회였다. 물론 그래도 깔 놈은 까겠지. 근데 이런 좆병신들은 먹이주기도 아까운... "", ""bloggername"": ""TrashLanD"", ""bloggerlink"": ""blog.naver.com/t0xicc"", ""postdate"": ""20260314""}",<b>느금마</b>요 씹새들아. 좆도 모르면서 제발 깝치지 마세요. 자칭 잘알새끼들 아가리 싸물게 만들 수 있어서 참 만족스러운 대회였다. 물론 그래도 깔 놈은 까겠지. 근데 이런 좆병신들은 먹이주기도 아까운... ,,TrashLanD,blog.naver.com/t0xicc
느금마,single_term_fallback,느금마,,김어준이 파워가 존나 쌔긴 쌔나보다,20260314,,,,https://blog.naver.com/nicole9262/224216040594,naver_blog,느금마,canonical,1.0,2026-05-26T11:15:49.899489+00:00,0,0,0,0,반병신,민잣당 새퀴들 약점 다 가지고 있을거다.추천2 비추0 신고 창백한푸른점 2026.03.14 09:52:35 과연 누가 뒤질까?추천0 비추0 신고 <b>느금마</b>대깨문 2026.03.14 10:30:14 난 첨에 보고 느낀점 노숙자... ,"{""title"": ""김어준이 파워가 존나 쌔긴 쌔나보다"", ""link"": ""https://blog.naver.com/nicole9262/224216040594"", ""description"": ""민잣당 새퀴들 약점 다 가지고 있을거다.추천2 비추0 신고 창백한푸른점 2026.03.14 09:52:35 과연 누가 뒤질까?추천0 비추0 신고 <b>느금마</b>대깨문 2026.03.14 10:30:14 난 첨에 보고 느낀점 노숙자... "", ""bloggername"": ""반병신"", ""bloggerlink"": ""blog.naver.com/nicole9262"", ""postdate"": ""20260314""}",민잣당 새퀴들 약점 다 가지고 있을거다.추천2 비추0 신고 창백한푸른점 2026.03.14 09:52:35 과연 누가 뒤질까?추천0 비추0 신고 <b>느금마</b>대깨문 2026.03.14 10:30:14 난 첨에 보고 느낀점 노숙자... ,,반병신,blog.naver.com/nicole9262
느금마,single_term_fallback,느금마,,파주엄마손만두,20260312,,,,https://blog.naver.com/jky820116/224213676847,naver_blog,느금마,canonical,1.0,2026-05-26T11:15:49.899489+00:00,0,0,0,0,내 창고,"[보기]에 찍힌 사진에 <b>느금마</b>엔터테인먼트에서 <b>느금마</b>께서 직접 손수 짜서 만들고 찰칵된 만두 그림이 있습니다. 파주에 계신 <b>느금마</b>가 손만두 만드셨고, 느개비가 드셨습니다. 그러하다면 느금과 느갭이가... ","{""title"": ""파주엄마손만두"", ""link"": ""https://blog.naver.com/jky820116/224213676847"", ""description"": ""[보기]에 찍힌 사진에 <b>느금마</b>엔터테인먼트에서 <b>느금마</b>께서 직접 손수 짜서 만들고 찰칵된 만두 그림이 있습니다. 파주에 계신 <b>느금마</b>가 손만두 만드셨고, 느개비가 드셨습니다. 그러하다면 느금과 느갭이가... "", ""bloggername"": ""내 창고"", ""bloggerlink"": ""blog.naver.com/jky820116"", ""postdate"": ""20260312""}","[보기]에 찍힌 사진에 <b>느금마</b>엔터테인먼트에서 <b>느금마</b>께서 직접 손수 짜서 만들고 찰칵된 만두 그림이 있습니다. 파주에 계신 <b>느금마</b>가 손만두 만드셨고, 느개비가 드셨습니다. 그러하다면 느금과 느갭이가... ",,내 창고,blog.naver.com/jky820116
느금마,single_term_fallback,느금마,,왜간여자,20260310,,,,https://blog.naver.com/dayoung070226/224211612848,naver_blog,느금마,canonical,1.0,2026-05-26T11:15:49.899489+00:00,0,0,0,0,die好き,하면 다들 놀람ㅋ 응<b>느금마</b> 요오즘 유행하는 라부부 2탄인가 뭐 그거 아~참고로 여기는 팝마트가있어서 라부부가 흔해빠져잇음~ㅋㅋ 데핛가자. 엄마가 내가 사는곳이 어딘지모르더라 그래서 그... ,"{""title"": ""왜간여자"", ""link"": ""https://blog.naver.com/dayoung070226/224211612848"", ""description"": ""하면 다들 놀람ㅋ 응<b>느금마</b> 요오즘 유행하는 라부부 2탄인가 뭐 그거 아~참고로 여기는 팝마트가있어서 라부부가 흔해빠져잇음~ㅋㅋ 데핛가자. 엄마가 내가 사는곳이 어딘지모르더라 그래서 그... "", ""bloggername"": ""die好き"", ""bloggerlink"": ""blog.naver.com/dayoung070226"", ""postdate"": ""20260310""}",하면 다들 놀람ㅋ 응<b>느금마</b> 요오즘 유행하는 라부부 2탄인가 뭐 그거 아~참고로 여기는 팝마트가있어서 라부부가 흔해빠져잇음~ㅋㅋ 데핛가자. 엄마가 내가 사는곳이 어딘지모르더라 그래서 그... ,,die好き,blog.naver.com/dayoung070226
